ID_Recinto Hora dia Mes Presión_saturacion x_set_min x_set_max x_int_aire G_HU G_DHU 
1.000000 1.000000 1.000000 1.000000 2893.706574 0.004473 0.010844 0.000000 0.000000 0.000000
1.000000 2.000000 1.000000 1.000000 2651.066830 0.004095 0.009920 0.000000 0.000000 -0.000000
1.000000 3.000000 1.000000 1.000000 2466.005959 0.003808 0.009217 0.000000 0.000000 -0.000000
1.000000 4.000000 1.000000 1.000000 2323.675831 0.003587 0.008678 0.000000 0.000000 -0.000000
1.000000 5.000000 1.000000 1.000000 2190.155406 0.003379 0.008173 0.000000 0.000000 -0.000000
1.000000 6.000000 1.000000 1.000000 2057.478127 0.003174 0.007672 0.000000 0.000000 -0.000000
1.000000 7.000000 1.000000 1.000000 1971.254051 0.003040 0.007346 0.000000 0.000000 -0.000000
1.000000 8.000000 1.000000 1.000000 2784.789918 0.004303 0.010429 0.010429 0.000000 -747.624049
1.000000 9.000000 1.000000 1.000000 3617.041488 0.005601 0.013614 0.012273 0.000000 0.000000
1.000000 10.000000 1.000000 1.000000 3012.729437 0.004658 0.011298 0.011298 0.000000 -1464.498272
1.000000 11.000000 1.000000 1.000000 2732.585620 0.004222 0.010230 0.010230 0.000000 -2428.958692
1.000000 12.000000 1.000000 1.000000 3084.164454 0.004769 0.011571 0.011571 0.000000 -1017.625739
1.000000 13.000000 1.000000 1.000000 3525.276050 0.005458 0.013261 0.012312 0.000000 0.000000
1.000000 14.000000 1.000000 1.000000 3976.719612 0.006163 0.015000 0.012773 0.000000 0.000000
1.000000 15.000000 1.000000 1.000000 11845.569724 0.018726 0.046921 0.018726 5539.022917 0.000000
1.000000 16.000000 1.000000 1.000000 28301.423857 0.046694 0.125226 0.046694 28007.091761 0.000000
1.000000 17.000000 1.000000 1.000000 45020.315424 0.077725 0.226093 0.077725 51282.988633 0.000000
1.000000 18.000000 1.000000 1.000000 51634.737454 0.090811 0.273940 0.090811 59815.921793 0.000000
1.000000 19.000000 1.000000 1.000000 95109.690731 0.190716 0.801979 0.000000 0.000000 0.000000
1.000000 20.000000 1.000000 1.000000 40227.993682 0.068539 0.194500 0.000000 0.000000 0.000000
1.000000 21.000000 1.000000 1.000000 5120.173740 0.007958 0.019448 0.000000 0.000000 -0.000000
1.000000 22.000000 1.000000 1.000000 3950.255055 0.006122 0.014898 0.000000 0.000000 -0.000000
1.000000 23.000000 1.000000 1.000000 3457.972292 0.005352 0.013003 0.000000 0.000000 0.000000
1.000000 24.000000 1.000000 1.000000 3095.784654 0.004788 0.011615 0.000000 0.000000 0.000000
1.000000 1.000000 2.000000 1.000000 2799.936965 0.004327 0.010487 0.000000 0.000000 -0.000000
1.000000 2.000000 2.000000 1.000000 2587.938816 0.003997 0.009680 0.000000 0.000000 -0.000000
1.000000 3.000000 2.000000 1.000000 2434.076103 0.003758 0.009096 0.000000 0.000000 -0.000000
1.000000 4.000000 2.000000 1.000000 2301.157945 0.003552 0.008593 0.000000 0.000000 -0.000000
1.000000 5.000000 2.000000 1.000000 2183.719776 0.003369 0.008148 0.000000 0.000000 -0.000000
1.000000 6.000000 2.000000 1.000000 2063.970592 0.003184 0.007696 0.000000 0.000000 -0.000000
1.000000 7.000000 2.000000 1.000000 1994.548120 0.003076 0.007434 0.000000 0.000000 -0.000000
1.000000 8.000000 2.000000 1.000000 2727.827216 0.004215 0.010212 0.010212 0.000000 -1372.626777
1.000000 9.000000 2.000000 1.000000 3645.918944 0.005646 0.013725 0.012608 0.000000 0.000000
1.000000 10.000000 2.000000 1.000000 2972.427702 0.004595 0.011144 0.011144 0.000000 -1427.504704
1.000000 11.000000 2.000000 1.000000 2811.766479 0.004345 0.010532 0.010532 0.000000 -2591.262509
1.000000 12.000000 2.000000 1.000000 3180.877888 0.004920 0.011941 0.011941 0.000000 -1157.942152
1.000000 13.000000 2.000000 1.000000 3598.390622 0.005572 0.013542 0.013112 0.000000 0.000000
1.000000 14.000000 2.000000 1.000000 4028.220386 0.006244 0.015199 0.013268 0.000000 0.000000
1.000000 15.000000 2.000000 1.000000 11947.456559 0.018892 0.047355 0.018892 5134.035092 0.000000
1.000000 16.000000 2.000000 1.000000 28728.401491 0.047452 0.127503 0.047452 28063.662655 0.000000
1.000000 17.000000 2.000000 1.000000 45554.081114 0.078763 0.229763 0.078763 51839.440861 0.000000
1.000000 18.000000 2.000000 1.000000 52256.808817 0.092067 0.278719 0.092067 60670.294977 0.000000
1.000000 19.000000 2.000000 1.000000 96110.966844 0.193348 0.821574 0.000000 0.000000 0.000000
1.000000 20.000000 2.000000 1.000000 40736.529047 0.069503 0.197740 0.000000 0.000000 0.000000
1.000000 21.000000 2.000000 1.000000 5123.251927 0.007963 0.019460 0.000000 0.000000 -0.000000
1.000000 22.000000 2.000000 1.000000 3958.829836 0.006135 0.014931 0.000000 0.000000 -0.000000
1.000000 23.000000 2.000000 1.000000 3476.094959 0.005381 0.013072 0.000000 0.000000 0.000000
1.000000 24.000000 2.000000 1.000000 3076.368251 0.004757 0.011541 0.000000 0.000000 -0.000000
1.000000 1.000000 3.000000 1.000000 2800.188134 0.004327 0.010488 0.000000 0.000000 -0.000000
1.000000 2.000000 3.000000 1.000000 2560.912108 0.003955 0.009578 0.000000 0.000000 -0.000000
1.000000 3.000000 3.000000 1.000000 2359.536467 0.003642 0.008814 0.000000 0.000000 -0.000000
1.000000 4.000000 3.000000 1.000000 2194.862408 0.003387 0.008191 0.000000 0.000000 -0.000000
1.000000 5.000000 3.000000 1.000000 2067.339198 0.003189 0.007709 0.000000 0.000000 -0.000000
1.000000 6.000000 3.000000 1.000000 1940.414519 0.002992 0.007230 0.000000 0.000000 -0.000000
1.000000 7.000000 3.000000 1.000000 1869.015815 0.002882 0.006961 0.000000 0.000000 -0.000000
1.000000 8.000000 3.000000 1.000000 2560.091549 0.003954 0.009574 0.000000 0.000000 -0.000000
1.000000 9.000000 3.000000 1.000000 3765.327643 0.005833 0.014185 0.000000 0.000000 -0.000000
1.000000 10.000000 3.000000 1.000000 5611.133305 0.008732 0.021377 0.000000 0.000000 -0.000000
1.000000 11.000000 3.000000 1.000000 7837.297283 0.012265 0.030271 0.000000 0.000000 -0.000000
1.000000 12.000000 3.000000 1.000000 9094.016508 0.014277 0.035401 0.000000 0.000000 -0.000000
1.000000 13.000000 3.000000 1.000000 10518.245192 0.016572 0.041314 0.000000 0.000000 0.000000
1.000000 14.000000 3.000000 1.000000 11984.240190 0.018952 0.047512 0.000000 0.000000 0.000000
1.000000 15.000000 3.000000 1.000000 35774.987832 0.060218 0.167183 0.000000 0.000000 0.000000
1.000000 16.000000 3.000000 1.000000 85963.035032 0.167438 0.644889 0.000000 0.000000 0.000000
1.000000 17.000000 3.000000 1.000000 136878.477847 0.317182 2.660865 0.000000 0.000000 0.000000
1.000000 18.000000 3.000000 1.000000 159141.870626 0.402125 10.170033 0.000000 0.000000 0.000000
1.000000 19.000000 3.000000 1.000000 108991.325032 0.228790 1.132072 0.000000 0.000000 0.000000
1.000000 20.000000 3.000000 1.000000 44471.173527 0.076660 0.222349 0.000000 0.000000 0.000000
1.000000 21.000000 3.000000 1.000000 5692.834729 0.008861 0.021699 0.000000 0.000000 -0.000000
1.000000 22.000000 3.000000 1.000000 4322.484827 0.006705 0.016339 0.000000 0.000000 -0.000000
1.000000 23.000000 3.000000 1.000000 3733.304936 0.005783 0.014061 0.000000 0.000000 0.000000
1.000000 24.000000 3.000000 1.000000 3310.709927 0.005123 0.012438 0.000000 0.000000 0.000000
1.000000 1.000000 4.000000 1.000000 2978.274442 0.004604 0.011167 0.000000 0.000000 -0.000000
1.000000 2.000000 4.000000 1.000000 2718.990552 0.004201 0.010178 0.000000 0.000000 -0.000000
1.000000 3.000000 4.000000 1.000000 2523.672233 0.003897 0.009436 0.000000 0.000000 -0.000000
1.000000 4.000000 4.000000 1.000000 2346.558614 0.003622 0.008765 0.000000 0.000000 -0.000000
1.000000 5.000000 4.000000 1.000000 2210.959815 0.003412 0.008251 0.000000 0.000000 -0.000000
1.000000 6.000000 4.000000 1.000000 2073.841981 0.003199 0.007733 0.000000 0.000000 -0.000000
1.000000 7.000000 4.000000 1.000000 2012.391174 0.003104 0.007501 0.000000 0.000000 -0.000000
1.000000 8.000000 4.000000 1.000000 2769.830826 0.004280 0.010372 0.000000 0.000000 -0.000000
1.000000 9.000000 4.000000 1.000000 4039.095829 0.006261 0.015241 0.000000 0.000000 -0.000000
1.000000 10.000000 4.000000 1.000000 6009.034853 0.009361 0.022949 0.000000 0.000000 -0.000000
1.000000 11.000000 4.000000 1.000000 8248.326920 0.012921 0.031940 0.000000 0.000000 0.000000
1.000000 12.000000 4.000000 1.000000 9405.166174 0.014777 0.036684 0.000000 0.000000 -0.000000
1.000000 13.000000 4.000000 1.000000 10779.409161 0.016995 0.042410 0.000000 0.000000 0.000000
1.000000 14.000000 4.000000 1.000000 12221.192485 0.019339 0.048525 0.000000 0.000000 0.000000
1.000000 15.000000 4.000000 1.000000 36091.433885 0.060803 0.169064 0.000000 0.000000 0.000000
1.000000 16.000000 4.000000 1.000000 86726.721670 0.169330 0.656666 0.000000 0.000000 0.000000
1.000000 17.000000 4.000000 1.000000 138233.646019 0.321947 2.806055 0.000000 0.000000 0.000000
1.000000 18.000000 4.000000 1.000000 160722.100064 0.408742 12.261790 0.000000 0.000000 0.000000
1.000000 19.000000 4.000000 1.000000 109065.745814 0.229004 1.134254 0.000000 0.000000 0.000000
1.000000 20.000000 4.000000 1.000000 44344.544189 0.076415 0.221490 0.000000 0.000000 0.000000
1.000000 21.000000 4.000000 1.000000 5674.351684 0.008832 0.021626 0.000000 0.000000 -0.000000
1.000000 22.000000 4.000000 1.000000 4326.635891 0.006712 0.016355 0.000000 0.000000 -0.000000
1.000000 23.000000 4.000000 1.000000 3755.435078 0.005817 0.014147 0.000000 0.000000 0.000000
1.000000 24.000000 4.000000 1.000000 3348.982276 0.005182 0.012585 0.000000 0.000000 -0.000000
1.000000 1.000000 5.000000 1.000000 3024.162779 0.004676 0.011342 0.000000 0.000000 -0.000000
1.000000 2.000000 5.000000 1.000000 2771.092212 0.004282 0.010377 0.000000 0.000000 -0.000000
1.000000 3.000000 5.000000 1.000000 2568.011195 0.003966 0.009605 0.000000 0.000000 -0.000000
1.000000 4.000000 5.000000 1.000000 2395.698331 0.003698 0.008951 0.000000 0.000000 -0.000000
1.000000 5.000000 5.000000 1.000000 2259.037352 0.003486 0.008433 0.000000 0.000000 -0.000000
1.000000 6.000000 5.000000 1.000000 2138.541618 0.003299 0.007978 0.000000 0.000000 -0.000000
1.000000 7.000000 5.000000 1.000000 2067.619006 0.003189 0.007710 0.000000 0.000000 -0.000000
1.000000 8.000000 5.000000 1.000000 2700.842637 0.004173 0.010109 0.010109 0.000000 -1105.799055
1.000000 9.000000 5.000000 1.000000 3652.110886 0.005656 0.013749 0.012246 0.000000 0.000000
1.000000 10.000000 5.000000 1.000000 2953.201911 0.004565 0.011071 0.011071 0.000000 -1313.949372
1.000000 11.000000 5.000000 1.000000 2769.928320 0.004280 0.010372 0.010372 0.000000 -2089.983796
1.000000 12.000000 5.000000 1.000000 3106.652271 0.004804 0.011657 0.011657 0.000000 -802.533486
1.000000 13.000000 5.000000 1.000000 3529.574767 0.005464 0.013278 0.012137 0.000000 0.000000
1.000000 14.000000 5.000000 1.000000 3954.649119 0.006129 0.014915 0.012688 0.000000 0.000000
1.000000 15.000000 5.000000 1.000000 11657.110317 0.018420 0.046119 0.018420 5126.145736 0.000000
1.000000 16.000000 5.000000 1.000000 27926.932571 0.046030 0.123241 0.046030 28349.362206 0.000000
1.000000 17.000000 5.000000 1.000000 44181.901809 0.076100 0.220390 0.076100 49963.664732 0.000000
1.000000 18.000000 5.000000 1.000000 50359.424687 0.088250 0.264299 0.088250 57868.683521 0.000000
1.000000 19.000000 5.000000 1.000000 92495.186125 0.183923 0.753236 0.000000 0.000000 0.000000
1.000000 20.000000 5.000000 1.000000 38825.515878 0.065897 0.185694 0.000000 0.000000 0.000000
1.000000 21.000000 5.000000 1.000000 4880.012445 0.007580 0.018509 0.000000 0.000000 -0.000000
1.000000 22.000000 5.000000 1.000000 3744.734287 0.005801 0.014105 0.000000 0.000000 -0.000000
1.000000 23.000000 5.000000 1.000000 3274.096954 0.005066 0.012298 0.000000 0.000000 0.000000
1.000000 24.000000 5.000000 1.000000 2905.731499 0.004492 0.010890 0.000000 0.000000 -0.000000
1.000000 1.000000 6.000000 1.000000 2643.315641 0.004083 0.009891 0.000000 0.000000 -0.000000
1.000000 2.000000 6.000000 1.000000 2461.339289 0.003800 0.009200 0.000000 0.000000 -0.000000
1.000000 3.000000 6.000000 1.000000 2291.811463 0.003537 0.008557 0.000000 0.000000 -0.000000
1.000000 4.000000 6.000000 1.000000 2154.314872 0.003324 0.008037 0.000000 0.000000 -0.000000
1.000000 5.000000 6.000000 1.000000 2063.720319 0.003183 0.007695 0.000000 0.000000 -0.000000
1.000000 6.000000 6.000000 1.000000 1978.788231 0.003052 0.007375 0.000000 0.000000 -0.000000
1.000000 7.000000 6.000000 1.000000 1936.737825 0.002987 0.007216 0.000000 0.000000 -0.000000
1.000000 8.000000 6.000000 1.000000 2771.040601 0.004282 0.010377 0.009995 0.000000 0.000000
1.000000 9.000000 6.000000 1.000000 3672.589808 0.005688 0.013828 0.011137 0.000000 0.000000
1.000000 10.000000 6.000000 1.000000 3023.674370 0.004675 0.011340 0.011340 0.000000 -101.934369
1.000000 11.000000 6.000000 1.000000 2667.096514 0.004120 0.009981 0.009981 0.000000 -1450.305458
1.000000 12.000000 6.000000 1.000000 3059.381642 0.004731 0.011476 0.011476 0.000000 -471.373383
1.000000 13.000000 6.000000 1.000000 3546.643882 0.005491 0.013343 0.011051 0.000000 0.000000
1.000000 14.000000 6.000000 1.000000 3978.114824 0.006166 0.015006 0.011289 0.000000 0.000000
1.000000 15.000000 6.000000 1.000000 11779.528648 0.018619 0.046640 0.018619 6938.697476 0.000000
1.000000 16.000000 6.000000 1.000000 28156.906898 0.046438 0.124459 0.046438 28562.623119 0.000000
1.000000 17.000000 6.000000 1.000000 44496.496255 0.076709 0.222521 0.076709 51123.628183 0.000000
1.000000 18.000000 6.000000 1.000000 51221.775992 0.089980 0.270795 0.089980 60134.656157 0.000000
1.000000 19.000000 6.000000 1.000000 94002.062307 0.187824 0.780913 0.000000 0.000000 0.000000
1.000000 20.000000 6.000000 1.000000 39590.898537 0.067336 0.190476 0.000000 0.000000 0.000000
1.000000 21.000000 6.000000 1.000000 4958.375894 0.007704 0.018815 0.000000 0.000000 -0.000000
1.000000 22.000000 6.000000 1.000000 3799.443653 0.005886 0.014316 0.000000 0.000000 -0.000000
1.000000 23.000000 6.000000 1.000000 3261.908470 0.005047 0.012251 0.000000 0.000000 -0.000000
1.000000 24.000000 6.000000 1.000000 2934.947747 0.004537 0.011001 0.000000 0.000000 -0.000000
1.000000 1.000000 7.000000 1.000000 2671.924243 0.004128 0.009999 0.000000 0.000000 -0.000000
1.000000 2.000000 7.000000 1.000000 2493.900679 0.003851 0.009323 0.000000 0.000000 -0.000000
1.000000 3.000000 7.000000 1.000000 2344.749207 0.003619 0.008758 0.000000 0.000000 -0.000000
1.000000 4.000000 7.000000 1.000000 2230.567461 0.003442 0.008326 0.000000 0.000000 -0.000000
1.000000 5.000000 7.000000 1.000000 2140.813972 0.003303 0.007986 0.000000 0.000000 -0.000000
1.000000 6.000000 7.000000 1.000000 2057.389938 0.003174 0.007671 0.000000 0.000000 -0.000000
1.000000 7.000000 7.000000 1.000000 2019.889942 0.003115 0.007530 0.000000 0.000000 -0.000000
1.000000 8.000000 7.000000 1.000000 2727.311091 0.004214 0.010210 0.010092 0.000000 0.000000
1.000000 9.000000 7.000000 1.000000 3661.088705 0.005670 0.013783 0.011392 0.000000 0.000000
1.000000 10.000000 7.000000 1.000000 2989.275705 0.004622 0.011208 0.011208 0.000000 -821.729641
1.000000 11.000000 7.000000 1.000000 2757.773866 0.004261 0.010326 0.010326 0.000000 -2481.433727
1.000000 12.000000 7.000000 1.000000 3102.982023 0.004799 0.011643 0.011643 0.000000 -1064.921542
1.000000 13.000000 7.000000 1.000000 3526.999355 0.005460 0.013268 0.013268 0.000000 -372.165550
1.000000 14.000000 7.000000 1.000000 3968.841022 0.006151 0.014970 0.011519 0.000000 0.000000
1.000000 15.000000 7.000000 1.000000 11840.479263 0.018718 0.046899 0.018718 4839.953849 0.000000
1.000000 16.000000 7.000000 1.000000 28324.699644 0.046735 0.125350 0.046735 27567.004948 0.000000
1.000000 17.000000 7.000000 1.000000 44809.937114 0.077316 0.224655 0.077316 51706.388092 0.000000
1.000000 18.000000 7.000000 1.000000 51215.216581 0.089967 0.270746 0.089967 59998.066752 0.000000
1.000000 19.000000 7.000000 1.000000 94737.821295 0.189743 0.794836 0.000000 0.000000 0.000000
1.000000 20.000000 7.000000 1.000000 40212.749262 0.068511 0.194403 0.000000 0.000000 0.000000
1.000000 21.000000 7.000000 1.000000 5139.879090 0.007989 0.019525 0.000000 0.000000 -0.000000
1.000000 22.000000 7.000000 1.000000 3962.231781 0.006141 0.014944 0.000000 0.000000 -0.000000
1.000000 23.000000 7.000000 1.000000 3442.186391 0.005328 0.012942 0.000000 0.000000 -0.000000
1.000000 24.000000 7.000000 1.000000 3065.578578 0.004740 0.011500 0.000000 0.000000 -0.000000
1.000000 1.000000 1.000000 1.000000 2804.591795 0.004334 0.010504 0.000000 0.000000 -0.000000
1.000000 2.000000 1.000000 1.000000 2616.729897 0.004042 0.009790 0.000000 0.000000 -0.000000
1.000000 3.000000 1.000000 1.000000 2461.716533 0.003801 0.009201 0.000000 0.000000 -0.000000
1.000000 4.000000 1.000000 1.000000 2323.263231 0.003586 0.008676 0.000000 0.000000 -0.000000
1.000000 5.000000 1.000000 1.000000 2204.023095 0.003401 0.008225 0.000000 0.000000 -0.000000
1.000000 6.000000 1.000000 1.000000 2095.723948 0.003233 0.007816 0.000000 0.000000 -0.000000
1.000000 7.000000 1.000000 1.000000 2052.094203 0.003165 0.007651 0.000000 0.000000 -0.000000
1.000000 8.000000 1.000000 1.000000 2702.322622 0.004175 0.010115 0.010115 0.000000 -1247.196941
1.000000 9.000000 1.000000 1.000000 3600.178785 0.005575 0.013549 0.012774 0.000000 0.000000
1.000000 10.000000 1.000000 1.000000 2935.912550 0.004539 0.011005 0.011005 0.000000 -2766.873704
1.000000 11.000000 1.000000 1.000000 2826.057362 0.004368 0.010586 0.010586 0.000000 -3524.062402
1.000000 12.000000 1.000000 1.000000 3163.794461 0.004894 0.011875 0.011875 0.000000 -2083.362877
1.000000 13.000000 1.000000 1.000000 3616.887406 0.005601 0.013613 0.013583 0.000000 0.000000
1.000000 14.000000 1.000000 1.000000 4041.178592 0.006264 0.015249 0.013529 0.000000 0.000000
1.000000 15.000000 1.000000 1.000000 11996.328097 0.018972 0.047564 0.018972 4271.067575 0.000000
1.000000 16.000000 1.000000 1.000000 28599.272672 0.047222 0.126813 0.047222 26957.698191 0.000000
1.000000 17.000000 1.000000 1.000000 45224.207498 0.078121 0.227491 0.078121 51421.317990 0.000000
1.000000 18.000000 1.000000 1.000000 51510.551298 0.090561 0.272992 0.090561 59699.731840 0.000000
1.000000 19.000000 1.000000 1.000000 95151.423682 0.190825 0.802785 0.000000 0.000000 0.000000
1.000000 20.000000 1.000000 1.000000 40263.116787 0.068606 0.194723 0.000000 0.000000 0.000000
1.000000 21.000000 1.000000 1.000000 5138.257658 0.007987 0.019519 0.000000 0.000000 -0.000000
1.000000 22.000000 1.000000 1.000000 3928.698322 0.006088 0.014815 0.000000 0.000000 -0.000000
1.000000 23.000000 1.000000 1.000000 3421.854267 0.005296 0.012864 0.000000 0.000000 -0.000000
1.000000 24.000000 1.000000 1.000000 3048.894184 0.004714 0.011436 0.000000 0.000000 -0.000000
1.000000 1.000000 2.000000 1.000000 2781.350294 0.004298 0.010416 0.000000 0.000000 -0.000000
1.000000 2.000000 2.000000 1.000000 2568.171580 0.003966 0.009605 0.000000 0.000000 -0.000000
1.000000 3.000000 2.000000 1.000000 2402.138073 0.003708 0.008975 0.000000 0.000000 -0.000000
1.000000 4.000000 2.000000 1.000000 2255.870209 0.003481 0.008421 0.000000 0.000000 -0.000000
1.000000 5.000000 2.000000 1.000000 2160.200835 0.003333 0.008060 0.000000 0.000000 -0.000000
1.000000 6.000000 2.000000 1.000000 2060.433635 0.003178 0.007683 0.000000 0.000000 -0.000000
1.000000 7.000000 2.000000 1.000000 2040.592283 0.003147 0.007608 0.000000 0.000000 -0.000000
1.000000 8.000000 2.000000 1.000000 2706.841657 0.004182 0.010132 0.010132 0.000000 -1528.256347
1.000000 9.000000 2.000000 1.000000 3600.572728 0.005575 0.013551 0.012808 0.000000 0.000000
1.000000 10.000000 2.000000 1.000000 2932.117473 0.004533 0.010990 0.010990 0.000000 -2708.110514
1.000000 11.000000 2.000000 1.000000 2787.295351 0.004307 0.010438 0.010438 0.000000 -3255.445734
1.000000 12.000000 2.000000 1.000000 3190.581654 0.004935 0.011978 0.011978 0.000000 -1933.540136
1.000000 13.000000 2.000000 1.000000 3684.265921 0.005706 0.013873 0.013539 0.000000 0.000000
1.000000 14.000000 2.000000 1.000000 4161.696848 0.006453 0.015716 0.013862 0.000000 0.000000
1.000000 15.000000 2.000000 1.000000 12441.096066 0.019698 0.049467 0.019698 4820.368005 0.000000
1.000000 16.000000 2.000000 1.000000 29753.775864 0.049280 0.133027 0.049280 28574.726486 0.000000
1.000000 17.000000 2.000000 1.000000 46948.513096 0.081490 0.239505 0.081490 53371.365909 0.000000
1.000000 18.000000 2.000000 1.000000 54393.344807 0.096415 0.295529 0.096415 63631.990667 0.000000
1.000000 19.000000 2.000000 1.000000 100055.370851 0.203884 0.904312 0.000000 0.000000 0.000000
1.000000 20.000000 2.000000 1.000000 42666.658826 0.073183 0.210277 0.000000 0.000000 0.000000
1.000000 21.000000 2.000000 1.000000 5506.994138 0.008568 0.020967 0.000000 0.000000 -0.000000
1.000000 22.000000 2.000000 1.000000 4268.413475 0.006620 0.016129 0.000000 0.000000 -0.000000
1.000000 23.000000 2.000000 1.000000 3793.003079 0.005876 0.014291 0.000000 0.000000 0.000000
1.000000 24.000000 2.000000 1.000000 3411.320175 0.005280 0.012824 0.000000 0.000000 0.000000
1.000000 1.000000 3.000000 1.000000 3130.488099 0.004842 0.011748 0.000000 0.000000 0.000000
1.000000 2.000000 3.000000 1.000000 2911.024734 0.004500 0.010910 0.000000 0.000000 -0.000000
1.000000 3.000000 3.000000 1.000000 2745.063567 0.004241 0.010278 0.000000 0.000000 -0.000000
1.000000 4.000000 3.000000 1.000000 2601.222637 0.004018 0.009731 0.000000 0.000000 -0.000000
1.000000 5.000000 3.000000 1.000000 2467.442417 0.003810 0.009223 0.000000 0.000000 -0.000000
1.000000 6.000000 3.000000 1.000000 2365.200552 0.003651 0.008835 0.000000 0.000000 -0.000000
1.000000 7.000000 3.000000 1.000000 2327.341265 0.003592 0.008692 0.000000 0.000000 -0.000000
1.000000 8.000000 3.000000 1.000000 3093.393180 0.004784 0.011606 0.000000 0.000000 -0.000000
1.000000 9.000000 3.000000 1.000000 4169.380216 0.006465 0.015745 0.000000 0.000000 -0.000000
1.000000 10.000000 3.000000 1.000000 6272.728617 0.009778 0.023995 0.000000 0.000000 -0.000000
1.000000 11.000000 3.000000 1.000000 8739.348171 0.013708 0.033945 0.000000 0.000000 0.000000
1.000000 12.000000 3.000000 1.000000 10026.257216 0.015777 0.039260 0.000000 0.000000 -0.000000
1.000000 13.000000 3.000000 1.000000 11433.425704 0.018056 0.045170 0.000000 0.000000 0.000000
1.000000 14.000000 3.000000 1.000000 12849.463716 0.020365 0.051225 0.000000 0.000000 0.000000
1.000000 15.000000 3.000000 1.000000 37459.504983 0.063342 0.177299 0.000000 0.000000 0.000000
1.000000 16.000000 3.000000 1.000000 88845.403571 0.174628 0.690518 0.000000 0.000000 0.000000
1.000000 17.000000 3.000000 1.000000 139268.663686 0.325620 2.925898 0.000000 0.000000 0.000000
1.000000 18.000000 3.000000 1.000000 159990.791554 0.405669 11.201254 0.000000 0.000000 0.000000
1.000000 19.000000 3.000000 1.000000 109282.973968 0.229629 1.140656 0.000000 0.000000 0.000000
1.000000 20.000000 3.000000 1.000000 43876.540662 0.075510 0.218332 0.000000 0.000000 0.000000
1.000000 21.000000 3.000000 1.000000 5583.328950 0.008688 0.021268 0.000000 0.000000 -0.000000
1.000000 22.000000 3.000000 1.000000 4214.877151 0.006536 0.015922 0.000000 0.000000 -0.000000
1.000000 23.000000 3.000000 1.000000 3550.150238 0.005496 0.013357 0.000000 0.000000 0.000000
1.000000 24.000000 3.000000 1.000000 3175.421545 0.004912 0.011920 0.000000 0.000000 0.000000
1.000000 1.000000 4.000000 1.000000 2919.404479 0.004513 0.010942 0.000000 0.000000 0.000000
1.000000 2.000000 4.000000 1.000000 2716.627045 0.004197 0.010169 0.000000 0.000000 -0.000000
1.000000 3.000000 4.000000 1.000000 2579.351455 0.003984 0.009648 0.000000 0.000000 -0.000000
1.000000 4.000000 4.000000 1.000000 2453.045060 0.003788 0.009168 0.000000 0.000000 -0.000000
1.000000 5.000000 4.000000 1.000000 2364.341202 0.003650 0.008832 0.000000 0.000000 -0.000000
1.000000 6.000000 4.000000 1.000000 2254.767651 0.003480 0.008417 0.000000 0.000000 -0.000000
1.000000 7.000000 4.000000 1.000000 2197.367882 0.003391 0.008200 0.000000 0.000000 -0.000000
1.000000 8.000000 4.000000 1.000000 2939.174340 0.004544 0.011017 0.000000 0.000000 -0.000000
1.000000 9.000000 4.000000 1.000000 4154.706436 0.006442 0.015689 0.000000 0.000000 -0.000000
1.000000 10.000000 4.000000 1.000000 5934.040925 0.009242 0.022652 0.000000 0.000000 -0.000000
1.000000 11.000000 4.000000 1.000000 8159.386732 0.012779 0.031578 0.000000 0.000000 -0.000000
1.000000 12.000000 4.000000 1.000000 9385.874784 0.014746 0.036604 0.000000 0.000000 -0.000000
1.000000 13.000000 4.000000 1.000000 10780.278700 0.016996 0.042413 0.000000 0.000000 0.000000
1.000000 14.000000 4.000000 1.000000 12280.321100 0.019435 0.048778 0.000000 0.000000 0.000000
1.000000 15.000000 4.000000 1.000000 36105.084654 0.060828 0.169145 0.000000 0.000000 0.000000
1.000000 16.000000 4.000000 1.000000 86189.394920 0.167998 0.648357 0.000000 0.000000 0.000000
1.000000 17.000000 4.000000 1.000000 138004.711840 0.321139 2.780633 0.000000 0.000000 0.000000
1.000000 18.000000 4.000000 1.000000 160531.359937 0.407938 11.967260 0.000000 0.000000 0.000000
1.000000 19.000000 4.000000 1.000000 108606.210205 0.227686 1.120863 0.000000 0.000000 0.000000
1.000000 20.000000 4.000000 1.000000 43917.901700 0.075590 0.218611 0.000000 0.000000 0.000000
1.000000 21.000000 4.000000 1.000000 5597.305919 0.008710 0.021323 0.000000 0.000000 -0.000000
1.000000 22.000000 4.000000 1.000000 4294.910613 0.006662 0.016232 0.000000 0.000000 -0.000000
1.000000 23.000000 4.000000 1.000000 3738.667656 0.005791 0.014082 0.000000 0.000000 0.000000
1.000000 24.000000 4.000000 1.000000 3364.677228 0.005207 0.012645 0.000000 0.000000 0.000000
1.000000 1.000000 5.000000 1.000000 3105.790498 0.004803 0.011654 0.000000 0.000000 0.000000
1.000000 2.000000 5.000000 1.000000 2893.352137 0.004472 0.010843 0.000000 0.000000 -0.000000
1.000000 3.000000 5.000000 1.000000 2684.319774 0.004147 0.010047 0.000000 0.000000 -0.000000
1.000000 4.000000 5.000000 1.000000 2526.388502 0.003901 0.009447 0.000000 0.000000 -0.000000
1.000000 5.000000 5.000000 1.000000 2402.056842 0.003708 0.008975 0.000000 0.000000 -0.000000
1.000000 6.000000 5.000000 1.000000 2287.239681 0.003530 0.008540 0.000000 0.000000 -0.000000
1.000000 7.000000 5.000000 1.000000 2201.539220 0.003397 0.008216 0.000000 0.000000 -0.000000
1.000000 8.000000 5.000000 1.000000 2811.570224 0.004345 0.010531 0.010531 0.000000 -1100.913129
1.000000 9.000000 5.000000 1.000000 3582.237587 0.005547 0.013480 0.011817 0.000000 0.000000
1.000000 10.000000 5.000000 1.000000 2947.180703 0.004556 0.011048 0.011048 0.000000 -2255.275658
1.000000 11.000000 5.000000 1.000000 2833.484268 0.004379 0.010614 0.010614 0.000000 -3379.215389
1.000000 12.000000 5.000000 1.000000 3239.070728 0.005011 0.012163 0.012163 0.000000 -1722.359501
1.000000 13.000000 5.000000 1.000000 3744.210721 0.005800 0.014103 0.013754 0.000000 0.000000
1.000000 14.000000 5.000000 1.000000 4219.964537 0.006544 0.015941 0.013643 0.000000 0.000000
1.000000 15.000000 5.000000 1.000000 12412.123855 0.019650 0.049343 0.019650 5021.522112 0.000000
1.000000 16.000000 5.000000 1.000000 29489.827300 0.048808 0.131597 0.048808 28552.731061 0.000000
1.000000 17.000000 5.000000 1.000000 46426.573434 0.080467 0.235833 0.080467 51250.887442 0.000000
1.000000 18.000000 5.000000 1.000000 53398.727579 0.094384 0.287626 0.094384 61392.317474 0.000000
1.000000 19.000000 5.000000 1.000000 98719.914150 0.200286 0.875258 0.000000 0.000000 0.000000
1.000000 20.000000 5.000000 1.000000 42124.594680 0.072146 0.206717 0.000000 0.000000 0.000000
1.000000 21.000000 5.000000 1.000000 5447.353367 0.008474 0.020732 0.000000 0.000000 -0.000000
1.000000 22.000000 5.000000 1.000000 4232.235531 0.006564 0.015989 0.000000 0.000000 -0.000000
1.000000 23.000000 5.000000 1.000000 3720.925981 0.005763 0.014014 0.000000 0.000000 0.000000
1.000000 24.000000 5.000000 1.000000 3312.223273 0.005125 0.012444 0.000000 0.000000 0.000000
1.000000 1.000000 6.000000 1.000000 3025.233526 0.004678 0.011346 0.000000 0.000000 -0.000000
1.000000 2.000000 6.000000 1.000000 2817.036066 0.004353 0.010552 0.000000 0.000000 -0.000000
1.000000 3.000000 6.000000 1.000000 2631.954780 0.004066 0.009847 0.000000 0.000000 -0.000000
1.000000 4.000000 6.000000 1.000000 2470.179724 0.003814 0.009233 0.000000 0.000000 -0.000000
1.000000 5.000000 6.000000 1.000000 2324.903507 0.003589 0.008683 0.000000 0.000000 -0.000000
1.000000 6.000000 6.000000 1.000000 2197.459666 0.003391 0.008200 0.000000 0.000000 -0.000000
1.000000 7.000000 6.000000 1.000000 2094.858495 0.003232 0.007813 0.000000 0.000000 -0.000000
1.000000 8.000000 6.000000 1.000000 2707.275638 0.004183 0.010134 0.009582 0.000000 0.000000
1.000000 9.000000 6.000000 1.000000 3642.363578 0.005641 0.013711 0.009849 0.000000 0.000000
1.000000 10.000000 6.000000 1.000000 2998.205891 0.004636 0.011243 0.010736 0.000000 0.000000
1.000000 11.000000 6.000000 1.000000 2809.008387 0.004341 0.010521 0.010521 0.000000 -1237.705266
1.000000 12.000000 6.000000 1.000000 3187.294607 0.004930 0.011965 0.011965 0.000000 -77.084667
1.000000 13.000000 6.000000 1.000000 3663.866232 0.005674 0.013794 0.011354 0.000000 0.000000
1.000000 14.000000 6.000000 1.000000 4198.117730 0.006510 0.015857 0.011776 0.000000 0.000000
1.000000 15.000000 6.000000 1.000000 12501.561182 0.019796 0.049727 0.019796 6054.244058 0.000000
1.000000 16.000000 6.000000 1.000000 29905.227428 0.049551 0.133850 0.049551 30021.998463 0.000000
1.000000 17.000000 6.000000 1.000000 47451.756563 0.082479 0.243075 0.082479 54748.784310 0.000000
1.000000 18.000000 6.000000 1.000000 54960.892365 0.097579 0.300100 0.097579 64722.297012 0.000000
1.000000 19.000000 6.000000 1.000000 101221.744937 0.207052 0.930627 0.000000 0.000000 0.000000
1.000000 20.000000 6.000000 1.000000 43286.873297 0.074374 0.214387 0.000000 0.000000 0.000000
1.000000 21.000000 6.000000 1.000000 5575.771337 0.008676 0.021238 0.000000 0.000000 -0.000000
1.000000 22.000000 6.000000 1.000000 4302.026750 0.006673 0.016259 0.000000 0.000000 -0.000000
1.000000 23.000000 6.000000 1.000000 3748.251106 0.005806 0.014119 0.000000 0.000000 0.000000
1.000000 24.000000 6.000000 1.000000 3327.581276 0.005149 0.012502 0.000000 0.000000 0.000000
1.000000 1.000000 7.000000 1.000000 3012.560446 0.004658 0.011297 0.000000 0.000000 -0.000000
1.000000 2.000000 7.000000 1.000000 2780.562705 0.004297 0.010413 0.000000 0.000000 -0.000000
1.000000 3.000000 7.000000 1.000000 2588.402896 0.003998 0.009682 0.000000 0.000000 -0.000000
1.000000 4.000000 7.000000 1.000000 2417.263386 0.003732 0.009033 0.000000 0.000000 -0.000000
1.000000 5.000000 7.000000 1.000000 2269.224662 0.003502 0.008472 0.000000 0.000000 -0.000000
1.000000 6.000000 7.000000 1.000000 2136.309472 0.003296 0.007969 0.000000 0.000000 -0.000000
1.000000 7.000000 7.000000 1.000000 2043.454367 0.003152 0.007619 0.000000 0.000000 -0.000000
1.000000 8.000000 7.000000 1.000000 2719.071047 0.004201 0.010179 0.009308 0.000000 0.000000
1.000000 9.000000 7.000000 1.000000 3665.982472 0.005677 0.013802 0.009566 0.000000 0.000000
1.000000 10.000000 7.000000 1.000000 3013.080799 0.004659 0.011299 0.010503 0.000000 0.000000
1.000000 11.000000 7.000000 1.000000 2776.881946 0.004291 0.010399 0.010399 0.000000 -1119.281537
1.000000 12.000000 7.000000 1.000000 3162.939272 0.004892 0.011872 0.011649 0.000000 0.000000
1.000000 13.000000 7.000000 1.000000 3617.748003 0.005602 0.013617 0.010808 0.000000 0.000000
1.000000 14.000000 7.000000 1.000000 4120.860004 0.006389 0.015558 0.011356 0.000000 0.000000
1.000000 15.000000 7.000000 1.000000 12395.652378 0.019623 0.049272 0.019623 6277.577529 0.000000
1.000000 16.000000 7.000000 1.000000 29739.462136 0.049254 0.132949 0.049254 29757.805320 0.000000
1.000000 17.000000 7.000000 1.000000 47027.589106 0.081645 0.240064 0.081645 54359.541902 0.000000
1.000000 18.000000 7.000000 1.000000 54173.909788 0.095966 0.293774 0.095966 63835.506937 0.000000
1.000000 19.000000 7.000000 1.000000 99366.442270 0.202024 0.889184 0.000000 0.000000 0.000000
1.000000 20.000000 7.000000 1.000000 42338.532738 0.072555 0.208118 0.000000 0.000000 0.000000
1.000000 21.000000 7.000000 1.000000 5468.344479 0.008507 0.020815 0.000000 0.000000 -0.000000
1.000000 22.000000 7.000000 1.000000 4273.411926 0.006628 0.016148 0.000000 0.000000 -0.000000
1.000000 23.000000 7.000000 1.000000 3770.506917 0.005841 0.014205 0.000000 0.000000 0.000000
1.000000 24.000000 7.000000 1.000000 3380.765190 0.005232 0.012706 0.000000 0.000000 0.000000
1.000000 1.000000 1.000000 1.000000 3103.488233 0.004800 0.011645 0.000000 0.000000 -0.000000
1.000000 2.000000 1.000000 1.000000 2867.609305 0.004432 0.010744 0.000000 0.000000 -0.000000
1.000000 3.000000 1.000000 1.000000 2667.351216 0.004121 0.009982 0.000000 0.000000 -0.000000
1.000000 4.000000 1.000000 1.000000 2468.000122 0.003811 0.009225 0.000000 0.000000 -0.000000
1.000000 5.000000 1.000000 1.000000 2309.439962 0.003565 0.008624 0.000000 0.000000 -0.000000
1.000000 6.000000 1.000000 1.000000 2177.066350 0.003359 0.008123 0.000000 0.000000 -0.000000
1.000000 7.000000 1.000000 1.000000 2118.620683 0.003268 0.007902 0.000000 0.000000 -0.000000
1.000000 8.000000 1.000000 1.000000 2787.316774 0.004307 0.010439 0.010439 0.000000 -1128.431657
1.000000 9.000000 1.000000 1.000000 3545.744313 0.005490 0.013340 0.012348 0.000000 0.000000
1.000000 10.000000 1.000000 1.000000 2914.619756 0.004505 0.010924 0.010924 0.000000 -2085.422455
1.000000 11.000000 1.000000 1.000000 2888.249366 0.004464 0.010823 0.010823 0.000000 -2817.540226
1.000000 12.000000 1.000000 1.000000 3347.387313 0.005180 0.012578 0.012578 0.000000 -1745.818466
1.000000 13.000000 1.000000 1.000000 3877.583706 0.006008 0.014618 0.013934 0.000000 0.000000
1.000000 14.000000 1.000000 1.000000 4391.457562 0.006813 0.016606 0.014012 0.000000 0.000000
1.000000 15.000000 1.000000 1.000000 12968.510989 0.020560 0.051739 0.020560 5277.274598 0.000000
1.000000 16.000000 1.000000 1.000000 30700.853165 0.050977 0.138202 0.050977 29403.727360 0.000000
1.000000 17.000000 1.000000 1.000000 48409.510795 0.084370 0.249953 0.084370 54964.131739 0.000000
1.000000 18.000000 1.000000 1.000000 55554.621107 0.098800 0.304932 0.098800 64755.240262 0.000000
1.000000 19.000000 1.000000 1.000000 102054.074009 0.209327 0.949966 0.000000 0.000000 0.000000
1.000000 20.000000 1.000000 1.000000 43794.008201 0.075351 0.217778 0.000000 0.000000 0.000000
1.000000 21.000000 1.000000 1.000000 5656.320966 0.008803 0.021555 0.000000 0.000000 -0.000000
1.000000 22.000000 1.000000 1.000000 4359.865223 0.006764 0.016484 0.000000 0.000000 -0.000000
1.000000 23.000000 1.000000 1.000000 3801.728310 0.005890 0.014325 0.000000 0.000000 0.000000
1.000000 24.000000 1.000000 1.000000 3397.597564 0.005258 0.012771 0.000000 0.000000 0.000000
1.000000 1.000000 2.000000 1.000000 3088.473576 0.004776 0.011587 0.000000 0.000000 -0.000000
1.000000 2.000000 2.000000 1.000000 2854.685083 0.004412 0.010695 0.000000 0.000000 -0.000000
1.000000 3.000000 2.000000 1.000000 2657.909878 0.004106 0.009946 0.000000 0.000000 -0.000000
1.000000 4.000000 2.000000 1.000000 2510.568920 0.003877 0.009386 0.000000 0.000000 -0.000000
1.000000 5.000000 2.000000 1.000000 2380.933901 0.003676 0.008895 0.000000 0.000000 -0.000000
1.000000 6.000000 2.000000 1.000000 2250.928375 0.003474 0.008403 0.000000 0.000000 -0.000000
1.000000 7.000000 2.000000 1.000000 2156.102835 0.003327 0.008044 0.000000 0.000000 -0.000000
1.000000 8.000000 2.000000 1.000000 2788.549837 0.004309 0.010443 0.010443 0.000000 -883.140327
1.000000 9.000000 2.000000 1.000000 3551.016591 0.005498 0.013360 0.012446 0.000000 0.000000
1.000000 10.000000 2.000000 1.000000 2903.436793 0.004488 0.010881 0.010881 0.000000 -1960.858890
1.000000 11.000000 2.000000 1.000000 2883.702127 0.004457 0.010806 0.010806 0.000000 -2824.552252
1.000000 12.000000 2.000000 1.000000 3297.122376 0.005101 0.012386 0.012386 0.000000 -1644.678877
1.000000 13.000000 2.000000 1.000000 3820.054487 0.005918 0.014396 0.014265 0.000000 0.000000
1.000000 14.000000 2.000000 1.000000 4317.546162 0.006697 0.016320 0.013667 0.000000 0.000000
1.000000 15.000000 2.000000 1.000000 12685.097783 0.020096 0.050516 0.020096 4649.804971 0.000000
1.000000 16.000000 2.000000 1.000000 29866.702888 0.049482 0.133640 0.049482 28557.541570 0.000000
1.000000 17.000000 2.000000 1.000000 47136.860726 0.081860 0.240838 0.081860 53013.116000 0.000000
1.000000 18.000000 2.000000 1.000000 53921.201899 0.095450 0.291761 0.095450 62360.817113 0.000000
1.000000 19.000000 2.000000 1.000000 99234.164914 0.201668 0.886314 0.000000 0.000000 0.000000
1.000000 20.000000 2.000000 1.000000 42454.339119 0.072776 0.208879 0.000000 0.000000 0.000000
1.000000 21.000000 2.000000 1.000000 5468.788843 0.008508 0.020817 0.000000 0.000000 -0.000000
1.000000 22.000000 2.000000 1.000000 4244.984564 0.006584 0.016038 0.000000 0.000000 -0.000000
1.000000 23.000000 2.000000 1.000000 3706.782388 0.005741 0.013959 0.000000 0.000000 0.000000
1.000000 24.000000 2.000000 1.000000 3307.661202 0.005118 0.012426 0.000000 0.000000 -0.000000
1.000000 1.000000 3.000000 1.000000 3043.436001 0.004706 0.011415 0.000000 0.000000 -0.000000
1.000000 2.000000 3.000000 1.000000 2812.885323 0.004347 0.010536 0.000000 0.000000 -0.000000
1.000000 3.000000 3.000000 1.000000 2631.188660 0.004064 0.009845 0.000000 0.000000 -0.000000
1.000000 4.000000 3.000000 1.000000 2476.260937 0.003824 0.009256 0.000000 0.000000 -0.000000
1.000000 5.000000 3.000000 1.000000 2338.305971 0.003609 0.008733 0.000000 0.000000 -0.000000
1.000000 6.000000 3.000000 1.000000 2209.376826 0.003409 0.008245 0.000000 0.000000 -0.000000
1.000000 7.000000 3.000000 1.000000 2115.804686 0.003264 0.007892 0.000000 0.000000 -0.000000
1.000000 8.000000 3.000000 1.000000 2828.720429 0.004372 0.010596 0.000000 0.000000 -0.000000
1.000000 9.000000 3.000000 1.000000 4028.905240 0.006245 0.015202 0.000000 0.000000 -0.000000
1.000000 10.000000 3.000000 1.000000 5965.960035 0.009293 0.022779 0.000000 0.000000 -0.000000
1.000000 11.000000 3.000000 1.000000 8239.587426 0.012907 0.031905 0.000000 0.000000 -0.000000
1.000000 12.000000 3.000000 1.000000 9541.674840 0.014996 0.037248 0.000000 0.000000 -0.000000
1.000000 13.000000 3.000000 1.000000 11105.416217 0.017523 0.043783 0.000000 0.000000 0.000000
1.000000 14.000000 3.000000 1.000000 12673.445461 0.020077 0.050466 0.000000 0.000000 0.000000
1.000000 15.000000 3.000000 1.000000 37357.700336 0.063153 0.176680 0.000000 0.000000 0.000000
1.000000 16.000000 3.000000 1.000000 88887.962399 0.174735 0.691216 0.000000 0.000000 0.000000
1.000000 17.000000 3.000000 1.000000 141747.766359 0.334534 3.250133 0.000000 0.000000 0.000000
1.000000 18.000000 3.000000 1.000000 164713.231147 0.425841 24.617328 0.000000 0.000000 0.000000
1.000000 19.000000 3.000000 1.000000 112332.823672 0.238494 1.235733 0.000000 0.000000 0.000000
1.000000 20.000000 3.000000 1.000000 46108.570305 0.079845 0.233611 0.000000 0.000000 0.000000
1.000000 21.000000 3.000000 1.000000 6084.348231 0.009480 0.023247 0.000000 0.000000 -0.000000
1.000000 22.000000 3.000000 1.000000 4691.254354 0.007284 0.017773 0.000000 0.000000 -0.000000
1.000000 23.000000 3.000000 1.000000 4071.223650 0.006311 0.015366 0.000000 0.000000 0.000000
1.000000 24.000000 3.000000 1.000000 3615.902099 0.005599 0.013609 0.000000 0.000000 0.000000
1.000000 1.000000 4.000000 1.000000 3252.121329 0.005031 0.012213 0.000000 0.000000 0.000000
1.000000 2.000000 4.000000 1.000000 2961.599740 0.004579 0.011103 0.000000 0.000000 -0.000000
1.000000 3.000000 4.000000 1.000000 2731.861403 0.004221 0.010227 0.000000 0.000000 -0.000000
1.000000 4.000000 4.000000 1.000000 2548.631088 0.003936 0.009531 0.000000 0.000000 -0.000000
1.000000 5.000000 4.000000 1.000000 2392.247408 0.003693 0.008938 0.000000 0.000000 -0.000000
1.000000 6.000000 4.000000 1.000000 2255.698242 0.003481 0.008421 0.000000 0.000000 -0.000000
1.000000 7.000000 4.000000 1.000000 2190.786599 0.003380 0.008175 0.000000 0.000000 -0.000000
1.000000 8.000000 4.000000 1.000000 2976.942919 0.004602 0.011161 0.000000 0.000000 -0.000000
1.000000 9.000000 4.000000 1.000000 4275.801900 0.006632 0.016158 0.000000 0.000000 -0.000000
1.000000 10.000000 4.000000 1.000000 6236.063436 0.009720 0.023849 0.000000 0.000000 -0.000000
1.000000 11.000000 4.000000 1.000000 8687.091229 0.013624 0.033731 0.000000 0.000000 0.000000
1.000000 12.000000 4.000000 1.000000 9900.531201 0.015574 0.038737 0.000000 0.000000 0.000000
1.000000 13.000000 4.000000 1.000000 11333.207096 0.017893 0.044745 0.000000 0.000000 0.000000
1.000000 14.000000 4.000000 1.000000 12822.857087 0.020322 0.051110 0.000000 0.000000 0.000000
1.000000 15.000000 4.000000 1.000000 37683.669038 0.063760 0.178665 0.000000 0.000000 0.000000
1.000000 16.000000 4.000000 1.000000 89655.808852 0.176673 0.703944 0.000000 0.000000 0.000000
1.000000 17.000000 4.000000 1.000000 142515.765511 0.337329 3.362951 0.000000 0.000000 0.000000
1.000000 18.000000 4.000000 1.000000 165582.163119 0.429639 31.277621 0.000000 0.000000 0.000000
1.000000 19.000000 4.000000 1.000000 113946.979566 0.243262 1.290325 0.000000 0.000000 0.000000
1.000000 20.000000 4.000000 1.000000 47047.154429 0.081683 0.240202 0.000000 0.000000 0.000000
1.000000 21.000000 4.000000 1.000000 6216.188845 0.009688 0.023770 0.000000 0.000000 -0.000000
1.000000 22.000000 4.000000 1.000000 4792.613280 0.007443 0.018168 0.000000 0.000000 -0.000000
1.000000 23.000000 4.000000 1.000000 4197.660742 0.006509 0.015855 0.000000 0.000000 0.000000
1.000000 24.000000 4.000000 1.000000 3739.754676 0.005793 0.014086 0.000000 0.000000 0.000000
1.000000 1.000000 5.000000 1.000000 3384.780230 0.005238 0.012722 0.000000 0.000000 0.000000
1.000000 2.000000 5.000000 1.000000 3108.994482 0.004808 0.011666 0.000000 0.000000 -0.000000
1.000000 3.000000 5.000000 1.000000 2890.738748 0.004468 0.010833 0.000000 0.000000 -0.000000
1.000000 4.000000 5.000000 1.000000 2710.406034 0.004188 0.010146 0.000000 0.000000 -0.000000
1.000000 5.000000 5.000000 1.000000 2541.931670 0.003926 0.009506 0.000000 0.000000 -0.000000
1.000000 6.000000 5.000000 1.000000 2405.435875 0.003714 0.008988 0.000000 0.000000 -0.000000
1.000000 7.000000 5.000000 1.000000 2353.364711 0.003633 0.008790 0.000000 0.000000 -0.000000
1.000000 8.000000 5.000000 1.000000 3054.616784 0.004723 0.011458 0.011458 0.000000 -893.637957
1.000000 9.000000 5.000000 1.000000 3381.885363 0.005234 0.012711 0.012711 0.000000 -453.503865
1.000000 10.000000 5.000000 1.000000 2744.078009 0.004240 0.010274 0.010274 0.000000 -3320.561130
1.000000 11.000000 5.000000 1.000000 3130.550741 0.004842 0.011748 0.011748 0.000000 -2617.427237
1.000000 12.000000 5.000000 1.000000 3547.921625 0.005493 0.013348 0.013348 0.000000 -927.954798
1.000000 13.000000 5.000000 1.000000 3992.807585 0.006189 0.015062 0.012540 0.000000 0.000000
1.000000 14.000000 5.000000 1.000000 4416.918473 0.006853 0.016705 0.013337 0.000000 0.000000
1.000000 15.000000 5.000000 1.000000 12716.124437 0.020147 0.050650 0.020147 5745.291883 0.000000
1.000000 16.000000 5.000000 1.000000 29899.578517 0.049541 0.133819 0.049541 29943.874963 0.000000
1.000000 17.000000 5.000000 1.000000 47117.851430 0.081822 0.240703 0.081822 51200.749385 0.000000
1.000000 18.000000 5.000000 1.000000 53609.965154 0.094815 0.289293 0.094815 62514.134854 0.000000
1.000000 19.000000 5.000000 1.000000 98267.141554 0.199074 0.865657 0.000000 0.000000 0.000000
1.000000 20.000000 5.000000 1.000000 41938.113922 0.071789 0.205500 0.000000 0.000000 0.000000
1.000000 21.000000 5.000000 1.000000 5436.869281 0.008457 0.020691 0.000000 0.000000 -0.000000
1.000000 22.000000 5.000000 1.000000 4209.524874 0.006528 0.015901 0.000000 0.000000 -0.000000
1.000000 23.000000 5.000000 1.000000 3680.777765 0.005701 0.013859 0.000000 0.000000 0.000000
1.000000 24.000000 5.000000 1.000000 3347.660603 0.005180 0.012579 0.000000 0.000000 0.000000
1.000000 1.000000 6.000000 1.000000 3063.614023 0.004737 0.011492 0.000000 0.000000 0.000000
1.000000 2.000000 6.000000 1.000000 2825.827642 0.004367 0.010585 0.000000 0.000000 -0.000000
1.000000 3.000000 6.000000 1.000000 2645.182795 0.004086 0.009898 0.000000 0.000000 -0.000000
1.000000 4.000000 6.000000 1.000000 2493.790790 0.003851 0.009323 0.000000 0.000000 -0.000000
1.000000 5.000000 6.000000 1.000000 2360.164415 0.003643 0.008816 0.000000 0.000000 -0.000000
1.000000 6.000000 6.000000 1.000000 2250.669878 0.003473 0.008402 0.000000 0.000000 -0.000000
1.000000 7.000000 6.000000 1.000000 2173.781445 0.003354 0.008111 0.000000 0.000000 -0.000000
1.000000 8.000000 6.000000 1.000000 2812.145833 0.004346 0.010533 0.010533 0.000000 -25.051798
1.000000 9.000000 6.000000 1.000000 3570.295357 0.005528 0.013434 0.011439 0.000000 0.000000
1.000000 10.000000 6.000000 1.000000 2947.350967 0.004556 0.011049 0.011049 0.000000 -919.586635
1.000000 11.000000 6.000000 1.000000 2844.098798 0.004396 0.010655 0.010655 0.000000 -1835.010160
1.000000 12.000000 6.000000 1.000000 3148.490234 0.004870 0.011817 0.011464 0.000000 0.000000
1.000000 13.000000 6.000000 1.000000 3514.915506 0.005441 0.013221 0.010055 0.000000 0.000000
1.000000 14.000000 6.000000 1.000000 3936.389015 0.006100 0.014845 0.011101 0.000000 0.000000
1.000000 15.000000 6.000000 1.000000 11614.386606 0.018350 0.045937 0.018350 6596.106544 0.000000
1.000000 16.000000 6.000000 1.000000 27977.013596 0.046119 0.123506 0.046119 27644.775104 0.000000
1.000000 17.000000 6.000000 1.000000 44432.381855 0.076585 0.222086 0.076585 45453.059840 0.000000
1.000000 18.000000 6.000000 1.000000 50341.562800 0.088214 0.264166 0.088214 60233.599724 0.000000
1.000000 19.000000 6.000000 1.000000 91384.706659 0.181072 0.733528 0.000000 0.000000 0.000000
1.000000 20.000000 6.000000 1.000000 38624.598663 0.065520 0.184449 0.000000 0.000000 0.000000
1.000000 21.000000 6.000000 1.000000 4972.182257 0.007725 0.018869 0.000000 0.000000 -0.000000
1.000000 22.000000 6.000000 1.000000 3802.933050 0.005892 0.014330 0.000000 0.000000 -0.000000
1.000000 23.000000 6.000000 1.000000 3304.211437 0.005113 0.012413 0.000000 0.000000 -0.000000
1.000000 24.000000 6.000000 1.000000 3019.745307 0.004669 0.011325 0.000000 0.000000 -0.000000
1.000000 1.000000 7.000000 1.000000 2747.569690 0.004245 0.010287 0.000000 0.000000 -0.000000
1.000000 2.000000 7.000000 1.000000 2569.506001 0.003968 0.009610 0.000000 0.000000 -0.000000
1.000000 3.000000 7.000000 1.000000 2438.586982 0.003765 0.009113 0.000000 0.000000 -0.000000
1.000000 4.000000 7.000000 1.000000 2305.769263 0.003559 0.008610 0.000000 0.000000 -0.000000
1.000000 5.000000 7.000000 1.000000 2206.038404 0.003404 0.008233 0.000000 0.000000 -0.000000
1.000000 6.000000 7.000000 1.000000 2114.119891 0.003261 0.007885 0.000000 0.000000 -0.000000
1.000000 7.000000 7.000000 1.000000 2059.678768 0.003177 0.007680 0.000000 0.000000 -0.000000
1.000000 8.000000 7.000000 1.000000 2700.207919 0.004172 0.010107 0.010107 0.000000 -319.426121
1.000000 9.000000 7.000000 1.000000 3626.606796 0.005616 0.013651 0.011663 0.000000 0.000000
1.000000 10.000000 7.000000 1.000000 2937.131800 0.004540 0.011010 0.011010 0.000000 -1922.366529
1.000000 11.000000 7.000000 1.000000 2821.113211 0.004360 0.010567 0.010567 0.000000 -2707.404477
1.000000 12.000000 7.000000 1.000000 3191.559140 0.004937 0.011982 0.011982 0.000000 -1098.711786
1.000000 13.000000 7.000000 1.000000 3684.840426 0.005707 0.013875 0.011026 0.000000 0.000000
1.000000 14.000000 7.000000 1.000000 4169.849412 0.006466 0.015747 0.011733 0.000000 0.000000
1.000000 15.000000 7.000000 1.000000 12309.699099 0.019483 0.048904 0.019483 6602.062629 0.000000
1.000000 16.000000 7.000000 1.000000 29249.774332 0.048380 0.130301 0.048380 30059.942213 0.000000
1.000000 17.000000 7.000000 1.000000 46263.083870 0.080147 0.234689 0.080147 53518.080011 0.000000
1.000000 18.000000 7.000000 1.000000 53133.656071 0.093845 0.285543 0.093845 62221.108258 0.000000
1.000000 19.000000 7.000000 1.000000 97406.043811 0.196777 0.847733 0.000000 0.000000 0.000000
1.000000 20.000000 7.000000 1.000000 41257.968362 0.070493 0.201090 0.000000 0.000000 0.000000
1.000000 21.000000 7.000000 1.000000 5278.822126 0.008208 0.020070 0.000000 0.000000 -0.000000
1.000000 22.000000 7.000000 1.000000 4058.560351 0.006292 0.015317 0.000000 0.000000 -0.000000
1.000000 23.000000 7.000000 1.000000 3545.339592 0.005489 0.013338 0.000000 0.000000 0.000000
1.000000 24.000000 7.000000 1.000000 3187.174192 0.004930 0.011965 0.000000 0.000000 -0.000000
1.000000 1.000000 1.000000 1.000000 2878.451080 0.004449 0.010786 0.000000 0.000000 -0.000000
1.000000 2.000000 1.000000 1.000000 2662.560458 0.004113 0.009964 0.000000 0.000000 -0.000000
1.000000 3.000000 1.000000 1.000000 2484.274735 0.003836 0.009287 0.000000 0.000000 -0.000000
1.000000 4.000000 1.000000 1.000000 2341.744612 0.003615 0.008746 0.000000 0.000000 -0.000000
1.000000 5.000000 1.000000 1.000000 2216.600284 0.003420 0.008273 0.000000 0.000000 -0.000000
1.000000 6.000000 1.000000 1.000000 2102.231594 0.003243 0.007841 0.000000 0.000000 -0.000000
1.000000 7.000000 1.000000 1.000000 2039.374890 0.003146 0.007603 0.000000 0.000000 -0.000000
1.000000 8.000000 1.000000 1.000000 2725.172140 0.004211 0.010202 0.010202 0.000000 -1133.058399
1.000000 9.000000 1.000000 1.000000 3680.293839 0.005700 0.013857 0.012348 0.000000 0.000000
1.000000 10.000000 1.000000 1.000000 2968.774885 0.004590 0.011130 0.011130 0.000000 -2625.985775
1.000000 11.000000 1.000000 1.000000 2800.965988 0.004328 0.010491 0.010491 0.000000 -3515.515145
1.000000 12.000000 1.000000 1.000000 3185.052120 0.004927 0.011957 0.011957 0.000000 -2085.394067
1.000000 13.000000 1.000000 1.000000 3681.395487 0.005701 0.013861 0.013195 0.000000 0.000000
1.000000 14.000000 1.000000 1.000000 4156.371903 0.006445 0.015695 0.013491 0.000000 0.000000
1.000000 15.000000 1.000000 1.000000 12342.420703 0.019536 0.049044 0.019536 5274.003217 0.000000
1.000000 16.000000 1.000000 1.000000 29493.333373 0.048815 0.131616 0.048815 29073.453792 0.000000
1.000000 17.000000 1.000000 1.000000 46851.299600 0.081299 0.238818 0.081299 53241.452420 0.000000
1.000000 18.000000 1.000000 1.000000 53517.122359 0.094626 0.288560 0.094626 61848.472399 0.000000
1.000000 19.000000 1.000000 1.000000 98655.016935 0.200112 0.873874 0.000000 0.000000 0.000000
1.000000 20.000000 1.000000 1.000000 42237.651859 0.072362 0.207457 0.000000 0.000000 0.000000
1.000000 21.000000 1.000000 1.000000 5502.407528 0.008561 0.020949 0.000000 0.000000 -0.000000
1.000000 22.000000 1.000000 1.000000 4231.729215 0.006563 0.015987 0.000000 0.000000 -0.000000
1.000000 23.000000 1.000000 1.000000 3669.414545 0.005683 0.013815 0.000000 0.000000 0.000000
1.000000 24.000000 1.000000 1.000000 3342.607106 0.005172 0.012560 0.000000 0.000000 -0.000000
1.000000 1.000000 2.000000 1.000000 3065.471522 0.004740 0.011499 0.000000 0.000000 -0.000000
1.000000 2.000000 2.000000 1.000000 2839.450612 0.004388 0.010637 0.000000 0.000000 -0.000000
1.000000 3.000000 2.000000 1.000000 2662.466903 0.004113 0.009963 0.000000 0.000000 -0.000000
1.000000 4.000000 2.000000 1.000000 2504.232163 0.003867 0.009362 0.000000 0.000000 -0.000000
1.000000 5.000000 2.000000 1.000000 2376.578996 0.003669 0.008878 0.000000 0.000000 -0.000000
1.000000 6.000000 2.000000 1.000000 2265.338946 0.003496 0.008457 0.000000 0.000000 -0.000000
1.000000 7.000000 2.000000 1.000000 2233.413269 0.003447 0.008336 0.000000 0.000000 -0.000000
1.000000 8.000000 2.000000 1.000000 2935.409215 0.004538 0.011003 0.011003 0.000000 -1268.253416
1.000000 9.000000 2.000000 1.000000 3431.019493 0.005310 0.012899 0.012899 0.000000 -487.489992
1.000000 10.000000 2.000000 1.000000 2775.826853 0.004289 0.010395 0.010395 0.000000 -4533.577619
1.000000 11.000000 2.000000 1.000000 3055.244541 0.004724 0.011460 0.011460 0.000000 -3981.937889
1.000000 12.000000 2.000000 1.000000 3447.038462 0.005335 0.012961 0.012961 0.000000 -2404.520126
1.000000 13.000000 2.000000 1.000000 3908.185556 0.006056 0.014736 0.013190 0.000000 0.000000
1.000000 14.000000 2.000000 1.000000 4339.783978 0.006732 0.016406 0.014105 0.000000 0.000000
1.000000 15.000000 2.000000 1.000000 12698.992843 0.020119 0.050576 0.020119 5292.962031 0.000000
1.000000 16.000000 2.000000 1.000000 30100.344051 0.049900 0.134912 0.049900 29721.074600 0.000000
1.000000 17.000000 2.000000 1.000000 47518.912278 0.082611 0.243554 0.082611 53567.255061 0.000000
1.000000 18.000000 2.000000 1.000000 54759.744356 0.097166 0.298475 0.097166 63041.327572 0.000000
1.000000 19.000000 2.000000 1.000000 101297.542829 0.207258 0.932368 0.000000 0.000000 0.000000
1.000000 20.000000 2.000000 1.000000 43353.060592 0.074502 0.214828 0.000000 0.000000 0.000000
1.000000 21.000000 2.000000 1.000000 5690.831011 0.008858 0.021691 0.000000 0.000000 -0.000000
1.000000 22.000000 2.000000 1.000000 4403.670656 0.006832 0.016654 0.000000 0.000000 -0.000000
1.000000 23.000000 2.000000 1.000000 3843.868696 0.005956 0.014487 0.000000 0.000000 0.000000
1.000000 24.000000 2.000000 1.000000 3469.660412 0.005371 0.013048 0.000000 0.000000 -0.000000
1.000000 1.000000 3.000000 1.000000 3166.522933 0.004898 0.011886 0.000000 0.000000 -0.000000
1.000000 2.000000 3.000000 1.000000 2940.883882 0.004546 0.011024 0.000000 0.000000 -0.000000
1.000000 3.000000 3.000000 1.000000 2758.675330 0.004263 0.010329 0.000000 0.000000 -0.000000
1.000000 4.000000 3.000000 1.000000 2610.350851 0.004032 0.009765 0.000000 0.000000 -0.000000
1.000000 5.000000 3.000000 1.000000 2463.744392 0.003804 0.009209 0.000000 0.000000 -0.000000
1.000000 6.000000 3.000000 1.000000 2310.195959 0.003566 0.008627 0.000000 0.000000 -0.000000
1.000000 7.000000 3.000000 1.000000 2225.293271 0.003434 0.008306 0.000000 0.000000 -0.000000
1.000000 8.000000 3.000000 1.000000 2981.250981 0.004609 0.011178 0.000000 0.000000 -0.000000
1.000000 9.000000 3.000000 1.000000 4187.229975 0.006493 0.015815 0.000000 0.000000 -0.000000
1.000000 10.000000 3.000000 1.000000 6179.089748 0.009630 0.023623 0.000000 0.000000 -0.000000
1.000000 11.000000 3.000000 1.000000 8632.480767 0.013536 0.033508 0.000000 0.000000 0.000000
1.000000 12.000000 3.000000 1.000000 10092.915471 0.015885 0.039537 0.000000 0.000000 0.000000
1.000000 13.000000 3.000000 1.000000 11779.064806 0.018618 0.046638 0.000000 0.000000 0.000000
1.000000 14.000000 3.000000 1.000000 13428.898895 0.021315 0.053734 0.000000 0.000000 0.000000
1.000000 15.000000 3.000000 1.000000 39445.442967 0.067062 0.189563 0.000000 0.000000 0.000000
1.000000 16.000000 3.000000 1.000000 93181.201506 0.185694 0.765700 0.000000 0.000000 0.000000
1.000000 17.000000 3.000000 1.000000 148171.777807 0.358431 4.451618 0.000000 0.000000 0.000000
1.000000 18.000000 3.000000 1.000000 172215.191893 0.459566 -32.069370 0.000000 0.000000 -0.000000
1.000000 19.000000 3.000000 1.000000 117924.820866 0.255239 1.439627 0.000000 0.000000 0.000000
1.000000 20.000000 3.000000 1.000000 48384.860501 0.084321 0.249775 0.000000 0.000000 0.000000
1.000000 21.000000 3.000000 1.000000 6433.125709 0.010032 0.024633 0.000000 0.000000 -0.000000
1.000000 22.000000 3.000000 1.000000 4901.895145 0.007615 0.018594 0.000000 0.000000 -0.000000
1.000000 23.000000 3.000000 1.000000 4227.527906 0.006556 0.015971 0.000000 0.000000 0.000000
1.000000 24.000000 3.000000 1.000000 3739.624136 0.005793 0.014086 0.000000 0.000000 -0.000000
1.000000 1.000000 4.000000 1.000000 3348.303735 0.005181 0.012582 0.000000 0.000000 -0.000000
1.000000 2.000000 4.000000 1.000000 3060.845968 0.004733 0.011482 0.000000 0.000000 -0.000000
1.000000 3.000000 4.000000 1.000000 2832.904140 0.004378 0.010612 0.000000 0.000000 -0.000000
1.000000 4.000000 4.000000 1.000000 2631.269690 0.004065 0.009845 0.000000 0.000000 -0.000000
1.000000 5.000000 4.000000 1.000000 2435.065914 0.003760 0.009100 0.000000 0.000000 -0.000000
1.000000 6.000000 4.000000 1.000000 2259.310216 0.003487 0.008434 0.000000 0.000000 -0.000000
1.000000 7.000000 4.000000 1.000000 2154.694162 0.003324 0.008039 0.000000 0.000000 -0.000000
1.000000 8.000000 4.000000 1.000000 2893.205309 0.004472 0.010842 0.000000 0.000000 -0.000000
1.000000 9.000000 4.000000 1.000000 4118.087100 0.006385 0.015547 0.000000 0.000000 -0.000000
1.000000 10.000000 4.000000 1.000000 6187.389476 0.009643 0.023656 0.000000 0.000000 -0.000000
1.000000 11.000000 4.000000 1.000000 8668.084932 0.013593 0.033654 0.000000 0.000000 0.000000
1.000000 12.000000 4.000000 1.000000 10118.976345 0.015927 0.039646 0.000000 0.000000 0.000000
1.000000 13.000000 4.000000 1.000000 11792.760245 0.018640 0.046696 0.000000 0.000000 0.000000
1.000000 14.000000 4.000000 1.000000 13572.193372 0.021550 0.054358 0.000000 0.000000 0.000000
1.000000 15.000000 4.000000 1.000000 39948.860628 0.068012 0.192732 0.000000 0.000000 0.000000
1.000000 16.000000 4.000000 1.000000 93534.029069 0.186608 0.772198 0.000000 0.000000 0.000000
1.000000 17.000000 4.000000 1.000000 146398.690772 0.351717 4.051376 0.000000 0.000000 0.000000
1.000000 18.000000 4.000000 1.000000 168534.918826 0.442754 308.246171 0.000000 0.000000 0.000000
1.000000 19.000000 4.000000 1.000000 115461.541493 0.247783 1.344550 0.000000 0.000000 0.000000
1.000000 20.000000 4.000000 1.000000 47601.179340 0.082773 0.244141 0.000000 0.000000 0.000000
1.000000 21.000000 4.000000 1.000000 6262.762140 0.009762 0.023955 0.000000 0.000000 -0.000000
1.000000 22.000000 4.000000 1.000000 4794.245225 0.007446 0.018174 0.000000 0.000000 -0.000000
1.000000 23.000000 4.000000 1.000000 4172.425992 0.006470 0.015757 0.000000 0.000000 0.000000
1.000000 24.000000 4.000000 1.000000 3676.582588 0.005694 0.013843 0.000000 0.000000 0.000000
1.000000 1.000000 5.000000 1.000000 3332.014142 0.005156 0.012519 0.000000 0.000000 0.000000
1.000000 2.000000 5.000000 1.000000 3075.004260 0.004755 0.011536 0.000000 0.000000 -0.000000
1.000000 3.000000 5.000000 1.000000 2855.603262 0.004413 0.010699 0.000000 0.000000 -0.000000
1.000000 4.000000 5.000000 1.000000 2658.588272 0.004107 0.009949 0.000000 0.000000 -0.000000
1.000000 5.000000 5.000000 1.000000 2490.147544 0.003845 0.009309 0.000000 0.000000 -0.000000
1.000000 6.000000 5.000000 1.000000 2326.254686 0.003591 0.008688 0.000000 0.000000 -0.000000
1.000000 7.000000 5.000000 1.000000 2211.773100 0.003413 0.008255 0.000000 0.000000 -0.000000
1.000000 8.000000 5.000000 1.000000 2888.109442 0.004464 0.010823 0.010823 0.000000 -1389.486008
1.000000 9.000000 5.000000 1.000000 3470.375840 0.005372 0.013050 0.013050 0.000000 -421.318277
1.000000 10.000000 5.000000 1.000000 2814.257509 0.004349 0.010541 0.010541 0.000000 -3341.406843
1.000000 11.000000 5.000000 1.000000 3015.278839 0.004662 0.011308 0.011308 0.000000 -2884.356581
1.000000 12.000000 5.000000 1.000000 3447.334627 0.005336 0.012962 0.012962 0.000000 -1125.390621
1.000000 13.000000 5.000000 1.000000 3969.832833 0.006153 0.014974 0.012241 0.000000 0.000000
1.000000 14.000000 5.000000 1.000000 4506.345221 0.006993 0.017053 0.014460 0.000000 0.000000
1.000000 15.000000 5.000000 1.000000 13298.169250 0.021101 0.053166 0.021101 6475.002825 0.000000
1.000000 16.000000 5.000000 1.000000 31388.209496 0.052214 0.142002 0.052214 31457.873299 0.000000
1.000000 17.000000 5.000000 1.000000 49194.602781 0.085927 0.255673 0.085927 55943.507134 0.000000
1.000000 18.000000 5.000000 1.000000 56217.819219 0.100170 0.310388 0.100170 65058.269864 0.000000
1.000000 19.000000 5.000000 1.000000 102669.315535 0.211017 0.964574 0.000000 0.000000 0.000000
1.000000 20.000000 5.000000 1.000000 43809.896751 0.075382 0.217885 0.000000 0.000000 0.000000
1.000000 21.000000 5.000000 1.000000 5756.621982 0.008962 0.021951 0.000000 0.000000 -0.000000
1.000000 22.000000 5.000000 1.000000 4468.659477 0.006934 0.016906 0.000000 0.000000 -0.000000
1.000000 23.000000 5.000000 1.000000 3948.270781 0.006119 0.014890 0.000000 0.000000 0.000000
1.000000 24.000000 5.000000 1.000000 3538.633637 0.005478 0.013312 0.000000 0.000000 0.000000
1.000000 1.000000 6.000000 1.000000 3243.561246 0.005018 0.012181 0.000000 0.000000 -0.000000
1.000000 2.000000 6.000000 1.000000 2992.816241 0.004627 0.011222 0.000000 0.000000 -0.000000
1.000000 3.000000 6.000000 1.000000 2786.687031 0.004306 0.010436 0.000000 0.000000 -0.000000
1.000000 4.000000 6.000000 1.000000 2621.620360 0.004050 0.009808 0.000000 0.000000 -0.000000
1.000000 5.000000 6.000000 1.000000 2466.731973 0.003809 0.009220 0.000000 0.000000 -0.000000
1.000000 6.000000 6.000000 1.000000 2341.259739 0.003614 0.008745 0.000000 0.000000 -0.000000
1.000000 7.000000 6.000000 1.000000 2245.718478 0.003466 0.008383 0.000000 0.000000 -0.000000
1.000000 8.000000 6.000000 1.000000 2926.082361 0.004523 0.010967 0.010967 0.000000 -479.083441
1.000000 9.000000 6.000000 1.000000 3442.575227 0.005328 0.012944 0.012310 0.000000 0.000000
1.000000 10.000000 6.000000 1.000000 2796.602966 0.004322 0.010474 0.010474 0.000000 -1976.632024
1.000000 11.000000 6.000000 1.000000 3034.534510 0.004692 0.011381 0.011381 0.000000 -980.168689
1.000000 12.000000 6.000000 1.000000 3455.589173 0.005349 0.012993 0.012081 0.000000 0.000000
1.000000 13.000000 6.000000 1.000000 3964.043346 0.006144 0.014951 0.010445 0.000000 0.000000
1.000000 14.000000 6.000000 1.000000 4456.451899 0.006915 0.016859 0.012723 0.000000 0.000000
1.000000 15.000000 6.000000 1.000000 13077.936223 0.020739 0.052212 0.020739 8035.007934 0.000000
1.000000 16.000000 6.000000 1.000000 30884.383850 0.051307 0.139213 0.051307 32764.072508 0.000000
1.000000 17.000000 6.000000 1.000000 48333.719498 0.084220 0.249405 0.084220 56010.903427 0.000000
1.000000 18.000000 6.000000 1.000000 55365.602191 0.098411 0.303388 0.098411 65155.729086 0.000000
1.000000 19.000000 6.000000 1.000000 101800.633246 0.208633 0.944027 0.000000 0.000000 0.000000
1.000000 20.000000 6.000000 1.000000 43713.659716 0.075196 0.217239 0.000000 0.000000 0.000000
1.000000 21.000000 6.000000 1.000000 5712.078189 0.008891 0.021775 0.000000 0.000000 -0.000000
1.000000 22.000000 6.000000 1.000000 4404.558764 0.006834 0.016657 0.000000 0.000000 -0.000000
1.000000 23.000000 6.000000 1.000000 3870.253861 0.005997 0.014589 0.000000 0.000000 0.000000
1.000000 24.000000 6.000000 1.000000 3434.001545 0.005315 0.012911 0.000000 0.000000 0.000000
1.000000 1.000000 7.000000 1.000000 3096.477775 0.004789 0.011618 0.000000 0.000000 -0.000000
1.000000 2.000000 7.000000 1.000000 2844.807353 0.004397 0.010658 0.000000 0.000000 -0.000000
1.000000 3.000000 7.000000 1.000000 2643.663785 0.004084 0.009892 0.000000 0.000000 -0.000000
1.000000 4.000000 7.000000 1.000000 2474.868460 0.003821 0.009251 0.000000 0.000000 -0.000000
1.000000 5.000000 7.000000 1.000000 2314.121434 0.003572 0.008642 0.000000 0.000000 -0.000000
1.000000 6.000000 7.000000 1.000000 2180.679056 0.003365 0.008137 0.000000 0.000000 -0.000000
1.000000 7.000000 7.000000 1.000000 2138.057969 0.003299 0.007976 0.000000 0.000000 -0.000000
1.000000 8.000000 7.000000 1.000000 2810.651664 0.004344 0.010527 0.010527 0.000000 -115.011365
1.000000 9.000000 7.000000 1.000000 3511.963951 0.005437 0.013210 0.011900 0.000000 0.000000
1.000000 10.000000 7.000000 1.000000 2818.838114 0.004356 0.010559 0.010559 0.000000 -1974.594156
1.000000 11.000000 7.000000 1.000000 2994.639590 0.004630 0.011229 0.011229 0.000000 -1397.259056
1.000000 12.000000 7.000000 1.000000 3456.172179 0.005350 0.012996 0.012847 0.000000 0.000000
1.000000 13.000000 7.000000 1.000000 4020.602649 0.006232 0.015170 0.010689 0.000000 0.000000
1.000000 14.000000 7.000000 1.000000 4563.516960 0.007083 0.017275 0.013110 0.000000 0.000000
1.000000 15.000000 7.000000 1.000000 13384.313378 0.021242 0.053540 0.021242 7807.943976 0.000000
1.000000 16.000000 7.000000 1.000000 31197.793269 0.051871 0.140946 0.051871 32863.227890 0.000000
1.000000 17.000000 7.000000 1.000000 48584.161963 0.084715 0.251219 0.084715 56046.312342 0.000000
1.000000 18.000000 7.000000 1.000000 55208.981315 0.098089 0.302113 0.098089 65126.161220 0.000000
1.000000 19.000000 7.000000 1.000000 100887.029198 0.206140 0.922983 0.000000 0.000000 0.000000
1.000000 20.000000 7.000000 1.000000 43158.060357 0.074126 0.213530 0.000000 0.000000 0.000000
1.000000 21.000000 7.000000 1.000000 5677.059882 0.008836 0.021637 0.000000 0.000000 -0.000000
1.000000 22.000000 7.000000 1.000000 4366.721765 0.006774 0.016510 0.000000 0.000000 -0.000000
1.000000 23.000000 7.000000 1.000000 3809.833291 0.005902 0.014356 0.000000 0.000000 -0.000000
1.000000 24.000000 7.000000 1.000000 3404.238518 0.005269 0.012796 0.000000 0.000000 -0.000000
1.000000 1.000000 1.000000 2.000000 3089.667687 0.004778 0.011592 0.000000 0.000000 -0.000000
1.000000 2.000000 1.000000 2.000000 2821.220789 0.004360 0.010568 0.000000 0.000000 -0.000000
1.000000 3.000000 1.000000 2.000000 2639.857150 0.004078 0.009878 0.000000 0.000000 -0.000000
1.000000 4.000000 1.000000 2.000000 2485.423150 0.003838 0.009291 0.000000 0.000000 -0.000000
1.000000 5.000000 1.000000 2.000000 2329.327508 0.003595 0.008699 0.000000 0.000000 -0.000000
1.000000 6.000000 1.000000 2.000000 2171.216231 0.003350 0.008101 0.000000 0.000000 -0.000000
1.000000 7.000000 1.000000 2.000000 2058.644610 0.003175 0.007676 0.000000 0.000000 -0.000000
1.000000 8.000000 1.000000 2.000000 2922.475400 0.004518 0.010954 0.010954 0.000000 -803.550969
1.000000 9.000000 1.000000 2.000000 3502.275305 0.005422 0.013173 0.013154 0.000000 0.000000
1.000000 10.000000 1.000000 2.000000 3197.650993 0.004946 0.012005 0.012005 0.000000 -1564.236015
1.000000 11.000000 1.000000 2.000000 2727.890836 0.004215 0.010212 0.010212 0.000000 -3227.661175
1.000000 12.000000 1.000000 2.000000 2860.831247 0.004422 0.010719 0.010719 0.000000 -2576.479129
1.000000 13.000000 1.000000 2.000000 3205.171816 0.004958 0.012034 0.012034 0.000000 -738.102225
1.000000 14.000000 1.000000 2.000000 7051.568590 0.011013 0.027104 0.013617 0.000000 0.000000
1.000000 15.000000 1.000000 2.000000 22114.573689 0.035897 0.093726 0.035897 17973.218370 0.000000
1.000000 16.000000 1.000000 2.000000 50244.834752 0.088021 0.263443 0.088021 59238.232518 0.000000
1.000000 17.000000 1.000000 2.000000 81774.810075 0.157218 0.583970 0.157218 111433.221351 0.000000
1.000000 18.000000 1.000000 2.000000 92652.593754 0.184329 0.756076 0.184329 129015.364278 0.000000
1.000000 19.000000 1.000000 2.000000 170409.553023 0.451252 -69.072062 0.000000 0.000000 -0.000000
1.000000 20.000000 1.000000 2.000000 21279.403262 0.034466 0.089676 0.000000 0.000000 -0.000000
1.000000 21.000000 1.000000 2.000000 5517.925235 0.008585 0.021010 0.000000 0.000000 -0.000000
1.000000 22.000000 1.000000 2.000000 4386.400920 0.006805 0.016587 0.000000 0.000000 -0.000000
1.000000 23.000000 1.000000 2.000000 3818.666848 0.005916 0.014390 0.000000 0.000000 0.000000
1.000000 24.000000 1.000000 2.000000 3445.705529 0.005333 0.012956 0.000000 0.000000 -0.000000
1.000000 1.000000 2.000000 2.000000 3126.777086 0.004836 0.011734 0.000000 0.000000 -0.000000
1.000000 2.000000 2.000000 2.000000 2888.152787 0.004464 0.010823 0.000000 0.000000 -0.000000
1.000000 3.000000 2.000000 2.000000 2706.725747 0.004182 0.010132 0.000000 0.000000 -0.000000
1.000000 4.000000 2.000000 2.000000 2562.767021 0.003958 0.009585 0.000000 0.000000 -0.000000
1.000000 5.000000 2.000000 2.000000 2420.405752 0.003737 0.009044 0.000000 0.000000 -0.000000
1.000000 6.000000 2.000000 2.000000 2268.881452 0.003502 0.008471 0.000000 0.000000 -0.000000
1.000000 7.000000 2.000000 2.000000 2164.726405 0.003340 0.008077 0.000000 0.000000 -0.000000
1.000000 8.000000 2.000000 2.000000 2866.068409 0.004430 0.010739 0.010739 0.000000 -1139.459324
1.000000 9.000000 2.000000 2.000000 3523.036540 0.005454 0.013253 0.012579 0.000000 0.000000
1.000000 10.000000 2.000000 2.000000 3176.678203 0.004914 0.011925 0.011925 0.000000 -2084.747271
1.000000 11.000000 2.000000 2.000000 2675.866180 0.004134 0.010014 0.010014 0.000000 -4252.134267
1.000000 12.000000 2.000000 2.000000 3015.423134 0.004662 0.011308 0.011308 0.000000 -3039.719107
1.000000 13.000000 2.000000 2.000000 3433.832597 0.005315 0.012910 0.012738 0.000000 0.000000
1.000000 14.000000 2.000000 2.000000 7341.105435 0.011474 0.028268 0.014002 0.000000 0.000000
1.000000 15.000000 2.000000 2.000000 22458.875654 0.036489 0.095409 0.036489 19471.229092 0.000000
1.000000 16.000000 2.000000 2.000000 50730.754765 0.088994 0.267085 0.088994 60543.284765 0.000000
1.000000 17.000000 2.000000 2.000000 82470.184055 0.158896 0.593676 0.158896 112908.938279 0.000000
1.000000 18.000000 2.000000 2.000000 93199.253761 0.185741 0.766031 0.185741 130295.351108 0.000000
1.000000 19.000000 2.000000 2.000000 171161.786426 0.454700 -46.555564 0.000000 0.000000 -0.000000
1.000000 20.000000 2.000000 2.000000 21337.440979 0.034566 0.089956 0.000000 0.000000 -0.000000
1.000000 21.000000 2.000000 2.000000 5536.807942 0.008615 0.021084 0.000000 0.000000 -0.000000
1.000000 22.000000 2.000000 2.000000 4450.998345 0.006907 0.016838 0.000000 0.000000 -0.000000
1.000000 23.000000 2.000000 2.000000 3866.691064 0.005991 0.014576 0.000000 0.000000 0.000000
1.000000 24.000000 2.000000 2.000000 3440.481304 0.005325 0.012936 0.000000 0.000000 -0.000000
1.000000 1.000000 3.000000 2.000000 3121.824000 0.004828 0.011715 0.000000 0.000000 -0.000000
1.000000 2.000000 3.000000 2.000000 2895.526860 0.004476 0.010851 0.000000 0.000000 -0.000000
1.000000 3.000000 3.000000 2.000000 2704.009772 0.004178 0.010121 0.000000 0.000000 -0.000000
1.000000 4.000000 3.000000 2.000000 2558.812525 0.003952 0.009570 0.000000 0.000000 -0.000000
1.000000 5.000000 3.000000 2.000000 2421.901601 0.003739 0.009050 0.000000 0.000000 -0.000000
1.000000 6.000000 3.000000 2.000000 2294.301018 0.003541 0.008567 0.000000 0.000000 -0.000000
1.000000 7.000000 3.000000 2.000000 2208.995398 0.003409 0.008244 0.000000 0.000000 -0.000000
1.000000 8.000000 3.000000 2.000000 2638.761501 0.004076 0.009873 0.000000 0.000000 -0.000000
1.000000 9.000000 3.000000 2.000000 3994.701843 0.006192 0.015070 0.000000 0.000000 -0.000000
1.000000 10.000000 3.000000 2.000000 5615.905011 0.008740 0.021396 0.000000 0.000000 -0.000000
1.000000 11.000000 3.000000 2.000000 7476.045121 0.011689 0.028811 0.000000 0.000000 -0.000000
1.000000 12.000000 3.000000 2.000000 9029.183007 0.014173 0.035135 0.000000 0.000000 -0.000000
1.000000 13.000000 3.000000 2.000000 10152.708339 0.015981 0.039786 0.000000 0.000000 0.000000
1.000000 14.000000 3.000000 2.000000 21797.045485 0.035352 0.092181 0.000000 0.000000 0.000000
1.000000 15.000000 3.000000 2.000000 67029.049459 0.123251 0.409364 0.000000 0.000000 0.000000
1.000000 16.000000 3.000000 2.000000 151864.116562 0.372715 5.552885 0.000000 0.000000 0.000000
1.000000 17.000000 3.000000 2.000000 247853.575486 0.979158 -1.951984 0.000000 0.000000 -0.000000
1.000000 18.000000 3.000000 2.000000 284523.947136 1.465306 -1.530268 0.000000 0.000000 -0.000000
1.000000 19.000000 3.000000 2.000000 194289.729468 0.572712 -4.755046 -0.000000 0.000000 -0.000000
1.000000 20.000000 3.000000 2.000000 23829.158793 0.038854 0.102187 0.000000 0.000000 0.000000
1.000000 21.000000 3.000000 2.000000 6181.114551 0.009633 0.023631 0.000000 0.000000 -0.000000
1.000000 22.000000 3.000000 2.000000 4907.102806 0.007623 0.018615 0.000000 0.000000 -0.000000
1.000000 23.000000 3.000000 2.000000 4266.170590 0.006617 0.016120 0.000000 0.000000 0.000000
1.000000 24.000000 3.000000 2.000000 3746.914871 0.005804 0.014114 0.000000 0.000000 0.000000
1.000000 1.000000 4.000000 2.000000 3442.300967 0.005328 0.012942 0.000000 0.000000 0.000000
1.000000 2.000000 4.000000 2.000000 3168.208603 0.004900 0.011892 0.000000 0.000000 -0.000000
1.000000 3.000000 4.000000 2.000000 2924.457239 0.004521 0.010961 0.000000 0.000000 -0.000000
1.000000 4.000000 4.000000 2.000000 2718.699388 0.004200 0.010177 0.000000 0.000000 -0.000000
1.000000 5.000000 4.000000 2.000000 2512.208109 0.003879 0.009393 0.000000 0.000000 -0.000000
1.000000 6.000000 4.000000 2.000000 2320.591754 0.003582 0.008666 0.000000 0.000000 -0.000000
1.000000 7.000000 4.000000 2.000000 2187.728233 0.003376 0.008164 0.000000 0.000000 -0.000000
1.000000 8.000000 4.000000 2.000000 2573.658153 0.003975 0.009626 0.000000 0.000000 -0.000000
1.000000 9.000000 4.000000 2.000000 3850.465400 0.005966 0.014513 0.000000 0.000000 -0.000000
1.000000 10.000000 4.000000 2.000000 5391.356568 0.008385 0.020512 0.000000 0.000000 -0.000000
1.000000 11.000000 4.000000 2.000000 7266.351422 0.011355 0.027967 0.000000 0.000000 -0.000000
1.000000 12.000000 4.000000 2.000000 8946.361827 0.014040 0.034795 0.000000 0.000000 -0.000000
1.000000 13.000000 4.000000 2.000000 10118.181482 0.015926 0.039642 0.000000 0.000000 -0.000000
1.000000 14.000000 4.000000 2.000000 21432.994920 0.034729 0.090417 0.000000 0.000000 0.000000
1.000000 15.000000 4.000000 2.000000 65300.793107 0.119462 0.392155 0.000000 0.000000 0.000000
1.000000 16.000000 4.000000 2.000000 148301.867769 0.358928 4.483700 0.000000 0.000000 0.000000
1.000000 17.000000 4.000000 2.000000 242822.578544 0.929579 -2.042469 0.000000 0.000000 -0.000000
1.000000 18.000000 4.000000 2.000000 277994.536293 1.358250 -1.584616 0.000000 0.000000 -0.000000
1.000000 19.000000 4.000000 2.000000 190934.232453 0.554011 -5.383736 -0.000000 0.000000 -0.000000
1.000000 20.000000 4.000000 2.000000 23093.011866 0.037581 0.098530 0.000000 0.000000 0.000000
1.000000 21.000000 4.000000 2.000000 5917.590254 0.009216 0.022587 0.000000 0.000000 -0.000000
1.000000 22.000000 4.000000 2.000000 4687.409976 0.007278 0.017758 0.000000 0.000000 -0.000000
1.000000 23.000000 4.000000 2.000000 4060.139691 0.006294 0.015323 0.000000 0.000000 0.000000
1.000000 24.000000 4.000000 2.000000 3572.114742 0.005531 0.013441 0.000000 0.000000 0.000000
1.000000 1.000000 5.000000 2.000000 3242.549884 0.005016 0.012177 0.000000 0.000000 -0.000000
1.000000 2.000000 5.000000 2.000000 2994.929098 0.004630 0.011230 0.000000 0.000000 -0.000000
1.000000 3.000000 5.000000 2.000000 2778.396577 0.004293 0.010405 0.000000 0.000000 -0.000000
1.000000 4.000000 5.000000 2.000000 2595.896965 0.004010 0.009710 0.000000 0.000000 -0.000000
1.000000 5.000000 5.000000 2.000000 2424.870489 0.003744 0.009061 0.000000 0.000000 -0.000000
1.000000 6.000000 5.000000 2.000000 2267.369621 0.003499 0.008465 0.000000 0.000000 -0.000000
1.000000 7.000000 5.000000 2.000000 2154.076113 0.003323 0.008036 0.000000 0.000000 -0.000000
1.000000 8.000000 5.000000 2.000000 2850.988164 0.004406 0.010681 0.010681 0.000000 -824.608369
1.000000 9.000000 5.000000 2.000000 3591.979843 0.005562 0.013517 0.012954 0.000000 0.000000
1.000000 10.000000 5.000000 2.000000 3165.673150 0.004896 0.011883 0.011883 0.000000 -1558.070847
1.000000 11.000000 5.000000 2.000000 2701.593335 0.004174 0.010112 0.010112 0.000000 -3884.179977
1.000000 12.000000 5.000000 2.000000 2882.198587 0.004455 0.010800 0.010800 0.000000 -3539.186019
1.000000 13.000000 5.000000 2.000000 3195.728410 0.004943 0.011998 0.011998 0.000000 -2350.105070
1.000000 14.000000 5.000000 2.000000 6878.404175 0.010738 0.026410 0.013725 0.000000 0.000000
1.000000 15.000000 5.000000 2.000000 21271.072762 0.034452 0.089636 0.034452 17138.763990 0.000000
1.000000 16.000000 5.000000 2.000000 48413.251399 0.084377 0.249980 0.084377 56515.334981 0.000000
1.000000 17.000000 5.000000 2.000000 78915.826025 0.150392 0.545644 0.150392 106873.079467 0.000000
1.000000 18.000000 5.000000 2.000000 89502.024974 0.176284 0.701375 0.176284 123949.649894 0.000000
1.000000 19.000000 5.000000 2.000000 165617.726713 0.429795 31.625908 0.000000 0.000000 0.000000
1.000000 20.000000 5.000000 2.000000 20450.274176 0.033052 0.085700 0.000000 0.000000 -0.000000
1.000000 21.000000 5.000000 2.000000 5210.231024 0.008100 0.019801 0.000000 0.000000 -0.000000
1.000000 22.000000 5.000000 2.000000 4165.975088 0.006460 0.015732 0.000000 0.000000 -0.000000
1.000000 23.000000 5.000000 2.000000 3639.053692 0.005635 0.013699 0.000000 0.000000 0.000000
1.000000 24.000000 5.000000 2.000000 3266.220862 0.005053 0.012267 0.000000 0.000000 0.000000
1.000000 1.000000 6.000000 2.000000 3000.521881 0.004639 0.011251 0.000000 0.000000 -0.000000
1.000000 2.000000 6.000000 2.000000 2789.451009 0.004311 0.010447 0.000000 0.000000 -0.000000
1.000000 3.000000 6.000000 2.000000 2607.174958 0.004027 0.009753 0.000000 0.000000 -0.000000
1.000000 4.000000 6.000000 2.000000 2465.440187 0.003807 0.009215 0.000000 0.000000 -0.000000
1.000000 5.000000 6.000000 2.000000 2343.126881 0.003617 0.008752 0.000000 0.000000 -0.000000
1.000000 6.000000 6.000000 2.000000 2204.059247 0.003401 0.008225 0.000000 0.000000 -0.000000
1.000000 7.000000 6.000000 2.000000 2103.114860 0.003244 0.007844 0.000000 0.000000 -0.000000
1.000000 8.000000 6.000000 2.000000 2867.748279 0.004432 0.010745 0.010492 0.000000 0.000000
1.000000 9.000000 6.000000 2.000000 3635.562934 0.005630 0.013685 0.011860 0.000000 0.000000
1.000000 10.000000 6.000000 2.000000 3133.586888 0.004846 0.011760 0.011760 0.000000 -983.689297
1.000000 11.000000 6.000000 2.000000 2650.536846 0.004094 0.009918 0.009918 0.000000 -4086.948487
1.000000 12.000000 6.000000 2.000000 2949.271332 0.004559 0.011056 0.011056 0.000000 -3334.760089
1.000000 13.000000 6.000000 2.000000 3279.152597 0.005073 0.012317 0.012317 0.000000 -1758.995811
1.000000 14.000000 6.000000 2.000000 7010.252902 0.010948 0.026938 0.012510 0.000000 0.000000
1.000000 15.000000 6.000000 2.000000 21706.063620 0.035197 0.091739 0.035197 18842.831607 0.000000
1.000000 16.000000 6.000000 2.000000 49389.828678 0.086315 0.257107 0.086315 58861.711043 0.000000
1.000000 17.000000 6.000000 2.000000 79997.280954 0.152960 0.559851 0.152960 109874.880122 0.000000
1.000000 18.000000 6.000000 2.000000 90293.215825 0.178289 0.714700 0.178289 126419.048453 0.000000
1.000000 19.000000 6.000000 2.000000 165600.103599 0.429718 31.452373 0.000000 0.000000 0.000000
1.000000 20.000000 6.000000 2.000000 20414.129206 0.032991 0.085528 0.000000 0.000000 -0.000000
1.000000 21.000000 6.000000 2.000000 5211.059758 0.008101 0.019804 0.000000 0.000000 -0.000000
1.000000 22.000000 6.000000 2.000000 4175.335216 0.006474 0.015768 0.000000 0.000000 -0.000000
1.000000 23.000000 6.000000 2.000000 3656.783272 0.005663 0.013767 0.000000 0.000000 0.000000
1.000000 24.000000 6.000000 2.000000 3259.477477 0.005043 0.012242 0.000000 0.000000 0.000000
1.000000 1.000000 7.000000 2.000000 2983.591332 0.004613 0.011187 0.000000 0.000000 -0.000000
1.000000 2.000000 7.000000 2.000000 2766.518272 0.004275 0.010359 0.000000 0.000000 -0.000000
1.000000 3.000000 7.000000 2.000000 2570.963970 0.003971 0.009616 0.000000 0.000000 -0.000000
1.000000 4.000000 7.000000 2.000000 2420.314338 0.003737 0.009044 0.000000 0.000000 -0.000000
1.000000 5.000000 7.000000 2.000000 2282.776109 0.003523 0.008523 0.000000 0.000000 -0.000000
1.000000 6.000000 7.000000 2.000000 2171.099496 0.003350 0.008101 0.000000 0.000000 -0.000000
1.000000 7.000000 7.000000 2.000000 2086.091703 0.003218 0.007780 0.000000 0.000000 -0.000000
1.000000 8.000000 7.000000 2.000000 2886.654734 0.004462 0.010817 0.010092 0.000000 0.000000
1.000000 9.000000 7.000000 2.000000 3613.055357 0.005595 0.013599 0.011553 0.000000 0.000000
1.000000 10.000000 7.000000 2.000000 3139.918016 0.004856 0.011784 0.011784 0.000000 -679.653282
1.000000 11.000000 7.000000 2.000000 2676.128634 0.004134 0.010015 0.010015 0.000000 -3276.837451
1.000000 12.000000 7.000000 2.000000 2942.562369 0.004549 0.011030 0.011030 0.000000 -2601.893008
1.000000 13.000000 7.000000 2.000000 3279.962032 0.005075 0.012320 0.012320 0.000000 -1339.503724
1.000000 14.000000 7.000000 2.000000 7077.845567 0.011055 0.027210 0.012885 0.000000 0.000000
1.000000 15.000000 7.000000 2.000000 22053.144637 0.035792 0.093427 0.035792 18893.257644 0.000000
1.000000 16.000000 7.000000 2.000000 50172.164140 0.087876 0.262901 0.087876 59821.858535 0.000000
1.000000 17.000000 7.000000 2.000000 81280.268374 0.156029 0.577162 0.156029 111982.681744 0.000000
1.000000 18.000000 7.000000 2.000000 92239.914604 0.183266 0.748655 0.183266 130002.796585 0.000000
1.000000 19.000000 7.000000 2.000000 169594.067004 0.447539 -146.700529 0.000000 0.000000 -0.000000
1.000000 20.000000 7.000000 2.000000 21228.522998 0.034379 0.089431 0.000000 0.000000 -0.000000
1.000000 21.000000 7.000000 2.000000 5461.676337 0.008496 0.020789 0.000000 0.000000 -0.000000
1.000000 22.000000 7.000000 2.000000 4377.956505 0.006792 0.016554 0.000000 0.000000 -0.000000
1.000000 23.000000 7.000000 2.000000 3802.358822 0.005891 0.014327 0.000000 0.000000 0.000000
1.000000 24.000000 7.000000 2.000000 3372.097104 0.005218 0.012673 0.000000 0.000000 0.000000
1.000000 1.000000 1.000000 2.000000 3080.141591 0.004763 0.011556 0.000000 0.000000 -0.000000
1.000000 2.000000 1.000000 2.000000 2844.513908 0.004396 0.010656 0.000000 0.000000 -0.000000
1.000000 3.000000 1.000000 2.000000 2634.801410 0.004070 0.009858 0.000000 0.000000 -0.000000
1.000000 4.000000 1.000000 2.000000 2468.490838 0.003812 0.009227 0.000000 0.000000 -0.000000
1.000000 5.000000 1.000000 2.000000 2335.773561 0.003605 0.008724 0.000000 0.000000 -0.000000
1.000000 6.000000 1.000000 2.000000 2211.710328 0.003413 0.008254 0.000000 0.000000 -0.000000
1.000000 7.000000 1.000000 2.000000 2109.875178 0.003255 0.007869 0.000000 0.000000 -0.000000
1.000000 8.000000 1.000000 2.000000 2903.854744 0.004489 0.010883 0.010883 0.000000 -281.601621
1.000000 9.000000 1.000000 2.000000 3505.185008 0.005426 0.013184 0.012539 0.000000 0.000000
1.000000 10.000000 1.000000 2.000000 3223.342478 0.004986 0.012103 0.012103 0.000000 -1382.134640
1.000000 11.000000 1.000000 2.000000 2755.871276 0.004258 0.010319 0.010319 0.000000 -4314.365376
1.000000 12.000000 1.000000 2.000000 2782.147257 0.004299 0.010419 0.010419 0.000000 -4503.059180
1.000000 13.000000 1.000000 2.000000 3115.559003 0.004818 0.011691 0.011691 0.000000 -3152.395402
1.000000 14.000000 1.000000 2.000000 6810.346077 0.010630 0.026138 0.013953 0.000000 0.000000
1.000000 15.000000 1.000000 2.000000 21245.901069 0.034409 0.089515 0.034409 17042.641206 0.000000
1.000000 16.000000 1.000000 2.000000 48576.297437 0.084700 0.251162 0.084700 56610.465639 0.000000
1.000000 17.000000 1.000000 2.000000 79094.998332 0.150816 0.547974 0.150816 107220.268981 0.000000
1.000000 18.000000 1.000000 2.000000 89569.233227 0.176454 0.702497 0.176454 123912.348098 0.000000
1.000000 19.000000 1.000000 2.000000 163962.944624 0.422583 20.762175 0.000000 0.000000 0.000000
1.000000 20.000000 1.000000 2.000000 20027.953023 0.032334 0.083693 0.000000 0.000000 -0.000000
1.000000 21.000000 1.000000 2.000000 5095.368741 0.007919 0.019351 0.000000 0.000000 -0.000000
1.000000 22.000000 1.000000 2.000000 4105.305525 0.006365 0.015497 0.000000 0.000000 -0.000000
1.000000 23.000000 1.000000 2.000000 3582.589273 0.005547 0.013481 0.000000 0.000000 0.000000
1.000000 24.000000 1.000000 2.000000 3216.597068 0.004976 0.012077 0.000000 0.000000 0.000000
1.000000 1.000000 2.000000 2.000000 2964.000998 0.004582 0.011112 0.000000 0.000000 -0.000000
1.000000 2.000000 2.000000 2.000000 2738.130446 0.004231 0.010251 0.000000 0.000000 -0.000000
1.000000 3.000000 2.000000 2.000000 2549.144357 0.003937 0.009533 0.000000 0.000000 -0.000000
1.000000 4.000000 2.000000 2.000000 2382.009148 0.003677 0.008899 0.000000 0.000000 -0.000000
1.000000 5.000000 2.000000 2.000000 2231.777389 0.003444 0.008330 0.000000 0.000000 -0.000000
1.000000 6.000000 2.000000 2.000000 2119.760593 0.003270 0.007907 0.000000 0.000000 -0.000000
1.000000 7.000000 2.000000 2.000000 2042.719971 0.003151 0.007616 0.000000 0.000000 -0.000000
1.000000 8.000000 2.000000 2.000000 2917.250846 0.004509 0.010934 0.010934 0.000000 -451.751220
1.000000 9.000000 2.000000 2.000000 3529.512503 0.005464 0.013277 0.013094 0.000000 0.000000
1.000000 10.000000 2.000000 2.000000 3195.736915 0.004943 0.011998 0.011998 0.000000 -1684.212746
1.000000 11.000000 2.000000 2.000000 2709.669314 0.004186 0.010143 0.010143 0.000000 -4366.125296
1.000000 12.000000 2.000000 2.000000 2897.765897 0.004479 0.010859 0.010859 0.000000 -4205.768739
1.000000 13.000000 2.000000 2.000000 3232.407677 0.005001 0.012138 0.012138 0.000000 -2685.820252
1.000000 14.000000 2.000000 2.000000 6940.148966 0.010836 0.026657 0.013998 0.000000 0.000000
1.000000 15.000000 2.000000 2.000000 21530.717473 0.034896 0.090890 0.034896 17343.928282 0.000000
1.000000 16.000000 2.000000 2.000000 49244.203197 0.086026 0.256037 0.086026 57462.857601 0.000000
1.000000 17.000000 2.000000 2.000000 79963.510513 0.152880 0.559402 0.152880 108660.371463 0.000000
1.000000 18.000000 2.000000 2.000000 90643.964252 0.179182 0.720693 0.179182 125814.746443 0.000000
1.000000 19.000000 2.000000 2.000000 167394.344702 0.437649 70.319731 0.000000 0.000000 0.000000
1.000000 20.000000 2.000000 2.000000 20857.981536 0.033747 0.087650 0.000000 0.000000 -0.000000
1.000000 21.000000 2.000000 2.000000 5340.486268 0.008305 0.020312 0.000000 0.000000 -0.000000
1.000000 22.000000 2.000000 2.000000 4276.627106 0.006633 0.016161 0.000000 0.000000 -0.000000
1.000000 23.000000 2.000000 2.000000 3691.204610 0.005717 0.013899 0.000000 0.000000 0.000000
1.000000 24.000000 2.000000 2.000000 3298.819473 0.005104 0.012392 0.000000 0.000000 0.000000
1.000000 1.000000 3.000000 2.000000 3001.523626 0.004641 0.011255 0.000000 0.000000 -0.000000
1.000000 2.000000 3.000000 2.000000 2800.640386 0.004328 0.010489 0.000000 0.000000 -0.000000
1.000000 3.000000 3.000000 2.000000 2622.392465 0.004051 0.009811 0.000000 0.000000 -0.000000
1.000000 4.000000 3.000000 2.000000 2446.200385 0.003777 0.009142 0.000000 0.000000 -0.000000
1.000000 5.000000 3.000000 2.000000 2281.616815 0.003521 0.008519 0.000000 0.000000 -0.000000
1.000000 6.000000 3.000000 2.000000 2161.869115 0.003336 0.008066 0.000000 0.000000 -0.000000
1.000000 7.000000 3.000000 2.000000 2069.950230 0.003193 0.007719 0.000000 0.000000 -0.000000
1.000000 8.000000 3.000000 2.000000 2449.033334 0.003781 0.009153 0.000000 0.000000 -0.000000
1.000000 9.000000 3.000000 2.000000 3726.573306 0.005772 0.014035 0.000000 0.000000 -0.000000
1.000000 10.000000 3.000000 2.000000 5291.782568 0.008229 0.020121 0.000000 0.000000 -0.000000
1.000000 11.000000 3.000000 2.000000 7262.964126 0.011350 0.027953 0.000000 0.000000 -0.000000
1.000000 12.000000 3.000000 2.000000 8978.035256 0.014090 0.034925 0.000000 0.000000 -0.000000
1.000000 13.000000 3.000000 2.000000 10238.609970 0.016120 0.040145 0.000000 0.000000 -0.000000
1.000000 14.000000 3.000000 2.000000 22253.078012 0.036135 0.094402 0.000000 0.000000 0.000000
1.000000 15.000000 3.000000 2.000000 68815.156270 0.127206 0.427774 0.000000 0.000000 0.000000
1.000000 16.000000 3.000000 2.000000 156060.696290 0.389464 7.575109 0.000000 0.000000 0.000000
1.000000 17.000000 3.000000 2.000000 253188.170425 1.035311 -1.867834 0.000000 0.000000 -0.000000
1.000000 18.000000 3.000000 2.000000 290326.974303 1.570659 -1.486871 0.000000 0.000000 -0.000000
1.000000 19.000000 3.000000 2.000000 199469.617071 0.602778 -4.055292 -0.000000 0.000000 -0.000000
1.000000 20.000000 3.000000 2.000000 24525.010426 0.040062 0.105678 0.000000 0.000000 0.000000
1.000000 21.000000 3.000000 2.000000 6353.512514 0.009906 0.024316 0.000000 0.000000 -0.000000
1.000000 22.000000 3.000000 2.000000 4989.033904 0.007752 0.018935 0.000000 0.000000 -0.000000
1.000000 23.000000 3.000000 2.000000 4253.121500 0.006596 0.016070 0.000000 0.000000 0.000000
1.000000 24.000000 3.000000 2.000000 3742.165557 0.005796 0.014095 0.000000 0.000000 0.000000
1.000000 1.000000 4.000000 2.000000 3371.473073 0.005217 0.012671 0.000000 0.000000 0.000000
1.000000 2.000000 4.000000 2.000000 3103.212360 0.004799 0.011644 0.000000 0.000000 -0.000000
1.000000 3.000000 4.000000 2.000000 2879.523856 0.004451 0.010790 0.000000 0.000000 -0.000000
1.000000 4.000000 4.000000 2.000000 2684.201770 0.004147 0.010046 0.000000 0.000000 -0.000000
1.000000 5.000000 4.000000 2.000000 2504.647073 0.003868 0.009364 0.000000 0.000000 -0.000000
1.000000 6.000000 4.000000 2.000000 2332.517077 0.003600 0.008711 0.000000 0.000000 -0.000000
1.000000 7.000000 4.000000 2.000000 2212.439881 0.003414 0.008257 0.000000 0.000000 -0.000000
1.000000 8.000000 4.000000 2.000000 2635.133716 0.004071 0.009860 0.000000 0.000000 -0.000000
1.000000 9.000000 4.000000 2.000000 4003.587107 0.006205 0.015104 0.000000 0.000000 -0.000000
1.000000 10.000000 4.000000 2.000000 5656.227505 0.008803 0.021555 0.000000 0.000000 -0.000000
1.000000 11.000000 4.000000 2.000000 7544.226409 0.011797 0.029086 0.000000 0.000000 -0.000000
1.000000 12.000000 4.000000 2.000000 9156.641904 0.014377 0.035659 0.000000 0.000000 -0.000000
1.000000 13.000000 4.000000 2.000000 10264.381251 0.016162 0.040252 0.000000 0.000000 -0.000000
1.000000 14.000000 4.000000 2.000000 22011.830196 0.035721 0.093225 0.000000 0.000000 0.000000
1.000000 15.000000 4.000000 2.000000 68244.888157 0.125939 0.421825 0.000000 0.000000 0.000000
1.000000 16.000000 4.000000 2.000000 154985.256963 0.385118 6.940433 0.000000 0.000000 0.000000
1.000000 17.000000 4.000000 2.000000 251971.517965 1.022160 -1.886075 0.000000 0.000000 -0.000000
1.000000 18.000000 4.000000 2.000000 289106.946247 1.547636 -1.495647 0.000000 0.000000 -0.000000
1.000000 19.000000 4.000000 2.000000 198805.706436 0.598841 -4.131448 -0.000000 0.000000 -0.000000
1.000000 20.000000 4.000000 2.000000 24381.951803 0.039813 0.104957 0.000000 0.000000 0.000000
1.000000 21.000000 4.000000 2.000000 6363.709842 0.009922 0.024357 0.000000 0.000000 -0.000000
1.000000 22.000000 4.000000 2.000000 5048.825529 0.007846 0.019169 0.000000 0.000000 -0.000000
1.000000 23.000000 4.000000 2.000000 4341.550973 0.006735 0.016413 0.000000 0.000000 0.000000
1.000000 24.000000 4.000000 2.000000 3803.364456 0.005892 0.014331 0.000000 0.000000 0.000000
1.000000 1.000000 5.000000 2.000000 3436.149644 0.005318 0.012919 0.000000 0.000000 0.000000
1.000000 2.000000 5.000000 2.000000 3153.244428 0.004877 0.011835 0.000000 0.000000 -0.000000
1.000000 3.000000 5.000000 2.000000 2883.582304 0.004457 0.010805 0.000000 0.000000 -0.000000
1.000000 4.000000 5.000000 2.000000 2666.767663 0.004120 0.009980 0.000000 0.000000 -0.000000
1.000000 5.000000 5.000000 2.000000 2477.283467 0.003825 0.009260 0.000000 0.000000 -0.000000
1.000000 6.000000 5.000000 2.000000 2320.196812 0.003581 0.008665 0.000000 0.000000 -0.000000
1.000000 7.000000 5.000000 2.000000 2259.027594 0.003486 0.008433 0.000000 0.000000 -0.000000
1.000000 8.000000 5.000000 2.000000 2752.796369 0.004254 0.010307 0.010307 0.000000 -1752.140410
1.000000 9.000000 5.000000 2.000000 3621.806393 0.005608 0.013632 0.013632 0.000000 -191.350550
1.000000 10.000000 5.000000 2.000000 3028.535176 0.004683 0.011358 0.011358 0.000000 -2974.457029
1.000000 11.000000 5.000000 2.000000 2610.287322 0.004032 0.009765 0.009765 0.000000 -4878.288568
1.000000 12.000000 5.000000 2.000000 3139.730402 0.004856 0.011783 0.011783 0.000000 -3745.062696
1.000000 13.000000 5.000000 2.000000 3564.333725 0.005519 0.013411 0.013411 0.000000 -2485.546935
1.000000 14.000000 5.000000 2.000000 7678.162037 0.012011 0.029627 0.015603 0.000000 0.000000
1.000000 15.000000 5.000000 2.000000 23725.843932 0.038675 0.101671 0.038675 18885.325243 0.000000
1.000000 16.000000 5.000000 2.000000 53723.426334 0.095046 0.290191 0.095046 63246.956743 0.000000
1.000000 17.000000 5.000000 2.000000 86996.451417 0.170001 0.660879 0.170001 120570.217976 0.000000
1.000000 18.000000 5.000000 2.000000 98554.613526 0.199843 0.871738 0.199843 140091.639359 0.000000
1.000000 19.000000 5.000000 2.000000 181336.317566 0.503614 -9.051305 0.000000 0.000000 -0.000000
1.000000 20.000000 5.000000 2.000000 23114.391800 0.037618 0.098635 0.000000 0.000000 -0.000000
1.000000 21.000000 5.000000 2.000000 6012.086347 0.009365 0.022961 0.000000 0.000000 -0.000000
1.000000 22.000000 5.000000 2.000000 4815.245613 0.007479 0.018256 0.000000 0.000000 -0.000000
1.000000 23.000000 5.000000 2.000000 4160.186225 0.006451 0.015710 0.000000 0.000000 0.000000
1.000000 24.000000 5.000000 2.000000 3710.009866 0.005746 0.013972 0.000000 0.000000 0.000000
1.000000 1.000000 6.000000 2.000000 3376.145255 0.005225 0.012689 0.000000 0.000000 -0.000000
1.000000 2.000000 6.000000 2.000000 3109.898331 0.004810 0.011669 0.000000 0.000000 -0.000000
1.000000 3.000000 6.000000 2.000000 2880.695298 0.004453 0.010794 0.000000 0.000000 -0.000000
1.000000 4.000000 6.000000 2.000000 2681.109773 0.004142 0.010034 0.000000 0.000000 -0.000000
1.000000 5.000000 6.000000 2.000000 2493.461923 0.003850 0.009322 0.000000 0.000000 -0.000000
1.000000 6.000000 6.000000 2.000000 2332.464226 0.003600 0.008711 0.000000 0.000000 -0.000000
1.000000 7.000000 6.000000 2.000000 2213.713255 0.003416 0.008262 0.000000 0.000000 -0.000000
1.000000 8.000000 6.000000 2.000000 2824.893859 0.004366 0.010582 0.010562 0.000000 0.000000
1.000000 9.000000 6.000000 2.000000 3695.649220 0.005724 0.013916 0.011999 0.000000 0.000000
1.000000 10.000000 6.000000 2.000000 3101.499046 0.004796 0.011637 0.011637 0.000000 -1016.066547
1.000000 11.000000 6.000000 2.000000 2640.038152 0.004078 0.009878 0.009878 0.000000 -2735.880455
1.000000 12.000000 6.000000 2.000000 3039.194743 0.004699 0.011399 0.011399 0.000000 -2144.488629
1.000000 13.000000 6.000000 2.000000 3422.825736 0.005298 0.012868 0.012868 0.000000 -706.721987
1.000000 14.000000 6.000000 2.000000 7363.495251 0.011510 0.028358 0.013164 0.000000 0.000000
1.000000 15.000000 6.000000 2.000000 22769.423520 0.037023 0.096934 0.037023 19577.809096 0.000000
1.000000 16.000000 6.000000 2.000000 51679.514343 0.090902 0.274282 0.090902 61843.321573 0.000000
1.000000 17.000000 6.000000 2.000000 83523.844837 0.161453 0.608683 0.161453 115893.759384 0.000000
1.000000 18.000000 6.000000 2.000000 95111.084344 0.190720 0.802006 0.190720 135026.046032 0.000000
1.000000 19.000000 6.000000 2.000000 175716.985849 0.476063 -15.974304 0.000000 0.000000 -0.000000
1.000000 20.000000 6.000000 2.000000 22310.862956 0.036234 0.094685 0.000000 0.000000 -0.000000
1.000000 21.000000 6.000000 2.000000 5813.139539 0.009051 0.022174 0.000000 0.000000 -0.000000
1.000000 22.000000 6.000000 2.000000 4711.455618 0.007316 0.017851 0.000000 0.000000 -0.000000
1.000000 23.000000 6.000000 2.000000 4125.957749 0.006397 0.015577 0.000000 0.000000 0.000000
1.000000 24.000000 6.000000 2.000000 3656.365260 0.005662 0.013765 0.000000 0.000000 0.000000
1.000000 1.000000 7.000000 2.000000 3328.407614 0.005150 0.012506 0.000000 0.000000 -0.000000
1.000000 2.000000 7.000000 2.000000 3070.504693 0.004748 0.011519 0.000000 0.000000 -0.000000
1.000000 3.000000 7.000000 2.000000 2850.161284 0.004405 0.010678 0.000000 0.000000 -0.000000
1.000000 4.000000 7.000000 2.000000 2656.503345 0.004104 0.009941 0.000000 0.000000 -0.000000
1.000000 5.000000 7.000000 2.000000 2505.528206 0.003869 0.009367 0.000000 0.000000 -0.000000
1.000000 6.000000 7.000000 2.000000 2366.701551 0.003653 0.008841 0.000000 0.000000 -0.000000
1.000000 7.000000 7.000000 2.000000 2265.921990 0.003497 0.008459 0.000000 0.000000 -0.000000
1.000000 8.000000 7.000000 2.000000 2771.814410 0.004283 0.010380 0.010380 0.000000 -507.226853
1.000000 9.000000 7.000000 2.000000 3678.419597 0.005697 0.013850 0.011872 0.000000 0.000000
1.000000 10.000000 7.000000 2.000000 3112.149357 0.004813 0.011678 0.011678 0.000000 -998.767169
1.000000 11.000000 7.000000 2.000000 2649.190704 0.004092 0.009913 0.009913 0.000000 -2911.468378
1.000000 12.000000 7.000000 2.000000 3008.820842 0.004652 0.011283 0.011283 0.000000 -2285.199875
1.000000 13.000000 7.000000 2.000000 3388.031246 0.005243 0.012734 0.012734 0.000000 -941.537516
1.000000 14.000000 7.000000 2.000000 7280.978728 0.011378 0.028026 0.013319 0.000000 0.000000
1.000000 15.000000 7.000000 2.000000 22327.386451 0.036263 0.094765 0.036263 19048.488306 0.000000
1.000000 16.000000 7.000000 2.000000 50666.425362 0.088865 0.266601 0.088865 60359.124404 0.000000
1.000000 17.000000 7.000000 2.000000 82159.056921 0.158144 0.589314 0.158144 113491.654439 0.000000
1.000000 18.000000 7.000000 2.000000 93319.391234 0.186052 0.768238 0.186052 131664.950189 0.000000
1.000000 19.000000 7.000000 2.000000 172562.656654 0.461181 -29.106281 0.000000 0.000000 -0.000000
1.000000 20.000000 7.000000 2.000000 21813.340811 0.035380 0.092260 0.000000 0.000000 -0.000000
1.000000 21.000000 7.000000 2.000000 5642.067690 0.008781 0.021499 0.000000 0.000000 -0.000000
1.000000 22.000000 7.000000 2.000000 4547.712386 0.007058 0.017214 0.000000 0.000000 -0.000000
1.000000 23.000000 7.000000 2.000000 3966.327169 0.006147 0.014960 0.000000 0.000000 0.000000
1.000000 24.000000 7.000000 2.000000 3527.394060 0.005461 0.013269 0.000000 0.000000 0.000000
1.000000 1.000000 1.000000 2.000000 3215.402058 0.004974 0.012073 0.000000 0.000000 -0.000000
1.000000 2.000000 1.000000 2.000000 2948.463005 0.004558 0.011053 0.000000 0.000000 -0.000000
1.000000 3.000000 1.000000 2.000000 2713.763302 0.004193 0.010159 0.000000 0.000000 -0.000000
1.000000 4.000000 1.000000 2.000000 2529.843764 0.003907 0.009460 0.000000 0.000000 -0.000000
1.000000 5.000000 1.000000 2.000000 2377.322013 0.003670 0.008881 0.000000 0.000000 -0.000000
1.000000 6.000000 1.000000 2.000000 2252.662981 0.003476 0.008409 0.000000 0.000000 -0.000000
1.000000 7.000000 1.000000 2.000000 2162.240909 0.003336 0.008067 0.000000 0.000000 -0.000000
1.000000 8.000000 1.000000 2.000000 2805.499662 0.004336 0.010508 0.010508 0.000000 -1384.019755
1.000000 9.000000 1.000000 2.000000 3688.487014 0.005713 0.013889 0.013544 0.000000 0.000000
1.000000 10.000000 1.000000 2.000000 3060.229277 0.004732 0.011479 0.011479 0.000000 -2993.050043
1.000000 11.000000 1.000000 2.000000 2600.955025 0.004017 0.009730 0.009730 0.000000 -4644.317805
1.000000 12.000000 1.000000 2.000000 3112.355553 0.004813 0.011679 0.011679 0.000000 -3775.799398
1.000000 13.000000 1.000000 2.000000 3512.335659 0.005437 0.013211 0.013211 0.000000 -2487.789150
1.000000 14.000000 1.000000 2.000000 7568.246481 0.011836 0.029183 0.015708 0.000000 0.000000
1.000000 15.000000 1.000000 2.000000 23357.492503 0.038038 0.099839 0.038038 18333.457130 0.000000
1.000000 16.000000 1.000000 2.000000 52694.544578 0.092954 0.282113 0.092954 61720.466980 0.000000
1.000000 17.000000 1.000000 2.000000 85150.788224 0.165435 0.632598 0.165435 117296.341425 0.000000
1.000000 18.000000 1.000000 2.000000 96924.726458 0.195499 0.837901 0.195499 137173.520491 0.000000
1.000000 19.000000 1.000000 2.000000 178957.624369 0.491784 -11.039947 0.000000 0.000000 -0.000000
1.000000 20.000000 1.000000 2.000000 22959.229461 0.037351 0.097869 0.000000 0.000000 -0.000000
1.000000 21.000000 1.000000 2.000000 5979.487919 0.009314 0.022832 0.000000 0.000000 -0.000000
1.000000 22.000000 1.000000 2.000000 4805.760199 0.007464 0.018219 0.000000 0.000000 -0.000000
1.000000 23.000000 1.000000 2.000000 4182.171771 0.006485 0.015795 0.000000 0.000000 0.000000
1.000000 24.000000 1.000000 2.000000 3707.643124 0.005743 0.013963 0.000000 0.000000 0.000000
1.000000 1.000000 2.000000 2.000000 3376.062619 0.005225 0.012688 0.000000 0.000000 -0.000000
1.000000 2.000000 2.000000 2.000000 3104.610915 0.004801 0.011649 0.000000 0.000000 -0.000000
1.000000 3.000000 2.000000 2.000000 2884.443451 0.004458 0.010809 0.000000 0.000000 -0.000000
1.000000 4.000000 2.000000 2.000000 2691.303596 0.004158 0.010073 0.000000 0.000000 -0.000000
1.000000 5.000000 2.000000 2.000000 2520.170105 0.003892 0.009423 0.000000 0.000000 -0.000000
1.000000 6.000000 2.000000 2.000000 2367.745173 0.003655 0.008845 0.000000 0.000000 -0.000000
1.000000 7.000000 2.000000 2.000000 2262.890017 0.003492 0.008448 0.000000 0.000000 -0.000000
1.000000 8.000000 2.000000 2.000000 2781.307632 0.004298 0.010416 0.010416 0.000000 -1487.603967
1.000000 9.000000 2.000000 2.000000 3661.736032 0.005671 0.013786 0.013460 0.000000 0.000000
1.000000 10.000000 2.000000 2.000000 3051.651224 0.004719 0.011447 0.011447 0.000000 -2860.317158
1.000000 11.000000 2.000000 2.000000 2639.765491 0.004078 0.009877 0.009877 0.000000 -5305.636298
1.000000 12.000000 2.000000 2.000000 3217.644219 0.004978 0.012081 0.012081 0.000000 -4188.480641
1.000000 13.000000 2.000000 2.000000 3672.522653 0.005688 0.013827 0.013827 0.000000 -2800.018187
1.000000 14.000000 2.000000 2.000000 7873.305341 0.012322 0.030417 0.016348 0.000000 0.000000
1.000000 15.000000 2.000000 2.000000 24084.313554 0.039297 0.103463 0.039297 18975.586474 0.000000
1.000000 16.000000 2.000000 2.000000 54066.308382 0.095746 0.292915 0.095746 63633.480438 0.000000
1.000000 17.000000 2.000000 2.000000 87273.412851 0.170690 0.665233 0.170690 120988.566250 0.000000
1.000000 18.000000 2.000000 2.000000 99472.624459 0.202310 0.891496 0.202310 142097.519102 0.000000
1.000000 19.000000 2.000000 2.000000 183092.737288 0.512511 -8.009972 0.000000 0.000000 -0.000000
1.000000 20.000000 2.000000 2.000000 23497.311276 0.038280 0.100533 0.000000 0.000000 -0.000000
1.000000 21.000000 2.000000 2.000000 6125.426405 0.009545 0.023410 0.000000 0.000000 -0.000000
1.000000 22.000000 2.000000 2.000000 4906.310322 0.007622 0.018612 0.000000 0.000000 -0.000000
1.000000 23.000000 2.000000 2.000000 4266.502264 0.006617 0.016122 0.000000 0.000000 0.000000
1.000000 24.000000 2.000000 2.000000 3751.377588 0.005811 0.014131 0.000000 0.000000 0.000000
1.000000 1.000000 3.000000 2.000000 3388.658552 0.005244 0.012737 0.000000 0.000000 -0.000000
1.000000 2.000000 3.000000 2.000000 3122.733680 0.004830 0.011718 0.000000 0.000000 -0.000000
1.000000 3.000000 3.000000 2.000000 2903.114654 0.004487 0.010880 0.000000 0.000000 -0.000000
1.000000 4.000000 3.000000 2.000000 2721.439034 0.004205 0.010188 0.000000 0.000000 -0.000000
1.000000 5.000000 3.000000 2.000000 2541.025258 0.003924 0.009502 0.000000 0.000000 -0.000000
1.000000 6.000000 3.000000 2.000000 2373.489396 0.003664 0.008867 0.000000 0.000000 -0.000000
1.000000 7.000000 3.000000 2.000000 2235.207833 0.003449 0.008343 0.000000 0.000000 -0.000000
1.000000 8.000000 3.000000 2.000000 2619.824921 0.004047 0.009801 0.000000 0.000000 -0.000000
1.000000 9.000000 3.000000 2.000000 3953.741556 0.006127 0.014912 0.000000 0.000000 -0.000000
1.000000 10.000000 3.000000 2.000000 5557.410025 0.008647 0.021166 0.000000 0.000000 -0.000000
1.000000 11.000000 3.000000 2.000000 7603.775855 0.011892 0.029327 0.000000 0.000000 -0.000000
1.000000 12.000000 3.000000 2.000000 9304.570383 0.014615 0.036269 0.000000 0.000000 -0.000000
1.000000 13.000000 3.000000 2.000000 10544.416585 0.016614 0.041424 0.000000 0.000000 0.000000
1.000000 14.000000 3.000000 2.000000 22641.629359 0.036803 0.096306 0.000000 0.000000 0.000000
1.000000 15.000000 3.000000 2.000000 69326.602773 0.128347 0.433168 0.000000 0.000000 0.000000
1.000000 16.000000 3.000000 2.000000 156974.326406 0.393185 8.204412 0.000000 0.000000 0.000000
1.000000 17.000000 3.000000 2.000000 255994.172343 1.066458 -1.827708 0.000000 0.000000 -0.000000
1.000000 18.000000 3.000000 2.000000 295026.379646 1.664101 -1.454652 0.000000 0.000000 -0.000000
1.000000 19.000000 3.000000 2.000000 204931.644704 0.636166 -3.535201 -0.000000 0.000000 -0.000000
1.000000 20.000000 3.000000 2.000000 25954.663177 0.042557 0.112957 0.000000 0.000000 0.000000
1.000000 21.000000 3.000000 2.000000 6819.251044 0.010644 0.026174 0.000000 0.000000 -0.000000
1.000000 22.000000 3.000000 2.000000 5409.077475 0.008413 0.020582 0.000000 0.000000 -0.000000
1.000000 23.000000 3.000000 2.000000 4685.019598 0.007274 0.017748 0.000000 0.000000 0.000000
1.000000 24.000000 3.000000 2.000000 4116.782064 0.006383 0.015542 0.000000 0.000000 0.000000
1.000000 1.000000 4.000000 2.000000 3713.347646 0.005751 0.013984 0.000000 0.000000 0.000000
1.000000 2.000000 4.000000 2.000000 3399.525585 0.005261 0.012778 0.000000 0.000000 -0.000000
1.000000 3.000000 4.000000 2.000000 3139.243370 0.004855 0.011781 0.000000 0.000000 -0.000000
1.000000 4.000000 4.000000 2.000000 2912.637752 0.004502 0.010916 0.000000 0.000000 -0.000000
1.000000 5.000000 4.000000 2.000000 2684.006557 0.004147 0.010045 0.000000 0.000000 -0.000000
1.000000 6.000000 4.000000 2.000000 2489.878270 0.003845 0.009308 0.000000 0.000000 -0.000000
1.000000 7.000000 4.000000 2.000000 2340.171118 0.003612 0.008740 0.000000 0.000000 -0.000000
1.000000 8.000000 4.000000 2.000000 2700.077924 0.004172 0.010107 0.000000 0.000000 -0.000000
1.000000 9.000000 4.000000 2.000000 4031.128126 0.006249 0.015211 0.000000 0.000000 -0.000000
1.000000 10.000000 4.000000 2.000000 5603.829725 0.008721 0.021348 0.000000 0.000000 -0.000000
1.000000 11.000000 4.000000 2.000000 7627.001419 0.011929 0.029420 0.000000 0.000000 -0.000000
1.000000 12.000000 4.000000 2.000000 9413.369299 0.014790 0.036718 0.000000 0.000000 -0.000000
1.000000 13.000000 4.000000 2.000000 10730.058306 0.016915 0.042202 0.000000 0.000000 0.000000
1.000000 14.000000 4.000000 2.000000 23061.675771 0.037527 0.098375 0.000000 0.000000 0.000000
1.000000 15.000000 4.000000 2.000000 70538.526942 0.131063 0.446172 0.000000 0.000000 0.000000
1.000000 16.000000 4.000000 2.000000 159112.368367 0.402002 10.137420 0.000000 0.000000 0.000000
1.000000 17.000000 4.000000 2.000000 257908.125884 1.088383 -1.801788 0.000000 0.000000 -0.000000
1.000000 18.000000 4.000000 2.000000 297887.325851 1.724991 -1.436188 0.000000 0.000000 -0.000000
1.000000 19.000000 4.000000 2.000000 205722.366090 0.641151 -3.472685 -0.000000 0.000000 -0.000000
1.000000 20.000000 4.000000 2.000000 25954.103595 0.042556 0.112954 0.000000 0.000000 0.000000
1.000000 21.000000 4.000000 2.000000 6819.839241 0.010645 0.026176 0.000000 0.000000 -0.000000
1.000000 22.000000 4.000000 2.000000 5417.049941 0.008426 0.020613 0.000000 0.000000 -0.000000
1.000000 23.000000 4.000000 2.000000 4682.493387 0.007270 0.017738 0.000000 0.000000 0.000000
1.000000 24.000000 4.000000 2.000000 4161.010620 0.006452 0.015713 0.000000 0.000000 0.000000
1.000000 1.000000 5.000000 2.000000 3758.198136 0.005822 0.014157 0.000000 0.000000 0.000000
1.000000 2.000000 5.000000 2.000000 3432.582266 0.005313 0.012905 0.000000 0.000000 0.000000
1.000000 3.000000 5.000000 2.000000 3163.603113 0.004893 0.011875 0.000000 0.000000 -0.000000
1.000000 4.000000 5.000000 2.000000 2914.115203 0.004505 0.010922 0.000000 0.000000 -0.000000
1.000000 5.000000 5.000000 2.000000 2678.536014 0.004138 0.010025 0.000000 0.000000 -0.000000
1.000000 6.000000 5.000000 2.000000 2510.692584 0.003877 0.009387 0.000000 0.000000 -0.000000
1.000000 7.000000 5.000000 2.000000 2381.113118 0.003676 0.008896 0.000000 0.000000 -0.000000
1.000000 8.000000 5.000000 2.000000 2706.079616 0.004181 0.010129 0.010129 0.000000 -1904.594494
1.000000 9.000000 5.000000 2.000000 3558.820150 0.005510 0.013390 0.013390 0.000000 -379.057994
1.000000 10.000000 5.000000 2.000000 2972.491514 0.004595 0.011144 0.011144 0.000000 -3060.836324
1.000000 11.000000 5.000000 2.000000 2699.228648 0.004170 0.010103 0.010103 0.000000 -4905.370591
1.000000 12.000000 5.000000 2.000000 3256.391188 0.005038 0.012230 0.012230 0.000000 -3315.371569
1.000000 13.000000 5.000000 2.000000 3715.787909 0.005755 0.013994 0.013994 0.000000 -1807.298056
1.000000 14.000000 5.000000 2.000000 8103.759345 0.012690 0.031352 0.016786 0.000000 0.000000
1.000000 15.000000 5.000000 2.000000 24772.437407 0.040492 0.106927 0.040492 19577.495003 0.000000
1.000000 16.000000 5.000000 2.000000 55230.775310 0.098134 0.302290 0.098134 65131.610927 0.000000
1.000000 17.000000 5.000000 2.000000 88777.537839 0.174457 0.689405 0.174457 123605.261340 0.000000
1.000000 18.000000 5.000000 2.000000 100386.893938 0.204782 0.911701 0.204782 143486.985270 0.000000
1.000000 19.000000 5.000000 2.000000 182985.979852 0.511966 -8.065866 0.000000 0.000000 -0.000000
1.000000 20.000000 5.000000 2.000000 23516.623085 0.038313 0.100629 0.000000 0.000000 -0.000000
1.000000 21.000000 5.000000 2.000000 6168.724475 0.009613 0.023582 0.000000 0.000000 -0.000000
1.000000 22.000000 5.000000 2.000000 4972.350691 0.007726 0.018870 0.000000 0.000000 -0.000000
1.000000 23.000000 5.000000 2.000000 4352.840990 0.006753 0.016457 0.000000 0.000000 0.000000
1.000000 24.000000 5.000000 2.000000 3911.784648 0.006062 0.014750 0.000000 0.000000 0.000000
1.000000 1.000000 6.000000 2.000000 3581.598711 0.005546 0.013478 0.000000 0.000000 0.000000
1.000000 2.000000 6.000000 2.000000 3287.060524 0.005086 0.012347 0.000000 0.000000 -0.000000
1.000000 3.000000 6.000000 2.000000 3038.342054 0.004698 0.011396 0.000000 0.000000 -0.000000
1.000000 4.000000 6.000000 2.000000 2808.933018 0.004341 0.010521 0.000000 0.000000 -0.000000
1.000000 5.000000 6.000000 2.000000 2602.747731 0.004020 0.009736 0.000000 0.000000 -0.000000
1.000000 6.000000 6.000000 2.000000 2453.059966 0.003788 0.009168 0.000000 0.000000 -0.000000
1.000000 7.000000 6.000000 2.000000 2302.970829 0.003554 0.008600 0.000000 0.000000 -0.000000
1.000000 8.000000 6.000000 2.000000 2746.841312 0.004244 0.010284 0.010284 0.000000 -489.771260
1.000000 9.000000 6.000000 2.000000 3595.084485 0.005567 0.013529 0.012374 0.000000 0.000000
1.000000 10.000000 6.000000 2.000000 3044.898513 0.004708 0.011421 0.011421 0.000000 -1293.797584
1.000000 11.000000 6.000000 2.000000 2653.555683 0.004099 0.009930 0.009930 0.000000 -3814.341797
1.000000 12.000000 6.000000 2.000000 3221.935651 0.004984 0.012098 0.012098 0.000000 -2574.887479
1.000000 13.000000 6.000000 2.000000 3667.992918 0.005681 0.013810 0.013810 0.000000 -1003.591074
1.000000 14.000000 6.000000 2.000000 7831.461899 0.012255 0.030248 0.014769 0.000000 0.000000
1.000000 15.000000 6.000000 2.000000 23484.560182 0.038258 0.100470 0.038258 19999.489405 0.000000
1.000000 16.000000 6.000000 2.000000 52462.852420 0.092484 0.280313 0.092484 62810.147776 0.000000
1.000000 17.000000 6.000000 2.000000 84614.814727 0.164119 0.624618 0.164119 117740.503051 0.000000
1.000000 18.000000 6.000000 2.000000 95522.583722 0.191799 0.809994 0.191799 135721.660753 0.000000
1.000000 19.000000 6.000000 2.000000 174905.581142 0.472196 -18.039932 0.000000 0.000000 -0.000000
1.000000 20.000000 6.000000 2.000000 22245.783305 0.036123 0.094366 0.000000 0.000000 -0.000000
1.000000 21.000000 6.000000 2.000000 5810.022020 0.009046 0.022162 0.000000 0.000000 -0.000000
1.000000 22.000000 6.000000 2.000000 4693.741652 0.007288 0.017782 0.000000 0.000000 -0.000000
1.000000 23.000000 6.000000 2.000000 4138.340650 0.006416 0.015625 0.000000 0.000000 0.000000
1.000000 24.000000 6.000000 2.000000 3748.847866 0.005807 0.014121 0.000000 0.000000 0.000000
1.000000 1.000000 7.000000 2.000000 3453.810466 0.005346 0.012987 0.000000 0.000000 0.000000
1.000000 2.000000 7.000000 2.000000 3194.179267 0.004941 0.011992 0.000000 0.000000 0.000000
1.000000 3.000000 7.000000 2.000000 2993.850864 0.004629 0.011226 0.000000 0.000000 -0.000000
1.000000 4.000000 7.000000 2.000000 2821.504960 0.004360 0.010569 0.000000 0.000000 -0.000000
1.000000 5.000000 7.000000 2.000000 2661.597018 0.004112 0.009960 0.000000 0.000000 -0.000000
1.000000 6.000000 7.000000 2.000000 2512.656723 0.003880 0.009394 0.000000 0.000000 -0.000000
1.000000 7.000000 7.000000 2.000000 2384.720338 0.003681 0.008909 0.000000 0.000000 -0.000000
1.000000 8.000000 7.000000 2.000000 2741.579866 0.004236 0.010264 0.010264 0.000000 -1179.073032
1.000000 9.000000 7.000000 2.000000 3524.193257 0.005456 0.013257 0.012955 0.000000 0.000000
1.000000 10.000000 7.000000 2.000000 2961.739643 0.004579 0.011103 0.011103 0.000000 -2086.438314
1.000000 11.000000 7.000000 2.000000 2690.389493 0.004156 0.010070 0.010070 0.000000 -3750.485841
1.000000 12.000000 7.000000 2.000000 3210.916573 0.004967 0.012056 0.012056 0.000000 -2052.853023
1.000000 13.000000 7.000000 2.000000 3594.616420 0.005566 0.013528 0.013528 0.000000 -558.697348
1.000000 14.000000 7.000000 2.000000 7683.006025 0.012019 0.029647 0.013746 0.000000 0.000000
1.000000 15.000000 7.000000 2.000000 23332.692650 0.037995 0.099716 0.037995 19927.441606 0.000000
1.000000 16.000000 7.000000 2.000000 52332.623045 0.092221 0.279305 0.092221 62614.076415 0.000000
1.000000 17.000000 7.000000 2.000000 84480.173675 0.163789 0.622629 0.163789 117576.225475 0.000000
1.000000 18.000000 7.000000 2.000000 95734.541479 0.192356 0.814144 0.192356 136257.332489 0.000000
1.000000 19.000000 7.000000 2.000000 175996.909053 0.477403 -15.370890 0.000000 0.000000 -0.000000
1.000000 20.000000 7.000000 2.000000 22403.739149 0.036394 0.095139 0.000000 0.000000 -0.000000
1.000000 21.000000 7.000000 2.000000 5848.509013 0.009107 0.022314 0.000000 0.000000 -0.000000
1.000000 22.000000 7.000000 2.000000 4725.348598 0.007337 0.017905 0.000000 0.000000 -0.000000
1.000000 23.000000 7.000000 2.000000 4170.216716 0.006466 0.015749 0.000000 0.000000 0.000000
1.000000 24.000000 7.000000 2.000000 3735.926103 0.005787 0.014071 0.000000 0.000000 0.000000
1.000000 1.000000 1.000000 2.000000 3404.957336 0.005270 0.012799 0.000000 0.000000 0.000000
1.000000 2.000000 1.000000 2.000000 3177.248170 0.004915 0.011927 0.000000 0.000000 -0.000000
1.000000 3.000000 1.000000 2.000000 2994.049304 0.004629 0.011227 0.000000 0.000000 -0.000000
1.000000 4.000000 1.000000 2.000000 2813.547627 0.004348 0.010538 0.000000 0.000000 -0.000000
1.000000 5.000000 1.000000 2.000000 2621.871901 0.004050 0.009809 0.000000 0.000000 -0.000000
1.000000 6.000000 1.000000 2.000000 2474.476320 0.003821 0.009250 0.000000 0.000000 -0.000000
1.000000 7.000000 1.000000 2.000000 2347.186384 0.003623 0.008767 0.000000 0.000000 -0.000000
1.000000 8.000000 1.000000 2.000000 2747.183513 0.004245 0.010286 0.010286 0.000000 -1729.248967
1.000000 9.000000 1.000000 2.000000 3671.553346 0.005686 0.013824 0.013241 0.000000 0.000000
1.000000 10.000000 1.000000 2.000000 3081.537941 0.004765 0.011561 0.011561 0.000000 -2302.246957
1.000000 11.000000 1.000000 2.000000 2609.269594 0.004030 0.009761 0.009761 0.000000 -4771.000807
1.000000 12.000000 1.000000 2.000000 3075.893190 0.004757 0.011539 0.011539 0.000000 -3716.895468
1.000000 13.000000 1.000000 2.000000 3495.484878 0.005411 0.013147 0.013147 0.000000 -2597.101628
1.000000 14.000000 1.000000 2.000000 7474.219714 0.011686 0.028804 0.015546 0.000000 0.000000
1.000000 15.000000 1.000000 2.000000 22846.581543 0.037156 0.097314 0.037156 18004.413023 0.000000
1.000000 16.000000 1.000000 2.000000 51401.155221 0.090341 0.272159 0.090341 60041.944975 0.000000
1.000000 17.000000 1.000000 2.000000 83356.344009 0.161046 0.606273 0.161046 114227.390434 0.000000
1.000000 18.000000 1.000000 2.000000 94674.805534 0.189578 0.793633 0.189578 132943.858570 0.000000
1.000000 19.000000 1.000000 2.000000 175055.493007 0.472908 -17.617448 0.000000 0.000000 -0.000000
1.000000 20.000000 1.000000 2.000000 22589.112466 0.036713 0.096048 0.000000 0.000000 -0.000000
1.000000 21.000000 1.000000 2.000000 5979.878244 0.009315 0.022834 0.000000 0.000000 -0.000000
1.000000 22.000000 1.000000 2.000000 4844.647441 0.007525 0.018371 0.000000 0.000000 -0.000000
1.000000 23.000000 1.000000 2.000000 4237.865735 0.006572 0.016011 0.000000 0.000000 0.000000
1.000000 24.000000 1.000000 2.000000 3839.444433 0.005949 0.014470 0.000000 0.000000 0.000000
1.000000 1.000000 2.000000 2.000000 3531.387433 0.005467 0.013285 0.000000 0.000000 -0.000000
1.000000 2.000000 2.000000 2.000000 3290.665685 0.005091 0.012361 0.000000 0.000000 -0.000000
1.000000 3.000000 2.000000 2.000000 3086.810384 0.004774 0.011581 0.000000 0.000000 -0.000000
1.000000 4.000000 2.000000 2.000000 2907.964830 0.004495 0.010898 0.000000 0.000000 -0.000000
1.000000 5.000000 2.000000 2.000000 2710.272287 0.004187 0.010145 0.000000 0.000000 -0.000000
1.000000 6.000000 2.000000 2.000000 2535.218553 0.003915 0.009480 0.000000 0.000000 -0.000000
1.000000 7.000000 2.000000 2.000000 2396.605289 0.003700 0.008954 0.000000 0.000000 -0.000000
1.000000 8.000000 2.000000 2.000000 2745.860122 0.004243 0.010281 0.010281 0.000000 -1596.837510
1.000000 9.000000 2.000000 2.000000 3689.144179 0.005714 0.013891 0.012852 0.000000 0.000000
1.000000 10.000000 2.000000 2.000000 3119.918397 0.004825 0.011708 0.011708 0.000000 -1933.036705
1.000000 11.000000 2.000000 2.000000 2637.129747 0.004074 0.009867 0.009867 0.000000 -4304.925283
1.000000 12.000000 2.000000 2.000000 3028.830173 0.004683 0.011360 0.011360 0.000000 -3337.916177
1.000000 13.000000 2.000000 2.000000 3400.473242 0.005263 0.012782 0.012782 0.000000 -2200.513125
1.000000 14.000000 2.000000 2.000000 7230.973952 0.011299 0.027825 0.014988 0.000000 0.000000
1.000000 15.000000 2.000000 2.000000 22098.296099 0.035869 0.093647 0.035869 17416.157254 0.000000
1.000000 16.000000 2.000000 2.000000 49897.311857 0.087327 0.260857 0.087327 58061.306919 0.000000
1.000000 17.000000 2.000000 2.000000 81123.847533 0.155653 0.575024 0.155653 110395.870204 0.000000
1.000000 18.000000 2.000000 2.000000 92102.912043 0.182914 0.746209 0.182914 128418.734134 0.000000
1.000000 19.000000 2.000000 2.000000 169868.786251 0.448787 -106.319025 0.000000 0.000000 -0.000000
1.000000 20.000000 2.000000 2.000000 21436.159376 0.034734 0.090433 0.000000 0.000000 -0.000000
1.000000 21.000000 2.000000 2.000000 5615.804681 0.008739 0.021396 0.000000 0.000000 -0.000000
1.000000 22.000000 2.000000 2.000000 4511.002469 0.007001 0.017071 0.000000 0.000000 -0.000000
1.000000 23.000000 2.000000 2.000000 3903.820806 0.006049 0.014719 0.000000 0.000000 0.000000
1.000000 24.000000 2.000000 2.000000 3551.434941 0.005498 0.013362 0.000000 0.000000 0.000000
1.000000 1.000000 3.000000 2.000000 3255.999939 0.005037 0.012228 0.000000 0.000000 -0.000000
1.000000 2.000000 3.000000 2.000000 3021.476028 0.004672 0.011331 0.000000 0.000000 -0.000000
1.000000 3.000000 3.000000 2.000000 2830.652007 0.004375 0.010604 0.000000 0.000000 -0.000000
1.000000 4.000000 3.000000 2.000000 2691.313192 0.004158 0.010073 0.000000 0.000000 -0.000000
1.000000 5.000000 3.000000 2.000000 2539.478991 0.003922 0.009496 0.000000 0.000000 -0.000000
1.000000 6.000000 3.000000 2.000000 2390.570850 0.003690 0.008931 0.000000 0.000000 -0.000000
1.000000 7.000000 3.000000 2.000000 2267.587043 0.003500 0.008466 0.000000 0.000000 -0.000000
1.000000 8.000000 3.000000 2.000000 2605.873166 0.004025 0.009748 0.000000 0.000000 -0.000000
1.000000 9.000000 3.000000 2.000000 3789.985382 0.005871 0.014280 0.000000 0.000000 -0.000000
1.000000 10.000000 3.000000 2.000000 5306.562613 0.008252 0.020179 0.000000 0.000000 -0.000000
1.000000 11.000000 3.000000 2.000000 7241.438086 0.011315 0.027867 0.000000 0.000000 -0.000000
1.000000 12.000000 3.000000 2.000000 8899.103874 0.013964 0.034600 0.000000 0.000000 -0.000000
1.000000 13.000000 3.000000 2.000000 10156.230422 0.015987 0.039801 0.000000 0.000000 -0.000000
1.000000 14.000000 3.000000 2.000000 21760.838366 0.035290 0.092005 0.000000 0.000000 0.000000
1.000000 15.000000 3.000000 2.000000 66515.201413 0.122120 0.404187 0.000000 0.000000 0.000000
1.000000 16.000000 3.000000 2.000000 149895.183908 0.365047 4.912313 0.000000 0.000000 0.000000
1.000000 17.000000 3.000000 2.000000 244276.059929 0.943585 -2.015087 0.000000 0.000000 -0.000000
1.000000 18.000000 3.000000 2.000000 279997.982698 1.389912 -1.567261 0.000000 0.000000 -0.000000
1.000000 19.000000 3.000000 2.000000 192061.797942 0.560230 -5.152175 -0.000000 0.000000 -0.000000
1.000000 20.000000 3.000000 2.000000 23683.932952 0.038603 0.101462 0.000000 0.000000 0.000000
1.000000 21.000000 3.000000 2.000000 6163.268265 0.009605 0.023560 0.000000 0.000000 -0.000000
1.000000 22.000000 3.000000 2.000000 4898.709005 0.007610 0.018582 0.000000 0.000000 -0.000000
1.000000 23.000000 3.000000 2.000000 4239.289006 0.006575 0.016016 0.000000 0.000000 0.000000
1.000000 24.000000 3.000000 2.000000 3776.700645 0.005850 0.014229 0.000000 0.000000 0.000000
1.000000 1.000000 4.000000 2.000000 3417.527966 0.005289 0.012847 0.000000 0.000000 0.000000
1.000000 2.000000 4.000000 2.000000 3133.626590 0.004847 0.011760 0.000000 0.000000 -0.000000
1.000000 3.000000 4.000000 2.000000 2876.921166 0.004447 0.010780 0.000000 0.000000 -0.000000
1.000000 4.000000 4.000000 2.000000 2697.099221 0.004167 0.010095 0.000000 0.000000 -0.000000
1.000000 5.000000 4.000000 2.000000 2528.699411 0.003905 0.009455 0.000000 0.000000 -0.000000
1.000000 6.000000 4.000000 2.000000 2390.469213 0.003690 0.008931 0.000000 0.000000 -0.000000
1.000000 7.000000 4.000000 2.000000 2267.879159 0.003500 0.008467 0.000000 0.000000 -0.000000
1.000000 8.000000 4.000000 2.000000 2635.611685 0.004071 0.009861 0.000000 0.000000 -0.000000
1.000000 9.000000 4.000000 2.000000 3931.248545 0.006092 0.014825 0.000000 0.000000 -0.000000
1.000000 10.000000 4.000000 2.000000 5448.332074 0.008475 0.020736 0.000000 0.000000 -0.000000
1.000000 11.000000 4.000000 2.000000 7279.941476 0.011377 0.028021 0.000000 0.000000 -0.000000
1.000000 12.000000 4.000000 2.000000 8834.451211 0.013860 0.034335 0.000000 0.000000 -0.000000
1.000000 13.000000 4.000000 2.000000 9990.549543 0.015720 0.039111 0.000000 0.000000 -0.000000
1.000000 14.000000 4.000000 2.000000 21479.955945 0.034809 0.090644 0.000000 0.000000 0.000000
1.000000 15.000000 4.000000 2.000000 65634.020796 0.120190 0.395428 0.000000 0.000000 0.000000
1.000000 16.000000 4.000000 2.000000 149302.005472 0.362760 4.744591 0.000000 0.000000 0.000000
1.000000 17.000000 4.000000 2.000000 244108.791770 0.941960 -2.018184 0.000000 0.000000 -0.000000
1.000000 18.000000 4.000000 2.000000 280759.676284 1.402217 -1.560826 0.000000 0.000000 -0.000000
1.000000 19.000000 4.000000 2.000000 192792.271578 0.564294 -5.013816 -0.000000 0.000000 -0.000000
1.000000 20.000000 4.000000 2.000000 23765.139846 0.038743 0.101867 0.000000 0.000000 0.000000
1.000000 21.000000 4.000000 2.000000 6212.274469 0.009682 0.023755 0.000000 0.000000 -0.000000
1.000000 22.000000 4.000000 2.000000 4979.606182 0.007737 0.018898 0.000000 0.000000 -0.000000
1.000000 23.000000 4.000000 2.000000 4328.705261 0.006715 0.016363 0.000000 0.000000 0.000000
1.000000 24.000000 4.000000 2.000000 3832.014086 0.005937 0.014442 0.000000 0.000000 0.000000
1.000000 1.000000 5.000000 2.000000 3455.659272 0.005349 0.012994 0.000000 0.000000 0.000000
1.000000 2.000000 5.000000 2.000000 3206.951268 0.004961 0.012040 0.000000 0.000000 -0.000000
1.000000 3.000000 5.000000 2.000000 2983.201574 0.004612 0.011185 0.000000 0.000000 -0.000000
1.000000 4.000000 5.000000 2.000000 2800.950607 0.004328 0.010490 0.000000 0.000000 -0.000000
1.000000 5.000000 5.000000 2.000000 2616.793224 0.004042 0.009790 0.000000 0.000000 -0.000000
1.000000 6.000000 5.000000 2.000000 2461.807194 0.003801 0.009201 0.000000 0.000000 -0.000000
1.000000 7.000000 5.000000 2.000000 2339.362495 0.003611 0.008737 0.000000 0.000000 -0.000000
1.000000 8.000000 5.000000 2.000000 2749.967057 0.004249 0.010296 0.010296 0.000000 -1421.229316
1.000000 9.000000 5.000000 2.000000 3629.908429 0.005621 0.013663 0.013090 0.000000 0.000000
1.000000 10.000000 5.000000 2.000000 3029.277732 0.004684 0.011361 0.011361 0.000000 -2877.504943
1.000000 11.000000 5.000000 2.000000 2661.213878 0.004111 0.009959 0.009959 0.000000 -5813.505762
1.000000 12.000000 5.000000 2.000000 3227.998689 0.004994 0.012121 0.012121 0.000000 -4524.343255
1.000000 13.000000 5.000000 2.000000 3660.821657 0.005669 0.013782 0.013782 0.000000 -2971.606358
1.000000 14.000000 5.000000 2.000000 7668.376749 0.011995 0.029588 0.016088 0.000000 0.000000
1.000000 15.000000 5.000000 2.000000 22920.860348 0.037284 0.097680 0.037284 18147.788389 0.000000
1.000000 16.000000 5.000000 2.000000 51123.231514 0.089782 0.270048 0.089782 59882.399700 0.000000
1.000000 17.000000 5.000000 2.000000 82458.808117 0.158869 0.593516 0.158869 112862.843210 0.000000
1.000000 18.000000 5.000000 2.000000 93361.916099 0.186162 0.769021 0.186162 130832.909557 0.000000
1.000000 19.000000 5.000000 2.000000 170769.093261 0.452897 -56.078747 0.000000 0.000000 -0.000000
1.000000 20.000000 5.000000 2.000000 21511.722186 0.034864 0.090798 0.000000 0.000000 -0.000000
1.000000 21.000000 5.000000 2.000000 5602.464327 0.008718 0.021343 0.000000 0.000000 -0.000000
1.000000 22.000000 5.000000 2.000000 4522.816836 0.007019 0.017117 0.000000 0.000000 -0.000000
1.000000 23.000000 5.000000 2.000000 3945.716867 0.006115 0.014881 0.000000 0.000000 0.000000
1.000000 24.000000 5.000000 2.000000 3480.090078 0.005387 0.013088 0.000000 0.000000 0.000000
1.000000 1.000000 6.000000 2.000000 3122.326787 0.004829 0.011717 0.000000 0.000000 -0.000000
1.000000 2.000000 6.000000 2.000000 2866.223203 0.004430 0.010739 0.000000 0.000000 -0.000000
1.000000 3.000000 6.000000 2.000000 2646.810256 0.004089 0.009904 0.000000 0.000000 -0.000000
1.000000 4.000000 6.000000 2.000000 2486.325378 0.003839 0.009294 0.000000 0.000000 -0.000000
1.000000 5.000000 6.000000 2.000000 2338.376896 0.003609 0.008734 0.000000 0.000000 -0.000000
1.000000 6.000000 6.000000 2.000000 2223.396136 0.003431 0.008298 0.000000 0.000000 -0.000000
1.000000 7.000000 6.000000 2.000000 2129.900310 0.003286 0.007945 0.000000 0.000000 -0.000000
1.000000 8.000000 6.000000 2.000000 2860.945290 0.004422 0.010719 0.010272 0.000000 0.000000
1.000000 9.000000 6.000000 2.000000 3611.538613 0.005592 0.013593 0.011324 0.000000 0.000000
1.000000 10.000000 6.000000 2.000000 3126.502326 0.004835 0.011733 0.011733 0.000000 -605.372230
1.000000 11.000000 6.000000 2.000000 2659.054533 0.004108 0.009951 0.009951 0.000000 -3128.875701
1.000000 12.000000 6.000000 2.000000 2955.570048 0.004569 0.011080 0.011080 0.000000 -2141.748997
1.000000 13.000000 6.000000 2.000000 3307.508442 0.005118 0.012426 0.012426 0.000000 -736.045659
1.000000 14.000000 6.000000 2.000000 7176.177605 0.011212 0.027604 0.013343 0.000000 0.000000
1.000000 15.000000 6.000000 2.000000 22339.828816 0.036284 0.094826 0.036284 18865.233143 0.000000
1.000000 16.000000 6.000000 2.000000 50775.413662 0.089084 0.267421 0.089084 60388.765841 0.000000
1.000000 17.000000 6.000000 2.000000 82115.487859 0.158039 0.588706 0.158039 113103.132836 0.000000
1.000000 18.000000 6.000000 2.000000 92569.420147 0.184114 0.754574 0.184114 130398.470038 0.000000
1.000000 19.000000 6.000000 2.000000 168954.196897 0.444643 -1326.939755 0.000000 0.000000 -0.000000
1.000000 20.000000 6.000000 2.000000 20986.648211 0.033966 0.088267 0.000000 0.000000 -0.000000
1.000000 21.000000 6.000000 2.000000 5389.204130 0.008382 0.020504 0.000000 0.000000 -0.000000
1.000000 22.000000 6.000000 2.000000 4326.617825 0.006712 0.016355 0.000000 0.000000 -0.000000
1.000000 23.000000 6.000000 2.000000 3763.209485 0.005829 0.014177 0.000000 0.000000 0.000000
1.000000 24.000000 6.000000 2.000000 3385.923888 0.005240 0.012726 0.000000 0.000000 0.000000
1.000000 1.000000 7.000000 2.000000 3079.189435 0.004762 0.011552 0.000000 0.000000 -0.000000
1.000000 2.000000 7.000000 2.000000 2836.707654 0.004384 0.010627 0.000000 0.000000 -0.000000
1.000000 3.000000 7.000000 2.000000 2622.279084 0.004051 0.009811 0.000000 0.000000 -0.000000
1.000000 4.000000 7.000000 2.000000 2471.158493 0.003816 0.009237 0.000000 0.000000 -0.000000
1.000000 5.000000 7.000000 2.000000 2365.667398 0.003652 0.008837 0.000000 0.000000 -0.000000
1.000000 6.000000 7.000000 2.000000 2260.828231 0.003489 0.008440 0.000000 0.000000 -0.000000
1.000000 7.000000 7.000000 2.000000 2141.335717 0.003304 0.007988 0.000000 0.000000 -0.000000
1.000000 8.000000 7.000000 2.000000 2859.669521 0.004420 0.010714 0.010455 0.000000 0.000000
1.000000 9.000000 7.000000 2.000000 3612.233621 0.005593 0.013595 0.011577 0.000000 0.000000
1.000000 10.000000 7.000000 2.000000 3125.192403 0.004833 0.011728 0.011728 0.000000 -818.168241
1.000000 11.000000 7.000000 2.000000 2660.254079 0.004110 0.009955 0.009955 0.000000 -2321.569409
1.000000 12.000000 7.000000 2.000000 2966.160321 0.004586 0.011120 0.011120 0.000000 -1710.143239
1.000000 13.000000 7.000000 2.000000 3354.546610 0.005191 0.012606 0.012606 0.000000 -764.862063
1.000000 14.000000 7.000000 2.000000 7268.816083 0.011359 0.027977 0.013400 0.000000 0.000000
1.000000 15.000000 7.000000 2.000000 22499.147565 0.036558 0.095606 0.036558 19029.568071 0.000000
1.000000 16.000000 7.000000 2.000000 50519.642357 0.088571 0.265499 0.088571 60168.958392 0.000000
1.000000 17.000000 7.000000 2.000000 80949.663911 0.155236 0.572653 0.155236 111406.974153 0.000000
1.000000 18.000000 7.000000 2.000000 91239.230862 0.180700 0.730988 0.180700 127875.333839 0.000000
1.000000 19.000000 7.000000 2.000000 167538.714040 0.438293 77.984117 0.000000 0.000000 0.000000
1.000000 20.000000 7.000000 2.000000 20962.624078 0.033925 0.088152 0.000000 0.000000 -0.000000
1.000000 21.000000 7.000000 2.000000 5466.240561 0.008504 0.020807 0.000000 0.000000 -0.000000
1.000000 22.000000 7.000000 2.000000 4359.880983 0.006764 0.016484 0.000000 0.000000 -0.000000
1.000000 23.000000 7.000000 2.000000 3778.446672 0.005853 0.014235 0.000000 0.000000 0.000000
1.000000 24.000000 7.000000 2.000000 3377.168508 0.005226 0.012693 0.000000 0.000000 0.000000
1.000000 1.000000 1.000000 3.000000 3089.669089 0.004778 0.011592 0.000000 0.000000 -0.000000
1.000000 2.000000 1.000000 3.000000 2862.277524 0.004424 0.010724 0.000000 0.000000 -0.000000
1.000000 3.000000 1.000000 3.000000 2652.454595 0.004097 0.009925 0.000000 0.000000 -0.000000
1.000000 4.000000 1.000000 3.000000 2474.360420 0.003821 0.009249 0.000000 0.000000 -0.000000
1.000000 5.000000 1.000000 3.000000 2323.294203 0.003586 0.008677 0.000000 0.000000 -0.000000
1.000000 6.000000 1.000000 3.000000 2223.805375 0.003432 0.008300 0.000000 0.000000 -0.000000
1.000000 7.000000 1.000000 3.000000 2103.101838 0.003244 0.007844 0.000000 0.000000 -0.000000
1.000000 8.000000 1.000000 3.000000 2780.182535 0.004296 0.010411 0.010411 0.000000 -1238.852517
1.000000 9.000000 1.000000 3.000000 3352.326062 0.005188 0.012597 0.012597 0.000000 -508.044303
1.000000 10.000000 1.000000 3.000000 3118.698295 0.004823 0.011703 0.011703 0.000000 -2644.030954
1.000000 11.000000 1.000000 3.000000 2561.859300 0.003957 0.009581 0.009581 0.000000 -5038.538722
1.000000 12.000000 1.000000 3.000000 2918.868506 0.004512 0.010940 0.010940 0.000000 -4643.009288
1.000000 13.000000 1.000000 3.000000 3492.976432 0.005407 0.013137 0.013137 0.000000 -3122.131890
1.000000 14.000000 1.000000 3.000000 11904.238558 0.018822 0.047171 0.018822 2605.769023 0.000000
1.000000 15.000000 1.000000 3.000000 34819.197563 0.058458 0.161556 0.058458 34852.104029 0.000000
1.000000 16.000000 1.000000 3.000000 73051.211929 0.136759 0.474181 0.136759 96145.177864 0.000000
1.000000 17.000000 1.000000 3.000000 113283.270502 0.241295 1.267494 0.241295 176043.150067 0.000000
1.000000 18.000000 1.000000 3.000000 108763.923689 0.228138 1.125436 0.228138 158882.061402 0.000000
1.000000 19.000000 1.000000 3.000000 147828.750479 0.357125 4.368925 0.000000 0.000000 0.000000
1.000000 20.000000 1.000000 3.000000 7360.947774 0.011506 0.028347 0.000000 0.000000 -0.000000
1.000000 21.000000 1.000000 3.000000 5188.682410 0.008066 0.019717 0.000000 0.000000 -0.000000
1.000000 22.000000 1.000000 3.000000 4419.620289 0.006857 0.016716 0.000000 0.000000 0.000000
1.000000 23.000000 1.000000 3.000000 3866.786500 0.005991 0.014576 0.000000 0.000000 0.000000
1.000000 24.000000 1.000000 3.000000 3466.951190 0.005367 0.013037 0.000000 0.000000 0.000000
1.000000 1.000000 2.000000 3.000000 3189.429508 0.004934 0.011973 0.000000 0.000000 -0.000000
1.000000 2.000000 2.000000 3.000000 2976.447362 0.004602 0.011160 0.000000 0.000000 -0.000000
1.000000 3.000000 2.000000 3.000000 2765.137286 0.004273 0.010354 0.000000 0.000000 -0.000000
1.000000 4.000000 2.000000 3.000000 2588.527791 0.003998 0.009682 0.000000 0.000000 -0.000000
1.000000 5.000000 2.000000 3.000000 2434.886112 0.003759 0.009099 0.000000 0.000000 -0.000000
1.000000 6.000000 2.000000 3.000000 2309.021869 0.003564 0.008622 0.000000 0.000000 -0.000000
1.000000 7.000000 2.000000 3.000000 2187.167469 0.003375 0.008161 0.000000 0.000000 -0.000000
1.000000 8.000000 2.000000 3.000000 2741.382598 0.004236 0.010264 0.010264 0.000000 -1428.724008
1.000000 9.000000 2.000000 3.000000 3384.683287 0.005238 0.012721 0.012721 0.000000 -320.800232
1.000000 10.000000 2.000000 3.000000 3131.736181 0.004844 0.011753 0.011753 0.000000 -2207.808482
1.000000 11.000000 2.000000 3.000000 2565.717810 0.003963 0.009596 0.009596 0.000000 -4767.661289
1.000000 12.000000 2.000000 3.000000 2893.650449 0.004473 0.010844 0.010844 0.000000 -4085.865085
1.000000 13.000000 2.000000 3.000000 3434.173534 0.005315 0.012911 0.012911 0.000000 -2685.072219
1.000000 14.000000 2.000000 3.000000 11592.112670 0.018314 0.045843 0.018314 2415.307426 0.000000
1.000000 15.000000 2.000000 3.000000 33580.335085 0.056190 0.154381 0.056190 33437.902884 0.000000
1.000000 16.000000 2.000000 3.000000 70535.364680 0.131056 0.446137 0.131056 92151.512273 0.000000
1.000000 17.000000 2.000000 3.000000 109255.243560 0.229549 1.139836 0.229549 167404.603093 0.000000
1.000000 18.000000 2.000000 3.000000 105870.877769 0.219924 1.045196 0.219924 153537.382914 0.000000
1.000000 19.000000 2.000000 3.000000 145906.995222 0.349871 3.951329 0.000000 0.000000 0.000000
1.000000 20.000000 2.000000 3.000000 7262.034287 0.011348 0.027949 0.000000 0.000000 -0.000000
1.000000 21.000000 2.000000 3.000000 5106.795635 0.007937 0.019396 0.000000 0.000000 -0.000000
1.000000 22.000000 2.000000 3.000000 4325.166060 0.006709 0.016349 0.000000 0.000000 0.000000
1.000000 23.000000 2.000000 3.000000 3782.419129 0.005859 0.014251 0.000000 0.000000 0.000000
1.000000 24.000000 2.000000 3.000000 3380.042739 0.005231 0.012704 0.000000 0.000000 0.000000
1.000000 1.000000 3.000000 3.000000 3090.714712 0.004780 0.011596 0.000000 0.000000 -0.000000
1.000000 2.000000 3.000000 3.000000 2870.501668 0.004437 0.010755 0.000000 0.000000 -0.000000
1.000000 3.000000 3.000000 3.000000 2670.961017 0.004126 0.009996 0.000000 0.000000 -0.000000
1.000000 4.000000 3.000000 3.000000 2499.485974 0.003860 0.009344 0.000000 0.000000 -0.000000
1.000000 5.000000 3.000000 3.000000 2340.080426 0.003612 0.008740 0.000000 0.000000 -0.000000
1.000000 6.000000 3.000000 3.000000 2217.517688 0.003422 0.008276 0.000000 0.000000 -0.000000
1.000000 7.000000 3.000000 3.000000 2090.964478 0.003226 0.007798 0.000000 0.000000 -0.000000
1.000000 8.000000 3.000000 3.000000 2396.847763 0.003700 0.008955 0.000000 0.000000 -0.000000
1.000000 9.000000 3.000000 3.000000 3340.241239 0.005169 0.012551 0.000000 0.000000 -0.000000
1.000000 10.000000 3.000000 3.000000 4690.253226 0.007282 0.017769 0.000000 0.000000 -0.000000
1.000000 11.000000 3.000000 3.000000 6913.647645 0.010794 0.026551 0.000000 0.000000 -0.000000
1.000000 12.000000 3.000000 3.000000 8342.036290 0.013071 0.032322 0.000000 0.000000 -0.000000
1.000000 13.000000 3.000000 3.000000 9921.742242 0.015609 0.038825 0.000000 0.000000 0.000000
1.000000 14.000000 3.000000 3.000000 33617.715861 0.056258 0.154596 0.000000 0.000000 0.000000
1.000000 15.000000 3.000000 3.000000 98359.978637 0.199322 0.867615 0.000000 0.000000 0.000000
1.000000 16.000000 3.000000 3.000000 207833.858823 0.654657 -3.318184 0.000000 0.000000 -0.000000
1.000000 17.000000 3.000000 3.000000 325069.604198 2.520158 -1.294496 0.000000 0.000000 -0.000000
1.000000 18.000000 3.000000 3.000000 317815.101790 2.259601 -1.327252 0.000000 0.000000 -0.000000
1.000000 19.000000 3.000000 3.000000 162446.056005 0.416058 15.716648 0.000000 0.000000 0.000000
1.000000 20.000000 3.000000 3.000000 7901.486072 0.012367 0.030531 0.000000 0.000000 -0.000000
1.000000 21.000000 3.000000 3.000000 5513.741379 0.008578 0.020994 0.000000 0.000000 -0.000000
1.000000 22.000000 3.000000 3.000000 4642.481011 0.007207 0.017583 0.000000 0.000000 0.000000
1.000000 23.000000 3.000000 3.000000 4046.897347 0.006273 0.015271 0.000000 0.000000 0.000000
1.000000 24.000000 3.000000 3.000000 3600.882064 0.005576 0.013552 0.000000 0.000000 0.000000
1.000000 1.000000 4.000000 3.000000 3386.105487 0.005240 0.012727 0.000000 0.000000 0.000000
1.000000 2.000000 4.000000 3.000000 3108.196824 0.004807 0.011663 0.000000 0.000000 -0.000000
1.000000 3.000000 4.000000 3.000000 2861.050201 0.004422 0.010719 0.000000 0.000000 -0.000000
1.000000 4.000000 4.000000 3.000000 2651.385878 0.004096 0.009921 0.000000 0.000000 -0.000000
1.000000 5.000000 4.000000 3.000000 2475.824996 0.003823 0.009255 0.000000 0.000000 -0.000000
1.000000 6.000000 4.000000 3.000000 2352.082543 0.003631 0.008786 0.000000 0.000000 -0.000000
1.000000 7.000000 4.000000 3.000000 2200.384268 0.003395 0.008211 0.000000 0.000000 -0.000000
1.000000 8.000000 4.000000 3.000000 2498.611846 0.003858 0.009341 0.000000 0.000000 -0.000000
1.000000 9.000000 4.000000 3.000000 3476.170424 0.005381 0.013073 0.000000 0.000000 -0.000000
1.000000 10.000000 4.000000 3.000000 4820.702424 0.007487 0.018277 0.000000 0.000000 -0.000000
1.000000 11.000000 4.000000 3.000000 6975.880295 0.010893 0.026801 0.000000 0.000000 -0.000000
1.000000 12.000000 4.000000 3.000000 8258.431899 0.012938 0.031981 0.000000 0.000000 -0.000000
1.000000 13.000000 4.000000 3.000000 9720.093734 0.015284 0.037988 0.000000 0.000000 -0.000000
1.000000 14.000000 4.000000 3.000000 33234.740675 0.055560 0.152403 0.000000 0.000000 0.000000
1.000000 15.000000 4.000000 3.000000 98189.231768 0.198865 0.864017 0.000000 0.000000 0.000000
1.000000 16.000000 4.000000 3.000000 208596.271251 0.659606 -3.266433 0.000000 0.000000 -0.000000
1.000000 17.000000 4.000000 3.000000 326417.673727 2.573857 -1.288742 0.000000 0.000000 -0.000000
1.000000 18.000000 4.000000 3.000000 320406.768020 2.347572 -1.315190 0.000000 0.000000 -0.000000
1.000000 19.000000 4.000000 3.000000 164888.271659 0.426604 25.725481 0.000000 0.000000 0.000000
1.000000 20.000000 4.000000 3.000000 8141.109013 0.012750 0.031504 0.000000 0.000000 -0.000000
1.000000 21.000000 4.000000 3.000000 5584.099078 0.008689 0.021271 0.000000 0.000000 -0.000000
1.000000 22.000000 4.000000 3.000000 4661.401900 0.007237 0.017656 0.000000 0.000000 0.000000
1.000000 23.000000 4.000000 3.000000 4070.498428 0.006310 0.015363 0.000000 0.000000 0.000000
1.000000 24.000000 4.000000 3.000000 3619.042914 0.005604 0.013622 0.000000 0.000000 0.000000
1.000000 1.000000 5.000000 3.000000 3245.479108 0.005021 0.012188 0.000000 0.000000 0.000000
1.000000 2.000000 5.000000 3.000000 2970.944641 0.004593 0.011139 0.000000 0.000000 -0.000000
1.000000 3.000000 5.000000 3.000000 2760.713874 0.004266 0.010337 0.000000 0.000000 -0.000000
1.000000 4.000000 5.000000 3.000000 2589.618808 0.004000 0.009687 0.000000 0.000000 -0.000000
1.000000 5.000000 5.000000 3.000000 2461.457259 0.003801 0.009200 0.000000 0.000000 -0.000000
1.000000 6.000000 5.000000 3.000000 2355.562184 0.003636 0.008799 0.000000 0.000000 -0.000000
1.000000 7.000000 5.000000 3.000000 2198.610317 0.003393 0.008205 0.000000 0.000000 -0.000000
1.000000 8.000000 5.000000 3.000000 2772.970495 0.004285 0.010384 0.010384 0.000000 -814.203660
1.000000 9.000000 5.000000 3.000000 3291.108293 0.005092 0.012363 0.012363 0.000000 -365.466542
1.000000 10.000000 5.000000 3.000000 3204.169962 0.004957 0.012030 0.012030 0.000000 -801.950386
1.000000 11.000000 5.000000 3.000000 2638.456891 0.004076 0.009872 0.009872 0.000000 -3089.966497
1.000000 12.000000 5.000000 3.000000 2744.167638 0.004240 0.010274 0.010274 0.000000 -2766.240521
1.000000 13.000000 5.000000 3.000000 3188.529465 0.004932 0.011970 0.011970 0.000000 -2770.133288
1.000000 14.000000 5.000000 3.000000 11071.663667 0.017468 0.043640 0.017468 2145.405009 0.000000
1.000000 15.000000 5.000000 3.000000 32673.514660 0.054540 0.149212 0.054540 32910.689061 0.000000
1.000000 16.000000 5.000000 3.000000 69210.822214 0.128088 0.431942 0.128088 90100.923096 0.000000
1.000000 17.000000 5.000000 3.000000 108245.730642 0.226655 1.110501 0.226655 164304.363425 0.000000
1.000000 18.000000 5.000000 3.000000 105358.813733 0.218487 1.031756 0.218487 152149.576991 0.000000
1.000000 19.000000 5.000000 3.000000 145100.205986 0.346858 3.796135 0.000000 0.000000 0.000000
1.000000 20.000000 5.000000 3.000000 7261.813633 0.011348 0.027949 0.000000 0.000000 -0.000000
1.000000 21.000000 5.000000 3.000000 5055.120245 0.007856 0.019194 0.000000 0.000000 -0.000000
1.000000 22.000000 5.000000 3.000000 4244.080885 0.006582 0.016035 0.000000 0.000000 0.000000
1.000000 23.000000 5.000000 3.000000 3727.024559 0.005773 0.014037 0.000000 0.000000 0.000000
1.000000 24.000000 5.000000 3.000000 3339.694543 0.005168 0.012549 0.000000 0.000000 0.000000
1.000000 1.000000 6.000000 3.000000 3039.936097 0.004701 0.011402 0.000000 0.000000 -0.000000
1.000000 2.000000 6.000000 3.000000 2792.277757 0.004315 0.010457 0.000000 0.000000 -0.000000
1.000000 3.000000 6.000000 3.000000 2604.989308 0.004024 0.009745 0.000000 0.000000 -0.000000
1.000000 4.000000 6.000000 3.000000 2449.252796 0.003782 0.009154 0.000000 0.000000 -0.000000
1.000000 5.000000 6.000000 3.000000 2328.598988 0.003594 0.008697 0.000000 0.000000 -0.000000
1.000000 6.000000 6.000000 3.000000 2230.599995 0.003442 0.008326 0.000000 0.000000 -0.000000
1.000000 7.000000 6.000000 3.000000 2102.221607 0.003243 0.007840 0.000000 0.000000 -0.000000
1.000000 8.000000 6.000000 3.000000 2833.933289 0.004380 0.010616 0.009751 0.000000 0.000000
1.000000 9.000000 6.000000 3.000000 3212.912097 0.004970 0.012063 0.011127 0.000000 0.000000
1.000000 10.000000 6.000000 3.000000 3241.992508 0.005015 0.012175 0.011058 0.000000 0.000000
1.000000 11.000000 6.000000 3.000000 2656.824675 0.004104 0.009942 0.009942 0.000000 -1671.389046
1.000000 12.000000 6.000000 3.000000 2761.391512 0.004267 0.010340 0.010340 0.000000 -1450.125147
1.000000 13.000000 6.000000 3.000000 3219.785824 0.004981 0.012090 0.012090 0.000000 -1145.022784
1.000000 14.000000 6.000000 3.000000 11180.329341 0.017645 0.044099 0.017645 3451.238894 0.000000
1.000000 15.000000 6.000000 3.000000 33076.902793 0.055273 0.151503 0.055273 34353.671022 0.000000
1.000000 16.000000 6.000000 3.000000 71823.062610 0.133964 0.460310 0.133964 95602.344438 0.000000
1.000000 17.000000 6.000000 3.000000 111242.757411 0.235305 1.200595 0.235305 172368.237853 0.000000
1.000000 18.000000 6.000000 3.000000 107791.854863 0.225360 1.097627 0.225360 158366.917688 0.000000
1.000000 19.000000 6.000000 3.000000 147403.209993 0.355510 4.270012 0.000000 0.000000 0.000000
1.000000 20.000000 6.000000 3.000000 7457.169036 0.011659 0.028735 0.000000 0.000000 -0.000000
1.000000 21.000000 6.000000 3.000000 5227.249339 0.008127 0.019868 0.000000 0.000000 -0.000000
1.000000 22.000000 6.000000 3.000000 4426.277910 0.006868 0.016742 0.000000 0.000000 0.000000
1.000000 23.000000 6.000000 3.000000 3899.876180 0.006043 0.014704 0.000000 0.000000 0.000000
1.000000 24.000000 6.000000 3.000000 3494.751087 0.005410 0.013144 0.000000 0.000000 0.000000
1.000000 1.000000 7.000000 3.000000 3186.119760 0.004928 0.011961 0.000000 0.000000 -0.000000
1.000000 2.000000 7.000000 3.000000 2923.358868 0.004519 0.010957 0.000000 0.000000 -0.000000
1.000000 3.000000 7.000000 3.000000 2697.844151 0.004168 0.010098 0.000000 0.000000 -0.000000
1.000000 4.000000 7.000000 3.000000 2513.250497 0.003881 0.009397 0.000000 0.000000 -0.000000
1.000000 5.000000 7.000000 3.000000 2365.225712 0.003651 0.008835 0.000000 0.000000 -0.000000
1.000000 6.000000 7.000000 3.000000 2247.734218 0.003469 0.008391 0.000000 0.000000 -0.000000
1.000000 7.000000 7.000000 3.000000 2114.200801 0.003262 0.007886 0.000000 0.000000 -0.000000
1.000000 8.000000 7.000000 3.000000 2830.323006 0.004374 0.010602 0.009609 0.000000 0.000000
1.000000 9.000000 7.000000 3.000000 3236.971327 0.005008 0.012155 0.011036 0.000000 0.000000
1.000000 10.000000 7.000000 3.000000 3201.861938 0.004953 0.012021 0.011892 0.000000 0.000000
1.000000 11.000000 7.000000 3.000000 2605.982956 0.004025 0.009749 0.009749 0.000000 -2968.628635
1.000000 12.000000 7.000000 3.000000 2855.794622 0.004414 0.010699 0.010699 0.000000 -2507.079231
1.000000 13.000000 7.000000 3.000000 3348.326161 0.005181 0.012582 0.012582 0.000000 -1351.534069
1.000000 14.000000 7.000000 3.000000 11484.225161 0.018138 0.045385 0.018138 3436.523525 0.000000
1.000000 15.000000 7.000000 3.000000 33598.284026 0.056223 0.154484 0.056223 34512.460011 0.000000
1.000000 16.000000 7.000000 3.000000 72766.406382 0.136109 0.470933 0.136109 96894.351305 0.000000
1.000000 17.000000 7.000000 3.000000 112647.660982 0.239420 1.246135 0.239420 175323.770322 0.000000
1.000000 18.000000 7.000000 3.000000 109607.765339 0.230564 1.150316 0.230564 162137.419717 0.000000
1.000000 19.000000 7.000000 3.000000 149565.900324 0.363776 4.817935 0.000000 0.000000 0.000000
1.000000 20.000000 7.000000 3.000000 7581.443432 0.011857 0.029236 0.000000 0.000000 -0.000000
1.000000 21.000000 7.000000 3.000000 5308.332603 0.008255 0.020186 0.000000 0.000000 -0.000000
1.000000 22.000000 7.000000 3.000000 4473.499881 0.006942 0.016925 0.000000 0.000000 0.000000
1.000000 23.000000 7.000000 3.000000 3919.123266 0.006073 0.014778 0.000000 0.000000 0.000000
1.000000 24.000000 7.000000 3.000000 3481.997038 0.005390 0.013095 0.000000 0.000000 0.000000
1.000000 1.000000 1.000000 3.000000 3170.001155 0.004903 0.011899 0.000000 0.000000 -0.000000
1.000000 2.000000 1.000000 3.000000 2912.137454 0.004502 0.010914 0.000000 0.000000 -0.000000
1.000000 3.000000 1.000000 3.000000 2704.042706 0.004178 0.010122 0.000000 0.000000 -0.000000
1.000000 4.000000 1.000000 3.000000 2525.992521 0.003901 0.009445 0.000000 0.000000 -0.000000
1.000000 5.000000 1.000000 3.000000 2352.859752 0.003632 0.008788 0.000000 0.000000 -0.000000
1.000000 6.000000 1.000000 3.000000 2202.786402 0.003399 0.008221 0.000000 0.000000 -0.000000
1.000000 7.000000 1.000000 3.000000 2062.140320 0.003181 0.007689 0.000000 0.000000 -0.000000
1.000000 8.000000 1.000000 3.000000 2866.778442 0.004431 0.010741 0.010741 0.000000 -162.184092
1.000000 9.000000 1.000000 3.000000 3163.536795 0.004893 0.011874 0.011874 0.000000 -349.911793
1.000000 10.000000 1.000000 3.000000 3255.595526 0.005037 0.012227 0.012227 0.000000 -1087.568355
1.000000 11.000000 1.000000 3.000000 2618.029959 0.004044 0.009795 0.009795 0.000000 -4135.244363
1.000000 12.000000 1.000000 3.000000 2864.770795 0.004428 0.010734 0.010734 0.000000 -3950.811630
1.000000 13.000000 1.000000 3.000000 3383.257573 0.005236 0.012716 0.012716 0.000000 -2462.973983
1.000000 14.000000 1.000000 3.000000 11631.600666 0.018378 0.046011 0.018378 2208.176262 0.000000
1.000000 15.000000 1.000000 3.000000 34108.241665 0.057155 0.157423 0.057155 33504.092278 0.000000
1.000000 16.000000 1.000000 3.000000 72539.548251 0.135592 0.468359 0.135592 94957.112721 0.000000
1.000000 17.000000 1.000000 3.000000 111573.307559 0.236269 1.211109 0.236269 171937.486720 0.000000
1.000000 18.000000 1.000000 3.000000 108109.668305 0.226266 1.106621 0.226266 158303.890161 0.000000
1.000000 19.000000 1.000000 3.000000 146896.231011 0.353592 4.157169 0.000000 0.000000 0.000000
1.000000 20.000000 1.000000 3.000000 7395.323319 0.011560 0.028486 0.000000 0.000000 -0.000000
1.000000 21.000000 1.000000 3.000000 5170.984747 0.008038 0.019647 0.000000 0.000000 -0.000000
1.000000 22.000000 1.000000 3.000000 4322.617472 0.006705 0.016339 0.000000 0.000000 0.000000
1.000000 23.000000 1.000000 3.000000 3794.548673 0.005878 0.014297 0.000000 0.000000 0.000000
1.000000 24.000000 1.000000 3.000000 3413.341036 0.005283 0.012831 0.000000 0.000000 0.000000
1.000000 1.000000 2.000000 3.000000 3130.724809 0.004842 0.011749 0.000000 0.000000 -0.000000
1.000000 2.000000 2.000000 3.000000 2882.931421 0.004456 0.010803 0.000000 0.000000 -0.000000
1.000000 3.000000 2.000000 3.000000 2684.512557 0.004147 0.010047 0.000000 0.000000 -0.000000
1.000000 4.000000 2.000000 3.000000 2526.646689 0.003902 0.009447 0.000000 0.000000 -0.000000
1.000000 5.000000 2.000000 3.000000 2378.170132 0.003671 0.008884 0.000000 0.000000 -0.000000
1.000000 6.000000 2.000000 3.000000 2236.748003 0.003452 0.008349 0.000000 0.000000 -0.000000
1.000000 7.000000 2.000000 3.000000 2109.450259 0.003254 0.007868 0.000000 0.000000 -0.000000
1.000000 8.000000 2.000000 3.000000 2836.061888 0.004383 0.010624 0.010624 0.000000 -492.307558
1.000000 9.000000 2.000000 3.000000 3186.282859 0.004929 0.011961 0.011961 0.000000 -491.855104
1.000000 10.000000 2.000000 3.000000 3256.508908 0.005038 0.012230 0.012230 0.000000 -903.382876
1.000000 11.000000 2.000000 3.000000 2636.723657 0.004073 0.009866 0.009866 0.000000 -3528.287158
1.000000 12.000000 2.000000 3.000000 2824.694603 0.004365 0.010581 0.010581 0.000000 -3331.584930
1.000000 13.000000 2.000000 3.000000 3347.049650 0.005179 0.012577 0.012577 0.000000 -2389.515748
1.000000 14.000000 2.000000 3.000000 11506.852184 0.018175 0.045481 0.018175 2563.698883 0.000000
1.000000 15.000000 2.000000 3.000000 33915.915686 0.056803 0.156312 0.056803 33861.592034 0.000000
1.000000 16.000000 2.000000 3.000000 71881.852371 0.134097 0.460966 0.134097 94334.167938 0.000000
1.000000 17.000000 2.000000 3.000000 110186.628661 0.232236 1.167797 0.232236 169244.471146 0.000000
1.000000 18.000000 2.000000 3.000000 106005.585454 0.220303 1.048769 0.220303 154302.632878 0.000000
1.000000 19.000000 2.000000 3.000000 143802.499301 0.342050 3.567460 0.000000 0.000000 0.000000
1.000000 20.000000 2.000000 3.000000 7121.072278 0.011124 0.027383 0.000000 0.000000 -0.000000
1.000000 21.000000 2.000000 3.000000 4956.213974 0.007700 0.018807 0.000000 0.000000 -0.000000
1.000000 22.000000 2.000000 3.000000 4092.586177 0.006345 0.015448 0.000000 0.000000 -0.000000
1.000000 23.000000 2.000000 3.000000 3581.931538 0.005546 0.013479 0.000000 0.000000 0.000000
1.000000 24.000000 2.000000 3.000000 3209.160146 0.004964 0.012049 0.000000 0.000000 0.000000
1.000000 1.000000 3.000000 3.000000 2932.681261 0.004533 0.010993 0.000000 0.000000 -0.000000
1.000000 2.000000 3.000000 3.000000 2697.976403 0.004168 0.010099 0.000000 0.000000 -0.000000
1.000000 3.000000 3.000000 3.000000 2513.503670 0.003881 0.009398 0.000000 0.000000 -0.000000
1.000000 4.000000 3.000000 3.000000 2365.912937 0.003652 0.008838 0.000000 0.000000 -0.000000
1.000000 5.000000 3.000000 3.000000 2227.207029 0.003437 0.008313 0.000000 0.000000 -0.000000
1.000000 6.000000 3.000000 3.000000 2104.229451 0.003246 0.007848 0.000000 0.000000 -0.000000
1.000000 7.000000 3.000000 3.000000 1973.162136 0.003043 0.007353 0.000000 0.000000 -0.000000
1.000000 8.000000 3.000000 3.000000 2238.577125 0.003455 0.008356 0.000000 0.000000 -0.000000
1.000000 9.000000 3.000000 3.000000 3109.822777 0.004809 0.011669 0.000000 0.000000 -0.000000
1.000000 10.000000 3.000000 3.000000 4372.734412 0.006784 0.016534 0.000000 0.000000 -0.000000
1.000000 11.000000 3.000000 3.000000 6424.844195 0.010019 0.024600 0.000000 0.000000 -0.000000
1.000000 12.000000 3.000000 3.000000 7785.674087 0.012182 0.030062 0.000000 0.000000 -0.000000
1.000000 13.000000 3.000000 3.000000 9292.349087 0.014595 0.036218 0.000000 0.000000 -0.000000
1.000000 14.000000 3.000000 3.000000 32022.873188 0.053360 0.145546 0.000000 0.000000 0.000000
1.000000 15.000000 3.000000 3.000000 95128.593371 0.190765 0.802344 0.000000 0.000000 0.000000
1.000000 16.000000 3.000000 3.000000 206110.590101 0.643612 -3.442964 0.000000 0.000000 -0.000000
1.000000 17.000000 3.000000 3.000000 320862.653150 2.363605 -1.313110 0.000000 0.000000 -0.000000
1.000000 18.000000 3.000000 3.000000 315851.369971 2.196339 -1.336674 0.000000 0.000000 -0.000000
1.000000 19.000000 3.000000 3.000000 160732.063669 0.408784 12.277554 0.000000 0.000000 0.000000
1.000000 20.000000 3.000000 3.000000 7832.776280 0.012258 0.030253 0.000000 0.000000 -0.000000
1.000000 21.000000 3.000000 3.000000 5368.416650 0.008349 0.020422 0.000000 0.000000 -0.000000
1.000000 22.000000 3.000000 3.000000 4443.907205 0.006896 0.016810 0.000000 0.000000 0.000000
1.000000 23.000000 3.000000 3.000000 3857.593720 0.005977 0.014540 0.000000 0.000000 0.000000
1.000000 24.000000 3.000000 3.000000 3432.654517 0.005313 0.012905 0.000000 0.000000 0.000000
1.000000 1.000000 4.000000 3.000000 3129.577244 0.004840 0.011744 0.000000 0.000000 0.000000
1.000000 2.000000 4.000000 3.000000 2885.584100 0.004460 0.010813 0.000000 0.000000 -0.000000
1.000000 3.000000 4.000000 3.000000 2682.318180 0.004144 0.010039 0.000000 0.000000 -0.000000
1.000000 4.000000 4.000000 3.000000 2506.720265 0.003871 0.009372 0.000000 0.000000 -0.000000
1.000000 5.000000 4.000000 3.000000 2340.198430 0.003612 0.008741 0.000000 0.000000 -0.000000
1.000000 6.000000 4.000000 3.000000 2204.095038 0.003401 0.008225 0.000000 0.000000 -0.000000
1.000000 7.000000 4.000000 3.000000 2072.935515 0.003198 0.007730 0.000000 0.000000 -0.000000
1.000000 8.000000 4.000000 3.000000 2352.888717 0.003632 0.008789 0.000000 0.000000 -0.000000
1.000000 9.000000 4.000000 3.000000 3285.060258 0.005083 0.012340 0.000000 0.000000 -0.000000
1.000000 10.000000 4.000000 3.000000 4651.307506 0.007221 0.017617 0.000000 0.000000 -0.000000
1.000000 11.000000 4.000000 3.000000 6851.254672 0.010695 0.026302 0.000000 0.000000 -0.000000
1.000000 12.000000 4.000000 3.000000 8247.111090 0.012919 0.031935 0.000000 0.000000 -0.000000
1.000000 13.000000 4.000000 3.000000 9819.008840 0.015443 0.038398 0.000000 0.000000 0.000000
1.000000 14.000000 4.000000 3.000000 33517.003008 0.056075 0.154018 0.000000 0.000000 0.000000
1.000000 15.000000 4.000000 3.000000 98736.683472 0.200331 0.875616 0.000000 0.000000 0.000000
1.000000 16.000000 4.000000 3.000000 210018.447623 0.668939 -3.175025 0.000000 0.000000 -0.000000
1.000000 17.000000 4.000000 3.000000 326900.176160 2.593525 -1.286706 0.000000 0.000000 -0.000000
1.000000 18.000000 4.000000 3.000000 320524.932612 2.351712 -1.314650 0.000000 0.000000 -0.000000
1.000000 19.000000 4.000000 3.000000 163477.642607 0.420487 18.839422 0.000000 0.000000 0.000000
1.000000 20.000000 4.000000 3.000000 8001.759410 0.012527 0.030938 0.000000 0.000000 -0.000000
1.000000 21.000000 4.000000 3.000000 5478.389907 0.008523 0.020855 0.000000 0.000000 -0.000000
1.000000 22.000000 4.000000 3.000000 4578.959468 0.007107 0.017335 0.000000 0.000000 0.000000
1.000000 23.000000 4.000000 3.000000 3968.512245 0.006151 0.014969 0.000000 0.000000 0.000000
1.000000 24.000000 4.000000 3.000000 3511.546077 0.005436 0.013208 0.000000 0.000000 0.000000
1.000000 1.000000 5.000000 3.000000 3183.392201 0.004924 0.011950 0.000000 0.000000 0.000000
1.000000 2.000000 5.000000 3.000000 2921.376490 0.004516 0.010949 0.000000 0.000000 -0.000000
1.000000 3.000000 5.000000 3.000000 2703.341334 0.004177 0.010119 0.000000 0.000000 -0.000000
1.000000 4.000000 5.000000 3.000000 2521.605246 0.003894 0.009428 0.000000 0.000000 -0.000000
1.000000 5.000000 5.000000 3.000000 2342.742085 0.003616 0.008750 0.000000 0.000000 -0.000000
1.000000 6.000000 5.000000 3.000000 2194.079323 0.003386 0.008188 0.000000 0.000000 -0.000000
1.000000 7.000000 5.000000 3.000000 2054.920943 0.003170 0.007662 0.000000 0.000000 -0.000000
1.000000 8.000000 5.000000 3.000000 2876.102752 0.004445 0.010777 0.010777 0.000000 -1.094799
1.000000 9.000000 5.000000 3.000000 3133.373950 0.004846 0.011759 0.011759 0.000000 -392.030479
1.000000 10.000000 5.000000 3.000000 3300.482694 0.005107 0.012399 0.012399 0.000000 -244.437415
1.000000 11.000000 5.000000 3.000000 2685.395095 0.004149 0.010051 0.010051 0.000000 -2405.849299
1.000000 12.000000 5.000000 3.000000 2712.810265 0.004191 0.010155 0.010155 0.000000 -2568.364255
1.000000 13.000000 5.000000 3.000000 3197.746278 0.004946 0.012005 0.012005 0.000000 -1820.638977
1.000000 14.000000 5.000000 3.000000 11076.196660 0.017476 0.043659 0.017476 2703.921435 0.000000
1.000000 15.000000 5.000000 3.000000 33036.070650 0.055199 0.151271 0.055199 33804.383414 0.000000
1.000000 16.000000 5.000000 3.000000 70473.946787 0.130918 0.445471 0.130918 92419.275860 0.000000
1.000000 17.000000 5.000000 3.000000 109183.461003 0.229343 1.137718 0.229343 167737.474918 0.000000
1.000000 18.000000 5.000000 3.000000 105527.750627 0.218960 1.036166 0.218960 153127.409370 0.000000
1.000000 19.000000 5.000000 3.000000 144167.387432 0.343397 3.629331 0.000000 0.000000 0.000000
1.000000 20.000000 5.000000 3.000000 7211.349101 0.011267 0.027746 0.000000 0.000000 -0.000000
1.000000 21.000000 5.000000 3.000000 5034.910826 0.007824 0.019114 0.000000 0.000000 -0.000000
1.000000 22.000000 5.000000 3.000000 4263.174675 0.006612 0.016109 0.000000 0.000000 0.000000
1.000000 23.000000 5.000000 3.000000 3749.160752 0.005807 0.014122 0.000000 0.000000 0.000000
1.000000 24.000000 5.000000 3.000000 3353.483848 0.005189 0.012602 0.000000 0.000000 0.000000
1.000000 1.000000 6.000000 3.000000 3063.330324 0.004737 0.011491 0.000000 0.000000 -0.000000
1.000000 2.000000 6.000000 3.000000 2829.815459 0.004373 0.010600 0.000000 0.000000 -0.000000
1.000000 3.000000 6.000000 3.000000 2643.360008 0.004083 0.009891 0.000000 0.000000 -0.000000
1.000000 4.000000 6.000000 3.000000 2504.654322 0.003868 0.009364 0.000000 0.000000 -0.000000
1.000000 5.000000 6.000000 3.000000 2385.317130 0.003682 0.008911 0.000000 0.000000 -0.000000
1.000000 6.000000 6.000000 3.000000 2283.807263 0.003525 0.008527 0.000000 0.000000 -0.000000
1.000000 7.000000 6.000000 3.000000 2164.082258 0.003339 0.008074 0.000000 0.000000 -0.000000
1.000000 8.000000 6.000000 3.000000 2795.859728 0.004321 0.010471 0.010079 0.000000 0.000000
1.000000 9.000000 6.000000 3.000000 3265.438489 0.005052 0.012264 0.011263 0.000000 0.000000
1.000000 10.000000 6.000000 3.000000 3221.178290 0.004983 0.012095 0.012095 0.000000 -170.300251
1.000000 11.000000 6.000000 3.000000 2629.884044 0.004062 0.009840 0.009840 0.000000 -2670.611126
1.000000 12.000000 6.000000 3.000000 2792.431803 0.004315 0.010458 0.010458 0.000000 -2998.648197
1.000000 13.000000 6.000000 3.000000 3260.315404 0.005044 0.012245 0.012245 0.000000 -1319.572476
1.000000 14.000000 6.000000 3.000000 11170.838646 0.017629 0.044059 0.017629 3229.521175 0.000000
1.000000 15.000000 6.000000 3.000000 32897.831872 0.054947 0.150484 0.054947 33694.694804 0.000000
1.000000 16.000000 6.000000 3.000000 70309.123235 0.130548 0.443686 0.130548 93086.742589 0.000000
1.000000 17.000000 6.000000 3.000000 109313.988191 0.229718 1.141574 0.229718 169312.360889 0.000000
1.000000 18.000000 6.000000 3.000000 106418.248289 0.221466 1.059808 0.221466 156463.096953 0.000000
1.000000 19.000000 6.000000 3.000000 145194.867551 0.347210 3.813797 0.000000 0.000000 0.000000
1.000000 20.000000 6.000000 3.000000 7324.764364 0.011448 0.028202 0.000000 0.000000 -0.000000
1.000000 21.000000 6.000000 3.000000 5099.389180 0.007926 0.019367 0.000000 0.000000 -0.000000
1.000000 22.000000 6.000000 3.000000 4282.255202 0.006642 0.016183 0.000000 0.000000 0.000000
1.000000 23.000000 6.000000 3.000000 3726.138629 0.005771 0.014034 0.000000 0.000000 0.000000
1.000000 24.000000 6.000000 3.000000 3291.655112 0.005093 0.012365 0.000000 0.000000 0.000000
1.000000 1.000000 7.000000 3.000000 2975.740111 0.004601 0.011157 0.000000 0.000000 -0.000000
1.000000 2.000000 7.000000 3.000000 2747.028677 0.004245 0.010285 0.000000 0.000000 -0.000000
1.000000 3.000000 7.000000 3.000000 2556.504596 0.003948 0.009561 0.000000 0.000000 -0.000000
1.000000 4.000000 7.000000 3.000000 2401.300517 0.003707 0.008972 0.000000 0.000000 -0.000000
1.000000 5.000000 7.000000 3.000000 2264.651924 0.003495 0.008455 0.000000 0.000000 -0.000000
1.000000 6.000000 7.000000 3.000000 2132.737143 0.003290 0.007956 0.000000 0.000000 -0.000000
1.000000 7.000000 7.000000 3.000000 2010.576342 0.003101 0.007495 0.000000 0.000000 -0.000000
1.000000 8.000000 7.000000 3.000000 2916.402525 0.004508 0.010930 0.009370 0.000000 0.000000
1.000000 9.000000 7.000000 3.000000 3063.674179 0.004738 0.011493 0.010457 0.000000 0.000000
1.000000 10.000000 7.000000 3.000000 3337.010841 0.005164 0.012539 0.011742 0.000000 0.000000
1.000000 11.000000 7.000000 3.000000 2711.572192 0.004189 0.010150 0.010150 0.000000 -1767.541320
1.000000 12.000000 7.000000 3.000000 2698.447699 0.004169 0.010100 0.010100 0.000000 -2524.500055
1.000000 13.000000 7.000000 3.000000 3181.608265 0.004921 0.011944 0.011944 0.000000 -980.949813
1.000000 14.000000 7.000000 3.000000 11051.822933 0.017436 0.043557 0.017436 3912.571122 0.000000
1.000000 15.000000 7.000000 3.000000 32788.320766 0.054748 0.149863 0.054748 33985.176100 0.000000
1.000000 16.000000 7.000000 3.000000 69874.208857 0.129572 0.439004 0.129572 92837.030421 0.000000
1.000000 17.000000 7.000000 3.000000 108578.754181 0.227608 1.120069 0.227608 167736.569329 0.000000
1.000000 18.000000 7.000000 3.000000 104904.121500 0.217215 1.020001 0.217215 153407.138706 0.000000
1.000000 19.000000 7.000000 3.000000 142838.015893 0.338507 3.412271 0.000000 0.000000 0.000000
1.000000 20.000000 7.000000 3.000000 7102.492856 0.011094 0.027308 0.000000 0.000000 -0.000000
1.000000 21.000000 7.000000 3.000000 4930.623837 0.007660 0.018707 0.000000 0.000000 -0.000000
1.000000 22.000000 7.000000 3.000000 4132.949156 0.006408 0.015604 0.000000 0.000000 0.000000
1.000000 23.000000 7.000000 3.000000 3609.271784 0.005589 0.013584 0.000000 0.000000 0.000000
1.000000 24.000000 7.000000 3.000000 3211.765100 0.004968 0.012059 0.000000 0.000000 0.000000
1.000000 1.000000 1.000000 3.000000 2901.135159 0.004484 0.010872 0.000000 0.000000 -0.000000
1.000000 2.000000 1.000000 3.000000 2671.218871 0.004127 0.009997 0.000000 0.000000 -0.000000
1.000000 3.000000 1.000000 3.000000 2482.101436 0.003833 0.009278 0.000000 0.000000 -0.000000
1.000000 4.000000 1.000000 3.000000 2327.984776 0.003593 0.008694 0.000000 0.000000 -0.000000
1.000000 5.000000 1.000000 3.000000 2208.556629 0.003408 0.008242 0.000000 0.000000 -0.000000
1.000000 6.000000 1.000000 3.000000 2100.644534 0.003241 0.007835 0.000000 0.000000 -0.000000
1.000000 7.000000 1.000000 3.000000 1982.148965 0.003057 0.007387 0.000000 0.000000 -0.000000
1.000000 8.000000 1.000000 3.000000 2938.986709 0.004543 0.011017 0.010896 0.000000 0.000000
1.000000 9.000000 1.000000 3.000000 3009.850063 0.004654 0.011287 0.011287 0.000000 -594.932080
1.000000 10.000000 1.000000 3.000000 3390.674707 0.005247 0.012744 0.012601 0.000000 0.000000
1.000000 11.000000 1.000000 3.000000 2742.597050 0.004238 0.010268 0.010268 0.000000 -2875.404356
1.000000 12.000000 1.000000 3.000000 2635.151058 0.004071 0.009860 0.009860 0.000000 -3240.204119
1.000000 13.000000 1.000000 3.000000 3090.492162 0.004779 0.011595 0.011595 0.000000 -1517.121352
1.000000 14.000000 1.000000 3.000000 10737.410749 0.016927 0.042233 0.016927 3084.716255 0.000000
1.000000 15.000000 1.000000 3.000000 31761.721090 0.052888 0.144084 0.052888 31829.006691 0.000000
1.000000 16.000000 1.000000 3.000000 68048.688826 0.125504 0.419794 0.125504 89014.011430 0.000000
1.000000 17.000000 1.000000 3.000000 106078.224697 0.220508 1.050701 0.220508 161504.306554 0.000000
1.000000 18.000000 1.000000 3.000000 102695.844223 0.211090 0.965210 0.211090 147851.354513 0.000000
1.000000 19.000000 1.000000 3.000000 140773.508166 0.331011 3.115889 0.000000 0.000000 0.000000
1.000000 20.000000 1.000000 3.000000 6985.255573 0.010908 0.026838 0.000000 0.000000 -0.000000
1.000000 21.000000 1.000000 3.000000 4883.226018 0.007586 0.018521 0.000000 0.000000 -0.000000
1.000000 22.000000 1.000000 3.000000 4109.537119 0.006371 0.015514 0.000000 0.000000 0.000000
1.000000 23.000000 1.000000 3.000000 3608.671722 0.005588 0.013582 0.000000 0.000000 0.000000
1.000000 24.000000 1.000000 3.000000 3258.509489 0.005041 0.012238 0.000000 0.000000 0.000000
1.000000 1.000000 2.000000 3.000000 2970.102067 0.004592 0.011135 0.000000 0.000000 0.000000
1.000000 2.000000 2.000000 3.000000 2734.957186 0.004226 0.010239 0.000000 0.000000 -0.000000
1.000000 3.000000 2.000000 3.000000 2540.870789 0.003924 0.009501 0.000000 0.000000 -0.000000
1.000000 4.000000 2.000000 3.000000 2397.442746 0.003701 0.008957 0.000000 0.000000 -0.000000
1.000000 5.000000 2.000000 3.000000 2288.637001 0.003532 0.008545 0.000000 0.000000 -0.000000
1.000000 6.000000 2.000000 3.000000 2181.685479 0.003366 0.008141 0.000000 0.000000 -0.000000
1.000000 7.000000 2.000000 3.000000 2066.525429 0.003188 0.007706 0.000000 0.000000 -0.000000
1.000000 8.000000 2.000000 3.000000 2896.620982 0.004477 0.010855 0.010855 0.000000 -87.724548
1.000000 9.000000 2.000000 3.000000 3056.480005 0.004726 0.011465 0.011465 0.000000 -251.547490
1.000000 10.000000 2.000000 3.000000 3353.092715 0.005189 0.012600 0.012600 0.000000 -254.574168
1.000000 11.000000 2.000000 3.000000 2755.567462 0.004258 0.010318 0.010318 0.000000 -3079.040781
1.000000 12.000000 2.000000 3.000000 2607.213569 0.004027 0.009753 0.009753 0.000000 -4220.585708
1.000000 13.000000 2.000000 3.000000 3063.229106 0.004737 0.011491 0.011491 0.000000 -2393.514473
1.000000 14.000000 2.000000 3.000000 10629.478777 0.016752 0.041780 0.016752 2268.013286 0.000000
1.000000 15.000000 2.000000 3.000000 31360.084363 0.052163 0.141846 0.052163 30962.110529 0.000000
1.000000 16.000000 2.000000 3.000000 68008.266668 0.125414 0.419377 0.125414 88222.468728 0.000000
1.000000 17.000000 2.000000 3.000000 105408.955956 0.218627 1.033062 0.218627 159295.561974 0.000000
1.000000 18.000000 2.000000 3.000000 102583.918328 0.210782 0.962531 0.210782 147786.812704 0.000000
1.000000 19.000000 2.000000 3.000000 139679.540810 0.327086 2.975828 0.000000 0.000000 0.000000
1.000000 20.000000 2.000000 3.000000 6914.617448 0.010796 0.026555 0.000000 0.000000 -0.000000
1.000000 21.000000 2.000000 3.000000 4855.747544 0.007542 0.018414 0.000000 0.000000 -0.000000
1.000000 22.000000 2.000000 3.000000 4063.428994 0.006299 0.015335 0.000000 0.000000 0.000000
1.000000 23.000000 2.000000 3.000000 3561.266023 0.005514 0.013399 0.000000 0.000000 0.000000
1.000000 24.000000 2.000000 3.000000 3205.074096 0.004958 0.012033 0.000000 0.000000 0.000000
1.000000 1.000000 3.000000 3.000000 2927.912141 0.004526 0.010974 0.000000 0.000000 -0.000000
1.000000 2.000000 3.000000 3.000000 2697.990715 0.004168 0.010099 0.000000 0.000000 -0.000000
1.000000 3.000000 3.000000 3.000000 2519.213552 0.003890 0.009419 0.000000 0.000000 -0.000000
1.000000 4.000000 3.000000 3.000000 2390.806608 0.003691 0.008932 0.000000 0.000000 -0.000000
1.000000 5.000000 3.000000 3.000000 2282.591695 0.003523 0.008522 0.000000 0.000000 -0.000000
1.000000 6.000000 3.000000 3.000000 2183.695476 0.003369 0.008148 0.000000 0.000000 -0.000000
1.000000 7.000000 3.000000 3.000000 2052.747374 0.003166 0.007654 0.000000 0.000000 -0.000000
1.000000 8.000000 3.000000 3.000000 2327.247740 0.003592 0.008691 0.000000 0.000000 -0.000000
1.000000 9.000000 3.000000 3.000000 3203.972449 0.004956 0.012029 0.000000 0.000000 -0.000000
1.000000 10.000000 3.000000 3.000000 4438.173542 0.006887 0.016788 0.000000 0.000000 -0.000000
1.000000 11.000000 3.000000 3.000000 6520.185057 0.010170 0.024980 0.000000 0.000000 -0.000000
1.000000 12.000000 3.000000 3.000000 7886.263257 0.012343 0.030470 0.000000 0.000000 -0.000000
1.000000 13.000000 3.000000 3.000000 9410.678174 0.014786 0.036707 0.000000 0.000000 -0.000000
1.000000 14.000000 3.000000 3.000000 32403.810281 0.054050 0.147688 0.000000 0.000000 0.000000
1.000000 15.000000 3.000000 3.000000 96104.210386 0.193330 0.821440 0.000000 0.000000 0.000000
1.000000 16.000000 3.000000 3.000000 205969.238730 0.642715 -3.453713 0.000000 0.000000 -0.000000
1.000000 17.000000 3.000000 3.000000 321770.687367 2.396061 -1.309006 0.000000 0.000000 -0.000000
1.000000 18.000000 3.000000 3.000000 316051.992471 2.202675 -1.335700 0.000000 0.000000 -0.000000
1.000000 19.000000 3.000000 3.000000 160662.747393 0.408491 12.168674 0.000000 0.000000 0.000000
1.000000 20.000000 3.000000 3.000000 7828.610171 0.012251 0.030236 0.000000 0.000000 -0.000000
1.000000 21.000000 3.000000 3.000000 5369.086808 0.008350 0.020425 0.000000 0.000000 -0.000000
1.000000 22.000000 3.000000 3.000000 4417.539924 0.006854 0.016708 0.000000 0.000000 0.000000
1.000000 23.000000 3.000000 3.000000 3821.267000 0.005920 0.014400 0.000000 0.000000 0.000000
1.000000 24.000000 3.000000 3.000000 3395.950137 0.005256 0.012765 0.000000 0.000000 0.000000
1.000000 1.000000 4.000000 3.000000 3061.849276 0.004735 0.011486 0.000000 0.000000 0.000000
1.000000 2.000000 4.000000 3.000000 2794.980933 0.004319 0.010468 0.000000 0.000000 -0.000000
1.000000 3.000000 4.000000 3.000000 2583.132671 0.003990 0.009662 0.000000 0.000000 -0.000000
1.000000 4.000000 4.000000 3.000000 2410.604050 0.003722 0.009007 0.000000 0.000000 -0.000000
1.000000 5.000000 4.000000 3.000000 2260.931235 0.003489 0.008440 0.000000 0.000000 -0.000000
1.000000 6.000000 4.000000 3.000000 2140.959102 0.003303 0.007987 0.000000 0.000000 -0.000000
1.000000 7.000000 4.000000 3.000000 2001.916775 0.003088 0.007462 0.000000 0.000000 -0.000000
1.000000 8.000000 4.000000 3.000000 2286.891245 0.003530 0.008539 0.000000 0.000000 -0.000000
1.000000 9.000000 4.000000 3.000000 3171.639279 0.004906 0.011905 0.000000 0.000000 -0.000000
1.000000 10.000000 4.000000 3.000000 4425.390015 0.006866 0.016738 0.000000 0.000000 -0.000000
1.000000 11.000000 4.000000 3.000000 6546.917973 0.010212 0.025086 0.000000 0.000000 -0.000000
1.000000 12.000000 4.000000 3.000000 7901.711266 0.012368 0.030532 0.000000 0.000000 -0.000000
1.000000 13.000000 4.000000 3.000000 9326.493885 0.014650 0.036359 0.000000 0.000000 -0.000000
1.000000 14.000000 4.000000 3.000000 32003.922726 0.053326 0.145439 0.000000 0.000000 0.000000
1.000000 15.000000 4.000000 3.000000 94791.729765 0.189884 0.795867 0.000000 0.000000 0.000000
1.000000 16.000000 4.000000 3.000000 203779.881298 0.628975 -3.631328 0.000000 0.000000 -0.000000
1.000000 17.000000 4.000000 3.000000 318147.845061 2.270603 -1.325680 0.000000 0.000000 -0.000000
1.000000 18.000000 4.000000 3.000000 312970.141137 2.108391 -1.350965 0.000000 0.000000 -0.000000
1.000000 19.000000 4.000000 3.000000 158595.908562 0.399858 9.596826 0.000000 0.000000 0.000000
1.000000 20.000000 4.000000 3.000000 7780.299602 0.012174 0.030040 0.000000 0.000000 -0.000000
1.000000 21.000000 4.000000 3.000000 5388.279281 0.008381 0.020500 0.000000 0.000000 -0.000000
1.000000 22.000000 4.000000 3.000000 4466.330755 0.006931 0.016897 0.000000 0.000000 0.000000
1.000000 23.000000 4.000000 3.000000 3900.823587 0.006045 0.014707 0.000000 0.000000 0.000000
1.000000 24.000000 4.000000 3.000000 3488.971897 0.005401 0.013122 0.000000 0.000000 0.000000
1.000000 1.000000 5.000000 3.000000 3162.597725 0.004892 0.011871 0.000000 0.000000 0.000000
1.000000 2.000000 5.000000 3.000000 2899.766257 0.004482 0.010867 0.000000 0.000000 -0.000000
1.000000 3.000000 5.000000 3.000000 2680.212005 0.004141 0.010031 0.000000 0.000000 -0.000000
1.000000 4.000000 5.000000 3.000000 2497.806245 0.003857 0.009338 0.000000 0.000000 -0.000000
1.000000 5.000000 5.000000 3.000000 2366.257079 0.003653 0.008839 0.000000 0.000000 -0.000000
1.000000 6.000000 5.000000 3.000000 2255.443043 0.003481 0.008420 0.000000 0.000000 -0.000000
1.000000 7.000000 5.000000 3.000000 2146.381432 0.003312 0.008007 0.000000 0.000000 -0.000000
1.000000 8.000000 5.000000 3.000000 2812.005406 0.004346 0.010533 0.010533 0.000000 -859.180688
1.000000 9.000000 5.000000 3.000000 3226.334442 0.004991 0.012115 0.012115 0.000000 -501.905964
1.000000 10.000000 5.000000 3.000000 3280.561275 0.005076 0.012322 0.012322 0.000000 -583.869330
1.000000 11.000000 5.000000 3.000000 2665.874679 0.004118 0.009976 0.009976 0.000000 -4188.679309
1.000000 12.000000 5.000000 3.000000 2723.596796 0.004208 0.010196 0.010196 0.000000 -4021.311932
1.000000 13.000000 5.000000 3.000000 3132.654183 0.004845 0.011756 0.011756 0.000000 -2194.374166
1.000000 14.000000 5.000000 3.000000 10749.569788 0.016946 0.042284 0.016946 2459.468478 0.000000
1.000000 15.000000 5.000000 3.000000 31577.102895 0.052555 0.143054 0.052555 31005.760249 0.000000
1.000000 16.000000 5.000000 3.000000 67489.562766 0.124266 0.414049 0.124266 87437.721863 0.000000
1.000000 17.000000 5.000000 3.000000 104291.557122 0.215507 1.004427 0.215507 157197.249705 0.000000
1.000000 18.000000 5.000000 3.000000 101384.451796 0.207496 0.934370 0.207496 145615.027720 0.000000
1.000000 19.000000 5.000000 3.000000 137801.170898 0.320421 2.758345 0.000000 0.000000 0.000000
1.000000 20.000000 5.000000 3.000000 6831.287397 0.010663 0.026222 0.000000 0.000000 -0.000000
1.000000 21.000000 5.000000 3.000000 4776.991666 0.007419 0.018107 0.000000 0.000000 -0.000000
1.000000 22.000000 5.000000 3.000000 4009.966549 0.006215 0.015129 0.000000 0.000000 0.000000
1.000000 23.000000 5.000000 3.000000 3503.746092 0.005424 0.013178 0.000000 0.000000 0.000000
1.000000 24.000000 5.000000 3.000000 3123.679266 0.004831 0.011722 0.000000 0.000000 0.000000
1.000000 1.000000 6.000000 3.000000 2818.664924 0.004356 0.010558 0.000000 0.000000 -0.000000
1.000000 2.000000 6.000000 3.000000 2582.634592 0.003989 0.009660 0.000000 0.000000 -0.000000
1.000000 3.000000 6.000000 3.000000 2396.067668 0.003699 0.008952 0.000000 0.000000 -0.000000
1.000000 4.000000 6.000000 3.000000 2242.152943 0.003460 0.008369 0.000000 0.000000 -0.000000
1.000000 5.000000 6.000000 3.000000 2107.206130 0.003251 0.007859 0.000000 0.000000 -0.000000
1.000000 6.000000 6.000000 3.000000 2004.874705 0.003092 0.007473 0.000000 0.000000 -0.000000
1.000000 7.000000 6.000000 3.000000 1874.922953 0.002891 0.006983 0.000000 0.000000 -0.000000
1.000000 8.000000 6.000000 3.000000 3050.093977 0.004716 0.011441 0.008720 0.000000 0.000000
1.000000 9.000000 6.000000 3.000000 2878.201984 0.004449 0.010785 0.009576 0.000000 0.000000
1.000000 10.000000 6.000000 3.000000 3458.829592 0.005354 0.013006 0.010420 0.000000 0.000000
1.000000 11.000000 6.000000 3.000000 2813.777494 0.004348 0.010539 0.010539 0.000000 -479.378171
1.000000 12.000000 6.000000 3.000000 2554.856811 0.003946 0.009555 0.009555 0.000000 -2425.802493
1.000000 13.000000 6.000000 3.000000 2998.851138 0.004637 0.011245 0.011245 0.000000 -870.932233
1.000000 14.000000 6.000000 3.000000 10530.531073 0.016592 0.041365 0.016592 3736.665785 0.000000
1.000000 15.000000 6.000000 3.000000 31586.043093 0.052571 0.143103 0.052571 33024.067864 0.000000
1.000000 16.000000 6.000000 3.000000 67720.541508 0.124777 0.416414 0.124777 89163.928635 0.000000
1.000000 17.000000 6.000000 3.000000 105692.663299 0.219423 1.040494 0.219423 161856.533495 0.000000
1.000000 18.000000 6.000000 3.000000 102398.219831 0.210272 0.958104 0.210272 148493.252645 0.000000
1.000000 19.000000 6.000000 3.000000 139676.080079 0.327073 2.975402 0.000000 0.000000 0.000000
1.000000 20.000000 6.000000 3.000000 6915.392467 0.010797 0.026558 0.000000 0.000000 -0.000000
1.000000 21.000000 6.000000 3.000000 4822.164233 0.007490 0.018283 0.000000 0.000000 -0.000000
1.000000 22.000000 6.000000 3.000000 4063.798762 0.006300 0.015337 0.000000 0.000000 0.000000
1.000000 23.000000 6.000000 3.000000 3557.128156 0.005507 0.013384 0.000000 0.000000 0.000000
1.000000 24.000000 6.000000 3.000000 3174.999522 0.004911 0.011918 0.000000 0.000000 0.000000
1.000000 1.000000 7.000000 3.000000 2894.317189 0.004474 0.010846 0.000000 0.000000 -0.000000
1.000000 2.000000 7.000000 3.000000 2683.206852 0.004145 0.010042 0.000000 0.000000 -0.000000
1.000000 3.000000 7.000000 3.000000 2503.661049 0.003866 0.009360 0.000000 0.000000 -0.000000
1.000000 4.000000 7.000000 3.000000 2356.284165 0.003637 0.008801 0.000000 0.000000 -0.000000
1.000000 5.000000 7.000000 3.000000 2228.612741 0.003439 0.008318 0.000000 0.000000 -0.000000
1.000000 6.000000 7.000000 3.000000 2127.618736 0.003282 0.007936 0.000000 0.000000 -0.000000
1.000000 7.000000 7.000000 3.000000 2003.753181 0.003090 0.007469 0.000000 0.000000 -0.000000
1.000000 8.000000 7.000000 3.000000 2943.287972 0.004550 0.011033 0.009316 0.000000 0.000000
1.000000 9.000000 7.000000 3.000000 3004.297710 0.004645 0.011266 0.010023 0.000000 0.000000
1.000000 10.000000 7.000000 3.000000 3388.442899 0.005244 0.012736 0.011254 0.000000 0.000000
1.000000 11.000000 7.000000 3.000000 2775.388209 0.004289 0.010393 0.010393 0.000000 -1670.367060
1.000000 12.000000 7.000000 3.000000 2563.579115 0.003959 0.009588 0.009588 0.000000 -3108.212401
1.000000 13.000000 7.000000 3.000000 2976.954422 0.004602 0.011161 0.011161 0.000000 -1072.144737
1.000000 14.000000 7.000000 3.000000 10403.505363 0.016387 0.040834 0.016387 3462.444943 0.000000
1.000000 15.000000 7.000000 3.000000 31172.951857 0.051826 0.140808 0.051826 31600.236879 0.000000
1.000000 16.000000 7.000000 3.000000 67543.227505 0.124385 0.414597 0.124385 88519.779773 0.000000
1.000000 17.000000 7.000000 3.000000 105680.708896 0.219390 1.040179 0.219390 161252.237045 0.000000
1.000000 18.000000 7.000000 3.000000 102505.814286 0.210568 0.960666 0.210568 148541.035895 0.000000
1.000000 19.000000 7.000000 3.000000 139895.850682 0.327859 3.002684 0.000000 0.000000 0.000000
1.000000 20.000000 7.000000 3.000000 6946.387930 0.010846 0.026682 0.000000 0.000000 -0.000000
1.000000 21.000000 7.000000 3.000000 4862.232230 0.007553 0.018439 0.000000 0.000000 -0.000000
1.000000 22.000000 7.000000 3.000000 4123.029244 0.006393 0.015566 0.000000 0.000000 0.000000
1.000000 23.000000 7.000000 3.000000 3632.061966 0.005624 0.013672 0.000000 0.000000 0.000000
1.000000 24.000000 7.000000 3.000000 3259.089189 0.005042 0.012240 0.000000 0.000000 0.000000
1.000000 1.000000 1.000000 3.000000 2970.700743 0.004593 0.011138 0.000000 0.000000 -0.000000
1.000000 2.000000 1.000000 3.000000 2759.926535 0.004265 0.010334 0.000000 0.000000 -0.000000
1.000000 3.000000 1.000000 3.000000 2589.865584 0.004000 0.009688 0.000000 0.000000 -0.000000
1.000000 4.000000 1.000000 3.000000 2441.105104 0.003769 0.009123 0.000000 0.000000 -0.000000
1.000000 5.000000 1.000000 3.000000 2303.243522 0.003555 0.008601 0.000000 0.000000 -0.000000
1.000000 6.000000 1.000000 3.000000 2196.650016 0.003389 0.008197 0.000000 0.000000 -0.000000
1.000000 7.000000 1.000000 3.000000 2071.545716 0.003195 0.007725 0.000000 0.000000 -0.000000
1.000000 8.000000 1.000000 3.000000 2858.673125 0.004418 0.010710 0.010710 0.000000 -525.480015
1.000000 9.000000 1.000000 3.000000 3149.166416 0.004871 0.011819 0.011819 0.000000 -238.459369
1.000000 10.000000 1.000000 3.000000 3293.294049 0.005096 0.012371 0.012371 0.000000 -930.535034
1.000000 11.000000 1.000000 3.000000 2694.196766 0.004162 0.010084 0.010084 0.000000 -3484.418541
1.000000 12.000000 1.000000 3.000000 2676.535132 0.004135 0.010017 0.010017 0.000000 -3616.109083
1.000000 13.000000 1.000000 3.000000 3098.381642 0.004792 0.011625 0.011625 0.000000 -2306.141030
1.000000 14.000000 1.000000 3.000000 10625.617158 0.016746 0.041764 0.016746 2777.579168 0.000000
1.000000 15.000000 1.000000 3.000000 31570.116148 0.052542 0.143015 0.052542 31192.933471 0.000000
1.000000 16.000000 1.000000 3.000000 67794.109603 0.124940 0.417170 0.124940 87962.025706 0.000000
1.000000 17.000000 1.000000 3.000000 105847.533585 0.219858 1.044579 0.219858 160208.089545 0.000000
1.000000 18.000000 1.000000 3.000000 102074.291766 0.209383 0.950442 0.209383 146485.466546 0.000000
1.000000 19.000000 1.000000 3.000000 139420.699624 0.326162 2.944211 0.000000 0.000000 0.000000
1.000000 20.000000 1.000000 3.000000 6885.322878 0.010749 0.026438 0.000000 0.000000 -0.000000
1.000000 21.000000 1.000000 3.000000 4792.129340 0.007442 0.018166 0.000000 0.000000 -0.000000
1.000000 22.000000 1.000000 3.000000 4081.655158 0.006328 0.015406 0.000000 0.000000 0.000000
1.000000 23.000000 1.000000 3.000000 3611.201205 0.005592 0.013591 0.000000 0.000000 0.000000
1.000000 24.000000 1.000000 3.000000 3255.387254 0.005036 0.012226 0.000000 0.000000 0.000000
1.000000 1.000000 2.000000 3.000000 2984.797254 0.004615 0.011191 0.000000 0.000000 -0.000000
1.000000 2.000000 2.000000 3.000000 2786.532844 0.004306 0.010436 0.000000 0.000000 -0.000000
1.000000 3.000000 2.000000 3.000000 2624.237195 0.004054 0.009818 0.000000 0.000000 -0.000000
1.000000 4.000000 2.000000 3.000000 2487.476403 0.003841 0.009299 0.000000 0.000000 -0.000000
1.000000 5.000000 2.000000 3.000000 2338.955351 0.003610 0.008736 0.000000 0.000000 -0.000000
1.000000 6.000000 2.000000 3.000000 2214.693949 0.003417 0.008266 0.000000 0.000000 -0.000000
1.000000 7.000000 2.000000 3.000000 2085.521305 0.003217 0.007777 0.000000 0.000000 -0.000000
1.000000 8.000000 2.000000 3.000000 2870.122368 0.004436 0.010754 0.010754 0.000000 -400.133480
1.000000 9.000000 2.000000 3.000000 3100.314768 0.004795 0.011633 0.011633 0.000000 -319.810781
1.000000 10.000000 2.000000 3.000000 3327.732027 0.005149 0.012503 0.012503 0.000000 -670.888002
1.000000 11.000000 2.000000 3.000000 2713.403979 0.004192 0.010157 0.010157 0.000000 -2932.960682
1.000000 12.000000 2.000000 3.000000 2657.729473 0.004106 0.009945 0.009945 0.000000 -3360.980261
1.000000 13.000000 2.000000 3.000000 3080.631676 0.004764 0.011557 0.011557 0.000000 -2658.543520
1.000000 14.000000 2.000000 3.000000 10665.782932 0.016811 0.041933 0.016811 2740.802749 0.000000
1.000000 15.000000 2.000000 3.000000 31833.927356 0.053019 0.144487 0.053019 31797.237406 0.000000
1.000000 16.000000 2.000000 3.000000 68877.824611 0.127346 0.428432 0.127346 89771.862448 0.000000
1.000000 17.000000 2.000000 3.000000 108043.675612 0.226078 1.104746 0.226078 164752.457667 0.000000
1.000000 18.000000 2.000000 3.000000 104362.884356 0.215705 1.006225 0.215705 150900.333327 0.000000
1.000000 19.000000 2.000000 3.000000 141365.718565 0.333149 3.196357 0.000000 0.000000 0.000000
1.000000 20.000000 2.000000 3.000000 6979.855815 0.010899 0.026817 0.000000 0.000000 -0.000000
1.000000 21.000000 2.000000 3.000000 4878.605405 0.007578 0.018503 0.000000 0.000000 -0.000000
1.000000 22.000000 2.000000 3.000000 4123.684587 0.006394 0.015569 0.000000 0.000000 0.000000
1.000000 23.000000 2.000000 3.000000 3626.392760 0.005616 0.013650 0.000000 0.000000 0.000000
1.000000 24.000000 2.000000 3.000000 3257.237089 0.005039 0.012233 0.000000 0.000000 0.000000
1.000000 1.000000 3.000000 3.000000 2971.300254 0.004594 0.011140 0.000000 0.000000 -0.000000
1.000000 2.000000 3.000000 3.000000 2739.841072 0.004233 0.010258 0.000000 0.000000 -0.000000
1.000000 3.000000 3.000000 3.000000 2546.077580 0.003932 0.009521 0.000000 0.000000 -0.000000
1.000000 4.000000 3.000000 3.000000 2383.039643 0.003679 0.008903 0.000000 0.000000 -0.000000
1.000000 5.000000 3.000000 3.000000 2237.788642 0.003453 0.008353 0.000000 0.000000 -0.000000
1.000000 6.000000 3.000000 3.000000 2112.001651 0.003258 0.007877 0.000000 0.000000 -0.000000
1.000000 7.000000 3.000000 3.000000 1982.358540 0.003057 0.007388 0.000000 0.000000 -0.000000
1.000000 8.000000 3.000000 3.000000 2225.730173 0.003435 0.008307 0.000000 0.000000 -0.000000
1.000000 9.000000 3.000000 3.000000 3066.785796 0.004742 0.011505 0.000000 0.000000 -0.000000
1.000000 10.000000 3.000000 3.000000 4296.655873 0.006665 0.016239 0.000000 0.000000 -0.000000
1.000000 11.000000 3.000000 3.000000 6309.804206 0.009837 0.024142 0.000000 0.000000 -0.000000
1.000000 12.000000 3.000000 3.000000 7657.733685 0.011978 0.029545 0.000000 0.000000 -0.000000
1.000000 13.000000 3.000000 3.000000 9095.561982 0.014279 0.035408 0.000000 0.000000 -0.000000
1.000000 14.000000 3.000000 3.000000 31303.541072 0.052061 0.141532 0.000000 0.000000 0.000000
1.000000 15.000000 3.000000 3.000000 92925.072501 0.185032 0.761020 0.000000 0.000000 0.000000
1.000000 16.000000 3.000000 3.000000 199709.645927 0.604208 -4.028566 0.000000 0.000000 -0.000000
1.000000 17.000000 3.000000 3.000000 314761.971573 2.162428 -1.342011 0.000000 0.000000 -0.000000
1.000000 18.000000 3.000000 3.000000 308832.787977 1.991288 -1.372514 0.000000 0.000000 -0.000000
1.000000 19.000000 3.000000 3.000000 156685.855809 0.392007 7.995525 0.000000 0.000000 0.000000
1.000000 20.000000 3.000000 3.000000 7544.023201 0.011797 0.029085 0.000000 0.000000 -0.000000
1.000000 21.000000 3.000000 3.000000 5209.871362 0.008100 0.019800 0.000000 0.000000 -0.000000
1.000000 22.000000 3.000000 3.000000 4364.937833 0.006772 0.016503 0.000000 0.000000 0.000000
1.000000 23.000000 3.000000 3.000000 3801.071148 0.005889 0.014322 0.000000 0.000000 0.000000
1.000000 24.000000 3.000000 3.000000 3374.176043 0.005222 0.012681 0.000000 0.000000 0.000000
1.000000 1.000000 4.000000 3.000000 3059.160438 0.004730 0.011475 0.000000 0.000000 0.000000
1.000000 2.000000 4.000000 3.000000 2820.735701 0.004359 0.010566 0.000000 0.000000 -0.000000
1.000000 3.000000 4.000000 3.000000 2635.430181 0.004071 0.009861 0.000000 0.000000 -0.000000
1.000000 4.000000 4.000000 3.000000 2471.093732 0.003816 0.009237 0.000000 0.000000 -0.000000
1.000000 5.000000 4.000000 3.000000 2327.897134 0.003593 0.008694 0.000000 0.000000 -0.000000
1.000000 6.000000 4.000000 3.000000 2202.280103 0.003398 0.008219 0.000000 0.000000 -0.000000
1.000000 7.000000 4.000000 3.000000 2097.021227 0.003235 0.007821 0.000000 0.000000 -0.000000
1.000000 8.000000 4.000000 3.000000 2315.891225 0.003575 0.008648 0.000000 0.000000 -0.000000
1.000000 9.000000 4.000000 3.000000 3118.872413 0.004824 0.011704 0.000000 0.000000 -0.000000
1.000000 10.000000 4.000000 3.000000 4318.719319 0.006699 0.016324 0.000000 0.000000 -0.000000
1.000000 11.000000 4.000000 3.000000 6221.807276 0.009697 0.023793 0.000000 0.000000 -0.000000
1.000000 12.000000 4.000000 3.000000 7394.226440 0.011559 0.028481 0.000000 0.000000 -0.000000
1.000000 13.000000 4.000000 3.000000 8703.755978 0.013650 0.033800 0.000000 0.000000 -0.000000
1.000000 14.000000 4.000000 3.000000 30400.625887 0.050438 0.136554 0.000000 0.000000 0.000000
1.000000 15.000000 4.000000 3.000000 89808.418216 0.177060 0.706504 0.000000 0.000000 0.000000
1.000000 16.000000 4.000000 3.000000 194201.427967 0.572213 -4.769456 0.000000 0.000000 -0.000000
1.000000 17.000000 4.000000 3.000000 304622.055464 1.881990 -1.395794 0.000000 0.000000 -0.000000
1.000000 18.000000 4.000000 3.000000 299870.029766 1.769128 -1.423864 0.000000 0.000000 -0.000000
1.000000 19.000000 4.000000 3.000000 151451.297065 0.371098 5.406584 0.000000 0.000000 0.000000
1.000000 20.000000 4.000000 3.000000 7272.072134 0.011364 0.027990 0.000000 0.000000 -0.000000
1.000000 21.000000 4.000000 3.000000 5031.530560 0.007819 0.019101 0.000000 0.000000 -0.000000
1.000000 22.000000 4.000000 3.000000 4200.959244 0.006515 0.015868 0.000000 0.000000 0.000000
1.000000 23.000000 4.000000 3.000000 3654.480438 0.005659 0.013758 0.000000 0.000000 0.000000
1.000000 24.000000 4.000000 3.000000 3284.590837 0.005082 0.012338 0.000000 0.000000 0.000000
1.000000 1.000000 5.000000 3.000000 2997.855463 0.004635 0.011241 0.000000 0.000000 0.000000
1.000000 2.000000 5.000000 3.000000 2760.184321 0.004265 0.010335 0.000000 0.000000 -0.000000
1.000000 3.000000 5.000000 3.000000 2572.266099 0.003973 0.009621 0.000000 0.000000 -0.000000
1.000000 4.000000 5.000000 3.000000 2393.724276 0.003695 0.008943 0.000000 0.000000 -0.000000
1.000000 5.000000 5.000000 3.000000 2274.206112 0.003510 0.008491 0.000000 0.000000 -0.000000
1.000000 6.000000 5.000000 3.000000 2141.158826 0.003303 0.007988 0.000000 0.000000 -0.000000
1.000000 7.000000 5.000000 3.000000 2009.972691 0.003100 0.007492 0.000000 0.000000 -0.000000
1.000000 8.000000 5.000000 3.000000 2991.455087 0.004625 0.011217 0.010362 0.000000 0.000000
1.000000 9.000000 5.000000 3.000000 2858.381081 0.004418 0.010709 0.010513 0.000000 0.000000
1.000000 10.000000 5.000000 3.000000 3520.698312 0.005450 0.013244 0.011852 0.000000 0.000000
1.000000 11.000000 5.000000 3.000000 2898.071155 0.004480 0.010861 0.010861 0.000000 -1917.857937
1.000000 12.000000 5.000000 3.000000 2611.577820 0.004034 0.009770 0.009770 0.000000 -3871.483785
1.000000 13.000000 5.000000 3.000000 2836.235208 0.004383 0.010625 0.010625 0.000000 -2145.467053
1.000000 14.000000 5.000000 3.000000 9974.394139 0.015694 0.039044 0.015694 2774.527798 0.000000
1.000000 15.000000 5.000000 3.000000 29534.174273 0.048888 0.131837 0.048888 29407.573497 0.000000
1.000000 16.000000 5.000000 3.000000 64017.964987 0.116675 0.379747 0.116675 82691.886854 0.000000
1.000000 17.000000 5.000000 3.000000 99567.750291 0.202567 0.893574 0.202567 148535.586112 0.000000
1.000000 18.000000 5.000000 3.000000 96717.025042 0.194949 0.833698 0.194949 136816.121785 0.000000
1.000000 19.000000 5.000000 3.000000 130847.249092 0.296543 2.140200 0.000000 0.000000 0.000000
1.000000 20.000000 5.000000 3.000000 6297.309544 0.009817 0.024093 0.000000 0.000000 -0.000000
1.000000 21.000000 5.000000 3.000000 4411.822225 0.006845 0.016686 0.000000 0.000000 -0.000000
1.000000 22.000000 5.000000 3.000000 3715.159273 0.005754 0.013991 0.000000 0.000000 0.000000
1.000000 23.000000 5.000000 3.000000 3247.286665 0.005024 0.012195 0.000000 0.000000 0.000000
1.000000 24.000000 5.000000 3.000000 2916.330530 0.004508 0.010930 0.000000 0.000000 0.000000
1.000000 1.000000 6.000000 3.000000 2679.329689 0.004139 0.010028 0.000000 0.000000 0.000000
1.000000 2.000000 6.000000 3.000000 2468.936124 0.003812 0.009228 0.000000 0.000000 -0.000000
1.000000 3.000000 6.000000 3.000000 2296.740767 0.003545 0.008576 0.000000 0.000000 -0.000000
1.000000 4.000000 6.000000 3.000000 2177.024543 0.003359 0.008123 0.000000 0.000000 -0.000000
1.000000 5.000000 6.000000 3.000000 2058.927936 0.003176 0.007677 0.000000 0.000000 -0.000000
1.000000 6.000000 6.000000 3.000000 1958.173950 0.003020 0.007297 0.000000 0.000000 -0.000000
1.000000 7.000000 6.000000 3.000000 1861.625304 0.002870 0.006933 0.000000 0.000000 -0.000000
1.000000 8.000000 6.000000 3.000000 3100.440846 0.004795 0.011633 0.008535 0.000000 0.000000
1.000000 9.000000 6.000000 3.000000 2696.397662 0.004166 0.010093 0.008469 0.000000 0.000000
1.000000 10.000000 6.000000 3.000000 3554.507714 0.005503 0.013373 0.010009 0.000000 0.000000
1.000000 11.000000 6.000000 3.000000 3030.200081 0.004685 0.011365 0.011112 0.000000 0.000000
1.000000 12.000000 6.000000 3.000000 2737.664199 0.004230 0.010250 0.010250 0.000000 -1273.978212
1.000000 13.000000 6.000000 3.000000 2661.433449 0.004111 0.009960 0.009960 0.000000 -1303.444844
1.000000 14.000000 6.000000 3.000000 9464.287153 0.014872 0.036928 0.014872 3717.995171 0.000000
1.000000 15.000000 6.000000 3.000000 28603.441922 0.047230 0.126835 0.047230 29168.869656 0.000000
1.000000 16.000000 6.000000 3.000000 62378.883145 0.113145 0.364329 0.113145 81126.209773 0.000000
1.000000 17.000000 6.000000 3.000000 97725.980828 0.197629 0.854342 0.197629 145709.135577 0.000000
1.000000 18.000000 6.000000 3.000000 94898.223577 0.190162 0.797908 0.190162 134605.461331 0.000000
1.000000 19.000000 6.000000 3.000000 130042.746317 0.293858 2.082974 0.000000 0.000000 0.000000
1.000000 20.000000 6.000000 3.000000 6294.632237 0.009813 0.024082 0.000000 0.000000 -0.000000
1.000000 21.000000 6.000000 3.000000 4412.042763 0.006846 0.016686 0.000000 0.000000 -0.000000
1.000000 22.000000 6.000000 3.000000 3731.415167 0.005780 0.014054 0.000000 0.000000 0.000000
1.000000 23.000000 6.000000 3.000000 3301.785019 0.005109 0.012404 0.000000 0.000000 0.000000
1.000000 24.000000 6.000000 3.000000 2972.702127 0.004596 0.011145 0.000000 0.000000 0.000000
1.000000 1.000000 7.000000 3.000000 2728.773662 0.004216 0.010216 0.000000 0.000000 -0.000000
1.000000 2.000000 7.000000 3.000000 2527.235747 0.003903 0.009450 0.000000 0.000000 -0.000000
1.000000 3.000000 7.000000 3.000000 2383.844267 0.003680 0.008906 0.000000 0.000000 -0.000000
1.000000 4.000000 7.000000 3.000000 2259.895866 0.003488 0.008437 0.000000 0.000000 -0.000000
1.000000 5.000000 7.000000 3.000000 2151.392328 0.003319 0.008026 0.000000 0.000000 -0.000000
1.000000 6.000000 7.000000 3.000000 2067.844563 0.003190 0.007711 0.000000 0.000000 -0.000000
1.000000 7.000000 7.000000 3.000000 1969.529474 0.003037 0.007340 0.000000 0.000000 -0.000000
1.000000 8.000000 7.000000 3.000000 2999.364227 0.004637 0.011247 0.009246 0.000000 0.000000
1.000000 9.000000 7.000000 3.000000 2847.614442 0.004401 0.010668 0.009389 0.000000 0.000000
1.000000 10.000000 7.000000 3.000000 3531.738275 0.005468 0.013286 0.011262 0.000000 0.000000
1.000000 11.000000 7.000000 3.000000 2887.122816 0.004463 0.010819 0.010819 0.000000 -1014.271372
1.000000 12.000000 7.000000 3.000000 2624.922643 0.004055 0.009821 0.009821 0.000000 -2544.627552
1.000000 13.000000 7.000000 3.000000 2768.494251 0.004278 0.010367 0.010367 0.000000 -797.785442
1.000000 14.000000 7.000000 3.000000 9630.978816 0.015140 0.037618 0.015140 3822.472986 0.000000
1.000000 15.000000 7.000000 3.000000 28873.688259 0.047710 0.128280 0.047710 29570.991305 0.000000
1.000000 16.000000 7.000000 3.000000 62532.192237 0.113473 0.365751 0.113473 81517.408588 0.000000
1.000000 17.000000 7.000000 3.000000 97696.808438 0.197551 0.853736 0.197551 145737.805921 0.000000
1.000000 18.000000 7.000000 3.000000 93669.243489 0.186959 0.774705 0.186959 132336.596285 0.000000
1.000000 19.000000 7.000000 3.000000 127468.247119 0.285371 1.914790 0.000000 0.000000 0.000000
1.000000 20.000000 7.000000 3.000000 6012.182708 0.009366 0.022962 0.000000 0.000000 -0.000000
1.000000 21.000000 7.000000 3.000000 4175.553697 0.006475 0.015769 0.000000 0.000000 -0.000000
1.000000 22.000000 7.000000 3.000000 3506.822619 0.005429 0.013190 0.000000 0.000000 0.000000
1.000000 23.000000 7.000000 3.000000 3055.248310 0.004724 0.011460 0.000000 0.000000 0.000000
1.000000 24.000000 7.000000 3.000000 2717.122284 0.004198 0.010171 0.000000 0.000000 0.000000
1.000000 1.000000 1.000000 4.000000 2478.507546 0.003827 0.009265 0.000000 0.000000 -0.000000
1.000000 2.000000 1.000000 4.000000 2296.200790 0.003544 0.008574 0.000000 0.000000 -0.000000
1.000000 3.000000 1.000000 4.000000 2149.567312 0.003316 0.008019 0.000000 0.000000 -0.000000
1.000000 4.000000 1.000000 4.000000 2032.048963 0.003134 0.007576 0.000000 0.000000 -0.000000
1.000000 5.000000 1.000000 4.000000 1911.651892 0.002948 0.007122 0.000000 0.000000 -0.000000
1.000000 6.000000 1.000000 4.000000 1826.312742 0.002815 0.006800 0.000000 0.000000 -0.000000
1.000000 7.000000 1.000000 4.000000 1730.170068 0.002667 0.006439 0.000000 0.000000 -0.000000
1.000000 8.000000 1.000000 4.000000 2921.791288 0.004517 0.010951 0.009641 0.000000 0.000000
1.000000 9.000000 1.000000 4.000000 2634.996807 0.004070 0.009859 0.009859 0.000000 -300.727792
1.000000 10.000000 1.000000 4.000000 3466.754752 0.005366 0.013036 0.011443 0.000000 0.000000
1.000000 11.000000 1.000000 4.000000 3014.948329 0.004662 0.011307 0.011307 0.000000 -1319.638286
1.000000 12.000000 1.000000 4.000000 2608.281661 0.004029 0.009758 0.009758 0.000000 -3641.749881
1.000000 13.000000 1.000000 4.000000 7978.921069 0.012491 0.030845 0.013221 0.000000 0.000000
1.000000 14.000000 1.000000 4.000000 23416.487564 0.038140 0.100132 0.038140 20435.029113 0.000000
1.000000 15.000000 1.000000 4.000000 50991.384434 0.089517 0.269050 0.089517 59989.509841 0.000000
1.000000 16.000000 1.000000 4.000000 99882.208781 0.203416 0.900482 0.203416 149142.463874 0.000000
1.000000 17.000000 1.000000 4.000000 85328.234505 0.165871 0.635263 0.165871 112212.199446 0.000000
1.000000 18.000000 1.000000 4.000000 23084.061773 0.037566 0.098485 0.037566 11888.568511 0.000000
1.000000 19.000000 1.000000 4.000000 6523.828236 0.010176 0.024994 0.000000 0.000000 -0.000000
1.000000 20.000000 1.000000 4.000000 4470.997697 0.006938 0.016915 0.000000 0.000000 -0.000000
1.000000 21.000000 1.000000 4.000000 3755.112682 0.005817 0.014145 0.000000 0.000000 0.000000
1.000000 22.000000 1.000000 4.000000 3275.347149 0.005068 0.012302 0.000000 0.000000 0.000000
1.000000 23.000000 1.000000 4.000000 2914.995794 0.004506 0.010925 0.000000 0.000000 0.000000
1.000000 24.000000 1.000000 4.000000 2633.240851 0.004068 0.009852 0.000000 0.000000 -0.000000
1.000000 1.000000 2.000000 4.000000 2422.893534 0.003741 0.009054 0.000000 0.000000 -0.000000
1.000000 2.000000 2.000000 4.000000 2255.466545 0.003481 0.008420 0.000000 0.000000 -0.000000
1.000000 3.000000 2.000000 4.000000 2133.960040 0.003292 0.007960 0.000000 0.000000 -0.000000
1.000000 4.000000 2.000000 4.000000 2025.956700 0.003125 0.007553 0.000000 0.000000 -0.000000
1.000000 5.000000 2.000000 4.000000 1902.962511 0.002934 0.007089 0.000000 0.000000 -0.000000
1.000000 6.000000 2.000000 4.000000 1814.459821 0.002797 0.006756 0.000000 0.000000 -0.000000
1.000000 7.000000 2.000000 4.000000 1723.890317 0.002657 0.006415 0.000000 0.000000 -0.000000
1.000000 8.000000 2.000000 4.000000 2914.959274 0.004506 0.010925 0.009933 0.000000 0.000000
1.000000 9.000000 2.000000 4.000000 2617.160056 0.004043 0.009791 0.009791 0.000000 -612.378591
1.000000 10.000000 2.000000 4.000000 3443.052636 0.005329 0.012945 0.011884 0.000000 0.000000
1.000000 11.000000 2.000000 4.000000 2992.794689 0.004627 0.011222 0.011222 0.000000 -1308.961120
1.000000 12.000000 2.000000 4.000000 2595.098864 0.004008 0.009707 0.009707 0.000000 -3201.126084
1.000000 13.000000 2.000000 4.000000 7975.681614 0.012486 0.030832 0.013361 0.000000 0.000000
1.000000 14.000000 2.000000 4.000000 23218.948099 0.037799 0.099153 0.037799 20437.110820 0.000000
1.000000 15.000000 2.000000 4.000000 50448.212692 0.088428 0.264964 0.088428 59759.291121 0.000000
1.000000 16.000000 2.000000 4.000000 97701.699203 0.197564 0.853838 0.197564 145106.275696 0.000000
1.000000 17.000000 2.000000 4.000000 83117.689680 0.160466 0.602855 0.160466 108845.770288 0.000000
1.000000 18.000000 2.000000 4.000000 22147.245654 0.035953 0.093885 0.035953 11637.717831 0.000000
1.000000 19.000000 2.000000 4.000000 6203.319823 0.009668 0.023719 0.000000 0.000000 -0.000000
1.000000 20.000000 2.000000 4.000000 4217.811866 0.006541 0.015933 0.000000 0.000000 -0.000000
1.000000 21.000000 2.000000 4.000000 3504.505114 0.005425 0.013181 0.000000 0.000000 0.000000
1.000000 22.000000 2.000000 4.000000 3036.016349 0.004694 0.011387 0.000000 0.000000 0.000000
1.000000 23.000000 2.000000 4.000000 2690.815334 0.004157 0.010071 0.000000 0.000000 0.000000
1.000000 24.000000 2.000000 4.000000 2435.712731 0.003761 0.009102 0.000000 0.000000 -0.000000
1.000000 1.000000 3.000000 4.000000 2245.252062 0.003465 0.008381 0.000000 0.000000 -0.000000
1.000000 2.000000 3.000000 4.000000 2089.297909 0.003223 0.007792 0.000000 0.000000 -0.000000
1.000000 3.000000 3.000000 4.000000 1952.052704 0.003010 0.007274 0.000000 0.000000 -0.000000
1.000000 4.000000 3.000000 4.000000 1853.466143 0.002858 0.006902 0.000000 0.000000 -0.000000
1.000000 5.000000 3.000000 4.000000 1755.410527 0.002706 0.006533 0.000000 0.000000 -0.000000
1.000000 6.000000 3.000000 4.000000 1689.259021 0.002603 0.006285 0.000000 0.000000 -0.000000
1.000000 7.000000 3.000000 4.000000 1609.586260 0.002480 0.005985 0.000000 0.000000 -0.000000
1.000000 8.000000 3.000000 4.000000 2035.354893 0.003139 0.007588 0.000000 0.000000 -0.000000
1.000000 9.000000 3.000000 4.000000 2559.887069 0.003954 0.009574 0.000000 0.000000 -0.000000
1.000000 10.000000 3.000000 4.000000 3853.300092 0.005970 0.014524 0.000000 0.000000 -0.000000
1.000000 11.000000 3.000000 4.000000 5068.466503 0.007877 0.019246 0.000000 0.000000 -0.000000
1.000000 12.000000 3.000000 4.000000 6596.467015 0.010291 0.025284 0.000000 0.000000 -0.000000
1.000000 13.000000 3.000000 4.000000 23738.372587 0.038697 0.101734 0.000000 0.000000 0.000000
1.000000 14.000000 3.000000 4.000000 69305.826009 0.128301 0.432947 0.000000 0.000000 0.000000
1.000000 15.000000 3.000000 4.000000 149881.798189 0.364995 4.908413 0.000000 0.000000 0.000000
1.000000 16.000000 3.000000 4.000000 289868.076935 1.561942 -1.490151 0.000000 0.000000 -0.000000
1.000000 17.000000 3.000000 4.000000 251243.831995 1.014394 -1.897243 -0.000000 0.000000 -0.000000
1.000000 18.000000 3.000000 4.000000 70391.852011 0.130734 0.444581 0.000000 0.000000 0.000000
1.000000 19.000000 3.000000 4.000000 7345.550773 0.011481 0.028285 0.000000 0.000000 -0.000000
1.000000 20.000000 3.000000 4.000000 4699.221754 0.007296 0.017804 0.000000 0.000000 -0.000000
1.000000 21.000000 3.000000 4.000000 3881.858526 0.006015 0.014634 0.000000 0.000000 0.000000
1.000000 22.000000 3.000000 4.000000 3341.176587 0.005170 0.012555 0.000000 0.000000 0.000000
1.000000 23.000000 3.000000 4.000000 2949.270458 0.004559 0.011056 0.000000 0.000000 0.000000
1.000000 24.000000 3.000000 4.000000 2642.543286 0.004082 0.009888 0.000000 0.000000 0.000000
1.000000 1.000000 4.000000 4.000000 2422.035160 0.003739 0.009051 0.000000 0.000000 -0.000000
1.000000 2.000000 4.000000 4.000000 2247.988467 0.003469 0.008391 0.000000 0.000000 -0.000000
1.000000 3.000000 4.000000 4.000000 2099.702303 0.003239 0.007831 0.000000 0.000000 -0.000000
1.000000 4.000000 4.000000 4.000000 1971.408224 0.003040 0.007347 0.000000 0.000000 -0.000000
1.000000 5.000000 4.000000 4.000000 1853.982848 0.002858 0.006904 0.000000 0.000000 -0.000000
1.000000 6.000000 4.000000 4.000000 1777.393098 0.002740 0.006616 0.000000 0.000000 -0.000000
1.000000 7.000000 4.000000 4.000000 1679.178363 0.002588 0.006247 0.000000 0.000000 -0.000000
1.000000 8.000000 4.000000 4.000000 2095.602207 0.003233 0.007816 0.000000 0.000000 -0.000000
1.000000 9.000000 4.000000 4.000000 2580.961865 0.003986 0.009654 0.000000 0.000000 -0.000000
1.000000 10.000000 4.000000 4.000000 3803.503510 0.005892 0.014332 0.000000 0.000000 -0.000000
1.000000 11.000000 4.000000 4.000000 4926.058517 0.007653 0.018689 0.000000 0.000000 -0.000000
1.000000 12.000000 4.000000 4.000000 6352.598424 0.009904 0.024312 0.000000 0.000000 -0.000000
1.000000 13.000000 4.000000 4.000000 22697.421152 0.036899 0.096580 0.000000 0.000000 0.000000
1.000000 14.000000 4.000000 4.000000 66320.669373 0.121693 0.402240 0.000000 0.000000 0.000000
1.000000 15.000000 4.000000 4.000000 144151.563599 0.343338 3.626610 0.000000 0.000000 0.000000
1.000000 16.000000 4.000000 4.000000 281524.125374 1.414718 -1.554455 0.000000 0.000000 -0.000000
1.000000 17.000000 4.000000 4.000000 245566.448291 0.956232 -1.991647 0.000000 0.000000 -0.000000
1.000000 18.000000 4.000000 4.000000 68809.183573 0.127193 0.427712 0.000000 0.000000 -0.000000
1.000000 19.000000 4.000000 4.000000 7138.171167 0.011151 0.027452 0.000000 0.000000 -0.000000
1.000000 20.000000 4.000000 4.000000 4608.531362 0.007154 0.017450 0.000000 0.000000 -0.000000
1.000000 21.000000 4.000000 4.000000 3807.305339 0.005898 0.014347 0.000000 0.000000 0.000000
1.000000 22.000000 4.000000 4.000000 3288.193883 0.005088 0.012352 0.000000 0.000000 0.000000
1.000000 23.000000 4.000000 4.000000 2915.617347 0.004507 0.010927 0.000000 0.000000 0.000000
1.000000 24.000000 4.000000 4.000000 2655.612753 0.004102 0.009937 0.000000 0.000000 0.000000
1.000000 1.000000 5.000000 4.000000 2429.351218 0.003751 0.009078 0.000000 0.000000 -0.000000
1.000000 2.000000 5.000000 4.000000 2252.957506 0.003477 0.008410 0.000000 0.000000 -0.000000
1.000000 3.000000 5.000000 4.000000 2129.623374 0.003286 0.007944 0.000000 0.000000 -0.000000
1.000000 4.000000 5.000000 4.000000 2019.811888 0.003115 0.007529 0.000000 0.000000 -0.000000
1.000000 5.000000 5.000000 4.000000 1914.766836 0.002952 0.007133 0.000000 0.000000 -0.000000
1.000000 6.000000 5.000000 4.000000 1849.611125 0.002852 0.006888 0.000000 0.000000 -0.000000
1.000000 7.000000 5.000000 4.000000 1772.633921 0.002732 0.006598 0.000000 0.000000 -0.000000
1.000000 8.000000 5.000000 4.000000 2870.315275 0.004436 0.010755 0.010101 0.000000 0.000000
1.000000 9.000000 5.000000 4.000000 2605.033057 0.004024 0.009745 0.009745 0.000000 -660.179563
1.000000 10.000000 5.000000 4.000000 3480.364628 0.005387 0.013089 0.011685 0.000000 0.000000
1.000000 11.000000 5.000000 4.000000 3028.424256 0.004683 0.011358 0.011358 0.000000 -856.002300
1.000000 12.000000 5.000000 4.000000 2643.686457 0.004084 0.009892 0.009892 0.000000 -2196.267441
1.000000 13.000000 5.000000 4.000000 7671.108266 0.012000 0.029599 0.012640 0.000000 0.000000
1.000000 14.000000 5.000000 4.000000 22059.518940 0.035803 0.093458 0.035803 19569.661960 0.000000
1.000000 15.000000 5.000000 4.000000 47249.432407 0.082081 0.241636 0.082081 55739.410559 0.000000
1.000000 16.000000 5.000000 4.000000 92496.596737 0.183927 0.753261 0.183927 135360.529551 0.000000
1.000000 17.000000 5.000000 4.000000 79036.276555 0.150677 0.547209 0.150677 102202.612271 0.000000
1.000000 18.000000 5.000000 4.000000 20872.203129 0.033771 0.087718 0.033771 10510.279205 0.000000
1.000000 19.000000 5.000000 4.000000 5816.651291 0.009057 0.022188 0.000000 0.000000 -0.000000
1.000000 20.000000 5.000000 4.000000 4009.783084 0.006215 0.015128 0.000000 0.000000 -0.000000
1.000000 21.000000 5.000000 4.000000 3439.310981 0.005323 0.012931 0.000000 0.000000 0.000000
1.000000 22.000000 5.000000 4.000000 3031.804216 0.004688 0.011371 0.000000 0.000000 0.000000
1.000000 23.000000 5.000000 4.000000 2732.083209 0.004221 0.010228 0.000000 0.000000 0.000000
1.000000 24.000000 5.000000 4.000000 2514.408291 0.003883 0.009401 0.000000 0.000000 -0.000000
1.000000 1.000000 6.000000 4.000000 2336.295606 0.003606 0.008726 0.000000 0.000000 -0.000000
1.000000 2.000000 6.000000 4.000000 2201.576433 0.003397 0.008216 0.000000 0.000000 -0.000000
1.000000 3.000000 6.000000 4.000000 2084.464234 0.003215 0.007773 0.000000 0.000000 -0.000000
1.000000 4.000000 6.000000 4.000000 1978.180821 0.003051 0.007372 0.000000 0.000000 -0.000000
1.000000 5.000000 6.000000 4.000000 1900.591675 0.002931 0.007080 0.000000 0.000000 -0.000000
1.000000 6.000000 6.000000 4.000000 1839.960480 0.002837 0.006852 0.000000 0.000000 -0.000000
1.000000 7.000000 6.000000 4.000000 1768.052463 0.002725 0.006581 0.000000 0.000000 -0.000000
1.000000 8.000000 6.000000 4.000000 2864.090782 0.004427 0.010731 0.008751 0.000000 0.000000
1.000000 9.000000 6.000000 4.000000 2609.961499 0.004031 0.009764 0.009054 0.000000 0.000000
1.000000 10.000000 6.000000 4.000000 3400.545559 0.005263 0.012782 0.010157 0.000000 0.000000
1.000000 11.000000 6.000000 4.000000 2969.345608 0.004591 0.011132 0.011132 0.000000 -408.314620
1.000000 12.000000 6.000000 4.000000 2591.215717 0.004002 0.009693 0.009693 0.000000 -2054.284910
1.000000 13.000000 6.000000 4.000000 7919.105230 0.012395 0.030603 0.012395 1353.069368 0.000000
1.000000 14.000000 6.000000 4.000000 23060.758159 0.037526 0.098370 0.037526 21753.487606 0.000000
1.000000 15.000000 6.000000 4.000000 49368.962236 0.086274 0.256953 0.086274 59547.562471 0.000000
1.000000 16.000000 6.000000 4.000000 96120.829076 0.193374 0.821769 0.193374 143327.196030 0.000000
1.000000 17.000000 6.000000 4.000000 81930.243883 0.157592 0.586126 0.157592 108107.107117 0.000000
1.000000 18.000000 6.000000 4.000000 21860.475643 0.035461 0.092489 0.035461 12237.666281 0.000000
1.000000 19.000000 6.000000 4.000000 6118.402982 0.009534 0.023382 0.000000 0.000000 -0.000000
1.000000 20.000000 6.000000 4.000000 4186.893449 0.006493 0.015813 0.000000 0.000000 -0.000000
1.000000 21.000000 6.000000 4.000000 3510.807135 0.005435 0.013206 0.000000 0.000000 0.000000
1.000000 22.000000 6.000000 4.000000 3081.853272 0.004766 0.011562 0.000000 0.000000 0.000000
1.000000 23.000000 6.000000 4.000000 2771.957232 0.004283 0.010380 0.000000 0.000000 0.000000
1.000000 24.000000 6.000000 4.000000 2542.273231 0.003926 0.009507 0.000000 0.000000 -0.000000
1.000000 1.000000 7.000000 4.000000 2555.640369 0.003947 0.009558 0.000000 0.000000 0.000000
1.000000 2.000000 7.000000 4.000000 2432.086393 0.003755 0.009089 0.000000 0.000000 -0.000000
1.000000 3.000000 7.000000 4.000000 2297.641251 0.003546 0.008579 0.000000 0.000000 -0.000000
1.000000 4.000000 7.000000 4.000000 2167.974077 0.003345 0.008089 0.000000 0.000000 -0.000000
1.000000 5.000000 7.000000 4.000000 2046.287578 0.003156 0.007629 0.000000 0.000000 -0.000000
1.000000 6.000000 7.000000 4.000000 1932.646937 0.002980 0.007201 0.000000 0.000000 -0.000000
1.000000 7.000000 7.000000 4.000000 1842.342929 0.002840 0.006861 0.000000 0.000000 -0.000000
1.000000 8.000000 7.000000 4.000000 2791.614780 0.004314 0.010455 0.008619 0.000000 0.000000
1.000000 9.000000 7.000000 4.000000 2709.160437 0.004186 0.010141 0.010141 0.000000 -522.216290
1.000000 10.000000 7.000000 4.000000 3339.719886 0.005168 0.012549 0.012228 0.000000 0.000000
1.000000 11.000000 7.000000 4.000000 2934.981582 0.004537 0.011001 0.010909 0.000000 0.000000
1.000000 12.000000 7.000000 4.000000 2568.784216 0.003967 0.009607 0.009607 0.000000 -1492.747307
1.000000 13.000000 7.000000 4.000000 8034.331051 0.012579 0.031070 0.012579 215.079079 0.000000
1.000000 14.000000 7.000000 4.000000 23446.595956 0.038192 0.100282 0.038192 21658.086274 0.000000
1.000000 15.000000 7.000000 4.000000 51096.072242 0.089727 0.269842 0.089727 62249.741844 0.000000
1.000000 16.000000 7.000000 4.000000 99379.914789 0.202060 0.889477 0.202060 149975.941809 0.000000
1.000000 17.000000 7.000000 4.000000 85152.073859 0.165438 0.632618 0.165438 113085.130675 0.000000
1.000000 18.000000 7.000000 4.000000 22884.097723 0.037221 0.097499 0.037221 12270.316693 0.000000
1.000000 19.000000 7.000000 4.000000 6498.098355 0.010135 0.024892 0.000000 0.000000 -0.000000
1.000000 20.000000 7.000000 4.000000 4452.540818 0.006909 0.016844 0.000000 0.000000 -0.000000
1.000000 21.000000 7.000000 4.000000 3755.291139 0.005817 0.014146 0.000000 0.000000 0.000000
1.000000 22.000000 7.000000 4.000000 3290.012376 0.005090 0.012359 0.000000 0.000000 0.000000
1.000000 23.000000 7.000000 4.000000 2951.364771 0.004563 0.011064 0.000000 0.000000 0.000000
1.000000 24.000000 7.000000 4.000000 2691.341321 0.004158 0.010073 0.000000 0.000000 -0.000000
1.000000 1.000000 1.000000 4.000000 2509.952983 0.003876 0.009384 0.000000 0.000000 -0.000000
1.000000 2.000000 1.000000 4.000000 2356.126337 0.003637 0.008801 0.000000 0.000000 -0.000000
1.000000 3.000000 1.000000 4.000000 2203.244085 0.003400 0.008222 0.000000 0.000000 -0.000000
1.000000 4.000000 1.000000 4.000000 2085.767565 0.003218 0.007778 0.000000 0.000000 -0.000000
1.000000 5.000000 1.000000 4.000000 1971.387836 0.003040 0.007347 0.000000 0.000000 -0.000000
1.000000 6.000000 1.000000 4.000000 1877.493408 0.002895 0.006993 0.000000 0.000000 -0.000000
1.000000 7.000000 1.000000 4.000000 1780.586795 0.002745 0.006628 0.000000 0.000000 -0.000000
1.000000 8.000000 1.000000 4.000000 2846.388652 0.004399 0.010664 0.010664 0.000000 -299.686837
1.000000 9.000000 1.000000 4.000000 2687.643240 0.004152 0.010059 0.010059 0.000000 -1737.044109
1.000000 10.000000 1.000000 4.000000 3345.241336 0.005177 0.012570 0.012570 0.000000 -493.093168
1.000000 11.000000 1.000000 4.000000 2889.896292 0.004467 0.010829 0.010829 0.000000 -1624.931015
1.000000 12.000000 1.000000 4.000000 2511.217500 0.003878 0.009389 0.009389 0.000000 -2637.183942
1.000000 13.000000 1.000000 4.000000 8358.225401 0.013097 0.032388 0.013182 0.000000 0.000000
1.000000 14.000000 1.000000 4.000000 24279.934180 0.039636 0.104444 0.039636 21224.244701 0.000000
1.000000 15.000000 1.000000 4.000000 52531.290250 0.092623 0.280844 0.092623 62916.247000 0.000000
1.000000 16.000000 1.000000 4.000000 101540.476174 0.207922 0.937976 0.207922 153190.836297 0.000000
1.000000 17.000000 1.000000 4.000000 86767.222890 0.169431 0.657297 0.169431 114769.418626 0.000000
1.000000 18.000000 1.000000 4.000000 23445.610815 0.038190 0.100277 0.038190 11563.656978 0.000000
1.000000 19.000000 1.000000 4.000000 6661.896083 0.010395 0.025545 0.000000 0.000000 -0.000000
1.000000 20.000000 1.000000 4.000000 4598.126116 0.007138 0.017410 0.000000 0.000000 -0.000000
1.000000 21.000000 1.000000 4.000000 3916.666387 0.006069 0.014768 0.000000 0.000000 0.000000
1.000000 22.000000 1.000000 4.000000 3442.395055 0.005328 0.012943 0.000000 0.000000 0.000000
1.000000 23.000000 1.000000 4.000000 3107.421699 0.004806 0.011660 0.000000 0.000000 0.000000
1.000000 24.000000 1.000000 4.000000 2859.801714 0.004420 0.010715 0.000000 0.000000 -0.000000
1.000000 1.000000 2.000000 4.000000 2695.445126 0.004164 0.010089 0.000000 0.000000 -0.000000
1.000000 2.000000 2.000000 4.000000 2532.646065 0.003911 0.009470 0.000000 0.000000 -0.000000
1.000000 3.000000 2.000000 4.000000 2389.026568 0.003688 0.008926 0.000000 0.000000 -0.000000
1.000000 4.000000 2.000000 4.000000 2274.630625 0.003510 0.008492 0.000000 0.000000 -0.000000
1.000000 5.000000 2.000000 4.000000 2159.276430 0.003332 0.008056 0.000000 0.000000 -0.000000
1.000000 6.000000 2.000000 4.000000 2058.298243 0.003175 0.007675 0.000000 0.000000 -0.000000
1.000000 7.000000 2.000000 4.000000 1951.284727 0.003009 0.007271 0.000000 0.000000 -0.000000
1.000000 8.000000 2.000000 4.000000 2763.289244 0.004270 0.010347 0.010347 0.000000 -925.125059
1.000000 9.000000 2.000000 4.000000 2709.533251 0.004186 0.010142 0.010142 0.000000 -1660.649947
1.000000 10.000000 2.000000 4.000000 3352.913899 0.005189 0.012600 0.012600 0.000000 -728.283332
1.000000 11.000000 2.000000 4.000000 2945.800175 0.004554 0.011043 0.011043 0.000000 -1774.863064
1.000000 12.000000 2.000000 4.000000 2566.766326 0.003964 0.009600 0.009600 0.000000 -3044.094041
1.000000 13.000000 2.000000 4.000000 7992.948447 0.012513 0.030902 0.013183 0.000000 0.000000
1.000000 14.000000 2.000000 4.000000 23161.964153 0.037700 0.098871 0.037700 20099.462300 0.000000
1.000000 15.000000 2.000000 4.000000 50295.088442 0.088121 0.263818 0.088121 59506.111955 0.000000
1.000000 16.000000 2.000000 4.000000 98711.603706 0.200264 0.875080 0.200264 147277.884793 0.000000
1.000000 17.000000 2.000000 4.000000 84157.115886 0.162998 0.617883 0.162998 110251.969968 0.000000
1.000000 18.000000 2.000000 4.000000 22542.986893 0.036634 0.095821 0.036634 10884.303509 0.000000
1.000000 19.000000 2.000000 4.000000 6411.392603 0.009997 0.024546 0.000000 0.000000 -0.000000
1.000000 20.000000 2.000000 4.000000 4434.454079 0.006881 0.016773 0.000000 0.000000 -0.000000
1.000000 21.000000 2.000000 4.000000 3772.184535 0.005843 0.014211 0.000000 0.000000 0.000000
1.000000 22.000000 2.000000 4.000000 3311.737896 0.005124 0.012442 0.000000 0.000000 0.000000
1.000000 23.000000 2.000000 4.000000 2982.762141 0.004611 0.011184 0.000000 0.000000 0.000000
1.000000 24.000000 2.000000 4.000000 2716.641413 0.004197 0.010170 0.000000 0.000000 -0.000000
1.000000 1.000000 3.000000 4.000000 2523.336075 0.003897 0.009435 0.000000 0.000000 -0.000000
1.000000 2.000000 3.000000 4.000000 2371.960641 0.003662 0.008861 0.000000 0.000000 -0.000000
1.000000 3.000000 3.000000 4.000000 2238.582133 0.003455 0.008356 0.000000 0.000000 -0.000000
1.000000 4.000000 3.000000 4.000000 2117.271285 0.003266 0.007897 0.000000 0.000000 -0.000000
1.000000 5.000000 3.000000 4.000000 1992.205369 0.003072 0.007425 0.000000 0.000000 -0.000000
1.000000 6.000000 3.000000 4.000000 1879.560518 0.002898 0.007001 0.000000 0.000000 -0.000000
1.000000 7.000000 3.000000 4.000000 1787.241600 0.002755 0.006653 0.000000 0.000000 -0.000000
1.000000 8.000000 3.000000 4.000000 2170.302597 0.003349 0.008098 0.000000 0.000000 -0.000000
1.000000 9.000000 3.000000 4.000000 2683.326304 0.004145 0.010043 0.000000 0.000000 -0.000000
1.000000 10.000000 3.000000 4.000000 4013.101284 0.006220 0.015141 0.000000 0.000000 -0.000000
1.000000 11.000000 3.000000 4.000000 5190.446305 0.008069 0.019724 0.000000 0.000000 -0.000000
1.000000 12.000000 3.000000 4.000000 6762.921957 0.010555 0.025948 0.000000 0.000000 -0.000000
1.000000 13.000000 3.000000 4.000000 24216.841651 0.039526 0.104127 0.000000 0.000000 0.000000
1.000000 14.000000 3.000000 4.000000 70959.956149 0.132013 0.450769 0.000000 0.000000 0.000000
1.000000 15.000000 3.000000 4.000000 154836.845015 0.384522 6.860483 0.000000 0.000000 0.000000
1.000000 16.000000 3.000000 4.000000 298074.101889 1.729079 -1.435011 0.000000 0.000000 -0.000000
1.000000 17.000000 3.000000 4.000000 257686.191323 1.085812 -1.804737 -0.000000 0.000000 -0.000000
1.000000 18.000000 3.000000 4.000000 71987.881312 0.134338 0.462151 0.000000 0.000000 0.000000
1.000000 19.000000 3.000000 4.000000 7711.781101 0.012065 0.029763 0.000000 0.000000 -0.000000
1.000000 20.000000 3.000000 4.000000 5019.715756 0.007800 0.019055 0.000000 0.000000 -0.000000
1.000000 21.000000 3.000000 4.000000 4169.632977 0.006466 0.015746 0.000000 0.000000 0.000000
1.000000 22.000000 3.000000 4.000000 3603.904495 0.005580 0.013563 0.000000 0.000000 0.000000
1.000000 23.000000 3.000000 4.000000 3169.715692 0.004903 0.011898 0.000000 0.000000 0.000000
1.000000 24.000000 3.000000 4.000000 2838.897640 0.004387 0.010635 0.000000 0.000000 -0.000000
1.000000 1.000000 4.000000 4.000000 2607.449004 0.004027 0.009754 0.000000 0.000000 -0.000000
1.000000 2.000000 4.000000 4.000000 2435.328608 0.003760 0.009101 0.000000 0.000000 -0.000000
1.000000 3.000000 4.000000 4.000000 2281.038124 0.003520 0.008517 0.000000 0.000000 -0.000000
1.000000 4.000000 4.000000 4.000000 2148.576140 0.003315 0.008016 0.000000 0.000000 -0.000000
1.000000 5.000000 4.000000 4.000000 2029.574843 0.003130 0.007566 0.000000 0.000000 -0.000000
1.000000 6.000000 4.000000 4.000000 1935.088465 0.002984 0.007210 0.000000 0.000000 -0.000000
1.000000 7.000000 4.000000 4.000000 1804.401495 0.002782 0.006718 0.000000 0.000000 -0.000000
1.000000 8.000000 4.000000 4.000000 2248.905606 0.003471 0.008395 0.000000 0.000000 -0.000000
1.000000 9.000000 4.000000 4.000000 2774.996709 0.004288 0.010392 0.000000 0.000000 -0.000000
1.000000 10.000000 4.000000 4.000000 4115.113685 0.006380 0.015535 0.000000 0.000000 -0.000000
1.000000 11.000000 4.000000 4.000000 5349.593599 0.008320 0.020348 0.000000 0.000000 -0.000000
1.000000 12.000000 4.000000 4.000000 6904.060112 0.010779 0.026513 0.000000 0.000000 -0.000000
1.000000 13.000000 4.000000 4.000000 24740.605759 0.040437 0.106766 0.000000 0.000000 0.000000
1.000000 14.000000 4.000000 4.000000 72647.202198 0.135837 0.469579 0.000000 0.000000 0.000000
1.000000 15.000000 4.000000 4.000000 157773.304488 0.396462 8.839640 0.000000 0.000000 0.000000
1.000000 16.000000 4.000000 4.000000 305109.954489 1.894184 -1.393023 0.000000 0.000000 -0.000000
1.000000 17.000000 4.000000 4.000000 266238.578016 1.190844 -1.700845 -0.000000 0.000000 -0.000000
1.000000 18.000000 4.000000 4.000000 75142.110840 0.141564 0.498634 0.000000 0.000000 0.000000
1.000000 19.000000 4.000000 4.000000 8176.873518 0.012807 0.031649 0.000000 0.000000 -0.000000
1.000000 20.000000 4.000000 4.000000 5329.620443 0.008288 0.020270 0.000000 0.000000 -0.000000
1.000000 21.000000 4.000000 4.000000 4366.961254 0.006775 0.016511 0.000000 0.000000 -0.000000
1.000000 22.000000 4.000000 4.000000 3783.684473 0.005861 0.014255 0.000000 0.000000 0.000000
1.000000 23.000000 4.000000 4.000000 3363.722953 0.005205 0.012641 0.000000 0.000000 0.000000
1.000000 24.000000 4.000000 4.000000 3049.918994 0.004716 0.011440 0.000000 0.000000 -0.000000
1.000000 1.000000 5.000000 4.000000 2791.896993 0.004314 0.010456 0.000000 0.000000 -0.000000
1.000000 2.000000 5.000000 4.000000 2591.938274 0.004003 0.009695 0.000000 0.000000 -0.000000
1.000000 3.000000 5.000000 4.000000 2412.801762 0.003725 0.009016 0.000000 0.000000 -0.000000
1.000000 4.000000 5.000000 4.000000 2256.845684 0.003483 0.008425 0.000000 0.000000 -0.000000
1.000000 5.000000 5.000000 4.000000 2135.282080 0.003294 0.007965 0.000000 0.000000 -0.000000
1.000000 6.000000 5.000000 4.000000 2032.496142 0.003135 0.007577 0.000000 0.000000 -0.000000
1.000000 7.000000 5.000000 4.000000 1915.430994 0.002954 0.007136 0.000000 0.000000 -0.000000
1.000000 8.000000 5.000000 4.000000 2748.551014 0.004247 0.010291 0.010291 0.000000 -270.536010
1.000000 9.000000 5.000000 4.000000 2795.585280 0.004320 0.010470 0.010470 0.000000 -1551.193305
1.000000 10.000000 5.000000 4.000000 3275.234560 0.005067 0.012302 0.012302 0.000000 -1118.375296
1.000000 11.000000 5.000000 4.000000 2865.295433 0.004429 0.010736 0.010736 0.000000 -1786.050074
1.000000 12.000000 5.000000 4.000000 2493.043891 0.003850 0.009320 0.009320 0.000000 -3050.053642
1.000000 13.000000 5.000000 4.000000 8391.192923 0.013150 0.032522 0.013413 0.000000 0.000000
1.000000 14.000000 5.000000 4.000000 24494.739404 0.040009 0.105525 0.040009 22863.934097 0.000000
1.000000 15.000000 5.000000 4.000000 52940.284763 0.093452 0.284029 0.093452 64339.534805 0.000000
1.000000 16.000000 5.000000 4.000000 102255.161694 0.209879 0.954711 0.209879 154996.779978 0.000000
1.000000 17.000000 5.000000 4.000000 87082.281023 0.170214 0.662225 0.170214 115147.744124 0.000000
1.000000 18.000000 5.000000 4.000000 23356.471616 0.038036 0.099834 0.038036 11322.041449 0.000000
1.000000 19.000000 5.000000 4.000000 6542.595843 0.010205 0.025069 0.000000 0.000000 -0.000000
1.000000 20.000000 5.000000 4.000000 4481.287228 0.006954 0.016955 0.000000 0.000000 -0.000000
1.000000 21.000000 5.000000 4.000000 3731.883969 0.005780 0.014056 0.000000 0.000000 0.000000
1.000000 22.000000 5.000000 4.000000 3244.683388 0.005020 0.012185 0.000000 0.000000 0.000000
1.000000 23.000000 5.000000 4.000000 2888.306625 0.004464 0.010823 0.000000 0.000000 0.000000
1.000000 24.000000 5.000000 4.000000 2617.476624 0.004043 0.009792 0.000000 0.000000 -0.000000
1.000000 1.000000 6.000000 4.000000 2408.797271 0.003719 0.009000 0.000000 0.000000 -0.000000
1.000000 2.000000 6.000000 4.000000 2241.433343 0.003459 0.008367 0.000000 0.000000 -0.000000
1.000000 3.000000 6.000000 4.000000 2106.037739 0.003249 0.007855 0.000000 0.000000 -0.000000
1.000000 4.000000 6.000000 4.000000 1991.818017 0.003072 0.007424 0.000000 0.000000 -0.000000
1.000000 5.000000 6.000000 4.000000 1879.546228 0.002898 0.007001 0.000000 0.000000 -0.000000
1.000000 6.000000 6.000000 4.000000 1781.184990 0.002746 0.006630 0.000000 0.000000 -0.000000
1.000000 7.000000 6.000000 4.000000 1696.820127 0.002615 0.006313 0.000000 0.000000 -0.000000
1.000000 8.000000 6.000000 4.000000 2902.396061 0.004486 0.010877 0.008441 0.000000 0.000000
1.000000 9.000000 6.000000 4.000000 2639.795446 0.004078 0.009877 0.009877 0.000000 -60.491361
1.000000 10.000000 6.000000 4.000000 3365.754819 0.005209 0.012649 0.010632 0.000000 0.000000
1.000000 11.000000 6.000000 4.000000 2903.449765 0.004488 0.010881 0.010881 0.000000 -306.337808
1.000000 12.000000 6.000000 4.000000 2517.599674 0.003888 0.009413 0.009413 0.000000 -1540.187403
1.000000 13.000000 6.000000 4.000000 8340.577614 0.013069 0.032316 0.013069 910.107917 0.000000
1.000000 14.000000 6.000000 4.000000 24307.052333 0.039683 0.104580 0.039683 23454.584314 0.000000
1.000000 15.000000 6.000000 4.000000 52808.537652 0.093185 0.283001 0.093185 64759.042337 0.000000
1.000000 16.000000 6.000000 4.000000 101842.511171 0.208748 0.945005 0.208748 155250.979230 0.000000
1.000000 17.000000 6.000000 4.000000 86952.259391 0.169891 0.660187 0.169891 116468.861622 0.000000
1.000000 18.000000 6.000000 4.000000 23356.941572 0.038037 0.099837 0.038037 12674.328747 0.000000
1.000000 19.000000 6.000000 4.000000 6583.787316 0.010271 0.025233 0.000000 0.000000 -0.000000
1.000000 20.000000 6.000000 4.000000 4543.175960 0.007051 0.017196 0.000000 0.000000 -0.000000
1.000000 21.000000 6.000000 4.000000 3814.883595 0.005910 0.014376 0.000000 0.000000 0.000000
1.000000 22.000000 6.000000 4.000000 3338.834542 0.005167 0.012546 0.000000 0.000000 0.000000
1.000000 23.000000 6.000000 4.000000 3002.712290 0.004643 0.011260 0.000000 0.000000 0.000000
1.000000 24.000000 6.000000 4.000000 2742.762383 0.004238 0.010269 0.000000 0.000000 -0.000000
1.000000 1.000000 7.000000 4.000000 2544.041553 0.003929 0.009514 0.000000 0.000000 -0.000000
1.000000 2.000000 7.000000 4.000000 2372.277682 0.003662 0.008862 0.000000 0.000000 -0.000000
1.000000 3.000000 7.000000 4.000000 2248.037678 0.003469 0.008392 0.000000 0.000000 -0.000000
1.000000 4.000000 7.000000 4.000000 2138.439045 0.003299 0.007977 0.000000 0.000000 -0.000000
1.000000 5.000000 7.000000 4.000000 2033.885998 0.003137 0.007583 0.000000 0.000000 -0.000000
1.000000 6.000000 7.000000 4.000000 1940.656000 0.002993 0.007231 0.000000 0.000000 -0.000000
1.000000 7.000000 7.000000 4.000000 1852.012034 0.002855 0.006897 0.000000 0.000000 -0.000000
1.000000 8.000000 7.000000 4.000000 2832.463435 0.004377 0.010610 0.009556 0.000000 0.000000
1.000000 9.000000 7.000000 4.000000 2619.793785 0.004047 0.009801 0.009801 0.000000 -295.790004
1.000000 10.000000 7.000000 4.000000 3453.726308 0.005346 0.012986 0.011361 0.000000 0.000000
1.000000 11.000000 7.000000 4.000000 3038.464967 0.004698 0.011396 0.010383 0.000000 0.000000
1.000000 12.000000 7.000000 4.000000 2662.251227 0.004113 0.009963 0.009916 0.000000 0.000000
1.000000 13.000000 7.000000 4.000000 7635.238297 0.011943 0.029454 0.011943 1661.466021 0.000000
1.000000 14.000000 7.000000 4.000000 22333.180598 0.036273 0.094794 0.036273 21770.182075 0.000000
1.000000 15.000000 7.000000 4.000000 48509.371494 0.084567 0.250676 0.084567 59232.597447 0.000000
1.000000 16.000000 7.000000 4.000000 95058.191153 0.190581 0.800986 0.190581 142020.601073 0.000000
1.000000 17.000000 7.000000 4.000000 80960.445488 0.155261 0.572799 0.155261 106481.635979 0.000000
1.000000 18.000000 7.000000 4.000000 21632.932321 0.035071 0.091385 0.035071 11969.811238 0.000000
1.000000 19.000000 7.000000 4.000000 6133.468581 0.009557 0.023442 0.000000 0.000000 -0.000000
1.000000 20.000000 7.000000 4.000000 4250.566754 0.006592 0.016060 0.000000 0.000000 -0.000000
1.000000 21.000000 7.000000 4.000000 3633.273235 0.005626 0.013676 0.000000 0.000000 0.000000
1.000000 22.000000 7.000000 4.000000 3235.558118 0.005005 0.012150 0.000000 0.000000 0.000000
1.000000 23.000000 7.000000 4.000000 2937.541319 0.004541 0.011011 0.000000 0.000000 0.000000
1.000000 24.000000 7.000000 4.000000 2703.165069 0.004176 0.010118 0.000000 0.000000 0.000000
1.000000 1.000000 1.000000 4.000000 2534.082164 0.003913 0.009476 0.000000 0.000000 -0.000000
1.000000 2.000000 1.000000 4.000000 2410.286448 0.003721 0.009006 0.000000 0.000000 -0.000000
1.000000 3.000000 1.000000 4.000000 2306.039588 0.003559 0.008611 0.000000 0.000000 -0.000000
1.000000 4.000000 1.000000 4.000000 2206.390115 0.003405 0.008234 0.000000 0.000000 -0.000000
1.000000 5.000000 1.000000 4.000000 2093.328689 0.003229 0.007807 0.000000 0.000000 -0.000000
1.000000 6.000000 1.000000 4.000000 2004.578341 0.003092 0.007472 0.000000 0.000000 -0.000000
1.000000 7.000000 1.000000 4.000000 1900.071179 0.002930 0.007078 0.000000 0.000000 -0.000000
1.000000 8.000000 1.000000 4.000000 2771.363953 0.004282 0.010378 0.010378 0.000000 -174.966887
1.000000 9.000000 1.000000 4.000000 2734.226743 0.004225 0.010236 0.010236 0.000000 -1396.185385
1.000000 10.000000 1.000000 4.000000 3326.169691 0.005147 0.012497 0.012497 0.000000 -839.962397
1.000000 11.000000 1.000000 4.000000 2912.760402 0.004502 0.010917 0.010917 0.000000 -1160.330355
1.000000 12.000000 1.000000 4.000000 2525.574074 0.003900 0.009443 0.009443 0.000000 -2638.442990
1.000000 13.000000 1.000000 4.000000 8280.010356 0.012972 0.032069 0.013507 0.000000 0.000000
1.000000 14.000000 1.000000 4.000000 24025.576412 0.039195 0.103169 0.039195 20733.824641 0.000000
1.000000 15.000000 1.000000 4.000000 51632.786866 0.090807 0.273925 0.090807 61009.795959 0.000000
1.000000 16.000000 1.000000 4.000000 98941.538818 0.200881 0.880003 0.200881 147472.375688 0.000000
1.000000 17.000000 1.000000 4.000000 84332.002972 0.163426 0.620448 0.163426 110375.575737 0.000000
1.000000 18.000000 1.000000 4.000000 22920.135876 0.037283 0.097676 0.037283 10846.460174 0.000000
1.000000 19.000000 1.000000 4.000000 6647.017064 0.010371 0.025485 0.000000 0.000000 -0.000000
1.000000 20.000000 1.000000 4.000000 4671.201602 0.007252 0.017694 0.000000 0.000000 -0.000000
1.000000 21.000000 1.000000 4.000000 3956.283363 0.006131 0.014921 0.000000 0.000000 0.000000
1.000000 22.000000 1.000000 4.000000 3440.210331 0.005325 0.012934 0.000000 0.000000 0.000000
1.000000 23.000000 1.000000 4.000000 3102.192466 0.004798 0.011640 0.000000 0.000000 0.000000
1.000000 24.000000 1.000000 4.000000 2826.920633 0.004369 0.010589 0.000000 0.000000 -0.000000
1.000000 1.000000 2.000000 4.000000 2618.581381 0.004045 0.009797 0.000000 0.000000 -0.000000
1.000000 2.000000 2.000000 4.000000 2433.547506 0.003757 0.009094 0.000000 0.000000 -0.000000
1.000000 3.000000 2.000000 4.000000 2308.673170 0.003563 0.008621 0.000000 0.000000 -0.000000
1.000000 4.000000 2.000000 4.000000 2199.224915 0.003393 0.008207 0.000000 0.000000 -0.000000
1.000000 5.000000 2.000000 4.000000 2071.235463 0.003195 0.007723 0.000000 0.000000 -0.000000
1.000000 6.000000 2.000000 4.000000 1980.340567 0.003054 0.007381 0.000000 0.000000 -0.000000
1.000000 7.000000 2.000000 4.000000 1871.388007 0.002885 0.006970 0.000000 0.000000 -0.000000
1.000000 8.000000 2.000000 4.000000 2747.489218 0.004245 0.010287 0.010287 0.000000 -113.948044
1.000000 9.000000 2.000000 4.000000 2826.618629 0.004368 0.010588 0.010588 0.000000 -1372.470099
1.000000 10.000000 2.000000 4.000000 3235.343922 0.005005 0.012149 0.012149 0.000000 -241.031617
1.000000 11.000000 2.000000 4.000000 2824.603194 0.004365 0.010581 0.010581 0.000000 -1700.360722
1.000000 12.000000 2.000000 4.000000 2467.149373 0.003809 0.009222 0.009222 0.000000 -2922.648591
1.000000 13.000000 2.000000 4.000000 8628.840019 0.013530 0.033493 0.013530 592.922018 0.000000
1.000000 14.000000 2.000000 4.000000 25069.536345 0.041010 0.108433 0.041010 22920.555219 0.000000
1.000000 15.000000 2.000000 4.000000 53975.732149 0.095561 0.292194 0.095561 64673.655981 0.000000
1.000000 16.000000 2.000000 4.000000 103624.544880 0.213655 0.987801 0.213655 157289.511289 0.000000
1.000000 17.000000 2.000000 4.000000 88034.736506 0.172593 0.677356 0.172593 116374.937208 0.000000
1.000000 18.000000 2.000000 4.000000 23971.649534 0.039101 0.102899 0.039101 11576.016695 0.000000
1.000000 19.000000 2.000000 4.000000 6917.050069 0.010800 0.026565 0.000000 0.000000 -0.000000
1.000000 20.000000 2.000000 4.000000 4792.870847 0.007443 0.018169 0.000000 0.000000 -0.000000
1.000000 21.000000 2.000000 4.000000 4028.591837 0.006245 0.015201 0.000000 0.000000 0.000000
1.000000 22.000000 2.000000 4.000000 3504.837564 0.005426 0.013183 0.000000 0.000000 0.000000
1.000000 23.000000 2.000000 4.000000 3129.867547 0.004841 0.011746 0.000000 0.000000 -0.000000
1.000000 24.000000 2.000000 4.000000 2828.866985 0.004372 0.010597 0.000000 0.000000 -0.000000
1.000000 1.000000 3.000000 4.000000 2592.795878 0.004005 0.009699 0.000000 0.000000 -0.000000
1.000000 2.000000 3.000000 4.000000 2419.592807 0.003736 0.009041 0.000000 0.000000 -0.000000
1.000000 3.000000 3.000000 4.000000 2273.006561 0.003508 0.008486 0.000000 0.000000 -0.000000
1.000000 4.000000 3.000000 4.000000 2142.315542 0.003305 0.007992 0.000000 0.000000 -0.000000
1.000000 5.000000 3.000000 4.000000 2016.503540 0.003110 0.007517 0.000000 0.000000 -0.000000
1.000000 6.000000 3.000000 4.000000 1916.853532 0.002956 0.007141 0.000000 0.000000 -0.000000
1.000000 7.000000 3.000000 4.000000 1802.837419 0.002779 0.006712 0.000000 0.000000 -0.000000
1.000000 8.000000 3.000000 4.000000 2169.219427 0.003347 0.008094 0.000000 0.000000 -0.000000
1.000000 9.000000 3.000000 4.000000 2657.441164 0.004105 0.009944 0.000000 0.000000 -0.000000
1.000000 10.000000 3.000000 4.000000 3946.139142 0.006116 0.014882 0.000000 0.000000 -0.000000
1.000000 11.000000 3.000000 4.000000 5014.503585 0.007792 0.019035 0.000000 0.000000 -0.000000
1.000000 12.000000 3.000000 4.000000 6438.816880 0.010041 0.024655 0.000000 0.000000 -0.000000
1.000000 13.000000 3.000000 4.000000 22970.829271 0.037371 0.097926 0.000000 0.000000 0.000000
1.000000 14.000000 3.000000 4.000000 68283.334721 0.126024 0.422224 0.000000 0.000000 0.000000
1.000000 15.000000 3.000000 4.000000 148907.391335 0.361244 4.638532 0.000000 0.000000 0.000000
1.000000 16.000000 3.000000 4.000000 289094.369406 1.547401 -1.495738 0.000000 0.000000 -0.000000
1.000000 17.000000 3.000000 4.000000 250519.160140 1.006733 -1.908562 -0.000000 0.000000 -0.000000
1.000000 18.000000 3.000000 4.000000 70851.734510 0.131769 0.449585 0.000000 0.000000 0.000000
1.000000 19.000000 3.000000 4.000000 7552.817413 0.011811 0.029121 0.000000 0.000000 -0.000000
1.000000 20.000000 3.000000 4.000000 4919.438232 0.007642 0.018663 0.000000 0.000000 -0.000000
1.000000 21.000000 3.000000 4.000000 4097.378657 0.006352 0.015467 0.000000 0.000000 0.000000
1.000000 22.000000 3.000000 4.000000 3536.823894 0.005476 0.013305 0.000000 0.000000 0.000000
1.000000 23.000000 3.000000 4.000000 3116.953965 0.004821 0.011696 0.000000 0.000000 0.000000
1.000000 24.000000 3.000000 4.000000 2813.729738 0.004348 0.010539 0.000000 0.000000 0.000000
1.000000 1.000000 4.000000 4.000000 2581.378099 0.003987 0.009655 0.000000 0.000000 -0.000000
1.000000 2.000000 4.000000 4.000000 2410.033319 0.003721 0.009005 0.000000 0.000000 -0.000000
1.000000 3.000000 4.000000 4.000000 2261.549218 0.003490 0.008443 0.000000 0.000000 -0.000000
1.000000 4.000000 4.000000 4.000000 2143.132275 0.003306 0.007995 0.000000 0.000000 -0.000000
1.000000 5.000000 4.000000 4.000000 2007.579144 0.003096 0.007483 0.000000 0.000000 -0.000000
1.000000 6.000000 4.000000 4.000000 1914.585178 0.002952 0.007133 0.000000 0.000000 -0.000000
1.000000 7.000000 4.000000 4.000000 1814.811417 0.002798 0.006757 0.000000 0.000000 -0.000000
1.000000 8.000000 4.000000 4.000000 2203.703632 0.003400 0.008224 0.000000 0.000000 -0.000000
1.000000 9.000000 4.000000 4.000000 2667.896582 0.004121 0.009984 0.000000 0.000000 -0.000000
1.000000 10.000000 4.000000 4.000000 3840.658853 0.005951 0.014475 0.000000 0.000000 -0.000000
1.000000 11.000000 4.000000 4.000000 4836.001968 0.007511 0.018337 0.000000 0.000000 -0.000000
1.000000 12.000000 4.000000 4.000000 6197.427874 0.009659 0.023696 0.000000 0.000000 -0.000000
1.000000 13.000000 4.000000 4.000000 22500.509426 0.036560 0.095613 0.000000 0.000000 0.000000
1.000000 14.000000 4.000000 4.000000 66548.572886 0.122193 0.404521 0.000000 0.000000 0.000000
1.000000 15.000000 4.000000 4.000000 147515.588816 0.355936 4.295750 0.000000 0.000000 0.000000
1.000000 16.000000 4.000000 4.000000 295191.295996 1.667525 -1.453565 0.000000 0.000000 -0.000000
1.000000 17.000000 4.000000 4.000000 267973.133396 1.213741 -1.681962 0.000000 0.000000 -0.000000
1.000000 18.000000 4.000000 4.000000 75975.529456 0.143496 0.508687 0.000000 0.000000 -0.000000
1.000000 19.000000 4.000000 4.000000 8245.884771 0.012917 0.031930 0.000000 0.000000 -0.000000
1.000000 20.000000 4.000000 4.000000 5374.081409 0.008358 0.020444 0.000000 0.000000 -0.000000
1.000000 21.000000 4.000000 4.000000 4461.141548 0.006923 0.016877 0.000000 0.000000 0.000000
1.000000 22.000000 4.000000 4.000000 3868.003089 0.005993 0.014581 0.000000 0.000000 0.000000
1.000000 23.000000 4.000000 4.000000 3433.626144 0.005314 0.012909 0.000000 0.000000 0.000000
1.000000 24.000000 4.000000 4.000000 3112.663756 0.004814 0.011680 0.000000 0.000000 0.000000
1.000000 1.000000 5.000000 4.000000 2847.709847 0.004401 0.010669 0.000000 0.000000 -0.000000
1.000000 2.000000 5.000000 4.000000 2635.045143 0.004070 0.009859 0.000000 0.000000 -0.000000
1.000000 3.000000 5.000000 4.000000 2436.151889 0.003761 0.009104 0.000000 0.000000 -0.000000
1.000000 4.000000 5.000000 4.000000 2265.777958 0.003497 0.008459 0.000000 0.000000 -0.000000
1.000000 5.000000 5.000000 4.000000 2126.191199 0.003280 0.007931 0.000000 0.000000 -0.000000
1.000000 6.000000 5.000000 4.000000 2020.206013 0.003116 0.007531 0.000000 0.000000 -0.000000
1.000000 7.000000 5.000000 4.000000 1897.923537 0.002926 0.007070 0.000000 0.000000 -0.000000
1.000000 8.000000 5.000000 4.000000 2755.458731 0.004258 0.010317 0.010317 0.000000 -262.456010
1.000000 9.000000 5.000000 4.000000 2799.940811 0.004327 0.010487 0.010487 0.000000 -1249.435873
1.000000 10.000000 5.000000 4.000000 3282.864394 0.005079 0.012331 0.011815 0.000000 0.000000
1.000000 11.000000 5.000000 4.000000 2879.216309 0.004450 0.010789 0.010789 0.000000 -1728.472423
1.000000 12.000000 5.000000 4.000000 2507.562974 0.003872 0.009375 0.009375 0.000000 -2769.829429
1.000000 13.000000 5.000000 4.000000 8237.850742 0.012905 0.031898 0.012905 125.754161 0.000000
1.000000 14.000000 5.000000 4.000000 23822.362394 0.038842 0.102153 0.038842 22159.335012 0.000000
1.000000 15.000000 5.000000 4.000000 51772.814397 0.091090 0.274996 0.091090 61474.750927 0.000000
1.000000 16.000000 5.000000 4.000000 99647.408939 0.202781 0.895318 0.202781 149251.772495 0.000000
1.000000 17.000000 5.000000 4.000000 84811.006604 0.164600 0.627527 0.164600 111327.441529 0.000000
1.000000 18.000000 5.000000 4.000000 22634.454588 0.036791 0.096270 0.036791 10982.114279 0.000000
1.000000 19.000000 5.000000 4.000000 6434.586705 0.010034 0.024639 0.000000 0.000000 -0.000000
1.000000 20.000000 5.000000 4.000000 4427.767486 0.006870 0.016747 0.000000 0.000000 -0.000000
1.000000 21.000000 5.000000 4.000000 3726.146355 0.005771 0.014034 0.000000 0.000000 0.000000
1.000000 22.000000 5.000000 4.000000 3245.428176 0.005021 0.012188 0.000000 0.000000 0.000000
1.000000 23.000000 5.000000 4.000000 2900.262179 0.004483 0.010869 0.000000 0.000000 -0.000000
1.000000 24.000000 5.000000 4.000000 2642.470123 0.004082 0.009887 0.000000 0.000000 -0.000000
1.000000 1.000000 6.000000 4.000000 2432.583159 0.003756 0.009091 0.000000 0.000000 -0.000000
1.000000 2.000000 6.000000 4.000000 2283.951433 0.003525 0.008528 0.000000 0.000000 -0.000000
1.000000 3.000000 6.000000 4.000000 2153.506920 0.003323 0.008034 0.000000 0.000000 -0.000000
1.000000 4.000000 6.000000 4.000000 2041.475899 0.003149 0.007611 0.000000 0.000000 -0.000000
1.000000 5.000000 6.000000 4.000000 1931.022542 0.002978 0.007195 0.000000 0.000000 -0.000000
1.000000 6.000000 6.000000 4.000000 1834.728655 0.002828 0.006832 0.000000 0.000000 -0.000000
1.000000 7.000000 6.000000 4.000000 1728.456202 0.002664 0.006432 0.000000 0.000000 -0.000000
1.000000 8.000000 6.000000 4.000000 2945.520760 0.004553 0.011042 0.007780 0.000000 0.000000
1.000000 9.000000 6.000000 4.000000 2644.260300 0.004085 0.009894 0.009562 0.000000 0.000000
1.000000 10.000000 6.000000 4.000000 3489.071885 0.005401 0.013122 0.009970 0.000000 0.000000
1.000000 11.000000 6.000000 4.000000 3020.348259 0.004670 0.011327 0.010781 0.000000 0.000000
1.000000 12.000000 6.000000 4.000000 2590.684402 0.004001 0.009691 0.009691 0.000000 -1245.655255
1.000000 13.000000 6.000000 4.000000 7956.077412 0.012454 0.030753 0.012454 1992.482919 0.000000
1.000000 14.000000 6.000000 4.000000 23356.877102 0.038037 0.099836 0.038037 22896.189994 0.000000
1.000000 15.000000 6.000000 4.000000 50691.963708 0.088916 0.266793 0.088916 62115.428187 0.000000
1.000000 16.000000 6.000000 4.000000 98222.484044 0.198954 0.864716 0.198954 148318.949170 0.000000
1.000000 17.000000 6.000000 4.000000 83787.239231 0.162095 0.612493 0.162095 111062.261899 0.000000
1.000000 18.000000 6.000000 4.000000 22427.085050 0.036434 0.095253 0.036434 12205.303268 0.000000
1.000000 19.000000 6.000000 4.000000 6294.610025 0.009813 0.024082 0.000000 0.000000 -0.000000
1.000000 20.000000 6.000000 4.000000 4358.339704 0.006761 0.016478 0.000000 0.000000 -0.000000
1.000000 21.000000 6.000000 4.000000 3653.511223 0.005658 0.013754 0.000000 0.000000 0.000000
1.000000 22.000000 6.000000 4.000000 3201.024704 0.004952 0.012018 0.000000 0.000000 0.000000
1.000000 23.000000 6.000000 4.000000 2873.710988 0.004442 0.010768 0.000000 0.000000 0.000000
1.000000 24.000000 6.000000 4.000000 2627.749095 0.004059 0.009832 0.000000 0.000000 -0.000000
1.000000 1.000000 7.000000 4.000000 2433.772936 0.003758 0.009095 0.000000 0.000000 -0.000000
1.000000 2.000000 7.000000 4.000000 2282.569903 0.003523 0.008522 0.000000 0.000000 -0.000000
1.000000 3.000000 7.000000 4.000000 2158.395134 0.003330 0.008053 0.000000 0.000000 -0.000000
1.000000 4.000000 7.000000 4.000000 2053.133273 0.003167 0.007655 0.000000 0.000000 -0.000000
1.000000 5.000000 7.000000 4.000000 1955.474054 0.003016 0.007287 0.000000 0.000000 -0.000000
1.000000 6.000000 7.000000 4.000000 1870.393551 0.002884 0.006966 0.000000 0.000000 -0.000000
1.000000 7.000000 7.000000 4.000000 1767.063787 0.002724 0.006577 0.000000 0.000000 -0.000000
1.000000 8.000000 7.000000 4.000000 2909.687085 0.004498 0.010905 0.008632 0.000000 0.000000
1.000000 9.000000 7.000000 4.000000 2642.597498 0.004082 0.009888 0.009701 0.000000 0.000000
1.000000 10.000000 7.000000 4.000000 3518.276195 0.005447 0.013234 0.010770 0.000000 0.000000
1.000000 11.000000 7.000000 4.000000 3095.751520 0.004788 0.011615 0.010302 0.000000 0.000000
1.000000 12.000000 7.000000 4.000000 2711.245820 0.004189 0.010149 0.010149 0.000000 -136.467044
1.000000 13.000000 7.000000 4.000000 7367.659389 0.011516 0.028374 0.011516 1008.711148 0.000000
1.000000 14.000000 7.000000 4.000000 21496.639675 0.034838 0.090725 0.034838 20601.740859 0.000000
1.000000 15.000000 7.000000 4.000000 46617.850242 0.080841 0.237175 0.080841 56432.251776 0.000000
1.000000 16.000000 7.000000 4.000000 91268.585157 0.180775 0.731500 0.180775 134552.315750 0.000000
1.000000 17.000000 7.000000 4.000000 78076.911030 0.148412 0.534855 0.148412 101916.307410 0.000000
1.000000 18.000000 7.000000 4.000000 20762.868427 0.033585 0.087194 0.033585 11366.789586 0.000000
1.000000 19.000000 7.000000 4.000000 5845.608310 0.009102 0.022303 0.000000 0.000000 -0.000000
1.000000 20.000000 7.000000 4.000000 4053.873030 0.006284 0.015298 0.000000 0.000000 -0.000000
1.000000 21.000000 7.000000 4.000000 3441.275310 0.005326 0.012939 0.000000 0.000000 0.000000
1.000000 22.000000 7.000000 4.000000 3012.933834 0.004658 0.011299 0.000000 0.000000 0.000000
1.000000 23.000000 7.000000 4.000000 2716.932588 0.004198 0.010171 0.000000 0.000000 0.000000
1.000000 24.000000 7.000000 4.000000 2499.074192 0.003859 0.009343 0.000000 0.000000 -0.000000
1.000000 1.000000 1.000000 4.000000 2328.805654 0.003595 0.008697 0.000000 0.000000 -0.000000
1.000000 2.000000 1.000000 4.000000 2201.069193 0.003396 0.008214 0.000000 0.000000 -0.000000
1.000000 3.000000 1.000000 4.000000 2096.231541 0.003234 0.007818 0.000000 0.000000 -0.000000
1.000000 4.000000 1.000000 4.000000 2011.659493 0.003103 0.007499 0.000000 0.000000 -0.000000
1.000000 5.000000 1.000000 4.000000 1938.919421 0.002990 0.007224 0.000000 0.000000 -0.000000
1.000000 6.000000 1.000000 4.000000 1872.570571 0.002887 0.006974 0.000000 0.000000 -0.000000
1.000000 7.000000 1.000000 4.000000 1794.224209 0.002766 0.006679 0.000000 0.000000 -0.000000
1.000000 8.000000 1.000000 4.000000 2851.393465 0.004407 0.010683 0.010683 0.000000 -61.325019
1.000000 9.000000 1.000000 4.000000 2629.232732 0.004061 0.009837 0.009837 0.000000 -1834.312400
1.000000 10.000000 1.000000 4.000000 3404.522511 0.005269 0.012798 0.012059 0.000000 0.000000
1.000000 11.000000 1.000000 4.000000 2957.279185 0.004572 0.011086 0.011086 0.000000 -2184.275928
1.000000 12.000000 1.000000 4.000000 2548.905251 0.003936 0.009532 0.009532 0.000000 -3563.517592
1.000000 13.000000 1.000000 4.000000 8150.046444 0.012764 0.031540 0.013283 0.000000 0.000000
1.000000 14.000000 1.000000 4.000000 23801.421412 0.038806 0.102048 0.038806 21254.862814 0.000000
1.000000 15.000000 1.000000 4.000000 51523.406227 0.090587 0.273090 0.090587 61664.226615 0.000000
1.000000 16.000000 1.000000 4.000000 99693.073018 0.202905 0.896319 0.202905 149581.147351 0.000000
1.000000 17.000000 1.000000 4.000000 84935.930368 0.164907 0.629387 0.164907 111664.836691 0.000000
1.000000 18.000000 1.000000 4.000000 22666.090574 0.036845 0.096426 0.036845 11017.916872 0.000000
1.000000 19.000000 1.000000 4.000000 6338.782714 0.009882 0.024258 0.000000 0.000000 -0.000000
1.000000 20.000000 1.000000 4.000000 4355.777243 0.006757 0.016468 0.000000 0.000000 -0.000000
1.000000 21.000000 1.000000 4.000000 3650.124908 0.005653 0.013741 0.000000 0.000000 0.000000
1.000000 22.000000 1.000000 4.000000 3202.812135 0.004954 0.012025 0.000000 0.000000 0.000000
1.000000 23.000000 1.000000 4.000000 2871.988245 0.004439 0.010761 0.000000 0.000000 0.000000
1.000000 24.000000 1.000000 4.000000 2626.859868 0.004058 0.009828 0.000000 0.000000 -0.000000
1.000000 1.000000 2.000000 4.000000 2429.133952 0.003750 0.009078 0.000000 0.000000 -0.000000
1.000000 2.000000 2.000000 4.000000 2273.962836 0.003509 0.008490 0.000000 0.000000 -0.000000
1.000000 3.000000 2.000000 4.000000 2136.870921 0.003297 0.007971 0.000000 0.000000 -0.000000
1.000000 4.000000 2.000000 4.000000 2032.066510 0.003134 0.007576 0.000000 0.000000 -0.000000
1.000000 5.000000 2.000000 4.000000 1934.876977 0.002984 0.007209 0.000000 0.000000 -0.000000
1.000000 6.000000 2.000000 4.000000 1844.557740 0.002844 0.006869 0.000000 0.000000 -0.000000
1.000000 7.000000 2.000000 4.000000 1724.830895 0.002658 0.006418 0.000000 0.000000 -0.000000
1.000000 8.000000 2.000000 4.000000 2958.114867 0.004573 0.011090 0.009781 0.000000 0.000000
1.000000 9.000000 2.000000 4.000000 2650.077489 0.004094 0.009916 0.009916 0.000000 -780.250539
1.000000 10.000000 2.000000 4.000000 3467.735019 0.005368 0.013040 0.012611 0.000000 0.000000
1.000000 11.000000 2.000000 4.000000 3031.153309 0.004687 0.011368 0.011198 0.000000 0.000000
1.000000 12.000000 2.000000 4.000000 2646.959883 0.004089 0.009905 0.009905 0.000000 -1222.122491
1.000000 13.000000 2.000000 4.000000 7598.096058 0.011883 0.029304 0.011883 82.819269 0.000000
1.000000 14.000000 2.000000 4.000000 22092.956051 0.035860 0.093621 0.035860 20173.163946 0.000000
1.000000 15.000000 2.000000 4.000000 47598.472749 0.082768 0.244122 0.082768 56487.502936 0.000000
1.000000 16.000000 2.000000 4.000000 92864.205607 0.184875 0.759912 0.184875 136255.958368 0.000000
1.000000 17.000000 2.000000 4.000000 79536.664308 0.151864 0.553758 0.151864 102867.883168 0.000000
1.000000 18.000000 2.000000 4.000000 21173.884170 0.034286 0.089168 0.034286 10136.740695 0.000000
1.000000 19.000000 2.000000 4.000000 5931.817454 0.009239 0.022643 0.000000 0.000000 -0.000000
1.000000 20.000000 2.000000 4.000000 4107.126186 0.006368 0.015504 0.000000 0.000000 -0.000000
1.000000 21.000000 2.000000 4.000000 3466.002285 0.005365 0.013033 0.000000 0.000000 0.000000
1.000000 22.000000 2.000000 4.000000 3031.317378 0.004687 0.011369 0.000000 0.000000 0.000000
1.000000 23.000000 2.000000 4.000000 2716.565361 0.004197 0.010169 0.000000 0.000000 -0.000000
1.000000 24.000000 2.000000 4.000000 2487.384139 0.003841 0.009298 0.000000 0.000000 -0.000000
1.000000 1.000000 3.000000 4.000000 2319.505300 0.003580 0.008662 0.000000 0.000000 -0.000000
1.000000 2.000000 3.000000 4.000000 2182.886786 0.003368 0.008145 0.000000 0.000000 -0.000000
1.000000 3.000000 3.000000 4.000000 2064.155500 0.003184 0.007697 0.000000 0.000000 -0.000000
1.000000 4.000000 3.000000 4.000000 1969.699696 0.003038 0.007340 0.000000 0.000000 -0.000000
1.000000 5.000000 3.000000 4.000000 1872.854250 0.002888 0.006975 0.000000 0.000000 -0.000000
1.000000 6.000000 3.000000 4.000000 1794.409176 0.002766 0.006680 0.000000 0.000000 -0.000000
1.000000 7.000000 3.000000 4.000000 1719.067181 0.002649 0.006397 0.000000 0.000000 -0.000000
1.000000 8.000000 3.000000 4.000000 2097.804534 0.003236 0.007824 0.000000 0.000000 -0.000000
1.000000 9.000000 3.000000 4.000000 2524.858959 0.003899 0.009441 0.000000 0.000000 -0.000000
1.000000 10.000000 3.000000 4.000000 3681.672694 0.005702 0.013863 0.000000 0.000000 -0.000000
1.000000 11.000000 3.000000 4.000000 4701.585696 0.007300 0.017813 0.000000 0.000000 -0.000000
1.000000 12.000000 3.000000 4.000000 5997.997501 0.009343 0.022905 0.000000 0.000000 -0.000000
1.000000 13.000000 3.000000 4.000000 21479.812520 0.034809 0.090644 0.000000 0.000000 0.000000
1.000000 14.000000 3.000000 4.000000 63069.272644 0.114628 0.370765 0.000000 0.000000 0.000000
1.000000 15.000000 3.000000 4.000000 136515.460015 0.315913 2.624037 0.000000 0.000000 0.000000
1.000000 16.000000 3.000000 4.000000 267890.394427 1.212636 -1.682848 0.000000 0.000000 -0.000000
1.000000 17.000000 3.000000 4.000000 232950.643276 0.840707 -2.261316 0.000000 0.000000 -0.000000
1.000000 18.000000 3.000000 4.000000 65382.110991 0.119640 0.392951 0.000000 0.000000 -0.000000
1.000000 19.000000 3.000000 4.000000 6703.237261 0.010460 0.025710 0.000000 0.000000 -0.000000
1.000000 20.000000 3.000000 4.000000 4353.992008 0.006754 0.016461 0.000000 0.000000 -0.000000
1.000000 21.000000 3.000000 4.000000 3623.390437 0.005611 0.013638 0.000000 0.000000 0.000000
1.000000 22.000000 3.000000 4.000000 3149.147571 0.004871 0.011819 0.000000 0.000000 0.000000
1.000000 23.000000 3.000000 4.000000 2829.938045 0.004374 0.010601 0.000000 0.000000 0.000000
1.000000 24.000000 3.000000 4.000000 2586.602649 0.003995 0.009675 0.000000 0.000000 -0.000000
1.000000 1.000000 4.000000 4.000000 2387.960191 0.003686 0.008921 0.000000 0.000000 -0.000000
1.000000 2.000000 4.000000 4.000000 2243.735266 0.003463 0.008375 0.000000 0.000000 -0.000000
1.000000 3.000000 4.000000 4.000000 2118.554761 0.003268 0.007902 0.000000 0.000000 -0.000000
1.000000 4.000000 4.000000 4.000000 2016.080699 0.003109 0.007515 0.000000 0.000000 -0.000000
1.000000 5.000000 4.000000 4.000000 1906.601287 0.002940 0.007103 0.000000 0.000000 -0.000000
1.000000 6.000000 4.000000 4.000000 1818.984145 0.002804 0.006773 0.000000 0.000000 -0.000000
1.000000 7.000000 4.000000 4.000000 1736.024351 0.002676 0.006461 0.000000 0.000000 -0.000000
1.000000 8.000000 4.000000 4.000000 2108.968344 0.003253 0.007866 0.000000 0.000000 -0.000000
1.000000 9.000000 4.000000 4.000000 2501.376239 0.003863 0.009352 0.000000 0.000000 -0.000000
1.000000 10.000000 4.000000 4.000000 3627.606551 0.005617 0.013655 0.000000 0.000000 -0.000000
1.000000 11.000000 4.000000 4.000000 4600.571755 0.007141 0.017419 0.000000 0.000000 -0.000000
1.000000 12.000000 4.000000 4.000000 5859.622426 0.009124 0.022358 0.000000 0.000000 -0.000000
1.000000 13.000000 4.000000 4.000000 20955.926166 0.033914 0.088120 0.000000 0.000000 0.000000
1.000000 14.000000 4.000000 4.000000 61460.954919 0.111182 0.355901 0.000000 0.000000 0.000000
1.000000 15.000000 4.000000 4.000000 133427.509765 0.305260 2.341263 0.000000 0.000000 0.000000
1.000000 16.000000 4.000000 4.000000 262544.022274 1.143927 -1.743398 0.000000 0.000000 -0.000000
1.000000 17.000000 4.000000 4.000000 228906.847156 0.807175 -2.371742 0.000000 0.000000 -0.000000
1.000000 18.000000 4.000000 4.000000 62788.799101 0.114024 0.368141 0.000000 0.000000 -0.000000
1.000000 19.000000 4.000000 4.000000 6379.961184 0.009948 0.024421 0.000000 0.000000 -0.000000
1.000000 20.000000 4.000000 4.000000 4133.579611 0.006409 0.015607 0.000000 0.000000 -0.000000
1.000000 21.000000 4.000000 4.000000 3464.564904 0.005363 0.013028 0.000000 0.000000 0.000000
1.000000 22.000000 4.000000 4.000000 3011.307515 0.004656 0.011293 0.000000 0.000000 0.000000
1.000000 23.000000 4.000000 4.000000 2704.335826 0.004178 0.010123 0.000000 0.000000 0.000000
1.000000 24.000000 4.000000 4.000000 2474.521708 0.003821 0.009250 0.000000 0.000000 0.000000
1.000000 1.000000 5.000000 4.000000 2298.853139 0.003548 0.008584 0.000000 0.000000 -0.000000
1.000000 2.000000 5.000000 4.000000 2146.791348 0.003312 0.008009 0.000000 0.000000 -0.000000
1.000000 3.000000 5.000000 4.000000 2019.460468 0.003115 0.007528 0.000000 0.000000 -0.000000
1.000000 4.000000 5.000000 4.000000 1925.666793 0.002969 0.007174 0.000000 0.000000 -0.000000
1.000000 5.000000 5.000000 4.000000 1845.442848 0.002845 0.006872 0.000000 0.000000 -0.000000
1.000000 6.000000 5.000000 4.000000 1782.121466 0.002747 0.006634 0.000000 0.000000 -0.000000
1.000000 7.000000 5.000000 4.000000 1710.133818 0.002636 0.006363 0.000000 0.000000 -0.000000
1.000000 8.000000 5.000000 4.000000 2933.290974 0.004534 0.010995 0.009183 0.000000 0.000000
1.000000 9.000000 5.000000 4.000000 2658.905691 0.004107 0.009950 0.009950 0.000000 -810.973811
1.000000 10.000000 5.000000 4.000000 3531.886098 0.005468 0.013287 0.012500 0.000000 0.000000
1.000000 11.000000 5.000000 4.000000 3104.483500 0.004801 0.011649 0.011649 0.000000 -551.565020
1.000000 12.000000 5.000000 4.000000 2699.855185 0.004171 0.010106 0.010106 0.000000 -1654.237437
1.000000 13.000000 5.000000 4.000000 7548.174580 0.011804 0.029102 0.012565 0.000000 0.000000
1.000000 14.000000 5.000000 4.000000 22085.900656 0.035848 0.093586 0.035848 19454.858087 0.000000
1.000000 15.000000 5.000000 4.000000 48393.340606 0.084338 0.249836 0.084338 57852.875630 0.000000
1.000000 16.000000 5.000000 4.000000 95053.378961 0.190568 0.800893 0.190568 140263.607920 0.000000
1.000000 17.000000 5.000000 4.000000 80365.193665 0.153837 0.564764 0.153837 103880.190458 0.000000
1.000000 18.000000 5.000000 4.000000 21152.289863 0.034249 0.089064 0.034249 10000.321689 0.000000
1.000000 19.000000 5.000000 4.000000 5818.338128 0.009059 0.022195 0.000000 0.000000 -0.000000
1.000000 20.000000 5.000000 4.000000 3951.518823 0.006124 0.014903 0.000000 0.000000 -0.000000
1.000000 21.000000 5.000000 4.000000 3313.260508 0.005127 0.012448 0.000000 0.000000 0.000000
1.000000 22.000000 5.000000 4.000000 2888.011335 0.004464 0.010822 0.000000 0.000000 0.000000
1.000000 23.000000 5.000000 4.000000 2585.092523 0.003993 0.009669 0.000000 0.000000 0.000000
1.000000 24.000000 5.000000 4.000000 2353.964106 0.003634 0.008793 0.000000 0.000000 -0.000000
1.000000 1.000000 6.000000 4.000000 2166.441428 0.003343 0.008083 0.000000 0.000000 -0.000000
1.000000 2.000000 6.000000 4.000000 2030.576986 0.003132 0.007570 0.000000 0.000000 -0.000000
1.000000 3.000000 6.000000 4.000000 1904.414234 0.002936 0.007094 0.000000 0.000000 -0.000000
1.000000 4.000000 6.000000 4.000000 1792.384757 0.002763 0.006673 0.000000 0.000000 -0.000000
1.000000 5.000000 6.000000 4.000000 1685.366539 0.002597 0.006270 0.000000 0.000000 -0.000000
1.000000 6.000000 6.000000 4.000000 1592.320009 0.002453 0.005921 0.000000 0.000000 -0.000000
1.000000 7.000000 6.000000 4.000000 1493.817312 0.002301 0.005551 0.000000 0.000000 -0.000000
1.000000 8.000000 6.000000 4.000000 3147.568782 0.004868 0.011813 0.006894 0.000000 0.000000
1.000000 9.000000 6.000000 4.000000 2808.918969 0.004341 0.010521 0.008481 0.000000 0.000000
1.000000 10.000000 6.000000 4.000000 3319.147849 0.005136 0.012470 0.009237 0.000000 0.000000
1.000000 11.000000 6.000000 4.000000 3166.991130 0.004899 0.011888 0.010348 0.000000 0.000000
1.000000 12.000000 6.000000 4.000000 2707.675481 0.004183 0.010135 0.010135 0.000000 -526.877772
1.000000 13.000000 6.000000 4.000000 7570.161746 0.011839 0.029191 0.011839 843.965447 0.000000
1.000000 14.000000 6.000000 4.000000 22276.409497 0.036175 0.094516 0.036175 20757.658773 0.000000
1.000000 15.000000 6.000000 4.000000 48751.473413 0.085047 0.252435 0.085047 59548.222803 0.000000
1.000000 16.000000 6.000000 4.000000 94617.283560 0.189428 0.792536 0.189428 140725.776486 0.000000
1.000000 17.000000 6.000000 4.000000 80625.285991 0.154459 0.568262 0.154459 105824.173623 0.000000
1.000000 18.000000 6.000000 4.000000 21307.062059 0.034514 0.089809 0.034514 11538.352896 0.000000
1.000000 19.000000 6.000000 4.000000 5927.890999 0.009232 0.022628 0.000000 0.000000 -0.000000
1.000000 20.000000 6.000000 4.000000 4061.535300 0.006296 0.015328 0.000000 0.000000 -0.000000
1.000000 21.000000 6.000000 4.000000 3399.022700 0.005260 0.012776 0.000000 0.000000 0.000000
1.000000 22.000000 6.000000 4.000000 2977.758184 0.004604 0.011165 0.000000 0.000000 0.000000
1.000000 23.000000 6.000000 4.000000 2665.675343 0.004118 0.009976 0.000000 0.000000 0.000000
1.000000 24.000000 6.000000 4.000000 2422.233222 0.003740 0.009051 0.000000 0.000000 -0.000000
1.000000 1.000000 7.000000 4.000000 2240.070794 0.003457 0.008362 0.000000 0.000000 -0.000000
1.000000 2.000000 7.000000 4.000000 2085.287695 0.003217 0.007777 0.000000 0.000000 -0.000000
1.000000 3.000000 7.000000 4.000000 1953.701010 0.003013 0.007280 0.000000 0.000000 -0.000000
1.000000 4.000000 7.000000 4.000000 1835.446749 0.002830 0.006835 0.000000 0.000000 -0.000000
1.000000 5.000000 7.000000 4.000000 1740.697056 0.002683 0.006478 0.000000 0.000000 -0.000000
1.000000 6.000000 7.000000 4.000000 1659.424153 0.002557 0.006173 0.000000 0.000000 -0.000000
1.000000 7.000000 7.000000 4.000000 1564.443176 0.002410 0.005816 0.000000 0.000000 -0.000000
1.000000 8.000000 7.000000 4.000000 3072.614232 0.004751 0.011527 0.007653 0.000000 0.000000
1.000000 9.000000 7.000000 4.000000 2776.458841 0.004290 0.010397 0.008688 0.000000 0.000000
1.000000 10.000000 7.000000 4.000000 3345.833102 0.005177 0.012572 0.010518 0.000000 0.000000
1.000000 11.000000 7.000000 4.000000 3189.592508 0.004934 0.011974 0.010847 0.000000 0.000000
1.000000 12.000000 7.000000 4.000000 2758.388394 0.004262 0.010328 0.010328 0.000000 -582.411752
1.000000 13.000000 7.000000 4.000000 7314.134524 0.011431 0.028159 0.011677 0.000000 0.000000
1.000000 14.000000 7.000000 4.000000 21587.645624 0.034994 0.091165 0.034994 19490.144095 0.000000
1.000000 15.000000 7.000000 4.000000 47569.296376 0.082711 0.243914 0.082711 57520.724487 0.000000
1.000000 16.000000 7.000000 4.000000 94223.719542 0.188401 0.785079 0.188401 139584.320670 0.000000
1.000000 17.000000 7.000000 4.000000 80543.394495 0.154263 0.567158 0.154263 105522.216407 0.000000
1.000000 18.000000 7.000000 4.000000 21399.776924 0.034672 0.090257 0.034672 11387.902992 0.000000
1.000000 19.000000 7.000000 4.000000 5931.596979 0.009238 0.022643 0.000000 0.000000 -0.000000
1.000000 20.000000 7.000000 4.000000 4092.839637 0.006345 0.015449 0.000000 0.000000 -0.000000
1.000000 21.000000 7.000000 4.000000 3467.664588 0.005368 0.013040 0.000000 0.000000 0.000000
1.000000 22.000000 7.000000 4.000000 3030.143692 0.004685 0.011365 0.000000 0.000000 0.000000
1.000000 23.000000 7.000000 4.000000 2740.053724 0.004234 0.010259 0.000000 0.000000 -0.000000
1.000000 24.000000 7.000000 4.000000 2513.901905 0.003882 0.009399 0.000000 0.000000 -0.000000
1.000000 1.000000 1.000000 5.000000 2337.477395 0.003608 0.008730 0.000000 0.000000 -0.000000
1.000000 2.000000 1.000000 5.000000 2174.427736 0.003355 0.008113 0.000000 0.000000 -0.000000
1.000000 3.000000 1.000000 5.000000 2037.346309 0.003142 0.007596 0.000000 0.000000 -0.000000
1.000000 4.000000 1.000000 5.000000 1927.301205 0.002972 0.007181 0.000000 0.000000 -0.000000
1.000000 5.000000 1.000000 5.000000 1814.695479 0.002797 0.006756 0.000000 0.000000 -0.000000
1.000000 6.000000 1.000000 5.000000 1723.063080 0.002656 0.006412 0.000000 0.000000 -0.000000
1.000000 7.000000 1.000000 5.000000 1634.120074 0.002518 0.006078 0.000000 0.000000 -0.000000
1.000000 8.000000 1.000000 5.000000 2923.764357 0.004520 0.010959 0.008631 0.000000 0.000000
1.000000 9.000000 1.000000 5.000000 2538.085218 0.003920 0.009491 0.009491 0.000000 -657.543557
1.000000 10.000000 1.000000 5.000000 3119.614619 0.004825 0.011706 0.011706 0.000000 -259.388723
1.000000 11.000000 1.000000 5.000000 2900.089692 0.004483 0.010868 0.010868 0.000000 -1247.891508
1.000000 12.000000 1.000000 5.000000 3686.057609 0.005709 0.013879 0.012625 0.000000 0.000000
1.000000 13.000000 1.000000 5.000000 11789.469156 0.018635 0.046682 0.018635 4355.411800 0.000000
1.000000 14.000000 1.000000 5.000000 29984.481053 0.049692 0.134281 0.049692 29248.627221 0.000000
1.000000 15.000000 1.000000 5.000000 58726.654502 0.105398 0.331625 0.105398 73620.461117 0.000000
1.000000 16.000000 1.000000 5.000000 89524.856202 0.176342 0.701756 0.176342 127197.174825 0.000000
1.000000 17.000000 1.000000 5.000000 88419.399491 0.173557 0.683568 0.173557 120877.832434 0.000000
1.000000 18.000000 1.000000 5.000000 2446.126723 0.003777 0.009142 0.009142 0.000000 -11205.592384
1.000000 19.000000 1.000000 5.000000 4211.488052 0.006531 0.015908 0.000000 0.000000 0.000000
1.000000 20.000000 1.000000 5.000000 3605.102257 0.005582 0.013568 0.000000 0.000000 0.000000
1.000000 21.000000 1.000000 5.000000 3125.142958 0.004833 0.011728 0.000000 0.000000 0.000000
1.000000 22.000000 1.000000 5.000000 2778.426315 0.004293 0.010405 0.000000 0.000000 0.000000
1.000000 23.000000 1.000000 5.000000 2543.455244 0.003928 0.009511 0.000000 0.000000 0.000000
1.000000 24.000000 1.000000 5.000000 2340.092681 0.003612 0.008740 0.000000 0.000000 0.000000
1.000000 1.000000 2.000000 5.000000 2187.348996 0.003375 0.008162 0.000000 0.000000 -0.000000
1.000000 2.000000 2.000000 5.000000 2052.352201 0.003166 0.007652 0.000000 0.000000 -0.000000
1.000000 3.000000 2.000000 5.000000 1930.809811 0.002977 0.007194 0.000000 0.000000 -0.000000
1.000000 4.000000 2.000000 5.000000 1832.147925 0.002825 0.006822 0.000000 0.000000 -0.000000
1.000000 5.000000 2.000000 5.000000 1733.906334 0.002672 0.006453 0.000000 0.000000 -0.000000
1.000000 6.000000 2.000000 5.000000 1640.885229 0.002528 0.006103 0.000000 0.000000 -0.000000
1.000000 7.000000 2.000000 5.000000 1568.340257 0.002416 0.005831 0.000000 0.000000 -0.000000
1.000000 8.000000 2.000000 5.000000 2987.801904 0.004619 0.011203 0.008886 0.000000 0.000000
1.000000 9.000000 2.000000 5.000000 2596.297219 0.004010 0.009712 0.009712 0.000000 -165.187329
1.000000 10.000000 2.000000 5.000000 2961.289085 0.004578 0.011102 0.011102 0.000000 -307.010016
1.000000 11.000000 2.000000 5.000000 2985.013913 0.004615 0.011192 0.011192 0.000000 -731.998738
1.000000 12.000000 2.000000 5.000000 3538.727213 0.005479 0.013313 0.012265 0.000000 0.000000
1.000000 13.000000 2.000000 5.000000 11388.301889 0.017983 0.044979 0.017983 4222.822151 0.000000
1.000000 14.000000 2.000000 5.000000 29190.822165 0.048275 0.129984 0.048275 27888.957567 0.000000
1.000000 15.000000 2.000000 5.000000 57250.243394 0.102312 0.319012 0.102312 71235.551717 0.000000
1.000000 16.000000 2.000000 5.000000 87788.253237 0.171976 0.673406 0.171976 123892.891386 0.000000
1.000000 17.000000 2.000000 5.000000 87166.173234 0.170423 0.663543 0.170423 118380.191426 0.000000
1.000000 18.000000 2.000000 5.000000 2417.400907 0.003732 0.009033 0.009033 0.000000 -11322.382684
1.000000 19.000000 2.000000 5.000000 4165.072705 0.006458 0.015729 0.000000 0.000000 0.000000
1.000000 20.000000 2.000000 5.000000 3626.158240 0.005615 0.013649 0.000000 0.000000 0.000000
1.000000 21.000000 2.000000 5.000000 3149.191643 0.004871 0.011820 0.000000 0.000000 0.000000
1.000000 22.000000 2.000000 5.000000 2824.821419 0.004366 0.010581 0.000000 0.000000 0.000000
1.000000 23.000000 2.000000 5.000000 2590.528475 0.004001 0.009690 0.000000 0.000000 0.000000
1.000000 24.000000 2.000000 5.000000 2396.085184 0.003699 0.008952 0.000000 0.000000 0.000000
1.000000 1.000000 3.000000 5.000000 2241.599967 0.003459 0.008367 0.000000 0.000000 -0.000000
1.000000 2.000000 3.000000 5.000000 2114.159641 0.003262 0.007886 0.000000 0.000000 -0.000000
1.000000 3.000000 3.000000 5.000000 1996.456200 0.003079 0.007441 0.000000 0.000000 -0.000000
1.000000 4.000000 3.000000 5.000000 1900.527387 0.002930 0.007080 0.000000 0.000000 -0.000000
1.000000 5.000000 3.000000 5.000000 1807.069003 0.002786 0.006728 0.000000 0.000000 -0.000000
1.000000 6.000000 3.000000 5.000000 1723.201171 0.002656 0.006412 0.000000 0.000000 -0.000000
1.000000 7.000000 3.000000 5.000000 1660.110258 0.002558 0.006175 0.000000 0.000000 -0.000000
1.000000 8.000000 3.000000 5.000000 1825.824423 0.002815 0.006798 0.000000 0.000000 -0.000000
1.000000 9.000000 3.000000 5.000000 2406.614023 0.003715 0.008992 0.000000 0.000000 -0.000000
1.000000 10.000000 3.000000 5.000000 3208.910726 0.004964 0.012048 0.000000 0.000000 -0.000000
1.000000 11.000000 3.000000 5.000000 4423.334380 0.006863 0.016730 0.000000 0.000000 -0.000000
1.000000 12.000000 3.000000 5.000000 10135.003564 0.015953 0.039713 0.000000 0.000000 0.000000
1.000000 13.000000 3.000000 5.000000 33738.102272 0.056478 0.155288 0.000000 0.000000 0.000000
1.000000 14.000000 3.000000 5.000000 86030.825956 0.167605 0.645926 0.000000 0.000000 0.000000
1.000000 15.000000 3.000000 5.000000 166980.358266 0.435809 54.818693 0.000000 0.000000 0.000000
1.000000 16.000000 3.000000 5.000000 256938.772052 1.077208 -1.814775 0.000000 0.000000 -0.000000
1.000000 17.000000 3.000000 5.000000 257161.725467 1.079765 -1.811763 0.000000 0.000000 -0.000000
1.000000 18.000000 3.000000 5.000000 7814.541870 0.012228 0.030179 0.000000 0.000000 -0.000000
1.000000 19.000000 3.000000 5.000000 4712.878268 0.007318 0.017857 0.000000 0.000000 -0.000000
1.000000 20.000000 3.000000 5.000000 3906.149310 0.006053 0.014728 0.000000 0.000000 0.000000
1.000000 21.000000 3.000000 5.000000 3321.935105 0.005140 0.012481 0.000000 0.000000 0.000000
1.000000 22.000000 3.000000 5.000000 2926.930032 0.004525 0.010971 0.000000 0.000000 0.000000
1.000000 23.000000 3.000000 5.000000 2635.575525 0.004071 0.009861 0.000000 0.000000 -0.000000
1.000000 24.000000 3.000000 5.000000 2411.976156 0.003724 0.009013 0.000000 0.000000 -0.000000
1.000000 1.000000 4.000000 5.000000 2229.587182 0.003441 0.008322 0.000000 0.000000 -0.000000
1.000000 2.000000 4.000000 5.000000 2109.252458 0.003254 0.007867 0.000000 0.000000 -0.000000
1.000000 3.000000 4.000000 5.000000 2012.952945 0.003105 0.007504 0.000000 0.000000 -0.000000
1.000000 4.000000 4.000000 5.000000 1906.459322 0.002940 0.007102 0.000000 0.000000 -0.000000
1.000000 5.000000 4.000000 5.000000 1802.723482 0.002779 0.006711 0.000000 0.000000 -0.000000
1.000000 6.000000 4.000000 5.000000 1738.824604 0.002680 0.006471 0.000000 0.000000 -0.000000
1.000000 7.000000 4.000000 5.000000 1643.811239 0.002533 0.006114 0.000000 0.000000 -0.000000
1.000000 8.000000 4.000000 5.000000 1798.797104 0.002773 0.006697 0.000000 0.000000 -0.000000
1.000000 9.000000 4.000000 5.000000 2439.720661 0.003767 0.009118 0.000000 0.000000 -0.000000
1.000000 10.000000 4.000000 5.000000 3433.933276 0.005315 0.012910 0.000000 0.000000 -0.000000
1.000000 11.000000 4.000000 5.000000 4934.122632 0.007666 0.018720 0.000000 0.000000 -0.000000
1.000000 12.000000 4.000000 5.000000 11442.049667 0.018070 0.045206 0.000000 0.000000 0.000000
1.000000 13.000000 4.000000 5.000000 36969.605299 0.062431 0.174330 0.000000 0.000000 0.000000
1.000000 14.000000 4.000000 5.000000 91887.787577 0.182361 0.742386 0.000000 0.000000 0.000000
1.000000 15.000000 4.000000 5.000000 176315.927129 0.478935 -14.738554 0.000000 0.000000 -0.000000
1.000000 16.000000 4.000000 5.000000 272980.705272 1.283214 -1.630977 0.000000 0.000000 -0.000000
1.000000 17.000000 4.000000 5.000000 276994.583058 1.342816 -1.593519 0.000000 0.000000 -0.000000
1.000000 18.000000 4.000000 5.000000 8712.882506 0.013665 0.033837 0.000000 0.000000 -0.000000
1.000000 19.000000 4.000000 5.000000 5297.316834 0.008237 0.020143 0.000000 0.000000 -0.000000
1.000000 20.000000 4.000000 5.000000 4358.701236 0.006762 0.016479 0.000000 0.000000 -0.000000
1.000000 21.000000 4.000000 5.000000 3675.792042 0.005693 0.013840 0.000000 0.000000 0.000000
1.000000 22.000000 4.000000 5.000000 3190.510087 0.004935 0.011978 0.000000 0.000000 0.000000
1.000000 23.000000 4.000000 5.000000 2900.571788 0.004483 0.010870 0.000000 0.000000 0.000000
1.000000 24.000000 4.000000 5.000000 2656.304433 0.004103 0.009940 0.000000 0.000000 -0.000000
1.000000 1.000000 5.000000 5.000000 2461.566834 0.003801 0.009201 0.000000 0.000000 -0.000000
1.000000 2.000000 5.000000 5.000000 2281.412454 0.003521 0.008518 0.000000 0.000000 -0.000000
1.000000 3.000000 5.000000 5.000000 2133.327955 0.003291 0.007958 0.000000 0.000000 -0.000000
1.000000 4.000000 5.000000 5.000000 2022.241986 0.003119 0.007539 0.000000 0.000000 -0.000000
1.000000 5.000000 5.000000 5.000000 1938.746455 0.002990 0.007224 0.000000 0.000000 -0.000000
1.000000 6.000000 5.000000 5.000000 1857.539696 0.002864 0.006918 0.000000 0.000000 -0.000000
1.000000 7.000000 5.000000 5.000000 1753.818089 0.002703 0.006527 0.000000 0.000000 -0.000000
1.000000 8.000000 5.000000 5.000000 2833.669636 0.004379 0.010615 0.009404 0.000000 0.000000
1.000000 9.000000 5.000000 5.000000 2489.478584 0.003844 0.009306 0.009306 0.000000 -689.175519
1.000000 10.000000 5.000000 5.000000 3132.063485 0.004844 0.011754 0.011754 0.000000 -20.890158
1.000000 11.000000 5.000000 5.000000 2956.570947 0.004571 0.011084 0.011084 0.000000 -14.573714
1.000000 12.000000 5.000000 5.000000 3441.351894 0.005327 0.012939 0.011035 0.000000 0.000000
1.000000 13.000000 5.000000 5.000000 10635.616197 0.016762 0.041806 0.016762 4079.063963 0.000000
1.000000 14.000000 5.000000 5.000000 26784.220990 0.044013 0.117247 0.044013 26122.518721 0.000000
1.000000 15.000000 5.000000 5.000000 52377.603707 0.092312 0.279653 0.092312 63765.656989 0.000000
1.000000 16.000000 5.000000 5.000000 81437.413815 0.156406 0.579317 0.156406 112594.384979 0.000000
1.000000 17.000000 5.000000 5.000000 81143.172843 0.155699 0.575288 0.155699 108585.056029 0.000000
1.000000 18.000000 5.000000 5.000000 2522.711974 0.003896 0.009433 0.009433 0.000000 -9278.734550
1.000000 19.000000 5.000000 5.000000 3816.666060 0.005913 0.014383 0.000000 0.000000 0.000000
1.000000 20.000000 5.000000 5.000000 3368.796816 0.005213 0.012661 0.000000 0.000000 0.000000
1.000000 21.000000 5.000000 5.000000 2934.804147 0.004537 0.011001 0.000000 0.000000 0.000000
1.000000 22.000000 5.000000 5.000000 2618.208833 0.004044 0.009795 0.000000 0.000000 0.000000
1.000000 23.000000 5.000000 5.000000 2383.749762 0.003680 0.008906 0.000000 0.000000 0.000000
1.000000 24.000000 5.000000 5.000000 2182.388952 0.003367 0.008143 0.000000 0.000000 0.000000
1.000000 1.000000 6.000000 5.000000 2036.220921 0.003141 0.007591 0.000000 0.000000 -0.000000
1.000000 2.000000 6.000000 5.000000 1902.689913 0.002934 0.007088 0.000000 0.000000 -0.000000
1.000000 3.000000 6.000000 5.000000 1787.319234 0.002755 0.006653 0.000000 0.000000 -0.000000
1.000000 4.000000 6.000000 5.000000 1692.000428 0.002608 0.006295 0.000000 0.000000 -0.000000
1.000000 5.000000 6.000000 5.000000 1619.939626 0.002496 0.006024 0.000000 0.000000 -0.000000
1.000000 6.000000 6.000000 5.000000 1560.883803 0.002405 0.005803 0.000000 0.000000 -0.000000
1.000000 7.000000 6.000000 5.000000 1491.547768 0.002297 0.005543 0.000000 0.000000 -0.000000
1.000000 8.000000 6.000000 5.000000 3062.004183 0.004735 0.011486 0.005372 0.000000 0.000000
1.000000 9.000000 6.000000 5.000000 2642.884071 0.004083 0.009889 0.005966 0.000000 0.000000
1.000000 10.000000 6.000000 5.000000 2886.626215 0.004462 0.010817 0.006547 0.000000 0.000000
1.000000 11.000000 6.000000 5.000000 2995.883796 0.004632 0.011234 0.007609 0.000000 0.000000
1.000000 12.000000 6.000000 5.000000 3539.520927 0.005480 0.013316 0.007743 0.000000 0.000000
1.000000 13.000000 6.000000 5.000000 11225.758559 0.017719 0.044291 0.017719 9042.299598 0.000000
1.000000 14.000000 6.000000 5.000000 27370.952139 0.045047 0.120313 0.045047 30335.565779 0.000000
1.000000 15.000000 6.000000 5.000000 54343.432587 0.096313 0.295129 0.096313 69154.570495 0.000000
1.000000 16.000000 6.000000 5.000000 83297.481162 0.160903 0.605428 0.160903 118507.485960 0.000000
1.000000 17.000000 6.000000 5.000000 82481.920420 0.158925 0.593841 0.158925 112927.606759 0.000000
1.000000 18.000000 6.000000 5.000000 2491.688167 0.003848 0.009315 0.009315 0.000000 -8185.259779
1.000000 19.000000 6.000000 5.000000 3730.389738 0.005778 0.014050 0.000000 0.000000 0.000000
1.000000 20.000000 6.000000 5.000000 3251.927487 0.005031 0.012213 0.000000 0.000000 0.000000
1.000000 21.000000 6.000000 5.000000 2806.091656 0.004336 0.010510 0.000000 0.000000 0.000000
1.000000 22.000000 6.000000 5.000000 2511.115515 0.003878 0.009389 0.000000 0.000000 0.000000
1.000000 23.000000 6.000000 5.000000 2285.854932 0.003528 0.008535 0.000000 0.000000 0.000000
1.000000 24.000000 6.000000 5.000000 2104.105847 0.003246 0.007848 0.000000 0.000000 0.000000
1.000000 1.000000 7.000000 5.000000 1953.582345 0.003013 0.007280 0.000000 0.000000 -0.000000
1.000000 2.000000 7.000000 5.000000 1833.440921 0.002827 0.006827 0.000000 0.000000 -0.000000
1.000000 3.000000 7.000000 5.000000 1741.743821 0.002685 0.006482 0.000000 0.000000 -0.000000
1.000000 4.000000 7.000000 5.000000 1649.414380 0.002542 0.006135 0.000000 0.000000 -0.000000
1.000000 5.000000 7.000000 5.000000 1569.402186 0.002418 0.005835 0.000000 0.000000 -0.000000
1.000000 6.000000 7.000000 5.000000 1506.610668 0.002321 0.005599 0.000000 0.000000 -0.000000
1.000000 7.000000 7.000000 5.000000 1442.944385 0.002222 0.005360 0.000000 0.000000 -0.000000
1.000000 8.000000 7.000000 5.000000 3120.478662 0.004826 0.011710 0.005511 0.000000 0.000000
1.000000 9.000000 7.000000 5.000000 2632.238013 0.004066 0.009849 0.006118 0.000000 0.000000
1.000000 10.000000 7.000000 5.000000 3068.296944 0.004745 0.011510 0.007548 0.000000 0.000000
1.000000 11.000000 7.000000 5.000000 2886.783584 0.004462 0.010818 0.006599 0.000000 0.000000
1.000000 12.000000 7.000000 5.000000 3804.390631 0.005894 0.014335 0.006446 0.000000 0.000000
1.000000 13.000000 7.000000 5.000000 12394.774796 0.019622 0.049269 0.019622 9825.915859 0.000000
1.000000 14.000000 7.000000 5.000000 31915.517281 0.053166 0.144944 0.053166 36386.087724 0.000000
1.000000 15.000000 7.000000 5.000000 62592.042057 0.113602 0.366308 0.113602 82837.733732 0.000000
1.000000 16.000000 7.000000 5.000000 93820.726703 0.187353 0.777524 0.187353 138170.779567 0.000000
1.000000 17.000000 7.000000 5.000000 91967.255830 0.182565 0.743795 0.182565 129271.826389 0.000000
1.000000 18.000000 7.000000 5.000000 2559.815427 0.003953 0.009573 0.009573 0.000000 -10069.697133
1.000000 19.000000 7.000000 5.000000 4107.471121 0.006368 0.015506 0.000000 0.000000 0.000000
1.000000 20.000000 7.000000 5.000000 3626.214943 0.005615 0.013649 0.000000 0.000000 0.000000
1.000000 21.000000 7.000000 5.000000 3117.508557 0.004821 0.011698 0.000000 0.000000 0.000000
1.000000 22.000000 7.000000 5.000000 2773.029890 0.004285 0.010384 0.000000 0.000000 0.000000
1.000000 23.000000 7.000000 5.000000 2495.413107 0.003853 0.009329 0.000000 0.000000 0.000000
1.000000 24.000000 7.000000 5.000000 2283.961553 0.003525 0.008528 0.000000 0.000000 0.000000
1.000000 1.000000 1.000000 5.000000 2103.529610 0.003245 0.007845 0.000000 0.000000 0.000000
1.000000 2.000000 1.000000 5.000000 1972.502657 0.003042 0.007351 0.000000 0.000000 -0.000000
1.000000 3.000000 1.000000 5.000000 1853.928354 0.002858 0.006904 0.000000 0.000000 -0.000000
1.000000 4.000000 1.000000 5.000000 1754.221208 0.002704 0.006529 0.000000 0.000000 -0.000000
1.000000 5.000000 1.000000 5.000000 1648.978906 0.002541 0.006133 0.000000 0.000000 -0.000000
1.000000 6.000000 1.000000 5.000000 1546.040270 0.002382 0.005747 0.000000 0.000000 -0.000000
1.000000 7.000000 1.000000 5.000000 1467.100466 0.002260 0.005451 0.000000 0.000000 -0.000000
1.000000 8.000000 1.000000 5.000000 3117.662071 0.004822 0.011699 0.006457 0.000000 0.000000
1.000000 9.000000 1.000000 5.000000 2628.288363 0.004060 0.009834 0.007202 0.000000 0.000000
1.000000 10.000000 1.000000 5.000000 3053.319086 0.004721 0.011453 0.008655 0.000000 0.000000
1.000000 11.000000 1.000000 5.000000 2900.158172 0.004483 0.010869 0.008445 0.000000 0.000000
1.000000 12.000000 1.000000 5.000000 3768.177857 0.005837 0.014196 0.009039 0.000000 0.000000
1.000000 13.000000 1.000000 5.000000 12261.695855 0.019405 0.048698 0.019405 7458.973899 0.000000
1.000000 14.000000 1.000000 5.000000 31555.706779 0.052516 0.142934 0.052516 33701.991422 0.000000
1.000000 15.000000 1.000000 5.000000 61336.384739 0.110916 0.354768 0.110916 78842.244688 0.000000
1.000000 16.000000 1.000000 5.000000 92239.576147 0.183265 0.748649 0.183265 133087.232460 0.000000
1.000000 17.000000 1.000000 5.000000 91051.404743 0.180220 0.727722 0.180220 125786.461338 0.000000
1.000000 18.000000 1.000000 5.000000 2546.218475 0.003932 0.009522 0.009522 0.000000 -11516.199947
1.000000 19.000000 1.000000 5.000000 4231.841320 0.006563 0.015987 0.000000 0.000000 0.000000
1.000000 20.000000 1.000000 5.000000 3713.604291 0.005752 0.013985 0.000000 0.000000 0.000000
1.000000 21.000000 1.000000 5.000000 3216.918099 0.004976 0.012079 0.000000 0.000000 0.000000
1.000000 22.000000 1.000000 5.000000 2880.979351 0.004453 0.010795 0.000000 0.000000 0.000000
1.000000 23.000000 1.000000 5.000000 2613.946369 0.004038 0.009779 0.000000 0.000000 0.000000
1.000000 24.000000 1.000000 5.000000 2410.487621 0.003721 0.009007 0.000000 0.000000 0.000000
1.000000 1.000000 2.000000 5.000000 1917.017581 0.002956 0.007142 0.000000 0.000000 -0.000000
1.000000 2.000000 2.000000 5.000000 1798.700449 0.002773 0.006696 0.000000 0.000000 -0.000000
1.000000 3.000000 2.000000 5.000000 1714.607409 0.002643 0.006380 0.000000 0.000000 -0.000000
1.000000 4.000000 2.000000 5.000000 1637.720012 0.002524 0.006091 0.000000 0.000000 -0.000000
1.000000 5.000000 2.000000 5.000000 1546.132180 0.002382 0.005747 0.000000 0.000000 -0.000000
1.000000 6.000000 2.000000 5.000000 1473.270748 0.002269 0.005474 0.000000 0.000000 -0.000000
1.000000 7.000000 2.000000 5.000000 1418.794272 0.002185 0.005270 0.000000 0.000000 -0.000000
1.000000 8.000000 2.000000 5.000000 3154.738492 0.004879 0.011841 0.007188 0.000000 0.000000
1.000000 9.000000 2.000000 5.000000 2710.516573 0.004188 0.010146 0.007876 0.000000 0.000000
1.000000 10.000000 2.000000 5.000000 2882.697885 0.004456 0.010802 0.008239 0.000000 0.000000
1.000000 11.000000 2.000000 5.000000 3053.537993 0.004722 0.011454 0.008359 0.000000 0.000000
1.000000 12.000000 2.000000 5.000000 3401.601025 0.005265 0.012786 0.007988 0.000000 0.000000
1.000000 13.000000 2.000000 5.000000 10931.712816 0.017242 0.043050 0.017242 7339.208029 0.000000
1.000000 14.000000 2.000000 5.000000 27667.600533 0.045571 0.121872 0.045571 29482.046168 0.000000
1.000000 15.000000 2.000000 5.000000 53283.787945 0.094151 0.286722 0.094151 67638.014558 0.000000
1.000000 16.000000 2.000000 5.000000 80736.270179 0.154724 0.569760 0.154724 112891.679341 0.000000
1.000000 17.000000 2.000000 5.000000 79658.096815 0.152153 0.555358 0.152153 106765.375938 0.000000
1.000000 18.000000 2.000000 5.000000 2618.234010 0.004044 0.009795 0.009795 0.000000 -7747.006976
1.000000 19.000000 2.000000 5.000000 3453.273007 0.005345 0.012985 0.000000 0.000000 0.000000
1.000000 20.000000 2.000000 5.000000 3017.297727 0.004665 0.011315 0.000000 0.000000 0.000000
1.000000 21.000000 2.000000 5.000000 2610.669820 0.004032 0.009767 0.000000 0.000000 0.000000
1.000000 22.000000 2.000000 5.000000 2312.947721 0.003570 0.008637 0.000000 0.000000 0.000000
1.000000 23.000000 2.000000 5.000000 2105.925817 0.003249 0.007854 0.000000 0.000000 0.000000
1.000000 24.000000 2.000000 5.000000 1948.844199 0.003005 0.007262 0.000000 0.000000 -0.000000
1.000000 1.000000 3.000000 5.000000 1824.707478 0.002813 0.006794 0.000000 0.000000 -0.000000
1.000000 2.000000 3.000000 5.000000 1728.368097 0.002664 0.006432 0.000000 0.000000 -0.000000
1.000000 3.000000 3.000000 5.000000 1648.864856 0.002541 0.006133 0.000000 0.000000 -0.000000
1.000000 4.000000 3.000000 5.000000 1575.116868 0.002427 0.005856 0.000000 0.000000 -0.000000
1.000000 5.000000 3.000000 5.000000 1500.214631 0.002311 0.005575 0.000000 0.000000 -0.000000
1.000000 6.000000 3.000000 5.000000 1448.647317 0.002231 0.005382 0.000000 0.000000 -0.000000
1.000000 7.000000 3.000000 5.000000 1399.751993 0.002156 0.005199 0.000000 0.000000 -0.000000
1.000000 8.000000 3.000000 5.000000 1568.535484 0.002417 0.005831 0.000000 0.000000 -0.000000
1.000000 9.000000 3.000000 5.000000 2110.289016 0.003256 0.007871 0.000000 0.000000 -0.000000
1.000000 10.000000 3.000000 5.000000 2935.319673 0.004538 0.011003 0.000000 0.000000 -0.000000
1.000000 11.000000 3.000000 5.000000 4196.745264 0.006508 0.015851 0.000000 0.000000 -0.000000
1.000000 12.000000 3.000000 5.000000 9712.284027 0.015271 0.037955 0.000000 0.000000 0.000000
1.000000 13.000000 3.000000 5.000000 32020.315186 0.053356 0.145531 0.000000 0.000000 0.000000
1.000000 14.000000 3.000000 5.000000 81138.807821 0.155689 0.575228 0.000000 0.000000 0.000000
1.000000 15.000000 3.000000 5.000000 156446.688847 0.391033 7.829691 0.000000 0.000000 0.000000
1.000000 16.000000 3.000000 5.000000 238382.158489 0.888303 -2.133215 0.000000 0.000000 -0.000000
1.000000 17.000000 3.000000 5.000000 238803.191309 0.892123 -2.124116 0.000000 0.000000 -0.000000
1.000000 18.000000 3.000000 5.000000 6746.029109 0.010528 0.025881 0.000000 0.000000 -0.000000
1.000000 19.000000 3.000000 5.000000 3881.643494 0.006015 0.014633 0.000000 0.000000 -0.000000
1.000000 20.000000 3.000000 5.000000 3217.243418 0.004977 0.012080 0.000000 0.000000 0.000000
1.000000 21.000000 3.000000 5.000000 2740.237485 0.004234 0.010259 0.000000 0.000000 0.000000
1.000000 22.000000 3.000000 5.000000 2408.049938 0.003718 0.008998 0.000000 0.000000 0.000000
1.000000 23.000000 3.000000 5.000000 2165.495543 0.003341 0.008080 0.000000 0.000000 -0.000000
1.000000 24.000000 3.000000 5.000000 1991.375447 0.003071 0.007422 0.000000 0.000000 -0.000000
1.000000 1.000000 4.000000 5.000000 1846.796602 0.002847 0.006877 0.000000 0.000000 -0.000000
1.000000 2.000000 4.000000 5.000000 1729.103129 0.002665 0.006435 0.000000 0.000000 -0.000000
1.000000 3.000000 4.000000 5.000000 1631.736917 0.002514 0.006069 0.000000 0.000000 -0.000000
1.000000 4.000000 4.000000 5.000000 1546.007092 0.002382 0.005747 0.000000 0.000000 -0.000000
1.000000 5.000000 4.000000 5.000000 1484.654081 0.002287 0.005517 0.000000 0.000000 -0.000000
1.000000 6.000000 4.000000 5.000000 1457.361200 0.002245 0.005414 0.000000 0.000000 -0.000000
1.000000 7.000000 4.000000 5.000000 1407.670162 0.002168 0.005228 0.000000 0.000000 -0.000000
1.000000 8.000000 4.000000 5.000000 1581.127855 0.002436 0.005879 0.000000 0.000000 -0.000000
1.000000 9.000000 4.000000 5.000000 2100.033755 0.003240 0.007832 0.000000 0.000000 -0.000000
1.000000 10.000000 4.000000 5.000000 2920.680336 0.004515 0.010947 0.000000 0.000000 -0.000000
1.000000 11.000000 4.000000 5.000000 4238.313819 0.006573 0.016012 0.000000 0.000000 -0.000000
1.000000 12.000000 4.000000 5.000000 9842.758054 0.015481 0.038497 0.000000 0.000000 0.000000
1.000000 13.000000 4.000000 5.000000 32486.153886 0.054200 0.148153 0.000000 0.000000 0.000000
1.000000 14.000000 4.000000 5.000000 81863.295744 0.157431 0.585197 0.000000 0.000000 0.000000
1.000000 15.000000 4.000000 5.000000 158645.799296 0.400065 9.646666 0.000000 0.000000 0.000000
1.000000 16.000000 4.000000 5.000000 242233.745235 0.923977 -2.053871 0.000000 0.000000 -0.000000
1.000000 17.000000 4.000000 5.000000 243510.877023 0.936180 -2.029369 0.000000 0.000000 -0.000000
1.000000 18.000000 4.000000 5.000000 6956.814551 0.010863 0.026724 0.000000 0.000000 -0.000000
1.000000 19.000000 4.000000 5.000000 3992.664938 0.006188 0.015062 0.000000 0.000000 -0.000000
1.000000 20.000000 4.000000 5.000000 3299.486817 0.005105 0.012395 0.000000 0.000000 0.000000
1.000000 21.000000 4.000000 5.000000 2828.936073 0.004372 0.010597 0.000000 0.000000 0.000000
1.000000 22.000000 4.000000 5.000000 2516.777607 0.003887 0.009410 0.000000 0.000000 0.000000
1.000000 23.000000 4.000000 5.000000 2279.785497 0.003518 0.008512 0.000000 0.000000 0.000000
1.000000 24.000000 4.000000 5.000000 2094.414642 0.003231 0.007811 0.000000 0.000000 -0.000000
1.000000 1.000000 5.000000 5.000000 1948.054580 0.003004 0.007259 0.000000 0.000000 -0.000000
1.000000 2.000000 5.000000 5.000000 1845.498559 0.002845 0.006872 0.000000 0.000000 -0.000000
1.000000 3.000000 5.000000 5.000000 1751.285383 0.002699 0.006518 0.000000 0.000000 -0.000000
1.000000 4.000000 5.000000 5.000000 1670.130198 0.002574 0.006213 0.000000 0.000000 -0.000000
1.000000 5.000000 5.000000 5.000000 1576.324883 0.002429 0.005861 0.000000 0.000000 -0.000000
1.000000 6.000000 5.000000 5.000000 1495.870972 0.002304 0.005559 0.000000 0.000000 -0.000000
1.000000 7.000000 5.000000 5.000000 1445.234228 0.002226 0.005369 0.000000 0.000000 -0.000000
1.000000 8.000000 5.000000 5.000000 3106.737302 0.004805 0.011657 0.008543 0.000000 0.000000
1.000000 9.000000 5.000000 5.000000 2659.321606 0.004108 0.009952 0.009473 0.000000 0.000000
1.000000 10.000000 5.000000 5.000000 2937.988497 0.004542 0.011013 0.010021 0.000000 0.000000
1.000000 11.000000 5.000000 5.000000 3005.199861 0.004646 0.011269 0.011083 0.000000 0.000000
1.000000 12.000000 5.000000 5.000000 3451.699870 0.005343 0.012979 0.009229 0.000000 0.000000
1.000000 13.000000 5.000000 5.000000 11042.239329 0.017421 0.043516 0.017421 5429.911386 0.000000
1.000000 14.000000 5.000000 5.000000 27896.915309 0.045977 0.123082 0.045977 28392.745762 0.000000
1.000000 15.000000 5.000000 5.000000 53577.056946 0.094748 0.289033 0.094748 66840.507043 0.000000
1.000000 16.000000 5.000000 5.000000 81488.048090 0.156528 0.580013 0.156528 113232.647814 0.000000
1.000000 17.000000 5.000000 5.000000 80775.970306 0.154820 0.570297 0.154820 107960.850147 0.000000
1.000000 18.000000 5.000000 5.000000 2578.091230 0.003982 0.009643 0.009643 0.000000 -8962.921469
1.000000 19.000000 5.000000 5.000000 3603.610113 0.005580 0.013562 0.000000 0.000000 0.000000
1.000000 20.000000 5.000000 5.000000 3129.664638 0.004840 0.011745 0.000000 0.000000 0.000000
1.000000 21.000000 5.000000 5.000000 2713.020750 0.004192 0.010156 0.000000 0.000000 0.000000
1.000000 22.000000 5.000000 5.000000 2423.723256 0.003742 0.009057 0.000000 0.000000 0.000000
1.000000 23.000000 5.000000 5.000000 2196.873902 0.003390 0.008198 0.000000 0.000000 0.000000
1.000000 24.000000 5.000000 5.000000 2021.622554 0.003118 0.007536 0.000000 0.000000 -0.000000
1.000000 1.000000 6.000000 5.000000 1893.775803 0.002920 0.007054 0.000000 0.000000 -0.000000
1.000000 2.000000 6.000000 5.000000 1791.038932 0.002761 0.006667 0.000000 0.000000 -0.000000
1.000000 3.000000 6.000000 5.000000 1675.622479 0.002582 0.006233 0.000000 0.000000 -0.000000
1.000000 4.000000 6.000000 5.000000 1591.478080 0.002452 0.005917 0.000000 0.000000 -0.000000
1.000000 5.000000 6.000000 5.000000 1531.198703 0.002359 0.005691 0.000000 0.000000 -0.000000
1.000000 6.000000 6.000000 5.000000 1469.060238 0.002263 0.005458 0.000000 0.000000 -0.000000
1.000000 7.000000 6.000000 5.000000 1399.908417 0.002156 0.005199 0.000000 0.000000 -0.000000
1.000000 8.000000 6.000000 5.000000 3164.355165 0.004894 0.011878 0.007417 0.000000 0.000000
1.000000 9.000000 6.000000 5.000000 2721.001118 0.004204 0.010186 0.008250 0.000000 0.000000
1.000000 10.000000 6.000000 5.000000 2822.811869 0.004362 0.010574 0.009655 0.000000 0.000000
1.000000 11.000000 6.000000 5.000000 3093.207262 0.004784 0.011605 0.010569 0.000000 0.000000
1.000000 12.000000 6.000000 5.000000 3301.864010 0.005109 0.012404 0.010438 0.000000 0.000000
1.000000 13.000000 6.000000 5.000000 10631.222759 0.016755 0.041788 0.016755 5918.465274 0.000000
1.000000 14.000000 6.000000 5.000000 27012.206782 0.044415 0.118436 0.044415 28194.496783 0.000000
1.000000 15.000000 6.000000 5.000000 52637.104663 0.092837 0.281666 0.092837 66383.985426 0.000000
1.000000 16.000000 6.000000 5.000000 80195.041087 0.153431 0.562487 0.153431 112166.741141 0.000000
1.000000 17.000000 6.000000 5.000000 79410.004721 0.151563 0.552093 0.151563 106905.975280 0.000000
1.000000 18.000000 6.000000 5.000000 2618.110565 0.004044 0.009795 0.009795 0.000000 -7173.252732
1.000000 19.000000 6.000000 5.000000 3481.715702 0.005390 0.013094 0.000000 0.000000 0.000000
1.000000 20.000000 6.000000 5.000000 3005.587638 0.004647 0.011271 0.000000 0.000000 0.000000
1.000000 21.000000 6.000000 5.000000 2628.170304 0.004060 0.009833 0.000000 0.000000 0.000000
1.000000 22.000000 6.000000 5.000000 2345.203670 0.003620 0.008759 0.000000 0.000000 0.000000
1.000000 23.000000 6.000000 5.000000 2114.560011 0.003262 0.007887 0.000000 0.000000 0.000000
1.000000 24.000000 6.000000 5.000000 1965.275946 0.003031 0.007324 0.000000 0.000000 0.000000
1.000000 1.000000 7.000000 5.000000 1830.133333 0.002821 0.006815 0.000000 0.000000 -0.000000
1.000000 2.000000 7.000000 5.000000 1724.775902 0.002658 0.006418 0.000000 0.000000 -0.000000
1.000000 3.000000 7.000000 5.000000 1629.956718 0.002512 0.006062 0.000000 0.000000 -0.000000
1.000000 4.000000 7.000000 5.000000 1553.017806 0.002393 0.005773 0.000000 0.000000 -0.000000
1.000000 5.000000 7.000000 5.000000 1481.851280 0.002282 0.005506 0.000000 0.000000 -0.000000
1.000000 6.000000 7.000000 5.000000 1439.591797 0.002217 0.005348 0.000000 0.000000 -0.000000
1.000000 7.000000 7.000000 5.000000 1385.311699 0.002133 0.005145 0.000000 0.000000 -0.000000
1.000000 8.000000 7.000000 5.000000 3184.413197 0.004926 0.011954 0.007144 0.000000 0.000000
1.000000 9.000000 7.000000 5.000000 2738.883529 0.004232 0.010254 0.007810 0.000000 0.000000
1.000000 10.000000 7.000000 5.000000 2803.311527 0.004332 0.010499 0.008753 0.000000 0.000000
1.000000 11.000000 7.000000 5.000000 3084.124698 0.004769 0.011571 0.009964 0.000000 0.000000
1.000000 12.000000 7.000000 5.000000 3367.731717 0.005212 0.012656 0.011896 0.000000 0.000000
1.000000 13.000000 7.000000 5.000000 10938.766218 0.017253 0.043080 0.017253 5829.802804 0.000000
1.000000 14.000000 7.000000 5.000000 27971.304296 0.046109 0.123475 0.046109 28978.519736 0.000000
1.000000 15.000000 7.000000 5.000000 54846.577777 0.097344 0.299176 0.097344 69000.671527 0.000000
1.000000 16.000000 7.000000 5.000000 83125.220404 0.160484 0.602962 0.160484 116803.742696 0.000000
1.000000 17.000000 7.000000 5.000000 82135.581808 0.158088 0.588986 0.158088 111251.141486 0.000000
1.000000 18.000000 7.000000 5.000000 2540.518710 0.003923 0.009500 0.009500 0.000000 -8242.460993
1.000000 19.000000 7.000000 5.000000 3678.129763 0.005696 0.013849 0.000000 0.000000 0.000000
1.000000 20.000000 7.000000 5.000000 3157.101216 0.004883 0.011850 0.000000 0.000000 0.000000
1.000000 21.000000 7.000000 5.000000 2748.723097 0.004247 0.010292 0.000000 0.000000 0.000000
1.000000 22.000000 7.000000 5.000000 2457.893408 0.003795 0.009187 0.000000 0.000000 0.000000
1.000000 23.000000 7.000000 5.000000 2244.327044 0.003463 0.008378 0.000000 0.000000 0.000000
1.000000 24.000000 7.000000 5.000000 2058.222633 0.003175 0.007674 0.000000 0.000000 0.000000
1.000000 1.000000 1.000000 5.000000 1916.302126 0.002955 0.007139 0.000000 0.000000 -0.000000
1.000000 2.000000 1.000000 5.000000 1803.601989 0.002780 0.006715 0.000000 0.000000 -0.000000
1.000000 3.000000 1.000000 5.000000 1697.635195 0.002616 0.006316 0.000000 0.000000 -0.000000
1.000000 4.000000 1.000000 5.000000 1611.560367 0.002483 0.005993 0.000000 0.000000 -0.000000
1.000000 5.000000 1.000000 5.000000 1535.602417 0.002366 0.005708 0.000000 0.000000 -0.000000
1.000000 6.000000 1.000000 5.000000 1472.360346 0.002268 0.005471 0.000000 0.000000 -0.000000
1.000000 7.000000 1.000000 5.000000 1405.538810 0.002165 0.005220 0.000000 0.000000 -0.000000
1.000000 8.000000 1.000000 5.000000 3178.530462 0.004917 0.011932 0.008413 0.000000 0.000000
1.000000 9.000000 1.000000 5.000000 2733.453874 0.004223 0.010233 0.009171 0.000000 0.000000
1.000000 10.000000 1.000000 5.000000 2774.551029 0.004287 0.010390 0.009668 0.000000 0.000000
1.000000 11.000000 1.000000 5.000000 3063.792868 0.004738 0.011493 0.011209 0.000000 0.000000
1.000000 12.000000 1.000000 5.000000 3454.157894 0.005347 0.012988 0.012988 0.000000 -684.268517
1.000000 13.000000 1.000000 5.000000 11246.385493 0.017752 0.044378 0.017752 5076.418532 0.000000
1.000000 14.000000 1.000000 5.000000 28567.784823 0.047167 0.126645 0.047167 28217.447703 0.000000
1.000000 15.000000 1.000000 5.000000 55753.447670 0.099210 0.306561 0.099210 68520.672178 0.000000
1.000000 16.000000 1.000000 5.000000 83599.829736 0.161638 0.609780 0.161638 116396.327011 0.000000
1.000000 17.000000 1.000000 5.000000 81755.419350 0.157171 0.583702 0.157171 109338.176953 0.000000
1.000000 18.000000 1.000000 5.000000 2541.488264 0.003925 0.009504 0.009504 0.000000 -9310.713094
1.000000 19.000000 1.000000 5.000000 3769.851931 0.005840 0.014202 0.000000 0.000000 0.000000
1.000000 20.000000 1.000000 5.000000 3261.429660 0.005046 0.012249 0.000000 0.000000 0.000000
1.000000 21.000000 1.000000 5.000000 2867.502532 0.004432 0.010744 0.000000 0.000000 0.000000
1.000000 22.000000 1.000000 5.000000 2555.620111 0.003947 0.009557 0.000000 0.000000 0.000000
1.000000 23.000000 1.000000 5.000000 2321.557429 0.003583 0.008670 0.000000 0.000000 0.000000
1.000000 24.000000 1.000000 5.000000 2147.880646 0.003314 0.008013 0.000000 0.000000 -0.000000
1.000000 1.000000 2.000000 5.000000 2004.617140 0.003092 0.007472 0.000000 0.000000 -0.000000
1.000000 2.000000 2.000000 5.000000 1888.092851 0.002911 0.007033 0.000000 0.000000 -0.000000
1.000000 3.000000 2.000000 5.000000 1790.488721 0.002760 0.006665 0.000000 0.000000 -0.000000
1.000000 4.000000 2.000000 5.000000 1700.475733 0.002621 0.006327 0.000000 0.000000 -0.000000
1.000000 5.000000 2.000000 5.000000 1616.442743 0.002491 0.006011 0.000000 0.000000 -0.000000
1.000000 6.000000 2.000000 5.000000 1531.089716 0.002359 0.005691 0.000000 0.000000 -0.000000
1.000000 7.000000 2.000000 5.000000 1456.928263 0.002244 0.005413 0.000000 0.000000 -0.000000
1.000000 8.000000 2.000000 5.000000 3116.678791 0.004820 0.011695 0.008721 0.000000 0.000000
1.000000 9.000000 2.000000 5.000000 2706.392058 0.004181 0.010131 0.009568 0.000000 0.000000
1.000000 10.000000 2.000000 5.000000 2765.580565 0.004273 0.010356 0.010021 0.000000 0.000000
1.000000 11.000000 2.000000 5.000000 3121.281833 0.004827 0.011713 0.010791 0.000000 0.000000
1.000000 12.000000 2.000000 5.000000 3219.657365 0.004981 0.012089 0.011295 0.000000 0.000000
1.000000 13.000000 2.000000 5.000000 10358.471782 0.016314 0.040645 0.016314 6397.195115 0.000000
1.000000 14.000000 2.000000 5.000000 26750.161228 0.043954 0.117070 0.043954 26486.345496 0.000000
1.000000 15.000000 2.000000 5.000000 52858.602427 0.093287 0.283391 0.093287 63953.447840 0.000000
1.000000 16.000000 2.000000 5.000000 79890.804475 0.152706 0.558437 0.152706 109717.114375 0.000000
1.000000 17.000000 2.000000 5.000000 79548.267502 0.151892 0.553911 0.151892 105430.958205 0.000000
1.000000 18.000000 2.000000 5.000000 2589.628199 0.004000 0.009687 0.009687 0.000000 -8648.687051
1.000000 19.000000 2.000000 5.000000 3501.919420 0.005421 0.013171 0.000000 0.000000 0.000000
1.000000 20.000000 2.000000 5.000000 3092.103845 0.004782 0.011601 0.000000 0.000000 0.000000
1.000000 21.000000 2.000000 5.000000 2704.190192 0.004178 0.010122 0.000000 0.000000 0.000000
1.000000 22.000000 2.000000 5.000000 2402.846796 0.003710 0.008978 0.000000 0.000000 0.000000
1.000000 23.000000 2.000000 5.000000 2165.174619 0.003341 0.008078 0.000000 0.000000 0.000000
1.000000 24.000000 2.000000 5.000000 1978.282253 0.003051 0.007373 0.000000 0.000000 0.000000
1.000000 1.000000 3.000000 5.000000 1847.113928 0.002848 0.006879 0.000000 0.000000 -0.000000
1.000000 2.000000 3.000000 5.000000 1739.684433 0.002681 0.006474 0.000000 0.000000 -0.000000
1.000000 3.000000 3.000000 5.000000 1639.213678 0.002526 0.006097 0.000000 0.000000 -0.000000
1.000000 4.000000 3.000000 5.000000 1557.439282 0.002399 0.005790 0.000000 0.000000 -0.000000
1.000000 5.000000 3.000000 5.000000 1489.528824 0.002294 0.005535 0.000000 0.000000 -0.000000
1.000000 6.000000 3.000000 5.000000 1437.989714 0.002215 0.005342 0.000000 0.000000 -0.000000
1.000000 7.000000 3.000000 5.000000 1371.082383 0.002111 0.005091 0.000000 0.000000 -0.000000
1.000000 8.000000 3.000000 5.000000 1524.807459 0.002349 0.005667 0.000000 0.000000 -0.000000
1.000000 9.000000 3.000000 5.000000 2049.320538 0.003161 0.007641 0.000000 0.000000 -0.000000
1.000000 10.000000 3.000000 5.000000 2800.664953 0.004328 0.010489 0.000000 0.000000 -0.000000
1.000000 11.000000 3.000000 5.000000 4077.011159 0.006320 0.015388 0.000000 0.000000 -0.000000
1.000000 12.000000 3.000000 5.000000 9587.544907 0.015070 0.037438 0.000000 0.000000 0.000000
1.000000 13.000000 3.000000 5.000000 32033.971272 0.053381 0.145608 0.000000 0.000000 0.000000
1.000000 14.000000 3.000000 5.000000 81772.726995 0.157213 0.583942 0.000000 0.000000 0.000000
1.000000 15.000000 3.000000 5.000000 159854.836524 0.405099 11.023049 0.000000 0.000000 0.000000
1.000000 16.000000 3.000000 5.000000 244399.864422 0.944789 -2.012804 0.000000 0.000000 -0.000000
1.000000 17.000000 3.000000 5.000000 245727.075139 0.957821 -1.988785 0.000000 0.000000 -0.000000
1.000000 18.000000 3.000000 5.000000 7091.752632 0.011077 0.027265 0.000000 0.000000 -0.000000
1.000000 19.000000 3.000000 5.000000 4119.342037 0.006387 0.015552 0.000000 0.000000 -0.000000
1.000000 20.000000 3.000000 5.000000 3431.627776 0.005311 0.012902 0.000000 0.000000 0.000000
1.000000 21.000000 3.000000 5.000000 2978.560691 0.004605 0.011168 0.000000 0.000000 0.000000
1.000000 22.000000 3.000000 5.000000 2664.411321 0.004116 0.009971 0.000000 0.000000 0.000000
1.000000 23.000000 3.000000 5.000000 2422.034717 0.003739 0.009051 0.000000 0.000000 0.000000
1.000000 24.000000 3.000000 5.000000 2264.814894 0.003495 0.008455 0.000000 0.000000 -0.000000
1.000000 1.000000 4.000000 5.000000 2121.273801 0.003273 0.007912 0.000000 0.000000 -0.000000
1.000000 2.000000 4.000000 5.000000 2002.609304 0.003089 0.007465 0.000000 0.000000 -0.000000
1.000000 3.000000 4.000000 5.000000 1900.257455 0.002930 0.007079 0.000000 0.000000 -0.000000
1.000000 4.000000 4.000000 5.000000 1822.141184 0.002809 0.006785 0.000000 0.000000 -0.000000
1.000000 5.000000 4.000000 5.000000 1748.991657 0.002696 0.006509 0.000000 0.000000 -0.000000
1.000000 6.000000 4.000000 5.000000 1657.129175 0.002554 0.006164 0.000000 0.000000 -0.000000
1.000000 7.000000 4.000000 5.000000 1577.001025 0.002430 0.005863 0.000000 0.000000 -0.000000
1.000000 8.000000 4.000000 5.000000 1755.627894 0.002706 0.006534 0.000000 0.000000 -0.000000
1.000000 9.000000 4.000000 5.000000 2292.549755 0.003538 0.008560 0.000000 0.000000 -0.000000
1.000000 10.000000 4.000000 5.000000 3128.424017 0.004838 0.011740 0.000000 0.000000 -0.000000
1.000000 11.000000 4.000000 5.000000 4457.790587 0.006917 0.016864 0.000000 0.000000 -0.000000
1.000000 12.000000 4.000000 5.000000 10293.150959 0.016208 0.040372 0.000000 0.000000 0.000000
1.000000 13.000000 4.000000 5.000000 33560.590178 0.056154 0.154268 0.000000 0.000000 0.000000
1.000000 14.000000 4.000000 5.000000 84690.579328 0.164304 0.625740 0.000000 0.000000 0.000000
1.000000 15.000000 4.000000 5.000000 162923.422925 0.418103 17.027146 0.000000 0.000000 0.000000
1.000000 16.000000 4.000000 5.000000 245825.213292 0.958793 -1.987042 0.000000 0.000000 -0.000000
1.000000 17.000000 4.000000 5.000000 245020.562116 0.950857 -2.001466 0.000000 0.000000 -0.000000
1.000000 18.000000 4.000000 5.000000 6981.274501 0.010902 0.026822 0.000000 0.000000 -0.000000
1.000000 19.000000 4.000000 5.000000 3996.532372 0.006194 0.015077 0.000000 0.000000 -0.000000
1.000000 20.000000 4.000000 5.000000 3240.464333 0.005013 0.012169 0.000000 0.000000 0.000000
1.000000 21.000000 4.000000 5.000000 2767.561969 0.004276 0.010363 0.000000 0.000000 0.000000
1.000000 22.000000 4.000000 5.000000 2420.107014 0.003736 0.009043 0.000000 0.000000 -0.000000
1.000000 23.000000 4.000000 5.000000 2142.862636 0.003306 0.007994 0.000000 0.000000 -0.000000
1.000000 24.000000 4.000000 5.000000 1912.119386 0.002948 0.007123 0.000000 0.000000 -0.000000
1.000000 1.000000 5.000000 5.000000 1751.317276 0.002699 0.006518 0.000000 0.000000 -0.000000
1.000000 2.000000 5.000000 5.000000 1616.877389 0.002491 0.006013 0.000000 0.000000 -0.000000
1.000000 3.000000 5.000000 5.000000 1565.536477 0.002412 0.005820 0.000000 0.000000 -0.000000
1.000000 4.000000 5.000000 5.000000 1542.850869 0.002377 0.005735 0.000000 0.000000 -0.000000
1.000000 5.000000 5.000000 5.000000 1518.437523 0.002339 0.005643 0.000000 0.000000 -0.000000
1.000000 6.000000 5.000000 5.000000 1507.958786 0.002323 0.005604 0.000000 0.000000 -0.000000
1.000000 7.000000 5.000000 5.000000 1469.124309 0.002263 0.005459 0.000000 0.000000 -0.000000
1.000000 8.000000 5.000000 5.000000 3047.502553 0.004712 0.011431 0.007716 0.000000 0.000000
1.000000 9.000000 5.000000 5.000000 2591.388407 0.004003 0.009693 0.008992 0.000000 0.000000
1.000000 10.000000 5.000000 5.000000 3148.556498 0.004870 0.011817 0.009698 0.000000 0.000000
1.000000 11.000000 5.000000 5.000000 2827.907867 0.004370 0.010593 0.010593 0.000000 -66.540705
1.000000 12.000000 5.000000 5.000000 3833.508624 0.005939 0.014448 0.012842 0.000000 0.000000
1.000000 13.000000 5.000000 5.000000 12332.656152 0.019520 0.049002 0.019520 6060.702026 0.000000
1.000000 14.000000 5.000000 5.000000 31098.717351 0.051693 0.140397 0.051693 31557.175449 0.000000
1.000000 15.000000 5.000000 5.000000 60902.499083 0.109993 0.350843 0.109993 77171.460959 0.000000
1.000000 16.000000 5.000000 5.000000 90450.607884 0.178689 0.717382 0.178689 129148.303647 0.000000
1.000000 17.000000 5.000000 5.000000 87902.089631 0.172260 0.675227 0.172260 119862.756488 0.000000
1.000000 18.000000 5.000000 5.000000 2445.225886 0.003775 0.009139 0.009139 0.000000 -10725.588331
1.000000 19.000000 5.000000 5.000000 3906.471343 0.006053 0.014729 0.000000 0.000000 0.000000
1.000000 20.000000 5.000000 5.000000 3405.296317 0.005270 0.012800 0.000000 0.000000 0.000000
1.000000 21.000000 5.000000 5.000000 2944.014784 0.004551 0.011036 0.000000 0.000000 0.000000
1.000000 22.000000 5.000000 5.000000 2620.084694 0.004047 0.009802 0.000000 0.000000 0.000000
1.000000 23.000000 5.000000 5.000000 2384.641335 0.003681 0.008909 0.000000 0.000000 0.000000
1.000000 24.000000 5.000000 5.000000 2214.059188 0.003417 0.008263 0.000000 0.000000 0.000000
1.000000 1.000000 6.000000 5.000000 2085.298713 0.003217 0.007777 0.000000 0.000000 0.000000
1.000000 2.000000 6.000000 5.000000 1981.682950 0.003056 0.007386 0.000000 0.000000 -0.000000
1.000000 3.000000 6.000000 5.000000 1869.858826 0.002883 0.006964 0.000000 0.000000 -0.000000
1.000000 4.000000 6.000000 5.000000 1756.986240 0.002708 0.006539 0.000000 0.000000 -0.000000
1.000000 5.000000 6.000000 5.000000 1629.306814 0.002511 0.006060 0.000000 0.000000 -0.000000
1.000000 6.000000 6.000000 5.000000 1496.991107 0.002306 0.005563 0.000000 0.000000 -0.000000
1.000000 7.000000 6.000000 5.000000 1423.965483 0.002193 0.005289 0.000000 0.000000 -0.000000
1.000000 8.000000 6.000000 5.000000 3118.473499 0.004823 0.011702 0.006222 0.000000 0.000000
1.000000 9.000000 6.000000 5.000000 2663.238192 0.004114 0.009966 0.006884 0.000000 0.000000
1.000000 10.000000 6.000000 5.000000 2902.742509 0.004487 0.010878 0.008923 0.000000 0.000000
1.000000 11.000000 6.000000 5.000000 3036.961943 0.004696 0.011391 0.009728 0.000000 0.000000
1.000000 12.000000 6.000000 5.000000 3350.237859 0.005184 0.012589 0.008245 0.000000 0.000000
1.000000 13.000000 6.000000 5.000000 10649.825947 0.016785 0.041866 0.016785 6490.153362 0.000000
1.000000 14.000000 6.000000 5.000000 27042.271516 0.044468 0.118592 0.044468 28664.932702 0.000000
1.000000 15.000000 6.000000 5.000000 52883.596894 0.093337 0.283587 0.093337 66997.706640 0.000000
1.000000 16.000000 6.000000 5.000000 80829.039643 0.154947 0.571016 0.154947 113418.161105 0.000000
1.000000 17.000000 6.000000 5.000000 80526.594606 0.154223 0.566932 0.154223 108960.070075 0.000000
1.000000 18.000000 6.000000 5.000000 2594.346805 0.004007 0.009705 0.009705 0.000000 -7395.912343
1.000000 19.000000 6.000000 5.000000 3560.161577 0.005512 0.013395 0.000000 0.000000 0.000000
1.000000 20.000000 6.000000 5.000000 3112.833558 0.004814 0.011680 0.000000 0.000000 0.000000
1.000000 21.000000 6.000000 5.000000 2706.954914 0.004182 0.010133 0.000000 0.000000 0.000000
1.000000 22.000000 6.000000 5.000000 2431.228528 0.003754 0.009085 0.000000 0.000000 0.000000
1.000000 23.000000 6.000000 5.000000 2240.292440 0.003457 0.008362 0.000000 0.000000 0.000000
1.000000 24.000000 6.000000 5.000000 2096.479913 0.003234 0.007819 0.000000 0.000000 0.000000
1.000000 1.000000 7.000000 5.000000 1986.919864 0.003064 0.007405 0.000000 0.000000 -0.000000
1.000000 2.000000 7.000000 5.000000 1899.852877 0.002929 0.007077 0.000000 0.000000 -0.000000
1.000000 3.000000 7.000000 5.000000 1821.097554 0.002807 0.006781 0.000000 0.000000 -0.000000
1.000000 4.000000 7.000000 5.000000 1748.798541 0.002695 0.006509 0.000000 0.000000 -0.000000
1.000000 5.000000 7.000000 5.000000 1661.466029 0.002560 0.006180 0.000000 0.000000 -0.000000
1.000000 6.000000 7.000000 5.000000 1566.590528 0.002414 0.005824 0.000000 0.000000 -0.000000
1.000000 7.000000 7.000000 5.000000 1505.229793 0.002319 0.005594 0.000000 0.000000 -0.000000
1.000000 8.000000 7.000000 5.000000 3033.338832 0.004690 0.011377 0.007556 0.000000 0.000000
1.000000 9.000000 7.000000 5.000000 2641.929754 0.004081 0.009885 0.008325 0.000000 0.000000
1.000000 10.000000 7.000000 5.000000 2871.240015 0.004438 0.010758 0.008388 0.000000 0.000000
1.000000 11.000000 7.000000 5.000000 3101.580748 0.004797 0.011637 0.008750 0.000000 0.000000
1.000000 12.000000 7.000000 5.000000 3246.509710 0.005023 0.012192 0.007849 0.000000 0.000000
1.000000 13.000000 7.000000 5.000000 10260.761734 0.016156 0.040237 0.016156 7258.174144 0.000000
1.000000 14.000000 7.000000 5.000000 25770.861648 0.042235 0.112013 0.042235 27025.453791 0.000000
1.000000 15.000000 7.000000 5.000000 49604.081267 0.086742 0.258686 0.086742 62271.575441 0.000000
1.000000 16.000000 7.000000 5.000000 75799.304283 0.143087 0.506546 0.143087 104707.132102 0.000000
1.000000 17.000000 7.000000 5.000000 75485.743760 0.142359 0.502757 0.142359 100629.184812 0.000000
1.000000 18.000000 7.000000 5.000000 2749.818618 0.004249 0.010296 0.010296 0.000000 -5695.225460
1.000000 19.000000 7.000000 5.000000 3287.750453 0.005087 0.012350 0.000000 0.000000 0.000000
1.000000 20.000000 7.000000 5.000000 2855.260071 0.004413 0.010697 0.000000 0.000000 0.000000
1.000000 21.000000 7.000000 5.000000 2493.920994 0.003851 0.009323 0.000000 0.000000 0.000000
1.000000 22.000000 7.000000 5.000000 2234.460230 0.003448 0.008340 0.000000 0.000000 0.000000
1.000000 23.000000 7.000000 5.000000 2040.140140 0.003147 0.007606 0.000000 0.000000 0.000000
1.000000 24.000000 7.000000 5.000000 1910.760800 0.002946 0.007118 0.000000 0.000000 0.000000
1.000000 1.000000 1.000000 5.000000 1826.214147 0.002815 0.006800 0.000000 0.000000 -0.000000
1.000000 2.000000 1.000000 5.000000 1753.663015 0.002703 0.006527 0.000000 0.000000 -0.000000
1.000000 3.000000 1.000000 5.000000 1682.708920 0.002593 0.006260 0.000000 0.000000 -0.000000
1.000000 4.000000 1.000000 5.000000 1616.702351 0.002491 0.006012 0.000000 0.000000 -0.000000
1.000000 5.000000 1.000000 5.000000 1544.151245 0.002379 0.005740 0.000000 0.000000 -0.000000
1.000000 6.000000 1.000000 5.000000 1496.684265 0.002305 0.005562 0.000000 0.000000 -0.000000
1.000000 7.000000 1.000000 5.000000 1459.511339 0.002248 0.005423 0.000000 0.000000 -0.000000
1.000000 8.000000 1.000000 5.000000 3101.464593 0.004796 0.011637 0.009324 0.000000 0.000000
1.000000 9.000000 1.000000 5.000000 2703.499619 0.004177 0.010120 0.010058 0.000000 0.000000
1.000000 10.000000 1.000000 5.000000 2758.184805 0.004262 0.010328 0.009649 0.000000 0.000000
1.000000 11.000000 1.000000 5.000000 3118.180968 0.004822 0.011701 0.010087 0.000000 0.000000
1.000000 12.000000 1.000000 5.000000 3241.411762 0.005015 0.012172 0.007999 0.000000 0.000000
1.000000 13.000000 1.000000 5.000000 10256.636253 0.016149 0.040220 0.016149 5249.967114 0.000000
1.000000 14.000000 1.000000 5.000000 25902.042882 0.042465 0.112686 0.042465 26093.454552 0.000000
1.000000 15.000000 1.000000 5.000000 50012.669538 0.087557 0.261714 0.087557 61686.753177 0.000000
1.000000 16.000000 1.000000 5.000000 76455.039729 0.144612 0.514554 0.144612 104749.016791 0.000000
1.000000 17.000000 1.000000 5.000000 76044.400104 0.143656 0.509526 0.143656 100382.016158 0.000000
1.000000 18.000000 1.000000 5.000000 2736.015200 0.004227 0.010243 0.010243 0.000000 -7002.059949
1.000000 19.000000 1.000000 5.000000 3306.609559 0.005116 0.012422 0.000000 0.000000 0.000000
1.000000 20.000000 1.000000 5.000000 2878.861008 0.004450 0.010787 0.000000 0.000000 0.000000
1.000000 21.000000 1.000000 5.000000 2520.235049 0.003892 0.009423 0.000000 0.000000 0.000000
1.000000 22.000000 1.000000 5.000000 2268.176881 0.003500 0.008468 0.000000 0.000000 0.000000
1.000000 23.000000 1.000000 5.000000 2084.871427 0.003216 0.007775 0.000000 0.000000 0.000000
1.000000 24.000000 1.000000 5.000000 1948.216563 0.003004 0.007259 0.000000 0.000000 -0.000000
1.000000 1.000000 2.000000 5.000000 1835.692326 0.002830 0.006836 0.000000 0.000000 -0.000000
1.000000 2.000000 2.000000 5.000000 1741.651553 0.002684 0.006482 0.000000 0.000000 -0.000000
1.000000 3.000000 2.000000 5.000000 1676.183957 0.002583 0.006236 0.000000 0.000000 -0.000000
1.000000 4.000000 2.000000 5.000000 1634.341091 0.002518 0.006078 0.000000 0.000000 -0.000000
1.000000 5.000000 2.000000 5.000000 1596.521240 0.002460 0.005936 0.000000 0.000000 -0.000000
1.000000 6.000000 2.000000 5.000000 1541.815888 0.002375 0.005731 0.000000 0.000000 -0.000000
1.000000 7.000000 2.000000 5.000000 1489.105520 0.002294 0.005533 0.000000 0.000000 -0.000000
1.000000 8.000000 2.000000 5.000000 3048.111594 0.004713 0.011433 0.009185 0.000000 0.000000
1.000000 9.000000 2.000000 5.000000 2657.404489 0.004105 0.009944 0.009859 0.000000 0.000000
1.000000 10.000000 2.000000 5.000000 2851.164451 0.004407 0.010682 0.009506 0.000000 0.000000
1.000000 11.000000 2.000000 5.000000 3108.017360 0.004807 0.011662 0.009585 0.000000 0.000000
1.000000 12.000000 2.000000 5.000000 3219.705145 0.004981 0.012089 0.008727 0.000000 0.000000
1.000000 13.000000 2.000000 5.000000 10181.278285 0.016027 0.039906 0.016027 5667.423357 0.000000
1.000000 14.000000 2.000000 5.000000 25630.435170 0.041989 0.111293 0.041989 26010.941304 0.000000
1.000000 15.000000 2.000000 5.000000 48956.697671 0.085454 0.253932 0.085454 60609.071154 0.000000
1.000000 16.000000 2.000000 5.000000 74593.016137 0.140296 0.492107 0.140296 101766.968979 0.000000
1.000000 17.000000 2.000000 5.000000 73670.012369 0.138174 0.481306 0.138174 96672.474805 0.000000
1.000000 18.000000 2.000000 5.000000 2813.869509 0.004349 0.010540 0.010540 0.000000 -6000.523730
1.000000 19.000000 2.000000 5.000000 3201.789733 0.004953 0.012021 0.000000 0.000000 0.000000
1.000000 20.000000 2.000000 5.000000 2777.764696 0.004292 0.010402 0.000000 0.000000 0.000000
1.000000 21.000000 2.000000 5.000000 2425.953892 0.003745 0.009065 0.000000 0.000000 0.000000
1.000000 22.000000 2.000000 5.000000 2171.484713 0.003350 0.008102 0.000000 0.000000 0.000000
1.000000 23.000000 2.000000 5.000000 1983.588603 0.003059 0.007393 0.000000 0.000000 0.000000
1.000000 24.000000 2.000000 5.000000 1839.077634 0.002835 0.006848 0.000000 0.000000 -0.000000
1.000000 1.000000 3.000000 5.000000 1726.062237 0.002660 0.006423 0.000000 0.000000 -0.000000
1.000000 2.000000 3.000000 5.000000 1646.027000 0.002536 0.006122 0.000000 0.000000 -0.000000
1.000000 3.000000 3.000000 5.000000 1587.238885 0.002445 0.005902 0.000000 0.000000 -0.000000
1.000000 4.000000 3.000000 5.000000 1532.975305 0.002362 0.005698 0.000000 0.000000 -0.000000
1.000000 5.000000 3.000000 5.000000 1493.133708 0.002300 0.005549 0.000000 0.000000 -0.000000
1.000000 6.000000 3.000000 5.000000 1451.367455 0.002235 0.005392 0.000000 0.000000 -0.000000
1.000000 7.000000 3.000000 5.000000 1422.182082 0.002190 0.005283 0.000000 0.000000 -0.000000
1.000000 8.000000 3.000000 5.000000 1614.212249 0.002487 0.006003 0.000000 0.000000 -0.000000
1.000000 9.000000 3.000000 5.000000 2091.028834 0.003226 0.007798 0.000000 0.000000 -0.000000
1.000000 10.000000 3.000000 5.000000 2749.040474 0.004248 0.010293 0.000000 0.000000 -0.000000
1.000000 11.000000 3.000000 5.000000 3967.397794 0.006149 0.014964 0.000000 0.000000 -0.000000
1.000000 12.000000 3.000000 5.000000 9278.886768 0.014574 0.036163 0.000000 0.000000 0.000000
1.000000 13.000000 3.000000 5.000000 30735.296072 0.051039 0.138391 0.000000 0.000000 0.000000
1.000000 14.000000 3.000000 5.000000 78555.478288 0.149540 0.540985 0.000000 0.000000 0.000000
1.000000 15.000000 3.000000 5.000000 151762.304472 0.372316 5.516148 0.000000 0.000000 0.000000
1.000000 16.000000 3.000000 5.000000 232821.640769 0.839613 -2.264623 0.000000 0.000000 -0.000000
1.000000 17.000000 3.000000 5.000000 233942.919076 0.849177 -2.236317 0.000000 0.000000 -0.000000
1.000000 18.000000 3.000000 5.000000 6569.227287 0.010248 0.025175 0.000000 0.000000 -0.000000
1.000000 19.000000 3.000000 5.000000 3853.158994 0.005970 0.014523 0.000000 0.000000 -0.000000
1.000000 20.000000 3.000000 5.000000 3200.585338 0.004951 0.012016 0.000000 0.000000 0.000000
1.000000 21.000000 3.000000 5.000000 2772.994886 0.004285 0.010384 0.000000 0.000000 0.000000
1.000000 22.000000 3.000000 5.000000 2460.538084 0.003799 0.009197 0.000000 0.000000 0.000000
1.000000 23.000000 3.000000 5.000000 2216.291809 0.003420 0.008272 0.000000 0.000000 -0.000000
1.000000 24.000000 3.000000 5.000000 2038.059839 0.003144 0.007598 0.000000 0.000000 -0.000000
1.000000 1.000000 4.000000 5.000000 1905.809476 0.002939 0.007100 0.000000 0.000000 -0.000000
1.000000 2.000000 4.000000 5.000000 1806.572856 0.002785 0.006726 0.000000 0.000000 -0.000000
1.000000 3.000000 4.000000 5.000000 1732.095886 0.002670 0.006446 0.000000 0.000000 -0.000000
1.000000 4.000000 4.000000 5.000000 1665.774362 0.002567 0.006196 0.000000 0.000000 -0.000000
1.000000 5.000000 4.000000 5.000000 1608.078898 0.002478 0.005980 0.000000 0.000000 -0.000000
1.000000 6.000000 4.000000 5.000000 1553.337921 0.002393 0.005774 0.000000 0.000000 -0.000000
1.000000 7.000000 4.000000 5.000000 1507.729739 0.002323 0.005603 0.000000 0.000000 -0.000000
1.000000 8.000000 4.000000 5.000000 1664.512457 0.002565 0.006192 0.000000 0.000000 -0.000000
1.000000 9.000000 4.000000 5.000000 2116.436133 0.003265 0.007894 0.000000 0.000000 -0.000000
1.000000 10.000000 4.000000 5.000000 2757.162748 0.004260 0.010324 0.000000 0.000000 -0.000000
1.000000 11.000000 4.000000 5.000000 3918.092517 0.006072 0.014774 0.000000 0.000000 -0.000000
1.000000 12.000000 4.000000 5.000000 9175.684355 0.014408 0.035738 0.000000 0.000000 0.000000
1.000000 13.000000 4.000000 5.000000 30187.554805 0.050056 0.135388 0.000000 0.000000 0.000000
1.000000 14.000000 4.000000 5.000000 77517.732859 0.147098 0.527774 0.000000 0.000000 0.000000
1.000000 15.000000 4.000000 5.000000 150509.848720 0.367428 5.097542 0.000000 0.000000 0.000000
1.000000 16.000000 4.000000 5.000000 230869.867064 0.823258 -2.316338 0.000000 0.000000 -0.000000
1.000000 17.000000 4.000000 5.000000 233456.581031 0.845013 -2.248474 0.000000 0.000000 -0.000000
1.000000 18.000000 4.000000 5.000000 6563.170351 0.010238 0.025151 0.000000 0.000000 -0.000000
1.000000 19.000000 4.000000 5.000000 3843.444949 0.005955 0.014486 0.000000 0.000000 -0.000000
1.000000 20.000000 4.000000 5.000000 3188.132369 0.004932 0.011968 0.000000 0.000000 0.000000
1.000000 21.000000 4.000000 5.000000 2769.843559 0.004280 0.010372 0.000000 0.000000 0.000000
1.000000 22.000000 4.000000 5.000000 2450.404432 0.003783 0.009158 0.000000 0.000000 0.000000
1.000000 23.000000 4.000000 5.000000 2222.602203 0.003430 0.008295 0.000000 0.000000 0.000000
1.000000 24.000000 4.000000 5.000000 2066.578187 0.003188 0.007706 0.000000 0.000000 -0.000000
1.000000 1.000000 5.000000 5.000000 1950.561655 0.003008 0.007268 0.000000 0.000000 -0.000000
1.000000 2.000000 5.000000 5.000000 1856.227332 0.002862 0.006913 0.000000 0.000000 -0.000000
1.000000 3.000000 5.000000 5.000000 1766.391695 0.002723 0.006575 0.000000 0.000000 -0.000000
1.000000 4.000000 5.000000 5.000000 1688.366869 0.002602 0.006281 0.000000 0.000000 -0.000000
1.000000 5.000000 5.000000 5.000000 1629.350025 0.002511 0.006060 0.000000 0.000000 -0.000000
1.000000 6.000000 5.000000 5.000000 1554.878946 0.002395 0.005780 0.000000 0.000000 -0.000000
1.000000 7.000000 5.000000 5.000000 1488.625454 0.002293 0.005532 0.000000 0.000000 -0.000000
1.000000 8.000000 5.000000 5.000000 3064.776442 0.004739 0.011497 0.009344 0.000000 0.000000
1.000000 9.000000 5.000000 5.000000 2702.225848 0.004175 0.010115 0.009895 0.000000 0.000000
1.000000 10.000000 5.000000 5.000000 2740.262730 0.004234 0.010259 0.010145 0.000000 0.000000
1.000000 11.000000 5.000000 5.000000 3159.773438 0.004887 0.011860 0.010603 0.000000 0.000000
1.000000 12.000000 5.000000 5.000000 3268.025543 0.005056 0.012274 0.010191 0.000000 0.000000
1.000000 13.000000 5.000000 5.000000 10538.346522 0.016605 0.041398 0.016605 5631.255551 0.000000
1.000000 14.000000 5.000000 5.000000 26992.258995 0.044380 0.118331 0.044380 26937.094487 0.000000
1.000000 15.000000 5.000000 5.000000 52501.233149 0.092562 0.280611 0.092562 65073.246698 0.000000
1.000000 16.000000 5.000000 5.000000 80189.561997 0.153418 0.562414 0.153418 110834.976994 0.000000
1.000000 17.000000 5.000000 5.000000 79480.348951 0.151730 0.553017 0.151730 105798.010907 0.000000
1.000000 18.000000 5.000000 5.000000 2622.791191 0.004051 0.009813 0.009813 0.000000 -8322.445196
1.000000 19.000000 5.000000 5.000000 3542.615007 0.005485 0.013328 0.000000 0.000000 0.000000
1.000000 20.000000 5.000000 5.000000 3043.366752 0.004706 0.011415 0.000000 0.000000 0.000000
1.000000 21.000000 5.000000 5.000000 2644.402403 0.004085 0.009895 0.000000 0.000000 0.000000
1.000000 22.000000 5.000000 5.000000 2362.486823 0.003647 0.008825 0.000000 0.000000 0.000000
1.000000 23.000000 5.000000 5.000000 2133.632899 0.003292 0.007959 0.000000 0.000000 0.000000
1.000000 24.000000 5.000000 5.000000 1970.121094 0.003038 0.007342 0.000000 0.000000 -0.000000
1.000000 1.000000 6.000000 5.000000 1860.664315 0.002869 0.006930 0.000000 0.000000 -0.000000
1.000000 2.000000 6.000000 5.000000 1765.577531 0.002721 0.006572 0.000000 0.000000 -0.000000
1.000000 3.000000 6.000000 5.000000 1685.125439 0.002597 0.006269 0.000000 0.000000 -0.000000
1.000000 4.000000 6.000000 5.000000 1620.389589 0.002497 0.006026 0.000000 0.000000 -0.000000
1.000000 5.000000 6.000000 5.000000 1548.470404 0.002385 0.005756 0.000000 0.000000 -0.000000
1.000000 6.000000 6.000000 5.000000 1473.481973 0.002270 0.005475 0.000000 0.000000 -0.000000
1.000000 7.000000 6.000000 5.000000 1404.644239 0.002163 0.005217 0.000000 0.000000 -0.000000
1.000000 8.000000 6.000000 5.000000 3209.175163 0.004964 0.012049 0.006886 0.000000 0.000000
1.000000 9.000000 6.000000 5.000000 2810.188408 0.004343 0.010526 0.007329 0.000000 0.000000
1.000000 10.000000 6.000000 5.000000 2633.430848 0.004068 0.009853 0.007874 0.000000 0.000000
1.000000 11.000000 6.000000 5.000000 3239.656148 0.005012 0.012166 0.008723 0.000000 0.000000
1.000000 12.000000 6.000000 5.000000 3143.206970 0.004861 0.011797 0.008375 0.000000 0.000000
1.000000 13.000000 6.000000 5.000000 10180.535800 0.016026 0.039902 0.016026 6830.291642 0.000000
1.000000 14.000000 6.000000 5.000000 26212.170800 0.043008 0.114283 0.043008 27659.322200 0.000000
1.000000 15.000000 6.000000 5.000000 51377.088014 0.090292 0.271975 0.090292 64769.214886 0.000000
1.000000 16.000000 6.000000 5.000000 78505.320145 0.149422 0.540340 0.149422 109255.787572 0.000000
1.000000 17.000000 6.000000 5.000000 77650.266426 0.147409 0.529445 0.147409 104043.613735 0.000000
1.000000 18.000000 6.000000 5.000000 2682.502357 0.004144 0.010040 0.010040 0.000000 -6386.254959
1.000000 19.000000 6.000000 5.000000 3450.780285 0.005341 0.012975 0.000000 0.000000 0.000000
1.000000 20.000000 6.000000 5.000000 2925.962942 0.004523 0.010967 0.000000 0.000000 0.000000
1.000000 21.000000 6.000000 5.000000 2542.331667 0.003926 0.009507 0.000000 0.000000 0.000000
1.000000 22.000000 6.000000 5.000000 2263.097700 0.003493 0.008449 0.000000 0.000000 0.000000
1.000000 23.000000 6.000000 5.000000 2041.449072 0.003149 0.007611 0.000000 0.000000 0.000000
1.000000 24.000000 6.000000 5.000000 1901.807477 0.002932 0.007085 0.000000 0.000000 -0.000000
1.000000 1.000000 7.000000 5.000000 1786.649055 0.002754 0.006651 0.000000 0.000000 -0.000000
1.000000 2.000000 7.000000 5.000000 1697.717467 0.002616 0.006317 0.000000 0.000000 -0.000000
1.000000 3.000000 7.000000 5.000000 1626.430177 0.002506 0.006049 0.000000 0.000000 -0.000000
1.000000 4.000000 7.000000 5.000000 1570.080000 0.002419 0.005837 0.000000 0.000000 -0.000000
1.000000 5.000000 7.000000 5.000000 1512.625784 0.002330 0.005622 0.000000 0.000000 -0.000000
1.000000 6.000000 7.000000 5.000000 1448.880850 0.002232 0.005383 0.000000 0.000000 -0.000000
1.000000 7.000000 7.000000 5.000000 1400.659874 0.002157 0.005202 0.000000 0.000000 -0.000000
1.000000 8.000000 7.000000 5.000000 3172.326469 0.004907 0.011908 0.006862 0.000000 0.000000
1.000000 9.000000 7.000000 5.000000 2748.552031 0.004247 0.010291 0.007505 0.000000 0.000000
1.000000 10.000000 7.000000 5.000000 2710.288645 0.004187 0.010145 0.007707 0.000000 0.000000
1.000000 11.000000 7.000000 5.000000 3144.070845 0.004863 0.011800 0.008620 0.000000 0.000000
1.000000 12.000000 7.000000 5.000000 3306.610673 0.005116 0.012422 0.008749 0.000000 0.000000
1.000000 13.000000 7.000000 5.000000 10706.965268 0.016877 0.042105 0.016877 6799.064762 0.000000
1.000000 14.000000 7.000000 5.000000 27388.614467 0.045079 0.120405 0.045079 29196.040323 0.000000
1.000000 15.000000 7.000000 5.000000 53204.531292 0.093989 0.286099 0.093989 67408.746607 0.000000
1.000000 16.000000 7.000000 5.000000 80862.612286 0.155027 0.571471 0.155027 113420.683179 0.000000
1.000000 17.000000 7.000000 5.000000 80068.013263 0.153129 0.560793 0.153129 108069.242461 0.000000
1.000000 18.000000 7.000000 5.000000 2593.456569 0.004006 0.009701 0.009701 0.000000 -7289.030657
1.000000 19.000000 7.000000 5.000000 3596.324833 0.005569 0.013534 0.000000 0.000000 0.000000
1.000000 20.000000 7.000000 5.000000 3113.556106 0.004815 0.011683 0.000000 0.000000 0.000000
1.000000 21.000000 7.000000 5.000000 2738.689280 0.004232 0.010253 0.000000 0.000000 0.000000
1.000000 22.000000 7.000000 5.000000 2462.806633 0.003803 0.009205 0.000000 0.000000 0.000000
1.000000 23.000000 7.000000 5.000000 2233.237582 0.003446 0.008336 0.000000 0.000000 0.000000
1.000000 24.000000 7.000000 5.000000 2059.823386 0.003177 0.007680 0.000000 0.000000 0.000000
1.000000 1.000000 1.000000 6.000000 1951.548091 0.003009 0.007272 0.000000 0.000000 -0.000000
1.000000 2.000000 1.000000 6.000000 1862.457113 0.002871 0.006936 0.000000 0.000000 -0.000000
1.000000 3.000000 1.000000 6.000000 1768.352304 0.002726 0.006582 0.000000 0.000000 -0.000000
1.000000 4.000000 1.000000 6.000000 1684.431776 0.002596 0.006267 0.000000 0.000000 -0.000000
1.000000 5.000000 1.000000 6.000000 1600.021869 0.002465 0.005950 0.000000 0.000000 -0.000000
1.000000 6.000000 1.000000 6.000000 1522.711057 0.002346 0.005659 0.000000 0.000000 -0.000000
1.000000 7.000000 1.000000 6.000000 1451.412991 0.002235 0.005392 0.000000 0.000000 -0.000000
1.000000 8.000000 1.000000 6.000000 2990.298347 0.004623 0.011212 0.008462 0.000000 0.000000
1.000000 9.000000 1.000000 6.000000 2704.904556 0.004179 0.010125 0.009186 0.000000 0.000000
1.000000 10.000000 1.000000 6.000000 2554.218796 0.003945 0.009552 0.009552 0.000000 -271.483288
1.000000 11.000000 1.000000 6.000000 3172.098062 0.004907 0.011907 0.010926 0.000000 0.000000
1.000000 12.000000 1.000000 6.000000 3604.756298 0.005582 0.013567 0.011513 0.000000 0.000000
1.000000 13.000000 1.000000 6.000000 11711.543942 0.018508 0.046350 0.018508 6384.929649 0.000000
1.000000 14.000000 1.000000 6.000000 27020.987354 0.044430 0.118481 0.044430 27514.966894 0.000000
1.000000 15.000000 1.000000 6.000000 52545.496792 0.092652 0.280955 0.092652 65267.757082 0.000000
1.000000 16.000000 1.000000 6.000000 77370.831563 0.146753 0.525929 0.146753 105614.951758 0.000000
1.000000 17.000000 1.000000 6.000000 74338.520225 0.139710 0.489108 0.139710 96576.092994 0.000000
1.000000 18.000000 1.000000 6.000000 2547.790012 0.003935 0.009528 0.009528 0.000000 -7697.872218
1.000000 19.000000 1.000000 6.000000 3537.819261 0.005477 0.013309 0.000000 0.000000 0.000000
1.000000 20.000000 1.000000 6.000000 3066.462113 0.004742 0.011503 0.000000 0.000000 0.000000
1.000000 21.000000 1.000000 6.000000 2679.846770 0.004140 0.010030 0.000000 0.000000 0.000000
1.000000 22.000000 1.000000 6.000000 2393.022812 0.003694 0.008941 0.000000 0.000000 0.000000
1.000000 23.000000 1.000000 6.000000 2171.551180 0.003351 0.008102 0.000000 0.000000 0.000000
1.000000 24.000000 1.000000 6.000000 1996.293619 0.003079 0.007441 0.000000 0.000000 0.000000
1.000000 1.000000 2.000000 6.000000 1855.885368 0.002861 0.006912 0.000000 0.000000 -0.000000
1.000000 2.000000 2.000000 6.000000 1738.927411 0.002680 0.006471 0.000000 0.000000 -0.000000
1.000000 3.000000 2.000000 6.000000 1628.402529 0.002509 0.006056 0.000000 0.000000 -0.000000
1.000000 4.000000 2.000000 6.000000 1536.662676 0.002367 0.005712 0.000000 0.000000 -0.000000
1.000000 5.000000 2.000000 6.000000 1480.359406 0.002280 0.005501 0.000000 0.000000 -0.000000
1.000000 6.000000 2.000000 6.000000 1421.375285 0.002189 0.005280 0.000000 0.000000 -0.000000
1.000000 7.000000 2.000000 6.000000 1353.572807 0.002084 0.005026 0.000000 0.000000 -0.000000
1.000000 8.000000 2.000000 6.000000 3138.623530 0.004854 0.011779 0.007752 0.000000 0.000000
1.000000 9.000000 2.000000 6.000000 2770.870201 0.004282 0.010376 0.008770 0.000000 0.000000
1.000000 10.000000 2.000000 6.000000 2569.100149 0.003968 0.009609 0.008850 0.000000 0.000000
1.000000 11.000000 2.000000 6.000000 3092.974684 0.004783 0.011605 0.009787 0.000000 0.000000
1.000000 12.000000 2.000000 6.000000 3875.286306 0.006005 0.014609 0.012143 0.000000 0.000000
1.000000 13.000000 2.000000 6.000000 12732.524708 0.020174 0.050721 0.020174 6730.948600 0.000000
1.000000 14.000000 2.000000 6.000000 29311.641433 0.048490 0.130635 0.048490 29992.060905 0.000000
1.000000 15.000000 2.000000 6.000000 57238.733686 0.102288 0.318915 0.102288 71886.042743 0.000000
1.000000 16.000000 2.000000 6.000000 82879.057564 0.159887 0.599456 0.159887 115078.740115 0.000000
1.000000 17.000000 2.000000 6.000000 79334.138527 0.151383 0.551098 0.151383 104838.406899 0.000000
1.000000 18.000000 2.000000 6.000000 2413.595167 0.003726 0.009019 0.009019 0.000000 -9123.367372
1.000000 19.000000 2.000000 6.000000 3888.150898 0.006025 0.014658 0.000000 0.000000 0.000000
1.000000 20.000000 2.000000 6.000000 3370.766845 0.005216 0.012668 0.000000 0.000000 0.000000
1.000000 21.000000 2.000000 6.000000 2914.432049 0.004505 0.010923 0.000000 0.000000 0.000000
1.000000 22.000000 2.000000 6.000000 2590.363711 0.004001 0.009689 0.000000 0.000000 0.000000
1.000000 23.000000 2.000000 6.000000 2345.757663 0.003621 0.008762 0.000000 0.000000 0.000000
1.000000 24.000000 2.000000 6.000000 2156.294764 0.003327 0.008045 0.000000 0.000000 0.000000
1.000000 1.000000 3.000000 6.000000 2000.010155 0.003085 0.007455 0.000000 0.000000 -0.000000
1.000000 2.000000 3.000000 6.000000 1879.261351 0.002897 0.007000 0.000000 0.000000 -0.000000
1.000000 3.000000 3.000000 6.000000 1776.408578 0.002738 0.006612 0.000000 0.000000 -0.000000
1.000000 4.000000 3.000000 6.000000 1685.199669 0.002597 0.006269 0.000000 0.000000 -0.000000
1.000000 5.000000 3.000000 6.000000 1605.929525 0.002474 0.005972 0.000000 0.000000 -0.000000
1.000000 6.000000 3.000000 6.000000 1541.330137 0.002374 0.005729 0.000000 0.000000 -0.000000
1.000000 7.000000 3.000000 6.000000 1467.593859 0.002260 0.005453 0.000000 0.000000 -0.000000
1.000000 8.000000 3.000000 6.000000 1639.170090 0.002526 0.006097 0.000000 0.000000 -0.000000
1.000000 9.000000 3.000000 6.000000 1977.289879 0.003049 0.007369 0.000000 0.000000 -0.000000
1.000000 10.000000 3.000000 6.000000 2567.258809 0.003965 0.009602 0.000000 0.000000 -0.000000
1.000000 11.000000 3.000000 6.000000 3758.824387 0.005823 0.014160 0.000000 0.000000 -0.000000
1.000000 12.000000 3.000000 6.000000 10555.670016 0.016633 0.041471 0.000000 0.000000 0.000000
1.000000 13.000000 3.000000 6.000000 35526.399373 0.059759 0.165712 0.000000 0.000000 0.000000
1.000000 14.000000 3.000000 6.000000 81440.492856 0.156413 0.579359 0.000000 0.000000 0.000000
1.000000 15.000000 3.000000 6.000000 158257.522447 0.398459 9.271145 0.000000 0.000000 0.000000
1.000000 16.000000 3.000000 6.000000 230726.349158 0.822070 -2.320269 0.000000 0.000000 -0.000000
1.000000 17.000000 3.000000 6.000000 224570.004793 0.772880 -2.507991 0.000000 0.000000 -0.000000
1.000000 18.000000 3.000000 6.000000 6704.184551 0.010462 0.025714 0.000000 0.000000 -0.000000
1.000000 19.000000 3.000000 6.000000 4081.474613 0.006327 0.015405 0.000000 0.000000 -0.000000
1.000000 20.000000 3.000000 6.000000 3372.111878 0.005218 0.012673 0.000000 0.000000 0.000000
1.000000 21.000000 3.000000 6.000000 2869.955700 0.004436 0.010753 0.000000 0.000000 0.000000
1.000000 22.000000 3.000000 6.000000 2538.811207 0.003921 0.009494 0.000000 0.000000 0.000000
1.000000 23.000000 3.000000 6.000000 2295.304580 0.003543 0.008571 0.000000 0.000000 0.000000
1.000000 24.000000 3.000000 6.000000 2094.047584 0.003230 0.007810 0.000000 0.000000 -0.000000
1.000000 1.000000 4.000000 6.000000 1917.814524 0.002957 0.007145 0.000000 0.000000 -0.000000
1.000000 2.000000 4.000000 6.000000 1779.870957 0.002744 0.006625 0.000000 0.000000 -0.000000
1.000000 3.000000 4.000000 6.000000 1657.407234 0.002554 0.006165 0.000000 0.000000 -0.000000
1.000000 4.000000 4.000000 6.000000 1552.119329 0.002391 0.005770 0.000000 0.000000 -0.000000
1.000000 5.000000 4.000000 6.000000 1474.745195 0.002272 0.005480 0.000000 0.000000 -0.000000
1.000000 6.000000 4.000000 6.000000 1410.252963 0.002172 0.005238 0.000000 0.000000 -0.000000
1.000000 7.000000 4.000000 6.000000 1364.298186 0.002101 0.005066 0.000000 0.000000 -0.000000
1.000000 8.000000 4.000000 6.000000 1520.577712 0.002342 0.005651 0.000000 0.000000 -0.000000
1.000000 9.000000 4.000000 6.000000 1822.991782 0.002810 0.006788 0.000000 0.000000 -0.000000
1.000000 10.000000 4.000000 6.000000 2374.804092 0.003666 0.008872 0.000000 0.000000 -0.000000
1.000000 11.000000 4.000000 6.000000 3553.376986 0.005501 0.013369 0.000000 0.000000 -0.000000
1.000000 12.000000 4.000000 6.000000 10380.386911 0.016349 0.040737 0.000000 0.000000 0.000000
1.000000 13.000000 4.000000 6.000000 35102.887185 0.058979 0.163218 0.000000 0.000000 0.000000
1.000000 14.000000 4.000000 6.000000 81770.398465 0.157207 0.583909 0.000000 0.000000 0.000000
1.000000 15.000000 4.000000 6.000000 159955.014362 0.405519 11.153832 0.000000 0.000000 0.000000
1.000000 16.000000 4.000000 6.000000 239014.521377 0.894047 -2.119590 0.000000 0.000000 -0.000000
1.000000 17.000000 4.000000 6.000000 231335.695960 0.827128 -2.303702 0.000000 0.000000 -0.000000
1.000000 18.000000 4.000000 6.000000 6882.111102 0.010744 0.026425 0.000000 0.000000 -0.000000
1.000000 19.000000 4.000000 6.000000 4001.840163 0.006203 0.015097 0.000000 0.000000 -0.000000
1.000000 20.000000 4.000000 6.000000 3368.605673 0.005213 0.012660 0.000000 0.000000 0.000000
1.000000 21.000000 4.000000 6.000000 2897.685503 0.004479 0.010859 0.000000 0.000000 0.000000
1.000000 22.000000 4.000000 6.000000 2510.876666 0.003877 0.009388 0.000000 0.000000 0.000000
1.000000 23.000000 4.000000 6.000000 2234.403545 0.003448 0.008340 0.000000 0.000000 -0.000000
1.000000 24.000000 4.000000 6.000000 2034.549250 0.003138 0.007585 0.000000 0.000000 -0.000000
1.000000 1.000000 5.000000 6.000000 1859.779178 0.002867 0.006926 0.000000 0.000000 -0.000000
1.000000 2.000000 5.000000 6.000000 1717.467911 0.002647 0.006391 0.000000 0.000000 -0.000000
1.000000 3.000000 5.000000 6.000000 1594.805858 0.002457 0.005930 0.000000 0.000000 -0.000000
1.000000 4.000000 5.000000 6.000000 1493.268532 0.002300 0.005549 0.000000 0.000000 -0.000000
1.000000 5.000000 5.000000 6.000000 1415.113137 0.002179 0.005256 0.000000 0.000000 0.000000
1.000000 6.000000 5.000000 6.000000 1339.085248 0.002062 0.004972 0.000000 0.000000 -0.000000
1.000000 7.000000 5.000000 6.000000 1333.816595 0.002054 0.004952 0.000000 0.000000 0.000000
1.000000 8.000000 5.000000 6.000000 3069.146345 0.004746 0.011514 0.006717 0.000000 0.000000
1.000000 9.000000 5.000000 6.000000 2704.227688 0.004178 0.010122 0.007292 0.000000 0.000000
1.000000 10.000000 5.000000 6.000000 2726.937674 0.004213 0.010209 0.009047 0.000000 0.000000
1.000000 11.000000 5.000000 6.000000 2922.907132 0.004518 0.010955 0.010449 0.000000 0.000000
1.000000 12.000000 5.000000 6.000000 4226.072562 0.006554 0.015965 0.013356 0.000000 0.000000
1.000000 13.000000 5.000000 6.000000 13916.549538 0.022117 0.055861 0.022117 8679.714707 0.000000
1.000000 14.000000 5.000000 6.000000 31890.011240 0.053120 0.144801 0.053120 34271.772229 0.000000
1.000000 15.000000 5.000000 6.000000 61839.156067 0.111989 0.359356 0.111989 80244.761726 0.000000
1.000000 16.000000 5.000000 6.000000 88809.437427 0.174537 0.689928 0.174537 126612.451419 0.000000
1.000000 17.000000 5.000000 6.000000 83995.245849 0.162603 0.615518 0.162603 112959.655621 0.000000
1.000000 18.000000 5.000000 6.000000 2352.741227 0.003632 0.008788 0.008788 0.000000 -9756.842941
1.000000 19.000000 5.000000 6.000000 3934.840582 0.006098 0.014839 0.000000 0.000000 0.000000
1.000000 20.000000 5.000000 6.000000 3453.506206 0.005346 0.012986 0.000000 0.000000 0.000000
1.000000 21.000000 5.000000 6.000000 2973.623321 0.004597 0.011149 0.000000 0.000000 0.000000
1.000000 22.000000 5.000000 6.000000 2616.031988 0.004041 0.009787 0.000000 0.000000 0.000000
1.000000 23.000000 5.000000 6.000000 2342.632579 0.003616 0.008750 0.000000 0.000000 0.000000
1.000000 24.000000 5.000000 6.000000 2128.250042 0.003283 0.007939 0.000000 0.000000 0.000000
1.000000 1.000000 6.000000 6.000000 1952.737364 0.003011 0.007276 0.000000 0.000000 -0.000000
1.000000 2.000000 6.000000 6.000000 1818.836636 0.002804 0.006772 0.000000 0.000000 -0.000000
1.000000 3.000000 6.000000 6.000000 1704.049905 0.002626 0.006340 0.000000 0.000000 -0.000000
1.000000 4.000000 6.000000 6.000000 1608.250935 0.002478 0.005980 0.000000 0.000000 -0.000000
1.000000 5.000000 6.000000 6.000000 1524.421120 0.002348 0.005666 0.000000 0.000000 -0.000000
1.000000 6.000000 6.000000 6.000000 1449.207851 0.002232 0.005384 0.000000 0.000000 -0.000000
1.000000 7.000000 6.000000 6.000000 1377.264097 0.002121 0.005114 0.000000 0.000000 -0.000000
1.000000 8.000000 6.000000 6.000000 3103.525018 0.004800 0.011645 0.005411 0.000000 0.000000
1.000000 9.000000 6.000000 6.000000 2816.635602 0.004353 0.010550 0.005805 0.000000 0.000000
1.000000 10.000000 6.000000 6.000000 2439.840268 0.003767 0.009118 0.006795 0.000000 0.000000
1.000000 11.000000 6.000000 6.000000 3219.062605 0.004980 0.012087 0.007438 0.000000 0.000000
1.000000 12.000000 6.000000 6.000000 3552.001943 0.005499 0.013364 0.007934 0.000000 0.000000
1.000000 13.000000 6.000000 6.000000 11663.642047 0.018430 0.046147 0.018430 8141.500237 0.000000
1.000000 14.000000 6.000000 6.000000 26733.841186 0.043925 0.116985 0.043925 28406.975886 0.000000
1.000000 15.000000 6.000000 6.000000 51780.003926 0.091104 0.275052 0.091104 65630.938605 0.000000
1.000000 16.000000 6.000000 6.000000 75438.324860 0.142249 0.502187 0.142249 103716.571245 0.000000
1.000000 17.000000 6.000000 6.000000 71940.578114 0.134231 0.461622 0.134231 94152.691665 0.000000
1.000000 18.000000 6.000000 6.000000 2655.595525 0.004102 0.009937 0.009937 0.000000 -5379.155912
1.000000 19.000000 6.000000 6.000000 3373.650340 0.005221 0.012679 0.000000 0.000000 0.000000
1.000000 20.000000 6.000000 6.000000 2938.466167 0.004542 0.011015 0.000000 0.000000 0.000000
1.000000 21.000000 6.000000 6.000000 2563.863552 0.003960 0.009589 0.000000 0.000000 0.000000
1.000000 22.000000 6.000000 6.000000 2271.127756 0.003505 0.008479 0.000000 0.000000 0.000000
1.000000 23.000000 6.000000 6.000000 2065.967376 0.003187 0.007704 0.000000 0.000000 0.000000
1.000000 24.000000 6.000000 6.000000 1912.930625 0.002950 0.007126 0.000000 0.000000 -0.000000
1.000000 1.000000 7.000000 6.000000 1780.713152 0.002745 0.006629 0.000000 0.000000 -0.000000
1.000000 2.000000 7.000000 6.000000 1669.699838 0.002573 0.006211 0.000000 0.000000 -0.000000
1.000000 3.000000 7.000000 6.000000 1573.755634 0.002425 0.005851 0.000000 0.000000 -0.000000
1.000000 4.000000 7.000000 6.000000 1507.515716 0.002322 0.005602 0.000000 0.000000 -0.000000
1.000000 5.000000 7.000000 6.000000 1456.019832 0.002243 0.005409 0.000000 0.000000 -0.000000
1.000000 6.000000 7.000000 6.000000 1394.765517 0.002148 0.005180 0.000000 0.000000 -0.000000
1.000000 7.000000 7.000000 6.000000 1358.857195 0.002092 0.005046 0.000000 0.000000 -0.000000
1.000000 8.000000 7.000000 6.000000 3057.529847 0.004728 0.011469 0.007089 0.000000 0.000000
1.000000 9.000000 7.000000 6.000000 2744.909378 0.004241 0.010277 0.007574 0.000000 0.000000
1.000000 10.000000 7.000000 6.000000 2475.420137 0.003822 0.009253 0.007656 0.000000 0.000000
1.000000 11.000000 7.000000 6.000000 3131.847749 0.004844 0.011753 0.008249 0.000000 0.000000
1.000000 12.000000 7.000000 6.000000 3746.997465 0.005804 0.014114 0.007556 0.000000 0.000000
1.000000 13.000000 7.000000 6.000000 12334.623088 0.019524 0.049011 0.019524 8615.083516 0.000000
1.000000 14.000000 7.000000 6.000000 27971.271847 0.046109 0.123475 0.046109 29366.201838 0.000000
1.000000 15.000000 7.000000 6.000000 53402.386490 0.094392 0.287655 0.094392 67584.215279 0.000000
1.000000 16.000000 7.000000 6.000000 75979.603804 0.143506 0.508737 0.143506 104399.136881 0.000000
1.000000 17.000000 7.000000 6.000000 72720.541541 0.136004 0.470412 0.136004 95408.342942 0.000000
1.000000 18.000000 7.000000 6.000000 2629.783106 0.004062 0.009839 0.009839 0.000000 -5550.727071
1.000000 19.000000 7.000000 6.000000 3447.029378 0.005335 0.012961 0.000000 0.000000 0.000000
1.000000 20.000000 7.000000 6.000000 3008.934442 0.004652 0.011284 0.000000 0.000000 0.000000
1.000000 21.000000 7.000000 6.000000 2631.474672 0.004065 0.009846 0.000000 0.000000 0.000000
1.000000 22.000000 7.000000 6.000000 2338.017110 0.003609 0.008732 0.000000 0.000000 0.000000
1.000000 23.000000 7.000000 6.000000 2121.174864 0.003272 0.007912 0.000000 0.000000 0.000000
1.000000 24.000000 7.000000 6.000000 1951.937588 0.003010 0.007273 0.000000 0.000000 -0.000000
1.000000 1.000000 1.000000 6.000000 1813.774927 0.002796 0.006753 0.000000 0.000000 -0.000000
1.000000 2.000000 1.000000 6.000000 1708.607250 0.002633 0.006357 0.000000 0.000000 -0.000000
1.000000 3.000000 1.000000 6.000000 1633.096633 0.002516 0.006074 0.000000 0.000000 -0.000000
1.000000 4.000000 1.000000 6.000000 1566.751886 0.002414 0.005825 0.000000 0.000000 -0.000000
1.000000 5.000000 1.000000 6.000000 1497.407855 0.002307 0.005565 0.000000 0.000000 -0.000000
1.000000 6.000000 1.000000 6.000000 1421.546891 0.002189 0.005280 0.000000 0.000000 -0.000000
1.000000 7.000000 1.000000 6.000000 1374.266552 0.002116 0.005103 0.000000 0.000000 -0.000000
1.000000 8.000000 1.000000 6.000000 3094.365096 0.004785 0.011610 0.007862 0.000000 0.000000
1.000000 9.000000 1.000000 6.000000 2788.906772 0.004310 0.010445 0.008473 0.000000 0.000000
1.000000 10.000000 1.000000 6.000000 2430.570662 0.003753 0.009083 0.009083 0.000000 -347.317867
1.000000 11.000000 1.000000 6.000000 3208.287453 0.004963 0.012046 0.010744 0.000000 0.000000
1.000000 12.000000 1.000000 6.000000 3518.653376 0.005447 0.013236 0.009537 0.000000 0.000000
1.000000 13.000000 1.000000 6.000000 11526.913269 0.018208 0.045566 0.018208 6525.966368 0.000000
1.000000 14.000000 1.000000 6.000000 25997.480600 0.042632 0.113177 0.042632 26152.224445 0.000000
1.000000 15.000000 1.000000 6.000000 49632.160747 0.086798 0.258894 0.086798 60488.753930 0.000000
1.000000 16.000000 1.000000 6.000000 71380.021217 0.132961 0.455391 0.132961 95288.760049 0.000000
1.000000 17.000000 1.000000 6.000000 68851.221584 0.127287 0.428153 0.127287 88008.514867 0.000000
1.000000 18.000000 1.000000 6.000000 2732.258744 0.004222 0.010229 0.010229 0.000000 -6002.251727
1.000000 19.000000 1.000000 6.000000 3392.863482 0.005251 0.012753 0.000000 0.000000 0.000000
1.000000 20.000000 1.000000 6.000000 2970.186114 0.004592 0.011136 0.000000 0.000000 0.000000
1.000000 21.000000 1.000000 6.000000 2604.120418 0.004022 0.009742 0.000000 0.000000 0.000000
1.000000 22.000000 1.000000 6.000000 2308.296274 0.003563 0.008620 0.000000 0.000000 0.000000
1.000000 23.000000 1.000000 6.000000 2101.172904 0.003241 0.007837 0.000000 0.000000 0.000000
1.000000 24.000000 1.000000 6.000000 1955.050583 0.003015 0.007285 0.000000 0.000000 -0.000000
1.000000 1.000000 2.000000 6.000000 1868.490544 0.002881 0.006959 0.000000 0.000000 -0.000000
1.000000 2.000000 2.000000 6.000000 1794.936735 0.002767 0.006682 0.000000 0.000000 -0.000000
1.000000 3.000000 2.000000 6.000000 1727.038063 0.002662 0.006427 0.000000 0.000000 -0.000000
1.000000 4.000000 2.000000 6.000000 1663.656415 0.002564 0.006189 0.000000 0.000000 -0.000000
1.000000 5.000000 2.000000 6.000000 1588.048838 0.002447 0.005905 0.000000 0.000000 -0.000000
1.000000 6.000000 2.000000 6.000000 1499.486898 0.002310 0.005572 0.000000 0.000000 -0.000000
1.000000 7.000000 2.000000 6.000000 1444.362177 0.002225 0.005366 0.000000 0.000000 -0.000000
1.000000 8.000000 2.000000 6.000000 2958.154558 0.004573 0.011090 0.009420 0.000000 0.000000
1.000000 9.000000 2.000000 6.000000 2682.068137 0.004143 0.010038 0.010038 0.000000 -14.634842
1.000000 10.000000 2.000000 6.000000 2539.780859 0.003922 0.009497 0.009497 0.000000 -763.851086
1.000000 11.000000 2.000000 6.000000 3118.061477 0.004822 0.011700 0.011080 0.000000 0.000000
1.000000 12.000000 2.000000 6.000000 3701.875731 0.005734 0.013940 0.010541 0.000000 0.000000
1.000000 13.000000 2.000000 6.000000 12089.475440 0.019124 0.047961 0.019124 6849.332559 0.000000
1.000000 14.000000 2.000000 6.000000 27356.018488 0.045021 0.120234 0.045021 27143.980338 0.000000
1.000000 15.000000 2.000000 6.000000 52554.313712 0.092670 0.281023 0.092670 64647.547410 0.000000
1.000000 16.000000 2.000000 6.000000 76240.533791 0.144113 0.511922 0.144113 103485.745025 0.000000
1.000000 17.000000 2.000000 6.000000 72756.082223 0.136085 0.470816 0.136085 94110.743412 0.000000
1.000000 18.000000 2.000000 6.000000 2660.857451 0.004111 0.009957 0.009957 0.000000 -6587.754448
1.000000 19.000000 2.000000 6.000000 3387.503563 0.005243 0.012732 0.000000 0.000000 0.000000
1.000000 20.000000 2.000000 6.000000 2971.851222 0.004594 0.011142 0.000000 0.000000 0.000000
1.000000 21.000000 2.000000 6.000000 2608.346579 0.004029 0.009758 0.000000 0.000000 0.000000
1.000000 22.000000 2.000000 6.000000 2321.268532 0.003583 0.008669 0.000000 0.000000 0.000000
1.000000 23.000000 2.000000 6.000000 2129.585018 0.003285 0.007944 0.000000 0.000000 0.000000
1.000000 24.000000 2.000000 6.000000 1970.672686 0.003039 0.007344 0.000000 0.000000 0.000000
1.000000 1.000000 3.000000 6.000000 1834.529205 0.002828 0.006831 0.000000 0.000000 -0.000000
1.000000 2.000000 3.000000 6.000000 1719.401911 0.002650 0.006398 0.000000 0.000000 -0.000000
1.000000 3.000000 3.000000 6.000000 1644.553011 0.002534 0.006117 0.000000 0.000000 -0.000000
1.000000 4.000000 3.000000 6.000000 1580.519881 0.002435 0.005876 0.000000 0.000000 -0.000000
1.000000 5.000000 3.000000 6.000000 1532.372018 0.002361 0.005696 0.000000 0.000000 -0.000000
1.000000 6.000000 3.000000 6.000000 1459.897318 0.002249 0.005424 0.000000 0.000000 -0.000000
1.000000 7.000000 3.000000 6.000000 1372.591126 0.002114 0.005097 0.000000 0.000000 -0.000000
1.000000 8.000000 3.000000 6.000000 1552.408927 0.002392 0.005771 0.000000 0.000000 -0.000000
1.000000 9.000000 3.000000 6.000000 1822.666739 0.002810 0.006786 0.000000 0.000000 -0.000000
1.000000 10.000000 3.000000 6.000000 2306.867760 0.003561 0.008614 0.000000 0.000000 -0.000000
1.000000 11.000000 3.000000 6.000000 3407.722056 0.005274 0.012810 0.000000 0.000000 -0.000000
1.000000 12.000000 3.000000 6.000000 9592.769946 0.015079 0.037460 0.000000 0.000000 0.000000
1.000000 13.000000 3.000000 6.000000 32668.269365 0.054530 0.149183 0.000000 0.000000 0.000000
1.000000 14.000000 3.000000 6.000000 76001.932589 0.143557 0.509009 0.000000 0.000000 0.000000
1.000000 15.000000 3.000000 6.000000 149127.445389 0.362089 4.697152 0.000000 0.000000 0.000000
1.000000 16.000000 3.000000 6.000000 220463.921032 0.741893 -2.658101 0.000000 0.000000 -0.000000
1.000000 17.000000 3.000000 6.000000 215027.398926 0.702923 -2.897943 0.000000 0.000000 -0.000000
1.000000 18.000000 3.000000 6.000000 6119.309024 0.009535 0.023386 0.000000 0.000000 -0.000000
1.000000 19.000000 3.000000 6.000000 3646.039211 0.005646 0.013725 0.000000 0.000000 -0.000000
1.000000 20.000000 3.000000 6.000000 3029.166837 0.004684 0.011361 0.000000 0.000000 0.000000
1.000000 21.000000 3.000000 6.000000 2610.785786 0.004033 0.009767 0.000000 0.000000 0.000000
1.000000 22.000000 3.000000 6.000000 2294.372044 0.003541 0.008567 0.000000 0.000000 -0.000000
1.000000 23.000000 3.000000 6.000000 2075.011844 0.003201 0.007738 0.000000 0.000000 -0.000000
1.000000 24.000000 3.000000 6.000000 1907.437059 0.002941 0.007106 0.000000 0.000000 -0.000000
1.000000 1.000000 4.000000 6.000000 1778.416960 0.002741 0.006620 0.000000 0.000000 -0.000000
1.000000 2.000000 4.000000 6.000000 1677.381467 0.002585 0.006240 0.000000 0.000000 -0.000000
1.000000 3.000000 4.000000 6.000000 1599.054849 0.002464 0.005946 0.000000 0.000000 -0.000000
1.000000 4.000000 4.000000 6.000000 1522.223654 0.002345 0.005658 0.000000 0.000000 -0.000000
1.000000 5.000000 4.000000 6.000000 1470.235009 0.002265 0.005463 0.000000 0.000000 -0.000000
1.000000 6.000000 4.000000 6.000000 1427.699493 0.002199 0.005303 0.000000 0.000000 -0.000000
1.000000 7.000000 4.000000 6.000000 1377.397264 0.002121 0.005115 0.000000 0.000000 -0.000000
1.000000 8.000000 4.000000 6.000000 1600.957008 0.002467 0.005953 0.000000 0.000000 -0.000000
1.000000 9.000000 4.000000 6.000000 1939.904867 0.002991 0.007228 0.000000 0.000000 -0.000000
1.000000 10.000000 4.000000 6.000000 2533.734067 0.003913 0.009474 0.000000 0.000000 -0.000000
1.000000 11.000000 4.000000 6.000000 3747.101130 0.005804 0.014114 0.000000 0.000000 -0.000000
1.000000 12.000000 4.000000 6.000000 10392.007954 0.016368 0.040786 0.000000 0.000000 0.000000
1.000000 13.000000 4.000000 6.000000 34717.693241 0.058272 0.160963 0.000000 0.000000 0.000000
1.000000 14.000000 4.000000 6.000000 78647.261317 0.149757 0.542168 0.000000 0.000000 0.000000
1.000000 15.000000 4.000000 6.000000 151420.906200 0.370979 5.396087 0.000000 0.000000 0.000000
1.000000 16.000000 4.000000 6.000000 217089.855212 0.717442 -2.800587 0.000000 0.000000 -0.000000
1.000000 17.000000 4.000000 6.000000 208764.214168 0.660701 -3.255300 0.000000 0.000000 -0.000000
1.000000 18.000000 4.000000 6.000000 5874.361163 0.009148 0.022416 0.000000 0.000000 -0.000000
1.000000 19.000000 4.000000 6.000000 3608.300430 0.005587 0.013580 0.000000 0.000000 -0.000000
1.000000 20.000000 4.000000 6.000000 3021.461871 0.004672 0.011331 0.000000 0.000000 0.000000
1.000000 21.000000 4.000000 6.000000 2629.351213 0.004062 0.009838 0.000000 0.000000 0.000000
1.000000 22.000000 4.000000 6.000000 2402.226321 0.003709 0.008976 0.000000 0.000000 0.000000
1.000000 23.000000 4.000000 6.000000 2317.160250 0.003577 0.008653 0.000000 0.000000 -0.000000
1.000000 24.000000 4.000000 6.000000 2246.994101 0.003468 0.008388 0.000000 0.000000 0.000000
1.000000 1.000000 5.000000 6.000000 1877.264142 0.002894 0.006992 0.000000 0.000000 0.000000
1.000000 2.000000 5.000000 6.000000 1741.219212 0.002684 0.006480 0.000000 0.000000 0.000000
1.000000 3.000000 5.000000 6.000000 1637.743170 0.002524 0.006091 0.000000 0.000000 0.000000
1.000000 4.000000 5.000000 6.000000 1546.877779 0.002383 0.005750 0.000000 0.000000 0.000000
1.000000 5.000000 5.000000 6.000000 1429.212880 0.002201 0.005309 0.000000 0.000000 0.000000
1.000000 6.000000 5.000000 6.000000 1343.274657 0.002068 0.004987 0.000000 0.000000 0.000000
1.000000 7.000000 5.000000 6.000000 1243.134005 0.001914 0.004613 0.000000 0.000000 -0.000000
1.000000 8.000000 5.000000 6.000000 3368.669665 0.005213 0.012660 0.006706 0.000000 0.000000
1.000000 9.000000 5.000000 6.000000 3082.760445 0.004767 0.011566 0.007388 0.000000 0.000000
1.000000 10.000000 5.000000 6.000000 2629.244182 0.004061 0.009837 0.008952 0.000000 0.000000
1.000000 11.000000 5.000000 6.000000 3077.402520 0.004759 0.011545 0.010249 0.000000 0.000000
1.000000 12.000000 5.000000 6.000000 3160.738825 0.004889 0.011864 0.009523 0.000000 0.000000
1.000000 13.000000 5.000000 6.000000 10289.526878 0.016202 0.040357 0.016202 7122.557648 0.000000
1.000000 14.000000 5.000000 6.000000 24221.170970 0.039534 0.104149 0.039534 24686.555331 0.000000
1.000000 15.000000 5.000000 6.000000 48647.750629 0.084841 0.251681 0.084841 59291.614502 0.000000
1.000000 16.000000 5.000000 6.000000 71540.658783 0.133324 0.457169 0.133324 96237.632402 0.000000
1.000000 17.000000 5.000000 6.000000 68886.496638 0.127365 0.428523 0.127365 88308.867587 0.000000
1.000000 18.000000 5.000000 6.000000 2689.063859 0.004154 0.010065 0.010065 0.000000 -5860.075070
1.000000 19.000000 5.000000 6.000000 3450.783835 0.005341 0.012975 0.000000 0.000000 0.000000
1.000000 20.000000 5.000000 6.000000 3000.728323 0.004639 0.011252 0.000000 0.000000 0.000000
1.000000 21.000000 5.000000 6.000000 2670.178374 0.004125 0.009993 0.000000 0.000000 0.000000
1.000000 22.000000 5.000000 6.000000 2407.351878 0.003717 0.008995 0.000000 0.000000 0.000000
1.000000 23.000000 5.000000 6.000000 2187.208094 0.003375 0.008162 0.000000 0.000000 0.000000
1.000000 24.000000 5.000000 6.000000 2027.289845 0.003127 0.007558 0.000000 0.000000 -0.000000
1.000000 1.000000 6.000000 6.000000 1898.314099 0.002927 0.007071 0.000000 0.000000 -0.000000
1.000000 2.000000 6.000000 6.000000 1784.089385 0.002750 0.006641 0.000000 0.000000 -0.000000
1.000000 3.000000 6.000000 6.000000 1695.428483 0.002613 0.006308 0.000000 0.000000 -0.000000
1.000000 4.000000 6.000000 6.000000 1629.321730 0.002511 0.006060 0.000000 0.000000 -0.000000
1.000000 5.000000 6.000000 6.000000 1579.395796 0.002433 0.005872 0.000000 0.000000 -0.000000
1.000000 6.000000 6.000000 6.000000 1518.542302 0.002339 0.005644 0.000000 0.000000 -0.000000
1.000000 7.000000 6.000000 6.000000 1472.652456 0.002268 0.005472 0.000000 0.000000 -0.000000
1.000000 8.000000 6.000000 6.000000 2981.871272 0.004610 0.011180 0.007747 0.000000 0.000000
1.000000 9.000000 6.000000 6.000000 2766.312251 0.004275 0.010359 0.008028 0.000000 0.000000
1.000000 10.000000 6.000000 6.000000 2469.622709 0.003813 0.009231 0.008608 0.000000 0.000000
1.000000 11.000000 6.000000 6.000000 3258.419064 0.005041 0.012238 0.010440 0.000000 0.000000
1.000000 12.000000 6.000000 6.000000 3581.191904 0.005545 0.013476 0.010042 0.000000 0.000000
1.000000 13.000000 6.000000 6.000000 11606.275716 0.018337 0.045903 0.018337 8137.145165 0.000000
1.000000 14.000000 6.000000 6.000000 26189.494922 0.042969 0.114166 0.042969 28172.751098 0.000000
1.000000 15.000000 6.000000 6.000000 50453.995582 0.088439 0.265007 0.088439 62711.298175 0.000000
1.000000 16.000000 6.000000 6.000000 73625.688259 0.138073 0.480793 0.138073 101034.910454 0.000000
1.000000 17.000000 6.000000 6.000000 69906.586319 0.129644 0.439351 0.129644 90981.764197 0.000000
1.000000 18.000000 6.000000 6.000000 2720.434522 0.004203 0.010184 0.010184 0.000000 -4382.118771
1.000000 19.000000 6.000000 6.000000 3265.765267 0.005053 0.012266 0.000000 0.000000 0.000000
1.000000 20.000000 6.000000 6.000000 2758.021790 0.004262 0.010327 0.000000 0.000000 0.000000
1.000000 21.000000 6.000000 6.000000 2412.002101 0.003724 0.009013 0.000000 0.000000 0.000000
1.000000 22.000000 6.000000 6.000000 2128.883294 0.003284 0.007941 0.000000 0.000000 0.000000
1.000000 23.000000 6.000000 6.000000 1921.001241 0.002962 0.007157 0.000000 0.000000 0.000000
1.000000 24.000000 6.000000 6.000000 1762.870833 0.002717 0.006561 0.000000 0.000000 0.000000
1.000000 1.000000 7.000000 6.000000 1620.933413 0.002498 0.006028 0.000000 0.000000 -0.000000
1.000000 2.000000 7.000000 6.000000 1497.287579 0.002306 0.005564 0.000000 0.000000 -0.000000
1.000000 3.000000 7.000000 6.000000 1400.127462 0.002156 0.005200 0.000000 0.000000 -0.000000
1.000000 4.000000 7.000000 6.000000 1316.642643 0.002027 0.004888 0.000000 0.000000 -0.000000
1.000000 5.000000 7.000000 6.000000 1240.467809 0.001910 0.004603 0.000000 0.000000 -0.000000
1.000000 6.000000 7.000000 6.000000 1166.943472 0.001796 0.004328 0.000000 0.000000 -0.000000
1.000000 7.000000 7.000000 6.000000 1107.511217 0.001704 0.004106 0.000000 0.000000 -0.000000
1.000000 8.000000 7.000000 6.000000 3432.056871 0.005312 0.012903 0.005312 306.382644 0.000000
1.000000 9.000000 7.000000 6.000000 3092.364483 0.004782 0.011602 0.005076 0.000000 0.000000
1.000000 10.000000 7.000000 6.000000 2572.764867 0.003974 0.009623 0.006228 0.000000 0.000000
1.000000 11.000000 7.000000 6.000000 3289.686694 0.005090 0.012357 0.006300 0.000000 0.000000
1.000000 12.000000 7.000000 6.000000 3735.460865 0.005786 0.014070 0.007812 0.000000 0.000000
1.000000 13.000000 7.000000 6.000000 12625.823383 0.019999 0.050261 0.019999 10310.106842 0.000000
1.000000 14.000000 7.000000 6.000000 29442.275994 0.048723 0.131340 0.048723 33324.941771 0.000000
1.000000 15.000000 7.000000 6.000000 57628.910521 0.103101 0.322215 0.103101 74260.702097 0.000000
1.000000 16.000000 7.000000 6.000000 82666.003097 0.159370 0.596437 0.159370 117117.849047 0.000000
1.000000 17.000000 7.000000 6.000000 77369.883773 0.146751 0.525917 0.146751 103373.684924 0.000000
1.000000 18.000000 7.000000 6.000000 2514.179935 0.003883 0.009400 0.009400 0.000000 -5958.989080
1.000000 19.000000 7.000000 6.000000 3634.628011 0.005628 0.013682 0.000000 0.000000 0.000000
1.000000 20.000000 7.000000 6.000000 3082.453007 0.004767 0.011564 0.000000 0.000000 0.000000
1.000000 21.000000 7.000000 6.000000 2677.917115 0.004137 0.010022 0.000000 0.000000 0.000000
1.000000 22.000000 7.000000 6.000000 2372.610368 0.003663 0.008863 0.000000 0.000000 0.000000
1.000000 23.000000 7.000000 6.000000 2125.198642 0.003279 0.007927 0.000000 0.000000 0.000000
1.000000 24.000000 7.000000 6.000000 1943.668742 0.002997 0.007242 0.000000 0.000000 0.000000
1.000000 1.000000 1.000000 6.000000 1786.351565 0.002754 0.006650 0.000000 0.000000 0.000000
1.000000 2.000000 1.000000 6.000000 1635.788691 0.002521 0.006084 0.000000 0.000000 -0.000000
1.000000 3.000000 1.000000 6.000000 1505.706112 0.002319 0.005596 0.000000 0.000000 -0.000000
1.000000 4.000000 1.000000 6.000000 1400.088467 0.002156 0.005200 0.000000 0.000000 -0.000000
1.000000 5.000000 1.000000 6.000000 1307.726765 0.002013 0.004854 0.000000 0.000000 -0.000000
1.000000 6.000000 1.000000 6.000000 1225.918002 0.001887 0.004548 0.000000 0.000000 -0.000000
1.000000 7.000000 1.000000 6.000000 1156.130827 0.001779 0.004288 0.000000 0.000000 -0.000000
1.000000 8.000000 1.000000 6.000000 3444.413379 0.005331 0.012951 0.006016 0.000000 0.000000
1.000000 9.000000 1.000000 6.000000 3080.449514 0.004764 0.011557 0.006295 0.000000 0.000000
1.000000 10.000000 1.000000 6.000000 2576.455577 0.003979 0.009637 0.007248 0.000000 0.000000
1.000000 11.000000 1.000000 6.000000 3226.268397 0.004991 0.012114 0.007916 0.000000 0.000000
1.000000 12.000000 1.000000 6.000000 3443.161286 0.005329 0.012946 0.008782 0.000000 0.000000
1.000000 13.000000 1.000000 6.000000 11470.498326 0.018116 0.045327 0.018116 8057.688001 0.000000
1.000000 14.000000 1.000000 6.000000 26537.617118 0.043580 0.115967 0.043580 29350.827436 0.000000
1.000000 15.000000 1.000000 6.000000 51775.828890 0.091096 0.275020 0.091096 64954.107375 0.000000
1.000000 16.000000 1.000000 6.000000 77019.645548 0.145931 0.521540 0.145931 105546.011612 0.000000
1.000000 17.000000 1.000000 6.000000 73251.977971 0.137217 0.476483 0.137217 95380.469589 0.000000
1.000000 18.000000 1.000000 6.000000 2655.812975 0.004103 0.009938 0.009938 0.000000 -6073.787481
1.000000 19.000000 1.000000 6.000000 3427.927725 0.005306 0.012887 0.000000 0.000000 0.000000
1.000000 20.000000 1.000000 6.000000 2977.592285 0.004603 0.011164 0.000000 0.000000 0.000000
1.000000 21.000000 1.000000 6.000000 2622.107482 0.004050 0.009810 0.000000 0.000000 0.000000
1.000000 22.000000 1.000000 6.000000 2367.978745 0.003655 0.008846 0.000000 0.000000 0.000000
1.000000 23.000000 1.000000 6.000000 2179.217383 0.003362 0.008131 0.000000 0.000000 0.000000
1.000000 24.000000 1.000000 6.000000 2018.478440 0.003113 0.007524 0.000000 0.000000 0.000000
1.000000 1.000000 2.000000 6.000000 1889.704565 0.002914 0.007039 0.000000 0.000000 -0.000000
1.000000 2.000000 2.000000 6.000000 1781.872942 0.002747 0.006633 0.000000 0.000000 -0.000000
1.000000 3.000000 2.000000 6.000000 1693.149827 0.002609 0.006299 0.000000 0.000000 -0.000000
1.000000 4.000000 2.000000 6.000000 1610.320484 0.002481 0.005988 0.000000 0.000000 -0.000000
1.000000 5.000000 2.000000 6.000000 1528.676025 0.002355 0.005682 0.000000 0.000000 -0.000000
1.000000 6.000000 2.000000 6.000000 1452.649734 0.002237 0.005397 0.000000 0.000000 -0.000000
1.000000 7.000000 2.000000 6.000000 1372.745015 0.002114 0.005098 0.000000 0.000000 -0.000000
1.000000 8.000000 2.000000 6.000000 3124.688001 0.004833 0.011726 0.008519 0.000000 0.000000
1.000000 9.000000 2.000000 6.000000 2899.761880 0.004482 0.010867 0.008764 0.000000 0.000000
1.000000 10.000000 2.000000 6.000000 2585.218655 0.003993 0.009670 0.009437 0.000000 0.000000
1.000000 11.000000 2.000000 6.000000 3058.455599 0.004729 0.011473 0.010234 0.000000 0.000000
1.000000 12.000000 2.000000 6.000000 3169.707987 0.004903 0.011898 0.009986 0.000000 0.000000
1.000000 13.000000 2.000000 6.000000 10710.507567 0.016883 0.042120 0.016883 6459.822765 0.000000
1.000000 14.000000 2.000000 6.000000 24070.735358 0.039273 0.103395 0.039273 24309.414436 0.000000
1.000000 15.000000 2.000000 6.000000 46314.752871 0.080248 0.235050 0.080248 55977.136815 0.000000
1.000000 16.000000 2.000000 6.000000 67356.758036 0.123973 0.412693 0.123973 89272.665964 0.000000
1.000000 17.000000 2.000000 6.000000 64084.832332 0.116820 0.380387 0.116820 80407.111965 0.000000
1.000000 18.000000 2.000000 6.000000 2909.292707 0.004497 0.010903 0.010903 0.000000 -4185.825677
1.000000 19.000000 2.000000 6.000000 3140.073370 0.004857 0.011785 0.000000 0.000000 0.000000
1.000000 20.000000 2.000000 6.000000 2763.491728 0.004270 0.010348 0.000000 0.000000 0.000000
1.000000 21.000000 2.000000 6.000000 2479.679848 0.003829 0.009269 0.000000 0.000000 0.000000
1.000000 22.000000 2.000000 6.000000 2257.442133 0.003484 0.008427 0.000000 0.000000 0.000000
1.000000 23.000000 2.000000 6.000000 2059.405560 0.003177 0.007679 0.000000 0.000000 0.000000
1.000000 24.000000 2.000000 6.000000 1910.879446 0.002946 0.007119 0.000000 0.000000 0.000000
1.000000 1.000000 3.000000 6.000000 1787.795108 0.002756 0.006655 0.000000 0.000000 -0.000000
1.000000 2.000000 3.000000 6.000000 1678.082724 0.002586 0.006243 0.000000 0.000000 -0.000000
1.000000 3.000000 3.000000 6.000000 1591.152908 0.002452 0.005916 0.000000 0.000000 -0.000000
1.000000 4.000000 3.000000 6.000000 1527.250814 0.002353 0.005677 0.000000 0.000000 -0.000000
1.000000 5.000000 3.000000 6.000000 1470.452806 0.002265 0.005464 0.000000 0.000000 -0.000000
1.000000 6.000000 3.000000 6.000000 1410.042217 0.002171 0.005237 0.000000 0.000000 -0.000000
1.000000 7.000000 3.000000 6.000000 1389.495665 0.002140 0.005160 0.000000 0.000000 -0.000000
1.000000 8.000000 3.000000 6.000000 1569.557828 0.002418 0.005835 0.000000 0.000000 -0.000000
1.000000 9.000000 3.000000 6.000000 1818.363591 0.002803 0.006770 0.000000 0.000000 -0.000000
1.000000 10.000000 3.000000 6.000000 2260.052445 0.003488 0.008437 0.000000 0.000000 -0.000000
1.000000 11.000000 3.000000 6.000000 3266.842099 0.005054 0.012270 0.000000 0.000000 -0.000000
1.000000 12.000000 3.000000 6.000000 9298.803538 0.014606 0.036245 0.000000 0.000000 0.000000
1.000000 13.000000 3.000000 6.000000 32311.243257 0.053883 0.147166 0.000000 0.000000 0.000000
1.000000 14.000000 3.000000 6.000000 75990.499529 0.143531 0.508870 0.000000 0.000000 0.000000
1.000000 15.000000 3.000000 6.000000 151795.602320 0.372447 5.528114 0.000000 0.000000 0.000000
1.000000 16.000000 3.000000 6.000000 230236.065110 0.818026 -2.333839 0.000000 0.000000 -0.000000
1.000000 17.000000 3.000000 6.000000 226413.967942 0.787258 -2.447550 0.000000 0.000000 -0.000000
1.000000 18.000000 3.000000 6.000000 6782.772912 0.010586 0.026028 0.000000 0.000000 -0.000000
1.000000 19.000000 3.000000 6.000000 4126.056046 0.006397 0.015578 0.000000 0.000000 -0.000000
1.000000 20.000000 3.000000 6.000000 3405.343112 0.005270 0.012801 0.000000 0.000000 0.000000
1.000000 21.000000 3.000000 6.000000 2884.508990 0.004458 0.010809 0.000000 0.000000 0.000000
1.000000 22.000000 3.000000 6.000000 2479.113429 0.003828 0.009267 0.000000 0.000000 0.000000
1.000000 23.000000 3.000000 6.000000 2202.207480 0.003398 0.008218 0.000000 0.000000 -0.000000
1.000000 24.000000 3.000000 6.000000 1989.250189 0.003068 0.007414 0.000000 0.000000 -0.000000
1.000000 1.000000 4.000000 6.000000 1817.631467 0.002802 0.006768 0.000000 0.000000 0.000000
1.000000 2.000000 4.000000 6.000000 1702.345855 0.002624 0.006334 0.000000 0.000000 -0.000000
1.000000 3.000000 4.000000 6.000000 1611.728444 0.002483 0.005994 0.000000 0.000000 -0.000000
1.000000 4.000000 4.000000 6.000000 1539.826359 0.002372 0.005724 0.000000 0.000000 -0.000000
1.000000 5.000000 4.000000 6.000000 1452.582323 0.002237 0.005397 0.000000 0.000000 -0.000000
1.000000 6.000000 4.000000 6.000000 1378.352791 0.002123 0.005119 0.000000 0.000000 -0.000000
1.000000 7.000000 4.000000 6.000000 1301.908290 0.002004 0.004832 0.000000 0.000000 -0.000000
1.000000 8.000000 4.000000 6.000000 1434.042972 0.002209 0.005327 0.000000 0.000000 -0.000000
1.000000 9.000000 4.000000 6.000000 1781.286403 0.002746 0.006631 0.000000 0.000000 -0.000000
1.000000 10.000000 4.000000 6.000000 2409.453791 0.003720 0.009003 0.000000 0.000000 -0.000000
1.000000 11.000000 4.000000 6.000000 3666.978638 0.005679 0.013806 0.000000 0.000000 -0.000000
1.000000 12.000000 4.000000 6.000000 10703.990899 0.016873 0.042093 0.000000 0.000000 0.000000
1.000000 13.000000 4.000000 6.000000 37759.153402 0.063901 0.179126 0.000000 0.000000 0.000000
1.000000 14.000000 4.000000 6.000000 87644.170066 0.171616 0.671108 0.000000 0.000000 0.000000
1.000000 15.000000 4.000000 6.000000 171693.958402 0.457153 -37.884079 0.000000 0.000000 -0.000000
1.000000 16.000000 4.000000 6.000000 247214.333645 0.972683 -1.962837 0.000000 0.000000 -0.000000
1.000000 17.000000 4.000000 6.000000 240150.547413 0.904476 -2.095721 0.000000 0.000000 -0.000000
1.000000 18.000000 4.000000 6.000000 7346.613649 0.011483 0.028290 0.000000 0.000000 -0.000000
1.000000 19.000000 4.000000 6.000000 4472.983860 0.006941 0.016923 0.000000 0.000000 -0.000000
1.000000 20.000000 4.000000 6.000000 3701.482153 0.005733 0.013939 0.000000 0.000000 0.000000
1.000000 21.000000 4.000000 6.000000 3165.703335 0.004897 0.011883 0.000000 0.000000 0.000000
1.000000 22.000000 4.000000 6.000000 2779.796311 0.004296 0.010410 0.000000 0.000000 0.000000
1.000000 23.000000 4.000000 6.000000 2473.665712 0.003820 0.009246 0.000000 0.000000 0.000000
1.000000 24.000000 4.000000 6.000000 2250.648318 0.003473 0.008402 0.000000 0.000000 0.000000
1.000000 1.000000 5.000000 6.000000 2083.307432 0.003214 0.007769 0.000000 0.000000 -0.000000
1.000000 2.000000 5.000000 6.000000 1927.454768 0.002972 0.007181 0.000000 0.000000 -0.000000
1.000000 3.000000 5.000000 6.000000 1785.735852 0.002753 0.006648 0.000000 0.000000 -0.000000
1.000000 4.000000 5.000000 6.000000 1663.339524 0.002563 0.006187 0.000000 0.000000 -0.000000
1.000000 5.000000 5.000000 6.000000 1563.008045 0.002408 0.005811 0.000000 0.000000 -0.000000
1.000000 6.000000 5.000000 6.000000 1481.811661 0.002282 0.005506 0.000000 0.000000 -0.000000
1.000000 7.000000 5.000000 6.000000 1395.685779 0.002149 0.005183 0.000000 0.000000 -0.000000
1.000000 8.000000 5.000000 6.000000 3131.464427 0.004843 0.011752 0.008287 0.000000 0.000000
1.000000 9.000000 5.000000 6.000000 2834.873337 0.004381 0.010620 0.008455 0.000000 0.000000
1.000000 10.000000 5.000000 6.000000 2430.256536 0.003752 0.009082 0.009082 0.000000 -15.850703
1.000000 11.000000 5.000000 6.000000 3200.099935 0.004950 0.012014 0.009322 0.000000 0.000000
1.000000 12.000000 5.000000 6.000000 3654.022227 0.005659 0.013756 0.009837 0.000000 0.000000
1.000000 13.000000 5.000000 6.000000 12161.010895 0.019240 0.048267 0.019240 7679.493478 0.000000
1.000000 14.000000 5.000000 6.000000 28138.500720 0.046405 0.124361 0.046405 30596.493020 0.000000
1.000000 15.000000 5.000000 6.000000 54697.760425 0.097039 0.297975 0.097039 68789.931040 0.000000
1.000000 16.000000 5.000000 6.000000 80978.142811 0.155304 0.573040 0.155304 112074.784769 0.000000
1.000000 17.000000 5.000000 6.000000 76539.425912 0.144809 0.515592 0.144809 100548.891135 0.000000
1.000000 18.000000 5.000000 6.000000 2521.579700 0.003894 0.009428 0.009428 0.000000 -7352.751219
1.000000 19.000000 5.000000 6.000000 3672.645797 0.005688 0.013828 0.000000 0.000000 0.000000
1.000000 20.000000 5.000000 6.000000 3189.558191 0.004934 0.011974 0.000000 0.000000 0.000000
1.000000 21.000000 5.000000 6.000000 2747.200953 0.004245 0.010286 0.000000 0.000000 0.000000
1.000000 22.000000 5.000000 6.000000 2432.818521 0.003756 0.009092 0.000000 0.000000 0.000000
1.000000 23.000000 5.000000 6.000000 2204.180698 0.003401 0.008226 0.000000 0.000000 0.000000
1.000000 24.000000 5.000000 6.000000 2027.219021 0.003127 0.007557 0.000000 0.000000 0.000000
1.000000 1.000000 6.000000 6.000000 1876.245959 0.002893 0.006988 0.000000 0.000000 -0.000000
1.000000 2.000000 6.000000 6.000000 1749.947223 0.002697 0.006513 0.000000 0.000000 -0.000000
1.000000 3.000000 6.000000 6.000000 1648.837405 0.002541 0.006133 0.000000 0.000000 -0.000000
1.000000 4.000000 6.000000 6.000000 1556.874037 0.002398 0.005788 0.000000 0.000000 -0.000000
1.000000 5.000000 6.000000 6.000000 1471.224043 0.002266 0.005466 0.000000 0.000000 -0.000000
1.000000 6.000000 6.000000 6.000000 1400.688350 0.002157 0.005202 0.000000 0.000000 -0.000000
1.000000 7.000000 6.000000 6.000000 1325.968439 0.002042 0.004922 0.000000 0.000000 -0.000000
1.000000 8.000000 6.000000 6.000000 3180.420337 0.004919 0.011939 0.005484 0.000000 0.000000
1.000000 9.000000 6.000000 6.000000 2869.761122 0.004436 0.010753 0.005492 0.000000 0.000000
1.000000 10.000000 6.000000 6.000000 2437.825893 0.003764 0.009111 0.006678 0.000000 0.000000
1.000000 11.000000 6.000000 6.000000 3197.061603 0.004945 0.012003 0.006614 0.000000 0.000000
1.000000 12.000000 6.000000 6.000000 3717.655466 0.005758 0.014001 0.007794 0.000000 0.000000
1.000000 13.000000 6.000000 6.000000 12568.417847 0.019906 0.050014 0.019906 10056.273816 0.000000
1.000000 14.000000 6.000000 6.000000 29473.575069 0.048779 0.131509 0.048779 33429.419885 0.000000
1.000000 15.000000 6.000000 6.000000 57129.663406 0.102061 0.317997 0.102061 73567.849628 0.000000
1.000000 16.000000 6.000000 6.000000 85220.860011 0.165607 0.633649 0.165607 121340.595889 0.000000
1.000000 17.000000 6.000000 6.000000 80751.606057 0.154761 0.569968 0.154761 108859.452827 0.000000
1.000000 18.000000 6.000000 6.000000 2440.043788 0.003767 0.009119 0.009119 0.000000 -7237.325803
1.000000 19.000000 6.000000 6.000000 3785.528538 0.005864 0.014263 0.000000 0.000000 0.000000
1.000000 20.000000 6.000000 6.000000 3243.240519 0.005017 0.012179 0.000000 0.000000 0.000000
1.000000 21.000000 6.000000 6.000000 2830.798315 0.004375 0.010604 0.000000 0.000000 0.000000
1.000000 22.000000 6.000000 6.000000 2534.961527 0.003915 0.009479 0.000000 0.000000 0.000000
1.000000 23.000000 6.000000 6.000000 2299.434160 0.003549 0.008586 0.000000 0.000000 0.000000
1.000000 24.000000 6.000000 6.000000 2127.076616 0.003282 0.007934 0.000000 0.000000 0.000000
1.000000 1.000000 7.000000 6.000000 1979.179967 0.003052 0.007376 0.000000 0.000000 0.000000
1.000000 2.000000 7.000000 6.000000 1838.491968 0.002834 0.006846 0.000000 0.000000 0.000000
1.000000 3.000000 7.000000 6.000000 1703.527067 0.002625 0.006338 0.000000 0.000000 0.000000
1.000000 4.000000 7.000000 6.000000 1581.922192 0.002437 0.005882 0.000000 0.000000 -0.000000
1.000000 5.000000 7.000000 6.000000 1478.511420 0.002277 0.005494 0.000000 0.000000 -0.000000
1.000000 6.000000 7.000000 6.000000 1392.837826 0.002145 0.005173 0.000000 0.000000 -0.000000
1.000000 7.000000 7.000000 6.000000 1322.267372 0.002036 0.004909 0.000000 0.000000 -0.000000
1.000000 8.000000 7.000000 6.000000 3189.988962 0.004934 0.011976 0.004934 1.117642 0.000000
1.000000 9.000000 7.000000 6.000000 2908.030904 0.004495 0.010899 0.004832 0.000000 0.000000
1.000000 10.000000 7.000000 6.000000 2447.065173 0.003778 0.009146 0.006273 0.000000 0.000000
1.000000 11.000000 7.000000 6.000000 3195.690716 0.004943 0.011997 0.008065 0.000000 0.000000
1.000000 12.000000 7.000000 6.000000 3705.065043 0.005738 0.013953 0.006824 0.000000 0.000000
1.000000 13.000000 7.000000 6.000000 12255.030954 0.019394 0.048670 0.019394 10192.191953 0.000000
1.000000 14.000000 7.000000 6.000000 28250.161064 0.046603 0.124954 0.046603 30956.587002 0.000000
1.000000 15.000000 7.000000 6.000000 55021.246042 0.097703 0.300589 0.097703 70083.953426 0.000000
1.000000 16.000000 7.000000 6.000000 79975.939582 0.152909 0.559568 0.152909 111992.555359 0.000000
1.000000 17.000000 7.000000 6.000000 75884.546440 0.143285 0.507581 0.143285 100704.994413 0.000000
1.000000 18.000000 7.000000 6.000000 2556.396610 0.003948 0.009560 0.009560 0.000000 -6099.716047
1.000000 19.000000 7.000000 6.000000 3584.197786 0.005550 0.013488 0.000000 0.000000 0.000000
1.000000 20.000000 7.000000 6.000000 3073.228445 0.004752 0.011529 0.000000 0.000000 0.000000
1.000000 21.000000 7.000000 6.000000 2671.554578 0.004127 0.009998 0.000000 0.000000 0.000000
1.000000 22.000000 7.000000 6.000000 2370.978761 0.003660 0.008857 0.000000 0.000000 0.000000
1.000000 23.000000 7.000000 6.000000 2151.879437 0.003320 0.008028 0.000000 0.000000 0.000000
1.000000 24.000000 7.000000 6.000000 1985.384437 0.003062 0.007400 0.000000 0.000000 -0.000000
1.000000 1.000000 1.000000 6.000000 1846.552834 0.002847 0.006876 0.000000 0.000000 -0.000000
1.000000 2.000000 1.000000 6.000000 1731.854943 0.002669 0.006445 0.000000 0.000000 -0.000000
1.000000 3.000000 1.000000 6.000000 1642.457561 0.002531 0.006109 0.000000 0.000000 -0.000000
1.000000 4.000000 1.000000 6.000000 1555.941665 0.002397 0.005784 0.000000 0.000000 -0.000000
1.000000 5.000000 1.000000 6.000000 1476.237781 0.002274 0.005485 0.000000 0.000000 -0.000000
1.000000 6.000000 1.000000 6.000000 1407.207576 0.002167 0.005227 0.000000 0.000000 -0.000000
1.000000 7.000000 1.000000 6.000000 1345.102523 0.002071 0.004994 0.000000 0.000000 -0.000000
1.000000 8.000000 1.000000 6.000000 3159.472339 0.004887 0.011859 0.007154 0.000000 0.000000
1.000000 9.000000 1.000000 6.000000 2885.274393 0.004460 0.010812 0.007403 0.000000 0.000000
1.000000 10.000000 1.000000 6.000000 2513.345959 0.003881 0.009397 0.008381 0.000000 0.000000
1.000000 11.000000 1.000000 6.000000 3261.380135 0.005046 0.012249 0.008758 0.000000 0.000000
1.000000 12.000000 1.000000 6.000000 3377.622041 0.005227 0.012694 0.008361 0.000000 0.000000
1.000000 13.000000 1.000000 6.000000 10980.892209 0.017321 0.043258 0.017321 7594.119232 0.000000
1.000000 14.000000 1.000000 6.000000 25182.587230 0.041207 0.109008 0.041207 25510.010013 0.000000
1.000000 15.000000 1.000000 6.000000 48892.199214 0.085326 0.253461 0.085326 60606.682657 0.000000
1.000000 16.000000 1.000000 6.000000 71636.945448 0.133542 0.458238 0.133542 96542.002798 0.000000
1.000000 17.000000 1.000000 6.000000 68489.255448 0.126481 0.424366 0.126481 87882.079457 0.000000
1.000000 18.000000 1.000000 6.000000 2784.386948 0.004303 0.010427 0.010427 0.000000 -5139.613258
1.000000 19.000000 1.000000 6.000000 3138.410713 0.004854 0.011778 0.000000 0.000000 0.000000
1.000000 20.000000 1.000000 6.000000 2667.831872 0.004121 0.009984 0.000000 0.000000 0.000000
1.000000 21.000000 1.000000 6.000000 2301.409891 0.003552 0.008594 0.000000 0.000000 0.000000
1.000000 22.000000 1.000000 6.000000 2020.830277 0.003117 0.007533 0.000000 0.000000 0.000000
1.000000 23.000000 1.000000 6.000000 1837.426782 0.002833 0.006842 0.000000 0.000000 0.000000
1.000000 24.000000 1.000000 6.000000 1697.375127 0.002616 0.006315 0.000000 0.000000 -0.000000
1.000000 1.000000 2.000000 6.000000 1583.161475 0.002439 0.005886 0.000000 0.000000 -0.000000
1.000000 2.000000 2.000000 6.000000 1484.078807 0.002286 0.005515 0.000000 0.000000 -0.000000
1.000000 3.000000 2.000000 6.000000 1392.981074 0.002145 0.005173 0.000000 0.000000 -0.000000
1.000000 4.000000 2.000000 6.000000 1312.021087 0.002020 0.004870 0.000000 0.000000 -0.000000
1.000000 5.000000 2.000000 6.000000 1245.454811 0.001917 0.004621 0.000000 0.000000 -0.000000
1.000000 6.000000 2.000000 6.000000 1195.551036 0.001840 0.004435 0.000000 0.000000 -0.000000
1.000000 7.000000 2.000000 6.000000 1142.611778 0.001758 0.004237 0.000000 0.000000 -0.000000
1.000000 8.000000 2.000000 6.000000 3449.137111 0.005339 0.012969 0.005597 0.000000 0.000000
1.000000 9.000000 2.000000 6.000000 3104.247826 0.004801 0.011648 0.005591 0.000000 0.000000
1.000000 10.000000 2.000000 6.000000 2624.687030 0.004054 0.009820 0.006375 0.000000 0.000000
1.000000 11.000000 2.000000 6.000000 3130.582972 0.004842 0.011748 0.006863 0.000000 0.000000
1.000000 12.000000 2.000000 6.000000 3335.511536 0.005161 0.012533 0.007341 0.000000 0.000000
1.000000 13.000000 2.000000 6.000000 11138.215589 0.017576 0.043921 0.017576 8198.823402 0.000000
1.000000 14.000000 2.000000 6.000000 26150.310889 0.042900 0.113964 0.042900 27130.858004 0.000000
1.000000 15.000000 2.000000 6.000000 51769.351347 0.091083 0.274970 0.091083 65123.892116 0.000000
1.000000 16.000000 2.000000 6.000000 75324.260043 0.141985 0.500816 0.141985 102960.133606 0.000000
1.000000 17.000000 2.000000 6.000000 71208.080595 0.132573 0.453495 0.132573 92340.633038 0.000000
1.000000 18.000000 2.000000 6.000000 2744.227519 0.004240 0.010274 0.010274 0.000000 -5223.798360
1.000000 19.000000 2.000000 6.000000 3215.344142 0.004974 0.012073 0.000000 0.000000 0.000000
1.000000 20.000000 2.000000 6.000000 2701.772822 0.004174 0.010113 0.000000 0.000000 0.000000
1.000000 21.000000 2.000000 6.000000 2325.475450 0.003589 0.008685 0.000000 0.000000 0.000000
1.000000 22.000000 2.000000 6.000000 2052.056348 0.003165 0.007651 0.000000 0.000000 0.000000
1.000000 23.000000 2.000000 6.000000 1832.662138 0.002825 0.006824 0.000000 0.000000 0.000000
1.000000 24.000000 2.000000 6.000000 1666.253009 0.002568 0.006198 0.000000 0.000000 0.000000
1.000000 1.000000 3.000000 6.000000 1536.410566 0.002367 0.005711 0.000000 0.000000 -0.000000
1.000000 2.000000 3.000000 6.000000 1433.285813 0.002207 0.005324 0.000000 0.000000 -0.000000
1.000000 3.000000 3.000000 6.000000 1346.783343 0.002074 0.005000 0.000000 0.000000 -0.000000
1.000000 4.000000 3.000000 6.000000 1266.738371 0.001950 0.004701 0.000000 0.000000 -0.000000
1.000000 5.000000 3.000000 6.000000 1195.928260 0.001841 0.004436 0.000000 0.000000 -0.000000
1.000000 6.000000 3.000000 6.000000 1138.138781 0.001752 0.004220 0.000000 0.000000 -0.000000
1.000000 7.000000 3.000000 6.000000 1080.679300 0.001663 0.004006 0.000000 0.000000 -0.000000
1.000000 8.000000 3.000000 6.000000 1202.254938 0.001851 0.004460 0.000000 0.000000 -0.000000
1.000000 9.000000 3.000000 6.000000 1468.137657 0.002261 0.005455 0.000000 0.000000 -0.000000
1.000000 10.000000 3.000000 6.000000 1993.757852 0.003075 0.007431 0.000000 0.000000 -0.000000
1.000000 11.000000 3.000000 6.000000 3042.872128 0.004705 0.011413 0.000000 0.000000 -0.000000
1.000000 12.000000 3.000000 6.000000 8996.617995 0.014120 0.035001 0.000000 0.000000 0.000000
1.000000 13.000000 3.000000 6.000000 31510.283513 0.052434 0.142681 0.000000 0.000000 0.000000
1.000000 14.000000 3.000000 6.000000 74034.704339 0.139011 0.485549 0.000000 0.000000 0.000000
1.000000 15.000000 3.000000 6.000000 147200.261535 0.354741 4.224206 0.000000 0.000000 0.000000
1.000000 16.000000 3.000000 6.000000 216370.473524 0.712342 -2.833584 0.000000 0.000000 -0.000000
1.000000 17.000000 3.000000 6.000000 210891.997447 0.674740 -3.121947 0.000000 0.000000 -0.000000
1.000000 18.000000 3.000000 6.000000 6078.496031 0.009470 0.023224 0.000000 0.000000 -0.000000
1.000000 19.000000 3.000000 6.000000 3690.427767 0.005716 0.013896 0.000000 0.000000 -0.000000
1.000000 20.000000 3.000000 6.000000 3083.076429 0.004768 0.011567 0.000000 0.000000 0.000000
1.000000 21.000000 3.000000 6.000000 2717.585134 0.004199 0.010173 0.000000 0.000000 0.000000
1.000000 22.000000 3.000000 6.000000 2433.622200 0.003757 0.009095 0.000000 0.000000 0.000000
1.000000 23.000000 3.000000 6.000000 2229.237944 0.003440 0.008321 0.000000 0.000000 -0.000000
1.000000 24.000000 3.000000 6.000000 2081.440474 0.003211 0.007762 0.000000 0.000000 -0.000000
1.000000 1.000000 4.000000 6.000000 1958.857003 0.003021 0.007300 0.000000 0.000000 -0.000000
1.000000 2.000000 4.000000 6.000000 1873.634737 0.002889 0.006978 0.000000 0.000000 -0.000000
1.000000 3.000000 4.000000 6.000000 1785.677014 0.002753 0.006647 0.000000 0.000000 -0.000000
1.000000 4.000000 4.000000 6.000000 1707.786133 0.002632 0.006354 0.000000 0.000000 -0.000000
1.000000 5.000000 4.000000 6.000000 1634.107561 0.002518 0.006078 0.000000 0.000000 -0.000000
1.000000 6.000000 4.000000 6.000000 1557.661645 0.002400 0.005791 0.000000 0.000000 -0.000000
1.000000 7.000000 4.000000 6.000000 1511.546358 0.002328 0.005618 0.000000 0.000000 -0.000000
1.000000 8.000000 4.000000 6.000000 1699.388344 0.002619 0.006323 0.000000 0.000000 -0.000000
1.000000 9.000000 4.000000 6.000000 1964.600554 0.003030 0.007321 0.000000 0.000000 -0.000000
1.000000 10.000000 4.000000 6.000000 2487.476885 0.003841 0.009299 0.000000 0.000000 -0.000000
1.000000 11.000000 4.000000 6.000000 3578.646012 0.005541 0.013466 0.000000 0.000000 -0.000000
1.000000 12.000000 4.000000 6.000000 9872.685447 0.015530 0.038621 0.000000 0.000000 0.000000
1.000000 13.000000 4.000000 6.000000 32570.537650 0.054353 0.148630 0.000000 0.000000 0.000000
1.000000 14.000000 4.000000 6.000000 73462.092418 0.137698 0.478902 0.000000 0.000000 0.000000
1.000000 15.000000 4.000000 6.000000 140512.783088 0.330072 3.081527 0.000000 0.000000 0.000000
1.000000 16.000000 4.000000 6.000000 207188.257073 0.650497 -3.363616 0.000000 0.000000 -0.000000
1.000000 17.000000 4.000000 6.000000 201089.728395 0.612495 -3.882628 0.000000 0.000000 -0.000000
1.000000 18.000000 4.000000 6.000000 5603.122307 0.008719 0.021346 0.000000 0.000000 -0.000000
1.000000 19.000000 4.000000 6.000000 3353.073301 0.005189 0.012600 0.000000 0.000000 -0.000000
1.000000 20.000000 4.000000 6.000000 2756.580944 0.004259 0.010322 0.000000 0.000000 0.000000
1.000000 21.000000 4.000000 6.000000 2395.353796 0.003698 0.008950 0.000000 0.000000 0.000000
1.000000 22.000000 4.000000 6.000000 2122.364048 0.003274 0.007917 0.000000 0.000000 0.000000
1.000000 23.000000 4.000000 6.000000 1918.937645 0.002959 0.007149 0.000000 0.000000 0.000000
1.000000 24.000000 4.000000 6.000000 1789.153073 0.002758 0.006660 0.000000 0.000000 0.000000
1.000000 1.000000 5.000000 6.000000 1669.348658 0.002572 0.006210 0.000000 0.000000 -0.000000
1.000000 2.000000 5.000000 6.000000 1570.760875 0.002420 0.005840 0.000000 0.000000 -0.000000
1.000000 3.000000 5.000000 6.000000 1486.587014 0.002290 0.005524 0.000000 0.000000 -0.000000
1.000000 4.000000 5.000000 6.000000 1409.270889 0.002170 0.005234 0.000000 0.000000 -0.000000
1.000000 5.000000 5.000000 6.000000 1351.184340 0.002081 0.005017 0.000000 0.000000 -0.000000
1.000000 6.000000 5.000000 6.000000 1293.687638 0.001992 0.004802 0.000000 0.000000 -0.000000
1.000000 7.000000 5.000000 6.000000 1256.843162 0.001935 0.004664 0.000000 0.000000 -0.000000
1.000000 8.000000 5.000000 6.000000 3239.461790 0.005012 0.012165 0.007818 0.000000 0.000000
1.000000 9.000000 5.000000 6.000000 2976.819916 0.004602 0.011161 0.008333 0.000000 0.000000
1.000000 10.000000 5.000000 6.000000 2641.329752 0.004080 0.009883 0.008807 0.000000 0.000000
1.000000 11.000000 5.000000 6.000000 3114.465112 0.004817 0.011687 0.009292 0.000000 0.000000
1.000000 12.000000 5.000000 6.000000 3340.770604 0.005170 0.012553 0.011402 0.000000 0.000000
1.000000 13.000000 5.000000 6.000000 11059.141101 0.017448 0.043587 0.017448 6228.285319 0.000000
1.000000 14.000000 5.000000 6.000000 25421.896747 0.041625 0.110227 0.041625 24517.655175 0.000000
1.000000 15.000000 5.000000 6.000000 49111.263521 0.085761 0.255062 0.085761 59832.222957 0.000000
1.000000 16.000000 5.000000 6.000000 71129.050015 0.132394 0.452625 0.132394 95195.548471 0.000000
1.000000 17.000000 5.000000 6.000000 67904.685476 0.125185 0.418308 0.125185 86279.662164 0.000000
1.000000 18.000000 5.000000 6.000000 2762.797989 0.004269 0.010345 0.010345 0.000000 -5700.688573
1.000000 19.000000 5.000000 6.000000 3258.178010 0.005041 0.012237 0.000000 0.000000 0.000000
1.000000 20.000000 5.000000 6.000000 2840.078976 0.004389 0.010640 0.000000 0.000000 0.000000
1.000000 21.000000 5.000000 6.000000 2525.317514 0.003900 0.009442 0.000000 0.000000 0.000000
1.000000 22.000000 5.000000 6.000000 2287.674716 0.003531 0.008542 0.000000 0.000000 0.000000
1.000000 23.000000 5.000000 6.000000 2101.171270 0.003241 0.007837 0.000000 0.000000 0.000000
1.000000 24.000000 5.000000 6.000000 1949.024651 0.003006 0.007262 0.000000 0.000000 0.000000
1.000000 1.000000 6.000000 6.000000 1834.271251 0.002828 0.006830 0.000000 0.000000 -0.000000
1.000000 2.000000 6.000000 6.000000 1735.992273 0.002676 0.006460 0.000000 0.000000 -0.000000
1.000000 3.000000 6.000000 6.000000 1655.728330 0.002551 0.006159 0.000000 0.000000 -0.000000
1.000000 4.000000 6.000000 6.000000 1601.944544 0.002468 0.005957 0.000000 0.000000 -0.000000
1.000000 5.000000 6.000000 6.000000 1546.278616 0.002382 0.005748 0.000000 0.000000 -0.000000
1.000000 6.000000 6.000000 6.000000 1495.743307 0.002304 0.005558 0.000000 0.000000 -0.000000
1.000000 7.000000 6.000000 6.000000 1431.379873 0.002204 0.005317 0.000000 0.000000 -0.000000
1.000000 8.000000 6.000000 6.000000 3040.386226 0.004701 0.011404 0.007460 0.000000 0.000000
1.000000 9.000000 6.000000 6.000000 2835.834253 0.004383 0.010623 0.007630 0.000000 0.000000
1.000000 10.000000 6.000000 6.000000 2543.992011 0.003929 0.009513 0.008087 0.000000 0.000000
1.000000 11.000000 6.000000 6.000000 3200.687972 0.004951 0.012017 0.008907 0.000000 0.000000
1.000000 12.000000 6.000000 6.000000 3349.667632 0.005183 0.012587 0.009249 0.000000 0.000000
1.000000 13.000000 6.000000 6.000000 11101.739100 0.017517 0.043767 0.017517 7287.076360 0.000000
1.000000 14.000000 6.000000 6.000000 25524.225007 0.041804 0.110750 0.041804 26069.111567 0.000000
1.000000 15.000000 6.000000 6.000000 49950.830968 0.087433 0.261254 0.087433 61713.960750 0.000000
1.000000 16.000000 6.000000 6.000000 73522.221114 0.137836 0.479596 0.137836 100129.296154 0.000000
1.000000 17.000000 6.000000 6.000000 70429.904256 0.130819 0.444993 0.130819 91276.955662 0.000000
1.000000 18.000000 6.000000 6.000000 2696.978866 0.004167 0.010095 0.010095 0.000000 -5210.395317
1.000000 19.000000 6.000000 6.000000 3318.017651 0.005134 0.012466 0.000000 0.000000 0.000000
1.000000 20.000000 6.000000 6.000000 2834.319124 0.004380 0.010618 0.000000 0.000000 0.000000
1.000000 21.000000 6.000000 6.000000 2461.500856 0.003801 0.009200 0.000000 0.000000 0.000000
1.000000 22.000000 6.000000 6.000000 2177.675537 0.003360 0.008126 0.000000 0.000000 0.000000
1.000000 23.000000 6.000000 6.000000 1959.092141 0.003021 0.007300 0.000000 0.000000 0.000000
1.000000 24.000000 6.000000 6.000000 1790.485766 0.002760 0.006665 0.000000 0.000000 0.000000
1.000000 1.000000 7.000000 6.000000 1658.007894 0.002555 0.006167 0.000000 0.000000 -0.000000
1.000000 2.000000 7.000000 6.000000 1545.923898 0.002382 0.005747 0.000000 0.000000 -0.000000
1.000000 3.000000 7.000000 6.000000 1443.503987 0.002223 0.005363 0.000000 0.000000 -0.000000
1.000000 4.000000 7.000000 6.000000 1356.520112 0.002089 0.005037 0.000000 0.000000 -0.000000
1.000000 5.000000 7.000000 6.000000 1283.812435 0.001976 0.004765 0.000000 0.000000 -0.000000
1.000000 6.000000 7.000000 6.000000 1213.104695 0.001867 0.004500 0.000000 0.000000 -0.000000
1.000000 7.000000 7.000000 6.000000 1144.349404 0.001761 0.004244 0.000000 0.000000 -0.000000
1.000000 8.000000 7.000000 6.000000 3465.579381 0.005364 0.013032 0.005607 0.000000 0.000000
1.000000 9.000000 7.000000 6.000000 3113.223242 0.004815 0.011682 0.006246 0.000000 0.000000
1.000000 10.000000 7.000000 6.000000 2644.827028 0.004086 0.009896 0.007586 0.000000 0.000000
1.000000 11.000000 7.000000 6.000000 3119.099003 0.004824 0.011704 0.008524 0.000000 0.000000
1.000000 12.000000 7.000000 6.000000 3284.185542 0.005081 0.012336 0.007262 0.000000 0.000000
1.000000 13.000000 7.000000 6.000000 11001.912513 0.017355 0.043346 0.017355 7906.548809 0.000000
1.000000 14.000000 7.000000 6.000000 25963.457085 0.042572 0.113002 0.042572 27023.126707 0.000000
1.000000 15.000000 7.000000 6.000000 51110.680729 0.089757 0.269953 0.089757 62294.863643 0.000000
1.000000 16.000000 7.000000 6.000000 74086.378324 0.139130 0.486153 0.139130 101267.607106 0.000000
1.000000 17.000000 7.000000 6.000000 70919.751096 0.131922 0.450329 0.131922 91921.871651 0.000000
1.000000 18.000000 7.000000 6.000000 2646.787309 0.004089 0.009904 0.009904 0.000000 -5550.411137
1.000000 19.000000 7.000000 6.000000 3530.250473 0.005465 0.013280 0.000000 0.000000 0.000000
1.000000 20.000000 7.000000 6.000000 3062.048502 0.004735 0.011486 0.000000 0.000000 0.000000
1.000000 21.000000 7.000000 6.000000 2722.979000 0.004207 0.010194 0.000000 0.000000 0.000000
1.000000 22.000000 7.000000 6.000000 2458.965295 0.003797 0.009191 0.000000 0.000000 0.000000
1.000000 23.000000 7.000000 6.000000 2230.645172 0.003442 0.008326 0.000000 0.000000 0.000000
1.000000 24.000000 7.000000 6.000000 2071.407989 0.003195 0.007724 0.000000 0.000000 0.000000
1.000000 1.000000 1.000000 7.000000 1927.743954 0.002973 0.007182 0.000000 0.000000 -0.000000
1.000000 2.000000 1.000000 7.000000 1796.839635 0.002770 0.006689 0.000000 0.000000 -0.000000
1.000000 3.000000 1.000000 7.000000 1683.366000 0.002594 0.006263 0.000000 0.000000 -0.000000
1.000000 4.000000 1.000000 7.000000 1594.250178 0.002456 0.005928 0.000000 0.000000 -0.000000
1.000000 5.000000 1.000000 7.000000 1519.407695 0.002341 0.005647 0.000000 0.000000 -0.000000
1.000000 6.000000 1.000000 7.000000 1449.253882 0.002232 0.005384 0.000000 0.000000 -0.000000
1.000000 7.000000 1.000000 7.000000 1394.773826 0.002148 0.005180 0.000000 0.000000 -0.000000
1.000000 8.000000 1.000000 7.000000 3057.842238 0.004728 0.011470 0.008465 0.000000 0.000000
1.000000 9.000000 1.000000 7.000000 2800.306773 0.004327 0.010488 0.008895 0.000000 0.000000
1.000000 10.000000 1.000000 7.000000 2488.085015 0.003842 0.009301 0.009301 0.000000 -619.226158
1.000000 11.000000 1.000000 7.000000 2934.423053 0.004536 0.010999 0.010928 0.000000 0.000000
1.000000 12.000000 1.000000 7.000000 2501.192648 0.003862 0.009351 0.009351 0.000000 -822.682617
1.000000 13.000000 1.000000 7.000000 7526.586458 0.011769 0.029015 0.011769 1909.408068 0.000000
1.000000 14.000000 1.000000 7.000000 20016.667547 0.032315 0.083639 0.032315 18663.112385 0.000000
1.000000 15.000000 1.000000 7.000000 38398.915124 0.065097 0.183054 0.065097 41219.796326 0.000000
1.000000 16.000000 1.000000 7.000000 49615.939872 0.086766 0.258774 0.086766 59558.608191 0.000000
1.000000 17.000000 1.000000 7.000000 69622.808976 0.129009 0.436317 0.129009 91600.721169 0.000000
1.000000 18.000000 1.000000 7.000000 2667.625299 0.004121 0.009983 0.009983 0.000000 -6114.866033
1.000000 19.000000 1.000000 7.000000 3248.707376 0.005026 0.012200 0.000000 0.000000 0.000000
1.000000 20.000000 1.000000 7.000000 2778.552187 0.004294 0.010405 0.000000 0.000000 0.000000
1.000000 21.000000 1.000000 7.000000 2491.418437 0.003847 0.009314 0.000000 0.000000 0.000000
1.000000 22.000000 1.000000 7.000000 2238.392872 0.003454 0.008355 0.000000 0.000000 0.000000
1.000000 23.000000 1.000000 7.000000 2036.072440 0.003140 0.007591 0.000000 0.000000 0.000000
1.000000 24.000000 1.000000 7.000000 1893.200291 0.002919 0.007052 0.000000 0.000000 0.000000
1.000000 1.000000 2.000000 7.000000 1759.604687 0.002712 0.006549 0.000000 0.000000 0.000000
1.000000 2.000000 2.000000 7.000000 1653.628561 0.002548 0.006151 0.000000 0.000000 -0.000000
1.000000 3.000000 2.000000 7.000000 1560.255594 0.002404 0.005800 0.000000 0.000000 -0.000000
1.000000 4.000000 2.000000 7.000000 1491.158904 0.002297 0.005541 0.000000 0.000000 -0.000000
1.000000 5.000000 2.000000 7.000000 1435.473070 0.002211 0.005332 0.000000 0.000000 -0.000000
1.000000 6.000000 2.000000 7.000000 1404.805845 0.002163 0.005218 0.000000 0.000000 -0.000000
1.000000 7.000000 2.000000 7.000000 1365.553682 0.002103 0.005071 0.000000 0.000000 -0.000000
1.000000 8.000000 2.000000 7.000000 3071.837700 0.004750 0.011524 0.008101 0.000000 0.000000
1.000000 9.000000 2.000000 7.000000 2769.279896 0.004279 0.010370 0.009003 0.000000 0.000000
1.000000 10.000000 2.000000 7.000000 2412.970273 0.003725 0.009016 0.009016 0.000000 -1235.722186
1.000000 11.000000 2.000000 7.000000 3255.778496 0.005037 0.012227 0.012093 0.000000 0.000000
1.000000 12.000000 2.000000 7.000000 2902.221163 0.004486 0.010876 0.009549 0.000000 0.000000
1.000000 13.000000 2.000000 7.000000 8713.773357 0.013667 0.033841 0.013667 2925.719178 0.000000
1.000000 14.000000 2.000000 7.000000 22916.845030 0.037277 0.097660 0.037277 21370.678658 0.000000
1.000000 15.000000 2.000000 7.000000 42785.165816 0.073410 0.211059 0.073410 47417.691097 0.000000
1.000000 16.000000 2.000000 7.000000 55292.369096 0.098260 0.302791 0.098260 67481.062575 0.000000
1.000000 17.000000 2.000000 7.000000 76319.064456 0.144295 0.512884 0.144295 102473.807967 0.000000
1.000000 18.000000 2.000000 7.000000 3079.537194 0.004762 0.011553 0.011553 0.000000 -6535.222826
1.000000 19.000000 2.000000 7.000000 3725.692789 0.005771 0.014032 0.000000 0.000000 0.000000
1.000000 20.000000 2.000000 7.000000 3210.486108 0.004966 0.012054 0.000000 0.000000 0.000000
1.000000 21.000000 2.000000 7.000000 2876.094229 0.004445 0.010777 0.000000 0.000000 0.000000
1.000000 22.000000 2.000000 7.000000 2586.756562 0.003995 0.009676 0.000000 0.000000 0.000000
1.000000 23.000000 2.000000 7.000000 2335.965518 0.003606 0.008725 0.000000 0.000000 0.000000
1.000000 24.000000 2.000000 7.000000 2147.377391 0.003313 0.008011 0.000000 0.000000 0.000000
1.000000 1.000000 3.000000 7.000000 1990.188115 0.003069 0.007418 0.000000 0.000000 -0.000000
1.000000 2.000000 3.000000 7.000000 1873.236439 0.002888 0.006977 0.000000 0.000000 -0.000000
1.000000 3.000000 3.000000 7.000000 1765.230445 0.002721 0.006570 0.000000 0.000000 -0.000000
1.000000 4.000000 3.000000 7.000000 1680.692812 0.002590 0.006253 0.000000 0.000000 -0.000000
1.000000 5.000000 3.000000 7.000000 1601.724511 0.002468 0.005956 0.000000 0.000000 -0.000000
1.000000 6.000000 3.000000 7.000000 1541.388695 0.002375 0.005730 0.000000 0.000000 -0.000000
1.000000 7.000000 3.000000 7.000000 1479.519279 0.002279 0.005498 0.000000 0.000000 -0.000000
1.000000 8.000000 3.000000 7.000000 1647.535302 0.002539 0.006128 0.000000 0.000000 -0.000000
1.000000 9.000000 3.000000 7.000000 1974.698006 0.003045 0.007359 0.000000 0.000000 -0.000000
1.000000 10.000000 3.000000 7.000000 2554.101603 0.003945 0.009552 0.000000 0.000000 -0.000000
1.000000 11.000000 3.000000 7.000000 3494.393461 0.005409 0.013142 0.000000 0.000000 -0.000000
1.000000 12.000000 3.000000 7.000000 8400.091641 0.013164 0.032559 0.000000 0.000000 0.000000
1.000000 13.000000 3.000000 7.000000 25886.212185 0.042437 0.112605 0.000000 0.000000 0.000000
1.000000 14.000000 3.000000 7.000000 67990.136570 0.125374 0.419189 0.000000 0.000000 0.000000
1.000000 15.000000 3.000000 7.000000 128106.166020 0.287460 1.954484 0.000000 0.000000 0.000000
1.000000 16.000000 3.000000 7.000000 167224.438655 0.436893 63.017107 0.000000 0.000000 0.000000
1.000000 17.000000 3.000000 7.000000 233407.883561 0.844598 -2.249701 0.000000 0.000000 -0.000000
1.000000 18.000000 3.000000 7.000000 10162.567200 0.015997 0.039827 0.000000 0.000000 -0.000000
1.000000 19.000000 3.000000 7.000000 4263.525376 0.006613 0.016110 0.000000 0.000000 -0.000000
1.000000 20.000000 3.000000 7.000000 3433.587654 0.005314 0.012909 0.000000 0.000000 -0.000000
1.000000 21.000000 3.000000 7.000000 2984.836165 0.004615 0.011192 0.000000 0.000000 0.000000
1.000000 22.000000 3.000000 7.000000 2660.936351 0.004111 0.009958 0.000000 0.000000 0.000000
1.000000 23.000000 3.000000 7.000000 2387.860656 0.003686 0.008921 0.000000 0.000000 -0.000000
1.000000 24.000000 3.000000 7.000000 2193.629596 0.003385 0.008186 0.000000 0.000000 0.000000
1.000000 1.000000 4.000000 7.000000 2020.666070 0.003117 0.007533 0.000000 0.000000 -0.000000
1.000000 2.000000 4.000000 7.000000 1896.209066 0.002924 0.007063 0.000000 0.000000 -0.000000
1.000000 3.000000 4.000000 7.000000 1763.850606 0.002719 0.006565 0.000000 0.000000 -0.000000
1.000000 4.000000 4.000000 7.000000 1657.376478 0.002554 0.006165 0.000000 0.000000 -0.000000
1.000000 5.000000 4.000000 7.000000 1562.497019 0.002407 0.005809 0.000000 0.000000 -0.000000
1.000000 6.000000 4.000000 7.000000 1485.219157 0.002288 0.005519 0.000000 0.000000 -0.000000
1.000000 7.000000 4.000000 7.000000 1423.812796 0.002193 0.005289 0.000000 0.000000 -0.000000
1.000000 8.000000 4.000000 7.000000 1575.221547 0.002427 0.005856 0.000000 0.000000 -0.000000
1.000000 9.000000 4.000000 7.000000 1933.186719 0.002981 0.007203 0.000000 0.000000 -0.000000
1.000000 10.000000 4.000000 7.000000 2511.465205 0.003878 0.009390 0.000000 0.000000 -0.000000
1.000000 11.000000 4.000000 7.000000 3534.634321 0.005472 0.013297 0.000000 0.000000 -0.000000
1.000000 12.000000 4.000000 7.000000 8606.567091 0.013495 0.033402 0.000000 0.000000 0.000000
1.000000 13.000000 4.000000 7.000000 26348.740448 0.043248 0.114989 0.000000 0.000000 0.000000
1.000000 14.000000 4.000000 7.000000 69537.627516 0.128818 0.435409 0.000000 0.000000 0.000000
1.000000 15.000000 4.000000 7.000000 132116.580107 0.300811 2.235583 0.000000 0.000000 0.000000
1.000000 16.000000 4.000000 7.000000 171294.492327 0.455311 -44.036170 0.000000 0.000000 -0.000000
1.000000 17.000000 4.000000 7.000000 236807.727416 0.874191 -2.168239 0.000000 0.000000 -0.000000
1.000000 18.000000 4.000000 7.000000 10360.399831 0.016317 0.040653 0.000000 0.000000 -0.000000
1.000000 19.000000 4.000000 7.000000 4309.153486 0.006684 0.016287 0.000000 0.000000 -0.000000
1.000000 20.000000 4.000000 7.000000 3491.937229 0.005406 0.013133 0.000000 0.000000 0.000000
1.000000 21.000000 4.000000 7.000000 2989.472096 0.004622 0.011209 0.000000 0.000000 0.000000
1.000000 22.000000 4.000000 7.000000 2604.651544 0.004023 0.009744 0.000000 0.000000 0.000000
1.000000 23.000000 4.000000 7.000000 2314.214411 0.003572 0.008642 0.000000 0.000000 0.000000
1.000000 24.000000 4.000000 7.000000 2097.975651 0.003236 0.007824 0.000000 0.000000 0.000000
1.000000 1.000000 5.000000 7.000000 1927.095454 0.002972 0.007180 0.000000 0.000000 -0.000000
1.000000 2.000000 5.000000 7.000000 1783.612323 0.002749 0.006640 0.000000 0.000000 -0.000000
1.000000 3.000000 5.000000 7.000000 1663.066333 0.002563 0.006186 0.000000 0.000000 -0.000000
1.000000 4.000000 5.000000 7.000000 1566.946114 0.002414 0.005825 0.000000 0.000000 -0.000000
1.000000 5.000000 5.000000 7.000000 1479.255207 0.002278 0.005497 0.000000 0.000000 -0.000000
1.000000 6.000000 5.000000 7.000000 1407.174134 0.002167 0.005226 0.000000 0.000000 -0.000000
1.000000 7.000000 5.000000 7.000000 1348.876360 0.002077 0.005008 0.000000 0.000000 -0.000000
1.000000 8.000000 5.000000 7.000000 3156.027041 0.004881 0.011846 0.008068 0.000000 0.000000
1.000000 9.000000 5.000000 7.000000 2847.795779 0.004401 0.010669 0.008825 0.000000 0.000000
1.000000 10.000000 5.000000 7.000000 2481.534766 0.003832 0.009276 0.009276 0.000000 -627.784635
1.000000 11.000000 5.000000 7.000000 3093.166339 0.004783 0.011605 0.009827 0.000000 0.000000
1.000000 12.000000 5.000000 7.000000 2789.185674 0.004310 0.010446 0.009150 0.000000 0.000000
1.000000 13.000000 5.000000 7.000000 8394.692540 0.013156 0.032537 0.013156 3160.528375 0.000000
1.000000 14.000000 5.000000 7.000000 22348.950770 0.036300 0.094871 0.036300 22769.258755 0.000000
1.000000 15.000000 5.000000 7.000000 43148.424992 0.074108 0.213466 0.074108 50409.092486 0.000000
1.000000 16.000000 5.000000 7.000000 56505.842485 0.100766 0.312778 0.100766 69340.655536 0.000000
1.000000 17.000000 5.000000 7.000000 77771.000528 0.147692 0.530971 0.147692 105593.244503 0.000000
1.000000 18.000000 5.000000 7.000000 3025.835717 0.004679 0.011348 0.011348 0.000000 -6243.648621
1.000000 19.000000 5.000000 7.000000 3604.594904 0.005581 0.013566 0.000000 0.000000 0.000000
1.000000 20.000000 5.000000 7.000000 3071.482911 0.004750 0.011522 0.000000 0.000000 0.000000
1.000000 21.000000 5.000000 7.000000 2664.637008 0.004116 0.009972 0.000000 0.000000 0.000000
1.000000 22.000000 5.000000 7.000000 2368.001353 0.003655 0.008846 0.000000 0.000000 0.000000
1.000000 23.000000 5.000000 7.000000 2123.777716 0.003276 0.007922 0.000000 0.000000 0.000000
1.000000 24.000000 5.000000 7.000000 1945.788376 0.003001 0.007250 0.000000 0.000000 0.000000
1.000000 1.000000 6.000000 7.000000 1792.849881 0.002764 0.006674 0.000000 0.000000 0.000000
1.000000 2.000000 6.000000 7.000000 1662.461094 0.002562 0.006184 0.000000 0.000000 -0.000000
1.000000 3.000000 6.000000 7.000000 1552.042759 0.002391 0.005770 0.000000 0.000000 -0.000000
1.000000 4.000000 6.000000 7.000000 1460.349734 0.002249 0.005426 0.000000 0.000000 -0.000000
1.000000 5.000000 6.000000 7.000000 1374.194561 0.002116 0.005103 0.000000 0.000000 -0.000000
1.000000 6.000000 6.000000 7.000000 1303.834546 0.002007 0.004840 0.000000 0.000000 -0.000000
1.000000 7.000000 6.000000 7.000000 1235.825846 0.001902 0.004585 0.000000 0.000000 -0.000000
1.000000 8.000000 6.000000 7.000000 3269.591976 0.005059 0.012280 0.006215 0.000000 0.000000
1.000000 9.000000 6.000000 7.000000 2960.090901 0.004576 0.011097 0.006536 0.000000 0.000000
1.000000 10.000000 6.000000 7.000000 2571.007488 0.003971 0.009616 0.007894 0.000000 0.000000
1.000000 11.000000 6.000000 7.000000 2951.625436 0.004563 0.011065 0.007081 0.000000 0.000000
1.000000 12.000000 6.000000 7.000000 2579.080435 0.003983 0.009647 0.006693 0.000000 0.000000
1.000000 13.000000 6.000000 7.000000 7797.982756 0.012202 0.030112 0.012202 4100.930304 0.000000
1.000000 14.000000 6.000000 7.000000 20581.818390 0.033276 0.086328 0.033276 21072.758382 0.000000
1.000000 15.000000 6.000000 7.000000 39806.576427 0.067743 0.191834 0.067743 46811.383456 0.000000
1.000000 16.000000 6.000000 7.000000 51490.451439 0.090521 0.272839 0.090521 63424.586629 0.000000
1.000000 17.000000 6.000000 7.000000 71513.108205 0.133262 0.456864 0.133262 96526.030153 0.000000
1.000000 18.000000 6.000000 7.000000 2737.345578 0.004229 0.010248 0.010248 0.000000 -5038.509023
1.000000 19.000000 6.000000 7.000000 3282.954512 0.005079 0.012331 0.000000 0.000000 0.000000
1.000000 20.000000 6.000000 7.000000 2838.914179 0.004388 0.010635 0.000000 0.000000 0.000000
1.000000 21.000000 6.000000 7.000000 2478.319173 0.003827 0.009264 0.000000 0.000000 0.000000
1.000000 22.000000 6.000000 7.000000 2214.452471 0.003417 0.008265 0.000000 0.000000 0.000000
1.000000 23.000000 6.000000 7.000000 2024.656192 0.003123 0.007548 0.000000 0.000000 0.000000
1.000000 24.000000 6.000000 7.000000 1887.961646 0.002911 0.007032 0.000000 0.000000 -0.000000
1.000000 1.000000 7.000000 7.000000 1780.562581 0.002745 0.006628 0.000000 0.000000 -0.000000
1.000000 2.000000 7.000000 7.000000 1696.234515 0.002614 0.006311 0.000000 0.000000 -0.000000
1.000000 3.000000 7.000000 7.000000 1622.458273 0.002500 0.006034 0.000000 0.000000 -0.000000
1.000000 4.000000 7.000000 7.000000 1563.894385 0.002409 0.005814 0.000000 0.000000 -0.000000
1.000000 5.000000 7.000000 7.000000 1494.356310 0.002302 0.005553 0.000000 0.000000 -0.000000
1.000000 6.000000 7.000000 7.000000 1426.827618 0.002197 0.005300 0.000000 0.000000 -0.000000
1.000000 7.000000 7.000000 7.000000 1362.497474 0.002098 0.005059 0.000000 0.000000 -0.000000
1.000000 8.000000 7.000000 7.000000 3066.691420 0.004742 0.011504 0.007157 0.000000 0.000000
1.000000 9.000000 7.000000 7.000000 2808.026585 0.004339 0.010517 0.007590 0.000000 0.000000
1.000000 10.000000 7.000000 7.000000 2491.495820 0.003847 0.009314 0.008489 0.000000 0.000000
1.000000 11.000000 7.000000 7.000000 3053.129896 0.004721 0.011452 0.007281 0.000000 0.000000
1.000000 12.000000 7.000000 7.000000 2611.751345 0.004034 0.009771 0.007581 0.000000 0.000000
1.000000 13.000000 7.000000 7.000000 7680.373392 0.012014 0.029636 0.012014 3861.305512 0.000000
1.000000 14.000000 7.000000 7.000000 20183.934170 0.032599 0.084433 0.032599 20393.106128 0.000000
1.000000 15.000000 7.000000 7.000000 38773.851886 0.065800 0.185374 0.065800 45952.618419 0.000000
1.000000 16.000000 7.000000 7.000000 50269.515676 0.088070 0.263627 0.088070 61931.985008 0.000000
1.000000 17.000000 7.000000 7.000000 69945.250275 0.129731 0.439766 0.129731 94295.556067 0.000000
1.000000 18.000000 7.000000 7.000000 2573.554389 0.003975 0.009626 0.009626 0.000000 -4811.716375
1.000000 19.000000 7.000000 7.000000 3033.568956 0.004691 0.011378 0.000000 0.000000 0.000000
1.000000 20.000000 7.000000 7.000000 2576.823394 0.003980 0.009638 0.000000 0.000000 0.000000
1.000000 21.000000 7.000000 7.000000 2226.551887 0.003436 0.008310 0.000000 0.000000 0.000000
1.000000 22.000000 7.000000 7.000000 1967.565847 0.003034 0.007332 0.000000 0.000000 0.000000
1.000000 23.000000 7.000000 7.000000 1786.457881 0.002754 0.006650 0.000000 0.000000 0.000000
1.000000 24.000000 7.000000 7.000000 1643.552251 0.002533 0.006113 0.000000 0.000000 0.000000
1.000000 1.000000 1.000000 7.000000 1526.714515 0.002352 0.005674 0.000000 0.000000 -0.000000
1.000000 2.000000 1.000000 7.000000 1420.670039 0.002188 0.005277 0.000000 0.000000 -0.000000
1.000000 3.000000 1.000000 7.000000 1322.888041 0.002037 0.004911 0.000000 0.000000 -0.000000
1.000000 4.000000 1.000000 7.000000 1235.166845 0.001901 0.004583 0.000000 0.000000 -0.000000
1.000000 5.000000 1.000000 7.000000 1156.667848 0.001780 0.004290 0.000000 0.000000 -0.000000
1.000000 6.000000 1.000000 7.000000 1094.191378 0.001684 0.004056 0.000000 0.000000 -0.000000
1.000000 7.000000 1.000000 7.000000 1036.400639 0.001595 0.003841 0.000000 0.000000 -0.000000
1.000000 8.000000 1.000000 7.000000 3229.252603 0.004996 0.012126 0.006197 0.000000 0.000000
1.000000 9.000000 1.000000 7.000000 3226.791054 0.004992 0.012116 0.006374 0.000000 0.000000
1.000000 10.000000 1.000000 7.000000 2798.478168 0.004325 0.010481 0.007343 0.000000 0.000000
1.000000 11.000000 1.000000 7.000000 2623.463821 0.004052 0.009815 0.006917 0.000000 0.000000
1.000000 12.000000 1.000000 7.000000 2355.012615 0.003635 0.008797 0.007189 0.000000 0.000000
1.000000 13.000000 1.000000 7.000000 7027.779718 0.010976 0.027009 0.010976 3098.948418 0.000000
1.000000 14.000000 1.000000 7.000000 19082.898652 0.030733 0.079240 0.030733 18697.275065 0.000000
1.000000 15.000000 1.000000 7.000000 37090.820743 0.062656 0.175063 0.062656 43017.437375 0.000000
1.000000 16.000000 1.000000 7.000000 48702.582491 0.084950 0.252080 0.084950 58825.443635 0.000000
1.000000 17.000000 1.000000 7.000000 67609.976958 0.124533 0.415281 0.124533 89518.279302 0.000000
1.000000 18.000000 1.000000 7.000000 2477.655903 0.003826 0.009262 0.009262 0.000000 -5624.760646
1.000000 19.000000 1.000000 7.000000 2983.902702 0.004613 0.011188 0.000000 0.000000 0.000000
1.000000 20.000000 1.000000 7.000000 2551.450351 0.003940 0.009542 0.000000 0.000000 0.000000
1.000000 21.000000 1.000000 7.000000 2243.108138 0.003462 0.008373 0.000000 0.000000 0.000000
1.000000 22.000000 1.000000 7.000000 2017.381995 0.003111 0.007520 0.000000 0.000000 0.000000
1.000000 23.000000 1.000000 7.000000 1862.231322 0.002871 0.006935 0.000000 0.000000 0.000000
1.000000 24.000000 1.000000 7.000000 1727.321405 0.002662 0.006428 0.000000 0.000000 0.000000
1.000000 1.000000 2.000000 7.000000 1621.381294 0.002498 0.006030 0.000000 0.000000 -0.000000
1.000000 2.000000 2.000000 7.000000 1543.721555 0.002378 0.005738 0.000000 0.000000 -0.000000
1.000000 3.000000 2.000000 7.000000 1472.479408 0.002268 0.005471 0.000000 0.000000 -0.000000
1.000000 4.000000 2.000000 7.000000 1406.514505 0.002166 0.005224 0.000000 0.000000 -0.000000
1.000000 5.000000 2.000000 7.000000 1353.341719 0.002084 0.005025 0.000000 0.000000 -0.000000
1.000000 6.000000 2.000000 7.000000 1322.018294 0.002035 0.004908 0.000000 0.000000 -0.000000
1.000000 7.000000 2.000000 7.000000 1288.249337 0.001983 0.004781 0.000000 0.000000 -0.000000
1.000000 8.000000 2.000000 7.000000 3141.344991 0.004859 0.011789 0.006753 0.000000 0.000000
1.000000 9.000000 2.000000 7.000000 2924.200237 0.004520 0.010960 0.006520 0.000000 0.000000
1.000000 10.000000 2.000000 7.000000 2634.403273 0.004069 0.009857 0.007205 0.000000 0.000000
1.000000 11.000000 2.000000 7.000000 2756.400725 0.004259 0.010321 0.007391 0.000000 0.000000
1.000000 12.000000 2.000000 7.000000 2342.455792 0.003616 0.008749 0.007443 0.000000 0.000000
1.000000 13.000000 2.000000 7.000000 6842.662380 0.010682 0.026267 0.010682 2865.592470 0.000000
1.000000 14.000000 2.000000 7.000000 17881.132904 0.028708 0.073659 0.028708 17012.873732 0.000000
1.000000 15.000000 2.000000 7.000000 34025.848620 0.057004 0.156946 0.057004 38675.609547 0.000000
1.000000 16.000000 2.000000 7.000000 43574.048556 0.074927 0.216304 0.074927 51750.349198 0.000000
1.000000 17.000000 2.000000 7.000000 61635.065789 0.111553 0.357488 0.111553 80125.240324 0.000000
1.000000 18.000000 2.000000 7.000000 2501.419255 0.003863 0.009352 0.009352 0.000000 -4434.667670
1.000000 19.000000 2.000000 7.000000 2649.420426 0.004093 0.009914 0.000000 0.000000 0.000000
1.000000 20.000000 2.000000 7.000000 2295.190138 0.003542 0.008570 0.000000 0.000000 0.000000
1.000000 21.000000 2.000000 7.000000 2046.665260 0.003157 0.007631 0.000000 0.000000 0.000000
1.000000 22.000000 2.000000 7.000000 1855.674200 0.002861 0.006911 0.000000 0.000000 0.000000
1.000000 23.000000 2.000000 7.000000 1745.160672 0.002690 0.006495 0.000000 0.000000 0.000000
1.000000 24.000000 2.000000 7.000000 1658.150250 0.002555 0.006168 0.000000 0.000000 0.000000
1.000000 1.000000 3.000000 7.000000 1589.213698 0.002449 0.005909 0.000000 0.000000 -0.000000
1.000000 2.000000 3.000000 7.000000 1538.287720 0.002370 0.005718 0.000000 0.000000 -0.000000
1.000000 3.000000 3.000000 7.000000 1490.699040 0.002296 0.005539 0.000000 0.000000 -0.000000
1.000000 4.000000 3.000000 7.000000 1451.593858 0.002236 0.005393 0.000000 0.000000 -0.000000
1.000000 5.000000 3.000000 7.000000 1416.547613 0.002182 0.005262 0.000000 0.000000 -0.000000
1.000000 6.000000 3.000000 7.000000 1388.852615 0.002139 0.005158 0.000000 0.000000 -0.000000
1.000000 7.000000 3.000000 7.000000 1361.514410 0.002097 0.005055 0.000000 0.000000 -0.000000
1.000000 8.000000 3.000000 7.000000 1560.610119 0.002404 0.005802 0.000000 0.000000 -0.000000
1.000000 9.000000 3.000000 7.000000 1807.778704 0.002787 0.006730 0.000000 0.000000 -0.000000
1.000000 10.000000 3.000000 7.000000 2231.815972 0.003444 0.008330 0.000000 0.000000 -0.000000
1.000000 11.000000 3.000000 7.000000 3012.511506 0.004658 0.011297 0.000000 0.000000 -0.000000
1.000000 12.000000 3.000000 7.000000 7074.746852 0.011050 0.027197 0.000000 0.000000 0.000000
1.000000 13.000000 3.000000 7.000000 21351.344141 0.034589 0.090023 0.000000 0.000000 0.000000
1.000000 14.000000 3.000000 7.000000 55697.237025 0.099094 0.306100 0.000000 0.000000 0.000000
1.000000 15.000000 3.000000 7.000000 105752.347457 0.219591 1.042066 0.000000 0.000000 0.000000
1.000000 16.000000 3.000000 7.000000 139103.750303 0.325033 2.906245 0.000000 0.000000 0.000000
1.000000 17.000000 3.000000 7.000000 196977.325404 0.588126 -4.359778 0.000000 0.000000 -0.000000
1.000000 18.000000 3.000000 7.000000 7906.076846 0.012375 0.030550 0.000000 0.000000 -0.000000
1.000000 19.000000 3.000000 7.000000 3336.199314 0.005162 0.012536 0.000000 0.000000 -0.000000
1.000000 20.000000 3.000000 7.000000 2757.617392 0.004261 0.010325 0.000000 0.000000 0.000000
1.000000 21.000000 3.000000 7.000000 2431.610001 0.003754 0.009087 0.000000 0.000000 0.000000
1.000000 22.000000 3.000000 7.000000 2194.416608 0.003386 0.008189 0.000000 0.000000 0.000000
1.000000 23.000000 3.000000 7.000000 2025.554790 0.003124 0.007551 0.000000 0.000000 0.000000
1.000000 24.000000 3.000000 7.000000 1892.246808 0.002918 0.007048 0.000000 0.000000 -0.000000
1.000000 1.000000 4.000000 7.000000 1786.089375 0.002753 0.006649 0.000000 0.000000 -0.000000
1.000000 2.000000 4.000000 7.000000 1692.227931 0.002608 0.006296 0.000000 0.000000 -0.000000
1.000000 3.000000 4.000000 7.000000 1614.219058 0.002487 0.006003 0.000000 0.000000 -0.000000
1.000000 4.000000 4.000000 7.000000 1551.267821 0.002390 0.005767 0.000000 0.000000 -0.000000
1.000000 5.000000 4.000000 7.000000 1505.270361 0.002319 0.005594 0.000000 0.000000 -0.000000
1.000000 6.000000 4.000000 7.000000 1456.877045 0.002244 0.005413 0.000000 0.000000 -0.000000
1.000000 7.000000 4.000000 7.000000 1421.948449 0.002190 0.005282 0.000000 0.000000 -0.000000
1.000000 8.000000 4.000000 7.000000 1619.000266 0.002495 0.006021 0.000000 0.000000 -0.000000
1.000000 9.000000 4.000000 7.000000 1897.069020 0.002925 0.007067 0.000000 0.000000 -0.000000
1.000000 10.000000 4.000000 7.000000 2319.268204 0.003580 0.008661 0.000000 0.000000 -0.000000
1.000000 11.000000 4.000000 7.000000 3168.297890 0.004901 0.011893 0.000000 0.000000 -0.000000
1.000000 12.000000 4.000000 7.000000 7611.143734 0.011904 0.029356 0.000000 0.000000 0.000000
1.000000 13.000000 4.000000 7.000000 22896.981795 0.037243 0.097562 0.000000 0.000000 0.000000
1.000000 14.000000 4.000000 7.000000 59692.441570 0.107430 0.340061 0.000000 0.000000 0.000000
1.000000 15.000000 4.000000 7.000000 114235.364555 0.244119 1.300419 0.000000 0.000000 0.000000
1.000000 16.000000 4.000000 7.000000 146933.076419 0.353731 4.165194 0.000000 0.000000 0.000000
1.000000 17.000000 4.000000 7.000000 204916.739625 0.636072 -3.536406 0.000000 0.000000 -0.000000
1.000000 18.000000 4.000000 7.000000 8549.706581 0.013404 0.033170 0.000000 0.000000 -0.000000
1.000000 19.000000 4.000000 7.000000 3555.200386 0.005504 0.013376 0.000000 0.000000 -0.000000
1.000000 20.000000 4.000000 7.000000 2889.065992 0.004466 0.010826 0.000000 0.000000 0.000000
1.000000 21.000000 4.000000 7.000000 2490.170996 0.003845 0.009309 0.000000 0.000000 0.000000
1.000000 22.000000 4.000000 7.000000 2197.572422 0.003391 0.008201 0.000000 0.000000 0.000000
1.000000 23.000000 4.000000 7.000000 1975.822515 0.003047 0.007363 0.000000 0.000000 -0.000000
1.000000 24.000000 4.000000 7.000000 1812.882823 0.002795 0.006750 0.000000 0.000000 -0.000000
1.000000 1.000000 5.000000 7.000000 1676.512098 0.002584 0.006237 0.000000 0.000000 0.000000
1.000000 2.000000 5.000000 7.000000 1566.474231 0.002413 0.005824 0.000000 0.000000 -0.000000
1.000000 3.000000 5.000000 7.000000 1464.159793 0.002255 0.005440 0.000000 0.000000 -0.000000
1.000000 4.000000 5.000000 7.000000 1373.148338 0.002114 0.005099 0.000000 0.000000 -0.000000
1.000000 5.000000 5.000000 7.000000 1296.357796 0.001996 0.004812 0.000000 0.000000 -0.000000
1.000000 6.000000 5.000000 7.000000 1212.084458 0.001866 0.004497 0.000000 0.000000 -0.000000
1.000000 7.000000 5.000000 7.000000 1155.394660 0.001778 0.004285 0.000000 0.000000 -0.000000
1.000000 8.000000 5.000000 7.000000 3449.501517 0.005339 0.012970 0.007042 0.000000 0.000000
1.000000 9.000000 5.000000 7.000000 3071.528175 0.004750 0.011523 0.007550 0.000000 0.000000
1.000000 10.000000 5.000000 7.000000 2665.162334 0.004117 0.009974 0.008367 0.000000 0.000000
1.000000 11.000000 5.000000 7.000000 2833.878685 0.004380 0.010616 0.008206 0.000000 0.000000
1.000000 12.000000 5.000000 7.000000 2525.832856 0.003901 0.009444 0.008707 0.000000 0.000000
1.000000 13.000000 5.000000 7.000000 7807.896445 0.012218 0.030152 0.012218 2358.038134 0.000000
1.000000 14.000000 5.000000 7.000000 20848.311203 0.033730 0.087603 0.033730 20277.249386 0.000000
1.000000 15.000000 5.000000 7.000000 40124.054364 0.068343 0.193841 0.068343 46301.835443 0.000000
1.000000 16.000000 5.000000 7.000000 52820.991299 0.093210 0.283098 0.093210 64158.565089 0.000000
1.000000 17.000000 5.000000 7.000000 72773.539894 0.136125 0.471014 0.136125 97494.211893 0.000000
1.000000 18.000000 5.000000 7.000000 2780.317538 0.004296 0.010412 0.010412 0.000000 -6245.748283
1.000000 19.000000 5.000000 7.000000 3321.350672 0.005139 0.012479 0.000000 0.000000 0.000000
1.000000 20.000000 5.000000 7.000000 2854.811195 0.004412 0.010696 0.000000 0.000000 0.000000
1.000000 21.000000 5.000000 7.000000 2481.261408 0.003831 0.009275 0.000000 0.000000 0.000000
1.000000 22.000000 5.000000 7.000000 2201.588967 0.003397 0.008216 0.000000 0.000000 0.000000
1.000000 23.000000 5.000000 7.000000 1977.260404 0.003049 0.007369 0.000000 0.000000 0.000000
1.000000 24.000000 5.000000 7.000000 1799.394755 0.002774 0.006699 0.000000 0.000000 0.000000
1.000000 1.000000 6.000000 7.000000 1650.001556 0.002543 0.006137 0.000000 0.000000 -0.000000
1.000000 2.000000 6.000000 7.000000 1531.747547 0.002360 0.005693 0.000000 0.000000 -0.000000
1.000000 3.000000 6.000000 7.000000 1431.755294 0.002205 0.005319 0.000000 0.000000 -0.000000
1.000000 4.000000 6.000000 7.000000 1350.798250 0.002080 0.005015 0.000000 0.000000 -0.000000
1.000000 5.000000 6.000000 7.000000 1268.859089 0.001953 0.004709 0.000000 0.000000 -0.000000
1.000000 6.000000 6.000000 7.000000 1183.323482 0.001821 0.004389 0.000000 0.000000 -0.000000
1.000000 7.000000 6.000000 7.000000 1115.744949 0.001717 0.004137 0.000000 0.000000 -0.000000
1.000000 8.000000 6.000000 7.000000 3400.791223 0.005263 0.012783 0.005263 392.814394 0.000000
1.000000 9.000000 6.000000 7.000000 3134.365432 0.004848 0.011763 0.004848 133.191881 0.000000
1.000000 10.000000 6.000000 7.000000 2721.555986 0.004205 0.010188 0.005634 0.000000 0.000000
1.000000 11.000000 6.000000 7.000000 2722.776060 0.004207 0.010193 0.005246 0.000000 0.000000
1.000000 12.000000 6.000000 7.000000 2379.546674 0.003673 0.008890 0.005791 0.000000 0.000000
1.000000 13.000000 6.000000 7.000000 7188.006602 0.011230 0.027652 0.011230 3974.500080 0.000000
1.000000 14.000000 6.000000 7.000000 19479.734151 0.031404 0.081103 0.031404 20080.769629 0.000000
1.000000 15.000000 6.000000 7.000000 37991.612126 0.064335 0.180548 0.064335 45393.885305 0.000000
1.000000 16.000000 6.000000 7.000000 50215.261528 0.087962 0.263222 0.087962 61708.965462 0.000000
1.000000 17.000000 6.000000 7.000000 70714.387866 0.131459 0.448086 0.131459 95508.028161 0.000000
1.000000 18.000000 6.000000 7.000000 2714.839222 0.004194 0.010163 0.010163 0.000000 -4807.256164
1.000000 19.000000 6.000000 7.000000 3289.640387 0.005090 0.012357 0.000000 0.000000 0.000000
1.000000 20.000000 6.000000 7.000000 2878.943031 0.004450 0.010788 0.000000 0.000000 0.000000
1.000000 21.000000 6.000000 7.000000 2557.228207 0.003949 0.009564 0.000000 0.000000 0.000000
1.000000 22.000000 6.000000 7.000000 2329.994761 0.003596 0.008702 0.000000 0.000000 0.000000
1.000000 23.000000 6.000000 7.000000 2122.850067 0.003275 0.007918 0.000000 0.000000 0.000000
1.000000 24.000000 6.000000 7.000000 1979.703492 0.003053 0.007378 0.000000 0.000000 -0.000000
1.000000 1.000000 7.000000 7.000000 1723.784520 0.002657 0.006415 0.000000 0.000000 -0.000000
1.000000 2.000000 7.000000 7.000000 1613.251737 0.002486 0.005999 0.000000 0.000000 0.000000
1.000000 3.000000 7.000000 7.000000 1507.970268 0.002323 0.005604 0.000000 0.000000 -0.000000
1.000000 4.000000 7.000000 7.000000 1413.177095 0.002176 0.005249 0.000000 0.000000 -0.000000
1.000000 5.000000 7.000000 7.000000 1329.490729 0.002047 0.004936 0.000000 0.000000 -0.000000
1.000000 6.000000 7.000000 7.000000 1253.667850 0.001930 0.004652 0.000000 0.000000 -0.000000
1.000000 7.000000 7.000000 7.000000 1183.892167 0.001822 0.004391 0.000000 0.000000 -0.000000
1.000000 8.000000 7.000000 7.000000 3341.306191 0.005170 0.012555 0.005170 711.585198 0.000000
1.000000 9.000000 7.000000 7.000000 3007.425669 0.004650 0.011278 0.004650 0.000000 0.000000
1.000000 10.000000 7.000000 7.000000 2617.704279 0.004043 0.009793 0.005838 0.000000 0.000000
1.000000 11.000000 7.000000 7.000000 2893.390418 0.004472 0.010843 0.006653 0.000000 0.000000
1.000000 12.000000 7.000000 7.000000 2594.759960 0.004008 0.009706 0.004923 0.000000 0.000000
1.000000 13.000000 7.000000 7.000000 8024.828660 0.012564 0.031032 0.012564 5169.948185 0.000000
1.000000 14.000000 7.000000 7.000000 21240.627928 0.034400 0.089489 0.034400 22637.362910 0.000000
1.000000 15.000000 7.000000 7.000000 40958.606118 0.069924 0.199163 0.069924 49077.401598 0.000000
1.000000 16.000000 7.000000 7.000000 53743.780527 0.095088 0.290352 0.095088 67797.371357 0.000000
1.000000 17.000000 7.000000 7.000000 74147.352984 0.139270 0.486866 0.139270 101881.413096 0.000000
1.000000 18.000000 7.000000 7.000000 2772.604702 0.004284 0.010383 0.010383 0.000000 -3983.501475
1.000000 19.000000 7.000000 7.000000 3291.137345 0.005092 0.012363 0.000000 0.000000 0.000000
1.000000 20.000000 7.000000 7.000000 2803.502681 0.004332 0.010500 0.000000 0.000000 0.000000
1.000000 21.000000 7.000000 7.000000 2419.512721 0.003735 0.009041 0.000000 0.000000 0.000000
1.000000 22.000000 7.000000 7.000000 2150.703137 0.003318 0.008024 0.000000 0.000000 0.000000
1.000000 23.000000 7.000000 7.000000 1941.502021 0.002994 0.007234 0.000000 0.000000 0.000000
1.000000 24.000000 7.000000 7.000000 1773.835462 0.002734 0.006603 0.000000 0.000000 0.000000
1.000000 1.000000 1.000000 7.000000 1636.411178 0.002522 0.006086 0.000000 0.000000 -0.000000
1.000000 2.000000 1.000000 7.000000 1521.231717 0.002343 0.005654 0.000000 0.000000 -0.000000
1.000000 3.000000 1.000000 7.000000 1423.180029 0.002192 0.005286 0.000000 0.000000 -0.000000
1.000000 4.000000 1.000000 7.000000 1335.925626 0.002057 0.004960 0.000000 0.000000 -0.000000
1.000000 5.000000 1.000000 7.000000 1258.119753 0.001937 0.004669 0.000000 0.000000 -0.000000
1.000000 6.000000 1.000000 7.000000 1192.062077 0.001835 0.004422 0.000000 0.000000 -0.000000
1.000000 7.000000 1.000000 7.000000 1141.237196 0.001756 0.004232 0.000000 0.000000 -0.000000
1.000000 8.000000 1.000000 7.000000 3395.943991 0.005256 0.012765 0.005300 0.000000 0.000000
1.000000 9.000000 1.000000 7.000000 3055.578581 0.004725 0.011462 0.005410 0.000000 0.000000
1.000000 10.000000 1.000000 7.000000 2649.099147 0.004092 0.009913 0.006714 0.000000 0.000000
1.000000 11.000000 1.000000 7.000000 2864.125125 0.004427 0.010731 0.007580 0.000000 0.000000
1.000000 12.000000 1.000000 7.000000 2551.454572 0.003940 0.009542 0.007578 0.000000 0.000000
1.000000 13.000000 1.000000 7.000000 7920.519386 0.012398 0.030608 0.012398 3614.097842 0.000000
1.000000 14.000000 1.000000 7.000000 21406.729733 0.034684 0.090291 0.034684 21322.696772 0.000000
1.000000 15.000000 1.000000 7.000000 41462.049901 0.070882 0.202408 0.070882 48773.114849 0.000000
1.000000 16.000000 1.000000 7.000000 53296.989877 0.094177 0.286826 0.094177 65712.287296 0.000000
1.000000 17.000000 1.000000 7.000000 72943.270300 0.136512 0.472948 0.136512 98684.413866 0.000000
1.000000 18.000000 1.000000 7.000000 2706.231633 0.004181 0.010130 0.010130 0.000000 -5501.913518
1.000000 19.000000 1.000000 7.000000 3210.047673 0.004966 0.012052 0.000000 0.000000 0.000000
1.000000 20.000000 1.000000 7.000000 2739.960942 0.004234 0.010258 0.000000 0.000000 0.000000
1.000000 21.000000 1.000000 7.000000 2373.368682 0.003664 0.008866 0.000000 0.000000 0.000000
1.000000 22.000000 1.000000 7.000000 2112.033568 0.003258 0.007878 0.000000 0.000000 0.000000
1.000000 23.000000 1.000000 7.000000 1912.499198 0.002949 0.007125 0.000000 0.000000 0.000000
1.000000 24.000000 1.000000 7.000000 1764.273029 0.002719 0.006567 0.000000 0.000000 0.000000
1.000000 1.000000 2.000000 7.000000 1645.631238 0.002536 0.006121 0.000000 0.000000 -0.000000
1.000000 2.000000 2.000000 7.000000 1539.990271 0.002372 0.005724 0.000000 0.000000 -0.000000
1.000000 3.000000 2.000000 7.000000 1435.939667 0.002212 0.005334 0.000000 0.000000 -0.000000
1.000000 4.000000 2.000000 7.000000 1351.598235 0.002081 0.005018 0.000000 0.000000 -0.000000
1.000000 5.000000 2.000000 7.000000 1281.158717 0.001972 0.004755 0.000000 0.000000 -0.000000
1.000000 6.000000 2.000000 7.000000 1219.743246 0.001878 0.004525 0.000000 0.000000 -0.000000
1.000000 7.000000 2.000000 7.000000 1163.408322 0.001791 0.004315 0.000000 0.000000 0.000000
1.000000 8.000000 2.000000 7.000000 3332.145045 0.005156 0.012520 0.005156 40.815694 0.000000
1.000000 9.000000 2.000000 7.000000 3079.892843 0.004763 0.011555 0.005492 0.000000 0.000000
1.000000 10.000000 2.000000 7.000000 2746.190754 0.004243 0.010282 0.006438 0.000000 0.000000
1.000000 11.000000 2.000000 7.000000 2766.236296 0.004274 0.010358 0.007721 0.000000 0.000000
1.000000 12.000000 2.000000 7.000000 2463.620504 0.003804 0.009208 0.009125 0.000000 0.000000
1.000000 13.000000 2.000000 7.000000 7448.269484 0.011645 0.028699 0.011645 2471.206902 0.000000
1.000000 14.000000 2.000000 7.000000 19822.877430 0.031986 0.082722 0.031986 18430.978020 0.000000
1.000000 15.000000 2.000000 7.000000 38019.525652 0.064387 0.180720 0.064387 43464.475650 0.000000
1.000000 16.000000 2.000000 7.000000 49459.027917 0.086453 0.257616 0.086453 59734.569373 0.000000
1.000000 17.000000 2.000000 7.000000 69445.312445 0.128612 0.434427 0.128612 92501.480630 0.000000
1.000000 18.000000 2.000000 7.000000 2578.400380 0.003982 0.009644 0.009644 0.000000 -5499.555013
1.000000 19.000000 2.000000 7.000000 3112.774755 0.004814 0.011680 0.000000 0.000000 0.000000
1.000000 20.000000 2.000000 7.000000 2682.308938 0.004144 0.010039 0.000000 0.000000 0.000000
1.000000 21.000000 2.000000 7.000000 2308.614220 0.003563 0.008621 0.000000 0.000000 0.000000
1.000000 22.000000 2.000000 7.000000 2047.595492 0.003158 0.007634 0.000000 0.000000 0.000000
1.000000 23.000000 2.000000 7.000000 1877.699282 0.002895 0.006994 0.000000 0.000000 0.000000
1.000000 24.000000 2.000000 7.000000 1749.365821 0.002696 0.006511 0.000000 0.000000 -0.000000
1.000000 1.000000 3.000000 7.000000 1647.190717 0.002538 0.006127 0.000000 0.000000 -0.000000
1.000000 2.000000 3.000000 7.000000 1561.617281 0.002406 0.005805 0.000000 0.000000 -0.000000
1.000000 3.000000 3.000000 7.000000 1476.655592 0.002274 0.005487 0.000000 0.000000 -0.000000
1.000000 4.000000 3.000000 7.000000 1418.978872 0.002185 0.005271 0.000000 0.000000 -0.000000
1.000000 5.000000 3.000000 7.000000 1372.631799 0.002114 0.005097 0.000000 0.000000 -0.000000
1.000000 6.000000 3.000000 7.000000 1315.728901 0.002026 0.004884 0.000000 0.000000 -0.000000
1.000000 7.000000 3.000000 7.000000 1260.252074 0.001940 0.004677 0.000000 0.000000 -0.000000
1.000000 8.000000 3.000000 7.000000 1420.564178 0.002188 0.005277 0.000000 0.000000 -0.000000
1.000000 9.000000 3.000000 7.000000 1690.918300 0.002606 0.006291 0.000000 0.000000 -0.000000
1.000000 10.000000 3.000000 7.000000 2083.743995 0.003214 0.007771 0.000000 0.000000 -0.000000
1.000000 11.000000 3.000000 7.000000 2980.408822 0.004608 0.011175 0.000000 0.000000 -0.000000
1.000000 12.000000 3.000000 7.000000 7285.238789 0.011385 0.028043 0.000000 0.000000 0.000000
1.000000 13.000000 3.000000 7.000000 22224.365026 0.036086 0.094262 0.000000 0.000000 0.000000
1.000000 14.000000 3.000000 7.000000 58877.326081 0.105714 0.332932 0.000000 0.000000 0.000000
1.000000 15.000000 3.000000 7.000000 113101.047140 0.240757 1.261321 0.000000 0.000000 0.000000
1.000000 16.000000 3.000000 7.000000 147860.873383 0.357247 4.376554 0.000000 0.000000 0.000000
1.000000 17.000000 3.000000 7.000000 206938.238540 0.648893 -3.381625 0.000000 0.000000 -0.000000
1.000000 18.000000 3.000000 7.000000 8424.001706 0.013202 0.032656 0.000000 0.000000 -0.000000
1.000000 19.000000 3.000000 7.000000 3411.242446 0.005280 0.012823 0.000000 0.000000 -0.000000
1.000000 20.000000 3.000000 7.000000 2738.953984 0.004232 0.010254 0.000000 0.000000 -0.000000
1.000000 21.000000 3.000000 7.000000 2356.546548 0.003638 0.008802 0.000000 0.000000 0.000000
1.000000 22.000000 3.000000 7.000000 2099.668727 0.003239 0.007831 0.000000 0.000000 -0.000000
1.000000 23.000000 3.000000 7.000000 1906.951462 0.002940 0.007104 0.000000 0.000000 -0.000000
1.000000 24.000000 3.000000 7.000000 1740.223999 0.002682 0.006476 0.000000 0.000000 -0.000000
1.000000 1.000000 4.000000 7.000000 1607.318552 0.002477 0.005977 0.000000 0.000000 -0.000000
1.000000 2.000000 4.000000 7.000000 1515.158872 0.002334 0.005631 0.000000 0.000000 -0.000000
1.000000 3.000000 4.000000 7.000000 1431.966698 0.002205 0.005319 0.000000 0.000000 -0.000000
1.000000 4.000000 4.000000 7.000000 1359.274764 0.002093 0.005047 0.000000 0.000000 -0.000000
1.000000 5.000000 4.000000 7.000000 1296.130701 0.001996 0.004811 0.000000 0.000000 -0.000000
1.000000 6.000000 4.000000 7.000000 1225.491175 0.001886 0.004547 0.000000 0.000000 -0.000000
1.000000 7.000000 4.000000 7.000000 1170.745612 0.001802 0.004342 0.000000 0.000000 -0.000000
1.000000 8.000000 4.000000 7.000000 1326.099712 0.002042 0.004923 0.000000 0.000000 -0.000000
1.000000 9.000000 4.000000 7.000000 1592.774015 0.002454 0.005922 0.000000 0.000000 -0.000000
1.000000 10.000000 4.000000 7.000000 2070.876190 0.003194 0.007722 0.000000 0.000000 -0.000000
1.000000 11.000000 4.000000 7.000000 2972.230720 0.004595 0.011143 0.000000 0.000000 -0.000000
1.000000 12.000000 4.000000 7.000000 7433.557662 0.011621 0.028640 0.000000 0.000000 0.000000
1.000000 13.000000 4.000000 7.000000 23404.098815 0.038119 0.100071 0.000000 0.000000 0.000000
1.000000 14.000000 4.000000 7.000000 63018.954230 0.114519 0.370293 0.000000 0.000000 0.000000
1.000000 15.000000 4.000000 7.000000 122696.725485 0.270051 1.652668 0.000000 0.000000 0.000000
1.000000 16.000000 4.000000 7.000000 164326.884467 0.424161 22.473335 0.000000 0.000000 0.000000
1.000000 17.000000 4.000000 7.000000 229716.990271 0.813769 -2.348443 0.000000 0.000000 -0.000000
1.000000 18.000000 4.000000 7.000000 9926.744983 0.015617 0.038846 0.000000 0.000000 -0.000000
1.000000 19.000000 4.000000 7.000000 4085.349820 0.006333 0.015420 0.000000 0.000000 -0.000000
1.000000 20.000000 4.000000 7.000000 3265.758727 0.005053 0.012266 0.000000 0.000000 -0.000000
1.000000 21.000000 4.000000 7.000000 2772.671964 0.004284 0.010383 0.000000 0.000000 0.000000
1.000000 22.000000 4.000000 7.000000 2413.716415 0.003726 0.009019 0.000000 0.000000 -0.000000
1.000000 23.000000 4.000000 7.000000 2169.751634 0.003348 0.008096 0.000000 0.000000 -0.000000
1.000000 24.000000 4.000000 7.000000 1980.594062 0.003054 0.007381 0.000000 0.000000 -0.000000
1.000000 1.000000 5.000000 7.000000 1827.996793 0.002818 0.006807 0.000000 0.000000 -0.000000
1.000000 2.000000 5.000000 7.000000 1703.283247 0.002625 0.006337 0.000000 0.000000 -0.000000
1.000000 3.000000 5.000000 7.000000 1588.461781 0.002447 0.005906 0.000000 0.000000 -0.000000
1.000000 4.000000 5.000000 7.000000 1485.631070 0.002288 0.005520 0.000000 0.000000 -0.000000
1.000000 5.000000 5.000000 7.000000 1398.359135 0.002153 0.005193 0.000000 0.000000 -0.000000
1.000000 6.000000 5.000000 7.000000 1323.538158 0.002038 0.004913 0.000000 0.000000 -0.000000
1.000000 7.000000 5.000000 7.000000 1254.631193 0.001931 0.004656 0.000000 0.000000 -0.000000
1.000000 8.000000 5.000000 7.000000 3240.976015 0.005014 0.012171 0.006602 0.000000 0.000000
1.000000 9.000000 5.000000 7.000000 2920.090259 0.004514 0.010945 0.006735 0.000000 0.000000
1.000000 10.000000 5.000000 7.000000 2519.274895 0.003890 0.009420 0.007750 0.000000 0.000000
1.000000 11.000000 5.000000 7.000000 3066.245183 0.004742 0.011502 0.008114 0.000000 0.000000
1.000000 12.000000 5.000000 7.000000 2737.882157 0.004230 0.010250 0.009059 0.000000 0.000000
1.000000 13.000000 5.000000 7.000000 8213.655673 0.012866 0.031799 0.012866 3312.996710 0.000000
1.000000 14.000000 5.000000 7.000000 21771.316242 0.035308 0.092056 0.035308 20924.796200 0.000000
1.000000 15.000000 5.000000 7.000000 41834.598245 0.071592 0.204826 0.071592 49398.352122 0.000000
1.000000 16.000000 5.000000 7.000000 54147.308016 0.095912 0.293561 0.095912 66657.921589 0.000000
1.000000 17.000000 5.000000 7.000000 74580.184777 0.140266 0.491956 0.140266 100585.450033 0.000000
1.000000 18.000000 5.000000 7.000000 2857.051687 0.004416 0.010704 0.010704 0.000000 -6013.979296
1.000000 19.000000 5.000000 7.000000 3402.656063 0.005266 0.012790 0.000000 0.000000 0.000000
1.000000 20.000000 5.000000 7.000000 2897.291269 0.004478 0.010858 0.000000 0.000000 0.000000
1.000000 21.000000 5.000000 7.000000 2561.467419 0.003956 0.009580 0.000000 0.000000 0.000000
1.000000 22.000000 5.000000 7.000000 2300.895071 0.003551 0.008592 0.000000 0.000000 0.000000
1.000000 23.000000 5.000000 7.000000 2098.232186 0.003237 0.007825 0.000000 0.000000 0.000000
1.000000 24.000000 5.000000 7.000000 1942.378636 0.002995 0.007237 0.000000 0.000000 -0.000000
1.000000 1.000000 6.000000 7.000000 1812.836931 0.002795 0.006749 0.000000 0.000000 -0.000000
1.000000 2.000000 6.000000 7.000000 1702.142963 0.002623 0.006333 0.000000 0.000000 -0.000000
1.000000 3.000000 6.000000 7.000000 1605.803264 0.002474 0.005971 0.000000 0.000000 -0.000000
1.000000 4.000000 6.000000 7.000000 1513.801477 0.002332 0.005626 0.000000 0.000000 -0.000000
1.000000 5.000000 6.000000 7.000000 1427.568124 0.002199 0.005303 0.000000 0.000000 -0.000000
1.000000 6.000000 6.000000 7.000000 1356.481797 0.002089 0.005037 0.000000 0.000000 -0.000000
1.000000 7.000000 6.000000 7.000000 1297.055394 0.001997 0.004814 0.000000 0.000000 -0.000000
1.000000 8.000000 6.000000 7.000000 3171.942189 0.004906 0.011907 0.005123 0.000000 0.000000
1.000000 9.000000 6.000000 7.000000 2892.481719 0.004471 0.010839 0.004471 79.021865 0.000000
1.000000 10.000000 6.000000 7.000000 2546.141453 0.003932 0.009521 0.004962 0.000000 0.000000
1.000000 11.000000 6.000000 7.000000 2943.217008 0.004550 0.011033 0.005647 0.000000 0.000000
1.000000 12.000000 6.000000 7.000000 2526.832793 0.003902 0.009448 0.006066 0.000000 0.000000
1.000000 13.000000 6.000000 7.000000 7389.734226 0.011551 0.028463 0.011551 4125.965000 0.000000
1.000000 14.000000 6.000000 7.000000 19723.090799 0.031817 0.082250 0.031817 19755.540221 0.000000
1.000000 15.000000 6.000000 7.000000 38303.018300 0.064917 0.182462 0.064917 46045.596635 0.000000
1.000000 16.000000 6.000000 7.000000 49628.960101 0.086791 0.258870 0.086791 61507.892087 0.000000
1.000000 17.000000 6.000000 7.000000 69132.160600 0.127913 0.431111 0.127913 93430.588137 0.000000
1.000000 18.000000 6.000000 7.000000 2565.319620 0.003962 0.009594 0.009594 0.000000 -4763.861336
1.000000 19.000000 6.000000 7.000000 3074.535929 0.004754 0.011534 0.000000 0.000000 0.000000
1.000000 20.000000 6.000000 7.000000 2673.159349 0.004130 0.010004 0.000000 0.000000 0.000000
1.000000 21.000000 6.000000 7.000000 2350.457400 0.003628 0.008779 0.000000 0.000000 0.000000
1.000000 22.000000 6.000000 7.000000 2132.810583 0.003290 0.007956 0.000000 0.000000 0.000000
1.000000 23.000000 6.000000 7.000000 1970.183951 0.003038 0.007342 0.000000 0.000000 0.000000
1.000000 24.000000 6.000000 7.000000 1841.660816 0.002839 0.006858 0.000000 0.000000 -0.000000
1.000000 1.000000 7.000000 7.000000 1743.791280 0.002688 0.006490 0.000000 0.000000 -0.000000
1.000000 2.000000 7.000000 7.000000 1649.828310 0.002542 0.006137 0.000000 0.000000 -0.000000
1.000000 3.000000 7.000000 7.000000 1560.856519 0.002405 0.005803 0.000000 0.000000 -0.000000
1.000000 4.000000 7.000000 7.000000 1484.471679 0.002287 0.005516 0.000000 0.000000 -0.000000
1.000000 5.000000 7.000000 7.000000 1419.785754 0.002187 0.005274 0.000000 0.000000 -0.000000
1.000000 6.000000 7.000000 7.000000 1356.308541 0.002088 0.005036 0.000000 0.000000 -0.000000
1.000000 7.000000 7.000000 7.000000 1304.987031 0.002009 0.004844 0.000000 0.000000 -0.000000
1.000000 8.000000 7.000000 7.000000 3138.654242 0.004854 0.011779 0.005244 0.000000 0.000000
1.000000 9.000000 7.000000 7.000000 2845.893602 0.004398 0.010662 0.005213 0.000000 0.000000
1.000000 10.000000 7.000000 7.000000 2512.499896 0.003880 0.009394 0.006132 0.000000 0.000000
1.000000 11.000000 7.000000 7.000000 3031.093642 0.004687 0.011368 0.006866 0.000000 0.000000
1.000000 12.000000 7.000000 7.000000 2639.690257 0.004078 0.009877 0.006845 0.000000 0.000000
1.000000 13.000000 7.000000 7.000000 7792.509142 0.012193 0.030090 0.012193 4182.203846 0.000000
1.000000 14.000000 7.000000 7.000000 20365.730476 0.032908 0.085298 0.032908 20743.214117 0.000000
1.000000 15.000000 7.000000 7.000000 38773.072420 0.065798 0.185369 0.065798 46328.176634 0.000000
1.000000 16.000000 7.000000 7.000000 50117.090954 0.087766 0.262491 0.087766 62283.472512 0.000000
1.000000 17.000000 7.000000 7.000000 69730.618195 0.129250 0.437467 0.129250 94666.471513 0.000000
1.000000 18.000000 7.000000 7.000000 2567.743327 0.003966 0.009604 0.009604 0.000000 -4593.641452
1.000000 19.000000 7.000000 7.000000 3072.790975 0.004752 0.011527 0.000000 0.000000 0.000000
1.000000 20.000000 7.000000 7.000000 2632.210868 0.004066 0.009848 0.000000 0.000000 0.000000
1.000000 21.000000 7.000000 7.000000 2296.404534 0.003544 0.008575 0.000000 0.000000 0.000000
1.000000 22.000000 7.000000 7.000000 2057.543014 0.003174 0.007672 0.000000 0.000000 0.000000
1.000000 23.000000 7.000000 7.000000 1886.293707 0.002908 0.007026 0.000000 0.000000 0.000000
1.000000 24.000000 7.000000 7.000000 1740.766221 0.002683 0.006478 0.000000 0.000000 0.000000
1.000000 1.000000 1.000000 7.000000 1625.681897 0.002505 0.006046 0.000000 0.000000 -0.000000
1.000000 2.000000 1.000000 7.000000 1529.530719 0.002356 0.005685 0.000000 0.000000 -0.000000
1.000000 3.000000 1.000000 7.000000 1439.472248 0.002217 0.005347 0.000000 0.000000 -0.000000
1.000000 4.000000 1.000000 7.000000 1363.644883 0.002100 0.005063 0.000000 0.000000 -0.000000
1.000000 5.000000 1.000000 7.000000 1299.225809 0.002000 0.004822 0.000000 0.000000 -0.000000
1.000000 6.000000 1.000000 7.000000 1243.994712 0.001915 0.004616 0.000000 0.000000 -0.000000
1.000000 7.000000 1.000000 7.000000 1196.584192 0.001842 0.004439 0.000000 0.000000 -0.000000
1.000000 8.000000 1.000000 7.000000 3283.558456 0.005080 0.012334 0.005754 0.000000 0.000000
1.000000 9.000000 1.000000 7.000000 2987.839126 0.004619 0.011203 0.005735 0.000000 0.000000
1.000000 10.000000 1.000000 7.000000 2624.756448 0.004054 0.009820 0.006589 0.000000 0.000000
1.000000 11.000000 1.000000 7.000000 2866.087040 0.004430 0.010739 0.007386 0.000000 0.000000
1.000000 12.000000 1.000000 7.000000 2494.874853 0.003853 0.009327 0.007397 0.000000 0.000000
1.000000 13.000000 1.000000 7.000000 7433.775029 0.011622 0.028641 0.011622 2988.364098 0.000000
1.000000 14.000000 1.000000 7.000000 19567.532742 0.031553 0.081516 0.031553 18923.942878 0.000000
1.000000 15.000000 1.000000 7.000000 37396.107624 0.063224 0.176913 0.063224 43274.536645 0.000000
1.000000 16.000000 1.000000 7.000000 48307.571480 0.084168 0.249216 0.084168 58382.099106 0.000000
1.000000 17.000000 1.000000 7.000000 66847.803262 0.122851 0.407532 0.122851 88691.036303 0.000000
1.000000 18.000000 1.000000 7.000000 2445.656139 0.003776 0.009140 0.009140 0.000000 -5436.832921
1.000000 19.000000 1.000000 7.000000 2940.156322 0.004545 0.011021 0.000000 0.000000 0.000000
1.000000 20.000000 1.000000 7.000000 2532.670329 0.003911 0.009470 0.000000 0.000000 0.000000
1.000000 21.000000 1.000000 7.000000 2207.774383 0.003407 0.008239 0.000000 0.000000 0.000000
1.000000 22.000000 1.000000 7.000000 1973.935417 0.003044 0.007356 0.000000 0.000000 0.000000
1.000000 23.000000 1.000000 7.000000 1805.315749 0.002783 0.006721 0.000000 0.000000 0.000000
1.000000 24.000000 1.000000 7.000000 1666.107280 0.002567 0.006198 0.000000 0.000000 -0.000000
1.000000 1.000000 2.000000 7.000000 1565.556046 0.002412 0.005820 0.000000 0.000000 -0.000000
1.000000 2.000000 2.000000 7.000000 1493.315896 0.002300 0.005549 0.000000 0.000000 -0.000000
1.000000 3.000000 2.000000 7.000000 1420.721548 0.002188 0.005277 0.000000 0.000000 -0.000000
1.000000 4.000000 2.000000 7.000000 1346.168139 0.002073 0.004998 0.000000 0.000000 -0.000000
1.000000 5.000000 2.000000 7.000000 1288.883922 0.001984 0.004784 0.000000 0.000000 -0.000000
1.000000 6.000000 2.000000 7.000000 1233.765477 0.001899 0.004578 0.000000 0.000000 -0.000000
1.000000 7.000000 2.000000 7.000000 1199.045818 0.001846 0.004448 0.000000 0.000000 -0.000000
1.000000 8.000000 2.000000 7.000000 3287.522146 0.005087 0.012349 0.005915 0.000000 0.000000
1.000000 9.000000 2.000000 7.000000 2937.962044 0.004542 0.011013 0.006178 0.000000 0.000000
1.000000 10.000000 2.000000 7.000000 2559.451070 0.003953 0.009572 0.007119 0.000000 0.000000
1.000000 11.000000 2.000000 7.000000 2973.935070 0.004598 0.011150 0.007895 0.000000 0.000000
1.000000 12.000000 2.000000 7.000000 2613.987079 0.004038 0.009779 0.007627 0.000000 0.000000
1.000000 13.000000 2.000000 7.000000 7739.118702 0.012108 0.029874 0.012108 3401.435419 0.000000
1.000000 14.000000 2.000000 7.000000 20305.659643 0.032806 0.085012 0.032806 19843.628977 0.000000
1.000000 15.000000 2.000000 7.000000 38930.340784 0.066094 0.186346 0.066094 44669.369405 0.000000
1.000000 16.000000 2.000000 7.000000 50523.944835 0.088580 0.265531 0.088580 61133.634571 0.000000
1.000000 17.000000 2.000000 7.000000 70121.080978 0.130125 0.441657 0.130125 94023.597436 0.000000
1.000000 18.000000 2.000000 7.000000 2595.005271 0.004008 0.009707 0.009707 0.000000 -5659.326991
1.000000 19.000000 2.000000 7.000000 3102.120573 0.004797 0.011640 0.000000 0.000000 0.000000
1.000000 20.000000 2.000000 7.000000 2649.800186 0.004093 0.009915 0.000000 0.000000 0.000000
1.000000 21.000000 2.000000 7.000000 2333.895759 0.003602 0.008717 0.000000 0.000000 0.000000
1.000000 22.000000 2.000000 7.000000 2101.162928 0.003241 0.007837 0.000000 0.000000 0.000000
1.000000 23.000000 2.000000 7.000000 1899.720774 0.002929 0.007077 0.000000 0.000000 0.000000
1.000000 24.000000 2.000000 7.000000 1742.999516 0.002686 0.006487 0.000000 0.000000 0.000000
1.000000 1.000000 3.000000 7.000000 1608.001928 0.002478 0.005980 0.000000 0.000000 0.000000
1.000000 2.000000 3.000000 7.000000 1502.766325 0.002315 0.005585 0.000000 0.000000 0.000000
1.000000 3.000000 3.000000 7.000000 1411.315372 0.002173 0.005242 0.000000 0.000000 0.000000
1.000000 4.000000 3.000000 7.000000 1333.690484 0.002054 0.004951 0.000000 0.000000 0.000000
1.000000 5.000000 3.000000 7.000000 1263.573260 0.001945 0.004689 0.000000 0.000000 0.000000
1.000000 6.000000 3.000000 7.000000 1188.625379 0.001830 0.004409 0.000000 0.000000 0.000000
1.000000 7.000000 3.000000 7.000000 1159.909591 0.001785 0.004302 0.000000 0.000000 0.000000
1.000000 8.000000 3.000000 7.000000 1322.204229 0.002036 0.004908 0.000000 0.000000 -0.000000
1.000000 9.000000 3.000000 7.000000 1660.299224 0.002558 0.006176 0.000000 0.000000 -0.000000
1.000000 10.000000 3.000000 7.000000 2183.489888 0.003369 0.008148 0.000000 0.000000 -0.000000
1.000000 11.000000 3.000000 7.000000 3132.644058 0.004845 0.011756 0.000000 0.000000 -0.000000
1.000000 12.000000 3.000000 7.000000 7881.487949 0.012335 0.030450 0.000000 0.000000 0.000000
1.000000 13.000000 3.000000 7.000000 24838.291159 0.040607 0.107260 0.000000 0.000000 0.000000
1.000000 14.000000 3.000000 7.000000 66507.309090 0.122103 0.404107 0.000000 0.000000 0.000000
1.000000 15.000000 3.000000 7.000000 128386.266412 0.288380 1.972308 0.000000 0.000000 0.000000
1.000000 16.000000 3.000000 7.000000 168193.520529 0.441221 153.513604 0.000000 0.000000 0.000000
1.000000 17.000000 3.000000 7.000000 232858.003107 0.839921 -2.263690 0.000000 0.000000 -0.000000
1.000000 18.000000 3.000000 7.000000 9758.983057 0.015346 0.038149 0.000000 0.000000 -0.000000
1.000000 19.000000 3.000000 7.000000 4020.020960 0.006231 0.015168 0.000000 0.000000 -0.000000
1.000000 20.000000 3.000000 7.000000 3169.776158 0.004903 0.011898 0.000000 0.000000 0.000000
1.000000 21.000000 3.000000 7.000000 2703.935518 0.004178 0.010121 0.000000 0.000000 0.000000
1.000000 22.000000 3.000000 7.000000 2399.516105 0.003704 0.008965 0.000000 0.000000 0.000000
1.000000 23.000000 3.000000 7.000000 2163.678787 0.003338 0.008073 0.000000 0.000000 0.000000
1.000000 24.000000 3.000000 7.000000 1984.340628 0.003060 0.007396 0.000000 0.000000 0.000000
1.000000 1.000000 4.000000 7.000000 1830.789647 0.002822 0.006817 0.000000 0.000000 0.000000
1.000000 2.000000 4.000000 7.000000 1706.629611 0.002630 0.006350 0.000000 0.000000 0.000000
1.000000 3.000000 4.000000 7.000000 1593.947903 0.002456 0.005927 0.000000 0.000000 0.000000
1.000000 4.000000 4.000000 7.000000 1491.927629 0.002298 0.005544 0.000000 0.000000 0.000000
1.000000 5.000000 4.000000 7.000000 1402.892232 0.002160 0.005210 0.000000 0.000000 -0.000000
1.000000 6.000000 4.000000 7.000000 1323.931126 0.002038 0.004915 0.000000 0.000000 -0.000000
1.000000 7.000000 4.000000 7.000000 1271.187860 0.001957 0.004718 0.000000 0.000000 0.000000
1.000000 8.000000 4.000000 7.000000 1432.142070 0.002206 0.005320 0.000000 0.000000 -0.000000
1.000000 9.000000 4.000000 7.000000 1732.603644 0.002670 0.006448 0.000000 0.000000 -0.000000
1.000000 10.000000 4.000000 7.000000 2235.536562 0.003450 0.008344 0.000000 0.000000 -0.000000
1.000000 11.000000 4.000000 7.000000 3055.432251 0.004725 0.011461 0.000000 0.000000 -0.000000
1.000000 12.000000 4.000000 7.000000 7253.566007 0.011335 0.027915 0.000000 0.000000 0.000000
1.000000 13.000000 4.000000 7.000000 22192.067495 0.036030 0.094104 0.000000 0.000000 0.000000
1.000000 14.000000 4.000000 7.000000 57040.559666 0.101876 0.317248 0.000000 0.000000 0.000000
1.000000 15.000000 4.000000 7.000000 109445.308428 0.230096 1.145471 0.000000 0.000000 0.000000
1.000000 16.000000 4.000000 7.000000 143304.670105 0.340218 3.485896 0.000000 0.000000 0.000000
1.000000 17.000000 4.000000 7.000000 204254.456232 0.631928 -3.590962 0.000000 0.000000 -0.000000
1.000000 18.000000 4.000000 7.000000 8423.630177 0.013202 0.032655 0.000000 0.000000 -0.000000
1.000000 19.000000 4.000000 7.000000 3459.333784 0.005355 0.013008 0.000000 0.000000 -0.000000
1.000000 20.000000 4.000000 7.000000 2861.130570 0.004422 0.010720 0.000000 0.000000 0.000000
1.000000 21.000000 4.000000 7.000000 2476.459309 0.003824 0.009257 0.000000 0.000000 0.000000
1.000000 22.000000 4.000000 7.000000 2165.195442 0.003341 0.008078 0.000000 0.000000 0.000000
1.000000 23.000000 4.000000 7.000000 1992.919588 0.003074 0.007428 0.000000 0.000000 0.000000
1.000000 24.000000 4.000000 7.000000 1856.529827 0.002862 0.006914 0.000000 0.000000 -0.000000
1.000000 1.000000 5.000000 7.000000 1727.169799 0.002662 0.006427 0.000000 0.000000 -0.000000
1.000000 2.000000 5.000000 7.000000 1612.534155 0.002485 0.005997 0.000000 0.000000 -0.000000
1.000000 3.000000 5.000000 7.000000 1507.793518 0.002323 0.005604 0.000000 0.000000 -0.000000
1.000000 4.000000 5.000000 7.000000 1436.671148 0.002213 0.005337 0.000000 0.000000 -0.000000
1.000000 5.000000 5.000000 7.000000 1364.868225 0.002102 0.005068 0.000000 0.000000 -0.000000
1.000000 6.000000 5.000000 7.000000 1339.811884 0.002063 0.004974 0.000000 0.000000 -0.000000
1.000000 7.000000 5.000000 7.000000 1293.567453 0.001992 0.004801 0.000000 0.000000 -0.000000
1.000000 8.000000 5.000000 7.000000 3123.671526 0.004831 0.011722 0.007292 0.000000 0.000000
1.000000 9.000000 5.000000 7.000000 2913.840704 0.004504 0.010921 0.006833 0.000000 0.000000
1.000000 10.000000 5.000000 7.000000 2601.378639 0.004018 0.009731 0.007308 0.000000 0.000000
1.000000 11.000000 5.000000 7.000000 2886.159250 0.004461 0.010815 0.007330 0.000000 0.000000
1.000000 12.000000 5.000000 7.000000 2577.016856 0.003980 0.009639 0.007461 0.000000 0.000000
1.000000 13.000000 5.000000 7.000000 7758.509450 0.012139 0.029952 0.012139 3962.000598 0.000000
1.000000 14.000000 5.000000 7.000000 20543.108037 0.033210 0.086143 0.033210 20646.128843 0.000000
1.000000 15.000000 5.000000 7.000000 39055.175043 0.066328 0.187123 0.066328 45874.238766 0.000000
1.000000 16.000000 5.000000 7.000000 50703.514304 0.088939 0.266880 0.088939 61120.695407 0.000000
1.000000 17.000000 5.000000 7.000000 71323.539910 0.132833 0.454768 0.132833 94739.913803 0.000000
1.000000 18.000000 5.000000 7.000000 2691.981762 0.004159 0.010076 0.010076 0.000000 -7144.279325
1.000000 19.000000 5.000000 7.000000 3329.371845 0.005152 0.012509 0.000000 0.000000 0.000000
1.000000 20.000000 5.000000 7.000000 2947.260328 0.004556 0.011048 0.000000 0.000000 0.000000
1.000000 21.000000 5.000000 7.000000 2673.747856 0.004131 0.010006 0.000000 0.000000 0.000000
1.000000 22.000000 5.000000 7.000000 2396.953395 0.003700 0.008956 0.000000 0.000000 0.000000
1.000000 23.000000 5.000000 7.000000 2226.399682 0.003436 0.008310 0.000000 0.000000 0.000000
1.000000 24.000000 5.000000 7.000000 2095.679638 0.003233 0.007816 0.000000 0.000000 0.000000
1.000000 1.000000 6.000000 7.000000 1987.411818 0.003065 0.007407 0.000000 0.000000 0.000000
1.000000 2.000000 6.000000 7.000000 1856.640891 0.002862 0.006914 0.000000 0.000000 -0.000000
1.000000 3.000000 6.000000 7.000000 1736.723984 0.002677 0.006463 0.000000 0.000000 -0.000000
1.000000 4.000000 6.000000 7.000000 1633.912338 0.002518 0.006077 0.000000 0.000000 -0.000000
1.000000 5.000000 6.000000 7.000000 1547.017023 0.002383 0.005751 0.000000 0.000000 -0.000000
1.000000 6.000000 6.000000 7.000000 1472.064623 0.002267 0.005470 0.000000 0.000000 -0.000000
1.000000 7.000000 6.000000 7.000000 1405.435088 0.002164 0.005220 0.000000 0.000000 -0.000000
1.000000 8.000000 6.000000 7.000000 3037.617665 0.004697 0.011393 0.007218 0.000000 0.000000
1.000000 9.000000 6.000000 7.000000 2823.268367 0.004363 0.010575 0.006212 0.000000 0.000000
1.000000 10.000000 6.000000 7.000000 2562.127735 0.003957 0.009582 0.005655 0.000000 0.000000
1.000000 11.000000 6.000000 7.000000 2844.506486 0.004396 0.010656 0.005734 0.000000 0.000000
1.000000 12.000000 6.000000 7.000000 2421.889425 0.003739 0.009050 0.005861 0.000000 0.000000
1.000000 13.000000 6.000000 7.000000 7183.808289 0.011224 0.027635 0.011224 3740.632855 0.000000
1.000000 14.000000 6.000000 7.000000 18830.158553 0.030306 0.078059 0.030306 18955.911792 0.000000
1.000000 15.000000 6.000000 7.000000 35487.940571 0.059688 0.165485 0.059688 41280.195383 0.000000
1.000000 16.000000 6.000000 7.000000 45191.326699 0.078057 0.227265 0.078057 54646.678326 0.000000
1.000000 17.000000 6.000000 7.000000 63434.939078 0.115416 0.374208 0.115416 82437.917557 0.000000
1.000000 18.000000 6.000000 7.000000 2373.637530 0.003664 0.008867 0.008867 0.000000 -4899.612369
1.000000 19.000000 6.000000 7.000000 2959.130597 0.004575 0.011093 0.000000 0.000000 0.000000
1.000000 20.000000 6.000000 7.000000 2599.824177 0.004016 0.009725 0.000000 0.000000 0.000000
1.000000 21.000000 6.000000 7.000000 2300.721211 0.003551 0.008591 0.000000 0.000000 0.000000
1.000000 22.000000 6.000000 7.000000 2081.453939 0.003211 0.007762 0.000000 0.000000 0.000000
1.000000 23.000000 6.000000 7.000000 1885.852430 0.002908 0.007024 0.000000 0.000000 0.000000
1.000000 24.000000 6.000000 7.000000 1734.316270 0.002673 0.006454 0.000000 0.000000 -0.000000
1.000000 1.000000 7.000000 7.000000 1604.007385 0.002471 0.005965 0.000000 0.000000 -0.000000
1.000000 2.000000 7.000000 7.000000 1500.523108 0.002311 0.005576 0.000000 0.000000 -0.000000
1.000000 3.000000 7.000000 7.000000 1419.114455 0.002186 0.005271 0.000000 0.000000 -0.000000
1.000000 4.000000 7.000000 7.000000 1349.613241 0.002078 0.005011 0.000000 0.000000 -0.000000
1.000000 5.000000 7.000000 7.000000 1303.041023 0.002006 0.004837 0.000000 0.000000 -0.000000
1.000000 6.000000 7.000000 7.000000 1260.829225 0.001941 0.004679 0.000000 0.000000 -0.000000
1.000000 7.000000 7.000000 7.000000 1207.792778 0.001859 0.004481 0.000000 0.000000 -0.000000
1.000000 8.000000 7.000000 7.000000 3315.176302 0.005130 0.012455 0.005130 658.532004 0.000000
1.000000 9.000000 7.000000 7.000000 2939.439698 0.004544 0.011018 0.005862 0.000000 0.000000
1.000000 10.000000 7.000000 7.000000 2555.429360 0.003947 0.009557 0.007041 0.000000 0.000000
1.000000 11.000000 7.000000 7.000000 2999.516628 0.004638 0.011248 0.006923 0.000000 0.000000
1.000000 12.000000 7.000000 7.000000 2682.179929 0.004144 0.010038 0.006999 0.000000 0.000000
1.000000 13.000000 7.000000 7.000000 8080.179540 0.012653 0.031256 0.012653 4898.350766 0.000000
1.000000 14.000000 7.000000 7.000000 21606.318050 0.035026 0.091256 0.035026 22805.197666 0.000000
1.000000 15.000000 7.000000 7.000000 41411.848673 0.070786 0.202083 0.070786 49414.899673 0.000000
1.000000 16.000000 7.000000 7.000000 53794.813314 0.095192 0.290757 0.095192 67581.488355 0.000000
1.000000 17.000000 7.000000 7.000000 73901.960709 0.138706 0.484001 0.138706 101368.399057 0.000000
1.000000 18.000000 7.000000 7.000000 2824.007546 0.004364 0.010578 0.010578 0.000000 -4068.696874
1.000000 19.000000 7.000000 7.000000 3322.507978 0.005141 0.012483 0.000000 0.000000 0.000000
1.000000 20.000000 7.000000 7.000000 2807.920666 0.004339 0.010517 0.000000 0.000000 0.000000
1.000000 21.000000 7.000000 7.000000 2411.717416 0.003723 0.009012 0.000000 0.000000 0.000000
1.000000 22.000000 7.000000 7.000000 2130.717497 0.003287 0.007948 0.000000 0.000000 0.000000
1.000000 23.000000 7.000000 7.000000 1907.917604 0.002942 0.007108 0.000000 0.000000 0.000000
1.000000 24.000000 7.000000 7.000000 1742.919355 0.002686 0.006486 0.000000 0.000000 -0.000000
1.000000 1.000000 1.000000 8.000000 1600.861063 0.002467 0.005953 0.000000 0.000000 -0.000000
1.000000 2.000000 1.000000 8.000000 1492.851326 0.002299 0.005548 0.000000 0.000000 -0.000000
1.000000 3.000000 1.000000 8.000000 1397.753419 0.002153 0.005191 0.000000 0.000000 -0.000000
1.000000 4.000000 1.000000 8.000000 1316.136593 0.002026 0.004886 0.000000 0.000000 -0.000000
1.000000 5.000000 1.000000 8.000000 1240.305719 0.001909 0.004602 0.000000 0.000000 -0.000000
1.000000 6.000000 1.000000 8.000000 1183.958611 0.001822 0.004392 0.000000 0.000000 -0.000000
1.000000 7.000000 1.000000 8.000000 1120.700299 0.001725 0.004155 0.000000 0.000000 -0.000000
1.000000 8.000000 1.000000 8.000000 3394.505612 0.005253 0.012759 0.005668 0.000000 0.000000
1.000000 9.000000 1.000000 8.000000 3225.896721 0.004990 0.012113 0.005435 0.000000 0.000000
1.000000 10.000000 1.000000 8.000000 2617.533883 0.004043 0.009793 0.006489 0.000000 0.000000
1.000000 11.000000 1.000000 8.000000 3073.941910 0.004754 0.011532 0.007398 0.000000 0.000000
1.000000 12.000000 1.000000 8.000000 2745.054927 0.004241 0.010278 0.008322 0.000000 0.000000
1.000000 13.000000 1.000000 8.000000 7192.439028 0.011237 0.027670 0.011237 2012.474968 0.000000
1.000000 14.000000 1.000000 8.000000 22984.301467 0.037394 0.097993 0.037394 22701.080068 0.000000
1.000000 15.000000 1.000000 8.000000 49984.648044 0.087501 0.261505 0.087501 61913.043922 0.000000
1.000000 16.000000 1.000000 8.000000 84864.469572 0.164731 0.628322 0.164731 121059.875334 0.000000
1.000000 17.000000 1.000000 8.000000 83609.144579 0.161661 0.609915 0.161661 114049.524123 0.000000
1.000000 18.000000 1.000000 8.000000 18828.795808 0.030304 0.078053 0.030304 7911.312394 0.000000
1.000000 19.000000 1.000000 8.000000 4181.819409 0.006485 0.015794 0.000000 0.000000 -0.000000
1.000000 20.000000 1.000000 8.000000 3177.341880 0.004915 0.011927 0.000000 0.000000 -0.000000
1.000000 21.000000 1.000000 8.000000 2708.930464 0.004185 0.010140 0.000000 0.000000 0.000000
1.000000 22.000000 1.000000 8.000000 2379.335078 0.003673 0.008889 0.000000 0.000000 0.000000
1.000000 23.000000 1.000000 8.000000 2179.310231 0.003363 0.008132 0.000000 0.000000 -0.000000
1.000000 24.000000 1.000000 8.000000 2029.284731 0.003130 0.007565 0.000000 0.000000 -0.000000
1.000000 1.000000 2.000000 8.000000 1865.265693 0.002876 0.006947 0.000000 0.000000 -0.000000
1.000000 2.000000 2.000000 8.000000 1709.706116 0.002635 0.006362 0.000000 0.000000 -0.000000
1.000000 3.000000 2.000000 8.000000 1585.228458 0.002442 0.005894 0.000000 0.000000 -0.000000
1.000000 4.000000 2.000000 8.000000 1490.997613 0.002297 0.005541 0.000000 0.000000 -0.000000
1.000000 5.000000 2.000000 8.000000 1420.631408 0.002188 0.005277 0.000000 0.000000 -0.000000
1.000000 6.000000 2.000000 8.000000 1372.962313 0.002114 0.005098 0.000000 0.000000 -0.000000
1.000000 7.000000 2.000000 8.000000 1329.183896 0.002047 0.004934 0.000000 0.000000 -0.000000
1.000000 8.000000 2.000000 8.000000 3248.206410 0.005025 0.012198 0.006747 0.000000 0.000000
1.000000 9.000000 2.000000 8.000000 3009.987229 0.004654 0.011288 0.006863 0.000000 0.000000
1.000000 10.000000 2.000000 8.000000 2473.711165 0.003820 0.009247 0.006969 0.000000 0.000000
1.000000 11.000000 2.000000 8.000000 3259.678251 0.005043 0.012242 0.007894 0.000000 0.000000
1.000000 12.000000 2.000000 8.000000 2683.875396 0.004146 0.010045 0.009035 0.000000 0.000000
1.000000 13.000000 2.000000 8.000000 7282.450381 0.011381 0.028032 0.011381 2028.919797 0.000000
1.000000 14.000000 2.000000 8.000000 22608.043613 0.036745 0.096141 0.036745 22375.768471 0.000000
1.000000 15.000000 2.000000 8.000000 47832.571930 0.083230 0.245797 0.083230 58643.503576 0.000000
1.000000 16.000000 2.000000 8.000000 79333.930501 0.151383 0.551096 0.151383 110888.787144 0.000000
1.000000 17.000000 2.000000 8.000000 77118.896101 0.146163 0.522777 0.146163 102216.647203 0.000000
1.000000 18.000000 2.000000 8.000000 17260.389955 0.027667 0.070811 0.027667 7502.658792 0.000000
1.000000 19.000000 2.000000 8.000000 3867.544208 0.005993 0.014579 0.000000 0.000000 -0.000000
1.000000 20.000000 2.000000 8.000000 2959.623176 0.004575 0.011095 0.000000 0.000000 -0.000000
1.000000 21.000000 2.000000 8.000000 2552.207677 0.003942 0.009545 0.000000 0.000000 0.000000
1.000000 22.000000 2.000000 8.000000 2243.786401 0.003463 0.008376 0.000000 0.000000 -0.000000
1.000000 23.000000 2.000000 8.000000 2011.323522 0.003102 0.007497 0.000000 0.000000 -0.000000
1.000000 24.000000 2.000000 8.000000 1834.722526 0.002828 0.006832 0.000000 0.000000 -0.000000
1.000000 1.000000 3.000000 8.000000 1695.478509 0.002613 0.006308 0.000000 0.000000 -0.000000
1.000000 2.000000 3.000000 8.000000 1583.355960 0.002439 0.005887 0.000000 0.000000 -0.000000
1.000000 3.000000 3.000000 8.000000 1486.615692 0.002290 0.005524 0.000000 0.000000 -0.000000
1.000000 4.000000 3.000000 8.000000 1407.182567 0.002167 0.005226 0.000000 0.000000 -0.000000
1.000000 5.000000 3.000000 8.000000 1339.956982 0.002063 0.004975 0.000000 0.000000 -0.000000
1.000000 6.000000 3.000000 8.000000 1272.441142 0.001959 0.004722 0.000000 0.000000 -0.000000
1.000000 7.000000 3.000000 8.000000 1227.051644 0.001889 0.004553 0.000000 0.000000 -0.000000
1.000000 8.000000 3.000000 8.000000 1331.962148 0.002051 0.004945 0.000000 0.000000 -0.000000
1.000000 9.000000 3.000000 8.000000 1623.412483 0.002501 0.006037 0.000000 0.000000 -0.000000
1.000000 10.000000 3.000000 8.000000 2383.785166 0.003680 0.008906 0.000000 0.000000 -0.000000
1.000000 11.000000 3.000000 8.000000 3510.542190 0.005435 0.013205 0.000000 0.000000 -0.000000
1.000000 12.000000 3.000000 8.000000 5768.697754 0.008981 0.021999 0.000000 0.000000 -0.000000
1.000000 13.000000 3.000000 8.000000 23589.786988 0.038440 0.100993 0.000000 0.000000 0.000000
1.000000 14.000000 3.000000 8.000000 74632.877814 0.140388 0.492579 0.000000 0.000000 0.000000
1.000000 15.000000 3.000000 8.000000 159136.825838 0.402104 10.164442 0.000000 0.000000 0.000000
1.000000 16.000000 3.000000 8.000000 264699.511620 1.170999 -1.718173 0.000000 0.000000 -0.000000
1.000000 17.000000 3.000000 8.000000 262774.825088 1.146786 -1.740642 0.000000 0.000000 -0.000000
1.000000 18.000000 3.000000 8.000000 63555.588737 0.115676 0.375349 0.000000 0.000000 -0.000000
1.000000 19.000000 3.000000 8.000000 5249.328024 0.008162 0.019955 0.000000 0.000000 -0.000000
1.000000 20.000000 3.000000 8.000000 3749.749655 0.005808 0.014125 0.000000 0.000000 -0.000000
1.000000 21.000000 3.000000 8.000000 3118.682478 0.004823 0.011703 0.000000 0.000000 0.000000
1.000000 22.000000 3.000000 8.000000 2687.432435 0.004152 0.010058 0.000000 0.000000 0.000000
1.000000 23.000000 3.000000 8.000000 2352.894898 0.003632 0.008789 0.000000 0.000000 -0.000000
1.000000 24.000000 3.000000 8.000000 2104.935260 0.003247 0.007851 0.000000 0.000000 -0.000000
1.000000 1.000000 4.000000 8.000000 1911.427854 0.002947 0.007121 0.000000 0.000000 -0.000000
1.000000 2.000000 4.000000 8.000000 1752.792396 0.002702 0.006524 0.000000 0.000000 -0.000000
1.000000 3.000000 4.000000 8.000000 1623.053346 0.002501 0.006036 0.000000 0.000000 -0.000000
1.000000 4.000000 4.000000 8.000000 1515.677450 0.002335 0.005633 0.000000 0.000000 -0.000000
1.000000 5.000000 4.000000 8.000000 1421.092479 0.002189 0.005279 0.000000 0.000000 -0.000000
1.000000 6.000000 4.000000 8.000000 1336.206064 0.002057 0.004961 0.000000 0.000000 -0.000000
1.000000 7.000000 4.000000 8.000000 1264.978482 0.001947 0.004694 0.000000 0.000000 -0.000000
1.000000 8.000000 4.000000 8.000000 1357.716516 0.002091 0.005041 0.000000 0.000000 -0.000000
1.000000 9.000000 4.000000 8.000000 1601.712784 0.002468 0.005956 0.000000 0.000000 -0.000000
1.000000 10.000000 4.000000 8.000000 2326.278962 0.003591 0.008688 0.000000 0.000000 -0.000000
1.000000 11.000000 4.000000 8.000000 3406.957762 0.005273 0.012807 0.000000 0.000000 -0.000000
1.000000 12.000000 4.000000 8.000000 5450.836283 0.008479 0.020746 0.000000 0.000000 -0.000000
1.000000 13.000000 4.000000 8.000000 21864.975258 0.035469 0.092511 0.000000 0.000000 0.000000
1.000000 14.000000 4.000000 8.000000 69365.242939 0.128433 0.433577 0.000000 0.000000 0.000000
1.000000 15.000000 4.000000 8.000000 148383.250916 0.359238 4.503978 0.000000 0.000000 0.000000
1.000000 16.000000 4.000000 8.000000 249433.255928 0.995385 -1.925904 0.000000 0.000000 -0.000000
1.000000 17.000000 4.000000 8.000000 248249.522677 0.983195 -1.945350 0.000000 0.000000 -0.000000
1.000000 18.000000 4.000000 8.000000 59785.327579 0.107626 0.340880 0.000000 0.000000 -0.000000
1.000000 19.000000 4.000000 8.000000 4914.666613 0.007635 0.018644 0.000000 0.000000 -0.000000
1.000000 20.000000 4.000000 8.000000 3552.129757 0.005500 0.013364 0.000000 0.000000 -0.000000
1.000000 21.000000 4.000000 8.000000 2990.857750 0.004624 0.011215 0.000000 0.000000 0.000000
1.000000 22.000000 4.000000 8.000000 2636.054526 0.004072 0.009863 0.000000 0.000000 0.000000
1.000000 23.000000 4.000000 8.000000 2353.592311 0.003633 0.008791 0.000000 0.000000 -0.000000
1.000000 24.000000 4.000000 8.000000 2130.177158 0.003286 0.007946 0.000000 0.000000 -0.000000
1.000000 1.000000 5.000000 8.000000 1971.951053 0.003041 0.007349 0.000000 0.000000 -0.000000
1.000000 2.000000 5.000000 8.000000 1848.039357 0.002849 0.006882 0.000000 0.000000 -0.000000
1.000000 3.000000 5.000000 8.000000 1737.713932 0.002678 0.006467 0.000000 0.000000 -0.000000
1.000000 4.000000 5.000000 8.000000 1638.692650 0.002525 0.006095 0.000000 0.000000 -0.000000
1.000000 5.000000 5.000000 8.000000 1555.277537 0.002396 0.005782 0.000000 0.000000 -0.000000
1.000000 6.000000 5.000000 8.000000 1471.418247 0.002266 0.005467 0.000000 0.000000 -0.000000
1.000000 7.000000 5.000000 8.000000 1413.971309 0.002178 0.005252 0.000000 0.000000 -0.000000
1.000000 8.000000 5.000000 8.000000 3164.898352 0.004895 0.011880 0.006900 0.000000 0.000000
1.000000 9.000000 5.000000 8.000000 2906.727660 0.004493 0.010894 0.007575 0.000000 0.000000
1.000000 10.000000 5.000000 8.000000 2485.962082 0.003839 0.009293 0.007877 0.000000 0.000000
1.000000 11.000000 5.000000 8.000000 3331.973703 0.005156 0.012519 0.008015 0.000000 0.000000
1.000000 12.000000 5.000000 8.000000 2665.944898 0.004118 0.009977 0.007517 0.000000 0.000000
1.000000 13.000000 5.000000 8.000000 7218.369505 0.011279 0.027774 0.011279 3045.132315 0.000000
1.000000 14.000000 5.000000 8.000000 22401.130346 0.036390 0.095126 0.036390 23217.854887 0.000000
1.000000 15.000000 5.000000 8.000000 46393.903236 0.080403 0.235604 0.080403 56592.787966 0.000000
1.000000 16.000000 5.000000 8.000000 77759.555295 0.147666 0.530826 0.147666 108405.698747 0.000000
1.000000 17.000000 5.000000 8.000000 75845.707600 0.143194 0.507109 0.143194 100498.250542 0.000000
1.000000 18.000000 5.000000 8.000000 16930.565892 0.027115 0.069307 0.027115 7085.217661 0.000000
1.000000 19.000000 5.000000 8.000000 3792.623694 0.005875 0.014290 0.000000 0.000000 -0.000000
1.000000 20.000000 5.000000 8.000000 2907.846074 0.004495 0.010898 0.000000 0.000000 -0.000000
1.000000 21.000000 5.000000 8.000000 2517.181206 0.003887 0.009412 0.000000 0.000000 0.000000
1.000000 22.000000 5.000000 8.000000 2261.909920 0.003491 0.008444 0.000000 0.000000 0.000000
1.000000 23.000000 5.000000 8.000000 2034.805752 0.003139 0.007586 0.000000 0.000000 -0.000000
1.000000 24.000000 5.000000 8.000000 1881.337607 0.002901 0.007007 0.000000 0.000000 -0.000000
1.000000 1.000000 6.000000 8.000000 1748.930091 0.002696 0.006509 0.000000 0.000000 -0.000000
1.000000 2.000000 6.000000 8.000000 1660.393275 0.002559 0.006176 0.000000 0.000000 -0.000000
1.000000 3.000000 6.000000 8.000000 1580.476829 0.002435 0.005876 0.000000 0.000000 -0.000000
1.000000 4.000000 6.000000 8.000000 1501.690885 0.002313 0.005581 0.000000 0.000000 -0.000000
1.000000 5.000000 6.000000 8.000000 1431.946617 0.002205 0.005319 0.000000 0.000000 -0.000000
1.000000 6.000000 6.000000 8.000000 1380.367421 0.002126 0.005126 0.000000 0.000000 -0.000000
1.000000 7.000000 6.000000 8.000000 1343.307395 0.002068 0.004987 0.000000 0.000000 -0.000000
1.000000 8.000000 6.000000 8.000000 3202.029646 0.004953 0.012022 0.004953 205.118549 0.000000
1.000000 9.000000 6.000000 8.000000 2945.902287 0.004554 0.011043 0.004554 41.554885 0.000000
1.000000 10.000000 6.000000 8.000000 2491.537286 0.003847 0.009314 0.004591 0.000000 0.000000
1.000000 11.000000 6.000000 8.000000 3094.800718 0.004786 0.011612 0.005168 0.000000 0.000000
1.000000 12.000000 6.000000 8.000000 2854.058526 0.004411 0.010693 0.004411 114.262630 0.000000
1.000000 13.000000 6.000000 8.000000 6502.099611 0.010141 0.024908 0.010141 4287.620084 0.000000
1.000000 14.000000 6.000000 8.000000 20205.015226 0.032635 0.084533 0.032635 22089.833248 0.000000
1.000000 15.000000 6.000000 8.000000 44090.507582 0.075924 0.219773 0.075924 53934.409370 0.000000
1.000000 16.000000 6.000000 8.000000 74506.108579 0.140096 0.491081 0.140096 103348.138550 0.000000
1.000000 17.000000 6.000000 8.000000 73394.471375 0.137543 0.478122 0.137543 97999.479919 0.000000
1.000000 18.000000 6.000000 8.000000 16401.180361 0.026232 0.066907 0.026232 7824.453919 0.000000
1.000000 19.000000 6.000000 8.000000 3687.146279 0.005710 0.013884 0.000000 0.000000 -0.000000
1.000000 20.000000 6.000000 8.000000 2876.076927 0.004445 0.010777 0.000000 0.000000 -0.000000
1.000000 21.000000 6.000000 8.000000 2480.042704 0.003829 0.009271 0.000000 0.000000 0.000000
1.000000 22.000000 6.000000 8.000000 2167.747010 0.003345 0.008088 0.000000 0.000000 -0.000000
1.000000 23.000000 6.000000 8.000000 1970.366409 0.003039 0.007343 0.000000 0.000000 -0.000000
1.000000 24.000000 6.000000 8.000000 1822.910857 0.002810 0.006787 0.000000 0.000000 -0.000000
1.000000 1.000000 7.000000 8.000000 1695.153071 0.002612 0.006307 0.000000 0.000000 -0.000000
1.000000 2.000000 7.000000 8.000000 1598.710961 0.002463 0.005945 0.000000 0.000000 -0.000000
1.000000 3.000000 7.000000 8.000000 1510.085487 0.002326 0.005612 0.000000 0.000000 -0.000000
1.000000 4.000000 7.000000 8.000000 1433.722173 0.002208 0.005326 0.000000 0.000000 -0.000000
1.000000 5.000000 7.000000 8.000000 1371.296459 0.002112 0.005092 0.000000 0.000000 -0.000000
1.000000 6.000000 7.000000 8.000000 1316.193489 0.002026 0.004886 0.000000 0.000000 0.000000
1.000000 7.000000 7.000000 8.000000 1264.331201 0.001946 0.004692 0.000000 0.000000 0.000000
1.000000 8.000000 7.000000 8.000000 3334.846929 0.005160 0.012530 0.005160 1340.314670 0.000000
1.000000 9.000000 7.000000 8.000000 2993.774148 0.004629 0.011226 0.005031 0.000000 0.000000
1.000000 10.000000 7.000000 8.000000 2479.448193 0.003829 0.009268 0.006365 0.000000 0.000000
1.000000 11.000000 7.000000 8.000000 3282.726950 0.005079 0.012331 0.007026 0.000000 0.000000
1.000000 12.000000 7.000000 8.000000 2548.432715 0.003936 0.009530 0.004975 0.000000 0.000000
1.000000 13.000000 7.000000 8.000000 7913.417303 0.012386 0.030580 0.012386 5495.037333 0.000000
1.000000 14.000000 7.000000 8.000000 24899.008172 0.040713 0.107568 0.040713 28165.410274 0.000000
1.000000 15.000000 7.000000 8.000000 52402.369076 0.092362 0.279845 0.092362 66391.278451 0.000000
1.000000 16.000000 7.000000 8.000000 86848.938553 0.169634 0.658572 0.169634 126513.494328 0.000000
1.000000 17.000000 7.000000 8.000000 84587.215738 0.164051 0.624210 0.164051 116749.441640 0.000000
1.000000 18.000000 7.000000 8.000000 19158.101394 0.030860 0.079592 0.030860 10434.718327 0.000000
1.000000 19.000000 7.000000 8.000000 4334.666297 0.006724 0.016386 0.000000 0.000000 -0.000000
1.000000 20.000000 7.000000 8.000000 3351.884125 0.005187 0.012596 0.000000 0.000000 -0.000000
1.000000 21.000000 7.000000 8.000000 2850.626232 0.004406 0.010680 0.000000 0.000000 0.000000
1.000000 22.000000 7.000000 8.000000 2515.628618 0.003885 0.009406 0.000000 0.000000 0.000000
1.000000 23.000000 7.000000 8.000000 2258.615749 0.003486 0.008432 0.000000 0.000000 -0.000000
1.000000 24.000000 7.000000 8.000000 2052.842579 0.003166 0.007654 0.000000 0.000000 -0.000000
1.000000 1.000000 1.000000 8.000000 1882.130870 0.002902 0.007010 0.000000 0.000000 -0.000000
1.000000 2.000000 1.000000 8.000000 1746.053170 0.002691 0.006498 0.000000 0.000000 -0.000000
1.000000 3.000000 1.000000 8.000000 1625.995790 0.002505 0.006047 0.000000 0.000000 -0.000000
1.000000 4.000000 1.000000 8.000000 1517.737310 0.002338 0.005641 0.000000 0.000000 -0.000000
1.000000 5.000000 1.000000 8.000000 1431.763365 0.002205 0.005319 0.000000 0.000000 -0.000000
1.000000 6.000000 1.000000 8.000000 1359.583269 0.002094 0.005048 0.000000 0.000000 -0.000000
1.000000 7.000000 1.000000 8.000000 1304.767030 0.002009 0.004843 0.000000 0.000000 0.000000
1.000000 8.000000 1.000000 8.000000 3293.820778 0.005096 0.012373 0.005240 0.000000 0.000000
1.000000 9.000000 1.000000 8.000000 2955.893496 0.004570 0.011081 0.005974 0.000000 0.000000
1.000000 10.000000 1.000000 8.000000 2499.918388 0.003860 0.009346 0.007013 0.000000 0.000000
1.000000 11.000000 1.000000 8.000000 3290.535840 0.005091 0.012361 0.007931 0.000000 0.000000
1.000000 12.000000 1.000000 8.000000 2559.731187 0.003953 0.009573 0.006695 0.000000 0.000000
1.000000 13.000000 1.000000 8.000000 7829.657619 0.012253 0.030240 0.012253 3761.137736 0.000000
1.000000 14.000000 1.000000 8.000000 24149.354218 0.039409 0.103789 0.039409 25554.109920 0.000000
1.000000 15.000000 1.000000 8.000000 50293.321062 0.088118 0.263805 0.088118 62541.299156 0.000000
1.000000 16.000000 1.000000 8.000000 82833.714017 0.159777 0.598812 0.159777 118149.973074 0.000000
1.000000 17.000000 1.000000 8.000000 80205.689532 0.153457 0.562629 0.153457 108413.429419 0.000000
1.000000 18.000000 1.000000 8.000000 18010.680314 0.028926 0.074256 0.028926 8816.715115 0.000000
1.000000 19.000000 1.000000 8.000000 3999.454162 0.006199 0.015088 0.000000 0.000000 -0.000000
1.000000 20.000000 1.000000 8.000000 3072.161610 0.004751 0.011525 0.000000 0.000000 -0.000000
1.000000 21.000000 1.000000 8.000000 2602.385334 0.004020 0.009735 0.000000 0.000000 0.000000
1.000000 22.000000 1.000000 8.000000 2283.224795 0.003524 0.008525 0.000000 0.000000 0.000000
1.000000 23.000000 1.000000 8.000000 2045.613555 0.003155 0.007627 0.000000 0.000000 -0.000000
1.000000 24.000000 1.000000 8.000000 1865.323386 0.002876 0.006947 0.000000 0.000000 -0.000000
1.000000 1.000000 2.000000 8.000000 1721.227161 0.002653 0.006405 0.000000 0.000000 -0.000000
1.000000 2.000000 2.000000 8.000000 1610.463820 0.002481 0.005989 0.000000 0.000000 -0.000000
1.000000 3.000000 2.000000 8.000000 1510.297206 0.002326 0.005613 0.000000 0.000000 -0.000000
1.000000 4.000000 2.000000 8.000000 1422.080884 0.002190 0.005282 0.000000 0.000000 -0.000000
1.000000 5.000000 2.000000 8.000000 1345.327607 0.002072 0.004995 0.000000 0.000000 -0.000000
1.000000 6.000000 2.000000 8.000000 1284.593896 0.001978 0.004768 0.000000 0.000000 -0.000000
1.000000 7.000000 2.000000 8.000000 1232.423344 0.001897 0.004573 0.000000 0.000000 0.000000
1.000000 8.000000 2.000000 8.000000 3382.438039 0.005235 0.012713 0.005235 43.557909 0.000000
1.000000 9.000000 2.000000 8.000000 3059.723353 0.004731 0.011478 0.005516 0.000000 0.000000
1.000000 10.000000 2.000000 8.000000 2504.489402 0.003867 0.009363 0.006612 0.000000 0.000000
1.000000 11.000000 2.000000 8.000000 3254.177669 0.005034 0.012221 0.007758 0.000000 0.000000
1.000000 12.000000 2.000000 8.000000 2643.802044 0.004084 0.009893 0.007331 0.000000 0.000000
1.000000 13.000000 2.000000 8.000000 7503.350290 0.011732 0.028921 0.011732 3190.762143 0.000000
1.000000 14.000000 2.000000 8.000000 23286.681503 0.037916 0.099488 0.037916 24398.250780 0.000000
1.000000 15.000000 2.000000 8.000000 48533.124630 0.084614 0.250849 0.084614 60318.999911 0.000000
1.000000 16.000000 2.000000 8.000000 80691.693726 0.154618 0.569158 0.154618 114234.278385 0.000000
1.000000 17.000000 2.000000 8.000000 78535.768242 0.149494 0.540731 0.149494 105750.143829 0.000000
1.000000 18.000000 2.000000 8.000000 17451.256543 0.027987 0.071684 0.027987 8332.177802 0.000000
1.000000 19.000000 2.000000 8.000000 3823.218523 0.005923 0.014408 0.000000 0.000000 -0.000000
1.000000 20.000000 2.000000 8.000000 2946.980431 0.004556 0.011047 0.000000 0.000000 -0.000000
1.000000 21.000000 2.000000 8.000000 2498.783523 0.003859 0.009342 0.000000 0.000000 0.000000
1.000000 22.000000 2.000000 8.000000 2203.324710 0.003400 0.008223 0.000000 0.000000 0.000000
1.000000 23.000000 2.000000 8.000000 1984.377230 0.003060 0.007396 0.000000 0.000000 -0.000000
1.000000 24.000000 2.000000 8.000000 1812.681659 0.002794 0.006749 0.000000 0.000000 -0.000000
1.000000 1.000000 3.000000 8.000000 1678.024682 0.002586 0.006243 0.000000 0.000000 -0.000000
1.000000 2.000000 3.000000 8.000000 1573.553295 0.002424 0.005850 0.000000 0.000000 -0.000000
1.000000 3.000000 3.000000 8.000000 1475.427565 0.002273 0.005482 0.000000 0.000000 -0.000000
1.000000 4.000000 3.000000 8.000000 1393.338186 0.002146 0.005175 0.000000 0.000000 -0.000000
1.000000 5.000000 3.000000 8.000000 1324.062969 0.002039 0.004915 0.000000 0.000000 -0.000000
1.000000 6.000000 3.000000 8.000000 1263.879358 0.001946 0.004690 0.000000 0.000000 -0.000000
1.000000 7.000000 3.000000 8.000000 1223.766460 0.001884 0.004540 0.000000 0.000000 0.000000
1.000000 8.000000 3.000000 8.000000 1348.379225 0.002076 0.005006 0.000000 0.000000 -0.000000
1.000000 9.000000 3.000000 8.000000 1648.525494 0.002540 0.006132 0.000000 0.000000 -0.000000
1.000000 10.000000 3.000000 8.000000 2442.967354 0.003772 0.009130 0.000000 0.000000 -0.000000
1.000000 11.000000 3.000000 8.000000 3474.534187 0.005378 0.013066 0.000000 0.000000 -0.000000
1.000000 12.000000 3.000000 8.000000 5516.284298 0.008582 0.021004 0.000000 0.000000 -0.000000
1.000000 13.000000 3.000000 8.000000 22271.065955 0.036166 0.094490 0.000000 0.000000 0.000000
1.000000 14.000000 3.000000 8.000000 69804.921366 0.129417 0.438262 0.000000 0.000000 0.000000
1.000000 15.000000 3.000000 8.000000 146999.329207 0.353981 4.179693 0.000000 0.000000 0.000000
1.000000 16.000000 3.000000 8.000000 245788.947725 0.958433 -1.987685 0.000000 0.000000 -0.000000
1.000000 17.000000 3.000000 8.000000 244398.599145 0.944777 -2.012827 0.000000 0.000000 -0.000000
1.000000 18.000000 3.000000 8.000000 57745.501016 0.103344 0.323206 0.000000 0.000000 -0.000000
1.000000 19.000000 3.000000 8.000000 4579.247205 0.007108 0.017336 0.000000 0.000000 -0.000000
1.000000 20.000000 3.000000 8.000000 3311.647839 0.005124 0.012441 0.000000 0.000000 -0.000000
1.000000 21.000000 3.000000 8.000000 2748.621144 0.004247 0.010291 0.000000 0.000000 0.000000
1.000000 22.000000 3.000000 8.000000 2381.336119 0.003676 0.008896 0.000000 0.000000 0.000000
1.000000 23.000000 3.000000 8.000000 2111.557431 0.003258 0.007876 0.000000 0.000000 -0.000000
1.000000 24.000000 3.000000 8.000000 1899.018858 0.002928 0.007074 0.000000 0.000000 -0.000000
1.000000 1.000000 4.000000 8.000000 1734.374486 0.002673 0.006454 0.000000 0.000000 -0.000000
1.000000 2.000000 4.000000 8.000000 1598.999859 0.002464 0.005946 0.000000 0.000000 -0.000000
1.000000 3.000000 4.000000 8.000000 1483.490186 0.002285 0.005512 0.000000 0.000000 -0.000000
1.000000 4.000000 4.000000 8.000000 1386.447607 0.002135 0.005149 0.000000 0.000000 -0.000000
1.000000 5.000000 4.000000 8.000000 1303.975197 0.002008 0.004840 0.000000 0.000000 -0.000000
1.000000 6.000000 4.000000 8.000000 1239.433497 0.001908 0.004599 0.000000 0.000000 -0.000000
1.000000 7.000000 4.000000 8.000000 1185.333227 0.001824 0.004397 0.000000 0.000000 0.000000
1.000000 8.000000 4.000000 8.000000 1299.900157 0.002001 0.004825 0.000000 0.000000 -0.000000
1.000000 9.000000 4.000000 8.000000 1590.656437 0.002451 0.005914 0.000000 0.000000 -0.000000
1.000000 10.000000 4.000000 8.000000 2396.263996 0.003699 0.008953 0.000000 0.000000 -0.000000
1.000000 11.000000 4.000000 8.000000 3446.970868 0.005335 0.012960 0.000000 0.000000 -0.000000
1.000000 12.000000 4.000000 8.000000 5536.580812 0.008614 0.021084 0.000000 0.000000 -0.000000
1.000000 13.000000 4.000000 8.000000 22250.692674 0.036131 0.094390 0.000000 0.000000 0.000000
1.000000 14.000000 4.000000 8.000000 70661.327076 0.131340 0.447507 0.000000 0.000000 0.000000
1.000000 15.000000 4.000000 8.000000 149732.019031 0.364417 4.865142 0.000000 0.000000 0.000000
1.000000 16.000000 4.000000 8.000000 251115.374750 1.013031 -1.899235 0.000000 0.000000 -0.000000
1.000000 17.000000 4.000000 8.000000 250021.994078 1.001518 -1.916444 0.000000 0.000000 -0.000000
1.000000 18.000000 4.000000 8.000000 59121.534711 0.106227 0.335056 0.000000 0.000000 -0.000000
1.000000 19.000000 4.000000 8.000000 4739.289091 0.007359 0.017960 0.000000 0.000000 -0.000000
1.000000 20.000000 4.000000 8.000000 3435.492464 0.005317 0.012916 0.000000 0.000000 -0.000000
1.000000 21.000000 4.000000 8.000000 2857.621924 0.004417 0.010706 0.000000 0.000000 0.000000
1.000000 22.000000 4.000000 8.000000 2493.673670 0.003851 0.009322 0.000000 0.000000 0.000000
1.000000 23.000000 4.000000 8.000000 2217.279592 0.003422 0.008275 0.000000 0.000000 0.000000
1.000000 24.000000 4.000000 8.000000 1992.360801 0.003073 0.007426 0.000000 0.000000 0.000000
1.000000 1.000000 5.000000 8.000000 1812.914297 0.002795 0.006750 0.000000 0.000000 -0.000000
1.000000 2.000000 5.000000 8.000000 1666.292184 0.002568 0.006198 0.000000 0.000000 -0.000000
1.000000 3.000000 5.000000 8.000000 1548.424816 0.002385 0.005756 0.000000 0.000000 -0.000000
1.000000 4.000000 5.000000 8.000000 1453.622968 0.002239 0.005400 0.000000 0.000000 -0.000000
1.000000 5.000000 5.000000 8.000000 1370.077226 0.002110 0.005088 0.000000 0.000000 -0.000000
1.000000 6.000000 5.000000 8.000000 1307.847738 0.002014 0.004855 0.000000 0.000000 -0.000000
1.000000 7.000000 5.000000 8.000000 1253.485540 0.001930 0.004651 0.000000 0.000000 0.000000
1.000000 8.000000 5.000000 8.000000 3338.768546 0.005166 0.012545 0.005541 0.000000 0.000000
1.000000 9.000000 5.000000 8.000000 3038.555896 0.004698 0.011397 0.005757 0.000000 0.000000
1.000000 10.000000 5.000000 8.000000 2468.556047 0.003812 0.009227 0.006708 0.000000 0.000000
1.000000 11.000000 5.000000 8.000000 3326.978118 0.005148 0.012500 0.007615 0.000000 0.000000
1.000000 12.000000 5.000000 8.000000 2619.619551 0.004046 0.009801 0.007632 0.000000 0.000000
1.000000 13.000000 5.000000 8.000000 7520.670487 0.011760 0.028991 0.011760 2951.619146 0.000000
1.000000 14.000000 5.000000 8.000000 23323.849770 0.037980 0.099672 0.037980 24192.758046 0.000000
1.000000 15.000000 5.000000 8.000000 48992.267682 0.085525 0.254192 0.085525 60764.023645 0.000000
1.000000 16.000000 5.000000 8.000000 81755.573054 0.157172 0.583704 0.157172 115702.399866 0.000000
1.000000 17.000000 5.000000 8.000000 79516.073158 0.151815 0.553487 0.151815 107356.089390 0.000000
1.000000 18.000000 5.000000 8.000000 17777.252174 0.028534 0.073181 0.028534 8303.364291 0.000000
1.000000 19.000000 5.000000 8.000000 3878.970143 0.006010 0.014623 0.000000 0.000000 -0.000000
1.000000 20.000000 5.000000 8.000000 2966.395130 0.004586 0.011121 0.000000 0.000000 -0.000000
1.000000 21.000000 5.000000 8.000000 2473.388866 0.003819 0.009245 0.000000 0.000000 0.000000
1.000000 22.000000 5.000000 8.000000 2136.730678 0.003297 0.007971 0.000000 0.000000 -0.000000
1.000000 23.000000 5.000000 8.000000 1899.484202 0.002929 0.007076 0.000000 0.000000 -0.000000
1.000000 24.000000 5.000000 8.000000 1707.439089 0.002631 0.006353 0.000000 0.000000 -0.000000
1.000000 1.000000 6.000000 8.000000 1562.174220 0.002407 0.005808 0.000000 0.000000 -0.000000
1.000000 2.000000 6.000000 8.000000 1439.055570 0.002216 0.005346 0.000000 0.000000 -0.000000
1.000000 3.000000 6.000000 8.000000 1339.352906 0.002062 0.004973 0.000000 0.000000 -0.000000
1.000000 4.000000 6.000000 8.000000 1258.180589 0.001937 0.004669 0.000000 0.000000 -0.000000
1.000000 5.000000 6.000000 8.000000 1189.852966 0.001831 0.004414 0.000000 0.000000 -0.000000
1.000000 6.000000 6.000000 8.000000 1132.457244 0.001743 0.004199 0.000000 0.000000 0.000000
1.000000 7.000000 6.000000 8.000000 1091.643553 0.001680 0.004047 0.000000 0.000000 0.000000
1.000000 8.000000 6.000000 8.000000 3429.530466 0.005308 0.012893 0.005308 1602.669855 0.000000
1.000000 9.000000 6.000000 8.000000 3115.842796 0.004819 0.011692 0.004819 565.478632 0.000000
1.000000 10.000000 6.000000 8.000000 2467.924810 0.003811 0.009225 0.005401 0.000000 0.000000
1.000000 11.000000 6.000000 8.000000 3253.963972 0.005034 0.012220 0.006117 0.000000 0.000000
1.000000 12.000000 6.000000 8.000000 2475.977685 0.003823 0.009255 0.005936 0.000000 0.000000
1.000000 13.000000 6.000000 8.000000 8471.419781 0.013278 0.032850 0.013278 5511.341116 0.000000
1.000000 14.000000 6.000000 8.000000 27027.327080 0.044441 0.118514 0.044441 30311.607305 0.000000
1.000000 15.000000 6.000000 8.000000 57156.908275 0.102118 0.318226 0.102118 73933.691256 0.000000
1.000000 16.000000 6.000000 8.000000 96364.131821 0.194016 0.826614 0.194016 144615.211212 0.000000
1.000000 17.000000 6.000000 8.000000 93064.476231 0.185392 0.763563 0.185392 132373.073580 0.000000
1.000000 18.000000 6.000000 8.000000 21086.765244 0.034137 0.088748 0.034137 11351.780444 0.000000
1.000000 19.000000 6.000000 8.000000 4717.954752 0.007326 0.017877 0.000000 0.000000 -0.000000
1.000000 20.000000 6.000000 8.000000 3586.140808 0.005553 0.013495 0.000000 0.000000 -0.000000
1.000000 21.000000 6.000000 8.000000 2987.146369 0.004618 0.011200 0.000000 0.000000 0.000000
1.000000 22.000000 6.000000 8.000000 2589.593125 0.004000 0.009687 0.000000 0.000000 0.000000
1.000000 23.000000 6.000000 8.000000 2288.371368 0.003532 0.008544 0.000000 0.000000 0.000000
1.000000 24.000000 6.000000 8.000000 2058.851484 0.003176 0.007677 0.000000 0.000000 0.000000
1.000000 1.000000 7.000000 8.000000 1871.719883 0.002886 0.006971 0.000000 0.000000 0.000000
1.000000 2.000000 7.000000 8.000000 1712.680051 0.002640 0.006373 0.000000 0.000000 0.000000
1.000000 3.000000 7.000000 8.000000 1571.989341 0.002422 0.005844 0.000000 0.000000 0.000000
1.000000 4.000000 7.000000 8.000000 1454.977658 0.002241 0.005406 0.000000 0.000000 0.000000
1.000000 5.000000 7.000000 8.000000 1352.196675 0.002082 0.005021 0.000000 0.000000 0.000000
1.000000 6.000000 7.000000 8.000000 1264.423194 0.001947 0.004692 0.000000 0.000000 0.000000
1.000000 7.000000 7.000000 8.000000 1194.488029 0.001839 0.004431 0.000000 0.000000 0.000000
1.000000 8.000000 7.000000 8.000000 3442.859701 0.005329 0.012945 0.005329 1417.192441 0.000000
1.000000 9.000000 7.000000 8.000000 3043.009764 0.004705 0.011414 0.004705 327.340000 0.000000
1.000000 10.000000 7.000000 8.000000 2499.173924 0.003859 0.009343 0.005366 0.000000 0.000000
1.000000 11.000000 7.000000 8.000000 3221.802275 0.004984 0.012097 0.005984 0.000000 0.000000
1.000000 12.000000 7.000000 8.000000 2448.108940 0.003780 0.009150 0.006766 0.000000 0.000000
1.000000 13.000000 7.000000 8.000000 8396.841866 0.013159 0.032545 0.013159 5286.027843 0.000000
1.000000 14.000000 7.000000 8.000000 26425.504102 0.043383 0.115386 0.043383 29250.267617 0.000000
1.000000 15.000000 7.000000 8.000000 55657.317786 0.099012 0.305772 0.099012 72036.260592 0.000000
1.000000 16.000000 7.000000 8.000000 90796.829808 0.179571 0.723322 0.179571 133877.300518 0.000000
1.000000 17.000000 7.000000 8.000000 87886.615759 0.172222 0.674979 0.172222 122749.503731 0.000000
1.000000 18.000000 7.000000 8.000000 19886.086040 0.032093 0.083021 0.032093 10423.177780 0.000000
1.000000 19.000000 7.000000 8.000000 4490.389479 0.006968 0.016991 0.000000 0.000000 -0.000000
1.000000 20.000000 7.000000 8.000000 3461.399570 0.005358 0.013016 0.000000 0.000000 -0.000000
1.000000 21.000000 7.000000 8.000000 2940.492623 0.004546 0.011022 0.000000 0.000000 0.000000
1.000000 22.000000 7.000000 8.000000 2586.308928 0.003995 0.009674 0.000000 0.000000 0.000000
1.000000 23.000000 7.000000 8.000000 2322.189505 0.003584 0.008672 0.000000 0.000000 0.000000
1.000000 24.000000 7.000000 8.000000 2107.201903 0.003251 0.007859 0.000000 0.000000 0.000000
1.000000 1.000000 1.000000 8.000000 1940.709252 0.002993 0.007231 0.000000 0.000000 -0.000000
1.000000 2.000000 1.000000 8.000000 1806.476602 0.002785 0.006726 0.000000 0.000000 -0.000000
1.000000 3.000000 1.000000 8.000000 1689.814050 0.002604 0.006287 0.000000 0.000000 -0.000000
1.000000 4.000000 1.000000 8.000000 1581.729830 0.002437 0.005881 0.000000 0.000000 -0.000000
1.000000 5.000000 1.000000 8.000000 1493.573590 0.002301 0.005550 0.000000 0.000000 -0.000000
1.000000 6.000000 1.000000 8.000000 1420.666411 0.002188 0.005277 0.000000 0.000000 -0.000000
1.000000 7.000000 1.000000 8.000000 1353.079828 0.002083 0.005024 0.000000 0.000000 -0.000000
1.000000 8.000000 1.000000 8.000000 3215.706733 0.004975 0.012074 0.007013 0.000000 0.000000
1.000000 9.000000 1.000000 8.000000 2918.743755 0.004512 0.010939 0.006827 0.000000 0.000000
1.000000 10.000000 1.000000 8.000000 2598.500971 0.004014 0.009720 0.007713 0.000000 0.000000
1.000000 11.000000 1.000000 8.000000 3200.805587 0.004951 0.012017 0.008618 0.000000 0.000000
1.000000 12.000000 1.000000 8.000000 2504.995730 0.003868 0.009365 0.008820 0.000000 0.000000
1.000000 13.000000 1.000000 8.000000 7877.213433 0.012328 0.030433 0.012328 2718.040463 0.000000
1.000000 14.000000 1.000000 8.000000 24043.930647 0.039226 0.103260 0.039226 24473.524097 0.000000
1.000000 15.000000 1.000000 8.000000 49730.900396 0.086995 0.259624 0.086995 62126.990184 0.000000
1.000000 16.000000 1.000000 8.000000 82325.178142 0.158546 0.591639 0.158546 116819.743893 0.000000
1.000000 17.000000 1.000000 8.000000 79897.838615 0.152723 0.558530 0.152723 107629.603738 0.000000
1.000000 18.000000 1.000000 8.000000 18062.246792 0.029012 0.074494 0.029012 8110.457291 0.000000
1.000000 19.000000 1.000000 8.000000 3994.044576 0.006191 0.015067 0.000000 0.000000 -0.000000
1.000000 20.000000 1.000000 8.000000 3052.442634 0.004720 0.011450 0.000000 0.000000 -0.000000
1.000000 21.000000 1.000000 8.000000 2585.965807 0.003994 0.009673 0.000000 0.000000 0.000000
1.000000 22.000000 1.000000 8.000000 2262.024507 0.003491 0.008445 0.000000 0.000000 0.000000
1.000000 23.000000 1.000000 8.000000 2012.844920 0.003104 0.007503 0.000000 0.000000 -0.000000
1.000000 24.000000 1.000000 8.000000 1824.425667 0.002813 0.006793 0.000000 0.000000 -0.000000
1.000000 1.000000 2.000000 8.000000 1676.386940 0.002583 0.006236 0.000000 0.000000 -0.000000
1.000000 2.000000 2.000000 8.000000 1543.467658 0.002378 0.005737 0.000000 0.000000 -0.000000
1.000000 3.000000 2.000000 8.000000 1440.083294 0.002218 0.005350 0.000000 0.000000 -0.000000
1.000000 4.000000 2.000000 8.000000 1354.520217 0.002086 0.005029 0.000000 0.000000 -0.000000
1.000000 5.000000 2.000000 8.000000 1285.425373 0.001979 0.004771 0.000000 0.000000 -0.000000
1.000000 6.000000 2.000000 8.000000 1231.727127 0.001896 0.004570 0.000000 0.000000 -0.000000
1.000000 7.000000 2.000000 8.000000 1192.877204 0.001836 0.004425 0.000000 0.000000 -0.000000
1.000000 8.000000 2.000000 8.000000 3412.846316 0.005282 0.012829 0.006151 0.000000 0.000000
1.000000 9.000000 2.000000 8.000000 3060.755804 0.004733 0.011481 0.006519 0.000000 0.000000
1.000000 10.000000 2.000000 8.000000 2458.915522 0.003797 0.009190 0.007921 0.000000 0.000000
1.000000 11.000000 2.000000 8.000000 3282.436090 0.005079 0.012330 0.008513 0.000000 0.000000
1.000000 12.000000 2.000000 8.000000 2530.904441 0.003908 0.009464 0.008630 0.000000 0.000000
1.000000 13.000000 2.000000 8.000000 7918.691410 0.012395 0.030601 0.012395 3103.322805 0.000000
1.000000 14.000000 2.000000 8.000000 24769.247933 0.040487 0.106911 0.040487 26049.619871 0.000000
1.000000 15.000000 2.000000 8.000000 51675.755840 0.090894 0.274254 0.090894 64586.751992 0.000000
1.000000 16.000000 2.000000 8.000000 85303.512732 0.165811 0.634891 0.165811 121984.873856 0.000000
1.000000 17.000000 2.000000 8.000000 82880.185011 0.159889 0.599472 0.159889 112809.204571 0.000000
1.000000 18.000000 2.000000 8.000000 19019.761659 0.030626 0.078945 0.030626 8624.545701 0.000000
1.000000 19.000000 2.000000 8.000000 4177.642552 0.006478 0.015777 0.000000 0.000000 -0.000000
1.000000 20.000000 2.000000 8.000000 3171.901525 0.004906 0.011906 0.000000 0.000000 -0.000000
1.000000 21.000000 2.000000 8.000000 2670.064561 0.004125 0.009992 0.000000 0.000000 0.000000
1.000000 22.000000 2.000000 8.000000 2342.400303 0.003616 0.008749 0.000000 0.000000 0.000000
1.000000 23.000000 2.000000 8.000000 2100.085468 0.003240 0.007832 0.000000 0.000000 0.000000
1.000000 24.000000 2.000000 8.000000 1915.744638 0.002954 0.007137 0.000000 0.000000 0.000000
1.000000 1.000000 3.000000 8.000000 1665.394659 0.002566 0.006195 0.000000 0.000000 -0.000000
1.000000 2.000000 3.000000 8.000000 1552.410530 0.002392 0.005771 0.000000 0.000000 -0.000000
1.000000 3.000000 3.000000 8.000000 1441.068980 0.002219 0.005353 0.000000 0.000000 -0.000000
1.000000 4.000000 3.000000 8.000000 1357.430647 0.002090 0.005040 0.000000 0.000000 -0.000000
1.000000 5.000000 3.000000 8.000000 1284.713052 0.001978 0.004768 0.000000 0.000000 -0.000000
1.000000 6.000000 3.000000 8.000000 1247.157102 0.001920 0.004628 0.000000 0.000000 -0.000000
1.000000 7.000000 3.000000 8.000000 1205.389458 0.001855 0.004472 0.000000 0.000000 -0.000000
1.000000 8.000000 3.000000 8.000000 1330.024022 0.002048 0.004938 0.000000 0.000000 -0.000000
1.000000 9.000000 3.000000 8.000000 1632.017900 0.002515 0.006070 0.000000 0.000000 -0.000000
1.000000 10.000000 3.000000 8.000000 2414.065571 0.003727 0.009020 0.000000 0.000000 -0.000000
1.000000 11.000000 3.000000 8.000000 3425.491547 0.005302 0.012878 0.000000 0.000000 -0.000000
1.000000 12.000000 3.000000 8.000000 5315.013915 0.008265 0.020212 0.000000 0.000000 -0.000000
1.000000 13.000000 3.000000 8.000000 20890.791904 0.033803 0.087807 0.000000 0.000000 0.000000
1.000000 14.000000 3.000000 8.000000 64176.836352 0.117019 0.381267 0.000000 0.000000 0.000000
1.000000 15.000000 3.000000 8.000000 136738.227700 0.316691 2.646538 0.000000 0.000000 0.000000
1.000000 16.000000 3.000000 8.000000 226766.827458 0.790043 -2.436423 0.000000 0.000000 -0.000000
1.000000 17.000000 3.000000 8.000000 225809.304937 0.782511 -2.466938 0.000000 0.000000 -0.000000
1.000000 18.000000 3.000000 8.000000 52711.544661 0.092988 0.282245 0.000000 0.000000 -0.000000
1.000000 19.000000 3.000000 8.000000 4053.969812 0.006284 0.015299 0.000000 0.000000 -0.000000
1.000000 20.000000 3.000000 8.000000 2919.284038 0.004513 0.010941 0.000000 0.000000 -0.000000
1.000000 21.000000 3.000000 8.000000 2437.023403 0.003763 0.009107 0.000000 0.000000 0.000000
1.000000 22.000000 3.000000 8.000000 2103.725408 0.003245 0.007846 0.000000 0.000000 0.000000
1.000000 23.000000 3.000000 8.000000 1907.979901 0.002942 0.007108 0.000000 0.000000 0.000000
1.000000 24.000000 3.000000 8.000000 1742.713285 0.002686 0.006486 0.000000 0.000000 0.000000
1.000000 1.000000 4.000000 8.000000 1619.840998 0.002496 0.006024 0.000000 0.000000 0.000000
1.000000 2.000000 4.000000 8.000000 1517.623836 0.002338 0.005640 0.000000 0.000000 -0.000000
1.000000 3.000000 4.000000 8.000000 1423.139593 0.002192 0.005286 0.000000 0.000000 -0.000000
1.000000 4.000000 4.000000 8.000000 1347.103857 0.002074 0.005002 0.000000 0.000000 -0.000000
1.000000 5.000000 4.000000 8.000000 1282.184047 0.001974 0.004759 0.000000 0.000000 -0.000000
1.000000 6.000000 4.000000 8.000000 1244.985147 0.001917 0.004620 0.000000 0.000000 -0.000000
1.000000 7.000000 4.000000 8.000000 1203.590331 0.001853 0.004465 0.000000 0.000000 -0.000000
1.000000 8.000000 4.000000 8.000000 1329.389497 0.002047 0.004935 0.000000 0.000000 -0.000000
1.000000 9.000000 4.000000 8.000000 1632.829331 0.002516 0.006073 0.000000 0.000000 -0.000000
1.000000 10.000000 4.000000 8.000000 2449.431059 0.003782 0.009155 0.000000 0.000000 -0.000000
1.000000 11.000000 4.000000 8.000000 3478.354284 0.005384 0.013081 0.000000 0.000000 -0.000000
1.000000 12.000000 4.000000 8.000000 5519.559060 0.008588 0.021017 0.000000 0.000000 -0.000000
1.000000 13.000000 4.000000 8.000000 22376.985989 0.036348 0.095008 0.000000 0.000000 0.000000
1.000000 14.000000 4.000000 8.000000 71073.639029 0.132269 0.452016 0.000000 0.000000 0.000000
1.000000 15.000000 4.000000 8.000000 150978.062921 0.369250 5.247175 0.000000 0.000000 0.000000
1.000000 16.000000 4.000000 8.000000 253363.855833 1.037227 -1.865244 0.000000 0.000000 -0.000000
1.000000 17.000000 4.000000 8.000000 251193.307377 1.013858 -1.898025 0.000000 0.000000 -0.000000
1.000000 18.000000 4.000000 8.000000 59139.601841 0.106265 0.335214 0.000000 0.000000 -0.000000
1.000000 19.000000 4.000000 8.000000 4685.972807 0.007276 0.017752 0.000000 0.000000 -0.000000
1.000000 20.000000 4.000000 8.000000 3371.956518 0.005218 0.012673 0.000000 0.000000 -0.000000
1.000000 21.000000 4.000000 8.000000 2778.297307 0.004293 0.010404 0.000000 0.000000 0.000000
1.000000 22.000000 4.000000 8.000000 2382.208404 0.003678 0.008900 0.000000 0.000000 0.000000
1.000000 23.000000 4.000000 8.000000 2146.097007 0.003311 0.008006 0.000000 0.000000 0.000000
1.000000 24.000000 4.000000 8.000000 1952.951578 0.003012 0.007277 0.000000 0.000000 0.000000
1.000000 1.000000 5.000000 8.000000 1803.271198 0.002780 0.006713 0.000000 0.000000 0.000000
1.000000 2.000000 5.000000 8.000000 1687.851665 0.002601 0.006279 0.000000 0.000000 0.000000
1.000000 3.000000 5.000000 8.000000 1574.218478 0.002425 0.005853 0.000000 0.000000 0.000000
1.000000 4.000000 5.000000 8.000000 1480.787993 0.002281 0.005502 0.000000 0.000000 0.000000
1.000000 5.000000 5.000000 8.000000 1401.631939 0.002159 0.005206 0.000000 0.000000 0.000000
1.000000 6.000000 5.000000 8.000000 1329.094967 0.002046 0.004934 0.000000 0.000000 0.000000
1.000000 7.000000 5.000000 8.000000 1306.544518 0.002012 0.004850 0.000000 0.000000 0.000000
1.000000 8.000000 5.000000 8.000000 3200.824361 0.004951 0.012017 0.006186 0.000000 0.000000
1.000000 9.000000 5.000000 8.000000 2813.620572 0.004348 0.010539 0.007272 0.000000 0.000000
1.000000 10.000000 5.000000 8.000000 2869.781984 0.004436 0.010753 0.009603 0.000000 0.000000
1.000000 11.000000 5.000000 8.000000 2909.636593 0.004498 0.010905 0.009462 0.000000 0.000000
1.000000 12.000000 5.000000 8.000000 2500.843363 0.003862 0.009350 0.009342 0.000000 0.000000
1.000000 13.000000 5.000000 8.000000 9832.017547 0.015464 0.038452 0.015464 4830.649901 0.000000
1.000000 14.000000 5.000000 8.000000 30965.352120 0.051452 0.139660 0.051452 32047.824393 0.000000
1.000000 15.000000 5.000000 8.000000 65018.965026 0.118848 0.389402 0.118848 86576.270390 0.000000
1.000000 16.000000 5.000000 8.000000 105974.866769 0.220217 1.047953 0.220217 162546.263054 0.000000
1.000000 17.000000 5.000000 8.000000 102275.746536 0.209935 0.955199 0.209935 148083.415951 0.000000
1.000000 18.000000 5.000000 8.000000 23295.592252 0.037931 0.099532 0.037931 10778.993821 0.000000
1.000000 19.000000 5.000000 8.000000 5327.666093 0.008285 0.020262 0.000000 0.000000 -0.000000
1.000000 20.000000 5.000000 8.000000 3984.188881 0.006175 0.015029 0.000000 0.000000 -0.000000
1.000000 21.000000 5.000000 8.000000 3340.024837 0.005168 0.012550 0.000000 0.000000 0.000000
1.000000 22.000000 5.000000 8.000000 2883.181836 0.004456 0.010804 0.000000 0.000000 0.000000
1.000000 23.000000 5.000000 8.000000 2541.773307 0.003925 0.009505 0.000000 0.000000 0.000000
1.000000 24.000000 5.000000 8.000000 2281.688779 0.003521 0.008519 0.000000 0.000000 0.000000
1.000000 1.000000 6.000000 8.000000 2083.176145 0.003213 0.007769 0.000000 0.000000 0.000000
1.000000 2.000000 6.000000 8.000000 1912.920823 0.002950 0.007126 0.000000 0.000000 0.000000
1.000000 3.000000 6.000000 8.000000 1764.700038 0.002720 0.006568 0.000000 0.000000 0.000000
1.000000 4.000000 6.000000 8.000000 1637.126089 0.002523 0.006089 0.000000 0.000000 0.000000
1.000000 5.000000 6.000000 8.000000 1510.325381 0.002327 0.005613 0.000000 0.000000 0.000000
1.000000 6.000000 6.000000 8.000000 1417.697546 0.002183 0.005266 0.000000 0.000000 0.000000
1.000000 7.000000 6.000000 8.000000 1337.317125 0.002059 0.004965 0.000000 0.000000 0.000000
1.000000 8.000000 6.000000 8.000000 3255.534968 0.005037 0.012226 0.005037 43.343087 0.000000
1.000000 9.000000 6.000000 8.000000 2961.049589 0.004578 0.011101 0.005269 0.000000 0.000000
1.000000 10.000000 6.000000 8.000000 2555.670688 0.003947 0.009558 0.007751 0.000000 0.000000
1.000000 11.000000 6.000000 8.000000 3257.541802 0.005040 0.012234 0.007175 0.000000 0.000000
1.000000 12.000000 6.000000 8.000000 2589.769009 0.004000 0.009687 0.006578 0.000000 0.000000
1.000000 13.000000 6.000000 8.000000 7731.572911 0.012096 0.029843 0.012096 4035.342331 0.000000
1.000000 14.000000 6.000000 8.000000 23960.182699 0.039081 0.102841 0.039081 25627.599802 0.000000
1.000000 15.000000 6.000000 8.000000 50056.655815 0.087645 0.262041 0.087645 63476.513583 0.000000
1.000000 16.000000 6.000000 8.000000 83462.278525 0.161303 0.607796 0.161303 119072.373784 0.000000
1.000000 17.000000 6.000000 8.000000 82146.958946 0.158115 0.589145 0.158115 111938.147416 0.000000
1.000000 18.000000 6.000000 8.000000 18604.445157 0.029925 0.077008 0.029925 9028.367752 0.000000
1.000000 19.000000 6.000000 8.000000 4109.317923 0.006371 0.015513 0.000000 0.000000 -0.000000
1.000000 20.000000 6.000000 8.000000 3176.753215 0.004914 0.011925 0.000000 0.000000 -0.000000
1.000000 21.000000 6.000000 8.000000 2676.413300 0.004135 0.010017 0.000000 0.000000 0.000000
1.000000 22.000000 6.000000 8.000000 2347.130601 0.003623 0.008767 0.000000 0.000000 0.000000
1.000000 23.000000 6.000000 8.000000 2113.819062 0.003261 0.007884 0.000000 0.000000 0.000000
1.000000 24.000000 6.000000 8.000000 1941.532290 0.002994 0.007234 0.000000 0.000000 -0.000000
1.000000 1.000000 7.000000 8.000000 1808.482294 0.002788 0.006733 0.000000 0.000000 -0.000000
1.000000 2.000000 7.000000 8.000000 1690.478933 0.002605 0.006289 0.000000 0.000000 -0.000000
1.000000 3.000000 7.000000 8.000000 1591.905396 0.002453 0.005919 0.000000 0.000000 -0.000000
1.000000 4.000000 7.000000 8.000000 1508.096329 0.002323 0.005605 0.000000 0.000000 -0.000000
1.000000 5.000000 7.000000 8.000000 1431.187546 0.002204 0.005316 0.000000 0.000000 -0.000000
1.000000 6.000000 7.000000 8.000000 1377.103231 0.002121 0.005114 0.000000 0.000000 -0.000000
1.000000 7.000000 7.000000 8.000000 1322.277066 0.002036 0.004909 0.000000 0.000000 -0.000000
1.000000 8.000000 7.000000 8.000000 3230.093404 0.004997 0.012129 0.006774 0.000000 0.000000
1.000000 9.000000 7.000000 8.000000 2930.988231 0.004531 0.010986 0.007425 0.000000 0.000000
1.000000 10.000000 7.000000 8.000000 2587.267190 0.003996 0.009678 0.007404 0.000000 0.000000
1.000000 11.000000 7.000000 8.000000 3144.203557 0.004863 0.011800 0.007724 0.000000 0.000000
1.000000 12.000000 7.000000 8.000000 2429.166514 0.003750 0.009078 0.008687 0.000000 0.000000
1.000000 13.000000 7.000000 8.000000 8365.379404 0.013109 0.032417 0.013109 4158.067818 0.000000
1.000000 14.000000 7.000000 8.000000 25671.016615 0.042060 0.111501 0.042060 27823.332939 0.000000
1.000000 15.000000 7.000000 8.000000 53613.087099 0.094821 0.289318 0.094821 68152.447237 0.000000
1.000000 16.000000 7.000000 8.000000 89658.596946 0.176680 0.703991 0.176680 130220.086716 0.000000
1.000000 17.000000 7.000000 8.000000 88430.641977 0.173585 0.683750 0.173585 122822.130109 0.000000
1.000000 18.000000 7.000000 8.000000 20250.775275 0.032713 0.084751 0.032713 9863.312001 0.000000
1.000000 19.000000 7.000000 8.000000 4481.188700 0.006954 0.016955 0.000000 0.000000 -0.000000
1.000000 20.000000 7.000000 8.000000 3443.224511 0.005329 0.012946 0.000000 0.000000 -0.000000
1.000000 21.000000 7.000000 8.000000 2882.809976 0.004456 0.010802 0.000000 0.000000 0.000000
1.000000 22.000000 7.000000 8.000000 2530.404674 0.003908 0.009462 0.000000 0.000000 0.000000
1.000000 23.000000 7.000000 8.000000 2278.665140 0.003517 0.008508 0.000000 0.000000 0.000000
1.000000 24.000000 7.000000 8.000000 2084.863777 0.003216 0.007775 0.000000 0.000000 0.000000
1.000000 1.000000 1.000000 8.000000 1927.051856 0.002972 0.007180 0.000000 0.000000 -0.000000
1.000000 2.000000 1.000000 8.000000 1775.841333 0.002737 0.006610 0.000000 0.000000 -0.000000
1.000000 3.000000 1.000000 8.000000 1636.584393 0.002522 0.006087 0.000000 0.000000 -0.000000
1.000000 4.000000 1.000000 8.000000 1518.924786 0.002340 0.005645 0.000000 0.000000 -0.000000
1.000000 5.000000 1.000000 8.000000 1407.335400 0.002167 0.005227 0.000000 0.000000 0.000000
1.000000 6.000000 1.000000 8.000000 1326.971602 0.002043 0.004926 0.000000 0.000000 0.000000
1.000000 7.000000 1.000000 8.000000 1263.869284 0.001946 0.004690 0.000000 0.000000 -0.000000
1.000000 8.000000 1.000000 8.000000 3285.662542 0.005084 0.012342 0.007004 0.000000 0.000000
1.000000 9.000000 1.000000 8.000000 2957.382408 0.004572 0.011087 0.007349 0.000000 0.000000
1.000000 10.000000 1.000000 8.000000 2612.605537 0.004035 0.009774 0.009548 0.000000 0.000000
1.000000 11.000000 1.000000 8.000000 3143.145166 0.004861 0.011796 0.009443 0.000000 0.000000
1.000000 12.000000 1.000000 8.000000 2411.019300 0.003722 0.009009 0.009009 0.000000 -670.362317
1.000000 13.000000 1.000000 8.000000 8636.565180 0.013543 0.033525 0.013543 2413.903330 0.000000
1.000000 14.000000 1.000000 8.000000 27219.631832 0.044780 0.119520 0.044780 27448.418129 0.000000
1.000000 15.000000 1.000000 8.000000 57127.140879 0.102056 0.317976 0.102056 72419.015317 0.000000
1.000000 16.000000 1.000000 8.000000 95554.375396 0.191883 0.810615 0.191883 140499.548397 0.000000
1.000000 17.000000 1.000000 8.000000 93275.156733 0.185938 0.767424 0.185938 130266.097933 0.000000
1.000000 18.000000 1.000000 8.000000 21402.640126 0.034677 0.090271 0.034677 9535.898583 0.000000
1.000000 19.000000 1.000000 8.000000 4807.764340 0.007467 0.018227 0.000000 0.000000 -0.000000
1.000000 20.000000 1.000000 8.000000 3692.109330 0.005718 0.013903 0.000000 0.000000 -0.000000
1.000000 21.000000 1.000000 8.000000 3071.135536 0.004749 0.011521 0.000000 0.000000 0.000000
1.000000 22.000000 1.000000 8.000000 2692.441028 0.004160 0.010077 0.000000 0.000000 0.000000
1.000000 23.000000 1.000000 8.000000 2399.531951 0.003704 0.008965 0.000000 0.000000 0.000000
1.000000 24.000000 1.000000 8.000000 2178.752830 0.003362 0.008130 0.000000 0.000000 0.000000
1.000000 1.000000 2.000000 8.000000 2002.441033 0.003088 0.007464 0.000000 0.000000 -0.000000
1.000000 2.000000 2.000000 8.000000 1841.921826 0.002840 0.006859 0.000000 0.000000 -0.000000
1.000000 3.000000 2.000000 8.000000 1692.778345 0.002609 0.006298 0.000000 0.000000 -0.000000
1.000000 4.000000 2.000000 8.000000 1584.862568 0.002442 0.005893 0.000000 0.000000 -0.000000
1.000000 5.000000 2.000000 8.000000 1486.060718 0.002289 0.005522 0.000000 0.000000 0.000000
1.000000 6.000000 2.000000 8.000000 1414.732057 0.002179 0.005255 0.000000 0.000000 -0.000000
1.000000 7.000000 2.000000 8.000000 1353.575603 0.002084 0.005026 0.000000 0.000000 -0.000000
1.000000 8.000000 2.000000 8.000000 3175.031844 0.004911 0.011918 0.007014 0.000000 0.000000
1.000000 9.000000 2.000000 8.000000 2955.140590 0.004568 0.011078 0.007000 0.000000 0.000000
1.000000 10.000000 2.000000 8.000000 2528.471414 0.003905 0.009454 0.009265 0.000000 0.000000
1.000000 11.000000 2.000000 8.000000 3321.760516 0.005140 0.012480 0.008654 0.000000 0.000000
1.000000 12.000000 2.000000 8.000000 2606.786253 0.004026 0.009752 0.008576 0.000000 0.000000
1.000000 13.000000 2.000000 8.000000 7649.818048 0.011966 0.029513 0.011966 2079.939847 0.000000
1.000000 14.000000 2.000000 8.000000 23852.911903 0.038895 0.102305 0.038895 23571.839387 0.000000
1.000000 15.000000 2.000000 8.000000 50021.533060 0.087575 0.261779 0.087575 61286.699426 0.000000
1.000000 16.000000 2.000000 8.000000 82998.798814 0.160177 0.601159 0.160177 116989.843222 0.000000
1.000000 17.000000 2.000000 8.000000 80381.437086 0.153876 0.564982 0.153876 107483.521887 0.000000
1.000000 18.000000 2.000000 8.000000 17955.922535 0.028834 0.074004 0.028834 7533.355647 0.000000
1.000000 19.000000 2.000000 8.000000 4000.537904 0.006201 0.015092 0.000000 0.000000 -0.000000
1.000000 20.000000 2.000000 8.000000 3139.185547 0.004855 0.011781 0.000000 0.000000 -0.000000
1.000000 21.000000 2.000000 8.000000 2696.119758 0.004165 0.010091 0.000000 0.000000 0.000000
1.000000 22.000000 2.000000 8.000000 2376.870375 0.003669 0.008879 0.000000 0.000000 0.000000
1.000000 23.000000 2.000000 8.000000 2152.312473 0.003321 0.008030 0.000000 0.000000 0.000000
1.000000 24.000000 2.000000 8.000000 1954.360483 0.003014 0.007283 0.000000 0.000000 -0.000000
1.000000 1.000000 3.000000 8.000000 1800.711274 0.002776 0.006704 0.000000 0.000000 -0.000000
1.000000 2.000000 3.000000 8.000000 1675.917021 0.002583 0.006235 0.000000 0.000000 -0.000000
1.000000 3.000000 3.000000 8.000000 1567.569418 0.002415 0.005828 0.000000 0.000000 -0.000000
1.000000 4.000000 3.000000 8.000000 1489.099031 0.002294 0.005533 0.000000 0.000000 -0.000000
1.000000 5.000000 3.000000 8.000000 1428.164040 0.002200 0.005305 0.000000 0.000000 -0.000000
1.000000 6.000000 3.000000 8.000000 1386.999987 0.002136 0.005151 0.000000 0.000000 -0.000000
1.000000 7.000000 3.000000 8.000000 1333.030142 0.002053 0.004949 0.000000 0.000000 -0.000000
1.000000 8.000000 3.000000 8.000000 1484.147768 0.002286 0.005515 0.000000 0.000000 -0.000000
1.000000 9.000000 3.000000 8.000000 1820.128689 0.002806 0.006777 0.000000 0.000000 -0.000000
1.000000 10.000000 3.000000 8.000000 2704.568689 0.004178 0.010124 0.000000 0.000000 -0.000000
1.000000 11.000000 3.000000 8.000000 3817.710436 0.005915 0.014387 0.000000 0.000000 -0.000000
1.000000 12.000000 3.000000 8.000000 6249.984954 0.009742 0.023905 0.000000 0.000000 -0.000000
1.000000 13.000000 3.000000 8.000000 25663.115841 0.042047 0.111460 0.000000 0.000000 0.000000
1.000000 14.000000 3.000000 8.000000 81322.372023 0.156130 0.577738 0.000000 0.000000 0.000000
1.000000 15.000000 3.000000 8.000000 168079.778912 0.440711 131.467367 0.000000 0.000000 0.000000
1.000000 16.000000 3.000000 8.000000 278411.270562 1.364753 -1.580954 0.000000 0.000000 -0.000000
1.000000 17.000000 3.000000 8.000000 273812.614805 1.295268 -1.622978 0.000000 0.000000 -0.000000
1.000000 18.000000 3.000000 8.000000 65594.957007 0.120104 0.395043 0.000000 0.000000 -0.000000
1.000000 19.000000 3.000000 8.000000 5427.230685 0.008442 0.020653 0.000000 0.000000 -0.000000
1.000000 20.000000 3.000000 8.000000 3943.119634 0.006111 0.014871 0.000000 0.000000 -0.000000
1.000000 21.000000 3.000000 8.000000 3276.160850 0.005069 0.012305 0.000000 0.000000 0.000000
1.000000 22.000000 3.000000 8.000000 2802.558350 0.004331 0.010497 0.000000 0.000000 0.000000
1.000000 23.000000 3.000000 8.000000 2500.064350 0.003861 0.009347 0.000000 0.000000 0.000000
1.000000 24.000000 3.000000 8.000000 2266.848486 0.003498 0.008463 0.000000 0.000000 0.000000
1.000000 1.000000 4.000000 8.000000 2074.211098 0.003200 0.007735 0.000000 0.000000 0.000000
1.000000 2.000000 4.000000 8.000000 1895.523951 0.002923 0.007061 0.000000 0.000000 0.000000
1.000000 3.000000 4.000000 8.000000 1759.052370 0.002711 0.006547 0.000000 0.000000 -0.000000
1.000000 4.000000 4.000000 8.000000 1652.127685 0.002546 0.006145 0.000000 0.000000 -0.000000
1.000000 5.000000 4.000000 8.000000 1553.960174 0.002394 0.005777 0.000000 0.000000 -0.000000
1.000000 6.000000 4.000000 8.000000 1472.277982 0.002268 0.005470 0.000000 0.000000 -0.000000
1.000000 7.000000 4.000000 8.000000 1388.340704 0.002138 0.005156 0.000000 0.000000 -0.000000
1.000000 8.000000 4.000000 8.000000 1518.410572 0.002339 0.005643 0.000000 0.000000 -0.000000
1.000000 9.000000 4.000000 8.000000 1829.845917 0.002821 0.006814 0.000000 0.000000 -0.000000
1.000000 10.000000 4.000000 8.000000 2776.416920 0.004290 0.010397 0.000000 0.000000 -0.000000
1.000000 11.000000 4.000000 8.000000 4043.642212 0.006268 0.015259 0.000000 0.000000 -0.000000
1.000000 12.000000 4.000000 8.000000 6610.628996 0.010313 0.025340 0.000000 0.000000 -0.000000
1.000000 13.000000 4.000000 8.000000 26431.825281 0.043394 0.115419 0.000000 0.000000 0.000000
1.000000 14.000000 4.000000 8.000000 82503.289059 0.158976 0.594142 0.000000 0.000000 0.000000
1.000000 15.000000 4.000000 8.000000 172911.020020 0.462804 -26.647701 0.000000 0.000000 -0.000000
1.000000 16.000000 4.000000 8.000000 283991.050413 1.456137 -1.534473 0.000000 0.000000 -0.000000
1.000000 17.000000 4.000000 8.000000 280317.824028 1.395060 -1.564548 0.000000 0.000000 -0.000000
1.000000 18.000000 4.000000 8.000000 68497.960441 0.126501 0.424457 0.000000 0.000000 -0.000000
1.000000 19.000000 4.000000 8.000000 5686.253784 0.008851 0.021673 0.000000 0.000000 -0.000000
1.000000 20.000000 4.000000 8.000000 4060.508888 0.006295 0.015324 0.000000 0.000000 -0.000000
1.000000 21.000000 4.000000 8.000000 3361.503467 0.005202 0.012633 0.000000 0.000000 0.000000
1.000000 22.000000 4.000000 8.000000 2898.984133 0.004481 0.010864 0.000000 0.000000 0.000000
1.000000 23.000000 4.000000 8.000000 2582.010778 0.003988 0.009658 0.000000 0.000000 0.000000
1.000000 24.000000 4.000000 8.000000 2335.161633 0.003604 0.008721 0.000000 0.000000 0.000000
1.000000 1.000000 5.000000 8.000000 2140.087593 0.003302 0.007984 0.000000 0.000000 -0.000000
1.000000 2.000000 5.000000 8.000000 1963.788643 0.003028 0.007318 0.000000 0.000000 -0.000000
1.000000 3.000000 5.000000 8.000000 1809.396241 0.002789 0.006737 0.000000 0.000000 -0.000000
1.000000 4.000000 5.000000 8.000000 1674.313015 0.002580 0.006229 0.000000 0.000000 -0.000000
1.000000 5.000000 5.000000 8.000000 1573.067152 0.002424 0.005848 0.000000 0.000000 -0.000000
1.000000 6.000000 5.000000 8.000000 1489.722945 0.002295 0.005536 0.000000 0.000000 -0.000000
1.000000 7.000000 5.000000 8.000000 1407.844970 0.002168 0.005229 0.000000 0.000000 -0.000000
1.000000 8.000000 5.000000 8.000000 3139.327582 0.004855 0.011782 0.008111 0.000000 0.000000
1.000000 9.000000 5.000000 8.000000 2838.235308 0.004386 0.010632 0.008837 0.000000 0.000000
1.000000 10.000000 5.000000 8.000000 2710.237833 0.004187 0.010145 0.008842 0.000000 0.000000
1.000000 11.000000 5.000000 8.000000 3109.471419 0.004809 0.011668 0.009679 0.000000 0.000000
1.000000 12.000000 5.000000 8.000000 2429.962003 0.003752 0.009081 0.009081 0.000000 -1159.771719
1.000000 13.000000 5.000000 8.000000 8311.132053 0.013022 0.032196 0.013022 2171.819750 0.000000
1.000000 14.000000 5.000000 8.000000 25494.955478 0.041753 0.110600 0.041753 25970.586968 0.000000
1.000000 15.000000 5.000000 8.000000 52985.666735 0.093545 0.284384 0.093545 65797.144327 0.000000
1.000000 16.000000 5.000000 8.000000 86930.220814 0.169836 0.659842 0.169836 124327.179209 0.000000
1.000000 17.000000 5.000000 8.000000 85024.376760 0.165124 0.630707 0.165124 115770.958964 0.000000
1.000000 18.000000 5.000000 8.000000 19582.932169 0.031579 0.081589 0.031579 8649.849191 0.000000
1.000000 19.000000 5.000000 8.000000 4338.889502 0.006731 0.016402 0.000000 0.000000 -0.000000
1.000000 20.000000 5.000000 8.000000 3317.953969 0.005134 0.012466 0.000000 0.000000 -0.000000
1.000000 21.000000 5.000000 8.000000 2802.762959 0.004331 0.010497 0.000000 0.000000 0.000000
1.000000 22.000000 5.000000 8.000000 2436.463416 0.003762 0.009105 0.000000 0.000000 0.000000
1.000000 23.000000 5.000000 8.000000 2193.095240 0.003384 0.008184 0.000000 0.000000 0.000000
1.000000 24.000000 5.000000 8.000000 2007.726335 0.003097 0.007484 0.000000 0.000000 -0.000000
1.000000 1.000000 6.000000 8.000000 1871.716722 0.002886 0.006971 0.000000 0.000000 -0.000000
1.000000 2.000000 6.000000 8.000000 1752.061993 0.002701 0.006521 0.000000 0.000000 -0.000000
1.000000 3.000000 6.000000 8.000000 1646.275964 0.002537 0.006123 0.000000 0.000000 -0.000000
1.000000 4.000000 6.000000 8.000000 1550.975935 0.002389 0.005766 0.000000 0.000000 -0.000000
1.000000 5.000000 6.000000 8.000000 1476.266051 0.002274 0.005485 0.000000 0.000000 -0.000000
1.000000 6.000000 6.000000 8.000000 1426.538650 0.002197 0.005299 0.000000 0.000000 -0.000000
1.000000 7.000000 6.000000 8.000000 1369.498834 0.002109 0.005085 0.000000 0.000000 -0.000000
1.000000 8.000000 6.000000 8.000000 3165.106136 0.004896 0.011880 0.006544 0.000000 0.000000
1.000000 9.000000 6.000000 8.000000 2884.108307 0.004458 0.010807 0.007092 0.000000 0.000000
1.000000 10.000000 6.000000 8.000000 2607.383107 0.004027 0.009754 0.007099 0.000000 0.000000
1.000000 11.000000 6.000000 8.000000 3230.858188 0.004998 0.012132 0.007725 0.000000 0.000000
1.000000 12.000000 6.000000 8.000000 2564.156068 0.003960 0.009590 0.008039 0.000000 0.000000
1.000000 13.000000 6.000000 8.000000 7603.033159 0.011891 0.029324 0.011891 3137.999061 0.000000
1.000000 14.000000 6.000000 8.000000 23159.500866 0.037696 0.098858 0.037696 24424.633257 0.000000
1.000000 15.000000 6.000000 8.000000 47858.435177 0.083281 0.245982 0.083281 60055.064705 0.000000
1.000000 16.000000 6.000000 8.000000 80025.158084 0.153026 0.560222 0.153026 113427.742201 0.000000
1.000000 17.000000 6.000000 8.000000 78500.612805 0.149411 0.540279 0.149411 106113.242605 0.000000
1.000000 18.000000 6.000000 8.000000 17737.220303 0.028466 0.072997 0.028466 9127.880422 0.000000
1.000000 19.000000 6.000000 8.000000 3846.530716 0.005960 0.014498 0.000000 0.000000 -0.000000
1.000000 20.000000 6.000000 8.000000 2937.804398 0.004541 0.011012 0.000000 0.000000 -0.000000
1.000000 21.000000 6.000000 8.000000 2491.398253 0.003847 0.009314 0.000000 0.000000 0.000000
1.000000 22.000000 6.000000 8.000000 2190.908736 0.003381 0.008176 0.000000 0.000000 0.000000
1.000000 23.000000 6.000000 8.000000 1983.873288 0.003060 0.007394 0.000000 0.000000 0.000000
1.000000 24.000000 6.000000 8.000000 1826.618258 0.002816 0.006801 0.000000 0.000000 0.000000
1.000000 1.000000 7.000000 8.000000 1720.564157 0.002652 0.006402 0.000000 0.000000 -0.000000
1.000000 2.000000 7.000000 8.000000 1639.472558 0.002526 0.006098 0.000000 0.000000 -0.000000
1.000000 3.000000 7.000000 8.000000 1560.731443 0.002404 0.005802 0.000000 0.000000 -0.000000
1.000000 4.000000 7.000000 8.000000 1492.097853 0.002298 0.005545 0.000000 0.000000 -0.000000
1.000000 5.000000 7.000000 8.000000 1436.811354 0.002213 0.005337 0.000000 0.000000 -0.000000
1.000000 6.000000 7.000000 8.000000 1413.328742 0.002177 0.005250 0.000000 0.000000 -0.000000
1.000000 7.000000 7.000000 8.000000 1373.095005 0.002114 0.005099 0.000000 0.000000 -0.000000
1.000000 8.000000 7.000000 8.000000 3148.869589 0.004870 0.011818 0.006626 0.000000 0.000000
1.000000 9.000000 7.000000 8.000000 2851.865835 0.004408 0.010684 0.007626 0.000000 0.000000
1.000000 10.000000 7.000000 8.000000 2679.249222 0.004139 0.010027 0.008329 0.000000 0.000000
1.000000 11.000000 7.000000 8.000000 3161.341285 0.004890 0.011866 0.009036 0.000000 0.000000
1.000000 12.000000 7.000000 8.000000 2498.284305 0.003858 0.009340 0.009195 0.000000 0.000000
1.000000 13.000000 7.000000 8.000000 7953.419880 0.012450 0.030742 0.012450 2517.636332 0.000000
1.000000 14.000000 7.000000 8.000000 24352.899275 0.039763 0.104811 0.039763 25053.018871 0.000000
1.000000 15.000000 7.000000 8.000000 50241.505299 0.088014 0.263418 0.088014 63052.609323 0.000000
1.000000 16.000000 7.000000 8.000000 83860.349932 0.162274 0.613555 0.162274 120036.978737 0.000000
1.000000 17.000000 7.000000 8.000000 81989.262059 0.157735 0.586947 0.157735 111870.562941 0.000000
1.000000 18.000000 7.000000 8.000000 18792.969250 0.030243 0.077886 0.030243 9555.183709 0.000000
1.000000 19.000000 7.000000 8.000000 4109.832977 0.006372 0.015515 0.000000 0.000000 -0.000000
1.000000 20.000000 7.000000 8.000000 3105.630893 0.004803 0.011653 0.000000 0.000000 -0.000000
1.000000 21.000000 7.000000 8.000000 2627.253449 0.004058 0.009830 0.000000 0.000000 0.000000
1.000000 22.000000 7.000000 8.000000 2293.009145 0.003539 0.008562 0.000000 0.000000 0.000000
1.000000 23.000000 7.000000 8.000000 2075.090075 0.003201 0.007738 0.000000 0.000000 0.000000
1.000000 24.000000 7.000000 8.000000 1901.459085 0.002932 0.007083 0.000000 0.000000 -0.000000
1.000000 1.000000 1.000000 9.000000 1767.441133 0.002724 0.006579 0.000000 0.000000 -0.000000
1.000000 2.000000 1.000000 9.000000 1660.025782 0.002558 0.006175 0.000000 0.000000 -0.000000
1.000000 3.000000 1.000000 9.000000 1570.842920 0.002420 0.005840 0.000000 0.000000 -0.000000
1.000000 4.000000 1.000000 9.000000 1496.993152 0.002306 0.005563 0.000000 0.000000 -0.000000
1.000000 5.000000 1.000000 9.000000 1429.106417 0.002201 0.005309 0.000000 0.000000 -0.000000
1.000000 6.000000 1.000000 9.000000 1387.630357 0.002137 0.005153 0.000000 0.000000 -0.000000
1.000000 7.000000 1.000000 9.000000 1333.904641 0.002054 0.004952 0.000000 0.000000 -0.000000
1.000000 8.000000 1.000000 9.000000 3244.251507 0.005019 0.012183 0.007756 0.000000 0.000000
1.000000 9.000000 1.000000 9.000000 2782.755464 0.004300 0.010421 0.008752 0.000000 0.000000
1.000000 10.000000 1.000000 9.000000 2865.939551 0.004430 0.010738 0.010193 0.000000 0.000000
1.000000 11.000000 1.000000 9.000000 3080.390540 0.004764 0.011556 0.011003 0.000000 0.000000
1.000000 12.000000 1.000000 9.000000 2612.487258 0.004035 0.009774 0.009774 0.000000 -1004.142877
1.000000 13.000000 1.000000 9.000000 5940.446913 0.009252 0.022678 0.011324 0.000000 0.000000
1.000000 14.000000 1.000000 9.000000 19809.318528 0.031963 0.082657 0.031963 16723.300919 0.000000
1.000000 15.000000 1.000000 9.000000 52255.525619 0.092065 0.278709 0.092065 64877.842553 0.000000
1.000000 16.000000 1.000000 9.000000 89179.687256 0.175470 0.696023 0.175470 128574.081263 0.000000
1.000000 17.000000 1.000000 9.000000 116045.771995 0.249540 1.366298 0.249540 183282.946676 0.000000
1.000000 18.000000 1.000000 9.000000 99823.870859 0.203258 0.899195 0.203258 141289.268438 0.000000
1.000000 19.000000 1.000000 9.000000 91434.214614 0.181199 0.734394 0.000000 0.000000 0.000000
1.000000 20.000000 1.000000 9.000000 5254.099770 0.008169 0.019973 0.000000 0.000000 -0.000000
1.000000 21.000000 1.000000 9.000000 3688.379396 0.005712 0.013888 0.000000 0.000000 -0.000000
1.000000 22.000000 1.000000 9.000000 3098.781679 0.004792 0.011627 0.000000 0.000000 0.000000
1.000000 23.000000 1.000000 9.000000 2716.576934 0.004197 0.010169 0.000000 0.000000 0.000000
1.000000 24.000000 1.000000 9.000000 2423.078217 0.003741 0.009055 0.000000 0.000000 0.000000
1.000000 1.000000 2.000000 9.000000 2201.304794 0.003397 0.008215 0.000000 0.000000 -0.000000
1.000000 2.000000 2.000000 9.000000 2034.341488 0.003138 0.007584 0.000000 0.000000 -0.000000
1.000000 3.000000 2.000000 9.000000 1903.761639 0.002935 0.007092 0.000000 0.000000 -0.000000
1.000000 4.000000 2.000000 9.000000 1807.865616 0.002787 0.006731 0.000000 0.000000 -0.000000
1.000000 5.000000 2.000000 9.000000 1703.165986 0.002625 0.006337 0.000000 0.000000 -0.000000
1.000000 6.000000 2.000000 9.000000 1602.137703 0.002469 0.005958 0.000000 0.000000 -0.000000
1.000000 7.000000 2.000000 9.000000 1515.128632 0.002334 0.005631 0.000000 0.000000 -0.000000
1.000000 8.000000 2.000000 9.000000 3066.728825 0.004742 0.011504 0.008093 0.000000 0.000000
1.000000 9.000000 2.000000 9.000000 2679.506485 0.004140 0.010028 0.009299 0.000000 0.000000
1.000000 10.000000 2.000000 9.000000 2929.459577 0.004528 0.010980 0.010254 0.000000 0.000000
1.000000 11.000000 2.000000 9.000000 3105.222634 0.004802 0.011651 0.010512 0.000000 0.000000
1.000000 12.000000 2.000000 9.000000 2683.672645 0.004146 0.010044 0.010044 0.000000 -181.655789
1.000000 13.000000 2.000000 9.000000 5507.268500 0.008568 0.020968 0.010262 0.000000 0.000000
1.000000 14.000000 2.000000 9.000000 18002.554015 0.028912 0.074219 0.028912 15282.099199 0.000000
1.000000 15.000000 2.000000 9.000000 46847.215162 0.081291 0.238790 0.081291 57544.703403 0.000000
1.000000 16.000000 2.000000 9.000000 78650.533510 0.149765 0.542210 0.149765 109960.228667 0.000000
1.000000 17.000000 2.000000 9.000000 102727.501325 0.211178 0.965970 0.211178 155303.270097 0.000000
1.000000 18.000000 2.000000 9.000000 87722.209198 0.171811 0.672352 0.171811 119556.946493 0.000000
1.000000 19.000000 2.000000 9.000000 81943.453312 0.157624 0.586310 0.000000 0.000000 0.000000
1.000000 20.000000 2.000000 9.000000 4429.854528 0.006873 0.016756 0.000000 0.000000 -0.000000
1.000000 21.000000 2.000000 9.000000 3110.091470 0.004810 0.011670 0.000000 0.000000 -0.000000
1.000000 22.000000 2.000000 9.000000 2628.169145 0.004060 0.009833 0.000000 0.000000 0.000000
1.000000 23.000000 2.000000 9.000000 2339.519698 0.003611 0.008738 0.000000 0.000000 0.000000
1.000000 24.000000 2.000000 9.000000 2114.499058 0.003262 0.007887 0.000000 0.000000 0.000000
1.000000 1.000000 3.000000 9.000000 1949.760153 0.003007 0.007265 0.000000 0.000000 0.000000
1.000000 2.000000 3.000000 9.000000 1805.945529 0.002784 0.006724 0.000000 0.000000 -0.000000
1.000000 3.000000 3.000000 9.000000 1694.015297 0.002611 0.006303 0.000000 0.000000 -0.000000
1.000000 4.000000 3.000000 9.000000 1620.272275 0.002497 0.006026 0.000000 0.000000 -0.000000
1.000000 5.000000 3.000000 9.000000 1564.819083 0.002411 0.005817 0.000000 0.000000 -0.000000
1.000000 6.000000 3.000000 9.000000 1507.698243 0.002322 0.005603 0.000000 0.000000 -0.000000
1.000000 7.000000 3.000000 9.000000 1462.959959 0.002253 0.005435 0.000000 0.000000 -0.000000
1.000000 8.000000 3.000000 9.000000 1702.578809 0.002624 0.006335 0.000000 0.000000 -0.000000
1.000000 9.000000 3.000000 9.000000 2217.403711 0.003422 0.008276 0.000000 0.000000 -0.000000
1.000000 10.000000 3.000000 9.000000 2945.626110 0.004554 0.011042 0.000000 0.000000 -0.000000
1.000000 11.000000 3.000000 9.000000 4195.932026 0.006507 0.015848 0.000000 0.000000 -0.000000
1.000000 12.000000 3.000000 9.000000 5499.401455 0.008556 0.020937 0.000000 0.000000 -0.000000
1.000000 13.000000 3.000000 9.000000 15676.180137 0.025026 0.063647 0.000000 0.000000 0.000000
1.000000 14.000000 3.000000 9.000000 52568.826590 0.092699 0.281136 0.000000 0.000000 0.000000
1.000000 15.000000 3.000000 9.000000 137176.819984 0.318227 2.691763 0.000000 0.000000 0.000000
1.000000 16.000000 3.000000 9.000000 233583.237945 0.846095 -2.245290 0.000000 0.000000 -0.000000
1.000000 17.000000 3.000000 9.000000 301927.640406 1.816723 -1.411464 0.000000 0.000000 -0.000000
1.000000 18.000000 3.000000 9.000000 266428.768738 1.193326 -1.698742 -0.000000 0.000000 -0.000000
1.000000 19.000000 3.000000 9.000000 90983.254908 0.180046 0.726541 0.000000 0.000000 0.000000
1.000000 20.000000 3.000000 9.000000 4962.304049 0.007710 0.018830 0.000000 0.000000 -0.000000
1.000000 21.000000 3.000000 9.000000 3527.465232 0.005461 0.013270 0.000000 0.000000 -0.000000
1.000000 22.000000 3.000000 9.000000 2979.629733 0.004607 0.011172 0.000000 0.000000 0.000000
1.000000 23.000000 3.000000 9.000000 2609.271365 0.004030 0.009761 0.000000 0.000000 0.000000
1.000000 24.000000 3.000000 9.000000 2336.724531 0.003607 0.008727 0.000000 0.000000 0.000000
1.000000 1.000000 4.000000 9.000000 2118.933504 0.003269 0.007904 0.000000 0.000000 0.000000
1.000000 2.000000 4.000000 9.000000 1937.896478 0.002988 0.007221 0.000000 0.000000 0.000000
1.000000 3.000000 4.000000 9.000000 1786.791176 0.002754 0.006651 0.000000 0.000000 -0.000000
1.000000 4.000000 4.000000 9.000000 1673.053014 0.002578 0.006224 0.000000 0.000000 -0.000000
1.000000 5.000000 4.000000 9.000000 1586.180557 0.002444 0.005898 0.000000 0.000000 -0.000000
1.000000 6.000000 4.000000 9.000000 1505.587337 0.002319 0.005595 0.000000 0.000000 -0.000000
1.000000 7.000000 4.000000 9.000000 1436.328288 0.002212 0.005336 0.000000 0.000000 -0.000000
1.000000 8.000000 4.000000 9.000000 1619.511929 0.002495 0.006023 0.000000 0.000000 -0.000000
1.000000 9.000000 4.000000 9.000000 2242.814075 0.003461 0.008372 0.000000 0.000000 -0.000000
1.000000 10.000000 4.000000 9.000000 3153.347614 0.004877 0.011835 0.000000 0.000000 -0.000000
1.000000 11.000000 4.000000 9.000000 4406.337339 0.006837 0.016664 0.000000 0.000000 -0.000000
1.000000 12.000000 4.000000 9.000000 5948.675365 0.009265 0.022710 0.000000 0.000000 -0.000000
1.000000 13.000000 4.000000 9.000000 17310.128364 0.027750 0.071038 0.000000 0.000000 0.000000
1.000000 14.000000 4.000000 9.000000 59079.895550 0.106140 0.334693 0.000000 0.000000 0.000000
1.000000 15.000000 4.000000 9.000000 156285.267574 0.390376 7.721327 0.000000 0.000000 0.000000
1.000000 16.000000 4.000000 9.000000 265526.590981 1.181609 -1.708793 0.000000 0.000000 -0.000000
1.000000 17.000000 4.000000 9.000000 346472.087276 3.663323 -1.213453 0.000000 0.000000 -0.000000
1.000000 18.000000 4.000000 9.000000 303172.477015 1.846449 -1.404146 -0.000000 0.000000 -0.000000
1.000000 19.000000 4.000000 9.000000 103218.951251 0.212533 0.977856 0.000000 0.000000 0.000000
1.000000 20.000000 4.000000 9.000000 5630.984889 0.008763 0.021455 0.000000 0.000000 -0.000000
1.000000 21.000000 4.000000 9.000000 3864.269651 0.005987 0.014566 0.000000 0.000000 -0.000000
1.000000 22.000000 4.000000 9.000000 3217.462598 0.004977 0.012081 0.000000 0.000000 0.000000
1.000000 23.000000 4.000000 9.000000 2750.284375 0.004250 0.010298 0.000000 0.000000 0.000000
1.000000 24.000000 4.000000 9.000000 2415.753268 0.003730 0.009027 0.000000 0.000000 0.000000
1.000000 1.000000 5.000000 9.000000 2170.257462 0.003349 0.008098 0.000000 0.000000 0.000000
1.000000 2.000000 5.000000 9.000000 1974.756143 0.003045 0.007359 0.000000 0.000000 -0.000000
1.000000 3.000000 5.000000 9.000000 1821.358360 0.002808 0.006782 0.000000 0.000000 -0.000000
1.000000 4.000000 5.000000 9.000000 1697.260269 0.002616 0.006315 0.000000 0.000000 -0.000000
1.000000 5.000000 5.000000 9.000000 1589.091869 0.002448 0.005909 0.000000 0.000000 -0.000000
1.000000 6.000000 5.000000 9.000000 1486.175984 0.002289 0.005522 0.000000 0.000000 -0.000000
1.000000 7.000000 5.000000 9.000000 1413.998393 0.002178 0.005252 0.000000 0.000000 -0.000000
1.000000 8.000000 5.000000 9.000000 3192.079034 0.004938 0.011984 0.007998 0.000000 0.000000
1.000000 9.000000 5.000000 9.000000 2722.801457 0.004207 0.010193 0.008963 0.000000 0.000000
1.000000 10.000000 5.000000 9.000000 3007.960930 0.004651 0.011280 0.010346 0.000000 0.000000
1.000000 11.000000 5.000000 9.000000 2977.028749 0.004603 0.011162 0.011162 0.000000 -76.509203
1.000000 12.000000 5.000000 9.000000 2507.760004 0.003873 0.009376 0.009376 0.000000 -1234.884190
1.000000 13.000000 5.000000 9.000000 6304.112093 0.009828 0.024120 0.011116 0.000000 0.000000
1.000000 14.000000 5.000000 9.000000 21197.605526 0.034327 0.089282 0.034327 18928.434748 0.000000
1.000000 15.000000 5.000000 9.000000 55406.621434 0.098495 0.303723 0.098495 70024.489938 0.000000
1.000000 16.000000 5.000000 9.000000 94043.890832 0.187933 0.781698 0.187933 137940.524176 0.000000
1.000000 17.000000 5.000000 9.000000 121783.270691 0.267177 1.608546 0.267177 196590.576570 0.000000
1.000000 18.000000 5.000000 9.000000 104569.746182 0.216281 1.011463 0.216281 150625.497543 0.000000
1.000000 19.000000 5.000000 9.000000 96362.477114 0.194012 0.826581 0.000000 0.000000 0.000000
1.000000 20.000000 5.000000 9.000000 5669.288364 0.008824 0.021606 0.000000 0.000000 -0.000000
1.000000 21.000000 5.000000 9.000000 3959.966350 0.006137 0.014936 0.000000 0.000000 -0.000000
1.000000 22.000000 5.000000 9.000000 3317.780732 0.005134 0.012465 0.000000 0.000000 0.000000
1.000000 23.000000 5.000000 9.000000 2880.610364 0.004452 0.010794 0.000000 0.000000 0.000000
1.000000 24.000000 5.000000 9.000000 2559.688354 0.003953 0.009573 0.000000 0.000000 0.000000
1.000000 1.000000 6.000000 9.000000 2319.838474 0.003581 0.008663 0.000000 0.000000 -0.000000
1.000000 2.000000 6.000000 9.000000 2121.133003 0.003272 0.007912 0.000000 0.000000 -0.000000
1.000000 3.000000 6.000000 9.000000 1953.000900 0.003012 0.007277 0.000000 0.000000 -0.000000
1.000000 4.000000 6.000000 9.000000 1819.705599 0.002805 0.006775 0.000000 0.000000 -0.000000
1.000000 5.000000 6.000000 9.000000 1706.378899 0.002630 0.006349 0.000000 0.000000 -0.000000
1.000000 6.000000 6.000000 9.000000 1612.437360 0.002484 0.005996 0.000000 0.000000 -0.000000
1.000000 7.000000 6.000000 9.000000 1508.030351 0.002323 0.005604 0.000000 0.000000 -0.000000
1.000000 8.000000 6.000000 9.000000 3103.178790 0.004799 0.011644 0.006559 0.000000 0.000000
1.000000 9.000000 6.000000 9.000000 2645.519457 0.004087 0.009899 0.007750 0.000000 0.000000
1.000000 10.000000 6.000000 9.000000 3015.718698 0.004663 0.011309 0.008795 0.000000 0.000000
1.000000 11.000000 6.000000 9.000000 3016.852417 0.004665 0.011314 0.009668 0.000000 0.000000
1.000000 12.000000 6.000000 9.000000 2584.776978 0.003992 0.009668 0.009546 0.000000 0.000000
1.000000 13.000000 6.000000 9.000000 5795.375217 0.009023 0.022104 0.009023 61.452512 0.000000
1.000000 14.000000 6.000000 9.000000 19319.489900 0.031133 0.080350 0.031133 18222.320429 0.000000
1.000000 15.000000 6.000000 9.000000 50383.026782 0.088297 0.264476 0.088297 63988.680930 0.000000
1.000000 16.000000 6.000000 9.000000 85633.233464 0.166623 0.639870 0.166623 123653.928251 0.000000
1.000000 17.000000 6.000000 9.000000 110831.915961 0.234108 1.187695 0.234108 173595.557304 0.000000
1.000000 18.000000 6.000000 9.000000 94976.008164 0.190366 0.799403 0.190366 133861.383209 0.000000
1.000000 19.000000 6.000000 9.000000 88610.093674 0.174036 0.686670 0.000000 0.000000 0.000000
1.000000 20.000000 6.000000 9.000000 4986.090947 0.007747 0.018923 0.000000 0.000000 -0.000000
1.000000 21.000000 6.000000 9.000000 3470.653377 0.005372 0.013051 0.000000 0.000000 -0.000000
1.000000 22.000000 6.000000 9.000000 2900.391890 0.004483 0.010869 0.000000 0.000000 0.000000
1.000000 23.000000 6.000000 9.000000 2522.431975 0.003895 0.009431 0.000000 0.000000 0.000000
1.000000 24.000000 6.000000 9.000000 2202.590162 0.003399 0.008220 0.000000 0.000000 0.000000
1.000000 1.000000 7.000000 9.000000 1983.590435 0.003059 0.007393 0.000000 0.000000 0.000000
1.000000 2.000000 7.000000 9.000000 1802.903749 0.002779 0.006712 0.000000 0.000000 -0.000000
1.000000 3.000000 7.000000 9.000000 1670.892570 0.002575 0.006216 0.000000 0.000000 -0.000000
1.000000 4.000000 7.000000 9.000000 1558.625698 0.002401 0.005794 0.000000 0.000000 -0.000000
1.000000 5.000000 7.000000 9.000000 1486.886511 0.002290 0.005525 0.000000 0.000000 -0.000000
1.000000 6.000000 7.000000 9.000000 1402.616427 0.002160 0.005209 0.000000 0.000000 -0.000000
1.000000 7.000000 7.000000 9.000000 1344.660940 0.002070 0.004992 0.000000 0.000000 -0.000000
1.000000 8.000000 7.000000 9.000000 3262.643595 0.005048 0.012254 0.005740 0.000000 0.000000
1.000000 9.000000 7.000000 9.000000 2808.804344 0.004341 0.010520 0.006718 0.000000 0.000000
1.000000 10.000000 7.000000 9.000000 2710.316135 0.004187 0.010145 0.007774 0.000000 0.000000
1.000000 11.000000 7.000000 9.000000 3225.034096 0.004989 0.012110 0.008204 0.000000 0.000000
1.000000 12.000000 7.000000 9.000000 2749.434277 0.004248 0.010294 0.007901 0.000000 0.000000
1.000000 13.000000 7.000000 9.000000 5478.171665 0.008522 0.020854 0.008522 730.943125 0.000000
1.000000 14.000000 7.000000 9.000000 18350.765826 0.029498 0.075829 0.029498 17683.505284 0.000000
1.000000 15.000000 7.000000 9.000000 48005.823597 0.083572 0.247041 0.083572 61045.814455 0.000000
1.000000 16.000000 7.000000 9.000000 82026.863561 0.157825 0.587470 0.157825 117465.739277 0.000000
1.000000 17.000000 7.000000 9.000000 105987.187026 0.220251 1.048280 0.220251 163417.819582 0.000000
1.000000 18.000000 7.000000 9.000000 90163.418298 0.177960 0.712495 0.177960 125228.910020 0.000000
1.000000 19.000000 7.000000 9.000000 82915.419425 0.159975 0.599973 0.000000 0.000000 0.000000
1.000000 20.000000 7.000000 9.000000 4474.672159 0.006944 0.016930 0.000000 0.000000 -0.000000
1.000000 21.000000 7.000000 9.000000 3102.341235 0.004798 0.011640 0.000000 0.000000 -0.000000
1.000000 22.000000 7.000000 9.000000 2589.876749 0.004000 0.009688 0.000000 0.000000 0.000000
1.000000 23.000000 7.000000 9.000000 2275.678990 0.003512 0.008496 0.000000 0.000000 0.000000
1.000000 24.000000 7.000000 9.000000 2021.472178 0.003118 0.007536 0.000000 0.000000 0.000000
1.000000 1.000000 1.000000 9.000000 1825.900024 0.002815 0.006799 0.000000 0.000000 0.000000
1.000000 2.000000 1.000000 9.000000 1681.496834 0.002591 0.006256 0.000000 0.000000 -0.000000
1.000000 3.000000 1.000000 9.000000 1557.906496 0.002400 0.005792 0.000000 0.000000 -0.000000
1.000000 4.000000 1.000000 9.000000 1449.055985 0.002232 0.005383 0.000000 0.000000 -0.000000
1.000000 5.000000 1.000000 9.000000 1364.361063 0.002101 0.005066 0.000000 0.000000 -0.000000
1.000000 6.000000 1.000000 9.000000 1303.093977 0.002006 0.004837 0.000000 0.000000 -0.000000
1.000000 7.000000 1.000000 9.000000 1256.663385 0.001935 0.004663 0.000000 0.000000 -0.000000
1.000000 8.000000 1.000000 9.000000 3380.571826 0.005232 0.012706 0.007054 0.000000 0.000000
1.000000 9.000000 1.000000 9.000000 2947.443001 0.004556 0.011049 0.007913 0.000000 0.000000
1.000000 10.000000 1.000000 9.000000 2591.529776 0.004003 0.009694 0.008956 0.000000 0.000000
1.000000 11.000000 1.000000 9.000000 3267.594082 0.005055 0.012273 0.009236 0.000000 0.000000
1.000000 12.000000 1.000000 9.000000 2751.310171 0.004251 0.010301 0.009249 0.000000 0.000000
1.000000 13.000000 1.000000 9.000000 5478.856487 0.008523 0.020856 0.009307 0.000000 0.000000
1.000000 14.000000 1.000000 9.000000 18685.325051 0.030062 0.077384 0.030062 16678.845983 0.000000
1.000000 15.000000 1.000000 9.000000 48947.343727 0.085436 0.253863 0.085436 61146.158874 0.000000
1.000000 16.000000 1.000000 9.000000 83852.259844 0.162254 0.613437 0.162254 119351.522507 0.000000
1.000000 17.000000 1.000000 9.000000 108293.384883 0.226791 1.111863 0.226791 166803.015933 0.000000
1.000000 18.000000 1.000000 9.000000 92393.886201 0.183662 0.751414 0.183662 127886.340281 0.000000
1.000000 19.000000 1.000000 9.000000 85858.910290 0.167180 0.643300 0.000000 0.000000 0.000000
1.000000 20.000000 1.000000 9.000000 4743.782851 0.007366 0.017977 0.000000 0.000000 -0.000000
1.000000 21.000000 1.000000 9.000000 3309.878925 0.005121 0.012435 0.000000 0.000000 -0.000000
1.000000 22.000000 1.000000 9.000000 2797.591067 0.004323 0.010478 0.000000 0.000000 0.000000
1.000000 23.000000 1.000000 9.000000 2462.313543 0.003802 0.009203 0.000000 0.000000 0.000000
1.000000 24.000000 1.000000 9.000000 2203.704726 0.003400 0.008224 0.000000 0.000000 0.000000
1.000000 1.000000 2.000000 9.000000 2005.249260 0.003093 0.007474 0.000000 0.000000 0.000000
1.000000 2.000000 2.000000 9.000000 1867.829290 0.002880 0.006957 0.000000 0.000000 -0.000000
1.000000 3.000000 2.000000 9.000000 1752.491324 0.002701 0.006522 0.000000 0.000000 -0.000000
1.000000 4.000000 2.000000 9.000000 1649.415597 0.002542 0.006135 0.000000 0.000000 -0.000000
1.000000 5.000000 2.000000 9.000000 1556.667467 0.002398 0.005787 0.000000 0.000000 -0.000000
1.000000 6.000000 2.000000 9.000000 1493.727621 0.002301 0.005551 0.000000 0.000000 -0.000000
1.000000 7.000000 2.000000 9.000000 1445.795795 0.002227 0.005371 0.000000 0.000000 -0.000000
1.000000 8.000000 2.000000 9.000000 3130.258103 0.004841 0.011747 0.008088 0.000000 0.000000
1.000000 9.000000 2.000000 9.000000 2759.211235 0.004263 0.010332 0.008797 0.000000 0.000000
1.000000 10.000000 2.000000 9.000000 2724.401176 0.004209 0.010199 0.009537 0.000000 0.000000
1.000000 11.000000 2.000000 9.000000 3204.749010 0.004957 0.012032 0.009801 0.000000 0.000000
1.000000 12.000000 2.000000 9.000000 2721.168276 0.004204 0.010187 0.009728 0.000000 0.000000
1.000000 13.000000 2.000000 9.000000 5352.602301 0.008324 0.020360 0.009559 0.000000 0.000000
1.000000 14.000000 2.000000 9.000000 17296.736361 0.027728 0.070977 0.027728 15185.593621 0.000000
1.000000 15.000000 2.000000 9.000000 44788.581165 0.077275 0.224509 0.077275 54831.388899 0.000000
1.000000 16.000000 2.000000 9.000000 76056.199966 0.143684 0.509670 0.143684 105294.642872 0.000000
1.000000 17.000000 2.000000 9.000000 99413.694769 0.202151 0.890212 0.202151 148463.538777 0.000000
1.000000 18.000000 2.000000 9.000000 85234.788349 0.165641 0.633858 0.165641 115046.155998 0.000000
1.000000 19.000000 2.000000 9.000000 79824.382159 0.152548 0.557557 0.000000 0.000000 0.000000
1.000000 20.000000 2.000000 9.000000 4364.335314 0.006771 0.016501 0.000000 0.000000 -0.000000
1.000000 21.000000 2.000000 9.000000 3051.327116 0.004718 0.011445 0.000000 0.000000 -0.000000
1.000000 22.000000 2.000000 9.000000 2591.432964 0.004003 0.009694 0.000000 0.000000 0.000000
1.000000 23.000000 2.000000 9.000000 2328.560523 0.003594 0.008696 0.000000 0.000000 0.000000
1.000000 24.000000 2.000000 9.000000 2112.233632 0.003259 0.007878 0.000000 0.000000 0.000000
1.000000 1.000000 3.000000 9.000000 1952.091561 0.003010 0.007274 0.000000 0.000000 0.000000
1.000000 2.000000 3.000000 9.000000 1814.664335 0.002797 0.006756 0.000000 0.000000 -0.000000
1.000000 3.000000 3.000000 9.000000 1706.301934 0.002630 0.006349 0.000000 0.000000 -0.000000
1.000000 4.000000 3.000000 9.000000 1621.351922 0.002498 0.006030 0.000000 0.000000 -0.000000
1.000000 5.000000 3.000000 9.000000 1552.236567 0.002391 0.005770 0.000000 0.000000 -0.000000
1.000000 6.000000 3.000000 9.000000 1495.478832 0.002304 0.005557 0.000000 0.000000 -0.000000
1.000000 7.000000 3.000000 9.000000 1457.226800 0.002244 0.005414 0.000000 0.000000 -0.000000
1.000000 8.000000 3.000000 9.000000 1677.558137 0.002585 0.006241 0.000000 0.000000 -0.000000
1.000000 9.000000 3.000000 9.000000 2215.918135 0.003419 0.008270 0.000000 0.000000 -0.000000
1.000000 10.000000 3.000000 9.000000 3025.441630 0.004678 0.011347 0.000000 0.000000 -0.000000
1.000000 11.000000 3.000000 9.000000 4364.888931 0.006772 0.016503 0.000000 0.000000 -0.000000
1.000000 12.000000 3.000000 9.000000 5867.385541 0.009137 0.022389 0.000000 0.000000 -0.000000
1.000000 13.000000 3.000000 9.000000 16907.428532 0.027077 0.069202 0.000000 0.000000 0.000000
1.000000 14.000000 3.000000 9.000000 56721.900287 0.101214 0.314579 0.000000 0.000000 0.000000
1.000000 15.000000 3.000000 9.000000 148599.318117 0.360064 4.558603 0.000000 0.000000 0.000000
1.000000 16.000000 3.000000 9.000000 254397.966394 1.048598 -1.850211 0.000000 0.000000 -0.000000
1.000000 17.000000 3.000000 9.000000 331724.665004 2.804374 -1.267014 0.000000 0.000000 -0.000000
1.000000 18.000000 3.000000 9.000000 290335.171969 1.570815 -1.486812 -0.000000 0.000000 -0.000000
1.000000 19.000000 3.000000 9.000000 98088.026059 0.198595 0.861892 0.000000 0.000000 0.000000
1.000000 20.000000 3.000000 9.000000 5250.647454 0.008164 0.019960 0.000000 0.000000 -0.000000
1.000000 21.000000 3.000000 9.000000 3582.984412 0.005548 0.013483 0.000000 0.000000 -0.000000
1.000000 22.000000 3.000000 9.000000 2960.433376 0.004577 0.011098 0.000000 0.000000 0.000000
1.000000 23.000000 3.000000 9.000000 2566.233642 0.003963 0.009598 0.000000 0.000000 0.000000
1.000000 24.000000 3.000000 9.000000 2265.558314 0.003496 0.008458 0.000000 0.000000 0.000000
1.000000 1.000000 4.000000 9.000000 2042.907678 0.003151 0.007617 0.000000 0.000000 0.000000
1.000000 2.000000 4.000000 9.000000 1878.291618 0.002896 0.006996 0.000000 0.000000 -0.000000
1.000000 3.000000 4.000000 9.000000 1726.002930 0.002660 0.006423 0.000000 0.000000 -0.000000
1.000000 4.000000 4.000000 9.000000 1593.709557 0.002455 0.005926 0.000000 0.000000 -0.000000
1.000000 5.000000 4.000000 9.000000 1482.437134 0.002283 0.005508 0.000000 0.000000 -0.000000
1.000000 6.000000 4.000000 9.000000 1386.856040 0.002136 0.005150 0.000000 0.000000 -0.000000
1.000000 7.000000 4.000000 9.000000 1306.402761 0.002011 0.004849 0.000000 0.000000 -0.000000
1.000000 8.000000 4.000000 9.000000 1484.085493 0.002286 0.005515 0.000000 0.000000 -0.000000
1.000000 9.000000 4.000000 9.000000 2073.759283 0.003199 0.007733 0.000000 0.000000 -0.000000
1.000000 10.000000 4.000000 9.000000 3030.329616 0.004686 0.011365 0.000000 0.000000 -0.000000
1.000000 11.000000 4.000000 9.000000 4432.281798 0.006877 0.016765 0.000000 0.000000 -0.000000
1.000000 12.000000 4.000000 9.000000 6147.082323 0.009579 0.023496 0.000000 0.000000 -0.000000
1.000000 13.000000 4.000000 9.000000 17691.292254 0.028389 0.072786 0.000000 0.000000 0.000000
1.000000 14.000000 4.000000 9.000000 58082.516564 0.104048 0.326081 0.000000 0.000000 0.000000
1.000000 15.000000 4.000000 9.000000 152784.823421 0.376342 5.906222 0.000000 0.000000 0.000000
1.000000 16.000000 4.000000 9.000000 262739.990075 1.146354 -1.741057 0.000000 0.000000 -0.000000
1.000000 17.000000 4.000000 9.000000 350412.658212 3.970982 -1.200614 0.000000 0.000000 -0.000000
1.000000 18.000000 4.000000 9.000000 310242.836722 2.030053 -1.365028 -0.000000 0.000000 -0.000000
1.000000 19.000000 4.000000 9.000000 104335.384091 0.215629 1.005531 0.000000 0.000000 0.000000
1.000000 20.000000 4.000000 9.000000 5874.143652 0.009147 0.022415 0.000000 0.000000 -0.000000
1.000000 21.000000 4.000000 9.000000 4061.656433 0.006296 0.015329 0.000000 0.000000 -0.000000
1.000000 22.000000 4.000000 9.000000 3381.496540 0.005233 0.012709 0.000000 0.000000 0.000000
1.000000 23.000000 4.000000 9.000000 2950.748744 0.004562 0.011061 0.000000 0.000000 0.000000
1.000000 24.000000 4.000000 9.000000 2610.614803 0.004032 0.009766 0.000000 0.000000 0.000000
1.000000 1.000000 5.000000 9.000000 2383.920576 0.003680 0.008906 0.000000 0.000000 0.000000
1.000000 2.000000 5.000000 9.000000 2201.183066 0.003397 0.008214 0.000000 0.000000 -0.000000
1.000000 3.000000 5.000000 9.000000 2048.187958 0.003159 0.007636 0.000000 0.000000 -0.000000
1.000000 4.000000 5.000000 9.000000 1920.977658 0.002962 0.007157 0.000000 0.000000 -0.000000
1.000000 5.000000 5.000000 9.000000 1804.257261 0.002781 0.006717 0.000000 0.000000 -0.000000
1.000000 6.000000 5.000000 9.000000 1703.084779 0.002625 0.006337 0.000000 0.000000 -0.000000
1.000000 7.000000 5.000000 9.000000 1628.787170 0.002510 0.006058 0.000000 0.000000 -0.000000
1.000000 8.000000 5.000000 9.000000 2948.279289 0.004558 0.011052 0.008523 0.000000 0.000000
1.000000 9.000000 5.000000 9.000000 2573.385180 0.003975 0.009625 0.009625 0.000000 -107.895068
1.000000 10.000000 5.000000 9.000000 3073.657903 0.004753 0.011531 0.010848 0.000000 0.000000
1.000000 11.000000 5.000000 9.000000 2991.640674 0.004625 0.011218 0.011218 0.000000 -277.637596
1.000000 12.000000 5.000000 9.000000 2550.938738 0.003940 0.009540 0.009540 0.000000 -1301.050790
1.000000 13.000000 5.000000 9.000000 6005.090468 0.009354 0.022933 0.011018 0.000000 0.000000
1.000000 14.000000 5.000000 9.000000 20172.850192 0.032580 0.084380 0.032580 17754.694977 0.000000
1.000000 15.000000 5.000000 9.000000 52485.821691 0.092531 0.280492 0.092531 65671.792424 0.000000
1.000000 16.000000 5.000000 9.000000 88662.673919 0.174168 0.687528 0.174168 127633.081027 0.000000
1.000000 17.000000 5.000000 9.000000 114538.719629 0.245023 1.311151 0.245023 180035.880138 0.000000
1.000000 18.000000 5.000000 9.000000 99105.941930 0.201323 0.883542 0.201323 140281.571475 0.000000
1.000000 19.000000 5.000000 9.000000 90883.205865 0.179791 0.724812 0.000000 0.000000 0.000000
1.000000 20.000000 5.000000 9.000000 5167.609084 0.008033 0.019634 0.000000 0.000000 -0.000000
1.000000 21.000000 5.000000 9.000000 3558.905491 0.005510 0.013390 0.000000 0.000000 -0.000000
1.000000 22.000000 5.000000 9.000000 2940.010986 0.004545 0.011021 0.000000 0.000000 0.000000
1.000000 23.000000 5.000000 9.000000 2550.854785 0.003940 0.009539 0.000000 0.000000 0.000000
1.000000 24.000000 5.000000 9.000000 2257.856927 0.003484 0.008429 0.000000 0.000000 0.000000
1.000000 1.000000 6.000000 9.000000 2030.706614 0.003132 0.007571 0.000000 0.000000 0.000000
1.000000 2.000000 6.000000 9.000000 1849.559507 0.002851 0.006888 0.000000 0.000000 -0.000000
1.000000 3.000000 6.000000 9.000000 1688.309298 0.002602 0.006281 0.000000 0.000000 -0.000000
1.000000 4.000000 6.000000 9.000000 1559.047048 0.002402 0.005796 0.000000 0.000000 -0.000000
1.000000 5.000000 6.000000 9.000000 1458.388395 0.002246 0.005418 0.000000 0.000000 0.000000
1.000000 6.000000 6.000000 9.000000 1368.267069 0.002107 0.005081 0.000000 0.000000 -0.000000
1.000000 7.000000 6.000000 9.000000 1317.613160 0.002029 0.004891 0.000000 0.000000 -0.000000
1.000000 8.000000 6.000000 9.000000 3253.694789 0.005034 0.012219 0.005112 0.000000 0.000000
1.000000 9.000000 6.000000 9.000000 2713.915241 0.004193 0.010159 0.005743 0.000000 0.000000
1.000000 10.000000 6.000000 9.000000 3080.849412 0.004764 0.011558 0.007485 0.000000 0.000000
1.000000 11.000000 6.000000 9.000000 2922.696978 0.004518 0.010954 0.007839 0.000000 0.000000
1.000000 12.000000 6.000000 9.000000 2454.819854 0.003790 0.009175 0.007178 0.000000 0.000000
1.000000 13.000000 6.000000 9.000000 6357.519326 0.009912 0.024332 0.009912 1952.780256 0.000000
1.000000 14.000000 6.000000 9.000000 21684.749407 0.035160 0.091636 0.035160 21788.999174 0.000000
1.000000 15.000000 6.000000 9.000000 57270.487924 0.102354 0.319183 0.102354 74840.766603 0.000000
1.000000 16.000000 6.000000 9.000000 97671.976511 0.197485 0.853222 0.197485 146563.433232 0.000000
1.000000 17.000000 6.000000 9.000000 126961.446326 0.283719 1.884117 0.283719 210347.777938 0.000000
1.000000 18.000000 6.000000 9.000000 108912.111056 0.228563 1.129754 0.228563 161011.114774 0.000000
1.000000 19.000000 6.000000 9.000000 98583.200112 0.199920 0.872346 0.000000 0.000000 0.000000
1.000000 20.000000 6.000000 9.000000 5788.636699 0.009012 0.022077 0.000000 0.000000 -0.000000
1.000000 21.000000 6.000000 9.000000 4054.167850 0.006285 0.015300 0.000000 0.000000 -0.000000
1.000000 22.000000 6.000000 9.000000 3419.890918 0.005293 0.012856 0.000000 0.000000 0.000000
1.000000 23.000000 6.000000 9.000000 2972.725253 0.004596 0.011145 0.000000 0.000000 0.000000
1.000000 24.000000 6.000000 9.000000 2610.418487 0.004032 0.009766 0.000000 0.000000 0.000000
1.000000 1.000000 7.000000 9.000000 2337.020703 0.003607 0.008729 0.000000 0.000000 0.000000
1.000000 2.000000 7.000000 9.000000 2129.071871 0.003285 0.007942 0.000000 0.000000 -0.000000
1.000000 3.000000 7.000000 9.000000 1965.878518 0.003032 0.007326 0.000000 0.000000 -0.000000
1.000000 4.000000 7.000000 9.000000 1824.514276 0.002813 0.006793 0.000000 0.000000 -0.000000
1.000000 5.000000 7.000000 9.000000 1694.967689 0.002612 0.006306 0.000000 0.000000 -0.000000
1.000000 6.000000 7.000000 9.000000 1588.685806 0.002448 0.005907 0.000000 0.000000 -0.000000
1.000000 7.000000 7.000000 9.000000 1529.777281 0.002357 0.005686 0.000000 0.000000 -0.000000
1.000000 8.000000 7.000000 9.000000 3036.190422 0.004695 0.011388 0.007156 0.000000 0.000000
1.000000 9.000000 7.000000 9.000000 2662.359643 0.004113 0.009963 0.007478 0.000000 0.000000
1.000000 10.000000 7.000000 9.000000 2862.199843 0.004424 0.010724 0.008253 0.000000 0.000000
1.000000 11.000000 7.000000 9.000000 3161.622894 0.004890 0.011867 0.008734 0.000000 0.000000
1.000000 12.000000 7.000000 9.000000 2728.247949 0.004215 0.010214 0.007719 0.000000 0.000000
1.000000 13.000000 7.000000 9.000000 5420.812502 0.008432 0.020628 0.008432 141.490997 0.000000
1.000000 14.000000 7.000000 9.000000 18033.474855 0.028964 0.074362 0.028964 16309.607150 0.000000
1.000000 15.000000 7.000000 9.000000 47631.050696 0.082832 0.244355 0.082832 59049.819416 0.000000
1.000000 16.000000 7.000000 9.000000 81726.383698 0.157101 0.583300 0.157101 115792.273819 0.000000
1.000000 17.000000 7.000000 9.000000 106459.964783 0.221584 1.060932 0.221584 163316.979237 0.000000
1.000000 18.000000 7.000000 9.000000 90796.132093 0.179569 0.723310 0.179569 125699.027474 0.000000
1.000000 19.000000 7.000000 9.000000 84563.387341 0.163993 0.623857 0.000000 0.000000 0.000000
1.000000 20.000000 7.000000 9.000000 4646.400288 0.007213 0.017598 0.000000 0.000000 -0.000000
1.000000 21.000000 7.000000 9.000000 3156.788625 0.004883 0.011849 0.000000 0.000000 -0.000000
1.000000 22.000000 7.000000 9.000000 2625.756766 0.004056 0.009824 0.000000 0.000000 0.000000
1.000000 23.000000 7.000000 9.000000 2314.199036 0.003572 0.008642 0.000000 0.000000 0.000000
1.000000 24.000000 7.000000 9.000000 2073.792752 0.003199 0.007733 0.000000 0.000000 0.000000
1.000000 1.000000 1.000000 9.000000 1909.502222 0.002944 0.007114 0.000000 0.000000 0.000000
1.000000 2.000000 1.000000 9.000000 1765.838663 0.002722 0.006573 0.000000 0.000000 0.000000
1.000000 3.000000 1.000000 9.000000 1637.579280 0.002523 0.006091 0.000000 0.000000 -0.000000
1.000000 4.000000 1.000000 9.000000 1540.479268 0.002373 0.005726 0.000000 0.000000 -0.000000
1.000000 5.000000 1.000000 9.000000 1460.673192 0.002250 0.005427 0.000000 0.000000 -0.000000
1.000000 6.000000 1.000000 9.000000 1396.791523 0.002151 0.005188 0.000000 0.000000 -0.000000
1.000000 7.000000 1.000000 9.000000 1353.592043 0.002084 0.005026 0.000000 0.000000 -0.000000
1.000000 8.000000 1.000000 9.000000 3242.665272 0.005017 0.012177 0.007317 0.000000 0.000000
1.000000 9.000000 1.000000 9.000000 2776.581456 0.004291 0.010398 0.008531 0.000000 0.000000
1.000000 10.000000 1.000000 9.000000 2826.305611 0.004368 0.010587 0.009527 0.000000 0.000000
1.000000 11.000000 1.000000 9.000000 3139.693860 0.004856 0.011783 0.010040 0.000000 0.000000
1.000000 12.000000 1.000000 9.000000 2658.961729 0.004108 0.009950 0.009950 0.000000 -208.541202
1.000000 13.000000 1.000000 9.000000 5648.533887 0.008791 0.021525 0.009344 0.000000 0.000000
1.000000 14.000000 1.000000 9.000000 19113.664044 0.030785 0.079384 0.030785 17926.667105 0.000000
1.000000 15.000000 1.000000 9.000000 50492.534813 0.088517 0.265296 0.088517 63431.226867 0.000000
1.000000 16.000000 1.000000 9.000000 85711.320088 0.166816 0.641054 0.166816 122922.136137 0.000000
1.000000 17.000000 1.000000 9.000000 111259.550169 0.235353 1.201126 0.235353 173401.080584 0.000000
1.000000 18.000000 1.000000 9.000000 95742.944935 0.192378 0.814309 0.192378 134480.349668 0.000000
1.000000 19.000000 1.000000 9.000000 87849.440093 0.172129 0.674384 0.000000 0.000000 0.000000
1.000000 20.000000 1.000000 9.000000 4900.580924 0.007613 0.018589 0.000000 0.000000 -0.000000
1.000000 21.000000 1.000000 9.000000 3396.457708 0.005256 0.012767 0.000000 0.000000 -0.000000
1.000000 22.000000 1.000000 9.000000 2849.047121 0.004403 0.010674 0.000000 0.000000 0.000000
1.000000 23.000000 1.000000 9.000000 2482.971405 0.003834 0.009282 0.000000 0.000000 0.000000
1.000000 24.000000 1.000000 9.000000 2195.334954 0.003387 0.008192 0.000000 0.000000 0.000000
1.000000 1.000000 2.000000 9.000000 1975.703297 0.003047 0.007363 0.000000 0.000000 0.000000
1.000000 2.000000 2.000000 9.000000 1803.392677 0.002780 0.006714 0.000000 0.000000 -0.000000
1.000000 3.000000 2.000000 9.000000 1664.726197 0.002565 0.006193 0.000000 0.000000 -0.000000
1.000000 4.000000 2.000000 9.000000 1544.532427 0.002379 0.005741 0.000000 0.000000 -0.000000
1.000000 5.000000 2.000000 9.000000 1458.670521 0.002247 0.005419 0.000000 0.000000 -0.000000
1.000000 6.000000 2.000000 9.000000 1386.016098 0.002134 0.005147 0.000000 0.000000 -0.000000
1.000000 7.000000 2.000000 9.000000 1326.288529 0.002042 0.004924 0.000000 0.000000 -0.000000
1.000000 8.000000 2.000000 9.000000 3277.695374 0.005071 0.012311 0.007602 0.000000 0.000000
1.000000 9.000000 2.000000 9.000000 2764.577472 0.004272 0.010352 0.008816 0.000000 0.000000
1.000000 10.000000 2.000000 9.000000 2909.262586 0.004497 0.010903 0.010071 0.000000 0.000000
1.000000 11.000000 2.000000 9.000000 3064.065552 0.004738 0.011494 0.010903 0.000000 0.000000
1.000000 12.000000 2.000000 9.000000 2593.972092 0.004007 0.009703 0.009703 0.000000 -824.892886
1.000000 13.000000 2.000000 9.000000 5905.973257 0.009198 0.022541 0.010737 0.000000 0.000000
1.000000 14.000000 2.000000 9.000000 19692.485174 0.031765 0.082106 0.031765 17211.839757 0.000000
1.000000 15.000000 2.000000 9.000000 51400.936792 0.090340 0.272157 0.090340 64242.328136 0.000000
1.000000 16.000000 2.000000 9.000000 87395.021976 0.170994 0.667154 0.170994 125534.672307 0.000000
1.000000 17.000000 2.000000 9.000000 112732.693701 0.239670 1.248964 0.239670 176281.879289 0.000000
1.000000 18.000000 2.000000 9.000000 96469.536468 0.194294 0.828723 0.194294 135445.909796 0.000000
1.000000 19.000000 2.000000 9.000000 88602.384593 0.174017 0.686544 0.000000 0.000000 0.000000
1.000000 20.000000 2.000000 9.000000 5006.050853 0.007779 0.019002 0.000000 0.000000 -0.000000
1.000000 21.000000 2.000000 9.000000 3465.348925 0.005364 0.013031 0.000000 0.000000 -0.000000
1.000000 22.000000 2.000000 9.000000 2893.218102 0.004472 0.010842 0.000000 0.000000 0.000000
1.000000 23.000000 2.000000 9.000000 2513.225112 0.003881 0.009397 0.000000 0.000000 0.000000
1.000000 24.000000 2.000000 9.000000 2216.962552 0.003421 0.008274 0.000000 0.000000 0.000000
1.000000 1.000000 3.000000 9.000000 1996.073351 0.003078 0.007440 0.000000 0.000000 0.000000
1.000000 2.000000 3.000000 9.000000 1816.365198 0.002800 0.006763 0.000000 0.000000 -0.000000
1.000000 3.000000 3.000000 9.000000 1670.534789 0.002574 0.006214 0.000000 0.000000 -0.000000
1.000000 4.000000 3.000000 9.000000 1547.035922 0.002383 0.005751 0.000000 0.000000 -0.000000
1.000000 5.000000 3.000000 9.000000 1458.544702 0.002246 0.005419 0.000000 0.000000 -0.000000
1.000000 6.000000 3.000000 9.000000 1386.113270 0.002135 0.005148 0.000000 0.000000 -0.000000
1.000000 7.000000 3.000000 9.000000 1326.350567 0.002042 0.004924 0.000000 0.000000 -0.000000
1.000000 8.000000 3.000000 9.000000 1529.581914 0.002356 0.005685 0.000000 0.000000 -0.000000
1.000000 9.000000 3.000000 9.000000 2162.365719 0.003336 0.008068 0.000000 0.000000 -0.000000
1.000000 10.000000 3.000000 9.000000 3141.730425 0.004859 0.011791 0.000000 0.000000 -0.000000
1.000000 11.000000 3.000000 9.000000 4528.611718 0.007028 0.017139 0.000000 0.000000 -0.000000
1.000000 12.000000 3.000000 9.000000 6299.001676 0.009819 0.024099 0.000000 0.000000 -0.000000
1.000000 13.000000 3.000000 9.000000 18796.452521 0.030249 0.077902 0.000000 0.000000 0.000000
1.000000 14.000000 3.000000 9.000000 63122.400154 0.114742 0.371264 0.000000 0.000000 0.000000
1.000000 15.000000 3.000000 9.000000 164454.765380 0.424716 23.141501 0.000000 0.000000 0.000000
1.000000 16.000000 3.000000 9.000000 280081.703484 1.391257 -1.566550 0.000000 0.000000 -0.000000
1.000000 17.000000 3.000000 9.000000 363621.021274 5.426531 -1.161370 0.000000 0.000000 -0.000000
1.000000 18.000000 3.000000 9.000000 317939.563898 2.263707 -1.326663 -0.000000 0.000000 -0.000000
1.000000 19.000000 3.000000 9.000000 105560.495263 0.219052 1.037023 0.000000 0.000000 0.000000
1.000000 20.000000 3.000000 9.000000 5922.527918 0.009224 0.022607 0.000000 0.000000 -0.000000
1.000000 21.000000 3.000000 9.000000 4048.978129 0.006277 0.015280 0.000000 0.000000 -0.000000
1.000000 22.000000 3.000000 9.000000 3328.099590 0.005150 0.012504 0.000000 0.000000 0.000000
1.000000 23.000000 3.000000 9.000000 2862.791366 0.004425 0.010726 0.000000 0.000000 0.000000
1.000000 24.000000 3.000000 9.000000 2513.228131 0.003881 0.009397 0.000000 0.000000 0.000000
1.000000 1.000000 4.000000 9.000000 2252.958993 0.003477 0.008410 0.000000 0.000000 0.000000
1.000000 2.000000 4.000000 9.000000 2035.199180 0.003139 0.007587 0.000000 0.000000 0.000000
1.000000 3.000000 4.000000 9.000000 1850.081638 0.002852 0.006890 0.000000 0.000000 0.000000
1.000000 4.000000 4.000000 9.000000 1703.019831 0.002625 0.006336 0.000000 0.000000 0.000000
1.000000 5.000000 4.000000 9.000000 1580.700113 0.002435 0.005877 0.000000 0.000000 0.000000
1.000000 6.000000 4.000000 9.000000 1485.286028 0.002288 0.005519 0.000000 0.000000 0.000000
1.000000 7.000000 4.000000 9.000000 1408.885549 0.002170 0.005233 0.000000 0.000000 0.000000
1.000000 8.000000 4.000000 9.000000 1706.756415 0.002630 0.006351 0.000000 0.000000 -0.000000
1.000000 9.000000 4.000000 9.000000 2472.317166 0.003817 0.009241 0.000000 0.000000 -0.000000
1.000000 10.000000 4.000000 9.000000 3789.077836 0.005870 0.014276 0.000000 0.000000 -0.000000
1.000000 11.000000 4.000000 9.000000 5729.953705 0.008920 0.021846 0.000000 0.000000 -0.000000
1.000000 12.000000 4.000000 9.000000 8298.684524 0.013002 0.032145 0.000000 0.000000 0.000000
1.000000 13.000000 4.000000 9.000000 25150.805630 0.041152 0.108846 0.000000 0.000000 0.000000
1.000000 14.000000 4.000000 9.000000 84352.583144 0.163476 0.620750 0.000000 0.000000 0.000000
1.000000 15.000000 4.000000 9.000000 216291.027296 0.711781 -2.837290 0.000000 0.000000 -0.000000
1.000000 16.000000 4.000000 9.000000 368315.486468 6.194275 -1.148675 0.000000 0.000000 -0.000000
1.000000 17.000000 4.000000 9.000000 469553.585958 -4.545464 -0.971344 -0.000000 0.000000 -0.000000
1.000000 18.000000 4.000000 9.000000 405400.983410 -2497.038006 -1.066096 -0.000000 0.000000 -0.000000
1.000000 19.000000 4.000000 9.000000 138820.399310 0.324026 2.872981 0.000000 0.000000 0.000000
1.000000 20.000000 4.000000 9.000000 8553.354563 0.013410 0.033184 0.000000 0.000000 -0.000000
1.000000 21.000000 4.000000 9.000000 5841.003486 0.009095 0.022284 0.000000 0.000000 -0.000000
1.000000 22.000000 4.000000 9.000000 4741.284942 0.007362 0.017968 0.000000 0.000000 0.000000
1.000000 23.000000 4.000000 9.000000 4020.270338 0.006232 0.015169 0.000000 0.000000 0.000000
1.000000 24.000000 4.000000 9.000000 3479.748080 0.005386 0.013086 0.000000 0.000000 0.000000
1.000000 1.000000 5.000000 9.000000 3051.867143 0.004719 0.011448 0.000000 0.000000 0.000000
1.000000 2.000000 5.000000 9.000000 2695.425248 0.004164 0.010089 0.000000 0.000000 0.000000
1.000000 3.000000 5.000000 9.000000 2395.591667 0.003698 0.008950 0.000000 0.000000 0.000000
1.000000 4.000000 5.000000 9.000000 2149.848281 0.003317 0.008020 0.000000 0.000000 0.000000
1.000000 5.000000 5.000000 9.000000 1938.647747 0.002989 0.007223 0.000000 0.000000 0.000000
1.000000 6.000000 5.000000 9.000000 1752.082946 0.002701 0.006521 0.000000 0.000000 0.000000
1.000000 7.000000 5.000000 9.000000 1615.377359 0.002489 0.006007 0.000000 0.000000 0.000000
1.000000 8.000000 5.000000 9.000000 2927.719114 0.004526 0.010974 0.006479 0.000000 0.000000
1.000000 9.000000 5.000000 9.000000 2507.260854 0.003872 0.009374 0.007273 0.000000 0.000000
1.000000 10.000000 5.000000 9.000000 3269.548496 0.005058 0.012280 0.007411 0.000000 0.000000
1.000000 11.000000 5.000000 9.000000 2678.349972 0.004138 0.010024 0.009551 0.000000 0.000000
1.000000 12.000000 5.000000 9.000000 2558.361873 0.003951 0.009568 0.009568 0.000000 -85.824178
1.000000 13.000000 5.000000 9.000000 7054.667887 0.011018 0.027117 0.011018 1289.334486 0.000000
1.000000 14.000000 5.000000 9.000000 23313.897354 0.037963 0.099623 0.037963 23091.987140 0.000000
1.000000 15.000000 5.000000 9.000000 60290.831181 0.108695 0.345362 0.108695 78831.257448 0.000000
1.000000 16.000000 5.000000 9.000000 99402.558493 0.202121 0.889970 0.202121 149985.716305 0.000000
1.000000 17.000000 5.000000 9.000000 126852.552368 0.283365 1.877622 0.283365 209380.892481 0.000000
1.000000 18.000000 5.000000 9.000000 109123.037705 0.229169 1.135938 0.229169 161070.574165 0.000000
1.000000 19.000000 5.000000 9.000000 99891.762382 0.203441 0.900692 0.000000 0.000000 0.000000
1.000000 20.000000 5.000000 9.000000 5855.510969 0.009118 0.022342 0.000000 0.000000 -0.000000
1.000000 21.000000 5.000000 9.000000 4060.286977 0.006294 0.015323 0.000000 0.000000 -0.000000
1.000000 22.000000 5.000000 9.000000 3408.947802 0.005276 0.012815 0.000000 0.000000 0.000000
1.000000 23.000000 5.000000 9.000000 2967.208788 0.004587 0.011124 0.000000 0.000000 0.000000
1.000000 24.000000 5.000000 9.000000 2637.295982 0.004074 0.009868 0.000000 0.000000 0.000000
1.000000 1.000000 6.000000 9.000000 2317.652199 0.003577 0.008655 0.000000 0.000000 0.000000
1.000000 2.000000 6.000000 9.000000 2123.699796 0.003276 0.007922 0.000000 0.000000 -0.000000
1.000000 3.000000 6.000000 9.000000 1969.160327 0.003037 0.007338 0.000000 0.000000 -0.000000
1.000000 4.000000 6.000000 9.000000 1857.028026 0.002863 0.006916 0.000000 0.000000 -0.000000
1.000000 5.000000 6.000000 9.000000 1744.594706 0.002689 0.006493 0.000000 0.000000 -0.000000
1.000000 6.000000 6.000000 9.000000 1627.588739 0.002508 0.006053 0.000000 0.000000 -0.000000
1.000000 7.000000 6.000000 9.000000 1537.898759 0.002369 0.005716 0.000000 0.000000 -0.000000
1.000000 8.000000 6.000000 9.000000 3031.326197 0.004687 0.011369 0.006355 0.000000 0.000000
1.000000 9.000000 6.000000 9.000000 2570.357150 0.003970 0.009613 0.007662 0.000000 0.000000
1.000000 10.000000 6.000000 9.000000 3159.297908 0.004887 0.011858 0.008548 0.000000 0.000000
1.000000 11.000000 6.000000 9.000000 2956.765108 0.004571 0.011084 0.010310 0.000000 0.000000
1.000000 12.000000 6.000000 9.000000 2565.460609 0.003962 0.009595 0.009595 0.000000 -173.627353
1.000000 13.000000 6.000000 9.000000 5930.991713 0.009237 0.022640 0.009774 0.000000 0.000000
1.000000 14.000000 6.000000 9.000000 19946.673647 0.032196 0.083307 0.032196 18587.668621 0.000000
1.000000 15.000000 6.000000 9.000000 52825.814579 0.093220 0.283136 0.093220 67219.932965 0.000000
1.000000 16.000000 6.000000 9.000000 89836.897898 0.177132 0.706982 0.177132 131369.493480 0.000000
1.000000 17.000000 6.000000 9.000000 117862.082277 0.255047 1.437091 0.255047 189026.295138 0.000000
1.000000 18.000000 6.000000 9.000000 102916.880917 0.211699 0.970529 0.211699 149133.153058 0.000000
1.000000 19.000000 6.000000 9.000000 96382.166100 0.194064 0.826974 0.000000 0.000000 0.000000
1.000000 20.000000 6.000000 9.000000 5702.749207 0.008877 0.021738 0.000000 0.000000 -0.000000
1.000000 21.000000 6.000000 9.000000 4055.249637 0.006286 0.015304 0.000000 0.000000 -0.000000
1.000000 22.000000 6.000000 9.000000 3397.118783 0.005258 0.012769 0.000000 0.000000 0.000000
1.000000 23.000000 6.000000 9.000000 2943.009934 0.004550 0.011032 0.000000 0.000000 0.000000
1.000000 24.000000 6.000000 9.000000 2609.097362 0.004030 0.009761 0.000000 0.000000 0.000000
1.000000 1.000000 7.000000 9.000000 2365.173623 0.003651 0.008835 0.000000 0.000000 -0.000000
1.000000 2.000000 7.000000 9.000000 2186.613301 0.003374 0.008159 0.000000 0.000000 -0.000000
1.000000 3.000000 7.000000 9.000000 2047.949456 0.003159 0.007636 0.000000 0.000000 -0.000000
1.000000 4.000000 7.000000 9.000000 1931.017506 0.002978 0.007195 0.000000 0.000000 -0.000000
1.000000 5.000000 7.000000 9.000000 1817.562332 0.002802 0.006767 0.000000 0.000000 -0.000000
1.000000 6.000000 7.000000 9.000000 1713.275203 0.002640 0.006375 0.000000 0.000000 -0.000000
1.000000 7.000000 7.000000 9.000000 1646.064165 0.002536 0.006122 0.000000 0.000000 -0.000000
1.000000 8.000000 7.000000 9.000000 2895.240584 0.004475 0.010850 0.007693 0.000000 0.000000
1.000000 9.000000 7.000000 9.000000 2493.414223 0.003850 0.009321 0.008344 0.000000 0.000000
1.000000 10.000000 7.000000 9.000000 3331.619272 0.005155 0.012518 0.009553 0.000000 0.000000
1.000000 11.000000 7.000000 9.000000 2847.441831 0.004401 0.010668 0.009705 0.000000 0.000000
1.000000 12.000000 7.000000 9.000000 2444.647525 0.003774 0.009136 0.009136 0.000000 -637.392080
1.000000 13.000000 7.000000 9.000000 6402.825379 0.009984 0.024512 0.010119 0.000000 0.000000
1.000000 14.000000 7.000000 9.000000 21385.803566 0.034648 0.090189 0.034648 19522.836542 0.000000
1.000000 15.000000 7.000000 9.000000 55791.496985 0.099289 0.306873 0.099289 71818.559152 0.000000
1.000000 16.000000 7.000000 9.000000 90220.853315 0.178106 0.713470 0.178106 131594.887824 0.000000
1.000000 17.000000 7.000000 9.000000 115450.680964 0.247751 1.344150 0.247751 183290.773238 0.000000
1.000000 18.000000 7.000000 9.000000 101733.313126 0.208449 0.942457 0.208449 147384.533265 0.000000
1.000000 19.000000 7.000000 9.000000 96213.503273 0.193618 0.823611 0.000000 0.000000 0.000000
1.000000 20.000000 7.000000 9.000000 5715.162604 0.008896 0.021787 0.000000 0.000000 -0.000000
1.000000 21.000000 7.000000 9.000000 4060.433937 0.006294 0.015324 0.000000 0.000000 -0.000000
1.000000 22.000000 7.000000 9.000000 3395.209130 0.005255 0.012762 0.000000 0.000000 0.000000
1.000000 23.000000 7.000000 9.000000 2931.714196 0.004532 0.010989 0.000000 0.000000 0.000000
1.000000 24.000000 7.000000 9.000000 2612.371155 0.004035 0.009773 0.000000 0.000000 0.000000
1.000000 1.000000 1.000000 9.000000 2361.765583 0.003646 0.008822 0.000000 0.000000 -0.000000
1.000000 2.000000 1.000000 9.000000 2171.916284 0.003351 0.008104 0.000000 0.000000 -0.000000
1.000000 3.000000 1.000000 9.000000 2013.866464 0.003106 0.007507 0.000000 0.000000 -0.000000
1.000000 4.000000 1.000000 9.000000 1875.332642 0.002891 0.006985 0.000000 0.000000 -0.000000
1.000000 5.000000 1.000000 9.000000 1759.827331 0.002713 0.006550 0.000000 0.000000 -0.000000
1.000000 6.000000 1.000000 9.000000 1654.125696 0.002549 0.006153 0.000000 0.000000 -0.000000
1.000000 7.000000 1.000000 9.000000 1558.001443 0.002400 0.005792 0.000000 0.000000 -0.000000
1.000000 8.000000 1.000000 9.000000 2988.632721 0.004621 0.011206 0.008678 0.000000 0.000000
1.000000 9.000000 1.000000 9.000000 2507.734076 0.003872 0.009376 0.009376 0.000000 -786.353511
1.000000 10.000000 1.000000 9.000000 3360.351789 0.005200 0.012628 0.011065 0.000000 0.000000
1.000000 11.000000 1.000000 9.000000 2834.969458 0.004381 0.010620 0.010620 0.000000 -1443.313806
1.000000 12.000000 1.000000 9.000000 2413.687708 0.003726 0.009019 0.009019 0.000000 -2389.923403
1.000000 13.000000 1.000000 9.000000 6391.350284 0.009966 0.024467 0.011373 0.000000 0.000000
1.000000 14.000000 1.000000 9.000000 21078.190263 0.034123 0.088707 0.034123 17884.732458 0.000000
1.000000 15.000000 1.000000 9.000000 54757.540385 0.097161 0.298457 0.097161 68746.671645 0.000000
1.000000 16.000000 1.000000 9.000000 92036.116690 0.182742 0.745019 0.182742 133915.630142 0.000000
1.000000 17.000000 1.000000 9.000000 119761.639190 0.260882 1.516731 0.260882 191565.492259 0.000000
1.000000 18.000000 1.000000 9.000000 105070.522073 0.217680 1.024283 0.217680 152158.690556 0.000000
1.000000 19.000000 1.000000 9.000000 96747.571105 0.195030 0.834315 0.000000 0.000000 0.000000
1.000000 20.000000 1.000000 9.000000 5516.313680 0.008583 0.021004 0.000000 0.000000 -0.000000
1.000000 21.000000 1.000000 9.000000 3838.230536 0.005947 0.014466 0.000000 0.000000 -0.000000
1.000000 22.000000 1.000000 9.000000 3199.215156 0.004949 0.012011 0.000000 0.000000 0.000000
1.000000 23.000000 1.000000 9.000000 2795.475286 0.004320 0.010470 0.000000 0.000000 0.000000
1.000000 24.000000 1.000000 9.000000 2488.514461 0.003843 0.009303 0.000000 0.000000 0.000000
1.000000 1.000000 2.000000 9.000000 2239.897288 0.003457 0.008361 0.000000 0.000000 -0.000000
1.000000 2.000000 2.000000 9.000000 2064.413113 0.003184 0.007698 0.000000 0.000000 -0.000000
1.000000 3.000000 2.000000 9.000000 1915.602205 0.002954 0.007136 0.000000 0.000000 -0.000000
1.000000 4.000000 2.000000 9.000000 1776.502876 0.002738 0.006613 0.000000 0.000000 -0.000000
1.000000 5.000000 2.000000 9.000000 1644.285903 0.002534 0.006116 0.000000 0.000000 -0.000000
1.000000 6.000000 2.000000 9.000000 1549.188577 0.002387 0.005759 0.000000 0.000000 -0.000000
1.000000 7.000000 2.000000 9.000000 1462.967659 0.002253 0.005435 0.000000 0.000000 -0.000000
1.000000 8.000000 2.000000 9.000000 3021.387113 0.004672 0.011331 0.007254 0.000000 0.000000
1.000000 9.000000 2.000000 9.000000 2569.422187 0.003968 0.009610 0.007350 0.000000 0.000000
1.000000 10.000000 2.000000 9.000000 3233.832677 0.005003 0.012143 0.009317 0.000000 0.000000
1.000000 11.000000 2.000000 9.000000 2557.793843 0.003950 0.009566 0.009566 0.000000 -1531.056323
1.000000 12.000000 2.000000 9.000000 2713.322974 0.004192 0.010157 0.010157 0.000000 -1107.275800
1.000000 13.000000 2.000000 9.000000 7503.265795 0.011732 0.028921 0.012073 0.000000 0.000000
1.000000 14.000000 2.000000 9.000000 25224.535337 0.041280 0.109221 0.041280 24698.166277 0.000000
1.000000 15.000000 2.000000 9.000000 65333.129827 0.119533 0.392471 0.119533 85371.840689 0.000000
1.000000 16.000000 2.000000 9.000000 108458.000861 0.227262 1.116588 0.227262 167775.439197 0.000000
1.000000 17.000000 2.000000 9.000000 137653.815213 0.319902 2.742390 0.319902 235816.054468 0.000000
1.000000 18.000000 2.000000 9.000000 117990.137665 0.255438 1.442273 0.255438 178661.361722 0.000000
1.000000 19.000000 2.000000 9.000000 106701.898854 0.222267 1.067481 0.000000 0.000000 0.000000
1.000000 20.000000 2.000000 9.000000 6472.763496 0.010095 0.024791 0.000000 0.000000 -0.000000
1.000000 21.000000 2.000000 9.000000 4529.244837 0.007029 0.017142 0.000000 0.000000 -0.000000
1.000000 22.000000 2.000000 9.000000 3730.747920 0.005779 0.014052 0.000000 0.000000 0.000000
1.000000 23.000000 2.000000 9.000000 3198.210122 0.004947 0.012007 0.000000 0.000000 0.000000
1.000000 24.000000 2.000000 9.000000 2806.285375 0.004337 0.010511 0.000000 0.000000 0.000000
1.000000 1.000000 3.000000 9.000000 2466.309940 0.003808 0.009219 0.000000 0.000000 0.000000
1.000000 2.000000 3.000000 9.000000 2209.455342 0.003409 0.008246 0.000000 0.000000 -0.000000
1.000000 3.000000 3.000000 9.000000 2014.425956 0.003107 0.007509 0.000000 0.000000 -0.000000
1.000000 4.000000 3.000000 9.000000 1851.155410 0.002854 0.006894 0.000000 0.000000 -0.000000
1.000000 5.000000 3.000000 9.000000 1697.503272 0.002616 0.006316 0.000000 0.000000 -0.000000
1.000000 6.000000 3.000000 9.000000 1579.634274 0.002434 0.005873 0.000000 0.000000 -0.000000
1.000000 7.000000 3.000000 9.000000 1485.760441 0.002289 0.005521 0.000000 0.000000 -0.000000
1.000000 8.000000 3.000000 9.000000 1825.592812 0.002814 0.006798 0.000000 0.000000 -0.000000
1.000000 9.000000 3.000000 9.000000 2681.884186 0.004143 0.010037 0.000000 0.000000 -0.000000
1.000000 10.000000 3.000000 9.000000 4073.714419 0.006315 0.015375 0.000000 0.000000 -0.000000
1.000000 11.000000 3.000000 9.000000 5986.719054 0.009325 0.022861 0.000000 0.000000 -0.000000
1.000000 12.000000 3.000000 9.000000 8313.260396 0.013025 0.032205 0.000000 0.000000 0.000000
1.000000 13.000000 3.000000 9.000000 24182.972596 0.039468 0.103957 0.000000 0.000000 0.000000
1.000000 14.000000 3.000000 9.000000 80734.122927 0.154719 0.569731 0.000000 0.000000 0.000000
1.000000 15.000000 3.000000 9.000000 196464.524139 0.585154 -4.429251 0.000000 0.000000 -0.000000
1.000000 16.000000 3.000000 9.000000 331828.815394 2.809231 -1.266601 0.000000 0.000000 -0.000000
1.000000 17.000000 3.000000 9.000000 425831.227220 -12.900691 -1.030787 -0.000000 0.000000 -0.000000
1.000000 18.000000 3.000000 9.000000 370336.372827 6.588253 -1.143392 0.000000 0.000000 -0.000000
1.000000 19.000000 3.000000 9.000000 126759.699694 0.283063 1.872111 0.000000 0.000000 -0.000000
1.000000 20.000000 3.000000 9.000000 7698.428347 0.012043 0.029709 0.000000 0.000000 -0.000000
1.000000 21.000000 3.000000 9.000000 5371.532451 0.008354 0.020434 0.000000 0.000000 -0.000000
1.000000 22.000000 3.000000 9.000000 4405.958663 0.006836 0.016663 0.000000 0.000000 0.000000
1.000000 23.000000 3.000000 9.000000 3793.044153 0.005876 0.014292 0.000000 0.000000 0.000000
1.000000 24.000000 3.000000 9.000000 3319.081197 0.005136 0.012470 0.000000 0.000000 0.000000
1.000000 1.000000 4.000000 9.000000 2931.570017 0.004532 0.010988 0.000000 0.000000 0.000000
1.000000 2.000000 4.000000 9.000000 2606.122670 0.004025 0.009749 0.000000 0.000000 0.000000
1.000000 3.000000 4.000000 9.000000 2342.155529 0.003615 0.008748 0.000000 0.000000 0.000000
1.000000 4.000000 4.000000 9.000000 2118.232605 0.003268 0.007901 0.000000 0.000000 0.000000
1.000000 5.000000 4.000000 9.000000 1929.730986 0.002976 0.007190 0.000000 0.000000 -0.000000
1.000000 6.000000 4.000000 9.000000 1799.962152 0.002775 0.006701 0.000000 0.000000 -0.000000
1.000000 7.000000 4.000000 9.000000 1672.894242 0.002578 0.006223 0.000000 0.000000 -0.000000
1.000000 8.000000 4.000000 9.000000 2012.981350 0.003105 0.007504 0.000000 0.000000 -0.000000
1.000000 9.000000 4.000000 9.000000 2935.109976 0.004537 0.011002 0.000000 0.000000 -0.000000
1.000000 10.000000 4.000000 9.000000 4283.283196 0.006644 0.016187 0.000000 0.000000 -0.000000
1.000000 11.000000 4.000000 9.000000 6264.453782 0.009765 0.023962 0.000000 0.000000 -0.000000
1.000000 12.000000 4.000000 9.000000 8540.130795 0.013388 0.033130 0.000000 0.000000 0.000000
1.000000 13.000000 4.000000 9.000000 23734.428939 0.038690 0.101714 0.000000 0.000000 0.000000
1.000000 14.000000 4.000000 9.000000 78269.735034 0.148866 0.537317 0.000000 0.000000 0.000000
1.000000 15.000000 4.000000 9.000000 199686.597166 0.604071 -4.031114 0.000000 0.000000 -0.000000
1.000000 16.000000 4.000000 9.000000 327163.245295 2.604351 -1.285601 0.000000 0.000000 -0.000000
1.000000 17.000000 4.000000 9.000000 420029.480698 -17.737104 -1.040230 -0.000000 0.000000 -0.000000
1.000000 18.000000 4.000000 9.000000 372059.062660 6.961920 -1.138971 0.000000 0.000000 -0.000000
1.000000 19.000000 4.000000 9.000000 130663.595258 0.295929 2.126924 0.000000 0.000000 -0.000000
1.000000 20.000000 4.000000 9.000000 8078.327789 0.012650 0.031249 0.000000 0.000000 -0.000000
1.000000 21.000000 4.000000 9.000000 5560.450308 0.008652 0.021178 0.000000 0.000000 -0.000000
1.000000 22.000000 4.000000 9.000000 4639.757510 0.007203 0.017572 0.000000 0.000000 0.000000
1.000000 23.000000 4.000000 9.000000 4011.929932 0.006219 0.015136 0.000000 0.000000 0.000000
1.000000 24.000000 4.000000 9.000000 3534.082244 0.005471 0.013295 0.000000 0.000000 0.000000
1.000000 1.000000 5.000000 9.000000 3207.910026 0.004962 0.012044 0.000000 0.000000 0.000000
1.000000 2.000000 5.000000 9.000000 2894.324504 0.004474 0.010846 0.000000 0.000000 -0.000000
1.000000 3.000000 5.000000 9.000000 2643.631005 0.004084 0.009892 0.000000 0.000000 -0.000000
1.000000 4.000000 5.000000 9.000000 2432.113152 0.003755 0.009089 0.000000 0.000000 -0.000000
1.000000 5.000000 5.000000 9.000000 2224.409838 0.003433 0.008302 0.000000 0.000000 -0.000000
1.000000 6.000000 5.000000 9.000000 2057.009378 0.003173 0.007670 0.000000 0.000000 -0.000000
1.000000 7.000000 5.000000 9.000000 1914.024826 0.002951 0.007131 0.000000 0.000000 -0.000000
1.000000 8.000000 5.000000 9.000000 2695.473993 0.004164 0.010089 0.009544 0.000000 0.000000
1.000000 9.000000 5.000000 9.000000 2739.033203 0.004232 0.010255 0.010255 0.000000 -662.619188
1.000000 10.000000 5.000000 9.000000 3120.918154 0.004827 0.011711 0.011711 0.000000 -365.085705
1.000000 11.000000 5.000000 9.000000 2649.785867 0.004093 0.009915 0.009915 0.000000 -1814.991190
1.000000 12.000000 5.000000 9.000000 2473.287771 0.003819 0.009245 0.009245 0.000000 -2313.199980
1.000000 13.000000 5.000000 9.000000 6960.178912 0.010868 0.026738 0.011153 0.000000 0.000000
1.000000 14.000000 5.000000 9.000000 22450.939206 0.036475 0.095370 0.036475 21231.922045 0.000000
1.000000 15.000000 5.000000 9.000000 57003.566624 0.101799 0.316937 0.101799 72529.917522 0.000000
1.000000 16.000000 5.000000 9.000000 93984.783529 0.187779 0.780590 0.187779 138127.703019 0.000000
1.000000 17.000000 5.000000 9.000000 119724.169189 0.260766 1.515100 0.260766 191808.690603 0.000000
1.000000 18.000000 5.000000 9.000000 102498.795112 0.210548 0.960499 0.210548 147229.752668 0.000000
1.000000 19.000000 5.000000 9.000000 95546.616983 0.191862 0.810464 0.000000 0.000000 0.000000
1.000000 20.000000 5.000000 9.000000 5508.919149 0.008571 0.020975 0.000000 0.000000 -0.000000
1.000000 21.000000 5.000000 9.000000 3835.365032 0.005942 0.014455 0.000000 0.000000 -0.000000
1.000000 22.000000 5.000000 9.000000 3203.607608 0.004956 0.012028 0.000000 0.000000 0.000000
1.000000 23.000000 5.000000 9.000000 2744.618331 0.004241 0.010276 0.000000 0.000000 0.000000
1.000000 24.000000 5.000000 9.000000 2384.260373 0.003681 0.008907 0.000000 0.000000 0.000000
1.000000 1.000000 6.000000 9.000000 2167.286713 0.003344 0.008086 0.000000 0.000000 0.000000
1.000000 2.000000 6.000000 9.000000 1986.600338 0.003064 0.007404 0.000000 0.000000 0.000000
1.000000 3.000000 6.000000 9.000000 1826.050723 0.002815 0.006799 0.000000 0.000000 -0.000000
1.000000 4.000000 6.000000 9.000000 1696.593905 0.002615 0.006312 0.000000 0.000000 -0.000000
1.000000 5.000000 6.000000 9.000000 1572.107220 0.002422 0.005845 0.000000 0.000000 -0.000000
1.000000 6.000000 6.000000 9.000000 1485.563745 0.002288 0.005520 0.000000 0.000000 -0.000000
1.000000 7.000000 6.000000 9.000000 1420.021439 0.002187 0.005275 0.000000 0.000000 -0.000000
1.000000 8.000000 6.000000 9.000000 3156.058999 0.004882 0.011846 0.006342 0.000000 0.000000
1.000000 9.000000 6.000000 9.000000 2706.526454 0.004182 0.010131 0.006590 0.000000 0.000000
1.000000 10.000000 6.000000 9.000000 3096.170363 0.004788 0.011617 0.008683 0.000000 0.000000
1.000000 11.000000 6.000000 9.000000 2990.941745 0.004624 0.011215 0.008888 0.000000 0.000000
1.000000 12.000000 6.000000 9.000000 2573.146497 0.003974 0.009624 0.008509 0.000000 0.000000
1.000000 13.000000 6.000000 9.000000 5968.715092 0.009297 0.022789 0.009297 259.274936 0.000000
1.000000 14.000000 6.000000 9.000000 19419.934455 0.031303 0.080822 0.031303 19250.139696 0.000000
1.000000 15.000000 6.000000 9.000000 50366.718899 0.088265 0.264354 0.088265 64483.548589 0.000000
1.000000 16.000000 6.000000 9.000000 84353.708623 0.163479 0.620767 0.163479 121814.606302 0.000000
1.000000 17.000000 6.000000 9.000000 109157.363467 0.229267 1.136949 0.229267 170157.690288 0.000000
1.000000 18.000000 6.000000 9.000000 93408.482870 0.186283 0.769879 0.186283 131739.718124 0.000000
1.000000 19.000000 6.000000 9.000000 87164.054704 0.170418 0.663510 0.000000 0.000000 0.000000
1.000000 20.000000 6.000000 9.000000 4876.379132 0.007575 0.018495 0.000000 0.000000 -0.000000
1.000000 21.000000 6.000000 9.000000 3412.251035 0.005281 0.012827 0.000000 0.000000 -0.000000
1.000000 22.000000 6.000000 9.000000 2892.378824 0.004471 0.010839 0.000000 0.000000 0.000000
1.000000 23.000000 6.000000 9.000000 2524.115255 0.003898 0.009438 0.000000 0.000000 0.000000
1.000000 24.000000 6.000000 9.000000 2244.941429 0.003464 0.008380 0.000000 0.000000 0.000000
1.000000 1.000000 7.000000 9.000000 2034.541760 0.003138 0.007585 0.000000 0.000000 0.000000
1.000000 2.000000 7.000000 9.000000 1872.102922 0.002886 0.006973 0.000000 0.000000 -0.000000
1.000000 3.000000 7.000000 9.000000 1729.849693 0.002666 0.006437 0.000000 0.000000 -0.000000
1.000000 4.000000 7.000000 9.000000 1603.639863 0.002471 0.005963 0.000000 0.000000 -0.000000
1.000000 5.000000 7.000000 9.000000 1498.377671 0.002308 0.005568 0.000000 0.000000 -0.000000
1.000000 6.000000 7.000000 9.000000 1425.264779 0.002195 0.005294 0.000000 0.000000 -0.000000
1.000000 7.000000 7.000000 9.000000 1324.749187 0.002040 0.004918 0.000000 0.000000 -0.000000
1.000000 8.000000 7.000000 9.000000 3272.884214 0.005064 0.012293 0.006443 0.000000 0.000000
1.000000 9.000000 7.000000 9.000000 2755.562370 0.004258 0.010318 0.007309 0.000000 0.000000
1.000000 10.000000 7.000000 9.000000 3007.238918 0.004650 0.011277 0.008756 0.000000 0.000000
1.000000 11.000000 7.000000 9.000000 3034.677878 0.004692 0.011382 0.009882 0.000000 0.000000
1.000000 12.000000 7.000000 9.000000 2572.745289 0.003974 0.009623 0.008950 0.000000 0.000000
1.000000 13.000000 7.000000 9.000000 5880.340729 0.009157 0.022440 0.009157 576.338017 0.000000
1.000000 14.000000 7.000000 9.000000 19177.634290 0.030893 0.079684 0.030893 18297.208961 0.000000
1.000000 15.000000 7.000000 9.000000 50037.176809 0.087606 0.261896 0.087606 63911.106999 0.000000
1.000000 16.000000 7.000000 9.000000 84530.451471 0.163912 0.623371 0.163912 122228.326803 0.000000
1.000000 17.000000 7.000000 9.000000 109831.248292 0.231209 1.157024 0.231209 171591.206310 0.000000
1.000000 18.000000 7.000000 9.000000 94884.211755 0.190126 0.797640 0.190126 134634.794542 0.000000
1.000000 19.000000 7.000000 9.000000 87935.241927 0.172343 0.675758 0.000000 0.000000 0.000000
1.000000 20.000000 7.000000 9.000000 4924.942638 0.007651 0.018684 0.000000 0.000000 -0.000000
1.000000 21.000000 7.000000 9.000000 3432.151022 0.005312 0.012904 0.000000 0.000000 -0.000000
1.000000 22.000000 7.000000 9.000000 2874.980667 0.004444 0.010773 0.000000 0.000000 0.000000
1.000000 23.000000 7.000000 9.000000 2491.106436 0.003847 0.009313 0.000000 0.000000 0.000000
1.000000 24.000000 7.000000 9.000000 2196.838839 0.003390 0.008198 0.000000 0.000000 0.000000
1.000000 1.000000 1.000000 10.000000 1992.309829 0.003073 0.007426 0.000000 0.000000 -0.000000
1.000000 2.000000 1.000000 10.000000 1835.150485 0.002829 0.006833 0.000000 0.000000 -0.000000
1.000000 3.000000 1.000000 10.000000 1697.892209 0.002617 0.006317 0.000000 0.000000 -0.000000
1.000000 4.000000 1.000000 10.000000 1576.813382 0.002429 0.005862 0.000000 0.000000 -0.000000
1.000000 5.000000 1.000000 10.000000 1466.511360 0.002259 0.005449 0.000000 0.000000 -0.000000
1.000000 6.000000 1.000000 10.000000 1393.758390 0.002146 0.005176 0.000000 0.000000 -0.000000
1.000000 7.000000 1.000000 10.000000 1299.823246 0.002001 0.004825 0.000000 0.000000 -0.000000
1.000000 8.000000 1.000000 10.000000 3190.177909 0.004935 0.011976 0.008072 0.000000 0.000000
1.000000 9.000000 1.000000 10.000000 2586.441925 0.003995 0.009675 0.009614 0.000000 0.000000
1.000000 10.000000 1.000000 10.000000 3438.288964 0.005322 0.012927 0.010602 0.000000 0.000000
1.000000 11.000000 1.000000 10.000000 2929.777369 0.004529 0.010981 0.010903 0.000000 0.000000
1.000000 12.000000 1.000000 10.000000 2563.416345 0.003959 0.009587 0.009587 0.000000 -482.942598
1.000000 13.000000 1.000000 10.000000 3381.691229 0.005233 0.012710 0.009810 0.000000 0.000000
1.000000 14.000000 1.000000 10.000000 12596.379601 0.019951 0.050134 0.019951 8027.985079 0.000000
1.000000 15.000000 1.000000 10.000000 35135.219988 0.059039 0.163408 0.059039 39412.550110 0.000000
1.000000 16.000000 1.000000 10.000000 66112.515601 0.121237 0.400165 0.121237 87751.013312 0.000000
1.000000 17.000000 1.000000 10.000000 89289.178339 0.175747 0.697836 0.175747 127943.975277 0.000000
1.000000 18.000000 1.000000 10.000000 80490.471343 0.154137 0.566446 0.154137 107481.554863 0.000000
1.000000 19.000000 1.000000 10.000000 102307.640338 0.210023 0.955954 0.000000 0.000000 0.000000
1.000000 20.000000 1.000000 10.000000 5012.981514 0.007790 0.019029 0.000000 0.000000 -0.000000
1.000000 21.000000 1.000000 10.000000 3505.752094 0.005427 0.013186 0.000000 0.000000 -0.000000
1.000000 22.000000 1.000000 10.000000 2968.688269 0.004590 0.011130 0.000000 0.000000 0.000000
1.000000 23.000000 1.000000 10.000000 2608.264761 0.004029 0.009757 0.000000 0.000000 0.000000
1.000000 24.000000 1.000000 10.000000 2326.689173 0.003591 0.008689 0.000000 0.000000 -0.000000
1.000000 1.000000 2.000000 10.000000 2127.433128 0.003282 0.007936 0.000000 0.000000 -0.000000
1.000000 2.000000 2.000000 10.000000 1973.840569 0.003044 0.007356 0.000000 0.000000 -0.000000
1.000000 3.000000 2.000000 10.000000 1848.829741 0.002850 0.006885 0.000000 0.000000 -0.000000
1.000000 4.000000 2.000000 10.000000 1739.709801 0.002681 0.006474 0.000000 0.000000 -0.000000
1.000000 5.000000 2.000000 10.000000 1635.274869 0.002520 0.006082 0.000000 0.000000 -0.000000
1.000000 6.000000 2.000000 10.000000 1549.552039 0.002387 0.005760 0.000000 0.000000 -0.000000
1.000000 7.000000 2.000000 10.000000 1458.687111 0.002247 0.005419 0.000000 0.000000 -0.000000
1.000000 8.000000 2.000000 10.000000 2999.117127 0.004637 0.011246 0.008963 0.000000 0.000000
1.000000 9.000000 2.000000 10.000000 2741.805585 0.004236 0.010265 0.010265 0.000000 -133.930324
1.000000 10.000000 2.000000 10.000000 3261.813946 0.005046 0.012251 0.011295 0.000000 0.000000
1.000000 11.000000 2.000000 10.000000 2741.727777 0.004236 0.010265 0.010265 0.000000 -1466.659434
1.000000 12.000000 2.000000 10.000000 2473.351723 0.003819 0.009245 0.009245 0.000000 -1945.889266
1.000000 13.000000 2.000000 10.000000 3726.044891 0.005771 0.014033 0.010664 0.000000 0.000000
1.000000 14.000000 2.000000 10.000000 13715.691001 0.021786 0.054983 0.021786 7678.464193 0.000000
1.000000 15.000000 2.000000 10.000000 37903.246391 0.064170 0.180007 0.064170 43850.631704 0.000000
1.000000 16.000000 2.000000 10.000000 70825.943264 0.131710 0.449303 0.131710 96142.050345 0.000000
1.000000 17.000000 2.000000 10.000000 95138.497537 0.190791 0.802535 0.190791 139561.409617 0.000000
1.000000 18.000000 2.000000 10.000000 85565.047327 0.166455 0.638837 0.166455 116216.390432 0.000000
1.000000 19.000000 2.000000 10.000000 107164.764092 0.223578 1.080153 0.000000 0.000000 0.000000
1.000000 20.000000 2.000000 10.000000 5312.458975 0.008261 0.020202 0.000000 0.000000 -0.000000
1.000000 21.000000 2.000000 10.000000 3676.972717 0.005695 0.013844 0.000000 0.000000 -0.000000
1.000000 22.000000 2.000000 10.000000 3078.605392 0.004761 0.011550 0.000000 0.000000 0.000000
1.000000 23.000000 2.000000 10.000000 2691.576768 0.004158 0.010074 0.000000 0.000000 0.000000
1.000000 24.000000 2.000000 10.000000 2404.313713 0.003712 0.008983 0.000000 0.000000 0.000000
1.000000 1.000000 3.000000 10.000000 2167.723325 0.003345 0.008088 0.000000 0.000000 -0.000000
1.000000 2.000000 3.000000 10.000000 1994.716069 0.003076 0.007435 0.000000 0.000000 -0.000000
1.000000 3.000000 3.000000 10.000000 1851.682872 0.002855 0.006896 0.000000 0.000000 -0.000000
1.000000 4.000000 3.000000 10.000000 1722.824071 0.002655 0.006411 0.000000 0.000000 -0.000000
1.000000 5.000000 3.000000 10.000000 1606.203545 0.002475 0.005973 0.000000 0.000000 -0.000000
1.000000 6.000000 3.000000 10.000000 1516.235324 0.002336 0.005635 0.000000 0.000000 -0.000000
1.000000 7.000000 3.000000 10.000000 1436.174951 0.002212 0.005335 0.000000 0.000000 -0.000000
1.000000 8.000000 3.000000 10.000000 1943.624602 0.002997 0.007242 0.000000 0.000000 -0.000000
1.000000 9.000000 3.000000 10.000000 2853.058257 0.004410 0.010689 0.000000 0.000000 -0.000000
1.000000 10.000000 3.000000 10.000000 4093.694073 0.006347 0.015452 0.000000 0.000000 -0.000000
1.000000 11.000000 3.000000 10.000000 5537.768085 0.008616 0.021088 0.000000 0.000000 -0.000000
1.000000 12.000000 3.000000 10.000000 7016.512351 0.010958 0.026963 0.000000 0.000000 -0.000000
1.000000 13.000000 3.000000 10.000000 10924.608708 0.017230 0.043021 0.000000 0.000000 0.000000
1.000000 14.000000 3.000000 10.000000 40623.519335 0.069288 0.197018 0.000000 0.000000 0.000000
1.000000 15.000000 3.000000 10.000000 111768.487195 0.236840 1.217374 0.000000 0.000000 0.000000
1.000000 16.000000 3.000000 10.000000 209026.219197 0.662413 -3.238116 0.000000 0.000000 -0.000000
1.000000 17.000000 3.000000 10.000000 284515.709917 1.465164 -1.530333 0.000000 0.000000 -0.000000
1.000000 18.000000 3.000000 10.000000 259906.133978 1.111887 -1.775894 0.000000 0.000000 -0.000000
1.000000 19.000000 3.000000 10.000000 120067.892484 0.261830 1.530151 0.000000 0.000000 0.000000
1.000000 20.000000 3.000000 10.000000 5774.372805 0.008990 0.022021 0.000000 0.000000 -0.000000
1.000000 21.000000 3.000000 10.000000 3949.976527 0.006122 0.014897 0.000000 0.000000 -0.000000
1.000000 22.000000 3.000000 10.000000 3249.769013 0.005028 0.012204 0.000000 0.000000 0.000000
1.000000 23.000000 3.000000 10.000000 2808.390117 0.004340 0.010519 0.000000 0.000000 0.000000
1.000000 24.000000 3.000000 10.000000 2501.002517 0.003862 0.009350 0.000000 0.000000 0.000000
1.000000 1.000000 4.000000 10.000000 2274.869000 0.003511 0.008493 0.000000 0.000000 -0.000000
1.000000 2.000000 4.000000 10.000000 2084.552021 0.003216 0.007774 0.000000 0.000000 -0.000000
1.000000 3.000000 4.000000 10.000000 1920.992897 0.002962 0.007157 0.000000 0.000000 -0.000000
1.000000 4.000000 4.000000 10.000000 1781.743070 0.002746 0.006632 0.000000 0.000000 -0.000000
1.000000 5.000000 4.000000 10.000000 1664.581468 0.002565 0.006192 0.000000 0.000000 -0.000000
1.000000 6.000000 4.000000 10.000000 1577.842536 0.002431 0.005866 0.000000 0.000000 -0.000000
1.000000 7.000000 4.000000 10.000000 1491.358225 0.002297 0.005542 0.000000 0.000000 -0.000000
1.000000 8.000000 4.000000 10.000000 2003.252026 0.003090 0.007467 0.000000 0.000000 -0.000000
1.000000 9.000000 4.000000 10.000000 2946.793396 0.004555 0.011046 0.000000 0.000000 -0.000000
1.000000 10.000000 4.000000 10.000000 4283.171966 0.006643 0.016186 0.000000 0.000000 -0.000000
1.000000 11.000000 4.000000 10.000000 5831.595266 0.009080 0.022247 0.000000 0.000000 -0.000000
1.000000 12.000000 4.000000 10.000000 7331.438061 0.011459 0.028229 0.000000 0.000000 -0.000000
1.000000 13.000000 4.000000 10.000000 11339.533951 0.017903 0.044772 0.000000 0.000000 0.000000
1.000000 14.000000 4.000000 10.000000 42323.984631 0.072527 0.208023 0.000000 0.000000 0.000000
1.000000 15.000000 4.000000 10.000000 116133.899636 0.249806 1.369620 0.000000 0.000000 0.000000
1.000000 16.000000 4.000000 10.000000 217510.503916 0.720442 -2.781744 0.000000 0.000000 -0.000000
1.000000 17.000000 4.000000 10.000000 294729.868183 1.657970 -1.456614 0.000000 0.000000 -0.000000
1.000000 18.000000 4.000000 10.000000 267509.269311 1.207561 -1.686947 0.000000 0.000000 -0.000000
1.000000 19.000000 4.000000 10.000000 122742.347942 0.270195 1.654918 0.000000 0.000000 0.000000
1.000000 20.000000 4.000000 10.000000 5937.890421 0.009248 0.022667 0.000000 0.000000 -0.000000
1.000000 21.000000 4.000000 10.000000 4068.972763 0.006308 0.015357 0.000000 0.000000 -0.000000
1.000000 22.000000 4.000000 10.000000 3376.864435 0.005226 0.012691 0.000000 0.000000 0.000000
1.000000 23.000000 4.000000 10.000000 2924.843960 0.004521 0.010963 0.000000 0.000000 0.000000
1.000000 24.000000 4.000000 10.000000 2600.137928 0.004016 0.009727 0.000000 0.000000 0.000000
1.000000 1.000000 5.000000 10.000000 2335.208319 0.003605 0.008722 0.000000 0.000000 -0.000000
1.000000 2.000000 5.000000 10.000000 2141.519184 0.003304 0.007989 0.000000 0.000000 -0.000000
1.000000 3.000000 5.000000 10.000000 1980.700830 0.003055 0.007382 0.000000 0.000000 -0.000000
1.000000 4.000000 5.000000 10.000000 1839.927110 0.002837 0.006851 0.000000 0.000000 -0.000000
1.000000 5.000000 5.000000 10.000000 1724.587187 0.002658 0.006418 0.000000 0.000000 -0.000000
1.000000 6.000000 5.000000 10.000000 1642.007861 0.002530 0.006107 0.000000 0.000000 -0.000000
1.000000 7.000000 5.000000 10.000000 1560.881076 0.002405 0.005803 0.000000 0.000000 -0.000000
1.000000 8.000000 5.000000 10.000000 2899.682683 0.004482 0.010867 0.008988 0.000000 0.000000
1.000000 9.000000 5.000000 10.000000 2745.552078 0.004242 0.010280 0.009070 0.000000 0.000000
1.000000 10.000000 5.000000 10.000000 3283.086192 0.005080 0.012332 0.011642 0.000000 0.000000
1.000000 11.000000 5.000000 10.000000 2766.341736 0.004275 0.010359 0.010359 0.000000 -913.915832
1.000000 12.000000 5.000000 10.000000 2444.055570 0.003774 0.009134 0.009134 0.000000 -1294.818126
1.000000 13.000000 5.000000 10.000000 3644.946427 0.005645 0.013721 0.010750 0.000000 0.000000
1.000000 14.000000 5.000000 10.000000 13490.713420 0.021417 0.054003 0.021417 7930.118643 0.000000
1.000000 15.000000 5.000000 10.000000 37082.417109 0.062640 0.175012 0.062640 41628.681318 0.000000
1.000000 16.000000 5.000000 10.000000 69292.027595 0.128270 0.432801 0.128270 92793.248250 0.000000
1.000000 17.000000 5.000000 10.000000 94026.466055 0.187888 0.781371 0.187888 136489.003307 0.000000
1.000000 18.000000 5.000000 10.000000 84394.161421 0.163578 0.621362 0.163578 113634.100843 0.000000
1.000000 19.000000 5.000000 10.000000 106952.875053 0.222977 1.074328 0.000000 0.000000 0.000000
1.000000 20.000000 5.000000 10.000000 5258.318810 0.008176 0.019990 0.000000 0.000000 -0.000000
1.000000 21.000000 5.000000 10.000000 3612.699893 0.005594 0.013597 0.000000 0.000000 -0.000000
1.000000 22.000000 5.000000 10.000000 3017.673264 0.004666 0.011317 0.000000 0.000000 0.000000
1.000000 23.000000 5.000000 10.000000 2603.819451 0.004022 0.009741 0.000000 0.000000 0.000000
1.000000 24.000000 5.000000 10.000000 2297.650646 0.003546 0.008579 0.000000 0.000000 0.000000
1.000000 1.000000 6.000000 10.000000 2076.524200 0.003203 0.007743 0.000000 0.000000 -0.000000
1.000000 2.000000 6.000000 10.000000 1927.272195 0.002972 0.007180 0.000000 0.000000 -0.000000
1.000000 3.000000 6.000000 10.000000 1799.392231 0.002774 0.006699 0.000000 0.000000 -0.000000
1.000000 4.000000 6.000000 10.000000 1686.550722 0.002599 0.006275 0.000000 0.000000 -0.000000
1.000000 5.000000 6.000000 10.000000 1587.520174 0.002446 0.005903 0.000000 0.000000 -0.000000
1.000000 6.000000 6.000000 10.000000 1500.450939 0.002311 0.005576 0.000000 0.000000 -0.000000
1.000000 7.000000 6.000000 10.000000 1428.145348 0.002199 0.005305 0.000000 0.000000 -0.000000
1.000000 8.000000 6.000000 10.000000 3060.788273 0.004733 0.011482 0.007079 0.000000 0.000000
1.000000 9.000000 6.000000 10.000000 2571.423382 0.003971 0.009618 0.007311 0.000000 0.000000
1.000000 10.000000 6.000000 10.000000 3402.071388 0.005265 0.012788 0.008992 0.000000 0.000000
1.000000 11.000000 6.000000 10.000000 2904.526836 0.004490 0.010885 0.009869 0.000000 0.000000
1.000000 12.000000 6.000000 10.000000 2564.918194 0.003961 0.009593 0.009593 0.000000 -321.070980
1.000000 13.000000 6.000000 10.000000 3279.991673 0.005075 0.012320 0.009377 0.000000 0.000000
1.000000 14.000000 6.000000 10.000000 12138.858106 0.019204 0.048172 0.019204 8830.081045 0.000000
1.000000 15.000000 6.000000 10.000000 34198.606195 0.057320 0.157946 0.057320 39591.802316 0.000000
1.000000 16.000000 6.000000 10.000000 64660.670644 0.118069 0.385925 0.118069 86508.968045 0.000000
1.000000 17.000000 6.000000 10.000000 88054.204089 0.172641 0.677669 0.172641 126795.298818 0.000000
1.000000 18.000000 6.000000 10.000000 79718.172389 0.152296 0.556151 0.152296 107242.516076 0.000000
1.000000 19.000000 6.000000 10.000000 102340.624027 0.210114 0.956737 0.000000 0.000000 0.000000
1.000000 20.000000 6.000000 10.000000 5019.642891 0.007800 0.019055 0.000000 0.000000 -0.000000
1.000000 21.000000 6.000000 10.000000 3474.082416 0.005378 0.013064 0.000000 0.000000 -0.000000
1.000000 22.000000 6.000000 10.000000 2921.196163 0.004516 0.010949 0.000000 0.000000 0.000000
1.000000 23.000000 6.000000 10.000000 2555.312124 0.003946 0.009556 0.000000 0.000000 0.000000
1.000000 24.000000 6.000000 10.000000 2302.410598 0.003554 0.008597 0.000000 0.000000 0.000000
1.000000 1.000000 7.000000 10.000000 2120.529198 0.003271 0.007910 0.000000 0.000000 -0.000000
1.000000 2.000000 7.000000 10.000000 1971.173383 0.003040 0.007346 0.000000 0.000000 -0.000000
1.000000 3.000000 7.000000 10.000000 1850.278353 0.002853 0.006890 0.000000 0.000000 -0.000000
1.000000 4.000000 7.000000 10.000000 1764.498346 0.002720 0.006568 0.000000 0.000000 -0.000000
1.000000 5.000000 7.000000 10.000000 1688.462751 0.002602 0.006282 0.000000 0.000000 -0.000000
1.000000 6.000000 7.000000 10.000000 1617.162325 0.002492 0.006014 0.000000 0.000000 -0.000000
1.000000 7.000000 7.000000 10.000000 1547.623219 0.002384 0.005753 0.000000 0.000000 -0.000000
1.000000 8.000000 7.000000 10.000000 2914.954614 0.004506 0.010925 0.006771 0.000000 0.000000
1.000000 9.000000 7.000000 10.000000 2763.923212 0.004271 0.010349 0.007734 0.000000 0.000000
1.000000 10.000000 7.000000 10.000000 3341.594485 0.005171 0.012556 0.008764 0.000000 0.000000
1.000000 11.000000 7.000000 10.000000 2834.378213 0.004380 0.010618 0.010618 0.000000 -277.997334
1.000000 12.000000 7.000000 10.000000 2532.847692 0.003912 0.009471 0.009471 0.000000 -1092.912205
1.000000 13.000000 7.000000 10.000000 3320.533627 0.005138 0.012475 0.010213 0.000000 0.000000
1.000000 14.000000 7.000000 10.000000 12409.786742 0.019646 0.049333 0.019646 9272.427711 0.000000
1.000000 15.000000 7.000000 10.000000 34934.924570 0.058671 0.162233 0.058671 40346.873226 0.000000
1.000000 16.000000 7.000000 10.000000 66296.626351 0.121640 0.402000 0.121640 88900.453183 0.000000
1.000000 17.000000 7.000000 10.000000 90652.587558 0.179203 0.720841 0.179203 131588.779578 0.000000
1.000000 18.000000 7.000000 10.000000 82260.124840 0.158388 0.590728 0.158388 111331.952693 0.000000
1.000000 19.000000 7.000000 10.000000 105149.382577 0.217900 1.026321 0.000000 0.000000 0.000000
1.000000 20.000000 7.000000 10.000000 5267.747379 0.008191 0.020027 0.000000 0.000000 -0.000000
1.000000 21.000000 7.000000 10.000000 3663.753776 0.005674 0.013794 0.000000 0.000000 -0.000000
1.000000 22.000000 7.000000 10.000000 3069.754263 0.004747 0.011516 0.000000 0.000000 0.000000
1.000000 23.000000 7.000000 10.000000 2689.476165 0.004155 0.010066 0.000000 0.000000 0.000000
1.000000 24.000000 7.000000 10.000000 2427.457608 0.003748 0.009071 0.000000 0.000000 0.000000
1.000000 1.000000 1.000000 10.000000 2226.196887 0.003435 0.008309 0.000000 0.000000 0.000000
1.000000 2.000000 1.000000 10.000000 2056.061815 0.003171 0.007666 0.000000 0.000000 -0.000000
1.000000 3.000000 1.000000 10.000000 1923.219810 0.002966 0.007165 0.000000 0.000000 -0.000000
1.000000 4.000000 1.000000 10.000000 1812.110271 0.002793 0.006747 0.000000 0.000000 -0.000000
1.000000 5.000000 1.000000 10.000000 1716.901777 0.002646 0.006389 0.000000 0.000000 -0.000000
1.000000 6.000000 1.000000 10.000000 1632.392018 0.002515 0.006071 0.000000 0.000000 -0.000000
1.000000 7.000000 1.000000 10.000000 1566.782054 0.002414 0.005825 0.000000 0.000000 -0.000000
1.000000 8.000000 1.000000 10.000000 2885.783524 0.004460 0.010814 0.009038 0.000000 0.000000
1.000000 9.000000 1.000000 10.000000 2785.680002 0.004305 0.010432 0.009341 0.000000 0.000000
1.000000 10.000000 1.000000 10.000000 3277.826681 0.005071 0.012312 0.010879 0.000000 0.000000
1.000000 11.000000 1.000000 10.000000 2794.135321 0.004318 0.010464 0.010464 0.000000 -2175.657164
1.000000 12.000000 1.000000 10.000000 2459.773386 0.003798 0.009194 0.009194 0.000000 -2829.257628
1.000000 13.000000 1.000000 10.000000 3537.081323 0.005476 0.013306 0.012084 0.000000 0.000000
1.000000 14.000000 1.000000 10.000000 13295.775819 0.021097 0.053156 0.021097 7290.550280 0.000000
1.000000 15.000000 1.000000 10.000000 37020.963871 0.062526 0.174640 0.062526 41368.331282 0.000000
1.000000 16.000000 1.000000 10.000000 69892.925896 0.129614 0.439205 0.129614 93714.213709 0.000000
1.000000 17.000000 1.000000 10.000000 94708.058009 0.189665 0.794268 0.189665 137991.292994 0.000000
1.000000 18.000000 1.000000 10.000000 85670.636830 0.166715 0.640437 0.166715 115976.727074 0.000000
1.000000 19.000000 1.000000 10.000000 108427.183128 0.227174 1.115701 0.000000 0.000000 0.000000
1.000000 20.000000 1.000000 10.000000 5407.866586 0.008412 0.020577 0.000000 0.000000 -0.000000
1.000000 21.000000 1.000000 10.000000 3727.036221 0.005773 0.014037 0.000000 0.000000 -0.000000
1.000000 22.000000 1.000000 10.000000 3123.503641 0.004831 0.011721 0.000000 0.000000 0.000000
1.000000 23.000000 1.000000 10.000000 2701.488740 0.004174 0.010112 0.000000 0.000000 0.000000
1.000000 24.000000 1.000000 10.000000 2409.540584 0.003720 0.009003 0.000000 0.000000 -0.000000
1.000000 1.000000 2.000000 10.000000 2165.906587 0.003342 0.008081 0.000000 0.000000 -0.000000
1.000000 2.000000 2.000000 10.000000 2006.227302 0.003094 0.007478 0.000000 0.000000 -0.000000
1.000000 3.000000 2.000000 10.000000 1859.381336 0.002867 0.006925 0.000000 0.000000 -0.000000
1.000000 4.000000 2.000000 10.000000 1728.835773 0.002665 0.006434 0.000000 0.000000 -0.000000
1.000000 5.000000 2.000000 10.000000 1611.607369 0.002483 0.005993 0.000000 0.000000 -0.000000
1.000000 6.000000 2.000000 10.000000 1541.375822 0.002375 0.005729 0.000000 0.000000 -0.000000
1.000000 7.000000 2.000000 10.000000 1446.600583 0.002228 0.005374 0.000000 0.000000 -0.000000
1.000000 8.000000 2.000000 10.000000 3010.115276 0.004654 0.011288 0.008872 0.000000 0.000000
1.000000 9.000000 2.000000 10.000000 2728.189316 0.004215 0.010213 0.009733 0.000000 0.000000
1.000000 10.000000 2.000000 10.000000 3291.333454 0.005092 0.012364 0.011933 0.000000 0.000000
1.000000 11.000000 2.000000 10.000000 2748.489782 0.004247 0.010291 0.010291 0.000000 -2458.794004
1.000000 12.000000 2.000000 10.000000 2418.838578 0.003734 0.009039 0.009039 0.000000 -2934.622425
1.000000 13.000000 2.000000 10.000000 3736.034378 0.005787 0.014072 0.012911 0.000000 0.000000
1.000000 14.000000 2.000000 10.000000 14330.429593 0.022799 0.057676 0.022799 7834.311645 0.000000
1.000000 15.000000 2.000000 10.000000 39591.851870 0.067338 0.190482 0.067338 44408.739151 0.000000
1.000000 16.000000 2.000000 10.000000 74153.563338 0.139284 0.486939 0.139284 100605.952323 0.000000
1.000000 17.000000 2.000000 10.000000 100060.552750 0.203898 0.904427 0.203898 147954.192573 0.000000
1.000000 18.000000 2.000000 10.000000 89592.787710 0.176514 0.702891 0.176514 122290.879633 0.000000
1.000000 19.000000 2.000000 10.000000 112665.926547 0.239474 1.246742 0.000000 0.000000 0.000000
1.000000 20.000000 2.000000 10.000000 5648.102743 0.008790 0.021523 0.000000 0.000000 -0.000000
1.000000 21.000000 2.000000 10.000000 3919.986658 0.006075 0.014781 0.000000 0.000000 -0.000000
1.000000 22.000000 2.000000 10.000000 3295.407181 0.005099 0.012379 0.000000 0.000000 0.000000
1.000000 23.000000 2.000000 10.000000 2872.798217 0.004440 0.010764 0.000000 0.000000 0.000000
1.000000 24.000000 2.000000 10.000000 2548.372577 0.003936 0.009530 0.000000 0.000000 -0.000000
1.000000 1.000000 3.000000 10.000000 2305.058916 0.003558 0.008607 0.000000 0.000000 -0.000000
1.000000 2.000000 3.000000 10.000000 2116.050816 0.003264 0.007893 0.000000 0.000000 -0.000000
1.000000 3.000000 3.000000 10.000000 1960.586960 0.003023 0.007306 0.000000 0.000000 -0.000000
1.000000 4.000000 3.000000 10.000000 1818.360623 0.002803 0.006770 0.000000 0.000000 -0.000000
1.000000 5.000000 3.000000 10.000000 1696.971159 0.002615 0.006314 0.000000 0.000000 -0.000000
1.000000 6.000000 3.000000 10.000000 1604.611013 0.002472 0.005967 0.000000 0.000000 -0.000000
1.000000 7.000000 3.000000 10.000000 1505.028695 0.002318 0.005593 0.000000 0.000000 -0.000000
1.000000 8.000000 3.000000 10.000000 2000.916768 0.003086 0.007458 0.000000 0.000000 -0.000000
1.000000 9.000000 3.000000 10.000000 2891.489422 0.004469 0.010835 0.000000 0.000000 -0.000000
1.000000 10.000000 3.000000 10.000000 4086.151995 0.006335 0.015423 0.000000 0.000000 -0.000000
1.000000 11.000000 3.000000 10.000000 5440.881666 0.008464 0.020707 0.000000 0.000000 -0.000000
1.000000 12.000000 3.000000 10.000000 6729.348979 0.010502 0.025814 0.000000 0.000000 -0.000000
1.000000 13.000000 3.000000 10.000000 10437.878531 0.016442 0.040978 0.000000 0.000000 0.000000
1.000000 14.000000 3.000000 10.000000 39378.323307 0.066936 0.189142 0.000000 0.000000 0.000000
1.000000 15.000000 3.000000 10.000000 109152.079244 0.229252 1.136793 0.000000 0.000000 0.000000
1.000000 16.000000 3.000000 10.000000 206897.098620 0.648630 -3.384611 0.000000 0.000000 -0.000000
1.000000 17.000000 3.000000 10.000000 284803.361761 1.470146 -1.528079 0.000000 0.000000 -0.000000
1.000000 18.000000 3.000000 10.000000 261125.827446 1.126556 -1.760637 0.000000 0.000000 -0.000000
1.000000 19.000000 3.000000 10.000000 121041.242894 0.264856 1.573944 0.000000 0.000000 0.000000
1.000000 20.000000 3.000000 10.000000 5827.973809 0.009074 0.022233 0.000000 0.000000 -0.000000
1.000000 21.000000 3.000000 10.000000 3975.688326 0.006162 0.014996 0.000000 0.000000 -0.000000
1.000000 22.000000 3.000000 10.000000 3320.269582 0.005138 0.012474 0.000000 0.000000 0.000000
1.000000 23.000000 3.000000 10.000000 2872.885207 0.004440 0.010765 0.000000 0.000000 0.000000
1.000000 24.000000 3.000000 10.000000 2528.049400 0.003904 0.009453 0.000000 0.000000 0.000000
1.000000 1.000000 4.000000 10.000000 2287.901010 0.003531 0.008543 0.000000 0.000000 -0.000000
1.000000 2.000000 4.000000 10.000000 2100.028206 0.003240 0.007832 0.000000 0.000000 -0.000000
1.000000 3.000000 4.000000 10.000000 1965.461046 0.003031 0.007324 0.000000 0.000000 -0.000000
1.000000 4.000000 4.000000 10.000000 1838.413757 0.002834 0.006846 0.000000 0.000000 -0.000000
1.000000 5.000000 4.000000 10.000000 1738.704304 0.002680 0.006471 0.000000 0.000000 -0.000000
1.000000 6.000000 4.000000 10.000000 1661.325974 0.002560 0.006180 0.000000 0.000000 -0.000000
1.000000 7.000000 4.000000 10.000000 1590.135762 0.002450 0.005912 0.000000 0.000000 -0.000000
1.000000 8.000000 4.000000 10.000000 2075.046726 0.003201 0.007738 0.000000 0.000000 -0.000000
1.000000 9.000000 4.000000 10.000000 2877.021212 0.004447 0.010780 0.000000 0.000000 -0.000000
1.000000 10.000000 4.000000 10.000000 3956.349861 0.006132 0.014922 0.000000 0.000000 -0.000000
1.000000 11.000000 4.000000 10.000000 5476.179726 0.008519 0.020846 0.000000 0.000000 -0.000000
1.000000 12.000000 4.000000 10.000000 6807.310676 0.010625 0.026126 0.000000 0.000000 -0.000000
1.000000 13.000000 4.000000 10.000000 10359.881837 0.016316 0.040651 0.000000 0.000000 0.000000
1.000000 14.000000 4.000000 10.000000 38205.574796 0.064735 0.181862 0.000000 0.000000 0.000000
1.000000 15.000000 4.000000 10.000000 105027.081196 0.217558 1.023163 0.000000 0.000000 0.000000
1.000000 16.000000 4.000000 10.000000 200645.416644 0.609815 -3.928228 0.000000 0.000000 -0.000000
1.000000 17.000000 4.000000 10.000000 277774.786255 1.354837 -1.586559 0.000000 0.000000 -0.000000
1.000000 18.000000 4.000000 10.000000 254520.121181 1.049951 -1.848459 0.000000 0.000000 -0.000000
1.000000 19.000000 4.000000 10.000000 117335.001678 0.253442 1.416034 0.000000 0.000000 0.000000
1.000000 20.000000 4.000000 10.000000 5558.341478 0.008649 0.021169 0.000000 0.000000 -0.000000
1.000000 21.000000 4.000000 10.000000 3798.299221 0.005884 0.014312 0.000000 0.000000 -0.000000
1.000000 22.000000 4.000000 10.000000 3172.137323 0.004907 0.011907 0.000000 0.000000 0.000000
1.000000 23.000000 4.000000 10.000000 2757.594311 0.004261 0.010325 0.000000 0.000000 0.000000
1.000000 24.000000 4.000000 10.000000 2456.060576 0.003792 0.009180 0.000000 0.000000 0.000000
1.000000 1.000000 5.000000 10.000000 2228.923695 0.003440 0.008319 0.000000 0.000000 -0.000000
1.000000 2.000000 5.000000 10.000000 2044.446681 0.003153 0.007622 0.000000 0.000000 -0.000000
1.000000 3.000000 5.000000 10.000000 1905.807186 0.002939 0.007100 0.000000 0.000000 -0.000000
1.000000 4.000000 5.000000 10.000000 1789.694790 0.002759 0.006662 0.000000 0.000000 -0.000000
1.000000 5.000000 5.000000 10.000000 1704.721062 0.002627 0.006343 0.000000 0.000000 -0.000000
1.000000 6.000000 5.000000 10.000000 1647.036530 0.002538 0.006126 0.000000 0.000000 -0.000000
1.000000 7.000000 5.000000 10.000000 1564.310496 0.002410 0.005816 0.000000 0.000000 -0.000000
1.000000 8.000000 5.000000 10.000000 2907.131749 0.004494 0.010895 0.009308 0.000000 0.000000
1.000000 9.000000 5.000000 10.000000 2796.773754 0.004322 0.010475 0.009880 0.000000 0.000000
1.000000 10.000000 5.000000 10.000000 3253.641101 0.005034 0.012219 0.011816 0.000000 0.000000
1.000000 11.000000 5.000000 10.000000 2822.890061 0.004363 0.010574 0.010574 0.000000 -1036.307064
1.000000 12.000000 5.000000 10.000000 2519.637480 0.003891 0.009421 0.009421 0.000000 -1401.175823
1.000000 13.000000 5.000000 10.000000 3426.887000 0.005304 0.012883 0.010373 0.000000 0.000000
1.000000 14.000000 5.000000 10.000000 12866.597832 0.020393 0.051299 0.020393 8208.143701 0.000000
1.000000 15.000000 5.000000 10.000000 35287.384939 0.059319 0.164302 0.059319 39651.571491 0.000000
1.000000 16.000000 5.000000 10.000000 65929.322911 0.120836 0.398346 0.120836 87416.682566 0.000000
1.000000 17.000000 5.000000 10.000000 88604.045906 0.174021 0.686571 0.174021 126440.891342 0.000000
1.000000 18.000000 5.000000 10.000000 79196.034887 0.151056 0.549292 0.151056 105039.335024 0.000000
1.000000 19.000000 5.000000 10.000000 101060.573788 0.206613 0.926937 0.000000 0.000000 0.000000
1.000000 20.000000 5.000000 10.000000 4895.819039 0.007605 0.018571 0.000000 0.000000 -0.000000
1.000000 21.000000 5.000000 10.000000 3390.892003 0.005248 0.012745 0.000000 0.000000 -0.000000
1.000000 22.000000 5.000000 10.000000 2853.915106 0.004411 0.010692 0.000000 0.000000 0.000000
1.000000 23.000000 5.000000 10.000000 2486.884421 0.003840 0.009297 0.000000 0.000000 0.000000
1.000000 24.000000 5.000000 10.000000 2208.543507 0.003408 0.008242 0.000000 0.000000 0.000000
1.000000 1.000000 6.000000 10.000000 2014.643120 0.003107 0.007510 0.000000 0.000000 0.000000
1.000000 2.000000 6.000000 10.000000 1870.697475 0.002884 0.006967 0.000000 0.000000 -0.000000
1.000000 3.000000 6.000000 10.000000 1726.508145 0.002661 0.006425 0.000000 0.000000 -0.000000
1.000000 4.000000 6.000000 10.000000 1611.696114 0.002483 0.005993 0.000000 0.000000 -0.000000
1.000000 5.000000 6.000000 10.000000 1520.727891 0.002343 0.005652 0.000000 0.000000 -0.000000
1.000000 6.000000 6.000000 10.000000 1454.407015 0.002240 0.005403 0.000000 0.000000 -0.000000
1.000000 7.000000 6.000000 10.000000 1397.799301 0.002153 0.005191 0.000000 0.000000 -0.000000
1.000000 8.000000 6.000000 10.000000 3062.124176 0.004735 0.011487 0.007138 0.000000 0.000000
1.000000 9.000000 6.000000 10.000000 2580.208413 0.003985 0.009651 0.007228 0.000000 0.000000
1.000000 10.000000 6.000000 10.000000 3389.571587 0.005246 0.012740 0.009731 0.000000 0.000000
1.000000 11.000000 6.000000 10.000000 2799.842632 0.004327 0.010486 0.010486 0.000000 -65.574223
1.000000 12.000000 6.000000 10.000000 2431.860651 0.003755 0.009088 0.009088 0.000000 -868.771299
1.000000 13.000000 6.000000 10.000000 3704.440145 0.005738 0.013950 0.010219 0.000000 0.000000
1.000000 14.000000 6.000000 10.000000 13824.478573 0.021965 0.055458 0.021965 8967.796300 0.000000
1.000000 15.000000 6.000000 10.000000 37986.581213 0.064326 0.180518 0.064326 43685.160551 0.000000
1.000000 16.000000 6.000000 10.000000 71114.494736 0.132361 0.452465 0.132361 96683.583241 0.000000
1.000000 17.000000 6.000000 10.000000 95846.501735 0.192651 0.816346 0.192651 141209.778905 0.000000
1.000000 18.000000 6.000000 10.000000 86521.681189 0.168821 0.653483 0.168821 118754.427866 0.000000
1.000000 19.000000 6.000000 10.000000 109494.972832 0.230239 1.146949 0.000000 0.000000 0.000000
1.000000 20.000000 6.000000 10.000000 5430.161874 0.008447 0.020665 0.000000 0.000000 -0.000000
1.000000 21.000000 6.000000 10.000000 3759.169728 0.005823 0.014161 0.000000 0.000000 -0.000000
1.000000 22.000000 6.000000 10.000000 3134.677514 0.004848 0.011764 0.000000 0.000000 0.000000
1.000000 23.000000 6.000000 10.000000 2716.619569 0.004197 0.010169 0.000000 0.000000 0.000000
1.000000 24.000000 6.000000 10.000000 2397.365043 0.003701 0.008957 0.000000 0.000000 -0.000000
1.000000 1.000000 7.000000 10.000000 2158.601182 0.003330 0.008053 0.000000 0.000000 -0.000000
1.000000 2.000000 7.000000 10.000000 1974.815003 0.003046 0.007360 0.000000 0.000000 -0.000000
1.000000 3.000000 7.000000 10.000000 1815.075417 0.002798 0.006758 0.000000 0.000000 -0.000000
1.000000 4.000000 7.000000 10.000000 1674.409373 0.002580 0.006229 0.000000 0.000000 -0.000000
1.000000 5.000000 7.000000 10.000000 1560.336736 0.002404 0.005801 0.000000 0.000000 -0.000000
1.000000 6.000000 7.000000 10.000000 1489.987709 0.002295 0.005537 0.000000 0.000000 -0.000000
1.000000 7.000000 7.000000 10.000000 1391.104406 0.002142 0.005166 0.000000 0.000000 -0.000000
1.000000 8.000000 7.000000 10.000000 3028.883358 0.004683 0.011360 0.006259 0.000000 0.000000
1.000000 9.000000 7.000000 10.000000 2781.355658 0.004298 0.010416 0.007420 0.000000 0.000000
1.000000 10.000000 7.000000 10.000000 3247.023525 0.005023 0.012194 0.008908 0.000000 0.000000
1.000000 11.000000 7.000000 10.000000 2698.855981 0.004170 0.010102 0.009780 0.000000 0.000000
1.000000 12.000000 7.000000 10.000000 2555.360840 0.003947 0.009557 0.009145 0.000000 0.000000
1.000000 13.000000 7.000000 10.000000 3912.731622 0.006063 0.014753 0.008523 0.000000 0.000000
1.000000 14.000000 7.000000 10.000000 14548.505368 0.023158 0.058637 0.023158 11334.536655 0.000000
1.000000 15.000000 7.000000 10.000000 39618.914494 0.067389 0.190652 0.067389 46954.967002 0.000000
1.000000 16.000000 7.000000 10.000000 74271.323872 0.139555 0.488319 0.139555 102782.731760 0.000000
1.000000 17.000000 7.000000 10.000000 101110.387832 0.206748 0.928075 0.206748 152297.792890 0.000000
1.000000 18.000000 7.000000 10.000000 90527.530068 0.178885 0.718697 0.178885 125978.591523 0.000000
1.000000 19.000000 7.000000 10.000000 111995.670390 0.237505 1.224721 0.000000 0.000000 0.000000
1.000000 20.000000 7.000000 10.000000 5633.728271 0.008768 0.021466 0.000000 0.000000 -0.000000
1.000000 21.000000 7.000000 10.000000 3928.574081 0.006088 0.014814 0.000000 0.000000 -0.000000
1.000000 22.000000 7.000000 10.000000 3298.235006 0.005103 0.012390 0.000000 0.000000 0.000000
1.000000 23.000000 7.000000 10.000000 2871.815658 0.004439 0.010760 0.000000 0.000000 0.000000
1.000000 24.000000 7.000000 10.000000 2552.230866 0.003942 0.009545 0.000000 0.000000 0.000000
1.000000 1.000000 1.000000 10.000000 2295.703286 0.003543 0.008572 0.000000 0.000000 0.000000
1.000000 2.000000 1.000000 10.000000 2099.227791 0.003238 0.007829 0.000000 0.000000 -0.000000
1.000000 3.000000 1.000000 10.000000 1934.605961 0.002983 0.007208 0.000000 0.000000 -0.000000
1.000000 4.000000 1.000000 10.000000 1796.171504 0.002769 0.006687 0.000000 0.000000 -0.000000
1.000000 5.000000 1.000000 10.000000 1677.074458 0.002584 0.006239 0.000000 0.000000 -0.000000
1.000000 6.000000 1.000000 10.000000 1606.698745 0.002476 0.005975 0.000000 0.000000 -0.000000
1.000000 7.000000 1.000000 10.000000 1529.188873 0.002356 0.005684 0.000000 0.000000 -0.000000
1.000000 8.000000 1.000000 10.000000 2910.702634 0.004499 0.010909 0.009115 0.000000 0.000000
1.000000 9.000000 1.000000 10.000000 2837.488582 0.004385 0.010630 0.010364 0.000000 0.000000
1.000000 10.000000 1.000000 10.000000 3241.812974 0.005015 0.012174 0.011272 0.000000 0.000000
1.000000 11.000000 1.000000 10.000000 2783.342937 0.004301 0.010423 0.010423 0.000000 -547.802994
1.000000 12.000000 1.000000 10.000000 2478.991485 0.003828 0.009267 0.009267 0.000000 -1298.658579
1.000000 13.000000 1.000000 10.000000 3483.539020 0.005392 0.013101 0.010948 0.000000 0.000000
1.000000 14.000000 1.000000 10.000000 12934.312637 0.020504 0.051591 0.020504 7722.509270 0.000000
1.000000 15.000000 1.000000 10.000000 35476.179635 0.059667 0.165415 0.059667 40196.694659 0.000000
1.000000 16.000000 1.000000 10.000000 67549.205036 0.124398 0.414659 0.124398 90419.217734 0.000000
1.000000 17.000000 1.000000 10.000000 92974.033589 0.185159 0.761912 0.185159 134950.628095 0.000000
1.000000 18.000000 1.000000 10.000000 83798.835355 0.162123 0.612661 0.162123 112650.460835 0.000000
1.000000 19.000000 1.000000 10.000000 106341.404166 0.221249 1.057741 0.000000 0.000000 0.000000
1.000000 20.000000 1.000000 10.000000 5171.814962 0.008040 0.019651 0.000000 0.000000 -0.000000
1.000000 21.000000 1.000000 10.000000 3565.191034 0.005520 0.013415 0.000000 0.000000 -0.000000
1.000000 22.000000 1.000000 10.000000 2960.018217 0.004576 0.011097 0.000000 0.000000 0.000000
1.000000 23.000000 1.000000 10.000000 2565.307465 0.003962 0.009594 0.000000 0.000000 0.000000
1.000000 24.000000 1.000000 10.000000 2311.259850 0.003567 0.008631 0.000000 0.000000 0.000000
1.000000 1.000000 2.000000 10.000000 2155.558227 0.003326 0.008042 0.000000 0.000000 0.000000
1.000000 2.000000 2.000000 10.000000 2017.073321 0.003111 0.007519 0.000000 0.000000 -0.000000
1.000000 3.000000 2.000000 10.000000 1891.198268 0.002916 0.007045 0.000000 0.000000 -0.000000
1.000000 4.000000 2.000000 10.000000 1774.641420 0.002735 0.006606 0.000000 0.000000 -0.000000
1.000000 5.000000 2.000000 10.000000 1678.880273 0.002587 0.006246 0.000000 0.000000 -0.000000
1.000000 6.000000 2.000000 10.000000 1637.761717 0.002524 0.006091 0.000000 0.000000 -0.000000
1.000000 7.000000 2.000000 10.000000 1570.795511 0.002420 0.005840 0.000000 0.000000 -0.000000
1.000000 8.000000 2.000000 10.000000 2888.002344 0.004464 0.010822 0.009127 0.000000 0.000000
1.000000 9.000000 2.000000 10.000000 2869.887461 0.004436 0.010753 0.010117 0.000000 0.000000
1.000000 10.000000 2.000000 10.000000 3214.739052 0.004973 0.012070 0.011760 0.000000 0.000000
1.000000 11.000000 2.000000 10.000000 2775.136563 0.004288 0.010392 0.010392 0.000000 -1556.159197
1.000000 12.000000 2.000000 10.000000 2447.433955 0.003779 0.009147 0.009147 0.000000 -2492.591669
1.000000 13.000000 2.000000 10.000000 3558.726689 0.005510 0.013390 0.011995 0.000000 0.000000
1.000000 14.000000 2.000000 10.000000 13135.569690 0.020834 0.052462 0.020834 7617.127562 0.000000
1.000000 15.000000 2.000000 10.000000 36246.400936 0.061089 0.169988 0.061089 41064.995078 0.000000
1.000000 16.000000 2.000000 10.000000 68194.236064 0.125826 0.421300 0.125826 91046.858859 0.000000
1.000000 17.000000 2.000000 10.000000 92409.883061 0.183703 0.751702 0.183703 133752.449829 0.000000
1.000000 18.000000 2.000000 10.000000 82985.119428 0.160144 0.600964 0.160144 111238.341164 0.000000
1.000000 19.000000 2.000000 10.000000 105431.240281 0.218690 1.033644 0.000000 0.000000 0.000000
1.000000 20.000000 2.000000 10.000000 5227.556234 0.008127 0.019869 0.000000 0.000000 -0.000000
1.000000 21.000000 2.000000 10.000000 3665.357938 0.005676 0.013800 0.000000 0.000000 -0.000000
1.000000 22.000000 2.000000 10.000000 3100.709152 0.004795 0.011634 0.000000 0.000000 0.000000
1.000000 23.000000 2.000000 10.000000 2690.999418 0.004157 0.010072 0.000000 0.000000 0.000000
1.000000 24.000000 2.000000 10.000000 2389.654439 0.003689 0.008928 0.000000 0.000000 0.000000
1.000000 1.000000 3.000000 10.000000 2180.159424 0.003364 0.008135 0.000000 0.000000 -0.000000
1.000000 2.000000 3.000000 10.000000 2009.719894 0.003100 0.007491 0.000000 0.000000 -0.000000
1.000000 3.000000 3.000000 10.000000 1875.284333 0.002891 0.006985 0.000000 0.000000 -0.000000
1.000000 4.000000 3.000000 10.000000 1760.408295 0.002713 0.006552 0.000000 0.000000 -0.000000
1.000000 5.000000 3.000000 10.000000 1672.402342 0.002577 0.006221 0.000000 0.000000 -0.000000
1.000000 6.000000 3.000000 10.000000 1599.223499 0.002464 0.005947 0.000000 0.000000 -0.000000
1.000000 7.000000 3.000000 10.000000 1538.689004 0.002370 0.005719 0.000000 0.000000 -0.000000
1.000000 8.000000 3.000000 10.000000 2042.314981 0.003150 0.007614 0.000000 0.000000 -0.000000
1.000000 9.000000 3.000000 10.000000 2829.763854 0.004373 0.010600 0.000000 0.000000 -0.000000
1.000000 10.000000 3.000000 10.000000 4096.131321 0.006350 0.015462 0.000000 0.000000 -0.000000
1.000000 11.000000 3.000000 10.000000 5442.025296 0.008465 0.020711 0.000000 0.000000 -0.000000
1.000000 12.000000 3.000000 10.000000 6749.309431 0.010533 0.025894 0.000000 0.000000 -0.000000
1.000000 13.000000 3.000000 10.000000 10178.857909 0.016024 0.039895 0.000000 0.000000 0.000000
1.000000 14.000000 3.000000 10.000000 37897.968908 0.064160 0.179975 0.000000 0.000000 0.000000
1.000000 15.000000 3.000000 10.000000 105123.501855 0.217828 1.025651 0.000000 0.000000 0.000000
1.000000 16.000000 3.000000 10.000000 198813.711142 0.598888 -4.130509 0.000000 0.000000 -0.000000
1.000000 17.000000 3.000000 10.000000 268981.883330 1.227326 -1.671281 0.000000 0.000000 -0.000000
1.000000 18.000000 3.000000 10.000000 245732.797998 0.957877 -1.988683 0.000000 0.000000 -0.000000
1.000000 19.000000 3.000000 10.000000 113917.830380 0.243175 1.289311 0.000000 0.000000 0.000000
1.000000 20.000000 3.000000 10.000000 5450.209955 0.008478 0.020744 0.000000 0.000000 -0.000000
1.000000 21.000000 3.000000 10.000000 3755.222326 0.005817 0.014146 0.000000 0.000000 -0.000000
1.000000 22.000000 3.000000 10.000000 3146.407129 0.004866 0.011809 0.000000 0.000000 0.000000
1.000000 23.000000 3.000000 10.000000 2727.150062 0.004214 0.010210 0.000000 0.000000 0.000000
1.000000 24.000000 3.000000 10.000000 2397.270424 0.003701 0.008957 0.000000 0.000000 0.000000
1.000000 1.000000 4.000000 10.000000 2186.494501 0.003374 0.008159 0.000000 0.000000 0.000000
1.000000 2.000000 4.000000 10.000000 1990.885178 0.003070 0.007420 0.000000 0.000000 0.000000
1.000000 3.000000 4.000000 10.000000 1831.841061 0.002824 0.006821 0.000000 0.000000 -0.000000
1.000000 4.000000 4.000000 10.000000 1708.975801 0.002634 0.006359 0.000000 0.000000 -0.000000
1.000000 5.000000 4.000000 10.000000 1607.117375 0.002476 0.005976 0.000000 0.000000 -0.000000
1.000000 6.000000 4.000000 10.000000 1544.081404 0.002379 0.005740 0.000000 0.000000 -0.000000
1.000000 7.000000 4.000000 10.000000 1467.712990 0.002261 0.005453 0.000000 0.000000 -0.000000
1.000000 8.000000 4.000000 10.000000 1962.774895 0.003027 0.007314 0.000000 0.000000 -0.000000
1.000000 9.000000 4.000000 10.000000 2714.397209 0.004194 0.010161 0.000000 0.000000 -0.000000
1.000000 10.000000 4.000000 10.000000 3716.983135 0.005757 0.013998 0.000000 0.000000 -0.000000
1.000000 11.000000 4.000000 10.000000 5143.588068 0.007995 0.019540 0.000000 0.000000 -0.000000
1.000000 12.000000 4.000000 10.000000 6369.326438 0.009931 0.024379 0.000000 0.000000 -0.000000
1.000000 13.000000 4.000000 10.000000 9837.623155 0.015473 0.038475 0.000000 0.000000 0.000000
1.000000 14.000000 4.000000 10.000000 37017.898445 0.062520 0.174622 0.000000 0.000000 0.000000
1.000000 15.000000 4.000000 10.000000 103536.521463 0.213411 0.985632 0.000000 0.000000 0.000000
1.000000 16.000000 4.000000 10.000000 195526.811919 0.579758 -4.563205 0.000000 0.000000 -0.000000
1.000000 17.000000 4.000000 10.000000 266368.374293 1.192537 -1.699409 0.000000 0.000000 -0.000000
1.000000 18.000000 4.000000 10.000000 243027.386026 0.931538 -2.038546 0.000000 0.000000 -0.000000
1.000000 19.000000 4.000000 10.000000 112163.641932 0.237998 1.230191 0.000000 0.000000 0.000000
1.000000 20.000000 4.000000 10.000000 5237.124152 0.008142 0.019907 0.000000 0.000000 -0.000000
1.000000 21.000000 4.000000 10.000000 3561.068001 0.005513 0.013399 0.000000 0.000000 -0.000000
1.000000 22.000000 4.000000 10.000000 2965.936891 0.004585 0.011119 0.000000 0.000000 0.000000
1.000000 23.000000 4.000000 10.000000 2540.944767 0.003924 0.009502 0.000000 0.000000 0.000000
1.000000 24.000000 4.000000 10.000000 2232.607638 0.003445 0.008333 0.000000 0.000000 0.000000
1.000000 1.000000 5.000000 10.000000 2008.620180 0.003098 0.007487 0.000000 0.000000 0.000000
1.000000 2.000000 5.000000 10.000000 1824.258383 0.002812 0.006792 0.000000 0.000000 0.000000
1.000000 3.000000 5.000000 10.000000 1662.309901 0.002562 0.006183 0.000000 0.000000 -0.000000
1.000000 4.000000 5.000000 10.000000 1534.654378 0.002364 0.005704 0.000000 0.000000 -0.000000
1.000000 5.000000 5.000000 10.000000 1428.826698 0.002201 0.005308 0.000000 0.000000 -0.000000
1.000000 6.000000 5.000000 10.000000 1364.071999 0.002100 0.005065 0.000000 0.000000 -0.000000
1.000000 7.000000 5.000000 10.000000 1292.481692 0.001990 0.004797 0.000000 0.000000 -0.000000
1.000000 8.000000 5.000000 10.000000 3189.123006 0.004933 0.011972 0.007920 0.000000 0.000000
1.000000 9.000000 5.000000 10.000000 2603.521020 0.004021 0.009739 0.008958 0.000000 0.000000
1.000000 10.000000 5.000000 10.000000 3429.506812 0.005308 0.012893 0.010539 0.000000 0.000000
1.000000 11.000000 5.000000 10.000000 2903.598007 0.004488 0.010882 0.010882 0.000000 -134.905330
1.000000 12.000000 5.000000 10.000000 2555.454143 0.003947 0.009557 0.009557 0.000000 -624.417482
1.000000 13.000000 5.000000 10.000000 3447.538767 0.005336 0.012963 0.010414 0.000000 0.000000
1.000000 14.000000 5.000000 10.000000 12972.898150 0.020567 0.051758 0.020567 8767.673150 0.000000
1.000000 15.000000 5.000000 10.000000 36237.875067 0.061074 0.169937 0.061074 41133.240280 0.000000
1.000000 16.000000 5.000000 10.000000 67953.211575 0.125292 0.418808 0.125292 91372.415823 0.000000
1.000000 17.000000 5.000000 10.000000 91312.203318 0.180887 0.732261 0.180887 132189.559488 0.000000
1.000000 18.000000 5.000000 10.000000 81943.239912 0.157624 0.586307 0.157624 110150.711401 0.000000
1.000000 19.000000 5.000000 10.000000 103509.742647 0.213337 0.984974 0.000000 0.000000 0.000000
1.000000 20.000000 5.000000 10.000000 5005.843907 0.007778 0.019001 0.000000 0.000000 -0.000000
1.000000 21.000000 5.000000 10.000000 3416.469481 0.005288 0.012843 0.000000 0.000000 -0.000000
1.000000 22.000000 5.000000 10.000000 2853.416352 0.004410 0.010690 0.000000 0.000000 0.000000
1.000000 23.000000 5.000000 10.000000 2453.675984 0.003789 0.009171 0.000000 0.000000 0.000000
1.000000 24.000000 5.000000 10.000000 2143.340205 0.003307 0.007996 0.000000 0.000000 0.000000
1.000000 1.000000 6.000000 10.000000 1933.691530 0.002982 0.007205 0.000000 0.000000 0.000000
1.000000 2.000000 6.000000 10.000000 1763.154809 0.002718 0.006563 0.000000 0.000000 0.000000
1.000000 3.000000 6.000000 10.000000 1611.771325 0.002483 0.005994 0.000000 0.000000 -0.000000
1.000000 4.000000 6.000000 10.000000 1480.595465 0.002281 0.005502 0.000000 0.000000 -0.000000
1.000000 5.000000 6.000000 10.000000 1377.723665 0.002122 0.005116 0.000000 0.000000 -0.000000
1.000000 6.000000 6.000000 10.000000 1316.985412 0.002028 0.004889 0.000000 0.000000 -0.000000
1.000000 7.000000 6.000000 10.000000 1255.870574 0.001933 0.004660 0.000000 0.000000 -0.000000
1.000000 8.000000 6.000000 10.000000 3201.196063 0.004952 0.012018 0.006588 0.000000 0.000000
1.000000 9.000000 6.000000 10.000000 2581.586134 0.003987 0.009656 0.008106 0.000000 0.000000
1.000000 10.000000 6.000000 10.000000 3426.147418 0.005303 0.012880 0.009303 0.000000 0.000000
1.000000 11.000000 6.000000 10.000000 2848.808815 0.004403 0.010673 0.010564 0.000000 0.000000
1.000000 12.000000 6.000000 10.000000 2492.196072 0.003848 0.009317 0.009317 0.000000 -268.857051
1.000000 13.000000 6.000000 10.000000 3641.189853 0.005639 0.013707 0.009808 0.000000 0.000000
1.000000 14.000000 6.000000 10.000000 13707.337164 0.021773 0.054947 0.021773 10246.421909 0.000000
1.000000 15.000000 6.000000 10.000000 37896.914207 0.064158 0.179968 0.064158 44207.104757 0.000000
1.000000 16.000000 6.000000 10.000000 71183.725760 0.132518 0.453227 0.132518 97890.142463 0.000000
1.000000 17.000000 6.000000 10.000000 96311.528197 0.193877 0.825564 0.193877 142831.240916 0.000000
1.000000 18.000000 6.000000 10.000000 85870.148182 0.167208 0.643471 0.167208 117613.367982 0.000000
1.000000 19.000000 6.000000 10.000000 107819.336075 0.225439 1.098401 0.000000 0.000000 0.000000
1.000000 20.000000 6.000000 10.000000 5257.882143 0.008175 0.019988 0.000000 0.000000 -0.000000
1.000000 21.000000 6.000000 10.000000 3584.487401 0.005550 0.013489 0.000000 0.000000 -0.000000
1.000000 22.000000 6.000000 10.000000 2992.340972 0.004626 0.011220 0.000000 0.000000 0.000000
1.000000 23.000000 6.000000 10.000000 2567.726234 0.003966 0.009603 0.000000 0.000000 0.000000
1.000000 24.000000 6.000000 10.000000 2246.266455 0.003466 0.008385 0.000000 0.000000 0.000000
1.000000 1.000000 7.000000 10.000000 2030.095496 0.003131 0.007568 0.000000 0.000000 -0.000000
1.000000 2.000000 7.000000 10.000000 1848.805787 0.002850 0.006885 0.000000 0.000000 -0.000000
1.000000 3.000000 7.000000 10.000000 1715.455510 0.002644 0.006383 0.000000 0.000000 -0.000000
1.000000 4.000000 7.000000 10.000000 1587.100072 0.002445 0.005901 0.000000 0.000000 -0.000000
1.000000 5.000000 7.000000 10.000000 1487.153051 0.002291 0.005526 0.000000 0.000000 -0.000000
1.000000 6.000000 7.000000 10.000000 1418.979812 0.002185 0.005271 0.000000 0.000000 -0.000000
1.000000 7.000000 7.000000 10.000000 1340.456170 0.002064 0.004977 0.000000 0.000000 -0.000000
1.000000 8.000000 7.000000 10.000000 3122.085829 0.004829 0.011716 0.006775 0.000000 0.000000
1.000000 9.000000 7.000000 10.000000 2578.266961 0.003982 0.009643 0.007747 0.000000 0.000000
1.000000 10.000000 7.000000 10.000000 3327.383474 0.005149 0.012502 0.009520 0.000000 0.000000
1.000000 11.000000 7.000000 10.000000 2792.508102 0.004315 0.010458 0.010458 0.000000 -353.402114
1.000000 12.000000 7.000000 10.000000 2426.914953 0.003747 0.009069 0.009069 0.000000 -1486.385852
1.000000 13.000000 7.000000 10.000000 3703.915157 0.005737 0.013948 0.010665 0.000000 0.000000
1.000000 14.000000 7.000000 10.000000 13811.198887 0.021943 0.055400 0.021943 9610.891547 0.000000
1.000000 15.000000 7.000000 10.000000 38304.144767 0.064919 0.182469 0.064919 44022.757673 0.000000
1.000000 16.000000 7.000000 10.000000 71524.845440 0.133289 0.456994 0.133289 97610.719646 0.000000
1.000000 17.000000 7.000000 10.000000 96121.232773 0.193375 0.821777 0.193375 141902.817152 0.000000
1.000000 18.000000 7.000000 10.000000 87118.361347 0.170304 0.662792 0.170304 119928.948248 0.000000
1.000000 19.000000 7.000000 10.000000 110608.261256 0.233459 1.180748 0.000000 0.000000 0.000000
1.000000 20.000000 7.000000 10.000000 5505.324335 0.008565 0.020961 0.000000 0.000000 -0.000000
1.000000 21.000000 7.000000 10.000000 3789.587557 0.005871 0.014278 0.000000 0.000000 -0.000000
1.000000 22.000000 7.000000 10.000000 3168.865594 0.004901 0.011895 0.000000 0.000000 0.000000
1.000000 23.000000 7.000000 10.000000 2743.865390 0.004240 0.010273 0.000000 0.000000 0.000000
1.000000 24.000000 7.000000 10.000000 2450.648773 0.003784 0.009159 0.000000 0.000000 0.000000
1.000000 1.000000 1.000000 10.000000 2260.793136 0.003489 0.008440 0.000000 0.000000 -0.000000
1.000000 2.000000 1.000000 10.000000 2073.935097 0.003199 0.007734 0.000000 0.000000 -0.000000
1.000000 3.000000 1.000000 10.000000 1926.521299 0.002971 0.007178 0.000000 0.000000 -0.000000
1.000000 4.000000 1.000000 10.000000 1801.356195 0.002777 0.006706 0.000000 0.000000 -0.000000
1.000000 5.000000 1.000000 10.000000 1686.106750 0.002598 0.006273 0.000000 0.000000 -0.000000
1.000000 6.000000 1.000000 10.000000 1605.412299 0.002474 0.005970 0.000000 0.000000 -0.000000
1.000000 7.000000 1.000000 10.000000 1507.703601 0.002322 0.005603 0.000000 0.000000 -0.000000
1.000000 8.000000 1.000000 10.000000 2928.678575 0.004527 0.010977 0.008277 0.000000 0.000000
1.000000 9.000000 1.000000 10.000000 2838.448024 0.004387 0.010633 0.009576 0.000000 0.000000
1.000000 10.000000 1.000000 10.000000 3195.192270 0.004943 0.011995 0.011031 0.000000 0.000000
1.000000 11.000000 1.000000 10.000000 2705.806188 0.004180 0.010128 0.010128 0.000000 -1468.601463
1.000000 12.000000 1.000000 10.000000 2434.751471 0.003759 0.009099 0.009099 0.000000 -2091.249918
1.000000 13.000000 1.000000 10.000000 3656.473688 0.005663 0.013766 0.012407 0.000000 0.000000
1.000000 14.000000 1.000000 10.000000 13509.915311 0.021448 0.054087 0.021448 8288.380065 0.000000
1.000000 15.000000 1.000000 10.000000 37271.399638 0.062992 0.176156 0.062992 41937.027301 0.000000
1.000000 16.000000 1.000000 10.000000 69902.171539 0.129635 0.439304 0.129635 93575.118182 0.000000
1.000000 17.000000 1.000000 10.000000 94396.579649 0.188852 0.788345 0.188852 137112.836462 0.000000
1.000000 18.000000 1.000000 10.000000 84500.170134 0.163838 0.622924 0.163838 113507.730906 0.000000
1.000000 19.000000 1.000000 10.000000 107836.070360 0.225486 1.098873 0.000000 0.000000 0.000000
1.000000 20.000000 1.000000 10.000000 5364.549168 0.008343 0.020407 0.000000 0.000000 -0.000000
1.000000 21.000000 1.000000 10.000000 3715.048560 0.005754 0.013991 0.000000 0.000000 -0.000000
1.000000 22.000000 1.000000 10.000000 3115.283057 0.004818 0.011690 0.000000 0.000000 0.000000
1.000000 23.000000 1.000000 10.000000 2712.253668 0.004190 0.010153 0.000000 0.000000 0.000000
1.000000 24.000000 1.000000 10.000000 2405.859077 0.003714 0.008989 0.000000 0.000000 -0.000000
1.000000 1.000000 2.000000 10.000000 2194.248336 0.003386 0.008188 0.000000 0.000000 -0.000000
1.000000 2.000000 2.000000 10.000000 2029.854880 0.003131 0.007567 0.000000 0.000000 -0.000000
1.000000 3.000000 2.000000 10.000000 1886.641466 0.002909 0.007027 0.000000 0.000000 -0.000000
1.000000 4.000000 2.000000 10.000000 1774.607672 0.002735 0.006606 0.000000 0.000000 -0.000000
1.000000 5.000000 2.000000 10.000000 1669.479135 0.002573 0.006210 0.000000 0.000000 -0.000000
1.000000 6.000000 2.000000 10.000000 1576.719776 0.002429 0.005862 0.000000 0.000000 -0.000000
1.000000 7.000000 2.000000 10.000000 1508.408863 0.002324 0.005606 0.000000 0.000000 -0.000000
1.000000 8.000000 2.000000 10.000000 2948.158392 0.004558 0.011052 0.008489 0.000000 0.000000
1.000000 9.000000 2.000000 10.000000 2625.869058 0.004056 0.009824 0.009278 0.000000 0.000000
1.000000 10.000000 2.000000 10.000000 3462.417024 0.005359 0.013020 0.010041 0.000000 0.000000
1.000000 11.000000 2.000000 10.000000 2932.620743 0.004533 0.010992 0.010992 0.000000 -1680.027204
1.000000 12.000000 2.000000 10.000000 2448.377021 0.003780 0.009151 0.009151 0.000000 -5147.783553
1.000000 13.000000 2.000000 10.000000 3684.462915 0.005706 0.013873 0.013622 0.000000 0.000000
1.000000 14.000000 2.000000 10.000000 13896.420966 0.022084 0.055773 0.022084 7804.542380 0.000000
1.000000 15.000000 2.000000 10.000000 38191.595840 0.064709 0.181777 0.064709 42324.619276 0.000000
1.000000 16.000000 2.000000 10.000000 71371.072244 0.132941 0.455292 0.132941 95232.537968 0.000000
1.000000 17.000000 2.000000 10.000000 95305.456025 0.191229 0.805768 0.191229 138735.504927 0.000000
1.000000 18.000000 2.000000 10.000000 84948.891588 0.164938 0.629580 0.164938 114229.317411 0.000000
1.000000 19.000000 2.000000 10.000000 108099.860421 0.226238 1.106342 0.000000 0.000000 0.000000
1.000000 20.000000 2.000000 10.000000 5355.564082 0.008329 0.020372 0.000000 0.000000 -0.000000
1.000000 21.000000 2.000000 10.000000 3709.590889 0.005746 0.013970 0.000000 0.000000 -0.000000
1.000000 22.000000 2.000000 10.000000 3115.515331 0.004818 0.011691 0.000000 0.000000 0.000000
1.000000 23.000000 2.000000 10.000000 2701.596844 0.004174 0.010112 0.000000 0.000000 0.000000
1.000000 24.000000 2.000000 10.000000 2373.523114 0.003664 0.008867 0.000000 0.000000 0.000000
1.000000 1.000000 3.000000 10.000000 2160.206579 0.003333 0.008060 0.000000 0.000000 -0.000000
1.000000 2.000000 3.000000 10.000000 1994.221808 0.003076 0.007433 0.000000 0.000000 -0.000000
1.000000 3.000000 3.000000 10.000000 1848.061013 0.002849 0.006882 0.000000 0.000000 -0.000000
1.000000 4.000000 3.000000 10.000000 1721.699565 0.002654 0.006407 0.000000 0.000000 -0.000000
1.000000 5.000000 3.000000 10.000000 1621.616108 0.002499 0.006031 0.000000 0.000000 -0.000000
1.000000 6.000000 3.000000 10.000000 1541.571684 0.002375 0.005730 0.000000 0.000000 -0.000000
1.000000 7.000000 3.000000 10.000000 1456.434131 0.002243 0.005411 0.000000 0.000000 -0.000000
1.000000 8.000000 3.000000 10.000000 2041.992447 0.003150 0.007613 0.000000 0.000000 -0.000000
1.000000 9.000000 3.000000 10.000000 3082.941037 0.004768 0.011566 0.000000 0.000000 -0.000000
1.000000 10.000000 3.000000 10.000000 4418.039128 0.006855 0.016710 0.000000 0.000000 -0.000000
1.000000 11.000000 3.000000 10.000000 6043.906393 0.009416 0.023087 0.000000 0.000000 -0.000000
1.000000 12.000000 3.000000 10.000000 7663.282671 0.011987 0.029567 0.000000 0.000000 -0.000000
1.000000 13.000000 3.000000 10.000000 11872.127067 0.018770 0.047034 0.000000 0.000000 0.000000
1.000000 14.000000 3.000000 10.000000 43586.330112 0.074951 0.216386 0.000000 0.000000 0.000000
1.000000 15.000000 3.000000 10.000000 117841.107571 0.254983 1.436245 0.000000 0.000000 0.000000
1.000000 16.000000 3.000000 10.000000 218673.123562 0.728805 -2.731321 0.000000 0.000000 -0.000000
1.000000 17.000000 3.000000 10.000000 297408.346014 1.714572 -1.439222 0.000000 0.000000 -0.000000
1.000000 18.000000 3.000000 10.000000 273646.068742 1.292843 -1.624569 0.000000 0.000000 -0.000000
1.000000 19.000000 3.000000 10.000000 128134.494542 0.287553 1.956276 0.000000 0.000000 0.000000
1.000000 20.000000 3.000000 10.000000 6344.003058 0.009891 0.024278 0.000000 0.000000 -0.000000
1.000000 21.000000 3.000000 10.000000 4325.953999 0.006711 0.016352 0.000000 0.000000 -0.000000
1.000000 22.000000 3.000000 10.000000 3581.405318 0.005545 0.013477 0.000000 0.000000 0.000000
1.000000 23.000000 3.000000 10.000000 3088.729768 0.004777 0.011588 0.000000 0.000000 0.000000
1.000000 24.000000 3.000000 10.000000 2728.581778 0.004216 0.010215 0.000000 0.000000 0.000000
1.000000 1.000000 4.000000 10.000000 2468.778092 0.003812 0.009228 0.000000 0.000000 0.000000
1.000000 2.000000 4.000000 10.000000 2276.334214 0.003513 0.008499 0.000000 0.000000 -0.000000
1.000000 3.000000 4.000000 10.000000 2115.998331 0.003264 0.007893 0.000000 0.000000 -0.000000
1.000000 4.000000 4.000000 10.000000 1970.368995 0.003039 0.007343 0.000000 0.000000 -0.000000
1.000000 5.000000 4.000000 10.000000 1850.797647 0.002853 0.006892 0.000000 0.000000 -0.000000
1.000000 6.000000 4.000000 10.000000 1776.016161 0.002738 0.006611 0.000000 0.000000 -0.000000
1.000000 7.000000 4.000000 10.000000 1673.224998 0.002578 0.006224 0.000000 0.000000 -0.000000
1.000000 8.000000 4.000000 10.000000 2285.321749 0.003527 0.008533 0.000000 0.000000 -0.000000
1.000000 9.000000 4.000000 10.000000 3396.002096 0.005256 0.012765 0.000000 0.000000 -0.000000
1.000000 10.000000 4.000000 10.000000 4804.815745 0.007462 0.018215 0.000000 0.000000 -0.000000
1.000000 11.000000 4.000000 10.000000 6357.138640 0.009912 0.024330 0.000000 0.000000 -0.000000
1.000000 12.000000 4.000000 10.000000 7811.675200 0.012224 0.030167 0.000000 0.000000 -0.000000
1.000000 13.000000 4.000000 10.000000 11608.754575 0.018341 0.045914 0.000000 0.000000 0.000000
1.000000 14.000000 4.000000 10.000000 42222.645202 0.072333 0.207359 0.000000 0.000000 0.000000
1.000000 15.000000 4.000000 10.000000 115628.277374 0.248284 1.350708 0.000000 0.000000 0.000000
1.000000 16.000000 4.000000 10.000000 217385.969665 0.719553 -2.787289 0.000000 0.000000 -0.000000
1.000000 17.000000 4.000000 10.000000 297972.598746 1.726856 -1.435650 0.000000 0.000000 -0.000000
1.000000 18.000000 4.000000 10.000000 272262.113408 1.272923 -1.637990 0.000000 0.000000 -0.000000
1.000000 19.000000 4.000000 10.000000 126761.251718 0.283068 1.872203 0.000000 0.000000 0.000000
1.000000 20.000000 4.000000 10.000000 6179.750176 0.009631 0.023626 0.000000 0.000000 -0.000000
1.000000 21.000000 4.000000 10.000000 4216.031314 0.006538 0.015926 0.000000 0.000000 -0.000000
1.000000 22.000000 4.000000 10.000000 3489.241373 0.005401 0.013123 0.000000 0.000000 0.000000
1.000000 23.000000 4.000000 10.000000 2998.158754 0.004635 0.011242 0.000000 0.000000 0.000000
1.000000 24.000000 4.000000 10.000000 2632.158366 0.004066 0.009848 0.000000 0.000000 0.000000
1.000000 1.000000 5.000000 10.000000 2397.854924 0.003702 0.008959 0.000000 0.000000 0.000000
1.000000 2.000000 5.000000 10.000000 2213.442162 0.003416 0.008261 0.000000 0.000000 -0.000000
1.000000 3.000000 5.000000 10.000000 2057.257102 0.003173 0.007671 0.000000 0.000000 -0.000000
1.000000 4.000000 5.000000 10.000000 1914.958807 0.002953 0.007134 0.000000 0.000000 -0.000000
1.000000 5.000000 5.000000 10.000000 1807.124708 0.002786 0.006728 0.000000 0.000000 -0.000000
1.000000 6.000000 5.000000 10.000000 1720.929378 0.002652 0.006404 0.000000 0.000000 -0.000000
1.000000 7.000000 5.000000 10.000000 1626.080498 0.002506 0.006047 0.000000 0.000000 -0.000000
1.000000 8.000000 5.000000 10.000000 2799.773067 0.004327 0.010486 0.009208 0.000000 0.000000
1.000000 9.000000 5.000000 10.000000 3006.309036 0.004648 0.011274 0.010166 0.000000 0.000000
1.000000 10.000000 5.000000 10.000000 3153.951568 0.004878 0.011838 0.010793 0.000000 0.000000
1.000000 11.000000 5.000000 10.000000 2690.099504 0.004156 0.010069 0.010069 0.000000 -1597.654580
1.000000 12.000000 5.000000 10.000000 2481.239314 0.003831 0.009275 0.009275 0.000000 -2104.899810
1.000000 13.000000 5.000000 10.000000 3738.623552 0.005791 0.014082 0.011960 0.000000 0.000000
1.000000 14.000000 5.000000 10.000000 13542.287654 0.021501 0.054227 0.021501 8458.090430 0.000000
1.000000 15.000000 5.000000 10.000000 37124.556118 0.062719 0.175267 0.062719 41834.787079 0.000000
1.000000 16.000000 5.000000 10.000000 69558.219160 0.128865 0.435628 0.128865 92910.031182 0.000000
1.000000 17.000000 5.000000 10.000000 95301.766827 0.191219 0.805697 0.191219 139088.974860 0.000000
1.000000 18.000000 5.000000 10.000000 87407.247904 0.171024 0.667348 0.171024 118901.231922 0.000000
1.000000 19.000000 5.000000 10.000000 111903.029608 0.237234 1.221718 0.000000 0.000000 0.000000
1.000000 20.000000 5.000000 10.000000 5635.956947 0.008771 0.021475 0.000000 0.000000 -0.000000
1.000000 21.000000 5.000000 10.000000 3931.823326 0.006093 0.014827 0.000000 0.000000 -0.000000
1.000000 22.000000 5.000000 10.000000 3284.487494 0.005082 0.012337 0.000000 0.000000 0.000000
1.000000 23.000000 5.000000 10.000000 2842.184648 0.004393 0.010648 0.000000 0.000000 0.000000
1.000000 24.000000 5.000000 10.000000 2543.462948 0.003928 0.009511 0.000000 0.000000 -0.000000
1.000000 1.000000 6.000000 10.000000 2330.479779 0.003597 0.008704 0.000000 0.000000 -0.000000
1.000000 2.000000 6.000000 10.000000 2166.398780 0.003343 0.008083 0.000000 0.000000 -0.000000
1.000000 3.000000 6.000000 10.000000 2038.801111 0.003145 0.007601 0.000000 0.000000 -0.000000
1.000000 4.000000 6.000000 10.000000 1922.433467 0.002964 0.007162 0.000000 0.000000 -0.000000
1.000000 5.000000 6.000000 10.000000 1816.382601 0.002800 0.006763 0.000000 0.000000 -0.000000
1.000000 6.000000 6.000000 10.000000 1738.033279 0.002679 0.006468 0.000000 0.000000 -0.000000
1.000000 7.000000 6.000000 10.000000 1650.850391 0.002544 0.006140 0.000000 0.000000 -0.000000
1.000000 8.000000 6.000000 10.000000 2767.482215 0.004276 0.010363 0.007866 0.000000 0.000000
1.000000 9.000000 6.000000 10.000000 2995.831025 0.004632 0.011234 0.008998 0.000000 0.000000
1.000000 10.000000 6.000000 10.000000 3110.887219 0.004811 0.011673 0.009741 0.000000 0.000000
1.000000 11.000000 6.000000 10.000000 2682.458304 0.004144 0.010039 0.010039 0.000000 -323.742309
1.000000 12.000000 6.000000 10.000000 2426.608818 0.003746 0.009068 0.009068 0.000000 -1850.024682
1.000000 13.000000 6.000000 10.000000 3639.919112 0.005637 0.013702 0.011292 0.000000 0.000000
1.000000 14.000000 6.000000 10.000000 13785.504790 0.021901 0.055288 0.021901 9167.386728 0.000000
1.000000 15.000000 6.000000 10.000000 38583.936374 0.065444 0.184197 0.065444 44256.156992 0.000000
1.000000 16.000000 6.000000 10.000000 71731.074141 0.133756 0.459285 0.133756 97327.263424 0.000000
1.000000 17.000000 6.000000 10.000000 97259.842302 0.196389 0.844732 0.196389 143727.469510 0.000000
1.000000 18.000000 6.000000 10.000000 88911.844298 0.174795 0.691608 0.174795 122394.867128 0.000000
1.000000 19.000000 6.000000 10.000000 113530.231723 0.242026 1.275926 0.000000 0.000000 0.000000
1.000000 20.000000 6.000000 10.000000 5764.683404 0.008975 0.021983 0.000000 0.000000 -0.000000
1.000000 21.000000 6.000000 10.000000 4024.755002 0.006239 0.015186 0.000000 0.000000 -0.000000
1.000000 22.000000 6.000000 10.000000 3348.824376 0.005182 0.012584 0.000000 0.000000 0.000000
1.000000 23.000000 6.000000 10.000000 2905.626104 0.004491 0.010889 0.000000 0.000000 0.000000
1.000000 24.000000 6.000000 10.000000 2607.831482 0.004028 0.009756 0.000000 0.000000 0.000000
1.000000 1.000000 7.000000 10.000000 2366.085121 0.003652 0.008839 0.000000 0.000000 -0.000000
1.000000 2.000000 7.000000 10.000000 2183.256108 0.003369 0.008147 0.000000 0.000000 -0.000000
1.000000 3.000000 7.000000 10.000000 2018.338859 0.003113 0.007524 0.000000 0.000000 -0.000000
1.000000 4.000000 7.000000 10.000000 1899.815193 0.002929 0.007077 0.000000 0.000000 -0.000000
1.000000 5.000000 7.000000 10.000000 1799.469868 0.002774 0.006699 0.000000 0.000000 -0.000000
1.000000 6.000000 7.000000 10.000000 1706.058234 0.002629 0.006348 0.000000 0.000000 -0.000000
1.000000 7.000000 7.000000 10.000000 1608.487367 0.002478 0.005981 0.000000 0.000000 -0.000000
1.000000 8.000000 7.000000 10.000000 2821.226176 0.004360 0.010568 0.007410 0.000000 0.000000
1.000000 9.000000 7.000000 10.000000 2821.694639 0.004361 0.010569 0.008366 0.000000 0.000000
1.000000 10.000000 7.000000 10.000000 3313.188285 0.005127 0.012447 0.009303 0.000000 0.000000
1.000000 11.000000 7.000000 10.000000 2794.594069 0.004319 0.010466 0.010466 0.000000 -1149.401678
1.000000 12.000000 7.000000 10.000000 2490.753550 0.003846 0.009311 0.009311 0.000000 -1810.719881
1.000000 13.000000 7.000000 10.000000 3507.883549 0.005430 0.013194 0.011017 0.000000 0.000000
1.000000 14.000000 7.000000 10.000000 13248.895671 0.021020 0.052953 0.021020 8647.252656 0.000000
1.000000 15.000000 7.000000 10.000000 36979.386527 0.062449 0.174389 0.062449 42205.691017 0.000000
1.000000 16.000000 7.000000 10.000000 69235.619092 0.128144 0.432204 0.128144 93133.546296 0.000000
1.000000 17.000000 7.000000 10.000000 93517.301949 0.186565 0.771889 0.186565 136111.018794 0.000000
1.000000 18.000000 7.000000 10.000000 84383.651747 0.163552 0.621207 0.163552 114738.669374 0.000000
1.000000 19.000000 7.000000 10.000000 108006.857777 0.225973 1.103702 0.000000 0.000000 0.000000
1.000000 20.000000 7.000000 10.000000 5395.215044 0.008392 0.020527 0.000000 0.000000 -0.000000
1.000000 21.000000 7.000000 10.000000 3752.471549 0.005813 0.014135 0.000000 0.000000 -0.000000
1.000000 22.000000 7.000000 10.000000 3148.386239 0.004870 0.011816 0.000000 0.000000 0.000000
1.000000 23.000000 7.000000 10.000000 2748.463280 0.004247 0.010291 0.000000 0.000000 0.000000
1.000000 24.000000 7.000000 10.000000 2428.902894 0.003750 0.009077 0.000000 0.000000 -0.000000
1.000000 1.000000 1.000000 11.000000 2193.820812 0.003385 0.008187 0.000000 0.000000 -0.000000
1.000000 2.000000 1.000000 11.000000 2009.024312 0.003099 0.007489 0.000000 0.000000 -0.000000
1.000000 3.000000 1.000000 11.000000 1847.297712 0.002848 0.006879 0.000000 0.000000 -0.000000
1.000000 4.000000 1.000000 11.000000 1725.213368 0.002659 0.006420 0.000000 0.000000 -0.000000
1.000000 5.000000 1.000000 11.000000 1620.170252 0.002496 0.006025 0.000000 0.000000 -0.000000
1.000000 6.000000 1.000000 11.000000 1522.365519 0.002345 0.005658 0.000000 0.000000 -0.000000
1.000000 7.000000 1.000000 11.000000 1531.795452 0.002360 0.005694 0.000000 0.000000 -0.000000
1.000000 8.000000 1.000000 11.000000 2910.858287 0.004500 0.010909 0.008369 0.000000 0.000000
1.000000 9.000000 1.000000 11.000000 2992.817401 0.004627 0.011222 0.010113 0.000000 0.000000
1.000000 10.000000 1.000000 11.000000 3264.441925 0.005051 0.012261 0.010837 0.000000 0.000000
1.000000 11.000000 1.000000 11.000000 2821.806400 0.004361 0.010570 0.010570 0.000000 -73.634862
1.000000 12.000000 1.000000 11.000000 2586.470073 0.003995 0.009675 0.009675 0.000000 -1655.214371
1.000000 13.000000 1.000000 11.000000 2655.281788 0.004102 0.009936 0.009936 0.000000 -1463.494164
1.000000 14.000000 1.000000 11.000000 6564.733221 0.010241 0.025157 0.010810 0.000000 0.000000
1.000000 15.000000 1.000000 11.000000 18980.552136 0.030560 0.078761 0.030560 16704.486516 0.000000
1.000000 16.000000 1.000000 11.000000 38191.052371 0.064708 0.181773 0.064708 43225.510372 0.000000
1.000000 17.000000 1.000000 11.000000 50419.091558 0.088370 0.264746 0.088370 60430.728462 0.000000
1.000000 18.000000 1.000000 11.000000 46854.465368 0.081305 0.238841 0.081305 53948.073744 0.000000
1.000000 19.000000 1.000000 11.000000 73085.309782 0.136836 0.474572 0.000000 0.000000 0.000000
1.000000 20.000000 1.000000 11.000000 4493.368072 0.006973 0.017002 0.000000 0.000000 -0.000000
1.000000 21.000000 1.000000 11.000000 3129.635595 0.004840 0.011745 0.000000 0.000000 -0.000000
1.000000 22.000000 1.000000 11.000000 2649.579924 0.004093 0.009914 0.000000 0.000000 0.000000
1.000000 23.000000 1.000000 11.000000 2328.235733 0.003594 0.008695 0.000000 0.000000 0.000000
1.000000 24.000000 1.000000 11.000000 2062.289863 0.003181 0.007690 0.000000 0.000000 -0.000000
1.000000 1.000000 2.000000 11.000000 1886.438765 0.002909 0.007027 0.000000 0.000000 -0.000000
1.000000 2.000000 2.000000 11.000000 1742.417832 0.002686 0.006485 0.000000 0.000000 -0.000000
1.000000 3.000000 2.000000 11.000000 1626.544589 0.002506 0.006049 0.000000 0.000000 -0.000000
1.000000 4.000000 2.000000 11.000000 1526.879159 0.002352 0.005675 0.000000 0.000000 -0.000000
1.000000 5.000000 2.000000 11.000000 1441.413434 0.002220 0.005355 0.000000 0.000000 -0.000000
1.000000 6.000000 2.000000 11.000000 1397.557986 0.002152 0.005190 0.000000 0.000000 -0.000000
1.000000 7.000000 2.000000 11.000000 1396.912214 0.002151 0.005188 0.000000 0.000000 -0.000000
1.000000 8.000000 2.000000 11.000000 3022.263428 0.004673 0.011334 0.008444 0.000000 0.000000
1.000000 9.000000 2.000000 11.000000 3023.980790 0.004676 0.011341 0.010079 0.000000 0.000000
1.000000 10.000000 2.000000 11.000000 3249.721530 0.005028 0.012204 0.011703 0.000000 0.000000
1.000000 11.000000 2.000000 11.000000 2739.278049 0.004232 0.010256 0.010256 0.000000 -832.493639
1.000000 12.000000 2.000000 11.000000 2512.780845 0.003880 0.009395 0.009395 0.000000 -1916.460716
1.000000 13.000000 2.000000 11.000000 2949.455249 0.004560 0.011057 0.011033 0.000000 0.000000
1.000000 14.000000 2.000000 11.000000 7266.895221 0.011356 0.027969 0.011562 0.000000 0.000000
1.000000 15.000000 2.000000 11.000000 20495.994070 0.033130 0.085919 0.033130 18535.585991 0.000000
1.000000 16.000000 2.000000 11.000000 41127.545067 0.070245 0.200249 0.070245 47350.988788 0.000000
1.000000 17.000000 2.000000 11.000000 54471.391721 0.096575 0.296155 0.096575 66956.775493 0.000000
1.000000 18.000000 2.000000 11.000000 50902.911490 0.089339 0.268382 0.089339 59877.960014 0.000000
1.000000 19.000000 2.000000 11.000000 79264.132613 0.151217 0.550182 0.000000 0.000000 0.000000
1.000000 20.000000 2.000000 11.000000 4982.220524 0.007741 0.018908 0.000000 0.000000 -0.000000
1.000000 21.000000 2.000000 11.000000 3489.474449 0.005402 0.013124 0.000000 0.000000 -0.000000
1.000000 22.000000 2.000000 11.000000 2988.255564 0.004620 0.011205 0.000000 0.000000 0.000000
1.000000 23.000000 2.000000 11.000000 2647.157753 0.004089 0.009905 0.000000 0.000000 0.000000
1.000000 24.000000 2.000000 11.000000 2379.166386 0.003673 0.008888 0.000000 0.000000 0.000000
1.000000 1.000000 3.000000 11.000000 2186.454331 0.003374 0.008159 0.000000 0.000000 0.000000
1.000000 2.000000 3.000000 11.000000 2026.721194 0.003126 0.007555 0.000000 0.000000 -0.000000
1.000000 3.000000 3.000000 11.000000 1890.107125 0.002914 0.007040 0.000000 0.000000 -0.000000
1.000000 4.000000 3.000000 11.000000 1767.313915 0.002724 0.006578 0.000000 0.000000 -0.000000
1.000000 5.000000 3.000000 11.000000 1672.211485 0.002577 0.006221 0.000000 0.000000 -0.000000
1.000000 6.000000 3.000000 11.000000 1612.736850 0.002485 0.005997 0.000000 0.000000 -0.000000
1.000000 7.000000 3.000000 11.000000 1599.601991 0.002465 0.005948 0.000000 0.000000 -0.000000
1.000000 8.000000 3.000000 11.000000 2381.811679 0.003677 0.008898 0.000000 0.000000 -0.000000
1.000000 9.000000 3.000000 11.000000 3487.870864 0.005399 0.013117 0.000000 0.000000 -0.000000
1.000000 10.000000 3.000000 11.000000 4932.162971 0.007662 0.018713 0.000000 0.000000 -0.000000
1.000000 11.000000 3.000000 11.000000 6621.468327 0.010331 0.025383 0.000000 0.000000 -0.000000
1.000000 12.000000 3.000000 11.000000 7928.496170 0.012410 0.030641 0.000000 0.000000 -0.000000
1.000000 13.000000 3.000000 11.000000 9225.438298 0.014488 0.035943 0.000000 0.000000 -0.000000
1.000000 14.000000 3.000000 11.000000 22527.881757 0.036608 0.095747 0.000000 0.000000 0.000000
1.000000 15.000000 3.000000 11.000000 63092.691123 0.114678 0.370985 0.000000 0.000000 0.000000
1.000000 16.000000 3.000000 11.000000 126488.329366 0.282182 1.856143 0.000000 0.000000 0.000000
1.000000 17.000000 3.000000 11.000000 170639.180334 0.452302 -60.162540 0.000000 0.000000 -0.000000
1.000000 18.000000 3.000000 11.000000 162648.531796 0.416925 16.247957 0.000000 0.000000 0.000000
1.000000 19.000000 3.000000 11.000000 92474.788960 0.183870 0.752869 0.000000 0.000000 0.000000
1.000000 20.000000 3.000000 11.000000 5768.085776 0.008980 0.021996 0.000000 0.000000 -0.000000
1.000000 21.000000 3.000000 11.000000 3977.971495 0.006165 0.015005 0.000000 0.000000 -0.000000
1.000000 22.000000 3.000000 11.000000 3341.368999 0.005171 0.012555 0.000000 0.000000 0.000000
1.000000 23.000000 3.000000 11.000000 2905.622413 0.004491 0.010889 0.000000 0.000000 0.000000
1.000000 24.000000 3.000000 11.000000 2586.689315 0.003995 0.009675 0.000000 0.000000 0.000000
1.000000 1.000000 4.000000 11.000000 2355.350129 0.003636 0.008798 0.000000 0.000000 -0.000000
1.000000 2.000000 4.000000 11.000000 2165.814354 0.003342 0.008081 0.000000 0.000000 -0.000000
1.000000 3.000000 4.000000 11.000000 2022.394662 0.003119 0.007539 0.000000 0.000000 -0.000000
1.000000 4.000000 4.000000 11.000000 1911.624120 0.002948 0.007122 0.000000 0.000000 -0.000000
1.000000 5.000000 4.000000 11.000000 1818.505127 0.002803 0.006771 0.000000 0.000000 -0.000000
1.000000 6.000000 4.000000 11.000000 1737.938434 0.002679 0.006468 0.000000 0.000000 -0.000000
1.000000 7.000000 4.000000 11.000000 1725.178356 0.002659 0.006420 0.000000 0.000000 -0.000000
1.000000 8.000000 4.000000 11.000000 2498.683446 0.003858 0.009341 0.000000 0.000000 -0.000000
1.000000 9.000000 4.000000 11.000000 3620.767993 0.005607 0.013628 0.000000 0.000000 -0.000000
1.000000 10.000000 4.000000 11.000000 4988.602679 0.007751 0.018933 0.000000 0.000000 -0.000000
1.000000 11.000000 4.000000 11.000000 6628.950639 0.010342 0.025413 0.000000 0.000000 -0.000000
1.000000 12.000000 4.000000 11.000000 7938.611511 0.012427 0.030682 0.000000 0.000000 -0.000000
1.000000 13.000000 4.000000 11.000000 9150.272578 0.014367 0.035633 0.000000 0.000000 -0.000000
1.000000 14.000000 4.000000 11.000000 22028.314000 0.035749 0.093306 0.000000 0.000000 0.000000
1.000000 15.000000 4.000000 11.000000 61330.164587 0.110903 0.354711 0.000000 0.000000 0.000000
1.000000 16.000000 4.000000 11.000000 123263.619766 0.271844 1.680940 0.000000 0.000000 0.000000
1.000000 17.000000 4.000000 11.000000 165071.007563 0.427401 26.991160 0.000000 0.000000 0.000000
1.000000 18.000000 4.000000 11.000000 157257.841567 0.394346 8.419820 0.000000 0.000000 0.000000
1.000000 19.000000 4.000000 11.000000 89329.221917 0.175848 0.698501 0.000000 0.000000 0.000000
1.000000 20.000000 4.000000 11.000000 5526.798101 0.008599 0.021045 0.000000 0.000000 -0.000000
1.000000 21.000000 4.000000 11.000000 3819.036759 0.005917 0.014392 0.000000 0.000000 -0.000000
1.000000 22.000000 4.000000 11.000000 3200.296452 0.004950 0.012015 0.000000 0.000000 0.000000
1.000000 23.000000 4.000000 11.000000 2785.804834 0.004305 0.010433 0.000000 0.000000 0.000000
1.000000 24.000000 4.000000 11.000000 2479.343681 0.003828 0.009268 0.000000 0.000000 0.000000
1.000000 1.000000 5.000000 11.000000 2225.926287 0.003435 0.008308 0.000000 0.000000 -0.000000
1.000000 2.000000 5.000000 11.000000 2034.604277 0.003138 0.007585 0.000000 0.000000 -0.000000
1.000000 3.000000 5.000000 11.000000 1920.580265 0.002961 0.007155 0.000000 0.000000 -0.000000
1.000000 4.000000 5.000000 11.000000 1802.105933 0.002778 0.006709 0.000000 0.000000 -0.000000
1.000000 5.000000 5.000000 11.000000 1712.604791 0.002639 0.006372 0.000000 0.000000 -0.000000
1.000000 6.000000 5.000000 11.000000 1637.061357 0.002523 0.006089 0.000000 0.000000 -0.000000
1.000000 7.000000 5.000000 11.000000 1644.815394 0.002535 0.006118 0.000000 0.000000 -0.000000
1.000000 8.000000 5.000000 11.000000 2789.199424 0.004310 0.010446 0.009068 0.000000 0.000000
1.000000 9.000000 5.000000 11.000000 3308.499031 0.005119 0.012429 0.010149 0.000000 0.000000
1.000000 10.000000 5.000000 11.000000 3075.466022 0.004756 0.011538 0.011538 0.000000 -92.263330
1.000000 11.000000 5.000000 11.000000 2583.490457 0.003990 0.009663 0.009663 0.000000 -2664.621992
1.000000 12.000000 5.000000 11.000000 2728.375536 0.004216 0.010214 0.010214 0.000000 -2117.776481
1.000000 13.000000 5.000000 11.000000 3118.305713 0.004823 0.011701 0.011701 0.000000 -961.578884
1.000000 14.000000 5.000000 11.000000 7544.860713 0.011798 0.029089 0.012419 0.000000 0.000000
1.000000 15.000000 5.000000 11.000000 21061.162472 0.034093 0.088625 0.034093 18450.241462 0.000000
1.000000 16.000000 5.000000 11.000000 41880.290352 0.071679 0.205123 0.071679 48034.815668 0.000000
1.000000 17.000000 5.000000 11.000000 55592.501292 0.098878 0.305242 0.098878 67722.900766 0.000000
1.000000 18.000000 5.000000 11.000000 51842.661253 0.091231 0.275532 0.091231 60779.889561 0.000000
1.000000 19.000000 5.000000 11.000000 80654.656105 0.154529 0.568658 0.000000 0.000000 0.000000
1.000000 20.000000 5.000000 11.000000 5142.464097 0.007993 0.019536 0.000000 0.000000 -0.000000
1.000000 21.000000 5.000000 11.000000 3605.869787 0.005583 0.013571 0.000000 0.000000 -0.000000
1.000000 22.000000 5.000000 11.000000 3052.030534 0.004719 0.011448 0.000000 0.000000 0.000000
1.000000 23.000000 5.000000 11.000000 2693.745651 0.004162 0.010082 0.000000 0.000000 0.000000
1.000000 24.000000 5.000000 11.000000 2405.524444 0.003714 0.008988 0.000000 0.000000 -0.000000
1.000000 1.000000 6.000000 11.000000 2171.278058 0.003350 0.008101 0.000000 0.000000 -0.000000
1.000000 2.000000 6.000000 11.000000 2007.135838 0.003096 0.007482 0.000000 0.000000 -0.000000
1.000000 3.000000 6.000000 11.000000 1863.069879 0.002872 0.006939 0.000000 0.000000 -0.000000
1.000000 4.000000 6.000000 11.000000 1744.452581 0.002689 0.006492 0.000000 0.000000 -0.000000
1.000000 5.000000 6.000000 11.000000 1666.688752 0.002568 0.006200 0.000000 0.000000 -0.000000
1.000000 6.000000 6.000000 11.000000 1599.772224 0.002465 0.005949 0.000000 0.000000 -0.000000
1.000000 7.000000 6.000000 11.000000 1612.427421 0.002484 0.005996 0.000000 0.000000 -0.000000
1.000000 8.000000 6.000000 11.000000 2806.301264 0.004337 0.010511 0.007726 0.000000 0.000000
1.000000 9.000000 6.000000 11.000000 3259.405659 0.005043 0.012241 0.008742 0.000000 0.000000
1.000000 10.000000 6.000000 11.000000 3128.061720 0.004838 0.011739 0.009603 0.000000 0.000000
1.000000 11.000000 6.000000 11.000000 2666.904329 0.004120 0.009980 0.009980 0.000000 -144.228794
1.000000 12.000000 6.000000 11.000000 2562.385825 0.003957 0.009583 0.009583 0.000000 -679.390227
1.000000 13.000000 6.000000 11.000000 2960.943992 0.004578 0.011100 0.011015 0.000000 0.000000
1.000000 14.000000 6.000000 11.000000 7129.515786 0.011137 0.027417 0.011137 677.983285 0.000000
1.000000 15.000000 6.000000 11.000000 19842.777620 0.032020 0.082816 0.032020 18518.697920 0.000000
1.000000 16.000000 6.000000 11.000000 39938.806806 0.067993 0.192668 0.067993 46430.911543 0.000000
1.000000 17.000000 6.000000 11.000000 52984.846670 0.093543 0.284378 0.093543 65455.633652 0.000000
1.000000 18.000000 6.000000 11.000000 49357.399028 0.086251 0.256868 0.086251 58473.354278 0.000000
1.000000 19.000000 6.000000 11.000000 77113.298536 0.146150 0.522707 0.000000 0.000000 0.000000
1.000000 20.000000 6.000000 11.000000 4803.803700 0.007461 0.018211 0.000000 0.000000 -0.000000
1.000000 21.000000 6.000000 11.000000 3346.918709 0.005179 0.012577 0.000000 0.000000 -0.000000
1.000000 22.000000 6.000000 11.000000 2842.839662 0.004394 0.010650 0.000000 0.000000 0.000000
1.000000 23.000000 6.000000 11.000000 2519.199953 0.003890 0.009419 0.000000 0.000000 0.000000
1.000000 24.000000 6.000000 11.000000 2263.013789 0.003492 0.008448 0.000000 0.000000 -0.000000
1.000000 1.000000 7.000000 11.000000 2060.439292 0.003178 0.007683 0.000000 0.000000 -0.000000
1.000000 2.000000 7.000000 11.000000 1908.849201 0.002943 0.007111 0.000000 0.000000 -0.000000
1.000000 3.000000 7.000000 11.000000 1789.021783 0.002758 0.006660 0.000000 0.000000 -0.000000
1.000000 4.000000 7.000000 11.000000 1684.259623 0.002596 0.006266 0.000000 0.000000 -0.000000
1.000000 5.000000 7.000000 11.000000 1613.717695 0.002486 0.006001 0.000000 0.000000 -0.000000
1.000000 6.000000 7.000000 11.000000 1574.753691 0.002426 0.005855 0.000000 0.000000 -0.000000
1.000000 7.000000 7.000000 11.000000 1584.153070 0.002441 0.005890 0.000000 0.000000 -0.000000
1.000000 8.000000 7.000000 11.000000 2853.808050 0.004411 0.010692 0.007018 0.000000 0.000000
1.000000 9.000000 7.000000 11.000000 3115.423736 0.004818 0.011690 0.008577 0.000000 0.000000
1.000000 10.000000 7.000000 11.000000 3220.431268 0.004982 0.012092 0.009904 0.000000 0.000000
1.000000 11.000000 7.000000 11.000000 2671.938503 0.004128 0.009999 0.009999 0.000000 -1567.339655
1.000000 12.000000 7.000000 11.000000 2546.230084 0.003932 0.009522 0.009522 0.000000 -1275.301921
1.000000 13.000000 7.000000 11.000000 2842.385948 0.004393 0.010648 0.010648 0.000000 -351.164983
1.000000 14.000000 7.000000 11.000000 6820.466640 0.010646 0.026178 0.010646 378.074353 0.000000
1.000000 15.000000 7.000000 11.000000 19356.182370 0.031195 0.080522 0.031195 17812.419128 0.000000
1.000000 16.000000 7.000000 11.000000 38765.055812 0.065783 0.185319 0.065783 45077.355272 0.000000
1.000000 17.000000 7.000000 11.000000 51104.419996 0.089744 0.269906 0.089744 62348.293212 0.000000
1.000000 18.000000 7.000000 11.000000 47362.911173 0.082304 0.242443 0.082304 55882.527096 0.000000
1.000000 19.000000 7.000000 11.000000 74375.384533 0.139795 0.489542 0.000000 0.000000 0.000000
1.000000 20.000000 7.000000 11.000000 4584.920053 0.007117 0.017358 0.000000 0.000000 -0.000000
1.000000 21.000000 7.000000 11.000000 3180.753323 0.004920 0.011940 0.000000 0.000000 -0.000000
1.000000 22.000000 7.000000 11.000000 2700.173268 0.004172 0.010107 0.000000 0.000000 0.000000
1.000000 23.000000 7.000000 11.000000 2378.264474 0.003671 0.008885 0.000000 0.000000 0.000000
1.000000 24.000000 7.000000 11.000000 2161.300906 0.003335 0.008064 0.000000 0.000000 0.000000
1.000000 1.000000 1.000000 11.000000 1979.435942 0.003053 0.007377 0.000000 0.000000 0.000000
1.000000 2.000000 1.000000 11.000000 1842.341821 0.002840 0.006861 0.000000 0.000000 -0.000000
1.000000 3.000000 1.000000 11.000000 1738.997683 0.002680 0.006472 0.000000 0.000000 -0.000000
1.000000 4.000000 1.000000 11.000000 1646.878797 0.002538 0.006126 0.000000 0.000000 -0.000000
1.000000 5.000000 1.000000 11.000000 1579.168416 0.002433 0.005871 0.000000 0.000000 -0.000000
1.000000 6.000000 1.000000 11.000000 1527.980876 0.002354 0.005679 0.000000 0.000000 -0.000000
1.000000 7.000000 1.000000 11.000000 1494.699763 0.002302 0.005554 0.000000 0.000000 -0.000000
1.000000 8.000000 1.000000 11.000000 2853.037492 0.004409 0.010689 0.009382 0.000000 0.000000
1.000000 9.000000 1.000000 11.000000 3424.097781 0.005300 0.012873 0.011362 0.000000 0.000000
1.000000 10.000000 1.000000 11.000000 2939.170156 0.004544 0.011017 0.009422 0.000000 0.000000
1.000000 11.000000 1.000000 11.000000 2478.295335 0.003827 0.009264 0.009264 0.000000 -1115.068861
1.000000 12.000000 1.000000 11.000000 2906.662670 0.004493 0.010893 0.010645 0.000000 0.000000
1.000000 13.000000 1.000000 11.000000 3356.554989 0.005194 0.012614 0.010649 0.000000 0.000000
1.000000 14.000000 1.000000 11.000000 8401.687978 0.013167 0.032565 0.013167 2073.979601 0.000000
1.000000 15.000000 1.000000 11.000000 23353.523966 0.038031 0.099820 0.038031 22862.860765 0.000000
1.000000 16.000000 1.000000 11.000000 46152.125012 0.079930 0.233914 0.079930 54983.060760 0.000000
1.000000 17.000000 1.000000 11.000000 60936.034394 0.110064 0.351145 0.110064 76778.438901 0.000000
1.000000 18.000000 1.000000 11.000000 56720.036573 0.101210 0.314564 0.101210 68278.792545 0.000000
1.000000 19.000000 1.000000 11.000000 86103.835185 0.167786 0.647044 0.000000 0.000000 0.000000
1.000000 20.000000 1.000000 11.000000 5512.267206 0.008576 0.020988 0.000000 0.000000 -0.000000
1.000000 21.000000 1.000000 11.000000 3816.994306 0.005914 0.014384 0.000000 0.000000 -0.000000
1.000000 22.000000 1.000000 11.000000 3198.131352 0.004947 0.012007 0.000000 0.000000 0.000000
1.000000 23.000000 1.000000 11.000000 2806.045817 0.004336 0.010510 0.000000 0.000000 0.000000
1.000000 24.000000 1.000000 11.000000 2506.084670 0.003870 0.009369 0.000000 0.000000 0.000000
1.000000 1.000000 2.000000 11.000000 2260.539416 0.003489 0.008439 0.000000 0.000000 0.000000
1.000000 2.000000 2.000000 11.000000 2060.122456 0.003178 0.007682 0.000000 0.000000 0.000000
1.000000 3.000000 2.000000 11.000000 1894.219849 0.002921 0.007056 0.000000 0.000000 0.000000
1.000000 4.000000 2.000000 11.000000 1744.844970 0.002689 0.006494 0.000000 0.000000 0.000000
1.000000 5.000000 2.000000 11.000000 1625.018615 0.002504 0.006043 0.000000 0.000000 -0.000000
1.000000 6.000000 2.000000 11.000000 1550.426727 0.002389 0.005763 0.000000 0.000000 -0.000000
1.000000 7.000000 2.000000 11.000000 1534.208030 0.002363 0.005703 0.000000 0.000000 0.000000
1.000000 8.000000 2.000000 11.000000 2838.797518 0.004387 0.010635 0.007603 0.000000 0.000000
1.000000 9.000000 2.000000 11.000000 3236.116817 0.005006 0.012152 0.007829 0.000000 0.000000
1.000000 10.000000 2.000000 11.000000 3092.859608 0.004783 0.011604 0.008454 0.000000 0.000000
1.000000 11.000000 2.000000 11.000000 2604.015772 0.004022 0.009741 0.009741 0.000000 -547.412171
1.000000 12.000000 2.000000 11.000000 2692.567704 0.004160 0.010078 0.010078 0.000000 -92.460685
1.000000 13.000000 2.000000 11.000000 3156.478939 0.004882 0.011847 0.010606 0.000000 0.000000
1.000000 14.000000 2.000000 11.000000 7832.213807 0.012257 0.030251 0.012257 391.499450 0.000000
1.000000 15.000000 2.000000 11.000000 21924.398834 0.035571 0.092800 0.035571 19617.808652 0.000000
1.000000 16.000000 2.000000 11.000000 43468.293907 0.074723 0.215597 0.074723 50952.721144 0.000000
1.000000 17.000000 2.000000 11.000000 57786.806164 0.103430 0.323557 0.103430 70905.449949 0.000000
1.000000 18.000000 2.000000 11.000000 53542.015071 0.094676 0.288756 0.094676 62924.956560 0.000000
1.000000 19.000000 2.000000 11.000000 83064.024963 0.160335 0.602089 0.000000 0.000000 0.000000
1.000000 20.000000 2.000000 11.000000 5288.406723 0.008223 0.020108 0.000000 0.000000 -0.000000
1.000000 21.000000 2.000000 11.000000 3683.703760 0.005705 0.013870 0.000000 0.000000 -0.000000
1.000000 22.000000 2.000000 11.000000 3147.607852 0.004868 0.011813 0.000000 0.000000 0.000000
1.000000 23.000000 2.000000 11.000000 2789.168568 0.004310 0.010446 0.000000 0.000000 -0.000000
1.000000 24.000000 2.000000 11.000000 2515.886583 0.003885 0.009407 0.000000 0.000000 -0.000000
1.000000 1.000000 3.000000 11.000000 2315.511986 0.003574 0.008647 0.000000 0.000000 -0.000000
1.000000 2.000000 3.000000 11.000000 2148.985776 0.003316 0.008017 0.000000 0.000000 -0.000000
1.000000 3.000000 3.000000 11.000000 2017.969778 0.003112 0.007522 0.000000 0.000000 -0.000000
1.000000 4.000000 3.000000 11.000000 1903.951905 0.002936 0.007093 0.000000 0.000000 -0.000000
1.000000 5.000000 3.000000 11.000000 1812.842005 0.002795 0.006750 0.000000 0.000000 -0.000000
1.000000 6.000000 3.000000 11.000000 1724.231835 0.002657 0.006416 0.000000 0.000000 -0.000000
1.000000 7.000000 3.000000 11.000000 1741.504779 0.002684 0.006481 0.000000 0.000000 -0.000000
1.000000 8.000000 3.000000 11.000000 2454.262862 0.003789 0.009173 0.000000 0.000000 -0.000000
1.000000 9.000000 3.000000 11.000000 3468.436852 0.005369 0.013043 0.000000 0.000000 -0.000000
1.000000 10.000000 3.000000 11.000000 4713.246733 0.007318 0.017858 0.000000 0.000000 -0.000000
1.000000 11.000000 3.000000 11.000000 6293.217574 0.009810 0.024076 0.000000 0.000000 -0.000000
1.000000 12.000000 3.000000 11.000000 7658.292994 0.011979 0.029547 0.000000 0.000000 -0.000000
1.000000 13.000000 3.000000 11.000000 8581.203537 0.013454 0.033298 0.000000 0.000000 -0.000000
1.000000 14.000000 3.000000 11.000000 20427.207781 0.033013 0.085591 0.000000 0.000000 0.000000
1.000000 15.000000 3.000000 11.000000 59076.187185 0.106132 0.334661 0.000000 0.000000 0.000000
1.000000 16.000000 3.000000 11.000000 119770.359667 0.260909 1.517110 0.000000 0.000000 0.000000
1.000000 17.000000 3.000000 11.000000 161697.417613 0.412868 14.012489 0.000000 0.000000 0.000000
1.000000 18.000000 3.000000 11.000000 155345.387797 0.386570 7.141730 0.000000 0.000000 0.000000
1.000000 19.000000 3.000000 11.000000 88441.034797 0.173611 0.683919 0.000000 0.000000 0.000000
1.000000 20.000000 3.000000 11.000000 5465.458800 0.008502 0.020804 0.000000 0.000000 -0.000000
1.000000 21.000000 3.000000 11.000000 3776.950806 0.005851 0.014230 0.000000 0.000000 -0.000000
1.000000 22.000000 3.000000 11.000000 3175.783488 0.004912 0.011921 0.000000 0.000000 -0.000000
1.000000 23.000000 3.000000 11.000000 2775.299038 0.004289 0.010393 0.000000 0.000000 -0.000000
1.000000 24.000000 3.000000 11.000000 2470.144913 0.003814 0.009233 0.000000 0.000000 -0.000000
1.000000 1.000000 4.000000 11.000000 2276.880524 0.003514 0.008501 0.000000 0.000000 -0.000000
1.000000 2.000000 4.000000 11.000000 2123.564434 0.003276 0.007921 0.000000 0.000000 -0.000000
1.000000 3.000000 4.000000 11.000000 1985.112716 0.003061 0.007399 0.000000 0.000000 -0.000000
1.000000 4.000000 4.000000 11.000000 1851.222691 0.002854 0.006894 0.000000 0.000000 -0.000000
1.000000 5.000000 4.000000 11.000000 1751.525933 0.002700 0.006519 0.000000 0.000000 -0.000000
1.000000 6.000000 4.000000 11.000000 1661.085296 0.002560 0.006179 0.000000 0.000000 -0.000000
1.000000 7.000000 4.000000 11.000000 1669.601551 0.002573 0.006211 0.000000 0.000000 -0.000000
1.000000 8.000000 4.000000 11.000000 2374.434003 0.003665 0.008870 0.000000 0.000000 -0.000000
1.000000 9.000000 4.000000 11.000000 3292.014180 0.005094 0.012366 0.000000 0.000000 -0.000000
1.000000 10.000000 4.000000 11.000000 4743.488852 0.007366 0.017976 0.000000 0.000000 -0.000000
1.000000 11.000000 4.000000 11.000000 6360.703448 0.009917 0.024345 0.000000 0.000000 -0.000000
1.000000 12.000000 4.000000 11.000000 7450.446589 0.011648 0.028708 0.000000 0.000000 -0.000000
1.000000 13.000000 4.000000 11.000000 8247.189438 0.012920 0.031936 0.000000 0.000000 -0.000000
1.000000 14.000000 4.000000 11.000000 19884.351398 0.032090 0.083012 0.000000 0.000000 0.000000
1.000000 15.000000 4.000000 11.000000 56428.173899 0.100605 0.312133 0.000000 0.000000 0.000000
1.000000 16.000000 4.000000 11.000000 115389.709014 0.247568 1.341909 0.000000 0.000000 0.000000
1.000000 17.000000 4.000000 11.000000 156403.693313 0.390858 7.800554 0.000000 0.000000 0.000000
1.000000 18.000000 4.000000 11.000000 150781.776647 0.368485 5.183502 0.000000 0.000000 0.000000
1.000000 19.000000 4.000000 11.000000 85855.709780 0.167172 0.643251 0.000000 0.000000 0.000000
1.000000 20.000000 4.000000 11.000000 5249.950046 0.008163 0.019957 0.000000 0.000000 -0.000000
1.000000 21.000000 4.000000 11.000000 3648.344246 0.005650 0.013734 0.000000 0.000000 -0.000000
1.000000 22.000000 4.000000 11.000000 3081.188529 0.004765 0.011560 0.000000 0.000000 0.000000
1.000000 23.000000 4.000000 11.000000 2707.232549 0.004183 0.010134 0.000000 0.000000 0.000000
1.000000 24.000000 4.000000 11.000000 2423.081426 0.003741 0.009055 0.000000 0.000000 0.000000
1.000000 1.000000 5.000000 11.000000 2217.548244 0.003422 0.008276 0.000000 0.000000 -0.000000
1.000000 2.000000 5.000000 11.000000 2052.088406 0.003165 0.007651 0.000000 0.000000 -0.000000
1.000000 3.000000 5.000000 11.000000 1934.530501 0.002983 0.007208 0.000000 0.000000 -0.000000
1.000000 4.000000 5.000000 11.000000 1822.848775 0.002810 0.006787 0.000000 0.000000 -0.000000
1.000000 5.000000 5.000000 11.000000 1742.463140 0.002686 0.006485 0.000000 0.000000 -0.000000
1.000000 6.000000 5.000000 11.000000 1670.444187 0.002574 0.006214 0.000000 0.000000 -0.000000
1.000000 7.000000 5.000000 11.000000 1684.331274 0.002596 0.006266 0.000000 0.000000 -0.000000
1.000000 8.000000 5.000000 11.000000 2793.876772 0.004317 0.010464 0.008317 0.000000 0.000000
1.000000 9.000000 5.000000 11.000000 3178.102474 0.004916 0.011930 0.010648 0.000000 0.000000
1.000000 10.000000 5.000000 11.000000 3086.489953 0.004773 0.011580 0.011580 0.000000 -619.000210
1.000000 11.000000 5.000000 11.000000 2624.927051 0.004055 0.009821 0.009821 0.000000 -1996.452326
1.000000 12.000000 5.000000 11.000000 2601.252387 0.004018 0.009731 0.009731 0.000000 -2200.162803
1.000000 13.000000 5.000000 11.000000 2967.652684 0.004588 0.011126 0.011126 0.000000 -1361.573545
1.000000 14.000000 5.000000 11.000000 7204.563604 0.011257 0.027718 0.011669 0.000000 0.000000
1.000000 15.000000 5.000000 11.000000 20326.286870 0.032841 0.085110 0.032841 17780.476765 0.000000
1.000000 16.000000 5.000000 11.000000 41055.551615 0.070108 0.199786 0.070108 47118.971885 0.000000
1.000000 17.000000 5.000000 11.000000 55463.550027 0.098613 0.304187 0.098613 67782.469452 0.000000
1.000000 18.000000 5.000000 11.000000 52258.337302 0.092070 0.278731 0.092070 61264.204041 0.000000
1.000000 19.000000 5.000000 11.000000 80786.652535 0.154845 0.570442 0.000000 0.000000 0.000000
1.000000 20.000000 5.000000 11.000000 5147.992079 0.008002 0.019557 0.000000 0.000000 -0.000000
1.000000 21.000000 5.000000 11.000000 3609.648314 0.005589 0.013585 0.000000 0.000000 -0.000000
1.000000 22.000000 5.000000 11.000000 3065.606329 0.004741 0.011500 0.000000 0.000000 0.000000
1.000000 23.000000 5.000000 11.000000 2701.622959 0.004174 0.010112 0.000000 0.000000 0.000000
1.000000 24.000000 5.000000 11.000000 2402.929874 0.003710 0.008978 0.000000 0.000000 -0.000000
1.000000 1.000000 6.000000 11.000000 2202.257963 0.003398 0.008219 0.000000 0.000000 -0.000000
1.000000 2.000000 6.000000 11.000000 2039.082518 0.003145 0.007602 0.000000 0.000000 -0.000000
1.000000 3.000000 6.000000 11.000000 1890.909993 0.002916 0.007043 0.000000 0.000000 -0.000000
1.000000 4.000000 6.000000 11.000000 1760.394157 0.002713 0.006552 0.000000 0.000000 -0.000000
1.000000 5.000000 6.000000 11.000000 1682.040296 0.002592 0.006258 0.000000 0.000000 -0.000000
1.000000 6.000000 6.000000 11.000000 1604.287947 0.002472 0.005966 0.000000 0.000000 -0.000000
1.000000 7.000000 6.000000 11.000000 1627.300460 0.002507 0.006052 0.000000 0.000000 -0.000000
1.000000 8.000000 6.000000 11.000000 2808.395862 0.004340 0.010519 0.007357 0.000000 0.000000
1.000000 9.000000 6.000000 11.000000 3187.093722 0.004930 0.011964 0.008651 0.000000 0.000000
1.000000 10.000000 6.000000 11.000000 3118.384264 0.004823 0.011702 0.010406 0.000000 0.000000
1.000000 11.000000 6.000000 11.000000 2628.353780 0.004060 0.009834 0.009834 0.000000 -459.106092
1.000000 12.000000 6.000000 11.000000 2637.089006 0.004074 0.009867 0.009867 0.000000 -863.552292
1.000000 13.000000 6.000000 11.000000 2991.659575 0.004625 0.011218 0.010889 0.000000 0.000000
1.000000 14.000000 6.000000 11.000000 7292.286533 0.011396 0.028071 0.011396 1217.089321 0.000000
1.000000 15.000000 6.000000 11.000000 20375.027061 0.032924 0.085342 0.032924 19357.398834 0.000000
1.000000 16.000000 6.000000 11.000000 40806.334418 0.069635 0.198187 0.069635 48243.162285 0.000000
1.000000 17.000000 6.000000 11.000000 54714.777418 0.097074 0.298113 0.097074 67873.036378 0.000000
1.000000 18.000000 6.000000 11.000000 51616.386704 0.090774 0.273800 0.090774 61851.439173 0.000000
1.000000 19.000000 6.000000 11.000000 80785.250895 0.154842 0.570423 0.000000 0.000000 0.000000
1.000000 20.000000 6.000000 11.000000 5132.789128 0.007978 0.019498 0.000000 0.000000 -0.000000
1.000000 21.000000 6.000000 11.000000 3583.547996 0.005549 0.013485 0.000000 0.000000 -0.000000
1.000000 22.000000 6.000000 11.000000 3028.831544 0.004683 0.011360 0.000000 0.000000 0.000000
1.000000 23.000000 6.000000 11.000000 2650.860255 0.004095 0.009919 0.000000 0.000000 0.000000
1.000000 24.000000 6.000000 11.000000 2363.964393 0.003649 0.008831 0.000000 0.000000 -0.000000
1.000000 1.000000 7.000000 11.000000 2147.406745 0.003313 0.008011 0.000000 0.000000 -0.000000
1.000000 2.000000 7.000000 11.000000 1989.041356 0.003068 0.007413 0.000000 0.000000 -0.000000
1.000000 3.000000 7.000000 11.000000 1862.889961 0.002872 0.006938 0.000000 0.000000 -0.000000
1.000000 4.000000 7.000000 11.000000 1765.410963 0.002721 0.006571 0.000000 0.000000 -0.000000
1.000000 5.000000 7.000000 11.000000 1679.193083 0.002588 0.006247 0.000000 0.000000 -0.000000
1.000000 6.000000 7.000000 11.000000 1603.461554 0.002471 0.005962 0.000000 0.000000 -0.000000
1.000000 7.000000 7.000000 11.000000 1617.196713 0.002492 0.006014 0.000000 0.000000 -0.000000
1.000000 8.000000 7.000000 11.000000 2796.602019 0.004322 0.010474 0.007638 0.000000 0.000000
1.000000 9.000000 7.000000 11.000000 3096.680696 0.004789 0.011619 0.008416 0.000000 0.000000
1.000000 10.000000 7.000000 11.000000 3134.407995 0.004848 0.011763 0.010729 0.000000 0.000000
1.000000 11.000000 7.000000 11.000000 2629.093851 0.004061 0.009837 0.009837 0.000000 -619.892752
1.000000 12.000000 7.000000 11.000000 2606.825400 0.004027 0.009752 0.009752 0.000000 -1424.454102
1.000000 13.000000 7.000000 11.000000 2951.631403 0.004563 0.011065 0.011065 0.000000 -183.879573
1.000000 14.000000 7.000000 11.000000 7259.715120 0.011344 0.027940 0.011344 1013.795345 0.000000
1.000000 15.000000 7.000000 11.000000 20499.368973 0.033136 0.085935 0.033136 19332.262937 0.000000
1.000000 16.000000 7.000000 11.000000 40747.969776 0.069524 0.197813 0.069524 48086.947151 0.000000
1.000000 17.000000 7.000000 11.000000 53921.363029 0.095450 0.291762 0.095450 66285.409698 0.000000
1.000000 18.000000 7.000000 11.000000 50061.187907 0.087654 0.262074 0.087654 59301.955387 0.000000
1.000000 19.000000 7.000000 11.000000 78292.049330 0.148919 0.537603 0.000000 0.000000 0.000000
1.000000 20.000000 7.000000 11.000000 4936.434643 0.007669 0.018729 0.000000 0.000000 -0.000000
1.000000 21.000000 7.000000 11.000000 3449.704382 0.005340 0.012971 0.000000 0.000000 -0.000000
1.000000 22.000000 7.000000 11.000000 2935.924106 0.004539 0.011005 0.000000 0.000000 0.000000
1.000000 23.000000 7.000000 11.000000 2571.884832 0.003972 0.009619 0.000000 0.000000 0.000000
1.000000 24.000000 7.000000 11.000000 2314.707239 0.003573 0.008644 0.000000 0.000000 0.000000
1.000000 1.000000 1.000000 11.000000 2122.589122 0.003275 0.007917 0.000000 0.000000 -0.000000
1.000000 2.000000 1.000000 11.000000 1967.084639 0.003034 0.007331 0.000000 0.000000 -0.000000
1.000000 3.000000 1.000000 11.000000 1838.038765 0.002834 0.006844 0.000000 0.000000 -0.000000
1.000000 4.000000 1.000000 11.000000 1732.424800 0.002670 0.006447 0.000000 0.000000 -0.000000
1.000000 5.000000 1.000000 11.000000 1637.840548 0.002524 0.006092 0.000000 0.000000 -0.000000
1.000000 6.000000 1.000000 11.000000 1570.019512 0.002419 0.005837 0.000000 0.000000 -0.000000
1.000000 7.000000 1.000000 11.000000 1556.277050 0.002398 0.005785 0.000000 0.000000 -0.000000
1.000000 8.000000 1.000000 11.000000 2867.081568 0.004431 0.010742 0.008950 0.000000 0.000000
1.000000 9.000000 1.000000 11.000000 3082.327902 0.004767 0.011564 0.010188 0.000000 0.000000
1.000000 10.000000 1.000000 11.000000 3152.179772 0.004875 0.011831 0.011693 0.000000 0.000000
1.000000 11.000000 1.000000 11.000000 2654.900039 0.004101 0.009935 0.009935 0.000000 -1610.830130
1.000000 12.000000 1.000000 11.000000 2596.782554 0.004011 0.009714 0.009714 0.000000 -2291.726142
1.000000 13.000000 1.000000 11.000000 2993.356669 0.004628 0.011224 0.011224 0.000000 -294.984860
1.000000 14.000000 1.000000 11.000000 7374.676644 0.011527 0.028403 0.011527 523.229387 0.000000
1.000000 15.000000 1.000000 11.000000 20773.487797 0.033603 0.087245 0.033603 18942.231767 0.000000
1.000000 16.000000 1.000000 11.000000 41268.257823 0.070513 0.201156 0.070513 47821.503524 0.000000
1.000000 17.000000 1.000000 11.000000 54784.672312 0.097217 0.298676 0.097217 67002.880130 0.000000
1.000000 18.000000 1.000000 11.000000 51063.962375 0.089663 0.269599 0.089663 59991.217725 0.000000
1.000000 19.000000 1.000000 11.000000 80519.217797 0.154205 0.566833 0.000000 0.000000 0.000000
1.000000 20.000000 1.000000 11.000000 5099.834767 0.007926 0.019369 0.000000 0.000000 -0.000000
1.000000 21.000000 1.000000 11.000000 3550.782956 0.005497 0.013359 0.000000 0.000000 -0.000000
1.000000 22.000000 1.000000 11.000000 3018.260925 0.004667 0.011319 0.000000 0.000000 0.000000
1.000000 23.000000 1.000000 11.000000 2652.848354 0.004098 0.009927 0.000000 0.000000 0.000000
1.000000 24.000000 1.000000 11.000000 2388.592523 0.003687 0.008924 0.000000 0.000000 0.000000
1.000000 1.000000 2.000000 11.000000 2169.656000 0.003348 0.008095 0.000000 0.000000 0.000000
1.000000 2.000000 2.000000 11.000000 1994.433513 0.003076 0.007434 0.000000 0.000000 -0.000000
1.000000 3.000000 2.000000 11.000000 1841.080376 0.002838 0.006856 0.000000 0.000000 -0.000000
1.000000 4.000000 2.000000 11.000000 1715.191307 0.002643 0.006382 0.000000 0.000000 -0.000000
1.000000 5.000000 2.000000 11.000000 1608.707788 0.002479 0.005982 0.000000 0.000000 -0.000000
1.000000 6.000000 2.000000 11.000000 1523.742878 0.002347 0.005663 0.000000 0.000000 -0.000000
1.000000 7.000000 2.000000 11.000000 1523.639885 0.002347 0.005663 0.000000 0.000000 -0.000000
1.000000 8.000000 2.000000 11.000000 2819.589006 0.004357 0.010561 0.009554 0.000000 0.000000
1.000000 9.000000 2.000000 11.000000 3358.833673 0.005198 0.012622 0.010150 0.000000 0.000000
1.000000 10.000000 2.000000 11.000000 2982.768350 0.004611 0.011184 0.010881 0.000000 0.000000
1.000000 11.000000 2.000000 11.000000 2514.671405 0.003883 0.009402 0.009402 0.000000 -1385.828684
1.000000 12.000000 2.000000 11.000000 2845.476179 0.004398 0.010660 0.010660 0.000000 -959.012016
1.000000 13.000000 2.000000 11.000000 3313.887537 0.005128 0.012450 0.011752 0.000000 0.000000
1.000000 14.000000 2.000000 11.000000 8190.286811 0.012829 0.031704 0.012829 1077.049724 0.000000
1.000000 15.000000 2.000000 11.000000 22904.815233 0.037257 0.097601 0.037257 21267.793361 0.000000
1.000000 16.000000 2.000000 11.000000 45327.422433 0.078322 0.228201 0.078322 53216.700207 0.000000
1.000000 17.000000 2.000000 11.000000 60050.071691 0.108186 0.343222 0.108186 74911.676571 0.000000
1.000000 18.000000 2.000000 11.000000 55635.902935 0.098968 0.305597 0.098968 66061.725786 0.000000
1.000000 19.000000 2.000000 11.000000 86543.217799 0.168874 0.653817 0.000000 0.000000 0.000000
1.000000 20.000000 2.000000 11.000000 5635.372629 0.008770 0.021473 0.000000 0.000000 -0.000000
1.000000 21.000000 2.000000 11.000000 3929.607365 0.006090 0.014818 0.000000 0.000000 -0.000000
1.000000 22.000000 2.000000 11.000000 3314.937765 0.005129 0.012454 0.000000 0.000000 0.000000
1.000000 23.000000 2.000000 11.000000 2893.356688 0.004472 0.010843 0.000000 0.000000 0.000000
1.000000 24.000000 2.000000 11.000000 2579.567923 0.003984 0.009648 0.000000 0.000000 0.000000
1.000000 1.000000 3.000000 11.000000 2353.564446 0.003633 0.008791 0.000000 0.000000 -0.000000
1.000000 2.000000 3.000000 11.000000 2170.058715 0.003348 0.008097 0.000000 0.000000 -0.000000
1.000000 3.000000 3.000000 11.000000 2012.030643 0.003103 0.007500 0.000000 0.000000 -0.000000
1.000000 4.000000 3.000000 11.000000 1887.506769 0.002910 0.007031 0.000000 0.000000 -0.000000
1.000000 5.000000 3.000000 11.000000 1780.315133 0.002744 0.006627 0.000000 0.000000 -0.000000
1.000000 6.000000 3.000000 11.000000 1688.473826 0.002602 0.006282 0.000000 0.000000 -0.000000
1.000000 7.000000 3.000000 11.000000 1696.445235 0.002614 0.006312 0.000000 0.000000 -0.000000
1.000000 8.000000 3.000000 11.000000 2510.079713 0.003876 0.009385 0.000000 0.000000 -0.000000
1.000000 9.000000 3.000000 11.000000 3680.894249 0.005701 0.013860 0.000000 0.000000 -0.000000
1.000000 10.000000 3.000000 11.000000 5146.621095 0.008000 0.019552 0.000000 0.000000 -0.000000
1.000000 11.000000 3.000000 11.000000 6954.879328 0.010860 0.026716 0.000000 0.000000 -0.000000
1.000000 12.000000 3.000000 11.000000 8188.885674 0.012826 0.031698 0.000000 0.000000 -0.000000
1.000000 13.000000 3.000000 11.000000 9306.934393 0.014619 0.036279 0.000000 0.000000 -0.000000
1.000000 14.000000 3.000000 11.000000 22624.381108 0.036774 0.096221 0.000000 0.000000 0.000000
1.000000 15.000000 3.000000 11.000000 63901.379481 0.116423 0.378635 0.000000 0.000000 0.000000
1.000000 16.000000 3.000000 11.000000 127726.245101 0.286215 1.930696 0.000000 0.000000 0.000000
1.000000 17.000000 3.000000 11.000000 171523.166898 0.456364 -40.287268 0.000000 0.000000 -0.000000
1.000000 18.000000 3.000000 11.000000 163843.936212 0.422068 20.256338 0.000000 0.000000 0.000000
1.000000 19.000000 3.000000 11.000000 93802.506322 0.187305 0.777184 0.000000 0.000000 0.000000
1.000000 20.000000 3.000000 11.000000 5905.117925 0.009196 0.022538 0.000000 0.000000 -0.000000
1.000000 21.000000 3.000000 11.000000 4075.609753 0.006318 0.015383 0.000000 0.000000 -0.000000
1.000000 22.000000 3.000000 11.000000 3435.806133 0.005318 0.012918 0.000000 0.000000 0.000000
1.000000 23.000000 3.000000 11.000000 2990.647088 0.004624 0.011214 0.000000 0.000000 0.000000
1.000000 24.000000 3.000000 11.000000 2660.776741 0.004110 0.009957 0.000000 0.000000 0.000000
1.000000 1.000000 4.000000 11.000000 2419.257852 0.003735 0.009040 0.000000 0.000000 0.000000
1.000000 2.000000 4.000000 11.000000 2226.886798 0.003436 0.008312 0.000000 0.000000 -0.000000
1.000000 3.000000 4.000000 11.000000 2067.173515 0.003189 0.007708 0.000000 0.000000 -0.000000
1.000000 4.000000 4.000000 11.000000 1928.934476 0.002974 0.007187 0.000000 0.000000 -0.000000
1.000000 5.000000 4.000000 11.000000 1813.587728 0.002796 0.006752 0.000000 0.000000 -0.000000
1.000000 6.000000 4.000000 11.000000 1721.043729 0.002652 0.006404 0.000000 0.000000 -0.000000
1.000000 7.000000 4.000000 11.000000 1726.295983 0.002661 0.006424 0.000000 0.000000 -0.000000
1.000000 8.000000 4.000000 11.000000 2537.582564 0.003919 0.009489 0.000000 0.000000 -0.000000
1.000000 9.000000 4.000000 11.000000 3742.070124 0.005796 0.014095 0.000000 0.000000 -0.000000
1.000000 10.000000 4.000000 11.000000 5144.647457 0.007997 0.019544 0.000000 0.000000 -0.000000
1.000000 11.000000 4.000000 11.000000 7020.727669 0.010964 0.026980 0.000000 0.000000 -0.000000
1.000000 12.000000 4.000000 11.000000 8419.260937 0.013195 0.032637 0.000000 0.000000 -0.000000
1.000000 13.000000 4.000000 11.000000 9605.208434 0.015099 0.037511 0.000000 0.000000 -0.000000
1.000000 14.000000 4.000000 11.000000 23105.880211 0.037604 0.098593 0.000000 0.000000 0.000000
1.000000 15.000000 4.000000 11.000000 64457.178145 0.117627 0.383961 0.000000 0.000000 0.000000
1.000000 16.000000 4.000000 11.000000 129093.709726 0.290711 2.018444 0.000000 0.000000 0.000000
1.000000 17.000000 4.000000 11.000000 173547.324149 0.465783 -23.103370 0.000000 0.000000 -0.000000
1.000000 18.000000 4.000000 11.000000 166103.424455 0.431931 37.277111 0.000000 0.000000 0.000000
1.000000 19.000000 4.000000 11.000000 95496.186223 0.191730 0.809479 0.000000 0.000000 0.000000
1.000000 20.000000 4.000000 11.000000 6025.230352 0.009386 0.023013 0.000000 0.000000 -0.000000
1.000000 21.000000 4.000000 11.000000 4152.431593 0.006439 0.015680 0.000000 0.000000 -0.000000
1.000000 22.000000 4.000000 11.000000 3480.283427 0.005387 0.013088 0.000000 0.000000 0.000000
1.000000 23.000000 4.000000 11.000000 3025.934605 0.004679 0.011348 0.000000 0.000000 0.000000
1.000000 24.000000 4.000000 11.000000 2700.485276 0.004172 0.010108 0.000000 0.000000 0.000000
1.000000 1.000000 5.000000 11.000000 2426.233186 0.003746 0.009067 0.000000 0.000000 -0.000000
1.000000 2.000000 5.000000 11.000000 2207.929365 0.003407 0.008240 0.000000 0.000000 -0.000000
1.000000 3.000000 5.000000 11.000000 2049.070280 0.003161 0.007640 0.000000 0.000000 -0.000000
1.000000 4.000000 5.000000 11.000000 1922.758412 0.002965 0.007163 0.000000 0.000000 -0.000000
1.000000 5.000000 5.000000 11.000000 1810.294254 0.002791 0.006740 0.000000 0.000000 -0.000000
1.000000 6.000000 5.000000 11.000000 1740.302206 0.002682 0.006477 0.000000 0.000000 -0.000000
1.000000 7.000000 5.000000 11.000000 1731.944967 0.002669 0.006445 0.000000 0.000000 -0.000000
1.000000 8.000000 5.000000 11.000000 2710.631021 0.004188 0.010147 0.008965 0.000000 0.000000
1.000000 9.000000 5.000000 11.000000 3436.241350 0.005319 0.012919 0.011005 0.000000 0.000000
1.000000 10.000000 5.000000 11.000000 3009.662333 0.004653 0.011286 0.011286 0.000000 -539.474292
1.000000 11.000000 5.000000 11.000000 2546.488139 0.003933 0.009523 0.009523 0.000000 -2424.760055
1.000000 12.000000 5.000000 11.000000 2724.848147 0.004210 0.010201 0.010201 0.000000 -1679.830335
1.000000 13.000000 5.000000 11.000000 3109.049384 0.004808 0.011666 0.011666 0.000000 -678.816436
1.000000 14.000000 5.000000 11.000000 7540.777265 0.011792 0.029072 0.011792 127.149799 0.000000
1.000000 15.000000 5.000000 11.000000 20859.639696 0.033750 0.087658 0.033750 18732.839451 0.000000
1.000000 16.000000 5.000000 11.000000 41981.922477 0.071873 0.205786 0.071873 48413.384740 0.000000
1.000000 17.000000 5.000000 11.000000 55942.376614 0.099600 0.308114 0.099600 68705.561242 0.000000
1.000000 18.000000 5.000000 11.000000 52401.475799 0.092360 0.279838 0.092360 61618.603717 0.000000
1.000000 19.000000 5.000000 11.000000 81742.637450 0.157140 0.583525 0.000000 0.000000 0.000000
1.000000 20.000000 5.000000 11.000000 5178.239650 0.008050 0.019676 0.000000 0.000000 -0.000000
1.000000 21.000000 5.000000 11.000000 3597.953532 0.005571 0.013540 0.000000 0.000000 -0.000000
1.000000 22.000000 5.000000 11.000000 3046.214152 0.004710 0.011426 0.000000 0.000000 0.000000
1.000000 23.000000 5.000000 11.000000 2676.203304 0.004134 0.010016 0.000000 0.000000 0.000000
1.000000 24.000000 5.000000 11.000000 2410.138918 0.003721 0.009006 0.000000 0.000000 0.000000
1.000000 1.000000 6.000000 11.000000 2203.664752 0.003400 0.008224 0.000000 0.000000 -0.000000
1.000000 2.000000 6.000000 11.000000 2050.419275 0.003163 0.007645 0.000000 0.000000 -0.000000
1.000000 3.000000 6.000000 11.000000 1935.474969 0.002985 0.007211 0.000000 0.000000 -0.000000
1.000000 4.000000 6.000000 11.000000 1846.199600 0.002846 0.006875 0.000000 0.000000 -0.000000
1.000000 5.000000 6.000000 11.000000 1774.027732 0.002735 0.006603 0.000000 0.000000 -0.000000
1.000000 6.000000 6.000000 11.000000 1720.069462 0.002651 0.006401 0.000000 0.000000 -0.000000
1.000000 7.000000 6.000000 11.000000 1721.492812 0.002653 0.006406 0.000000 0.000000 -0.000000
1.000000 8.000000 6.000000 11.000000 2687.501629 0.004152 0.010059 0.007895 0.000000 0.000000
1.000000 9.000000 6.000000 11.000000 3507.877033 0.005430 0.013194 0.009289 0.000000 0.000000
1.000000 10.000000 6.000000 11.000000 2994.426159 0.004630 0.011228 0.010707 0.000000 0.000000
1.000000 11.000000 6.000000 11.000000 2519.479027 0.003891 0.009420 0.009420 0.000000 -1618.106974
1.000000 12.000000 6.000000 11.000000 2757.346955 0.004261 0.010324 0.010324 0.000000 -448.904965
1.000000 13.000000 6.000000 11.000000 3165.599768 0.004896 0.011882 0.011217 0.000000 0.000000
1.000000 14.000000 6.000000 11.000000 7403.260486 0.011573 0.028518 0.011573 1047.981350 0.000000
1.000000 15.000000 6.000000 11.000000 20778.387316 0.033611 0.087268 0.033611 19827.165991 0.000000
1.000000 16.000000 6.000000 11.000000 42141.177736 0.072177 0.206826 0.072177 49977.390884 0.000000
1.000000 17.000000 6.000000 11.000000 56230.724459 0.100196 0.310495 0.100196 70620.035072 0.000000
1.000000 18.000000 6.000000 11.000000 52804.580291 0.093177 0.282970 0.093177 62987.937025 0.000000
1.000000 19.000000 6.000000 11.000000 81867.481090 0.157441 0.585255 0.000000 0.000000 0.000000
1.000000 20.000000 6.000000 11.000000 5272.684793 0.008198 0.020046 0.000000 0.000000 -0.000000
1.000000 21.000000 6.000000 11.000000 3676.148109 0.005693 0.013841 0.000000 0.000000 -0.000000
1.000000 22.000000 6.000000 11.000000 3136.685940 0.004851 0.011772 0.000000 0.000000 0.000000
1.000000 23.000000 6.000000 11.000000 2809.252741 0.004341 0.010522 0.000000 0.000000 0.000000
1.000000 24.000000 6.000000 11.000000 2555.952648 0.003947 0.009559 0.000000 0.000000 0.000000
1.000000 1.000000 7.000000 11.000000 2353.909320 0.003634 0.008792 0.000000 0.000000 -0.000000
1.000000 2.000000 7.000000 11.000000 2201.495934 0.003397 0.008216 0.000000 0.000000 -0.000000
1.000000 3.000000 7.000000 11.000000 2062.848680 0.003182 0.007692 0.000000 0.000000 -0.000000
1.000000 4.000000 7.000000 11.000000 1944.313080 0.002998 0.007245 0.000000 0.000000 -0.000000
1.000000 5.000000 7.000000 11.000000 1858.804536 0.002866 0.006923 0.000000 0.000000 -0.000000
1.000000 6.000000 7.000000 11.000000 1778.972246 0.002742 0.006622 0.000000 0.000000 -0.000000
1.000000 7.000000 7.000000 11.000000 1779.897152 0.002744 0.006626 0.000000 0.000000 -0.000000
1.000000 8.000000 7.000000 11.000000 2670.945606 0.004126 0.009996 0.007251 0.000000 0.000000
1.000000 9.000000 7.000000 11.000000 3443.700052 0.005330 0.012948 0.008441 0.000000 0.000000
1.000000 10.000000 7.000000 11.000000 3053.683147 0.004722 0.011454 0.009920 0.000000 0.000000
1.000000 11.000000 7.000000 11.000000 2523.721779 0.003897 0.009436 0.009436 0.000000 -3259.708429
1.000000 12.000000 7.000000 11.000000 2858.199196 0.004418 0.010709 0.010709 0.000000 -2303.100174
1.000000 13.000000 7.000000 11.000000 3287.752189 0.005087 0.012350 0.011575 0.000000 0.000000
1.000000 14.000000 7.000000 11.000000 8096.427779 0.012679 0.031322 0.012679 1058.609570 0.000000
1.000000 15.000000 7.000000 11.000000 22887.096845 0.037226 0.097513 0.037226 21485.464054 0.000000
1.000000 16.000000 7.000000 11.000000 45491.516785 0.078641 0.229332 0.078641 54312.954091 0.000000
1.000000 17.000000 7.000000 11.000000 60419.845897 0.108969 0.346513 0.108969 76234.023171 0.000000
1.000000 18.000000 7.000000 11.000000 56974.521409 0.101739 0.316693 0.101739 69055.992974 0.000000
1.000000 19.000000 7.000000 11.000000 88882.743272 0.174722 0.691130 0.000000 0.000000 0.000000
1.000000 20.000000 7.000000 11.000000 5866.010766 0.009135 0.022383 0.000000 0.000000 -0.000000
1.000000 21.000000 7.000000 11.000000 4073.675649 0.006315 0.015375 0.000000 0.000000 -0.000000
1.000000 22.000000 7.000000 11.000000 3437.959792 0.005321 0.012926 0.000000 0.000000 0.000000
1.000000 23.000000 7.000000 11.000000 3010.392874 0.004655 0.011289 0.000000 0.000000 -0.000000
1.000000 24.000000 7.000000 11.000000 2679.463621 0.004139 0.010028 0.000000 0.000000 -0.000000
1.000000 1.000000 1.000000 11.000000 2434.617548 0.003759 0.009098 0.000000 0.000000 -0.000000
1.000000 2.000000 1.000000 11.000000 2269.224758 0.003502 0.008472 0.000000 0.000000 -0.000000
1.000000 3.000000 1.000000 11.000000 2128.087184 0.003283 0.007938 0.000000 0.000000 -0.000000
1.000000 4.000000 1.000000 11.000000 2003.615012 0.003090 0.007468 0.000000 0.000000 -0.000000
1.000000 5.000000 1.000000 11.000000 1898.677295 0.002928 0.007073 0.000000 0.000000 -0.000000
1.000000 6.000000 1.000000 11.000000 1806.559203 0.002785 0.006726 0.000000 0.000000 -0.000000
1.000000 7.000000 1.000000 11.000000 1788.365299 0.002757 0.006657 0.000000 0.000000 -0.000000
1.000000 8.000000 1.000000 11.000000 2646.165627 0.004088 0.009902 0.009500 0.000000 0.000000
1.000000 9.000000 1.000000 11.000000 3525.823497 0.005458 0.013263 0.011379 0.000000 0.000000
1.000000 10.000000 1.000000 11.000000 2956.553628 0.004571 0.011084 0.011084 0.000000 -794.576136
1.000000 11.000000 1.000000 11.000000 2516.589200 0.003886 0.009409 0.009409 0.000000 -2662.218646
1.000000 12.000000 1.000000 11.000000 2772.254779 0.004284 0.010381 0.010381 0.000000 -1840.008216
1.000000 13.000000 1.000000 11.000000 3170.443468 0.004904 0.011901 0.011901 0.000000 -615.748362
1.000000 14.000000 1.000000 11.000000 7805.223740 0.012214 0.030141 0.012214 37.111783 0.000000
1.000000 15.000000 1.000000 11.000000 21721.051638 0.035222 0.091812 0.035222 19460.853018 0.000000
1.000000 16.000000 1.000000 11.000000 43365.450542 0.074525 0.214910 0.074525 50372.173017 0.000000
1.000000 17.000000 1.000000 11.000000 57152.780456 0.102109 0.318191 0.102109 70529.147894 0.000000
1.000000 18.000000 1.000000 11.000000 53844.695245 0.095293 0.291153 0.095293 63120.300286 0.000000
1.000000 19.000000 1.000000 11.000000 84502.296378 0.163843 0.622955 0.000000 0.000000 0.000000
1.000000 20.000000 1.000000 11.000000 5479.373908 0.008524 0.020858 0.000000 0.000000 -0.000000
1.000000 21.000000 1.000000 11.000000 3815.940106 0.005912 0.014380 0.000000 0.000000 -0.000000
1.000000 22.000000 1.000000 11.000000 3231.668257 0.004999 0.012135 0.000000 0.000000 -0.000000
1.000000 23.000000 1.000000 11.000000 2838.049302 0.004386 0.010632 0.000000 0.000000 0.000000
1.000000 24.000000 1.000000 11.000000 2524.895804 0.003899 0.009441 0.000000 0.000000 0.000000
1.000000 1.000000 2.000000 11.000000 2303.315044 0.003555 0.008601 0.000000 0.000000 -0.000000
1.000000 2.000000 2.000000 11.000000 2128.941689 0.003284 0.007941 0.000000 0.000000 -0.000000
1.000000 3.000000 2.000000 11.000000 1981.910530 0.003057 0.007386 0.000000 0.000000 -0.000000
1.000000 4.000000 2.000000 11.000000 1879.412403 0.002898 0.007000 0.000000 0.000000 -0.000000
1.000000 5.000000 2.000000 11.000000 1795.105225 0.002767 0.006683 0.000000 0.000000 -0.000000
1.000000 6.000000 2.000000 11.000000 1705.632537 0.002629 0.006346 0.000000 0.000000 -0.000000
1.000000 7.000000 2.000000 11.000000 1718.081642 0.002648 0.006393 0.000000 0.000000 -0.000000
1.000000 8.000000 2.000000 11.000000 2714.055943 0.004193 0.010160 0.009410 0.000000 0.000000
1.000000 9.000000 2.000000 11.000000 3441.130906 0.005326 0.012938 0.011348 0.000000 0.000000
1.000000 10.000000 2.000000 11.000000 3065.982761 0.004741 0.011501 0.011389 0.000000 0.000000
1.000000 11.000000 2.000000 11.000000 2617.612004 0.004043 0.009793 0.009793 0.000000 -1703.774124
1.000000 12.000000 2.000000 11.000000 2585.921673 0.003994 0.009673 0.009673 0.000000 -2191.878105
1.000000 13.000000 2.000000 11.000000 2948.385755 0.004558 0.011052 0.011052 0.000000 -1571.619988
1.000000 14.000000 2.000000 11.000000 7077.984863 0.011055 0.027210 0.011866 0.000000 0.000000
1.000000 15.000000 2.000000 11.000000 19988.800711 0.032268 0.083507 0.032268 17202.986253 0.000000
1.000000 16.000000 2.000000 11.000000 40238.769733 0.068560 0.194568 0.068560 45867.926715 0.000000
1.000000 17.000000 2.000000 11.000000 54106.639721 0.095828 0.293237 0.095828 65485.746484 0.000000
1.000000 18.000000 2.000000 11.000000 50742.927305 0.089018 0.267176 0.089018 59181.570474 0.000000
1.000000 19.000000 2.000000 11.000000 79661.794670 0.152162 0.555407 0.000000 0.000000 0.000000
1.000000 20.000000 2.000000 11.000000 5078.764434 0.007893 0.019286 0.000000 0.000000 -0.000000
1.000000 21.000000 2.000000 11.000000 3535.293796 0.005473 0.013300 0.000000 0.000000 -0.000000
1.000000 22.000000 2.000000 11.000000 2985.166554 0.004615 0.011193 0.000000 0.000000 -0.000000
1.000000 23.000000 2.000000 11.000000 2629.065192 0.004061 0.009837 0.000000 0.000000 -0.000000
1.000000 24.000000 2.000000 11.000000 2351.515922 0.003630 0.008783 0.000000 0.000000 -0.000000
1.000000 1.000000 3.000000 11.000000 2173.467409 0.003354 0.008110 0.000000 0.000000 -0.000000
1.000000 2.000000 3.000000 11.000000 2050.118288 0.003162 0.007644 0.000000 0.000000 -0.000000
1.000000 3.000000 3.000000 11.000000 1952.239124 0.003011 0.007275 0.000000 0.000000 -0.000000
1.000000 4.000000 3.000000 11.000000 1857.578229 0.002864 0.006918 0.000000 0.000000 -0.000000
1.000000 5.000000 3.000000 11.000000 1781.857574 0.002747 0.006633 0.000000 0.000000 -0.000000
1.000000 6.000000 3.000000 11.000000 1703.710267 0.002626 0.006339 0.000000 0.000000 -0.000000
1.000000 7.000000 3.000000 11.000000 1723.100356 0.002656 0.006412 0.000000 0.000000 -0.000000
1.000000 8.000000 3.000000 11.000000 2458.827168 0.003797 0.009190 0.000000 0.000000 -0.000000
1.000000 9.000000 3.000000 11.000000 3575.997086 0.005537 0.013456 0.000000 0.000000 -0.000000
1.000000 10.000000 3.000000 11.000000 4925.721015 0.007652 0.018687 0.000000 0.000000 -0.000000
1.000000 11.000000 3.000000 11.000000 6549.078863 0.010216 0.025095 0.000000 0.000000 -0.000000
1.000000 12.000000 3.000000 11.000000 7721.107130 0.012079 0.029801 0.000000 0.000000 -0.000000
1.000000 13.000000 3.000000 11.000000 8791.261263 0.013791 0.034158 0.000000 0.000000 -0.000000
1.000000 14.000000 3.000000 11.000000 20867.462286 0.033763 0.087695 0.000000 0.000000 0.000000
1.000000 15.000000 3.000000 11.000000 58949.697680 0.105866 0.333560 0.000000 0.000000 0.000000
1.000000 16.000000 3.000000 11.000000 119024.043929 0.258607 1.485086 0.000000 0.000000 0.000000
1.000000 17.000000 3.000000 11.000000 160832.699968 0.409208 12.438971 0.000000 0.000000 0.000000
1.000000 18.000000 3.000000 11.000000 153753.012061 0.380185 6.324193 0.000000 0.000000 0.000000
1.000000 19.000000 3.000000 11.000000 88120.602186 0.172808 0.678737 0.000000 0.000000 0.000000
1.000000 20.000000 3.000000 11.000000 5465.324231 0.008502 0.020803 0.000000 0.000000 -0.000000
1.000000 21.000000 3.000000 11.000000 3778.486402 0.005853 0.014235 0.000000 0.000000 -0.000000
1.000000 22.000000 3.000000 11.000000 3194.836167 0.004942 0.011994 0.000000 0.000000 0.000000
1.000000 23.000000 3.000000 11.000000 2809.675868 0.004342 0.010524 0.000000 0.000000 0.000000
1.000000 24.000000 3.000000 11.000000 2521.374548 0.003894 0.009427 0.000000 0.000000 0.000000
1.000000 1.000000 4.000000 11.000000 2395.598789 0.003698 0.008950 0.000000 0.000000 0.000000
1.000000 2.000000 4.000000 11.000000 2218.153563 0.003423 0.008279 0.000000 0.000000 -0.000000
1.000000 3.000000 4.000000 11.000000 2082.843120 0.003213 0.007767 0.000000 0.000000 -0.000000
1.000000 4.000000 4.000000 11.000000 1975.348815 0.003046 0.007362 0.000000 0.000000 -0.000000
1.000000 5.000000 4.000000 11.000000 1893.994036 0.002920 0.007055 0.000000 0.000000 -0.000000
1.000000 6.000000 4.000000 11.000000 1826.873018 0.002816 0.006802 0.000000 0.000000 -0.000000
1.000000 7.000000 4.000000 11.000000 1821.245801 0.002808 0.006781 0.000000 0.000000 -0.000000
1.000000 8.000000 4.000000 11.000000 2681.606215 0.004143 0.010036 0.000000 0.000000 -0.000000
1.000000 9.000000 4.000000 11.000000 4018.960826 0.006230 0.015163 0.000000 0.000000 -0.000000
1.000000 10.000000 4.000000 11.000000 5491.528636 0.008543 0.020906 0.000000 0.000000 -0.000000
1.000000 11.000000 4.000000 11.000000 7432.228195 0.011619 0.028635 0.000000 0.000000 -0.000000
1.000000 12.000000 4.000000 11.000000 8759.711512 0.013740 0.034029 0.000000 0.000000 -0.000000
1.000000 13.000000 4.000000 11.000000 10013.553590 0.015757 0.039207 0.000000 0.000000 0.000000
1.000000 14.000000 4.000000 11.000000 23869.104271 0.038923 0.102386 0.000000 0.000000 0.000000
1.000000 15.000000 4.000000 11.000000 66064.859915 0.121132 0.399692 0.000000 0.000000 0.000000
1.000000 16.000000 4.000000 11.000000 132195.250180 0.301077 2.241712 0.000000 0.000000 0.000000
1.000000 17.000000 4.000000 11.000000 175789.902902 0.476412 -15.812416 0.000000 0.000000 -0.000000
1.000000 18.000000 4.000000 11.000000 166562.515917 0.433957 44.801123 0.000000 0.000000 0.000000
1.000000 19.000000 4.000000 11.000000 95271.927772 0.191141 0.805118 0.000000 0.000000 0.000000
1.000000 20.000000 4.000000 11.000000 5998.459655 0.009344 0.022907 0.000000 0.000000 -0.000000
1.000000 21.000000 4.000000 11.000000 4120.807963 0.006389 0.015557 0.000000 0.000000 -0.000000
1.000000 22.000000 4.000000 11.000000 3447.050996 0.005335 0.012961 0.000000 0.000000 0.000000
1.000000 23.000000 4.000000 11.000000 3012.545181 0.004658 0.011297 0.000000 0.000000 0.000000
1.000000 24.000000 4.000000 11.000000 2665.583988 0.004118 0.009975 0.000000 0.000000 0.000000
1.000000 1.000000 5.000000 11.000000 2419.062616 0.003735 0.009039 0.000000 0.000000 -0.000000
1.000000 2.000000 5.000000 11.000000 2230.324603 0.003442 0.008325 0.000000 0.000000 -0.000000
1.000000 3.000000 5.000000 11.000000 2073.620945 0.003199 0.007733 0.000000 0.000000 -0.000000
1.000000 4.000000 5.000000 11.000000 1930.897352 0.002977 0.007194 0.000000 0.000000 -0.000000
1.000000 5.000000 5.000000 11.000000 1808.836079 0.002788 0.006734 0.000000 0.000000 -0.000000
1.000000 6.000000 5.000000 11.000000 1699.956451 0.002620 0.006325 0.000000 0.000000 -0.000000
1.000000 7.000000 5.000000 11.000000 1699.617001 0.002619 0.006324 0.000000 0.000000 -0.000000
1.000000 8.000000 5.000000 11.000000 2721.596101 0.004205 0.010188 0.009660 0.000000 0.000000
1.000000 9.000000 5.000000 11.000000 3364.619666 0.005207 0.012644 0.010628 0.000000 0.000000
1.000000 10.000000 5.000000 11.000000 3020.883495 0.004671 0.011329 0.011329 0.000000 -675.193332
1.000000 11.000000 5.000000 11.000000 2578.069961 0.003982 0.009643 0.009643 0.000000 -2358.160336
1.000000 12.000000 5.000000 11.000000 2708.087766 0.004184 0.010137 0.010137 0.000000 -1781.518766
1.000000 13.000000 5.000000 11.000000 3129.177293 0.004840 0.011743 0.011743 0.000000 -169.387639
1.000000 14.000000 5.000000 11.000000 7574.844915 0.011846 0.029210 0.011846 835.170628 0.000000
1.000000 15.000000 5.000000 11.000000 21087.482300 0.034138 0.088752 0.034138 18803.551286 0.000000
1.000000 16.000000 5.000000 11.000000 42209.610009 0.072308 0.207273 0.072308 47636.498968 0.000000
1.000000 17.000000 5.000000 11.000000 56181.759070 0.100095 0.310090 0.100095 68642.834223 0.000000
1.000000 18.000000 5.000000 11.000000 52196.452147 0.091945 0.278253 0.091945 60749.610581 0.000000
1.000000 19.000000 5.000000 11.000000 81767.058528 0.157199 0.583863 0.000000 0.000000 0.000000
1.000000 20.000000 5.000000 11.000000 5206.410460 0.008094 0.019786 0.000000 0.000000 -0.000000
1.000000 21.000000 5.000000 11.000000 3635.897659 0.005630 0.013686 0.000000 0.000000 -0.000000
1.000000 22.000000 5.000000 11.000000 3089.031703 0.004777 0.011590 0.000000 0.000000 0.000000
1.000000 23.000000 5.000000 11.000000 2732.012089 0.004221 0.010228 0.000000 0.000000 0.000000
1.000000 24.000000 5.000000 11.000000 2457.170242 0.003794 0.009184 0.000000 0.000000 -0.000000
1.000000 1.000000 6.000000 11.000000 2242.622237 0.003461 0.008371 0.000000 0.000000 -0.000000
1.000000 2.000000 6.000000 11.000000 2084.317689 0.003215 0.007773 0.000000 0.000000 -0.000000
1.000000 3.000000 6.000000 11.000000 1972.686024 0.003042 0.007352 0.000000 0.000000 -0.000000
1.000000 4.000000 6.000000 11.000000 1879.610967 0.002898 0.007001 0.000000 0.000000 -0.000000
1.000000 5.000000 6.000000 11.000000 1806.980125 0.002786 0.006727 0.000000 0.000000 -0.000000
1.000000 6.000000 6.000000 11.000000 1733.736425 0.002672 0.006452 0.000000 0.000000 -0.000000
1.000000 7.000000 6.000000 11.000000 1746.877808 0.002692 0.006501 0.000000 0.000000 -0.000000
1.000000 8.000000 6.000000 11.000000 2699.093058 0.004170 0.010103 0.008267 0.000000 0.000000
1.000000 9.000000 6.000000 11.000000 3441.115984 0.005326 0.012938 0.009125 0.000000 0.000000
1.000000 10.000000 6.000000 11.000000 3038.217483 0.004698 0.011395 0.010798 0.000000 0.000000
1.000000 11.000000 6.000000 11.000000 2603.800251 0.004022 0.009740 0.009740 0.000000 -1218.060634
1.000000 12.000000 6.000000 11.000000 2585.128197 0.003993 0.009670 0.009670 0.000000 -954.027729
1.000000 13.000000 6.000000 11.000000 2911.341875 0.004500 0.010911 0.010067 0.000000 0.000000
1.000000 14.000000 6.000000 11.000000 6852.965256 0.010698 0.026308 0.010698 2181.653449 0.000000
1.000000 15.000000 6.000000 11.000000 19342.686300 0.031172 0.080459 0.031172 18333.426775 0.000000
1.000000 16.000000 6.000000 11.000000 39203.164290 0.066606 0.188047 0.066606 45066.622572 0.000000
1.000000 17.000000 6.000000 11.000000 52701.492861 0.092968 0.282167 0.092968 65015.011925 0.000000
1.000000 18.000000 6.000000 11.000000 49160.773618 0.085860 0.255425 0.085860 58002.369002 0.000000
1.000000 19.000000 6.000000 11.000000 77813.591376 0.147793 0.531510 0.000000 0.000000 0.000000
1.000000 20.000000 6.000000 11.000000 4864.011581 0.007555 0.018446 0.000000 0.000000 -0.000000
1.000000 21.000000 6.000000 11.000000 3376.758801 0.005226 0.012691 0.000000 0.000000 -0.000000
1.000000 22.000000 6.000000 11.000000 2866.169297 0.004430 0.010739 0.000000 0.000000 0.000000
1.000000 23.000000 6.000000 11.000000 2541.727708 0.003925 0.009505 0.000000 0.000000 0.000000
1.000000 24.000000 6.000000 11.000000 2307.683078 0.003562 0.008617 0.000000 0.000000 -0.000000
1.000000 1.000000 7.000000 11.000000 2145.551266 0.003310 0.008004 0.000000 0.000000 -0.000000
1.000000 2.000000 7.000000 11.000000 2022.603089 0.003120 0.007540 0.000000 0.000000 -0.000000
1.000000 3.000000 7.000000 11.000000 1919.116800 0.002959 0.007150 0.000000 0.000000 -0.000000
1.000000 4.000000 7.000000 11.000000 1831.170912 0.002823 0.006818 0.000000 0.000000 -0.000000
1.000000 5.000000 7.000000 11.000000 1771.659452 0.002731 0.006595 0.000000 0.000000 -0.000000
1.000000 6.000000 7.000000 11.000000 1715.400070 0.002644 0.006383 0.000000 0.000000 -0.000000
1.000000 7.000000 7.000000 11.000000 1734.331049 0.002673 0.006454 0.000000 0.000000 -0.000000
1.000000 8.000000 7.000000 11.000000 2712.001106 0.004190 0.010152 0.008718 0.000000 0.000000
1.000000 9.000000 7.000000 11.000000 3349.116067 0.005183 0.012585 0.009718 0.000000 0.000000
1.000000 10.000000 7.000000 11.000000 3048.033215 0.004713 0.011433 0.011433 0.000000 -386.450815
1.000000 11.000000 7.000000 11.000000 2544.715338 0.003930 0.009516 0.009516 0.000000 -2574.883244
1.000000 12.000000 7.000000 11.000000 2744.324573 0.004240 0.010275 0.010275 0.000000 -1513.228431
1.000000 13.000000 7.000000 11.000000 3100.588862 0.004795 0.011634 0.011215 0.000000 0.000000
1.000000 14.000000 7.000000 11.000000 7367.903547 0.011517 0.028375 0.011517 1659.693456 0.000000
1.000000 15.000000 7.000000 11.000000 20666.862642 0.033421 0.086735 0.033421 19334.210564 0.000000
1.000000 16.000000 7.000000 11.000000 41471.983160 0.070900 0.202472 0.070900 47931.515175 0.000000
1.000000 17.000000 7.000000 11.000000 55583.665571 0.098860 0.305169 0.098860 68945.308544 0.000000
1.000000 18.000000 7.000000 11.000000 51922.058338 0.091391 0.276141 0.091391 61592.714586 0.000000
1.000000 19.000000 7.000000 11.000000 81645.669310 0.156907 0.582185 0.000000 0.000000 0.000000
1.000000 20.000000 7.000000 11.000000 5216.322038 0.008110 0.019825 0.000000 0.000000 -0.000000
1.000000 21.000000 7.000000 11.000000 3619.602938 0.005605 0.013624 0.000000 0.000000 -0.000000
1.000000 22.000000 7.000000 11.000000 3066.961126 0.004743 0.011505 0.000000 0.000000 0.000000
1.000000 23.000000 7.000000 11.000000 2695.493978 0.004164 0.010089 0.000000 0.000000 0.000000
1.000000 24.000000 7.000000 11.000000 2417.968122 0.003733 0.009035 0.000000 0.000000 0.000000
1.000000 1.000000 1.000000 12.000000 2219.534016 0.003425 0.008284 0.000000 0.000000 -0.000000
1.000000 2.000000 1.000000 12.000000 2052.201132 0.003165 0.007652 0.000000 0.000000 -0.000000
1.000000 3.000000 1.000000 12.000000 1931.517894 0.002978 0.007196 0.000000 0.000000 -0.000000
1.000000 4.000000 1.000000 12.000000 1818.474349 0.002803 0.006771 0.000000 0.000000 -0.000000
1.000000 5.000000 1.000000 12.000000 1753.931988 0.002703 0.006528 0.000000 0.000000 -0.000000
1.000000 6.000000 1.000000 12.000000 1701.163422 0.002622 0.006329 0.000000 0.000000 -0.000000
1.000000 7.000000 1.000000 12.000000 1708.895836 0.002634 0.006359 0.000000 0.000000 -0.000000
1.000000 8.000000 1.000000 12.000000 2828.327366 0.004371 0.010595 0.010171 0.000000 0.000000
1.000000 9.000000 1.000000 12.000000 3432.082592 0.005312 0.012903 0.011423 0.000000 0.000000
1.000000 10.000000 1.000000 12.000000 3017.340883 0.004665 0.011316 0.011316 0.000000 -876.011911
1.000000 11.000000 1.000000 12.000000 2575.415230 0.003978 0.009633 0.009633 0.000000 -2408.545994
1.000000 12.000000 1.000000 12.000000 2691.153534 0.004158 0.010073 0.010073 0.000000 -1816.121620
1.000000 13.000000 1.000000 12.000000 2959.024139 0.004575 0.011093 0.011093 0.000000 -501.344860
1.000000 14.000000 1.000000 12.000000 4213.649842 0.006534 0.015917 0.009727 0.000000 0.000000
1.000000 15.000000 1.000000 12.000000 12499.041490 0.019792 0.049716 0.019792 7396.999408 0.000000
1.000000 16.000000 1.000000 12.000000 26892.999924 0.044205 0.117814 0.044205 25660.617049 0.000000
1.000000 17.000000 1.000000 12.000000 38842.314463 0.065928 0.185799 0.065928 42789.871533 0.000000
1.000000 18.000000 1.000000 12.000000 38637.702252 0.065544 0.184530 0.065544 41466.674468 0.000000
1.000000 19.000000 1.000000 12.000000 66690.448036 0.122505 0.405946 0.000000 0.000000 0.000000
1.000000 20.000000 1.000000 12.000000 8991.969766 0.014113 0.034982 0.000000 0.000000 -0.000000
1.000000 21.000000 1.000000 12.000000 3635.262837 0.005629 0.013684 0.000000 0.000000 -0.000000
1.000000 22.000000 1.000000 12.000000 2956.474477 0.004571 0.011083 0.000000 0.000000 -0.000000
1.000000 23.000000 1.000000 12.000000 2594.271197 0.004007 0.009704 0.000000 0.000000 0.000000
1.000000 24.000000 1.000000 12.000000 2307.789714 0.003562 0.008618 0.000000 0.000000 -0.000000
1.000000 1.000000 2.000000 12.000000 2140.925868 0.003303 0.007987 0.000000 0.000000 -0.000000
1.000000 2.000000 2.000000 12.000000 2011.371406 0.003102 0.007498 0.000000 0.000000 -0.000000
1.000000 3.000000 2.000000 12.000000 1908.893766 0.002943 0.007111 0.000000 0.000000 -0.000000
1.000000 4.000000 2.000000 12.000000 1819.736943 0.002805 0.006775 0.000000 0.000000 -0.000000
1.000000 5.000000 2.000000 12.000000 1751.402354 0.002699 0.006518 0.000000 0.000000 -0.000000
1.000000 6.000000 2.000000 12.000000 1665.504725 0.002567 0.006195 0.000000 0.000000 -0.000000
1.000000 7.000000 2.000000 12.000000 1688.234063 0.002602 0.006281 0.000000 0.000000 -0.000000
1.000000 8.000000 2.000000 12.000000 2836.225987 0.004383 0.010625 0.009696 0.000000 0.000000
1.000000 9.000000 2.000000 12.000000 3288.631543 0.005088 0.012353 0.010350 0.000000 0.000000
1.000000 10.000000 2.000000 12.000000 3070.147889 0.004748 0.011517 0.011096 0.000000 0.000000
1.000000 11.000000 2.000000 12.000000 2666.863616 0.004120 0.009980 0.009980 0.000000 -1585.831880
1.000000 12.000000 2.000000 12.000000 2550.363301 0.003939 0.009538 0.009538 0.000000 -1902.646987
1.000000 13.000000 2.000000 12.000000 2792.793270 0.004316 0.010459 0.010459 0.000000 -614.062016
1.000000 14.000000 2.000000 12.000000 3915.358177 0.006067 0.014763 0.009471 0.000000 0.000000
1.000000 15.000000 2.000000 12.000000 11708.722785 0.018504 0.046338 0.018504 6819.692522 0.000000
1.000000 16.000000 2.000000 12.000000 25259.471874 0.041341 0.109399 0.041341 24419.368532 0.000000
1.000000 17.000000 2.000000 12.000000 36606.018904 0.061756 0.172141 0.061756 40009.109381 0.000000
1.000000 18.000000 2.000000 12.000000 36088.040423 0.060796 0.169043 0.060796 38354.736126 0.000000
1.000000 19.000000 2.000000 12.000000 62028.049308 0.112393 0.361091 0.000000 0.000000 0.000000
1.000000 20.000000 2.000000 12.000000 8441.347021 0.013230 0.032727 0.000000 0.000000 -0.000000
1.000000 21.000000 2.000000 12.000000 3468.507689 0.005369 0.013043 0.000000 0.000000 -0.000000
1.000000 22.000000 2.000000 12.000000 2886.420954 0.004461 0.010816 0.000000 0.000000 -0.000000
1.000000 23.000000 2.000000 12.000000 2557.643804 0.003950 0.009565 0.000000 0.000000 -0.000000
1.000000 24.000000 2.000000 12.000000 2304.614739 0.003557 0.008606 0.000000 0.000000 -0.000000
1.000000 1.000000 3.000000 12.000000 2148.446478 0.003315 0.008015 0.000000 0.000000 -0.000000
1.000000 2.000000 3.000000 12.000000 2027.874911 0.003128 0.007560 0.000000 0.000000 -0.000000
1.000000 3.000000 3.000000 12.000000 1928.194558 0.002973 0.007184 0.000000 0.000000 -0.000000
1.000000 4.000000 3.000000 12.000000 1836.699769 0.002832 0.006839 0.000000 0.000000 -0.000000
1.000000 5.000000 3.000000 12.000000 1774.498416 0.002735 0.006605 0.000000 0.000000 -0.000000
1.000000 6.000000 3.000000 12.000000 1704.844808 0.002627 0.006343 0.000000 0.000000 -0.000000
1.000000 7.000000 3.000000 12.000000 1707.588887 0.002632 0.006354 0.000000 0.000000 -0.000000
1.000000 8.000000 3.000000 12.000000 2438.075369 0.003764 0.009111 0.000000 0.000000 -0.000000
1.000000 9.000000 3.000000 12.000000 3235.898648 0.005006 0.012151 0.000000 0.000000 -0.000000
1.000000 10.000000 3.000000 12.000000 5359.030925 0.008335 0.020385 0.000000 0.000000 -0.000000
1.000000 11.000000 3.000000 12.000000 7144.229085 0.011161 0.027476 0.000000 0.000000 -0.000000
1.000000 12.000000 3.000000 12.000000 7873.512764 0.012323 0.030418 0.000000 0.000000 -0.000000
1.000000 13.000000 3.000000 12.000000 8642.251071 0.013552 0.033548 0.000000 0.000000 -0.000000
1.000000 14.000000 3.000000 12.000000 12345.915854 0.019542 0.049059 0.000000 0.000000 0.000000
1.000000 15.000000 3.000000 12.000000 36258.091970 0.061111 0.170058 0.000000 0.000000 0.000000
1.000000 16.000000 3.000000 12.000000 77953.311635 0.148121 0.533283 0.000000 0.000000 0.000000
1.000000 17.000000 3.000000 12.000000 110449.308600 0.232997 1.175844 0.000000 0.000000 0.000000
1.000000 18.000000 3.000000 12.000000 110403.827527 0.232866 1.174445 0.000000 0.000000 0.000000
1.000000 19.000000 3.000000 12.000000 70353.817780 0.130648 0.444169 0.000000 0.000000 0.000000
1.000000 20.000000 3.000000 12.000000 9439.825540 0.014832 0.036827 0.000000 0.000000 -0.000000
1.000000 21.000000 3.000000 12.000000 3908.514737 0.006057 0.014737 0.000000 0.000000 -0.000000
1.000000 22.000000 3.000000 12.000000 3189.163330 0.004933 0.011972 0.000000 0.000000 -0.000000
1.000000 23.000000 3.000000 12.000000 2761.284629 0.004267 0.010339 0.000000 0.000000 -0.000000
1.000000 24.000000 3.000000 12.000000 2448.014967 0.003780 0.009149 0.000000 0.000000 -0.000000
1.000000 1.000000 4.000000 12.000000 2288.605262 0.003532 0.008545 0.000000 0.000000 -0.000000
1.000000 2.000000 4.000000 12.000000 2137.773814 0.003298 0.007975 0.000000 0.000000 -0.000000
1.000000 3.000000 4.000000 12.000000 2008.030245 0.003097 0.007485 0.000000 0.000000 -0.000000
1.000000 4.000000 4.000000 12.000000 1907.452038 0.002941 0.007106 0.000000 0.000000 -0.000000
1.000000 5.000000 4.000000 12.000000 1839.969681 0.002837 0.006852 0.000000 0.000000 -0.000000
1.000000 6.000000 4.000000 12.000000 1767.099732 0.002724 0.006577 0.000000 0.000000 -0.000000
1.000000 7.000000 4.000000 12.000000 1794.666270 0.002766 0.006681 0.000000 0.000000 -0.000000
1.000000 8.000000 4.000000 12.000000 2514.528694 0.003883 0.009401 0.000000 0.000000 -0.000000
1.000000 9.000000 4.000000 12.000000 3339.558625 0.005168 0.012548 0.000000 0.000000 -0.000000
1.000000 10.000000 4.000000 12.000000 5158.837376 0.008019 0.019600 0.000000 0.000000 -0.000000
1.000000 11.000000 4.000000 12.000000 7163.945289 0.011192 0.027555 0.000000 0.000000 -0.000000
1.000000 12.000000 4.000000 12.000000 7889.230019 0.012348 0.030482 0.000000 0.000000 -0.000000
1.000000 13.000000 4.000000 12.000000 8487.988283 0.013305 0.032917 0.000000 0.000000 -0.000000
1.000000 14.000000 4.000000 12.000000 11908.689083 0.018829 0.047190 0.000000 0.000000 0.000000
1.000000 15.000000 4.000000 12.000000 34686.688171 0.058215 0.160782 0.000000 0.000000 0.000000
1.000000 16.000000 4.000000 12.000000 74283.693920 0.139584 0.488464 0.000000 0.000000 0.000000
1.000000 17.000000 4.000000 12.000000 106593.410043 0.221961 1.064538 0.000000 0.000000 0.000000
1.000000 18.000000 4.000000 12.000000 107053.575048 0.223263 1.077091 0.000000 0.000000 0.000000
1.000000 19.000000 4.000000 12.000000 66722.817010 0.122576 0.406272 0.000000 0.000000 0.000000
1.000000 20.000000 4.000000 12.000000 8678.813400 0.013611 0.033698 0.000000 0.000000 -0.000000
1.000000 21.000000 4.000000 12.000000 3522.534986 0.005453 0.013251 0.000000 0.000000 -0.000000
1.000000 22.000000 4.000000 12.000000 2892.360082 0.004471 0.010839 0.000000 0.000000 0.000000
1.000000 23.000000 4.000000 12.000000 2551.213083 0.003940 0.009541 0.000000 0.000000 0.000000
1.000000 24.000000 4.000000 12.000000 2278.312851 0.003516 0.008506 0.000000 0.000000 0.000000
1.000000 1.000000 5.000000 12.000000 2094.319844 0.003231 0.007811 0.000000 0.000000 -0.000000
1.000000 2.000000 5.000000 12.000000 1949.889040 0.003007 0.007266 0.000000 0.000000 -0.000000
1.000000 3.000000 5.000000 12.000000 1849.005048 0.002851 0.006886 0.000000 0.000000 -0.000000
1.000000 4.000000 5.000000 12.000000 1771.720958 0.002731 0.006595 0.000000 0.000000 -0.000000
1.000000 5.000000 5.000000 12.000000 1728.343419 0.002664 0.006432 0.000000 0.000000 -0.000000
1.000000 6.000000 5.000000 12.000000 1663.965036 0.002564 0.006190 0.000000 0.000000 -0.000000
1.000000 7.000000 5.000000 12.000000 1696.017116 0.002614 0.006310 0.000000 0.000000 -0.000000
1.000000 8.000000 5.000000 12.000000 2832.373816 0.004377 0.010610 0.010071 0.000000 0.000000
1.000000 9.000000 5.000000 12.000000 3452.575013 0.005344 0.012982 0.010881 0.000000 0.000000
1.000000 10.000000 5.000000 12.000000 2930.484391 0.004530 0.010984 0.010984 0.000000 -1926.425761
1.000000 11.000000 5.000000 12.000000 2656.641196 0.004104 0.009941 0.009941 0.000000 -3141.925787
1.000000 12.000000 5.000000 12.000000 2888.762651 0.004465 0.010825 0.010825 0.000000 -2549.551385
1.000000 13.000000 5.000000 12.000000 3219.038616 0.004980 0.012087 0.012087 0.000000 -472.159818
1.000000 14.000000 5.000000 12.000000 4630.340100 0.007188 0.017535 0.011894 0.000000 0.000000
1.000000 15.000000 5.000000 12.000000 13536.225190 0.021491 0.054201 0.021491 8224.772734 0.000000
1.000000 16.000000 5.000000 12.000000 28720.706543 0.047438 0.127462 0.047438 28143.387739 0.000000
1.000000 17.000000 5.000000 12.000000 40606.582124 0.069256 0.196910 0.069256 45175.268013 0.000000
1.000000 18.000000 5.000000 12.000000 40172.844063 0.068435 0.194150 0.068435 43509.412146 0.000000
1.000000 19.000000 5.000000 12.000000 68223.488704 0.125891 0.421603 0.000000 0.000000 0.000000
1.000000 20.000000 5.000000 12.000000 9487.680391 0.014909 0.037025 0.000000 0.000000 -0.000000
1.000000 21.000000 5.000000 12.000000 3937.040635 0.006101 0.014847 0.000000 0.000000 -0.000000
1.000000 22.000000 5.000000 12.000000 3267.230851 0.005055 0.012271 0.000000 0.000000 0.000000
1.000000 23.000000 5.000000 12.000000 2885.997120 0.004461 0.010815 0.000000 0.000000 0.000000
1.000000 24.000000 5.000000 12.000000 2605.336546 0.004024 0.009746 0.000000 0.000000 0.000000
1.000000 1.000000 6.000000 12.000000 2373.024580 0.003663 0.008865 0.000000 0.000000 -0.000000
1.000000 2.000000 6.000000 12.000000 2194.584246 0.003386 0.008190 0.000000 0.000000 -0.000000
1.000000 3.000000 6.000000 12.000000 2052.527530 0.003166 0.007653 0.000000 0.000000 -0.000000
1.000000 4.000000 6.000000 12.000000 1923.317930 0.002966 0.007166 0.000000 0.000000 -0.000000
1.000000 5.000000 6.000000 12.000000 1827.441225 0.002817 0.006804 0.000000 0.000000 -0.000000
1.000000 6.000000 6.000000 12.000000 1755.178855 0.002705 0.006533 0.000000 0.000000 -0.000000
1.000000 7.000000 6.000000 12.000000 1749.477909 0.002697 0.006511 0.000000 0.000000 -0.000000
1.000000 8.000000 6.000000 12.000000 2778.146644 0.004293 0.010404 0.007773 0.000000 0.000000
1.000000 9.000000 6.000000 12.000000 3570.701275 0.005529 0.013436 0.008609 0.000000 0.000000
1.000000 10.000000 6.000000 12.000000 2928.631177 0.004527 0.010977 0.009497 0.000000 0.000000
1.000000 11.000000 6.000000 12.000000 2625.002765 0.004055 0.009821 0.009821 0.000000 -288.804945
1.000000 12.000000 6.000000 12.000000 2781.680434 0.004298 0.010417 0.010417 0.000000 -83.106573
1.000000 13.000000 6.000000 12.000000 3117.905927 0.004822 0.011700 0.010127 0.000000 0.000000
1.000000 14.000000 6.000000 12.000000 4495.427393 0.006976 0.017010 0.009189 0.000000 0.000000
1.000000 15.000000 6.000000 12.000000 13196.148554 0.020933 0.052724 0.020933 9286.075909 0.000000
1.000000 16.000000 6.000000 12.000000 28063.575081 0.046272 0.123964 0.046272 28834.227803 0.000000
1.000000 17.000000 6.000000 12.000000 39738.345852 0.067614 0.191404 0.067614 44991.504757 0.000000
1.000000 18.000000 6.000000 12.000000 38580.628334 0.065437 0.184176 0.065437 42490.917532 0.000000
1.000000 19.000000 6.000000 12.000000 65569.320478 0.120048 0.394791 0.000000 0.000000 0.000000
1.000000 20.000000 6.000000 12.000000 9016.191147 0.014152 0.035081 0.000000 0.000000 -0.000000
1.000000 21.000000 6.000000 12.000000 3740.799825 0.005794 0.014090 0.000000 0.000000 -0.000000
1.000000 22.000000 6.000000 12.000000 3129.697871 0.004840 0.011745 0.000000 0.000000 -0.000000
1.000000 23.000000 6.000000 12.000000 2785.013823 0.004304 0.010430 0.000000 0.000000 0.000000
1.000000 24.000000 6.000000 12.000000 2508.620311 0.003874 0.009379 0.000000 0.000000 -0.000000
1.000000 1.000000 7.000000 12.000000 2330.730390 0.003598 0.008705 0.000000 0.000000 -0.000000
1.000000 2.000000 7.000000 12.000000 2176.387897 0.003358 0.008121 0.000000 0.000000 -0.000000
1.000000 3.000000 7.000000 12.000000 2051.167957 0.003164 0.007648 0.000000 0.000000 -0.000000
1.000000 4.000000 7.000000 12.000000 1953.848292 0.003013 0.007281 0.000000 0.000000 -0.000000
1.000000 5.000000 7.000000 12.000000 1887.647483 0.002910 0.007031 0.000000 0.000000 -0.000000
1.000000 6.000000 7.000000 12.000000 1808.405905 0.002788 0.006733 0.000000 0.000000 -0.000000
1.000000 7.000000 7.000000 12.000000 1831.681649 0.002824 0.006820 0.000000 0.000000 -0.000000
1.000000 8.000000 7.000000 12.000000 2773.651287 0.004286 0.010386 0.009370 0.000000 0.000000
1.000000 9.000000 7.000000 12.000000 3395.217034 0.005255 0.012762 0.010209 0.000000 0.000000
1.000000 10.000000 7.000000 12.000000 3054.041855 0.004723 0.011456 0.010738 0.000000 0.000000
1.000000 11.000000 7.000000 12.000000 2623.334784 0.004052 0.009815 0.009815 0.000000 -1233.211403
1.000000 12.000000 7.000000 12.000000 2662.313827 0.004113 0.009963 0.009963 0.000000 -1609.914549
1.000000 13.000000 7.000000 12.000000 3002.928410 0.004643 0.011261 0.011261 0.000000 -936.961991
1.000000 14.000000 7.000000 12.000000 4367.274126 0.006775 0.016513 0.011279 0.000000 0.000000
1.000000 15.000000 7.000000 12.000000 12789.699135 0.020267 0.050967 0.020267 8317.213863 0.000000
1.000000 16.000000 7.000000 12.000000 27105.682067 0.044580 0.118924 0.044580 27923.345339 0.000000
1.000000 17.000000 7.000000 12.000000 38475.937085 0.065241 0.183529 0.065241 43478.037604 0.000000
1.000000 18.000000 7.000000 12.000000 38094.858436 0.064528 0.181182 0.064528 42071.641959 0.000000
1.000000 19.000000 7.000000 12.000000 65650.800462 0.120226 0.395593 0.000000 0.000000 0.000000
1.000000 20.000000 7.000000 12.000000 9054.921302 0.014214 0.035241 0.000000 0.000000 -0.000000
1.000000 21.000000 7.000000 12.000000 3763.340240 0.005830 0.014177 0.000000 0.000000 -0.000000
1.000000 22.000000 7.000000 12.000000 3121.872083 0.004828 0.011715 0.000000 0.000000 -0.000000
1.000000 23.000000 7.000000 12.000000 2743.775286 0.004239 0.010273 0.000000 0.000000 0.000000
1.000000 24.000000 7.000000 12.000000 2478.395457 0.003827 0.009264 0.000000 0.000000 -0.000000
1.000000 1.000000 1.000000 12.000000 2263.698602 0.003494 0.008451 0.000000 0.000000 -0.000000
1.000000 2.000000 1.000000 12.000000 2103.455380 0.003245 0.007845 0.000000 0.000000 -0.000000
1.000000 3.000000 1.000000 12.000000 1995.843807 0.003078 0.007439 0.000000 0.000000 -0.000000
1.000000 4.000000 1.000000 12.000000 1908.736430 0.002943 0.007111 0.000000 0.000000 -0.000000
1.000000 5.000000 1.000000 12.000000 1816.665692 0.002801 0.006764 0.000000 0.000000 -0.000000
1.000000 6.000000 1.000000 12.000000 1716.466097 0.002645 0.006387 0.000000 0.000000 -0.000000
1.000000 7.000000 1.000000 12.000000 1724.905222 0.002658 0.006419 0.000000 0.000000 -0.000000
1.000000 8.000000 1.000000 12.000000 2824.494713 0.004365 0.010580 0.009684 0.000000 0.000000
1.000000 9.000000 1.000000 12.000000 3442.485081 0.005328 0.012943 0.011219 0.000000 0.000000
1.000000 10.000000 1.000000 12.000000 3023.091480 0.004674 0.011338 0.011338 0.000000 -477.661482
1.000000 11.000000 1.000000 12.000000 2596.334886 0.004010 0.009712 0.009712 0.000000 -2332.301501
1.000000 12.000000 1.000000 12.000000 2583.598812 0.003990 0.009664 0.009664 0.000000 -2366.706601
1.000000 13.000000 1.000000 12.000000 2825.450260 0.004367 0.010584 0.010584 0.000000 -1600.734498
1.000000 14.000000 1.000000 12.000000 4087.755448 0.006337 0.015429 0.011169 0.000000 0.000000
1.000000 15.000000 1.000000 12.000000 12365.039934 0.019573 0.049141 0.019573 6875.636868 0.000000
1.000000 16.000000 1.000000 12.000000 26423.140268 0.043379 0.115374 0.043379 26030.214808 0.000000
1.000000 17.000000 1.000000 12.000000 37704.490275 0.063799 0.178792 0.063799 41210.914415 0.000000
1.000000 18.000000 1.000000 12.000000 37358.832321 0.063155 0.176687 0.063155 39794.828115 0.000000
1.000000 19.000000 1.000000 12.000000 63779.523940 0.116160 0.377475 0.000000 0.000000 0.000000
1.000000 20.000000 1.000000 12.000000 8803.140224 0.013810 0.034207 0.000000 0.000000 -0.000000
1.000000 21.000000 1.000000 12.000000 3629.649685 0.005621 0.013662 0.000000 0.000000 -0.000000
1.000000 22.000000 1.000000 12.000000 2965.021436 0.004584 0.011116 0.000000 0.000000 -0.000000
1.000000 23.000000 1.000000 12.000000 2624.286460 0.004054 0.009818 0.000000 0.000000 0.000000
1.000000 24.000000 1.000000 12.000000 2400.964297 0.003707 0.008971 0.000000 0.000000 -0.000000
1.000000 1.000000 2.000000 12.000000 2239.685427 0.003456 0.008360 0.000000 0.000000 -0.000000
1.000000 2.000000 2.000000 12.000000 2117.140475 0.003266 0.007897 0.000000 0.000000 -0.000000
1.000000 3.000000 2.000000 12.000000 2017.777759 0.003112 0.007522 0.000000 0.000000 -0.000000
1.000000 4.000000 2.000000 12.000000 1940.192089 0.002992 0.007229 0.000000 0.000000 -0.000000
1.000000 5.000000 2.000000 12.000000 1868.984140 0.002882 0.006961 0.000000 0.000000 -0.000000
1.000000 6.000000 2.000000 12.000000 1783.578028 0.002749 0.006639 0.000000 0.000000 -0.000000
1.000000 7.000000 2.000000 12.000000 1822.896651 0.002810 0.006787 0.000000 0.000000 -0.000000
1.000000 8.000000 2.000000 12.000000 2721.079096 0.004204 0.010186 0.010186 0.000000 -199.290745
1.000000 9.000000 2.000000 12.000000 3529.607069 0.005464 0.013278 0.011773 0.000000 0.000000
1.000000 10.000000 2.000000 12.000000 2864.878563 0.004428 0.010734 0.010734 0.000000 -2289.887822
1.000000 11.000000 2.000000 12.000000 2686.669531 0.004151 0.010056 0.010056 0.000000 -3151.075447
1.000000 12.000000 2.000000 12.000000 2901.546834 0.004485 0.010874 0.010874 0.000000 -2312.442462
1.000000 13.000000 2.000000 12.000000 3187.040164 0.004930 0.011964 0.011964 0.000000 -923.721747
1.000000 14.000000 2.000000 12.000000 4500.895279 0.006985 0.017032 0.011217 0.000000 0.000000
1.000000 15.000000 2.000000 12.000000 13121.243569 0.020810 0.052399 0.020810 7636.151851 0.000000
1.000000 16.000000 2.000000 12.000000 27875.196311 0.045939 0.122967 0.045939 27172.433853 0.000000
1.000000 17.000000 2.000000 12.000000 39509.930932 0.067184 0.189968 0.067184 43672.002852 0.000000
1.000000 18.000000 2.000000 12.000000 38935.192955 0.066103 0.186376 0.066103 41881.748212 0.000000
1.000000 19.000000 2.000000 12.000000 65834.278277 0.120628 0.397405 0.000000 0.000000 0.000000
1.000000 20.000000 2.000000 12.000000 8999.024447 0.014124 0.035011 0.000000 0.000000 -0.000000
1.000000 21.000000 2.000000 12.000000 3692.032821 0.005718 0.013902 0.000000 0.000000 -0.000000
1.000000 22.000000 2.000000 12.000000 3054.147030 0.004723 0.011456 0.000000 0.000000 0.000000
1.000000 23.000000 2.000000 12.000000 2691.296383 0.004158 0.010073 0.000000 0.000000 0.000000
1.000000 24.000000 2.000000 12.000000 2435.311751 0.003760 0.009101 0.000000 0.000000 0.000000
1.000000 1.000000 3.000000 12.000000 2215.698844 0.003419 0.008269 0.000000 0.000000 -0.000000
1.000000 2.000000 3.000000 12.000000 2040.655125 0.003148 0.007608 0.000000 0.000000 -0.000000
1.000000 3.000000 3.000000 12.000000 1896.847209 0.002925 0.007066 0.000000 0.000000 -0.000000
1.000000 4.000000 3.000000 12.000000 1776.976037 0.002739 0.006615 0.000000 0.000000 -0.000000
1.000000 5.000000 3.000000 12.000000 1690.011401 0.002604 0.006288 0.000000 0.000000 -0.000000
1.000000 6.000000 3.000000 12.000000 1626.063862 0.002506 0.006047 0.000000 0.000000 -0.000000
1.000000 7.000000 3.000000 12.000000 1632.558208 0.002516 0.006072 0.000000 0.000000 -0.000000
1.000000 8.000000 3.000000 12.000000 2433.234645 0.003757 0.009093 0.000000 0.000000 -0.000000
1.000000 9.000000 3.000000 12.000000 3673.723113 0.005690 0.013832 0.000000 0.000000 -0.000000
1.000000 10.000000 3.000000 12.000000 5610.601678 0.008731 0.021375 0.000000 0.000000 -0.000000
1.000000 11.000000 3.000000 12.000000 7625.148451 0.011926 0.029413 0.000000 0.000000 -0.000000
1.000000 12.000000 3.000000 12.000000 8407.135487 0.013175 0.032587 0.000000 0.000000 -0.000000
1.000000 13.000000 3.000000 12.000000 9506.901542 0.014940 0.037105 0.000000 0.000000 -0.000000
1.000000 14.000000 3.000000 12.000000 13742.399824 0.021830 0.055100 0.000000 0.000000 0.000000
1.000000 15.000000 3.000000 12.000000 40086.912255 0.068273 0.193605 0.000000 0.000000 0.000000
1.000000 16.000000 3.000000 12.000000 84294.411584 0.163334 0.619895 0.000000 0.000000 0.000000
1.000000 17.000000 3.000000 12.000000 119566.316219 0.260278 1.508259 0.000000 0.000000 0.000000
1.000000 18.000000 3.000000 12.000000 120017.097013 0.261672 1.527913 0.000000 0.000000 0.000000
1.000000 19.000000 3.000000 12.000000 75290.443919 0.141907 0.500410 0.000000 0.000000 0.000000
1.000000 20.000000 3.000000 12.000000 10036.802141 0.015794 0.039303 0.000000 0.000000 -0.000000
1.000000 21.000000 3.000000 12.000000 4071.210745 0.006311 0.015366 0.000000 0.000000 -0.000000
1.000000 22.000000 3.000000 12.000000 3319.264619 0.005136 0.012471 0.000000 0.000000 0.000000
1.000000 23.000000 3.000000 12.000000 2902.010432 0.004486 0.010876 0.000000 0.000000 0.000000
1.000000 24.000000 3.000000 12.000000 2608.219722 0.004029 0.009757 0.000000 0.000000 0.000000
1.000000 1.000000 4.000000 12.000000 2398.166050 0.003702 0.008960 0.000000 0.000000 -0.000000
1.000000 2.000000 4.000000 12.000000 2246.092246 0.003466 0.008384 0.000000 0.000000 -0.000000
1.000000 3.000000 4.000000 12.000000 2126.248777 0.003280 0.007931 0.000000 0.000000 -0.000000
1.000000 4.000000 4.000000 12.000000 2048.501380 0.003160 0.007638 0.000000 0.000000 -0.000000
1.000000 5.000000 4.000000 12.000000 1997.835057 0.003081 0.007447 0.000000 0.000000 -0.000000
1.000000 6.000000 4.000000 12.000000 1906.270642 0.002939 0.007101 0.000000 0.000000 -0.000000
1.000000 7.000000 4.000000 12.000000 1904.627379 0.002937 0.007095 0.000000 0.000000 -0.000000
1.000000 8.000000 4.000000 12.000000 2657.795312 0.004106 0.009946 0.000000 0.000000 -0.000000
1.000000 9.000000 4.000000 12.000000 3792.529020 0.005875 0.014290 0.000000 0.000000 -0.000000
1.000000 10.000000 4.000000 12.000000 5797.560676 0.009026 0.022113 0.000000 0.000000 -0.000000
1.000000 11.000000 4.000000 12.000000 7786.556487 0.012184 0.030066 0.000000 0.000000 -0.000000
1.000000 12.000000 4.000000 12.000000 8648.245803 0.013562 0.033572 0.000000 0.000000 -0.000000
1.000000 13.000000 4.000000 12.000000 9574.444940 0.015049 0.037384 0.000000 0.000000 -0.000000
1.000000 14.000000 4.000000 12.000000 13270.257021 0.021055 0.053045 0.000000 0.000000 0.000000
1.000000 15.000000 4.000000 12.000000 38782.180486 0.065815 0.185425 0.000000 0.000000 0.000000
1.000000 16.000000 4.000000 12.000000 82367.018413 0.158647 0.592226 0.000000 0.000000 0.000000
1.000000 17.000000 4.000000 12.000000 119405.262365 0.259781 1.501323 0.000000 0.000000 0.000000
1.000000 18.000000 4.000000 12.000000 122450.405091 0.269274 1.640599 0.000000 0.000000 0.000000
1.000000 19.000000 4.000000 12.000000 76531.198811 0.144790 0.515491 0.000000 0.000000 0.000000
1.000000 20.000000 4.000000 12.000000 10390.135271 0.016365 0.040778 0.000000 0.000000 -0.000000
1.000000 21.000000 4.000000 12.000000 4271.298689 0.006625 0.016140 0.000000 0.000000 -0.000000
1.000000 22.000000 4.000000 12.000000 3517.701669 0.005446 0.013232 0.000000 0.000000 -0.000000
1.000000 23.000000 4.000000 12.000000 3058.845501 0.004730 0.011474 0.000000 0.000000 0.000000
1.000000 24.000000 4.000000 12.000000 2738.760774 0.004232 0.010254 0.000000 0.000000 -0.000000
1.000000 1.000000 5.000000 12.000000 2527.899892 0.003904 0.009452 0.000000 0.000000 -0.000000
1.000000 2.000000 5.000000 12.000000 2358.672620 0.003641 0.008811 0.000000 0.000000 -0.000000
1.000000 3.000000 5.000000 12.000000 2220.340046 0.003426 0.008287 0.000000 0.000000 -0.000000
1.000000 4.000000 5.000000 12.000000 2102.697585 0.003244 0.007842 0.000000 0.000000 -0.000000
1.000000 5.000000 5.000000 12.000000 2009.788712 0.003100 0.007492 0.000000 0.000000 -0.000000
1.000000 6.000000 5.000000 12.000000 1900.574262 0.002930 0.007080 0.000000 0.000000 -0.000000
1.000000 7.000000 5.000000 12.000000 1921.063998 0.002962 0.007157 0.000000 0.000000 -0.000000
1.000000 8.000000 5.000000 12.000000 2665.650685 0.004118 0.009976 0.009976 0.000000 -779.467735
1.000000 9.000000 5.000000 12.000000 3532.476795 0.005469 0.013289 0.012670 0.000000 0.000000
1.000000 10.000000 5.000000 12.000000 2846.923337 0.004400 0.010666 0.010666 0.000000 -1814.496430
1.000000 11.000000 5.000000 12.000000 2756.834606 0.004260 0.010322 0.010322 0.000000 -2628.562494
1.000000 12.000000 5.000000 12.000000 2945.500039 0.004553 0.011041 0.011041 0.000000 -2052.093324
1.000000 13.000000 5.000000 12.000000 3185.378741 0.004927 0.011958 0.011958 0.000000 -111.557678
1.000000 14.000000 5.000000 12.000000 4538.865467 0.007045 0.017179 0.011927 0.000000 0.000000
1.000000 15.000000 5.000000 12.000000 13334.171996 0.021160 0.053323 0.021160 8074.737348 0.000000
1.000000 16.000000 5.000000 12.000000 28275.807099 0.046648 0.125090 0.046648 28321.617458 0.000000
1.000000 17.000000 5.000000 12.000000 39950.521839 0.068015 0.192742 0.068015 44284.414091 0.000000
1.000000 18.000000 5.000000 12.000000 39334.442870 0.066853 0.188868 0.066853 42457.925247 0.000000
1.000000 19.000000 5.000000 12.000000 67330.910191 0.123916 0.412430 0.000000 0.000000 0.000000
1.000000 20.000000 5.000000 12.000000 9364.719363 0.014712 0.036517 0.000000 0.000000 -0.000000
1.000000 21.000000 5.000000 12.000000 3854.684709 0.005972 0.014529 0.000000 0.000000 -0.000000
1.000000 22.000000 5.000000 12.000000 3192.771670 0.004939 0.011986 0.000000 0.000000 -0.000000
1.000000 23.000000 5.000000 12.000000 2831.486091 0.004376 0.010607 0.000000 0.000000 0.000000
1.000000 24.000000 5.000000 12.000000 2556.936329 0.003949 0.009562 0.000000 0.000000 -0.000000
1.000000 1.000000 6.000000 12.000000 2352.426245 0.003631 0.008787 0.000000 0.000000 -0.000000
1.000000 2.000000 6.000000 12.000000 2194.379797 0.003386 0.008189 0.000000 0.000000 -0.000000
1.000000 3.000000 6.000000 12.000000 2063.741132 0.003183 0.007695 0.000000 0.000000 -0.000000
1.000000 4.000000 6.000000 12.000000 1960.718854 0.003024 0.007307 0.000000 0.000000 -0.000000
1.000000 5.000000 6.000000 12.000000 1884.916557 0.002906 0.007021 0.000000 0.000000 -0.000000
1.000000 6.000000 6.000000 12.000000 1800.440093 0.002775 0.006703 0.000000 0.000000 -0.000000
1.000000 7.000000 6.000000 12.000000 1832.850197 0.002826 0.006825 0.000000 0.000000 -0.000000
1.000000 8.000000 6.000000 12.000000 2683.041049 0.004145 0.010042 0.009565 0.000000 0.000000
1.000000 9.000000 6.000000 12.000000 3542.093916 0.005484 0.013326 0.011471 0.000000 0.000000
1.000000 10.000000 6.000000 12.000000 2790.428606 0.004312 0.010450 0.010450 0.000000 -1446.966932
1.000000 11.000000 6.000000 12.000000 2843.941607 0.004395 0.010654 0.010654 0.000000 -1676.292915
1.000000 12.000000 6.000000 12.000000 3075.829485 0.004756 0.011539 0.011539 0.000000 -987.270802
1.000000 13.000000 6.000000 12.000000 3368.657327 0.005213 0.012660 0.011652 0.000000 0.000000
1.000000 14.000000 6.000000 12.000000 4808.284970 0.007468 0.018229 0.010815 0.000000 0.000000
1.000000 15.000000 6.000000 12.000000 14057.587636 0.022349 0.056478 0.022349 9647.136537 0.000000
1.000000 16.000000 6.000000 12.000000 29536.289464 0.048891 0.131848 0.048891 30374.764060 0.000000
1.000000 17.000000 6.000000 12.000000 41377.947195 0.070721 0.201864 0.070721 47194.774338 0.000000
1.000000 18.000000 6.000000 12.000000 40663.869311 0.069365 0.197276 0.069365 45211.040337 0.000000
1.000000 19.000000 6.000000 12.000000 69138.990589 0.127928 0.431183 0.000000 0.000000 0.000000
1.000000 20.000000 6.000000 12.000000 9617.219329 0.015118 0.037561 0.000000 0.000000 -0.000000
1.000000 21.000000 6.000000 12.000000 3938.376452 0.006103 0.014852 0.000000 0.000000 -0.000000
1.000000 22.000000 6.000000 12.000000 3224.813252 0.004989 0.012109 0.000000 0.000000 -0.000000
1.000000 23.000000 6.000000 12.000000 2823.164910 0.004363 0.010575 0.000000 0.000000 0.000000
1.000000 24.000000 6.000000 12.000000 2525.632908 0.003900 0.009444 0.000000 0.000000 -0.000000
1.000000 1.000000 7.000000 12.000000 2268.243736 0.003501 0.008468 0.000000 0.000000 -0.000000
1.000000 2.000000 7.000000 12.000000 2093.096687 0.003229 0.007806 0.000000 0.000000 -0.000000
1.000000 3.000000 7.000000 12.000000 1951.010786 0.003009 0.007270 0.000000 0.000000 -0.000000
1.000000 4.000000 7.000000 12.000000 1826.543997 0.002816 0.006801 0.000000 0.000000 -0.000000
1.000000 5.000000 7.000000 12.000000 1733.234364 0.002671 0.006450 0.000000 0.000000 -0.000000
1.000000 6.000000 7.000000 12.000000 1639.731804 0.002527 0.006099 0.000000 0.000000 -0.000000
1.000000 7.000000 7.000000 12.000000 1644.793713 0.002534 0.006118 0.000000 0.000000 -0.000000
1.000000 8.000000 7.000000 12.000000 2833.046109 0.004378 0.010613 0.008023 0.000000 0.000000
1.000000 9.000000 7.000000 12.000000 3531.071725 0.005467 0.013283 0.009808 0.000000 0.000000
1.000000 10.000000 7.000000 12.000000 2952.773771 0.004565 0.011069 0.010430 0.000000 0.000000
1.000000 11.000000 7.000000 12.000000 2597.064685 0.004011 0.009715 0.009715 0.000000 -1226.226403
1.000000 12.000000 7.000000 12.000000 2792.755296 0.004316 0.010459 0.010459 0.000000 -745.507813
1.000000 13.000000 7.000000 12.000000 3069.604386 0.004747 0.011515 0.010863 0.000000 0.000000
1.000000 14.000000 7.000000 12.000000 4408.794368 0.006840 0.016674 0.009990 0.000000 0.000000
1.000000 15.000000 7.000000 12.000000 13129.687074 0.020824 0.052436 0.020824 9039.396266 0.000000
1.000000 16.000000 7.000000 12.000000 27953.580421 0.046077 0.123382 0.046077 28546.537666 0.000000
1.000000 17.000000 7.000000 12.000000 39804.102450 0.067739 0.191818 0.067739 45178.734646 0.000000
1.000000 18.000000 7.000000 12.000000 39539.536861 0.067240 0.190154 0.067240 43852.580704 0.000000
1.000000 19.000000 7.000000 12.000000 67610.626455 0.124534 0.415287 0.000000 0.000000 0.000000
1.000000 20.000000 7.000000 12.000000 9436.356985 0.014827 0.036813 0.000000 0.000000 -0.000000
1.000000 21.000000 7.000000 12.000000 3910.749547 0.006060 0.014746 0.000000 0.000000 -0.000000
1.000000 22.000000 7.000000 12.000000 3228.384822 0.004994 0.012123 0.000000 0.000000 -0.000000
1.000000 23.000000 7.000000 12.000000 2857.670323 0.004417 0.010707 0.000000 0.000000 0.000000
1.000000 24.000000 7.000000 12.000000 2578.656088 0.003983 0.009645 0.000000 0.000000 0.000000
1.000000 1.000000 1.000000 12.000000 2365.267822 0.003651 0.008835 0.000000 0.000000 -0.000000
1.000000 2.000000 1.000000 12.000000 2190.666446 0.003380 0.008175 0.000000 0.000000 -0.000000
1.000000 3.000000 1.000000 12.000000 2046.835020 0.003157 0.007631 0.000000 0.000000 -0.000000
1.000000 4.000000 1.000000 12.000000 1936.648148 0.002986 0.007216 0.000000 0.000000 -0.000000
1.000000 5.000000 1.000000 12.000000 1865.513169 0.002876 0.006948 0.000000 0.000000 -0.000000
1.000000 6.000000 1.000000 12.000000 1797.462184 0.002771 0.006692 0.000000 0.000000 -0.000000
1.000000 7.000000 1.000000 12.000000 1826.707936 0.002816 0.006802 0.000000 0.000000 -0.000000
1.000000 8.000000 1.000000 12.000000 2730.081161 0.004218 0.010221 0.010221 0.000000 -36.099981
1.000000 9.000000 1.000000 12.000000 3516.925741 0.005445 0.013229 0.011700 0.000000 0.000000
1.000000 10.000000 1.000000 12.000000 2888.093671 0.004464 0.010823 0.010823 0.000000 -1962.538019
1.000000 11.000000 1.000000 12.000000 2748.642930 0.004247 0.010291 0.010291 0.000000 -2988.842396
1.000000 12.000000 1.000000 12.000000 2928.765059 0.004527 0.010978 0.010978 0.000000 -2145.087257
1.000000 13.000000 1.000000 12.000000 3143.040398 0.004861 0.011796 0.011796 0.000000 -971.684664
1.000000 14.000000 1.000000 12.000000 4442.762887 0.006894 0.016806 0.012328 0.000000 0.000000
1.000000 15.000000 1.000000 12.000000 13061.329475 0.020712 0.052140 0.020712 7781.917018 0.000000
1.000000 16.000000 1.000000 12.000000 27848.798164 0.045892 0.122828 0.045892 27357.674578 0.000000
1.000000 17.000000 1.000000 12.000000 39690.653931 0.067524 0.191104 0.067524 43805.542847 0.000000
1.000000 18.000000 1.000000 12.000000 39141.087688 0.066490 0.187659 0.066490 42081.067188 0.000000
1.000000 19.000000 1.000000 12.000000 66420.947829 0.121913 0.403243 0.000000 0.000000 0.000000
1.000000 20.000000 1.000000 12.000000 9215.793480 0.014472 0.035903 0.000000 0.000000 -0.000000
1.000000 21.000000 1.000000 12.000000 3818.989087 0.005917 0.014392 0.000000 0.000000 -0.000000
1.000000 22.000000 1.000000 12.000000 3175.244699 0.004911 0.011919 0.000000 0.000000 -0.000000
1.000000 23.000000 1.000000 12.000000 2823.897898 0.004364 0.010578 0.000000 0.000000 0.000000
1.000000 24.000000 1.000000 12.000000 2557.580295 0.003950 0.009565 0.000000 0.000000 0.000000
1.000000 1.000000 2.000000 12.000000 2332.542425 0.003600 0.008712 0.000000 0.000000 -0.000000
1.000000 2.000000 2.000000 12.000000 2160.233544 0.003333 0.008060 0.000000 0.000000 -0.000000
1.000000 3.000000 2.000000 12.000000 2025.724026 0.003124 0.007552 0.000000 0.000000 -0.000000
1.000000 4.000000 2.000000 12.000000 1911.662831 0.002948 0.007122 0.000000 0.000000 -0.000000
1.000000 5.000000 2.000000 12.000000 1832.078793 0.002824 0.006822 0.000000 0.000000 -0.000000
1.000000 6.000000 2.000000 12.000000 1741.553950 0.002684 0.006481 0.000000 0.000000 -0.000000
1.000000 7.000000 2.000000 12.000000 1769.396986 0.002727 0.006586 0.000000 0.000000 -0.000000
1.000000 8.000000 2.000000 12.000000 2789.425120 0.004311 0.010447 0.009837 0.000000 0.000000
1.000000 9.000000 2.000000 12.000000 3585.945925 0.005552 0.013494 0.011692 0.000000 0.000000
1.000000 10.000000 2.000000 12.000000 2902.311242 0.004486 0.010877 0.010877 0.000000 -1639.246018
1.000000 11.000000 2.000000 12.000000 2585.684939 0.003994 0.009672 0.009672 0.000000 -2542.893882
1.000000 12.000000 2.000000 12.000000 2751.458510 0.004251 0.010302 0.010302 0.000000 -1921.073778
1.000000 13.000000 2.000000 12.000000 3095.604086 0.004787 0.011615 0.011615 0.000000 -936.137106
1.000000 14.000000 2.000000 12.000000 4488.543970 0.006966 0.016984 0.012293 0.000000 0.000000
1.000000 15.000000 2.000000 12.000000 13245.201287 0.021014 0.052937 0.021014 7911.813567 0.000000
1.000000 16.000000 2.000000 12.000000 27967.084048 0.046101 0.123453 0.046101 26863.189406 0.000000
1.000000 17.000000 2.000000 12.000000 39280.807249 0.066752 0.188532 0.066752 43255.980555 0.000000
1.000000 18.000000 2.000000 12.000000 38613.494928 0.065499 0.184380 0.065499 41562.012473 0.000000
1.000000 19.000000 2.000000 12.000000 65958.317722 0.120899 0.398634 0.000000 0.000000 0.000000
1.000000 20.000000 2.000000 12.000000 9079.231416 0.014253 0.035341 0.000000 0.000000 -0.000000
1.000000 21.000000 2.000000 12.000000 3730.075617 0.005778 0.014049 0.000000 0.000000 -0.000000
1.000000 22.000000 2.000000 12.000000 3103.411056 0.004799 0.011644 0.000000 0.000000 0.000000
1.000000 23.000000 2.000000 12.000000 2751.081118 0.004251 0.010301 0.000000 0.000000 0.000000
1.000000 24.000000 2.000000 12.000000 2493.420427 0.003850 0.009321 0.000000 0.000000 0.000000
1.000000 1.000000 3.000000 12.000000 2265.395861 0.003496 0.008457 0.000000 0.000000 -0.000000
1.000000 2.000000 3.000000 12.000000 2081.840965 0.003211 0.007764 0.000000 0.000000 -0.000000
1.000000 3.000000 3.000000 12.000000 1939.889557 0.002991 0.007228 0.000000 0.000000 -0.000000
1.000000 4.000000 3.000000 12.000000 1826.196372 0.002815 0.006800 0.000000 0.000000 -0.000000
1.000000 5.000000 3.000000 12.000000 1736.856122 0.002677 0.006464 0.000000 0.000000 -0.000000
1.000000 6.000000 3.000000 12.000000 1638.119779 0.002524 0.006093 0.000000 0.000000 -0.000000
1.000000 7.000000 3.000000 12.000000 1700.958681 0.002621 0.006329 0.000000 0.000000 -0.000000
1.000000 8.000000 3.000000 12.000000 2569.862946 0.003969 0.009612 0.000000 0.000000 -0.000000
1.000000 9.000000 3.000000 12.000000 3837.077639 0.005945 0.014461 0.000000 0.000000 -0.000000
1.000000 10.000000 3.000000 12.000000 5945.192137 0.009260 0.022696 0.000000 0.000000 -0.000000
1.000000 11.000000 3.000000 12.000000 8184.218734 0.012819 0.031679 0.000000 0.000000 0.000000
1.000000 12.000000 3.000000 12.000000 9242.851266 0.014516 0.036014 0.000000 0.000000 -0.000000
1.000000 13.000000 3.000000 12.000000 10339.480749 0.016283 0.040566 0.000000 0.000000 0.000000
1.000000 14.000000 3.000000 12.000000 15113.847943 0.024093 0.061139 0.000000 0.000000 0.000000
1.000000 15.000000 3.000000 12.000000 44222.453907 0.076179 0.220664 0.000000 0.000000 0.000000
1.000000 16.000000 3.000000 12.000000 93345.668499 0.186120 0.768721 0.000000 0.000000 0.000000
1.000000 17.000000 3.000000 12.000000 132580.142808 0.302379 2.272081 0.000000 0.000000 0.000000
1.000000 18.000000 3.000000 12.000000 133113.607796 0.304191 2.315253 0.000000 0.000000 0.000000
1.000000 19.000000 3.000000 12.000000 83510.008486 0.161420 0.608484 0.000000 0.000000 0.000000
1.000000 20.000000 3.000000 12.000000 11422.886793 0.018039 0.045125 0.000000 0.000000 -0.000000
1.000000 21.000000 3.000000 12.000000 4646.651785 0.007214 0.017599 0.000000 0.000000 -0.000000
1.000000 22.000000 3.000000 12.000000 3771.499332 0.005842 0.014208 0.000000 0.000000 0.000000
1.000000 23.000000 3.000000 12.000000 3272.902906 0.005064 0.012293 0.000000 0.000000 0.000000
1.000000 24.000000 3.000000 12.000000 2925.240373 0.004522 0.010964 0.000000 0.000000 0.000000
1.000000 1.000000 4.000000 12.000000 2638.420978 0.004076 0.009872 0.000000 0.000000 0.000000
1.000000 2.000000 4.000000 12.000000 2411.986737 0.003724 0.009013 0.000000 0.000000 -0.000000
1.000000 3.000000 4.000000 12.000000 2229.591587 0.003441 0.008322 0.000000 0.000000 -0.000000
1.000000 4.000000 4.000000 12.000000 2076.198014 0.003203 0.007742 0.000000 0.000000 -0.000000
1.000000 5.000000 4.000000 12.000000 1954.668466 0.003014 0.007284 0.000000 0.000000 -0.000000
1.000000 6.000000 4.000000 12.000000 1826.348035 0.002816 0.006800 0.000000 0.000000 -0.000000
1.000000 7.000000 4.000000 12.000000 1859.863615 0.002867 0.006927 0.000000 0.000000 -0.000000
1.000000 8.000000 4.000000 12.000000 2720.975809 0.004204 0.010186 0.000000 0.000000 -0.000000
1.000000 9.000000 4.000000 12.000000 3940.058139 0.006106 0.014859 0.000000 0.000000 -0.000000
1.000000 10.000000 4.000000 12.000000 6037.607684 0.009406 0.023062 0.000000 0.000000 -0.000000
1.000000 11.000000 4.000000 12.000000 8009.971834 0.012540 0.030971 0.000000 0.000000 -0.000000
1.000000 12.000000 4.000000 12.000000 8683.326749 0.013618 0.033716 0.000000 0.000000 -0.000000
1.000000 13.000000 4.000000 12.000000 9568.997366 0.015040 0.037362 0.000000 0.000000 -0.000000
1.000000 14.000000 4.000000 12.000000 13443.232313 0.021339 0.053797 0.000000 0.000000 0.000000
1.000000 15.000000 4.000000 12.000000 39228.831851 0.066655 0.188207 0.000000 0.000000 0.000000
1.000000 16.000000 4.000000 12.000000 84034.883269 0.162700 0.616096 0.000000 0.000000 0.000000
1.000000 17.000000 4.000000 12.000000 121367.083292 0.265874 1.589005 0.000000 0.000000 0.000000
1.000000 18.000000 4.000000 12.000000 122785.961568 0.270333 1.657072 0.000000 0.000000 0.000000
1.000000 19.000000 4.000000 12.000000 76348.650290 0.144364 0.513247 0.000000 0.000000 0.000000
1.000000 20.000000 4.000000 12.000000 10182.126277 0.016029 0.039909 0.000000 0.000000 -0.000000
1.000000 21.000000 4.000000 12.000000 4120.807546 0.006389 0.015557 0.000000 0.000000 -0.000000
1.000000 22.000000 4.000000 12.000000 3373.321908 0.005220 0.012678 0.000000 0.000000 -0.000000
1.000000 23.000000 4.000000 12.000000 2976.701378 0.004602 0.011161 0.000000 0.000000 0.000000
1.000000 24.000000 4.000000 12.000000 2690.566631 0.004157 0.010070 0.000000 0.000000 0.000000
1.000000 1.000000 5.000000 12.000000 2444.953027 0.003775 0.009138 0.000000 0.000000 0.000000
1.000000 2.000000 5.000000 12.000000 2258.249193 0.003485 0.008430 0.000000 0.000000 -0.000000
1.000000 3.000000 5.000000 12.000000 2127.667754 0.003282 0.007937 0.000000 0.000000 -0.000000
1.000000 4.000000 5.000000 12.000000 2033.849228 0.003137 0.007582 0.000000 0.000000 -0.000000
1.000000 5.000000 5.000000 12.000000 1971.179489 0.003040 0.007346 0.000000 0.000000 -0.000000
1.000000 6.000000 5.000000 12.000000 1862.285059 0.002871 0.006936 0.000000 0.000000 -0.000000
1.000000 7.000000 5.000000 12.000000 1878.012017 0.002896 0.006995 0.000000 0.000000 -0.000000
1.000000 8.000000 5.000000 12.000000 2696.775058 0.004166 0.010094 0.010094 0.000000 -729.595956
1.000000 9.000000 5.000000 12.000000 3589.130986 0.005557 0.013507 0.013136 0.000000 0.000000
1.000000 10.000000 5.000000 12.000000 2882.034452 0.004455 0.010799 0.010799 0.000000 -1847.949296
1.000000 11.000000 5.000000 12.000000 2716.556520 0.004197 0.010169 0.010169 0.000000 -2805.224275
1.000000 12.000000 5.000000 12.000000 2895.488537 0.004476 0.010851 0.010851 0.000000 -2126.735197
1.000000 13.000000 5.000000 12.000000 3140.981544 0.004858 0.011788 0.011788 0.000000 -299.070439
1.000000 14.000000 5.000000 12.000000 4425.254706 0.006866 0.016738 0.011250 0.000000 0.000000
1.000000 15.000000 5.000000 12.000000 12888.844727 0.020430 0.051395 0.020430 7657.734484 0.000000
1.000000 16.000000 5.000000 12.000000 27149.441441 0.044657 0.119152 0.044657 26835.376659 0.000000
1.000000 17.000000 5.000000 12.000000 38488.662014 0.065265 0.183608 0.065265 42471.676571 0.000000
1.000000 18.000000 5.000000 12.000000 38080.665203 0.064501 0.181095 0.064501 41018.554256 0.000000
1.000000 19.000000 5.000000 12.000000 65412.946882 0.119707 0.393254 0.000000 0.000000 0.000000
1.000000 20.000000 5.000000 12.000000 9149.907343 0.014366 0.035631 0.000000 0.000000 -0.000000
1.000000 21.000000 5.000000 12.000000 3777.647476 0.005852 0.014232 0.000000 0.000000 -0.000000
1.000000 22.000000 5.000000 12.000000 3126.850129 0.004836 0.011734 0.000000 0.000000 -0.000000
1.000000 23.000000 5.000000 12.000000 2773.430204 0.004286 0.010386 0.000000 0.000000 0.000000
1.000000 24.000000 5.000000 12.000000 2503.561718 0.003866 0.009360 0.000000 0.000000 0.000000
1.000000 1.000000 6.000000 12.000000 2304.063832 0.003556 0.008604 0.000000 0.000000 0.000000
1.000000 2.000000 6.000000 12.000000 2140.393652 0.003302 0.007985 0.000000 0.000000 -0.000000
1.000000 3.000000 6.000000 12.000000 2015.764503 0.003109 0.007514 0.000000 0.000000 -0.000000
1.000000 4.000000 6.000000 12.000000 1919.177322 0.002959 0.007150 0.000000 0.000000 -0.000000
1.000000 5.000000 6.000000 12.000000 1852.831042 0.002857 0.006900 0.000000 0.000000 -0.000000
1.000000 6.000000 6.000000 12.000000 1768.425156 0.002726 0.006582 0.000000 0.000000 -0.000000
1.000000 7.000000 6.000000 12.000000 1795.761208 0.002768 0.006685 0.000000 0.000000 -0.000000
1.000000 8.000000 6.000000 12.000000 2742.075080 0.004237 0.010266 0.009201 0.000000 0.000000
1.000000 9.000000 6.000000 12.000000 3554.511983 0.005503 0.013373 0.010603 0.000000 0.000000
1.000000 10.000000 6.000000 12.000000 2895.001647 0.004475 0.010849 0.010849 0.000000 -256.226948
1.000000 11.000000 6.000000 12.000000 2727.190706 0.004214 0.010210 0.010210 0.000000 -695.801310
1.000000 12.000000 6.000000 12.000000 3045.667673 0.004709 0.011424 0.011287 0.000000 0.000000
1.000000 13.000000 6.000000 12.000000 3284.423880 0.005082 0.012337 0.010542 0.000000 0.000000
1.000000 14.000000 6.000000 12.000000 4537.121423 0.007042 0.017172 0.009035 0.000000 0.000000
1.000000 15.000000 6.000000 12.000000 13166.385195 0.020884 0.052595 0.020884 9297.418521 0.000000
1.000000 16.000000 6.000000 12.000000 27490.748171 0.045259 0.120942 0.045259 27770.309411 0.000000
1.000000 17.000000 6.000000 12.000000 38478.659835 0.065246 0.183546 0.065246 43717.248896 0.000000
1.000000 18.000000 6.000000 12.000000 38038.891904 0.064423 0.180838 0.064423 42051.610260 0.000000
1.000000 19.000000 6.000000 12.000000 65464.339629 0.119819 0.393758 0.000000 0.000000 0.000000
1.000000 20.000000 6.000000 12.000000 9132.977484 0.014339 0.035562 0.000000 0.000000 -0.000000
1.000000 21.000000 6.000000 12.000000 3744.312199 0.005800 0.014104 0.000000 0.000000 -0.000000
1.000000 22.000000 6.000000 12.000000 3105.551014 0.004803 0.011653 0.000000 0.000000 -0.000000
1.000000 23.000000 6.000000 12.000000 2756.587832 0.004259 0.010322 0.000000 0.000000 0.000000
1.000000 24.000000 6.000000 12.000000 2483.494299 0.003835 0.009284 0.000000 0.000000 -0.000000
1.000000 1.000000 7.000000 12.000000 2309.267908 0.003564 0.008623 0.000000 0.000000 -0.000000
1.000000 2.000000 7.000000 12.000000 2173.090582 0.003353 0.008108 0.000000 0.000000 -0.000000
1.000000 3.000000 7.000000 12.000000 2067.359710 0.003189 0.007709 0.000000 0.000000 -0.000000
1.000000 4.000000 7.000000 12.000000 1975.792816 0.003047 0.007363 0.000000 0.000000 -0.000000
1.000000 5.000000 7.000000 12.000000 1904.507543 0.002937 0.007095 0.000000 0.000000 -0.000000
1.000000 6.000000 7.000000 12.000000 1800.473358 0.002775 0.006703 0.000000 0.000000 -0.000000
1.000000 7.000000 7.000000 12.000000 1830.676940 0.002822 0.006817 0.000000 0.000000 -0.000000
1.000000 8.000000 7.000000 12.000000 2753.008775 0.004254 0.010308 0.009128 0.000000 0.000000
1.000000 9.000000 7.000000 12.000000 3476.984732 0.005382 0.013076 0.010288 0.000000 0.000000
1.000000 10.000000 7.000000 12.000000 2943.837104 0.004551 0.011035 0.011028 0.000000 0.000000
1.000000 11.000000 7.000000 12.000000 2570.408306 0.003970 0.009614 0.009614 0.000000 -1052.546830
1.000000 12.000000 7.000000 12.000000 2755.673230 0.004258 0.010318 0.010318 0.000000 -461.963657
1.000000 13.000000 7.000000 12.000000 2962.519998 0.004580 0.011106 0.009929 0.000000 0.000000
1.000000 14.000000 7.000000 12.000000 4179.453794 0.006481 0.015784 0.007947 0.000000 0.000000
1.000000 15.000000 7.000000 12.000000 12319.292301 0.019499 0.048945 0.019499 8771.105897 0.000000
1.000000 16.000000 7.000000 12.000000 26534.742856 0.043575 0.115952 0.043575 26990.100690 0.000000
1.000000 17.000000 7.000000 12.000000 37949.508565 0.064256 0.180290 0.064256 43057.809829 0.000000
1.000000 18.000000 7.000000 12.000000 37536.531036 0.063486 0.177768 0.063486 41586.053831 0.000000
1.000000 19.000000 7.000000 12.000000 64772.513085 0.118312 0.387008 0.000000 0.000000 0.000000
1.000000 20.000000 7.000000 12.000000 8946.248419 0.014039 0.034794 0.000000 0.000000 -0.000000
1.000000 21.000000 7.000000 12.000000 3668.406357 0.005681 0.013811 0.000000 0.000000 -0.000000
1.000000 22.000000 7.000000 12.000000 3042.449465 0.004704 0.011412 0.000000 0.000000 -0.000000
1.000000 23.000000 7.000000 12.000000 2698.034179 0.004168 0.010099 0.000000 0.000000 0.000000
1.000000 24.000000 7.000000 12.000000 2435.831816 0.003761 0.009103 0.000000 0.000000 -0.000000
1.000000 1.000000 1.000000 12.000000 2266.799589 0.003498 0.008463 0.000000 0.000000 -0.000000
1.000000 2.000000 1.000000 12.000000 2145.092529 0.003310 0.008002 0.000000 0.000000 -0.000000
1.000000 3.000000 1.000000 12.000000 2038.363825 0.003144 0.007599 0.000000 0.000000 -0.000000
1.000000 4.000000 1.000000 12.000000 1959.120799 0.003021 0.007301 0.000000 0.000000 -0.000000
1.000000 5.000000 1.000000 12.000000 1902.572571 0.002934 0.007087 0.000000 0.000000 -0.000000
1.000000 6.000000 1.000000 12.000000 1796.618686 0.002769 0.006688 0.000000 0.000000 -0.000000
1.000000 7.000000 1.000000 12.000000 1840.519863 0.002837 0.006854 0.000000 0.000000 -0.000000
1.000000 8.000000 1.000000 12.000000 2743.302216 0.004239 0.010271 0.010271 0.000000 -418.426933
1.000000 9.000000 1.000000 12.000000 3546.771981 0.005491 0.013344 0.012505 0.000000 0.000000
1.000000 10.000000 1.000000 12.000000 2930.412423 0.004530 0.010984 0.010984 0.000000 -1198.677189
1.000000 11.000000 1.000000 12.000000 2606.412159 0.004026 0.009750 0.009750 0.000000 -2661.718940
1.000000 12.000000 1.000000 12.000000 2782.888991 0.004300 0.010422 0.010422 0.000000 -1977.476360
1.000000 13.000000 1.000000 12.000000 3015.265678 0.004662 0.011308 0.011308 0.000000 -684.517049
1.000000 14.000000 1.000000 12.000000 4237.377332 0.006572 0.016009 0.010311 0.000000 0.000000
1.000000 15.000000 1.000000 12.000000 12433.399334 0.019685 0.049434 0.019685 7145.889828 0.000000
1.000000 16.000000 1.000000 12.000000 26731.996344 0.043922 0.116976 0.043922 26146.103720 0.000000
1.000000 17.000000 1.000000 12.000000 38351.870832 0.065009 0.182763 0.065009 42064.674382 0.000000
1.000000 18.000000 1.000000 12.000000 37913.484805 0.064189 0.180070 0.064189 40540.534482 0.000000
1.000000 19.000000 1.000000 12.000000 66057.815016 0.121117 0.399622 0.000000 0.000000 0.000000
1.000000 20.000000 1.000000 12.000000 9185.274358 0.014423 0.035777 0.000000 0.000000 -0.000000
1.000000 21.000000 1.000000 12.000000 3804.290104 0.005894 0.014335 0.000000 0.000000 -0.000000
1.000000 22.000000 1.000000 12.000000 3156.516577 0.004882 0.011848 0.000000 0.000000 -0.000000
1.000000 23.000000 1.000000 12.000000 2807.099325 0.004338 0.010514 0.000000 0.000000 0.000000
1.000000 24.000000 1.000000 12.000000 2555.661460 0.003947 0.009558 0.000000 0.000000 -0.000000
1.000000 1.000000 2.000000 12.000000 2351.242619 0.003629 0.008782 0.000000 0.000000 -0.000000
1.000000 2.000000 2.000000 12.000000 2208.142472 0.003407 0.008241 0.000000 0.000000 -0.000000
1.000000 3.000000 2.000000 12.000000 2105.259899 0.003248 0.007852 0.000000 0.000000 -0.000000
1.000000 4.000000 2.000000 12.000000 2034.239655 0.003138 0.007584 0.000000 0.000000 -0.000000
1.000000 5.000000 2.000000 12.000000 1981.135634 0.003055 0.007384 0.000000 0.000000 -0.000000
1.000000 6.000000 2.000000 12.000000 1870.192406 0.002883 0.006965 0.000000 0.000000 -0.000000
1.000000 7.000000 2.000000 12.000000 1888.431712 0.002912 0.007034 0.000000 0.000000 -0.000000
1.000000 8.000000 2.000000 12.000000 2690.864274 0.004157 0.010071 0.010071 0.000000 -873.641379
1.000000 9.000000 2.000000 12.000000 3628.518486 0.005619 0.013658 0.013028 0.000000 0.000000
1.000000 10.000000 2.000000 12.000000 2895.394250 0.004475 0.010850 0.010850 0.000000 -1546.965205
1.000000 11.000000 2.000000 12.000000 2648.815034 0.004092 0.009912 0.009912 0.000000 -2036.707930
1.000000 12.000000 2.000000 12.000000 2828.688017 0.004372 0.010596 0.010596 0.000000 -1588.118663
1.000000 13.000000 2.000000 12.000000 3100.654295 0.004795 0.011634 0.011634 0.000000 -554.477510
1.000000 14.000000 2.000000 12.000000 4445.430708 0.006898 0.016816 0.010993 0.000000 0.000000
1.000000 15.000000 2.000000 12.000000 13129.875674 0.020825 0.052437 0.020825 7744.242290 0.000000
1.000000 16.000000 2.000000 12.000000 27895.630287 0.045975 0.123075 0.045975 27374.316265 0.000000
1.000000 17.000000 2.000000 12.000000 39632.474550 0.067415 0.190738 0.067415 43774.263630 0.000000
1.000000 18.000000 2.000000 12.000000 39050.249009 0.066319 0.187093 0.066319 41996.673370 0.000000
1.000000 19.000000 2.000000 12.000000 67025.325066 0.123242 0.409326 0.000000 0.000000 0.000000
1.000000 20.000000 2.000000 12.000000 9307.084857 0.014619 0.036279 0.000000 0.000000 -0.000000
1.000000 21.000000 2.000000 12.000000 3816.992269 0.005913 0.014384 0.000000 0.000000 -0.000000
1.000000 22.000000 2.000000 12.000000 3128.415437 0.004838 0.011740 0.000000 0.000000 -0.000000
1.000000 23.000000 2.000000 12.000000 2767.010222 0.004276 0.010361 0.000000 0.000000 0.000000
1.000000 24.000000 2.000000 12.000000 2498.104132 0.003858 0.009339 0.000000 0.000000 -0.000000
1.000000 1.000000 3.000000 12.000000 2278.075433 0.003516 0.008505 0.000000 0.000000 -0.000000
1.000000 2.000000 3.000000 12.000000 2119.706647 0.003270 0.007907 0.000000 0.000000 -0.000000
1.000000 3.000000 3.000000 12.000000 1989.279458 0.003068 0.007414 0.000000 0.000000 -0.000000
1.000000 4.000000 3.000000 12.000000 1884.384069 0.002905 0.007019 0.000000 0.000000 -0.000000
1.000000 5.000000 3.000000 12.000000 1814.553261 0.002797 0.006756 0.000000 0.000000 -0.000000
1.000000 6.000000 3.000000 12.000000 1723.218924 0.002656 0.006412 0.000000 0.000000 -0.000000
1.000000 7.000000 3.000000 12.000000 1760.136998 0.002713 0.006551 0.000000 0.000000 -0.000000
1.000000 8.000000 3.000000 12.000000 2569.208175 0.003968 0.009609 0.000000 0.000000 -0.000000
1.000000 9.000000 3.000000 12.000000 3816.924614 0.005913 0.014384 0.000000 0.000000 -0.000000
1.000000 10.000000 3.000000 12.000000 5909.389634 0.009203 0.022555 0.000000 0.000000 -0.000000
1.000000 11.000000 3.000000 12.000000 8073.603468 0.012642 0.031230 0.000000 0.000000 -0.000000
1.000000 12.000000 3.000000 12.000000 9034.333978 0.014181 0.035156 0.000000 0.000000 -0.000000
1.000000 13.000000 3.000000 12.000000 10000.696780 0.015736 0.039153 0.000000 0.000000 -0.000000
1.000000 14.000000 3.000000 12.000000 14136.444022 0.022479 0.056824 0.000000 0.000000 0.000000
1.000000 15.000000 3.000000 12.000000 41168.762469 0.070323 0.200515 0.000000 0.000000 0.000000
1.000000 16.000000 3.000000 12.000000 87912.254426 0.172286 0.675390 0.000000 0.000000 0.000000
1.000000 17.000000 3.000000 12.000000 127252.071076 0.284666 1.901615 0.000000 0.000000 0.000000
1.000000 18.000000 3.000000 12.000000 127646.897078 0.285955 1.925783 0.000000 0.000000 0.000000
1.000000 19.000000 3.000000 12.000000 80861.210487 0.155024 0.571452 0.000000 0.000000 0.000000
1.000000 20.000000 3.000000 12.000000 11028.554603 0.017399 0.043458 0.000000 0.000000 -0.000000
1.000000 21.000000 3.000000 12.000000 4521.643497 0.007018 0.017112 0.000000 0.000000 -0.000000
1.000000 22.000000 3.000000 12.000000 3701.981523 0.005734 0.013941 0.000000 0.000000 0.000000
1.000000 23.000000 3.000000 12.000000 3222.036114 0.004984 0.012098 0.000000 0.000000 0.000000
1.000000 24.000000 3.000000 12.000000 2858.053933 0.004417 0.010708 0.000000 0.000000 0.000000
1.000000 1.000000 4.000000 12.000000 2624.515307 0.004054 0.009819 0.000000 0.000000 0.000000
1.000000 2.000000 4.000000 12.000000 2426.684232 0.003747 0.009068 0.000000 0.000000 -0.000000
1.000000 3.000000 4.000000 12.000000 2268.598182 0.003501 0.008469 0.000000 0.000000 -0.000000
1.000000 4.000000 4.000000 12.000000 2141.947843 0.003305 0.007991 0.000000 0.000000 -0.000000
1.000000 5.000000 4.000000 12.000000 2055.927365 0.003171 0.007666 0.000000 0.000000 -0.000000
1.000000 6.000000 4.000000 12.000000 1924.689860 0.002968 0.007171 0.000000 0.000000 -0.000000
1.000000 7.000000 4.000000 12.000000 1928.827714 0.002974 0.007186 0.000000 0.000000 -0.000000
1.000000 8.000000 4.000000 12.000000 2778.934574 0.004294 0.010407 0.000000 0.000000 -0.000000
1.000000 9.000000 4.000000 12.000000 3945.597863 0.006115 0.014880 0.000000 0.000000 -0.000000
1.000000 10.000000 4.000000 12.000000 6106.713965 0.009515 0.023336 0.000000 0.000000 -0.000000
1.000000 11.000000 4.000000 12.000000 8223.873602 0.012882 0.031841 0.000000 0.000000 -0.000000
1.000000 12.000000 4.000000 12.000000 9181.361946 0.014417 0.035761 0.000000 0.000000 -0.000000
1.000000 13.000000 4.000000 12.000000 10160.243359 0.015994 0.039818 0.000000 0.000000 -0.000000
1.000000 14.000000 4.000000 12.000000 14614.533988 0.023267 0.058928 0.000000 0.000000 0.000000
1.000000 15.000000 4.000000 12.000000 42478.642707 0.072823 0.209039 0.000000 0.000000 0.000000
1.000000 16.000000 4.000000 12.000000 89856.630659 0.177182 0.707314 0.000000 0.000000 0.000000
1.000000 17.000000 4.000000 12.000000 129113.214917 0.290776 2.019739 0.000000 0.000000 0.000000
1.000000 18.000000 4.000000 12.000000 129887.769330 0.293343 2.072222 0.000000 0.000000 0.000000
1.000000 19.000000 4.000000 12.000000 82017.681774 0.157803 0.587343 0.000000 0.000000 0.000000
1.000000 20.000000 4.000000 12.000000 11142.746289 0.017584 0.043940 0.000000 0.000000 -0.000000
1.000000 21.000000 4.000000 12.000000 4502.290037 0.006987 0.017037 0.000000 0.000000 -0.000000
1.000000 22.000000 4.000000 12.000000 3658.870426 0.005666 0.013775 0.000000 0.000000 0.000000
1.000000 23.000000 4.000000 12.000000 3178.024235 0.004916 0.011930 0.000000 0.000000 0.000000
1.000000 24.000000 4.000000 12.000000 2823.583688 0.004364 0.010577 0.000000 0.000000 0.000000
1.000000 1.000000 5.000000 12.000000 2584.125370 0.003991 0.009666 0.000000 0.000000 -0.000000
1.000000 2.000000 5.000000 12.000000 2400.507407 0.003706 0.008969 0.000000 0.000000 -0.000000
1.000000 3.000000 5.000000 12.000000 2271.727850 0.003506 0.008481 0.000000 0.000000 -0.000000
1.000000 4.000000 5.000000 12.000000 2175.688267 0.003357 0.008118 0.000000 0.000000 -0.000000
1.000000 5.000000 5.000000 12.000000 2098.587788 0.003237 0.007827 0.000000 0.000000 -0.000000
1.000000 6.000000 5.000000 12.000000 1973.873085 0.003044 0.007356 0.000000 0.000000 -0.000000
1.000000 7.000000 5.000000 12.000000 1985.929542 0.003063 0.007402 0.000000 0.000000 -0.000000
1.000000 8.000000 5.000000 12.000000 2747.524885 0.004245 0.010287 0.010287 0.000000 -900.621324
1.000000 9.000000 5.000000 12.000000 3480.640962 0.005388 0.013090 0.013090 0.000000 -283.916387
1.000000 10.000000 5.000000 12.000000 2809.787720 0.004342 0.010524 0.010524 0.000000 -1877.956130
1.000000 11.000000 5.000000 12.000000 2810.654294 0.004344 0.010527 0.010527 0.000000 -2314.376930
1.000000 12.000000 5.000000 12.000000 3046.225771 0.004710 0.011426 0.011426 0.000000 -1545.450203
1.000000 13.000000 5.000000 12.000000 3306.543648 0.005116 0.012422 0.012422 0.000000 -257.531142
1.000000 14.000000 5.000000 12.000000 4719.190834 0.007328 0.017881 0.011781 0.000000 0.000000
1.000000 15.000000 5.000000 12.000000 13894.694465 0.022081 0.055765 0.022081 8326.440765 0.000000
1.000000 16.000000 5.000000 12.000000 29554.502798 0.048924 0.131947 0.048924 29725.876104 0.000000
1.000000 17.000000 5.000000 12.000000 41865.350475 0.071650 0.205026 0.071650 46730.679567 0.000000
1.000000 18.000000 5.000000 12.000000 40876.707553 0.069769 0.198638 0.069769 44449.998608 0.000000
1.000000 19.000000 5.000000 12.000000 69691.808151 0.129163 0.437053 0.000000 0.000000 0.000000
1.000000 20.000000 5.000000 12.000000 9723.496327 0.015289 0.038002 0.000000 0.000000 -0.000000
1.000000 21.000000 5.000000 12.000000 3972.342539 0.006157 0.014983 0.000000 0.000000 -0.000000
1.000000 22.000000 5.000000 12.000000 3266.180597 0.005053 0.012267 0.000000 0.000000 -0.000000
1.000000 23.000000 5.000000 12.000000 2856.178040 0.004414 0.010701 0.000000 0.000000 0.000000
1.000000 24.000000 5.000000 12.000000 2543.444222 0.003928 0.009511 0.000000 0.000000 -0.000000
1.000000 1.000000 6.000000 12.000000 2396.524635 0.003700 0.008954 0.000000 0.000000 -0.000000
1.000000 2.000000 6.000000 12.000000 2231.526282 0.003444 0.008329 0.000000 0.000000 -0.000000
1.000000 3.000000 6.000000 12.000000 2119.810180 0.003270 0.007907 0.000000 0.000000 -0.000000
1.000000 4.000000 6.000000 12.000000 2013.179745 0.003105 0.007504 0.000000 0.000000 -0.000000
1.000000 5.000000 6.000000 12.000000 1909.317224 0.002944 0.007113 0.000000 0.000000 -0.000000
1.000000 6.000000 6.000000 12.000000 1800.035423 0.002775 0.006701 0.000000 0.000000 -0.000000
1.000000 7.000000 6.000000 12.000000 1808.580747 0.002788 0.006733 0.000000 0.000000 -0.000000
1.000000 8.000000 6.000000 12.000000 2644.991849 0.004086 0.009897 0.000000 0.000000 0.000000
1.000000 9.000000 6.000000 12.000000 3796.090272 0.005881 0.014303 0.000000 0.000000 0.000000
1.000000 10.000000 6.000000 12.000000 5858.540775 0.009123 0.022354 0.000000 0.000000 0.000000
1.000000 11.000000 6.000000 12.000000 7870.415009 0.012318 0.030405 0.000000 0.000000 0.000000
1.000000 12.000000 6.000000 12.000000 8702.417256 0.013648 0.033794 0.000000 0.000000 0.000000
1.000000 13.000000 6.000000 12.000000 9754.863478 0.015340 0.038132 0.000000 0.000000 0.000000
1.000000 14.000000 6.000000 12.000000 14010.008594 0.022271 0.056270 0.000000 0.000000 0.000000
1.000000 15.000000 6.000000 12.000000 41386.401955 0.070738 0.201919 0.000000 0.000000 0.000000
1.000000 16.000000 6.000000 12.000000 87540.601762 0.171357 0.669462 0.000000 0.000000 0.000000
1.000000 17.000000 6.000000 12.000000 125757.602089 0.279819 1.814145 0.000000 0.000000 0.000000
1.000000 18.000000 6.000000 12.000000 127757.542237 0.286317 1.932639 0.000000 0.000000 0.000000
1.000000 19.000000 6.000000 12.000000 80928.031702 0.155184 0.572359 0.000000 0.000000 0.000000
1.000000 20.000000 6.000000 12.000000 11198.045936 0.017674 0.044174 0.000000 0.000000 -0.000000
1.000000 21.000000 6.000000 12.000000 4685.638071 0.007275 0.017751 0.000000 0.000000 -0.000000
1.000000 22.000000 6.000000 12.000000 3846.080297 0.005959 0.014496 0.000000 0.000000 -0.000000
1.000000 23.000000 6.000000 12.000000 3344.550562 0.005175 0.012568 0.000000 0.000000 -0.000000
1.000000 24.000000 6.000000 12.000000 2968.969622 0.004590 0.011131 0.000000 0.000000 -0.000000
1.000000 1.000000 7.000000 12.000000 2688.988034 0.004154 0.010064 0.000000 0.000000 -0.000000
1.000000 2.000000 7.000000 12.000000 2493.332779 0.003850 0.009321 0.000000 0.000000 -0.000000
1.000000 3.000000 7.000000 12.000000 2324.986342 0.003589 0.008683 0.000000 0.000000 -0.000000
1.000000 4.000000 7.000000 12.000000 2185.310954 0.003372 0.008154 0.000000 0.000000 -0.000000
1.000000 5.000000 7.000000 12.000000 2089.283940 0.003223 0.007792 0.000000 0.000000 -0.000000
1.000000 6.000000 7.000000 12.000000 1981.490038 0.003056 0.007385 0.000000 0.000000 -0.000000
1.000000 7.000000 7.000000 12.000000 1996.013873 0.003078 0.007440 0.000000 0.000000 -0.000000
1.000000 8.000000 7.000000 12.000000 2867.850661 0.004433 0.010745 0.000000 0.000000 0.000000
1.000000 9.000000 7.000000 12.000000 4029.965452 0.006247 0.015206 0.000000 0.000000 0.000000
1.000000 10.000000 7.000000 12.000000 6085.165717 0.009481 0.023251 0.000000 0.000000 0.000000
1.000000 11.000000 7.000000 12.000000 8064.856388 0.012628 0.031194 0.000000 0.000000 0.000000
1.000000 12.000000 7.000000 12.000000 8767.275672 0.013752 0.034060 0.000000 0.000000 0.000000
1.000000 13.000000 7.000000 12.000000 9716.007964 0.015277 0.037971 0.000000 0.000000 0.000000
1.000000 14.000000 7.000000 12.000000 13938.929872 0.022153 0.055959 0.000000 0.000000 0.000000
1.000000 15.000000 7.000000 12.000000 40989.280654 0.069982 0.199360 0.000000 0.000000 0.000000
1.000000 16.000000 7.000000 12.000000 86907.846003 0.169780 0.659492 0.000000 0.000000 0.000000
1.000000 17.000000 7.000000 12.000000 124825.690050 0.276822 1.762606 0.000000 0.000000 0.000000
1.000000 18.000000 7.000000 12.000000 126568.655240 0.282443 1.860849 0.000000 0.000000 0.000000
1.000000 19.000000 7.000000 12.000000 79531.518113 0.151852 0.553690 0.000000 0.000000 0.000000
1.000000 20.000000 7.000000 12.000000 10749.090419 0.016946 0.042282 0.000000 0.000000 -0.000000
1.000000 21.000000 7.000000 12.000000 4381.357178 0.006797 0.016567 0.000000 0.000000 -0.000000
1.000000 22.000000 7.000000 12.000000 3589.012660 0.005557 0.013506 0.000000 0.000000 -0.000000
1.000000 23.000000 7.000000 12.000000 3141.992295 0.004860 0.011792 0.000000 0.000000 0.000000
1.000000 24.000000 7.000000 12.000000 2807.584050 0.004339 0.010516 0.000000 0.000000 -0.000000
1.000000 1.000000 1.000000 1.000000 2553.370898 0.003943 0.009549 0.000000 0.000000 -0.000000
1.000000 2.000000 1.000000 1.000000 2357.506569 0.003639 0.008806 0.000000 0.000000 -0.000000
1.000000 3.000000 1.000000 1.000000 2206.546388 0.003405 0.008235 0.000000 0.000000 -0.000000
1.000000 4.000000 1.000000 1.000000 2065.095999 0.003185 0.007700 0.000000 0.000000 -0.000000
1.000000 5.000000 1.000000 1.000000 1935.549172 0.002985 0.007212 0.000000 0.000000 -0.000000
1.000000 6.000000 1.000000 1.000000 1822.612489 0.002810 0.006786 0.000000 0.000000 -0.000000
1.000000 7.000000 1.000000 1.000000 1778.001981 0.002741 0.006618 0.000000 0.000000 -0.000000
1.000000 8.000000 1.000000 1.000000 2934.115720 0.004536 0.010998 0.010998 0.000000 -86.367502
1.000000 9.000000 1.000000 1.000000 3378.621889 0.005229 0.012698 0.012284 0.000000 0.000000
1.000000 10.000000 1.000000 1.000000 3145.748611 0.004865 0.011806 0.011718 0.000000 0.000000
1.000000 11.000000 1.000000 1.000000 2618.152682 0.004044 0.009795 0.009795 0.000000 -2551.206228
1.000000 12.000000 1.000000 1.000000 2896.570927 0.004477 0.010855 0.010855 0.000000 -1923.682911
1.000000 13.000000 1.000000 1.000000 3325.097952 0.005145 0.012493 0.012493 0.000000 -233.940357
1.000000 14.000000 1.000000 1.000000 3736.584906 0.005788 0.014074 0.012516 0.000000 0.000000
1.000000 15.000000 1.000000 1.000000 11189.239118 0.017659 0.044137 0.017659 4446.170880 0.000000
1.000000 16.000000 1.000000 1.000000 26888.979654 0.044198 0.117793 0.044198 25873.524121 0.000000
1.000000 17.000000 1.000000 1.000000 42679.621202 0.073208 0.210362 0.073208 48002.048366 0.000000
1.000000 18.000000 1.000000 1.000000 48854.376722 0.085251 0.253185 0.085251 56240.192614 0.000000
1.000000 19.000000 1.000000 1.000000 89752.521508 0.176918 0.705565 0.000000 0.000000 0.000000
1.000000 20.000000 1.000000 1.000000 37350.888733 0.063140 0.176639 0.000000 0.000000 0.000000
1.000000 21.000000 1.000000 1.000000 4630.065083 0.007188 0.017534 0.000000 0.000000 -0.000000
1.000000 22.000000 1.000000 1.000000 3562.403171 0.005516 0.013404 0.000000 0.000000 -0.000000
1.000000 23.000000 1.000000 1.000000 3107.803172 0.004806 0.011661 0.000000 0.000000 -0.000000
1.000000 24.000000 1.000000 1.000000 2782.825171 0.004300 0.010421 0.000000 0.000000 -0.000000
1.000000 1.000000 2.000000 1.000000 2532.466723 0.003911 0.009470 0.000000 0.000000 -0.000000
1.000000 2.000000 2.000000 1.000000 2369.437914 0.003658 0.008851 0.000000 0.000000 -0.000000
1.000000 3.000000 2.000000 1.000000 2248.186259 0.003469 0.008392 0.000000 0.000000 -0.000000
1.000000 4.000000 2.000000 1.000000 2145.598901 0.003310 0.008004 0.000000 0.000000 -0.000000
1.000000 5.000000 2.000000 1.000000 2049.856607 0.003162 0.007643 0.000000 0.000000 -0.000000
1.000000 6.000000 2.000000 1.000000 1946.599183 0.003002 0.007253 0.000000 0.000000 -0.000000
1.000000 7.000000 2.000000 1.000000 1880.597160 0.002900 0.007005 0.000000 0.000000 -0.000000
1.000000 8.000000 2.000000 1.000000 2834.450579 0.004381 0.010618 0.010618 0.000000 -968.790214
1.000000 9.000000 2.000000 1.000000 3499.218432 0.005417 0.013161 0.012720 0.000000 0.000000
1.000000 10.000000 2.000000 1.000000 3113.182043 0.004815 0.011682 0.011682 0.000000 -328.959654
1.000000 11.000000 2.000000 1.000000 2597.030419 0.004011 0.009715 0.009715 0.000000 -2976.894860
1.000000 12.000000 2.000000 1.000000 2886.723170 0.004462 0.010817 0.010817 0.000000 -2123.767275
1.000000 13.000000 2.000000 1.000000 3293.483256 0.005096 0.012372 0.012372 0.000000 -323.018950
1.000000 14.000000 2.000000 1.000000 3718.738205 0.005760 0.014005 0.012422 0.000000 0.000000
1.000000 15.000000 2.000000 1.000000 11191.655067 0.017663 0.044147 0.017663 4622.981110 0.000000
1.000000 16.000000 2.000000 1.000000 26924.596044 0.044261 0.117979 0.044261 25986.310252 0.000000
1.000000 17.000000 2.000000 1.000000 42859.443388 0.073553 0.211550 0.073553 48489.082310 0.000000
1.000000 18.000000 2.000000 1.000000 49297.396798 0.086131 0.256427 0.086131 57214.310354 0.000000
1.000000 19.000000 2.000000 1.000000 90845.449239 0.179695 0.724160 0.000000 0.000000 0.000000
1.000000 20.000000 2.000000 1.000000 38040.943915 0.064427 0.180851 0.000000 0.000000 0.000000
1.000000 21.000000 2.000000 1.000000 4745.124939 0.007368 0.017983 0.000000 0.000000 -0.000000
1.000000 22.000000 2.000000 1.000000 3639.097948 0.005635 0.013699 0.000000 0.000000 -0.000000
1.000000 23.000000 2.000000 1.000000 3188.339985 0.004932 0.011969 0.000000 0.000000 0.000000
1.000000 24.000000 2.000000 1.000000 2863.624257 0.004426 0.010729 0.000000 0.000000 -0.000000
1.000000 1.000000 3.000000 1.000000 2604.503002 0.004023 0.009743 0.000000 0.000000 -0.000000
1.000000 2.000000 3.000000 1.000000 2430.621371 0.003753 0.009083 0.000000 0.000000 -0.000000
1.000000 3.000000 3.000000 1.000000 2266.424930 0.003498 0.008461 0.000000 0.000000 -0.000000
1.000000 4.000000 3.000000 1.000000 2136.618650 0.003296 0.007970 0.000000 0.000000 -0.000000
1.000000 5.000000 3.000000 1.000000 2025.836095 0.003125 0.007552 0.000000 0.000000 -0.000000
1.000000 6.000000 3.000000 1.000000 1928.873742 0.002974 0.007187 0.000000 0.000000 -0.000000
1.000000 7.000000 3.000000 1.000000 1845.659695 0.002845 0.006873 0.000000 0.000000 -0.000000
1.000000 8.000000 3.000000 1.000000 2876.790915 0.004446 0.010779 0.010779 0.000000 -364.569123
1.000000 9.000000 3.000000 1.000000 3411.309945 0.005280 0.012824 0.012041 0.000000 0.000000
1.000000 10.000000 3.000000 1.000000 3163.887594 0.004894 0.011876 0.011876 0.000000 -265.088417
1.000000 11.000000 3.000000 1.000000 2635.252869 0.004071 0.009860 0.009860 0.000000 -2286.029470
1.000000 12.000000 3.000000 1.000000 2873.823048 0.004442 0.010768 0.010768 0.000000 -1735.444115
1.000000 13.000000 3.000000 1.000000 3291.901494 0.005093 0.012366 0.012366 0.000000 -128.501984
1.000000 14.000000 3.000000 1.000000 3635.014654 0.005629 0.013683 0.012033 0.000000 0.000000
1.000000 15.000000 3.000000 1.000000 10705.597587 0.016875 0.042100 0.016875 4808.674717 0.000000
1.000000 16.000000 3.000000 1.000000 25639.238862 0.042005 0.111338 0.042005 24969.872143 0.000000
1.000000 17.000000 3.000000 1.000000 40899.004960 0.069811 0.198781 0.069811 46174.566854 0.000000
1.000000 18.000000 3.000000 1.000000 47020.583588 0.081631 0.240014 0.081631 54143.774724 0.000000
1.000000 19.000000 3.000000 1.000000 87699.455338 0.171754 0.671989 0.000000 0.000000 0.000000
1.000000 20.000000 3.000000 1.000000 36793.405854 0.062103 0.173268 0.000000 0.000000 0.000000
1.000000 21.000000 3.000000 1.000000 4556.336438 0.007072 0.017247 0.000000 0.000000 -0.000000
1.000000 22.000000 3.000000 1.000000 3478.763512 0.005385 0.013082 0.000000 0.000000 -0.000000
1.000000 23.000000 3.000000 1.000000 3047.661192 0.004713 0.011431 0.000000 0.000000 0.000000
1.000000 24.000000 3.000000 1.000000 2743.960005 0.004240 0.010273 0.000000 0.000000 -0.000000
1.000000 1.000000 4.000000 1.000000 2521.615146 0.003894 0.009428 0.000000 0.000000 -0.000000
1.000000 2.000000 4.000000 1.000000 2347.835167 0.003624 0.008769 0.000000 0.000000 -0.000000
1.000000 3.000000 4.000000 1.000000 2199.222398 0.003393 0.008207 0.000000 0.000000 -0.000000
1.000000 4.000000 4.000000 1.000000 2098.502677 0.003237 0.007826 0.000000 0.000000 -0.000000
1.000000 5.000000 4.000000 1.000000 2007.876055 0.003097 0.007484 0.000000 0.000000 -0.000000
1.000000 6.000000 4.000000 1.000000 1917.641728 0.002957 0.007144 0.000000 0.000000 -0.000000
1.000000 7.000000 4.000000 1.000000 1871.626936 0.002886 0.006971 0.000000 0.000000 -0.000000
1.000000 8.000000 4.000000 1.000000 2880.092068 0.004452 0.010792 0.010770 0.000000 0.000000
1.000000 9.000000 4.000000 1.000000 3314.658582 0.005129 0.012453 0.011234 0.000000 0.000000
1.000000 10.000000 4.000000 1.000000 3114.192746 0.004816 0.011686 0.011686 0.000000 -2622.120320
1.000000 11.000000 4.000000 1.000000 2622.698181 0.004051 0.009812 0.009812 0.000000 -2257.119239
1.000000 12.000000 4.000000 1.000000 2901.618336 0.004485 0.010874 0.010874 0.000000 -1459.600791
1.000000 13.000000 4.000000 1.000000 3340.907370 0.005170 0.012554 0.012313 0.000000 0.000000
1.000000 14.000000 4.000000 1.000000 3739.309852 0.005792 0.014084 0.012368 0.000000 0.000000
1.000000 15.000000 4.000000 1.000000 11132.473662 0.017567 0.043897 0.017567 4587.917623 0.000000
1.000000 16.000000 4.000000 1.000000 26473.884388 0.043468 0.115636 0.043468 25302.034577 0.000000
1.000000 17.000000 4.000000 1.000000 41898.083720 0.071713 0.205239 0.071713 47827.432612 0.000000
1.000000 18.000000 4.000000 1.000000 47829.633602 0.083224 0.245776 0.083224 55676.462131 0.000000
1.000000 19.000000 4.000000 1.000000 87819.259762 0.172053 0.673901 0.000000 0.000000 0.000000
1.000000 20.000000 4.000000 1.000000 36630.985325 0.061802 0.172291 0.000000 0.000000 0.000000
1.000000 21.000000 4.000000 1.000000 4528.735433 0.007029 0.017140 0.000000 0.000000 -0.000000
1.000000 22.000000 4.000000 1.000000 3442.637556 0.005329 0.012944 0.000000 0.000000 -0.000000
1.000000 23.000000 4.000000 1.000000 2998.620112 0.004636 0.011244 0.000000 0.000000 0.000000
1.000000 24.000000 4.000000 1.000000 2679.407682 0.004139 0.010028 0.000000 0.000000 0.000000
1.000000 1.000000 5.000000 1.000000 2422.619231 0.003740 0.009053 0.000000 0.000000 -0.000000
1.000000 2.000000 5.000000 1.000000 2232.619138 0.003445 0.008333 0.000000 0.000000 -0.000000
1.000000 3.000000 5.000000 1.000000 2076.724469 0.003203 0.007744 0.000000 0.000000 -0.000000
1.000000 4.000000 5.000000 1.000000 1959.740335 0.003022 0.007303 0.000000 0.000000 -0.000000
1.000000 5.000000 5.000000 1.000000 1879.606777 0.002898 0.007001 0.000000 0.000000 -0.000000
1.000000 6.000000 5.000000 1.000000 1795.224952 0.002767 0.006683 0.000000 0.000000 -0.000000
1.000000 7.000000 5.000000 1.000000 1772.436055 0.002732 0.006597 0.000000 0.000000 -0.000000
1.000000 8.000000 5.000000 1.000000 2914.375089 0.004505 0.010923 0.010309 0.000000 0.000000
1.000000 9.000000 5.000000 1.000000 3446.535201 0.005335 0.012959 0.011866 0.000000 0.000000
1.000000 10.000000 5.000000 1.000000 3096.353094 0.004788 0.011617 0.011617 0.000000 -1514.655690
1.000000 11.000000 5.000000 1.000000 2678.560944 0.004138 0.010025 0.010025 0.000000 -1522.533709
1.000000 12.000000 5.000000 1.000000 3094.188627 0.004785 0.011609 0.011609 0.000000 -997.848420
1.000000 13.000000 5.000000 1.000000 3626.901020 0.005616 0.013652 0.013166 0.000000 0.000000
1.000000 14.000000 5.000000 1.000000 4099.305903 0.006355 0.015474 0.014240 0.000000 0.000000
1.000000 15.000000 5.000000 1.000000 12155.297338 0.019231 0.048243 0.019231 4871.379189 0.000000
1.000000 16.000000 5.000000 1.000000 28470.761759 0.046994 0.126127 0.046994 27307.816459 0.000000
1.000000 17.000000 5.000000 1.000000 44641.593200 0.076990 0.223507 0.076990 51413.044531 0.000000
1.000000 18.000000 5.000000 1.000000 50878.413089 0.089290 0.268197 0.089290 59596.717535 0.000000
1.000000 19.000000 5.000000 1.000000 93714.608467 0.187077 0.775548 0.000000 0.000000 0.000000
1.000000 20.000000 5.000000 1.000000 39385.021464 0.066949 0.189184 0.000000 0.000000 0.000000
1.000000 21.000000 5.000000 1.000000 4964.685076 0.007714 0.018840 0.000000 0.000000 -0.000000
1.000000 22.000000 5.000000 1.000000 3773.733759 0.005846 0.014217 0.000000 0.000000 -0.000000
1.000000 23.000000 5.000000 1.000000 3267.543074 0.005055 0.012272 0.000000 0.000000 0.000000
1.000000 24.000000 5.000000 1.000000 2940.618525 0.004546 0.011023 0.000000 0.000000 0.000000
1.000000 1.000000 6.000000 1.000000 2692.774868 0.004160 0.010079 0.000000 0.000000 -0.000000
1.000000 2.000000 6.000000 1.000000 2485.006841 0.003837 0.009289 0.000000 0.000000 -0.000000
1.000000 3.000000 6.000000 1.000000 2312.498039 0.003569 0.008636 0.000000 0.000000 -0.000000
1.000000 4.000000 6.000000 1.000000 2173.540541 0.003354 0.008110 0.000000 0.000000 -0.000000
1.000000 5.000000 6.000000 1.000000 2065.774122 0.003187 0.007703 0.000000 0.000000 -0.000000
1.000000 6.000000 6.000000 1.000000 1963.374711 0.003028 0.007317 0.000000 0.000000 -0.000000
1.000000 7.000000 6.000000 1.000000 1917.547548 0.002957 0.007144 0.000000 0.000000 -0.000000
1.000000 8.000000 6.000000 1.000000 2624.139443 0.004053 0.009818 0.000000 0.000000 0.000000
1.000000 9.000000 6.000000 1.000000 3825.962978 0.005928 0.014418 0.000000 0.000000 0.000000
1.000000 10.000000 6.000000 1.000000 5737.080623 0.008931 0.021874 0.000000 0.000000 0.000000
1.000000 11.000000 6.000000 1.000000 8039.521608 0.012588 0.031091 0.000000 0.000000 0.000000
1.000000 12.000000 6.000000 1.000000 9286.751922 0.014586 0.036195 0.000000 0.000000 0.000000
1.000000 13.000000 6.000000 1.000000 10618.660345 0.016735 0.041735 0.000000 0.000000 0.000000
1.000000 14.000000 6.000000 1.000000 11877.386895 0.018778 0.047056 0.000000 0.000000 0.000000
1.000000 15.000000 6.000000 1.000000 34891.502447 0.058591 0.161979 0.000000 0.000000 0.000000
1.000000 16.000000 6.000000 1.000000 83155.440209 0.160557 0.603394 0.000000 0.000000 0.000000
1.000000 17.000000 6.000000 1.000000 132921.553527 0.303538 2.299563 0.000000 0.000000 0.000000
1.000000 18.000000 6.000000 1.000000 154868.472204 0.384649 6.877378 0.000000 0.000000 0.000000
1.000000 19.000000 6.000000 1.000000 105646.361754 0.219293 1.039276 0.000000 0.000000 0.000000
1.000000 20.000000 6.000000 1.000000 42455.578566 0.072779 0.208887 0.000000 0.000000 0.000000
1.000000 21.000000 6.000000 1.000000 5405.274902 0.008407 0.020567 0.000000 0.000000 -0.000000
1.000000 22.000000 6.000000 1.000000 4141.557315 0.006422 0.015638 0.000000 0.000000 -0.000000
1.000000 23.000000 6.000000 1.000000 3597.195558 0.005570 0.013538 0.000000 0.000000 0.000000
1.000000 24.000000 6.000000 1.000000 3209.988859 0.004966 0.012052 0.000000 0.000000 0.000000
1.000000 1.000000 7.000000 1.000000 2936.771074 0.004540 0.011008 0.000000 0.000000 -0.000000
1.000000 2.000000 7.000000 1.000000 2698.665875 0.004169 0.010101 0.000000 0.000000 -0.000000
1.000000 3.000000 7.000000 1.000000 2520.555302 0.003892 0.009424 0.000000 0.000000 -0.000000
1.000000 4.000000 7.000000 1.000000 2354.617279 0.003635 0.008795 0.000000 0.000000 -0.000000
1.000000 5.000000 7.000000 1.000000 2220.429799 0.003426 0.008287 0.000000 0.000000 -0.000000
1.000000 6.000000 7.000000 1.000000 2091.052399 0.003226 0.007798 0.000000 0.000000 -0.000000
1.000000 7.000000 7.000000 1.000000 2009.328637 0.003099 0.007490 0.000000 0.000000 -0.000000
1.000000 8.000000 7.000000 1.000000 2735.331309 0.004226 0.010241 0.000000 0.000000 0.000000
1.000000 9.000000 7.000000 1.000000 3935.223488 0.006098 0.014840 0.000000 0.000000 0.000000
1.000000 10.000000 7.000000 1.000000 5801.503522 0.009033 0.022128 0.000000 0.000000 0.000000
1.000000 11.000000 7.000000 1.000000 8126.473092 0.012727 0.031445 0.000000 0.000000 0.000000
1.000000 12.000000 7.000000 1.000000 9340.821173 0.014673 0.036418 0.000000 0.000000 0.000000
1.000000 13.000000 7.000000 1.000000 10657.549591 0.016797 0.041898 0.000000 0.000000 0.000000
1.000000 14.000000 7.000000 1.000000 11927.819251 0.018860 0.047271 0.000000 0.000000 0.000000
1.000000 15.000000 7.000000 1.000000 35225.384508 0.059205 0.163938 0.000000 0.000000 0.000000
1.000000 16.000000 7.000000 1.000000 84598.400539 0.164078 0.624375 0.000000 0.000000 0.000000
1.000000 17.000000 7.000000 1.000000 135342.045956 0.311837 2.510448 0.000000 0.000000 0.000000
1.000000 18.000000 7.000000 1.000000 157005.788250 0.393314 8.227808 0.000000 0.000000 0.000000
1.000000 19.000000 7.000000 1.000000 106710.714059 0.222292 1.067720 0.000000 0.000000 0.000000
1.000000 20.000000 7.000000 1.000000 43051.252673 0.073921 0.212821 0.000000 0.000000 0.000000
1.000000 21.000000 7.000000 1.000000 5525.663979 0.008597 0.021041 0.000000 0.000000 -0.000000
1.000000 22.000000 7.000000 1.000000 4242.592253 0.006580 0.016029 0.000000 0.000000 -0.000000
1.000000 23.000000 7.000000 1.000000 3675.754977 0.005693 0.013840 0.000000 0.000000 0.000000
1.000000 24.000000 7.000000 1.000000 3248.195474 0.005025 0.012198 0.000000 0.000000 -0.000000
1.000000 1.000000 1.000000 1.000000 2917.302249 0.004510 0.010934 0.000000 0.000000 -0.000000
1.000000 2.000000 1.000000 1.000000 2692.806988 0.004160 0.010079 0.000000 0.000000 -0.000000
1.000000 3.000000 1.000000 1.000000 2521.627321 0.003894 0.009428 0.000000 0.000000 -0.000000
1.000000 4.000000 1.000000 1.000000 2375.139788 0.003667 0.008873 0.000000 0.000000 -0.000000
1.000000 5.000000 1.000000 1.000000 2245.381940 0.003465 0.008382 0.000000 0.000000 -0.000000
1.000000 6.000000 1.000000 1.000000 2115.353227 0.003263 0.007890 0.000000 0.000000 -0.000000
1.000000 7.000000 1.000000 1.000000 2037.352936 0.003142 0.007596 0.000000 0.000000 -0.000000
1.000000 8.000000 1.000000 1.000000 2772.941049 0.004285 0.010384 0.010384 0.000000 -931.378028
1.000000 9.000000 1.000000 1.000000 3523.764395 0.005455 0.013255 0.011890 0.000000 0.000000
1.000000 10.000000 1.000000 1.000000 3116.247943 0.004819 0.011694 0.011694 0.000000 -587.205763
1.000000 11.000000 1.000000 1.000000 2615.066608 0.004039 0.009783 0.009783 0.000000 -3255.086075
1.000000 12.000000 1.000000 1.000000 2884.867968 0.004459 0.010810 0.010810 0.000000 -2393.522164
1.000000 13.000000 1.000000 1.000000 3288.092206 0.005087 0.012351 0.012351 0.000000 -330.717417
1.000000 14.000000 1.000000 1.000000 3655.026511 0.005660 0.013760 0.011728 0.000000 0.000000
1.000000 15.000000 1.000000 1.000000 10924.935067 0.017231 0.043022 0.017231 4691.705174 0.000000
1.000000 16.000000 1.000000 1.000000 26502.967294 0.043519 0.115787 0.043519 25665.925854 0.000000
1.000000 17.000000 1.000000 1.000000 42466.337518 0.072799 0.208958 0.072799 47493.422558 0.000000
1.000000 18.000000 1.000000 1.000000 48961.017163 0.085463 0.253963 0.085463 56078.414187 0.000000
1.000000 19.000000 1.000000 1.000000 90699.671136 0.179323 0.721650 0.000000 0.000000 0.000000
1.000000 20.000000 1.000000 1.000000 38199.465837 0.064724 0.181825 0.000000 0.000000 0.000000
1.000000 21.000000 1.000000 1.000000 4786.450722 0.007433 0.018144 0.000000 0.000000 -0.000000
1.000000 22.000000 1.000000 1.000000 3651.004558 0.005654 0.013745 0.000000 0.000000 -0.000000
1.000000 23.000000 1.000000 1.000000 3166.688993 0.004898 0.011886 0.000000 0.000000 -0.000000
1.000000 24.000000 1.000000 1.000000 2823.444294 0.004363 0.010576 0.000000 0.000000 -0.000000
1.000000 1.000000 2.000000 1.000000 2598.131317 0.004013 0.009719 0.000000 0.000000 -0.000000
1.000000 2.000000 2.000000 1.000000 2413.407543 0.003726 0.009018 0.000000 0.000000 -0.000000
1.000000 3.000000 2.000000 1.000000 2268.505122 0.003501 0.008469 0.000000 0.000000 -0.000000
1.000000 4.000000 2.000000 1.000000 2151.464040 0.003319 0.008027 0.000000 0.000000 -0.000000
1.000000 5.000000 2.000000 1.000000 2061.057959 0.003179 0.007685 0.000000 0.000000 -0.000000
1.000000 6.000000 2.000000 1.000000 1982.583679 0.003058 0.007389 0.000000 0.000000 -0.000000
1.000000 7.000000 2.000000 1.000000 1917.673651 0.002957 0.007144 0.000000 0.000000 -0.000000
1.000000 8.000000 2.000000 1.000000 2820.737730 0.004359 0.010566 0.010566 0.000000 -387.026043
1.000000 9.000000 2.000000 1.000000 3511.093547 0.005435 0.013207 0.011763 0.000000 0.000000
1.000000 10.000000 2.000000 1.000000 3072.040888 0.004751 0.011525 0.011525 0.000000 -1386.644909
1.000000 11.000000 2.000000 1.000000 2625.056698 0.004055 0.009821 0.009821 0.000000 -3314.394440
1.000000 12.000000 2.000000 1.000000 2991.871302 0.004626 0.011218 0.011218 0.000000 -1600.363025
1.000000 13.000000 2.000000 1.000000 3457.906391 0.005352 0.013002 0.013002 0.000000 -444.826542
1.000000 14.000000 2.000000 1.000000 3854.746484 0.005973 0.014529 0.012881 0.000000 0.000000
1.000000 15.000000 2.000000 1.000000 11420.996614 0.018036 0.045117 0.018036 4433.738744 0.000000
1.000000 16.000000 2.000000 1.000000 27371.399157 0.045048 0.120315 0.045048 26167.500276 0.000000
1.000000 17.000000 2.000000 1.000000 43457.916870 0.074703 0.215527 0.074703 44774.229144 0.000000
1.000000 18.000000 2.000000 1.000000 49911.769001 0.087356 0.260964 0.087356 55372.919399 0.000000
1.000000 19.000000 2.000000 1.000000 92761.528706 0.184610 0.758048 0.000000 0.000000 0.000000
1.000000 20.000000 2.000000 1.000000 39165.265128 0.066535 0.187810 0.000000 0.000000 0.000000
1.000000 21.000000 2.000000 1.000000 4978.714432 0.007736 0.018895 0.000000 0.000000 -0.000000
1.000000 22.000000 2.000000 1.000000 3829.340160 0.005933 0.014431 0.000000 0.000000 -0.000000
1.000000 23.000000 2.000000 1.000000 3321.174376 0.005139 0.012478 0.000000 0.000000 -0.000000
1.000000 24.000000 2.000000 1.000000 2964.141293 0.004582 0.011113 0.000000 0.000000 -0.000000
1.000000 1.000000 3.000000 1.000000 2714.950057 0.004195 0.010163 0.000000 0.000000 -0.000000
1.000000 2.000000 3.000000 1.000000 2538.927519 0.003921 0.009494 0.000000 0.000000 -0.000000
1.000000 3.000000 3.000000 1.000000 2392.646178 0.003694 0.008939 0.000000 0.000000 -0.000000
1.000000 4.000000 3.000000 1.000000 2237.701941 0.003453 0.008353 0.000000 0.000000 -0.000000
1.000000 5.000000 3.000000 1.000000 2114.774486 0.003262 0.007888 0.000000 0.000000 -0.000000
1.000000 6.000000 3.000000 1.000000 1980.193607 0.003054 0.007380 0.000000 0.000000 -0.000000
1.000000 7.000000 3.000000 1.000000 1925.841487 0.002970 0.007175 0.000000 0.000000 -0.000000
1.000000 8.000000 3.000000 1.000000 2787.648443 0.004308 0.010440 0.010440 0.000000 -997.796058
1.000000 9.000000 3.000000 1.000000 3562.720871 0.005516 0.013405 0.012103 0.000000 0.000000
1.000000 10.000000 3.000000 1.000000 3070.102562 0.004748 0.011517 0.011517 0.000000 -841.370007
1.000000 11.000000 3.000000 1.000000 2623.648979 0.004053 0.009816 0.009816 0.000000 -3070.146661
1.000000 12.000000 3.000000 1.000000 2941.706373 0.004548 0.011027 0.011027 0.000000 -1879.715298
1.000000 13.000000 3.000000 1.000000 3389.599763 0.005246 0.012740 0.012740 0.000000 -741.636728
1.000000 14.000000 3.000000 1.000000 3827.794719 0.005930 0.014425 0.012924 0.000000 0.000000
1.000000 15.000000 3.000000 1.000000 11499.370894 0.018163 0.045449 0.018163 4878.993329 0.000000
1.000000 16.000000 3.000000 1.000000 27748.300725 0.045714 0.122298 0.045714 27078.549154 0.000000
1.000000 17.000000 3.000000 1.000000 44395.366185 0.076513 0.221835 0.076513 49519.396689 0.000000
1.000000 18.000000 3.000000 1.000000 51014.409355 0.089563 0.269225 0.089563 58098.279284 0.000000
1.000000 19.000000 3.000000 1.000000 94936.437704 0.190262 0.798642 0.000000 0.000000 0.000000
1.000000 20.000000 3.000000 1.000000 40368.391855 0.068805 0.195392 0.000000 0.000000 0.000000
1.000000 21.000000 3.000000 1.000000 5179.736242 0.008052 0.019682 0.000000 0.000000 -0.000000
1.000000 22.000000 3.000000 1.000000 3972.253933 0.006156 0.014983 0.000000 0.000000 -0.000000
1.000000 23.000000 3.000000 1.000000 3492.980694 0.005407 0.013137 0.000000 0.000000 0.000000
1.000000 24.000000 3.000000 1.000000 3149.611685 0.004871 0.011821 0.000000 0.000000 -0.000000
1.000000 1.000000 4.000000 1.000000 2906.046708 0.004492 0.010891 0.000000 0.000000 -0.000000
1.000000 2.000000 4.000000 1.000000 2695.997108 0.004165 0.010091 0.000000 0.000000 -0.000000
1.000000 3.000000 4.000000 1.000000 2520.139522 0.003892 0.009423 0.000000 0.000000 -0.000000
1.000000 4.000000 4.000000 1.000000 2348.617731 0.003625 0.008772 0.000000 0.000000 -0.000000
1.000000 5.000000 4.000000 1.000000 2210.697598 0.003411 0.008250 0.000000 0.000000 -0.000000
1.000000 6.000000 4.000000 1.000000 2083.388336 0.003214 0.007769 0.000000 0.000000 -0.000000
1.000000 7.000000 4.000000 1.000000 2022.283179 0.003119 0.007539 0.000000 0.000000 -0.000000
1.000000 8.000000 4.000000 1.000000 2719.877856 0.004202 0.010182 0.010182 0.000000 -1609.972194
1.000000 9.000000 4.000000 1.000000 3677.333945 0.005695 0.013846 0.012620 0.000000 0.000000
1.000000 10.000000 4.000000 1.000000 2987.110419 0.004618 0.011200 0.011200 0.000000 -1712.283605
1.000000 11.000000 4.000000 1.000000 2716.740987 0.004197 0.010170 0.010170 0.000000 -3656.215874
1.000000 12.000000 4.000000 1.000000 3038.614754 0.004698 0.011397 0.011397 0.000000 -2318.987649
1.000000 13.000000 4.000000 1.000000 3480.652954 0.005388 0.013090 0.013090 0.000000 -681.714736
1.000000 14.000000 4.000000 1.000000 3936.734917 0.006101 0.014846 0.012744 0.000000 0.000000
1.000000 15.000000 4.000000 1.000000 11777.834008 0.018616 0.046632 0.018616 4914.784296 0.000000
1.000000 16.000000 4.000000 1.000000 28261.750588 0.046623 0.125015 0.046623 27234.654016 0.000000
1.000000 17.000000 4.000000 1.000000 45005.703788 0.077696 0.225993 0.077696 50153.813179 0.000000
1.000000 18.000000 4.000000 1.000000 51750.576021 0.091045 0.274826 0.091045 58876.066633 0.000000
1.000000 19.000000 4.000000 1.000000 95564.013930 0.191908 0.810804 0.000000 0.000000 0.000000
1.000000 20.000000 4.000000 1.000000 40401.011005 0.068867 0.195599 0.000000 0.000000 0.000000
1.000000 21.000000 4.000000 1.000000 5139.909108 0.007989 0.019526 0.000000 0.000000 -0.000000
1.000000 22.000000 4.000000 1.000000 3952.620985 0.006126 0.014907 0.000000 0.000000 -0.000000
1.000000 23.000000 4.000000 1.000000 3476.502497 0.005381 0.013074 0.000000 0.000000 0.000000
1.000000 24.000000 4.000000 1.000000 3130.498067 0.004842 0.011748 0.000000 0.000000 -0.000000
1.000000 1.000000 5.000000 1.000000 2858.895734 0.004419 0.010711 0.000000 0.000000 -0.000000
1.000000 2.000000 5.000000 1.000000 2655.149273 0.004102 0.009936 0.000000 0.000000 -0.000000
1.000000 3.000000 5.000000 1.000000 2489.501543 0.003844 0.009307 0.000000 0.000000 -0.000000
1.000000 4.000000 5.000000 1.000000 2363.429177 0.003648 0.008829 0.000000 0.000000 -0.000000
1.000000 5.000000 5.000000 1.000000 2248.315073 0.003470 0.008393 0.000000 0.000000 -0.000000
1.000000 6.000000 5.000000 1.000000 2129.552636 0.003285 0.007944 0.000000 0.000000 -0.000000
1.000000 7.000000 5.000000 1.000000 2055.337831 0.003170 0.007663 0.000000 0.000000 -0.000000
1.000000 8.000000 5.000000 1.000000 2695.276483 0.004164 0.010088 0.010088 0.000000 -1235.531187
1.000000 9.000000 5.000000 1.000000 3644.288420 0.005644 0.013719 0.012275 0.000000 0.000000
1.000000 10.000000 5.000000 1.000000 2960.020736 0.004576 0.011097 0.011097 0.000000 -1993.876717
1.000000 11.000000 5.000000 1.000000 2778.941365 0.004294 0.010407 0.010407 0.000000 -2333.851975
1.000000 12.000000 5.000000 1.000000 3116.021917 0.004819 0.011693 0.011693 0.000000 -1120.108611
1.000000 13.000000 5.000000 1.000000 3528.968999 0.005463 0.013275 0.013275 0.000000 -198.376237
1.000000 14.000000 5.000000 1.000000 3915.426320 0.006067 0.014764 0.012769 0.000000 0.000000
1.000000 15.000000 5.000000 1.000000 11589.673909 0.018310 0.045832 0.018310 4976.630055 0.000000
1.000000 16.000000 5.000000 1.000000 27486.392558 0.045251 0.120919 0.045251 26537.238281 0.000000
1.000000 17.000000 5.000000 1.000000 43443.998221 0.074677 0.215435 0.074677 48290.627144 0.000000
1.000000 18.000000 5.000000 1.000000 49617.980922 0.086770 0.258789 0.086770 56116.497920 0.000000
1.000000 19.000000 5.000000 1.000000 91270.092471 0.180779 0.731526 0.000000 0.000000 0.000000
1.000000 20.000000 5.000000 1.000000 38536.568194 0.065355 0.183904 0.000000 0.000000 0.000000
1.000000 21.000000 5.000000 1.000000 4850.378914 0.007534 0.018393 0.000000 0.000000 -0.000000
1.000000 22.000000 5.000000 1.000000 3736.147039 0.005787 0.014072 0.000000 0.000000 -0.000000
1.000000 23.000000 5.000000 1.000000 3255.743409 0.005037 0.012227 0.000000 0.000000 0.000000
1.000000 24.000000 5.000000 1.000000 2916.285838 0.004508 0.010930 0.000000 0.000000 -0.000000
1.000000 1.000000 6.000000 1.000000 2703.977808 0.004178 0.010121 0.000000 0.000000 -0.000000
1.000000 2.000000 6.000000 1.000000 2512.764532 0.003880 0.009395 0.000000 0.000000 -0.000000
1.000000 3.000000 6.000000 1.000000 2372.144803 0.003662 0.008862 0.000000 0.000000 -0.000000
1.000000 4.000000 6.000000 1.000000 2249.697830 0.003472 0.008398 0.000000 0.000000 -0.000000
1.000000 5.000000 6.000000 1.000000 2142.742344 0.003306 0.007994 0.000000 0.000000 -0.000000
1.000000 6.000000 6.000000 1.000000 2027.597512 0.003127 0.007559 0.000000 0.000000 -0.000000
1.000000 7.000000 6.000000 1.000000 1948.642967 0.003005 0.007261 0.000000 0.000000 -0.000000
1.000000 8.000000 6.000000 1.000000 2662.239925 0.004113 0.009963 0.000000 0.000000 0.000000
1.000000 9.000000 6.000000 1.000000 3832.042671 0.005937 0.014442 0.000000 0.000000 0.000000
1.000000 10.000000 6.000000 1.000000 5645.510081 0.008786 0.021513 0.000000 0.000000 0.000000
1.000000 11.000000 6.000000 1.000000 7919.162219 0.012395 0.030603 0.000000 0.000000 0.000000
1.000000 12.000000 6.000000 1.000000 9008.831886 0.014140 0.035051 0.000000 0.000000 0.000000
1.000000 13.000000 6.000000 1.000000 10163.036740 0.015998 0.039829 0.000000 0.000000 0.000000
1.000000 14.000000 6.000000 1.000000 11268.284766 0.017788 0.044471 0.000000 0.000000 0.000000
1.000000 15.000000 6.000000 1.000000 33282.573563 0.055647 0.152676 0.000000 0.000000 0.000000
1.000000 16.000000 6.000000 1.000000 80452.639765 0.154046 0.565938 0.000000 0.000000 0.000000
1.000000 17.000000 6.000000 1.000000 129609.896439 0.292420 2.053155 0.000000 0.000000 0.000000
1.000000 18.000000 6.000000 1.000000 151696.501646 0.372058 5.492635 0.000000 0.000000 0.000000
1.000000 19.000000 6.000000 1.000000 103186.406012 0.212443 0.977064 0.000000 0.000000 0.000000
1.000000 20.000000 6.000000 1.000000 41578.958730 0.071104 0.203165 0.000000 0.000000 0.000000
1.000000 21.000000 6.000000 1.000000 5276.043112 0.008204 0.020059 0.000000 0.000000 -0.000000
1.000000 22.000000 6.000000 1.000000 4003.109534 0.006205 0.015102 0.000000 0.000000 -0.000000
1.000000 23.000000 6.000000 1.000000 3466.702508 0.005366 0.013036 0.000000 0.000000 0.000000
1.000000 24.000000 6.000000 1.000000 3047.813010 0.004713 0.011432 0.000000 0.000000 0.000000
1.000000 1.000000 7.000000 1.000000 2753.528740 0.004255 0.010310 0.000000 0.000000 -0.000000
1.000000 2.000000 7.000000 1.000000 2564.659949 0.003961 0.009592 0.000000 0.000000 -0.000000
1.000000 3.000000 7.000000 1.000000 2427.237733 0.003747 0.009070 0.000000 0.000000 -0.000000
1.000000 4.000000 7.000000 1.000000 2322.427670 0.003585 0.008673 0.000000 0.000000 -0.000000
1.000000 5.000000 7.000000 1.000000 2220.652619 0.003427 0.008288 0.000000 0.000000 -0.000000
1.000000 6.000000 7.000000 1.000000 2089.850892 0.003224 0.007794 0.000000 0.000000 -0.000000
1.000000 7.000000 7.000000 1.000000 2026.248538 0.003125 0.007554 0.000000 0.000000 -0.000000
1.000000 8.000000 7.000000 1.000000 2761.681882 0.004267 0.010341 0.000000 0.000000 0.000000
1.000000 9.000000 7.000000 1.000000 3947.916346 0.006118 0.014889 0.000000 0.000000 0.000000
1.000000 10.000000 7.000000 1.000000 5788.396122 0.009012 0.022077 0.000000 0.000000 0.000000
1.000000 11.000000 7.000000 1.000000 8042.491081 0.012592 0.031103 0.000000 0.000000 0.000000
1.000000 12.000000 7.000000 1.000000 9203.280316 0.014452 0.035851 0.000000 0.000000 0.000000
1.000000 13.000000 7.000000 1.000000 10502.031484 0.016546 0.041246 0.000000 0.000000 0.000000
1.000000 14.000000 7.000000 1.000000 11834.072963 0.018708 0.046872 0.000000 0.000000 0.000000
1.000000 15.000000 7.000000 1.000000 35143.903177 0.059055 0.163459 0.000000 0.000000 0.000000
1.000000 16.000000 7.000000 1.000000 84540.377137 0.163936 0.623518 0.000000 0.000000 0.000000
1.000000 17.000000 7.000000 1.000000 134874.758160 0.310223 2.467397 0.000000 0.000000 0.000000
1.000000 18.000000 7.000000 1.000000 156898.664682 0.392876 8.148650 0.000000 0.000000 0.000000
1.000000 19.000000 7.000000 1.000000 106549.483015 0.221837 1.063349 0.000000 0.000000 0.000000
1.000000 20.000000 7.000000 1.000000 42757.461346 0.073357 0.210876 0.000000 0.000000 0.000000
1.000000 21.000000 7.000000 1.000000 5379.736573 0.008367 0.020467 0.000000 0.000000 -0.000000
1.000000 22.000000 7.000000 1.000000 4091.617764 0.006343 0.015444 0.000000 0.000000 -0.000000
1.000000 23.000000 7.000000 1.000000 3521.547300 0.005452 0.013247 0.000000 0.000000 0.000000
1.000000 24.000000 7.000000 1.000000 3122.141246 0.004829 0.011716 0.000000 0.000000 0.000000
1.000000 1.000000 1.000000 1.000000 2822.168071 0.004361 0.010571 0.000000 0.000000 -0.000000
1.000000 2.000000 1.000000 1.000000 2583.948401 0.003991 0.009665 0.000000 0.000000 -0.000000
1.000000 3.000000 1.000000 1.000000 2399.058773 0.003704 0.008964 0.000000 0.000000 -0.000000
1.000000 4.000000 1.000000 1.000000 2250.350697 0.003473 0.008400 0.000000 0.000000 -0.000000
1.000000 5.000000 1.000000 1.000000 2114.886928 0.003263 0.007888 0.000000 0.000000 -0.000000
1.000000 6.000000 1.000000 1.000000 1979.978529 0.003054 0.007379 0.000000 0.000000 -0.000000
1.000000 7.000000 1.000000 1.000000 1900.181408 0.002930 0.007078 0.000000 0.000000 -0.000000
1.000000 8.000000 1.000000 1.000000 2821.765906 0.004361 0.010570 0.010570 0.000000 -380.987684
1.000000 9.000000 1.000000 1.000000 3532.994830 0.005470 0.013291 0.011792 0.000000 0.000000
1.000000 10.000000 1.000000 1.000000 3095.865384 0.004788 0.011616 0.011616 0.000000 -659.604687
1.000000 11.000000 1.000000 1.000000 2652.397229 0.004097 0.009925 0.009925 0.000000 -1926.446926
1.000000 12.000000 1.000000 1.000000 2985.841594 0.004616 0.011195 0.011195 0.000000 -1322.068648
1.000000 13.000000 1.000000 1.000000 3435.977096 0.005318 0.012918 0.012882 0.000000 0.000000
1.000000 14.000000 1.000000 1.000000 3860.710159 0.005982 0.014552 0.013353 0.000000 0.000000
1.000000 15.000000 1.000000 1.000000 11459.640745 0.018098 0.045281 0.018098 4375.726086 0.000000
1.000000 16.000000 1.000000 1.000000 27508.917193 0.045291 0.121037 0.045291 26377.979032 0.000000
1.000000 17.000000 1.000000 1.000000 43909.468812 0.075574 0.218554 0.075574 49667.158901 0.000000
1.000000 18.000000 1.000000 1.000000 50377.002843 0.088285 0.264431 0.088285 58486.122377 0.000000
1.000000 19.000000 1.000000 1.000000 92493.108850 0.183918 0.753198 0.000000 0.000000 0.000000
1.000000 20.000000 1.000000 1.000000 38737.859193 0.065732 0.185150 0.000000 0.000000 0.000000
1.000000 21.000000 1.000000 1.000000 4829.594749 0.007501 0.018312 0.000000 0.000000 -0.000000
1.000000 22.000000 1.000000 1.000000 3729.102358 0.005776 0.014045 0.000000 0.000000 -0.000000
1.000000 23.000000 1.000000 1.000000 3272.953794 0.005064 0.012293 0.000000 0.000000 0.000000
1.000000 24.000000 1.000000 1.000000 2918.113104 0.004511 0.010937 0.000000 0.000000 -0.000000
1.000000 1.000000 2.000000 1.000000 2653.339624 0.004099 0.009929 0.000000 0.000000 -0.000000
1.000000 2.000000 2.000000 1.000000 2451.244102 0.003785 0.009161 0.000000 0.000000 -0.000000
1.000000 3.000000 2.000000 1.000000 2306.891101 0.003561 0.008614 0.000000 0.000000 -0.000000
1.000000 4.000000 2.000000 1.000000 2180.274160 0.003364 0.008135 0.000000 0.000000 -0.000000
1.000000 5.000000 2.000000 1.000000 2083.772060 0.003214 0.007771 0.000000 0.000000 -0.000000
1.000000 6.000000 2.000000 1.000000 1999.575971 0.003084 0.007453 0.000000 0.000000 -0.000000
1.000000 7.000000 2.000000 1.000000 1954.730538 0.003014 0.007284 0.000000 0.000000 -0.000000
1.000000 8.000000 2.000000 1.000000 2770.679003 0.004281 0.010375 0.010375 0.000000 -587.279808
1.000000 9.000000 2.000000 1.000000 3638.280824 0.005634 0.013696 0.012196 0.000000 0.000000
1.000000 10.000000 2.000000 1.000000 3014.511707 0.004661 0.011305 0.011305 0.000000 -1910.482971
1.000000 11.000000 2.000000 1.000000 2746.211182 0.004243 0.010282 0.010282 0.000000 -2805.506452
1.000000 12.000000 2.000000 1.000000 3094.826714 0.004786 0.011612 0.011612 0.000000 -1769.385471
1.000000 13.000000 2.000000 1.000000 3544.521534 0.005488 0.013335 0.013335 0.000000 -58.154841
1.000000 14.000000 2.000000 1.000000 3947.558828 0.006118 0.014888 0.012728 0.000000 0.000000
1.000000 15.000000 2.000000 1.000000 11644.036007 0.018398 0.046063 0.018398 4634.443612 0.000000
1.000000 16.000000 2.000000 1.000000 27655.260508 0.045550 0.121807 0.045550 26421.952300 0.000000
1.000000 17.000000 2.000000 1.000000 43643.079083 0.075060 0.216766 0.075060 49259.580453 0.000000
1.000000 18.000000 2.000000 1.000000 50113.826478 0.087759 0.262466 0.087759 57882.116762 0.000000
1.000000 19.000000 2.000000 1.000000 93158.326818 0.185635 0.765280 0.000000 0.000000 0.000000
1.000000 20.000000 2.000000 1.000000 39588.278080 0.067331 0.190460 0.000000 0.000000 0.000000
1.000000 21.000000 2.000000 1.000000 5043.351546 0.007837 0.019147 0.000000 0.000000 -0.000000
1.000000 22.000000 2.000000 1.000000 3905.276001 0.006052 0.014724 0.000000 0.000000 -0.000000
1.000000 23.000000 2.000000 1.000000 3429.433116 0.005308 0.012893 0.000000 0.000000 0.000000
1.000000 24.000000 2.000000 1.000000 3075.870377 0.004757 0.011539 0.000000 0.000000 -0.000000
1.000000 1.000000 3.000000 1.000000 2856.879332 0.004415 0.010704 0.000000 0.000000 -0.000000
1.000000 2.000000 3.000000 1.000000 2671.640125 0.004127 0.009998 0.000000 0.000000 -0.000000
1.000000 3.000000 3.000000 1.000000 2536.769037 0.003918 0.009486 0.000000 0.000000 -0.000000
1.000000 4.000000 3.000000 1.000000 2388.455061 0.003687 0.008923 0.000000 0.000000 -0.000000
1.000000 5.000000 3.000000 1.000000 2251.941318 0.003475 0.008406 0.000000 0.000000 -0.000000
1.000000 6.000000 3.000000 1.000000 2107.993806 0.003252 0.007862 0.000000 0.000000 -0.000000
1.000000 7.000000 3.000000 1.000000 2026.113474 0.003125 0.007553 0.000000 0.000000 -0.000000
1.000000 8.000000 3.000000 1.000000 2721.499098 0.004205 0.010188 0.010188 0.000000 -950.899889
1.000000 9.000000 3.000000 1.000000 3681.965164 0.005702 0.013864 0.011973 0.000000 0.000000
1.000000 10.000000 3.000000 1.000000 2978.756732 0.004605 0.011168 0.011168 0.000000 -2155.539735
1.000000 11.000000 3.000000 1.000000 2769.228913 0.004279 0.010370 0.010370 0.000000 -3313.370533
1.000000 12.000000 3.000000 1.000000 3151.286822 0.004874 0.011828 0.011828 0.000000 -2078.019570
1.000000 13.000000 3.000000 1.000000 3624.321276 0.005612 0.013642 0.013642 0.000000 -383.590411
1.000000 14.000000 3.000000 1.000000 4100.265688 0.006357 0.015478 0.013708 0.000000 0.000000
1.000000 15.000000 3.000000 1.000000 12194.891244 0.019296 0.048412 0.019296 4798.785702 0.000000
1.000000 16.000000 3.000000 1.000000 29021.727129 0.047974 0.129075 0.047974 27834.577714 0.000000
1.000000 17.000000 3.000000 1.000000 45858.354456 0.079356 0.231870 0.079356 51693.832881 0.000000
1.000000 18.000000 3.000000 1.000000 52718.717916 0.093003 0.282301 0.093003 61126.679319 0.000000
1.000000 19.000000 3.000000 1.000000 97222.927363 0.196291 0.843976 0.000000 0.000000 0.000000
1.000000 20.000000 3.000000 1.000000 41515.973077 0.070984 0.202757 0.000000 0.000000 0.000000
1.000000 21.000000 3.000000 1.000000 5335.781980 0.008298 0.020294 0.000000 0.000000 -0.000000
1.000000 22.000000 3.000000 1.000000 4097.793517 0.006353 0.015468 0.000000 0.000000 -0.000000
1.000000 23.000000 3.000000 1.000000 3589.648863 0.005558 0.013509 0.000000 0.000000 0.000000
1.000000 24.000000 3.000000 1.000000 3208.012516 0.004963 0.012045 0.000000 0.000000 -0.000000
1.000000 1.000000 4.000000 1.000000 2932.993170 0.004534 0.010994 0.000000 0.000000 -0.000000
1.000000 2.000000 4.000000 1.000000 2716.076870 0.004196 0.010167 0.000000 0.000000 -0.000000
1.000000 3.000000 4.000000 1.000000 2548.200658 0.003935 0.009529 0.000000 0.000000 -0.000000
1.000000 4.000000 4.000000 1.000000 2382.891803 0.003679 0.008902 0.000000 0.000000 -0.000000
1.000000 5.000000 4.000000 1.000000 2243.121845 0.003462 0.008373 0.000000 0.000000 -0.000000
1.000000 6.000000 4.000000 1.000000 2105.026837 0.003247 0.007851 0.000000 0.000000 -0.000000
1.000000 7.000000 4.000000 1.000000 2036.688234 0.003141 0.007593 0.000000 0.000000 -0.000000
1.000000 8.000000 4.000000 1.000000 2702.473041 0.004175 0.010116 0.010116 0.000000 -1412.004745
1.000000 9.000000 4.000000 1.000000 3645.119039 0.005645 0.013722 0.012381 0.000000 0.000000
1.000000 10.000000 4.000000 1.000000 2951.103824 0.004562 0.011063 0.011063 0.000000 -2473.263262
1.000000 11.000000 4.000000 1.000000 2806.908808 0.004338 0.010513 0.010513 0.000000 -4082.335366
1.000000 12.000000 4.000000 1.000000 3189.029484 0.004933 0.011972 0.011972 0.000000 -2700.194699
1.000000 13.000000 4.000000 1.000000 3659.515967 0.005667 0.013777 0.013777 0.000000 -1002.961313
1.000000 14.000000 4.000000 1.000000 4108.867343 0.006370 0.015511 0.013565 0.000000 0.000000
1.000000 15.000000 4.000000 1.000000 12199.418964 0.019303 0.048432 0.019303 4782.351569 0.000000
1.000000 16.000000 4.000000 1.000000 28895.885174 0.047750 0.128399 0.047750 27718.841897 0.000000
1.000000 17.000000 4.000000 1.000000 45449.136247 0.078559 0.229039 0.078559 50910.836842 0.000000
1.000000 18.000000 4.000000 1.000000 51841.466702 0.091228 0.275523 0.091228 59332.026053 0.000000
1.000000 19.000000 4.000000 1.000000 95900.451257 0.192793 0.817409 0.000000 0.000000 0.000000
1.000000 20.000000 4.000000 1.000000 40841.363461 0.069702 0.198411 0.000000 0.000000 0.000000
1.000000 21.000000 4.000000 1.000000 5272.030200 0.008197 0.020044 0.000000 0.000000 -0.000000
1.000000 22.000000 4.000000 1.000000 4043.326242 0.006268 0.015258 0.000000 0.000000 -0.000000
1.000000 23.000000 4.000000 1.000000 3547.755976 0.005493 0.013347 0.000000 0.000000 0.000000
1.000000 24.000000 4.000000 1.000000 3132.151137 0.004844 0.011754 0.000000 0.000000 -0.000000
1.000000 1.000000 5.000000 1.000000 2877.022327 0.004447 0.010780 0.000000 0.000000 -0.000000
1.000000 2.000000 5.000000 1.000000 2674.142171 0.004131 0.010008 0.000000 0.000000 -0.000000
1.000000 3.000000 5.000000 1.000000 2485.865362 0.003839 0.009293 0.000000 0.000000 -0.000000
1.000000 4.000000 5.000000 1.000000 2307.962113 0.003562 0.008618 0.000000 0.000000 -0.000000
1.000000 5.000000 5.000000 1.000000 2184.525406 0.003371 0.008151 0.000000 0.000000 -0.000000
1.000000 6.000000 5.000000 1.000000 2069.710184 0.003193 0.007718 0.000000 0.000000 -0.000000
1.000000 7.000000 5.000000 1.000000 2025.124102 0.003123 0.007549 0.000000 0.000000 -0.000000
1.000000 8.000000 5.000000 1.000000 2709.905950 0.004187 0.010144 0.010144 0.000000 -1793.010597
1.000000 9.000000 5.000000 1.000000 3620.368149 0.005606 0.013627 0.012837 0.000000 0.000000
1.000000 10.000000 5.000000 1.000000 2905.217842 0.004491 0.010888 0.010888 0.000000 -3697.203456
1.000000 11.000000 5.000000 1.000000 2806.157651 0.004337 0.010510 0.010510 0.000000 -3782.962521
1.000000 12.000000 5.000000 1.000000 3191.647874 0.004937 0.011982 0.011982 0.000000 -2379.253092
1.000000 13.000000 5.000000 1.000000 3686.129726 0.005709 0.013880 0.013880 0.000000 -948.684889
1.000000 14.000000 5.000000 1.000000 4178.213202 0.006479 0.015780 0.014126 0.000000 0.000000
1.000000 15.000000 5.000000 1.000000 12404.702025 0.019638 0.049311 0.019638 5282.527110 0.000000
1.000000 16.000000 5.000000 1.000000 29301.501112 0.048472 0.130580 0.048472 28771.593257 0.000000
1.000000 17.000000 5.000000 1.000000 46293.982744 0.080207 0.234905 0.080207 51628.410815 0.000000
1.000000 18.000000 5.000000 1.000000 52663.558249 0.092891 0.281872 0.092891 59659.721366 0.000000
1.000000 19.000000 5.000000 1.000000 96894.811091 0.195420 0.837294 0.000000 0.000000 0.000000
1.000000 20.000000 5.000000 1.000000 41224.358839 0.070429 0.200873 0.000000 0.000000 0.000000
1.000000 21.000000 5.000000 1.000000 5331.645791 0.008291 0.020278 0.000000 0.000000 -0.000000
1.000000 22.000000 5.000000 1.000000 4118.887960 0.006386 0.015550 0.000000 0.000000 -0.000000
1.000000 23.000000 5.000000 1.000000 3622.338943 0.005609 0.013634 0.000000 0.000000 0.000000
1.000000 24.000000 5.000000 1.000000 3197.403752 0.004946 0.012004 0.000000 0.000000 -0.000000
1.000000 1.000000 6.000000 1.000000 2927.050821 0.004525 0.010971 0.000000 0.000000 -0.000000
1.000000 2.000000 6.000000 1.000000 2724.611310 0.004210 0.010200 0.000000 0.000000 -0.000000
1.000000 3.000000 6.000000 1.000000 2571.992109 0.003972 0.009620 0.000000 0.000000 -0.000000
1.000000 4.000000 6.000000 1.000000 2416.627673 0.003731 0.009030 0.000000 0.000000 -0.000000
1.000000 5.000000 6.000000 1.000000 2265.830743 0.003497 0.008459 0.000000 0.000000 -0.000000
1.000000 6.000000 6.000000 1.000000 2122.241600 0.003274 0.007916 0.000000 0.000000 -0.000000
1.000000 7.000000 6.000000 1.000000 2031.501499 0.003133 0.007574 0.000000 0.000000 -0.000000
1.000000 8.000000 6.000000 1.000000 2752.803187 0.004254 0.010307 0.000000 0.000000 0.000000
1.000000 9.000000 6.000000 1.000000 3917.885265 0.006071 0.014773 0.000000 0.000000 0.000000
1.000000 10.000000 6.000000 1.000000 5736.868949 0.008931 0.021873 0.000000 0.000000 0.000000
1.000000 11.000000 6.000000 1.000000 7934.097637 0.012419 0.030663 0.000000 0.000000 0.000000
1.000000 12.000000 6.000000 1.000000 9157.999782 0.014379 0.035665 0.000000 0.000000 0.000000
1.000000 13.000000 6.000000 1.000000 10543.949318 0.016614 0.041422 0.000000 0.000000 0.000000
1.000000 14.000000 6.000000 1.000000 11899.855807 0.018815 0.047152 0.000000 0.000000 0.000000
1.000000 15.000000 6.000000 1.000000 35542.391913 0.059789 0.165806 0.000000 0.000000 0.000000
1.000000 16.000000 6.000000 1.000000 85000.501948 0.165065 0.630350 0.000000 0.000000 0.000000
1.000000 17.000000 6.000000 1.000000 134612.450188 0.309320 2.443745 0.000000 0.000000 0.000000
1.000000 18.000000 6.000000 1.000000 155050.125897 0.385380 6.975917 0.000000 0.000000 0.000000
1.000000 19.000000 6.000000 1.000000 104928.512915 0.217283 1.020627 0.000000 0.000000 0.000000
1.000000 20.000000 6.000000 1.000000 42489.053528 0.072843 0.209107 0.000000 0.000000 0.000000
1.000000 21.000000 6.000000 1.000000 5448.383549 0.008475 0.020736 0.000000 0.000000 -0.000000
1.000000 22.000000 6.000000 1.000000 4206.169542 0.006523 0.015888 0.000000 0.000000 -0.000000
1.000000 23.000000 6.000000 1.000000 3692.552329 0.005719 0.013904 0.000000 0.000000 0.000000
1.000000 24.000000 6.000000 1.000000 3271.264027 0.005061 0.012287 0.000000 0.000000 0.000000
1.000000 1.000000 7.000000 1.000000 2998.111597 0.004635 0.011242 0.000000 0.000000 -0.000000
1.000000 2.000000 7.000000 1.000000 2776.060709 0.004290 0.010396 0.000000 0.000000 -0.000000
1.000000 3.000000 7.000000 1.000000 2574.444808 0.003976 0.009629 0.000000 0.000000 -0.000000
1.000000 4.000000 7.000000 1.000000 2392.938245 0.003694 0.008940 0.000000 0.000000 -0.000000
1.000000 5.000000 7.000000 1.000000 2224.927558 0.003433 0.008304 0.000000 0.000000 -0.000000
1.000000 6.000000 7.000000 1.000000 2091.653793 0.003227 0.007801 0.000000 0.000000 -0.000000
1.000000 7.000000 7.000000 1.000000 2020.171023 0.003116 0.007531 0.000000 0.000000 -0.000000
1.000000 8.000000 7.000000 1.000000 2794.862338 0.004319 0.010467 0.000000 0.000000 0.000000
1.000000 9.000000 7.000000 1.000000 3984.047697 0.006175 0.015029 0.000000 0.000000 0.000000
1.000000 10.000000 7.000000 1.000000 5780.976087 0.009000 0.022047 0.000000 0.000000 0.000000
1.000000 11.000000 7.000000 1.000000 8064.203359 0.012627 0.031192 0.000000 0.000000 0.000000
1.000000 12.000000 7.000000 1.000000 9218.957133 0.014477 0.035916 0.000000 0.000000 0.000000
1.000000 13.000000 7.000000 1.000000 10504.488962 0.016550 0.041256 0.000000 0.000000 0.000000
1.000000 14.000000 7.000000 1.000000 11874.616023 0.018774 0.047045 0.000000 0.000000 0.000000
1.000000 15.000000 7.000000 1.000000 35035.346712 0.058855 0.162822 0.000000 0.000000 0.000000
1.000000 16.000000 7.000000 1.000000 83714.703081 0.161918 0.611442 0.000000 0.000000 0.000000
1.000000 17.000000 7.000000 1.000000 133073.308145 0.304054 2.311947 0.000000 0.000000 0.000000
1.000000 18.000000 7.000000 1.000000 153311.347749 0.378428 6.127075 0.000000 0.000000 0.000000
1.000000 19.000000 7.000000 1.000000 102772.302268 0.211301 0.967046 0.000000 0.000000 0.000000
1.000000 20.000000 7.000000 1.000000 41769.137492 0.071467 0.204400 0.000000 0.000000 0.000000
1.000000 21.000000 7.000000 1.000000 5364.438065 0.008343 0.020407 0.000000 0.000000 -0.000000
1.000000 22.000000 7.000000 1.000000 4067.117872 0.006305 0.015350 0.000000 0.000000 -0.000000
1.000000 23.000000 7.000000 1.000000 3570.516738 0.005528 0.013435 0.000000 0.000000 0.000000
1.000000 24.000000 7.000000 1.000000 3204.872715 0.004958 0.012033 0.000000 0.000000 0.000000
1.000000 1.000000 1.000000 1.000000 2922.325868 0.004517 0.010953 0.000000 0.000000 0.000000
1.000000 2.000000 1.000000 1.000000 2688.751096 0.004154 0.010063 0.000000 0.000000 -0.000000
1.000000 3.000000 1.000000 1.000000 2501.976940 0.003864 0.009354 0.000000 0.000000 -0.000000
1.000000 4.000000 1.000000 1.000000 2326.639802 0.003591 0.008689 0.000000 0.000000 -0.000000
1.000000 5.000000 1.000000 1.000000 2220.684404 0.003427 0.008288 0.000000 0.000000 -0.000000
1.000000 6.000000 1.000000 1.000000 2131.028553 0.003288 0.007949 0.000000 0.000000 -0.000000
1.000000 7.000000 1.000000 1.000000 2077.559581 0.003205 0.007747 0.000000 0.000000 -0.000000
1.000000 8.000000 1.000000 1.000000 2738.444337 0.004231 0.010252 0.010252 0.000000 -1029.546672
1.000000 9.000000 1.000000 1.000000 3619.010297 0.005604 0.013621 0.012320 0.000000 0.000000
1.000000 10.000000 1.000000 1.000000 2984.976053 0.004615 0.011192 0.011192 0.000000 -3057.786447
1.000000 11.000000 1.000000 1.000000 2754.093587 0.004256 0.010312 0.010312 0.000000 -2236.306893
1.000000 12.000000 1.000000 1.000000 3138.186760 0.004854 0.011777 0.011777 0.000000 -827.834924
1.000000 13.000000 1.000000 1.000000 3604.679565 0.005582 0.013566 0.013440 0.000000 0.000000
1.000000 14.000000 1.000000 1.000000 4035.259845 0.006255 0.015226 0.012805 0.000000 0.000000
1.000000 15.000000 1.000000 1.000000 11930.839305 0.018865 0.047284 0.018865 4972.864468 0.000000
1.000000 16.000000 1.000000 1.000000 28709.828012 0.047419 0.127403 0.047419 27672.342333 0.000000
1.000000 17.000000 1.000000 1.000000 45648.862308 0.078948 0.230419 0.078948 51050.831079 0.000000
1.000000 18.000000 1.000000 1.000000 52478.232379 0.092515 0.280433 0.092515 60147.068011 0.000000
1.000000 19.000000 1.000000 1.000000 97082.213371 0.195917 0.841103 0.000000 0.000000 0.000000
1.000000 20.000000 1.000000 1.000000 41826.766559 0.071577 0.204775 0.000000 0.000000 0.000000
1.000000 21.000000 1.000000 1.000000 5400.711185 0.008400 0.020549 0.000000 0.000000 -0.000000
1.000000 22.000000 1.000000 1.000000 4195.161540 0.006506 0.015845 0.000000 0.000000 -0.000000
1.000000 23.000000 1.000000 1.000000 3689.680793 0.005714 0.013893 0.000000 0.000000 0.000000
1.000000 24.000000 1.000000 1.000000 3346.668589 0.005179 0.012576 0.000000 0.000000 0.000000
1.000000 1.000000 2.000000 1.000000 3060.768144 0.004733 0.011482 0.000000 0.000000 -0.000000
1.000000 2.000000 2.000000 1.000000 2813.416103 0.004348 0.010538 0.000000 0.000000 -0.000000
1.000000 3.000000 2.000000 1.000000 2633.341288 0.004068 0.009853 0.000000 0.000000 -0.000000
1.000000 4.000000 2.000000 1.000000 2491.930285 0.003848 0.009316 0.000000 0.000000 -0.000000
1.000000 5.000000 2.000000 1.000000 2378.055016 0.003671 0.008884 0.000000 0.000000 -0.000000
1.000000 6.000000 2.000000 1.000000 2243.825001 0.003463 0.008376 0.000000 0.000000 -0.000000
1.000000 7.000000 2.000000 1.000000 2132.101337 0.003289 0.007953 0.000000 0.000000 -0.000000
1.000000 8.000000 2.000000 1.000000 2778.236924 0.004293 0.010404 0.010404 0.000000 -1071.884007
1.000000 9.000000 2.000000 1.000000 3571.406239 0.005530 0.013438 0.012326 0.000000 0.000000
1.000000 10.000000 2.000000 1.000000 2930.812968 0.004531 0.010985 0.010985 0.000000 -4063.560605
1.000000 11.000000 2.000000 1.000000 2836.216100 0.004383 0.010625 0.010625 0.000000 -4324.718055
1.000000 12.000000 2.000000 1.000000 3228.934736 0.004995 0.012125 0.012125 0.000000 -2058.915911
1.000000 13.000000 2.000000 1.000000 3707.019261 0.005742 0.013960 0.013960 0.000000 -334.892649
1.000000 14.000000 2.000000 1.000000 4214.180877 0.006535 0.015919 0.013235 0.000000 0.000000
1.000000 15.000000 2.000000 1.000000 12451.285170 0.019714 0.049511 0.019714 4463.969911 0.000000
1.000000 16.000000 2.000000 1.000000 29901.062237 0.049543 0.133827 0.049543 27496.014435 0.000000
1.000000 17.000000 2.000000 1.000000 47571.488941 0.082715 0.243929 0.082715 52520.727011 0.000000
1.000000 18.000000 2.000000 1.000000 54605.977409 0.096851 0.297236 0.096851 63346.555457 0.000000
1.000000 19.000000 2.000000 1.000000 100380.073693 0.204763 0.911548 0.000000 0.000000 0.000000
1.000000 20.000000 2.000000 1.000000 42879.527298 0.073591 0.211683 0.000000 0.000000 0.000000
1.000000 21.000000 2.000000 1.000000 5567.275209 0.008663 0.021204 0.000000 0.000000 -0.000000
1.000000 22.000000 2.000000 1.000000 4273.286251 0.006628 0.016148 0.000000 0.000000 -0.000000
1.000000 23.000000 2.000000 1.000000 3738.936365 0.005791 0.014083 0.000000 0.000000 0.000000
1.000000 24.000000 2.000000 1.000000 3330.554193 0.005154 0.012514 0.000000 0.000000 -0.000000
1.000000 1.000000 3.000000 1.000000 3024.795725 0.004677 0.011344 0.000000 0.000000 -0.000000
1.000000 2.000000 3.000000 1.000000 2829.123491 0.004372 0.010598 0.000000 0.000000 -0.000000
1.000000 3.000000 3.000000 1.000000 2692.029280 0.004159 0.010076 0.000000 0.000000 -0.000000
1.000000 4.000000 3.000000 1.000000 2559.481628 0.003953 0.009572 0.000000 0.000000 -0.000000
1.000000 5.000000 3.000000 1.000000 2443.604736 0.003773 0.009132 0.000000 0.000000 -0.000000
1.000000 6.000000 3.000000 1.000000 2322.657635 0.003585 0.008674 0.000000 0.000000 -0.000000
1.000000 7.000000 3.000000 1.000000 2258.953375 0.003486 0.008433 0.000000 0.000000 -0.000000
1.000000 8.000000 3.000000 1.000000 2922.435684 0.004518 0.010953 0.010953 0.000000 -1031.544698
1.000000 9.000000 3.000000 1.000000 3502.999067 0.005423 0.013176 0.012698 0.000000 0.000000
1.000000 10.000000 3.000000 1.000000 2844.128791 0.004396 0.010655 0.010655 0.000000 -4298.128669
1.000000 11.000000 3.000000 1.000000 2938.995203 0.004543 0.011017 0.011017 0.000000 -3870.884605
1.000000 12.000000 3.000000 1.000000 3333.701141 0.005159 0.012526 0.012526 0.000000 -1335.436674
1.000000 13.000000 3.000000 1.000000 3803.664698 0.005893 0.014332 0.014332 0.000000 -102.332778
1.000000 14.000000 3.000000 1.000000 4321.076442 0.006703 0.016333 0.013587 0.000000 0.000000
1.000000 15.000000 3.000000 1.000000 12390.231361 0.019614 0.049249 0.019614 4631.059031 0.000000
1.000000 16.000000 3.000000 1.000000 28771.616702 0.047529 0.127734 0.047529 26641.902943 0.000000
1.000000 17.000000 3.000000 1.000000 44417.875384 0.076557 0.221987 0.076557 43546.598361 0.000000
1.000000 18.000000 3.000000 1.000000 49313.883002 0.086164 0.256549 0.086164 53406.992914 0.000000
1.000000 19.000000 3.000000 1.000000 89516.842427 0.176322 0.701623 0.000000 0.000000 0.000000
1.000000 20.000000 3.000000 1.000000 37769.386376 0.063920 0.179188 0.000000 0.000000 0.000000
1.000000 21.000000 3.000000 1.000000 4787.583004 0.007435 0.018148 0.000000 0.000000 -0.000000
1.000000 22.000000 3.000000 1.000000 3678.498491 0.005697 0.013850 0.000000 0.000000 -0.000000
1.000000 23.000000 3.000000 1.000000 3166.822600 0.004898 0.011887 0.000000 0.000000 -0.000000
1.000000 24.000000 3.000000 1.000000 2866.897496 0.004431 0.010742 0.000000 0.000000 -0.000000
1.000000 1.000000 4.000000 1.000000 2664.151413 0.004116 0.009970 0.000000 0.000000 -0.000000
1.000000 2.000000 4.000000 1.000000 2501.821550 0.003863 0.009353 0.000000 0.000000 -0.000000
1.000000 3.000000 4.000000 1.000000 2394.648888 0.003697 0.008947 0.000000 0.000000 -0.000000
1.000000 4.000000 4.000000 1.000000 2275.473460 0.003512 0.008495 0.000000 0.000000 -0.000000
1.000000 5.000000 4.000000 1.000000 2186.904987 0.003374 0.008160 0.000000 0.000000 -0.000000
1.000000 6.000000 4.000000 1.000000 2080.462303 0.003209 0.007758 0.000000 0.000000 -0.000000
1.000000 7.000000 4.000000 1.000000 2011.376206 0.003102 0.007498 0.000000 0.000000 -0.000000
1.000000 8.000000 4.000000 1.000000 2740.041361 0.004234 0.010259 0.010259 0.000000 -752.362963
1.000000 9.000000 4.000000 1.000000 3658.210630 0.005665 0.013772 0.011970 0.000000 0.000000
1.000000 10.000000 4.000000 1.000000 3007.014275 0.004649 0.011276 0.011276 0.000000 -1591.196312
1.000000 11.000000 4.000000 1.000000 2740.756115 0.004235 0.010261 0.010261 0.000000 -3326.973023
1.000000 12.000000 4.000000 1.000000 3093.183721 0.004784 0.011605 0.011605 0.000000 -1875.070735
1.000000 13.000000 4.000000 1.000000 3517.916795 0.005446 0.013233 0.013233 0.000000 -21.312778
1.000000 14.000000 4.000000 1.000000 3981.475655 0.006171 0.015019 0.012543 0.000000 0.000000
1.000000 15.000000 4.000000 1.000000 11854.984392 0.018742 0.046961 0.018742 4650.408553 0.000000
1.000000 16.000000 4.000000 1.000000 28345.829741 0.046773 0.125462 0.046773 27153.807117 0.000000
1.000000 17.000000 4.000000 1.000000 44744.650737 0.077190 0.224209 0.077190 49952.563154 0.000000
1.000000 18.000000 4.000000 1.000000 51079.099234 0.089693 0.269714 0.089693 57533.382281 0.000000
1.000000 19.000000 4.000000 1.000000 94330.989242 0.188681 0.787104 0.000000 0.000000 0.000000
1.000000 20.000000 4.000000 1.000000 40282.323374 0.068642 0.194845 0.000000 0.000000 0.000000
1.000000 21.000000 4.000000 1.000000 5124.365881 0.007965 0.019465 0.000000 0.000000 -0.000000
1.000000 22.000000 4.000000 1.000000 3971.717284 0.006156 0.014981 0.000000 0.000000 -0.000000
1.000000 23.000000 4.000000 1.000000 3494.948353 0.005410 0.013145 0.000000 0.000000 0.000000
1.000000 24.000000 4.000000 1.000000 3150.630822 0.004873 0.011825 0.000000 0.000000 -0.000000
1.000000 1.000000 5.000000 1.000000 2868.573095 0.004434 0.010748 0.000000 0.000000 -0.000000
1.000000 2.000000 5.000000 1.000000 2655.896803 0.004103 0.009938 0.000000 0.000000 -0.000000
1.000000 3.000000 5.000000 1.000000 2510.112234 0.003876 0.009385 0.000000 0.000000 -0.000000
1.000000 4.000000 5.000000 1.000000 2359.765214 0.003643 0.008815 0.000000 0.000000 -0.000000
1.000000 5.000000 5.000000 1.000000 2241.475676 0.003459 0.008367 0.000000 0.000000 -0.000000
1.000000 6.000000 5.000000 1.000000 2112.381391 0.003259 0.007879 0.000000 0.000000 -0.000000
1.000000 7.000000 5.000000 1.000000 2010.879790 0.003101 0.007496 0.000000 0.000000 -0.000000
1.000000 8.000000 5.000000 1.000000 2757.443325 0.004261 0.010325 0.010325 0.000000 -575.659961
1.000000 9.000000 5.000000 1.000000 3620.676785 0.005607 0.013628 0.011652 0.000000 0.000000
1.000000 10.000000 5.000000 1.000000 3073.168340 0.004752 0.011529 0.011529 0.000000 -1533.831333
1.000000 11.000000 5.000000 1.000000 2633.288891 0.004068 0.009853 0.009853 0.000000 -3710.493336
1.000000 12.000000 5.000000 1.000000 2969.140342 0.004590 0.011132 0.011132 0.000000 -2072.538186
1.000000 13.000000 5.000000 1.000000 3415.579766 0.005286 0.012840 0.012840 0.000000 -219.331969
1.000000 14.000000 5.000000 1.000000 3894.668968 0.006035 0.014683 0.012177 0.000000 0.000000
1.000000 15.000000 5.000000 1.000000 11720.513696 0.018523 0.046388 0.018523 4669.333412 0.000000
1.000000 16.000000 5.000000 1.000000 28297.800947 0.046687 0.125207 0.046687 27116.754919 0.000000
1.000000 17.000000 5.000000 1.000000 44916.040238 0.077522 0.225379 0.077522 49879.780171 0.000000
1.000000 18.000000 5.000000 1.000000 51115.779111 0.089767 0.269992 0.089767 57787.050362 0.000000
1.000000 19.000000 5.000000 1.000000 94058.039672 0.187970 0.781963 0.000000 0.000000 0.000000
1.000000 20.000000 5.000000 1.000000 40151.425482 0.068395 0.194014 0.000000 0.000000 0.000000
1.000000 21.000000 5.000000 1.000000 5104.011405 0.007933 0.019385 0.000000 0.000000 -0.000000
1.000000 22.000000 5.000000 1.000000 3962.846848 0.006142 0.014947 0.000000 0.000000 -0.000000
1.000000 23.000000 5.000000 1.000000 3499.657169 0.005418 0.013163 0.000000 0.000000 0.000000
1.000000 24.000000 5.000000 1.000000 3136.317523 0.004851 0.011770 0.000000 0.000000 -0.000000
1.000000 1.000000 6.000000 1.000000 2868.049581 0.004433 0.010746 0.000000 0.000000 -0.000000
1.000000 2.000000 6.000000 1.000000 2682.430751 0.004144 0.010039 0.000000 0.000000 -0.000000
1.000000 3.000000 6.000000 1.000000 2545.344512 0.003931 0.009518 0.000000 0.000000 -0.000000
1.000000 4.000000 6.000000 1.000000 2424.266224 0.003743 0.009059 0.000000 0.000000 -0.000000
1.000000 5.000000 6.000000 1.000000 2285.004207 0.003527 0.008532 0.000000 0.000000 -0.000000
1.000000 6.000000 6.000000 1.000000 2132.134033 0.003289 0.007953 0.000000 0.000000 -0.000000
1.000000 7.000000 6.000000 1.000000 2038.539584 0.003144 0.007600 0.000000 0.000000 -0.000000
1.000000 8.000000 6.000000 1.000000 2689.923820 0.004156 0.010068 0.000000 0.000000 0.000000
1.000000 9.000000 6.000000 1.000000 3727.163465 0.005773 0.014038 0.000000 0.000000 0.000000
1.000000 10.000000 6.000000 1.000000 5546.117630 0.008630 0.021121 0.000000 0.000000 0.000000
1.000000 11.000000 6.000000 1.000000 7750.987761 0.012127 0.029922 0.000000 0.000000 0.000000
1.000000 12.000000 6.000000 1.000000 8982.680813 0.014098 0.034944 0.000000 0.000000 0.000000
1.000000 13.000000 6.000000 1.000000 10431.972133 0.016433 0.040953 0.000000 0.000000 0.000000
1.000000 14.000000 6.000000 1.000000 11759.339374 0.018586 0.046554 0.000000 0.000000 0.000000
1.000000 15.000000 6.000000 1.000000 34773.443296 0.058374 0.161289 0.000000 0.000000 0.000000
1.000000 16.000000 6.000000 1.000000 83748.060466 0.162000 0.611925 0.000000 0.000000 0.000000
1.000000 17.000000 6.000000 1.000000 134770.460820 0.309863 2.457949 0.000000 0.000000 0.000000
1.000000 18.000000 6.000000 1.000000 156696.064730 0.392049 8.002748 0.000000 0.000000 0.000000
1.000000 19.000000 6.000000 1.000000 107156.962599 0.223556 1.079938 0.000000 0.000000 0.000000
1.000000 20.000000 6.000000 1.000000 43459.738299 0.074707 0.215540 0.000000 0.000000 0.000000
1.000000 21.000000 6.000000 1.000000 5564.429356 0.008658 0.021193 0.000000 0.000000 -0.000000
1.000000 22.000000 6.000000 1.000000 4280.582817 0.006639 0.016176 0.000000 0.000000 -0.000000
1.000000 23.000000 6.000000 1.000000 3726.767158 0.005772 0.014036 0.000000 0.000000 0.000000
1.000000 24.000000 6.000000 1.000000 3342.352251 0.005172 0.012559 0.000000 0.000000 0.000000
1.000000 1.000000 7.000000 1.000000 3059.928409 0.004732 0.011478 0.000000 0.000000 -0.000000
1.000000 2.000000 7.000000 1.000000 2824.953017 0.004366 0.010582 0.000000 0.000000 -0.000000
1.000000 3.000000 7.000000 1.000000 2622.313411 0.004051 0.009811 0.000000 0.000000 -0.000000
1.000000 4.000000 7.000000 1.000000 2441.326931 0.003769 0.009124 0.000000 0.000000 -0.000000
1.000000 5.000000 7.000000 1.000000 2299.484892 0.003549 0.008586 0.000000 0.000000 -0.000000
1.000000 6.000000 7.000000 1.000000 2176.322625 0.003358 0.008120 0.000000 0.000000 -0.000000
1.000000 7.000000 7.000000 1.000000 2087.752694 0.003221 0.007786 0.000000 0.000000 -0.000000
1.000000 8.000000 7.000000 1.000000 2862.021026 0.004423 0.010723 0.000000 0.000000 0.000000
1.000000 9.000000 7.000000 1.000000 4089.074954 0.006339 0.015435 0.000000 0.000000 0.000000
1.000000 10.000000 7.000000 1.000000 5904.563564 0.009195 0.022536 0.000000 0.000000 0.000000
1.000000 11.000000 7.000000 1.000000 8204.846263 0.012852 0.031763 0.000000 0.000000 0.000000
1.000000 12.000000 7.000000 1.000000 9483.914340 0.014903 0.037010 0.000000 0.000000 0.000000
1.000000 13.000000 7.000000 1.000000 10903.469278 0.017196 0.042932 0.000000 0.000000 0.000000
1.000000 14.000000 7.000000 1.000000 12195.597877 0.019297 0.048415 0.000000 0.000000 0.000000
1.000000 15.000000 7.000000 1.000000 35786.643695 0.060239 0.167252 0.000000 0.000000 0.000000
1.000000 16.000000 7.000000 1.000000 85755.312503 0.166924 0.641723 0.000000 0.000000 0.000000
1.000000 17.000000 7.000000 1.000000 137890.948853 0.320738 2.768139 0.000000 0.000000 0.000000
1.000000 18.000000 7.000000 1.000000 161333.966674 0.411327 13.307159 0.000000 0.000000 0.000000
1.000000 19.000000 7.000000 1.000000 110636.060970 0.233539 1.181609 0.000000 0.000000 0.000000
1.000000 20.000000 7.000000 1.000000 45624.425309 0.078900 0.230250 0.000000 0.000000 0.000000
1.000000 21.000000 7.000000 1.000000 5878.878341 0.009155 0.022434 0.000000 0.000000 -0.000000
1.000000 22.000000 7.000000 1.000000 4482.282836 0.006956 0.016959 0.000000 0.000000 -0.000000
1.000000 23.000000 7.000000 1.000000 3865.540483 0.005989 0.014571 0.000000 0.000000 0.000000
1.000000 24.000000 7.000000 1.000000 3407.861928 0.005274 0.012810 0.000000 0.000000 -0.000000
1.000000 1.000000 1.000000 2.000000 3073.966606 0.004754 0.011532 0.000000 0.000000 -0.000000
1.000000 2.000000 1.000000 2.000000 2817.716970 0.004355 0.010554 0.000000 0.000000 -0.000000
1.000000 3.000000 1.000000 2.000000 2624.127508 0.004053 0.009818 0.000000 0.000000 -0.000000
1.000000 4.000000 1.000000 2.000000 2465.982082 0.003808 0.009217 0.000000 0.000000 -0.000000
1.000000 5.000000 1.000000 2.000000 2323.027861 0.003586 0.008676 0.000000 0.000000 -0.000000
1.000000 6.000000 1.000000 2.000000 2190.380100 0.003380 0.008174 0.000000 0.000000 -0.000000
1.000000 7.000000 1.000000 2.000000 2109.553660 0.003254 0.007868 0.000000 0.000000 -0.000000
1.000000 8.000000 1.000000 2.000000 2897.678863 0.004479 0.010859 0.010859 0.000000 -807.245675
1.000000 9.000000 1.000000 2.000000 3531.939481 0.005468 0.013287 0.012782 0.000000 0.000000
1.000000 10.000000 1.000000 2.000000 3215.735346 0.004975 0.012074 0.012074 0.000000 -846.943653
1.000000 11.000000 1.000000 2.000000 2725.924946 0.004212 0.010205 0.010205 0.000000 -3454.424953
1.000000 12.000000 1.000000 2.000000 2874.837219 0.004443 0.010772 0.010772 0.000000 -3300.890282
1.000000 13.000000 1.000000 2.000000 3242.680879 0.005017 0.012177 0.012177 0.000000 -1531.493238
1.000000 14.000000 1.000000 2.000000 7090.324840 0.011075 0.027260 0.013261 0.000000 0.000000
1.000000 15.000000 1.000000 2.000000 22029.980843 0.035752 0.093314 0.035752 18023.940128 0.000000
1.000000 16.000000 1.000000 2.000000 50054.179180 0.087640 0.262022 0.087640 58806.483680 0.000000
1.000000 17.000000 1.000000 2.000000 81023.983615 0.155414 0.573663 0.155414 109891.917481 0.000000
1.000000 18.000000 1.000000 2.000000 91663.703502 0.181786 0.738426 0.181786 126251.997755 0.000000
1.000000 19.000000 1.000000 2.000000 169533.471745 0.447264 -160.143272 0.000000 0.000000 -0.000000
1.000000 20.000000 1.000000 2.000000 21272.558483 0.034455 0.089643 0.000000 0.000000 -0.000000
1.000000 21.000000 1.000000 2.000000 5390.371658 0.008384 0.020508 0.000000 0.000000 -0.000000
1.000000 22.000000 1.000000 2.000000 4336.795989 0.006728 0.016394 0.000000 0.000000 0.000000
1.000000 23.000000 1.000000 2.000000 3782.253593 0.005859 0.014250 0.000000 0.000000 0.000000
1.000000 24.000000 1.000000 2.000000 3336.457860 0.005163 0.012537 0.000000 0.000000 0.000000
0.000000 0.000000 0.000000 0.000000 0.000000 0.000000 0.000000 0.000000 0.000000 0.000000
0.000000 0.000000 0.000000 0.000000 0.000000 0.000000 0.000000 0.000000 0.000000 0.000000
0.000000 0.000000 0.000000 0.000000 0.000000 0.000000 0.000000 0.000000 0.000000 0.000000
0.000000 0.000000 0.000000 0.000000 0.000000 0.000000 0.000000 0.000000 0.000000 0.000000
0.000000 0.000000 0.000000 0.000000 0.000000 0.000000 0.000000 0.000000 0.000000 0.000000
0.000000 0.000000 0.000000 0.000000 0.000000 0.000000 0.000000 0.000000 0.000000 0.000000
0.000000 0.000000 0.000000 0.000000 0.000000 0.000000 0.000000 0.000000 0.000000 0.000000
0.000000 0.000000 0.000000 0.000000 0.000000 0.000000 0.000000 0.000000 0.000000 0.000000
0.000000 0.000000 0.000000 0.000000 0.000000 0.000000 0.000000 0.000000 0.000000 0.000000
0.000000 0.000000 0.000000 0.000000 0.000000 0.000000 0.000000 0.000000 0.000000 0.000000
0.000000 0.000000 0.000000 0.000000 0.000000 0.000000 0.000000 0.000000 0.000000 0.000000
0.000000 0.000000 0.000000 0.000000 0.000000 0.000000 0.000000 0.000000 0.000000 0.000000
0.000000 0.000000 0.000000 0.000000 0.000000 0.000000 0.000000 0.000000 0.000000 0.000000
0.000000 0.000000 0.000000 0.000000 0.000000 0.000000 0.000000 0.000000 0.000000 0.000000
0.000000 0.000000 0.000000 0.000000 0.000000 0.000000 0.000000 0.000000 0.000000 0.000000
0.000000 0.000000 0.000000 0.000000 0.000000 0.000000 0.000000 0.000000 0.000000 0.000000
0.000000 0.000000 0.000000 0.000000 0.000000 0.000000 0.000000 0.000000 0.000000 0.000000
0.000000 0.000000 0.000000 0.000000 0.000000 0.000000 0.000000 0.000000 0.000000 0.000000
0.000000 0.000000 0.000000 0.000000 0.000000 0.000000 0.000000 0.000000 0.000000 0.000000
0.000000 0.000000 0.000000 0.000000 0.000000 0.000000 0.000000 0.000000 0.000000 0.000000
0.000000 0.000000 0.000000 0.000000 0.000000 0.000000 0.000000 0.000000 0.000000 0.000000
0.000000 0.000000 0.000000 0.000000 0.000000 0.000000 0.000000 0.000000 0.000000 0.000000
0.000000 0.000000 0.000000 0.000000 0.000000 0.000000 0.000000 0.000000 0.000000 0.000000
0.000000 0.000000 0.000000 0.000000 0.000000 0.000000 0.000000 0.000000 0.000000 0.000000
0.000000 0.000000 0.000000 0.000000 0.000000 0.000000 0.000000 0.000000 0.000000 0.000000
0.000000 0.000000 0.000000 0.000000 0.000000 0.000000 0.000000 0.000000 0.000000 0.000000
0.000000 0.000000 0.000000 0.000000 0.000000 0.000000 0.000000 0.000000 0.000000 0.000000
0.000000 0.000000 0.000000 0.000000 0.000000 0.000000 0.000000 0.000000 0.000000 0.000000
0.000000 0.000000 0.000000 0.000000 0.000000 0.000000 0.000000 0.000000 0.000000 0.000000
0.000000 0.000000 0.000000 0.000000 0.000000 0.000000 0.000000 0.000000 0.000000 0.000000
0.000000 0.000000 0.000000 0.000000 0.000000 0.000000 0.000000 0.000000 0.000000 0.000000
0.000000 0.000000 0.000000 0.000000 0.000000 0.000000 0.000000 0.000000 0.000000 0.000000
0.000000 0.000000 0.000000 0.000000 0.000000 0.000000 0.000000 0.000000 0.000000 0.000000
0.000000 0.000000 0.000000 0.000000 0.000000 0.000000 0.000000 0.000000 0.000000 0.000000
0.000000 0.000000 0.000000 0.000000 0.000000 0.000000 0.000000 0.000000 0.000000 0.000000
0.000000 0.000000 0.000000 0.000000 0.000000 0.000000 0.000000 0.000000 0.000000 0.000000
0.000000 0.000000 0.000000 0.000000 0.000000 0.000000 0.000000 0.000000 0.000000 0.000000
0.000000 0.000000 0.000000 0.000000 0.000000 0.000000 0.000000 0.000000 0.000000 0.000000
0.000000 0.000000 0.000000 0.000000 0.000000 0.000000 0.000000 0.000000 0.000000 0.000000
0.000000 0.000000 0.000000 0.000000 0.000000 0.000000 0.000000 0.000000 0.000000 0.000000
0.000000 0.000000 0.000000 0.000000 0.000000 0.000000 0.000000 0.000000 0.000000 0.000000
0.000000 0.000000 0.000000 0.000000 0.000000 0.000000 0.000000 0.000000 0.000000 0.000000
0.000000 0.000000 0.000000 0.000000 0.000000 0.000000 0.000000 0.000000 0.000000 0.000000
0.000000 0.000000 0.000000 0.000000 0.000000 0.000000 0.000000 0.000000 0.000000 0.000000
0.000000 0.000000 0.000000 0.000000 0.000000 0.000000 0.000000 0.000000 0.000000 0.000000
0.000000 0.000000 0.000000 0.000000 0.000000 0.000000 0.000000 0.000000 0.000000 0.000000
0.000000 0.000000 0.000000 0.000000 0.000000 0.000000 0.000000 0.000000 0.000000 0.000000
0.000000 0.000000 0.000000 0.000000 0.000000 0.000000 0.000000 0.000000 0.000000 0.000000
0.000000 0.000000 0.000000 0.000000 0.000000 0.000000 0.000000 0.000000 0.000000 0.000000
0.000000 0.000000 0.000000 0.000000 0.000000 0.000000 0.000000 0.000000 0.000000 0.000000
0.000000 0.000000 0.000000 0.000000 0.000000 0.000000 0.000000 0.000000 0.000000 0.000000
0.000000 0.000000 0.000000 0.000000 0.000000 0.000000 0.000000 0.000000 0.000000 0.000000
0.000000 0.000000 0.000000 0.000000 0.000000 0.000000 0.000000 0.000000 0.000000 0.000000
0.000000 0.000000 0.000000 0.000000 0.000000 0.000000 0.000000 0.000000 0.000000 0.000000
0.000000 0.000000 0.000000 0.000000 0.000000 0.000000 0.000000 0.000000 0.000000 0.000000
0.000000 0.000000 0.000000 0.000000 0.000000 0.000000 0.000000 0.000000 0.000000 0.000000
0.000000 0.000000 0.000000 0.000000 0.000000 0.000000 0.000000 0.000000 0.000000 0.000000
0.000000 0.000000 0.000000 0.000000 0.000000 0.000000 0.000000 0.000000 0.000000 0.000000
0.000000 0.000000 0.000000 0.000000 0.000000 0.000000 0.000000 0.000000 0.000000 0.000000
0.000000 0.000000 0.000000 0.000000 0.000000 0.000000 0.000000 0.000000 0.000000 0.000000
0.000000 0.000000 0.000000 0.000000 0.000000 0.000000 0.000000 0.000000 0.000000 0.000000
0.000000 0.000000 0.000000 0.000000 0.000000 0.000000 0.000000 0.000000 0.000000 0.000000
0.000000 0.000000 0.000000 0.000000 0.000000 0.000000 0.000000 0.000000 0.000000 0.000000
0.000000 0.000000 0.000000 0.000000 0.000000 0.000000 0.000000 0.000000 0.000000 0.000000
0.000000 0.000000 0.000000 0.000000 0.000000 0.000000 0.000000 0.000000 0.000000 0.000000
0.000000 0.000000 0.000000 0.000000 0.000000 0.000000 0.000000 0.000000 0.000000 0.000000
0.000000 0.000000 0.000000 0.000000 0.000000 0.000000 0.000000 0.000000 0.000000 0.000000
0.000000 0.000000 0.000000 0.000000 0.000000 0.000000 0.000000 0.000000 0.000000 0.000000
0.000000 0.000000 0.000000 0.000000 0.000000 0.000000 0.000000 0.000000 0.000000 0.000000
0.000000 0.000000 0.000000 0.000000 0.000000 0.000000 0.000000 0.000000 0.000000 0.000000
0.000000 0.000000 0.000000 0.000000 0.000000 0.000000 0.000000 0.000000 0.000000 0.000000
0.000000 0.000000 0.000000 0.000000 0.000000 0.000000 0.000000 0.000000 0.000000 0.000000
0.000000 0.000000 0.000000 0.000000 0.000000 0.000000 0.000000 0.000000 0.000000 0.000000
0.000000 0.000000 0.000000 0.000000 0.000000 0.000000 0.000000 0.000000 0.000000 0.000000
0.000000 0.000000 0.000000 0.000000 0.000000 0.000000 0.000000 0.000000 0.000000 0.000000
0.000000 0.000000 0.000000 0.000000 0.000000 0.000000 0.000000 0.000000 0.000000 0.000000
0.000000 0.000000 0.000000 0.000000 0.000000 0.000000 0.000000 0.000000 0.000000 0.000000
0.000000 0.000000 0.000000 0.000000 0.000000 0.000000 0.000000 0.000000 0.000000 0.000000
0.000000 0.000000 0.000000 0.000000 0.000000 0.000000 0.000000 0.000000 0.000000 0.000000
0.000000 0.000000 0.000000 0.000000 0.000000 0.000000 0.000000 0.000000 0.000000 0.000000
0.000000 0.000000 0.000000 0.000000 0.000000 0.000000 0.000000 0.000000 0.000000 0.000000
0.000000 0.000000 0.000000 0.000000 0.000000 0.000000 0.000000 0.000000 0.000000 0.000000
0.000000 0.000000 0.000000 0.000000 0.000000 0.000000 0.000000 0.000000 0.000000 0.000000
0.000000 0.000000 0.000000 0.000000 0.000000 0.000000 0.000000 0.000000 0.000000 0.000000
0.000000 0.000000 0.000000 0.000000 0.000000 0.000000 0.000000 0.000000 0.000000 0.000000
0.000000 0.000000 0.000000 0.000000 0.000000 0.000000 0.000000 0.000000 0.000000 0.000000
0.000000 0.000000 0.000000 0.000000 0.000000 0.000000 0.000000 0.000000 0.000000 0.000000
0.000000 0.000000 0.000000 0.000000 0.000000 0.000000 0.000000 0.000000 0.000000 0.000000
0.000000 0.000000 0.000000 0.000000 0.000000 0.000000 0.000000 0.000000 0.000000 0.000000
0.000000 0.000000 0.000000 0.000000 0.000000 0.000000 0.000000 0.000000 0.000000 0.000000
0.000000 0.000000 0.000000 0.000000 0.000000 0.000000 0.000000 0.000000 0.000000 0.000000
0.000000 0.000000 0.000000 0.000000 0.000000 0.000000 0.000000 0.000000 0.000000 0.000000
0.000000 0.000000 0.000000 0.000000 0.000000 0.000000 0.000000 0.000000 0.000000 0.000000
0.000000 0.000000 0.000000 0.000000 0.000000 0.000000 0.000000 0.000000 0.000000 0.000000
0.000000 0.000000 0.000000 0.000000 0.000000 0.000000 0.000000 0.000000 0.000000 0.000000
0.000000 0.000000 0.000000 0.000000 0.000000 0.000000 0.000000 0.000000 0.000000 0.000000
0.000000 0.000000 0.000000 0.000000 0.000000 0.000000 0.000000 0.000000 0.000000 0.000000
0.000000 0.000000 0.000000 0.000000 0.000000 0.000000 0.000000 0.000000 0.000000 0.000000
0.000000 0.000000 0.000000 0.000000 0.000000 0.000000 0.000000 0.000000 0.000000 0.000000
0.000000 0.000000 0.000000 0.000000 0.000000 0.000000 0.000000 0.000000 0.000000 0.000000
0.000000 0.000000 0.000000 0.000000 0.000000 0.000000 0.000000 0.000000 0.000000 0.000000
0.000000 0.000000 0.000000 0.000000 0.000000 0.000000 0.000000 0.000000 0.000000 0.000000
0.000000 0.000000 0.000000 0.000000 0.000000 0.000000 0.000000 0.000000 0.000000 0.000000
0.000000 0.000000 0.000000 0.000000 0.000000 0.000000 0.000000 0.000000 0.000000 0.000000
0.000000 0.000000 0.000000 0.000000 0.000000 0.000000 0.000000 0.000000 0.000000 0.000000
0.000000 0.000000 0.000000 0.000000 0.000000 0.000000 0.000000 0.000000 0.000000 0.000000
0.000000 0.000000 0.000000 0.000000 0.000000 0.000000 0.000000 0.000000 0.000000 0.000000
0.000000 0.000000 0.000000 0.000000 0.000000 0.000000 0.000000 0.000000 0.000000 0.000000
0.000000 0.000000 0.000000 0.000000 0.000000 0.000000 0.000000 0.000000 0.000000 0.000000
0.000000 0.000000 0.000000 0.000000 0.000000 0.000000 0.000000 0.000000 0.000000 0.000000
0.000000 0.000000 0.000000 0.000000 0.000000 0.000000 0.000000 0.000000 0.000000 0.000000
0.000000 0.000000 0.000000 0.000000 0.000000 0.000000 0.000000 0.000000 0.000000 0.000000
0.000000 0.000000 0.000000 0.000000 0.000000 0.000000 0.000000 0.000000 0.000000 0.000000
0.000000 0.000000 0.000000 0.000000 0.000000 0.000000 0.000000 0.000000 0.000000 0.000000
0.000000 0.000000 0.000000 0.000000 0.000000 0.000000 0.000000 0.000000 0.000000 0.000000
0.000000 0.000000 0.000000 0.000000 0.000000 0.000000 0.000000 0.000000 0.000000 0.000000
0.000000 0.000000 0.000000 0.000000 0.000000 0.000000 0.000000 0.000000 0.000000 0.000000
0.000000 0.000000 0.000000 0.000000 0.000000 0.000000 0.000000 0.000000 0.000000 0.000000
0.000000 0.000000 0.000000 0.000000 0.000000 0.000000 0.000000 0.000000 0.000000 0.000000
0.000000 0.000000 0.000000 0.000000 0.000000 0.000000 0.000000 0.000000 0.000000 0.000000
0.000000 0.000000 0.000000 0.000000 0.000000 0.000000 0.000000 0.000000 0.000000 0.000000
0.000000 0.000000 0.000000 0.000000 0.000000 0.000000 0.000000 0.000000 0.000000 0.000000
0.000000 0.000000 0.000000 0.000000 0.000000 0.000000 0.000000 0.000000 0.000000 0.000000
0.000000 0.000000 0.000000 0.000000 0.000000 0.000000 0.000000 0.000000 0.000000 0.000000
0.000000 0.000000 0.000000 0.000000 0.000000 0.000000 0.000000 0.000000 0.000000 0.000000
0.000000 0.000000 0.000000 0.000000 0.000000 0.000000 0.000000 0.000000 0.000000 0.000000
0.000000 0.000000 0.000000 0.000000 0.000000 0.000000 0.000000 0.000000 0.000000 0.000000
0.000000 0.000000 0.000000 0.000000 0.000000 0.000000 0.000000 0.000000 0.000000 0.000000
0.000000 0.000000 0.000000 0.000000 0.000000 0.000000 0.000000 0.000000 0.000000 0.000000
0.000000 0.000000 0.000000 0.000000 0.000000 0.000000 0.000000 0.000000 0.000000 0.000000
0.000000 0.000000 0.000000 0.000000 0.000000 0.000000 0.000000 0.000000 0.000000 0.000000
0.000000 0.000000 0.000000 0.000000 0.000000 0.000000 0.000000 0.000000 0.000000 0.000000
0.000000 0.000000 0.000000 0.000000 0.000000 0.000000 0.000000 0.000000 0.000000 0.000000
0.000000 0.000000 0.000000 0.000000 0.000000 0.000000 0.000000 0.000000 0.000000 0.000000
0.000000 0.000000 0.000000 0.000000 0.000000 0.000000 0.000000 0.000000 0.000000 0.000000
0.000000 0.000000 0.000000 0.000000 0.000000 0.000000 0.000000 0.000000 0.000000 0.000000
0.000000 0.000000 0.000000 0.000000 0.000000 0.000000 0.000000 0.000000 0.000000 0.000000
0.000000 0.000000 0.000000 0.000000 0.000000 0.000000 0.000000 0.000000 0.000000 0.000000
0.000000 0.000000 0.000000 0.000000 0.000000 0.000000 0.000000 0.000000 0.000000 0.000000
0.000000 0.000000 0.000000 0.000000 0.000000 0.000000 0.000000 0.000000 0.000000 0.000000
0.000000 0.000000 0.000000 0.000000 0.000000 0.000000 0.000000 0.000000 0.000000 0.000000
0.000000 0.000000 0.000000 0.000000 0.000000 0.000000 0.000000 0.000000 0.000000 0.000000
0.000000 0.000000 0.000000 0.000000 0.000000 0.000000 0.000000 0.000000 0.000000 0.000000
0.000000 0.000000 0.000000 0.000000 0.000000 0.000000 0.000000 0.000000 0.000000 0.000000
0.000000 0.000000 0.000000 0.000000 0.000000 0.000000 0.000000 0.000000 0.000000 0.000000
0.000000 0.000000 0.000000 0.000000 0.000000 0.000000 0.000000 0.000000 0.000000 0.000000
0.000000 0.000000 0.000000 0.000000 0.000000 0.000000 0.000000 0.000000 0.000000 0.000000
0.000000 0.000000 0.000000 0.000000 0.000000 0.000000 0.000000 0.000000 0.000000 0.000000
0.000000 0.000000 0.000000 0.000000 0.000000 0.000000 0.000000 0.000000 0.000000 0.000000
0.000000 0.000000 0.000000 0.000000 0.000000 0.000000 0.000000 0.000000 0.000000 0.000000
0.000000 0.000000 0.000000 0.000000 0.000000 0.000000 0.000000 0.000000 0.000000 0.000000
0.000000 0.000000 0.000000 0.000000 0.000000 0.000000 0.000000 0.000000 0.000000 0.000000
0.000000 0.000000 0.000000 0.000000 0.000000 0.000000 0.000000 0.000000 0.000000 0.000000
0.000000 0.000000 0.000000 0.000000 0.000000 0.000000 0.000000 0.000000 0.000000 0.000000
0.000000 0.000000 0.000000 0.000000 0.000000 0.000000 0.000000 0.000000 0.000000 0.000000
0.000000 0.000000 0.000000 0.000000 0.000000 0.000000 0.000000 0.000000 0.000000 0.000000
0.000000 0.000000 0.000000 0.000000 0.000000 0.000000 0.000000 0.000000 0.000000 0.000000
0.000000 0.000000 0.000000 0.000000 0.000000 0.000000 0.000000 0.000000 0.000000 0.000000
0.000000 0.000000 0.000000 0.000000 0.000000 0.000000 0.000000 0.000000 0.000000 0.000000
0.000000 0.000000 0.000000 0.000000 0.000000 0.000000 0.000000 0.000000 0.000000 0.000000
0.000000 0.000000 0.000000 0.000000 0.000000 0.000000 0.000000 0.000000 0.000000 0.000000
0.000000 0.000000 0.000000 0.000000 0.000000 0.000000 0.000000 0.000000 0.000000 0.000000
0.000000 0.000000 0.000000 0.000000 0.000000 0.000000 0.000000 0.000000 0.000000 0.000000
0.000000 0.000000 0.000000 0.000000 0.000000 0.000000 0.000000 0.000000 0.000000 0.000000
0.000000 0.000000 0.000000 0.000000 0.000000 0.000000 0.000000 0.000000 0.000000 0.000000
0.000000 0.000000 0.000000 0.000000 0.000000 0.000000 0.000000 0.000000 0.000000 0.000000
0.000000 0.000000 0.000000 0.000000 0.000000 0.000000 0.000000 0.000000 0.000000 0.000000
0.000000 0.000000 0.000000 0.000000 0.000000 0.000000 0.000000 0.000000 0.000000 0.000000
0.000000 0.000000 0.000000 0.000000 0.000000 0.000000 0.000000 0.000000 0.000000 0.000000
0.000000 0.000000 0.000000 0.000000 0.000000 0.000000 0.000000 0.000000 0.000000 0.000000
0.000000 0.000000 0.000000 0.000000 0.000000 0.000000 0.000000 0.000000 0.000000 0.000000
0.000000 0.000000 0.000000 0.000000 0.000000 0.000000 0.000000 0.000000 0.000000 0.000000
0.000000 0.000000 0.000000 0.000000 0.000000 0.000000 0.000000 0.000000 0.000000 0.000000
0.000000 0.000000 0.000000 0.000000 0.000000 0.000000 0.000000 0.000000 0.000000 0.000000
0.000000 0.000000 0.000000 0.000000 0.000000 0.000000 0.000000 0.000000 0.000000 0.000000
0.000000 0.000000 0.000000 0.000000 0.000000 0.000000 0.000000 0.000000 0.000000 0.000000
0.000000 0.000000 0.000000 0.000000 0.000000 0.000000 0.000000 0.000000 0.000000 0.000000
0.000000 0.000000 0.000000 0.000000 0.000000 0.000000 0.000000 0.000000 0.000000 0.000000
0.000000 0.000000 0.000000 0.000000 0.000000 0.000000 0.000000 0.000000 0.000000 0.000000
0.000000 0.000000 0.000000 0.000000 0.000000 0.000000 0.000000 0.000000 0.000000 0.000000
0.000000 0.000000 0.000000 0.000000 0.000000 0.000000 0.000000 0.000000 0.000000 0.000000
0.000000 0.000000 0.000000 0.000000 0.000000 0.000000 0.000000 0.000000 0.000000 0.000000
0.000000 0.000000 0.000000 0.000000 0.000000 0.000000 0.000000 0.000000 0.000000 0.000000
0.000000 0.000000 0.000000 0.000000 0.000000 0.000000 0.000000 0.000000 0.000000 0.000000
0.000000 0.000000 0.000000 0.000000 0.000000 0.000000 0.000000 0.000000 0.000000 0.000000
0.000000 0.000000 0.000000 0.000000 0.000000 0.000000 0.000000 0.000000 0.000000 0.000000
0.000000 0.000000 0.000000 0.000000 0.000000 0.000000 0.000000 0.000000 0.000000 0.000000
0.000000 0.000000 0.000000 0.000000 0.000000 0.000000 0.000000 0.000000 0.000000 0.000000
0.000000 0.000000 0.000000 0.000000 0.000000 0.000000 0.000000 0.000000 0.000000 0.000000
0.000000 0.000000 0.000000 0.000000 0.000000 0.000000 0.000000 0.000000 0.000000 0.000000
0.000000 0.000000 0.000000 0.000000 0.000000 0.000000 0.000000 0.000000 0.000000 0.000000
0.000000 0.000000 0.000000 0.000000 0.000000 0.000000 0.000000 0.000000 0.000000 0.000000
0.000000 0.000000 0.000000 0.000000 0.000000 0.000000 0.000000 0.000000 0.000000 0.000000
0.000000 0.000000 0.000000 0.000000 0.000000 0.000000 0.000000 0.000000 0.000000 0.000000
0.000000 0.000000 0.000000 0.000000 0.000000 0.000000 0.000000 0.000000 0.000000 0.000000
0.000000 0.000000 0.000000 0.000000 0.000000 0.000000 0.000000 0.000000 0.000000 0.000000
0.000000 0.000000 0.000000 0.000000 0.000000 0.000000 0.000000 0.000000 0.000000 0.000000
0.000000 0.000000 0.000000 0.000000 0.000000 0.000000 0.000000 0.000000 0.000000 0.000000
0.000000 0.000000 0.000000 0.000000 0.000000 0.000000 0.000000 0.000000 0.000000 0.000000
0.000000 0.000000 0.000000 0.000000 0.000000 0.000000 0.000000 0.000000 0.000000 0.000000
0.000000 0.000000 0.000000 0.000000 0.000000 0.000000 0.000000 0.000000 0.000000 0.000000
0.000000 0.000000 0.000000 0.000000 0.000000 0.000000 0.000000 0.000000 0.000000 0.000000
0.000000 0.000000 0.000000 0.000000 0.000000 0.000000 0.000000 0.000000 0.000000 0.000000
0.000000 0.000000 0.000000 0.000000 0.000000 0.000000 0.000000 0.000000 0.000000 0.000000
0.000000 0.000000 0.000000 0.000000 0.000000 0.000000 0.000000 0.000000 0.000000 0.000000
0.000000 0.000000 0.000000 0.000000 0.000000 0.000000 0.000000 0.000000 0.000000 0.000000
0.000000 0.000000 0.000000 0.000000 0.000000 0.000000 0.000000 0.000000 0.000000 0.000000
0.000000 0.000000 0.000000 0.000000 0.000000 0.000000 0.000000 0.000000 0.000000 0.000000
0.000000 0.000000 0.000000 0.000000 0.000000 0.000000 0.000000 0.000000 0.000000 0.000000
0.000000 0.000000 0.000000 0.000000 0.000000 0.000000 0.000000 0.000000 0.000000 0.000000
0.000000 0.000000 0.000000 0.000000 0.000000 0.000000 0.000000 0.000000 0.000000 0.000000
0.000000 0.000000 0.000000 0.000000 0.000000 0.000000 0.000000 0.000000 0.000000 0.000000
0.000000 0.000000 0.000000 0.000000 0.000000 0.000000 0.000000 0.000000 0.000000 0.000000
0.000000 0.000000 0.000000 0.000000 0.000000 0.000000 0.000000 0.000000 0.000000 0.000000
0.000000 0.000000 0.000000 0.000000 0.000000 0.000000 0.000000 0.000000 0.000000 0.000000
0.000000 0.000000 0.000000 0.000000 0.000000 0.000000 0.000000 0.000000 0.000000 0.000000
0.000000 0.000000 0.000000 0.000000 0.000000 0.000000 0.000000 0.000000 0.000000 0.000000
0.000000 0.000000 0.000000 0.000000 0.000000 0.000000 0.000000 0.000000 0.000000 0.000000
0.000000 0.000000 0.000000 0.000000 0.000000 0.000000 0.000000 0.000000 0.000000 0.000000
0.000000 0.000000 0.000000 0.000000 0.000000 0.000000 0.000000 0.000000 0.000000 0.000000
0.000000 0.000000 0.000000 0.000000 0.000000 0.000000 0.000000 0.000000 0.000000 0.000000
0.000000 0.000000 0.000000 0.000000 0.000000 0.000000 0.000000 0.000000 0.000000 0.000000
0.000000 0.000000 0.000000 0.000000 0.000000 0.000000 0.000000 0.000000 0.000000 0.000000
0.000000 0.000000 0.000000 0.000000 0.000000 0.000000 0.000000 0.000000 0.000000 0.000000
0.000000 0.000000 0.000000 0.000000 0.000000 0.000000 0.000000 0.000000 0.000000 0.000000
0.000000 0.000000 0.000000 0.000000 0.000000 0.000000 0.000000 0.000000 0.000000 0.000000
0.000000 0.000000 0.000000 0.000000 0.000000 0.000000 0.000000 0.000000 0.000000 0.000000
0.000000 0.000000 0.000000 0.000000 0.000000 0.000000 0.000000 0.000000 0.000000 0.000000
0.000000 0.000000 0.000000 0.000000 0.000000 0.000000 0.000000 0.000000 0.000000 0.000000
0.000000 0.000000 0.000000 0.000000 0.000000 0.000000 0.000000 0.000000 0.000000 0.000000
0.000000 0.000000 0.000000 0.000000 0.000000 0.000000 0.000000 0.000000 0.000000 0.000000
0.000000 0.000000 0.000000 0.000000 0.000000 0.000000 0.000000 0.000000 0.000000 0.000000
0.000000 0.000000 0.000000 0.000000 0.000000 0.000000 0.000000 0.000000 0.000000 0.000000
0.000000 0.000000 0.000000 0.000000 0.000000 0.000000 0.000000 0.000000 0.000000 0.000000
0.000000 0.000000 0.000000 0.000000 0.000000 0.000000 0.000000 0.000000 0.000000 0.000000
0.000000 0.000000 0.000000 0.000000 0.000000 0.000000 0.000000 0.000000 0.000000 0.000000
0.000000 0.000000 0.000000 0.000000 0.000000 0.000000 0.000000 0.000000 0.000000 0.000000
0.000000 0.000000 0.000000 0.000000 0.000000 0.000000 0.000000 0.000000 0.000000 0.000000
0.000000 0.000000 0.000000 0.000000 0.000000 0.000000 0.000000 0.000000 0.000000 0.000000
0.000000 0.000000 0.000000 0.000000 0.000000 0.000000 0.000000 0.000000 0.000000 0.000000
0.000000 0.000000 0.000000 0.000000 0.000000 0.000000 0.000000 0.000000 0.000000 0.000000
0.000000 0.000000 0.000000 0.000000 0.000000 0.000000 0.000000 0.000000 0.000000 0.000000
0.000000 0.000000 0.000000 0.000000 0.000000 0.000000 0.000000 0.000000 0.000000 0.000000
0.000000 0.000000 0.000000 0.000000 0.000000 0.000000 0.000000 0.000000 0.000000 0.000000
0.000000 0.000000 0.000000 0.000000 0.000000 0.000000 0.000000 0.000000 0.000000 0.000000
0.000000 0.000000 0.000000 0.000000 0.000000 0.000000 0.000000 0.000000 0.000000 0.000000
0.000000 0.000000 0.000000 0.000000 0.000000 0.000000 0.000000 0.000000 0.000000 0.000000
0.000000 0.000000 0.000000 0.000000 0.000000 0.000000 0.000000 0.000000 0.000000 0.000000
0.000000 0.000000 0.000000 0.000000 0.000000 0.000000 0.000000 0.000000 0.000000 0.000000
0.000000 0.000000 0.000000 0.000000 0.000000 0.000000 0.000000 0.000000 0.000000 0.000000
0.000000 0.000000 0.000000 0.000000 0.000000 0.000000 0.000000 0.000000 0.000000 0.000000
0.000000 0.000000 0.000000 0.000000 0.000000 0.000000 0.000000 0.000000 0.000000 0.000000
0.000000 0.000000 0.000000 0.000000 0.000000 0.000000 0.000000 0.000000 0.000000 0.000000
0.000000 0.000000 0.000000 0.000000 0.000000 0.000000 0.000000 0.000000 0.000000 0.000000
0.000000 0.000000 0.000000 0.000000 0.000000 0.000000 0.000000 0.000000 0.000000 0.000000
0.000000 0.000000 0.000000 0.000000 0.000000 0.000000 0.000000 0.000000 0.000000 0.000000
0.000000 0.000000 0.000000 0.000000 0.000000 0.000000 0.000000 0.000000 0.000000 0.000000
0.000000 0.000000 0.000000 0.000000 0.000000 0.000000 0.000000 0.000000 0.000000 0.000000
0.000000 0.000000 0.000000 0.000000 0.000000 0.000000 0.000000 0.000000 0.000000 0.000000
0.000000 0.000000 0.000000 0.000000 0.000000 0.000000 0.000000 0.000000 0.000000 0.000000
0.000000 0.000000 0.000000 0.000000 0.000000 0.000000 0.000000 0.000000 0.000000 0.000000
0.000000 0.000000 0.000000 0.000000 0.000000 0.000000 0.000000 0.000000 0.000000 0.000000
0.000000 0.000000 0.000000 0.000000 0.000000 0.000000 0.000000 0.000000 0.000000 0.000000
0.000000 0.000000 0.000000 0.000000 0.000000 0.000000 0.000000 0.000000 0.000000 0.000000
0.000000 0.000000 0.000000 0.000000 0.000000 0.000000 0.000000 0.000000 0.000000 0.000000
0.000000 0.000000 0.000000 0.000000 0.000000 0.000000 0.000000 0.000000 0.000000 0.000000
0.000000 0.000000 0.000000 0.000000 0.000000 0.000000 0.000000 0.000000 0.000000 0.000000
0.000000 0.000000 0.000000 0.000000 0.000000 0.000000 0.000000 0.000000 0.000000 0.000000
0.000000 0.000000 0.000000 0.000000 0.000000 0.000000 0.000000 0.000000 0.000000 0.000000
0.000000 0.000000 0.000000 0.000000 0.000000 0.000000 0.000000 0.000000 0.000000 0.000000
0.000000 0.000000 0.000000 0.000000 0.000000 0.000000 0.000000 0.000000 0.000000 0.000000
0.000000 0.000000 0.000000 0.000000 0.000000 0.000000 0.000000 0.000000 0.000000 0.000000
0.000000 0.000000 0.000000 0.000000 0.000000 0.000000 0.000000 0.000000 0.000000 0.000000
0.000000 0.000000 0.000000 0.000000 0.000000 0.000000 0.000000 0.000000 0.000000 0.000000
0.000000 0.000000 0.000000 0.000000 0.000000 0.000000 0.000000 0.000000 0.000000 0.000000
0.000000 0.000000 0.000000 0.000000 0.000000 0.000000 0.000000 0.000000 0.000000 0.000000
0.000000 0.000000 0.000000 0.000000 0.000000 0.000000 0.000000 0.000000 0.000000 0.000000
0.000000 0.000000 0.000000 0.000000 0.000000 0.000000 0.000000 0.000000 0.000000 0.000000
0.000000 0.000000 0.000000 0.000000 0.000000 0.000000 0.000000 0.000000 0.000000 0.000000
0.000000 0.000000 0.000000 0.000000 0.000000 0.000000 0.000000 0.000000 0.000000 0.000000
0.000000 0.000000 0.000000 0.000000 0.000000 0.000000 0.000000 0.000000 0.000000 0.000000
0.000000 0.000000 0.000000 0.000000 0.000000 0.000000 0.000000 0.000000 0.000000 0.000000
0.000000 0.000000 0.000000 0.000000 0.000000 0.000000 0.000000 0.000000 0.000000 0.000000
0.000000 0.000000 0.000000 0.000000 0.000000 0.000000 0.000000 0.000000 0.000000 0.000000
0.000000 0.000000 0.000000 0.000000 0.000000 0.000000 0.000000 0.000000 0.000000 0.000000
0.000000 0.000000 0.000000 0.000000 0.000000 0.000000 0.000000 0.000000 0.000000 0.000000
0.000000 0.000000 0.000000 0.000000 0.000000 0.000000 0.000000 0.000000 0.000000 0.000000
0.000000 0.000000 0.000000 0.000000 0.000000 0.000000 0.000000 0.000000 0.000000 0.000000
0.000000 0.000000 0.000000 0.000000 0.000000 0.000000 0.000000 0.000000 0.000000 0.000000
0.000000 0.000000 0.000000 0.000000 0.000000 0.000000 0.000000 0.000000 0.000000 0.000000
0.000000 0.000000 0.000000 0.000000 0.000000 0.000000 0.000000 0.000000 0.000000 0.000000
0.000000 0.000000 0.000000 0.000000 0.000000 0.000000 0.000000 0.000000 0.000000 0.000000
0.000000 0.000000 0.000000 0.000000 0.000000 0.000000 0.000000 0.000000 0.000000 0.000000
0.000000 0.000000 0.000000 0.000000 0.000000 0.000000 0.000000 0.000000 0.000000 0.000000
0.000000 0.000000 0.000000 0.000000 0.000000 0.000000 0.000000 0.000000 0.000000 0.000000
0.000000 0.000000 0.000000 0.000000 0.000000 0.000000 0.000000 0.000000 0.000000 0.000000
0.000000 0.000000 0.000000 0.000000 0.000000 0.000000 0.000000 0.000000 0.000000 0.000000
0.000000 0.000000 0.000000 0.000000 0.000000 0.000000 0.000000 0.000000 0.000000 0.000000
0.000000 0.000000 0.000000 0.000000 0.000000 0.000000 0.000000 0.000000 0.000000 0.000000
0.000000 0.000000 0.000000 0.000000 0.000000 0.000000 0.000000 0.000000 0.000000 0.000000
0.000000 0.000000 0.000000 0.000000 0.000000 0.000000 0.000000 0.000000 0.000000 0.000000
0.000000 0.000000 0.000000 0.000000 0.000000 0.000000 0.000000 0.000000 0.000000 0.000000
0.000000 0.000000 0.000000 0.000000 0.000000 0.000000 0.000000 0.000000 0.000000 0.000000
0.000000 0.000000 0.000000 0.000000 0.000000 0.000000 0.000000 0.000000 0.000000 0.000000
0.000000 0.000000 0.000000 0.000000 0.000000 0.000000 0.000000 0.000000 0.000000 0.000000
0.000000 0.000000 0.000000 0.000000 0.000000 0.000000 0.000000 0.000000 0.000000 0.000000
0.000000 0.000000 0.000000 0.000000 0.000000 0.000000 0.000000 0.000000 0.000000 0.000000
0.000000 0.000000 0.000000 0.000000 0.000000 0.000000 0.000000 0.000000 0.000000 0.000000
0.000000 0.000000 0.000000 0.000000 0.000000 0.000000 0.000000 0.000000 0.000000 0.000000
0.000000 0.000000 0.000000 0.000000 0.000000 0.000000 0.000000 0.000000 0.000000 0.000000
0.000000 0.000000 0.000000 0.000000 0.000000 0.000000 0.000000 0.000000 0.000000 0.000000
0.000000 0.000000 0.000000 0.000000 0.000000 0.000000 0.000000 0.000000 0.000000 0.000000
0.000000 0.000000 0.000000 0.000000 0.000000 0.000000 0.000000 0.000000 0.000000 0.000000
0.000000 0.000000 0.000000 0.000000 0.000000 0.000000 0.000000 0.000000 0.000000 0.000000
0.000000 0.000000 0.000000 0.000000 0.000000 0.000000 0.000000 0.000000 0.000000 0.000000
0.000000 0.000000 0.000000 0.000000 0.000000 0.000000 0.000000 0.000000 0.000000 0.000000
0.000000 0.000000 0.000000 0.000000 0.000000 0.000000 0.000000 0.000000 0.000000 0.000000
0.000000 0.000000 0.000000 0.000000 0.000000 0.000000 0.000000 0.000000 0.000000 0.000000
0.000000 0.000000 0.000000 0.000000 0.000000 0.000000 0.000000 0.000000 0.000000 0.000000
0.000000 0.000000 0.000000 0.000000 0.000000 0.000000 0.000000 0.000000 0.000000 0.000000
0.000000 0.000000 0.000000 0.000000 0.000000 0.000000 0.000000 0.000000 0.000000 0.000000
0.000000 0.000000 0.000000 0.000000 0.000000 0.000000 0.000000 0.000000 0.000000 0.000000
0.000000 0.000000 0.000000 0.000000 0.000000 0.000000 0.000000 0.000000 0.000000 0.000000
0.000000 0.000000 0.000000 0.000000 0.000000 0.000000 0.000000 0.000000 0.000000 0.000000
0.000000 0.000000 0.000000 0.000000 0.000000 0.000000 0.000000 0.000000 0.000000 0.000000
0.000000 0.000000 0.000000 0.000000 0.000000 0.000000 0.000000 0.000000 0.000000 0.000000
0.000000 0.000000 0.000000 0.000000 0.000000 0.000000 0.000000 0.000000 0.000000 0.000000
0.000000 0.000000 0.000000 0.000000 0.000000 0.000000 0.000000 0.000000 0.000000 0.000000
0.000000 0.000000 0.000000 0.000000 0.000000 0.000000 0.000000 0.000000 0.000000 0.000000
0.000000 0.000000 0.000000 0.000000 0.000000 0.000000 0.000000 0.000000 0.000000 0.000000
0.000000 0.000000 0.000000 0.000000 0.000000 0.000000 0.000000 0.000000 0.000000 0.000000
0.000000 0.000000 0.000000 0.000000 0.000000 0.000000 0.000000 0.000000 0.000000 0.000000
0.000000 0.000000 0.000000 0.000000 0.000000 0.000000 0.000000 0.000000 0.000000 0.000000
0.000000 0.000000 0.000000 0.000000 0.000000 0.000000 0.000000 0.000000 0.000000 0.000000
0.000000 0.000000 0.000000 0.000000 0.000000 0.000000 0.000000 0.000000 0.000000 0.000000
0.000000 0.000000 0.000000 0.000000 0.000000 0.000000 0.000000 0.000000 0.000000 0.000000
0.000000 0.000000 0.000000 0.000000 0.000000 0.000000 0.000000 0.000000 0.000000 0.000000
0.000000 0.000000 0.000000 0.000000 0.000000 0.000000 0.000000 0.000000 0.000000 0.000000
0.000000 0.000000 0.000000 0.000000 0.000000 0.000000 0.000000 0.000000 0.000000 0.000000
0.000000 0.000000 0.000000 0.000000 0.000000 0.000000 0.000000 0.000000 0.000000 0.000000
0.000000 0.000000 0.000000 0.000000 0.000000 0.000000 0.000000 0.000000 0.000000 0.000000
0.000000 0.000000 0.000000 0.000000 0.000000 0.000000 0.000000 0.000000 0.000000 0.000000
0.000000 0.000000 0.000000 0.000000 0.000000 0.000000 0.000000 0.000000 0.000000 0.000000
0.000000 0.000000 0.000000 0.000000 0.000000 0.000000 0.000000 0.000000 0.000000 0.000000
0.000000 0.000000 0.000000 0.000000 0.000000 0.000000 0.000000 0.000000 0.000000 0.000000
0.000000 0.000000 0.000000 0.000000 0.000000 0.000000 0.000000 0.000000 0.000000 0.000000
0.000000 0.000000 0.000000 0.000000 0.000000 0.000000 0.000000 0.000000 0.000000 0.000000
0.000000 0.000000 0.000000 0.000000 0.000000 0.000000 0.000000 0.000000 0.000000 0.000000
0.000000 0.000000 0.000000 0.000000 0.000000 0.000000 0.000000 0.000000 0.000000 0.000000
0.000000 0.000000 0.000000 0.000000 0.000000 0.000000 0.000000 0.000000 0.000000 0.000000
0.000000 0.000000 0.000000 0.000000 0.000000 0.000000 0.000000 0.000000 0.000000 0.000000
0.000000 0.000000 0.000000 0.000000 0.000000 0.000000 0.000000 0.000000 0.000000 0.000000
0.000000 0.000000 0.000000 0.000000 0.000000 0.000000 0.000000 0.000000 0.000000 0.000000
0.000000 0.000000 0.000000 0.000000 0.000000 0.000000 0.000000 0.000000 0.000000 0.000000
0.000000 0.000000 0.000000 0.000000 0.000000 0.000000 0.000000 0.000000 0.000000 0.000000
0.000000 0.000000 0.000000 0.000000 0.000000 0.000000 0.000000 0.000000 0.000000 0.000000
0.000000 0.000000 0.000000 0.000000 0.000000 0.000000 0.000000 0.000000 0.000000 0.000000
0.000000 0.000000 0.000000 0.000000 0.000000 0.000000 0.000000 0.000000 0.000000 0.000000
0.000000 0.000000 0.000000 0.000000 0.000000 0.000000 0.000000 0.000000 0.000000 0.000000
0.000000 0.000000 0.000000 0.000000 0.000000 0.000000 0.000000 0.000000 0.000000 0.000000
0.000000 0.000000 0.000000 0.000000 0.000000 0.000000 0.000000 0.000000 0.000000 0.000000
0.000000 0.000000 0.000000 0.000000 0.000000 0.000000 0.000000 0.000000 0.000000 0.000000
0.000000 0.000000 0.000000 0.000000 0.000000 0.000000 0.000000 0.000000 0.000000 0.000000
0.000000 0.000000 0.000000 0.000000 0.000000 0.000000 0.000000 0.000000 0.000000 0.000000
0.000000 0.000000 0.000000 0.000000 0.000000 0.000000 0.000000 0.000000 0.000000 0.000000
0.000000 0.000000 0.000000 0.000000 0.000000 0.000000 0.000000 0.000000 0.000000 0.000000
0.000000 0.000000 0.000000 0.000000 0.000000 0.000000 0.000000 0.000000 0.000000 0.000000
0.000000 0.000000 0.000000 0.000000 0.000000 0.000000 0.000000 0.000000 0.000000 0.000000
0.000000 0.000000 0.000000 0.000000 0.000000 0.000000 0.000000 0.000000 0.000000 0.000000
0.000000 0.000000 0.000000 0.000000 0.000000 0.000000 0.000000 0.000000 0.000000 0.000000
0.000000 0.000000 0.000000 0.000000 0.000000 0.000000 0.000000 0.000000 0.000000 0.000000
0.000000 0.000000 0.000000 0.000000 0.000000 0.000000 0.000000 0.000000 0.000000 0.000000
0.000000 0.000000 0.000000 0.000000 0.000000 0.000000 0.000000 0.000000 0.000000 0.000000
0.000000 0.000000 0.000000 0.000000 0.000000 0.000000 0.000000 0.000000 0.000000 0.000000
0.000000 0.000000 0.000000 0.000000 0.000000 0.000000 0.000000 0.000000 0.000000 0.000000
0.000000 0.000000 0.000000 0.000000 0.000000 0.000000 0.000000 0.000000 0.000000 0.000000
0.000000 0.000000 0.000000 0.000000 0.000000 0.000000 0.000000 0.000000 0.000000 0.000000
0.000000 0.000000 0.000000 0.000000 0.000000 0.000000 0.000000 0.000000 0.000000 0.000000
0.000000 0.000000 0.000000 0.000000 0.000000 0.000000 0.000000 0.000000 0.000000 0.000000
0.000000 0.000000 0.000000 0.000000 0.000000 0.000000 0.000000 0.000000 0.000000 0.000000
0.000000 0.000000 0.000000 0.000000 0.000000 0.000000 0.000000 0.000000 0.000000 0.000000
0.000000 0.000000 0.000000 0.000000 0.000000 0.000000 0.000000 0.000000 0.000000 0.000000
0.000000 0.000000 0.000000 0.000000 0.000000 0.000000 0.000000 0.000000 0.000000 0.000000
0.000000 0.000000 0.000000 0.000000 0.000000 0.000000 0.000000 0.000000 0.000000 0.000000
0.000000 0.000000 0.000000 0.000000 0.000000 0.000000 0.000000 0.000000 0.000000 0.000000
0.000000 0.000000 0.000000 0.000000 0.000000 0.000000 0.000000 0.000000 0.000000 0.000000
0.000000 0.000000 0.000000 0.000000 0.000000 0.000000 0.000000 0.000000 0.000000 0.000000
0.000000 0.000000 0.000000 0.000000 0.000000 0.000000 0.000000 0.000000 0.000000 0.000000
0.000000 0.000000 0.000000 0.000000 0.000000 0.000000 0.000000 0.000000 0.000000 0.000000
0.000000 0.000000 0.000000 0.000000 0.000000 0.000000 0.000000 0.000000 0.000000 0.000000
0.000000 0.000000 0.000000 0.000000 0.000000 0.000000 0.000000 0.000000 0.000000 0.000000
0.000000 0.000000 0.000000 0.000000 0.000000 0.000000 0.000000 0.000000 0.000000 0.000000
0.000000 0.000000 0.000000 0.000000 0.000000 0.000000 0.000000 0.000000 0.000000 0.000000
0.000000 0.000000 0.000000 0.000000 0.000000 0.000000 0.000000 0.000000 0.000000 0.000000
0.000000 0.000000 0.000000 0.000000 0.000000 0.000000 0.000000 0.000000 0.000000 0.000000
0.000000 0.000000 0.000000 0.000000 0.000000 0.000000 0.000000 0.000000 0.000000 0.000000
0.000000 0.000000 0.000000 0.000000 0.000000 0.000000 0.000000 0.000000 0.000000 0.000000
0.000000 0.000000 0.000000 0.000000 0.000000 0.000000 0.000000 0.000000 0.000000 0.000000
0.000000 0.000000 0.000000 0.000000 0.000000 0.000000 0.000000 0.000000 0.000000 0.000000
0.000000 0.000000 0.000000 0.000000 0.000000 0.000000 0.000000 0.000000 0.000000 0.000000
0.000000 0.000000 0.000000 0.000000 0.000000 0.000000 0.000000 0.000000 0.000000 0.000000
0.000000 0.000000 0.000000 0.000000 0.000000 0.000000 0.000000 0.000000 0.000000 0.000000
0.000000 0.000000 0.000000 0.000000 0.000000 0.000000 0.000000 0.000000 0.000000 0.000000
0.000000 0.000000 0.000000 0.000000 0.000000 0.000000 0.000000 0.000000 0.000000 0.000000
0.000000 0.000000 0.000000 0.000000 0.000000 0.000000 0.000000 0.000000 0.000000 0.000000
0.000000 0.000000 0.000000 0.000000 0.000000 0.000000 0.000000 0.000000 0.000000 0.000000
0.000000 0.000000 0.000000 0.000000 0.000000 0.000000 0.000000 0.000000 0.000000 0.000000
0.000000 0.000000 0.000000 0.000000 0.000000 0.000000 0.000000 0.000000 0.000000 0.000000
0.000000 0.000000 0.000000 0.000000 0.000000 0.000000 0.000000 0.000000 0.000000 0.000000
0.000000 0.000000 0.000000 0.000000 0.000000 0.000000 0.000000 0.000000 0.000000 0.000000
0.000000 0.000000 0.000000 0.000000 0.000000 0.000000 0.000000 0.000000 0.000000 0.000000
0.000000 0.000000 0.000000 0.000000 0.000000 0.000000 0.000000 0.000000 0.000000 0.000000
0.000000 0.000000 0.000000 0.000000 0.000000 0.000000 0.000000 0.000000 0.000000 0.000000
0.000000 0.000000 0.000000 0.000000 0.000000 0.000000 0.000000 0.000000 0.000000 0.000000
0.000000 0.000000 0.000000 0.000000 0.000000 0.000000 0.000000 0.000000 0.000000 0.000000
0.000000 0.000000 0.000000 0.000000 0.000000 0.000000 0.000000 0.000000 0.000000 0.000000
0.000000 0.000000 0.000000 0.000000 0.000000 0.000000 0.000000 0.000000 0.000000 0.000000
0.000000 0.000000 0.000000 0.000000 0.000000 0.000000 0.000000 0.000000 0.000000 0.000000
0.000000 0.000000 0.000000 0.000000 0.000000 0.000000 0.000000 0.000000 0.000000 0.000000
0.000000 0.000000 0.000000 0.000000 0.000000 0.000000 0.000000 0.000000 0.000000 0.000000
0.000000 0.000000 0.000000 0.000000 0.000000 0.000000 0.000000 0.000000 0.000000 0.000000
0.000000 0.000000 0.000000 0.000000 0.000000 0.000000 0.000000 0.000000 0.000000 0.000000
0.000000 0.000000 0.000000 0.000000 0.000000 0.000000 0.000000 0.000000 0.000000 0.000000
0.000000 0.000000 0.000000 0.000000 0.000000 0.000000 0.000000 0.000000 0.000000 0.000000
0.000000 0.000000 0.000000 0.000000 0.000000 0.000000 0.000000 0.000000 0.000000 0.000000
0.000000 0.000000 0.000000 0.000000 0.000000 0.000000 0.000000 0.000000 0.000000 0.000000
0.000000 0.000000 0.000000 0.000000 0.000000 0.000000 0.000000 0.000000 0.000000 0.000000
0.000000 0.000000 0.000000 0.000000 0.000000 0.000000 0.000000 0.000000 0.000000 0.000000
0.000000 0.000000 0.000000 0.000000 0.000000 0.000000 0.000000 0.000000 0.000000 0.000000
0.000000 0.000000 0.000000 0.000000 0.000000 0.000000 0.000000 0.000000 0.000000 0.000000
0.000000 0.000000 0.000000 0.000000 0.000000 0.000000 0.000000 0.000000 0.000000 0.000000
0.000000 0.000000 0.000000 0.000000 0.000000 0.000000 0.000000 0.000000 0.000000 0.000000
0.000000 0.000000 0.000000 0.000000 0.000000 0.000000 0.000000 0.000000 0.000000 0.000000
0.000000 0.000000 0.000000 0.000000 0.000000 0.000000 0.000000 0.000000 0.000000 0.000000
0.000000 0.000000 0.000000 0.000000 0.000000 0.000000 0.000000 0.000000 0.000000 0.000000
0.000000 0.000000 0.000000 0.000000 0.000000 0.000000 0.000000 0.000000 0.000000 0.000000
0.000000 0.000000 0.000000 0.000000 0.000000 0.000000 0.000000 0.000000 0.000000 0.000000
0.000000 0.000000 0.000000 0.000000 0.000000 0.000000 0.000000 0.000000 0.000000 0.000000
0.000000 0.000000 0.000000 0.000000 0.000000 0.000000 0.000000 0.000000 0.000000 0.000000
0.000000 0.000000 0.000000 0.000000 0.000000 0.000000 0.000000 0.000000 0.000000 0.000000
0.000000 0.000000 0.000000 0.000000 0.000000 0.000000 0.000000 0.000000 0.000000 0.000000
0.000000 0.000000 0.000000 0.000000 0.000000 0.000000 0.000000 0.000000 0.000000 0.000000
0.000000 0.000000 0.000000 0.000000 0.000000 0.000000 0.000000 0.000000 0.000000 0.000000
0.000000 0.000000 0.000000 0.000000 0.000000 0.000000 0.000000 0.000000 0.000000 0.000000
0.000000 0.000000 0.000000 0.000000 0.000000 0.000000 0.000000 0.000000 0.000000 0.000000
0.000000 0.000000 0.000000 0.000000 0.000000 0.000000 0.000000 0.000000 0.000000 0.000000
0.000000 0.000000 0.000000 0.000000 0.000000 0.000000 0.000000 0.000000 0.000000 0.000000
0.000000 0.000000 0.000000 0.000000 0.000000 0.000000 0.000000 0.000000 0.000000 0.000000
0.000000 0.000000 0.000000 0.000000 0.000000 0.000000 0.000000 0.000000 0.000000 0.000000
0.000000 0.000000 0.000000 0.000000 0.000000 0.000000 0.000000 0.000000 0.000000 0.000000
0.000000 0.000000 0.000000 0.000000 0.000000 0.000000 0.000000 0.000000 0.000000 0.000000
0.000000 0.000000 0.000000 0.000000 0.000000 0.000000 0.000000 0.000000 0.000000 0.000000
0.000000 0.000000 0.000000 0.000000 0.000000 0.000000 0.000000 0.000000 0.000000 0.000000
0.000000 0.000000 0.000000 0.000000 0.000000 0.000000 0.000000 0.000000 0.000000 0.000000
0.000000 0.000000 0.000000 0.000000 0.000000 0.000000 0.000000 0.000000 0.000000 0.000000
0.000000 0.000000 0.000000 0.000000 0.000000 0.000000 0.000000 0.000000 0.000000 0.000000
0.000000 0.000000 0.000000 0.000000 0.000000 0.000000 0.000000 0.000000 0.000000 0.000000
0.000000 0.000000 0.000000 0.000000 0.000000 0.000000 0.000000 0.000000 0.000000 0.000000
0.000000 0.000000 0.000000 0.000000 0.000000 0.000000 0.000000 0.000000 0.000000 0.000000
0.000000 0.000000 0.000000 0.000000 0.000000 0.000000 0.000000 0.000000 0.000000 0.000000
0.000000 0.000000 0.000000 0.000000 0.000000 0.000000 0.000000 0.000000 0.000000 0.000000
0.000000 0.000000 0.000000 0.000000 0.000000 0.000000 0.000000 0.000000 0.000000 0.000000
0.000000 0.000000 0.000000 0.000000 0.000000 0.000000 0.000000 0.000000 0.000000 0.000000
0.000000 0.000000 0.000000 0.000000 0.000000 0.000000 0.000000 0.000000 0.000000 0.000000
0.000000 0.000000 0.000000 0.000000 0.000000 0.000000 0.000000 0.000000 0.000000 0.000000
0.000000 0.000000 0.000000 0.000000 0.000000 0.000000 0.000000 0.000000 0.000000 0.000000
0.000000 0.000000 0.000000 0.000000 0.000000 0.000000 0.000000 0.000000 0.000000 0.000000
0.000000 0.000000 0.000000 0.000000 0.000000 0.000000 0.000000 0.000000 0.000000 0.000000
0.000000 0.000000 0.000000 0.000000 0.000000 0.000000 0.000000 0.000000 0.000000 0.000000
0.000000 0.000000 0.000000 0.000000 0.000000 0.000000 0.000000 0.000000 0.000000 0.000000
0.000000 0.000000 0.000000 0.000000 0.000000 0.000000 0.000000 0.000000 0.000000 0.000000
0.000000 0.000000 0.000000 0.000000 0.000000 0.000000 0.000000 0.000000 0.000000 0.000000
0.000000 0.000000 0.000000 0.000000 0.000000 0.000000 0.000000 0.000000 0.000000 0.000000
0.000000 0.000000 0.000000 0.000000 0.000000 0.000000 0.000000 0.000000 0.000000 0.000000
0.000000 0.000000 0.000000 0.000000 0.000000 0.000000 0.000000 0.000000 0.000000 0.000000
0.000000 0.000000 0.000000 0.000000 0.000000 0.000000 0.000000 0.000000 0.000000 0.000000
0.000000 0.000000 0.000000 0.000000 0.000000 0.000000 0.000000 0.000000 0.000000 0.000000
0.000000 0.000000 0.000000 0.000000 0.000000 0.000000 0.000000 0.000000 0.000000 0.000000
0.000000 0.000000 0.000000 0.000000 0.000000 0.000000 0.000000 0.000000 0.000000 0.000000
0.000000 0.000000 0.000000 0.000000 0.000000 0.000000 0.000000 0.000000 0.000000 0.000000
0.000000 0.000000 0.000000 0.000000 0.000000 0.000000 0.000000 0.000000 0.000000 0.000000
0.000000 0.000000 0.000000 0.000000 0.000000 0.000000 0.000000 0.000000 0.000000 0.000000
0.000000 0.000000 0.000000 0.000000 0.000000 0.000000 0.000000 0.000000 0.000000 0.000000
0.000000 0.000000 0.000000 0.000000 0.000000 0.000000 0.000000 0.000000 0.000000 0.000000
0.000000 0.000000 0.000000 0.000000 0.000000 0.000000 0.000000 0.000000 0.000000 0.000000
0.000000 0.000000 0.000000 0.000000 0.000000 0.000000 0.000000 0.000000 0.000000 0.000000
0.000000 0.000000 0.000000 0.000000 0.000000 0.000000 0.000000 0.000000 0.000000 0.000000
0.000000 0.000000 0.000000 0.000000 0.000000 0.000000 0.000000 0.000000 0.000000 0.000000
0.000000 0.000000 0.000000 0.000000 0.000000 0.000000 0.000000 0.000000 0.000000 0.000000
0.000000 0.000000 0.000000 0.000000 0.000000 0.000000 0.000000 0.000000 0.000000 0.000000
0.000000 0.000000 0.000000 0.000000 0.000000 0.000000 0.000000 0.000000 0.000000 0.000000
0.000000 0.000000 0.000000 0.000000 0.000000 0.000000 0.000000 0.000000 0.000000 0.000000
0.000000 0.000000 0.000000 0.000000 0.000000 0.000000 0.000000 0.000000 0.000000 0.000000
0.000000 0.000000 0.000000 0.000000 0.000000 0.000000 0.000000 0.000000 0.000000 0.000000
0.000000 0.000000 0.000000 0.000000 0.000000 0.000000 0.000000 0.000000 0.000000 0.000000
0.000000 0.000000 0.000000 0.000000 0.000000 0.000000 0.000000 0.000000 0.000000 0.000000
0.000000 0.000000 0.000000 0.000000 0.000000 0.000000 0.000000 0.000000 0.000000 0.000000
0.000000 0.000000 0.000000 0.000000 0.000000 0.000000 0.000000 0.000000 0.000000 0.000000
0.000000 0.000000 0.000000 0.000000 0.000000 0.000000 0.000000 0.000000 0.000000 0.000000
0.000000 0.000000 0.000000 0.000000 0.000000 0.000000 0.000000 0.000000 0.000000 0.000000
0.000000 0.000000 0.000000 0.000000 0.000000 0.000000 0.000000 0.000000 0.000000 0.000000
0.000000 0.000000 0.000000 0.000000 0.000000 0.000000 0.000000 0.000000 0.000000 0.000000
0.000000 0.000000 0.000000 0.000000 0.000000 0.000000 0.000000 0.000000 0.000000 0.000000
0.000000 0.000000 0.000000 0.000000 0.000000 0.000000 0.000000 0.000000 0.000000 0.000000
0.000000 0.000000 0.000000 0.000000 0.000000 0.000000 0.000000 0.000000 0.000000 0.000000
0.000000 0.000000 0.000000 0.000000 0.000000 0.000000 0.000000 0.000000 0.000000 0.000000
0.000000 0.000000 0.000000 0.000000 0.000000 0.000000 0.000000 0.000000 0.000000 0.000000
0.000000 0.000000 0.000000 0.000000 0.000000 0.000000 0.000000 0.000000 0.000000 0.000000
0.000000 0.000000 0.000000 0.000000 0.000000 0.000000 0.000000 0.000000 0.000000 0.000000
0.000000 0.000000 0.000000 0.000000 0.000000 0.000000 0.000000 0.000000 0.000000 0.000000
0.000000 0.000000 0.000000 0.000000 0.000000 0.000000 0.000000 0.000000 0.000000 0.000000
0.000000 0.000000 0.000000 0.000000 0.000000 0.000000 0.000000 0.000000 0.000000 0.000000
0.000000 0.000000 0.000000 0.000000 0.000000 0.000000 0.000000 0.000000 0.000000 0.000000
0.000000 0.000000 0.000000 0.000000 0.000000 0.000000 0.000000 0.000000 0.000000 0.000000
0.000000 0.000000 0.000000 0.000000 0.000000 0.000000 0.000000 0.000000 0.000000 0.000000
0.000000 0.000000 0.000000 0.000000 0.000000 0.000000 0.000000 0.000000 0.000000 0.000000
0.000000 0.000000 0.000000 0.000000 0.000000 0.000000 0.000000 0.000000 0.000000 0.000000
0.000000 0.000000 0.000000 0.000000 0.000000 0.000000 0.000000 0.000000 0.000000 0.000000
0.000000 0.000000 0.000000 0.000000 0.000000 0.000000 0.000000 0.000000 0.000000 0.000000
0.000000 0.000000 0.000000 0.000000 0.000000 0.000000 0.000000 0.000000 0.000000 0.000000
0.000000 0.000000 0.000000 0.000000 0.000000 0.000000 0.000000 0.000000 0.000000 0.000000
0.000000 0.000000 0.000000 0.000000 0.000000 0.000000 0.000000 0.000000 0.000000 0.000000
0.000000 0.000000 0.000000 0.000000 0.000000 0.000000 0.000000 0.000000 0.000000 0.000000
0.000000 0.000000 0.000000 0.000000 0.000000 0.000000 0.000000 0.000000 0.000000 0.000000
0.000000 0.000000 0.000000 0.000000 0.000000 0.000000 0.000000 0.000000 0.000000 0.000000
0.000000 0.000000 0.000000 0.000000 0.000000 0.000000 0.000000 0.000000 0.000000 0.000000
0.000000 0.000000 0.000000 0.000000 0.000000 0.000000 0.000000 0.000000 0.000000 0.000000
0.000000 0.000000 0.000000 0.000000 0.000000 0.000000 0.000000 0.000000 0.000000 0.000000
0.000000 0.000000 0.000000 0.000000 0.000000 0.000000 0.000000 0.000000 0.000000 0.000000
0.000000 0.000000 0.000000 0.000000 0.000000 0.000000 0.000000 0.000000 0.000000 0.000000
0.000000 0.000000 0.000000 0.000000 0.000000 0.000000 0.000000 0.000000 0.000000 0.000000
0.000000 0.000000 0.000000 0.000000 0.000000 0.000000 0.000000 0.000000 0.000000 0.000000
0.000000 0.000000 0.000000 0.000000 0.000000 0.000000 0.000000 0.000000 0.000000 0.000000
0.000000 0.000000 0.000000 0.000000 0.000000 0.000000 0.000000 0.000000 0.000000 0.000000
0.000000 0.000000 0.000000 0.000000 0.000000 0.000000 0.000000 0.000000 0.000000 0.000000
0.000000 0.000000 0.000000 0.000000 0.000000 0.000000 0.000000 0.000000 0.000000 0.000000
0.000000 0.000000 0.000000 0.000000 0.000000 0.000000 0.000000 0.000000 0.000000 0.000000
0.000000 0.000000 0.000000 0.000000 0.000000 0.000000 0.000000 0.000000 0.000000 0.000000
0.000000 0.000000 0.000000 0.000000 0.000000 0.000000 0.000000 0.000000 0.000000 0.000000
0.000000 0.000000 0.000000 0.000000 0.000000 0.000000 0.000000 0.000000 0.000000 0.000000
0.000000 0.000000 0.000000 0.000000 0.000000 0.000000 0.000000 0.000000 0.000000 0.000000
0.000000 0.000000 0.000000 0.000000 0.000000 0.000000 0.000000 0.000000 0.000000 0.000000
0.000000 0.000000 0.000000 0.000000 0.000000 0.000000 0.000000 0.000000 0.000000 0.000000
0.000000 0.000000 0.000000 0.000000 0.000000 0.000000 0.000000 0.000000 0.000000 0.000000
0.000000 0.000000 0.000000 0.000000 0.000000 0.000000 0.000000 0.000000 0.000000 0.000000
0.000000 0.000000 0.000000 0.000000 0.000000 0.000000 0.000000 0.000000 0.000000 0.000000
0.000000 0.000000 0.000000 0.000000 0.000000 0.000000 0.000000 0.000000 0.000000 0.000000
0.000000 0.000000 0.000000 0.000000 0.000000 0.000000 0.000000 0.000000 0.000000 0.000000
0.000000 0.000000 0.000000 0.000000 0.000000 0.000000 0.000000 0.000000 0.000000 0.000000
0.000000 0.000000 0.000000 0.000000 0.000000 0.000000 0.000000 0.000000 0.000000 0.000000
0.000000 0.000000 0.000000 0.000000 0.000000 0.000000 0.000000 0.000000 0.000000 0.000000
0.000000 0.000000 0.000000 0.000000 0.000000 0.000000 0.000000 0.000000 0.000000 0.000000
0.000000 0.000000 0.000000 0.000000 0.000000 0.000000 0.000000 0.000000 0.000000 0.000000
0.000000 0.000000 0.000000 0.000000 0.000000 0.000000 0.000000 0.000000 0.000000 0.000000
0.000000 0.000000 0.000000 0.000000 0.000000 0.000000 0.000000 0.000000 0.000000 0.000000
0.000000 0.000000 0.000000 0.000000 0.000000 0.000000 0.000000 0.000000 0.000000 0.000000
0.000000 0.000000 0.000000 0.000000 0.000000 0.000000 0.000000 0.000000 0.000000 0.000000
0.000000 0.000000 0.000000 0.000000 0.000000 0.000000 0.000000 0.000000 0.000000 0.000000
0.000000 0.000000 0.000000 0.000000 0.000000 0.000000 0.000000 0.000000 0.000000 0.000000
0.000000 0.000000 0.000000 0.000000 0.000000 0.000000 0.000000 0.000000 0.000000 0.000000
0.000000 0.000000 0.000000 0.000000 0.000000 0.000000 0.000000 0.000000 0.000000 0.000000
0.000000 0.000000 0.000000 0.000000 0.000000 0.000000 0.000000 0.000000 0.000000 0.000000
0.000000 0.000000 0.000000 0.000000 0.000000 0.000000 0.000000 0.000000 0.000000 0.000000
0.000000 0.000000 0.000000 0.000000 0.000000 0.000000 0.000000 0.000000 0.000000 0.000000
0.000000 0.000000 0.000000 0.000000 0.000000 0.000000 0.000000 0.000000 0.000000 0.000000
0.000000 0.000000 0.000000 0.000000 0.000000 0.000000 0.000000 0.000000 0.000000 0.000000
0.000000 0.000000 0.000000 0.000000 0.000000 0.000000 0.000000 0.000000 0.000000 0.000000
0.000000 0.000000 0.000000 0.000000 0.000000 0.000000 0.000000 0.000000 0.000000 0.000000
0.000000 0.000000 0.000000 0.000000 0.000000 0.000000 0.000000 0.000000 0.000000 0.000000
0.000000 0.000000 0.000000 0.000000 0.000000 0.000000 0.000000 0.000000 0.000000 0.000000
0.000000 0.000000 0.000000 0.000000 0.000000 0.000000 0.000000 0.000000 0.000000 0.000000
0.000000 0.000000 0.000000 0.000000 0.000000 0.000000 0.000000 0.000000 0.000000 0.000000
0.000000 0.000000 0.000000 0.000000 0.000000 0.000000 0.000000 0.000000 0.000000 0.000000
0.000000 0.000000 0.000000 0.000000 0.000000 0.000000 0.000000 0.000000 0.000000 0.000000
0.000000 0.000000 0.000000 0.000000 0.000000 0.000000 0.000000 0.000000 0.000000 0.000000
0.000000 0.000000 0.000000 0.000000 0.000000 0.000000 0.000000 0.000000 0.000000 0.000000
0.000000 0.000000 0.000000 0.000000 0.000000 0.000000 0.000000 0.000000 0.000000 0.000000
0.000000 0.000000 0.000000 0.000000 0.000000 0.000000 0.000000 0.000000 0.000000 0.000000
0.000000 0.000000 0.000000 0.000000 0.000000 0.000000 0.000000 0.000000 0.000000 0.000000
0.000000 0.000000 0.000000 0.000000 0.000000 0.000000 0.000000 0.000000 0.000000 0.000000
0.000000 0.000000 0.000000 0.000000 0.000000 0.000000 0.000000 0.000000 0.000000 0.000000
0.000000 0.000000 0.000000 0.000000 0.000000 0.000000 0.000000 0.000000 0.000000 0.000000
0.000000 0.000000 0.000000 0.000000 0.000000 0.000000 0.000000 0.000000 0.000000 0.000000
0.000000 0.000000 0.000000 0.000000 0.000000 0.000000 0.000000 0.000000 0.000000 0.000000
0.000000 0.000000 0.000000 0.000000 0.000000 0.000000 0.000000 0.000000 0.000000 0.000000
0.000000 0.000000 0.000000 0.000000 0.000000 0.000000 0.000000 0.000000 0.000000 0.000000
0.000000 0.000000 0.000000 0.000000 0.000000 0.000000 0.000000 0.000000 0.000000 0.000000
0.000000 0.000000 0.000000 0.000000 0.000000 0.000000 0.000000 0.000000 0.000000 0.000000
0.000000 0.000000 0.000000 0.000000 0.000000 0.000000 0.000000 0.000000 0.000000 0.000000
0.000000 0.000000 0.000000 0.000000 0.000000 0.000000 0.000000 0.000000 0.000000 0.000000
0.000000 0.000000 0.000000 0.000000 0.000000 0.000000 0.000000 0.000000 0.000000 0.000000
0.000000 0.000000 0.000000 0.000000 0.000000 0.000000 0.000000 0.000000 0.000000 0.000000
0.000000 0.000000 0.000000 0.000000 0.000000 0.000000 0.000000 0.000000 0.000000 0.000000
0.000000 0.000000 0.000000 0.000000 0.000000 0.000000 0.000000 0.000000 0.000000 0.000000
0.000000 0.000000 0.000000 0.000000 0.000000 0.000000 0.000000 0.000000 0.000000 0.000000
0.000000 0.000000 0.000000 0.000000 0.000000 0.000000 0.000000 0.000000 0.000000 0.000000
0.000000 0.000000 0.000000 0.000000 0.000000 0.000000 0.000000 0.000000 0.000000 0.000000
0.000000 0.000000 0.000000 0.000000 0.000000 0.000000 0.000000 0.000000 0.000000 0.000000
0.000000 0.000000 0.000000 0.000000 0.000000 0.000000 0.000000 0.000000 0.000000 0.000000
0.000000 0.000000 0.000000 0.000000 0.000000 0.000000 0.000000 0.000000 0.000000 0.000000
0.000000 0.000000 0.000000 0.000000 0.000000 0.000000 0.000000 0.000000 0.000000 0.000000
0.000000 0.000000 0.000000 0.000000 0.000000 0.000000 0.000000 0.000000 0.000000 0.000000
0.000000 0.000000 0.000000 0.000000 0.000000 0.000000 0.000000 0.000000 0.000000 0.000000
0.000000 0.000000 0.000000 0.000000 0.000000 0.000000 0.000000 0.000000 0.000000 0.000000
0.000000 0.000000 0.000000 0.000000 0.000000 0.000000 0.000000 0.000000 0.000000 0.000000
0.000000 0.000000 0.000000 0.000000 0.000000 0.000000 0.000000 0.000000 0.000000 0.000000
0.000000 0.000000 0.000000 0.000000 0.000000 0.000000 0.000000 0.000000 0.000000 0.000000
0.000000 0.000000 0.000000 0.000000 0.000000 0.000000 0.000000 0.000000 0.000000 0.000000
0.000000 0.000000 0.000000 0.000000 0.000000 0.000000 0.000000 0.000000 0.000000 0.000000
0.000000 0.000000 0.000000 0.000000 0.000000 0.000000 0.000000 0.000000 0.000000 0.000000
0.000000 0.000000 0.000000 0.000000 0.000000 0.000000 0.000000 0.000000 0.000000 0.000000
0.000000 0.000000 0.000000 0.000000 0.000000 0.000000 0.000000 0.000000 0.000000 0.000000
0.000000 0.000000 0.000000 0.000000 0.000000 0.000000 0.000000 0.000000 0.000000 0.000000
0.000000 0.000000 0.000000 0.000000 0.000000 0.000000 0.000000 0.000000 0.000000 0.000000
0.000000 0.000000 0.000000 0.000000 0.000000 0.000000 0.000000 0.000000 0.000000 0.000000
0.000000 0.000000 0.000000 0.000000 0.000000 0.000000 0.000000 0.000000 0.000000 0.000000
0.000000 0.000000 0.000000 0.000000 0.000000 0.000000 0.000000 0.000000 0.000000 0.000000
0.000000 0.000000 0.000000 0.000000 0.000000 0.000000 0.000000 0.000000 0.000000 0.000000
0.000000 0.000000 0.000000 0.000000 0.000000 0.000000 0.000000 0.000000 0.000000 0.000000
0.000000 0.000000 0.000000 0.000000 0.000000 0.000000 0.000000 0.000000 0.000000 0.000000
0.000000 0.000000 0.000000 0.000000 0.000000 0.000000 0.000000 0.000000 0.000000 0.000000
0.000000 0.000000 0.000000 0.000000 0.000000 0.000000 0.000000 0.000000 0.000000 0.000000
0.000000 0.000000 0.000000 0.000000 0.000000 0.000000 0.000000 0.000000 0.000000 0.000000
0.000000 0.000000 0.000000 0.000000 0.000000 0.000000 0.000000 0.000000 0.000000 0.000000
0.000000 0.000000 0.000000 0.000000 0.000000 0.000000 0.000000 0.000000 0.000000 0.000000
0.000000 0.000000 0.000000 0.000000 0.000000 0.000000 0.000000 0.000000 0.000000 0.000000
0.000000 0.000000 0.000000 0.000000 0.000000 0.000000 0.000000 0.000000 0.000000 0.000000
0.000000 0.000000 0.000000 0.000000 0.000000 0.000000 0.000000 0.000000 0.000000 0.000000
0.000000 0.000000 0.000000 0.000000 0.000000 0.000000 0.000000 0.000000 0.000000 0.000000
0.000000 0.000000 0.000000 0.000000 0.000000 0.000000 0.000000 0.000000 0.000000 0.000000
0.000000 0.000000 0.000000 0.000000 0.000000 0.000000 0.000000 0.000000 0.000000 0.000000
0.000000 0.000000 0.000000 0.000000 0.000000 0.000000 0.000000 0.000000 0.000000 0.000000
0.000000 0.000000 0.000000 0.000000 0.000000 0.000000 0.000000 0.000000 0.000000 0.000000
0.000000 0.000000 0.000000 0.000000 0.000000 0.000000 0.000000 0.000000 0.000000 0.000000
0.000000 0.000000 0.000000 0.000000 0.000000 0.000000 0.000000 0.000000 0.000000 0.000000
0.000000 0.000000 0.000000 0.000000 0.000000 0.000000 0.000000 0.000000 0.000000 0.000000
0.000000 0.000000 0.000000 0.000000 0.000000 0.000000 0.000000 0.000000 0.000000 0.000000
0.000000 0.000000 0.000000 0.000000 0.000000 0.000000 0.000000 0.000000 0.000000 0.000000
0.000000 0.000000 0.000000 0.000000 0.000000 0.000000 0.000000 0.000000 0.000000 0.000000
0.000000 0.000000 0.000000 0.000000 0.000000 0.000000 0.000000 0.000000 0.000000 0.000000
0.000000 0.000000 0.000000 0.000000 0.000000 0.000000 0.000000 0.000000 0.000000 0.000000
0.000000 0.000000 0.000000 0.000000 0.000000 0.000000 0.000000 0.000000 0.000000 0.000000
0.000000 0.000000 0.000000 0.000000 0.000000 0.000000 0.000000 0.000000 0.000000 0.000000
0.000000 0.000000 0.000000 0.000000 0.000000 0.000000 0.000000 0.000000 0.000000 0.000000
0.000000 0.000000 0.000000 0.000000 0.000000 0.000000 0.000000 0.000000 0.000000 0.000000
0.000000 0.000000 0.000000 0.000000 0.000000 0.000000 0.000000 0.000000 0.000000 0.000000
0.000000 0.000000 0.000000 0.000000 0.000000 0.000000 0.000000 0.000000 0.000000 0.000000
0.000000 0.000000 0.000000 0.000000 0.000000 0.000000 0.000000 0.000000 0.000000 0.000000
0.000000 0.000000 0.000000 0.000000 0.000000 0.000000 0.000000 0.000000 0.000000 0.000000
0.000000 0.000000 0.000000 0.000000 0.000000 0.000000 0.000000 0.000000 0.000000 0.000000
0.000000 0.000000 0.000000 0.000000 0.000000 0.000000 0.000000 0.000000 0.000000 0.000000
0.000000 0.000000 0.000000 0.000000 0.000000 0.000000 0.000000 0.000000 0.000000 0.000000
0.000000 0.000000 0.000000 0.000000 0.000000 0.000000 0.000000 0.000000 0.000000 0.000000
0.000000 0.000000 0.000000 0.000000 0.000000 0.000000 0.000000 0.000000 0.000000 0.000000
0.000000 0.000000 0.000000 0.000000 0.000000 0.000000 0.000000 0.000000 0.000000 0.000000
0.000000 0.000000 0.000000 0.000000 0.000000 0.000000 0.000000 0.000000 0.000000 0.000000
0.000000 0.000000 0.000000 0.000000 0.000000 0.000000 0.000000 0.000000 0.000000 0.000000
0.000000 0.000000 0.000000 0.000000 0.000000 0.000000 0.000000 0.000000 0.000000 0.000000
0.000000 0.000000 0.000000 0.000000 0.000000 0.000000 0.000000 0.000000 0.000000 0.000000
0.000000 0.000000 0.000000 0.000000 0.000000 0.000000 0.000000 0.000000 0.000000 0.000000
0.000000 0.000000 0.000000 0.000000 0.000000 0.000000 0.000000 0.000000 0.000000 0.000000
0.000000 0.000000 0.000000 0.000000 0.000000 0.000000 0.000000 0.000000 0.000000 0.000000
0.000000 0.000000 0.000000 0.000000 0.000000 0.000000 0.000000 0.000000 0.000000 0.000000
0.000000 0.000000 0.000000 0.000000 0.000000 0.000000 0.000000 0.000000 0.000000 0.000000
0.000000 0.000000 0.000000 0.000000 0.000000 0.000000 0.000000 0.000000 0.000000 0.000000
0.000000 0.000000 0.000000 0.000000 0.000000 0.000000 0.000000 0.000000 0.000000 0.000000
0.000000 0.000000 0.000000 0.000000 0.000000 0.000000 0.000000 0.000000 0.000000 0.000000
0.000000 0.000000 0.000000 0.000000 0.000000 0.000000 0.000000 0.000000 0.000000 0.000000
0.000000 0.000000 0.000000 0.000000 0.000000 0.000000 0.000000 0.000000 0.000000 0.000000
0.000000 0.000000 0.000000 0.000000 0.000000 0.000000 0.000000 0.000000 0.000000 0.000000
0.000000 0.000000 0.000000 0.000000 0.000000 0.000000 0.000000 0.000000 0.000000 0.000000
0.000000 0.000000 0.000000 0.000000 0.000000 0.000000 0.000000 0.000000 0.000000 0.000000
0.000000 0.000000 0.000000 0.000000 0.000000 0.000000 0.000000 0.000000 0.000000 0.000000
0.000000 0.000000 0.000000 0.000000 0.000000 0.000000 0.000000 0.000000 0.000000 0.000000
0.000000 0.000000 0.000000 0.000000 0.000000 0.000000 0.000000 0.000000 0.000000 0.000000
0.000000 0.000000 0.000000 0.000000 0.000000 0.000000 0.000000 0.000000 0.000000 0.000000
0.000000 0.000000 0.000000 0.000000 0.000000 0.000000 0.000000 0.000000 0.000000 0.000000
0.000000 0.000000 0.000000 0.000000 0.000000 0.000000 0.000000 0.000000 0.000000 0.000000
0.000000 0.000000 0.000000 0.000000 0.000000 0.000000 0.000000 0.000000 0.000000 0.000000
0.000000 0.000000 0.000000 0.000000 0.000000 0.000000 0.000000 0.000000 0.000000 0.000000
0.000000 0.000000 0.000000 0.000000 0.000000 0.000000 0.000000 0.000000 0.000000 0.000000
0.000000 0.000000 0.000000 0.000000 0.000000 0.000000 0.000000 0.000000 0.000000 0.000000
0.000000 0.000000 0.000000 0.000000 0.000000 0.000000 0.000000 0.000000 0.000000 0.000000
0.000000 0.000000 0.000000 0.000000 0.000000 0.000000 0.000000 0.000000 0.000000 0.000000
0.000000 0.000000 0.000000 0.000000 0.000000 0.000000 0.000000 0.000000 0.000000 0.000000
0.000000 0.000000 0.000000 0.000000 0.000000 0.000000 0.000000 0.000000 0.000000 0.000000
0.000000 0.000000 0.000000 0.000000 0.000000 0.000000 0.000000 0.000000 0.000000 0.000000
0.000000 0.000000 0.000000 0.000000 0.000000 0.000000 0.000000 0.000000 0.000000 0.000000
0.000000 0.000000 0.000000 0.000000 0.000000 0.000000 0.000000 0.000000 0.000000 0.000000
0.000000 0.000000 0.000000 0.000000 0.000000 0.000000 0.000000 0.000000 0.000000 0.000000
0.000000 0.000000 0.000000 0.000000 0.000000 0.000000 0.000000 0.000000 0.000000 0.000000
0.000000 0.000000 0.000000 0.000000 0.000000 0.000000 0.000000 0.000000 0.000000 0.000000
0.000000 0.000000 0.000000 0.000000 0.000000 0.000000 0.000000 0.000000 0.000000 0.000000
0.000000 0.000000 0.000000 0.000000 0.000000 0.000000 0.000000 0.000000 0.000000 0.000000
0.000000 0.000000 0.000000 0.000000 0.000000 0.000000 0.000000 0.000000 0.000000 0.000000
0.000000 0.000000 0.000000 0.000000 0.000000 0.000000 0.000000 0.000000 0.000000 0.000000
0.000000 0.000000 0.000000 0.000000 0.000000 0.000000 0.000000 0.000000 0.000000 0.000000
0.000000 0.000000 0.000000 0.000000 0.000000 0.000000 0.000000 0.000000 0.000000 0.000000
0.000000 0.000000 0.000000 0.000000 0.000000 0.000000 0.000000 0.000000 0.000000 0.000000
0.000000 0.000000 0.000000 0.000000 0.000000 0.000000 0.000000 0.000000 0.000000 0.000000
0.000000 0.000000 0.000000 0.000000 0.000000 0.000000 0.000000 0.000000 0.000000 0.000000
0.000000 0.000000 0.000000 0.000000 0.000000 0.000000 0.000000 0.000000 0.000000 0.000000
0.000000 0.000000 0.000000 0.000000 0.000000 0.000000 0.000000 0.000000 0.000000 0.000000
0.000000 0.000000 0.000000 0.000000 0.000000 0.000000 0.000000 0.000000 0.000000 0.000000
0.000000 0.000000 0.000000 0.000000 0.000000 0.000000 0.000000 0.000000 0.000000 0.000000
0.000000 0.000000 0.000000 0.000000 0.000000 0.000000 0.000000 0.000000 0.000000 0.000000
0.000000 0.000000 0.000000 0.000000 0.000000 0.000000 0.000000 0.000000 0.000000 0.000000
0.000000 0.000000 0.000000 0.000000 0.000000 0.000000 0.000000 0.000000 0.000000 0.000000
0.000000 0.000000 0.000000 0.000000 0.000000 0.000000 0.000000 0.000000 0.000000 0.000000
0.000000 0.000000 0.000000 0.000000 0.000000 0.000000 0.000000 0.000000 0.000000 0.000000
0.000000 0.000000 0.000000 0.000000 0.000000 0.000000 0.000000 0.000000 0.000000 0.000000
0.000000 0.000000 0.000000 0.000000 0.000000 0.000000 0.000000 0.000000 0.000000 0.000000
0.000000 0.000000 0.000000 0.000000 0.000000 0.000000 0.000000 0.000000 0.000000 0.000000
0.000000 0.000000 0.000000 0.000000 0.000000 0.000000 0.000000 0.000000 0.000000 0.000000
0.000000 0.000000 0.000000 0.000000 0.000000 0.000000 0.000000 0.000000 0.000000 0.000000
0.000000 0.000000 0.000000 0.000000 0.000000 0.000000 0.000000 0.000000 0.000000 0.000000
0.000000 0.000000 0.000000 0.000000 0.000000 0.000000 0.000000 0.000000 0.000000 0.000000
0.000000 0.000000 0.000000 0.000000 0.000000 0.000000 0.000000 0.000000 0.000000 0.000000
0.000000 0.000000 0.000000 0.000000 0.000000 0.000000 0.000000 0.000000 0.000000 0.000000
0.000000 0.000000 0.000000 0.000000 0.000000 0.000000 0.000000 0.000000 0.000000 0.000000
0.000000 0.000000 0.000000 0.000000 0.000000 0.000000 0.000000 0.000000 0.000000 0.000000
0.000000 0.000000 0.000000 0.000000 0.000000 0.000000 0.000000 0.000000 0.000000 0.000000
0.000000 0.000000 0.000000 0.000000 0.000000 0.000000 0.000000 0.000000 0.000000 0.000000
0.000000 0.000000 0.000000 0.000000 0.000000 0.000000 0.000000 0.000000 0.000000 0.000000
0.000000 0.000000 0.000000 0.000000 0.000000 0.000000 0.000000 0.000000 0.000000 0.000000
0.000000 0.000000 0.000000 0.000000 0.000000 0.000000 0.000000 0.000000 0.000000 0.000000
0.000000 0.000000 0.000000 0.000000 0.000000 0.000000 0.000000 0.000000 0.000000 0.000000
0.000000 0.000000 0.000000 0.000000 0.000000 0.000000 0.000000 0.000000 0.000000 0.000000
0.000000 0.000000 0.000000 0.000000 0.000000 0.000000 0.000000 0.000000 0.000000 0.000000
0.000000 0.000000 0.000000 0.000000 0.000000 0.000000 0.000000 0.000000 0.000000 0.000000
0.000000 0.000000 0.000000 0.000000 0.000000 0.000000 0.000000 0.000000 0.000000 0.000000
0.000000 0.000000 0.000000 0.000000 0.000000 0.000000 0.000000 0.000000 0.000000 0.000000
0.000000 0.000000 0.000000 0.000000 0.000000 0.000000 0.000000 0.000000 0.000000 0.000000
0.000000 0.000000 0.000000 0.000000 0.000000 0.000000 0.000000 0.000000 0.000000 0.000000
0.000000 0.000000 0.000000 0.000000 0.000000 0.000000 0.000000 0.000000 0.000000 0.000000
0.000000 0.000000 0.000000 0.000000 0.000000 0.000000 0.000000 0.000000 0.000000 0.000000
0.000000 0.000000 0.000000 0.000000 0.000000 0.000000 0.000000 0.000000 0.000000 0.000000
0.000000 0.000000 0.000000 0.000000 0.000000 0.000000 0.000000 0.000000 0.000000 0.000000
0.000000 0.000000 0.000000 0.000000 0.000000 0.000000 0.000000 0.000000 0.000000 0.000000
0.000000 0.000000 0.000000 0.000000 0.000000 0.000000 0.000000 0.000000 0.000000 0.000000
0.000000 0.000000 0.000000 0.000000 0.000000 0.000000 0.000000 0.000000 0.000000 0.000000
0.000000 0.000000 0.000000 0.000000 0.000000 0.000000 0.000000 0.000000 0.000000 0.000000
0.000000 0.000000 0.000000 0.000000 0.000000 0.000000 0.000000 0.000000 0.000000 0.000000
0.000000 0.000000 0.000000 0.000000 0.000000 0.000000 0.000000 0.000000 0.000000 0.000000
