ID_Recinto,Hora,Dia,Mes,Temperatura_exterior,Temperatura_operativa_free_float,Temperatura_operativa_con_clima,Demanda,Sol,G_HU,G_DHU,x_int_aire,demanda_total
2,1,1.0,1,15.57,28.67,27.34,0.0,0.0,0.0,0.0,,0.0
2,2,1.0,1,15.24,26.7,25.53,0.0,0.0,0.0,0.0,,0.0
2,3,1.0,1,15.03,25.05,24.02,0.0,0.0,0.0,0.0,,0.0
2,4,1.0,1,14.93,23.65,22.74,0.0,0.0,0.0,-0.0,,0.0
2,5,1.0,1,14.67,22.34,21.53,0.0,0.0,0.0,-0.0,,0.0
2,6,1.0,1,14.23,21.05,20.34,0.0,0.0,0.0,-0.0,,0.0
2,7,1.0,1,14.09,20.06,19.43,0.0,74.06,0.0,-0.0,,0.0
2,8,1.0,1,14.97,23.41,23.02,0.0,7604.9,0.0,0.0,,0.0
2,9,1.0,1,17.18,26.91,26.59,0.0,18358.79,0.0,0.0,,0.0
2,10,1.0,1,19.91,31.08,26.78,-14091.46,29358.87,0.0,-2678.98,,-519.8836399999999
2,11,1.0,1,22.53,34.97,26.78,-26548.32,37780.45,0.0,-7707.07,,-1061.9170900000001
2,12,1.0,1,24.66,37.2,26.78,-32934.56,38328.45,0.0,-8488.48,,-1284.1142399999997
2,13,1.0,1,26.29,39.28,26.78,-39053.07,40111.4,0.0,-8299.57,,-1467.9318400000002
2,14,1.0,1,27.34,40.06,26.78,-40614.27,37062.42,0.0,-9737.7,,-1560.91107
2,15,1.0,1,27.7,49.79,33.6,-50000.0,85544.05,0.0,-2910.51,,-1640.2258100000001
2,16,1.0,1,27.41,64.44,47.84,-50000.0,158004.69,0.0,0.0,,-1550.0
2,17,1.0,1,26.88,76.35,59.52,-50000.0,211447.56,3540.9,0.0,,-1440.2321
2,18,1.0,1,25.64,84.27,67.26,-50000.0,244578.95,13193.25,0.0,,-1141.00925
2,19,1.0,1,23.76,107.94,103.27,0.0,237092.99,0.0,0.0,,0.0
2,20,1.0,1,21.05,96.64,93.85,0.0,178700.48,0.0,0.0,,0.0
2,21,1.0,1,19.11,46.77,44.5,0.0,0.0,0.0,-0.0,,0.0
2,22,1.0,1,17.93,38.77,36.8,0.0,0.0,0.0,-0.0,,0.0
2,23,1.0,1,17.19,35.01,33.28,0.0,0.0,0.0,0.0,,0.0
2,24,1.0,1,16.56,32.19,30.67,0.0,0.0,0.0,0.0,,0.0
2,1,2.0,1,15.92,29.74,28.4,0.0,0.0,0.0,0.0,,0.0
2,2,2.0,1,15.61,27.72,26.54,0.0,0.0,0.0,0.0,,0.0
2,3,2.0,1,15.51,26.05,25.01,0.0,0.0,0.0,0.0,,0.0
2,4,2.0,1,15.36,24.57,23.65,0.0,0.0,0.0,-0.0,,0.0
2,5,2.0,1,15.16,23.23,22.41,0.0,0.0,0.0,-0.0,,0.0
2,6,2.0,1,14.75,21.91,21.2,0.0,0.0,0.0,-0.0,,0.0
2,7,2.0,1,14.72,20.94,20.3,0.0,74.06,0.0,-0.0,,0.0
2,8,2.0,1,15.94,24.43,24.04,0.0,7604.9,0.0,0.0,,0.0
2,9,2.0,1,18.19,27.95,26.78,-2969.72,18358.79,0.0,0.0,,-92.06132
2,10,2.0,1,20.52,31.86,26.78,-16515.16,29358.87,0.0,-2969.62,,-604.0281799999999
2,11,2.0,1,23.31,35.83,26.78,-29237.27,37780.45,0.0,-10018.74,,-1216.93631
2,12,2.0,1,25.42,38.04,26.78,-35488.84,38328.45,0.0,-10708.65,,-1432.12219
2,13,2.0,1,26.77,39.91,26.78,-40866.57,40111.4,0.0,-11045.28,,-1609.2673499999999
2,14,2.0,1,27.64,40.53,26.78,-41902.25,37062.42,0.0,-11359.67,,-1651.11952
2,15,2.0,1,27.92,50.18,33.9,-50000.0,85544.05,0.0,-4370.35,,-1685.48085
2,16,2.0,1,27.86,64.97,48.3,-50000.0,158004.69,0.0,0.0,,-1550.0
2,17,2.0,1,27.23,76.8,59.92,-50000.0,211447.56,3237.8,0.0,,-1449.6281999999999
2,18,2.0,1,26.0,84.71,67.66,-50000.0,244578.95,13600.11,0.0,,-1128.39659
2,19,2.0,1,24.09,108.38,103.65,0.0,237092.99,0.0,0.0,,0.0
2,20,2.0,1,21.39,97.08,94.24,0.0,178700.48,0.0,0.0,,0.0
2,21,2.0,1,19.04,46.98,44.66,0.0,0.0,0.0,-0.0,,0.0
2,22,2.0,1,17.93,38.97,36.96,0.0,0.0,0.0,-0.0,,0.0
2,23,2.0,1,17.27,35.23,33.46,0.0,0.0,0.0,0.0,,0.0
2,24,2.0,1,16.36,32.24,30.69,0.0,0.0,0.0,0.0,,0.0
2,1,3.0,1,15.91,29.85,28.48,0.0,0.0,0.0,0.0,,0.0
2,2,3.0,1,15.35,27.69,26.48,0.0,0.0,0.0,0.0,,0.0
2,3,3.0,1,14.8,25.74,24.68,0.0,0.0,0.0,0.0,,0.0
2,4,3.0,1,14.34,24.02,23.08,0.0,0.0,0.0,-0.0,,0.0
2,5,3.0,1,14.04,22.55,21.72,0.0,0.0,0.0,-0.0,,0.0
2,6,3.0,1,13.53,21.13,20.39,0.0,0.0,0.0,-0.0,,0.0
2,7,3.0,1,13.49,20.08,19.44,0.0,74.06,0.0,-0.0,,0.0
2,8,3.0,1,14.59,28.28,27.71,0.0,7604.9,0.0,0.0,,0.0
2,9,3.0,1,17.17,33.43,32.92,0.0,18358.79,0.0,0.0,,0.0
2,10,3.0,1,19.8,38.68,38.23,0.0,29358.87,0.0,0.0,,0.0
2,11,3.0,1,22.3,43.47,43.07,0.0,37780.45,0.0,0.0,,0.0
2,12,3.0,1,24.59,46.17,45.82,0.0,38328.45,0.0,0.0,,0.0
2,13,3.0,1,26.37,48.76,48.45,0.0,40111.4,0.0,0.0,,0.0
2,14,3.0,1,27.51,49.66,49.39,0.0,37062.42,0.0,0.0,,0.0
2,15,3.0,1,28.06,64.17,63.93,0.0,85544.05,0.0,0.0,,0.0
2,16,3.0,1,27.93,87.12,86.91,0.0,158004.69,0.0,0.0,,0.0
2,17,3.0,1,27.17,106.63,106.44,0.0,211447.56,0.0,-0.0,,0.0
2,18,3.0,1,25.96,120.71,120.54,0.0,244578.95,0.0,-0.0,,0.0
2,19,3.0,1,24.3,116.58,116.43,0.0,237092.99,0.0,-0.0,,0.0
2,20,3.0,1,21.68,101.34,101.2,0.0,178700.48,0.0,0.0,,0.0
2,21,3.0,1,19.49,50.44,50.33,0.0,0.0,0.0,-0.0,,0.0
2,22,3.0,1,18.13,41.88,41.78,0.0,0.0,0.0,-0.0,,0.0
2,23,3.0,1,17.28,37.7,37.6,0.0,0.0,0.0,0.0,,0.0
2,24,3.0,1,16.62,34.54,34.46,0.0,0.0,0.0,0.0,,0.0
2,1,4.0,1,16.04,31.84,31.77,0.0,0.0,0.0,0.0,,0.0
2,2,4.0,1,15.59,29.51,29.44,0.0,0.0,0.0,0.0,,0.0
2,3,4.0,1,15.33,27.53,27.47,0.0,0.0,0.0,0.0,,0.0
2,4,4.0,1,14.93,25.71,25.66,0.0,0.0,0.0,0.0,,0.0
2,5,4.0,1,14.71,24.16,24.11,0.0,0.0,0.0,0.0,,0.0
2,6,4.0,1,14.24,22.65,22.61,0.0,0.0,0.0,-0.0,,0.0
2,7,4.0,1,14.41,21.63,21.6,0.0,74.06,0.0,-0.0,,0.0
2,8,4.0,1,15.72,29.88,29.85,0.0,7604.9,0.0,0.0,,0.0
2,9,4.0,1,18.2,34.93,34.9,0.0,18358.79,0.0,0.0,,0.0
2,10,4.0,1,20.91,40.16,40.14,0.0,29358.87,0.0,0.0,,0.0
2,11,4.0,1,23.03,44.71,44.69,0.0,37780.45,0.0,0.0,,0.0
2,12,4.0,1,24.92,47.12,47.1,0.0,38328.45,0.0,0.0,,0.0
2,13,4.0,1,26.54,49.53,49.51,0.0,40111.4,0.0,0.0,,0.0
2,14,4.0,1,27.62,50.32,50.31,0.0,37062.42,0.0,0.0,,0.0
2,15,4.0,1,27.95,64.64,64.63,0.0,85544.05,0.0,0.0,,0.0
2,16,4.0,1,27.92,87.58,87.56,0.0,158004.69,0.0,0.0,,0.0
2,17,4.0,1,27.27,107.09,107.08,0.0,211447.56,0.0,-0.0,,0.0
2,18,4.0,1,26.1,121.15,121.14,0.0,244578.95,0.0,-0.0,,0.0
2,19,4.0,1,24.09,116.79,116.78,0.0,237092.99,0.0,-0.0,,0.0
2,20,4.0,1,21.39,101.45,101.44,0.0,178700.48,0.0,0.0,,0.0
2,21,4.0,1,19.26,50.54,50.53,0.0,0.0,0.0,-0.0,,0.0
2,22,4.0,1,18.04,42.01,42.01,0.0,0.0,0.0,-0.0,,0.0
2,23,4.0,1,17.33,37.88,37.87,0.0,0.0,0.0,0.0,,0.0
2,24,4.0,1,16.81,34.79,34.78,0.0,0.0,0.0,0.0,,0.0
2,1,5.0,1,16.3,32.13,32.13,0.0,0.0,0.0,0.0,,0.0
2,2,5.0,1,15.93,29.84,29.84,0.0,0.0,0.0,0.0,,0.0
2,3,5.0,1,15.62,27.84,27.84,0.0,0.0,0.0,0.0,,0.0
2,4,5.0,1,15.29,26.06,26.06,0.0,0.0,0.0,0.0,,0.0
2,5,5.0,1,15.07,24.52,24.51,0.0,0.0,0.0,0.0,,0.0
2,6,5.0,1,14.81,23.12,23.12,0.0,0.0,0.0,-0.0,,0.0
2,7,5.0,1,14.87,22.06,22.06,0.0,74.06,0.0,-0.0,,0.0
2,8,5.0,1,15.84,25.0,25.0,0.0,7604.9,0.0,0.0,,0.0
2,9,5.0,1,17.74,28.18,26.78,-4892.14,18358.79,0.0,0.0,,-151.65634
2,10,5.0,1,20.44,32.24,26.78,-18655.16,29358.87,0.0,-3543.67,,-688.1637300000001
2,11,5.0,1,22.69,35.78,26.78,-29670.55,37780.45,0.0,-8223.86,,-1174.7267100000001
2,12,5.0,1,24.66,37.81,26.78,-35280.64,38328.45,0.0,-8872.36,,-1368.743
2,13,5.0,1,26.17,39.72,26.78,-40766.01,40111.4,0.0,-8455.27,,-1525.85968
2,14,5.0,1,27.09,40.33,26.78,-41693.44,37062.42,0.0,-10033.43,,-1603.53297
2,15,5.0,1,27.17,49.79,33.64,-50000.0,85544.05,0.0,-3754.33,,-1666.38423
2,16,5.0,1,26.96,64.42,47.87,-50000.0,158004.69,0.0,0.0,,-1550.0
2,17,5.0,1,26.24,76.14,59.36,-50000.0,211447.56,2949.75,0.0,,-1458.55775
2,18,5.0,1,24.82,83.88,66.91,-50000.0,244578.95,12252.02,0.0,,-1170.1873799999998
2,19,5.0,1,22.79,107.56,102.93,0.0,237092.99,0.0,0.0,,0.0
2,20,5.0,1,20.0,96.16,93.42,0.0,178700.48,0.0,0.0,,0.0
2,21,5.0,1,18.08,46.23,44.0,0.0,0.0,0.0,-0.0,,0.0
2,22,5.0,1,16.84,38.14,36.21,0.0,0.0,0.0,-0.0,,0.0
2,23,5.0,1,16.13,34.34,32.64,0.0,0.0,0.0,0.0,,0.0
2,24,5.0,1,15.33,31.38,29.89,0.0,0.0,0.0,0.0,,0.0
2,1,6.0,1,14.89,28.98,27.67,0.0,0.0,0.0,0.0,,0.0
2,2,6.0,1,14.77,27.04,25.88,0.0,0.0,0.0,0.0,,0.0
2,3,6.0,1,14.45,25.24,24.22,0.0,0.0,0.0,0.0,,0.0
2,4,6.0,1,14.2,23.66,22.76,0.0,0.0,0.0,0.0,,0.0
2,5,6.0,1,14.24,22.42,21.63,0.0,0.0,0.0,-0.0,,0.0
2,6,6.0,1,14.16,21.28,20.58,0.0,0.0,0.0,-0.0,,0.0
2,7,6.0,1,14.39,20.47,19.85,0.0,74.06,0.0,-0.0,,0.0
2,8,6.0,1,15.61,24.02,23.64,0.0,7604.9,0.0,0.0,,0.0
2,9,6.0,1,17.94,27.62,26.78,-1820.54,18358.79,0.0,0.0,,-56.43674
2,10,6.0,1,20.07,31.39,26.78,-15021.89,29358.87,0.0,-3039.46,,-559.90185
2,11,6.0,1,22.24,34.93,26.78,-26278.26,37780.45,0.0,-7918.15,,-1060.08871
2,12,6.0,1,24.74,37.38,26.78,-33507.1,38328.45,0.0,-10966.93,,-1378.6949299999999
2,13,6.0,1,26.65,39.64,26.78,-40245.92,40111.4,0.0,-9405.66,,-1539.19898
2,14,6.0,1,27.51,40.3,26.78,-41305.65,37062.42,0.0,-10353.39,,-1601.43024
2,15,6.0,1,27.68,49.89,33.66,-50000.0,85544.05,0.0,-2296.0,,-1621.176
2,16,6.0,1,27.38,64.51,47.89,-50000.0,158004.69,0.0,0.0,,-1550.0
2,17,6.0,1,26.6,76.23,59.39,-50000.0,211447.56,1077.95,0.0,,-1516.58355
2,18,6.0,1,25.49,84.22,67.19,-50000.0,244578.95,11874.96,0.0,,-1181.87624
2,19,6.0,1,23.45,107.82,103.13,0.0,237092.99,0.0,0.0,,0.0
2,20,6.0,1,20.66,96.45,93.65,0.0,178700.48,0.0,0.0,,0.0
2,21,6.0,1,18.45,46.41,44.12,0.0,0.0,0.0,-0.0,,0.0
2,22,6.0,1,17.16,38.3,36.32,0.0,0.0,0.0,-0.0,,0.0
2,23,6.0,1,15.99,34.27,32.53,0.0,0.0,0.0,0.0,,0.0
2,24,6.0,1,15.55,31.48,29.95,0.0,0.0,0.0,0.0,,0.0
2,1,7.0,1,15.11,29.1,27.75,0.0,0.0,0.0,0.0,,0.0
2,2,7.0,1,15.03,27.2,26.01,0.0,0.0,0.0,0.0,,0.0
2,3,7.0,1,14.92,25.52,24.47,0.0,0.0,0.0,0.0,,0.0
2,4,7.0,1,14.91,24.11,23.19,0.0,0.0,0.0,-0.0,,0.0
2,5,7.0,1,14.95,22.91,22.09,0.0,0.0,0.0,-0.0,,0.0
2,6,7.0,1,14.89,21.81,21.09,0.0,0.0,0.0,-0.0,,0.0
2,7,7.0,1,15.17,21.05,20.41,0.0,74.06,0.0,-0.0,,0.0
2,8,7.0,1,16.04,24.44,24.05,0.0,7604.9,0.0,0.0,,0.0
2,9,7.0,1,17.76,27.61,26.78,-1765.53,18358.79,0.0,0.0,,-54.73143
2,10,7.0,1,20.4,31.7,26.78,-16057.23,29358.87,0.0,-5580.79,,-670.77862
2,11,7.0,1,22.93,35.5,26.78,-28167.79,37780.45,0.0,-13204.07,,-1282.52766
2,12,7.0,1,24.94,37.63,26.78,-34179.84,38328.45,0.0,-13718.02,,-1484.83366
2,13,7.0,1,26.41,39.57,26.78,-39848.46,40111.4,0.0,-17180.33,,-1767.89249
2,14,7.0,1,27.39,40.27,26.78,-41167.83,37062.42,0.0,-10499.34,,-1601.68227
2,15,7.0,1,27.77,50.0,33.76,-50000.0,85544.05,0.0,-10029.28,,-1860.90768
2,16,7.0,1,27.51,64.65,48.01,-50000.0,158004.69,0.0,0.0,,-1550.0
2,17,7.0,1,26.78,76.41,59.55,-50000.0,211447.56,1606.57,0.0,,-1500.19633
2,18,7.0,1,25.43,84.22,67.19,-50000.0,244578.95,11518.12,0.0,,-1192.93828
2,19,7.0,1,23.7,108.01,103.3,0.0,237092.99,0.0,0.0,,0.0
2,20,7.0,1,21.11,96.77,93.95,0.0,178700.48,0.0,0.0,,0.0
2,21,7.0,1,19.26,46.95,44.65,0.0,0.0,0.0,-0.0,,0.0
2,22,7.0,1,18.04,38.93,36.94,0.0,0.0,0.0,-0.0,,0.0
2,23,7.0,1,17.11,35.06,33.31,0.0,0.0,0.0,0.0,,0.0
2,24,7.0,1,16.36,32.15,30.61,0.0,0.0,0.0,0.0,,0.0
2,1,1.0,1,16.01,29.84,28.48,0.0,0.0,0.0,0.0,,0.0
2,2,1.0,1,15.9,27.93,26.74,0.0,0.0,0.0,0.0,,0.0
2,3,1.0,1,15.78,26.27,25.21,0.0,0.0,0.0,0.0,,0.0
2,4,1.0,1,15.57,24.76,23.83,0.0,0.0,0.0,-0.0,,0.0
2,5,1.0,1,15.35,23.41,22.59,0.0,0.0,0.0,-0.0,,0.0
2,6,1.0,1,15.07,22.17,21.44,0.0,0.0,0.0,-0.0,,0.0
2,7,1.0,1,15.31,21.36,20.71,0.0,74.06,0.0,-0.0,,0.0
2,8,1.0,1,16.4,24.83,24.44,0.0,7604.9,0.0,0.0,,0.0
2,9,1.0,1,18.59,28.33,26.78,-4264.62,18358.79,0.0,0.0,,-132.20322
2,10,1.0,1,20.92,32.23,26.78,-17686.72,29358.87,0.0,-7789.5,,-789.76282
2,11,1.0,1,23.39,35.98,26.78,-29619.85,37780.45,0.0,-13732.15,,-1343.912
2,12,1.0,1,25.25,38.0,26.78,-35239.79,38328.45,0.0,-13848.84,,-1521.7475300000003
2,13,1.0,1,26.87,40.04,26.78,-41250.03,40111.4,0.0,-12546.81,,-1667.70204
2,14,1.0,1,27.68,40.62,26.78,-42123.71,37062.42,0.0,-12078.39,,-1680.2650999999998
2,15,1.0,1,28.0,50.29,33.98,-50000.0,85544.05,0.0,-7557.11,,-1784.2704099999999
2,16,1.0,1,27.69,64.9,48.21,-50000.0,158004.69,0.0,0.0,,-1550.0
2,17,1.0,1,26.97,76.65,59.76,-50000.0,211447.56,3149.15,0.0,,-1452.3763499999998
2,18,1.0,1,25.51,84.39,67.32,-50000.0,244578.95,13589.37,0.0,,-1128.72953
2,19,1.0,1,23.76,108.17,103.42,0.0,237092.99,0.0,0.0,,0.0
2,20,1.0,1,21.06,96.86,94.0,0.0,178700.48,0.0,0.0,,0.0
2,21,1.0,1,19.18,47.01,44.67,0.0,0.0,0.0,-0.0,,0.0
2,22,1.0,1,17.78,38.87,36.84,0.0,0.0,0.0,-0.0,,0.0
2,23,1.0,1,16.94,35.01,33.24,0.0,0.0,0.0,0.0,,0.0
2,24,1.0,1,16.21,32.11,30.54,0.0,0.0,0.0,0.0,,0.0
2,1,2.0,1,15.81,29.75,28.37,0.0,0.0,0.0,0.0,,0.0
2,2,2.0,1,15.47,27.7,26.49,0.0,0.0,0.0,0.0,,0.0
2,3,2.0,1,15.25,25.95,24.88,0.0,0.0,0.0,0.0,,0.0
2,4,2.0,1,14.96,24.37,23.43,0.0,0.0,0.0,0.0,,0.0
2,5,2.0,1,14.98,23.12,22.29,0.0,0.0,0.0,-0.0,,0.0
2,6,2.0,1,14.78,21.92,21.18,0.0,0.0,0.0,-0.0,,0.0
2,7,2.0,1,15.28,21.25,20.6,0.0,74.06,0.0,-0.0,,0.0
2,8,2.0,1,16.5,24.85,24.46,0.0,7604.9,0.0,0.0,,0.0
2,9,2.0,1,18.64,28.32,26.78,-4233.33,18358.79,0.0,0.0,,-131.23323000000002
2,10,2.0,1,21.01,32.26,26.78,-17782.94,29358.87,0.0,-7528.27,,-784.64751
2,11,2.0,1,23.11,35.76,26.78,-28833.33,37780.45,0.0,-12124.84,,-1269.70327
2,12,2.0,1,25.5,38.14,26.78,-35770.73,38328.45,0.0,-13740.25,,-1534.84038
2,13,2.0,1,27.33,40.34,26.78,-42285.95,40111.4,0.0,-12586.63,,-1701.0499799999998
2,14,2.0,1,28.37,41.12,26.78,-43767.07,37062.42,0.0,-13387.62,,-1771.7953900000002
2,15,2.0,1,28.96,51.0,34.64,-50000.0,85544.05,0.0,-6486.95,,-1751.09545
2,16,2.0,1,28.82,65.77,49.07,-50000.0,158004.69,0.0,0.0,,-1550.0
2,17,2.0,1,28.07,77.54,60.64,-50000.0,211447.56,2370.06,0.0,,-1476.5281400000001
2,18,2.0,1,27.18,85.71,68.63,-50000.0,244578.95,14353.92,0.0,,-1105.02848
2,19,2.0,1,25.36,109.39,104.63,0.0,237092.99,0.0,0.0,,0.0
2,20,2.0,1,22.64,98.11,95.24,0.0,178700.48,0.0,0.0,,0.0
2,21,2.0,1,20.54,48.17,45.83,0.0,0.0,0.0,-0.0,,0.0
2,22,2.0,1,19.41,40.2,38.16,0.0,0.0,0.0,-0.0,,0.0
2,23,2.0,1,18.98,36.61,34.83,0.0,0.0,0.0,0.0,,0.0
2,24,2.0,1,18.37,33.84,32.27,0.0,0.0,0.0,0.0,,0.0
2,1,3.0,1,18.02,31.57,30.18,0.0,0.0,0.0,0.0,,0.0
2,2,3.0,1,17.77,29.63,28.41,0.0,0.0,0.0,0.0,,0.0
2,3,3.0,1,17.67,27.99,26.92,0.0,0.0,0.0,0.0,,0.0
2,4,3.0,1,17.51,26.53,25.58,0.0,0.0,0.0,0.0,,0.0
2,5,3.0,1,17.25,25.18,24.35,0.0,0.0,0.0,-0.0,,0.0
2,6,3.0,1,17.13,24.04,23.3,0.0,0.0,0.0,-0.0,,0.0
2,7,3.0,1,17.45,23.3,22.65,0.0,74.06,0.0,-0.0,,0.0
2,8,3.0,1,17.92,31.26,30.68,0.0,7604.9,0.0,0.0,,0.0
2,9,3.0,1,18.54,35.36,34.85,0.0,18358.79,0.0,0.0,,0.0
2,10,3.0,1,21.69,40.76,40.31,0.0,29358.87,0.0,0.0,,0.0
2,11,3.0,1,24.26,45.57,45.17,0.0,37780.45,0.0,0.0,,0.0
2,12,3.0,1,26.31,48.12,47.76,0.0,38328.45,0.0,0.0,,0.0
2,13,3.0,1,27.79,50.5,50.19,0.0,40111.4,0.0,0.0,,0.0
2,14,3.0,1,28.63,51.19,50.92,0.0,37062.42,0.0,0.0,,0.0
2,15,3.0,1,28.77,65.41,65.17,0.0,85544.05,0.0,0.0,,0.0
2,16,3.0,1,28.44,88.17,87.96,0.0,158004.69,0.0,0.0,,0.0
2,17,3.0,1,27.21,107.35,107.15,0.0,211447.56,0.0,-0.0,,0.0
2,18,3.0,1,25.63,121.12,120.95,0.0,244578.95,0.0,-0.0,,0.0
2,19,3.0,1,23.97,116.88,116.73,0.0,237092.99,0.0,-0.0,,0.0
2,20,3.0,1,20.87,101.29,101.16,0.0,178700.48,0.0,0.0,,0.0
2,21,3.0,1,18.75,50.33,50.21,0.0,0.0,0.0,-0.0,,0.0
2,22,3.0,1,17.34,41.66,41.55,0.0,0.0,0.0,-0.0,,0.0
2,23,3.0,1,15.97,37.11,37.02,0.0,0.0,0.0,0.0,,0.0
2,24,3.0,1,15.64,34.03,33.94,0.0,0.0,0.0,0.0,,0.0
2,1,4.0,1,15.62,31.59,31.51,0.0,0.0,0.0,0.0,,0.0
2,2,4.0,1,15.61,29.5,29.43,0.0,0.0,0.0,0.0,,0.0
2,3,4.0,1,15.86,27.82,27.76,0.0,0.0,0.0,0.0,,0.0
2,4,4.0,1,15.92,26.3,26.25,0.0,0.0,0.0,0.0,,0.0
2,5,4.0,1,16.14,25.06,25.01,0.0,0.0,0.0,0.0,,0.0
2,6,4.0,1,15.95,23.79,23.75,0.0,0.0,0.0,0.0,,0.0
2,7,4.0,1,16.13,22.86,22.83,0.0,74.06,0.0,-0.0,,0.0
2,8,4.0,1,16.78,30.81,30.78,0.0,7604.9,0.0,0.0,,0.0
2,9,4.0,1,18.56,35.47,35.45,0.0,18358.79,0.0,0.0,,0.0
2,10,4.0,1,20.3,40.14,40.11,0.0,29358.87,0.0,0.0,,0.0
2,11,4.0,1,22.56,44.65,44.63,0.0,37780.45,0.0,0.0,,0.0
2,12,4.0,1,24.74,47.17,47.15,0.0,38328.45,0.0,0.0,,0.0
2,13,4.0,1,26.44,49.6,49.58,0.0,40111.4,0.0,0.0,,0.0
2,14,4.0,1,27.66,50.45,50.44,0.0,37062.42,0.0,0.0,,0.0
2,15,4.0,1,27.87,64.7,64.69,0.0,85544.05,0.0,0.0,,0.0
2,16,4.0,1,27.62,87.49,87.48,0.0,158004.69,0.0,0.0,,0.0
2,17,4.0,1,27.17,107.08,107.07,0.0,211447.56,0.0,-0.0,,0.0
2,18,4.0,1,26.02,121.14,121.13,0.0,244578.95,0.0,-0.0,,0.0
2,19,4.0,1,23.9,116.72,116.71,0.0,237092.99,0.0,-0.0,,0.0
2,20,4.0,1,21.06,101.28,101.28,0.0,178700.48,0.0,0.0,,0.0
2,21,4.0,1,18.93,50.35,50.34,0.0,0.0,0.0,-0.0,,0.0
2,22,4.0,1,17.89,41.9,41.9,0.0,0.0,0.0,-0.0,,0.0
2,23,4.0,1,17.25,37.81,37.8,0.0,0.0,0.0,0.0,,0.0
2,24,4.0,1,16.95,34.84,34.83,0.0,0.0,0.0,0.0,,0.0
2,1,5.0,1,16.94,32.47,32.47,0.0,0.0,0.0,0.0,,0.0
2,2,5.0,1,16.89,30.42,30.41,0.0,0.0,0.0,0.0,,0.0
2,3,5.0,1,16.54,28.46,28.46,0.0,0.0,0.0,0.0,,0.0
2,4,5.0,1,16.37,26.8,26.8,0.0,0.0,0.0,0.0,,0.0
2,5,5.0,1,16.29,25.38,25.38,0.0,0.0,0.0,0.0,,0.0
2,6,5.0,1,16.1,24.08,24.07,0.0,0.0,0.0,0.0,,0.0
2,7,5.0,1,16.01,22.98,22.98,0.0,74.06,0.0,-0.0,,0.0
2,8,5.0,1,16.59,25.73,25.73,0.0,7604.9,0.0,0.0,,0.0
2,9,5.0,1,18.23,28.72,26.78,-6802.31,18358.79,0.0,0.0,,-210.87161
2,10,5.0,1,20.33,32.35,26.78,-18881.31,29358.87,0.0,-7159.41,,-807.26232
2,11,5.0,1,23.06,36.18,26.78,-31006.03,37780.45,0.0,-14015.52,,-1395.66805
2,12,5.0,1,25.47,38.52,26.78,-37608.02,38328.45,0.0,-14204.66,,-1606.1930799999998
2,13,5.0,1,27.38,40.73,26.78,-44022.52,40111.4,0.0,-13780.94,,-1791.90726
2,14,5.0,1,28.42,41.46,26.78,-45228.61,37062.42,0.0,-13198.93,,-1811.2537399999999
2,15,5.0,1,28.63,51.05,34.75,-50000.0,85544.05,0.0,-5741.13,,-1727.97503
2,16,5.0,1,28.34,65.66,49.03,-50000.0,158004.69,0.0,0.0,,-1550.0
2,17,5.0,1,27.55,77.34,60.5,-50000.0,211447.56,0.0,0.0,,-1550.0
2,18,5.0,1,26.45,85.32,68.3,-50000.0,244578.95,10879.9,0.0,,-1212.7231
2,19,5.0,1,24.79,109.16,104.48,0.0,237092.99,0.0,0.0,,0.0
2,20,5.0,1,22.19,97.92,95.12,0.0,178700.48,0.0,0.0,,0.0
2,21,5.0,1,20.27,48.06,45.78,0.0,0.0,0.0,-0.0,,0.0
2,22,5.0,1,19.2,40.11,38.13,0.0,0.0,0.0,-0.0,,0.0
2,23,5.0,1,18.52,36.38,34.64,0.0,0.0,0.0,0.0,,0.0
2,24,5.0,1,17.71,33.46,31.93,0.0,0.0,0.0,0.0,,0.0
2,1,6.0,1,17.29,31.11,29.77,0.0,0.0,0.0,0.0,,0.0
2,2,6.0,1,17.11,29.17,27.99,0.0,0.0,0.0,0.0,,0.0
2,3,6.0,1,16.82,27.41,26.37,0.0,0.0,0.0,0.0,,0.0
2,4,6.0,1,16.48,25.82,24.89,0.0,0.0,0.0,0.0,,0.0
2,5,6.0,1,16.09,24.35,23.54,0.0,0.0,0.0,-0.0,,0.0
2,6,6.0,1,15.7,23.01,22.3,0.0,0.0,0.0,-0.0,,0.0
2,7,6.0,1,15.36,21.85,21.22,0.0,74.06,0.0,-0.0,,0.0
2,8,6.0,1,16.14,24.93,24.54,0.0,7604.9,0.0,0.0,,0.0
2,9,6.0,1,17.95,28.09,26.78,-3428.86,18358.79,0.0,0.0,,-106.29466000000001
2,10,6.0,1,19.98,31.72,26.78,-15982.89,29358.87,0.0,-1665.42,,-547.0976099999999
2,11,6.0,1,23.1,35.85,26.78,-29350.65,37780.45,0.0,-9797.48,,-1213.5920300000002
2,12,6.0,1,25.32,38.12,26.78,-35745.3,38328.45,0.0,-11483.53,,-1464.09373
2,13,6.0,1,27.08,40.25,26.78,-42013.53,40111.4,0.0,-10659.66,,-1632.8688900000002
2,14,6.0,1,28.5,41.26,26.78,-44340.74,37062.42,0.0,-12421.86,,-1759.6406
2,15,6.0,1,29.0,51.1,34.73,-50000.0,85544.05,0.0,-7162.69,,-1772.04339
2,16,6.0,1,28.9,65.88,49.19,-50000.0,158004.69,0.0,0.0,,-1550.0
2,17,6.0,1,28.35,77.79,60.89,-50000.0,211447.56,480.03,0.0,,-1535.11907
2,18,6.0,1,27.45,85.96,68.88,-50000.0,244578.95,11190.73,0.0,,-1203.0873700000002
2,19,6.0,1,25.69,109.67,104.92,0.0,237092.99,0.0,0.0,,0.0
2,20,6.0,1,23.01,98.42,95.55,0.0,178700.48,0.0,0.0,,0.0
2,21,6.0,1,20.74,48.4,46.06,0.0,0.0,0.0,-0.0,,0.0
2,22,6.0,1,19.49,40.35,38.32,0.0,0.0,0.0,-0.0,,0.0
2,23,6.0,1,18.59,36.5,34.72,0.0,0.0,0.0,0.0,,0.0
2,24,6.0,1,17.73,33.54,31.97,0.0,0.0,0.0,0.0,,0.0
2,1,7.0,1,17.12,31.07,29.69,0.0,0.0,0.0,0.0,,0.0
2,2,7.0,1,16.76,29.01,27.79,0.0,0.0,0.0,0.0,,0.0
2,3,7.0,1,16.42,27.19,26.11,0.0,0.0,0.0,0.0,,0.0
2,4,7.0,1,16.0,25.52,24.57,0.0,0.0,0.0,0.0,,0.0
2,5,7.0,1,15.58,24.01,23.18,0.0,0.0,0.0,-0.0,,0.0
2,6,7.0,1,15.12,22.62,21.88,0.0,0.0,0.0,-0.0,,0.0
2,7,7.0,1,14.9,21.49,20.84,0.0,74.06,0.0,-0.0,,0.0
2,8,7.0,1,15.8,24.61,24.21,0.0,7604.9,0.0,0.0,,0.0
2,9,7.0,1,17.78,27.89,26.78,-2707.15,18358.79,0.0,0.0,,-83.92165000000001
2,10,7.0,1,19.86,31.56,26.78,-15473.84,29358.87,0.0,-825.5,,-505.27954
2,11,7.0,1,22.88,35.64,26.78,-28630.94,37780.45,0.0,-8857.25,,-1162.13389
2,12,7.0,1,25.21,37.97,26.78,-35296.92,38328.45,0.0,-10176.05,,-1409.66207
2,13,7.0,1,26.83,40.02,26.78,-41270.72,40111.4,0.0,-8956.34,,-1557.0388599999999
2,14,7.0,1,28.12,40.93,26.78,-43273.86,37062.42,0.0,-11087.28,,-1685.19534
2,15,7.0,1,28.84,50.91,34.59,-50000.0,85544.05,0.0,-6162.18,,-1741.0275800000002
2,16,7.0,1,28.8,65.74,49.07,-50000.0,158004.69,0.0,0.0,,-1550.0
2,17,7.0,1,28.11,77.57,60.68,-50000.0,211447.56,1083.03,0.0,,-1516.42607
2,18,7.0,1,27.03,85.6,68.54,-50000.0,244578.95,11735.66,0.0,,-1186.1945399999997
2,19,7.0,1,25.09,109.22,104.49,0.0,237092.99,0.0,0.0,,0.0
2,20,7.0,1,22.4,97.94,95.09,0.0,178700.48,0.0,0.0,,0.0
2,21,7.0,1,20.39,48.05,45.72,0.0,0.0,0.0,-0.0,,0.0
2,22,7.0,1,19.46,40.18,38.16,0.0,0.0,0.0,-0.0,,0.0
2,23,7.0,1,18.84,36.51,34.74,0.0,0.0,0.0,0.0,,0.0
2,24,7.0,1,18.18,33.7,32.14,0.0,0.0,0.0,0.0,,0.0
2,1,1.0,1,17.85,31.43,30.06,0.0,0.0,0.0,0.0,,0.0
2,2,1.0,1,17.45,29.4,28.19,0.0,0.0,0.0,0.0,,0.0
2,3,1.0,1,17.05,27.59,26.52,0.0,0.0,0.0,0.0,,0.0
2,4,1.0,1,16.39,25.82,24.88,0.0,0.0,0.0,0.0,,0.0
2,5,1.0,1,15.89,24.27,23.44,0.0,0.0,0.0,-0.0,,0.0
2,6,1.0,1,15.46,22.89,22.16,0.0,0.0,0.0,-0.0,,0.0
2,7,1.0,1,15.61,21.98,21.33,0.0,74.06,0.0,-0.0,,0.0
2,8,1.0,1,16.77,25.37,24.98,0.0,7604.9,0.0,0.0,,0.0
2,9,1.0,1,18.88,28.78,26.78,-5840.54,18358.79,0.0,0.0,,-181.05674
2,10,1.0,1,20.96,32.48,26.78,-18424.69,29358.87,0.0,-5507.53,,-741.89882
2,11,1.0,1,23.71,36.39,26.78,-30932.04,37780.45,0.0,-12288.68,,-1339.84232
2,12,1.0,1,26.37,38.97,26.78,-38435.49,38328.45,0.0,-15394.53,,-1668.7306199999998
2,13,1.0,1,28.28,41.24,26.78,-45083.65,40111.4,0.0,-14235.27,,-1838.88652
2,14,1.0,1,29.39,42.07,26.78,-46699.84,37062.42,0.0,-14376.86,,-1893.3777
2,15,1.0,1,29.81,51.86,35.36,-50000.0,85544.05,0.0,-6155.37,,-1740.81647
2,16,1.0,1,29.51,66.51,49.73,-50000.0,158004.69,0.0,0.0,,-1550.0
2,17,1.0,1,28.81,78.3,61.34,-50000.0,211447.56,1246.71,0.0,,-1511.35199
2,18,1.0,1,27.62,86.25,69.13,-50000.0,244578.95,13115.23,0.0,,-1143.4278700000002
2,19,1.0,1,25.81,109.96,105.14,0.0,237092.99,0.0,0.0,,0.0
2,20,1.0,1,23.23,98.74,95.81,0.0,178700.48,0.0,0.0,,0.0
2,21,1.0,1,20.94,48.7,46.31,0.0,0.0,0.0,-0.0,,0.0
2,22,1.0,1,19.67,40.63,38.55,0.0,0.0,0.0,-0.0,,0.0
2,23,1.0,1,18.79,36.78,34.95,0.0,0.0,0.0,0.0,,0.0
2,24,1.0,1,18.1,33.89,32.29,0.0,0.0,0.0,0.0,,0.0
2,1,2.0,1,17.56,31.48,30.06,0.0,0.0,0.0,0.0,,0.0
2,2,2.0,1,17.23,29.43,28.19,0.0,0.0,0.0,0.0,,0.0
2,3,2.0,1,16.88,27.62,26.52,0.0,0.0,0.0,0.0,,0.0
2,4,2.0,1,16.71,26.09,25.12,0.0,0.0,0.0,0.0,,0.0
2,5,2.0,1,16.49,24.72,23.86,0.0,0.0,0.0,0.0,,0.0
2,6,2.0,1,16.09,23.39,22.63,0.0,0.0,0.0,-0.0,,0.0
2,7,2.0,1,15.86,22.29,21.62,0.0,74.06,0.0,-0.0,,0.0
2,8,2.0,1,16.66,25.4,25.0,0.0,7604.9,0.0,0.0,,0.0
2,9,2.0,1,18.74,28.76,26.78,-5737.38,18358.79,0.0,0.0,,-177.85878
2,10,2.0,1,21.03,32.59,26.78,-18784.66,29358.87,0.0,-5050.73,,-738.8970899999999
2,11,2.0,1,23.62,36.39,26.78,-30854.39,37780.45,0.0,-12283.46,,-1337.27335
2,12,2.0,1,25.97,38.73,26.78,-37582.26,38328.45,0.0,-14307.76,,-1608.5906200000002
2,13,2.0,1,27.91,41.0,26.78,-44283.57,40111.4,0.0,-15113.92,,-1841.3221899999999
2,14,2.0,1,28.99,41.79,26.78,-45775.25,37062.42,0.0,-13116.89,,-1825.65634
2,15,2.0,1,29.23,51.43,34.96,-50000.0,85544.05,0.0,-7876.02,,-1794.1566200000002
2,16,2.0,1,28.7,65.9,49.13,-50000.0,158004.69,0.0,0.0,,-1550.0
2,17,2.0,1,28.02,77.67,60.71,-50000.0,211447.56,58.87,0.0,,-1548.17503
2,18,2.0,1,26.72,85.53,68.41,-50000.0,244578.95,12032.68,0.0,,-1176.9869199999998
2,19,2.0,1,24.92,109.27,104.46,0.0,237092.99,0.0,0.0,,0.0
2,20,2.0,1,22.39,98.06,95.14,0.0,178700.48,0.0,0.0,,0.0
2,21,2.0,1,20.31,48.12,45.73,0.0,0.0,0.0,-0.0,,0.0
2,22,2.0,1,19.23,40.15,38.08,0.0,0.0,0.0,-0.0,,0.0
2,23,2.0,1,18.39,36.33,34.51,0.0,0.0,0.0,0.0,,0.0
2,24,2.0,1,17.65,33.43,31.83,0.0,0.0,0.0,0.0,,0.0
2,1,3.0,1,17.42,31.18,29.77,0.0,0.0,0.0,0.0,,0.0
2,2,3.0,1,17.05,29.15,27.91,0.0,0.0,0.0,0.0,,0.0
2,3,3.0,1,16.8,27.4,26.3,0.0,0.0,0.0,0.0,,0.0
2,4,3.0,1,16.53,25.84,24.87,0.0,0.0,0.0,0.0,,0.0
2,5,3.0,1,16.21,24.42,23.56,0.0,0.0,0.0,0.0,,0.0
2,6,3.0,1,15.8,23.08,22.33,0.0,0.0,0.0,-0.0,,0.0
2,7,3.0,1,15.56,21.98,21.31,0.0,74.06,0.0,-0.0,,0.0
2,8,3.0,1,16.19,29.93,29.34,0.0,7604.9,0.0,0.0,,0.0
2,9,3.0,1,18.12,34.7,34.18,0.0,18358.79,0.0,0.0,,0.0
2,10,3.0,1,20.74,39.88,39.42,0.0,29358.87,0.0,0.0,,0.0
2,11,3.0,1,23.03,44.52,44.12,0.0,37780.45,0.0,0.0,,0.0
2,12,3.0,1,25.35,47.18,46.82,0.0,38328.45,0.0,0.0,,0.0
2,13,3.0,1,27.36,49.87,49.55,0.0,40111.4,0.0,0.0,,0.0
2,14,3.0,1,28.58,50.81,50.52,0.0,37062.42,0.0,0.0,,0.0
2,15,3.0,1,28.97,65.22,64.97,0.0,85544.05,0.0,0.0,,0.0
2,16,3.0,1,28.68,88.06,87.84,0.0,158004.69,0.0,0.0,,0.0
2,17,3.0,1,28.1,107.64,107.44,0.0,211447.56,0.0,-0.0,,0.0
2,18,3.0,1,26.91,121.72,121.55,0.0,244578.95,0.0,-0.0,,0.0
2,19,3.0,1,25.01,117.45,117.3,0.0,237092.99,0.0,-0.0,,0.0
2,20,3.0,1,22.47,102.23,102.1,0.0,178700.48,0.0,0.0,,0.0
2,21,3.0,1,20.78,51.6,51.48,0.0,0.0,0.0,-0.0,,0.0
2,22,3.0,1,19.72,43.23,43.13,0.0,0.0,0.0,-0.0,,0.0
2,23,3.0,1,18.91,39.11,39.02,0.0,0.0,0.0,0.0,,0.0
2,24,3.0,1,18.23,35.97,35.89,0.0,0.0,0.0,0.0,,0.0
2,1,4.0,1,17.59,33.26,33.19,0.0,0.0,0.0,0.0,,0.0
2,2,4.0,1,17.04,30.89,30.83,0.0,0.0,0.0,0.0,,0.0
2,3,4.0,1,16.61,28.83,28.77,0.0,0.0,0.0,0.0,,0.0
2,4,4.0,1,16.29,27.04,26.99,0.0,0.0,0.0,0.0,,0.0
2,5,4.0,1,15.96,25.44,25.39,0.0,0.0,0.0,0.0,,0.0
2,6,4.0,1,15.61,23.98,23.94,0.0,0.0,0.0,0.0,,0.0
2,7,4.0,1,15.78,22.98,22.94,0.0,74.06,0.0,-0.0,,0.0
2,8,4.0,1,16.86,31.1,31.07,0.0,7604.9,0.0,0.0,,0.0
2,9,4.0,1,19.06,35.98,35.95,0.0,18358.79,0.0,0.0,,0.0
2,10,4.0,1,21.36,40.96,40.93,0.0,29358.87,0.0,0.0,,0.0
2,11,4.0,1,23.97,45.72,45.7,0.0,37780.45,0.0,0.0,,0.0
2,12,4.0,1,25.87,48.13,48.11,0.0,38328.45,0.0,0.0,,0.0
2,13,4.0,1,27.49,50.54,50.52,0.0,40111.4,0.0,0.0,,0.0
2,14,4.0,1,28.53,51.31,51.29,0.0,37062.42,0.0,0.0,,0.0
2,15,4.0,1,28.93,65.65,65.64,0.0,85544.05,0.0,0.0,,0.0
2,16,4.0,1,28.72,88.48,88.47,0.0,158004.69,0.0,0.0,,0.0
2,17,4.0,1,28.07,107.98,107.97,0.0,211447.56,0.0,-0.0,,0.0
2,18,4.0,1,26.91,122.03,122.02,0.0,244578.95,0.0,-0.0,,0.0
2,19,4.0,1,25.38,117.93,117.92,0.0,237092.99,0.0,-0.0,,0.0
2,20,4.0,1,22.96,102.77,102.77,0.0,178700.48,0.0,0.0,,0.0
2,21,4.0,1,21.13,52.07,52.06,0.0,0.0,0.0,-0.0,,0.0
2,22,4.0,1,20.06,43.68,43.67,0.0,0.0,0.0,-0.0,,0.0
2,23,4.0,1,19.48,39.67,39.66,0.0,0.0,0.0,0.0,,0.0
2,24,4.0,1,18.84,36.57,36.56,0.0,0.0,0.0,0.0,,0.0
2,1,5.0,1,18.33,33.94,33.93,0.0,0.0,0.0,0.0,,0.0
2,2,5.0,1,17.96,31.68,31.67,0.0,0.0,0.0,0.0,,0.0
2,3,5.0,1,17.68,29.72,29.72,0.0,0.0,0.0,0.0,,0.0
2,4,5.0,1,17.43,28.0,28.0,0.0,0.0,0.0,0.0,,0.0
2,5,5.0,1,17.04,26.39,26.39,0.0,0.0,0.0,0.0,,0.0
2,6,5.0,1,16.74,24.98,24.98,0.0,0.0,0.0,0.0,,0.0
2,7,5.0,1,17.06,24.07,24.07,0.0,74.06,0.0,-0.0,,0.0
2,8,5.0,1,18.04,27.1,26.78,-1110.99,7604.9,0.0,0.0,,-34.440690000000004
2,9,5.0,1,19.95,30.29,26.78,-12199.4,18358.79,0.0,-2859.06,,-466.8122599999999
2,10,5.0,1,22.59,34.32,26.78,-25261.58,29358.87,0.0,-10454.5,,-1107.19848
2,11,5.0,1,25.11,38.06,26.78,-36830.27,37780.45,0.0,-16186.99,,-1643.53506
2,12,5.0,1,27.16,40.17,26.78,-42543.88,38328.45,0.0,-15673.24,,-1804.7307199999998
2,13,5.0,1,28.44,41.94,26.78,-47411.51,40111.4,0.0,-10707.54,,-1801.69055
2,14,5.0,1,29.08,42.36,26.78,-47595.03,37062.42,0.0,-13162.25,,-1883.47568
2,15,5.0,1,28.9,51.63,35.13,-50000.0,85544.05,0.0,-4133.95,,-1678.15245
2,16,5.0,1,28.43,66.05,49.29,-50000.0,158004.69,0.0,0.0,,-1550.0
2,17,5.0,1,27.75,77.77,60.82,-50000.0,211447.56,0.0,0.0,,-1550.0
2,18,5.0,1,26.32,85.48,68.37,-50000.0,244578.95,13912.56,0.0,,-1118.7106400000002
2,19,5.0,1,24.37,109.23,104.42,0.0,237092.99,0.0,0.0,,0.0
2,20,5.0,1,21.86,97.98,95.07,0.0,178700.48,0.0,0.0,,0.0
2,21,5.0,1,20.08,48.15,45.77,0.0,0.0,0.0,-0.0,,0.0
2,22,5.0,1,18.96,40.14,38.07,0.0,0.0,0.0,-0.0,,0.0
2,23,5.0,1,18.18,36.32,34.5,0.0,0.0,0.0,0.0,,0.0
2,24,5.0,1,17.92,33.66,32.06,0.0,0.0,0.0,0.0,,0.0
2,1,6.0,1,17.52,31.34,29.93,0.0,0.0,0.0,0.0,,0.0
2,2,6.0,1,17.11,29.28,28.04,0.0,0.0,0.0,0.0,,0.0
2,3,6.0,1,16.87,27.53,26.44,0.0,0.0,0.0,0.0,,0.0
2,4,6.0,1,16.65,25.99,25.02,0.0,0.0,0.0,0.0,,0.0
2,5,6.0,1,16.37,24.59,23.74,0.0,0.0,0.0,-0.0,,0.0
2,6,6.0,1,16.17,23.37,22.62,0.0,0.0,0.0,-0.0,,0.0
2,7,6.0,1,16.1,22.38,21.71,0.0,74.06,0.0,-0.0,,0.0
2,8,6.0,1,16.88,25.54,25.13,0.0,7604.9,0.0,0.0,,0.0
2,9,6.0,1,18.56,28.64,26.78,-5307.46,18358.79,0.0,0.0,,-164.53126
2,10,6.0,1,20.5,32.21,26.78,-17486.97,29358.87,0.0,-6170.86,,-733.3927300000001
2,11,6.0,1,23.31,36.13,26.78,-30083.59,37780.45,0.0,-12504.02,,-1320.21591
2,12,6.0,1,24.93,37.96,26.78,-35019.02,38328.45,0.0,-9585.68,,-1382.7457
2,13,6.0,1,26.04,39.6,26.78,-39677.02,40111.4,0.0,-6526.31,,-1432.3032299999998
2,14,6.0,1,26.98,40.2,26.78,-40759.05,37062.42,0.0,-10059.61,,-1575.3784600000001
2,15,6.0,1,27.08,49.68,33.41,-50000.0,85544.05,0.0,-3326.98,,-1653.1363800000001
2,16,6.0,1,27.03,64.42,47.75,-50000.0,158004.69,0.0,0.0,,-1550.0
2,17,6.0,1,26.43,76.24,59.36,-50000.0,211447.56,0.0,0.0,,-1550.0
2,18,6.0,1,24.8,83.84,66.78,-50000.0,244578.95,15850.6,0.0,,-1058.6314000000002
2,19,6.0,1,22.34,107.27,102.53,0.0,237092.99,0.0,0.0,,0.0
2,20,6.0,1,19.88,96.01,93.17,0.0,178700.48,0.0,0.0,,0.0
2,21,6.0,1,18.58,46.44,44.12,0.0,0.0,0.0,-0.0,,0.0
2,22,6.0,1,17.19,38.32,36.31,0.0,0.0,0.0,-0.0,,0.0
2,23,6.0,1,16.31,34.45,32.68,0.0,0.0,0.0,0.0,,0.0
2,24,6.0,1,16.21,31.87,30.31,0.0,0.0,0.0,0.0,,0.0
2,1,7.0,1,15.69,29.5,28.13,0.0,0.0,0.0,0.0,,0.0
2,2,7.0,1,15.63,27.63,26.42,0.0,0.0,0.0,0.0,,0.0
2,3,7.0,1,15.71,26.08,25.01,0.0,0.0,0.0,0.0,,0.0
2,4,7.0,1,15.52,24.6,23.66,0.0,0.0,0.0,0.0,,0.0
2,5,7.0,1,15.48,23.37,22.54,0.0,0.0,0.0,-0.0,,0.0
2,6,7.0,1,15.34,22.24,21.5,0.0,0.0,0.0,-0.0,,0.0
2,7,7.0,1,15.44,21.38,20.73,0.0,74.06,0.0,-0.0,,0.0
2,8,7.0,1,16.28,24.72,24.33,0.0,7604.9,0.0,0.0,,0.0
2,9,7.0,1,18.36,28.13,26.78,-3562.79,18358.79,0.0,0.0,,-110.44649000000001
2,10,7.0,1,20.94,32.2,26.78,-17629.3,29358.87,0.0,-9472.82,,-840.16572
2,11,7.0,1,23.38,35.94,26.78,-29496.04,37780.45,0.0,-15143.39,,-1383.82233
2,12,7.0,1,25.48,38.14,26.78,-35724.67,38328.45,0.0,-15159.23,,-1577.4008999999999
2,13,7.0,1,27.32,40.34,26.78,-42275.45,40111.4,0.0,-9691.71,,-1610.98196
2,14,7.0,1,28.41,41.15,26.78,-43865.86,37062.42,0.0,-12239.76,,-1739.27422
2,15,7.0,1,28.65,50.79,34.43,-50000.0,85544.05,0.0,-4739.45,,-1696.92295
2,16,7.0,1,28.3,65.4,48.69,-50000.0,158004.69,0.0,0.0,,-1550.0
2,17,7.0,1,27.62,77.19,60.28,-50000.0,211447.56,1622.93,0.0,,-1499.6891699999999
2,18,7.0,1,26.44,85.14,68.06,-50000.0,244578.95,10691.53,0.0,,-1218.56257
2,19,7.0,1,24.45,108.76,104.0,0.0,237092.99,0.0,0.0,,0.0
2,20,7.0,1,21.67,97.41,94.54,0.0,178700.48,0.0,0.0,,0.0
2,21,7.0,1,19.66,47.49,45.14,0.0,0.0,0.0,-0.0,,0.0
2,22,7.0,1,18.38,39.4,37.37,0.0,0.0,0.0,-0.0,,0.0
2,23,7.0,1,17.59,35.59,33.8,0.0,0.0,0.0,0.0,,0.0
2,24,7.0,1,17.05,32.8,31.22,0.0,0.0,0.0,0.0,,0.0
2,1,1.0,1,16.37,30.31,28.93,0.0,0.0,0.0,0.0,,0.0
2,2,1.0,1,16.08,28.28,27.06,0.0,0.0,0.0,0.0,,0.0
2,3,1.0,1,15.79,26.5,25.42,0.0,0.0,0.0,0.0,,0.0
2,4,1.0,1,15.58,24.96,24.01,0.0,0.0,0.0,-0.0,,0.0
2,5,1.0,1,15.33,23.57,22.73,0.0,0.0,0.0,-0.0,,0.0
2,6,1.0,1,15.01,22.28,21.54,0.0,0.0,0.0,-0.0,,0.0
2,7,1.0,1,15.07,21.34,20.69,0.0,74.06,0.0,-0.0,,0.0
2,8,1.0,1,15.86,24.52,24.12,0.0,7604.9,0.0,0.0,,0.0
2,9,1.0,1,17.71,27.73,26.78,-2153.14,18358.79,0.0,0.0,,-66.74734
2,10,1.0,1,20.5,31.9,26.78,-16725.1,29358.87,0.0,-7438.96,,-749.0858599999999
2,11,1.0,1,23.17,35.79,26.78,-29082.63,37780.45,0.0,-13265.4,,-1312.78893
2,12,1.0,1,25.41,38.08,26.78,-35629.85,38328.45,0.0,-14198.04,,-1544.66459
2,13,1.0,1,27.28,40.31,26.78,-42225.48,40111.4,0.0,-11578.31,,-1667.91749
2,14,1.0,1,28.32,41.08,26.78,-43675.97,37062.42,0.0,-12366.79,,-1737.32556
2,15,1.0,1,28.72,50.83,34.49,-50000.0,85544.05,0.0,-4731.6,,-1696.6796
2,16,1.0,1,28.55,65.57,48.87,-50000.0,158004.69,0.0,0.0,,-1550.0
2,17,1.0,1,28.02,77.48,60.58,-50000.0,211447.56,2339.46,0.0,,-1477.47674
2,18,1.0,1,26.64,85.31,68.23,-50000.0,244578.95,12175.95,0.0,,-1172.54555
2,19,1.0,1,24.88,109.04,104.29,0.0,237092.99,0.0,0.0,,0.0
2,20,1.0,1,22.38,97.87,95.01,0.0,178700.48,0.0,0.0,,0.0
2,21,1.0,1,20.6,48.11,45.77,0.0,0.0,0.0,-0.0,,0.0
2,22,1.0,1,19.24,40.04,38.01,0.0,0.0,0.0,-0.0,,0.0
2,23,1.0,1,18.23,36.13,34.35,0.0,0.0,0.0,0.0,,0.0
2,24,1.0,1,18.0,33.51,31.94,0.0,0.0,0.0,0.0,,0.0
2,1,2.0,1,17.63,31.23,29.85,0.0,0.0,0.0,0.0,,0.0
2,2,2.0,1,17.3,29.24,28.02,0.0,0.0,0.0,0.0,,0.0
2,3,2.0,1,17.08,27.53,26.46,0.0,0.0,0.0,0.0,,0.0
2,4,2.0,1,16.78,25.97,25.03,0.0,0.0,0.0,-0.0,,0.0
2,5,2.0,1,16.56,24.62,23.78,0.0,0.0,0.0,-0.0,,0.0
2,6,2.0,1,16.33,23.4,22.67,0.0,0.0,0.0,-0.0,,0.0
2,7,2.0,1,16.72,22.68,22.03,0.0,74.06,0.0,-0.0,,0.0
2,8,2.0,1,17.81,26.19,25.79,0.0,7604.9,0.0,0.0,,0.0
2,9,2.0,1,19.95,29.66,26.78,-8906.02,18358.79,0.0,-1872.75,,-334.14187
2,10,2.0,1,22.61,33.79,26.78,-22726.22,29358.87,0.0,-13994.04,,-1138.32806
2,11,2.0,1,24.92,37.46,26.78,-34193.79,37780.45,0.0,-19312.96,,-1658.70925
2,12,2.0,1,26.85,39.54,26.78,-39937.8,38328.45,0.0,-19135.91,,-1831.2850100000003
2,13,2.0,1,28.28,41.44,26.78,-45423.33,40111.4,0.0,-12081.65,,-1782.6543800000002
2,14,2.0,1,28.96,41.94,26.78,-45945.29,37062.42,0.0,-14735.61,,-1881.1079000000002
2,15,2.0,1,29.14,51.5,34.96,-50000.0,85544.05,0.0,-5546.53,,-1721.9424299999998
2,16,2.0,1,28.86,66.11,49.29,-50000.0,158004.69,0.0,0.0,,-1550.0
2,17,2.0,1,28.19,77.9,60.89,-50000.0,211447.56,344.78,0.0,,-1539.3118200000001
2,18,2.0,1,27.16,85.93,68.76,-50000.0,244578.95,10432.61,0.0,,-1226.5890900000002
2,19,2.0,1,25.58,109.79,104.93,0.0,237092.99,0.0,0.0,,0.0
2,20,2.0,1,22.94,98.55,95.58,0.0,178700.48,0.0,0.0,,0.0
2,21,2.0,1,21.16,48.78,46.35,0.0,0.0,0.0,-0.0,,0.0
2,22,2.0,1,19.94,40.76,38.65,0.0,0.0,0.0,-0.0,,0.0
2,23,2.0,1,19.07,36.93,35.08,0.0,0.0,0.0,0.0,,0.0
2,24,2.0,1,18.59,34.19,32.56,0.0,0.0,0.0,0.0,,0.0
2,1,3.0,1,18.11,31.83,30.4,0.0,0.0,0.0,0.0,,0.0
2,2,3.0,1,17.85,29.86,28.59,0.0,0.0,0.0,0.0,,0.0
2,3,3.0,1,17.64,28.15,27.03,0.0,0.0,0.0,0.0,,0.0
2,4,3.0,1,17.48,26.66,25.67,0.0,0.0,0.0,-0.0,,0.0
2,5,3.0,1,17.12,25.23,24.36,0.0,0.0,0.0,-0.0,,0.0
2,6,3.0,1,16.51,23.8,23.03,0.0,0.0,0.0,-0.0,,0.0
2,7,3.0,1,16.41,22.77,22.09,0.0,74.06,0.0,-0.0,,0.0
2,8,3.0,1,17.11,30.77,30.17,0.0,7604.9,0.0,0.0,,0.0
2,9,3.0,1,18.74,35.39,34.86,0.0,18358.79,0.0,0.0,,0.0
2,10,3.0,1,21.34,40.54,40.07,0.0,29358.87,0.0,0.0,,0.0
2,11,3.0,1,23.99,45.37,44.95,0.0,37780.45,0.0,0.0,,0.0
2,12,3.0,1,26.57,48.19,47.83,0.0,38328.45,0.0,0.0,,0.0
2,13,3.0,1,28.65,50.95,50.63,0.0,40111.4,0.0,0.0,,0.0
2,14,3.0,1,29.84,51.91,51.62,0.0,37062.42,0.0,0.0,,0.0
2,15,3.0,1,30.36,66.41,66.16,0.0,85544.05,0.0,0.0,,0.0
2,16,3.0,1,30.01,89.25,89.03,0.0,158004.69,0.0,0.0,,0.0
2,17,3.0,1,29.44,108.85,108.65,0.0,211447.56,0.0,-0.0,,0.0
2,18,3.0,1,28.27,122.96,122.78,0.0,244578.95,0.0,-0.0,,0.0
2,19,3.0,1,26.42,118.73,118.57,0.0,237092.99,0.0,-0.0,,0.0
2,20,3.0,1,23.61,103.38,103.24,0.0,178700.48,0.0,0.0,,0.0
2,21,3.0,1,21.74,52.65,52.52,0.0,0.0,0.0,-0.0,,0.0
2,22,3.0,1,20.35,44.08,43.97,0.0,0.0,0.0,-0.0,,0.0
2,23,3.0,1,19.41,39.85,39.75,0.0,0.0,0.0,0.0,,0.0
2,24,3.0,1,18.65,36.63,36.54,0.0,0.0,0.0,0.0,,0.0
2,1,4.0,1,17.93,33.84,33.76,0.0,0.0,0.0,0.0,,0.0
2,2,4.0,1,17.49,31.5,31.43,0.0,0.0,0.0,0.0,,0.0
2,3,4.0,1,17.15,29.47,29.41,0.0,0.0,0.0,0.0,,0.0
2,4,4.0,1,16.73,27.61,27.56,0.0,0.0,0.0,0.0,,0.0
2,5,4.0,1,16.08,25.82,25.77,0.0,0.0,0.0,0.0,,0.0
2,6,4.0,1,15.4,24.14,24.1,0.0,0.0,0.0,-0.0,,0.0
2,7,4.0,1,15.22,22.88,22.84,0.0,74.06,0.0,-0.0,,0.0
2,8,4.0,1,16.07,30.81,30.78,0.0,7604.9,0.0,0.0,,0.0
2,9,4.0,1,18.09,35.51,35.48,0.0,18358.79,0.0,0.0,,0.0
2,10,4.0,1,21.18,40.86,40.83,0.0,29358.87,0.0,0.0,,0.0
2,11,4.0,1,23.92,45.7,45.67,0.0,37780.45,0.0,0.0,,0.0
2,12,4.0,1,26.47,48.48,48.45,0.0,38328.45,0.0,0.0,,0.0
2,13,4.0,1,28.54,51.18,51.17,0.0,40111.4,0.0,0.0,,0.0
2,14,4.0,1,30.03,52.26,52.25,0.0,37062.42,0.0,0.0,,0.0
2,15,4.0,1,30.65,66.82,66.8,0.0,85544.05,0.0,0.0,,0.0
2,16,4.0,1,30.01,89.5,89.48,0.0,158004.69,0.0,0.0,,0.0
2,17,4.0,1,28.83,108.72,108.71,0.0,211447.56,0.0,-0.0,,0.0
2,18,4.0,1,27.33,122.58,122.57,0.0,244578.95,0.0,-0.0,,0.0
2,19,4.0,1,25.62,118.34,118.34,0.0,237092.99,0.0,-0.0,,0.0
2,20,4.0,1,23.12,103.12,103.11,0.0,178700.48,0.0,0.0,,0.0
2,21,4.0,1,21.12,52.29,52.28,0.0,0.0,0.0,-0.0,,0.0
2,22,4.0,1,19.89,43.78,43.77,0.0,0.0,0.0,-0.0,,0.0
2,23,4.0,1,19.19,39.66,39.66,0.0,0.0,0.0,0.0,,0.0
2,24,4.0,1,18.33,36.4,36.39,0.0,0.0,0.0,0.0,,0.0
2,1,5.0,1,17.91,33.76,33.76,0.0,0.0,0.0,0.0,,0.0
2,2,5.0,1,17.68,31.55,31.55,0.0,0.0,0.0,0.0,,0.0
2,3,5.0,1,17.39,29.57,29.57,0.0,0.0,0.0,0.0,,0.0
2,4,5.0,1,16.99,27.75,27.75,0.0,0.0,0.0,0.0,,0.0
2,5,5.0,1,16.6,26.12,26.11,0.0,0.0,0.0,0.0,,0.0
2,6,5.0,1,16.03,24.54,24.54,0.0,0.0,0.0,-0.0,,0.0
2,7,5.0,1,15.74,23.26,23.25,0.0,74.06,0.0,-0.0,,0.0
2,8,5.0,1,16.93,26.21,26.21,0.0,7604.9,0.0,0.0,,0.0
2,9,5.0,1,19.15,29.59,26.78,-9841.31,18358.79,0.0,-3122.98,,-401.89299
2,10,5.0,1,21.8,33.62,26.78,-23050.49,29358.87,0.0,-10620.49,,-1043.8003800000001
2,11,5.0,1,24.33,37.36,26.78,-34656.22,37780.45,0.0,-15282.8,,-1548.1096200000002
2,12,5.0,1,26.65,39.64,26.78,-41018.61,38328.45,0.0,-15007.87,,-1736.8208800000002
2,13,5.0,1,28.47,41.8,26.78,-47204.65,40111.4,0.0,-9835.26,,-1768.2372100000002
2,14,5.0,1,29.69,42.66,26.78,-48840.79,37062.42,0.0,-16721.3,,-2032.4247899999998
2,15,5.0,1,30.21,52.48,35.98,-50000.0,85544.05,0.0,-2424.03,,-1625.14493
2,16,5.0,1,29.92,67.11,50.37,-50000.0,158004.69,0.0,0.0,,-1550.0
2,17,5.0,1,29.08,78.78,61.85,-50000.0,211447.56,1384.11,0.0,,-1507.09259
2,18,5.0,1,27.78,86.63,69.53,-50000.0,244578.95,11238.92,0.0,,-1201.59348
2,19,5.0,1,25.78,110.28,105.5,0.0,237092.99,0.0,0.0,,0.0
2,20,5.0,1,23.02,98.92,96.04,0.0,178700.48,0.0,0.0,,0.0
2,21,5.0,1,21.23,49.1,46.74,0.0,0.0,0.0,-0.0,,0.0
2,22,5.0,1,20.1,41.11,39.06,0.0,0.0,0.0,-0.0,,0.0
2,23,5.0,1,19.53,37.43,35.63,0.0,0.0,0.0,0.0,,0.0
2,24,5.0,1,18.86,34.58,33.0,0.0,0.0,0.0,0.0,,0.0
2,1,6.0,1,18.5,32.27,30.88,0.0,0.0,0.0,0.0,,0.0
2,2,6.0,1,18.08,30.21,28.98,0.0,0.0,0.0,0.0,,0.0
2,3,6.0,1,17.71,28.39,27.31,0.0,0.0,0.0,0.0,,0.0
2,4,6.0,1,17.43,26.81,25.86,0.0,0.0,0.0,-0.0,,0.0
2,5,6.0,1,17.03,25.33,24.49,0.0,0.0,0.0,-0.0,,0.0
2,6,6.0,1,16.72,24.04,23.3,0.0,0.0,0.0,-0.0,,0.0
2,7,6.0,1,16.52,22.95,22.3,0.0,74.06,0.0,-0.0,,0.0
2,8,6.0,1,17.51,26.2,25.8,0.0,7604.9,0.0,0.0,,0.0
2,9,6.0,1,19.66,29.62,26.78,-8761.45,18358.79,0.0,-3014.68,,-365.06003000000004
2,10,6.0,1,22.21,33.64,26.78,-22189.06,29358.87,0.0,-9511.96,,-982.73162
2,11,6.0,1,24.65,37.36,26.78,-33881.51,37780.45,0.0,-12626.32,,-1441.74273
2,12,6.0,1,26.83,39.59,26.78,-40169.44,38328.45,0.0,-12404.45,,-1629.79059
2,13,6.0,1,28.54,41.69,26.78,-46294.38,40111.4,0.0,-8916.53,,-1711.53821
2,14,6.0,1,29.52,42.4,26.78,-47494.81,37062.42,0.0,-16140.97,,-1972.7091799999998
2,15,6.0,1,29.85,52.09,35.51,-50000.0,85544.05,0.0,-1285.1,,-1589.8381
2,16,6.0,1,29.52,66.69,49.86,-50000.0,158004.69,0.0,0.0,,-1550.0
2,17,6.0,1,28.61,78.31,61.3,-50000.0,211447.56,1133.69,0.0,,-1514.8556099999998
2,18,6.0,1,27.39,86.21,69.04,-50000.0,244578.95,10903.87,0.0,,-1211.98003
2,19,6.0,1,25.62,109.98,105.1,0.0,237092.99,0.0,0.0,,0.0
2,20,6.0,1,23.09,98.77,95.79,0.0,178700.48,0.0,0.0,,0.0
2,21,6.0,1,21.14,48.9,46.46,0.0,0.0,0.0,-0.0,,0.0
2,22,6.0,1,19.85,40.82,38.7,0.0,0.0,0.0,-0.0,,0.0
2,23,6.0,1,19.16,37.07,35.21,0.0,0.0,0.0,0.0,,0.0
2,24,6.0,1,18.26,34.1,32.46,0.0,0.0,0.0,0.0,,0.0
2,1,7.0,1,17.54,31.57,30.12,0.0,0.0,0.0,0.0,,0.0
2,2,7.0,1,17.08,29.44,28.17,0.0,0.0,0.0,0.0,,0.0
2,3,7.0,1,16.71,27.58,26.46,0.0,0.0,0.0,0.0,,0.0
2,4,7.0,1,16.35,25.94,24.95,0.0,0.0,0.0,-0.0,,0.0
2,5,7.0,1,15.84,24.37,23.5,0.0,0.0,0.0,-0.0,,0.0
2,6,7.0,1,15.42,22.98,22.21,0.0,0.0,0.0,-0.0,,0.0
2,7,7.0,1,15.75,22.15,21.47,0.0,74.06,0.0,-0.0,,0.0
2,8,7.0,1,16.89,25.53,25.11,0.0,7604.9,0.0,0.0,,0.0
2,9,7.0,1,19.17,29.05,26.78,-6720.48,18358.79,0.0,-1030.5,,-240.28037999999998
2,10,7.0,1,22.12,33.36,26.78,-21377.82,29358.87,0.0,-9504.61,,-957.35533
2,11,7.0,1,24.51,37.08,26.78,-33010.98,37780.45,0.0,-13381.96,,-1438.1811400000001
2,12,7.0,1,27.0,39.55,26.78,-40140.96,38328.45,0.0,-14605.94,,-1697.1539000000002
2,13,7.0,1,29.01,41.9,26.78,-47057.22,40111.4,0.0,-9533.09,,-1754.2996099999998
2,14,7.0,1,30.17,42.78,26.78,-48791.63,37062.42,0.0,-17414.87,,-2052.4015
2,15,7.0,1,30.52,52.52,35.91,-50000.0,85544.05,0.0,-2701.28,,-1633.73968
2,16,7.0,1,29.83,66.91,50.06,-50000.0,158004.69,0.0,0.0,,-1550.0
2,17,7.0,1,28.77,78.43,61.41,-50000.0,211447.56,130.7,0.0,,-1545.9483
2,18,7.0,1,27.28,86.14,68.96,-50000.0,244578.95,11683.06,0.0,,-1187.8251400000001
2,19,7.0,1,25.27,109.78,104.9,0.0,237092.99,0.0,0.0,,0.0
2,20,7.0,1,22.69,98.52,95.54,0.0,178700.48,0.0,0.0,,0.0
2,21,7.0,1,21.03,48.78,46.34,0.0,0.0,0.0,-0.0,,0.0
2,22,7.0,1,19.68,40.68,38.56,0.0,0.0,0.0,-0.0,,0.0
2,23,7.0,1,18.82,36.83,34.97,0.0,0.0,0.0,0.0,,0.0
2,24,7.0,1,18.12,33.95,32.31,0.0,0.0,0.0,0.0,,0.0
2,1,1.0,2,17.55,31.51,30.06,0.0,0.0,0.0,0.0,,0.0
2,2,1.0,2,16.93,29.3,28.03,0.0,0.0,0.0,0.0,,0.0
2,3,1.0,2,16.73,27.54,26.41,0.0,0.0,0.0,0.0,,0.0
2,4,1.0,2,16.49,25.97,24.98,0.0,0.0,0.0,-0.0,,0.0
2,5,1.0,2,16.02,24.44,23.56,0.0,0.0,0.0,-0.0,,0.0
2,6,1.0,2,15.33,22.92,22.15,0.0,0.0,0.0,-0.0,,0.0
2,7,1.0,2,14.96,21.68,20.99,0.0,0.0,0.0,-0.0,,0.0
2,8,1.0,2,15.9,23.78,23.36,0.0,2268.49,0.0,-578.19,,-16.189320000000002
2,9,1.0,2,17.83,27.37,26.91,-390.23,15519.18,0.0,0.0,,-10.926440000000001
2,10,1.0,2,20.26,30.9,26.91,-12865.38,24594.68,0.0,-4170.54,,-477.00575999999995
2,11,1.0,2,22.61,34.23,26.91,-23507.51,31706.97,0.0,-9069.2,,-912.14788
2,12,1.0,2,24.83,36.89,26.91,-31627.98,34922.85,0.0,-11035.46,,-1194.5763200000001
2,13,1.0,2,26.59,38.85,26.91,-37262.5,35707.77,0.0,-9583.58,,-1311.69024
2,14,1.0,2,28.11,40.66,26.91,-42505.61,36703.92,0.0,-12571.2,,-1542.15068
2,15,1.0,2,28.84,50.3,34.09,-50000.0,82871.47,0.0,-6980.94,,-1595.46632
2,16,1.0,2,28.52,65.21,48.61,-50000.0,156773.56,0.0,0.0,,-1400.0
2,17,1.0,2,27.84,78.04,61.22,-50000.0,215509.49,1055.22,0.0,,-1370.45384
2,18,1.0,2,26.57,86.32,69.32,-50000.0,250101.22,12825.34,0.0,,-1040.89048
2,19,1.0,2,24.62,111.42,106.75,0.0,245561.53,0.0,0.0,,0.0
2,20,1.0,2,21.82,71.38,68.6,0.0,82020.24,0.0,-0.0,,0.0
2,21,1.0,2,20.19,43.57,41.31,0.0,0.0,0.0,-0.0,,0.0
2,22,1.0,2,18.88,37.65,35.68,0.0,0.0,0.0,-0.0,,0.0
2,23,1.0,2,18.07,34.35,32.62,0.0,0.0,0.0,0.0,,0.0
2,24,1.0,2,17.74,31.92,30.41,0.0,0.0,0.0,0.0,,0.0
2,1,2.0,2,17.25,29.75,28.42,0.0,0.0,0.0,0.0,,0.0
2,2,2.0,2,16.98,27.93,26.75,0.0,0.0,0.0,0.0,,0.0
2,3,2.0,2,16.86,26.4,25.36,0.0,0.0,0.0,-0.0,,0.0
2,4,2.0,2,16.79,25.08,24.17,0.0,0.0,0.0,-0.0,,0.0
2,5,2.0,2,16.51,23.81,23.01,0.0,0.0,0.0,-0.0,,0.0
2,6,2.0,2,15.96,22.51,21.8,0.0,0.0,0.0,-0.0,,0.0
2,7,2.0,2,15.73,21.48,20.85,0.0,0.0,0.0,-0.0,,0.0
2,8,2.0,2,16.32,23.73,23.34,0.0,2268.49,0.0,-853.35,,-23.8938
2,9,2.0,2,17.74,27.03,26.71,0.0,15519.18,0.0,0.0,,0.0
2,10,2.0,2,20.3,30.67,26.91,-12180.49,24594.68,0.0,-5528.25,,-495.84472
2,11,2.0,2,23.14,34.38,26.91,-24176.16,31706.97,0.0,-12270.84,,-1020.516
2,12,2.0,2,25.9,37.48,26.91,-33729.07,34922.85,0.0,-14880.55,,-1361.06936
2,13,2.0,2,27.97,39.73,26.91,-40238.97,35707.77,0.0,-9387.02,,-1389.5277200000003
2,14,2.0,2,28.86,41.19,26.91,-44070.72,36703.92,0.0,-13806.56,,-1620.5638399999998
2,15,2.0,2,29.04,50.45,34.18,-50000.0,82871.47,0.0,-2999.67,,-1483.99076
2,16,2.0,2,28.62,65.28,48.66,-50000.0,156773.56,0.0,0.0,,-1400.0
2,17,2.0,2,27.96,78.12,61.28,-50000.0,215509.49,1915.52,0.0,,-1346.3654400000003
2,18,2.0,2,26.62,86.35,69.33,-50000.0,250101.22,13790.85,0.0,,-1013.8562000000001
2,19,2.0,2,24.63,111.43,106.74,0.0,245561.53,0.0,0.0,,0.0
2,20,2.0,2,21.75,71.35,68.55,0.0,82020.24,0.0,-0.0,,0.0
2,21,2.0,2,20.15,43.55,41.26,0.0,0.0,0.0,-0.0,,0.0
2,22,2.0,2,19.13,37.78,35.8,0.0,0.0,0.0,-0.0,,0.0
2,23,2.0,2,18.26,34.47,32.73,0.0,0.0,0.0,0.0,,0.0
2,24,2.0,2,17.59,31.87,30.33,0.0,0.0,0.0,0.0,,0.0
2,1,3.0,2,17.14,29.69,28.34,0.0,0.0,0.0,0.0,,0.0
2,2,3.0,2,16.98,27.92,26.73,0.0,0.0,0.0,0.0,,0.0
2,3,3.0,2,16.78,26.35,25.3,0.0,0.0,0.0,0.0,,0.0
2,4,3.0,2,16.71,25.03,24.1,0.0,0.0,0.0,-0.0,,0.0
2,5,3.0,2,16.5,23.79,22.97,0.0,0.0,0.0,-0.0,,0.0
2,6,3.0,2,16.18,22.62,21.9,0.0,0.0,0.0,-0.0,,0.0
2,7,3.0,2,16.14,21.71,21.08,0.0,0.0,0.0,-0.0,,0.0
2,8,3.0,2,17.32,28.62,28.05,0.0,2268.49,0.0,0.0,,0.0
2,9,3.0,2,19.45,34.06,33.57,0.0,15519.18,0.0,0.0,,0.0
2,10,3.0,2,21.86,38.7,38.26,0.0,24594.68,0.0,0.0,,0.0
2,11,3.0,2,24.06,42.9,42.51,0.0,31706.97,0.0,0.0,,0.0
2,12,3.0,2,26.04,46.06,45.72,0.0,34922.85,0.0,0.0,,0.0
2,13,3.0,2,27.68,48.35,48.05,0.0,35707.77,0.0,0.0,,0.0
2,14,3.0,2,28.74,50.3,50.03,0.0,36703.92,0.0,0.0,,0.0
2,15,3.0,2,29.21,64.3,64.06,0.0,82871.47,0.0,0.0,,0.0
2,16,3.0,2,28.86,87.5,87.28,0.0,156773.56,0.0,0.0,,0.0
2,17,3.0,2,28.18,108.55,108.37,0.0,215509.49,0.0,-0.0,,0.0
2,18,3.0,2,26.97,123.3,123.14,0.0,250101.22,0.0,-0.0,,0.0
2,19,3.0,2,24.83,119.9,119.76,0.0,245561.53,0.0,-0.0,,0.0
2,20,3.0,2,22.2,75.89,75.76,0.0,82020.24,0.0,0.0,,0.0
2,21,3.0,2,20.49,47.12,47.01,0.0,0.0,0.0,-0.0,,0.0
2,22,3.0,2,19.4,40.86,40.76,0.0,0.0,0.0,-0.0,,0.0
2,23,3.0,2,18.77,37.33,37.24,0.0,0.0,0.0,0.0,,0.0
2,24,3.0,2,17.96,34.37,34.29,0.0,0.0,0.0,0.0,,0.0
2,1,4.0,2,17.98,32.2,32.12,0.0,0.0,0.0,0.0,,0.0
2,2,4.0,2,17.75,30.2,30.14,0.0,0.0,0.0,0.0,,0.0
2,3,4.0,2,17.38,28.36,28.3,0.0,0.0,0.0,0.0,,0.0
2,4,4.0,2,17.02,26.7,26.65,0.0,0.0,0.0,0.0,,0.0
2,5,4.0,2,16.37,25.06,25.01,0.0,0.0,0.0,0.0,,0.0
2,6,4.0,2,15.61,23.47,23.43,0.0,0.0,0.0,0.0,,0.0
2,7,4.0,2,15.25,22.2,22.16,0.0,0.0,0.0,-0.0,,0.0
2,8,4.0,2,16.21,28.8,28.77,0.0,2268.49,0.0,0.0,,0.0
2,9,4.0,2,18.16,33.99,33.96,0.0,15519.18,0.0,0.0,,0.0
2,10,4.0,2,20.55,38.46,38.44,0.0,24594.68,0.0,0.0,,0.0
2,11,4.0,2,23.15,42.75,42.72,0.0,31706.97,0.0,0.0,,0.0
2,12,4.0,2,25.69,46.14,46.12,0.0,34922.85,0.0,0.0,,0.0
2,13,4.0,2,27.49,48.49,48.47,0.0,35707.77,0.0,0.0,,0.0
2,14,4.0,2,28.14,50.18,50.17,0.0,36703.92,0.0,0.0,,0.0
2,15,4.0,2,28.24,63.91,63.9,0.0,82871.47,0.0,0.0,,0.0
2,16,4.0,2,27.94,87.05,87.04,0.0,156773.56,0.0,0.0,,0.0
2,17,4.0,2,27.36,108.11,108.1,0.0,215509.49,0.0,-0.0,,0.0
2,18,4.0,2,26.04,122.76,122.75,0.0,250101.22,0.0,-0.0,,0.0
2,19,4.0,2,24.25,119.5,119.49,0.0,245561.53,0.0,-0.0,,0.0
2,20,4.0,2,21.39,75.35,75.34,0.0,82020.24,0.0,0.0,,0.0
2,21,4.0,2,19.54,46.48,46.47,0.0,0.0,0.0,-0.0,,0.0
2,22,4.0,2,18.46,40.18,40.17,0.0,0.0,0.0,-0.0,,0.0
2,23,4.0,2,17.78,36.59,36.58,0.0,0.0,0.0,0.0,,0.0
2,24,4.0,2,17.06,33.65,33.64,0.0,0.0,0.0,0.0,,0.0
2,1,5.0,2,16.82,31.31,31.31,0.0,0.0,0.0,0.0,,0.0
2,2,5.0,2,16.72,29.35,29.34,0.0,0.0,0.0,0.0,,0.0
2,3,5.0,2,16.5,27.57,27.56,0.0,0.0,0.0,0.0,,0.0
2,4,5.0,2,16.26,25.98,25.97,0.0,0.0,0.0,0.0,,0.0
2,5,5.0,2,15.86,24.47,24.47,0.0,0.0,0.0,0.0,,0.0
2,6,5.0,2,15.37,23.05,23.05,0.0,0.0,0.0,0.0,,0.0
2,7,5.0,2,15.15,21.88,21.88,0.0,0.0,0.0,-0.0,,0.0
2,8,5.0,2,16.2,24.07,24.07,0.0,2268.49,0.0,0.0,,0.0
2,9,5.0,2,17.91,27.51,26.91,-2100.8,15519.18,0.0,0.0,,-58.82240000000001
2,10,5.0,2,20.19,30.92,26.91,-13850.85,24594.68,0.0,-4419.21,,-511.56168
2,11,5.0,2,22.59,34.27,26.91,-24452.04,31706.97,0.0,-11641.0,,-1010.6051199999999
2,12,5.0,2,24.67,36.83,26.91,-32085.9,34922.85,0.0,-15066.62,,-1320.2705600000002
2,13,5.0,2,26.22,38.63,26.91,-37086.77,35707.77,0.0,-15412.1,,-1469.9683599999998
2,14,5.0,2,27.23,40.06,26.91,-40962.62,36703.92,0.0,-12686.93,,-1502.1874000000003
2,15,5.0,2,27.52,49.35,33.32,-50000.0,82871.47,0.0,-7129.43,,-1599.6240400000002
2,16,5.0,2,27.21,64.2,47.74,-50000.0,156773.56,0.0,0.0,,-1400.0
2,17,5.0,2,26.57,77.01,60.31,-50000.0,215509.49,1965.84,0.0,,-1344.95648
2,18,5.0,2,25.37,85.3,68.41,-50000.0,250101.22,14316.36,0.0,,-999.1419199999999
2,19,5.0,2,23.58,110.54,106.0,0.0,245561.53,0.0,0.0,,0.0
2,20,5.0,2,20.79,70.51,67.84,0.0,82020.24,0.0,-0.0,,0.0
2,21,5.0,2,18.93,42.56,40.39,0.0,0.0,0.0,-0.0,,0.0
2,22,5.0,2,17.85,36.72,34.85,0.0,0.0,0.0,-0.0,,0.0
2,23,5.0,2,17.16,33.48,31.84,0.0,0.0,0.0,0.0,,0.0
2,24,5.0,2,16.73,31.0,29.56,0.0,0.0,0.0,0.0,,0.0
2,1,6.0,2,16.57,29.0,27.73,0.0,0.0,0.0,0.0,,0.0
2,2,6.0,2,16.45,27.28,26.15,0.0,0.0,0.0,0.0,,0.0
2,3,6.0,2,16.25,25.72,24.74,0.0,0.0,0.0,0.0,,0.0
2,4,6.0,2,16.16,24.4,23.53,0.0,0.0,0.0,-0.0,,0.0
2,5,6.0,2,16.03,23.22,22.46,0.0,0.0,0.0,-0.0,,0.0
2,6,6.0,2,15.54,21.98,21.3,0.0,0.0,0.0,-0.0,,0.0
2,7,6.0,2,15.31,20.96,20.36,0.0,0.0,0.0,-0.0,,0.0
2,8,6.0,2,16.47,23.65,23.28,0.0,2268.49,0.0,-519.82,,-14.554960000000001
2,9,6.0,2,18.61,27.5,26.91,-985.38,15519.18,0.0,0.0,,-27.59064
2,10,6.0,2,20.87,31.0,26.91,-13318.89,24594.68,0.0,-6030.11,,-541.772
2,11,6.0,2,23.54,34.62,26.91,-24941.2,31706.97,0.0,-16061.45,,-1148.0742
2,12,6.0,2,25.44,37.14,26.91,-32453.54,34922.85,0.0,-19403.47,,-1451.99628
2,13,6.0,2,26.96,38.98,26.91,-37673.97,35707.77,0.0,-18531.04,,-1573.74028
2,14,6.0,2,27.8,40.34,26.91,-41367.02,36703.92,0.0,-13440.85,,-1534.62036
2,15,6.0,2,28.19,49.72,33.54,-50000.0,82871.47,0.0,-7360.68,,-1606.09904
2,16,6.0,2,27.9,64.63,48.05,-50000.0,156773.56,0.0,0.0,,-1400.0
2,17,6.0,2,27.04,77.33,60.52,-50000.0,215509.49,1772.0,0.0,,-1350.384
2,18,6.0,2,25.66,85.51,68.52,-50000.0,250101.22,13899.52,0.0,,-1010.8134399999999
2,19,6.0,2,23.54,110.53,105.88,0.0,245561.53,0.0,0.0,,0.0
2,20,6.0,2,20.72,70.46,67.69,0.0,82020.24,0.0,-0.0,,0.0
2,21,6.0,2,18.93,42.54,40.28,0.0,0.0,0.0,-0.0,,0.0
2,22,6.0,2,17.9,36.73,34.77,0.0,0.0,0.0,-0.0,,0.0
2,23,6.0,2,17.28,33.53,31.81,0.0,0.0,0.0,0.0,,0.0
2,24,6.0,2,16.67,30.96,29.45,0.0,0.0,0.0,0.0,,0.0
2,1,7.0,2,16.44,28.91,27.58,0.0,0.0,0.0,0.0,,0.0
2,2,7.0,2,16.27,27.15,25.98,0.0,0.0,0.0,0.0,,0.0
2,3,7.0,2,15.95,25.52,24.49,0.0,0.0,0.0,0.0,,0.0
2,4,7.0,2,15.78,24.14,23.23,0.0,0.0,0.0,0.0,,0.0
2,5,7.0,2,15.5,22.86,22.05,0.0,0.0,0.0,-0.0,,0.0
2,6,7.0,2,15.29,21.74,21.03,0.0,0.0,0.0,-0.0,,0.0
2,7,7.0,2,15.21,20.81,20.18,0.0,0.0,0.0,-0.0,,0.0
2,8,7.0,2,16.29,23.46,23.08,0.0,2268.49,0.0,0.0,,0.0
2,9,7.0,2,18.51,27.37,26.91,-487.71,15519.18,0.0,0.0,,-13.65588
2,10,7.0,2,20.85,30.94,26.91,-13072.82,24594.68,0.0,-4918.52,,-503.75752
2,11,7.0,2,23.23,34.36,26.91,-24029.71,31706.97,0.0,-13129.12,,-1040.44724
2,12,7.0,2,25.41,37.07,26.91,-32262.11,34922.85,0.0,-16567.48,,-1367.2285200000001
2,13,7.0,2,27.01,38.96,26.91,-37647.15,35707.77,0.0,-16990.76,,-1529.86148
2,14,7.0,2,28.08,40.5,26.91,-41929.75,36703.92,0.0,-14638.22,,-1583.90316
2,15,7.0,2,28.67,50.04,33.85,-50000.0,82871.47,0.0,-8304.4,,-1632.5231999999999
2,16,7.0,2,28.4,65.0,48.41,-50000.0,156773.56,0.0,0.0,,-1400.0
2,17,7.0,2,27.57,77.73,60.92,-50000.0,215509.49,1493.01,0.0,,-1358.19572
2,18,7.0,2,26.38,86.06,69.07,-50000.0,250101.22,14294.08,0.0,,-999.76576
2,19,7.0,2,24.4,111.13,106.48,0.0,245561.53,0.0,0.0,,0.0
2,20,7.0,2,21.75,71.18,68.41,0.0,82020.24,0.0,-0.0,,0.0
2,21,7.0,2,19.92,43.29,41.03,0.0,0.0,0.0,-0.0,,0.0
2,22,7.0,2,18.85,37.49,35.52,0.0,0.0,0.0,-0.0,,0.0
2,23,7.0,2,17.97,34.17,32.45,0.0,0.0,0.0,0.0,,0.0
2,24,7.0,2,17.23,31.53,30.02,0.0,0.0,0.0,0.0,,0.0
2,1,1.0,2,16.95,29.44,28.11,0.0,0.0,0.0,0.0,,0.0
2,2,1.0,2,16.68,27.63,26.45,0.0,0.0,0.0,0.0,,0.0
2,3,1.0,2,16.3,25.95,24.91,0.0,0.0,0.0,-0.0,,0.0
2,4,1.0,2,16.02,24.5,23.58,0.0,0.0,0.0,-0.0,,0.0
2,5,1.0,2,15.83,23.25,22.44,0.0,0.0,0.0,-0.0,,0.0
2,6,1.0,2,15.53,22.07,21.36,0.0,0.0,0.0,-0.0,,0.0
2,7,1.0,2,15.3,21.04,20.41,0.0,0.0,0.0,-0.0,,0.0
2,8,1.0,2,15.96,23.35,22.96,0.0,2268.49,0.0,0.0,,0.0
2,9,1.0,2,17.71,26.88,26.56,0.0,15519.18,0.0,0.0,,0.0
2,10,1.0,2,19.85,30.26,26.91,-10736.04,24594.68,0.0,-2985.68,,-384.20816
2,11,1.0,2,22.15,33.57,26.91,-21481.09,31706.97,0.0,-12590.19,,-953.9958399999999
2,12,1.0,2,24.1,36.07,26.91,-29072.71,34922.85,0.0,-16384.17,,-1272.79264
2,13,1.0,2,25.91,38.07,26.91,-34930.85,35707.77,0.0,-16792.35,,-1448.2495999999999
2,14,1.0,2,27.23,39.75,26.91,-39750.27,36703.92,0.0,-12966.82,,-1476.07852
2,15,1.0,2,27.7,49.21,33.14,-50000.0,82871.47,0.0,-7367.95,,-1606.3025999999998
2,16,1.0,2,27.5,64.18,47.67,-50000.0,156773.56,0.0,0.0,,-1400.0
2,17,1.0,2,26.79,76.99,60.23,-50000.0,215509.49,2093.24,0.0,,-1341.38928
2,18,1.0,2,25.51,85.26,68.31,-50000.0,250101.22,13767.02,0.0,,-1014.5234399999999
2,19,1.0,2,23.27,110.2,105.61,0.0,245561.53,0.0,0.0,,0.0
2,20,1.0,2,20.28,70.04,67.32,0.0,82020.24,0.0,-0.0,,0.0
2,21,1.0,2,18.51,42.12,39.91,0.0,0.0,0.0,-0.0,,0.0
2,22,1.0,2,17.64,36.4,34.48,0.0,0.0,0.0,-0.0,,0.0
2,23,1.0,2,16.92,33.16,31.48,0.0,0.0,0.0,0.0,,0.0
2,24,1.0,2,16.5,30.7,29.22,0.0,0.0,0.0,0.0,,0.0
2,1,2.0,2,16.41,28.74,27.44,0.0,0.0,0.0,0.0,,0.0
2,2,2.0,2,16.13,26.94,25.8,0.0,0.0,0.0,0.0,,0.0
2,3,2.0,2,15.85,25.34,24.33,0.0,0.0,0.0,0.0,,0.0
2,4,2.0,2,15.5,23.88,22.98,0.0,0.0,0.0,-0.0,,0.0
2,5,2.0,2,15.08,22.51,21.72,0.0,0.0,0.0,-0.0,,0.0
2,6,2.0,2,14.87,21.37,20.68,0.0,0.0,0.0,-0.0,,0.0
2,7,2.0,2,14.86,20.48,19.86,0.0,0.0,0.0,-0.0,,0.0
2,8,2.0,2,16.01,23.17,22.8,0.0,2268.49,0.0,0.0,,0.0
2,9,2.0,2,18.04,26.95,26.64,0.0,15519.18,0.0,0.0,,0.0
2,10,2.0,2,20.3,30.45,26.91,-11432.32,24594.68,0.0,-3789.97,,-426.22411999999997
2,11,2.0,2,22.86,33.99,26.91,-22909.1,31706.97,0.0,-12590.39,,-993.98572
2,12,2.0,2,25.13,36.76,26.91,-31345.96,34922.85,0.0,-17128.0,,-1357.2708799999998
2,13,2.0,2,26.76,38.68,26.91,-36840.32,35707.77,0.0,-16696.55,,-1499.03236
2,14,2.0,2,27.66,40.11,26.91,-40737.42,36703.92,0.0,-13187.52,,-1509.89832
2,15,2.0,2,28.05,49.51,33.38,-50000.0,82871.47,0.0,-7309.58,,-1604.66824
2,16,2.0,2,27.9,64.52,47.97,-50000.0,156773.56,0.0,0.0,,-1400.0
2,17,2.0,2,27.11,77.28,60.5,-50000.0,215509.49,2028.32,0.0,,-1343.20704
2,18,2.0,2,25.87,85.58,68.61,-50000.0,250101.22,13817.83,0.0,,-1013.10076
2,19,2.0,2,24.03,110.73,106.11,0.0,245561.53,0.0,0.0,,0.0
2,20,2.0,2,21.37,70.79,68.04,0.0,82020.24,0.0,-0.0,,0.0
2,21,2.0,2,19.51,42.88,40.64,0.0,0.0,0.0,-0.0,,0.0
2,22,2.0,2,18.43,37.07,35.13,0.0,0.0,0.0,-0.0,,0.0
2,23,2.0,2,17.42,33.68,31.98,0.0,0.0,0.0,0.0,,0.0
2,24,2.0,2,16.88,31.14,29.64,0.0,0.0,0.0,0.0,,0.0
2,1,3.0,2,16.5,29.01,27.69,0.0,0.0,0.0,0.0,,0.0
2,2,3.0,2,16.49,27.33,26.17,0.0,0.0,0.0,0.0,,0.0
2,3,3.0,2,16.34,25.8,24.78,0.0,0.0,0.0,0.0,,0.0
2,4,3.0,2,15.93,24.31,23.41,0.0,0.0,0.0,-0.0,,0.0
2,5,3.0,2,15.41,22.88,22.09,0.0,0.0,0.0,-0.0,,0.0
2,6,3.0,2,15.14,21.71,21.01,0.0,0.0,0.0,-0.0,,0.0
2,7,3.0,2,15.0,20.73,20.11,0.0,0.0,0.0,-0.0,,0.0
2,8,3.0,2,15.95,27.48,26.93,0.0,2268.49,0.0,0.0,,0.0
2,9,3.0,2,18.15,32.93,32.45,0.0,15519.18,0.0,0.0,,0.0
2,10,3.0,2,20.76,37.66,37.23,0.0,24594.68,0.0,0.0,,0.0
2,11,3.0,2,23.72,42.27,41.89,0.0,31706.97,0.0,0.0,,0.0
2,12,3.0,2,26.24,45.79,45.45,0.0,34922.85,0.0,0.0,,0.0
2,13,3.0,2,28.18,48.33,48.03,0.0,35707.77,0.0,0.0,,0.0
2,14,3.0,2,29.57,50.53,50.27,0.0,36703.92,0.0,0.0,,0.0
2,15,3.0,2,30.26,64.74,64.51,0.0,82871.47,0.0,0.0,,0.0
2,16,3.0,2,30.0,88.07,87.87,0.0,156773.56,0.0,0.0,,0.0
2,17,3.0,2,29.07,109.07,108.89,0.0,215509.49,0.0,-0.0,,0.0
2,18,3.0,2,27.8,123.82,123.66,0.0,250101.22,0.0,-0.0,,0.0
2,19,3.0,2,25.83,120.56,120.41,0.0,245561.53,0.0,-0.0,,0.0
2,20,3.0,2,22.93,76.44,76.31,0.0,82020.24,0.0,0.0,,0.0
2,21,3.0,2,21.03,47.59,47.47,0.0,0.0,0.0,-0.0,,0.0
2,22,3.0,2,19.64,41.16,41.06,0.0,0.0,0.0,-0.0,,0.0
2,23,3.0,2,18.54,37.36,37.27,0.0,0.0,0.0,0.0,,0.0
2,24,3.0,2,17.83,34.4,34.32,0.0,0.0,0.0,0.0,,0.0
2,1,4.0,2,17.4,31.96,31.89,0.0,0.0,0.0,0.0,,0.0
2,2,4.0,2,17.23,29.94,29.88,0.0,0.0,0.0,0.0,,0.0
2,3,4.0,2,17.03,28.16,28.1,0.0,0.0,0.0,0.0,,0.0
2,4,4.0,2,16.74,26.53,26.48,0.0,0.0,0.0,0.0,,0.0
2,5,4.0,2,16.33,25.0,24.96,0.0,0.0,0.0,0.0,,0.0
2,6,4.0,2,15.76,23.52,23.48,0.0,0.0,0.0,-0.0,,0.0
2,7,4.0,2,15.51,22.33,22.3,0.0,0.0,0.0,-0.0,,0.0
2,8,4.0,2,16.74,29.11,29.08,0.0,2268.49,0.0,0.0,,0.0
2,9,4.0,2,19.06,34.53,34.5,0.0,15519.18,0.0,0.0,,0.0
2,10,4.0,2,21.67,39.18,39.16,0.0,24594.68,0.0,0.0,,0.0
2,11,4.0,2,23.98,43.37,43.34,0.0,31706.97,0.0,0.0,,0.0
2,12,4.0,2,26.14,46.57,46.55,0.0,34922.85,0.0,0.0,,0.0
2,13,4.0,2,27.71,48.79,48.77,0.0,35707.77,0.0,0.0,,0.0
2,14,4.0,2,28.81,50.7,50.69,0.0,36703.92,0.0,0.0,,0.0
2,15,4.0,2,29.64,64.86,64.85,0.0,82871.47,0.0,0.0,,0.0
2,16,4.0,2,29.46,88.16,88.14,0.0,156773.56,0.0,0.0,,0.0
2,17,4.0,2,28.66,109.15,109.14,0.0,215509.49,0.0,-0.0,,0.0
2,18,4.0,2,27.45,123.89,123.88,0.0,250101.22,0.0,-0.0,,0.0
2,19,4.0,2,25.57,120.62,120.61,0.0,245561.53,0.0,-0.0,,0.0
2,20,4.0,2,22.66,76.46,76.45,0.0,82020.24,0.0,0.0,,0.0
2,21,4.0,2,21.0,47.71,47.71,0.0,0.0,0.0,-0.0,,0.0
2,22,4.0,2,19.88,41.42,41.42,0.0,0.0,0.0,-0.0,,0.0
2,23,4.0,2,18.97,37.73,37.72,0.0,0.0,0.0,0.0,,0.0
2,24,4.0,2,18.12,34.72,34.71,0.0,0.0,0.0,0.0,,0.0
2,1,5.0,2,17.75,32.3,32.3,0.0,0.0,0.0,0.0,,0.0
2,2,5.0,2,17.5,30.24,30.24,0.0,0.0,0.0,0.0,,0.0
2,3,5.0,2,16.95,28.26,28.26,0.0,0.0,0.0,0.0,,0.0
2,4,5.0,2,16.51,26.52,26.52,0.0,0.0,0.0,0.0,,0.0
2,5,5.0,2,16.03,24.92,24.92,0.0,0.0,0.0,0.0,,0.0
2,6,5.0,2,15.61,23.5,23.49,0.0,0.0,0.0,-0.0,,0.0
2,7,5.0,2,15.97,22.63,22.62,0.0,0.0,0.0,-0.0,,0.0
2,8,5.0,2,17.24,25.01,25.0,0.0,2268.49,0.0,0.0,,0.0
2,9,5.0,2,19.18,28.63,26.91,-6038.17,15519.18,0.0,-1980.69,,-224.52808000000002
2,10,5.0,2,21.59,32.16,26.91,-17838.01,24594.68,0.0,-9197.78,,-757.00212
2,11,5.0,2,24.08,35.6,26.91,-28635.82,31706.97,0.0,-15503.23,,-1235.8934000000002
2,12,5.0,2,26.49,38.42,26.91,-37055.92,34922.85,0.0,-19990.74,,-1597.30648
2,13,5.0,2,28.47,40.55,26.91,-43096.34,35707.77,0.0,-21164.34,,-1799.2990399999999
2,14,5.0,2,29.67,42.17,26.91,-47467.26,36703.92,0.0,-19240.35,,-1867.8130800000001
2,15,5.0,2,30.34,51.77,35.44,-50000.0,82871.47,0.0,-9235.98,,-1658.60744
2,16,5.0,2,30.17,66.79,50.17,-50000.0,156773.56,0.0,0.0,,-1400.0
2,17,5.0,2,29.48,79.62,62.79,-50000.0,215509.49,1006.78,0.0,,-1371.8101600000002
2,18,5.0,2,28.25,87.94,70.92,-50000.0,250101.22,14123.75,0.0,,-1004.535
2,19,5.0,2,26.47,113.12,108.45,0.0,245561.53,0.0,-0.0,,0.0
2,20,5.0,2,23.61,73.08,70.29,0.0,82020.24,0.0,-0.0,,0.0
2,21,5.0,2,21.65,45.1,42.82,0.0,0.0,0.0,-0.0,,0.0
2,22,5.0,2,20.49,39.24,37.26,0.0,0.0,0.0,-0.0,,0.0
2,23,5.0,2,19.45,35.82,34.09,0.0,0.0,0.0,0.0,,0.0
2,24,5.0,2,18.83,33.22,31.7,0.0,0.0,0.0,0.0,,0.0
2,1,6.0,2,18.44,31.06,29.72,0.0,0.0,0.0,0.0,,0.0
2,2,6.0,2,18.1,29.19,28.01,0.0,0.0,0.0,0.0,,0.0
2,3,6.0,2,17.71,27.49,26.45,0.0,0.0,0.0,-0.0,,0.0
2,4,6.0,2,17.28,25.93,25.02,0.0,0.0,0.0,-0.0,,0.0
2,5,6.0,2,16.7,24.44,23.63,0.0,0.0,0.0,-0.0,,0.0
2,6,6.0,2,16.15,23.08,22.37,0.0,0.0,0.0,-0.0,,0.0
2,7,6.0,2,15.85,21.96,21.33,0.0,0.0,0.0,-0.0,,0.0
2,8,6.0,2,16.57,24.15,23.77,0.0,2268.49,0.0,0.0,,0.0
2,9,6.0,2,18.68,27.91,26.91,-2365.74,15519.18,0.0,0.0,,-66.24072
2,10,6.0,2,20.93,31.36,26.91,-14376.09,24594.68,0.0,-6327.14,,-579.69044
2,11,6.0,2,23.42,34.81,26.91,-25416.07,31706.97,0.0,-11344.23,,-1029.2884000000001
2,12,6.0,2,25.91,37.69,26.91,-34246.2,34922.85,0.0,-16621.61,,-1424.2986799999999
2,13,6.0,2,27.73,39.74,26.91,-40073.16,35707.77,0.0,-16844.9,,-1593.7056800000003
2,14,6.0,2,28.82,41.28,26.91,-44312.47,36703.92,0.0,-15903.61,,-1686.05024
2,15,6.0,2,29.34,50.78,34.48,-50000.0,82871.47,0.0,-8425.17,,-1635.90476
2,16,6.0,2,29.12,65.75,49.1,-50000.0,156773.56,0.0,0.0,,-1400.0
2,17,6.0,2,28.28,78.47,61.61,-50000.0,215509.49,1641.66,0.0,,-1354.03352
2,18,6.0,2,27.24,86.91,69.87,-50000.0,250101.22,13696.2,0.0,,-1016.5064000000001
2,19,6.0,2,25.54,112.13,107.43,0.0,245561.53,0.0,0.0,,0.0
2,20,6.0,2,22.9,72.22,69.4,0.0,82020.24,0.0,-0.0,,0.0
2,21,6.0,2,21.14,44.37,42.07,0.0,0.0,0.0,-0.0,,0.0
2,22,6.0,2,20.27,38.71,36.71,0.0,0.0,0.0,-0.0,,0.0
2,23,6.0,2,19.54,35.5,33.75,0.0,0.0,0.0,0.0,,0.0
2,24,6.0,2,18.71,32.85,31.31,0.0,0.0,0.0,0.0,,0.0
2,1,7.0,2,18.31,30.72,29.36,0.0,0.0,0.0,0.0,,0.0
2,2,7.0,2,17.99,28.88,27.68,0.0,0.0,0.0,0.0,,0.0
2,3,7.0,2,17.63,27.22,26.17,0.0,0.0,0.0,0.0,,0.0
2,4,7.0,2,17.21,25.7,24.77,0.0,0.0,0.0,-0.0,,0.0
2,5,7.0,2,16.94,24.4,23.58,0.0,0.0,0.0,-0.0,,0.0
2,6,7.0,2,16.58,23.18,22.46,0.0,0.0,0.0,-0.0,,0.0
2,7,7.0,2,16.43,22.19,21.55,0.0,0.0,0.0,-0.0,,0.0
2,8,7.0,2,17.26,24.61,24.21,0.0,2268.49,0.0,-295.31,,-8.26868
2,9,7.0,2,18.85,28.04,26.91,-2818.25,15519.18,0.0,0.0,,-78.911
2,10,7.0,2,20.81,31.28,26.91,-14039.86,24594.68,0.0,-6304.49,,-569.6417999999999
2,11,7.0,2,23.3,34.71,26.91,-25092.79,31706.97,0.0,-11989.24,,-1038.29684
2,12,7.0,2,25.68,37.52,26.91,-33659.76,34922.85,0.0,-16646.98,,-1408.5887200000002
2,13,7.0,2,27.52,39.56,26.91,-39515.05,35707.77,0.0,-17211.03,,-1588.33024
2,14,7.0,2,28.56,41.07,26.91,-43638.81,36703.92,0.0,-16251.53,,-1676.92952
2,15,7.0,2,28.79,50.36,34.08,-50000.0,82871.47,0.0,-8744.79,,-1644.8541200000002
2,16,7.0,2,28.53,65.28,48.64,-50000.0,156773.56,0.0,0.0,,-1400.0
2,17,7.0,2,27.78,78.04,61.19,-50000.0,215509.49,1385.33,0.0,,-1361.21076
2,18,7.0,2,26.64,86.4,69.37,-50000.0,250101.22,13254.75,0.0,,-1028.867
2,19,7.0,2,24.93,111.64,106.94,0.0,245561.53,0.0,0.0,,0.0
2,20,7.0,2,22.37,71.76,68.94,0.0,82020.24,0.0,-0.0,,0.0
2,21,7.0,2,20.54,43.87,41.57,0.0,0.0,0.0,-0.0,,0.0
2,22,7.0,2,19.57,38.13,36.14,0.0,0.0,0.0,-0.0,,0.0
2,23,7.0,2,18.77,34.87,33.12,0.0,0.0,0.0,0.0,,0.0
2,24,7.0,2,18.06,32.26,30.72,0.0,0.0,0.0,0.0,,0.0
2,1,1.0,2,17.7,30.15,28.79,0.0,0.0,0.0,0.0,,0.0
2,2,1.0,2,17.26,28.24,27.04,0.0,0.0,0.0,0.0,,0.0
2,3,1.0,2,16.72,26.47,25.42,0.0,0.0,0.0,0.0,,0.0
2,4,1.0,2,16.34,24.94,24.01,0.0,0.0,0.0,-0.0,,0.0
2,5,1.0,2,16.01,23.59,22.77,0.0,0.0,0.0,-0.0,,0.0
2,6,1.0,2,15.75,22.41,21.69,0.0,0.0,0.0,-0.0,,0.0
2,7,1.0,2,15.67,21.45,20.81,0.0,0.0,0.0,-0.0,,0.0
2,8,1.0,2,17.05,24.24,23.85,0.0,2268.49,0.0,-41.22,,-1.1541599999999999
2,9,1.0,2,18.94,27.92,26.91,-2399.07,15519.18,0.0,0.0,,-67.17396000000001
2,10,1.0,2,21.57,31.67,26.91,-15439.66,24594.68,0.0,-8383.0,,-667.03448
2,11,1.0,2,24.08,35.18,26.91,-26624.71,31706.97,0.0,-13621.37,,-1126.89024
2,12,1.0,2,26.57,38.11,26.91,-35554.89,34922.85,0.0,-19164.57,,-1532.1448799999998
2,13,1.0,2,28.37,40.17,26.91,-41421.9,35707.77,0.0,-20025.4,,-1720.5244000000002
2,14,1.0,2,29.53,41.8,26.91,-45895.75,36703.92,0.0,-19099.52,,-1819.8675600000001
2,15,1.0,2,30.07,51.34,34.96,-50000.0,82871.47,0.0,-9975.24,,-1679.30672
2,16,1.0,2,29.71,66.24,49.55,-50000.0,156773.56,0.0,0.0,,-1400.0
2,17,1.0,2,28.9,78.99,62.09,-50000.0,215509.49,881.63,0.0,,-1375.31436
2,18,1.0,2,27.84,87.43,70.36,-50000.0,250101.22,14047.75,0.0,,-1006.663
2,19,1.0,2,26.16,112.64,107.9,0.0,245561.53,0.0,-0.0,,0.0
2,20,1.0,2,23.62,72.79,69.94,0.0,82020.24,0.0,-0.0,,0.0
2,21,1.0,2,21.68,44.87,42.54,0.0,0.0,0.0,-0.0,,0.0
2,22,1.0,2,20.59,39.08,37.06,0.0,0.0,0.0,-0.0,,0.0
2,23,1.0,2,19.71,35.78,34.0,0.0,0.0,0.0,0.0,,0.0
2,24,1.0,2,18.91,33.12,31.56,0.0,0.0,0.0,0.0,,0.0
2,1,2.0,2,18.51,30.98,29.61,0.0,0.0,0.0,0.0,,0.0
2,2,2.0,2,18.13,29.1,27.88,0.0,0.0,0.0,0.0,,0.0
2,3,2.0,2,17.8,27.44,26.37,0.0,0.0,0.0,0.0,,0.0
2,4,2.0,2,17.41,25.93,24.99,0.0,0.0,0.0,-0.0,,0.0
2,5,2.0,2,16.97,24.54,23.7,0.0,0.0,0.0,-0.0,,0.0
2,6,2.0,2,16.5,23.24,22.51,0.0,0.0,0.0,-0.0,,0.0
2,7,2.0,2,16.34,22.22,21.57,0.0,0.0,0.0,-0.0,,0.0
2,8,2.0,2,17.1,24.54,24.14,0.0,2268.49,0.0,0.0,,0.0
2,9,2.0,2,18.99,28.16,26.91,-3219.4,15519.18,0.0,0.0,,-90.1432
2,10,2.0,2,21.49,31.79,26.91,-15779.72,24594.68,0.0,-8059.95,,-667.51076
2,11,2.0,2,24.51,35.62,26.91,-28105.09,31706.97,0.0,-16924.05,,-1260.81592
2,12,2.0,2,27.19,38.7,26.91,-37430.29,34922.85,0.0,-22294.55,,-1672.2955200000001
2,13,2.0,2,29.25,40.95,26.91,-43889.27,35707.77,0.0,-23434.78,,-1885.0733999999998
2,14,2.0,2,30.35,42.55,26.91,-48214.53,36703.92,0.0,-21329.34,,-1947.2283599999998
2,15,2.0,2,30.78,52.02,35.54,-50000.0,82871.47,0.0,-10209.92,,-1685.87776
2,16,2.0,2,30.36,66.89,50.14,-50000.0,156773.56,0.0,0.0,,-1400.0
2,17,2.0,2,29.58,79.65,62.72,-50000.0,215509.49,641.24,0.0,,-1382.04528
2,18,2.0,2,28.58,88.14,71.03,-50000.0,250101.22,14760.96,0.0,,-986.69312
2,19,2.0,2,26.84,113.32,108.52,0.0,245561.53,0.0,-0.0,,0.0
2,20,2.0,2,24.06,73.33,70.43,0.0,82020.24,0.0,-0.0,,0.0
2,21,2.0,2,22.05,45.36,42.98,0.0,0.0,0.0,-0.0,,0.0
2,22,2.0,2,20.88,39.5,37.44,0.0,0.0,0.0,-0.0,,0.0
2,23,2.0,2,19.98,36.17,34.37,0.0,0.0,0.0,0.0,,0.0
2,24,2.0,2,18.99,33.39,31.8,0.0,0.0,0.0,0.0,,0.0
2,1,3.0,2,18.43,31.13,29.73,0.0,0.0,0.0,0.0,,0.0
2,2,3.0,2,18.13,29.26,28.02,0.0,0.0,0.0,0.0,,0.0
2,3,3.0,2,17.83,27.6,26.51,0.0,0.0,0.0,0.0,,0.0
2,4,3.0,2,17.56,26.14,25.18,0.0,0.0,0.0,-0.0,,0.0
2,5,3.0,2,17.06,24.7,23.86,0.0,0.0,0.0,-0.0,,0.0
2,6,3.0,2,16.46,23.33,22.58,0.0,0.0,0.0,-0.0,,0.0
2,7,3.0,2,15.98,22.11,21.45,0.0,0.0,0.0,-0.0,,0.0
2,8,3.0,2,16.8,28.73,28.15,0.0,2268.49,0.0,0.0,,0.0
2,9,3.0,2,18.94,34.09,33.57,0.0,15519.18,0.0,0.0,,0.0
2,10,3.0,2,21.4,38.69,38.23,0.0,24594.68,0.0,0.0,,0.0
2,11,3.0,2,24.37,43.25,42.85,0.0,31706.97,0.0,0.0,,0.0
2,12,3.0,2,26.69,46.62,46.26,0.0,34922.85,0.0,0.0,,0.0
2,13,3.0,2,28.53,49.04,48.73,0.0,35707.77,0.0,0.0,,0.0
2,14,3.0,2,29.68,51.07,50.79,0.0,36703.92,0.0,0.0,,0.0
2,15,3.0,2,30.16,65.1,64.85,0.0,82871.47,0.0,0.0,,0.0
2,16,3.0,2,29.93,88.39,88.16,0.0,156773.56,0.0,0.0,,0.0
2,17,3.0,2,29.29,109.5,109.3,0.0,215509.49,0.0,-0.0,,0.0
2,18,3.0,2,28.27,124.37,124.2,0.0,250101.22,0.0,-0.0,,0.0
2,19,3.0,2,26.73,121.33,121.18,0.0,245561.53,0.0,-0.0,,0.0
2,20,3.0,2,24.41,77.57,77.43,0.0,82020.24,0.0,0.0,,0.0
2,21,3.0,2,22.52,48.79,48.67,0.0,0.0,0.0,-0.0,,0.0
2,22,3.0,2,21.3,42.49,42.39,0.0,0.0,0.0,-0.0,,0.0
2,23,3.0,2,20.5,38.9,38.81,0.0,0.0,0.0,0.0,,0.0
2,24,3.0,2,19.65,35.94,35.85,0.0,0.0,0.0,0.0,,0.0
2,1,4.0,2,19.19,33.51,33.44,0.0,0.0,0.0,0.0,,0.0
2,2,4.0,2,18.85,31.43,31.36,0.0,0.0,0.0,0.0,,0.0
2,3,4.0,2,18.5,29.57,29.51,0.0,0.0,0.0,0.0,,0.0
2,4,4.0,2,18.08,27.88,27.82,0.0,0.0,0.0,0.0,,0.0
2,5,4.0,2,17.37,26.18,26.13,0.0,0.0,0.0,0.0,,0.0
2,6,4.0,2,16.72,24.63,24.59,0.0,0.0,0.0,0.0,,0.0
2,7,4.0,2,16.28,23.31,23.27,0.0,0.0,0.0,-0.0,,0.0
2,8,4.0,2,16.83,29.68,29.64,0.0,2268.49,0.0,0.0,,0.0
2,9,4.0,2,18.83,34.84,34.81,0.0,15519.18,0.0,0.0,,0.0
2,10,4.0,2,21.11,39.23,39.21,0.0,24594.68,0.0,0.0,,0.0
2,11,4.0,2,24.04,43.67,43.64,0.0,31706.97,0.0,0.0,,0.0
2,12,4.0,2,26.67,47.11,47.09,0.0,34922.85,0.0,0.0,,0.0
2,13,4.0,2,28.7,49.6,49.58,0.0,35707.77,0.0,0.0,,0.0
2,14,4.0,2,29.95,51.64,51.62,0.0,36703.92,0.0,0.0,,0.0
2,15,4.0,2,30.51,65.68,65.67,0.0,82871.47,0.0,0.0,,0.0
2,16,4.0,2,30.22,88.91,88.9,0.0,156773.56,0.0,0.0,,0.0
2,17,4.0,2,29.37,109.88,109.87,0.0,215509.49,0.0,-0.0,,0.0
2,18,4.0,2,28.49,124.79,124.78,0.0,250101.22,0.0,-0.0,,0.0
2,19,4.0,2,26.68,121.59,121.58,0.0,245561.53,0.0,-0.0,,0.0
2,20,4.0,2,24.24,77.71,77.71,0.0,82020.24,0.0,0.0,,0.0
2,21,4.0,2,22.39,48.91,48.91,0.0,0.0,0.0,-0.0,,0.0
2,22,4.0,2,21.23,42.62,42.62,0.0,0.0,0.0,-0.0,,0.0
2,23,4.0,2,20.4,38.99,38.98,0.0,0.0,0.0,0.0,,0.0
2,24,4.0,2,19.84,36.16,36.16,0.0,0.0,0.0,0.0,,0.0
2,1,5.0,2,19.4,33.75,33.75,0.0,0.0,0.0,0.0,,0.0
2,2,5.0,2,18.99,31.63,31.63,0.0,0.0,0.0,0.0,,0.0
2,3,5.0,2,18.6,29.75,29.74,0.0,0.0,0.0,0.0,,0.0
2,4,5.0,2,18.02,27.95,27.95,0.0,0.0,0.0,0.0,,0.0
2,5,5.0,2,17.26,26.21,26.21,0.0,0.0,0.0,0.0,,0.0
2,6,5.0,2,16.87,24.78,24.78,0.0,0.0,0.0,0.0,,0.0
2,7,5.0,2,16.62,23.57,23.57,0.0,0.0,0.0,-0.0,,0.0
2,8,5.0,2,17.54,25.58,25.58,0.0,2268.49,0.0,0.0,,0.0
2,9,5.0,2,19.5,29.17,26.91,-7901.53,15519.18,0.0,-2832.36,,-300.54892
2,10,5.0,2,22.0,32.72,26.91,-19639.93,24594.68,0.0,-9619.0,,-819.25004
2,11,5.0,2,24.63,36.24,26.91,-30650.78,31706.97,0.0,-17260.86,,-1341.5259199999998
2,12,5.0,2,27.08,39.08,26.91,-39106.27,34922.85,0.0,-20204.04,,-1660.68868
2,13,5.0,2,29.2,41.3,26.91,-45413.3,35707.77,0.0,-20850.76,,-1855.39368
2,14,5.0,2,30.83,43.22,27.12,-50000.0,36703.92,0.0,-22846.65,,-2039.7061999999996
2,15,5.0,2,31.35,52.75,36.29,-50000.0,82871.47,0.0,-10305.49,,-1688.5537199999999
2,16,5.0,2,30.81,67.51,50.82,-50000.0,156773.56,0.0,0.0,,-1400.0
2,17,5.0,2,29.94,80.19,63.3,-50000.0,215509.49,549.28,0.0,,-1384.6201600000002
2,18,5.0,2,28.68,88.46,71.41,-50000.0,250101.22,14078.47,0.0,,-1005.80284
2,19,5.0,2,26.56,113.49,108.75,0.0,245561.53,0.0,-0.0,,0.0
2,20,5.0,2,23.9,73.51,70.67,0.0,82020.24,0.0,-0.0,,0.0
2,21,5.0,2,22.08,45.6,43.28,0.0,0.0,0.0,-0.0,,0.0
2,22,5.0,2,21.07,39.81,37.8,0.0,0.0,0.0,-0.0,,0.0
2,23,5.0,2,20.34,36.57,34.8,0.0,0.0,0.0,0.0,,0.0
2,24,5.0,2,19.86,34.07,32.52,0.0,0.0,0.0,0.0,,0.0
2,1,6.0,2,19.57,32.0,30.63,0.0,0.0,0.0,0.0,,0.0
2,2,6.0,2,19.1,30.08,28.88,0.0,0.0,0.0,0.0,,0.0
2,3,6.0,2,18.64,28.36,27.29,0.0,0.0,0.0,0.0,,0.0
2,4,6.0,2,18.03,26.71,25.77,0.0,0.0,0.0,0.0,,0.0
2,5,6.0,2,17.36,25.16,24.34,0.0,0.0,0.0,-0.0,,0.0
2,6,6.0,2,17.0,23.89,23.16,0.0,0.0,0.0,-0.0,,0.0
2,7,6.0,2,16.43,22.63,21.98,0.0,0.0,0.0,-0.0,,0.0
2,8,6.0,2,17.34,24.91,24.52,0.0,2268.49,0.0,0.0,,0.0
2,9,6.0,2,19.48,28.69,26.91,-5091.85,15519.18,0.0,-1352.71,,-180.44768000000002
2,10,6.0,2,21.42,31.93,26.91,-16101.85,24594.68,0.0,-7269.22,,-654.38996
2,11,6.0,2,24.49,35.76,26.91,-28518.94,31706.97,0.0,-16336.56,,-1255.954
2,12,6.0,2,27.1,38.76,26.91,-37583.66,34922.85,0.0,-21047.21,,-1641.6643600000002
2,13,6.0,2,29.12,40.96,26.91,-43888.54,35707.77,0.0,-21382.6,,-1827.5919199999998
2,14,6.0,2,30.13,42.49,26.91,-47939.83,36703.92,0.0,-21170.86,,-1935.09932
2,15,6.0,2,29.96,51.51,35.03,-50000.0,82871.47,0.0,-9272.83,,-1659.63924
2,16,6.0,2,29.35,66.18,49.43,-50000.0,156773.56,0.0,0.0,,-1400.0
2,17,6.0,2,28.51,78.87,61.92,-50000.0,215509.49,1364.09,0.0,,-1361.80548
2,18,6.0,2,27.18,87.08,69.97,-50000.0,250101.22,13782.61,0.0,,-1014.08692
2,19,6.0,2,25.14,112.16,107.36,0.0,245561.53,0.0,0.0,,0.0
2,20,6.0,2,22.67,72.28,69.37,0.0,82020.24,0.0,-0.0,,0.0
2,21,6.0,2,21.01,44.46,42.08,0.0,0.0,0.0,-0.0,,0.0
2,22,6.0,2,20.09,38.73,36.67,0.0,0.0,0.0,-0.0,,0.0
2,23,6.0,2,19.54,35.61,33.8,0.0,0.0,0.0,0.0,,0.0
2,24,6.0,2,19.25,33.24,31.65,0.0,0.0,0.0,0.0,,0.0
2,1,7.0,2,19.09,31.28,29.87,0.0,0.0,0.0,0.0,,0.0
2,2,7.0,2,18.78,29.48,28.25,0.0,0.0,0.0,0.0,,0.0
2,3,7.0,2,18.62,27.96,26.87,0.0,0.0,0.0,0.0,,0.0
2,4,7.0,2,18.41,26.59,25.63,0.0,0.0,0.0,0.0,,0.0
2,5,7.0,2,18.09,25.31,24.46,0.0,0.0,0.0,-0.0,,0.0
2,6,7.0,2,17.67,24.09,23.34,0.0,0.0,0.0,-0.0,,0.0
2,7,7.0,2,17.29,23.0,22.33,0.0,0.0,0.0,-0.0,,0.0
2,8,7.0,2,18.29,25.54,25.14,0.0,2268.49,0.0,-494.12,,-13.835360000000001
2,9,7.0,2,20.2,29.22,26.91,-6895.2,15519.18,0.0,-3660.05,,-295.547
2,10,7.0,2,22.41,32.66,26.91,-18482.85,24594.68,0.0,-9740.78,,-790.2616399999999
2,11,7.0,2,24.81,36.07,26.91,-29297.19,31706.97,0.0,-16785.11,,-1290.3044000000002
2,12,7.0,2,26.97,38.75,26.91,-37331.73,34922.85,0.0,-18949.41,,-1575.8719199999998
2,13,7.0,2,28.62,40.66,26.91,-42725.42,35707.77,0.0,-18722.46,,-1720.54064
2,14,7.0,2,29.65,42.16,26.91,-46804.67,36703.92,0.0,-18021.5,,-1815.13276
2,15,7.0,2,29.81,51.39,34.92,-50000.0,82871.47,0.0,-9192.46,,-1657.38888
2,16,7.0,2,29.3,66.14,49.38,-50000.0,156773.56,0.0,0.0,,-1400.0
2,17,7.0,2,28.49,78.84,61.89,-50000.0,215509.49,1616.22,0.0,,-1354.7458399999998
2,18,7.0,2,27.29,87.15,70.03,-50000.0,250101.22,14183.34,0.0,,-1002.8664800000001
2,19,7.0,2,25.41,112.31,107.5,0.0,245561.53,0.0,0.0,,0.0
2,20,7.0,2,22.88,72.41,69.5,0.0,82020.24,0.0,-0.0,,0.0
2,21,7.0,2,21.16,44.57,42.19,0.0,0.0,0.0,-0.0,,0.0
2,22,7.0,2,20.23,38.85,36.78,0.0,0.0,0.0,-0.0,,0.0
2,23,7.0,2,19.71,35.73,33.92,0.0,0.0,0.0,0.0,,0.0
2,24,7.0,2,19.14,33.22,31.62,0.0,0.0,0.0,0.0,,0.0
2,1,1.0,2,18.74,31.1,29.7,0.0,0.0,0.0,0.0,,0.0
2,2,1.0,2,18.68,29.41,28.17,0.0,0.0,0.0,0.0,,0.0
2,3,1.0,2,18.64,27.96,26.86,0.0,0.0,0.0,0.0,,0.0
2,4,1.0,2,18.35,26.55,25.59,0.0,0.0,0.0,-0.0,,0.0
2,5,1.0,2,17.75,25.11,24.26,0.0,0.0,0.0,-0.0,,0.0
2,6,1.0,2,17.36,23.88,23.13,0.0,0.0,0.0,-0.0,,0.0
2,7,1.0,2,16.98,22.77,22.11,0.0,0.0,0.0,-0.0,,0.0
2,8,1.0,2,17.4,24.88,24.48,0.0,2268.49,0.0,0.0,,0.0
2,9,1.0,2,18.77,28.14,26.91,-3103.13,15519.18,0.0,0.0,,-86.88764
2,10,1.0,2,21.04,31.56,26.91,-14970.71,24594.68,0.0,-6240.85,,-593.92368
2,11,1.0,2,23.74,35.14,26.91,-26472.08,31706.97,0.0,-14257.88,,-1140.43888
2,12,1.0,2,26.11,37.95,26.91,-34960.64,34922.85,0.0,-18501.13,,-1496.92956
2,13,1.0,2,28.13,40.12,26.91,-41253.15,35707.77,0.0,-20303.54,,-1723.58732
2,14,1.0,2,29.1,41.59,26.91,-45172.86,36703.92,0.0,-18550.64,,-1784.258
2,15,1.0,2,29.34,50.88,34.52,-50000.0,82871.47,0.0,-9444.84,,-1664.45552
2,16,1.0,2,28.86,65.65,48.97,-50000.0,156773.56,0.0,0.0,,-1400.0
2,17,1.0,2,28.16,78.44,61.55,-50000.0,215509.49,970.68,0.0,,-1372.82096
2,18,1.0,2,27.03,86.81,69.74,-50000.0,250101.22,13526.5,0.0,,-1021.258
2,19,1.0,2,25.36,112.07,107.33,0.0,245561.53,0.0,0.0,,0.0
2,20,1.0,2,23.27,72.44,69.59,0.0,82020.24,0.0,-0.0,,0.0
2,21,1.0,2,21.82,44.8,42.48,0.0,0.0,0.0,-0.0,,0.0
2,22,1.0,2,20.88,39.14,37.12,0.0,0.0,0.0,-0.0,,0.0
2,23,1.0,2,20.08,35.93,34.15,0.0,0.0,0.0,0.0,,0.0
2,24,1.0,2,19.77,33.57,32.01,0.0,0.0,0.0,0.0,,0.0
2,1,2.0,2,19.54,31.59,30.22,0.0,0.0,0.0,0.0,,0.0
2,2,2.0,2,19.4,29.9,28.69,0.0,0.0,0.0,0.0,,0.0
2,3,2.0,2,19.22,28.4,27.33,0.0,0.0,0.0,-0.0,,0.0
2,4,2.0,2,18.98,27.03,26.09,0.0,0.0,0.0,-0.0,,0.0
2,5,2.0,2,18.36,25.6,24.77,0.0,0.0,0.0,-0.0,,0.0
2,6,2.0,2,17.74,24.26,23.53,0.0,0.0,0.0,-0.0,,0.0
2,7,2.0,2,17.3,23.11,22.46,0.0,0.0,0.0,-0.0,,0.0
2,8,2.0,2,17.3,24.92,24.52,0.0,2268.49,0.0,0.0,,0.0
2,9,2.0,2,18.36,27.93,26.91,-2410.13,15519.18,0.0,0.0,,-67.48364
2,10,2.0,2,20.52,31.24,26.91,-13926.73,24594.68,0.0,-5136.89,,-533.78136
2,11,2.0,2,23.31,34.85,26.91,-25574.57,31706.97,0.0,-12648.87,,-1070.25632
2,12,2.0,2,25.71,37.66,26.91,-34085.69,34922.85,0.0,-16393.13,,-1413.4069600000003
2,13,2.0,2,27.48,39.64,26.91,-39733.74,35707.77,0.0,-17528.36,,-1603.3388
2,14,2.0,2,28.28,40.96,26.91,-43208.56,36703.92,0.0,-16615.9,,-1675.0848799999999
2,15,2.0,2,28.42,50.15,33.88,-50000.0,82871.47,0.0,-9026.97,,-1652.7551600000002
2,16,2.0,2,27.97,64.92,48.28,-50000.0,156773.56,0.0,0.0,,-1400.0
2,17,2.0,2,27.32,77.72,60.86,-50000.0,215509.49,957.96,0.0,,-1373.17712
2,18,2.0,2,26.18,86.06,69.03,-50000.0,250101.22,13748.35,0.0,,-1015.0462000000001
2,19,2.0,2,24.33,111.25,106.54,0.0,245561.53,0.0,0.0,,0.0
2,20,2.0,2,21.92,71.42,68.6,0.0,82020.24,0.0,-0.0,,0.0
2,21,2.0,2,20.51,43.75,41.45,0.0,0.0,0.0,-0.0,,0.0
2,22,2.0,2,19.43,37.98,35.99,0.0,0.0,0.0,-0.0,,0.0
2,23,2.0,2,18.44,34.62,32.87,0.0,0.0,0.0,0.0,,0.0
2,24,2.0,2,18.31,32.31,30.77,0.0,0.0,0.0,0.0,,0.0
2,1,3.0,2,18.04,30.29,28.93,0.0,0.0,0.0,0.0,,0.0
2,2,3.0,2,17.84,28.54,27.35,0.0,0.0,0.0,0.0,,0.0
2,3,3.0,2,17.67,27.02,25.97,0.0,0.0,0.0,0.0,,0.0
2,4,3.0,2,17.68,25.77,24.84,0.0,0.0,0.0,-0.0,,0.0
2,5,3.0,2,17.36,24.5,23.68,0.0,0.0,0.0,-0.0,,0.0
2,6,3.0,2,16.88,23.26,22.54,0.0,0.0,0.0,-0.0,,0.0
2,7,3.0,2,16.49,22.17,21.53,0.0,0.0,0.0,-0.0,,0.0
2,8,3.0,2,16.8,28.57,28.0,0.0,2268.49,0.0,0.0,,0.0
2,9,3.0,2,18.03,33.44,32.94,0.0,15519.18,0.0,0.0,,0.0
2,10,3.0,2,20.42,37.93,37.49,0.0,24594.68,0.0,0.0,,0.0
2,11,3.0,2,23.31,42.41,42.02,0.0,31706.97,0.0,0.0,,0.0
2,12,3.0,2,25.75,45.81,45.46,0.0,34922.85,0.0,0.0,,0.0
2,13,3.0,2,27.77,48.32,48.02,0.0,35707.77,0.0,0.0,,0.0
2,14,3.0,2,28.74,50.25,49.98,0.0,36703.92,0.0,0.0,,0.0
2,15,3.0,2,28.97,64.13,63.88,0.0,82871.47,0.0,0.0,,0.0
2,16,3.0,2,28.39,87.18,86.97,0.0,156773.56,0.0,0.0,,0.0
2,17,3.0,2,27.63,108.17,107.98,0.0,215509.49,0.0,-0.0,,0.0
2,18,3.0,2,26.36,122.86,122.69,0.0,250101.22,0.0,-0.0,,0.0
2,19,3.0,2,24.48,119.58,119.43,0.0,245561.53,0.0,-0.0,,0.0
2,20,3.0,2,22.14,75.73,75.59,0.0,82020.24,0.0,0.0,,0.0
2,21,3.0,2,20.51,47.03,46.92,0.0,0.0,0.0,-0.0,,0.0
2,22,3.0,2,19.43,40.79,40.69,0.0,0.0,0.0,-0.0,,0.0
2,23,3.0,2,18.68,37.21,37.12,0.0,0.0,0.0,0.0,,0.0
2,24,3.0,2,18.22,34.44,34.36,0.0,0.0,0.0,0.0,,0.0
2,1,4.0,2,17.84,32.08,32.01,0.0,0.0,0.0,0.0,,0.0
2,2,4.0,2,17.53,30.03,29.97,0.0,0.0,0.0,0.0,,0.0
2,3,4.0,2,17.05,28.12,28.06,0.0,0.0,0.0,0.0,,0.0
2,4,4.0,2,16.9,26.57,26.52,0.0,0.0,0.0,0.0,,0.0
2,5,4.0,2,16.58,25.11,25.06,0.0,0.0,0.0,0.0,,0.0
2,6,4.0,2,16.33,23.82,23.78,0.0,0.0,0.0,0.0,,0.0
2,7,4.0,2,16.04,22.65,22.62,0.0,0.0,0.0,-0.0,,0.0
2,8,4.0,2,16.68,29.14,29.1,0.0,2268.49,0.0,0.0,,0.0
2,9,4.0,2,18.58,34.3,34.27,0.0,15519.18,0.0,0.0,,0.0
2,10,4.0,2,20.73,38.65,38.63,0.0,24594.68,0.0,0.0,,0.0
2,11,4.0,2,23.12,42.81,42.79,0.0,31706.97,0.0,0.0,,0.0
2,12,4.0,2,25.29,45.98,45.96,0.0,34922.85,0.0,0.0,,0.0
2,13,4.0,2,27.12,48.31,48.29,0.0,35707.77,0.0,0.0,,0.0
2,14,4.0,2,28.22,50.22,50.2,0.0,36703.92,0.0,0.0,,0.0
2,15,4.0,2,28.41,64.01,64.0,0.0,82871.47,0.0,0.0,,0.0
2,16,4.0,2,28.19,87.21,87.2,0.0,156773.56,0.0,0.0,,0.0
2,17,4.0,2,27.56,108.26,108.25,0.0,215509.49,0.0,-0.0,,0.0
2,18,4.0,2,26.44,123.02,123.01,0.0,250101.22,0.0,-0.0,,0.0
2,19,4.0,2,24.59,119.76,119.75,0.0,245561.53,0.0,-0.0,,0.0
2,20,4.0,2,22.2,75.87,75.86,0.0,82020.24,0.0,0.0,,0.0
2,21,4.0,2,20.67,47.22,47.22,0.0,0.0,0.0,-0.0,,0.0
2,22,4.0,2,19.79,41.1,41.09,0.0,0.0,0.0,-0.0,,0.0
2,23,4.0,2,19.12,37.57,37.56,0.0,0.0,0.0,0.0,,0.0
2,24,4.0,2,18.47,34.72,34.71,0.0,0.0,0.0,0.0,,0.0
2,1,5.0,2,18.01,32.31,32.3,0.0,0.0,0.0,0.0,,0.0
2,2,5.0,2,18.0,30.41,30.41,0.0,0.0,0.0,0.0,,0.0
2,3,5.0,2,17.79,28.67,28.66,0.0,0.0,0.0,0.0,,0.0
2,4,5.0,2,17.64,27.15,27.14,0.0,0.0,0.0,0.0,,0.0
2,5,5.0,2,17.2,25.65,25.64,0.0,0.0,0.0,0.0,,0.0
2,6,5.0,2,16.82,24.3,24.3,0.0,0.0,0.0,0.0,,0.0
2,7,5.0,2,16.57,23.15,23.15,0.0,0.0,0.0,-0.0,,0.0
2,8,5.0,2,17.14,25.06,25.06,0.0,2268.49,0.0,0.0,,0.0
2,9,5.0,2,18.99,28.59,26.91,-5876.75,15519.18,0.0,0.0,,-164.549
2,10,5.0,2,21.5,32.16,26.91,-17838.5,24594.68,0.0,-9028.31,,-752.27068
2,11,5.0,2,24.46,35.91,26.91,-29724.06,31706.97,0.0,-19766.75,,-1385.7426799999998
2,12,5.0,2,27.05,38.87,26.91,-38561.45,34922.85,0.0,-24119.58,,-1755.06884
2,13,5.0,2,28.99,41.0,26.91,-44512.11,35707.77,0.0,-24248.77,,-1925.30464
2,14,5.0,2,29.51,42.16,26.91,-47235.2,36703.92,0.0,-20559.46,,-1898.25048
2,15,5.0,2,29.21,51.05,34.7,-50000.0,82871.47,0.0,-9072.13,,-1654.01964
2,16,5.0,2,28.5,65.61,48.97,-50000.0,156773.56,0.0,0.0,,-1400.0
2,17,5.0,2,27.64,78.24,61.39,-50000.0,215509.49,1819.3,0.0,,-1349.0595999999998
2,18,5.0,2,26.44,86.5,69.47,-50000.0,250101.22,14543.47,0.0,,-992.78284
2,19,5.0,2,24.28,111.57,106.87,0.0,245561.53,0.0,0.0,,0.0
2,20,5.0,2,21.82,71.66,68.85,0.0,82020.24,0.0,-0.0,,0.0
2,21,5.0,2,20.27,43.88,41.59,0.0,0.0,0.0,-0.0,,0.0
2,22,5.0,2,19.37,38.15,36.16,0.0,0.0,0.0,-0.0,,0.0
2,23,5.0,2,18.59,34.88,33.14,0.0,0.0,0.0,0.0,,0.0
2,24,5.0,2,17.7,32.15,30.62,0.0,0.0,0.0,0.0,,0.0
2,1,6.0,2,17.0,29.81,28.47,0.0,0.0,0.0,0.0,,0.0
2,2,6.0,2,16.64,27.89,26.7,0.0,0.0,0.0,0.0,,0.0
2,3,6.0,2,16.21,26.15,25.1,0.0,0.0,0.0,0.0,,0.0
2,4,6.0,2,16.03,24.71,23.79,0.0,0.0,0.0,0.0,,0.0
2,5,6.0,2,15.72,23.37,22.56,0.0,0.0,0.0,-0.0,,0.0
2,6,6.0,2,15.54,22.23,21.51,0.0,0.0,0.0,-0.0,,0.0
2,7,6.0,2,15.41,21.24,20.61,0.0,0.0,0.0,-0.0,,0.0
2,8,6.0,2,16.42,23.76,23.37,0.0,2268.49,0.0,0.0,,0.0
2,9,6.0,2,18.34,27.43,26.91,-672.14,15519.18,0.0,0.0,,-18.81992
2,10,6.0,2,20.87,31.09,26.91,-13577.23,24594.68,0.0,-4798.2,,-514.5120400000001
2,11,6.0,2,23.35,34.57,26.91,-24692.98,31706.97,0.0,-12660.59,,-1045.89996
2,12,6.0,2,25.42,37.19,26.91,-32591.79,34922.85,0.0,-15191.83,,-1337.94136
2,13,6.0,2,27.11,39.13,26.91,-38170.63,35707.77,0.0,-15254.63,,-1495.90728
2,14,6.0,2,28.35,40.78,26.91,-42811.58,36703.92,0.0,-16175.11,,-1651.62732
2,15,6.0,2,28.96,50.34,34.11,-50000.0,82871.47,0.0,-9345.93,,-1661.68604
2,16,6.0,2,28.71,65.3,48.7,-50000.0,156773.56,0.0,0.0,,-1400.0
2,17,6.0,2,27.84,78.01,61.18,-50000.0,215509.49,356.37,0.0,,-1390.02164
2,18,6.0,2,26.41,86.18,69.17,-50000.0,250101.22,13884.52,0.0,,-1011.23344
2,19,6.0,2,24.15,111.1,106.43,0.0,245561.53,0.0,0.0,,0.0
2,20,6.0,2,21.34,71.04,68.25,0.0,82020.24,0.0,-0.0,,0.0
2,21,6.0,2,19.56,43.13,40.85,0.0,0.0,0.0,-0.0,,0.0
2,22,6.0,2,18.56,37.34,35.36,0.0,0.0,0.0,-0.0,,0.0
2,23,6.0,2,17.74,34.04,32.31,0.0,0.0,0.0,0.0,,0.0
2,24,6.0,2,17.36,31.58,30.06,0.0,0.0,0.0,0.0,,0.0
2,1,7.0,2,16.94,29.45,28.11,0.0,0.0,0.0,0.0,,0.0
2,2,7.0,2,16.62,27.6,26.41,0.0,0.0,0.0,0.0,,0.0
2,3,7.0,2,16.19,25.89,24.85,0.0,0.0,0.0,-0.0,,0.0
2,4,7.0,2,16.06,24.51,23.59,0.0,0.0,0.0,-0.0,,0.0
2,5,7.0,2,16.13,23.41,22.6,0.0,0.0,0.0,-0.0,,0.0
2,6,7.0,2,16.01,22.36,21.64,0.0,0.0,0.0,-0.0,,0.0
2,7,7.0,2,15.58,21.25,20.62,0.0,0.0,0.0,-0.0,,0.0
2,8,7.0,2,16.47,23.74,23.36,0.0,2268.49,0.0,-283.05,,-7.925400000000001
2,9,7.0,2,18.38,27.41,26.91,-620.99,15519.18,0.0,0.0,,-17.38772
2,10,7.0,2,20.91,31.08,26.91,-13558.47,24594.68,0.0,-5480.98,,-533.1045999999999
2,11,7.0,2,23.36,34.54,26.91,-24606.67,31706.97,0.0,-9695.96,,-960.4736399999999
2,12,7.0,2,25.53,37.23,26.91,-32760.2,34922.85,0.0,-13761.95,,-1302.6201999999998
2,13,7.0,2,27.46,39.35,26.91,-38936.53,35707.77,0.0,-16029.43,,-1539.0468799999999
2,14,7.0,2,28.67,41.0,26.91,-43533.75,36703.92,0.0,-16436.17,,-1679.15776
2,15,7.0,2,29.15,50.49,34.24,-50000.0,82871.47,0.0,-9328.17,,-1661.18876
2,16,7.0,2,28.51,65.18,48.56,-50000.0,156773.56,0.0,0.0,,-1400.0
2,17,7.0,2,27.32,77.64,60.81,-50000.0,215509.49,1634.99,0.0,,-1354.22028
2,18,7.0,2,25.91,85.8,68.78,-50000.0,250101.22,13183.67,0.0,,-1030.85724
2,19,7.0,2,23.87,110.87,106.19,0.0,245561.53,0.0,0.0,,0.0
2,20,7.0,2,21.37,70.98,68.18,0.0,82020.24,0.0,-0.0,,0.0
2,21,7.0,2,19.97,43.3,41.01,0.0,0.0,0.0,-0.0,,0.0
2,22,7.0,2,18.75,37.43,35.45,0.0,0.0,0.0,-0.0,,0.0
2,23,7.0,2,17.83,34.09,32.35,0.0,0.0,0.0,0.0,,0.0
2,24,7.0,2,17.29,31.55,30.02,0.0,0.0,0.0,0.0,,0.0
2,1,1.0,3,17.03,29.48,28.14,0.0,0.0,0.0,0.0,,0.0
2,2,1.0,3,16.83,27.71,26.52,0.0,0.0,0.0,0.0,,0.0
2,3,1.0,3,16.44,26.04,25.0,0.0,0.0,0.0,-0.0,,0.0
2,4,1.0,3,16.06,24.54,23.62,0.0,0.0,0.0,-0.0,,0.0
2,5,1.0,3,15.69,23.19,22.37,0.0,0.0,0.0,-0.0,,0.0
2,6,1.0,3,15.65,22.14,21.42,0.0,0.0,0.0,-0.0,,0.0
2,7,1.0,3,15.21,21.01,20.37,0.0,0.0,0.0,-0.0,,0.0
2,8,1.0,3,16.52,23.58,23.19,0.0,1448.34,0.0,-411.32,,-12.75092
2,9,1.0,3,18.41,26.81,26.48,0.0,12385.01,0.0,0.0,,0.0
2,10,1.0,3,21.28,30.61,26.51,-13391.8,21197.7,0.0,-7648.71,,-652.2558099999999
2,11,1.0,3,23.54,34.58,26.51,-26184.33,31751.39,0.0,-15030.56,,-1277.6615900000002
2,12,1.0,3,26.05,37.32,26.51,-34352.44,33636.08,0.0,-20334.64,,-1695.29948
2,13,1.0,3,28.25,40.03,26.51,-42531.82,36412.4,0.0,-23065.56,,-2033.5187800000003
2,14,1.0,3,29.51,41.78,26.51,-47275.52,37307.89,0.0,-19572.83,,-2072.29885
2,15,1.0,3,30.03,51.74,35.35,-50000.0,85562.75,0.0,-8655.42,,-1818.31802
2,16,1.0,3,29.4,66.09,49.41,-50000.0,157091.32,0.0,0.0,,-1550.0
2,17,1.0,3,28.54,78.45,61.56,-50000.0,213965.36,1415.63,0.0,,-1506.11547
2,18,1.0,3,26.91,84.19,67.13,-50000.0,236411.57,9671.89,0.0,,-1250.17141
2,19,1.0,3,24.46,100.86,96.13,0.0,208247.75,0.0,0.0,,0.0
2,20,1.0,3,21.8,47.01,44.16,0.0,204.7,0.0,-0.0,,0.0
2,21,1.0,3,20.42,38.93,36.61,0.0,0.0,0.0,-0.0,,0.0
2,22,1.0,3,19.46,35.29,33.27,0.0,0.0,0.0,0.0,,0.0
2,23,1.0,3,18.59,32.56,30.79,0.0,0.0,0.0,0.0,,0.0
2,24,1.0,3,18.02,30.33,28.78,0.0,0.0,0.0,0.0,,0.0
2,1,2.0,3,17.83,28.56,27.19,0.0,0.0,0.0,0.0,,0.0
2,2,2.0,3,17.74,27.06,25.85,0.0,0.0,0.0,-0.0,,0.0
2,3,2.0,3,17.34,25.59,24.52,0.0,0.0,0.0,-0.0,,0.0
2,4,2.0,3,16.99,24.27,23.33,0.0,0.0,0.0,-0.0,,0.0
2,5,2.0,3,16.62,23.06,22.23,0.0,0.0,0.0,-0.0,,0.0
2,6,2.0,3,16.33,22.01,21.27,0.0,0.0,0.0,-0.0,,0.0
2,7,2.0,3,15.91,20.98,20.33,0.0,0.0,0.0,-0.0,,0.0
2,8,2.0,3,16.87,23.6,23.2,0.0,1448.34,0.0,-380.53,,-11.796429999999999
2,9,2.0,3,18.52,26.7,26.37,0.0,12385.01,0.0,0.0,,0.0
2,10,2.0,3,21.02,30.27,26.51,-12163.39,21197.7,0.0,-5672.75,,-552.92034
2,11,2.0,3,23.4,34.32,26.51,-25361.71,31751.39,0.0,-13778.05,,-1213.3325599999998
2,12,2.0,3,25.78,36.99,26.51,-33269.69,33636.08,0.0,-17704.36,,-1580.1955500000001
2,13,2.0,3,27.8,39.58,26.51,-41086.6,36412.4,0.0,-20484.38,,-1908.70038
2,14,2.0,3,28.77,41.12,26.51,-45136.57,37307.89,0.0,-18370.15,,-1968.70832
2,15,2.0,3,28.91,50.79,34.48,-50000.0,85562.75,0.0,-8718.02,,-1820.25862
2,16,2.0,3,28.26,65.09,48.44,-50000.0,157091.32,0.0,0.0,,-1550.0
2,17,2.0,3,27.31,77.36,60.51,-50000.0,213965.36,1332.86,0.0,,-1508.68134
2,18,2.0,3,26.08,83.37,66.33,-50000.0,236411.57,9984.37,0.0,,-1240.48453
2,19,2.0,3,24.16,100.33,95.63,0.0,208247.75,0.0,0.0,,0.0
2,20,2.0,3,21.64,46.6,43.78,0.0,204.7,0.0,-0.0,,0.0
2,21,2.0,3,20.19,38.52,36.22,0.0,0.0,0.0,-0.0,,0.0
2,22,2.0,3,19.09,34.82,32.83,0.0,0.0,0.0,0.0,,0.0
2,23,2.0,3,18.21,32.1,30.35,0.0,0.0,0.0,0.0,,0.0
2,24,2.0,3,17.58,29.84,28.3,0.0,0.0,0.0,0.0,,0.0
2,1,3.0,3,17.25,28.0,26.64,0.0,0.0,0.0,0.0,,0.0
2,2,3.0,3,17.07,26.44,25.25,0.0,0.0,0.0,0.0,,0.0
2,3,3.0,3,16.73,24.99,23.94,0.0,0.0,0.0,-0.0,,0.0
2,4,3.0,3,16.39,23.67,22.74,0.0,0.0,0.0,-0.0,,0.0
2,5,3.0,3,15.92,22.42,21.59,0.0,0.0,0.0,-0.0,,0.0
2,6,3.0,3,15.63,21.35,20.63,0.0,0.0,0.0,-0.0,,0.0
2,7,3.0,3,15.12,20.27,19.63,0.0,0.0,0.0,-0.0,,0.0
2,8,3.0,3,15.9,26.76,26.19,0.0,1448.34,0.0,0.0,,0.0
2,9,3.0,3,17.44,31.21,30.71,0.0,12385.01,0.0,0.0,,0.0
2,10,3.0,3,20.05,35.73,35.29,0.0,21197.7,0.0,0.0,,0.0
2,11,3.0,3,22.84,41.13,40.74,0.0,31751.39,0.0,0.0,,0.0
2,12,3.0,3,25.4,44.43,44.08,0.0,33636.08,0.0,0.0,,0.0
2,13,3.0,3,27.33,47.51,47.2,0.0,36412.4,0.0,0.0,,0.0
2,14,3.0,3,28.45,49.64,49.37,0.0,37307.89,0.0,0.0,,0.0
2,15,3.0,3,28.88,64.31,64.07,0.0,85562.75,0.0,0.0,,0.0
2,16,3.0,3,28.27,86.9,86.68,0.0,157091.32,0.0,0.0,,0.0
2,17,3.0,3,27.43,107.35,107.16,0.0,213965.36,0.0,-0.0,,0.0
2,18,3.0,3,25.83,118.47,118.3,0.0,236411.57,0.0,-0.0,,0.0
2,19,3.0,3,23.61,107.88,107.73,0.0,208247.75,0.0,-0.0,,0.0
2,20,3.0,3,21.17,50.24,50.11,0.0,204.7,0.0,0.0,,0.0
2,21,3.0,3,19.89,41.36,41.24,0.0,0.0,0.0,0.0,,0.0
2,22,3.0,3,18.91,37.3,37.19,0.0,0.0,0.0,0.0,,0.0
2,23,3.0,3,18.19,34.33,34.24,0.0,0.0,0.0,0.0,,0.0
2,24,3.0,3,17.63,31.85,31.77,0.0,0.0,0.0,0.0,,0.0
2,1,4.0,3,18.14,30.23,30.16,0.0,0.0,0.0,0.0,,0.0
2,2,4.0,3,17.74,28.43,28.36,0.0,0.0,0.0,0.0,,0.0
2,3,4.0,3,17.26,26.74,26.68,0.0,0.0,0.0,0.0,,0.0
2,4,4.0,3,16.78,25.2,25.15,0.0,0.0,0.0,0.0,,0.0
2,5,4.0,3,16.35,23.82,23.78,0.0,0.0,0.0,0.0,,0.0
2,6,4.0,3,16.19,22.72,22.68,0.0,0.0,0.0,-0.0,,0.0
2,7,4.0,3,15.56,21.48,21.44,0.0,0.0,0.0,-0.0,,0.0
2,8,4.0,3,16.2,27.8,27.77,0.0,1448.34,0.0,0.0,,0.0
2,9,4.0,3,17.81,32.2,32.17,0.0,12385.01,0.0,0.0,,0.0
2,10,4.0,3,20.2,36.53,36.51,0.0,21197.7,0.0,0.0,,0.0
2,11,4.0,3,22.6,41.64,41.62,0.0,31751.39,0.0,0.0,,0.0
2,12,4.0,3,24.75,44.6,44.58,0.0,33636.08,0.0,0.0,,0.0
2,13,4.0,3,26.49,47.46,47.44,0.0,36412.4,0.0,0.0,,0.0
2,14,4.0,3,27.89,49.64,49.63,0.0,37307.89,0.0,0.0,,0.0
2,15,4.0,3,28.67,64.44,64.43,0.0,85562.75,0.0,0.0,,0.0
2,16,4.0,3,28.29,87.14,87.12,0.0,157091.32,0.0,0.0,,0.0
2,17,4.0,3,27.49,107.59,107.58,0.0,213965.36,0.0,-0.0,,0.0
2,18,4.0,3,26.09,118.8,118.79,0.0,236411.57,0.0,-0.0,,0.0
2,19,4.0,3,24.1,108.34,108.33,0.0,208247.75,0.0,-0.0,,0.0
2,20,4.0,3,21.82,50.81,50.8,0.0,204.7,0.0,0.0,,0.0
2,21,4.0,3,20.04,41.67,41.66,0.0,0.0,0.0,0.0,,0.0
2,22,4.0,3,18.87,37.47,37.46,0.0,0.0,0.0,0.0,,0.0
2,23,4.0,3,18.21,34.5,34.5,0.0,0.0,0.0,0.0,,0.0
2,24,4.0,3,17.65,32.01,32.0,0.0,0.0,0.0,0.0,,0.0
2,1,5.0,3,17.03,29.75,29.75,0.0,0.0,0.0,0.0,,0.0
2,2,5.0,3,16.69,27.87,27.87,0.0,0.0,0.0,0.0,,0.0
2,3,5.0,3,16.5,26.27,26.27,0.0,0.0,0.0,0.0,,0.0
2,4,5.0,3,16.33,24.88,24.88,0.0,0.0,0.0,0.0,,0.0
2,5,5.0,3,16.32,23.72,23.72,0.0,0.0,0.0,0.0,,0.0
2,6,5.0,3,16.3,22.72,22.72,0.0,0.0,0.0,-0.0,,0.0
2,7,5.0,3,15.59,21.46,21.46,0.0,0.0,0.0,-0.0,,0.0
2,8,5.0,3,16.18,23.5,23.5,0.0,1448.34,0.0,0.0,,0.0
2,9,5.0,3,17.61,26.36,26.35,0.0,12385.01,0.0,0.0,,0.0
2,10,5.0,3,20.03,29.78,26.51,-11470.64,21197.7,0.0,-1667.79,,-407.29133
2,11,5.0,3,22.26,33.66,26.51,-24005.14,31751.39,0.0,-8375.69,,-1003.8057300000002
2,12,5.0,3,24.43,36.12,26.51,-31134.34,33636.08,0.0,-10898.86,,-1303.0292
2,13,5.0,3,26.07,38.37,26.51,-37782.5,36412.4,0.0,-17641.47,,-1718.14307
2,14,5.0,3,27.62,40.23,26.51,-43030.38,37307.89,0.0,-16795.23,,-1854.5939099999998
2,15,5.0,3,28.17,50.17,34.11,-50000.0,85562.75,0.0,-6712.09,,-1758.07479
2,16,5.0,3,27.72,64.61,48.15,-50000.0,157091.32,0.0,0.0,,-1550.0
2,17,5.0,3,27.09,77.1,60.4,-50000.0,213965.36,0.0,0.0,,-1550.0
2,18,5.0,3,26.01,83.23,66.33,-50000.0,236411.57,8344.22,0.0,,-1291.32918
2,19,5.0,3,24.04,100.16,95.63,0.0,208247.75,0.0,0.0,,0.0
2,20,5.0,3,21.73,46.55,43.89,0.0,204.7,0.0,-0.0,,0.0
2,21,5.0,3,20.0,38.35,36.19,0.0,0.0,0.0,-0.0,,0.0
2,22,5.0,3,18.7,34.53,32.66,0.0,0.0,0.0,0.0,,0.0
2,23,5.0,3,17.95,31.86,30.22,0.0,0.0,0.0,0.0,,0.0
2,24,5.0,3,17.38,29.64,28.2,0.0,0.0,0.0,0.0,,0.0
2,1,6.0,3,16.94,27.74,26.47,0.0,0.0,0.0,0.0,,0.0
2,2,6.0,3,16.51,26.04,24.92,0.0,0.0,0.0,0.0,,0.0
2,3,6.0,3,16.27,24.62,23.63,0.0,0.0,0.0,0.0,,0.0
2,4,6.0,3,16.05,23.36,22.49,0.0,0.0,0.0,-0.0,,0.0
2,5,6.0,3,15.93,22.29,21.52,0.0,0.0,0.0,-0.0,,0.0
2,6,6.0,3,15.86,21.37,20.7,0.0,0.0,0.0,-0.0,,0.0
2,7,6.0,3,15.31,20.3,19.7,0.0,0.0,0.0,-0.0,,0.0
2,8,6.0,3,15.91,22.7,22.33,0.0,1448.34,0.0,0.0,,0.0
2,9,6.0,3,17.5,25.74,25.44,0.0,12385.01,0.0,0.0,,0.0
2,10,6.0,3,19.98,29.29,26.51,-8806.44,21197.7,0.0,0.0,,-272.99964
2,11,6.0,3,22.33,33.31,26.51,-22197.84,31751.39,0.0,-7245.06,,-912.7299
2,12,6.0,3,24.86,36.07,26.51,-30497.95,33636.08,0.0,-10304.55,,-1264.8775
2,13,6.0,3,26.53,38.42,26.51,-37485.11,36412.4,0.0,-16242.1,,-1665.54351
2,14,6.0,3,28.06,40.33,26.51,-42942.94,37307.89,0.0,-16811.45,,-1852.3860900000002
2,15,6.0,3,28.7,50.37,34.2,-50000.0,85562.75,0.0,-7709.64,,-1788.99884
2,16,6.0,3,29.13,65.46,48.91,-50000.0,157091.32,0.0,0.0,,-1550.0
2,17,6.0,3,28.11,77.78,61.0,-50000.0,213965.36,0.0,0.0,,-1550.0
2,18,6.0,3,26.82,83.8,66.83,-50000.0,236411.57,9582.25,0.0,,-1252.95025
2,19,6.0,3,24.58,100.53,95.9,0.0,208247.75,0.0,0.0,,0.0
2,20,6.0,3,22.34,46.95,44.2,0.0,204.7,0.0,-0.0,,0.0
2,21,6.0,3,20.73,38.83,36.6,0.0,0.0,0.0,-0.0,,0.0
2,22,6.0,3,19.59,35.14,33.2,0.0,0.0,0.0,0.0,,0.0
2,23,6.0,3,18.87,32.52,30.82,0.0,0.0,0.0,0.0,,0.0
2,24,6.0,3,18.26,30.32,28.82,0.0,0.0,0.0,0.0,,0.0
2,1,7.0,3,17.83,28.44,27.12,0.0,0.0,0.0,0.0,,0.0
2,2,7.0,3,17.35,26.73,25.57,0.0,0.0,0.0,0.0,,0.0
2,3,7.0,3,16.83,25.17,24.15,0.0,0.0,0.0,-0.0,,0.0
2,4,7.0,3,16.4,23.79,22.89,0.0,0.0,0.0,-0.0,,0.0
2,5,7.0,3,16.07,22.59,21.79,0.0,0.0,0.0,-0.0,,0.0
2,6,7.0,3,15.85,21.56,20.86,0.0,0.0,0.0,-0.0,,0.0
2,7,7.0,3,15.28,20.45,19.83,0.0,0.0,0.0,-0.0,,0.0
2,8,7.0,3,15.85,22.75,22.37,0.0,1448.34,0.0,0.0,,0.0
2,9,7.0,3,17.58,25.87,25.55,0.0,12385.01,0.0,0.0,,0.0
2,10,7.0,3,20.35,29.62,26.51,-9922.77,21197.7,0.0,-2131.23,,-373.674
2,11,7.0,3,22.96,33.83,26.51,-23886.2,31751.39,0.0,-11680.01,,-1102.55251
2,12,7.0,3,25.57,36.67,26.51,-32397.96,33636.08,0.0,-15716.93,,-1491.56159
2,13,7.0,3,27.32,39.09,26.51,-39585.2,36412.4,0.0,-18821.57,,-1810.6098699999998
2,14,7.0,3,28.65,40.88,26.51,-44545.9,37307.89,0.0,-18540.89,,-1955.69049
2,15,7.0,3,29.04,50.75,34.49,-50000.0,85562.75,0.0,-9348.14,,-1839.7923400000002
2,16,7.0,3,29.45,65.82,49.21,-50000.0,157091.32,0.0,0.0,,-1550.0
2,17,7.0,3,28.45,78.15,61.32,-50000.0,213965.36,0.0,0.0,,-1550.0
2,18,7.0,3,27.32,84.27,67.26,-50000.0,236411.57,9873.58,0.0,,-1243.91902
2,19,7.0,3,25.0,100.95,96.28,0.0,208247.75,0.0,0.0,,0.0
2,20,7.0,3,22.61,47.29,44.5,0.0,204.7,0.0,-0.0,,0.0
2,21,7.0,3,20.97,39.14,36.87,0.0,0.0,0.0,-0.0,,0.0
2,22,7.0,3,19.71,35.37,33.4,0.0,0.0,0.0,0.0,,0.0
2,23,7.0,3,18.87,32.67,30.94,0.0,0.0,0.0,0.0,,0.0
2,24,7.0,3,18.07,30.33,28.81,0.0,0.0,0.0,0.0,,0.0
2,1,1.0,3,17.64,28.42,27.09,0.0,0.0,0.0,0.0,,0.0
2,2,1.0,3,17.2,26.72,25.54,0.0,0.0,0.0,0.0,,0.0
2,3,1.0,3,16.85,25.23,24.19,0.0,0.0,0.0,-0.0,,0.0
2,4,1.0,3,16.48,23.88,22.96,0.0,0.0,0.0,-0.0,,0.0
2,5,1.0,3,15.91,22.55,21.74,0.0,0.0,0.0,-0.0,,0.0
2,6,1.0,3,15.37,21.33,20.61,0.0,0.0,0.0,-0.0,,0.0
2,7,1.0,3,14.74,20.14,19.51,0.0,0.0,0.0,-0.0,,0.0
2,8,1.0,3,15.42,22.42,22.04,0.0,1448.34,0.0,0.0,,0.0
2,9,1.0,3,17.07,25.48,25.15,0.0,12385.01,0.0,0.0,,0.0
2,10,1.0,3,19.8,29.17,26.51,-8339.29,21197.7,0.0,-1842.18,,-315.62557000000004
2,11,1.0,3,22.84,33.67,26.51,-23457.09,31751.39,0.0,-11352.9,,-1079.10969
2,12,1.0,3,25.68,36.69,26.51,-32523.42,33636.08,0.0,-16572.61,,-1521.97693
2,13,1.0,3,27.59,39.24,26.51,-40126.18,36412.4,0.0,-18854.07,,-1828.38775
2,14,1.0,3,29.0,41.1,26.51,-45321.16,37307.89,0.0,-19329.89,,-2004.18255
2,15,1.0,3,29.51,51.08,34.8,-50000.0,85562.75,0.0,-10665.88,,-1880.64228
2,16,1.0,3,29.3,65.73,49.12,-50000.0,157091.32,0.0,0.0,,-1550.0
2,17,1.0,3,28.07,77.88,61.06,-50000.0,213965.36,121.62,0.0,,-1546.2297800000001
2,18,1.0,3,26.81,83.89,66.88,-50000.0,236411.57,11479.63,0.0,,-1194.13147
2,19,1.0,3,24.32,100.5,95.83,0.0,208247.75,0.0,0.0,,0.0
2,20,1.0,3,22.04,46.87,44.08,0.0,204.7,0.0,-0.0,,0.0
2,21,1.0,3,20.41,38.71,36.44,0.0,0.0,0.0,-0.0,,0.0
2,22,1.0,3,18.98,34.83,32.86,0.0,0.0,0.0,0.0,,0.0
2,23,1.0,3,18.23,32.15,30.42,0.0,0.0,0.0,0.0,,0.0
2,24,1.0,3,17.76,29.98,28.46,0.0,0.0,0.0,0.0,,0.0
2,1,2.0,3,17.49,28.18,26.84,0.0,0.0,0.0,0.0,,0.0
2,2,2.0,3,17.1,26.52,25.34,0.0,0.0,0.0,0.0,,0.0
2,3,2.0,3,16.8,25.07,24.03,0.0,0.0,0.0,-0.0,,0.0
2,4,2.0,3,16.58,23.83,22.91,0.0,0.0,0.0,-0.0,,0.0
2,5,2.0,3,16.23,22.64,21.83,0.0,0.0,0.0,-0.0,,0.0
2,6,2.0,3,15.75,21.49,20.77,0.0,0.0,0.0,-0.0,,0.0
2,7,2.0,3,15.26,20.41,19.77,0.0,0.0,0.0,-0.0,,0.0
2,8,2.0,3,15.79,22.69,22.31,0.0,1448.34,0.0,0.0,,0.0
2,9,2.0,3,17.23,25.62,25.29,0.0,12385.01,0.0,0.0,,0.0
2,10,2.0,3,19.77,29.18,26.51,-8352.33,21197.7,0.0,-1200.09,,-296.12502
2,11,2.0,3,22.57,33.49,26.51,-22841.43,31751.39,0.0,-9207.53,,-993.51776
2,12,2.0,3,25.35,36.45,26.51,-31738.09,33636.08,0.0,-13682.63,,-1408.04232
2,13,2.0,3,27.36,39.06,26.51,-39575.96,36412.4,0.0,-18103.6,,-1788.0663599999998
2,14,2.0,3,28.74,40.89,26.51,-44658.79,37307.89,0.0,-17344.82,,-1922.1119099999999
2,15,2.0,3,29.37,50.94,34.7,-50000.0,85562.75,0.0,-8555.93,,-1815.2338300000001
2,16,2.0,3,29.01,65.5,48.9,-50000.0,157091.32,0.0,0.0,,-1550.0
2,17,2.0,3,27.64,77.54,60.73,-50000.0,213965.36,1283.12,0.0,,-1510.22328
2,18,2.0,3,26.13,83.36,66.37,-50000.0,236411.57,12383.41,0.0,,-1166.1142899999998
2,19,2.0,3,23.58,99.96,95.3,0.0,208247.75,0.0,0.0,,0.0
2,20,2.0,3,21.19,46.25,43.47,0.0,204.7,0.0,-0.0,,0.0
2,21,2.0,3,19.52,38.04,35.77,0.0,0.0,0.0,-0.0,,0.0
2,22,2.0,3,17.84,33.99,32.03,0.0,0.0,0.0,-0.0,,0.0
2,23,2.0,3,17.09,31.26,29.54,0.0,0.0,0.0,0.0,,0.0
2,24,2.0,3,16.56,29.03,27.52,0.0,0.0,0.0,0.0,,0.0
2,1,3.0,3,16.26,27.18,25.84,0.0,0.0,0.0,0.0,,0.0
2,2,3.0,3,15.89,25.5,24.32,0.0,0.0,0.0,0.0,,0.0
2,3,3.0,3,15.63,24.05,23.02,0.0,0.0,0.0,-0.0,,0.0
2,4,3.0,3,15.45,22.81,21.89,0.0,0.0,0.0,-0.0,,0.0
2,5,3.0,3,15.12,21.62,20.81,0.0,0.0,0.0,-0.0,,0.0
2,6,3.0,3,14.77,20.52,19.81,0.0,0.0,0.0,-0.0,,0.0
2,7,3.0,3,14.15,19.38,18.75,0.0,0.0,0.0,-0.0,,0.0
2,8,3.0,3,14.68,25.72,25.16,0.0,1448.34,0.0,0.0,,0.0
2,9,3.0,3,16.11,30.08,29.59,0.0,12385.01,0.0,0.0,,0.0
2,10,3.0,3,18.72,34.57,34.13,0.0,21197.7,0.0,0.0,,0.0
2,11,3.0,3,21.35,39.86,39.48,0.0,31751.39,0.0,0.0,,0.0
2,12,3.0,3,24.02,43.18,42.84,0.0,33636.08,0.0,0.0,,0.0
2,13,3.0,3,26.01,46.28,45.98,0.0,36412.4,0.0,0.0,,0.0
2,14,3.0,3,27.37,48.53,48.26,0.0,37307.89,0.0,0.0,,0.0
2,15,3.0,3,28.09,63.37,63.14,0.0,85562.75,0.0,0.0,,0.0
2,16,3.0,3,28.37,86.48,86.27,0.0,157091.32,0.0,0.0,,0.0
2,17,3.0,3,27.18,106.84,106.65,0.0,213965.36,0.0,-0.0,,0.0
2,18,3.0,3,25.88,118.14,117.98,0.0,236411.57,0.0,-0.0,,0.0
2,19,3.0,3,23.44,107.5,107.35,0.0,208247.75,0.0,-0.0,,0.0
2,20,3.0,3,21.18,49.98,49.85,0.0,204.7,0.0,0.0,,0.0
2,21,3.0,3,19.41,40.87,40.75,0.0,0.0,0.0,0.0,,0.0
2,22,3.0,3,18.04,36.58,36.47,0.0,0.0,0.0,0.0,,0.0
2,23,3.0,3,17.27,33.55,33.46,0.0,0.0,0.0,0.0,,0.0
2,24,3.0,3,16.75,31.07,30.99,0.0,0.0,0.0,0.0,,0.0
2,1,4.0,3,16.55,29.05,28.98,0.0,0.0,0.0,0.0,,0.0
2,2,4.0,3,16.35,27.28,27.22,0.0,0.0,0.0,0.0,,0.0
2,3,4.0,3,16.14,25.71,25.65,0.0,0.0,0.0,0.0,,0.0
2,4,4.0,3,15.87,24.29,24.24,0.0,0.0,0.0,0.0,,0.0
2,5,4.0,3,15.43,22.91,22.87,0.0,0.0,0.0,0.0,,0.0
2,6,4.0,3,15.09,21.71,21.67,0.0,0.0,0.0,-0.0,,0.0
2,7,4.0,3,14.6,20.53,20.5,0.0,0.0,0.0,-0.0,,0.0
2,8,4.0,3,15.21,26.84,26.81,0.0,1448.34,0.0,0.0,,0.0
2,9,4.0,3,16.86,31.25,31.22,0.0,12385.01,0.0,0.0,,0.0
2,10,4.0,3,19.71,35.84,35.81,0.0,21197.7,0.0,0.0,,0.0
2,11,4.0,3,22.49,41.19,41.17,0.0,31751.39,0.0,0.0,,0.0
2,12,4.0,3,25.01,44.42,44.4,0.0,33636.08,0.0,0.0,,0.0
2,13,4.0,3,27.0,47.48,47.46,0.0,36412.4,0.0,0.0,,0.0
2,14,4.0,3,28.33,49.7,49.68,0.0,37307.89,0.0,0.0,,0.0
2,15,4.0,3,29.0,64.49,64.47,0.0,85562.75,0.0,0.0,,0.0
2,16,4.0,3,28.67,87.24,87.23,0.0,157091.32,0.0,0.0,,0.0
2,17,4.0,3,27.61,107.59,107.58,0.0,213965.36,0.0,-0.0,,0.0
2,18,4.0,3,26.15,118.77,118.76,0.0,236411.57,0.0,-0.0,,0.0
2,19,4.0,3,23.78,108.12,108.11,0.0,208247.75,0.0,-0.0,,0.0
2,20,4.0,3,21.43,50.51,50.5,0.0,204.7,0.0,0.0,,0.0
2,21,4.0,3,19.64,41.35,41.35,0.0,0.0,0.0,0.0,,0.0
2,22,4.0,3,18.52,37.17,37.16,0.0,0.0,0.0,0.0,,0.0
2,23,4.0,3,17.69,34.11,34.1,0.0,0.0,0.0,0.0,,0.0
2,24,4.0,3,17.05,31.54,31.54,0.0,0.0,0.0,0.0,,0.0
2,1,5.0,3,16.72,29.43,29.42,0.0,0.0,0.0,0.0,,0.0
2,2,5.0,3,16.43,27.58,27.58,0.0,0.0,0.0,0.0,,0.0
2,3,5.0,3,16.14,25.94,25.93,0.0,0.0,0.0,0.0,,0.0
2,4,5.0,3,15.85,24.47,24.47,0.0,0.0,0.0,0.0,,0.0
2,5,5.0,3,15.33,23.02,23.02,0.0,0.0,0.0,0.0,,0.0
2,6,5.0,3,14.88,21.73,21.73,0.0,0.0,0.0,-0.0,,0.0
2,7,5.0,3,14.33,20.49,20.49,0.0,0.0,0.0,-0.0,,0.0
2,8,5.0,3,15.09,22.53,22.53,0.0,1448.34,0.0,0.0,,0.0
2,9,5.0,3,16.65,25.46,25.46,0.0,12385.01,0.0,0.0,,0.0
2,10,5.0,3,19.16,28.95,26.51,-8539.27,21197.7,0.0,0.0,,-264.71737
2,11,5.0,3,21.8,33.11,26.51,-22343.31,31751.39,0.0,-5780.95,,-871.85206
2,12,5.0,3,24.31,35.82,26.51,-30347.2,33636.08,0.0,-9505.8,,-1235.443
2,13,5.0,3,26.29,38.35,26.51,-37882.8,36412.4,0.0,-14261.26,,-1616.46586
2,14,5.0,3,27.74,40.19,26.51,-42961.2,37307.89,0.0,-14702.32,,-1787.5691199999999
2,15,5.0,3,28.62,50.37,34.34,-50000.0,85562.75,0.0,-4950.4,,-1703.4624000000001
2,16,5.0,3,28.41,65.02,48.58,-50000.0,157091.32,0.0,0.0,,-1550.0
2,17,5.0,3,27.41,77.31,60.63,-50000.0,213965.36,3340.99,0.0,,-1446.42931
2,18,5.0,3,26.06,83.25,66.37,-50000.0,236411.57,11310.39,0.0,,-1199.37791
2,19,5.0,3,23.78,100.0,95.49,0.0,208247.75,0.0,0.0,,0.0
2,20,5.0,3,21.57,46.42,43.78,0.0,204.7,0.0,-0.0,,0.0
2,21,5.0,3,19.93,38.26,36.12,0.0,0.0,0.0,-0.0,,0.0
2,22,5.0,3,18.83,34.56,32.7,0.0,0.0,0.0,0.0,,0.0
2,23,5.0,3,18.1,31.92,30.29,0.0,0.0,0.0,0.0,,0.0
2,24,5.0,3,17.48,29.68,28.25,0.0,0.0,0.0,0.0,,0.0
2,1,6.0,3,17.12,27.83,26.57,0.0,0.0,0.0,0.0,,0.0
2,2,6.0,3,16.81,26.21,25.1,0.0,0.0,0.0,0.0,,0.0
2,3,6.0,3,16.58,24.81,23.83,0.0,0.0,0.0,-0.0,,0.0
2,4,6.0,3,16.51,23.65,22.79,0.0,0.0,0.0,-0.0,,0.0
2,5,6.0,3,16.41,22.62,21.86,0.0,0.0,0.0,-0.0,,0.0
2,6,6.0,3,16.31,21.71,21.04,0.0,0.0,0.0,-0.0,,0.0
2,7,6.0,3,15.86,20.71,20.11,0.0,0.0,0.0,-0.0,,0.0
2,8,6.0,3,16.3,23.05,22.69,0.0,1448.34,0.0,-54.2,,-1.6802000000000001
2,9,6.0,3,17.8,26.04,25.74,0.0,12385.01,0.0,0.0,,0.0
2,10,6.0,3,20.13,29.48,26.51,-9483.6,21197.7,0.0,-3184.9,,-392.7235
2,11,6.0,3,22.63,33.59,26.51,-23138.88,31751.39,0.0,-10636.84,,-1047.0473200000001
2,12,6.0,3,25.06,36.29,26.51,-31175.79,33636.08,0.0,-16501.0,,-1477.98049
2,13,6.0,3,26.75,38.65,26.51,-38191.06,36412.4,0.0,-17483.05,,-1725.8974099999998
2,14,6.0,3,27.96,40.33,26.51,-42854.07,37307.89,0.0,-17544.44,,-1872.3538099999998
2,15,6.0,3,28.48,50.27,34.08,-50000.0,85562.75,0.0,-9379.86,,-1840.77566
2,16,6.0,3,28.34,64.95,48.38,-50000.0,157091.32,0.0,0.0,,-1550.0
2,17,6.0,3,27.48,77.32,60.53,-50000.0,213965.36,3292.9,0.0,,-1447.9200999999998
2,18,6.0,3,26.39,83.46,66.48,-50000.0,236411.57,12042.01,0.0,,-1176.69769
2,19,6.0,3,24.05,100.15,95.52,0.0,208247.75,0.0,0.0,,0.0
2,20,6.0,3,21.96,46.64,43.89,0.0,204.7,0.0,-0.0,,0.0
2,21,6.0,3,20.2,38.44,36.2,0.0,0.0,0.0,-0.0,,0.0
2,22,6.0,3,18.89,34.63,32.69,0.0,0.0,0.0,0.0,,0.0
2,23,6.0,3,17.91,31.84,30.14,0.0,0.0,0.0,0.0,,0.0
2,24,6.0,3,17.02,29.44,27.93,0.0,0.0,0.0,0.0,,0.0
2,1,7.0,3,16.46,27.44,26.11,0.0,0.0,0.0,0.0,,0.0
2,2,7.0,3,16.18,25.79,24.63,0.0,0.0,0.0,0.0,,0.0
2,3,7.0,3,15.9,24.33,23.31,0.0,0.0,0.0,-0.0,,0.0
2,4,7.0,3,15.67,23.06,22.15,0.0,0.0,0.0,-0.0,,0.0
2,5,7.0,3,15.38,21.89,21.09,0.0,0.0,0.0,-0.0,,0.0
2,6,7.0,3,14.95,20.75,20.04,0.0,0.0,0.0,-0.0,,0.0
2,7,7.0,3,14.46,19.66,19.04,0.0,0.0,0.0,-0.0,,0.0
2,8,7.0,3,15.01,21.94,21.56,0.0,1448.34,0.0,-60.99,,-1.89069
2,9,7.0,3,16.51,24.9,24.58,0.0,12385.01,0.0,0.0,,0.0
2,10,7.0,3,19.08,28.48,26.51,-5940.43,21197.7,0.0,-389.73,,-196.23496
2,11,7.0,3,21.73,32.7,26.51,-20284.36,31751.39,0.0,-7466.64,,-860.281
2,12,7.0,3,24.43,35.59,26.51,-29051.74,33636.08,0.0,-13035.25,,-1304.6966900000002
2,13,7.0,3,26.39,38.15,26.51,-36778.58,36412.4,0.0,-15052.87,,-1606.7749500000002
2,14,7.0,3,27.87,40.05,26.51,-42135.34,37307.89,0.0,-14338.82,,-1750.69896
2,15,7.0,3,28.54,50.12,34.01,-50000.0,85562.75,0.0,-7824.76,,-1792.56756
2,16,7.0,3,28.25,64.73,48.21,-50000.0,157091.32,0.0,0.0,,-1550.0
2,17,7.0,3,27.34,77.09,60.34,-50000.0,213965.36,3310.18,0.0,,-1447.3844199999999
2,18,7.0,3,25.96,83.03,66.09,-50000.0,236411.57,12155.82,0.0,,-1173.16958
2,19,7.0,3,23.54,99.68,95.08,0.0,208247.75,0.0,0.0,,0.0
2,20,7.0,3,21.31,46.08,43.36,0.0,204.7,0.0,-0.0,,0.0
2,21,7.0,3,19.54,37.86,35.64,0.0,0.0,0.0,-0.0,,0.0
2,22,7.0,3,18.21,34.03,32.11,0.0,0.0,0.0,0.0,,0.0
2,23,7.0,3,17.35,31.29,29.61,0.0,0.0,0.0,0.0,,0.0
2,24,7.0,3,16.64,28.99,27.51,0.0,0.0,0.0,0.0,,0.0
2,1,1.0,3,16.06,26.99,25.68,0.0,0.0,0.0,0.0,,0.0
2,2,1.0,3,15.72,25.32,24.17,0.0,0.0,0.0,0.0,,0.0
2,3,1.0,3,15.41,23.84,22.83,0.0,0.0,0.0,-0.0,,0.0
2,4,1.0,3,15.15,22.55,21.66,0.0,0.0,0.0,-0.0,,0.0
2,5,1.0,3,15.01,21.46,20.67,0.0,0.0,0.0,-0.0,,0.0
2,6,1.0,3,14.8,20.45,19.76,0.0,0.0,0.0,-0.0,,0.0
2,7,1.0,3,14.31,19.39,18.78,0.0,0.0,0.0,-0.0,,0.0
2,8,1.0,3,14.86,21.71,21.51,592.12,1448.34,0.0,0.0,,18.35572
2,9,1.0,3,16.2,24.58,24.28,0.0,12385.01,0.0,0.0,,0.0
2,10,1.0,3,18.6,28.04,26.51,-4426.71,21197.7,0.0,0.0,,-137.22801
2,11,1.0,3,21.4,32.36,26.51,-19251.73,31751.39,0.0,-6754.23,,-806.18476
2,12,1.0,3,23.96,35.15,26.51,-27676.33,33636.08,0.0,-10044.35,,-1169.3410800000001
2,13,1.0,3,25.83,37.64,26.51,-35188.14,36412.4,0.0,-11170.67,,-1437.1231099999998
2,14,1.0,3,27.21,39.46,26.51,-40324.18,37307.89,0.0,-11051.93,,-1592.65941
2,15,1.0,3,27.67,49.38,33.35,-50000.0,85562.75,0.0,-6884.41,,-1763.4167100000002
2,16,1.0,3,27.49,64.04,47.56,-50000.0,157091.32,0.0,0.0,,-1550.0
2,17,1.0,3,26.65,76.44,59.72,-50000.0,213965.36,4044.55,0.0,,-1424.61895
2,18,1.0,3,25.35,82.44,65.52,-50000.0,236411.57,11652.9,0.0,,-1188.7601
2,19,1.0,3,23.19,99.22,94.67,0.0,208247.75,0.0,0.0,,0.0
2,20,1.0,3,21.08,45.72,43.04,0.0,204.7,0.0,-0.0,,0.0
2,21,1.0,3,19.48,37.61,35.43,0.0,0.0,0.0,-0.0,,0.0
2,22,1.0,3,18.23,33.85,31.96,0.0,0.0,0.0,0.0,,0.0
2,23,1.0,3,17.48,31.2,29.55,0.0,0.0,0.0,0.0,,0.0
2,24,1.0,3,17.09,29.11,27.65,0.0,0.0,0.0,0.0,,0.0
2,1,2.0,3,16.66,27.25,25.96,0.0,0.0,0.0,0.0,,0.0
2,2,2.0,3,16.28,25.6,24.47,0.0,0.0,0.0,0.0,,0.0
2,3,2.0,3,15.92,24.14,23.14,0.0,0.0,0.0,0.0,,0.0
2,4,2.0,3,15.77,22.93,22.05,0.0,0.0,0.0,-0.0,,0.0
2,5,2.0,3,15.74,21.93,21.16,0.0,0.0,0.0,-0.0,,0.0
2,6,2.0,3,15.54,20.97,20.28,0.0,0.0,0.0,-0.0,,0.0
2,7,2.0,3,15.1,19.97,19.36,0.0,0.0,0.0,-0.0,,0.0
2,8,2.0,3,15.26,22.1,21.73,0.0,1448.34,0.0,0.0,,0.0
2,9,2.0,3,16.46,24.86,24.55,0.0,12385.01,0.0,0.0,,0.0
2,10,2.0,3,18.91,28.35,26.51,-5510.22,21197.7,0.0,0.0,,-170.81682
2,11,2.0,3,21.15,32.27,26.51,-18866.26,31751.39,0.0,-7631.72,,-821.43738
2,12,2.0,3,23.65,34.99,26.51,-27121.2,33636.08,0.0,-13196.37,,-1249.84467
2,13,2.0,3,25.59,37.51,26.51,-34761.15,36412.4,0.0,-14013.68,,-1512.01973
2,14,2.0,3,26.91,39.27,26.51,-39721.74,37307.89,0.0,-13430.98,,-1647.73432
2,15,2.0,3,27.27,49.1,33.09,-50000.0,85562.75,0.0,-8379.58,,-1809.7669799999999
2,16,2.0,3,27.5,64.03,47.56,-50000.0,157091.32,0.0,0.0,,-1550.0
2,17,2.0,3,26.42,76.27,59.56,-50000.0,213965.36,1151.59,0.0,,-1514.3007100000002
2,18,2.0,3,25.34,82.41,65.5,-50000.0,236411.57,11830.74,0.0,,-1183.2470600000001
2,19,2.0,3,22.89,99.04,94.49,0.0,208247.75,0.0,0.0,,0.0
2,20,2.0,3,20.86,45.55,42.88,0.0,204.7,0.0,-0.0,,0.0
2,21,2.0,3,19.39,37.51,35.34,0.0,0.0,0.0,-0.0,,0.0
2,22,2.0,3,18.0,33.68,31.79,0.0,0.0,0.0,0.0,,0.0
2,23,2.0,3,17.21,31.0,29.35,0.0,0.0,0.0,0.0,,0.0
2,24,2.0,3,16.76,28.86,27.41,0.0,0.0,0.0,0.0,,0.0
2,1,3.0,3,16.4,27.02,25.74,0.0,0.0,0.0,0.0,,0.0
2,2,3.0,3,16.04,25.39,24.26,0.0,0.0,0.0,0.0,,0.0
2,3,3.0,3,15.8,23.99,22.99,0.0,0.0,0.0,-0.0,,0.0
2,4,3.0,3,15.78,22.86,21.98,0.0,0.0,0.0,-0.0,,0.0
2,5,3.0,3,15.74,21.87,21.09,0.0,0.0,0.0,-0.0,,0.0
2,6,3.0,3,15.61,20.95,20.27,0.0,0.0,0.0,-0.0,,0.0
2,7,3.0,3,14.99,19.86,19.26,0.0,0.0,0.0,-0.0,,0.0
2,8,3.0,3,15.47,26.22,25.69,0.0,1448.34,0.0,0.0,,0.0
2,9,3.0,3,16.7,30.51,30.03,0.0,12385.01,0.0,0.0,,0.0
2,10,3.0,3,18.95,34.82,34.4,0.0,21197.7,0.0,0.0,,0.0
2,11,3.0,3,21.62,40.12,39.75,0.0,31751.39,0.0,0.0,,0.0
2,12,3.0,3,24.24,43.41,43.09,0.0,33636.08,0.0,0.0,,0.0
2,13,3.0,3,26.25,46.51,46.22,0.0,36412.4,0.0,0.0,,0.0
2,14,3.0,3,27.64,48.78,48.53,0.0,37307.89,0.0,0.0,,0.0
2,15,3.0,3,28.37,63.63,63.41,0.0,85562.75,0.0,0.0,,0.0
2,16,3.0,3,28.22,86.51,86.31,0.0,157091.32,0.0,0.0,,0.0
2,17,3.0,3,27.24,106.94,106.76,0.0,213965.36,0.0,-0.0,,0.0
2,18,3.0,3,25.83,118.19,118.03,0.0,236411.57,0.0,-0.0,,0.0
2,19,3.0,3,23.37,107.51,107.37,0.0,208247.75,0.0,-0.0,,0.0
2,20,3.0,3,21.13,49.99,49.87,0.0,204.7,0.0,0.0,,0.0
2,21,3.0,3,19.38,40.89,40.78,0.0,0.0,0.0,0.0,,0.0
2,22,3.0,3,17.87,36.51,36.41,0.0,0.0,0.0,0.0,,0.0
2,23,3.0,3,17.03,33.43,33.34,0.0,0.0,0.0,0.0,,0.0
2,24,3.0,3,16.5,30.93,30.85,0.0,0.0,0.0,0.0,,0.0
2,1,4.0,3,16.05,28.75,28.68,0.0,0.0,0.0,0.0,,0.0
2,2,4.0,3,15.66,26.85,26.78,0.0,0.0,0.0,0.0,,0.0
2,3,4.0,3,15.35,25.19,25.13,0.0,0.0,0.0,0.0,,0.0
2,4,4.0,3,15.1,23.73,23.68,0.0,0.0,0.0,0.0,,0.0
2,5,4.0,3,14.8,22.41,22.37,0.0,0.0,0.0,0.0,,0.0
2,6,4.0,3,14.6,21.26,21.23,0.0,0.0,0.0,-0.0,,0.0
2,7,4.0,3,13.98,20.02,19.98,0.0,0.0,0.0,-0.0,,0.0
2,8,4.0,3,14.74,26.39,26.36,0.0,1448.34,0.0,0.0,,0.0
2,9,4.0,3,16.2,30.7,30.67,0.0,12385.01,0.0,0.0,,0.0
2,10,4.0,3,18.67,35.06,35.04,0.0,21197.7,0.0,0.0,,0.0
2,11,4.0,3,21.54,40.42,40.4,0.0,31751.39,0.0,0.0,,0.0
2,12,4.0,3,24.13,43.66,43.64,0.0,33636.08,0.0,0.0,,0.0
2,13,4.0,3,25.86,46.57,46.56,0.0,36412.4,0.0,0.0,,0.0
2,14,4.0,3,27.14,48.73,48.71,0.0,37307.89,0.0,0.0,,0.0
2,15,4.0,3,27.79,63.47,63.46,0.0,85562.75,0.0,0.0,,0.0
2,16,4.0,3,27.75,86.36,86.35,0.0,157091.32,0.0,0.0,,0.0
2,17,4.0,3,26.72,106.73,106.72,0.0,213965.36,0.0,-0.0,,0.0
2,18,4.0,3,25.42,118.0,117.99,0.0,236411.57,0.0,-0.0,,0.0
2,19,4.0,3,22.89,107.26,107.25,0.0,208247.75,0.0,-0.0,,0.0
2,20,4.0,3,21.03,49.92,49.92,0.0,204.7,0.0,0.0,,0.0
2,21,4.0,3,19.52,40.96,40.95,0.0,0.0,0.0,0.0,,0.0
2,22,4.0,3,18.16,36.69,36.68,0.0,0.0,0.0,0.0,,0.0
2,23,4.0,3,17.53,33.74,33.74,0.0,0.0,0.0,0.0,,0.0
2,24,4.0,3,17.11,31.33,31.33,0.0,0.0,0.0,0.0,,0.0
2,1,5.0,3,16.74,29.24,29.23,0.0,0.0,0.0,0.0,,0.0
2,2,5.0,3,16.41,27.4,27.39,0.0,0.0,0.0,0.0,,0.0
2,3,5.0,3,16.07,25.75,25.74,0.0,0.0,0.0,0.0,,0.0
2,4,5.0,3,15.76,24.28,24.28,0.0,0.0,0.0,0.0,,0.0
2,5,5.0,3,15.67,23.08,23.08,0.0,0.0,0.0,0.0,,0.0
2,6,5.0,3,15.57,22.03,22.03,0.0,0.0,0.0,-0.0,,0.0
2,7,5.0,3,15.32,21.01,21.01,0.0,0.0,0.0,-0.0,,0.0
2,8,5.0,3,15.87,23.1,23.1,0.0,1448.34,0.0,0.0,,0.0
2,9,5.0,3,17.31,25.98,25.98,0.0,12385.01,0.0,0.0,,0.0
2,10,5.0,3,19.32,29.14,26.51,-9209.29,21197.7,0.0,-1003.49,,-316.59618
2,11,5.0,3,22.02,33.32,26.51,-23023.93,31751.39,0.0,-12276.96,,-1094.32759
2,12,5.0,3,24.37,35.93,26.51,-30620.18,33636.08,0.0,-15019.1,,-1414.8176799999999
2,13,5.0,3,25.77,38.04,26.51,-36735.1,36412.4,0.0,-14662.73,,-1593.33273
2,14,5.0,3,26.93,39.63,26.51,-41085.48,37307.89,0.0,-13742.84,,-1699.67792
2,15,5.0,3,27.24,49.38,33.39,-50000.0,85562.75,0.0,-9064.62,,-1831.00322
2,16,5.0,3,27.01,63.94,47.52,-50000.0,157091.32,0.0,0.0,,-1550.0
2,17,5.0,3,25.87,76.08,59.41,-50000.0,213965.36,1982.92,0.0,,-1488.52948
2,18,5.0,3,24.8,82.17,65.3,-50000.0,236411.57,12257.81,0.0,,-1170.00789
2,19,5.0,3,22.28,98.84,94.34,0.0,208247.75,0.0,0.0,,0.0
2,20,5.0,3,20.52,45.46,42.83,0.0,204.7,0.0,-0.0,,0.0
2,21,5.0,3,18.96,37.35,35.22,0.0,0.0,0.0,-0.0,,0.0
2,22,5.0,3,17.69,33.55,31.7,0.0,0.0,0.0,0.0,,0.0
2,23,5.0,3,16.84,30.82,29.2,0.0,0.0,0.0,0.0,,0.0
2,24,5.0,3,16.19,28.55,27.12,0.0,0.0,0.0,0.0,,0.0
2,1,6.0,3,15.58,26.54,25.28,0.0,0.0,0.0,0.0,,0.0
2,2,6.0,3,15.14,24.81,23.7,0.0,0.0,0.0,0.0,,0.0
2,3,6.0,3,14.8,23.31,22.34,0.0,0.0,0.0,-0.0,,0.0
2,4,6.0,3,14.51,21.99,21.13,0.0,0.0,0.0,-0.0,,0.0
2,5,6.0,3,14.17,20.78,20.02,0.0,0.0,0.0,-0.0,,0.0
2,6,6.0,3,13.99,19.77,19.1,0.0,0.0,0.0,-0.0,,0.0
2,7,6.0,3,13.32,18.59,18.0,0.0,0.0,0.0,-0.0,,0.0
2,8,6.0,3,13.74,20.74,21.51,3939.91,1448.34,0.0,0.0,,122.13721
2,9,6.0,3,15.34,23.76,23.56,0.0,12385.01,0.0,0.0,,0.0
2,10,6.0,3,18.08,27.46,26.51,-2516.26,21197.7,0.0,0.0,,-78.00406000000001
2,11,6.0,3,20.65,31.63,26.51,-16978.35,31751.39,0.0,-3060.58,,-621.20683
2,12,6.0,3,23.39,34.55,26.51,-25902.23,33636.08,0.0,-10093.73,,-1115.87476
2,13,6.0,3,25.31,37.08,26.51,-33577.73,36412.4,0.0,-11927.38,,-1410.65841
2,14,6.0,3,26.86,39.03,26.51,-39158.46,37307.89,0.0,-11967.58,,-1584.90724
2,15,6.0,3,27.67,49.2,33.26,-50000.0,85562.75,0.0,-6246.78,,-1743.6501799999999
2,16,6.0,3,27.46,63.88,47.46,-50000.0,157091.32,0.0,0.0,,-1550.0
2,17,6.0,3,26.63,76.3,59.64,-50000.0,213965.36,3700.9,0.0,,-1435.2721
2,18,6.0,3,25.35,82.33,65.46,-50000.0,236411.57,11567.74,0.0,,-1191.4000600000002
2,19,6.0,3,22.97,98.98,94.48,0.0,208247.75,0.0,0.0,,0.0
2,20,6.0,3,20.92,45.5,42.86,0.0,204.7,0.0,-0.0,,0.0
2,21,6.0,3,19.26,37.36,35.23,0.0,0.0,0.0,-0.0,,0.0
2,22,6.0,3,18.06,33.63,31.78,0.0,0.0,0.0,0.0,,0.0
2,23,6.0,3,17.23,30.95,29.32,0.0,0.0,0.0,0.0,,0.0
2,24,6.0,3,16.57,28.7,27.27,0.0,0.0,0.0,0.0,,0.0
2,1,7.0,3,16.18,26.84,25.58,0.0,0.0,0.0,0.0,,0.0
2,2,7.0,3,15.97,25.28,24.17,0.0,0.0,0.0,0.0,,0.0
2,3,7.0,3,15.71,23.87,22.9,0.0,0.0,0.0,0.0,,0.0
2,4,7.0,3,15.5,22.64,21.78,0.0,0.0,0.0,-0.0,,0.0
2,5,7.0,3,15.26,21.53,20.77,0.0,0.0,0.0,-0.0,,0.0
2,6,7.0,3,15.11,20.58,19.91,0.0,0.0,0.0,-0.0,,0.0
2,7,7.0,3,14.55,19.5,18.91,0.0,0.0,0.0,-0.0,,0.0
2,8,7.0,3,14.8,21.67,21.51,702.8,1448.34,0.0,0.0,,21.7868
2,9,7.0,3,16.16,24.54,24.25,0.0,12385.01,0.0,0.0,,0.0
2,10,7.0,3,18.63,28.05,26.51,-4478.94,21197.7,0.0,0.0,,-138.84714
2,11,7.0,3,20.97,32.05,26.51,-18200.02,31751.39,0.0,-7287.18,,-790.1032
2,12,7.0,3,23.34,34.68,26.51,-26137.86,33636.08,0.0,-12846.61,,-1208.51857
2,13,7.0,3,25.02,37.01,26.51,-33180.85,36412.4,0.0,-12380.57,,-1412.40402
2,14,7.0,3,26.45,38.83,26.51,-38405.74,37307.89,0.0,-12272.59,,-1571.02823
2,15,7.0,3,27.21,48.94,33.0,-50000.0,85562.75,0.0,-9754.4,,-1852.3864
2,16,7.0,3,27.35,63.83,47.4,-50000.0,157091.32,0.0,0.0,,-1550.0
2,17,7.0,3,26.61,76.32,59.64,-50000.0,213965.36,1449.92,0.0,,-1505.05248
2,18,7.0,3,25.37,82.37,65.49,-50000.0,236411.57,10912.29,0.0,,-1211.71901
2,19,7.0,3,23.02,99.04,94.52,0.0,208247.75,0.0,0.0,,0.0
2,20,7.0,3,21.02,45.58,42.94,0.0,204.7,0.0,-0.0,,0.0
2,21,7.0,3,19.45,37.5,35.35,0.0,0.0,0.0,-0.0,,0.0
2,22,7.0,3,18.38,33.85,31.99,0.0,0.0,0.0,0.0,,0.0
2,23,7.0,3,17.68,31.26,29.62,0.0,0.0,0.0,0.0,,0.0
2,24,7.0,3,17.11,29.09,27.65,0.0,0.0,0.0,0.0,,0.0
2,1,1.0,3,16.69,27.23,25.96,0.0,0.0,0.0,0.0,,0.0
2,2,1.0,3,16.51,25.7,24.58,0.0,0.0,0.0,0.0,,0.0
2,3,1.0,3,16.36,24.37,23.39,0.0,0.0,0.0,-0.0,,0.0
2,4,1.0,3,16.15,23.17,22.3,0.0,0.0,0.0,-0.0,,0.0
2,5,1.0,3,15.84,22.03,21.26,0.0,0.0,0.0,-0.0,,0.0
2,6,1.0,3,15.66,21.07,20.39,0.0,0.0,0.0,-0.0,,0.0
2,7,1.0,3,15.12,20.01,19.41,0.0,0.0,0.0,-0.0,,0.0
2,8,1.0,3,15.7,22.43,22.07,0.0,1448.34,0.0,-453.29,,-14.05199
2,9,1.0,3,17.12,25.37,25.07,0.0,12385.01,0.0,0.0,,0.0
2,10,1.0,3,19.5,28.84,26.51,-7240.77,21197.7,0.0,-1254.25,,-263.34562
2,11,1.0,3,21.91,32.89,26.51,-20884.67,31751.39,0.0,-9075.58,,-928.76775
2,12,1.0,3,24.21,35.5,26.51,-28656.15,33636.08,0.0,-12230.77,,-1267.49452
2,13,1.0,3,25.75,37.74,26.51,-35353.33,36412.4,0.0,-14192.01,,-1535.90554
2,14,1.0,3,26.82,39.31,26.51,-39675.88,37307.89,0.0,-11550.43,,-1588.01561
2,15,1.0,3,27.43,49.29,33.24,-50000.0,85562.75,0.0,-8440.63,,-1811.6595300000001
2,16,1.0,3,27.32,63.98,47.48,-50000.0,157091.32,0.0,0.0,,-1550.0
2,17,1.0,3,26.54,76.41,59.67,-50000.0,213965.36,923.33,0.0,,-1521.37677
2,18,1.0,3,25.11,82.3,65.37,-50000.0,236411.57,11209.8,0.0,,-1202.4962
2,19,1.0,3,22.8,99.03,94.46,0.0,208247.75,0.0,0.0,,0.0
2,20,1.0,3,20.73,45.52,42.82,0.0,204.7,0.0,-0.0,,0.0
2,21,1.0,3,19.05,37.35,35.15,0.0,0.0,0.0,-0.0,,0.0
2,22,1.0,3,18.13,33.75,31.84,0.0,0.0,0.0,0.0,,0.0
2,23,1.0,3,17.55,31.2,29.53,0.0,0.0,0.0,0.0,,0.0
2,24,1.0,3,17.1,29.09,27.62,0.0,0.0,0.0,0.0,,0.0
2,1,2.0,3,16.81,27.3,26.01,0.0,0.0,0.0,0.0,,0.0
2,2,2.0,3,16.73,25.84,24.7,0.0,0.0,0.0,0.0,,0.0
2,3,2.0,3,16.65,24.56,23.56,0.0,0.0,0.0,0.0,,0.0
2,4,2.0,3,16.55,23.44,22.55,0.0,0.0,0.0,-0.0,,0.0
2,5,2.0,3,16.13,22.26,21.48,0.0,0.0,0.0,-0.0,,0.0
2,6,2.0,3,15.78,21.21,20.52,0.0,0.0,0.0,-0.0,,0.0
2,7,2.0,3,15.21,20.13,19.52,0.0,0.0,0.0,-0.0,,0.0
2,8,2.0,3,15.52,22.35,21.98,0.0,1448.34,0.0,-310.12,,-9.613719999999999
2,9,2.0,3,16.73,25.12,24.81,0.0,12385.01,0.0,0.0,,0.0
2,10,2.0,3,19.12,28.57,26.51,-6269.18,21197.7,0.0,-443.91,,-208.10579
2,11,2.0,3,21.65,32.69,26.51,-20257.89,31751.39,0.0,-7088.8,,-847.74739
2,12,2.0,3,24.05,35.36,26.51,-28237.99,33636.08,0.0,-10971.67,,-1215.4994600000002
2,13,2.0,3,25.64,37.63,26.51,-35037.25,36412.4,0.0,-15217.2,,-1557.88795
2,14,2.0,3,26.94,39.37,26.51,-39940.09,37307.89,0.0,-11938.5,,-1608.2362899999998
2,15,2.0,3,27.69,49.46,33.42,-50000.0,85562.75,0.0,-7334.39,,-1777.36609
2,16,2.0,3,27.87,64.36,47.87,-50000.0,157091.32,0.0,0.0,,-1550.0
2,17,2.0,3,27.27,76.95,60.22,-50000.0,213965.36,704.23,0.0,,-1528.16887
2,18,2.0,3,25.85,82.89,65.96,-50000.0,236411.57,11370.55,0.0,,-1197.51295
2,19,2.0,3,23.22,99.4,94.83,0.0,208247.75,0.0,0.0,,0.0
2,20,2.0,3,20.96,45.78,43.08,0.0,204.7,0.0,-0.0,,0.0
2,21,2.0,3,19.38,37.65,35.46,0.0,0.0,0.0,-0.0,,0.0
2,22,2.0,3,18.26,33.94,32.05,0.0,0.0,0.0,0.0,,0.0
2,23,2.0,3,17.54,31.31,29.65,0.0,0.0,0.0,0.0,,0.0
2,24,2.0,3,17.03,29.14,27.68,0.0,0.0,0.0,0.0,,0.0
2,1,3.0,3,16.63,27.28,25.99,0.0,0.0,0.0,0.0,,0.0
2,2,3.0,3,16.29,25.65,24.51,0.0,0.0,0.0,0.0,,0.0
2,3,3.0,3,15.94,24.19,23.19,0.0,0.0,0.0,0.0,,0.0
2,4,3.0,3,15.61,22.88,21.99,0.0,0.0,0.0,-0.0,,0.0
2,5,3.0,3,15.22,21.66,20.88,0.0,0.0,0.0,-0.0,,0.0
2,6,3.0,3,14.84,20.56,19.87,0.0,0.0,0.0,-0.0,,0.0
2,7,3.0,3,14.24,19.42,18.82,0.0,0.0,0.0,-0.0,,0.0
2,8,3.0,3,14.53,25.64,25.1,0.0,1448.34,0.0,0.0,,0.0
2,9,3.0,3,15.79,29.89,29.41,0.0,12385.01,0.0,0.0,,0.0
2,10,3.0,3,18.31,34.31,33.89,0.0,21197.7,0.0,0.0,,0.0
2,11,3.0,3,20.93,39.58,39.2,0.0,31751.39,0.0,0.0,,0.0
2,12,3.0,3,23.65,42.9,42.57,0.0,33636.08,0.0,0.0,,0.0
2,13,3.0,3,25.51,45.92,45.63,0.0,36412.4,0.0,0.0,,0.0
2,14,3.0,3,26.74,48.08,47.82,0.0,37307.89,0.0,0.0,,0.0
2,15,3.0,3,27.34,62.82,62.6,0.0,85562.75,0.0,0.0,,0.0
2,16,3.0,3,27.18,85.66,85.46,0.0,157091.32,0.0,0.0,,0.0
2,17,3.0,3,26.53,106.25,106.07,0.0,213965.36,0.0,-0.0,,0.0
2,18,3.0,3,25.07,117.48,117.32,0.0,236411.57,0.0,-0.0,,0.0
2,19,3.0,3,22.64,106.81,106.67,0.0,208247.75,0.0,-0.0,,0.0
2,20,3.0,3,20.43,49.31,49.18,0.0,204.7,0.0,0.0,,0.0
2,21,3.0,3,18.91,40.32,40.21,0.0,0.0,0.0,0.0,,0.0
2,22,3.0,3,17.84,36.21,36.11,0.0,0.0,0.0,0.0,,0.0
2,23,3.0,3,17.12,33.24,33.15,0.0,0.0,0.0,0.0,,0.0
2,24,3.0,3,16.53,30.75,30.67,0.0,0.0,0.0,0.0,,0.0
2,1,4.0,3,16.18,28.66,28.59,0.0,0.0,0.0,0.0,,0.0
2,2,4.0,3,15.99,26.89,26.83,0.0,0.0,0.0,0.0,,0.0
2,3,4.0,3,15.9,25.39,25.34,0.0,0.0,0.0,0.0,,0.0
2,4,4.0,3,15.7,24.02,23.97,0.0,0.0,0.0,0.0,,0.0
2,5,4.0,3,15.46,22.77,22.73,0.0,0.0,0.0,0.0,,0.0
2,6,4.0,3,15.19,21.63,21.59,0.0,0.0,0.0,-0.0,,0.0
2,7,4.0,3,14.96,20.62,20.59,0.0,0.0,0.0,-0.0,,0.0
2,8,4.0,3,14.9,26.6,26.57,0.0,1448.34,0.0,0.0,,0.0
2,9,4.0,3,15.7,30.53,30.5,0.0,12385.01,0.0,0.0,,0.0
2,10,4.0,3,18.04,34.75,34.72,0.0,21197.7,0.0,0.0,,0.0
2,11,4.0,3,20.24,39.69,39.67,0.0,31751.39,0.0,0.0,,0.0
2,12,4.0,3,22.48,42.65,42.63,0.0,33636.08,0.0,0.0,,0.0
2,13,4.0,3,24.19,45.45,45.44,0.0,36412.4,0.0,0.0,,0.0
2,14,4.0,3,25.77,47.69,47.68,0.0,37307.89,0.0,0.0,,0.0
2,15,4.0,3,26.07,62.22,62.2,0.0,85562.75,0.0,0.0,,0.0
2,16,4.0,3,26.09,85.06,85.05,0.0,157091.32,0.0,0.0,,0.0
2,17,4.0,3,25.17,105.45,105.44,0.0,213965.36,0.0,-0.0,,0.0
2,18,4.0,3,23.93,116.72,116.71,0.0,236411.57,0.0,-0.0,,0.0
2,19,4.0,3,21.49,106.01,106.0,0.0,208247.75,0.0,-0.0,,0.0
2,20,4.0,3,19.73,48.71,48.7,0.0,204.7,0.0,0.0,,0.0
2,21,4.0,3,18.27,39.77,39.76,0.0,0.0,0.0,0.0,,0.0
2,22,4.0,3,17.14,35.61,35.61,0.0,0.0,0.0,0.0,,0.0
2,23,4.0,3,16.41,32.63,32.63,0.0,0.0,0.0,0.0,,0.0
2,24,4.0,3,16.14,30.3,30.29,0.0,0.0,0.0,0.0,,0.0
2,1,5.0,3,15.93,28.31,28.3,0.0,0.0,0.0,0.0,,0.0
2,2,5.0,3,15.69,26.53,26.53,0.0,0.0,0.0,0.0,,0.0
2,3,5.0,3,15.53,25.01,25.0,0.0,0.0,0.0,0.0,,0.0
2,4,5.0,3,15.16,23.54,23.53,0.0,0.0,0.0,0.0,,0.0
2,5,5.0,3,15.13,22.39,22.39,0.0,0.0,0.0,0.0,,0.0
2,6,5.0,3,14.73,21.2,21.19,0.0,0.0,0.0,0.0,,0.0
2,7,5.0,3,14.19,20.01,20.01,0.0,0.0,0.0,-0.0,,0.0
2,8,5.0,3,13.94,21.49,21.51,77.16,1448.34,0.0,0.0,,2.39196
2,9,5.0,3,14.77,23.87,23.87,0.0,12385.01,0.0,0.0,,0.0
2,10,5.0,3,17.1,27.17,26.51,-2329.05,21197.7,0.0,0.0,,-72.20055
2,11,5.0,3,19.31,30.99,26.51,-15479.43,31751.39,0.0,-4399.2,,-616.23753
2,12,5.0,3,21.9,33.69,26.51,-23692.45,33636.08,0.0,-11171.16,,-1080.77191
2,13,5.0,3,23.85,36.16,26.51,-31150.7,36412.4,0.0,-9872.06,,-1271.70556
2,14,5.0,3,25.37,38.01,26.51,-36395.51,37307.89,0.0,-8066.56,,-1378.3241699999999
2,15,5.0,3,25.61,47.73,32.02,-50000.0,85562.75,0.0,-6372.83,,-1747.55773
2,16,5.0,3,25.65,62.48,46.22,-50000.0,157091.32,0.0,0.0,,-1550.0
2,17,5.0,3,24.61,74.71,58.18,-50000.0,213965.36,4946.5,0.0,,-1396.6585
2,18,5.0,3,23.51,80.8,64.05,-50000.0,236411.57,11810.89,0.0,,-1183.86241
2,19,5.0,3,20.77,97.33,92.97,0.0,208247.75,0.0,0.0,,0.0
2,20,5.0,3,18.96,43.92,41.42,0.0,204.7,0.0,-0.0,,0.0
2,21,5.0,3,17.56,35.88,33.87,0.0,0.0,0.0,-0.0,,0.0
2,22,5.0,3,16.4,32.16,30.42,0.0,0.0,0.0,0.0,,0.0
2,23,5.0,3,15.58,29.47,27.94,0.0,0.0,0.0,0.0,,0.0
2,24,5.0,3,15.12,27.31,25.97,0.0,0.0,0.0,0.0,,0.0
2,1,6.0,3,14.93,25.56,24.37,0.0,0.0,0.0,0.0,,0.0
2,2,6.0,3,14.58,23.93,22.89,0.0,0.0,0.0,0.0,,0.0
2,3,6.0,3,14.28,22.5,21.58,0.0,0.0,0.0,0.0,,0.0
2,4,6.0,3,14.25,21.36,20.55,0.0,0.0,0.0,-0.0,,0.0
2,5,6.0,3,14.01,20.26,19.54,0.0,0.0,0.0,-0.0,,0.0
2,6,6.0,3,13.78,19.27,18.64,0.0,0.0,0.0,-0.0,,0.0
2,7,6.0,3,13.45,18.32,17.76,0.0,0.0,0.0,-0.0,,0.0
2,8,6.0,3,13.34,20.27,21.51,5520.13,1448.34,0.0,0.0,,171.12403
2,9,6.0,3,14.03,22.66,22.52,0.0,12385.01,0.0,0.0,,0.0
2,10,6.0,3,15.89,25.69,25.49,0.0,21197.7,0.0,0.0,,0.0
2,11,6.0,3,18.18,29.58,26.51,-10129.07,31751.39,0.0,-974.99,,-344.22586
2,12,6.0,3,20.62,32.22,26.51,-18521.52,33636.08,0.0,-5785.46,,-753.51638
2,13,6.0,3,22.75,34.83,26.51,-26673.93,36412.4,0.0,-7833.49,,-1069.73002
2,14,6.0,3,24.4,36.81,26.51,-32466.06,37307.89,0.0,-5723.77,,-1183.88473
2,15,6.0,3,25.05,46.84,31.23,-50000.0,85562.75,0.0,-7959.97,,-1796.75907
2,16,6.0,3,25.14,61.68,45.45,-50000.0,157091.32,0.0,0.0,,-1550.0
2,17,6.0,3,24.28,74.08,57.56,-50000.0,213965.36,3088.14,0.0,,-1454.26766
2,18,6.0,3,23.13,80.18,63.44,-50000.0,236411.57,11285.07,0.0,,-1200.16283
2,19,6.0,3,20.88,96.92,92.58,0.0,208247.75,0.0,0.0,,0.0
2,20,6.0,3,19.23,43.66,41.17,0.0,204.7,0.0,-0.0,,0.0
2,21,6.0,3,17.78,35.67,33.67,0.0,0.0,0.0,-0.0,,0.0
2,22,6.0,3,16.68,32.03,30.3,0.0,0.0,0.0,0.0,,0.0
2,23,6.0,3,16.12,29.53,28.01,0.0,0.0,0.0,0.0,,0.0
2,24,6.0,3,15.65,27.44,26.1,0.0,0.0,0.0,0.0,,0.0
2,1,7.0,3,15.4,25.7,24.52,0.0,0.0,0.0,0.0,,0.0
2,2,7.0,3,15.13,24.16,23.12,0.0,0.0,0.0,0.0,,0.0
2,3,7.0,3,15.11,22.92,22.01,0.0,0.0,0.0,-0.0,,0.0
2,4,7.0,3,15.02,21.81,21.01,0.0,0.0,0.0,-0.0,,0.0
2,5,7.0,3,14.89,20.81,20.1,0.0,0.0,0.0,-0.0,,0.0
2,6,7.0,3,14.86,19.97,19.34,0.0,0.0,0.0,-0.0,,0.0
2,7,7.0,3,14.52,19.06,18.51,0.0,0.0,0.0,-0.0,,0.0
2,8,7.0,3,14.37,21.12,21.51,2555.66,1448.34,0.0,0.0,,79.22546
2,9,7.0,3,15.14,23.59,23.37,0.0,12385.01,0.0,0.0,,0.0
2,10,7.0,3,17.35,26.9,26.51,-558.85,21197.7,0.0,0.0,,-17.324350000000003
2,11,7.0,3,19.75,30.91,26.51,-14660.46,31751.39,0.0,-5006.33,,-609.67049
2,12,7.0,3,21.97,33.43,26.51,-22265.47,33636.08,0.0,-10298.87,,-1009.4945400000001
2,13,7.0,3,23.52,35.65,26.51,-29015.58,36412.4,0.0,-7944.43,,-1145.7603100000001
2,14,7.0,3,24.66,37.25,26.51,-33543.16,37307.89,0.0,-6361.58,,-1237.0469400000002
2,15,7.0,3,25.16,47.14,31.43,-50000.0,85562.75,0.0,-7636.71,,-1786.73801
2,16,7.0,3,25.07,61.82,45.51,-50000.0,157091.32,0.0,0.0,,-1550.0
2,17,7.0,3,24.14,74.14,57.56,-50000.0,213965.36,3450.97,0.0,,-1443.01993
2,18,7.0,3,22.55,79.9,63.1,-50000.0,236411.57,11737.56,0.0,,-1186.1356400000002
2,19,7.0,3,20.04,96.55,92.14,0.0,208247.75,0.0,0.0,,0.0
2,20,7.0,3,18.07,43.05,40.51,0.0,204.7,0.0,-0.0,,0.0
2,21,7.0,3,16.52,34.93,32.87,0.0,0.0,0.0,-0.0,,0.0
2,22,7.0,3,15.34,31.18,29.4,0.0,0.0,0.0,0.0,,0.0
2,23,7.0,3,14.49,28.45,26.89,0.0,0.0,0.0,0.0,,0.0
2,24,7.0,3,13.83,26.18,24.8,0.0,0.0,0.0,0.0,,0.0
2,1,1.0,4,13.53,24.33,23.12,0.0,0.0,0.0,0.0,,0.0
2,2,1.0,4,13.35,22.77,21.71,0.0,0.0,0.0,0.0,,0.0
2,3,1.0,4,13.21,21.42,20.48,0.0,0.0,0.0,-0.0,,0.0
2,4,1.0,4,13.12,20.26,19.43,0.0,0.0,0.0,-0.0,,0.0
2,5,1.0,4,12.78,19.1,18.37,0.0,0.0,0.0,-0.0,,0.0
2,6,1.0,4,12.68,18.16,17.52,0.0,0.0,0.0,-0.0,,0.0
2,7,1.0,4,12.24,17.17,16.6,0.0,60.78,0.0,-0.0,,0.0
2,8,1.0,4,12.5,20.02,21.01,4712.73,5010.08,0.0,0.0,,141.3819
2,9,1.0,4,13.9,22.0,21.83,0.0,10468.2,0.0,0.0,,0.0
2,10,1.0,4,16.55,26.03,25.82,0.0,21625.3,0.0,0.0,,0.0
2,11,1.0,4,19.26,29.24,26.01,-10620.78,26211.28,0.0,-1910.48,,-375.9378
2,12,1.0,4,21.92,32.62,26.01,-21571.85,31298.55,0.0,-9792.94,,-940.9437
2,13,1.0,4,24.08,35.38,26.01,-30017.79,34314.11,0.0,-9648.79,,-1189.9974000000002
2,14,1.0,4,25.66,37.35,26.01,-35660.99,35121.23,0.0,-9227.8,,-1346.6636999999996
2,15,1.0,4,26.64,47.9,32.16,-50000.0,84774.82,0.0,-8557.36,,-1756.7208
2,16,1.0,4,26.9,60.84,44.54,-50000.0,145013.91,0.0,0.0,,-1500.0
2,17,1.0,4,26.11,65.79,49.22,-50000.0,162417.92,0.0,0.0,,-1500.0
2,18,1.0,4,24.68,55.99,39.21,-50000.0,105167.85,0.0,0.0,,-1500.0
2,19,1.0,4,21.99,37.02,32.62,0.0,6159.54,0.0,0.0,,0.0
2,20,1.0,4,19.98,31.55,29.01,0.0,0.0,0.0,0.0,,0.0
2,21,1.0,4,18.34,28.69,26.64,0.0,0.0,0.0,0.0,,0.0
2,22,1.0,4,17.15,26.5,24.72,0.0,0.0,0.0,0.0,,0.0
2,23,1.0,4,16.21,24.65,23.09,0.0,0.0,0.0,0.0,,0.0
2,24,1.0,4,15.44,23.02,21.65,0.0,0.0,0.0,0.0,,0.0
2,1,2.0,4,14.94,21.67,20.46,0.0,0.0,0.0,0.0,,0.0
2,2,2.0,4,14.55,20.49,19.43,0.0,0.0,0.0,-0.0,,0.0
2,3,2.0,4,14.38,19.55,18.61,0.0,0.0,0.0,-0.0,,0.0
2,4,2.0,4,14.16,18.68,17.85,0.0,0.0,0.0,-0.0,,0.0
2,5,2.0,4,13.59,17.7,16.97,0.0,0.0,0.0,-0.0,,0.0
2,6,2.0,4,13.29,16.92,16.28,0.0,0.0,0.0,-0.0,,0.0
2,7,2.0,4,12.79,16.11,15.54,0.0,60.78,0.0,-0.0,,0.0
2,8,2.0,4,13.0,19.55,21.01,6341.75,5010.08,0.0,0.0,,190.2525
2,9,2.0,4,14.49,21.75,21.62,0.0,10468.2,0.0,0.0,,0.0
2,10,2.0,4,17.09,25.86,25.66,0.0,21625.3,0.0,0.0,,0.0
2,11,2.0,4,19.76,29.13,26.01,-10283.46,26211.28,0.0,-1076.31,,-340.7931
2,12,2.0,4,22.3,32.5,26.01,-21226.34,31298.55,0.0,-7709.87,,-868.0862999999999
2,13,2.0,4,24.25,35.18,26.01,-29391.85,34314.11,0.0,-9733.17,,-1173.7505999999998
2,14,2.0,4,25.55,37.0,26.01,-34532.39,35121.23,0.0,-7792.08,,-1269.7341000000001
2,15,2.0,4,26.43,47.5,31.8,-50000.0,84774.82,0.0,-6688.0,,-1700.64
2,16,2.0,4,26.22,60.14,43.85,-50000.0,145013.91,0.0,0.0,,-1500.0
2,17,2.0,4,25.33,65.0,48.44,-50000.0,162417.92,0.0,0.0,,-1500.0
2,18,2.0,4,23.63,55.01,38.24,-50000.0,105167.85,0.0,0.0,,-1500.0
2,19,2.0,4,20.96,36.05,31.66,0.0,6159.54,0.0,0.0,,0.0
2,20,2.0,4,18.84,30.5,27.98,0.0,0.0,0.0,0.0,,0.0
2,21,2.0,4,16.99,27.52,25.48,0.0,0.0,0.0,0.0,,0.0
2,22,2.0,4,15.71,25.25,23.48,0.0,0.0,0.0,0.0,,0.0
2,23,2.0,4,14.74,23.34,21.79,0.0,0.0,0.0,0.0,,0.0
2,24,2.0,4,14.08,21.75,20.39,0.0,0.0,0.0,0.0,,0.0
2,1,3.0,4,13.65,20.42,19.22,0.0,0.0,0.0,0.0,,0.0
2,2,3.0,4,13.27,19.25,18.19,0.0,0.0,0.0,-0.0,,0.0
2,3,3.0,4,12.85,18.16,17.23,0.0,0.0,0.0,-0.0,,0.0
2,4,3.0,4,12.67,17.29,16.47,0.0,0.0,0.0,-0.0,,0.0
2,5,3.0,4,12.31,16.42,15.69,0.0,0.0,0.0,-0.0,,0.0
2,6,3.0,4,12.22,15.76,15.12,0.0,0.0,0.0,-0.0,,0.0
2,7,3.0,4,11.78,15.0,14.43,0.0,60.78,0.0,-0.0,,0.0
2,8,3.0,4,12.4,22.62,22.12,0.0,5010.08,0.0,0.0,,0.0
2,9,3.0,4,14.35,26.17,25.73,0.0,10468.2,0.0,0.0,,0.0
2,10,3.0,4,17.07,31.48,31.09,0.0,21625.3,0.0,0.0,,0.0
2,11,3.0,4,20.13,35.66,35.31,0.0,26211.28,0.0,0.0,,0.0
2,12,3.0,4,22.78,39.83,39.52,0.0,31298.55,0.0,0.0,,0.0
2,13,3.0,4,24.78,43.21,42.94,0.0,34314.11,0.0,0.0,,0.0
2,14,3.0,4,26.03,45.53,45.29,0.0,35121.23,0.0,0.0,,0.0
2,15,3.0,4,26.72,60.83,60.62,0.0,84774.82,0.0,0.0,,0.0
2,16,3.0,4,26.39,80.64,80.45,0.0,145013.91,0.0,0.0,,0.0
2,17,3.0,4,25.41,89.74,89.57,0.0,162417.92,0.0,0.0,,0.0
2,18,3.0,4,23.8,76.82,76.68,0.0,105167.85,0.0,0.0,,0.0
2,19,3.0,4,21.0,41.54,41.41,0.0,6159.54,0.0,-0.0,,0.0
2,20,3.0,4,18.87,33.58,33.47,0.0,0.0,0.0,-0.0,,0.0
2,21,3.0,4,17.24,30.11,30.0,0.0,0.0,0.0,0.0,,0.0
2,22,3.0,4,16.03,27.57,27.47,0.0,0.0,0.0,0.0,,0.0
2,23,3.0,4,15.17,25.47,25.39,0.0,0.0,0.0,0.0,,0.0
2,24,3.0,4,14.43,23.64,23.57,0.0,0.0,0.0,0.0,,0.0
2,1,4.0,4,14.03,22.14,22.08,0.0,0.0,0.0,0.0,,0.0
2,2,4.0,4,13.73,20.85,20.8,0.0,0.0,0.0,0.0,,0.0
2,3,4.0,4,13.41,19.69,19.64,0.0,0.0,0.0,-0.0,,0.0
2,4,4.0,4,13.07,18.62,18.58,0.0,0.0,0.0,-0.0,,0.0
2,5,4.0,4,12.65,17.6,17.56,0.0,0.0,0.0,-0.0,,0.0
2,6,4.0,4,12.57,16.84,16.81,0.0,0.0,0.0,-0.0,,0.0
2,7,4.0,4,12.01,15.93,15.9,0.0,60.78,0.0,-0.0,,0.0
2,8,4.0,4,12.43,23.36,23.33,0.0,5010.08,0.0,0.0,,0.0
2,9,4.0,4,14.0,26.61,26.59,0.0,10468.2,0.0,0.0,,0.0
2,10,4.0,4,16.32,31.59,31.57,0.0,21625.3,0.0,0.0,,0.0
2,11,4.0,4,19.09,35.49,35.47,0.0,26211.28,0.0,0.0,,0.0
2,12,4.0,4,21.58,39.46,39.45,0.0,31298.55,0.0,0.0,,0.0
2,13,4.0,4,23.28,42.57,42.55,0.0,34314.11,0.0,0.0,,0.0
2,14,4.0,4,24.44,44.72,44.71,0.0,35121.23,0.0,0.0,,0.0
2,15,4.0,4,25.23,59.98,59.97,0.0,84774.82,0.0,0.0,,0.0
2,16,4.0,4,25.23,79.89,79.88,0.0,145013.91,0.0,0.0,,0.0
2,17,4.0,4,24.59,89.14,89.13,0.0,162417.92,0.0,0.0,,0.0
2,18,4.0,4,23.17,76.32,76.31,0.0,105167.85,0.0,0.0,,0.0
2,19,4.0,4,20.44,41.07,41.06,0.0,6159.54,0.0,-0.0,,0.0
2,20,4.0,4,18.58,33.25,33.24,0.0,0.0,0.0,-0.0,,0.0
2,21,4.0,4,16.93,29.78,29.78,0.0,0.0,0.0,0.0,,0.0
2,22,4.0,4,15.81,27.29,27.29,0.0,0.0,0.0,0.0,,0.0
2,23,4.0,4,15.04,25.27,25.26,0.0,0.0,0.0,0.0,,0.0
2,24,4.0,4,14.68,23.65,23.65,0.0,0.0,0.0,0.0,,0.0
2,1,5.0,4,14.19,22.15,22.14,0.0,0.0,0.0,0.0,,0.0
2,2,5.0,4,13.85,20.86,20.85,0.0,0.0,0.0,0.0,,0.0
2,3,5.0,4,13.78,19.84,19.84,0.0,0.0,0.0,-0.0,,0.0
2,4,5.0,4,13.63,18.92,18.91,0.0,0.0,0.0,-0.0,,0.0
2,5,5.0,4,13.34,18.01,18.01,0.0,0.0,0.0,-0.0,,0.0
2,6,5.0,4,13.39,17.36,17.36,0.0,0.0,0.0,-0.0,,0.0
2,7,5.0,4,13.1,16.64,16.64,0.0,60.78,0.0,-0.0,,0.0
2,8,5.0,4,13.32,20.02,21.01,3500.13,5010.08,0.0,0.0,,105.00390000000002
2,9,5.0,4,14.46,21.95,22.04,0.0,10468.2,0.0,0.0,,0.0
2,10,5.0,4,16.53,25.65,25.68,0.0,21625.3,0.0,0.0,,0.0
2,11,5.0,4,19.2,28.87,26.01,-10058.2,26211.28,0.0,-82.42,,-304.21860000000004
2,12,5.0,4,21.52,32.05,26.01,-20271.67,31298.55,0.0,-4519.83,,-743.745
2,13,5.0,4,23.13,34.44,26.01,-27421.37,34314.11,0.0,-7263.95,,-1040.5596
2,14,5.0,4,24.02,35.9,26.01,-31394.16,35121.23,0.0,-4684.48,,-1082.3591999999999
2,15,5.0,4,24.32,45.94,30.46,-50000.0,84774.82,0.0,-5161.2,,-1654.836
2,16,5.0,4,24.39,58.68,42.54,-50000.0,145013.91,0.0,0.0,,-1500.0
2,17,5.0,4,23.76,63.68,47.25,-50000.0,162417.92,0.0,0.0,,-1500.0
2,18,5.0,4,22.15,53.72,37.06,-50000.0,105167.85,0.0,0.0,,-1500.0
2,19,5.0,4,19.67,34.92,30.67,0.0,6159.54,0.0,0.0,,0.0
2,20,5.0,4,17.98,29.6,27.2,0.0,0.0,0.0,0.0,,0.0
2,21,5.0,4,16.91,27.06,25.14,0.0,0.0,0.0,0.0,,0.0
2,22,5.0,4,15.97,25.06,23.39,0.0,0.0,0.0,0.0,,0.0
2,23,5.0,4,15.32,23.4,21.94,0.0,0.0,0.0,0.0,,0.0
2,24,5.0,4,14.95,22.05,20.77,0.0,0.0,0.0,0.0,,0.0
2,1,6.0,4,14.62,20.86,19.73,0.0,0.0,0.0,0.0,,0.0
2,2,6.0,4,14.45,19.88,18.88,0.0,0.0,0.0,-0.0,,0.0
2,3,6.0,4,14.24,18.98,18.11,0.0,0.0,0.0,-0.0,,0.0
2,4,6.0,4,13.97,18.14,17.37,0.0,0.0,0.0,-0.0,,0.0
2,5,6.0,4,13.87,17.47,16.79,0.0,0.0,0.0,-0.0,,0.0
2,6,6.0,4,13.84,16.91,16.31,0.0,0.0,0.0,-0.0,,0.0
2,7,6.0,4,13.52,16.28,15.75,0.0,60.78,0.0,-0.0,,0.0
2,8,6.0,4,13.72,19.94,21.01,4897.99,5010.08,0.0,0.0,,146.9397
2,9,6.0,4,15.05,22.08,21.93,0.0,10468.2,0.0,0.0,,0.0
2,10,6.0,4,17.58,26.17,25.98,0.0,21625.3,0.0,0.0,,0.0
2,11,6.0,4,20.07,29.35,26.01,-11047.38,26211.28,0.0,-2622.47,,-410.09549999999996
2,12,6.0,4,22.37,32.56,26.01,-21365.19,31298.55,0.0,-8030.81,,-881.88
2,13,6.0,4,24.09,35.07,26.01,-28969.0,34314.11,0.0,-6365.36,,-1060.0308
2,14,6.0,4,25.38,36.86,26.01,-34090.99,35121.23,0.0,-6820.5,,-1227.3446999999999
2,15,6.0,4,25.73,47.0,31.31,-50000.0,84774.82,0.0,-6407.09,,-1692.2127
2,16,6.0,4,25.69,59.71,43.43,-50000.0,145013.91,0.0,0.0,,-1500.0
2,17,6.0,4,24.9,64.63,48.08,-50000.0,162417.92,0.0,0.0,,-1500.0
2,18,6.0,4,23.35,54.73,37.96,-50000.0,105167.85,0.0,0.0,,-1500.0
2,19,6.0,4,20.72,35.8,31.42,0.0,6159.54,0.0,0.0,,0.0
2,20,6.0,4,18.77,30.35,27.83,0.0,0.0,0.0,0.0,,0.0
2,21,6.0,4,17.13,27.5,25.46,0.0,0.0,0.0,0.0,,0.0
2,22,6.0,4,16.13,25.41,23.64,0.0,0.0,0.0,0.0,,0.0
2,23,6.0,4,15.46,23.71,22.16,0.0,0.0,0.0,0.0,,0.0
2,24,6.0,4,15.03,22.3,20.94,0.0,0.0,0.0,0.0,,0.0
2,1,7.0,4,16.54,22.09,20.9,0.0,0.0,0.0,0.0,,0.0
2,2,7.0,4,16.43,21.28,20.23,0.0,0.0,0.0,-0.0,,0.0
2,3,7.0,4,16.08,20.39,19.46,0.0,0.0,0.0,-0.0,,0.0
2,4,7.0,4,15.61,19.5,18.68,0.0,0.0,0.0,-0.0,,0.0
2,5,7.0,4,15.07,18.61,17.89,0.0,0.0,0.0,-0.0,,0.0
2,6,7.0,4,14.49,17.75,17.11,0.0,0.0,0.0,-0.0,,0.0
2,7,7.0,4,14.03,17.0,16.43,0.0,60.78,0.0,-0.0,,0.0
2,8,7.0,4,14.34,20.65,21.01,2485.31,5010.08,0.0,0.0,,74.55930000000001
2,9,7.0,4,15.66,22.76,22.54,0.0,10468.2,0.0,-2056.72,,-61.70159999999999
2,10,7.0,4,18.0,26.71,26.01,-1625.08,21625.3,0.0,-756.65,,-71.4519
2,11,7.0,4,20.29,29.72,26.01,-12126.16,26211.28,0.0,-607.99,,-382.0245
2,12,7.0,4,22.51,32.85,26.01,-22177.48,31298.55,0.0,-6100.29,,-848.3331
2,13,7.0,4,24.32,35.41,26.01,-29945.77,34314.11,0.0,-11366.72,,-1239.3746999999998
2,14,7.0,4,25.73,37.27,26.01,-35281.37,35121.23,0.0,-9396.8,,-1340.3450999999998
2,15,7.0,4,26.74,47.86,32.1,-50000.0,84774.82,0.0,-5435.78,,-1663.0734
2,16,7.0,4,26.74,60.63,44.31,-50000.0,145013.91,0.0,0.0,,-1500.0
2,17,7.0,4,26.08,65.66,49.07,-50000.0,162417.92,0.0,0.0,,-1500.0
2,18,7.0,4,24.46,55.74,38.94,-50000.0,105167.85,0.0,0.0,,-1500.0
2,19,7.0,4,21.96,36.85,32.44,0.0,6159.54,0.0,0.0,,0.0
2,20,7.0,4,19.93,31.39,28.83,0.0,0.0,0.0,0.0,,0.0
2,21,7.0,4,18.39,28.6,26.53,0.0,0.0,0.0,0.0,,0.0
2,22,7.0,4,17.3,26.48,24.69,0.0,0.0,0.0,0.0,,0.0
2,23,7.0,4,16.53,24.74,23.17,0.0,0.0,0.0,0.0,,0.0
2,24,7.0,4,15.95,23.25,21.87,0.0,0.0,0.0,0.0,,0.0
2,1,1.0,4,15.72,22.08,20.87,0.0,0.0,0.0,0.0,,0.0
2,2,1.0,4,15.46,21.03,19.96,0.0,0.0,0.0,-0.0,,0.0
2,3,1.0,4,14.98,19.97,19.02,0.0,0.0,0.0,-0.0,,0.0
2,4,1.0,4,14.68,19.07,18.24,0.0,0.0,0.0,-0.0,,0.0
2,5,1.0,4,14.24,18.18,17.44,0.0,0.0,0.0,-0.0,,0.0
2,6,1.0,4,13.89,17.39,16.74,0.0,0.0,0.0,-0.0,,0.0
2,7,1.0,4,13.34,16.57,15.99,0.0,60.78,0.0,-0.0,,0.0
2,8,1.0,4,13.72,20.16,21.01,4217.8,5010.08,0.0,0.0,,126.534
2,9,1.0,4,15.52,22.59,22.41,0.0,10468.2,0.0,-1538.28,,-46.1484
2,10,1.0,4,17.99,26.65,26.01,-1452.9,21625.3,0.0,0.0,,-43.587
2,11,1.0,4,20.9,30.1,26.01,-13487.41,26211.28,0.0,-2047.97,,-466.0614
2,12,1.0,4,23.36,33.45,26.01,-24153.53,31298.55,0.0,-5629.92,,-893.5034999999999
2,13,1.0,4,25.39,36.2,26.01,-32511.45,34314.11,0.0,-10056.04,,-1277.0247000000002
2,14,1.0,4,26.71,38.04,26.01,-37691.47,35121.23,0.0,-11096.71,,-1463.6453999999999
2,15,1.0,4,27.56,48.55,32.69,-50000.0,84774.82,0.0,-5780.85,,-1673.4255
2,16,1.0,4,27.4,61.23,44.86,-50000.0,145013.91,0.0,0.0,,-1500.0
2,17,1.0,4,26.62,66.18,49.55,-50000.0,162417.92,0.0,0.0,,-1500.0
2,18,1.0,4,25.04,56.29,39.45,-50000.0,105167.85,0.0,0.0,,-1500.0
2,19,1.0,4,22.42,37.33,32.87,0.0,6159.54,0.0,0.0,,0.0
2,20,1.0,4,20.55,31.94,29.35,0.0,0.0,0.0,0.0,,0.0
2,21,1.0,4,19.22,29.28,27.18,0.0,0.0,0.0,0.0,,0.0
2,22,1.0,4,18.16,27.2,25.38,0.0,0.0,0.0,0.0,,0.0
2,23,1.0,4,17.51,25.54,23.95,0.0,0.0,0.0,0.0,,0.0
2,24,1.0,4,17.1,24.18,22.77,0.0,0.0,0.0,0.0,,0.0
2,1,2.0,4,17.07,23.15,21.92,0.0,0.0,0.0,0.0,,0.0
2,2,2.0,4,16.78,22.13,21.04,0.0,0.0,0.0,-0.0,,0.0
2,3,2.0,4,16.46,21.18,20.22,0.0,0.0,0.0,-0.0,,0.0
2,4,2.0,4,16.24,20.37,19.52,0.0,0.0,0.0,-0.0,,0.0
2,5,2.0,4,15.84,19.54,18.79,0.0,0.0,0.0,-0.0,,0.0
2,6,2.0,4,15.47,18.77,18.11,0.0,0.0,0.0,-0.0,,0.0
2,7,2.0,4,14.88,17.95,17.36,0.0,60.78,0.0,-0.0,,0.0
2,8,2.0,4,14.39,21.0,21.01,1293.16,5010.08,0.0,-2045.0,,-22.555199999999996
2,9,2.0,4,15.4,22.84,22.57,0.0,10468.2,0.0,-1488.59,,-44.6577
2,10,2.0,4,17.64,26.66,26.01,-1393.21,21625.3,0.0,-114.43,,-45.229200000000006
2,11,2.0,4,19.99,29.67,26.01,-11891.43,26211.28,0.0,-2938.62,,-444.9015
2,12,2.0,4,22.4,32.9,26.01,-22315.78,31298.55,0.0,-7323.54,,-889.1795999999999
2,13,2.0,4,24.07,35.33,26.01,-29648.45,34314.11,0.0,-9433.28,,-1172.4519000000003
2,14,2.0,4,25.27,37.02,26.01,-34427.31,35121.23,0.0,-8858.21,,-1298.5656
2,15,2.0,4,26.16,47.49,31.75,-50000.0,84774.82,0.0,-6894.28,,-1706.8283999999999
2,16,2.0,4,26.48,60.46,44.14,-50000.0,145013.91,0.0,0.0,,-1500.0
2,17,2.0,4,25.64,65.36,48.78,-50000.0,162417.92,0.0,0.0,,-1500.0
2,18,2.0,4,24.03,55.42,38.62,-50000.0,105167.85,0.0,0.0,,-1500.0
2,19,2.0,4,21.65,36.63,32.21,0.0,6159.54,0.0,0.0,,0.0
2,20,2.0,4,19.89,31.3,28.75,0.0,0.0,0.0,0.0,,0.0
2,21,2.0,4,18.54,28.64,26.57,0.0,0.0,0.0,0.0,,0.0
2,22,2.0,4,17.47,26.55,24.76,0.0,0.0,0.0,0.0,,0.0
2,23,2.0,4,16.78,24.87,23.3,0.0,0.0,0.0,0.0,,0.0
2,24,2.0,4,16.15,23.37,21.99,0.0,0.0,0.0,0.0,,0.0
2,1,3.0,4,15.82,22.16,20.94,0.0,0.0,0.0,0.0,,0.0
2,2,3.0,4,15.59,21.13,20.06,0.0,0.0,0.0,-0.0,,0.0
2,3,3.0,4,15.31,20.18,19.23,0.0,0.0,0.0,-0.0,,0.0
2,4,3.0,4,14.97,19.28,18.45,0.0,0.0,0.0,-0.0,,0.0
2,5,3.0,4,14.41,18.33,17.6,0.0,0.0,0.0,-0.0,,0.0
2,6,3.0,4,13.86,17.43,16.78,0.0,0.0,0.0,-0.0,,0.0
2,7,3.0,4,13.38,16.63,16.06,0.0,60.78,0.0,-0.0,,0.0
2,8,3.0,4,13.14,23.78,23.27,0.0,5010.08,0.0,0.0,,0.0
2,9,3.0,4,14.82,27.1,26.65,0.0,10468.2,0.0,0.0,,0.0
2,10,3.0,4,17.51,32.32,31.92,0.0,21625.3,0.0,0.0,,0.0
2,11,3.0,4,20.23,36.26,35.91,0.0,26211.28,0.0,0.0,,0.0
2,12,3.0,4,23.0,40.42,40.11,0.0,31298.55,0.0,0.0,,0.0
2,13,3.0,4,25.01,43.76,43.49,0.0,34314.11,0.0,0.0,,0.0
2,14,3.0,4,26.54,46.19,45.94,0.0,35121.23,0.0,0.0,,0.0
2,15,3.0,4,27.71,61.74,61.53,0.0,84774.82,0.0,0.0,,0.0
2,16,3.0,4,27.28,81.52,81.33,0.0,145013.91,0.0,0.0,,0.0
2,17,3.0,4,26.15,90.54,90.38,0.0,162417.92,0.0,0.0,,0.0
2,18,3.0,4,24.25,77.46,77.31,0.0,105167.85,0.0,0.0,,0.0
2,19,3.0,4,21.97,42.43,42.3,0.0,6159.54,0.0,-0.0,,0.0
2,20,3.0,4,20.18,34.68,34.56,0.0,0.0,0.0,-0.0,,0.0
2,21,3.0,4,18.6,31.27,31.17,0.0,0.0,0.0,0.0,,0.0
2,22,3.0,4,17.44,28.78,28.69,0.0,0.0,0.0,0.0,,0.0
2,23,3.0,4,16.43,26.64,26.56,0.0,0.0,0.0,0.0,,0.0
2,24,3.0,4,15.66,24.79,24.72,0.0,0.0,0.0,0.0,,0.0
2,1,4.0,4,15.28,23.32,23.25,0.0,0.0,0.0,0.0,,0.0
2,2,4.0,4,15.1,22.1,22.05,0.0,0.0,0.0,-0.0,,0.0
2,3,4.0,4,14.81,20.97,20.92,0.0,0.0,0.0,-0.0,,0.0
2,4,4.0,4,14.51,19.94,19.9,0.0,0.0,0.0,-0.0,,0.0
2,5,4.0,4,14.16,18.98,18.94,0.0,0.0,0.0,-0.0,,0.0
2,6,4.0,4,13.93,18.16,18.12,0.0,0.0,0.0,-0.0,,0.0
2,7,4.0,4,13.07,17.08,17.05,0.0,60.78,0.0,-0.0,,0.0
2,8,4.0,4,13.52,24.51,24.48,0.0,5010.08,0.0,0.0,,0.0
2,9,4.0,4,15.18,27.8,27.78,0.0,10468.2,0.0,0.0,,0.0
2,10,4.0,4,17.73,32.91,32.89,0.0,21625.3,0.0,0.0,,0.0
2,11,4.0,4,20.64,36.91,36.89,0.0,26211.28,0.0,0.0,,0.0
2,12,4.0,4,23.2,40.94,40.92,0.0,31298.55,0.0,0.0,,0.0
2,13,4.0,4,25.37,44.32,44.3,0.0,34314.11,0.0,0.0,,0.0
2,14,4.0,4,27.09,46.84,46.82,0.0,35121.23,0.0,0.0,,0.0
2,15,4.0,4,28.17,62.34,62.33,0.0,84774.82,0.0,0.0,,0.0
2,16,4.0,4,28.06,82.28,82.27,0.0,145013.91,0.0,0.0,,0.0
2,17,4.0,4,27.3,91.51,91.5,0.0,162417.92,0.0,0.0,,0.0
2,18,4.0,4,25.46,78.5,78.49,0.0,105167.85,0.0,0.0,,0.0
2,19,4.0,4,23.17,43.49,43.48,0.0,6159.54,0.0,-0.0,,0.0
2,20,4.0,4,21.31,35.72,35.72,0.0,0.0,0.0,-0.0,,0.0
2,21,4.0,4,19.34,32.12,32.11,0.0,0.0,0.0,-0.0,,0.0
2,22,4.0,4,18.24,29.64,29.63,0.0,0.0,0.0,0.0,,0.0
2,23,4.0,4,17.48,27.62,27.62,0.0,0.0,0.0,0.0,,0.0
2,24,4.0,4,16.96,25.93,25.93,0.0,0.0,0.0,0.0,,0.0
2,1,5.0,4,16.46,24.42,24.41,0.0,0.0,0.0,0.0,,0.0
2,2,5.0,4,16.11,23.12,23.12,0.0,0.0,0.0,-0.0,,0.0
2,3,5.0,4,15.67,21.91,21.9,0.0,0.0,0.0,-0.0,,0.0
2,4,5.0,4,15.22,20.78,20.78,0.0,0.0,0.0,-0.0,,0.0
2,5,5.0,4,14.92,19.82,19.82,0.0,0.0,0.0,-0.0,,0.0
2,6,5.0,4,14.65,18.97,18.97,0.0,0.0,0.0,-0.0,,0.0
2,7,5.0,4,14.03,18.01,18.01,0.0,60.78,0.0,-0.0,,0.0
2,8,5.0,4,14.31,21.24,21.24,0.0,5010.08,0.0,0.0,,0.0
2,9,5.0,4,15.85,23.41,23.41,0.0,10468.2,0.0,-861.81,,-25.8543
2,10,5.0,4,18.26,27.35,26.01,-4689.93,21625.3,0.0,-2090.37,,-203.409
2,11,5.0,4,20.78,30.48,26.01,-15207.81,26211.28,0.0,-3407.9,,-558.4712999999999
2,12,5.0,4,23.27,33.77,26.01,-25623.52,31298.55,0.0,-7657.64,,-998.4348
2,13,5.0,4,25.19,36.38,26.01,-33438.93,34314.11,0.0,-11217.76,,-1339.7007
2,14,5.0,4,26.71,38.31,26.01,-38887.25,35121.23,0.0,-6623.7,,-1365.3285
2,15,5.0,4,27.58,48.8,32.99,-50000.0,84774.82,0.0,-2668.61,,-1580.0583000000001
2,16,5.0,4,27.45,61.47,45.16,-50000.0,145013.91,0.0,0.0,,-1500.0
2,17,5.0,4,26.56,66.32,49.75,-50000.0,162417.92,0.0,0.0,,-1500.0
2,18,5.0,4,24.76,56.25,39.47,-50000.0,105167.85,0.0,0.0,,-1500.0
2,19,5.0,4,21.81,37.16,32.76,0.0,6159.54,0.0,0.0,,0.0
2,20,5.0,4,19.84,31.66,29.12,0.0,0.0,0.0,0.0,,0.0
2,21,5.0,4,18.02,28.68,26.63,0.0,0.0,0.0,0.0,,0.0
2,22,5.0,4,16.8,26.43,24.65,0.0,0.0,0.0,0.0,,0.0
2,23,5.0,4,15.91,24.56,23.0,0.0,0.0,0.0,0.0,,0.0
2,24,5.0,4,15.25,22.96,21.6,0.0,0.0,0.0,0.0,,0.0
2,1,6.0,4,14.77,21.6,20.4,0.0,0.0,0.0,0.0,,0.0
2,2,6.0,4,14.38,20.42,19.36,0.0,0.0,0.0,-0.0,,0.0
2,3,6.0,4,14.07,19.39,18.45,0.0,0.0,0.0,-0.0,,0.0
2,4,6.0,4,13.79,18.46,17.64,0.0,0.0,0.0,-0.0,,0.0
2,5,6.0,4,13.34,17.53,16.81,0.0,0.0,0.0,-0.0,,0.0
2,6,6.0,4,12.92,16.67,16.03,0.0,0.0,0.0,-0.0,,0.0
2,7,6.0,4,12.5,15.89,15.32,0.0,60.78,0.0,-0.0,,0.0
2,8,6.0,4,13.2,19.64,21.01,6014.27,5010.08,0.0,0.0,,180.4281
2,9,6.0,4,15.25,22.26,22.12,0.0,10468.2,0.0,-269.72,,-8.0916
2,10,6.0,4,17.91,26.46,26.01,-849.93,21625.3,0.0,0.0,,-25.497899999999998
2,11,6.0,4,20.85,29.95,26.01,-13067.46,26211.28,0.0,-2063.45,,-453.9273
2,12,6.0,4,23.36,33.35,26.01,-23922.15,31298.55,0.0,-6073.96,,-899.8833000000001
2,13,6.0,4,25.41,36.13,26.01,-32364.73,34314.11,0.0,-10821.43,,-1295.5848
2,14,6.0,4,26.81,38.05,26.01,-37780.35,35121.23,0.0,-7623.55,,-1362.117
2,15,6.0,4,27.8,48.66,32.81,-50000.0,84774.82,0.0,-4979.21,,-1649.3763000000001
2,16,6.0,4,27.54,61.29,44.94,-50000.0,145013.91,0.0,0.0,,-1500.0
2,17,6.0,4,26.71,66.22,49.61,-50000.0,162417.92,0.0,0.0,,-1500.0
2,18,6.0,4,24.94,56.2,39.38,-50000.0,105167.85,0.0,0.0,,-1500.0
2,19,6.0,4,22.14,37.14,32.69,0.0,6159.54,0.0,0.0,,0.0
2,20,6.0,4,20.3,31.75,29.17,0.0,0.0,0.0,0.0,,0.0
2,21,6.0,4,18.63,28.9,26.81,0.0,0.0,0.0,0.0,,0.0
2,22,6.0,4,17.52,26.76,24.94,0.0,0.0,0.0,0.0,,0.0
2,23,6.0,4,16.81,25.04,23.45,0.0,0.0,0.0,0.0,,0.0
2,24,6.0,4,16.27,23.57,22.17,0.0,0.0,0.0,0.0,,0.0
2,1,7.0,4,15.91,22.33,21.1,0.0,0.0,0.0,0.0,,0.0
2,2,7.0,4,15.5,21.19,20.11,0.0,0.0,0.0,-0.0,,0.0
2,3,7.0,4,15.34,20.28,19.33,0.0,0.0,0.0,-0.0,,0.0
2,4,7.0,4,15.13,19.45,18.61,0.0,0.0,0.0,-0.0,,0.0
2,5,7.0,4,14.81,18.64,17.89,0.0,0.0,0.0,-0.0,,0.0
2,6,7.0,4,14.48,17.88,17.22,0.0,0.0,0.0,-0.0,,0.0
2,7,7.0,4,14.05,17.13,16.55,0.0,60.78,0.0,-0.0,,0.0
2,8,7.0,4,13.76,20.32,21.01,3659.07,5010.08,0.0,-144.35,,105.44160000000001
2,9,7.0,4,14.84,22.22,22.02,0.0,10468.2,0.0,-1095.2,,-32.856
2,10,7.0,4,16.78,25.85,25.62,0.0,21625.3,0.0,0.0,,0.0
2,11,7.0,4,19.05,28.79,26.01,-8993.1,26211.28,0.0,0.0,,-269.793
2,12,7.0,4,21.25,31.86,26.01,-19027.46,31298.55,0.0,-822.59,,-595.5015
2,13,7.0,4,23.0,34.33,26.01,-26592.24,34314.11,0.0,-3355.51,,-898.4325
2,14,7.0,4,24.41,36.15,26.01,-31872.54,35121.23,0.0,-2731.7,,-1038.1272
2,15,7.0,4,25.18,46.55,30.95,-50000.0,84774.82,0.0,-3373.77,,-1601.2131
2,16,7.0,4,25.33,59.39,43.15,-50000.0,145013.91,0.0,0.0,,-1500.0
2,17,7.0,4,24.52,64.3,47.78,-50000.0,162417.92,0.0,0.0,,-1500.0
2,18,7.0,4,23.1,54.48,37.74,-50000.0,105167.85,0.0,0.0,,-1500.0
2,19,7.0,4,20.85,35.77,31.42,0.0,6159.54,0.0,0.0,,0.0
2,20,7.0,4,19.18,30.5,28.01,0.0,0.0,0.0,0.0,,0.0
2,21,7.0,4,17.96,27.92,25.91,0.0,0.0,0.0,0.0,,0.0
2,22,7.0,4,17.23,26.05,24.31,0.0,0.0,0.0,0.0,,0.0
2,23,7.0,4,16.69,24.49,22.97,0.0,0.0,0.0,0.0,,0.0
2,24,7.0,4,16.27,23.15,21.81,0.0,0.0,0.0,0.0,,0.0
2,1,1.0,4,16.11,22.08,20.9,0.0,0.0,0.0,0.0,,0.0
2,2,1.0,4,16.1,21.22,20.18,0.0,0.0,0.0,-0.0,,0.0
2,3,1.0,4,16.08,20.47,19.56,0.0,0.0,0.0,-0.0,,0.0
2,4,1.0,4,15.92,19.75,18.94,0.0,0.0,0.0,-0.0,,0.0
2,5,1.0,4,15.48,18.94,18.22,0.0,0.0,0.0,-0.0,,0.0
2,6,1.0,4,15.2,18.24,17.62,0.0,0.0,0.0,-0.0,,0.0
2,7,1.0,4,14.57,17.44,16.88,0.0,60.78,0.0,-0.0,,0.0
2,8,1.0,4,14.49,20.86,21.01,1741.57,5010.08,0.0,0.0,,52.247099999999996
2,9,1.0,4,15.77,22.93,22.69,0.0,10468.2,0.0,-420.35,,-12.6105
2,10,1.0,4,18.06,26.83,26.01,-2044.87,21625.3,0.0,-303.04,,-70.4373
2,11,1.0,4,20.5,29.93,26.01,-12821.12,26211.28,0.0,-550.81,,-401.15790000000004
2,12,1.0,4,23.06,33.31,26.01,-23690.47,31298.55,0.0,-5713.71,,-882.1254
2,13,1.0,4,25.07,36.02,26.01,-31918.43,34314.11,0.0,-10903.21,,-1284.6492
2,14,1.0,4,26.35,37.82,26.01,-36964.88,35121.23,0.0,-11380.45,,-1450.3599000000002
2,15,1.0,4,26.97,48.14,32.3,-50000.0,84774.82,0.0,-8114.9,,-1743.447
2,16,1.0,4,26.46,60.54,44.18,-50000.0,145013.91,0.0,0.0,,-1500.0
2,17,1.0,4,25.66,65.44,48.82,-50000.0,162417.92,0.0,0.0,,-1500.0
2,18,1.0,4,24.48,55.79,38.96,-50000.0,105167.85,0.0,0.0,,-1500.0
2,19,1.0,4,22.5,37.21,32.76,0.0,6159.54,0.0,0.0,,0.0
2,20,1.0,4,21.04,32.1,29.51,0.0,0.0,0.0,0.0,,0.0
2,21,1.0,4,19.5,29.38,27.29,0.0,0.0,0.0,0.0,,0.0
2,22,1.0,4,18.16,27.17,25.36,0.0,0.0,0.0,0.0,,0.0
2,23,1.0,4,17.49,25.5,23.91,0.0,0.0,0.0,0.0,,0.0
2,24,1.0,4,16.86,24.01,22.61,0.0,0.0,0.0,0.0,,0.0
2,1,2.0,4,16.44,22.76,21.52,0.0,0.0,0.0,0.0,,0.0
2,2,2.0,4,15.95,21.58,20.49,0.0,0.0,0.0,-0.0,,0.0
2,3,2.0,4,15.8,20.68,19.73,0.0,0.0,0.0,-0.0,,0.0
2,4,2.0,4,15.61,19.87,19.02,0.0,0.0,0.0,-0.0,,0.0
2,5,2.0,4,15.06,18.94,18.19,0.0,0.0,0.0,-0.0,,0.0
2,6,2.0,4,14.79,18.2,17.54,0.0,0.0,0.0,-0.0,,0.0
2,7,2.0,4,14.14,17.33,16.75,0.0,60.78,0.0,-0.0,,0.0
2,8,2.0,4,14.75,21.1,21.01,949.81,5010.08,0.0,0.0,,28.4943
2,9,2.0,4,16.48,23.5,23.22,0.0,10468.2,0.0,-374.23,,-11.226900000000002
2,10,2.0,4,18.99,27.59,26.01,-4622.59,21625.3,0.0,0.0,,-138.67770000000002
2,11,2.0,4,21.53,30.79,26.01,-15543.35,26211.28,0.0,-2368.37,,-537.3516000000001
2,12,2.0,4,24.21,34.28,26.01,-26715.16,31298.55,0.0,-6962.9,,-1010.3417999999999
2,13,2.0,4,26.09,36.92,26.01,-34640.29,34314.11,0.0,-9512.6,,-1324.5867
2,14,2.0,4,27.48,38.81,26.01,-39985.31,35121.23,0.0,-9419.57,,-1482.1463999999999
2,15,2.0,4,28.27,49.28,33.29,-50000.0,84774.82,0.0,-6805.29,,-1704.1587
2,16,2.0,4,27.94,61.84,45.39,-50000.0,145013.91,0.0,0.0,,-1500.0
2,17,2.0,4,26.93,66.62,49.93,-50000.0,162417.92,0.0,0.0,,-1500.0
2,18,2.0,4,25.52,56.82,39.93,-50000.0,105167.85,0.0,0.0,,-1500.0
2,19,2.0,4,23.18,38.03,33.5,0.0,6159.54,0.0,0.0,,0.0
2,20,2.0,4,21.35,32.67,30.02,0.0,0.0,0.0,0.0,,0.0
2,21,2.0,4,19.65,29.83,27.67,0.0,0.0,0.0,0.0,,0.0
2,22,2.0,4,18.35,27.6,25.73,0.0,0.0,0.0,0.0,,0.0
2,23,2.0,4,17.47,25.77,24.14,0.0,0.0,0.0,0.0,,0.0
2,24,2.0,4,16.68,24.15,22.71,0.0,0.0,0.0,0.0,,0.0
2,1,3.0,4,16.06,22.74,21.48,0.0,0.0,0.0,0.0,,0.0
2,2,3.0,4,15.71,21.59,20.48,0.0,0.0,0.0,-0.0,,0.0
2,3,3.0,4,15.37,20.56,19.57,0.0,0.0,0.0,-0.0,,0.0
2,4,3.0,4,14.98,19.59,18.72,0.0,0.0,0.0,-0.0,,0.0
2,5,3.0,4,14.47,18.63,17.86,0.0,0.0,0.0,-0.0,,0.0
2,6,3.0,4,14.1,17.8,17.13,0.0,0.0,0.0,-0.0,,0.0
2,7,3.0,4,13.39,16.86,16.26,0.0,60.78,0.0,-0.0,,0.0
2,8,3.0,4,12.98,23.88,23.35,0.0,5010.08,0.0,0.0,,0.0
2,9,3.0,4,14.47,27.06,26.6,0.0,10468.2,0.0,0.0,,0.0
2,10,3.0,4,17.02,32.16,31.74,0.0,21625.3,0.0,0.0,,0.0
2,11,3.0,4,19.33,35.82,35.46,0.0,26211.28,0.0,0.0,,0.0
2,12,3.0,4,21.76,39.73,39.41,0.0,31298.55,0.0,0.0,,0.0
2,13,3.0,4,23.5,42.84,42.55,0.0,34314.11,0.0,0.0,,0.0
2,14,3.0,4,25.35,45.36,45.1,0.0,35121.23,0.0,0.0,,0.0
2,15,3.0,4,26.35,60.78,60.56,0.0,84774.82,0.0,0.0,,0.0
2,16,3.0,4,26.18,80.65,80.45,0.0,145013.91,0.0,0.0,,0.0
2,17,3.0,4,25.21,89.74,89.56,0.0,162417.92,0.0,0.0,,0.0
2,18,3.0,4,23.98,77.01,76.85,0.0,105167.85,0.0,0.0,,0.0
2,19,3.0,4,21.67,42.01,41.87,0.0,6159.54,0.0,-0.0,,0.0
2,20,3.0,4,19.91,34.29,34.17,0.0,0.0,0.0,-0.0,,0.0
2,21,3.0,4,18.39,30.93,30.82,0.0,0.0,0.0,0.0,,0.0
2,22,3.0,4,17.18,28.44,28.34,0.0,0.0,0.0,0.0,,0.0
2,23,3.0,4,16.22,26.33,26.24,0.0,0.0,0.0,0.0,,0.0
2,24,3.0,4,15.62,24.59,24.52,0.0,0.0,0.0,0.0,,0.0
2,1,4.0,4,15.19,23.12,23.05,0.0,0.0,0.0,0.0,,0.0
2,2,4.0,4,14.99,21.91,21.85,0.0,0.0,0.0,-0.0,,0.0
2,3,4.0,4,14.73,20.8,20.75,0.0,0.0,0.0,-0.0,,0.0
2,4,4.0,4,14.56,19.86,19.81,0.0,0.0,0.0,-0.0,,0.0
2,5,4.0,4,14.0,18.8,18.76,0.0,0.0,0.0,-0.0,,0.0
2,6,4.0,4,13.78,17.98,17.94,0.0,0.0,0.0,-0.0,,0.0
2,7,4.0,4,13.28,17.11,17.07,0.0,60.78,0.0,-0.0,,0.0
2,8,4.0,4,13.11,24.22,24.2,0.0,5010.08,0.0,0.0,,0.0
2,9,4.0,4,14.35,27.25,27.23,0.0,10468.2,0.0,0.0,,0.0
2,10,4.0,4,16.18,31.92,31.89,0.0,21625.3,0.0,0.0,,0.0
2,11,4.0,4,18.33,35.4,35.38,0.0,26211.28,0.0,0.0,,0.0
2,12,4.0,4,20.75,39.23,39.21,0.0,31298.55,0.0,0.0,,0.0
2,13,4.0,4,22.91,42.5,42.48,0.0,34314.11,0.0,0.0,,0.0
2,14,4.0,4,24.48,44.85,44.83,0.0,35121.23,0.0,0.0,,0.0
2,15,4.0,4,26.07,60.55,60.54,0.0,84774.82,0.0,0.0,,0.0
2,16,4.0,4,27.22,81.15,81.14,0.0,145013.91,0.0,0.0,,0.0
2,17,4.0,4,28.17,91.4,91.39,0.0,162417.92,0.0,0.0,,0.0
2,18,4.0,4,26.23,78.52,78.51,0.0,105167.85,0.0,0.0,,0.0
2,19,4.0,4,23.66,43.46,43.46,0.0,6159.54,0.0,-0.0,,0.0
2,20,4.0,4,21.73,35.72,35.71,0.0,0.0,0.0,-0.0,,0.0
2,21,4.0,4,20.04,32.31,32.3,0.0,0.0,0.0,0.0,,0.0
2,22,4.0,4,18.87,29.87,29.86,0.0,0.0,0.0,0.0,,0.0
2,23,4.0,4,18.02,27.85,27.85,0.0,0.0,0.0,0.0,,0.0
2,24,4.0,4,17.45,26.17,26.17,0.0,0.0,0.0,0.0,,0.0
2,1,5.0,4,16.9,24.66,24.66,0.0,0.0,0.0,0.0,,0.0
2,2,5.0,4,16.46,23.34,23.34,0.0,0.0,0.0,-0.0,,0.0
2,3,5.0,4,15.85,22.04,22.04,0.0,0.0,0.0,-0.0,,0.0
2,4,5.0,4,15.27,20.84,20.84,0.0,0.0,0.0,-0.0,,0.0
2,5,5.0,4,14.79,19.78,19.78,0.0,0.0,0.0,-0.0,,0.0
2,6,5.0,4,14.5,18.9,18.89,0.0,0.0,0.0,-0.0,,0.0
2,7,5.0,4,13.82,17.9,17.9,0.0,60.78,0.0,-0.0,,0.0
2,8,5.0,4,14.22,21.17,21.17,0.0,5010.08,0.0,-114.42,,-3.4326
2,9,5.0,4,15.89,23.43,23.42,0.0,10468.2,0.0,0.0,,0.0
2,10,5.0,4,18.18,27.29,26.01,-4473.51,21625.3,0.0,0.0,,-134.20530000000002
2,11,5.0,4,20.61,30.35,26.01,-14772.15,26211.28,0.0,-3243.53,,-540.4704
2,12,5.0,4,23.06,33.6,26.01,-25106.49,31298.55,0.0,-6658.75,,-952.9572000000001
2,13,5.0,4,24.7,36.02,26.01,-32233.89,34314.11,0.0,-8986.18,,-1236.6021
2,14,5.0,4,25.91,37.7,26.01,-36897.56,35121.23,0.0,-5468.66,,-1270.9866000000002
2,15,5.0,4,26.92,48.26,32.51,-50000.0,84774.82,0.0,-7171.69,,-1715.1507000000001
2,16,5.0,4,26.59,60.77,44.49,-50000.0,145013.91,0.0,0.0,,-1500.0
2,17,5.0,4,25.73,65.62,49.07,-50000.0,162417.92,0.0,0.0,,-1500.0
2,18,5.0,4,23.98,55.56,38.8,-50000.0,105167.85,0.0,0.0,,-1500.0
2,19,5.0,4,21.58,36.8,32.43,0.0,6159.54,0.0,0.0,,0.0
2,20,5.0,4,19.71,31.39,28.88,0.0,0.0,0.0,0.0,,0.0
2,21,5.0,4,18.13,28.57,26.54,0.0,0.0,0.0,0.0,,0.0
2,22,5.0,4,16.92,26.36,24.6,0.0,0.0,0.0,0.0,,0.0
2,23,5.0,4,16.1,24.55,23.01,0.0,0.0,0.0,0.0,,0.0
2,24,5.0,4,15.54,23.04,21.68,0.0,0.0,0.0,0.0,,0.0
2,1,6.0,4,15.03,21.7,20.5,0.0,0.0,0.0,0.0,,0.0
2,2,6.0,4,14.83,20.63,19.58,0.0,0.0,0.0,-0.0,,0.0
2,3,6.0,4,14.56,19.66,18.73,0.0,0.0,0.0,-0.0,,0.0
2,4,6.0,4,14.3,18.77,17.96,0.0,0.0,0.0,-0.0,,0.0
2,5,6.0,4,13.88,17.89,17.17,0.0,0.0,0.0,-0.0,,0.0
2,6,6.0,4,13.49,17.07,16.43,0.0,0.0,0.0,-0.0,,0.0
2,7,6.0,4,12.8,16.16,15.6,0.0,60.78,0.0,-0.0,,0.0
2,8,6.0,4,12.59,19.29,21.01,7226.71,5010.08,0.0,0.0,,216.8013
2,9,6.0,4,14.11,21.47,21.37,0.0,10468.2,0.0,-631.86,,-18.9558
2,10,6.0,4,16.6,25.49,25.3,0.0,21625.3,0.0,0.0,,0.0
2,11,6.0,4,19.43,28.86,26.01,-9351.31,26211.28,0.0,0.0,,-280.53929999999997
2,12,6.0,4,22.37,32.5,26.01,-21333.12,31298.55,0.0,-5140.39,,-794.2053
2,13,6.0,4,24.19,35.11,26.01,-29181.14,34314.11,0.0,-4251.86,,-1002.99
2,14,6.0,4,25.74,37.1,26.01,-34938.26,35121.23,0.0,-4325.76,,-1177.9206000000001
2,15,6.0,4,26.58,47.6,31.89,-50000.0,84774.82,0.0,-3830.92,,-1614.9275999999998
2,16,6.0,4,26.4,60.26,43.98,-50000.0,145013.91,0.0,0.0,,-1500.0
2,17,6.0,4,25.6,65.19,48.64,-50000.0,162417.92,0.0,0.0,,-1500.0
2,18,6.0,4,23.97,55.27,38.5,-50000.0,105167.85,0.0,0.0,,-1500.0
2,19,6.0,4,21.28,36.27,31.9,0.0,6159.54,0.0,0.0,,0.0
2,20,6.0,4,19.58,30.96,28.45,0.0,0.0,0.0,0.0,,0.0
2,21,6.0,4,17.88,28.11,26.08,0.0,0.0,0.0,0.0,,0.0
2,22,6.0,4,16.81,26.0,24.24,0.0,0.0,0.0,0.0,,0.0
2,23,6.0,4,16.08,24.27,22.73,0.0,0.0,0.0,0.0,,0.0
2,24,6.0,4,15.57,22.83,21.47,0.0,0.0,0.0,0.0,,0.0
2,1,7.0,4,15.18,21.58,20.38,0.0,0.0,0.0,0.0,,0.0
2,2,7.0,4,14.92,20.52,19.47,0.0,0.0,0.0,-0.0,,0.0
2,3,7.0,4,14.7,19.6,18.67,0.0,0.0,0.0,-0.0,,0.0
2,4,7.0,4,14.49,18.77,17.95,0.0,0.0,0.0,-0.0,,0.0
2,5,7.0,4,14.21,17.98,17.26,0.0,0.0,0.0,-0.0,,0.0
2,6,7.0,4,13.93,17.26,16.62,0.0,0.0,0.0,-0.0,,0.0
2,7,7.0,4,13.27,16.4,15.84,0.0,60.78,0.0,-0.0,,0.0
2,8,7.0,4,13.01,19.59,21.01,6200.13,5010.08,0.0,0.0,,186.0039
2,9,7.0,4,14.11,21.5,21.37,0.0,10468.2,0.0,-924.56,,-27.7368
2,10,7.0,4,16.28,25.28,25.08,0.0,21625.3,0.0,0.0,,0.0
2,11,7.0,4,18.53,28.22,26.01,-7083.4,26211.28,0.0,0.0,,-212.502
2,12,7.0,4,20.73,31.3,26.01,-17302.03,31298.55,0.0,-1439.56,,-562.2477
2,13,7.0,4,22.18,33.57,26.01,-24189.26,34314.11,0.0,-3765.33,,-838.6377
2,14,7.0,4,23.44,35.27,26.01,-29143.86,35121.23,0.0,-2189.34,,-939.996
2,15,7.0,4,24.06,45.54,30.07,-50000.0,84774.82,0.0,-4135.1,,-1624.053
2,16,7.0,4,24.06,58.26,42.09,-50000.0,145013.91,0.0,0.0,,-1500.0
2,17,7.0,4,23.49,63.31,46.84,-50000.0,162417.92,0.0,0.0,,-1500.0
2,18,7.0,4,22.15,53.56,36.86,-50000.0,105167.85,0.0,0.0,,-1500.0
2,19,7.0,4,19.95,34.87,30.58,0.0,6159.54,0.0,0.0,,0.0
2,20,7.0,4,18.35,29.65,27.21,0.0,0.0,0.0,0.0,,0.0
2,21,7.0,4,16.98,26.99,25.03,0.0,0.0,0.0,0.0,,0.0
2,22,7.0,4,15.88,24.9,23.21,0.0,0.0,0.0,0.0,,0.0
2,23,7.0,4,15.25,23.26,21.77,0.0,0.0,0.0,0.0,,0.0
2,24,7.0,4,14.87,21.91,20.6,0.0,0.0,0.0,0.0,,0.0
2,1,1.0,4,14.6,20.76,19.61,0.0,0.0,0.0,0.0,,0.0
2,2,1.0,4,14.5,19.82,18.81,0.0,0.0,0.0,-0.0,,0.0
2,3,1.0,4,14.41,19.01,18.12,0.0,0.0,0.0,-0.0,,0.0
2,4,1.0,4,14.36,18.32,17.53,0.0,0.0,0.0,-0.0,,0.0
2,5,1.0,4,14.3,17.7,17.0,0.0,0.0,0.0,-0.0,,0.0
2,6,1.0,4,14.19,17.12,16.51,0.0,0.0,0.0,-0.0,,0.0
2,7,1.0,4,13.79,16.47,15.92,0.0,60.78,0.0,-0.0,,0.0
2,8,1.0,4,13.84,20.05,21.01,4533.34,5010.08,0.0,0.0,,136.0002
2,9,1.0,4,15.19,22.2,22.04,0.0,10468.2,0.0,-1789.8,,-53.694
2,10,1.0,4,17.5,26.15,25.94,0.0,21625.3,0.0,0.0,,0.0
2,11,1.0,4,20.2,29.45,26.01,-11373.41,26211.28,0.0,-4142.32,,-465.47189999999995
2,12,1.0,4,22.94,32.98,26.01,-22788.75,31298.55,0.0,-8941.13,,-951.8963999999999
2,13,1.0,4,24.83,35.64,26.01,-30808.67,34314.11,0.0,-9873.72,,-1220.4717
2,14,1.0,4,26.25,37.55,26.01,-36279.61,35121.23,0.0,-8175.11,,-1333.6416000000002
2,15,1.0,4,27.06,48.03,32.26,-50000.0,84774.82,0.0,-5176.79,,-1655.3037
2,16,1.0,4,26.87,60.69,44.38,-50000.0,145013.91,0.0,0.0,,-1500.0
2,17,1.0,4,26.0,65.58,49.0,-50000.0,162417.92,0.0,0.0,,-1500.0
2,18,1.0,4,24.19,55.53,38.73,-50000.0,105167.85,0.0,0.0,,-1500.0
2,19,1.0,4,21.36,36.46,32.05,0.0,6159.54,0.0,0.0,,0.0
2,20,1.0,4,19.48,31.04,28.48,0.0,0.0,0.0,0.0,,0.0
2,21,1.0,4,17.8,28.16,26.1,0.0,0.0,0.0,0.0,,0.0
2,22,1.0,4,16.78,26.06,24.27,0.0,0.0,0.0,0.0,,0.0
2,23,1.0,4,16.02,24.31,22.74,0.0,0.0,0.0,0.0,,0.0
2,24,1.0,4,15.53,22.86,21.48,0.0,0.0,0.0,0.0,,0.0
2,1,2.0,4,15.11,21.59,20.37,0.0,0.0,0.0,0.0,,0.0
2,2,2.0,4,14.82,20.5,19.43,0.0,0.0,0.0,-0.0,,0.0
2,3,2.0,4,14.47,19.49,18.55,0.0,0.0,0.0,-0.0,,0.0
2,4,2.0,4,14.27,18.65,17.82,0.0,0.0,0.0,-0.0,,0.0
2,5,2.0,4,13.99,17.85,17.12,0.0,0.0,0.0,-0.0,,0.0
2,6,2.0,4,13.66,17.09,16.44,0.0,0.0,0.0,-0.0,,0.0
2,7,2.0,4,12.78,16.1,15.53,0.0,60.78,0.0,-0.0,,0.0
2,8,2.0,4,12.47,19.17,21.01,7681.61,5010.08,0.0,0.0,,230.4483
2,9,2.0,4,14.06,21.4,21.3,0.0,10468.2,0.0,0.0,,0.0
2,10,2.0,4,16.84,25.63,25.44,0.0,21625.3,0.0,0.0,,0.0
2,11,2.0,4,19.32,28.77,26.01,-9022.76,26211.28,0.0,0.0,,-270.6828
2,12,2.0,4,21.6,31.95,26.01,-19413.18,31298.55,0.0,-474.81,,-596.6397000000001
2,13,2.0,4,22.99,34.21,26.01,-26198.44,34314.11,0.0,-4274.7,,-914.1941999999999
2,14,2.0,4,24.18,35.89,26.01,-31035.63,35121.23,0.0,-2618.38,,-1009.6203
2,15,2.0,4,24.65,46.07,30.51,-50000.0,84774.82,0.0,-4269.41,,-1628.0823
2,16,2.0,4,24.59,58.75,42.53,-50000.0,145013.91,0.0,0.0,,-1500.0
2,17,2.0,4,24.04,63.81,47.31,-50000.0,162417.92,0.0,0.0,,-1500.0
2,18,2.0,4,22.61,54.0,37.27,-50000.0,105167.85,0.0,0.0,,-1500.0
2,19,2.0,4,20.17,35.18,30.86,0.0,6159.54,0.0,0.0,,0.0
2,20,2.0,4,18.53,29.92,27.45,0.0,0.0,0.0,0.0,,0.0
2,21,2.0,4,17.03,27.18,25.18,0.0,0.0,0.0,0.0,,0.0
2,22,2.0,4,15.92,25.06,23.34,0.0,0.0,0.0,0.0,,0.0
2,23,2.0,4,15.16,23.33,21.81,0.0,0.0,0.0,0.0,,0.0
2,24,2.0,4,14.69,21.91,20.58,0.0,0.0,0.0,0.0,,0.0
2,1,3.0,4,14.47,20.76,19.58,0.0,0.0,0.0,0.0,,0.0
2,2,3.0,4,14.27,19.76,18.72,0.0,0.0,0.0,-0.0,,0.0
2,3,3.0,4,14.05,18.84,17.93,0.0,0.0,0.0,-0.0,,0.0
2,4,3.0,4,13.9,18.07,17.26,0.0,0.0,0.0,-0.0,,0.0
2,5,3.0,4,13.57,17.27,16.56,0.0,0.0,0.0,-0.0,,0.0
2,6,3.0,4,13.33,16.58,15.95,0.0,0.0,0.0,-0.0,,0.0
2,7,3.0,4,12.98,15.9,15.34,0.0,60.78,0.0,-0.0,,0.0
2,8,3.0,4,12.79,23.12,22.63,0.0,5010.08,0.0,0.0,,0.0
2,9,3.0,4,13.78,26.11,25.68,0.0,10468.2,0.0,0.0,,0.0
2,10,3.0,4,15.82,30.94,30.56,0.0,21625.3,0.0,0.0,,0.0
2,11,3.0,4,18.22,34.64,34.3,0.0,26211.28,0.0,0.0,,0.0
2,12,3.0,4,20.43,38.43,38.13,0.0,31298.55,0.0,0.0,,0.0
2,13,3.0,4,21.96,41.42,41.15,0.0,34314.11,0.0,0.0,,0.0
2,14,3.0,4,23.06,43.5,43.27,0.0,35121.23,0.0,0.0,,0.0
2,15,3.0,4,23.49,58.53,58.33,0.0,84774.82,0.0,0.0,,0.0
2,16,3.0,4,23.52,78.41,78.23,0.0,145013.91,0.0,0.0,,0.0
2,17,3.0,4,22.83,87.6,87.43,0.0,162417.92,0.0,0.0,,0.0
2,18,3.0,4,21.91,75.02,74.87,0.0,105167.85,0.0,0.0,,0.0
2,19,3.0,4,19.33,39.87,39.74,0.0,6159.54,0.0,-0.0,,0.0
2,20,3.0,4,17.69,32.18,32.07,0.0,0.0,0.0,-0.0,,0.0
2,21,3.0,4,16.23,28.85,28.75,0.0,0.0,0.0,0.0,,0.0
2,22,3.0,4,15.24,26.47,26.38,0.0,0.0,0.0,0.0,,0.0
2,23,3.0,4,14.77,24.64,24.56,0.0,0.0,0.0,0.0,,0.0
2,24,3.0,4,14.44,23.1,23.03,0.0,0.0,0.0,0.0,,0.0
2,1,4.0,4,14.13,21.73,21.67,0.0,0.0,0.0,-0.0,,0.0
2,2,4.0,4,14.04,20.63,20.58,0.0,0.0,0.0,-0.0,,0.0
2,3,4.0,4,13.89,19.64,19.59,0.0,0.0,0.0,-0.0,,0.0
2,4,4.0,4,13.78,18.77,18.73,0.0,0.0,0.0,-0.0,,0.0
2,5,4.0,4,13.41,17.86,17.82,0.0,0.0,0.0,-0.0,,0.0
2,6,4.0,4,13.15,17.07,17.03,0.0,0.0,0.0,-0.0,,0.0
2,7,4.0,4,12.78,16.3,16.27,0.0,60.78,0.0,-0.0,,0.0
2,8,4.0,4,12.55,23.43,23.4,0.0,5010.08,0.0,0.0,,0.0
2,9,4.0,4,13.27,26.2,26.18,0.0,10468.2,0.0,0.0,,0.0
2,10,4.0,4,15.24,30.92,30.9,0.0,21625.3,0.0,0.0,,0.0
2,11,4.0,4,17.52,34.48,34.46,0.0,26211.28,0.0,0.0,,0.0
2,12,4.0,4,19.73,38.21,38.19,0.0,31298.55,0.0,0.0,,0.0
2,13,4.0,4,21.16,41.08,41.06,0.0,34314.11,0.0,0.0,,0.0
2,14,4.0,4,22.15,43.04,43.03,0.0,35121.23,0.0,0.0,,0.0
2,15,4.0,4,22.63,58.05,58.04,0.0,84774.82,0.0,0.0,,0.0
2,16,4.0,4,22.71,77.91,77.9,0.0,145013.91,0.0,0.0,,0.0
2,17,4.0,4,22.19,87.16,87.15,0.0,162417.92,0.0,0.0,,0.0
2,18,4.0,4,20.6,74.19,74.18,0.0,105167.85,0.0,0.0,,0.0
2,19,4.0,4,18.25,39.09,39.08,0.0,6159.54,0.0,-0.0,,0.0
2,20,4.0,4,16.64,31.39,31.39,0.0,0.0,0.0,-0.0,,0.0
2,21,4.0,4,15.41,28.15,28.15,0.0,0.0,0.0,0.0,,0.0
2,22,4.0,4,14.44,25.78,25.77,0.0,0.0,0.0,0.0,,0.0
2,23,4.0,4,13.98,23.94,23.94,0.0,0.0,0.0,0.0,,0.0
2,24,4.0,4,13.69,22.41,22.41,0.0,0.0,0.0,0.0,,0.0
2,1,5.0,4,13.53,21.13,21.13,0.0,0.0,0.0,0.0,,0.0
2,2,5.0,4,13.3,19.96,19.95,0.0,0.0,0.0,-0.0,,0.0
2,3,5.0,4,13.08,18.91,18.91,0.0,0.0,0.0,-0.0,,0.0
2,4,5.0,4,13.04,18.07,18.07,0.0,0.0,0.0,-0.0,,0.0
2,5,5.0,4,12.97,17.32,17.31,0.0,0.0,0.0,-0.0,,0.0
2,6,5.0,4,12.96,16.69,16.68,0.0,0.0,0.0,-0.0,,0.0
2,7,5.0,4,12.67,16.0,16.0,0.0,60.78,0.0,-0.0,,0.0
2,8,5.0,4,12.82,19.4,21.01,5649.45,5010.08,0.0,0.0,,169.4835
2,9,5.0,4,13.96,21.36,21.5,0.0,10468.2,0.0,0.0,,0.0
2,10,5.0,4,16.13,25.15,25.19,0.0,21625.3,0.0,0.0,,0.0
2,11,5.0,4,18.47,28.15,26.01,-7592.95,26211.28,0.0,0.0,,-227.7885
2,12,5.0,4,20.92,31.41,26.01,-18289.47,31298.55,0.0,-2441.8,,-621.9381
2,13,5.0,4,22.84,34.02,26.01,-26240.1,34314.11,0.0,-6619.93,,-985.8009
2,14,5.0,4,24.21,35.85,26.01,-31443.29,35121.23,0.0,-5182.25,,-1098.7662
2,15,5.0,4,25.23,46.43,31.0,-50000.0,84774.82,0.0,-3270.33,,-1598.1099000000002
2,16,5.0,4,25.43,59.34,43.24,-50000.0,145013.91,0.0,0.0,,-1500.0
2,17,5.0,4,24.33,64.07,47.67,-50000.0,162417.92,0.0,0.0,,-1500.0
2,18,5.0,4,22.51,53.98,37.34,-50000.0,105167.85,0.0,0.0,,-1500.0
2,19,5.0,4,19.62,34.92,30.7,0.0,6159.54,0.0,0.0,,0.0
2,20,5.0,4,17.59,29.39,27.02,0.0,0.0,0.0,0.0,,0.0
2,21,5.0,4,16.02,26.55,24.64,0.0,0.0,0.0,0.0,,0.0
2,22,5.0,4,14.9,24.37,22.73,0.0,0.0,0.0,0.0,,0.0
2,23,5.0,4,14.17,22.61,21.17,0.0,0.0,0.0,0.0,,0.0
2,24,5.0,4,13.62,21.11,19.85,0.0,0.0,0.0,0.0,,0.0
2,1,6.0,4,13.14,19.79,18.67,0.0,0.0,0.0,0.0,,0.0
2,2,6.0,4,12.92,18.72,17.74,0.0,0.0,0.0,-0.0,,0.0
2,3,6.0,4,12.56,17.69,16.83,0.0,0.0,0.0,-0.0,,0.0
2,4,6.0,4,12.17,16.73,15.97,0.0,0.0,0.0,-0.0,,0.0
2,5,6.0,4,11.66,15.78,15.1,0.0,0.0,0.0,-0.0,,0.0
2,6,6.0,4,11.18,14.89,14.3,0.0,0.0,0.0,-0.0,,0.0
2,7,6.0,4,10.45,13.94,13.42,0.0,60.78,0.0,-0.0,,0.0
2,8,6.0,4,10.87,17.45,21.01,13590.24,5010.08,0.0,0.0,,407.7072
2,9,6.0,4,12.51,19.75,21.01,4124.62,10468.2,0.0,0.0,,123.73859999999999
2,10,6.0,4,15.11,23.87,23.86,0.0,21625.3,0.0,0.0,,0.0
2,11,6.0,4,18.19,27.43,26.01,-4638.45,26211.28,0.0,0.0,,-139.1535
2,12,6.0,4,21.18,31.14,26.01,-17249.78,31298.55,0.0,-2505.95,,-592.6719
2,13,6.0,4,23.22,33.93,26.01,-25757.58,34314.11,0.0,-5492.71,,-937.5087000000001
2,14,6.0,4,24.72,35.92,26.01,-31504.72,35121.23,0.0,-5855.63,,-1120.8105
2,15,6.0,4,25.67,46.51,31.02,-50000.0,84774.82,0.0,-3386.46,,-1601.5938
2,16,6.0,4,25.4,59.14,42.99,-50000.0,145013.91,0.0,0.0,,-1500.0
2,17,6.0,4,24.59,64.08,47.64,-50000.0,162417.92,0.0,0.0,,-1500.0
2,18,6.0,4,22.83,54.07,37.4,-50000.0,105167.85,0.0,0.0,,-1500.0
2,19,6.0,4,20.19,35.09,30.83,0.0,6159.54,0.0,0.0,,0.0
2,20,6.0,4,18.29,29.69,27.28,0.0,0.0,0.0,0.0,,0.0
2,21,6.0,4,16.62,26.84,24.9,0.0,0.0,0.0,0.0,,0.0
2,22,6.0,4,15.58,24.75,23.07,0.0,0.0,0.0,0.0,,0.0
2,23,6.0,4,14.8,23.0,21.53,0.0,0.0,0.0,0.0,,0.0
2,24,6.0,4,14.18,21.49,20.19,0.0,0.0,0.0,0.0,,0.0
2,1,7.0,4,13.79,20.23,19.09,0.0,0.0,0.0,0.0,,0.0
2,2,7.0,4,13.38,19.09,18.08,0.0,0.0,0.0,-0.0,,0.0
2,3,7.0,4,12.99,18.05,17.17,0.0,0.0,0.0,-0.0,,0.0
2,4,7.0,4,12.55,17.07,16.29,0.0,0.0,0.0,-0.0,,0.0
2,5,7.0,4,12.23,16.22,15.53,0.0,0.0,0.0,-0.0,,0.0
2,6,7.0,4,11.93,15.45,14.85,0.0,0.0,0.0,-0.0,,0.0
2,7,7.0,4,11.27,14.57,14.03,0.0,60.78,0.0,-0.0,,0.0
2,8,7.0,4,11.58,18.09,21.01,11409.16,5010.08,0.0,0.0,,342.27479999999997
2,9,7.0,4,12.79,20.09,21.01,3144.71,10468.2,0.0,0.0,,94.3413
2,10,7.0,4,15.19,24.05,23.99,0.0,21625.3,0.0,0.0,,0.0
2,11,7.0,4,17.83,27.29,26.01,-4049.27,26211.28,0.0,0.0,,-121.47810000000001
2,12,7.0,4,20.43,30.69,26.01,-15633.45,31298.55,0.0,-2799.72,,-552.9951000000001
2,13,7.0,4,22.26,33.27,26.01,-23557.61,34314.11,0.0,-7535.98,,-932.8077
2,14,7.0,4,23.81,35.24,26.01,-29359.54,35121.23,0.0,-6564.73,,-1077.7281
2,15,7.0,4,24.92,45.92,30.5,-50000.0,84774.82,0.0,-4923.96,,-1647.7188
2,16,7.0,4,25.34,59.01,42.89,-50000.0,145013.91,0.0,0.0,,-1500.0
2,17,7.0,4,24.62,64.04,47.62,-50000.0,162417.92,0.0,0.0,,-1500.0
2,18,7.0,4,23.01,54.15,37.49,-50000.0,105167.85,0.0,0.0,,-1500.0
2,19,7.0,4,20.23,35.08,30.84,0.0,6159.54,0.0,0.0,,0.0
2,20,7.0,4,18.51,29.77,27.38,0.0,0.0,0.0,0.0,,0.0
2,21,7.0,4,17.1,27.09,25.17,0.0,0.0,0.0,0.0,,0.0
2,22,7.0,4,15.96,24.98,23.31,0.0,0.0,0.0,0.0,,0.0
2,23,7.0,4,15.4,23.37,21.91,0.0,0.0,0.0,0.0,,0.0
2,24,7.0,4,14.95,21.99,20.71,0.0,0.0,0.0,0.0,,0.0
2,1,1.0,5,14.64,20.81,19.69,0.0,0.0,0.0,-0.0,,0.0
2,2,1.0,5,14.18,19.68,18.68,0.0,0.0,0.0,-0.0,,0.0
2,3,1.0,5,13.76,18.65,17.77,0.0,0.0,0.0,-0.0,,0.0
2,4,1.0,5,13.45,17.76,16.99,0.0,0.0,0.0,-0.0,,0.0
2,5,1.0,5,12.93,16.83,16.15,0.0,0.0,0.0,-0.0,,0.0
2,6,1.0,5,12.53,16.02,15.42,0.0,0.0,0.0,-0.0,,0.0
2,7,1.0,5,12.03,15.21,14.68,0.0,0.0,0.0,-0.0,,0.0
2,8,1.0,5,11.8,17.71,20.15,9664.95,1271.45,0.0,0.0,,299.61345
2,9,1.0,5,12.92,20.25,20.23,0.0,10473.02,0.0,0.0,,0.0
2,10,1.0,5,15.32,23.63,23.47,0.0,18439.55,0.0,0.0,,0.0
2,11,1.0,5,17.99,27.57,25.15,-7982.06,27072.9,0.0,-797.18,,-272.15644
2,12,1.0,5,20.49,30.9,25.15,-18959.72,31889.41,0.0,-5453.83,,-756.82005
2,13,1.0,5,22.35,33.13,25.15,-25615.08,32841.43,0.0,-8841.58,,-1068.1564600000002
2,14,1.0,5,23.81,34.7,25.15,-30050.27,31917.94,0.0,-9271.9,,-1218.98727
2,15,1.0,5,24.88,44.79,29.28,-50000.0,78862.97,0.0,-6181.64,,-1741.63084
2,16,1.0,5,25.1,55.29,39.11,-50000.0,126492.35,0.0,0.0,,-1550.0
2,17,1.0,5,24.12,61.08,44.61,-50000.0,150709.2,0.0,0.0,,-1550.0
2,18,1.0,5,22.28,33.59,25.15,-21037.59,129.36,0.0,0.0,,-652.16529
2,19,1.0,5,19.88,29.18,26.25,0.0,0.0,0.0,0.0,,0.0
2,20,1.0,5,17.8,26.49,24.5,0.0,0.0,0.0,0.0,,0.0
2,21,1.0,5,16.44,24.41,22.74,0.0,0.0,0.0,0.0,,0.0
2,22,1.0,5,15.49,22.71,21.25,0.0,0.0,0.0,0.0,,0.0
2,23,1.0,5,15.04,21.4,20.12,0.0,0.0,0.0,0.0,,0.0
2,24,1.0,5,14.51,20.18,19.06,0.0,0.0,0.0,0.0,,0.0
2,1,2.0,5,14.19,19.18,18.19,0.0,0.0,0.0,-0.0,,0.0
2,2,2.0,5,13.82,18.24,17.36,0.0,0.0,0.0,-0.0,,0.0
2,3,2.0,5,13.39,17.34,16.57,0.0,0.0,0.0,-0.0,,0.0
2,4,2.0,5,13.07,16.56,15.88,0.0,0.0,0.0,-0.0,,0.0
2,5,2.0,5,12.59,15.76,15.16,0.0,0.0,0.0,-0.0,,0.0
2,6,2.0,5,12.05,14.96,14.43,0.0,0.0,0.0,-0.0,,0.0
2,7,2.0,5,11.69,14.29,13.82,0.0,0.0,0.0,-0.0,,0.0
2,8,2.0,5,11.42,16.99,20.15,12050.42,1271.45,0.0,0.0,,373.56302
2,9,2.0,5,12.45,19.52,20.15,1941.49,10473.02,0.0,0.0,,60.18619
2,10,2.0,5,14.41,22.64,22.58,0.0,18439.55,0.0,0.0,,0.0
2,11,2.0,5,17.24,26.68,25.15,-5050.51,27072.9,0.0,0.0,,-156.56581
2,12,2.0,5,19.76,30.05,25.15,-16396.62,31889.41,0.0,-3466.25,,-615.74897
2,13,2.0,5,21.69,32.35,25.15,-23312.82,32841.43,0.0,-6819.93,,-934.11525
2,14,2.0,5,23.26,34.0,25.15,-28084.4,31917.94,0.0,-9660.99,,-1170.10709
2,15,2.0,5,24.28,44.08,28.7,-50000.0,78862.97,0.0,-6806.43,,-1760.99933
2,16,2.0,5,24.65,54.71,38.6,-50000.0,126492.35,0.0,0.0,,-1550.0
2,17,2.0,5,23.85,60.64,44.23,-50000.0,150709.2,0.0,0.0,,-1550.0
2,18,2.0,5,22.24,33.33,25.15,-20346.43,129.36,0.0,0.0,,-630.73933
2,19,2.0,5,19.82,28.87,26.05,0.0,0.0,0.0,0.0,,0.0
2,20,2.0,5,18.13,26.42,24.51,0.0,0.0,0.0,0.0,,0.0
2,21,2.0,5,16.76,24.39,22.79,0.0,0.0,0.0,0.0,,0.0
2,22,2.0,5,15.98,22.83,21.43,0.0,0.0,0.0,0.0,,0.0
2,23,2.0,5,15.52,21.56,20.34,0.0,0.0,0.0,0.0,,0.0
2,24,2.0,5,15.07,20.43,19.35,0.0,0.0,0.0,0.0,,0.0
2,1,3.0,5,14.73,19.46,18.51,0.0,0.0,0.0,-0.0,,0.0
2,2,3.0,5,14.44,18.59,17.76,0.0,0.0,0.0,-0.0,,0.0
2,3,3.0,5,14.07,17.76,17.02,0.0,0.0,0.0,-0.0,,0.0
2,4,3.0,5,13.78,17.03,16.38,0.0,0.0,0.0,-0.0,,0.0
2,5,3.0,5,13.37,16.3,15.73,0.0,0.0,0.0,-0.0,,0.0
2,6,3.0,5,12.97,15.61,15.1,0.0,0.0,0.0,-0.0,,0.0
2,7,3.0,5,12.74,15.05,14.6,0.0,0.0,0.0,-0.0,,0.0
2,8,3.0,5,12.36,21.22,20.82,0.0,1271.45,0.0,0.0,,0.0
2,9,3.0,5,13.34,25.1,24.75,0.0,10473.02,0.0,0.0,,0.0
2,10,3.0,5,14.97,28.96,28.65,0.0,18439.55,0.0,0.0,,0.0
2,11,3.0,5,16.92,33.41,33.14,0.0,27072.9,0.0,0.0,,0.0
2,12,3.0,5,19.05,37.19,36.95,0.0,31889.41,0.0,0.0,,0.0
2,13,3.0,5,21.36,40.06,39.85,0.0,32841.43,0.0,0.0,,0.0
2,14,3.0,5,22.77,41.84,41.65,0.0,31917.94,0.0,0.0,,0.0
2,15,3.0,5,23.38,56.19,56.02,0.0,78862.97,0.0,0.0,,0.0
2,16,3.0,5,23.77,72.66,72.51,0.0,126492.35,0.0,0.0,,0.0
2,17,3.0,5,22.7,82.89,82.76,0.0,150709.2,0.0,0.0,,0.0
2,18,3.0,5,21.44,44.3,44.18,0.0,129.36,0.0,-0.0,,0.0
2,19,3.0,5,19.04,31.97,31.86,0.0,0.0,0.0,-0.0,,0.0
2,20,3.0,5,17.57,28.33,28.24,0.0,0.0,0.0,-0.0,,0.0
2,21,3.0,5,16.05,25.82,25.73,0.0,0.0,0.0,0.0,,0.0
2,22,3.0,5,15.14,23.9,23.82,0.0,0.0,0.0,0.0,,0.0
2,23,3.0,5,14.51,22.31,22.24,0.0,0.0,0.0,0.0,,0.0
2,24,3.0,5,14.05,20.95,20.89,0.0,0.0,0.0,-0.0,,0.0
2,1,4.0,5,13.65,19.75,19.7,0.0,0.0,0.0,-0.0,,0.0
2,2,4.0,5,13.61,18.86,18.82,0.0,0.0,0.0,-0.0,,0.0
2,3,4.0,5,13.61,18.11,18.07,0.0,0.0,0.0,-0.0,,0.0
2,4,4.0,5,13.29,17.28,17.25,0.0,0.0,0.0,-0.0,,0.0
2,5,4.0,5,12.86,16.45,16.42,0.0,0.0,0.0,-0.0,,0.0
2,6,4.0,5,12.79,15.87,15.84,0.0,0.0,0.0,-0.0,,0.0
2,7,4.0,5,12.18,15.06,15.04,0.0,0.0,0.0,-0.0,,0.0
2,8,4.0,5,11.77,21.14,21.12,0.0,1271.45,0.0,0.0,,0.0
2,9,4.0,5,13.46,25.35,25.33,0.0,10473.02,0.0,0.0,,0.0
2,10,4.0,5,16.39,29.93,29.91,0.0,18439.55,0.0,0.0,,0.0
2,11,4.0,5,19.34,35.03,35.02,0.0,27072.9,0.0,0.0,,0.0
2,12,4.0,5,21.97,39.23,39.22,0.0,31889.41,0.0,0.0,,0.0
2,13,4.0,5,23.76,41.96,41.94,0.0,32841.43,0.0,0.0,,0.0
2,14,4.0,5,24.6,43.48,43.47,0.0,31917.94,0.0,0.0,,0.0
2,15,4.0,5,24.99,57.71,57.7,0.0,78862.97,0.0,0.0,,0.0
2,16,4.0,5,25.82,74.43,74.42,0.0,126492.35,0.0,0.0,,0.0
2,17,4.0,5,25.32,85.02,85.01,0.0,150709.2,0.0,0.0,,0.0
2,18,4.0,5,23.59,46.26,46.25,0.0,129.36,0.0,-0.0,,0.0
2,19,4.0,5,21.23,33.96,33.95,0.0,0.0,0.0,-0.0,,0.0
2,20,4.0,5,19.49,30.2,30.19,0.0,0.0,0.0,-0.0,,0.0
2,21,4.0,5,17.71,27.54,27.54,0.0,0.0,0.0,0.0,,0.0
2,22,4.0,5,16.42,25.4,25.4,0.0,0.0,0.0,0.0,,0.0
2,23,4.0,5,16.04,23.9,23.9,0.0,0.0,0.0,0.0,,0.0
2,24,4.0,5,15.58,22.54,22.54,0.0,0.0,0.0,0.0,,0.0
2,1,5.0,5,15.22,21.36,21.35,0.0,0.0,0.0,-0.0,,0.0
2,2,5.0,5,14.7,20.2,20.2,0.0,0.0,0.0,-0.0,,0.0
2,3,5.0,5,14.27,19.17,19.17,0.0,0.0,0.0,-0.0,,0.0
2,4,5.0,5,14.03,18.32,18.32,0.0,0.0,0.0,-0.0,,0.0
2,5,5.0,5,13.94,17.64,17.63,0.0,0.0,0.0,-0.0,,0.0
2,6,5.0,5,13.72,16.96,16.96,0.0,0.0,0.0,-0.0,,0.0
2,7,5.0,5,13.09,16.12,16.12,0.0,0.0,0.0,-0.0,,0.0
2,8,5.0,5,12.55,18.47,20.15,5883.1,1271.45,0.0,0.0,,182.3761
2,9,5.0,5,13.29,20.74,20.89,0.0,10473.02,0.0,0.0,,0.0
2,10,5.0,5,15.15,23.72,23.77,0.0,18439.55,0.0,0.0,,0.0
2,11,5.0,5,17.07,27.09,25.15,-6923.34,27072.9,0.0,0.0,,-214.62354000000002
2,12,5.0,5,18.66,29.71,25.15,-15440.39,31889.41,0.0,0.0,,-478.65209
2,13,5.0,5,19.5,31.12,25.15,-19409.37,32841.43,0.0,-3407.55,,-707.3245199999999
2,14,5.0,5,20.46,32.19,25.15,-22380.31,31917.94,0.0,-2779.05,,-779.94016
2,15,5.0,5,21.28,41.98,26.85,-50000.0,78862.97,0.0,-8011.59,,-1798.3592899999999
2,16,5.0,5,22.11,52.79,36.82,-50000.0,126492.35,0.0,0.0,,-1550.0
2,17,5.0,5,21.52,58.79,42.49,-50000.0,150709.2,0.0,0.0,,-1550.0
2,18,5.0,5,20.28,31.67,25.15,-14884.86,129.36,0.0,0.0,,-461.43066000000005
2,19,5.0,5,17.92,27.34,24.9,0.0,0.0,0.0,0.0,,0.0
2,20,5.0,5,16.78,25.16,23.45,0.0,0.0,0.0,0.0,,0.0
2,21,5.0,5,15.52,23.2,21.76,0.0,0.0,0.0,0.0,,0.0
2,22,5.0,5,14.64,21.58,20.32,0.0,0.0,0.0,0.0,,0.0
2,23,5.0,5,14.04,20.24,19.13,0.0,0.0,0.0,0.0,,0.0
2,24,5.0,5,13.4,18.98,18.01,0.0,0.0,0.0,0.0,,0.0
2,1,6.0,5,13.06,17.97,17.11,0.0,0.0,0.0,-0.0,,0.0
2,2,6.0,5,12.6,16.99,16.24,0.0,0.0,0.0,-0.0,,0.0
2,3,6.0,5,12.16,16.09,15.43,0.0,0.0,0.0,-0.0,,0.0
2,4,6.0,5,11.8,15.29,14.7,0.0,0.0,0.0,-0.0,,0.0
2,5,6.0,5,11.59,14.64,14.12,0.0,0.0,0.0,-0.0,,0.0
2,6,6.0,5,11.44,14.07,13.62,0.0,0.0,0.0,-0.0,,0.0
2,7,6.0,5,11.03,13.42,13.02,0.0,0.0,0.0,-0.0,,0.0
2,8,6.0,5,10.86,16.28,20.15,14398.52,1271.45,0.0,0.0,,446.35412
2,9,6.0,5,12.09,18.97,20.15,3525.65,10473.02,0.0,0.0,,109.29515
2,10,6.0,5,14.06,22.12,22.15,0.0,18439.55,0.0,0.0,,0.0
2,11,6.0,5,17.32,26.5,25.15,-4587.57,27072.9,0.0,0.0,,-142.21466999999998
2,12,6.0,5,19.95,29.98,25.15,-16359.28,31889.41,0.0,0.0,,-507.13768
2,13,6.0,5,21.44,32.02,25.15,-22313.73,32841.43,0.0,0.0,,-691.72563
2,14,6.0,5,21.41,32.56,25.15,-23246.19,31917.94,0.0,0.0,,-720.63189
2,15,6.0,5,22.77,42.78,27.57,-50000.0,78862.97,0.0,-3233.8,,-1650.2478
2,16,6.0,5,23.03,53.31,37.28,-50000.0,126492.35,0.0,0.0,,-1550.0
2,17,6.0,5,22.18,59.17,42.82,-50000.0,150709.2,0.0,0.0,,-1550.0
2,18,6.0,5,20.77,31.96,25.15,-15738.64,129.36,0.0,0.0,,-487.89784
2,19,6.0,5,17.43,27.03,24.49,0.0,0.0,0.0,0.0,,0.0
2,20,6.0,5,16.03,24.65,22.87,0.0,0.0,0.0,0.0,,0.0
2,21,6.0,5,14.6,22.55,21.05,0.0,0.0,0.0,0.0,,0.0
2,22,6.0,5,13.85,20.96,19.65,0.0,0.0,0.0,0.0,,0.0
2,23,6.0,5,13.28,19.61,18.46,0.0,0.0,0.0,0.0,,0.0
2,24,6.0,5,12.79,18.42,17.4,0.0,0.0,0.0,0.0,,0.0
2,1,7.0,5,12.35,17.35,16.45,0.0,0.0,0.0,-0.0,,0.0
2,2,7.0,5,12.01,16.42,15.63,0.0,0.0,0.0,-0.0,,0.0
2,3,7.0,5,11.82,15.66,14.96,0.0,0.0,0.0,-0.0,,0.0
2,4,7.0,5,11.45,14.87,14.26,0.0,0.0,0.0,-0.0,,0.0
2,5,7.0,5,11.1,14.15,13.61,0.0,0.0,0.0,-0.0,,0.0
2,6,7.0,5,10.88,13.54,13.06,0.0,0.0,0.0,-0.0,,0.0
2,7,7.0,5,10.53,12.91,12.49,0.0,0.0,0.0,-0.0,,0.0
2,8,7.0,5,10.35,15.77,20.15,16227.14,1271.45,0.0,0.0,,503.04134
2,9,7.0,5,12.37,19.01,20.15,3247.16,10473.02,0.0,0.0,,100.66196
2,10,7.0,5,15.56,23.06,23.09,0.0,18439.55,0.0,0.0,,0.0
2,11,7.0,5,18.69,27.46,25.15,-7949.22,27072.9,0.0,0.0,,-246.42582000000002
2,12,7.0,5,21.7,31.26,25.15,-20546.62,31889.41,0.0,0.0,,-636.94522
2,13,7.0,5,24.04,33.97,25.15,-28661.97,32841.43,0.0,0.0,,-888.52107
2,14,7.0,5,25.95,35.97,25.15,-34413.89,31917.94,0.0,0.0,,-1066.83059
2,15,7.0,5,27.12,46.26,30.67,-50000.0,78862.97,0.0,0.0,,-1550.0
2,16,7.0,5,26.73,56.46,40.26,-50000.0,126492.35,0.0,0.0,,-1550.0
2,17,7.0,5,25.43,62.07,45.59,-50000.0,150709.2,0.0,0.0,,-1550.0
2,18,7.0,5,23.14,34.29,25.15,-23495.01,129.36,0.0,0.0,,-728.3453099999999
2,19,7.0,5,19.05,28.91,25.87,0.0,0.0,0.0,0.0,,0.0
2,20,7.0,5,17.87,26.58,24.55,0.0,0.0,0.0,0.0,,0.0
2,21,7.0,5,16.3,24.39,22.7,0.0,0.0,0.0,0.0,,0.0
2,22,7.0,5,15.39,22.69,21.21,0.0,0.0,0.0,0.0,,0.0
2,23,7.0,5,14.56,21.16,19.86,0.0,0.0,0.0,0.0,,0.0
2,24,7.0,5,13.96,19.86,18.72,0.0,0.0,0.0,0.0,,0.0
2,1,1.0,5,13.35,18.66,17.65,0.0,0.0,0.0,0.0,,0.0
2,2,1.0,5,13.02,17.69,16.81,0.0,0.0,0.0,-0.0,,0.0
2,3,1.0,5,12.61,16.77,15.99,0.0,0.0,0.0,-0.0,,0.0
2,4,1.0,5,12.26,15.95,15.26,0.0,0.0,0.0,-0.0,,0.0
2,5,1.0,5,11.66,15.05,14.45,0.0,0.0,0.0,-0.0,,0.0
2,6,1.0,5,10.96,14.13,13.6,0.0,0.0,0.0,-0.0,,0.0
2,7,1.0,5,10.49,13.36,12.89,0.0,0.0,0.0,-0.0,,0.0
2,8,1.0,5,10.11,15.88,20.15,15954.37,1271.45,0.0,0.0,,494.58547000000004
2,9,1.0,5,12.2,19.11,20.15,3026.4,10473.02,0.0,0.0,,93.81840000000001
2,10,1.0,5,15.26,23.03,23.03,0.0,18439.55,0.0,0.0,,0.0
2,11,1.0,5,18.38,27.38,25.15,-7589.83,27072.9,0.0,0.0,,-235.28473000000002
2,12,1.0,5,21.34,31.12,25.15,-20010.32,31889.41,0.0,0.0,,-620.31992
2,13,1.0,5,23.66,33.78,25.15,-27986.41,32841.43,0.0,-908.1,,-895.7298099999999
2,14,1.0,5,25.54,35.73,25.15,-33608.92,31917.94,0.0,-1826.15,,-1098.4871699999999
2,15,1.0,5,26.39,45.78,30.2,-50000.0,78862.97,0.0,-1385.96,,-1592.96476
2,16,1.0,5,26.13,56.02,39.83,-50000.0,126492.35,0.0,0.0,,-1550.0
2,17,1.0,5,25.11,61.8,45.33,-50000.0,150709.2,0.0,0.0,,-1550.0
2,18,1.0,5,23.06,34.2,25.15,-23181.74,129.36,0.0,0.0,,-718.63394
2,19,1.0,5,19.83,29.29,26.26,0.0,0.0,0.0,0.0,,0.0
2,20,1.0,5,18.41,26.91,24.88,0.0,0.0,0.0,0.0,,0.0
2,21,1.0,5,16.99,24.83,23.14,0.0,0.0,0.0,0.0,,0.0
2,22,1.0,5,16.19,23.22,21.75,0.0,0.0,0.0,0.0,,0.0
2,23,1.0,5,15.5,21.81,20.52,0.0,0.0,0.0,0.0,,0.0
2,24,1.0,5,15.02,20.62,19.48,0.0,0.0,0.0,0.0,,0.0
2,1,2.0,5,11.03,17.61,16.61,0.0,0.0,0.0,-0.0,,0.0
2,2,2.0,5,11.02,16.55,15.67,0.0,0.0,0.0,-0.0,,0.0
2,3,2.0,5,11.04,15.75,14.98,0.0,0.0,0.0,-0.0,,0.0
2,4,2.0,5,10.96,15.02,14.33,0.0,0.0,0.0,-0.0,,0.0
2,5,2.0,5,10.51,14.16,13.56,0.0,0.0,0.0,-0.0,,0.0
2,6,2.0,5,10.19,13.43,12.89,0.0,0.0,0.0,-0.0,,0.0
2,7,2.0,5,10.03,12.83,12.36,0.0,0.0,0.0,-0.0,,0.0
2,8,2.0,5,9.88,15.55,20.15,17124.7,1271.45,0.0,0.0,,530.8657000000001
2,9,2.0,5,11.27,18.31,20.15,5721.62,10473.02,0.0,0.0,,177.37022
2,10,2.0,5,14.08,22.03,22.1,0.0,18439.55,0.0,0.0,,0.0
2,11,2.0,5,16.7,25.99,25.15,-2836.96,27072.9,0.0,0.0,,-87.94575999999999
2,12,2.0,5,19.05,29.25,25.15,-13989.6,31889.41,0.0,0.0,,-433.67760000000004
2,13,2.0,5,20.84,31.47,25.15,-20653.82,32841.43,0.0,0.0,,-640.26842
2,14,2.0,5,21.87,32.75,25.15,-24176.56,31917.94,0.0,0.0,,-749.47336
2,15,2.0,5,22.15,42.28,27.08,-50000.0,78862.97,0.0,0.0,,-1550.0
2,16,2.0,5,22.0,52.48,36.47,-50000.0,126492.35,0.0,0.0,,-1550.0
2,17,2.0,5,21.08,58.25,41.92,-50000.0,150709.2,0.0,0.0,,-1550.0
2,18,2.0,5,19.13,30.65,25.15,-11187.59,129.36,0.0,0.0,,-346.81529
2,19,2.0,5,15.68,25.71,23.41,0.0,0.0,0.0,0.0,,0.0
2,20,2.0,5,14.57,23.44,21.75,0.0,0.0,0.0,0.0,,0.0
2,21,2.0,5,13.26,21.39,19.95,0.0,0.0,0.0,0.0,,0.0
2,22,2.0,5,12.33,19.68,18.42,0.0,0.0,0.0,0.0,,0.0
2,23,2.0,5,11.83,18.33,17.23,0.0,0.0,0.0,0.0,,0.0
2,24,2.0,5,11.5,17.21,16.23,0.0,0.0,0.0,-0.0,,0.0
2,1,3.0,5,11.27,16.25,15.39,0.0,0.0,0.0,-0.0,,0.0
2,2,3.0,5,11.14,15.44,14.69,0.0,0.0,0.0,-0.0,,0.0
2,3,3.0,5,11.03,14.75,14.08,0.0,0.0,0.0,-0.0,,0.0
2,4,3.0,5,10.84,14.08,13.49,0.0,0.0,0.0,-0.0,,0.0
2,5,3.0,5,10.5,13.39,12.87,0.0,0.0,0.0,-0.0,,0.0
2,6,3.0,5,10.38,12.86,12.41,0.0,0.0,0.0,-0.0,,0.0
2,7,3.0,5,10.2,12.36,11.96,0.0,0.0,0.0,-0.0,,0.0
2,8,3.0,5,10.18,18.75,18.39,0.0,1271.45,0.0,0.0,,0.0
2,9,3.0,5,11.46,22.84,22.53,0.0,10473.02,0.0,0.0,,0.0
2,10,3.0,5,13.92,27.22,26.94,0.0,18439.55,0.0,0.0,,0.0
2,11,3.0,5,16.58,32.17,31.92,0.0,27072.9,0.0,0.0,,0.0
2,12,3.0,5,18.69,36.09,35.87,0.0,31889.41,0.0,0.0,,0.0
2,13,3.0,5,20.4,38.73,38.53,0.0,32841.43,0.0,0.0,,0.0
2,14,3.0,5,21.31,40.26,40.09,0.0,31917.94,0.0,0.0,,0.0
2,15,3.0,5,21.42,54.33,54.18,0.0,78862.97,0.0,0.0,,0.0
2,16,3.0,5,21.23,70.45,70.32,0.0,126492.35,0.0,0.0,,0.0
2,17,3.0,5,20.27,80.68,80.56,0.0,150709.2,0.0,0.0,,0.0
2,18,3.0,5,18.4,41.73,41.62,0.0,129.36,0.0,-0.0,,0.0
2,19,3.0,5,15.16,28.86,28.76,0.0,0.0,0.0,-0.0,,0.0
2,20,3.0,5,13.93,25.23,25.14,0.0,0.0,0.0,-0.0,,0.0
2,21,3.0,5,12.6,22.75,22.67,0.0,0.0,0.0,0.0,,0.0
2,22,3.0,5,11.74,20.81,20.75,0.0,0.0,0.0,0.0,,0.0
2,23,3.0,5,11.17,19.22,19.16,0.0,0.0,0.0,-0.0,,0.0
2,24,3.0,5,10.9,17.94,17.89,0.0,0.0,0.0,-0.0,,0.0
2,1,4.0,5,10.62,16.79,16.75,0.0,0.0,0.0,-0.0,,0.0
2,2,4.0,5,10.38,15.79,15.75,0.0,0.0,0.0,-0.0,,0.0
2,3,4.0,5,10.18,14.9,14.87,0.0,0.0,0.0,-0.0,,0.0
2,4,4.0,5,9.94,14.08,14.05,0.0,0.0,0.0,-0.0,,0.0
2,5,4.0,5,9.89,13.44,13.42,0.0,0.0,0.0,-0.0,,0.0
2,6,4.0,5,10.2,13.08,13.06,0.0,0.0,0.0,-0.0,,0.0
2,7,4.0,5,10.04,12.56,12.54,0.0,0.0,0.0,-0.0,,0.0
2,8,4.0,5,10.11,18.96,18.94,0.0,1271.45,0.0,0.0,,0.0
2,9,4.0,5,11.13,22.89,22.87,0.0,10473.02,0.0,0.0,,0.0
2,10,4.0,5,13.64,27.24,27.23,0.0,18439.55,0.0,0.0,,0.0
2,11,4.0,5,16.69,32.37,32.36,0.0,27072.9,0.0,0.0,,0.0
2,12,4.0,5,18.92,36.36,36.34,0.0,31889.41,0.0,0.0,,0.0
2,13,4.0,5,20.72,39.05,39.04,0.0,32841.43,0.0,0.0,,0.0
2,14,4.0,5,21.49,40.52,40.51,0.0,31917.94,0.0,0.0,,0.0
2,15,4.0,5,21.85,54.71,54.71,0.0,78862.97,0.0,0.0,,0.0
2,16,4.0,5,21.77,70.91,70.9,0.0,126492.35,0.0,0.0,,0.0
2,17,4.0,5,20.95,81.23,81.23,0.0,150709.2,0.0,0.0,,0.0
2,18,4.0,5,19.01,42.27,42.26,0.0,129.36,0.0,-0.0,,0.0
2,19,4.0,5,15.65,29.34,29.33,0.0,0.0,0.0,-0.0,,0.0
2,20,4.0,5,14.34,25.66,25.65,0.0,0.0,0.0,-0.0,,0.0
2,21,4.0,5,13.15,23.26,23.25,0.0,0.0,0.0,0.0,,0.0
2,22,4.0,5,12.56,21.48,21.47,0.0,0.0,0.0,0.0,,0.0
2,23,4.0,5,12.11,19.98,19.98,0.0,0.0,0.0,0.0,,0.0
2,24,4.0,5,11.78,18.69,18.69,0.0,0.0,0.0,-0.0,,0.0
2,1,5.0,5,11.54,17.58,17.58,0.0,0.0,0.0,-0.0,,0.0
2,2,5.0,5,11.54,16.73,16.73,0.0,0.0,0.0,-0.0,,0.0
2,3,5.0,5,11.41,15.92,15.92,0.0,0.0,0.0,-0.0,,0.0
2,4,5.0,5,11.28,15.19,15.19,0.0,0.0,0.0,-0.0,,0.0
2,5,5.0,5,10.8,14.35,14.35,0.0,0.0,0.0,-0.0,,0.0
2,6,5.0,5,10.39,13.58,13.58,0.0,0.0,0.0,-0.0,,0.0
2,7,5.0,5,10.3,13.04,13.03,0.0,0.0,0.0,-0.0,,0.0
2,8,5.0,5,10.33,15.91,20.15,14858.89,1271.45,0.0,0.0,,460.62559
2,9,5.0,5,11.85,18.78,20.15,3415.03,10473.02,0.0,0.0,,105.86593
2,10,5.0,5,14.43,22.36,22.57,0.0,18439.55,0.0,0.0,,0.0
2,11,5.0,5,17.18,26.42,25.15,-4848.65,27072.9,0.0,0.0,,-150.30814999999998
2,12,5.0,5,19.31,29.54,25.15,-15279.08,31889.41,0.0,0.0,,-473.65148
2,13,5.0,5,21.01,31.68,25.15,-21637.01,32841.43,0.0,-929.54,,-699.56305
2,14,5.0,5,22.03,32.95,25.15,-25058.09,31917.94,0.0,-524.81,,-793.0699000000001
2,15,5.0,5,22.24,42.42,27.27,-50000.0,78862.97,0.0,-2903.65,,-1640.0131500000002
2,16,5.0,5,22.26,52.73,36.77,-50000.0,126492.35,0.0,0.0,,-1550.0
2,17,5.0,5,21.49,58.62,42.33,-50000.0,150709.2,0.0,0.0,,-1550.0
2,18,5.0,5,19.6,31.07,25.15,-12795.98,129.36,0.0,0.0,,-396.67538
2,19,5.0,5,16.64,26.39,24.06,0.0,0.0,0.0,0.0,,0.0
2,20,5.0,5,15.26,24.02,22.35,0.0,0.0,0.0,0.0,,0.0
2,21,5.0,5,13.98,21.99,20.58,0.0,0.0,0.0,0.0,,0.0
2,22,5.0,5,13.21,20.38,19.15,0.0,0.0,0.0,0.0,,0.0
2,23,5.0,5,12.56,18.98,17.9,0.0,0.0,0.0,0.0,,0.0
2,24,5.0,5,12.09,17.79,16.84,0.0,0.0,0.0,-0.0,,0.0
2,1,6.0,5,11.87,16.83,15.99,0.0,0.0,0.0,-0.0,,0.0
2,2,6.0,5,11.7,16.01,15.27,0.0,0.0,0.0,-0.0,,0.0
2,3,6.0,5,11.16,15.07,14.42,0.0,0.0,0.0,-0.0,,0.0
2,4,6.0,5,10.88,14.31,13.74,0.0,0.0,0.0,-0.0,,0.0
2,5,6.0,5,10.78,13.73,13.22,0.0,0.0,0.0,-0.0,,0.0
2,6,6.0,5,10.52,13.12,12.68,0.0,0.0,0.0,-0.0,,0.0
2,7,6.0,5,10.06,12.45,12.05,0.0,0.0,0.0,-0.0,,0.0
2,8,6.0,5,10.0,15.38,20.15,17542.61,1271.45,0.0,0.0,,543.82091
2,9,6.0,5,11.32,18.14,20.15,6124.52,10473.02,0.0,0.0,,189.86012000000002
2,10,6.0,5,13.77,21.64,21.76,0.0,18439.55,0.0,-327.94,,-10.166139999999999
2,11,6.0,5,16.38,25.6,25.15,-1594.17,27072.9,0.0,0.0,,-49.419270000000004
2,12,6.0,5,18.48,28.69,25.15,-12250.18,31889.41,0.0,-1378.19,,-422.47947000000005
2,13,6.0,5,20.25,30.89,25.15,-18909.7,32841.43,0.0,-716.47,,-608.4112700000001
2,14,6.0,5,21.31,32.19,25.15,-22518.01,31917.94,0.0,-553.67,,-715.2220799999999
2,15,6.0,5,21.92,41.94,26.84,-50000.0,78862.97,0.0,-4218.08,,-1680.76048
2,16,6.0,5,21.92,52.27,36.32,-50000.0,126492.35,0.0,0.0,,-1550.0
2,17,6.0,5,21.1,58.14,41.86,-50000.0,150709.2,0.0,0.0,,-1550.0
2,18,6.0,5,19.24,30.61,25.15,-11212.99,129.36,0.0,0.0,,-347.60269
2,19,6.0,5,15.99,25.76,23.5,0.0,0.0,0.0,0.0,,0.0
2,20,6.0,5,14.54,23.33,21.69,0.0,0.0,0.0,0.0,,0.0
2,21,6.0,5,13.49,21.42,20.03,0.0,0.0,0.0,0.0,,0.0
2,22,6.0,5,12.69,19.82,18.59,0.0,0.0,0.0,0.0,,0.0
2,23,6.0,5,11.93,18.36,17.29,0.0,0.0,0.0,0.0,,0.0
2,24,6.0,5,11.7,17.29,16.35,0.0,0.0,0.0,-0.0,,0.0
2,1,7.0,5,11.33,16.27,15.44,0.0,0.0,0.0,-0.0,,0.0
2,2,7.0,5,11.09,15.41,14.68,0.0,0.0,0.0,-0.0,,0.0
2,3,7.0,5,10.79,14.6,13.95,0.0,0.0,0.0,-0.0,,0.0
2,4,7.0,5,10.56,13.89,13.32,0.0,0.0,0.0,-0.0,,0.0
2,5,7.0,5,10.27,13.22,12.71,0.0,0.0,0.0,-0.0,,0.0
2,6,7.0,5,10.3,12.76,12.32,0.0,0.0,0.0,-0.0,,0.0
2,7,7.0,5,10.02,12.21,11.82,0.0,0.0,0.0,-0.0,,0.0
2,8,7.0,5,9.9,15.19,20.15,18217.11,1271.45,0.0,0.0,,564.73041
2,9,7.0,5,11.19,17.95,20.15,6751.62,10473.02,0.0,0.0,,209.30022
2,10,7.0,5,13.7,21.49,21.64,0.0,18439.55,0.0,0.0,,0.0
2,11,7.0,5,16.57,25.64,25.15,-1776.54,27072.9,0.0,0.0,,-55.072739999999996
2,12,7.0,5,19.01,29.0,25.15,-13343.73,31889.41,0.0,-6003.89,,-599.77622
2,13,7.0,5,21.05,31.42,25.15,-20689.88,32841.43,0.0,-2558.53,,-720.70071
2,14,7.0,5,22.36,32.94,25.15,-24970.52,31917.94,0.0,-3111.86,,-870.5537800000001
2,15,7.0,5,23.23,42.93,27.74,-50000.0,78862.97,0.0,-6439.89,,-1749.63659
2,16,7.0,5,23.07,53.2,37.21,-50000.0,126492.35,0.0,0.0,,-1550.0
2,17,7.0,5,22.14,59.01,42.71,-50000.0,150709.2,0.0,0.0,,-1550.0
2,18,7.0,5,20.16,31.43,25.15,-13986.92,129.36,0.0,0.0,,-433.59452000000005
2,19,7.0,5,17.17,26.68,24.27,0.0,0.0,0.0,0.0,,0.0
2,20,7.0,5,15.45,24.14,22.43,0.0,0.0,0.0,0.0,,0.0
2,21,7.0,5,14.27,22.16,20.72,0.0,0.0,0.0,0.0,,0.0
2,22,7.0,5,13.5,20.57,19.31,0.0,0.0,0.0,0.0,,0.0
2,23,7.0,5,13.01,19.27,18.16,0.0,0.0,0.0,0.0,,0.0
2,24,7.0,5,12.43,18.04,17.06,0.0,0.0,0.0,-0.0,,0.0
2,1,1.0,5,12.06,17.01,16.15,0.0,0.0,0.0,-0.0,,0.0
2,2,1.0,5,11.78,16.12,15.37,0.0,0.0,0.0,-0.0,,0.0
2,3,1.0,5,11.39,15.25,14.59,0.0,0.0,0.0,-0.0,,0.0
2,4,1.0,5,11.08,14.5,13.91,0.0,0.0,0.0,-0.0,,0.0
2,5,1.0,5,10.77,13.8,13.28,0.0,0.0,0.0,-0.0,,0.0
2,6,1.0,5,10.52,13.18,12.72,0.0,0.0,0.0,-0.0,,0.0
2,7,1.0,5,10.1,12.52,12.11,0.0,0.0,0.0,-0.0,,0.0
2,8,1.0,5,9.81,15.28,20.15,17925.1,1271.45,0.0,0.0,,555.6781
2,9,1.0,5,11.13,18.03,20.15,6519.82,10473.02,0.0,0.0,,202.11442
2,10,1.0,5,13.36,21.35,21.49,0.0,18439.55,0.0,0.0,,0.0
2,11,1.0,5,16.73,25.82,25.15,-2373.56,27072.9,0.0,0.0,,-73.58036
2,12,1.0,5,19.54,29.45,25.15,-14824.92,31889.41,0.0,-7326.15,,-686.68317
2,13,1.0,5,21.7,31.97,25.15,-22447.62,32841.43,0.0,-2478.06,,-772.6960799999999
2,14,1.0,5,22.89,33.42,25.15,-26421.73,31917.94,0.0,-4749.7,,-966.3143299999999
2,15,1.0,5,23.66,43.34,28.09,-50000.0,78862.97,0.0,-8523.22,,-1814.21982
2,16,1.0,5,23.14,53.37,37.34,-50000.0,126492.35,0.0,0.0,,-1550.0
2,17,1.0,5,21.86,58.92,42.58,-50000.0,150709.2,0.0,0.0,,-1550.0
2,18,1.0,5,20.07,31.43,25.15,-13902.9,129.36,0.0,0.0,,-430.9899
2,19,1.0,5,17.7,27.05,24.61,0.0,0.0,0.0,0.0,,0.0
2,20,1.0,5,16.11,24.62,22.88,0.0,0.0,0.0,0.0,,0.0
2,21,1.0,5,15.12,22.78,21.31,0.0,0.0,0.0,0.0,,0.0
2,22,1.0,5,14.22,21.16,19.87,0.0,0.0,0.0,0.0,,0.0
2,23,1.0,5,13.59,19.79,18.66,0.0,0.0,0.0,0.0,,0.0
2,24,1.0,5,13.2,18.67,17.67,0.0,0.0,0.0,-0.0,,0.0
2,1,2.0,5,12.85,17.67,16.8,0.0,0.0,0.0,-0.0,,0.0
2,2,2.0,5,12.57,16.8,16.03,0.0,0.0,0.0,-0.0,,0.0
2,3,2.0,5,12.32,16.03,15.35,0.0,0.0,0.0,-0.0,,0.0
2,4,2.0,5,11.99,15.28,14.68,0.0,0.0,0.0,-0.0,,0.0
2,5,2.0,5,11.61,14.55,14.03,0.0,0.0,0.0,-0.0,,0.0
2,6,2.0,5,11.08,13.79,13.32,0.0,0.0,0.0,-0.0,,0.0
2,7,2.0,5,10.6,13.08,12.67,0.0,0.0,0.0,-0.0,,0.0
2,8,2.0,5,10.3,15.81,20.15,16060.88,1271.45,0.0,0.0,,497.88728
2,9,2.0,5,11.31,18.33,20.15,5621.88,10473.02,0.0,0.0,,174.27828
2,10,2.0,5,13.14,21.36,21.46,0.0,18439.55,0.0,0.0,,0.0
2,11,2.0,5,15.95,25.39,25.15,-787.3,27072.9,0.0,0.0,,-24.406299999999998
2,12,2.0,5,17.79,28.28,25.15,-10819.28,31889.41,0.0,0.0,,-335.39768
2,13,2.0,5,19.52,30.4,25.15,-17302.78,32841.43,0.0,0.0,,-536.38618
2,14,2.0,5,21.03,31.98,25.15,-21937.26,31917.94,0.0,-693.42,,-701.5510799999998
2,15,2.0,5,22.08,42.04,26.97,-50000.0,78862.97,0.0,-9861.32,,-1855.70092
2,16,2.0,5,21.77,52.18,36.24,-50000.0,126492.35,0.0,0.0,,-1550.0
2,17,2.0,5,21.18,58.18,41.91,-50000.0,150709.2,0.0,0.0,,-1550.0
2,18,2.0,5,19.63,30.89,25.15,-12218.35,129.36,0.0,0.0,,-378.76885000000004
2,19,2.0,5,16.13,25.88,23.59,0.0,0.0,0.0,0.0,,0.0
2,20,2.0,5,15.19,23.73,22.08,0.0,0.0,0.0,0.0,,0.0
2,21,2.0,5,14.08,21.83,20.43,0.0,0.0,0.0,0.0,,0.0
2,22,2.0,5,13.15,20.17,18.95,0.0,0.0,0.0,0.0,,0.0
2,23,2.0,5,12.36,18.71,17.64,0.0,0.0,0.0,0.0,,0.0
2,24,2.0,5,11.74,17.43,16.49,0.0,0.0,0.0,0.0,,0.0
2,1,3.0,5,11.45,16.43,15.61,0.0,0.0,0.0,-0.0,,0.0
2,2,3.0,5,11.2,15.56,14.83,0.0,0.0,0.0,-0.0,,0.0
2,3,3.0,5,10.83,14.71,14.06,0.0,0.0,0.0,-0.0,,0.0
2,4,3.0,5,10.55,13.97,13.4,0.0,0.0,0.0,-0.0,,0.0
2,5,3.0,5,10.33,13.31,12.81,0.0,0.0,0.0,-0.0,,0.0
2,6,3.0,5,10.22,12.78,12.34,0.0,0.0,0.0,-0.0,,0.0
2,7,3.0,5,9.76,12.11,11.72,0.0,0.0,0.0,-0.0,,0.0
2,8,3.0,5,9.6,18.39,18.05,0.0,1271.45,0.0,0.0,,0.0
2,9,3.0,5,10.87,22.45,22.14,0.0,10473.02,0.0,0.0,,0.0
2,10,3.0,5,12.92,26.57,26.3,0.0,18439.55,0.0,0.0,,0.0
2,11,3.0,5,16.02,31.71,31.47,0.0,27072.9,0.0,0.0,,0.0
2,12,3.0,5,18.49,35.82,35.61,0.0,31889.41,0.0,0.0,,0.0
2,13,3.0,5,20.54,38.67,38.48,0.0,32841.43,0.0,0.0,,0.0
2,14,3.0,5,21.69,40.37,40.21,0.0,31917.94,0.0,0.0,,0.0
2,15,3.0,5,22.35,54.79,54.64,0.0,78862.97,0.0,0.0,,0.0
2,16,3.0,5,22.29,71.06,70.93,0.0,126492.35,0.0,0.0,,0.0
2,17,3.0,5,21.42,81.4,81.29,0.0,150709.2,0.0,0.0,,0.0
2,18,3.0,5,19.56,42.51,42.41,0.0,129.36,0.0,-0.0,,0.0
2,19,3.0,5,16.42,29.75,29.65,0.0,0.0,0.0,-0.0,,0.0
2,20,3.0,5,15.23,26.19,26.11,0.0,0.0,0.0,-0.0,,0.0
2,21,3.0,5,14.27,23.96,23.89,0.0,0.0,0.0,0.0,,0.0
2,22,3.0,5,13.73,22.26,22.2,0.0,0.0,0.0,0.0,,0.0
2,23,3.0,5,13.3,20.83,20.77,0.0,0.0,0.0,0.0,,0.0
2,24,3.0,5,13.32,19.77,19.72,0.0,0.0,0.0,-0.0,,0.0
2,1,4.0,5,13.15,18.78,18.73,0.0,0.0,0.0,-0.0,,0.0
2,2,4.0,5,13.01,17.9,17.86,0.0,0.0,0.0,-0.0,,0.0
2,3,4.0,5,12.84,17.1,17.07,0.0,0.0,0.0,-0.0,,0.0
2,4,4.0,5,12.79,16.45,16.42,0.0,0.0,0.0,-0.0,,0.0
2,5,4.0,5,12.65,15.82,15.8,0.0,0.0,0.0,-0.0,,0.0
2,6,4.0,5,12.13,15.05,15.03,0.0,0.0,0.0,-0.0,,0.0
2,7,4.0,5,11.67,14.34,14.31,0.0,0.0,0.0,-0.0,,0.0
2,8,4.0,5,11.61,20.63,20.61,0.0,1271.45,0.0,0.0,,0.0
2,9,4.0,5,12.35,24.38,24.36,0.0,10473.02,0.0,0.0,,0.0
2,10,4.0,5,14.54,28.51,28.49,0.0,18439.55,0.0,0.0,,0.0
2,11,4.0,5,17.27,33.41,33.39,0.0,27072.9,0.0,0.0,,0.0
2,12,4.0,5,19.55,37.35,37.34,0.0,31889.41,0.0,0.0,,0.0
2,13,4.0,5,21.21,39.92,39.91,0.0,32841.43,0.0,0.0,,0.0
2,14,4.0,5,22.24,41.47,41.46,0.0,31917.94,0.0,0.0,,0.0
2,15,4.0,5,22.45,55.57,55.56,0.0,78862.97,0.0,0.0,,0.0
2,16,4.0,5,21.96,71.5,71.49,0.0,126492.35,0.0,0.0,,0.0
2,17,4.0,5,20.83,81.59,81.58,0.0,150709.2,0.0,0.0,,0.0
2,18,4.0,5,18.79,42.5,42.49,0.0,129.36,0.0,-0.0,,0.0
2,19,4.0,5,15.42,29.5,29.5,0.0,0.0,0.0,-0.0,,0.0
2,20,4.0,5,13.7,25.55,25.54,0.0,0.0,0.0,-0.0,,0.0
2,21,4.0,5,12.51,23.07,23.06,0.0,0.0,0.0,0.0,,0.0
2,22,4.0,5,11.58,21.04,21.04,0.0,0.0,0.0,0.0,,0.0
2,23,4.0,5,10.71,19.23,19.23,0.0,0.0,0.0,0.0,,0.0
2,24,4.0,5,9.83,17.55,17.54,0.0,0.0,0.0,-0.0,,0.0
2,1,5.0,5,9.38,16.21,16.2,0.0,0.0,0.0,-0.0,,0.0
2,2,5.0,5,8.93,15.0,14.99,0.0,0.0,0.0,-0.0,,0.0
2,3,5.0,5,9.39,14.38,14.38,0.0,0.0,0.0,-0.0,,0.0
2,4,5.0,5,10.01,14.02,14.02,0.0,0.0,0.0,-0.0,,0.0
2,5,5.0,5,10.44,13.69,13.69,0.0,0.0,0.0,-0.0,,0.0
2,6,5.0,5,10.95,13.5,13.49,0.0,0.0,0.0,-0.0,,0.0
2,7,5.0,5,10.92,13.1,13.1,0.0,0.0,0.0,-0.0,,0.0
2,8,5.0,5,11.18,16.36,20.15,13283.56,1271.45,0.0,0.0,,411.79035999999996
2,9,5.0,5,12.89,19.44,20.15,1264.87,10473.02,0.0,0.0,,39.210969999999996
2,10,5.0,5,16.11,23.52,23.66,0.0,18439.55,0.0,0.0,,0.0
2,11,5.0,5,19.37,28.02,25.15,-10376.85,27072.9,0.0,0.0,,-321.68235000000004
2,12,5.0,5,21.82,31.46,25.15,-21434.95,31889.41,0.0,-6498.89,,-865.9490400000001
2,13,5.0,5,23.82,33.91,25.15,-28659.61,32841.43,0.0,-5768.32,,-1067.26583
2,14,5.0,5,25.07,35.43,25.15,-32750.8,31917.94,0.0,-7047.82,,-1233.7572199999997
2,15,5.0,5,26.19,45.62,30.12,-50000.0,78862.97,0.0,-5091.36,,-1707.83216
2,16,5.0,5,25.44,55.52,39.39,-50000.0,126492.35,0.0,0.0,,-1550.0
2,17,5.0,5,23.89,60.9,44.48,-50000.0,150709.2,0.0,0.0,,-1550.0
2,18,5.0,5,20.94,32.61,25.15,-17783.94,129.36,0.0,0.0,,-551.30214
2,19,5.0,5,18.09,27.99,25.28,0.0,0.0,0.0,0.0,,0.0
2,20,5.0,5,16.64,25.57,23.69,0.0,0.0,0.0,0.0,,0.0
2,21,5.0,5,15.27,23.47,21.89,0.0,0.0,0.0,0.0,,0.0
2,22,5.0,5,14.4,21.78,20.4,0.0,0.0,0.0,0.0,,0.0
2,23,5.0,5,13.85,20.4,19.19,0.0,0.0,0.0,0.0,,0.0
2,24,5.0,5,13.57,19.29,18.23,0.0,0.0,0.0,0.0,,0.0
2,1,6.0,5,13.44,18.39,17.45,0.0,0.0,0.0,-0.0,,0.0
2,2,6.0,5,13.35,17.61,16.79,0.0,0.0,0.0,-0.0,,0.0
2,3,6.0,5,12.97,16.77,16.04,0.0,0.0,0.0,-0.0,,0.0
2,4,6.0,5,12.41,15.89,15.24,0.0,0.0,0.0,-0.0,,0.0
2,5,6.0,5,11.5,14.84,14.27,0.0,0.0,0.0,-0.0,,0.0
2,6,6.0,5,10.37,13.68,13.18,0.0,0.0,0.0,-0.0,,0.0
2,7,6.0,5,9.98,12.93,12.48,0.0,0.0,0.0,-0.0,,0.0
2,8,6.0,5,10.21,15.84,20.15,16046.38,1271.45,0.0,0.0,,497.43778
2,9,6.0,5,11.82,18.76,20.15,4170.45,10473.02,0.0,0.0,,129.28395
2,10,6.0,5,14.18,22.19,22.23,0.0,18439.55,0.0,0.0,,0.0
2,11,6.0,5,16.83,26.16,25.15,-3386.46,27072.9,0.0,0.0,,-104.98026
2,12,6.0,5,18.64,29.04,25.15,-13167.72,31889.41,0.0,0.0,,-408.19932
2,13,6.0,5,20.11,30.99,25.15,-19023.28,32841.43,0.0,0.0,,-589.7216799999999
2,14,6.0,5,21.2,32.27,25.15,-22629.71,31917.94,0.0,0.0,,-701.52101
2,15,6.0,5,21.96,42.1,26.95,-50000.0,78862.97,0.0,-3321.32,,-1652.96092
2,16,6.0,5,22.1,52.51,36.53,-50000.0,126492.35,0.0,0.0,,-1550.0
2,17,6.0,5,21.5,58.53,42.22,-50000.0,150709.2,0.0,0.0,,-1550.0
2,18,6.0,5,19.47,30.89,25.15,-12102.26,129.36,0.0,0.0,,-375.17006
2,19,6.0,5,16.43,26.16,23.83,0.0,0.0,0.0,0.0,,0.0
2,20,6.0,5,15.24,23.89,22.2,0.0,0.0,0.0,0.0,,0.0
2,21,6.0,5,14.01,21.91,20.48,0.0,0.0,0.0,0.0,,0.0
2,22,6.0,5,13.35,20.38,19.13,0.0,0.0,0.0,0.0,,0.0
2,23,6.0,5,13.06,19.19,18.1,0.0,0.0,0.0,0.0,,0.0
2,24,6.0,5,12.92,18.23,17.26,0.0,0.0,0.0,0.0,,0.0
2,1,7.0,5,12.89,17.43,16.58,0.0,0.0,0.0,-0.0,,0.0
2,2,7.0,5,12.9,16.77,16.02,0.0,0.0,0.0,-0.0,,0.0
2,3,7.0,5,12.83,16.15,15.49,0.0,0.0,0.0,-0.0,,0.0
2,4,7.0,5,12.69,15.57,14.98,0.0,0.0,0.0,-0.0,,0.0
2,5,7.0,5,12.23,14.86,14.35,0.0,0.0,0.0,-0.0,,0.0
2,6,7.0,5,11.56,14.06,13.61,0.0,0.0,0.0,-0.0,,0.0
2,7,7.0,5,11.27,13.48,13.08,0.0,0.0,0.0,-0.0,,0.0
2,8,7.0,5,11.22,16.49,20.15,13661.02,1271.45,0.0,0.0,,423.49162
2,9,7.0,5,12.11,18.98,20.15,3567.24,10473.02,0.0,0.0,,110.58443999999999
2,10,7.0,5,13.95,22.03,22.06,0.0,18439.55,0.0,0.0,,0.0
2,11,7.0,5,16.09,25.62,25.15,-1482.62,27072.9,0.0,0.0,,-45.96122
2,12,7.0,5,17.92,28.47,25.15,-11342.96,31889.41,0.0,0.0,,-351.63175999999993
2,13,7.0,5,19.19,30.26,25.15,-16678.54,32841.43,0.0,0.0,,-517.03474
2,14,7.0,5,19.85,31.2,25.15,-19209.7,31917.94,0.0,0.0,,-595.5007
2,15,7.0,5,19.98,40.55,25.54,-50000.0,78862.97,0.0,-3212.01,,-1649.57231
2,16,7.0,5,20.07,50.85,34.92,-50000.0,126492.35,0.0,0.0,,-1550.0
2,17,7.0,5,19.53,56.85,40.58,-50000.0,150709.2,0.0,0.0,,-1550.0
2,18,7.0,5,17.69,29.31,25.15,-6683.83,129.36,0.0,0.0,,-207.19873
2,19,7.0,5,14.8,24.71,22.69,0.0,0.0,0.0,0.0,,0.0
2,20,7.0,5,13.65,22.45,20.89,0.0,0.0,0.0,0.0,,0.0
2,21,7.0,5,12.59,20.55,19.21,0.0,0.0,0.0,0.0,,0.0
2,22,7.0,5,11.91,19.0,17.83,0.0,0.0,0.0,0.0,,0.0
2,23,7.0,5,11.44,17.72,16.69,0.0,0.0,0.0,0.0,,0.0
2,24,7.0,5,11.37,16.76,15.86,0.0,0.0,0.0,-0.0,,0.0
2,1,1.0,5,11.55,16.08,15.28,0.0,0.0,0.0,-0.0,,0.0
2,2,1.0,5,11.66,15.48,14.77,0.0,0.0,0.0,-0.0,,0.0
2,3,1.0,5,11.61,14.88,14.26,0.0,0.0,0.0,-0.0,,0.0
2,4,1.0,5,11.49,14.31,13.77,0.0,0.0,0.0,-0.0,,0.0
2,5,1.0,5,11.15,13.68,13.2,0.0,0.0,0.0,-0.0,,0.0
2,6,1.0,5,11.08,13.22,12.8,0.0,0.0,0.0,-0.0,,0.0
2,7,1.0,5,11.05,12.85,12.47,0.0,0.0,0.0,-0.0,,0.0
2,8,1.0,5,10.74,15.85,20.15,15843.0,1271.45,0.0,0.0,,491.133
2,9,1.0,5,11.56,18.31,20.15,5655.03,10473.02,0.0,0.0,,175.30593
2,10,1.0,5,13.26,21.29,21.4,0.0,18439.55,0.0,0.0,,0.0
2,11,1.0,5,16.12,25.38,25.15,-788.91,27072.9,0.0,0.0,,-24.45621
2,12,1.0,5,18.07,28.37,25.15,-11164.21,31889.41,0.0,0.0,,-346.09050999999994
2,13,1.0,5,19.34,30.19,25.15,-16591.2,32841.43,0.0,0.0,,-514.3272000000001
2,14,1.0,5,20.14,31.27,25.15,-19542.44,31917.94,0.0,0.0,,-605.81564
2,15,1.0,5,20.35,40.71,25.71,-50000.0,78862.97,0.0,-2956.14,,-1641.6403400000002
2,16,1.0,5,20.44,51.04,35.13,-50000.0,126492.35,0.0,0.0,,-1550.0
2,17,1.0,5,19.83,57.01,40.76,-50000.0,150709.2,0.0,0.0,,-1550.0
2,18,1.0,5,17.89,29.42,25.15,-7139.58,129.36,0.0,0.0,,-221.32698000000002
2,19,1.0,5,14.96,24.77,22.75,0.0,0.0,0.0,0.0,,0.0
2,20,1.0,5,13.85,22.54,21.0,0.0,0.0,0.0,0.0,,0.0
2,21,1.0,5,12.83,20.67,19.35,0.0,0.0,0.0,0.0,,0.0
2,22,1.0,5,12.23,19.19,18.03,0.0,0.0,0.0,0.0,,0.0
2,23,1.0,5,11.9,17.99,16.98,0.0,0.0,0.0,0.0,,0.0
2,24,1.0,5,11.74,17.02,16.13,0.0,0.0,0.0,-0.0,,0.0
2,1,2.0,5,11.59,16.17,15.38,0.0,0.0,0.0,-0.0,,0.0
2,2,2.0,5,11.45,15.42,14.72,0.0,0.0,0.0,-0.0,,0.0
2,3,2.0,5,11.5,14.85,14.23,0.0,0.0,0.0,-0.0,,0.0
2,4,2.0,5,11.71,14.45,13.91,0.0,0.0,0.0,-0.0,,0.0
2,5,2.0,5,11.84,14.1,13.62,0.0,0.0,0.0,-0.0,,0.0
2,6,2.0,5,11.63,13.62,13.19,0.0,0.0,0.0,-0.0,,0.0
2,7,2.0,5,11.38,13.14,12.76,0.0,0.0,0.0,-0.0,,0.0
2,8,2.0,5,11.28,16.3,20.15,14274.09,1271.45,0.0,0.0,,442.49679
2,9,2.0,5,12.1,18.78,20.15,4169.17,10473.02,0.0,0.0,,129.24427
2,10,2.0,5,13.96,21.87,21.93,0.0,18439.55,0.0,0.0,,0.0
2,11,2.0,5,16.15,25.52,25.15,-1203.74,27072.9,0.0,0.0,,-37.315940000000005
2,12,2.0,5,17.84,28.3,25.15,-10822.46,31889.41,0.0,0.0,,-335.49625999999995
2,13,2.0,5,19.09,30.08,25.15,-16166.19,32841.43,0.0,0.0,,-501.15189000000004
2,14,2.0,5,19.79,31.06,25.15,-18820.97,31917.94,0.0,0.0,,-583.4500700000001
2,15,2.0,5,19.63,40.22,25.23,-50000.0,78862.97,0.0,-1301.18,,-1590.3365800000001
2,16,2.0,5,19.6,50.43,34.52,-50000.0,126492.35,0.0,0.0,,-1550.0
2,17,2.0,5,18.78,56.22,39.97,-50000.0,150709.2,0.0,0.0,,-1550.0
2,18,2.0,5,16.97,28.68,25.15,-4530.18,129.36,0.0,0.0,,-140.43558000000002
2,19,2.0,5,14.27,24.2,22.3,0.0,0.0,0.0,0.0,,0.0
2,20,2.0,5,13.17,21.97,20.47,0.0,0.0,0.0,0.0,,0.0
2,21,2.0,5,12.12,20.08,18.78,0.0,0.0,0.0,0.0,,0.0
2,22,2.0,5,11.43,18.53,17.39,0.0,0.0,0.0,0.0,,0.0
2,23,2.0,5,10.99,17.25,16.26,0.0,0.0,0.0,0.0,,0.0
2,24,2.0,5,10.69,16.18,15.3,0.0,0.0,0.0,-0.0,,0.0
2,1,3.0,5,10.5,15.27,14.5,0.0,0.0,0.0,-0.0,,0.0
2,2,3.0,5,10.5,14.57,13.89,0.0,0.0,0.0,-0.0,,0.0
2,3,3.0,5,10.61,14.02,13.42,0.0,0.0,0.0,-0.0,,0.0
2,4,3.0,5,10.62,13.51,12.98,0.0,0.0,0.0,-0.0,,0.0
2,5,3.0,5,10.72,13.12,12.65,0.0,0.0,0.0,-0.0,,0.0
2,6,3.0,5,10.68,12.71,12.29,0.0,0.0,0.0,-0.0,,0.0
2,7,3.0,5,10.74,12.4,12.04,0.0,0.0,0.0,-0.0,,0.0
2,8,3.0,5,10.94,18.98,18.66,0.0,1271.45,0.0,0.0,,0.0
2,9,3.0,5,11.31,22.66,22.37,0.0,10473.02,0.0,0.0,,0.0
2,10,3.0,5,12.48,26.3,26.05,0.0,18439.55,0.0,0.0,,0.0
2,11,3.0,5,15.41,31.29,31.07,0.0,27072.9,0.0,0.0,,0.0
2,12,3.0,5,17.69,35.26,35.07,0.0,31889.41,0.0,0.0,,0.0
2,13,3.0,5,19.35,37.86,37.68,0.0,32841.43,0.0,0.0,,0.0
2,14,3.0,5,20.42,39.45,39.3,0.0,31917.94,0.0,0.0,,0.0
2,15,3.0,5,20.49,53.5,53.36,0.0,78862.97,0.0,0.0,,0.0
2,16,3.0,5,20.52,69.72,69.6,0.0,126492.35,0.0,0.0,,0.0
2,17,3.0,5,19.68,80.03,79.92,0.0,150709.2,0.0,0.0,,0.0
2,18,3.0,5,18.0,41.19,41.1,0.0,129.36,0.0,-0.0,,0.0
2,19,3.0,5,15.25,28.61,28.53,0.0,0.0,0.0,-0.0,,0.0
2,20,3.0,5,14.02,25.04,24.96,0.0,0.0,0.0,-0.0,,0.0
2,21,3.0,5,13.05,22.8,22.73,0.0,0.0,0.0,0.0,,0.0
2,22,3.0,5,12.35,21.01,20.95,0.0,0.0,0.0,0.0,,0.0
2,23,3.0,5,11.76,19.46,19.41,0.0,0.0,0.0,0.0,,0.0
2,24,3.0,5,11.44,18.2,18.15,0.0,0.0,0.0,-0.0,,0.0
2,1,4.0,5,11.3,17.17,17.13,0.0,0.0,0.0,-0.0,,0.0
2,2,4.0,5,11.3,16.33,16.3,0.0,0.0,0.0,-0.0,,0.0
2,3,4.0,5,11.39,15.66,15.63,0.0,0.0,0.0,-0.0,,0.0
2,4,4.0,5,11.4,15.05,15.02,0.0,0.0,0.0,-0.0,,0.0
2,5,4.0,5,11.39,14.5,14.48,0.0,0.0,0.0,-0.0,,0.0
2,6,4.0,5,11.29,13.98,13.95,0.0,0.0,0.0,-0.0,,0.0
2,7,4.0,5,11.22,13.52,13.5,0.0,0.0,0.0,-0.0,,0.0
2,8,4.0,5,10.9,19.73,19.72,0.0,1271.45,0.0,0.0,,0.0
2,9,4.0,5,10.99,23.14,23.12,0.0,10473.02,0.0,0.0,,0.0
2,10,4.0,5,12.05,26.62,26.61,0.0,18439.55,0.0,0.0,,0.0
2,11,4.0,5,14.7,31.36,31.35,0.0,27072.9,0.0,0.0,,0.0
2,12,4.0,5,17.09,35.28,35.27,0.0,31889.41,0.0,0.0,,0.0
2,13,4.0,5,18.54,37.69,37.68,0.0,32841.43,0.0,0.0,,0.0
2,14,4.0,5,19.78,39.3,39.29,0.0,31917.94,0.0,0.0,,0.0
2,15,4.0,5,20.05,53.39,53.38,0.0,78862.97,0.0,0.0,,0.0
2,16,4.0,5,20.08,69.59,69.58,0.0,126492.35,0.0,0.0,,0.0
2,17,4.0,5,19.55,80.03,80.02,0.0,150709.2,0.0,0.0,,0.0
2,18,4.0,5,17.94,41.22,41.22,0.0,129.36,0.0,-0.0,,0.0
2,19,4.0,5,15.15,28.62,28.61,0.0,0.0,0.0,-0.0,,0.0
2,20,4.0,5,13.9,25.02,25.02,0.0,0.0,0.0,-0.0,,0.0
2,21,4.0,5,13.01,22.81,22.81,0.0,0.0,0.0,0.0,,0.0
2,22,4.0,5,12.23,20.98,20.98,0.0,0.0,0.0,0.0,,0.0
2,23,4.0,5,11.81,19.52,19.51,0.0,0.0,0.0,0.0,,0.0
2,24,4.0,5,11.73,18.39,18.39,0.0,0.0,0.0,-0.0,,0.0
2,1,5.0,5,11.78,17.48,17.48,0.0,0.0,0.0,-0.0,,0.0
2,2,5.0,5,11.83,16.71,16.7,0.0,0.0,0.0,-0.0,,0.0
2,3,5.0,5,11.72,15.95,15.95,0.0,0.0,0.0,-0.0,,0.0
2,4,5.0,5,11.6,15.27,15.27,0.0,0.0,0.0,-0.0,,0.0
2,5,5.0,5,11.58,14.71,14.71,0.0,0.0,0.0,-0.0,,0.0
2,6,5.0,5,11.22,14.04,14.04,0.0,0.0,0.0,-0.0,,0.0
2,7,5.0,5,10.88,13.4,13.4,0.0,0.0,0.0,-0.0,,0.0
2,8,5.0,5,10.76,16.25,20.15,13648.48,1271.45,0.0,0.0,,423.10288
2,9,5.0,5,11.24,18.41,20.15,4822.6,10473.02,0.0,0.0,,149.50060000000002
2,10,5.0,5,12.82,21.24,21.47,0.0,18439.55,0.0,0.0,,0.0
2,11,5.0,5,15.42,25.09,25.15,-230.62,27072.9,0.0,0.0,,-7.149220000000001
2,12,5.0,5,18.06,28.5,25.15,-12067.78,31889.41,0.0,0.0,,-374.10118
2,13,5.0,5,19.9,30.72,25.15,-18715.22,32841.43,0.0,0.0,,-580.17182
2,14,5.0,5,21.21,32.17,25.15,-22800.85,31917.94,0.0,-652.97,,-727.0684200000001
2,15,5.0,5,21.75,41.88,26.85,-50000.0,78862.97,0.0,-3746.02,,-1666.1266199999998
2,16,5.0,5,21.86,52.27,36.39,-50000.0,126492.35,0.0,0.0,,-1550.0
2,17,5.0,5,21.08,58.16,41.94,-50000.0,150709.2,0.0,0.0,,-1550.0
2,18,5.0,5,19.13,30.57,25.15,-11249.65,129.36,0.0,0.0,,-348.73914999999994
2,19,5.0,5,16.36,25.99,23.8,0.0,0.0,0.0,0.0,,0.0
2,20,5.0,5,14.76,23.52,21.94,0.0,0.0,0.0,0.0,,0.0
2,21,5.0,5,13.56,21.53,20.19,0.0,0.0,0.0,0.0,,0.0
2,22,5.0,5,12.79,19.93,18.76,0.0,0.0,0.0,0.0,,0.0
2,23,5.0,5,12.07,18.5,17.47,0.0,0.0,0.0,0.0,,0.0
2,24,5.0,5,11.69,17.35,16.44,0.0,0.0,0.0,-0.0,,0.0
2,1,6.0,5,11.65,16.5,15.7,0.0,0.0,0.0,-0.0,,0.0
2,2,6.0,5,11.54,15.73,15.02,0.0,0.0,0.0,-0.0,,0.0
2,3,6.0,5,11.42,15.04,14.42,0.0,0.0,0.0,-0.0,,0.0
2,4,6.0,5,11.36,14.46,13.91,0.0,0.0,0.0,-0.0,,0.0
2,5,6.0,5,11.07,13.81,13.33,0.0,0.0,0.0,-0.0,,0.0
2,6,6.0,5,10.61,13.12,12.7,0.0,0.0,0.0,-0.0,,0.0
2,7,6.0,5,10.16,12.45,12.08,0.0,0.0,0.0,-0.0,,0.0
2,8,6.0,5,9.51,15.02,20.15,18763.68,1271.45,0.0,0.0,,581.67408
2,9,6.0,5,10.19,17.31,20.15,8898.94,10473.02,0.0,0.0,,275.86714
2,10,6.0,5,12.22,20.45,20.67,0.0,18439.55,0.0,0.0,,0.0
2,11,6.0,5,14.82,24.34,24.38,0.0,27072.9,0.0,0.0,,0.0
2,12,6.0,5,17.4,27.73,25.15,-9104.91,31889.41,0.0,0.0,,-282.25221000000005
2,13,6.0,5,19.26,29.98,25.15,-16137.44,32841.43,0.0,0.0,,-500.26064
2,14,6.0,5,20.6,31.46,25.15,-20415.38,31917.94,0.0,0.0,,-632.87678
2,15,6.0,5,21.3,41.29,26.31,-50000.0,78862.97,0.0,-3448.61,,-1656.90691
2,16,6.0,5,21.36,51.67,35.79,-50000.0,126492.35,0.0,0.0,,-1550.0
2,17,6.0,5,20.5,57.51,41.29,-50000.0,150709.2,0.0,0.0,,-1550.0
2,18,6.0,5,18.54,29.92,25.15,-8971.81,129.36,0.0,0.0,,-278.12611
2,19,6.0,5,15.93,25.42,23.34,0.0,0.0,0.0,0.0,,0.0
2,20,6.0,5,14.07,22.82,21.27,0.0,0.0,0.0,0.0,,0.0
2,21,6.0,5,12.9,20.85,19.52,0.0,0.0,0.0,0.0,,0.0
2,22,6.0,5,12.07,19.21,18.06,0.0,0.0,0.0,0.0,,0.0
2,23,6.0,5,11.35,17.77,16.76,0.0,0.0,0.0,0.0,,0.0
2,24,6.0,5,11.18,16.74,15.85,0.0,0.0,0.0,-0.0,,0.0
2,1,7.0,5,11.01,15.83,15.05,0.0,0.0,0.0,-0.0,,0.0
2,2,7.0,5,10.94,15.08,14.39,0.0,0.0,0.0,-0.0,,0.0
2,3,7.0,5,10.91,14.45,13.84,0.0,0.0,0.0,-0.0,,0.0
2,4,7.0,5,10.93,13.92,13.39,0.0,0.0,0.0,-0.0,,0.0
2,5,7.0,5,10.8,13.39,12.91,0.0,0.0,0.0,-0.0,,0.0
2,6,7.0,5,10.47,12.79,12.37,0.0,0.0,0.0,-0.0,,0.0
2,7,7.0,5,10.29,12.3,11.93,0.0,0.0,0.0,-0.0,,0.0
2,8,7.0,5,10.05,15.26,20.15,17896.84,1271.45,0.0,0.0,,554.80204
2,9,7.0,5,11.07,17.85,20.15,7075.88,10473.02,0.0,0.0,,219.35228
2,10,7.0,5,12.95,20.94,21.11,0.0,18439.55,0.0,0.0,,0.0
2,11,7.0,5,15.92,25.12,25.14,0.0,27072.9,0.0,0.0,,0.0
2,12,7.0,5,18.61,28.64,25.15,-12258.57,31889.41,0.0,0.0,,-380.01567
2,13,7.0,5,20.54,30.98,25.15,-19319.81,32841.43,0.0,0.0,,-598.9141099999999
2,14,7.0,5,21.8,32.45,25.15,-23481.05,31917.94,0.0,0.0,,-727.9125499999999
2,15,7.0,5,22.3,42.17,27.06,-50000.0,78862.97,0.0,-3402.02,,-1655.4626199999998
2,16,7.0,5,22.22,52.46,36.52,-50000.0,126492.35,0.0,0.0,,-1550.0
2,17,7.0,5,21.39,58.33,42.06,-50000.0,150709.2,0.0,0.0,,-1550.0
2,18,7.0,5,19.57,30.85,25.15,-12051.93,129.36,0.0,0.0,,-373.60983
2,19,7.0,5,16.76,26.22,23.93,0.0,0.0,0.0,0.0,,0.0
2,20,7.0,5,15.29,23.83,22.18,0.0,0.0,0.0,0.0,,0.0
2,21,7.0,5,14.33,22.0,20.6,0.0,0.0,0.0,0.0,,0.0
2,22,7.0,5,13.66,20.5,19.28,0.0,0.0,0.0,0.0,,0.0
2,23,7.0,5,12.98,19.13,18.05,0.0,0.0,0.0,0.0,,0.0
2,24,7.0,5,12.53,17.98,17.03,0.0,0.0,0.0,-0.0,,0.0
2,1,1.0,6,12.53,17.17,16.34,0.0,0.0,0.0,-0.0,,0.0
2,2,1.0,6,12.51,16.48,15.75,0.0,0.0,0.0,-0.0,,0.0
2,3,1.0,6,12.25,15.74,15.1,0.0,0.0,0.0,-0.0,,0.0
2,4,1.0,6,11.97,15.05,14.48,0.0,0.0,0.0,-0.0,,0.0
2,5,1.0,6,11.54,14.33,13.83,0.0,0.0,0.0,-0.0,,0.0
2,6,1.0,6,11.1,13.63,13.19,0.0,0.0,0.0,-0.0,,0.0
2,7,1.0,6,10.64,12.96,12.57,0.0,0.0,0.0,-0.0,,0.0
2,8,1.0,6,10.43,15.99,19.85,14382.53,2202.84,0.0,0.0,,431.4759
2,9,1.0,6,11.54,17.96,19.85,6029.17,7799.74,0.0,0.0,,180.8751
2,10,1.0,6,13.59,20.84,20.94,0.0,14345.24,0.0,0.0,,0.0
2,11,1.0,6,15.81,24.64,24.63,0.0,24068.0,0.0,0.0,,0.0
2,12,1.0,6,18.0,27.83,24.85,-10352.28,29427.21,0.0,0.0,,-310.5684
2,13,1.0,6,19.62,29.96,24.85,-16857.7,30753.02,0.0,0.0,,-505.731
2,14,1.0,6,21.07,31.41,24.85,-21053.25,29422.03,0.0,0.0,,-631.5975
2,15,1.0,6,21.66,40.32,25.28,-50000.0,71976.16,0.0,-4471.13,,-1634.1338999999998
2,16,1.0,6,21.82,50.06,34.14,-50000.0,116442.7,0.0,0.0,,-1500.0
2,17,1.0,6,21.12,55.46,39.21,-50000.0,138361.48,0.0,0.0,,-1500.0
2,18,1.0,6,19.37,30.16,24.85,-10725.23,0.0,0.0,0.0,,-321.7569
2,19,1.0,6,16.52,25.52,23.32,0.0,0.0,0.0,0.0,,0.0
2,20,1.0,6,15.08,23.2,21.59,0.0,0.0,0.0,0.0,,0.0
2,21,1.0,6,13.96,21.34,19.97,0.0,0.0,0.0,0.0,,0.0
2,22,1.0,6,13.14,19.79,18.6,0.0,0.0,0.0,0.0,,0.0
2,23,1.0,6,12.5,18.46,17.41,0.0,0.0,0.0,0.0,,0.0
2,24,1.0,6,11.99,17.3,16.37,0.0,0.0,0.0,-0.0,,0.0
2,1,2.0,6,11.58,16.28,15.47,0.0,0.0,0.0,-0.0,,0.0
2,2,2.0,6,11.21,15.37,14.66,0.0,0.0,0.0,-0.0,,0.0
2,3,2.0,6,10.71,14.47,13.84,0.0,0.0,0.0,-0.0,,0.0
2,4,2.0,6,10.29,13.66,13.1,0.0,0.0,0.0,-0.0,,0.0
2,5,2.0,6,10.24,13.1,12.61,0.0,0.0,0.0,-0.0,,0.0
2,6,2.0,6,10.01,12.52,12.08,0.0,0.0,0.0,-0.0,,0.0
2,7,2.0,6,9.53,11.85,11.46,0.0,0.0,0.0,-0.0,,0.0
2,8,2.0,6,9.01,14.66,19.85,19003.71,2202.84,0.0,0.0,,570.1112999999999
2,9,2.0,6,10.95,17.19,19.85,8274.03,7799.74,0.0,0.0,,248.22090000000003
2,10,2.0,6,13.94,20.77,20.97,0.0,14345.24,0.0,0.0,,0.0
2,11,2.0,6,16.91,25.17,24.85,-1237.94,24068.0,0.0,0.0,,-37.138200000000005
2,12,2.0,6,19.88,29.01,24.85,-14500.0,29427.21,0.0,-2641.03,,-514.2309
2,13,2.0,6,21.91,31.54,24.85,-22095.9,30753.02,0.0,-3879.19,,-779.2527
2,14,2.0,6,23.44,33.16,24.85,-26659.3,29422.03,0.0,-1806.17,,-853.9641000000001
2,15,2.0,6,24.33,42.37,27.14,-50000.0,71976.16,0.0,-5643.36,,-1669.3008
2,16,2.0,6,23.94,51.82,35.82,-50000.0,116442.7,0.0,0.0,,-1500.0
2,17,2.0,6,23.05,57.13,40.81,-50000.0,138361.48,0.0,0.0,,-1500.0
2,18,2.0,6,20.97,31.62,24.85,-15661.71,0.0,0.0,0.0,,-469.8513
2,19,2.0,6,18.51,27.15,24.65,0.0,0.0,0.0,0.0,,0.0
2,20,2.0,6,16.83,24.75,23.0,0.0,0.0,0.0,0.0,,0.0
2,21,2.0,6,15.39,22.74,21.26,0.0,0.0,0.0,0.0,,0.0
2,22,2.0,6,14.44,21.11,19.82,0.0,0.0,0.0,0.0,,0.0
2,23,2.0,6,13.74,19.73,18.6,0.0,0.0,0.0,0.0,,0.0
2,24,2.0,6,13.21,18.55,17.56,0.0,0.0,0.0,-0.0,,0.0
2,1,3.0,6,12.74,17.5,16.62,0.0,0.0,0.0,-0.0,,0.0
2,2,3.0,6,12.42,16.61,15.84,0.0,0.0,0.0,-0.0,,0.0
2,3,3.0,6,12.12,15.81,15.13,0.0,0.0,0.0,-0.0,,0.0
2,4,3.0,6,11.79,15.06,14.46,0.0,0.0,0.0,-0.0,,0.0
2,5,3.0,6,11.47,14.37,13.84,0.0,0.0,0.0,-0.0,,0.0
2,6,3.0,6,11.23,13.77,13.31,0.0,0.0,0.0,-0.0,,0.0
2,7,3.0,6,10.75,13.09,12.68,0.0,0.0,0.0,-0.0,,0.0
2,8,3.0,6,10.16,19.39,19.03,0.0,2202.84,0.0,0.0,,0.0
2,9,3.0,6,11.19,22.34,22.02,0.0,7799.74,0.0,0.0,,0.0
2,10,3.0,6,13.09,25.81,25.53,0.0,14345.24,0.0,0.0,,0.0
2,11,3.0,6,15.8,30.86,30.61,0.0,24068.0,0.0,0.0,,0.0
2,12,3.0,6,18.16,34.96,34.74,0.0,29427.21,0.0,0.0,,0.0
2,13,3.0,6,19.93,37.69,37.49,0.0,30753.02,0.0,0.0,,0.0
2,14,3.0,6,21.1,39.21,39.04,0.0,29422.03,0.0,0.0,,0.0
2,15,3.0,6,21.63,52.26,52.1,0.0,71976.16,0.0,0.0,,0.0
2,16,3.0,6,21.14,67.14,67.0,0.0,116442.7,0.0,0.0,,0.0
2,17,3.0,6,20.39,76.55,76.43,0.0,138361.48,0.0,0.0,,0.0
2,18,3.0,6,18.54,40.7,40.6,0.0,0.0,0.0,-0.0,,0.0
2,19,3.0,6,16.49,28.89,28.8,0.0,0.0,0.0,-0.0,,0.0
2,20,3.0,6,15.01,25.36,25.28,0.0,0.0,0.0,-0.0,,0.0
2,21,3.0,6,13.59,22.96,22.88,0.0,0.0,0.0,0.0,,0.0
2,22,3.0,6,12.82,21.17,21.1,0.0,0.0,0.0,0.0,,0.0
2,23,3.0,6,12.32,19.7,19.64,0.0,0.0,0.0,0.0,,0.0
2,24,3.0,6,11.81,18.38,18.32,0.0,0.0,0.0,-0.0,,0.0
2,1,4.0,6,11.22,17.12,17.07,0.0,0.0,0.0,-0.0,,0.0
2,2,4.0,6,10.79,16.03,15.99,0.0,0.0,0.0,-0.0,,0.0
2,3,4.0,6,10.31,15.0,14.96,0.0,0.0,0.0,-0.0,,0.0
2,4,4.0,6,9.84,14.05,14.02,0.0,0.0,0.0,-0.0,,0.0
2,5,4.0,6,9.6,13.29,13.26,0.0,0.0,0.0,-0.0,,0.0
2,6,4.0,6,9.39,12.62,12.59,0.0,0.0,0.0,-0.0,,0.0
2,7,4.0,6,9.35,12.09,12.07,0.0,0.0,0.0,-0.0,,0.0
2,8,4.0,6,8.73,18.34,18.32,0.0,2202.84,0.0,0.0,,0.0
2,9,4.0,6,9.63,21.18,21.16,0.0,7799.74,0.0,0.0,,0.0
2,10,4.0,6,11.6,24.64,24.63,0.0,14345.24,0.0,0.0,,0.0
2,11,4.0,6,14.78,29.92,29.9,0.0,24068.0,0.0,0.0,,0.0
2,12,4.0,6,18.04,34.51,34.5,0.0,29427.21,0.0,0.0,,0.0
2,13,4.0,6,19.8,37.31,37.3,0.0,30753.02,0.0,0.0,,0.0
2,14,4.0,6,21.48,39.15,39.14,0.0,29422.03,0.0,0.0,,0.0
2,15,4.0,6,22.22,52.4,52.39,0.0,71976.16,0.0,0.0,,0.0
2,16,4.0,6,22.77,67.91,67.9,0.0,116442.7,0.0,0.0,,0.0
2,17,4.0,6,21.61,77.25,77.24,0.0,138361.48,0.0,0.0,,0.0
2,18,4.0,6,19.11,41.11,41.1,0.0,0.0,0.0,-0.0,,0.0
2,19,4.0,6,15.89,28.66,28.65,0.0,0.0,0.0,-0.0,,0.0
2,20,4.0,6,14.97,25.35,25.34,0.0,0.0,0.0,-0.0,,0.0
2,21,4.0,6,13.78,23.08,23.08,0.0,0.0,0.0,0.0,,0.0
2,22,4.0,6,12.52,21.04,21.03,0.0,0.0,0.0,0.0,,0.0
2,23,4.0,6,11.7,19.36,19.36,0.0,0.0,0.0,-0.0,,0.0
2,24,4.0,6,11.2,17.99,17.99,0.0,0.0,0.0,-0.0,,0.0
2,1,5.0,6,10.61,16.7,16.7,0.0,0.0,0.0,-0.0,,0.0
2,2,5.0,6,10.1,15.55,15.54,0.0,0.0,0.0,-0.0,,0.0
2,3,5.0,6,9.59,14.47,14.47,0.0,0.0,0.0,-0.0,,0.0
2,4,5.0,6,9.15,13.52,13.51,0.0,0.0,0.0,-0.0,,0.0
2,5,5.0,6,8.87,12.71,12.71,0.0,0.0,0.0,0.0,,0.0
2,6,5.0,6,8.46,11.91,11.91,0.0,0.0,0.0,-0.0,,0.0
2,7,5.0,6,9.08,11.72,11.72,0.0,0.0,0.0,0.0,,0.0
2,8,5.0,6,9.7,15.22,19.85,16227.33,2202.84,0.0,0.0,,486.8199
2,9,5.0,6,11.71,17.84,19.85,5556.6,7799.74,0.0,0.0,,166.698
2,10,5.0,6,15.17,21.77,22.05,0.0,14345.24,0.0,0.0,,0.0
2,11,5.0,6,18.79,26.68,24.85,-6898.81,24068.0,0.0,0.0,,-206.9643
2,12,5.0,6,21.84,30.64,24.85,-20048.29,29427.21,0.0,-7746.61,,-833.847
2,13,5.0,6,24.09,33.37,24.85,-28168.83,30753.02,0.0,-3758.2,,-957.8109000000001
2,14,5.0,6,25.69,35.1,24.85,-32913.12,29422.03,0.0,-876.88,,-1013.7
2,15,5.0,6,26.55,44.34,28.9,-50000.0,71976.16,0.0,-487.46,,-1514.6238
2,16,5.0,6,25.95,53.69,37.61,-50000.0,116442.7,0.0,0.0,,-1500.0
2,17,5.0,6,24.59,58.68,42.29,-50000.0,138361.48,0.0,0.0,,-1500.0
2,18,5.0,6,21.44,32.42,24.85,-18274.68,0.0,0.0,0.0,,-548.2404
2,19,5.0,6,18.38,27.66,24.97,0.0,0.0,0.0,0.0,,0.0
2,20,5.0,6,17.03,25.35,23.5,0.0,0.0,0.0,0.0,,0.0
2,21,5.0,6,15.52,23.25,21.69,0.0,0.0,0.0,0.0,,0.0
2,22,5.0,6,14.36,21.46,20.1,0.0,0.0,0.0,0.0,,0.0
2,23,5.0,6,13.45,19.91,18.72,0.0,0.0,0.0,0.0,,0.0
2,24,5.0,6,12.72,18.55,17.5,0.0,0.0,0.0,-0.0,,0.0
2,1,6.0,6,12.06,17.33,16.41,0.0,0.0,0.0,-0.0,,0.0
2,2,6.0,6,11.62,16.3,15.49,0.0,0.0,0.0,-0.0,,0.0
2,3,6.0,6,11.18,15.36,14.64,0.0,0.0,0.0,-0.0,,0.0
2,4,6.0,6,10.81,14.52,13.89,0.0,0.0,0.0,-0.0,,0.0
2,5,6.0,6,10.43,13.74,13.18,0.0,0.0,0.0,-0.0,,0.0
2,6,6.0,6,10.04,13.0,12.51,0.0,0.0,0.0,-0.0,,0.0
2,7,6.0,6,9.58,12.27,11.84,0.0,0.0,0.0,-0.0,,0.0
2,8,6.0,6,9.18,15.02,19.85,17835.68,2202.84,0.0,0.0,,535.0704000000001
2,9,6.0,6,10.18,16.87,19.85,9597.25,7799.74,0.0,0.0,,287.9175
2,10,6.0,6,12.62,19.98,20.19,0.0,14345.24,0.0,0.0,,0.0
2,11,6.0,6,15.4,24.16,24.18,0.0,24068.0,0.0,0.0,,0.0
2,12,6.0,6,17.73,27.48,24.85,-9208.91,29427.21,0.0,0.0,,-276.2673
2,13,6.0,6,19.62,29.8,24.85,-16495.7,30753.02,0.0,0.0,,-494.871
2,14,6.0,6,20.82,31.11,24.85,-20153.47,29422.03,0.0,0.0,,-604.6041000000001
2,15,6.0,6,21.25,39.92,24.93,-50000.0,71976.16,0.0,-3548.22,,-1606.4466
2,16,6.0,6,21.01,49.38,33.48,-50000.0,116442.7,0.0,0.0,,-1500.0
2,17,6.0,6,20.09,54.59,38.36,-50000.0,138361.48,0.0,0.0,,-1500.0
2,18,6.0,6,18.01,29.03,24.85,-6861.92,0.0,0.0,0.0,,-205.85760000000002
2,19,6.0,6,15.5,24.62,22.63,0.0,0.0,0.0,0.0,,0.0
2,20,6.0,6,14.3,22.44,20.91,0.0,0.0,0.0,0.0,,0.0
2,21,6.0,6,13.17,20.58,19.27,0.0,0.0,0.0,0.0,,0.0
2,22,6.0,6,12.2,18.94,17.8,0.0,0.0,0.0,0.0,,0.0
2,23,6.0,6,11.65,17.65,16.64,0.0,0.0,0.0,0.0,,0.0
2,24,6.0,6,11.32,16.58,15.69,0.0,0.0,0.0,-0.0,,0.0
2,1,7.0,6,10.93,15.59,14.81,0.0,0.0,0.0,-0.0,,0.0
2,2,7.0,6,10.58,14.7,14.02,0.0,0.0,0.0,-0.0,,0.0
2,3,7.0,6,10.23,13.88,13.28,0.0,0.0,0.0,-0.0,,0.0
2,4,7.0,6,10.13,13.26,12.73,0.0,0.0,0.0,-0.0,,0.0
2,5,7.0,6,10.1,12.76,12.29,0.0,0.0,0.0,-0.0,,0.0
2,6,7.0,6,9.79,12.16,11.75,0.0,0.0,0.0,-0.0,,0.0
2,7,7.0,6,9.8,11.77,11.4,0.0,0.0,0.0,-0.0,,0.0
2,8,7.0,6,10.05,15.27,19.85,16847.67,2202.84,0.0,0.0,,505.4301
2,9,7.0,6,11.36,17.44,19.85,7555.31,7799.74,0.0,0.0,,226.65930000000003
2,10,7.0,6,13.17,20.22,20.39,0.0,14345.24,0.0,0.0,,0.0
2,11,7.0,6,16.54,24.84,24.85,-11.22,24068.0,0.0,0.0,,-0.3366
2,12,7.0,6,19.14,28.42,24.85,-12507.5,29427.21,0.0,0.0,,-375.225
2,13,7.0,6,21.16,30.9,24.85,-20069.21,30753.02,0.0,0.0,,-602.0763
2,14,7.0,6,22.13,32.12,24.85,-23273.79,29422.03,0.0,-912.0,,-725.5737
2,15,7.0,6,22.16,40.69,25.57,-50000.0,71976.16,0.0,-4954.55,,-1648.6365
2,16,7.0,6,21.11,49.59,33.64,-50000.0,116442.7,0.0,0.0,,-1500.0
2,17,7.0,6,20.37,54.89,38.61,-50000.0,138361.48,0.0,0.0,,-1500.0
2,18,7.0,6,18.27,29.32,24.85,-7703.57,0.0,0.0,0.0,,-231.10709999999997
2,19,7.0,6,15.93,25.0,22.92,0.0,0.0,0.0,0.0,,0.0
2,20,7.0,6,14.74,22.84,21.25,0.0,0.0,0.0,0.0,,0.0
2,21,7.0,6,13.65,21.0,19.64,0.0,0.0,0.0,0.0,,0.0
2,22,7.0,6,12.72,19.4,18.21,0.0,0.0,0.0,0.0,,0.0
2,23,7.0,6,12.1,18.07,17.02,0.0,0.0,0.0,0.0,,0.0
2,24,7.0,6,11.62,16.92,16.0,0.0,0.0,0.0,-0.0,,0.0
2,1,1.0,6,11.2,15.91,15.1,0.0,0.0,0.0,-0.0,,0.0
2,2,1.0,6,10.95,15.07,14.35,0.0,0.0,0.0,-0.0,,0.0
2,3,1.0,6,10.9,14.41,13.78,0.0,0.0,0.0,-0.0,,0.0
2,4,1.0,6,10.8,13.82,13.27,0.0,0.0,0.0,-0.0,,0.0
2,5,1.0,6,10.52,13.19,12.7,0.0,0.0,0.0,-0.0,,0.0
2,6,1.0,6,10.03,12.49,12.06,0.0,0.0,0.0,-0.0,,0.0
2,7,1.0,6,9.88,11.99,11.61,0.0,0.0,0.0,-0.0,,0.0
2,8,1.0,6,9.52,15.0,19.85,17801.27,2202.84,0.0,0.0,,534.0381
2,9,1.0,6,10.72,17.05,19.85,8880.46,7799.74,0.0,0.0,,266.4138
2,10,1.0,6,12.7,19.9,20.11,0.0,14345.24,0.0,0.0,,0.0
2,11,1.0,6,15.64,24.21,24.24,0.0,24068.0,0.0,0.0,,0.0
2,12,1.0,6,17.62,27.3,24.85,-8640.91,29427.21,0.0,0.0,,-259.2273
2,13,1.0,6,19.4,29.55,24.85,-15717.76,30753.02,0.0,0.0,,-471.5328
2,14,1.0,6,20.07,30.49,24.85,-18102.56,29422.03,0.0,0.0,,-543.0768
2,15,1.0,6,19.96,38.9,24.85,-46938.11,71976.16,0.0,-5005.31,,-1558.3025999999998
2,16,1.0,6,19.24,47.97,32.19,-50000.0,116442.7,0.0,0.0,,-1500.0
2,17,1.0,6,18.82,53.47,37.29,-50000.0,138361.48,0.0,0.0,,-1500.0
2,18,1.0,6,17.23,28.23,24.85,-4192.54,0.0,0.0,0.0,,-125.7762
2,19,1.0,6,15.85,24.45,22.64,0.0,0.0,0.0,0.0,,0.0
2,20,1.0,6,14.74,22.42,20.98,0.0,0.0,0.0,0.0,,0.0
2,21,1.0,6,13.67,20.66,19.42,0.0,0.0,0.0,0.0,,0.0
2,22,1.0,6,12.65,19.06,17.97,0.0,0.0,0.0,0.0,,0.0
2,23,1.0,6,12.08,17.79,16.83,0.0,0.0,0.0,0.0,,0.0
2,24,1.0,6,11.82,16.8,15.96,0.0,0.0,0.0,-0.0,,0.0
2,1,2.0,6,11.99,16.15,15.41,0.0,0.0,0.0,-0.0,,0.0
2,2,2.0,6,12.09,15.59,14.94,0.0,0.0,0.0,-0.0,,0.0
2,3,2.0,6,12.09,15.06,14.49,0.0,0.0,0.0,-0.0,,0.0
2,4,2.0,6,12.01,14.55,14.04,0.0,0.0,0.0,-0.0,,0.0
2,5,2.0,6,11.64,13.94,13.49,0.0,0.0,0.0,-0.0,,0.0
2,6,2.0,6,10.98,13.19,12.79,0.0,0.0,0.0,-0.0,,0.0
2,7,2.0,6,10.74,12.66,12.31,0.0,0.0,0.0,-0.0,,0.0
2,8,2.0,6,10.94,16.14,19.85,13749.53,2202.84,0.0,0.0,,412.4859
2,9,2.0,6,11.94,18.1,19.85,5511.29,7799.74,0.0,0.0,,165.33870000000002
2,10,2.0,6,13.55,20.71,20.81,0.0,14345.24,0.0,0.0,,0.0
2,11,2.0,6,16.5,25.02,24.85,-559.63,24068.0,0.0,0.0,,-16.7889
2,12,2.0,6,18.69,28.27,24.85,-11880.41,29427.21,0.0,0.0,,-356.4123
2,13,2.0,6,20.49,30.56,24.85,-18823.54,30753.02,0.0,0.0,,-564.7062000000001
2,14,2.0,6,21.39,31.67,24.85,-21749.98,29422.03,0.0,-1107.43,,-685.7223
2,15,2.0,6,21.61,40.32,25.24,-50000.0,71976.16,0.0,-6737.62,,-1702.1286
2,16,2.0,6,21.26,49.69,33.75,-50000.0,116442.7,0.0,0.0,,-1500.0
2,17,2.0,6,20.37,54.92,38.64,-50000.0,138361.48,0.0,0.0,,-1500.0
2,18,2.0,6,17.84,29.03,24.85,-6729.53,0.0,0.0,0.0,,-201.8859
2,19,2.0,6,15.5,24.74,22.71,0.0,0.0,0.0,0.0,,0.0
2,20,2.0,6,14.49,22.65,21.09,0.0,0.0,0.0,0.0,,0.0
2,21,2.0,6,13.49,20.87,19.52,0.0,0.0,0.0,0.0,,0.0
2,22,2.0,6,12.6,19.29,18.11,0.0,0.0,0.0,0.0,,0.0
2,23,2.0,6,12.23,18.09,17.06,0.0,0.0,0.0,0.0,,0.0
2,24,2.0,6,11.85,17.02,16.12,0.0,0.0,0.0,-0.0,,0.0
2,1,3.0,6,11.45,16.04,15.24,0.0,0.0,0.0,-0.0,,0.0
2,2,3.0,6,11.08,15.15,14.44,0.0,0.0,0.0,-0.0,,0.0
2,3,3.0,6,11.03,14.5,13.88,0.0,0.0,0.0,-0.0,,0.0
2,4,3.0,6,10.97,13.93,13.39,0.0,0.0,0.0,-0.0,,0.0
2,5,3.0,6,10.99,13.48,13.0,0.0,0.0,0.0,-0.0,,0.0
2,6,3.0,6,10.54,12.83,12.4,0.0,0.0,0.0,-0.0,,0.0
2,7,3.0,6,9.77,12.02,11.64,0.0,0.0,0.0,-0.0,,0.0
2,8,3.0,6,9.44,18.46,18.13,0.0,2202.84,0.0,0.0,,0.0
2,9,3.0,6,9.81,21.08,20.79,0.0,7799.74,0.0,0.0,,0.0
2,10,3.0,6,11.11,24.19,23.93,0.0,14345.24,0.0,0.0,,0.0
2,11,3.0,6,13.98,29.27,29.04,0.0,24068.0,0.0,0.0,,0.0
2,12,3.0,6,16.11,33.21,33.01,0.0,29427.21,0.0,0.0,,0.0
2,13,3.0,6,17.84,35.87,35.69,0.0,30753.02,0.0,0.0,,0.0
2,14,3.0,6,19.24,37.48,37.32,0.0,29422.03,0.0,0.0,,0.0
2,15,3.0,6,19.9,50.59,50.45,0.0,71976.16,0.0,0.0,,0.0
2,16,3.0,6,19.86,65.71,65.59,0.0,116442.7,0.0,0.0,,0.0
2,17,3.0,6,19.17,75.19,75.08,0.0,138361.48,0.0,0.0,,0.0
2,18,3.0,6,16.8,39.08,38.98,0.0,0.0,0.0,-0.0,,0.0
2,19,3.0,6,14.39,27.04,26.95,0.0,0.0,0.0,-0.0,,0.0
2,20,3.0,6,13.15,23.6,23.52,0.0,0.0,0.0,-0.0,,0.0
2,21,3.0,6,12.07,21.38,21.31,0.0,0.0,0.0,-0.0,,0.0
2,22,3.0,6,11.17,19.53,19.47,0.0,0.0,0.0,-0.0,,0.0
2,23,3.0,6,10.71,18.09,18.03,0.0,0.0,0.0,-0.0,,0.0
2,24,3.0,6,10.39,16.87,16.82,0.0,0.0,0.0,-0.0,,0.0
2,1,4.0,6,10.2,15.84,15.8,0.0,0.0,0.0,-0.0,,0.0
2,2,4.0,6,10.1,14.98,14.94,0.0,0.0,0.0,-0.0,,0.0
2,3,4.0,6,10.08,14.26,14.23,0.0,0.0,0.0,-0.0,,0.0
2,4,4.0,6,9.9,13.55,13.52,0.0,0.0,0.0,-0.0,,0.0
2,5,4.0,6,9.93,13.02,12.99,0.0,0.0,0.0,-0.0,,0.0
2,6,4.0,6,9.97,12.57,12.55,0.0,0.0,0.0,-0.0,,0.0
2,7,4.0,6,9.78,12.06,12.04,0.0,0.0,0.0,-0.0,,0.0
2,8,4.0,6,10.03,18.84,18.82,0.0,2202.84,0.0,0.0,,0.0
2,9,4.0,6,11.07,21.88,21.86,0.0,7799.74,0.0,0.0,,0.0
2,10,4.0,6,13.05,25.45,25.44,0.0,14345.24,0.0,0.0,,0.0
2,11,4.0,6,15.94,30.65,30.64,0.0,24068.0,0.0,0.0,,0.0
2,12,4.0,6,17.9,34.58,34.57,0.0,29427.21,0.0,0.0,,0.0
2,13,4.0,6,19.35,37.14,37.13,0.0,30753.02,0.0,0.0,,0.0
2,14,4.0,6,20.01,38.37,38.36,0.0,29422.03,0.0,0.0,,0.0
2,15,4.0,6,20.08,51.12,51.11,0.0,71976.16,0.0,0.0,,0.0
2,16,4.0,6,18.83,65.51,65.51,0.0,116442.7,0.0,0.0,,0.0
2,17,4.0,6,17.69,74.61,74.6,0.0,138361.48,0.0,0.0,,0.0
2,18,4.0,6,15.68,38.55,38.55,0.0,0.0,0.0,-0.0,,0.0
2,19,4.0,6,14.13,26.92,26.91,0.0,0.0,0.0,-0.0,,0.0
2,20,4.0,6,13.07,23.58,23.58,0.0,0.0,0.0,-0.0,,0.0
2,21,4.0,6,12.21,21.49,21.48,0.0,0.0,0.0,-0.0,,0.0
2,22,4.0,6,12.19,20.14,20.13,0.0,0.0,0.0,0.0,,0.0
2,23,4.0,6,13.1,19.52,19.52,0.0,0.0,0.0,-0.0,,0.0
2,24,4.0,6,13.8,19.03,19.02,0.0,0.0,0.0,0.0,,0.0
2,1,5.0,6,10.91,16.73,16.72,0.0,0.0,0.0,0.0,,0.0
2,2,5.0,6,10.55,15.62,15.62,0.0,0.0,0.0,0.0,,0.0
2,3,5.0,6,10.27,14.72,14.72,0.0,0.0,0.0,0.0,,0.0
2,4,5.0,6,9.96,13.89,13.89,0.0,0.0,0.0,0.0,,0.0
2,5,5.0,6,9.07,12.82,12.82,0.0,0.0,0.0,0.0,,0.0
2,6,5.0,6,8.53,11.93,11.93,0.0,0.0,0.0,0.0,,0.0
2,7,5.0,6,7.58,10.88,10.88,0.0,0.0,0.0,0.0,,0.0
2,8,5.0,6,6.47,12.88,19.85,24409.09,2202.84,0.0,0.0,,732.2727
2,9,5.0,6,7.18,14.42,19.85,16780.65,7799.74,0.0,0.0,,503.4195000000001
2,10,5.0,6,9.91,17.65,19.85,5470.87,14345.24,0.0,0.0,,164.1261
2,11,5.0,6,12.89,21.93,22.35,0.0,24068.0,0.0,0.0,,0.0
2,12,5.0,6,15.3,25.26,24.85,-2386.24,29427.21,0.0,0.0,,-71.5872
2,13,5.0,6,16.63,27.18,24.85,-8705.91,30753.02,0.0,0.0,,-261.1773
2,14,5.0,6,18.34,28.78,24.85,-13565.6,29422.03,0.0,0.0,,-406.968
2,15,5.0,6,19.72,38.24,24.85,-45943.01,71976.16,0.0,-4006.76,,-1498.4931000000001
2,16,5.0,6,19.65,47.86,32.36,-50000.0,116442.7,0.0,0.0,,-1500.0
2,17,5.0,6,19.07,53.35,37.38,-50000.0,138361.48,0.0,0.0,,-1500.0
2,18,5.0,6,17.99,28.52,24.85,-5864.09,0.0,0.0,0.0,,-175.92270000000002
2,19,5.0,6,16.44,24.56,22.9,0.0,0.0,0.0,0.0,,0.0
2,20,5.0,6,15.07,22.43,21.18,0.0,0.0,0.0,0.0,,0.0
2,21,5.0,6,14.32,20.87,19.81,0.0,0.0,0.0,0.0,,0.0
2,22,5.0,6,13.62,19.51,18.58,0.0,0.0,0.0,0.0,,0.0
2,23,5.0,6,12.93,18.25,17.43,0.0,0.0,0.0,0.0,,0.0
2,24,5.0,6,12.54,17.24,16.52,0.0,0.0,0.0,-0.0,,0.0
2,1,6.0,6,12.22,16.36,15.73,0.0,0.0,0.0,-0.0,,0.0
2,2,6.0,6,11.85,15.53,14.97,0.0,0.0,0.0,-0.0,,0.0
2,3,6.0,6,11.62,14.83,14.34,0.0,0.0,0.0,-0.0,,0.0
2,4,6.0,6,11.54,14.28,13.85,0.0,0.0,0.0,-0.0,,0.0
2,5,6.0,6,11.54,13.84,13.46,0.0,0.0,0.0,-0.0,,0.0
2,6,6.0,6,11.27,13.31,12.97,0.0,0.0,0.0,-0.0,,0.0
2,7,6.0,6,11.13,12.88,12.59,0.0,0.0,0.0,-0.0,,0.0
2,8,6.0,6,10.63,15.94,19.85,14330.43,2202.84,0.0,0.0,,429.91290000000004
2,9,6.0,6,10.82,17.31,19.85,8111.42,7799.74,0.0,0.0,,243.3426
2,10,6.0,6,11.91,19.49,19.85,572.13,14345.24,0.0,-54.92,,15.516300000000001
2,11,6.0,6,14.98,23.81,23.86,0.0,24068.0,0.0,0.0,,0.0
2,12,6.0,6,17.95,27.56,24.85,-9571.04,29427.21,0.0,0.0,,-287.13120000000004
2,13,6.0,6,19.49,29.68,24.85,-16102.06,30753.02,0.0,0.0,,-483.0618
2,14,6.0,6,20.21,30.65,24.85,-18606.16,29422.03,0.0,0.0,,-558.1848
2,15,6.0,6,20.44,39.28,24.85,-48230.35,71976.16,0.0,-6308.76,,-1636.1733000000002
2,16,6.0,6,20.25,48.74,32.92,-50000.0,116442.7,0.0,0.0,,-1500.0
2,17,6.0,6,19.2,53.85,37.66,-50000.0,138361.48,0.0,0.0,,-1500.0
2,18,6.0,6,17.27,28.37,24.85,-4626.04,0.0,0.0,0.0,,-138.7812
2,19,6.0,6,14.83,24.01,22.16,0.0,0.0,0.0,0.0,,0.0
2,20,6.0,6,12.99,21.48,20.02,0.0,0.0,0.0,0.0,,0.0
2,21,6.0,6,12.02,19.64,18.39,0.0,0.0,0.0,0.0,,0.0
2,22,6.0,6,11.01,17.96,16.86,0.0,0.0,0.0,0.0,,0.0
2,23,6.0,6,10.33,16.56,15.6,0.0,0.0,0.0,0.0,,0.0
2,24,6.0,6,9.85,15.38,14.53,0.0,0.0,0.0,0.0,,0.0
2,1,7.0,6,9.25,14.24,13.49,0.0,0.0,0.0,-0.0,,0.0
2,2,7.0,6,8.64,13.16,12.5,0.0,0.0,0.0,-0.0,,0.0
2,3,7.0,6,8.19,12.23,11.65,0.0,0.0,0.0,-0.0,,0.0
2,4,7.0,6,7.76,11.37,10.86,0.0,0.0,0.0,-0.0,,0.0
2,5,7.0,6,7.28,10.55,10.1,0.0,0.0,0.0,-0.0,,0.0
2,6,7.0,6,6.7,9.72,9.32,0.0,0.0,0.0,-0.0,,0.0
2,7,7.0,6,6.26,8.98,8.63,0.0,0.0,0.0,-0.0,,0.0
2,8,7.0,6,5.81,11.69,19.85,29356.37,2202.84,219.68,0.0,,887.2815
2,9,7.0,6,7.75,14.17,19.85,17837.42,7799.74,0.0,0.0,,535.1225999999999
2,10,7.0,6,11.23,18.07,19.85,4309.45,14345.24,0.0,0.0,,129.2835
2,11,7.0,6,15.29,23.24,23.54,0.0,24068.0,0.0,0.0,,0.0
2,12,7.0,6,19.48,28.0,24.85,-11616.15,29427.21,0.0,0.0,,-348.4845
2,13,7.0,6,22.18,31.11,24.85,-21352.38,30753.02,0.0,0.0,,-640.5714
2,14,7.0,6,23.98,33.04,24.85,-26801.36,29422.03,0.0,0.0,,-804.0408
2,15,7.0,6,24.87,42.35,27.24,-50000.0,71976.16,0.0,-3392.05,,-1601.7615
2,16,7.0,6,24.07,51.61,35.71,-50000.0,116442.7,0.0,0.0,,-1500.0
2,17,7.0,6,22.35,56.37,40.14,-50000.0,138361.48,0.0,0.0,,-1500.0
2,18,7.0,6,19.69,30.45,24.85,-11842.77,0.0,0.0,0.0,,-355.28310000000005
2,19,7.0,6,17.05,25.88,23.66,0.0,0.0,0.0,0.0,,0.0
2,20,7.0,6,15.02,23.26,21.67,0.0,0.0,0.0,0.0,,0.0
2,21,7.0,6,13.82,21.32,19.97,0.0,0.0,0.0,0.0,,0.0
2,22,7.0,6,12.85,19.67,18.48,0.0,0.0,0.0,0.0,,0.0
2,23,7.0,6,11.96,18.16,17.13,0.0,0.0,0.0,0.0,,0.0
2,24,7.0,6,11.38,16.93,16.01,0.0,0.0,0.0,0.0,,0.0
2,1,1.0,6,10.76,15.76,14.96,0.0,0.0,0.0,0.0,,0.0
2,2,1.0,6,9.94,14.56,13.85,0.0,0.0,0.0,-0.0,,0.0
2,3,1.0,6,9.15,13.42,12.8,0.0,0.0,0.0,-0.0,,0.0
2,4,1.0,6,8.51,12.41,11.86,0.0,0.0,0.0,-0.0,,0.0
2,5,1.0,6,7.88,11.46,10.98,0.0,0.0,0.0,-0.0,,0.0
2,6,1.0,6,7.27,10.56,10.13,0.0,0.0,0.0,-0.0,,0.0
2,7,1.0,6,6.72,9.73,9.35,0.0,0.0,0.0,-0.0,,0.0
2,8,1.0,6,6.15,12.23,19.85,27493.34,2202.84,1195.5,0.0,,860.6651999999999
2,9,1.0,6,7.61,14.35,19.85,17430.04,7799.74,0.0,0.0,,522.9012
2,10,1.0,6,10.96,18.1,19.85,4351.61,14345.24,0.0,0.0,,130.54829999999998
2,11,1.0,6,14.26,22.7,22.97,0.0,24068.0,0.0,0.0,,0.0
2,12,1.0,6,17.44,26.66,24.85,-6872.88,29427.21,0.0,0.0,,-206.1864
2,13,1.0,6,19.58,29.26,24.85,-15239.79,30753.02,0.0,0.0,,-457.19370000000004
2,14,1.0,6,20.95,30.77,24.85,-19493.09,29422.03,0.0,0.0,,-584.7927
2,15,1.0,6,21.54,39.76,24.9,-50000.0,71976.16,0.0,-1233.49,,-1537.0047
2,16,1.0,6,21.99,49.76,33.97,-50000.0,116442.7,0.0,0.0,,-1500.0
2,17,1.0,6,20.86,54.94,38.79,-50000.0,138361.48,0.0,0.0,,-1500.0
2,18,1.0,6,18.1,28.96,24.85,-6870.49,0.0,0.0,0.0,,-206.11469999999997
2,19,1.0,6,15.98,24.69,22.8,0.0,0.0,0.0,0.0,,0.0
2,20,1.0,6,14.66,22.5,21.06,0.0,0.0,0.0,0.0,,0.0
2,21,1.0,6,13.72,20.78,19.55,0.0,0.0,0.0,0.0,,0.0
2,22,1.0,6,13.14,19.4,18.33,0.0,0.0,0.0,0.0,,0.0
2,23,1.0,6,12.78,18.28,17.34,0.0,0.0,0.0,0.0,,0.0
2,24,1.0,6,12.38,17.25,16.42,0.0,0.0,0.0,-0.0,,0.0
2,1,2.0,6,12.08,16.35,15.62,0.0,0.0,0.0,-0.0,,0.0
2,2,2.0,6,11.8,15.55,14.91,0.0,0.0,0.0,-0.0,,0.0
2,3,2.0,6,11.57,14.85,14.28,0.0,0.0,0.0,-0.0,,0.0
2,4,2.0,6,11.26,14.17,13.67,0.0,0.0,0.0,-0.0,,0.0
2,5,2.0,6,10.83,13.47,13.02,0.0,0.0,0.0,-0.0,,0.0
2,6,2.0,6,10.36,12.77,12.38,0.0,0.0,0.0,-0.0,,0.0
2,7,2.0,6,9.73,12.02,11.67,0.0,0.0,0.0,-0.0,,0.0
2,8,2.0,6,9.09,14.76,19.85,18581.36,2202.84,0.0,0.0,,557.4408000000001
2,9,2.0,6,9.28,16.06,19.85,12193.29,7799.74,0.0,0.0,,365.7987
2,10,2.0,6,10.42,18.24,19.85,4549.46,14345.24,0.0,0.0,,136.4838
2,11,2.0,6,12.7,21.97,22.17,0.0,24068.0,0.0,0.0,,0.0
2,12,2.0,6,15.33,25.41,24.85,-2247.68,29427.21,0.0,0.0,,-67.43039999999999
2,13,2.0,6,17.69,28.01,24.85,-11113.73,30753.02,0.0,0.0,,-333.41189999999995
2,14,2.0,6,18.04,28.72,24.85,-12686.03,29422.03,0.0,0.0,,-380.58090000000004
2,15,2.0,6,18.03,37.15,24.85,-41747.18,71976.16,0.0,-1962.5,,-1311.2903999999999
2,16,2.0,6,17.62,46.41,30.91,-50000.0,116442.7,0.0,0.0,,-1500.0
2,17,2.0,6,16.74,51.59,35.57,-50000.0,138361.48,0.0,0.0,,-1500.0
2,18,2.0,6,15.37,26.47,24.42,0.0,0.0,0.0,0.0,,0.0
2,19,2.0,6,14.36,22.93,21.47,0.0,0.0,0.0,0.0,,0.0
2,20,2.0,6,13.56,21.09,19.86,0.0,0.0,0.0,0.0,,0.0
2,21,2.0,6,13.04,19.66,18.59,0.0,0.0,0.0,0.0,,0.0
2,22,2.0,6,12.59,18.44,17.5,0.0,0.0,0.0,0.0,,0.0
2,23,2.0,6,11.99,17.25,16.42,0.0,0.0,0.0,0.0,,0.0
2,24,2.0,6,11.63,16.26,15.54,0.0,0.0,0.0,0.0,,0.0
2,1,3.0,6,11.3,15.38,14.74,0.0,0.0,0.0,-0.0,,0.0
2,2,3.0,6,10.91,14.55,13.98,0.0,0.0,0.0,-0.0,,0.0
2,3,3.0,6,10.64,13.83,13.34,0.0,0.0,0.0,-0.0,,0.0
2,4,3.0,6,10.53,13.27,12.83,0.0,0.0,0.0,-0.0,,0.0
2,5,3.0,6,10.39,12.75,12.37,0.0,0.0,0.0,-0.0,,0.0
2,6,3.0,6,10.08,12.19,11.85,0.0,0.0,0.0,-0.0,,0.0
2,7,3.0,6,10.31,11.95,11.65,0.0,0.0,0.0,-0.0,,0.0
2,8,3.0,6,9.86,18.44,18.17,0.0,2202.84,0.0,0.0,,0.0
2,9,3.0,6,9.89,20.93,20.69,0.0,7799.74,0.0,0.0,,0.0
2,10,3.0,6,10.76,23.82,23.62,0.0,14345.24,0.0,0.0,,0.0
2,11,3.0,6,13.11,28.6,28.42,0.0,24068.0,0.0,0.0,,0.0
2,12,3.0,6,15.45,32.61,32.45,0.0,29427.21,0.0,0.0,,0.0
2,13,3.0,6,17.68,35.54,35.4,0.0,30753.02,0.0,0.0,,0.0
2,14,3.0,6,19.4,37.36,37.24,0.0,29422.03,0.0,0.0,,0.0
2,15,3.0,6,20.75,50.89,50.78,0.0,71976.16,0.0,0.0,,0.0
2,16,3.0,6,21.78,66.69,66.59,0.0,116442.7,0.0,0.0,,0.0
2,17,3.0,6,21.27,76.43,76.34,0.0,138361.48,0.0,0.0,,0.0
2,18,3.0,6,19.23,40.62,40.54,0.0,0.0,0.0,-0.0,,0.0
2,19,3.0,6,17.05,28.83,28.76,0.0,0.0,0.0,-0.0,,0.0
2,20,3.0,6,15.48,25.33,25.26,0.0,0.0,0.0,-0.0,,0.0
2,21,3.0,6,13.88,22.89,22.83,0.0,0.0,0.0,0.0,,0.0
2,22,3.0,6,12.41,20.75,20.71,0.0,0.0,0.0,0.0,,0.0
2,23,3.0,6,11.54,19.07,19.02,0.0,0.0,0.0,-0.0,,0.0
2,24,3.0,6,10.86,17.61,17.57,0.0,0.0,0.0,-0.0,,0.0
2,1,4.0,6,10.27,16.31,16.28,0.0,0.0,0.0,0.0,,0.0
2,2,4.0,6,10.08,15.33,15.3,0.0,0.0,0.0,0.0,,0.0
2,3,4.0,6,9.96,14.51,14.48,0.0,0.0,0.0,-0.0,,0.0
2,4,4.0,6,9.91,13.82,13.79,0.0,0.0,0.0,-0.0,,0.0
2,5,4.0,6,9.46,12.99,12.97,0.0,0.0,0.0,-0.0,,0.0
2,6,4.0,6,9.07,12.24,12.22,0.0,0.0,0.0,-0.0,,0.0
2,7,4.0,6,8.52,11.44,11.42,0.0,0.0,0.0,-0.0,,0.0
2,8,4.0,6,7.68,17.53,17.51,0.0,2202.84,0.0,0.0,,0.0
2,9,4.0,6,9.37,20.76,20.75,0.0,7799.74,0.0,0.0,,0.0
2,10,4.0,6,12.15,24.7,24.69,0.0,14345.24,0.0,0.0,,0.0
2,11,4.0,6,15.66,30.25,30.24,0.0,24068.0,0.0,0.0,,0.0
2,12,4.0,6,18.93,34.94,34.93,0.0,29427.21,0.0,0.0,,0.0
2,13,4.0,6,22.18,38.61,38.61,0.0,30753.02,0.0,0.0,,0.0
2,14,4.0,6,23.85,40.63,40.63,0.0,29422.03,0.0,0.0,,0.0
2,15,4.0,6,24.82,54.12,54.11,0.0,71976.16,0.0,0.0,,0.0
2,16,4.0,6,23.8,68.9,68.89,0.0,116442.7,0.0,0.0,,0.0
2,17,4.0,6,22.86,78.31,78.31,0.0,138361.48,0.0,0.0,,0.0
2,18,4.0,6,20.43,42.23,42.22,0.0,0.0,0.0,-0.0,,0.0
2,19,4.0,6,18.22,30.36,30.36,0.0,0.0,0.0,-0.0,,0.0
2,20,4.0,6,16.71,26.84,26.84,0.0,0.0,0.0,-0.0,,0.0
2,21,4.0,6,15.34,24.49,24.48,0.0,0.0,0.0,0.0,,0.0
2,22,4.0,6,14.34,22.6,22.6,0.0,0.0,0.0,0.0,,0.0
2,23,4.0,6,13.45,20.92,20.92,0.0,0.0,0.0,0.0,,0.0
2,24,4.0,6,12.89,19.54,19.54,0.0,0.0,0.0,0.0,,0.0
2,1,5.0,6,12.54,18.4,18.4,0.0,0.0,0.0,-0.0,,0.0
2,2,5.0,6,12.02,17.27,17.27,0.0,0.0,0.0,-0.0,,0.0
2,3,5.0,6,11.42,16.17,16.17,0.0,0.0,0.0,-0.0,,0.0
2,4,5.0,6,10.83,15.15,15.15,0.0,0.0,0.0,-0.0,,0.0
2,5,5.0,6,10.36,14.24,14.24,0.0,0.0,0.0,-0.0,,0.0
2,6,5.0,6,9.99,13.45,13.45,0.0,0.0,0.0,-0.0,,0.0
2,7,5.0,6,9.4,12.59,12.59,0.0,0.0,0.0,-0.0,,0.0
2,8,5.0,6,8.55,14.83,19.85,17588.05,2202.84,0.0,0.0,,527.6415
2,9,5.0,6,9.7,16.7,19.85,9430.63,7799.74,0.0,0.0,,282.91889999999995
2,10,5.0,6,12.28,19.87,20.26,0.0,14345.24,0.0,0.0,,0.0
2,11,5.0,6,15.45,24.3,24.48,0.0,24068.0,0.0,0.0,,0.0
2,12,5.0,6,18.25,27.94,24.85,-11333.64,29427.21,0.0,0.0,,-340.00919999999996
2,13,5.0,6,20.59,30.6,24.85,-19532.31,30753.02,0.0,0.0,,-585.9693000000001
2,14,5.0,6,22.18,32.22,24.85,-24074.11,29422.03,0.0,0.0,,-722.2233
2,15,5.0,6,22.84,41.23,26.2,-50000.0,71976.16,0.0,-2944.09,,-1588.3227
2,16,5.0,6,23.23,51.18,35.31,-50000.0,116442.7,0.0,0.0,,-1500.0
2,17,5.0,6,21.88,56.17,39.97,-50000.0,138361.48,0.0,0.0,,-1500.0
2,18,5.0,6,19.52,30.44,24.85,-11865.42,0.0,0.0,0.0,,-355.96259999999995
2,19,5.0,6,17.22,26.11,23.91,0.0,0.0,0.0,0.0,,0.0
2,20,5.0,6,15.75,23.81,22.23,0.0,0.0,0.0,0.0,,0.0
2,21,5.0,6,14.27,21.76,20.43,0.0,0.0,0.0,0.0,,0.0
2,22,5.0,6,13.29,20.1,18.93,0.0,0.0,0.0,0.0,,0.0
2,23,5.0,6,12.64,18.73,17.71,0.0,0.0,0.0,0.0,,0.0
2,24,5.0,6,12.15,17.57,16.67,0.0,0.0,0.0,0.0,,0.0
2,1,6.0,6,11.65,16.49,15.7,0.0,0.0,0.0,-0.0,,0.0
2,2,6.0,6,11.2,15.52,14.82,0.0,0.0,0.0,-0.0,,0.0
2,3,6.0,6,10.85,14.68,14.06,0.0,0.0,0.0,-0.0,,0.0
2,4,6.0,6,10.45,13.87,13.33,0.0,0.0,0.0,-0.0,,0.0
2,5,6.0,6,9.99,13.08,12.6,0.0,0.0,0.0,-0.0,,0.0
2,6,6.0,6,9.62,12.38,11.96,0.0,0.0,0.0,-0.0,,0.0
2,7,6.0,6,9.06,11.62,11.25,0.0,0.0,0.0,-0.0,,0.0
2,8,6.0,6,8.53,14.33,19.85,20131.83,2202.84,0.0,0.0,,603.9549000000001
2,9,6.0,6,9.71,16.31,19.85,11251.44,7799.74,0.0,0.0,,337.5432
2,10,6.0,6,12.54,19.71,20.0,0.0,14345.24,0.0,0.0,,0.0
2,11,6.0,6,15.79,24.25,24.32,0.0,24068.0,0.0,0.0,,0.0
2,12,6.0,6,18.94,28.19,24.85,-11842.95,29427.21,0.0,0.0,,-355.2885
2,13,6.0,6,21.7,31.21,24.85,-21312.24,30753.02,0.0,0.0,,-639.3672
2,14,6.0,6,23.73,33.21,24.85,-27105.39,29422.03,0.0,0.0,,-813.1617
2,15,6.0,6,24.33,42.27,27.07,-50000.0,71976.16,0.0,-3160.84,,-1594.8252
2,16,6.0,6,25.02,52.49,36.52,-50000.0,116442.7,0.0,0.0,,-1500.0
2,17,6.0,6,23.66,57.55,41.26,-50000.0,138361.48,0.0,0.0,,-1500.0
2,18,6.0,6,20.55,31.35,24.85,-14790.22,0.0,0.0,0.0,,-443.7066
2,19,6.0,6,17.83,26.73,24.3,0.0,0.0,0.0,0.0,,0.0
2,20,6.0,6,15.95,24.19,22.48,0.0,0.0,0.0,0.0,,0.0
2,21,6.0,6,14.81,22.28,20.84,0.0,0.0,0.0,0.0,,0.0
2,22,6.0,6,14.05,20.75,19.5,0.0,0.0,0.0,0.0,,0.0
2,23,6.0,6,13.39,19.4,18.3,0.0,0.0,0.0,0.0,,0.0
2,24,6.0,6,13.02,18.3,17.33,0.0,0.0,0.0,0.0,,0.0
2,1,7.0,6,12.6,17.3,16.44,0.0,0.0,0.0,0.0,,0.0
2,2,7.0,6,12.03,16.28,15.52,0.0,0.0,0.0,0.0,,0.0
2,3,7.0,6,11.3,15.23,14.56,0.0,0.0,0.0,0.0,,0.0
2,4,7.0,6,10.55,14.21,13.62,0.0,0.0,0.0,-0.0,,0.0
2,5,7.0,6,9.89,13.26,12.75,0.0,0.0,0.0,-0.0,,0.0
2,6,7.0,6,9.33,12.42,11.96,0.0,0.0,0.0,-0.0,,0.0
2,7,7.0,6,8.88,11.67,11.27,0.0,0.0,0.0,-0.0,,0.0
2,8,7.0,6,8.34,14.29,19.85,20358.39,2202.84,0.0,0.0,,610.7516999999999
2,9,7.0,6,9.18,15.99,19.85,12372.53,7799.74,0.0,0.0,,371.1759
2,10,7.0,6,12.36,19.6,19.91,0.0,14345.24,0.0,0.0,,0.0
2,11,7.0,6,15.78,24.26,24.33,0.0,24068.0,0.0,0.0,,0.0
2,12,7.0,6,18.83,28.13,24.85,-11629.77,29427.21,0.0,0.0,,-348.89310000000006
2,13,7.0,6,20.98,30.72,24.85,-19599.04,30753.02,0.0,0.0,,-587.9712000000001
2,14,7.0,6,22.44,32.28,24.85,-23998.66,29422.03,0.0,0.0,,-719.9598000000001
2,15,7.0,6,23.15,41.36,26.25,-50000.0,71976.16,0.0,-4587.72,,-1637.6316000000002
2,16,7.0,6,22.86,50.85,34.92,-50000.0,116442.7,0.0,0.0,,-1500.0
2,17,7.0,6,21.69,55.95,39.68,-50000.0,138361.48,0.0,0.0,,-1500.0
2,18,7.0,6,19.12,30.07,24.85,-10399.68,0.0,0.0,0.0,,-311.9904
2,19,7.0,6,16.72,25.68,23.49,0.0,0.0,0.0,0.0,,0.0
2,20,7.0,6,15.0,23.24,21.63,0.0,0.0,0.0,0.0,,0.0
2,21,7.0,6,13.8,21.31,19.94,0.0,0.0,0.0,0.0,,0.0
2,22,7.0,6,12.86,19.67,18.48,0.0,0.0,0.0,0.0,,0.0
2,23,7.0,6,12.26,18.34,17.28,0.0,0.0,0.0,0.0,,0.0
2,24,7.0,6,11.85,17.21,16.29,0.0,0.0,0.0,-0.0,,0.0
2,1,1.0,6,11.45,16.2,15.39,0.0,0.0,0.0,-0.0,,0.0
2,2,1.0,6,11.11,15.31,14.59,0.0,0.0,0.0,-0.0,,0.0
2,3,1.0,6,10.9,14.55,13.92,0.0,0.0,0.0,-0.0,,0.0
2,4,1.0,6,10.54,13.8,13.24,0.0,0.0,0.0,-0.0,,0.0
2,5,1.0,6,10.14,13.07,12.57,0.0,0.0,0.0,-0.0,,0.0
2,6,1.0,6,9.78,12.39,11.96,0.0,0.0,0.0,-0.0,,0.0
2,7,1.0,6,9.41,11.76,11.38,0.0,0.0,0.0,-0.0,,0.0
2,8,1.0,6,8.78,14.49,19.85,19607.34,2202.84,0.0,0.0,,588.2202
2,9,1.0,6,9.53,16.18,19.85,11770.24,7799.74,0.0,0.0,,353.10720000000003
2,10,1.0,6,11.47,18.94,19.85,2148.17,14345.24,0.0,0.0,,64.44510000000001
2,11,1.0,6,14.21,23.07,23.19,0.0,24068.0,0.0,0.0,,0.0
2,12,1.0,6,16.71,26.49,24.85,-5928.91,29427.21,0.0,0.0,,-177.8673
2,13,1.0,6,18.21,28.54,24.85,-12521.28,30753.02,0.0,0.0,,-375.63840000000005
2,14,1.0,6,19.28,29.73,24.85,-15895.14,29422.03,0.0,0.0,,-476.85419999999993
2,15,1.0,6,19.65,38.47,24.85,-45869.53,71976.16,0.0,-318.3,,-1385.6349000000002
2,16,1.0,6,19.53,47.99,32.31,-50000.0,116442.7,0.0,0.0,,-1500.0
2,17,1.0,6,18.74,53.28,37.17,-50000.0,138361.48,0.0,0.0,,-1500.0
2,18,1.0,6,16.64,27.7,24.85,-2548.63,0.0,0.0,0.0,,-76.45890000000001
2,19,1.0,6,14.07,23.27,21.6,0.0,0.0,0.0,0.0,,0.0
2,20,1.0,6,12.48,20.86,19.51,0.0,0.0,0.0,0.0,,0.0
2,21,1.0,6,11.19,18.87,17.71,0.0,0.0,0.0,0.0,,0.0
2,22,1.0,6,10.1,17.13,16.11,0.0,0.0,0.0,0.0,,0.0
2,23,1.0,6,9.62,15.83,14.93,0.0,0.0,0.0,0.0,,0.0
2,24,1.0,6,9.29,14.74,13.95,0.0,0.0,0.0,-0.0,,0.0
2,1,2.0,6,9.01,13.78,13.09,0.0,0.0,0.0,-0.0,,0.0
2,2,2.0,6,8.68,12.9,12.29,0.0,0.0,0.0,-0.0,,0.0
2,3,2.0,6,8.27,12.04,11.5,0.0,0.0,0.0,-0.0,,0.0
2,4,2.0,6,7.84,11.22,10.75,0.0,0.0,0.0,-0.0,,0.0
2,5,2.0,6,7.5,10.5,10.08,0.0,0.0,0.0,-0.0,,0.0
2,6,2.0,6,7.31,9.92,9.55,0.0,0.0,0.0,-0.0,,0.0
2,7,2.0,6,6.95,9.3,8.97,0.0,0.0,0.0,-0.0,,0.0
2,8,2.0,6,6.43,12.1,19.85,27855.78,2202.84,2578.23,0.0,,913.0202999999999
2,9,2.0,6,7.6,14.09,19.85,18220.14,7799.74,1501.8,0.0,,591.6582
2,10,2.0,6,10.52,17.57,19.85,6042.42,14345.24,0.0,0.0,,181.2726
2,11,2.0,6,13.75,22.12,22.47,0.0,24068.0,0.0,0.0,,0.0
2,12,2.0,6,16.91,26.08,24.85,-4966.0,29427.21,0.0,0.0,,-148.98
2,13,2.0,6,18.99,28.64,24.85,-13360.09,30753.02,0.0,0.0,,-400.8027
2,14,2.0,6,20.72,30.4,24.85,-18528.38,29422.03,0.0,0.0,,-555.8514
2,15,2.0,6,21.73,39.71,24.93,-50000.0,71976.16,0.0,-836.46,,-1525.0938
2,16,2.0,6,21.33,49.17,33.43,-50000.0,116442.7,0.0,0.0,,-1500.0
2,17,2.0,6,20.03,54.2,38.09,-50000.0,138361.48,0.0,0.0,,-1500.0
2,18,2.0,6,17.09,28.07,24.85,-3877.89,0.0,0.0,0.0,,-116.3367
2,19,2.0,6,14.59,23.62,21.91,0.0,0.0,0.0,0.0,,0.0
2,20,2.0,6,12.66,21.05,19.7,0.0,0.0,0.0,0.0,,0.0
2,21,2.0,6,11.33,19.02,17.86,0.0,0.0,0.0,0.0,,0.0
2,22,2.0,6,10.36,17.34,16.32,0.0,0.0,0.0,0.0,,0.0
2,23,2.0,6,9.48,15.82,14.93,0.0,0.0,0.0,0.0,,0.0
2,24,2.0,6,8.83,14.53,13.74,0.0,0.0,0.0,0.0,,0.0
2,1,3.0,6,8.34,13.42,12.73,0.0,0.0,0.0,-0.0,,0.0
2,2,3.0,6,7.97,12.46,11.85,0.0,0.0,0.0,-0.0,,0.0
2,3,3.0,6,7.63,11.59,11.06,0.0,0.0,0.0,-0.0,,0.0
2,4,3.0,6,7.2,10.75,10.28,0.0,0.0,0.0,-0.0,,0.0
2,5,3.0,6,6.76,9.96,9.55,0.0,0.0,0.0,-0.0,,0.0
2,6,3.0,6,6.43,9.27,8.9,0.0,0.0,0.0,-0.0,,0.0
2,7,3.0,6,5.97,8.56,8.24,0.0,0.0,0.0,-0.0,,0.0
2,8,3.0,6,5.26,14.76,14.47,0.0,2202.84,0.0,0.0,,0.0
2,9,3.0,6,6.45,17.76,17.5,0.0,7799.74,0.0,0.0,,0.0
2,10,3.0,6,9.16,21.66,21.44,0.0,14345.24,0.0,0.0,,0.0
2,11,3.0,6,12.52,27.13,26.93,0.0,24068.0,0.0,0.0,,0.0
2,12,3.0,6,15.5,31.64,31.47,0.0,29427.21,0.0,0.0,,0.0
2,13,3.0,6,17.66,34.69,34.54,0.0,30753.02,0.0,0.0,,0.0
2,14,3.0,6,19.13,36.49,36.35,0.0,29422.03,0.0,0.0,,0.0
2,15,3.0,6,20.11,49.89,49.77,0.0,71976.16,0.0,0.0,,0.0
2,16,3.0,6,19.67,64.92,64.81,0.0,116442.7,0.0,0.0,,0.0
2,17,3.0,6,18.89,74.42,74.33,0.0,138361.48,0.0,0.0,,0.0
2,18,3.0,6,17.12,38.69,38.61,0.0,0.0,0.0,-0.0,,0.0
2,19,3.0,6,15.07,26.96,26.88,0.0,0.0,0.0,-0.0,,0.0
2,20,3.0,6,13.85,23.64,23.57,0.0,0.0,0.0,-0.0,,0.0
2,21,3.0,6,13.21,21.74,21.68,0.0,0.0,0.0,0.0,,0.0
2,22,3.0,6,12.62,20.18,20.13,0.0,0.0,0.0,0.0,,0.0
2,23,3.0,6,12.32,18.94,18.89,0.0,0.0,0.0,-0.0,,0.0
2,24,3.0,6,12.25,17.95,17.91,0.0,0.0,0.0,-0.0,,0.0
2,1,4.0,6,12.15,17.08,17.05,0.0,0.0,0.0,-0.0,,0.0
2,2,4.0,6,12.26,16.43,16.4,0.0,0.0,0.0,-0.0,,0.0
2,3,4.0,6,12.14,15.75,15.72,0.0,0.0,0.0,-0.0,,0.0
2,4,4.0,6,11.98,15.12,15.1,0.0,0.0,0.0,-0.0,,0.0
2,5,4.0,6,11.74,14.51,14.48,0.0,0.0,0.0,-0.0,,0.0
2,6,4.0,6,11.34,13.85,13.83,0.0,0.0,0.0,-0.0,,0.0
2,7,4.0,6,11.28,13.4,13.38,0.0,0.0,0.0,-0.0,,0.0
2,8,4.0,6,10.81,19.81,19.79,0.0,2202.84,0.0,0.0,,0.0
2,9,4.0,6,10.87,22.27,22.25,0.0,7799.74,0.0,0.0,,0.0
2,10,4.0,6,12.26,25.4,25.39,0.0,14345.24,0.0,0.0,,0.0
2,11,4.0,6,14.58,30.17,30.16,0.0,24068.0,0.0,0.0,,0.0
2,12,4.0,6,16.38,33.88,33.87,0.0,29427.21,0.0,0.0,,0.0
2,13,4.0,6,17.28,36.03,36.02,0.0,30753.02,0.0,0.0,,0.0
2,14,4.0,6,17.66,36.96,36.96,0.0,29422.03,0.0,0.0,,0.0
2,15,4.0,6,17.34,49.36,49.36,0.0,71976.16,0.0,0.0,,0.0
2,16,4.0,6,17.25,64.25,64.25,0.0,116442.7,0.0,0.0,,0.0
2,17,4.0,6,16.51,73.56,73.55,0.0,138361.48,0.0,0.0,,0.0
2,18,4.0,6,14.87,37.71,37.7,0.0,0.0,0.0,-0.0,,0.0
2,19,4.0,6,12.73,25.77,25.77,0.0,0.0,0.0,-0.0,,0.0
2,20,4.0,6,11.33,22.2,22.2,0.0,0.0,0.0,-0.0,,0.0
2,21,4.0,6,10.53,20.08,20.07,0.0,0.0,0.0,0.0,,0.0
2,22,4.0,6,9.86,18.34,18.34,0.0,0.0,0.0,0.0,,0.0
2,23,4.0,6,9.41,16.9,16.89,0.0,0.0,0.0,0.0,,0.0
2,24,4.0,6,9.43,15.85,15.85,0.0,0.0,0.0,0.0,,0.0
2,1,5.0,6,9.25,14.85,14.85,0.0,0.0,0.0,0.0,,0.0
2,2,5.0,6,9.1,13.97,13.97,0.0,0.0,0.0,-0.0,,0.0
2,3,5.0,6,8.93,13.17,13.17,0.0,0.0,0.0,-0.0,,0.0
2,4,5.0,6,8.67,12.41,12.41,0.0,0.0,0.0,-0.0,,0.0
2,5,5.0,6,8.57,11.79,11.79,0.0,0.0,0.0,-0.0,,0.0
2,6,5.0,6,8.33,11.17,11.17,0.0,0.0,0.0,-0.0,,0.0
2,7,5.0,6,8.34,10.72,10.72,0.0,0.0,0.0,-0.0,,0.0
2,8,5.0,6,8.18,13.77,19.85,21291.23,2202.84,0.0,0.0,,638.7369
2,9,5.0,6,8.66,15.31,19.85,13967.17,7799.74,0.0,0.0,,419.01509999999996
2,10,5.0,6,9.92,17.6,19.85,6007.63,14345.24,0.0,0.0,,180.22889999999998
2,11,5.0,6,13.31,22.14,22.53,0.0,24068.0,0.0,0.0,,0.0
2,12,5.0,6,16.7,26.19,24.85,-5525.95,29427.21,0.0,0.0,,-165.7785
2,13,5.0,6,18.58,28.58,24.85,-13237.94,30753.02,0.0,0.0,,-397.1382
2,14,5.0,6,19.69,29.85,24.85,-16745.95,29422.03,0.0,0.0,,-502.3785
2,15,5.0,6,19.88,38.51,24.85,-46335.62,71976.16,0.0,-4522.98,,-1525.7580000000003
2,16,5.0,6,19.34,47.76,32.16,-50000.0,116442.7,0.0,0.0,,-1500.0
2,17,5.0,6,18.51,53.02,36.99,-50000.0,138361.48,0.0,0.0,,-1500.0
2,18,5.0,6,16.99,27.85,24.85,-3293.76,0.0,0.0,0.0,,-98.81280000000001
2,19,5.0,6,15.03,23.72,22.11,0.0,0.0,0.0,0.0,,0.0
2,20,5.0,6,13.9,21.65,20.37,0.0,0.0,0.0,0.0,,0.0
2,21,5.0,6,13.19,20.08,18.97,0.0,0.0,0.0,0.0,,0.0
2,22,5.0,6,12.67,18.77,17.8,0.0,0.0,0.0,0.0,,0.0
2,23,5.0,6,12.25,17.64,16.79,0.0,0.0,0.0,0.0,,0.0
2,24,5.0,6,11.88,16.64,15.89,0.0,0.0,0.0,-0.0,,0.0
2,1,6.0,6,11.69,15.82,15.16,0.0,0.0,0.0,-0.0,,0.0
2,2,6.0,6,11.47,15.08,14.5,0.0,0.0,0.0,-0.0,,0.0
2,3,6.0,6,11.31,14.43,13.93,0.0,0.0,0.0,-0.0,,0.0
2,4,6.0,6,11.36,13.97,13.52,0.0,0.0,0.0,-0.0,,0.0
2,5,6.0,6,11.25,13.49,13.09,0.0,0.0,0.0,-0.0,,0.0
2,6,6.0,6,11.11,13.04,12.69,0.0,0.0,0.0,-0.0,,0.0
2,7,6.0,6,10.67,12.46,12.15,0.0,0.0,0.0,-0.0,,0.0
2,8,6.0,6,10.07,15.43,19.85,16158.44,2202.84,0.0,0.0,,484.7532
2,9,6.0,6,10.06,16.65,19.85,10297.73,7799.74,0.0,0.0,,308.9319
2,10,6.0,6,10.96,18.68,19.85,3167.96,14345.24,0.0,0.0,,95.03880000000001
2,11,6.0,6,13.72,22.76,22.91,0.0,24068.0,0.0,0.0,,0.0
2,12,6.0,6,16.52,26.35,24.85,-5483.21,29427.21,0.0,0.0,,-164.4963
2,13,6.0,6,18.51,28.75,24.85,-13315.13,30753.02,0.0,0.0,,-399.4539
2,14,6.0,6,19.66,30.02,24.85,-16872.74,29422.03,0.0,0.0,,-506.1822000000001
2,15,6.0,6,20.33,38.98,24.85,-47566.77,71976.16,0.0,-7226.8,,-1643.8071
2,16,6.0,6,20.38,48.64,32.92,-50000.0,116442.7,0.0,0.0,,-1500.0
2,17,6.0,6,19.61,53.99,37.86,-50000.0,138361.48,0.0,0.0,,-1500.0
2,18,6.0,6,17.68,28.55,24.85,-5464.42,0.0,0.0,0.0,,-163.9326
2,19,6.0,6,15.31,24.18,22.36,0.0,0.0,0.0,0.0,,0.0
2,20,6.0,6,13.67,21.79,20.38,0.0,0.0,0.0,0.0,,0.0
2,21,6.0,6,12.47,19.88,18.68,0.0,0.0,0.0,0.0,,0.0
2,22,6.0,6,11.49,18.24,17.18,0.0,0.0,0.0,0.0,,0.0
2,23,6.0,6,10.71,16.81,15.88,0.0,0.0,0.0,0.0,,0.0
2,24,6.0,6,10.13,15.59,14.77,0.0,0.0,0.0,-0.0,,0.0
2,1,7.0,6,9.68,14.53,13.81,0.0,0.0,0.0,-0.0,,0.0
2,2,7.0,6,9.25,13.57,12.94,0.0,0.0,0.0,-0.0,,0.0
2,3,7.0,6,8.73,12.63,12.08,0.0,0.0,0.0,-0.0,,0.0
2,4,7.0,6,8.27,11.78,11.29,0.0,0.0,0.0,-0.0,,0.0
2,5,7.0,6,7.87,11.01,10.58,0.0,0.0,0.0,-0.0,,0.0
2,6,7.0,6,7.37,10.23,9.85,0.0,0.0,0.0,-0.0,,0.0
2,7,7.0,6,6.77,9.44,9.1,0.0,0.0,0.0,-0.0,,0.0
2,8,7.0,6,5.88,11.85,19.85,28746.43,2202.84,0.0,0.0,,862.3929
2,9,7.0,6,7.4,14.03,19.85,18385.98,7799.74,0.0,0.0,,551.5794000000001
2,10,7.0,6,10.17,17.39,19.85,6648.96,14345.24,0.0,0.0,,199.4688
2,11,7.0,6,13.6,22.05,22.42,0.0,24068.0,0.0,0.0,,0.0
2,12,7.0,6,16.5,25.83,24.85,-4094.19,29427.21,0.0,0.0,,-122.8257
2,13,7.0,6,18.65,28.4,24.85,-12616.82,30753.02,0.0,0.0,,-378.5046
2,14,7.0,6,20.51,30.24,24.85,-18072.63,29422.03,0.0,0.0,,-542.1789
2,15,7.0,6,21.31,39.4,24.85,-49273.18,71976.16,0.0,-11889.48,,-1834.8798000000002
2,16,7.0,6,20.77,48.74,33.04,-50000.0,116442.7,0.0,0.0,,-1500.0
2,17,7.0,6,19.96,54.08,38.0,-50000.0,138361.48,0.0,0.0,,-1500.0
2,18,7.0,6,18.43,28.96,24.85,-7057.36,0.0,0.0,0.0,,-211.7208
2,19,7.0,6,16.88,24.98,23.14,0.0,0.0,0.0,0.0,,0.0
2,20,7.0,6,15.41,22.79,21.41,0.0,0.0,0.0,0.0,,0.0
2,21,7.0,6,14.63,21.21,20.03,0.0,0.0,0.0,0.0,,0.0
2,22,7.0,6,13.98,19.87,18.83,0.0,0.0,0.0,0.0,,0.0
2,23,7.0,6,13.24,18.58,17.68,0.0,0.0,0.0,0.0,,0.0
2,24,7.0,6,12.89,17.59,16.79,0.0,0.0,0.0,0.0,,0.0
2,1,1.0,7,12.43,16.63,15.93,0.0,0.0,0.0,-0.0,,0.0
2,2,1.0,7,11.89,15.69,15.07,0.0,0.0,0.0,-0.0,,0.0
2,3,1.0,7,11.37,14.81,14.27,0.0,0.0,0.0,-0.0,,0.0
2,4,1.0,7,11.0,14.06,13.58,0.0,0.0,0.0,-0.0,,0.0
2,5,1.0,7,10.68,13.4,12.97,0.0,0.0,0.0,-0.0,,0.0
2,6,1.0,7,10.3,12.75,12.37,0.0,0.0,0.0,-0.0,,0.0
2,7,1.0,7,10.06,12.2,11.87,0.0,0.0,0.0,-0.0,,0.0
2,8,1.0,7,9.34,14.94,19.7,17380.51,2171.51,0.0,0.0,,538.79581
2,9,1.0,7,9.94,16.57,19.7,9980.76,7891.06,0.0,0.0,,309.40355999999997
2,10,1.0,7,11.65,18.99,19.7,1616.69,13348.68,0.0,0.0,,50.11739
2,11,1.0,7,13.52,22.03,22.13,0.0,20622.36,0.0,0.0,,0.0
2,12,1.0,7,15.56,24.8,24.7,-507.47,24887.48,0.0,0.0,,-15.731570000000001
2,13,1.0,7,17.77,27.41,24.7,-9576.92,27312.42,0.0,0.0,,-296.88452
2,14,1.0,7,19.24,28.76,24.7,-13436.74,25505.3,0.0,0.0,,-416.53894
2,15,1.0,7,19.78,36.91,24.7,-41340.35,64370.89,0.0,-12425.63,,-1666.7453799999998
2,16,1.0,7,19.71,45.42,29.92,-50000.0,103768.62,0.0,0.0,,-1550.0
2,17,1.0,7,19.2,53.73,37.7,-50000.0,141664.85,0.0,0.0,,-1550.0
2,18,1.0,7,17.5,30.89,24.7,-14474.98,15311.38,0.0,0.0,,-448.72438
2,19,1.0,7,15.59,24.35,22.21,0.0,0.0,0.0,0.0,,0.0
2,20,1.0,7,13.92,21.83,20.37,0.0,0.0,0.0,0.0,,0.0
2,21,1.0,7,13.37,20.28,19.06,0.0,0.0,0.0,0.0,,0.0
2,22,1.0,7,12.59,18.82,17.76,0.0,0.0,0.0,0.0,,0.0
2,23,1.0,7,11.92,17.53,16.6,0.0,0.0,0.0,0.0,,0.0
2,24,1.0,7,11.59,16.51,15.69,0.0,0.0,0.0,0.0,,0.0
2,1,2.0,7,11.1,15.51,14.79,0.0,0.0,0.0,0.0,,0.0
2,2,2.0,7,10.74,14.64,14.01,0.0,0.0,0.0,-0.0,,0.0
2,3,2.0,7,10.35,13.83,13.27,0.0,0.0,0.0,-0.0,,0.0
2,4,2.0,7,10.16,13.18,12.69,0.0,0.0,0.0,-0.0,,0.0
2,5,2.0,7,10.02,12.63,12.19,0.0,0.0,0.0,-0.0,,0.0
2,6,2.0,7,10.16,12.28,11.89,0.0,0.0,0.0,-0.0,,0.0
2,7,2.0,7,10.06,11.87,11.53,0.0,0.0,0.0,-0.0,,0.0
2,8,2.0,7,9.49,14.85,19.7,17724.84,2171.51,0.0,0.0,,549.47004
2,9,2.0,7,10.59,16.87,19.7,8916.23,7891.06,0.0,0.0,,276.40313000000003
2,10,2.0,7,13.21,19.98,20.21,0.0,13348.68,0.0,-273.57,,-8.48067
2,11,2.0,7,16.06,23.81,23.86,0.0,20622.36,0.0,0.0,,0.0
2,12,2.0,7,18.89,27.26,24.7,-9056.56,24887.48,0.0,0.0,,-280.75336
2,13,2.0,7,21.36,30.2,24.7,-18497.79,27312.42,0.0,0.0,,-573.4314899999999
2,14,2.0,7,22.87,31.7,24.7,-22626.9,25505.3,0.0,-553.69,,-718.59829
2,15,2.0,7,22.78,39.51,24.7,-49121.73,64370.89,0.0,-14606.67,,-1975.5804
2,16,2.0,7,22.79,48.12,32.24,-50000.0,103768.62,0.0,0.0,,-1550.0
2,17,2.0,7,21.81,56.15,39.91,-50000.0,141664.85,0.0,0.0,,-1550.0
2,18,2.0,7,20.11,33.33,24.7,-22421.23,15311.38,0.0,0.0,,-695.05813
2,19,2.0,7,18.05,26.67,23.94,0.0,0.0,0.0,0.0,,0.0
2,20,2.0,7,16.49,24.2,22.43,0.0,0.0,0.0,0.0,,0.0
2,21,2.0,7,15.84,22.63,21.15,0.0,0.0,0.0,0.0,,0.0
2,22,2.0,7,15.02,21.16,19.88,0.0,0.0,0.0,0.0,,0.0
2,23,2.0,7,14.13,19.76,18.63,0.0,0.0,0.0,0.0,,0.0
2,24,2.0,7,13.53,18.58,17.59,0.0,0.0,0.0,0.0,,0.0
2,1,3.0,7,12.97,17.51,16.64,0.0,0.0,0.0,-0.0,,0.0
2,2,3.0,7,12.64,16.64,15.87,0.0,0.0,0.0,-0.0,,0.0
2,3,3.0,7,12.22,15.79,15.12,0.0,0.0,0.0,-0.0,,0.0
2,4,3.0,7,11.94,15.08,14.49,0.0,0.0,0.0,-0.0,,0.0
2,5,3.0,7,11.59,14.39,13.87,0.0,0.0,0.0,-0.0,,0.0
2,6,3.0,7,11.38,13.82,13.36,0.0,0.0,0.0,-0.0,,0.0
2,7,3.0,7,11.05,13.23,12.82,0.0,0.0,0.0,-0.0,,0.0
2,8,3.0,7,10.38,19.5,19.14,0.0,2171.51,0.0,0.0,,0.0
2,9,3.0,7,11.16,22.37,22.05,0.0,7891.06,0.0,0.0,,0.0
2,10,3.0,7,13.6,25.85,25.57,0.0,13348.68,0.0,0.0,,0.0
2,11,3.0,7,16.12,30.13,29.88,0.0,20622.36,0.0,0.0,,0.0
2,12,3.0,7,18.66,33.89,33.67,0.0,24887.48,0.0,0.0,,0.0
2,13,3.0,7,20.99,37.11,36.91,0.0,27312.42,0.0,0.0,,0.0
2,14,3.0,7,22.49,38.7,38.53,0.0,25505.3,0.0,0.0,,0.0
2,15,3.0,7,22.53,50.45,50.3,0.0,64370.89,0.0,0.0,,0.0
2,16,3.0,7,22.6,64.01,63.87,0.0,103768.62,0.0,0.0,,0.0
2,17,3.0,7,21.78,77.49,77.37,0.0,141664.85,0.0,0.0,,0.0
2,18,3.0,7,19.53,45.3,45.19,0.0,15311.38,0.0,-0.0,,0.0
2,19,3.0,7,17.38,29.98,29.88,0.0,0.0,0.0,-0.0,,0.0
2,20,3.0,7,15.64,26.02,25.94,0.0,0.0,0.0,-0.0,,0.0
2,21,3.0,7,14.69,23.82,23.75,0.0,0.0,0.0,0.0,,0.0
2,22,3.0,7,14.0,22.11,22.04,0.0,0.0,0.0,0.0,,0.0
2,23,3.0,7,13.23,20.53,20.47,0.0,0.0,0.0,0.0,,0.0
2,24,3.0,7,12.83,19.26,19.21,0.0,0.0,0.0,0.0,,0.0
2,1,4.0,7,12.31,18.06,18.01,0.0,0.0,0.0,0.0,,0.0
2,2,4.0,7,12.07,17.09,17.05,0.0,0.0,0.0,-0.0,,0.0
2,3,4.0,7,11.49,16.05,16.01,0.0,0.0,0.0,-0.0,,0.0
2,4,4.0,7,11.05,15.13,15.1,0.0,0.0,0.0,-0.0,,0.0
2,5,4.0,7,10.59,14.26,14.23,0.0,0.0,0.0,-0.0,,0.0
2,6,4.0,7,10.24,13.5,13.48,0.0,0.0,0.0,-0.0,,0.0
2,7,4.0,7,9.99,12.86,12.84,0.0,0.0,0.0,-0.0,,0.0
2,8,4.0,7,9.25,19.01,18.99,0.0,2171.51,0.0,0.0,,0.0
2,9,4.0,7,10.62,22.12,22.1,0.0,7891.06,0.0,0.0,,0.0
2,10,4.0,7,13.16,25.64,25.62,0.0,13348.68,0.0,0.0,,0.0
2,11,4.0,7,16.37,30.27,30.26,0.0,20622.36,0.0,0.0,,0.0
2,12,4.0,7,19.25,34.27,34.25,0.0,24887.48,0.0,0.0,,0.0
2,13,4.0,7,21.43,37.45,37.44,0.0,27312.42,0.0,0.0,,0.0
2,14,4.0,7,23.18,39.19,39.18,0.0,25505.3,0.0,0.0,,0.0
2,15,4.0,7,23.59,51.18,51.18,0.0,64370.89,0.0,0.0,,0.0
2,16,4.0,7,23.38,64.64,64.63,0.0,103768.62,0.0,0.0,,0.0
2,17,4.0,7,22.18,77.93,77.92,0.0,141664.85,0.0,0.0,,0.0
2,18,4.0,7,19.86,45.68,45.68,0.0,15311.38,0.0,-0.0,,0.0
2,19,4.0,7,17.45,30.21,30.21,0.0,0.0,0.0,-0.0,,0.0
2,20,4.0,7,15.89,26.32,26.32,0.0,0.0,0.0,-0.0,,0.0
2,21,4.0,7,14.57,23.92,23.91,0.0,0.0,0.0,0.0,,0.0
2,22,4.0,7,13.38,21.9,21.89,0.0,0.0,0.0,0.0,,0.0
2,23,4.0,7,12.46,20.17,20.16,0.0,0.0,0.0,0.0,,0.0
2,24,4.0,7,11.82,18.71,18.71,0.0,0.0,0.0,0.0,,0.0
2,1,5.0,7,11.31,17.45,17.44,0.0,0.0,0.0,0.0,,0.0
2,2,5.0,7,10.82,16.3,16.29,0.0,0.0,0.0,-0.0,,0.0
2,3,5.0,7,10.37,15.25,15.25,0.0,0.0,0.0,-0.0,,0.0
2,4,5.0,7,10.04,14.35,14.35,0.0,0.0,0.0,-0.0,,0.0
2,5,5.0,7,9.64,13.5,13.49,0.0,0.0,0.0,-0.0,,0.0
2,6,5.0,7,9.33,12.74,12.74,0.0,0.0,0.0,-0.0,,0.0
2,7,5.0,7,9.1,12.09,12.09,0.0,0.0,0.0,-0.0,,0.0
2,8,5.0,7,8.08,14.29,19.7,18971.92,2171.51,0.0,0.0,,588.12952
2,9,5.0,7,9.24,16.21,19.7,10525.77,7891.06,0.0,0.0,,326.29887
2,10,5.0,7,11.66,19.09,19.7,659.86,13348.68,0.0,0.0,,20.455659999999998
2,11,5.0,7,14.63,22.91,23.12,0.0,20622.36,0.0,0.0,,0.0
2,12,5.0,7,17.87,26.57,24.7,-7125.95,24887.48,0.0,0.0,,-220.90444999999997
2,13,5.0,7,20.32,29.46,24.7,-16507.91,27312.42,0.0,0.0,,-511.74521000000004
2,14,5.0,7,22.12,31.13,24.7,-21202.65,25505.3,0.0,0.0,,-657.28215
2,15,5.0,7,23.09,39.65,24.76,-50000.0,64370.89,0.0,-5900.93,,-1732.92883
2,16,5.0,7,23.51,48.6,32.81,-50000.0,103768.62,0.0,0.0,,-1550.0
2,17,5.0,7,22.41,56.59,40.45,-50000.0,141664.85,0.0,0.0,,-1550.0
2,18,5.0,7,19.6,33.03,24.7,-21639.52,15311.38,0.0,0.0,,-670.82512
2,19,5.0,7,17.22,26.2,23.6,0.0,0.0,0.0,0.0,,0.0
2,20,5.0,7,15.46,23.59,21.91,0.0,0.0,0.0,0.0,,0.0
2,21,5.0,7,14.14,21.58,20.19,0.0,0.0,0.0,0.0,,0.0
2,22,5.0,7,13.17,19.93,18.73,0.0,0.0,0.0,0.0,,0.0
2,23,5.0,7,12.24,18.42,17.36,0.0,0.0,0.0,0.0,,0.0
2,24,5.0,7,11.65,17.18,16.25,0.0,0.0,0.0,0.0,,0.0
2,1,6.0,7,11.04,16.02,15.2,0.0,0.0,0.0,0.0,,0.0
2,2,6.0,7,10.45,14.95,14.23,0.0,0.0,0.0,-0.0,,0.0
2,3,6.0,7,9.92,13.97,13.34,0.0,0.0,0.0,-0.0,,0.0
2,4,6.0,7,9.46,13.1,12.54,0.0,0.0,0.0,-0.0,,0.0
2,5,6.0,7,8.92,12.24,11.74,0.0,0.0,0.0,-0.0,,0.0
2,6,6.0,7,8.49,11.48,11.04,0.0,0.0,0.0,-0.0,,0.0
2,7,6.0,7,7.98,10.72,10.33,0.0,0.0,0.0,-0.0,,0.0
2,8,6.0,7,7.37,13.29,19.7,23275.63,2171.51,0.0,0.0,,721.54453
2,9,6.0,7,8.34,15.13,19.7,14599.28,7891.06,0.0,0.0,,452.57768
2,10,6.0,7,10.82,18.07,19.7,4336.36,13348.68,0.0,0.0,,134.42716000000001
2,11,6.0,7,13.92,22.0,22.22,0.0,20622.36,0.0,0.0,,0.0
2,12,6.0,7,16.48,25.22,24.7,-2207.25,24887.48,0.0,0.0,,-68.42475
2,13,6.0,7,18.82,28.02,24.7,-11707.69,27312.42,0.0,0.0,,-362.93839
2,14,6.0,7,20.12,29.31,24.7,-15271.72,25505.3,0.0,0.0,,-473.42332
2,15,6.0,7,20.96,37.71,24.7,-44016.67,64370.89,0.0,-4494.27,,-1503.83914
2,16,6.0,7,20.9,46.29,30.72,-50000.0,103768.62,0.0,0.0,,-1550.0
2,17,6.0,7,20.04,54.4,38.35,-50000.0,141664.85,0.0,0.0,,-1550.0
2,18,6.0,7,17.95,31.32,24.7,-15898.25,15311.38,0.0,0.0,,-492.84575
2,19,6.0,7,15.69,24.56,22.33,0.0,0.0,0.0,0.0,,0.0
2,20,6.0,7,14.31,22.17,20.67,0.0,0.0,0.0,0.0,,0.0
2,21,6.0,7,13.12,20.28,19.03,0.0,0.0,0.0,0.0,,0.0
2,22,6.0,7,12.27,18.73,17.64,0.0,0.0,0.0,0.0,,0.0
2,23,6.0,7,11.75,17.49,16.53,0.0,0.0,0.0,0.0,,0.0
2,24,6.0,7,11.5,16.5,15.66,0.0,0.0,0.0,-0.0,,0.0
2,1,7.0,7,11.34,15.67,14.93,0.0,0.0,0.0,-0.0,,0.0
2,2,7.0,7,11.25,14.97,14.32,0.0,0.0,0.0,-0.0,,0.0
2,3,7.0,7,11.13,14.34,13.77,0.0,0.0,0.0,-0.0,,0.0
2,4,7.0,7,11.07,13.81,13.3,0.0,0.0,0.0,-0.0,,0.0
2,5,7.0,7,10.73,13.18,12.74,0.0,0.0,0.0,-0.0,,0.0
2,6,7.0,7,10.32,12.55,12.16,0.0,0.0,0.0,-0.0,,0.0
2,7,7.0,7,9.87,11.92,11.57,0.0,0.0,0.0,-0.0,,0.0
2,8,7.0,7,9.46,14.91,19.7,17539.66,2171.51,0.0,0.0,,543.72946
2,9,7.0,7,10.02,16.54,19.7,10093.65,7891.06,0.0,0.0,,312.90315
2,10,7.0,7,11.75,18.99,19.7,1625.51,13348.68,0.0,0.0,,50.390809999999995
2,11,7.0,7,14.56,22.69,22.79,0.0,20622.36,0.0,0.0,,0.0
2,12,7.0,7,16.58,25.53,24.7,-3040.28,24887.48,0.0,0.0,,-94.24868000000001
2,13,7.0,7,18.27,27.83,24.7,-10779.73,27312.42,0.0,0.0,,-334.17163
2,14,7.0,7,19.46,28.98,24.7,-13997.5,25505.3,0.0,0.0,,-433.9225
2,15,7.0,7,20.08,37.17,24.7,-42099.72,64370.89,0.0,-1799.17,,-1360.86559
2,16,7.0,7,20.12,45.77,30.22,-50000.0,103768.62,0.0,0.0,,-1550.0
2,17,7.0,7,19.31,53.87,37.82,-50000.0,141664.85,0.0,0.0,,-1550.0
2,18,7.0,7,16.64,30.35,24.7,-12507.17,15311.38,0.0,0.0,,-387.72227000000004
2,19,7.0,7,14.0,23.46,21.37,0.0,0.0,0.0,0.0,,0.0
2,20,7.0,7,12.32,20.82,19.37,0.0,0.0,0.0,0.0,,0.0
2,21,7.0,7,11.02,18.79,17.56,0.0,0.0,0.0,0.0,,0.0
2,22,7.0,7,10.03,17.08,16.01,0.0,0.0,0.0,0.0,,0.0
2,23,7.0,7,9.46,15.73,14.79,0.0,0.0,0.0,0.0,,0.0
2,24,7.0,7,9.0,14.56,13.73,0.0,0.0,0.0,0.0,,0.0
2,1,1.0,7,8.6,13.52,12.79,0.0,0.0,0.0,-0.0,,0.0
2,2,1.0,7,8.1,12.51,11.87,0.0,0.0,0.0,-0.0,,0.0
2,3,1.0,7,7.52,11.53,10.96,0.0,0.0,0.0,-0.0,,0.0
2,4,1.0,7,6.92,10.58,10.08,0.0,0.0,0.0,-0.0,,0.0
2,5,1.0,7,6.31,9.67,9.23,0.0,0.0,0.0,-0.0,,0.0
2,6,1.0,7,5.85,8.89,8.5,0.0,0.0,0.0,-0.0,,0.0
2,7,1.0,7,5.35,8.13,7.78,0.0,0.0,0.0,-0.0,,0.0
2,8,1.0,7,4.87,10.77,19.7,32013.29,2171.51,1252.85,0.0,,1031.25034
2,9,1.0,7,6.02,12.74,19.7,22069.13,7891.06,0.0,0.0,,684.1430300000001
2,10,1.0,7,8.47,15.68,19.7,11709.9,13348.68,0.0,0.0,,363.0069
2,11,1.0,7,11.79,19.77,20.31,0.0,20622.36,0.0,0.0,,0.0
2,12,1.0,7,14.51,23.12,23.39,0.0,24887.48,0.0,0.0,,0.0
2,13,1.0,7,16.8,25.9,24.7,-4952.32,27312.42,0.0,0.0,,-153.52192
2,14,1.0,7,18.59,27.55,24.7,-10173.99,25505.3,0.0,0.0,,-315.39369
2,15,1.0,7,19.34,35.93,24.7,-38817.53,64370.89,0.0,0.0,,-1203.34343
2,16,1.0,7,19.68,44.82,29.56,-50000.0,103768.62,0.0,0.0,,-1550.0
2,17,1.0,7,18.66,52.86,37.0,-50000.0,141664.85,0.0,0.0,,-1550.0
2,18,1.0,7,16.29,29.59,24.7,-10423.78,15311.38,0.0,0.0,,-323.13718
2,19,1.0,7,14.13,22.87,21.09,0.0,0.0,0.0,0.0,,0.0
2,20,1.0,7,12.52,20.37,19.13,0.0,0.0,0.0,0.0,,0.0
2,21,1.0,7,11.54,18.59,17.56,0.0,0.0,0.0,0.0,,0.0
2,22,1.0,7,10.85,17.15,16.25,0.0,0.0,0.0,0.0,,0.0
2,23,1.0,7,10.55,16.05,15.26,0.0,0.0,0.0,0.0,,0.0
2,24,1.0,7,10.17,15.03,14.33,0.0,0.0,0.0,0.0,,0.0
2,1,2.0,7,9.91,14.16,13.55,0.0,0.0,0.0,-0.0,,0.0
2,2,2.0,7,9.82,13.47,12.93,0.0,0.0,0.0,-0.0,,0.0
2,3,2.0,7,9.65,12.82,12.34,0.0,0.0,0.0,-0.0,,0.0
2,4,2.0,7,9.4,12.19,11.77,0.0,0.0,0.0,-0.0,,0.0
2,5,2.0,7,9.24,11.65,11.28,0.0,0.0,0.0,-0.0,,0.0
2,6,2.0,7,9.32,11.29,10.97,0.0,0.0,0.0,-0.0,,0.0
2,7,2.0,7,9.26,10.92,10.63,0.0,0.0,0.0,-0.0,,0.0
2,8,2.0,7,9.03,14.2,19.7,19912.8,2171.51,0.0,0.0,,617.2968
2,9,2.0,7,8.94,15.43,19.7,13668.91,7891.06,0.0,0.0,,423.73621
2,10,2.0,7,10.09,17.46,19.7,6482.27,13348.68,0.0,0.0,,200.95037000000002
2,11,2.0,7,12.49,20.86,21.14,0.0,20622.36,0.0,0.0,,0.0
2,12,2.0,7,14.27,23.48,23.62,0.0,24887.48,0.0,0.0,,0.0
2,13,2.0,7,15.77,25.6,24.7,-3506.91,27312.42,0.0,0.0,,-108.71421
2,14,2.0,7,16.45,26.36,24.7,-5789.61,25505.3,0.0,0.0,,-179.47791
2,15,2.0,7,16.52,34.1,24.7,-32549.29,64370.89,0.0,0.0,,-1009.02799
2,16,2.0,7,16.1,42.29,27.17,-50000.0,103768.62,0.0,0.0,,-1550.0
2,17,2.0,7,15.74,50.62,34.78,-50000.0,141664.85,0.0,0.0,,-1550.0
2,18,2.0,7,13.67,27.48,24.7,-3069.45,15311.38,0.0,0.0,,-95.15295
2,19,2.0,7,11.68,20.98,19.57,0.0,0.0,0.0,0.0,,0.0
2,20,2.0,7,10.62,18.74,17.63,0.0,0.0,0.0,0.0,,0.0
2,21,2.0,7,10.02,17.16,16.21,0.0,0.0,0.0,0.0,,0.0
2,22,2.0,7,9.53,15.83,15.01,0.0,0.0,0.0,0.0,,0.0
2,23,2.0,7,9.65,14.97,14.25,0.0,0.0,0.0,0.0,,0.0
2,24,2.0,7,9.77,14.26,13.62,0.0,0.0,0.0,0.0,,0.0
2,1,3.0,7,9.91,13.68,13.11,0.0,0.0,0.0,-0.0,,0.0
2,2,3.0,7,10.11,13.22,12.72,0.0,0.0,0.0,-0.0,,0.0
2,3,3.0,7,10.2,12.79,12.36,0.0,0.0,0.0,-0.0,,0.0
2,4,3.0,7,10.29,12.43,12.04,0.0,0.0,0.0,-0.0,,0.0
2,5,3.0,7,10.33,12.1,11.76,0.0,0.0,0.0,-0.0,,0.0
2,6,3.0,7,10.41,11.83,11.53,0.0,0.0,0.0,-0.0,,0.0
2,7,3.0,7,10.41,11.56,11.3,0.0,0.0,0.0,-0.0,,0.0
2,8,3.0,7,10.22,18.24,18.0,0.0,2171.51,0.0,0.0,,0.0
2,9,3.0,7,10.07,20.75,20.54,0.0,7891.06,0.0,0.0,,0.0
2,10,3.0,7,11.36,23.64,23.46,0.0,13348.68,0.0,0.0,,0.0
2,11,3.0,7,13.49,27.66,27.5,0.0,20622.36,0.0,0.0,,0.0
2,12,3.0,7,15.06,30.86,30.71,0.0,24887.48,0.0,0.0,,0.0
2,13,3.0,7,16.13,33.28,33.15,0.0,27312.42,0.0,0.0,,0.0
2,14,3.0,7,16.7,34.19,34.07,0.0,25505.3,0.0,0.0,,0.0
2,15,3.0,7,16.54,45.63,45.53,0.0,64370.89,0.0,0.0,,0.0
2,16,3.0,7,16.77,59.11,59.02,0.0,103768.62,0.0,0.0,,0.0
2,17,3.0,7,16.27,72.64,72.57,0.0,141664.85,0.0,0.0,,0.0
2,18,3.0,7,14.55,40.67,40.6,0.0,15311.38,0.0,-0.0,,0.0
2,19,3.0,7,13.23,25.78,25.72,0.0,0.0,0.0,-0.0,,0.0
2,20,3.0,7,12.22,22.25,22.19,0.0,0.0,0.0,-0.0,,0.0
2,21,3.0,7,11.61,20.31,20.26,0.0,0.0,0.0,0.0,,0.0
2,22,3.0,7,11.19,18.82,18.77,0.0,0.0,0.0,0.0,,0.0
2,23,3.0,7,11.04,17.65,17.61,0.0,0.0,0.0,0.0,,0.0
2,24,3.0,7,10.94,16.66,16.63,0.0,0.0,0.0,-0.0,,0.0
2,1,4.0,7,10.89,15.82,15.79,0.0,0.0,0.0,-0.0,,0.0
2,2,4.0,7,10.77,15.04,15.01,0.0,0.0,0.0,-0.0,,0.0
2,3,4.0,7,10.66,14.35,14.33,0.0,0.0,0.0,-0.0,,0.0
2,4,4.0,7,10.61,13.77,13.75,0.0,0.0,0.0,-0.0,,0.0
2,5,4.0,7,10.66,13.31,13.29,0.0,0.0,0.0,-0.0,,0.0
2,6,4.0,7,10.56,12.84,12.82,0.0,0.0,0.0,-0.0,,0.0
2,7,4.0,7,10.57,12.47,12.46,0.0,0.0,0.0,-0.0,,0.0
2,8,4.0,7,10.34,19.03,19.02,0.0,2171.51,0.0,0.0,,0.0
2,9,4.0,7,10.54,21.65,21.64,0.0,7891.06,0.0,0.0,,0.0
2,10,4.0,7,11.67,24.42,24.41,0.0,13348.68,0.0,0.0,,0.0
2,11,4.0,7,14.18,28.59,28.58,0.0,20622.36,0.0,0.0,,0.0
2,12,4.0,7,16.49,32.18,32.17,0.0,24887.48,0.0,0.0,,0.0
2,13,4.0,7,17.72,34.73,34.72,0.0,27312.42,0.0,0.0,,0.0
2,14,4.0,7,18.55,35.81,35.8,0.0,25505.3,0.0,0.0,,0.0
2,15,4.0,7,18.89,47.57,47.56,0.0,64370.89,0.0,0.0,,0.0
2,16,4.0,7,18.26,60.65,60.64,0.0,103768.62,0.0,0.0,,0.0
2,17,4.0,7,17.27,73.89,73.89,0.0,141664.85,0.0,0.0,,0.0
2,18,4.0,7,16.03,42.13,42.13,0.0,15311.38,0.0,-0.0,,0.0
2,19,4.0,7,14.14,26.94,26.94,0.0,0.0,0.0,-0.0,,0.0
2,20,4.0,7,12.74,23.15,23.15,0.0,0.0,0.0,-0.0,,0.0
2,21,4.0,7,11.64,20.89,20.88,0.0,0.0,0.0,0.0,,0.0
2,22,4.0,7,10.79,19.07,19.07,0.0,0.0,0.0,0.0,,0.0
2,23,4.0,7,10.15,17.54,17.53,0.0,0.0,0.0,0.0,,0.0
2,24,4.0,7,9.77,16.28,16.27,0.0,0.0,0.0,-0.0,,0.0
2,1,5.0,7,9.38,15.14,15.13,0.0,0.0,0.0,0.0,,0.0
2,2,5.0,7,9.07,14.14,14.14,0.0,0.0,0.0,-0.0,,0.0
2,3,5.0,7,8.64,13.17,13.17,0.0,0.0,0.0,-0.0,,0.0
2,4,5.0,7,8.18,12.25,12.24,0.0,0.0,0.0,-0.0,,0.0
2,5,5.0,7,7.78,11.41,11.41,0.0,0.0,0.0,-0.0,,0.0
2,6,5.0,7,7.09,10.48,10.48,0.0,0.0,0.0,-0.0,,0.0
2,7,5.0,7,6.77,9.77,9.77,0.0,0.0,0.0,-0.0,,0.0
2,8,5.0,7,5.62,11.87,19.7,27435.46,2171.51,0.0,0.0,,850.49926
2,9,5.0,7,7.19,14.07,19.7,17237.86,7891.06,0.0,0.0,,534.3736600000001
2,10,5.0,7,9.7,17.03,19.7,7011.34,13348.68,0.0,0.0,,217.35154
2,11,5.0,7,13.11,21.16,21.65,0.0,20622.36,0.0,0.0,,0.0
2,12,5.0,7,16.19,24.77,24.7,-1271.25,24887.48,0.0,0.0,,-39.40875
2,13,5.0,7,19.01,27.93,24.7,-12064.97,27312.42,0.0,0.0,,-374.01407
2,14,5.0,7,20.61,29.49,24.7,-16380.27,25505.3,0.0,0.0,,-507.78837
2,15,5.0,7,21.27,37.82,24.7,-44733.19,64370.89,0.0,-3624.65,,-1499.09304
2,16,5.0,7,21.8,46.84,31.35,-50000.0,103768.62,0.0,0.0,,-1550.0
2,17,5.0,7,20.62,54.79,38.82,-50000.0,141664.85,0.0,0.0,,-1550.0
2,18,5.0,7,18.26,31.53,24.7,-16910.32,15311.38,0.0,0.0,,-524.21992
2,19,5.0,7,15.91,24.7,22.51,0.0,0.0,0.0,0.0,,0.0
2,20,5.0,7,14.38,22.23,20.8,0.0,0.0,0.0,0.0,,0.0
2,21,5.0,7,13.09,20.29,19.1,0.0,0.0,0.0,0.0,,0.0
2,22,5.0,7,12.09,18.65,17.62,0.0,0.0,0.0,0.0,,0.0
2,23,5.0,7,11.2,17.18,16.28,0.0,0.0,0.0,0.0,,0.0
2,24,5.0,7,10.46,15.88,15.09,0.0,0.0,0.0,0.0,,0.0
2,1,6.0,7,9.75,14.68,13.98,0.0,0.0,0.0,-0.0,,0.0
2,2,6.0,7,9.21,13.64,13.03,0.0,0.0,0.0,-0.0,,0.0
2,3,6.0,7,8.71,12.69,12.15,0.0,0.0,0.0,-0.0,,0.0
2,4,6.0,7,8.32,11.86,11.39,0.0,0.0,0.0,-0.0,,0.0
2,5,6.0,7,7.74,11.0,10.57,0.0,0.0,0.0,-0.0,,0.0
2,6,6.0,7,6.96,10.05,9.68,0.0,0.0,0.0,-0.0,,0.0
2,7,6.0,7,6.38,9.22,8.9,0.0,0.0,0.0,-0.0,,0.0
2,8,6.0,7,5.59,11.63,19.7,28977.79,2171.51,449.64,0.0,,912.25033
2,9,6.0,7,6.7,13.54,19.7,19539.97,7891.06,0.0,0.0,,605.7390700000001
2,10,6.0,7,9.15,16.46,19.7,9272.27,13348.68,0.0,0.0,,287.44037
2,11,6.0,7,12.38,20.46,20.91,0.0,20622.36,0.0,0.0,,0.0
2,12,6.0,7,15.07,23.79,24.01,0.0,24887.48,0.0,0.0,,0.0
2,13,6.0,7,17.13,26.39,24.7,-6548.72,27312.42,0.0,0.0,,-203.01032
2,14,6.0,7,18.95,28.04,24.7,-11618.13,25505.3,0.0,0.0,,-360.16202999999996
2,15,6.0,7,19.89,36.53,24.7,-40634.55,64370.89,0.0,0.0,,-1259.6710500000002
2,16,6.0,7,20.48,45.58,30.23,-50000.0,103768.62,0.0,0.0,,-1550.0
2,17,6.0,7,20.01,54.01,38.1,-50000.0,141664.85,0.0,0.0,,-1550.0
2,18,6.0,7,18.07,31.1,24.7,-15534.26,15311.38,0.0,0.0,,-481.56206
2,19,6.0,7,16.03,24.4,22.32,0.0,0.0,0.0,0.0,,0.0
2,20,6.0,7,14.87,22.17,20.81,0.0,0.0,0.0,0.0,,0.0
2,21,6.0,7,14.0,20.54,19.41,0.0,0.0,0.0,0.0,,0.0
2,22,6.0,7,13.5,19.28,18.29,0.0,0.0,0.0,0.0,,0.0
2,23,6.0,7,12.8,18.03,17.17,0.0,0.0,0.0,0.0,,0.0
2,24,6.0,7,12.49,17.07,16.31,0.0,0.0,0.0,-0.0,,0.0
2,1,7.0,7,10.5,15.29,14.62,0.0,0.0,0.0,-0.0,,0.0
2,2,7.0,7,10.16,14.34,13.75,0.0,0.0,0.0,0.0,,0.0
2,3,7.0,7,9.62,13.4,12.88,0.0,0.0,0.0,-0.0,,0.0
2,4,7.0,7,9.05,12.5,12.04,0.0,0.0,0.0,-0.0,,0.0
2,5,7.0,7,8.5,11.65,11.25,0.0,0.0,0.0,-0.0,,0.0
2,6,7.0,7,7.93,10.83,10.48,0.0,0.0,0.0,-0.0,,0.0
2,7,7.0,7,7.35,10.04,9.72,0.0,0.0,0.0,-0.0,,0.0
2,8,7.0,7,6.81,12.68,19.7,25281.99,2171.51,1369.93,0.0,,826.20952
2,9,7.0,7,7.96,14.65,19.7,15972.09,7891.06,0.0,0.0,,495.13478999999995
2,10,7.0,7,10.34,17.54,19.7,5902.36,13348.68,0.0,0.0,,182.97316
2,11,7.0,7,13.6,21.58,21.89,0.0,20622.36,0.0,0.0,,0.0
2,12,7.0,7,16.78,25.25,24.7,-2497.37,24887.48,0.0,0.0,,-77.41847
2,13,7.0,7,19.68,28.49,24.7,-13485.81,27312.42,0.0,0.0,,-418.06011
2,14,7.0,7,21.09,29.93,24.7,-17398.12,25505.3,0.0,0.0,,-539.34172
2,15,7.0,7,21.87,38.34,24.7,-46075.55,64370.89,0.0,-2640.55,,-1510.1991
2,16,7.0,7,22.29,47.29,31.67,-50000.0,103768.62,0.0,0.0,,-1550.0
2,17,7.0,7,21.18,55.29,39.23,-50000.0,141664.85,0.0,0.0,,-1550.0
2,18,7.0,7,18.07,31.53,24.7,-16608.08,15311.38,0.0,0.0,,-514.8504800000001
2,19,7.0,7,15.61,24.65,22.37,0.0,0.0,0.0,0.0,,0.0
2,20,7.0,7,13.91,22.05,20.53,0.0,0.0,0.0,0.0,,0.0
2,21,7.0,7,12.51,20.0,18.73,0.0,0.0,0.0,0.0,,0.0
2,22,7.0,7,11.6,18.37,17.27,0.0,0.0,0.0,0.0,,0.0
2,23,7.0,7,10.84,16.95,15.98,0.0,0.0,0.0,0.0,,0.0
2,24,7.0,7,10.2,15.7,14.84,0.0,0.0,0.0,0.0,,0.0
2,1,1.0,7,9.64,14.57,13.82,0.0,0.0,0.0,-0.0,,0.0
2,2,1.0,7,9.12,13.54,12.89,0.0,0.0,0.0,-0.0,,0.0
2,3,1.0,7,8.64,12.61,12.03,0.0,0.0,0.0,-0.0,,0.0
2,4,1.0,7,8.13,11.72,11.21,0.0,0.0,0.0,-0.0,,0.0
2,5,1.0,7,7.62,10.88,10.42,0.0,0.0,0.0,-0.0,,0.0
2,6,1.0,7,7.17,10.11,9.71,0.0,0.0,0.0,-0.0,,0.0
2,7,1.0,7,6.88,9.48,9.12,0.0,0.0,0.0,0.0,,0.0
2,8,1.0,7,6.45,12.24,19.7,26911.56,2171.51,3146.15,0.0,,931.7890100000001
2,9,1.0,7,7.58,14.21,19.7,17429.29,7891.06,1707.13,0.0,,593.22902
2,10,1.0,7,10.07,17.19,19.7,7007.38,13348.68,0.0,0.0,,217.22878
2,11,1.0,7,13.5,21.36,21.71,0.0,20622.36,0.0,0.0,,0.0
2,12,1.0,7,16.52,24.95,24.7,-1475.65,24887.48,0.0,0.0,,-45.74515
2,13,1.0,7,19.47,28.21,24.7,-12658.5,27312.42,0.0,0.0,,-392.4135
2,14,1.0,7,21.44,30.06,24.7,-17995.42,25505.3,0.0,0.0,,-557.8580199999999
2,15,1.0,7,22.34,38.6,24.7,-46992.03,64370.89,0.0,-2158.9,,-1523.67883
2,16,1.0,7,22.03,47.08,31.44,-50000.0,103768.62,0.0,0.0,,-1550.0
2,17,1.0,7,20.66,54.87,38.81,-50000.0,141664.85,0.0,0.0,,-1550.0
2,18,1.0,7,17.6,31.12,24.7,-15203.77,15311.38,0.0,0.0,,-471.31687
2,19,1.0,7,15.13,24.25,22.04,0.0,0.0,0.0,0.0,,0.0
2,20,1.0,7,13.5,21.68,20.19,0.0,0.0,0.0,0.0,,0.0
2,21,1.0,7,12.2,19.68,18.43,0.0,0.0,0.0,0.0,,0.0
2,22,1.0,7,11.31,18.07,16.98,0.0,0.0,0.0,0.0,,0.0
2,23,1.0,7,10.63,16.7,15.74,0.0,0.0,0.0,0.0,,0.0
2,24,1.0,7,10.2,15.56,14.72,0.0,0.0,0.0,0.0,,0.0
2,1,2.0,7,9.86,14.58,13.84,0.0,0.0,0.0,0.0,,0.0
2,2,2.0,7,9.45,13.65,13.0,0.0,0.0,0.0,0.0,,0.0
2,3,2.0,7,8.86,12.69,12.11,0.0,0.0,0.0,-0.0,,0.0
2,4,2.0,7,8.4,11.84,11.33,0.0,0.0,0.0,-0.0,,0.0
2,5,2.0,7,8.0,11.08,10.64,0.0,0.0,0.0,0.0,,0.0
2,6,2.0,7,7.63,10.38,9.99,0.0,0.0,0.0,0.0,,0.0
2,7,2.0,7,7.23,9.72,9.37,0.0,0.0,0.0,0.0,,0.0
2,8,2.0,7,7.08,12.71,19.7,25236.52,2171.51,3488.86,0.0,,890.4867800000001
2,9,2.0,7,7.25,14.05,19.7,18127.92,7891.06,1505.31,0.0,,608.63013
2,10,2.0,7,8.77,16.3,19.7,10084.59,13348.68,0.0,0.0,,312.62228999999996
2,11,2.0,7,12.68,20.73,21.16,0.0,20622.36,0.0,0.0,,0.0
2,12,2.0,7,15.79,24.36,24.56,0.0,24887.48,0.0,0.0,,0.0
2,13,2.0,7,17.95,27.06,24.7,-8822.75,27312.42,0.0,0.0,,-273.50525
2,14,2.0,7,19.33,28.43,24.7,-12711.93,25505.3,0.0,0.0,,-394.06983
2,15,2.0,7,19.79,36.57,24.7,-40570.21,64370.89,0.0,-1997.64,,-1319.6033499999999
2,16,2.0,7,19.89,45.25,29.86,-50000.0,103768.62,0.0,0.0,,-1550.0
2,17,2.0,7,19.34,53.58,37.64,-50000.0,141664.85,0.0,0.0,,-1550.0
2,18,2.0,7,16.91,30.29,24.7,-12601.1,15311.38,0.0,0.0,,-390.63410000000005
2,19,2.0,7,14.82,23.62,21.65,0.0,0.0,0.0,0.0,,0.0
2,20,2.0,7,13.37,21.2,19.85,0.0,0.0,0.0,0.0,,0.0
2,21,2.0,7,11.88,19.15,18.02,0.0,0.0,0.0,0.0,,0.0
2,22,2.0,7,10.91,17.51,16.53,0.0,0.0,0.0,0.0,,0.0
2,23,2.0,7,10.5,16.3,15.44,0.0,0.0,0.0,0.0,,0.0
2,24,2.0,7,10.25,15.31,14.55,0.0,0.0,0.0,-0.0,,0.0
2,1,3.0,7,10.08,14.47,13.8,0.0,0.0,0.0,-0.0,,0.0
2,2,3.0,7,9.91,13.72,13.13,0.0,0.0,0.0,-0.0,,0.0
2,3,3.0,7,9.56,12.95,12.43,0.0,0.0,0.0,-0.0,,0.0
2,4,3.0,7,9.48,12.37,11.91,0.0,0.0,0.0,-0.0,,0.0
2,5,3.0,7,9.43,11.89,11.48,0.0,0.0,0.0,-0.0,,0.0
2,6,3.0,7,9.11,11.31,10.95,0.0,0.0,0.0,-0.0,,0.0
2,7,3.0,7,8.72,10.72,10.41,0.0,0.0,0.0,-0.0,,0.0
2,8,3.0,7,8.26,17.12,16.85,0.0,2171.51,0.0,0.0,,0.0
2,9,3.0,7,8.78,19.89,19.64,0.0,7891.06,0.0,0.0,,0.0
2,10,3.0,7,10.02,22.71,22.5,0.0,13348.68,0.0,0.0,,0.0
2,11,3.0,7,13.51,27.43,27.24,0.0,20622.36,0.0,0.0,,0.0
2,12,3.0,7,16.01,31.21,31.04,0.0,24887.48,0.0,0.0,,0.0
2,13,3.0,7,17.41,33.93,33.78,0.0,27312.42,0.0,0.0,,0.0
2,14,3.0,7,18.61,35.27,35.14,0.0,25505.3,0.0,0.0,,0.0
2,15,3.0,7,18.96,47.13,47.01,0.0,64370.89,0.0,0.0,,0.0
2,16,3.0,7,18.91,60.59,60.48,0.0,103768.62,0.0,0.0,,0.0
2,17,3.0,7,17.97,73.97,73.87,0.0,141664.85,0.0,0.0,,0.0
2,18,3.0,7,15.83,41.8,41.71,0.0,15311.38,0.0,-0.0,,0.0
2,19,3.0,7,13.35,26.27,26.2,0.0,0.0,0.0,-0.0,,0.0
2,20,3.0,7,11.74,22.33,22.27,0.0,0.0,0.0,-0.0,,0.0
2,21,3.0,7,10.66,20.04,19.98,0.0,0.0,0.0,0.0,,0.0
2,22,3.0,7,10.07,18.35,18.3,0.0,0.0,0.0,0.0,,0.0
2,23,3.0,7,9.65,16.94,16.9,0.0,0.0,0.0,-0.0,,0.0
2,24,3.0,7,9.14,15.63,15.59,0.0,0.0,0.0,-0.0,,0.0
2,1,4.0,7,8.74,14.48,14.44,0.0,0.0,0.0,-0.0,,0.0
2,2,4.0,7,8.63,13.59,13.56,0.0,0.0,0.0,-0.0,,0.0
2,3,4.0,7,8.42,12.76,12.73,0.0,0.0,0.0,-0.0,,0.0
2,4,4.0,7,8.19,12.0,11.97,0.0,0.0,0.0,-0.0,,0.0
2,5,4.0,7,7.96,11.3,11.28,0.0,0.0,0.0,-0.0,,0.0
2,6,4.0,7,7.47,10.52,10.5,0.0,0.0,0.0,-0.0,,0.0
2,7,4.0,7,7.14,9.86,9.84,0.0,0.0,0.0,-0.0,,0.0
2,8,4.0,7,6.85,16.27,16.25,0.0,2171.51,0.0,0.0,,0.0
2,9,4.0,7,7.6,19.09,19.08,0.0,7891.06,0.0,0.0,,0.0
2,10,4.0,7,10.04,22.55,22.53,0.0,13348.68,0.0,0.0,,0.0
2,11,4.0,7,13.53,27.33,27.32,0.0,20622.36,0.0,0.0,,0.0
2,12,4.0,7,16.61,31.45,31.44,0.0,24887.48,0.0,0.0,,0.0
2,13,4.0,7,19.01,34.78,34.77,0.0,27312.42,0.0,0.0,,0.0
2,14,4.0,7,20.88,36.63,36.62,0.0,25505.3,0.0,0.0,,0.0
2,15,4.0,7,21.86,48.97,48.97,0.0,64370.89,0.0,0.0,,0.0
2,16,4.0,7,22.78,63.13,63.12,0.0,103768.62,0.0,0.0,,0.0
2,17,4.0,7,21.82,76.7,76.69,0.0,141664.85,0.0,0.0,,0.0
2,18,4.0,7,19.51,44.58,44.58,0.0,15311.38,0.0,-0.0,,0.0
2,19,4.0,7,16.86,29.08,29.08,0.0,0.0,0.0,-0.0,,0.0
2,20,4.0,7,14.95,25.06,25.06,0.0,0.0,0.0,-0.0,,0.0
2,21,4.0,7,13.44,22.58,22.58,0.0,0.0,0.0,0.0,,0.0
2,22,4.0,7,12.25,20.58,20.58,0.0,0.0,0.0,-0.0,,0.0
2,23,4.0,7,11.6,19.02,19.02,0.0,0.0,0.0,-0.0,,0.0
2,24,4.0,7,11.1,17.68,17.68,0.0,0.0,0.0,-0.0,,0.0
2,1,5.0,7,10.67,16.5,16.5,0.0,0.0,0.0,-0.0,,0.0
2,2,5.0,7,10.3,15.46,15.45,0.0,0.0,0.0,-0.0,,0.0
2,3,5.0,7,9.82,14.44,14.44,0.0,0.0,0.0,-0.0,,0.0
2,4,5.0,7,9.3,13.47,13.47,0.0,0.0,0.0,-0.0,,0.0
2,5,5.0,7,8.84,12.59,12.59,0.0,0.0,0.0,-0.0,,0.0
2,6,5.0,7,8.42,11.79,11.79,0.0,0.0,0.0,-0.0,,0.0
2,7,5.0,7,7.96,11.01,11.01,0.0,0.0,0.0,-0.0,,0.0
2,8,5.0,7,7.45,13.54,19.7,21612.53,2171.51,0.0,0.0,,669.9884299999999
2,9,5.0,7,8.62,15.49,19.7,12801.71,7891.06,0.0,0.0,,396.8530099999999
2,10,5.0,7,11.36,18.61,19.7,2064.3,13348.68,0.0,0.0,,63.993300000000005
2,11,5.0,7,14.63,22.66,22.95,0.0,20622.36,0.0,0.0,,0.0
2,12,5.0,7,17.63,26.21,24.7,-5975.94,24887.48,0.0,0.0,,-185.25413999999998
2,13,5.0,7,19.92,29.0,24.7,-15107.76,27312.42,0.0,0.0,,-468.34056
2,14,5.0,7,21.51,30.52,24.7,-19344.49,25505.3,0.0,0.0,,-599.6791900000001
2,15,5.0,7,22.26,38.89,24.7,-47822.92,64370.89,0.0,-2197.45,,-1550.6314699999998
2,16,5.0,7,22.26,47.53,31.84,-50000.0,103768.62,0.0,0.0,,-1550.0
2,17,5.0,7,21.16,55.49,39.4,-50000.0,141664.85,0.0,0.0,,-1550.0
2,18,5.0,7,18.57,32.05,24.7,-18377.13,15311.38,0.0,0.0,,-569.6910300000001
2,19,5.0,7,16.17,25.24,22.85,0.0,0.0,0.0,0.0,,0.0
2,20,5.0,7,14.44,22.62,21.05,0.0,0.0,0.0,0.0,,0.0
2,21,5.0,7,13.58,20.87,19.56,0.0,0.0,0.0,0.0,,0.0
2,22,5.0,7,12.84,19.38,18.24,0.0,0.0,0.0,0.0,,0.0
2,23,5.0,7,12.26,18.09,17.1,0.0,0.0,0.0,0.0,,0.0
2,24,5.0,7,11.85,17.01,16.13,0.0,0.0,0.0,-0.0,,0.0
2,1,6.0,7,11.48,16.03,15.26,0.0,0.0,0.0,-0.0,,0.0
2,2,6.0,7,11.1,15.14,14.47,0.0,0.0,0.0,-0.0,,0.0
2,3,6.0,7,10.73,14.32,13.72,0.0,0.0,0.0,-0.0,,0.0
2,4,6.0,7,10.24,13.5,12.97,0.0,0.0,0.0,-0.0,,0.0
2,5,6.0,7,9.7,12.68,12.22,0.0,0.0,0.0,-0.0,,0.0
2,6,6.0,7,9.26,11.96,11.55,0.0,0.0,0.0,-0.0,,0.0
2,7,6.0,7,8.9,11.32,10.95,0.0,0.0,0.0,-0.0,,0.0
2,8,6.0,7,8.35,14.06,19.7,20540.61,2171.51,0.0,0.0,,636.75891
2,9,6.0,7,9.06,15.75,19.7,12614.98,7891.06,0.0,0.0,,391.06438
2,10,6.0,7,11.07,18.37,19.7,3485.25,13348.68,0.0,0.0,,108.04275
2,11,6.0,7,13.78,22.02,22.19,0.0,20622.36,0.0,0.0,,0.0
2,12,6.0,7,15.96,24.94,24.7,-1124.93,24887.48,0.0,0.0,,-34.87283
2,13,6.0,7,17.41,27.07,24.7,-8418.43,27312.42,0.0,0.0,,-260.97133
2,14,6.0,7,18.95,28.45,24.7,-12500.61,25505.3,0.0,0.0,,-387.51891
2,15,6.0,7,19.84,36.84,24.7,-41280.43,64370.89,0.0,0.0,,-1279.69333
2,16,6.0,7,19.82,45.42,29.95,-50000.0,103768.62,0.0,0.0,,-1550.0
2,17,6.0,7,19.03,53.54,37.54,-50000.0,141664.85,0.0,0.0,,-1550.0
2,18,6.0,7,16.69,30.27,24.7,-12358.52,15311.38,0.0,0.0,,-383.11412
2,19,6.0,7,14.43,23.55,21.53,0.0,0.0,0.0,0.0,,0.0
2,20,6.0,7,13.24,21.23,19.83,0.0,0.0,0.0,0.0,,0.0
2,21,6.0,7,12.24,19.45,18.27,0.0,0.0,0.0,0.0,,0.0
2,22,6.0,7,11.75,18.1,17.07,0.0,0.0,0.0,0.0,,0.0
2,23,6.0,7,11.44,16.99,16.09,0.0,0.0,0.0,0.0,,0.0
2,24,6.0,7,11.22,16.05,15.26,0.0,0.0,0.0,-0.0,,0.0
2,1,7.0,7,11.12,15.28,14.59,0.0,0.0,0.0,-0.0,,0.0
2,2,7.0,7,10.87,14.52,13.9,0.0,0.0,0.0,-0.0,,0.0
2,3,7.0,7,10.5,13.76,13.22,0.0,0.0,0.0,-0.0,,0.0
2,4,7.0,7,10.17,13.06,12.59,0.0,0.0,0.0,-0.0,,0.0
2,5,7.0,7,9.89,12.44,12.02,0.0,0.0,0.0,-0.0,,0.0
2,6,7.0,7,9.51,11.81,11.44,0.0,0.0,0.0,-0.0,,0.0
2,7,7.0,7,9.23,11.26,10.94,0.0,0.0,0.0,-0.0,,0.0
2,8,7.0,7,8.85,14.28,19.7,19694.27,2171.51,0.0,0.0,,610.52237
2,9,7.0,7,9.73,16.14,19.7,11265.15,7891.06,0.0,0.0,,349.21964999999994
2,10,7.0,7,11.61,18.72,19.7,2379.38,13348.68,0.0,0.0,,73.76078
2,11,7.0,7,14.52,22.52,22.66,0.0,20622.36,0.0,0.0,,0.0
2,12,7.0,7,16.94,25.65,24.7,-3589.69,24887.48,0.0,0.0,,-111.28039
2,13,7.0,7,18.73,28.06,24.7,-11629.96,27312.42,0.0,0.0,,-360.52876
2,14,7.0,7,19.76,29.14,24.7,-14548.35,25505.3,0.0,0.0,,-450.99885000000006
2,15,7.0,7,20.1,37.15,24.7,-42015.46,64370.89,0.0,-312.48,,-1312.16614
2,16,7.0,7,20.04,45.68,30.14,-50000.0,103768.62,0.0,0.0,,-1550.0
2,17,7.0,7,19.23,53.78,37.73,-50000.0,141664.85,0.0,0.0,,-1550.0
2,18,7.0,7,16.62,30.31,24.7,-12352.16,15311.38,0.0,0.0,,-382.91696
2,19,7.0,7,14.34,23.6,21.53,0.0,0.0,0.0,0.0,,0.0
2,20,7.0,7,12.81,21.08,19.64,0.0,0.0,0.0,0.0,,0.0
2,21,7.0,7,11.69,19.18,17.96,0.0,0.0,0.0,0.0,,0.0
2,22,7.0,7,10.96,17.66,16.6,0.0,0.0,0.0,0.0,,0.0
2,23,7.0,7,10.54,16.44,15.51,0.0,0.0,0.0,0.0,,0.0
2,24,7.0,7,10.09,15.33,14.51,0.0,0.0,0.0,0.0,,0.0
2,1,1.0,7,9.75,14.37,13.64,0.0,0.0,0.0,-0.0,,0.0
2,2,1.0,7,9.45,13.51,12.87,0.0,0.0,0.0,-0.0,,0.0
2,3,1.0,7,9.03,12.66,12.1,0.0,0.0,0.0,-0.0,,0.0
2,4,1.0,7,8.68,11.9,11.41,0.0,0.0,0.0,-0.0,,0.0
2,5,1.0,7,8.36,11.22,10.78,0.0,0.0,0.0,-0.0,,0.0
2,6,1.0,7,8.07,10.6,10.22,0.0,0.0,0.0,-0.0,,0.0
2,7,1.0,7,7.82,10.04,9.7,0.0,0.0,0.0,-0.0,,0.0
2,8,1.0,7,7.58,13.09,19.7,23909.04,2171.51,1439.96,0.0,,785.819
2,9,1.0,7,8.3,14.83,19.7,15516.41,7891.06,614.56,0.0,,500.06007
2,10,1.0,7,10.33,17.49,19.7,6202.11,13348.68,0.0,0.0,,192.26541
2,11,1.0,7,13.46,21.44,21.74,0.0,20622.36,0.0,0.0,,0.0
2,12,1.0,7,15.97,24.64,24.7,-288.86,24887.48,0.0,0.0,,-8.95466
2,13,1.0,7,17.81,27.09,24.7,-8760.35,27312.42,0.0,0.0,,-271.57085
2,14,1.0,7,18.89,28.21,24.7,-11842.48,25505.3,0.0,0.0,,-367.11688
2,15,1.0,7,19.23,36.24,24.7,-39383.64,64370.89,0.0,0.0,,-1220.89284
2,16,1.0,7,19.11,44.73,29.36,-50000.0,103768.62,0.0,0.0,,-1550.0
2,17,1.0,7,18.06,52.66,36.71,-50000.0,141664.85,0.0,0.0,,-1550.0
2,18,1.0,7,15.85,29.46,24.7,-9677.78,15311.38,0.0,0.0,,-300.01117999999997
2,19,1.0,7,13.66,22.79,20.95,0.0,0.0,0.0,0.0,,0.0
2,20,1.0,7,12.27,20.37,19.06,0.0,0.0,0.0,0.0,,0.0
2,21,1.0,7,11.12,18.48,17.37,0.0,0.0,0.0,0.0,,0.0
2,22,1.0,7,10.34,16.95,15.98,0.0,0.0,0.0,0.0,,0.0
2,23,1.0,7,9.87,15.71,14.87,0.0,0.0,0.0,0.0,,0.0
2,24,1.0,7,9.43,14.61,13.86,0.0,0.0,0.0,-0.0,,0.0
2,1,2.0,7,9.23,13.73,13.08,0.0,0.0,0.0,-0.0,,0.0
2,2,2.0,7,9.21,13.05,12.47,0.0,0.0,0.0,-0.0,,0.0
2,3,2.0,7,9.0,12.35,11.85,0.0,0.0,0.0,-0.0,,0.0
2,4,2.0,7,8.61,11.62,11.17,0.0,0.0,0.0,-0.0,,0.0
2,5,2.0,7,8.37,11.01,10.61,0.0,0.0,0.0,-0.0,,0.0
2,6,2.0,7,8.05,10.4,10.05,0.0,0.0,0.0,-0.0,,0.0
2,7,2.0,7,8.0,9.98,9.67,0.0,0.0,0.0,-0.0,,0.0
2,8,2.0,7,7.62,13.03,19.7,24054.62,2171.51,1016.21,0.0,,777.19573
2,9,2.0,7,8.97,15.21,19.7,14086.92,7891.06,0.0,0.0,,436.69452
2,10,2.0,7,11.27,18.12,19.7,4067.09,13348.68,0.0,0.0,,126.07979
2,11,2.0,7,14.34,22.08,22.32,0.0,20622.36,0.0,0.0,,0.0
2,12,2.0,7,16.98,25.41,24.7,-2925.32,24887.48,0.0,0.0,,-90.68492
2,13,2.0,7,18.76,27.86,24.7,-11152.57,27312.42,0.0,0.0,,-345.72967
2,14,2.0,7,19.86,29.01,24.7,-14315.09,25505.3,0.0,0.0,,-443.76779
2,15,2.0,7,20.38,37.19,24.7,-42321.33,64370.89,0.0,-2698.67,,-1395.62
2,16,2.0,7,20.42,45.83,30.32,-50000.0,103768.62,0.0,0.0,,-1550.0
2,17,2.0,7,19.5,53.89,37.87,-50000.0,141664.85,0.0,0.0,,-1550.0
2,18,2.0,7,16.91,30.44,24.7,-12936.31,15311.38,0.0,0.0,,-401.02561
2,19,2.0,7,14.6,23.68,21.62,0.0,0.0,0.0,0.0,,0.0
2,20,2.0,7,12.98,21.14,19.71,0.0,0.0,0.0,0.0,,0.0
2,21,2.0,7,12.07,19.36,18.16,0.0,0.0,0.0,0.0,,0.0
2,22,2.0,7,11.41,17.91,16.86,0.0,0.0,0.0,0.0,,0.0
2,23,2.0,7,10.65,16.53,15.62,0.0,0.0,0.0,0.0,,0.0
2,24,2.0,7,10.08,15.34,14.54,0.0,0.0,0.0,0.0,,0.0
2,1,3.0,7,9.49,14.23,13.53,0.0,0.0,0.0,0.0,,0.0
2,2,3.0,7,9.07,13.29,12.66,0.0,0.0,0.0,0.0,,0.0
2,3,3.0,7,8.64,12.41,11.86,0.0,0.0,0.0,0.0,,0.0
2,4,3.0,7,8.25,11.61,11.13,0.0,0.0,0.0,0.0,,0.0
2,5,3.0,7,7.83,10.86,10.43,0.0,0.0,0.0,0.0,,0.0
2,6,3.0,7,7.2,10.02,9.65,0.0,0.0,0.0,0.0,,0.0
2,7,3.0,7,7.3,9.61,9.28,0.0,0.0,0.0,0.0,,0.0
2,8,3.0,7,7.08,16.12,15.82,0.0,2171.51,0.0,0.0,,0.0
2,9,3.0,7,8.75,19.5,19.24,0.0,7891.06,0.0,0.0,,0.0
2,10,3.0,7,11.36,23.16,22.93,0.0,13348.68,0.0,0.0,,0.0
2,11,3.0,7,14.8,28.01,27.8,0.0,20622.36,0.0,0.0,,0.0
2,12,3.0,7,18.12,32.33,32.15,0.0,24887.48,0.0,0.0,,0.0
2,13,3.0,7,20.71,35.85,35.7,0.0,27312.42,0.0,0.0,,0.0
2,14,3.0,7,22.58,37.79,37.65,0.0,25505.3,0.0,0.0,,0.0
2,15,3.0,7,23.36,50.09,49.96,0.0,64370.89,0.0,0.0,,0.0
2,16,3.0,7,23.41,63.81,63.7,0.0,103768.62,0.0,0.0,,0.0
2,17,3.0,7,22.12,77.16,77.07,0.0,141664.85,0.0,0.0,,0.0
2,18,3.0,7,18.79,44.45,44.37,0.0,15311.38,0.0,-0.0,,0.0
2,19,3.0,7,16.34,28.94,28.87,0.0,0.0,0.0,-0.0,,0.0
2,20,3.0,7,14.15,24.72,24.65,0.0,0.0,0.0,-0.0,,0.0
2,21,3.0,7,12.84,22.28,22.22,0.0,0.0,0.0,0.0,,0.0
2,22,3.0,7,12.13,20.51,20.45,0.0,0.0,0.0,0.0,,0.0
2,23,3.0,7,11.54,18.99,18.94,0.0,0.0,0.0,0.0,,0.0
2,24,3.0,7,11.14,17.71,17.67,0.0,0.0,0.0,0.0,,0.0
2,1,4.0,7,10.7,16.53,16.49,0.0,0.0,0.0,0.0,,0.0
2,2,4.0,7,10.34,15.49,15.45,0.0,0.0,0.0,0.0,,0.0
2,3,4.0,7,9.89,14.49,14.46,0.0,0.0,0.0,0.0,,0.0
2,4,4.0,7,9.38,13.53,13.51,0.0,0.0,0.0,0.0,,0.0
2,5,4.0,7,8.9,12.64,12.62,0.0,0.0,0.0,0.0,,0.0
2,6,4.0,7,8.41,11.8,11.78,0.0,0.0,0.0,0.0,,0.0
2,7,4.0,7,8.23,11.17,11.15,0.0,0.0,0.0,0.0,,0.0
2,8,4.0,7,7.86,17.52,17.5,0.0,2171.51,0.0,0.0,,0.0
2,9,4.0,7,8.84,20.44,20.42,0.0,7891.06,0.0,0.0,,0.0
2,10,4.0,7,11.17,23.82,23.81,0.0,13348.68,0.0,0.0,,0.0
2,11,4.0,7,13.6,28.0,27.99,0.0,20622.36,0.0,0.0,,0.0
2,12,4.0,7,15.49,31.36,31.35,0.0,24887.48,0.0,0.0,,0.0
2,13,4.0,7,17.07,34.07,34.06,0.0,27312.42,0.0,0.0,,0.0
2,14,4.0,7,17.24,34.8,34.8,0.0,25505.3,0.0,0.0,,0.0
2,15,4.0,7,17.58,46.51,46.5,0.0,64370.89,0.0,0.0,,0.0
2,16,4.0,7,17.64,59.93,59.92,0.0,103768.62,0.0,0.0,,0.0
2,17,4.0,7,17.48,73.66,73.66,0.0,141664.85,0.0,0.0,,0.0
2,18,4.0,7,15.88,41.79,41.78,0.0,15311.38,0.0,-0.0,,0.0
2,19,4.0,7,13.71,26.46,26.46,0.0,0.0,0.0,-0.0,,0.0
2,20,4.0,7,12.74,22.91,22.91,0.0,0.0,0.0,-0.0,,0.0
2,21,4.0,7,11.7,20.72,20.72,0.0,0.0,0.0,0.0,,0.0
2,22,4.0,7,10.61,18.81,18.8,0.0,0.0,0.0,0.0,,0.0
2,23,4.0,7,10.49,17.56,17.56,0.0,0.0,0.0,0.0,,0.0
2,24,4.0,7,10.39,16.51,16.51,0.0,0.0,0.0,-0.0,,0.0
2,1,5.0,7,10.07,15.47,15.47,0.0,0.0,0.0,-0.0,,0.0
2,2,5.0,7,9.69,14.48,14.48,0.0,0.0,0.0,-0.0,,0.0
2,3,5.0,7,9.23,13.53,13.53,0.0,0.0,0.0,-0.0,,0.0
2,4,5.0,7,9.08,12.81,12.81,0.0,0.0,0.0,-0.0,,0.0
2,5,5.0,7,8.76,12.07,12.07,0.0,0.0,0.0,-0.0,,0.0
2,6,5.0,7,9.06,11.72,11.72,0.0,0.0,0.0,-0.0,,0.0
2,7,5.0,7,8.87,11.21,11.21,0.0,0.0,0.0,-0.0,,0.0
2,8,5.0,7,8.91,14.41,19.7,18561.28,2171.51,0.0,0.0,,575.39968
2,9,5.0,7,8.8,15.58,19.7,12762.81,7891.06,0.0,0.0,,395.64711
2,10,5.0,7,10.31,17.82,19.7,4892.17,13348.68,0.0,0.0,,151.65726999999998
2,11,5.0,7,13.33,21.64,21.98,0.0,20622.36,0.0,0.0,,0.0
2,12,5.0,7,16.44,25.21,24.7,-2513.67,24887.48,0.0,0.0,,-77.92377
2,13,5.0,7,18.66,27.93,24.7,-11667.38,27312.42,0.0,0.0,,-361.68877999999995
2,14,5.0,7,20.04,29.28,24.7,-15398.73,25505.3,0.0,0.0,,-477.36063
2,15,5.0,7,20.32,37.28,24.7,-42715.61,64370.89,0.0,0.0,,-1324.18391
2,16,5.0,7,20.41,45.93,30.44,-50000.0,103768.62,0.0,0.0,,-1550.0
2,17,5.0,7,19.99,54.32,38.33,-50000.0,141664.85,0.0,0.0,,-1550.0
2,18,5.0,7,17.6,31.04,24.7,-15122.71,15311.38,0.0,0.0,,-468.80400999999995
2,19,5.0,7,16.09,24.71,22.58,0.0,0.0,0.0,0.0,,0.0
2,20,5.0,7,15.2,22.64,21.21,0.0,0.0,0.0,0.0,,0.0
2,21,5.0,7,14.82,21.27,20.08,0.0,0.0,0.0,0.0,,0.0
2,22,5.0,7,13.89,19.8,18.77,0.0,0.0,0.0,0.0,,0.0
2,23,5.0,7,13.65,18.78,17.87,0.0,0.0,0.0,0.0,,0.0
2,24,5.0,7,13.51,17.94,17.14,0.0,0.0,0.0,0.0,,0.0
2,1,6.0,7,13.38,17.21,16.5,0.0,0.0,0.0,-0.0,,0.0
2,2,6.0,7,12.78,16.3,15.68,0.0,0.0,0.0,-0.0,,0.0
2,3,6.0,7,12.15,15.39,14.85,0.0,0.0,0.0,-0.0,,0.0
2,4,6.0,7,11.58,14.56,14.08,0.0,0.0,0.0,-0.0,,0.0
2,5,6.0,7,11.09,13.8,13.38,0.0,0.0,0.0,-0.0,,0.0
2,6,6.0,7,10.64,13.11,12.73,0.0,0.0,0.0,-0.0,,0.0
2,7,6.0,7,10.21,12.45,12.12,0.0,0.0,0.0,-0.0,,0.0
2,8,6.0,7,9.57,15.2,19.7,16474.87,2171.51,0.0,0.0,,510.72096999999997
2,9,6.0,7,9.64,16.46,19.7,10450.61,7891.06,0.0,0.0,,323.96891000000005
2,10,6.0,7,10.61,18.32,19.7,3925.44,13348.68,0.0,0.0,,121.68863999999999
2,11,6.0,7,12.82,21.53,21.69,0.0,20622.36,0.0,0.0,,0.0
2,12,6.0,7,14.91,24.31,24.38,0.0,24887.48,0.0,0.0,,0.0
2,13,6.0,7,16.66,26.58,24.7,-6764.32,27312.42,0.0,0.0,,-209.69392
2,14,6.0,7,17.59,27.51,24.7,-9356.53,25505.3,0.0,0.0,,-290.05243
2,15,6.0,7,17.47,35.13,24.7,-35588.23,64370.89,0.0,-172.28,,-1108.57581
2,16,6.0,7,16.92,43.22,27.93,-50000.0,103768.62,0.0,-143.79,,-1554.45749
2,17,6.0,7,16.38,51.4,35.47,-50000.0,141664.85,0.0,0.0,,-1550.0
2,18,6.0,7,15.26,28.9,24.7,-7762.13,15311.38,0.0,0.0,,-240.62603
2,19,6.0,7,14.0,22.8,21.06,0.0,0.0,0.0,0.0,,0.0
2,20,6.0,7,12.99,20.66,19.39,0.0,0.0,0.0,0.0,,0.0
2,21,6.0,7,12.1,18.98,17.91,0.0,0.0,0.0,0.0,,0.0
2,22,6.0,7,11.5,17.62,16.68,0.0,0.0,0.0,0.0,,0.0
2,23,6.0,7,10.74,16.3,15.48,0.0,0.0,0.0,0.0,,0.0
2,24,6.0,7,10.18,15.16,14.44,0.0,0.0,0.0,-0.0,,0.0
2,1,7.0,7,9.61,14.1,13.46,0.0,0.0,0.0,-0.0,,0.0
2,2,7.0,7,9.18,13.18,12.62,0.0,0.0,0.0,-0.0,,0.0
2,3,7.0,7,8.87,12.4,11.9,0.0,0.0,0.0,-0.0,,0.0
2,4,7.0,7,8.59,11.7,11.26,0.0,0.0,0.0,-0.0,,0.0
2,5,7.0,7,8.54,11.18,10.79,0.0,0.0,0.0,-0.0,,0.0
2,6,7.0,7,8.44,10.7,10.36,0.0,0.0,0.0,-0.0,,0.0
2,7,7.0,7,8.06,10.11,9.81,0.0,0.0,0.0,-0.0,,0.0
2,8,7.0,7,7.27,12.84,19.7,24699.62,2171.51,1301.02,0.0,,806.0198399999999
2,9,7.0,7,8.91,15.19,19.7,14080.18,7891.06,0.0,0.0,,436.48558
2,10,7.0,7,11.29,18.16,19.7,3902.23,13348.68,0.0,0.0,,120.96913
2,11,7.0,7,14.51,22.22,22.47,0.0,20622.36,0.0,0.0,,0.0
2,12,7.0,7,17.53,25.82,24.7,-4382.59,24887.48,0.0,0.0,,-135.86029000000002
2,13,7.0,7,19.82,28.65,24.7,-13812.25,27312.42,0.0,0.0,,-428.17975
2,14,7.0,7,21.58,30.32,24.7,-18613.18,25505.3,0.0,0.0,,-577.0085799999999
2,15,7.0,7,22.18,38.62,24.7,-46855.2,64370.89,0.0,-3967.5,,-1575.5037
2,16,7.0,7,22.27,47.35,31.66,-50000.0,103768.62,0.0,0.0,,-1550.0
2,17,7.0,7,21.03,55.24,39.14,-50000.0,141664.85,0.0,0.0,,-1550.0
2,18,7.0,7,18.48,31.84,24.7,-17602.92,15311.38,0.0,0.0,,-545.6905199999999
2,19,7.0,7,15.78,24.83,22.47,0.0,0.0,0.0,0.0,,0.0
2,20,7.0,7,13.89,22.12,20.55,0.0,0.0,0.0,0.0,,0.0
2,21,7.0,7,12.4,20.0,18.69,0.0,0.0,0.0,0.0,,0.0
2,22,7.0,7,11.36,18.28,17.14,0.0,0.0,0.0,0.0,,0.0
2,23,7.0,7,10.45,16.76,15.76,0.0,0.0,0.0,0.0,,0.0
2,24,7.0,7,9.84,15.48,14.61,0.0,0.0,0.0,0.0,,0.0
2,1,1.0,8,9.2,14.3,13.52,0.0,0.0,0.0,-0.0,,0.0
2,2,1.0,8,8.78,13.3,12.62,0.0,0.0,0.0,-0.0,,0.0
2,3,1.0,8,8.32,12.37,11.77,0.0,0.0,0.0,-0.0,,0.0
2,4,1.0,8,7.89,11.51,10.99,0.0,0.0,0.0,-0.0,,0.0
2,5,1.0,8,7.4,10.68,10.21,0.0,0.0,0.0,-0.0,,0.0
2,6,1.0,8,7.11,10.0,9.59,0.0,0.0,0.0,-0.0,,0.0
2,7,1.0,8,6.56,9.24,8.87,0.0,4.38,0.0,-0.0,,0.0
2,8,1.0,8,6.18,11.79,19.95,29369.03,1016.93,2696.49,0.0,,994.0311199999999
2,9,1.0,8,7.1,13.56,19.95,20356.52,6577.02,2370.52,0.0,,704.53824
2,10,1.0,8,9.57,17.49,19.95,6478.11,17465.97,0.0,0.0,,200.82141000000001
2,11,1.0,8,12.77,21.65,22.01,0.0,25006.67,0.0,0.0,,0.0
2,12,1.0,8,15.51,25.15,24.95,-1381.21,29710.56,0.0,0.0,,-42.81751
2,13,1.0,8,17.88,28.06,24.95,-11323.6,32240.19,0.0,0.0,,-351.0316
2,14,1.0,8,19.78,30.27,24.95,-18035.97,32715.56,0.0,0.0,,-559.1150700000001
2,15,1.0,8,21.25,40.85,26.12,-50000.0,80191.65,0.0,-2533.71,,-1628.54501
2,16,1.0,8,21.8,52.92,37.23,-50000.0,134417.43,0.0,0.0,,-1550.0
2,17,1.0,8,21.04,59.48,43.41,-50000.0,160672.98,0.0,0.0,,-1550.0
2,18,1.0,8,18.56,48.65,32.29,-50000.0,100949.46,0.0,0.0,,-1550.0
2,19,1.0,8,15.69,28.41,24.54,0.0,0.0,0.0,0.0,,0.0
2,20,1.0,8,13.75,24.46,22.41,0.0,0.0,0.0,0.0,,0.0
2,21,1.0,8,12.59,22.08,20.46,0.0,0.0,0.0,0.0,,0.0
2,22,1.0,8,11.72,20.2,18.8,0.0,0.0,0.0,0.0,,0.0
2,23,1.0,8,11.56,18.88,17.66,0.0,0.0,0.0,0.0,,0.0
2,24,1.0,8,11.51,17.81,16.74,0.0,0.0,0.0,0.0,,0.0
2,1,2.0,8,10.96,16.62,15.67,0.0,0.0,0.0,0.0,,0.0
2,2,2.0,8,10.24,15.39,14.56,0.0,0.0,0.0,-0.0,,0.0
2,3,2.0,8,9.67,14.31,13.58,0.0,0.0,0.0,-0.0,,0.0
2,4,2.0,8,9.3,13.42,12.77,0.0,0.0,0.0,-0.0,,0.0
2,5,2.0,8,9.11,12.69,12.12,0.0,0.0,0.0,-0.0,,0.0
2,6,2.0,8,9.12,12.15,11.65,0.0,0.0,0.0,-0.0,,0.0
2,7,2.0,8,9.06,11.65,11.21,0.0,4.38,0.0,-0.0,,0.0
2,8,2.0,8,8.57,14.18,19.95,21171.74,1016.93,0.0,0.0,,656.3239400000001
2,9,2.0,8,8.8,15.47,19.95,14560.5,6577.02,0.0,0.0,,451.3755
2,10,2.0,8,10.91,19.11,19.95,1708.75,17465.97,0.0,0.0,,52.97125
2,11,2.0,8,13.57,22.83,22.95,0.0,25006.67,0.0,0.0,,0.0
2,12,2.0,8,15.79,25.91,24.95,-3547.1,29710.56,0.0,0.0,,-109.9601
2,13,2.0,8,17.76,28.46,24.95,-12120.82,32240.19,0.0,0.0,,-375.74541999999997
2,14,2.0,8,18.87,30.04,24.95,-16747.23,32715.56,0.0,0.0,,-519.16413
2,15,2.0,8,19.48,39.91,25.11,-50000.0,80191.65,0.0,-3218.84,,-1649.7840399999998
2,16,2.0,8,19.21,51.28,35.5,-50000.0,134417.43,0.0,0.0,,-1550.0
2,17,2.0,8,18.15,57.47,41.33,-50000.0,160672.98,0.0,0.0,,-1550.0
2,18,2.0,8,16.22,46.89,30.47,-50000.0,100949.46,0.0,0.0,,-1550.0
2,19,2.0,8,14.09,27.2,23.26,0.0,0.0,0.0,0.0,,0.0
2,20,2.0,8,12.39,23.39,21.27,0.0,0.0,0.0,0.0,,0.0
2,21,2.0,8,11.55,21.16,19.48,0.0,0.0,0.0,0.0,,0.0
2,22,2.0,8,10.72,19.3,17.85,0.0,0.0,0.0,0.0,,0.0
2,23,2.0,8,10.09,17.72,16.45,0.0,0.0,0.0,0.0,,0.0
2,24,2.0,8,9.65,16.39,15.27,0.0,0.0,0.0,0.0,,0.0
2,1,3.0,8,9.31,15.24,14.25,0.0,0.0,0.0,-0.0,,0.0
2,2,3.0,8,9.04,14.23,13.37,0.0,0.0,0.0,-0.0,,0.0
2,3,3.0,8,8.74,13.31,12.55,0.0,0.0,0.0,-0.0,,0.0
2,4,3.0,8,8.5,12.51,11.84,0.0,0.0,0.0,-0.0,,0.0
2,5,3.0,8,8.28,11.79,11.19,0.0,0.0,0.0,-0.0,,0.0
2,6,3.0,8,7.91,11.05,10.52,0.0,0.0,0.0,-0.0,,0.0
2,7,3.0,8,7.79,10.49,10.03,0.0,4.38,0.0,-0.0,,0.0
2,8,3.0,8,7.25,16.47,16.06,0.0,1016.93,0.0,0.0,,0.0
2,9,3.0,8,8.49,19.45,19.09,0.0,6577.02,0.0,0.0,,0.0
2,10,3.0,8,10.48,24.14,23.82,0.0,17465.97,0.0,0.0,,0.0
2,11,3.0,8,14.32,29.39,29.11,0.0,25006.67,0.0,0.0,,0.0
2,12,3.0,8,17.78,33.97,33.73,0.0,29710.56,0.0,0.0,,0.0
2,13,3.0,8,20.45,37.64,37.42,0.0,32240.19,0.0,0.0,,0.0
2,14,3.0,8,22.03,40.11,39.92,0.0,32715.56,0.0,0.0,,0.0
2,15,3.0,8,23.05,55.06,54.88,0.0,80191.65,0.0,0.0,,0.0
2,16,3.0,8,22.81,73.22,73.07,0.0,134417.43,0.0,0.0,,0.0
2,17,3.0,8,21.7,84.41,84.28,0.0,160672.98,0.0,0.0,,0.0
2,18,3.0,8,19.47,70.73,70.61,0.0,100949.46,0.0,0.0,,0.0
2,19,3.0,8,16.65,34.82,34.71,0.0,0.0,0.0,-0.0,,0.0
2,20,3.0,8,14.73,28.54,28.45,0.0,0.0,0.0,-0.0,,0.0
2,21,3.0,8,13.31,25.41,25.33,0.0,0.0,0.0,0.0,,0.0
2,22,3.0,8,12.25,23.07,23.0,0.0,0.0,0.0,0.0,,0.0
2,23,3.0,8,11.3,21.03,20.96,0.0,0.0,0.0,0.0,,0.0
2,24,3.0,8,10.63,19.3,19.24,0.0,0.0,0.0,-0.0,,0.0
2,1,4.0,8,10.1,17.8,17.75,0.0,0.0,0.0,-0.0,,0.0
2,2,4.0,8,9.61,16.45,16.41,0.0,0.0,0.0,-0.0,,0.0
2,3,4.0,8,9.18,15.26,15.21,0.0,0.0,0.0,-0.0,,0.0
2,4,4.0,8,8.81,14.19,14.15,0.0,0.0,0.0,-0.0,,0.0
2,5,4.0,8,8.4,13.19,13.16,0.0,0.0,0.0,-0.0,,0.0
2,6,4.0,8,7.96,12.25,12.22,0.0,0.0,0.0,-0.0,,0.0
2,7,4.0,8,7.57,11.41,11.38,0.0,4.38,0.0,-0.0,,0.0
2,8,4.0,8,6.93,17.18,17.16,0.0,1016.93,0.0,0.0,,0.0
2,9,4.0,8,7.58,19.7,19.68,0.0,6577.02,0.0,0.0,,0.0
2,10,4.0,8,9.45,24.18,24.16,0.0,17465.97,0.0,0.0,,0.0
2,11,4.0,8,13.25,29.26,29.25,0.0,25006.67,0.0,0.0,,0.0
2,12,4.0,8,16.09,33.39,33.38,0.0,29710.56,0.0,0.0,,0.0
2,13,4.0,8,18.02,36.5,36.49,0.0,32240.19,0.0,0.0,,0.0
2,14,4.0,8,19.45,38.71,38.7,0.0,32715.56,0.0,0.0,,0.0
2,15,4.0,8,20.43,53.47,53.46,0.0,80191.65,0.0,0.0,,0.0
2,16,4.0,8,20.53,71.69,71.68,0.0,134417.43,0.0,0.0,,0.0
2,17,4.0,8,19.61,82.9,82.9,0.0,160672.98,0.0,0.0,,0.0
2,18,4.0,8,17.77,69.38,69.37,0.0,100949.46,0.0,0.0,,0.0
2,19,4.0,8,15.47,33.72,33.72,0.0,0.0,0.0,-0.0,,0.0
2,20,4.0,8,13.88,27.63,27.63,0.0,0.0,0.0,-0.0,,0.0
2,21,4.0,8,12.74,24.69,24.68,0.0,0.0,0.0,0.0,,0.0
2,22,4.0,8,12.19,22.66,22.65,0.0,0.0,0.0,0.0,,0.0
2,23,4.0,8,11.62,20.89,20.88,0.0,0.0,0.0,0.0,,0.0
2,24,4.0,8,11.14,19.34,19.33,0.0,0.0,0.0,-0.0,,0.0
2,1,5.0,8,10.97,18.1,18.1,0.0,0.0,0.0,-0.0,,0.0
2,2,5.0,8,10.87,17.06,17.05,0.0,0.0,0.0,-0.0,,0.0
2,3,5.0,8,10.67,16.08,16.08,0.0,0.0,0.0,-0.0,,0.0
2,4,5.0,8,10.4,15.17,15.17,0.0,0.0,0.0,-0.0,,0.0
2,5,5.0,8,10.17,14.35,14.35,0.0,0.0,0.0,-0.0,,0.0
2,6,5.0,8,9.76,13.52,13.52,0.0,0.0,0.0,-0.0,,0.0
2,7,5.0,8,9.62,12.88,12.87,0.0,4.38,0.0,-0.0,,0.0
2,8,5.0,8,8.96,15.02,19.95,17283.01,1016.93,0.0,0.0,,535.7733099999999
2,9,5.0,8,9.58,16.51,19.95,10477.21,6577.02,0.0,0.0,,324.79350999999997
2,10,5.0,8,11.05,19.68,20.09,0.0,17465.97,0.0,0.0,,0.0
2,11,5.0,8,13.7,23.33,23.52,0.0,25006.67,0.0,0.0,,0.0
2,12,5.0,8,15.72,26.21,24.95,-4944.75,29710.56,0.0,0.0,,-153.28725
2,13,5.0,8,17.26,28.41,24.95,-12126.02,32240.19,0.0,0.0,,-375.90662
2,14,5.0,8,18.39,29.93,24.95,-16583.22,32715.56,0.0,0.0,,-514.07982
2,15,5.0,8,18.3,39.26,24.95,-48506.56,80191.65,0.0,-2388.06,,-1577.7332199999998
2,16,5.0,8,18.43,50.82,35.13,-50000.0,134417.43,0.0,0.0,,-1550.0
2,17,5.0,8,17.53,57.09,41.01,-50000.0,160672.98,0.0,0.0,,-1550.0
2,18,5.0,8,15.67,46.52,30.16,-50000.0,100949.46,0.0,0.0,,-1550.0
2,19,5.0,8,13.64,26.94,23.06,0.0,0.0,0.0,0.0,,0.0
2,20,5.0,8,12.02,23.17,21.1,0.0,0.0,0.0,0.0,,0.0
2,21,5.0,8,11.29,20.99,19.36,0.0,0.0,0.0,0.0,,0.0
2,22,5.0,8,10.96,19.4,17.99,0.0,0.0,0.0,0.0,,0.0
2,23,5.0,8,10.37,17.87,16.64,0.0,0.0,0.0,0.0,,0.0
2,24,5.0,8,10.2,16.71,15.63,0.0,0.0,0.0,0.0,,0.0
2,1,6.0,8,9.95,15.65,14.7,0.0,0.0,0.0,0.0,,0.0
2,2,6.0,8,10.0,14.85,14.02,0.0,0.0,0.0,-0.0,,0.0
2,3,6.0,8,9.93,14.12,13.38,0.0,0.0,0.0,-0.0,,0.0
2,4,6.0,8,9.71,13.38,12.73,0.0,0.0,0.0,-0.0,,0.0
2,5,6.0,8,9.47,12.69,12.12,0.0,0.0,0.0,-0.0,,0.0
2,6,6.0,8,9.37,12.14,11.64,0.0,0.0,0.0,-0.0,,0.0
2,7,6.0,8,9.39,11.72,11.27,0.0,4.38,0.0,-0.0,,0.0
2,8,6.0,8,9.15,14.52,19.95,19984.67,1016.93,0.0,0.0,,619.5247699999999
2,9,6.0,8,9.61,16.02,19.95,12759.2,6577.02,0.0,0.0,,395.53520000000003
2,10,6.0,8,10.68,18.98,19.95,2373.26,17465.97,0.0,0.0,,73.57106000000002
2,11,6.0,8,12.4,22.01,22.12,0.0,25006.67,0.0,0.0,,0.0
2,12,6.0,8,13.64,24.33,24.38,0.0,29710.56,664.34,0.0,,20.594540000000002
2,13,6.0,8,14.89,26.28,24.95,-4755.94,32240.19,0.0,0.0,,-147.43413999999999
2,14,6.0,8,15.83,27.62,24.95,-9017.45,32715.56,0.0,0.0,,-279.54095
2,15,6.0,8,17.21,37.93,24.95,-44590.8,80191.65,0.0,-3408.34,,-1487.97334
2,16,6.0,8,17.43,49.62,34.1,-50000.0,134417.43,0.0,0.0,,-1550.0
2,17,6.0,8,16.86,56.14,40.14,-50000.0,160672.98,0.0,0.0,,-1550.0
2,18,6.0,8,15.21,45.77,29.47,-50000.0,100949.46,0.0,0.0,,-1550.0
2,19,6.0,8,13.43,26.27,22.47,0.0,0.0,0.0,0.0,,0.0
2,20,6.0,8,12.18,22.74,20.75,0.0,0.0,0.0,0.0,,0.0
2,21,6.0,8,11.28,20.56,18.99,0.0,0.0,0.0,0.0,,0.0
2,22,6.0,8,10.29,18.65,17.3,0.0,0.0,0.0,0.0,,0.0
2,23,6.0,8,9.96,17.27,16.08,0.0,0.0,0.0,0.0,,0.0
2,24,6.0,8,9.79,16.13,15.09,0.0,0.0,0.0,0.0,,0.0
2,1,7.0,8,9.53,15.08,14.17,0.0,0.0,0.0,-0.0,,0.0
2,2,7.0,8,9.43,14.22,13.42,0.0,0.0,0.0,-0.0,,0.0
2,3,7.0,8,9.21,13.4,12.69,0.0,0.0,0.0,-0.0,,0.0
2,4,7.0,8,8.98,12.66,12.03,0.0,0.0,0.0,-0.0,,0.0
2,5,7.0,8,8.82,12.01,11.46,0.0,0.0,0.0,-0.0,,0.0
2,6,7.0,8,8.63,11.41,10.93,0.0,0.0,0.0,0.0,,0.0
2,7,7.0,8,8.39,10.84,10.41,0.0,4.38,0.0,0.0,,0.0
2,8,7.0,8,7.93,13.44,19.95,23732.74,1016.93,3743.41,0.0,,851.76065
2,9,7.0,8,9.25,15.5,19.95,14193.18,6577.02,0.0,0.0,,439.98858
2,10,7.0,8,11.6,19.39,19.95,657.97,17465.97,0.0,0.0,,20.39707
2,11,7.0,8,14.8,23.56,23.67,0.0,25006.67,0.0,0.0,,0.0
2,12,7.0,8,17.75,27.22,24.95,-8184.2,29710.56,0.0,0.0,,-253.7102
2,13,7.0,8,20.02,30.1,24.95,-17452.32,32240.19,0.0,0.0,,-541.02192
2,14,7.0,8,21.66,32.14,24.95,-23518.42,32715.56,0.0,0.0,,-729.0710199999999
2,15,7.0,8,22.28,42.13,27.09,-50000.0,80191.65,0.0,-3079.76,,-1645.4725600000002
2,16,7.0,8,22.12,53.66,37.77,-50000.0,134417.43,0.0,0.0,,-1550.0
2,17,7.0,8,21.02,59.9,43.67,-50000.0,160672.98,0.0,0.0,,-1550.0
2,18,7.0,8,18.71,49.11,32.62,-50000.0,100949.46,0.0,0.0,,-1550.0
2,19,7.0,8,16.2,29.14,25.11,0.0,0.0,0.0,0.0,,0.0
2,20,7.0,8,14.66,25.41,23.21,0.0,0.0,0.0,0.0,,0.0
2,21,7.0,8,13.4,22.99,21.24,0.0,0.0,0.0,0.0,,0.0
2,22,7.0,8,12.63,21.14,19.63,0.0,0.0,0.0,0.0,,0.0
2,23,7.0,8,11.99,19.57,18.24,0.0,0.0,0.0,0.0,,0.0
2,24,7.0,8,11.43,18.17,17.01,0.0,0.0,0.0,0.0,,0.0
2,1,1.0,8,10.89,16.91,15.89,0.0,0.0,0.0,0.0,,0.0
2,2,1.0,8,10.47,15.81,14.9,0.0,0.0,0.0,-0.0,,0.0
2,3,1.0,8,10.0,14.77,13.97,0.0,0.0,0.0,-0.0,,0.0
2,4,1.0,8,9.47,13.77,13.07,0.0,0.0,0.0,-0.0,,0.0
2,5,1.0,8,9.09,12.91,12.3,0.0,0.0,0.0,-0.0,,0.0
2,6,1.0,8,8.75,12.15,11.6,0.0,0.0,0.0,-0.0,,0.0
2,7,1.0,8,8.56,11.52,11.03,0.0,4.38,0.0,0.0,,0.0
2,8,1.0,8,8.02,13.86,19.95,22373.16,1016.93,2885.6,0.0,,783.0215599999999
2,9,1.0,8,9.41,15.91,19.95,12968.94,6577.02,0.0,0.0,,402.03714
2,10,1.0,8,11.53,19.61,19.95,111.73,17465.97,0.0,0.0,,3.46363
2,11,1.0,8,14.5,23.57,23.63,0.0,25006.67,0.0,0.0,,0.0
2,12,1.0,8,17.42,27.17,24.95,-7856.98,29710.56,0.0,0.0,,-243.56637999999998
2,13,1.0,8,19.59,29.93,24.95,-16798.86,32240.19,0.0,0.0,,-520.76466
2,14,1.0,8,20.63,31.52,24.95,-21313.06,32715.56,0.0,0.0,,-660.7048599999999
2,15,1.0,8,20.87,41.17,26.17,-50000.0,80191.65,0.0,-1558.07,,-1598.30017
2,16,1.0,8,20.46,52.45,36.57,-50000.0,134417.43,0.0,0.0,,-1550.0
2,17,1.0,8,19.24,58.54,42.31,-50000.0,160672.98,0.0,0.0,,-1550.0
2,18,1.0,8,17.13,47.83,31.34,-50000.0,100949.46,0.0,0.0,,-1550.0
2,19,1.0,8,14.53,27.88,23.86,0.0,0.0,0.0,0.0,,0.0
2,20,1.0,8,12.94,24.09,21.89,0.0,0.0,0.0,0.0,,0.0
2,21,1.0,8,11.68,21.61,19.86,0.0,0.0,0.0,0.0,,0.0
2,22,1.0,8,10.85,19.7,18.18,0.0,0.0,0.0,0.0,,0.0
2,23,1.0,8,10.23,18.09,16.77,0.0,0.0,0.0,0.0,,0.0
2,24,1.0,8,9.8,16.73,15.57,0.0,0.0,0.0,0.0,,0.0
2,1,2.0,8,9.45,15.55,14.52,0.0,0.0,0.0,0.0,,0.0
2,2,2.0,8,9.23,14.56,13.65,0.0,0.0,0.0,0.0,,0.0
2,3,2.0,8,8.92,13.61,12.82,0.0,0.0,0.0,-0.0,,0.0
2,4,2.0,8,8.57,12.73,12.03,0.0,0.0,0.0,-0.0,,0.0
2,5,2.0,8,8.23,11.92,11.31,0.0,0.0,0.0,-0.0,,0.0
2,6,2.0,8,8.0,11.23,10.69,0.0,0.0,0.0,-0.0,,0.0
2,7,2.0,8,7.78,10.62,10.13,0.0,4.38,0.0,0.0,,0.0
2,8,2.0,8,7.4,13.12,19.95,24974.44,1016.93,3456.04,0.0,,881.34488
2,9,2.0,8,8.46,14.97,19.95,16046.99,6577.02,1383.03,0.0,,540.33062
2,10,2.0,8,10.68,18.72,19.95,2874.75,17465.97,0.0,0.0,,89.11725
2,11,2.0,8,13.69,22.72,22.89,0.0,25006.67,0.0,0.0,,0.0
2,12,2.0,8,16.47,26.23,24.95,-4762.18,29710.56,0.0,0.0,,-147.62758000000002
2,13,2.0,8,18.65,29.0,24.95,-13955.44,32240.19,0.0,0.0,,-432.61864
2,14,2.0,8,19.79,30.65,24.95,-18731.7,32715.56,0.0,0.0,,-580.6827000000001
2,15,2.0,8,19.94,40.24,25.38,-50000.0,80191.65,0.0,-491.14,,-1565.2253400000002
2,16,2.0,8,19.79,51.7,35.9,-50000.0,134417.43,0.0,0.0,,-1550.0
2,17,2.0,8,18.75,57.93,41.77,-50000.0,160672.98,0.0,0.0,,-1550.0
2,18,2.0,8,16.45,47.11,30.68,-50000.0,100949.46,0.0,0.0,,-1550.0
2,19,2.0,8,13.72,27.08,23.13,0.0,0.0,0.0,0.0,,0.0
2,20,2.0,8,12.26,23.35,21.22,0.0,0.0,0.0,0.0,,0.0
2,21,2.0,8,11.04,20.9,19.21,0.0,0.0,0.0,0.0,,0.0
2,22,2.0,8,10.33,19.07,17.6,0.0,0.0,0.0,0.0,,0.0
2,23,2.0,8,9.83,17.54,16.26,0.0,0.0,0.0,0.0,,0.0
2,24,2.0,8,9.42,16.22,15.1,0.0,0.0,0.0,0.0,,0.0
2,1,3.0,8,9.13,15.09,14.1,0.0,0.0,0.0,-0.0,,0.0
2,2,3.0,8,8.95,14.13,13.26,0.0,0.0,0.0,-0.0,,0.0
2,3,3.0,8,8.62,13.2,12.43,0.0,0.0,0.0,-0.0,,0.0
2,4,3.0,8,8.33,12.37,11.69,0.0,0.0,0.0,-0.0,,0.0
2,5,3.0,8,8.07,11.62,11.02,0.0,0.0,0.0,-0.0,,0.0
2,6,3.0,8,7.82,10.94,10.41,0.0,0.0,0.0,-0.0,,0.0
2,7,3.0,8,7.79,10.44,9.97,0.0,4.38,0.0,0.0,,0.0
2,8,3.0,8,7.56,16.59,16.18,0.0,1016.93,0.0,0.0,,0.0
2,9,3.0,8,8.83,19.62,19.26,0.0,6577.02,0.0,0.0,,0.0
2,10,3.0,8,11.03,24.45,24.13,0.0,17465.97,0.0,0.0,,0.0
2,11,3.0,8,14.02,29.27,28.99,0.0,25006.67,0.0,0.0,,0.0
2,12,3.0,8,16.63,33.35,33.1,0.0,29710.56,0.0,0.0,,0.0
2,13,3.0,8,18.78,36.63,36.41,0.0,32240.19,0.0,0.0,,0.0
2,14,3.0,8,19.8,38.7,38.5,0.0,32715.56,0.0,0.0,,0.0
2,15,3.0,8,20.15,53.15,52.97,0.0,80191.65,0.0,0.0,,0.0
2,16,3.0,8,20.02,71.22,71.07,0.0,134417.43,0.0,0.0,,0.0
2,17,3.0,8,19.08,82.41,82.27,0.0,160672.98,0.0,0.0,,0.0
2,18,3.0,8,16.73,68.59,68.47,0.0,100949.46,0.0,0.0,,0.0
2,19,3.0,8,13.93,32.61,32.5,0.0,0.0,0.0,-0.0,,0.0
2,20,3.0,8,12.5,26.53,26.44,0.0,0.0,0.0,-0.0,,0.0
2,21,3.0,8,11.1,23.41,23.32,0.0,0.0,0.0,0.0,,0.0
2,22,3.0,8,10.24,21.15,21.07,0.0,0.0,0.0,0.0,,0.0
2,23,3.0,8,9.62,19.28,19.22,0.0,0.0,0.0,0.0,,0.0
2,24,3.0,8,9.08,17.64,17.59,0.0,0.0,0.0,-0.0,,0.0
2,1,4.0,8,8.68,16.24,16.18,0.0,0.0,0.0,-0.0,,0.0
2,2,4.0,8,8.3,14.98,14.93,0.0,0.0,0.0,-0.0,,0.0
2,3,4.0,8,7.91,13.82,13.78,0.0,0.0,0.0,-0.0,,0.0
2,4,4.0,8,7.54,12.78,12.75,0.0,0.0,0.0,-0.0,,0.0
2,5,4.0,8,7.2,11.84,11.81,0.0,0.0,0.0,-0.0,,0.0
2,6,4.0,8,6.97,11.04,11.01,0.0,0.0,0.0,-0.0,,0.0
2,7,4.0,8,6.78,10.34,10.31,0.0,4.38,0.0,0.0,,0.0
2,8,4.0,8,6.54,16.38,16.36,0.0,1016.93,0.0,0.0,,0.0
2,9,4.0,8,7.9,19.36,19.34,0.0,6577.02,0.0,0.0,,0.0
2,10,4.0,8,10.5,24.33,24.32,0.0,17465.97,0.0,0.0,,0.0
2,11,4.0,8,13.76,29.27,29.25,0.0,25006.67,0.0,0.0,,0.0
2,12,4.0,8,16.67,33.49,33.48,0.0,29710.56,0.0,0.0,,0.0
2,13,4.0,8,18.68,36.7,36.69,0.0,32240.19,0.0,0.0,,0.0
2,14,4.0,8,20.19,39.01,39.0,0.0,32715.56,0.0,0.0,,0.0
2,15,4.0,8,20.81,53.64,53.63,0.0,80191.65,0.0,0.0,,0.0
2,16,4.0,8,20.84,71.83,71.82,0.0,134417.43,0.0,0.0,,0.0
2,17,4.0,8,19.91,83.06,83.05,0.0,160672.98,0.0,0.0,,0.0
2,18,4.0,8,17.36,69.16,69.15,0.0,100949.46,0.0,0.0,,0.0
2,19,4.0,8,14.59,33.2,33.19,0.0,0.0,0.0,-0.0,,0.0
2,20,4.0,8,13.17,27.14,27.14,0.0,0.0,0.0,-0.0,,0.0
2,21,4.0,8,11.79,24.04,24.03,0.0,0.0,0.0,0.0,,0.0
2,22,4.0,8,11.07,21.87,21.86,0.0,0.0,0.0,0.0,,0.0
2,23,4.0,8,10.48,20.03,20.03,0.0,0.0,0.0,0.0,,0.0
2,24,4.0,8,9.88,18.38,18.38,0.0,0.0,0.0,0.0,,0.0
2,1,5.0,8,9.38,16.93,16.92,0.0,0.0,0.0,0.0,,0.0
2,2,5.0,8,8.93,15.62,15.62,0.0,0.0,0.0,-0.0,,0.0
2,3,5.0,8,8.57,14.48,14.48,0.0,0.0,0.0,-0.0,,0.0
2,4,5.0,8,8.29,13.49,13.49,0.0,0.0,0.0,0.0,,0.0
2,5,5.0,8,7.97,12.58,12.57,0.0,0.0,0.0,0.0,,0.0
2,6,5.0,8,7.83,11.83,11.83,0.0,0.0,0.0,-0.0,,0.0
2,7,5.0,8,7.66,11.15,11.15,0.0,4.38,0.0,0.0,,0.0
2,8,5.0,8,7.54,13.57,19.95,22348.91,1016.93,1850.22,0.0,,750.17303
2,9,5.0,8,8.42,15.26,19.95,14390.7,6577.02,375.69,0.0,,457.75809000000004
2,10,5.0,8,10.95,19.19,19.95,731.3,17465.97,0.0,0.0,,22.6703
2,11,5.0,8,14.13,23.28,23.55,0.0,25006.67,0.0,0.0,,0.0
2,12,5.0,8,16.6,26.57,24.95,-6373.73,29710.56,0.0,0.0,,-197.58562999999998
2,13,5.0,8,18.54,29.13,24.95,-14660.27,32240.19,0.0,0.0,,-454.46837
2,14,5.0,8,19.68,30.75,24.95,-19304.86,32715.56,0.0,0.0,,-598.4506600000001
2,15,5.0,8,20.12,40.52,25.71,-50000.0,80191.65,0.0,-1299.79,,-1590.29349
2,16,5.0,8,20.13,52.08,36.34,-50000.0,134417.43,0.0,0.0,,-1550.0
2,17,5.0,8,19.05,58.29,42.18,-50000.0,160672.98,0.0,0.0,,-1550.0
2,18,5.0,8,16.85,47.53,31.15,-50000.0,100949.46,0.0,0.0,,-1550.0
2,19,5.0,8,13.91,27.39,23.49,0.0,0.0,0.0,0.0,,0.0
2,20,5.0,8,12.27,23.54,21.46,0.0,0.0,0.0,0.0,,0.0
2,21,5.0,8,10.68,20.87,19.22,0.0,0.0,0.0,0.0,,0.0
2,22,5.0,8,9.55,18.75,17.33,0.0,0.0,0.0,0.0,,0.0
2,23,5.0,8,8.84,17.04,15.79,0.0,0.0,0.0,0.0,,0.0
2,24,5.0,8,8.16,15.49,14.4,0.0,0.0,0.0,0.0,,0.0
2,1,6.0,8,7.69,14.19,13.23,0.0,0.0,0.0,-0.0,,0.0
2,2,6.0,8,7.21,13.0,12.15,0.0,0.0,0.0,-0.0,,0.0
2,3,6.0,8,6.82,11.94,11.2,0.0,0.0,0.0,-0.0,,0.0
2,4,6.0,8,6.5,11.02,10.36,0.0,0.0,0.0,-0.0,,0.0
2,5,6.0,8,6.21,10.19,9.62,0.0,0.0,0.0,0.0,,0.0
2,6,6.0,8,5.96,9.46,8.95,0.0,0.0,0.0,0.0,,0.0
2,7,6.0,8,5.88,8.88,8.43,0.0,4.38,0.0,0.0,,0.0
2,8,6.0,8,6.33,11.9,19.95,29184.01,1016.93,5043.05,0.0,,1061.0388599999999
2,9,6.0,8,8.25,14.38,19.95,17647.81,6577.02,1334.32,0.0,,588.4460300000001
2,10,6.0,8,11.56,18.98,19.95,1675.4,17465.97,0.0,0.0,,51.937400000000004
2,11,6.0,8,15.42,23.68,23.87,0.0,25006.67,0.0,0.0,,0.0
2,12,6.0,8,19.03,27.89,24.95,-10704.68,29710.56,0.0,0.0,,-331.84508
2,13,6.0,8,22.02,31.37,24.95,-21828.91,32240.19,0.0,0.0,,-676.69621
2,14,6.0,8,24.18,33.9,24.95,-29332.66,32715.56,0.0,0.0,,-909.31246
2,15,6.0,8,25.1,44.22,29.01,-50000.0,80191.65,0.0,-1090.47,,-1583.80457
2,16,6.0,8,25.69,56.38,40.43,-50000.0,134417.43,0.0,0.0,,-1550.0
2,17,6.0,8,24.08,62.41,46.14,-50000.0,160672.98,0.0,0.0,,-1550.0
2,18,6.0,8,21.02,51.17,34.64,-50000.0,100949.46,0.0,0.0,,-1550.0
2,19,6.0,8,17.68,30.65,26.58,0.0,0.0,0.0,0.0,,0.0
2,20,6.0,8,15.69,26.63,24.39,0.0,0.0,0.0,0.0,,0.0
2,21,6.0,8,13.95,23.9,22.11,0.0,0.0,0.0,0.0,,0.0
2,22,6.0,8,12.81,21.79,20.25,0.0,0.0,0.0,0.0,,0.0
2,23,6.0,8,11.87,19.98,18.62,0.0,0.0,0.0,0.0,,0.0
2,24,6.0,8,11.16,18.42,17.23,0.0,0.0,0.0,0.0,,0.0
2,1,7.0,8,10.5,17.01,15.97,0.0,0.0,0.0,0.0,,0.0
2,2,7.0,8,9.84,15.71,14.79,0.0,0.0,0.0,0.0,,0.0
2,3,7.0,8,9.13,14.46,13.65,0.0,0.0,0.0,0.0,,0.0
2,4,7.0,8,8.5,13.33,12.62,0.0,0.0,0.0,0.0,,0.0
2,5,7.0,8,7.87,12.26,11.63,0.0,0.0,0.0,0.0,,0.0
2,6,7.0,8,7.29,11.28,10.73,0.0,0.0,0.0,0.0,,0.0
2,7,7.0,8,6.85,10.43,9.94,0.0,4.38,0.0,0.0,,0.0
2,8,7.0,8,6.61,12.73,19.95,26351.84,1016.93,3766.46,0.0,,933.6673
2,9,7.0,8,8.53,15.11,19.95,15431.2,6577.02,374.15,0.0,,489.96585000000005
2,10,7.0,8,11.64,19.5,19.95,193.48,17465.97,0.0,0.0,,5.99788
2,11,7.0,8,15.38,24.05,24.15,0.0,25006.67,0.0,0.0,,0.0
2,12,7.0,8,19.11,28.28,24.95,-11884.8,29710.56,0.0,0.0,,-368.42879999999997
2,13,7.0,8,21.5,31.31,24.95,-21348.13,32240.19,0.0,0.0,,-661.7920300000001
2,14,7.0,8,23.27,33.48,24.95,-27741.46,32715.56,0.0,0.0,,-859.98526
2,15,7.0,8,24.06,43.63,28.42,-50000.0,80191.65,0.0,0.0,,-1550.0
2,16,7.0,8,23.42,54.87,38.9,-50000.0,134417.43,0.0,0.0,,-1550.0
2,17,7.0,8,22.08,60.94,44.66,-50000.0,160672.98,0.0,0.0,,-1550.0
2,18,7.0,8,19.47,49.95,33.4,-50000.0,100949.46,0.0,0.0,,-1550.0
2,19,7.0,8,16.7,29.84,25.75,0.0,0.0,0.0,0.0,,0.0
2,20,7.0,8,15.09,26.04,23.78,0.0,0.0,0.0,0.0,,0.0
2,21,7.0,8,13.81,23.58,21.77,0.0,0.0,0.0,0.0,,0.0
2,22,7.0,8,12.97,21.68,20.12,0.0,0.0,0.0,0.0,,0.0
2,23,7.0,8,12.35,20.09,18.72,0.0,0.0,0.0,0.0,,0.0
2,24,7.0,8,11.76,18.66,17.45,0.0,0.0,0.0,0.0,,0.0
2,1,1.0,8,11.34,17.43,16.38,0.0,0.0,0.0,0.0,,0.0
2,2,1.0,8,10.99,16.36,15.43,0.0,0.0,0.0,0.0,,0.0
2,3,1.0,8,10.61,15.37,14.55,0.0,0.0,0.0,-0.0,,0.0
2,4,1.0,8,10.13,14.41,13.68,0.0,0.0,0.0,-0.0,,0.0
2,5,1.0,8,9.75,13.56,12.92,0.0,0.0,0.0,-0.0,,0.0
2,6,1.0,8,9.44,12.81,12.25,0.0,0.0,0.0,-0.0,,0.0
2,7,1.0,8,9.08,12.09,11.59,0.0,4.38,0.0,-0.0,,0.0
2,8,1.0,8,8.69,14.51,19.95,20134.44,1016.93,0.0,0.0,,624.16764
2,9,1.0,8,9.69,16.3,19.95,11842.22,6577.02,0.0,0.0,,367.10882
2,10,1.0,8,12.26,20.29,20.54,0.0,17465.97,0.0,0.0,,0.0
2,11,1.0,8,15.34,24.35,24.37,0.0,25006.67,0.0,0.0,,0.0
2,12,1.0,8,18.05,27.81,24.95,-10018.97,29710.56,0.0,0.0,,-310.58807
2,13,1.0,8,19.63,30.16,24.95,-17316.84,32240.19,0.0,0.0,,-536.82204
2,14,1.0,8,20.38,31.5,24.95,-21058.73,32715.56,0.0,0.0,,-652.82063
2,15,1.0,8,20.41,40.96,25.94,-50000.0,80191.65,0.0,-216.61,,-1556.71491
2,16,1.0,8,20.2,52.34,36.43,-50000.0,134417.43,0.0,0.0,,-1550.0
2,17,1.0,8,19.07,58.48,42.23,-50000.0,160672.98,0.0,0.0,,-1550.0
2,18,1.0,8,17.19,47.91,31.41,-50000.0,100949.46,0.0,0.0,,-1550.0
2,19,1.0,8,14.47,27.91,23.86,0.0,0.0,0.0,0.0,,0.0
2,20,1.0,8,12.77,24.04,21.82,0.0,0.0,0.0,0.0,,0.0
2,21,1.0,8,11.53,21.56,19.79,0.0,0.0,0.0,0.0,,0.0
2,22,1.0,8,10.64,19.6,18.07,0.0,0.0,0.0,0.0,,0.0
2,23,1.0,8,9.89,17.91,16.57,0.0,0.0,0.0,0.0,,0.0
2,24,1.0,8,9.35,16.46,15.29,0.0,0.0,0.0,0.0,,0.0
2,1,2.0,8,8.93,15.22,14.18,0.0,0.0,0.0,0.0,,0.0
2,2,2.0,8,8.39,14.02,13.11,0.0,0.0,0.0,-0.0,,0.0
2,3,2.0,8,8.02,13.0,12.19,0.0,0.0,0.0,-0.0,,0.0
2,4,2.0,8,7.7,12.09,11.38,0.0,0.0,0.0,-0.0,,0.0
2,5,2.0,8,7.45,11.31,10.68,0.0,0.0,0.0,-0.0,,0.0
2,6,2.0,8,7.32,10.65,10.1,0.0,0.0,0.0,-0.0,,0.0
2,7,2.0,8,7.31,10.14,9.65,0.0,4.38,0.0,-0.0,,0.0
2,8,2.0,8,7.24,12.86,19.95,25877.72,1016.93,763.07,0.0,,825.86449
2,9,2.0,8,8.58,14.93,19.95,16109.1,6577.02,0.0,0.0,,499.38210000000004
2,10,2.0,8,11.43,19.16,19.95,1329.92,17465.97,0.0,0.0,,41.227520000000005
2,11,2.0,8,14.89,23.53,23.66,0.0,25006.67,0.0,0.0,,0.0
2,12,2.0,8,18.07,27.38,24.95,-8757.27,29710.56,0.0,0.0,,-271.47537
2,13,2.0,8,20.09,30.11,24.95,-17471.45,32240.19,0.0,0.0,,-541.61495
2,14,2.0,8,21.54,32.03,24.95,-23106.2,32715.56,0.0,0.0,,-716.2922000000001
2,15,2.0,8,21.85,41.79,26.76,-50000.0,80191.65,0.0,-1347.26,,-1591.76506
2,16,2.0,8,21.54,53.19,37.31,-50000.0,134417.43,0.0,0.0,,-1550.0
2,17,2.0,8,20.37,59.37,43.15,-50000.0,160672.98,0.0,0.0,,-1550.0
2,18,2.0,8,18.62,48.95,32.46,-50000.0,100949.46,0.0,0.0,,-1550.0
2,19,2.0,8,15.39,28.59,24.56,0.0,0.0,0.0,0.0,,0.0
2,20,2.0,8,13.5,24.61,22.41,0.0,0.0,0.0,0.0,,0.0
2,21,2.0,8,12.08,22.04,20.29,0.0,0.0,0.0,0.0,,0.0
2,22,2.0,8,11.25,20.11,18.6,0.0,0.0,0.0,0.0,,0.0
2,23,2.0,8,10.65,18.51,17.19,0.0,0.0,0.0,0.0,,0.0
2,24,2.0,8,10.22,17.15,15.99,0.0,0.0,0.0,0.0,,0.0
2,1,3.0,8,8.54,15.24,14.22,0.0,0.0,0.0,0.0,,0.0
2,2,3.0,8,8.38,14.16,13.26,0.0,0.0,0.0,-0.0,,0.0
2,3,3.0,8,7.9,13.07,12.27,0.0,0.0,0.0,-0.0,,0.0
2,4,3.0,8,7.64,12.16,11.46,0.0,0.0,0.0,-0.0,,0.0
2,5,3.0,8,7.36,11.34,10.72,0.0,0.0,0.0,-0.0,,0.0
2,6,3.0,8,7.52,10.83,10.28,0.0,0.0,0.0,-0.0,,0.0
2,7,3.0,8,7.45,10.3,9.81,0.0,4.38,0.0,-0.0,,0.0
2,8,3.0,8,7.27,16.46,16.03,0.0,1016.93,0.0,0.0,,0.0
2,9,3.0,8,8.63,19.52,19.14,0.0,6577.02,0.0,0.0,,0.0
2,10,3.0,8,10.78,24.31,23.98,0.0,17465.97,0.0,0.0,,0.0
2,11,3.0,8,13.71,29.09,28.79,0.0,25006.67,0.0,0.0,,0.0
2,12,3.0,8,15.74,32.83,32.57,0.0,29710.56,0.0,0.0,,0.0
2,13,3.0,8,16.94,35.53,35.3,0.0,32240.19,0.0,0.0,,0.0
2,14,3.0,8,17.03,36.96,36.75,0.0,32715.56,0.0,0.0,,0.0
2,15,3.0,8,17.65,51.39,51.21,0.0,80191.65,0.0,0.0,,0.0
2,16,3.0,8,17.0,69.09,68.93,0.0,134417.43,0.0,0.0,,0.0
2,17,3.0,8,16.26,80.25,80.11,0.0,160672.98,0.0,0.0,,0.0
2,18,3.0,8,14.25,66.54,66.42,0.0,100949.46,0.0,0.0,,0.0
2,19,3.0,8,11.64,30.62,30.51,0.0,0.0,0.0,-0.0,,0.0
2,20,3.0,8,10.25,24.53,24.44,0.0,0.0,0.0,-0.0,,0.0
2,21,3.0,8,9.07,21.5,21.42,0.0,0.0,0.0,0.0,,0.0
2,22,3.0,8,8.18,19.22,19.15,0.0,0.0,0.0,0.0,,0.0
2,23,3.0,8,8.12,17.65,17.58,0.0,0.0,0.0,0.0,,0.0
2,24,3.0,8,7.91,16.22,16.16,0.0,0.0,0.0,0.0,,0.0
2,1,4.0,8,7.86,15.06,15.0,0.0,0.0,0.0,0.0,,0.0
2,2,4.0,8,7.79,14.02,13.98,0.0,0.0,0.0,0.0,,0.0
2,3,4.0,8,7.57,13.03,12.99,0.0,0.0,0.0,-0.0,,0.0
2,4,4.0,8,7.42,12.18,12.14,0.0,0.0,0.0,-0.0,,0.0
2,5,4.0,8,7.26,11.41,11.38,0.0,0.0,0.0,-0.0,,0.0
2,6,4.0,8,7.43,10.89,10.86,0.0,0.0,0.0,-0.0,,0.0
2,7,4.0,8,7.37,10.36,10.33,0.0,4.38,0.0,-0.0,,0.0
2,8,4.0,8,7.22,16.52,16.5,0.0,1016.93,0.0,0.0,,0.0
2,9,4.0,8,8.6,19.59,19.56,0.0,6577.02,0.0,0.0,,0.0
2,10,4.0,8,11.07,24.55,24.53,0.0,17465.97,0.0,0.0,,0.0
2,11,4.0,8,14.01,29.35,29.33,0.0,25006.67,0.0,0.0,,0.0
2,12,4.0,8,16.62,33.42,33.4,0.0,29710.56,0.0,0.0,,0.0
2,13,4.0,8,18.89,36.77,36.75,0.0,32240.19,0.0,0.0,,0.0
2,14,4.0,8,20.42,39.11,39.1,0.0,32715.56,0.0,0.0,,0.0
2,15,4.0,8,21.15,53.81,53.8,0.0,80191.65,0.0,0.0,,0.0
2,16,4.0,8,21.21,72.05,72.04,0.0,134417.43,0.0,0.0,,0.0
2,17,4.0,8,20.08,83.18,83.17,0.0,160672.98,0.0,0.0,,0.0
2,18,4.0,8,17.33,69.17,69.17,0.0,100949.46,0.0,0.0,,0.0
2,19,4.0,8,14.28,33.05,33.04,0.0,0.0,0.0,-0.0,,0.0
2,20,4.0,8,12.73,26.89,26.88,0.0,0.0,0.0,-0.0,,0.0
2,21,4.0,8,11.17,23.65,23.65,0.0,0.0,0.0,0.0,,0.0
2,22,4.0,8,10.09,21.25,21.25,0.0,0.0,0.0,0.0,,0.0
2,23,4.0,8,9.87,19.56,19.56,0.0,0.0,0.0,0.0,,0.0
2,24,4.0,8,9.58,18.07,18.06,0.0,0.0,0.0,0.0,,0.0
2,1,5.0,8,9.39,16.8,16.79,0.0,0.0,0.0,0.0,,0.0
2,2,5.0,8,9.31,15.73,15.72,0.0,0.0,0.0,0.0,,0.0
2,3,5.0,8,8.98,14.65,14.65,0.0,0.0,0.0,0.0,,0.0
2,4,5.0,8,8.71,13.7,13.7,0.0,0.0,0.0,0.0,,0.0
2,5,5.0,8,8.45,12.84,12.84,0.0,0.0,0.0,0.0,,0.0
2,6,5.0,8,8.14,12.03,12.03,0.0,0.0,0.0,0.0,,0.0
2,7,5.0,8,8.5,11.65,11.65,0.0,4.38,0.0,0.0,,0.0
2,8,5.0,8,8.97,14.63,19.95,18638.2,1016.93,0.0,0.0,,577.7842
2,9,5.0,8,11.07,17.24,19.95,7803.6,6577.02,0.0,0.0,,241.9116
2,10,5.0,8,14.55,21.95,22.31,0.0,17465.97,0.0,0.0,,0.0
2,11,5.0,8,18.71,26.87,24.95,-7339.0,25006.67,0.0,0.0,,-227.509
2,12,5.0,8,22.33,31.12,24.95,-21425.86,29710.56,0.0,0.0,,-664.2016600000001
2,13,5.0,8,25.31,34.6,24.95,-32060.45,32240.19,0.0,0.0,,-993.87395
2,14,5.0,8,27.55,37.2,24.95,-39568.63,32715.56,0.0,-7171.68,,-1448.94961
2,15,5.0,8,28.65,47.65,32.01,-50000.0,80191.65,0.0,0.0,,-1550.0
2,16,5.0,8,28.26,59.15,43.0,-50000.0,134417.43,0.0,0.0,,-1550.0
2,17,5.0,8,26.65,65.13,48.69,-50000.0,160672.98,0.0,0.0,,-1550.0
2,18,5.0,8,23.06,53.5,36.83,-50000.0,100949.46,0.0,0.0,,-1550.0
2,19,5.0,8,19.7,33.02,28.77,0.0,0.0,0.0,0.0,,0.0
2,20,5.0,8,17.24,28.71,26.31,0.0,0.0,0.0,0.0,,0.0
2,21,5.0,8,15.66,25.99,24.05,0.0,0.0,0.0,0.0,,0.0
2,22,5.0,8,14.4,23.77,22.1,0.0,0.0,0.0,0.0,,0.0
2,23,5.0,8,13.41,21.87,20.41,0.0,0.0,0.0,0.0,,0.0
2,24,5.0,8,12.64,20.24,18.95,0.0,0.0,0.0,0.0,,0.0
2,1,6.0,8,12.09,18.85,17.71,0.0,0.0,0.0,0.0,,0.0
2,2,6.0,8,11.5,17.55,16.56,0.0,0.0,0.0,0.0,,0.0
2,3,6.0,8,10.89,16.34,15.46,0.0,0.0,0.0,0.0,,0.0
2,4,6.0,8,10.29,15.22,14.44,0.0,0.0,0.0,0.0,,0.0
2,5,6.0,8,9.48,14.04,13.36,0.0,0.0,0.0,0.0,,0.0
2,6,6.0,8,8.98,13.08,12.48,0.0,0.0,0.0,0.0,,0.0
2,7,6.0,8,8.5,12.19,11.66,0.0,4.38,0.0,0.0,,0.0
2,8,6.0,8,8.04,14.29,19.95,20965.23,1016.93,0.0,0.0,,649.92213
2,9,6.0,8,9.01,15.99,19.95,12910.88,6577.02,0.0,0.0,,400.23727999999994
2,10,6.0,8,11.74,20.03,20.3,0.0,17465.97,0.0,0.0,,0.0
2,11,6.0,8,14.62,23.92,23.94,0.0,25006.67,0.0,0.0,,0.0
2,12,6.0,8,16.79,26.96,24.95,-7045.79,29710.56,0.0,0.0,,-218.41949
2,13,6.0,8,19.08,29.73,24.95,-16087.57,32240.19,0.0,0.0,,-498.71466999999996
2,14,6.0,8,20.28,31.39,24.95,-20866.14,32715.56,0.0,0.0,,-646.85034
2,15,6.0,8,20.63,41.09,26.09,-50000.0,80191.65,0.0,-1560.28,,-1598.36868
2,16,6.0,8,20.67,52.67,36.78,-50000.0,134417.43,0.0,0.0,,-1550.0
2,17,6.0,8,20.03,59.16,42.94,-50000.0,160672.98,0.0,0.0,,-1550.0
2,18,6.0,8,17.94,48.51,32.02,-50000.0,100949.46,0.0,0.0,,-1550.0
2,19,6.0,8,15.01,28.36,24.33,0.0,0.0,0.0,0.0,,0.0
2,20,6.0,8,13.56,24.63,22.43,0.0,0.0,0.0,0.0,,0.0
2,21,6.0,8,12.14,22.08,20.33,0.0,0.0,0.0,0.0,,0.0
2,22,6.0,8,11.29,20.15,18.64,0.0,0.0,0.0,0.0,,0.0
2,23,6.0,8,10.79,18.6,17.28,0.0,0.0,0.0,0.0,,0.0
2,24,6.0,8,10.5,17.33,16.17,0.0,0.0,0.0,0.0,,0.0
2,1,7.0,8,10.33,16.27,15.24,0.0,0.0,0.0,-0.0,,0.0
2,2,7.0,8,10.06,15.27,14.36,0.0,0.0,0.0,-0.0,,0.0
2,3,7.0,8,9.81,14.38,13.58,0.0,0.0,0.0,-0.0,,0.0
2,4,7.0,8,9.57,13.57,12.87,0.0,0.0,0.0,-0.0,,0.0
2,5,7.0,8,9.27,12.81,12.19,0.0,0.0,0.0,-0.0,,0.0
2,6,7.0,8,9.17,12.22,11.67,0.0,0.0,0.0,-0.0,,0.0
2,7,7.0,8,8.94,11.62,11.13,0.0,4.38,0.0,-0.0,,0.0
2,8,7.0,8,8.77,14.33,19.95,20733.76,1016.93,0.0,0.0,,642.7465599999999
2,9,7.0,8,9.74,16.15,19.95,12301.95,6577.02,0.0,0.0,,381.36045
2,10,7.0,8,12.33,20.18,20.45,0.0,17465.97,0.0,0.0,,0.0
2,11,7.0,8,16.13,24.75,24.79,0.0,25006.67,0.0,0.0,,0.0
2,12,7.0,8,19.27,28.58,24.95,-12777.61,29710.56,0.0,0.0,,-396.10591000000005
2,13,7.0,8,21.31,31.33,24.95,-21212.31,32240.19,0.0,0.0,,-657.58161
2,14,7.0,8,22.31,32.93,24.95,-25668.37,32715.56,0.0,0.0,,-795.71947
2,15,7.0,8,22.79,42.78,27.6,-50000.0,80191.65,0.0,-3210.59,,-1649.5282899999997
2,16,7.0,8,23.05,54.58,38.6,-50000.0,134417.43,0.0,0.0,,-1550.0
2,17,7.0,8,22.38,61.13,44.83,-50000.0,160672.98,0.0,0.0,,-1550.0
2,18,7.0,8,20.03,50.35,33.79,-50000.0,100949.46,0.0,0.0,,-1550.0
2,19,7.0,8,16.63,29.87,25.76,0.0,0.0,0.0,0.0,,0.0
2,20,7.0,8,14.97,26.01,23.73,0.0,0.0,0.0,0.0,,0.0
2,21,7.0,8,13.36,23.35,21.53,0.0,0.0,0.0,0.0,,0.0
2,22,7.0,8,12.52,21.4,19.83,0.0,0.0,0.0,0.0,,0.0
2,23,7.0,8,11.99,19.84,18.46,0.0,0.0,0.0,0.0,,0.0
2,24,7.0,8,11.6,18.51,17.3,0.0,0.0,0.0,0.0,,0.0
2,1,1.0,8,11.25,17.33,16.26,0.0,0.0,0.0,0.0,,0.0
2,2,1.0,8,10.68,16.14,15.2,0.0,0.0,0.0,0.0,,0.0
2,3,1.0,8,9.99,14.96,14.14,0.0,0.0,0.0,-0.0,,0.0
2,4,1.0,8,9.36,13.88,13.15,0.0,0.0,0.0,-0.0,,0.0
2,5,1.0,8,8.62,12.79,12.15,0.0,0.0,0.0,0.0,,0.0
2,6,1.0,8,8.18,11.92,11.35,0.0,0.0,0.0,0.0,,0.0
2,7,1.0,8,7.88,11.17,10.67,0.0,4.38,0.0,-0.0,,0.0
2,8,1.0,8,8.12,13.93,19.95,22182.53,1016.93,0.0,0.0,,687.65843
2,9,1.0,8,9.4,15.92,19.95,12996.07,6577.02,0.0,0.0,,402.87817
2,10,1.0,8,12.52,20.31,20.61,0.0,17465.97,0.0,0.0,,0.0
2,11,1.0,8,16.11,24.77,24.81,0.0,25006.67,0.0,0.0,,0.0
2,12,1.0,8,19.52,28.78,24.95,-13467.28,29710.56,0.0,0.0,,-417.48568
2,13,1.0,8,22.14,31.94,24.95,-23289.61,32240.19,0.0,-975.1,,-752.20601
2,14,1.0,8,24.02,34.2,24.95,-29927.98,32715.56,0.0,-2602.13,,-1008.43341
2,15,1.0,8,24.77,44.33,29.01,-50000.0,80191.65,0.0,-2119.98,,-1615.7193800000002
2,16,1.0,8,25.13,56.26,40.23,-50000.0,134417.43,0.0,0.0,,-1550.0
2,17,1.0,8,23.99,62.55,46.21,-50000.0,160672.98,0.0,0.0,,-1550.0
2,18,1.0,8,21.31,51.55,34.96,-50000.0,100949.46,0.0,0.0,,-1550.0
2,19,1.0,8,17.96,31.07,26.92,0.0,0.0,0.0,0.0,,0.0
2,20,1.0,8,16.21,27.17,24.86,0.0,0.0,0.0,0.0,,0.0
2,21,1.0,8,14.41,24.41,22.56,0.0,0.0,0.0,0.0,,0.0
2,22,1.0,8,13.52,22.43,20.84,0.0,0.0,0.0,0.0,,0.0
2,23,1.0,8,12.74,20.72,19.32,0.0,0.0,0.0,0.0,,0.0
2,24,1.0,8,12.19,19.28,18.05,0.0,0.0,0.0,0.0,,0.0
2,1,2.0,8,11.73,18.01,16.93,0.0,0.0,0.0,0.0,,0.0
2,2,2.0,8,11.14,16.78,15.82,0.0,0.0,0.0,0.0,,0.0
2,3,2.0,8,10.4,15.55,14.71,0.0,0.0,0.0,0.0,,0.0
2,4,2.0,8,9.99,14.56,13.82,0.0,0.0,0.0,0.0,,0.0
2,5,2.0,8,9.49,13.61,12.95,0.0,0.0,0.0,0.0,,0.0
2,6,2.0,8,9.24,12.85,12.27,0.0,0.0,0.0,-0.0,,0.0
2,7,2.0,8,9.0,12.16,11.65,0.0,4.38,0.0,-0.0,,0.0
2,8,2.0,8,9.07,14.85,19.95,18960.68,1016.93,0.0,0.0,,587.78108
2,9,2.0,8,9.19,16.04,19.95,12875.4,6577.02,0.0,0.0,,399.13739999999996
2,10,2.0,8,11.59,19.86,20.12,0.0,17465.97,0.0,0.0,,0.0
2,11,2.0,8,14.0,23.41,23.43,0.0,25006.67,0.0,0.0,,0.0
2,12,2.0,8,16.63,26.74,24.95,-6275.37,29710.56,0.0,0.0,,-194.53647
2,13,2.0,8,18.87,29.49,24.95,-15326.25,32240.19,0.0,0.0,,-475.11375
2,14,2.0,8,20.23,31.27,24.95,-20519.85,32715.56,0.0,0.0,,-636.1153499999999
2,15,2.0,8,20.68,41.05,26.07,-50000.0,80191.65,0.0,-4948.31,,-1703.3976099999998
2,16,2.0,8,20.53,52.51,36.63,-50000.0,134417.43,0.0,0.0,,-1550.0
2,17,2.0,8,19.3,58.59,42.38,-50000.0,160672.98,0.0,0.0,,-1550.0
2,18,2.0,8,17.01,47.77,31.28,-50000.0,100949.46,0.0,0.0,,-1550.0
2,19,2.0,8,14.53,27.89,23.87,0.0,0.0,0.0,0.0,,0.0
2,20,2.0,8,13.44,24.37,22.18,0.0,0.0,0.0,0.0,,0.0
2,21,2.0,8,12.45,22.09,20.34,0.0,0.0,0.0,0.0,,0.0
2,22,2.0,8,11.66,20.25,18.74,0.0,0.0,0.0,0.0,,0.0
2,23,2.0,8,11.24,18.79,17.46,0.0,0.0,0.0,0.0,,0.0
2,24,2.0,8,10.66,17.39,16.23,0.0,0.0,0.0,0.0,,0.0
2,1,3.0,8,10.24,16.2,15.17,0.0,0.0,0.0,-0.0,,0.0
2,2,3.0,8,9.89,15.14,14.24,0.0,0.0,0.0,-0.0,,0.0
2,3,3.0,8,9.51,14.17,13.37,0.0,0.0,0.0,-0.0,,0.0
2,4,3.0,8,9.35,13.39,12.69,0.0,0.0,0.0,-0.0,,0.0
2,5,3.0,8,9.28,12.75,12.13,0.0,0.0,0.0,-0.0,,0.0
2,6,3.0,8,9.37,12.27,11.73,0.0,0.0,0.0,-0.0,,0.0
2,7,3.0,8,9.13,11.69,11.21,0.0,4.38,0.0,-0.0,,0.0
2,8,3.0,8,9.14,17.99,17.56,0.0,1016.93,0.0,0.0,,0.0
2,9,3.0,8,10.5,21.1,20.72,0.0,6577.02,0.0,0.0,,0.0
2,10,3.0,8,12.83,26.03,25.7,0.0,17465.97,0.0,0.0,,0.0
2,11,3.0,8,15.71,30.82,30.53,0.0,25006.67,0.0,0.0,,0.0
2,12,3.0,8,19.24,35.42,35.16,0.0,29710.56,0.0,0.0,,0.0
2,13,3.0,8,22.46,39.38,39.15,0.0,32240.19,0.0,0.0,,0.0
2,14,3.0,8,24.51,42.17,41.96,0.0,32715.56,0.0,0.0,,0.0
2,15,3.0,8,24.56,56.64,56.46,0.0,80191.65,0.0,0.0,,0.0
2,16,3.0,8,24.37,74.8,74.64,0.0,134417.43,0.0,0.0,,0.0
2,17,3.0,8,22.84,85.76,85.61,0.0,160672.98,0.0,0.0,,0.0
2,18,3.0,8,19.94,71.67,71.55,0.0,100949.46,0.0,0.0,,0.0
2,19,3.0,8,16.94,35.58,35.47,0.0,0.0,0.0,-0.0,,0.0
2,20,3.0,8,15.48,29.48,29.38,0.0,0.0,0.0,-0.0,,0.0
2,21,3.0,8,14.01,26.31,26.23,0.0,0.0,0.0,0.0,,0.0
2,22,3.0,8,12.79,23.86,23.78,0.0,0.0,0.0,0.0,,0.0
2,23,3.0,8,12.29,22.02,21.95,0.0,0.0,0.0,0.0,,0.0
2,24,3.0,8,11.89,20.45,20.39,0.0,0.0,0.0,0.0,,0.0
2,1,4.0,8,11.49,19.05,18.99,0.0,0.0,0.0,0.0,,0.0
2,2,4.0,8,10.88,17.66,17.61,0.0,0.0,0.0,0.0,,0.0
2,3,4.0,8,10.48,16.48,16.44,0.0,0.0,0.0,0.0,,0.0
2,4,4.0,8,10.2,15.48,15.44,0.0,0.0,0.0,0.0,,0.0
2,5,4.0,8,9.83,14.52,14.49,0.0,0.0,0.0,0.0,,0.0
2,6,4.0,8,9.53,13.67,13.64,0.0,0.0,0.0,0.0,,0.0
2,7,4.0,8,9.02,12.78,12.76,0.0,4.38,0.0,-0.0,,0.0
2,8,4.0,8,8.8,18.79,18.77,0.0,1016.93,0.0,0.0,,0.0
2,9,4.0,8,9.92,21.62,21.6,0.0,6577.02,0.0,0.0,,0.0
2,10,4.0,8,12.87,26.75,26.74,0.0,17465.97,0.0,0.0,,0.0
2,11,4.0,8,16.59,31.94,31.92,0.0,25006.67,0.0,0.0,,0.0
2,12,4.0,8,20.16,36.56,36.54,0.0,29710.56,0.0,0.0,,0.0
2,13,4.0,8,22.85,40.22,40.21,0.0,32240.19,0.0,0.0,,0.0
2,14,4.0,8,24.57,42.75,42.74,0.0,32715.56,0.0,0.0,,0.0
2,15,4.0,8,25.33,57.55,57.54,0.0,80191.65,0.0,0.0,,0.0
2,16,4.0,8,24.84,75.54,75.53,0.0,134417.43,0.0,0.0,,0.0
2,17,4.0,8,23.5,86.57,86.56,0.0,160672.98,0.0,0.0,,0.0
2,18,4.0,8,21.12,72.75,72.75,0.0,100949.46,0.0,0.0,,0.0
2,19,4.0,8,17.72,36.47,36.47,0.0,0.0,0.0,-0.0,,0.0
2,20,4.0,8,15.8,30.11,30.1,0.0,0.0,0.0,-0.0,,0.0
2,21,4.0,8,14.28,26.86,26.86,0.0,0.0,0.0,0.0,,0.0
2,22,4.0,8,13.27,24.48,24.48,0.0,0.0,0.0,0.0,,0.0
2,23,4.0,8,12.73,22.61,22.61,0.0,0.0,0.0,0.0,,0.0
2,24,4.0,8,12.28,21.0,21.0,0.0,0.0,0.0,0.0,,0.0
2,1,5.0,8,11.92,19.6,19.6,0.0,0.0,0.0,0.0,,0.0
2,2,5.0,8,11.41,18.25,18.25,0.0,0.0,0.0,-0.0,,0.0
2,3,5.0,8,10.84,16.98,16.98,0.0,0.0,0.0,-0.0,,0.0
2,4,5.0,8,10.26,15.78,15.78,0.0,0.0,0.0,-0.0,,0.0
2,5,5.0,8,9.9,14.79,14.79,0.0,0.0,0.0,-0.0,,0.0
2,6,5.0,8,9.6,13.92,13.92,0.0,0.0,0.0,-0.0,,0.0
2,7,5.0,8,9.16,13.05,13.05,0.0,4.38,0.0,-0.0,,0.0
2,8,5.0,8,9.01,15.29,19.95,16331.14,1016.93,0.0,0.0,,506.26534
2,9,5.0,8,10.23,17.17,19.95,8267.2,6577.02,0.0,0.0,,256.2832
2,10,5.0,8,12.81,21.12,21.47,0.0,17465.97,0.0,0.0,,0.0
2,11,5.0,8,16.02,25.23,24.95,-1563.09,25006.67,0.0,0.0,,-48.45579
2,12,5.0,8,18.83,28.74,24.95,-13596.13,29710.56,0.0,0.0,,-421.48002999999994
2,13,5.0,8,20.77,31.33,24.95,-21435.35,32240.19,0.0,-235.49,,-671.7960400000001
2,14,5.0,8,21.8,32.88,24.95,-25717.43,32715.56,0.0,0.0,,-797.24033
2,15,5.0,8,22.16,42.58,27.46,-50000.0,80191.65,0.0,-3987.55,,-1673.6140500000001
2,16,5.0,8,21.74,53.84,37.92,-50000.0,134417.43,0.0,0.0,,-1550.0
2,17,5.0,8,20.88,60.16,43.91,-50000.0,160672.98,0.0,0.0,,-1550.0
2,18,5.0,8,19.07,49.68,33.17,-50000.0,100949.46,0.0,0.0,,-1550.0
2,19,5.0,8,15.9,29.41,25.36,0.0,0.0,0.0,0.0,,0.0
2,20,5.0,8,14.17,25.5,23.28,0.0,0.0,0.0,0.0,,0.0
2,21,5.0,8,12.82,22.95,21.18,0.0,0.0,0.0,0.0,,0.0
2,22,5.0,8,11.76,20.89,19.36,0.0,0.0,0.0,0.0,,0.0
2,23,5.0,8,11.27,19.3,17.97,0.0,0.0,0.0,0.0,,0.0
2,24,5.0,8,10.92,17.97,16.8,0.0,0.0,0.0,0.0,,0.0
2,1,6.0,8,10.78,16.9,15.86,0.0,0.0,0.0,-0.0,,0.0
2,2,6.0,8,10.55,15.9,14.99,0.0,0.0,0.0,-0.0,,0.0
2,3,6.0,8,10.26,14.97,14.17,0.0,0.0,0.0,-0.0,,0.0
2,4,6.0,8,9.91,14.09,13.38,0.0,0.0,0.0,-0.0,,0.0
2,5,6.0,8,9.69,13.34,12.72,0.0,0.0,0.0,-0.0,,0.0
2,6,6.0,8,9.69,12.79,12.24,0.0,0.0,0.0,-0.0,,0.0
2,7,6.0,8,9.45,12.18,11.7,0.0,4.38,0.0,-0.0,,0.0
2,8,6.0,8,9.31,14.89,19.95,18756.07,1016.93,0.0,0.0,,581.43817
2,9,6.0,8,10.15,16.62,19.95,10826.29,6577.02,0.0,0.0,,335.61499000000003
2,10,6.0,8,12.37,20.38,20.6,0.0,17465.97,0.0,0.0,,0.0
2,11,6.0,8,15.02,24.13,24.14,0.0,25006.67,0.0,0.0,,0.0
2,12,6.0,8,17.23,27.22,24.95,-7927.52,29710.56,0.0,0.0,,-245.75312000000002
2,13,6.0,8,18.72,29.46,24.95,-15040.33,32240.19,0.0,0.0,,-466.25023
2,14,6.0,8,19.34,30.68,24.95,-18452.12,32715.56,0.0,0.0,,-572.01572
2,15,6.0,8,19.27,40.04,25.11,-50000.0,80191.65,0.0,-2566.95,,-1629.57545
2,16,6.0,8,19.36,51.6,35.73,-50000.0,134417.43,0.0,0.0,,-1550.0
2,17,6.0,8,18.64,58.0,41.79,-50000.0,160672.98,0.0,0.0,,-1550.0
2,18,6.0,8,16.84,47.52,31.04,-50000.0,100949.46,0.0,0.0,,-1550.0
2,19,6.0,8,13.74,27.3,23.29,0.0,0.0,0.0,0.0,,0.0
2,20,6.0,8,12.09,23.43,21.24,0.0,0.0,0.0,0.0,,0.0
2,21,6.0,8,10.9,20.97,19.22,0.0,0.0,0.0,0.0,,0.0
2,22,6.0,8,10.14,19.08,17.57,0.0,0.0,0.0,0.0,,0.0
2,23,6.0,8,9.79,17.61,16.29,0.0,0.0,0.0,0.0,,0.0
2,24,6.0,8,9.56,16.37,15.22,0.0,0.0,0.0,0.0,,0.0
2,1,7.0,8,9.64,15.45,14.43,0.0,0.0,0.0,0.0,,0.0
2,2,7.0,8,9.77,14.7,13.8,0.0,0.0,0.0,-0.0,,0.0
2,3,7.0,8,9.72,13.96,13.17,0.0,0.0,0.0,-0.0,,0.0
2,4,7.0,8,9.63,13.29,12.59,0.0,0.0,0.0,-0.0,,0.0
2,5,7.0,8,9.59,12.72,12.11,0.0,0.0,0.0,-0.0,,0.0
2,6,7.0,8,9.91,12.42,11.87,0.0,0.0,0.0,-0.0,,0.0
2,7,7.0,8,9.85,11.99,11.51,0.0,4.38,0.0,-0.0,,0.0
2,8,7.0,8,9.72,14.95,19.95,18554.87,1016.93,0.0,0.0,,575.20097
2,9,7.0,8,10.73,16.85,19.95,10018.49,6577.02,0.0,0.0,,310.57319
2,10,7.0,8,13.14,20.8,21.0,0.0,17465.97,0.0,0.0,,0.0
2,11,7.0,8,15.89,24.68,24.68,0.0,25006.67,0.0,0.0,,0.0
2,12,7.0,8,18.23,27.9,24.95,-10294.62,29710.56,0.0,0.0,,-319.13322000000005
2,13,7.0,8,19.96,30.36,24.95,-17952.51,32240.19,0.0,-585.07,,-574.66498
2,14,7.0,8,20.81,31.79,24.95,-21978.3,32715.56,0.0,0.0,,-681.3272999999999
2,15,7.0,8,20.77,41.22,26.16,-50000.0,80191.65,0.0,-4067.56,,-1676.0943599999998
2,16,7.0,8,20.87,52.83,36.9,-50000.0,134417.43,0.0,0.0,,-1550.0
2,17,7.0,8,19.97,59.15,42.89,-50000.0,160672.98,0.0,0.0,,-1550.0
2,18,7.0,8,18.26,48.75,32.23,-50000.0,100949.46,0.0,0.0,,-1550.0
2,19,7.0,8,15.01,28.41,24.34,0.0,0.0,0.0,0.0,,0.0
2,20,7.0,8,13.03,24.37,22.13,0.0,0.0,0.0,0.0,,0.0
2,21,7.0,8,11.77,21.85,20.07,0.0,0.0,0.0,0.0,,0.0
2,22,7.0,8,10.83,19.86,18.31,0.0,0.0,0.0,0.0,,0.0
2,23,7.0,8,10.46,18.36,17.01,0.0,0.0,0.0,0.0,,0.0
2,24,7.0,8,10.13,17.06,15.87,0.0,0.0,0.0,0.0,,0.0
2,1,1.0,9,9.92,15.96,14.91,0.0,0.0,0.0,0.0,,0.0
2,2,1.0,9,9.77,15.01,14.09,0.0,0.0,0.0,-0.0,,0.0
2,3,1.0,9,9.63,14.18,13.37,0.0,0.0,0.0,-0.0,,0.0
2,4,1.0,9,9.52,13.45,12.73,0.0,0.0,0.0,-0.0,,0.0
2,5,1.0,9,9.32,12.76,12.13,0.0,0.0,0.0,-0.0,,0.0
2,6,1.0,9,9.41,12.28,11.72,0.0,0.0,0.0,-0.0,,0.0
2,7,1.0,9,9.17,11.7,11.21,0.0,1.57,0.0,-0.0,,0.0
2,8,1.0,9,9.0,14.75,20.24,20296.87,2592.45,0.0,0.0,,608.9060999999999
2,9,1.0,9,10.25,17.51,20.24,8587.11,12049.89,0.0,0.0,,257.61330000000004
2,10,1.0,9,12.74,21.23,21.4,0.0,21122.75,0.0,0.0,,0.0
2,11,1.0,9,15.89,25.49,25.24,-884.19,29279.41,0.0,0.0,,-26.5257
2,12,1.0,9,18.41,29.24,25.24,-13889.84,35854.99,0.0,0.0,,-416.6952
2,13,1.0,9,20.86,32.42,25.24,-23816.75,39156.14,0.0,-3465.02,,-818.4531
2,14,1.0,9,21.89,33.41,25.24,-25966.03,35890.97,0.0,-3483.23,,-883.4777999999999
2,15,1.0,9,22.47,47.06,31.82,-50000.0,103620.33,0.0,-1208.94,,-1536.2682000000002
2,16,1.0,9,22.55,60.23,44.21,-50000.0,163706.0,0.0,0.0,,-1500.0
2,17,1.0,9,21.73,70.37,54.03,-50000.0,207990.99,2548.62,0.0,,-1423.5413999999998
2,18,1.0,9,19.77,74.38,57.79,-50000.0,223056.3,6427.58,0.0,,-1307.1725999999999
2,19,1.0,9,16.64,81.82,77.67,0.0,168775.59,0.0,0.0,,0.0
2,20,1.0,9,14.85,37.54,35.23,0.0,0.0,0.0,-0.0,,0.0
2,21,1.0,9,13.38,30.47,28.62,0.0,0.0,0.0,-0.0,,0.0
2,22,1.0,9,12.44,27.12,25.52,0.0,0.0,0.0,0.0,,0.0
2,23,1.0,9,11.93,24.74,23.34,0.0,0.0,0.0,0.0,,0.0
2,24,1.0,9,11.47,22.73,21.5,0.0,0.0,0.0,0.0,,0.0
2,1,2.0,9,11.18,21.04,19.95,0.0,0.0,0.0,0.0,,0.0
2,2,2.0,9,11.05,19.62,18.67,0.0,0.0,0.0,-0.0,,0.0
2,3,2.0,9,10.99,18.42,17.58,0.0,0.0,0.0,-0.0,,0.0
2,4,2.0,9,11.07,17.44,16.7,0.0,0.0,0.0,-0.0,,0.0
2,5,2.0,9,10.81,16.42,15.77,0.0,0.0,0.0,-0.0,,0.0
2,6,2.0,9,10.4,15.41,14.83,0.0,0.0,0.0,-0.0,,0.0
2,7,2.0,9,10.03,14.49,13.98,0.0,1.57,0.0,-0.0,,0.0
2,8,2.0,9,9.68,16.65,20.24,13672.24,2592.45,0.0,0.0,,410.16720000000004
2,9,2.0,9,10.49,18.9,20.24,4368.71,12049.89,0.0,0.0,,131.06130000000002
2,10,2.0,9,12.28,21.97,21.96,0.0,21122.75,0.0,0.0,,0.0
2,11,2.0,9,14.81,25.62,25.24,-1030.99,29279.41,0.0,0.0,,-30.9297
2,12,2.0,9,16.79,28.81,25.24,-12142.6,35854.99,0.0,0.0,,-364.278
2,13,2.0,9,18.38,31.22,25.24,-19556.17,39156.14,0.0,0.0,,-586.6850999999999
2,14,2.0,9,18.76,31.56,25.24,-19770.38,35890.97,0.0,0.0,,-593.1114
2,15,2.0,9,18.7,44.57,29.49,-50000.0,103620.33,0.0,-231.54,,-1506.9461999999999
2,16,2.0,9,18.1,57.07,41.1,-50000.0,163706.0,0.0,0.0,,-1500.0
2,17,2.0,9,17.45,67.14,50.84,-50000.0,207990.99,3472.05,0.0,,-1395.8385
2,18,2.0,9,15.49,71.01,54.45,-50000.0,223056.3,6143.93,0.0,,-1315.6821
2,19,2.0,9,13.33,79.19,75.08,0.0,168775.59,0.0,0.0,,0.0
2,20,2.0,9,11.37,34.81,32.54,0.0,0.0,0.0,-0.0,,0.0
2,21,2.0,9,10.18,27.8,25.98,0.0,0.0,0.0,-0.0,,0.0
2,22,2.0,9,9.5,24.54,22.97,0.0,0.0,0.0,0.0,,0.0
2,23,2.0,9,9.43,22.37,21.0,0.0,0.0,0.0,0.0,,0.0
2,24,2.0,9,9.31,20.55,19.34,0.0,0.0,0.0,0.0,,0.0
2,1,3.0,9,9.37,19.07,18.0,0.0,0.0,0.0,0.0,,0.0
2,2,3.0,9,9.27,17.71,16.77,0.0,0.0,0.0,0.0,,0.0
2,3,3.0,9,9.26,16.55,15.73,0.0,0.0,0.0,-0.0,,0.0
2,4,3.0,9,9.49,15.68,14.95,0.0,0.0,0.0,-0.0,,0.0
2,5,3.0,9,9.75,14.98,14.34,0.0,0.0,0.0,-0.0,,0.0
2,6,3.0,9,9.81,14.29,13.73,0.0,0.0,0.0,-0.0,,0.0
2,7,3.0,9,9.92,13.72,13.22,0.0,1.57,0.0,-0.0,,0.0
2,8,3.0,9,10.12,20.4,19.96,0.0,2592.45,0.0,0.0,,0.0
2,9,3.0,9,10.61,24.04,23.64,0.0,12049.89,0.0,0.0,,0.0
2,10,3.0,9,11.48,27.67,27.33,0.0,21122.75,0.0,0.0,,0.0
2,11,3.0,9,14.49,32.45,32.14,0.0,29279.41,0.0,0.0,,0.0
2,12,3.0,9,16.27,36.49,36.22,0.0,35854.99,0.0,0.0,,0.0
2,13,3.0,9,17.15,39.22,38.98,0.0,39156.14,0.0,0.0,,0.0
2,14,3.0,9,17.74,39.87,39.66,0.0,35890.97,0.0,0.0,,0.0
2,15,3.0,9,17.52,59.28,59.09,0.0,103620.33,0.0,0.0,,0.0
2,16,3.0,9,17.13,79.53,79.36,0.0,163706.0,0.0,0.0,,0.0
2,17,3.0,9,15.55,95.88,95.73,0.0,207990.99,0.0,0.0,,0.0
2,18,3.0,9,14.16,104.37,104.24,0.0,223056.3,0.0,-0.0,,0.0
2,19,3.0,9,12.82,86.37,86.25,0.0,168775.59,0.0,0.0,,0.0
2,20,3.0,9,11.9,38.78,38.67,0.0,0.0,0.0,-0.0,,0.0
2,21,3.0,9,11.19,31.27,31.18,0.0,0.0,0.0,-0.0,,0.0
2,22,3.0,9,10.64,27.75,27.67,0.0,0.0,0.0,0.0,,0.0
2,23,3.0,9,10.3,25.19,25.12,0.0,0.0,0.0,0.0,,0.0
2,24,3.0,9,10.11,23.09,23.03,0.0,0.0,0.0,0.0,,0.0
2,1,4.0,9,9.91,21.26,21.2,0.0,0.0,0.0,0.0,,0.0
2,2,4.0,9,9.66,19.61,19.56,0.0,0.0,0.0,0.0,,0.0
2,3,4.0,9,9.39,18.13,18.08,0.0,0.0,0.0,0.0,,0.0
2,4,4.0,9,9.28,16.89,16.85,0.0,0.0,0.0,0.0,,0.0
2,5,4.0,9,9.28,15.86,15.83,0.0,0.0,0.0,0.0,,0.0
2,6,4.0,9,9.15,14.9,14.87,0.0,0.0,0.0,-0.0,,0.0
2,7,4.0,9,9.01,14.03,14.0,0.0,1.57,0.0,-0.0,,0.0
2,8,4.0,9,8.63,20.24,20.22,0.0,2592.45,0.0,0.0,,0.0
2,9,4.0,9,10.64,24.52,24.5,0.0,12049.89,0.0,0.0,,0.0
2,10,4.0,9,12.84,28.88,28.86,0.0,21122.75,0.0,0.0,,0.0
2,11,4.0,9,15.34,33.45,33.43,0.0,29279.41,0.0,0.0,,0.0
2,12,4.0,9,17.93,37.91,37.9,0.0,35854.99,0.0,0.0,,0.0
2,13,4.0,9,19.63,41.16,41.14,0.0,39156.14,0.0,0.0,,0.0
2,14,4.0,9,21.26,42.48,42.46,0.0,35890.97,0.0,0.0,,0.0
2,15,4.0,9,22.06,62.6,62.59,0.0,103620.33,0.0,0.0,,0.0
2,16,4.0,9,21.83,83.13,83.12,0.0,163706.0,0.0,0.0,,0.0
2,17,4.0,9,20.77,99.92,99.92,0.0,207990.99,0.0,0.0,,0.0
2,18,4.0,9,18.67,108.2,108.19,0.0,223056.3,0.0,-0.0,,0.0
2,19,4.0,9,16.25,89.67,89.67,0.0,168775.59,0.0,0.0,,0.0
2,20,4.0,9,13.8,41.23,41.22,0.0,0.0,0.0,-0.0,,0.0
2,21,4.0,9,12.23,33.13,33.13,0.0,0.0,0.0,-0.0,,0.0
2,22,4.0,9,11.42,29.33,29.32,0.0,0.0,0.0,0.0,,0.0
2,23,4.0,9,10.6,26.39,26.39,0.0,0.0,0.0,0.0,,0.0
2,24,4.0,9,10.08,23.98,23.97,0.0,0.0,0.0,0.0,,0.0
2,1,5.0,9,9.78,21.96,21.95,0.0,0.0,0.0,0.0,,0.0
2,2,5.0,9,9.52,20.19,20.19,0.0,0.0,0.0,0.0,,0.0
2,3,5.0,9,9.33,18.66,18.66,0.0,0.0,0.0,0.0,,0.0
2,4,5.0,9,9.18,17.33,17.33,0.0,0.0,0.0,-0.0,,0.0
2,5,5.0,9,8.96,16.12,16.11,0.0,0.0,0.0,-0.0,,0.0
2,6,5.0,9,8.58,14.94,14.93,0.0,0.0,0.0,-0.0,,0.0
2,7,5.0,9,8.47,14.0,13.99,0.0,1.57,0.0,-0.0,,0.0
2,8,5.0,9,8.25,15.83,20.24,15444.44,2592.45,0.0,0.0,,463.33320000000003
2,9,5.0,9,9.92,18.59,20.24,4364.08,12049.89,0.0,0.0,,130.92239999999998
2,10,5.0,9,12.85,22.44,22.68,0.0,21122.75,0.0,0.0,,0.0
2,11,5.0,9,16.3,26.78,25.24,-5841.93,29279.41,0.0,0.0,,-175.25790000000003
2,12,5.0,9,19.18,30.68,25.24,-18875.0,35854.99,0.0,-609.74,,-584.5422000000001
2,13,5.0,9,21.75,33.87,25.24,-28632.47,39156.14,0.0,-4560.06,,-995.7758999999999
2,14,5.0,9,23.23,35.1,25.24,-31536.27,35890.97,0.0,-4090.41,,-1068.8003999999999
2,15,5.0,9,23.79,48.71,33.31,-50000.0,103620.33,0.0,0.0,,-1500.0
2,16,5.0,9,23.85,61.83,45.76,-50000.0,163706.0,0.0,0.0,,-1500.0
2,17,5.0,9,22.94,71.87,55.5,-50000.0,207990.99,3834.07,0.0,,-1384.9778999999999
2,18,5.0,9,20.9,75.79,59.17,-50000.0,223056.3,8094.54,0.0,,-1257.1638
2,19,5.0,9,17.93,83.39,79.2,0.0,168775.59,0.0,0.0,,0.0
2,20,5.0,9,16.1,39.08,36.74,0.0,0.0,0.0,-0.0,,0.0
2,21,5.0,9,14.46,31.88,30.0,0.0,0.0,0.0,-0.0,,0.0
2,22,5.0,9,13.44,28.44,26.82,0.0,0.0,0.0,0.0,,0.0
2,23,5.0,9,12.7,25.9,24.48,0.0,0.0,0.0,0.0,,0.0
2,24,5.0,9,12.18,23.81,22.56,0.0,0.0,0.0,0.0,,0.0
2,1,6.0,9,11.86,22.05,20.95,0.0,0.0,0.0,0.0,,0.0
2,2,6.0,9,11.5,20.47,19.5,0.0,0.0,0.0,-0.0,,0.0
2,3,6.0,9,11.12,19.03,18.18,0.0,0.0,0.0,-0.0,,0.0
2,4,6.0,9,10.83,17.79,17.04,0.0,0.0,0.0,-0.0,,0.0
2,5,6.0,9,10.54,16.67,16.01,0.0,0.0,0.0,-0.0,,0.0
2,6,6.0,9,10.3,15.68,15.09,0.0,0.0,0.0,-0.0,,0.0
2,7,6.0,9,9.71,14.6,14.08,0.0,1.57,0.0,-0.0,,0.0
2,8,6.0,9,9.13,16.42,20.24,14485.4,2592.45,0.0,0.0,,434.562
2,9,6.0,9,10.83,19.24,20.24,3111.2,12049.89,0.0,0.0,,93.336
2,10,6.0,9,12.85,22.48,22.45,0.0,21122.75,0.0,0.0,,0.0
2,11,6.0,9,15.74,26.4,25.24,-3760.16,29279.41,0.0,0.0,,-112.80479999999999
2,12,6.0,9,18.04,29.85,25.24,-15504.89,35854.99,0.0,-480.52,,-479.5623
2,13,6.0,9,19.58,32.26,25.24,-22798.33,39156.14,0.0,-1232.69,,-720.9306
2,14,6.0,9,20.64,33.1,25.24,-24678.4,35890.97,0.0,-669.42,,-760.4345999999999
2,15,6.0,9,20.85,46.36,31.09,-50000.0,103620.33,0.0,0.0,,-1500.0
2,16,6.0,9,20.82,59.32,43.26,-50000.0,163706.0,0.0,0.0,,-1500.0
2,17,6.0,9,19.85,69.24,52.87,-50000.0,207990.99,4462.23,0.0,,-1366.1331
2,18,6.0,9,17.9,73.16,56.54,-50000.0,223056.3,7232.62,0.0,,-1283.0213999999999
2,19,6.0,9,15.56,81.18,76.99,0.0,168775.59,0.0,0.0,,0.0
2,20,6.0,9,13.63,36.83,34.48,0.0,0.0,0.0,-0.0,,0.0
2,21,6.0,9,12.07,29.65,27.77,0.0,0.0,0.0,-0.0,,0.0
2,22,6.0,9,11.09,26.22,24.59,0.0,0.0,0.0,0.0,,0.0
2,23,6.0,9,10.46,23.72,22.3,0.0,0.0,0.0,0.0,,0.0
2,24,6.0,9,9.59,21.43,20.18,0.0,0.0,0.0,0.0,,0.0
2,1,7.0,9,9.21,19.6,18.5,0.0,0.0,0.0,0.0,,0.0
2,2,7.0,9,8.79,17.96,16.99,0.0,0.0,0.0,0.0,,0.0
2,3,7.0,9,8.61,16.61,15.75,0.0,0.0,0.0,-0.0,,0.0
2,4,7.0,9,8.39,15.39,14.64,0.0,0.0,0.0,-0.0,,0.0
2,5,7.0,9,8.5,14.49,13.82,0.0,0.0,0.0,-0.0,,0.0
2,6,7.0,9,8.21,13.5,12.92,0.0,0.0,0.0,-0.0,,0.0
2,7,7.0,9,8.17,12.74,12.22,0.0,1.57,0.0,-0.0,,0.0
2,8,7.0,9,8.01,15.0,20.24,19487.32,2592.45,0.0,0.0,,584.6196
2,9,7.0,9,9.28,17.57,20.24,8519.55,12049.89,0.0,0.0,,255.58649999999997
2,10,7.0,9,10.89,20.55,20.69,0.0,21122.75,0.0,0.0,,0.0
2,11,7.0,9,13.85,24.49,24.48,0.0,29279.41,0.0,0.0,,0.0
2,12,7.0,9,16.27,28.03,25.24,-9663.75,35854.99,0.0,0.0,,-289.9125
2,13,7.0,9,18.53,30.95,25.24,-19026.94,39156.14,0.0,0.0,,-570.8081999999999
2,14,7.0,9,19.59,31.84,25.24,-21006.33,35890.97,0.0,0.0,,-630.1899000000001
2,15,7.0,9,19.68,45.05,30.0,-50000.0,103620.33,0.0,0.0,,-1500.0
2,16,7.0,9,19.7,58.06,42.13,-50000.0,163706.0,0.0,0.0,,-1500.0
2,17,7.0,9,18.6,67.91,51.65,-50000.0,207990.99,4755.3,0.0,,-1357.341
2,18,7.0,9,16.43,71.68,55.15,-50000.0,223056.3,7285.09,0.0,,-1281.4473
2,19,7.0,9,13.64,79.46,75.38,0.0,168775.59,0.0,0.0,,0.0
2,20,7.0,9,11.53,34.96,32.72,0.0,0.0,0.0,-0.0,,0.0
2,21,7.0,9,10.03,27.78,25.99,0.0,0.0,0.0,-0.0,,0.0
2,22,7.0,9,9.11,24.36,22.81,0.0,0.0,0.0,0.0,,0.0
2,23,7.0,9,8.78,22.01,20.66,0.0,0.0,0.0,0.0,,0.0
2,24,7.0,9,8.33,19.96,18.77,0.0,0.0,0.0,0.0,,0.0
2,1,1.0,9,8.0,18.2,17.16,0.0,0.0,0.0,0.0,,0.0
2,2,1.0,9,7.87,16.75,15.82,0.0,0.0,0.0,0.0,,0.0
2,3,1.0,9,7.66,15.42,14.61,0.0,0.0,0.0,-0.0,,0.0
2,4,1.0,9,7.36,14.2,13.48,0.0,0.0,0.0,-0.0,,0.0
2,5,1.0,9,7.18,13.16,12.52,0.0,0.0,0.0,-0.0,,0.0
2,6,1.0,9,7.18,12.32,11.76,0.0,0.0,0.0,-0.0,,0.0
2,7,1.0,9,7.25,11.64,11.15,0.0,1.57,0.0,-0.0,,0.0
2,8,1.0,9,7.13,14.0,20.24,22919.52,2592.45,0.0,0.0,,687.5856
2,9,1.0,9,7.9,16.25,20.24,12790.94,12049.89,0.0,0.0,,383.7282
2,10,1.0,9,10.16,19.65,20.24,1025.65,21122.75,0.0,0.0,,30.769500000000004
2,11,1.0,9,13.66,24.02,24.1,0.0,29279.41,0.0,0.0,,0.0
2,12,1.0,9,16.49,27.89,25.24,-9387.04,35854.99,0.0,0.0,,-281.6112
2,13,1.0,9,18.74,30.86,25.24,-18923.86,39156.14,0.0,0.0,,-567.7158000000001
2,14,1.0,9,20.28,32.13,25.24,-22214.11,35890.97,0.0,0.0,,-666.4233
2,15,1.0,9,20.42,45.45,30.4,-50000.0,103620.33,0.0,0.0,,-1500.0
2,16,1.0,9,20.55,58.58,42.67,-50000.0,163706.0,0.0,0.0,,-1500.0
2,17,1.0,9,19.4,68.45,52.21,-50000.0,207990.99,4070.83,0.0,,-1377.8750999999997
2,18,1.0,9,17.28,72.29,55.78,-50000.0,223056.3,7076.87,0.0,,-1287.6939
2,19,1.0,9,14.84,80.2,76.15,0.0,168775.59,0.0,0.0,,0.0
2,20,1.0,9,12.81,35.81,33.59,0.0,0.0,0.0,-0.0,,0.0
2,21,1.0,9,11.36,28.71,26.94,0.0,0.0,0.0,-0.0,,0.0
2,22,1.0,9,10.64,25.45,23.92,0.0,0.0,0.0,0.0,,0.0
2,23,1.0,9,10.27,23.14,21.8,0.0,0.0,0.0,0.0,,0.0
2,24,1.0,9,9.92,21.2,20.02,0.0,0.0,0.0,0.0,,0.0
2,1,2.0,9,9.69,19.54,18.5,0.0,0.0,0.0,0.0,,0.0
2,2,2.0,9,9.75,18.23,17.32,0.0,0.0,0.0,0.0,,0.0
2,3,2.0,9,9.74,17.08,16.27,0.0,0.0,0.0,-0.0,,0.0
2,4,2.0,9,9.62,16.01,15.3,0.0,0.0,0.0,-0.0,,0.0
2,5,2.0,9,9.42,15.02,14.39,0.0,0.0,0.0,-0.0,,0.0
2,6,2.0,9,9.46,14.25,13.7,0.0,0.0,0.0,-0.0,,0.0
2,7,2.0,9,9.56,13.63,13.14,0.0,1.57,0.0,-0.0,,0.0
2,8,2.0,9,9.33,16.04,20.24,15762.32,2592.45,0.0,0.0,,472.8696
2,9,2.0,9,9.76,18.08,20.24,7014.33,12049.89,0.0,0.0,,210.4299
2,10,2.0,9,10.9,20.7,20.79,0.0,21122.75,0.0,0.0,,0.0
2,11,2.0,9,13.96,24.69,24.65,0.0,29279.41,0.0,0.0,,0.0
2,12,2.0,9,16.55,28.33,25.24,-10653.25,35854.99,0.0,0.0,,-319.5975
2,13,2.0,9,17.88,30.6,25.24,-17670.53,39156.14,0.0,0.0,,-530.1158999999999
2,14,2.0,9,17.84,30.66,25.24,-16946.16,35890.97,0.0,0.0,,-508.3848
2,15,2.0,9,17.47,43.45,28.49,-50000.0,103620.33,0.0,0.0,,-1500.0
2,16,2.0,9,17.2,56.15,40.24,-50000.0,163706.0,0.0,0.0,,-1500.0
2,17,2.0,9,16.52,66.21,49.96,-50000.0,207990.99,2753.14,0.0,,-1417.4058
2,18,2.0,9,14.75,70.2,53.69,-50000.0,223056.3,4878.56,0.0,,-1353.6432000000002
2,19,2.0,9,12.71,78.45,74.4,0.0,168775.59,0.0,0.0,,0.0
2,20,2.0,9,11.33,34.41,32.18,0.0,0.0,0.0,-0.0,,0.0
2,21,2.0,9,9.99,27.38,25.61,0.0,0.0,0.0,-0.0,,0.0
2,22,2.0,9,9.42,24.2,22.67,0.0,0.0,0.0,0.0,,0.0
2,23,2.0,9,9.53,22.17,20.83,0.0,0.0,0.0,0.0,,0.0
2,24,2.0,9,9.46,20.42,19.24,0.0,0.0,0.0,0.0,,0.0
2,1,3.0,9,9.53,18.98,17.94,0.0,0.0,0.0,0.0,,0.0
2,2,3.0,9,9.48,17.68,16.77,0.0,0.0,0.0,0.0,,0.0
2,3,3.0,9,9.49,16.57,15.77,0.0,0.0,0.0,-0.0,,0.0
2,4,3.0,9,9.56,15.64,14.93,0.0,0.0,0.0,-0.0,,0.0
2,5,3.0,9,9.62,14.84,14.21,0.0,0.0,0.0,-0.0,,0.0
2,6,3.0,9,9.69,14.15,13.6,0.0,0.0,0.0,-0.0,,0.0
2,7,3.0,9,9.89,13.63,13.14,0.0,1.57,0.0,-0.0,,0.0
2,8,3.0,9,9.84,20.18,19.75,0.0,2592.45,0.0,0.0,,0.0
2,9,3.0,9,10.66,23.98,23.6,0.0,12049.89,0.0,0.0,,0.0
2,10,3.0,9,12.16,27.98,27.65,0.0,21122.75,0.0,0.0,,0.0
2,11,3.0,9,15.44,32.98,32.68,0.0,29279.41,0.0,0.0,,0.0
2,12,3.0,9,17.84,37.42,37.16,0.0,35854.99,0.0,0.0,,0.0
2,13,3.0,9,19.18,40.51,40.28,0.0,39156.14,0.0,0.0,,0.0
2,14,3.0,9,20.08,41.44,41.23,0.0,35890.97,0.0,0.0,,0.0
2,15,3.0,9,20.33,61.21,61.03,0.0,103620.33,0.0,0.0,,0.0
2,16,3.0,9,20.34,81.81,81.64,0.0,163706.0,0.0,0.0,,0.0
2,17,3.0,9,19.19,98.53,98.39,0.0,207990.99,0.0,0.0,,0.0
2,18,3.0,9,17.19,106.83,106.7,0.0,223056.3,0.0,-0.0,,0.0
2,19,3.0,9,14.8,88.31,88.19,0.0,168775.59,0.0,0.0,,0.0
2,20,3.0,9,12.52,39.94,39.84,0.0,0.0,0.0,-0.0,,0.0
2,21,3.0,9,10.9,31.82,31.73,0.0,0.0,0.0,-0.0,,0.0
2,22,3.0,9,9.96,27.94,27.86,0.0,0.0,0.0,0.0,,0.0
2,23,3.0,9,9.52,25.2,25.13,0.0,0.0,0.0,0.0,,0.0
2,24,3.0,9,9.12,22.87,22.81,0.0,0.0,0.0,0.0,,0.0
2,1,4.0,9,8.9,20.92,20.86,0.0,0.0,0.0,0.0,,0.0
2,2,4.0,9,8.86,19.3,19.25,0.0,0.0,0.0,0.0,,0.0
2,3,4.0,9,8.57,17.75,17.71,0.0,0.0,0.0,0.0,,0.0
2,4,4.0,9,8.22,16.33,16.29,0.0,0.0,0.0,0.0,,0.0
2,5,4.0,9,7.87,15.04,15.01,0.0,0.0,0.0,0.0,,0.0
2,6,4.0,9,7.52,13.87,13.84,0.0,0.0,0.0,0.0,,0.0
2,7,4.0,9,7.2,12.82,12.79,0.0,1.57,0.0,0.0,,0.0
2,8,4.0,9,7.04,19.06,19.04,0.0,2592.45,0.0,0.0,,0.0
2,9,4.0,9,9.21,23.39,23.37,0.0,12049.89,0.0,0.0,,0.0
2,10,4.0,9,12.27,28.19,28.17,0.0,21122.75,0.0,0.0,,0.0
2,11,4.0,9,15.82,33.37,33.36,0.0,29279.41,0.0,0.0,,0.0
2,12,4.0,9,18.99,38.26,38.25,0.0,35854.99,0.0,0.0,,0.0
2,13,4.0,9,20.38,41.45,41.44,0.0,39156.14,0.0,0.0,,0.0
2,14,4.0,9,20.7,42.11,42.1,0.0,35890.97,0.0,0.0,,0.0
2,15,4.0,9,21.26,62.04,62.03,0.0,103620.33,0.0,0.0,,0.0
2,16,4.0,9,21.53,82.8,82.79,0.0,163706.0,0.0,0.0,,0.0
2,17,4.0,9,21.44,100.15,100.14,0.0,207990.99,0.0,0.0,,0.0
2,18,4.0,9,19.78,108.74,108.74,0.0,223056.3,0.0,-0.0,,0.0
2,19,4.0,9,16.62,89.9,89.9,0.0,168775.59,0.0,0.0,,0.0
2,20,4.0,9,14.85,41.83,41.82,0.0,0.0,0.0,-0.0,,0.0
2,21,4.0,9,13.34,33.84,33.84,0.0,0.0,0.0,-0.0,,0.0
2,22,4.0,9,12.45,30.05,30.05,0.0,0.0,0.0,0.0,,0.0
2,23,4.0,9,12.06,27.38,27.38,0.0,0.0,0.0,0.0,,0.0
2,24,4.0,9,11.61,25.08,25.08,0.0,0.0,0.0,0.0,,0.0
2,1,5.0,9,11.61,23.28,23.28,0.0,0.0,0.0,0.0,,0.0
2,2,5.0,9,11.58,21.72,21.71,0.0,0.0,0.0,0.0,,0.0
2,3,5.0,9,11.5,20.32,20.32,0.0,0.0,0.0,0.0,,0.0
2,4,5.0,9,11.4,19.09,19.09,0.0,0.0,0.0,0.0,,0.0
2,5,5.0,9,11.18,17.93,17.93,0.0,0.0,0.0,-0.0,,0.0
2,6,5.0,9,10.93,16.88,16.88,0.0,0.0,0.0,-0.0,,0.0
2,7,5.0,9,10.86,16.02,16.02,0.0,1.57,0.0,-0.0,,0.0
2,8,5.0,9,10.54,17.94,20.24,8083.08,2592.45,0.0,0.0,,242.4924
2,9,5.0,9,11.45,20.2,20.41,0.0,12049.89,0.0,0.0,,0.0
2,10,5.0,9,12.97,23.03,23.1,0.0,21122.75,0.0,0.0,,0.0
2,11,5.0,9,15.76,26.81,25.24,-5669.24,29279.41,0.0,0.0,,-170.07719999999998
2,12,5.0,9,18.27,30.35,25.24,-17531.62,35854.99,0.0,-1200.84,,-561.9738
2,13,5.0,9,20.27,33.05,25.24,-25718.27,39156.14,0.0,-3724.53,,-883.284
2,14,5.0,9,21.67,34.12,25.24,-28241.47,35890.97,0.0,-2642.75,,-926.5266000000001
2,15,5.0,9,21.96,47.45,32.13,-50000.0,103620.33,0.0,0.0,,-1500.0
2,16,5.0,9,21.79,60.32,44.27,-50000.0,163706.0,0.0,0.0,,-1500.0
2,17,5.0,9,20.79,70.22,53.86,-50000.0,207990.99,3191.19,0.0,,-1404.2642999999998
2,18,5.0,9,19.18,74.36,57.75,-50000.0,223056.3,7051.6,0.0,,-1288.452
2,19,5.0,9,16.1,81.99,77.81,0.0,168775.59,0.0,0.0,,0.0
2,20,5.0,9,14.18,37.58,35.25,0.0,0.0,0.0,-0.0,,0.0
2,21,5.0,9,12.34,30.23,28.36,0.0,0.0,0.0,-0.0,,0.0
2,22,5.0,9,11.11,26.61,24.99,0.0,0.0,0.0,0.0,,0.0
2,23,5.0,9,10.47,24.05,22.64,0.0,0.0,0.0,0.0,,0.0
2,24,5.0,9,9.95,21.91,20.66,0.0,0.0,0.0,0.0,,0.0
2,1,6.0,9,9.52,20.05,18.96,0.0,0.0,0.0,0.0,,0.0
2,2,6.0,9,9.15,18.42,17.46,0.0,0.0,0.0,0.0,,0.0
2,3,6.0,9,8.64,16.88,16.03,0.0,0.0,0.0,0.0,,0.0
2,4,6.0,9,8.23,15.52,14.77,0.0,0.0,0.0,0.0,,0.0
2,5,6.0,9,7.96,14.36,13.7,0.0,0.0,0.0,0.0,,0.0
2,6,6.0,9,7.61,13.28,12.7,0.0,0.0,0.0,0.0,,0.0
2,7,6.0,9,7.72,12.54,12.03,0.0,1.57,0.0,0.0,,0.0
2,8,6.0,9,8.1,15.08,20.24,19183.59,2592.45,0.0,0.0,,575.5077
2,9,6.0,9,10.49,18.44,20.24,5484.26,12049.89,0.0,0.0,,164.5278
2,10,6.0,9,13.79,22.66,22.73,0.0,21122.75,0.0,0.0,,0.0
2,11,6.0,9,17.24,27.11,25.24,-6417.13,29279.41,0.0,0.0,,-192.5139
2,12,6.0,9,20.17,31.13,25.24,-19871.28,35854.99,0.0,0.0,,-596.1383999999999
2,13,6.0,9,22.16,33.99,25.24,-28503.04,39156.14,0.0,0.0,,-855.0912000000001
2,14,6.0,9,24.05,35.53,25.24,-32604.05,35890.97,0.0,-925.66,,-1005.8912999999999
2,15,6.0,9,25.0,49.47,33.93,-50000.0,103620.33,0.0,0.0,,-1500.0
2,16,6.0,9,25.25,62.79,46.62,-50000.0,163706.0,0.0,0.0,,-1500.0
2,17,6.0,9,24.47,72.99,56.53,-50000.0,207990.99,4676.96,0.0,,-1359.6912
2,18,6.0,9,22.29,76.86,60.17,-50000.0,223056.3,10892.87,0.0,,-1173.2139
2,19,6.0,9,18.56,83.97,79.69,0.0,168775.59,0.0,0.0,,0.0
2,20,6.0,9,16.43,39.47,37.04,0.0,0.0,0.0,-0.0,,0.0
2,21,6.0,9,14.85,32.28,30.32,0.0,0.0,0.0,-0.0,,0.0
2,22,6.0,9,13.99,28.92,27.23,0.0,0.0,0.0,0.0,,0.0
2,23,6.0,9,13.26,26.4,24.91,0.0,0.0,0.0,0.0,,0.0
2,24,6.0,9,12.45,24.15,22.84,0.0,0.0,0.0,0.0,,0.0
2,1,7.0,9,11.86,22.22,21.07,0.0,0.0,0.0,0.0,,0.0
2,2,7.0,9,11.45,20.58,19.57,0.0,0.0,0.0,0.0,,0.0
2,3,7.0,9,11.15,19.17,18.28,0.0,0.0,0.0,-0.0,,0.0
2,4,7.0,9,10.79,17.87,17.09,0.0,0.0,0.0,-0.0,,0.0
2,5,7.0,9,10.32,16.63,15.94,0.0,0.0,0.0,0.0,,0.0
2,6,7.0,9,9.92,15.53,14.92,0.0,0.0,0.0,-0.0,,0.0
2,7,7.0,9,10.01,14.78,14.24,0.0,1.57,0.0,-0.0,,0.0
2,8,7.0,9,9.87,16.97,20.24,12608.69,2592.45,0.0,0.0,,378.2607
2,9,7.0,9,10.57,19.13,20.24,3706.49,12049.89,0.0,0.0,,111.1947
2,10,7.0,9,11.63,21.67,21.63,0.0,21122.75,0.0,0.0,,0.0
2,11,7.0,9,14.08,25.2,25.09,0.0,29279.41,0.0,0.0,,0.0
2,12,7.0,9,16.14,28.4,25.24,-10728.88,35854.99,0.0,0.0,,-321.86639999999994
2,13,7.0,9,17.93,30.92,25.24,-18593.29,39156.14,0.0,0.0,,-557.7987
2,14,7.0,9,18.81,31.59,25.24,-19970.66,35890.97,0.0,-202.85,,-605.2053
2,15,7.0,9,19.24,44.95,29.88,-50000.0,103620.33,0.0,-3305.92,,-1599.1775999999998
2,16,7.0,9,19.43,58.04,42.08,-50000.0,163706.0,0.0,0.0,,-1500.0
2,17,7.0,9,18.65,68.09,51.79,-50000.0,207990.99,289.09,0.0,,-1491.3273000000002
2,18,7.0,9,16.57,71.91,55.36,-50000.0,223056.3,4796.78,0.0,,-1356.0966
2,19,7.0,9,14.25,79.96,75.85,0.0,168775.59,0.0,0.0,,0.0
2,20,7.0,9,12.3,35.6,33.32,0.0,0.0,0.0,-0.0,,0.0
2,21,7.0,9,10.25,28.14,26.32,0.0,0.0,0.0,-0.0,,0.0
2,22,7.0,9,9.27,24.65,23.08,0.0,0.0,0.0,0.0,,0.0
2,23,7.0,9,9.02,22.33,20.95,0.0,0.0,0.0,0.0,,0.0
2,24,7.0,9,8.77,20.38,19.17,0.0,0.0,0.0,0.0,,0.0
2,1,1.0,9,8.85,18.85,17.79,0.0,0.0,0.0,0.0,,0.0
2,2,1.0,9,8.75,17.46,16.52,0.0,0.0,0.0,0.0,,0.0
2,3,1.0,9,8.52,16.15,15.32,0.0,0.0,0.0,0.0,,0.0
2,4,1.0,9,8.44,15.06,14.33,0.0,0.0,0.0,-0.0,,0.0
2,5,1.0,9,8.38,14.11,13.47,0.0,0.0,0.0,-0.0,,0.0
2,6,1.0,9,8.36,13.31,12.74,0.0,0.0,0.0,-0.0,,0.0
2,7,1.0,9,8.5,12.69,12.19,0.0,1.57,0.0,-0.0,,0.0
2,8,1.0,9,8.35,15.11,20.24,19058.09,2592.45,0.0,0.0,,571.7426999999999
2,9,1.0,9,9.78,17.83,20.24,7597.63,12049.89,0.0,0.0,,227.9289
2,10,1.0,9,11.92,21.21,21.34,0.0,21122.75,0.0,0.0,,0.0
2,11,1.0,9,14.83,25.19,25.17,0.0,29279.41,0.0,0.0,,0.0
2,12,1.0,9,17.47,28.92,25.24,-12787.68,35854.99,0.0,0.0,,-383.6304
2,13,1.0,9,19.31,31.6,25.24,-20997.11,39156.14,0.0,0.0,,-629.9133
2,14,1.0,9,20.71,32.73,25.24,-23858.1,35890.97,0.0,0.0,,-715.743
2,15,1.0,9,21.25,46.29,31.13,-50000.0,103620.33,0.0,0.0,,-1500.0
2,16,1.0,9,21.1,59.24,43.26,-50000.0,163706.0,0.0,0.0,,-1500.0
2,17,1.0,9,20.19,69.26,52.95,-50000.0,207990.99,4869.14,0.0,,-1353.9258
2,18,1.0,9,18.36,73.3,56.73,-50000.0,223056.3,8708.99,0.0,,-1238.7303
2,19,1.0,9,15.36,80.9,76.78,0.0,168775.59,0.0,0.0,,0.0
2,20,1.0,9,13.34,36.47,34.19,0.0,0.0,0.0,-0.0,,0.0
2,21,1.0,9,11.7,29.25,27.42,0.0,0.0,0.0,-0.0,,0.0
2,22,1.0,9,10.82,25.87,24.29,0.0,0.0,0.0,0.0,,0.0
2,23,1.0,9,10.24,23.41,22.03,0.0,0.0,0.0,0.0,,0.0
2,24,1.0,9,9.66,21.29,20.07,0.0,0.0,0.0,0.0,,0.0
2,1,2.0,9,9.23,19.47,18.4,0.0,0.0,0.0,0.0,,0.0
2,2,2.0,9,8.89,17.89,16.95,0.0,0.0,0.0,0.0,,0.0
2,3,2.0,9,8.6,16.5,15.67,0.0,0.0,0.0,-0.0,,0.0
2,4,2.0,9,8.26,15.23,14.5,0.0,0.0,0.0,-0.0,,0.0
2,5,2.0,9,8.16,14.21,13.56,0.0,0.0,0.0,-0.0,,0.0
2,6,2.0,9,8.04,13.3,12.73,0.0,0.0,0.0,-0.0,,0.0
2,7,2.0,9,7.96,12.52,12.01,0.0,1.57,0.0,-0.0,,0.0
2,8,2.0,9,7.91,14.86,20.24,19943.11,2592.45,0.0,0.0,,598.2933
2,9,2.0,9,9.89,17.93,20.24,7165.79,12049.89,0.0,0.0,,214.9737
2,10,2.0,9,12.54,21.68,21.8,0.0,21122.75,0.0,0.0,,0.0
2,11,2.0,9,15.65,25.84,25.24,-2015.15,29279.41,0.0,0.0,,-60.4545
2,12,2.0,9,18.3,29.6,25.24,-14990.13,35854.99,0.0,0.0,,-449.7039
2,13,2.0,9,20.38,32.47,25.24,-23795.96,39156.14,0.0,-1969.85,,-772.9743
2,14,2.0,9,21.44,33.4,25.24,-25840.36,35890.97,0.0,-1417.99,,-817.7505000000001
2,15,2.0,9,21.69,46.76,31.5,-50000.0,103620.33,0.0,0.0,,-1500.0
2,16,2.0,9,21.66,59.78,43.75,-50000.0,163706.0,0.0,0.0,,-1500.0
2,17,2.0,9,20.53,69.65,53.3,-50000.0,207990.99,4003.19,0.0,,-1379.9043
2,18,2.0,9,18.49,73.53,56.93,-50000.0,223056.3,7846.23,0.0,,-1264.6131
2,19,2.0,9,15.53,81.17,77.0,0.0,168775.59,0.0,0.0,,0.0
2,20,2.0,9,13.74,36.86,34.54,0.0,0.0,0.0,-0.0,,0.0
2,21,2.0,9,12.03,29.61,27.75,0.0,0.0,0.0,-0.0,,0.0
2,22,2.0,9,11.03,26.16,24.55,0.0,0.0,0.0,0.0,,0.0
2,23,2.0,9,10.38,23.65,22.24,0.0,0.0,0.0,0.0,,0.0
2,24,2.0,9,9.76,21.49,20.25,0.0,0.0,0.0,0.0,,0.0
2,1,3.0,9,9.35,19.66,18.57,0.0,0.0,0.0,0.0,,0.0
2,2,3.0,9,8.95,18.04,17.08,0.0,0.0,0.0,0.0,,0.0
2,3,3.0,9,8.59,16.6,15.76,0.0,0.0,0.0,-0.0,,0.0
2,4,3.0,9,8.22,15.3,14.55,0.0,0.0,0.0,-0.0,,0.0
2,5,3.0,9,8.09,14.25,13.59,0.0,0.0,0.0,-0.0,,0.0
2,6,3.0,9,7.99,13.34,12.76,0.0,0.0,0.0,-0.0,,0.0
2,7,3.0,9,7.92,12.55,12.03,0.0,1.57,0.0,-0.0,,0.0
2,8,3.0,9,7.99,19.05,18.59,0.0,2592.45,0.0,0.0,,0.0
2,9,3.0,9,10.36,23.6,23.2,0.0,12049.89,0.0,0.0,,0.0
2,10,3.0,9,13.23,28.42,28.06,0.0,21122.75,0.0,0.0,,0.0
2,11,3.0,9,16.39,33.48,33.16,0.0,29279.41,0.0,0.0,,0.0
2,12,3.0,9,19.65,38.45,38.17,0.0,35854.99,0.0,0.0,,0.0
2,13,3.0,9,22.17,42.32,42.07,0.0,39156.14,0.0,0.0,,0.0
2,14,3.0,9,23.5,43.67,43.45,0.0,35890.97,0.0,0.0,,0.0
2,15,3.0,9,23.94,63.73,63.53,0.0,103620.33,0.0,0.0,,0.0
2,16,3.0,9,23.94,84.46,84.29,0.0,163706.0,0.0,0.0,,0.0
2,17,3.0,9,22.65,101.24,101.08,0.0,207990.99,0.0,0.0,,0.0
2,18,3.0,9,20.43,109.5,109.37,0.0,223056.3,0.0,-0.0,,0.0
2,19,3.0,9,16.65,90.28,90.17,0.0,168775.59,0.0,0.0,,0.0
2,20,3.0,9,14.73,42.06,41.95,0.0,0.0,0.0,-0.0,,0.0
2,21,3.0,9,13.0,33.89,33.8,0.0,0.0,0.0,-0.0,,0.0
2,22,3.0,9,11.87,29.91,29.82,0.0,0.0,0.0,0.0,,0.0
2,23,3.0,9,11.22,27.03,26.96,0.0,0.0,0.0,0.0,,0.0
2,24,3.0,9,10.68,24.6,24.54,0.0,0.0,0.0,0.0,,0.0
2,1,4.0,9,10.33,22.55,22.49,0.0,0.0,0.0,0.0,,0.0
2,2,4.0,9,9.9,20.68,20.63,0.0,0.0,0.0,0.0,,0.0
2,3,4.0,9,9.41,18.97,18.93,0.0,0.0,0.0,0.0,,0.0
2,4,4.0,9,9.03,17.47,17.43,0.0,0.0,0.0,0.0,,0.0
2,5,4.0,9,8.67,16.13,16.1,0.0,0.0,0.0,0.0,,0.0
2,6,4.0,9,8.44,14.99,14.96,0.0,0.0,0.0,0.0,,0.0
2,7,4.0,9,8.28,14.0,13.97,0.0,1.57,0.0,0.0,,0.0
2,8,4.0,9,9.56,21.03,21.0,0.0,2592.45,0.0,0.0,,0.0
2,9,4.0,9,12.56,25.93,25.9,0.0,12049.89,0.0,0.0,,0.0
2,10,4.0,9,16.83,31.52,31.5,0.0,21122.75,0.0,0.0,,0.0
2,11,4.0,9,21.29,37.41,37.39,0.0,29279.41,0.0,0.0,,0.0
2,12,4.0,9,25.69,43.18,43.17,0.0,35854.99,0.0,0.0,,0.0
2,13,4.0,9,29.61,48.03,48.01,0.0,39156.14,0.0,0.0,,0.0
2,14,4.0,9,32.28,50.39,50.38,0.0,35890.97,0.0,0.0,,0.0
2,15,4.0,9,33.39,71.13,71.12,0.0,103620.33,0.0,0.0,,0.0
2,16,4.0,9,34.13,92.56,92.55,0.0,163706.0,0.0,0.0,,0.0
2,17,4.0,9,32.2,109.28,109.27,0.0,207990.99,0.0,-0.0,,0.0
2,18,4.0,9,28.91,117.14,117.13,0.0,223056.3,0.0,-0.0,,0.0
2,19,4.0,9,24.46,97.63,97.62,0.0,168775.59,0.0,0.0,,0.0
2,20,4.0,9,21.49,48.86,48.86,0.0,0.0,0.0,-0.0,,0.0
2,21,4.0,9,19.35,40.43,40.42,0.0,0.0,0.0,-0.0,,0.0
2,22,4.0,9,17.72,36.13,36.12,0.0,0.0,0.0,0.0,,0.0
2,23,4.0,9,16.63,32.94,32.94,0.0,0.0,0.0,0.0,,0.0
2,24,4.0,9,15.7,30.22,30.21,0.0,0.0,0.0,0.0,,0.0
2,1,5.0,9,14.82,27.78,27.78,0.0,0.0,0.0,0.0,,0.0
2,2,5.0,9,13.89,25.53,25.53,0.0,0.0,0.0,0.0,,0.0
2,3,5.0,9,12.94,23.43,23.43,0.0,0.0,0.0,0.0,,0.0
2,4,5.0,9,12.05,21.52,21.52,0.0,0.0,0.0,0.0,,0.0
2,5,5.0,9,11.14,19.73,19.73,0.0,0.0,0.0,0.0,,0.0
2,6,5.0,9,10.17,18.02,18.02,0.0,0.0,0.0,0.0,,0.0
2,7,5.0,9,9.55,16.59,16.59,0.0,1.57,0.0,0.0,,0.0
2,8,5.0,9,10.05,18.32,20.24,6750.2,2592.45,0.0,0.0,,202.506
2,9,5.0,9,12.29,21.36,21.54,0.0,12049.89,0.0,0.0,,0.0
2,10,5.0,9,15.8,25.57,25.24,-1354.57,21122.75,0.0,0.0,,-40.6371
2,11,5.0,9,19.2,29.87,25.24,-16225.68,29279.41,0.0,0.0,,-486.7704
2,12,5.0,9,22.47,34.01,25.24,-29321.37,35854.99,0.0,-232.19,,-886.6067999999999
2,13,5.0,9,23.81,36.35,25.24,-35841.76,39156.14,0.0,-1421.98,,-1117.9122000000002
2,14,5.0,9,25.19,37.44,25.24,-38323.93,35890.97,0.0,-1361.62,,-1190.5665
2,15,5.0,9,25.83,51.04,35.23,-50000.0,103620.33,0.0,0.0,,-1500.0
2,16,5.0,9,25.05,63.54,47.23,-50000.0,163706.0,0.0,0.0,,-1500.0
2,17,5.0,9,23.74,73.21,56.64,-50000.0,207990.99,7707.11,0.0,,-1268.7866999999999
2,18,5.0,9,21.82,77.12,60.33,-50000.0,223056.3,13629.13,0.0,,-1091.1261000000002
2,19,5.0,9,18.53,84.65,80.25,0.0,168775.59,0.0,0.0,,0.0
2,20,5.0,9,16.26,40.02,37.48,0.0,0.0,0.0,-0.0,,0.0
2,21,5.0,9,14.49,32.65,30.6,0.0,0.0,0.0,-0.0,,0.0
2,22,5.0,9,13.6,29.18,27.4,0.0,0.0,0.0,0.0,,0.0
2,23,5.0,9,12.96,26.62,25.07,0.0,0.0,0.0,0.0,,0.0
2,24,5.0,9,12.48,24.49,23.12,0.0,0.0,0.0,0.0,,0.0
2,1,6.0,9,11.47,22.31,21.11,0.0,0.0,0.0,0.0,,0.0
2,2,6.0,9,11.26,20.71,19.65,0.0,0.0,0.0,0.0,,0.0
2,3,6.0,9,11.08,19.33,18.39,0.0,0.0,0.0,-0.0,,0.0
2,4,6.0,9,11.09,18.21,17.39,0.0,0.0,0.0,-0.0,,0.0
2,5,6.0,9,10.83,17.1,16.37,0.0,0.0,0.0,-0.0,,0.0
2,6,6.0,9,10.31,15.94,15.3,0.0,0.0,0.0,-0.0,,0.0
2,7,6.0,9,9.98,14.96,14.4,0.0,1.57,0.0,-0.0,,0.0
2,8,6.0,9,9.84,17.06,20.24,12349.57,2592.45,0.0,0.0,,370.4871
2,9,6.0,9,11.74,20.04,20.24,600.91,12049.89,0.0,0.0,,18.0273
2,10,6.0,9,13.81,23.35,23.21,0.0,21122.75,0.0,0.0,,0.0
2,11,6.0,9,16.32,27.02,25.24,-5724.07,29279.41,0.0,0.0,,-171.72209999999998
2,12,6.0,9,18.18,30.14,25.24,-16204.64,35854.99,0.0,-1435.53,,-529.2051
2,13,6.0,9,20.06,32.76,25.24,-24287.03,39156.14,0.0,-4053.97,,-850.23
2,14,6.0,9,21.45,33.83,25.24,-26923.89,35890.97,0.0,-2837.44,,-892.8399
2,15,6.0,9,22.29,47.55,32.17,-50000.0,103620.33,0.0,-299.85,,-1508.9955
2,16,6.0,9,22.34,60.61,44.49,-50000.0,163706.0,0.0,0.0,,-1500.0
2,17,6.0,9,21.91,70.95,54.52,-50000.0,207990.99,3665.5,0.0,,-1390.035
2,18,6.0,9,20.54,75.33,58.66,-50000.0,223056.3,8099.49,0.0,,-1257.0153
2,19,6.0,9,18.17,83.26,79.01,0.0,168775.59,0.0,0.0,,0.0
2,20,6.0,9,16.42,39.05,36.65,0.0,0.0,0.0,-0.0,,0.0
2,21,6.0,9,15.16,32.11,30.19,0.0,0.0,0.0,-0.0,,0.0
2,22,6.0,9,14.05,28.7,27.03,0.0,0.0,0.0,0.0,,0.0
2,23,6.0,9,13.21,26.15,24.69,0.0,0.0,0.0,0.0,,0.0
2,24,6.0,9,12.61,24.04,22.75,0.0,0.0,0.0,0.0,,0.0
2,1,7.0,9,12.27,22.29,21.16,0.0,0.0,0.0,0.0,,0.0
2,2,7.0,9,12.14,20.85,19.86,0.0,0.0,0.0,0.0,,0.0
2,3,7.0,9,12.09,19.64,18.76,0.0,0.0,0.0,0.0,,0.0
2,4,7.0,9,12.01,18.57,17.79,0.0,0.0,0.0,-0.0,,0.0
2,5,7.0,9,11.74,17.52,16.83,0.0,0.0,0.0,-0.0,,0.0
2,6,7.0,9,11.39,16.51,15.91,0.0,0.0,0.0,-0.0,,0.0
2,7,7.0,9,11.36,15.77,15.23,0.0,1.57,0.0,-0.0,,0.0
2,8,7.0,9,11.36,18.19,20.24,8310.9,2592.45,0.0,0.0,,249.327
2,9,7.0,9,12.97,21.03,20.98,0.0,12049.89,0.0,0.0,,0.0
2,10,7.0,9,15.74,24.85,24.68,0.0,21122.75,0.0,0.0,,0.0
2,11,7.0,9,17.51,28.09,25.24,-9407.91,29279.41,0.0,0.0,,-282.2373
2,12,7.0,9,19.76,31.48,25.24,-20515.26,35854.99,0.0,-3060.27,,-707.2658999999999
2,13,7.0,9,21.89,34.31,25.24,-29193.68,39156.14,0.0,-6346.24,,-1066.1976
2,14,7.0,9,23.24,35.4,25.24,-31744.65,35890.97,0.0,-7680.16,,-1182.7442999999998
2,15,7.0,9,23.82,48.97,33.37,-50000.0,103620.33,0.0,0.0,,-1500.0
2,16,7.0,9,22.13,60.83,44.59,-50000.0,163706.0,0.0,0.0,,-1500.0
2,17,7.0,9,20.87,70.49,53.97,-50000.0,207990.99,3600.35,0.0,,-1391.9895
2,18,7.0,9,19.98,75.09,58.35,-50000.0,223056.3,8990.59,0.0,,-1230.2823
2,19,7.0,9,18.0,83.32,78.98,0.0,168775.59,0.0,0.0,,0.0
2,20,7.0,9,16.38,39.18,36.69,0.0,0.0,0.0,-0.0,,0.0
2,21,7.0,9,15.11,32.22,30.21,0.0,0.0,0.0,-0.0,,0.0
2,22,7.0,9,13.97,28.77,27.03,0.0,0.0,0.0,0.0,,0.0
2,23,7.0,9,13.07,26.17,24.64,0.0,0.0,0.0,0.0,,0.0
2,24,7.0,9,12.6,24.11,22.77,0.0,0.0,0.0,0.0,,0.0
2,1,1.0,9,12.2,22.32,21.14,0.0,0.0,0.0,0.0,,0.0
2,2,1.0,9,11.96,20.81,19.77,0.0,0.0,0.0,-0.0,,0.0
2,3,1.0,9,11.71,19.47,18.55,0.0,0.0,0.0,-0.0,,0.0
2,4,1.0,9,11.38,18.22,17.41,0.0,0.0,0.0,-0.0,,0.0
2,5,1.0,9,11.09,17.11,16.4,0.0,0.0,0.0,-0.0,,0.0
2,6,1.0,9,10.71,16.06,15.43,0.0,0.0,0.0,-0.0,,0.0
2,7,1.0,9,10.28,15.07,14.51,0.0,1.57,0.0,-0.0,,0.0
2,8,1.0,9,10.35,17.38,20.24,11199.17,2592.45,0.0,0.0,,335.9751
2,9,1.0,9,12.61,20.65,20.65,0.0,12049.89,0.0,0.0,,0.0
2,10,1.0,9,15.24,24.38,24.23,0.0,21122.75,0.0,0.0,,0.0
2,11,1.0,9,17.77,28.14,25.24,-9610.5,29279.41,0.0,-1577.24,,-335.6322
2,12,1.0,9,20.29,31.78,25.24,-21543.7,35854.99,0.0,-4619.61,,-784.8993
2,13,1.0,9,21.9,34.28,25.24,-29024.46,39156.14,0.0,-5498.33,,-1035.6837
2,14,1.0,9,22.85,35.08,25.24,-30647.17,35890.97,0.0,-7053.42,,-1131.0176999999999
2,15,1.0,9,23.25,48.51,32.93,-50000.0,103620.33,0.0,-310.11,,-1509.3033
2,16,1.0,9,22.97,61.33,45.1,-50000.0,163706.0,0.0,0.0,,-1500.0
2,17,1.0,9,22.28,71.47,54.95,-50000.0,207990.99,2051.9,0.0,,-1438.443
2,18,1.0,9,21.1,75.95,59.21,-50000.0,223056.3,8173.23,0.0,,-1254.8031
2,19,1.0,9,18.05,83.52,79.18,0.0,168775.59,0.0,0.0,,0.0
2,20,1.0,9,15.38,38.74,36.26,0.0,0.0,0.0,-0.0,,0.0
2,21,1.0,9,13.74,31.48,29.47,0.0,0.0,0.0,-0.0,,0.0
2,22,1.0,9,12.66,27.96,26.22,0.0,0.0,0.0,0.0,,0.0
2,23,1.0,9,12.12,25.49,23.96,0.0,0.0,0.0,0.0,,0.0
2,24,1.0,9,11.66,23.41,22.07,0.0,0.0,0.0,0.0,,0.0
2,1,2.0,9,11.2,21.56,20.38,0.0,0.0,0.0,0.0,,0.0
2,2,2.0,9,11.06,20.07,19.03,0.0,0.0,0.0,0.0,,0.0
2,3,2.0,9,10.84,18.73,17.81,0.0,0.0,0.0,-0.0,,0.0
2,4,2.0,9,10.45,17.43,16.63,0.0,0.0,0.0,-0.0,,0.0
2,5,2.0,9,9.88,16.15,15.44,0.0,0.0,0.0,-0.0,,0.0
2,6,2.0,9,9.6,15.12,14.49,0.0,0.0,0.0,-0.0,,0.0
2,7,2.0,9,9.25,14.15,13.59,0.0,1.57,0.0,-0.0,,0.0
2,8,2.0,9,10.22,17.05,20.24,12377.03,2592.45,0.0,0.0,,371.3109
2,9,2.0,9,11.96,20.0,20.24,717.47,12049.89,0.0,0.0,,21.5241
2,10,2.0,9,17.11,25.47,25.24,-359.93,21122.75,0.0,0.0,,-10.7979
2,11,2.0,9,21.6,30.76,25.24,-18831.34,29279.41,0.0,-1433.34,,-607.9404000000001
2,12,2.0,9,24.47,34.86,25.24,-31542.91,35854.99,0.0,-5789.86,,-1119.9831
2,13,2.0,9,25.81,37.35,25.24,-38611.59,39156.14,0.0,-9268.73,,-1436.4096
2,14,2.0,9,27.85,39.02,25.24,-43116.23,35890.97,0.0,-5654.61,,-1463.1252000000002
2,15,2.0,9,28.71,52.95,36.87,-50000.0,103620.33,0.0,0.0,,-1500.0
2,16,2.0,9,28.26,65.81,49.33,-50000.0,163706.0,0.0,0.0,,-1500.0
2,17,2.0,9,26.7,75.45,58.73,-50000.0,207990.99,5809.57,0.0,,-1325.7129
2,18,2.0,9,24.45,79.23,62.32,-50000.0,223056.3,12604.76,0.0,,-1121.8572
2,19,2.0,9,20.56,86.28,81.73,0.0,168775.59,0.0,0.0,,0.0
2,20,2.0,9,18.34,41.68,39.01,0.0,0.0,0.0,-0.0,,0.0
2,21,2.0,9,16.65,34.39,32.22,0.0,0.0,0.0,-0.0,,0.0
2,22,2.0,9,15.18,30.66,28.77,0.0,0.0,0.0,0.0,,0.0
2,23,2.0,9,14.16,27.89,26.23,0.0,0.0,0.0,0.0,,0.0
2,24,2.0,9,13.38,25.57,24.11,0.0,0.0,0.0,0.0,,0.0
2,1,3.0,9,12.39,23.36,22.08,0.0,0.0,0.0,0.0,,0.0
2,2,3.0,9,11.67,21.46,20.33,0.0,0.0,0.0,0.0,,0.0
2,3,3.0,9,11.16,19.83,18.84,0.0,0.0,0.0,-0.0,,0.0
2,4,3.0,9,10.66,18.36,17.49,0.0,0.0,0.0,-0.0,,0.0
2,5,3.0,9,9.96,16.92,16.15,0.0,0.0,0.0,-0.0,,0.0
2,6,3.0,9,9.49,15.69,15.0,0.0,0.0,0.0,-0.0,,0.0
2,7,3.0,9,9.14,14.62,14.02,0.0,1.57,0.0,-0.0,,0.0
2,8,3.0,9,10.77,21.85,21.32,0.0,2592.45,0.0,0.0,,0.0
2,9,3.0,9,14.13,27.0,26.52,0.0,12049.89,0.0,0.0,,0.0
2,10,3.0,9,18.23,32.56,32.15,0.0,21122.75,0.0,0.0,,0.0
2,11,3.0,9,22.02,38.12,37.75,0.0,29279.41,0.0,0.0,,0.0
2,12,3.0,9,25.37,43.3,42.98,0.0,35854.99,0.0,0.0,,0.0
2,13,3.0,9,28.13,47.42,47.13,0.0,39156.14,0.0,0.0,,0.0
2,14,3.0,9,30.56,49.5,49.24,0.0,35890.97,0.0,0.0,,0.0
2,15,3.0,9,29.3,68.81,68.58,0.0,103620.33,0.0,0.0,,0.0
2,16,3.0,9,29.62,89.71,89.51,0.0,163706.0,0.0,0.0,,0.0
2,17,3.0,9,28.05,106.39,106.21,0.0,207990.99,0.0,-0.0,,0.0
2,18,3.0,9,25.37,114.43,114.27,0.0,223056.3,0.0,-0.0,,0.0
2,19,3.0,9,21.67,95.24,95.1,0.0,168775.59,0.0,0.0,,0.0
2,20,3.0,9,19.51,46.89,46.76,0.0,0.0,0.0,-0.0,,0.0
2,21,3.0,9,18.01,38.83,38.72,0.0,0.0,0.0,-0.0,,0.0
2,22,3.0,9,16.64,34.73,34.63,0.0,0.0,0.0,0.0,,0.0
2,23,3.0,9,15.9,31.79,31.7,0.0,0.0,0.0,0.0,,0.0
2,24,3.0,9,15.19,29.26,29.18,0.0,0.0,0.0,0.0,,0.0
2,1,4.0,9,14.43,26.95,26.88,0.0,0.0,0.0,0.0,,0.0
2,2,4.0,9,13.61,24.82,24.76,0.0,0.0,0.0,0.0,,0.0
2,3,4.0,9,12.86,22.9,22.84,0.0,0.0,0.0,0.0,,0.0
2,4,4.0,9,12.09,21.12,21.07,0.0,0.0,0.0,0.0,,0.0
2,5,4.0,9,11.36,19.48,19.44,0.0,0.0,0.0,0.0,,0.0
2,6,4.0,9,11.03,18.18,18.15,0.0,0.0,0.0,0.0,,0.0
2,7,4.0,9,10.47,16.9,16.87,0.0,1.57,0.0,0.0,,0.0
2,8,4.0,9,11.78,23.84,23.81,0.0,2592.45,0.0,0.0,,0.0
2,9,4.0,9,15.17,28.87,28.85,0.0,12049.89,0.0,0.0,,0.0
2,10,4.0,9,18.47,33.9,33.88,0.0,21122.75,0.0,0.0,,0.0
2,11,4.0,9,22.34,39.35,39.33,0.0,29279.41,0.0,0.0,,0.0
2,12,4.0,9,25.34,44.23,44.21,0.0,35854.99,0.0,0.0,,0.0
2,13,4.0,9,26.9,47.55,47.54,0.0,39156.14,0.0,0.0,,0.0
2,14,4.0,9,28.96,49.23,49.21,0.0,35890.97,0.0,0.0,,0.0
2,15,4.0,9,29.71,69.46,69.45,0.0,103620.33,0.0,0.0,,0.0
2,16,4.0,9,28.6,89.61,89.6,0.0,163706.0,0.0,0.0,,0.0
2,17,4.0,9,27.18,106.22,106.21,0.0,207990.99,0.0,-0.0,,0.0
2,18,4.0,9,25.47,114.7,114.69,0.0,223056.3,0.0,-0.0,,0.0
2,19,4.0,9,22.73,96.05,96.04,0.0,168775.59,0.0,0.0,,0.0
2,20,4.0,9,20.57,47.77,47.76,0.0,0.0,0.0,-0.0,,0.0
2,21,4.0,9,18.63,39.5,39.5,0.0,0.0,0.0,-0.0,,0.0
2,22,4.0,9,17.68,35.62,35.61,0.0,0.0,0.0,0.0,,0.0
2,23,4.0,9,16.98,32.73,32.73,0.0,0.0,0.0,0.0,,0.0
2,24,4.0,9,16.38,30.28,30.28,0.0,0.0,0.0,0.0,,0.0
2,1,5.0,9,16.22,28.33,28.33,0.0,0.0,0.0,0.0,,0.0
2,2,5.0,9,15.64,26.4,26.4,0.0,0.0,0.0,0.0,,0.0
2,3,5.0,9,15.16,24.7,24.7,0.0,0.0,0.0,0.0,,0.0
2,4,5.0,9,14.68,23.15,23.15,0.0,0.0,0.0,0.0,,0.0
2,5,5.0,9,13.92,21.58,21.58,0.0,0.0,0.0,-0.0,,0.0
2,6,5.0,9,13.31,20.19,20.19,0.0,0.0,0.0,-0.0,,0.0
2,7,5.0,9,12.73,18.92,18.92,0.0,1.57,0.0,-0.0,,0.0
2,8,5.0,9,12.52,20.49,20.49,0.0,2592.45,0.0,0.0,,0.0
2,9,5.0,9,13.91,22.99,22.99,0.0,12049.89,0.0,0.0,,0.0
2,10,5.0,9,17.05,26.92,25.24,-5862.79,21122.75,0.0,0.0,,-175.8837
2,11,5.0,9,19.21,30.33,25.24,-17270.95,29279.41,0.0,-3765.88,,-631.1049
2,12,5.0,9,21.4,33.62,25.24,-27612.92,35854.99,0.0,-7211.41,,-1044.7299
2,13,5.0,9,23.27,36.21,25.24,-35264.07,39156.14,0.0,-6593.06,,-1255.7139
2,14,5.0,9,23.9,36.72,25.24,-35727.86,35890.97,0.0,-3315.72,,-1171.3074000000001
2,15,5.0,9,23.85,49.75,33.98,-50000.0,103620.33,0.0,0.0,,-1500.0
2,16,5.0,9,23.05,62.11,45.79,-50000.0,163706.0,0.0,0.0,,-1500.0
2,17,5.0,9,21.68,71.66,55.08,-50000.0,207990.99,4398.57,0.0,,-1368.0429
2,18,5.0,9,19.71,75.47,58.67,-50000.0,223056.3,10023.4,0.0,,-1199.298
2,19,5.0,9,17.24,83.54,79.13,0.0,168775.59,0.0,0.0,,0.0
2,20,5.0,9,15.07,38.99,36.45,0.0,0.0,0.0,-0.0,,0.0
2,21,5.0,9,13.49,31.71,29.65,0.0,0.0,0.0,-0.0,,0.0
2,22,5.0,9,12.49,28.18,26.4,0.0,0.0,0.0,0.0,,0.0
2,23,5.0,9,11.52,25.43,23.87,0.0,0.0,0.0,0.0,,0.0
2,24,5.0,9,10.58,23.01,21.63,0.0,0.0,0.0,0.0,,0.0
2,1,6.0,9,10.44,21.24,20.03,0.0,0.0,0.0,0.0,,0.0
2,2,6.0,9,10.21,19.66,18.59,0.0,0.0,0.0,0.0,,0.0
2,3,6.0,9,9.84,18.18,17.24,0.0,0.0,0.0,-0.0,,0.0
2,4,6.0,9,9.55,16.88,16.05,0.0,0.0,0.0,-0.0,,0.0
2,5,6.0,9,9.05,15.6,14.86,0.0,0.0,0.0,-0.0,,0.0
2,6,6.0,9,8.86,14.58,13.94,0.0,0.0,0.0,-0.0,,0.0
2,7,6.0,9,8.79,13.74,13.17,0.0,1.57,0.0,-0.0,,0.0
2,8,6.0,9,8.8,15.96,20.24,16200.17,2592.45,0.0,0.0,,486.00509999999997
2,9,6.0,9,10.25,18.64,20.24,5149.46,12049.89,0.0,0.0,,154.4838
2,10,6.0,9,13.63,22.83,22.84,0.0,21122.75,0.0,0.0,,0.0
2,11,6.0,9,16.18,26.61,25.24,-4509.25,29279.41,0.0,0.0,,-135.2775
2,12,6.0,9,18.3,29.96,25.24,-15837.55,35854.99,0.0,0.0,,-475.1265
2,13,6.0,9,20.41,32.78,25.24,-24583.86,39156.14,0.0,-1855.56,,-793.1826000000001
2,14,6.0,9,20.79,33.21,25.24,-24888.99,35890.97,0.0,0.0,,-746.6697
2,15,6.0,9,20.86,46.36,31.06,-50000.0,103620.33,0.0,0.0,,-1500.0
2,16,6.0,9,20.28,58.94,42.86,-50000.0,163706.0,0.0,0.0,,-1500.0
2,17,6.0,9,19.33,68.84,52.45,-50000.0,207990.99,4992.75,0.0,,-1350.2175
2,18,6.0,9,17.37,72.72,56.09,-50000.0,223056.3,9769.58,0.0,,-1206.9125999999999
2,19,6.0,9,15.06,80.79,76.59,0.0,168775.59,0.0,0.0,,0.0
2,20,6.0,9,13.2,36.47,34.11,0.0,0.0,0.0,-0.0,,0.0
2,21,6.0,9,11.79,29.37,27.47,0.0,0.0,0.0,-0.0,,0.0
2,22,6.0,9,11.14,26.12,24.48,0.0,0.0,0.0,0.0,,0.0
2,23,6.0,9,10.56,23.69,22.25,0.0,0.0,0.0,0.0,,0.0
2,24,6.0,9,10.1,21.63,20.37,0.0,0.0,0.0,0.0,,0.0
2,1,7.0,9,9.8,19.9,18.79,0.0,0.0,0.0,0.0,,0.0
2,2,7.0,9,9.61,18.43,17.45,0.0,0.0,0.0,0.0,,0.0
2,3,7.0,9,9.3,17.06,16.2,0.0,0.0,0.0,-0.0,,0.0
2,4,7.0,9,8.91,15.78,15.02,0.0,0.0,0.0,-0.0,,0.0
2,5,7.0,9,8.56,14.63,13.96,0.0,0.0,0.0,-0.0,,0.0
2,6,7.0,9,8.47,13.73,13.14,0.0,0.0,0.0,-0.0,,0.0
2,7,7.0,9,7.76,12.6,12.08,0.0,1.57,0.0,-0.0,,0.0
2,8,7.0,9,7.86,14.92,20.24,19759.94,2592.45,0.0,0.0,,592.7982
2,9,7.0,9,9.93,18.04,20.24,6856.58,12049.89,0.0,0.0,,205.6974
2,10,7.0,9,13.22,22.22,22.33,0.0,21122.75,0.0,0.0,,0.0
2,11,7.0,9,15.91,26.12,25.24,-2978.57,29279.41,0.0,0.0,,-89.3571
2,12,7.0,9,18.52,29.85,25.24,-15728.73,35854.99,0.0,0.0,,-471.8619
2,13,7.0,9,20.21,32.44,25.24,-23560.18,39156.14,0.0,0.0,,-706.8054000000001
2,14,7.0,9,20.6,32.88,25.24,-23974.63,35890.97,0.0,0.0,,-719.2389000000001
2,15,7.0,9,20.8,46.14,30.92,-50000.0,103620.33,0.0,0.0,,-1500.0
2,16,7.0,9,20.5,58.94,42.9,-50000.0,163706.0,0.0,0.0,,-1500.0
2,17,7.0,9,19.67,68.95,52.6,-50000.0,207990.99,4850.93,0.0,,-1354.4721000000002
2,18,7.0,9,18.02,73.09,56.49,-50000.0,223056.3,10068.47,0.0,,-1197.9459
2,19,7.0,9,15.41,80.94,76.78,0.0,168775.59,0.0,0.0,,0.0
2,20,7.0,9,13.45,36.57,34.25,0.0,0.0,0.0,-0.0,,0.0
2,21,7.0,9,11.93,29.42,27.56,0.0,0.0,0.0,-0.0,,0.0
2,22,7.0,9,11.0,26.02,24.41,0.0,0.0,0.0,0.0,,0.0
2,23,7.0,9,10.27,23.49,22.08,0.0,0.0,0.0,0.0,,0.0
2,24,7.0,9,9.64,21.33,20.09,0.0,0.0,0.0,0.0,,0.0
2,1,1.0,10,9.39,19.6,18.51,0.0,0.0,0.0,0.0,,0.0
2,2,1.0,10,9.24,18.13,17.17,0.0,0.0,0.0,-0.0,,0.0
2,3,1.0,10,8.98,16.78,15.93,0.0,0.0,0.0,-0.0,,0.0
2,4,1.0,10,8.63,15.52,14.77,0.0,0.0,0.0,-0.0,,0.0
2,5,1.0,10,8.19,14.32,13.66,0.0,0.0,0.0,-0.0,,0.0
2,6,1.0,10,8.1,13.41,12.83,0.0,0.0,0.0,-0.0,,0.0
2,7,1.0,10,7.45,12.32,11.8,0.0,30.95,0.0,-0.0,,0.0
2,8,1.0,10,8.12,15.93,20.66,17681.54,7461.58,0.0,0.0,,548.12774
2,9,1.0,10,10.89,19.88,20.66,2029.43,18118.68,0.0,0.0,,62.912330000000004
2,10,1.0,10,14.21,24.08,24.05,0.0,26430.1,0.0,0.0,,0.0
2,11,1.0,10,16.83,27.64,25.66,-6651.87,32569.06,0.0,0.0,,-206.20797
2,12,1.0,10,19.41,30.87,25.66,-17403.65,36612.79,0.0,0.0,,-539.51315
2,13,1.0,10,21.28,32.87,25.66,-23244.83,36226.82,0.0,0.0,,-720.5897300000001
2,14,1.0,10,21.91,34.83,25.66,-29173.79,40708.12,0.0,-889.65,,-931.9666400000001
2,15,1.0,10,22.11,50.53,35.11,-50000.0,120836.35,0.0,0.0,,-1550.0
2,16,1.0,10,21.76,64.73,48.62,-50000.0,187069.05,0.0,0.0,,-1550.0
2,17,1.0,10,20.67,75.51,59.09,-50000.0,234665.31,9840.21,0.0,,-1244.95349
2,18,1.0,10,19.13,80.41,63.76,-50000.0,251940.21,16396.09,0.0,,-1041.7212100000002
2,19,1.0,10,16.54,96.81,92.57,0.0,216034.17,0.0,0.0,,0.0
2,20,1.0,10,14.54,41.12,38.73,0.0,0.0,0.0,-0.0,,0.0
2,21,1.0,10,13.14,32.76,30.84,0.0,0.0,0.0,-0.0,,0.0
2,22,1.0,10,12.3,29.02,27.36,0.0,0.0,0.0,0.0,,0.0
2,23,1.0,10,11.74,26.35,24.89,0.0,0.0,0.0,0.0,,0.0
2,24,1.0,10,11.21,24.08,22.8,0.0,0.0,0.0,0.0,,0.0
2,1,2.0,10,11.01,22.23,21.1,0.0,0.0,0.0,0.0,,0.0
2,2,2.0,10,10.9,20.66,19.67,0.0,0.0,0.0,0.0,,0.0
2,3,2.0,10,10.8,19.3,18.42,0.0,0.0,0.0,-0.0,,0.0
2,4,2.0,10,10.64,18.06,17.29,0.0,0.0,0.0,-0.0,,0.0
2,5,2.0,10,10.31,16.87,16.19,0.0,0.0,0.0,-0.0,,0.0
2,6,2.0,10,10.05,15.82,15.22,0.0,0.0,0.0,-0.0,,0.0
2,7,2.0,10,9.53,14.74,14.21,0.0,30.95,0.0,-0.0,,0.0
2,8,2.0,10,10.0,18.07,20.66,10189.79,7461.58,0.0,0.0,,315.88349000000005
2,9,2.0,10,12.32,21.67,21.67,0.0,18118.68,0.0,0.0,,0.0
2,10,2.0,10,15.81,25.94,25.66,-433.18,26430.1,0.0,0.0,,-13.42858
2,11,2.0,10,18.96,29.82,25.66,-14029.27,32569.06,0.0,-1462.12,,-480.23308999999995
2,12,2.0,10,21.78,33.23,25.66,-24791.29,36612.79,0.0,-4023.07,,-893.24516
2,13,2.0,10,23.33,35.02,25.66,-29728.34,36226.82,0.0,-2735.02,,-1006.3641600000001
2,14,2.0,10,23.88,36.91,25.66,-35352.61,40708.12,0.0,-8946.56,,-1373.2742700000001
2,15,2.0,10,24.11,52.6,36.86,-50000.0,120836.35,0.0,0.0,,-1550.0
2,16,2.0,10,23.71,66.77,50.46,-50000.0,187069.05,2455.62,0.0,,-1473.87578
2,17,2.0,10,22.5,77.45,60.88,-50000.0,234665.31,13047.88,0.0,,-1145.5157199999999
2,18,2.0,10,20.82,82.24,65.45,-50000.0,251940.21,18379.04,0.0,,-980.24976
2,19,2.0,10,17.69,98.36,93.96,0.0,216034.17,0.0,0.0,,0.0
2,20,2.0,10,15.42,42.47,39.92,0.0,0.0,0.0,-0.0,,0.0
2,21,2.0,10,13.75,33.89,31.83,0.0,0.0,0.0,-0.0,,0.0
2,22,2.0,10,12.67,29.95,28.16,0.0,0.0,0.0,0.0,,0.0
2,23,2.0,10,12.04,27.16,25.6,0.0,0.0,0.0,0.0,,0.0
2,24,2.0,10,11.58,24.85,23.48,0.0,0.0,0.0,0.0,,0.0
2,1,3.0,10,11.08,22.79,21.58,0.0,0.0,0.0,0.0,,0.0
2,2,3.0,10,10.84,21.08,20.02,0.0,0.0,0.0,0.0,,0.0
2,3,3.0,10,10.59,19.57,18.63,0.0,0.0,0.0,0.0,,0.0
2,4,3.0,10,10.22,18.16,17.33,0.0,0.0,0.0,-0.0,,0.0
2,5,3.0,10,9.77,16.83,16.1,0.0,0.0,0.0,-0.0,,0.0
2,6,3.0,10,9.49,15.7,15.06,0.0,0.0,0.0,-0.0,,0.0
2,7,3.0,10,9.15,14.66,14.09,0.0,30.95,0.0,-0.0,,0.0
2,8,3.0,10,9.88,22.74,22.24,0.0,7461.58,0.0,0.0,,0.0
2,9,3.0,10,12.25,27.82,27.38,0.0,18118.68,0.0,0.0,,0.0
2,10,3.0,10,15.3,32.63,32.24,0.0,26430.1,0.0,0.0,,0.0
2,11,3.0,10,18.18,37.01,36.67,0.0,32569.06,0.0,0.0,,0.0
2,12,3.0,10,20.71,40.79,40.49,0.0,36612.79,0.0,0.0,,0.0
2,13,3.0,10,22.7,43.12,42.84,0.0,36226.82,0.0,0.0,,0.0
2,14,3.0,10,23.55,45.99,45.75,0.0,40708.12,0.0,0.0,,0.0
2,15,3.0,10,23.55,69.31,69.1,0.0,120836.35,0.0,0.0,,0.0
2,16,3.0,10,22.98,91.95,91.76,0.0,187069.05,0.0,0.0,,0.0
2,17,3.0,10,21.9,110.23,110.06,0.0,234665.31,0.0,-0.0,,0.0
2,18,3.0,10,20.04,119.78,119.63,0.0,251940.21,0.0,-0.0,,0.0
2,19,3.0,10,17.34,106.7,106.57,0.0,216034.17,0.0,-0.0,,0.0
2,20,3.0,10,14.92,46.51,46.39,0.0,0.0,0.0,0.0,,0.0
2,21,3.0,10,13.33,36.99,36.89,0.0,0.0,0.0,0.0,,0.0
2,22,3.0,10,12.1,32.48,32.39,0.0,0.0,0.0,0.0,,0.0
2,23,3.0,10,11.45,29.29,29.21,0.0,0.0,0.0,0.0,,0.0
2,24,3.0,10,11.15,26.74,26.67,0.0,0.0,0.0,0.0,,0.0
2,1,4.0,10,11.02,24.61,24.55,0.0,0.0,0.0,0.0,,0.0
2,2,4.0,10,10.81,22.71,22.65,0.0,0.0,0.0,0.0,,0.0
2,3,4.0,10,10.51,20.98,20.93,0.0,0.0,0.0,0.0,,0.0
2,4,4.0,10,10.19,19.41,19.37,0.0,0.0,0.0,0.0,,0.0
2,5,4.0,10,9.88,18.01,17.97,0.0,0.0,0.0,0.0,,0.0
2,6,4.0,10,9.75,16.85,16.81,0.0,0.0,0.0,-0.0,,0.0
2,7,4.0,10,9.42,15.71,15.68,0.0,30.95,0.0,-0.0,,0.0
2,8,4.0,10,10.05,23.66,23.63,0.0,7461.58,0.0,0.0,,0.0
2,9,4.0,10,12.56,28.72,28.7,0.0,18118.68,0.0,0.0,,0.0
2,10,4.0,10,16.0,33.68,33.66,0.0,26430.1,0.0,0.0,,0.0
2,11,4.0,10,19.08,38.15,38.13,0.0,32569.06,0.0,0.0,,0.0
2,12,4.0,10,21.44,41.82,41.8,0.0,36612.79,0.0,0.0,,0.0
2,13,4.0,10,23.33,44.05,44.04,0.0,36226.82,0.0,0.0,,0.0
2,14,4.0,10,24.53,47.08,47.07,0.0,40708.12,0.0,0.0,,0.0
2,15,4.0,10,24.62,70.46,70.44,0.0,120836.35,0.0,0.0,,0.0
2,16,4.0,10,24.26,93.21,93.2,0.0,187069.05,0.0,0.0,,0.0
2,17,4.0,10,23.03,111.42,111.41,0.0,234665.31,0.0,-0.0,,0.0
2,18,4.0,10,20.86,120.79,120.78,0.0,251940.21,0.0,-0.0,,0.0
2,19,4.0,10,17.77,107.47,107.46,0.0,216034.17,0.0,-0.0,,0.0
2,20,4.0,10,15.26,47.17,47.16,0.0,0.0,0.0,0.0,,0.0
2,21,4.0,10,13.71,37.64,37.63,0.0,0.0,0.0,0.0,,0.0
2,22,4.0,10,12.7,33.21,33.2,0.0,0.0,0.0,0.0,,0.0
2,23,4.0,10,12.09,30.03,30.03,0.0,0.0,0.0,0.0,,0.0
2,24,4.0,10,11.73,27.45,27.44,0.0,0.0,0.0,0.0,,0.0
2,1,5.0,10,11.32,25.14,25.14,0.0,0.0,0.0,0.0,,0.0
2,2,5.0,10,11.15,23.23,23.22,0.0,0.0,0.0,0.0,,0.0
2,3,5.0,10,10.94,21.52,21.52,0.0,0.0,0.0,0.0,,0.0
2,4,5.0,10,10.65,19.97,19.96,0.0,0.0,0.0,0.0,,0.0
2,5,5.0,10,10.41,18.59,18.59,0.0,0.0,0.0,0.0,,0.0
2,6,5.0,10,10.38,17.48,17.48,0.0,0.0,0.0,-0.0,,0.0
2,7,5.0,10,10.16,16.41,16.41,0.0,30.95,0.0,-0.0,,0.0
2,8,5.0,10,10.6,19.33,20.66,4676.86,7461.58,0.0,0.0,,144.98266
2,9,5.0,10,11.83,22.07,22.19,0.0,18118.68,0.0,0.0,,0.0
2,10,5.0,10,15.15,26.07,25.66,-1553.77,26430.1,0.0,0.0,,-48.16687
2,11,5.0,10,18.28,29.83,25.66,-14567.45,32569.06,0.0,-340.47,,-462.14552000000003
2,12,5.0,10,20.58,32.79,25.66,-23691.93,36612.79,0.0,-1403.16,,-777.94779
2,13,5.0,10,22.59,34.78,25.66,-29416.6,36226.82,0.0,-3217.52,,-1011.6577199999999
2,14,5.0,10,23.27,36.71,25.66,-35062.61,40708.12,0.0,-7067.16,,-1306.02287
2,15,5.0,10,23.29,52.21,36.57,-50000.0,120836.35,0.0,0.0,,-1550.0
2,16,5.0,10,22.88,66.31,50.09,-50000.0,187069.05,0.0,0.0,,-1550.0
2,17,5.0,10,22.07,77.21,60.72,-50000.0,234665.31,9162.27,0.0,,-1265.9696299999998
2,18,5.0,10,20.33,81.95,65.22,-50000.0,251940.21,16191.95,0.0,,-1048.04955
2,19,5.0,10,17.65,98.36,94.05,0.0,216034.17,0.0,0.0,,0.0
2,20,5.0,10,15.17,42.38,39.91,0.0,0.0,0.0,-0.0,,0.0
2,21,5.0,10,13.35,33.7,31.71,0.0,0.0,0.0,-0.0,,0.0
2,22,5.0,10,12.25,29.71,28.0,0.0,0.0,0.0,0.0,,0.0
2,23,5.0,10,11.33,26.75,25.24,0.0,0.0,0.0,0.0,,0.0
2,24,5.0,10,10.65,24.27,22.95,0.0,0.0,0.0,0.0,,0.0
2,1,6.0,10,10.26,22.22,21.06,0.0,0.0,0.0,0.0,,0.0
2,2,6.0,10,10.24,20.61,19.58,0.0,0.0,0.0,0.0,,0.0
2,3,6.0,10,10.12,19.16,18.26,0.0,0.0,0.0,-0.0,,0.0
2,4,6.0,10,9.92,17.84,17.04,0.0,0.0,0.0,-0.0,,0.0
2,5,6.0,10,9.68,16.63,15.93,0.0,0.0,0.0,-0.0,,0.0
2,6,6.0,10,9.4,15.53,14.91,0.0,0.0,0.0,-0.0,,0.0
2,7,6.0,10,9.15,14.55,14.0,0.0,30.95,0.0,-0.0,,0.0
2,8,6.0,10,9.33,17.62,20.66,11829.74,7461.58,0.0,0.0,,366.72194
2,9,6.0,10,10.92,20.67,20.7,0.0,18118.68,0.0,0.0,,0.0
2,10,6.0,10,14.4,24.85,24.7,0.0,26430.1,0.0,0.0,,0.0
2,11,6.0,10,16.98,28.3,25.66,-8748.49,32569.06,0.0,0.0,,-271.20319
2,12,6.0,10,19.25,31.25,25.66,-18353.49,36612.79,0.0,-2034.34,,-632.0227300000001
2,13,6.0,10,20.45,32.7,25.66,-22349.79,36226.82,0.0,-1584.21,,-741.954
2,14,6.0,10,20.85,34.4,25.66,-27520.87,40708.12,0.0,-226.34,,-860.16351
2,15,6.0,10,21.28,50.16,34.75,-50000.0,120836.35,0.0,0.0,,-1550.0
2,16,6.0,10,21.05,64.39,48.25,-50000.0,187069.05,0.0,0.0,,-1550.0
2,17,6.0,10,20.25,75.32,58.88,-50000.0,234665.31,9122.39,0.0,,-1267.20591
2,18,6.0,10,18.87,80.32,63.64,-50000.0,251940.21,15436.71,0.0,,-1071.46199
2,19,6.0,10,16.66,96.96,92.7,0.0,216034.17,0.0,0.0,,0.0
2,20,6.0,10,14.63,41.28,38.87,0.0,0.0,0.0,-0.0,,0.0
2,21,6.0,10,12.97,32.77,30.83,0.0,0.0,0.0,-0.0,,0.0
2,22,6.0,10,11.98,28.92,27.24,0.0,0.0,0.0,0.0,,0.0
2,23,6.0,10,11.34,26.18,24.7,0.0,0.0,0.0,0.0,,0.0
2,24,6.0,10,11.07,24.01,22.72,0.0,0.0,0.0,0.0,,0.0
2,1,7.0,10,11.02,22.25,21.11,0.0,0.0,0.0,0.0,,0.0
2,2,7.0,10,10.93,20.7,19.7,0.0,0.0,0.0,0.0,,0.0
2,3,7.0,10,10.87,19.36,18.47,0.0,0.0,0.0,0.0,,0.0
2,4,7.0,10,10.99,18.28,17.5,0.0,0.0,0.0,-0.0,,0.0
2,5,7.0,10,11.02,17.31,16.62,0.0,0.0,0.0,-0.0,,0.0
2,6,7.0,10,10.94,16.41,15.8,0.0,0.0,0.0,-0.0,,0.0
2,7,7.0,10,10.72,15.54,15.0,0.0,30.95,0.0,-0.0,,0.0
2,8,7.0,10,10.91,18.84,20.66,7518.43,7461.58,0.0,0.0,,233.07133000000002
2,9,7.0,10,12.42,21.9,21.82,0.0,18118.68,0.0,0.0,,0.0
2,10,7.0,10,14.85,25.39,25.21,0.0,26430.1,0.0,0.0,,0.0
2,11,7.0,10,17.7,28.98,25.66,-11059.35,32569.06,0.0,-2434.46,,-418.30811000000006
2,12,7.0,10,19.55,31.66,25.66,-19490.77,36612.79,0.0,-4724.25,,-750.66562
2,13,7.0,10,20.62,32.99,25.66,-23127.94,36226.82,0.0,-4331.08,,-851.2296199999998
2,14,7.0,10,21.33,34.88,25.66,-29017.65,40708.12,0.0,-101.81,,-902.7032600000001
2,15,7.0,10,21.82,50.69,35.2,-50000.0,120836.35,0.0,0.0,,-1550.0
2,16,7.0,10,21.77,65.05,48.87,-50000.0,187069.05,0.0,0.0,,-1550.0
2,17,7.0,10,21.15,76.12,59.64,-50000.0,234665.31,9241.5,0.0,,-1263.5135
2,18,7.0,10,19.81,81.16,64.45,-50000.0,251940.21,15360.37,0.0,,-1073.82853
2,19,7.0,10,17.43,97.69,93.39,0.0,216034.17,0.0,0.0,,0.0
2,20,7.0,10,15.59,42.1,39.66,0.0,0.0,0.0,-0.0,,0.0
2,21,7.0,10,13.97,33.64,31.67,0.0,0.0,0.0,-0.0,,0.0
2,22,7.0,10,12.85,29.74,28.03,0.0,0.0,0.0,0.0,,0.0
2,23,7.0,10,12.22,27.0,25.51,0.0,0.0,0.0,0.0,,0.0
2,24,7.0,10,11.97,24.85,23.54,0.0,0.0,0.0,0.0,,0.0
2,1,1.0,10,11.8,23.03,21.87,0.0,0.0,0.0,0.0,,0.0
2,2,1.0,10,11.56,21.4,20.38,0.0,0.0,0.0,0.0,,0.0
2,3,1.0,10,11.43,20.0,19.1,0.0,0.0,0.0,0.0,,0.0
2,4,1.0,10,11.29,18.77,17.97,0.0,0.0,0.0,0.0,,0.0
2,5,1.0,10,11.12,17.66,16.96,0.0,0.0,0.0,-0.0,,0.0
2,6,1.0,10,10.92,16.65,16.03,0.0,0.0,0.0,-0.0,,0.0
2,7,1.0,10,10.8,15.8,15.25,0.0,30.95,0.0,-0.0,,0.0
2,8,1.0,10,11.13,19.13,20.66,6524.5,7461.58,0.0,0.0,,202.2595
2,9,1.0,10,12.49,22.07,21.96,0.0,18118.68,0.0,0.0,,0.0
2,10,1.0,10,15.45,25.91,25.66,-199.59,26430.1,0.0,0.0,,-6.18729
2,11,1.0,10,18.12,29.4,25.66,-12489.93,32569.06,0.0,-4393.38,,-523.38261
2,12,1.0,10,20.53,32.46,25.66,-22133.82,36612.79,0.0,-6481.73,,-887.08205
2,13,1.0,10,22.04,34.14,25.66,-26855.52,36226.82,0.0,-6324.39,,-1028.5772100000002
2,14,1.0,10,23.06,36.3,25.66,-33507.07,40708.12,0.0,-7638.12,,-1275.50089
2,15,1.0,10,23.42,52.06,36.4,-50000.0,120836.35,0.0,0.0,,-1550.0
2,16,1.0,10,23.33,66.43,50.16,-50000.0,187069.05,0.0,0.0,,-1550.0
2,17,1.0,10,22.43,77.32,60.78,-50000.0,234665.31,9967.2,0.0,,-1241.0168
2,18,1.0,10,20.94,82.26,65.5,-50000.0,251940.21,16594.18,0.0,,-1035.58042
2,19,1.0,10,18.2,98.58,94.21,0.0,216034.17,0.0,0.0,,0.0
2,20,1.0,10,15.87,42.71,40.19,0.0,0.0,0.0,-0.0,,0.0
2,21,1.0,10,14.06,34.08,32.05,0.0,0.0,0.0,-0.0,,0.0
2,22,1.0,10,12.98,30.15,28.39,0.0,0.0,0.0,0.0,,0.0
2,23,1.0,10,12.08,27.22,25.68,0.0,0.0,0.0,0.0,,0.0
2,24,1.0,10,11.6,24.9,23.54,0.0,0.0,0.0,0.0,,0.0
2,1,2.0,10,11.03,22.8,21.6,0.0,0.0,0.0,0.0,,0.0
2,2,2.0,10,10.95,21.16,20.11,0.0,0.0,0.0,0.0,,0.0
2,3,2.0,10,10.65,19.63,18.71,0.0,0.0,0.0,-0.0,,0.0
2,4,2.0,10,10.27,18.21,17.39,0.0,0.0,0.0,-0.0,,0.0
2,5,2.0,10,9.82,16.88,16.16,0.0,0.0,0.0,-0.0,,0.0
2,6,2.0,10,9.83,15.91,15.27,0.0,0.0,0.0,-0.0,,0.0
2,7,2.0,10,9.26,14.77,14.21,0.0,30.95,0.0,-0.0,,0.0
2,8,2.0,10,9.81,18.04,20.66,10361.51,7461.58,0.0,0.0,,321.20681
2,9,2.0,10,12.15,21.63,21.62,0.0,18118.68,0.0,0.0,,0.0
2,10,2.0,10,15.46,25.75,25.58,0.0,26430.1,0.0,0.0,,0.0
2,11,2.0,10,18.85,29.78,25.66,-13871.76,32569.06,0.0,-5035.71,,-586.13157
2,12,2.0,10,21.23,32.88,25.66,-23546.99,36612.79,0.0,-6729.81,,-938.5808000000001
2,13,2.0,10,23.42,35.08,25.66,-30014.41,36226.82,0.0,-9458.93,,-1223.6735399999998
2,14,2.0,10,25.13,37.79,25.66,-38409.49,40708.12,0.0,-11428.25,,-1544.96994
2,15,2.0,10,25.42,53.61,37.79,-50000.0,120836.35,0.0,0.0,,-1550.0
2,16,2.0,10,25.19,67.94,51.61,-50000.0,187069.05,0.0,0.0,,-1550.0
2,17,2.0,10,24.17,78.8,62.21,-50000.0,234665.31,9111.73,0.0,,-1267.53637
2,18,2.0,10,22.23,83.46,66.66,-50000.0,251940.21,16323.75,0.0,,-1043.96375
2,19,2.0,10,19.27,99.63,95.2,0.0,216034.17,0.0,0.0,,0.0
2,20,2.0,10,16.58,43.54,40.98,0.0,0.0,0.0,-0.0,,0.0
2,21,2.0,10,14.91,34.96,32.89,0.0,0.0,0.0,-0.0,,0.0
2,22,2.0,10,13.88,31.05,29.26,0.0,0.0,0.0,0.0,,0.0
2,23,2.0,10,13.14,28.22,26.65,0.0,0.0,0.0,0.0,,0.0
2,24,2.0,10,12.5,25.82,24.43,0.0,0.0,0.0,0.0,,0.0
2,1,3.0,10,12.07,23.78,22.57,0.0,0.0,0.0,0.0,,0.0
2,2,3.0,10,11.76,22.04,20.96,0.0,0.0,0.0,0.0,,0.0
2,3,3.0,10,11.46,20.49,19.54,0.0,0.0,0.0,-0.0,,0.0
2,4,3.0,10,11.02,19.03,18.19,0.0,0.0,0.0,-0.0,,0.0
2,5,3.0,10,10.6,17.7,16.96,0.0,0.0,0.0,-0.0,,0.0
2,6,3.0,10,10.35,16.59,15.93,0.0,0.0,0.0,-0.0,,0.0
2,7,3.0,10,9.79,15.42,14.85,0.0,30.95,0.0,-0.0,,0.0
2,8,3.0,10,10.17,23.29,22.79,0.0,7461.58,0.0,0.0,,0.0
2,9,3.0,10,12.25,28.17,27.72,0.0,18118.68,0.0,0.0,,0.0
2,10,3.0,10,15.0,32.76,32.36,0.0,26430.1,0.0,0.0,,0.0
2,11,3.0,10,17.54,36.89,36.53,0.0,32569.06,0.0,0.0,,0.0
2,12,3.0,10,19.49,40.28,39.96,0.0,36612.79,0.0,0.0,,0.0
2,13,3.0,10,21.42,42.46,42.18,0.0,36226.82,0.0,0.0,,0.0
2,14,3.0,10,22.58,45.42,45.17,0.0,40708.12,0.0,0.0,,0.0
2,15,3.0,10,22.74,68.78,68.56,0.0,120836.35,0.0,0.0,,0.0
2,16,3.0,10,22.68,91.67,91.48,0.0,187069.05,0.0,0.0,,0.0
2,17,3.0,10,22.06,110.21,110.04,0.0,234665.31,0.0,-0.0,,0.0
2,18,3.0,10,20.31,119.87,119.72,0.0,251940.21,0.0,-0.0,,0.0
2,19,3.0,10,17.7,106.86,106.73,0.0,216034.17,0.0,-0.0,,0.0
2,20,3.0,10,15.16,46.64,46.52,0.0,0.0,0.0,0.0,,0.0
2,21,3.0,10,13.48,37.09,36.98,0.0,0.0,0.0,0.0,,0.0
2,22,3.0,10,12.6,32.77,32.68,0.0,0.0,0.0,0.0,,0.0
2,23,3.0,10,11.93,29.61,29.53,0.0,0.0,0.0,0.0,,0.0
2,24,3.0,10,11.32,26.91,26.84,0.0,0.0,0.0,0.0,,0.0
2,1,4.0,10,11.09,24.72,24.65,0.0,0.0,0.0,0.0,,0.0
2,2,4.0,10,10.92,22.83,22.77,0.0,0.0,0.0,0.0,,0.0
2,3,4.0,10,10.97,21.29,21.24,0.0,0.0,0.0,0.0,,0.0
2,4,4.0,10,10.8,19.83,19.79,0.0,0.0,0.0,0.0,,0.0
2,5,4.0,10,10.72,18.59,18.55,0.0,0.0,0.0,0.0,,0.0
2,6,4.0,10,10.73,17.54,17.51,0.0,0.0,0.0,-0.0,,0.0
2,7,4.0,10,10.62,16.57,16.54,0.0,30.95,0.0,-0.0,,0.0
2,8,4.0,10,10.6,24.21,24.18,0.0,7461.58,0.0,0.0,,0.0
2,9,4.0,10,11.77,28.53,28.5,0.0,18118.68,0.0,0.0,,0.0
2,10,4.0,10,13.95,32.67,32.65,0.0,26430.1,0.0,0.0,,0.0
2,11,4.0,10,17.56,37.25,37.23,0.0,32569.06,0.0,0.0,,0.0
2,12,4.0,10,19.63,40.7,40.68,0.0,36612.79,0.0,0.0,,0.0
2,13,4.0,10,21.05,42.58,42.56,0.0,36226.82,0.0,0.0,,0.0
2,14,4.0,10,21.47,45.06,45.05,0.0,40708.12,0.0,0.0,,0.0
2,15,4.0,10,21.25,68.1,68.09,0.0,120836.35,0.0,0.0,,0.0
2,16,4.0,10,21.47,91.03,91.02,0.0,187069.05,0.0,0.0,,0.0
2,17,4.0,10,21.08,109.64,109.63,0.0,234665.31,0.0,-0.0,,0.0
2,18,4.0,10,19.35,119.26,119.25,0.0,251940.21,0.0,-0.0,,0.0
2,19,4.0,10,16.68,106.18,106.18,0.0,216034.17,0.0,-0.0,,0.0
2,20,4.0,10,14.18,45.94,45.93,0.0,0.0,0.0,0.0,,0.0
2,21,4.0,10,12.61,36.42,36.41,0.0,0.0,0.0,0.0,,0.0
2,22,4.0,10,11.77,32.1,32.1,0.0,0.0,0.0,0.0,,0.0
2,23,4.0,10,11.24,29.0,29.0,0.0,0.0,0.0,0.0,,0.0
2,24,4.0,10,10.92,26.46,26.45,0.0,0.0,0.0,0.0,,0.0
2,1,5.0,10,10.74,24.31,24.3,0.0,0.0,0.0,0.0,,0.0
2,2,5.0,10,10.54,22.42,22.41,0.0,0.0,0.0,0.0,,0.0
2,3,5.0,10,10.5,20.83,20.82,0.0,0.0,0.0,0.0,,0.0
2,4,5.0,10,10.42,19.42,19.42,0.0,0.0,0.0,0.0,,0.0
2,5,5.0,10,10.49,18.27,18.27,0.0,0.0,0.0,0.0,,0.0
2,6,5.0,10,10.72,17.36,17.36,0.0,0.0,0.0,-0.0,,0.0
2,7,5.0,10,10.41,16.31,16.31,0.0,30.95,0.0,-0.0,,0.0
2,8,5.0,10,10.64,19.22,20.66,5034.41,7461.58,0.0,0.0,,156.06671
2,9,5.0,10,12.36,22.33,22.46,0.0,18118.68,0.0,0.0,,0.0
2,10,5.0,10,15.55,26.28,25.66,-2321.99,26430.1,0.0,0.0,,-71.98168999999999
2,11,5.0,10,17.61,29.32,25.66,-12723.52,32569.06,0.0,-858.41,,-421.03983
2,12,5.0,10,19.54,31.98,25.66,-20996.2,36612.79,0.0,-1907.48,,-710.0140799999999
2,13,5.0,10,21.18,33.67,25.66,-25797.57,36226.82,0.0,-1199.62,,-836.9128900000001
2,14,5.0,10,22.13,35.72,25.66,-32058.75,40708.12,0.0,-2486.64,,-1070.9070900000002
2,15,5.0,10,21.9,51.04,35.53,-50000.0,120836.35,0.0,0.0,,-1550.0
2,16,5.0,10,21.38,65.02,48.87,-50000.0,187069.05,0.0,0.0,,-1550.0
2,17,5.0,10,20.17,75.62,59.18,-50000.0,234665.31,9181.99,0.0,,-1265.35831
2,18,5.0,10,18.39,80.27,63.59,-50000.0,251940.21,15565.95,0.0,,-1067.4555500000001
2,19,5.0,10,15.97,96.89,92.63,0.0,216034.17,0.0,0.0,,0.0
2,20,5.0,10,13.88,41.1,38.69,0.0,0.0,0.0,-0.0,,0.0
2,21,5.0,10,12.32,32.58,30.64,0.0,0.0,0.0,-0.0,,0.0
2,22,5.0,10,11.41,28.72,27.04,0.0,0.0,0.0,0.0,,0.0
2,23,5.0,10,10.72,25.91,24.44,0.0,0.0,0.0,0.0,,0.0
2,24,5.0,10,10.16,23.54,22.25,0.0,0.0,0.0,0.0,,0.0
2,1,6.0,10,9.96,21.63,20.49,0.0,0.0,0.0,0.0,,0.0
2,2,6.0,10,9.91,20.04,19.04,0.0,0.0,0.0,0.0,,0.0
2,3,6.0,10,9.52,18.48,17.59,0.0,0.0,0.0,0.0,,0.0
2,4,6.0,10,9.24,17.11,16.33,0.0,0.0,0.0,-0.0,,0.0
2,5,6.0,10,9.05,15.94,15.25,0.0,0.0,0.0,-0.0,,0.0
2,6,6.0,10,9.03,14.98,14.38,0.0,0.0,0.0,-0.0,,0.0
2,7,6.0,10,8.96,14.14,13.6,0.0,30.95,0.0,-0.0,,0.0
2,8,6.0,10,9.5,17.55,20.66,12041.37,7461.58,0.0,0.0,,373.28247000000005
2,9,6.0,10,10.89,20.51,20.66,379.97,18118.68,0.0,0.0,,11.77907
2,10,6.0,10,14.66,24.91,24.77,0.0,26430.1,0.0,0.0,,0.0
2,11,6.0,10,18.42,29.2,25.66,-11944.84,32569.06,0.0,-1199.08,,-407.46152
2,12,6.0,10,21.24,32.65,25.66,-22967.26,36612.79,0.0,-3533.71,,-821.5300699999999
2,13,6.0,10,23.39,34.86,25.66,-29413.88,36226.82,0.0,-5790.85,,-1091.3466300000002
2,14,6.0,10,24.27,37.02,25.66,-35884.4,40708.12,0.0,-9410.76,,-1404.1499600000002
2,15,6.0,10,24.28,52.62,36.89,-50000.0,120836.35,0.0,0.0,,-1550.0
2,16,6.0,10,23.94,66.84,50.55,-50000.0,187069.05,0.0,0.0,,-1550.0
2,17,6.0,10,22.84,77.62,61.07,-50000.0,234665.31,9563.21,0.0,,-1253.54049
2,18,6.0,10,21.26,82.51,65.74,-50000.0,251940.21,17208.03,0.0,,-1016.5510700000001
2,19,6.0,10,18.52,98.81,94.43,0.0,216034.17,0.0,0.0,,0.0
2,20,6.0,10,15.92,42.78,40.26,0.0,0.0,0.0,-0.0,,0.0
2,21,6.0,10,14.22,34.21,32.17,0.0,0.0,0.0,-0.0,,0.0
2,22,6.0,10,13.01,30.21,28.44,0.0,0.0,0.0,0.0,,0.0
2,23,6.0,10,12.17,27.31,25.76,0.0,0.0,0.0,0.0,,0.0
2,24,6.0,10,11.44,24.85,23.49,0.0,0.0,0.0,0.0,,0.0
2,1,7.0,10,10.94,22.76,21.56,0.0,0.0,0.0,0.0,,0.0
2,2,7.0,10,10.58,20.97,19.92,0.0,0.0,0.0,0.0,,0.0
2,3,7.0,10,10.13,19.33,18.4,0.0,0.0,0.0,-0.0,,0.0
2,4,7.0,10,9.62,17.8,16.98,0.0,0.0,0.0,-0.0,,0.0
2,5,7.0,10,9.2,16.45,15.73,0.0,0.0,0.0,-0.0,,0.0
2,6,7.0,10,9.2,15.45,14.81,0.0,0.0,0.0,-0.0,,0.0
2,7,7.0,10,8.55,14.24,13.68,0.0,30.95,0.0,-0.0,,0.0
2,8,7.0,10,9.7,17.86,20.66,11016.69,7461.58,0.0,0.0,,341.51739000000003
2,9,7.0,10,12.67,21.91,21.91,0.0,18118.68,0.0,0.0,,0.0
2,10,7.0,10,16.0,26.09,25.66,-941.07,26430.1,0.0,0.0,,-29.173170000000002
2,11,7.0,10,19.54,30.25,25.66,-15469.86,32569.06,0.0,-95.23,,-482.51779
2,12,7.0,10,22.53,33.82,25.66,-26656.78,36612.79,0.0,-1694.79,,-878.89867
2,13,7.0,10,24.44,35.88,25.66,-32486.9,36226.82,0.0,-1571.21,,-1055.8014099999998
2,14,7.0,10,25.43,38.12,25.66,-39219.73,40708.12,0.0,-5461.93,,-1385.1314600000003
2,15,7.0,10,25.35,53.66,37.77,-50000.0,120836.35,0.0,0.0,,-1550.0
2,16,7.0,10,25.18,68.0,51.63,-50000.0,187069.05,1206.5,0.0,,-1512.5985
2,17,7.0,10,24.51,79.1,62.46,-50000.0,234665.31,12618.4,0.0,,-1158.8295999999998
2,18,7.0,10,22.54,83.75,66.91,-50000.0,251940.21,19467.1,0.0,,-946.5199
2,19,7.0,10,18.94,99.56,95.1,0.0,216034.17,0.0,0.0,,0.0
2,20,7.0,10,16.47,43.54,40.94,0.0,0.0,0.0,-0.0,,0.0
2,21,7.0,10,14.93,35.02,32.92,0.0,0.0,0.0,-0.0,,0.0
2,22,7.0,10,13.87,31.1,29.27,0.0,0.0,0.0,0.0,,0.0
2,23,7.0,10,13.11,28.24,26.64,0.0,0.0,0.0,0.0,,0.0
2,24,7.0,10,12.52,25.86,24.45,0.0,0.0,0.0,0.0,,0.0
2,1,1.0,10,11.96,23.75,22.51,0.0,0.0,0.0,0.0,,0.0
2,2,1.0,10,11.57,21.95,20.86,0.0,0.0,0.0,0.0,,0.0
2,3,1.0,10,11.17,20.33,19.37,0.0,0.0,0.0,0.0,,0.0
2,4,1.0,10,10.77,18.87,18.02,0.0,0.0,0.0,-0.0,,0.0
2,5,1.0,10,10.37,17.55,16.8,0.0,0.0,0.0,-0.0,,0.0
2,6,1.0,10,10.42,16.59,15.92,0.0,0.0,0.0,-0.0,,0.0
2,7,1.0,10,10.16,15.61,15.02,0.0,30.95,0.0,-0.0,,0.0
2,8,1.0,10,10.77,18.95,20.66,7231.75,7461.58,0.0,0.0,,224.18425
2,9,1.0,10,12.85,22.37,22.26,0.0,18118.68,0.0,0.0,,0.0
2,10,1.0,10,15.79,26.22,25.66,-1258.86,26430.1,0.0,0.0,,-39.02466
2,11,1.0,10,18.21,29.54,25.66,-12849.25,32569.06,0.0,0.0,,-398.32675
2,12,1.0,10,20.2,32.3,25.66,-21474.37,36612.79,0.0,-963.0,,-695.5584699999999
2,13,1.0,10,21.64,33.89,25.66,-25988.02,36226.82,0.0,-2795.86,,-892.30028
2,14,1.0,10,22.29,35.77,25.66,-31701.56,40708.12,0.0,-4237.58,,-1114.11334
2,15,1.0,10,22.09,51.11,35.49,-50000.0,120836.35,0.0,0.0,,-1550.0
2,16,1.0,10,22.25,65.58,49.32,-50000.0,187069.05,690.31,0.0,,-1528.60039
2,17,1.0,10,21.9,76.83,60.29,-50000.0,234665.31,10170.69,0.0,,-1234.70861
2,18,1.0,10,20.28,81.69,64.93,-50000.0,251940.21,15882.46,0.0,,-1057.64374
2,19,1.0,10,17.64,98.08,93.72,0.0,216034.17,0.0,0.0,,0.0
2,20,1.0,10,14.93,41.99,39.49,0.0,0.0,0.0,-0.0,,0.0
2,21,1.0,10,13.21,33.38,31.35,0.0,0.0,0.0,-0.0,,0.0
2,22,1.0,10,11.95,29.33,27.58,0.0,0.0,0.0,0.0,,0.0
2,23,1.0,10,11.15,26.43,24.89,0.0,0.0,0.0,0.0,,0.0
2,24,1.0,10,10.93,24.23,22.88,0.0,0.0,0.0,0.0,,0.0
2,1,2.0,10,11.2,22.6,21.41,0.0,0.0,0.0,0.0,,0.0
2,2,2.0,10,11.27,21.12,20.07,0.0,0.0,0.0,0.0,,0.0
2,3,2.0,10,11.17,19.76,18.83,0.0,0.0,0.0,-0.0,,0.0
2,4,2.0,10,10.94,18.47,17.66,0.0,0.0,0.0,-0.0,,0.0
2,5,2.0,10,10.75,17.35,16.63,0.0,0.0,0.0,-0.0,,0.0
2,6,2.0,10,11.12,16.64,16.01,0.0,0.0,0.0,-0.0,,0.0
2,7,2.0,10,10.93,15.8,15.23,0.0,30.95,0.0,-0.0,,0.0
2,8,2.0,10,11.16,19.11,20.66,6630.71,7461.58,0.0,0.0,,205.55201
2,9,2.0,10,13.2,22.54,22.42,0.0,18118.68,0.0,0.0,,0.0
2,10,2.0,10,16.15,26.42,25.66,-1972.32,26430.1,0.0,0.0,,-61.14192
2,11,2.0,10,18.36,29.62,25.66,-13061.88,32569.06,0.0,-1961.92,,-465.7378
2,12,2.0,10,20.7,32.62,25.66,-22574.54,36612.79,0.0,-5249.57,,-862.54741
2,13,2.0,10,22.18,34.28,25.66,-27226.04,36226.82,0.0,-6165.74,,-1035.14518
2,14,2.0,10,22.7,36.09,25.66,-32664.36,40708.12,0.0,-5533.81,,-1184.14327
2,15,2.0,10,22.75,51.61,35.94,-50000.0,120836.35,0.0,0.0,,-1550.0
2,16,2.0,10,22.52,65.83,49.55,-50000.0,187069.05,0.0,0.0,,-1550.0
2,17,2.0,10,21.61,76.69,60.14,-50000.0,234665.31,10123.11,0.0,,-1236.18359
2,18,2.0,10,19.9,81.45,64.68,-50000.0,251940.21,15722.99,0.0,,-1062.5873100000001
2,19,2.0,10,17.32,97.9,93.52,0.0,216034.17,0.0,0.0,,0.0
2,20,2.0,10,15.23,42.14,39.62,0.0,0.0,0.0,-0.0,,0.0
2,21,2.0,10,13.86,33.76,31.72,0.0,0.0,0.0,-0.0,,0.0
2,22,2.0,10,12.98,29.96,28.2,0.0,0.0,0.0,0.0,,0.0
2,23,2.0,10,12.13,27.1,25.55,0.0,0.0,0.0,0.0,,0.0
2,24,2.0,10,11.53,24.73,23.37,0.0,0.0,0.0,0.0,,0.0
2,1,3.0,10,11.29,22.82,21.62,0.0,0.0,0.0,0.0,,0.0
2,2,3.0,10,11.05,21.15,20.09,0.0,0.0,0.0,0.0,,0.0
2,3,3.0,10,10.9,19.7,18.77,0.0,0.0,0.0,-0.0,,0.0
2,4,3.0,10,10.7,18.41,17.59,0.0,0.0,0.0,-0.0,,0.0
2,5,3.0,10,10.63,17.32,16.6,0.0,0.0,0.0,-0.0,,0.0
2,6,3.0,10,10.57,16.37,15.73,0.0,0.0,0.0,-0.0,,0.0
2,7,3.0,10,10.51,15.55,14.98,0.0,30.95,0.0,-0.0,,0.0
2,8,3.0,10,10.77,23.45,22.95,0.0,7461.58,0.0,0.0,,0.0
2,9,3.0,10,11.84,27.82,27.38,0.0,18118.68,0.0,0.0,,0.0
2,10,3.0,10,15.2,32.7,32.31,0.0,26430.1,0.0,0.0,,0.0
2,11,3.0,10,17.63,36.82,36.48,0.0,32569.06,0.0,0.0,,0.0
2,12,3.0,10,19.65,40.26,39.96,0.0,36612.79,0.0,0.0,,0.0
2,13,3.0,10,20.78,42.03,41.76,0.0,36226.82,0.0,0.0,,0.0
2,14,3.0,10,21.42,44.66,44.42,0.0,40708.12,0.0,0.0,,0.0
2,15,3.0,10,21.48,67.89,67.68,0.0,120836.35,0.0,0.0,,0.0
2,16,3.0,10,21.22,90.62,90.43,0.0,187069.05,0.0,0.0,,0.0
2,17,3.0,10,19.8,108.67,108.5,0.0,234665.31,0.0,-0.0,,0.0
2,18,3.0,10,18.06,118.21,118.06,0.0,251940.21,0.0,-0.0,,0.0
2,19,3.0,10,15.83,105.33,105.2,0.0,216034.17,0.0,-0.0,,0.0
2,20,3.0,10,13.97,45.45,45.33,0.0,0.0,0.0,0.0,,0.0
2,21,3.0,10,12.58,36.08,35.97,0.0,0.0,0.0,0.0,,0.0
2,22,3.0,10,11.78,31.83,31.74,0.0,0.0,0.0,0.0,,0.0
2,23,3.0,10,11.16,28.71,28.63,0.0,0.0,0.0,0.0,,0.0
2,24,3.0,10,10.52,26.02,25.95,0.0,0.0,0.0,0.0,,0.0
2,1,4.0,10,10.47,23.94,23.87,0.0,0.0,0.0,0.0,,0.0
2,2,4.0,10,10.1,21.97,21.91,0.0,0.0,0.0,0.0,,0.0
2,3,4.0,10,9.78,20.22,20.17,0.0,0.0,0.0,0.0,,0.0
2,4,4.0,10,9.59,18.73,18.69,0.0,0.0,0.0,0.0,,0.0
2,5,4.0,10,9.42,17.42,17.38,0.0,0.0,0.0,0.0,,0.0
2,6,4.0,10,9.57,16.43,16.4,0.0,0.0,0.0,-0.0,,0.0
2,7,4.0,10,9.32,15.38,15.35,0.0,30.95,0.0,-0.0,,0.0
2,8,4.0,10,9.81,23.28,23.26,0.0,7461.58,0.0,0.0,,0.0
2,9,4.0,10,10.84,27.55,27.53,0.0,18118.68,0.0,0.0,,0.0
2,10,4.0,10,12.86,31.62,31.6,0.0,26430.1,0.0,0.0,,0.0
2,11,4.0,10,16.41,36.16,36.14,0.0,32569.06,0.0,0.0,,0.0
2,12,4.0,10,18.34,39.52,39.5,0.0,36612.79,0.0,0.0,,0.0
2,13,4.0,10,20.09,41.56,41.54,0.0,36226.82,0.0,0.0,,0.0
2,14,4.0,10,20.88,44.26,44.25,0.0,40708.12,0.0,0.0,,0.0
2,15,4.0,10,21.12,67.59,67.58,0.0,120836.35,0.0,0.0,,0.0
2,16,4.0,10,20.72,90.24,90.23,0.0,187069.05,0.0,0.0,,0.0
2,17,4.0,10,19.57,108.43,108.42,0.0,234665.31,0.0,-0.0,,0.0
2,18,4.0,10,17.75,117.94,117.93,0.0,251940.21,0.0,-0.0,,0.0
2,19,4.0,10,15.4,104.99,104.99,0.0,216034.17,0.0,-0.0,,0.0
2,20,4.0,10,13.14,44.87,44.87,0.0,0.0,0.0,0.0,,0.0
2,21,4.0,10,11.5,35.33,35.32,0.0,0.0,0.0,0.0,,0.0
2,22,4.0,10,10.63,30.99,30.99,0.0,0.0,0.0,0.0,,0.0
2,23,4.0,10,9.8,27.72,27.71,0.0,0.0,0.0,0.0,,0.0
2,24,4.0,10,9.22,25.01,25.0,0.0,0.0,0.0,0.0,,0.0
2,1,5.0,10,8.91,22.75,22.74,0.0,0.0,0.0,0.0,,0.0
2,2,5.0,10,8.55,20.73,20.73,0.0,0.0,0.0,0.0,,0.0
2,3,5.0,10,8.07,18.86,18.85,0.0,0.0,0.0,0.0,,0.0
2,4,5.0,10,7.72,17.23,17.22,0.0,0.0,0.0,0.0,,0.0
2,5,5.0,10,7.39,15.78,15.78,0.0,0.0,0.0,0.0,,0.0
2,6,5.0,10,7.47,14.7,14.69,0.0,0.0,0.0,-0.0,,0.0
2,7,5.0,10,7.21,13.59,13.59,0.0,30.95,0.0,-0.0,,0.0
2,8,5.0,10,8.05,16.74,20.66,13738.22,7461.58,0.0,0.0,,425.88482
2,9,5.0,10,10.58,20.4,20.76,0.0,18118.68,0.0,0.0,,0.0
2,10,5.0,10,14.25,24.72,24.83,0.0,26430.1,0.0,0.0,,0.0
2,11,5.0,10,17.11,28.37,25.66,-9788.62,32569.06,0.0,0.0,,-303.44722
2,12,5.0,10,19.47,31.41,25.66,-19499.84,36612.79,0.0,0.0,,-604.49504
2,13,5.0,10,21.68,33.58,25.66,-25896.24,36226.82,0.0,-1047.17,,-835.24571
2,14,5.0,10,22.65,35.75,25.66,-32401.12,40708.12,0.0,-859.46,,-1031.07798
2,15,5.0,10,22.98,51.53,36.07,-50000.0,120836.35,0.0,0.0,,-1550.0
2,16,5.0,10,22.57,65.68,49.58,-50000.0,187069.05,2159.57,0.0,,-1483.0533300000002
2,17,5.0,10,21.32,76.33,59.93,-50000.0,234665.31,12274.55,0.0,,-1169.48895
2,18,5.0,10,19.6,81.09,64.45,-50000.0,251940.21,18078.34,0.0,,-989.57146
2,19,5.0,10,16.78,97.4,93.19,0.0,216034.17,0.0,0.0,,0.0
2,20,5.0,10,14.32,41.42,39.05,0.0,0.0,0.0,-0.0,,0.0
2,21,5.0,10,12.39,32.69,30.79,0.0,0.0,0.0,-0.0,,0.0
2,22,5.0,10,11.32,28.73,27.08,0.0,0.0,0.0,0.0,,0.0
2,23,5.0,10,10.35,25.74,24.3,0.0,0.0,0.0,0.0,,0.0
2,24,5.0,10,9.46,23.15,21.89,0.0,0.0,0.0,0.0,,0.0
2,1,6.0,10,9.07,21.09,19.98,0.0,0.0,0.0,0.0,,0.0
2,2,6.0,10,8.68,19.26,18.28,0.0,0.0,0.0,0.0,,0.0
2,3,6.0,10,8.17,17.56,16.69,0.0,0.0,0.0,0.0,,0.0
2,4,6.0,10,7.61,15.98,15.22,0.0,0.0,0.0,-0.0,,0.0
2,5,6.0,10,7.21,14.62,13.94,0.0,0.0,0.0,-0.0,,0.0
2,6,6.0,10,7.26,13.63,13.03,0.0,0.0,0.0,-0.0,,0.0
2,7,6.0,10,7.09,12.67,12.15,0.0,30.95,0.0,-0.0,,0.0
2,8,6.0,10,8.26,16.35,20.66,16204.56,7461.58,0.0,0.0,,502.34136
2,9,6.0,10,11.17,20.37,20.66,460.49,18118.68,0.0,0.0,,14.27519
2,10,6.0,10,14.51,24.57,24.48,0.0,26430.1,0.0,0.0,,0.0
2,11,6.0,10,17.99,28.69,25.66,-10262.83,32569.06,0.0,-644.09,,-338.11452
2,12,6.0,10,20.52,31.94,25.66,-20744.69,36612.79,0.0,-1361.12,,-685.2801099999999
2,13,6.0,10,23.12,34.45,25.66,-28320.5,36226.82,0.0,-4199.22,,-1008.1113200000001
2,14,6.0,10,24.19,36.78,25.66,-35306.77,40708.12,0.0,-4106.72,,-1221.81819
2,15,6.0,10,24.34,52.5,36.84,-50000.0,120836.35,0.0,0.0,,-1550.0
2,16,6.0,10,24.08,66.81,50.57,-50000.0,187069.05,2083.46,0.0,,-1485.41274
2,17,6.0,10,23.11,77.71,61.19,-50000.0,234665.31,12217.93,0.0,,-1171.24417
2,18,6.0,10,21.04,82.28,65.54,-50000.0,251940.21,17743.26,0.0,,-999.9589400000001
2,19,6.0,10,18.01,98.41,94.06,0.0,216034.17,0.0,0.0,,0.0
2,20,6.0,10,15.21,42.25,39.76,0.0,0.0,0.0,-0.0,,0.0
2,21,6.0,10,13.21,33.48,31.47,0.0,0.0,0.0,-0.0,,0.0
2,22,6.0,10,12.11,29.49,27.75,0.0,0.0,0.0,0.0,,0.0
2,23,6.0,10,11.07,26.47,24.94,0.0,0.0,0.0,0.0,,0.0
2,24,6.0,10,10.21,23.89,22.55,0.0,0.0,0.0,0.0,,0.0
2,1,7.0,10,9.85,21.84,20.66,0.0,0.0,0.0,0.0,,0.0
2,2,7.0,10,9.42,19.99,18.96,0.0,0.0,0.0,0.0,,0.0
2,3,7.0,10,9.22,18.46,17.55,0.0,0.0,0.0,0.0,,0.0
2,4,7.0,10,8.78,16.97,16.17,0.0,0.0,0.0,-0.0,,0.0
2,5,7.0,10,8.49,15.7,14.99,0.0,0.0,0.0,-0.0,,0.0
2,6,7.0,10,8.47,14.7,14.07,0.0,0.0,0.0,-0.0,,0.0
2,7,7.0,10,8.07,13.63,13.08,0.0,30.95,0.0,-0.0,,0.0
2,8,7.0,10,8.85,17.05,20.66,13838.19,7461.58,0.0,0.0,,428.98389000000003
2,9,7.0,10,11.15,20.62,20.7,0.0,18118.68,0.0,0.0,,0.0
2,10,7.0,10,15.36,25.36,25.23,0.0,26430.1,0.0,0.0,,0.0
2,11,7.0,10,18.52,29.29,25.66,-12262.33,32569.06,0.0,-2261.2,,-450.2294299999999
2,12,7.0,10,21.52,32.85,25.66,-23662.8,36612.79,0.0,-5898.18,,-916.39038
2,13,7.0,10,23.38,34.87,25.66,-29403.05,36226.82,0.0,-7105.28,,-1131.75823
2,14,7.0,10,24.23,37.01,25.66,-35825.45,40708.12,0.0,-6892.41,,-1324.2536599999999
2,15,7.0,10,24.55,52.81,37.08,-50000.0,120836.35,0.0,0.0,,-1550.0
2,16,7.0,10,24.12,66.99,50.7,-50000.0,187069.05,0.0,0.0,,-1550.0
2,17,7.0,10,22.92,77.71,61.15,-50000.0,234665.31,10330.87,0.0,,-1229.74303
2,18,7.0,10,21.49,82.69,65.92,-50000.0,251940.21,17639.05,0.0,,-1003.1894500000001
2,19,7.0,10,18.87,99.05,94.67,0.0,216034.17,0.0,0.0,,0.0
2,20,7.0,10,16.2,43.01,40.48,0.0,0.0,0.0,-0.0,,0.0
2,21,7.0,10,14.35,34.35,32.31,0.0,0.0,0.0,-0.0,,0.0
2,22,7.0,10,13.21,30.39,28.62,0.0,0.0,0.0,0.0,,0.0
2,23,7.0,10,12.34,27.47,25.92,0.0,0.0,0.0,0.0,,0.0
2,24,7.0,10,11.88,25.16,23.8,0.0,0.0,0.0,0.0,,0.0
2,1,1.0,10,11.9,23.39,22.18,0.0,0.0,0.0,0.0,,0.0
2,2,1.0,10,11.53,21.65,20.59,0.0,0.0,0.0,0.0,,0.0
2,3,1.0,10,11.28,20.15,19.22,0.0,0.0,0.0,-0.0,,0.0
2,4,1.0,10,11.0,18.8,17.98,0.0,0.0,0.0,-0.0,,0.0
2,5,1.0,10,10.62,17.52,16.8,0.0,0.0,0.0,-0.0,,0.0
2,6,1.0,10,10.5,16.51,15.86,0.0,0.0,0.0,-0.0,,0.0
2,7,1.0,10,9.93,15.37,14.81,0.0,30.95,0.0,-0.0,,0.0
2,8,1.0,10,10.62,18.77,20.66,7836.89,7461.58,0.0,0.0,,242.94359
2,9,1.0,10,12.91,22.34,22.26,0.0,18118.68,0.0,0.0,,0.0
2,10,1.0,10,16.36,26.56,25.66,-2505.37,26430.1,0.0,0.0,,-77.66647
2,11,1.0,10,19.26,30.27,25.66,-15299.06,32569.06,0.0,-1597.09,,-523.7806499999999
2,12,1.0,10,21.28,33.1,25.66,-24045.4,36612.79,0.0,-4075.2,,-871.7386000000001
2,13,1.0,10,22.79,34.78,25.66,-28797.98,36226.82,0.0,-7757.45,,-1133.2183300000002
2,14,1.0,10,23.4,36.67,25.66,-34487.85,40708.12,0.0,-5194.47,,-1230.15192
2,15,1.0,10,23.54,52.27,36.53,-50000.0,120836.35,0.0,0.0,,-1550.0
2,16,1.0,10,23.25,66.48,50.16,-50000.0,187069.05,0.0,0.0,,-1550.0
2,17,1.0,10,22.24,77.28,60.69,-50000.0,234665.31,8969.17,0.0,,-1271.95573
2,18,1.0,10,20.4,81.95,65.14,-50000.0,251940.21,15157.22,0.0,,-1080.12618
2,19,1.0,10,17.99,98.49,94.07,0.0,216034.17,0.0,0.0,,0.0
2,20,1.0,10,15.68,42.62,40.06,0.0,0.0,0.0,-0.0,,0.0
2,21,1.0,10,13.99,34.05,31.99,0.0,0.0,0.0,-0.0,,0.0
2,22,1.0,10,12.93,30.13,28.34,0.0,0.0,0.0,0.0,,0.0
2,23,1.0,10,12.18,27.29,25.72,0.0,0.0,0.0,0.0,,0.0
2,24,1.0,10,11.56,24.89,23.51,0.0,0.0,0.0,0.0,,0.0
2,1,2.0,10,11.33,22.97,21.76,0.0,0.0,0.0,0.0,,0.0
2,2,2.0,10,11.19,21.33,20.26,0.0,0.0,0.0,0.0,,0.0
2,3,2.0,10,10.94,19.84,18.89,0.0,0.0,0.0,-0.0,,0.0
2,4,2.0,10,10.8,18.56,17.73,0.0,0.0,0.0,-0.0,,0.0
2,5,2.0,10,10.52,17.35,16.62,0.0,0.0,0.0,-0.0,,0.0
2,6,2.0,10,10.21,16.24,15.59,0.0,0.0,0.0,-0.0,,0.0
2,7,2.0,10,10.06,15.33,14.76,0.0,30.95,0.0,-0.0,,0.0
2,8,2.0,10,10.45,18.59,20.66,8460.0,7461.58,0.0,0.0,,262.26
2,9,2.0,10,11.22,21.11,21.03,0.0,18118.68,0.0,0.0,,0.0
2,10,2.0,10,13.58,24.47,24.28,0.0,26430.1,0.0,0.0,,0.0
2,11,2.0,10,16.5,28.06,25.66,-7810.24,32569.06,0.0,-2886.74,,-331.60638
2,12,2.0,10,20.83,32.42,25.66,-22437.27,36612.79,0.0,-14636.6,,-1149.28997
2,13,2.0,10,23.12,34.73,25.66,-29051.44,36226.82,0.0,-11259.26,,-1249.6317
2,14,2.0,10,24.31,37.1,25.66,-36220.56,40708.12,0.0,-8794.82,,-1395.47678
2,15,2.0,10,24.36,52.72,36.99,-50000.0,120836.35,0.0,0.0,,-1550.0
2,16,2.0,10,23.97,66.92,50.63,-50000.0,187069.05,0.0,0.0,,-1550.0
2,17,2.0,10,22.55,77.46,60.91,-50000.0,234665.31,8986.26,0.0,,-1271.4259399999999
2,18,2.0,10,20.54,82.03,65.26,-50000.0,251940.21,15332.59,0.0,,-1074.68971
2,19,2.0,10,18.04,98.5,94.12,0.0,216034.17,0.0,0.0,,0.0
2,20,2.0,10,15.59,42.55,40.03,0.0,0.0,0.0,-0.0,,0.0
2,21,2.0,10,13.93,33.99,31.95,0.0,0.0,0.0,-0.0,,0.0
2,22,2.0,10,12.91,30.09,28.33,0.0,0.0,0.0,0.0,,0.0
2,23,2.0,10,12.08,27.2,25.66,0.0,0.0,0.0,0.0,,0.0
2,24,2.0,10,11.25,24.69,23.33,0.0,0.0,0.0,0.0,,0.0
2,1,3.0,10,11.0,22.74,21.54,0.0,0.0,0.0,0.0,,0.0
2,2,3.0,10,10.83,21.07,20.01,0.0,0.0,0.0,0.0,,0.0
2,3,3.0,10,10.54,19.53,18.6,0.0,0.0,0.0,-0.0,,0.0
2,4,3.0,10,10.21,18.14,17.32,0.0,0.0,0.0,-0.0,,0.0
2,5,3.0,10,9.98,16.93,16.21,0.0,0.0,0.0,-0.0,,0.0
2,6,3.0,10,9.83,15.9,15.26,0.0,0.0,0.0,-0.0,,0.0
2,7,3.0,10,9.41,14.84,14.27,0.0,30.95,0.0,-0.0,,0.0
2,8,3.0,10,10.94,23.37,22.87,0.0,7461.58,0.0,0.0,,0.0
2,9,3.0,10,13.95,28.87,28.43,0.0,18118.68,0.0,0.0,,0.0
2,10,3.0,10,16.95,33.76,33.37,0.0,26430.1,0.0,0.0,,0.0
2,11,3.0,10,20.13,38.37,38.03,0.0,32569.06,0.0,0.0,,0.0
2,12,3.0,10,22.66,42.24,41.94,0.0,36612.79,0.0,0.0,,0.0
2,13,3.0,10,24.58,44.6,44.33,0.0,36226.82,0.0,0.0,,0.0
2,14,3.0,10,25.42,47.51,47.27,0.0,40708.12,0.0,0.0,,0.0
2,15,3.0,10,25.07,70.68,70.47,0.0,120836.35,0.0,0.0,,0.0
2,16,3.0,10,24.38,93.26,93.07,0.0,187069.05,0.0,0.0,,0.0
2,17,3.0,10,23.35,111.58,111.41,0.0,234665.31,0.0,-0.0,,0.0
2,18,3.0,10,21.78,121.29,121.15,0.0,251940.21,0.0,-0.0,,0.0
2,19,3.0,10,19.32,108.38,108.25,0.0,216034.17,0.0,-0.0,,0.0
2,20,3.0,10,16.72,48.14,48.02,0.0,0.0,0.0,0.0,,0.0
2,21,3.0,10,14.93,38.53,38.43,0.0,0.0,0.0,0.0,,0.0
2,22,3.0,10,13.8,34.08,33.98,0.0,0.0,0.0,0.0,,0.0
2,23,3.0,10,13.05,30.85,30.77,0.0,0.0,0.0,0.0,,0.0
2,24,3.0,10,12.53,28.18,28.1,0.0,0.0,0.0,0.0,,0.0
2,1,4.0,10,12.28,25.97,25.9,0.0,0.0,0.0,0.0,,0.0
2,2,4.0,10,12.2,24.12,24.06,0.0,0.0,0.0,0.0,,0.0
2,3,4.0,10,12.08,22.48,22.43,0.0,0.0,0.0,0.0,,0.0
2,4,4.0,10,11.81,20.96,20.92,0.0,0.0,0.0,0.0,,0.0
2,5,4.0,10,11.59,19.62,19.58,0.0,0.0,0.0,0.0,,0.0
2,6,4.0,10,11.71,18.61,18.57,0.0,0.0,0.0,0.0,,0.0
2,7,4.0,10,11.25,17.44,17.41,0.0,30.95,0.0,-0.0,,0.0
2,8,4.0,10,12.35,25.65,25.62,0.0,7461.58,0.0,0.0,,0.0
2,9,4.0,10,15.19,30.95,30.92,0.0,18118.68,0.0,0.0,,0.0
2,10,4.0,10,18.05,35.65,35.63,0.0,26430.1,0.0,0.0,,0.0
2,11,4.0,10,20.51,39.78,39.76,0.0,32569.06,0.0,0.0,,0.0
2,12,4.0,10,22.37,43.13,43.11,0.0,36612.79,0.0,0.0,,0.0
2,13,4.0,10,23.3,44.77,44.75,0.0,36226.82,0.0,0.0,,0.0
2,14,4.0,10,23.89,47.33,47.32,0.0,40708.12,0.0,0.0,,0.0
2,15,4.0,10,24.03,70.6,70.58,0.0,120836.35,0.0,0.0,,0.0
2,16,4.0,10,23.9,93.38,93.37,0.0,187069.05,0.0,0.0,,0.0
2,17,4.0,10,23.25,111.85,111.84,0.0,234665.31,0.0,-0.0,,0.0
2,18,4.0,10,21.37,121.37,121.36,0.0,251940.21,0.0,-0.0,,0.0
2,19,4.0,10,18.77,108.31,108.31,0.0,216034.17,0.0,-0.0,,0.0
2,20,4.0,10,15.98,47.9,47.9,0.0,0.0,0.0,0.0,,0.0
2,21,4.0,10,14.28,38.28,38.28,0.0,0.0,0.0,0.0,,0.0
2,22,4.0,10,13.19,33.8,33.8,0.0,0.0,0.0,0.0,,0.0
2,23,4.0,10,12.4,30.51,30.5,0.0,0.0,0.0,0.0,,0.0
2,24,4.0,10,11.77,27.74,27.74,0.0,0.0,0.0,0.0,,0.0
2,1,5.0,10,11.72,25.6,25.6,0.0,0.0,0.0,0.0,,0.0
2,2,5.0,10,11.68,23.76,23.76,0.0,0.0,0.0,0.0,,0.0
2,3,5.0,10,11.58,22.11,22.11,0.0,0.0,0.0,0.0,,0.0
2,4,5.0,10,11.31,20.58,20.58,0.0,0.0,0.0,0.0,,0.0
2,5,5.0,10,11.21,19.29,19.29,0.0,0.0,0.0,0.0,,0.0
2,6,5.0,10,11.16,18.18,18.18,0.0,0.0,0.0,-0.0,,0.0
2,7,5.0,10,10.79,17.04,17.04,0.0,30.95,0.0,-0.0,,0.0
2,8,5.0,10,11.65,20.25,20.66,1445.02,7461.58,0.0,0.0,,44.79562
2,9,5.0,10,13.73,23.61,23.64,0.0,18118.68,0.0,0.0,,0.0
2,10,5.0,10,16.36,27.2,25.66,-5436.89,26430.1,0.0,0.0,,-168.54359
2,11,5.0,10,19.08,30.67,25.66,-17084.13,32569.06,0.0,-2925.7,,-620.3047300000001
2,12,5.0,10,21.36,33.6,25.66,-26141.27,36612.79,0.0,-5509.56,,-981.17573
2,13,5.0,10,22.99,35.32,25.66,-30887.91,36226.82,0.0,-7153.47,,-1179.28278
2,14,5.0,10,23.17,36.87,25.66,-35275.53,40708.12,0.0,-5229.78,,-1255.6646099999998
2,15,5.0,10,23.17,52.31,36.6,-50000.0,120836.35,0.0,0.0,,-1550.0
2,16,5.0,10,22.89,66.47,50.19,-50000.0,187069.05,0.0,0.0,,-1550.0
2,17,5.0,10,22.46,77.62,61.07,-50000.0,234665.31,9482.61,0.0,,-1256.03909
2,18,5.0,10,21.49,82.89,66.13,-50000.0,251940.21,15978.6,0.0,,-1054.6634000000001
2,19,5.0,10,19.17,99.49,95.12,0.0,216034.17,0.0,0.0,,0.0
2,20,5.0,10,16.64,43.53,41.02,0.0,0.0,0.0,-0.0,,0.0
2,21,5.0,10,15.07,35.03,33.0,0.0,0.0,0.0,-0.0,,0.0
2,22,5.0,10,13.86,31.04,29.29,0.0,0.0,0.0,0.0,,0.0
2,23,5.0,10,12.95,28.11,26.57,0.0,0.0,0.0,0.0,,0.0
2,24,5.0,10,12.52,25.81,24.46,0.0,0.0,0.0,0.0,,0.0
2,1,6.0,10,12.37,23.94,22.75,0.0,0.0,0.0,0.0,,0.0
2,2,6.0,10,12.3,22.36,21.31,0.0,0.0,0.0,0.0,,0.0
2,3,6.0,10,12.31,21.02,20.09,0.0,0.0,0.0,0.0,,0.0
2,4,6.0,10,12.17,19.78,18.96,0.0,0.0,0.0,0.0,,0.0
2,5,6.0,10,11.95,18.62,17.9,0.0,0.0,0.0,-0.0,,0.0
2,6,6.0,10,11.89,17.67,17.04,0.0,0.0,0.0,-0.0,,0.0
2,7,6.0,10,11.53,16.69,16.12,0.0,30.95,0.0,-0.0,,0.0
2,8,6.0,10,12.32,20.27,20.66,2553.64,7461.58,0.0,0.0,,79.16284
2,9,6.0,10,13.89,23.38,23.16,0.0,18118.68,0.0,0.0,,0.0
2,10,6.0,10,17.04,27.37,25.66,-5185.11,26430.1,0.0,0.0,,-160.73841000000002
2,11,6.0,10,19.33,30.62,25.66,-16182.09,32569.06,0.0,-2422.25,,-576.73454
2,12,6.0,10,21.0,33.15,25.66,-24002.71,36612.79,0.0,-7732.22,,-983.78283
2,13,6.0,10,22.51,34.79,25.66,-28661.21,36226.82,0.0,-9047.23,,-1168.9616400000002
2,14,6.0,10,23.85,37.13,25.66,-35987.65,40708.12,0.0,-8452.85,,-1377.6555
2,15,6.0,10,24.51,53.11,37.3,-50000.0,120836.35,0.0,0.0,,-1550.0
2,16,6.0,10,23.97,67.18,50.82,-50000.0,187069.05,0.0,0.0,,-1550.0
2,17,6.0,10,23.15,78.11,61.49,-50000.0,234665.31,8621.03,0.0,,-1282.74807
2,18,6.0,10,22.04,83.3,66.47,-50000.0,251940.21,15112.18,0.0,,-1081.52242
2,19,6.0,10,19.63,99.8,95.35,0.0,216034.17,0.0,0.0,,0.0
2,20,6.0,10,17.11,43.86,41.27,0.0,0.0,0.0,-0.0,,0.0
2,21,6.0,10,15.53,35.36,33.27,0.0,0.0,0.0,-0.0,,0.0
2,22,6.0,10,14.2,31.33,29.51,0.0,0.0,0.0,0.0,,0.0
2,23,6.0,10,13.35,28.43,26.84,0.0,0.0,0.0,0.0,,0.0
2,24,6.0,10,12.97,26.17,24.77,0.0,0.0,0.0,0.0,,0.0
2,1,7.0,10,12.58,24.18,22.94,0.0,0.0,0.0,0.0,,0.0
2,2,7.0,10,12.36,22.5,21.41,0.0,0.0,0.0,0.0,,0.0
2,3,7.0,10,11.98,20.93,19.97,0.0,0.0,0.0,0.0,,0.0
2,4,7.0,10,11.86,19.65,18.8,0.0,0.0,0.0,-0.0,,0.0
2,5,7.0,10,11.71,18.51,17.77,0.0,0.0,0.0,-0.0,,0.0
2,6,7.0,10,11.47,17.45,16.79,0.0,0.0,0.0,-0.0,,0.0
2,7,7.0,10,10.98,16.36,15.78,0.0,30.95,0.0,-0.0,,0.0
2,8,7.0,10,11.67,19.78,20.66,4322.1,7461.58,0.0,0.0,,133.98510000000002
2,9,7.0,10,12.56,22.38,22.2,0.0,18118.68,0.0,0.0,,0.0
2,10,7.0,10,14.85,25.71,25.49,0.0,26430.1,0.0,0.0,,0.0
2,11,7.0,10,17.96,29.44,25.66,-12525.86,32569.06,0.0,-5657.86,,-563.69532
2,12,7.0,10,19.94,32.18,25.66,-21087.24,36612.79,0.0,-7429.69,,-884.02483
2,13,7.0,10,21.73,34.0,25.66,-26394.23,36226.82,0.0,-7597.56,,-1053.74549
2,14,7.0,10,22.9,36.24,25.66,-33314.68,40708.12,0.0,-7214.8,,-1256.41388
2,15,7.0,10,23.33,52.05,36.38,-50000.0,120836.35,0.0,0.0,,-1550.0
2,16,7.0,10,22.95,66.2,49.93,-50000.0,187069.05,0.0,0.0,,-1550.0
2,17,7.0,10,21.94,77.0,60.45,-50000.0,234665.31,6748.12,0.0,,-1340.80828
2,18,7.0,10,20.4,81.88,65.11,-50000.0,251940.21,15401.63,0.0,,-1072.54947
2,19,7.0,10,18.1,98.47,94.1,0.0,216034.17,0.0,0.0,,0.0
2,20,7.0,10,15.85,42.65,40.14,0.0,0.0,0.0,-0.0,,0.0
2,21,7.0,10,14.25,34.15,32.12,0.0,0.0,0.0,-0.0,,0.0
2,22,7.0,10,13.17,30.24,28.48,0.0,0.0,0.0,0.0,,0.0
2,23,7.0,10,12.47,27.45,25.9,0.0,0.0,0.0,0.0,,0.0
2,24,7.0,10,11.74,25.01,23.65,0.0,0.0,0.0,0.0,,0.0
2,1,1.0,11,11.29,22.97,21.78,0.0,0.0,0.0,0.0,,0.0
2,2,1.0,11,10.93,21.2,20.15,0.0,0.0,0.0,0.0,,0.0
2,3,1.0,11,10.47,19.57,18.64,0.0,0.0,0.0,-0.0,,0.0
2,4,1.0,11,10.21,18.19,17.37,0.0,0.0,0.0,-0.0,,0.0
2,5,1.0,11,9.93,16.95,16.23,0.0,0.0,0.0,-0.0,,0.0
2,6,1.0,11,9.53,15.77,15.13,0.0,0.0,0.0,-0.0,,0.0
2,7,1.0,11,9.52,15.36,14.8,0.0,1694.94,0.0,-0.0,,0.0
2,8,1.0,11,10.4,19.27,21.01,7294.34,11508.18,0.0,0.0,,218.83020000000002
2,9,1.0,11,12.13,22.51,22.41,0.0,22014.22,0.0,0.0,,0.0
2,10,1.0,11,15.47,26.49,26.01,-996.58,29431.62,0.0,0.0,,-29.8974
2,11,1.0,11,17.41,29.58,26.01,-11801.9,36040.73,0.0,0.0,,-354.057
2,12,1.0,11,19.18,31.8,26.01,-18643.03,38115.8,0.0,-2177.63,,-624.6198
2,13,1.0,11,21.17,34.09,26.01,-25758.65,39745.92,0.0,-4707.4,,-913.9815000000001
2,14,1.0,11,22.47,36.34,26.01,-32605.19,43604.56,0.0,-3965.36,,-1097.1164999999999
2,15,1.0,11,23.02,51.88,36.27,-50000.0,121812.68,0.0,0.0,,-1500.0
2,16,1.0,11,22.66,66.03,49.79,-50000.0,188046.42,0.0,0.0,,-1500.0
2,17,1.0,11,21.42,75.71,59.19,-50000.0,230542.51,7672.56,0.0,,-1269.8232000000003
2,18,1.0,11,19.73,80.55,63.81,-50000.0,248784.31,14952.44,0.0,,-1051.4267999999997
2,19,1.0,11,17.13,101.23,96.89,0.0,229638.35,0.0,0.0,,0.0
2,20,1.0,11,14.73,42.5,40.02,0.0,917.27,0.0,-0.0,,0.0
2,21,1.0,11,13.0,33.41,31.4,0.0,0.0,0.0,-0.0,,0.0
2,22,1.0,11,11.87,29.36,27.62,0.0,0.0,0.0,0.0,,0.0
2,23,1.0,11,11.09,26.46,24.93,0.0,0.0,0.0,0.0,,0.0
2,24,1.0,11,10.23,23.9,22.56,0.0,0.0,0.0,0.0,,0.0
2,1,2.0,11,9.9,21.87,20.69,0.0,0.0,0.0,0.0,,0.0
2,2,2.0,11,9.58,20.09,19.05,0.0,0.0,0.0,0.0,,0.0
2,3,2.0,11,9.32,18.54,17.62,0.0,0.0,0.0,0.0,,0.0
2,4,2.0,11,9.04,17.14,16.34,0.0,0.0,0.0,0.0,,0.0
2,5,2.0,11,8.76,15.89,15.18,0.0,0.0,0.0,-0.0,,0.0
2,6,2.0,11,8.95,15.02,14.39,0.0,0.0,0.0,-0.0,,0.0
2,7,2.0,11,8.63,14.49,13.93,0.0,1694.94,0.0,0.0,,0.0
2,8,2.0,11,9.86,18.63,21.01,9543.31,11508.18,0.0,0.0,,286.2993
2,9,2.0,11,13.04,22.89,22.86,0.0,22014.22,0.0,0.0,,0.0
2,10,2.0,11,16.18,26.84,26.01,-2317.4,29431.62,0.0,0.0,,-69.522
2,11,2.0,11,18.93,30.55,26.01,-15131.6,36040.73,0.0,0.0,,-453.948
2,12,2.0,11,21.51,33.43,26.01,-24047.98,38115.8,0.0,-3741.06,,-833.6712000000001
2,13,2.0,11,23.88,36.1,26.01,-32228.99,39745.92,0.0,-4107.83,,-1090.1046000000001
2,14,2.0,11,25.11,38.41,26.01,-39071.19,43604.56,0.0,-7243.43,,-1389.4386000000002
2,15,2.0,11,25.18,53.7,37.82,-50000.0,121812.68,0.0,0.0,,-1500.0
2,16,2.0,11,24.89,67.93,51.56,-50000.0,188046.42,0.0,0.0,,-1500.0
2,17,2.0,11,23.78,77.75,61.12,-50000.0,230542.51,11760.97,0.0,,-1147.1708999999998
2,18,2.0,11,22.16,82.69,65.86,-50000.0,248784.31,18565.54,0.0,,-943.0337999999999
2,19,2.0,11,19.6,103.33,98.87,0.0,229638.35,0.0,0.0,,0.0
2,20,2.0,11,16.75,44.39,41.8,0.0,917.27,0.0,-0.0,,0.0
2,21,2.0,11,15.02,35.29,33.19,0.0,0.0,0.0,-0.0,,0.0
2,22,2.0,11,14.08,31.36,29.54,0.0,0.0,0.0,0.0,,0.0
2,23,2.0,11,13.4,28.54,26.95,0.0,0.0,0.0,0.0,,0.0
2,24,2.0,11,12.78,26.15,24.75,0.0,0.0,0.0,0.0,,0.0
2,1,3.0,11,12.47,24.18,22.94,0.0,0.0,0.0,0.0,,0.0
2,2,3.0,11,12.15,22.44,21.35,0.0,0.0,0.0,0.0,,0.0
2,3,3.0,11,11.81,20.87,19.91,0.0,0.0,0.0,0.0,,0.0
2,4,3.0,11,11.39,19.41,18.57,0.0,0.0,0.0,0.0,,0.0
2,5,3.0,11,11.13,18.17,17.43,0.0,0.0,0.0,-0.0,,0.0
2,6,3.0,11,11.17,17.23,16.57,0.0,0.0,0.0,-0.0,,0.0
2,7,3.0,11,10.69,16.61,16.02,0.0,1694.94,0.0,-0.0,,0.0
2,8,3.0,11,12.07,25.79,25.28,0.0,11508.18,0.0,0.0,,0.0
2,9,3.0,11,14.37,31.01,30.55,0.0,22014.22,0.0,0.0,,0.0
2,10,3.0,11,17.6,35.77,35.37,0.0,29431.62,0.0,0.0,,0.0
2,11,3.0,11,20.04,40.07,39.72,0.0,36040.73,0.0,0.0,,0.0
2,12,3.0,11,22.25,43.15,42.84,0.0,38115.8,0.0,0.0,,0.0
2,13,3.0,11,24.17,45.88,45.6,0.0,39745.92,0.0,0.0,,0.0
2,14,3.0,11,25.42,48.84,48.59,0.0,43604.56,0.0,0.0,,0.0
2,15,3.0,11,25.45,71.66,71.44,0.0,121812.68,0.0,0.0,,0.0
2,16,3.0,11,25.14,94.36,94.17,0.0,188046.42,0.0,0.0,,0.0
2,17,3.0,11,24.4,111.41,111.24,0.0,230542.51,0.0,-0.0,,0.0
2,18,3.0,11,22.82,121.18,121.03,0.0,248784.31,0.0,-0.0,,0.0
2,19,3.0,11,20.24,112.78,112.64,0.0,229638.35,0.0,-0.0,,0.0
2,20,3.0,11,17.41,49.65,49.53,0.0,917.27,0.0,0.0,,0.0
2,21,3.0,11,15.59,39.53,39.42,0.0,0.0,0.0,0.0,,0.0
2,22,3.0,11,14.44,34.97,34.88,0.0,0.0,0.0,0.0,,0.0
2,23,3.0,11,13.57,31.64,31.56,0.0,0.0,0.0,0.0,,0.0
2,24,3.0,11,12.96,28.89,28.81,0.0,0.0,0.0,0.0,,0.0
2,1,4.0,11,12.63,26.6,26.53,0.0,0.0,0.0,0.0,,0.0
2,2,4.0,11,12.31,24.58,24.52,0.0,0.0,0.0,0.0,,0.0
2,3,4.0,11,12.14,22.87,22.82,0.0,0.0,0.0,0.0,,0.0
2,4,4.0,11,12.08,21.42,21.37,0.0,0.0,0.0,0.0,,0.0
2,5,4.0,11,12.01,20.14,20.1,0.0,0.0,0.0,0.0,,0.0
2,6,4.0,11,11.91,19.0,18.97,0.0,0.0,0.0,0.0,,0.0
2,7,4.0,11,11.52,18.3,18.27,0.0,1694.94,0.0,-0.0,,0.0
2,8,4.0,11,12.39,27.11,27.08,0.0,11508.18,0.0,0.0,,0.0
2,9,4.0,11,14.58,32.14,32.11,0.0,22014.22,0.0,0.0,,0.0
2,10,4.0,11,17.28,36.5,36.47,0.0,29431.62,0.0,0.0,,0.0
2,11,4.0,11,19.57,40.58,40.56,0.0,36040.73,0.0,0.0,,0.0
2,12,4.0,11,21.88,43.59,43.57,0.0,38115.8,0.0,0.0,,0.0
2,13,4.0,11,23.61,46.12,46.11,0.0,39745.92,0.0,0.0,,0.0
2,14,4.0,11,24.47,48.76,48.75,0.0,43604.56,0.0,0.0,,0.0
2,15,4.0,11,24.29,71.34,71.33,0.0,121812.68,0.0,0.0,,0.0
2,16,4.0,11,24.06,93.98,93.97,0.0,188046.42,0.0,0.0,,0.0
2,17,4.0,11,23.03,110.79,110.78,0.0,230542.51,0.0,-0.0,,0.0
2,18,4.0,11,21.53,120.5,120.49,0.0,248784.31,0.0,-0.0,,0.0
2,19,4.0,11,19.09,112.1,112.1,0.0,229638.35,0.0,-0.0,,0.0
2,20,4.0,11,16.51,49.06,49.05,0.0,917.27,0.0,0.0,,0.0
2,21,4.0,11,14.79,38.96,38.96,0.0,0.0,0.0,0.0,,0.0
2,22,4.0,11,13.62,34.37,34.37,0.0,0.0,0.0,0.0,,0.0
2,23,4.0,11,12.81,31.05,31.05,0.0,0.0,0.0,0.0,,0.0
2,24,4.0,11,12.22,28.29,28.29,0.0,0.0,0.0,0.0,,0.0
2,1,5.0,11,11.58,25.82,25.82,0.0,0.0,0.0,0.0,,0.0
2,2,5.0,11,11.17,23.71,23.71,0.0,0.0,0.0,0.0,,0.0
2,3,5.0,11,11.29,22.12,22.12,0.0,0.0,0.0,0.0,,0.0
2,4,5.0,11,11.07,20.58,20.58,0.0,0.0,0.0,0.0,,0.0
2,5,5.0,11,11.0,19.28,19.28,0.0,0.0,0.0,0.0,,0.0
2,6,5.0,11,10.93,18.14,18.14,0.0,0.0,0.0,0.0,,0.0
2,7,5.0,11,10.81,17.58,17.58,0.0,1694.94,0.0,-0.0,,0.0
2,8,5.0,11,11.72,21.14,21.14,0.0,11508.18,0.0,0.0,,0.0
2,9,5.0,11,14.27,24.86,24.86,0.0,22014.22,0.0,0.0,,0.0
2,10,5.0,11,17.37,28.68,26.01,-9335.75,29431.62,0.0,0.0,,-280.0725
2,11,5.0,11,20.36,32.46,26.01,-21740.4,36040.73,0.0,-6539.41,,-848.3943
2,12,5.0,11,22.81,35.2,26.01,-29918.67,38115.8,0.0,-8935.41,,-1165.6224000000002
2,13,5.0,11,24.5,37.33,26.01,-36097.38,39745.92,0.0,-10613.41,,-1401.3236999999997
2,14,5.0,11,25.49,39.37,26.01,-42037.76,43604.56,0.0,-10507.29,,-1576.3515
2,15,5.0,11,25.47,54.51,38.52,-50000.0,121812.68,0.0,0.0,,-1500.0
2,16,5.0,11,25.02,68.56,52.14,-50000.0,188046.42,0.0,0.0,,-1500.0
2,17,5.0,11,24.07,78.42,61.75,-50000.0,230542.51,8888.87,0.0,,-1233.3338999999999
2,18,5.0,11,22.41,83.28,66.42,-50000.0,248784.31,17641.0,0.0,,-970.77
2,19,5.0,11,19.85,104.0,99.51,0.0,229638.35,0.0,0.0,,0.0
2,20,5.0,11,17.2,45.14,42.51,0.0,917.27,0.0,-0.0,,0.0
2,21,5.0,11,15.48,36.02,33.89,0.0,0.0,0.0,-0.0,,0.0
2,22,5.0,11,14.26,31.91,30.06,0.0,0.0,0.0,0.0,,0.0
2,23,5.0,11,13.53,29.01,27.39,0.0,0.0,0.0,0.0,,0.0
2,24,5.0,11,12.79,26.51,25.08,0.0,0.0,0.0,0.0,,0.0
2,1,6.0,11,12.1,24.28,23.03,0.0,0.0,0.0,0.0,,0.0
2,2,6.0,11,11.79,22.47,21.37,0.0,0.0,0.0,0.0,,0.0
2,3,6.0,11,11.38,20.82,19.84,0.0,0.0,0.0,0.0,,0.0
2,4,6.0,11,11.04,19.35,18.5,0.0,0.0,0.0,-0.0,,0.0
2,5,6.0,11,11.02,18.21,17.46,0.0,0.0,0.0,-0.0,,0.0
2,6,6.0,11,10.96,17.21,16.54,0.0,0.0,0.0,-0.0,,0.0
2,7,6.0,11,10.85,16.76,16.17,0.0,1694.94,0.0,-0.0,,0.0
2,8,6.0,11,11.82,20.7,21.01,2334.32,11508.18,0.0,0.0,,70.0296
2,9,6.0,11,14.21,24.4,24.16,0.0,22014.22,0.0,0.0,,0.0
2,10,6.0,11,17.0,28.04,26.01,-6253.99,29431.62,0.0,0.0,,-187.6197
2,11,6.0,11,19.42,31.45,26.01,-17746.6,36040.73,0.0,-1808.91,,-586.6652999999999
2,12,6.0,11,21.56,33.96,26.01,-25395.73,38115.8,0.0,-4943.62,,-910.1805
2,13,6.0,11,23.59,36.32,26.01,-32571.3,39745.92,0.0,-8762.08,,-1240.0013999999999
2,14,6.0,11,24.31,38.2,26.01,-37997.48,43604.56,0.0,-7954.18,,-1378.5498
2,15,6.0,11,24.02,53.13,37.21,-50000.0,121812.68,0.0,0.0,,-1500.0
2,16,6.0,11,23.83,67.34,50.92,-50000.0,188046.42,0.0,0.0,,-1500.0
2,17,6.0,11,22.79,77.15,60.48,-50000.0,230542.51,8939.98,0.0,,-1231.8006
2,18,6.0,11,21.14,82.01,65.13,-50000.0,248784.31,15875.54,0.0,,-1023.7338
2,19,6.0,11,18.67,102.78,98.27,0.0,229638.35,0.0,0.0,,0.0
2,20,6.0,11,15.95,43.88,41.24,0.0,917.27,0.0,-0.0,,0.0
2,21,6.0,11,14.16,34.72,32.58,0.0,0.0,0.0,-0.0,,0.0
2,22,6.0,11,13.07,30.67,28.82,0.0,0.0,0.0,0.0,,0.0
2,23,6.0,11,12.46,27.85,26.22,0.0,0.0,0.0,0.0,,0.0
2,24,6.0,11,11.87,25.44,24.01,0.0,0.0,0.0,0.0,,0.0
2,1,7.0,11,11.37,23.35,22.09,0.0,0.0,0.0,0.0,,0.0
2,2,7.0,11,11.09,21.58,20.47,0.0,0.0,0.0,0.0,,0.0
2,3,7.0,11,10.89,20.07,19.09,0.0,0.0,0.0,0.0,,0.0
2,4,7.0,11,10.64,18.69,17.83,0.0,0.0,0.0,-0.0,,0.0
2,5,7.0,11,10.65,17.61,16.85,0.0,0.0,0.0,-0.0,,0.0
2,6,7.0,11,10.93,16.82,16.14,0.0,0.0,0.0,-0.0,,0.0
2,7,7.0,11,10.72,16.37,15.78,0.0,1694.94,0.0,-0.0,,0.0
2,8,7.0,11,11.41,20.22,21.01,4032.97,11508.18,0.0,0.0,,120.9891
2,9,7.0,11,13.33,23.6,23.4,0.0,22014.22,0.0,0.0,,0.0
2,10,7.0,11,16.13,27.22,26.01,-3420.19,29431.62,0.0,0.0,,-102.6057
2,11,7.0,11,19.52,31.3,26.01,-17492.37,36040.73,0.0,-6788.97,,-728.4402
2,12,7.0,11,21.56,33.79,26.01,-24934.9,38115.8,0.0,-6727.26,,-949.8648000000001
2,13,7.0,11,22.77,35.61,26.01,-30208.59,39745.92,0.0,-8396.02,,-1158.1383
2,14,7.0,11,23.35,37.35,26.01,-35323.24,43604.56,0.0,-7097.1,,-1272.6101999999998
2,15,7.0,11,23.49,52.57,36.75,-50000.0,121812.68,0.0,0.0,,-1500.0
2,16,7.0,11,23.05,66.62,50.25,-50000.0,188046.42,0.0,0.0,,-1500.0
2,17,7.0,11,21.78,76.25,59.62,-50000.0,230542.51,6946.83,0.0,,-1291.5950999999998
2,18,7.0,11,19.99,80.99,64.16,-50000.0,248784.31,15413.84,0.0,,-1037.5848
2,19,7.0,11,17.66,101.86,97.4,0.0,229638.35,0.0,0.0,,0.0
2,20,7.0,11,15.11,43.05,40.45,0.0,917.27,0.0,-0.0,,0.0
2,21,7.0,11,13.26,33.87,31.76,0.0,0.0,0.0,-0.0,,0.0
2,22,7.0,11,12.2,29.82,28.0,0.0,0.0,0.0,0.0,,0.0
2,23,7.0,11,11.46,26.93,25.33,0.0,0.0,0.0,0.0,,0.0
2,24,7.0,11,11.17,24.67,23.26,0.0,0.0,0.0,0.0,,0.0
2,1,1.0,11,10.8,22.66,21.43,0.0,0.0,0.0,0.0,,0.0
2,2,1.0,11,10.61,20.97,19.88,0.0,0.0,0.0,0.0,,0.0
2,3,1.0,11,10.56,19.55,18.59,0.0,0.0,0.0,0.0,,0.0
2,4,1.0,11,10.41,18.27,17.42,0.0,0.0,0.0,0.0,,0.0
2,5,1.0,11,10.42,17.21,16.46,0.0,0.0,0.0,0.0,,0.0
2,6,1.0,11,10.49,16.33,15.67,0.0,0.0,0.0,0.0,,0.0
2,7,1.0,11,9.68,15.55,14.97,0.0,1694.94,0.0,0.0,,0.0
2,8,1.0,11,11.61,20.16,21.01,4219.04,11508.18,0.0,0.0,,126.57119999999999
2,9,1.0,11,15.66,25.08,24.89,0.0,22014.22,0.0,0.0,,0.0
2,10,1.0,11,19.46,29.57,26.01,-11691.67,29431.62,0.0,0.0,,-350.7501
2,11,1.0,11,22.44,33.54,26.01,-24590.81,36040.73,0.0,-281.68,,-746.1747
2,12,1.0,11,24.58,36.19,26.01,-32451.33,38115.8,0.0,-2831.51,,-1058.4852
2,13,1.0,11,26.33,38.47,26.01,-39175.66,39745.92,0.0,-4315.43,,-1304.7327000000002
2,14,1.0,11,28.32,41.29,26.01,-47838.82,43604.56,0.0,-6314.74,,-1624.6067999999998
2,15,1.0,11,28.41,56.66,40.33,-50000.0,121812.68,0.0,0.0,,-1500.0
2,16,1.0,11,27.95,70.81,54.19,-50000.0,188046.42,3247.42,0.0,,-1402.5774000000001
2,17,1.0,11,26.84,80.65,63.82,-50000.0,230542.51,14878.17,0.0,,-1053.6549000000002
2,18,1.0,11,25.01,85.47,68.45,-50000.0,248784.31,22516.67,0.0,,-824.4999
2,19,1.0,11,21.65,105.64,100.96,0.0,229638.35,0.0,0.0,,0.0
2,20,1.0,11,18.36,46.4,43.6,0.0,917.27,0.0,-0.0,,0.0
2,21,1.0,11,16.3,37.06,34.78,0.0,0.0,0.0,-0.0,,0.0
2,22,1.0,11,14.86,32.77,30.8,0.0,0.0,0.0,0.0,,0.0
2,23,1.0,11,14.02,29.77,28.03,0.0,0.0,0.0,0.0,,0.0
2,24,1.0,11,13.32,27.24,25.72,0.0,0.0,0.0,0.0,,0.0
2,1,2.0,11,12.63,24.99,23.65,0.0,0.0,0.0,0.0,,0.0
2,2,2.0,11,12.01,22.98,21.8,0.0,0.0,0.0,0.0,,0.0
2,3,2.0,11,11.44,21.19,20.15,0.0,0.0,0.0,0.0,,0.0
2,4,2.0,11,10.77,19.51,18.58,0.0,0.0,0.0,0.0,,0.0
2,5,2.0,11,10.25,18.03,17.21,0.0,0.0,0.0,0.0,,0.0
2,6,2.0,11,10.16,16.91,16.19,0.0,0.0,0.0,0.0,,0.0
2,7,2.0,11,9.71,16.21,15.57,0.0,1694.94,0.0,0.0,,0.0
2,8,2.0,11,11.41,20.41,21.01,3441.87,11508.18,0.0,0.0,,103.25609999999999
2,9,2.0,11,14.04,24.26,24.03,0.0,22014.22,0.0,0.0,,0.0
2,10,2.0,11,17.42,28.32,26.01,-7193.39,29431.62,0.0,0.0,,-215.8017
2,11,2.0,11,20.28,32.08,26.01,-19804.39,36040.73,0.0,0.0,,-594.1316999999999
2,12,2.0,11,22.69,34.82,26.01,-28143.91,38115.8,0.0,-431.47,,-857.2614
2,13,2.0,11,24.97,37.39,26.01,-35972.34,39745.92,0.0,-3685.68,,-1189.7405999999999
2,14,2.0,11,26.59,39.94,26.01,-43637.25,43604.56,0.0,-9000.11,,-1579.1208000000001
2,15,2.0,11,26.7,55.26,39.12,-50000.0,121812.68,0.0,0.0,,-1500.0
2,16,2.0,11,26.21,69.35,52.83,-50000.0,188046.42,1260.5,0.0,,-1462.185
2,17,2.0,11,25.31,79.3,62.54,-50000.0,230542.51,9417.15,0.0,,-1217.4855
2,18,2.0,11,23.37,84.01,67.07,-50000.0,248784.31,17811.1,0.0,,-965.667
2,19,2.0,11,20.75,104.64,100.05,0.0,229638.35,0.0,0.0,,0.0
2,20,2.0,11,17.7,45.57,42.86,0.0,917.27,0.0,-0.0,,0.0
2,21,2.0,11,15.8,36.35,34.14,0.0,0.0,0.0,-0.0,,0.0
2,22,2.0,11,14.82,32.35,30.44,0.0,0.0,0.0,0.0,,0.0
2,23,2.0,11,14.15,29.51,27.83,0.0,0.0,0.0,0.0,,0.0
2,24,2.0,11,13.63,27.14,25.66,0.0,0.0,0.0,0.0,,0.0
2,1,3.0,11,13.34,25.17,23.87,0.0,0.0,0.0,0.0,,0.0
2,2,3.0,11,13.05,23.43,22.28,0.0,0.0,0.0,0.0,,0.0
2,3,3.0,11,12.86,21.93,20.92,0.0,0.0,0.0,-0.0,,0.0
2,4,3.0,11,12.62,20.58,19.69,0.0,0.0,0.0,-0.0,,0.0
2,5,3.0,11,12.47,19.41,18.63,0.0,0.0,0.0,-0.0,,0.0
2,6,3.0,11,12.18,18.31,17.61,0.0,0.0,0.0,-0.0,,0.0
2,7,3.0,11,12.11,17.89,17.28,0.0,1694.94,0.0,-0.0,,0.0
2,8,3.0,11,12.27,26.44,25.89,0.0,11508.18,0.0,0.0,,0.0
2,9,3.0,11,13.84,31.16,30.68,0.0,22014.22,0.0,0.0,,0.0
2,10,3.0,11,16.18,35.32,34.9,0.0,29431.62,0.0,0.0,,0.0
2,11,3.0,11,18.59,39.46,39.08,0.0,36040.73,0.0,0.0,,0.0
2,12,3.0,11,21.3,42.7,42.36,0.0,38115.8,0.0,0.0,,0.0
2,13,3.0,11,22.22,44.83,44.54,0.0,39745.92,0.0,0.0,,0.0
2,14,3.0,11,22.59,47.16,46.9,0.0,43604.56,0.0,0.0,,0.0
2,15,3.0,11,23.46,70.26,70.03,0.0,121812.68,0.0,0.0,,0.0
2,16,3.0,11,23.38,93.03,92.83,0.0,188046.42,0.0,0.0,,0.0
2,17,3.0,11,22.6,110.02,109.84,0.0,230542.51,0.0,-0.0,,0.0
2,18,3.0,11,21.41,119.95,119.79,0.0,248784.31,0.0,-0.0,,0.0
2,19,3.0,11,19.04,111.65,111.51,0.0,229638.35,0.0,-0.0,,0.0
2,20,3.0,11,16.5,48.68,48.56,0.0,917.27,0.0,0.0,,0.0
2,21,3.0,11,14.76,38.62,38.51,0.0,0.0,0.0,0.0,,0.0
2,22,3.0,11,13.64,34.1,34.0,0.0,0.0,0.0,0.0,,0.0
2,23,3.0,11,12.9,30.85,30.76,0.0,0.0,0.0,0.0,,0.0
2,24,3.0,11,12.28,28.11,28.03,0.0,0.0,0.0,0.0,,0.0
2,1,4.0,11,12.23,25.99,25.92,0.0,0.0,0.0,0.0,,0.0
2,2,4.0,11,12.19,24.16,24.1,0.0,0.0,0.0,0.0,,0.0
2,3,4.0,11,12.01,22.49,22.44,0.0,0.0,0.0,0.0,,0.0
2,4,4.0,11,11.61,20.89,20.84,0.0,0.0,0.0,0.0,,0.0
2,5,4.0,11,11.43,19.55,19.51,0.0,0.0,0.0,0.0,,0.0
2,6,4.0,11,11.17,18.32,18.28,0.0,0.0,0.0,-0.0,,0.0
2,7,4.0,11,11.07,17.77,17.73,0.0,1694.94,0.0,-0.0,,0.0
2,8,4.0,11,11.47,26.34,26.31,0.0,11508.18,0.0,0.0,,0.0
2,9,4.0,11,12.58,30.74,30.71,0.0,22014.22,0.0,0.0,,0.0
2,10,4.0,11,16.42,35.61,35.59,0.0,29431.62,0.0,0.0,,0.0
2,11,4.0,11,18.86,39.81,39.79,0.0,36040.73,0.0,0.0,,0.0
2,12,4.0,11,20.54,42.49,42.47,0.0,38115.8,0.0,0.0,,0.0
2,13,4.0,11,21.2,44.39,44.37,0.0,39745.92,0.0,0.0,,0.0
2,14,4.0,11,21.88,46.81,46.8,0.0,43604.56,0.0,0.0,,0.0
2,15,4.0,11,21.97,69.45,69.44,0.0,121812.68,0.0,0.0,,0.0
2,16,4.0,11,22.14,92.25,92.24,0.0,188046.42,0.0,0.0,,0.0
2,17,4.0,11,21.49,109.26,109.25,0.0,230542.51,0.0,-0.0,,0.0
2,18,4.0,11,20.48,119.25,119.24,0.0,248784.31,0.0,-0.0,,0.0
2,19,4.0,11,18.22,110.99,110.98,0.0,229638.35,0.0,-0.0,,0.0
2,20,4.0,11,15.76,48.06,48.05,0.0,917.27,0.0,0.0,,0.0
2,21,4.0,11,14.2,38.09,38.08,0.0,0.0,0.0,0.0,,0.0
2,22,4.0,11,13.19,33.63,33.62,0.0,0.0,0.0,0.0,,0.0
2,23,4.0,11,12.57,30.45,30.45,0.0,0.0,0.0,0.0,,0.0
2,24,4.0,11,12.06,27.79,27.79,0.0,0.0,0.0,0.0,,0.0
2,1,5.0,11,11.83,25.59,25.58,0.0,0.0,0.0,0.0,,0.0
2,2,5.0,11,11.62,23.67,23.66,0.0,0.0,0.0,0.0,,0.0
2,3,5.0,11,11.64,22.09,22.09,0.0,0.0,0.0,0.0,,0.0
2,4,5.0,11,11.47,20.62,20.62,0.0,0.0,0.0,0.0,,0.0
2,5,5.0,11,11.49,19.42,19.42,0.0,0.0,0.0,0.0,,0.0
2,6,5.0,11,11.43,18.33,18.33,0.0,0.0,0.0,-0.0,,0.0
2,7,5.0,11,11.36,17.83,17.83,0.0,1694.94,0.0,-0.0,,0.0
2,8,5.0,11,11.66,21.1,21.1,0.0,11508.18,0.0,0.0,,0.0
2,9,5.0,11,13.35,24.21,24.21,0.0,22014.22,0.0,0.0,,0.0
2,10,5.0,11,17.29,28.54,26.01,-8863.27,29431.62,0.0,-511.92,,-281.2557
2,11,5.0,11,19.82,32.04,26.01,-20296.29,36040.73,0.0,-4214.62,,-735.3273
2,12,5.0,11,21.75,34.38,26.01,-27210.87,38115.8,0.0,-7144.58,,-1030.6634999999999
2,13,5.0,11,23.48,36.49,26.01,-33459.3,39745.92,0.0,-9918.2,,-1301.325
2,14,5.0,11,24.45,38.5,26.01,-39334.56,43604.56,0.0,-7895.88,,-1416.9132
2,15,5.0,11,24.6,53.73,37.86,-50000.0,121812.68,0.0,0.0,,-1500.0
2,16,5.0,11,24.57,68.07,51.71,-50000.0,188046.42,0.0,0.0,,-1500.0
2,17,5.0,11,24.18,78.33,61.71,-50000.0,230542.51,9529.47,0.0,,-1214.1159
2,18,5.0,11,22.82,83.44,66.62,-50000.0,248784.31,17367.82,0.0,,-978.9654
2,19,5.0,11,20.01,103.98,99.54,0.0,229638.35,0.0,0.0,,0.0
2,20,5.0,11,17.31,45.09,42.52,0.0,917.27,0.0,-0.0,,0.0
2,21,5.0,11,15.57,35.98,33.9,0.0,0.0,0.0,-0.0,,0.0
2,22,5.0,11,14.42,31.92,30.11,0.0,0.0,0.0,0.0,,0.0
2,23,5.0,11,13.63,29.01,27.43,0.0,0.0,0.0,0.0,,0.0
2,24,5.0,11,12.79,26.47,25.07,0.0,0.0,0.0,0.0,,0.0
2,1,6.0,11,12.45,24.44,23.21,0.0,0.0,0.0,0.0,,0.0
2,2,6.0,11,12.13,22.66,21.58,0.0,0.0,0.0,0.0,,0.0
2,3,6.0,11,11.69,21.0,20.05,0.0,0.0,0.0,-0.0,,0.0
2,4,6.0,11,11.2,19.48,18.64,0.0,0.0,0.0,-0.0,,0.0
2,5,6.0,11,11.18,18.34,17.6,0.0,0.0,0.0,-0.0,,0.0
2,6,6.0,11,10.98,17.25,16.6,0.0,0.0,0.0,-0.0,,0.0
2,7,6.0,11,11.02,16.88,16.3,0.0,1694.94,0.0,-0.0,,0.0
2,8,6.0,11,11.77,20.69,21.01,2355.98,11508.18,0.0,0.0,,70.6794
2,9,6.0,11,13.67,24.04,23.8,0.0,22014.22,0.0,0.0,,0.0
2,10,6.0,11,17.12,28.1,26.01,-6479.22,29431.62,0.0,0.0,,-194.3766
2,11,6.0,11,19.95,31.82,26.01,-19032.09,36040.73,0.0,-2733.98,,-652.9821
2,12,6.0,11,22.22,34.45,26.01,-27010.8,38115.8,0.0,-6861.01,,-1016.1542999999999
2,13,6.0,11,23.77,36.5,26.01,-33044.75,39745.92,0.0,-8436.93,,-1244.4504
2,14,6.0,11,24.85,38.62,26.01,-39369.77,43604.56,0.0,-7064.31,,-1393.0223999999998
2,15,6.0,11,24.72,53.7,37.72,-50000.0,121812.68,0.0,0.0,,-1500.0
2,16,6.0,11,24.42,67.85,51.41,-50000.0,188046.42,0.0,0.0,,-1500.0
2,17,6.0,11,23.77,77.94,61.24,-50000.0,230542.51,9107.4,0.0,,-1226.778
2,18,6.0,11,22.49,83.09,66.2,-50000.0,248784.31,17748.25,0.0,,-967.5525
2,19,6.0,11,20.12,103.86,99.33,0.0,229638.35,0.0,0.0,,0.0
2,20,6.0,11,17.3,44.95,42.3,0.0,917.27,0.0,-0.0,,0.0
2,21,6.0,11,15.46,35.8,33.64,0.0,0.0,0.0,-0.0,,0.0
2,22,6.0,11,14.2,31.68,29.81,0.0,0.0,0.0,0.0,,0.0
2,23,6.0,11,13.26,28.69,27.05,0.0,0.0,0.0,0.0,,0.0
2,24,6.0,11,12.51,26.18,24.73,0.0,0.0,0.0,0.0,,0.0
2,1,7.0,11,11.97,24.04,22.77,0.0,0.0,0.0,0.0,,0.0
2,2,7.0,11,11.69,22.26,21.14,0.0,0.0,0.0,0.0,,0.0
2,3,7.0,11,11.48,20.73,19.74,0.0,0.0,0.0,0.0,,0.0
2,4,7.0,11,11.38,19.43,18.56,0.0,0.0,0.0,-0.0,,0.0
2,5,7.0,11,11.22,18.25,17.48,0.0,0.0,0.0,-0.0,,0.0
2,6,7.0,11,11.03,17.19,16.51,0.0,0.0,0.0,-0.0,,0.0
2,7,7.0,11,10.93,16.76,16.16,0.0,1694.94,0.0,-0.0,,0.0
2,8,7.0,11,11.96,20.77,21.01,2119.88,11508.18,0.0,0.0,,63.5964
2,9,7.0,11,13.05,23.58,23.33,0.0,22014.22,0.0,0.0,,0.0
2,10,7.0,11,16.99,27.94,26.01,-5868.2,29431.62,0.0,0.0,,-176.046
2,11,7.0,11,19.99,31.79,26.01,-18943.6,36040.73,0.0,-3210.01,,-664.6083000000001
2,12,7.0,11,22.0,34.26,26.01,-26309.47,38115.8,0.0,-8369.2,,-1040.3600999999999
2,13,7.0,11,23.51,36.27,26.01,-32284.1,39745.92,0.0,-9460.37,,-1252.3341
2,14,7.0,11,24.8,38.52,26.01,-39113.31,43604.56,0.0,-7537.79,,-1399.533
2,15,7.0,11,24.96,53.81,37.85,-50000.0,121812.68,0.0,0.0,,-1500.0
2,16,7.0,11,24.4,67.81,51.37,-50000.0,188046.42,0.0,0.0,,-1500.0
2,17,7.0,11,23.3,77.58,60.89,-50000.0,230542.51,7471.09,0.0,,-1275.8673000000001
2,18,7.0,11,21.51,82.36,65.47,-50000.0,248784.31,15825.26,0.0,,-1025.2422
2,19,7.0,11,19.1,103.15,98.62,0.0,229638.35,0.0,0.0,,0.0
2,20,7.0,11,16.5,44.32,41.67,0.0,917.27,0.0,-0.0,,0.0
2,21,7.0,11,14.74,35.19,33.04,0.0,0.0,0.0,-0.0,,0.0
2,22,7.0,11,13.67,31.17,29.3,0.0,0.0,0.0,0.0,,0.0
2,23,7.0,11,12.76,28.2,26.56,0.0,0.0,0.0,0.0,,0.0
2,24,7.0,11,12.23,25.81,24.37,0.0,0.0,0.0,0.0,,0.0
2,1,1.0,11,11.89,23.8,22.53,0.0,0.0,0.0,0.0,,0.0
2,2,1.0,11,11.59,22.04,20.92,0.0,0.0,0.0,0.0,,0.0
2,3,1.0,11,11.32,20.49,19.5,0.0,0.0,0.0,0.0,,0.0
2,4,1.0,11,11.09,19.13,18.26,0.0,0.0,0.0,-0.0,,0.0
2,5,1.0,11,10.8,17.88,17.11,0.0,0.0,0.0,-0.0,,0.0
2,6,1.0,11,10.71,16.86,16.18,0.0,0.0,0.0,-0.0,,0.0
2,7,1.0,11,10.23,16.22,15.62,0.0,1694.94,0.0,-0.0,,0.0
2,8,1.0,11,11.19,20.12,21.01,4410.16,11508.18,0.0,0.0,,132.3048
2,9,1.0,11,13.04,23.43,23.23,0.0,22014.22,0.0,0.0,,0.0
2,10,1.0,11,16.88,27.76,26.01,-5302.13,29431.62,0.0,0.0,,-159.0639
2,11,1.0,11,19.72,31.51,26.01,-18045.78,36040.73,0.0,-2034.83,,-602.4183
2,12,1.0,11,21.98,34.14,26.01,-26051.24,38115.8,0.0,-6801.07,,-985.5692999999999
2,13,1.0,11,23.9,36.46,26.01,-33060.51,39745.92,0.0,-5989.05,,-1171.4868000000001
2,14,1.0,11,25.23,38.78,26.01,-40022.75,43604.56,0.0,-5490.09,,-1365.3852
2,15,1.0,11,25.35,54.07,38.09,-50000.0,121812.68,0.0,0.0,,-1500.0
2,16,1.0,11,24.79,68.09,51.65,-50000.0,188046.42,366.11,0.0,,-1489.0167
2,17,1.0,11,23.8,77.95,61.27,-50000.0,230542.51,10283.11,0.0,,-1191.5067
2,18,1.0,11,22.12,82.82,65.94,-50000.0,248784.31,18244.55,0.0,,-952.6635
2,19,1.0,11,20.03,103.76,99.24,0.0,229638.35,0.0,0.0,,0.0
2,20,1.0,11,17.17,44.83,42.18,0.0,917.27,0.0,-0.0,,0.0
2,21,1.0,11,15.27,35.65,33.5,0.0,0.0,0.0,-0.0,,0.0
2,22,1.0,11,14.16,31.6,29.74,0.0,0.0,0.0,0.0,,0.0
2,23,1.0,11,13.32,28.67,27.04,0.0,0.0,0.0,0.0,,0.0
2,24,1.0,11,12.77,26.28,24.85,0.0,0.0,0.0,0.0,,0.0
2,1,2.0,11,12.2,24.16,22.89,0.0,0.0,0.0,0.0,,0.0
2,2,2.0,11,11.74,22.29,21.18,0.0,0.0,0.0,0.0,,0.0
2,3,2.0,11,11.21,20.58,19.6,0.0,0.0,0.0,0.0,,0.0
2,4,2.0,11,10.76,19.06,18.2,0.0,0.0,0.0,0.0,,0.0
2,5,2.0,11,10.34,17.7,16.94,0.0,0.0,0.0,-0.0,,0.0
2,6,2.0,11,10.03,16.52,15.85,0.0,0.0,0.0,-0.0,,0.0
2,7,2.0,11,9.79,15.96,15.37,0.0,1694.94,0.0,-0.0,,0.0
2,8,2.0,11,11.81,20.52,21.01,2986.35,11508.18,0.0,0.0,,89.5905
2,9,2.0,11,15.03,24.84,24.61,0.0,22014.22,0.0,0.0,,0.0
2,10,2.0,11,18.79,29.23,26.01,-10440.48,29431.62,0.0,0.0,,-313.21439999999996
2,11,2.0,11,21.58,33.01,26.01,-22814.44,36040.73,0.0,-1082.32,,-716.9028
2,12,2.0,11,24.0,35.81,26.01,-31284.73,38115.8,0.0,-6116.33,,-1122.0317999999997
2,13,2.0,11,26.01,38.24,26.01,-38548.42,39745.92,0.0,-7451.41,,-1379.9949000000001
2,14,2.0,11,27.63,40.81,26.01,-46278.43,43604.56,0.0,-8417.4,,-1640.8749000000003
2,15,2.0,11,27.86,56.24,39.97,-50000.0,121812.68,0.0,0.0,,-1500.0
2,16,2.0,11,27.4,70.38,53.78,-50000.0,188046.42,661.22,0.0,,-1480.1634
2,17,2.0,11,26.4,80.28,63.47,-50000.0,230542.51,12552.81,0.0,,-1123.4157000000002
2,18,2.0,11,24.43,84.99,67.99,-50000.0,248784.31,19598.71,0.0,,-912.0387000000001
2,19,2.0,11,21.96,105.67,101.02,0.0,229638.35,0.0,0.0,,0.0
2,20,2.0,11,18.97,46.66,43.89,0.0,917.27,0.0,-0.0,,0.0
2,21,2.0,11,17.01,37.43,35.17,0.0,0.0,0.0,-0.0,,0.0
2,22,2.0,11,15.67,33.25,31.29,0.0,0.0,0.0,0.0,,0.0
2,23,2.0,11,14.65,30.19,28.47,0.0,0.0,0.0,0.0,,0.0
2,24,2.0,11,13.87,27.65,26.14,0.0,0.0,0.0,0.0,,0.0
2,1,3.0,11,13.43,25.55,24.21,0.0,0.0,0.0,0.0,,0.0
2,2,3.0,11,13.02,23.7,22.52,0.0,0.0,0.0,0.0,,0.0
2,3,3.0,11,12.58,22.02,20.99,0.0,0.0,0.0,0.0,,0.0
2,4,3.0,11,12.27,20.57,19.66,0.0,0.0,0.0,-0.0,,0.0
2,5,3.0,11,11.96,19.27,18.47,0.0,0.0,0.0,-0.0,,0.0
2,6,3.0,11,11.65,18.11,17.4,0.0,0.0,0.0,-0.0,,0.0
2,7,3.0,11,11.51,17.61,16.98,0.0,1694.94,0.0,-0.0,,0.0
2,8,3.0,11,12.81,26.73,26.18,0.0,11508.18,0.0,0.0,,0.0
2,9,3.0,11,15.22,31.98,31.49,0.0,22014.22,0.0,0.0,,0.0
2,10,3.0,11,18.23,36.62,36.18,0.0,29431.62,0.0,0.0,,0.0
2,11,3.0,11,20.91,41.02,40.64,0.0,36040.73,0.0,0.0,,0.0
2,12,3.0,11,22.7,43.86,43.52,0.0,38115.8,0.0,0.0,,0.0
2,13,3.0,11,24.03,46.23,45.93,0.0,39745.92,0.0,0.0,,0.0
2,14,3.0,11,25.25,49.09,48.82,0.0,43604.56,0.0,0.0,,0.0
2,15,3.0,11,25.66,72.06,71.82,0.0,121812.68,0.0,0.0,,0.0
2,16,3.0,11,25.29,94.71,94.5,0.0,188046.42,0.0,0.0,,0.0
2,17,3.0,11,24.4,111.65,111.47,0.0,230542.51,0.0,-0.0,,0.0
2,18,3.0,11,22.95,121.46,121.29,0.0,248784.31,0.0,-0.0,,0.0
2,19,3.0,11,20.61,113.17,113.03,0.0,229638.35,0.0,-0.0,,0.0
2,20,3.0,11,17.84,50.09,49.96,0.0,917.27,0.0,0.0,,0.0
2,21,3.0,11,16.0,39.96,39.84,0.0,0.0,0.0,0.0,,0.0
2,22,3.0,11,14.93,35.44,35.34,0.0,0.0,0.0,0.0,,0.0
2,23,3.0,11,14.07,32.12,32.03,0.0,0.0,0.0,0.0,,0.0
2,24,3.0,11,13.43,29.35,29.27,0.0,0.0,0.0,0.0,,0.0
2,1,4.0,11,13.06,27.04,26.97,0.0,0.0,0.0,0.0,,0.0
2,2,4.0,11,12.75,25.03,24.97,0.0,0.0,0.0,0.0,,0.0
2,3,4.0,11,12.45,23.24,23.19,0.0,0.0,0.0,0.0,,0.0
2,4,4.0,11,12.11,21.63,21.58,0.0,0.0,0.0,0.0,,0.0
2,5,4.0,11,11.8,20.19,20.15,0.0,0.0,0.0,0.0,,0.0
2,6,4.0,11,11.59,18.95,18.91,0.0,0.0,0.0,-0.0,,0.0
2,7,4.0,11,11.47,18.36,18.32,0.0,1694.94,0.0,-0.0,,0.0
2,8,4.0,11,12.68,27.35,27.32,0.0,11508.18,0.0,0.0,,0.0
2,9,4.0,11,15.3,32.63,32.6,0.0,22014.22,0.0,0.0,,0.0
2,10,4.0,11,17.93,36.99,36.97,0.0,29431.62,0.0,0.0,,0.0
2,11,4.0,11,20.93,41.48,41.46,0.0,36040.73,0.0,0.0,,0.0
2,12,4.0,11,23.23,44.56,44.55,0.0,38115.8,0.0,0.0,,0.0
2,13,4.0,11,24.66,46.98,46.97,0.0,39745.92,0.0,0.0,,0.0
2,14,4.0,11,25.65,49.71,49.7,0.0,43604.56,0.0,0.0,,0.0
2,15,4.0,11,25.73,72.47,72.46,0.0,121812.68,0.0,0.0,,0.0
2,16,4.0,11,25.51,95.16,95.15,0.0,188046.42,0.0,0.0,,0.0
2,17,4.0,11,24.69,112.12,112.11,0.0,230542.51,0.0,-0.0,,0.0
2,18,4.0,11,23.32,121.95,121.94,0.0,248784.31,0.0,-0.0,,0.0
2,19,4.0,11,21.1,113.72,113.71,0.0,229638.35,0.0,-0.0,,0.0
2,20,4.0,11,18.16,50.54,50.53,0.0,917.27,0.0,0.0,,0.0
2,21,4.0,11,16.28,40.37,40.36,0.0,0.0,0.0,0.0,,0.0
2,22,4.0,11,15.07,35.76,35.75,0.0,0.0,0.0,0.0,,0.0
2,23,4.0,11,14.19,32.4,32.4,0.0,0.0,0.0,0.0,,0.0
2,24,4.0,11,13.64,29.66,29.66,0.0,0.0,0.0,0.0,,0.0
2,1,5.0,11,12.99,27.19,27.19,0.0,0.0,0.0,0.0,,0.0
2,2,5.0,11,12.45,25.02,25.01,0.0,0.0,0.0,0.0,,0.0
2,3,5.0,11,12.19,23.21,23.21,0.0,0.0,0.0,0.0,,0.0
2,4,5.0,11,11.99,21.65,21.64,0.0,0.0,0.0,0.0,,0.0
2,5,5.0,11,11.73,20.22,20.22,0.0,0.0,0.0,0.0,,0.0
2,6,5.0,11,11.81,19.13,19.12,0.0,0.0,0.0,-0.0,,0.0
2,7,5.0,11,11.49,18.45,18.44,0.0,1694.94,0.0,-0.0,,0.0
2,8,5.0,11,12.41,21.94,21.94,0.0,11508.18,0.0,0.0,,0.0
2,9,5.0,11,14.88,25.59,25.58,0.0,22014.22,0.0,0.0,,0.0
2,10,5.0,11,17.89,29.31,26.01,-11570.19,29431.62,0.0,-269.82,,-355.20029999999997
2,11,5.0,11,20.65,32.92,26.01,-23155.76,36040.73,0.0,-5844.67,,-870.0129000000001
2,12,5.0,11,22.59,35.27,26.01,-29995.29,38115.8,0.0,-7471.95,,-1124.0172
2,13,5.0,11,24.27,37.34,26.01,-36050.51,39745.92,0.0,-9566.09,,-1368.4980000000003
2,14,5.0,11,25.35,39.41,26.01,-42109.8,43604.56,0.0,-8293.19,,-1512.0897000000002
2,15,5.0,11,25.07,54.35,38.34,-50000.0,121812.68,0.0,0.0,,-1500.0
2,16,5.0,11,25.04,68.65,52.22,-50000.0,188046.42,0.0,0.0,,-1500.0
2,17,5.0,11,24.21,78.6,61.92,-50000.0,230542.51,10660.97,0.0,,-1180.1708999999998
2,18,5.0,11,22.7,83.56,66.69,-50000.0,248784.31,18044.27,0.0,,-958.6719
2,19,5.0,11,20.25,104.34,99.83,0.0,229638.35,0.0,0.0,,0.0
2,20,5.0,11,17.26,45.3,42.67,0.0,917.27,0.0,-0.0,,0.0
2,21,5.0,11,15.34,36.05,33.91,0.0,0.0,0.0,-0.0,,0.0
2,22,5.0,11,14.15,31.93,30.08,0.0,0.0,0.0,0.0,,0.0
2,23,5.0,11,13.33,28.97,27.34,0.0,0.0,0.0,0.0,,0.0
2,24,5.0,11,12.81,26.56,25.13,0.0,0.0,0.0,0.0,,0.0
2,1,6.0,11,12.41,24.5,23.24,0.0,0.0,0.0,0.0,,0.0
2,2,6.0,11,12.21,22.77,21.66,0.0,0.0,0.0,0.0,,0.0
2,3,6.0,11,12.16,21.33,20.35,0.0,0.0,0.0,0.0,,0.0
2,4,6.0,11,12.17,20.11,19.25,0.0,0.0,0.0,-0.0,,0.0
2,5,6.0,11,12.21,19.06,18.3,0.0,0.0,0.0,-0.0,,0.0
2,6,6.0,11,12.32,18.2,17.53,0.0,0.0,0.0,-0.0,,0.0
2,7,6.0,11,12.0,17.69,17.1,0.0,1694.94,0.0,-0.0,,0.0
2,8,6.0,11,13.15,21.84,21.47,0.0,11508.18,0.0,0.0,,0.0
2,9,6.0,11,15.74,25.71,25.4,0.0,22014.22,0.0,0.0,,0.0
2,10,6.0,11,18.34,29.26,26.01,-10442.85,29431.62,0.0,-643.31,,-332.5848
2,11,6.0,11,21.26,33.03,26.01,-22828.07,36040.73,0.0,-6787.65,,-888.4716000000001
2,12,6.0,11,23.07,35.36,26.01,-29653.58,38115.8,0.0,-7512.83,,-1114.9923000000001
2,13,6.0,11,24.83,37.54,26.01,-36176.37,39745.92,0.0,-10045.16,,-1386.6459
2,14,6.0,11,24.96,39.0,26.01,-40139.25,43604.56,0.0,-8356.95,,-1454.886
2,15,6.0,11,25.09,54.2,38.11,-50000.0,121812.68,0.0,0.0,,-1500.0
2,16,6.0,11,25.27,68.67,52.14,-50000.0,188046.42,0.0,0.0,,-1500.0
2,17,6.0,11,24.47,78.66,61.9,-50000.0,230542.51,11597.1,0.0,,-1152.087
2,18,6.0,11,23.02,83.7,66.75,-50000.0,248784.31,16561.35,0.0,,-1003.1595
2,19,6.0,11,20.34,104.31,99.71,0.0,229638.35,0.0,0.0,,0.0
2,20,6.0,11,17.76,45.49,42.77,0.0,917.27,0.0,-0.0,,0.0
2,21,6.0,11,15.85,36.3,34.08,0.0,0.0,0.0,-0.0,,0.0
2,22,6.0,11,14.81,32.29,30.36,0.0,0.0,0.0,0.0,,0.0
2,23,6.0,11,14.39,29.58,27.9,0.0,0.0,0.0,0.0,,0.0
2,24,6.0,11,14.03,27.33,25.85,0.0,0.0,0.0,0.0,,0.0
2,1,7.0,11,13.72,25.38,24.08,0.0,0.0,0.0,0.0,,0.0
2,2,7.0,11,13.58,23.74,22.59,0.0,0.0,0.0,0.0,,0.0
2,3,7.0,11,13.3,22.23,21.22,0.0,0.0,0.0,0.0,,0.0
2,4,7.0,11,13.02,20.87,19.98,0.0,0.0,0.0,0.0,,0.0
2,5,7.0,11,12.95,19.76,18.97,0.0,0.0,0.0,-0.0,,0.0
2,6,7.0,11,12.77,18.74,18.04,0.0,0.0,0.0,-0.0,,0.0
2,7,7.0,11,12.47,18.22,17.6,0.0,1694.94,0.0,-0.0,,0.0
2,8,7.0,11,13.17,22.03,21.65,0.0,11508.18,0.0,0.0,,0.0
2,9,7.0,11,15.15,25.44,25.12,0.0,22014.22,0.0,0.0,,0.0
2,10,7.0,11,17.52,28.76,26.01,-8683.71,29431.62,0.0,0.0,,-260.5113
2,11,7.0,11,21.12,32.96,26.01,-22706.95,36040.73,0.0,-12949.74,,-1069.7007
2,12,7.0,11,23.83,35.92,26.01,-31646.72,38115.8,0.0,-15846.81,,-1424.8058999999998
2,13,7.0,11,25.6,38.15,26.01,-38160.2,39745.92,0.0,-11432.05,,-1487.7675
2,14,7.0,11,27.16,40.63,26.01,-45632.73,43604.56,0.0,-12530.17,,-1744.887
2,15,7.0,11,27.72,56.24,39.98,-50000.0,121812.68,0.0,0.0,,-1500.0
2,16,7.0,11,27.41,70.47,53.88,-50000.0,188046.42,0.0,0.0,,-1500.0
2,17,7.0,11,26.52,80.44,63.63,-50000.0,230542.51,10879.6,0.0,,-1173.612
2,18,7.0,11,25.15,85.57,68.57,-50000.0,248784.31,19288.61,0.0,,-921.3417
2,19,7.0,11,22.8,106.3,101.65,0.0,229638.35,0.0,0.0,,0.0
2,20,7.0,11,19.81,47.32,44.55,0.0,917.27,0.0,-0.0,,0.0
2,21,7.0,11,17.68,38.02,35.76,0.0,0.0,0.0,-0.0,,0.0
2,22,7.0,11,16.33,33.84,31.88,0.0,0.0,0.0,-0.0,,0.0
2,23,7.0,11,15.36,30.82,29.1,0.0,0.0,0.0,0.0,,0.0
2,24,7.0,11,14.52,28.25,26.74,0.0,0.0,0.0,0.0,,0.0
2,1,1.0,11,13.97,26.1,24.76,0.0,0.0,0.0,0.0,,0.0
2,2,1.0,11,13.81,24.38,23.2,0.0,0.0,0.0,0.0,,0.0
2,3,1.0,11,13.6,22.85,21.81,0.0,0.0,0.0,-0.0,,0.0
2,4,1.0,11,13.33,21.45,20.54,0.0,0.0,0.0,-0.0,,0.0
2,5,1.0,11,13.08,20.22,19.41,0.0,0.0,0.0,-0.0,,0.0
2,6,1.0,11,12.82,19.1,18.38,0.0,0.0,0.0,-0.0,,0.0
2,7,1.0,11,12.32,18.43,17.8,0.0,1694.94,0.0,-0.0,,0.0
2,8,1.0,11,13.33,22.31,21.93,0.0,11508.18,0.0,0.0,,0.0
2,9,1.0,11,15.76,26.01,25.69,0.0,22014.22,0.0,0.0,,0.0
2,10,1.0,11,18.54,29.64,26.01,-11739.66,29431.62,0.0,-239.0,,-359.3598
2,11,1.0,11,21.08,33.13,26.01,-23011.37,36040.73,0.0,-6152.18,,-874.9065
2,12,1.0,11,23.01,35.49,26.01,-30020.43,38115.8,0.0,-8437.25,,-1153.7304
2,13,1.0,11,24.7,37.6,26.01,-36287.43,39745.92,0.0,-9892.72,,-1385.4045
2,14,1.0,11,26.21,39.99,26.01,-43526.01,43604.56,0.0,-9961.09,,-1604.6130000000003
2,15,1.0,11,26.2,55.16,38.96,-50000.0,121812.68,0.0,0.0,,-1500.0
2,16,1.0,11,25.97,69.37,52.8,-50000.0,188046.42,0.0,0.0,,-1500.0
2,17,1.0,11,24.79,79.09,62.3,-50000.0,230542.51,11304.79,0.0,,-1160.8563000000001
2,18,1.0,11,23.48,84.2,67.22,-50000.0,248784.31,16625.32,0.0,,-1001.2404
2,19,1.0,11,21.28,105.08,100.45,0.0,229638.35,0.0,0.0,,0.0
2,20,1.0,11,18.46,46.17,43.41,0.0,917.27,0.0,-0.0,,0.0
2,21,1.0,11,16.49,36.94,34.69,0.0,0.0,0.0,-0.0,,0.0
2,22,1.0,11,15.26,32.82,30.87,0.0,0.0,0.0,-0.0,,0.0
2,23,1.0,11,14.38,29.85,28.14,0.0,0.0,0.0,0.0,,0.0
2,24,1.0,11,13.55,27.29,25.79,0.0,0.0,0.0,0.0,,0.0
2,1,2.0,11,13.1,25.19,23.87,0.0,0.0,0.0,0.0,,0.0
2,2,2.0,11,12.75,23.38,22.21,0.0,0.0,0.0,0.0,,0.0
2,3,2.0,11,12.4,21.76,20.73,0.0,0.0,0.0,0.0,,0.0
2,4,2.0,11,12.32,20.45,19.54,0.0,0.0,0.0,-0.0,,0.0
2,5,2.0,11,12.25,19.31,18.51,0.0,0.0,0.0,-0.0,,0.0
2,6,2.0,11,11.94,18.19,17.48,0.0,0.0,0.0,-0.0,,0.0
2,7,2.0,11,11.83,17.73,17.11,0.0,1694.94,0.0,-0.0,,0.0
2,8,2.0,11,12.71,21.61,21.23,0.0,11508.18,0.0,0.0,,0.0
2,9,2.0,11,15.22,25.38,25.06,0.0,22014.22,0.0,0.0,,0.0
2,10,2.0,11,17.45,28.65,26.01,-8254.99,29431.62,0.0,0.0,,-247.6497
2,11,2.0,11,19.86,32.02,26.01,-19440.18,36040.73,0.0,-2618.86,,-661.7712
2,12,2.0,11,21.58,34.21,26.01,-25977.07,38115.8,0.0,-6513.37,,-974.7131999999999
2,13,2.0,11,23.31,36.31,26.01,-32344.73,39745.92,0.0,-10120.78,,-1273.9653
2,14,2.0,11,23.99,38.12,26.01,-37590.57,43604.56,0.0,-8050.92,,-1369.2447
2,15,2.0,11,24.14,53.33,37.38,-50000.0,121812.68,0.0,0.0,,-1500.0
2,16,2.0,11,23.97,67.55,51.1,-50000.0,188046.42,0.0,0.0,,-1500.0
2,17,2.0,11,23.41,77.68,60.98,-50000.0,230542.51,7803.44,0.0,,-1265.8967999999998
2,18,2.0,11,21.94,82.69,65.8,-50000.0,248784.31,16583.63,0.0,,-1002.4910999999998
2,19,2.0,11,19.67,103.55,99.02,0.0,229638.35,0.0,0.0,,0.0
2,20,2.0,11,17.12,44.78,42.11,0.0,917.27,0.0,-0.0,,0.0
2,21,2.0,11,15.2,35.59,33.43,0.0,0.0,0.0,-0.0,,0.0
2,22,2.0,11,13.93,31.46,29.59,0.0,0.0,0.0,-0.0,,0.0
2,23,2.0,11,13.15,28.55,26.91,0.0,0.0,0.0,0.0,,0.0
2,24,2.0,11,12.46,26.08,24.63,0.0,0.0,0.0,0.0,,0.0
2,1,3.0,11,12.31,24.16,22.89,0.0,0.0,0.0,0.0,,0.0
2,2,3.0,11,12.39,22.63,21.5,0.0,0.0,0.0,0.0,,0.0
2,3,3.0,11,12.49,21.32,20.33,0.0,0.0,0.0,-0.0,,0.0
2,4,3.0,11,12.41,20.09,19.22,0.0,0.0,0.0,-0.0,,0.0
2,5,3.0,11,12.38,19.04,18.27,0.0,0.0,0.0,-0.0,,0.0
2,6,3.0,11,12.17,18.02,17.34,0.0,0.0,0.0,-0.0,,0.0
2,7,3.0,11,12.09,17.63,17.03,0.0,1694.94,0.0,-0.0,,0.0
2,8,3.0,11,12.5,26.35,25.82,0.0,11508.18,0.0,0.0,,0.0
2,9,3.0,11,14.72,31.48,31.01,0.0,22014.22,0.0,0.0,,0.0
2,10,3.0,11,17.34,35.88,35.47,0.0,29431.62,0.0,0.0,,0.0
2,11,3.0,11,19.59,40.02,39.65,0.0,36040.73,0.0,0.0,,0.0
2,12,3.0,11,21.43,42.84,42.51,0.0,38115.8,0.0,0.0,,0.0
2,13,3.0,11,22.82,45.2,44.91,0.0,39745.92,0.0,0.0,,0.0
2,14,3.0,11,23.14,47.54,47.29,0.0,43604.56,0.0,0.0,,0.0
2,15,3.0,11,23.28,70.26,70.03,0.0,121812.68,0.0,0.0,,0.0
2,16,3.0,11,23.07,92.92,92.72,0.0,188046.42,0.0,0.0,,0.0
2,17,3.0,11,22.36,109.91,109.73,0.0,230542.51,0.0,-0.0,,0.0
2,18,3.0,11,20.99,119.72,119.56,0.0,248784.31,0.0,-0.0,,0.0
2,19,3.0,11,18.93,111.57,111.43,0.0,229638.35,0.0,-0.0,,0.0
2,20,3.0,11,16.51,48.67,48.55,0.0,917.27,0.0,0.0,,0.0
2,21,3.0,11,14.78,38.62,38.51,0.0,0.0,0.0,0.0,,0.0
2,22,3.0,11,13.79,34.17,34.08,0.0,0.0,0.0,0.0,,0.0
2,23,3.0,11,13.18,31.01,30.92,0.0,0.0,0.0,0.0,,0.0
2,24,3.0,11,12.72,28.38,28.3,0.0,0.0,0.0,0.0,,0.0
2,1,4.0,11,13.34,26.65,26.58,0.0,0.0,0.0,0.0,,0.0
2,2,4.0,11,13.05,24.76,24.7,0.0,0.0,0.0,0.0,,0.0
2,3,4.0,11,12.93,23.16,23.1,0.0,0.0,0.0,0.0,,0.0
2,4,4.0,11,12.88,21.78,21.73,0.0,0.0,0.0,0.0,,0.0
2,5,4.0,11,12.92,20.62,20.58,0.0,0.0,0.0,0.0,,0.0
2,6,4.0,11,12.96,19.62,19.58,0.0,0.0,0.0,-0.0,,0.0
2,7,4.0,11,12.61,19.0,18.97,0.0,1694.94,0.0,-0.0,,0.0
2,8,4.0,11,13.87,28.08,28.05,0.0,11508.18,0.0,0.0,,0.0
2,9,4.0,11,16.89,33.63,33.6,0.0,22014.22,0.0,0.0,,0.0
2,10,4.0,11,19.35,37.99,37.96,0.0,29431.62,0.0,0.0,,0.0
2,11,4.0,11,22.15,42.42,42.4,0.0,36040.73,0.0,0.0,,0.0
2,12,4.0,11,23.99,45.28,45.26,0.0,38115.8,0.0,0.0,,0.0
2,13,4.0,11,25.51,47.74,47.72,0.0,39745.92,0.0,0.0,,0.0
2,14,4.0,11,26.35,50.4,50.38,0.0,43604.56,0.0,0.0,,0.0
2,15,4.0,11,26.32,73.09,73.08,0.0,121812.68,0.0,0.0,,0.0
2,16,4.0,11,26.17,95.81,95.8,0.0,188046.42,0.0,0.0,,0.0
2,17,4.0,11,24.94,112.54,112.53,0.0,230542.51,0.0,-0.0,,0.0
2,18,4.0,11,23.19,122.13,122.12,0.0,248784.31,0.0,-0.0,,0.0
2,19,4.0,11,20.82,113.77,113.76,0.0,229638.35,0.0,-0.0,,0.0
2,20,4.0,11,17.91,50.55,50.54,0.0,917.27,0.0,0.0,,0.0
2,21,4.0,11,15.99,40.32,40.32,0.0,0.0,0.0,0.0,,0.0
2,22,4.0,11,14.77,35.68,35.67,0.0,0.0,0.0,0.0,,0.0
2,23,4.0,11,14.04,32.37,32.37,0.0,0.0,0.0,0.0,,0.0
2,24,4.0,11,13.3,29.52,29.52,0.0,0.0,0.0,0.0,,0.0
2,1,5.0,11,12.92,27.16,27.16,0.0,0.0,0.0,0.0,,0.0
2,2,5.0,11,12.67,25.15,25.15,0.0,0.0,0.0,0.0,,0.0
2,3,5.0,11,12.42,23.37,23.37,0.0,0.0,0.0,0.0,,0.0
2,4,5.0,11,12.05,21.72,21.72,0.0,0.0,0.0,0.0,,0.0
2,5,5.0,11,11.68,20.23,20.23,0.0,0.0,0.0,0.0,,0.0
2,6,5.0,11,11.26,18.86,18.86,0.0,0.0,0.0,0.0,,0.0
2,7,5.0,11,11.1,18.21,18.21,0.0,1694.94,0.0,-0.0,,0.0
2,8,5.0,11,12.29,21.83,21.83,0.0,11508.18,0.0,0.0,,0.0
2,9,5.0,11,14.41,25.24,25.24,0.0,22014.22,0.0,0.0,,0.0
2,10,5.0,11,17.79,29.2,26.01,-11170.68,29431.62,0.0,-819.39,,-359.7021
2,11,5.0,11,20.24,32.6,26.01,-22059.1,36040.73,0.0,-5660.94,,-831.6012
2,12,5.0,11,22.47,35.13,26.01,-29624.31,38115.8,0.0,-7526.61,,-1114.5276
2,13,5.0,11,24.46,37.43,26.01,-36424.39,39745.92,0.0,-8014.18,,-1333.1571000000001
2,14,5.0,11,25.48,39.48,26.01,-42356.11,43604.56,0.0,-5893.26,,-1447.4811000000002
2,15,5.0,11,25.4,54.57,38.56,-50000.0,121812.68,0.0,0.0,,-1500.0
2,16,5.0,11,25.2,68.77,52.34,-50000.0,188046.42,0.0,0.0,,-1500.0
2,17,5.0,11,24.34,78.69,62.02,-50000.0,230542.51,9148.57,0.0,,-1225.5429
2,18,5.0,11,22.55,83.47,66.59,-50000.0,248784.31,16016.64,0.0,,-1019.5008
2,19,5.0,11,20.26,104.34,99.84,0.0,229638.35,0.0,0.0,,0.0
2,20,5.0,11,17.39,45.38,42.74,0.0,917.27,0.0,-0.0,,0.0
2,21,5.0,11,15.57,36.2,34.06,0.0,0.0,0.0,-0.0,,0.0
2,22,5.0,11,14.45,32.12,30.27,0.0,0.0,0.0,0.0,,0.0
2,23,5.0,11,13.76,29.25,27.62,0.0,0.0,0.0,0.0,,0.0
2,24,5.0,11,13.18,26.83,25.4,0.0,0.0,0.0,0.0,,0.0
2,1,6.0,11,12.73,24.75,23.49,0.0,0.0,0.0,0.0,,0.0
2,2,6.0,11,12.5,23.01,21.91,0.0,0.0,0.0,0.0,,0.0
2,3,6.0,11,12.5,21.6,20.63,0.0,0.0,0.0,0.0,,0.0
2,4,6.0,11,12.48,20.38,19.52,0.0,0.0,0.0,-0.0,,0.0
2,5,6.0,11,12.52,19.33,18.58,0.0,0.0,0.0,-0.0,,0.0
2,6,6.0,11,12.39,18.34,17.67,0.0,0.0,0.0,-0.0,,0.0
2,7,6.0,11,12.24,17.91,17.32,0.0,1694.94,0.0,-0.0,,0.0
2,8,6.0,11,12.92,21.75,21.39,0.0,11508.18,0.0,0.0,,0.0
2,9,6.0,11,15.24,25.4,25.09,0.0,22014.22,0.0,0.0,,0.0
2,10,6.0,11,17.79,28.88,26.01,-9115.22,29431.62,0.0,-578.09,,-290.7993
2,11,6.0,11,20.06,32.17,26.01,-19941.21,36040.73,0.0,-5542.51,,-764.5116
2,12,6.0,11,21.58,34.23,26.01,-26014.78,38115.8,0.0,-6516.73,,-975.9453
2,13,6.0,11,23.02,36.12,26.01,-31679.24,39745.92,0.0,-5862.46,,-1126.2510000000002
2,14,6.0,11,23.18,37.55,26.01,-35654.4,43604.56,0.0,-1024.11,,-1100.3553
2,15,6.0,11,23.24,52.65,36.76,-50000.0,121812.68,0.0,0.0,,-1500.0
2,16,6.0,11,23.24,66.95,50.52,-50000.0,188046.42,0.0,0.0,,-1500.0
2,17,6.0,11,22.65,77.04,60.36,-50000.0,230542.51,8452.53,0.0,,-1246.4241000000002
2,18,6.0,11,21.03,81.93,65.05,-50000.0,248784.31,15016.0,0.0,,-1049.52
2,19,6.0,11,19.03,102.97,98.45,0.0,229638.35,0.0,0.0,,0.0
2,20,6.0,11,16.24,44.07,41.43,0.0,917.27,0.0,-0.0,,0.0
2,21,6.0,11,14.34,34.87,32.72,0.0,0.0,0.0,-0.0,,0.0
2,22,6.0,11,13.23,30.81,28.95,0.0,0.0,0.0,0.0,,0.0
2,23,6.0,11,12.63,27.99,26.36,0.0,0.0,0.0,0.0,,0.0
2,24,6.0,11,12.27,25.72,24.28,0.0,0.0,0.0,0.0,,0.0
2,1,7.0,11,12.22,23.89,22.63,0.0,0.0,0.0,0.0,,0.0
2,2,7.0,11,12.27,22.36,21.25,0.0,0.0,0.0,0.0,,0.0
2,3,7.0,11,12.27,21.02,20.04,0.0,0.0,0.0,0.0,,0.0
2,4,7.0,11,12.24,19.83,18.97,0.0,0.0,0.0,-0.0,,0.0
2,5,7.0,11,12.4,18.89,18.13,0.0,0.0,0.0,-0.0,,0.0
2,6,7.0,11,12.43,18.03,17.36,0.0,0.0,0.0,-0.0,,0.0
2,7,7.0,11,12.31,17.67,17.07,0.0,1694.94,0.0,-0.0,,0.0
2,8,7.0,11,12.91,21.57,21.21,0.0,11508.18,0.0,0.0,,0.0
2,9,7.0,11,14.75,24.91,24.61,0.0,22014.22,0.0,0.0,,0.0
2,10,7.0,11,17.81,28.73,26.01,-8610.8,29431.62,0.0,-3507.68,,-363.5544
2,11,7.0,11,21.0,32.71,26.01,-21853.91,36040.73,0.0,-10060.91,,-957.4445999999999
2,12,7.0,11,23.05,35.21,26.01,-29279.46,38115.8,0.0,-11068.88,,-1210.4502
2,13,7.0,11,24.43,37.15,26.01,-34928.75,39745.92,0.0,-9744.66,,-1340.2023000000002
2,14,7.0,11,24.95,38.87,26.01,-39859.04,43604.56,0.0,-5871.96,,-1371.93
2,15,7.0,11,25.01,54.05,37.99,-50000.0,121812.68,0.0,0.0,,-1500.0
2,16,7.0,11,24.82,68.27,51.77,-50000.0,188046.42,0.0,0.0,,-1500.0
2,17,7.0,11,24.17,78.35,61.61,-50000.0,230542.51,8531.71,0.0,,-1244.0487
2,18,7.0,11,22.55,83.27,66.33,-50000.0,248784.31,15625.85,0.0,,-1031.2245
2,19,7.0,11,20.38,104.17,99.59,0.0,229638.35,0.0,0.0,,0.0
2,20,7.0,11,17.58,45.27,42.56,0.0,917.27,0.0,-0.0,,0.0
2,21,7.0,11,15.57,36.02,33.82,0.0,0.0,0.0,-0.0,,0.0
2,22,7.0,11,14.38,31.92,30.01,0.0,0.0,0.0,0.0,,0.0
2,23,7.0,11,13.54,28.98,27.3,0.0,0.0,0.0,0.0,,0.0
2,24,7.0,11,12.91,26.54,25.06,0.0,0.0,0.0,0.0,,0.0
2,1,1.0,12,12.6,24.53,23.23,0.0,0.0,0.0,0.0,,0.0
2,2,1.0,12,12.24,22.74,21.59,0.0,0.0,0.0,0.0,,0.0
2,3,1.0,12,12.13,21.26,20.26,0.0,0.0,0.0,-0.0,,0.0
2,4,1.0,12,11.85,19.89,19.0,0.0,0.0,0.0,-0.0,,0.0
2,5,1.0,12,12.0,18.88,18.09,0.0,0.0,0.0,-0.0,,0.0
2,6,1.0,12,12.13,18.02,17.32,0.0,0.0,0.0,-0.0,,0.0
2,7,1.0,12,11.87,17.55,16.94,0.0,1732.78,0.0,-0.0,,0.0
2,8,1.0,12,13.12,21.71,21.47,483.83,11182.05,0.0,0.0,,14.99873
2,9,1.0,12,15.66,25.44,25.14,0.0,21160.4,0.0,0.0,,0.0
2,10,1.0,12,17.97,29.68,26.47,-10301.9,33466.45,0.0,-113.79,,-322.88639
2,11,1.0,12,20.56,33.19,26.47,-21767.96,39497.8,0.0,-4934.61,,-827.77967
2,12,1.0,12,22.52,34.95,26.47,-26679.77,37952.3,0.0,-5781.16,,-1006.28883
2,13,1.0,12,23.99,36.63,26.47,-31664.57,38347.7,0.0,-5308.28,,-1146.15835
2,14,1.0,12,24.87,37.74,26.47,-34621.8,37974.16,0.0,-51.63,,-1074.87633
2,15,1.0,12,25.08,51.7,35.82,-50000.0,109706.95,0.0,0.0,,-1550.0
2,16,1.0,12,25.15,65.82,49.38,-50000.0,175480.33,0.0,0.0,,-1550.0
2,17,1.0,12,24.89,76.31,59.62,-50000.0,219319.14,6072.07,0.0,,-1361.76583
2,18,1.0,12,23.61,81.9,65.01,-50000.0,240126.17,13699.34,0.0,,-1125.3204600000001
2,19,1.0,12,21.77,103.62,99.09,0.0,227357.29,0.0,0.0,,0.0
2,20,1.0,12,18.2,59.64,56.98,0.0,53792.78,0.0,-0.0,,0.0
2,21,1.0,12,15.85,38.24,36.09,0.0,0.0,0.0,-0.0,,0.0
2,22,1.0,12,14.21,32.76,30.89,0.0,0.0,0.0,-0.0,,0.0
2,23,1.0,12,13.33,29.52,27.88,0.0,0.0,0.0,0.0,,0.0
2,24,1.0,12,12.45,26.82,25.37,0.0,0.0,0.0,0.0,,0.0
2,1,2.0,12,12.35,24.82,23.55,0.0,0.0,0.0,0.0,,0.0
2,2,2.0,12,12.3,23.13,22.01,0.0,0.0,0.0,0.0,,0.0
2,3,2.0,12,12.29,21.68,20.7,0.0,0.0,0.0,-0.0,,0.0
2,4,2.0,12,12.23,20.4,19.53,0.0,0.0,0.0,-0.0,,0.0
2,5,2.0,12,12.26,19.31,18.54,0.0,0.0,0.0,-0.0,,0.0
2,6,2.0,12,11.9,18.16,17.48,0.0,0.0,0.0,-0.0,,0.0
2,7,2.0,12,11.84,17.74,17.15,0.0,1732.78,0.0,-0.0,,0.0
2,8,2.0,12,13.18,21.88,21.52,0.0,11182.05,0.0,0.0,,0.0
2,9,2.0,12,14.81,24.97,24.66,0.0,21160.4,0.0,0.0,,0.0
2,10,2.0,12,17.49,29.4,26.47,-9294.79,33466.45,0.0,0.0,,-288.13849000000005
2,11,2.0,12,19.43,32.43,26.47,-19201.41,39497.8,0.0,-2286.92,,-666.1382300000001
2,12,2.0,12,21.19,33.98,26.47,-23545.04,37952.3,0.0,-3703.89,,-844.71683
2,13,2.0,12,22.88,35.76,26.47,-28996.87,38347.7,0.0,-3382.08,,-1003.74745
2,14,2.0,12,23.36,36.56,26.47,-30892.9,37974.16,0.0,0.0,,-957.6799
2,15,2.0,12,23.58,50.48,34.75,-50000.0,109706.95,0.0,0.0,,-1550.0
2,16,2.0,12,23.56,64.5,48.14,-50000.0,175480.33,0.0,0.0,,-1550.0
2,17,2.0,12,23.35,74.97,58.35,-50000.0,219319.14,5615.44,0.0,,-1375.9213599999998
2,18,2.0,12,21.81,80.36,63.52,-50000.0,240126.17,12629.21,0.0,,-1158.49449
2,19,2.0,12,19.71,101.99,97.53,0.0,227357.29,0.0,0.0,,0.0
2,20,2.0,12,17.07,58.46,55.87,0.0,53792.78,0.0,-0.0,,0.0
2,21,2.0,12,15.25,37.39,35.29,0.0,0.0,0.0,-0.0,,0.0
2,22,2.0,12,14.12,32.24,30.42,0.0,0.0,0.0,-0.0,,0.0
2,23,2.0,12,13.39,29.16,27.56,0.0,0.0,0.0,0.0,,0.0
2,24,2.0,12,12.75,26.65,25.24,0.0,0.0,0.0,0.0,,0.0
2,1,3.0,12,12.68,24.74,23.5,0.0,0.0,0.0,0.0,,0.0
2,2,3.0,12,12.68,23.13,22.04,0.0,0.0,0.0,0.0,,0.0
2,3,3.0,12,12.67,21.73,20.77,0.0,0.0,0.0,-0.0,,0.0
2,4,3.0,12,12.55,20.45,19.61,0.0,0.0,0.0,-0.0,,0.0
2,5,3.0,12,12.63,19.43,18.68,0.0,0.0,0.0,-0.0,,0.0
2,6,3.0,12,12.46,18.42,17.76,0.0,0.0,0.0,-0.0,,0.0
2,7,3.0,12,12.1,17.88,17.29,0.0,1732.78,0.0,-0.0,,0.0
2,8,3.0,12,12.71,26.57,26.05,0.0,11182.05,0.0,0.0,,0.0
2,9,3.0,12,13.01,30.48,30.02,0.0,21160.4,0.0,0.0,,0.0
2,10,3.0,12,17.43,37.01,36.6,0.0,33466.45,0.0,0.0,,0.0
2,11,3.0,12,19.82,41.32,40.96,0.0,39497.8,0.0,0.0,,0.0
2,12,3.0,12,21.95,43.36,43.05,0.0,37952.3,0.0,0.0,,0.0
2,13,3.0,12,23.16,45.19,44.91,0.0,38347.7,0.0,0.0,,0.0
2,14,3.0,12,23.99,46.54,46.29,0.0,37974.16,0.0,0.0,,0.0
2,15,3.0,12,23.84,67.1,66.88,0.0,109706.95,0.0,0.0,,0.0
2,16,3.0,12,23.72,89.24,89.04,0.0,175480.33,0.0,0.0,,0.0
2,17,3.0,12,22.42,106.01,105.83,0.0,219319.14,0.0,-0.0,,0.0
2,18,3.0,12,20.85,116.23,116.08,0.0,240126.17,0.0,-0.0,,0.0
2,19,3.0,12,19.72,110.29,110.15,0.0,227357.29,0.0,-0.0,,0.0
2,20,3.0,12,17.48,62.99,62.87,0.0,53792.78,0.0,0.0,,0.0
2,21,3.0,12,15.91,41.16,41.06,0.0,0.0,0.0,-0.0,,0.0
2,22,3.0,12,14.49,35.43,35.34,0.0,0.0,0.0,-0.0,,0.0
2,23,3.0,12,13.43,31.81,31.72,0.0,0.0,0.0,0.0,,0.0
2,24,3.0,12,12.63,28.88,28.81,0.0,0.0,0.0,0.0,,0.0
2,1,4.0,12,12.82,26.83,26.76,0.0,0.0,0.0,0.0,,0.0
2,2,4.0,12,12.72,24.94,24.88,0.0,0.0,0.0,0.0,,0.0
2,3,4.0,12,12.57,23.25,23.2,0.0,0.0,0.0,0.0,,0.0
2,4,4.0,12,12.52,21.82,21.77,0.0,0.0,0.0,0.0,,0.0
2,5,4.0,12,12.67,20.67,20.63,0.0,0.0,0.0,-0.0,,0.0
2,6,4.0,12,12.58,19.56,19.52,0.0,0.0,0.0,-0.0,,0.0
2,7,4.0,12,12.6,19.11,19.08,0.0,1732.78,0.0,-0.0,,0.0
2,8,4.0,12,12.85,27.53,27.51,0.0,11182.05,0.0,0.0,,0.0
2,9,4.0,12,13.27,31.4,31.38,0.0,21160.4,0.0,0.0,,0.0
2,10,4.0,12,16.01,36.94,36.92,0.0,33466.45,0.0,0.0,,0.0
2,11,4.0,12,19.63,41.71,41.69,0.0,39497.8,0.0,0.0,,0.0
2,12,4.0,12,21.74,43.71,43.69,0.0,37952.3,0.0,0.0,,0.0
2,13,4.0,12,22.46,45.21,45.19,0.0,38347.7,0.0,0.0,,0.0
2,14,4.0,12,22.84,46.2,46.19,0.0,37974.16,0.0,0.0,,0.0
2,15,4.0,12,22.35,66.47,66.46,0.0,109706.95,0.0,0.0,,0.0
2,16,4.0,12,22.02,88.37,88.36,0.0,175480.33,0.0,0.0,,0.0
2,17,4.0,12,21.21,105.3,105.29,0.0,219319.14,0.0,-0.0,,0.0
2,18,4.0,12,19.85,115.6,115.59,0.0,240126.17,0.0,-0.0,,0.0
2,19,4.0,12,18.02,109.23,109.22,0.0,227357.29,0.0,-0.0,,0.0
2,20,4.0,12,15.5,61.68,61.67,0.0,53792.78,0.0,0.0,,0.0
2,21,4.0,12,13.76,39.67,39.66,0.0,0.0,0.0,-0.0,,0.0
2,22,4.0,12,12.64,34.01,34.01,0.0,0.0,0.0,-0.0,,0.0
2,23,4.0,12,12.08,30.62,30.61,0.0,0.0,0.0,0.0,,0.0
2,24,4.0,12,11.46,27.79,27.78,0.0,0.0,0.0,0.0,,0.0
2,1,5.0,12,11.27,25.53,25.52,0.0,0.0,0.0,0.0,,0.0
2,2,5.0,12,11.15,23.59,23.59,0.0,0.0,0.0,0.0,,0.0
2,3,5.0,12,11.25,22.01,22.01,0.0,0.0,0.0,0.0,,0.0
2,4,5.0,12,11.4,20.68,20.68,0.0,0.0,0.0,0.0,,0.0
2,5,5.0,12,11.79,19.68,19.67,0.0,0.0,0.0,0.0,,0.0
2,6,5.0,12,11.73,18.61,18.61,0.0,0.0,0.0,-0.0,,0.0
2,7,5.0,12,11.81,18.21,18.21,0.0,1732.78,0.0,-0.0,,0.0
2,8,5.0,12,13.14,22.15,22.15,0.0,11182.05,0.0,0.0,,0.0
2,9,5.0,12,15.84,25.94,25.94,0.0,21160.4,0.0,0.0,,0.0
2,10,5.0,12,19.06,30.78,26.47,-15077.17,33466.45,0.0,-4845.37,,-617.59874
2,11,5.0,12,21.86,34.46,26.47,-26609.29,39497.8,0.0,-10105.94,,-1138.1721300000002
2,12,5.0,12,24.08,36.41,26.47,-31944.97,37952.3,0.0,-12083.5,,-1364.88257
2,13,5.0,12,25.78,38.28,26.47,-37355.46,38347.7,0.0,-9413.19,,-1449.82815
2,14,5.0,12,26.92,39.6,26.47,-40831.05,37974.16,0.0,-7680.41,,-1503.8552600000003
2,15,5.0,12,26.99,53.5,37.47,-50000.0,109706.95,0.0,0.0,,-1550.0
2,16,5.0,12,26.82,67.47,51.0,-50000.0,175480.33,0.0,0.0,,-1550.0
2,17,5.0,12,25.94,77.52,60.82,-50000.0,219319.14,7570.94,0.0,,-1315.3008599999998
2,18,5.0,12,24.51,82.97,66.07,-50000.0,240126.17,15223.27,0.0,,-1078.07863
2,19,5.0,12,22.16,104.45,99.91,0.0,227357.29,0.0,0.0,,0.0
2,20,5.0,12,19.29,60.79,58.12,0.0,53792.78,0.0,-0.0,,0.0
2,21,5.0,12,17.4,39.66,37.49,0.0,0.0,0.0,-0.0,,0.0
2,22,5.0,12,16.14,34.42,32.54,0.0,0.0,0.0,-0.0,,0.0
2,23,5.0,12,15.31,31.25,29.61,0.0,0.0,0.0,0.0,,0.0
2,24,5.0,12,14.69,28.73,27.28,0.0,0.0,0.0,0.0,,0.0
2,1,6.0,12,14.08,26.51,25.23,0.0,0.0,0.0,0.0,,0.0
2,2,6.0,12,13.65,24.6,23.48,0.0,0.0,0.0,0.0,,0.0
2,3,6.0,12,13.33,22.95,21.96,0.0,0.0,0.0,0.0,,0.0
2,4,6.0,12,12.91,21.43,20.56,0.0,0.0,0.0,0.0,,0.0
2,5,6.0,12,12.69,20.16,19.39,0.0,0.0,0.0,0.0,,0.0
2,6,6.0,12,12.6,19.09,18.41,0.0,0.0,0.0,0.0,,0.0
2,7,6.0,12,12.19,18.46,17.86,0.0,1732.78,0.0,0.0,,0.0
2,8,6.0,12,13.62,22.5,22.14,0.0,11182.05,0.0,0.0,,0.0
2,9,6.0,12,16.47,26.41,26.1,0.0,21160.4,0.0,0.0,,0.0
2,10,6.0,12,18.91,30.73,26.47,-13961.61,33466.45,0.0,0.0,,-432.80991000000006
2,11,6.0,12,21.46,34.2,26.47,-24960.36,39497.8,0.0,-3634.77,,-886.44903
2,12,6.0,12,23.13,35.73,26.47,-29036.37,37952.3,0.0,-5661.32,,-1075.62839
2,13,6.0,12,25.03,37.69,26.47,-34992.73,38347.7,0.0,-5926.14,,-1268.48497
2,14,6.0,12,26.23,39.03,26.47,-38630.13,37974.16,0.0,-4154.1,,-1326.3111299999998
2,15,6.0,12,26.34,52.94,36.87,-50000.0,109706.95,0.0,0.0,,-1550.0
2,16,6.0,12,26.18,66.91,50.38,-50000.0,175480.33,0.0,0.0,,-1550.0
2,17,6.0,12,25.34,76.97,60.21,-50000.0,219319.14,6036.64,0.0,,-1362.8641599999999
2,18,6.0,12,23.31,82.0,65.04,-50000.0,240126.17,13515.48,0.0,,-1131.0201200000001
2,19,6.0,12,20.96,103.5,98.89,0.0,227357.29,0.0,0.0,,0.0
2,20,6.0,12,18.16,59.85,57.13,0.0,53792.78,0.0,-0.0,,0.0
2,21,6.0,12,16.43,38.79,36.57,0.0,0.0,0.0,-0.0,,0.0
2,22,6.0,12,15.41,33.67,31.74,0.0,0.0,0.0,-0.0,,0.0
2,23,6.0,12,14.76,30.61,28.92,0.0,0.0,0.0,0.0,,0.0
2,24,6.0,12,14.09,28.08,26.59,0.0,0.0,0.0,0.0,,0.0
2,1,7.0,12,13.94,26.11,24.8,0.0,0.0,0.0,0.0,,0.0
2,2,7.0,12,13.69,24.35,23.2,0.0,0.0,0.0,0.0,,0.0
2,3,7.0,12,13.5,22.82,21.8,0.0,0.0,0.0,0.0,,0.0
2,4,7.0,12,13.4,21.52,20.62,0.0,0.0,0.0,-0.0,,0.0
2,5,7.0,12,13.5,20.48,19.69,0.0,0.0,0.0,-0.0,,0.0
2,6,7.0,12,13.28,19.42,18.72,0.0,0.0,0.0,-0.0,,0.0
2,7,7.0,12,13.19,19.0,18.38,0.0,1732.78,0.0,-0.0,,0.0
2,8,7.0,12,13.63,22.55,22.17,0.0,11182.05,0.0,0.0,,0.0
2,9,7.0,12,15.27,25.59,25.27,0.0,21160.4,0.0,0.0,,0.0
2,10,7.0,12,17.41,29.62,26.47,-10051.09,33466.45,0.0,-238.34,,-318.97233
2,11,7.0,12,19.81,32.92,26.47,-20802.76,39497.8,0.0,-5757.95,,-823.38201
2,12,7.0,12,22.21,34.9,26.47,-26602.85,37952.3,0.0,-9267.41,,-1111.97806
2,13,7.0,12,24.31,37.0,26.47,-32986.14,38347.7,0.0,-12286.59,,-1403.45463
2,14,7.0,12,25.69,38.47,26.47,-37054.7,37974.16,0.0,-9647.89,,-1447.7802899999997
2,15,7.0,12,25.62,52.26,36.31,-50000.0,109706.95,0.0,0.0,,-1550.0
2,16,7.0,12,25.28,66.09,49.63,-50000.0,175480.33,0.0,0.0,,-1550.0
2,17,7.0,12,24.49,76.18,59.47,-50000.0,219319.14,5947.82,0.0,,-1365.61758
2,18,7.0,12,23.12,81.65,64.75,-50000.0,240126.17,13634.96,0.0,,-1127.3162399999999
2,19,7.0,12,21.21,103.39,98.84,0.0,227357.29,0.0,0.0,,0.0
2,20,7.0,12,18.42,59.8,57.13,0.0,53792.78,0.0,-0.0,,0.0
2,21,7.0,12,16.69,38.77,36.6,0.0,0.0,0.0,-0.0,,0.0
2,22,7.0,12,15.43,33.56,31.68,0.0,0.0,0.0,-0.0,,0.0
2,23,7.0,12,14.48,30.35,28.7,0.0,0.0,0.0,0.0,,0.0
2,24,7.0,12,13.9,27.85,26.4,0.0,0.0,0.0,0.0,,0.0
2,1,1.0,12,13.35,25.68,24.4,0.0,0.0,0.0,0.0,,0.0
2,2,1.0,12,13.04,23.85,22.72,0.0,0.0,0.0,0.0,,0.0
2,3,1.0,12,13.03,22.39,21.4,0.0,0.0,0.0,0.0,,0.0
2,4,1.0,12,13.03,21.14,20.27,0.0,0.0,0.0,-0.0,,0.0
2,5,1.0,12,12.79,19.92,19.15,0.0,0.0,0.0,-0.0,,0.0
2,6,1.0,12,12.3,18.68,18.0,0.0,0.0,0.0,-0.0,,0.0
2,7,1.0,12,12.07,18.15,17.55,0.0,1732.78,0.0,-0.0,,0.0
2,8,1.0,12,13.16,22.04,21.67,0.0,11182.05,0.0,0.0,,0.0
2,9,1.0,12,15.73,25.74,25.43,0.0,21160.4,0.0,0.0,,0.0
2,10,1.0,12,17.89,29.85,26.47,-10889.64,33466.45,0.0,0.0,,-337.57883999999996
2,11,1.0,12,20.26,33.17,26.47,-21639.74,39497.8,0.0,-4951.01,,-824.31325
2,12,1.0,12,21.59,34.44,26.47,-24902.5,37952.3,0.0,-6237.07,,-965.32667
2,13,1.0,12,23.01,36.01,26.47,-29657.02,38347.7,0.0,-7526.76,,-1152.69718
2,14,1.0,12,24.27,37.33,26.47,-33419.7,37974.16,0.0,-4190.96,,-1165.93046
2,15,1.0,12,24.92,51.58,35.75,-50000.0,109706.95,0.0,0.0,,-1550.0
2,16,1.0,12,24.71,65.52,49.11,-50000.0,175480.33,0.0,0.0,,-1550.0
2,17,1.0,12,24.04,75.69,59.03,-50000.0,219319.14,5496.56,0.0,,-1379.6066400000002
2,18,1.0,12,22.68,81.19,64.32,-50000.0,240126.17,12793.33,0.0,,-1153.40677
2,19,1.0,12,20.4,102.71,98.21,0.0,227357.29,0.0,0.0,,0.0
2,20,1.0,12,17.91,59.26,56.63,0.0,53792.78,0.0,-0.0,,0.0
2,21,1.0,12,16.04,38.17,36.04,0.0,0.0,0.0,-0.0,,0.0
2,22,1.0,12,14.45,32.77,30.92,0.0,0.0,0.0,-0.0,,0.0
2,23,1.0,12,13.72,29.64,28.02,0.0,0.0,0.0,0.0,,0.0
2,24,1.0,12,13.44,27.31,25.88,0.0,0.0,0.0,0.0,,0.0
2,1,2.0,12,13.37,25.41,24.15,0.0,0.0,0.0,0.0,,0.0
2,2,2.0,12,13.39,23.82,22.71,0.0,0.0,0.0,0.0,,0.0
2,3,2.0,12,13.41,22.45,21.47,0.0,0.0,0.0,0.0,,0.0
2,4,2.0,12,13.49,21.28,20.42,0.0,0.0,0.0,0.0,,0.0
2,5,2.0,12,13.48,20.23,19.47,0.0,0.0,0.0,-0.0,,0.0
2,6,2.0,12,13.15,19.13,18.46,0.0,0.0,0.0,-0.0,,0.0
2,7,2.0,12,13.25,18.84,18.24,0.0,1732.78,0.0,-0.0,,0.0
2,8,2.0,12,14.42,22.98,22.62,0.0,11182.05,0.0,0.0,,0.0
2,9,2.0,12,16.26,26.24,25.94,0.0,21160.4,0.0,0.0,,0.0
2,10,2.0,12,19.76,31.26,26.47,-15835.38,33466.45,0.0,-5288.27,,-654.83315
2,11,2.0,12,22.04,34.61,26.47,-26250.03,39497.8,0.0,-10300.58,,-1133.06891
2,12,2.0,12,24.08,36.43,26.47,-31300.83,37952.3,0.0,-11075.73,,-1313.6733599999998
2,13,2.0,12,25.47,38.06,26.47,-36038.03,38347.7,0.0,-10312.48,,-1436.8658099999998
2,14,2.0,12,26.19,39.07,26.47,-38558.63,37974.16,0.0,-5182.03,,-1355.96046
2,15,2.0,12,26.13,52.84,36.74,-50000.0,109706.95,0.0,0.0,,-1550.0
2,16,2.0,12,25.95,66.77,50.21,-50000.0,175480.33,0.0,0.0,,-1550.0
2,17,2.0,12,25.15,76.85,60.06,-50000.0,219319.14,6631.6,0.0,,-1344.4204000000002
2,18,2.0,12,23.61,82.21,65.23,-50000.0,240126.17,14124.67,0.0,,-1112.13523
2,19,2.0,12,21.07,103.6,98.97,0.0,227357.29,0.0,0.0,,0.0
2,20,2.0,12,18.08,59.85,57.09,0.0,53792.78,0.0,-0.0,,0.0
2,21,2.0,12,16.1,38.63,36.38,0.0,0.0,0.0,-0.0,,0.0
2,22,2.0,12,14.85,33.35,31.41,0.0,0.0,0.0,-0.0,,0.0
2,23,2.0,12,14.01,30.15,28.45,0.0,0.0,0.0,0.0,,0.0
2,24,2.0,12,13.5,27.66,26.16,0.0,0.0,0.0,0.0,,0.0
2,1,3.0,12,12.89,25.43,24.11,0.0,0.0,0.0,0.0,,0.0
2,2,3.0,12,12.4,23.48,22.31,0.0,0.0,0.0,0.0,,0.0
2,3,3.0,12,11.97,21.75,20.72,0.0,0.0,0.0,-0.0,,0.0
2,4,3.0,12,11.58,20.22,19.31,0.0,0.0,0.0,-0.0,,0.0
2,5,3.0,12,11.42,18.96,18.16,0.0,0.0,0.0,-0.0,,0.0
2,6,3.0,12,11.38,17.92,17.21,0.0,0.0,0.0,-0.0,,0.0
2,7,3.0,12,11.13,17.37,16.74,0.0,1732.78,0.0,-0.0,,0.0
2,8,3.0,12,12.74,26.55,25.99,0.0,11182.05,0.0,0.0,,0.0
2,9,3.0,12,16.09,32.17,31.68,0.0,21160.4,0.0,0.0,,0.0
2,10,3.0,12,18.33,37.78,37.35,0.0,33466.45,0.0,0.0,,0.0
2,11,3.0,12,21.33,42.39,42.0,0.0,39497.8,0.0,0.0,,0.0
2,12,3.0,12,23.41,44.48,44.14,0.0,37952.3,0.0,0.0,,0.0
2,13,3.0,12,25.42,46.79,46.49,0.0,38347.7,0.0,0.0,,0.0
2,14,3.0,12,26.6,48.43,48.17,0.0,37974.16,0.0,0.0,,0.0
2,15,3.0,12,26.6,69.19,68.95,0.0,109706.95,0.0,0.0,,0.0
2,16,3.0,12,25.96,91.13,90.92,0.0,175480.33,0.0,0.0,,0.0
2,17,3.0,12,24.83,108.02,107.84,0.0,219319.14,0.0,-0.0,,0.0
2,18,3.0,12,23.37,118.36,118.2,0.0,240126.17,0.0,-0.0,,0.0
2,19,3.0,12,21.4,112.01,111.87,0.0,227357.29,0.0,-0.0,,0.0
2,20,3.0,12,18.43,64.28,64.15,0.0,53792.78,0.0,0.0,,0.0
2,21,3.0,12,16.25,42.05,41.94,0.0,0.0,0.0,-0.0,,0.0
2,22,3.0,12,14.89,36.26,36.16,0.0,0.0,0.0,-0.0,,0.0
2,23,3.0,12,14.09,32.72,32.63,0.0,0.0,0.0,0.0,,0.0
2,24,3.0,12,13.61,29.95,29.87,0.0,0.0,0.0,0.0,,0.0
2,1,4.0,12,13.41,27.67,27.6,0.0,0.0,0.0,0.0,,0.0
2,2,4.0,12,13.41,25.8,25.73,0.0,0.0,0.0,0.0,,0.0
2,3,4.0,12,13.44,24.19,24.13,0.0,0.0,0.0,0.0,,0.0
2,4,4.0,12,13.7,22.92,22.87,0.0,0.0,0.0,0.0,,0.0
2,5,4.0,12,14.07,21.91,21.87,0.0,0.0,0.0,0.0,,0.0
2,6,4.0,12,13.8,20.73,20.7,0.0,0.0,0.0,-0.0,,0.0
2,7,4.0,12,13.45,20.09,20.05,0.0,1732.78,0.0,-0.0,,0.0
2,8,4.0,12,13.69,28.48,28.44,0.0,11182.05,0.0,0.0,,0.0
2,9,4.0,12,15.91,33.31,33.29,0.0,21160.4,0.0,0.0,,0.0
2,10,4.0,12,18.39,38.86,38.83,0.0,33466.45,0.0,0.0,,0.0
2,11,4.0,12,21.2,43.24,43.22,0.0,39497.8,0.0,0.0,,0.0
2,12,4.0,12,23.59,45.38,45.36,0.0,37952.3,0.0,0.0,,0.0
2,13,4.0,12,25.08,47.33,47.31,0.0,38347.7,0.0,0.0,,0.0
2,14,4.0,12,25.17,48.25,48.24,0.0,37974.16,0.0,0.0,,0.0
2,15,4.0,12,25.25,68.86,68.85,0.0,109706.95,0.0,0.0,,0.0
2,16,4.0,12,24.96,90.86,90.85,0.0,175480.33,0.0,0.0,,0.0
2,17,4.0,12,24.71,108.16,108.15,0.0,219319.14,0.0,-0.0,,0.0
2,18,4.0,12,24.07,118.95,118.94,0.0,240126.17,0.0,-0.0,,0.0
2,19,4.0,12,21.84,112.5,112.49,0.0,227357.29,0.0,-0.0,,0.0
2,20,4.0,12,19.23,64.96,64.95,0.0,53792.78,0.0,0.0,,0.0
2,21,4.0,12,17.24,42.86,42.86,0.0,0.0,0.0,-0.0,,0.0
2,22,4.0,12,16.05,37.2,37.19,0.0,0.0,0.0,-0.0,,0.0
2,23,4.0,12,15.06,33.59,33.59,0.0,0.0,0.0,0.0,,0.0
2,24,4.0,12,14.46,30.76,30.76,0.0,0.0,0.0,0.0,,0.0
2,1,5.0,12,14.33,28.53,28.53,0.0,0.0,0.0,0.0,,0.0
2,2,5.0,12,14.21,26.6,26.6,0.0,0.0,0.0,0.0,,0.0
2,3,5.0,12,14.11,24.92,24.92,0.0,0.0,0.0,0.0,,0.0
2,4,5.0,12,13.99,23.43,23.43,0.0,0.0,0.0,0.0,,0.0
2,5,5.0,12,13.94,22.15,22.15,0.0,0.0,0.0,0.0,,0.0
2,6,5.0,12,13.53,20.84,20.83,0.0,0.0,0.0,-0.0,,0.0
2,7,5.0,12,13.49,20.31,20.3,0.0,1732.78,0.0,-0.0,,0.0
2,8,5.0,12,14.52,23.87,23.87,0.0,11182.05,0.0,0.0,,0.0
2,9,5.0,12,17.37,27.7,26.47,-4284.73,21160.4,0.0,0.0,,-132.82662999999997
2,10,5.0,12,19.49,31.75,26.47,-18070.6,33466.45,0.0,-4496.28,,-699.57328
2,11,5.0,12,22.2,35.26,26.47,-29016.54,39497.8,0.0,-10306.01,,-1218.9990500000001
2,12,5.0,12,24.02,36.87,26.47,-33147.12,37952.3,0.0,-11337.6,,-1379.0263200000002
2,13,5.0,12,25.11,38.23,26.47,-36853.92,38347.7,0.0,-7770.07,,-1383.34369
2,14,5.0,12,26.12,39.36,26.47,-39812.81,37974.16,0.0,-7764.68,,-1474.90219
2,15,5.0,12,26.34,53.28,37.23,-50000.0,109706.95,0.0,0.0,,-1550.0
2,16,5.0,12,26.16,67.19,50.69,-50000.0,175480.33,0.0,0.0,,-1550.0
2,17,5.0,12,25.29,77.2,60.46,-50000.0,219319.14,7143.72,0.0,,-1328.54468
2,18,5.0,12,23.75,82.53,65.6,-50000.0,240126.17,14714.68,0.0,,-1093.84492
2,19,5.0,12,21.67,104.22,99.64,0.0,227357.29,0.0,0.0,,0.0
2,20,5.0,12,18.94,60.62,57.93,0.0,53792.78,0.0,-0.0,,0.0
2,21,5.0,12,16.89,39.39,37.2,0.0,0.0,0.0,-0.0,,0.0
2,22,5.0,12,15.63,34.12,32.22,0.0,0.0,0.0,-0.0,,0.0
2,23,5.0,12,14.92,31.0,29.33,0.0,0.0,0.0,0.0,,0.0
2,24,5.0,12,14.33,28.47,27.01,0.0,0.0,0.0,0.0,,0.0
2,1,6.0,12,13.96,26.37,25.08,0.0,0.0,0.0,0.0,,0.0
2,2,6.0,12,13.72,24.58,23.44,0.0,0.0,0.0,0.0,,0.0
2,3,6.0,12,13.5,23.01,22.01,0.0,0.0,0.0,0.0,,0.0
2,4,6.0,12,13.36,21.66,20.78,0.0,0.0,0.0,-0.0,,0.0
2,5,6.0,12,13.37,20.54,19.76,0.0,0.0,0.0,-0.0,,0.0
2,6,6.0,12,13.11,19.43,18.74,0.0,0.0,0.0,-0.0,,0.0
2,7,6.0,12,13.15,19.06,18.46,0.0,1732.78,0.0,-0.0,,0.0
2,8,6.0,12,14.77,23.4,23.03,0.0,11182.05,0.0,0.0,,0.0
2,9,6.0,12,17.68,27.39,26.47,-2107.25,21160.4,0.0,0.0,,-65.32475
2,10,6.0,12,20.56,32.05,26.47,-18376.79,33466.45,0.0,-6864.01,,-782.4648000000001
2,11,6.0,12,23.22,35.65,26.47,-29589.47,39497.8,0.0,-12120.9,,-1293.02147
2,12,6.0,12,25.21,37.46,26.47,-34475.58,37952.3,0.0,-13338.57,,-1482.2386500000002
2,13,6.0,12,26.52,39.05,26.47,-39013.11,38347.7,0.0,-11060.1,,-1552.26951
2,14,6.0,12,27.54,40.27,26.47,-42264.41,37974.16,0.0,-9379.18,,-1600.95129
2,15,6.0,12,27.77,54.27,38.0,-50000.0,109706.95,0.0,0.0,,-1550.0
2,16,6.0,12,27.4,68.11,51.45,-50000.0,175480.33,0.0,0.0,,-1550.0
2,17,6.0,12,26.28,77.98,61.11,-50000.0,219319.14,6976.75,0.0,,-1333.72075
2,18,6.0,12,24.66,83.27,66.23,-50000.0,240126.17,14837.7,0.0,,-1090.0313
2,19,6.0,12,22.4,104.82,100.1,0.0,227357.29,0.0,0.0,,0.0
2,20,6.0,12,19.44,61.1,58.27,0.0,53792.78,0.0,-0.0,,0.0
2,21,6.0,12,17.21,39.76,37.45,0.0,0.0,0.0,-0.0,,0.0
2,22,6.0,12,15.68,34.32,32.32,0.0,0.0,0.0,-0.0,,0.0
2,23,6.0,12,14.7,31.02,29.26,0.0,0.0,0.0,0.0,,0.0
2,24,6.0,12,13.93,28.36,26.81,0.0,0.0,0.0,0.0,,0.0
2,1,7.0,12,13.06,25.94,24.57,0.0,0.0,0.0,0.0,,0.0
2,2,7.0,12,12.66,23.98,22.78,0.0,0.0,0.0,0.0,,0.0
2,3,7.0,12,12.31,22.27,21.21,0.0,0.0,0.0,0.0,,0.0
2,4,7.0,12,11.92,20.72,19.79,0.0,0.0,0.0,-0.0,,0.0
2,5,7.0,12,11.72,19.42,18.59,0.0,0.0,0.0,-0.0,,0.0
2,6,7.0,12,11.33,18.16,17.43,0.0,0.0,0.0,-0.0,,0.0
2,7,7.0,12,11.11,17.58,16.93,0.0,1732.78,0.0,-0.0,,0.0
2,8,7.0,12,13.13,21.96,21.57,0.0,11182.05,0.0,0.0,,0.0
2,9,7.0,12,16.37,26.16,25.83,0.0,21160.4,0.0,0.0,,0.0
2,10,7.0,12,18.77,30.48,26.47,-13020.93,33466.45,0.0,-118.53,,-407.32326
2,11,7.0,12,21.34,33.98,26.47,-24223.0,39497.8,0.0,-6296.46,,-946.10326
2,12,7.0,12,23.35,35.76,26.47,-29189.99,37952.3,0.0,-8178.19,,-1158.4135800000001
2,13,7.0,12,24.76,37.41,26.47,-34003.07,38347.7,0.0,-7807.8,,-1296.13697
2,14,7.0,12,25.86,38.67,26.47,-37470.52,37974.16,0.0,-6044.85,,-1348.9764699999998
2,15,7.0,12,26.31,52.82,36.79,-50000.0,109706.95,0.0,0.0,,-1550.0
2,16,7.0,12,26.15,66.8,50.28,-50000.0,175480.33,0.0,0.0,,-1550.0
2,17,7.0,12,25.47,76.99,60.24,-50000.0,219319.14,6388.78,0.0,,-1351.94782
2,18,7.0,12,24.16,82.54,65.6,-50000.0,240126.17,14361.28,0.0,,-1104.80032
2,19,7.0,12,22.03,104.12,99.52,0.0,227357.29,0.0,0.0,,0.0
2,20,7.0,12,19.31,60.57,57.85,0.0,53792.78,0.0,-0.0,,0.0
2,21,7.0,12,17.37,39.44,37.23,0.0,0.0,0.0,-0.0,,0.0
2,22,7.0,12,15.97,34.15,32.23,0.0,0.0,0.0,-0.0,,0.0
2,23,7.0,12,15.19,31.02,29.34,0.0,0.0,0.0,0.0,,0.0
2,24,7.0,12,14.56,28.51,27.03,0.0,0.0,0.0,0.0,,0.0
2,1,1.0,12,14.1,26.38,25.07,0.0,0.0,0.0,0.0,,0.0
2,2,1.0,12,13.69,24.51,23.36,0.0,0.0,0.0,0.0,,0.0
2,3,1.0,12,13.33,22.86,21.84,0.0,0.0,0.0,0.0,,0.0
2,4,1.0,12,13.12,21.46,20.56,0.0,0.0,0.0,-0.0,,0.0
2,5,1.0,12,13.18,20.36,19.57,0.0,0.0,0.0,-0.0,,0.0
2,6,1.0,12,13.12,19.36,18.66,0.0,0.0,0.0,-0.0,,0.0
2,7,1.0,12,13.11,18.98,18.36,0.0,1732.78,0.0,-0.0,,0.0
2,8,1.0,12,14.18,22.94,22.57,0.0,11182.05,0.0,0.0,,0.0
2,9,1.0,12,16.08,26.2,25.89,0.0,21160.4,0.0,0.0,,0.0
2,10,1.0,12,19.39,31.07,26.47,-15152.7,33466.45,0.0,-4236.28,,-601.05838
2,11,1.0,12,22.49,34.97,26.47,-27533.56,39497.8,0.0,-10719.0,,-1185.82936
2,12,1.0,12,24.2,36.59,26.47,-31735.88,37952.3,0.0,-10840.84,,-1319.87832
2,13,1.0,12,25.07,37.85,26.47,-35193.21,38347.7,0.0,-9814.01,,-1395.2238200000002
2,14,1.0,12,25.84,38.85,26.47,-37827.54,37974.16,0.0,-8352.69,,-1431.5871300000001
2,15,1.0,12,26.0,52.75,36.67,-50000.0,109706.95,0.0,0.0,,-1550.0
2,16,1.0,12,25.92,66.75,50.19,-50000.0,175480.33,0.0,0.0,,-1550.0
2,17,1.0,12,25.29,76.95,60.16,-50000.0,219319.14,6302.48,0.0,,-1354.6231200000002
2,18,1.0,12,23.76,82.33,65.35,-50000.0,240126.17,14026.23,0.0,,-1115.18687
2,19,1.0,12,21.36,103.79,99.16,0.0,227357.29,0.0,0.0,,0.0
2,20,1.0,12,18.68,60.22,57.47,0.0,53792.78,0.0,-0.0,,0.0
2,21,1.0,12,16.84,39.11,36.87,0.0,0.0,0.0,-0.0,,0.0
2,22,1.0,12,15.65,33.91,31.97,0.0,0.0,0.0,-0.0,,0.0
2,23,1.0,12,14.98,30.84,29.14,0.0,0.0,0.0,0.0,,0.0
2,24,1.0,12,14.44,28.38,26.87,0.0,0.0,0.0,0.0,,0.0
2,1,2.0,12,13.85,26.18,24.86,0.0,0.0,0.0,0.0,,0.0
2,2,2.0,12,13.45,24.3,23.14,0.0,0.0,0.0,0.0,,0.0
2,3,2.0,12,13.17,22.69,21.67,0.0,0.0,0.0,0.0,,0.0
2,4,2.0,12,12.9,21.26,20.36,0.0,0.0,0.0,-0.0,,0.0
2,5,2.0,12,12.86,20.11,19.31,0.0,0.0,0.0,-0.0,,0.0
2,6,2.0,12,12.51,18.93,18.23,0.0,0.0,0.0,-0.0,,0.0
2,7,2.0,12,12.52,18.53,17.91,0.0,1732.78,0.0,-0.0,,0.0
2,8,2.0,12,13.51,22.38,22.0,0.0,11182.05,0.0,0.0,,0.0
2,9,2.0,12,16.6,26.45,26.13,0.0,21160.4,0.0,0.0,,0.0
2,10,2.0,12,19.26,30.94,26.47,-14674.48,33466.45,0.0,-3028.49,,-548.7920700000001
2,11,2.0,12,21.14,33.97,26.47,-24061.2,39497.8,0.0,-6399.77,,-944.29007
2,12,2.0,12,22.92,35.55,26.47,-28437.28,37952.3,0.0,-7402.96,,-1111.04744
2,13,2.0,12,24.91,37.56,26.47,-34599.45,38347.7,0.0,-9141.72,,-1355.97627
2,14,2.0,12,26.23,38.99,26.47,-38551.28,37974.16,0.0,-8398.24,,-1455.4351199999999
2,15,2.0,12,26.47,53.0,36.95,-50000.0,109706.95,0.0,0.0,,-1550.0
2,16,2.0,12,26.09,66.83,50.3,-50000.0,175480.33,0.0,0.0,,-1550.0
2,17,2.0,12,24.98,76.7,59.94,-50000.0,219319.14,6187.62,0.0,,-1358.18378
2,18,2.0,12,23.38,82.01,65.06,-50000.0,240126.17,14290.31,0.0,,-1107.0003900000002
2,19,2.0,12,21.2,103.6,99.0,0.0,227357.29,0.0,0.0,,0.0
2,20,2.0,12,18.35,59.95,57.23,0.0,53792.78,0.0,-0.0,,0.0
2,21,2.0,12,16.36,38.75,36.53,0.0,0.0,0.0,-0.0,,0.0
2,22,2.0,12,15.22,33.56,31.63,0.0,0.0,0.0,-0.0,,0.0
2,23,2.0,12,14.49,30.44,28.75,0.0,0.0,0.0,0.0,,0.0
2,24,2.0,12,13.98,27.98,26.5,0.0,0.0,0.0,0.0,,0.0
2,1,3.0,12,13.32,25.74,24.43,0.0,0.0,0.0,0.0,,0.0
2,2,3.0,12,12.76,23.76,22.61,0.0,0.0,0.0,0.0,,0.0
2,3,3.0,12,12.38,22.07,21.05,0.0,0.0,0.0,0.0,,0.0
2,4,3.0,12,12.08,20.6,19.71,0.0,0.0,0.0,-0.0,,0.0
2,5,3.0,12,11.89,19.35,18.56,0.0,0.0,0.0,-0.0,,0.0
2,6,3.0,12,11.41,18.07,17.37,0.0,0.0,0.0,-0.0,,0.0
2,7,3.0,12,11.94,17.91,17.3,0.0,1732.78,0.0,-0.0,,0.0
2,8,3.0,12,13.84,27.31,26.77,0.0,11182.05,0.0,0.0,,0.0
2,9,3.0,12,16.93,32.84,32.36,0.0,21160.4,0.0,0.0,,0.0
2,10,3.0,12,19.59,38.7,38.27,0.0,33466.45,0.0,0.0,,0.0
2,11,3.0,12,22.93,43.55,43.17,0.0,39497.8,0.0,0.0,,0.0
2,12,3.0,12,25.63,46.05,45.72,0.0,37952.3,0.0,0.0,,0.0
2,13,3.0,12,27.27,48.26,47.97,0.0,38347.7,0.0,0.0,,0.0
2,14,3.0,12,28.86,50.17,49.91,0.0,37974.16,0.0,0.0,,0.0
2,15,3.0,12,29.33,71.26,71.03,0.0,109706.95,0.0,0.0,,0.0
2,16,3.0,12,29.11,93.53,93.32,0.0,175480.33,0.0,0.0,,0.0
2,17,3.0,12,28.14,110.62,110.44,0.0,219319.14,0.0,-0.0,,0.0
2,18,3.0,12,26.59,121.01,120.85,0.0,240126.17,0.0,-0.0,,0.0
2,19,3.0,12,24.27,114.54,114.4,0.0,227357.29,0.0,-0.0,,0.0
2,20,3.0,12,21.06,66.71,66.58,0.0,53792.78,0.0,0.0,,0.0
2,21,3.0,12,18.56,44.32,44.21,0.0,0.0,0.0,-0.0,,0.0
2,22,3.0,12,17.02,38.42,38.32,0.0,0.0,0.0,-0.0,,0.0
2,23,3.0,12,16.01,34.76,34.67,0.0,0.0,0.0,0.0,,0.0
2,24,3.0,12,15.39,31.88,31.8,0.0,0.0,0.0,0.0,,0.0
2,1,4.0,12,14.74,29.34,29.27,0.0,0.0,0.0,0.0,,0.0
2,2,4.0,12,14.22,27.12,27.06,0.0,0.0,0.0,0.0,,0.0
2,3,4.0,12,13.79,25.17,25.12,0.0,0.0,0.0,0.0,,0.0
2,4,4.0,12,13.37,23.43,23.38,0.0,0.0,0.0,0.0,,0.0
2,5,4.0,12,13.08,21.93,21.89,0.0,0.0,0.0,0.0,,0.0
2,6,4.0,12,12.49,20.43,20.39,0.0,0.0,0.0,0.0,,0.0
2,7,4.0,12,12.71,19.95,19.91,0.0,1732.78,0.0,-0.0,,0.0
2,8,4.0,12,14.08,28.89,28.86,0.0,11182.05,0.0,0.0,,0.0
2,9,4.0,12,16.63,33.95,33.92,0.0,21160.4,0.0,0.0,,0.0
2,10,4.0,12,19.2,39.57,39.54,0.0,33466.45,0.0,0.0,,0.0
2,11,4.0,12,21.7,43.8,43.78,0.0,39497.8,0.0,0.0,,0.0
2,12,4.0,12,23.46,45.57,45.56,0.0,37952.3,0.0,0.0,,0.0
2,13,4.0,12,24.89,47.43,47.41,0.0,38347.7,0.0,0.0,,0.0
2,14,4.0,12,25.4,48.54,48.53,0.0,37974.16,0.0,0.0,,0.0
2,15,4.0,12,25.48,69.16,69.14,0.0,109706.95,0.0,0.0,,0.0
2,16,4.0,12,25.56,91.36,91.34,0.0,175480.33,0.0,0.0,,0.0
2,17,4.0,12,25.17,108.6,108.59,0.0,219319.14,0.0,-0.0,,0.0
2,18,4.0,12,23.99,119.1,119.09,0.0,240126.17,0.0,-0.0,,0.0
2,19,4.0,12,21.62,112.53,112.52,0.0,227357.29,0.0,-0.0,,0.0
2,20,4.0,12,18.57,64.71,64.7,0.0,53792.78,0.0,0.0,,0.0
2,21,4.0,12,16.33,42.41,42.4,0.0,0.0,0.0,-0.0,,0.0
2,22,4.0,12,15.08,36.64,36.64,0.0,0.0,0.0,-0.0,,0.0
2,23,4.0,12,14.51,33.21,33.2,0.0,0.0,0.0,0.0,,0.0
2,24,4.0,12,14.14,30.5,30.49,0.0,0.0,0.0,0.0,,0.0
2,1,5.0,12,13.65,28.07,28.07,0.0,0.0,0.0,0.0,,0.0
2,2,5.0,12,13.35,26.0,26.0,0.0,0.0,0.0,0.0,,0.0
2,3,5.0,12,13.31,24.32,24.31,0.0,0.0,0.0,0.0,,0.0
2,4,5.0,12,13.43,22.93,22.93,0.0,0.0,0.0,0.0,,0.0
2,5,5.0,12,13.69,21.83,21.83,0.0,0.0,0.0,0.0,,0.0
2,6,5.0,12,13.23,20.51,20.51,0.0,0.0,0.0,-0.0,,0.0
2,7,5.0,12,13.14,19.95,19.95,0.0,1732.78,0.0,-0.0,,0.0
2,8,5.0,12,14.22,23.55,23.55,0.0,11182.05,0.0,0.0,,0.0
2,9,5.0,12,16.89,27.26,26.47,-2757.24,21160.4,0.0,0.0,,-85.47443999999999
2,10,5.0,12,19.14,31.39,26.47,-16950.78,33466.45,0.0,-4567.48,,-667.06606
2,11,5.0,12,21.94,34.97,26.47,-28131.17,39497.8,0.0,-10215.62,,-1188.75049
2,12,5.0,12,23.72,36.55,26.47,-32197.3,37952.3,0.0,-10835.77,,-1334.02517
2,13,5.0,12,24.88,37.97,26.47,-36101.5,38347.7,0.0,-7805.62,,-1361.12072
2,14,5.0,12,25.6,38.9,26.47,-38358.77,37974.16,0.0,-5490.18,,-1359.31745
2,15,5.0,12,25.51,52.59,36.6,-50000.0,109706.95,0.0,0.0,,-1550.0
2,16,5.0,12,25.05,66.28,49.81,-50000.0,175480.33,0.0,0.0,,-1550.0
2,17,5.0,12,24.28,76.31,59.61,-50000.0,219319.14,6748.15,0.0,,-1340.8073499999998
2,18,5.0,12,22.92,81.75,64.85,-50000.0,240126.17,14361.75,0.0,,-1104.78575
2,19,5.0,12,20.9,103.5,98.95,0.0,227357.29,0.0,0.0,,0.0
2,20,5.0,12,18.57,60.13,57.46,0.0,53792.78,0.0,-0.0,,0.0
2,21,5.0,12,16.64,38.98,36.82,0.0,0.0,0.0,-0.0,,0.0
2,22,5.0,12,15.35,33.72,31.84,0.0,0.0,0.0,-0.0,,0.0
2,23,5.0,12,14.64,30.61,28.96,0.0,0.0,0.0,0.0,,0.0
2,24,5.0,12,14.03,28.1,26.65,0.0,0.0,0.0,0.0,,0.0
2,1,6.0,12,13.66,26.01,24.73,0.0,0.0,0.0,0.0,,0.0
2,2,6.0,12,13.32,24.17,23.05,0.0,0.0,0.0,0.0,,0.0
2,3,6.0,12,13.14,22.62,21.63,0.0,0.0,0.0,0.0,,0.0
2,4,6.0,12,13.05,21.3,20.43,0.0,0.0,0.0,-0.0,,0.0
2,5,6.0,12,13.15,20.24,19.47,0.0,0.0,0.0,-0.0,,0.0
2,6,6.0,12,12.86,19.13,18.45,0.0,0.0,0.0,-0.0,,0.0
2,7,6.0,12,12.84,18.73,18.13,0.0,1732.78,0.0,-0.0,,0.0
2,8,6.0,12,14.11,22.82,22.46,0.0,11182.05,0.0,0.0,,0.0
2,9,6.0,12,16.39,26.36,26.05,0.0,21160.4,0.0,0.0,,0.0
2,10,6.0,12,19.34,31.02,26.47,-14980.89,33466.45,0.0,-2823.23,,-551.92772
2,11,6.0,12,22.35,34.84,26.47,-27110.85,39497.8,0.0,-6503.35,,-1042.0402
2,12,6.0,12,25.16,37.21,26.47,-33997.46,37952.3,0.0,-8937.62,,-1330.98748
2,13,6.0,12,26.05,38.57,26.47,-37552.51,38347.7,0.0,-7498.86,,-1396.59247
2,14,6.0,12,26.26,39.22,26.47,-38873.31,37974.16,0.0,-3687.46,,-1319.38387
2,15,6.0,12,26.14,52.92,36.79,-50000.0,109706.95,0.0,0.0,,-1550.0
2,16,6.0,12,25.44,66.48,49.9,-50000.0,175480.33,0.0,0.0,,-1550.0
2,17,6.0,12,24.26,76.25,59.44,-50000.0,219319.14,6759.72,0.0,,-1340.44868
2,18,6.0,12,22.89,81.68,64.68,-50000.0,240126.17,13661.67,0.0,,-1126.48823
2,19,6.0,12,20.95,103.44,98.79,0.0,227357.29,0.0,0.0,,0.0
2,20,6.0,12,18.54,60.04,57.26,0.0,53792.78,0.0,-0.0,,0.0
2,21,6.0,12,16.44,38.81,36.55,0.0,0.0,0.0,-0.0,,0.0
2,22,6.0,12,15.22,33.57,31.61,0.0,0.0,0.0,-0.0,,0.0
2,23,6.0,12,14.53,30.48,28.75,0.0,0.0,0.0,0.0,,0.0
2,24,6.0,12,13.88,27.94,26.43,0.0,0.0,0.0,0.0,,0.0
2,1,7.0,12,13.76,25.98,24.65,0.0,0.0,0.0,0.0,,0.0
2,2,7.0,12,13.69,24.32,23.14,0.0,0.0,0.0,0.0,,0.0
2,3,7.0,12,13.7,22.9,21.87,0.0,0.0,0.0,0.0,,0.0
2,4,7.0,12,13.66,21.65,20.74,0.0,0.0,0.0,-0.0,,0.0
2,5,7.0,12,13.69,20.59,19.78,0.0,0.0,0.0,-0.0,,0.0
2,6,7.0,12,13.16,19.37,18.66,0.0,0.0,0.0,-0.0,,0.0
2,7,7.0,12,13.18,18.99,18.36,0.0,1732.78,0.0,-0.0,,0.0
2,8,7.0,12,13.89,22.73,22.35,0.0,11182.05,0.0,0.0,,0.0
2,9,7.0,12,15.82,25.99,25.67,0.0,21160.4,0.0,0.0,,0.0
2,10,7.0,12,18.72,30.57,26.47,-13371.98,33466.45,0.0,-2030.02,,-477.462
2,11,7.0,12,20.98,33.84,26.47,-23737.08,39497.8,0.0,-5190.63,,-896.7590100000001
2,12,7.0,12,22.95,35.57,26.47,-28552.71,37952.3,0.0,-6673.17,,-1092.00228
2,13,7.0,12,23.88,36.85,26.47,-32111.25,38347.7,0.0,-4730.28,,-1142.08743
2,14,7.0,12,24.58,37.77,26.47,-34523.97,37974.16,0.0,0.0,,-1070.24307
2,15,7.0,12,24.62,51.57,35.64,-50000.0,109706.95,0.0,0.0,,-1550.0
2,16,7.0,12,24.71,65.66,49.18,-50000.0,175480.33,0.0,0.0,,-1550.0
2,17,7.0,12,24.14,75.88,59.16,-50000.0,219319.14,6554.97,0.0,,-1346.79593
2,18,7.0,12,22.73,81.33,64.41,-50000.0,240126.17,14089.32,0.0,,-1113.23108
2,19,7.0,12,20.84,103.09,98.53,0.0,227357.29,0.0,0.0,,0.0
2,20,7.0,12,18.21,59.59,56.9,0.0,53792.78,0.0,-0.0,,0.0
2,21,7.0,12,16.17,38.4,36.21,0.0,0.0,0.0,-0.0,,0.0
2,22,7.0,12,14.95,33.18,31.29,0.0,0.0,0.0,-0.0,,0.0
2,23,7.0,12,14.23,30.08,28.42,0.0,0.0,0.0,0.0,,0.0
2,24,7.0,12,13.62,27.58,26.12,0.0,0.0,0.0,0.0,,0.0
2,1,1.0,12,13.51,25.64,24.36,0.0,0.0,0.0,0.0,,0.0
2,2,1.0,12,13.57,24.06,22.92,0.0,0.0,0.0,0.0,,0.0
2,3,1.0,12,13.53,22.64,21.64,0.0,0.0,0.0,-0.0,,0.0
2,4,1.0,12,13.61,21.46,20.58,0.0,0.0,0.0,-0.0,,0.0
2,5,1.0,12,13.78,20.51,19.73,0.0,0.0,0.0,-0.0,,0.0
2,6,1.0,12,13.21,19.28,18.6,0.0,0.0,0.0,-0.0,,0.0
2,7,1.0,12,13.37,19.01,18.4,0.0,1732.78,0.0,-0.0,,0.0
2,8,1.0,12,14.07,22.8,22.43,0.0,11182.05,0.0,0.0,,0.0
2,9,1.0,12,16.32,26.31,26.0,0.0,21160.4,0.0,0.0,,0.0
2,10,1.0,12,18.89,30.7,26.47,-13841.31,33466.45,0.0,-1412.57,,-472.87028
2,11,1.0,12,21.3,34.08,26.47,-24531.53,39497.8,0.0,-7164.17,,-982.5667
2,12,1.0,12,23.16,35.73,26.47,-29062.33,37952.3,0.0,-8092.93,,-1151.81306
2,13,1.0,12,24.27,37.14,26.47,-33073.05,38347.7,0.0,-6975.06,,-1241.4914099999999
2,14,1.0,12,24.87,38.01,26.47,-35257.14,37974.16,0.0,-1969.32,,-1154.02026
2,15,1.0,12,24.83,51.76,35.8,-50000.0,109706.95,0.0,0.0,,-1550.0
2,16,1.0,12,24.89,65.82,49.33,-50000.0,175480.33,0.0,0.0,,-1550.0
2,17,1.0,12,24.43,76.13,59.39,-50000.0,219319.14,5688.35,0.0,,-1373.6611500000001
2,18,1.0,12,22.99,81.56,64.64,-50000.0,240126.17,13291.6,0.0,,-1137.9604000000002
2,19,1.0,12,21.47,103.52,98.94,0.0,227357.29,0.0,0.0,,0.0
2,20,1.0,12,18.81,60.04,57.34,0.0,53792.78,0.0,-0.0,,0.0
2,21,1.0,12,16.92,38.95,36.76,0.0,0.0,0.0,-0.0,,0.0
2,22,1.0,12,15.66,33.74,31.84,0.0,0.0,0.0,-0.0,,0.0
2,23,1.0,12,14.98,30.68,29.01,0.0,0.0,0.0,0.0,,0.0
2,24,1.0,12,14.54,28.29,26.82,0.0,0.0,0.0,0.0,,0.0
2,1,2.0,12,14.12,26.22,24.92,0.0,0.0,0.0,0.0,,0.0
2,2,2.0,12,14.0,24.53,23.39,0.0,0.0,0.0,0.0,,0.0
2,3,2.0,12,14.05,23.15,22.14,0.0,0.0,0.0,-0.0,,0.0
2,4,2.0,12,14.24,22.04,21.15,0.0,0.0,0.0,-0.0,,0.0
2,5,2.0,12,14.47,21.12,20.33,0.0,0.0,0.0,-0.0,,0.0
2,6,2.0,12,13.87,19.89,19.2,0.0,0.0,0.0,-0.0,,0.0
2,7,2.0,12,13.71,19.44,18.83,0.0,1732.78,0.0,-0.0,,0.0
2,8,2.0,12,14.59,23.33,22.95,0.0,11182.05,0.0,0.0,,0.0
2,9,2.0,12,16.74,26.76,26.45,0.0,21160.4,0.0,0.0,,0.0
2,10,2.0,12,19.19,31.05,26.47,-15086.22,33466.45,0.0,-2648.24,,-549.76826
2,11,2.0,12,21.56,34.39,26.47,-25522.76,39497.8,0.0,-5712.72,,-968.29988
2,12,2.0,12,23.4,36.03,26.47,-29981.67,37952.3,0.0,-7426.07,,-1159.63994
2,13,2.0,12,24.79,37.62,26.47,-34632.34,38347.7,0.0,-7809.62,,-1315.70076
2,14,2.0,12,25.89,38.86,26.47,-37997.26,37974.16,0.0,-4513.28,,-1317.82674
2,15,2.0,12,26.16,52.85,36.79,-50000.0,109706.95,0.0,0.0,,-1550.0
2,16,2.0,12,25.97,66.79,50.25,-50000.0,175480.33,0.0,0.0,,-1550.0
2,17,2.0,12,25.24,76.92,60.15,-50000.0,219319.14,6488.62,0.0,,-1348.85278
2,18,2.0,12,23.69,82.28,65.32,-50000.0,240126.17,14107.81,0.0,,-1112.6578900000002
2,19,2.0,12,21.7,103.96,99.35,0.0,227357.29,0.0,0.0,,0.0
2,20,2.0,12,18.93,60.38,57.64,0.0,53792.78,0.0,-0.0,,0.0
2,21,2.0,12,16.79,39.12,36.9,0.0,0.0,0.0,-0.0,,0.0
2,22,2.0,12,15.28,33.73,31.8,0.0,0.0,0.0,-0.0,,0.0
2,23,2.0,12,14.53,30.57,28.88,0.0,0.0,0.0,0.0,,0.0
2,24,2.0,12,13.94,28.06,26.57,0.0,0.0,0.0,0.0,,0.0
2,1,3.0,12,13.38,25.85,24.54,0.0,0.0,0.0,0.0,,0.0
2,2,3.0,12,13.1,24.03,22.87,0.0,0.0,0.0,0.0,,0.0
2,3,3.0,12,12.85,22.43,21.41,0.0,0.0,0.0,-0.0,,0.0
2,4,3.0,12,12.67,21.04,20.14,0.0,0.0,0.0,-0.0,,0.0
2,5,3.0,12,12.73,19.95,19.15,0.0,0.0,0.0,-0.0,,0.0
2,6,3.0,12,12.36,18.76,18.06,0.0,0.0,0.0,-0.0,,0.0
2,7,3.0,12,12.49,18.43,17.81,0.0,1732.78,0.0,-0.0,,0.0
2,8,3.0,12,13.64,27.41,26.86,0.0,11182.05,0.0,0.0,,0.0
2,9,3.0,12,16.67,32.85,32.36,0.0,21160.4,0.0,0.0,,0.0
2,10,3.0,12,19.34,38.67,38.24,0.0,33466.45,0.0,0.0,,0.0
2,11,3.0,12,22.5,43.39,43.01,0.0,39497.8,0.0,0.0,,0.0
2,12,3.0,12,24.98,45.73,45.4,0.0,37952.3,0.0,0.0,,0.0
2,13,3.0,12,26.38,47.76,47.46,0.0,38347.7,0.0,0.0,,0.0
2,14,3.0,12,27.0,49.08,48.82,0.0,37974.16,0.0,0.0,,0.0
2,15,3.0,12,27.14,69.86,69.62,0.0,109706.95,0.0,0.0,,0.0
2,16,3.0,12,27.18,92.16,91.95,0.0,175480.33,0.0,0.0,,0.0
2,17,3.0,12,26.9,109.56,109.38,0.0,219319.14,0.0,-0.0,,0.0
2,18,3.0,12,25.3,119.92,119.76,0.0,240126.17,0.0,-0.0,,0.0
2,19,3.0,12,23.49,113.7,113.56,0.0,227357.29,0.0,-0.0,,0.0
2,20,3.0,12,20.45,65.99,65.86,0.0,53792.78,0.0,0.0,,0.0
2,21,3.0,12,18.23,43.78,43.66,0.0,0.0,0.0,-0.0,,0.0
2,22,3.0,12,16.88,38.02,37.92,0.0,0.0,0.0,-0.0,,0.0
2,23,3.0,12,15.9,34.41,34.33,0.0,0.0,0.0,0.0,,0.0
2,24,3.0,12,15.08,31.46,31.38,0.0,0.0,0.0,0.0,,0.0
2,1,4.0,12,14.84,29.15,29.08,0.0,0.0,0.0,0.0,,0.0
2,2,4.0,12,14.54,27.1,27.04,0.0,0.0,0.0,0.0,,0.0
2,3,4.0,12,14.31,25.32,25.26,0.0,0.0,0.0,0.0,,0.0
2,4,4.0,12,14.15,23.77,23.72,0.0,0.0,0.0,0.0,,0.0
2,5,4.0,12,14.22,22.54,22.49,0.0,0.0,0.0,0.0,,0.0
2,6,4.0,12,13.59,21.09,21.05,0.0,0.0,0.0,-0.0,,0.0
2,7,4.0,12,13.39,20.44,20.41,0.0,1732.78,0.0,-0.0,,0.0
2,8,4.0,12,14.44,29.22,29.19,0.0,11182.05,0.0,0.0,,0.0
2,9,4.0,12,16.54,34.02,33.99,0.0,21160.4,0.0,0.0,,0.0
2,10,4.0,12,19.41,39.77,39.74,0.0,33466.45,0.0,0.0,,0.0
2,11,4.0,12,22.31,44.22,44.2,0.0,39497.8,0.0,0.0,,0.0
2,12,4.0,12,24.85,46.46,46.44,0.0,37952.3,0.0,0.0,,0.0
2,13,4.0,12,26.32,48.43,48.41,0.0,38347.7,0.0,0.0,,0.0
2,14,4.0,12,27.53,49.99,49.97,0.0,37974.16,0.0,0.0,,0.0
2,15,4.0,12,27.75,70.79,70.77,0.0,109706.95,0.0,0.0,,0.0
2,16,4.0,12,27.58,92.94,92.93,0.0,175480.33,0.0,0.0,,0.0
2,17,4.0,12,27.09,110.18,110.17,0.0,219319.14,0.0,-0.0,,0.0
2,18,4.0,12,25.66,120.57,120.56,0.0,240126.17,0.0,-0.0,,0.0
2,19,4.0,12,23.69,114.24,114.23,0.0,227357.29,0.0,-0.0,,0.0
2,20,4.0,12,20.46,66.38,66.37,0.0,53792.78,0.0,0.0,,0.0
2,21,4.0,12,17.88,43.92,43.91,0.0,0.0,0.0,-0.0,,0.0
2,22,4.0,12,16.42,38.03,38.02,0.0,0.0,0.0,-0.0,,0.0
2,23,4.0,12,15.45,34.37,34.36,0.0,0.0,0.0,0.0,,0.0
2,24,4.0,12,14.71,31.41,31.4,0.0,0.0,0.0,0.0,,0.0
2,1,5.0,12,14.43,29.04,29.03,0.0,0.0,0.0,0.0,,0.0
2,2,5.0,12,14.26,27.02,27.02,0.0,0.0,0.0,0.0,,0.0
2,3,5.0,12,14.33,25.38,25.38,0.0,0.0,0.0,0.0,,0.0
2,4,5.0,12,14.48,24.02,24.01,0.0,0.0,0.0,0.0,,0.0
2,5,5.0,12,14.63,22.85,22.85,0.0,0.0,0.0,0.0,,0.0
2,6,5.0,12,14.08,21.46,21.46,0.0,0.0,0.0,-0.0,,0.0
2,7,5.0,12,13.95,20.87,20.87,0.0,1732.78,0.0,-0.0,,0.0
2,8,5.0,12,15.18,24.53,24.53,0.0,11182.05,0.0,0.0,,0.0
2,9,5.0,12,17.71,28.14,26.47,-5824.94,21160.4,0.0,-1778.08,,-235.69361999999998
2,10,5.0,12,19.8,32.14,26.47,-19315.55,33466.45,0.0,-4676.62,,-743.75727
2,11,5.0,12,22.51,35.65,26.47,-30191.79,39497.8,0.0,-10148.16,,-1250.53845
2,12,5.0,12,24.64,37.46,26.47,-35035.8,37952.3,0.0,-11051.14,,-1428.69514
2,13,5.0,12,25.81,38.88,26.47,-38881.44,38347.7,0.0,-10047.84,,-1516.80768
2,14,5.0,12,26.88,40.06,26.47,-41980.8,37974.16,0.0,-7709.02,,-1540.38442
2,15,5.0,12,27.29,54.13,37.98,-50000.0,109706.95,0.0,0.0,,-1550.0
2,16,5.0,12,27.31,68.2,51.64,-50000.0,175480.33,0.0,0.0,,-1550.0
2,17,5.0,12,26.56,78.31,61.53,-50000.0,219319.14,7704.23,0.0,,-1311.1688700000002
2,18,5.0,12,24.71,83.45,66.48,-50000.0,240126.17,15931.9,0.0,,-1056.1110999999999
2,19,5.0,12,22.57,105.09,100.47,0.0,227357.29,0.0,0.0,,0.0
2,20,5.0,12,19.62,61.38,58.64,0.0,53792.78,0.0,-0.0,,0.0
2,21,5.0,12,17.3,39.98,37.75,0.0,0.0,0.0,-0.0,,0.0
2,22,5.0,12,15.88,34.59,32.65,0.0,0.0,0.0,-0.0,,0.0
2,23,5.0,12,14.86,31.26,29.56,0.0,0.0,0.0,0.0,,0.0
2,24,5.0,12,13.99,28.54,27.04,0.0,0.0,0.0,0.0,,0.0
2,1,6.0,12,14.23,26.71,25.39,0.0,0.0,0.0,0.0,,0.0
2,2,6.0,12,13.93,24.89,23.73,0.0,0.0,0.0,0.0,,0.0
2,3,6.0,12,13.95,23.44,22.42,0.0,0.0,0.0,0.0,,0.0
2,4,6.0,12,13.79,22.08,21.18,0.0,0.0,0.0,-0.0,,0.0
2,5,6.0,12,13.48,20.8,20.01,0.0,0.0,0.0,-0.0,,0.0
2,6,6.0,12,12.96,19.52,18.82,0.0,0.0,0.0,-0.0,,0.0
2,7,6.0,12,12.74,18.97,18.35,0.0,1732.78,0.0,-0.0,,0.0
2,8,6.0,12,14.01,27.96,27.42,0.0,11182.05,0.0,0.0,,0.0
2,9,6.0,12,16.25,32.95,32.46,0.0,21160.4,0.0,0.0,,0.0
2,10,6.0,12,18.92,38.68,38.25,0.0,33466.45,0.0,0.0,,0.0
2,11,6.0,12,21.68,43.12,42.75,0.0,39497.8,0.0,0.0,,0.0
2,12,6.0,12,23.91,45.24,44.91,0.0,37952.3,0.0,0.0,,0.0
2,13,6.0,12,25.71,47.41,47.11,0.0,38347.7,0.0,0.0,,0.0
2,14,6.0,12,26.78,48.95,48.69,0.0,37974.16,0.0,0.0,,0.0
2,15,6.0,12,27.34,69.96,69.73,0.0,109706.95,0.0,0.0,,0.0
2,16,6.0,12,27.02,92.09,91.88,0.0,175480.33,0.0,0.0,,0.0
2,17,6.0,12,26.45,109.31,109.13,0.0,219319.14,0.0,-0.0,,0.0
2,18,6.0,12,25.39,119.94,119.78,0.0,240126.17,0.0,-0.0,,0.0
2,19,6.0,12,23.54,113.72,113.58,0.0,227357.29,0.0,-0.0,,0.0
2,20,6.0,12,20.89,66.23,66.1,0.0,53792.78,0.0,0.0,,0.0
2,21,6.0,12,19.09,44.29,44.17,0.0,0.0,0.0,-0.0,,0.0
2,22,6.0,12,17.72,38.58,38.48,0.0,0.0,0.0,-0.0,,0.0
2,23,6.0,12,16.67,34.97,34.88,0.0,0.0,0.0,0.0,,0.0
2,24,6.0,12,15.82,32.03,31.95,0.0,0.0,0.0,0.0,,0.0
2,1,7.0,12,15.24,29.55,29.48,0.0,0.0,0.0,0.0,,0.0
2,2,7.0,12,15.0,27.52,27.46,0.0,0.0,0.0,0.0,,0.0
2,3,7.0,12,14.7,25.71,25.65,0.0,0.0,0.0,0.0,,0.0
2,4,7.0,12,14.44,24.11,24.06,0.0,0.0,0.0,0.0,,0.0
2,5,7.0,12,14.43,22.82,22.77,0.0,0.0,0.0,-0.0,,0.0
2,6,7.0,12,14.1,21.52,21.48,0.0,0.0,0.0,-0.0,,0.0
2,7,7.0,12,14.0,20.94,20.91,0.0,1732.78,0.0,-0.0,,0.0
2,8,7.0,12,15.0,29.71,29.68,0.0,11182.05,0.0,0.0,,0.0
2,9,7.0,12,16.88,34.4,34.37,0.0,21160.4,0.0,0.0,,0.0
2,10,7.0,12,19.15,39.81,39.78,0.0,33466.45,0.0,0.0,,0.0
2,11,7.0,12,21.67,44.0,43.98,0.0,39497.8,0.0,0.0,,0.0
2,12,7.0,12,23.55,45.81,45.79,0.0,37952.3,0.0,0.0,,0.0
2,13,7.0,12,25.15,47.74,47.72,0.0,38347.7,0.0,0.0,,0.0
2,14,7.0,12,26.28,49.2,49.18,0.0,37974.16,0.0,0.0,,0.0
2,15,7.0,12,26.74,70.06,70.05,0.0,109706.95,0.0,0.0,,0.0
2,16,7.0,12,26.54,92.17,92.16,0.0,175480.33,0.0,0.0,,0.0
2,17,7.0,12,25.99,109.34,109.33,0.0,219319.14,0.0,-0.0,,0.0
2,18,7.0,12,24.9,119.89,119.88,0.0,240126.17,0.0,-0.0,,0.0
2,19,7.0,12,22.82,113.5,113.49,0.0,227357.29,0.0,-0.0,,0.0
2,20,7.0,12,19.74,65.7,65.69,0.0,53792.78,0.0,0.0,,0.0
2,21,7.0,12,17.48,43.42,43.41,0.0,0.0,0.0,-0.0,,0.0
2,22,7.0,12,16.2,37.65,37.64,0.0,0.0,0.0,-0.0,,0.0
2,23,7.0,12,15.4,34.11,34.1,0.0,0.0,0.0,0.0,,0.0
2,24,7.0,12,14.76,31.24,31.23,0.0,0.0,0.0,0.0,,0.0
2,1,1.0,1,14.3,28.8,28.8,0.0,0.0,0.0,0.0,,0.0
2,2,1.0,1,13.99,26.72,26.72,0.0,0.0,0.0,0.0,,0.0
2,3,1.0,1,13.81,24.94,24.94,0.0,0.0,0.0,0.0,,0.0
2,4,1.0,1,13.46,23.29,23.28,0.0,0.0,0.0,0.0,,0.0
2,5,1.0,1,13.03,21.74,21.74,0.0,0.0,0.0,-0.0,,0.0
2,6,1.0,1,12.6,20.34,20.34,0.0,0.0,0.0,-0.0,,0.0
2,7,1.0,1,12.82,19.44,19.43,0.0,74.06,0.0,-0.0,,0.0
2,8,1.0,1,13.84,22.64,22.64,0.0,7604.9,0.0,-111.37,,-3.4524700000000004
2,9,1.0,1,16.21,26.2,26.2,0.0,18358.79,0.0,0.0,,0.0
2,10,1.0,1,18.92,30.34,26.78,-12451.59,29358.87,0.0,0.0,,-385.99929
2,11,1.0,1,21.47,34.14,26.78,-24649.61,37780.45,0.0,-6394.29,,-962.3609
2,12,1.0,1,23.73,36.43,26.78,-31203.68,38328.45,0.0,-9490.29,,-1261.51307
2,13,1.0,1,25.42,38.54,26.78,-37368.31,40111.4,0.0,-9570.5,,-1455.1031099999998
2,14,1.0,1,26.34,39.21,26.78,-38489.41,37062.42,0.0,-8550.74,,-1458.24465
2,15,1.0,1,26.6,48.86,32.91,-50000.0,85544.05,0.0,-4965.53,,-1703.9314299999999
2,16,1.0,1,26.3,63.47,47.04,-50000.0,158004.69,0.0,0.0,,-1550.0
2,17,1.0,1,25.57,75.23,58.55,-50000.0,211447.56,2616.29,0.0,,-1468.89501
2,18,1.0,1,24.24,83.06,66.18,-50000.0,244578.95,13192.78,0.0,,-1141.0238200000001
2,19,1.0,1,22.14,106.64,102.14,0.0,237092.99,0.0,0.0,,0.0
2,20,1.0,1,19.18,95.17,92.53,0.0,178700.48,0.0,0.0,,0.0
2,21,1.0,1,17.21,45.23,43.09,0.0,0.0,0.0,-0.0,,0.0
2,22,1.0,1,16.07,37.2,35.35,0.0,0.0,0.0,-0.0,,0.0
2,23,1.0,1,15.3,33.4,31.77,0.0,0.0,0.0,0.0,,0.0
2,24,1.0,1,14.73,30.57,29.14,0.0,0.0,0.0,0.0,,0.0
2,1,2.0,1,14.28,28.2,26.94,0.0,0.0,0.0,0.0,,0.0
2,2,2.0,1,14.26,26.34,25.23,0.0,0.0,0.0,0.0,,0.0
2,3,2.0,1,14.35,24.79,23.81,0.0,0.0,0.0,0.0,,0.0
2,4,2.0,1,14.39,23.43,22.57,0.0,0.0,0.0,-0.0,,0.0
2,5,2.0,1,14.31,22.19,21.43,0.0,0.0,0.0,-0.0,,0.0
2,6,2.0,1,13.98,20.95,20.28,0.0,0.0,0.0,-0.0,,0.0
2,7,2.0,1,13.92,19.98,19.39,0.0,74.06,0.0,-0.0,,0.0
2,8,2.0,1,14.95,23.4,23.04,0.0,7604.9,0.0,-1063.68,,-32.97408
2,9,2.0,1,16.93,26.75,26.45,0.0,18358.79,0.0,0.0,,0.0
2,10,2.0,1,19.17,30.57,26.78,-12343.6,29358.87,0.0,0.0,,-382.65160000000003
2,11,2.0,1,21.66,34.32,26.78,-24470.66,37780.45,0.0,-7569.5,,-993.24496
2,12,2.0,1,23.57,36.37,26.78,-30280.47,38328.45,0.0,-9817.71,,-1243.04358
2,13,2.0,1,25.14,38.36,26.78,-36209.44,40111.4,0.0,-9223.54,,-1408.4223800000002
2,14,2.0,1,26.19,39.1,26.78,-37719.93,37062.42,0.0,-8071.7,,-1419.54053
2,15,2.0,1,26.59,48.83,32.79,-50000.0,85544.05,0.0,-4471.29,,-1688.60999
2,16,2.0,1,26.31,63.48,46.95,-50000.0,158004.69,0.0,0.0,,-1550.0
2,17,2.0,1,25.69,75.3,58.54,-50000.0,211447.56,3442.99,0.0,,-1443.26731
2,18,2.0,1,24.52,83.25,66.3,-50000.0,244578.95,14552.51,0.0,,-1098.87219
2,19,2.0,1,22.55,106.89,102.29,0.0,237092.99,0.0,0.0,,0.0
2,20,2.0,1,19.72,95.51,92.78,0.0,178700.48,0.0,0.0,,0.0
2,21,2.0,1,17.72,45.59,43.37,0.0,0.0,0.0,-0.0,,0.0
2,22,2.0,1,16.47,37.52,35.6,0.0,0.0,0.0,-0.0,,0.0
2,23,2.0,1,15.8,33.77,32.08,0.0,0.0,0.0,0.0,,0.0
2,24,2.0,1,15.27,30.99,29.5,0.0,0.0,0.0,0.0,,0.0
2,1,3.0,1,14.78,28.61,27.3,0.0,0.0,0.0,0.0,,0.0
2,2,3.0,1,14.7,26.72,25.57,0.0,0.0,0.0,0.0,,0.0
2,3,3.0,1,14.38,24.95,23.94,0.0,0.0,0.0,0.0,,0.0
2,4,3.0,1,14.18,23.43,22.54,0.0,0.0,0.0,-0.0,,0.0
2,5,3.0,1,13.97,22.08,21.29,0.0,0.0,0.0,-0.0,,0.0
2,6,3.0,1,13.73,20.86,20.16,0.0,0.0,0.0,-0.0,,0.0
2,7,3.0,1,13.47,19.77,19.15,0.0,74.06,0.0,-0.0,,0.0
2,8,3.0,1,14.41,23.03,22.65,0.0,7604.9,0.0,-99.69,,-3.0903899999999997
2,9,3.0,1,16.34,26.3,25.99,0.0,18358.79,0.0,0.0,,0.0
2,10,3.0,1,18.61,30.13,26.78,-10758.12,29358.87,0.0,0.0,,-333.50172000000003
2,11,3.0,1,21.16,33.91,26.78,-23127.28,37780.45,0.0,-5071.34,,-874.1572199999999
2,12,3.0,1,23.49,36.23,26.78,-29941.45,38328.45,0.0,-8117.3,,-1179.82125
2,13,3.0,1,25.16,38.31,26.78,-36130.86,40111.4,0.0,-8466.43,,-1382.51599
2,14,3.0,1,25.67,38.7,26.78,-36344.81,37062.42,0.0,-6616.71,,-1331.80712
2,15,3.0,1,25.43,47.96,31.96,-50000.0,85544.05,0.0,-2825.15,,-1637.5796500000001
2,16,3.0,1,24.94,62.39,45.88,-50000.0,158004.69,0.0,0.0,,-1550.0
2,17,3.0,1,24.34,74.19,57.44,-50000.0,211447.56,3844.47,0.0,,-1430.82143
2,18,3.0,1,23.17,82.1,65.16,-50000.0,244578.95,13521.07,0.0,,-1130.8468300000002
2,19,3.0,1,21.55,105.98,101.39,0.0,237092.99,0.0,0.0,,0.0
2,20,3.0,1,18.94,94.73,92.02,0.0,178700.48,0.0,0.0,,0.0
2,21,3.0,1,17.02,44.86,42.65,0.0,0.0,0.0,-0.0,,0.0
2,22,3.0,1,15.68,36.75,34.84,0.0,0.0,0.0,-0.0,,0.0
2,23,3.0,1,15.03,33.01,31.33,0.0,0.0,0.0,0.0,,0.0
2,24,3.0,1,14.58,30.27,28.79,0.0,0.0,0.0,0.0,,0.0
2,1,4.0,1,14.34,28.03,26.73,0.0,0.0,0.0,0.0,,0.0
2,2,4.0,1,14.18,26.12,24.98,0.0,0.0,0.0,0.0,,0.0
2,3,4.0,1,13.97,24.42,23.42,0.0,0.0,0.0,0.0,,0.0
2,4,4.0,1,14.02,23.06,22.17,0.0,0.0,0.0,-0.0,,0.0
2,5,4.0,1,13.98,21.84,21.05,0.0,0.0,0.0,-0.0,,0.0
2,6,4.0,1,13.78,20.68,19.98,0.0,0.0,0.0,-0.0,,0.0
2,7,4.0,1,13.94,19.84,19.23,0.0,74.06,0.0,-0.0,,0.0
2,8,4.0,1,14.46,22.98,22.6,0.0,7604.9,0.0,0.0,,0.0
2,9,4.0,1,15.75,25.82,25.51,0.0,18358.79,0.0,0.0,,0.0
2,10,4.0,1,19.28,30.49,26.78,-12017.15,29358.87,0.0,-7534.2,,-606.09185
2,11,4.0,1,21.4,34.04,26.78,-23478.96,37780.45,0.0,-4941.73,,-881.04139
2,12,4.0,1,23.76,36.4,26.78,-30462.31,38328.45,0.0,-7527.85,,-1177.6949600000003
2,13,4.0,1,25.53,38.56,26.78,-36918.69,40111.4,0.0,-7966.73,,-1391.44802
2,14,4.0,1,26.35,39.17,26.78,-37901.72,37062.42,0.0,-7932.4,,-1420.85772
2,15,4.0,1,26.46,48.72,32.66,-50000.0,85544.05,0.0,-4504.33,,-1689.63423
2,16,4.0,1,25.82,63.1,46.56,-50000.0,158004.69,0.0,0.0,,-1550.0
2,17,4.0,1,25.01,74.76,58.0,-50000.0,211447.56,5386.86,0.0,,-1383.00734
2,18,4.0,1,23.6,82.52,65.57,-50000.0,244578.95,15611.64,0.0,,-1066.0391599999998
2,19,4.0,1,21.44,106.09,101.49,0.0,237092.99,0.0,0.0,,0.0
2,20,4.0,1,18.68,94.71,91.98,0.0,178700.48,0.0,0.0,,0.0
2,21,4.0,1,16.8,44.82,42.6,0.0,0.0,0.0,-0.0,,0.0
2,22,4.0,1,15.38,36.65,34.72,0.0,0.0,0.0,-0.0,,0.0
2,23,4.0,1,14.63,32.82,31.13,0.0,0.0,0.0,0.0,,0.0
2,24,4.0,1,14.03,29.97,28.48,0.0,0.0,0.0,0.0,,0.0
2,1,5.0,1,13.46,27.52,26.21,0.0,0.0,0.0,0.0,,0.0
2,2,5.0,1,13.13,25.46,24.3,0.0,0.0,0.0,0.0,,0.0
2,3,5.0,1,12.82,23.65,22.63,0.0,0.0,0.0,0.0,,0.0
2,4,5.0,1,12.68,22.13,21.23,0.0,0.0,0.0,0.0,,0.0
2,5,5.0,1,12.76,20.91,20.12,0.0,0.0,0.0,-0.0,,0.0
2,6,5.0,1,12.6,19.74,19.04,0.0,0.0,0.0,-0.0,,0.0
2,7,5.0,1,13.04,19.03,18.41,0.0,74.06,0.0,-0.0,,0.0
2,8,5.0,1,14.26,22.63,22.25,0.0,7604.9,0.0,0.0,,0.0
2,9,5.0,1,16.83,26.4,26.08,0.0,18358.79,0.0,0.0,,0.0
2,10,5.0,1,19.6,30.64,26.78,-12539.35,29358.87,0.0,-3246.83,,-489.37158
2,11,5.0,1,22.66,34.85,26.78,-26265.85,37780.45,0.0,-3538.78,,-923.9435299999999
2,12,5.0,1,25.27,37.47,26.78,-33932.16,38328.45,0.0,-8705.43,,-1321.76529
2,13,5.0,1,27.38,39.94,26.78,-41328.88,40111.4,0.0,-11198.12,,-1628.337
2,14,5.0,1,28.37,40.74,26.78,-42830.72,37062.42,0.0,-14244.18,,-1769.3219000000001
2,15,5.0,1,28.62,50.45,34.19,-50000.0,85544.05,0.0,-5451.37,,-1718.99247
2,16,5.0,1,27.73,64.72,48.09,-50000.0,158004.69,0.0,0.0,,-1550.0
2,17,5.0,1,26.72,76.29,59.44,-50000.0,211447.56,6000.08,0.0,,-1363.9975200000001
2,18,5.0,1,25.27,84.04,67.01,-50000.0,244578.95,16131.55,0.0,,-1049.92195
2,19,5.0,1,23.37,107.71,103.02,0.0,237092.99,0.0,0.0,,0.0
2,20,5.0,1,20.52,96.32,93.51,0.0,178700.48,0.0,0.0,,0.0
2,21,5.0,1,18.52,46.39,44.1,0.0,0.0,0.0,-0.0,,0.0
2,22,5.0,1,17.01,38.18,36.2,0.0,0.0,0.0,-0.0,,0.0
2,23,5.0,1,16.07,34.26,32.52,0.0,0.0,0.0,0.0,,0.0
2,24,5.0,1,15.62,31.48,29.95,0.0,0.0,0.0,0.0,,0.0
2,1,6.0,1,15.3,29.18,27.83,0.0,0.0,0.0,0.0,,0.0
2,2,6.0,1,14.95,27.14,25.95,0.0,0.0,0.0,0.0,,0.0
2,3,6.0,1,14.61,25.33,24.28,0.0,0.0,0.0,0.0,,0.0
2,4,6.0,1,14.36,23.76,22.84,0.0,0.0,0.0,-0.0,,0.0
2,5,6.0,1,14.22,22.43,21.61,0.0,0.0,0.0,-0.0,,0.0
2,6,6.0,1,13.95,21.18,20.45,0.0,0.0,0.0,-0.0,,0.0
2,7,6.0,1,14.16,20.33,19.69,0.0,74.06,0.0,-0.0,,0.0
2,8,6.0,1,15.2,28.56,27.99,0.0,7604.9,0.0,0.0,,0.0
2,9,6.0,1,17.56,33.62,33.12,0.0,18358.79,0.0,0.0,,0.0
2,10,6.0,1,20.36,38.98,38.54,0.0,29358.87,0.0,0.0,,0.0
2,11,6.0,1,22.93,43.85,43.46,0.0,37780.45,0.0,0.0,,0.0
2,12,6.0,1,25.08,46.51,46.16,0.0,38328.45,0.0,0.0,,0.0
2,13,6.0,1,26.54,48.93,48.63,0.0,40111.4,0.0,0.0,,0.0
2,14,6.0,1,27.18,49.55,49.28,0.0,37062.42,0.0,0.0,,0.0
2,15,6.0,1,27.21,63.73,63.49,0.0,85544.05,0.0,0.0,,0.0
2,16,6.0,1,26.73,86.42,86.21,0.0,158004.69,0.0,0.0,,0.0
2,17,6.0,1,26.12,105.93,105.74,0.0,211447.56,0.0,-0.0,,0.0
2,18,6.0,1,25.01,120.02,119.85,0.0,244578.95,0.0,-0.0,,0.0
2,19,6.0,1,23.3,115.83,115.68,0.0,237092.99,0.0,-0.0,,0.0
2,20,6.0,1,20.34,100.37,100.24,0.0,178700.48,0.0,0.0,,0.0
2,21,6.0,1,18.45,49.59,49.47,0.0,0.0,0.0,-0.0,,0.0
2,22,6.0,1,17.37,41.16,41.06,0.0,0.0,0.0,-0.0,,0.0
2,23,6.0,1,16.67,37.06,36.97,0.0,0.0,0.0,0.0,,0.0
2,24,6.0,1,16.16,34.0,33.91,0.0,0.0,0.0,0.0,,0.0
2,1,7.0,1,15.97,31.53,31.45,0.0,0.0,0.0,0.0,,0.0
2,2,7.0,1,15.62,29.3,29.23,0.0,0.0,0.0,0.0,,0.0
2,3,7.0,1,15.48,27.42,27.36,0.0,0.0,0.0,0.0,,0.0
2,4,7.0,1,15.15,25.67,25.62,0.0,0.0,0.0,0.0,,0.0
2,5,7.0,1,14.91,24.15,24.11,0.0,0.0,0.0,0.0,,0.0
2,6,7.0,1,14.51,22.7,22.66,0.0,0.0,0.0,-0.0,,0.0
2,7,7.0,1,14.43,21.58,21.54,0.0,74.06,0.0,-0.0,,0.0
2,8,7.0,1,15.48,29.69,29.66,0.0,7604.9,0.0,0.0,,0.0
2,9,7.0,1,17.63,34.54,34.51,0.0,18358.79,0.0,0.0,,0.0
2,10,7.0,1,20.11,39.62,39.59,0.0,29358.87,0.0,0.0,,0.0
2,11,7.0,1,22.77,44.42,44.4,0.0,37780.45,0.0,0.0,,0.0
2,12,7.0,1,24.86,46.95,46.93,0.0,38328.45,0.0,0.0,,0.0
2,13,7.0,1,26.33,49.3,49.29,0.0,40111.4,0.0,0.0,,0.0
2,14,7.0,1,27.03,49.89,49.88,0.0,37062.42,0.0,0.0,,0.0
2,15,7.0,1,27.29,64.14,64.13,0.0,85544.05,0.0,0.0,,0.0
2,16,7.0,1,27.16,86.99,86.98,0.0,158004.69,0.0,0.0,,0.0
2,17,7.0,1,26.61,106.53,106.52,0.0,211447.56,0.0,-0.0,,0.0
2,18,7.0,1,25.34,120.53,120.52,0.0,244578.95,0.0,-0.0,,0.0
2,19,7.0,1,23.46,116.22,116.21,0.0,237092.99,0.0,-0.0,,0.0
2,20,7.0,1,20.62,100.8,100.79,0.0,178700.48,0.0,0.0,,0.0
2,21,7.0,1,18.82,50.05,50.04,0.0,0.0,0.0,-0.0,,0.0
2,22,7.0,1,17.77,41.63,41.63,0.0,0.0,0.0,-0.0,,0.0
2,23,7.0,1,17.01,37.49,37.49,0.0,0.0,0.0,0.0,,0.0
2,24,7.0,1,16.26,34.29,34.28,0.0,0.0,0.0,0.0,,0.0
2,1,1.0,1,15.65,31.56,31.56,0.0,0.0,0.0,0.0,,0.0
2,2,1.0,1,15.47,29.36,29.36,0.0,0.0,0.0,0.0,,0.0
2,3,1.0,1,15.4,27.51,27.5,0.0,0.0,0.0,0.0,,0.0
2,4,1.0,1,15.28,25.85,25.85,0.0,0.0,0.0,0.0,,0.0
2,5,1.0,1,15.09,24.36,24.35,0.0,0.0,0.0,0.0,,0.0
2,6,1.0,1,14.69,22.91,22.91,0.0,0.0,0.0,-0.0,,0.0
2,7,1.0,1,14.66,21.81,21.81,0.0,74.06,0.0,-0.0,,0.0
2,8,1.0,1,14.99,24.32,24.32,0.0,7604.9,0.0,0.0,,0.0
2,9,1.0,1,16.46,27.16,26.78,-1326.25,18358.79,0.0,0.0,,-41.11375
2,10,1.0,1,18.62,30.79,26.78,-13916.33,29358.87,0.0,-1386.73,,-474.39486
2,11,1.0,1,20.98,34.35,26.78,-25188.06,37780.45,0.0,-9463.56,,-1074.20022
2,12,1.0,1,23.18,36.5,26.78,-31296.19,38328.45,0.0,-11365.73,,-1322.51952
2,13,1.0,1,24.79,38.46,26.78,-36999.69,40111.4,0.0,-9646.84,,-1446.04243
2,14,1.0,1,25.53,38.92,26.78,-37461.84,37062.42,0.0,-6224.28,,-1354.2697199999998
2,15,1.0,1,25.75,48.46,32.53,-50000.0,85544.05,0.0,-3733.39,,-1665.7350900000001
2,16,1.0,1,25.72,63.2,46.77,-50000.0,158004.69,0.0,0.0,,-1550.0
2,17,1.0,1,25.31,75.15,58.47,-50000.0,211447.56,1608.84,0.0,,-1500.1259600000003
2,18,1.0,1,24.23,83.14,66.26,-50000.0,244578.95,11963.85,0.0,,-1179.12065
2,19,1.0,1,22.44,106.92,102.41,0.0,237092.99,0.0,0.0,,0.0
2,20,1.0,1,19.81,95.65,93.01,0.0,178700.48,0.0,0.0,,0.0
2,21,1.0,1,17.89,45.77,43.63,0.0,0.0,0.0,-0.0,,0.0
2,22,1.0,1,16.49,37.63,35.77,0.0,0.0,0.0,-0.0,,0.0
2,23,1.0,1,15.58,33.74,32.11,0.0,0.0,0.0,0.0,,0.0
2,24,1.0,1,14.91,30.85,29.42,0.0,0.0,0.0,0.0,,0.0
2,1,2.0,1,14.73,28.61,27.35,0.0,0.0,0.0,0.0,,0.0
2,2,2.0,1,14.53,26.66,25.55,0.0,0.0,0.0,0.0,,0.0
2,3,2.0,1,14.41,24.98,24.01,0.0,0.0,0.0,0.0,,0.0
2,4,2.0,1,14.33,23.54,22.68,0.0,0.0,0.0,-0.0,,0.0
2,5,2.0,1,14.34,22.31,21.55,0.0,0.0,0.0,-0.0,,0.0
2,6,2.0,1,14.31,21.23,20.56,0.0,0.0,0.0,-0.0,,0.0
2,7,2.0,1,14.25,20.28,19.69,0.0,74.06,0.0,-0.0,,0.0
2,8,2.0,1,15.04,23.55,23.19,0.0,7604.9,0.0,0.0,,0.0
2,9,2.0,1,16.95,26.83,26.53,0.0,18358.79,0.0,0.0,,0.0
2,10,2.0,1,19.59,30.92,26.78,-13583.66,29358.87,0.0,-3059.27,,-515.93083
2,11,2.0,1,21.95,34.61,26.78,-25356.27,37780.45,0.0,-9425.93,,-1078.2482
2,12,2.0,1,24.32,36.97,26.78,-32284.48,38328.45,0.0,-9553.64,,-1296.9817199999998
2,13,2.0,1,26.17,39.18,26.78,-38872.34,40111.4,0.0,-12011.43,,-1577.3968699999998
2,14,2.0,1,26.88,39.73,26.78,-39586.82,37062.42,0.0,-9693.34,,-1527.6849600000003
2,15,2.0,1,26.98,49.26,33.12,-50000.0,85544.05,0.0,-5668.11,,-1725.71141
2,16,2.0,1,26.67,63.86,47.29,-50000.0,158004.69,0.0,0.0,,-1550.0
2,17,2.0,1,26.0,75.65,58.85,-50000.0,211447.56,0.0,0.0,,-1550.0
2,18,2.0,1,24.8,83.57,66.58,-50000.0,244578.95,4675.04,0.0,,-1405.07376
2,19,2.0,1,23.18,107.41,102.77,0.0,237092.99,0.0,0.0,,0.0
2,20,2.0,1,20.5,96.14,93.37,0.0,178700.48,0.0,0.0,,0.0
2,21,2.0,1,18.72,46.36,44.11,0.0,0.0,0.0,-0.0,,0.0
2,22,2.0,1,17.46,38.33,36.37,0.0,0.0,0.0,-0.0,,0.0
2,23,2.0,1,16.5,34.44,32.73,0.0,0.0,0.0,0.0,,0.0
2,24,2.0,1,15.82,31.57,30.06,0.0,0.0,0.0,0.0,,0.0
2,1,3.0,1,15.5,29.28,27.95,0.0,0.0,0.0,0.0,,0.0
2,2,3.0,1,15.44,27.41,26.24,0.0,0.0,0.0,0.0,,0.0
2,3,3.0,1,15.35,25.78,24.74,0.0,0.0,0.0,-0.0,,0.0
2,4,3.0,1,14.93,24.16,23.25,0.0,0.0,0.0,-0.0,,0.0
2,5,3.0,1,14.64,22.76,21.96,0.0,0.0,0.0,-0.0,,0.0
2,6,3.0,1,14.03,21.33,20.62,0.0,0.0,0.0,-0.0,,0.0
2,7,3.0,1,14.17,20.42,19.8,0.0,74.06,0.0,-0.0,,0.0
2,8,3.0,1,15.34,23.87,23.48,0.0,7604.9,0.0,0.0,,0.0
2,9,3.0,1,17.18,27.11,26.78,-12.02,18358.79,0.0,0.0,,-0.37262
2,10,3.0,1,19.51,30.97,26.78,-13701.14,29358.87,0.0,-1096.56,,-458.72869999999995
2,11,3.0,1,21.86,34.62,26.78,-25334.17,37780.45,0.0,-8563.55,,-1050.82932
2,12,3.0,1,23.86,36.71,26.78,-31334.55,38328.45,0.0,-9828.36,,-1276.05021
2,13,3.0,1,25.67,38.86,26.78,-37798.44,40111.4,0.0,-12166.36,,-1548.9088000000002
2,14,3.0,1,26.72,39.62,26.78,-39275.39,37062.42,0.0,-9830.88,,-1522.2943699999998
2,15,3.0,1,27.17,49.39,33.26,-50000.0,85544.05,0.0,-4185.44,,-1679.74864
2,16,3.0,1,27.08,64.16,47.59,-50000.0,158004.69,0.0,0.0,,-1550.0
2,17,3.0,1,26.66,76.15,59.35,-50000.0,211447.56,140.39,0.0,,-1545.64791
2,18,3.0,1,25.45,84.09,67.11,-50000.0,244578.95,10006.58,0.0,,-1239.79602
2,19,3.0,1,23.93,107.96,103.32,0.0,237092.99,0.0,0.0,,0.0
2,20,3.0,1,21.35,96.77,94.0,0.0,178700.48,0.0,0.0,,0.0
2,21,3.0,1,19.54,47.0,44.75,0.0,0.0,0.0,-0.0,,0.0
2,22,3.0,1,18.16,38.92,36.97,0.0,0.0,0.0,-0.0,,0.0
2,23,3.0,1,17.51,35.22,33.5,0.0,0.0,0.0,0.0,,0.0
2,24,3.0,1,17.01,32.48,30.98,0.0,0.0,0.0,0.0,,0.0
2,1,4.0,1,16.81,30.3,28.97,0.0,0.0,0.0,0.0,,0.0
2,2,4.0,1,16.51,28.34,27.17,0.0,0.0,0.0,0.0,,0.0
2,3,4.0,1,16.21,26.6,25.57,0.0,0.0,0.0,0.0,,0.0
2,4,4.0,1,15.71,24.94,24.03,0.0,0.0,0.0,-0.0,,0.0
2,5,4.0,1,15.32,23.48,22.68,0.0,0.0,0.0,-0.0,,0.0
2,6,4.0,1,14.86,22.12,21.41,0.0,0.0,0.0,-0.0,,0.0
2,7,4.0,1,14.94,21.19,20.57,0.0,74.06,0.0,-0.0,,0.0
2,8,4.0,1,15.97,24.54,24.16,0.0,7604.9,0.0,-87.92,,-2.72552
2,9,4.0,1,17.82,27.77,26.78,-2341.35,18358.79,0.0,0.0,,-72.58184999999999
2,10,4.0,1,20.3,31.74,26.78,-16179.21,29358.87,0.0,-4117.28,,-629.1911899999999
2,11,4.0,1,22.49,35.28,26.78,-27376.29,37780.45,0.0,-12406.75,,-1233.27424
2,12,4.0,1,24.4,37.3,26.78,-33091.28,38328.45,0.0,-12912.07,,-1426.10385
2,13,4.0,1,26.08,39.36,26.78,-39215.42,40111.4,0.0,-13255.52,,-1626.59914
2,14,4.0,1,27.19,40.14,26.78,-40796.25,37062.42,0.0,-9595.91,,-1562.1569600000003
2,15,4.0,1,27.63,49.89,33.68,-50000.0,85544.05,0.0,-4823.53,,-1699.52943
2,16,4.0,1,27.45,64.6,47.98,-50000.0,158004.69,0.0,0.0,,-1550.0
2,17,4.0,1,26.93,76.51,59.66,-50000.0,211447.56,0.0,0.0,,-1550.0
2,18,4.0,1,25.77,84.47,67.45,-50000.0,244578.95,9386.7,0.0,,-1259.0123
2,19,4.0,1,23.99,108.21,103.52,0.0,237092.99,0.0,0.0,,0.0
2,20,4.0,1,21.22,96.88,94.07,0.0,178700.48,0.0,0.0,,0.0
2,21,4.0,1,19.22,46.98,44.69,0.0,0.0,0.0,-0.0,,0.0
2,22,4.0,1,17.96,38.91,36.93,0.0,0.0,0.0,-0.0,,0.0
2,23,4.0,1,17.33,35.2,33.46,0.0,0.0,0.0,0.0,,0.0
2,24,4.0,1,16.82,32.44,30.91,0.0,0.0,0.0,0.0,,0.0
2,1,5.0,1,16.39,30.11,28.76,0.0,0.0,0.0,0.0,,0.0
2,2,5.0,1,16.16,28.16,26.97,0.0,0.0,0.0,0.0,,0.0
2,3,5.0,1,15.96,26.45,25.4,0.0,0.0,0.0,0.0,,0.0
2,4,5.0,1,15.88,25.01,24.09,0.0,0.0,0.0,-0.0,,0.0
2,5,5.0,1,15.71,23.7,22.88,0.0,0.0,0.0,-0.0,,0.0
2,6,5.0,1,15.33,22.41,21.69,0.0,0.0,0.0,-0.0,,0.0
2,7,5.0,1,15.25,21.42,20.79,0.0,74.06,0.0,-0.0,,0.0
2,8,5.0,1,16.26,24.79,24.4,0.0,7604.9,0.0,0.0,,0.0
2,9,5.0,1,18.11,28.03,26.78,-3206.77,18358.79,0.0,0.0,,-99.40987
2,10,5.0,1,20.6,32.0,26.78,-16997.31,29358.87,0.0,-5149.07,,-686.53778
2,11,5.0,1,22.98,35.69,26.78,-28674.7,37780.45,0.0,-8644.72,,-1156.90202
2,12,5.0,1,24.91,37.74,26.78,-34445.46,38328.45,0.0,-9682.92,,-1367.9797800000001
2,13,5.0,1,26.32,39.61,26.78,-39904.02,40111.4,0.0,-12134.61,,-1613.19753
2,14,5.0,1,26.98,40.07,26.78,-40400.75,37062.42,0.0,-9568.36,,-1549.04241
2,15,5.0,1,27.14,49.6,33.37,-50000.0,85544.05,0.0,-4220.16,,-1680.8249600000001
2,16,5.0,1,26.58,64.01,47.36,-50000.0,158004.69,0.0,0.0,,-1550.0
2,17,5.0,1,25.81,75.69,58.83,-50000.0,211447.56,0.0,0.0,,-1550.0
2,18,5.0,1,24.46,83.47,66.43,-50000.0,244578.95,9068.57,0.0,,-1268.87433
2,19,5.0,1,22.45,107.15,102.44,0.0,237092.99,0.0,0.0,,0.0
2,20,5.0,1,19.92,95.89,93.07,0.0,178700.48,0.0,0.0,,0.0
2,21,5.0,1,18.06,46.03,43.73,0.0,0.0,0.0,-0.0,,0.0
2,22,5.0,1,16.9,38.01,36.01,0.0,0.0,0.0,-0.0,,0.0
2,23,5.0,1,16.09,34.18,32.42,0.0,0.0,0.0,0.0,,0.0
2,24,5.0,1,15.5,31.35,29.8,0.0,0.0,0.0,0.0,,0.0
2,1,6.0,1,15.48,29.21,27.85,0.0,0.0,0.0,0.0,,0.0
2,2,6.0,1,15.25,27.27,26.07,0.0,0.0,0.0,0.0,,0.0
2,3,6.0,1,15.22,25.65,24.59,0.0,0.0,0.0,0.0,,0.0
2,4,6.0,1,15.11,24.21,23.28,0.0,0.0,0.0,-0.0,,0.0
2,5,6.0,1,14.97,22.92,22.09,0.0,0.0,0.0,-0.0,,0.0
2,6,6.0,1,14.57,21.63,20.9,0.0,0.0,0.0,-0.0,,0.0
2,7,6.0,1,14.39,20.59,19.95,0.0,74.06,0.0,-0.0,,0.0
2,8,6.0,1,15.43,28.8,28.23,0.0,7604.9,0.0,0.0,,0.0
2,9,6.0,1,17.49,33.7,33.2,0.0,18358.79,0.0,0.0,,0.0
2,10,6.0,1,19.87,38.8,38.36,0.0,29358.87,0.0,0.0,,0.0
2,11,6.0,1,22.5,43.65,43.26,0.0,37780.45,0.0,0.0,,0.0
2,12,6.0,1,24.26,46.06,45.71,0.0,38328.45,0.0,0.0,,0.0
2,13,6.0,1,25.39,48.25,47.94,0.0,40111.4,0.0,0.0,,0.0
2,14,6.0,1,25.84,48.69,48.42,0.0,37062.42,0.0,0.0,,0.0
2,15,6.0,1,25.87,62.8,62.56,0.0,85544.05,0.0,0.0,,0.0
2,16,6.0,1,25.77,85.65,85.43,0.0,158004.69,0.0,0.0,,0.0
2,17,6.0,1,25.38,105.27,105.08,0.0,211447.56,0.0,-0.0,,0.0
2,18,6.0,1,24.43,119.44,119.27,0.0,244578.95,0.0,-0.0,,0.0
2,19,6.0,1,22.64,115.21,115.06,0.0,237092.99,0.0,-0.0,,0.0
2,20,6.0,1,19.9,99.87,99.74,0.0,178700.48,0.0,0.0,,0.0
2,21,6.0,1,18.07,49.13,49.01,0.0,0.0,0.0,-0.0,,0.0
2,22,6.0,1,16.75,40.59,40.48,0.0,0.0,0.0,-0.0,,0.0
2,23,6.0,1,16.01,36.45,36.36,0.0,0.0,0.0,0.0,,0.0
2,24,6.0,1,15.17,33.2,33.12,0.0,0.0,0.0,0.0,,0.0
2,1,7.0,1,14.73,30.56,30.49,0.0,0.0,0.0,0.0,,0.0
2,2,7.0,1,14.76,28.49,28.43,0.0,0.0,0.0,0.0,,0.0
2,3,7.0,1,14.92,26.78,26.73,0.0,0.0,0.0,0.0,,0.0
2,4,7.0,1,15.13,25.35,25.3,0.0,0.0,0.0,0.0,,0.0
2,5,7.0,1,15.14,24.03,23.98,0.0,0.0,0.0,0.0,,0.0
2,6,7.0,1,14.67,22.6,22.56,0.0,0.0,0.0,0.0,,0.0
2,7,7.0,1,14.76,21.6,21.57,0.0,74.06,0.0,-0.0,,0.0
2,8,7.0,1,15.8,29.75,29.72,0.0,7604.9,0.0,0.0,,0.0
2,9,7.0,1,17.78,34.54,34.51,0.0,18358.79,0.0,0.0,,0.0
2,10,7.0,1,20.1,39.55,39.52,0.0,29358.87,0.0,0.0,,0.0
2,11,7.0,1,22.55,44.23,44.21,0.0,37780.45,0.0,0.0,,0.0
2,12,7.0,1,24.52,46.69,46.67,0.0,38328.45,0.0,0.0,,0.0
2,13,7.0,1,26.0,49.03,49.02,0.0,40111.4,0.0,0.0,,0.0
2,14,7.0,1,26.9,49.72,49.71,0.0,37062.42,0.0,0.0,,0.0
2,15,7.0,1,27.3,64.05,64.04,0.0,85544.05,0.0,0.0,,0.0
2,16,7.0,1,27.2,86.94,86.93,0.0,158004.69,0.0,0.0,,0.0
2,17,7.0,1,26.53,106.43,106.42,0.0,211447.56,0.0,-0.0,,0.0
2,18,7.0,1,25.36,120.48,120.47,0.0,244578.95,0.0,-0.0,,0.0
2,19,7.0,1,23.45,116.16,116.16,0.0,237092.99,0.0,-0.0,,0.0
2,20,7.0,1,20.42,100.65,100.64,0.0,178700.48,0.0,0.0,,0.0
2,21,7.0,1,18.19,49.65,49.64,0.0,0.0,0.0,-0.0,,0.0
2,22,7.0,1,16.98,41.1,41.09,0.0,0.0,0.0,-0.0,,0.0
2,23,7.0,1,16.1,36.86,36.85,0.0,0.0,0.0,0.0,,0.0
2,24,7.0,1,15.49,33.69,33.68,0.0,0.0,0.0,0.0,,0.0
2,1,1.0,1,15.06,31.04,31.04,0.0,0.0,0.0,0.0,,0.0
2,2,1.0,1,14.7,28.74,28.74,0.0,0.0,0.0,0.0,,0.0
2,3,1.0,1,14.47,26.77,26.77,0.0,0.0,0.0,0.0,,0.0
2,4,1.0,1,14.29,25.05,25.05,0.0,0.0,0.0,0.0,,0.0
2,5,1.0,1,13.99,23.48,23.48,0.0,0.0,0.0,0.0,,0.0
2,6,1.0,1,13.5,21.95,21.95,0.0,0.0,0.0,-0.0,,0.0
2,7,1.0,1,13.42,20.79,20.79,0.0,74.06,0.0,-0.0,,0.0
2,8,1.0,1,14.62,23.82,23.82,0.0,7604.9,0.0,0.0,,0.0
2,9,1.0,1,16.73,27.13,26.78,-1224.1,18358.79,0.0,0.0,,-37.9471
2,10,1.0,1,19.03,30.92,26.78,-14384.29,29358.87,0.0,-1431.48,,-490.28887
2,11,1.0,1,21.93,34.9,26.78,-27077.16,37780.45,0.0,-5430.39,,-1007.7340499999999
2,12,1.0,1,24.04,37.06,26.78,-33089.2,38328.45,0.0,-8905.46,,-1301.83446
2,13,1.0,1,25.83,39.18,26.78,-39317.52,40111.4,0.0,-10354.34,,-1539.82766
2,14,1.0,1,26.78,39.85,26.78,-40382.38,37062.42,0.0,-11448.59,,-1606.76007
2,15,1.0,1,26.94,49.39,33.34,-50000.0,85544.05,0.0,-5759.91,,-1728.5572100000002
2,16,1.0,1,26.71,64.03,47.55,-50000.0,158004.69,0.0,0.0,,-1550.0
2,17,1.0,1,26.24,75.95,59.22,-50000.0,211447.56,2939.61,0.0,,-1458.87209
2,18,1.0,1,25.0,83.84,66.92,-50000.0,244578.95,14400.67,0.0,,-1103.57923
2,19,1.0,1,22.94,107.46,102.9,0.0,237092.99,0.0,0.0,,0.0
2,20,1.0,1,20.05,96.03,93.34,0.0,178700.48,0.0,0.0,,0.0
2,21,1.0,1,17.92,46.01,43.83,0.0,0.0,0.0,-0.0,,0.0
2,22,1.0,1,16.84,38.01,36.12,0.0,0.0,0.0,-0.0,,0.0
2,23,1.0,1,16.2,34.27,32.61,0.0,0.0,0.0,0.0,,0.0
2,24,1.0,1,15.5,31.38,29.92,0.0,0.0,0.0,0.0,,0.0
2,1,2.0,1,15.02,28.99,27.7,0.0,0.0,0.0,0.0,,0.0
2,2,2.0,1,14.71,26.95,25.82,0.0,0.0,0.0,0.0,,0.0
2,3,2.0,1,14.64,25.29,24.29,0.0,0.0,0.0,0.0,,0.0
2,4,2.0,1,14.48,23.79,22.91,0.0,0.0,0.0,0.0,,0.0
2,5,2.0,1,14.45,22.53,21.75,0.0,0.0,0.0,-0.0,,0.0
2,6,2.0,1,14.38,21.41,20.72,0.0,0.0,0.0,-0.0,,0.0
2,7,2.0,1,14.57,20.58,19.98,0.0,74.06,0.0,-0.0,,0.0
2,8,2.0,1,15.59,24.02,23.66,0.0,7604.9,0.0,0.0,,0.0
2,9,2.0,1,17.7,27.46,26.78,-1303.71,18358.79,0.0,0.0,,-40.41501
2,10,2.0,1,20.18,31.46,26.78,-15320.54,29358.87,0.0,-4819.79,,-624.3502300000001
2,11,2.0,1,22.91,35.4,26.78,-27928.58,37780.45,0.0,-9653.79,,-1165.05347
2,12,2.0,1,24.95,37.57,26.78,-34049.32,38328.45,0.0,-11657.09,,-1416.8987100000002
2,13,2.0,1,26.59,39.64,26.78,-40152.24,40111.4,0.0,-11798.75,,-1610.4806899999999
2,14,2.0,1,27.3,40.17,26.78,-40840.31,37062.42,0.0,-9466.17,,-1559.5008799999998
2,15,2.0,1,27.35,49.66,33.44,-50000.0,85544.05,0.0,-5561.63,,-1722.41053
2,16,2.0,1,26.84,64.12,47.49,-50000.0,158004.69,0.0,0.0,,-1550.0
2,17,2.0,1,26.01,75.78,58.93,-50000.0,211447.56,2622.26,0.0,,-1468.70994
2,18,2.0,1,24.82,83.69,66.67,-50000.0,244578.95,13198.67,0.0,,-1140.84123
2,19,2.0,1,23.23,107.57,102.87,0.0,237092.99,0.0,0.0,,0.0
2,20,2.0,1,20.75,96.4,93.59,0.0,178700.48,0.0,0.0,,0.0
2,21,2.0,1,18.94,46.61,44.32,0.0,0.0,0.0,-0.0,,0.0
2,22,2.0,1,17.84,38.65,36.67,0.0,0.0,0.0,-0.0,,0.0
2,23,2.0,1,17.16,34.93,33.19,0.0,0.0,0.0,0.0,,0.0
2,24,2.0,1,16.55,32.13,30.6,0.0,0.0,0.0,0.0,,0.0
2,1,3.0,1,16.52,30.02,28.67,0.0,0.0,0.0,0.0,,0.0
2,2,3.0,1,16.41,28.17,26.98,0.0,0.0,0.0,0.0,,0.0
2,3,3.0,1,16.46,26.64,25.59,0.0,0.0,0.0,0.0,,0.0
2,4,3.0,1,16.15,25.12,24.2,0.0,0.0,0.0,-0.0,,0.0
2,5,3.0,1,15.76,23.7,22.89,0.0,0.0,0.0,-0.0,,0.0
2,6,3.0,1,15.11,22.27,21.55,0.0,0.0,0.0,-0.0,,0.0
2,7,3.0,1,14.96,21.22,20.59,0.0,74.06,0.0,-0.0,,0.0
2,8,3.0,1,15.94,24.53,24.14,0.0,7604.9,0.0,0.0,,0.0
2,9,3.0,1,17.77,27.74,26.78,-2204.68,18358.79,0.0,0.0,,-68.34508
2,10,3.0,1,20.4,31.81,26.78,-16410.27,29358.87,0.0,-5793.16,,-688.30633
2,11,3.0,1,22.93,35.59,26.78,-28433.98,37780.45,0.0,-12002.59,,-1253.53367
2,12,3.0,1,25.21,37.9,26.78,-35064.91,38328.45,0.0,-13687.14,,-1511.31355
2,13,3.0,1,26.95,40.04,26.78,-41369.18,40111.4,0.0,-14134.61,,-1720.61749
2,14,3.0,1,28.05,40.84,26.78,-42956.86,37062.42,0.0,-12743.32,,-1726.70558
2,15,3.0,1,28.45,50.59,34.28,-50000.0,85544.05,0.0,-6039.97,,-1737.23907
2,16,3.0,1,28.11,65.2,48.53,-50000.0,158004.69,0.0,0.0,,-1550.0
2,17,3.0,1,27.39,76.97,60.08,-50000.0,211447.56,1286.52,0.0,,-1510.11788
2,18,3.0,1,26.24,84.93,67.88,-50000.0,244578.95,13098.87,0.0,,-1143.93503
2,19,3.0,1,24.45,108.67,103.93,0.0,237092.99,0.0,0.0,,0.0
2,20,3.0,1,21.94,97.48,94.63,0.0,178700.48,0.0,0.0,,0.0
2,21,3.0,1,19.96,47.61,45.28,0.0,0.0,0.0,-0.0,,0.0
2,22,3.0,1,18.61,39.52,37.5,0.0,0.0,0.0,-0.0,,0.0
2,23,3.0,1,17.87,35.75,33.98,0.0,0.0,0.0,0.0,,0.0
2,24,3.0,1,17.18,32.88,31.33,0.0,0.0,0.0,0.0,,0.0
2,1,4.0,1,16.79,30.56,29.18,0.0,0.0,0.0,0.0,,0.0
2,2,4.0,1,16.48,28.55,27.35,0.0,0.0,0.0,0.0,,0.0
2,3,4.0,1,16.3,26.85,25.78,0.0,0.0,0.0,0.0,,0.0
2,4,4.0,1,15.89,25.22,24.28,0.0,0.0,0.0,-0.0,,0.0
2,5,4.0,1,15.51,23.76,22.93,0.0,0.0,0.0,-0.0,,0.0
2,6,4.0,1,14.96,22.34,21.6,0.0,0.0,0.0,-0.0,,0.0
2,7,4.0,1,14.98,21.36,20.71,0.0,74.06,0.0,-0.0,,0.0
2,8,4.0,1,16.12,24.73,24.34,0.0,7604.9,0.0,0.0,,0.0
2,9,4.0,1,18.07,28.03,26.78,-3191.29,18358.79,0.0,0.0,,-98.92999
2,10,4.0,1,20.68,32.09,26.78,-17274.81,29358.87,0.0,-6871.55,,-748.5371600000001
2,11,4.0,1,23.19,35.86,26.78,-29240.87,37780.45,0.0,-15469.81,,-1386.03108
2,12,4.0,1,25.41,38.12,26.78,-35722.91,38328.45,0.0,-16512.77,,-1619.3060800000003
2,13,4.0,1,27.11,40.22,26.78,-41898.04,40111.4,0.0,-16882.37,,-1822.1927100000003
2,14,4.0,1,28.03,40.9,26.78,-43044.11,37062.42,0.0,-12334.25,,-1716.7291599999999
2,15,4.0,1,28.4,50.61,34.28,-50000.0,85544.05,0.0,-6175.22,,-1741.43182
2,16,4.0,1,27.93,65.12,48.43,-50000.0,158004.69,0.0,0.0,,-1550.0
2,17,4.0,1,27.06,76.77,59.87,-50000.0,211447.56,343.13,0.0,,-1539.36297
2,18,4.0,1,25.67,84.54,67.47,-50000.0,244578.95,10687.47,0.0,,-1218.68843
2,19,4.0,1,23.98,108.36,103.61,0.0,237092.99,0.0,0.0,,0.0
2,20,4.0,1,21.45,97.16,94.3,0.0,178700.48,0.0,0.0,,0.0
2,21,4.0,1,19.73,47.41,45.07,0.0,0.0,0.0,-0.0,,0.0
2,22,4.0,1,18.36,39.31,37.28,0.0,0.0,0.0,-0.0,,0.0
2,23,4.0,1,17.67,35.56,33.78,0.0,0.0,0.0,0.0,,0.0
2,24,4.0,1,16.68,32.54,30.97,0.0,0.0,0.0,0.0,,0.0
2,1,5.0,1,16.44,30.26,28.88,0.0,0.0,0.0,0.0,,0.0
2,2,5.0,1,16.23,28.31,27.09,0.0,0.0,0.0,0.0,,0.0
2,3,5.0,1,15.83,26.49,25.41,0.0,0.0,0.0,-0.0,,0.0
2,4,5.0,1,15.27,24.76,23.81,0.0,0.0,0.0,-0.0,,0.0
2,5,5.0,1,15.05,23.36,22.52,0.0,0.0,0.0,-0.0,,0.0
2,6,5.0,1,14.72,22.06,21.32,0.0,0.0,0.0,-0.0,,0.0
2,7,5.0,1,14.98,21.22,20.57,0.0,74.06,0.0,-0.0,,0.0
2,8,5.0,1,16.46,24.89,24.49,0.0,7604.9,0.0,0.0,,0.0
2,9,5.0,1,18.37,28.2,26.78,-3790.86,18358.79,0.0,0.0,,-117.51666
2,10,5.0,1,21.29,32.49,26.78,-18632.64,29358.87,0.0,-11082.27,,-921.16221
2,11,5.0,1,23.22,35.9,26.78,-29233.36,37780.45,0.0,-14396.24,,-1352.5176
2,12,5.0,1,25.45,38.15,26.78,-35776.1,38328.45,0.0,-15378.44,,-1585.79074
2,13,5.0,1,27.3,40.36,26.78,-42321.05,40111.4,0.0,-17061.11,,-1840.8469600000003
2,14,5.0,1,28.44,41.19,26.78,-44002.76,37062.42,0.0,-14141.0,,-1802.45656
2,15,5.0,1,28.84,50.95,34.58,-50000.0,85544.05,0.0,-4690.44,,-1695.4036400000002
2,16,5.0,1,28.32,65.44,48.73,-50000.0,158004.69,0.0,0.0,,-1550.0
2,17,5.0,1,27.62,77.22,60.3,-50000.0,211447.56,0.0,0.0,,-1550.0
2,18,5.0,1,26.12,84.93,67.85,-50000.0,244578.95,8161.06,0.0,,-1297.0071400000002
2,19,5.0,1,24.26,108.65,103.88,0.0,237092.99,0.0,0.0,,0.0
2,20,5.0,1,21.66,97.39,94.52,0.0,178700.48,0.0,0.0,,0.0
2,21,5.0,1,19.92,47.62,45.27,0.0,0.0,0.0,-0.0,,0.0
2,22,5.0,1,18.72,39.61,37.57,0.0,0.0,0.0,-0.0,,0.0
2,23,5.0,1,18.07,35.9,34.1,0.0,0.0,0.0,0.0,,0.0
2,24,5.0,1,17.06,32.87,31.3,0.0,0.0,0.0,0.0,,0.0
2,1,6.0,1,16.72,30.55,29.16,0.0,0.0,0.0,0.0,,0.0
2,2,6.0,1,16.55,28.61,27.39,0.0,0.0,0.0,0.0,,0.0
2,3,6.0,1,16.5,26.99,25.91,0.0,0.0,0.0,-0.0,,0.0
2,4,6.0,1,16.18,25.42,24.47,0.0,0.0,0.0,-0.0,,0.0
2,5,6.0,1,15.69,23.91,23.07,0.0,0.0,0.0,-0.0,,0.0
2,6,6.0,1,15.09,22.47,21.73,0.0,0.0,0.0,-0.0,,0.0
2,7,6.0,1,14.87,21.35,20.7,0.0,74.06,0.0,-0.0,,0.0
2,8,6.0,1,15.79,29.46,28.88,0.0,7604.9,0.0,0.0,,0.0
2,9,6.0,1,17.65,34.21,33.69,0.0,18358.79,0.0,0.0,,0.0
2,10,6.0,1,19.95,39.21,38.76,0.0,29358.87,0.0,0.0,,0.0
2,11,6.0,1,22.27,43.84,43.44,0.0,37780.45,0.0,0.0,,0.0
2,12,6.0,1,24.48,46.44,46.08,0.0,38328.45,0.0,0.0,,0.0
2,13,6.0,1,26.19,48.93,48.62,0.0,40111.4,0.0,0.0,,0.0
2,14,6.0,1,27.11,49.67,49.39,0.0,37062.42,0.0,0.0,,0.0
2,15,6.0,1,27.7,64.14,63.9,0.0,85544.05,0.0,0.0,,0.0
2,16,6.0,1,27.4,86.96,86.74,0.0,158004.69,0.0,0.0,,0.0
2,17,6.0,1,26.44,106.31,106.11,0.0,211447.56,0.0,-0.0,,0.0
2,18,6.0,1,24.89,120.14,119.97,0.0,244578.95,0.0,-0.0,,0.0
2,19,6.0,1,22.91,115.76,115.61,0.0,237092.99,0.0,-0.0,,0.0
2,20,6.0,1,20.3,100.44,100.31,0.0,178700.48,0.0,0.0,,0.0
2,21,6.0,1,18.58,49.74,49.62,0.0,0.0,0.0,-0.0,,0.0
2,22,6.0,1,17.67,41.42,41.31,0.0,0.0,0.0,-0.0,,0.0
2,23,6.0,1,17.22,37.46,37.37,0.0,0.0,0.0,0.0,,0.0
2,24,6.0,1,16.5,34.31,34.22,0.0,0.0,0.0,0.0,,0.0
2,1,7.0,1,16.34,31.86,31.78,0.0,0.0,0.0,0.0,,0.0
2,2,7.0,1,16.16,29.73,29.66,0.0,0.0,0.0,0.0,,0.0
2,3,7.0,1,15.82,27.76,27.71,0.0,0.0,0.0,0.0,,0.0
2,4,7.0,1,15.38,25.95,25.9,0.0,0.0,0.0,0.0,,0.0
2,5,7.0,1,14.83,24.25,24.2,0.0,0.0,0.0,0.0,,0.0
2,6,7.0,1,14.42,22.76,22.72,0.0,0.0,0.0,0.0,,0.0
2,7,7.0,1,14.47,21.69,21.66,0.0,74.06,0.0,-0.0,,0.0
2,8,7.0,1,15.91,30.01,29.97,0.0,7604.9,0.0,0.0,,0.0
2,9,7.0,1,17.83,34.76,34.73,0.0,18358.79,0.0,0.0,,0.0
2,10,7.0,1,19.92,39.62,39.59,0.0,29358.87,0.0,0.0,,0.0
2,11,7.0,1,22.51,44.34,44.32,0.0,37780.45,0.0,0.0,,0.0
2,12,7.0,1,24.47,46.78,46.76,0.0,38328.45,0.0,0.0,,0.0
2,13,7.0,1,25.93,49.09,49.07,0.0,40111.4,0.0,0.0,,0.0
2,14,7.0,1,26.93,49.82,49.8,0.0,37062.42,0.0,0.0,,0.0
2,15,7.0,1,27.13,64.04,64.03,0.0,85544.05,0.0,0.0,,0.0
2,16,7.0,1,26.79,86.77,86.76,0.0,158004.69,0.0,0.0,,0.0
2,17,7.0,1,25.99,106.15,106.13,0.0,211447.56,0.0,-0.0,,0.0
2,18,7.0,1,24.45,119.96,119.95,0.0,244578.95,0.0,-0.0,,0.0
2,19,7.0,1,22.16,115.37,115.36,0.0,237092.99,0.0,-0.0,,0.0
2,20,7.0,1,19.81,100.15,100.14,0.0,178700.48,0.0,0.0,,0.0
2,21,7.0,1,18.28,49.54,49.53,0.0,0.0,0.0,-0.0,,0.0
2,22,7.0,1,16.93,40.97,40.96,0.0,0.0,0.0,-0.0,,0.0
2,23,7.0,1,16.53,37.0,36.99,0.0,0.0,0.0,0.0,,0.0
2,24,7.0,1,16.16,34.01,34.0,0.0,0.0,0.0,0.0,,0.0
2,1,1.0,1,15.87,31.49,31.49,0.0,0.0,0.0,0.0,,0.0
2,2,1.0,1,15.56,29.28,29.27,0.0,0.0,0.0,0.0,,0.0
2,3,1.0,1,15.33,27.35,27.34,0.0,0.0,0.0,0.0,,0.0
2,4,1.0,1,14.91,25.54,25.54,0.0,0.0,0.0,0.0,,0.0
2,5,1.0,1,14.95,24.16,24.15,0.0,0.0,0.0,0.0,,0.0
2,6,1.0,1,14.96,22.95,22.95,0.0,0.0,0.0,0.0,,0.0
2,7,1.0,1,15.16,22.02,22.02,0.0,74.06,0.0,-0.0,,0.0
2,8,1.0,1,16.38,25.27,25.27,0.0,7604.9,0.0,0.0,,0.0
2,9,1.0,1,18.15,28.4,26.78,-5679.04,18358.79,0.0,0.0,,-176.05024
2,10,1.0,1,20.11,31.97,26.78,-17652.96,29358.87,0.0,-9925.2,,-854.92296
2,11,1.0,1,22.61,35.66,26.78,-29319.73,37780.45,0.0,-8439.9,,-1170.54853
2,12,1.0,1,24.96,37.96,26.78,-35857.87,38328.45,0.0,-9429.63,,-1403.9125
2,13,1.0,1,26.7,40.06,26.78,-41925.85,40111.4,0.0,-12465.83,,-1686.14208
2,14,1.0,1,27.57,40.67,26.78,-42765.77,37062.42,0.0,-10266.14,,-1643.98921
2,15,1.0,1,27.78,50.24,34.05,-50000.0,85544.05,0.0,-4907.99,,-1702.14769
2,16,1.0,1,27.76,65.03,48.46,-50000.0,158004.69,0.0,0.0,,-1550.0
2,17,1.0,1,27.23,76.91,60.12,-50000.0,211447.56,0.0,0.0,,-1550.0
2,18,1.0,1,26.08,84.87,67.89,-50000.0,244578.95,10775.15,0.0,,-1215.9703499999998
2,19,1.0,1,24.4,108.69,104.05,0.0,237092.99,0.0,0.0,,0.0
2,20,1.0,1,22.19,97.67,94.91,0.0,178700.48,0.0,0.0,,0.0
2,21,1.0,1,20.24,47.83,45.59,0.0,0.0,0.0,-0.0,,0.0
2,22,1.0,1,19.15,39.9,37.95,0.0,0.0,0.0,-0.0,,0.0
2,23,1.0,1,18.46,36.18,34.48,0.0,0.0,0.0,0.0,,0.0
2,24,1.0,1,18.09,33.52,32.02,0.0,0.0,0.0,0.0,,0.0
2,1,2.0,1,17.64,31.21,29.89,0.0,0.0,0.0,0.0,,0.0
2,2,2.0,1,17.13,29.12,27.96,0.0,0.0,0.0,0.0,,0.0
2,3,2.0,1,16.88,27.38,26.36,0.0,0.0,0.0,0.0,,0.0
2,4,2.0,1,16.73,25.9,24.99,0.0,0.0,0.0,0.0,,0.0
2,5,2.0,1,16.63,24.62,23.82,0.0,0.0,0.0,-0.0,,0.0
2,6,2.0,1,16.14,23.28,22.57,0.0,0.0,0.0,-0.0,,0.0
2,7,2.0,1,15.71,22.09,21.46,0.0,74.06,0.0,-0.0,,0.0
2,8,2.0,1,16.68,25.33,24.95,0.0,7604.9,0.0,0.0,,0.0
2,9,2.0,1,18.61,28.6,26.78,-5255.38,18358.79,0.0,0.0,,-162.91678
2,10,2.0,1,20.75,32.33,26.78,-17990.03,29358.87,0.0,-12778.67,,-953.8297
2,11,2.0,1,23.28,36.08,26.78,-29942.95,37780.45,0.0,-16953.67,,-1453.7952199999997
2,12,2.0,1,25.56,38.37,26.78,-36482.26,38328.45,0.0,-14838.26,,-1590.93612
2,13,2.0,1,27.29,40.47,26.78,-42660.75,40111.4,0.0,-15161.96,,-1792.50401
2,14,2.0,1,28.52,41.36,26.78,-44523.34,37062.42,0.0,-11659.48,,-1741.6674199999998
2,15,2.0,1,28.83,51.04,34.65,-50000.0,85544.05,0.0,-8044.29,,-1799.37299
2,16,2.0,1,28.86,65.9,49.18,-50000.0,158004.69,0.0,0.0,,-1550.0
2,17,2.0,1,28.41,77.87,60.95,-50000.0,211447.56,0.0,0.0,,-1550.0
2,18,2.0,1,27.2,85.82,68.73,-50000.0,244578.95,12362.34,0.0,,-1166.7674600000003
2,19,2.0,1,25.37,109.51,104.74,0.0,237092.99,0.0,0.0,,0.0
2,20,2.0,1,22.71,98.25,95.37,0.0,178700.48,0.0,0.0,,0.0
2,21,2.0,1,20.73,48.37,46.02,0.0,0.0,0.0,-0.0,,0.0
2,22,2.0,1,19.34,40.26,38.21,0.0,0.0,0.0,-0.0,,0.0
2,23,2.0,1,18.56,36.46,34.67,0.0,0.0,0.0,0.0,,0.0
2,24,2.0,1,17.77,33.54,31.96,0.0,0.0,0.0,0.0,,0.0
2,1,3.0,1,17.23,31.12,29.73,0.0,0.0,0.0,0.0,,0.0
2,2,3.0,1,17.17,29.23,28.01,0.0,0.0,0.0,0.0,,0.0
2,3,3.0,1,17.3,27.71,26.62,0.0,0.0,0.0,0.0,,0.0
2,4,3.0,1,17.23,26.29,25.34,0.0,0.0,0.0,0.0,,0.0
2,5,3.0,1,17.12,25.02,24.18,0.0,0.0,0.0,-0.0,,0.0
2,6,3.0,1,16.79,23.78,23.03,0.0,0.0,0.0,-0.0,,0.0
2,7,3.0,1,16.86,22.88,22.23,0.0,74.06,0.0,-0.0,,0.0
2,8,3.0,1,17.62,26.14,25.74,0.0,7604.9,0.0,0.0,,0.0
2,9,3.0,1,19.14,29.14,26.78,-7090.58,18358.79,0.0,0.0,,-219.80798000000001
2,10,3.0,1,21.7,33.15,26.78,-20622.04,29358.87,0.0,-13400.27,,-1054.6916099999999
2,11,3.0,1,23.99,36.76,26.78,-31977.47,37780.45,0.0,-17059.74,,-1520.1535100000003
2,12,3.0,1,26.13,38.95,26.78,-38170.84,38328.45,0.0,-13707.37,,-1608.22451
2,13,3.0,1,27.72,40.95,26.78,-44002.25,40111.4,0.0,-15628.06,,-1848.5396099999998
2,14,3.0,1,28.95,41.83,26.78,-45848.04,37062.42,0.0,-12906.18,,-1821.38082
2,15,3.0,1,28.52,50.99,34.51,-50000.0,85544.05,0.0,-7370.62,,-1778.48922
2,16,3.0,1,27.54,65.09,48.31,-50000.0,158004.69,0.0,0.0,,-1550.0
2,17,3.0,1,26.12,76.29,59.32,-50000.0,211447.56,0.0,0.0,,-1550.0
2,18,3.0,1,23.88,83.4,66.27,-50000.0,244578.95,241.39,0.0,,-1542.5169099999998
2,19,3.0,1,21.42,106.91,102.08,0.0,237092.99,0.0,0.0,,0.0
2,20,3.0,1,19.07,95.66,92.73,0.0,178700.48,0.0,0.0,,0.0
2,21,3.0,1,17.62,45.95,43.55,0.0,0.0,0.0,-0.0,,0.0
2,22,3.0,1,16.44,37.88,35.79,0.0,0.0,0.0,-0.0,,0.0
2,23,3.0,1,15.38,33.87,32.04,0.0,0.0,0.0,0.0,,0.0
2,24,3.0,1,15.11,31.16,29.55,0.0,0.0,0.0,0.0,,0.0
2,1,4.0,1,15.15,29.03,27.62,0.0,0.0,0.0,0.0,,0.0
2,2,4.0,1,15.18,27.22,25.97,0.0,0.0,0.0,0.0,,0.0
2,3,4.0,1,15.45,25.78,24.68,0.0,0.0,0.0,0.0,,0.0
2,4,4.0,1,15.36,24.37,23.4,0.0,0.0,0.0,0.0,,0.0
2,5,4.0,1,15.41,23.2,22.34,0.0,0.0,0.0,0.0,,0.0
2,6,4.0,1,15.09,21.98,21.22,0.0,0.0,0.0,-0.0,,0.0
2,7,4.0,1,15.03,21.03,20.36,0.0,74.06,0.0,-0.0,,0.0
2,8,4.0,1,15.86,24.33,23.93,0.0,7604.9,0.0,0.0,,0.0
2,9,4.0,1,18.13,27.88,26.78,-2623.86,18358.79,0.0,0.0,,-81.33966000000001
2,10,4.0,1,20.16,31.57,26.78,-15474.52,29358.87,0.0,-3716.98,,-594.9365
2,11,4.0,1,22.77,35.4,26.78,-27782.1,37780.45,0.0,-11498.64,,-1217.70294
2,12,4.0,1,24.86,37.58,26.78,-33994.27,38328.45,0.0,-12043.34,,-1427.16591
2,13,4.0,1,26.35,39.53,26.78,-39689.72,40111.4,0.0,-11291.49,,-1580.41751
2,14,4.0,1,27.47,40.33,26.78,-41347.54,37062.42,0.0,-9064.17,,-1562.7630100000001
2,15,4.0,1,27.8,50.02,33.77,-50000.0,85544.05,0.0,-6030.64,,-1736.94984
2,16,4.0,1,27.53,64.67,48.02,-50000.0,158004.69,0.0,0.0,,-1550.0
2,17,4.0,1,26.73,76.37,59.51,-50000.0,211447.56,114.56,0.0,,-1546.44864
2,18,4.0,1,25.34,84.16,67.12,-50000.0,244578.95,7668.89,0.0,,-1312.26441
2,19,4.0,1,23.55,107.91,103.2,0.0,237092.99,0.0,0.0,,0.0
2,20,4.0,1,21.19,96.79,93.97,0.0,178700.48,0.0,0.0,,0.0
2,21,4.0,1,19.19,46.91,44.61,0.0,0.0,0.0,-0.0,,0.0
2,22,4.0,1,18.11,38.96,36.96,0.0,0.0,0.0,-0.0,,0.0
2,23,4.0,1,17.48,35.26,33.5,0.0,0.0,0.0,0.0,,0.0
2,24,4.0,1,16.98,32.52,30.98,0.0,0.0,0.0,0.0,,0.0
2,1,5.0,1,16.47,30.16,28.8,0.0,0.0,0.0,0.0,,0.0
2,2,5.0,1,16.16,28.16,26.96,0.0,0.0,0.0,0.0,,0.0
2,3,5.0,1,16.15,26.55,25.5,0.0,0.0,0.0,0.0,,0.0
2,4,5.0,1,15.83,25.0,24.07,0.0,0.0,0.0,0.0,,0.0
2,5,5.0,1,15.64,23.66,22.84,0.0,0.0,0.0,-0.0,,0.0
2,6,5.0,1,15.15,22.31,21.59,0.0,0.0,0.0,-0.0,,0.0
2,7,5.0,1,14.77,21.15,20.5,0.0,74.06,0.0,-0.0,,0.0
2,8,5.0,1,15.47,24.21,23.82,0.0,7604.9,0.0,0.0,,0.0
2,9,5.0,1,17.35,27.43,26.78,-1109.13,18358.79,0.0,0.0,,-34.383030000000005
2,10,5.0,1,19.29,31.0,26.78,-13666.79,29358.87,0.0,-3848.87,,-542.98546
2,11,5.0,1,21.78,34.7,26.78,-25586.3,37780.45,0.0,-11147.17,,-1138.73757
2,12,5.0,1,23.94,36.89,26.78,-31878.55,38328.45,0.0,-11017.64,,-1329.7818900000002
2,13,5.0,1,25.73,39.01,26.78,-38219.45,40111.4,0.0,-10673.27,,-1515.67432
2,14,5.0,1,27.03,39.93,26.78,-40261.02,37062.42,0.0,-7857.45,,-1491.6725699999997
2,15,5.0,1,27.58,49.77,33.61,-50000.0,85544.05,0.0,-5670.12,,-1725.77372
2,16,5.0,1,27.56,64.6,48.01,-50000.0,158004.69,0.0,0.0,,-1550.0
2,17,5.0,1,26.91,76.44,59.62,-50000.0,211447.56,0.0,0.0,,-1550.0
2,18,5.0,1,25.4,84.16,67.16,-50000.0,244578.95,8518.74,0.0,,-1285.91906
2,19,5.0,1,23.47,107.82,103.16,0.0,237092.99,0.0,0.0,,0.0
2,20,5.0,1,21.12,96.7,93.92,0.0,178700.48,0.0,0.0,,0.0
2,21,5.0,1,19.13,46.82,44.56,0.0,0.0,0.0,-0.0,,0.0
2,22,5.0,1,18.09,38.9,36.93,0.0,0.0,0.0,-0.0,,0.0
2,23,5.0,1,17.54,35.25,33.53,0.0,0.0,0.0,0.0,,0.0
2,24,5.0,1,16.89,32.44,30.93,0.0,0.0,0.0,0.0,,0.0
2,1,6.0,1,16.49,30.13,28.8,0.0,0.0,0.0,0.0,,0.0
2,2,6.0,1,16.41,28.27,27.09,0.0,0.0,0.0,0.0,,0.0
2,3,6.0,1,16.46,26.73,25.69,0.0,0.0,0.0,0.0,,0.0
2,4,6.0,1,16.42,25.34,24.43,0.0,0.0,0.0,-0.0,,0.0
2,5,6.0,1,16.01,23.93,23.12,0.0,0.0,0.0,-0.0,,0.0
2,6,6.0,1,15.29,22.46,21.74,0.0,0.0,0.0,-0.0,,0.0
2,7,6.0,1,15.02,21.34,20.71,0.0,74.06,0.0,-0.0,,0.0
2,8,6.0,1,15.3,29.12,28.56,0.0,7604.9,0.0,0.0,,0.0
2,9,6.0,1,16.53,33.48,32.99,0.0,18358.79,0.0,0.0,,0.0
2,10,6.0,1,19.26,38.65,38.21,0.0,29358.87,0.0,0.0,,0.0
2,11,6.0,1,21.82,43.41,43.02,0.0,37780.45,0.0,0.0,,0.0
2,12,6.0,1,24.13,46.06,45.71,0.0,38328.45,0.0,0.0,,0.0
2,13,6.0,1,26.06,48.68,48.38,0.0,40111.4,0.0,0.0,,0.0
2,14,6.0,1,26.92,49.41,49.14,0.0,37062.42,0.0,0.0,,0.0
2,15,6.0,1,27.12,63.67,63.44,0.0,85544.05,0.0,0.0,,0.0
2,16,6.0,1,27.01,86.57,86.36,0.0,158004.69,0.0,0.0,,0.0
2,17,6.0,1,26.65,106.25,106.06,0.0,211447.56,0.0,-0.0,,0.0
2,18,6.0,1,25.43,120.31,120.15,0.0,244578.95,0.0,-0.0,,0.0
2,19,6.0,1,23.77,116.17,116.02,0.0,237092.99,0.0,-0.0,,0.0
2,20,6.0,1,21.03,100.85,100.72,0.0,178700.48,0.0,0.0,,0.0
2,21,6.0,1,19.06,50.05,49.94,0.0,0.0,0.0,-0.0,,0.0
2,22,6.0,1,18.04,41.68,41.58,0.0,0.0,0.0,-0.0,,0.0
2,23,6.0,1,17.36,37.61,37.52,0.0,0.0,0.0,0.0,,0.0
2,24,6.0,1,16.95,34.62,34.54,0.0,0.0,0.0,0.0,,0.0
2,1,7.0,1,16.73,32.16,32.09,0.0,0.0,0.0,0.0,,0.0
2,2,7.0,1,16.47,29.99,29.93,0.0,0.0,0.0,0.0,,0.0
2,3,7.0,1,16.15,28.04,27.99,0.0,0.0,0.0,0.0,,0.0
2,4,7.0,1,15.74,26.25,26.2,0.0,0.0,0.0,0.0,,0.0
2,5,7.0,1,15.47,24.71,24.67,0.0,0.0,0.0,0.0,,0.0
2,6,7.0,1,15.18,23.32,23.28,0.0,0.0,0.0,-0.0,,0.0
2,7,7.0,1,15.05,22.18,22.14,0.0,74.06,0.0,-0.0,,0.0
2,8,7.0,1,16.29,30.4,30.36,0.0,7604.9,0.0,0.0,,0.0
2,9,7.0,1,18.3,35.19,35.16,0.0,18358.79,0.0,0.0,,0.0
2,10,7.0,1,20.29,40.0,39.97,0.0,29358.87,0.0,0.0,,0.0
2,11,7.0,1,22.81,44.68,44.66,0.0,37780.45,0.0,0.0,,0.0
2,12,7.0,1,25.09,47.28,47.26,0.0,38328.45,0.0,0.0,,0.0
2,13,7.0,1,26.78,49.75,49.73,0.0,40111.4,0.0,0.0,,0.0
2,14,7.0,1,27.47,50.34,50.32,0.0,37062.42,0.0,0.0,,0.0
2,15,7.0,1,27.62,64.52,64.51,0.0,85544.05,0.0,0.0,,0.0
2,16,7.0,1,27.48,87.36,87.35,0.0,158004.69,0.0,0.0,,0.0
2,17,7.0,1,27.18,107.03,107.02,0.0,211447.56,0.0,-0.0,,0.0
2,18,7.0,1,26.26,121.23,121.22,0.0,244578.95,0.0,-0.0,,0.0
2,19,7.0,1,24.63,117.1,117.09,0.0,237092.99,0.0,-0.0,,0.0
2,20,7.0,1,22.3,102.01,102.0,0.0,178700.48,0.0,0.0,,0.0
2,21,7.0,1,20.05,51.09,51.08,0.0,0.0,0.0,-0.0,,0.0
2,22,7.0,1,18.77,42.56,42.56,0.0,0.0,0.0,-0.0,,0.0
2,23,7.0,1,17.87,38.34,38.34,0.0,0.0,0.0,0.0,,0.0
2,24,7.0,1,17.06,35.1,35.09,0.0,0.0,0.0,0.0,,0.0
2,1,1.0,2,16.54,32.42,32.41,0.0,0.0,0.0,0.0,,0.0
2,2,1.0,2,16.18,30.13,30.12,0.0,0.0,0.0,0.0,,0.0
2,3,1.0,2,15.99,28.19,28.19,0.0,0.0,0.0,0.0,,0.0
2,4,1.0,2,15.82,26.5,26.49,0.0,0.0,0.0,0.0,,0.0
2,5,1.0,2,15.56,24.95,24.94,0.0,0.0,0.0,0.0,,0.0
2,6,1.0,2,15.19,23.5,23.5,0.0,0.0,0.0,0.0,,0.0
2,7,1.0,2,15.21,22.4,22.4,0.0,0.0,0.0,-0.0,,0.0
2,8,1.0,2,15.98,24.22,24.22,0.0,2268.49,0.0,0.0,,0.0
2,9,1.0,2,17.83,27.69,26.91,-2737.89,15519.18,0.0,0.0,,-76.66092
2,10,1.0,2,19.89,30.92,26.91,-13788.41,24594.68,0.0,-2575.07,,-458.17744
2,11,1.0,2,22.5,34.37,26.91,-24785.35,31706.97,0.0,-10501.7,,-988.0374000000002
2,12,1.0,2,24.81,37.08,26.91,-32894.93,34922.85,0.0,-14363.6,,-1323.2388399999998
2,13,1.0,2,26.74,39.13,26.91,-38744.71,35707.77,0.0,-13388.02,,-1459.71644
2,14,1.0,2,28.13,40.84,26.91,-43505.87,36703.92,0.0,-11850.04,,-1549.96548
2,15,1.0,2,28.62,50.29,34.17,-50000.0,82871.47,0.0,-6490.27,,-1581.72756
2,16,1.0,2,28.32,65.18,48.68,-50000.0,156773.56,0.0,0.0,,-1400.0
2,17,1.0,2,27.45,77.85,61.12,-50000.0,215509.49,318.6,0.0,,-1391.0792
2,18,1.0,2,26.15,86.08,69.16,-50000.0,250101.22,9282.14,0.0,,-1140.1000800000002
2,19,1.0,2,24.41,111.34,106.77,0.0,245561.53,0.0,0.0,,0.0
2,20,1.0,2,21.82,71.42,68.73,0.0,82020.24,0.0,-0.0,,0.0
2,21,1.0,2,19.59,43.29,41.1,0.0,0.0,0.0,-0.0,,0.0
2,22,1.0,2,18.64,37.51,35.61,0.0,0.0,0.0,-0.0,,0.0
2,23,1.0,2,17.88,34.23,32.57,0.0,0.0,0.0,0.0,,0.0
2,24,1.0,2,17.01,31.51,30.04,0.0,0.0,0.0,0.0,,0.0
