ID_Recinto Hora dia Mes Presión_saturacion x_set_min x_set_max x_int_aire G_HU G_DHU 
2.000000 1.000000 1.000000 1.000000 3635.784435 0.005630 0.013686 0.000000 0.000000 0.000000
2.000000 2.000000 1.000000 1.000000 3264.241188 0.005050 0.012260 0.000000 0.000000 0.000000
2.000000 3.000000 1.000000 1.000000 2981.620442 0.004610 0.011179 0.000000 0.000000 0.000000
2.000000 4.000000 1.000000 1.000000 2760.976117 0.004266 0.010338 0.000000 0.000000 -0.000000
2.000000 5.000000 1.000000 1.000000 2566.938127 0.003965 0.009600 0.000000 0.000000 -0.000000
2.000000 6.000000 1.000000 1.000000 2386.765297 0.003685 0.008917 0.000000 0.000000 -0.000000
2.000000 7.000000 1.000000 1.000000 2254.950135 0.003480 0.008418 0.000000 0.000000 -0.000000
2.000000 8.000000 1.000000 1.000000 2706.917876 0.004182 0.010133 0.010000 0.000000 0.000000
2.000000 9.000000 1.000000 1.000000 3311.990453 0.005125 0.012443 0.010752 0.000000 0.000000
2.000000 10.000000 1.000000 1.000000 2813.203589 0.004348 0.010537 0.010537 0.000000 -2678.983950
2.000000 11.000000 1.000000 1.000000 2392.745376 0.003694 0.008940 0.008940 0.000000 -7707.069772
2.000000 12.000000 1.000000 1.000000 2216.677952 0.003421 0.008273 0.008273 0.000000 -8488.483280
2.000000 13.000000 1.000000 1.000000 2053.615700 0.003168 0.007657 0.007657 0.000000 -8299.571589
2.000000 14.000000 1.000000 1.000000 2024.027951 0.003122 0.007545 0.007545 0.000000 -9737.697608
2.000000 15.000000 1.000000 1.000000 2408.854299 0.003719 0.009001 0.009001 0.000000 -2910.509288
2.000000 16.000000 1.000000 1.000000 4422.135598 0.006861 0.016726 0.009729 0.000000 0.000000
2.000000 17.000000 1.000000 1.000000 7010.616777 0.010948 0.026940 0.010948 3540.904455 0.000000
2.000000 18.000000 1.000000 1.000000 9200.925964 0.014448 0.035842 0.014448 13193.249482 0.000000
2.000000 19.000000 1.000000 1.000000 143295.564989 0.340184 3.484434 0.000000 0.000000 0.000000
2.000000 20.000000 1.000000 1.000000 112145.196084 0.237944 1.229588 0.000000 0.000000 0.000000
2.000000 21.000000 1.000000 1.000000 10986.851406 0.017331 0.043283 0.000000 0.000000 -0.000000
2.000000 22.000000 1.000000 1.000000 6336.847748 0.009879 0.024250 0.000000 0.000000 -0.000000
2.000000 23.000000 1.000000 1.000000 5115.690608 0.007951 0.019431 0.000000 0.000000 0.000000
2.000000 24.000000 1.000000 1.000000 4401.571940 0.006829 0.016646 0.000000 0.000000 0.000000
2.000000 1.000000 2.000000 1.000000 3862.723366 0.005985 0.014560 0.000000 0.000000 0.000000
2.000000 2.000000 2.000000 1.000000 3464.061831 0.005362 0.013026 0.000000 0.000000 0.000000
2.000000 3.000000 2.000000 1.000000 3164.379697 0.004894 0.011878 0.000000 0.000000 0.000000
2.000000 4.000000 2.000000 1.000000 2917.297501 0.004510 0.010934 0.000000 0.000000 -0.000000
2.000000 5.000000 2.000000 1.000000 2708.193057 0.004184 0.010137 0.000000 0.000000 -0.000000
2.000000 6.000000 2.000000 1.000000 2515.684447 0.003885 0.009406 0.000000 0.000000 -0.000000
2.000000 7.000000 2.000000 1.000000 2380.374901 0.003675 0.008893 0.000000 0.000000 -0.000000
2.000000 8.000000 2.000000 1.000000 2875.197931 0.004444 0.010773 0.010595 0.000000 0.000000
2.000000 9.000000 2.000000 1.000000 3236.550442 0.005007 0.012154 0.011142 0.000000 0.000000
2.000000 10.000000 2.000000 1.000000 2725.795287 0.004212 0.010204 0.010204 0.000000 -2969.622404
2.000000 11.000000 2.000000 1.000000 2314.244138 0.003572 0.008642 0.008642 0.000000 -10018.739275
2.000000 12.000000 2.000000 1.000000 2148.130242 0.003314 0.008014 0.008014 0.000000 -10708.645857
2.000000 13.000000 2.000000 1.000000 2005.531748 0.003093 0.007476 0.007476 0.000000 -11045.276751
2.000000 14.000000 2.000000 1.000000 1988.201590 0.003066 0.007410 0.007410 0.000000 -11359.668614
2.000000 15.000000 2.000000 1.000000 2444.063130 0.003774 0.009134 0.009134 0.000000 -4370.347722
2.000000 16.000000 2.000000 1.000000 4529.836395 0.007030 0.017144 0.010446 0.000000 0.000000
2.000000 17.000000 2.000000 1.000000 7146.308987 0.011164 0.027484 0.011164 3237.795419 0.000000
2.000000 18.000000 2.000000 1.000000 9370.453244 0.014721 0.036541 0.014721 13600.111091 0.000000
2.000000 19.000000 2.000000 1.000000 145250.899546 0.347419 3.824317 0.000000 0.000000 0.000000
2.000000 20.000000 2.000000 1.000000 113761.332463 0.242711 1.283884 0.000000 0.000000 0.000000
2.000000 21.000000 2.000000 1.000000 11083.189321 0.017487 0.043689 0.000000 0.000000 -0.000000
2.000000 22.000000 2.000000 1.000000 6390.611372 0.009965 0.024464 0.000000 0.000000 -0.000000
2.000000 23.000000 2.000000 1.000000 5166.941978 0.008032 0.019632 0.000000 0.000000 0.000000
2.000000 24.000000 2.000000 1.000000 4408.147689 0.006839 0.016671 0.000000 0.000000 0.000000
2.000000 1.000000 3.000000 1.000000 3880.298836 0.006013 0.014628 0.000000 0.000000 0.000000
2.000000 2.000000 3.000000 1.000000 3452.781441 0.005344 0.012983 0.000000 0.000000 0.000000
2.000000 3.000000 3.000000 1.000000 3103.403678 0.004799 0.011644 0.000000 0.000000 0.000000
2.000000 4.000000 3.000000 1.000000 2820.393688 0.004359 0.010565 0.000000 0.000000 -0.000000
2.000000 5.000000 3.000000 1.000000 2596.820976 0.004011 0.009714 0.000000 0.000000 -0.000000
2.000000 6.000000 3.000000 1.000000 2394.673246 0.003697 0.008947 0.000000 0.000000 -0.000000
2.000000 7.000000 3.000000 1.000000 2255.614672 0.003481 0.008420 0.000000 0.000000 -0.000000
2.000000 8.000000 3.000000 1.000000 4297.844749 0.006666 0.016243 0.000000 0.000000 0.000000
2.000000 9.000000 3.000000 1.000000 6008.227613 0.009359 0.022946 0.000000 0.000000 0.000000
2.000000 10.000000 3.000000 1.000000 8209.825143 0.012860 0.031784 0.000000 0.000000 0.000000
2.000000 11.000000 3.000000 1.000000 10782.537936 0.017000 0.042423 0.000000 0.000000 0.000000
2.000000 12.000000 3.000000 1.000000 12510.971894 0.019812 0.049767 0.000000 0.000000 0.000000
2.000000 13.000000 3.000000 1.000000 14326.883838 0.022793 0.057661 0.000000 0.000000 0.000000
2.000000 14.000000 3.000000 1.000000 15005.348725 0.023914 0.060657 0.000000 0.000000 0.000000
2.000000 15.000000 3.000000 1.000000 30965.139850 0.051452 0.139659 0.000000 0.000000 0.000000
2.000000 16.000000 3.000000 1.000000 88143.564321 0.172865 0.679107 0.000000 0.000000 0.000000
2.000000 17.000000 3.000000 1.000000 195861.396931 0.581678 -4.514341 0.000000 0.000000 -0.000000
2.000000 18.000000 3.000000 1.000000 330421.530126 2.744743 -1.272217 0.000000 0.000000 -0.000000
2.000000 19.000000 3.000000 1.000000 266354.822056 1.192360 -1.699559 -0.000000 0.000000 -0.000000
2.000000 20.000000 3.000000 1.000000 149603.878341 0.363923 4.828656 0.000000 0.000000 0.000000
2.000000 21.000000 3.000000 1.000000 14780.741242 0.023542 0.059662 0.000000 0.000000 -0.000000
2.000000 22.000000 3.000000 1.000000 8284.268763 0.012979 0.032087 0.000000 0.000000 -0.000000
2.000000 23.000000 3.000000 1.000000 6496.948819 0.010133 0.024887 0.000000 0.000000 0.000000
2.000000 24.000000 3.000000 1.000000 5451.641983 0.008481 0.020749 0.000000 0.000000 0.000000
2.000000 1.000000 4.000000 1.000000 4687.141192 0.007277 0.017757 0.000000 0.000000 0.000000
2.000000 2.000000 4.000000 1.000000 4104.588681 0.006364 0.015495 0.000000 0.000000 0.000000
2.000000 3.000000 4.000000 1.000000 3661.430003 0.005670 0.013785 0.000000 0.000000 0.000000
2.000000 4.000000 4.000000 1.000000 3291.512915 0.005093 0.012364 0.000000 0.000000 0.000000
2.000000 5.000000 4.000000 1.000000 3001.679383 0.004641 0.011256 0.000000 0.000000 0.000000
2.000000 6.000000 4.000000 1.000000 2742.823487 0.004238 0.010269 0.000000 0.000000 -0.000000
2.000000 7.000000 4.000000 1.000000 2576.933738 0.003980 0.009638 0.000000 0.000000 -0.000000
2.000000 8.000000 4.000000 1.000000 4859.317545 0.007548 0.018428 0.000000 0.000000 0.000000
2.000000 9.000000 4.000000 1.000000 6702.525771 0.010459 0.025707 0.000000 0.000000 0.000000
2.000000 10.000000 4.000000 1.000000 9084.952219 0.014262 0.035364 0.000000 0.000000 0.000000
2.000000 11.000000 4.000000 1.000000 11720.917774 0.018523 0.046390 0.000000 0.000000 0.000000
2.000000 12.000000 4.000000 1.000000 13355.420992 0.021195 0.053415 0.000000 0.000000 0.000000
2.000000 13.000000 4.000000 1.000000 15109.205547 0.024085 0.061118 0.000000 0.000000 0.000000
2.000000 14.000000 4.000000 1.000000 15701.597083 0.025068 0.063760 0.000000 0.000000 0.000000
2.000000 15.000000 4.000000 1.000000 31960.849358 0.053248 0.145198 0.000000 0.000000 0.000000
2.000000 16.000000 4.000000 1.000000 90382.382368 0.178516 0.716218 0.000000 0.000000 0.000000
2.000000 17.000000 4.000000 1.000000 200120.104403 0.606661 -3.983815 0.000000 0.000000 -0.000000
2.000000 18.000000 4.000000 1.000000 336637.444329 3.049530 -1.248125 0.000000 0.000000 -0.000000
2.000000 19.000000 4.000000 1.000000 269506.589165 1.234472 -1.665810 -0.000000 0.000000 -0.000000
2.000000 20.000000 4.000000 1.000000 150890.382772 0.368908 5.218561 0.000000 0.000000 0.000000
2.000000 21.000000 4.000000 1.000000 14930.185914 0.023789 0.060324 0.000000 0.000000 -0.000000
2.000000 22.000000 4.000000 1.000000 8383.926149 0.013138 0.032493 0.000000 0.000000 -0.000000
2.000000 23.000000 4.000000 1.000000 6592.123353 0.010284 0.025266 0.000000 0.000000 0.000000
2.000000 24.000000 4.000000 1.000000 5549.949631 0.008636 0.021136 0.000000 0.000000 0.000000
2.000000 1.000000 5.000000 1.000000 4783.136781 0.007428 0.018131 0.000000 0.000000 0.000000
2.000000 2.000000 5.000000 1.000000 4198.765714 0.006511 0.015859 0.000000 0.000000 0.000000
2.000000 3.000000 5.000000 1.000000 3741.078959 0.005795 0.014091 0.000000 0.000000 0.000000
2.000000 4.000000 5.000000 1.000000 3369.660527 0.005215 0.012664 0.000000 0.000000 0.000000
2.000000 5.000000 5.000000 1.000000 3074.571976 0.004755 0.011534 0.000000 0.000000 0.000000
2.000000 6.000000 5.000000 1.000000 2827.708971 0.004370 0.010592 0.000000 0.000000 -0.000000
2.000000 7.000000 5.000000 1.000000 2651.461357 0.004096 0.009922 0.000000 0.000000 -0.000000
2.000000 8.000000 5.000000 1.000000 2989.134976 0.004621 0.011208 0.010144 0.000000 0.000000
2.000000 9.000000 5.000000 1.000000 3107.317445 0.004806 0.011659 0.010755 0.000000 0.000000
2.000000 10.000000 5.000000 1.000000 2617.216142 0.004043 0.009791 0.009791 0.000000 -3543.666112
2.000000 11.000000 5.000000 1.000000 2265.532647 0.003496 0.008458 0.008458 0.000000 -8223.859908
2.000000 12.000000 5.000000 1.000000 2122.707129 0.003275 0.007918 0.007918 0.000000 -8872.357398
2.000000 13.000000 5.000000 1.000000 1985.023053 0.003061 0.007398 0.007398 0.000000 -8455.268670
2.000000 14.000000 5.000000 1.000000 1973.902100 0.003044 0.007356 0.007356 0.000000 -10033.429853
2.000000 15.000000 5.000000 1.000000 2386.244362 0.003684 0.008915 0.008915 0.000000 -3754.332808
2.000000 16.000000 5.000000 1.000000 4389.214877 0.006810 0.016598 0.008604 0.000000 0.000000
2.000000 17.000000 5.000000 1.000000 6897.953004 0.010769 0.026488 0.010769 2949.748084 0.000000
2.000000 18.000000 5.000000 1.000000 8975.368200 0.014086 0.034914 0.014086 12252.017330 0.000000
2.000000 19.000000 5.000000 1.000000 141535.605613 0.333764 3.220084 0.000000 0.000000 0.000000
2.000000 20.000000 5.000000 1.000000 110364.527652 0.232752 1.173238 0.000000 0.000000 0.000000
2.000000 21.000000 5.000000 1.000000 10707.943311 0.016879 0.042110 0.000000 0.000000 -0.000000
2.000000 22.000000 5.000000 1.000000 6133.877156 0.009558 0.023444 0.000000 0.000000 -0.000000
2.000000 23.000000 5.000000 1.000000 4934.198037 0.007666 0.018721 0.000000 0.000000 0.000000
2.000000 24.000000 5.000000 1.000000 4210.071720 0.006529 0.015903 0.000000 0.000000 0.000000
2.000000 1.000000 6.000000 1.000000 3700.093873 0.005731 0.013933 0.000000 0.000000 0.000000
2.000000 2.000000 6.000000 1.000000 3331.090924 0.005154 0.012516 0.000000 0.000000 0.000000
2.000000 3.000000 6.000000 1.000000 3018.591682 0.004667 0.011320 0.000000 0.000000 0.000000
2.000000 4.000000 6.000000 1.000000 2765.941933 0.004274 0.010357 0.000000 0.000000 0.000000
2.000000 5.000000 6.000000 1.000000 2580.394507 0.003985 0.009652 0.000000 0.000000 -0.000000
2.000000 6.000000 6.000000 1.000000 2420.911945 0.003738 0.009046 0.000000 0.000000 -0.000000
2.000000 7.000000 6.000000 1.000000 2313.125710 0.003570 0.008638 0.000000 0.000000 -0.000000
2.000000 8.000000 6.000000 1.000000 2810.254267 0.004343 0.010526 0.010193 0.000000 0.000000
2.000000 9.000000 6.000000 1.000000 3283.996726 0.005081 0.012335 0.011207 0.000000 0.000000
2.000000 10.000000 6.000000 1.000000 2775.445796 0.004289 0.010393 0.010393 0.000000 -3039.459188
2.000000 11.000000 6.000000 1.000000 2389.003063 0.003688 0.008925 0.008925 0.000000 -7918.147845
2.000000 12.000000 6.000000 1.000000 2197.609689 0.003391 0.008201 0.008201 0.000000 -10966.927358
2.000000 13.000000 6.000000 1.000000 2024.495488 0.003123 0.007547 0.007547 0.000000 -9405.660861
2.000000 14.000000 6.000000 1.000000 2005.118465 0.003092 0.007474 0.007474 0.000000 -10353.386229
2.000000 15.000000 6.000000 1.000000 2412.810364 0.003725 0.009016 0.009016 0.000000 -2296.000625
2.000000 16.000000 6.000000 1.000000 4427.166719 0.006869 0.016745 0.010354 0.000000 0.000000
2.000000 17.000000 6.000000 1.000000 6949.561614 0.010851 0.026695 0.010851 1077.946419 0.000000
2.000000 18.000000 6.000000 1.000000 9156.225751 0.014377 0.035658 0.014377 11874.963870 0.000000
2.000000 19.000000 6.000000 1.000000 142612.986021 0.337684 3.377703 0.000000 0.000000 0.000000
2.000000 20.000000 6.000000 1.000000 111320.001563 0.235530 1.203041 0.000000 0.000000 0.000000
2.000000 21.000000 6.000000 1.000000 10780.264895 0.016996 0.042413 0.000000 0.000000 -0.000000
2.000000 22.000000 6.000000 1.000000 6172.589335 0.009619 0.023597 0.000000 0.000000 -0.000000
2.000000 23.000000 6.000000 1.000000 4905.594657 0.007621 0.018609 0.000000 0.000000 0.000000
2.000000 24.000000 6.000000 1.000000 4222.647944 0.006549 0.015952 0.000000 0.000000 0.000000
2.000000 1.000000 7.000000 1.000000 3718.086482 0.005759 0.014003 0.000000 0.000000 0.000000
2.000000 2.000000 7.000000 1.000000 3355.464947 0.005193 0.012609 0.000000 0.000000 0.000000
2.000000 3.000000 7.000000 1.000000 3064.303691 0.004739 0.011495 0.000000 0.000000 0.000000
2.000000 4.000000 7.000000 1.000000 2836.244121 0.004383 0.010625 0.000000 0.000000 -0.000000
2.000000 5.000000 7.000000 1.000000 2654.718731 0.004101 0.009934 0.000000 0.000000 -0.000000
2.000000 6.000000 7.000000 1.000000 2497.905934 0.003857 0.009338 0.000000 0.000000 -0.000000
2.000000 7.000000 7.000000 1.000000 2394.809595 0.003697 0.008947 0.000000 0.000000 -0.000000
2.000000 8.000000 7.000000 1.000000 2883.207142 0.004456 0.010804 0.010279 0.000000 0.000000
2.000000 9.000000 7.000000 1.000000 3279.171219 0.005073 0.012317 0.011470 0.000000 0.000000
2.000000 10.000000 7.000000 1.000000 2742.519636 0.004238 0.010268 0.010268 0.000000 -5580.792363
2.000000 11.000000 7.000000 1.000000 2341.384193 0.003614 0.008745 0.008745 0.000000 -13204.069497
2.000000 12.000000 7.000000 1.000000 2178.541138 0.003361 0.008129 0.008129 0.000000 -13718.016317
2.000000 13.000000 7.000000 1.000000 2028.480247 0.003129 0.007562 0.007562 0.000000 -17180.332939
2.000000 14.000000 7.000000 1.000000 2005.355233 0.003093 0.007475 0.007475 0.000000 -10499.343631
2.000000 15.000000 7.000000 1.000000 2425.731420 0.003745 0.009065 0.009065 0.000000 -10029.281005
2.000000 16.000000 7.000000 1.000000 4457.006386 0.006916 0.016861 0.011964 0.000000 0.000000
2.000000 17.000000 7.000000 1.000000 7007.172060 0.010943 0.026926 0.010943 1606.570369 0.000000
2.000000 18.000000 7.000000 1.000000 9148.033801 0.014363 0.035624 0.014363 11518.118502 0.000000
2.000000 19.000000 7.000000 1.000000 143410.375786 0.340606 3.502948 0.000000 0.000000 0.000000
2.000000 20.000000 7.000000 1.000000 112541.901621 0.239109 1.242628 0.000000 0.000000 0.000000
2.000000 21.000000 7.000000 1.000000 11071.401067 0.017468 0.043639 0.000000 0.000000 -0.000000
2.000000 22.000000 7.000000 1.000000 6383.763691 0.009954 0.024436 0.000000 0.000000 -0.000000
2.000000 23.000000 7.000000 1.000000 5124.419247 0.007965 0.019465 0.000000 0.000000 0.000000
2.000000 24.000000 7.000000 1.000000 4388.246331 0.006808 0.016594 0.000000 0.000000 0.000000
2.000000 1.000000 1.000000 1.000000 3878.464255 0.006010 0.014621 0.000000 0.000000 0.000000
2.000000 2.000000 1.000000 1.000000 3502.968119 0.005423 0.013175 0.000000 0.000000 0.000000
2.000000 3.000000 1.000000 1.000000 3202.650197 0.004954 0.012024 0.000000 0.000000 0.000000
2.000000 4.000000 1.000000 1.000000 2949.260647 0.004559 0.011056 0.000000 0.000000 -0.000000
2.000000 5.000000 1.000000 1.000000 2736.883369 0.004229 0.010247 0.000000 0.000000 -0.000000
2.000000 6.000000 1.000000 1.000000 2553.196205 0.003943 0.009548 0.000000 0.000000 -0.000000
2.000000 7.000000 1.000000 1.000000 2440.265272 0.003768 0.009120 0.000000 0.000000 -0.000000
2.000000 8.000000 1.000000 1.000000 2948.776239 0.004559 0.011054 0.010316 0.000000 0.000000
2.000000 9.000000 1.000000 1.000000 3192.048938 0.004938 0.011983 0.011317 0.000000 0.000000
2.000000 10.000000 1.000000 1.000000 2689.575247 0.004155 0.010067 0.010067 0.000000 -7789.495607
2.000000 11.000000 1.000000 1.000000 2301.039520 0.003551 0.008592 0.008592 0.000000 -13732.152767
2.000000 12.000000 1.000000 1.000000 2149.699670 0.003317 0.008020 0.008020 0.000000 -13848.837038
2.000000 13.000000 1.000000 1.000000 1995.853350 0.003078 0.007439 0.007439 0.000000 -12546.806347
2.000000 14.000000 1.000000 1.000000 1981.759738 0.003056 0.007386 0.007386 0.000000 -12078.392973
2.000000 15.000000 1.000000 1.000000 2455.564773 0.003791 0.009178 0.009178 0.000000 -7557.113966
2.000000 16.000000 1.000000 1.000000 4503.416811 0.006989 0.017041 0.011645 0.000000 0.000000
2.000000 17.000000 1.000000 1.000000 7078.461179 0.011056 0.027212 0.011056 3149.145247 0.000000
2.000000 18.000000 1.000000 1.000000 9200.476187 0.014448 0.035840 0.014448 13589.369137 0.000000
2.000000 19.000000 1.000000 1.000000 144016.929114 0.342841 3.603599 0.000000 0.000000 0.000000
2.000000 20.000000 1.000000 1.000000 112774.908875 0.239795 1.250372 0.000000 0.000000 0.000000
2.000000 21.000000 1.000000 1.000000 11083.301969 0.017487 0.043689 0.000000 0.000000 -0.000000
2.000000 22.000000 1.000000 1.000000 6352.288352 0.009904 0.024311 0.000000 0.000000 -0.000000
2.000000 23.000000 1.000000 1.000000 5103.398925 0.007932 0.019383 0.000000 0.000000 0.000000
2.000000 24.000000 1.000000 1.000000 4370.770654 0.006781 0.016526 0.000000 0.000000 0.000000
2.000000 1.000000 2.000000 1.000000 3854.370183 0.005972 0.014528 0.000000 0.000000 0.000000
2.000000 2.000000 2.000000 1.000000 3453.797588 0.005346 0.012987 0.000000 0.000000 0.000000
2.000000 3.000000 2.000000 1.000000 3140.804329 0.004858 0.011787 0.000000 0.000000 0.000000
2.000000 4.000000 2.000000 1.000000 2878.876430 0.004450 0.010787 0.000000 0.000000 0.000000
2.000000 5.000000 2.000000 1.000000 2686.793959 0.004151 0.010056 0.000000 0.000000 -0.000000
2.000000 6.000000 2.000000 1.000000 2512.580137 0.003880 0.009394 0.000000 0.000000 -0.000000
2.000000 7.000000 2.000000 1.000000 2421.533339 0.003739 0.009049 0.000000 0.000000 -0.000000
2.000000 8.000000 2.000000 1.000000 2955.582633 0.004569 0.011080 0.010704 0.000000 0.000000
2.000000 9.000000 2.000000 1.000000 3196.800568 0.004945 0.012002 0.011363 0.000000 0.000000
2.000000 10.000000 2.000000 1.000000 2689.635975 0.004155 0.010067 0.010067 0.000000 -7528.269059
2.000000 11.000000 2.000000 1.000000 2320.068218 0.003581 0.008664 0.008664 0.000000 -12124.838362
2.000000 12.000000 2.000000 1.000000 2140.739752 0.003303 0.007986 0.007986 0.000000 -13740.248484
2.000000 13.000000 2.000000 1.000000 1976.945702 0.003049 0.007368 0.007368 0.000000 -12586.632306
2.000000 14.000000 2.000000 1.000000 1950.735553 0.003008 0.007269 0.007269 0.000000 -13387.619663
2.000000 15.000000 2.000000 1.000000 2561.172631 0.003956 0.009579 0.009579 0.000000 -6486.947765
2.000000 16.000000 2.000000 1.000000 4736.944629 0.007356 0.017951 0.011652 0.000000 0.000000
2.000000 17.000000 2.000000 1.000000 7424.541192 0.011607 0.028604 0.011607 2370.055920 0.000000
2.000000 18.000000 2.000000 1.000000 9847.377954 0.015489 0.038516 0.015489 14353.918988 0.000000
2.000000 19.000000 2.000000 1.000000 150339.539874 0.366767 5.044989 0.000000 0.000000 0.000000
2.000000 20.000000 2.000000 1.000000 118003.218423 0.255478 1.442804 0.000000 0.000000 0.000000
2.000000 21.000000 2.000000 1.000000 11759.059250 0.018585 0.046552 0.000000 0.000000 -0.000000
2.000000 22.000000 2.000000 1.000000 6821.902125 0.010649 0.026184 0.000000 0.000000 -0.000000
2.000000 23.000000 2.000000 1.000000 5572.667723 0.008671 0.021226 0.000000 0.000000 0.000000
2.000000 24.000000 2.000000 1.000000 4819.930305 0.007486 0.018274 0.000000 0.000000 0.000000
2.000000 1.000000 3.000000 1.000000 4279.766997 0.006638 0.016173 0.000000 0.000000 0.000000
2.000000 2.000000 3.000000 1.000000 3863.207691 0.005986 0.014562 0.000000 0.000000 0.000000
2.000000 3.000000 3.000000 1.000000 3541.756980 0.005483 0.013324 0.000000 0.000000 0.000000
2.000000 4.000000 3.000000 1.000000 3275.171154 0.005067 0.012302 0.000000 0.000000 0.000000
2.000000 5.000000 3.000000 1.000000 3043.159300 0.004706 0.011414 0.000000 0.000000 -0.000000
2.000000 6.000000 3.000000 1.000000 2858.275270 0.004418 0.010709 0.000000 0.000000 -0.000000
2.000000 7.000000 3.000000 1.000000 2745.821386 0.004243 0.010281 0.000000 0.000000 -0.000000
2.000000 8.000000 3.000000 1.000000 5100.079876 0.007927 0.019370 0.000000 0.000000 0.000000
2.000000 9.000000 3.000000 1.000000 6701.012802 0.010457 0.025701 0.000000 0.000000 0.000000
2.000000 10.000000 3.000000 1.000000 9158.864683 0.014381 0.035668 0.000000 0.000000 0.000000
2.000000 11.000000 3.000000 1.000000 11999.047696 0.018976 0.047575 0.000000 0.000000 0.000000
2.000000 12.000000 3.000000 1.000000 13799.188171 0.021924 0.055348 0.000000 0.000000 0.000000
2.000000 13.000000 3.000000 1.000000 15618.586840 0.024930 0.063389 0.000000 0.000000 0.000000
2.000000 14.000000 3.000000 1.000000 16178.123992 0.025860 0.065900 0.000000 0.000000 0.000000
2.000000 15.000000 3.000000 1.000000 32737.512543 0.054656 0.149575 0.000000 0.000000 0.000000
2.000000 16.000000 3.000000 1.000000 91767.349799 0.182052 0.740255 0.000000 0.000000 0.000000
2.000000 17.000000 3.000000 1.000000 200763.802274 0.610528 -3.915954 0.000000 0.000000 -0.000000
2.000000 18.000000 3.000000 1.000000 334791.637811 2.953414 -1.255091 0.000000 0.000000 -0.000000
2.000000 19.000000 3.000000 1.000000 268914.070823 1.226406 -1.671992 -0.000000 0.000000 -0.000000
2.000000 20.000000 3.000000 1.000000 149439.759880 0.363290 4.782628 0.000000 0.000000 0.000000
2.000000 21.000000 3.000000 1.000000 14693.892594 0.023399 0.059278 0.000000 0.000000 -0.000000
2.000000 22.000000 3.000000 1.000000 8186.452367 0.012822 0.031688 0.000000 0.000000 -0.000000
2.000000 23.000000 3.000000 1.000000 6296.973279 0.009816 0.024091 0.000000 0.000000 0.000000
2.000000 24.000000 3.000000 1.000000 5294.797992 0.008233 0.020133 0.000000 0.000000 0.000000
2.000000 1.000000 4.000000 1.000000 4615.495180 0.007165 0.017477 0.000000 0.000000 0.000000
2.000000 2.000000 4.000000 1.000000 4098.706900 0.006354 0.015472 0.000000 0.000000 0.000000
2.000000 3.000000 4.000000 1.000000 3719.985502 0.005762 0.014010 0.000000 0.000000 0.000000
2.000000 4.000000 4.000000 1.000000 3405.710312 0.005271 0.012802 0.000000 0.000000 0.000000
2.000000 5.000000 4.000000 1.000000 3165.590001 0.004896 0.011882 0.000000 0.000000 0.000000
2.000000 6.000000 4.000000 1.000000 2937.074024 0.004540 0.011009 0.000000 0.000000 0.000000
2.000000 7.000000 4.000000 1.000000 2777.059632 0.004291 0.010399 0.000000 0.000000 -0.000000
2.000000 8.000000 4.000000 1.000000 5128.423777 0.007971 0.019481 0.000000 0.000000 0.000000
2.000000 9.000000 4.000000 1.000000 6913.974205 0.010795 0.026553 0.000000 0.000000 0.000000
2.000000 10.000000 4.000000 1.000000 9083.836734 0.014260 0.035360 0.000000 0.000000 0.000000
2.000000 11.000000 4.000000 1.000000 11684.045972 0.018463 0.046233 0.000000 0.000000 0.000000
2.000000 12.000000 4.000000 1.000000 13378.116768 0.021232 0.053514 0.000000 0.000000 0.000000
2.000000 13.000000 4.000000 1.000000 15154.425672 0.024160 0.061319 0.000000 0.000000 0.000000
2.000000 14.000000 4.000000 1.000000 15797.534167 0.025227 0.064190 0.000000 0.000000 0.000000
2.000000 15.000000 4.000000 1.000000 32046.887255 0.053404 0.145680 0.000000 0.000000 0.000000
2.000000 16.000000 4.000000 1.000000 90112.766575 0.177831 0.711637 0.000000 0.000000 0.000000
2.000000 17.000000 4.000000 1.000000 200010.521840 0.606005 -3.995647 0.000000 0.000000 -0.000000
2.000000 18.000000 4.000000 1.000000 336574.147257 3.046148 -1.248361 0.000000 0.000000 -0.000000
2.000000 19.000000 4.000000 1.000000 268923.125620 1.226529 -1.671897 -0.000000 0.000000 -0.000000
2.000000 20.000000 4.000000 1.000000 150025.712004 0.365552 4.950638 0.000000 0.000000 0.000000
2.000000 21.000000 4.000000 1.000000 14789.402741 0.023556 0.059701 0.000000 0.000000 -0.000000
2.000000 22.000000 4.000000 1.000000 8333.244563 0.013057 0.032286 0.000000 0.000000 -0.000000
2.000000 23.000000 4.000000 1.000000 6566.158534 0.010243 0.025163 0.000000 0.000000 0.000000
2.000000 24.000000 4.000000 1.000000 5564.033423 0.008658 0.021192 0.000000 0.000000 0.000000
2.000000 1.000000 5.000000 1.000000 4873.384085 0.007570 0.018483 0.000000 0.000000 0.000000
2.000000 2.000000 5.000000 1.000000 4338.019530 0.006729 0.016399 0.000000 0.000000 0.000000
2.000000 3.000000 5.000000 1.000000 3877.818123 0.006009 0.014618 0.000000 0.000000 0.000000
2.000000 4.000000 5.000000 1.000000 3519.691263 0.005449 0.013240 0.000000 0.000000 0.000000
2.000000 5.000000 5.000000 1.000000 3236.463705 0.005007 0.012153 0.000000 0.000000 0.000000
2.000000 6.000000 5.000000 1.000000 2994.843532 0.004630 0.011230 0.000000 0.000000 0.000000
2.000000 7.000000 5.000000 1.000000 2804.119674 0.004333 0.010503 0.000000 0.000000 -0.000000
2.000000 8.000000 5.000000 1.000000 3124.762725 0.004833 0.011726 0.010556 0.000000 0.000000
2.000000 9.000000 5.000000 1.000000 3038.370287 0.004698 0.011396 0.010277 0.000000 0.000000
2.000000 10.000000 5.000000 1.000000 2598.646946 0.004014 0.009721 0.009721 0.000000 -7159.411991
2.000000 11.000000 5.000000 1.000000 2228.239965 0.003439 0.008317 0.008317 0.000000 -14015.518332
2.000000 12.000000 5.000000 1.000000 2068.533750 0.003191 0.007713 0.007713 0.000000 -14204.663250
2.000000 13.000000 5.000000 1.000000 1917.079156 0.002956 0.007142 0.007142 0.000000 -13780.939739
2.000000 14.000000 5.000000 1.000000 1900.641587 0.002931 0.007080 0.007080 0.000000 -13198.933073
2.000000 15.000000 5.000000 1.000000 2552.847735 0.003943 0.009547 0.009547 0.000000 -5741.134844
2.000000 16.000000 5.000000 1.000000 4688.892437 0.007280 0.017763 0.011186 0.000000 0.000000
2.000000 17.000000 5.000000 1.000000 7325.945709 0.011450 0.028207 0.012474 0.000000 0.000000
2.000000 18.000000 5.000000 1.000000 9629.547500 0.015138 0.037612 0.015138 10879.898241 0.000000
2.000000 19.000000 5.000000 1.000000 149412.483190 0.363185 4.775054 0.000000 0.000000 0.000000
2.000000 20.000000 5.000000 1.000000 117483.941053 0.253895 1.421940 0.000000 0.000000 0.000000
2.000000 21.000000 5.000000 1.000000 11725.799057 0.018531 0.046411 0.000000 0.000000 -0.000000
2.000000 22.000000 5.000000 1.000000 6810.649524 0.010631 0.026139 0.000000 0.000000 -0.000000
2.000000 23.000000 5.000000 1.000000 5518.948030 0.008587 0.021014 0.000000 0.000000 0.000000
2.000000 24.000000 5.000000 1.000000 4731.149261 0.007346 0.017928 0.000000 0.000000 0.000000
2.000000 1.000000 6.000000 1.000000 4178.844091 0.006480 0.015782 0.000000 0.000000 0.000000
2.000000 2.000000 6.000000 1.000000 3769.815589 0.005840 0.014202 0.000000 0.000000 0.000000
2.000000 3.000000 6.000000 1.000000 3429.814377 0.005309 0.012895 0.000000 0.000000 0.000000
2.000000 4.000000 6.000000 1.000000 3144.267690 0.004863 0.011801 0.000000 0.000000 0.000000
2.000000 5.000000 6.000000 1.000000 2899.336525 0.004482 0.010865 0.000000 0.000000 -0.000000
2.000000 6.000000 6.000000 1.000000 2690.345642 0.004156 0.010069 0.000000 0.000000 -0.000000
2.000000 7.000000 6.000000 1.000000 2519.204432 0.003890 0.009419 0.000000 0.000000 -0.000000
2.000000 8.000000 6.000000 1.000000 2948.240744 0.004558 0.011052 0.009730 0.000000 0.000000
2.000000 9.000000 6.000000 1.000000 3198.434104 0.004948 0.012008 0.009868 0.000000 0.000000
2.000000 10.000000 6.000000 1.000000 2721.258326 0.004204 0.010187 0.010187 0.000000 -1665.419466
2.000000 11.000000 6.000000 1.000000 2299.826052 0.003550 0.008588 0.008588 0.000000 -9797.477900
2.000000 12.000000 6.000000 1.000000 2133.714098 0.003292 0.007959 0.007959 0.000000 -11483.528543
2.000000 13.000000 6.000000 1.000000 1976.608751 0.003048 0.007366 0.007366 0.000000 -10659.661723
2.000000 14.000000 6.000000 1.000000 1935.897055 0.002985 0.007213 0.007213 0.000000 -12421.857910
2.000000 15.000000 6.000000 1.000000 2571.177558 0.003971 0.009617 0.009617 0.000000 -7162.692722
2.000000 16.000000 6.000000 1.000000 4762.710532 0.007396 0.018051 0.011650 0.000000 0.000000
2.000000 17.000000 6.000000 1.000000 7520.580968 0.011760 0.028991 0.011760 480.033384 0.000000
2.000000 18.000000 6.000000 1.000000 9969.999281 0.015686 0.039025 0.015686 11190.727836 0.000000
2.000000 19.000000 6.000000 1.000000 151867.358119 0.372728 5.554062 0.000000 0.000000 0.000000
2.000000 20.000000 6.000000 1.000000 119379.750010 0.259703 1.500229 0.000000 0.000000 0.000000
2.000000 21.000000 6.000000 1.000000 11900.823652 0.018816 0.047156 0.000000 0.000000 -0.000000
2.000000 22.000000 6.000000 1.000000 6882.765602 0.010745 0.026428 0.000000 0.000000 -0.000000
2.000000 23.000000 6.000000 1.000000 5542.693938 0.008624 0.021108 0.000000 0.000000 0.000000
2.000000 24.000000 6.000000 1.000000 4740.827802 0.007362 0.017966 0.000000 0.000000 0.000000
2.000000 1.000000 7.000000 1.000000 4160.900677 0.006452 0.015713 0.000000 0.000000 0.000000
2.000000 2.000000 7.000000 1.000000 3727.515019 0.005774 0.014039 0.000000 0.000000 0.000000
2.000000 3.000000 7.000000 1.000000 3379.257482 0.005230 0.012701 0.000000 0.000000 0.000000
2.000000 4.000000 7.000000 1.000000 3084.755403 0.004770 0.011573 0.000000 0.000000 0.000000
2.000000 5.000000 7.000000 1.000000 2836.887174 0.004384 0.010627 0.000000 0.000000 -0.000000
2.000000 6.000000 7.000000 1.000000 2623.105966 0.004052 0.009814 0.000000 0.000000 -0.000000
2.000000 7.000000 7.000000 1.000000 2460.407051 0.003799 0.009196 0.000000 0.000000 -0.000000
2.000000 8.000000 7.000000 1.000000 2889.363161 0.004466 0.010827 0.009450 0.000000 0.000000
2.000000 9.000000 7.000000 1.000000 3226.342977 0.004991 0.012115 0.009585 0.000000 0.000000
2.000000 10.000000 7.000000 1.000000 2740.333741 0.004234 0.010260 0.010260 0.000000 -825.497215
2.000000 11.000000 7.000000 1.000000 2319.948474 0.003581 0.008664 0.008664 0.000000 -8857.249746
2.000000 12.000000 7.000000 1.000000 2146.534048 0.003312 0.008008 0.008008 0.000000 -10176.048238
2.000000 13.000000 7.000000 1.000000 1993.616704 0.003075 0.007431 0.007431 0.000000 -8956.344031
2.000000 14.000000 7.000000 1.000000 1958.553967 0.003020 0.007298 0.007298 0.000000 -11087.280119
2.000000 15.000000 7.000000 1.000000 2551.060853 0.003940 0.009540 0.009540 0.000000 -6162.175927
2.000000 16.000000 7.000000 1.000000 4733.508201 0.007350 0.017937 0.011696 0.000000 0.000000
2.000000 17.000000 7.000000 1.000000 7440.147931 0.011632 0.028666 0.011632 1083.032081 0.000000
2.000000 18.000000 7.000000 1.000000 9796.564525 0.015407 0.038305 0.015407 11735.656107 0.000000
2.000000 19.000000 7.000000 1.000000 149596.456255 0.363894 4.826557 0.000000 0.000000 0.000000
2.000000 20.000000 7.000000 1.000000 117369.845867 0.253548 1.417412 0.000000 0.000000 0.000000
2.000000 21.000000 7.000000 1.000000 11693.072582 0.018478 0.046272 0.000000 0.000000 -0.000000
2.000000 22.000000 7.000000 1.000000 6821.441016 0.010648 0.026182 0.000000 0.000000 -0.000000
2.000000 23.000000 7.000000 1.000000 5547.886450 0.008632 0.021128 0.000000 0.000000 0.000000
2.000000 24.000000 7.000000 1.000000 4785.722126 0.007432 0.018141 0.000000 0.000000 0.000000
2.000000 1.000000 1.000000 1.000000 4248.519123 0.006589 0.016052 0.000000 0.000000 0.000000
2.000000 2.000000 1.000000 1.000000 3816.865423 0.005913 0.014383 0.000000 0.000000 0.000000
2.000000 3.000000 1.000000 1.000000 3462.461893 0.005360 0.013020 0.000000 0.000000 0.000000
2.000000 4.000000 1.000000 1.000000 3142.233207 0.004860 0.011793 0.000000 0.000000 0.000000
2.000000 5.000000 1.000000 1.000000 2882.678086 0.004456 0.010802 0.000000 0.000000 -0.000000
2.000000 6.000000 1.000000 1.000000 2668.010798 0.004122 0.009985 0.000000 0.000000 -0.000000
2.000000 7.000000 1.000000 1.000000 2534.806876 0.003915 0.009478 0.000000 0.000000 -0.000000
2.000000 8.000000 1.000000 1.000000 3035.356430 0.004693 0.011384 0.010492 0.000000 0.000000
2.000000 9.000000 1.000000 1.000000 3125.389340 0.004834 0.011728 0.010844 0.000000 0.000000
2.000000 10.000000 1.000000 1.000000 2654.393261 0.004100 0.009933 0.009933 0.000000 -5507.531393
2.000000 11.000000 1.000000 1.000000 2260.963204 0.003489 0.008441 0.008441 0.000000 -12288.683134
2.000000 12.000000 1.000000 1.000000 2075.624829 0.003202 0.007740 0.007740 0.000000 -15394.525490
2.000000 13.000000 1.000000 1.000000 1914.795530 0.002953 0.007133 0.007133 0.000000 -14235.270991
2.000000 14.000000 1.000000 1.000000 1887.336578 0.002910 0.007030 0.007030 0.000000 -14376.856605
2.000000 15.000000 1.000000 1.000000 2669.834226 0.004124 0.009991 0.009991 0.000000 -6155.368779
2.000000 16.000000 1.000000 1.000000 4909.215422 0.007626 0.018623 0.012298 0.000000 0.000000
2.000000 17.000000 1.000000 1.000000 7692.856529 0.012034 0.029687 0.012034 1246.710311 0.000000
2.000000 18.000000 1.000000 1.000000 10076.608390 0.015859 0.039469 0.015859 13115.227003 0.000000
2.000000 19.000000 1.000000 1.000000 153004.030982 0.377210 5.996389 0.000000 0.000000 0.000000
2.000000 20.000000 1.000000 1.000000 120491.798706 0.263145 1.549007 0.000000 0.000000 0.000000
2.000000 21.000000 1.000000 1.000000 12050.412795 0.019060 0.047795 0.000000 0.000000 -0.000000
2.000000 22.000000 1.000000 1.000000 6967.796461 0.010880 0.026768 0.000000 0.000000 -0.000000
2.000000 23.000000 1.000000 1.000000 5614.685230 0.008738 0.021391 0.000000 0.000000 0.000000
2.000000 24.000000 1.000000 1.000000 4825.788740 0.007495 0.018297 0.000000 0.000000 0.000000
2.000000 1.000000 2.000000 1.000000 4250.745147 0.006593 0.016061 0.000000 0.000000 0.000000
2.000000 2.000000 2.000000 1.000000 3814.510004 0.005910 0.014374 0.000000 0.000000 0.000000
2.000000 3.000000 2.000000 1.000000 3460.381166 0.005356 0.013012 0.000000 0.000000 0.000000
2.000000 4.000000 2.000000 1.000000 3185.992920 0.004928 0.011960 0.000000 0.000000 0.000000
2.000000 5.000000 2.000000 1.000000 2955.588260 0.004569 0.011080 0.000000 0.000000 0.000000
2.000000 6.000000 2.000000 1.000000 2745.523162 0.004242 0.010279 0.000000 0.000000 -0.000000
2.000000 7.000000 2.000000 1.000000 2581.010767 0.003986 0.009654 0.000000 0.000000 -0.000000
2.000000 8.000000 2.000000 1.000000 3033.084218 0.004690 0.011376 0.010169 0.000000 0.000000
2.000000 9.000000 2.000000 1.000000 3122.721354 0.004830 0.011718 0.010937 0.000000 0.000000
2.000000 10.000000 2.000000 1.000000 2641.409241 0.004080 0.009883 0.009883 0.000000 -5050.732904
2.000000 11.000000 2.000000 1.000000 2259.628238 0.003487 0.008436 0.008436 0.000000 -12283.457847
2.000000 12.000000 2.000000 1.000000 2090.573962 0.003225 0.007797 0.007797 0.000000 -14307.763178
2.000000 13.000000 2.000000 1.000000 1928.649521 0.002974 0.007186 0.007186 0.000000 -15113.924495
2.000000 14.000000 2.000000 1.000000 1903.846586 0.002936 0.007092 0.007092 0.000000 -13116.890949
2.000000 15.000000 2.000000 1.000000 2602.332878 0.004020 0.009735 0.009735 0.000000 -7876.018072
2.000000 16.000000 2.000000 1.000000 4739.338312 0.007359 0.017960 0.011858 0.000000 0.000000
2.000000 17.000000 2.000000 1.000000 7435.125898 0.011624 0.028646 0.011624 58.865172 0.000000
2.000000 18.000000 2.000000 1.000000 9708.963068 0.015266 0.037941 0.015266 12032.684113 0.000000
2.000000 19.000000 2.000000 1.000000 149378.254144 0.363053 4.765579 0.000000 0.000000 0.000000
2.000000 20.000000 2.000000 1.000000 117569.547306 0.254155 1.425351 0.000000 0.000000 0.000000
2.000000 21.000000 2.000000 1.000000 11698.561934 0.018487 0.046295 0.000000 0.000000 -0.000000
2.000000 22.000000 2.000000 1.000000 6790.817410 0.010599 0.026060 0.000000 0.000000 -0.000000
2.000000 23.000000 2.000000 1.000000 5478.581511 0.008523 0.020855 0.000000 0.000000 0.000000
2.000000 24.000000 2.000000 1.000000 4703.816077 0.007304 0.017821 0.000000 0.000000 0.000000
2.000000 1.000000 3.000000 1.000000 4178.396264 0.006479 0.015780 0.000000 0.000000 0.000000
2.000000 2.000000 3.000000 1.000000 3753.128407 0.005814 0.014138 0.000000 0.000000 0.000000
2.000000 3.000000 3.000000 1.000000 3417.140713 0.005289 0.012846 0.000000 0.000000 0.000000
2.000000 4.000000 3.000000 1.000000 3139.878334 0.004856 0.011784 0.000000 0.000000 0.000000
2.000000 5.000000 3.000000 1.000000 2903.724292 0.004488 0.010882 0.000000 0.000000 0.000000
2.000000 6.000000 3.000000 1.000000 2695.509352 0.004164 0.010089 0.000000 0.000000 -0.000000
2.000000 7.000000 3.000000 1.000000 2533.355705 0.003912 0.009473 0.000000 0.000000 -0.000000
2.000000 8.000000 3.000000 1.000000 4724.736405 0.007336 0.017903 0.000000 0.000000 0.000000
2.000000 9.000000 3.000000 1.000000 6446.725849 0.010053 0.024687 0.000000 0.000000 0.000000
2.000000 10.000000 3.000000 1.000000 8744.677771 0.013716 0.033967 0.000000 0.000000 0.000000
2.000000 11.000000 3.000000 1.000000 11376.937555 0.017964 0.044930 0.000000 0.000000 0.000000
2.000000 12.000000 3.000000 1.000000 13159.408023 0.020873 0.052565 0.000000 0.000000 0.000000
2.000000 13.000000 3.000000 1.000000 15121.336324 0.024106 0.061172 0.000000 0.000000 0.000000
2.000000 14.000000 3.000000 1.000000 15862.386829 0.025335 0.064481 0.000000 0.000000 0.000000
2.000000 15.000000 3.000000 1.000000 32439.783896 0.054116 0.147891 0.000000 0.000000 0.000000
2.000000 16.000000 3.000000 1.000000 91373.609120 0.181044 0.733334 0.000000 0.000000 0.000000
2.000000 17.000000 3.000000 1.000000 202604.457983 0.621720 -3.736199 0.000000 0.000000 -0.000000
2.000000 18.000000 3.000000 1.000000 340937.054949 3.294797 -1.232479 0.000000 0.000000 -0.000000
2.000000 19.000000 3.000000 1.000000 273978.071145 1.297684 -1.621402 -0.000000 0.000000 -0.000000
2.000000 20.000000 3.000000 1.000000 154356.379008 0.382595 6.612864 0.000000 0.000000 0.000000
2.000000 21.000000 3.000000 1.000000 15631.459272 0.024951 0.063447 0.000000 0.000000 -0.000000
2.000000 22.000000 3.000000 1.000000 8888.121873 0.013946 0.034555 0.000000 0.000000 -0.000000
2.000000 23.000000 3.000000 1.000000 7012.526281 0.010951 0.026948 0.000000 0.000000 0.000000
2.000000 24.000000 3.000000 1.000000 5901.040934 0.009190 0.022522 0.000000 0.000000 0.000000
2.000000 1.000000 4.000000 1.000000 5079.562852 0.007894 0.019289 0.000000 0.000000 0.000000
2.000000 2.000000 4.000000 1.000000 4444.992045 0.006897 0.016814 0.000000 0.000000 0.000000
2.000000 3.000000 4.000000 1.000000 3950.282956 0.006122 0.014898 0.000000 0.000000 0.000000
2.000000 4.000000 4.000000 1.000000 3559.982609 0.005512 0.013394 0.000000 0.000000 0.000000
2.000000 5.000000 4.000000 1.000000 3239.888951 0.005012 0.012167 0.000000 0.000000 0.000000
2.000000 6.000000 4.000000 1.000000 2972.022681 0.004595 0.011143 0.000000 0.000000 0.000000
2.000000 7.000000 4.000000 1.000000 2796.107797 0.004321 0.010472 0.000000 0.000000 -0.000000
2.000000 8.000000 4.000000 1.000000 5208.728125 0.008098 0.019795 0.000000 0.000000 0.000000
2.000000 9.000000 4.000000 1.000000 7100.585857 0.011091 0.027301 0.000000 0.000000 0.000000
2.000000 10.000000 4.000000 1.000000 9476.284982 0.014891 0.036978 0.000000 0.000000 0.000000
2.000000 11.000000 4.000000 1.000000 12326.751152 0.019511 0.048977 0.000000 0.000000 0.000000
2.000000 12.000000 4.000000 1.000000 14045.900683 0.022330 0.056427 0.000000 0.000000 0.000000
2.000000 13.000000 4.000000 1.000000 15872.396987 0.025352 0.064526 0.000000 0.000000 0.000000
2.000000 14.000000 4.000000 1.000000 16473.106670 0.026352 0.067232 0.000000 0.000000 0.000000
2.000000 15.000000 4.000000 1.000000 33415.918095 0.055890 0.153439 0.000000 0.000000 0.000000
2.000000 16.000000 4.000000 1.000000 93578.335973 0.186723 0.773019 0.000000 0.000000 0.000000
2.000000 17.000000 4.000000 1.000000 206209.724005 0.644243 -3.435473 0.000000 0.000000 -0.000000
2.000000 18.000000 4.000000 1.000000 345966.372150 3.626798 -1.215142 0.000000 0.000000 -0.000000
2.000000 19.000000 4.000000 1.000000 279339.787948 1.379399 -1.572894 -0.000000 0.000000 -0.000000
2.000000 20.000000 4.000000 1.000000 157989.878036 0.397354 9.027892 0.000000 0.000000 0.000000
2.000000 21.000000 4.000000 1.000000 16083.791799 0.025703 0.065476 0.000000 0.000000 -0.000000
2.000000 22.000000 4.000000 1.000000 9146.186229 0.014360 0.035616 0.000000 0.000000 -0.000000
2.000000 23.000000 4.000000 1.000000 7258.384322 0.011342 0.027935 0.000000 0.000000 0.000000
2.000000 24.000000 4.000000 1.000000 6122.829042 0.009541 0.023400 0.000000 0.000000 0.000000
2.000000 1.000000 5.000000 1.000000 5294.122791 0.008232 0.020130 0.000000 0.000000 0.000000
2.000000 2.000000 5.000000 1.000000 4662.759909 0.007239 0.017662 0.000000 0.000000 0.000000
2.000000 3.000000 5.000000 1.000000 4170.598613 0.006467 0.015750 0.000000 0.000000 0.000000
2.000000 4.000000 5.000000 1.000000 3775.662873 0.005849 0.014225 0.000000 0.000000 0.000000
2.000000 5.000000 5.000000 1.000000 3437.091642 0.005320 0.012922 0.000000 0.000000 0.000000
2.000000 6.000000 5.000000 1.000000 3162.229053 0.004891 0.011869 0.000000 0.000000 0.000000
2.000000 7.000000 5.000000 1.000000 2992.669754 0.004627 0.011221 0.000000 0.000000 -0.000000
2.000000 8.000000 5.000000 1.000000 3287.105210 0.005086 0.012347 0.011237 0.000000 0.000000
2.000000 9.000000 5.000000 1.000000 2862.913433 0.004425 0.010727 0.010727 0.000000 -2859.062739
2.000000 10.000000 5.000000 1.000000 2421.355671 0.003738 0.009048 0.009048 0.000000 -10454.495494
2.000000 11.000000 5.000000 1.000000 2087.128153 0.003220 0.007784 0.007784 0.000000 -16186.993993
2.000000 12.000000 5.000000 1.000000 1954.713054 0.003014 0.007284 0.007284 0.000000 -15673.243406
2.000000 13.000000 5.000000 1.000000 1839.653568 0.002836 0.006850 0.006850 0.000000 -10707.540912
2.000000 14.000000 5.000000 1.000000 1843.645982 0.002842 0.006865 0.006865 0.000000 -13162.251494
2.000000 15.000000 5.000000 1.000000 2599.226185 0.004015 0.009723 0.009723 0.000000 -4133.947638
2.000000 16.000000 5.000000 1.000000 4740.065464 0.007360 0.017963 0.010102 0.000000 0.000000
2.000000 17.000000 5.000000 1.000000 7424.481087 0.011607 0.028603 0.013877 0.000000 0.000000
2.000000 18.000000 5.000000 1.000000 9631.192181 0.015140 0.037619 0.015140 13912.564006 0.000000
2.000000 19.000000 5.000000 1.000000 149089.902616 0.361945 4.687059 0.000000 0.000000 0.000000
2.000000 20.000000 5.000000 1.000000 117220.656911 0.253094 1.411522 0.000000 0.000000 0.000000
2.000000 21.000000 5.000000 1.000000 11715.898654 0.018515 0.046369 0.000000 0.000000 -0.000000
2.000000 22.000000 5.000000 1.000000 6787.957933 0.010595 0.026048 0.000000 0.000000 -0.000000
2.000000 23.000000 5.000000 1.000000 5476.320830 0.008519 0.020846 0.000000 0.000000 0.000000
2.000000 24.000000 5.000000 1.000000 4762.639979 0.007396 0.018051 0.000000 0.000000 0.000000
2.000000 1.000000 6.000000 1.000000 4219.018656 0.006543 0.015938 0.000000 0.000000 0.000000
2.000000 2.000000 6.000000 1.000000 3782.560243 0.005860 0.014251 0.000000 0.000000 0.000000
2.000000 3.000000 6.000000 1.000000 3444.220911 0.005331 0.012950 0.000000 0.000000 0.000000
2.000000 4.000000 6.000000 1.000000 3168.062674 0.004900 0.011892 0.000000 0.000000 0.000000
2.000000 5.000000 6.000000 1.000000 2934.373849 0.004536 0.010999 0.000000 0.000000 -0.000000
2.000000 6.000000 6.000000 1.000000 2742.364101 0.004237 0.010267 0.000000 0.000000 -0.000000
2.000000 7.000000 6.000000 1.000000 2595.370871 0.004009 0.009708 0.000000 0.000000 -0.000000
2.000000 8.000000 6.000000 1.000000 3062.579628 0.004736 0.011488 0.010750 0.000000 0.000000
2.000000 9.000000 6.000000 1.000000 3136.520423 0.004851 0.011771 0.011496 0.000000 0.000000
2.000000 10.000000 6.000000 1.000000 2675.077483 0.004133 0.010011 0.010011 0.000000 -6170.861137
2.000000 11.000000 6.000000 1.000000 2277.886773 0.003516 0.008505 0.008505 0.000000 -12504.015284
2.000000 12.000000 6.000000 1.000000 2143.961378 0.003308 0.007998 0.007998 0.000000 -9585.676939
2.000000 13.000000 6.000000 1.000000 2018.643518 0.003113 0.007525 0.007525 0.000000 -6526.307315
2.000000 14.000000 6.000000 1.000000 2003.084428 0.003089 0.007466 0.007466 0.000000 -10059.610205
2.000000 15.000000 6.000000 1.000000 2362.511035 0.003647 0.008825 0.008825 0.000000 -3326.977865
2.000000 16.000000 6.000000 1.000000 4375.474443 0.006788 0.016544 0.011236 0.000000 0.000000
2.000000 17.000000 6.000000 1.000000 6918.472378 0.010802 0.026571 0.017805 0.000000 0.000000
2.000000 18.000000 6.000000 1.000000 8939.345910 0.014028 0.034766 0.014028 15850.597751 0.000000
2.000000 19.000000 6.000000 1.000000 139651.172722 0.326984 2.972336 0.000000 0.000000 0.000000
2.000000 20.000000 6.000000 1.000000 109307.068992 0.229698 1.141369 0.000000 0.000000 0.000000
2.000000 21.000000 6.000000 1.000000 10761.408296 0.016966 0.042334 0.000000 0.000000 -0.000000
2.000000 22.000000 6.000000 1.000000 6168.435812 0.009613 0.023581 0.000000 0.000000 -0.000000
2.000000 23.000000 6.000000 1.000000 4945.380267 0.007683 0.018764 0.000000 0.000000 0.000000
2.000000 24.000000 6.000000 1.000000 4309.787296 0.006685 0.016290 0.000000 0.000000 0.000000
2.000000 1.000000 7.000000 1.000000 3800.906274 0.005888 0.014322 0.000000 0.000000 0.000000
2.000000 2.000000 7.000000 1.000000 3438.169798 0.005322 0.012927 0.000000 0.000000 0.000000
2.000000 3.000000 7.000000 1.000000 3163.904898 0.004894 0.011876 0.000000 0.000000 0.000000
2.000000 4.000000 7.000000 1.000000 2920.096253 0.004514 0.010945 0.000000 0.000000 0.000000
2.000000 5.000000 7.000000 1.000000 2727.901855 0.004215 0.010212 0.000000 0.000000 -0.000000
2.000000 6.000000 7.000000 1.000000 2562.073260 0.003957 0.009582 0.000000 0.000000 -0.000000
2.000000 7.000000 7.000000 1.000000 2442.828332 0.003772 0.009129 0.000000 0.000000 -0.000000
2.000000 8.000000 7.000000 1.000000 2929.228757 0.004528 0.010979 0.010705 0.000000 0.000000
2.000000 9.000000 7.000000 1.000000 3216.151728 0.004975 0.012076 0.011769 0.000000 0.000000
2.000000 10.000000 7.000000 1.000000 2693.932073 0.004162 0.010083 0.010083 0.000000 -9472.824590
2.000000 11.000000 7.000000 1.000000 2305.593295 0.003559 0.008609 0.008609 0.000000 -15143.393639
2.000000 12.000000 7.000000 1.000000 2141.200038 0.003303 0.007988 0.007988 0.000000 -15159.231056
2.000000 13.000000 7.000000 1.000000 1977.002838 0.003049 0.007368 0.007368 0.000000 -9691.710357
2.000000 14.000000 7.000000 1.000000 1948.781597 0.003005 0.007262 0.007262 0.000000 -12239.759015
2.000000 15.000000 7.000000 1.000000 2526.162214 0.003901 0.009446 0.009446 0.000000 -4739.445699
2.000000 16.000000 7.000000 1.000000 4631.442814 0.007190 0.017540 0.010386 0.000000 0.000000
2.000000 17.000000 7.000000 1.000000 7282.319304 0.011380 0.028031 0.011380 1622.932924 0.000000
2.000000 18.000000 7.000000 1.000000 9559.108639 0.015024 0.037321 0.015024 10691.531623 0.000000
2.000000 19.000000 7.000000 1.000000 147035.174293 0.354117 4.187574 0.000000 0.000000 0.000000
2.000000 20.000000 7.000000 1.000000 115020.382938 0.246461 1.328441 0.000000 0.000000 0.000000
2.000000 21.000000 7.000000 1.000000 11351.797064 0.017923 0.044824 0.000000 0.000000 -0.000000
2.000000 22.000000 7.000000 1.000000 6536.281658 0.010195 0.025044 0.000000 0.000000 -0.000000
2.000000 23.000000 7.000000 1.000000 5266.684250 0.008189 0.020023 0.000000 0.000000 0.000000
2.000000 24.000000 7.000000 1.000000 4542.434160 0.007050 0.017193 0.000000 0.000000 0.000000
2.000000 1.000000 1.000000 1.000000 3982.289364 0.006172 0.015022 0.000000 0.000000 0.000000
2.000000 2.000000 1.000000 1.000000 3572.108400 0.005531 0.013441 0.000000 0.000000 0.000000
2.000000 3.000000 1.000000 1.000000 3243.772459 0.005018 0.012181 0.000000 0.000000 0.000000
2.000000 4.000000 1.000000 1.000000 2981.409149 0.004609 0.011178 0.000000 0.000000 -0.000000
2.000000 5.000000 1.000000 1.000000 2760.624183 0.004266 0.010337 0.000000 0.000000 -0.000000
2.000000 6.000000 1.000000 1.000000 2568.978793 0.003968 0.009608 0.000000 0.000000 -0.000000
2.000000 7.000000 1.000000 1.000000 2437.231705 0.003763 0.009108 0.000000 0.000000 -0.000000
2.000000 8.000000 1.000000 1.000000 2881.903294 0.004454 0.010799 0.010262 0.000000 0.000000
2.000000 9.000000 1.000000 1.000000 3253.252623 0.005033 0.012218 0.010857 0.000000 0.000000
2.000000 10.000000 1.000000 1.000000 2715.164963 0.004195 0.010164 0.010164 0.000000 -7438.958678
2.000000 11.000000 1.000000 1.000000 2313.676656 0.003571 0.008640 0.008640 0.000000 -13265.401627
2.000000 12.000000 1.000000 1.000000 2142.445774 0.003305 0.007992 0.007992 0.000000 -14198.043488
2.000000 13.000000 1.000000 1.000000 1977.372940 0.003049 0.007369 0.007369 0.000000 -11578.306510
2.000000 14.000000 1.000000 1.000000 1951.858003 0.003010 0.007273 0.007273 0.000000 -12366.788605
2.000000 15.000000 1.000000 1.000000 2534.785677 0.003915 0.009478 0.009478 0.000000 -4731.599830
2.000000 16.000000 1.000000 1.000000 4680.925156 0.007268 0.017732 0.010519 0.000000 0.000000
2.000000 17.000000 1.000000 1.000000 7401.883474 0.011571 0.028512 0.011571 2339.456049 0.000000
2.000000 18.000000 1.000000 1.000000 9645.573168 0.015164 0.037679 0.015164 12175.946548 0.000000
2.000000 19.000000 1.000000 1.000000 148533.774417 0.359814 4.541910 0.000000 0.000000 0.000000
2.000000 20.000000 1.000000 1.000000 116978.624358 0.252360 1.402038 0.000000 0.000000 0.000000
2.000000 21.000000 1.000000 1.000000 11720.954603 0.018523 0.046390 0.000000 0.000000 -0.000000
2.000000 22.000000 1.000000 1.000000 6769.050228 0.010565 0.025973 0.000000 0.000000 -0.000000
2.000000 23.000000 1.000000 1.000000 5432.283990 0.008450 0.020673 0.000000 0.000000 0.000000
2.000000 24.000000 1.000000 1.000000 4730.029125 0.007345 0.017924 0.000000 0.000000 0.000000
2.000000 1.000000 2.000000 1.000000 4199.146672 0.006512 0.015861 0.000000 0.000000 0.000000
2.000000 2.000000 2.000000 1.000000 3778.875396 0.005854 0.014237 0.000000 0.000000 0.000000
2.000000 3.000000 2.000000 1.000000 3448.321066 0.005337 0.012966 0.000000 0.000000 0.000000
2.000000 4.000000 2.000000 1.000000 3168.966334 0.004902 0.011895 0.000000 0.000000 -0.000000
2.000000 5.000000 2.000000 1.000000 2942.132746 0.004548 0.011029 0.000000 0.000000 -0.000000
2.000000 6.000000 2.000000 1.000000 2750.574600 0.004250 0.010299 0.000000 0.000000 -0.000000
2.000000 7.000000 2.000000 1.000000 2643.497537 0.004084 0.009891 0.000000 0.000000 -0.000000
2.000000 8.000000 2.000000 1.000000 3199.349601 0.004949 0.012011 0.011246 0.000000 0.000000
2.000000 9.000000 2.000000 1.000000 3030.098870 0.004685 0.011364 0.011364 0.000000 -1872.751848
2.000000 10.000000 2.000000 1.000000 2538.408644 0.003920 0.009492 0.009492 0.000000 -13994.035687
2.000000 11.000000 2.000000 1.000000 2182.256674 0.003367 0.008143 0.008143 0.000000 -19312.959093
2.000000 12.000000 2.000000 1.000000 2037.505477 0.003143 0.007596 0.007596 0.000000 -19135.906248
2.000000 13.000000 2.000000 1.000000 1901.896175 0.002933 0.007085 0.007085 0.000000 -12081.653860
2.000000 14.000000 2.000000 1.000000 1895.834723 0.002923 0.007062 0.007062 0.000000 -14735.612991
2.000000 15.000000 2.000000 1.000000 2597.586613 0.004012 0.009717 0.009717 0.000000 -5546.533904
2.000000 16.000000 2.000000 1.000000 4776.486899 0.007418 0.018105 0.010775 0.000000 0.000000
2.000000 17.000000 2.000000 1.000000 7500.350595 0.011728 0.028909 0.011728 344.779279 0.000000
2.000000 18.000000 2.000000 1.000000 9886.179878 0.015551 0.038677 0.015551 10432.612730 0.000000
2.000000 19.000000 2.000000 1.000000 151825.031618 0.372562 5.538730 0.000000 0.000000 0.000000
2.000000 20.000000 2.000000 1.000000 119478.574612 0.260007 1.504475 0.000000 0.000000 0.000000
2.000000 21.000000 2.000000 1.000000 12065.316819 0.019084 0.047858 0.000000 0.000000 -0.000000
2.000000 22.000000 2.000000 1.000000 7006.916825 0.010942 0.026925 0.000000 0.000000 -0.000000
2.000000 23.000000 2.000000 1.000000 5655.531437 0.008802 0.021552 0.000000 0.000000 0.000000
2.000000 24.000000 2.000000 1.000000 4898.341116 0.007609 0.018580 0.000000 0.000000 0.000000
2.000000 1.000000 3.000000 1.000000 4332.767832 0.006721 0.016379 0.000000 0.000000 0.000000
2.000000 2.000000 3.000000 1.000000 3905.709361 0.006052 0.014726 0.000000 0.000000 0.000000
2.000000 3.000000 3.000000 1.000000 3566.223050 0.005522 0.013418 0.000000 0.000000 0.000000
2.000000 4.000000 3.000000 1.000000 3292.300728 0.005094 0.012367 0.000000 0.000000 -0.000000
2.000000 5.000000 3.000000 1.000000 3046.758319 0.004711 0.011428 0.000000 0.000000 -0.000000
2.000000 6.000000 3.000000 1.000000 2814.314757 0.004349 0.010541 0.000000 0.000000 -0.000000
2.000000 7.000000 3.000000 1.000000 2655.699134 0.004102 0.009938 0.000000 0.000000 -0.000000
2.000000 8.000000 3.000000 1.000000 4952.713018 0.007695 0.018793 0.000000 0.000000 0.000000
2.000000 9.000000 3.000000 1.000000 6694.024194 0.010446 0.025673 0.000000 0.000000 0.000000
2.000000 10.000000 3.000000 1.000000 9050.261077 0.014206 0.035221 0.000000 0.000000 0.000000
2.000000 11.000000 3.000000 1.000000 11866.720016 0.018761 0.047011 0.000000 0.000000 0.000000
2.000000 12.000000 3.000000 1.000000 13832.403796 0.021978 0.055493 0.000000 0.000000 0.000000
2.000000 13.000000 3.000000 1.000000 15943.602792 0.025470 0.064846 0.000000 0.000000 0.000000
2.000000 14.000000 3.000000 1.000000 16734.113772 0.026787 0.068414 0.000000 0.000000 0.000000
2.000000 15.000000 3.000000 1.000000 34180.437183 0.057287 0.157840 0.000000 0.000000 0.000000
2.000000 16.000000 3.000000 1.000000 95585.708993 0.191965 0.811228 0.000000 0.000000 0.000000
2.000000 17.000000 3.000000 1.000000 210956.838693 0.675172 -3.118095 0.000000 0.000000 -0.000000
2.000000 18.000000 3.000000 1.000000 354207.402750 4.312112 -1.188767 0.000000 0.000000 -0.000000
2.000000 19.000000 3.000000 1.000000 285316.542873 1.479095 -1.524086 -0.000000 0.000000 -0.000000
2.000000 20.000000 3.000000 1.000000 160709.951233 0.408690 12.242620 0.000000 0.000000 0.000000
2.000000 21.000000 3.000000 1.000000 16445.925913 0.026306 0.067109 0.000000 0.000000 -0.000000
2.000000 22.000000 3.000000 1.000000 9291.576280 0.014594 0.036215 0.000000 0.000000 -0.000000
2.000000 23.000000 3.000000 1.000000 7295.063943 0.011401 0.028082 0.000000 0.000000 0.000000
2.000000 24.000000 3.000000 1.000000 6117.542316 0.009532 0.023379 0.000000 0.000000 0.000000
2.000000 1.000000 4.000000 1.000000 5246.107049 0.008157 0.019942 0.000000 0.000000 0.000000
2.000000 2.000000 4.000000 1.000000 4599.698531 0.007140 0.017416 0.000000 0.000000 0.000000
2.000000 3.000000 4.000000 1.000000 4097.272293 0.006352 0.015466 0.000000 0.000000 0.000000
2.000000 4.000000 4.000000 1.000000 3681.344728 0.005701 0.013861 0.000000 0.000000 0.000000
2.000000 5.000000 4.000000 1.000000 3315.092906 0.005130 0.012455 0.000000 0.000000 0.000000
2.000000 6.000000 4.000000 1.000000 3001.504517 0.004641 0.011255 0.000000 0.000000 -0.000000
2.000000 7.000000 4.000000 1.000000 2781.142267 0.004298 0.010415 0.000000 0.000000 -0.000000
2.000000 8.000000 4.000000 1.000000 5124.992323 0.007966 0.019467 0.000000 0.000000 0.000000
2.000000 9.000000 4.000000 1.000000 6924.641961 0.010812 0.026595 0.000000 0.000000 0.000000
2.000000 10.000000 4.000000 1.000000 9414.538980 0.014792 0.036723 0.000000 0.000000 0.000000
2.000000 11.000000 4.000000 1.000000 12309.757510 0.019483 0.048904 0.000000 0.000000 0.000000
2.000000 12.000000 4.000000 1.000000 14273.239416 0.022704 0.057425 0.000000 0.000000 0.000000
2.000000 13.000000 4.000000 1.000000 16370.588428 0.026181 0.066769 0.000000 0.000000 0.000000
2.000000 14.000000 4.000000 1.000000 17244.944244 0.027641 0.070740 0.000000 0.000000 0.000000
2.000000 15.000000 4.000000 1.000000 35162.899712 0.059090 0.163570 0.000000 0.000000 0.000000
2.000000 16.000000 4.000000 1.000000 97291.283873 0.196472 0.845376 0.000000 0.000000 0.000000
2.000000 17.000000 4.000000 1.000000 211586.071262 0.679386 -3.081321 0.000000 0.000000 -0.000000
2.000000 18.000000 4.000000 1.000000 352003.654512 4.108092 -1.195587 0.000000 0.000000 -0.000000
2.000000 19.000000 4.000000 1.000000 283133.372305 1.441547 -1.541322 -0.000000 0.000000 -0.000000
2.000000 20.000000 4.000000 1.000000 159894.836184 0.405267 11.074919 0.000000 0.000000 0.000000
2.000000 21.000000 4.000000 1.000000 16258.139797 0.025994 0.066261 0.000000 0.000000 -0.000000
2.000000 22.000000 4.000000 1.000000 9195.597635 0.014440 0.035820 0.000000 0.000000 -0.000000
2.000000 23.000000 4.000000 1.000000 7257.725689 0.011341 0.027932 0.000000 0.000000 0.000000
2.000000 24.000000 4.000000 1.000000 6068.373805 0.009454 0.023184 0.000000 0.000000 0.000000
2.000000 1.000000 5.000000 1.000000 5242.809683 0.008151 0.019929 0.000000 0.000000 0.000000
2.000000 2.000000 5.000000 1.000000 4628.994394 0.007186 0.017530 0.000000 0.000000 0.000000
2.000000 3.000000 5.000000 1.000000 4135.572430 0.006412 0.015615 0.000000 0.000000 0.000000
2.000000 4.000000 5.000000 1.000000 3723.053062 0.005767 0.014022 0.000000 0.000000 0.000000
2.000000 5.000000 5.000000 1.000000 3382.383492 0.005235 0.012713 0.000000 0.000000 0.000000
2.000000 6.000000 5.000000 1.000000 3080.969639 0.004764 0.011559 0.000000 0.000000 -0.000000
2.000000 7.000000 5.000000 1.000000 2851.449903 0.004407 0.010683 0.000000 0.000000 -0.000000
2.000000 8.000000 5.000000 1.000000 3204.971916 0.004958 0.012033 0.011244 0.000000 0.000000
2.000000 9.000000 5.000000 1.000000 2935.451351 0.004538 0.011003 0.011003 0.000000 -3122.980052
2.000000 10.000000 5.000000 1.000000 2481.690052 0.003832 0.009277 0.009277 0.000000 -10620.489918
2.000000 11.000000 5.000000 1.000000 2138.214840 0.003299 0.007976 0.007976 0.000000 -15282.801561
2.000000 12.000000 5.000000 1.000000 1990.022175 0.003069 0.007417 0.007417 0.000000 -15007.869803
2.000000 13.000000 5.000000 1.000000 1848.798159 0.002850 0.006885 0.006885 0.000000 -9835.262777
2.000000 14.000000 5.000000 1.000000 1825.896734 0.002815 0.006799 0.006799 0.000000 -16721.298478
2.000000 15.000000 5.000000 1.000000 2748.879154 0.004247 0.010292 0.010292 0.000000 -2424.029216
2.000000 16.000000 5.000000 1.000000 5056.048686 0.007857 0.019197 0.010880 0.000000 0.000000
2.000000 17.000000 5.000000 1.000000 7858.926134 0.012299 0.030359 0.012299 1384.110577 0.000000
2.000000 18.000000 5.000000 1.000000 10230.912133 0.016108 0.040113 0.016108 11238.919381 0.000000
2.000000 19.000000 5.000000 1.000000 154890.320181 0.384737 6.889094 0.000000 0.000000 0.000000
2.000000 20.000000 5.000000 1.000000 121493.880467 0.266270 1.594922 0.000000 0.000000 0.000000
2.000000 21.000000 5.000000 1.000000 12309.403473 0.019483 0.048902 0.000000 0.000000 -0.000000
2.000000 22.000000 5.000000 1.000000 7161.743295 0.011189 0.027546 0.000000 0.000000 -0.000000
2.000000 23.000000 5.000000 1.000000 5827.417946 0.009074 0.022231 0.000000 0.000000 0.000000
2.000000 24.000000 5.000000 1.000000 5024.179195 0.007807 0.019072 0.000000 0.000000 0.000000
2.000000 1.000000 6.000000 1.000000 4454.061250 0.006911 0.016850 0.000000 0.000000 0.000000
2.000000 2.000000 6.000000 1.000000 3995.846276 0.006193 0.015074 0.000000 0.000000 0.000000
2.000000 3.000000 6.000000 1.000000 3625.949905 0.005615 0.013648 0.000000 0.000000 0.000000
2.000000 4.000000 6.000000 1.000000 3329.505879 0.005152 0.012510 0.000000 0.000000 -0.000000
2.000000 5.000000 6.000000 1.000000 3070.583840 0.004748 0.011519 0.000000 0.000000 -0.000000
2.000000 6.000000 6.000000 1.000000 2858.436140 0.004418 0.010709 0.000000 0.000000 -0.000000
2.000000 7.000000 6.000000 1.000000 2690.086632 0.004156 0.010069 0.000000 0.000000 -0.000000
2.000000 8.000000 6.000000 1.000000 3184.115564 0.004925 0.011953 0.011790 0.000000 0.000000
2.000000 9.000000 6.000000 1.000000 3020.005267 0.004669 0.011326 0.011326 0.000000 -3014.683252
2.000000 10.000000 6.000000 1.000000 2541.910646 0.003926 0.009505 0.009505 0.000000 -9511.956489
2.000000 11.000000 6.000000 1.000000 2182.591293 0.003368 0.008144 0.008144 0.000000 -12626.318637
2.000000 12.000000 6.000000 1.000000 2028.444040 0.003129 0.007562 0.007562 0.000000 -12404.453221
2.000000 13.000000 6.000000 1.000000 1882.407990 0.002902 0.007011 0.007011 0.000000 -8916.529800
2.000000 14.000000 6.000000 1.000000 1864.311892 0.002874 0.006943 0.006943 0.000000 -16140.967105
2.000000 15.000000 6.000000 1.000000 2684.259763 0.004147 0.010046 0.010046 0.000000 -1285.099814
2.000000 16.000000 6.000000 1.000000 4931.705715 0.007662 0.018711 0.009850 0.000000 0.000000
2.000000 17.000000 6.000000 1.000000 7657.586319 0.011978 0.029544 0.011978 1133.693001 0.000000
2.000000 18.000000 6.000000 1.000000 10010.686099 0.015752 0.039195 0.015752 10903.869947 0.000000
2.000000 19.000000 6.000000 1.000000 152747.867975 0.376196 5.891263 0.000000 0.000000 0.000000
2.000000 20.000000 6.000000 1.000000 120386.694269 0.262819 1.544301 0.000000 0.000000 0.000000
2.000000 21.000000 6.000000 1.000000 12135.015537 0.019198 0.048156 0.000000 0.000000 -0.000000
2.000000 22.000000 6.000000 1.000000 7026.875726 0.010974 0.027005 0.000000 0.000000 -0.000000
2.000000 23.000000 6.000000 1.000000 5694.910986 0.008864 0.021708 0.000000 0.000000 0.000000
2.000000 24.000000 6.000000 1.000000 4874.187565 0.007571 0.018486 0.000000 0.000000 0.000000
2.000000 1.000000 7.000000 1.000000 4267.741452 0.006619 0.016126 0.000000 0.000000 0.000000
2.000000 2.000000 7.000000 1.000000 3810.659288 0.005904 0.014359 0.000000 0.000000 0.000000
2.000000 3.000000 7.000000 1.000000 3449.604454 0.005339 0.012971 0.000000 0.000000 0.000000
2.000000 4.000000 7.000000 1.000000 3154.110915 0.004878 0.011838 0.000000 0.000000 -0.000000
2.000000 5.000000 7.000000 1.000000 2893.056769 0.004472 0.010841 0.000000 0.000000 -0.000000
2.000000 6.000000 7.000000 1.000000 2676.246708 0.004134 0.010016 0.000000 0.000000 -0.000000
2.000000 7.000000 7.000000 1.000000 2555.801388 0.003947 0.009558 0.000000 0.000000 -0.000000
2.000000 8.000000 7.000000 1.000000 3059.055127 0.004730 0.011475 0.010869 0.000000 0.000000
2.000000 9.000000 7.000000 1.000000 3096.161260 0.004788 0.011617 0.011617 0.000000 -1030.495054
2.000000 10.000000 7.000000 1.000000 2577.026601 0.003980 0.009639 0.009639 0.000000 -9504.611621
2.000000 11.000000 7.000000 1.000000 2211.577010 0.003413 0.008254 0.008254 0.000000 -13381.961690
2.000000 12.000000 7.000000 1.000000 2037.446162 0.003143 0.007596 0.007596 0.000000 -14605.943290
2.000000 13.000000 7.000000 1.000000 1874.761697 0.002891 0.006983 0.006983 0.000000 -9533.090715
2.000000 14.000000 7.000000 1.000000 1845.499404 0.002845 0.006872 0.006872 0.000000 -17414.874608
2.000000 15.000000 7.000000 1.000000 2758.646536 0.004263 0.010329 0.010329 0.000000 -2701.284254
2.000000 16.000000 7.000000 1.000000 4997.701669 0.007766 0.018969 0.010281 0.000000 0.000000
2.000000 17.000000 7.000000 1.000000 7708.323776 0.012059 0.029749 0.012059 130.700610 0.000000
2.000000 18.000000 7.000000 1.000000 9972.395502 0.015690 0.039035 0.015690 11683.055510 0.000000
2.000000 19.000000 7.000000 1.000000 151704.100595 0.372088 5.495341 0.000000 0.000000 0.000000
2.000000 20.000000 7.000000 1.000000 119260.300792 0.259334 1.495120 0.000000 0.000000 0.000000
2.000000 21.000000 7.000000 1.000000 12056.827189 0.019071 0.047822 0.000000 0.000000 -0.000000
2.000000 22.000000 7.000000 1.000000 6971.952822 0.010887 0.026785 0.000000 0.000000 -0.000000
2.000000 23.000000 7.000000 1.000000 5620.869043 0.008747 0.021416 0.000000 0.000000 0.000000
2.000000 24.000000 7.000000 1.000000 4831.129530 0.007504 0.018318 0.000000 0.000000 0.000000
2.000000 1.000000 1.000000 2.000000 4251.023420 0.006593 0.016062 0.000000 0.000000 0.000000
2.000000 2.000000 1.000000 2.000000 3781.419844 0.005858 0.014247 0.000000 0.000000 0.000000
2.000000 3.000000 1.000000 2.000000 3438.849857 0.005323 0.012929 0.000000 0.000000 0.000000
2.000000 4.000000 1.000000 2.000000 3158.947796 0.004886 0.011857 0.000000 0.000000 -0.000000
2.000000 5.000000 1.000000 2.000000 2904.376527 0.004489 0.010885 0.000000 0.000000 -0.000000
2.000000 6.000000 1.000000 2.000000 2667.036119 0.004120 0.009981 0.000000 0.000000 -0.000000
2.000000 7.000000 1.000000 2.000000 2484.349457 0.003836 0.009287 0.000000 0.000000 -0.000000
2.000000 8.000000 1.000000 2.000000 2781.522396 0.004298 0.010416 0.010416 0.000000 -578.185459
2.000000 9.000000 1.000000 2.000000 3360.614792 0.005201 0.012629 0.011650 0.000000 0.000000
2.000000 10.000000 1.000000 2.000000 2889.684232 0.004467 0.010829 0.010829 0.000000 -4170.536486
2.000000 11.000000 1.000000 2.000000 2520.333025 0.003892 0.009424 0.009424 0.000000 -9069.196309
2.000000 12.000000 1.000000 2.000000 2279.768106 0.003518 0.008512 0.008512 0.000000 -11035.459442
2.000000 13.000000 1.000000 2.000000 2130.582117 0.003287 0.007948 0.007948 0.000000 -9583.575098
2.000000 14.000000 1.000000 2.000000 1998.709181 0.003083 0.007450 0.007450 0.000000 -12571.197984
2.000000 15.000000 1.000000 2.000000 2496.514837 0.003855 0.009333 0.009333 0.000000 -6980.942178
2.000000 16.000000 1.000000 2.000000 4626.532951 0.007182 0.017520 0.011061 0.000000 0.000000
2.000000 17.000000 1.000000 2.000000 7559.687156 0.011822 0.029149 0.011822 1055.218277 0.000000
2.000000 18.000000 1.000000 2.000000 10017.685572 0.015763 0.039224 0.015763 12825.338082 0.000000
2.000000 19.000000 1.000000 2.000000 163070.578063 0.418735 17.474591 0.000000 0.000000 0.000000
2.000000 20.000000 1.000000 2.000000 37973.054075 0.064300 0.180435 0.000000 0.000000 -0.000000
2.000000 21.000000 1.000000 2.000000 8644.842503 0.013556 0.033559 0.000000 0.000000 -0.000000
2.000000 22.000000 1.000000 2.000000 5902.245219 0.009192 0.022526 0.000000 0.000000 -0.000000
2.000000 23.000000 1.000000 2.000000 4924.192384 0.007650 0.018682 0.000000 0.000000 0.000000
2.000000 24.000000 1.000000 2.000000 4333.936898 0.006723 0.016383 0.000000 0.000000 0.000000
2.000000 1.000000 2.000000 2.000000 3865.918422 0.005990 0.014573 0.000000 0.000000 0.000000
2.000000 2.000000 2.000000 2.000000 3507.793318 0.005430 0.013194 0.000000 0.000000 0.000000
2.000000 3.000000 2.000000 2.000000 3230.333449 0.004997 0.012130 0.000000 0.000000 -0.000000
2.000000 4.000000 2.000000 2.000000 3008.972370 0.004652 0.011284 0.000000 0.000000 -0.000000
2.000000 5.000000 2.000000 2.000000 2807.443584 0.004339 0.010515 0.000000 0.000000 -0.000000
2.000000 6.000000 2.000000 2.000000 2610.637361 0.004032 0.009766 0.000000 0.000000 -0.000000
2.000000 7.000000 2.000000 2.000000 2461.848227 0.003801 0.009202 0.000000 0.000000 -0.000000
2.000000 8.000000 2.000000 2.000000 2801.556625 0.004329 0.010493 0.010493 0.000000 -853.349786
2.000000 9.000000 2.000000 2.000000 3353.065194 0.005189 0.012600 0.011063 0.000000 0.000000
2.000000 10.000000 2.000000 2.000000 2926.385237 0.004524 0.010969 0.010969 0.000000 -5528.247422
2.000000 11.000000 2.000000 2.000000 2517.854916 0.003888 0.009414 0.009414 0.000000 -12270.841045
2.000000 12.000000 2.000000 2.000000 2243.468682 0.003462 0.008374 0.008374 0.000000 -14880.552334
2.000000 13.000000 2.000000 2.000000 2076.002279 0.003202 0.007741 0.007741 0.000000 -9387.023553
2.000000 14.000000 2.000000 2.000000 1971.211962 0.003040 0.007346 0.007346 0.000000 -13806.561290
2.000000 15.000000 2.000000 2.000000 2512.620345 0.003880 0.009394 0.009394 0.000000 -2999.668848
2.000000 16.000000 2.000000 2.000000 4643.173568 0.007208 0.017585 0.010333 0.000000 0.000000
2.000000 17.000000 2.000000 2.000000 7588.971276 0.011869 0.029267 0.011869 1915.516409 0.000000
2.000000 18.000000 2.000000 2.000000 10031.137708 0.015785 0.039280 0.015785 13790.852145 0.000000
2.000000 19.000000 2.000000 2.000000 162997.608231 0.418421 17.249916 0.000000 0.000000 0.000000
2.000000 20.000000 2.000000 2.000000 37880.960724 0.064128 0.179870 0.000000 0.000000 -0.000000
2.000000 21.000000 2.000000 2.000000 8623.246342 0.013521 0.033470 0.000000 0.000000 -0.000000
2.000000 22.000000 2.000000 2.000000 5936.954725 0.009247 0.022664 0.000000 0.000000 -0.000000
2.000000 23.000000 2.000000 2.000000 4952.987600 0.007695 0.018794 0.000000 0.000000 0.000000
2.000000 24.000000 2.000000 2.000000 4318.187695 0.006698 0.016322 0.000000 0.000000 0.000000
2.000000 1.000000 3.000000 2.000000 3849.056431 0.005964 0.014507 0.000000 0.000000 0.000000
2.000000 2.000000 3.000000 2.000000 3503.226260 0.005423 0.013176 0.000000 0.000000 0.000000
2.000000 3.000000 3.000000 2.000000 3219.583279 0.004981 0.012089 0.000000 0.000000 0.000000
2.000000 4.000000 3.000000 2.000000 2997.779587 0.004635 0.011241 0.000000 0.000000 -0.000000
2.000000 5.000000 3.000000 2.000000 2801.719072 0.004330 0.010493 0.000000 0.000000 -0.000000
2.000000 6.000000 3.000000 2.000000 2626.324164 0.004057 0.009826 0.000000 0.000000 -0.000000
2.000000 7.000000 3.000000 2.000000 2496.135042 0.003854 0.009332 0.000000 0.000000 -0.000000
2.000000 8.000000 3.000000 2.000000 4360.556210 0.006765 0.016486 0.000000 0.000000 0.000000
2.000000 9.000000 3.000000 2.000000 6187.442382 0.009643 0.023656 0.000000 0.000000 0.000000
2.000000 10.000000 3.000000 2.000000 8167.166772 0.012792 0.031610 0.000000 0.000000 0.000000
2.000000 11.000000 3.000000 2.000000 10375.538379 0.016341 0.040717 0.000000 0.000000 0.000000
2.000000 12.000000 3.000000 2.000000 12349.691289 0.019548 0.049075 0.000000 0.000000 0.000000
2.000000 13.000000 3.000000 2.000000 13942.594814 0.022160 0.055975 0.000000 0.000000 0.000000
2.000000 14.000000 3.000000 2.000000 15418.970361 0.024599 0.062497 0.000000 0.000000 0.000000
2.000000 15.000000 3.000000 2.000000 31039.237831 0.051585 0.140068 0.000000 0.000000 0.000000
2.000000 16.000000 3.000000 2.000000 89159.576516 0.175420 0.695690 0.000000 0.000000 0.000000
2.000000 17.000000 3.000000 2.000000 209370.056628 0.664667 -3.215903 0.000000 0.000000 -0.000000
2.000000 18.000000 3.000000 2.000000 360255.622830 4.974628 -1.170855 0.000000 0.000000 -0.000000
2.000000 19.000000 3.000000 2.000000 299174.679813 1.753461 -1.428144 -0.000000 0.000000 -0.000000
2.000000 20.000000 3.000000 2.000000 52702.646867 0.092970 0.282176 0.000000 0.000000 0.000000
2.000000 21.000000 3.000000 2.000000 11646.682398 0.018403 0.046075 0.000000 0.000000 -0.000000
2.000000 22.000000 3.000000 2.000000 7770.682770 0.012159 0.030001 0.000000 0.000000 -0.000000
2.000000 23.000000 3.000000 2.000000 6359.374478 0.009915 0.024339 0.000000 0.000000 0.000000
2.000000 24.000000 3.000000 2.000000 5401.934766 0.008402 0.020554 0.000000 0.000000 0.000000
2.000000 1.000000 4.000000 2.000000 4779.339112 0.007422 0.018116 0.000000 0.000000 0.000000
2.000000 2.000000 4.000000 2.000000 4270.722603 0.006624 0.016138 0.000000 0.000000 0.000000
2.000000 3.000000 4.000000 2.000000 3843.474846 0.005955 0.014486 0.000000 0.000000 0.000000
2.000000 4.000000 4.000000 2.000000 3490.960322 0.005404 0.013129 0.000000 0.000000 0.000000
2.000000 5.000000 4.000000 2.000000 3169.416175 0.004902 0.011897 0.000000 0.000000 0.000000
2.000000 6.000000 4.000000 2.000000 2883.699697 0.004457 0.010806 0.000000 0.000000 0.000000
2.000000 7.000000 4.000000 2.000000 2668.654509 0.004123 0.009987 0.000000 0.000000 -0.000000
2.000000 8.000000 4.000000 2.000000 4546.500533 0.007057 0.017209 0.000000 0.000000 0.000000
2.000000 9.000000 4.000000 2.000000 6324.870049 0.009860 0.024202 0.000000 0.000000 0.000000
2.000000 10.000000 4.000000 2.000000 8244.829644 0.012916 0.031926 0.000000 0.000000 0.000000
2.000000 11.000000 4.000000 2.000000 10485.295688 0.016519 0.041176 0.000000 0.000000 0.000000
2.000000 12.000000 4.000000 2.000000 12591.291192 0.019943 0.050113 0.000000 0.000000 0.000000
2.000000 13.000000 4.000000 2.000000 14235.414926 0.022642 0.057258 0.000000 0.000000 0.000000
2.000000 14.000000 4.000000 2.000000 15533.096861 0.024788 0.063007 0.000000 0.000000 0.000000
2.000000 15.000000 4.000000 2.000000 30836.635018 0.051221 0.138950 0.000000 0.000000 0.000000
2.000000 16.000000 4.000000 2.000000 88332.910764 0.173340 0.682166 0.000000 0.000000 0.000000
2.000000 17.000000 4.000000 2.000000 207496.031177 0.652477 -3.341768 0.000000 0.000000 -0.000000
2.000000 18.000000 4.000000 2.000000 356038.329786 4.495500 -1.183222 0.000000 0.000000 -0.000000
2.000000 19.000000 4.000000 2.000000 296602.695448 1.697253 -1.444376 -0.000000 0.000000 -0.000000
2.000000 20.000000 4.000000 2.000000 51816.433008 0.091178 0.275331 0.000000 0.000000 0.000000
2.000000 21.000000 4.000000 2.000000 11335.914739 0.017897 0.044757 0.000000 0.000000 -0.000000
2.000000 22.000000 4.000000 2.000000 7532.255731 0.011778 0.029038 0.000000 0.000000 -0.000000
2.000000 23.000000 4.000000 2.000000 6136.930256 0.009563 0.023456 0.000000 0.000000 0.000000
2.000000 24.000000 4.000000 2.000000 5209.992247 0.008100 0.019800 0.000000 0.000000 0.000000
2.000000 1.000000 5.000000 2.000000 4564.635599 0.007085 0.017280 0.000000 0.000000 0.000000
2.000000 2.000000 5.000000 2.000000 4079.853155 0.006325 0.015399 0.000000 0.000000 0.000000
2.000000 3.000000 5.000000 2.000000 3680.713060 0.005700 0.013859 0.000000 0.000000 0.000000
2.000000 4.000000 5.000000 2.000000 3353.058759 0.005189 0.012600 0.000000 0.000000 0.000000
2.000000 5.000000 5.000000 2.000000 3067.050157 0.004743 0.011506 0.000000 0.000000 0.000000
2.000000 6.000000 5.000000 2.000000 2816.436449 0.004353 0.010549 0.000000 0.000000 0.000000
2.000000 7.000000 5.000000 2.000000 2623.460702 0.004052 0.009815 0.000000 0.000000 -0.000000
2.000000 8.000000 5.000000 2.000000 2881.516693 0.004454 0.010797 0.010349 0.000000 0.000000
2.000000 9.000000 5.000000 2.000000 3271.012492 0.005061 0.012286 0.011459 0.000000 0.000000
2.000000 10.000000 5.000000 2.000000 2833.236174 0.004379 0.010613 0.010613 0.000000 -4419.206698
2.000000 11.000000 5.000000 2.000000 2476.126856 0.003823 0.009256 0.009256 0.000000 -11640.999366
2.000000 12.000000 5.000000 2.000000 2253.103532 0.003477 0.008411 0.008411 0.000000 -15066.622721
2.000000 13.000000 5.000000 2.000000 2121.096642 0.003272 0.007912 0.007912 0.000000 -15412.102487
2.000000 14.000000 5.000000 2.000000 2018.462733 0.003113 0.007524 0.007524 0.000000 -12686.934118
2.000000 15.000000 5.000000 2.000000 2365.861403 0.003652 0.008838 0.008838 0.000000 -7129.433145
2.000000 16.000000 5.000000 2.000000 4379.762454 0.006795 0.016561 0.010884 0.000000 0.000000
2.000000 17.000000 5.000000 2.000000 7177.205495 0.011213 0.027608 0.011213 1965.837117 0.000000
2.000000 18.000000 5.000000 2.000000 9542.817096 0.014998 0.037253 0.014998 14316.355596 0.000000
2.000000 19.000000 5.000000 2.000000 158790.754558 0.400666 9.794273 0.000000 0.000000 0.000000
2.000000 20.000000 5.000000 2.000000 36733.026080 0.061991 0.172905 0.000000 0.000000 -0.000000
2.000000 21.000000 5.000000 2.000000 8240.359624 0.012909 0.031908 0.000000 0.000000 -0.000000
2.000000 22.000000 5.000000 2.000000 5635.135342 0.008770 0.021472 0.000000 0.000000 -0.000000
2.000000 23.000000 5.000000 2.000000 4710.018749 0.007313 0.017846 0.000000 0.000000 0.000000
2.000000 24.000000 5.000000 2.000000 4128.276966 0.006401 0.015586 0.000000 0.000000 0.000000
2.000000 1.000000 6.000000 2.000000 3711.815673 0.005749 0.013979 0.000000 0.000000 0.000000
2.000000 2.000000 6.000000 2.000000 3385.573427 0.005239 0.012725 0.000000 0.000000 0.000000
2.000000 3.000000 6.000000 2.000000 3113.354759 0.004815 0.011682 0.000000 0.000000 0.000000
2.000000 4.000000 6.000000 2.000000 2896.997650 0.004478 0.010856 0.000000 0.000000 -0.000000
2.000000 5.000000 6.000000 2.000000 2714.932401 0.004195 0.010163 0.000000 0.000000 -0.000000
2.000000 6.000000 6.000000 2.000000 2532.260543 0.003911 0.009469 0.000000 0.000000 -0.000000
2.000000 7.000000 6.000000 2.000000 2389.253149 0.003688 0.008926 0.000000 0.000000 -0.000000
2.000000 8.000000 6.000000 2.000000 2799.879825 0.004327 0.010486 0.010486 0.000000 -519.822387
2.000000 9.000000 6.000000 2.000000 3377.307207 0.005227 0.012693 0.011937 0.000000 0.000000
2.000000 10.000000 6.000000 2.000000 2901.658952 0.004485 0.010874 0.010874 0.000000 -6030.106984
2.000000 11.000000 6.000000 2.000000 2502.863992 0.003865 0.009357 0.009357 0.000000 -16061.448812
2.000000 12.000000 6.000000 2.000000 2273.073295 0.003508 0.008486 0.008486 0.000000 -19403.473196
2.000000 13.000000 6.000000 2.000000 2130.490002 0.003287 0.007947 0.007947 0.000000 -18531.035609
2.000000 14.000000 6.000000 2.000000 2026.941046 0.003126 0.007556 0.007556 0.000000 -13440.854962
2.000000 15.000000 6.000000 2.000000 2416.632751 0.003731 0.009030 0.009030 0.000000 -7360.679860
2.000000 16.000000 6.000000 2.000000 4484.221055 0.006959 0.016967 0.011416 0.000000 0.000000
2.000000 17.000000 6.000000 2.000000 7288.981081 0.011391 0.028058 0.011391 1772.000500 0.000000
2.000000 18.000000 6.000000 2.000000 9626.658686 0.015133 0.037600 0.015133 13899.516961 0.000000
2.000000 19.000000 6.000000 2.000000 158211.058064 0.398267 9.228040 0.000000 0.000000 0.000000
2.000000 20.000000 6.000000 2.000000 36489.529251 0.061540 0.171442 0.000000 0.000000 -0.000000
2.000000 21.000000 6.000000 2.000000 8189.330633 0.012827 0.031700 0.000000 0.000000 -0.000000
2.000000 22.000000 6.000000 2.000000 5611.272507 0.008732 0.021378 0.000000 0.000000 -0.000000
2.000000 23.000000 6.000000 2.000000 4702.146840 0.007301 0.017815 0.000000 0.000000 0.000000
2.000000 24.000000 6.000000 2.000000 4104.124005 0.006363 0.015493 0.000000 0.000000 0.000000
2.000000 1.000000 7.000000 2.000000 3680.380740 0.005700 0.013858 0.000000 0.000000 0.000000
2.000000 2.000000 7.000000 2.000000 3350.460540 0.005185 0.012590 0.000000 0.000000 0.000000
2.000000 3.000000 7.000000 2.000000 3068.120279 0.004744 0.011510 0.000000 0.000000 0.000000
2.000000 4.000000 7.000000 2.000000 2844.462995 0.004396 0.010656 0.000000 0.000000 0.000000
2.000000 5.000000 7.000000 2.000000 2649.718138 0.004093 0.009915 0.000000 0.000000 -0.000000
2.000000 6.000000 7.000000 2.000000 2489.346810 0.003844 0.009306 0.000000 0.000000 -0.000000
2.000000 7.000000 7.000000 2.000000 2362.309454 0.003647 0.008824 0.000000 0.000000 -0.000000
2.000000 8.000000 7.000000 2.000000 2767.715588 0.004277 0.010364 0.010253 0.000000 0.000000
2.000000 9.000000 7.000000 2.000000 3398.862873 0.005260 0.012776 0.011640 0.000000 0.000000
2.000000 10.000000 7.000000 2.000000 2913.535532 0.004504 0.010920 0.010920 0.000000 -4918.523689
2.000000 11.000000 7.000000 2.000000 2528.423236 0.003905 0.009454 0.009454 0.000000 -13129.120814
2.000000 12.000000 7.000000 2.000000 2280.687485 0.003520 0.008515 0.008515 0.000000 -16567.478843
2.000000 13.000000 7.000000 2.000000 2133.555282 0.003292 0.007959 0.007959 0.000000 -16990.755337
2.000000 14.000000 7.000000 2.000000 2017.951983 0.003112 0.007522 0.007522 0.000000 -14638.216036
2.000000 15.000000 7.000000 2.000000 2466.739986 0.003809 0.009220 0.009220 0.000000 -8304.398755
2.000000 16.000000 7.000000 2.000000 4583.645142 0.007115 0.017353 0.011763 0.000000 0.000000
2.000000 17.000000 7.000000 2.000000 7452.100440 0.011651 0.028715 0.011651 1493.011366 0.000000
2.000000 18.000000 7.000000 2.000000 9908.553401 0.015587 0.038770 0.015587 14294.075479 0.000000
2.000000 19.000000 7.000000 2.000000 161549.334653 0.412240 13.716663 0.000000 0.000000 0.000000
2.000000 20.000000 7.000000 2.000000 37645.929180 0.063690 0.178434 0.000000 0.000000 -0.000000
2.000000 21.000000 7.000000 2.000000 8519.424672 0.013355 0.033046 0.000000 0.000000 -0.000000
2.000000 22.000000 7.000000 2.000000 5849.231336 0.009108 0.022317 0.000000 0.000000 -0.000000
2.000000 23.000000 7.000000 2.000000 4876.889307 0.007576 0.018497 0.000000 0.000000 0.000000
2.000000 24.000000 7.000000 2.000000 4240.891815 0.006577 0.016022 0.000000 0.000000 0.000000
2.000000 1.000000 1.000000 2.000000 3796.622508 0.005882 0.014305 0.000000 0.000000 0.000000
2.000000 2.000000 1.000000 2.000000 3445.968009 0.005334 0.012957 0.000000 0.000000 0.000000
2.000000 3.000000 1.000000 2.000000 3147.161530 0.004868 0.011812 0.000000 0.000000 -0.000000
2.000000 4.000000 1.000000 2.000000 2906.504119 0.004493 0.010893 0.000000 0.000000 -0.000000
2.000000 5.000000 1.000000 2.000000 2712.368619 0.004191 0.010153 0.000000 0.000000 -0.000000
2.000000 6.000000 1.000000 2.000000 2540.107069 0.003923 0.009499 0.000000 0.000000 -0.000000
2.000000 7.000000 1.000000 2.000000 2396.687316 0.003700 0.008955 0.000000 0.000000 -0.000000
2.000000 8.000000 1.000000 2.000000 2738.835430 0.004232 0.010254 0.009840 0.000000 0.000000
2.000000 9.000000 1.000000 2.000000 3329.804065 0.005152 0.012511 0.010988 0.000000 0.000000
2.000000 10.000000 1.000000 2.000000 2974.960230 0.004599 0.011154 0.011154 0.000000 -2985.683847
2.000000 11.000000 1.000000 2.000000 2591.127155 0.004002 0.009692 0.009692 0.000000 -12590.187646
2.000000 12.000000 1.000000 2.000000 2353.359544 0.003633 0.008790 0.008790 0.000000 -16384.165940
2.000000 13.000000 1.000000 2.000000 2193.395055 0.003384 0.008185 0.008185 0.000000 -16792.351619
2.000000 14.000000 1.000000 2.000000 2064.685397 0.003185 0.007699 0.007699 0.000000 -12966.817972
2.000000 15.000000 1.000000 2.000000 2360.599295 0.003644 0.008818 0.008818 0.000000 -7367.947428
2.000000 16.000000 1.000000 2.000000 4391.864264 0.006814 0.016608 0.011103 0.000000 0.000000
2.000000 17.000000 1.000000 2.000000 7188.842354 0.011232 0.027655 0.011232 2093.243545 0.000000
2.000000 18.000000 1.000000 2.000000 9539.560890 0.014993 0.037240 0.014993 13767.024553 0.000000
2.000000 19.000000 1.000000 2.000000 156782.993414 0.392404 8.064751 0.000000 0.000000 0.000000
2.000000 20.000000 1.000000 2.000000 35922.874936 0.060491 0.168061 0.000000 0.000000 -0.000000
2.000000 21.000000 1.000000 2.000000 8030.744909 0.012574 0.031056 0.000000 0.000000 -0.000000
2.000000 22.000000 1.000000 2.000000 5520.506087 0.008589 0.021020 0.000000 0.000000 -0.000000
2.000000 23.000000 1.000000 2.000000 4615.114738 0.007164 0.017476 0.000000 0.000000 0.000000
2.000000 24.000000 1.000000 2.000000 4047.713777 0.006275 0.015275 0.000000 0.000000 0.000000
2.000000 1.000000 2.000000 2.000000 3649.007380 0.005651 0.013737 0.000000 0.000000 0.000000
2.000000 2.000000 2.000000 2.000000 3315.273397 0.005130 0.012455 0.000000 0.000000 0.000000
2.000000 3.000000 2.000000 2.000000 3039.622857 0.004700 0.011401 0.000000 0.000000 0.000000
2.000000 4.000000 2.000000 2.000000 2803.468250 0.004332 0.010500 0.000000 0.000000 -0.000000
2.000000 5.000000 2.000000 2.000000 2597.477541 0.004012 0.009716 0.000000 0.000000 -0.000000
2.000000 6.000000 2.000000 2.000000 2436.033438 0.003761 0.009104 0.000000 0.000000 -0.000000
2.000000 7.000000 2.000000 2.000000 2315.634855 0.003574 0.008648 0.000000 0.000000 -0.000000
2.000000 8.000000 2.000000 2.000000 2720.114508 0.004203 0.010183 0.010129 0.000000 0.000000
2.000000 9.000000 2.000000 2.000000 3360.296388 0.005200 0.012628 0.011579 0.000000 0.000000
2.000000 10.000000 2.000000 2.000000 2965.516043 0.004585 0.011118 0.011118 0.000000 -3789.965946
2.000000 11.000000 2.000000 2.000000 2562.147787 0.003957 0.009582 0.009582 0.000000 -12590.387070
2.000000 12.000000 2.000000 2.000000 2306.024185 0.003559 0.008611 0.008611 0.000000 -17127.999778
2.000000 13.000000 2.000000 2.000000 2154.526185 0.003324 0.008038 0.008038 0.000000 -16696.550566
2.000000 14.000000 2.000000 2.000000 2044.915390 0.003154 0.007624 0.007624 0.000000 -13187.517156
2.000000 15.000000 2.000000 2.000000 2396.330532 0.003699 0.008953 0.008953 0.000000 -7309.580230
2.000000 16.000000 2.000000 2.000000 4471.393236 0.006939 0.016917 0.011351 0.000000 0.000000
2.000000 17.000000 2.000000 2.000000 7292.762669 0.011397 0.028073 0.011397 2028.321331 0.000000
2.000000 18.000000 2.000000 2.000000 9687.270277 0.015231 0.037851 0.015231 13817.829283 0.000000
2.000000 19.000000 2.000000 2.000000 159462.368920 0.403460 10.537499 0.000000 0.000000 0.000000
2.000000 20.000000 2.000000 2.000000 37053.731498 0.062587 0.174838 0.000000 0.000000 -0.000000
2.000000 21.000000 2.000000 2.000000 8348.084420 0.013081 0.032347 0.000000 0.000000 -0.000000
2.000000 22.000000 2.000000 2.000000 5723.741678 0.008910 0.021821 0.000000 0.000000 -0.000000
2.000000 23.000000 2.000000 2.000000 4749.287444 0.007375 0.017999 0.000000 0.000000 0.000000
2.000000 24.000000 2.000000 2.000000 4149.659618 0.006434 0.015669 0.000000 0.000000 0.000000
2.000000 1.000000 3.000000 2.000000 3705.766161 0.005740 0.013955 0.000000 0.000000 0.000000
2.000000 2.000000 3.000000 2.000000 3387.430703 0.005242 0.012732 0.000000 0.000000 0.000000
2.000000 3.000000 3.000000 2.000000 3120.452111 0.004826 0.011710 0.000000 0.000000 0.000000
2.000000 4.000000 3.000000 2.000000 2876.145912 0.004445 0.010777 0.000000 0.000000 -0.000000
2.000000 5.000000 3.000000 2.000000 2656.272091 0.004103 0.009940 0.000000 0.000000 -0.000000
2.000000 6.000000 3.000000 2.000000 2486.029382 0.003839 0.009293 0.000000 0.000000 -0.000000
2.000000 7.000000 3.000000 2.000000 2351.435342 0.003630 0.008783 0.000000 0.000000 -0.000000
2.000000 8.000000 3.000000 2.000000 4087.373392 0.006337 0.015428 0.000000 0.000000 0.000000
2.000000 9.000000 3.000000 2.000000 5813.396280 0.009051 0.022175 0.000000 0.000000 0.000000
2.000000 10.000000 3.000000 2.000000 7724.827670 0.012085 0.029816 0.000000 0.000000 0.000000
2.000000 11.000000 3.000000 2.000000 10033.724406 0.015789 0.039291 0.000000 0.000000 0.000000
2.000000 12.000000 3.000000 2.000000 12174.933022 0.019263 0.048327 0.000000 0.000000 0.000000
2.000000 13.000000 3.000000 2.000000 13924.617543 0.022130 0.055896 0.000000 0.000000 0.000000
2.000000 14.000000 3.000000 2.000000 15595.232899 0.024891 0.063285 0.000000 0.000000 0.000000
2.000000 15.000000 3.000000 2.000000 31661.384577 0.052707 0.143524 0.000000 0.000000 0.000000
2.000000 16.000000 3.000000 2.000000 91158.050755 0.180493 0.729575 0.000000 0.000000 0.000000
2.000000 17.000000 3.000000 2.000000 213125.991678 0.689814 -2.995738 0.000000 0.000000 -0.000000
2.000000 18.000000 3.000000 2.000000 366156.339305 5.818292 -1.154439 0.000000 0.000000 -0.000000
2.000000 19.000000 3.000000 2.000000 305353.612773 1.900318 -1.391646 -0.000000 0.000000 -0.000000
2.000000 20.000000 3.000000 2.000000 53939.842577 0.095488 0.291909 0.000000 0.000000 0.000000
2.000000 21.000000 3.000000 2.000000 11927.690420 0.018860 0.047271 0.000000 0.000000 -0.000000
2.000000 22.000000 3.000000 2.000000 7901.300354 0.012367 0.030531 0.000000 0.000000 -0.000000
2.000000 23.000000 3.000000 2.000000 6373.710359 0.009938 0.024396 0.000000 0.000000 0.000000
2.000000 24.000000 3.000000 2.000000 5410.930774 0.008416 0.020589 0.000000 0.000000 0.000000
2.000000 1.000000 4.000000 2.000000 4719.010332 0.007327 0.017881 0.000000 0.000000 0.000000
2.000000 2.000000 4.000000 2.000000 4207.775222 0.006525 0.015894 0.000000 0.000000 0.000000
2.000000 3.000000 4.000000 2.000000 3797.284960 0.005883 0.014308 0.000000 0.000000 0.000000
2.000000 4.000000 4.000000 2.000000 3454.817891 0.005348 0.012991 0.000000 0.000000 0.000000
2.000000 5.000000 4.000000 2.000000 3158.143351 0.004885 0.011854 0.000000 0.000000 0.000000
2.000000 6.000000 4.000000 2.000000 2892.092018 0.004470 0.010838 0.000000 0.000000 -0.000000
2.000000 7.000000 4.000000 2.000000 2690.441138 0.004157 0.010070 0.000000 0.000000 -0.000000
2.000000 8.000000 4.000000 2.000000 4625.299136 0.007180 0.017516 0.000000 0.000000 0.000000
2.000000 9.000000 4.000000 2.000000 6514.067204 0.010160 0.024955 0.000000 0.000000 0.000000
2.000000 10.000000 4.000000 2.000000 8563.889825 0.013426 0.033228 0.000000 0.000000 0.000000
2.000000 11.000000 4.000000 2.000000 10831.131524 0.017079 0.042627 0.000000 0.000000 0.000000
2.000000 12.000000 4.000000 2.000000 12876.338977 0.020409 0.051341 0.000000 0.000000 0.000000
2.000000 13.000000 4.000000 2.000000 14453.923985 0.023002 0.058220 0.000000 0.000000 0.000000
2.000000 14.000000 4.000000 2.000000 15925.677064 0.025440 0.064765 0.000000 0.000000 0.000000
2.000000 15.000000 4.000000 2.000000 32142.748632 0.053577 0.146219 0.000000 0.000000 0.000000
2.000000 16.000000 4.000000 2.000000 92119.080417 0.182955 0.746497 0.000000 0.000000 0.000000
2.000000 17.000000 4.000000 2.000000 214916.993370 0.702155 -2.903401 0.000000 0.000000 -0.000000
2.000000 18.000000 4.000000 2.000000 368566.165806 6.240790 -1.148014 0.000000 0.000000 -0.000000
2.000000 19.000000 4.000000 2.000000 307252.200329 1.949160 -1.381086 -0.000000 0.000000 -0.000000
2.000000 20.000000 4.000000 2.000000 54259.427740 0.096141 0.294457 0.000000 0.000000 0.000000
2.000000 21.000000 4.000000 2.000000 12064.021501 0.019082 0.047853 0.000000 0.000000 -0.000000
2.000000 22.000000 4.000000 2.000000 8047.515743 0.012600 0.031124 0.000000 0.000000 -0.000000
2.000000 23.000000 4.000000 2.000000 6532.358256 0.010189 0.025028 0.000000 0.000000 0.000000
2.000000 24.000000 4.000000 2.000000 5530.457522 0.008605 0.021059 0.000000 0.000000 0.000000
2.000000 1.000000 5.000000 2.000000 4829.795496 0.007502 0.018313 0.000000 0.000000 0.000000
2.000000 2.000000 5.000000 2.000000 4296.545396 0.006664 0.016238 0.000000 0.000000 0.000000
2.000000 3.000000 5.000000 2.000000 3834.909277 0.005942 0.014453 0.000000 0.000000 0.000000
2.000000 4.000000 5.000000 2.000000 3463.203069 0.005361 0.013023 0.000000 0.000000 0.000000
2.000000 5.000000 5.000000 2.000000 3150.630691 0.004873 0.011825 0.000000 0.000000 0.000000
2.000000 6.000000 5.000000 2.000000 2893.164431 0.004472 0.010842 0.000000 0.000000 -0.000000
2.000000 7.000000 5.000000 2.000000 2741.739212 0.004236 0.010265 0.000000 0.000000 -0.000000
2.000000 8.000000 5.000000 2.000000 3052.269223 0.004720 0.011449 0.011146 0.000000 0.000000
2.000000 9.000000 5.000000 2.000000 3136.089221 0.004850 0.011769 0.011769 0.000000 -1980.687526
2.000000 10.000000 5.000000 2.000000 2710.086213 0.004187 0.010145 0.010145 0.000000 -9197.777090
2.000000 11.000000 5.000000 2.000000 2364.222990 0.003650 0.008832 0.008832 0.000000 -15503.225235
2.000000 12.000000 5.000000 2.000000 2135.169890 0.003294 0.007965 0.007965 0.000000 -19990.739713
2.000000 13.000000 5.000000 2.000000 1989.592054 0.003068 0.007415 0.007415 0.000000 -21164.338609
2.000000 14.000000 5.000000 2.000000 1883.314163 0.002904 0.007015 0.007015 0.000000 -19240.345976
2.000000 15.000000 5.000000 2.000000 2693.047928 0.004161 0.010080 0.010080 0.000000 -9235.984674
2.000000 16.000000 5.000000 2.000000 5031.716574 0.007819 0.019102 0.013021 0.000000 0.000000
2.000000 17.000000 5.000000 2.000000 8177.637056 0.012808 0.031653 0.012808 1006.780288 0.000000
2.000000 18.000000 5.000000 2.000000 10818.844267 0.017059 0.042576 0.017059 14123.749863 0.000000
2.000000 19.000000 5.000000 2.000000 172787.994215 0.462230 -27.465957 0.000000 0.000000 -0.000000
2.000000 20.000000 5.000000 2.000000 40826.704140 0.069674 0.198317 0.000000 0.000000 -0.000000
2.000000 21.000000 5.000000 2.000000 9362.886503 0.014709 0.036510 0.000000 0.000000 -0.000000
2.000000 22.000000 5.000000 2.000000 6435.661877 0.010036 0.024643 0.000000 0.000000 -0.000000
2.000000 23.000000 5.000000 2.000000 5347.389789 0.008316 0.020340 0.000000 0.000000 0.000000
2.000000 24.000000 5.000000 2.000000 4667.069316 0.007246 0.017678 0.000000 0.000000 0.000000
2.000000 1.000000 6.000000 2.000000 4168.536726 0.006464 0.015742 0.000000 0.000000 0.000000
2.000000 2.000000 6.000000 2.000000 3775.568497 0.005849 0.014224 0.000000 0.000000 0.000000
2.000000 3.000000 6.000000 2.000000 3447.100945 0.005336 0.012961 0.000000 0.000000 -0.000000
2.000000 4.000000 6.000000 2.000000 3167.719999 0.004900 0.011890 0.000000 0.000000 -0.000000
2.000000 5.000000 6.000000 2.000000 2916.941090 0.004509 0.010933 0.000000 0.000000 -0.000000
2.000000 6.000000 6.000000 2.000000 2702.321782 0.004175 0.010115 0.000000 0.000000 -0.000000
2.000000 7.000000 6.000000 2.000000 2535.236265 0.003915 0.009480 0.000000 0.000000 -0.000000
2.000000 8.000000 6.000000 2.000000 2864.348924 0.004427 0.010732 0.010728 0.000000 0.000000
2.000000 9.000000 6.000000 2.000000 3303.463418 0.005111 0.012410 0.012085 0.000000 0.000000
2.000000 10.000000 6.000000 2.000000 2848.750308 0.004403 0.010673 0.010673 0.000000 -6327.139387
2.000000 11.000000 6.000000 2.000000 2474.322955 0.003821 0.009249 0.009249 0.000000 -11344.225185
2.000000 12.000000 6.000000 2.000000 2221.880649 0.003429 0.008293 0.008293 0.000000 -16621.612803
2.000000 13.000000 6.000000 2.000000 2071.304716 0.003195 0.007724 0.007724 0.000000 -16844.897348
2.000000 14.000000 6.000000 2.000000 1960.841532 0.003024 0.007307 0.007307 0.000000 -15903.605581
2.000000 15.000000 6.000000 2.000000 2554.184229 0.003945 0.009552 0.009552 0.000000 -8425.165124
2.000000 16.000000 6.000000 2.000000 4758.604449 0.007390 0.018035 0.012219 0.000000 0.000000
2.000000 17.000000 6.000000 2.000000 7716.040940 0.012071 0.029780 0.012071 1641.661636 0.000000
2.000000 18.000000 6.000000 2.000000 10300.737999 0.016220 0.040404 0.016220 13696.204210 0.000000
2.000000 19.000000 6.000000 2.000000 166853.876992 0.435248 51.349231 0.000000 0.000000 0.000000
2.000000 20.000000 6.000000 2.000000 39284.783016 0.066760 0.188557 0.000000 0.000000 -0.000000
2.000000 21.000000 6.000000 2.000000 8999.158502 0.014124 0.035011 0.000000 0.000000 -0.000000
2.000000 22.000000 6.000000 2.000000 6240.588911 0.009727 0.023867 0.000000 0.000000 -0.000000
2.000000 23.000000 6.000000 2.000000 5244.401211 0.008154 0.019935 0.000000 0.000000 0.000000
2.000000 24.000000 6.000000 2.000000 4566.267253 0.007088 0.017286 0.000000 0.000000 0.000000
2.000000 1.000000 7.000000 2.000000 4082.034411 0.006328 0.015407 0.000000 0.000000 0.000000
2.000000 2.000000 7.000000 2.000000 3704.169380 0.005737 0.013949 0.000000 0.000000 0.000000
2.000000 3.000000 7.000000 2.000000 3389.914555 0.005246 0.012741 0.000000 0.000000 0.000000
2.000000 4.000000 7.000000 2.000000 3121.114775 0.004827 0.011712 0.000000 0.000000 -0.000000
2.000000 5.000000 7.000000 2.000000 2905.857584 0.004492 0.010890 0.000000 0.000000 -0.000000
2.000000 6.000000 7.000000 2.000000 2716.360768 0.004197 0.010168 0.000000 0.000000 -0.000000
2.000000 7.000000 7.000000 2.000000 2569.548347 0.003969 0.009610 0.000000 0.000000 -0.000000
2.000000 8.000000 7.000000 2.000000 2955.438870 0.004569 0.011079 0.011079 0.000000 -295.309759
2.000000 9.000000 7.000000 2.000000 3292.434315 0.005094 0.012368 0.011977 0.000000 0.000000
2.000000 10.000000 7.000000 2.000000 2858.265830 0.004418 0.010709 0.010709 0.000000 -6304.491348
2.000000 11.000000 7.000000 2.000000 2482.763911 0.003834 0.009281 0.009281 0.000000 -11989.237481
2.000000 12.000000 7.000000 2.000000 2235.203000 0.003449 0.008343 0.008343 0.000000 -16646.975103
2.000000 13.000000 7.000000 2.000000 2083.476984 0.003214 0.007770 0.007770 0.000000 -17211.034013
2.000000 14.000000 7.000000 2.000000 1974.688652 0.003045 0.007359 0.007359 0.000000 -16251.533708
2.000000 15.000000 7.000000 2.000000 2491.505437 0.003847 0.009314 0.009314 0.000000 -8744.793058
2.000000 16.000000 7.000000 2.000000 4630.770265 0.007189 0.017537 0.012068 0.000000 0.000000
2.000000 17.000000 7.000000 2.000000 7543.887931 0.011797 0.029085 0.011797 1385.334205 0.000000
2.000000 18.000000 7.000000 2.000000 10043.283261 0.015805 0.039330 0.015805 13254.750456 0.000000
2.000000 19.000000 7.000000 2.000000 164064.814463 0.423024 21.215047 0.000000 0.000000 0.000000
2.000000 20.000000 7.000000 2.000000 38516.135533 0.065316 0.183778 0.000000 0.000000 -0.000000
2.000000 21.000000 7.000000 2.000000 8766.555739 0.013751 0.034057 0.000000 0.000000 -0.000000
2.000000 22.000000 7.000000 2.000000 6048.943304 0.009424 0.023107 0.000000 0.000000 -0.000000
2.000000 23.000000 7.000000 2.000000 5063.519237 0.007869 0.019226 0.000000 0.000000 0.000000
2.000000 24.000000 7.000000 2.000000 4416.122651 0.006852 0.016702 0.000000 0.000000 0.000000
2.000000 1.000000 1.000000 2.000000 3950.877504 0.006123 0.014900 0.000000 0.000000 0.000000
2.000000 2.000000 1.000000 2.000000 3568.901098 0.005526 0.013429 0.000000 0.000000 0.000000
2.000000 3.000000 1.000000 2.000000 3243.541189 0.005018 0.012181 0.000000 0.000000 0.000000
2.000000 4.000000 1.000000 2.000000 2983.228205 0.004612 0.011185 0.000000 0.000000 -0.000000
2.000000 5.000000 1.000000 2.000000 2768.442295 0.004278 0.010367 0.000000 0.000000 -0.000000
2.000000 6.000000 1.000000 2.000000 2591.802927 0.004003 0.009695 0.000000 0.000000 -0.000000
2.000000 7.000000 1.000000 2.000000 2455.757933 0.003792 0.009179 0.000000 0.000000 -0.000000
2.000000 8.000000 1.000000 2.000000 2898.242474 0.004480 0.010861 0.010861 0.000000 -41.223536
2.000000 9.000000 1.000000 2.000000 3320.024629 0.005137 0.012474 0.012113 0.000000 0.000000
2.000000 10.000000 1.000000 2.000000 2831.715487 0.004376 0.010608 0.010608 0.000000 -8382.999251
2.000000 11.000000 1.000000 2.000000 2453.041477 0.003788 0.009168 0.009168 0.000000 -13621.367811
2.000000 12.000000 1.000000 2.000000 2198.628695 0.003393 0.008205 0.008205 0.000000 -19164.569940
2.000000 13.000000 1.000000 2.000000 2047.283865 0.003158 0.007633 0.007633 0.000000 -20025.396932
2.000000 14.000000 1.000000 2.000000 1932.574331 0.002980 0.007200 0.007200 0.000000 -19099.522113
2.000000 15.000000 1.000000 2.000000 2635.023617 0.004070 0.009859 0.009859 0.000000 -9975.239406
2.000000 16.000000 1.000000 2.000000 4885.886944 0.007590 0.018532 0.012856 0.000000 0.000000
2.000000 17.000000 1.000000 2.000000 7920.849259 0.012398 0.030610 0.012398 881.633851 0.000000
2.000000 18.000000 1.000000 2.000000 10560.797789 0.016641 0.041492 0.016641 14047.747164 0.000000
2.000000 19.000000 1.000000 2.000000 169611.904934 0.447620 -143.164471 0.000000 0.000000 -0.000000
2.000000 20.000000 1.000000 2.000000 40208.191055 0.068502 0.194374 0.000000 0.000000 -0.000000
2.000000 21.000000 1.000000 2.000000 9225.816041 0.014488 0.035944 0.000000 0.000000 -0.000000
2.000000 22.000000 1.000000 2.000000 6362.924354 0.009921 0.024354 0.000000 0.000000 -0.000000
2.000000 23.000000 1.000000 2.000000 5320.933352 0.008274 0.020236 0.000000 0.000000 0.000000
2.000000 24.000000 1.000000 2.000000 4631.649806 0.007190 0.017540 0.000000 0.000000 0.000000
2.000000 1.000000 2.000000 2.000000 4140.894556 0.006420 0.015635 0.000000 0.000000 0.000000
2.000000 2.000000 2.000000 2.000000 3748.806424 0.005807 0.014121 0.000000 0.000000 0.000000
2.000000 3.000000 2.000000 2.000000 3431.896492 0.005312 0.012903 0.000000 0.000000 0.000000
2.000000 4.000000 2.000000 2.000000 3162.026148 0.004891 0.011869 0.000000 0.000000 -0.000000
2.000000 5.000000 2.000000 2.000000 2928.651309 0.004527 0.010977 0.000000 0.000000 -0.000000
2.000000 6.000000 2.000000 2.000000 2725.091121 0.004210 0.010202 0.000000 0.000000 -0.000000
2.000000 7.000000 2.000000 2.000000 2572.523067 0.003973 0.009622 0.000000 0.000000 -0.000000
2.000000 8.000000 2.000000 2.000000 2937.411009 0.004541 0.011011 0.010895 0.000000 0.000000
2.000000 9.000000 2.000000 2.000000 3276.895398 0.005070 0.012308 0.012033 0.000000 0.000000
2.000000 10.000000 2.000000 2.000000 2808.831986 0.004341 0.010520 0.010520 0.000000 -8059.946902
2.000000 11.000000 2.000000 2.000000 2409.050266 0.003719 0.009001 0.009001 0.000000 -16924.046205
2.000000 12.000000 2.000000 2.000000 2151.495788 0.003319 0.008027 0.008027 0.000000 -22294.553234
2.000000 13.000000 2.000000 2.000000 1992.370348 0.003073 0.007426 0.007426 0.000000 -23434.776564
2.000000 14.000000 2.000000 2.000000 1883.263228 0.002904 0.007015 0.007015 0.000000 -21329.339884
2.000000 15.000000 2.000000 2.000000 2725.590492 0.004211 0.010204 0.010204 0.000000 -10209.922456
2.000000 16.000000 2.000000 2.000000 5047.169426 0.007843 0.019162 0.013205 0.000000 0.000000
2.000000 17.000000 2.000000 2.000000 8174.541999 0.012803 0.031640 0.012803 641.240075 0.000000
2.000000 18.000000 2.000000 2.000000 10912.399883 0.017210 0.042969 0.017210 14760.962109 0.000000
2.000000 19.000000 2.000000 2.000000 173302.993259 0.464637 -24.343863 0.000000 0.000000 -0.000000
2.000000 20.000000 2.000000 2.000000 41085.146285 0.070165 0.199976 0.000000 0.000000 -0.000000
2.000000 21.000000 2.000000 2.000000 9442.244279 0.014836 0.036837 0.000000 0.000000 -0.000000
2.000000 22.000000 2.000000 2.000000 6497.707511 0.010134 0.024890 0.000000 0.000000 -0.000000
2.000000 23.000000 2.000000 2.000000 5429.397482 0.008445 0.020662 0.000000 0.000000 0.000000
2.000000 24.000000 2.000000 2.000000 4697.462091 0.007294 0.017797 0.000000 0.000000 0.000000
2.000000 1.000000 3.000000 2.000000 4172.095703 0.006469 0.015756 0.000000 0.000000 0.000000
2.000000 2.000000 3.000000 2.000000 3778.793668 0.005854 0.014237 0.000000 0.000000 0.000000
2.000000 3.000000 3.000000 2.000000 3459.876783 0.005355 0.013010 0.000000 0.000000 0.000000
2.000000 4.000000 3.000000 2.000000 3197.910147 0.004947 0.012006 0.000000 0.000000 -0.000000
2.000000 5.000000 3.000000 2.000000 2956.219932 0.004570 0.011082 0.000000 0.000000 -0.000000
2.000000 6.000000 3.000000 2.000000 2738.260666 0.004231 0.010252 0.000000 0.000000 -0.000000
2.000000 7.000000 3.000000 2.000000 2555.534359 0.003947 0.009557 0.000000 0.000000 -0.000000
2.000000 8.000000 3.000000 2.000000 4386.957997 0.006806 0.016589 0.000000 0.000000 0.000000
2.000000 9.000000 3.000000 2.000000 6189.602984 0.009646 0.023665 0.000000 0.000000 0.000000
2.000000 10.000000 3.000000 2.000000 8151.233886 0.012766 0.031545 0.000000 0.000000 0.000000
2.000000 11.000000 3.000000 2.000000 10544.131202 0.016614 0.041422 0.000000 0.000000 0.000000
2.000000 12.000000 3.000000 2.000000 12685.027894 0.020096 0.050516 0.000000 0.000000 0.000000
2.000000 13.000000 3.000000 2.000000 14417.201530 0.022942 0.058058 0.000000 0.000000 0.000000
2.000000 14.000000 3.000000 2.000000 16000.522748 0.025565 0.065101 0.000000 0.000000 0.000000
2.000000 15.000000 3.000000 2.000000 32157.262410 0.053604 0.146300 0.000000 0.000000 0.000000
2.000000 16.000000 3.000000 2.000000 92195.164986 0.183151 0.747855 0.000000 0.000000 0.000000
2.000000 17.000000 3.000000 2.000000 216005.080156 0.709766 -2.850731 0.000000 0.000000 -0.000000
2.000000 18.000000 3.000000 2.000000 372081.237550 6.966982 -1.138914 0.000000 0.000000 -0.000000
2.000000 19.000000 3.000000 2.000000 312640.392898 2.098674 -1.352637 -0.000000 0.000000 -0.000000
2.000000 20.000000 3.000000 2.000000 56431.803628 0.100613 0.312163 0.000000 0.000000 0.000000
2.000000 21.000000 3.000000 2.000000 12664.341836 0.020062 0.050427 0.000000 0.000000 -0.000000
2.000000 22.000000 3.000000 2.000000 8472.203641 0.013280 0.032853 0.000000 0.000000 -0.000000
2.000000 23.000000 3.000000 2.000000 6926.712232 0.010815 0.026604 0.000000 0.000000 0.000000
2.000000 24.000000 3.000000 2.000000 5891.521364 0.009175 0.022484 0.000000 0.000000 0.000000
2.000000 1.000000 4.000000 2.000000 5150.232841 0.008006 0.019566 0.000000 0.000000 0.000000
2.000000 2.000000 4.000000 2.000000 4580.938035 0.007111 0.017343 0.000000 0.000000 0.000000
2.000000 3.000000 4.000000 2.000000 4122.273168 0.006391 0.015563 0.000000 0.000000 0.000000
2.000000 4.000000 4.000000 2.000000 3739.050591 0.005792 0.014083 0.000000 0.000000 0.000000
2.000000 5.000000 4.000000 2.000000 3387.517151 0.005243 0.012732 0.000000 0.000000 0.000000
2.000000 6.000000 4.000000 2.000000 3090.849388 0.004780 0.011596 0.000000 0.000000 0.000000
2.000000 7.000000 4.000000 2.000000 2854.899997 0.004412 0.010696 0.000000 0.000000 -0.000000
2.000000 8.000000 4.000000 2.000000 4782.427627 0.007427 0.018128 0.000000 0.000000 0.000000
2.000000 9.000000 4.000000 2.000000 6629.209005 0.010343 0.025414 0.000000 0.000000 0.000000
2.000000 10.000000 4.000000 2.000000 8590.082909 0.013468 0.033335 0.000000 0.000000 0.000000
2.000000 11.000000 4.000000 2.000000 10988.009905 0.017333 0.043288 0.000000 0.000000 0.000000
2.000000 12.000000 4.000000 2.000000 13221.493507 0.020975 0.052834 0.000000 0.000000 0.000000
2.000000 13.000000 4.000000 2.000000 15032.484149 0.023958 0.060778 0.000000 0.000000 0.000000
2.000000 14.000000 4.000000 2.000000 16664.338091 0.026671 0.068098 0.000000 0.000000 0.000000
2.000000 15.000000 4.000000 2.000000 33341.147423 0.055754 0.153011 0.000000 0.000000 0.000000
2.000000 16.000000 4.000000 2.000000 94814.169725 0.189942 0.796297 0.000000 0.000000 0.000000
2.000000 17.000000 4.000000 2.000000 220201.078708 0.739956 -2.668528 0.000000 0.000000 -0.000000
2.000000 18.000000 4.000000 2.000000 378730.716417 8.866272 -1.122536 0.000000 0.000000 -0.000000
2.000000 19.000000 4.000000 2.000000 316687.483677 2.222932 -1.332632 -0.000000 0.000000 -0.000000
2.000000 20.000000 4.000000 2.000000 57079.590267 0.101957 0.317576 0.000000 0.000000 0.000000
2.000000 21.000000 4.000000 2.000000 12816.400061 0.020311 0.051082 0.000000 0.000000 -0.000000
2.000000 22.000000 4.000000 2.000000 8573.814574 0.013442 0.033268 0.000000 0.000000 -0.000000
2.000000 23.000000 4.000000 2.000000 6993.180902 0.010921 0.026870 0.000000 0.000000 0.000000
2.000000 24.000000 4.000000 2.000000 5988.539538 0.009328 0.022868 0.000000 0.000000 0.000000
2.000000 1.000000 5.000000 2.000000 5240.342585 0.008148 0.019919 0.000000 0.000000 0.000000
2.000000 2.000000 5.000000 2.000000 4651.742453 0.007222 0.017619 0.000000 0.000000 0.000000
2.000000 3.000000 5.000000 2.000000 4177.391279 0.006478 0.015776 0.000000 0.000000 0.000000
2.000000 4.000000 5.000000 2.000000 3766.848749 0.005835 0.014191 0.000000 0.000000 0.000000
2.000000 5.000000 5.000000 2.000000 3402.456886 0.005266 0.012790 0.000000 0.000000 0.000000
2.000000 6.000000 5.000000 2.000000 3124.903115 0.004833 0.011727 0.000000 0.000000 0.000000
2.000000 7.000000 5.000000 2.000000 2906.071474 0.004492 0.010891 0.000000 0.000000 -0.000000
2.000000 8.000000 5.000000 2.000000 3144.396474 0.004863 0.011801 0.011137 0.000000 0.000000
2.000000 9.000000 5.000000 2.000000 3057.170789 0.004727 0.011468 0.011468 0.000000 -2832.359363
2.000000 10.000000 5.000000 2.000000 2643.652218 0.004084 0.009892 0.009892 0.000000 -9619.003068
2.000000 11.000000 5.000000 2.000000 2303.838600 0.003556 0.008603 0.008603 0.000000 -17260.864674
2.000000 12.000000 5.000000 2.000000 2081.387746 0.003211 0.007762 0.007762 0.000000 -20204.038466
2.000000 13.000000 5.000000 2.000000 1935.641585 0.002985 0.007212 0.007212 0.000000 -20850.756668
2.000000 14.000000 5.000000 2.000000 1855.794166 0.002861 0.006911 0.006911 0.000000 -22846.649118
2.000000 15.000000 5.000000 2.000000 2830.837014 0.004375 0.010604 0.010604 0.000000 -10305.493918
2.000000 16.000000 5.000000 2.000000 5208.917649 0.008098 0.019796 0.013676 0.000000 0.000000
2.000000 17.000000 5.000000 2.000000 8381.801871 0.013135 0.032484 0.013135 549.278879 0.000000
2.000000 18.000000 5.000000 2.000000 11056.421482 0.017444 0.043576 0.017444 14078.470418 0.000000
2.000000 19.000000 5.000000 2.000000 174644.847471 0.470959 -18.827031 0.000000 0.000000 -0.000000
2.000000 20.000000 5.000000 2.000000 41486.187160 0.070928 0.202564 0.000000 0.000000 -0.000000
2.000000 21.000000 5.000000 2.000000 9583.641027 0.015064 0.037422 0.000000 0.000000 -0.000000
2.000000 22.000000 5.000000 2.000000 6623.769161 0.010334 0.025393 0.000000 0.000000 -0.000000
2.000000 23.000000 5.000000 2.000000 5560.663732 0.008652 0.021178 0.000000 0.000000 0.000000
2.000000 24.000000 5.000000 2.000000 4887.897296 0.007593 0.018540 0.000000 0.000000 0.000000
2.000000 1.000000 6.000000 2.000000 4391.384351 0.006813 0.016606 0.000000 0.000000 0.000000
2.000000 2.000000 6.000000 2.000000 3972.274624 0.006156 0.014983 0.000000 0.000000 0.000000
2.000000 3.000000 6.000000 2.000000 3622.951351 0.005610 0.013637 0.000000 0.000000 0.000000
2.000000 4.000000 6.000000 2.000000 3314.324378 0.005128 0.012452 0.000000 0.000000 0.000000
2.000000 5.000000 6.000000 2.000000 3043.182885 0.004706 0.011414 0.000000 0.000000 -0.000000
2.000000 6.000000 6.000000 2.000000 2834.225374 0.004380 0.010617 0.000000 0.000000 -0.000000
2.000000 7.000000 6.000000 2.000000 2639.833421 0.004078 0.009877 0.000000 0.000000 -0.000000
2.000000 8.000000 6.000000 2.000000 2996.992621 0.004634 0.011238 0.011058 0.000000 0.000000
2.000000 9.000000 6.000000 2.000000 3203.742175 0.004956 0.012028 0.012028 0.000000 -1352.707042
2.000000 10.000000 6.000000 2.000000 2786.283134 0.004306 0.010435 0.010435 0.000000 -7269.215927
2.000000 11.000000 6.000000 2.000000 2390.175119 0.003690 0.008930 0.008930 0.000000 -16336.564743
2.000000 12.000000 6.000000 2.000000 2141.305069 0.003304 0.007988 0.007988 0.000000 -21047.209356
2.000000 13.000000 6.000000 2.000000 1987.096847 0.003065 0.007406 0.007406 0.000000 -21382.599591
2.000000 14.000000 6.000000 2.000000 1884.208528 0.002905 0.007018 0.007018 0.000000 -21170.863776
2.000000 15.000000 6.000000 2.000000 2633.337522 0.004068 0.009853 0.009853 0.000000 -9272.832805
2.000000 16.000000 6.000000 2.000000 4835.412049 0.007510 0.018335 0.012529 0.000000 0.000000
2.000000 17.000000 6.000000 2.000000 7824.334217 0.012244 0.030219 0.012244 1364.088267 0.000000
2.000000 18.000000 6.000000 2.000000 10323.836573 0.016258 0.040501 0.016258 13782.613003 0.000000
2.000000 19.000000 6.000000 2.000000 166479.513324 0.433590 43.227232 0.000000 0.000000 0.000000
2.000000 20.000000 6.000000 2.000000 39235.179835 0.066667 0.188247 0.000000 0.000000 -0.000000
2.000000 21.000000 6.000000 2.000000 9002.426023 0.014130 0.035025 0.000000 0.000000 -0.000000
2.000000 22.000000 6.000000 2.000000 6228.206921 0.009707 0.023818 0.000000 0.000000 -0.000000
2.000000 23.000000 6.000000 2.000000 5256.911458 0.008174 0.019984 0.000000 0.000000 0.000000
2.000000 24.000000 6.000000 2.000000 4651.879703 0.007222 0.017619 0.000000 0.000000 0.000000
2.000000 1.000000 7.000000 2.000000 4203.391913 0.006518 0.015877 0.000000 0.000000 0.000000
2.000000 2.000000 7.000000 2.000000 3828.255473 0.005931 0.014427 0.000000 0.000000 0.000000
2.000000 3.000000 7.000000 2.000000 3532.301286 0.005469 0.013288 0.000000 0.000000 0.000000
2.000000 4.000000 7.000000 2.000000 3284.037026 0.005081 0.012336 0.000000 0.000000 0.000000
2.000000 5.000000 7.000000 2.000000 3063.994565 0.004738 0.011494 0.000000 0.000000 -0.000000
2.000000 6.000000 7.000000 2.000000 2866.288240 0.004430 0.010739 0.000000 0.000000 -0.000000
2.000000 7.000000 7.000000 2.000000 2696.408087 0.004166 0.010093 0.000000 0.000000 -0.000000
2.000000 8.000000 7.000000 2.000000 3128.615499 0.004839 0.011741 0.011741 0.000000 -494.119415
2.000000 9.000000 7.000000 2.000000 3152.907139 0.004877 0.011834 0.011834 0.000000 -3660.046149
2.000000 10.000000 7.000000 2.000000 2722.392479 0.004206 0.010191 0.010191 0.000000 -9740.775773
2.000000 11.000000 7.000000 2.000000 2369.905637 0.003658 0.008853 0.008853 0.000000 -16785.107048
2.000000 12.000000 7.000000 2.000000 2144.684303 0.003309 0.008001 0.008001 0.000000 -18949.410302
2.000000 13.000000 7.000000 2.000000 2008.483378 0.003098 0.007487 0.007487 0.000000 -18722.460202
2.000000 14.000000 7.000000 2.000000 1905.068826 0.002937 0.007097 0.007097 0.000000 -18021.499968
2.000000 15.000000 7.000000 2.000000 2616.550465 0.004042 0.009789 0.009789 0.000000 -9192.455203
2.000000 16.000000 7.000000 2.000000 4822.050204 0.007489 0.018283 0.012527 0.000000 0.000000
2.000000 17.000000 7.000000 2.000000 7811.630654 0.012224 0.030167 0.012224 1616.218628 0.000000
2.000000 18.000000 7.000000 2.000000 10360.815470 0.016318 0.040655 0.016318 14183.337464 0.000000
2.000000 19.000000 7.000000 2.000000 167295.012371 0.437207 65.859691 0.000000 0.000000 0.000000
2.000000 20.000000 7.000000 2.000000 39456.916903 0.067084 0.189635 0.000000 0.000000 -0.000000
2.000000 21.000000 7.000000 2.000000 9053.727585 0.014212 0.035236 0.000000 0.000000 -0.000000
2.000000 22.000000 7.000000 2.000000 6264.963882 0.009766 0.023964 0.000000 0.000000 -0.000000
2.000000 23.000000 7.000000 2.000000 5292.281456 0.008229 0.020123 0.000000 0.000000 0.000000
2.000000 24.000000 7.000000 2.000000 4646.663129 0.007214 0.017599 0.000000 0.000000 0.000000
2.000000 1.000000 1.000000 2.000000 4162.277907 0.006454 0.015718 0.000000 0.000000 0.000000
2.000000 2.000000 1.000000 2.000000 3810.584968 0.005903 0.014359 0.000000 0.000000 0.000000
2.000000 3.000000 1.000000 2.000000 3530.724411 0.005466 0.013282 0.000000 0.000000 0.000000
2.000000 4.000000 1.000000 2.000000 3276.952171 0.005070 0.012309 0.000000 0.000000 -0.000000
2.000000 5.000000 1.000000 2.000000 3029.652109 0.004685 0.011363 0.000000 0.000000 -0.000000
2.000000 6.000000 1.000000 2.000000 2830.228384 0.004374 0.010602 0.000000 0.000000 -0.000000
2.000000 7.000000 1.000000 2.000000 2660.113548 0.004109 0.009955 0.000000 0.000000 -0.000000
2.000000 8.000000 1.000000 2.000000 2996.918406 0.004634 0.011238 0.011056 0.000000 0.000000
2.000000 9.000000 1.000000 2.000000 3272.102922 0.005062 0.012290 0.011818 0.000000 0.000000
2.000000 10.000000 1.000000 2.000000 2823.880536 0.004364 0.010578 0.010578 0.000000 -6240.845975
2.000000 11.000000 1.000000 2.000000 2443.088987 0.003772 0.009130 0.009130 0.000000 -14257.881972
2.000000 12.000000 1.000000 2.000000 2201.415324 0.003397 0.008215 0.008215 0.000000 -18501.125273
2.000000 13.000000 1.000000 2.000000 2043.808809 0.003152 0.007620 0.007620 0.000000 -20303.541101
2.000000 14.000000 1.000000 2.000000 1940.799926 0.002993 0.007231 0.007231 0.000000 -18550.635257
2.000000 15.000000 1.000000 2.000000 2557.290465 0.003950 0.009564 0.009564 0.000000 -9444.842591
2.000000 16.000000 1.000000 2.000000 4714.475354 0.007320 0.017863 0.012359 0.000000 0.000000
2.000000 17.000000 1.000000 2.000000 7683.042651 0.012019 0.029647 0.012019 970.677987 0.000000
2.000000 18.000000 1.000000 2.000000 10224.947414 0.016098 0.040088 0.016098 13526.498976 0.000000
2.000000 19.000000 1.000000 2.000000 166263.144536 0.432635 39.594716 0.000000 0.000000 0.000000
2.000000 20.000000 1.000000 2.000000 39590.046180 0.067335 0.190471 0.000000 0.000000 -0.000000
2.000000 21.000000 1.000000 2.000000 9187.366883 0.014427 0.035786 0.000000 0.000000 -0.000000
2.000000 22.000000 1.000000 2.000000 6383.140442 0.009953 0.024434 0.000000 0.000000 -0.000000
2.000000 23.000000 1.000000 2.000000 5364.507427 0.008343 0.020407 0.000000 0.000000 0.000000
2.000000 24.000000 1.000000 2.000000 4748.385436 0.007374 0.017995 0.000000 0.000000 0.000000
2.000000 1.000000 2.000000 2.000000 4287.521881 0.006650 0.016203 0.000000 0.000000 0.000000
2.000000 2.000000 2.000000 2.000000 3927.444027 0.006086 0.014810 0.000000 0.000000 0.000000
2.000000 3.000000 2.000000 2.000000 3629.637594 0.005621 0.013662 0.000000 0.000000 -0.000000
2.000000 4.000000 2.000000 2.000000 3375.599898 0.005224 0.012687 0.000000 0.000000 -0.000000
2.000000 5.000000 2.000000 2.000000 3123.075670 0.004830 0.011720 0.000000 0.000000 -0.000000
2.000000 6.000000 2.000000 2.000000 2899.837042 0.004482 0.010867 0.000000 0.000000 -0.000000
2.000000 7.000000 2.000000 2.000000 2717.490374 0.004199 0.010173 0.000000 0.000000 -0.000000
2.000000 8.000000 2.000000 2.000000 2998.256118 0.004636 0.011243 0.010868 0.000000 0.000000
2.000000 9.000000 2.000000 2.000000 3286.148747 0.005084 0.012344 0.011402 0.000000 0.000000
2.000000 10.000000 2.000000 2.000000 2847.561091 0.004401 0.010668 0.010668 0.000000 -5136.893762
2.000000 11.000000 2.000000 2.000000 2461.791506 0.003801 0.009201 0.009201 0.000000 -12648.873481
2.000000 12.000000 2.000000 2.000000 2218.746183 0.003424 0.008281 0.008281 0.000000 -16393.127867
2.000000 13.000000 2.000000 2.000000 2073.369087 0.003198 0.007732 0.007732 0.000000 -17528.362540
2.000000 14.000000 2.000000 2.000000 1978.360141 0.003051 0.007373 0.007373 0.000000 -16615.899003
2.000000 15.000000 2.000000 2.000000 2455.129423 0.003791 0.009176 0.009176 0.000000 -9026.972672
2.000000 16.000000 2.000000 2.000000 4527.645015 0.007027 0.017136 0.011865 0.000000 0.000000
2.000000 17.000000 2.000000 2.000000 7404.426213 0.011575 0.028523 0.011575 957.959621 0.000000
2.000000 18.000000 2.000000 2.000000 9859.501281 0.015508 0.038566 0.015508 13748.350838 0.000000
2.000000 19.000000 2.000000 2.000000 161835.759364 0.413456 14.300100 0.000000 0.000000 0.000000
2.000000 20.000000 2.000000 2.000000 37951.084986 0.064259 0.180300 0.000000 0.000000 -0.000000
2.000000 21.000000 2.000000 2.000000 8708.265869 0.013658 0.033818 0.000000 0.000000 -0.000000
2.000000 22.000000 2.000000 2.000000 6000.092364 0.009347 0.022914 0.000000 0.000000 -0.000000
2.000000 23.000000 2.000000 2.000000 4994.165496 0.007760 0.018955 0.000000 0.000000 0.000000
2.000000 24.000000 2.000000 2.000000 4424.229724 0.006865 0.016734 0.000000 0.000000 0.000000
2.000000 1.000000 3.000000 2.000000 3981.913247 0.006172 0.015020 0.000000 0.000000 0.000000
2.000000 2.000000 3.000000 2.000000 3632.210357 0.005625 0.013672 0.000000 0.000000 0.000000
2.000000 3.000000 3.000000 2.000000 3349.421445 0.005183 0.012586 0.000000 0.000000 0.000000
2.000000 4.000000 3.000000 2.000000 3132.846591 0.004845 0.011757 0.000000 0.000000 -0.000000
2.000000 5.000000 3.000000 2.000000 2924.910542 0.004521 0.010963 0.000000 0.000000 -0.000000
2.000000 6.000000 3.000000 2.000000 2730.616778 0.004219 0.010223 0.000000 0.000000 -0.000000
2.000000 7.000000 3.000000 2.000000 2567.000321 0.003965 0.009601 0.000000 0.000000 -0.000000
2.000000 8.000000 3.000000 2.000000 4353.884626 0.006754 0.016461 0.000000 0.000000 0.000000
2.000000 9.000000 3.000000 2.000000 5982.862720 0.009319 0.022845 0.000000 0.000000 0.000000
2.000000 10.000000 3.000000 2.000000 7834.418950 0.012260 0.030260 0.000000 0.000000 0.000000
2.000000 11.000000 3.000000 2.000000 10103.038889 0.015901 0.039579 0.000000 0.000000 0.000000
2.000000 12.000000 3.000000 2.000000 12181.294636 0.019273 0.048354 0.000000 0.000000 0.000000
2.000000 13.000000 3.000000 2.000000 13912.984951 0.022111 0.055845 0.000000 0.000000 0.000000
2.000000 14.000000 3.000000 2.000000 15382.081297 0.024538 0.062333 0.000000 0.000000 0.000000
2.000000 15.000000 3.000000 2.000000 30813.573126 0.051180 0.138823 0.000000 0.000000 0.000000
2.000000 16.000000 3.000000 2.000000 88114.121183 0.172791 0.678633 0.000000 0.000000 0.000000
2.000000 17.000000 3.000000 2.000000 206683.274139 0.647262 -3.400234 0.000000 0.000000 -0.000000
2.000000 18.000000 3.000000 2.000000 355393.661328 4.429394 -1.185162 0.000000 0.000000 -0.000000
2.000000 19.000000 3.000000 2.000000 296026.439209 1.685023 -1.448104 -0.000000 0.000000 -0.000000
2.000000 20.000000 3.000000 2.000000 52328.130759 0.092212 0.279270 0.000000 0.000000 0.000000
2.000000 21.000000 3.000000 2.000000 11591.205789 0.018312 0.045839 0.000000 0.000000 -0.000000
2.000000 22.000000 3.000000 2.000000 7743.744442 0.012116 0.029892 0.000000 0.000000 -0.000000
2.000000 23.000000 3.000000 2.000000 6319.011058 0.009851 0.024179 0.000000 0.000000 0.000000
2.000000 24.000000 3.000000 2.000000 5420.846095 0.008432 0.020628 0.000000 0.000000 0.000000
2.000000 1.000000 4.000000 2.000000 4751.084199 0.007378 0.018006 0.000000 0.000000 0.000000
2.000000 2.000000 4.000000 2.000000 4230.493944 0.006561 0.015982 0.000000 0.000000 0.000000
2.000000 3.000000 4.000000 2.000000 3790.697712 0.005872 0.014282 0.000000 0.000000 0.000000
2.000000 4.000000 4.000000 2.000000 3461.572611 0.005358 0.013016 0.000000 0.000000 0.000000
2.000000 5.000000 4.000000 2.000000 3177.265317 0.004915 0.011927 0.000000 0.000000 0.000000
2.000000 6.000000 4.000000 2.000000 2943.625502 0.004551 0.011034 0.000000 0.000000 0.000000
2.000000 7.000000 4.000000 2.000000 2743.735762 0.004239 0.010273 0.000000 0.000000 -0.000000
2.000000 8.000000 4.000000 2.000000 4636.855497 0.007198 0.017561 0.000000 0.000000 0.000000
2.000000 9.000000 4.000000 2.000000 6436.528677 0.010037 0.024646 0.000000 0.000000 0.000000
2.000000 10.000000 4.000000 2.000000 8331.481869 0.013054 0.032279 0.000000 0.000000 0.000000
2.000000 11.000000 4.000000 2.000000 10524.345758 0.016582 0.041340 0.000000 0.000000 0.000000
2.000000 12.000000 4.000000 2.000000 12498.244795 0.019791 0.049713 0.000000 0.000000 0.000000
2.000000 13.000000 4.000000 2.000000 14107.373799 0.022431 0.056697 0.000000 0.000000 0.000000
2.000000 14.000000 4.000000 2.000000 15550.381737 0.024817 0.063084 0.000000 0.000000 0.000000
2.000000 15.000000 4.000000 2.000000 30976.344941 0.051472 0.139721 0.000000 0.000000 0.000000
2.000000 16.000000 4.000000 2.000000 88870.283129 0.174691 0.690926 0.000000 0.000000 0.000000
2.000000 17.000000 4.000000 2.000000 208520.419505 0.659112 -3.271493 0.000000 0.000000 -0.000000
2.000000 18.000000 4.000000 2.000000 358865.902555 4.807127 -1.174870 0.000000 0.000000 -0.000000
2.000000 19.000000 4.000000 2.000000 299009.722566 1.749775 -1.429165 -0.000000 0.000000 -0.000000
2.000000 20.000000 4.000000 2.000000 52914.725898 0.093400 0.283830 0.000000 0.000000 0.000000
2.000000 21.000000 4.000000 2.000000 11767.191072 0.018599 0.046587 0.000000 0.000000 -0.000000
2.000000 22.000000 4.000000 2.000000 7907.128028 0.012376 0.030554 0.000000 0.000000 -0.000000
2.000000 23.000000 4.000000 2.000000 6474.508079 0.010098 0.024798 0.000000 0.000000 0.000000
2.000000 24.000000 4.000000 2.000000 5530.296311 0.008605 0.021059 0.000000 0.000000 0.000000
2.000000 1.000000 5.000000 2.000000 4831.537735 0.007504 0.018320 0.000000 0.000000 0.000000
2.000000 2.000000 5.000000 2.000000 4335.958855 0.006726 0.016391 0.000000 0.000000 0.000000
2.000000 3.000000 5.000000 2.000000 3924.337727 0.006081 0.014798 0.000000 0.000000 0.000000
2.000000 4.000000 5.000000 2.000000 3591.733652 0.005561 0.013517 0.000000 0.000000 0.000000
2.000000 5.000000 5.000000 2.000000 3289.922975 0.005090 0.012358 0.000000 0.000000 0.000000
2.000000 6.000000 5.000000 2.000000 3037.112614 0.004696 0.011391 0.000000 0.000000 0.000000
2.000000 7.000000 5.000000 2.000000 2833.103871 0.004378 0.010613 0.000000 0.000000 -0.000000
2.000000 8.000000 5.000000 2.000000 3056.471605 0.004726 0.011465 0.010686 0.000000 0.000000
2.000000 9.000000 5.000000 2.000000 3133.325483 0.004846 0.011759 0.011647 0.000000 0.000000
2.000000 10.000000 5.000000 2.000000 2704.853009 0.004179 0.010125 0.010125 0.000000 -9028.305880
2.000000 11.000000 5.000000 2.000000 2336.111091 0.003606 0.008725 0.008725 0.000000 -19766.753008
2.000000 12.000000 5.000000 2.000000 2101.091450 0.003241 0.007836 0.007836 0.000000 -24119.579653
2.000000 13.000000 5.000000 2.000000 1959.237678 0.003021 0.007301 0.007301 0.000000 -24248.772686
2.000000 14.000000 5.000000 2.000000 1884.008532 0.002905 0.007017 0.007017 0.000000 -20559.461085
2.000000 15.000000 5.000000 2.000000 2564.872699 0.003961 0.009593 0.009593 0.000000 -9072.129084
2.000000 16.000000 5.000000 2.000000 4684.441518 0.007273 0.017746 0.011967 0.000000 0.000000
2.000000 17.000000 5.000000 2.000000 7574.646781 0.011846 0.029209 0.011846 1819.300839 0.000000
2.000000 18.000000 5.000000 2.000000 10039.880106 0.015799 0.039316 0.015799 14543.468878 0.000000
2.000000 19.000000 5.000000 2.000000 163666.005245 0.421299 19.543167 0.000000 0.000000 0.000000
2.000000 20.000000 5.000000 2.000000 38363.313175 0.065030 0.182834 0.000000 0.000000 -0.000000
2.000000 21.000000 5.000000 2.000000 8770.822427 0.013758 0.034074 0.000000 0.000000 -0.000000
2.000000 22.000000 5.000000 2.000000 6056.834979 0.009436 0.023138 0.000000 0.000000 -0.000000
2.000000 23.000000 5.000000 2.000000 5068.083106 0.007876 0.019244 0.000000 0.000000 0.000000
2.000000 24.000000 5.000000 2.000000 4390.960966 0.006812 0.016605 0.000000 0.000000 0.000000
2.000000 1.000000 6.000000 2.000000 3878.289815 0.006009 0.014620 0.000000 0.000000 0.000000
2.000000 2.000000 6.000000 2.000000 3498.095882 0.005415 0.013157 0.000000 0.000000 0.000000
2.000000 3.000000 6.000000 2.000000 3183.269523 0.004924 0.011950 0.000000 0.000000 0.000000
2.000000 4.000000 6.000000 2.000000 2942.229269 0.004548 0.011029 0.000000 0.000000 0.000000
2.000000 5.000000 6.000000 2.000000 2732.072270 0.004221 0.010228 0.000000 0.000000 -0.000000
2.000000 6.000000 6.000000 2.000000 2563.459783 0.003959 0.009587 0.000000 0.000000 -0.000000
2.000000 7.000000 6.000000 2.000000 2425.320780 0.003744 0.009063 0.000000 0.000000 -0.000000
2.000000 8.000000 6.000000 2.000000 2808.220549 0.004340 0.010518 0.010437 0.000000 0.000000
2.000000 9.000000 6.000000 2.000000 3378.487671 0.005228 0.012698 0.011388 0.000000 0.000000
2.000000 10.000000 6.000000 2.000000 2888.402043 0.004465 0.010824 0.010824 0.000000 -4798.199558
2.000000 11.000000 6.000000 2.000000 2504.170910 0.003867 0.009362 0.009362 0.000000 -12660.594634
2.000000 12.000000 6.000000 2.000000 2266.982025 0.003499 0.008463 0.008463 0.000000 -15191.833742
2.000000 13.000000 6.000000 2.000000 2117.858159 0.003267 0.007900 0.007900 0.000000 -15254.633384
2.000000 14.000000 6.000000 2.000000 1996.798283 0.003080 0.007443 0.007443 0.000000 -16175.109231
2.000000 15.000000 6.000000 2.000000 2503.758961 0.003866 0.009361 0.009361 0.000000 -9345.926216
2.000000 16.000000 6.000000 2.000000 4656.059917 0.007229 0.017635 0.012259 0.000000 0.000000
2.000000 17.000000 6.000000 2.000000 7552.623731 0.011811 0.029120 0.011811 356.368819 0.000000
2.000000 18.000000 6.000000 2.000000 9947.681275 0.015650 0.038933 0.015650 13884.523955 0.000000
2.000000 19.000000 6.000000 2.000000 161326.873973 0.411297 13.294070 0.000000 0.000000 0.000000
2.000000 20.000000 6.000000 2.000000 37388.840650 0.063211 0.176869 0.000000 0.000000 -0.000000
2.000000 21.000000 6.000000 2.000000 8440.901931 0.013229 0.032725 0.000000 0.000000 -0.000000
2.000000 22.000000 6.000000 2.000000 5797.448765 0.009026 0.022112 0.000000 0.000000 -0.000000
2.000000 23.000000 6.000000 2.000000 4837.015126 0.007513 0.018341 0.000000 0.000000 0.000000
2.000000 24.000000 6.000000 2.000000 4249.236748 0.006590 0.016055 0.000000 0.000000 0.000000
2.000000 1.000000 7.000000 2.000000 3796.055067 0.005881 0.014303 0.000000 0.000000 0.000000
2.000000 2.000000 7.000000 2.000000 3438.879737 0.005323 0.012929 0.000000 0.000000 0.000000
2.000000 3.000000 7.000000 2.000000 3135.379972 0.004849 0.011767 0.000000 0.000000 -0.000000
2.000000 4.000000 7.000000 2.000000 2907.206278 0.004494 0.010895 0.000000 0.000000 -0.000000
2.000000 5.000000 7.000000 2.000000 2737.268673 0.004229 0.010248 0.000000 0.000000 -0.000000
2.000000 6.000000 7.000000 2.000000 2583.800046 0.003991 0.009665 0.000000 0.000000 -0.000000
2.000000 7.000000 7.000000 2.000000 2428.294249 0.003749 0.009074 0.000000 0.000000 -0.000000
2.000000 8.000000 7.000000 2.000000 2809.926298 0.004342 0.010525 0.010525 0.000000 -283.051485
2.000000 9.000000 7.000000 2.000000 3384.197077 0.005237 0.012720 0.011642 0.000000 0.000000
2.000000 10.000000 7.000000 2.000000 2891.875294 0.004470 0.010837 0.010837 0.000000 -5480.981632
2.000000 11.000000 7.000000 2.000000 2508.356694 0.003873 0.009378 0.009378 0.000000 -9695.960196
2.000000 12.000000 7.000000 2.000000 2264.988746 0.003496 0.008456 0.008456 0.000000 -13761.952107
2.000000 13.000000 7.000000 2.000000 2103.495624 0.003245 0.007845 0.007845 0.000000 -16029.434663
2.000000 14.000000 7.000000 2.000000 1983.320885 0.003059 0.007392 0.007392 0.000000 -16436.168055
2.000000 15.000000 7.000000 2.000000 2523.366844 0.003897 0.009435 0.009435 0.000000 -9328.167031
2.000000 16.000000 7.000000 2.000000 4620.246738 0.007172 0.017496 0.011984 0.000000 0.000000
2.000000 17.000000 7.000000 2.000000 7397.595564 0.011564 0.028495 0.011564 1634.988693 0.000000
2.000000 18.000000 7.000000 2.000000 9746.631285 0.015326 0.038098 0.015326 13183.673763 0.000000
2.000000 19.000000 7.000000 2.000000 159898.477145 0.405282 11.079664 0.000000 0.000000 0.000000
2.000000 20.000000 7.000000 2.000000 37263.630562 0.062977 0.176109 0.000000 0.000000 -0.000000
2.000000 21.000000 7.000000 2.000000 8508.366293 0.013337 0.033001 0.000000 0.000000 -0.000000
2.000000 22.000000 7.000000 2.000000 5827.287819 0.009073 0.022230 0.000000 0.000000 -0.000000
2.000000 23.000000 7.000000 2.000000 4849.852648 0.007533 0.018391 0.000000 0.000000 0.000000
2.000000 24.000000 7.000000 2.000000 4240.072686 0.006576 0.016019 0.000000 0.000000 0.000000
2.000000 1.000000 1.000000 3.000000 3802.571060 0.005891 0.014328 0.000000 0.000000 0.000000
2.000000 2.000000 1.000000 3.000000 3460.389398 0.005356 0.013012 0.000000 0.000000 0.000000
2.000000 3.000000 1.000000 3.000000 3162.844812 0.004892 0.011872 0.000000 0.000000 -0.000000
2.000000 4.000000 1.000000 3.000000 2912.699967 0.004502 0.010916 0.000000 0.000000 -0.000000
2.000000 5.000000 1.000000 3.000000 2702.381063 0.004175 0.010115 0.000000 0.000000 -0.000000
2.000000 6.000000 1.000000 3.000000 2549.090699 0.003937 0.009533 0.000000 0.000000 -0.000000
2.000000 7.000000 1.000000 3.000000 2391.800187 0.003692 0.008936 0.000000 0.000000 -0.000000
2.000000 8.000000 1.000000 3.000000 2789.891588 0.004311 0.010448 0.010448 0.000000 -411.317319
2.000000 9.000000 1.000000 3.000000 3353.371397 0.005189 0.012601 0.011773 0.000000 0.000000
2.000000 10.000000 1.000000 3.000000 2861.896311 0.004423 0.010723 0.010723 0.000000 -7648.711684
2.000000 11.000000 1.000000 3.000000 2409.822117 0.003720 0.009004 0.009004 0.000000 -15030.561137
2.000000 12.000000 1.000000 3.000000 2183.052187 0.003368 0.008146 0.008146 0.000000 -20334.641119
2.000000 13.000000 1.000000 3.000000 1972.944254 0.003043 0.007353 0.007353 0.000000 -23065.560690
2.000000 14.000000 1.000000 3.000000 1855.025137 0.002860 0.006908 0.006908 0.000000 -19572.828917
2.000000 15.000000 1.000000 3.000000 2676.840537 0.004135 0.010018 0.010018 0.000000 -8655.416979
2.000000 16.000000 1.000000 3.000000 4840.799015 0.007519 0.018356 0.012343 0.000000 0.000000
2.000000 17.000000 1.000000 3.000000 7726.943715 0.012089 0.029824 0.012089 1415.627830 0.000000
2.000000 18.000000 1.000000 3.000000 9301.540769 0.014610 0.036256 0.014610 9671.887803 0.000000
2.000000 19.000000 1.000000 3.000000 108143.743938 0.226364 1.107591 0.000000 0.000000 0.000000
2.000000 20.000000 1.000000 3.000000 10825.976540 0.017070 0.042605 0.000000 0.000000 -0.000000
2.000000 21.000000 1.000000 3.000000 6274.905789 0.009781 0.024004 0.000000 0.000000 -0.000000
2.000000 22.000000 1.000000 3.000000 5113.763844 0.007948 0.019423 0.000000 0.000000 0.000000
2.000000 23.000000 1.000000 3.000000 4432.636553 0.006878 0.016766 0.000000 0.000000 0.000000
2.000000 24.000000 1.000000 3.000000 3946.826787 0.006117 0.014885 0.000000 0.000000 0.000000
2.000000 1.000000 2.000000 3.000000 3596.703713 0.005569 0.013536 0.000000 0.000000 0.000000
2.000000 2.000000 2.000000 3.000000 3325.646032 0.005146 0.012495 0.000000 0.000000 -0.000000
2.000000 3.000000 2.000000 3.000000 3074.693365 0.004755 0.011535 0.000000 0.000000 -0.000000
2.000000 4.000000 2.000000 3.000000 2862.563655 0.004424 0.010725 0.000000 0.000000 -0.000000
2.000000 5.000000 2.000000 3.000000 2679.441320 0.004139 0.010028 0.000000 0.000000 -0.000000
2.000000 6.000000 2.000000 3.000000 2527.017713 0.003902 0.009449 0.000000 0.000000 -0.000000
2.000000 7.000000 2.000000 3.000000 2385.428032 0.003683 0.008912 0.000000 0.000000 -0.000000
2.000000 8.000000 2.000000 3.000000 2809.693367 0.004342 0.010524 0.010524 0.000000 -380.526958
2.000000 9.000000 2.000000 3.000000 3346.725881 0.005179 0.012576 0.011674 0.000000 0.000000
2.000000 10.000000 2.000000 3.000000 2908.888783 0.004496 0.010902 0.010902 0.000000 -5672.754343
2.000000 11.000000 2.000000 3.000000 2439.537394 0.003767 0.009117 0.009117 0.000000 -13778.050636
2.000000 12.000000 2.000000 3.000000 2214.192248 0.003417 0.008264 0.008264 0.000000 -17704.361688
2.000000 13.000000 2.000000 3.000000 2007.406074 0.003096 0.007483 0.007483 0.000000 -20484.380296
2.000000 14.000000 2.000000 3.000000 1899.730363 0.002929 0.007077 0.007077 0.000000 -18370.151410
2.000000 15.000000 2.000000 3.000000 2540.134137 0.003923 0.009499 0.009499 0.000000 -8718.023262
2.000000 16.000000 2.000000 3.000000 4583.186041 0.007114 0.017352 0.011723 0.000000 0.000000
2.000000 17.000000 2.000000 3.000000 7309.794079 0.011424 0.028142 0.011424 1332.857980 0.000000
2.000000 18.000000 2.000000 3.000000 8939.389288 0.014028 0.034766 0.014028 9984.367539 0.000000
2.000000 19.000000 2.000000 3.000000 106111.219974 0.220600 1.051581 0.000000 0.000000 0.000000
2.000000 20.000000 2.000000 3.000000 10613.977795 0.016727 0.041715 0.000000 0.000000 -0.000000
2.000000 21.000000 2.000000 3.000000 6144.952501 0.009576 0.023488 0.000000 0.000000 -0.000000
2.000000 22.000000 2.000000 3.000000 4988.977619 0.007752 0.018935 0.000000 0.000000 0.000000
2.000000 23.000000 2.000000 3.000000 4322.792970 0.006706 0.016340 0.000000 0.000000 0.000000
2.000000 24.000000 2.000000 3.000000 3840.512024 0.005950 0.014475 0.000000 0.000000 0.000000
2.000000 1.000000 3.000000 3.000000 3484.223079 0.005393 0.013103 0.000000 0.000000 0.000000
2.000000 2.000000 3.000000 3.000000 3209.001860 0.004964 0.012048 0.000000 0.000000 0.000000
2.000000 3.000000 3.000000 3.000000 2968.863789 0.004590 0.011131 0.000000 0.000000 -0.000000
2.000000 4.000000 3.000000 3.000000 2763.303229 0.004270 0.010347 0.000000 0.000000 -0.000000
2.000000 5.000000 3.000000 3.000000 2577.441819 0.003981 0.009640 0.000000 0.000000 -0.000000
2.000000 6.000000 3.000000 3.000000 2428.425924 0.003749 0.009075 0.000000 0.000000 -0.000000
2.000000 7.000000 3.000000 3.000000 2284.183020 0.003525 0.008528 0.000000 0.000000 -0.000000
2.000000 8.000000 3.000000 3.000000 3911.928006 0.006062 0.014750 0.000000 0.000000 0.000000
2.000000 9.000000 3.000000 3.000000 5258.084331 0.008175 0.019989 0.000000 0.000000 0.000000
2.000000 10.000000 3.000000 3.000000 6912.412287 0.010792 0.026546 0.000000 0.000000 0.000000
2.000000 11.000000 3.000000 3.000000 9423.358673 0.014806 0.036759 0.000000 0.000000 0.000000
2.000000 12.000000 3.000000 3.000000 11329.836116 0.017888 0.044731 0.000000 0.000000 0.000000
2.000000 13.000000 3.000000 3.000000 13348.523952 0.021183 0.053385 0.000000 0.000000 0.000000
2.000000 14.000000 3.000000 3.000000 14932.283321 0.023793 0.060333 0.000000 0.000000 0.000000
2.000000 15.000000 3.000000 3.000000 31135.464859 0.051759 0.140601 0.000000 0.000000 0.000000
2.000000 16.000000 3.000000 3.000000 87317.829457 0.170801 0.665934 0.000000 0.000000 0.000000
2.000000 17.000000 3.000000 3.000000 200863.739563 0.611131 -3.905663 0.000000 0.000000 -0.000000
2.000000 18.000000 3.000000 3.000000 306540.162984 1.930623 -1.385013 0.000000 0.000000 -0.000000
2.000000 19.000000 3.000000 3.000000 194743.819119 0.575289 -4.682497 -0.000000 0.000000 -0.000000
2.000000 20.000000 3.000000 3.000000 14996.022066 0.023898 0.060616 0.000000 0.000000 0.000000
2.000000 21.000000 3.000000 3.000000 8082.385581 0.012656 0.031265 0.000000 0.000000 0.000000
2.000000 22.000000 3.000000 3.000000 6357.134083 0.009912 0.024330 0.000000 0.000000 0.000000
2.000000 23.000000 3.000000 3.000000 5385.366478 0.008376 0.020489 0.000000 0.000000 0.000000
2.000000 24.000000 3.000000 3.000000 4687.122116 0.007277 0.017756 0.000000 0.000000 0.000000
2.000000 1.000000 4.000000 3.000000 4270.741644 0.006624 0.016138 0.000000 0.000000 0.000000
2.000000 2.000000 4.000000 3.000000 3856.465019 0.005975 0.014536 0.000000 0.000000 0.000000
2.000000 3.000000 4.000000 3.000000 3496.764568 0.005413 0.013152 0.000000 0.000000 0.000000
2.000000 4.000000 4.000000 3.000000 3194.753438 0.004942 0.011994 0.000000 0.000000 0.000000
2.000000 5.000000 4.000000 3.000000 2943.198009 0.004550 0.011033 0.000000 0.000000 0.000000
2.000000 6.000000 4.000000 3.000000 2753.137364 0.004254 0.010308 0.000000 0.000000 -0.000000
2.000000 7.000000 4.000000 3.000000 2555.429757 0.003947 0.009557 0.000000 0.000000 -0.000000
2.000000 8.000000 4.000000 3.000000 4290.340403 0.006655 0.016214 0.000000 0.000000 0.000000
2.000000 9.000000 4.000000 3.000000 5709.382610 0.008887 0.021765 0.000000 0.000000 0.000000
2.000000 10.000000 4.000000 3.000000 7388.645055 0.011550 0.028459 0.000000 0.000000 0.000000
2.000000 11.000000 4.000000 3.000000 9871.462754 0.015528 0.038616 0.000000 0.000000 0.000000
2.000000 12.000000 4.000000 3.000000 11632.364611 0.018379 0.046014 0.000000 0.000000 0.000000
2.000000 13.000000 4.000000 3.000000 13517.099556 0.021460 0.054118 0.000000 0.000000 0.000000
2.000000 14.000000 4.000000 3.000000 15119.617218 0.024103 0.061165 0.000000 0.000000 0.000000
2.000000 15.000000 4.000000 3.000000 31627.431923 0.052646 0.143334 0.000000 0.000000 0.000000
2.000000 16.000000 4.000000 3.000000 88773.091977 0.174446 0.689333 0.000000 0.000000 0.000000
2.000000 17.000000 4.000000 3.000000 203737.398902 0.628711 -3.634995 0.000000 0.000000 -0.000000
2.000000 18.000000 4.000000 3.000000 311254.260978 2.058574 -1.359750 0.000000 0.000000 -0.000000
2.000000 19.000000 4.000000 3.000000 198677.588513 0.598084 -4.146534 -0.000000 0.000000 -0.000000
2.000000 20.000000 4.000000 3.000000 15508.397879 0.024747 0.062897 0.000000 0.000000 0.000000
2.000000 21.000000 4.000000 3.000000 8270.084667 0.012956 0.032029 0.000000 0.000000 0.000000
2.000000 22.000000 4.000000 3.000000 6453.902402 0.010065 0.024716 0.000000 0.000000 0.000000
2.000000 23.000000 4.000000 3.000000 5464.840247 0.008501 0.020801 0.000000 0.000000 0.000000
2.000000 24.000000 4.000000 3.000000 4749.381022 0.007375 0.017999 0.000000 0.000000 0.000000
2.000000 1.000000 5.000000 3.000000 4178.495503 0.006479 0.015781 0.000000 0.000000 0.000000
2.000000 2.000000 5.000000 3.000000 3746.421951 0.005803 0.014112 0.000000 0.000000 0.000000
2.000000 3.000000 5.000000 3.000000 3411.529796 0.005280 0.012824 0.000000 0.000000 0.000000
2.000000 4.000000 5.000000 3.000000 3141.303223 0.004859 0.011789 0.000000 0.000000 0.000000
2.000000 5.000000 5.000000 3.000000 2931.143124 0.004531 0.010987 0.000000 0.000000 0.000000
2.000000 6.000000 5.000000 3.000000 2758.978496 0.004263 0.010331 0.000000 0.000000 -0.000000
2.000000 7.000000 5.000000 3.000000 2558.059543 0.003951 0.009567 0.000000 0.000000 -0.000000
2.000000 8.000000 5.000000 3.000000 2811.819028 0.004345 0.010532 0.009999 0.000000 0.000000
2.000000 9.000000 5.000000 3.000000 3287.010546 0.005086 0.012347 0.011328 0.000000 0.000000
2.000000 10.000000 5.000000 3.000000 2886.523699 0.004462 0.010817 0.010817 0.000000 -1667.790209
2.000000 11.000000 5.000000 3.000000 2443.233300 0.003772 0.009131 0.009131 0.000000 -8375.689662
2.000000 12.000000 5.000000 3.000000 2239.759829 0.003456 0.008360 0.008360 0.000000 -10898.864050
2.000000 13.000000 5.000000 3.000000 2058.121338 0.003175 0.007674 0.007674 0.000000 -17641.473194
2.000000 14.000000 5.000000 3.000000 1929.790476 0.002976 0.007190 0.007190 0.000000 -16795.231458
2.000000 15.000000 5.000000 3.000000 2472.633370 0.003818 0.009243 0.009243 0.000000 -6712.086152
2.000000 16.000000 5.000000 3.000000 4489.952130 0.006968 0.016989 0.011405 0.000000 0.000000
2.000000 17.000000 5.000000 3.000000 7254.691729 0.011336 0.027920 0.012189 0.000000 0.000000
2.000000 18.000000 5.000000 3.000000 8926.194325 0.014007 0.034712 0.014007 8344.224608 0.000000
2.000000 19.000000 5.000000 3.000000 106116.643996 0.220616 1.051725 0.000000 0.000000 0.000000
2.000000 20.000000 5.000000 3.000000 10672.851282 0.016822 0.041962 0.000000 0.000000 -0.000000
2.000000 21.000000 5.000000 3.000000 6136.186761 0.009562 0.023453 0.000000 0.000000 -0.000000
2.000000 22.000000 5.000000 3.000000 4943.849865 0.007681 0.018758 0.000000 0.000000 0.000000
2.000000 23.000000 5.000000 3.000000 4290.009800 0.006654 0.016213 0.000000 0.000000 0.000000
2.000000 24.000000 5.000000 3.000000 3816.891605 0.005913 0.014383 0.000000 0.000000 0.000000
2.000000 1.000000 6.000000 3.000000 3449.888913 0.005340 0.012972 0.000000 0.000000 0.000000
2.000000 2.000000 6.000000 3.000000 3148.822163 0.004870 0.011818 0.000000 0.000000 0.000000
2.000000 3.000000 6.000000 3.000000 2913.965637 0.004504 0.010921 0.000000 0.000000 0.000000
2.000000 4.000000 6.000000 3.000000 2719.727706 0.004202 0.010181 0.000000 0.000000 -0.000000
2.000000 5.000000 6.000000 3.000000 2565.007659 0.003962 0.009593 0.000000 0.000000 -0.000000
2.000000 6.000000 6.000000 3.000000 2438.313508 0.003765 0.009112 0.000000 0.000000 -0.000000
2.000000 7.000000 6.000000 3.000000 2295.088438 0.003542 0.008570 0.000000 0.000000 -0.000000
2.000000 8.000000 6.000000 3.000000 2661.980092 0.004112 0.009962 0.009880 0.000000 0.000000
2.000000 9.000000 6.000000 3.000000 3161.338869 0.004890 0.011866 0.011209 0.000000 0.000000
2.000000 10.000000 6.000000 3.000000 3017.301844 0.004665 0.011315 0.011057 0.000000 0.000000
2.000000 11.000000 6.000000 3.000000 2529.790133 0.003907 0.009459 0.009459 0.000000 -7245.055942
2.000000 12.000000 6.000000 3.000000 2286.805051 0.003529 0.008538 0.008538 0.000000 -10304.548852
2.000000 13.000000 6.000000 3.000000 2088.948961 0.003222 0.007790 0.007790 0.000000 -16242.096916
2.000000 14.000000 6.000000 3.000000 1950.561193 0.003008 0.007268 0.007268 0.000000 -16811.450903
2.000000 15.000000 6.000000 3.000000 2506.406651 0.003870 0.009371 0.009371 0.000000 -7709.642326
2.000000 16.000000 6.000000 3.000000 4726.255586 0.007339 0.017909 0.011969 0.000000 0.000000
2.000000 17.000000 6.000000 3.000000 7533.837783 0.011781 0.029044 0.011901 0.000000 0.000000
2.000000 18.000000 6.000000 3.000000 9195.916343 0.014440 0.035821 0.014440 9582.247322 0.000000
2.000000 19.000000 6.000000 3.000000 107279.201691 0.223903 1.083315 0.000000 0.000000 0.000000
2.000000 20.000000 6.000000 3.000000 10844.883032 0.017101 0.042685 0.000000 0.000000 -0.000000
2.000000 21.000000 6.000000 3.000000 6274.722692 0.009781 0.024003 0.000000 0.000000 -0.000000
2.000000 22.000000 6.000000 3.000000 5095.517431 0.007919 0.019352 0.000000 0.000000 0.000000
2.000000 23.000000 6.000000 3.000000 4440.786099 0.006891 0.016798 0.000000 0.000000 0.000000
2.000000 24.000000 6.000000 3.000000 3957.305257 0.006133 0.014925 0.000000 0.000000 0.000000
2.000000 1.000000 7.000000 3.000000 3585.099517 0.005551 0.013491 0.000000 0.000000 0.000000
2.000000 2.000000 7.000000 3.000000 3273.322929 0.005064 0.012295 0.000000 0.000000 0.000000
2.000000 3.000000 7.000000 3.000000 3007.656435 0.004650 0.011279 0.000000 0.000000 -0.000000
2.000000 4.000000 7.000000 3.000000 2787.593580 0.004308 0.010440 0.000000 0.000000 -0.000000
2.000000 5.000000 7.000000 3.000000 2608.041118 0.004028 0.009757 0.000000 0.000000 -0.000000
2.000000 6.000000 7.000000 3.000000 2462.572008 0.003802 0.009204 0.000000 0.000000 -0.000000
2.000000 7.000000 7.000000 3.000000 2312.356291 0.003569 0.008635 0.000000 0.000000 -0.000000
2.000000 8.000000 7.000000 3.000000 2663.153308 0.004114 0.009966 0.009729 0.000000 0.000000
2.000000 9.000000 7.000000 3.000000 3180.501615 0.004920 0.011939 0.011120 0.000000 0.000000
2.000000 10.000000 7.000000 3.000000 2980.900745 0.004609 0.011177 0.011177 0.000000 -2131.231455
2.000000 11.000000 7.000000 3.000000 2484.850304 0.003837 0.009289 0.009289 0.000000 -11680.014557
2.000000 12.000000 7.000000 3.000000 2241.163575 0.003459 0.008366 0.008366 0.000000 -15716.927365
2.000000 13.000000 7.000000 3.000000 2042.969780 0.003151 0.007617 0.007617 0.000000 -18821.565961
2.000000 14.000000 7.000000 3.000000 1916.356463 0.002955 0.007139 0.007139 0.000000 -18540.886918
2.000000 15.000000 7.000000 3.000000 2548.606035 0.003936 0.009531 0.009531 0.000000 -9348.141971
2.000000 16.000000 7.000000 3.000000 4804.968160 0.007462 0.018216 0.012467 0.000000 0.000000
2.000000 17.000000 7.000000 3.000000 7657.112511 0.011977 0.029542 0.012213 0.000000 0.000000
2.000000 18.000000 7.000000 3.000000 9397.738760 0.014765 0.036653 0.014765 9873.575557 0.000000
2.000000 19.000000 7.000000 3.000000 108798.973605 0.228239 1.126455 0.000000 0.000000 0.000000
2.000000 20.000000 7.000000 3.000000 11013.628655 0.017374 0.043396 0.000000 0.000000 -0.000000
2.000000 21.000000 7.000000 3.000000 6367.947274 0.009929 0.024373 0.000000 0.000000 -0.000000
2.000000 22.000000 7.000000 3.000000 5153.190363 0.008010 0.019578 0.000000 0.000000 0.000000
2.000000 23.000000 7.000000 3.000000 4470.669975 0.006938 0.016914 0.000000 0.000000 0.000000
2.000000 24.000000 7.000000 3.000000 3956.554216 0.006132 0.014922 0.000000 0.000000 0.000000
2.000000 1.000000 1.000000 3.000000 3576.989941 0.005538 0.013460 0.000000 0.000000 0.000000
2.000000 2.000000 1.000000 3.000000 3266.914939 0.005054 0.012270 0.000000 0.000000 0.000000
2.000000 3.000000 1.000000 3.000000 3014.474791 0.004661 0.011305 0.000000 0.000000 -0.000000
2.000000 4.000000 1.000000 3.000000 2800.392695 0.004328 0.010488 0.000000 0.000000 -0.000000
2.000000 5.000000 1.000000 3.000000 2600.889968 0.004017 0.009729 0.000000 0.000000 -0.000000
2.000000 6.000000 1.000000 3.000000 2426.838734 0.003747 0.009069 0.000000 0.000000 -0.000000
2.000000 7.000000 1.000000 3.000000 2267.109769 0.003499 0.008464 0.000000 0.000000 -0.000000
2.000000 8.000000 1.000000 3.000000 2604.967239 0.004024 0.009745 0.009535 0.000000 0.000000
2.000000 9.000000 1.000000 3.000000 3099.121362 0.004793 0.011628 0.010747 0.000000 0.000000
2.000000 10.000000 1.000000 3.000000 3029.036079 0.004684 0.011360 0.011360 0.000000 -1842.183775
2.000000 11.000000 1.000000 3.000000 2499.569347 0.003860 0.009345 0.009345 0.000000 -11352.899586
2.000000 12.000000 1.000000 3.000000 2241.625618 0.003459 0.008367 0.008367 0.000000 -16572.608296
2.000000 13.000000 1.000000 3.000000 2034.459100 0.003138 0.007585 0.007585 0.000000 -18854.065406
2.000000 14.000000 1.000000 3.000000 1903.294430 0.002935 0.007090 0.007090 0.000000 -19329.890771
2.000000 15.000000 1.000000 3.000000 2599.782409 0.004016 0.009725 0.009725 0.000000 -10665.882626
2.000000 16.000000 1.000000 3.000000 4780.839446 0.007425 0.018122 0.012768 0.000000 0.000000
2.000000 17.000000 1.000000 3.000000 7544.745647 0.011798 0.029088 0.011798 121.623613 0.000000
2.000000 18.000000 1.000000 3.000000 9210.290555 0.014463 0.035880 0.014463 11479.626714 0.000000
2.000000 19.000000 1.000000 3.000000 107020.917804 0.223170 1.076194 0.000000 0.000000 0.000000
2.000000 20.000000 1.000000 3.000000 10778.263906 0.016993 0.042405 0.000000 0.000000 -0.000000
2.000000 21.000000 1.000000 3.000000 6220.386429 0.009695 0.023787 0.000000 0.000000 -0.000000
2.000000 22.000000 1.000000 3.000000 5001.380563 0.007771 0.018983 0.000000 0.000000 0.000000
2.000000 23.000000 1.000000 3.000000 4340.444481 0.006733 0.016408 0.000000 0.000000 0.000000
2.000000 24.000000 1.000000 3.000000 3874.693871 0.006004 0.014606 0.000000 0.000000 0.000000
2.000000 1.000000 2.000000 3.000000 3524.797678 0.005457 0.013259 0.000000 0.000000 0.000000
2.000000 2.000000 2.000000 3.000000 3227.388371 0.004993 0.012119 0.000000 0.000000 0.000000
2.000000 3.000000 2.000000 3.000000 2985.637187 0.004616 0.011195 0.000000 0.000000 -0.000000
2.000000 4.000000 2.000000 3.000000 2790.361983 0.004312 0.010450 0.000000 0.000000 -0.000000
2.000000 5.000000 2.000000 3.000000 2614.056375 0.004038 0.009779 0.000000 0.000000 -0.000000
2.000000 6.000000 2.000000 3.000000 2450.866334 0.003784 0.009160 0.000000 0.000000 -0.000000
2.000000 7.000000 2.000000 3.000000 2304.591020 0.003557 0.008606 0.000000 0.000000 -0.000000
2.000000 8.000000 2.000000 3.000000 2653.771504 0.004099 0.009930 0.009833 0.000000 0.000000
2.000000 9.000000 2.000000 3.000000 3127.359629 0.004837 0.011736 0.011044 0.000000 0.000000
2.000000 10.000000 2.000000 3.000000 3027.721560 0.004682 0.011355 0.011355 0.000000 -1200.091954
2.000000 11.000000 2.000000 3.000000 2513.340666 0.003881 0.009397 0.009397 0.000000 -9207.526453
2.000000 12.000000 2.000000 3.000000 2258.425856 0.003485 0.008431 0.008431 0.000000 -13682.631823
2.000000 13.000000 2.000000 3.000000 2045.641477 0.003155 0.007627 0.007627 0.000000 -18103.597112
2.000000 14.000000 2.000000 3.000000 1915.987695 0.002954 0.007138 0.007138 0.000000 -17344.818782
2.000000 15.000000 2.000000 3.000000 2583.617179 0.003990 0.009664 0.009664 0.000000 -8555.927800
2.000000 16.000000 2.000000 3.000000 4720.672814 0.007330 0.017887 0.012033 0.000000 0.000000
2.000000 17.000000 2.000000 3.000000 7411.350101 0.011586 0.028550 0.011586 1283.118479 0.000000
2.000000 18.000000 2.000000 3.000000 8961.631493 0.014064 0.034857 0.014064 12383.407139 0.000000
2.000000 19.000000 2.000000 3.000000 104936.326397 0.217305 1.020828 0.000000 0.000000 0.000000
2.000000 20.000000 2.000000 3.000000 10445.042950 0.016454 0.041008 0.000000 0.000000 -0.000000
2.000000 21.000000 2.000000 3.000000 5996.707777 0.009341 0.022900 0.000000 0.000000 -0.000000
2.000000 22.000000 2.000000 3.000000 4772.884825 0.007412 0.018091 0.000000 0.000000 -0.000000
2.000000 23.000000 2.000000 3.000000 4125.489459 0.006396 0.015575 0.000000 0.000000 0.000000
2.000000 24.000000 2.000000 3.000000 3667.395050 0.005680 0.013808 0.000000 0.000000 0.000000
2.000000 1.000000 3.000000 3.000000 3323.186388 0.005142 0.012486 0.000000 0.000000 0.000000
2.000000 2.000000 3.000000 3.000000 3037.080767 0.004696 0.011391 0.000000 0.000000 0.000000
2.000000 3.000000 3.000000 3.000000 2808.061444 0.004340 0.010518 0.000000 0.000000 -0.000000
2.000000 4.000000 3.000000 3.000000 2622.873114 0.004051 0.009813 0.000000 0.000000 -0.000000
2.000000 5.000000 3.000000 3.000000 2456.057641 0.003792 0.009180 0.000000 0.000000 -0.000000
2.000000 6.000000 3.000000 3.000000 2309.315111 0.003564 0.008624 0.000000 0.000000 -0.000000
2.000000 7.000000 3.000000 3.000000 2162.421730 0.003336 0.008068 0.000000 0.000000 -0.000000
2.000000 8.000000 3.000000 3.000000 3683.556085 0.005705 0.013870 0.000000 0.000000 0.000000
2.000000 9.000000 3.000000 3.000000 4935.122692 0.007667 0.018724 0.000000 0.000000 0.000000
2.000000 10.000000 3.000000 3.000000 6487.941962 0.010119 0.024851 0.000000 0.000000 0.000000
2.000000 11.000000 3.000000 3.000000 8818.999581 0.013835 0.034272 0.000000 0.000000 0.000000
2.000000 12.000000 3.000000 3.000000 10628.325355 0.016750 0.041775 0.000000 0.000000 0.000000
2.000000 13.000000 3.000000 3.000000 12552.610063 0.019880 0.049946 0.000000 0.000000 0.000000
2.000000 14.000000 3.000000 3.000000 14134.539961 0.022476 0.056816 0.000000 0.000000 0.000000
2.000000 15.000000 3.000000 3.000000 29856.541130 0.049464 0.133585 0.000000 0.000000 0.000000
2.000000 16.000000 3.000000 3.000000 85843.710550 0.167143 0.643068 0.000000 0.000000 0.000000
2.000000 17.000000 3.000000 3.000000 197499.450793 0.591166 -4.291599 0.000000 0.000000 -0.000000
2.000000 18.000000 3.000000 3.000000 303371.436442 1.851267 -1.402989 0.000000 0.000000 -0.000000
2.000000 19.000000 3.000000 3.000000 192292.039669 0.561508 -5.107633 -0.000000 0.000000 -0.000000
2.000000 20.000000 3.000000 3.000000 14801.403424 0.023576 0.059754 0.000000 0.000000 0.000000
2.000000 21.000000 3.000000 3.000000 7880.966547 0.012334 0.030448 0.000000 0.000000 0.000000
2.000000 22.000000 3.000000 3.000000 6116.684163 0.009531 0.023376 0.000000 0.000000 0.000000
2.000000 23.000000 3.000000 3.000000 5157.078784 0.008016 0.019593 0.000000 0.000000 0.000000
2.000000 24.000000 3.000000 3.000000 4484.043261 0.006958 0.016966 0.000000 0.000000 0.000000
2.000000 1.000000 4.000000 3.000000 3993.457272 0.006190 0.015065 0.000000 0.000000 0.000000
2.000000 2.000000 4.000000 3.000000 3605.828942 0.005583 0.013571 0.000000 0.000000 0.000000
2.000000 3.000000 4.000000 3.000000 3289.412059 0.005089 0.012356 0.000000 0.000000 0.000000
2.000000 4.000000 4.000000 3.000000 3023.651943 0.004675 0.011340 0.000000 0.000000 0.000000
2.000000 5.000000 4.000000 3.000000 2786.027580 0.004305 0.010434 0.000000 0.000000 0.000000
2.000000 6.000000 4.000000 3.000000 2589.366307 0.003999 0.009686 0.000000 0.000000 -0.000000
2.000000 7.000000 4.000000 3.000000 2410.462818 0.003721 0.009007 0.000000 0.000000 -0.000000
2.000000 8.000000 4.000000 3.000000 4057.189865 0.006289 0.015311 0.000000 0.000000 0.000000
2.000000 9.000000 4.000000 3.000000 5413.246180 0.008420 0.020598 0.000000 0.000000 0.000000
2.000000 10.000000 4.000000 3.000000 7110.171477 0.011107 0.027339 0.000000 0.000000 0.000000
2.000000 11.000000 4.000000 3.000000 9637.913609 0.015151 0.037647 0.000000 0.000000 0.000000
2.000000 12.000000 4.000000 3.000000 11517.962067 0.018193 0.045528 0.000000 0.000000 0.000000
2.000000 13.000000 4.000000 3.000000 13527.502452 0.021477 0.054163 0.000000 0.000000 0.000000
2.000000 14.000000 4.000000 3.000000 15161.783047 0.024173 0.061352 0.000000 0.000000 0.000000
2.000000 15.000000 4.000000 3.000000 31694.352136 0.052767 0.143707 0.000000 0.000000 0.000000
2.000000 16.000000 4.000000 3.000000 89123.618166 0.175329 0.695096 0.000000 0.000000 0.000000
2.000000 17.000000 4.000000 3.000000 203781.948358 0.628988 -3.631150 0.000000 0.000000 -0.000000
2.000000 18.000000 4.000000 3.000000 311034.632983 2.052329 -1.360889 0.000000 0.000000 -0.000000
2.000000 19.000000 4.000000 3.000000 197261.987296 0.589781 -4.322296 -0.000000 0.000000 -0.000000
2.000000 20.000000 4.000000 3.000000 15289.000799 0.024383 0.061918 0.000000 0.000000 0.000000
2.000000 21.000000 4.000000 3.000000 8133.198076 0.012737 0.031472 0.000000 0.000000 0.000000
2.000000 22.000000 4.000000 3.000000 6349.195362 0.009899 0.024299 0.000000 0.000000 0.000000
2.000000 23.000000 4.000000 3.000000 5346.329085 0.008315 0.020335 0.000000 0.000000 0.000000
2.000000 24.000000 4.000000 3.000000 4626.367787 0.007182 0.017520 0.000000 0.000000 0.000000
2.000000 1.000000 5.000000 3.000000 4098.488667 0.006354 0.015471 0.000000 0.000000 0.000000
2.000000 2.000000 5.000000 3.000000 3683.134183 0.005704 0.013868 0.000000 0.000000 0.000000
2.000000 3.000000 5.000000 3.000000 3344.504097 0.005175 0.012567 0.000000 0.000000 0.000000
2.000000 4.000000 5.000000 3.000000 3065.982235 0.004741 0.011501 0.000000 0.000000 0.000000
2.000000 5.000000 5.000000 3.000000 2812.020316 0.004346 0.010533 0.000000 0.000000 0.000000
2.000000 6.000000 5.000000 3.000000 2599.453166 0.004015 0.009724 0.000000 0.000000 -0.000000
2.000000 7.000000 5.000000 3.000000 2409.120212 0.003719 0.009002 0.000000 0.000000 -0.000000
2.000000 8.000000 5.000000 3.000000 2645.046052 0.004086 0.009897 0.009381 0.000000 0.000000
2.000000 9.000000 5.000000 3.000000 3111.664219 0.004812 0.011676 0.010673 0.000000 0.000000
2.000000 10.000000 5.000000 3.000000 2982.041161 0.004610 0.011181 0.011109 0.000000 0.000000
2.000000 11.000000 5.000000 3.000000 2496.964306 0.003856 0.009335 0.009335 0.000000 -5780.952825
2.000000 12.000000 5.000000 3.000000 2268.003109 0.003500 0.008467 0.008467 0.000000 -9505.797220
2.000000 13.000000 5.000000 3.000000 2064.584159 0.003185 0.007698 0.007698 0.000000 -14261.262682
2.000000 14.000000 5.000000 3.000000 1937.116860 0.002987 0.007218 0.007218 0.000000 -14702.322925
2.000000 15.000000 5.000000 3.000000 2515.000818 0.003884 0.009403 0.009403 0.000000 -4950.403342
2.000000 16.000000 5.000000 3.000000 4615.644956 0.007165 0.017478 0.011310 0.000000 0.000000
2.000000 17.000000 5.000000 3.000000 7352.798092 0.011493 0.028315 0.011493 3340.993294 0.000000
2.000000 18.000000 5.000000 3.000000 8948.789715 0.014043 0.034804 0.014043 11310.386267 0.000000
2.000000 19.000000 5.000000 3.000000 105595.051196 0.219149 1.037929 0.000000 0.000000 0.000000
2.000000 20.000000 5.000000 3.000000 10608.690500 0.016718 0.041693 0.000000 0.000000 -0.000000
2.000000 21.000000 5.000000 3.000000 6111.017336 0.009522 0.023353 0.000000 0.000000 -0.000000
2.000000 22.000000 5.000000 3.000000 4954.817720 0.007698 0.018801 0.000000 0.000000 0.000000
2.000000 23.000000 5.000000 3.000000 4307.396809 0.006681 0.016280 0.000000 0.000000 0.000000
2.000000 24.000000 5.000000 3.000000 3828.867548 0.005932 0.014430 0.000000 0.000000 0.000000
2.000000 1.000000 6.000000 3.000000 3469.918455 0.005371 0.013049 0.000000 0.000000 0.000000
2.000000 2.000000 6.000000 3.000000 3181.725517 0.004922 0.011944 0.000000 0.000000 0.000000
2.000000 3.000000 6.000000 3.000000 2949.361586 0.004559 0.011056 0.000000 0.000000 -0.000000
2.000000 4.000000 6.000000 3.000000 2769.778429 0.004280 0.010372 0.000000 0.000000 -0.000000
2.000000 5.000000 6.000000 3.000000 2618.151607 0.004044 0.009795 0.000000 0.000000 -0.000000
2.000000 6.000000 6.000000 3.000000 2489.605698 0.003844 0.009307 0.000000 0.000000 -0.000000
2.000000 7.000000 6.000000 3.000000 2353.686051 0.003633 0.008792 0.000000 0.000000 -0.000000
2.000000 8.000000 6.000000 3.000000 2723.024227 0.004207 0.010194 0.010194 0.000000 -54.198586
2.000000 9.000000 6.000000 3.000000 3219.179702 0.004980 0.012087 0.011333 0.000000 0.000000
2.000000 10.000000 6.000000 3.000000 2992.580071 0.004627 0.011221 0.011221 0.000000 -3184.900017
2.000000 11.000000 6.000000 3.000000 2502.032989 0.003864 0.009354 0.009354 0.000000 -10636.841756
2.000000 12.000000 6.000000 3.000000 2267.642888 0.003500 0.008466 0.008466 0.000000 -16501.000030
2.000000 13.000000 6.000000 3.000000 2071.357597 0.003195 0.007724 0.007724 0.000000 -17483.054263
2.000000 14.000000 6.000000 3.000000 1949.185322 0.003006 0.007263 0.007263 0.000000 -17544.444617
2.000000 15.000000 6.000000 3.000000 2484.914559 0.003837 0.009289 0.009289 0.000000 -9379.862623
2.000000 16.000000 6.000000 3.000000 4576.728429 0.007104 0.017327 0.011676 0.000000 0.000000
2.000000 17.000000 6.000000 3.000000 7336.933975 0.011467 0.028251 0.011467 3292.904116 0.000000
2.000000 18.000000 6.000000 3.000000 9027.389209 0.014170 0.035127 0.014170 12042.013192 0.000000
2.000000 19.000000 6.000000 3.000000 105768.316584 0.219636 1.042487 0.000000 0.000000 0.000000
2.000000 20.000000 6.000000 3.000000 10668.465408 0.016815 0.041944 0.000000 0.000000 -0.000000
2.000000 21.000000 6.000000 3.000000 6140.003754 0.009568 0.023468 0.000000 0.000000 -0.000000
2.000000 22.000000 6.000000 3.000000 4951.764725 0.007693 0.018789 0.000000 0.000000 0.000000
2.000000 23.000000 6.000000 3.000000 4271.427903 0.006625 0.016141 0.000000 0.000000 0.000000
2.000000 24.000000 6.000000 3.000000 3760.441818 0.005825 0.014166 0.000000 0.000000 0.000000
2.000000 1.000000 7.000000 3.000000 3378.533406 0.005229 0.012698 0.000000 0.000000 0.000000
2.000000 2.000000 7.000000 3.000000 3092.661990 0.004783 0.011603 0.000000 0.000000 0.000000
2.000000 3.000000 7.000000 3.000000 2857.521518 0.004416 0.010706 0.000000 0.000000 -0.000000
2.000000 4.000000 7.000000 3.000000 2664.658051 0.004116 0.009972 0.000000 0.000000 -0.000000
2.000000 5.000000 7.000000 3.000000 2497.917803 0.003857 0.009338 0.000000 0.000000 -0.000000
2.000000 6.000000 7.000000 3.000000 2343.258466 0.003617 0.008752 0.000000 0.000000 -0.000000
2.000000 7.000000 7.000000 3.000000 2202.117144 0.003398 0.008218 0.000000 0.000000 -0.000000
2.000000 8.000000 7.000000 3.000000 2534.107930 0.003913 0.009476 0.009476 0.000000 -60.985714
2.000000 9.000000 7.000000 3.000000 2995.909404 0.004632 0.011234 0.010522 0.000000 0.000000
2.000000 10.000000 7.000000 3.000000 3111.702956 0.004812 0.011676 0.011676 0.000000 -389.728390
2.000000 11.000000 7.000000 3.000000 2589.182519 0.003999 0.009685 0.009685 0.000000 -7466.644049
2.000000 12.000000 7.000000 3.000000 2328.814213 0.003595 0.008697 0.008697 0.000000 -13035.246744
2.000000 13.000000 7.000000 3.000000 2111.218656 0.003257 0.007874 0.007874 0.000000 -15052.867045
2.000000 14.000000 7.000000 3.000000 1971.965211 0.003041 0.007349 0.007349 0.000000 -14338.819396
2.000000 15.000000 7.000000 3.000000 2481.825759 0.003832 0.009277 0.009277 0.000000 -7824.757404
2.000000 16.000000 7.000000 3.000000 4543.945378 0.007053 0.017199 0.010989 0.000000 0.000000
2.000000 17.000000 7.000000 3.000000 7275.307073 0.011369 0.028003 0.011369 3310.177178 0.000000
2.000000 18.000000 7.000000 3.000000 8856.876141 0.013896 0.034427 0.013896 12155.821297 0.000000
2.000000 19.000000 7.000000 3.000000 104090.503267 0.214948 0.999379 0.000000 0.000000 0.000000
2.000000 20.000000 7.000000 3.000000 10385.911581 0.016358 0.040760 0.000000 0.000000 -0.000000
2.000000 21.000000 7.000000 3.000000 5955.945513 0.009277 0.022739 0.000000 0.000000 -0.000000
2.000000 22.000000 7.000000 3.000000 4793.227906 0.007444 0.018170 0.000000 0.000000 0.000000
2.000000 23.000000 7.000000 3.000000 4143.182679 0.006424 0.015644 0.000000 0.000000 0.000000
2.000000 24.000000 7.000000 3.000000 3666.826662 0.005679 0.013805 0.000000 0.000000 0.000000
2.000000 1.000000 1.000000 3.000000 3294.037999 0.005097 0.012374 0.000000 0.000000 0.000000
2.000000 2.000000 1.000000 3.000000 3009.589576 0.004653 0.011286 0.000000 0.000000 0.000000
2.000000 3.000000 1.000000 3.000000 2776.937254 0.004291 0.010399 0.000000 0.000000 -0.000000
2.000000 4.000000 1.000000 3.000000 2586.119527 0.003994 0.009673 0.000000 0.000000 -0.000000
2.000000 5.000000 1.000000 3.000000 2434.252744 0.003758 0.009097 0.000000 0.000000 -0.000000
2.000000 6.000000 1.000000 3.000000 2301.153776 0.003552 0.008593 0.000000 0.000000 -0.000000
2.000000 7.000000 1.000000 3.000000 2166.148717 0.003342 0.008082 0.000000 0.000000 -0.000000
2.000000 8.000000 1.000000 3.000000 2546.351184 0.003933 0.009522 0.009502 0.000000 0.000000
2.000000 9.000000 1.000000 3.000000 2944.779659 0.004552 0.011039 0.010433 0.000000 0.000000
2.000000 10.000000 1.000000 3.000000 3163.872774 0.004894 0.011876 0.011037 0.000000 0.000000
2.000000 11.000000 1.000000 3.000000 2621.937104 0.004050 0.009809 0.009809 0.000000 -6754.231243
2.000000 12.000000 1.000000 3.000000 2365.348750 0.003651 0.008836 0.008836 0.000000 -10044.352933
2.000000 13.000000 1.000000 3.000000 2148.693388 0.003315 0.008016 0.008016 0.000000 -11170.665530
2.000000 14.000000 1.000000 3.000000 2011.255000 0.003102 0.007497 0.007497 0.000000 -11051.930951
2.000000 15.000000 1.000000 3.000000 2384.082298 0.003680 0.008907 0.008907 0.000000 -6884.407258
2.000000 16.000000 1.000000 3.000000 4379.231217 0.006794 0.016559 0.010229 0.000000 0.000000
2.000000 17.000000 1.000000 3.000000 7043.669096 0.011001 0.027072 0.011001 4044.548612 0.000000
2.000000 18.000000 1.000000 3.000000 8610.288044 0.013501 0.033417 0.013501 11652.896802 0.000000
2.000000 19.000000 1.000000 3.000000 102466.224231 0.210459 0.959722 0.000000 0.000000 0.000000
2.000000 20.000000 1.000000 3.000000 10208.813034 0.016072 0.040020 0.000000 0.000000 -0.000000
2.000000 21.000000 1.000000 3.000000 5884.280511 0.009163 0.022455 0.000000 0.000000 -0.000000
2.000000 22.000000 1.000000 3.000000 4752.850691 0.007381 0.018013 0.000000 0.000000 0.000000
2.000000 23.000000 1.000000 3.000000 4127.657920 0.006400 0.015584 0.000000 0.000000 0.000000
2.000000 24.000000 1.000000 3.000000 3695.473442 0.005724 0.013916 0.000000 0.000000 0.000000
2.000000 1.000000 2.000000 3.000000 3347.806423 0.005181 0.012580 0.000000 0.000000 0.000000
2.000000 2.000000 2.000000 3.000000 3064.030975 0.004738 0.011494 0.000000 0.000000 0.000000
2.000000 3.000000 2.000000 3.000000 2829.466149 0.004373 0.010599 0.000000 0.000000 0.000000
2.000000 4.000000 2.000000 3.000000 2648.555601 0.004091 0.009911 0.000000 0.000000 -0.000000
2.000000 5.000000 2.000000 3.000000 2507.309497 0.003872 0.009374 0.000000 0.000000 -0.000000
2.000000 6.000000 2.000000 3.000000 2377.127851 0.003670 0.008880 0.000000 0.000000 -0.000000
2.000000 7.000000 2.000000 3.000000 2246.146550 0.003466 0.008385 0.000000 0.000000 -0.000000
2.000000 8.000000 2.000000 3.000000 2565.366465 0.003962 0.009595 0.009554 0.000000 0.000000
2.000000 9.000000 2.000000 3.000000 2991.710934 0.004625 0.011218 0.010177 0.000000 0.000000
2.000000 10.000000 2.000000 3.000000 3124.474502 0.004832 0.011725 0.011346 0.000000 0.000000
2.000000 11.000000 2.000000 3.000000 2625.129287 0.004055 0.009822 0.009822 0.000000 -7631.724299
2.000000 12.000000 2.000000 3.000000 2373.989110 0.003665 0.008869 0.008869 0.000000 -13196.372779
2.000000 13.000000 2.000000 3.000000 2155.028349 0.003325 0.008040 0.008040 0.000000 -14013.681585
2.000000 14.000000 2.000000 3.000000 2021.269085 0.003118 0.007535 0.007535 0.000000 -13430.979806
2.000000 15.000000 2.000000 3.000000 2343.612681 0.003618 0.008753 0.008753 0.000000 -8379.582216
2.000000 16.000000 2.000000 3.000000 4376.004803 0.006789 0.016546 0.011228 0.000000 0.000000
2.000000 17.000000 2.000000 3.000000 6980.714992 0.010901 0.026820 0.010901 1151.587913 0.000000
2.000000 18.000000 2.000000 3.000000 8598.934481 0.013483 0.033371 0.013483 11830.740158 0.000000
2.000000 19.000000 2.000000 3.000000 101842.970491 0.208749 0.945016 0.000000 0.000000 0.000000
2.000000 20.000000 2.000000 3.000000 10124.936857 0.015937 0.039671 0.000000 0.000000 -0.000000
2.000000 21.000000 2.000000 3.000000 5852.642291 0.009113 0.022330 0.000000 0.000000 -0.000000
2.000000 22.000000 2.000000 3.000000 4708.894576 0.007312 0.017841 0.000000 0.000000 0.000000
2.000000 23.000000 2.000000 3.000000 4081.467925 0.006327 0.015405 0.000000 0.000000 0.000000
2.000000 24.000000 2.000000 3.000000 3643.789494 0.005643 0.013717 0.000000 0.000000 0.000000
2.000000 1.000000 3.000000 3.000000 3304.572229 0.005113 0.012414 0.000000 0.000000 0.000000
2.000000 2.000000 3.000000 3.000000 3025.713035 0.004678 0.011348 0.000000 0.000000 0.000000
2.000000 3.000000 3.000000 3.000000 2804.156852 0.004333 0.010503 0.000000 0.000000 -0.000000
2.000000 4.000000 3.000000 3.000000 2636.915621 0.004073 0.009866 0.000000 0.000000 -0.000000
2.000000 5.000000 3.000000 3.000000 2497.979014 0.003857 0.009339 0.000000 0.000000 -0.000000
2.000000 6.000000 3.000000 3.000000 2375.029000 0.003666 0.008872 0.000000 0.000000 -0.000000
2.000000 7.000000 3.000000 3.000000 2232.686637 0.003445 0.008334 0.000000 0.000000 -0.000000
2.000000 8.000000 3.000000 3.000000 3800.872800 0.005888 0.014322 0.000000 0.000000 0.000000
2.000000 9.000000 3.000000 3.000000 5064.198334 0.007870 0.019229 0.000000 0.000000 0.000000
2.000000 10.000000 3.000000 3.000000 6587.400251 0.010276 0.025248 0.000000 0.000000 0.000000
2.000000 11.000000 3.000000 3.000000 8944.998934 0.014037 0.034789 0.000000 0.000000 0.000000
2.000000 12.000000 3.000000 3.000000 10764.014068 0.016970 0.042345 0.000000 0.000000 0.000000
2.000000 13.000000 3.000000 3.000000 12708.542051 0.020135 0.050617 0.000000 0.000000 0.000000
2.000000 14.000000 3.000000 3.000000 14320.102064 0.022781 0.057631 0.000000 0.000000 0.000000
2.000000 15.000000 3.000000 3.000000 30215.257249 0.050106 0.135540 0.000000 0.000000 0.000000
2.000000 16.000000 3.000000 3.000000 86013.302611 0.167562 0.645657 0.000000 0.000000 0.000000
2.000000 17.000000 3.000000 3.000000 198207.343158 0.595313 -4.203038 0.000000 0.000000 -0.000000
2.000000 18.000000 3.000000 3.000000 303905.715708 1.864300 -1.399899 0.000000 0.000000 -0.000000
2.000000 19.000000 3.000000 3.000000 192437.093029 0.562314 -5.080019 -0.000000 0.000000 -0.000000
2.000000 20.000000 3.000000 3.000000 14813.647532 0.023596 0.059808 0.000000 0.000000 0.000000
2.000000 21.000000 3.000000 3.000000 7889.982635 0.012349 0.030485 0.000000 0.000000 0.000000
2.000000 22.000000 3.000000 3.000000 6096.716519 0.009499 0.023296 0.000000 0.000000 0.000000
2.000000 23.000000 3.000000 3.000000 5123.861967 0.007964 0.019463 0.000000 0.000000 0.000000
2.000000 24.000000 3.000000 3.000000 4448.182088 0.006902 0.016827 0.000000 0.000000 0.000000
2.000000 1.000000 4.000000 3.000000 3928.060367 0.006087 0.014812 0.000000 0.000000 0.000000
2.000000 2.000000 4.000000 3.000000 3516.477926 0.005444 0.013227 0.000000 0.000000 0.000000
2.000000 3.000000 4.000000 3.000000 3189.514437 0.004934 0.011974 0.000000 0.000000 0.000000
2.000000 4.000000 4.000000 3.000000 2924.812894 0.004521 0.010963 0.000000 0.000000 0.000000
2.000000 5.000000 4.000000 3.000000 2701.416259 0.004174 0.010112 0.000000 0.000000 0.000000
2.000000 6.000000 4.000000 3.000000 2519.834146 0.003891 0.009422 0.000000 0.000000 -0.000000
2.000000 7.000000 4.000000 3.000000 2335.940556 0.003606 0.008724 0.000000 0.000000 -0.000000
2.000000 8.000000 4.000000 3.000000 3952.381365 0.006125 0.014906 0.000000 0.000000 0.000000
2.000000 9.000000 4.000000 3.000000 5250.226485 0.008163 0.019958 0.000000 0.000000 0.000000
2.000000 10.000000 4.000000 3.000000 6819.947552 0.010645 0.026176 0.000000 0.000000 0.000000
2.000000 11.000000 4.000000 3.000000 9256.921204 0.014538 0.036072 0.000000 0.000000 0.000000
2.000000 12.000000 4.000000 3.000000 11079.709474 0.017482 0.043674 0.000000 0.000000 0.000000
2.000000 13.000000 4.000000 3.000000 12930.357386 0.020498 0.051574 0.000000 0.000000 0.000000
2.000000 14.000000 4.000000 3.000000 14454.249072 0.023003 0.058221 0.000000 0.000000 0.000000
2.000000 15.000000 4.000000 3.000000 30297.792770 0.050254 0.135991 0.000000 0.000000 0.000000
2.000000 16.000000 4.000000 3.000000 86134.476214 0.167862 0.647514 0.000000 0.000000 0.000000
2.000000 17.000000 4.000000 3.000000 197956.162196 0.593838 -4.233969 0.000000 0.000000 -0.000000
2.000000 18.000000 4.000000 3.000000 303497.815701 1.854338 -1.402256 0.000000 0.000000 -0.000000
2.000000 19.000000 4.000000 3.000000 191693.276984 0.558190 -5.225338 -0.000000 0.000000 -0.000000
2.000000 20.000000 4.000000 3.000000 14843.975459 0.023647 0.059942 0.000000 0.000000 0.000000
2.000000 21.000000 4.000000 3.000000 7962.236349 0.012464 0.030778 0.000000 0.000000 0.000000
2.000000 22.000000 4.000000 3.000000 6186.996580 0.009642 0.023655 0.000000 0.000000 0.000000
2.000000 23.000000 4.000000 3.000000 5237.309560 0.008143 0.019907 0.000000 0.000000 0.000000
2.000000 24.000000 4.000000 3.000000 4570.898597 0.007095 0.017304 0.000000 0.000000 0.000000
2.000000 1.000000 5.000000 3.000000 4054.744266 0.006286 0.015302 0.000000 0.000000 0.000000
2.000000 2.000000 5.000000 3.000000 3644.016423 0.005643 0.013718 0.000000 0.000000 0.000000
2.000000 3.000000 5.000000 3.000000 3307.659441 0.005118 0.012426 0.000000 0.000000 0.000000
2.000000 4.000000 5.000000 3.000000 3031.165475 0.004687 0.011368 0.000000 0.000000 0.000000
2.000000 5.000000 5.000000 3.000000 2820.314710 0.004359 0.010564 0.000000 0.000000 0.000000
2.000000 6.000000 5.000000 3.000000 2646.025043 0.004087 0.009901 0.000000 0.000000 -0.000000
2.000000 7.000000 5.000000 3.000000 2487.076393 0.003840 0.009297 0.000000 0.000000 -0.000000
2.000000 8.000000 5.000000 3.000000 2749.152009 0.004248 0.010293 0.010224 0.000000 0.000000
2.000000 9.000000 5.000000 3.000000 3218.798614 0.004979 0.012086 0.011238 0.000000 0.000000
2.000000 10.000000 5.000000 3.000000 2960.286450 0.004576 0.011098 0.011098 0.000000 -1003.491158
2.000000 11.000000 5.000000 3.000000 2476.809593 0.003824 0.009258 0.009258 0.000000 -12276.956064
2.000000 12.000000 5.000000 3.000000 2258.784010 0.003486 0.008432 0.008432 0.000000 -15019.103933
2.000000 13.000000 5.000000 3.000000 2084.963346 0.003216 0.007775 0.007775 0.000000 -14662.728898
2.000000 14.000000 5.000000 3.000000 1971.443322 0.003040 0.007347 0.007347 0.000000 -13742.837225
2.000000 15.000000 5.000000 3.000000 2366.780061 0.003654 0.008841 0.008841 0.000000 -9064.623296
2.000000 16.000000 5.000000 3.000000 4334.008915 0.006723 0.016383 0.011011 0.000000 0.000000
2.000000 17.000000 5.000000 3.000000 6879.958351 0.010741 0.026416 0.010741 1982.920153 0.000000
2.000000 18.000000 5.000000 3.000000 8465.609449 0.013269 0.032826 0.013269 12257.805190 0.000000
2.000000 19.000000 5.000000 3.000000 101192.507558 0.206972 0.929956 0.000000 0.000000 0.000000
2.000000 20.000000 5.000000 3.000000 10094.474877 0.015887 0.039544 0.000000 0.000000 -0.000000
2.000000 21.000000 5.000000 3.000000 5815.436834 0.009055 0.022183 0.000000 0.000000 -0.000000
2.000000 22.000000 5.000000 3.000000 4683.654984 0.007272 0.017743 0.000000 0.000000 0.000000
2.000000 23.000000 5.000000 3.000000 4047.757209 0.006275 0.015275 0.000000 0.000000 0.000000
2.000000 24.000000 5.000000 3.000000 3585.138105 0.005551 0.013491 0.000000 0.000000 0.000000
2.000000 1.000000 6.000000 3.000000 3216.933043 0.004976 0.012079 0.000000 0.000000 0.000000
2.000000 2.000000 6.000000 3.000000 2927.023674 0.004525 0.010971 0.000000 0.000000 0.000000
2.000000 3.000000 6.000000 3.000000 2695.217877 0.004164 0.010088 0.000000 0.000000 -0.000000
2.000000 4.000000 6.000000 3.000000 2503.988413 0.003867 0.009361 0.000000 0.000000 -0.000000
2.000000 5.000000 6.000000 3.000000 2338.971350 0.003610 0.008736 0.000000 0.000000 -0.000000
2.000000 6.000000 6.000000 3.000000 2208.499448 0.003408 0.008242 0.000000 0.000000 -0.000000
2.000000 7.000000 6.000000 3.000000 2063.770722 0.003183 0.007695 0.000000 0.000000 -0.000000
2.000000 8.000000 6.000000 3.000000 2639.631259 0.004078 0.009877 0.008839 0.000000 0.000000
2.000000 9.000000 6.000000 3.000000 2821.778355 0.004361 0.010570 0.009628 0.000000 0.000000
2.000000 10.000000 6.000000 3.000000 3233.606103 0.005002 0.012143 0.010469 0.000000 0.000000
2.000000 11.000000 6.000000 3.000000 2691.454254 0.004158 0.010074 0.010074 0.000000 -3060.579318
2.000000 12.000000 6.000000 3.000000 2416.048820 0.003730 0.009028 0.009028 0.000000 -10093.734494
2.000000 13.000000 6.000000 3.000000 2190.405382 0.003380 0.008174 0.008174 0.000000 -11927.379782
2.000000 14.000000 6.000000 3.000000 2040.902862 0.003148 0.007609 0.007609 0.000000 -11967.580506
2.000000 15.000000 6.000000 3.000000 2377.737572 0.003671 0.008883 0.008883 0.000000 -6246.784966
2.000000 16.000000 6.000000 3.000000 4360.798802 0.006765 0.016487 0.010905 0.000000 0.000000
2.000000 17.000000 6.000000 3.000000 7022.155608 0.010967 0.026986 0.010967 3700.901625 0.000000
2.000000 18.000000 6.000000 3.000000 8591.690233 0.013471 0.033341 0.013471 11567.737820 0.000000
2.000000 19.000000 6.000000 3.000000 101782.461826 0.208583 0.943603 0.000000 0.000000 0.000000
2.000000 20.000000 6.000000 3.000000 10118.210583 0.015926 0.039643 0.000000 0.000000 -0.000000
2.000000 21.000000 6.000000 3.000000 5819.698794 0.009061 0.022200 0.000000 0.000000 -0.000000
2.000000 22.000000 6.000000 3.000000 4703.854859 0.007304 0.017822 0.000000 0.000000 0.000000
2.000000 23.000000 6.000000 3.000000 4075.511900 0.006318 0.015382 0.000000 0.000000 0.000000
2.000000 24.000000 6.000000 3.000000 3616.774373 0.005601 0.013613 0.000000 0.000000 0.000000
2.000000 1.000000 7.000000 3.000000 3272.740531 0.005063 0.012292 0.000000 0.000000 0.000000
2.000000 2.000000 7.000000 3.000000 3008.596264 0.004652 0.011282 0.000000 0.000000 0.000000
2.000000 3.000000 7.000000 3.000000 2787.790469 0.004308 0.010440 0.000000 0.000000 0.000000
2.000000 4.000000 7.000000 3.000000 2605.426941 0.004024 0.009747 0.000000 0.000000 -0.000000
2.000000 5.000000 7.000000 3.000000 2449.266945 0.003782 0.009154 0.000000 0.000000 -0.000000
2.000000 6.000000 7.000000 3.000000 2322.471191 0.003585 0.008673 0.000000 0.000000 -0.000000
2.000000 7.000000 7.000000 3.000000 2184.717487 0.003371 0.008152 0.000000 0.000000 -0.000000
2.000000 8.000000 7.000000 3.000000 2549.379244 0.003937 0.009534 0.009441 0.000000 0.000000
2.000000 9.000000 7.000000 3.000000 2939.251366 0.004544 0.011018 0.010066 0.000000 0.000000
2.000000 10.000000 7.000000 3.000000 3162.283960 0.004891 0.011870 0.011325 0.000000 0.000000
2.000000 11.000000 7.000000 3.000000 2648.542692 0.004091 0.009911 0.009911 0.000000 -7287.175178
2.000000 12.000000 7.000000 3.000000 2401.610655 0.003708 0.008973 0.008973 0.000000 -12846.607215
2.000000 13.000000 7.000000 3.000000 2192.377994 0.003383 0.008181 0.008181 0.000000 -12380.573024
2.000000 14.000000 7.000000 3.000000 2051.356013 0.003164 0.007648 0.007648 0.000000 -12272.592172
2.000000 15.000000 7.000000 3.000000 2333.656632 0.003602 0.008716 0.008716 0.000000 -9754.395144
2.000000 16.000000 7.000000 3.000000 4340.605515 0.006733 0.016409 0.011392 0.000000 0.000000
2.000000 17.000000 7.000000 3.000000 7018.102795 0.010960 0.026970 0.010960 1449.920164 0.000000
2.000000 18.000000 7.000000 3.000000 8602.196038 0.013488 0.033384 0.013488 10912.286530 0.000000
2.000000 19.000000 7.000000 3.000000 101943.161534 0.209023 0.947361 0.000000 0.000000 0.000000
2.000000 20.000000 7.000000 3.000000 10156.414347 0.015987 0.039802 0.000000 0.000000 -0.000000
2.000000 21.000000 7.000000 3.000000 5859.548151 0.009124 0.022358 0.000000 0.000000 -0.000000
2.000000 22.000000 7.000000 3.000000 4759.575719 0.007391 0.018039 0.000000 0.000000 0.000000
2.000000 23.000000 7.000000 3.000000 4146.102101 0.006429 0.015655 0.000000 0.000000 0.000000
2.000000 24.000000 7.000000 3.000000 3697.045538 0.005726 0.013922 0.000000 0.000000 0.000000
2.000000 1.000000 1.000000 3.000000 3348.306541 0.005181 0.012582 0.000000 0.000000 0.000000
2.000000 2.000000 1.000000 3.000000 3084.496203 0.004770 0.011572 0.000000 0.000000 0.000000
2.000000 3.000000 1.000000 3.000000 2871.737000 0.004439 0.010760 0.000000 0.000000 -0.000000
2.000000 4.000000 1.000000 3.000000 2689.356545 0.004155 0.010066 0.000000 0.000000 -0.000000
2.000000 5.000000 1.000000 3.000000 2525.335213 0.003900 0.009443 0.000000 0.000000 -0.000000
2.000000 6.000000 1.000000 3.000000 2393.403698 0.003695 0.008942 0.000000 0.000000 -0.000000
2.000000 7.000000 1.000000 3.000000 2254.124873 0.003479 0.008415 0.000000 0.000000 -0.000000
2.000000 8.000000 1.000000 3.000000 2622.251688 0.004050 0.009811 0.009811 0.000000 -453.291908
2.000000 9.000000 1.000000 3.000000 3092.914587 0.004783 0.011604 0.010554 0.000000 0.000000
2.000000 10.000000 1.000000 3.000000 3070.297193 0.004748 0.011518 0.011518 0.000000 -1254.253112
2.000000 11.000000 1.000000 3.000000 2569.608303 0.003969 0.009611 0.009611 0.000000 -9075.576940
2.000000 12.000000 1.000000 3.000000 2334.056726 0.003603 0.008717 0.008717 0.000000 -12230.766413
2.000000 13.000000 1.000000 3.000000 2138.171904 0.003299 0.007976 0.007976 0.000000 -14192.008992
2.000000 14.000000 1.000000 3.000000 2018.556422 0.003113 0.007525 0.007525 0.000000 -11550.431931
2.000000 15.000000 1.000000 3.000000 2363.818726 0.003649 0.008830 0.008830 0.000000 -8440.631646
2.000000 16.000000 1.000000 3.000000 4352.683423 0.006752 0.016456 0.011037 0.000000 0.000000
2.000000 17.000000 1.000000 3.000000 7018.377817 0.010961 0.026971 0.010961 923.325856 0.000000
2.000000 18.000000 1.000000 3.000000 8534.255839 0.013379 0.033106 0.013379 11209.796578 0.000000
2.000000 19.000000 1.000000 3.000000 101661.795478 0.208253 0.940792 0.000000 0.000000 0.000000
2.000000 20.000000 1.000000 3.000000 10095.026777 0.015888 0.039546 0.000000 0.000000 -0.000000
2.000000 21.000000 1.000000 3.000000 5796.192300 0.009024 0.022107 0.000000 0.000000 -0.000000
2.000000 22.000000 1.000000 3.000000 4718.963666 0.007327 0.017881 0.000000 0.000000 0.000000
2.000000 23.000000 1.000000 3.000000 4123.382614 0.006393 0.015567 0.000000 0.000000 0.000000
2.000000 24.000000 1.000000 3.000000 3689.844798 0.005715 0.013894 0.000000 0.000000 0.000000
2.000000 1.000000 2.000000 3.000000 3357.364781 0.005195 0.012617 0.000000 0.000000 0.000000
2.000000 2.000000 2.000000 3.000000 3105.778207 0.004803 0.011654 0.000000 0.000000 0.000000
2.000000 3.000000 2.000000 3.000000 2901.150249 0.004484 0.010872 0.000000 0.000000 0.000000
2.000000 4.000000 2.000000 3.000000 2729.954174 0.004218 0.010220 0.000000 0.000000 -0.000000
2.000000 5.000000 2.000000 3.000000 2559.256249 0.003953 0.009571 0.000000 0.000000 -0.000000
2.000000 6.000000 2.000000 3.000000 2413.141227 0.003726 0.009017 0.000000 0.000000 -0.000000
2.000000 7.000000 2.000000 3.000000 2269.384549 0.003502 0.008472 0.000000 0.000000 -0.000000
2.000000 8.000000 2.000000 3.000000 2604.034350 0.004022 0.009741 0.009741 0.000000 -310.119530
2.000000 9.000000 2.000000 3.000000 3038.721524 0.004699 0.011397 0.010458 0.000000 0.000000
2.000000 10.000000 2.000000 3.000000 3097.623211 0.004790 0.011622 0.011622 0.000000 -443.912495
2.000000 11.000000 2.000000 3.000000 2585.967505 0.003994 0.009673 0.009673 0.000000 -7088.804989
2.000000 12.000000 2.000000 3.000000 2344.393620 0.003619 0.008756 0.008756 0.000000 -10971.673835
2.000000 13.000000 2.000000 3.000000 2145.558816 0.003310 0.008004 0.008004 0.000000 -15217.202431
2.000000 14.000000 2.000000 3.000000 2014.277791 0.003107 0.007509 0.007509 0.000000 -11938.502662
2.000000 15.000000 2.000000 3.000000 2391.432968 0.003692 0.008935 0.008935 0.000000 -7334.392050
2.000000 16.000000 2.000000 3.000000 4455.959951 0.006914 0.016857 0.011173 0.000000 0.000000
2.000000 17.000000 2.000000 3.000000 7234.376439 0.011304 0.027838 0.011304 704.227232 0.000000
2.000000 18.000000 2.000000 3.000000 8806.490275 0.013815 0.034221 0.013815 11370.554979 0.000000
2.000000 19.000000 2.000000 3.000000 103173.556046 0.212408 0.976751 0.000000 0.000000 0.000000
2.000000 20.000000 2.000000 3.000000 10237.569582 0.016118 0.040140 0.000000 0.000000 -0.000000
2.000000 21.000000 2.000000 3.000000 5894.822237 0.009180 0.022497 0.000000 0.000000 -0.000000
2.000000 22.000000 2.000000 3.000000 4774.458895 0.007415 0.018097 0.000000 0.000000 0.000000
2.000000 23.000000 2.000000 3.000000 4151.144465 0.006437 0.015675 0.000000 0.000000 0.000000
2.000000 24.000000 2.000000 3.000000 3702.181951 0.005734 0.013942 0.000000 0.000000 0.000000
2.000000 1.000000 3.000000 3.000000 3353.907584 0.005190 0.012603 0.000000 0.000000 0.000000
2.000000 2.000000 3.000000 3.000000 3072.128448 0.004751 0.011525 0.000000 0.000000 0.000000
2.000000 3.000000 3.000000 3.000000 2837.357727 0.004385 0.010629 0.000000 0.000000 0.000000
2.000000 4.000000 3.000000 3.000000 2640.059513 0.004078 0.009878 0.000000 0.000000 -0.000000
2.000000 5.000000 3.000000 3.000000 2467.261537 0.003810 0.009222 0.000000 0.000000 -0.000000
2.000000 6.000000 3.000000 3.000000 2317.799520 0.003578 0.008656 0.000000 0.000000 -0.000000
2.000000 7.000000 3.000000 3.000000 2171.783805 0.003351 0.008103 0.000000 0.000000 -0.000000
2.000000 8.000000 3.000000 3.000000 3672.163142 0.005687 0.013826 0.000000 0.000000 0.000000
2.000000 9.000000 3.000000 3.000000 4887.275269 0.007592 0.018537 0.000000 0.000000 0.000000
2.000000 10.000000 3.000000 3.000000 6401.767128 0.009982 0.024508 0.000000 0.000000 0.000000
2.000000 11.000000 3.000000 3.000000 8691.249368 0.013630 0.033748 0.000000 0.000000 0.000000
2.000000 12.000000 3.000000 3.000000 10480.356378 0.016511 0.041155 0.000000 0.000000 0.000000
2.000000 13.000000 3.000000 3.000000 12332.190928 0.019520 0.049000 0.000000 0.000000 0.000000
2.000000 14.000000 3.000000 3.000000 13826.984404 0.021969 0.055469 0.000000 0.000000 0.000000
2.000000 15.000000 3.000000 3.000000 29142.815034 0.048190 0.129726 0.000000 0.000000 0.000000
2.000000 16.000000 3.000000 3.000000 83248.953645 0.160785 0.604732 0.000000 0.000000 0.000000
2.000000 17.000000 3.000000 3.000000 193542.182431 0.568495 -4.880299 0.000000 0.000000 -0.000000
2.000000 18.000000 3.000000 3.000000 297111.436062 1.708159 -1.441114 0.000000 0.000000 -0.000000
2.000000 19.000000 3.000000 3.000000 187900.853181 0.537603 -6.142922 -0.000000 0.000000 -0.000000
2.000000 20.000000 3.000000 3.000000 14321.372704 0.022784 0.057636 0.000000 0.000000 0.000000
2.000000 21.000000 3.000000 3.000000 7654.709497 0.011974 0.029532 0.000000 0.000000 0.000000
2.000000 22.000000 3.000000 3.000000 5993.253122 0.009336 0.022887 0.000000 0.000000 0.000000
2.000000 23.000000 3.000000 3.000000 5069.617268 0.007879 0.019250 0.000000 0.000000 0.000000
2.000000 24.000000 3.000000 3.000000 4402.968855 0.006831 0.016651 0.000000 0.000000 0.000000
2.000000 1.000000 4.000000 3.000000 3905.875268 0.006053 0.014727 0.000000 0.000000 0.000000
2.000000 2.000000 4.000000 3.000000 3525.538437 0.005458 0.013262 0.000000 0.000000 0.000000
2.000000 3.000000 4.000000 3.000000 3227.866633 0.004993 0.012121 0.000000 0.000000 0.000000
2.000000 4.000000 4.000000 3.000000 2975.559160 0.004600 0.011156 0.000000 0.000000 0.000000
2.000000 5.000000 4.000000 3.000000 2761.065618 0.004266 0.010339 0.000000 0.000000 0.000000
2.000000 6.000000 4.000000 3.000000 2577.170761 0.003980 0.009639 0.000000 0.000000 -0.000000
2.000000 7.000000 4.000000 3.000000 2422.972797 0.003741 0.009054 0.000000 0.000000 -0.000000
2.000000 8.000000 4.000000 3.000000 4006.418578 0.006210 0.015115 0.000000 0.000000 0.000000
2.000000 9.000000 4.000000 3.000000 5203.970947 0.008090 0.019777 0.000000 0.000000 0.000000
2.000000 10.000000 4.000000 3.000000 6704.650879 0.010462 0.025716 0.000000 0.000000 0.000000
2.000000 11.000000 4.000000 3.000000 8914.439375 0.013988 0.034663 0.000000 0.000000 0.000000
2.000000 12.000000 4.000000 3.000000 10519.131520 0.016573 0.041318 0.000000 0.000000 0.000000
2.000000 13.000000 4.000000 3.000000 12217.613329 0.019333 0.048509 0.000000 0.000000 0.000000
2.000000 14.000000 4.000000 3.000000 13724.161766 0.021800 0.055020 0.000000 0.000000 0.000000
2.000000 15.000000 4.000000 3.000000 28641.345087 0.047297 0.127037 0.000000 0.000000 0.000000
2.000000 16.000000 4.000000 3.000000 81927.511171 0.157586 0.586088 0.000000 0.000000 0.000000
2.000000 17.000000 4.000000 3.000000 189480.230354 0.546089 -5.719747 0.000000 0.000000 -0.000000
2.000000 18.000000 4.000000 3.000000 291406.253745 1.591437 -1.479253 0.000000 0.000000 -0.000000
2.000000 19.000000 4.000000 3.000000 183667.538590 0.515453 -7.722894 -0.000000 0.000000 -0.000000
2.000000 20.000000 4.000000 3.000000 13974.516992 0.022212 0.056114 0.000000 0.000000 0.000000
2.000000 21.000000 4.000000 3.000000 7471.706164 0.011682 0.028794 0.000000 0.000000 0.000000
2.000000 22.000000 4.000000 3.000000 5830.218431 0.009078 0.022242 0.000000 0.000000 0.000000
2.000000 23.000000 4.000000 3.000000 4921.735690 0.007646 0.018672 0.000000 0.000000 0.000000
2.000000 24.000000 4.000000 3.000000 4307.952765 0.006682 0.016282 0.000000 0.000000 0.000000
2.000000 1.000000 5.000000 3.000000 3840.738388 0.005951 0.014475 0.000000 0.000000 0.000000
2.000000 2.000000 5.000000 3.000000 3463.819433 0.005362 0.013025 0.000000 0.000000 0.000000
2.000000 3.000000 5.000000 3.000000 3164.384141 0.004894 0.011878 0.000000 0.000000 0.000000
2.000000 4.000000 5.000000 3.000000 2899.540248 0.004482 0.010866 0.000000 0.000000 0.000000
2.000000 5.000000 5.000000 3.000000 2704.269911 0.004178 0.010122 0.000000 0.000000 0.000000
2.000000 6.000000 5.000000 3.000000 2515.790045 0.003885 0.009406 0.000000 0.000000 0.000000
2.000000 7.000000 5.000000 3.000000 2339.334643 0.003611 0.008737 0.000000 0.000000 -0.000000
2.000000 8.000000 5.000000 3.000000 2485.164964 0.003837 0.009290 0.008948 0.000000 0.000000
2.000000 9.000000 5.000000 3.000000 2816.639895 0.004353 0.010550 0.008867 0.000000 0.000000
2.000000 10.000000 5.000000 3.000000 3182.920807 0.004923 0.011949 0.010265 0.000000 0.000000
2.000000 11.000000 5.000000 3.000000 2690.786020 0.004157 0.010071 0.010071 0.000000 -4399.195575
2.000000 12.000000 5.000000 3.000000 2439.940173 0.003767 0.009119 0.009119 0.000000 -11171.156756
2.000000 13.000000 5.000000 3.000000 2222.839153 0.003430 0.008296 0.008296 0.000000 -9872.059132
2.000000 14.000000 5.000000 3.000000 2082.455253 0.003212 0.007766 0.007766 0.000000 -8066.559568
2.000000 15.000000 5.000000 3.000000 2183.151178 0.003369 0.008146 0.008146 0.000000 -6372.832585
2.000000 16.000000 5.000000 3.000000 4034.582161 0.006254 0.015224 0.009495 0.000000 0.000000
2.000000 17.000000 5.000000 3.000000 6461.461602 0.010077 0.024746 0.010077 4946.504798 0.000000
2.000000 18.000000 5.000000 3.000000 7959.052201 0.012459 0.030765 0.012459 11810.892292 0.000000
2.000000 19.000000 5.000000 3.000000 96206.358065 0.193599 0.823469 0.000000 0.000000 0.000000
2.000000 20.000000 5.000000 3.000000 9381.282806 0.014738 0.036586 0.000000 0.000000 -0.000000
2.000000 21.000000 5.000000 3.000000 5395.525574 0.008392 0.020529 0.000000 0.000000 -0.000000
2.000000 22.000000 5.000000 3.000000 4352.039249 0.006751 0.016453 0.000000 0.000000 0.000000
2.000000 23.000000 5.000000 3.000000 3761.177976 0.005826 0.014169 0.000000 0.000000 0.000000
2.000000 24.000000 5.000000 3.000000 3348.129356 0.005181 0.012581 0.000000 0.000000 0.000000
2.000000 1.000000 6.000000 3.000000 3045.125190 0.004709 0.011422 0.000000 0.000000 0.000000
2.000000 2.000000 6.000000 3.000000 2786.749784 0.004306 0.010436 0.000000 0.000000 0.000000
2.000000 3.000000 6.000000 3.000000 2573.841892 0.003975 0.009627 0.000000 0.000000 0.000000
2.000000 4.000000 6.000000 3.000000 2415.791100 0.003730 0.009027 0.000000 0.000000 -0.000000
2.000000 5.000000 6.000000 3.000000 2270.835862 0.003505 0.008478 0.000000 0.000000 -0.000000
2.000000 6.000000 6.000000 3.000000 2146.558253 0.003312 0.008008 0.000000 0.000000 -0.000000
2.000000 7.000000 6.000000 3.000000 2031.898779 0.003134 0.007575 0.000000 0.000000 -0.000000
2.000000 8.000000 6.000000 3.000000 2692.755900 0.004160 0.010079 0.008645 0.000000 0.000000
2.000000 9.000000 6.000000 3.000000 2643.136140 0.004083 0.009890 0.008468 0.000000 0.000000
2.000000 10.000000 6.000000 3.000000 3109.587859 0.004809 0.011668 0.010096 0.000000 0.000000
2.000000 11.000000 6.000000 3.000000 2889.022102 0.004466 0.010826 0.010826 0.000000 -974.989432
2.000000 12.000000 6.000000 3.000000 2613.654133 0.004037 0.009778 0.009778 0.000000 -5785.463023
2.000000 13.000000 6.000000 3.000000 2360.281281 0.003643 0.008817 0.008817 0.000000 -7833.485098
2.000000 14.000000 6.000000 3.000000 2195.212868 0.003387 0.008192 0.008192 0.000000 -5723.769030
2.000000 15.000000 6.000000 3.000000 2100.218457 0.003240 0.007833 0.007833 0.000000 -7959.971047
2.000000 16.000000 6.000000 3.000000 3887.250830 0.006023 0.014655 0.009560 0.000000 0.000000
2.000000 17.000000 6.000000 3.000000 6292.284241 0.009809 0.024073 0.009809 3088.144554 0.000000
2.000000 18.000000 6.000000 3.000000 7756.053179 0.012135 0.029942 0.012135 11285.067373 0.000000
2.000000 19.000000 6.000000 3.000000 94773.362355 0.189836 0.795516 0.000000 0.000000 0.000000
2.000000 20.000000 6.000000 3.000000 9259.592249 0.014543 0.036083 0.000000 0.000000 -0.000000
2.000000 21.000000 6.000000 3.000000 5335.202342 0.008297 0.020292 0.000000 0.000000 -0.000000
2.000000 22.000000 6.000000 3.000000 4322.765877 0.006706 0.016340 0.000000 0.000000 0.000000
2.000000 23.000000 6.000000 3.000000 3775.444380 0.005849 0.014224 0.000000 0.000000 0.000000
2.000000 24.000000 6.000000 3.000000 3374.805794 0.005223 0.012684 0.000000 0.000000 0.000000
2.000000 1.000000 7.000000 3.000000 3072.598426 0.004751 0.011527 0.000000 0.000000 0.000000
2.000000 2.000000 7.000000 3.000000 2825.656221 0.004367 0.010585 0.000000 0.000000 0.000000
2.000000 3.000000 7.000000 3.000000 2640.430682 0.004079 0.009880 0.000000 0.000000 -0.000000
2.000000 4.000000 7.000000 3.000000 2484.345847 0.003836 0.009287 0.000000 0.000000 -0.000000
2.000000 5.000000 7.000000 3.000000 2349.796868 0.003627 0.008777 0.000000 0.000000 -0.000000
2.000000 6.000000 7.000000 3.000000 2242.301115 0.003460 0.008370 0.000000 0.000000 -0.000000
2.000000 7.000000 7.000000 3.000000 2129.872211 0.003286 0.007945 0.000000 0.000000 -0.000000
2.000000 8.000000 7.000000 3.000000 2610.485938 0.004032 0.009766 0.009372 0.000000 0.000000
2.000000 9.000000 7.000000 3.000000 2789.026499 0.004310 0.010445 0.009400 0.000000 0.000000
2.000000 10.000000 7.000000 3.000000 3297.943605 0.005103 0.012389 0.011369 0.000000 0.000000
2.000000 11.000000 7.000000 3.000000 2756.962735 0.004260 0.010323 0.010323 0.000000 -5006.329976
2.000000 12.000000 7.000000 3.000000 2507.320115 0.003872 0.009374 0.009374 0.000000 -10298.873792
2.000000 13.000000 7.000000 3.000000 2295.260921 0.003543 0.008570 0.008570 0.000000 -7944.427745
2.000000 14.000000 7.000000 3.000000 2162.143849 0.003336 0.008067 0.008067 0.000000 -6361.582052
2.000000 15.000000 7.000000 3.000000 2119.010612 0.003269 0.007904 0.007904 0.000000 -7636.714404
2.000000 16.000000 7.000000 3.000000 3892.433860 0.006032 0.014675 0.009356 0.000000 0.000000
2.000000 17.000000 7.000000 3.000000 6277.491534 0.009785 0.024014 0.009785 3450.972297 0.000000
2.000000 18.000000 7.000000 3.000000 7601.431858 0.011889 0.029317 0.011889 11737.555687 0.000000
2.000000 19.000000 7.000000 3.000000 93222.934515 0.185802 0.766465 0.000000 0.000000 0.000000
2.000000 20.000000 7.000000 3.000000 8944.420960 0.014036 0.034787 0.000000 0.000000 -0.000000
2.000000 21.000000 7.000000 3.000000 5103.241853 0.007932 0.019382 0.000000 0.000000 -0.000000
2.000000 22.000000 7.000000 3.000000 4104.396541 0.006363 0.015494 0.000000 0.000000 0.000000
2.000000 23.000000 7.000000 3.000000 3537.292419 0.005476 0.013307 0.000000 0.000000 0.000000
2.000000 24.000000 7.000000 3.000000 3125.128898 0.004833 0.011727 0.000000 0.000000 0.000000
2.000000 1.000000 1.000000 4.000000 2824.550988 0.004365 0.010580 0.000000 0.000000 0.000000
2.000000 2.000000 1.000000 4.000000 2592.352760 0.004004 0.009697 0.000000 0.000000 0.000000
2.000000 3.000000 1.000000 4.000000 2405.369132 0.003713 0.008987 0.000000 0.000000 -0.000000
2.000000 4.000000 1.000000 4.000000 2254.131257 0.003479 0.008415 0.000000 0.000000 -0.000000
2.000000 5.000000 1.000000 4.000000 2110.276669 0.003256 0.007871 0.000000 0.000000 -0.000000
2.000000 6.000000 1.000000 4.000000 2000.348434 0.003085 0.007456 0.000000 0.000000 -0.000000
2.000000 7.000000 1.000000 4.000000 1888.887333 0.002912 0.007036 0.000000 0.000000 -0.000000
2.000000 8.000000 1.000000 4.000000 2566.878065 0.003964 0.009600 0.008227 0.000000 0.000000
2.000000 9.000000 1.000000 4.000000 2555.228135 0.003946 0.009556 0.008610 0.000000 0.000000
2.000000 10.000000 1.000000 4.000000 3186.821397 0.004929 0.011963 0.009882 0.000000 0.000000
2.000000 11.000000 1.000000 4.000000 2850.371992 0.004405 0.010679 0.010679 0.000000 -1910.481585
2.000000 12.000000 1.000000 4.000000 2482.541380 0.003833 0.009280 0.009280 0.000000 -9792.943911
2.000000 13.000000 1.000000 4.000000 2228.488181 0.003439 0.008318 0.008318 0.000000 -9648.787004
2.000000 14.000000 1.000000 4.000000 2073.817668 0.003199 0.007733 0.007733 0.000000 -9227.802536
2.000000 15.000000 1.000000 4.000000 2234.387375 0.003448 0.008340 0.008340 0.000000 -8557.359789
2.000000 16.000000 1.000000 4.000000 3834.420248 0.005941 0.014451 0.010703 0.000000 0.000000
2.000000 17.000000 1.000000 4.000000 4631.245465 0.007190 0.017539 0.009627 0.000000 0.000000
2.000000 18.000000 1.000000 4.000000 2972.240028 0.004595 0.011143 0.008533 0.000000 0.000000
2.000000 19.000000 1.000000 4.000000 4815.958061 0.007480 0.018259 0.000000 0.000000 0.000000
2.000000 20.000000 1.000000 4.000000 4015.713702 0.006224 0.015151 0.000000 0.000000 0.000000
2.000000 21.000000 1.000000 4.000000 3490.561338 0.005403 0.013128 0.000000 0.000000 0.000000
2.000000 22.000000 1.000000 4.000000 3113.296358 0.004815 0.011682 0.000000 0.000000 0.000000
2.000000 23.000000 1.000000 4.000000 2820.723594 0.004359 0.010566 0.000000 0.000000 0.000000
2.000000 24.000000 1.000000 4.000000 2584.995189 0.003993 0.009669 0.000000 0.000000 0.000000
2.000000 1.000000 2.000000 4.000000 2402.202425 0.003709 0.008975 0.000000 0.000000 0.000000
2.000000 2.000000 2.000000 4.000000 2253.680634 0.003478 0.008413 0.000000 0.000000 -0.000000
2.000000 3.000000 2.000000 4.000000 2141.449135 0.003304 0.007989 0.000000 0.000000 -0.000000
2.000000 4.000000 2.000000 4.000000 2042.593276 0.003151 0.007615 0.000000 0.000000 -0.000000
2.000000 5.000000 2.000000 4.000000 1933.791532 0.002982 0.007205 0.000000 0.000000 -0.000000
2.000000 6.000000 2.000000 4.000000 1849.535756 0.002851 0.006888 0.000000 0.000000 -0.000000
2.000000 7.000000 2.000000 4.000000 1765.705735 0.002722 0.006572 0.000000 0.000000 -0.000000
2.000000 8.000000 2.000000 4.000000 2662.317371 0.004113 0.009963 0.008523 0.000000 0.000000
2.000000 9.000000 2.000000 4.000000 2567.598453 0.003966 0.009603 0.008930 0.000000 0.000000
2.000000 10.000000 2.000000 4.000000 3200.963948 0.004952 0.012018 0.010363 0.000000 0.000000
2.000000 11.000000 2.000000 4.000000 2895.772832 0.004476 0.010852 0.010852 0.000000 -1076.309091
2.000000 12.000000 2.000000 4.000000 2517.417539 0.003888 0.009412 0.009412 0.000000 -7709.869375
2.000000 13.000000 2.000000 4.000000 2261.822822 0.003491 0.008444 0.008444 0.000000 -9733.168927
2.000000 14.000000 2.000000 4.000000 2112.174414 0.003258 0.007878 0.007878 0.000000 -7792.077561
2.000000 15.000000 2.000000 4.000000 2196.497793 0.003389 0.008197 0.008197 0.000000 -6688.001902
2.000000 16.000000 2.000000 4.000000 3695.341413 0.005723 0.013915 0.009891 0.000000 0.000000
2.000000 17.000000 2.000000 4.000000 4443.751053 0.006895 0.016810 0.008800 0.000000 0.000000
2.000000 18.000000 2.000000 4.000000 2809.361453 0.004342 0.010522 0.007598 0.000000 0.000000
2.000000 19.000000 2.000000 4.000000 4560.367517 0.007078 0.017263 0.000000 0.000000 0.000000
2.000000 20.000000 2.000000 4.000000 3782.549189 0.005860 0.014251 0.000000 0.000000 0.000000
2.000000 21.000000 2.000000 4.000000 3259.747809 0.005043 0.012243 0.000000 0.000000 0.000000
2.000000 22.000000 2.000000 4.000000 2889.584626 0.004466 0.010828 0.000000 0.000000 0.000000
2.000000 23.000000 2.000000 4.000000 2607.472246 0.004028 0.009754 0.000000 0.000000 0.000000
2.000000 24.000000 2.000000 4.000000 2391.368210 0.003692 0.008934 0.000000 0.000000 0.000000
2.000000 1.000000 3.000000 4.000000 2224.854709 0.003433 0.008304 0.000000 0.000000 0.000000
2.000000 2.000000 3.000000 4.000000 2086.639903 0.003219 0.007782 0.000000 0.000000 -0.000000
2.000000 3.000000 3.000000 4.000000 1964.081704 0.003029 0.007319 0.000000 0.000000 -0.000000
2.000000 4.000000 3.000000 4.000000 1871.326978 0.002885 0.006970 0.000000 0.000000 -0.000000
2.000000 5.000000 3.000000 4.000000 1781.793593 0.002747 0.006633 0.000000 0.000000 -0.000000
2.000000 6.000000 3.000000 4.000000 1716.643741 0.002646 0.006388 0.000000 0.000000 -0.000000
2.000000 7.000000 3.000000 4.000000 1643.805930 0.002533 0.006114 0.000000 0.000000 -0.000000
2.000000 8.000000 3.000000 4.000000 3083.160553 0.004768 0.011567 0.000000 0.000000 0.000000
2.000000 9.000000 3.000000 4.000000 3949.305997 0.006121 0.014894 0.000000 0.000000 0.000000
2.000000 10.000000 3.000000 4.000000 5469.009845 0.008508 0.020818 0.000000 0.000000 0.000000
2.000000 11.000000 3.000000 4.000000 7005.951365 0.010941 0.026921 0.000000 0.000000 0.000000
2.000000 12.000000 3.000000 4.000000 8874.508477 0.013924 0.034500 0.000000 0.000000 0.000000
2.000000 13.000000 3.000000 4.000000 10695.667755 0.016859 0.042058 0.000000 0.000000 0.000000
2.000000 14.000000 3.000000 4.000000 12117.754207 0.019170 0.048082 0.000000 0.000000 0.000000
2.000000 15.000000 3.000000 4.000000 26558.347733 0.043616 0.116074 0.000000 0.000000 0.000000
2.000000 16.000000 3.000000 4.000000 67613.393668 0.124540 0.415316 0.000000 0.000000 0.000000
2.000000 17.000000 3.000000 4.000000 102198.531605 0.209723 0.953372 0.000000 0.000000 0.000000
2.000000 18.000000 3.000000 4.000000 59911.432566 0.107893 0.341994 0.000000 0.000000 0.000000
2.000000 19.000000 3.000000 4.000000 9109.011608 0.014301 0.035463 0.000000 0.000000 -0.000000
2.000000 20.000000 3.000000 4.000000 5283.362220 0.008215 0.020088 0.000000 0.000000 -0.000000
2.000000 21.000000 3.000000 4.000000 4256.699932 0.006602 0.016084 0.000000 0.000000 0.000000
2.000000 22.000000 3.000000 4.000000 3664.796023 0.005676 0.013798 0.000000 0.000000 0.000000
2.000000 23.000000 3.000000 4.000000 3239.325274 0.005011 0.012164 0.000000 0.000000 0.000000
2.000000 24.000000 3.000000 4.000000 2904.393075 0.004489 0.010885 0.000000 0.000000 0.000000
2.000000 1.000000 4.000000 4.000000 2653.394642 0.004099 0.009929 0.000000 0.000000 0.000000
2.000000 2.000000 4.000000 4.000000 2453.376520 0.003788 0.009169 0.000000 0.000000 0.000000
2.000000 3.000000 4.000000 4.000000 2284.143725 0.003525 0.008528 0.000000 0.000000 -0.000000
2.000000 4.000000 4.000000 4.000000 2138.283960 0.003299 0.007977 0.000000 0.000000 -0.000000
2.000000 5.000000 4.000000 4.000000 2006.984472 0.003095 0.007481 0.000000 0.000000 -0.000000
2.000000 6.000000 4.000000 4.000000 1912.470538 0.002949 0.007125 0.000000 0.000000 -0.000000
2.000000 7.000000 4.000000 4.000000 1807.005683 0.002786 0.006728 0.000000 0.000000 -0.000000
2.000000 8.000000 4.000000 4.000000 3317.839876 0.005134 0.012465 0.000000 0.000000 0.000000
2.000000 9.000000 4.000000 4.000000 4155.236021 0.006443 0.015691 0.000000 0.000000 0.000000
2.000000 10.000000 4.000000 4.000000 5622.396344 0.008750 0.021422 0.000000 0.000000 0.000000
2.000000 11.000000 4.000000 4.000000 7070.771091 0.011044 0.027181 0.000000 0.000000 0.000000
2.000000 12.000000 4.000000 4.000000 8839.692985 0.013868 0.034357 0.000000 0.000000 0.000000
2.000000 13.000000 4.000000 4.000000 10488.902452 0.016525 0.041191 0.000000 0.000000 0.000000
2.000000 14.000000 4.000000 4.000000 11766.857486 0.018598 0.046586 0.000000 0.000000 0.000000
2.000000 15.000000 4.000000 4.000000 25774.546696 0.042242 0.112032 0.000000 0.000000 0.000000
2.000000 16.000000 4.000000 4.000000 66063.523493 0.121129 0.399678 0.000000 0.000000 0.000000
2.000000 17.000000 4.000000 4.000000 100473.873785 0.205018 0.913651 0.000000 0.000000 0.000000
2.000000 18.000000 4.000000 4.000000 59006.890673 0.105986 0.334058 0.000000 0.000000 0.000000
2.000000 19.000000 4.000000 4.000000 8940.778869 0.014031 0.034772 0.000000 0.000000 -0.000000
2.000000 20.000000 4.000000 4.000000 5215.361969 0.008108 0.019821 0.000000 0.000000 -0.000000
2.000000 21.000000 4.000000 4.000000 4202.115634 0.006516 0.015872 0.000000 0.000000 0.000000
2.000000 22.000000 4.000000 4.000000 3625.021535 0.005613 0.013645 0.000000 0.000000 0.000000
2.000000 23.000000 4.000000 4.000000 3214.050222 0.004972 0.012068 0.000000 0.000000 0.000000
2.000000 24.000000 4.000000 4.000000 2916.663186 0.004509 0.010931 0.000000 0.000000 0.000000
2.000000 1.000000 5.000000 4.000000 2664.174183 0.004116 0.009970 0.000000 0.000000 0.000000
2.000000 2.000000 5.000000 4.000000 2462.124377 0.003802 0.009203 0.000000 0.000000 0.000000
2.000000 3.000000 5.000000 4.000000 2312.435609 0.003569 0.008635 0.000000 0.000000 -0.000000
2.000000 4.000000 5.000000 4.000000 2183.243111 0.003369 0.008147 0.000000 0.000000 -0.000000
2.000000 5.000000 5.000000 4.000000 2063.907992 0.003184 0.007696 0.000000 0.000000 -0.000000
2.000000 6.000000 5.000000 4.000000 1980.232382 0.003054 0.007380 0.000000 0.000000 -0.000000
2.000000 7.000000 5.000000 4.000000 1893.410060 0.002919 0.007053 0.000000 0.000000 -0.000000
2.000000 8.000000 5.000000 4.000000 2553.547723 0.003944 0.009550 0.008699 0.000000 0.000000
2.000000 9.000000 5.000000 4.000000 2604.008192 0.004022 0.009741 0.008934 0.000000 0.000000
2.000000 10.000000 5.000000 4.000000 3171.236018 0.004905 0.011904 0.010158 0.000000 0.000000
2.000000 11.000000 5.000000 4.000000 2874.690477 0.004443 0.010771 0.010771 0.000000 -82.419539
2.000000 12.000000 5.000000 4.000000 2521.066620 0.003893 0.009426 0.009426 0.000000 -4519.826103
2.000000 13.000000 5.000000 4.000000 2291.278122 0.003536 0.008555 0.008555 0.000000 -7263.950779
2.000000 14.000000 5.000000 4.000000 2167.572746 0.003344 0.008087 0.008087 0.000000 -4684.479895
2.000000 15.000000 5.000000 4.000000 2006.200522 0.003094 0.007478 0.007478 0.000000 -5161.200859
2.000000 16.000000 5.000000 4.000000 3402.642585 0.005266 0.012790 0.008759 0.000000 0.000000
2.000000 17.000000 5.000000 4.000000 4136.772450 0.006414 0.015619 0.008290 0.000000 0.000000
2.000000 18.000000 5.000000 4.000000 2610.004410 0.004031 0.009764 0.007595 0.000000 0.000000
2.000000 19.000000 5.000000 4.000000 4304.532090 0.006677 0.016269 0.000000 0.000000 0.000000
2.000000 20.000000 5.000000 4.000000 3612.782882 0.005594 0.013597 0.000000 0.000000 0.000000
2.000000 21.000000 5.000000 4.000000 3190.420539 0.004935 0.011977 0.000000 0.000000 0.000000
2.000000 22.000000 5.000000 4.000000 2872.239334 0.004439 0.010762 0.000000 0.000000 0.000000
2.000000 23.000000 5.000000 4.000000 2629.629551 0.004062 0.009839 0.000000 0.000000 0.000000
2.000000 24.000000 5.000000 4.000000 2447.227219 0.003778 0.009146 0.000000 0.000000 0.000000
2.000000 1.000000 6.000000 4.000000 2296.163769 0.003544 0.008574 0.000000 0.000000 0.000000
2.000000 2.000000 6.000000 4.000000 2178.130818 0.003361 0.008127 0.000000 0.000000 -0.000000
2.000000 3.000000 6.000000 4.000000 2075.384671 0.003201 0.007739 0.000000 0.000000 -0.000000
2.000000 4.000000 6.000000 4.000000 1981.649088 0.003056 0.007385 0.000000 0.000000 -0.000000
2.000000 5.000000 6.000000 4.000000 1909.730504 0.002945 0.007114 0.000000 0.000000 -0.000000
2.000000 6.000000 6.000000 4.000000 1852.555469 0.002856 0.006899 0.000000 0.000000 -0.000000
2.000000 7.000000 6.000000 4.000000 1788.511257 0.002757 0.006658 0.000000 0.000000 -0.000000
2.000000 8.000000 6.000000 4.000000 2632.922163 0.004067 0.009851 0.008875 0.000000 0.000000
2.000000 9.000000 6.000000 4.000000 2626.709408 0.004057 0.009828 0.009075 0.000000 0.000000
2.000000 10.000000 6.000000 4.000000 3273.674467 0.005065 0.012296 0.010220 0.000000 0.000000
2.000000 11.000000 6.000000 4.000000 2876.990947 0.004447 0.010780 0.010780 0.000000 -2622.473374
2.000000 12.000000 6.000000 4.000000 2514.063736 0.003882 0.009400 0.009400 0.000000 -8030.808184
2.000000 13.000000 6.000000 4.000000 2271.165166 0.003505 0.008479 0.008479 0.000000 -6365.358752
2.000000 14.000000 6.000000 4.000000 2121.720299 0.003273 0.007914 0.007914 0.000000 -6820.501238
2.000000 15.000000 6.000000 4.000000 2127.712063 0.003283 0.007937 0.007937 0.000000 -6407.091405
2.000000 16.000000 6.000000 4.000000 3602.848264 0.005579 0.013559 0.009583 0.000000 0.000000
2.000000 17.000000 6.000000 4.000000 4351.663980 0.006751 0.016452 0.008695 0.000000 0.000000
2.000000 18.000000 6.000000 4.000000 2763.946930 0.004271 0.010350 0.008151 0.000000 0.000000
2.000000 19.000000 6.000000 4.000000 4496.993369 0.006979 0.017016 0.000000 0.000000 0.000000
2.000000 20.000000 6.000000 4.000000 3749.223884 0.005808 0.014123 0.000000 0.000000 0.000000
2.000000 21.000000 6.000000 4.000000 3255.199835 0.005036 0.012225 0.000000 0.000000 0.000000
2.000000 22.000000 6.000000 4.000000 2917.071700 0.004509 0.010933 0.000000 0.000000 0.000000
2.000000 23.000000 6.000000 4.000000 2665.590985 0.004118 0.009975 0.000000 0.000000 0.000000
2.000000 24.000000 6.000000 4.000000 2473.692395 0.003820 0.009247 0.000000 0.000000 0.000000
2.000000 1.000000 7.000000 4.000000 2460.304381 0.003799 0.009196 0.000000 0.000000 0.000000
2.000000 2.000000 7.000000 4.000000 2367.499578 0.003655 0.008844 0.000000 0.000000 -0.000000
2.000000 3.000000 7.000000 4.000000 2259.708209 0.003487 0.008436 0.000000 0.000000 -0.000000
2.000000 4.000000 7.000000 4.000000 2152.308215 0.003321 0.008030 0.000000 0.000000 -0.000000
2.000000 5.000000 7.000000 4.000000 2049.069221 0.003161 0.007640 0.000000 0.000000 -0.000000
2.000000 6.000000 7.000000 4.000000 1950.601375 0.003008 0.007268 0.000000 0.000000 -0.000000
2.000000 7.000000 7.000000 4.000000 1868.603028 0.002881 0.006959 0.000000 0.000000 -0.000000
2.000000 8.000000 7.000000 4.000000 2556.799573 0.003949 0.009562 0.008721 0.000000 0.000000
2.000000 9.000000 7.000000 4.000000 2717.657885 0.004199 0.010173 0.010173 0.000000 -2056.716820
2.000000 10.000000 7.000000 4.000000 3215.870499 0.004975 0.012075 0.012075 0.000000 -756.645748
2.000000 11.000000 7.000000 4.000000 2832.624366 0.004378 0.010611 0.010611 0.000000 -607.987128
2.000000 12.000000 7.000000 4.000000 2483.497201 0.003835 0.009284 0.009284 0.000000 -6100.290894
2.000000 13.000000 7.000000 4.000000 2241.569232 0.003459 0.008367 0.008367 0.000000 -11366.717296
2.000000 14.000000 7.000000 4.000000 2090.722458 0.003225 0.007797 0.007797 0.000000 -9396.801029
2.000000 15.000000 7.000000 4.000000 2234.002092 0.003447 0.008339 0.008339 0.000000 -5435.776952
2.000000 16.000000 7.000000 4.000000 3792.019912 0.005874 0.014288 0.009776 0.000000 0.000000
2.000000 17.000000 7.000000 4.000000 4604.262353 0.007147 0.017434 0.009729 0.000000 0.000000
2.000000 18.000000 7.000000 4.000000 2930.949816 0.004531 0.010986 0.009323 0.000000 0.000000
2.000000 19.000000 7.000000 4.000000 4764.603339 0.007399 0.018058 0.000000 0.000000 0.000000
2.000000 20.000000 7.000000 4.000000 3975.066415 0.006161 0.014994 0.000000 0.000000 0.000000
2.000000 21.000000 7.000000 4.000000 3467.950581 0.005368 0.013041 0.000000 0.000000 0.000000
2.000000 22.000000 7.000000 4.000000 3106.123212 0.004804 0.011655 0.000000 0.000000 0.000000
2.000000 23.000000 7.000000 4.000000 2833.772883 0.004380 0.010615 0.000000 0.000000 0.000000
2.000000 24.000000 7.000000 4.000000 2618.867724 0.004045 0.009798 0.000000 0.000000 0.000000
2.000000 1.000000 1.000000 4.000000 2462.331240 0.003802 0.009203 0.000000 0.000000 0.000000
2.000000 2.000000 1.000000 4.000000 2329.608113 0.003596 0.008700 0.000000 0.000000 -0.000000
2.000000 3.000000 1.000000 4.000000 2198.773965 0.003393 0.008205 0.000000 0.000000 -0.000000
2.000000 4.000000 1.000000 4.000000 2093.217836 0.003229 0.007806 0.000000 0.000000 -0.000000
2.000000 5.000000 1.000000 4.000000 1991.632149 0.003072 0.007423 0.000000 0.000000 -0.000000
2.000000 6.000000 1.000000 4.000000 1905.219789 0.002938 0.007097 0.000000 0.000000 -0.000000
2.000000 7.000000 1.000000 4.000000 1817.453550 0.002802 0.006767 0.000000 0.000000 -0.000000
2.000000 8.000000 1.000000 4.000000 2602.228132 0.004019 0.009735 0.009674 0.000000 0.000000
2.000000 9.000000 1.000000 4.000000 2698.874441 0.004170 0.010102 0.010102 0.000000 -1538.281417
2.000000 10.000000 1.000000 4.000000 3224.828224 0.004989 0.012109 0.011745 0.000000 0.000000
2.000000 11.000000 1.000000 4.000000 2798.926640 0.004325 0.010483 0.010483 0.000000 -2047.969774
2.000000 12.000000 1.000000 4.000000 2437.485656 0.003763 0.009109 0.009109 0.000000 -5629.921452
2.000000 13.000000 1.000000 4.000000 2186.043313 0.003373 0.008157 0.008157 0.000000 -10056.044838
2.000000 14.000000 1.000000 4.000000 2040.470304 0.003147 0.007607 0.007607 0.000000 -11096.710749
2.000000 15.000000 1.000000 4.000000 2318.538370 0.003579 0.008659 0.008659 0.000000 -5780.851453
2.000000 16.000000 1.000000 4.000000 3917.348416 0.006070 0.014771 0.009909 0.000000 0.000000
2.000000 17.000000 1.000000 4.000000 4729.220008 0.007343 0.017921 0.009630 0.000000 0.000000
2.000000 18.000000 1.000000 4.000000 3021.387145 0.004672 0.011331 0.009312 0.000000 0.000000
2.000000 19.000000 1.000000 4.000000 4884.112614 0.007587 0.018525 0.000000 0.000000 0.000000
2.000000 20.000000 1.000000 4.000000 4094.434683 0.006348 0.015455 0.000000 0.000000 0.000000
2.000000 21.000000 1.000000 4.000000 3601.138617 0.005576 0.013553 0.000000 0.000000 0.000000
2.000000 22.000000 1.000000 4.000000 3237.081361 0.005008 0.012156 0.000000 0.000000 0.000000
2.000000 23.000000 1.000000 4.000000 2969.555238 0.004591 0.011133 0.000000 0.000000 0.000000
2.000000 24.000000 1.000000 4.000000 2766.187622 0.004274 0.010358 0.000000 0.000000 0.000000
2.000000 1.000000 2.000000 4.000000 2625.215525 0.004055 0.009822 0.000000 0.000000 0.000000
2.000000 2.000000 2.000000 4.000000 2489.757799 0.003845 0.009307 0.000000 0.000000 -0.000000
2.000000 3.000000 2.000000 4.000000 2367.591670 0.003655 0.008844 0.000000 0.000000 -0.000000
2.000000 4.000000 2.000000 4.000000 2267.012818 0.003499 0.008463 0.000000 0.000000 -0.000000
2.000000 5.000000 2.000000 4.000000 2167.022979 0.003344 0.008085 0.000000 0.000000 -0.000000
2.000000 6.000000 2.000000 4.000000 2077.042053 0.003204 0.007745 0.000000 0.000000 -0.000000
2.000000 7.000000 2.000000 4.000000 1982.606897 0.003058 0.007389 0.000000 0.000000 -0.000000
2.000000 8.000000 2.000000 4.000000 2510.385318 0.003877 0.009386 0.009386 0.000000 -2045.003144
2.000000 9.000000 2.000000 4.000000 2705.337765 0.004180 0.010127 0.010127 0.000000 -1488.593435
2.000000 10.000000 2.000000 4.000000 3205.875012 0.004959 0.012036 0.012036 0.000000 -114.427689
2.000000 11.000000 2.000000 4.000000 2827.042032 0.004369 0.010590 0.010590 0.000000 -2938.622065
2.000000 12.000000 2.000000 4.000000 2471.959959 0.003817 0.009240 0.009240 0.000000 -7323.538824
2.000000 13.000000 2.000000 4.000000 2241.759517 0.003459 0.008368 0.008368 0.000000 -9433.283077
2.000000 14.000000 2.000000 4.000000 2103.531289 0.003245 0.007845 0.007845 0.000000 -8858.206152
2.000000 15.000000 2.000000 4.000000 2180.841328 0.003365 0.008138 0.008138 0.000000 -6894.279014
2.000000 16.000000 2.000000 4.000000 3748.606584 0.005807 0.014120 0.009927 0.000000 0.000000
2.000000 17.000000 2.000000 4.000000 4521.302975 0.007017 0.017111 0.009404 0.000000 0.000000
2.000000 18.000000 2.000000 4.000000 2872.192393 0.004439 0.010762 0.009103 0.000000 0.000000
2.000000 19.000000 2.000000 4.000000 4702.957943 0.007302 0.017818 0.000000 0.000000 0.000000
2.000000 20.000000 2.000000 4.000000 3954.150308 0.006128 0.014913 0.000000 0.000000 0.000000
2.000000 21.000000 2.000000 4.000000 3474.599176 0.005378 0.013066 0.000000 0.000000 0.000000
2.000000 22.000000 2.000000 4.000000 3119.819609 0.004825 0.011707 0.000000 0.000000 0.000000
2.000000 23.000000 2.000000 4.000000 2856.256703 0.004415 0.010701 0.000000 0.000000 0.000000
2.000000 24.000000 2.000000 4.000000 2638.956116 0.004076 0.009874 0.000000 0.000000 0.000000
2.000000 1.000000 3.000000 4.000000 2474.370443 0.003821 0.009249 0.000000 0.000000 0.000000
2.000000 2.000000 3.000000 4.000000 2343.092276 0.003617 0.008751 0.000000 0.000000 -0.000000
2.000000 3.000000 3.000000 4.000000 2227.122739 0.003437 0.008313 0.000000 0.000000 -0.000000
2.000000 4.000000 3.000000 4.000000 2120.774408 0.003272 0.007911 0.000000 0.000000 -0.000000
2.000000 5.000000 3.000000 4.000000 2011.764674 0.003103 0.007499 0.000000 0.000000 -0.000000
2.000000 6.000000 3.000000 4.000000 1910.808139 0.002946 0.007118 0.000000 0.000000 -0.000000
2.000000 7.000000 3.000000 4.000000 1824.915156 0.002813 0.006795 0.000000 0.000000 -0.000000
2.000000 8.000000 3.000000 4.000000 3308.463581 0.005119 0.012429 0.000000 0.000000 0.000000
2.000000 9.000000 3.000000 4.000000 4169.941119 0.006466 0.015748 0.000000 0.000000 0.000000
2.000000 10.000000 3.000000 4.000000 5731.064917 0.008921 0.021850 0.000000 0.000000 0.000000
2.000000 11.000000 3.000000 4.000000 7239.058590 0.011312 0.027857 0.000000 0.000000 0.000000
2.000000 12.000000 3.000000 4.000000 9152.110878 0.014370 0.035641 0.000000 0.000000 0.000000
2.000000 13.000000 3.000000 4.000000 11000.011079 0.017352 0.043338 0.000000 0.000000 0.000000
2.000000 14.000000 3.000000 4.000000 12521.120985 0.019828 0.049811 0.000000 0.000000 0.000000
2.000000 15.000000 3.000000 4.000000 27657.151439 0.045553 0.121817 0.000000 0.000000 0.000000
2.000000 16.000000 3.000000 4.000000 70033.625782 0.129929 0.440715 0.000000 0.000000 0.000000
2.000000 17.000000 3.000000 4.000000 105342.550895 0.218441 1.031332 0.000000 0.000000 0.000000
2.000000 18.000000 3.000000 4.000000 61492.843819 0.111250 0.356191 0.000000 0.000000 0.000000
2.000000 19.000000 3.000000 4.000000 9532.467058 0.014982 0.037210 0.000000 0.000000 -0.000000
2.000000 20.000000 3.000000 4.000000 5612.129738 0.008734 0.021381 0.000000 0.000000 -0.000000
2.000000 21.000000 3.000000 4.000000 4549.339692 0.007061 0.017220 0.000000 0.000000 0.000000
2.000000 22.000000 3.000000 4.000000 3933.666439 0.006096 0.014834 0.000000 0.000000 0.000000
2.000000 23.000000 3.000000 4.000000 3471.459231 0.005374 0.013054 0.000000 0.000000 0.000000
2.000000 24.000000 3.000000 4.000000 3112.612227 0.004814 0.011680 0.000000 0.000000 0.000000
2.000000 1.000000 4.000000 4.000000 2849.028166 0.004403 0.010674 0.000000 0.000000 0.000000
2.000000 2.000000 4.000000 4.000000 2647.841099 0.004090 0.009908 0.000000 0.000000 -0.000000
2.000000 3.000000 4.000000 4.000000 2472.528083 0.003818 0.009242 0.000000 0.000000 -0.000000
2.000000 4.000000 4.000000 4.000000 2321.846056 0.003584 0.008671 0.000000 0.000000 -0.000000
2.000000 5.000000 4.000000 4.000000 2188.044912 0.003376 0.008165 0.000000 0.000000 -0.000000
2.000000 6.000000 4.000000 4.000000 2078.416500 0.003206 0.007751 0.000000 0.000000 -0.000000
2.000000 7.000000 4.000000 4.000000 1945.028442 0.002999 0.007247 0.000000 0.000000 -0.000000
2.000000 8.000000 4.000000 4.000000 3552.098833 0.005499 0.013364 0.000000 0.000000 0.000000
2.000000 9.000000 4.000000 4.000000 4451.016050 0.006907 0.016838 0.000000 0.000000 0.000000
2.000000 10.000000 4.000000 4.000000 6049.417539 0.009425 0.023109 0.000000 0.000000 0.000000
2.000000 11.000000 4.000000 4.000000 7631.984251 0.011937 0.029441 0.000000 0.000000 0.000000
2.000000 12.000000 4.000000 4.000000 9551.309301 0.015012 0.037288 0.000000 0.000000 0.000000
2.000000 13.000000 4.000000 4.000000 11469.921518 0.018115 0.045324 0.000000 0.000000 0.000000
2.000000 14.000000 4.000000 4.000000 13085.449694 0.020752 0.052245 0.000000 0.000000 0.000000
2.000000 15.000000 4.000000 4.000000 28684.052267 0.047373 0.127266 0.000000 0.000000 0.000000
2.000000 16.000000 4.000000 4.000000 72644.275032 0.135830 0.469546 0.000000 0.000000 0.000000
2.000000 17.000000 4.000000 4.000000 109825.605765 0.231193 1.156854 0.000000 0.000000 0.000000
2.000000 18.000000 4.000000 4.000000 64511.926815 0.117746 0.384489 0.000000 0.000000 0.000000
2.000000 19.000000 4.000000 4.000000 10139.674244 0.015960 0.039732 0.000000 0.000000 -0.000000
2.000000 20.000000 4.000000 4.000000 5983.458381 0.009320 0.022848 0.000000 0.000000 -0.000000
2.000000 21.000000 4.000000 4.000000 4802.440551 0.007459 0.018206 0.000000 0.000000 -0.000000
2.000000 22.000000 4.000000 4.000000 4153.914245 0.006441 0.015686 0.000000 0.000000 0.000000
2.000000 23.000000 4.000000 4.000000 3693.026705 0.005720 0.013906 0.000000 0.000000 0.000000
2.000000 24.000000 4.000000 4.000000 3342.899459 0.005173 0.012561 0.000000 0.000000 0.000000
2.000000 1.000000 5.000000 4.000000 3055.384764 0.004725 0.011461 0.000000 0.000000 0.000000
2.000000 2.000000 5.000000 4.000000 2826.846051 0.004369 0.010589 0.000000 0.000000 -0.000000
2.000000 3.000000 5.000000 4.000000 2626.238792 0.004057 0.009826 0.000000 0.000000 -0.000000
2.000000 4.000000 5.000000 4.000000 2451.574407 0.003785 0.009163 0.000000 0.000000 -0.000000
2.000000 5.000000 5.000000 4.000000 2310.648806 0.003566 0.008629 0.000000 0.000000 -0.000000
2.000000 6.000000 5.000000 4.000000 2191.300757 0.003381 0.008177 0.000000 0.000000 -0.000000
2.000000 7.000000 5.000000 4.000000 2065.636482 0.003186 0.007702 0.000000 0.000000 -0.000000
2.000000 8.000000 5.000000 4.000000 2474.815623 0.003821 0.009251 0.009227 0.000000 0.000000
2.000000 9.000000 5.000000 4.000000 2817.882151 0.004355 0.010555 0.010555 0.000000 -861.811329
2.000000 10.000000 5.000000 4.000000 3067.159343 0.004743 0.011506 0.011506 0.000000 -2090.371618
2.000000 11.000000 5.000000 4.000000 2703.954499 0.004178 0.010121 0.010121 0.000000 -3407.903781
2.000000 12.000000 5.000000 4.000000 2367.637180 0.003655 0.008844 0.008844 0.000000 -7657.641963
2.000000 13.000000 5.000000 4.000000 2139.588854 0.003301 0.007982 0.007982 0.000000 -11217.757418
2.000000 14.000000 5.000000 4.000000 1996.212369 0.003079 0.007440 0.007440 0.000000 -6623.697803
2.000000 15.000000 5.000000 4.000000 2344.072916 0.003618 0.008755 0.008755 0.000000 -2668.605143
2.000000 16.000000 5.000000 4.000000 3963.743271 0.006143 0.014950 0.009545 0.000000 0.000000
2.000000 17.000000 5.000000 4.000000 4757.869601 0.007388 0.018032 0.009784 0.000000 0.000000
2.000000 18.000000 5.000000 4.000000 3008.047947 0.004651 0.011280 0.009402 0.000000 0.000000
2.000000 19.000000 5.000000 4.000000 4853.781593 0.007539 0.018406 0.000000 0.000000 0.000000
2.000000 20.000000 5.000000 4.000000 4042.161542 0.006266 0.015253 0.000000 0.000000 0.000000
2.000000 21.000000 5.000000 4.000000 3488.735312 0.005401 0.013121 0.000000 0.000000 0.000000
2.000000 22.000000 5.000000 4.000000 3100.020924 0.004794 0.011632 0.000000 0.000000 0.000000
2.000000 23.000000 5.000000 4.000000 2806.184266 0.004337 0.010510 0.000000 0.000000 0.000000
2.000000 24.000000 5.000000 4.000000 2576.052472 0.003979 0.009635 0.000000 0.000000 0.000000
2.000000 1.000000 6.000000 4.000000 2393.567745 0.003695 0.008943 0.000000 0.000000 0.000000
2.000000 2.000000 6.000000 4.000000 2244.140077 0.003463 0.008377 0.000000 0.000000 -0.000000
2.000000 3.000000 6.000000 4.000000 2120.714430 0.003272 0.007910 0.000000 0.000000 -0.000000
2.000000 4.000000 6.000000 4.000000 2015.280033 0.003108 0.007512 0.000000 0.000000 -0.000000
2.000000 5.000000 6.000000 4.000000 1912.961337 0.002950 0.007127 0.000000 0.000000 -0.000000
2.000000 6.000000 6.000000 4.000000 1821.239837 0.002808 0.006781 0.000000 0.000000 -0.000000
2.000000 7.000000 6.000000 4.000000 1740.824535 0.002683 0.006479 0.000000 0.000000 -0.000000
2.000000 8.000000 6.000000 4.000000 2655.782789 0.004103 0.009938 0.008566 0.000000 0.000000
2.000000 9.000000 6.000000 4.000000 2657.397494 0.004105 0.009944 0.009944 0.000000 -269.718749
2.000000 10.000000 6.000000 4.000000 3252.359190 0.005032 0.012214 0.010676 0.000000 0.000000
2.000000 11.000000 6.000000 4.000000 2817.886368 0.004355 0.010555 0.010555 0.000000 -2063.447118
2.000000 12.000000 6.000000 4.000000 2448.425240 0.003780 0.009151 0.009151 0.000000 -6073.958194
2.000000 13.000000 6.000000 4.000000 2193.131342 0.003384 0.008184 0.008184 0.000000 -10821.426645
2.000000 14.000000 6.000000 4.000000 2041.748194 0.003149 0.007612 0.007612 0.000000 -7623.552676
2.000000 15.000000 6.000000 4.000000 2339.785302 0.003612 0.008739 0.008739 0.000000 -4979.205406
2.000000 16.000000 6.000000 4.000000 3939.547995 0.006105 0.014857 0.009653 0.000000 0.000000
2.000000 17.000000 6.000000 4.000000 4747.684886 0.007372 0.017992 0.009427 0.000000 0.000000
2.000000 18.000000 6.000000 4.000000 3007.882620 0.004651 0.011280 0.009264 0.000000 0.000000
2.000000 19.000000 6.000000 4.000000 4837.028860 0.007513 0.018341 0.000000 0.000000 0.000000
2.000000 20.000000 6.000000 4.000000 4052.050378 0.006281 0.015291 0.000000 0.000000 0.000000
2.000000 21.000000 6.000000 4.000000 3524.872379 0.005457 0.013260 0.000000 0.000000 0.000000
2.000000 22.000000 6.000000 4.000000 3153.815947 0.004878 0.011837 0.000000 0.000000 0.000000
2.000000 23.000000 6.000000 4.000000 2882.235362 0.004455 0.010800 0.000000 0.000000 0.000000
2.000000 24.000000 6.000000 4.000000 2667.413624 0.004121 0.009982 0.000000 0.000000 0.000000
2.000000 1.000000 7.000000 4.000000 2498.307311 0.003858 0.009340 0.000000 0.000000 0.000000
2.000000 2.000000 7.000000 4.000000 2350.975573 0.003629 0.008781 0.000000 0.000000 -0.000000
2.000000 3.000000 7.000000 4.000000 2239.339810 0.003456 0.008359 0.000000 0.000000 -0.000000
2.000000 4.000000 7.000000 4.000000 2141.407141 0.003304 0.007989 0.000000 0.000000 -0.000000
2.000000 5.000000 7.000000 4.000000 2048.326670 0.003159 0.007637 0.000000 0.000000 -0.000000
2.000000 6.000000 7.000000 4.000000 1963.835890 0.003029 0.007318 0.000000 0.000000 -0.000000
2.000000 7.000000 7.000000 4.000000 1883.130857 0.002903 0.007014 0.000000 0.000000 -0.000000
2.000000 8.000000 7.000000 4.000000 2581.893318 0.003988 0.009657 0.009657 0.000000 -144.352807
2.000000 9.000000 7.000000 4.000000 2622.397142 0.004051 0.009811 0.009811 0.000000 -1095.197536
2.000000 10.000000 7.000000 4.000000 3179.062743 0.004917 0.011934 0.011449 0.000000 0.000000
2.000000 11.000000 7.000000 4.000000 2920.668686 0.004515 0.010947 0.010331 0.000000 0.000000
2.000000 12.000000 7.000000 4.000000 2564.794246 0.003961 0.009592 0.009592 0.000000 -822.594328
2.000000 13.000000 7.000000 4.000000 2320.644500 0.003582 0.008666 0.008666 0.000000 -3355.509067
2.000000 14.000000 7.000000 4.000000 2166.657372 0.003343 0.008084 0.008084 0.000000 -2731.699069
2.000000 15.000000 7.000000 4.000000 2078.291477 0.003206 0.007750 0.007750 0.000000 -3373.768997
2.000000 16.000000 7.000000 4.000000 3540.823783 0.005482 0.013321 0.008483 0.000000 0.000000
2.000000 17.000000 7.000000 4.000000 4275.535807 0.006631 0.016157 0.008567 0.000000 0.000000
2.000000 18.000000 7.000000 4.000000 2727.005763 0.004213 0.010209 0.008286 0.000000 0.000000
2.000000 19.000000 7.000000 4.000000 4494.646467 0.006975 0.017007 0.000000 0.000000 0.000000
2.000000 20.000000 7.000000 4.000000 3788.294509 0.005869 0.014273 0.000000 0.000000 0.000000
2.000000 21.000000 7.000000 4.000000 3341.864442 0.005171 0.012557 0.000000 0.000000 0.000000
2.000000 22.000000 7.000000 4.000000 3034.270510 0.004692 0.011380 0.000000 0.000000 0.000000
2.000000 23.000000 7.000000 4.000000 2798.671409 0.004325 0.010482 0.000000 0.000000 0.000000
2.000000 24.000000 7.000000 4.000000 2609.071529 0.004030 0.009761 0.000000 0.000000 0.000000
2.000000 1.000000 1.000000 4.000000 2467.143157 0.003809 0.009222 0.000000 0.000000 0.000000
2.000000 2.000000 1.000000 4.000000 2360.762280 0.003644 0.008818 0.000000 0.000000 -0.000000
2.000000 3.000000 1.000000 4.000000 2271.374798 0.003505 0.008480 0.000000 0.000000 -0.000000
2.000000 4.000000 1.000000 4.000000 2186.654289 0.003374 0.008160 0.000000 0.000000 -0.000000
2.000000 5.000000 1.000000 4.000000 2091.923711 0.003227 0.007802 0.000000 0.000000 -0.000000
2.000000 6.000000 1.000000 4.000000 2013.272637 0.003105 0.007505 0.000000 0.000000 -0.000000
2.000000 7.000000 1.000000 4.000000 1923.394944 0.002966 0.007166 0.000000 0.000000 -0.000000
2.000000 8.000000 1.000000 4.000000 2533.024698 0.003912 0.009472 0.009182 0.000000 0.000000
2.000000 9.000000 1.000000 4.000000 2739.209463 0.004232 0.010255 0.010255 0.000000 -420.345369
2.000000 10.000000 1.000000 4.000000 3196.908406 0.004945 0.012002 0.012002 0.000000 -303.037010
2.000000 11.000000 1.000000 4.000000 2808.565475 0.004340 0.010519 0.010519 0.000000 -550.814469
2.000000 12.000000 1.000000 4.000000 2443.461401 0.003773 0.009132 0.009132 0.000000 -5713.705103
2.000000 13.000000 1.000000 4.000000 2195.282626 0.003387 0.008192 0.008192 0.000000 -10903.206099
2.000000 14.000000 1.000000 4.000000 2052.736903 0.003166 0.007654 0.007654 0.000000 -11380.446849
2.000000 15.000000 1.000000 4.000000 2259.351828 0.003487 0.008434 0.008434 0.000000 -8114.897954
2.000000 16.000000 1.000000 4.000000 3757.847974 0.005821 0.014156 0.010102 0.000000 0.000000
2.000000 17.000000 1.000000 4.000000 4529.039089 0.007029 0.017141 0.009646 0.000000 0.000000
2.000000 18.000000 1.000000 4.000000 2932.251566 0.004533 0.010991 0.009809 0.000000 0.000000
2.000000 19.000000 1.000000 4.000000 4848.526741 0.007531 0.018386 0.000000 0.000000 0.000000
2.000000 20.000000 1.000000 4.000000 4130.108697 0.006404 0.015593 0.000000 0.000000 0.000000
2.000000 21.000000 1.000000 4.000000 3625.080286 0.005613 0.013645 0.000000 0.000000 0.000000
2.000000 22.000000 1.000000 4.000000 3233.828311 0.005003 0.012143 0.000000 0.000000 0.000000
2.000000 23.000000 1.000000 4.000000 2962.720658 0.004580 0.011107 0.000000 0.000000 0.000000
2.000000 24.000000 1.000000 4.000000 2739.478561 0.004233 0.010256 0.000000 0.000000 0.000000
2.000000 1.000000 2.000000 4.000000 2564.357888 0.003960 0.009591 0.000000 0.000000 0.000000
2.000000 2.000000 2.000000 4.000000 2407.886941 0.003717 0.008997 0.000000 0.000000 -0.000000
2.000000 3.000000 2.000000 4.000000 2295.564088 0.003543 0.008572 0.000000 0.000000 -0.000000
2.000000 4.000000 2.000000 4.000000 2198.134344 0.003392 0.008203 0.000000 0.000000 -0.000000
2.000000 5.000000 2.000000 4.000000 2088.022240 0.003221 0.007787 0.000000 0.000000 -0.000000
2.000000 6.000000 2.000000 4.000000 2003.616648 0.003090 0.007468 0.000000 0.000000 -0.000000
2.000000 7.000000 2.000000 4.000000 1907.413064 0.002941 0.007106 0.000000 0.000000 -0.000000
2.000000 8.000000 2.000000 4.000000 2509.192797 0.003875 0.009381 0.009014 0.000000 0.000000
2.000000 9.000000 2.000000 4.000000 2833.766074 0.004380 0.010615 0.010615 0.000000 -374.226245
2.000000 10.000000 2.000000 4.000000 3114.926828 0.004817 0.011688 0.010940 0.000000 0.000000
2.000000 11.000000 2.000000 4.000000 2728.779212 0.004216 0.010216 0.010216 0.000000 -2368.369550
2.000000 12.000000 2.000000 4.000000 2366.470849 0.003653 0.008840 0.008840 0.000000 -6962.897568
2.000000 13.000000 2.000000 4.000000 2131.606607 0.003289 0.007951 0.007951 0.000000 -9512.600879
2.000000 14.000000 2.000000 4.000000 1987.314059 0.003065 0.007407 0.007407 0.000000 -9419.572940
2.000000 15.000000 2.000000 4.000000 2400.907862 0.003707 0.008971 0.008971 0.000000 -6805.293055
2.000000 16.000000 2.000000 4.000000 4034.233920 0.006253 0.015223 0.010360 0.000000 0.000000
2.000000 17.000000 2.000000 4.000000 4821.332580 0.007488 0.018280 0.010390 0.000000 0.000000
2.000000 18.000000 2.000000 4.000000 3103.405435 0.004799 0.011644 0.010008 0.000000 0.000000
2.000000 19.000000 2.000000 4.000000 5058.433053 0.007861 0.019207 0.000000 0.000000 0.000000
2.000000 20.000000 2.000000 4.000000 4255.867848 0.006601 0.016080 0.000000 0.000000 0.000000
2.000000 21.000000 2.000000 4.000000 3708.402327 0.005744 0.013965 0.000000 0.000000 0.000000
2.000000 22.000000 2.000000 4.000000 3305.352130 0.005114 0.012417 0.000000 0.000000 0.000000
2.000000 23.000000 2.000000 4.000000 3004.679464 0.004646 0.011267 0.000000 0.000000 0.000000
2.000000 24.000000 2.000000 4.000000 2757.736364 0.004261 0.010326 0.000000 0.000000 0.000000
2.000000 1.000000 3.000000 4.000000 2557.577577 0.003950 0.009565 0.000000 0.000000 0.000000
2.000000 2.000000 3.000000 4.000000 2404.763335 0.003713 0.008985 0.000000 0.000000 -0.000000
2.000000 3.000000 3.000000 4.000000 2274.629004 0.003510 0.008492 0.000000 0.000000 -0.000000
2.000000 4.000000 3.000000 4.000000 2157.736417 0.003329 0.008050 0.000000 0.000000 -0.000000
2.000000 5.000000 3.000000 4.000000 2045.147446 0.003155 0.007625 0.000000 0.000000 -0.000000
2.000000 6.000000 3.000000 4.000000 1952.021506 0.003010 0.007274 0.000000 0.000000 -0.000000
2.000000 7.000000 3.000000 4.000000 1849.382760 0.002851 0.006887 0.000000 0.000000 -0.000000
2.000000 8.000000 3.000000 4.000000 3324.819629 0.005145 0.012492 0.000000 0.000000 0.000000
2.000000 9.000000 3.000000 4.000000 4157.296810 0.006446 0.015699 0.000000 0.000000 0.000000
2.000000 10.000000 3.000000 4.000000 5675.265957 0.008833 0.021630 0.000000 0.000000 0.000000
2.000000 11.000000 3.000000 4.000000 7067.908005 0.011039 0.027170 0.000000 0.000000 0.000000
2.000000 12.000000 3.000000 4.000000 8820.637130 0.013838 0.034279 0.000000 0.000000 0.000000
2.000000 13.000000 3.000000 4.000000 10484.673926 0.016518 0.041173 0.000000 0.000000 0.000000
2.000000 14.000000 3.000000 4.000000 11992.904647 0.018966 0.047549 0.000000 0.000000 0.000000
2.000000 15.000000 3.000000 4.000000 26467.420458 0.043456 0.115603 0.000000 0.000000 0.000000
2.000000 16.000000 3.000000 4.000000 67597.155251 0.124504 0.415149 0.000000 0.000000 0.000000
2.000000 17.000000 3.000000 4.000000 102144.441628 0.209575 0.952095 0.000000 0.000000 0.000000
2.000000 18.000000 3.000000 4.000000 60313.083645 0.108742 0.345561 0.000000 0.000000 0.000000
2.000000 19.000000 3.000000 4.000000 9322.094772 0.014643 0.036341 0.000000 0.000000 -0.000000
2.000000 20.000000 3.000000 4.000000 5490.658381 0.008542 0.020903 0.000000 0.000000 -0.000000
2.000000 21.000000 3.000000 4.000000 4460.840059 0.006922 0.016876 0.000000 0.000000 0.000000
2.000000 22.000000 3.000000 4.000000 3855.245337 0.005973 0.014531 0.000000 0.000000 0.000000
2.000000 23.000000 3.000000 4.000000 3407.786708 0.005274 0.012810 0.000000 0.000000 0.000000
2.000000 24.000000 3.000000 4.000000 3074.346333 0.004754 0.011533 0.000000 0.000000 0.000000
2.000000 1.000000 4.000000 4.000000 2814.283620 0.004349 0.010541 0.000000 0.000000 0.000000
2.000000 2.000000 4.000000 4.000000 2615.672815 0.004040 0.009786 0.000000 0.000000 -0.000000
2.000000 3.000000 4.000000 4.000000 2446.454645 0.003777 0.009143 0.000000 0.000000 -0.000000
2.000000 4.000000 4.000000 4.000000 2308.524501 0.003563 0.008621 0.000000 0.000000 -0.000000
2.000000 5.000000 4.000000 4.000000 2163.881227 0.003339 0.008073 0.000000 0.000000 -0.000000
2.000000 6.000000 4.000000 4.000000 2055.117573 0.003170 0.007663 0.000000 0.000000 -0.000000
2.000000 7.000000 4.000000 4.000000 1946.713260 0.003002 0.007254 0.000000 0.000000 -0.000000
2.000000 8.000000 4.000000 4.000000 3495.648520 0.005411 0.013147 0.000000 0.000000 0.000000
2.000000 9.000000 4.000000 4.000000 4315.078422 0.006693 0.016310 0.000000 0.000000 0.000000
2.000000 10.000000 4.000000 4.000000 5729.856400 0.008920 0.021845 0.000000 0.000000 0.000000
2.000000 11.000000 4.000000 4.000000 7041.715917 0.010998 0.027065 0.000000 0.000000 0.000000
2.000000 12.000000 4.000000 4.000000 8729.823431 0.013692 0.033906 0.000000 0.000000 0.000000
2.000000 13.000000 4.000000 4.000000 10442.386277 0.016449 0.040996 0.000000 0.000000 0.000000
2.000000 14.000000 4.000000 4.000000 11835.189464 0.018709 0.046877 0.000000 0.000000 0.000000
2.000000 15.000000 4.000000 4.000000 26426.162957 0.043384 0.115389 0.000000 0.000000 0.000000
2.000000 16.000000 4.000000 4.000000 69364.191876 0.128431 0.433566 0.000000 0.000000 0.000000
2.000000 17.000000 4.000000 4.000000 109135.339240 0.229204 1.136300 0.000000 0.000000 0.000000
2.000000 18.000000 4.000000 4.000000 64572.251424 0.117877 0.385071 0.000000 0.000000 0.000000
2.000000 19.000000 4.000000 4.000000 10130.882361 0.015946 0.039695 0.000000 0.000000 -0.000000
2.000000 20.000000 4.000000 4.000000 5983.082568 0.009320 0.022846 0.000000 0.000000 -0.000000
2.000000 21.000000 4.000000 4.000000 4853.762959 0.007539 0.018406 0.000000 0.000000 0.000000
2.000000 22.000000 4.000000 4.000000 4209.899093 0.006529 0.015902 0.000000 0.000000 0.000000
2.000000 23.000000 4.000000 4.000000 3743.967026 0.005799 0.014102 0.000000 0.000000 0.000000
2.000000 24.000000 4.000000 4.000000 3391.725560 0.005249 0.012748 0.000000 0.000000 0.000000
2.000000 1.000000 5.000000 4.000000 3101.321153 0.004796 0.011636 0.000000 0.000000 0.000000
2.000000 2.000000 5.000000 4.000000 2864.340330 0.004427 0.010732 0.000000 0.000000 -0.000000
2.000000 3.000000 5.000000 4.000000 2648.479155 0.004091 0.009910 0.000000 0.000000 -0.000000
2.000000 4.000000 5.000000 4.000000 2461.492984 0.003801 0.009200 0.000000 0.000000 -0.000000
2.000000 5.000000 5.000000 4.000000 2305.145071 0.003558 0.008608 0.000000 0.000000 -0.000000
2.000000 6.000000 5.000000 4.000000 2181.500096 0.003366 0.008140 0.000000 0.000000 -0.000000
2.000000 7.000000 5.000000 4.000000 2050.825045 0.003163 0.007646 0.000000 0.000000 -0.000000
2.000000 8.000000 5.000000 4.000000 2463.185313 0.003803 0.009207 0.009207 0.000000 -114.419317
2.000000 9.000000 5.000000 4.000000 2821.129699 0.004360 0.010567 0.010485 0.000000 0.000000
2.000000 10.000000 5.000000 4.000000 3074.091137 0.004754 0.011532 0.010276 0.000000 0.000000
2.000000 11.000000 5.000000 4.000000 2715.896334 0.004196 0.010167 0.010167 0.000000 -3243.529560
2.000000 12.000000 5.000000 4.000000 2380.223795 0.003674 0.008892 0.008892 0.000000 -6658.750249
2.000000 13.000000 5.000000 4.000000 2165.424990 0.003341 0.008079 0.008079 0.000000 -8986.184251
2.000000 14.000000 5.000000 4.000000 2036.314717 0.003141 0.007592 0.007592 0.000000 -5468.658727
2.000000 15.000000 5.000000 4.000000 2274.607835 0.003510 0.008492 0.008492 0.000000 -7171.685199
2.000000 16.000000 5.000000 4.000000 3808.771152 0.005901 0.014352 0.009759 0.000000 0.000000
2.000000 17.000000 5.000000 4.000000 4576.468267 0.007104 0.017326 0.009468 0.000000 0.000000
2.000000 18.000000 5.000000 4.000000 2889.050797 0.004466 0.010826 0.009005 0.000000 0.000000
2.000000 19.000000 5.000000 4.000000 4757.097680 0.007387 0.018029 0.000000 0.000000 0.000000
2.000000 20.000000 5.000000 4.000000 3984.152653 0.006175 0.015029 0.000000 0.000000 0.000000
2.000000 21.000000 5.000000 4.000000 3468.586605 0.005369 0.013043 0.000000 0.000000 0.000000
2.000000 22.000000 5.000000 4.000000 3090.073779 0.004779 0.011593 0.000000 0.000000 0.000000
2.000000 23.000000 5.000000 4.000000 2807.298503 0.004338 0.010515 0.000000 0.000000 0.000000
2.000000 24.000000 5.000000 4.000000 2589.486652 0.004000 0.009686 0.000000 0.000000 0.000000
2.000000 1.000000 6.000000 4.000000 2408.974954 0.003719 0.009001 0.000000 0.000000 0.000000
2.000000 2.000000 6.000000 4.000000 2275.019615 0.003511 0.008494 0.000000 0.000000 -0.000000
2.000000 3.000000 6.000000 4.000000 2158.201259 0.003330 0.008052 0.000000 0.000000 -0.000000
2.000000 4.000000 6.000000 4.000000 2056.466006 0.003172 0.007668 0.000000 0.000000 -0.000000
2.000000 5.000000 6.000000 4.000000 1957.141913 0.003018 0.007293 0.000000 0.000000 -0.000000
2.000000 6.000000 6.000000 4.000000 1868.355925 0.002881 0.006959 0.000000 0.000000 -0.000000
2.000000 7.000000 6.000000 4.000000 1772.535870 0.002732 0.006598 0.000000 0.000000 -0.000000
2.000000 8.000000 6.000000 4.000000 2683.674490 0.004146 0.010044 0.007861 0.000000 0.000000
2.000000 9.000000 6.000000 4.000000 2524.041780 0.003898 0.009438 0.009438 0.000000 -631.862556
2.000000 10.000000 6.000000 4.000000 3126.345352 0.004835 0.011732 0.009989 0.000000 0.000000
2.000000 11.000000 6.000000 4.000000 2922.104142 0.004517 0.010952 0.010827 0.000000 0.000000
2.000000 12.000000 6.000000 4.000000 2517.047066 0.003887 0.009411 0.009411 0.000000 -5140.389532
2.000000 13.000000 6.000000 4.000000 2267.622536 0.003500 0.008466 0.008466 0.000000 -4251.861300
2.000000 14.000000 6.000000 4.000000 2105.071673 0.003247 0.007851 0.007851 0.000000 -4325.763035
2.000000 15.000000 6.000000 4.000000 2210.502060 0.003411 0.008250 0.008250 0.000000 -3830.918723
2.000000 16.000000 6.000000 4.000000 3725.081862 0.005770 0.014030 0.008729 0.000000 0.000000
2.000000 17.000000 6.000000 4.000000 4496.187603 0.006978 0.017013 0.009080 0.000000 0.000000
2.000000 18.000000 6.000000 4.000000 2855.371103 0.004413 0.010698 0.008845 0.000000 0.000000
2.000000 19.000000 6.000000 4.000000 4621.885456 0.007175 0.017502 0.000000 0.000000 0.000000
2.000000 20.000000 6.000000 4.000000 3885.347182 0.006020 0.014648 0.000000 0.000000 0.000000
2.000000 21.000000 6.000000 4.000000 3376.715485 0.005226 0.012691 0.000000 0.000000 0.000000
2.000000 22.000000 6.000000 4.000000 3023.302769 0.004675 0.011338 0.000000 0.000000 0.000000
2.000000 23.000000 6.000000 4.000000 2759.453086 0.004264 0.010332 0.000000 0.000000 0.000000
2.000000 24.000000 6.000000 4.000000 2555.412996 0.003947 0.009557 0.000000 0.000000 0.000000
2.000000 1.000000 7.000000 4.000000 2390.874364 0.003691 0.008933 0.000000 0.000000 0.000000
2.000000 2.000000 7.000000 4.000000 2259.230328 0.003487 0.008434 0.000000 0.000000 -0.000000
2.000000 3.000000 7.000000 4.000000 2149.531638 0.003316 0.008019 0.000000 0.000000 -0.000000
2.000000 4.000000 7.000000 4.000000 2055.415138 0.003170 0.007664 0.000000 0.000000 -0.000000
2.000000 5.000000 7.000000 4.000000 1968.165200 0.003035 0.007335 0.000000 0.000000 -0.000000
2.000000 6.000000 7.000000 4.000000 1890.701455 0.002915 0.007043 0.000000 0.000000 -0.000000
2.000000 7.000000 7.000000 4.000000 1800.033697 0.002775 0.006701 0.000000 0.000000 -0.000000
2.000000 8.000000 7.000000 4.000000 2658.037154 0.004106 0.009947 0.008752 0.000000 0.000000
2.000000 9.000000 7.000000 4.000000 2522.702494 0.003896 0.009433 0.009433 0.000000 -924.556803
2.000000 10.000000 7.000000 4.000000 3080.839848 0.004764 0.011558 0.010822 0.000000 0.000000
2.000000 11.000000 7.000000 4.000000 2986.373177 0.004617 0.011197 0.010277 0.000000 0.000000
2.000000 12.000000 7.000000 4.000000 2619.535998 0.004046 0.009800 0.009800 0.000000 -1439.559348
2.000000 13.000000 7.000000 4.000000 2384.629528 0.003681 0.008909 0.008909 0.000000 -3765.330634
2.000000 14.000000 7.000000 4.000000 2233.275259 0.003446 0.008336 0.008336 0.000000 -2189.337294
2.000000 15.000000 7.000000 4.000000 1968.127248 0.003035 0.007334 0.007334 0.000000 -4135.100456
2.000000 16.000000 7.000000 4.000000 3326.164326 0.005147 0.012497 0.008203 0.000000 0.000000
2.000000 17.000000 7.000000 4.000000 4055.768610 0.006287 0.015306 0.008139 0.000000 0.000000
2.000000 18.000000 7.000000 4.000000 2588.698928 0.003998 0.009683 0.008081 0.000000 0.000000
2.000000 19.000000 7.000000 4.000000 4282.780193 0.006643 0.016185 0.000000 0.000000 0.000000
2.000000 20.000000 7.000000 4.000000 3614.064328 0.005596 0.013602 0.000000 0.000000 0.000000
2.000000 21.000000 7.000000 4.000000 3171.832260 0.004906 0.011906 0.000000 0.000000 0.000000
2.000000 22.000000 7.000000 4.000000 2841.536541 0.004392 0.010645 0.000000 0.000000 0.000000
2.000000 23.000000 7.000000 4.000000 2602.907921 0.004020 0.009737 0.000000 0.000000 0.000000
2.000000 24.000000 7.000000 4.000000 2422.501207 0.003740 0.009052 0.000000 0.000000 0.000000
2.000000 1.000000 1.000000 4.000000 2278.772834 0.003517 0.008508 0.000000 0.000000 0.000000
2.000000 2.000000 1.000000 4.000000 2167.826530 0.003345 0.008088 0.000000 0.000000 -0.000000
2.000000 3.000000 1.000000 4.000000 2076.055888 0.003202 0.007742 0.000000 0.000000 -0.000000
2.000000 4.000000 1.000000 4.000000 2000.786374 0.003086 0.007458 0.000000 0.000000 -0.000000
2.000000 5.000000 1.000000 4.000000 1935.816512 0.002985 0.007213 0.000000 0.000000 -0.000000
2.000000 6.000000 1.000000 4.000000 1876.624132 0.002893 0.006990 0.000000 0.000000 -0.000000
2.000000 7.000000 1.000000 4.000000 1808.854607 0.002788 0.006735 0.000000 0.000000 -0.000000
2.000000 8.000000 1.000000 4.000000 2623.052332 0.004052 0.009814 0.009377 0.000000 0.000000
2.000000 9.000000 1.000000 4.000000 2644.105953 0.004084 0.009894 0.009894 0.000000 -1789.803410
2.000000 10.000000 1.000000 4.000000 3265.567829 0.005052 0.012265 0.010573 0.000000 0.000000
2.000000 11.000000 1.000000 4.000000 2866.976041 0.004431 0.010742 0.010742 0.000000 -4142.316332
2.000000 12.000000 1.000000 4.000000 2479.013804 0.003828 0.009267 0.009267 0.000000 -8941.131805
2.000000 13.000000 1.000000 4.000000 2229.529256 0.003441 0.008322 0.008322 0.000000 -9873.716205
2.000000 14.000000 1.000000 4.000000 2075.012844 0.003201 0.007738 0.007738 0.000000 -8175.106488
2.000000 15.000000 1.000000 4.000000 2260.355815 0.003488 0.008438 0.008438 0.000000 -5176.787755
2.000000 16.000000 1.000000 4.000000 3811.845998 0.005905 0.014364 0.009500 0.000000 0.000000
2.000000 17.000000 1.000000 4.000000 4586.984885 0.007120 0.017366 0.009332 0.000000 0.000000
2.000000 18.000000 1.000000 4.000000 2893.786823 0.004473 0.010844 0.008985 0.000000 0.000000
2.000000 19.000000 1.000000 4.000000 4662.486493 0.007239 0.017660 0.000000 0.000000 0.000000
2.000000 20.000000 1.000000 4.000000 3894.754764 0.006035 0.014684 0.000000 0.000000 0.000000
2.000000 21.000000 1.000000 4.000000 3380.949869 0.005232 0.012707 0.000000 0.000000 0.000000
2.000000 22.000000 1.000000 4.000000 3029.181261 0.004684 0.011361 0.000000 0.000000 0.000000
2.000000 23.000000 1.000000 4.000000 2761.989842 0.004268 0.010342 0.000000 0.000000 0.000000
2.000000 24.000000 1.000000 4.000000 2557.498208 0.003950 0.009565 0.000000 0.000000 0.000000
2.000000 1.000000 2.000000 4.000000 2389.599555 0.003689 0.008928 0.000000 0.000000 0.000000
2.000000 2.000000 2.000000 4.000000 2254.213378 0.003479 0.008415 0.000000 0.000000 -0.000000
2.000000 3.000000 2.000000 4.000000 2134.079821 0.003292 0.007961 0.000000 0.000000 -0.000000
2.000000 4.000000 2.000000 4.000000 2038.632170 0.003144 0.007600 0.000000 0.000000 -0.000000
2.000000 5.000000 2.000000 4.000000 1950.939886 0.003009 0.007270 0.000000 0.000000 -0.000000
2.000000 6.000000 2.000000 4.000000 1868.976268 0.002882 0.006961 0.000000 0.000000 -0.000000
2.000000 7.000000 2.000000 4.000000 1764.902183 0.002720 0.006569 0.000000 0.000000 -0.000000
2.000000 8.000000 2.000000 4.000000 2698.566402 0.004169 0.010101 0.008362 0.000000 0.000000
2.000000 9.000000 2.000000 4.000000 2515.085026 0.003884 0.009404 0.009290 0.000000 0.000000
2.000000 10.000000 2.000000 4.000000 3156.868929 0.004883 0.011849 0.011131 0.000000 0.000000
2.000000 11.000000 2.000000 4.000000 2933.685098 0.004535 0.010996 0.009461 0.000000 0.000000
2.000000 12.000000 2.000000 4.000000 2565.528462 0.003962 0.009595 0.009595 0.000000 -474.805526
2.000000 13.000000 2.000000 4.000000 2336.514256 0.003607 0.008727 0.008727 0.000000 -4274.703993
2.000000 14.000000 2.000000 4.000000 2189.921161 0.003379 0.008172 0.008172 0.000000 -2618.383286
2.000000 15.000000 2.000000 4.000000 2023.542959 0.003121 0.007543 0.007543 0.000000 -4269.413058
2.000000 16.000000 2.000000 4.000000 3414.951047 0.005285 0.012838 0.008532 0.000000 0.000000
2.000000 17.000000 2.000000 4.000000 4166.158743 0.006460 0.015733 0.008585 0.000000 0.000000
2.000000 18.000000 2.000000 4.000000 2653.650976 0.004099 0.009930 0.008534 0.000000 0.000000
2.000000 19.000000 2.000000 4.000000 4352.841758 0.006753 0.016457 0.000000 0.000000 0.000000
2.000000 20.000000 2.000000 4.000000 3665.152025 0.005676 0.013799 0.000000 0.000000 0.000000
2.000000 21.000000 2.000000 4.000000 3201.419831 0.004952 0.012019 0.000000 0.000000 0.000000
2.000000 22.000000 2.000000 4.000000 2863.830998 0.004426 0.010730 0.000000 0.000000 0.000000
2.000000 23.000000 2.000000 4.000000 2610.207546 0.004032 0.009765 0.000000 0.000000 0.000000
2.000000 24.000000 2.000000 4.000000 2419.136218 0.003735 0.009040 0.000000 0.000000 0.000000
2.000000 1.000000 3.000000 4.000000 2274.956869 0.003511 0.008494 0.000000 0.000000 0.000000
2.000000 2.000000 3.000000 4.000000 2156.488802 0.003327 0.008046 0.000000 0.000000 -0.000000
2.000000 3.000000 3.000000 4.000000 2052.845626 0.003166 0.007654 0.000000 0.000000 -0.000000
2.000000 4.000000 3.000000 4.000000 1968.059371 0.003035 0.007334 0.000000 0.000000 -0.000000
2.000000 5.000000 3.000000 4.000000 1883.045900 0.002903 0.007014 0.000000 0.000000 -0.000000
2.000000 6.000000 3.000000 4.000000 1811.397927 0.002792 0.006744 0.000000 0.000000 -0.000000
2.000000 7.000000 3.000000 4.000000 1742.964814 0.002686 0.006487 0.000000 0.000000 -0.000000
2.000000 8.000000 3.000000 4.000000 3183.069831 0.004924 0.011949 0.000000 0.000000 0.000000
2.000000 9.000000 3.000000 4.000000 3942.723492 0.006110 0.014869 0.000000 0.000000 0.000000
2.000000 10.000000 3.000000 4.000000 5313.902136 0.008263 0.020208 0.000000 0.000000 0.000000
2.000000 11.000000 3.000000 4.000000 6635.452266 0.010353 0.025439 0.000000 0.000000 0.000000
2.000000 12.000000 3.000000 4.000000 8246.715313 0.012919 0.031934 0.000000 0.000000 0.000000
2.000000 13.000000 3.000000 4.000000 9753.285199 0.015337 0.038125 0.000000 0.000000 0.000000
2.000000 14.000000 3.000000 4.000000 10929.456626 0.017238 0.043041 0.000000 0.000000 0.000000
2.000000 15.000000 3.000000 4.000000 23907.477361 0.038990 0.102578 0.000000 0.000000 0.000000
2.000000 16.000000 3.000000 4.000000 61790.958968 0.111886 0.358914 0.000000 0.000000 0.000000
2.000000 17.000000 3.000000 4.000000 94207.713755 0.188360 0.784777 0.000000 0.000000 0.000000
2.000000 18.000000 3.000000 4.000000 55587.943362 0.098869 0.305204 0.000000 0.000000 0.000000
2.000000 19.000000 3.000000 4.000000 8336.179794 0.013062 0.032298 0.000000 0.000000 -0.000000
2.000000 20.000000 3.000000 4.000000 4881.844285 0.007583 0.018516 0.000000 0.000000 -0.000000
2.000000 21.000000 3.000000 4.000000 3958.852103 0.006135 0.014931 0.000000 0.000000 0.000000
2.000000 22.000000 3.000000 4.000000 3436.137091 0.005318 0.012919 0.000000 0.000000 0.000000
2.000000 23.000000 3.000000 4.000000 3081.444987 0.004765 0.011561 0.000000 0.000000 0.000000
2.000000 24.000000 3.000000 4.000000 2809.910930 0.004342 0.010525 0.000000 0.000000 0.000000
2.000000 1.000000 4.000000 4.000000 2588.241148 0.003998 0.009681 0.000000 0.000000 -0.000000
2.000000 2.000000 4.000000 4.000000 2419.997912 0.003736 0.009043 0.000000 0.000000 -0.000000
2.000000 3.000000 4.000000 4.000000 2276.740562 0.003514 0.008500 0.000000 0.000000 -0.000000
2.000000 4.000000 4.000000 4.000000 2157.949930 0.003329 0.008051 0.000000 0.000000 -0.000000
2.000000 5.000000 4.000000 4.000000 2039.409322 0.003146 0.007603 0.000000 0.000000 -0.000000
2.000000 6.000000 4.000000 4.000000 1940.675740 0.002993 0.007231 0.000000 0.000000 -0.000000
2.000000 7.000000 4.000000 4.000000 1849.437986 0.002851 0.006887 0.000000 0.000000 -0.000000
2.000000 8.000000 4.000000 4.000000 3334.957651 0.005161 0.012531 0.000000 0.000000 0.000000
2.000000 9.000000 4.000000 4.000000 4062.820578 0.006298 0.015333 0.000000 0.000000 0.000000
2.000000 10.000000 4.000000 4.000000 5417.574596 0.008427 0.020615 0.000000 0.000000 0.000000
2.000000 11.000000 4.000000 4.000000 6695.941193 0.010449 0.025681 0.000000 0.000000 0.000000
2.000000 12.000000 4.000000 4.000000 8272.362814 0.012960 0.032038 0.000000 0.000000 0.000000
2.000000 13.000000 4.000000 4.000000 9710.390042 0.015268 0.037947 0.000000 0.000000 0.000000
2.000000 14.000000 4.000000 4.000000 10799.439528 0.017027 0.042494 0.000000 0.000000 0.000000
2.000000 15.000000 4.000000 4.000000 23589.085610 0.038439 0.100990 0.000000 0.000000 0.000000
2.000000 16.000000 4.000000 4.000000 60981.529022 0.110161 0.351555 0.000000 0.000000 0.000000
2.000000 17.000000 4.000000 4.000000 93165.496403 0.185654 0.765412 0.000000 0.000000 0.000000
2.000000 18.000000 4.000000 4.000000 54075.079429 0.095764 0.292985 0.000000 0.000000 0.000000
2.000000 19.000000 4.000000 4.000000 8048.277513 0.012602 0.031127 0.000000 0.000000 -0.000000
2.000000 20.000000 4.000000 4.000000 4695.493952 0.007290 0.017789 0.000000 0.000000 -0.000000
2.000000 21.000000 4.000000 4.000000 3821.195747 0.005920 0.014400 0.000000 0.000000 0.000000
2.000000 22.000000 4.000000 4.000000 3314.515980 0.005129 0.012452 0.000000 0.000000 0.000000
2.000000 23.000000 4.000000 4.000000 2968.185013 0.004589 0.011128 0.000000 0.000000 0.000000
2.000000 24.000000 4.000000 4.000000 2706.279146 0.004181 0.010130 0.000000 0.000000 0.000000
2.000000 1.000000 5.000000 4.000000 2502.525180 0.003864 0.009356 0.000000 0.000000 0.000000
2.000000 2.000000 5.000000 4.000000 2329.068565 0.003595 0.008698 0.000000 0.000000 -0.000000
2.000000 3.000000 5.000000 4.000000 2183.099832 0.003368 0.008146 0.000000 0.000000 -0.000000
2.000000 4.000000 5.000000 4.000000 2070.342557 0.003194 0.007720 0.000000 0.000000 -0.000000
2.000000 5.000000 5.000000 4.000000 1974.993871 0.003046 0.007360 0.000000 0.000000 -0.000000
2.000000 6.000000 5.000000 4.000000 1897.676516 0.002926 0.007069 0.000000 0.000000 -0.000000
2.000000 7.000000 5.000000 4.000000 1817.779331 0.002802 0.006768 0.000000 0.000000 -0.000000
2.000000 8.000000 5.000000 4.000000 2623.473210 0.004052 0.009815 0.007741 0.000000 0.000000
2.000000 9.000000 5.000000 4.000000 2527.906347 0.003904 0.009452 0.009398 0.000000 0.000000
2.000000 10.000000 5.000000 4.000000 3085.619676 0.004772 0.011576 0.011014 0.000000 0.000000
2.000000 11.000000 5.000000 4.000000 2957.149532 0.004572 0.011086 0.010665 0.000000 0.000000
2.000000 12.000000 5.000000 4.000000 2583.185662 0.003990 0.009662 0.009662 0.000000 -2441.800016
2.000000 13.000000 5.000000 4.000000 2328.526922 0.003594 0.008696 0.008696 0.000000 -6619.931245
2.000000 14.000000 5.000000 4.000000 2175.405182 0.003357 0.008117 0.008117 0.000000 -5182.249480
2.000000 15.000000 5.000000 4.000000 2084.653128 0.003216 0.007774 0.007774 0.000000 -3270.333965
2.000000 16.000000 5.000000 4.000000 3558.429151 0.005509 0.013389 0.009176 0.000000 0.000000
2.000000 17.000000 5.000000 4.000000 4246.069118 0.006585 0.016042 0.008875 0.000000 0.000000
2.000000 18.000000 5.000000 4.000000 2657.034352 0.004105 0.009943 0.008513 0.000000 0.000000
2.000000 19.000000 5.000000 4.000000 4316.001857 0.006695 0.016314 0.000000 0.000000 0.000000
2.000000 20.000000 5.000000 4.000000 3576.490820 0.005538 0.013458 0.000000 0.000000 0.000000
2.000000 21.000000 5.000000 4.000000 3100.070392 0.004794 0.011632 0.000000 0.000000 0.000000
2.000000 22.000000 5.000000 4.000000 2760.253014 0.004265 0.010335 0.000000 0.000000 0.000000
2.000000 23.000000 5.000000 4.000000 2509.134891 0.003875 0.009381 0.000000 0.000000 0.000000
2.000000 24.000000 5.000000 4.000000 2312.582133 0.003569 0.008636 0.000000 0.000000 0.000000
2.000000 1.000000 6.000000 4.000000 2150.022638 0.003317 0.008021 0.000000 0.000000 0.000000
2.000000 2.000000 6.000000 4.000000 2027.128646 0.003127 0.007557 0.000000 0.000000 -0.000000
2.000000 3.000000 6.000000 4.000000 1914.581417 0.002952 0.007133 0.000000 0.000000 -0.000000
2.000000 4.000000 6.000000 4.000000 1813.203918 0.002795 0.006751 0.000000 0.000000 -0.000000
2.000000 5.000000 6.000000 4.000000 1716.240414 0.002645 0.006386 0.000000 0.000000 -0.000000
2.000000 6.000000 6.000000 4.000000 1629.805169 0.002511 0.006061 0.000000 0.000000 -0.000000
2.000000 7.000000 6.000000 4.000000 1539.731033 0.002372 0.005723 0.000000 0.000000 -0.000000
2.000000 8.000000 6.000000 4.000000 2892.316311 0.004471 0.010839 0.006974 0.000000 0.000000
2.000000 9.000000 6.000000 4.000000 2604.825569 0.004023 0.009744 0.008573 0.000000 0.000000
2.000000 10.000000 6.000000 4.000000 2878.425849 0.004449 0.010786 0.009282 0.000000 0.000000
2.000000 11.000000 6.000000 4.000000 3089.466910 0.004778 0.011591 0.010412 0.000000 0.000000
2.000000 12.000000 6.000000 4.000000 2649.240041 0.004092 0.009913 0.009913 0.000000 -2505.951763
2.000000 13.000000 6.000000 4.000000 2368.640733 0.003656 0.008848 0.008848 0.000000 -5492.713210
2.000000 14.000000 6.000000 4.000000 2196.330471 0.003389 0.008196 0.008196 0.000000 -5855.625000
2.000000 15.000000 6.000000 4.000000 2105.053636 0.003247 0.007851 0.007851 0.000000 -3386.460677
2.000000 16.000000 6.000000 4.000000 3527.610090 0.005461 0.013270 0.008920 0.000000 0.000000
2.000000 17.000000 6.000000 4.000000 4260.653811 0.006608 0.016099 0.008692 0.000000 0.000000
2.000000 18.000000 6.000000 4.000000 2679.123171 0.004139 0.010027 0.008334 0.000000 0.000000
2.000000 19.000000 6.000000 4.000000 4349.796556 0.006748 0.016445 0.000000 0.000000 0.000000
2.000000 20.000000 6.000000 4.000000 3630.509490 0.005622 0.013666 0.000000 0.000000 0.000000
2.000000 21.000000 6.000000 4.000000 3148.446241 0.004870 0.011817 0.000000 0.000000 0.000000
2.000000 22.000000 6.000000 4.000000 2817.266662 0.004354 0.010553 0.000000 0.000000 0.000000
2.000000 23.000000 6.000000 4.000000 2565.131717 0.003962 0.009594 0.000000 0.000000 0.000000
2.000000 24.000000 6.000000 4.000000 2363.172302 0.003648 0.008828 0.000000 0.000000 0.000000
2.000000 1.000000 7.000000 4.000000 2206.657483 0.003405 0.008235 0.000000 0.000000 0.000000
2.000000 2.000000 7.000000 4.000000 2072.463300 0.003197 0.007728 0.000000 0.000000 -0.000000
2.000000 3.000000 7.000000 4.000000 1956.303280 0.003017 0.007290 0.000000 0.000000 -0.000000
2.000000 4.000000 7.000000 4.000000 1850.921276 0.002854 0.006893 0.000000 0.000000 -0.000000
2.000000 5.000000 7.000000 4.000000 1763.535359 0.002718 0.006564 0.000000 0.000000 -0.000000
2.000000 6.000000 7.000000 4.000000 1687.720548 0.002601 0.006279 0.000000 0.000000 -0.000000
2.000000 7.000000 7.000000 4.000000 1602.445513 0.002469 0.005959 0.000000 0.000000 -0.000000
2.000000 8.000000 7.000000 4.000000 2824.814698 0.004366 0.010581 0.007761 0.000000 0.000000
2.000000 9.000000 7.000000 4.000000 2571.143901 0.003971 0.009616 0.008749 0.000000 0.000000
2.000000 10.000000 7.000000 4.000000 2895.983890 0.004476 0.010853 0.010624 0.000000 0.000000
2.000000 11.000000 7.000000 4.000000 3100.424113 0.004795 0.011633 0.010869 0.000000 0.000000
2.000000 12.000000 7.000000 4.000000 2686.420388 0.004150 0.010055 0.010055 0.000000 -2799.718578
2.000000 13.000000 7.000000 4.000000 2417.624450 0.003733 0.009034 0.009034 0.000000 -7535.984258
2.000000 14.000000 7.000000 4.000000 2242.484164 0.003461 0.008371 0.008371 0.000000 -6564.731002
2.000000 15.000000 7.000000 4.000000 2035.628832 0.003140 0.007589 0.007589 0.000000 -4923.962868
2.000000 16.000000 7.000000 4.000000 3507.767394 0.005430 0.013194 0.009523 0.000000 0.000000
2.000000 17.000000 7.000000 4.000000 4259.205581 0.006606 0.016093 0.008986 0.000000 0.000000
2.000000 18.000000 7.000000 4.000000 2697.688655 0.004168 0.010097 0.008724 0.000000 0.000000
2.000000 19.000000 7.000000 4.000000 4354.485622 0.006755 0.016463 0.000000 0.000000 0.000000
2.000000 20.000000 7.000000 4.000000 3651.791665 0.005655 0.013748 0.000000 0.000000 0.000000
2.000000 21.000000 7.000000 4.000000 3198.255053 0.004947 0.012007 0.000000 0.000000 0.000000
2.000000 22.000000 7.000000 4.000000 2860.306935 0.004421 0.010717 0.000000 0.000000 0.000000
2.000000 23.000000 7.000000 4.000000 2624.873789 0.004055 0.009821 0.000000 0.000000 0.000000
2.000000 24.000000 7.000000 4.000000 2438.634516 0.003765 0.009114 0.000000 0.000000 0.000000
2.000000 1.000000 1.000000 5.000000 2289.683987 0.003534 0.008549 0.000000 0.000000 -0.000000
2.000000 2.000000 1.000000 5.000000 2151.982858 0.003320 0.008028 0.000000 0.000000 -0.000000
2.000000 3.000000 1.000000 5.000000 2032.846515 0.003135 0.007579 0.000000 0.000000 -0.000000
2.000000 4.000000 1.000000 5.000000 1934.334298 0.002983 0.007207 0.000000 0.000000 -0.000000
2.000000 5.000000 1.000000 5.000000 1835.188629 0.002829 0.006834 0.000000 0.000000 -0.000000
2.000000 6.000000 1.000000 5.000000 1751.032030 0.002699 0.006517 0.000000 0.000000 -0.000000
2.000000 7.000000 1.000000 5.000000 1669.825326 0.002573 0.006212 0.000000 0.000000 -0.000000
2.000000 8.000000 1.000000 5.000000 2647.628322 0.004090 0.009907 0.007166 0.000000 0.000000
2.000000 9.000000 1.000000 5.000000 2355.638430 0.003636 0.008799 0.008743 0.000000 0.000000
2.000000 10.000000 1.000000 5.000000 2823.508470 0.004364 0.010576 0.010536 0.000000 0.000000
2.000000 11.000000 1.000000 5.000000 2808.447843 0.004340 0.010519 0.010519 0.000000 -797.179434
2.000000 12.000000 1.000000 5.000000 2445.302817 0.003776 0.009139 0.009139 0.000000 -5453.827632
2.000000 13.000000 1.000000 5.000000 2244.683117 0.003464 0.008379 0.008379 0.000000 -8841.580725
2.000000 14.000000 1.000000 5.000000 2125.069718 0.003278 0.007927 0.007927 0.000000 -9271.902702
2.000000 15.000000 1.000000 5.000000 1919.098176 0.002959 0.007150 0.007150 0.000000 -6181.637691
2.000000 16.000000 1.000000 5.000000 2968.278235 0.004589 0.011128 0.009411 0.000000 0.000000
2.000000 17.000000 1.000000 5.000000 3721.885486 0.005765 0.014017 0.008700 0.000000 0.000000
2.000000 18.000000 1.000000 5.000000 2358.062780 0.003640 0.008808 0.008031 0.000000 0.000000
2.000000 19.000000 1.000000 5.000000 3318.760213 0.005135 0.012469 0.000000 0.000000 0.000000
2.000000 20.000000 1.000000 5.000000 3065.749145 0.004741 0.011501 0.000000 0.000000 0.000000
2.000000 21.000000 1.000000 5.000000 2763.273481 0.004270 0.010347 0.000000 0.000000 0.000000
2.000000 22.000000 1.000000 5.000000 2523.079945 0.003896 0.009434 0.000000 0.000000 0.000000
2.000000 23.000000 1.000000 5.000000 2352.309070 0.003631 0.008786 0.000000 0.000000 0.000000
2.000000 24.000000 1.000000 5.000000 2202.635303 0.003399 0.008220 0.000000 0.000000 0.000000
2.000000 1.000000 2.000000 5.000000 2085.583244 0.003217 0.007778 0.000000 0.000000 -0.000000
2.000000 2.000000 2.000000 5.000000 1980.827719 0.003055 0.007382 0.000000 0.000000 -0.000000
2.000000 3.000000 2.000000 5.000000 1884.347703 0.002905 0.007019 0.000000 0.000000 -0.000000
2.000000 4.000000 2.000000 5.000000 1803.189303 0.002780 0.006713 0.000000 0.000000 -0.000000
2.000000 5.000000 2.000000 5.000000 1722.232929 0.002654 0.006409 0.000000 0.000000 -0.000000
2.000000 6.000000 2.000000 5.000000 1643.743392 0.002533 0.006114 0.000000 0.000000 -0.000000
2.000000 7.000000 2.000000 5.000000 1579.461382 0.002433 0.005872 0.000000 0.000000 -0.000000
2.000000 8.000000 2.000000 5.000000 2737.164373 0.004229 0.010248 0.007447 0.000000 0.000000
2.000000 9.000000 2.000000 5.000000 2411.938346 0.003724 0.009012 0.008319 0.000000 0.000000
2.000000 10.000000 2.000000 5.000000 2681.689277 0.004143 0.010037 0.009927 0.000000 0.000000
2.000000 11.000000 2.000000 5.000000 2908.661680 0.004496 0.010901 0.010507 0.000000 0.000000
2.000000 12.000000 2.000000 5.000000 2526.010340 0.003901 0.009445 0.009445 0.000000 -3466.253801
2.000000 13.000000 2.000000 5.000000 2311.138173 0.003567 0.008630 0.008630 0.000000 -6819.925680
2.000000 14.000000 2.000000 5.000000 2179.343791 0.003363 0.008132 0.008132 0.000000 -9660.994270
2.000000 15.000000 2.000000 5.000000 1856.376260 0.002862 0.006913 0.006913 0.000000 -6806.432829
2.000000 16.000000 2.000000 5.000000 2886.563224 0.004462 0.010817 0.009380 0.000000 0.000000
2.000000 17.000000 2.000000 5.000000 3651.889077 0.005655 0.013748 0.009031 0.000000 0.000000
2.000000 18.000000 2.000000 5.000000 2383.342823 0.003679 0.008904 0.008348 0.000000 0.000000
2.000000 19.000000 2.000000 5.000000 3284.315233 0.005082 0.012337 0.000000 0.000000 0.000000
2.000000 20.000000 2.000000 5.000000 3066.019471 0.004741 0.011502 0.000000 0.000000 0.000000
2.000000 21.000000 2.000000 5.000000 2771.514361 0.004283 0.010378 0.000000 0.000000 0.000000
2.000000 22.000000 2.000000 5.000000 2549.920505 0.003938 0.009536 0.000000 0.000000 0.000000
2.000000 23.000000 2.000000 5.000000 2383.931999 0.003680 0.008906 0.000000 0.000000 0.000000
2.000000 24.000000 2.000000 5.000000 2243.267373 0.003462 0.008374 0.000000 0.000000 0.000000
2.000000 1.000000 3.000000 5.000000 2127.854343 0.003283 0.007937 0.000000 0.000000 -0.000000
2.000000 2.000000 3.000000 5.000000 2030.390579 0.003132 0.007569 0.000000 0.000000 -0.000000
2.000000 3.000000 3.000000 5.000000 1938.965469 0.002990 0.007225 0.000000 0.000000 -0.000000
2.000000 4.000000 3.000000 5.000000 1861.729872 0.002870 0.006934 0.000000 0.000000 -0.000000
2.000000 5.000000 3.000000 5.000000 1785.999428 0.002753 0.006649 0.000000 0.000000 -0.000000
2.000000 6.000000 3.000000 5.000000 1716.047042 0.002645 0.006385 0.000000 0.000000 -0.000000
2.000000 7.000000 3.000000 5.000000 1660.864219 0.002559 0.006178 0.000000 0.000000 -0.000000
2.000000 8.000000 3.000000 5.000000 2842.987405 0.004394 0.010651 0.000000 0.000000 0.000000
2.000000 9.000000 3.000000 5.000000 3722.105918 0.005765 0.014018 0.000000 0.000000 0.000000
2.000000 10.000000 3.000000 5.000000 4753.331412 0.007381 0.018015 0.000000 0.000000 0.000000
2.000000 11.000000 3.000000 5.000000 6215.659577 0.009688 0.023768 0.000000 0.000000 0.000000
2.000000 12.000000 3.000000 5.000000 7745.506971 0.012118 0.029900 0.000000 0.000000 0.000000
2.000000 13.000000 3.000000 5.000000 9087.316943 0.014266 0.035374 0.000000 0.000000 0.000000
2.000000 14.000000 3.000000 5.000000 10004.595339 0.015742 0.039169 0.000000 0.000000 0.000000
2.000000 15.000000 3.000000 5.000000 21288.556382 0.034482 0.089720 0.000000 0.000000 0.000000
2.000000 16.000000 3.000000 5.000000 47803.968924 0.083173 0.245592 0.000000 0.000000 0.000000
2.000000 17.000000 3.000000 5.000000 76886.075624 0.145618 0.519879 0.000000 0.000000 0.000000
2.000000 18.000000 3.000000 5.000000 12278.562816 0.019432 0.048770 0.000000 0.000000 -0.000000
2.000000 19.000000 3.000000 5.000000 4948.602186 0.007688 0.018777 0.000000 0.000000 -0.000000
2.000000 20.000000 3.000000 5.000000 3856.373648 0.005975 0.014536 0.000000 0.000000 -0.000000
2.000000 21.000000 3.000000 5.000000 3311.472831 0.005124 0.012441 0.000000 0.000000 0.000000
2.000000 22.000000 3.000000 5.000000 2950.446908 0.004561 0.011060 0.000000 0.000000 0.000000
2.000000 23.000000 3.000000 5.000000 2680.113224 0.004140 0.010031 0.000000 0.000000 0.000000
2.000000 24.000000 3.000000 5.000000 2468.113792 0.003811 0.009225 0.000000 0.000000 -0.000000
2.000000 1.000000 4.000000 5.000000 2292.958018 0.003539 0.008562 0.000000 0.000000 -0.000000
2.000000 2.000000 4.000000 5.000000 2169.221822 0.003347 0.008094 0.000000 0.000000 -0.000000
2.000000 3.000000 4.000000 5.000000 2070.126928 0.003193 0.007719 0.000000 0.000000 -0.000000
2.000000 4.000000 4.000000 5.000000 1967.315552 0.003034 0.007331 0.000000 0.000000 -0.000000
2.000000 5.000000 4.000000 5.000000 1867.252858 0.002879 0.006954 0.000000 0.000000 -0.000000
2.000000 6.000000 4.000000 5.000000 1798.435400 0.002772 0.006695 0.000000 0.000000 -0.000000
2.000000 7.000000 4.000000 5.000000 1709.580197 0.002635 0.006361 0.000000 0.000000 -0.000000
2.000000 8.000000 4.000000 5.000000 2895.223739 0.004475 0.010850 0.000000 0.000000 0.000000
2.000000 9.000000 4.000000 5.000000 3847.618092 0.005961 0.014502 0.000000 0.000000 0.000000
2.000000 10.000000 4.000000 5.000000 5098.061054 0.007923 0.019362 0.000000 0.000000 0.000000
2.000000 11.000000 4.000000 5.000000 6882.980403 0.010746 0.026429 0.000000 0.000000 0.000000
2.000000 12.000000 4.000000 5.000000 8737.511140 0.013705 0.033938 0.000000 0.000000 0.000000
2.000000 13.000000 4.000000 5.000000 10149.809394 0.015977 0.039774 0.000000 0.000000 0.000000
2.000000 14.000000 4.000000 5.000000 10999.849225 0.017352 0.043337 0.000000 0.000000 0.000000
2.000000 15.000000 4.000000 5.000000 23044.016776 0.037497 0.098288 0.000000 0.000000 0.000000
2.000000 16.000000 4.000000 5.000000 51751.730720 0.091047 0.274835 0.000000 0.000000 0.000000
2.000000 17.000000 4.000000 5.000000 83888.588008 0.162342 0.613965 0.000000 0.000000 0.000000
2.000000 18.000000 4.000000 5.000000 13640.800859 0.021663 0.054657 0.000000 0.000000 -0.000000
2.000000 19.000000 4.000000 5.000000 5563.276554 0.008657 0.021189 0.000000 0.000000 -0.000000
2.000000 20.000000 4.000000 5.000000 4318.463827 0.006699 0.016323 0.000000 0.000000 -0.000000
2.000000 21.000000 4.000000 5.000000 3683.774519 0.005705 0.013871 0.000000 0.000000 0.000000
2.000000 22.000000 4.000000 5.000000 3242.837922 0.005017 0.012178 0.000000 0.000000 0.000000
2.000000 23.000000 4.000000 5.000000 2961.306124 0.004578 0.011102 0.000000 0.000000 0.000000
2.000000 24.000000 4.000000 5.000000 2728.484401 0.004216 0.010215 0.000000 0.000000 0.000000
2.000000 1.000000 5.000000 5.000000 2538.774907 0.003921 0.009494 0.000000 0.000000 -0.000000
2.000000 2.000000 5.000000 5.000000 2365.296108 0.003651 0.008836 0.000000 0.000000 -0.000000
2.000000 3.000000 5.000000 5.000000 2218.799229 0.003424 0.008281 0.000000 0.000000 -0.000000
2.000000 4.000000 5.000000 5.000000 2104.182218 0.003246 0.007848 0.000000 0.000000 -0.000000
2.000000 5.000000 5.000000 5.000000 2015.076137 0.003108 0.007512 0.000000 0.000000 -0.000000
2.000000 6.000000 5.000000 5.000000 1931.677628 0.002979 0.007197 0.000000 0.000000 -0.000000
2.000000 7.000000 5.000000 5.000000 1832.709591 0.002825 0.006824 0.000000 0.000000 -0.000000
2.000000 8.000000 5.000000 5.000000 2519.442457 0.003891 0.009420 0.007962 0.000000 0.000000
2.000000 9.000000 5.000000 5.000000 2431.182783 0.003754 0.009085 0.008547 0.000000 0.000000
2.000000 10.000000 5.000000 5.000000 2849.061496 0.004403 0.010674 0.010284 0.000000 0.000000
2.000000 11.000000 5.000000 5.000000 2811.172701 0.004344 0.010529 0.009408 0.000000 0.000000
2.000000 12.000000 5.000000 5.000000 2510.967454 0.003878 0.009388 0.009369 0.000000 0.000000
2.000000 13.000000 5.000000 5.000000 2371.802687 0.003661 0.008860 0.008860 0.000000 -3407.545687
2.000000 14.000000 5.000000 5.000000 2284.131923 0.003525 0.008528 0.008528 0.000000 -2779.053364
2.000000 15.000000 5.000000 5.000000 1631.178756 0.002513 0.006067 0.006067 0.000000 -8011.585610
2.000000 16.000000 5.000000 5.000000 2566.600250 0.003964 0.009599 0.008549 0.000000 0.000000
2.000000 17.000000 5.000000 5.000000 3278.672417 0.005073 0.012315 0.007607 0.000000 0.000000
2.000000 18.000000 5.000000 5.000000 2514.647105 0.003883 0.009402 0.007321 0.000000 0.000000
2.000000 19.000000 5.000000 5.000000 3086.642497 0.004773 0.011580 0.000000 0.000000 0.000000
2.000000 20.000000 5.000000 5.000000 2876.868517 0.004447 0.010780 0.000000 0.000000 0.000000
2.000000 21.000000 5.000000 5.000000 2602.547128 0.004020 0.009736 0.000000 0.000000 0.000000
2.000000 22.000000 5.000000 5.000000 2382.806317 0.003678 0.008902 0.000000 0.000000 0.000000
2.000000 23.000000 5.000000 5.000000 2212.809533 0.003415 0.008258 0.000000 0.000000 0.000000
2.000000 24.000000 5.000000 5.000000 2063.217153 0.003183 0.007693 0.000000 0.000000 0.000000
2.000000 1.000000 6.000000 5.000000 1949.477290 0.003006 0.007264 0.000000 0.000000 -0.000000
2.000000 2.000000 6.000000 5.000000 1844.824377 0.002844 0.006870 0.000000 0.000000 -0.000000
2.000000 3.000000 6.000000 5.000000 1751.668452 0.002700 0.006519 0.000000 0.000000 -0.000000
2.000000 4.000000 6.000000 5.000000 1672.280834 0.002577 0.006221 0.000000 0.000000 -0.000000
2.000000 5.000000 6.000000 5.000000 1609.989515 0.002481 0.005987 0.000000 0.000000 -0.000000
2.000000 6.000000 6.000000 5.000000 1558.244915 0.002401 0.005793 0.000000 0.000000 -0.000000
2.000000 7.000000 6.000000 5.000000 1499.478718 0.002310 0.005572 0.000000 0.000000 -0.000000
2.000000 8.000000 6.000000 5.000000 2818.902031 0.004356 0.010559 0.005363 0.000000 0.000000
2.000000 9.000000 6.000000 5.000000 2467.101839 0.003809 0.009222 0.005999 0.000000 0.000000
2.000000 10.000000 6.000000 5.000000 2622.134976 0.004050 0.009810 0.006581 0.000000 0.000000
2.000000 11.000000 6.000000 5.000000 2935.033061 0.004537 0.011002 0.007670 0.000000 0.000000
2.000000 12.000000 6.000000 5.000000 2537.879567 0.003919 0.009490 0.007752 0.000000 0.000000
2.000000 13.000000 6.000000 5.000000 2341.495032 0.003614 0.008745 0.006452 0.000000 0.000000
2.000000 14.000000 6.000000 5.000000 2290.527427 0.003535 0.008552 0.006568 0.000000 0.000000
2.000000 15.000000 6.000000 5.000000 1727.372791 0.002662 0.006428 0.006428 0.000000 -3233.795325
2.000000 16.000000 6.000000 5.000000 2661.636566 0.004112 0.009960 0.006842 0.000000 0.000000
2.000000 17.000000 6.000000 5.000000 3361.222369 0.005201 0.012631 0.006508 0.000000 0.000000
2.000000 18.000000 6.000000 5.000000 2503.384041 0.003866 0.009359 0.007069 0.000000 0.000000
2.000000 19.000000 6.000000 5.000000 3015.480152 0.004662 0.011309 0.000000 0.000000 0.000000
2.000000 20.000000 6.000000 5.000000 2778.619370 0.004294 0.010405 0.000000 0.000000 0.000000
2.000000 21.000000 6.000000 5.000000 2492.460151 0.003849 0.009318 0.000000 0.000000 0.000000
2.000000 22.000000 6.000000 5.000000 2284.649528 0.003526 0.008530 0.000000 0.000000 0.000000
2.000000 23.000000 6.000000 5.000000 2121.070083 0.003272 0.007912 0.000000 0.000000 0.000000
2.000000 24.000000 6.000000 5.000000 1985.336453 0.003062 0.007399 0.000000 0.000000 0.000000
2.000000 1.000000 7.000000 5.000000 1869.724844 0.002883 0.006964 0.000000 0.000000 -0.000000
2.000000 2.000000 7.000000 5.000000 1774.510135 0.002735 0.006605 0.000000 0.000000 -0.000000
2.000000 3.000000 7.000000 5.000000 1699.619544 0.002619 0.006324 0.000000 0.000000 -0.000000
2.000000 4.000000 7.000000 5.000000 1624.833369 0.002504 0.006043 0.000000 0.000000 -0.000000
2.000000 5.000000 7.000000 5.000000 1557.872515 0.002400 0.005791 0.000000 0.000000 -0.000000
2.000000 6.000000 7.000000 5.000000 1503.359596 0.002316 0.005587 0.000000 0.000000 -0.000000
2.000000 7.000000 7.000000 5.000000 1448.758950 0.002231 0.005382 0.000000 0.000000 -0.000000
2.000000 8.000000 7.000000 5.000000 2880.160000 0.004452 0.010792 0.005520 0.000000 0.000000
2.000000 9.000000 7.000000 5.000000 2470.887913 0.003815 0.009236 0.006152 0.000000 0.000000
2.000000 10.000000 7.000000 5.000000 2801.541311 0.004329 0.010493 0.007630 0.000000 0.000000
2.000000 11.000000 7.000000 5.000000 2848.254226 0.004402 0.010671 0.006548 0.000000 0.000000
2.000000 12.000000 7.000000 5.000000 2436.152448 0.003761 0.009104 0.006436 0.000000 0.000000
2.000000 13.000000 7.000000 5.000000 2198.682193 0.003393 0.008205 0.007510 0.000000 0.000000
2.000000 14.000000 7.000000 5.000000 2049.687632 0.003162 0.007642 0.007096 0.000000 0.000000
2.000000 15.000000 7.000000 5.000000 2110.877148 0.003256 0.007873 0.007271 0.000000 0.000000
2.000000 16.000000 7.000000 5.000000 3200.359324 0.004951 0.012015 0.007597 0.000000 0.000000
2.000000 17.000000 7.000000 5.000000 3953.713384 0.006127 0.014911 0.007846 0.000000 0.000000
2.000000 18.000000 7.000000 5.000000 2301.520786 0.003552 0.008594 0.007813 0.000000 0.000000
2.000000 19.000000 7.000000 5.000000 3241.829574 0.005015 0.012174 0.000000 0.000000 0.000000
2.000000 20.000000 7.000000 5.000000 3069.616527 0.004747 0.011515 0.000000 0.000000 0.000000
2.000000 21.000000 7.000000 5.000000 2756.018908 0.004259 0.010319 0.000000 0.000000 0.000000
2.000000 22.000000 7.000000 5.000000 2516.491492 0.003886 0.009409 0.000000 0.000000 0.000000
2.000000 23.000000 7.000000 5.000000 2316.092839 0.003575 0.008649 0.000000 0.000000 0.000000
2.000000 24.000000 7.000000 5.000000 2156.877711 0.003328 0.008047 0.000000 0.000000 0.000000
2.000000 1.000000 1.000000 5.000000 2017.752200 0.003112 0.007522 0.000000 0.000000 0.000000
2.000000 2.000000 1.000000 5.000000 1911.983945 0.002948 0.007123 0.000000 0.000000 -0.000000
2.000000 3.000000 1.000000 5.000000 1815.920216 0.002799 0.006761 0.000000 0.000000 -0.000000
2.000000 4.000000 1.000000 5.000000 1732.795008 0.002671 0.006448 0.000000 0.000000 -0.000000
2.000000 5.000000 1.000000 5.000000 1645.402690 0.002535 0.006120 0.000000 0.000000 -0.000000
2.000000 6.000000 1.000000 5.000000 1557.826244 0.002400 0.005791 0.000000 0.000000 -0.000000
2.000000 7.000000 1.000000 5.000000 1486.754839 0.002290 0.005525 0.000000 0.000000 -0.000000
2.000000 8.000000 1.000000 5.000000 2854.836866 0.004412 0.010696 0.004903 0.000000 0.000000
2.000000 9.000000 1.000000 5.000000 2451.824235 0.003786 0.009164 0.005585 0.000000 0.000000
2.000000 10.000000 1.000000 5.000000 2777.371673 0.004292 0.010401 0.007076 0.000000 0.000000
2.000000 11.000000 1.000000 5.000000 2848.010019 0.004402 0.010670 0.006773 0.000000 0.000000
2.000000 12.000000 1.000000 5.000000 2442.326606 0.003771 0.009128 0.007409 0.000000 0.000000
2.000000 13.000000 1.000000 5.000000 2208.730106 0.003408 0.008243 0.008243 0.000000 -908.099467
2.000000 14.000000 1.000000 5.000000 2062.824980 0.003182 0.007692 0.007692 0.000000 -1826.154017
2.000000 15.000000 1.000000 5.000000 2044.765418 0.003154 0.007624 0.007624 0.000000 -1385.958266
2.000000 16.000000 1.000000 5.000000 3112.082365 0.004813 0.011678 0.008558 0.000000 0.000000
2.000000 17.000000 1.000000 5.000000 3891.603533 0.006030 0.014672 0.008696 0.000000 0.000000
2.000000 18.000000 1.000000 5.000000 2309.546453 0.003565 0.008624 0.008265 0.000000 0.000000
2.000000 19.000000 1.000000 5.000000 3316.442356 0.005132 0.012460 0.000000 0.000000 0.000000
2.000000 20.000000 1.000000 5.000000 3132.696169 0.004845 0.011756 0.000000 0.000000 0.000000
2.000000 21.000000 1.000000 5.000000 2829.839683 0.004373 0.010600 0.000000 0.000000 0.000000
2.000000 22.000000 1.000000 5.000000 2600.202759 0.004016 0.009727 0.000000 0.000000 0.000000
2.000000 23.000000 1.000000 5.000000 2411.016505 0.003722 0.009009 0.000000 0.000000 0.000000
2.000000 24.000000 1.000000 5.000000 2261.263332 0.003490 0.008442 0.000000 0.000000 0.000000
2.000000 1.000000 2.000000 5.000000 1899.041956 0.002928 0.007074 0.000000 0.000000 -0.000000
2.000000 2.000000 2.000000 5.000000 1778.135175 0.002741 0.006619 0.000000 0.000000 -0.000000
2.000000 3.000000 2.000000 5.000000 1699.867647 0.002620 0.006325 0.000000 0.000000 -0.000000
2.000000 4.000000 2.000000 5.000000 1631.273321 0.002514 0.006067 0.000000 0.000000 -0.000000
2.000000 5.000000 2.000000 5.000000 1552.784550 0.002392 0.005772 0.000000 0.000000 -0.000000
2.000000 6.000000 2.000000 5.000000 1486.852404 0.002290 0.005525 0.000000 0.000000 -0.000000
2.000000 7.000000 2.000000 5.000000 1435.499427 0.002211 0.005333 0.000000 0.000000 -0.000000
2.000000 8.000000 2.000000 5.000000 2898.822147 0.004481 0.010863 0.005685 0.000000 0.000000
2.000000 9.000000 2.000000 5.000000 2528.047078 0.003904 0.009453 0.006257 0.000000 0.000000
2.000000 10.000000 2.000000 5.000000 2621.018790 0.004049 0.009806 0.006598 0.000000 0.000000
2.000000 11.000000 2.000000 5.000000 2990.747977 0.004624 0.011214 0.006704 0.000000 0.000000
2.000000 12.000000 2.000000 5.000000 2602.531390 0.004020 0.009736 0.006305 0.000000 0.000000
2.000000 13.000000 2.000000 5.000000 2385.473542 0.003683 0.008912 0.006499 0.000000 0.000000
2.000000 14.000000 2.000000 5.000000 2275.707571 0.003512 0.008496 0.006667 0.000000 0.000000
2.000000 15.000000 2.000000 5.000000 1673.616684 0.002579 0.006226 0.005636 0.000000 0.000000
2.000000 16.000000 2.000000 5.000000 2531.982175 0.003910 0.009468 0.006212 0.000000 0.000000
2.000000 17.000000 2.000000 5.000000 3184.912801 0.004926 0.011956 0.006316 0.000000 0.000000
2.000000 18.000000 2.000000 5.000000 2621.546148 0.004049 0.009808 0.005967 0.000000 0.000000
2.000000 19.000000 2.000000 5.000000 2841.974074 0.004392 0.010647 0.000000 0.000000 0.000000
2.000000 20.000000 2.000000 5.000000 2595.921073 0.004010 0.009711 0.000000 0.000000 0.000000
2.000000 21.000000 2.000000 5.000000 2328.685268 0.003594 0.008697 0.000000 0.000000 0.000000
2.000000 22.000000 2.000000 5.000000 2117.055434 0.003266 0.007897 0.000000 0.000000 0.000000
2.000000 23.000000 2.000000 5.000000 1962.840427 0.003027 0.007315 0.000000 0.000000 0.000000
2.000000 24.000000 2.000000 5.000000 1843.106802 0.002841 0.006863 0.000000 0.000000 -0.000000
2.000000 1.000000 3.000000 5.000000 1746.476727 0.002692 0.006500 0.000000 0.000000 -0.000000
2.000000 2.000000 3.000000 5.000000 1669.695601 0.002573 0.006211 0.000000 0.000000 -0.000000
2.000000 3.000000 3.000000 5.000000 1605.544941 0.002474 0.005970 0.000000 0.000000 -0.000000
2.000000 4.000000 3.000000 5.000000 1545.821708 0.002381 0.005746 0.000000 0.000000 -0.000000
2.000000 5.000000 3.000000 5.000000 1484.791442 0.002287 0.005517 0.000000 0.000000 -0.000000
2.000000 6.000000 3.000000 5.000000 1439.917234 0.002218 0.005349 0.000000 0.000000 -0.000000
2.000000 7.000000 3.000000 5.000000 1398.048720 0.002153 0.005192 0.000000 0.000000 -0.000000
2.000000 8.000000 3.000000 5.000000 2446.840351 0.003778 0.009145 0.000000 0.000000 0.000000
2.000000 9.000000 3.000000 5.000000 3259.868451 0.005043 0.012243 0.000000 0.000000 0.000000
2.000000 10.000000 3.000000 5.000000 4302.169337 0.006673 0.016260 0.000000 0.000000 0.000000
2.000000 11.000000 3.000000 5.000000 5803.806346 0.009036 0.022137 0.000000 0.000000 0.000000
2.000000 12.000000 3.000000 5.000000 7306.664003 0.011419 0.028129 0.000000 0.000000 0.000000
2.000000 13.000000 3.000000 5.000000 8483.679509 0.013298 0.032900 0.000000 0.000000 0.000000
2.000000 14.000000 3.000000 5.000000 9227.403567 0.014491 0.035951 0.000000 0.000000 0.000000
2.000000 15.000000 3.000000 5.000000 19530.822539 0.031491 0.081343 0.000000 0.000000 0.000000
2.000000 16.000000 3.000000 5.000000 43608.064235 0.074993 0.216531 0.000000 0.000000 0.000000
2.000000 17.000000 3.000000 5.000000 70493.995994 0.130963 0.445688 0.000000 0.000000 0.000000
2.000000 18.000000 3.000000 5.000000 10776.454360 0.016990 0.042397 0.000000 0.000000 -0.000000
2.000000 19.000000 3.000000 5.000000 4150.732677 0.006436 0.015673 0.000000 0.000000 -0.000000
2.000000 20.000000 3.000000 5.000000 3212.967099 0.004970 0.012064 0.000000 0.000000 -0.000000
2.000000 21.000000 3.000000 5.000000 2755.426983 0.004258 0.010317 0.000000 0.000000 0.000000
2.000000 22.000000 3.000000 5.000000 2446.604988 0.003778 0.009144 0.000000 0.000000 0.000000
2.000000 23.000000 3.000000 5.000000 2216.971749 0.003421 0.008274 0.000000 0.000000 -0.000000
2.000000 24.000000 3.000000 5.000000 2046.387371 0.003156 0.007630 0.000000 0.000000 -0.000000
2.000000 1.000000 4.000000 5.000000 1904.769967 0.002937 0.007096 0.000000 0.000000 -0.000000
2.000000 2.000000 4.000000 5.000000 1787.637199 0.002756 0.006655 0.000000 0.000000 -0.000000
2.000000 3.000000 4.000000 5.000000 1689.565404 0.002604 0.006286 0.000000 0.000000 -0.000000
2.000000 4.000000 4.000000 5.000000 1603.372247 0.002470 0.005962 0.000000 0.000000 -0.000000
2.000000 5.000000 4.000000 5.000000 1538.013810 0.002369 0.005717 0.000000 0.000000 -0.000000
2.000000 6.000000 4.000000 5.000000 1501.783756 0.002313 0.005581 0.000000 0.000000 -0.000000
2.000000 7.000000 4.000000 5.000000 1452.705396 0.002237 0.005397 0.000000 0.000000 -0.000000
2.000000 8.000000 4.000000 5.000000 2531.905968 0.003910 0.009467 0.000000 0.000000 0.000000
2.000000 9.000000 4.000000 5.000000 3329.573120 0.005152 0.012510 0.000000 0.000000 0.000000
2.000000 10.000000 4.000000 5.000000 4373.886715 0.006786 0.016538 0.000000 0.000000 0.000000
2.000000 11.000000 4.000000 5.000000 5943.506712 0.009257 0.022690 0.000000 0.000000 0.000000
2.000000 12.000000 4.000000 5.000000 7496.738205 0.011722 0.028895 0.000000 0.000000 0.000000
2.000000 13.000000 4.000000 5.000000 8715.541911 0.013669 0.033848 0.000000 0.000000 0.000000
2.000000 14.000000 4.000000 5.000000 9433.333484 0.014822 0.036801 0.000000 0.000000 0.000000
2.000000 15.000000 4.000000 5.000000 20019.449068 0.032320 0.083652 0.000000 0.000000 0.000000
2.000000 16.000000 4.000000 5.000000 44704.599854 0.077112 0.223936 0.000000 0.000000 0.000000
2.000000 17.000000 4.000000 5.000000 72367.746231 0.135201 0.466418 0.000000 0.000000 0.000000
2.000000 18.000000 4.000000 5.000000 11138.385233 0.017577 0.043922 0.000000 0.000000 -0.000000
2.000000 19.000000 4.000000 5.000000 4289.898843 0.006654 0.016212 0.000000 0.000000 -0.000000
2.000000 20.000000 4.000000 5.000000 3312.454984 0.005125 0.012445 0.000000 0.000000 -0.000000
2.000000 21.000000 4.000000 5.000000 2852.933819 0.004409 0.010688 0.000000 0.000000 0.000000
2.000000 22.000000 4.000000 5.000000 2556.765201 0.003949 0.009562 0.000000 0.000000 0.000000
2.000000 23.000000 4.000000 5.000000 2331.449948 0.003599 0.008707 0.000000 0.000000 0.000000
2.000000 24.000000 4.000000 5.000000 2152.279046 0.003321 0.008030 0.000000 0.000000 -0.000000
2.000000 1.000000 5.000000 5.000000 2008.077160 0.003097 0.007485 0.000000 0.000000 -0.000000
2.000000 2.000000 5.000000 5.000000 1901.836343 0.002932 0.007085 0.000000 0.000000 -0.000000
2.000000 3.000000 5.000000 5.000000 1807.160080 0.002786 0.006728 0.000000 0.000000 -0.000000
2.000000 4.000000 5.000000 5.000000 1724.995979 0.002659 0.006419 0.000000 0.000000 -0.000000
2.000000 5.000000 5.000000 5.000000 1635.431590 0.002520 0.006083 0.000000 0.000000 -0.000000
2.000000 6.000000 5.000000 5.000000 1555.925390 0.002397 0.005784 0.000000 0.000000 -0.000000
2.000000 7.000000 5.000000 5.000000 1500.631937 0.002312 0.005577 0.000000 0.000000 -0.000000
2.000000 8.000000 5.000000 5.000000 2813.024792 0.004347 0.010536 0.007115 0.000000 0.000000
2.000000 9.000000 5.000000 5.000000 2451.075868 0.003784 0.009161 0.007871 0.000000 0.000000
2.000000 10.000000 5.000000 5.000000 2684.297426 0.004147 0.010046 0.008391 0.000000 0.000000
2.000000 11.000000 5.000000 5.000000 2916.401714 0.004508 0.010930 0.009481 0.000000 0.000000
2.000000 12.000000 5.000000 5.000000 2554.648159 0.003945 0.009554 0.007464 0.000000 0.000000
2.000000 13.000000 5.000000 5.000000 2350.438665 0.003628 0.008779 0.008779 0.000000 -929.538405
2.000000 14.000000 5.000000 5.000000 2246.099035 0.003466 0.008384 0.008384 0.000000 -524.813787
2.000000 15.000000 5.000000 5.000000 1688.366428 0.002602 0.006281 0.006281 0.000000 -2903.653768
2.000000 16.000000 5.000000 5.000000 2573.177589 0.003974 0.009624 0.007639 0.000000 0.000000
2.000000 17.000000 5.000000 5.000000 3258.520036 0.005041 0.012238 0.007457 0.000000 0.000000
2.000000 18.000000 5.000000 5.000000 2574.205051 0.003976 0.009628 0.007201 0.000000 0.000000
2.000000 19.000000 5.000000 5.000000 2946.228401 0.004555 0.011044 0.000000 0.000000 0.000000
2.000000 20.000000 5.000000 5.000000 2693.495658 0.004161 0.010081 0.000000 0.000000 0.000000
2.000000 21.000000 5.000000 5.000000 2420.643246 0.003737 0.009045 0.000000 0.000000 0.000000
2.000000 22.000000 5.000000 5.000000 2215.127394 0.003418 0.008267 0.000000 0.000000 0.000000
2.000000 23.000000 5.000000 5.000000 2048.630514 0.003160 0.007638 0.000000 0.000000 0.000000
2.000000 24.000000 5.000000 5.000000 1915.442132 0.002954 0.007136 0.000000 0.000000 -0.000000
2.000000 1.000000 6.000000 5.000000 1814.871854 0.002798 0.006757 0.000000 0.000000 -0.000000
2.000000 2.000000 6.000000 5.000000 1732.945182 0.002671 0.006449 0.000000 0.000000 -0.000000
2.000000 3.000000 6.000000 5.000000 1641.939879 0.002530 0.006107 0.000000 0.000000 -0.000000
2.000000 4.000000 6.000000 5.000000 1571.132682 0.002421 0.005841 0.000000 0.000000 -0.000000
2.000000 5.000000 6.000000 5.000000 1518.588031 0.002339 0.005644 0.000000 0.000000 -0.000000
2.000000 6.000000 6.000000 5.000000 1465.922998 0.002258 0.005447 0.000000 0.000000 -0.000000
2.000000 7.000000 6.000000 5.000000 1407.540583 0.002168 0.005228 0.000000 0.000000 -0.000000
2.000000 8.000000 6.000000 5.000000 2925.503000 0.004522 0.010965 0.007543 0.000000 0.000000
2.000000 9.000000 6.000000 5.000000 2549.903474 0.003938 0.009536 0.008300 0.000000 0.000000
2.000000 10.000000 6.000000 5.000000 2571.452849 0.003972 0.009618 0.009618 0.000000 -327.942217
2.000000 11.000000 6.000000 5.000000 3035.979561 0.004694 0.011387 0.010619 0.000000 0.000000
2.000000 12.000000 6.000000 5.000000 2655.417541 0.004102 0.009937 0.009937 0.000000 -1378.189373
2.000000 13.000000 6.000000 5.000000 2433.875817 0.003758 0.009096 0.009096 0.000000 -716.468560
2.000000 14.000000 6.000000 5.000000 2319.659591 0.003580 0.008663 0.008663 0.000000 -553.672020
2.000000 15.000000 6.000000 5.000000 1651.653538 0.002545 0.006143 0.006143 0.000000 -4218.077247
2.000000 16.000000 6.000000 5.000000 2512.712915 0.003880 0.009395 0.007536 0.000000 0.000000
2.000000 17.000000 6.000000 5.000000 3178.222239 0.004916 0.011931 0.007273 0.000000 0.000000
2.000000 18.000000 6.000000 5.000000 2625.754501 0.004056 0.009824 0.006908 0.000000 0.000000
2.000000 19.000000 6.000000 5.000000 2857.769909 0.004417 0.010707 0.000000 0.000000 0.000000
2.000000 20.000000 6.000000 5.000000 2588.265755 0.003998 0.009681 0.000000 0.000000 0.000000
2.000000 21.000000 6.000000 5.000000 2338.768613 0.003610 0.008735 0.000000 0.000000 0.000000
2.000000 22.000000 6.000000 5.000000 2139.614231 0.003301 0.007982 0.000000 0.000000 0.000000
2.000000 23.000000 6.000000 5.000000 1971.250220 0.003040 0.007346 0.000000 0.000000 0.000000
2.000000 24.000000 6.000000 5.000000 1856.190958 0.002862 0.006913 0.000000 0.000000 -0.000000
2.000000 1.000000 7.000000 5.000000 1752.480290 0.002701 0.006522 0.000000 0.000000 -0.000000
2.000000 2.000000 7.000000 5.000000 1668.649787 0.002571 0.006207 0.000000 0.000000 -0.000000
2.000000 3.000000 7.000000 5.000000 1592.502419 0.002454 0.005921 0.000000 0.000000 -0.000000
2.000000 4.000000 7.000000 5.000000 1528.752870 0.002355 0.005682 0.000000 0.000000 -0.000000
2.000000 5.000000 7.000000 5.000000 1469.427512 0.002263 0.005460 0.000000 0.000000 -0.000000
2.000000 6.000000 7.000000 5.000000 1431.125593 0.002204 0.005316 0.000000 0.000000 -0.000000
2.000000 7.000000 7.000000 5.000000 1385.696622 0.002134 0.005146 0.000000 0.000000 -0.000000
2.000000 8.000000 7.000000 5.000000 2953.911786 0.004567 0.011074 0.007257 0.000000 0.000000
2.000000 9.000000 7.000000 5.000000 2573.464973 0.003975 0.009625 0.007851 0.000000 0.000000
2.000000 10.000000 7.000000 5.000000 2556.472347 0.003948 0.009561 0.008807 0.000000 0.000000
2.000000 11.000000 7.000000 5.000000 3036.743508 0.004696 0.011390 0.010034 0.000000 0.000000
2.000000 12.000000 7.000000 5.000000 2632.023667 0.004066 0.009848 0.009848 0.000000 -6003.890030
2.000000 13.000000 7.000000 5.000000 2394.711261 0.003697 0.008947 0.008947 0.000000 -2558.528930
2.000000 14.000000 7.000000 5.000000 2265.832951 0.003497 0.008459 0.008459 0.000000 -3111.863169
2.000000 15.000000 7.000000 5.000000 1754.532939 0.002704 0.006530 0.006530 0.000000 -6439.886918
2.000000 16.000000 7.000000 5.000000 2659.125923 0.004108 0.009951 0.008544 0.000000 0.000000
2.000000 17.000000 7.000000 5.000000 3345.262104 0.005177 0.012570 0.007904 0.000000 0.000000
2.000000 18.000000 7.000000 5.000000 2551.001359 0.003940 0.009540 0.007453 0.000000 0.000000
2.000000 19.000000 7.000000 5.000000 2981.370458 0.004609 0.011178 0.000000 0.000000 0.000000
2.000000 20.000000 7.000000 5.000000 2707.790009 0.004184 0.010136 0.000000 0.000000 0.000000
2.000000 21.000000 7.000000 5.000000 2441.174504 0.003769 0.009123 0.000000 0.000000 0.000000
2.000000 22.000000 7.000000 5.000000 2237.075552 0.003452 0.008350 0.000000 0.000000 0.000000
2.000000 23.000000 7.000000 5.000000 2081.555481 0.003211 0.007762 0.000000 0.000000 0.000000
2.000000 24.000000 7.000000 5.000000 1943.369824 0.002997 0.007241 0.000000 0.000000 -0.000000
2.000000 1.000000 1.000000 5.000000 1833.486982 0.002827 0.006827 0.000000 0.000000 -0.000000
2.000000 2.000000 1.000000 5.000000 1744.112163 0.002688 0.006491 0.000000 0.000000 -0.000000
2.000000 3.000000 1.000000 5.000000 1659.518220 0.002557 0.006173 0.000000 0.000000 -0.000000
2.000000 4.000000 1.000000 5.000000 1588.227374 0.002447 0.005905 0.000000 0.000000 -0.000000
2.000000 5.000000 1.000000 5.000000 1524.408741 0.002348 0.005666 0.000000 0.000000 -0.000000
2.000000 6.000000 1.000000 5.000000 1469.829844 0.002264 0.005461 0.000000 0.000000 -0.000000
2.000000 7.000000 1.000000 5.000000 1412.840800 0.002176 0.005248 0.000000 0.000000 -0.000000
2.000000 8.000000 1.000000 5.000000 2934.947049 0.004537 0.011001 0.006981 0.000000 0.000000
2.000000 9.000000 1.000000 5.000000 2559.000378 0.003952 0.009570 0.007558 0.000000 0.000000
2.000000 10.000000 1.000000 5.000000 2523.917208 0.003898 0.009437 0.008035 0.000000 0.000000
2.000000 11.000000 1.000000 5.000000 3012.926969 0.004658 0.011299 0.009635 0.000000 0.000000
2.000000 12.000000 1.000000 5.000000 2590.106170 0.004001 0.009688 0.009688 0.000000 -7326.151707
2.000000 13.000000 1.000000 5.000000 2349.850175 0.003627 0.008777 0.008777 0.000000 -2478.057645
2.000000 14.000000 1.000000 5.000000 2229.608181 0.003441 0.008322 0.008322 0.000000 -4749.696256
2.000000 15.000000 1.000000 5.000000 1792.270577 0.002763 0.006672 0.006672 0.000000 -8523.217664
2.000000 16.000000 1.000000 5.000000 2677.481147 0.004136 0.010021 0.008527 0.000000 0.000000
2.000000 17.000000 1.000000 5.000000 3313.916575 0.005128 0.012450 0.007725 0.000000 0.000000
2.000000 18.000000 1.000000 5.000000 2549.383438 0.003937 0.009534 0.007315 0.000000 0.000000
2.000000 19.000000 1.000000 5.000000 3038.812771 0.004699 0.011398 0.000000 0.000000 0.000000
2.000000 20.000000 1.000000 5.000000 2782.580133 0.004300 0.010420 0.000000 0.000000 0.000000
2.000000 21.000000 1.000000 5.000000 2530.623316 0.003908 0.009463 0.000000 0.000000 0.000000
2.000000 22.000000 1.000000 5.000000 2316.833779 0.003576 0.008652 0.000000 0.000000 0.000000
2.000000 23.000000 1.000000 5.000000 2148.528807 0.003315 0.008015 0.000000 0.000000 0.000000
2.000000 24.000000 1.000000 5.000000 2019.251656 0.003114 0.007527 0.000000 0.000000 -0.000000
2.000000 1.000000 2.000000 5.000000 1910.563509 0.002946 0.007118 0.000000 0.000000 -0.000000
2.000000 2.000000 2.000000 5.000000 1819.797483 0.002805 0.006776 0.000000 0.000000 -0.000000
2.000000 3.000000 2.000000 5.000000 1742.168097 0.002685 0.006484 0.000000 0.000000 -0.000000
2.000000 4.000000 2.000000 5.000000 1669.702421 0.002573 0.006211 0.000000 0.000000 -0.000000
2.000000 5.000000 2.000000 5.000000 1600.747521 0.002466 0.005952 0.000000 0.000000 -0.000000
2.000000 6.000000 2.000000 5.000000 1529.887215 0.002357 0.005686 0.000000 0.000000 -0.000000
2.000000 7.000000 2.000000 5.000000 1465.920031 0.002258 0.005447 0.000000 0.000000 -0.000000
2.000000 8.000000 2.000000 5.000000 2870.044035 0.004436 0.010754 0.007296 0.000000 0.000000
2.000000 9.000000 2.000000 5.000000 2524.605334 0.003899 0.009440 0.007960 0.000000 0.000000
2.000000 10.000000 2.000000 5.000000 2508.493857 0.003874 0.009379 0.008386 0.000000 0.000000
2.000000 11.000000 2.000000 5.000000 3050.286681 0.004717 0.011441 0.009173 0.000000 0.000000
2.000000 12.000000 2.000000 5.000000 2687.526545 0.004152 0.010059 0.009662 0.000000 0.000000
2.000000 13.000000 2.000000 5.000000 2469.602088 0.003813 0.009231 0.006566 0.000000 0.000000
2.000000 14.000000 2.000000 5.000000 2332.118490 0.003600 0.008710 0.008710 0.000000 -693.418880
2.000000 15.000000 2.000000 5.000000 1665.609623 0.002567 0.006196 0.006196 0.000000 -9861.324483
2.000000 16.000000 2.000000 5.000000 2498.993987 0.003859 0.009343 0.008325 0.000000 0.000000
2.000000 17.000000 2.000000 5.000000 3187.953079 0.004931 0.011968 0.008023 0.000000 0.000000
2.000000 18.000000 2.000000 5.000000 2599.954388 0.004016 0.009726 0.007105 0.000000 0.000000
2.000000 19.000000 2.000000 5.000000 2870.598170 0.004437 0.010756 0.000000 0.000000 0.000000
2.000000 20.000000 2.000000 5.000000 2648.172715 0.004091 0.009909 0.000000 0.000000 0.000000
2.000000 21.000000 2.000000 5.000000 2398.441477 0.003703 0.008961 0.000000 0.000000 0.000000
2.000000 22.000000 2.000000 5.000000 2188.849719 0.003377 0.008168 0.000000 0.000000 0.000000
2.000000 23.000000 2.000000 5.000000 2015.840881 0.003109 0.007514 0.000000 0.000000 0.000000
2.000000 24.000000 2.000000 5.000000 1874.458416 0.002890 0.006981 0.000000 0.000000 0.000000
2.000000 1.000000 3.000000 5.000000 1770.844310 0.002730 0.006591 0.000000 0.000000 -0.000000
2.000000 2.000000 3.000000 5.000000 1685.102793 0.002597 0.006269 0.000000 0.000000 -0.000000
2.000000 3.000000 3.000000 5.000000 1604.352475 0.002472 0.005966 0.000000 0.000000 -0.000000
2.000000 4.000000 3.000000 5.000000 1536.262175 0.002367 0.005710 0.000000 0.000000 -0.000000
2.000000 5.000000 3.000000 5.000000 1478.505121 0.002277 0.005494 0.000000 0.000000 -0.000000
2.000000 6.000000 3.000000 5.000000 1433.179815 0.002207 0.005324 0.000000 0.000000 -0.000000
2.000000 7.000000 3.000000 5.000000 1377.269516 0.002121 0.005114 0.000000 0.000000 -0.000000
2.000000 8.000000 3.000000 5.000000 2395.733783 0.003699 0.008951 0.000000 0.000000 0.000000
2.000000 9.000000 3.000000 5.000000 3185.260872 0.004927 0.011957 0.000000 0.000000 0.000000
2.000000 10.000000 3.000000 5.000000 4147.410845 0.006431 0.015660 0.000000 0.000000 0.000000
2.000000 11.000000 3.000000 5.000000 5654.900409 0.008801 0.021550 0.000000 0.000000 0.000000
2.000000 12.000000 3.000000 5.000000 7199.998092 0.011249 0.027700 0.000000 0.000000 0.000000
2.000000 13.000000 3.000000 5.000000 8456.544432 0.013255 0.032789 0.000000 0.000000 0.000000
2.000000 14.000000 3.000000 5.000000 9280.646619 0.014576 0.036170 0.000000 0.000000 0.000000
2.000000 15.000000 3.000000 5.000000 19949.268120 0.032200 0.083320 0.000000 0.000000 0.000000
2.000000 16.000000 3.000000 5.000000 44745.549505 0.077191 0.224215 0.000000 0.000000 0.000000
2.000000 17.000000 3.000000 5.000000 72550.582202 0.135617 0.468484 0.000000 0.000000 0.000000
2.000000 18.000000 3.000000 5.000000 11223.357125 0.017715 0.044281 0.000000 0.000000 -0.000000
2.000000 19.000000 3.000000 5.000000 4368.603269 0.006777 0.016518 0.000000 0.000000 -0.000000
2.000000 20.000000 3.000000 5.000000 3401.529569 0.005264 0.012786 0.000000 0.000000 -0.000000
2.000000 21.000000 3.000000 5.000000 2962.839888 0.004580 0.011108 0.000000 0.000000 0.000000
2.000000 22.000000 3.000000 5.000000 2672.841961 0.004129 0.010003 0.000000 0.000000 0.000000
2.000000 23.000000 3.000000 5.000000 2448.758846 0.003781 0.009152 0.000000 0.000000 0.000000
2.000000 24.000000 3.000000 5.000000 2294.507848 0.003541 0.008568 0.000000 0.000000 -0.000000
2.000000 1.000000 4.000000 5.000000 2158.188198 0.003330 0.008052 0.000000 0.000000 -0.000000
2.000000 2.000000 4.000000 5.000000 2043.503959 0.003152 0.007619 0.000000 0.000000 -0.000000
2.000000 3.000000 4.000000 5.000000 1944.146678 0.002998 0.007244 0.000000 0.000000 -0.000000
2.000000 4.000000 4.000000 5.000000 1865.482566 0.002876 0.006948 0.000000 0.000000 -0.000000
2.000000 5.000000 4.000000 5.000000 1793.496521 0.002765 0.006677 0.000000 0.000000 -0.000000
2.000000 6.000000 4.000000 5.000000 1708.672742 0.002633 0.006358 0.000000 0.000000 -0.000000
2.000000 7.000000 4.000000 5.000000 1631.662667 0.002514 0.006068 0.000000 0.000000 -0.000000
2.000000 8.000000 4.000000 5.000000 2806.160329 0.004337 0.010510 0.000000 0.000000 0.000000
2.000000 9.000000 4.000000 5.000000 3639.501454 0.005636 0.013700 0.000000 0.000000 0.000000
2.000000 10.000000 4.000000 5.000000 4707.005993 0.007309 0.017834 0.000000 0.000000 0.000000
2.000000 11.000000 4.000000 5.000000 6296.895257 0.009816 0.024091 0.000000 0.000000 0.000000
2.000000 12.000000 4.000000 5.000000 7907.044904 0.012376 0.030554 0.000000 0.000000 0.000000
2.000000 13.000000 4.000000 5.000000 9126.174466 0.014328 0.035534 0.000000 0.000000 0.000000
2.000000 14.000000 4.000000 5.000000 9912.812216 0.015594 0.038788 0.000000 0.000000 0.000000
2.000000 15.000000 4.000000 5.000000 20846.003763 0.033726 0.087592 0.000000 0.000000 0.000000
2.000000 16.000000 4.000000 5.000000 45860.259013 0.079360 0.231883 0.000000 0.000000 0.000000
2.000000 17.000000 4.000000 5.000000 73425.197441 0.137614 0.478476 0.000000 0.000000 0.000000
2.000000 18.000000 4.000000 5.000000 11272.889984 0.017795 0.044490 0.000000 0.000000 -0.000000
2.000000 19.000000 4.000000 5.000000 4330.360330 0.006717 0.016369 0.000000 0.000000 -0.000000
2.000000 20.000000 4.000000 5.000000 3292.725666 0.005095 0.012369 0.000000 0.000000 -0.000000
2.000000 21.000000 4.000000 5.000000 2820.017389 0.004358 0.010563 0.000000 0.000000 0.000000
2.000000 22.000000 4.000000 5.000000 2490.683943 0.003846 0.009311 0.000000 0.000000 0.000000
2.000000 23.000000 4.000000 5.000000 2226.939287 0.003436 0.008312 0.000000 0.000000 0.000000
2.000000 24.000000 4.000000 5.000000 2004.660758 0.003092 0.007472 0.000000 0.000000 -0.000000
2.000000 1.000000 5.000000 5.000000 1840.612685 0.002838 0.006854 0.000000 0.000000 -0.000000
2.000000 2.000000 5.000000 5.000000 1703.635417 0.002626 0.006339 0.000000 0.000000 -0.000000
2.000000 3.000000 5.000000 5.000000 1635.218813 0.002520 0.006082 0.000000 0.000000 -0.000000
2.000000 4.000000 5.000000 5.000000 1597.641307 0.002462 0.005941 0.000000 0.000000 -0.000000
2.000000 5.000000 5.000000 5.000000 1564.509451 0.002410 0.005816 0.000000 0.000000 -0.000000
2.000000 6.000000 5.000000 5.000000 1544.701494 0.002380 0.005742 0.000000 0.000000 -0.000000
2.000000 7.000000 5.000000 5.000000 1506.539150 0.002321 0.005599 0.000000 0.000000 -0.000000
2.000000 8.000000 5.000000 5.000000 2781.773386 0.004299 0.010417 0.006234 0.000000 0.000000
2.000000 9.000000 5.000000 5.000000 2406.493176 0.003715 0.008992 0.007407 0.000000 0.000000
2.000000 10.000000 5.000000 5.000000 2892.253628 0.004471 0.010838 0.008078 0.000000 0.000000
2.000000 11.000000 5.000000 5.000000 2768.842301 0.004278 0.010368 0.009070 0.000000 0.000000
2.000000 12.000000 5.000000 5.000000 2401.554695 0.003708 0.008973 0.008973 0.000000 -6498.892891
2.000000 13.000000 5.000000 5.000000 2188.201997 0.003376 0.008165 0.008165 0.000000 -5768.324146
2.000000 14.000000 5.000000 5.000000 2074.806546 0.003201 0.007737 0.007737 0.000000 -7047.822298
2.000000 15.000000 5.000000 5.000000 2031.442318 0.003133 0.007573 0.007573 0.000000 -5091.355955
2.000000 16.000000 5.000000 5.000000 3024.642080 0.004677 0.011344 0.008955 0.000000 0.000000
2.000000 17.000000 5.000000 5.000000 3692.637901 0.005719 0.013905 0.008443 0.000000 0.000000
2.000000 18.000000 5.000000 5.000000 2431.962273 0.003755 0.009088 0.007503 0.000000 0.000000
2.000000 19.000000 5.000000 5.000000 3146.929450 0.004867 0.011811 0.000000 0.000000 0.000000
2.000000 20.000000 5.000000 5.000000 2918.437327 0.004511 0.010938 0.000000 0.000000 0.000000
2.000000 21.000000 5.000000 5.000000 2622.477505 0.004051 0.009811 0.000000 0.000000 0.000000
2.000000 22.000000 5.000000 5.000000 2393.408999 0.003695 0.008942 0.000000 0.000000 0.000000
2.000000 23.000000 5.000000 5.000000 2219.870103 0.003426 0.008285 0.000000 0.000000 0.000000
2.000000 24.000000 5.000000 5.000000 2090.194998 0.003224 0.007795 0.000000 0.000000 0.000000
2.000000 1.000000 6.000000 5.000000 1990.380114 0.003070 0.007418 0.000000 0.000000 -0.000000
2.000000 2.000000 6.000000 5.000000 1909.069833 0.002944 0.007112 0.000000 0.000000 -0.000000
2.000000 3.000000 6.000000 5.000000 1821.986686 0.002809 0.006784 0.000000 0.000000 -0.000000
2.000000 4.000000 6.000000 5.000000 1731.746396 0.002669 0.006444 0.000000 0.000000 -0.000000
2.000000 5.000000 6.000000 5.000000 1628.140415 0.002509 0.006055 0.000000 0.000000 -0.000000
2.000000 6.000000 6.000000 5.000000 1517.228995 0.002337 0.005639 0.000000 0.000000 -0.000000
2.000000 7.000000 6.000000 5.000000 1447.817162 0.002230 0.005379 0.000000 0.000000 -0.000000
2.000000 8.000000 6.000000 5.000000 2862.292713 0.004424 0.010724 0.006277 0.000000 0.000000
2.000000 9.000000 6.000000 5.000000 2484.126228 0.003836 0.009286 0.006923 0.000000 0.000000
2.000000 10.000000 6.000000 5.000000 2637.399371 0.004074 0.009868 0.009039 0.000000 0.000000
2.000000 11.000000 6.000000 5.000000 2970.062620 0.004592 0.011135 0.009777 0.000000 0.000000
2.000000 12.000000 6.000000 5.000000 2618.794000 0.004045 0.009797 0.008163 0.000000 0.000000
2.000000 13.000000 6.000000 5.000000 2420.989733 0.003738 0.009047 0.008773 0.000000 0.000000
2.000000 14.000000 6.000000 5.000000 2309.509016 0.003565 0.008624 0.008290 0.000000 0.000000
2.000000 15.000000 6.000000 5.000000 1660.245143 0.002558 0.006176 0.006176 0.000000 -3321.323348
2.000000 16.000000 6.000000 5.000000 2540.652772 0.003924 0.009501 0.007457 0.000000 0.000000
2.000000 17.000000 6.000000 5.000000 3243.887562 0.005018 0.012182 0.007263 0.000000 0.000000
2.000000 18.000000 6.000000 5.000000 2598.684859 0.004014 0.009721 0.006875 0.000000 0.000000
2.000000 19.000000 6.000000 5.000000 2910.353188 0.004499 0.010907 0.000000 0.000000 0.000000
2.000000 20.000000 6.000000 5.000000 2669.006192 0.004123 0.009988 0.000000 0.000000 0.000000
2.000000 21.000000 6.000000 5.000000 2405.634251 0.003714 0.008988 0.000000 0.000000 0.000000
2.000000 22.000000 6.000000 5.000000 2211.679496 0.003413 0.008254 0.000000 0.000000 0.000000
2.000000 23.000000 6.000000 5.000000 2072.730731 0.003197 0.007729 0.000000 0.000000 0.000000
2.000000 24.000000 6.000000 5.000000 1966.413625 0.003033 0.007328 0.000000 0.000000 0.000000
2.000000 1.000000 7.000000 5.000000 1884.091474 0.002905 0.007018 0.000000 0.000000 -0.000000
2.000000 2.000000 7.000000 5.000000 1818.008336 0.002803 0.006769 0.000000 0.000000 -0.000000
2.000000 3.000000 7.000000 5.000000 1758.053198 0.002710 0.006543 0.000000 0.000000 -0.000000
2.000000 4.000000 7.000000 5.000000 1702.169653 0.002623 0.006333 0.000000 0.000000 -0.000000
2.000000 5.000000 7.000000 5.000000 1634.548061 0.002519 0.006079 0.000000 0.000000 -0.000000
2.000000 6.000000 7.000000 5.000000 1558.642013 0.002401 0.005794 0.000000 0.000000 -0.000000
2.000000 7.000000 7.000000 5.000000 1504.988127 0.002318 0.005593 0.000000 0.000000 -0.000000
2.000000 8.000000 7.000000 5.000000 2801.962800 0.004330 0.010494 0.007667 0.000000 0.000000
2.000000 9.000000 7.000000 5.000000 2469.702417 0.003813 0.009231 0.008371 0.000000 0.000000
2.000000 10.000000 7.000000 5.000000 2607.167010 0.004027 0.009753 0.008393 0.000000 0.000000
2.000000 11.000000 7.000000 5.000000 3025.798896 0.004679 0.011348 0.008770 0.000000 0.000000
2.000000 12.000000 7.000000 5.000000 2668.525272 0.004122 0.009987 0.007799 0.000000 0.000000
2.000000 13.000000 7.000000 5.000000 2480.105322 0.003830 0.009271 0.007127 0.000000 0.000000
2.000000 14.000000 7.000000 5.000000 2391.639985 0.003692 0.008935 0.008082 0.000000 0.000000
2.000000 15.000000 7.000000 5.000000 1511.275103 0.002328 0.005617 0.005617 0.000000 -3212.013596
2.000000 16.000000 7.000000 5.000000 2295.830662 0.003543 0.008573 0.006876 0.000000 0.000000
2.000000 17.000000 7.000000 5.000000 2939.830108 0.004545 0.011020 0.006632 0.000000 0.000000
2.000000 18.000000 7.000000 5.000000 2750.691779 0.004250 0.010299 0.006276 0.000000 0.000000
2.000000 19.000000 7.000000 5.000000 2733.861549 0.004224 0.010235 0.000000 0.000000 0.000000
2.000000 20.000000 7.000000 5.000000 2465.596360 0.003807 0.009216 0.000000 0.000000 0.000000
2.000000 21.000000 7.000000 5.000000 2223.848338 0.003432 0.008300 0.000000 0.000000 0.000000
2.000000 22.000000 7.000000 5.000000 2039.759897 0.003146 0.007605 0.000000 0.000000 0.000000
2.000000 23.000000 7.000000 5.000000 1897.188653 0.002925 0.007067 0.000000 0.000000 0.000000
2.000000 24.000000 7.000000 5.000000 1798.663129 0.002773 0.006696 0.000000 0.000000 -0.000000
2.000000 1.000000 1.000000 5.000000 1733.214611 0.002671 0.006450 0.000000 0.000000 -0.000000
2.000000 2.000000 1.000000 5.000000 1678.232544 0.002586 0.006243 0.000000 0.000000 -0.000000
2.000000 3.000000 1.000000 5.000000 1624.559682 0.002503 0.006042 0.000000 0.000000 -0.000000
2.000000 4.000000 1.000000 5.000000 1573.632027 0.002424 0.005851 0.000000 0.000000 -0.000000
2.000000 5.000000 1.000000 5.000000 1517.178970 0.002337 0.005639 0.000000 0.000000 -0.000000
2.000000 6.000000 1.000000 5.000000 1477.439600 0.002276 0.005490 0.000000 0.000000 -0.000000
2.000000 7.000000 1.000000 5.000000 1446.205110 0.002227 0.005373 0.000000 0.000000 -0.000000
2.000000 8.000000 1.000000 5.000000 2882.609713 0.004456 0.010802 0.007929 0.000000 0.000000
2.000000 9.000000 1.000000 5.000000 2539.245583 0.003921 0.009495 0.008445 0.000000 0.000000
2.000000 10.000000 1.000000 5.000000 2509.088768 0.003875 0.009381 0.007965 0.000000 0.000000
2.000000 11.000000 1.000000 5.000000 3060.935202 0.004733 0.011482 0.008449 0.000000 0.000000
2.000000 12.000000 1.000000 5.000000 2686.372270 0.004150 0.010054 0.006219 0.000000 0.000000
2.000000 13.000000 1.000000 5.000000 2492.045654 0.003848 0.009316 0.008075 0.000000 0.000000
2.000000 14.000000 1.000000 5.000000 2391.607797 0.003692 0.008935 0.007959 0.000000 0.000000
2.000000 15.000000 1.000000 5.000000 1533.061854 0.002362 0.005698 0.005698 0.000000 -2956.140199
2.000000 16.000000 1.000000 5.000000 2331.243380 0.003598 0.008707 0.006752 0.000000 0.000000
2.000000 17.000000 1.000000 5.000000 2977.074274 0.004603 0.011162 0.006578 0.000000 0.000000
2.000000 18.000000 1.000000 5.000000 2740.971799 0.004235 0.010262 0.006204 0.000000 0.000000
2.000000 19.000000 1.000000 5.000000 2743.827793 0.004240 0.010273 0.000000 0.000000 0.000000
2.000000 20.000000 1.000000 5.000000 2481.220206 0.003831 0.009275 0.000000 0.000000 0.000000
2.000000 21.000000 1.000000 5.000000 2242.848021 0.003461 0.008372 0.000000 0.000000 0.000000
2.000000 22.000000 1.000000 5.000000 2065.053204 0.003185 0.007700 0.000000 0.000000 0.000000
2.000000 23.000000 1.000000 5.000000 1931.681559 0.002979 0.007197 0.000000 0.000000 0.000000
2.000000 24.000000 1.000000 5.000000 1829.988162 0.002821 0.006814 0.000000 0.000000 -0.000000
2.000000 1.000000 2.000000 5.000000 1745.210482 0.002690 0.006495 0.000000 0.000000 -0.000000
2.000000 2.000000 2.000000 5.000000 1673.050113 0.002578 0.006224 0.000000 0.000000 -0.000000
2.000000 3.000000 2.000000 5.000000 1621.064115 0.002498 0.006029 0.000000 0.000000 -0.000000
2.000000 4.000000 2.000000 5.000000 1587.250876 0.002445 0.005902 0.000000 0.000000 -0.000000
2.000000 5.000000 2.000000 5.000000 1557.872720 0.002400 0.005791 0.000000 0.000000 -0.000000
2.000000 6.000000 2.000000 5.000000 1516.415759 0.002336 0.005636 0.000000 0.000000 -0.000000
2.000000 7.000000 2.000000 5.000000 1474.555466 0.002271 0.005479 0.000000 0.000000 -0.000000
2.000000 8.000000 2.000000 5.000000 2834.684396 0.004381 0.010619 0.007776 0.000000 0.000000
2.000000 9.000000 2.000000 5.000000 2497.231009 0.003856 0.009336 0.008242 0.000000 0.000000
2.000000 10.000000 2.000000 5.000000 2595.329442 0.004009 0.009708 0.007825 0.000000 0.000000
2.000000 11.000000 2.000000 5.000000 3044.129708 0.004707 0.011418 0.007926 0.000000 0.000000
2.000000 12.000000 2.000000 5.000000 2689.902243 0.004156 0.010068 0.007017 0.000000 0.000000
2.000000 13.000000 2.000000 5.000000 2498.799092 0.003859 0.009342 0.007361 0.000000 0.000000
2.000000 14.000000 2.000000 5.000000 2405.954287 0.003714 0.008990 0.007555 0.000000 0.000000
2.000000 15.000000 2.000000 5.000000 1483.156170 0.002285 0.005511 0.005511 0.000000 -1301.176582
2.000000 16.000000 2.000000 5.000000 2239.818920 0.003456 0.008361 0.006269 0.000000 0.000000
2.000000 17.000000 2.000000 5.000000 2833.110521 0.004378 0.010613 0.005997 0.000000 0.000000
2.000000 18.000000 2.000000 5.000000 2813.460036 0.004348 0.010538 0.005662 0.000000 0.000000
2.000000 19.000000 2.000000 5.000000 2676.885823 0.004135 0.010018 0.000000 0.000000 0.000000
2.000000 20.000000 2.000000 5.000000 2402.273833 0.003709 0.008976 0.000000 0.000000 0.000000
2.000000 21.000000 2.000000 5.000000 2164.950929 0.003340 0.008077 0.000000 0.000000 0.000000
2.000000 22.000000 2.000000 5.000000 1983.884418 0.003060 0.007394 0.000000 0.000000 0.000000
2.000000 23.000000 2.000000 5.000000 1845.502469 0.002845 0.006872 0.000000 0.000000 0.000000
2.000000 24.000000 2.000000 5.000000 1736.324683 0.002676 0.006462 0.000000 0.000000 -0.000000
2.000000 1.000000 3.000000 5.000000 1648.954738 0.002541 0.006133 0.000000 0.000000 -0.000000
2.000000 2.000000 3.000000 5.000000 1585.185792 0.002442 0.005894 0.000000 0.000000 -0.000000
2.000000 3.000000 3.000000 5.000000 1537.876489 0.002369 0.005716 0.000000 0.000000 -0.000000
2.000000 4.000000 3.000000 5.000000 1494.905782 0.002303 0.005555 0.000000 0.000000 -0.000000
2.000000 5.000000 3.000000 5.000000 1462.435886 0.002252 0.005433 0.000000 0.000000 -0.000000
2.000000 6.000000 3.000000 5.000000 1429.302634 0.002201 0.005309 0.000000 0.000000 -0.000000
2.000000 7.000000 3.000000 5.000000 1405.043888 0.002164 0.005218 0.000000 0.000000 -0.000000
2.000000 8.000000 3.000000 5.000000 2487.035175 0.003840 0.009297 0.000000 0.000000 0.000000
2.000000 9.000000 3.000000 5.000000 3233.838002 0.005003 0.012143 0.000000 0.000000 0.000000
2.000000 10.000000 3.000000 5.000000 4092.614297 0.006345 0.015448 0.000000 0.000000 0.000000
2.000000 11.000000 3.000000 5.000000 5530.335942 0.008605 0.021059 0.000000 0.000000 0.000000
2.000000 12.000000 3.000000 5.000000 6991.698109 0.010918 0.026864 0.000000 0.000000 0.000000
2.000000 13.000000 3.000000 5.000000 8107.069704 0.012696 0.031366 0.000000 0.000000 0.000000
2.000000 14.000000 3.000000 5.000000 8846.955986 0.013880 0.034387 0.000000 0.000000 0.000000
2.000000 15.000000 3.000000 5.000000 18778.044065 0.030218 0.077816 0.000000 0.000000 0.000000
2.000000 16.000000 3.000000 5.000000 42284.527714 0.072451 0.207764 0.000000 0.000000 0.000000
2.000000 17.000000 3.000000 5.000000 68705.972619 0.126963 0.426630 0.000000 0.000000 0.000000
2.000000 18.000000 3.000000 5.000000 10483.024382 0.016515 0.041166 0.000000 0.000000 -0.000000
2.000000 19.000000 3.000000 5.000000 4091.280628 0.006343 0.015443 0.000000 0.000000 -0.000000
2.000000 20.000000 3.000000 5.000000 3178.418869 0.004916 0.011931 0.000000 0.000000 -0.000000
2.000000 21.000000 3.000000 5.000000 2763.444084 0.004270 0.010348 0.000000 0.000000 0.000000
2.000000 22.000000 3.000000 5.000000 2476.950698 0.003825 0.009259 0.000000 0.000000 0.000000
2.000000 23.000000 3.000000 5.000000 2251.664109 0.003475 0.008405 0.000000 0.000000 0.000000
2.000000 24.000000 3.000000 5.000000 2081.137887 0.003210 0.007761 0.000000 0.000000 -0.000000
2.000000 1.000000 4.000000 5.000000 1950.941852 0.003009 0.007270 0.000000 0.000000 -0.000000
2.000000 2.000000 4.000000 5.000000 1850.703446 0.002853 0.006892 0.000000 0.000000 -0.000000
2.000000 3.000000 4.000000 5.000000 1773.493566 0.002734 0.006601 0.000000 0.000000 -0.000000
2.000000 4.000000 4.000000 5.000000 1706.132033 0.002629 0.006348 0.000000 0.000000 -0.000000
2.000000 5.000000 4.000000 5.000000 1647.506013 0.002539 0.006128 0.000000 0.000000 -0.000000
2.000000 6.000000 4.000000 5.000000 1592.941072 0.002454 0.005923 0.000000 0.000000 -0.000000
2.000000 7.000000 4.000000 5.000000 1546.441244 0.002382 0.005748 0.000000 0.000000 -0.000000
2.000000 8.000000 4.000000 5.000000 2657.283889 0.004105 0.009944 0.000000 0.000000 0.000000
2.000000 9.000000 4.000000 5.000000 3384.883181 0.005238 0.012722 0.000000 0.000000 0.000000
2.000000 10.000000 4.000000 5.000000 4228.700348 0.006558 0.015975 0.000000 0.000000 0.000000
2.000000 11.000000 4.000000 5.000000 5620.315303 0.008747 0.021413 0.000000 0.000000 0.000000
2.000000 12.000000 4.000000 5.000000 7069.975525 0.011043 0.027178 0.000000 0.000000 0.000000
2.000000 13.000000 4.000000 5.000000 8108.825544 0.012698 0.031373 0.000000 0.000000 0.000000
2.000000 14.000000 4.000000 5.000000 8839.431613 0.013868 0.034356 0.000000 0.000000 0.000000
2.000000 15.000000 4.000000 5.000000 18796.934378 0.030250 0.077904 0.000000 0.000000 0.000000
2.000000 16.000000 4.000000 5.000000 42244.751604 0.072375 0.207504 0.000000 0.000000 0.000000
2.000000 17.000000 4.000000 5.000000 68954.678256 0.127517 0.429240 0.000000 0.000000 0.000000
2.000000 18.000000 4.000000 5.000000 10547.811149 0.016620 0.041438 0.000000 0.000000 -0.000000
2.000000 19.000000 4.000000 5.000000 4111.921157 0.006375 0.015523 0.000000 0.000000 -0.000000
2.000000 20.000000 4.000000 5.000000 3188.725570 0.004932 0.011971 0.000000 0.000000 -0.000000
2.000000 21.000000 4.000000 5.000000 2775.791182 0.004289 0.010395 0.000000 0.000000 0.000000
2.000000 22.000000 4.000000 5.000000 2481.441637 0.003832 0.009276 0.000000 0.000000 0.000000
2.000000 23.000000 4.000000 5.000000 2265.634328 0.003497 0.008458 0.000000 0.000000 0.000000
2.000000 24.000000 4.000000 5.000000 2111.358170 0.003257 0.007875 0.000000 0.000000 -0.000000
2.000000 1.000000 5.000000 5.000000 1994.401566 0.003076 0.007434 0.000000 0.000000 -0.000000
2.000000 2.000000 5.000000 5.000000 1899.123726 0.002928 0.007074 0.000000 0.000000 -0.000000
2.000000 3.000000 5.000000 5.000000 1810.929242 0.002792 0.006742 0.000000 0.000000 -0.000000
2.000000 4.000000 5.000000 5.000000 1733.556917 0.002672 0.006451 0.000000 0.000000 -0.000000
2.000000 5.000000 5.000000 5.000000 1672.559476 0.002577 0.006222 0.000000 0.000000 -0.000000
2.000000 6.000000 5.000000 5.000000 1602.260950 0.002469 0.005958 0.000000 0.000000 -0.000000
2.000000 7.000000 5.000000 5.000000 1537.776609 0.002369 0.005716 0.000000 0.000000 -0.000000
2.000000 8.000000 5.000000 5.000000 2778.718249 0.004294 0.010406 0.007952 0.000000 0.000000
2.000000 9.000000 5.000000 5.000000 2482.135795 0.003833 0.009279 0.008271 0.000000 0.000000
2.000000 10.000000 5.000000 5.000000 2492.711941 0.003849 0.009319 0.008498 0.000000 0.000000
2.000000 11.000000 5.000000 5.000000 3048.401044 0.004714 0.011434 0.008967 0.000000 0.000000
2.000000 12.000000 5.000000 5.000000 2642.903079 0.004083 0.009889 0.008506 0.000000 0.000000
2.000000 13.000000 5.000000 5.000000 2425.276575 0.003744 0.009063 0.007936 0.000000 0.000000
2.000000 14.000000 5.000000 5.000000 2303.211732 0.003555 0.008600 0.008600 0.000000 -652.969643
2.000000 15.000000 5.000000 5.000000 1646.824347 0.002538 0.006125 0.006125 0.000000 -3746.019035
2.000000 16.000000 5.000000 5.000000 2515.785779 0.003885 0.009406 0.007675 0.000000 0.000000
2.000000 17.000000 5.000000 5.000000 3186.454105 0.004929 0.011962 0.007291 0.000000 0.000000
2.000000 18.000000 5.000000 5.000000 2619.013130 0.004045 0.009798 0.006803 0.000000 0.000000
2.000000 19.000000 5.000000 5.000000 2906.584874 0.004493 0.010893 0.000000 0.000000 0.000000
2.000000 20.000000 5.000000 5.000000 2628.044186 0.004059 0.009833 0.000000 0.000000 0.000000
2.000000 21.000000 5.000000 5.000000 2362.858333 0.003647 0.008826 0.000000 0.000000 0.000000
2.000000 22.000000 5.000000 5.000000 2161.935910 0.003336 0.008066 0.000000 0.000000 0.000000
2.000000 23.000000 5.000000 5.000000 1993.717137 0.003075 0.007431 0.000000 0.000000 0.000000
2.000000 24.000000 5.000000 5.000000 1867.984289 0.002880 0.006957 0.000000 0.000000 -0.000000
2.000000 1.000000 6.000000 5.000000 1780.860016 0.002745 0.006629 0.000000 0.000000 -0.000000
2.000000 2.000000 6.000000 5.000000 1705.814325 0.002629 0.006347 0.000000 0.000000 -0.000000
2.000000 3.000000 6.000000 5.000000 1641.258014 0.002529 0.006104 0.000000 0.000000 -0.000000
2.000000 4.000000 6.000000 5.000000 1588.169994 0.002447 0.005905 0.000000 0.000000 -0.000000
2.000000 5.000000 6.000000 5.000000 1530.227109 0.002357 0.005688 0.000000 0.000000 -0.000000
2.000000 6.000000 6.000000 5.000000 1468.668083 0.002262 0.005457 0.000000 0.000000 -0.000000
2.000000 7.000000 6.000000 5.000000 1410.229094 0.002172 0.005238 0.000000 0.000000 -0.000000
2.000000 8.000000 6.000000 5.000000 2962.043630 0.004579 0.011105 0.006981 0.000000 0.000000
2.000000 9.000000 6.000000 5.000000 2622.519877 0.004051 0.009812 0.007357 0.000000 0.000000
2.000000 10.000000 6.000000 5.000000 2391.606867 0.003692 0.008935 0.007905 0.000000 0.000000
2.000000 11.000000 6.000000 5.000000 2932.963774 0.004534 0.010994 0.008772 0.000000 0.000000
2.000000 12.000000 6.000000 5.000000 2744.968688 0.004241 0.010277 0.008357 0.000000 0.000000
2.000000 13.000000 6.000000 5.000000 2510.528094 0.003877 0.009386 0.007521 0.000000 0.000000
2.000000 14.000000 6.000000 5.000000 2377.091625 0.003670 0.008880 0.008092 0.000000 0.000000
2.000000 15.000000 6.000000 5.000000 1599.725214 0.002465 0.005948 0.005948 0.000000 -3448.613566
2.000000 16.000000 6.000000 5.000000 2434.789386 0.003759 0.009099 0.007322 0.000000 0.000000
2.000000 17.000000 6.000000 5.000000 3076.639652 0.004758 0.011542 0.006968 0.000000 0.000000
2.000000 18.000000 6.000000 5.000000 2691.102742 0.004158 0.010072 0.006485 0.000000 0.000000
2.000000 19.000000 6.000000 5.000000 2834.789869 0.004381 0.010619 0.000000 0.000000 0.000000
2.000000 20.000000 6.000000 5.000000 2526.040428 0.003901 0.009445 0.000000 0.000000 0.000000
2.000000 21.000000 6.000000 5.000000 2267.940874 0.003500 0.008467 0.000000 0.000000 0.000000
2.000000 22.000000 6.000000 5.000000 2069.279668 0.003192 0.007716 0.000000 0.000000 0.000000
2.000000 23.000000 6.000000 5.000000 1906.113957 0.002939 0.007101 0.000000 0.000000 0.000000
2.000000 24.000000 6.000000 5.000000 1797.600639 0.002771 0.006692 0.000000 0.000000 -0.000000
2.000000 1.000000 7.000000 5.000000 1708.351384 0.002633 0.006356 0.000000 0.000000 -0.000000
2.000000 2.000000 7.000000 5.000000 1637.797500 0.002524 0.006091 0.000000 0.000000 -0.000000
2.000000 3.000000 7.000000 5.000000 1580.510683 0.002435 0.005876 0.000000 0.000000 -0.000000
2.000000 4.000000 7.000000 5.000000 1534.568982 0.002364 0.005704 0.000000 0.000000 -0.000000
2.000000 5.000000 7.000000 5.000000 1488.419817 0.002293 0.005531 0.000000 0.000000 -0.000000
2.000000 6.000000 7.000000 5.000000 1437.047241 0.002213 0.005338 0.000000 0.000000 -0.000000
2.000000 7.000000 7.000000 5.000000 1395.831217 0.002150 0.005184 0.000000 0.000000 -0.000000
2.000000 8.000000 7.000000 5.000000 2946.387493 0.004555 0.011045 0.006955 0.000000 0.000000
2.000000 9.000000 7.000000 5.000000 2582.280709 0.003988 0.009659 0.007544 0.000000 0.000000
2.000000 10.000000 7.000000 5.000000 2467.368248 0.003810 0.009223 0.007719 0.000000 0.000000
2.000000 11.000000 7.000000 5.000000 3088.855894 0.004777 0.011589 0.008672 0.000000 0.000000
2.000000 12.000000 7.000000 5.000000 2663.971327 0.004115 0.009969 0.008757 0.000000 0.000000
2.000000 13.000000 7.000000 5.000000 2430.253937 0.003752 0.009082 0.008441 0.000000 0.000000
2.000000 14.000000 7.000000 5.000000 2302.406247 0.003554 0.008597 0.008223 0.000000 0.000000
2.000000 15.000000 7.000000 5.000000 1678.208606 0.002586 0.006243 0.006243 0.000000 -3402.016906
2.000000 16.000000 7.000000 5.000000 2546.920068 0.003933 0.009524 0.007485 0.000000 0.000000
2.000000 17.000000 7.000000 5.000000 3219.505273 0.004980 0.012089 0.007266 0.000000 0.000000
2.000000 18.000000 7.000000 5.000000 2605.149727 0.004024 0.009746 0.006826 0.000000 0.000000
2.000000 19.000000 7.000000 5.000000 2927.147995 0.004525 0.010971 0.000000 0.000000 0.000000
2.000000 20.000000 7.000000 5.000000 2666.181312 0.004119 0.009978 0.000000 0.000000 0.000000
2.000000 21.000000 7.000000 5.000000 2423.039876 0.003741 0.009054 0.000000 0.000000 0.000000
2.000000 22.000000 7.000000 5.000000 2232.449318 0.003445 0.008333 0.000000 0.000000 0.000000
2.000000 23.000000 7.000000 5.000000 2068.541091 0.003191 0.007713 0.000000 0.000000 0.000000
2.000000 24.000000 7.000000 5.000000 1939.354540 0.002991 0.007226 0.000000 0.000000 -0.000000
2.000000 1.000000 1.000000 6.000000 1855.033643 0.002860 0.006908 0.000000 0.000000 -0.000000
2.000000 2.000000 1.000000 6.000000 1786.469993 0.002754 0.006650 0.000000 0.000000 -0.000000
2.000000 3.000000 1.000000 6.000000 1714.465474 0.002642 0.006379 0.000000 0.000000 -0.000000
2.000000 4.000000 1.000000 6.000000 1648.015560 0.002539 0.006130 0.000000 0.000000 -0.000000
2.000000 5.000000 1.000000 6.000000 1580.294910 0.002435 0.005876 0.000000 0.000000 -0.000000
2.000000 6.000000 1.000000 6.000000 1516.293299 0.002336 0.005635 0.000000 0.000000 -0.000000
2.000000 7.000000 1.000000 6.000000 1455.869589 0.002242 0.005409 0.000000 0.000000 -0.000000
2.000000 8.000000 1.000000 6.000000 2762.721208 0.004269 0.010345 0.007022 0.000000 0.000000
2.000000 9.000000 1.000000 6.000000 2511.274591 0.003878 0.009389 0.007571 0.000000 0.000000
2.000000 10.000000 1.000000 6.000000 2464.542416 0.003805 0.009212 0.008267 0.000000 0.000000
2.000000 11.000000 1.000000 6.000000 3008.965334 0.004652 0.011284 0.009352 0.000000 0.000000
2.000000 12.000000 1.000000 6.000000 2678.703337 0.004138 0.010025 0.009887 0.000000 0.000000
2.000000 13.000000 1.000000 6.000000 2457.800366 0.003795 0.009186 0.008888 0.000000 0.000000
2.000000 14.000000 1.000000 6.000000 2334.279070 0.003603 0.008718 0.007997 0.000000 0.000000
2.000000 15.000000 1.000000 6.000000 1528.851575 0.002355 0.005683 0.005683 0.000000 -4471.131546
2.000000 16.000000 1.000000 6.000000 2272.452991 0.003507 0.008484 0.007442 0.000000 0.000000
2.000000 17.000000 1.000000 6.000000 2830.690872 0.004375 0.010604 0.007224 0.000000 0.000000
2.000000 18.000000 1.000000 6.000000 2611.839975 0.004034 0.009771 0.006717 0.000000 0.000000
2.000000 19.000000 1.000000 6.000000 2828.177021 0.004371 0.010594 0.000000 0.000000 0.000000
2.000000 20.000000 1.000000 6.000000 2573.027968 0.003974 0.009624 0.000000 0.000000 0.000000
2.000000 21.000000 1.000000 6.000000 2331.505806 0.003599 0.008708 0.000000 0.000000 0.000000
2.000000 22.000000 1.000000 6.000000 2140.023223 0.003302 0.007983 0.000000 0.000000 0.000000
2.000000 23.000000 1.000000 6.000000 1986.085383 0.003063 0.007402 0.000000 0.000000 0.000000
2.000000 24.000000 1.000000 6.000000 1860.007325 0.002868 0.006927 0.000000 0.000000 -0.000000
2.000000 1.000000 2.000000 6.000000 1755.808384 0.002706 0.006535 0.000000 0.000000 -0.000000
2.000000 2.000000 2.000000 6.000000 1666.731739 0.002568 0.006200 0.000000 0.000000 -0.000000
2.000000 3.000000 2.000000 6.000000 1581.047274 0.002436 0.005878 0.000000 0.000000 -0.000000
2.000000 4.000000 2.000000 6.000000 1507.080178 0.002321 0.005601 0.000000 0.000000 -0.000000
2.000000 5.000000 2.000000 6.000000 1458.537104 0.002246 0.005419 0.000000 0.000000 -0.000000
2.000000 6.000000 2.000000 6.000000 1409.757557 0.002171 0.005236 0.000000 0.000000 -0.000000
2.000000 7.000000 2.000000 6.000000 1353.867232 0.002085 0.005027 0.000000 0.000000 -0.000000
2.000000 8.000000 2.000000 6.000000 2911.619331 0.004501 0.010912 0.006293 0.000000 0.000000
2.000000 9.000000 2.000000 6.000000 2590.403076 0.004001 0.009690 0.007171 0.000000 0.000000
2.000000 10.000000 2.000000 6.000000 2487.438915 0.003841 0.009299 0.007194 0.000000 0.000000
2.000000 11.000000 2.000000 6.000000 3035.090418 0.004693 0.011383 0.008178 0.000000 0.000000
2.000000 12.000000 2.000000 6.000000 2583.834913 0.003991 0.009665 0.009665 0.000000 -2641.026015
2.000000 13.000000 2.000000 6.000000 2339.805967 0.003612 0.008739 0.008739 0.000000 -3879.194921
2.000000 14.000000 2.000000 6.000000 2210.098221 0.003410 0.008248 0.008248 0.000000 -1806.165488
2.000000 15.000000 2.000000 6.000000 1730.649916 0.002667 0.006440 0.006440 0.000000 -5643.363636
2.000000 16.000000 2.000000 6.000000 2529.814960 0.003907 0.009460 0.008128 0.000000 0.000000
2.000000 17.000000 2.000000 6.000000 3120.481277 0.004826 0.011710 0.007637 0.000000 0.000000
2.000000 18.000000 2.000000 6.000000 2479.024144 0.003828 0.009267 0.007052 0.000000 0.000000
2.000000 19.000000 2.000000 6.000000 3042.120620 0.004704 0.011410 0.000000 0.000000 0.000000
2.000000 20.000000 2.000000 6.000000 2802.486676 0.004331 0.010496 0.000000 0.000000 0.000000
2.000000 21.000000 2.000000 6.000000 2525.281195 0.003900 0.009442 0.000000 0.000000 0.000000
2.000000 22.000000 2.000000 6.000000 2310.092629 0.003566 0.008627 0.000000 0.000000 0.000000
2.000000 23.000000 2.000000 6.000000 2140.723114 0.003303 0.007986 0.000000 0.000000 0.000000
2.000000 24.000000 2.000000 6.000000 2004.970752 0.003092 0.007473 0.000000 0.000000 -0.000000
2.000000 1.000000 3.000000 6.000000 1889.807032 0.002914 0.007039 0.000000 0.000000 -0.000000
2.000000 2.000000 3.000000 6.000000 1797.722692 0.002771 0.006693 0.000000 0.000000 -0.000000
2.000000 3.000000 3.000000 6.000000 1717.911730 0.002648 0.006392 0.000000 0.000000 -0.000000
2.000000 4.000000 3.000000 6.000000 1645.710314 0.002536 0.006121 0.000000 0.000000 -0.000000
2.000000 5.000000 3.000000 6.000000 1581.362206 0.002436 0.005880 0.000000 0.000000 -0.000000
2.000000 6.000000 3.000000 6.000000 1527.322275 0.002353 0.005677 0.000000 0.000000 -0.000000
2.000000 7.000000 3.000000 6.000000 1466.635843 0.002259 0.005449 0.000000 0.000000 -0.000000
2.000000 8.000000 3.000000 6.000000 2549.720244 0.003938 0.009535 0.000000 0.000000 0.000000
2.000000 9.000000 3.000000 6.000000 3155.437613 0.004881 0.011843 0.000000 0.000000 0.000000
2.000000 10.000000 3.000000 6.000000 3938.841305 0.006104 0.014854 0.000000 0.000000 0.000000
2.000000 11.000000 3.000000 6.000000 5354.225766 0.008327 0.020366 0.000000 0.000000 0.000000
2.000000 12.000000 3.000000 6.000000 6830.490828 0.010662 0.026219 0.000000 0.000000 0.000000
2.000000 13.000000 3.000000 6.000000 7986.765540 0.012503 0.030877 0.000000 0.000000 0.000000
2.000000 14.000000 3.000000 6.000000 8684.540469 0.013620 0.033721 0.000000 0.000000 0.000000
2.000000 15.000000 3.000000 6.000000 17518.684219 0.028100 0.071993 0.000000 0.000000 0.000000
2.000000 16.000000 3.000000 6.000000 37286.944081 0.063021 0.176251 0.000000 0.000000 0.000000
2.000000 17.000000 3.000000 6.000000 58597.775870 0.105127 0.330511 0.000000 0.000000 0.000000
2.000000 18.000000 3.000000 6.000000 10105.098930 0.015904 0.039588 0.000000 0.000000 -0.000000
2.000000 19.000000 3.000000 6.000000 4144.236296 0.006426 0.015648 0.000000 0.000000 -0.000000
2.000000 20.000000 3.000000 6.000000 3238.898751 0.005011 0.012163 0.000000 0.000000 -0.000000
2.000000 21.000000 3.000000 6.000000 2790.811959 0.004313 0.010452 0.000000 0.000000 0.000000
2.000000 22.000000 3.000000 6.000000 2500.474606 0.003861 0.009348 0.000000 0.000000 0.000000
2.000000 23.000000 3.000000 6.000000 2284.291387 0.003525 0.008529 0.000000 0.000000 0.000000
2.000000 24.000000 3.000000 6.000000 2104.200468 0.003246 0.007848 0.000000 0.000000 -0.000000
2.000000 1.000000 4.000000 6.000000 1945.022679 0.002999 0.007247 0.000000 0.000000 -0.000000
2.000000 2.000000 4.000000 6.000000 1815.835213 0.002799 0.006761 0.000000 0.000000 -0.000000
2.000000 3.000000 4.000000 6.000000 1700.936459 0.002621 0.006329 0.000000 0.000000 -0.000000
2.000000 4.000000 4.000000 6.000000 1600.451389 0.002466 0.005951 0.000000 0.000000 -0.000000
2.000000 5.000000 4.000000 6.000000 1522.766683 0.002346 0.005660 0.000000 0.000000 -0.000000
2.000000 6.000000 4.000000 6.000000 1457.588074 0.002245 0.005415 0.000000 0.000000 -0.000000
2.000000 7.000000 4.000000 6.000000 1408.462059 0.002169 0.005231 0.000000 0.000000 -0.000000
2.000000 8.000000 4.000000 6.000000 2441.566219 0.003770 0.009125 0.000000 0.000000 0.000000
2.000000 9.000000 4.000000 6.000000 2997.726841 0.004635 0.011241 0.000000 0.000000 0.000000
2.000000 10.000000 4.000000 6.000000 3735.937898 0.005787 0.014071 0.000000 0.000000 0.000000
2.000000 11.000000 4.000000 6.000000 5141.605904 0.007992 0.019532 0.000000 0.000000 0.000000
2.000000 12.000000 4.000000 6.000000 6734.432253 0.010510 0.025834 0.000000 0.000000 0.000000
2.000000 13.000000 4.000000 6.000000 7907.068288 0.012376 0.030554 0.000000 0.000000 0.000000
2.000000 14.000000 4.000000 6.000000 8729.886576 0.013692 0.033907 0.000000 0.000000 0.000000
2.000000 15.000000 4.000000 6.000000 17755.099867 0.028496 0.073079 0.000000 0.000000 0.000000
2.000000 16.000000 4.000000 6.000000 38732.615694 0.065722 0.185118 0.000000 0.000000 0.000000
2.000000 17.000000 4.000000 6.000000 60602.872721 0.109357 0.348150 0.000000 0.000000 0.000000
2.000000 18.000000 4.000000 6.000000 10385.086329 0.016357 0.040757 0.000000 0.000000 -0.000000
2.000000 19.000000 4.000000 6.000000 4117.855033 0.006384 0.015546 0.000000 0.000000 -0.000000
2.000000 20.000000 4.000000 6.000000 3249.052584 0.005027 0.012202 0.000000 0.000000 -0.000000
2.000000 21.000000 4.000000 6.000000 2822.565719 0.004362 0.010573 0.000000 0.000000 0.000000
2.000000 22.000000 4.000000 6.000000 2491.767253 0.003848 0.009315 0.000000 0.000000 0.000000
2.000000 23.000000 4.000000 6.000000 2245.335443 0.003465 0.008381 0.000000 0.000000 -0.000000
2.000000 24.000000 4.000000 6.000000 2060.691074 0.003179 0.007684 0.000000 0.000000 -0.000000
2.000000 1.000000 5.000000 6.000000 1899.651760 0.002929 0.007076 0.000000 0.000000 -0.000000
2.000000 2.000000 5.000000 6.000000 1765.026007 0.002721 0.006570 0.000000 0.000000 -0.000000
2.000000 3.000000 5.000000 6.000000 1647.791127 0.002539 0.006129 0.000000 0.000000 -0.000000
2.000000 4.000000 5.000000 6.000000 1548.545412 0.002386 0.005756 0.000000 0.000000 -0.000000
2.000000 5.000000 5.000000 6.000000 1469.325036 0.002263 0.005459 0.000000 0.000000 0.000000
2.000000 6.000000 5.000000 6.000000 1394.278338 0.002147 0.005178 0.000000 0.000000 -0.000000
2.000000 7.000000 5.000000 6.000000 1374.516227 0.002117 0.005104 0.000000 0.000000 0.000000
2.000000 8.000000 5.000000 6.000000 2809.743973 0.004342 0.010524 0.005212 0.000000 0.000000
2.000000 9.000000 5.000000 6.000000 2500.817151 0.003862 0.009349 0.005667 0.000000 0.000000
2.000000 10.000000 5.000000 6.000000 2655.309361 0.004102 0.009936 0.007485 0.000000 0.000000
2.000000 11.000000 5.000000 6.000000 2856.454082 0.004415 0.010702 0.008869 0.000000 0.000000
2.000000 12.000000 5.000000 6.000000 2428.163405 0.003749 0.009074 0.009074 0.000000 -7746.613099
2.000000 13.000000 5.000000 6.000000 2187.683534 0.003376 0.008163 0.008163 0.000000 -3758.201143
2.000000 14.000000 5.000000 6.000000 2062.376068 0.003181 0.007690 0.007690 0.000000 -876.878820
2.000000 15.000000 5.000000 6.000000 1930.667561 0.002977 0.007193 0.007193 0.000000 -487.459848
2.000000 16.000000 5.000000 6.000000 2816.767882 0.004353 0.010551 0.007704 0.000000 0.000000
2.000000 17.000000 5.000000 6.000000 3397.204846 0.005258 0.012769 0.007591 0.000000 0.000000
2.000000 18.000000 5.000000 6.000000 2397.378636 0.003701 0.008957 0.006671 0.000000 0.000000
2.000000 19.000000 5.000000 6.000000 3090.369558 0.004779 0.011595 0.000000 0.000000 0.000000
2.000000 20.000000 5.000000 6.000000 2884.565578 0.004459 0.010809 0.000000 0.000000 0.000000
2.000000 21.000000 5.000000 6.000000 2592.540966 0.004004 0.009698 0.000000 0.000000 0.000000
2.000000 22.000000 5.000000 6.000000 2351.125466 0.003629 0.008782 0.000000 0.000000 0.000000
2.000000 23.000000 5.000000 6.000000 2156.865635 0.003328 0.008047 0.000000 0.000000 0.000000
2.000000 24.000000 5.000000 6.000000 1998.423732 0.003082 0.007449 0.000000 0.000000 -0.000000
2.000000 1.000000 6.000000 6.000000 1864.392331 0.002874 0.006944 0.000000 0.000000 -0.000000
2.000000 2.000000 6.000000 6.000000 1758.068233 0.002710 0.006543 0.000000 0.000000 -0.000000
2.000000 3.000000 6.000000 6.000000 1665.376936 0.002566 0.006195 0.000000 0.000000 -0.000000
2.000000 4.000000 6.000000 6.000000 1585.896641 0.002443 0.005897 0.000000 0.000000 -0.000000
2.000000 5.000000 6.000000 6.000000 1515.089208 0.002334 0.005631 0.000000 0.000000 -0.000000
2.000000 6.000000 6.000000 6.000000 1450.468670 0.002234 0.005389 0.000000 0.000000 -0.000000
2.000000 7.000000 6.000000 6.000000 1388.055173 0.002138 0.005155 0.000000 0.000000 -0.000000
2.000000 8.000000 6.000000 6.000000 2863.070331 0.004425 0.010727 0.005428 0.000000 0.000000
2.000000 9.000000 6.000000 6.000000 2610.444998 0.004032 0.009766 0.005827 0.000000 0.000000
2.000000 10.000000 6.000000 6.000000 2350.282437 0.003628 0.008779 0.006851 0.000000 0.000000
2.000000 11.000000 6.000000 6.000000 2929.512193 0.004529 0.010980 0.007476 0.000000 0.000000
2.000000 12.000000 6.000000 6.000000 2716.726388 0.004197 0.010170 0.007963 0.000000 0.000000
2.000000 13.000000 6.000000 6.000000 2474.887808 0.003821 0.009251 0.008372 0.000000 0.000000
2.000000 14.000000 6.000000 6.000000 2361.078147 0.003645 0.008820 0.007901 0.000000 0.000000
2.000000 15.000000 6.000000 6.000000 1495.738297 0.002304 0.005558 0.005558 0.000000 -3548.217641
2.000000 16.000000 6.000000 6.000000 2181.228783 0.003366 0.008139 0.006910 0.000000 0.000000
2.000000 17.000000 6.000000 6.000000 2688.766555 0.004154 0.010063 0.006591 0.000000 0.000000
2.000000 18.000000 6.000000 6.000000 2717.537763 0.004199 0.010173 0.006182 0.000000 0.000000
2.000000 19.000000 6.000000 6.000000 2723.765235 0.004208 0.010197 0.000000 0.000000 0.000000
2.000000 20.000000 6.000000 6.000000 2468.821950 0.003812 0.009228 0.000000 0.000000 0.000000
2.000000 21.000000 6.000000 6.000000 2232.623337 0.003445 0.008333 0.000000 0.000000 0.000000
2.000000 22.000000 6.000000 6.000000 2036.145841 0.003141 0.007591 0.000000 0.000000 0.000000
2.000000 23.000000 6.000000 6.000000 1891.450896 0.002916 0.007045 0.000000 0.000000 0.000000
2.000000 24.000000 6.000000 6.000000 1780.680448 0.002745 0.006628 0.000000 0.000000 -0.000000
2.000000 1.000000 7.000000 6.000000 1683.357589 0.002594 0.006263 0.000000 0.000000 -0.000000
2.000000 2.000000 7.000000 6.000000 1599.135520 0.002464 0.005946 0.000000 0.000000 -0.000000
2.000000 3.000000 7.000000 6.000000 1524.503853 0.002348 0.005666 0.000000 0.000000 -0.000000
2.000000 4.000000 7.000000 6.000000 1470.478041 0.002265 0.005464 0.000000 0.000000 -0.000000
2.000000 5.000000 7.000000 6.000000 1428.156578 0.002199 0.005305 0.000000 0.000000 -0.000000
2.000000 6.000000 7.000000 6.000000 1379.267363 0.002124 0.005122 0.000000 0.000000 -0.000000
2.000000 7.000000 7.000000 6.000000 1347.733220 0.002075 0.005004 0.000000 0.000000 -0.000000
2.000000 8.000000 7.000000 6.000000 2858.763144 0.004418 0.010711 0.007203 0.000000 0.000000
2.000000 9.000000 7.000000 6.000000 2576.007995 0.003979 0.009635 0.007605 0.000000 0.000000
2.000000 10.000000 7.000000 6.000000 2394.263692 0.003696 0.008945 0.007661 0.000000 0.000000
2.000000 11.000000 7.000000 6.000000 3074.561063 0.004754 0.011534 0.008283 0.000000 0.000000
2.000000 12.000000 7.000000 6.000000 2639.391836 0.004077 0.009876 0.007517 0.000000 0.000000
2.000000 13.000000 7.000000 6.000000 2391.602263 0.003692 0.008935 0.008927 0.000000 0.000000
2.000000 14.000000 7.000000 6.000000 2289.117479 0.003533 0.008547 0.008547 0.000000 -911.995659
2.000000 15.000000 7.000000 6.000000 1560.543549 0.002404 0.005801 0.005801 0.000000 -4954.553020
2.000000 16.000000 7.000000 6.000000 2201.670121 0.003397 0.008216 0.007069 0.000000 0.000000
2.000000 17.000000 7.000000 6.000000 2728.428358 0.004216 0.010214 0.006718 0.000000 0.000000
2.000000 18.000000 7.000000 6.000000 2692.228015 0.004159 0.010077 0.006154 0.000000 0.000000
2.000000 19.000000 7.000000 6.000000 2768.260779 0.004278 0.010366 0.000000 0.000000 0.000000
2.000000 20.000000 7.000000 6.000000 2519.824432 0.003891 0.009422 0.000000 0.000000 0.000000
2.000000 21.000000 7.000000 6.000000 2284.526009 0.003526 0.008530 0.000000 0.000000 0.000000
2.000000 22.000000 7.000000 6.000000 2089.379146 0.003223 0.007792 0.000000 0.000000 0.000000
2.000000 23.000000 7.000000 6.000000 1938.233589 0.002989 0.007222 0.000000 0.000000 0.000000
2.000000 24.000000 7.000000 6.000000 1816.537388 0.002800 0.006763 0.000000 0.000000 -0.000000
2.000000 1.000000 1.000000 6.000000 1714.383149 0.002642 0.006379 0.000000 0.000000 -0.000000
2.000000 2.000000 1.000000 6.000000 1634.008286 0.002518 0.006077 0.000000 0.000000 -0.000000
2.000000 3.000000 1.000000 6.000000 1574.717149 0.002426 0.005855 0.000000 0.000000 -0.000000
2.000000 4.000000 1.000000 6.000000 1522.788483 0.002346 0.005660 0.000000 0.000000 -0.000000
2.000000 5.000000 1.000000 6.000000 1468.445726 0.002262 0.005456 0.000000 0.000000 -0.000000
2.000000 6.000000 1.000000 6.000000 1408.001069 0.002168 0.005230 0.000000 0.000000 -0.000000
2.000000 7.000000 1.000000 6.000000 1366.830319 0.002105 0.005075 0.000000 0.000000 -0.000000
2.000000 8.000000 1.000000 6.000000 2878.980779 0.004450 0.010788 0.006403 0.000000 0.000000
2.000000 9.000000 1.000000 6.000000 2605.311358 0.004024 0.009746 0.006852 0.000000 0.000000
2.000000 10.000000 1.000000 6.000000 2346.424136 0.003622 0.008764 0.007911 0.000000 0.000000
2.000000 11.000000 1.000000 6.000000 2949.763357 0.004560 0.011058 0.009190 0.000000 0.000000
2.000000 12.000000 1.000000 6.000000 2738.793147 0.004232 0.010254 0.007810 0.000000 0.000000
2.000000 13.000000 1.000000 6.000000 2499.267325 0.003859 0.009344 0.008495 0.000000 0.000000
2.000000 14.000000 1.000000 6.000000 2413.357088 0.003726 0.009018 0.007894 0.000000 0.000000
2.000000 15.000000 1.000000 6.000000 1536.250183 0.002367 0.005710 0.005710 0.000000 -5005.309714
2.000000 16.000000 1.000000 6.000000 2009.448667 0.003099 0.007490 0.006886 0.000000 0.000000
2.000000 17.000000 1.000000 6.000000 2516.426459 0.003886 0.009409 0.006479 0.000000 0.000000
2.000000 18.000000 1.000000 6.000000 2797.947568 0.004324 0.010479 0.006287 0.000000 0.000000
2.000000 19.000000 1.000000 6.000000 2731.015783 0.004220 0.010224 0.000000 0.000000 0.000000
2.000000 20.000000 1.000000 6.000000 2480.522810 0.003830 0.009272 0.000000 0.000000 0.000000
2.000000 21.000000 1.000000 6.000000 2253.569588 0.003478 0.008413 0.000000 0.000000 0.000000
2.000000 22.000000 1.000000 6.000000 2058.876622 0.003176 0.007677 0.000000 0.000000 0.000000
2.000000 23.000000 1.000000 6.000000 1915.286198 0.002953 0.007135 0.000000 0.000000 0.000000
2.000000 24.000000 1.000000 6.000000 1811.139359 0.002792 0.006743 0.000000 0.000000 -0.000000
2.000000 1.000000 2.000000 6.000000 1748.077359 0.002694 0.006506 0.000000 0.000000 -0.000000
2.000000 2.000000 2.000000 6.000000 1696.065138 0.002614 0.006310 0.000000 0.000000 -0.000000
2.000000 3.000000 2.000000 6.000000 1647.801936 0.002539 0.006129 0.000000 0.000000 -0.000000
2.000000 4.000000 2.000000 6.000000 1601.859927 0.002468 0.005956 0.000000 0.000000 -0.000000
2.000000 5.000000 2.000000 6.000000 1546.030318 0.002382 0.005747 0.000000 0.000000 -0.000000
2.000000 6.000000 2.000000 6.000000 1478.142447 0.002277 0.005492 0.000000 0.000000 -0.000000
2.000000 7.000000 2.000000 6.000000 1431.764361 0.002205 0.005319 0.000000 0.000000 -0.000000
2.000000 8.000000 2.000000 6.000000 2757.901916 0.004261 0.010327 0.008034 0.000000 0.000000
2.000000 9.000000 2.000000 6.000000 2507.761317 0.003873 0.009376 0.008438 0.000000 0.000000
2.000000 10.000000 2.000000 6.000000 2450.281479 0.003783 0.009158 0.008806 0.000000 0.000000
2.000000 11.000000 2.000000 6.000000 3045.006093 0.004708 0.011421 0.009535 0.000000 0.000000
2.000000 12.000000 2.000000 6.000000 2644.273510 0.004085 0.009894 0.008852 0.000000 0.000000
2.000000 13.000000 2.000000 6.000000 2413.204102 0.003726 0.009017 0.008984 0.000000 0.000000
2.000000 14.000000 2.000000 6.000000 2318.442683 0.003579 0.008658 0.008658 0.000000 -1107.426832
2.000000 15.000000 2.000000 6.000000 1524.507040 0.002348 0.005666 0.005666 0.000000 -6737.620329
2.000000 16.000000 2.000000 6.000000 2214.715584 0.003418 0.008266 0.007436 0.000000 0.000000
2.000000 17.000000 2.000000 6.000000 2732.162684 0.004221 0.010229 0.006847 0.000000 0.000000
2.000000 18.000000 2.000000 6.000000 2716.247418 0.004197 0.010168 0.006020 0.000000 0.000000
2.000000 19.000000 2.000000 6.000000 2735.785062 0.004227 0.010242 0.000000 0.000000 0.000000
2.000000 20.000000 2.000000 6.000000 2494.243932 0.003852 0.009325 0.000000 0.000000 0.000000
2.000000 21.000000 2.000000 6.000000 2266.932357 0.003499 0.008463 0.000000 0.000000 0.000000
2.000000 22.000000 2.000000 6.000000 2075.947996 0.003202 0.007741 0.000000 0.000000 0.000000
2.000000 23.000000 2.000000 6.000000 1941.996498 0.002995 0.007236 0.000000 0.000000 0.000000
2.000000 24.000000 2.000000 6.000000 1829.398687 0.002820 0.006812 0.000000 0.000000 -0.000000
2.000000 1.000000 3.000000 6.000000 1730.217956 0.002667 0.006439 0.000000 0.000000 -0.000000
2.000000 2.000000 3.000000 6.000000 1643.685263 0.002533 0.006114 0.000000 0.000000 -0.000000
2.000000 3.000000 3.000000 6.000000 1584.624149 0.002441 0.005892 0.000000 0.000000 -0.000000
2.000000 4.000000 3.000000 6.000000 1534.591767 0.002364 0.005704 0.000000 0.000000 -0.000000
2.000000 5.000000 3.000000 6.000000 1496.115498 0.002305 0.005560 0.000000 0.000000 -0.000000
2.000000 6.000000 3.000000 6.000000 1440.363421 0.002218 0.005351 0.000000 0.000000 -0.000000
2.000000 7.000000 3.000000 6.000000 1370.796675 0.002111 0.005090 0.000000 0.000000 -0.000000
2.000000 8.000000 3.000000 6.000000 2411.175368 0.003722 0.009009 0.000000 0.000000 0.000000
2.000000 9.000000 3.000000 6.000000 2932.296839 0.004533 0.010991 0.000000 0.000000 0.000000
2.000000 10.000000 3.000000 6.000000 3588.593098 0.005556 0.013504 0.000000 0.000000 0.000000
2.000000 11.000000 3.000000 6.000000 4895.509346 0.007605 0.018569 0.000000 0.000000 0.000000
2.000000 12.000000 3.000000 6.000000 6210.458706 0.009679 0.023748 0.000000 0.000000 0.000000
2.000000 13.000000 3.000000 6.000000 7246.302689 0.011323 0.027886 0.000000 0.000000 0.000000
2.000000 14.000000 3.000000 6.000000 7921.362110 0.012399 0.030612 0.000000 0.000000 0.000000
2.000000 15.000000 3.000000 6.000000 16159.446109 0.025829 0.065816 0.000000 0.000000 0.000000
2.000000 16.000000 3.000000 6.000000 35030.549901 0.058846 0.162793 0.000000 0.000000 0.000000
2.000000 17.000000 3.000000 6.000000 55441.072072 0.098566 0.304004 0.000000 0.000000 0.000000
2.000000 18.000000 3.000000 6.000000 9290.401290 0.014592 0.036210 0.000000 0.000000 -0.000000
2.000000 19.000000 3.000000 6.000000 3725.505690 0.005770 0.014031 0.000000 0.000000 -0.000000
2.000000 20.000000 3.000000 6.000000 2914.946605 0.004506 0.010925 0.000000 0.000000 -0.000000
2.000000 21.000000 3.000000 6.000000 2534.423168 0.003914 0.009477 0.000000 0.000000 -0.000000
2.000000 22.000000 3.000000 6.000000 2261.464257 0.003490 0.008442 0.000000 0.000000 -0.000000
2.000000 23.000000 3.000000 6.000000 2065.494395 0.003186 0.007702 0.000000 0.000000 -0.000000
2.000000 24.000000 3.000000 6.000000 1913.117981 0.002950 0.007127 0.000000 0.000000 -0.000000
2.000000 1.000000 4.000000 6.000000 1793.074270 0.002764 0.006675 0.000000 0.000000 -0.000000
2.000000 2.000000 4.000000 6.000000 1697.204456 0.002616 0.006315 0.000000 0.000000 -0.000000
2.000000 3.000000 4.000000 6.000000 1621.208393 0.002498 0.006029 0.000000 0.000000 -0.000000
2.000000 4.000000 4.000000 6.000000 1548.924261 0.002386 0.005758 0.000000 0.000000 -0.000000
2.000000 5.000000 4.000000 6.000000 1496.248915 0.002305 0.005560 0.000000 0.000000 -0.000000
2.000000 6.000000 4.000000 6.000000 1453.199013 0.002238 0.005399 0.000000 0.000000 -0.000000
2.000000 7.000000 4.000000 6.000000 1405.914418 0.002165 0.005222 0.000000 0.000000 -0.000000
2.000000 8.000000 4.000000 6.000000 2515.177427 0.003884 0.009404 0.000000 0.000000 0.000000
2.000000 9.000000 4.000000 6.000000 3126.952088 0.004836 0.011734 0.000000 0.000000 0.000000
2.000000 10.000000 4.000000 6.000000 3918.262027 0.006072 0.014775 0.000000 0.000000 0.000000
2.000000 11.000000 4.000000 6.000000 5362.508344 0.008340 0.020399 0.000000 0.000000 0.000000
2.000000 12.000000 4.000000 6.000000 6773.952433 0.010572 0.025992 0.000000 0.000000 0.000000
2.000000 13.000000 4.000000 6.000000 7840.393390 0.012270 0.030284 0.000000 0.000000 0.000000
2.000000 14.000000 4.000000 6.000000 8386.842046 0.013143 0.032505 0.000000 0.000000 0.000000
2.000000 15.000000 4.000000 6.000000 16709.073645 0.026745 0.068301 0.000000 0.000000 0.000000
2.000000 16.000000 4.000000 6.000000 34964.713694 0.058725 0.162408 0.000000 0.000000 0.000000
2.000000 17.000000 4.000000 6.000000 54380.899277 0.096390 0.295429 0.000000 0.000000 0.000000
2.000000 18.000000 4.000000 6.000000 9074.718069 0.014246 0.035322 0.000000 0.000000 -0.000000
2.000000 19.000000 4.000000 6.000000 3711.369938 0.005748 0.013977 0.000000 0.000000 -0.000000
2.000000 20.000000 4.000000 6.000000 2923.750077 0.004520 0.010958 0.000000 0.000000 -0.000000
2.000000 21.000000 4.000000 6.000000 2560.467963 0.003954 0.009576 0.000000 0.000000 -0.000000
2.000000 22.000000 4.000000 6.000000 2352.476157 0.003631 0.008787 0.000000 0.000000 0.000000
2.000000 23.000000 4.000000 6.000000 2261.504605 0.003490 0.008443 0.000000 0.000000 -0.000000
2.000000 24.000000 4.000000 6.000000 2194.475904 0.003386 0.008189 0.000000 0.000000 0.000000
2.000000 1.000000 5.000000 6.000000 1910.030103 0.002945 0.007115 0.000000 0.000000 0.000000
2.000000 2.000000 5.000000 6.000000 1774.295613 0.002735 0.006604 0.000000 0.000000 0.000000
2.000000 3.000000 5.000000 6.000000 1673.981426 0.002580 0.006227 0.000000 0.000000 0.000000
2.000000 4.000000 5.000000 6.000000 1586.882023 0.002445 0.005900 0.000000 0.000000 0.000000
2.000000 5.000000 5.000000 6.000000 1480.863132 0.002281 0.005503 0.000000 0.000000 0.000000
2.000000 6.000000 5.000000 6.000000 1396.909945 0.002151 0.005188 0.000000 0.000000 0.000000
2.000000 7.000000 5.000000 6.000000 1303.742500 0.002007 0.004839 0.000000 0.000000 0.000000
2.000000 8.000000 5.000000 6.000000 3046.936020 0.004711 0.011429 0.005215 0.000000 0.000000
2.000000 9.000000 5.000000 6.000000 2806.194930 0.004337 0.010510 0.005770 0.000000 0.000000
2.000000 10.000000 5.000000 6.000000 2432.459981 0.003756 0.009090 0.007379 0.000000 0.000000
2.000000 11.000000 5.000000 6.000000 2602.839773 0.004020 0.009737 0.008663 0.000000 0.000000
2.000000 12.000000 5.000000 6.000000 2909.707309 0.004498 0.010905 0.007822 0.000000 0.000000
2.000000 13.000000 5.000000 6.000000 2686.916714 0.004151 0.010056 0.005597 0.000000 0.000000
2.000000 14.000000 5.000000 6.000000 2536.036554 0.003916 0.009483 0.006626 0.000000 0.000000
2.000000 15.000000 5.000000 6.000000 1559.620310 0.002403 0.005798 0.005798 0.000000 -4006.757691
2.000000 16.000000 5.000000 6.000000 2040.282631 0.003147 0.007607 0.006199 0.000000 0.000000
2.000000 17.000000 5.000000 6.000000 2539.458293 0.003922 0.009496 0.006117 0.000000 0.000000
2.000000 18.000000 5.000000 6.000000 2758.884436 0.004263 0.010330 0.005910 0.000000 0.000000
2.000000 19.000000 5.000000 6.000000 2770.862609 0.004282 0.010376 0.000000 0.000000 0.000000
2.000000 20.000000 5.000000 6.000000 2511.376532 0.003878 0.009390 0.000000 0.000000 0.000000
2.000000 21.000000 5.000000 6.000000 2307.329344 0.003561 0.008616 0.000000 0.000000 0.000000
2.000000 22.000000 5.000000 6.000000 2138.016046 0.003299 0.007976 0.000000 0.000000 0.000000
2.000000 23.000000 5.000000 6.000000 1989.996471 0.003069 0.007417 0.000000 0.000000 0.000000
2.000000 24.000000 5.000000 6.000000 1877.514634 0.002895 0.006993 0.000000 0.000000 -0.000000
2.000000 1.000000 6.000000 6.000000 1784.806415 0.002751 0.006644 0.000000 0.000000 -0.000000
2.000000 2.000000 6.000000 6.000000 1700.830926 0.002621 0.006328 0.000000 0.000000 -0.000000
2.000000 3.000000 6.000000 6.000000 1633.191523 0.002517 0.006074 0.000000 0.000000 -0.000000
2.000000 4.000000 6.000000 6.000000 1581.466040 0.002437 0.005880 0.000000 0.000000 -0.000000
2.000000 5.000000 6.000000 6.000000 1541.877947 0.002375 0.005731 0.000000 0.000000 -0.000000
2.000000 6.000000 6.000000 6.000000 1494.794834 0.002303 0.005555 0.000000 0.000000 -0.000000
2.000000 7.000000 6.000000 6.000000 1457.126581 0.002244 0.005414 0.000000 0.000000 -0.000000
2.000000 8.000000 6.000000 6.000000 2771.565014 0.004283 0.010379 0.007874 0.000000 0.000000
2.000000 9.000000 6.000000 6.000000 2570.918385 0.003971 0.009616 0.008047 0.000000 0.000000
2.000000 10.000000 6.000000 6.000000 2308.656704 0.003563 0.008621 0.008621 0.000000 -54.921022
2.000000 11.000000 6.000000 6.000000 2867.486385 0.004432 0.010744 0.010544 0.000000 0.000000
2.000000 12.000000 6.000000 6.000000 2708.255403 0.004184 0.010138 0.010023 0.000000 0.000000
2.000000 13.000000 6.000000 6.000000 2485.665083 0.003838 0.009292 0.008158 0.000000 0.000000
2.000000 14.000000 6.000000 6.000000 2398.223817 0.003702 0.008960 0.007199 0.000000 0.000000
2.000000 15.000000 6.000000 6.000000 1515.237575 0.002334 0.005631 0.005631 0.000000 -6308.762024
2.000000 16.000000 6.000000 6.000000 2105.409206 0.003248 0.007853 0.006238 0.000000 0.000000
2.000000 17.000000 6.000000 6.000000 2573.672010 0.003975 0.009626 0.006234 0.000000 0.000000
2.000000 18.000000 6.000000 6.000000 2781.320878 0.004298 0.010416 0.005522 0.000000 0.000000
2.000000 19.000000 6.000000 6.000000 2655.576405 0.004102 0.009937 0.000000 0.000000 0.000000
2.000000 20.000000 6.000000 6.000000 2340.200074 0.003612 0.008741 0.000000 0.000000 0.000000
2.000000 21.000000 6.000000 6.000000 2112.341519 0.003259 0.007879 0.000000 0.000000 0.000000
2.000000 22.000000 6.000000 6.000000 1919.194136 0.002959 0.007150 0.000000 0.000000 0.000000
2.000000 23.000000 6.000000 6.000000 1770.107217 0.002728 0.006589 0.000000 0.000000 0.000000
2.000000 24.000000 6.000000 6.000000 1652.895931 0.002547 0.006148 0.000000 0.000000 0.000000
2.000000 1.000000 7.000000 6.000000 1545.678200 0.002381 0.005746 0.000000 0.000000 -0.000000
2.000000 2.000000 7.000000 6.000000 1449.048615 0.002232 0.005383 0.000000 0.000000 -0.000000
2.000000 3.000000 7.000000 6.000000 1369.908508 0.002109 0.005087 0.000000 0.000000 -0.000000
2.000000 4.000000 7.000000 6.000000 1300.614549 0.002002 0.004828 0.000000 0.000000 -0.000000
2.000000 5.000000 7.000000 6.000000 1236.385061 0.001903 0.004587 0.000000 0.000000 -0.000000
2.000000 6.000000 7.000000 6.000000 1173.565369 0.001806 0.004353 0.000000 0.000000 -0.000000
2.000000 7.000000 7.000000 6.000000 1120.498220 0.001724 0.004155 0.000000 0.000000 -0.000000
2.000000 8.000000 7.000000 6.000000 3270.363159 0.005060 0.012283 0.005060 219.680041 0.000000
2.000000 9.000000 7.000000 6.000000 2901.020641 0.004484 0.010872 0.005055 0.000000 0.000000
2.000000 10.000000 7.000000 6.000000 2449.281010 0.003782 0.009154 0.006292 0.000000 0.000000
2.000000 11.000000 7.000000 6.000000 2857.646343 0.004417 0.010706 0.006306 0.000000 0.000000
2.000000 12.000000 7.000000 6.000000 2692.226548 0.004159 0.010077 0.007897 0.000000 0.000000
2.000000 13.000000 7.000000 6.000000 2387.889266 0.003686 0.008921 0.007201 0.000000 0.000000
2.000000 14.000000 7.000000 6.000000 2230.307446 0.003442 0.008325 0.006366 0.000000 0.000000
2.000000 15.000000 7.000000 6.000000 1757.036568 0.002708 0.006540 0.006540 0.000000 -3392.046533
2.000000 16.000000 7.000000 6.000000 2527.792570 0.003904 0.009452 0.006461 0.000000 0.000000
2.000000 17.000000 7.000000 6.000000 3007.444108 0.004650 0.011278 0.006268 0.000000 0.000000
2.000000 18.000000 7.000000 6.000000 2583.097866 0.003990 0.009662 0.005287 0.000000 0.000000
2.000000 19.000000 7.000000 6.000000 2881.610137 0.004454 0.010798 0.000000 0.000000 0.000000
2.000000 20.000000 7.000000 6.000000 2586.615131 0.003995 0.009675 0.000000 0.000000 0.000000
2.000000 21.000000 7.000000 6.000000 2330.785488 0.003598 0.008705 0.000000 0.000000 0.000000
2.000000 22.000000 7.000000 6.000000 2125.331471 0.003279 0.007928 0.000000 0.000000 0.000000
2.000000 23.000000 7.000000 6.000000 1951.533533 0.003009 0.007272 0.000000 0.000000 0.000000
2.000000 24.000000 7.000000 6.000000 1817.880146 0.002802 0.006768 0.000000 0.000000 0.000000
2.000000 1.000000 1.000000 6.000000 1699.532292 0.002619 0.006323 0.000000 0.000000 0.000000
2.000000 2.000000 1.000000 6.000000 1583.328337 0.002439 0.005887 0.000000 0.000000 -0.000000
2.000000 3.000000 1.000000 6.000000 1478.568106 0.002277 0.005494 0.000000 0.000000 -0.000000
2.000000 4.000000 1.000000 6.000000 1390.021179 0.002141 0.005162 0.000000 0.000000 -0.000000
2.000000 5.000000 1.000000 6.000000 1310.922814 0.002018 0.004866 0.000000 0.000000 -0.000000
2.000000 6.000000 1.000000 6.000000 1239.269623 0.001908 0.004598 0.000000 0.000000 -0.000000
2.000000 7.000000 1.000000 6.000000 1176.385657 0.001811 0.004363 0.000000 0.000000 -0.000000
2.000000 8.000000 1.000000 6.000000 3189.086059 0.004933 0.011972 0.004933 1195.504127 0.000000
2.000000 9.000000 1.000000 6.000000 2868.753548 0.004434 0.010749 0.004665 0.000000 0.000000
2.000000 10.000000 1.000000 6.000000 2436.391733 0.003762 0.009105 0.005640 0.000000 0.000000
2.000000 11.000000 1.000000 6.000000 2738.728575 0.004232 0.010254 0.006293 0.000000 0.000000
2.000000 12.000000 1.000000 6.000000 2808.423991 0.004340 0.010519 0.007170 0.000000 0.000000
2.000000 13.000000 1.000000 6.000000 2532.484607 0.003911 0.009470 0.006440 0.000000 0.000000
2.000000 14.000000 1.000000 6.000000 2397.530292 0.003701 0.008958 0.004658 0.000000 0.000000
2.000000 15.000000 1.000000 6.000000 1503.719273 0.002316 0.005588 0.005588 0.000000 -1233.489928
2.000000 16.000000 1.000000 6.000000 2264.504679 0.003495 0.008454 0.006794 0.000000 0.000000
2.000000 17.000000 1.000000 6.000000 2775.134891 0.004288 0.010392 0.006207 0.000000 0.000000
2.000000 18.000000 1.000000 6.000000 2725.633417 0.004211 0.010204 0.005211 0.000000 0.000000
2.000000 19.000000 1.000000 6.000000 2751.862166 0.004252 0.010304 0.000000 0.000000 0.000000
2.000000 20.000000 1.000000 6.000000 2492.054891 0.003848 0.009316 0.000000 0.000000 0.000000
2.000000 21.000000 1.000000 6.000000 2270.541011 0.003504 0.008477 0.000000 0.000000 0.000000
2.000000 22.000000 1.000000 6.000000 2103.870007 0.003246 0.007847 0.000000 0.000000 0.000000
2.000000 23.000000 1.000000 6.000000 1976.359231 0.003048 0.007366 0.000000 0.000000 0.000000
2.000000 24.000000 1.000000 6.000000 1865.225792 0.002876 0.006947 0.000000 0.000000 -0.000000
2.000000 1.000000 2.000000 6.000000 1773.073591 0.002733 0.006600 0.000000 0.000000 -0.000000
2.000000 2.000000 2.000000 6.000000 1693.959412 0.002611 0.006302 0.000000 0.000000 -0.000000
2.000000 3.000000 2.000000 6.000000 1627.117242 0.002507 0.006051 0.000000 0.000000 -0.000000
2.000000 4.000000 2.000000 6.000000 1563.752115 0.002409 0.005813 0.000000 0.000000 -0.000000
2.000000 5.000000 2.000000 6.000000 1499.914148 0.002310 0.005574 0.000000 0.000000 -0.000000
2.000000 6.000000 2.000000 6.000000 1438.554014 0.002216 0.005344 0.000000 0.000000 -0.000000
2.000000 7.000000 2.000000 6.000000 1373.103446 0.002114 0.005099 0.000000 0.000000 -0.000000
2.000000 8.000000 2.000000 6.000000 2895.618749 0.004476 0.010851 0.007099 0.000000 0.000000
2.000000 9.000000 2.000000 6.000000 2688.050178 0.004153 0.010061 0.007122 0.000000 0.000000
2.000000 10.000000 2.000000 6.000000 2412.120527 0.003724 0.009013 0.007814 0.000000 0.000000
2.000000 11.000000 2.000000 6.000000 2572.981164 0.003974 0.009623 0.008618 0.000000 0.000000
2.000000 12.000000 2.000000 6.000000 2916.708508 0.004509 0.010932 0.008311 0.000000 0.000000
2.000000 13.000000 2.000000 6.000000 2628.637690 0.004060 0.009835 0.007158 0.000000 0.000000
2.000000 14.000000 2.000000 6.000000 2557.999575 0.003951 0.009567 0.006831 0.000000 0.000000
2.000000 15.000000 2.000000 6.000000 1625.518388 0.002505 0.006045 0.006045 0.000000 -1962.504092
2.000000 16.000000 2.000000 6.000000 1858.635909 0.002866 0.006922 0.005835 0.000000 0.000000
2.000000 17.000000 2.000000 6.000000 2263.677298 0.003493 0.008451 0.006109 0.000000 0.000000
2.000000 18.000000 2.000000 6.000000 2846.339281 0.004399 0.010663 0.005512 0.000000 0.000000
2.000000 19.000000 2.000000 6.000000 2555.850355 0.003947 0.009558 0.000000 0.000000 0.000000
2.000000 20.000000 2.000000 6.000000 2314.881331 0.003573 0.008645 0.000000 0.000000 0.000000
2.000000 21.000000 2.000000 6.000000 2138.594563 0.003299 0.007978 0.000000 0.000000 0.000000
2.000000 22.000000 2.000000 6.000000 1997.030461 0.003080 0.007443 0.000000 0.000000 0.000000
2.000000 23.000000 2.000000 6.000000 1866.200497 0.002877 0.006950 0.000000 0.000000 0.000000
2.000000 24.000000 2.000000 6.000000 1763.380595 0.002718 0.006563 0.000000 0.000000 0.000000
2.000000 1.000000 3.000000 6.000000 1676.055491 0.002583 0.006235 0.000000 0.000000 -0.000000
2.000000 2.000000 3.000000 6.000000 1596.118894 0.002459 0.005935 0.000000 0.000000 -0.000000
2.000000 3.000000 3.000000 6.000000 1530.359557 0.002357 0.005688 0.000000 0.000000 -0.000000
2.000000 4.000000 3.000000 6.000000 1480.569677 0.002281 0.005501 0.000000 0.000000 -0.000000
2.000000 5.000000 3.000000 6.000000 1436.263821 0.002212 0.005335 0.000000 0.000000 -0.000000
2.000000 6.000000 3.000000 6.000000 1388.940492 0.002139 0.005158 0.000000 0.000000 -0.000000
2.000000 7.000000 3.000000 6.000000 1369.688788 0.002109 0.005086 0.000000 0.000000 -0.000000
2.000000 8.000000 3.000000 6.000000 2417.623779 0.003733 0.009034 0.000000 0.000000 0.000000
2.000000 9.000000 3.000000 6.000000 2917.077784 0.004509 0.010933 0.000000 0.000000 0.000000
2.000000 10.000000 3.000000 6.000000 3524.334993 0.005456 0.013257 0.000000 0.000000 0.000000
2.000000 11.000000 3.000000 6.000000 4728.608629 0.007342 0.017918 0.000000 0.000000 0.000000
2.000000 12.000000 3.000000 6.000000 6020.553293 0.009379 0.022995 0.000000 0.000000 0.000000
2.000000 13.000000 3.000000 6.000000 7127.923941 0.011135 0.027411 0.000000 0.000000 0.000000
2.000000 14.000000 3.000000 6.000000 7881.710185 0.012336 0.030451 0.000000 0.000000 0.000000
2.000000 15.000000 3.000000 6.000000 16408.914201 0.026245 0.066942 0.000000 0.000000 0.000000
2.000000 16.000000 3.000000 6.000000 36559.110858 0.061669 0.171860 0.000000 0.000000 0.000000
2.000000 17.000000 3.000000 6.000000 58372.310900 0.104655 0.328567 0.000000 0.000000 0.000000
2.000000 18.000000 3.000000 6.000000 10080.787168 0.015865 0.039487 0.000000 0.000000 -0.000000
2.000000 19.000000 3.000000 6.000000 4138.500918 0.006417 0.015626 0.000000 0.000000 -0.000000
2.000000 20.000000 3.000000 6.000000 3237.288773 0.005008 0.012157 0.000000 0.000000 -0.000000
2.000000 21.000000 3.000000 6.000000 2783.492644 0.004301 0.010424 0.000000 0.000000 0.000000
2.000000 22.000000 3.000000 6.000000 2443.024762 0.003772 0.009130 0.000000 0.000000 0.000000
2.000000 23.000000 3.000000 6.000000 2199.141783 0.003393 0.008207 0.000000 0.000000 -0.000000
2.000000 24.000000 3.000000 6.000000 2007.504098 0.003096 0.007483 0.000000 0.000000 -0.000000
2.000000 1.000000 4.000000 6.000000 1849.917406 0.002852 0.006889 0.000000 0.000000 0.000000
2.000000 2.000000 4.000000 6.000000 1737.340519 0.002678 0.006465 0.000000 0.000000 0.000000
2.000000 3.000000 4.000000 6.000000 1648.041416 0.002540 0.006130 0.000000 0.000000 -0.000000
2.000000 4.000000 4.000000 6.000000 1576.006504 0.002428 0.005859 0.000000 0.000000 -0.000000
2.000000 5.000000 4.000000 6.000000 1494.846018 0.002303 0.005555 0.000000 0.000000 -0.000000
2.000000 6.000000 4.000000 6.000000 1423.075519 0.002192 0.005286 0.000000 0.000000 -0.000000
2.000000 7.000000 4.000000 6.000000 1350.606614 0.002080 0.005015 0.000000 0.000000 -0.000000
2.000000 8.000000 4.000000 6.000000 2322.159346 0.003584 0.008672 0.000000 0.000000 0.000000
2.000000 9.000000 4.000000 6.000000 2919.419659 0.004513 0.010942 0.000000 0.000000 0.000000
2.000000 10.000000 4.000000 6.000000 3745.452942 0.005802 0.014108 0.000000 0.000000 0.000000
2.000000 11.000000 4.000000 6.000000 5238.510486 0.008145 0.019912 0.000000 0.000000 0.000000
2.000000 12.000000 4.000000 6.000000 6894.167804 0.010763 0.026473 0.000000 0.000000 0.000000
2.000000 13.000000 4.000000 6.000000 8460.807857 0.013261 0.032806 0.000000 0.000000 0.000000
2.000000 14.000000 4.000000 6.000000 9439.169415 0.014831 0.036825 0.000000 0.000000 0.000000
2.000000 15.000000 4.000000 6.000000 19285.123582 0.031075 0.080188 0.000000 0.000000 0.000000
2.000000 16.000000 4.000000 6.000000 40507.656797 0.069069 0.196279 0.000000 0.000000 0.000000
2.000000 17.000000 4.000000 6.000000 63271.908732 0.115064 0.372670 0.000000 0.000000 0.000000
2.000000 18.000000 4.000000 6.000000 11007.091885 0.017364 0.043368 0.000000 0.000000 -0.000000
2.000000 19.000000 4.000000 6.000000 4534.583490 0.007038 0.017163 0.000000 0.000000 -0.000000
2.000000 20.000000 4.000000 6.000000 3551.589441 0.005499 0.013362 0.000000 0.000000 -0.000000
2.000000 21.000000 4.000000 6.000000 3073.120295 0.004752 0.011529 0.000000 0.000000 0.000000
2.000000 22.000000 4.000000 6.000000 2740.392352 0.004234 0.010260 0.000000 0.000000 0.000000
2.000000 23.000000 4.000000 6.000000 2473.458380 0.003819 0.009246 0.000000 0.000000 0.000000
2.000000 24.000000 4.000000 6.000000 2270.669483 0.003504 0.008477 0.000000 0.000000 0.000000
2.000000 1.000000 5.000000 6.000000 2114.008930 0.003261 0.007885 0.000000 0.000000 -0.000000
2.000000 2.000000 5.000000 6.000000 1970.111140 0.003038 0.007342 0.000000 0.000000 -0.000000
2.000000 3.000000 5.000000 6.000000 1837.997804 0.002834 0.006844 0.000000 0.000000 -0.000000
2.000000 4.000000 5.000000 6.000000 1721.477077 0.002653 0.006406 0.000000 0.000000 -0.000000
2.000000 5.000000 5.000000 6.000000 1623.253421 0.002501 0.006037 0.000000 0.000000 -0.000000
2.000000 6.000000 5.000000 6.000000 1541.698251 0.002375 0.005731 0.000000 0.000000 -0.000000
2.000000 7.000000 5.000000 6.000000 1458.398943 0.002246 0.005418 0.000000 0.000000 -0.000000
2.000000 8.000000 5.000000 6.000000 2820.205198 0.004358 0.010564 0.006856 0.000000 0.000000
2.000000 9.000000 5.000000 6.000000 2576.467197 0.003979 0.009637 0.006809 0.000000 0.000000
2.000000 10.000000 5.000000 6.000000 2339.821039 0.003612 0.008739 0.007476 0.000000 0.000000
2.000000 11.000000 5.000000 6.000000 2965.465983 0.004585 0.011118 0.007675 0.000000 0.000000
2.000000 12.000000 5.000000 6.000000 2644.869570 0.004086 0.009897 0.008204 0.000000 0.000000
2.000000 13.000000 5.000000 6.000000 2388.057331 0.003687 0.008922 0.008062 0.000000 0.000000
2.000000 14.000000 5.000000 6.000000 2259.246128 0.003487 0.008434 0.005964 0.000000 0.000000
2.000000 15.000000 5.000000 6.000000 1621.017623 0.002498 0.006028 0.006028 0.000000 -2944.086567
2.000000 16.000000 5.000000 6.000000 2444.075404 0.003774 0.009134 0.007656 0.000000 0.000000
2.000000 17.000000 5.000000 6.000000 2959.386235 0.004575 0.011094 0.006684 0.000000 0.000000
2.000000 18.000000 5.000000 6.000000 2572.035175 0.003972 0.009620 0.005706 0.000000 0.000000
2.000000 19.000000 5.000000 6.000000 2922.348159 0.004517 0.010953 0.000000 0.000000 0.000000
2.000000 20.000000 5.000000 6.000000 2675.170215 0.004133 0.010012 0.000000 0.000000 0.000000
2.000000 21.000000 5.000000 6.000000 2399.492979 0.003704 0.008965 0.000000 0.000000 0.000000
2.000000 22.000000 5.000000 6.000000 2186.114255 0.003373 0.008157 0.000000 0.000000 0.000000
2.000000 23.000000 5.000000 6.000000 2024.105834 0.003122 0.007546 0.000000 0.000000 0.000000
2.000000 24.000000 5.000000 6.000000 1894.949301 0.002922 0.007059 0.000000 0.000000 0.000000
2.000000 1.000000 6.000000 6.000000 1782.066830 0.002747 0.006634 0.000000 0.000000 -0.000000
2.000000 2.000000 6.000000 6.000000 1684.556947 0.002596 0.006267 0.000000 0.000000 -0.000000
2.000000 3.000000 6.000000 6.000000 1603.899400 0.002471 0.005964 0.000000 0.000000 -0.000000
2.000000 4.000000 6.000000 6.000000 1529.590625 0.002356 0.005685 0.000000 0.000000 -0.000000
2.000000 5.000000 6.000000 6.000000 1459.012124 0.002247 0.005421 0.000000 0.000000 -0.000000
2.000000 6.000000 6.000000 6.000000 1398.669010 0.002154 0.005195 0.000000 0.000000 -0.000000
2.000000 7.000000 6.000000 6.000000 1335.228337 0.002056 0.004957 0.000000 0.000000 -0.000000
2.000000 8.000000 6.000000 6.000000 2941.501848 0.004547 0.011026 0.005517 0.000000 0.000000
2.000000 9.000000 6.000000 6.000000 2667.241007 0.004120 0.009982 0.005494 0.000000 0.000000
2.000000 10.000000 6.000000 6.000000 2331.036741 0.003598 0.008706 0.006745 0.000000 0.000000
2.000000 11.000000 6.000000 6.000000 2967.241286 0.004587 0.011124 0.006612 0.000000 0.000000
2.000000 12.000000 6.000000 6.000000 2656.462798 0.004104 0.009941 0.007860 0.000000 0.000000
2.000000 13.000000 6.000000 6.000000 2365.203844 0.003651 0.008835 0.007434 0.000000 0.000000
2.000000 14.000000 6.000000 6.000000 2206.249762 0.003404 0.008234 0.006304 0.000000 0.000000
2.000000 15.000000 6.000000 6.000000 1726.337929 0.002661 0.006424 0.006424 0.000000 -3160.842232
2.000000 16.000000 6.000000 6.000000 2649.662184 0.004093 0.009915 0.007611 0.000000 0.000000
2.000000 17.000000 6.000000 6.000000 3212.264920 0.004969 0.012061 0.007050 0.000000 0.000000
2.000000 18.000000 6.000000 6.000000 2500.032465 0.003861 0.009346 0.005996 0.000000 0.000000
2.000000 19.000000 6.000000 6.000000 2983.797221 0.004613 0.011188 0.000000 0.000000 0.000000
2.000000 20.000000 6.000000 6.000000 2716.072559 0.004196 0.010167 0.000000 0.000000 0.000000
2.000000 21.000000 6.000000 6.000000 2460.077636 0.003798 0.009195 0.000000 0.000000 0.000000
2.000000 22.000000 6.000000 6.000000 2262.975686 0.003492 0.008448 0.000000 0.000000 0.000000
2.000000 23.000000 6.000000 6.000000 2100.252068 0.003240 0.007833 0.000000 0.000000 0.000000
2.000000 24.000000 6.000000 6.000000 1976.384088 0.003048 0.007366 0.000000 0.000000 0.000000
2.000000 1.000000 7.000000 6.000000 1868.135727 0.002880 0.006958 0.000000 0.000000 0.000000
2.000000 2.000000 7.000000 6.000000 1762.618492 0.002717 0.006561 0.000000 0.000000 0.000000
2.000000 3.000000 7.000000 6.000000 1658.006859 0.002555 0.006167 0.000000 0.000000 0.000000
2.000000 4.000000 7.000000 6.000000 1560.052067 0.002403 0.005800 0.000000 0.000000 -0.000000
2.000000 5.000000 7.000000 6.000000 1473.532745 0.002270 0.005475 0.000000 0.000000 -0.000000
2.000000 6.000000 7.000000 6.000000 1399.403469 0.002155 0.005197 0.000000 0.000000 -0.000000
2.000000 7.000000 7.000000 6.000000 1336.536299 0.002058 0.004962 0.000000 0.000000 -0.000000
2.000000 8.000000 7.000000 6.000000 2942.597195 0.004549 0.011030 0.004936 0.000000 0.000000
2.000000 9.000000 7.000000 6.000000 2692.940198 0.004160 0.010079 0.004827 0.000000 0.000000
2.000000 10.000000 7.000000 6.000000 2315.798080 0.003574 0.008648 0.006354 0.000000 0.000000
2.000000 11.000000 7.000000 6.000000 2966.011255 0.004585 0.011120 0.008168 0.000000 0.000000
2.000000 12.000000 7.000000 6.000000 2660.745034 0.004110 0.009957 0.006757 0.000000 0.000000
2.000000 13.000000 7.000000 6.000000 2403.942777 0.003711 0.008982 0.006767 0.000000 0.000000
2.000000 14.000000 7.000000 6.000000 2274.411868 0.003510 0.008491 0.007264 0.000000 0.000000
2.000000 15.000000 7.000000 6.000000 1634.817947 0.002519 0.006080 0.006080 0.000000 -4587.721768
2.000000 16.000000 7.000000 6.000000 2392.512699 0.003694 0.008939 0.006792 0.000000 0.000000
2.000000 17.000000 7.000000 6.000000 2916.167542 0.004508 0.010930 0.006663 0.000000 0.000000
2.000000 18.000000 7.000000 6.000000 2617.012559 0.004042 0.009791 0.005950 0.000000 0.000000
2.000000 19.000000 7.000000 6.000000 2856.372926 0.004415 0.010702 0.000000 0.000000 0.000000
2.000000 20.000000 7.000000 6.000000 2579.782409 0.003984 0.009649 0.000000 0.000000 0.000000
2.000000 21.000000 7.000000 6.000000 2326.660589 0.003591 0.008689 0.000000 0.000000 0.000000
2.000000 22.000000 7.000000 6.000000 2124.387559 0.003277 0.007924 0.000000 0.000000 0.000000
2.000000 23.000000 7.000000 6.000000 1970.282017 0.003038 0.007343 0.000000 0.000000 0.000000
2.000000 24.000000 7.000000 6.000000 1849.640030 0.002852 0.006888 0.000000 0.000000 -0.000000
2.000000 1.000000 1.000000 6.000000 1746.779568 0.002692 0.006501 0.000000 0.000000 -0.000000
2.000000 2.000000 1.000000 6.000000 1659.334800 0.002557 0.006172 0.000000 0.000000 -0.000000
2.000000 3.000000 1.000000 6.000000 1589.054726 0.002448 0.005908 0.000000 0.000000 -0.000000
2.000000 4.000000 1.000000 6.000000 1520.821698 0.002343 0.005652 0.000000 0.000000 -0.000000
2.000000 5.000000 1.000000 6.000000 1456.314040 0.002243 0.005411 0.000000 0.000000 -0.000000
2.000000 6.000000 1.000000 6.000000 1398.718161 0.002154 0.005195 0.000000 0.000000 -0.000000
2.000000 7.000000 1.000000 6.000000 1345.905153 0.002072 0.004997 0.000000 0.000000 -0.000000
2.000000 8.000000 1.000000 6.000000 2929.374965 0.004528 0.010980 0.005663 0.000000 0.000000
2.000000 9.000000 1.000000 6.000000 2682.208371 0.004144 0.010039 0.005760 0.000000 0.000000
2.000000 10.000000 1.000000 6.000000 2358.836765 0.003641 0.008811 0.006775 0.000000 0.000000
2.000000 11.000000 1.000000 6.000000 2755.971333 0.004258 0.010319 0.007118 0.000000 0.000000
2.000000 12.000000 1.000000 6.000000 2815.591252 0.004351 0.010546 0.006677 0.000000 0.000000
2.000000 13.000000 1.000000 6.000000 2586.593536 0.003995 0.009675 0.006228 0.000000 0.000000
2.000000 14.000000 1.000000 6.000000 2474.686886 0.003821 0.009250 0.007239 0.000000 0.000000
2.000000 15.000000 1.000000 6.000000 1557.657340 0.002400 0.005791 0.005791 0.000000 -318.299428
2.000000 16.000000 1.000000 6.000000 2031.467084 0.003133 0.007573 0.005989 0.000000 0.000000
2.000000 17.000000 1.000000 6.000000 2502.896034 0.003865 0.009357 0.005717 0.000000 0.000000
2.000000 18.000000 1.000000 6.000000 2847.212095 0.004400 0.010667 0.005414 0.000000 0.000000
2.000000 19.000000 1.000000 6.000000 2574.309677 0.003976 0.009628 0.000000 0.000000 0.000000
2.000000 20.000000 1.000000 6.000000 2267.626772 0.003500 0.008466 0.000000 0.000000 0.000000
2.000000 21.000000 1.000000 6.000000 2025.045329 0.003123 0.007549 0.000000 0.000000 0.000000
2.000000 22.000000 1.000000 6.000000 1830.204355 0.002821 0.006815 0.000000 0.000000 0.000000
2.000000 23.000000 1.000000 6.000000 1695.965807 0.002614 0.006310 0.000000 0.000000 0.000000
2.000000 24.000000 1.000000 6.000000 1591.729614 0.002452 0.005918 0.000000 0.000000 -0.000000
2.000000 1.000000 2.000000 6.000000 1505.051351 0.002318 0.005593 0.000000 0.000000 -0.000000
2.000000 2.000000 2.000000 6.000000 1428.379606 0.002200 0.005306 0.000000 0.000000 -0.000000
2.000000 3.000000 2.000000 6.000000 1356.493123 0.002089 0.005037 0.000000 0.000000 -0.000000
2.000000 4.000000 2.000000 6.000000 1290.796934 0.001987 0.004791 0.000000 0.000000 -0.000000
2.000000 5.000000 2.000000 6.000000 1234.919857 0.001901 0.004582 0.000000 0.000000 -0.000000
2.000000 6.000000 2.000000 6.000000 1191.381852 0.001834 0.004419 0.000000 0.000000 -0.000000
2.000000 7.000000 2.000000 6.000000 1146.280372 0.001764 0.004251 0.000000 0.000000 -0.000000
2.000000 8.000000 2.000000 6.000000 3224.964149 0.004989 0.012109 0.004989 2578.233187 0.000000
2.000000 9.000000 2.000000 6.000000 2910.868742 0.004500 0.010909 0.004500 1501.797152 0.000000
2.000000 10.000000 2.000000 6.000000 2491.523696 0.003847 0.009314 0.004774 0.000000 0.000000
2.000000 11.000000 2.000000 6.000000 2662.055999 0.004112 0.009962 0.005230 0.000000 0.000000
2.000000 12.000000 2.000000 6.000000 2871.929911 0.004439 0.010761 0.005707 0.000000 0.000000
2.000000 13.000000 2.000000 6.000000 2590.625871 0.004001 0.009690 0.005766 0.000000 0.000000
2.000000 14.000000 2.000000 6.000000 2430.197283 0.003752 0.009082 0.006871 0.000000 0.000000
2.000000 15.000000 2.000000 6.000000 1511.936227 0.002329 0.005619 0.005619 0.000000 -836.456254
2.000000 16.000000 2.000000 6.000000 2191.223550 0.003381 0.008177 0.006011 0.000000 0.000000
2.000000 17.000000 2.000000 6.000000 2660.699596 0.004110 0.009957 0.005593 0.000000 0.000000
2.000000 18.000000 2.000000 6.000000 2812.388367 0.004346 0.010534 0.004835 0.000000 0.000000
2.000000 19.000000 2.000000 6.000000 2619.199902 0.004046 0.009799 0.000000 0.000000 0.000000
2.000000 20.000000 2.000000 6.000000 2294.073013 0.003541 0.008566 0.000000 0.000000 0.000000
2.000000 21.000000 2.000000 6.000000 2044.682118 0.003154 0.007623 0.000000 0.000000 0.000000
2.000000 22.000000 2.000000 6.000000 1854.601344 0.002859 0.006907 0.000000 0.000000 0.000000
2.000000 23.000000 2.000000 6.000000 1696.447332 0.002614 0.006312 0.000000 0.000000 0.000000
2.000000 24.000000 2.000000 6.000000 1571.147296 0.002421 0.005841 0.000000 0.000000 0.000000
2.000000 1.000000 3.000000 6.000000 1470.221840 0.002265 0.005463 0.000000 0.000000 -0.000000
2.000000 2.000000 3.000000 6.000000 1387.821687 0.002137 0.005154 0.000000 0.000000 -0.000000
2.000000 3.000000 3.000000 6.000000 1317.312267 0.002028 0.004890 0.000000 0.000000 -0.000000
2.000000 4.000000 3.000000 6.000000 1251.307805 0.001926 0.004643 0.000000 0.000000 -0.000000
2.000000 5.000000 3.000000 6.000000 1191.415732 0.001834 0.004419 0.000000 0.000000 -0.000000
2.000000 6.000000 3.000000 6.000000 1140.869059 0.001756 0.004231 0.000000 0.000000 -0.000000
2.000000 7.000000 3.000000 6.000000 1090.858695 0.001679 0.004044 0.000000 0.000000 -0.000000
2.000000 8.000000 3.000000 6.000000 1915.669311 0.002954 0.007137 0.000000 0.000000 0.000000
2.000000 9.000000 3.000000 6.000000 2392.448154 0.003693 0.008938 0.000000 0.000000 0.000000
2.000000 10.000000 3.000000 6.000000 3083.864343 0.004769 0.011570 0.000000 0.000000 0.000000
2.000000 11.000000 3.000000 6.000000 4332.589924 0.006721 0.016378 0.000000 0.000000 0.000000
2.000000 12.000000 3.000000 6.000000 5694.006295 0.008863 0.021704 0.000000 0.000000 0.000000
2.000000 13.000000 3.000000 6.000000 6802.801923 0.010618 0.026108 0.000000 0.000000 0.000000
2.000000 14.000000 3.000000 6.000000 7519.535002 0.011758 0.028987 0.000000 0.000000 0.000000
2.000000 15.000000 3.000000 6.000000 15629.026431 0.024947 0.063436 0.000000 0.000000 0.000000
2.000000 16.000000 3.000000 6.000000 33878.089236 0.056734 0.156094 0.000000 0.000000 0.000000
2.000000 17.000000 3.000000 6.000000 53751.981228 0.095104 0.290417 0.000000 0.000000 0.000000
2.000000 18.000000 3.000000 6.000000 9102.322184 0.014290 0.035436 0.000000 0.000000 -0.000000
2.000000 19.000000 3.000000 6.000000 3708.311620 0.005744 0.013965 0.000000 0.000000 -0.000000
2.000000 20.000000 3.000000 6.000000 2923.703554 0.004520 0.010958 0.000000 0.000000 -0.000000
2.000000 21.000000 3.000000 6.000000 2591.544596 0.004003 0.009694 0.000000 0.000000 0.000000
2.000000 22.000000 3.000000 6.000000 2354.088511 0.003634 0.008793 0.000000 0.000000 0.000000
2.000000 23.000000 3.000000 6.000000 2179.141861 0.003362 0.008131 0.000000 0.000000 -0.000000
2.000000 24.000000 3.000000 6.000000 2049.133737 0.003161 0.007640 0.000000 0.000000 -0.000000
2.000000 1.000000 4.000000 6.000000 1941.108192 0.002993 0.007233 0.000000 0.000000 -0.000000
2.000000 2.000000 4.000000 6.000000 1862.510720 0.002872 0.006936 0.000000 0.000000 -0.000000
2.000000 3.000000 4.000000 6.000000 1784.939222 0.002751 0.006645 0.000000 0.000000 -0.000000
2.000000 4.000000 4.000000 6.000000 1715.038314 0.002643 0.006382 0.000000 0.000000 -0.000000
2.000000 5.000000 4.000000 6.000000 1648.903775 0.002541 0.006133 0.000000 0.000000 -0.000000
2.000000 6.000000 4.000000 6.000000 1580.851720 0.002436 0.005878 0.000000 0.000000 -0.000000
2.000000 7.000000 4.000000 6.000000 1535.101572 0.002365 0.005706 0.000000 0.000000 -0.000000
2.000000 8.000000 4.000000 6.000000 2673.195888 0.004130 0.010004 0.000000 0.000000 0.000000
2.000000 9.000000 4.000000 6.000000 3206.158938 0.004960 0.012037 0.000000 0.000000 0.000000
2.000000 10.000000 4.000000 6.000000 3911.309589 0.006061 0.014748 0.000000 0.000000 0.000000
2.000000 11.000000 4.000000 6.000000 5223.911224 0.008122 0.019855 0.000000 0.000000 0.000000
2.000000 12.000000 4.000000 6.000000 6518.663513 0.010167 0.024974 0.000000 0.000000 0.000000
2.000000 13.000000 4.000000 6.000000 7386.728489 0.011547 0.028451 0.000000 0.000000 0.000000
2.000000 14.000000 4.000000 6.000000 7779.431540 0.012172 0.030037 0.000000 0.000000 0.000000
2.000000 15.000000 4.000000 6.000000 15337.781985 0.024464 0.062135 0.000000 0.000000 0.000000
2.000000 16.000000 4.000000 6.000000 33016.693567 0.055163 0.151160 0.000000 0.000000 0.000000
2.000000 17.000000 4.000000 6.000000 52024.612571 0.091598 0.276929 0.000000 0.000000 0.000000
2.000000 18.000000 4.000000 6.000000 8670.698219 0.013598 0.033664 0.000000 0.000000 -0.000000
2.000000 19.000000 4.000000 6.000000 3472.390213 0.005375 0.013058 0.000000 0.000000 -0.000000
2.000000 20.000000 4.000000 6.000000 2690.909653 0.004157 0.010072 0.000000 0.000000 -0.000000
2.000000 21.000000 4.000000 6.000000 2348.033644 0.003624 0.008770 0.000000 0.000000 0.000000
2.000000 22.000000 4.000000 6.000000 2106.007418 0.003249 0.007855 0.000000 0.000000 0.000000
2.000000 23.000000 4.000000 6.000000 1922.414062 0.002964 0.007162 0.000000 0.000000 0.000000
2.000000 24.000000 4.000000 6.000000 1798.058398 0.002772 0.006694 0.000000 0.000000 0.000000
2.000000 1.000000 5.000000 6.000000 1687.123045 0.002600 0.006277 0.000000 0.000000 0.000000
2.000000 2.000000 5.000000 6.000000 1593.962418 0.002456 0.005927 0.000000 0.000000 -0.000000
2.000000 3.000000 5.000000 6.000000 1513.799160 0.002332 0.005626 0.000000 0.000000 -0.000000
2.000000 4.000000 5.000000 6.000000 1440.513443 0.002219 0.005351 0.000000 0.000000 -0.000000
2.000000 5.000000 5.000000 6.000000 1382.807427 0.002129 0.005135 0.000000 0.000000 -0.000000
2.000000 6.000000 5.000000 6.000000 1327.486166 0.002044 0.004928 0.000000 0.000000 -0.000000
2.000000 7.000000 5.000000 6.000000 1288.487758 0.001984 0.004782 0.000000 0.000000 -0.000000
2.000000 8.000000 5.000000 6.000000 2979.513394 0.004606 0.011171 0.006386 0.000000 0.000000
2.000000 9.000000 5.000000 6.000000 2745.021239 0.004241 0.010278 0.006707 0.000000 0.000000
2.000000 10.000000 5.000000 6.000000 2454.405510 0.003790 0.009173 0.007172 0.000000 0.000000
2.000000 11.000000 5.000000 6.000000 2643.835288 0.004084 0.009893 0.007658 0.000000 0.000000
2.000000 12.000000 5.000000 6.000000 2830.773513 0.004375 0.010604 0.009860 0.000000 0.000000
2.000000 13.000000 5.000000 6.000000 2573.890545 0.003975 0.009627 0.007982 0.000000 0.000000
2.000000 14.000000 5.000000 6.000000 2457.261437 0.003794 0.009184 0.009019 0.000000 0.000000
2.000000 15.000000 5.000000 6.000000 1551.523615 0.002390 0.005768 0.005768 0.000000 -4522.982225
2.000000 16.000000 5.000000 6.000000 2012.255404 0.003104 0.007501 0.006500 0.000000 0.000000
2.000000 17.000000 5.000000 6.000000 2474.893166 0.003821 0.009251 0.006558 0.000000 0.000000
2.000000 18.000000 5.000000 6.000000 2827.725750 0.004370 0.010592 0.006198 0.000000 0.000000
2.000000 19.000000 5.000000 6.000000 2650.298126 0.004094 0.009917 0.000000 0.000000 0.000000
2.000000 20.000000 5.000000 6.000000 2389.130117 0.003688 0.008926 0.000000 0.000000 0.000000
2.000000 21.000000 5.000000 6.000000 2190.432136 0.003380 0.008174 0.000000 0.000000 0.000000
2.000000 22.000000 5.000000 6.000000 2035.221601 0.003139 0.007588 0.000000 0.000000 0.000000
2.000000 23.000000 5.000000 6.000000 1909.462758 0.002944 0.007113 0.000000 0.000000 0.000000
2.000000 24.000000 5.000000 6.000000 1803.703427 0.002780 0.006715 0.000000 0.000000 -0.000000
2.000000 1.000000 6.000000 6.000000 1721.344392 0.002653 0.006405 0.000000 0.000000 -0.000000
2.000000 2.000000 6.000000 6.000000 1649.736810 0.002542 0.006136 0.000000 0.000000 -0.000000
2.000000 3.000000 6.000000 6.000000 1589.723121 0.002449 0.005911 0.000000 0.000000 -0.000000
2.000000 4.000000 6.000000 6.000000 1548.210738 0.002385 0.005755 0.000000 0.000000 -0.000000
2.000000 5.000000 6.000000 6.000000 1506.179417 0.002320 0.005597 0.000000 0.000000 -0.000000
2.000000 6.000000 6.000000 6.000000 1467.007568 0.002260 0.005451 0.000000 0.000000 -0.000000
2.000000 7.000000 6.000000 6.000000 1417.100934 0.002182 0.005264 0.000000 0.000000 -0.000000
2.000000 8.000000 6.000000 6.000000 2829.449315 0.004373 0.010599 0.007580 0.000000 0.000000
2.000000 9.000000 6.000000 6.000000 2635.846083 0.004072 0.009862 0.007643 0.000000 0.000000
2.000000 10.000000 6.000000 6.000000 2376.547007 0.003669 0.008878 0.008113 0.000000 0.000000
2.000000 11.000000 6.000000 6.000000 2700.109475 0.004172 0.010107 0.008954 0.000000 0.000000
2.000000 12.000000 6.000000 6.000000 2824.447470 0.004365 0.010580 0.009269 0.000000 0.000000
2.000000 13.000000 6.000000 6.000000 2565.861675 0.003963 0.009596 0.008451 0.000000 0.000000
2.000000 14.000000 6.000000 6.000000 2449.786066 0.003782 0.009156 0.008800 0.000000 0.000000
2.000000 15.000000 6.000000 6.000000 1531.077206 0.002359 0.005691 0.005691 0.000000 -7226.801553
2.000000 16.000000 6.000000 6.000000 2111.282988 0.003257 0.007875 0.007260 0.000000 0.000000
2.000000 17.000000 6.000000 6.000000 2612.890792 0.004036 0.009775 0.007139 0.000000 0.000000
2.000000 18.000000 6.000000 6.000000 2764.357614 0.004271 0.010351 0.006438 0.000000 0.000000
2.000000 19.000000 6.000000 6.000000 2685.936287 0.004150 0.010053 0.000000 0.000000 0.000000
2.000000 20.000000 6.000000 6.000000 2392.206325 0.003693 0.008938 0.000000 0.000000 0.000000
2.000000 21.000000 6.000000 6.000000 2151.536945 0.003320 0.008027 0.000000 0.000000 0.000000
2.000000 22.000000 6.000000 6.000000 1958.509986 0.003020 0.007298 0.000000 0.000000 0.000000
2.000000 23.000000 6.000000 6.000000 1803.247279 0.002780 0.006713 0.000000 0.000000 0.000000
2.000000 24.000000 6.000000 6.000000 1678.851993 0.002587 0.006246 0.000000 0.000000 -0.000000
2.000000 1.000000 7.000000 6.000000 1577.995945 0.002431 0.005867 0.000000 0.000000 -0.000000
2.000000 2.000000 7.000000 6.000000 1490.706803 0.002296 0.005539 0.000000 0.000000 -0.000000
2.000000 3.000000 7.000000 6.000000 1409.326469 0.002170 0.005235 0.000000 0.000000 -0.000000
2.000000 4.000000 7.000000 6.000000 1337.848124 0.002060 0.004967 0.000000 0.000000 -0.000000
2.000000 5.000000 7.000000 6.000000 1276.364512 0.001965 0.004737 0.000000 0.000000 -0.000000
2.000000 6.000000 7.000000 6.000000 1216.294479 0.001872 0.004512 0.000000 0.000000 -0.000000
2.000000 7.000000 7.000000 6.000000 1156.916546 0.001781 0.004291 0.000000 0.000000 -0.000000
2.000000 8.000000 7.000000 6.000000 3242.421825 0.005016 0.012176 0.005685 0.000000 0.000000
2.000000 9.000000 7.000000 6.000000 2908.320377 0.004496 0.010900 0.006285 0.000000 0.000000
2.000000 10.000000 7.000000 6.000000 2501.255280 0.003862 0.009351 0.007662 0.000000 0.000000
2.000000 11.000000 7.000000 6.000000 2648.929506 0.004092 0.009912 0.008579 0.000000 0.000000
2.000000 12.000000 7.000000 6.000000 2892.700772 0.004471 0.010840 0.007192 0.000000 0.000000
2.000000 13.000000 7.000000 6.000000 2607.838313 0.004028 0.009756 0.007579 0.000000 0.000000
2.000000 14.000000 7.000000 6.000000 2440.292924 0.003768 0.009120 0.008352 0.000000 0.000000
2.000000 15.000000 7.000000 6.000000 1514.440071 0.002333 0.005628 0.005628 0.000000 -11889.478836
2.000000 16.000000 7.000000 6.000000 2136.485382 0.003296 0.007970 0.006937 0.000000 0.000000
2.000000 17.000000 7.000000 6.000000 2645.166228 0.004086 0.009898 0.007340 0.000000 0.000000
2.000000 18.000000 7.000000 6.000000 2728.972073 0.004216 0.010216 0.006592 0.000000 0.000000
2.000000 19.000000 7.000000 6.000000 2807.532774 0.004339 0.010516 0.000000 0.000000 0.000000
2.000000 20.000000 7.000000 6.000000 2546.202320 0.003932 0.009522 0.000000 0.000000 0.000000
2.000000 21.000000 7.000000 6.000000 2339.815334 0.003612 0.008739 0.000000 0.000000 0.000000
2.000000 22.000000 7.000000 6.000000 2171.937857 0.003351 0.008104 0.000000 0.000000 0.000000
2.000000 23.000000 7.000000 6.000000 2020.532363 0.003116 0.007532 0.000000 0.000000 0.000000
2.000000 24.000000 7.000000 6.000000 1909.709322 0.002945 0.007114 0.000000 0.000000 0.000000
2.000000 1.000000 1.000000 7.000000 1808.115367 0.002787 0.006732 0.000000 0.000000 -0.000000
2.000000 2.000000 1.000000 7.000000 1712.230561 0.002639 0.006371 0.000000 0.000000 -0.000000
2.000000 3.000000 1.000000 7.000000 1625.820111 0.002505 0.006046 0.000000 0.000000 -0.000000
2.000000 4.000000 1.000000 7.000000 1555.176343 0.002396 0.005781 0.000000 0.000000 -0.000000
2.000000 5.000000 1.000000 7.000000 1494.584742 0.002302 0.005554 0.000000 0.000000 -0.000000
2.000000 6.000000 1.000000 7.000000 1437.116898 0.002213 0.005339 0.000000 0.000000 -0.000000
2.000000 7.000000 1.000000 7.000000 1390.497214 0.002141 0.005164 0.000000 0.000000 -0.000000
2.000000 8.000000 1.000000 7.000000 2832.735571 0.004378 0.010612 0.007037 0.000000 0.000000
2.000000 9.000000 1.000000 7.000000 2600.077448 0.004016 0.009726 0.007263 0.000000 0.000000
2.000000 10.000000 1.000000 7.000000 2324.427146 0.003588 0.008681 0.008473 0.000000 0.000000
2.000000 11.000000 1.000000 7.000000 2594.401303 0.004007 0.009705 0.009382 0.000000 0.000000
2.000000 12.000000 1.000000 7.000000 2985.439487 0.004616 0.011194 0.008679 0.000000 0.000000
2.000000 13.000000 1.000000 7.000000 2678.892456 0.004139 0.010026 0.007775 0.000000 0.000000
2.000000 14.000000 1.000000 7.000000 2556.853609 0.003949 0.009562 0.007326 0.000000 0.000000
2.000000 15.000000 1.000000 7.000000 1665.635625 0.002567 0.006196 0.006196 0.000000 -12425.633697
2.000000 16.000000 1.000000 7.000000 1829.913757 0.002821 0.006814 0.006711 0.000000 0.000000
2.000000 17.000000 1.000000 7.000000 2576.247843 0.003979 0.009636 0.007568 0.000000 0.000000
2.000000 18.000000 1.000000 7.000000 2387.140143 0.003685 0.008918 0.006058 0.000000 0.000000
2.000000 19.000000 1.000000 7.000000 2642.068634 0.004081 0.009886 0.000000 0.000000 0.000000
2.000000 20.000000 1.000000 7.000000 2389.098532 0.003688 0.008926 0.000000 0.000000 0.000000
2.000000 21.000000 1.000000 7.000000 2201.899815 0.003398 0.008217 0.000000 0.000000 0.000000
2.000000 22.000000 1.000000 7.000000 2030.750603 0.003132 0.007571 0.000000 0.000000 0.000000
2.000000 23.000000 1.000000 7.000000 1886.934139 0.002909 0.007028 0.000000 0.000000 0.000000
2.000000 24.000000 1.000000 7.000000 1780.802964 0.002745 0.006629 0.000000 0.000000 0.000000
2.000000 1.000000 2.000000 7.000000 1680.790354 0.002590 0.006253 0.000000 0.000000 0.000000
2.000000 2.000000 2.000000 7.000000 1598.069120 0.002462 0.005942 0.000000 0.000000 -0.000000
2.000000 3.000000 2.000000 7.000000 1523.843878 0.002347 0.005664 0.000000 0.000000 -0.000000
2.000000 4.000000 2.000000 7.000000 1466.502056 0.002259 0.005449 0.000000 0.000000 -0.000000
2.000000 5.000000 2.000000 7.000000 1419.627021 0.002186 0.005273 0.000000 0.000000 -0.000000
2.000000 6.000000 2.000000 7.000000 1391.680973 0.002143 0.005168 0.000000 0.000000 -0.000000
2.000000 7.000000 2.000000 7.000000 1359.196668 0.002093 0.005047 0.000000 0.000000 -0.000000
2.000000 8.000000 2.000000 7.000000 2856.574371 0.004415 0.010702 0.006658 0.000000 0.000000
2.000000 9.000000 2.000000 7.000000 2584.871853 0.003992 0.009669 0.007398 0.000000 0.000000
2.000000 10.000000 2.000000 7.000000 2375.619487 0.003667 0.008875 0.008875 0.000000 -273.568898
2.000000 11.000000 2.000000 7.000000 2918.180190 0.004511 0.010937 0.010649 0.000000 0.000000
2.000000 12.000000 2.000000 7.000000 2751.852290 0.004252 0.010304 0.007749 0.000000 0.000000
2.000000 13.000000 2.000000 7.000000 2446.296531 0.003777 0.009143 0.008405 0.000000 0.000000
2.000000 14.000000 2.000000 7.000000 2324.844565 0.003588 0.008682 0.008682 0.000000 -553.693857
2.000000 15.000000 2.000000 7.000000 1533.109253 0.002362 0.005698 0.005698 0.000000 -14606.670164
2.000000 16.000000 2.000000 7.000000 2115.516654 0.003264 0.007891 0.007759 0.000000 0.000000
2.000000 17.000000 2.000000 7.000000 2946.374757 0.004555 0.011045 0.008534 0.000000 0.000000
2.000000 18.000000 2.000000 7.000000 2194.620107 0.003386 0.008190 0.006980 0.000000 0.000000
2.000000 19.000000 2.000000 7.000000 2903.465745 0.004488 0.010881 0.000000 0.000000 0.000000
2.000000 20.000000 2.000000 7.000000 2705.344947 0.004180 0.010127 0.000000 0.000000 0.000000
2.000000 21.000000 2.000000 7.000000 2505.377351 0.003869 0.009367 0.000000 0.000000 0.000000
2.000000 22.000000 2.000000 7.000000 2317.615107 0.003577 0.008655 0.000000 0.000000 0.000000
2.000000 23.000000 2.000000 7.000000 2145.496505 0.003310 0.008004 0.000000 0.000000 0.000000
2.000000 24.000000 2.000000 7.000000 2009.081946 0.003099 0.007489 0.000000 0.000000 0.000000
2.000000 1.000000 3.000000 7.000000 1892.118671 0.002917 0.007048 0.000000 0.000000 -0.000000
2.000000 2.000000 3.000000 7.000000 1801.557537 0.002777 0.006707 0.000000 0.000000 -0.000000
2.000000 3.000000 3.000000 7.000000 1717.246907 0.002647 0.006390 0.000000 0.000000 -0.000000
2.000000 4.000000 3.000000 7.000000 1648.556972 0.002540 0.006132 0.000000 0.000000 -0.000000
2.000000 5.000000 3.000000 7.000000 1583.993145 0.002440 0.005889 0.000000 0.000000 -0.000000
2.000000 6.000000 3.000000 7.000000 1532.460647 0.002361 0.005696 0.000000 0.000000 -0.000000
2.000000 7.000000 3.000000 7.000000 1480.315767 0.002280 0.005501 0.000000 0.000000 -0.000000
2.000000 8.000000 3.000000 7.000000 2567.901195 0.003966 0.009604 0.000000 0.000000 0.000000
2.000000 9.000000 3.000000 7.000000 3162.763794 0.004892 0.011871 0.000000 0.000000 0.000000
2.000000 10.000000 3.000000 7.000000 3940.476751 0.006107 0.014860 0.000000 0.000000 0.000000
2.000000 11.000000 3.000000 7.000000 5115.053924 0.007950 0.019428 0.000000 0.000000 0.000000
2.000000 12.000000 3.000000 7.000000 6393.006273 0.009968 0.024473 0.000000 0.000000 0.000000
2.000000 13.000000 3.000000 7.000000 7681.584843 0.012016 0.029641 0.000000 0.000000 0.000000
2.000000 14.000000 3.000000 7.000000 8390.954076 0.013150 0.032521 0.000000 0.000000 0.000000
2.000000 15.000000 3.000000 7.000000 15894.248235 0.025388 0.064624 0.000000 0.000000 0.000000
2.000000 16.000000 3.000000 7.000000 31930.086028 0.053193 0.145026 0.000000 0.000000 0.000000
2.000000 17.000000 3.000000 7.000000 60495.441151 0.109129 0.347189 0.000000 0.000000 0.000000
2.000000 18.000000 3.000000 7.000000 13007.491844 0.020624 0.051907 0.000000 0.000000 -0.000000
2.000000 19.000000 3.000000 7.000000 4469.063091 0.006935 0.016908 0.000000 0.000000 -0.000000
2.000000 20.000000 3.000000 7.000000 3374.913821 0.005223 0.012684 0.000000 0.000000 -0.000000
2.000000 21.000000 3.000000 7.000000 2938.888691 0.004543 0.011016 0.000000 0.000000 0.000000
2.000000 22.000000 3.000000 7.000000 2647.931999 0.004090 0.009908 0.000000 0.000000 0.000000
2.000000 23.000000 3.000000 7.000000 2405.221726 0.003713 0.008987 0.000000 0.000000 0.000000
2.000000 24.000000 3.000000 7.000000 2223.979244 0.003432 0.008301 0.000000 0.000000 0.000000
2.000000 1.000000 4.000000 7.000000 2063.859585 0.003184 0.007696 0.000000 0.000000 0.000000
2.000000 2.000000 4.000000 7.000000 1942.387733 0.002995 0.007237 0.000000 0.000000 -0.000000
2.000000 3.000000 4.000000 7.000000 1818.985751 0.002804 0.006773 0.000000 0.000000 -0.000000
2.000000 4.000000 4.000000 7.000000 1715.380628 0.002644 0.006383 0.000000 0.000000 -0.000000
2.000000 5.000000 4.000000 7.000000 1622.730804 0.002500 0.006035 0.000000 0.000000 -0.000000
2.000000 6.000000 4.000000 7.000000 1545.004373 0.002380 0.005743 0.000000 0.000000 -0.000000
2.000000 7.000000 4.000000 7.000000 1481.397655 0.002282 0.005505 0.000000 0.000000 -0.000000
2.000000 8.000000 4.000000 7.000000 2544.535950 0.003930 0.009515 0.000000 0.000000 0.000000
2.000000 9.000000 4.000000 7.000000 3170.424242 0.004904 0.011901 0.000000 0.000000 0.000000
2.000000 10.000000 4.000000 7.000000 3953.660195 0.006127 0.014911 0.000000 0.000000 0.000000
2.000000 11.000000 4.000000 7.000000 5223.231521 0.008121 0.019852 0.000000 0.000000 0.000000
2.000000 12.000000 4.000000 7.000000 6598.397611 0.010294 0.025291 0.000000 0.000000 0.000000
2.000000 13.000000 4.000000 7.000000 7903.845680 0.012371 0.030541 0.000000 0.000000 0.000000
2.000000 14.000000 4.000000 7.000000 8685.174085 0.013621 0.033724 0.000000 0.000000 0.000000
2.000000 15.000000 4.000000 7.000000 16581.633458 0.026533 0.067723 0.000000 0.000000 0.000000
2.000000 16.000000 4.000000 7.000000 33039.825877 0.055205 0.151292 0.000000 0.000000 0.000000
2.000000 17.000000 4.000000 7.000000 61906.520732 0.112133 0.359974 0.000000 0.000000 0.000000
2.000000 18.000000 4.000000 7.000000 13332.127452 0.021156 0.053314 0.000000 0.000000 -0.000000
2.000000 19.000000 4.000000 7.000000 4554.370985 0.007069 0.017240 0.000000 0.000000 -0.000000
2.000000 20.000000 4.000000 7.000000 3450.740354 0.005341 0.012975 0.000000 0.000000 -0.000000
2.000000 21.000000 4.000000 7.000000 2970.212867 0.004592 0.011136 0.000000 0.000000 0.000000
2.000000 22.000000 4.000000 7.000000 2626.053753 0.004056 0.009825 0.000000 0.000000 0.000000
2.000000 23.000000 4.000000 7.000000 2360.635112 0.003644 0.008818 0.000000 0.000000 0.000000
2.000000 24.000000 4.000000 7.000000 2156.222105 0.003327 0.008045 0.000000 0.000000 0.000000
2.000000 1.000000 5.000000 7.000000 1991.444938 0.003071 0.007422 0.000000 0.000000 0.000000
2.000000 2.000000 5.000000 7.000000 1851.682088 0.002855 0.006896 0.000000 0.000000 -0.000000
2.000000 3.000000 5.000000 7.000000 1732.512735 0.002670 0.006447 0.000000 0.000000 -0.000000
2.000000 4.000000 5.000000 7.000000 1634.835318 0.002519 0.006080 0.000000 0.000000 -0.000000
2.000000 5.000000 5.000000 7.000000 1546.583231 0.002383 0.005749 0.000000 0.000000 -0.000000
2.000000 6.000000 5.000000 7.000000 1472.116327 0.002267 0.005470 0.000000 0.000000 -0.000000
2.000000 7.000000 5.000000 7.000000 1410.410293 0.002172 0.005239 0.000000 0.000000 -0.000000
2.000000 8.000000 5.000000 7.000000 2844.435148 0.004396 0.010656 0.006634 0.000000 0.000000
2.000000 9.000000 5.000000 7.000000 2590.043008 0.004000 0.009688 0.007212 0.000000 0.000000
2.000000 10.000000 5.000000 7.000000 2285.225301 0.003527 0.008532 0.008462 0.000000 0.000000
2.000000 11.000000 5.000000 7.000000 2754.217595 0.004256 0.010313 0.008221 0.000000 0.000000
2.000000 12.000000 5.000000 7.000000 2785.427184 0.004304 0.010431 0.007452 0.000000 0.000000
2.000000 13.000000 5.000000 7.000000 2484.446075 0.003836 0.009287 0.007583 0.000000 0.000000
2.000000 14.000000 5.000000 7.000000 2351.008331 0.003629 0.008781 0.006039 0.000000 0.000000
2.000000 15.000000 5.000000 7.000000 1522.664326 0.002346 0.005659 0.005659 0.000000 -5900.927596
2.000000 16.000000 5.000000 7.000000 2191.370325 0.003381 0.008177 0.007912 0.000000 0.000000
2.000000 17.000000 5.000000 7.000000 3041.215346 0.004703 0.011407 0.007830 0.000000 0.000000
2.000000 18.000000 5.000000 7.000000 2206.105338 0.003404 0.008233 0.006069 0.000000 0.000000
2.000000 19.000000 5.000000 7.000000 2849.178234 0.004403 0.010674 0.000000 0.000000 0.000000
2.000000 20.000000 5.000000 7.000000 2622.379037 0.004051 0.009811 0.000000 0.000000 0.000000
2.000000 21.000000 5.000000 7.000000 2364.261116 0.003650 0.008832 0.000000 0.000000 0.000000
2.000000 22.000000 5.000000 7.000000 2157.895656 0.003329 0.008051 0.000000 0.000000 0.000000
2.000000 23.000000 5.000000 7.000000 1980.846321 0.003055 0.007382 0.000000 0.000000 0.000000
2.000000 24.000000 5.000000 7.000000 1845.265825 0.002845 0.006872 0.000000 0.000000 0.000000
2.000000 1.000000 6.000000 7.000000 1726.477358 0.002661 0.006425 0.000000 0.000000 0.000000
2.000000 2.000000 6.000000 7.000000 1622.064076 0.002499 0.006032 0.000000 0.000000 -0.000000
2.000000 3.000000 6.000000 7.000000 1530.970773 0.002358 0.005690 0.000000 0.000000 -0.000000
2.000000 4.000000 6.000000 7.000000 1453.058517 0.002238 0.005398 0.000000 0.000000 -0.000000
2.000000 5.000000 6.000000 7.000000 1379.219397 0.002124 0.005122 0.000000 0.000000 -0.000000
2.000000 6.000000 6.000000 7.000000 1316.550094 0.002027 0.004887 0.000000 0.000000 -0.000000
2.000000 7.000000 6.000000 7.000000 1256.012318 0.001934 0.004661 0.000000 0.000000 -0.000000
2.000000 8.000000 6.000000 7.000000 3018.194054 0.004667 0.011319 0.006309 0.000000 0.000000
2.000000 9.000000 6.000000 7.000000 2744.363970 0.004240 0.010275 0.006557 0.000000 0.000000
2.000000 10.000000 6.000000 7.000000 2406.774462 0.003716 0.008993 0.007972 0.000000 0.000000
2.000000 11.000000 6.000000 7.000000 2627.780657 0.004059 0.009832 0.007037 0.000000 0.000000
2.000000 12.000000 6.000000 7.000000 2951.824205 0.004563 0.011066 0.006669 0.000000 0.000000
2.000000 13.000000 6.000000 7.000000 2632.824175 0.004067 0.009851 0.007147 0.000000 0.000000
2.000000 14.000000 6.000000 7.000000 2516.672671 0.003886 0.009410 0.006746 0.000000 0.000000
2.000000 15.000000 6.000000 7.000000 1624.768475 0.002504 0.006042 0.006042 0.000000 -4494.269100
2.000000 16.000000 6.000000 7.000000 1929.269409 0.002975 0.007188 0.007001 0.000000 0.000000
2.000000 17.000000 6.000000 7.000000 2684.685063 0.004148 0.010048 0.006916 0.000000 0.000000
2.000000 18.000000 6.000000 7.000000 2352.646093 0.003632 0.008788 0.006158 0.000000 0.000000
2.000000 19.000000 6.000000 7.000000 2658.293389 0.004107 0.009948 0.000000 0.000000 0.000000
2.000000 20.000000 6.000000 7.000000 2431.385008 0.003754 0.009086 0.000000 0.000000 0.000000
2.000000 21.000000 6.000000 7.000000 2199.303924 0.003394 0.008207 0.000000 0.000000 0.000000
2.000000 22.000000 6.000000 7.000000 2016.063201 0.003109 0.007515 0.000000 0.000000 0.000000
2.000000 23.000000 6.000000 7.000000 1878.543031 0.002896 0.006997 0.000000 0.000000 0.000000
2.000000 24.000000 6.000000 7.000000 1776.602167 0.002738 0.006613 0.000000 0.000000 -0.000000
2.000000 1.000000 7.000000 7.000000 1695.322596 0.002613 0.006308 0.000000 0.000000 -0.000000
2.000000 2.000000 7.000000 7.000000 1630.315560 0.002512 0.006063 0.000000 0.000000 -0.000000
2.000000 3.000000 7.000000 7.000000 1573.011416 0.002423 0.005848 0.000000 0.000000 -0.000000
2.000000 4.000000 7.000000 7.000000 1526.380287 0.002351 0.005673 0.000000 0.000000 -0.000000
2.000000 5.000000 7.000000 7.000000 1471.937011 0.002267 0.005469 0.000000 0.000000 -0.000000
2.000000 6.000000 7.000000 7.000000 1417.175748 0.002183 0.005264 0.000000 0.000000 -0.000000
2.000000 7.000000 7.000000 7.000000 1363.605378 0.002100 0.005063 0.000000 0.000000 -0.000000
2.000000 8.000000 7.000000 7.000000 2845.762358 0.004398 0.010661 0.007276 0.000000 0.000000
2.000000 9.000000 7.000000 7.000000 2610.426508 0.004032 0.009766 0.007618 0.000000 0.000000
2.000000 10.000000 7.000000 7.000000 2330.055126 0.003597 0.008702 0.008541 0.000000 0.000000
2.000000 11.000000 7.000000 7.000000 2716.520127 0.004197 0.010169 0.007214 0.000000 0.000000
2.000000 12.000000 7.000000 7.000000 2917.464786 0.004510 0.010935 0.007596 0.000000 0.000000
2.000000 13.000000 7.000000 7.000000 2646.176176 0.004088 0.009902 0.007213 0.000000 0.000000
2.000000 14.000000 7.000000 7.000000 2541.223731 0.003925 0.009503 0.006938 0.000000 0.000000
2.000000 15.000000 7.000000 7.000000 1652.420814 0.002546 0.006146 0.006146 0.000000 -1799.174125
2.000000 16.000000 7.000000 7.000000 1865.163426 0.002876 0.006946 0.006535 0.000000 0.000000
2.000000 17.000000 7.000000 7.000000 2594.708158 0.004008 0.009706 0.006301 0.000000 0.000000
2.000000 18.000000 7.000000 7.000000 2431.091579 0.003753 0.009085 0.005489 0.000000 0.000000
2.000000 19.000000 7.000000 7.000000 2519.069290 0.003890 0.009419 0.000000 0.000000 0.000000
2.000000 20.000000 7.000000 7.000000 2245.825245 0.003466 0.008383 0.000000 0.000000 0.000000
2.000000 21.000000 7.000000 7.000000 2006.517130 0.003095 0.007479 0.000000 0.000000 0.000000
2.000000 22.000000 7.000000 7.000000 1818.423750 0.002803 0.006771 0.000000 0.000000 0.000000
2.000000 23.000000 7.000000 7.000000 1680.587995 0.002590 0.006252 0.000000 0.000000 0.000000
2.000000 24.000000 7.000000 7.000000 1569.442123 0.002418 0.005835 0.000000 0.000000 0.000000
2.000000 1.000000 1.000000 7.000000 1476.353370 0.002274 0.005486 0.000000 0.000000 -0.000000
2.000000 2.000000 1.000000 7.000000 1390.600450 0.002141 0.005164 0.000000 0.000000 -0.000000
2.000000 3.000000 1.000000 7.000000 1309.801952 0.002017 0.004862 0.000000 0.000000 -0.000000
2.000000 4.000000 1.000000 7.000000 1235.348998 0.001902 0.004584 0.000000 0.000000 -0.000000
2.000000 5.000000 1.000000 7.000000 1167.094861 0.001796 0.004329 0.000000 0.000000 -0.000000
2.000000 6.000000 1.000000 7.000000 1110.492533 0.001709 0.004117 0.000000 0.000000 -0.000000
2.000000 7.000000 1.000000 7.000000 1057.964883 0.001628 0.003921 0.000000 0.000000 -0.000000
2.000000 8.000000 1.000000 7.000000 3341.196987 0.005170 0.012555 0.005170 1252.847808 0.000000
2.000000 9.000000 1.000000 7.000000 3011.262668 0.004656 0.011292 0.004741 0.000000 0.000000
2.000000 10.000000 1.000000 7.000000 2633.662485 0.004068 0.009854 0.005736 0.000000 0.000000
2.000000 11.000000 1.000000 7.000000 2346.474593 0.003622 0.008764 0.005232 0.000000 0.000000
2.000000 12.000000 1.000000 7.000000 2796.905705 0.004322 0.010475 0.005542 0.000000 0.000000
2.000000 13.000000 1.000000 7.000000 2846.390549 0.004399 0.010664 0.005473 0.000000 0.000000
2.000000 14.000000 1.000000 7.000000 2681.729784 0.004143 0.010037 0.005610 0.000000 0.000000
2.000000 15.000000 1.000000 7.000000 1730.269395 0.002667 0.006439 0.005821 0.000000 0.000000
2.000000 16.000000 1.000000 7.000000 1805.930135 0.002784 0.006723 0.005951 0.000000 0.000000
2.000000 17.000000 1.000000 7.000000 2484.489588 0.003836 0.009288 0.005697 0.000000 0.000000
2.000000 18.000000 1.000000 7.000000 2501.374186 0.003863 0.009352 0.004985 0.000000 0.000000
2.000000 19.000000 1.000000 7.000000 2483.702731 0.003835 0.009285 0.000000 0.000000 0.000000
2.000000 20.000000 1.000000 7.000000 2213.847006 0.003416 0.008262 0.000000 0.000000 0.000000
2.000000 21.000000 1.000000 7.000000 2005.054292 0.003092 0.007474 0.000000 0.000000 0.000000
2.000000 22.000000 1.000000 7.000000 1845.512109 0.002845 0.006872 0.000000 0.000000 0.000000
2.000000 23.000000 1.000000 7.000000 1731.697646 0.002669 0.006444 0.000000 0.000000 0.000000
2.000000 24.000000 1.000000 7.000000 1631.878002 0.002515 0.006069 0.000000 0.000000 0.000000
2.000000 1.000000 2.000000 7.000000 1550.761438 0.002389 0.005765 0.000000 0.000000 -0.000000
2.000000 2.000000 2.000000 7.000000 1489.484999 0.002294 0.005535 0.000000 0.000000 -0.000000
2.000000 3.000000 2.000000 7.000000 1433.420170 0.002208 0.005325 0.000000 0.000000 -0.000000
2.000000 4.000000 2.000000 7.000000 1380.667876 0.002126 0.005127 0.000000 0.000000 -0.000000
2.000000 5.000000 2.000000 7.000000 1336.668910 0.002058 0.004962 0.000000 0.000000 -0.000000
2.000000 6.000000 2.000000 7.000000 1308.954359 0.002015 0.004859 0.000000 0.000000 -0.000000
2.000000 7.000000 2.000000 7.000000 1280.846576 0.001972 0.004754 0.000000 0.000000 -0.000000
2.000000 8.000000 2.000000 7.000000 2938.068689 0.004542 0.011013 0.005250 0.000000 0.000000
2.000000 9.000000 2.000000 7.000000 2728.401128 0.004216 0.010214 0.004849 0.000000 0.000000
2.000000 10.000000 2.000000 7.000000 2464.841201 0.003806 0.009213 0.005581 0.000000 0.000000
2.000000 11.000000 2.000000 7.000000 2451.588916 0.003785 0.009163 0.005740 0.000000 0.000000
2.000000 12.000000 2.000000 7.000000 2812.139219 0.004346 0.010533 0.005784 0.000000 0.000000
2.000000 13.000000 2.000000 7.000000 2861.834861 0.004423 0.010722 0.005453 0.000000 0.000000
2.000000 14.000000 2.000000 7.000000 2779.627658 0.004295 0.010409 0.005699 0.000000 0.000000
2.000000 15.000000 2.000000 7.000000 1831.781065 0.002824 0.006821 0.005707 0.000000 0.000000
2.000000 16.000000 2.000000 7.000000 1536.200081 0.002367 0.005710 0.005101 0.000000 0.000000
2.000000 17.000000 2.000000 7.000000 2151.999245 0.003320 0.008029 0.005112 0.000000 0.000000
2.000000 18.000000 2.000000 7.000000 2690.791969 0.004157 0.010071 0.004622 0.000000 0.000000
2.000000 19.000000 2.000000 7.000000 2280.359317 0.003519 0.008514 0.000000 0.000000 0.000000
2.000000 20.000000 2.000000 7.000000 2015.583491 0.003109 0.007513 0.000000 0.000000 0.000000
2.000000 21.000000 2.000000 7.000000 1839.954717 0.002837 0.006852 0.000000 0.000000 0.000000
2.000000 22.000000 2.000000 7.000000 1703.519949 0.002625 0.006338 0.000000 0.000000 0.000000
2.000000 23.000000 2.000000 7.000000 1620.986974 0.002498 0.006028 0.000000 0.000000 0.000000
2.000000 24.000000 2.000000 7.000000 1557.297326 0.002399 0.005789 0.000000 0.000000 0.000000
2.000000 1.000000 3.000000 7.000000 1506.674485 0.002321 0.005599 0.000000 0.000000 -0.000000
2.000000 2.000000 3.000000 7.000000 1469.062146 0.002263 0.005458 0.000000 0.000000 -0.000000
2.000000 3.000000 3.000000 7.000000 1434.417982 0.002209 0.005329 0.000000 0.000000 -0.000000
2.000000 4.000000 3.000000 7.000000 1405.569607 0.002165 0.005220 0.000000 0.000000 -0.000000
2.000000 5.000000 3.000000 7.000000 1379.690616 0.002125 0.005124 0.000000 0.000000 -0.000000
2.000000 6.000000 3.000000 7.000000 1358.989281 0.002093 0.005046 0.000000 0.000000 -0.000000
2.000000 7.000000 3.000000 7.000000 1338.690146 0.002061 0.004970 0.000000 0.000000 -0.000000
2.000000 8.000000 3.000000 7.000000 2391.913619 0.003693 0.008936 0.000000 0.000000 0.000000
2.000000 9.000000 3.000000 7.000000 2891.737448 0.004470 0.010836 0.000000 0.000000 0.000000
2.000000 10.000000 3.000000 7.000000 3485.997303 0.005396 0.013110 0.000000 0.000000 0.000000
2.000000 11.000000 3.000000 7.000000 4468.496482 0.006934 0.016906 0.000000 0.000000 0.000000
2.000000 12.000000 3.000000 7.000000 5428.277483 0.008444 0.020657 0.000000 0.000000 0.000000
2.000000 13.000000 3.000000 7.000000 6266.201799 0.009768 0.023969 0.000000 0.000000 0.000000
2.000000 14.000000 3.000000 7.000000 6602.302688 0.010300 0.025307 0.000000 0.000000 0.000000
2.000000 15.000000 3.000000 7.000000 12537.258785 0.019855 0.049880 0.000000 0.000000 0.000000
2.000000 16.000000 3.000000 7.000000 25624.258001 0.041979 0.111261 0.000000 0.000000 0.000000
2.000000 17.000000 3.000000 7.000000 49586.302554 0.086706 0.258555 0.000000 0.000000 0.000000
2.000000 18.000000 3.000000 7.000000 10265.132561 0.016163 0.040255 0.000000 0.000000 -0.000000
2.000000 19.000000 3.000000 7.000000 3502.384386 0.005422 0.013173 0.000000 0.000000 -0.000000
2.000000 20.000000 3.000000 7.000000 2693.445041 0.004161 0.010081 0.000000 0.000000 -0.000000
2.000000 21.000000 3.000000 7.000000 2375.225692 0.003667 0.008873 0.000000 0.000000 0.000000
2.000000 22.000000 3.000000 7.000000 2163.783091 0.003339 0.008073 0.000000 0.000000 0.000000
2.000000 23.000000 3.000000 7.000000 2011.075066 0.003102 0.007496 0.000000 0.000000 0.000000
2.000000 24.000000 3.000000 7.000000 1889.676056 0.002914 0.007039 0.000000 0.000000 -0.000000
2.000000 1.000000 4.000000 7.000000 1791.516268 0.002762 0.006669 0.000000 0.000000 -0.000000
2.000000 2.000000 4.000000 7.000000 1705.072946 0.002628 0.006344 0.000000 0.000000 -0.000000
2.000000 3.000000 4.000000 7.000000 1631.928494 0.002515 0.006069 0.000000 0.000000 -0.000000
2.000000 4.000000 4.000000 7.000000 1571.677555 0.002421 0.005843 0.000000 0.000000 -0.000000
2.000000 5.000000 4.000000 7.000000 1525.830692 0.002350 0.005671 0.000000 0.000000 -0.000000
2.000000 6.000000 4.000000 7.000000 1480.125874 0.002280 0.005500 0.000000 0.000000 -0.000000
2.000000 7.000000 4.000000 7.000000 1444.993427 0.002226 0.005368 0.000000 0.000000 -0.000000
2.000000 8.000000 4.000000 7.000000 2547.756108 0.003935 0.009528 0.000000 0.000000 0.000000
2.000000 9.000000 4.000000 7.000000 3089.929567 0.004778 0.011593 0.000000 0.000000 0.000000
2.000000 10.000000 4.000000 7.000000 3689.272327 0.005714 0.013892 0.000000 0.000000 0.000000
2.000000 11.000000 4.000000 7.000000 4752.098537 0.007379 0.018010 0.000000 0.000000 0.000000
2.000000 12.000000 4.000000 7.000000 5882.944218 0.009161 0.022450 0.000000 0.000000 0.000000
2.000000 13.000000 4.000000 7.000000 6829.080498 0.010660 0.026213 0.000000 0.000000 0.000000
2.000000 14.000000 4.000000 7.000000 7252.724419 0.011333 0.027912 0.000000 0.000000 0.000000
2.000000 15.000000 4.000000 7.000000 13876.028617 0.022050 0.055684 0.000000 0.000000 0.000000
2.000000 16.000000 4.000000 7.000000 27633.012648 0.045510 0.121690 0.000000 0.000000 0.000000
2.000000 17.000000 4.000000 7.000000 52435.092000 0.092428 0.280098 0.000000 0.000000 0.000000
2.000000 18.000000 4.000000 7.000000 11104.980357 0.017523 0.043781 0.000000 0.000000 -0.000000
2.000000 19.000000 4.000000 7.000000 3765.471705 0.005833 0.014185 0.000000 0.000000 -0.000000
2.000000 20.000000 4.000000 7.000000 2855.558201 0.004413 0.010698 0.000000 0.000000 -0.000000
2.000000 21.000000 4.000000 7.000000 2469.888208 0.003814 0.009232 0.000000 0.000000 0.000000
2.000000 22.000000 4.000000 7.000000 2205.529408 0.003403 0.008231 0.000000 0.000000 0.000000
2.000000 23.000000 4.000000 7.000000 2002.640324 0.003089 0.007465 0.000000 0.000000 0.000000
2.000000 24.000000 4.000000 7.000000 1848.481458 0.002850 0.006884 0.000000 0.000000 -0.000000
2.000000 1.000000 5.000000 7.000000 1718.920597 0.002649 0.006396 0.000000 0.000000 0.000000
2.000000 2.000000 5.000000 7.000000 1612.069791 0.002484 0.005995 0.000000 0.000000 -0.000000
2.000000 3.000000 5.000000 7.000000 1513.790059 0.002332 0.005626 0.000000 0.000000 -0.000000
2.000000 4.000000 5.000000 7.000000 1425.413056 0.002195 0.005295 0.000000 0.000000 -0.000000
2.000000 5.000000 5.000000 7.000000 1349.227268 0.002078 0.005009 0.000000 0.000000 -0.000000
2.000000 6.000000 5.000000 7.000000 1268.783867 0.001953 0.004709 0.000000 0.000000 -0.000000
2.000000 7.000000 5.000000 7.000000 1209.403254 0.001862 0.004487 0.000000 0.000000 -0.000000
2.000000 8.000000 5.000000 7.000000 3137.898171 0.004853 0.011776 0.005591 0.000000 0.000000
2.000000 9.000000 5.000000 7.000000 2818.071107 0.004355 0.010556 0.005923 0.000000 0.000000
2.000000 10.000000 5.000000 7.000000 2473.036129 0.003819 0.009244 0.006752 0.000000 0.000000
2.000000 11.000000 5.000000 7.000000 2532.501898 0.003911 0.009470 0.006536 0.000000 0.000000
2.000000 12.000000 5.000000 7.000000 2980.407422 0.004608 0.011175 0.007073 0.000000 0.000000
2.000000 13.000000 5.000000 7.000000 2627.435173 0.004059 0.009830 0.007669 0.000000 0.000000
2.000000 14.000000 5.000000 7.000000 2491.750646 0.003848 0.009315 0.006668 0.000000 0.000000
2.000000 15.000000 5.000000 7.000000 1613.693383 0.002486 0.006001 0.006001 0.000000 -3624.654799
2.000000 16.000000 5.000000 7.000000 2010.554939 0.003101 0.007494 0.007216 0.000000 0.000000
2.000000 17.000000 5.000000 7.000000 2765.687215 0.004274 0.010356 0.006835 0.000000 0.000000
2.000000 18.000000 5.000000 7.000000 2327.532432 0.003593 0.008693 0.006049 0.000000 0.000000
2.000000 19.000000 5.000000 7.000000 2684.995884 0.004148 0.010049 0.000000 0.000000 0.000000
2.000000 20.000000 5.000000 7.000000 2451.156618 0.003785 0.009161 0.000000 0.000000 0.000000
2.000000 21.000000 5.000000 7.000000 2209.310678 0.003409 0.008245 0.000000 0.000000 0.000000
2.000000 22.000000 5.000000 7.000000 2013.378180 0.003105 0.007505 0.000000 0.000000 0.000000
2.000000 23.000000 5.000000 7.000000 1849.316814 0.002851 0.006887 0.000000 0.000000 0.000000
2.000000 24.000000 5.000000 7.000000 1713.783710 0.002641 0.006377 0.000000 0.000000 0.000000
2.000000 1.000000 6.000000 7.000000 1596.389386 0.002460 0.005936 0.000000 0.000000 -0.000000
2.000000 2.000000 6.000000 7.000000 1499.830499 0.002310 0.005574 0.000000 0.000000 -0.000000
2.000000 3.000000 6.000000 7.000000 1416.330012 0.002181 0.005261 0.000000 0.000000 -0.000000
2.000000 4.000000 6.000000 7.000000 1346.599296 0.002073 0.005000 0.000000 0.000000 -0.000000
2.000000 5.000000 6.000000 7.000000 1276.437977 0.001965 0.004737 0.000000 0.000000 -0.000000
2.000000 6.000000 6.000000 7.000000 1202.560510 0.001851 0.004461 0.000000 0.000000 -0.000000
2.000000 7.000000 6.000000 7.000000 1140.810024 0.001756 0.004230 0.000000 0.000000 -0.000000
2.000000 8.000000 6.000000 7.000000 3217.579443 0.004977 0.012081 0.004977 449.638598 0.000000
2.000000 9.000000 6.000000 7.000000 2911.234134 0.004500 0.010911 0.004642 0.000000 0.000000
2.000000 10.000000 6.000000 7.000000 2551.214021 0.003940 0.009541 0.005672 0.000000 0.000000
2.000000 11.000000 6.000000 7.000000 2427.551347 0.003748 0.009072 0.005225 0.000000 0.000000
2.000000 12.000000 6.000000 7.000000 2899.860927 0.004482 0.010867 0.005821 0.000000 0.000000
2.000000 13.000000 6.000000 7.000000 2789.084000 0.004310 0.010445 0.006338 0.000000 0.000000
2.000000 14.000000 6.000000 7.000000 2630.524502 0.004063 0.009842 0.006126 0.000000 0.000000
2.000000 15.000000 6.000000 7.000000 1692.242606 0.002608 0.006296 0.006056 0.000000 0.000000
2.000000 16.000000 6.000000 7.000000 1881.378130 0.002901 0.007008 0.006836 0.000000 0.000000
2.000000 17.000000 6.000000 7.000000 2657.574945 0.004105 0.009945 0.006558 0.000000 0.000000
2.000000 18.000000 6.000000 7.000000 2372.648328 0.003663 0.008863 0.005910 0.000000 0.000000
2.000000 19.000000 6.000000 7.000000 2659.386329 0.004108 0.009952 0.000000 0.000000 0.000000
2.000000 20.000000 6.000000 7.000000 2452.806935 0.003787 0.009167 0.000000 0.000000 0.000000
2.000000 21.000000 6.000000 7.000000 2251.212580 0.003474 0.008404 0.000000 0.000000 0.000000
2.000000 22.000000 6.000000 7.000000 2099.155643 0.003238 0.007829 0.000000 0.000000 0.000000
2.000000 23.000000 6.000000 7.000000 1956.548790 0.003017 0.007291 0.000000 0.000000 0.000000
2.000000 24.000000 6.000000 7.000000 1852.657664 0.002856 0.006899 0.000000 0.000000 -0.000000
2.000000 1.000000 7.000000 7.000000 1667.198777 0.002569 0.006202 0.000000 0.000000 -0.000000
2.000000 2.000000 7.000000 7.000000 1572.142766 0.002422 0.005845 0.000000 0.000000 0.000000
2.000000 3.000000 7.000000 7.000000 1485.912576 0.002289 0.005521 0.000000 0.000000 -0.000000
2.000000 4.000000 7.000000 7.000000 1406.580732 0.002166 0.005224 0.000000 0.000000 -0.000000
2.000000 5.000000 7.000000 7.000000 1334.679664 0.002055 0.004955 0.000000 0.000000 -0.000000
2.000000 6.000000 7.000000 7.000000 1268.231144 0.001952 0.004706 0.000000 0.000000 -0.000000
2.000000 7.000000 7.000000 7.000000 1205.973325 0.001856 0.004474 0.000000 0.000000 -0.000000
2.000000 8.000000 7.000000 7.000000 3090.068304 0.004779 0.011593 0.004779 1369.926873 0.000000
2.000000 9.000000 7.000000 7.000000 2794.615620 0.004319 0.010466 0.004609 0.000000 0.000000
2.000000 10.000000 7.000000 7.000000 2454.088738 0.003789 0.009172 0.005904 0.000000 0.000000
2.000000 11.000000 7.000000 7.000000 2580.476912 0.003986 0.009652 0.006700 0.000000 0.000000
2.000000 12.000000 7.000000 7.000000 2951.818661 0.004563 0.011066 0.004826 0.000000 0.000000
2.000000 13.000000 7.000000 7.000000 2594.511830 0.004007 0.009705 0.006229 0.000000 0.000000
2.000000 14.000000 7.000000 7.000000 2468.777520 0.003812 0.009228 0.005828 0.000000 0.000000
2.000000 15.000000 7.000000 7.000000 1593.428405 0.002455 0.005925 0.005925 0.000000 -2640.547022
2.000000 16.000000 7.000000 7.000000 2053.394398 0.003167 0.007656 0.005913 0.000000 0.000000
2.000000 17.000000 7.000000 7.000000 2838.758196 0.004387 0.010634 0.005831 0.000000 0.000000
2.000000 18.000000 7.000000 7.000000 2333.857269 0.003602 0.008717 0.004371 0.000000 0.000000
2.000000 19.000000 7.000000 7.000000 2663.132366 0.004114 0.009966 0.000000 0.000000 0.000000
2.000000 20.000000 7.000000 7.000000 2411.430905 0.003723 0.009010 0.000000 0.000000 0.000000
2.000000 21.000000 7.000000 7.000000 2159.564893 0.003332 0.008057 0.000000 0.000000 0.000000
2.000000 22.000000 7.000000 7.000000 1968.679276 0.003036 0.007337 0.000000 0.000000 0.000000
2.000000 23.000000 7.000000 7.000000 1814.663816 0.002797 0.006756 0.000000 0.000000 0.000000
2.000000 24.000000 7.000000 7.000000 1686.957089 0.002600 0.006276 0.000000 0.000000 0.000000
2.000000 1.000000 1.000000 7.000000 1578.979973 0.002433 0.005871 0.000000 0.000000 -0.000000
2.000000 2.000000 1.000000 7.000000 1485.925710 0.002289 0.005522 0.000000 0.000000 -0.000000
2.000000 3.000000 1.000000 7.000000 1404.650781 0.002163 0.005217 0.000000 0.000000 -0.000000
2.000000 4.000000 1.000000 7.000000 1330.896689 0.002049 0.004941 0.000000 0.000000 -0.000000
2.000000 5.000000 1.000000 7.000000 1263.682632 0.001945 0.004689 0.000000 0.000000 -0.000000
2.000000 6.000000 1.000000 7.000000 1204.956096 0.001855 0.004470 0.000000 0.000000 -0.000000
2.000000 7.000000 1.000000 7.000000 1157.879942 0.001782 0.004294 0.000000 0.000000 0.000000
2.000000 8.000000 1.000000 7.000000 3155.011197 0.004880 0.011842 0.004880 3146.152691 0.000000
2.000000 9.000000 1.000000 7.000000 2849.841016 0.004405 0.010677 0.004405 1707.129928 0.000000
2.000000 10.000000 1.000000 7.000000 2492.351172 0.003849 0.009317 0.005145 0.000000 0.000000
2.000000 11.000000 1.000000 7.000000 2558.257297 0.003951 0.009568 0.005969 0.000000 0.000000
2.000000 12.000000 1.000000 7.000000 2989.953680 0.004623 0.011211 0.005917 0.000000 0.000000
2.000000 13.000000 1.000000 7.000000 2623.225960 0.004052 0.009814 0.006279 0.000000 0.000000
2.000000 14.000000 1.000000 7.000000 2461.076731 0.003800 0.009199 0.006251 0.000000 0.000000
2.000000 15.000000 1.000000 7.000000 1582.165763 0.002438 0.005883 0.005883 0.000000 -2158.902396
2.000000 16.000000 1.000000 7.000000 2025.103236 0.003123 0.007549 0.005983 0.000000 0.000000
2.000000 17.000000 1.000000 7.000000 2767.096594 0.004276 0.010362 0.005568 0.000000 0.000000
2.000000 18.000000 1.000000 7.000000 2368.343770 0.003656 0.008847 0.004707 0.000000 0.000000
2.000000 19.000000 1.000000 7.000000 2615.301030 0.004040 0.009784 0.000000 0.000000 0.000000
2.000000 20.000000 1.000000 7.000000 2361.369129 0.003645 0.008821 0.000000 0.000000 0.000000
2.000000 21.000000 1.000000 7.000000 2119.237501 0.003269 0.007905 0.000000 0.000000 0.000000
2.000000 22.000000 1.000000 7.000000 1933.676321 0.002982 0.007205 0.000000 0.000000 0.000000
2.000000 23.000000 1.000000 7.000000 1786.604446 0.002754 0.006651 0.000000 0.000000 0.000000
2.000000 24.000000 1.000000 7.000000 1673.310243 0.002579 0.006225 0.000000 0.000000 0.000000
2.000000 1.000000 2.000000 7.000000 1580.622738 0.002435 0.005877 0.000000 0.000000 0.000000
2.000000 2.000000 2.000000 7.000000 1496.846723 0.002306 0.005562 0.000000 0.000000 0.000000
2.000000 3.000000 2.000000 7.000000 1413.141626 0.002176 0.005249 0.000000 0.000000 -0.000000
2.000000 4.000000 2.000000 7.000000 1342.133803 0.002067 0.004983 0.000000 0.000000 -0.000000
2.000000 5.000000 2.000000 7.000000 1281.318494 0.001973 0.004755 0.000000 0.000000 0.000000
2.000000 6.000000 2.000000 7.000000 1227.374709 0.001889 0.004554 0.000000 0.000000 0.000000
2.000000 7.000000 2.000000 7.000000 1177.327717 0.001812 0.004367 0.000000 0.000000 0.000000
2.000000 8.000000 2.000000 7.000000 3101.644587 0.004797 0.011638 0.004797 3488.859446 0.000000
2.000000 9.000000 2.000000 7.000000 2865.288536 0.004429 0.010736 0.004429 1505.305431 0.000000
2.000000 10.000000 2.000000 7.000000 2567.254942 0.003965 0.009602 0.004846 0.000000 0.000000
2.000000 11.000000 2.000000 7.000000 2466.329390 0.003808 0.009219 0.006133 0.000000 0.000000
2.000000 12.000000 2.000000 7.000000 3004.746787 0.004646 0.011268 0.007544 0.000000 0.000000
2.000000 13.000000 2.000000 7.000000 2726.065277 0.004212 0.010205 0.006894 0.000000 0.000000
2.000000 14.000000 2.000000 7.000000 2596.927305 0.004011 0.009714 0.007267 0.000000 0.000000
2.000000 15.000000 2.000000 7.000000 1689.911937 0.002604 0.006287 0.006287 0.000000 -1997.637654
2.000000 16.000000 2.000000 7.000000 1833.126491 0.002826 0.006826 0.006214 0.000000 0.000000
2.000000 17.000000 2.000000 7.000000 2577.748063 0.003981 0.009642 0.005982 0.000000 0.000000
2.000000 18.000000 2.000000 7.000000 2439.803914 0.003767 0.009118 0.004882 0.000000 0.000000
2.000000 19.000000 2.000000 7.000000 2560.926053 0.003955 0.009578 0.000000 0.000000 0.000000
2.000000 20.000000 2.000000 7.000000 2312.911022 0.003570 0.008637 0.000000 0.000000 0.000000
2.000000 21.000000 2.000000 7.000000 2065.617497 0.003186 0.007702 0.000000 0.000000 0.000000
2.000000 22.000000 2.000000 7.000000 1879.214007 0.002897 0.006999 0.000000 0.000000 0.000000
2.000000 23.000000 2.000000 7.000000 1752.102066 0.002701 0.006521 0.000000 0.000000 0.000000
2.000000 24.000000 2.000000 7.000000 1654.767015 0.002550 0.006155 0.000000 0.000000 -0.000000
2.000000 1.000000 3.000000 7.000000 1575.967480 0.002428 0.005859 0.000000 0.000000 -0.000000
2.000000 2.000000 3.000000 7.000000 1508.936868 0.002324 0.005608 0.000000 0.000000 -0.000000
2.000000 3.000000 3.000000 7.000000 1442.049348 0.002221 0.005357 0.000000 0.000000 -0.000000
2.000000 4.000000 3.000000 7.000000 1393.776619 0.002146 0.005176 0.000000 0.000000 -0.000000
2.000000 5.000000 3.000000 7.000000 1354.842781 0.002086 0.005031 0.000000 0.000000 -0.000000
2.000000 6.000000 3.000000 7.000000 1308.653436 0.002015 0.004858 0.000000 0.000000 -0.000000
2.000000 7.000000 3.000000 7.000000 1262.192485 0.001943 0.004684 0.000000 0.000000 -0.000000
2.000000 8.000000 3.000000 7.000000 2225.650426 0.003434 0.008307 0.000000 0.000000 0.000000
2.000000 9.000000 3.000000 7.000000 2733.629668 0.004224 0.010234 0.000000 0.000000 0.000000
2.000000 10.000000 3.000000 7.000000 3291.152275 0.005092 0.012363 0.000000 0.000000 0.000000
2.000000 11.000000 3.000000 7.000000 4390.860474 0.006812 0.016604 0.000000 0.000000 0.000000
2.000000 12.000000 3.000000 7.000000 5520.339726 0.008589 0.021020 0.000000 0.000000 0.000000
2.000000 13.000000 3.000000 7.000000 6482.762092 0.010111 0.024830 0.000000 0.000000 0.000000
2.000000 14.000000 3.000000 7.000000 6993.717456 0.010921 0.026872 0.000000 0.000000 0.000000
2.000000 15.000000 3.000000 7.000000 13497.534503 0.021428 0.054033 0.000000 0.000000 0.000000
2.000000 16.000000 3.000000 7.000000 27415.767545 0.045127 0.120548 0.000000 0.000000 0.000000
2.000000 17.000000 3.000000 7.000000 52408.061556 0.092373 0.279889 0.000000 0.000000 0.000000
2.000000 18.000000 3.000000 7.000000 10885.162356 0.017166 0.042854 0.000000 0.000000 -0.000000
2.000000 19.000000 3.000000 7.000000 3610.567799 0.005591 0.013589 0.000000 0.000000 -0.000000
2.000000 20.000000 3.000000 7.000000 2707.940917 0.004184 0.010136 0.000000 0.000000 -0.000000
2.000000 21.000000 3.000000 7.000000 2336.232758 0.003606 0.008726 0.000000 0.000000 0.000000
2.000000 22.000000 3.000000 7.000000 2100.211599 0.003240 0.007833 0.000000 0.000000 0.000000
2.000000 23.000000 3.000000 7.000000 1922.738196 0.002965 0.007163 0.000000 0.000000 -0.000000
2.000000 24.000000 3.000000 7.000000 1769.655391 0.002728 0.006587 0.000000 0.000000 -0.000000
2.000000 1.000000 4.000000 7.000000 1644.151128 0.002533 0.006115 0.000000 0.000000 -0.000000
2.000000 2.000000 4.000000 7.000000 1552.257707 0.002391 0.005770 0.000000 0.000000 -0.000000
2.000000 3.000000 4.000000 7.000000 1471.074542 0.002266 0.005466 0.000000 0.000000 -0.000000
2.000000 4.000000 4.000000 7.000000 1399.685137 0.002155 0.005198 0.000000 0.000000 -0.000000
2.000000 5.000000 4.000000 7.000000 1337.119258 0.002059 0.004964 0.000000 0.000000 -0.000000
2.000000 6.000000 4.000000 7.000000 1270.175011 0.001955 0.004714 0.000000 0.000000 -0.000000
2.000000 7.000000 4.000000 7.000000 1215.212748 0.001871 0.004508 0.000000 0.000000 -0.000000
2.000000 8.000000 4.000000 7.000000 2143.477216 0.003307 0.007996 0.000000 0.000000 0.000000
2.000000 9.000000 4.000000 7.000000 2640.187847 0.004078 0.009879 0.000000 0.000000 0.000000
2.000000 10.000000 4.000000 7.000000 3292.653023 0.005095 0.012369 0.000000 0.000000 0.000000
2.000000 11.000000 4.000000 7.000000 4411.912244 0.006845 0.016686 0.000000 0.000000 0.000000
2.000000 12.000000 4.000000 7.000000 5643.018223 0.008782 0.021503 0.000000 0.000000 0.000000
2.000000 13.000000 4.000000 7.000000 6837.632075 0.010674 0.026247 0.000000 0.000000 0.000000
2.000000 14.000000 4.000000 7.000000 7572.728696 0.011843 0.029201 0.000000 0.000000 0.000000
2.000000 15.000000 4.000000 7.000000 14868.290792 0.023687 0.060050 0.000000 0.000000 0.000000
2.000000 16.000000 4.000000 7.000000 30847.337363 0.051240 0.139009 0.000000 0.000000 0.000000
2.000000 17.000000 4.000000 7.000000 58872.202266 0.105703 0.332887 0.000000 0.000000 0.000000
2.000000 18.000000 4.000000 7.000000 12612.559604 0.019978 0.050204 0.000000 0.000000 -0.000000
2.000000 19.000000 4.000000 7.000000 4270.311566 0.006623 0.016136 0.000000 0.000000 -0.000000
2.000000 20.000000 4.000000 7.000000 3204.504961 0.004957 0.012031 0.000000 0.000000 -0.000000
2.000000 21.000000 4.000000 7.000000 2741.341313 0.004236 0.010264 0.000000 0.000000 0.000000
2.000000 22.000000 4.000000 7.000000 2422.242740 0.003740 0.009051 0.000000 0.000000 -0.000000
2.000000 23.000000 4.000000 7.000000 2197.292647 0.003390 0.008200 0.000000 0.000000 -0.000000
2.000000 24.000000 4.000000 7.000000 2020.381303 0.003116 0.007532 0.000000 0.000000 -0.000000
2.000000 1.000000 5.000000 7.000000 1875.297294 0.002891 0.006985 0.000000 0.000000 -0.000000
2.000000 2.000000 5.000000 7.000000 1754.646359 0.002705 0.006531 0.000000 0.000000 -0.000000
2.000000 3.000000 5.000000 7.000000 1644.351857 0.002534 0.006116 0.000000 0.000000 -0.000000
2.000000 4.000000 5.000000 7.000000 1544.640971 0.002380 0.005742 0.000000 0.000000 -0.000000
2.000000 5.000000 5.000000 7.000000 1458.211457 0.002246 0.005418 0.000000 0.000000 -0.000000
2.000000 6.000000 5.000000 7.000000 1383.031707 0.002130 0.005136 0.000000 0.000000 -0.000000
2.000000 7.000000 5.000000 7.000000 1313.962476 0.002023 0.004878 0.000000 0.000000 -0.000000
2.000000 8.000000 5.000000 7.000000 2938.580062 0.004543 0.011015 0.005106 0.000000 0.000000
2.000000 9.000000 5.000000 7.000000 2669.136252 0.004123 0.009989 0.005085 0.000000 0.000000
2.000000 10.000000 5.000000 7.000000 2332.894194 0.003601 0.008713 0.006146 0.000000 0.000000
2.000000 11.000000 5.000000 7.000000 2738.067572 0.004231 0.010251 0.006474 0.000000 0.000000
2.000000 12.000000 5.000000 7.000000 2828.919071 0.004372 0.010597 0.007451 0.000000 0.000000
2.000000 13.000000 5.000000 7.000000 2528.881127 0.003905 0.009456 0.007086 0.000000 0.000000
2.000000 14.000000 5.000000 7.000000 2402.730895 0.003709 0.008977 0.007414 0.000000 0.000000
2.000000 15.000000 5.000000 7.000000 1555.278644 0.002396 0.005782 0.005782 0.000000 -2197.448736
2.000000 16.000000 5.000000 7.000000 2064.506378 0.003185 0.007698 0.006514 0.000000 0.000000
2.000000 17.000000 5.000000 7.000000 2856.006077 0.004414 0.010700 0.006913 0.000000 0.000000
2.000000 18.000000 5.000000 7.000000 2284.500331 0.003526 0.008530 0.005700 0.000000 0.000000
2.000000 19.000000 5.000000 7.000000 2733.946544 0.004224 0.010235 0.000000 0.000000 0.000000
2.000000 20.000000 5.000000 7.000000 2489.599463 0.003844 0.009307 0.000000 0.000000 0.000000
2.000000 21.000000 5.000000 7.000000 2272.312764 0.003507 0.008484 0.000000 0.000000 0.000000
2.000000 22.000000 5.000000 7.000000 2092.743477 0.003228 0.007805 0.000000 0.000000 0.000000
2.000000 23.000000 5.000000 7.000000 1947.151983 0.003003 0.007255 0.000000 0.000000 0.000000
2.000000 24.000000 5.000000 7.000000 1831.256452 0.002823 0.006819 0.000000 0.000000 -0.000000
2.000000 1.000000 6.000000 7.000000 1732.702514 0.002671 0.006448 0.000000 0.000000 -0.000000
2.000000 2.000000 6.000000 7.000000 1646.394025 0.002537 0.006124 0.000000 0.000000 -0.000000
2.000000 3.000000 6.000000 7.000000 1569.442981 0.002418 0.005835 0.000000 0.000000 -0.000000
2.000000 4.000000 6.000000 7.000000 1494.817756 0.002303 0.005555 0.000000 0.000000 -0.000000
2.000000 5.000000 6.000000 7.000000 1423.121527 0.002192 0.005286 0.000000 0.000000 -0.000000
2.000000 6.000000 6.000000 7.000000 1361.604519 0.002097 0.005056 0.000000 0.000000 -0.000000
2.000000 7.000000 6.000000 7.000000 1308.834052 0.002015 0.004858 0.000000 0.000000 -0.000000
2.000000 8.000000 6.000000 7.000000 2933.577602 0.004535 0.010996 0.005141 0.000000 0.000000
2.000000 9.000000 6.000000 7.000000 2683.054825 0.004145 0.010042 0.004331 0.000000 0.000000
2.000000 10.000000 6.000000 7.000000 2379.688808 0.003674 0.008890 0.004986 0.000000 0.000000
2.000000 11.000000 6.000000 7.000000 2616.564802 0.004042 0.009789 0.005686 0.000000 0.000000
2.000000 12.000000 6.000000 7.000000 2977.493243 0.004603 0.011164 0.006091 0.000000 0.000000
2.000000 13.000000 6.000000 7.000000 2715.207973 0.004195 0.010164 0.006464 0.000000 0.000000
2.000000 14.000000 6.000000 7.000000 2586.220344 0.003994 0.009674 0.006963 0.000000 0.000000
2.000000 15.000000 6.000000 7.000000 1670.177844 0.002574 0.006213 0.005808 0.000000 0.000000
2.000000 16.000000 6.000000 7.000000 1836.319323 0.002831 0.006838 0.005805 0.000000 0.000000
2.000000 17.000000 6.000000 7.000000 2553.925664 0.003944 0.009551 0.005600 0.000000 0.000000
2.000000 18.000000 6.000000 7.000000 2438.814235 0.003765 0.009114 0.005529 0.000000 0.000000
2.000000 19.000000 6.000000 7.000000 2543.517402 0.003928 0.009512 0.000000 0.000000 0.000000
2.000000 20.000000 6.000000 7.000000 2309.883784 0.003565 0.008626 0.000000 0.000000 0.000000
2.000000 21.000000 6.000000 7.000000 2096.577214 0.003234 0.007819 0.000000 0.000000 0.000000
2.000000 22.000000 6.000000 7.000000 1943.505894 0.002997 0.007242 0.000000 0.000000 0.000000
2.000000 23.000000 6.000000 7.000000 1826.439667 0.002816 0.006801 0.000000 0.000000 0.000000
2.000000 24.000000 6.000000 7.000000 1732.024634 0.002669 0.006445 0.000000 0.000000 -0.000000
2.000000 1.000000 7.000000 7.000000 1658.378090 0.002556 0.006169 0.000000 0.000000 -0.000000
2.000000 2.000000 7.000000 7.000000 1587.451705 0.002446 0.005902 0.000000 0.000000 -0.000000
2.000000 3.000000 7.000000 7.000000 1518.588555 0.002339 0.005644 0.000000 0.000000 -0.000000
2.000000 4.000000 7.000000 7.000000 1457.389151 0.002245 0.005415 0.000000 0.000000 -0.000000
2.000000 5.000000 7.000000 7.000000 1404.156440 0.002162 0.005215 0.000000 0.000000 -0.000000
2.000000 6.000000 7.000000 7.000000 1351.591389 0.002081 0.005018 0.000000 0.000000 -0.000000
2.000000 7.000000 7.000000 7.000000 1307.254724 0.002013 0.004852 0.000000 0.000000 -0.000000
2.000000 8.000000 7.000000 7.000000 2918.076607 0.004511 0.010937 0.005267 0.000000 0.000000
2.000000 9.000000 7.000000 7.000000 2653.374602 0.004099 0.009929 0.005212 0.000000 0.000000
2.000000 10.000000 7.000000 7.000000 2356.952450 0.003638 0.008804 0.006184 0.000000 0.000000
2.000000 11.000000 7.000000 7.000000 2702.544855 0.004175 0.010116 0.006909 0.000000 0.000000
2.000000 12.000000 7.000000 7.000000 2909.582518 0.004498 0.010904 0.006845 0.000000 0.000000
2.000000 13.000000 7.000000 7.000000 2629.780312 0.004062 0.009839 0.007024 0.000000 0.000000
2.000000 14.000000 7.000000 7.000000 2531.057168 0.003909 0.009464 0.006786 0.000000 0.000000
2.000000 15.000000 7.000000 7.000000 1655.296730 0.002551 0.006157 0.006157 0.000000 -312.478833
2.000000 16.000000 7.000000 7.000000 1856.725180 0.002863 0.006915 0.005754 0.000000 0.000000
2.000000 17.000000 7.000000 7.000000 2582.410467 0.003989 0.009659 0.005311 0.000000 0.000000
2.000000 18.000000 7.000000 7.000000 2436.334084 0.003762 0.009105 0.005193 0.000000 0.000000
2.000000 19.000000 7.000000 7.000000 2542.222643 0.003926 0.009507 0.000000 0.000000 0.000000
2.000000 20.000000 7.000000 7.000000 2282.884317 0.003523 0.008524 0.000000 0.000000 0.000000
2.000000 21.000000 7.000000 7.000000 2056.952210 0.003173 0.007670 0.000000 0.000000 0.000000
2.000000 22.000000 7.000000 7.000000 1886.376784 0.002908 0.007026 0.000000 0.000000 0.000000
2.000000 23.000000 7.000000 7.000000 1759.616362 0.002712 0.006549 0.000000 0.000000 0.000000
2.000000 24.000000 7.000000 7.000000 1650.183602 0.002543 0.006138 0.000000 0.000000 0.000000
2.000000 1.000000 1.000000 7.000000 1560.655809 0.002404 0.005802 0.000000 0.000000 -0.000000
2.000000 2.000000 1.000000 7.000000 1484.263949 0.002286 0.005515 0.000000 0.000000 -0.000000
2.000000 3.000000 1.000000 7.000000 1411.850105 0.002174 0.005244 0.000000 0.000000 -0.000000
2.000000 4.000000 1.000000 7.000000 1348.806896 0.002077 0.005008 0.000000 0.000000 -0.000000
2.000000 5.000000 1.000000 7.000000 1293.979911 0.001992 0.004803 0.000000 0.000000 -0.000000
2.000000 6.000000 1.000000 7.000000 1246.008395 0.001918 0.004623 0.000000 0.000000 -0.000000
2.000000 7.000000 1.000000 7.000000 1204.017727 0.001853 0.004466 0.000000 0.000000 -0.000000
2.000000 8.000000 1.000000 7.000000 3061.097706 0.004734 0.011483 0.004734 1439.959272 0.000000
2.000000 9.000000 1.000000 7.000000 2789.842186 0.004311 0.010448 0.004311 614.564670 0.000000
2.000000 10.000000 1.000000 7.000000 2466.782240 0.003809 0.009220 0.004981 0.000000 0.000000
2.000000 11.000000 1.000000 7.000000 2557.980529 0.003951 0.009566 0.005770 0.000000 0.000000
2.000000 12.000000 1.000000 7.000000 3020.032851 0.004670 0.011326 0.005736 0.000000 0.000000
2.000000 13.000000 1.000000 7.000000 2721.945896 0.004206 0.010190 0.006288 0.000000 0.000000
2.000000 14.000000 1.000000 7.000000 2614.131393 0.004038 0.009780 0.006148 0.000000 0.000000
2.000000 15.000000 1.000000 7.000000 1707.567669 0.002632 0.006354 0.006030 0.000000 0.000000
2.000000 16.000000 1.000000 7.000000 1771.069656 0.002730 0.006592 0.005662 0.000000 0.000000
2.000000 17.000000 1.000000 7.000000 2428.674813 0.003750 0.009076 0.005062 0.000000 0.000000
2.000000 18.000000 1.000000 7.000000 2510.401559 0.003877 0.009386 0.004736 0.000000 0.000000
2.000000 19.000000 1.000000 7.000000 2463.144026 0.003803 0.009207 0.000000 0.000000 0.000000
2.000000 20.000000 1.000000 7.000000 2202.995297 0.003399 0.008221 0.000000 0.000000 0.000000
2.000000 21.000000 1.000000 7.000000 1982.078436 0.003057 0.007387 0.000000 0.000000 0.000000
2.000000 22.000000 1.000000 7.000000 1814.220926 0.002797 0.006755 0.000000 0.000000 0.000000
2.000000 23.000000 1.000000 7.000000 1688.631359 0.002602 0.006282 0.000000 0.000000 0.000000
2.000000 24.000000 1.000000 7.000000 1582.962418 0.002439 0.005886 0.000000 0.000000 -0.000000
2.000000 1.000000 2.000000 7.000000 1503.573272 0.002316 0.005588 0.000000 0.000000 -0.000000
2.000000 2.000000 2.000000 7.000000 1445.166740 0.002226 0.005369 0.000000 0.000000 -0.000000
2.000000 3.000000 2.000000 7.000000 1387.526382 0.002137 0.005153 0.000000 0.000000 -0.000000
2.000000 4.000000 2.000000 7.000000 1327.597345 0.002044 0.004929 0.000000 0.000000 -0.000000
2.000000 5.000000 2.000000 7.000000 1279.084249 0.001969 0.004747 0.000000 0.000000 -0.000000
2.000000 6.000000 2.000000 7.000000 1232.500620 0.001897 0.004573 0.000000 0.000000 -0.000000
2.000000 7.000000 2.000000 7.000000 1200.710275 0.001848 0.004454 0.000000 0.000000 -0.000000
2.000000 8.000000 2.000000 7.000000 3071.621117 0.004750 0.011523 0.004750 1016.210709 0.000000
2.000000 9.000000 2.000000 7.000000 2755.728820 0.004258 0.010318 0.004545 0.000000 0.000000
2.000000 10.000000 2.000000 7.000000 2417.417507 0.003732 0.009033 0.005511 0.000000 0.000000
2.000000 11.000000 2.000000 7.000000 2661.396168 0.004111 0.009959 0.006278 0.000000 0.000000
2.000000 12.000000 2.000000 7.000000 2944.643183 0.004552 0.011038 0.005951 0.000000 0.000000
2.000000 13.000000 2.000000 7.000000 2655.472841 0.004102 0.009937 0.006248 0.000000 0.000000
2.000000 14.000000 2.000000 7.000000 2547.475532 0.003934 0.009527 0.006226 0.000000 0.000000
2.000000 15.000000 2.000000 7.000000 1656.058659 0.002552 0.006160 0.006160 0.000000 -2698.673279
2.000000 16.000000 2.000000 7.000000 1883.554036 0.002904 0.007016 0.006480 0.000000 0.000000
2.000000 17.000000 2.000000 7.000000 2609.816072 0.004031 0.009763 0.005415 0.000000 0.000000
2.000000 18.000000 2.000000 7.000000 2426.193173 0.003746 0.009066 0.005011 0.000000 0.000000
2.000000 19.000000 2.000000 7.000000 2555.740340 0.003947 0.009558 0.000000 0.000000 0.000000
2.000000 20.000000 2.000000 7.000000 2293.778081 0.003540 0.008565 0.000000 0.000000 0.000000
2.000000 21.000000 2.000000 7.000000 2082.228676 0.003212 0.007765 0.000000 0.000000 0.000000
2.000000 22.000000 2.000000 7.000000 1918.559529 0.002958 0.007148 0.000000 0.000000 0.000000
2.000000 23.000000 2.000000 7.000000 1772.788375 0.002733 0.006599 0.000000 0.000000 0.000000
2.000000 24.000000 2.000000 7.000000 1654.143433 0.002549 0.006153 0.000000 0.000000 0.000000
2.000000 1.000000 3.000000 7.000000 1549.346665 0.002387 0.005759 0.000000 0.000000 0.000000
2.000000 2.000000 3.000000 7.000000 1464.334420 0.002255 0.005441 0.000000 0.000000 0.000000
2.000000 3.000000 3.000000 7.000000 1389.226810 0.002139 0.005159 0.000000 0.000000 0.000000
2.000000 4.000000 3.000000 7.000000 1323.805683 0.002038 0.004914 0.000000 0.000000 0.000000
2.000000 5.000000 3.000000 7.000000 1263.826321 0.001946 0.004690 0.000000 0.000000 0.000000
2.000000 6.000000 3.000000 7.000000 1199.916355 0.001847 0.004451 0.000000 0.000000 0.000000
2.000000 7.000000 3.000000 7.000000 1169.452360 0.001800 0.004337 0.000000 0.000000 0.000000
2.000000 8.000000 3.000000 7.000000 2085.701213 0.003217 0.007778 0.000000 0.000000 0.000000
2.000000 9.000000 3.000000 7.000000 2661.739062 0.004112 0.009961 0.000000 0.000000 0.000000
2.000000 10.000000 3.000000 7.000000 3369.967575 0.005215 0.012665 0.000000 0.000000 0.000000
2.000000 11.000000 3.000000 7.000000 4537.971800 0.007043 0.017176 0.000000 0.000000 0.000000
2.000000 12.000000 3.000000 7.000000 5870.182823 0.009141 0.022400 0.000000 0.000000 0.000000
2.000000 13.000000 3.000000 7.000000 7189.368038 0.011233 0.027657 0.000000 0.000000 0.000000
2.000000 14.000000 3.000000 7.000000 8001.715152 0.012527 0.030938 0.000000 0.000000 0.000000
2.000000 15.000000 3.000000 7.000000 15620.476346 0.024933 0.063397 0.000000 0.000000 0.000000
2.000000 16.000000 3.000000 7.000000 31684.125470 0.052748 0.143650 0.000000 0.000000 0.000000
2.000000 17.000000 3.000000 7.000000 59796.656780 0.107650 0.340980 0.000000 0.000000 0.000000
2.000000 18.000000 3.000000 7.000000 12495.109367 0.019786 0.049699 0.000000 0.000000 -0.000000
2.000000 19.000000 3.000000 7.000000 4217.678064 0.006541 0.015932 0.000000 0.000000 -0.000000
2.000000 20.000000 3.000000 7.000000 3129.594296 0.004840 0.011745 0.000000 0.000000 -0.000000
2.000000 21.000000 3.000000 7.000000 2681.516307 0.004143 0.010036 0.000000 0.000000 0.000000
2.000000 22.000000 3.000000 7.000000 2402.132528 0.003708 0.008975 0.000000 0.000000 0.000000
2.000000 23.000000 3.000000 7.000000 2186.658066 0.003374 0.008160 0.000000 0.000000 0.000000
2.000000 24.000000 3.000000 7.000000 2018.502509 0.003113 0.007524 0.000000 0.000000 0.000000
2.000000 1.000000 4.000000 7.000000 1874.136260 0.002890 0.006980 0.000000 0.000000 0.000000
2.000000 2.000000 4.000000 7.000000 1754.547412 0.002704 0.006530 0.000000 0.000000 0.000000
2.000000 3.000000 4.000000 7.000000 1646.465522 0.002537 0.006124 0.000000 0.000000 0.000000
2.000000 4.000000 4.000000 7.000000 1548.027609 0.002385 0.005754 0.000000 0.000000 0.000000
2.000000 5.000000 4.000000 7.000000 1460.757849 0.002250 0.005427 0.000000 0.000000 0.000000
2.000000 6.000000 4.000000 7.000000 1382.606152 0.002129 0.005134 0.000000 0.000000 0.000000
2.000000 7.000000 4.000000 7.000000 1325.911379 0.002042 0.004922 0.000000 0.000000 0.000000
2.000000 8.000000 4.000000 7.000000 2318.556829 0.003579 0.008659 0.000000 0.000000 0.000000
2.000000 9.000000 4.000000 7.000000 2865.437193 0.004429 0.010736 0.000000 0.000000 0.000000
2.000000 10.000000 4.000000 7.000000 3553.326097 0.005501 0.013369 0.000000 0.000000 0.000000
2.000000 11.000000 4.000000 7.000000 4593.427948 0.007130 0.017392 0.000000 0.000000 0.000000
2.000000 12.000000 4.000000 7.000000 5624.861088 0.008754 0.021431 0.000000 0.000000 0.000000
2.000000 13.000000 4.000000 7.000000 6584.798029 0.010272 0.025237 0.000000 0.000000 0.000000
2.000000 14.000000 4.000000 7.000000 6873.306894 0.010730 0.026390 0.000000 0.000000 0.000000
2.000000 15.000000 4.000000 7.000000 13159.900741 0.020874 0.052567 0.000000 0.000000 0.000000
2.000000 16.000000 4.000000 7.000000 26717.614630 0.043896 0.116901 0.000000 0.000000 0.000000
2.000000 17.000000 4.000000 7.000000 51877.716076 0.091301 0.275801 0.000000 0.000000 0.000000
2.000000 18.000000 4.000000 7.000000 10915.408593 0.017215 0.042982 0.000000 0.000000 -0.000000
2.000000 19.000000 4.000000 7.000000 3663.970522 0.005674 0.013794 0.000000 0.000000 -0.000000
2.000000 20.000000 4.000000 7.000000 2812.739871 0.004347 0.010535 0.000000 0.000000 -0.000000
2.000000 21.000000 4.000000 7.000000 2444.425090 0.003774 0.009136 0.000000 0.000000 0.000000
2.000000 22.000000 4.000000 7.000000 2170.018687 0.003348 0.008097 0.000000 0.000000 0.000000
2.000000 23.000000 4.000000 7.000000 2004.531397 0.003092 0.007472 0.000000 0.000000 0.000000
2.000000 24.000000 4.000000 7.000000 1875.484580 0.002892 0.006985 0.000000 0.000000 -0.000000
2.000000 1.000000 5.000000 7.000000 1755.860592 0.002706 0.006535 0.000000 0.000000 -0.000000
2.000000 2.000000 5.000000 7.000000 1648.590691 0.002540 0.006132 0.000000 0.000000 -0.000000
2.000000 3.000000 5.000000 7.000000 1550.113789 0.002388 0.005762 0.000000 0.000000 -0.000000
2.000000 4.000000 5.000000 7.000000 1478.162410 0.002277 0.005492 0.000000 0.000000 -0.000000
2.000000 5.000000 5.000000 7.000000 1408.691422 0.002169 0.005232 0.000000 0.000000 -0.000000
2.000000 6.000000 5.000000 7.000000 1375.634258 0.002118 0.005108 0.000000 0.000000 -0.000000
2.000000 7.000000 5.000000 7.000000 1330.904485 0.002049 0.004941 0.000000 0.000000 -0.000000
2.000000 8.000000 5.000000 7.000000 2865.087854 0.004428 0.010735 0.005823 0.000000 0.000000
2.000000 9.000000 5.000000 7.000000 2674.299847 0.004131 0.010008 0.005150 0.000000 0.000000
2.000000 10.000000 5.000000 7.000000 2404.099424 0.003712 0.008983 0.005672 0.000000 0.000000
2.000000 11.000000 5.000000 7.000000 2572.901838 0.003974 0.009623 0.005669 0.000000 0.000000
2.000000 12.000000 5.000000 7.000000 2931.344841 0.004531 0.010987 0.005806 0.000000 0.000000
2.000000 13.000000 5.000000 7.000000 2625.552262 0.004056 0.009823 0.005557 0.000000 0.000000
2.000000 14.000000 5.000000 7.000000 2507.203969 0.003872 0.009374 0.005580 0.000000 0.000000
2.000000 15.000000 5.000000 7.000000 1641.725770 0.002530 0.006106 0.005748 0.000000 0.000000
2.000000 16.000000 5.000000 7.000000 1891.639333 0.002917 0.007046 0.006844 0.000000 0.000000
2.000000 17.000000 5.000000 7.000000 2679.354249 0.004139 0.010028 0.007318 0.000000 0.000000
2.000000 18.000000 5.000000 7.000000 2368.687391 0.003657 0.008848 0.007166 0.000000 0.000000
2.000000 19.000000 5.000000 7.000000 2697.843269 0.004168 0.010098 0.000000 0.000000 0.000000
2.000000 20.000000 5.000000 7.000000 2512.220049 0.003879 0.009393 0.000000 0.000000 0.000000
2.000000 21.000000 5.000000 7.000000 2344.397734 0.003619 0.008756 0.000000 0.000000 0.000000
2.000000 22.000000 5.000000 7.000000 2163.513804 0.003338 0.008072 0.000000 0.000000 0.000000
2.000000 23.000000 5.000000 7.000000 2044.039380 0.003153 0.007621 0.000000 0.000000 0.000000
2.000000 24.000000 5.000000 7.000000 1952.055006 0.003010 0.007274 0.000000 0.000000 0.000000
2.000000 1.000000 6.000000 7.000000 1874.876085 0.002891 0.006983 0.000000 0.000000 -0.000000
2.000000 2.000000 6.000000 7.000000 1780.313333 0.002744 0.006627 0.000000 0.000000 -0.000000
2.000000 3.000000 6.000000 7.000000 1688.641370 0.002602 0.006282 0.000000 0.000000 -0.000000
2.000000 4.000000 6.000000 7.000000 1606.672741 0.002476 0.005975 0.000000 0.000000 -0.000000
2.000000 5.000000 6.000000 7.000000 1535.047907 0.002365 0.005706 0.000000 0.000000 -0.000000
2.000000 6.000000 6.000000 7.000000 1471.642141 0.002267 0.005468 0.000000 0.000000 -0.000000
2.000000 7.000000 6.000000 7.000000 1414.083836 0.002178 0.005252 0.000000 0.000000 -0.000000
2.000000 8.000000 6.000000 7.000000 2800.917916 0.004328 0.010490 0.007332 0.000000 0.000000
2.000000 9.000000 6.000000 7.000000 2605.287676 0.004024 0.009746 0.006158 0.000000 0.000000
2.000000 10.000000 6.000000 7.000000 2373.570544 0.003664 0.008867 0.005622 0.000000 0.000000
2.000000 11.000000 6.000000 7.000000 2516.264433 0.003886 0.009408 0.005737 0.000000 0.000000
2.000000 12.000000 6.000000 7.000000 2933.830860 0.004535 0.010997 0.005868 0.000000 0.000000
2.000000 13.000000 6.000000 7.000000 2753.213855 0.004254 0.010309 0.006633 0.000000 0.000000
2.000000 14.000000 6.000000 7.000000 2663.971664 0.004115 0.009969 0.006447 0.000000 0.000000
2.000000 15.000000 6.000000 7.000000 1765.418083 0.002721 0.006571 0.006571 0.000000 -172.280313
2.000000 16.000000 6.000000 7.000000 1606.735905 0.002476 0.005975 0.005975 0.000000 -143.790420
2.000000 17.000000 6.000000 7.000000 2238.168927 0.003454 0.008354 0.007536 0.000000 0.000000
2.000000 18.000000 6.000000 7.000000 2558.567806 0.003951 0.009569 0.006071 0.000000 0.000000
2.000000 19.000000 6.000000 7.000000 2481.884999 0.003832 0.009278 0.000000 0.000000 0.000000
2.000000 20.000000 6.000000 7.000000 2248.326902 0.003470 0.008393 0.000000 0.000000 0.000000
2.000000 21.000000 6.000000 7.000000 2049.619077 0.003161 0.007642 0.000000 0.000000 0.000000
2.000000 22.000000 6.000000 7.000000 1896.951312 0.002925 0.007066 0.000000 0.000000 0.000000
2.000000 23.000000 6.000000 7.000000 1757.073803 0.002708 0.006540 0.000000 0.000000 0.000000
2.000000 24.000000 6.000000 7.000000 1643.382897 0.002532 0.006112 0.000000 0.000000 -0.000000
2.000000 1.000000 7.000000 7.000000 1543.059348 0.002377 0.005736 0.000000 0.000000 -0.000000
2.000000 2.000000 7.000000 7.000000 1460.311874 0.002249 0.005426 0.000000 0.000000 -0.000000
2.000000 3.000000 7.000000 7.000000 1393.247750 0.002146 0.005174 0.000000 0.000000 -0.000000
2.000000 4.000000 7.000000 7.000000 1335.137795 0.002056 0.004957 0.000000 0.000000 -0.000000
2.000000 5.000000 7.000000 7.000000 1293.971748 0.001992 0.004803 0.000000 0.000000 -0.000000
2.000000 6.000000 7.000000 7.000000 1257.333079 0.001936 0.004666 0.000000 0.000000 -0.000000
2.000000 7.000000 7.000000 7.000000 1212.914086 0.001867 0.004500 0.000000 0.000000 -0.000000
2.000000 8.000000 7.000000 7.000000 3086.628638 0.004773 0.011580 0.004773 1301.022323 0.000000
2.000000 9.000000 7.000000 7.000000 2752.553879 0.004253 0.010306 0.005893 0.000000 0.000000
2.000000 10.000000 7.000000 7.000000 2411.170243 0.003722 0.009009 0.007108 0.000000 0.000000
2.000000 11.000000 7.000000 7.000000 2684.499437 0.004147 0.010047 0.006919 0.000000 0.000000
2.000000 12.000000 7.000000 7.000000 2901.601842 0.004485 0.010874 0.007003 0.000000 0.000000
2.000000 13.000000 7.000000 7.000000 2584.802077 0.003992 0.009668 0.006563 0.000000 0.000000
2.000000 14.000000 7.000000 7.000000 2439.141561 0.003766 0.009115 0.006272 0.000000 0.000000
2.000000 15.000000 7.000000 7.000000 1580.339020 0.002435 0.005876 0.005876 0.000000 -3967.497134
2.000000 16.000000 7.000000 7.000000 2051.564498 0.003164 0.007649 0.006230 0.000000 0.000000
2.000000 17.000000 7.000000 7.000000 2821.038610 0.004360 0.010567 0.005907 0.000000 0.000000
2.000000 18.000000 7.000000 7.000000 2310.812296 0.003567 0.008629 0.004740 0.000000 0.000000
2.000000 19.000000 7.000000 7.000000 2676.468043 0.004135 0.010017 0.000000 0.000000 0.000000
2.000000 20.000000 7.000000 7.000000 2414.680415 0.003728 0.009023 0.000000 0.000000 0.000000
2.000000 21.000000 7.000000 7.000000 2154.210378 0.003324 0.008037 0.000000 0.000000 0.000000
2.000000 22.000000 7.000000 7.000000 1953.947532 0.003013 0.007281 0.000000 0.000000 0.000000
2.000000 23.000000 7.000000 7.000000 1788.950476 0.002758 0.006660 0.000000 0.000000 0.000000
2.000000 24.000000 7.000000 7.000000 1661.222998 0.002560 0.006179 0.000000 0.000000 0.000000
2.000000 1.000000 1.000000 8.000000 1549.111877 0.002386 0.005759 0.000000 0.000000 -0.000000
2.000000 2.000000 1.000000 8.000000 1460.176640 0.002249 0.005425 0.000000 0.000000 -0.000000
2.000000 3.000000 1.000000 8.000000 1380.973172 0.002127 0.005128 0.000000 0.000000 -0.000000
2.000000 4.000000 1.000000 8.000000 1311.311438 0.002019 0.004868 0.000000 0.000000 -0.000000
2.000000 5.000000 1.000000 8.000000 1245.853402 0.001918 0.004623 0.000000 0.000000 -0.000000
2.000000 6.000000 1.000000 8.000000 1194.570191 0.001839 0.004431 0.000000 0.000000 -0.000000
2.000000 7.000000 1.000000 8.000000 1139.008066 0.001753 0.004224 0.000000 0.000000 -0.000000
2.000000 8.000000 1.000000 8.000000 3303.885474 0.005112 0.012412 0.005112 2696.493178 0.000000
2.000000 9.000000 1.000000 8.000000 3004.285542 0.004645 0.011266 0.004645 2370.516429 0.000000
2.000000 10.000000 1.000000 8.000000 2488.405067 0.003842 0.009302 0.004912 0.000000 0.000000
2.000000 11.000000 1.000000 8.000000 2568.998965 0.003968 0.009608 0.005790 0.000000 0.000000
2.000000 12.000000 1.000000 8.000000 2985.873208 0.004616 0.011196 0.006713 0.000000 0.000000
2.000000 13.000000 1.000000 8.000000 2648.030166 0.004091 0.009909 0.007108 0.000000 0.000000
2.000000 14.000000 1.000000 8.000000 2430.197076 0.003752 0.009082 0.007434 0.000000 0.000000
2.000000 15.000000 1.000000 8.000000 1591.040327 0.002451 0.005916 0.005916 0.000000 -2533.709255
2.000000 16.000000 1.000000 8.000000 2618.039354 0.004044 0.009795 0.006678 0.000000 0.000000
2.000000 17.000000 1.000000 8.000000 3405.506031 0.005271 0.012801 0.005984 0.000000 0.000000
2.000000 18.000000 1.000000 8.000000 2011.111441 0.003102 0.007497 0.006319 0.000000 0.000000
2.000000 19.000000 1.000000 8.000000 2988.838092 0.004621 0.011207 0.000000 0.000000 0.000000
2.000000 20.000000 1.000000 8.000000 2701.426606 0.004174 0.010112 0.000000 0.000000 0.000000
2.000000 21.000000 1.000000 8.000000 2402.191187 0.003709 0.008975 0.000000 0.000000 0.000000
2.000000 22.000000 1.000000 8.000000 2167.259491 0.003344 0.008086 0.000000 0.000000 0.000000
2.000000 23.000000 1.000000 8.000000 2016.064226 0.003109 0.007515 0.000000 0.000000 0.000000
2.000000 24.000000 1.000000 8.000000 1902.247860 0.002933 0.007086 0.000000 0.000000 0.000000
2.000000 1.000000 2.000000 8.000000 1779.024512 0.002742 0.006622 0.000000 0.000000 0.000000
2.000000 2.000000 2.000000 8.000000 1657.586539 0.002554 0.006166 0.000000 0.000000 -0.000000
2.000000 3.000000 2.000000 8.000000 1555.572239 0.002396 0.005783 0.000000 0.000000 -0.000000
2.000000 4.000000 2.000000 8.000000 1475.263913 0.002272 0.005482 0.000000 0.000000 -0.000000
2.000000 5.000000 2.000000 8.000000 1413.374184 0.002177 0.005250 0.000000 0.000000 -0.000000
2.000000 6.000000 2.000000 8.000000 1369.541214 0.002109 0.005086 0.000000 0.000000 -0.000000
2.000000 7.000000 2.000000 8.000000 1330.321808 0.002048 0.004939 0.000000 0.000000 -0.000000
2.000000 8.000000 2.000000 8.000000 3006.023875 0.004648 0.011272 0.005236 0.000000 0.000000
2.000000 9.000000 2.000000 8.000000 2788.847847 0.004310 0.010444 0.005211 0.000000 0.000000
2.000000 10.000000 2.000000 8.000000 2338.042504 0.003609 0.008732 0.005313 0.000000 0.000000
2.000000 11.000000 2.000000 8.000000 2698.899522 0.004170 0.010102 0.006285 0.000000 0.000000
2.000000 12.000000 2.000000 8.000000 2894.313592 0.004474 0.010846 0.007439 0.000000 0.000000
2.000000 13.000000 2.000000 8.000000 2601.038546 0.004018 0.009730 0.007198 0.000000 0.000000
2.000000 14.000000 2.000000 8.000000 2440.296683 0.003768 0.009120 0.007166 0.000000 0.000000
2.000000 15.000000 2.000000 8.000000 1475.453247 0.002273 0.005482 0.005482 0.000000 -3218.838264
2.000000 16.000000 2.000000 8.000000 2332.752622 0.003601 0.008712 0.006238 0.000000 0.000000
2.000000 17.000000 2.000000 8.000000 2987.149185 0.004618 0.011200 0.006228 0.000000 0.000000
2.000000 18.000000 2.000000 8.000000 1782.164758 0.002747 0.006634 0.005409 0.000000 0.000000
2.000000 19.000000 2.000000 8.000000 2758.661008 0.004263 0.010329 0.000000 0.000000 0.000000
2.000000 20.000000 2.000000 8.000000 2517.686754 0.003888 0.009413 0.000000 0.000000 0.000000
2.000000 21.000000 2.000000 8.000000 2259.463753 0.003487 0.008435 0.000000 0.000000 0.000000
2.000000 22.000000 2.000000 8.000000 2041.522630 0.003149 0.007611 0.000000 0.000000 0.000000
2.000000 23.000000 2.000000 8.000000 1868.968125 0.002882 0.006961 0.000000 0.000000 0.000000
2.000000 24.000000 2.000000 8.000000 1733.222946 0.002671 0.006450 0.000000 0.000000 0.000000
2.000000 1.000000 3.000000 8.000000 1623.390374 0.002501 0.006037 0.000000 0.000000 -0.000000
2.000000 2.000000 3.000000 8.000000 1532.880554 0.002361 0.005698 0.000000 0.000000 -0.000000
2.000000 3.000000 3.000000 8.000000 1453.629208 0.002239 0.005400 0.000000 0.000000 -0.000000
2.000000 4.000000 3.000000 8.000000 1386.842044 0.002136 0.005150 0.000000 0.000000 -0.000000
2.000000 5.000000 3.000000 8.000000 1329.359852 0.002047 0.004935 0.000000 0.000000 -0.000000
2.000000 6.000000 3.000000 8.000000 1271.954079 0.001958 0.004720 0.000000 0.000000 -0.000000
2.000000 7.000000 3.000000 8.000000 1230.428402 0.001894 0.004565 0.000000 0.000000 -0.000000
2.000000 8.000000 3.000000 8.000000 2116.112747 0.003265 0.007893 0.000000 0.000000 0.000000
2.000000 9.000000 3.000000 8.000000 2632.780651 0.004067 0.009851 0.000000 0.000000 0.000000
2.000000 10.000000 3.000000 8.000000 3568.491819 0.005525 0.013427 0.000000 0.000000 0.000000
2.000000 11.000000 3.000000 8.000000 4924.209116 0.007650 0.018682 0.000000 0.000000 0.000000
2.000000 12.000000 3.000000 8.000000 6459.435492 0.010074 0.024738 0.000000 0.000000 0.000000
2.000000 13.000000 3.000000 8.000000 7963.377271 0.012466 0.030782 0.000000 0.000000 0.000000
2.000000 14.000000 3.000000 8.000000 9135.837253 0.014344 0.035574 0.000000 0.000000 0.000000
2.000000 15.000000 3.000000 8.000000 20208.525477 0.032641 0.084550 0.000000 0.000000 0.000000
2.000000 16.000000 3.000000 8.000000 49378.513701 0.086293 0.257024 0.000000 0.000000 0.000000
2.000000 17.000000 3.000000 8.000000 82747.750091 0.159568 0.597594 0.000000 0.000000 0.000000
2.000000 18.000000 3.000000 8.000000 46329.159086 0.080276 0.235151 0.000000 0.000000 0.000000
2.000000 19.000000 3.000000 8.000000 6295.845539 0.009814 0.024087 0.000000 0.000000 -0.000000
2.000000 20.000000 3.000000 8.000000 3947.053007 0.006117 0.014886 0.000000 0.000000 -0.000000
2.000000 21.000000 3.000000 8.000000 3236.361988 0.005007 0.012153 0.000000 0.000000 0.000000
2.000000 22.000000 3.000000 8.000000 2807.330881 0.004338 0.010515 0.000000 0.000000 0.000000
2.000000 23.000000 3.000000 8.000000 2479.164981 0.003828 0.009267 0.000000 0.000000 0.000000
2.000000 24.000000 3.000000 8.000000 2228.594940 0.003439 0.008318 0.000000 0.000000 -0.000000
2.000000 1.000000 4.000000 8.000000 2029.525659 0.003130 0.007566 0.000000 0.000000 -0.000000
2.000000 2.000000 4.000000 8.000000 1864.808564 0.002875 0.006945 0.000000 0.000000 -0.000000
2.000000 3.000000 4.000000 8.000000 1728.169754 0.002664 0.006431 0.000000 0.000000 -0.000000
2.000000 4.000000 4.000000 8.000000 1613.760308 0.002486 0.006001 0.000000 0.000000 -0.000000
2.000000 5.000000 4.000000 8.000000 1513.357327 0.002331 0.005624 0.000000 0.000000 -0.000000
2.000000 6.000000 4.000000 8.000000 1423.499337 0.002192 0.005288 0.000000 0.000000 -0.000000
2.000000 7.000000 4.000000 8.000000 1346.681425 0.002074 0.005000 0.000000 0.000000 -0.000000
2.000000 8.000000 4.000000 8.000000 2267.792224 0.003500 0.008466 0.000000 0.000000 0.000000
2.000000 9.000000 4.000000 8.000000 2734.158562 0.004225 0.010236 0.000000 0.000000 0.000000
2.000000 10.000000 4.000000 8.000000 3641.020900 0.005638 0.013706 0.000000 0.000000 0.000000
2.000000 11.000000 4.000000 8.000000 4964.953161 0.007714 0.018841 0.000000 0.000000 0.000000
2.000000 12.000000 4.000000 8.000000 6343.093973 0.009889 0.024275 0.000000 0.000000 0.000000
2.000000 13.000000 4.000000 8.000000 7581.516272 0.011857 0.029237 0.000000 0.000000 0.000000
2.000000 14.000000 4.000000 8.000000 8566.384762 0.013430 0.033238 0.000000 0.000000 0.000000
2.000000 15.000000 4.000000 8.000000 18884.311988 0.030397 0.078312 0.000000 0.000000 0.000000
2.000000 16.000000 4.000000 8.000000 46564.499237 0.080737 0.236800 0.000000 0.000000 0.000000
2.000000 17.000000 4.000000 8.000000 78387.309291 0.149144 0.538824 0.000000 0.000000 0.000000
2.000000 18.000000 4.000000 8.000000 43927.442713 0.075609 0.218675 0.000000 0.000000 0.000000
2.000000 19.000000 4.000000 8.000000 5953.599491 0.009273 0.022730 0.000000 0.000000 -0.000000
2.000000 20.000000 4.000000 8.000000 3761.515703 0.005827 0.014170 0.000000 0.000000 -0.000000
2.000000 21.000000 4.000000 8.000000 3112.826276 0.004814 0.011680 0.000000 0.000000 0.000000
2.000000 22.000000 4.000000 8.000000 2747.237577 0.004245 0.010286 0.000000 0.000000 0.000000
2.000000 23.000000 4.000000 8.000000 2466.171502 0.003808 0.009218 0.000000 0.000000 0.000000
2.000000 24.000000 4.000000 8.000000 2241.135687 0.003459 0.008366 0.000000 0.000000 -0.000000
2.000000 1.000000 5.000000 8.000000 2074.206881 0.003200 0.007735 0.000000 0.000000 -0.000000
2.000000 2.000000 5.000000 8.000000 1941.987607 0.002995 0.007236 0.000000 0.000000 -0.000000
2.000000 3.000000 5.000000 8.000000 1826.248355 0.002815 0.006800 0.000000 0.000000 -0.000000
2.000000 4.000000 5.000000 8.000000 1723.030110 0.002656 0.006412 0.000000 0.000000 -0.000000
2.000000 5.000000 5.000000 8.000000 1634.805157 0.002519 0.006080 0.000000 0.000000 -0.000000
2.000000 6.000000 5.000000 8.000000 1549.085957 0.002386 0.005758 0.000000 0.000000 -0.000000
2.000000 7.000000 5.000000 8.000000 1485.190333 0.002288 0.005519 0.000000 0.000000 -0.000000
2.000000 8.000000 5.000000 8.000000 2835.716453 0.004383 0.010623 0.005388 0.000000 0.000000
2.000000 9.000000 5.000000 8.000000 2625.663078 0.004056 0.009824 0.005955 0.000000 0.000000
2.000000 10.000000 5.000000 8.000000 2280.902736 0.003520 0.008516 0.006233 0.000000 0.000000
2.000000 11.000000 5.000000 8.000000 2763.388170 0.004270 0.010347 0.006361 0.000000 0.000000
2.000000 12.000000 5.000000 8.000000 2822.540894 0.004362 0.010573 0.005826 0.000000 0.000000
2.000000 13.000000 5.000000 8.000000 2573.152606 0.003974 0.009624 0.005844 0.000000 0.000000
2.000000 14.000000 5.000000 8.000000 2423.296942 0.003741 0.009055 0.005656 0.000000 0.000000
2.000000 15.000000 5.000000 8.000000 1470.489474 0.002265 0.005464 0.005464 0.000000 -2388.055037
2.000000 16.000000 5.000000 8.000000 2267.363096 0.003499 0.008465 0.005802 0.000000 0.000000
2.000000 17.000000 5.000000 8.000000 2916.107328 0.004508 0.010929 0.005647 0.000000 0.000000
2.000000 18.000000 5.000000 8.000000 1740.195887 0.002682 0.006476 0.005610 0.000000 0.000000
2.000000 19.000000 5.000000 8.000000 2724.684404 0.004210 0.010200 0.000000 0.000000 0.000000
2.000000 20.000000 5.000000 8.000000 2491.836225 0.003848 0.009315 0.000000 0.000000 0.000000
2.000000 21.000000 5.000000 8.000000 2241.536318 0.003459 0.008367 0.000000 0.000000 0.000000
2.000000 22.000000 5.000000 8.000000 2058.064439 0.003175 0.007674 0.000000 0.000000 0.000000
2.000000 23.000000 5.000000 8.000000 1891.811929 0.002917 0.007047 0.000000 0.000000 0.000000
2.000000 24.000000 5.000000 8.000000 1773.044517 0.002733 0.006600 0.000000 0.000000 0.000000
2.000000 1.000000 6.000000 8.000000 1670.276221 0.002574 0.006213 0.000000 0.000000 0.000000
2.000000 2.000000 6.000000 8.000000 1598.233265 0.002462 0.005943 0.000000 0.000000 -0.000000
2.000000 3.000000 6.000000 8.000000 1534.167906 0.002363 0.005702 0.000000 0.000000 -0.000000
2.000000 4.000000 6.000000 8.000000 1470.873756 0.002266 0.005465 0.000000 0.000000 -0.000000
2.000000 5.000000 6.000000 8.000000 1413.333184 0.002177 0.005250 0.000000 0.000000 -0.000000
2.000000 6.000000 6.000000 8.000000 1368.890469 0.002108 0.005083 0.000000 0.000000 -0.000000
2.000000 7.000000 6.000000 8.000000 1335.998739 0.002057 0.004960 0.000000 0.000000 -0.000000
2.000000 8.000000 6.000000 8.000000 2976.699856 0.004602 0.011160 0.004682 0.000000 0.000000
2.000000 9.000000 6.000000 8.000000 2742.500885 0.004237 0.010268 0.004469 0.000000 0.000000
2.000000 10.000000 6.000000 8.000000 2353.652338 0.003633 0.008791 0.004590 0.000000 0.000000
2.000000 11.000000 6.000000 8.000000 2554.910403 0.003946 0.009555 0.005201 0.000000 0.000000
2.000000 12.000000 6.000000 8.000000 2884.711243 0.004459 0.010810 0.004459 664.337968 0.000000
2.000000 13.000000 6.000000 8.000000 2800.499052 0.004328 0.010489 0.004857 0.000000 0.000000
2.000000 14.000000 6.000000 8.000000 2643.905079 0.004084 0.009893 0.004847 0.000000 0.000000
2.000000 15.000000 6.000000 8.000000 1548.171352 0.002385 0.005755 0.005755 0.000000 -3408.340821
2.000000 16.000000 6.000000 8.000000 2143.736650 0.003307 0.007997 0.006429 0.000000 0.000000
2.000000 17.000000 6.000000 8.000000 2786.271907 0.004306 0.010435 0.005229 0.000000 0.000000
2.000000 18.000000 6.000000 8.000000 1675.988357 0.002583 0.006235 0.005797 0.000000 0.000000
2.000000 19.000000 6.000000 8.000000 2628.251322 0.004060 0.009833 0.000000 0.000000 0.000000
2.000000 20.000000 6.000000 8.000000 2437.611652 0.003764 0.009110 0.000000 0.000000 0.000000
2.000000 21.000000 6.000000 8.000000 2191.695272 0.003382 0.008179 0.000000 0.000000 0.000000
2.000000 22.000000 6.000000 8.000000 1972.850729 0.003042 0.007352 0.000000 0.000000 0.000000
2.000000 23.000000 6.000000 8.000000 1824.720008 0.002813 0.006794 0.000000 0.000000 0.000000
2.000000 24.000000 6.000000 8.000000 1712.440340 0.002639 0.006372 0.000000 0.000000 0.000000
2.000000 1.000000 7.000000 8.000000 1614.343442 0.002487 0.006003 0.000000 0.000000 -0.000000
2.000000 2.000000 7.000000 8.000000 1537.681090 0.002369 0.005716 0.000000 0.000000 -0.000000
2.000000 3.000000 7.000000 8.000000 1467.170016 0.002260 0.005451 0.000000 0.000000 -0.000000
2.000000 4.000000 7.000000 8.000000 1404.952947 0.002164 0.005218 0.000000 0.000000 -0.000000
2.000000 5.000000 7.000000 8.000000 1352.743804 0.002083 0.005023 0.000000 0.000000 -0.000000
2.000000 6.000000 7.000000 8.000000 1306.212538 0.002011 0.004849 0.000000 0.000000 0.000000
2.000000 7.000000 7.000000 8.000000 1262.118814 0.001943 0.004684 0.000000 0.000000 0.000000
2.000000 8.000000 7.000000 8.000000 3102.263893 0.004798 0.011640 0.004798 3743.408866 0.000000
2.000000 9.000000 7.000000 8.000000 2798.763823 0.004325 0.010482 0.005013 0.000000 0.000000
2.000000 10.000000 7.000000 8.000000 2326.221839 0.003591 0.008688 0.006440 0.000000 0.000000
2.000000 11.000000 7.000000 8.000000 2841.952767 0.004392 0.010647 0.007065 0.000000 0.000000
2.000000 12.000000 7.000000 8.000000 2776.314835 0.004290 0.010397 0.004861 0.000000 0.000000
2.000000 13.000000 7.000000 8.000000 2470.021314 0.003814 0.009233 0.005612 0.000000 0.000000
2.000000 14.000000 7.000000 8.000000 2281.849900 0.003522 0.008520 0.005262 0.000000 0.000000
2.000000 15.000000 7.000000 8.000000 1682.412725 0.002593 0.006259 0.006259 0.000000 -3079.758631
2.000000 16.000000 7.000000 8.000000 2692.623819 0.004160 0.010078 0.005927 0.000000 0.000000
2.000000 17.000000 7.000000 8.000000 3439.591468 0.005324 0.012932 0.006146 0.000000 0.000000
2.000000 18.000000 7.000000 8.000000 2042.847597 0.003151 0.007616 0.005018 0.000000 0.000000
2.000000 19.000000 7.000000 8.000000 3088.979294 0.004777 0.011589 0.000000 0.000000 0.000000
2.000000 20.000000 7.000000 8.000000 2833.422513 0.004379 0.010614 0.000000 0.000000 0.000000
2.000000 21.000000 7.000000 8.000000 2519.321735 0.003890 0.009420 0.000000 0.000000 0.000000
2.000000 22.000000 7.000000 8.000000 2281.882130 0.003522 0.008520 0.000000 0.000000 0.000000
2.000000 23.000000 7.000000 8.000000 2092.792603 0.003228 0.007805 0.000000 0.000000 0.000000
2.000000 24.000000 7.000000 8.000000 1936.606942 0.002986 0.007216 0.000000 0.000000 0.000000
2.000000 1.000000 1.000000 8.000000 1803.322518 0.002780 0.006714 0.000000 0.000000 0.000000
2.000000 2.000000 1.000000 8.000000 1693.501733 0.002610 0.006301 0.000000 0.000000 -0.000000
2.000000 3.000000 1.000000 8.000000 1595.097204 0.002458 0.005931 0.000000 0.000000 -0.000000
2.000000 4.000000 1.000000 8.000000 1504.584454 0.002318 0.005591 0.000000 0.000000 -0.000000
2.000000 5.000000 1.000000 8.000000 1429.811393 0.002202 0.005311 0.000000 0.000000 -0.000000
2.000000 6.000000 1.000000 8.000000 1365.854747 0.002103 0.005072 0.000000 0.000000 -0.000000
2.000000 7.000000 1.000000 8.000000 1315.387051 0.002025 0.004883 0.000000 0.000000 0.000000
2.000000 8.000000 1.000000 8.000000 3036.877913 0.004696 0.011390 0.004696 2885.595065 0.000000
2.000000 9.000000 1.000000 8.000000 2743.916533 0.004240 0.010273 0.004387 0.000000 0.000000
2.000000 10.000000 1.000000 8.000000 2298.562824 0.003548 0.008583 0.005412 0.000000 0.000000
2.000000 11.000000 1.000000 8.000000 2820.034081 0.004358 0.010563 0.006323 0.000000 0.000000
2.000000 12.000000 1.000000 8.000000 2773.495440 0.004286 0.010386 0.004964 0.000000 0.000000
2.000000 13.000000 1.000000 8.000000 2477.729234 0.003826 0.009262 0.005981 0.000000 0.000000
2.000000 14.000000 1.000000 8.000000 2325.427024 0.003589 0.008685 0.005710 0.000000 0.000000
2.000000 15.000000 1.000000 8.000000 1579.406816 0.002433 0.005872 0.005872 0.000000 -1558.068963
2.000000 16.000000 1.000000 8.000000 2491.582328 0.003847 0.009314 0.005196 0.000000 0.000000
2.000000 17.000000 1.000000 8.000000 3164.040720 0.004894 0.011876 0.005073 0.000000 0.000000
2.000000 18.000000 1.000000 8.000000 1879.946233 0.002899 0.007002 0.004358 0.000000 0.000000
2.000000 19.000000 1.000000 8.000000 2862.515867 0.004424 0.010725 0.000000 0.000000 0.000000
2.000000 20.000000 1.000000 8.000000 2614.630186 0.004039 0.009782 0.000000 0.000000 0.000000
2.000000 21.000000 1.000000 8.000000 2314.900382 0.003573 0.008645 0.000000 0.000000 0.000000
2.000000 22.000000 1.000000 8.000000 2084.850530 0.003216 0.007775 0.000000 0.000000 0.000000
2.000000 23.000000 1.000000 8.000000 1906.329039 0.002939 0.007102 0.000000 0.000000 0.000000
2.000000 24.000000 1.000000 8.000000 1766.422490 0.002723 0.006575 0.000000 0.000000 0.000000
2.000000 1.000000 2.000000 8.000000 1651.940954 0.002546 0.006145 0.000000 0.000000 0.000000
2.000000 2.000000 2.000000 8.000000 1561.308179 0.002405 0.005804 0.000000 0.000000 0.000000
2.000000 3.000000 2.000000 8.000000 1479.059679 0.002278 0.005496 0.000000 0.000000 -0.000000
2.000000 4.000000 2.000000 8.000000 1405.141749 0.002164 0.005219 0.000000 0.000000 -0.000000
2.000000 5.000000 2.000000 8.000000 1339.452393 0.002062 0.004973 0.000000 0.000000 -0.000000
2.000000 6.000000 2.000000 8.000000 1285.675295 0.001979 0.004772 0.000000 0.000000 -0.000000
2.000000 7.000000 2.000000 8.000000 1238.991012 0.001907 0.004597 0.000000 0.000000 0.000000
2.000000 8.000000 2.000000 8.000000 3137.039060 0.004852 0.011773 0.004852 3456.043383 0.000000
2.000000 9.000000 2.000000 8.000000 2850.045278 0.004405 0.010677 0.004405 1383.032297 0.000000
2.000000 10.000000 2.000000 8.000000 2378.787794 0.003672 0.008887 0.005028 0.000000 0.000000
2.000000 11.000000 2.000000 8.000000 2701.417796 0.004174 0.010112 0.006163 0.000000 0.000000
2.000000 12.000000 2.000000 8.000000 2871.306499 0.004438 0.010759 0.005647 0.000000 0.000000
2.000000 13.000000 2.000000 8.000000 2561.925412 0.003957 0.009581 0.006143 0.000000 0.000000
2.000000 14.000000 2.000000 8.000000 2397.436288 0.003701 0.008957 0.005694 0.000000 0.000000
2.000000 15.000000 2.000000 8.000000 1504.238298 0.002317 0.005590 0.005590 0.000000 -491.142183
2.000000 16.000000 2.000000 8.000000 2395.938435 0.003699 0.008952 0.005162 0.000000 0.000000
2.000000 17.000000 2.000000 8.000000 3071.325937 0.004749 0.011522 0.004814 0.000000 0.000000
2.000000 18.000000 2.000000 8.000000 1807.318256 0.002786 0.006729 0.004333 0.000000 0.000000
2.000000 19.000000 2.000000 8.000000 2739.839498 0.004233 0.010258 0.000000 0.000000 0.000000
2.000000 20.000000 2.000000 8.000000 2508.782762 0.003874 0.009380 0.000000 0.000000 0.000000
2.000000 21.000000 2.000000 8.000000 2223.113737 0.003431 0.008297 0.000000 0.000000 0.000000
2.000000 22.000000 2.000000 8.000000 2009.793041 0.003100 0.007492 0.000000 0.000000 0.000000
2.000000 23.000000 2.000000 8.000000 1845.685164 0.002845 0.006873 0.000000 0.000000 0.000000
2.000000 24.000000 2.000000 8.000000 1713.512193 0.002641 0.006376 0.000000 0.000000 0.000000
2.000000 1.000000 3.000000 8.000000 1606.954226 0.002476 0.005976 0.000000 0.000000 -0.000000
2.000000 2.000000 3.000000 8.000000 1522.119137 0.002345 0.005657 0.000000 0.000000 -0.000000
2.000000 3.000000 3.000000 8.000000 1442.451621 0.002222 0.005359 0.000000 0.000000 -0.000000
2.000000 4.000000 3.000000 8.000000 1373.748022 0.002115 0.005101 0.000000 0.000000 -0.000000
2.000000 5.000000 3.000000 8.000000 1314.547812 0.002024 0.004880 0.000000 0.000000 -0.000000
2.000000 6.000000 3.000000 8.000000 1262.331559 0.001943 0.004684 0.000000 0.000000 -0.000000
2.000000 7.000000 3.000000 8.000000 1225.264486 0.001886 0.004546 0.000000 0.000000 0.000000
2.000000 8.000000 3.000000 8.000000 2131.013338 0.003288 0.007949 0.000000 0.000000 0.000000
2.000000 9.000000 3.000000 8.000000 2661.001716 0.004111 0.009958 0.000000 0.000000 0.000000
2.000000 10.000000 3.000000 8.000000 3633.795781 0.005627 0.013678 0.000000 0.000000 0.000000
2.000000 11.000000 3.000000 8.000000 4897.571063 0.007608 0.018577 0.000000 0.000000 0.000000
2.000000 12.000000 3.000000 8.000000 6247.945419 0.009739 0.023897 0.000000 0.000000 0.000000
2.000000 13.000000 3.000000 8.000000 7547.416928 0.011803 0.029099 0.000000 0.000000 0.000000
2.000000 14.000000 3.000000 8.000000 8481.425594 0.013294 0.032891 0.000000 0.000000 0.000000
2.000000 15.000000 3.000000 8.000000 18462.478025 0.029686 0.076348 0.000000 0.000000 0.000000
2.000000 16.000000 3.000000 8.000000 45374.746008 0.078414 0.228527 0.000000 0.000000 0.000000
2.000000 17.000000 3.000000 8.000000 76473.310009 0.144655 0.514778 0.000000 0.000000 0.000000
2.000000 18.000000 3.000000 8.000000 42275.155417 0.072433 0.207703 0.000000 0.000000 0.000000
2.000000 19.000000 3.000000 8.000000 5567.299427 0.008663 0.021205 0.000000 0.000000 -0.000000
2.000000 20.000000 3.000000 8.000000 3506.373979 0.005428 0.013189 0.000000 0.000000 -0.000000
2.000000 21.000000 3.000000 8.000000 2868.918355 0.004434 0.010749 0.000000 0.000000 0.000000
2.000000 22.000000 3.000000 8.000000 2496.007612 0.003854 0.009331 0.000000 0.000000 0.000000
2.000000 23.000000 3.000000 8.000000 2224.334547 0.003432 0.008302 0.000000 0.000000 0.000000
2.000000 24.000000 3.000000 8.000000 2008.681726 0.003098 0.007487 0.000000 0.000000 -0.000000
2.000000 1.000000 4.000000 8.000000 1837.896424 0.002833 0.006844 0.000000 0.000000 -0.000000
2.000000 2.000000 4.000000 8.000000 1696.498352 0.002615 0.006312 0.000000 0.000000 -0.000000
2.000000 3.000000 4.000000 8.000000 1575.573628 0.002427 0.005858 0.000000 0.000000 -0.000000
2.000000 4.000000 4.000000 8.000000 1472.904725 0.002269 0.005473 0.000000 0.000000 -0.000000
2.000000 5.000000 4.000000 8.000000 1384.994397 0.002133 0.005143 0.000000 0.000000 -0.000000
2.000000 6.000000 4.000000 8.000000 1313.959595 0.002023 0.004878 0.000000 0.000000 -0.000000
2.000000 7.000000 4.000000 8.000000 1254.044889 0.001931 0.004653 0.000000 0.000000 0.000000
2.000000 8.000000 4.000000 8.000000 2154.803819 0.003325 0.008039 0.000000 0.000000 0.000000
2.000000 9.000000 4.000000 8.000000 2673.808342 0.004131 0.010007 0.000000 0.000000 0.000000
2.000000 10.000000 4.000000 8.000000 3671.589604 0.005686 0.013824 0.000000 0.000000 0.000000
2.000000 11.000000 4.000000 8.000000 4970.522898 0.007723 0.018863 0.000000 0.000000 0.000000
2.000000 12.000000 4.000000 8.000000 6377.807491 0.009944 0.024413 0.000000 0.000000 0.000000
2.000000 13.000000 4.000000 8.000000 7664.756028 0.011990 0.029573 0.000000 0.000000 0.000000
2.000000 14.000000 4.000000 8.000000 8705.949413 0.013654 0.033809 0.000000 0.000000 0.000000
2.000000 15.000000 4.000000 8.000000 19045.794373 0.030670 0.079067 0.000000 0.000000 0.000000
2.000000 16.000000 4.000000 8.000000 46846.374913 0.081289 0.238784 0.000000 0.000000 0.000000
2.000000 17.000000 4.000000 8.000000 78871.240918 0.150287 0.545065 0.000000 0.000000 0.000000
2.000000 18.000000 4.000000 8.000000 43553.823570 0.074888 0.216168 0.000000 0.000000 0.000000
2.000000 19.000000 4.000000 8.000000 5787.351606 0.009010 0.022072 0.000000 0.000000 -0.000000
2.000000 20.000000 4.000000 8.000000 3653.560541 0.005658 0.013754 0.000000 0.000000 -0.000000
2.000000 21.000000 4.000000 8.000000 2994.150901 0.004629 0.011227 0.000000 0.000000 0.000000
2.000000 22.000000 4.000000 8.000000 2618.674011 0.004045 0.009797 0.000000 0.000000 0.000000
2.000000 23.000000 4.000000 8.000000 2339.402934 0.003611 0.008738 0.000000 0.000000 0.000000
2.000000 24.000000 4.000000 8.000000 2111.733884 0.003258 0.007876 0.000000 0.000000 0.000000
2.000000 1.000000 5.000000 8.000000 1926.780964 0.002971 0.007179 0.000000 0.000000 0.000000
2.000000 2.000000 5.000000 8.000000 1773.794070 0.002734 0.006603 0.000000 0.000000 -0.000000
2.000000 3.000000 5.000000 8.000000 1648.513901 0.002540 0.006132 0.000000 0.000000 -0.000000
2.000000 4.000000 5.000000 8.000000 1545.961435 0.002382 0.005747 0.000000 0.000000 0.000000
2.000000 5.000000 5.000000 8.000000 1456.282027 0.002243 0.005410 0.000000 0.000000 0.000000
2.000000 6.000000 5.000000 8.000000 1386.163956 0.002135 0.005148 0.000000 0.000000 -0.000000
2.000000 7.000000 5.000000 8.000000 1325.580293 0.002041 0.004921 0.000000 0.000000 0.000000
2.000000 8.000000 5.000000 8.000000 3007.819848 0.004651 0.011279 0.004651 1850.215765 0.000000
2.000000 9.000000 5.000000 8.000000 2760.099127 0.004265 0.010335 0.004265 375.686015 0.000000
2.000000 10.000000 5.000000 8.000000 2298.502146 0.003548 0.008583 0.005104 0.000000 0.000000
2.000000 11.000000 5.000000 8.000000 2791.490054 0.004314 0.010454 0.006005 0.000000 0.000000
2.000000 12.000000 5.000000 8.000000 2801.542179 0.004329 0.010493 0.005973 0.000000 0.000000
2.000000 13.000000 5.000000 8.000000 2522.129683 0.003895 0.009430 0.006469 0.000000 0.000000
2.000000 14.000000 5.000000 8.000000 2366.777355 0.003654 0.008841 0.006038 0.000000 0.000000
2.000000 15.000000 5.000000 8.000000 1529.161580 0.002356 0.005684 0.005684 0.000000 -1299.789702
2.000000 16.000000 5.000000 8.000000 2452.357977 0.003786 0.009166 0.005864 0.000000 0.000000
2.000000 17.000000 5.000000 8.000000 3136.701267 0.004851 0.011772 0.004966 0.000000 0.000000
2.000000 18.000000 5.000000 8.000000 1855.861128 0.002861 0.006911 0.004753 0.000000 0.000000
2.000000 19.000000 5.000000 8.000000 2801.654087 0.004330 0.010493 0.000000 0.000000 0.000000
2.000000 20.000000 5.000000 8.000000 2547.399895 0.003934 0.009526 0.000000 0.000000 0.000000
2.000000 21.000000 5.000000 8.000000 2225.881284 0.003435 0.008308 0.000000 0.000000 0.000000
2.000000 22.000000 5.000000 8.000000 1976.927608 0.003049 0.007368 0.000000 0.000000 0.000000
2.000000 23.000000 5.000000 8.000000 1792.320290 0.002763 0.006672 0.000000 0.000000 0.000000
2.000000 24.000000 5.000000 8.000000 1639.468322 0.002526 0.006098 0.000000 0.000000 0.000000
2.000000 1.000000 6.000000 8.000000 1519.325260 0.002340 0.005647 0.000000 0.000000 -0.000000
2.000000 2.000000 6.000000 8.000000 1415.970347 0.002181 0.005259 0.000000 0.000000 -0.000000
2.000000 3.000000 6.000000 8.000000 1329.839109 0.002048 0.004937 0.000000 0.000000 -0.000000
2.000000 4.000000 6.000000 8.000000 1258.060997 0.001937 0.004668 0.000000 0.000000 -0.000000
2.000000 5.000000 6.000000 8.000000 1196.667085 0.001842 0.004439 0.000000 0.000000 0.000000
2.000000 6.000000 6.000000 8.000000 1144.159729 0.001761 0.004243 0.000000 0.000000 0.000000
2.000000 7.000000 6.000000 8.000000 1104.841872 0.001700 0.004096 0.000000 0.000000 0.000000
2.000000 8.000000 6.000000 8.000000 3299.509567 0.005105 0.012395 0.005105 5043.045624 0.000000
2.000000 9.000000 6.000000 8.000000 2927.455934 0.004525 0.010973 0.004525 1334.317949 0.000000
2.000000 10.000000 6.000000 8.000000 2372.171115 0.003662 0.008862 0.005425 0.000000 0.000000
2.000000 11.000000 6.000000 8.000000 2902.001982 0.004486 0.010876 0.006159 0.000000 0.000000
2.000000 12.000000 6.000000 8.000000 2725.329175 0.004211 0.010203 0.005927 0.000000 0.000000
2.000000 13.000000 6.000000 8.000000 2375.778829 0.003668 0.008875 0.006482 0.000000 0.000000
2.000000 14.000000 6.000000 8.000000 2159.830113 0.003332 0.008058 0.006342 0.000000 0.000000
2.000000 15.000000 6.000000 8.000000 1912.410895 0.002949 0.007124 0.007124 0.000000 -1090.470158
2.000000 16.000000 6.000000 8.000000 3182.178643 0.004922 0.011946 0.007189 0.000000 0.000000
2.000000 17.000000 6.000000 8.000000 3985.943727 0.006178 0.015036 0.006191 0.000000 0.000000
2.000000 18.000000 6.000000 8.000000 2317.997045 0.003578 0.008656 0.005445 0.000000 0.000000
2.000000 19.000000 6.000000 8.000000 3376.979781 0.005226 0.012692 0.000000 0.000000 0.000000
2.000000 20.000000 6.000000 8.000000 3044.383591 0.004707 0.011419 0.000000 0.000000 0.000000
2.000000 21.000000 6.000000 8.000000 2659.683905 0.004109 0.009953 0.000000 0.000000 0.000000
2.000000 22.000000 6.000000 8.000000 2371.432024 0.003661 0.008859 0.000000 0.000000 0.000000
2.000000 23.000000 6.000000 8.000000 2143.772433 0.003307 0.007997 0.000000 0.000000 0.000000
2.000000 24.000000 6.000000 8.000000 1963.569736 0.003028 0.007317 0.000000 0.000000 0.000000
2.000000 1.000000 7.000000 8.000000 1812.686680 0.002794 0.006749 0.000000 0.000000 0.000000
2.000000 2.000000 7.000000 8.000000 1681.281561 0.002591 0.006255 0.000000 0.000000 0.000000
2.000000 3.000000 7.000000 8.000000 1562.513047 0.002407 0.005809 0.000000 0.000000 0.000000
2.000000 4.000000 7.000000 8.000000 1460.453759 0.002249 0.005426 0.000000 0.000000 0.000000
2.000000 5.000000 7.000000 8.000000 1369.200541 0.002108 0.005084 0.000000 0.000000 0.000000
2.000000 6.000000 7.000000 8.000000 1289.305710 0.001985 0.004785 0.000000 0.000000 0.000000
2.000000 7.000000 7.000000 8.000000 1223.381209 0.001883 0.004539 0.000000 0.000000 0.000000
2.000000 8.000000 7.000000 8.000000 3163.983453 0.004894 0.011876 0.004894 3766.460404 0.000000
2.000000 9.000000 7.000000 8.000000 2823.530094 0.004364 0.010576 0.004364 374.148486 0.000000
2.000000 10.000000 7.000000 8.000000 2309.755056 0.003565 0.008625 0.005394 0.000000 0.000000
2.000000 11.000000 7.000000 8.000000 2927.488806 0.004525 0.010973 0.006019 0.000000 0.000000
2.000000 12.000000 7.000000 8.000000 2673.755383 0.004131 0.010006 0.006812 0.000000 0.000000
2.000000 13.000000 7.000000 8.000000 2370.114399 0.003659 0.008854 0.006605 0.000000 0.000000
2.000000 14.000000 7.000000 8.000000 2181.647033 0.003366 0.008141 0.006626 0.000000 0.000000
2.000000 15.000000 7.000000 8.000000 1832.410132 0.002825 0.006823 0.006818 0.000000 0.000000
2.000000 16.000000 7.000000 8.000000 2883.234915 0.004457 0.010804 0.006235 0.000000 0.000000
2.000000 17.000000 7.000000 8.000000 3637.919213 0.005634 0.013694 0.006082 0.000000 0.000000
2.000000 18.000000 7.000000 8.000000 2139.794606 0.003301 0.007982 0.005631 0.000000 0.000000
2.000000 19.000000 7.000000 8.000000 3208.943005 0.004964 0.012048 0.000000 0.000000 0.000000
2.000000 20.000000 7.000000 8.000000 2932.747200 0.004534 0.010993 0.000000 0.000000 0.000000
2.000000 21.000000 7.000000 8.000000 2603.824050 0.004022 0.009741 0.000000 0.000000 0.000000
2.000000 22.000000 7.000000 8.000000 2351.583032 0.003630 0.008784 0.000000 0.000000 0.000000
2.000000 23.000000 7.000000 8.000000 2155.584451 0.003326 0.008042 0.000000 0.000000 0.000000
2.000000 24.000000 7.000000 8.000000 1991.673468 0.003072 0.007423 0.000000 0.000000 0.000000
2.000000 1.000000 1.000000 8.000000 1860.132771 0.002868 0.006928 0.000000 0.000000 0.000000
2.000000 2.000000 1.000000 8.000000 1751.514331 0.002700 0.006519 0.000000 0.000000 0.000000
2.000000 3.000000 1.000000 8.000000 1655.651921 0.002551 0.006158 0.000000 0.000000 -0.000000
2.000000 4.000000 1.000000 8.000000 1565.644059 0.002412 0.005821 0.000000 0.000000 -0.000000
2.000000 5.000000 1.000000 8.000000 1489.507265 0.002294 0.005535 0.000000 0.000000 -0.000000
2.000000 6.000000 1.000000 8.000000 1425.058394 0.002195 0.005293 0.000000 0.000000 -0.000000
2.000000 7.000000 1.000000 8.000000 1365.133276 0.002102 0.005069 0.000000 0.000000 -0.000000
2.000000 8.000000 1.000000 8.000000 2959.519062 0.004575 0.011095 0.005514 0.000000 0.000000
2.000000 9.000000 1.000000 8.000000 2701.037297 0.004173 0.010110 0.005159 0.000000 0.000000
2.000000 10.000000 1.000000 8.000000 2380.299208 0.003675 0.008892 0.006100 0.000000 0.000000
2.000000 11.000000 1.000000 8.000000 2953.039583 0.004565 0.011070 0.007008 0.000000 0.000000
2.000000 12.000000 1.000000 8.000000 2707.673996 0.004183 0.010135 0.007170 0.000000 0.000000
2.000000 13.000000 1.000000 8.000000 2454.786132 0.003790 0.009175 0.007309 0.000000 0.000000
2.000000 14.000000 1.000000 8.000000 2323.227711 0.003586 0.008676 0.006964 0.000000 0.000000
2.000000 15.000000 1.000000 8.000000 1550.298503 0.002388 0.005763 0.005763 0.000000 -216.613502
2.000000 16.000000 1.000000 8.000000 2464.834744 0.003806 0.009213 0.005729 0.000000 0.000000
2.000000 17.000000 1.000000 8.000000 3143.680791 0.004862 0.011798 0.005445 0.000000 0.000000
2.000000 18.000000 1.000000 8.000000 1886.785340 0.002909 0.007028 0.005447 0.000000 0.000000
2.000000 19.000000 1.000000 8.000000 2863.955470 0.004426 0.010730 0.000000 0.000000 0.000000
2.000000 20.000000 1.000000 8.000000 2604.796223 0.004023 0.009744 0.000000 0.000000 0.000000
2.000000 21.000000 1.000000 8.000000 2304.849368 0.003557 0.008607 0.000000 0.000000 0.000000
2.000000 22.000000 1.000000 8.000000 2070.483237 0.003194 0.007721 0.000000 0.000000 0.000000
2.000000 23.000000 1.000000 8.000000 1882.582582 0.002903 0.007012 0.000000 0.000000 0.000000
2.000000 24.000000 1.000000 8.000000 1735.001855 0.002674 0.006457 0.000000 0.000000 0.000000
2.000000 1.000000 2.000000 8.000000 1615.835987 0.002490 0.006009 0.000000 0.000000 0.000000
2.000000 2.000000 2.000000 8.000000 1507.590100 0.002322 0.005603 0.000000 0.000000 -0.000000
2.000000 3.000000 2.000000 8.000000 1419.908737 0.002187 0.005274 0.000000 0.000000 -0.000000
2.000000 4.000000 2.000000 8.000000 1345.976079 0.002073 0.004997 0.000000 0.000000 -0.000000
2.000000 5.000000 2.000000 8.000000 1284.788936 0.001978 0.004768 0.000000 0.000000 -0.000000
2.000000 6.000000 2.000000 8.000000 1235.879019 0.001902 0.004586 0.000000 0.000000 -0.000000
2.000000 7.000000 2.000000 8.000000 1199.134691 0.001846 0.004448 0.000000 0.000000 -0.000000
2.000000 8.000000 2.000000 8.000000 3174.688814 0.004911 0.011917 0.004911 763.066483 0.000000
2.000000 9.000000 2.000000 8.000000 2861.493484 0.004423 0.010721 0.004890 0.000000 0.000000
2.000000 10.000000 2.000000 8.000000 2349.128601 0.003626 0.008774 0.006339 0.000000 0.000000
2.000000 11.000000 2.000000 8.000000 2848.286022 0.004402 0.010671 0.006887 0.000000 0.000000
2.000000 12.000000 2.000000 8.000000 2766.260770 0.004274 0.010358 0.006975 0.000000 0.000000
2.000000 13.000000 2.000000 8.000000 2472.668528 0.003818 0.009243 0.006885 0.000000 0.000000
2.000000 14.000000 2.000000 8.000000 2293.345563 0.003540 0.008563 0.006215 0.000000 0.000000
2.000000 15.000000 2.000000 8.000000 1647.251044 0.002538 0.006127 0.006127 0.000000 -1347.257179
2.000000 16.000000 2.000000 8.000000 2616.284964 0.004041 0.009788 0.006322 0.000000 0.000000
2.000000 17.000000 2.000000 8.000000 3333.070148 0.005158 0.012524 0.005632 0.000000 0.000000
2.000000 18.000000 2.000000 8.000000 2024.010170 0.003122 0.007545 0.005869 0.000000 0.000000
2.000000 19.000000 2.000000 8.000000 2992.670499 0.004627 0.011221 0.000000 0.000000 0.000000
2.000000 20.000000 2.000000 8.000000 2701.532250 0.004174 0.010112 0.000000 0.000000 0.000000
2.000000 21.000000 2.000000 8.000000 2378.107060 0.003671 0.008884 0.000000 0.000000 0.000000
2.000000 22.000000 2.000000 8.000000 2140.335485 0.003302 0.007984 0.000000 0.000000 0.000000
2.000000 23.000000 2.000000 8.000000 1957.799769 0.003019 0.007296 0.000000 0.000000 0.000000
2.000000 24.000000 2.000000 8.000000 1814.625503 0.002797 0.006756 0.000000 0.000000 0.000000
2.000000 1.000000 3.000000 8.000000 1623.177911 0.002501 0.006037 0.000000 0.000000 0.000000
2.000000 2.000000 3.000000 8.000000 1521.628605 0.002344 0.005655 0.000000 0.000000 -0.000000
2.000000 3.000000 3.000000 8.000000 1427.314890 0.002198 0.005302 0.000000 0.000000 -0.000000
2.000000 4.000000 3.000000 8.000000 1353.196459 0.002084 0.005024 0.000000 0.000000 -0.000000
2.000000 5.000000 3.000000 8.000000 1288.490210 0.001984 0.004782 0.000000 0.000000 -0.000000
2.000000 6.000000 3.000000 8.000000 1250.632916 0.001925 0.004641 0.000000 0.000000 -0.000000
2.000000 7.000000 3.000000 8.000000 1212.497462 0.001866 0.004498 0.000000 0.000000 -0.000000
2.000000 8.000000 3.000000 8.000000 2110.539569 0.003256 0.007872 0.000000 0.000000 0.000000
2.000000 9.000000 3.000000 8.000000 2641.102015 0.004080 0.009882 0.000000 0.000000 0.000000
2.000000 10.000000 3.000000 8.000000 3601.263872 0.005576 0.013553 0.000000 0.000000 0.000000
2.000000 11.000000 3.000000 8.000000 4843.438570 0.007523 0.018366 0.000000 0.000000 0.000000
2.000000 12.000000 3.000000 8.000000 6070.834934 0.009458 0.023194 0.000000 0.000000 0.000000
2.000000 13.000000 3.000000 8.000000 7115.032262 0.011114 0.027359 0.000000 0.000000 0.000000
2.000000 14.000000 3.000000 8.000000 7733.685332 0.012099 0.029852 0.000000 0.000000 0.000000
2.000000 15.000000 3.000000 8.000000 16949.688632 0.027147 0.069394 0.000000 0.000000 0.000000
2.000000 16.000000 3.000000 8.000000 41438.887476 0.070837 0.202258 0.000000 0.000000 0.000000
2.000000 17.000000 3.000000 8.000000 70192.001470 0.130285 0.442421 0.000000 0.000000 0.000000
2.000000 18.000000 3.000000 8.000000 38667.093890 0.065599 0.184712 0.000000 0.000000 0.000000
2.000000 19.000000 3.000000 8.000000 4975.123147 0.007730 0.018881 0.000000 0.000000 -0.000000
2.000000 20.000000 3.000000 8.000000 3113.754245 0.004816 0.011684 0.000000 0.000000 -0.000000
2.000000 21.000000 3.000000 8.000000 2554.431158 0.003945 0.009553 0.000000 0.000000 0.000000
2.000000 22.000000 3.000000 8.000000 2215.469411 0.003419 0.008268 0.000000 0.000000 0.000000
2.000000 23.000000 3.000000 8.000000 2005.646888 0.003093 0.007476 0.000000 0.000000 0.000000
2.000000 24.000000 3.000000 8.000000 1834.594358 0.002828 0.006831 0.000000 0.000000 0.000000
2.000000 1.000000 4.000000 8.000000 1703.296113 0.002625 0.006337 0.000000 0.000000 0.000000
2.000000 2.000000 4.000000 8.000000 1594.498348 0.002457 0.005929 0.000000 0.000000 0.000000
2.000000 3.000000 4.000000 8.000000 1496.217067 0.002305 0.005560 0.000000 0.000000 -0.000000
2.000000 4.000000 4.000000 8.000000 1415.073449 0.002179 0.005256 0.000000 0.000000 -0.000000
2.000000 5.000000 4.000000 8.000000 1345.691243 0.002072 0.004996 0.000000 0.000000 -0.000000
2.000000 6.000000 4.000000 8.000000 1300.227382 0.002002 0.004826 0.000000 0.000000 -0.000000
2.000000 7.000000 4.000000 8.000000 1255.218567 0.001932 0.004658 0.000000 0.000000 -0.000000
2.000000 8.000000 4.000000 8.000000 2173.828145 0.003354 0.008111 0.000000 0.000000 0.000000
2.000000 9.000000 4.000000 8.000000 2711.250011 0.004189 0.010149 0.000000 0.000000 0.000000
2.000000 10.000000 4.000000 8.000000 3720.196872 0.005762 0.014011 0.000000 0.000000 0.000000
2.000000 11.000000 4.000000 8.000000 4996.458662 0.007764 0.018964 0.000000 0.000000 0.000000
2.000000 12.000000 4.000000 8.000000 6355.134973 0.009908 0.024323 0.000000 0.000000 0.000000
2.000000 13.000000 4.000000 8.000000 7687.923648 0.012027 0.029667 0.000000 0.000000 0.000000
2.000000 14.000000 4.000000 8.000000 8748.766051 0.013723 0.033984 0.000000 0.000000 0.000000
2.000000 15.000000 4.000000 8.000000 19199.551201 0.030930 0.079787 0.000000 0.000000 0.000000
2.000000 16.000000 4.000000 8.000000 47268.038255 0.082118 0.241768 0.000000 0.000000 0.000000
2.000000 17.000000 4.000000 8.000000 79265.087584 0.151220 0.550195 0.000000 0.000000 0.000000
2.000000 18.000000 4.000000 8.000000 43593.560084 0.074965 0.216434 0.000000 0.000000 0.000000
2.000000 19.000000 4.000000 8.000000 5741.612247 0.008938 0.021892 0.000000 0.000000 -0.000000
2.000000 20.000000 4.000000 8.000000 3600.366857 0.005575 0.013550 0.000000 0.000000 -0.000000
2.000000 21.000000 4.000000 8.000000 2926.707972 0.004524 0.010970 0.000000 0.000000 0.000000
2.000000 22.000000 4.000000 8.000000 2523.228974 0.003897 0.009435 0.000000 0.000000 0.000000
2.000000 23.000000 4.000000 8.000000 2270.770590 0.003505 0.008478 0.000000 0.000000 0.000000
2.000000 24.000000 4.000000 8.000000 2069.141726 0.003192 0.007716 0.000000 0.000000 0.000000
2.000000 1.000000 5.000000 8.000000 1909.821285 0.002945 0.007115 0.000000 0.000000 0.000000
2.000000 2.000000 5.000000 8.000000 1784.315774 0.002750 0.006642 0.000000 0.000000 0.000000
2.000000 3.000000 5.000000 8.000000 1666.219391 0.002568 0.006198 0.000000 0.000000 0.000000
2.000000 4.000000 5.000000 8.000000 1566.751805 0.002414 0.005825 0.000000 0.000000 0.000000
2.000000 5.000000 5.000000 8.000000 1481.886774 0.002283 0.005506 0.000000 0.000000 0.000000
2.000000 6.000000 5.000000 8.000000 1405.094291 0.002164 0.005219 0.000000 0.000000 0.000000
2.000000 7.000000 5.000000 8.000000 1369.202624 0.002108 0.005084 0.000000 0.000000 0.000000
2.000000 8.000000 5.000000 8.000000 2898.267317 0.004480 0.010861 0.004709 0.000000 0.000000
2.000000 9.000000 5.000000 8.000000 2580.348144 0.003985 0.009651 0.005676 0.000000 0.000000
2.000000 10.000000 5.000000 8.000000 2665.208303 0.004117 0.009974 0.008074 0.000000 0.000000
2.000000 11.000000 5.000000 8.000000 2845.316496 0.004397 0.010659 0.007795 0.000000 0.000000
2.000000 12.000000 5.000000 8.000000 2403.104333 0.003710 0.008979 0.007673 0.000000 0.000000
2.000000 13.000000 5.000000 8.000000 2103.781678 0.003245 0.007846 0.007827 0.000000 0.000000
2.000000 14.000000 5.000000 8.000000 1915.447661 0.002954 0.007136 0.007136 0.000000 -7171.682431
2.000000 15.000000 5.000000 8.000000 2286.748391 0.003529 0.008538 0.006458 0.000000 0.000000
2.000000 16.000000 5.000000 8.000000 3676.116803 0.005693 0.013841 0.008336 0.000000 0.000000
2.000000 17.000000 5.000000 8.000000 4576.099789 0.007103 0.017324 0.007731 0.000000 0.000000
2.000000 18.000000 5.000000 8.000000 2627.501471 0.004059 0.009831 0.006523 0.000000 0.000000
2.000000 19.000000 5.000000 8.000000 3837.885308 0.005946 0.014464 0.000000 0.000000 0.000000
2.000000 20.000000 5.000000 8.000000 3413.347610 0.005283 0.012831 0.000000 0.000000 0.000000
2.000000 21.000000 5.000000 8.000000 2990.266463 0.004623 0.011212 0.000000 0.000000 0.000000
2.000000 22.000000 5.000000 8.000000 2656.589000 0.004104 0.009941 0.000000 0.000000 0.000000
2.000000 23.000000 5.000000 8.000000 2395.009354 0.003697 0.008948 0.000000 0.000000 0.000000
2.000000 24.000000 5.000000 8.000000 2188.074640 0.003376 0.008165 0.000000 0.000000 0.000000
2.000000 1.000000 6.000000 8.000000 2024.671724 0.003123 0.007548 0.000000 0.000000 0.000000
2.000000 2.000000 6.000000 8.000000 1882.416815 0.002902 0.007011 0.000000 0.000000 0.000000
2.000000 3.000000 6.000000 8.000000 1755.928288 0.002706 0.006535 0.000000 0.000000 0.000000
2.000000 4.000000 6.000000 8.000000 1644.401059 0.002534 0.006116 0.000000 0.000000 0.000000
2.000000 5.000000 6.000000 8.000000 1533.460042 0.002362 0.005700 0.000000 0.000000 0.000000
2.000000 6.000000 6.000000 8.000000 1447.076422 0.002229 0.005376 0.000000 0.000000 0.000000
2.000000 7.000000 6.000000 8.000000 1371.654989 0.002112 0.005093 0.000000 0.000000 0.000000
2.000000 8.000000 6.000000 8.000000 2965.957765 0.004585 0.011120 0.005009 0.000000 0.000000
2.000000 9.000000 6.000000 8.000000 2716.849911 0.004198 0.010170 0.005281 0.000000 0.000000
2.000000 10.000000 6.000000 8.000000 2334.642663 0.003604 0.008719 0.007891 0.000000 0.000000
2.000000 11.000000 6.000000 8.000000 2862.432503 0.004424 0.010725 0.007147 0.000000 0.000000
2.000000 12.000000 6.000000 8.000000 2780.768968 0.004297 0.010414 0.006544 0.000000 0.000000
2.000000 13.000000 6.000000 8.000000 2484.253178 0.003836 0.009287 0.007127 0.000000 0.000000
2.000000 14.000000 6.000000 8.000000 2327.915932 0.003593 0.008694 0.006928 0.000000 0.000000
2.000000 15.000000 6.000000 8.000000 1566.950153 0.002414 0.005825 0.005825 0.000000 -1560.280573
2.000000 16.000000 6.000000 8.000000 2520.281220 0.003892 0.009423 0.007255 0.000000 0.000000
2.000000 17.000000 6.000000 8.000000 3282.949773 0.005079 0.012331 0.006926 0.000000 0.000000
2.000000 18.000000 6.000000 8.000000 1963.525962 0.003028 0.007317 0.006404 0.000000 0.000000
2.000000 19.000000 6.000000 8.000000 2947.874667 0.004557 0.011051 0.000000 0.000000 0.000000
2.000000 20.000000 6.000000 8.000000 2701.283315 0.004173 0.010111 0.000000 0.000000 0.000000
2.000000 21.000000 6.000000 8.000000 2382.805870 0.003678 0.008902 0.000000 0.000000 0.000000
2.000000 22.000000 6.000000 8.000000 2144.634364 0.003309 0.008001 0.000000 0.000000 0.000000
2.000000 23.000000 6.000000 8.000000 1968.472906 0.003036 0.007336 0.000000 0.000000 0.000000
2.000000 24.000000 6.000000 8.000000 1834.707956 0.002828 0.006832 0.000000 0.000000 0.000000
2.000000 1.000000 7.000000 8.000000 1729.252228 0.002665 0.006435 0.000000 0.000000 -0.000000
2.000000 2.000000 7.000000 8.000000 1635.092105 0.002519 0.006081 0.000000 0.000000 -0.000000
2.000000 3.000000 7.000000 8.000000 1554.397272 0.002395 0.005778 0.000000 0.000000 -0.000000
2.000000 4.000000 7.000000 8.000000 1484.486514 0.002287 0.005516 0.000000 0.000000 -0.000000
2.000000 5.000000 7.000000 8.000000 1419.748101 0.002186 0.005274 0.000000 0.000000 -0.000000
2.000000 6.000000 7.000000 8.000000 1371.628550 0.002112 0.005093 0.000000 0.000000 -0.000000
2.000000 7.000000 7.000000 8.000000 1324.197635 0.002039 0.004916 0.000000 0.000000 -0.000000
2.000000 8.000000 7.000000 8.000000 2993.713228 0.004629 0.011225 0.006879 0.000000 0.000000
2.000000 9.000000 7.000000 8.000000 2727.767249 0.004215 0.010212 0.007465 0.000000 0.000000
2.000000 10.000000 7.000000 8.000000 2376.510138 0.003669 0.008878 0.007404 0.000000 0.000000
2.000000 11.000000 7.000000 8.000000 3047.197518 0.004712 0.011430 0.007742 0.000000 0.000000
2.000000 12.000000 7.000000 8.000000 2644.024002 0.004084 0.009893 0.008742 0.000000 0.000000
2.000000 13.000000 7.000000 8.000000 2365.778290 0.003652 0.008837 0.007920 0.000000 0.000000
2.000000 14.000000 7.000000 8.000000 2220.529923 0.003427 0.008288 0.007139 0.000000 0.000000
2.000000 15.000000 7.000000 8.000000 1732.004356 0.002669 0.006445 0.006445 0.000000 -3210.586229
2.000000 16.000000 7.000000 8.000000 2826.026100 0.004367 0.010586 0.008316 0.000000 0.000000
2.000000 17.000000 7.000000 8.000000 3676.930882 0.005695 0.013844 0.007737 0.000000 0.000000
2.000000 18.000000 7.000000 8.000000 2195.971657 0.003388 0.008195 0.006949 0.000000 0.000000
2.000000 19.000000 7.000000 8.000000 3215.894189 0.004975 0.012075 0.000000 0.000000 0.000000
2.000000 20.000000 7.000000 8.000000 2924.829649 0.004521 0.010963 0.000000 0.000000 0.000000
2.000000 21.000000 7.000000 8.000000 2566.605737 0.003964 0.009599 0.000000 0.000000 0.000000
2.000000 22.000000 7.000000 8.000000 2310.709226 0.003566 0.008629 0.000000 0.000000 0.000000
2.000000 23.000000 7.000000 8.000000 2120.970867 0.003272 0.007911 0.000000 0.000000 0.000000
2.000000 24.000000 7.000000 8.000000 1971.282586 0.003040 0.007346 0.000000 0.000000 0.000000
2.000000 1.000000 1.000000 8.000000 1846.769721 0.002847 0.006877 0.000000 0.000000 0.000000
2.000000 2.000000 1.000000 8.000000 1726.445467 0.002661 0.006425 0.000000 0.000000 0.000000
2.000000 3.000000 1.000000 8.000000 1612.544909 0.002485 0.005997 0.000000 0.000000 -0.000000
2.000000 4.000000 1.000000 8.000000 1512.754496 0.002330 0.005622 0.000000 0.000000 -0.000000
2.000000 5.000000 1.000000 8.000000 1416.988971 0.002182 0.005263 0.000000 0.000000 0.000000
2.000000 6.000000 1.000000 8.000000 1343.561020 0.002069 0.004988 0.000000 0.000000 0.000000
2.000000 7.000000 1.000000 8.000000 1284.516658 0.001978 0.004767 0.000000 0.000000 -0.000000
2.000000 8.000000 1.000000 8.000000 3030.009796 0.004685 0.011364 0.005523 0.000000 0.000000
2.000000 9.000000 1.000000 8.000000 2744.549702 0.004241 0.010276 0.005712 0.000000 0.000000
2.000000 10.000000 1.000000 8.000000 2400.749150 0.003706 0.008970 0.008011 0.000000 0.000000
2.000000 11.000000 1.000000 8.000000 3050.581396 0.004717 0.011443 0.007779 0.000000 0.000000
2.000000 12.000000 1.000000 8.000000 2624.963632 0.004055 0.009821 0.008199 0.000000 0.000000
2.000000 13.000000 1.000000 8.000000 2317.000817 0.003576 0.008653 0.008653 0.000000 -975.095940
2.000000 14.000000 1.000000 8.000000 2128.115837 0.003283 0.007938 0.007938 0.000000 -2602.126821
2.000000 15.000000 1.000000 8.000000 1899.356665 0.002929 0.007075 0.007075 0.000000 -2119.978526
2.000000 16.000000 1.000000 8.000000 3125.970785 0.004835 0.011731 0.008710 0.000000 0.000000
2.000000 17.000000 1.000000 8.000000 3986.304489 0.006178 0.015037 0.008138 0.000000 0.000000
2.000000 18.000000 1.000000 8.000000 2358.553724 0.003641 0.008810 0.006789 0.000000 0.000000
2.000000 19.000000 1.000000 8.000000 3444.861852 0.005332 0.012952 0.000000 0.000000 0.000000
2.000000 20.000000 1.000000 8.000000 3129.779359 0.004841 0.011745 0.000000 0.000000 0.000000
2.000000 21.000000 1.000000 8.000000 2733.599097 0.004224 0.010234 0.000000 0.000000 0.000000
2.000000 22.000000 1.000000 8.000000 2458.107173 0.003795 0.009187 0.000000 0.000000 0.000000
2.000000 23.000000 1.000000 8.000000 2238.683450 0.003455 0.008356 0.000000 0.000000 0.000000
2.000000 24.000000 1.000000 8.000000 2067.006864 0.003188 0.007708 0.000000 0.000000 0.000000
2.000000 1.000000 2.000000 8.000000 1926.393394 0.002970 0.007177 0.000000 0.000000 0.000000
2.000000 2.000000 2.000000 8.000000 1796.730561 0.002770 0.006689 0.000000 0.000000 0.000000
2.000000 3.000000 2.000000 8.000000 1673.629605 0.002579 0.006226 0.000000 0.000000 0.000000
2.000000 4.000000 2.000000 8.000000 1579.200615 0.002433 0.005871 0.000000 0.000000 0.000000
2.000000 5.000000 2.000000 8.000000 1492.905634 0.002300 0.005548 0.000000 0.000000 0.000000
2.000000 6.000000 2.000000 8.000000 1427.093873 0.002198 0.005301 0.000000 0.000000 -0.000000
2.000000 7.000000 2.000000 8.000000 1370.533050 0.002110 0.005089 0.000000 0.000000 -0.000000
2.000000 8.000000 2.000000 8.000000 2920.479291 0.004514 0.010946 0.005515 0.000000 0.000000
2.000000 9.000000 2.000000 8.000000 2723.090717 0.004207 0.010194 0.005341 0.000000 0.000000
2.000000 10.000000 2.000000 8.000000 2311.531556 0.003568 0.008632 0.007730 0.000000 0.000000
2.000000 11.000000 2.000000 8.000000 2770.967453 0.004282 0.010376 0.006961 0.000000 0.000000
2.000000 12.000000 2.000000 8.000000 2806.669960 0.004337 0.010512 0.006908 0.000000 0.000000
2.000000 13.000000 2.000000 8.000000 2508.618284 0.003874 0.009379 0.007773 0.000000 0.000000
2.000000 14.000000 2.000000 8.000000 2340.832114 0.003613 0.008743 0.007839 0.000000 0.000000
2.000000 15.000000 2.000000 8.000000 1567.444216 0.002415 0.005827 0.005827 0.000000 -4948.306410
2.000000 16.000000 2.000000 8.000000 2499.406392 0.003860 0.009344 0.007182 0.000000 0.000000
2.000000 17.000000 2.000000 8.000000 3174.877816 0.004911 0.011918 0.006757 0.000000 0.000000
2.000000 18.000000 2.000000 8.000000 1872.209945 0.002887 0.006973 0.005953 0.000000 0.000000
2.000000 19.000000 2.000000 8.000000 2863.809453 0.004426 0.010730 0.000000 0.000000 0.000000
2.000000 20.000000 2.000000 8.000000 2659.387601 0.004108 0.009952 0.000000 0.000000 0.000000
2.000000 21.000000 2.000000 8.000000 2383.647516 0.003680 0.008905 0.000000 0.000000 0.000000
2.000000 22.000000 2.000000 8.000000 2158.513414 0.003330 0.008053 0.000000 0.000000 0.000000
2.000000 23.000000 2.000000 8.000000 1991.984990 0.003072 0.007424 0.000000 0.000000 0.000000
2.000000 24.000000 2.000000 8.000000 1843.117573 0.002841 0.006863 0.000000 0.000000 0.000000
2.000000 1.000000 3.000000 8.000000 1722.690543 0.002655 0.006410 0.000000 0.000000 -0.000000
2.000000 2.000000 3.000000 8.000000 1622.459427 0.002500 0.006034 0.000000 0.000000 -0.000000
2.000000 3.000000 3.000000 8.000000 1533.941014 0.002363 0.005702 0.000000 0.000000 -0.000000
2.000000 4.000000 3.000000 8.000000 1466.846511 0.002259 0.005450 0.000000 0.000000 -0.000000
2.000000 5.000000 3.000000 8.000000 1413.875313 0.002177 0.005252 0.000000 0.000000 -0.000000
2.000000 6.000000 3.000000 8.000000 1376.554308 0.002120 0.005112 0.000000 0.000000 -0.000000
2.000000 7.000000 3.000000 8.000000 1331.298805 0.002050 0.004942 0.000000 0.000000 -0.000000
2.000000 8.000000 3.000000 8.000000 2323.412016 0.003586 0.008677 0.000000 0.000000 0.000000
2.000000 9.000000 3.000000 8.000000 2909.459166 0.004497 0.010904 0.000000 0.000000 0.000000
2.000000 10.000000 3.000000 8.000000 3984.453333 0.006176 0.015030 0.000000 0.000000 0.000000
2.000000 11.000000 3.000000 8.000000 5346.068187 0.008314 0.020334 0.000000 0.000000 0.000000
2.000000 12.000000 3.000000 8.000000 6986.950791 0.010911 0.026845 0.000000 0.000000 0.000000
2.000000 13.000000 3.000000 8.000000 8727.292092 0.013688 0.033896 0.000000 0.000000 0.000000
2.000000 14.000000 3.000000 8.000000 10159.929221 0.015993 0.039816 0.000000 0.000000 0.000000
2.000000 15.000000 3.000000 8.000000 21799.153732 0.035356 0.092191 0.000000 0.000000 0.000000
2.000000 16.000000 3.000000 8.000000 52720.879894 0.093007 0.282318 0.000000 0.000000 0.000000
2.000000 17.000000 3.000000 8.000000 87182.658037 0.170464 0.663803 0.000000 0.000000 0.000000
2.000000 18.000000 3.000000 8.000000 48240.107490 0.084034 0.248729 0.000000 0.000000 0.000000
2.000000 19.000000 3.000000 8.000000 6563.736564 0.010239 0.025153 0.000000 0.000000 -0.000000
2.000000 20.000000 3.000000 8.000000 4162.505592 0.006454 0.015719 0.000000 0.000000 -0.000000
2.000000 21.000000 3.000000 8.000000 3412.491704 0.005282 0.012828 0.000000 0.000000 0.000000
2.000000 22.000000 3.000000 8.000000 2942.954979 0.004549 0.011032 0.000000 0.000000 0.000000
2.000000 23.000000 3.000000 8.000000 2632.194173 0.004066 0.009848 0.000000 0.000000 0.000000
2.000000 24.000000 3.000000 8.000000 2392.298469 0.003693 0.008938 0.000000 0.000000 0.000000
2.000000 1.000000 4.000000 8.000000 2193.814169 0.003385 0.008187 0.000000 0.000000 0.000000
2.000000 2.000000 4.000000 8.000000 2012.916653 0.003105 0.007503 0.000000 0.000000 0.000000
2.000000 3.000000 4.000000 8.000000 1868.835995 0.002881 0.006960 0.000000 0.000000 0.000000
2.000000 4.000000 4.000000 8.000000 1753.339021 0.002702 0.006526 0.000000 0.000000 0.000000
2.000000 5.000000 4.000000 8.000000 1649.469036 0.002542 0.006135 0.000000 0.000000 0.000000
2.000000 6.000000 4.000000 8.000000 1561.363494 0.002405 0.005804 0.000000 0.000000 0.000000
2.000000 7.000000 4.000000 8.000000 1474.470503 0.002271 0.005479 0.000000 0.000000 -0.000000
2.000000 8.000000 4.000000 8.000000 2505.449537 0.003869 0.009367 0.000000 0.000000 0.000000
2.000000 9.000000 4.000000 8.000000 3070.010190 0.004747 0.011517 0.000000 0.000000 0.000000
2.000000 10.000000 4.000000 8.000000 4228.868491 0.006558 0.015976 0.000000 0.000000 0.000000
2.000000 11.000000 4.000000 8.000000 5774.822292 0.008991 0.022023 0.000000 0.000000 0.000000
2.000000 12.000000 4.000000 8.000000 7533.143801 0.011780 0.029042 0.000000 0.000000 0.000000
2.000000 13.000000 4.000000 8.000000 9234.110930 0.014502 0.035978 0.000000 0.000000 0.000000
2.000000 14.000000 4.000000 8.000000 10584.965957 0.016680 0.041594 0.000000 0.000000 0.000000
2.000000 15.000000 4.000000 8.000000 22899.083588 0.037247 0.097572 0.000000 0.000000 0.000000
2.000000 16.000000 4.000000 8.000000 54720.002517 0.097084 0.298155 0.000000 0.000000 0.000000
2.000000 17.000000 4.000000 8.000000 90392.627329 0.178542 0.716393 0.000000 0.000000 0.000000
2.000000 18.000000 4.000000 8.000000 50695.755170 0.088924 0.266821 0.000000 0.000000 0.000000
2.000000 19.000000 4.000000 8.000000 6935.422986 0.010829 0.026639 0.000000 0.000000 -0.000000
2.000000 20.000000 4.000000 8.000000 4341.778809 0.006735 0.016414 0.000000 0.000000 -0.000000
2.000000 21.000000 4.000000 8.000000 3541.921746 0.005484 0.013325 0.000000 0.000000 0.000000
2.000000 22.000000 4.000000 8.000000 3068.038458 0.004744 0.011509 0.000000 0.000000 0.000000
2.000000 23.000000 4.000000 8.000000 2739.722438 0.004233 0.010257 0.000000 0.000000 0.000000
2.000000 24.000000 4.000000 8.000000 2483.134942 0.003834 0.009282 0.000000 0.000000 0.000000
2.000000 1.000000 5.000000 8.000000 2277.498667 0.003515 0.008503 0.000000 0.000000 0.000000
2.000000 2.000000 5.000000 8.000000 2094.762945 0.003231 0.007812 0.000000 0.000000 -0.000000
2.000000 3.000000 5.000000 8.000000 1934.129562 0.002982 0.007206 0.000000 0.000000 -0.000000
2.000000 4.000000 5.000000 8.000000 1792.904376 0.002764 0.006674 0.000000 0.000000 -0.000000
2.000000 5.000000 5.000000 8.000000 1681.982377 0.002592 0.006257 0.000000 0.000000 -0.000000
2.000000 6.000000 5.000000 8.000000 1589.855659 0.002450 0.005911 0.000000 0.000000 -0.000000
2.000000 7.000000 5.000000 8.000000 1502.488428 0.002314 0.005584 0.000000 0.000000 -0.000000
2.000000 8.000000 5.000000 8.000000 2791.557643 0.004314 0.010455 0.006671 0.000000 0.000000
2.000000 9.000000 5.000000 8.000000 2554.338584 0.003945 0.009553 0.007223 0.000000 0.000000
2.000000 10.000000 5.000000 8.000000 2491.134649 0.003847 0.009313 0.007182 0.000000 0.000000
2.000000 11.000000 5.000000 8.000000 2981.549813 0.004610 0.011179 0.008064 0.000000 0.000000
2.000000 12.000000 5.000000 8.000000 2581.679227 0.003987 0.009656 0.008903 0.000000 0.000000
2.000000 13.000000 5.000000 8.000000 2329.421437 0.003596 0.008700 0.008700 0.000000 -235.494109
2.000000 14.000000 5.000000 8.000000 2195.525750 0.003388 0.008193 0.007655 0.000000 0.000000
2.000000 15.000000 5.000000 8.000000 1700.608537 0.002621 0.006327 0.006327 0.000000 -3987.548926
2.000000 16.000000 5.000000 8.000000 2689.051639 0.004154 0.010065 0.007288 0.000000 0.000000
2.000000 17.000000 5.000000 8.000000 3459.197931 0.005354 0.013007 0.006969 0.000000 0.000000
2.000000 18.000000 5.000000 8.000000 2100.559591 0.003240 0.007834 0.006431 0.000000 0.000000
2.000000 19.000000 5.000000 8.000000 3136.024771 0.004850 0.011769 0.000000 0.000000 0.000000
2.000000 20.000000 5.000000 8.000000 2845.944111 0.004398 0.010662 0.000000 0.000000 0.000000
2.000000 21.000000 5.000000 8.000000 2511.287202 0.003878 0.009389 0.000000 0.000000 0.000000
2.000000 22.000000 5.000000 8.000000 2244.025520 0.003463 0.008376 0.000000 0.000000 0.000000
2.000000 23.000000 5.000000 8.000000 2055.946605 0.003171 0.007666 0.000000 0.000000 0.000000
2.000000 24.000000 5.000000 8.000000 1909.810860 0.002945 0.007115 0.000000 0.000000 0.000000
2.000000 1.000000 6.000000 8.000000 1799.344947 0.002774 0.006699 0.000000 0.000000 -0.000000
2.000000 2.000000 6.000000 8.000000 1702.061463 0.002623 0.006333 0.000000 0.000000 -0.000000
2.000000 3.000000 6.000000 8.000000 1614.679059 0.002488 0.006005 0.000000 0.000000 -0.000000
2.000000 4.000000 6.000000 8.000000 1534.686888 0.002364 0.005704 0.000000 0.000000 -0.000000
2.000000 5.000000 6.000000 8.000000 1469.566884 0.002264 0.005460 0.000000 0.000000 -0.000000
2.000000 6.000000 6.000000 8.000000 1423.794844 0.002193 0.005289 0.000000 0.000000 -0.000000
2.000000 7.000000 6.000000 8.000000 1374.373781 0.002116 0.005104 0.000000 0.000000 -0.000000
2.000000 8.000000 6.000000 8.000000 2924.133436 0.004520 0.010960 0.006626 0.000000 0.000000
2.000000 9.000000 6.000000 8.000000 2675.603738 0.004133 0.010013 0.007126 0.000000 0.000000
2.000000 10.000000 6.000000 8.000000 2390.818707 0.003691 0.008932 0.007101 0.000000 0.000000
2.000000 11.000000 6.000000 8.000000 2909.950880 0.004498 0.010906 0.007760 0.000000 0.000000
2.000000 12.000000 6.000000 8.000000 2763.206277 0.004270 0.010347 0.008058 0.000000 0.000000
2.000000 13.000000 6.000000 8.000000 2512.391052 0.003880 0.009393 0.008004 0.000000 0.000000
2.000000 14.000000 6.000000 8.000000 2386.373765 0.003684 0.008915 0.007082 0.000000 0.000000
2.000000 15.000000 6.000000 8.000000 1467.595164 0.002260 0.005453 0.005453 0.000000 -2566.949711
2.000000 16.000000 6.000000 8.000000 2358.880877 0.003641 0.008811 0.006260 0.000000 0.000000
2.000000 17.000000 6.000000 8.000000 3064.698601 0.004739 0.011497 0.006033 0.000000 0.000000
2.000000 18.000000 6.000000 8.000000 1845.599481 0.002845 0.006873 0.005455 0.000000 0.000000
2.000000 19.000000 6.000000 8.000000 2767.856364 0.004277 0.010364 0.000000 0.000000 0.000000
2.000000 20.000000 6.000000 8.000000 2513.492150 0.003881 0.009398 0.000000 0.000000 0.000000
2.000000 21.000000 6.000000 8.000000 2224.707511 0.003433 0.008303 0.000000 0.000000 0.000000
2.000000 22.000000 6.000000 8.000000 2006.003178 0.003094 0.007477 0.000000 0.000000 0.000000
2.000000 23.000000 6.000000 8.000000 1848.386091 0.002850 0.006883 0.000000 0.000000 0.000000
2.000000 24.000000 6.000000 8.000000 1726.242028 0.002661 0.006424 0.000000 0.000000 0.000000
2.000000 1.000000 7.000000 8.000000 1640.867028 0.002528 0.006103 0.000000 0.000000 0.000000
2.000000 2.000000 7.000000 8.000000 1575.450311 0.002427 0.005857 0.000000 0.000000 -0.000000
2.000000 3.000000 7.000000 8.000000 1512.970078 0.002331 0.005623 0.000000 0.000000 -0.000000
2.000000 4.000000 7.000000 8.000000 1457.392965 0.002245 0.005415 0.000000 0.000000 -0.000000
2.000000 5.000000 7.000000 8.000000 1411.532438 0.002174 0.005243 0.000000 0.000000 -0.000000
2.000000 6.000000 7.000000 8.000000 1389.480955 0.002140 0.005160 0.000000 0.000000 -0.000000
2.000000 7.000000 7.000000 8.000000 1357.588122 0.002090 0.005041 0.000000 0.000000 -0.000000
2.000000 8.000000 7.000000 8.000000 2936.107664 0.004539 0.011006 0.006710 0.000000 0.000000
2.000000 9.000000 7.000000 8.000000 2668.046969 0.004122 0.009985 0.007684 0.000000 0.000000
2.000000 10.000000 7.000000 8.000000 2465.425322 0.003807 0.009215 0.008371 0.000000 0.000000
2.000000 11.000000 7.000000 8.000000 3024.999534 0.004677 0.011345 0.009077 0.000000 0.000000
2.000000 12.000000 7.000000 8.000000 2706.305443 0.004181 0.010130 0.009206 0.000000 0.000000
2.000000 13.000000 7.000000 8.000000 2442.918507 0.003772 0.009130 0.009130 0.000000 -585.065156
2.000000 14.000000 7.000000 8.000000 2304.631587 0.003557 0.008606 0.008429 0.000000 0.000000
2.000000 15.000000 7.000000 8.000000 1574.600283 0.002426 0.005854 0.005854 0.000000 -4067.560243
2.000000 16.000000 7.000000 8.000000 2541.267075 0.003925 0.009503 0.006987 0.000000 0.000000
2.000000 17.000000 7.000000 8.000000 3274.992848 0.005067 0.012301 0.006521 0.000000 0.000000
2.000000 18.000000 7.000000 8.000000 1991.152713 0.003071 0.007421 0.006071 0.000000 0.000000
2.000000 19.000000 7.000000 8.000000 2952.388831 0.004564 0.011068 0.000000 0.000000 0.000000
2.000000 20.000000 7.000000 8.000000 2655.904731 0.004103 0.009939 0.000000 0.000000 0.000000
2.000000 21.000000 7.000000 8.000000 2344.821031 0.003619 0.008758 0.000000 0.000000 0.000000
2.000000 22.000000 7.000000 8.000000 2102.089405 0.003243 0.007840 0.000000 0.000000 0.000000
2.000000 23.000000 7.000000 8.000000 1934.887710 0.002984 0.007209 0.000000 0.000000 0.000000
2.000000 24.000000 7.000000 8.000000 1800.182498 0.002775 0.006702 0.000000 0.000000 0.000000
2.000000 1.000000 1.000000 9.000000 1693.354728 0.002610 0.006300 0.000000 0.000000 0.000000
2.000000 2.000000 1.000000 9.000000 1606.142668 0.002475 0.005973 0.000000 0.000000 -0.000000
2.000000 3.000000 1.000000 9.000000 1532.656513 0.002361 0.005697 0.000000 0.000000 -0.000000
2.000000 4.000000 1.000000 9.000000 1470.755200 0.002265 0.005465 0.000000 0.000000 -0.000000
2.000000 5.000000 1.000000 9.000000 1413.713321 0.002177 0.005251 0.000000 0.000000 -0.000000
2.000000 6.000000 1.000000 9.000000 1376.105472 0.002119 0.005110 0.000000 0.000000 -0.000000
2.000000 7.000000 1.000000 9.000000 1331.204517 0.002050 0.004942 0.000000 0.000000 -0.000000
2.000000 8.000000 1.000000 9.000000 3025.042336 0.004677 0.011345 0.006301 0.000000 0.000000
2.000000 9.000000 1.000000 9.000000 2629.530808 0.004062 0.009838 0.007152 0.000000 0.000000
2.000000 10.000000 1.000000 9.000000 2497.401816 0.003856 0.009336 0.008614 0.000000 0.000000
2.000000 11.000000 1.000000 9.000000 3063.153410 0.004737 0.011491 0.009389 0.000000 0.000000
2.000000 12.000000 1.000000 9.000000 2602.409867 0.004020 0.009735 0.009357 0.000000 0.000000
2.000000 13.000000 1.000000 9.000000 2287.057592 0.003530 0.008539 0.008539 0.000000 -3465.018114
2.000000 14.000000 1.000000 9.000000 2223.747610 0.003432 0.008300 0.008300 0.000000 -3483.229436
2.000000 15.000000 1.000000 9.000000 2098.823971 0.003238 0.007828 0.007828 0.000000 -1208.942441
2.000000 16.000000 1.000000 9.000000 3585.581860 0.005552 0.013493 0.007856 0.000000 0.000000
2.000000 17.000000 1.000000 9.000000 5318.840914 0.008271 0.020227 0.008271 2548.617290 0.000000
2.000000 18.000000 1.000000 9.000000 6004.358669 0.009353 0.022931 0.009353 6427.579601 0.000000
2.000000 19.000000 1.000000 9.000000 50899.488008 0.089332 0.268356 0.000000 0.000000 0.000000
2.000000 20.000000 1.000000 9.000000 6522.977831 0.010174 0.024991 0.000000 0.000000 -0.000000
2.000000 21.000000 1.000000 9.000000 3985.824608 0.006178 0.015035 0.000000 0.000000 -0.000000
2.000000 22.000000 1.000000 9.000000 3267.752245 0.005056 0.012273 0.000000 0.000000 0.000000
2.000000 23.000000 1.000000 9.000000 2861.359371 0.004422 0.010721 0.000000 0.000000 0.000000
2.000000 24.000000 1.000000 9.000000 2558.943015 0.003952 0.009570 0.000000 0.000000 0.000000
2.000000 1.000000 2.000000 9.000000 2326.798749 0.003591 0.008690 0.000000 0.000000 0.000000
2.000000 2.000000 2.000000 9.000000 2147.995951 0.003314 0.008013 0.000000 0.000000 -0.000000
2.000000 3.000000 2.000000 9.000000 2006.304760 0.003094 0.007478 0.000000 0.000000 -0.000000
2.000000 4.000000 2.000000 9.000000 1898.449545 0.002927 0.007072 0.000000 0.000000 -0.000000
2.000000 5.000000 2.000000 9.000000 1790.036826 0.002759 0.006664 0.000000 0.000000 -0.000000
2.000000 6.000000 2.000000 9.000000 1686.646382 0.002599 0.006275 0.000000 0.000000 -0.000000
2.000000 7.000000 2.000000 9.000000 1596.036843 0.002459 0.005935 0.000000 0.000000 -0.000000
2.000000 8.000000 2.000000 9.000000 2739.893353 0.004233 0.010258 0.006628 0.000000 0.000000
2.000000 9.000000 2.000000 9.000000 2438.780022 0.003765 0.009114 0.007710 0.000000 0.000000
2.000000 10.000000 2.000000 9.000000 2522.353668 0.003895 0.009431 0.008648 0.000000 0.000000
2.000000 11.000000 2.000000 9.000000 2991.993393 0.004626 0.011219 0.008866 0.000000 0.000000
2.000000 12.000000 2.000000 9.000000 2597.713819 0.004012 0.009717 0.008593 0.000000 0.000000
2.000000 13.000000 2.000000 9.000000 2348.782089 0.003626 0.008773 0.008619 0.000000 0.000000
2.000000 14.000000 2.000000 9.000000 2336.578846 0.003607 0.008727 0.008309 0.000000 0.000000
2.000000 15.000000 2.000000 9.000000 1787.521412 0.002755 0.006654 0.006654 0.000000 -231.538884
2.000000 16.000000 2.000000 9.000000 2943.103940 0.004550 0.011032 0.005945 0.000000 0.000000
2.000000 17.000000 2.000000 9.000000 4406.687505 0.006837 0.016666 0.006837 3472.051909 0.000000
2.000000 18.000000 2.000000 9.000000 4968.595896 0.007720 0.018855 0.007720 6143.925505 0.000000
2.000000 19.000000 2.000000 9.000000 45554.268811 0.078763 0.229765 0.000000 0.000000 0.000000
2.000000 20.000000 2.000000 9.000000 5617.531471 0.008742 0.021402 0.000000 0.000000 -0.000000
2.000000 21.000000 2.000000 9.000000 3413.864817 0.005284 0.012833 0.000000 0.000000 -0.000000
2.000000 22.000000 2.000000 9.000000 2803.563918 0.004333 0.010500 0.000000 0.000000 0.000000
2.000000 23.000000 2.000000 9.000000 2479.211671 0.003828 0.009267 0.000000 0.000000 0.000000
2.000000 24.000000 2.000000 9.000000 2238.794970 0.003455 0.008357 0.000000 0.000000 0.000000
2.000000 1.000000 3.000000 9.000000 2059.106666 0.003176 0.007678 0.000000 0.000000 0.000000
2.000000 2.000000 3.000000 9.000000 1906.089866 0.002939 0.007101 0.000000 0.000000 0.000000
2.000000 3.000000 3.000000 9.000000 1784.132817 0.002750 0.006641 0.000000 0.000000 -0.000000
2.000000 4.000000 3.000000 9.000000 1697.771847 0.002616 0.006317 0.000000 0.000000 -0.000000
2.000000 5.000000 3.000000 9.000000 1631.765387 0.002514 0.006069 0.000000 0.000000 -0.000000
2.000000 6.000000 3.000000 9.000000 1569.018066 0.002417 0.005833 0.000000 0.000000 -0.000000
2.000000 7.000000 3.000000 9.000000 1518.080969 0.002339 0.005642 0.000000 0.000000 -0.000000
2.000000 8.000000 3.000000 9.000000 2698.723636 0.004169 0.010101 0.000000 0.000000 0.000000
2.000000 9.000000 3.000000 9.000000 3499.389089 0.005417 0.013162 0.000000 0.000000 0.000000
2.000000 10.000000 3.000000 9.000000 4429.004851 0.006872 0.016752 0.000000 0.000000 0.000000
2.000000 11.000000 3.000000 9.000000 5900.825809 0.009190 0.022521 0.000000 0.000000 0.000000
2.000000 12.000000 3.000000 9.000000 7495.490264 0.011720 0.028890 0.000000 0.000000 0.000000
2.000000 13.000000 3.000000 9.000000 8785.640764 0.013782 0.034135 0.000000 0.000000 0.000000
2.000000 14.000000 3.000000 9.000000 9109.542119 0.014302 0.035465 0.000000 0.000000 0.000000
2.000000 15.000000 3.000000 9.000000 25244.123146 0.041315 0.109321 0.000000 0.000000 0.000000
2.000000 16.000000 3.000000 9.000000 66612.242349 0.122333 0.405160 0.000000 0.000000 0.000000
2.000000 17.000000 3.000000 9.000000 134974.851383 0.310568 2.476519 0.000000 0.000000 0.000000
2.000000 18.000000 3.000000 9.000000 190469.825581 0.551469 -5.486140 0.000000 0.000000 -0.000000
2.000000 19.000000 3.000000 9.000000 86046.842725 0.167645 0.646171 0.000000 0.000000 0.000000
2.000000 20.000000 3.000000 9.000000 8064.085278 0.012627 0.031191 0.000000 0.000000 -0.000000
2.000000 21.000000 3.000000 9.000000 4629.469949 0.007187 0.017532 0.000000 0.000000 -0.000000
2.000000 22.000000 3.000000 9.000000 3709.560636 0.005746 0.013970 0.000000 0.000000 0.000000
2.000000 23.000000 3.000000 9.000000 3184.019103 0.004925 0.011953 0.000000 0.000000 0.000000
2.000000 24.000000 3.000000 9.000000 2808.209216 0.004340 0.010518 0.000000 0.000000 0.000000
2.000000 1.000000 4.000000 9.000000 2513.282630 0.003881 0.009397 0.000000 0.000000 0.000000
2.000000 2.000000 4.000000 9.000000 2272.213319 0.003507 0.008483 0.000000 0.000000 0.000000
2.000000 3.000000 4.000000 9.000000 2073.012599 0.003198 0.007730 0.000000 0.000000 0.000000
2.000000 4.000000 4.000000 9.000000 1918.066737 0.002958 0.007146 0.000000 0.000000 0.000000
2.000000 5.000000 4.000000 9.000000 1796.791508 0.002770 0.006689 0.000000 0.000000 0.000000
2.000000 6.000000 4.000000 9.000000 1689.832676 0.002604 0.006287 0.000000 0.000000 -0.000000
2.000000 7.000000 4.000000 9.000000 1598.342193 0.002463 0.005943 0.000000 0.000000 -0.000000
2.000000 8.000000 4.000000 9.000000 2744.423647 0.004240 0.010275 0.000000 0.000000 0.000000
2.000000 9.000000 4.000000 9.000000 3673.878213 0.005690 0.013833 0.000000 0.000000 0.000000
2.000000 10.000000 4.000000 9.000000 4826.855430 0.007497 0.018301 0.000000 0.000000 0.000000
2.000000 11.000000 4.000000 9.000000 6344.182965 0.009891 0.024279 0.000000 0.000000 0.000000
2.000000 12.000000 4.000000 9.000000 8197.190505 0.012840 0.031732 0.000000 0.000000 0.000000
2.000000 13.000000 4.000000 9.000000 9833.322631 0.015466 0.038457 0.000000 0.000000 0.000000
2.000000 14.000000 4.000000 9.000000 10534.519768 0.016598 0.041382 0.000000 0.000000 0.000000
2.000000 15.000000 4.000000 9.000000 29563.511552 0.048940 0.131996 0.000000 0.000000 0.000000
2.000000 16.000000 4.000000 9.000000 77317.862917 0.146629 0.525264 0.000000 0.000000 0.000000
2.000000 17.000000 4.000000 9.000000 156611.117801 0.391703 7.943008 0.000000 0.000000 0.000000
2.000000 18.000000 4.000000 9.000000 217931.942897 0.723462 -2.763190 0.000000 0.000000 -0.000000
2.000000 19.000000 4.000000 9.000000 98154.883206 0.198774 0.863295 0.000000 0.000000 0.000000
2.000000 20.000000 4.000000 9.000000 9249.466459 0.014526 0.036042 0.000000 0.000000 -0.000000
2.000000 21.000000 4.000000 9.000000 5173.577037 0.008042 0.019658 0.000000 0.000000 -0.000000
2.000000 22.000000 4.000000 9.000000 4085.422432 0.006334 0.015420 0.000000 0.000000 0.000000
2.000000 23.000000 4.000000 9.000000 3434.207457 0.005315 0.012911 0.000000 0.000000 0.000000
2.000000 24.000000 4.000000 9.000000 2973.635067 0.004597 0.011149 0.000000 0.000000 0.000000
2.000000 1.000000 5.000000 9.000000 2631.794704 0.004065 0.009847 0.000000 0.000000 0.000000
2.000000 2.000000 5.000000 9.000000 2361.957504 0.003646 0.008823 0.000000 0.000000 0.000000
2.000000 3.000000 5.000000 9.000000 2148.797542 0.003315 0.008016 0.000000 0.000000 0.000000
2.000000 4.000000 5.000000 9.000000 1976.651771 0.003048 0.007367 0.000000 0.000000 -0.000000
2.000000 5.000000 5.000000 9.000000 1830.385441 0.002822 0.006816 0.000000 0.000000 -0.000000
2.000000 6.000000 5.000000 9.000000 1697.819914 0.002617 0.006317 0.000000 0.000000 -0.000000
2.000000 7.000000 5.000000 9.000000 1597.437086 0.002461 0.005940 0.000000 0.000000 -0.000000
2.000000 8.000000 5.000000 9.000000 2749.826771 0.004249 0.010296 0.006560 0.000000 0.000000
2.000000 9.000000 5.000000 9.000000 2412.244038 0.003724 0.009014 0.007361 0.000000 0.000000
2.000000 10.000000 5.000000 9.000000 2622.902069 0.004051 0.009813 0.008763 0.000000 0.000000
2.000000 11.000000 5.000000 9.000000 2834.664061 0.004381 0.010619 0.009648 0.000000 0.000000
2.000000 12.000000 5.000000 9.000000 2412.189497 0.003724 0.009013 0.009013 0.000000 -609.735204
2.000000 13.000000 5.000000 9.000000 2131.071941 0.003288 0.007949 0.007949 0.000000 -4560.060372
2.000000 14.000000 5.000000 9.000000 2063.391333 0.003183 0.007694 0.007694 0.000000 -4090.406628
2.000000 15.000000 5.000000 9.000000 2271.520694 0.003506 0.008481 0.008102 0.000000 0.000000
2.000000 16.000000 5.000000 9.000000 3885.126077 0.006020 0.014647 0.008222 0.000000 0.000000
2.000000 17.000000 5.000000 9.000000 5713.912021 0.008894 0.021782 0.008894 3834.069480 0.000000
2.000000 18.000000 5.000000 9.000000 6411.553985 0.009998 0.024547 0.009998 8094.536792 0.000000
2.000000 19.000000 5.000000 9.000000 54150.633163 0.095918 0.293588 0.000000 0.000000 0.000000
2.000000 20.000000 5.000000 9.000000 7080.787948 0.011060 0.027221 0.000000 0.000000 -0.000000
2.000000 21.000000 5.000000 9.000000 4317.305653 0.006697 0.016319 0.000000 0.000000 -0.000000
2.000000 22.000000 5.000000 9.000000 3529.522284 0.005464 0.013277 0.000000 0.000000 0.000000
2.000000 23.000000 5.000000 9.000000 3065.672440 0.004741 0.011500 0.000000 0.000000 0.000000
2.000000 24.000000 5.000000 9.000000 2729.517306 0.004217 0.010219 0.000000 0.000000 0.000000
2.000000 1.000000 6.000000 9.000000 2474.141879 0.003820 0.009248 0.000000 0.000000 0.000000
2.000000 2.000000 6.000000 9.000000 2263.410585 0.003493 0.008450 0.000000 0.000000 -0.000000
2.000000 3.000000 6.000000 9.000000 2084.997667 0.003216 0.007775 0.000000 0.000000 -0.000000
2.000000 4.000000 6.000000 9.000000 1940.347588 0.002992 0.007230 0.000000 0.000000 -0.000000
2.000000 5.000000 6.000000 9.000000 1817.483025 0.002802 0.006767 0.000000 0.000000 -0.000000
2.000000 6.000000 6.000000 9.000000 1714.431143 0.002642 0.006379 0.000000 0.000000 -0.000000
2.000000 7.000000 6.000000 9.000000 1607.213655 0.002476 0.005977 0.000000 0.000000 -0.000000
2.000000 8.000000 6.000000 9.000000 2750.331404 0.004250 0.010298 0.006624 0.000000 0.000000
2.000000 9.000000 6.000000 9.000000 2401.103519 0.003707 0.008971 0.007819 0.000000 0.000000
2.000000 10.000000 6.000000 9.000000 2598.243502 0.004013 0.009719 0.008856 0.000000 0.000000
2.000000 11.000000 6.000000 9.000000 2907.072438 0.004494 0.010895 0.009720 0.000000 0.000000
2.000000 12.000000 6.000000 9.000000 2505.525438 0.003869 0.009367 0.009367 0.000000 -480.524370
2.000000 13.000000 6.000000 9.000000 2267.246166 0.003499 0.008464 0.008464 0.000000 -1232.693977
2.000000 14.000000 6.000000 9.000000 2219.291202 0.003425 0.008283 0.008283 0.000000 -669.416916
2.000000 15.000000 6.000000 9.000000 1978.693779 0.003052 0.007374 0.007130 0.000000 0.000000
2.000000 16.000000 6.000000 9.000000 3352.613904 0.005188 0.012598 0.006863 0.000000 0.000000
2.000000 17.000000 6.000000 9.000000 4940.928894 0.007676 0.018747 0.007676 4462.229928 0.000000
2.000000 18.000000 6.000000 9.000000 5568.166423 0.008664 0.021208 0.008664 7232.618249 0.000000
2.000000 19.000000 6.000000 9.000000 49376.141336 0.086288 0.257006 0.000000 0.000000 0.000000
2.000000 20.000000 6.000000 9.000000 6259.758207 0.009757 0.023943 0.000000 0.000000 -0.000000
2.000000 21.000000 6.000000 9.000000 3793.712068 0.005877 0.014294 0.000000 0.000000 -0.000000
2.000000 22.000000 6.000000 9.000000 3091.700931 0.004781 0.011600 0.000000 0.000000 0.000000
2.000000 23.000000 6.000000 9.000000 2686.444236 0.004150 0.010055 0.000000 0.000000 0.000000
2.000000 24.000000 6.000000 9.000000 2360.517283 0.003644 0.008818 0.000000 0.000000 0.000000
2.000000 1.000000 7.000000 9.000000 2125.700757 0.003279 0.007929 0.000000 0.000000 0.000000
2.000000 2.000000 7.000000 9.000000 1933.477482 0.002981 0.007204 0.000000 0.000000 0.000000
2.000000 3.000000 7.000000 9.000000 1787.354679 0.002755 0.006654 0.000000 0.000000 -0.000000
2.000000 4.000000 7.000000 9.000000 1664.460974 0.002565 0.006192 0.000000 0.000000 -0.000000
2.000000 5.000000 7.000000 9.000000 1578.524748 0.002432 0.005869 0.000000 0.000000 -0.000000
2.000000 6.000000 7.000000 9.000000 1489.015065 0.002294 0.005533 0.000000 0.000000 -0.000000
2.000000 7.000000 7.000000 9.000000 1421.873060 0.002190 0.005282 0.000000 0.000000 -0.000000
2.000000 8.000000 7.000000 9.000000 2930.765720 0.004531 0.010985 0.005790 0.000000 0.000000
2.000000 9.000000 7.000000 9.000000 2572.751257 0.003974 0.009623 0.006774 0.000000 0.000000
2.000000 10.000000 7.000000 9.000000 2340.003712 0.003612 0.008740 0.007835 0.000000 0.000000
2.000000 11.000000 7.000000 9.000000 2896.682382 0.004477 0.010855 0.008230 0.000000 0.000000
2.000000 12.000000 7.000000 9.000000 2683.461741 0.004146 0.010043 0.007885 0.000000 0.000000
2.000000 13.000000 7.000000 9.000000 2381.330954 0.003676 0.008896 0.007601 0.000000 0.000000
2.000000 14.000000 7.000000 9.000000 2324.751400 0.003588 0.008682 0.007519 0.000000 0.000000
2.000000 15.000000 7.000000 9.000000 1857.731092 0.002864 0.006918 0.006106 0.000000 0.000000
2.000000 16.000000 7.000000 9.000000 3149.965544 0.004872 0.011822 0.006041 0.000000 0.000000
2.000000 17.000000 7.000000 9.000000 4632.014752 0.007191 0.017542 0.007191 4755.299558 0.000000
2.000000 18.000000 7.000000 9.000000 5177.682320 0.008049 0.019674 0.008049 7285.092176 0.000000
2.000000 19.000000 7.000000 9.000000 46194.301436 0.080012 0.234208 0.000000 0.000000 0.000000
2.000000 20.000000 7.000000 9.000000 5677.811413 0.008837 0.021640 0.000000 0.000000 -0.000000
2.000000 21.000000 7.000000 9.000000 3417.078476 0.005289 0.012846 0.000000 0.000000 -0.000000
2.000000 22.000000 7.000000 9.000000 2777.706786 0.004292 0.010402 0.000000 0.000000 0.000000
2.000000 23.000000 7.000000 9.000000 2429.207352 0.003751 0.009078 0.000000 0.000000 0.000000
2.000000 24.000000 7.000000 9.000000 2161.784761 0.003335 0.008066 0.000000 0.000000 0.000000
2.000000 1.000000 1.000000 9.000000 1953.363902 0.003012 0.007279 0.000000 0.000000 0.000000
2.000000 2.000000 1.000000 9.000000 1794.871579 0.002767 0.006682 0.000000 0.000000 0.000000
2.000000 3.000000 1.000000 9.000000 1661.163405 0.002560 0.006179 0.000000 0.000000 -0.000000
2.000000 4.000000 1.000000 9.000000 1544.525939 0.002379 0.005741 0.000000 0.000000 -0.000000
2.000000 5.000000 1.000000 9.000000 1450.918210 0.002235 0.005390 0.000000 0.000000 -0.000000
2.000000 6.000000 1.000000 9.000000 1379.943531 0.002125 0.005124 0.000000 0.000000 -0.000000
2.000000 7.000000 1.000000 9.000000 1324.692363 0.002040 0.004918 0.000000 0.000000 -0.000000
2.000000 8.000000 1.000000 9.000000 3055.805693 0.004725 0.011463 0.005583 0.000000 0.000000
2.000000 9.000000 1.000000 9.000000 2707.798264 0.004184 0.010136 0.006305 0.000000 0.000000
2.000000 10.000000 1.000000 9.000000 2312.187595 0.003569 0.008634 0.007354 0.000000 0.000000
2.000000 11.000000 1.000000 9.000000 2843.595885 0.004395 0.010653 0.007591 0.000000 0.000000
2.000000 12.000000 1.000000 9.000000 2706.553186 0.004182 0.010131 0.007588 0.000000 0.000000
2.000000 13.000000 1.000000 9.000000 2396.337724 0.003699 0.008953 0.007648 0.000000 0.000000
2.000000 14.000000 1.000000 9.000000 2307.670344 0.003562 0.008617 0.007750 0.000000 0.000000
2.000000 15.000000 1.000000 9.000000 1914.171385 0.002952 0.007131 0.006289 0.000000 0.000000
2.000000 16.000000 1.000000 9.000000 3264.623179 0.005051 0.012261 0.006484 0.000000 0.000000
2.000000 17.000000 1.000000 9.000000 4792.963907 0.007444 0.018169 0.007444 4070.828071 0.000000
2.000000 18.000000 1.000000 9.000000 5370.737255 0.008353 0.020431 0.008353 7076.867242 0.000000
2.000000 19.000000 1.000000 9.000000 47695.131126 0.082959 0.244813 0.000000 0.000000 0.000000
2.000000 20.000000 1.000000 9.000000 5959.689152 0.009283 0.022754 0.000000 0.000000 -0.000000
2.000000 21.000000 1.000000 9.000000 3613.089549 0.005595 0.013599 0.000000 0.000000 -0.000000
2.000000 22.000000 1.000000 9.000000 2969.477042 0.004591 0.011133 0.000000 0.000000 0.000000
2.000000 23.000000 1.000000 9.000000 2606.104493 0.004025 0.009749 0.000000 0.000000 0.000000
2.000000 24.000000 1.000000 9.000000 2335.505740 0.003605 0.008723 0.000000 0.000000 0.000000
2.000000 1.000000 2.000000 9.000000 2125.635299 0.003279 0.007929 0.000000 0.000000 0.000000
2.000000 2.000000 2.000000 9.000000 1973.255814 0.003043 0.007354 0.000000 0.000000 0.000000
2.000000 3.000000 2.000000 9.000000 1847.387574 0.002848 0.006880 0.000000 0.000000 -0.000000
2.000000 4.000000 2.000000 9.000000 1736.966780 0.002677 0.006464 0.000000 0.000000 -0.000000
2.000000 5.000000 2.000000 9.000000 1638.654192 0.002525 0.006095 0.000000 0.000000 -0.000000
2.000000 6.000000 2.000000 9.000000 1566.629987 0.002414 0.005824 0.000000 0.000000 -0.000000
2.000000 7.000000 2.000000 9.000000 1510.590077 0.002327 0.005614 0.000000 0.000000 -0.000000
2.000000 8.000000 2.000000 9.000000 2819.591443 0.004357 0.010561 0.006635 0.000000 0.000000
2.000000 9.000000 2.000000 9.000000 2524.182097 0.003898 0.009438 0.007180 0.000000 0.000000
2.000000 10.000000 2.000000 9.000000 2347.186427 0.003623 0.008767 0.007918 0.000000 0.000000
2.000000 11.000000 2.000000 9.000000 2922.769064 0.004518 0.010955 0.008154 0.000000 0.000000
2.000000 12.000000 2.000000 9.000000 2652.268807 0.004097 0.009925 0.008062 0.000000 0.000000
2.000000 13.000000 2.000000 9.000000 2407.032026 0.003716 0.008994 0.007887 0.000000 0.000000
2.000000 14.000000 2.000000 9.000000 2414.673714 0.003728 0.009023 0.007223 0.000000 0.000000
2.000000 15.000000 2.000000 9.000000 1680.577371 0.002590 0.006252 0.006114 0.000000 0.000000
2.000000 16.000000 2.000000 9.000000 2800.686203 0.004328 0.010489 0.005954 0.000000 0.000000
2.000000 17.000000 2.000000 9.000000 4201.149540 0.006515 0.015868 0.006515 2753.141579 0.000000
2.000000 18.000000 2.000000 9.000000 4775.254805 0.007416 0.018100 0.007416 4878.561303 0.000000
2.000000 19.000000 2.000000 9.000000 44261.730402 0.076255 0.220930 0.000000 0.000000 0.000000
2.000000 20.000000 2.000000 9.000000 5502.481641 0.008561 0.020949 0.000000 0.000000 -0.000000
2.000000 21.000000 2.000000 9.000000 3339.207959 0.005167 0.012547 0.000000 0.000000 -0.000000
2.000000 22.000000 2.000000 9.000000 2753.230588 0.004254 0.010309 0.000000 0.000000 0.000000
2.000000 23.000000 2.000000 9.000000 2453.676839 0.003789 0.009171 0.000000 0.000000 0.000000
2.000000 24.000000 2.000000 9.000000 2224.702007 0.003433 0.008303 0.000000 0.000000 0.000000
2.000000 1.000000 3.000000 9.000000 2051.725427 0.003165 0.007650 0.000000 0.000000 0.000000
2.000000 2.000000 3.000000 9.000000 1906.016593 0.002939 0.007100 0.000000 0.000000 0.000000
2.000000 3.000000 3.000000 9.000000 1788.934690 0.002758 0.006660 0.000000 0.000000 -0.000000
2.000000 4.000000 3.000000 9.000000 1695.543176 0.002613 0.006308 0.000000 0.000000 -0.000000
2.000000 5.000000 3.000000 9.000000 1619.121563 0.002495 0.006021 0.000000 0.000000 -0.000000
2.000000 6.000000 3.000000 9.000000 1555.969725 0.002397 0.005784 0.000000 0.000000 -0.000000
2.000000 7.000000 3.000000 9.000000 1510.093514 0.002326 0.005612 0.000000 0.000000 -0.000000
2.000000 8.000000 3.000000 9.000000 2665.689585 0.004118 0.009976 0.000000 0.000000 0.000000
2.000000 9.000000 3.000000 9.000000 3488.764067 0.005401 0.013121 0.000000 0.000000 0.000000
2.000000 10.000000 3.000000 9.000000 4507.017212 0.006995 0.017055 0.000000 0.000000 0.000000
2.000000 11.000000 3.000000 9.000000 6076.773258 0.009468 0.023217 0.000000 0.000000 0.000000
2.000000 12.000000 3.000000 9.000000 7878.159927 0.012330 0.030437 0.000000 0.000000 0.000000
2.000000 13.000000 3.000000 9.000000 9399.837460 0.014768 0.036662 0.000000 0.000000 0.000000
2.000000 14.000000 3.000000 9.000000 9890.967260 0.015559 0.038697 0.000000 0.000000 0.000000
2.000000 15.000000 3.000000 9.000000 27570.094268 0.045399 0.121359 0.000000 0.000000 0.000000
2.000000 16.000000 3.000000 9.000000 72922.147874 0.136464 0.472707 0.000000 0.000000 0.000000
2.000000 17.000000 3.000000 9.000000 148356.484860 0.359136 4.497291 0.000000 0.000000 0.000000
2.000000 18.000000 3.000000 9.000000 207243.699778 0.650853 -3.359655 0.000000 0.000000 -0.000000
2.000000 19.000000 3.000000 9.000000 92815.009319 0.184748 0.759018 0.000000 0.000000 0.000000
2.000000 20.000000 3.000000 9.000000 8598.985498 0.013483 0.033371 0.000000 0.000000 -0.000000
2.000000 21.000000 3.000000 9.000000 4782.448325 0.007427 0.018128 0.000000 0.000000 -0.000000
2.000000 22.000000 3.000000 9.000000 3753.648746 0.005814 0.014140 0.000000 0.000000 0.000000
2.000000 23.000000 3.000000 9.000000 3185.165340 0.004927 0.011957 0.000000 0.000000 0.000000
2.000000 24.000000 3.000000 9.000000 2771.356569 0.004282 0.010378 0.000000 0.000000 0.000000
2.000000 1.000000 4.000000 9.000000 2461.707270 0.003801 0.009201 0.000000 0.000000 0.000000
2.000000 2.000000 4.000000 9.000000 2228.042306 0.003438 0.008316 0.000000 0.000000 0.000000
2.000000 3.000000 4.000000 9.000000 2024.652636 0.003123 0.007548 0.000000 0.000000 0.000000
2.000000 4.000000 4.000000 9.000000 1851.023521 0.002854 0.006893 0.000000 0.000000 0.000000
2.000000 5.000000 4.000000 9.000000 1705.488834 0.002628 0.006346 0.000000 0.000000 0.000000
2.000000 6.000000 4.000000 9.000000 1581.747416 0.002437 0.005881 0.000000 0.000000 0.000000
2.000000 7.000000 4.000000 9.000000 1477.499404 0.002276 0.005490 0.000000 0.000000 0.000000
2.000000 8.000000 4.000000 9.000000 2551.978781 0.003941 0.009544 0.000000 0.000000 0.000000
2.000000 9.000000 4.000000 9.000000 3434.070509 0.005315 0.012911 0.000000 0.000000 0.000000
2.000000 10.000000 4.000000 9.000000 4633.518207 0.007193 0.017548 0.000000 0.000000 0.000000
2.000000 11.000000 4.000000 9.000000 6307.200307 0.009832 0.024132 0.000000 0.000000 0.000000
2.000000 12.000000 4.000000 9.000000 8345.795399 0.013077 0.032337 0.000000 0.000000 0.000000
2.000000 13.000000 4.000000 9.000000 9990.961797 0.015720 0.039113 0.000000 0.000000 0.000000
2.000000 14.000000 4.000000 9.000000 10359.581910 0.016316 0.040650 0.000000 0.000000 0.000000
2.000000 15.000000 4.000000 9.000000 28839.091309 0.047649 0.128095 0.000000 0.000000 0.000000
2.000000 16.000000 4.000000 9.000000 76273.152909 0.144189 0.512321 0.000000 0.000000 0.000000
2.000000 17.000000 4.000000 9.000000 157642.332813 0.395924 8.729319 0.000000 0.000000 0.000000
2.000000 18.000000 4.000000 9.000000 221798.834074 0.751815 -2.606744 0.000000 0.000000 -0.000000
2.000000 19.000000 4.000000 9.000000 99104.196530 0.201318 0.883504 0.000000 0.000000 0.000000
2.000000 20.000000 4.000000 9.000000 9538.082570 0.014991 0.037234 0.000000 0.000000 -0.000000
2.000000 21.000000 4.000000 9.000000 5382.722467 0.008372 0.020478 0.000000 0.000000 -0.000000
2.000000 22.000000 4.000000 9.000000 4259.305468 0.006606 0.016094 0.000000 0.000000 0.000000
2.000000 23.000000 4.000000 9.000000 3638.577927 0.005635 0.013697 0.000000 0.000000 0.000000
2.000000 24.000000 4.000000 9.000000 3176.250164 0.004913 0.011923 0.000000 0.000000 0.000000
2.000000 1.000000 5.000000 9.000000 2850.879220 0.004406 0.010681 0.000000 0.000000 0.000000
2.000000 2.000000 5.000000 9.000000 2593.575268 0.004006 0.009702 0.000000 0.000000 0.000000
2.000000 3.000000 5.000000 9.000000 2382.009254 0.003677 0.008899 0.000000 0.000000 0.000000
2.000000 4.000000 5.000000 9.000000 2207.397065 0.003406 0.008238 0.000000 0.000000 0.000000
2.000000 5.000000 5.000000 9.000000 2053.656827 0.003168 0.007657 0.000000 0.000000 -0.000000
2.000000 6.000000 5.000000 9.000000 1921.600369 0.002963 0.007159 0.000000 0.000000 -0.000000
2.000000 7.000000 5.000000 9.000000 1819.062085 0.002804 0.006773 0.000000 0.000000 -0.000000
2.000000 8.000000 5.000000 9.000000 2533.146595 0.003912 0.009472 0.007070 0.000000 0.000000
2.000000 9.000000 5.000000 9.000000 2306.129842 0.003559 0.008612 0.008172 0.000000 0.000000
2.000000 10.000000 5.000000 9.000000 2666.553200 0.004119 0.009979 0.009261 0.000000 0.000000
2.000000 11.000000 5.000000 9.000000 2814.671717 0.004350 0.010543 0.009942 0.000000 0.000000
2.000000 12.000000 5.000000 9.000000 2425.635821 0.003745 0.009064 0.009064 0.000000 -1200.838712
2.000000 13.000000 5.000000 9.000000 2180.020968 0.003364 0.008134 0.008134 0.000000 -3724.527436
2.000000 14.000000 5.000000 9.000000 2123.057461 0.003275 0.007919 0.007919 0.000000 -2642.751446
2.000000 15.000000 5.000000 9.000000 2099.269696 0.003238 0.007829 0.007652 0.000000 0.000000
2.000000 16.000000 5.000000 9.000000 3543.308226 0.005486 0.013330 0.007666 0.000000 0.000000
2.000000 17.000000 5.000000 9.000000 5200.448801 0.008085 0.019763 0.008085 3191.189605 0.000000
2.000000 18.000000 5.000000 9.000000 5929.596707 0.009235 0.022635 0.009235 7051.597519 0.000000
2.000000 19.000000 5.000000 9.000000 51120.572280 0.089777 0.270028 0.000000 0.000000 0.000000
2.000000 20.000000 5.000000 9.000000 6529.622296 0.010185 0.025017 0.000000 0.000000 -0.000000
2.000000 21.000000 5.000000 9.000000 3926.859511 0.006085 0.014808 0.000000 0.000000 -0.000000
2.000000 22.000000 5.000000 9.000000 3168.335070 0.004901 0.011893 0.000000 0.000000 0.000000
2.000000 23.000000 5.000000 9.000000 2742.797145 0.004238 0.010269 0.000000 0.000000 0.000000
2.000000 24.000000 5.000000 9.000000 2430.880605 0.003753 0.009084 0.000000 0.000000 0.000000
2.000000 1.000000 6.000000 9.000000 2187.398509 0.003375 0.008162 0.000000 0.000000 0.000000
2.000000 2.000000 6.000000 9.000000 1991.531967 0.003071 0.007423 0.000000 0.000000 0.000000
2.000000 3.000000 6.000000 9.000000 1819.983277 0.002806 0.006776 0.000000 0.000000 0.000000
2.000000 4.000000 6.000000 9.000000 1679.341406 0.002588 0.006247 0.000000 0.000000 0.000000
2.000000 5.000000 6.000000 9.000000 1566.991930 0.002414 0.005826 0.000000 0.000000 0.000000
2.000000 6.000000 6.000000 9.000000 1468.166676 0.002261 0.005455 0.000000 0.000000 0.000000
2.000000 7.000000 6.000000 9.000000 1403.882424 0.002162 0.005214 0.000000 0.000000 0.000000
2.000000 8.000000 6.000000 9.000000 2918.667355 0.004512 0.010939 0.005129 0.000000 0.000000
2.000000 9.000000 6.000000 9.000000 2495.025391 0.003853 0.009327 0.005779 0.000000 0.000000
2.000000 10.000000 6.000000 9.000000 2680.408386 0.004141 0.010032 0.007584 0.000000 0.000000
2.000000 11.000000 6.000000 9.000000 2860.574014 0.004421 0.010718 0.007862 0.000000 0.000000
2.000000 12.000000 6.000000 9.000000 2417.144517 0.003732 0.009032 0.007141 0.000000 0.000000
2.000000 13.000000 6.000000 9.000000 2153.410818 0.003322 0.008034 0.007511 0.000000 0.000000
2.000000 14.000000 6.000000 9.000000 2058.125449 0.003175 0.007674 0.007674 0.000000 -925.658747
2.000000 15.000000 6.000000 9.000000 2378.698420 0.003672 0.008886 0.007418 0.000000 0.000000
2.000000 16.000000 6.000000 9.000000 4110.220807 0.006372 0.015516 0.008293 0.000000 0.000000
2.000000 17.000000 6.000000 9.000000 6076.908467 0.009468 0.023218 0.009468 4676.964988 0.000000
2.000000 18.000000 6.000000 9.000000 6790.314450 0.010598 0.026058 0.010598 10892.874166 0.000000
2.000000 19.000000 6.000000 9.000000 55336.940379 0.098352 0.303155 0.000000 0.000000 0.000000
2.000000 20.000000 6.000000 9.000000 7199.950879 0.011249 0.027700 0.000000 0.000000 -0.000000
2.000000 21.000000 6.000000 9.000000 4396.420772 0.006821 0.016626 0.000000 0.000000 -0.000000
2.000000 22.000000 6.000000 9.000000 3614.148997 0.005596 0.013603 0.000000 0.000000 0.000000
2.000000 23.000000 6.000000 9.000000 3145.223858 0.004865 0.011804 0.000000 0.000000 0.000000
2.000000 24.000000 6.000000 9.000000 2778.061778 0.004293 0.010403 0.000000 0.000000 0.000000
2.000000 1.000000 7.000000 9.000000 2494.270414 0.003852 0.009325 0.000000 0.000000 0.000000
2.000000 2.000000 7.000000 9.000000 2273.428567 0.003509 0.008488 0.000000 0.000000 0.000000
2.000000 3.000000 7.000000 9.000000 2097.439218 0.003236 0.007822 0.000000 0.000000 -0.000000
2.000000 4.000000 7.000000 9.000000 1946.353077 0.003001 0.007252 0.000000 0.000000 -0.000000
2.000000 5.000000 7.000000 9.000000 1809.871157 0.002790 0.006738 0.000000 0.000000 0.000000
2.000000 6.000000 7.000000 9.000000 1695.353637 0.002613 0.006308 0.000000 0.000000 -0.000000
2.000000 7.000000 7.000000 9.000000 1622.041598 0.002499 0.006032 0.000000 0.000000 -0.000000
2.000000 8.000000 7.000000 9.000000 2699.489462 0.004171 0.010104 0.007250 0.000000 0.000000
2.000000 9.000000 7.000000 9.000000 2412.387732 0.003724 0.009014 0.007499 0.000000 0.000000
2.000000 10.000000 7.000000 9.000000 2456.143142 0.003792 0.009180 0.008297 0.000000 0.000000
2.000000 11.000000 7.000000 9.000000 2983.680008 0.004613 0.011187 0.008763 0.000000 0.000000
2.000000 12.000000 7.000000 9.000000 2629.477129 0.004062 0.009838 0.007662 0.000000 0.000000
2.000000 13.000000 7.000000 9.000000 2369.322663 0.003657 0.008851 0.008285 0.000000 0.000000
2.000000 14.000000 7.000000 9.000000 2331.470149 0.003599 0.008707 0.008707 0.000000 -202.853121
2.000000 15.000000 7.000000 9.000000 1833.655567 0.002827 0.006828 0.006828 0.000000 -3305.917854
2.000000 16.000000 7.000000 9.000000 3126.187583 0.004835 0.011732 0.007551 0.000000 0.000000
2.000000 17.000000 7.000000 9.000000 4657.445288 0.007231 0.017641 0.007231 289.090829 0.000000
2.000000 18.000000 7.000000 9.000000 5226.288765 0.008125 0.019864 0.008125 4796.781330 0.000000
2.000000 19.000000 7.000000 9.000000 47081.756497 0.081751 0.240447 0.000000 0.000000 0.000000
2.000000 20.000000 7.000000 9.000000 5869.808130 0.009141 0.022398 0.000000 0.000000 -0.000000
2.000000 21.000000 7.000000 9.000000 3487.317624 0.005398 0.013115 0.000000 0.000000 -0.000000
2.000000 22.000000 7.000000 9.000000 2823.563792 0.004364 0.010577 0.000000 0.000000 0.000000
2.000000 23.000000 7.000000 9.000000 2473.244182 0.003819 0.009245 0.000000 0.000000 0.000000
2.000000 24.000000 7.000000 9.000000 2215.191339 0.003418 0.008267 0.000000 0.000000 0.000000
2.000000 1.000000 1.000000 9.000000 2031.512088 0.003133 0.007574 0.000000 0.000000 0.000000
2.000000 2.000000 1.000000 9.000000 1875.996496 0.002892 0.006987 0.000000 0.000000 0.000000
2.000000 3.000000 1.000000 9.000000 1739.348470 0.002681 0.006473 0.000000 0.000000 0.000000
2.000000 4.000000 1.000000 9.000000 1631.931057 0.002515 0.006069 0.000000 0.000000 -0.000000
2.000000 5.000000 1.000000 9.000000 1543.375771 0.002378 0.005737 0.000000 0.000000 -0.000000
2.000000 6.000000 1.000000 9.000000 1471.311927 0.002266 0.005467 0.000000 0.000000 -0.000000
2.000000 7.000000 1.000000 9.000000 1418.838922 0.002185 0.005270 0.000000 0.000000 -0.000000
2.000000 8.000000 1.000000 9.000000 2927.622031 0.004526 0.010973 0.005840 0.000000 0.000000
2.000000 9.000000 1.000000 9.000000 2555.786729 0.003947 0.009558 0.006942 0.000000 0.000000
2.000000 10.000000 1.000000 9.000000 2449.174851 0.003782 0.009154 0.007923 0.000000 0.000000
2.000000 11.000000 1.000000 9.000000 3037.501246 0.004697 0.011393 0.008408 0.000000 0.000000
2.000000 12.000000 1.000000 9.000000 2604.699678 0.004023 0.009744 0.008556 0.000000 0.000000
2.000000 13.000000 1.000000 9.000000 2332.217630 0.003600 0.008710 0.007656 0.000000 0.000000
2.000000 14.000000 1.000000 9.000000 2257.478087 0.003484 0.008427 0.006878 0.000000 0.000000
2.000000 15.000000 1.000000 9.000000 1997.963777 0.003081 0.007447 0.006466 0.000000 0.000000
2.000000 16.000000 1.000000 9.000000 3371.326171 0.005217 0.012670 0.006372 0.000000 0.000000
2.000000 17.000000 1.000000 9.000000 4986.649724 0.007748 0.018926 0.007748 4869.143825 0.000000
2.000000 18.000000 1.000000 9.000000 5650.163711 0.008794 0.021531 0.008794 8708.991600 0.000000
2.000000 19.000000 1.000000 9.000000 49007.562358 0.085555 0.254303 0.000000 0.000000 0.000000
2.000000 20.000000 1.000000 9.000000 6160.586796 0.009600 0.023550 0.000000 0.000000 -0.000000
2.000000 21.000000 1.000000 9.000000 3717.994064 0.005759 0.014002 0.000000 0.000000 -0.000000
2.000000 22.000000 1.000000 9.000000 3036.606463 0.004695 0.011389 0.000000 0.000000 0.000000
2.000000 23.000000 1.000000 9.000000 2643.033990 0.004083 0.009890 0.000000 0.000000 0.000000
2.000000 24.000000 1.000000 9.000000 2344.216733 0.003619 0.008756 0.000000 0.000000 0.000000
2.000000 1.000000 2.000000 9.000000 2112.461158 0.003259 0.007879 0.000000 0.000000 0.000000
2.000000 2.000000 2.000000 9.000000 1928.204000 0.002973 0.007184 0.000000 0.000000 0.000000
2.000000 3.000000 2.000000 9.000000 1778.475322 0.002741 0.006620 0.000000 0.000000 -0.000000
2.000000 4.000000 2.000000 9.000000 1649.669139 0.002542 0.006136 0.000000 0.000000 -0.000000
2.000000 5.000000 2.000000 9.000000 1552.423125 0.002392 0.005771 0.000000 0.000000 -0.000000
2.000000 6.000000 2.000000 9.000000 1470.893560 0.002266 0.005465 0.000000 0.000000 -0.000000
2.000000 7.000000 2.000000 9.000000 1403.121760 0.002161 0.005211 0.000000 0.000000 -0.000000
2.000000 8.000000 2.000000 9.000000 2947.504714 0.004557 0.011049 0.006148 0.000000 0.000000
2.000000 9.000000 2.000000 9.000000 2542.413462 0.003926 0.009507 0.007229 0.000000 0.000000
2.000000 10.000000 2.000000 9.000000 2524.016506 0.003898 0.009438 0.008482 0.000000 0.000000
2.000000 11.000000 2.000000 9.000000 2990.021985 0.004623 0.011211 0.009289 0.000000 0.000000
2.000000 12.000000 2.000000 9.000000 2544.716221 0.003930 0.009516 0.009054 0.000000 0.000000
2.000000 13.000000 2.000000 9.000000 2264.691982 0.003495 0.008455 0.008455 0.000000 -1969.846880
2.000000 14.000000 2.000000 9.000000 2208.513638 0.003408 0.008242 0.008242 0.000000 -1417.985677
2.000000 15.000000 2.000000 9.000000 2042.351454 0.003150 0.007614 0.007288 0.000000 0.000000
2.000000 16.000000 2.000000 9.000000 3467.965304 0.005368 0.013041 0.007235 0.000000 0.000000
2.000000 17.000000 2.000000 9.000000 5079.565444 0.007894 0.019289 0.007894 4003.193136 0.000000
2.000000 18.000000 2.000000 9.000000 5703.022072 0.008877 0.021740 0.008877 7846.229724 0.000000
2.000000 19.000000 2.000000 9.000000 49457.523150 0.086450 0.257605 0.000000 0.000000 0.000000
2.000000 20.000000 2.000000 9.000000 6276.667626 0.009784 0.024011 0.000000 0.000000 -0.000000
2.000000 21.000000 2.000000 9.000000 3789.195739 0.005870 0.014277 0.000000 0.000000 -0.000000
2.000000 22.000000 2.000000 9.000000 3084.669265 0.004770 0.011573 0.000000 0.000000 0.000000
2.000000 23.000000 2.000000 9.000000 2677.598163 0.004137 0.010021 0.000000 0.000000 0.000000
2.000000 24.000000 2.000000 9.000000 2370.022734 0.003659 0.008854 0.000000 0.000000 0.000000
2.000000 1.000000 3.000000 9.000000 2135.719187 0.003295 0.007967 0.000000 0.000000 0.000000
2.000000 2.000000 3.000000 9.000000 1944.774843 0.002999 0.007246 0.000000 0.000000 0.000000
2.000000 3.000000 3.000000 9.000000 1788.215198 0.002756 0.006657 0.000000 0.000000 -0.000000
2.000000 4.000000 3.000000 9.000000 1655.568866 0.002551 0.006158 0.000000 0.000000 -0.000000
2.000000 5.000000 3.000000 9.000000 1555.348117 0.002396 0.005782 0.000000 0.000000 -0.000000
2.000000 6.000000 3.000000 9.000000 1473.226675 0.002269 0.005474 0.000000 0.000000 -0.000000
2.000000 7.000000 3.000000 9.000000 1404.976427 0.002164 0.005218 0.000000 0.000000 -0.000000
2.000000 8.000000 3.000000 9.000000 2481.010195 0.003831 0.009274 0.000000 0.000000 0.000000
2.000000 9.000000 3.000000 9.000000 3398.438790 0.005260 0.012774 0.000000 0.000000 0.000000
2.000000 10.000000 3.000000 9.000000 4605.966018 0.007150 0.017440 0.000000 0.000000 0.000000
2.000000 11.000000 3.000000 9.000000 6242.899300 0.009731 0.023876 0.000000 0.000000 0.000000
2.000000 12.000000 3.000000 9.000000 8310.966874 0.013022 0.032195 0.000000 0.000000 0.000000
2.000000 13.000000 3.000000 9.000000 10307.412068 0.016231 0.040432 0.000000 0.000000 0.000000
2.000000 14.000000 3.000000 9.000000 11091.211505 0.017500 0.043723 0.000000 0.000000 0.000000
2.000000 15.000000 3.000000 9.000000 30856.461705 0.051257 0.139059 0.000000 0.000000 0.000000
2.000000 16.000000 3.000000 9.000000 80917.748675 0.155159 0.572219 0.000000 0.000000 0.000000
2.000000 17.000000 3.000000 9.000000 163206.020371 0.419317 17.906952 0.000000 0.000000 0.000000
2.000000 18.000000 3.000000 9.000000 226666.245371 0.789248 -2.439581 0.000000 0.000000 -0.000000
2.000000 19.000000 3.000000 9.000000 100174.744599 0.204207 0.906964 0.000000 0.000000 0.000000
2.000000 20.000000 3.000000 9.000000 9603.143408 0.015095 0.037503 0.000000 0.000000 -0.000000
2.000000 21.000000 3.000000 9.000000 5371.676899 0.008354 0.020435 0.000000 0.000000 -0.000000
2.000000 22.000000 3.000000 9.000000 4206.316587 0.006523 0.015888 0.000000 0.000000 0.000000
2.000000 23.000000 3.000000 9.000000 3550.528949 0.005497 0.013358 0.000000 0.000000 0.000000
2.000000 24.000000 3.000000 9.000000 3075.860065 0.004757 0.011539 0.000000 0.000000 0.000000
2.000000 1.000000 4.000000 9.000000 2719.470762 0.004202 0.010180 0.000000 0.000000 0.000000
2.000000 2.000000 4.000000 9.000000 2428.553129 0.003749 0.009075 0.000000 0.000000 0.000000
2.000000 3.000000 4.000000 9.000000 2185.595161 0.003372 0.008156 0.000000 0.000000 0.000000
2.000000 4.000000 4.000000 9.000000 1990.247260 0.003069 0.007418 0.000000 0.000000 0.000000
2.000000 5.000000 4.000000 9.000000 1828.725302 0.002819 0.006809 0.000000 0.000000 0.000000
2.000000 6.000000 4.000000 9.000000 1699.804958 0.002620 0.006324 0.000000 0.000000 0.000000
2.000000 7.000000 4.000000 9.000000 1595.358116 0.002458 0.005932 0.000000 0.000000 0.000000
2.000000 8.000000 4.000000 9.000000 2872.084056 0.004439 0.010761 0.000000 0.000000 0.000000
2.000000 9.000000 4.000000 9.000000 3983.367747 0.006174 0.015026 0.000000 0.000000 0.000000
2.000000 10.000000 4.000000 9.000000 5589.267746 0.008698 0.021291 0.000000 0.000000 0.000000
2.000000 11.000000 4.000000 9.000000 7847.490592 0.012281 0.030312 0.000000 0.000000 0.000000
2.000000 12.000000 4.000000 9.000000 10784.759252 0.017003 0.042432 0.000000 0.000000 0.000000
2.000000 13.000000 4.000000 9.000000 13918.864146 0.022120 0.055871 0.000000 0.000000 0.000000
2.000000 14.000000 4.000000 9.000000 15676.187696 0.025026 0.063647 0.000000 0.000000 0.000000
2.000000 15.000000 4.000000 9.000000 42923.701541 0.073676 0.211975 0.000000 0.000000 0.000000
2.000000 16.000000 4.000000 9.000000 110652.599284 0.233587 1.182121 0.000000 0.000000 0.000000
2.000000 17.000000 4.000000 9.000000 216093.371542 0.710388 -2.846563 0.000000 0.000000 -0.000000
2.000000 18.000000 4.000000 9.000000 292189.188083 1.606758 -1.473810 0.000000 0.000000 -0.000000
2.000000 19.000000 4.000000 9.000000 131900.243354 0.300081 2.218864 0.000000 0.000000 0.000000
2.000000 20.000000 4.000000 9.000000 13669.507936 0.021710 0.054782 0.000000 0.000000 -0.000000
2.000000 21.000000 4.000000 9.000000 7711.029779 0.012063 0.029760 0.000000 0.000000 -0.000000
2.000000 22.000000 4.000000 9.000000 5996.936262 0.009342 0.022901 0.000000 0.000000 0.000000
2.000000 23.000000 4.000000 9.000000 5009.199836 0.007784 0.019014 0.000000 0.000000 0.000000
2.000000 24.000000 4.000000 9.000000 4290.830952 0.006655 0.016216 0.000000 0.000000 0.000000
2.000000 1.000000 5.000000 9.000000 3728.163901 0.005775 0.014042 0.000000 0.000000 0.000000
2.000000 2.000000 5.000000 9.000000 3266.578172 0.005054 0.012269 0.000000 0.000000 0.000000
2.000000 3.000000 5.000000 9.000000 2882.393978 0.004455 0.010801 0.000000 0.000000 0.000000
2.000000 4.000000 5.000000 9.000000 2566.912080 0.003964 0.009600 0.000000 0.000000 0.000000
2.000000 5.000000 5.000000 9.000000 2299.264322 0.003549 0.008586 0.000000 0.000000 0.000000
2.000000 6.000000 5.000000 9.000000 2066.643718 0.003188 0.007706 0.000000 0.000000 0.000000
2.000000 7.000000 5.000000 9.000000 1887.422874 0.002910 0.007030 0.000000 0.000000 0.000000
2.000000 8.000000 5.000000 9.000000 2451.997814 0.003786 0.009164 0.004978 0.000000 0.000000
2.000000 9.000000 5.000000 9.000000 2448.476569 0.003780 0.009151 0.005660 0.000000 0.000000
2.000000 10.000000 5.000000 9.000000 2994.186211 0.004629 0.011227 0.005758 0.000000 0.000000
2.000000 11.000000 5.000000 9.000000 2509.673821 0.003876 0.009383 0.008009 0.000000 0.000000
2.000000 12.000000 5.000000 9.000000 2128.263343 0.003283 0.007939 0.007939 0.000000 -232.187805
2.000000 13.000000 5.000000 9.000000 1943.182839 0.002997 0.007240 0.007240 0.000000 -1421.975705
2.000000 14.000000 5.000000 9.000000 1894.520710 0.002921 0.007057 0.007057 0.000000 -1361.622650
2.000000 15.000000 5.000000 9.000000 2528.756711 0.003905 0.009455 0.007023 0.000000 0.000000
2.000000 16.000000 5.000000 9.000000 4190.001573 0.006497 0.015825 0.006543 0.000000 0.000000
2.000000 17.000000 5.000000 9.000000 6024.454880 0.009385 0.023010 0.009385 7707.107632 0.000000
2.000000 18.000000 5.000000 9.000000 6765.936055 0.010560 0.025960 0.010560 13629.127901 0.000000
2.000000 19.000000 5.000000 9.000000 56485.879427 0.100725 0.312612 0.000000 0.000000 0.000000
2.000000 20.000000 5.000000 9.000000 7374.909058 0.011528 0.028404 0.000000 0.000000 -0.000000
2.000000 21.000000 5.000000 9.000000 4466.439301 0.006931 0.016898 0.000000 0.000000 -0.000000
2.000000 22.000000 5.000000 9.000000 3650.629339 0.005653 0.013743 0.000000 0.000000 0.000000
2.000000 23.000000 5.000000 9.000000 3173.678671 0.004909 0.011913 0.000000 0.000000 0.000000
2.000000 24.000000 5.000000 9.000000 2824.382424 0.004365 0.010580 0.000000 0.000000 0.000000
2.000000 1.000000 6.000000 9.000000 2501.168451 0.003862 0.009351 0.000000 0.000000 0.000000
2.000000 2.000000 6.000000 9.000000 2284.069209 0.003525 0.008528 0.000000 0.000000 0.000000
2.000000 3.000000 6.000000 9.000000 2112.204916 0.003259 0.007878 0.000000 0.000000 -0.000000
2.000000 4.000000 6.000000 9.000000 1982.432734 0.003057 0.007388 0.000000 0.000000 -0.000000
2.000000 5.000000 6.000000 9.000000 1860.293020 0.002868 0.006928 0.000000 0.000000 -0.000000
2.000000 6.000000 6.000000 9.000000 1738.341444 0.002679 0.006469 0.000000 0.000000 -0.000000
2.000000 7.000000 6.000000 9.000000 1639.884755 0.002527 0.006099 0.000000 0.000000 -0.000000
2.000000 8.000000 6.000000 9.000000 2686.284298 0.004150 0.010054 0.006402 0.000000 0.000000
2.000000 9.000000 6.000000 9.000000 2334.724361 0.003604 0.008720 0.007737 0.000000 0.000000
2.000000 10.000000 6.000000 9.000000 2723.996116 0.004209 0.010198 0.008600 0.000000 0.000000
2.000000 11.000000 6.000000 9.000000 2845.352081 0.004398 0.010660 0.010411 0.000000 0.000000
2.000000 12.000000 6.000000 9.000000 2479.410089 0.003828 0.009268 0.009268 0.000000 -1435.532648
2.000000 13.000000 6.000000 9.000000 2228.168257 0.003438 0.008317 0.008317 0.000000 -4053.969241
2.000000 14.000000 6.000000 9.000000 2165.358661 0.003341 0.008079 0.008079 0.000000 -2837.438474
2.000000 15.000000 6.000000 9.000000 2117.340364 0.003266 0.007898 0.007898 0.000000 -299.853681
2.000000 16.000000 6.000000 9.000000 3607.594306 0.005586 0.013578 0.007470 0.000000 0.000000
2.000000 17.000000 6.000000 9.000000 5423.211716 0.008436 0.020638 0.008436 3665.498054 0.000000
2.000000 18.000000 6.000000 9.000000 6257.911828 0.009754 0.023936 0.009754 8099.486051 0.000000
2.000000 19.000000 6.000000 9.000000 53701.132878 0.095001 0.290015 0.000000 0.000000 0.000000
2.000000 20.000000 6.000000 9.000000 7047.759370 0.011007 0.027089 0.000000 0.000000 -0.000000
2.000000 21.000000 6.000000 9.000000 4360.235640 0.006764 0.016485 0.000000 0.000000 -0.000000
2.000000 22.000000 6.000000 9.000000 3574.208312 0.005534 0.013449 0.000000 0.000000 0.000000
2.000000 23.000000 6.000000 9.000000 3104.234681 0.004801 0.011648 0.000000 0.000000 0.000000
2.000000 24.000000 6.000000 9.000000 2762.032172 0.004268 0.010342 0.000000 0.000000 0.000000
2.000000 1.000000 7.000000 9.000000 2506.026176 0.003870 0.009369 0.000000 0.000000 0.000000
2.000000 2.000000 7.000000 9.000000 2313.226035 0.003570 0.008638 0.000000 0.000000 0.000000
2.000000 3.000000 7.000000 9.000000 2161.577867 0.003335 0.008065 0.000000 0.000000 0.000000
2.000000 4.000000 7.000000 9.000000 2034.488802 0.003138 0.007585 0.000000 0.000000 -0.000000
2.000000 5.000000 7.000000 9.000000 1915.575909 0.002954 0.007136 0.000000 0.000000 -0.000000
2.000000 6.000000 7.000000 9.000000 1806.895612 0.002785 0.006727 0.000000 0.000000 -0.000000
2.000000 7.000000 7.000000 9.000000 1729.711309 0.002666 0.006437 0.000000 0.000000 -0.000000
2.000000 8.000000 7.000000 9.000000 2579.601979 0.003984 0.009649 0.007791 0.000000 0.000000
2.000000 9.000000 7.000000 9.000000 2432.108219 0.003755 0.009089 0.008384 0.000000 0.000000
2.000000 10.000000 7.000000 9.000000 2997.521655 0.004634 0.011240 0.009622 0.000000 0.000000
2.000000 11.000000 7.000000 9.000000 2738.666956 0.004232 0.010253 0.009716 0.000000 0.000000
2.000000 12.000000 7.000000 9.000000 2365.825757 0.003652 0.008838 0.008838 0.000000 -3060.269173
2.000000 13.000000 7.000000 9.000000 2113.420951 0.003260 0.007883 0.007883 0.000000 -6346.244425
2.000000 14.000000 7.000000 9.000000 2054.864130 0.003170 0.007662 0.007662 0.000000 -7680.163840
2.000000 15.000000 7.000000 9.000000 2276.571036 0.003514 0.008500 0.008177 0.000000 0.000000
2.000000 16.000000 7.000000 9.000000 3616.079165 0.005599 0.013610 0.007690 0.000000 0.000000
2.000000 17.000000 7.000000 9.000000 5229.504098 0.008130 0.019877 0.008130 3600.354874 0.000000
2.000000 18.000000 7.000000 9.000000 6127.174944 0.009548 0.023417 0.009548 8990.585501 0.000000
2.000000 19.000000 7.000000 9.000000 53557.440683 0.094708 0.288878 0.000000 0.000000 0.000000
2.000000 20.000000 7.000000 9.000000 7060.540741 0.011028 0.027140 0.000000 0.000000 -0.000000
2.000000 21.000000 7.000000 9.000000 4367.237072 0.006775 0.016512 0.000000 0.000000 -0.000000
2.000000 22.000000 7.000000 9.000000 3574.647236 0.005535 0.013451 0.000000 0.000000 0.000000
2.000000 23.000000 7.000000 9.000000 3096.257610 0.004788 0.011617 0.000000 0.000000 0.000000
2.000000 24.000000 7.000000 9.000000 2764.075863 0.004271 0.010350 0.000000 0.000000 0.000000
2.000000 1.000000 1.000000 9.000000 2503.535386 0.003866 0.009360 0.000000 0.000000 0.000000
2.000000 2.000000 1.000000 9.000000 2301.384594 0.003552 0.008594 0.000000 0.000000 -0.000000
2.000000 3.000000 1.000000 9.000000 2133.427979 0.003291 0.007958 0.000000 0.000000 -0.000000
2.000000 4.000000 1.000000 9.000000 1987.322237 0.003065 0.007407 0.000000 0.000000 -0.000000
2.000000 5.000000 1.000000 9.000000 1863.983706 0.002874 0.006942 0.000000 0.000000 -0.000000
2.000000 6.000000 1.000000 9.000000 1752.720644 0.002702 0.006523 0.000000 0.000000 -0.000000
2.000000 7.000000 1.000000 9.000000 1651.921104 0.002546 0.006144 0.000000 0.000000 -0.000000
2.000000 8.000000 1.000000 9.000000 2658.626707 0.004107 0.009949 0.007238 0.000000 0.000000
2.000000 9.000000 1.000000 9.000000 2387.542440 0.003686 0.008920 0.008788 0.000000 0.000000
2.000000 10.000000 1.000000 9.000000 2915.103908 0.004506 0.010925 0.009530 0.000000 0.000000
2.000000 11.000000 1.000000 9.000000 2739.707182 0.004233 0.010257 0.010257 0.000000 -1577.240416
2.000000 12.000000 1.000000 9.000000 2347.894699 0.003624 0.008770 0.008770 0.000000 -4619.610954
2.000000 13.000000 1.000000 9.000000 2119.890468 0.003270 0.007907 0.007907 0.000000 -5498.334086
2.000000 14.000000 1.000000 9.000000 2079.480346 0.003208 0.007755 0.007755 0.000000 -7053.422409
2.000000 15.000000 1.000000 9.000000 2216.334061 0.003420 0.008272 0.008272 0.000000 -310.114057
2.000000 16.000000 1.000000 9.000000 3732.991967 0.005782 0.014060 0.008124 0.000000 0.000000
2.000000 17.000000 1.000000 9.000000 5540.457135 0.008621 0.021099 0.008621 2051.898038 0.000000
2.000000 18.000000 1.000000 9.000000 6432.437826 0.010031 0.024630 0.010031 8173.232140 0.000000
2.000000 19.000000 1.000000 9.000000 54119.464626 0.095855 0.293339 0.000000 0.000000 0.000000
2.000000 20.000000 1.000000 9.000000 6908.161630 0.010786 0.026529 0.000000 0.000000 -0.000000
2.000000 21.000000 1.000000 9.000000 4187.258280 0.006493 0.015815 0.000000 0.000000 -0.000000
2.000000 22.000000 1.000000 9.000000 3406.939031 0.005273 0.012807 0.000000 0.000000 0.000000
2.000000 23.000000 1.000000 9.000000 2970.714333 0.004593 0.011138 0.000000 0.000000 0.000000
2.000000 24.000000 1.000000 9.000000 2649.048050 0.004092 0.009912 0.000000 0.000000 0.000000
2.000000 1.000000 2.000000 9.000000 2389.411698 0.003689 0.008927 0.000000 0.000000 0.000000
2.000000 2.000000 2.000000 9.000000 2197.471352 0.003391 0.008200 0.000000 0.000000 0.000000
2.000000 3.000000 2.000000 9.000000 2036.982867 0.003142 0.007594 0.000000 0.000000 -0.000000
2.000000 4.000000 2.000000 9.000000 1890.767532 0.002915 0.007043 0.000000 0.000000 -0.000000
2.000000 5.000000 2.000000 9.000000 1754.031108 0.002704 0.006528 0.000000 0.000000 -0.000000
2.000000 6.000000 2.000000 9.000000 1649.284382 0.002541 0.006135 0.000000 0.000000 -0.000000
2.000000 7.000000 2.000000 9.000000 1556.383054 0.002398 0.005786 0.000000 0.000000 -0.000000
2.000000 8.000000 2.000000 9.000000 2702.804610 0.004176 0.010117 0.005754 0.000000 0.000000
2.000000 9.000000 2.000000 9.000000 2350.747970 0.003629 0.008780 0.005698 0.000000 0.000000
2.000000 10.000000 2.000000 9.000000 3121.187735 0.004827 0.011712 0.007766 0.000000 0.000000
2.000000 11.000000 2.000000 9.000000 2516.319106 0.003886 0.009408 0.009408 0.000000 -1433.339842
2.000000 12.000000 2.000000 9.000000 2128.116384 0.003283 0.007938 0.007938 0.000000 -5789.863849
2.000000 13.000000 2.000000 9.000000 1924.051017 0.002967 0.007168 0.007168 0.000000 -9268.727404
2.000000 14.000000 2.000000 9.000000 1832.460762 0.002825 0.006823 0.006823 0.000000 -5654.606375
2.000000 15.000000 2.000000 9.000000 2830.539780 0.004374 0.010603 0.009623 0.000000 0.000000
2.000000 16.000000 2.000000 9.000000 4782.738285 0.007428 0.018129 0.008973 0.000000 0.000000
2.000000 17.000000 2.000000 9.000000 6807.227809 0.010625 0.026125 0.010625 5809.569754 0.000000
2.000000 18.000000 2.000000 9.000000 7559.591728 0.011822 0.029148 0.011822 12604.764311 0.000000
2.000000 19.000000 2.000000 9.000000 60101.413629 0.108294 0.343678 0.000000 0.000000 0.000000
2.000000 20.000000 2.000000 9.000000 8005.284565 0.012533 0.030952 0.000000 0.000000 -0.000000
2.000000 21.000000 2.000000 9.000000 4896.874522 0.007607 0.018575 0.000000 0.000000 -0.000000
2.000000 22.000000 2.000000 9.000000 3957.686930 0.006134 0.014927 0.000000 0.000000 0.000000
2.000000 23.000000 2.000000 9.000000 3402.715830 0.005266 0.012791 0.000000 0.000000 0.000000
2.000000 24.000000 2.000000 9.000000 2998.381022 0.004636 0.011243 0.000000 0.000000 0.000000
2.000000 1.000000 3.000000 9.000000 2653.425630 0.004099 0.009929 0.000000 0.000000 0.000000
2.000000 2.000000 3.000000 9.000000 2383.391736 0.003679 0.008904 0.000000 0.000000 0.000000
2.000000 3.000000 3.000000 9.000000 2172.824344 0.003353 0.008107 0.000000 0.000000 -0.000000
2.000000 4.000000 3.000000 9.000000 1996.670249 0.003079 0.007442 0.000000 0.000000 -0.000000
2.000000 5.000000 3.000000 9.000000 1834.680915 0.002828 0.006832 0.000000 0.000000 -0.000000
2.000000 6.000000 3.000000 9.000000 1705.005336 0.002628 0.006344 0.000000 0.000000 -0.000000
2.000000 7.000000 3.000000 9.000000 1599.688080 0.002465 0.005948 0.000000 0.000000 -0.000000
2.000000 8.000000 3.000000 9.000000 2924.763818 0.004521 0.010962 0.000000 0.000000 0.000000
2.000000 9.000000 3.000000 9.000000 4126.463578 0.006398 0.015579 0.000000 0.000000 0.000000
2.000000 10.000000 3.000000 9.000000 5794.944514 0.009022 0.022102 0.000000 0.000000 0.000000
2.000000 11.000000 3.000000 9.000000 8008.396624 0.012538 0.030965 0.000000 0.000000 0.000000
2.000000 12.000000 3.000000 9.000000 10693.952799 0.016856 0.042051 0.000000 0.000000 0.000000
2.000000 13.000000 3.000000 9.000000 13336.103375 0.021163 0.053331 0.000000 0.000000 0.000000
2.000000 14.000000 3.000000 9.000000 14824.020228 0.023614 0.059854 0.000000 0.000000 0.000000
2.000000 15.000000 3.000000 9.000000 38612.444577 0.065497 0.184373 0.000000 0.000000 0.000000
2.000000 16.000000 3.000000 9.000000 98796.665555 0.200492 0.876898 0.000000 0.000000 0.000000
2.000000 17.000000 3.000000 9.000000 194773.625972 0.575459 -4.677823 0.000000 0.000000 -0.000000
2.000000 18.000000 3.000000 9.000000 266301.378966 1.191663 -1.700150 0.000000 0.000000 -0.000000
2.000000 19.000000 3.000000 9.000000 120249.613721 0.262393 1.538194 0.000000 0.000000 0.000000
2.000000 20.000000 3.000000 9.000000 12293.951863 0.019457 0.048836 0.000000 0.000000 -0.000000
2.000000 21.000000 3.000000 9.000000 7033.480386 0.010985 0.027032 0.000000 0.000000 -0.000000
2.000000 22.000000 3.000000 9.000000 5521.146359 0.008590 0.021023 0.000000 0.000000 0.000000
2.000000 23.000000 3.000000 9.000000 4670.316438 0.007251 0.017691 0.000000 0.000000 0.000000
2.000000 24.000000 3.000000 9.000000 4041.489900 0.006265 0.015251 0.000000 0.000000 0.000000
2.000000 1.000000 4.000000 9.000000 3537.467417 0.005477 0.013308 0.000000 0.000000 0.000000
2.000000 2.000000 4.000000 9.000000 3120.483709 0.004826 0.011710 0.000000 0.000000 0.000000
2.000000 3.000000 4.000000 9.000000 2781.272780 0.004298 0.010416 0.000000 0.000000 0.000000
2.000000 4.000000 4.000000 9.000000 2496.746081 0.003855 0.009334 0.000000 0.000000 0.000000
2.000000 5.000000 4.000000 9.000000 2258.060836 0.003485 0.008430 0.000000 0.000000 0.000000
2.000000 6.000000 4.000000 9.000000 2081.870702 0.003211 0.007764 0.000000 0.000000 0.000000
2.000000 7.000000 4.000000 9.000000 1920.983212 0.002962 0.007157 0.000000 0.000000 0.000000
2.000000 8.000000 4.000000 9.000000 3400.026592 0.005262 0.012780 0.000000 0.000000 0.000000
2.000000 9.000000 4.000000 9.000000 4720.173782 0.007329 0.017885 0.000000 0.000000 0.000000
2.000000 10.000000 4.000000 9.000000 6388.568083 0.009961 0.024456 0.000000 0.000000 0.000000
2.000000 11.000000 4.000000 9.000000 8709.640928 0.013660 0.033824 0.000000 0.000000 0.000000
2.000000 12.000000 4.000000 9.000000 11396.720948 0.017996 0.045014 0.000000 0.000000 0.000000
2.000000 13.000000 4.000000 9.000000 13635.601437 0.021655 0.054634 0.000000 0.000000 0.000000
2.000000 14.000000 4.000000 9.000000 14810.854156 0.023592 0.059796 0.000000 0.000000 0.000000
2.000000 15.000000 4.000000 9.000000 39968.891295 0.068050 0.192859 0.000000 0.000000 0.000000
2.000000 16.000000 4.000000 9.000000 99286.212820 0.201808 0.887442 0.000000 0.000000 0.000000
2.000000 17.000000 4.000000 9.000000 194794.673002 0.575578 -4.674530 0.000000 0.000000 -0.000000
2.000000 18.000000 4.000000 9.000000 269675.696168 1.236786 -1.664059 0.000000 0.000000 -0.000000
2.000000 19.000000 4.000000 9.000000 124292.224078 0.275116 1.734072 0.000000 0.000000 0.000000
2.000000 20.000000 4.000000 9.000000 12925.573075 0.020490 0.051553 0.000000 0.000000 -0.000000
2.000000 21.000000 4.000000 9.000000 7337.837681 0.011469 0.028254 0.000000 0.000000 -0.000000
2.000000 22.000000 4.000000 9.000000 5825.066924 0.009070 0.022221 0.000000 0.000000 0.000000
2.000000 23.000000 4.000000 9.000000 4948.152286 0.007688 0.018775 0.000000 0.000000 0.000000
2.000000 24.000000 4.000000 9.000000 4304.721132 0.006677 0.016270 0.000000 0.000000 0.000000
2.000000 1.000000 5.000000 9.000000 3845.841076 0.005959 0.014495 0.000000 0.000000 0.000000
2.000000 2.000000 5.000000 9.000000 3438.451487 0.005322 0.012928 0.000000 0.000000 0.000000
2.000000 3.000000 5.000000 9.000000 3108.300056 0.004807 0.011663 0.000000 0.000000 0.000000
2.000000 4.000000 5.000000 9.000000 2832.735274 0.004378 0.010612 0.000000 0.000000 0.000000
2.000000 5.000000 5.000000 9.000000 2576.872976 0.003980 0.009638 0.000000 0.000000 -0.000000
2.000000 6.000000 5.000000 9.000000 2365.605378 0.003652 0.008837 0.000000 0.000000 -0.000000
2.000000 7.000000 5.000000 9.000000 2185.976736 0.003373 0.008157 0.000000 0.000000 -0.000000
2.000000 8.000000 5.000000 9.000000 2315.590812 0.003574 0.008647 0.008097 0.000000 0.000000
2.000000 9.000000 5.000000 9.000000 2668.123841 0.004122 0.009985 0.009506 0.000000 0.000000
2.000000 10.000000 5.000000 9.000000 2841.884275 0.004392 0.010646 0.010636 0.000000 0.000000
2.000000 11.000000 5.000000 9.000000 2458.461816 0.003796 0.009189 0.009189 0.000000 -3765.877901
2.000000 12.000000 5.000000 9.000000 2145.703916 0.003310 0.008005 0.008005 0.000000 -7211.405543
2.000000 13.000000 5.000000 9.000000 1942.837391 0.002996 0.007239 0.007239 0.000000 -6593.064012
2.000000 14.000000 5.000000 9.000000 1933.651042 0.002982 0.007205 0.007205 0.000000 -3315.723930
2.000000 15.000000 5.000000 9.000000 2325.319628 0.003589 0.008684 0.008114 0.000000 0.000000
2.000000 16.000000 5.000000 9.000000 3835.898579 0.005943 0.014457 0.007531 0.000000 0.000000
2.000000 17.000000 5.000000 9.000000 5510.463196 0.008573 0.020981 0.008573 4398.569911 0.000000
2.000000 18.000000 5.000000 9.000000 6172.717404 0.009620 0.023598 0.009620 10023.398419 0.000000
2.000000 19.000000 5.000000 9.000000 53863.687533 0.095332 0.291304 0.000000 0.000000 0.000000
2.000000 20.000000 5.000000 9.000000 6969.473954 0.010883 0.026775 0.000000 0.000000 -0.000000
2.000000 21.000000 5.000000 9.000000 4228.619504 0.006558 0.015975 0.000000 0.000000 -0.000000
2.000000 22.000000 5.000000 9.000000 3442.511005 0.005328 0.012943 0.000000 0.000000 0.000000
2.000000 23.000000 5.000000 9.000000 2955.772111 0.004569 0.011081 0.000000 0.000000 0.000000
2.000000 24.000000 5.000000 9.000000 2581.714153 0.003987 0.009657 0.000000 0.000000 0.000000
2.000000 1.000000 6.000000 9.000000 2336.881573 0.003607 0.008728 0.000000 0.000000 0.000000
2.000000 2.000000 6.000000 9.000000 2138.144938 0.003299 0.007976 0.000000 0.000000 0.000000
2.000000 3.000000 6.000000 9.000000 1964.804389 0.003030 0.007322 0.000000 0.000000 -0.000000
2.000000 4.000000 6.000000 9.000000 1822.357672 0.002809 0.006785 0.000000 0.000000 -0.000000
2.000000 5.000000 6.000000 9.000000 1689.928822 0.002604 0.006287 0.000000 0.000000 -0.000000
2.000000 6.000000 6.000000 9.000000 1590.923966 0.002451 0.005915 0.000000 0.000000 -0.000000
2.000000 7.000000 6.000000 9.000000 1513.872498 0.002332 0.005626 0.000000 0.000000 -0.000000
2.000000 8.000000 6.000000 9.000000 2812.180005 0.004346 0.010533 0.006412 0.000000 0.000000
2.000000 9.000000 6.000000 9.000000 2464.614340 0.003806 0.009212 0.006607 0.000000 0.000000
2.000000 10.000000 6.000000 9.000000 2681.581137 0.004143 0.010036 0.008801 0.000000 0.000000
2.000000 11.000000 6.000000 9.000000 2897.767123 0.004479 0.010859 0.008903 0.000000 0.000000
2.000000 12.000000 6.000000 9.000000 2503.591777 0.003866 0.009360 0.008488 0.000000 0.000000
2.000000 13.000000 6.000000 9.000000 2232.805280 0.003446 0.008334 0.008334 0.000000 -1855.562985
2.000000 14.000000 6.000000 9.000000 2216.547707 0.003420 0.008273 0.007331 0.000000 0.000000
2.000000 15.000000 6.000000 9.000000 1976.724199 0.003048 0.007367 0.006405 0.000000 0.000000
2.000000 16.000000 6.000000 9.000000 3273.921123 0.005065 0.012297 0.005929 0.000000 0.000000
2.000000 17.000000 6.000000 9.000000 4824.807888 0.007494 0.018293 0.007494 4992.750008 0.000000
2.000000 18.000000 6.000000 9.000000 5432.625923 0.008451 0.020675 0.008451 9769.577812 0.000000
2.000000 19.000000 6.000000 9.000000 48539.463336 0.084627 0.250895 0.000000 0.000000 0.000000
2.000000 20.000000 6.000000 9.000000 6129.760527 0.009552 0.023427 0.000000 0.000000 -0.000000
2.000000 21.000000 6.000000 9.000000 3727.545936 0.005774 0.014039 0.000000 0.000000 -0.000000
2.000000 22.000000 6.000000 9.000000 3070.607495 0.004748 0.011519 0.000000 0.000000 0.000000
2.000000 23.000000 6.000000 9.000000 2678.460166 0.004138 0.010024 0.000000 0.000000 0.000000
2.000000 24.000000 6.000000 9.000000 2387.442170 0.003686 0.008920 0.000000 0.000000 0.000000
2.000000 1.000000 7.000000 9.000000 2164.542341 0.003340 0.008076 0.000000 0.000000 0.000000
2.000000 2.000000 7.000000 9.000000 1989.767335 0.003069 0.007416 0.000000 0.000000 0.000000
2.000000 3.000000 7.000000 9.000000 1839.077552 0.002835 0.006848 0.000000 0.000000 -0.000000
2.000000 4.000000 7.000000 9.000000 1706.287448 0.002630 0.006349 0.000000 0.000000 -0.000000
2.000000 5.000000 7.000000 9.000000 1593.959265 0.002456 0.005927 0.000000 0.000000 -0.000000
2.000000 6.000000 7.000000 9.000000 1510.717871 0.002327 0.005614 0.000000 0.000000 -0.000000
2.000000 7.000000 7.000000 9.000000 1410.728336 0.002173 0.005240 0.000000 0.000000 -0.000000
2.000000 8.000000 7.000000 9.000000 2935.423426 0.004538 0.011003 0.006539 0.000000 0.000000
2.000000 9.000000 7.000000 9.000000 2529.513374 0.003906 0.009458 0.007361 0.000000 0.000000
2.000000 10.000000 7.000000 9.000000 2610.961763 0.004033 0.009768 0.008839 0.000000 0.000000
2.000000 11.000000 7.000000 9.000000 2958.288698 0.004573 0.011090 0.009948 0.000000 0.000000
2.000000 12.000000 7.000000 9.000000 2521.324626 0.003894 0.009427 0.008899 0.000000 0.000000
2.000000 13.000000 7.000000 9.000000 2265.536048 0.003496 0.008458 0.008413 0.000000 0.000000
2.000000 14.000000 7.000000 9.000000 2245.570240 0.003465 0.008382 0.008159 0.000000 0.000000
2.000000 15.000000 7.000000 9.000000 1964.316890 0.003029 0.007320 0.006518 0.000000 0.000000
2.000000 16.000000 7.000000 9.000000 3291.618728 0.005093 0.012365 0.005905 0.000000 0.000000
2.000000 17.000000 7.000000 9.000000 4879.917164 0.007580 0.018509 0.007580 4850.929719 0.000000
2.000000 18.000000 7.000000 9.000000 5568.852846 0.008665 0.021211 0.008665 10068.470234 0.000000
2.000000 19.000000 7.000000 9.000000 48968.304728 0.085477 0.254017 0.000000 0.000000 0.000000
2.000000 20.000000 7.000000 9.000000 6179.615595 0.009630 0.023625 0.000000 0.000000 -0.000000
2.000000 21.000000 7.000000 9.000000 3746.864016 0.005804 0.014114 0.000000 0.000000 -0.000000
2.000000 22.000000 7.000000 9.000000 3059.286972 0.004731 0.011476 0.000000 0.000000 0.000000
2.000000 23.000000 7.000000 9.000000 2651.979717 0.004097 0.009924 0.000000 0.000000 0.000000
2.000000 24.000000 7.000000 9.000000 2346.906208 0.003623 0.008766 0.000000 0.000000 0.000000
2.000000 1.000000 1.000000 10.000000 2126.346756 0.003280 0.007932 0.000000 0.000000 0.000000
2.000000 2.000000 1.000000 10.000000 1955.136958 0.003015 0.007286 0.000000 0.000000 -0.000000
2.000000 3.000000 1.000000 10.000000 1808.204288 0.002787 0.006732 0.000000 0.000000 -0.000000
2.000000 4.000000 1.000000 10.000000 1679.514276 0.002588 0.006248 0.000000 0.000000 -0.000000
2.000000 5.000000 1.000000 10.000000 1563.506270 0.002409 0.005813 0.000000 0.000000 -0.000000
2.000000 6.000000 1.000000 10.000000 1480.099787 0.002280 0.005500 0.000000 0.000000 -0.000000
2.000000 7.000000 1.000000 10.000000 1385.030062 0.002133 0.005144 0.000000 0.000000 -0.000000
2.000000 8.000000 1.000000 10.000000 2907.701380 0.004495 0.010897 0.006652 0.000000 0.000000
2.000000 9.000000 1.000000 10.000000 2424.356650 0.003743 0.009059 0.008046 0.000000 0.000000
2.000000 10.000000 1.000000 10.000000 2863.092413 0.004425 0.010727 0.008998 0.000000 0.000000
2.000000 11.000000 1.000000 10.000000 2892.972594 0.004472 0.010841 0.009259 0.000000 0.000000
2.000000 12.000000 1.000000 10.000000 2532.205040 0.003911 0.009469 0.008483 0.000000 0.000000
2.000000 13.000000 1.000000 10.000000 2355.006004 0.003635 0.008797 0.008177 0.000000 0.000000
2.000000 14.000000 1.000000 10.000000 2154.758730 0.003325 0.008039 0.008039 0.000000 -889.649118
2.000000 15.000000 1.000000 10.000000 2417.377353 0.003732 0.009033 0.007715 0.000000 0.000000
2.000000 16.000000 1.000000 10.000000 4266.183529 0.006617 0.016120 0.006809 0.000000 0.000000
2.000000 17.000000 1.000000 10.000000 6395.389548 0.009972 0.024483 0.009972 9840.209970 0.000000
2.000000 18.000000 1.000000 10.000000 7467.942771 0.011676 0.028779 0.011676 16396.088564 0.000000
2.000000 19.000000 1.000000 10.000000 95631.764698 0.192086 0.812129 0.000000 0.000000 0.000000
2.000000 20.000000 1.000000 10.000000 8191.098352 0.012830 0.031707 0.000000 0.000000 -0.000000
2.000000 21.000000 1.000000 10.000000 4550.044358 0.007062 0.017223 0.000000 0.000000 -0.000000
2.000000 22.000000 1.000000 10.000000 3644.093803 0.005643 0.013718 0.000000 0.000000 0.000000
2.000000 23.000000 1.000000 10.000000 3141.333831 0.004859 0.011789 0.000000 0.000000 0.000000
2.000000 24.000000 1.000000 10.000000 2769.336006 0.004279 0.010370 0.000000 0.000000 0.000000
2.000000 1.000000 2.000000 10.000000 2497.459095 0.003857 0.009337 0.000000 0.000000 0.000000
2.000000 2.000000 2.000000 10.000000 2286.737156 0.003529 0.008538 0.000000 0.000000 0.000000
2.000000 3.000000 2.000000 10.000000 2116.285426 0.003265 0.007894 0.000000 0.000000 -0.000000
2.000000 4.000000 2.000000 10.000000 1971.260325 0.003040 0.007346 0.000000 0.000000 -0.000000
2.000000 5.000000 2.000000 10.000000 1839.208776 0.002835 0.006849 0.000000 0.000000 -0.000000
2.000000 6.000000 2.000000 10.000000 1728.962307 0.002665 0.006434 0.000000 0.000000 -0.000000
2.000000 7.000000 2.000000 10.000000 1620.719523 0.002497 0.006027 0.000000 0.000000 -0.000000
2.000000 8.000000 2.000000 10.000000 2652.918948 0.004098 0.009927 0.007568 0.000000 0.000000
2.000000 9.000000 2.000000 10.000000 2492.411799 0.003849 0.009318 0.008860 0.000000 0.000000
2.000000 10.000000 2.000000 10.000000 3119.098935 0.004824 0.011704 0.009698 0.000000 0.000000
2.000000 11.000000 2.000000 10.000000 2656.117253 0.004103 0.009939 0.009939 0.000000 -1462.122836
2.000000 12.000000 2.000000 10.000000 2319.857740 0.003581 0.008664 0.008664 0.000000 -4023.073009
2.000000 13.000000 2.000000 10.000000 2178.688227 0.003362 0.008129 0.008129 0.000000 -2735.016219
2.000000 14.000000 2.000000 10.000000 2001.853366 0.003087 0.007462 0.007462 0.000000 -8946.561506
2.000000 15.000000 2.000000 10.000000 2669.416425 0.004124 0.009990 0.007154 0.000000 0.000000
2.000000 16.000000 2.000000 10.000000 4714.896569 0.007321 0.017865 0.007321 2455.624072 0.000000
2.000000 17.000000 2.000000 10.000000 7001.958405 0.010935 0.026905 0.010935 13047.879034 0.000000
2.000000 18.000000 2.000000 10.000000 8115.393151 0.012709 0.031400 0.012709 18379.035362 0.000000
2.000000 19.000000 2.000000 10.000000 100772.961159 0.205830 0.920395 0.000000 0.000000 0.000000
2.000000 20.000000 2.000000 10.000000 8730.881439 0.013694 0.033911 0.000000 0.000000 -0.000000
2.000000 21.000000 2.000000 10.000000 4816.642905 0.007481 0.018262 0.000000 0.000000 -0.000000
2.000000 22.000000 2.000000 10.000000 3820.561470 0.005919 0.014398 0.000000 0.000000 0.000000
2.000000 23.000000 2.000000 10.000000 3275.213209 0.005067 0.012302 0.000000 0.000000 0.000000
2.000000 24.000000 2.000000 10.000000 2885.501239 0.004460 0.010813 0.000000 0.000000 0.000000
2.000000 1.000000 3.000000 10.000000 2573.127481 0.003974 0.009624 0.000000 0.000000 0.000000
2.000000 2.000000 3.000000 10.000000 2336.766973 0.003607 0.008728 0.000000 0.000000 0.000000
2.000000 3.000000 3.000000 10.000000 2144.110241 0.003308 0.007999 0.000000 0.000000 0.000000
2.000000 4.000000 3.000000 10.000000 1976.573914 0.003048 0.007366 0.000000 0.000000 -0.000000
2.000000 5.000000 3.000000 10.000000 1828.798006 0.002819 0.006810 0.000000 0.000000 -0.000000
2.000000 6.000000 3.000000 10.000000 1710.583898 0.002636 0.006365 0.000000 0.000000 -0.000000
2.000000 7.000000 3.000000 10.000000 1607.860004 0.002477 0.005979 0.000000 0.000000 -0.000000
2.000000 8.000000 3.000000 10.000000 3113.012740 0.004814 0.011681 0.000000 0.000000 0.000000
2.000000 9.000000 3.000000 10.000000 4387.354148 0.006807 0.016591 0.000000 0.000000 0.000000
2.000000 10.000000 3.000000 10.000000 5897.593200 0.009184 0.022508 0.000000 0.000000 0.000000
2.000000 11.000000 3.000000 10.000000 7627.912149 0.011931 0.029424 0.000000 0.000000 0.000000
2.000000 12.000000 3.000000 10.000000 9443.996465 0.014839 0.036845 0.000000 0.000000 0.000000
2.000000 13.000000 3.000000 10.000000 10723.246454 0.016904 0.042174 0.000000 0.000000 0.000000
2.000000 14.000000 3.000000 10.000000 12513.588364 0.019816 0.049779 0.000000 0.000000 0.000000
2.000000 15.000000 3.000000 10.000000 40154.030988 0.068400 0.194031 0.000000 0.000000 0.000000
2.000000 16.000000 3.000000 10.000000 110976.950702 0.234530 1.192228 0.000000 0.000000 0.000000
2.000000 17.000000 3.000000 10.000000 229878.533182 0.815091 -2.343872 0.000000 0.000000 -0.000000
2.000000 18.000000 3.000000 10.000000 328449.370242 2.658345 -1.280253 0.000000 0.000000 -0.000000
2.000000 19.000000 3.000000 10.000000 190679.894716 0.552618 -5.439278 -0.000000 0.000000 -0.000000
2.000000 20.000000 3.000000 10.000000 12553.450501 0.019881 0.049950 0.000000 0.000000 0.000000
2.000000 21.000000 3.000000 10.000000 6404.057839 0.009986 0.024517 0.000000 0.000000 0.000000
2.000000 22.000000 3.000000 10.000000 4871.971959 0.007568 0.018478 0.000000 0.000000 0.000000
2.000000 23.000000 3.000000 10.000000 4049.084681 0.006277 0.015280 0.000000 0.000000 0.000000
2.000000 24.000000 3.000000 10.000000 3489.295922 0.005401 0.013123 0.000000 0.000000 0.000000
2.000000 1.000000 4.000000 10.000000 3077.605786 0.004759 0.011546 0.000000 0.000000 0.000000
2.000000 2.000000 4.000000 10.000000 2746.584830 0.004244 0.010283 0.000000 0.000000 0.000000
2.000000 3.000000 4.000000 10.000000 2473.113975 0.003819 0.009244 0.000000 0.000000 0.000000
2.000000 4.000000 4.000000 10.000000 2246.445221 0.003467 0.008386 0.000000 0.000000 0.000000
2.000000 5.000000 4.000000 10.000000 2058.866594 0.003176 0.007677 0.000000 0.000000 0.000000
2.000000 6.000000 4.000000 10.000000 1913.482948 0.002950 0.007129 0.000000 0.000000 -0.000000
2.000000 7.000000 4.000000 10.000000 1781.473944 0.002746 0.006631 0.000000 0.000000 -0.000000
2.000000 8.000000 4.000000 10.000000 3384.740126 0.005238 0.012722 0.000000 0.000000 0.000000
2.000000 9.000000 4.000000 10.000000 4734.251248 0.007351 0.017940 0.000000 0.000000 0.000000
2.000000 10.000000 4.000000 10.000000 6378.783108 0.009946 0.024417 0.000000 0.000000 0.000000
2.000000 11.000000 4.000000 10.000000 8251.050685 0.012926 0.031951 0.000000 0.000000 0.000000
2.000000 12.000000 4.000000 10.000000 10121.229456 0.015931 0.039655 0.000000 0.000000 0.000000
2.000000 13.000000 4.000000 10.000000 11405.504320 0.018010 0.045051 0.000000 0.000000 0.000000
2.000000 14.000000 4.000000 10.000000 13367.491645 0.021214 0.053467 0.000000 0.000000 0.000000
2.000000 15.000000 4.000000 10.000000 42535.931678 0.072933 0.209415 0.000000 0.000000 0.000000
2.000000 16.000000 4.000000 10.000000 116995.808893 0.252412 1.402709 0.000000 0.000000 0.000000
2.000000 17.000000 4.000000 10.000000 240385.060080 0.906646 -2.090888 0.000000 0.000000 -0.000000
2.000000 18.000000 4.000000 10.000000 340585.718182 3.273533 -1.233728 0.000000 0.000000 -0.000000
2.000000 19.000000 4.000000 10.000000 196621.579285 0.586063 -4.407701 -0.000000 0.000000 -0.000000
2.000000 20.000000 4.000000 10.000000 13052.731299 0.020698 0.052103 0.000000 0.000000 0.000000
2.000000 21.000000 4.000000 10.000000 6667.130163 0.010403 0.025566 0.000000 0.000000 0.000000
2.000000 22.000000 4.000000 10.000000 5099.339397 0.007925 0.019367 0.000000 0.000000 0.000000
2.000000 23.000000 4.000000 10.000000 4244.306431 0.006583 0.016036 0.000000 0.000000 0.000000
2.000000 24.000000 4.000000 10.000000 3651.572555 0.005655 0.013747 0.000000 0.000000 0.000000
2.000000 1.000000 5.000000 10.000000 3189.491474 0.004934 0.011974 0.000000 0.000000 0.000000
2.000000 2.000000 5.000000 10.000000 2843.095984 0.004394 0.010651 0.000000 0.000000 0.000000
2.000000 3.000000 5.000000 10.000000 2564.457726 0.003961 0.009591 0.000000 0.000000 0.000000
2.000000 4.000000 5.000000 10.000000 2330.987769 0.003598 0.008706 0.000000 0.000000 0.000000
2.000000 5.000000 5.000000 10.000000 2140.552585 0.003302 0.007985 0.000000 0.000000 0.000000
2.000000 6.000000 5.000000 10.000000 1995.504682 0.003078 0.007438 0.000000 0.000000 -0.000000
2.000000 7.000000 5.000000 10.000000 1865.726140 0.002877 0.006949 0.000000 0.000000 -0.000000
2.000000 8.000000 5.000000 10.000000 2444.618968 0.003774 0.009136 0.007589 0.000000 0.000000
2.000000 9.000000 5.000000 10.000000 2511.641747 0.003879 0.009391 0.007420 0.000000 0.000000
2.000000 10.000000 5.000000 10.000000 3019.754054 0.004669 0.011325 0.010126 0.000000 0.000000
2.000000 11.000000 5.000000 10.000000 2593.506143 0.004006 0.009701 0.009701 0.000000 -340.466796
2.000000 12.000000 5.000000 10.000000 2308.806774 0.003564 0.008622 0.008622 0.000000 -1403.163698
2.000000 13.000000 5.000000 10.000000 2159.126352 0.003331 0.008055 0.008055 0.000000 -3217.524165
2.000000 14.000000 5.000000 10.000000 1987.715601 0.003066 0.007408 0.007408 0.000000 -7067.159373
2.000000 15.000000 5.000000 10.000000 2601.080204 0.004018 0.009730 0.008476 0.000000 0.000000
2.000000 16.000000 5.000000 10.000000 4585.173313 0.007117 0.017359 0.007355 0.000000 0.000000
2.000000 17.000000 5.000000 10.000000 6908.389000 0.010786 0.026530 0.010786 9162.267931 0.000000
2.000000 18.000000 5.000000 10.000000 7988.901627 0.012507 0.030886 0.012507 16191.953453 0.000000
2.000000 19.000000 5.000000 10.000000 101004.343354 0.206459 0.925653 0.000000 0.000000 0.000000
2.000000 20.000000 5.000000 10.000000 8728.877046 0.013691 0.033903 0.000000 0.000000 -0.000000
2.000000 21.000000 5.000000 10.000000 4785.509662 0.007432 0.018140 0.000000 0.000000 -0.000000
2.000000 22.000000 5.000000 10.000000 3783.498338 0.005861 0.014255 0.000000 0.000000 0.000000
2.000000 23.000000 5.000000 10.000000 3208.664823 0.004964 0.012047 0.000000 0.000000 0.000000
2.000000 24.000000 5.000000 10.000000 2795.799169 0.004320 0.010471 0.000000 0.000000 0.000000
2.000000 1.000000 6.000000 10.000000 2491.411709 0.003847 0.009314 0.000000 0.000000 0.000000
2.000000 2.000000 6.000000 10.000000 2273.796652 0.003509 0.008489 0.000000 0.000000 0.000000
2.000000 3.000000 6.000000 10.000000 2094.295126 0.003231 0.007811 0.000000 0.000000 -0.000000
2.000000 4.000000 6.000000 10.000000 1940.666281 0.002993 0.007231 0.000000 0.000000 -0.000000
2.000000 5.000000 6.000000 10.000000 1808.510775 0.002788 0.006733 0.000000 0.000000 -0.000000
2.000000 6.000000 6.000000 10.000000 1694.212734 0.002611 0.006303 0.000000 0.000000 -0.000000
2.000000 7.000000 6.000000 10.000000 1598.426613 0.002463 0.005944 0.000000 0.000000 -0.000000
2.000000 8.000000 6.000000 10.000000 2694.971997 0.004164 0.010087 0.007199 0.000000 0.000000
2.000000 9.000000 6.000000 10.000000 2335.016593 0.003604 0.008721 0.007328 0.000000 0.000000
2.000000 10.000000 6.000000 10.000000 2941.216453 0.004547 0.011025 0.009087 0.000000 0.000000
2.000000 11.000000 6.000000 10.000000 2798.866062 0.004325 0.010483 0.009922 0.000000 0.000000
2.000000 12.000000 6.000000 10.000000 2479.081040 0.003828 0.009267 0.009267 0.000000 -2034.339128
2.000000 13.000000 6.000000 10.000000 2351.947009 0.003631 0.008785 0.008785 0.000000 -1584.211819
2.000000 14.000000 6.000000 10.000000 2172.869826 0.003353 0.008107 0.008107 0.000000 -226.342113
2.000000 15.000000 6.000000 10.000000 2348.147339 0.003625 0.008771 0.007344 0.000000 0.000000
2.000000 16.000000 6.000000 10.000000 4155.318193 0.006443 0.015691 0.006837 0.000000 0.000000
2.000000 17.000000 6.000000 10.000000 6300.942997 0.009823 0.024107 0.009823 9122.388152 0.000000
2.000000 18.000000 6.000000 10.000000 7404.260685 0.011575 0.028522 0.011575 15436.705035 0.000000
2.000000 19.000000 6.000000 10.000000 96011.825206 0.193086 0.819610 0.000000 0.000000 0.000000
2.000000 20.000000 6.000000 10.000000 8250.800868 0.012925 0.031950 0.000000 0.000000 -0.000000
2.000000 21.000000 6.000000 10.000000 4549.449864 0.007061 0.017220 0.000000 0.000000 -0.000000
2.000000 22.000000 6.000000 10.000000 3620.053801 0.005606 0.013625 0.000000 0.000000 0.000000
2.000000 23.000000 6.000000 10.000000 3106.171826 0.004804 0.011655 0.000000 0.000000 0.000000
2.000000 24.000000 6.000000 10.000000 2754.653023 0.004256 0.010314 0.000000 0.000000 0.000000
2.000000 1.000000 7.000000 10.000000 2497.259539 0.003856 0.009336 0.000000 0.000000 0.000000
2.000000 2.000000 7.000000 10.000000 2290.152297 0.003535 0.008551 0.000000 0.000000 0.000000
2.000000 3.000000 7.000000 10.000000 2122.623430 0.003275 0.007918 0.000000 0.000000 0.000000
2.000000 4.000000 7.000000 10.000000 1996.565196 0.003079 0.007442 0.000000 0.000000 -0.000000
2.000000 5.000000 7.000000 10.000000 1889.362257 0.002913 0.007038 0.000000 0.000000 -0.000000
2.000000 6.000000 7.000000 10.000000 1793.508085 0.002765 0.006677 0.000000 0.000000 -0.000000
2.000000 7.000000 7.000000 10.000000 1704.591258 0.002627 0.006342 0.000000 0.000000 -0.000000
2.000000 8.000000 7.000000 10.000000 2579.560714 0.003984 0.009648 0.006845 0.000000 0.000000
2.000000 9.000000 7.000000 10.000000 2510.099539 0.003876 0.009385 0.007790 0.000000 0.000000
2.000000 10.000000 7.000000 10.000000 3032.923757 0.004690 0.011375 0.008824 0.000000 0.000000
2.000000 11.000000 7.000000 10.000000 2727.853503 0.004215 0.010212 0.010212 0.000000 -2434.460546
2.000000 12.000000 7.000000 10.000000 2441.570882 0.003770 0.009125 0.009125 0.000000 -4724.253907
2.000000 13.000000 7.000000 10.000000 2326.041200 0.003590 0.008687 0.008687 0.000000 -4331.077483
2.000000 14.000000 7.000000 10.000000 2135.375566 0.003294 0.007966 0.007966 0.000000 -101.807350
2.000000 15.000000 7.000000 10.000000 2410.825553 0.003722 0.009008 0.007741 0.000000 0.000000
2.000000 16.000000 7.000000 10.000000 4302.568375 0.006674 0.016262 0.007377 0.000000 0.000000
2.000000 17.000000 7.000000 10.000000 6561.419022 0.010235 0.025144 0.010235 9241.500783 0.000000
2.000000 18.000000 7.000000 10.000000 7722.154332 0.012081 0.029805 0.012081 15360.368294 0.000000
2.000000 19.000000 7.000000 10.000000 98573.586291 0.199894 0.872141 0.000000 0.000000 0.000000
2.000000 20.000000 7.000000 10.000000 8603.581961 0.013490 0.033390 0.000000 0.000000 -0.000000
2.000000 21.000000 7.000000 10.000000 4771.471707 0.007410 0.018085 0.000000 0.000000 -0.000000
2.000000 22.000000 7.000000 10.000000 3791.708405 0.005874 0.014286 0.000000 0.000000 0.000000
2.000000 23.000000 7.000000 10.000000 3258.289656 0.005041 0.012237 0.000000 0.000000 0.000000
2.000000 24.000000 7.000000 10.000000 2894.750049 0.004474 0.010848 0.000000 0.000000 0.000000
2.000000 1.000000 1.000000 10.000000 2617.639607 0.004043 0.009793 0.000000 0.000000 0.000000
2.000000 2.000000 1.000000 10.000000 2389.297780 0.003689 0.008927 0.000000 0.000000 0.000000
2.000000 3.000000 1.000000 10.000000 2207.982835 0.003407 0.008240 0.000000 0.000000 0.000000
2.000000 4.000000 1.000000 10.000000 2057.917250 0.003174 0.007673 0.000000 0.000000 0.000000
2.000000 5.000000 1.000000 10.000000 1930.996799 0.002978 0.007195 0.000000 0.000000 -0.000000
2.000000 6.000000 1.000000 10.000000 1820.712950 0.002807 0.006779 0.000000 0.000000 -0.000000
2.000000 7.000000 1.000000 10.000000 1731.885999 0.002669 0.006445 0.000000 0.000000 -0.000000
2.000000 8.000000 1.000000 10.000000 2546.610085 0.003933 0.009523 0.007624 0.000000 0.000000
2.000000 9.000000 1.000000 10.000000 2525.831737 0.003901 0.009444 0.007703 0.000000 0.000000
2.000000 10.000000 1.000000 10.000000 3110.869689 0.004811 0.011673 0.009304 0.000000 0.000000
2.000000 11.000000 1.000000 10.000000 2684.542117 0.004147 0.010047 0.010047 0.000000 -4393.382887
2.000000 12.000000 1.000000 10.000000 2373.426727 0.003664 0.008866 0.008866 0.000000 -6481.733980
2.000000 13.000000 1.000000 10.000000 2236.863785 0.003452 0.008349 0.008349 0.000000 -6324.389262
2.000000 14.000000 1.000000 10.000000 2037.353503 0.003142 0.007596 0.007596 0.000000 -7638.121132
2.000000 15.000000 1.000000 10.000000 2592.644089 0.004004 0.009698 0.008729 0.000000 0.000000
2.000000 16.000000 1.000000 10.000000 4631.840652 0.007191 0.017541 0.007587 0.000000 0.000000
2.000000 17.000000 1.000000 10.000000 6966.879988 0.010879 0.026765 0.010879 9967.199962 0.000000
2.000000 18.000000 1.000000 10.000000 8141.628613 0.012751 0.031506 0.012751 16594.180168 0.000000
2.000000 19.000000 1.000000 10.000000 101702.112032 0.208363 0.941730 0.000000 0.000000 0.000000
2.000000 20.000000 1.000000 10.000000 8857.284937 0.013897 0.034429 0.000000 0.000000 -0.000000
2.000000 21.000000 1.000000 10.000000 4876.299522 0.007575 0.018494 0.000000 0.000000 -0.000000
2.000000 22.000000 1.000000 10.000000 3870.865338 0.005998 0.014592 0.000000 0.000000 0.000000
2.000000 23.000000 1.000000 10.000000 3293.503150 0.005096 0.012372 0.000000 0.000000 0.000000
2.000000 24.000000 1.000000 10.000000 2896.235081 0.004477 0.010854 0.000000 0.000000 0.000000
2.000000 1.000000 2.000000 10.000000 2576.225694 0.003979 0.009636 0.000000 0.000000 0.000000
2.000000 2.000000 2.000000 10.000000 2349.812151 0.003627 0.008777 0.000000 0.000000 0.000000
2.000000 3.000000 2.000000 10.000000 2154.352338 0.003324 0.008037 0.000000 0.000000 -0.000000
2.000000 4.000000 2.000000 10.000000 1984.843023 0.003061 0.007398 0.000000 0.000000 -0.000000
2.000000 5.000000 2.000000 10.000000 1836.071014 0.002831 0.006837 0.000000 0.000000 -0.000000
2.000000 6.000000 2.000000 10.000000 1733.787154 0.002672 0.006452 0.000000 0.000000 -0.000000
2.000000 7.000000 2.000000 10.000000 1620.509714 0.002497 0.006026 0.000000 0.000000 -0.000000
2.000000 8.000000 2.000000 10.000000 2651.281738 0.004096 0.009921 0.007475 0.000000 0.000000
2.000000 9.000000 2.000000 10.000000 2479.403861 0.003828 0.009268 0.008127 0.000000 0.000000
2.000000 10.000000 2.000000 10.000000 3111.303969 0.004812 0.011675 0.010396 0.000000 0.000000
2.000000 11.000000 2.000000 10.000000 2657.556165 0.004105 0.009945 0.009945 0.000000 -5035.711189
2.000000 12.000000 2.000000 10.000000 2346.116942 0.003621 0.008763 0.008763 0.000000 -6729.810361
2.000000 13.000000 2.000000 10.000000 2172.522582 0.003352 0.008106 0.008106 0.000000 -9458.927836
2.000000 14.000000 2.000000 10.000000 1943.156953 0.002996 0.007240 0.007240 0.000000 -11428.247194
2.000000 15.000000 2.000000 10.000000 2827.729509 0.004370 0.010592 0.009678 0.000000 0.000000
2.000000 16.000000 2.000000 10.000000 5038.237176 0.007829 0.019127 0.008401 0.000000 0.000000
2.000000 17.000000 2.000000 10.000000 7523.674903 0.011765 0.029003 0.011765 9111.734345 0.000000
2.000000 18.000000 2.000000 10.000000 8638.452930 0.013546 0.033532 0.013546 16323.754467 0.000000
2.000000 19.000000 2.000000 10.000000 105553.361489 0.219032 1.036837 0.000000 0.000000 0.000000
2.000000 20.000000 2.000000 10.000000 9235.143354 0.014503 0.035983 0.000000 0.000000 -0.000000
2.000000 21.000000 2.000000 10.000000 5112.130564 0.007946 0.019417 0.000000 0.000000 -0.000000
2.000000 22.000000 2.000000 10.000000 4070.617245 0.006310 0.015363 0.000000 0.000000 0.000000
2.000000 23.000000 2.000000 10.000000 3485.589880 0.005396 0.013109 0.000000 0.000000 0.000000
2.000000 24.000000 2.000000 10.000000 3056.372574 0.004726 0.011465 0.000000 0.000000 0.000000
2.000000 1.000000 3.000000 10.000000 2731.213823 0.004220 0.010225 0.000000 0.000000 0.000000
2.000000 2.000000 3.000000 10.000000 2477.000347 0.003825 0.009259 0.000000 0.000000 0.000000
2.000000 3.000000 3.000000 10.000000 2269.650485 0.003503 0.008473 0.000000 0.000000 -0.000000
2.000000 4.000000 3.000000 10.000000 2087.294238 0.003220 0.007784 0.000000 0.000000 -0.000000
2.000000 5.000000 3.000000 10.000000 1932.151913 0.002979 0.007199 0.000000 0.000000 -0.000000
2.000000 6.000000 3.000000 10.000000 1809.510719 0.002789 0.006737 0.000000 0.000000 -0.000000
2.000000 7.000000 3.000000 10.000000 1688.883557 0.002603 0.006283 0.000000 0.000000 -0.000000
2.000000 8.000000 3.000000 10.000000 3218.870977 0.004979 0.012086 0.000000 0.000000 0.000000
2.000000 9.000000 3.000000 10.000000 4477.007680 0.006947 0.016939 0.000000 0.000000 0.000000
2.000000 10.000000 3.000000 10.000000 5939.838676 0.009251 0.022675 0.000000 0.000000 0.000000
2.000000 11.000000 3.000000 10.000000 7577.509626 0.011851 0.029221 0.000000 0.000000 0.000000
2.000000 12.000000 3.000000 10.000000 9195.877226 0.014440 0.035821 0.000000 0.000000 0.000000
2.000000 13.000000 3.000000 10.000000 10362.223006 0.016320 0.040661 0.000000 0.000000 0.000000
2.000000 14.000000 3.000000 10.000000 12146.814736 0.019217 0.048207 0.000000 0.000000 0.000000
2.000000 15.000000 3.000000 10.000000 39230.703056 0.066658 0.188219 0.000000 0.000000 0.000000
2.000000 16.000000 3.000000 10.000000 109740.660086 0.230947 1.154299 0.000000 0.000000 0.000000
2.000000 17.000000 3.000000 10.000000 229628.961349 0.813049 -2.350945 0.000000 0.000000 -0.000000
2.000000 18.000000 3.000000 10.000000 329310.132440 2.695503 -1.276721 0.000000 0.000000 -0.000000
2.000000 19.000000 3.000000 10.000000 191715.831251 0.558315 -5.220793 -0.000000 0.000000 -0.000000
2.000000 20.000000 3.000000 10.000000 12638.382659 0.020020 0.050315 0.000000 0.000000 0.000000
2.000000 21.000000 3.000000 10.000000 6437.842489 0.010039 0.024652 0.000000 0.000000 0.000000
2.000000 22.000000 3.000000 10.000000 4949.829173 0.007690 0.018782 0.000000 0.000000 0.000000
2.000000 23.000000 3.000000 10.000000 4123.835511 0.006394 0.015569 0.000000 0.000000 0.000000
2.000000 24.000000 3.000000 10.000000 3526.466250 0.005459 0.013266 0.000000 0.000000 0.000000
2.000000 1.000000 4.000000 10.000000 3097.523276 0.004790 0.011622 0.000000 0.000000 0.000000
2.000000 2.000000 4.000000 10.000000 2766.530330 0.004275 0.010359 0.000000 0.000000 0.000000
2.000000 3.000000 4.000000 10.000000 2519.166119 0.003890 0.009419 0.000000 0.000000 0.000000
2.000000 4.000000 4.000000 10.000000 2305.518971 0.003558 0.008609 0.000000 0.000000 0.000000
2.000000 5.000000 4.000000 10.000000 2134.617735 0.003293 0.007963 0.000000 0.000000 0.000000
2.000000 6.000000 4.000000 10.000000 1998.972917 0.003083 0.007451 0.000000 0.000000 -0.000000
2.000000 7.000000 4.000000 10.000000 1881.262750 0.002901 0.007007 0.000000 0.000000 -0.000000
2.000000 8.000000 4.000000 10.000000 3501.349134 0.005420 0.013169 0.000000 0.000000 0.000000
2.000000 9.000000 4.000000 10.000000 4690.686680 0.007283 0.017770 0.000000 0.000000 0.000000
2.000000 10.000000 4.000000 10.000000 6044.386850 0.009417 0.023089 0.000000 0.000000 0.000000
2.000000 11.000000 4.000000 10.000000 7856.871529 0.012296 0.030350 0.000000 0.000000 0.000000
2.000000 12.000000 4.000000 10.000000 9545.561136 0.015003 0.037265 0.000000 0.000000 0.000000
2.000000 13.000000 4.000000 10.000000 10577.123005 0.016667 0.041561 0.000000 0.000000 0.000000
2.000000 14.000000 4.000000 10.000000 12084.066347 0.019115 0.047938 0.000000 0.000000 0.000000
2.000000 15.000000 4.000000 10.000000 38456.652591 0.065205 0.183410 0.000000 0.000000 0.000000
2.000000 16.000000 4.000000 10.000000 107848.181989 0.225521 1.099215 0.000000 0.000000 0.000000
2.000000 17.000000 4.000000 10.000000 226419.522831 0.787302 -2.447374 0.000000 0.000000 -0.000000
2.000000 18.000000 4.000000 10.000000 324538.183798 2.499483 -1.296792 0.000000 0.000000 -0.000000
2.000000 19.000000 4.000000 10.000000 188168.697336 0.539033 -6.066278 -0.000000 0.000000 -0.000000
2.000000 20.000000 4.000000 10.000000 12268.008213 0.019415 0.048725 0.000000 0.000000 0.000000
2.000000 21.000000 4.000000 10.000000 6239.904643 0.009726 0.023865 0.000000 0.000000 0.000000
2.000000 22.000000 4.000000 10.000000 4790.245037 0.007439 0.018158 0.000000 0.000000 0.000000
2.000000 23.000000 4.000000 10.000000 3998.575964 0.006198 0.015085 0.000000 0.000000 0.000000
2.000000 24.000000 4.000000 10.000000 3446.002592 0.005334 0.012957 0.000000 0.000000 0.000000
2.000000 1.000000 5.000000 10.000000 3033.299000 0.004690 0.011377 0.000000 0.000000 0.000000
2.000000 2.000000 5.000000 10.000000 2707.217622 0.004183 0.010134 0.000000 0.000000 0.000000
2.000000 3.000000 5.000000 10.000000 2456.909887 0.003794 0.009183 0.000000 0.000000 0.000000
2.000000 4.000000 5.000000 10.000000 2253.195610 0.003477 0.008411 0.000000 0.000000 0.000000
2.000000 5.000000 5.000000 10.000000 2096.585922 0.003234 0.007819 0.000000 0.000000 0.000000
2.000000 6.000000 5.000000 10.000000 1979.873950 0.003053 0.007379 0.000000 0.000000 -0.000000
2.000000 7.000000 5.000000 10.000000 1854.535639 0.002859 0.006906 0.000000 0.000000 -0.000000
2.000000 8.000000 5.000000 10.000000 2462.262692 0.003802 0.009203 0.007924 0.000000 0.000000
2.000000 9.000000 5.000000 10.000000 2565.775815 0.003963 0.009596 0.008259 0.000000 0.000000
2.000000 10.000000 5.000000 10.000000 3005.127288 0.004646 0.011269 0.010264 0.000000 0.000000
2.000000 11.000000 5.000000 10.000000 2643.630633 0.004084 0.009892 0.009892 0.000000 -858.409357
2.000000 12.000000 5.000000 10.000000 2374.226794 0.003665 0.008869 0.008869 0.000000 -1907.481309
2.000000 13.000000 5.000000 10.000000 2241.237995 0.003459 0.008366 0.008366 0.000000 -1199.619696
2.000000 14.000000 5.000000 10.000000 2052.537820 0.003166 0.007653 0.007653 0.000000 -2486.638529
2.000000 15.000000 5.000000 10.000000 2441.400514 0.003769 0.009124 0.007649 0.000000 0.000000
2.000000 16.000000 5.000000 10.000000 4275.874356 0.006632 0.016158 0.006796 0.000000 0.000000
2.000000 17.000000 5.000000 10.000000 6357.921205 0.009913 0.024334 0.009913 9181.986946 0.000000
2.000000 18.000000 5.000000 10.000000 7335.192287 0.011465 0.028244 0.011465 15565.952261 0.000000
2.000000 19.000000 5.000000 10.000000 95705.619741 0.192280 0.813577 0.000000 0.000000 0.000000
2.000000 20.000000 5.000000 10.000000 8175.296854 0.012805 0.031643 0.000000 0.000000 -0.000000
2.000000 21.000000 5.000000 10.000000 4500.708586 0.006985 0.017031 0.000000 0.000000 -0.000000
2.000000 22.000000 5.000000 10.000000 3577.927737 0.005540 0.013463 0.000000 0.000000 0.000000
2.000000 23.000000 5.000000 10.000000 3057.371678 0.004728 0.011469 0.000000 0.000000 0.000000
2.000000 24.000000 5.000000 10.000000 2678.801815 0.004138 0.010026 0.000000 0.000000 0.000000
2.000000 1.000000 6.000000 10.000000 2405.467675 0.003714 0.008988 0.000000 0.000000 0.000000
2.000000 2.000000 6.000000 10.000000 2198.885067 0.003393 0.008206 0.000000 0.000000 0.000000
2.000000 3.000000 6.000000 10.000000 2009.659444 0.003100 0.007491 0.000000 0.000000 0.000000
2.000000 4.000000 6.000000 10.000000 1855.714198 0.002861 0.006911 0.000000 0.000000 -0.000000
2.000000 5.000000 6.000000 10.000000 1731.797086 0.002669 0.006445 0.000000 0.000000 -0.000000
2.000000 6.000000 6.000000 10.000000 1636.698955 0.002522 0.006087 0.000000 0.000000 -0.000000
2.000000 7.000000 6.000000 10.000000 1556.913288 0.002399 0.005788 0.000000 0.000000 -0.000000
2.000000 8.000000 6.000000 10.000000 2712.130708 0.004190 0.010152 0.007265 0.000000 0.000000
2.000000 9.000000 6.000000 10.000000 2347.102259 0.003623 0.008767 0.007237 0.000000 0.000000
2.000000 10.000000 6.000000 10.000000 2965.209931 0.004584 0.011117 0.009872 0.000000 0.000000
2.000000 11.000000 6.000000 10.000000 2721.371808 0.004205 0.010188 0.010188 0.000000 -1199.081461
2.000000 12.000000 6.000000 10.000000 2373.201463 0.003664 0.008866 0.008866 0.000000 -3533.706205
2.000000 13.000000 6.000000 10.000000 2195.458097 0.003388 0.008193 0.008193 0.000000 -5790.852652
2.000000 14.000000 6.000000 10.000000 1998.795973 0.003083 0.007450 0.007450 0.000000 -9410.756221
2.000000 15.000000 6.000000 10.000000 2681.334725 0.004142 0.010035 0.009133 0.000000 0.000000
2.000000 16.000000 6.000000 10.000000 4750.257877 0.007377 0.018003 0.008075 0.000000 0.000000
2.000000 17.000000 6.000000 10.000000 7086.203287 0.011068 0.027243 0.011068 9563.213734 0.000000
2.000000 18.000000 6.000000 10.000000 8249.873909 0.012924 0.031947 0.012924 17208.028283 0.000000
2.000000 19.000000 6.000000 10.000000 102529.346691 0.210632 0.961227 0.000000 0.000000 0.000000
2.000000 20.000000 6.000000 10.000000 8892.643831 0.013953 0.034574 0.000000 0.000000 -0.000000
2.000000 21.000000 6.000000 10.000000 4908.866109 0.007626 0.018622 0.000000 0.000000 -0.000000
2.000000 22.000000 6.000000 10.000000 3884.246524 0.006019 0.014643 0.000000 0.000000 0.000000
2.000000 23.000000 6.000000 10.000000 3308.837349 0.005120 0.012431 0.000000 0.000000 0.000000
2.000000 24.000000 6.000000 10.000000 2887.836899 0.004464 0.010822 0.000000 0.000000 0.000000
2.000000 1.000000 7.000000 10.000000 2569.634367 0.003969 0.009611 0.000000 0.000000 0.000000
2.000000 2.000000 7.000000 10.000000 2322.425768 0.003585 0.008673 0.000000 0.000000 0.000000
2.000000 3.000000 7.000000 10.000000 2113.695660 0.003261 0.007884 0.000000 0.000000 -0.000000
2.000000 4.000000 7.000000 10.000000 1933.761485 0.002982 0.007205 0.000000 0.000000 -0.000000
2.000000 5.000000 7.000000 10.000000 1785.937311 0.002753 0.006648 0.000000 0.000000 -0.000000
2.000000 6.000000 7.000000 10.000000 1683.161275 0.002594 0.006262 0.000000 0.000000 -0.000000
2.000000 7.000000 7.000000 10.000000 1566.034116 0.002413 0.005822 0.000000 0.000000 -0.000000
2.000000 8.000000 7.000000 10.000000 2673.395758 0.004130 0.010005 0.006340 0.000000 0.000000
2.000000 9.000000 7.000000 10.000000 2534.666183 0.003914 0.009478 0.007488 0.000000 0.000000
2.000000 10.000000 7.000000 10.000000 3104.741721 0.004802 0.011650 0.008994 0.000000 0.000000
2.000000 11.000000 7.000000 10.000000 2618.791186 0.004045 0.009797 0.009797 0.000000 -95.228261
2.000000 12.000000 7.000000 10.000000 2276.766747 0.003514 0.008500 0.008500 0.000000 -1694.785373
2.000000 13.000000 7.000000 10.000000 2118.974781 0.003269 0.007904 0.007904 0.000000 -1571.214532
2.000000 14.000000 7.000000 10.000000 1925.040824 0.002968 0.007172 0.007172 0.000000 -5461.929554
2.000000 15.000000 7.000000 10.000000 2819.999093 0.004358 0.010563 0.007981 0.000000 0.000000
2.000000 16.000000 7.000000 10.000000 5039.655571 0.007832 0.019133 0.007832 1206.501886 0.000000
2.000000 17.000000 7.000000 10.000000 7625.900971 0.011928 0.029416 0.011928 12618.397822 0.000000
2.000000 18.000000 7.000000 10.000000 8753.182670 0.013730 0.034002 0.013730 19467.103479 0.000000
2.000000 19.000000 7.000000 10.000000 105232.610321 0.218133 1.028476 0.000000 0.000000 0.000000
2.000000 20.000000 7.000000 10.000000 9216.593896 0.014474 0.035906 0.000000 0.000000 -0.000000
2.000000 21.000000 7.000000 10.000000 5119.137283 0.007957 0.019444 0.000000 0.000000 -0.000000
2.000000 22.000000 7.000000 10.000000 4073.652265 0.006315 0.015375 0.000000 0.000000 0.000000
2.000000 23.000000 7.000000 10.000000 3484.934592 0.005395 0.013106 0.000000 0.000000 0.000000
2.000000 24.000000 7.000000 10.000000 3059.520327 0.004731 0.011477 0.000000 0.000000 0.000000
2.000000 1.000000 1.000000 10.000000 2723.300258 0.004208 0.010195 0.000000 0.000000 0.000000
2.000000 2.000000 1.000000 10.000000 2461.630079 0.003801 0.009201 0.000000 0.000000 0.000000
2.000000 3.000000 1.000000 10.000000 2245.608029 0.003465 0.008382 0.000000 0.000000 0.000000
2.000000 4.000000 1.000000 10.000000 2065.293289 0.003186 0.007701 0.000000 0.000000 -0.000000
2.000000 5.000000 1.000000 10.000000 1911.971451 0.002948 0.007123 0.000000 0.000000 -0.000000
2.000000 6.000000 1.000000 10.000000 1807.525767 0.002786 0.006730 0.000000 0.000000 -0.000000
2.000000 7.000000 1.000000 10.000000 1706.922836 0.002631 0.006351 0.000000 0.000000 -0.000000
2.000000 8.000000 1.000000 10.000000 2559.179167 0.003952 0.009571 0.007715 0.000000 0.000000
2.000000 9.000000 1.000000 10.000000 2573.718526 0.003975 0.009626 0.008780 0.000000 0.000000
2.000000 10.000000 1.000000 10.000000 3076.199763 0.004757 0.011540 0.009663 0.000000 0.000000
2.000000 11.000000 1.000000 10.000000 2670.940648 0.004126 0.009996 0.009431 0.000000 0.000000
2.000000 12.000000 1.000000 10.000000 2385.318491 0.003682 0.008911 0.008911 0.000000 -963.004293
2.000000 13.000000 1.000000 10.000000 2253.864841 0.003478 0.008414 0.008414 0.000000 -2795.863989
2.000000 14.000000 1.000000 10.000000 2072.292359 0.003197 0.007727 0.007727 0.000000 -4237.578008
2.000000 15.000000 1.000000 10.000000 2446.407495 0.003777 0.009143 0.007296 0.000000 0.000000
2.000000 16.000000 1.000000 10.000000 4408.435165 0.006840 0.016672 0.006840 690.307967 0.000000
2.000000 17.000000 1.000000 10.000000 6788.872006 0.010596 0.026052 0.010596 10170.692789 0.000000
2.000000 18.000000 1.000000 10.000000 7906.227120 0.012375 0.030550 0.012375 15882.456824 0.000000
2.000000 19.000000 1.000000 10.000000 99816.536564 0.203238 0.899034 0.000000 0.000000 0.000000
2.000000 20.000000 1.000000 10.000000 8536.797759 0.013383 0.033117 0.000000 0.000000 -0.000000
2.000000 21.000000 1.000000 10.000000 4687.767446 0.007278 0.017759 0.000000 0.000000 -0.000000
2.000000 22.000000 1.000000 10.000000 3692.787223 0.005719 0.013905 0.000000 0.000000 0.000000
2.000000 23.000000 1.000000 10.000000 3141.987801 0.004860 0.011792 0.000000 0.000000 0.000000
2.000000 24.000000 1.000000 10.000000 2781.504684 0.004298 0.010416 0.000000 0.000000 0.000000
2.000000 1.000000 2.000000 10.000000 2542.197515 0.003926 0.009507 0.000000 0.000000 0.000000
2.000000 2.000000 2.000000 10.000000 2343.525247 0.003617 0.008753 0.000000 0.000000 0.000000
2.000000 3.000000 2.000000 10.000000 2171.109979 0.003350 0.008101 0.000000 0.000000 -0.000000
2.000000 4.000000 2.000000 10.000000 2017.949416 0.003112 0.007522 0.000000 0.000000 -0.000000
2.000000 5.000000 2.000000 10.000000 1890.741983 0.002915 0.007043 0.000000 0.000000 -0.000000
2.000000 6.000000 2.000000 10.000000 1816.138930 0.002800 0.006762 0.000000 0.000000 -0.000000
2.000000 7.000000 2.000000 10.000000 1730.342230 0.002667 0.006439 0.000000 0.000000 -0.000000
2.000000 8.000000 2.000000 10.000000 2552.799977 0.003943 0.009547 0.007717 0.000000 0.000000
2.000000 9.000000 2.000000 10.000000 2608.396122 0.004029 0.009758 0.008518 0.000000 0.000000
2.000000 10.000000 2.000000 10.000000 3060.960903 0.004733 0.011482 0.010192 0.000000 0.000000
2.000000 11.000000 2.000000 10.000000 2668.289643 0.004122 0.009986 0.009986 0.000000 -1961.916369
2.000000 12.000000 2.000000 10.000000 2362.270130 0.003647 0.008824 0.008824 0.000000 -5249.570885
2.000000 13.000000 2.000000 10.000000 2227.827960 0.003438 0.008315 0.008315 0.000000 -6165.744191
2.000000 14.000000 2.000000 10.000000 2052.936719 0.003167 0.007654 0.007654 0.000000 -5533.813599
2.000000 15.000000 2.000000 10.000000 2518.256084 0.003889 0.009416 0.007632 0.000000 0.000000
2.000000 16.000000 2.000000 10.000000 4468.568643 0.006934 0.016906 0.007167 0.000000 0.000000
2.000000 17.000000 2.000000 10.000000 6725.738953 0.010496 0.025800 0.010496 10123.108407 0.000000
2.000000 18.000000 2.000000 10.000000 7794.097180 0.012196 0.030096 0.012196 15722.991708 0.000000
2.000000 19.000000 2.000000 10.000000 99045.026971 0.201159 0.882229 0.000000 0.000000 0.000000
2.000000 20.000000 2.000000 10.000000 8586.886310 0.013463 0.033322 0.000000 0.000000 -0.000000
2.000000 21.000000 2.000000 10.000000 4782.890941 0.007428 0.018130 0.000000 0.000000 -0.000000
2.000000 22.000000 2.000000 10.000000 3827.290209 0.005930 0.014424 0.000000 0.000000 0.000000
2.000000 23.000000 2.000000 10.000000 3268.335900 0.005057 0.012276 0.000000 0.000000 0.000000
2.000000 24.000000 2.000000 10.000000 2867.258705 0.004432 0.010743 0.000000 0.000000 0.000000
2.000000 1.000000 3.000000 10.000000 2578.299096 0.003982 0.009644 0.000000 0.000000 0.000000
2.000000 2.000000 3.000000 10.000000 2347.175693 0.003623 0.008767 0.000000 0.000000 0.000000
2.000000 3.000000 3.000000 10.000000 2163.199029 0.003338 0.008071 0.000000 0.000000 -0.000000
2.000000 4.000000 3.000000 10.000000 2008.961692 0.003098 0.007488 0.000000 0.000000 -0.000000
2.000000 5.000000 3.000000 10.000000 1886.973450 0.002909 0.007029 0.000000 0.000000 -0.000000
2.000000 6.000000 3.000000 10.000000 1786.009904 0.002753 0.006649 0.000000 0.000000 -0.000000
2.000000 7.000000 3.000000 10.000000 1702.086329 0.002623 0.006333 0.000000 0.000000 -0.000000
2.000000 8.000000 3.000000 10.000000 3250.988443 0.005030 0.012209 0.000000 0.000000 0.000000
2.000000 9.000000 3.000000 10.000000 4396.977498 0.006822 0.016628 0.000000 0.000000 0.000000
2.000000 10.000000 3.000000 10.000000 5920.641170 0.009221 0.022599 0.000000 0.000000 0.000000
2.000000 11.000000 3.000000 10.000000 7555.194717 0.011815 0.029131 0.000000 0.000000 0.000000
2.000000 12.000000 3.000000 10.000000 9191.929651 0.014434 0.035805 0.000000 0.000000 0.000000
2.000000 13.000000 3.000000 10.000000 10150.326543 0.015977 0.039776 0.000000 0.000000 0.000000
2.000000 14.000000 3.000000 10.000000 11698.301573 0.018487 0.046294 0.000000 0.000000 0.000000
2.000000 15.000000 3.000000 10.000000 37763.541688 0.063909 0.179152 0.000000 0.000000 0.000000
2.000000 16.000000 3.000000 10.000000 105569.878890 0.219079 1.037269 0.000000 0.000000 0.000000
2.000000 17.000000 3.000000 10.000000 218318.486620 0.726243 -2.746451 0.000000 0.000000 -0.000000
2.000000 18.000000 3.000000 10.000000 312594.753074 2.097335 -1.352869 0.000000 0.000000 -0.000000
2.000000 19.000000 3.000000 10.000000 181897.598755 0.506442 -8.687998 -0.000000 0.000000 -0.000000
2.000000 20.000000 3.000000 10.000000 11887.532996 0.018795 0.047100 0.000000 0.000000 0.000000
2.000000 21.000000 3.000000 10.000000 6089.105190 0.009487 0.023266 0.000000 0.000000 0.000000
2.000000 22.000000 3.000000 10.000000 4693.669998 0.007288 0.017782 0.000000 0.000000 0.000000
2.000000 23.000000 3.000000 10.000000 3915.755592 0.006068 0.014765 0.000000 0.000000 0.000000
2.000000 24.000000 3.000000 10.000000 3346.335255 0.005178 0.012574 0.000000 0.000000 0.000000
2.000000 1.000000 4.000000 10.000000 2955.365677 0.004569 0.011079 0.000000 0.000000 0.000000
2.000000 2.000000 4.000000 10.000000 2626.102250 0.004056 0.009825 0.000000 0.000000 0.000000
2.000000 3.000000 4.000000 10.000000 2360.952193 0.003645 0.008819 0.000000 0.000000 0.000000
2.000000 4.000000 4.000000 10.000000 2153.050207 0.003322 0.008033 0.000000 0.000000 0.000000
2.000000 5.000000 4.000000 10.000000 1983.480007 0.003059 0.007392 0.000000 0.000000 0.000000
2.000000 6.000000 4.000000 10.000000 1862.883943 0.002872 0.006938 0.000000 0.000000 -0.000000
2.000000 7.000000 4.000000 10.000000 1744.118277 0.002688 0.006491 0.000000 0.000000 -0.000000
2.000000 8.000000 4.000000 10.000000 3310.894281 0.005123 0.012439 0.000000 0.000000 0.000000
2.000000 9.000000 4.000000 10.000000 4436.156451 0.006883 0.016780 0.000000 0.000000 0.000000
2.000000 10.000000 4.000000 10.000000 5700.339529 0.008873 0.021729 0.000000 0.000000 0.000000
2.000000 11.000000 4.000000 10.000000 7406.203045 0.011578 0.028530 0.000000 0.000000 0.000000
2.000000 12.000000 4.000000 10.000000 8972.520155 0.014082 0.034902 0.000000 0.000000 0.000000
2.000000 13.000000 4.000000 10.000000 10028.030253 0.015780 0.039267 0.000000 0.000000 0.000000
2.000000 14.000000 4.000000 10.000000 11595.245085 0.018319 0.045856 0.000000 0.000000 0.000000
2.000000 15.000000 4.000000 10.000000 37591.253073 0.063588 0.178101 0.000000 0.000000 0.000000
2.000000 16.000000 4.000000 10.000000 104814.598320 0.216965 1.017706 0.000000 0.000000 0.000000
2.000000 17.000000 4.000000 10.000000 217673.043526 0.721605 -2.774550 0.000000 0.000000 -0.000000
2.000000 18.000000 4.000000 10.000000 311362.915125 2.061675 -1.359187 0.000000 0.000000 -0.000000
2.000000 19.000000 4.000000 10.000000 180597.980420 0.499915 -9.582200 -0.000000 0.000000 -0.000000
2.000000 20.000000 4.000000 10.000000 11616.934816 0.018354 0.045948 0.000000 0.000000 0.000000
2.000000 21.000000 4.000000 10.000000 5877.024472 0.009152 0.022427 0.000000 0.000000 0.000000
2.000000 22.000000 4.000000 10.000000 4498.094584 0.006981 0.017021 0.000000 0.000000 0.000000
2.000000 23.000000 4.000000 10.000000 3713.129198 0.005751 0.013984 0.000000 0.000000 0.000000
2.000000 24.000000 4.000000 10.000000 3163.426233 0.004893 0.011874 0.000000 0.000000 0.000000
2.000000 1.000000 5.000000 10.000000 2761.353663 0.004267 0.010340 0.000000 0.000000 0.000000
2.000000 2.000000 5.000000 10.000000 2442.274334 0.003771 0.009127 0.000000 0.000000 0.000000
2.000000 3.000000 5.000000 10.000000 2175.873148 0.003357 0.008119 0.000000 0.000000 0.000000
2.000000 4.000000 5.000000 10.000000 1964.394172 0.003029 0.007320 0.000000 0.000000 0.000000
2.000000 5.000000 5.000000 10.000000 1791.839516 0.002762 0.006670 0.000000 0.000000 0.000000
2.000000 6.000000 5.000000 10.000000 1670.592166 0.002574 0.006215 0.000000 0.000000 -0.000000
2.000000 7.000000 5.000000 10.000000 1556.716275 0.002398 0.005787 0.000000 0.000000 -0.000000
2.000000 8.000000 5.000000 10.000000 2717.339580 0.004198 0.010172 0.006512 0.000000 0.000000
2.000000 9.000000 5.000000 10.000000 2326.523120 0.003591 0.008689 0.007362 0.000000 0.000000
2.000000 10.000000 5.000000 10.000000 2947.620790 0.004557 0.011050 0.008968 0.000000 0.000000
2.000000 11.000000 5.000000 10.000000 2755.481595 0.004258 0.010317 0.009418 0.000000 0.000000
2.000000 12.000000 5.000000 10.000000 2438.843324 0.003765 0.009114 0.008643 0.000000 0.000000
2.000000 13.000000 5.000000 10.000000 2262.121641 0.003491 0.008445 0.008445 0.000000 -1047.171769
2.000000 14.000000 5.000000 10.000000 2062.087454 0.003181 0.007689 0.007689 0.000000 -859.458322
2.000000 15.000000 5.000000 10.000000 2542.644087 0.003927 0.009508 0.007550 0.000000 0.000000
2.000000 16.000000 5.000000 10.000000 4479.995945 0.006952 0.016950 0.006952 2159.572913 0.000000
2.000000 17.000000 5.000000 10.000000 6651.775198 0.010379 0.025504 0.010379 12274.547174 0.000000
2.000000 18.000000 5.000000 10.000000 7698.015127 0.012043 0.029708 0.012043 18078.340699 0.000000
2.000000 19.000000 5.000000 10.000000 97846.132159 0.197949 0.856839 0.000000 0.000000 0.000000
2.000000 20.000000 5.000000 10.000000 8339.319102 0.013067 0.032311 0.000000 0.000000 -0.000000
2.000000 21.000000 5.000000 10.000000 4542.264388 0.007050 0.017192 0.000000 0.000000 -0.000000
2.000000 22.000000 5.000000 10.000000 3587.030370 0.005554 0.013498 0.000000 0.000000 0.000000
2.000000 23.000000 5.000000 10.000000 3033.134476 0.004690 0.011376 0.000000 0.000000 0.000000
2.000000 24.000000 5.000000 10.000000 2621.877088 0.004050 0.009809 0.000000 0.000000 0.000000
2.000000 1.000000 6.000000 10.000000 2330.426558 0.003597 0.008704 0.000000 0.000000 0.000000
2.000000 2.000000 6.000000 10.000000 2097.926325 0.003236 0.007824 0.000000 0.000000 0.000000
2.000000 3.000000 6.000000 10.000000 1898.713828 0.002928 0.007073 0.000000 0.000000 0.000000
2.000000 4.000000 6.000000 10.000000 1728.676487 0.002664 0.006433 0.000000 0.000000 -0.000000
2.000000 5.000000 6.000000 10.000000 1592.197000 0.002453 0.005920 0.000000 0.000000 -0.000000
2.000000 6.000000 6.000000 10.000000 1499.684692 0.002310 0.005573 0.000000 0.000000 -0.000000
2.000000 7.000000 6.000000 10.000000 1415.728590 0.002180 0.005258 0.000000 0.000000 -0.000000
2.000000 8.000000 6.000000 10.000000 2841.512804 0.004392 0.010645 0.006715 0.000000 0.000000
2.000000 9.000000 6.000000 10.000000 2367.998744 0.003655 0.008846 0.008195 0.000000 0.000000
2.000000 10.000000 6.000000 10.000000 2924.794046 0.004521 0.010962 0.009373 0.000000 0.000000
2.000000 11.000000 6.000000 10.000000 2778.687262 0.004294 0.010406 0.010406 0.000000 -644.092781
2.000000 12.000000 6.000000 10.000000 2436.041014 0.003761 0.009104 0.009104 0.000000 -1361.116108
2.000000 13.000000 6.000000 10.000000 2228.721448 0.003439 0.008319 0.008319 0.000000 -4199.222287
2.000000 14.000000 6.000000 10.000000 2017.542258 0.003112 0.007521 0.007521 0.000000 -4106.724674
2.000000 15.000000 6.000000 10.000000 2680.415050 0.004141 0.010032 0.008292 0.000000 0.000000
2.000000 16.000000 6.000000 10.000000 4765.504778 0.007400 0.018062 0.007400 2083.459409 0.000000
2.000000 17.000000 6.000000 10.000000 7146.227303 0.011164 0.027484 0.011164 12217.925269 0.000000
2.000000 18.000000 6.000000 10.000000 8173.994786 0.012803 0.031638 0.012803 17743.258088 0.000000
2.000000 19.000000 6.000000 10.000000 101201.125429 0.206996 0.930154 0.000000 0.000000 0.000000
2.000000 20.000000 6.000000 10.000000 8665.056160 0.013588 0.033641 0.000000 0.000000 -0.000000
2.000000 21.000000 6.000000 10.000000 4721.191709 0.007331 0.017889 0.000000 0.000000 -0.000000
2.000000 22.000000 6.000000 10.000000 3730.405614 0.005778 0.014050 0.000000 0.000000 0.000000
2.000000 23.000000 6.000000 10.000000 3152.135773 0.004875 0.011831 0.000000 0.000000 0.000000
2.000000 24.000000 6.000000 10.000000 2729.198337 0.004217 0.010217 0.000000 0.000000 0.000000
2.000000 1.000000 7.000000 10.000000 2430.749022 0.003753 0.009084 0.000000 0.000000 0.000000
2.000000 2.000000 7.000000 10.000000 2188.035456 0.003376 0.008165 0.000000 0.000000 0.000000
2.000000 3.000000 7.000000 10.000000 2002.910093 0.003089 0.007466 0.000000 0.000000 0.000000
2.000000 4.000000 7.000000 10.000000 1836.425408 0.002831 0.006838 0.000000 0.000000 -0.000000
2.000000 5.000000 7.000000 10.000000 1702.788140 0.002624 0.006336 0.000000 0.000000 -0.000000
2.000000 6.000000 7.000000 10.000000 1604.308055 0.002472 0.005966 0.000000 0.000000 -0.000000
2.000000 7.000000 7.000000 10.000000 1505.417448 0.002319 0.005595 0.000000 0.000000 -0.000000
2.000000 8.000000 7.000000 10.000000 2761.513135 0.004267 0.010340 0.006895 0.000000 0.000000
2.000000 9.000000 7.000000 10.000000 2348.746194 0.003626 0.008773 0.007805 0.000000 0.000000
2.000000 10.000000 7.000000 10.000000 3058.110912 0.004729 0.011471 0.009621 0.000000 0.000000
2.000000 11.000000 7.000000 10.000000 2714.994068 0.004195 0.010163 0.010163 0.000000 -2261.199587
2.000000 12.000000 7.000000 10.000000 2357.191694 0.003639 0.008805 0.008805 0.000000 -5898.182202
2.000000 13.000000 7.000000 10.000000 2194.969282 0.003387 0.008191 0.008191 0.000000 -7105.278165
2.000000 14.000000 7.000000 10.000000 1999.602026 0.003084 0.007453 0.007453 0.000000 -6892.409547
2.000000 15.000000 7.000000 10.000000 2713.973115 0.004193 0.010159 0.009321 0.000000 0.000000
2.000000 16.000000 7.000000 10.000000 4790.895616 0.007440 0.018161 0.007796 0.000000 0.000000
2.000000 17.000000 7.000000 10.000000 7115.224260 0.011115 0.027360 0.011115 10330.869820 0.000000
2.000000 18.000000 7.000000 10.000000 8327.530167 0.013048 0.032263 0.013048 17639.047400 0.000000
2.000000 19.000000 7.000000 10.000000 103436.519601 0.213134 0.983176 0.000000 0.000000 0.000000
2.000000 20.000000 7.000000 10.000000 8998.572816 0.014123 0.035009 0.000000 0.000000 -0.000000
2.000000 21.000000 7.000000 10.000000 4949.647987 0.007690 0.018781 0.000000 0.000000 -0.000000
2.000000 22.000000 7.000000 10.000000 3923.213938 0.006080 0.014794 0.000000 0.000000 0.000000
2.000000 23.000000 7.000000 10.000000 3340.731396 0.005170 0.012553 0.000000 0.000000 0.000000
2.000000 24.000000 7.000000 10.000000 2941.230776 0.004547 0.011025 0.000000 0.000000 0.000000
2.000000 1.000000 1.000000 10.000000 2666.759160 0.004120 0.009980 0.000000 0.000000 0.000000
2.000000 2.000000 1.000000 10.000000 2421.398737 0.003738 0.009048 0.000000 0.000000 0.000000
2.000000 3.000000 1.000000 10.000000 2223.963457 0.003432 0.008301 0.000000 0.000000 -0.000000
2.000000 4.000000 1.000000 10.000000 2058.641014 0.003175 0.007676 0.000000 0.000000 -0.000000
2.000000 5.000000 1.000000 10.000000 1911.871365 0.002948 0.007122 0.000000 0.000000 -0.000000
2.000000 6.000000 1.000000 10.000000 1801.116274 0.002776 0.006705 0.000000 0.000000 -0.000000
2.000000 7.000000 1.000000 10.000000 1684.554589 0.002596 0.006267 0.000000 0.000000 -0.000000
2.000000 8.000000 1.000000 10.000000 2578.187062 0.003982 0.009643 0.006834 0.000000 0.000000
2.000000 9.000000 1.000000 10.000000 2577.543862 0.003981 0.009641 0.007993 0.000000 0.000000
2.000000 10.000000 1.000000 10.000000 3043.410602 0.004706 0.011415 0.009454 0.000000 0.000000
2.000000 11.000000 1.000000 10.000000 2610.084691 0.004032 0.009764 0.009764 0.000000 -1597.089065
2.000000 12.000000 1.000000 10.000000 2326.025298 0.003590 0.008687 0.008687 0.000000 -4075.198696
2.000000 13.000000 1.000000 10.000000 2191.354396 0.003381 0.008177 0.008177 0.000000 -7757.450950
2.000000 14.000000 1.000000 10.000000 2014.050576 0.003106 0.007508 0.007508 0.000000 -5194.474262
2.000000 15.000000 1.000000 10.000000 2609.507251 0.004031 0.009762 0.008444 0.000000 0.000000
2.000000 16.000000 1.000000 10.000000 4626.071468 0.007181 0.017519 0.007742 0.000000 0.000000
2.000000 17.000000 1.000000 10.000000 6925.354934 0.010813 0.026598 0.010813 8969.168664 0.000000
2.000000 18.000000 1.000000 10.000000 7979.637861 0.012492 0.030848 0.012492 15157.220781 0.000000
2.000000 19.000000 1.000000 10.000000 101098.355762 0.206715 0.927800 0.000000 0.000000 0.000000
2.000000 20.000000 1.000000 10.000000 8796.124894 0.013799 0.034178 0.000000 0.000000 -0.000000
2.000000 21.000000 1.000000 10.000000 4858.377821 0.007546 0.018424 0.000000 0.000000 -0.000000
2.000000 22.000000 1.000000 10.000000 3859.405362 0.005980 0.014547 0.000000 0.000000 0.000000
2.000000 23.000000 1.000000 10.000000 3299.771818 0.005106 0.012396 0.000000 0.000000 0.000000
2.000000 24.000000 1.000000 10.000000 2892.001237 0.004470 0.010837 0.000000 0.000000 0.000000
2.000000 1.000000 2.000000 10.000000 2599.073250 0.004014 0.009723 0.000000 0.000000 0.000000
2.000000 2.000000 2.000000 10.000000 2371.522166 0.003661 0.008859 0.000000 0.000000 0.000000
2.000000 3.000000 2.000000 10.000000 2179.613812 0.003363 0.008133 0.000000 0.000000 -0.000000
2.000000 4.000000 2.000000 10.000000 2026.323102 0.003125 0.007554 0.000000 0.000000 -0.000000
2.000000 5.000000 2.000000 10.000000 1889.672271 0.002914 0.007039 0.000000 0.000000 -0.000000
2.000000 6.000000 2.000000 10.000000 1770.650667 0.002729 0.006591 0.000000 0.000000 -0.000000
2.000000 7.000000 2.000000 10.000000 1677.847294 0.002586 0.006242 0.000000 0.000000 -0.000000
2.000000 8.000000 2.000000 10.000000 2598.124610 0.004013 0.009719 0.007057 0.000000 0.000000
2.000000 9.000000 2.000000 10.000000 2376.625505 0.003669 0.008879 0.007667 0.000000 0.000000
2.000000 10.000000 2.000000 10.000000 2850.316329 0.004405 0.010679 0.008423 0.000000 0.000000
2.000000 11.000000 2.000000 10.000000 2815.163906 0.004351 0.010545 0.010545 0.000000 -2886.743697
2.000000 12.000000 2.000000 10.000000 2379.622310 0.003673 0.008890 0.008890 0.000000 -14636.604641
2.000000 13.000000 2.000000 10.000000 2198.224186 0.003392 0.008203 0.008203 0.000000 -11259.256616
2.000000 14.000000 2.000000 10.000000 1988.951090 0.003067 0.007413 0.007413 0.000000 -8794.817657
2.000000 15.000000 2.000000 10.000000 2694.791202 0.004163 0.010086 0.009693 0.000000 0.000000
2.000000 16.000000 2.000000 10.000000 4766.374625 0.007402 0.018065 0.008956 0.000000 0.000000
2.000000 17.000000 2.000000 10.000000 7017.333877 0.010959 0.026967 0.010959 8986.264286 0.000000
2.000000 18.000000 2.000000 10.000000 8030.774673 0.012574 0.031056 0.012574 15332.592263 0.000000
2.000000 19.000000 2.000000 10.000000 101277.976277 0.207205 0.931918 0.000000 0.000000 0.000000
2.000000 20.000000 2.000000 10.000000 8782.407129 0.013777 0.034122 0.000000 0.000000 -0.000000
2.000000 21.000000 2.000000 10.000000 4849.328828 0.007532 0.018389 0.000000 0.000000 -0.000000
2.000000 22.000000 2.000000 10.000000 3856.357516 0.005975 0.014536 0.000000 0.000000 0.000000
2.000000 23.000000 2.000000 10.000000 3288.092946 0.005087 0.012351 0.000000 0.000000 0.000000
2.000000 24.000000 2.000000 10.000000 2860.937124 0.004422 0.010719 0.000000 0.000000 0.000000
2.000000 1.000000 3.000000 10.000000 2564.777691 0.003961 0.009592 0.000000 0.000000 0.000000
2.000000 2.000000 3.000000 10.000000 2335.393796 0.003605 0.008722 0.000000 0.000000 0.000000
2.000000 3.000000 3.000000 10.000000 2140.699291 0.003303 0.007986 0.000000 0.000000 -0.000000
2.000000 4.000000 3.000000 10.000000 1975.066381 0.003046 0.007361 0.000000 0.000000 -0.000000
2.000000 5.000000 3.000000 10.000000 1841.213777 0.002839 0.006856 0.000000 0.000000 -0.000000
2.000000 6.000000 3.000000 10.000000 1732.684751 0.002671 0.006448 0.000000 0.000000 -0.000000
2.000000 7.000000 3.000000 10.000000 1627.155422 0.002507 0.006051 0.000000 0.000000 -0.000000
2.000000 8.000000 3.000000 10.000000 3229.048733 0.004995 0.012125 0.000000 0.000000 0.000000
2.000000 9.000000 3.000000 10.000000 4657.998453 0.007232 0.017643 0.000000 0.000000 0.000000
2.000000 10.000000 3.000000 10.000000 6280.963647 0.009791 0.024028 0.000000 0.000000 0.000000
2.000000 11.000000 3.000000 10.000000 8204.879137 0.012852 0.031763 0.000000 0.000000 0.000000
2.000000 12.000000 3.000000 10.000000 10187.848515 0.016038 0.039933 0.000000 0.000000 0.000000
2.000000 13.000000 3.000000 10.000000 11572.500450 0.018282 0.045760 0.000000 0.000000 0.000000
2.000000 14.000000 3.000000 10.000000 13509.610839 0.021448 0.054085 0.000000 0.000000 0.000000
2.000000 15.000000 3.000000 10.000000 42611.303908 0.073077 0.209912 0.000000 0.000000 0.000000
2.000000 16.000000 3.000000 10.000000 116516.654429 0.250961 1.384180 0.000000 0.000000 0.000000
2.000000 17.000000 3.000000 10.000000 240338.543010 0.906215 -2.091844 0.000000 0.000000 -0.000000
2.000000 18.000000 3.000000 10.000000 344223.894367 3.505581 -1.221036 0.000000 0.000000 -0.000000
2.000000 19.000000 3.000000 10.000000 201775.525480 0.616655 -3.814662 -0.000000 0.000000 -0.000000
2.000000 20.000000 3.000000 10.000000 13628.007594 0.021642 0.054601 0.000000 0.000000 0.000000
2.000000 21.000000 3.000000 10.000000 6964.927182 0.010876 0.026757 0.000000 0.000000 0.000000
2.000000 22.000000 3.000000 10.000000 5327.996808 0.008286 0.020263 0.000000 0.000000 0.000000
2.000000 23.000000 3.000000 10.000000 4428.003727 0.006871 0.016748 0.000000 0.000000 0.000000
2.000000 24.000000 3.000000 10.000000 3796.782619 0.005882 0.014306 0.000000 0.000000 0.000000
2.000000 1.000000 4.000000 10.000000 3335.969276 0.005162 0.012535 0.000000 0.000000 0.000000
2.000000 2.000000 4.000000 10.000000 2989.906626 0.004623 0.011211 0.000000 0.000000 0.000000
2.000000 3.000000 4.000000 10.000000 2710.916024 0.004188 0.010148 0.000000 0.000000 0.000000
2.000000 4.000000 4.000000 10.000000 2472.278868 0.003817 0.009241 0.000000 0.000000 0.000000
2.000000 5.000000 4.000000 10.000000 2276.841883 0.003514 0.008501 0.000000 0.000000 0.000000
2.000000 6.000000 4.000000 10.000000 2137.266250 0.003297 0.007973 0.000000 0.000000 0.000000
2.000000 7.000000 4.000000 10.000000 1988.599799 0.003067 0.007412 0.000000 0.000000 -0.000000
2.000000 8.000000 4.000000 10.000000 3805.487196 0.005896 0.014339 0.000000 0.000000 0.000000
2.000000 9.000000 4.000000 10.000000 5369.452291 0.008351 0.020426 0.000000 0.000000 0.000000
2.000000 10.000000 4.000000 10.000000 7112.312093 0.011110 0.027348 0.000000 0.000000 0.000000
2.000000 11.000000 4.000000 10.000000 9003.502341 0.014131 0.035029 0.000000 0.000000 0.000000
2.000000 12.000000 4.000000 10.000000 10838.428354 0.017090 0.042658 0.000000 0.000000 0.000000
2.000000 13.000000 4.000000 10.000000 11845.646654 0.018726 0.046921 0.000000 0.000000 0.000000
2.000000 14.000000 4.000000 10.000000 13549.099150 0.021512 0.054257 0.000000 0.000000 0.000000
2.000000 15.000000 4.000000 10.000000 42785.681957 0.073411 0.211062 0.000000 0.000000 0.000000
2.000000 16.000000 4.000000 10.000000 117698.204914 0.254547 1.430498 0.000000 0.000000 0.000000
2.000000 17.000000 4.000000 10.000000 243615.686671 0.937190 -2.027396 0.000000 0.000000 -0.000000
2.000000 18.000000 4.000000 10.000000 346639.471398 3.675551 -1.212896 0.000000 0.000000 -0.000000
2.000000 19.000000 4.000000 10.000000 202206.914058 0.619286 -3.773342 -0.000000 0.000000 -0.000000
2.000000 20.000000 4.000000 10.000000 13544.862665 0.021506 0.054239 0.000000 0.000000 0.000000
2.000000 21.000000 4.000000 10.000000 6906.216533 0.010782 0.026522 0.000000 0.000000 0.000000
2.000000 22.000000 4.000000 10.000000 5271.809250 0.008197 0.020043 0.000000 0.000000 0.000000
2.000000 23.000000 4.000000 10.000000 4362.385592 0.006768 0.016494 0.000000 0.000000 0.000000
2.000000 24.000000 4.000000 10.000000 3717.094488 0.005757 0.013999 0.000000 0.000000 0.000000
2.000000 1.000000 5.000000 10.000000 3275.093767 0.005067 0.012301 0.000000 0.000000 0.000000
2.000000 2.000000 5.000000 10.000000 2935.037791 0.004537 0.011002 0.000000 0.000000 0.000000
2.000000 3.000000 5.000000 10.000000 2658.295801 0.004107 0.009948 0.000000 0.000000 0.000000
2.000000 4.000000 5.000000 10.000000 2421.308873 0.003738 0.009048 0.000000 0.000000 0.000000
2.000000 5.000000 5.000000 10.000000 2235.412676 0.003450 0.008344 0.000000 0.000000 0.000000
2.000000 6.000000 5.000000 10.000000 2086.044322 0.003218 0.007779 0.000000 0.000000 -0.000000
2.000000 7.000000 5.000000 10.000000 1942.722129 0.002996 0.007239 0.000000 0.000000 -0.000000
2.000000 8.000000 5.000000 10.000000 2358.930073 0.003641 0.008811 0.007809 0.000000 0.000000
2.000000 9.000000 5.000000 10.000000 2754.464480 0.004256 0.010313 0.008566 0.000000 0.000000
2.000000 10.000000 5.000000 10.000000 2897.622492 0.004479 0.010859 0.009168 0.000000 0.000000
2.000000 11.000000 5.000000 10.000000 2515.239891 0.003884 0.009404 0.009404 0.000000 -2925.700507
2.000000 12.000000 5.000000 10.000000 2242.174141 0.003460 0.008369 0.008369 0.000000 -5509.561653
2.000000 13.000000 5.000000 10.000000 2117.576788 0.003267 0.007898 0.007898 0.000000 -7153.474592
2.000000 14.000000 5.000000 10.000000 1974.701681 0.003045 0.007359 0.007359 0.000000 -5229.784731
2.000000 15.000000 5.000000 10.000000 2597.124701 0.004011 0.009715 0.008280 0.000000 0.000000
2.000000 16.000000 5.000000 10.000000 4600.812673 0.007142 0.017420 0.007818 0.000000 0.000000
2.000000 17.000000 5.000000 10.000000 7031.753981 0.010982 0.027025 0.010982 9482.605595 0.000000
2.000000 18.000000 5.000000 10.000000 8375.210592 0.013124 0.032457 0.013124 15978.604874 0.000000
2.000000 19.000000 5.000000 10.000000 105086.718045 0.217725 1.024701 0.000000 0.000000 0.000000
2.000000 20.000000 5.000000 10.000000 9252.247215 0.014531 0.036053 0.000000 0.000000 -0.000000
2.000000 21.000000 5.000000 10.000000 5144.196101 0.007996 0.019542 0.000000 0.000000 -0.000000
2.000000 22.000000 5.000000 10.000000 4078.864789 0.006323 0.015395 0.000000 0.000000 0.000000
2.000000 23.000000 5.000000 10.000000 3471.653547 0.005374 0.013055 0.000000 0.000000 0.000000
2.000000 24.000000 5.000000 10.000000 3060.334333 0.004732 0.011480 0.000000 0.000000 0.000000
2.000000 1.000000 6.000000 10.000000 2761.056157 0.004266 0.010339 0.000000 0.000000 0.000000
2.000000 2.000000 6.000000 10.000000 2529.482660 0.003906 0.009458 0.000000 0.000000 0.000000
2.000000 3.000000 6.000000 10.000000 2347.373507 0.003623 0.008768 0.000000 0.000000 0.000000
2.000000 4.000000 6.000000 10.000000 2189.142583 0.003378 0.008169 0.000000 0.000000 0.000000
2.000000 5.000000 6.000000 10.000000 2049.556281 0.003161 0.007642 0.000000 0.000000 -0.000000
2.000000 6.000000 6.000000 10.000000 1940.587846 0.002992 0.007231 0.000000 0.000000 -0.000000
2.000000 7.000000 6.000000 10.000000 1832.273927 0.002825 0.006823 0.000000 0.000000 -0.000000
2.000000 8.000000 6.000000 10.000000 2432.948908 0.003756 0.009092 0.007984 0.000000 0.000000
2.000000 9.000000 6.000000 10.000000 2715.310697 0.004195 0.010164 0.009066 0.000000 0.000000
2.000000 10.000000 6.000000 10.000000 2947.309766 0.004556 0.011048 0.009785 0.000000 0.000000
2.000000 11.000000 6.000000 10.000000 2569.403715 0.003968 0.009610 0.009610 0.000000 -2422.252000
2.000000 12.000000 6.000000 10.000000 2313.476674 0.003571 0.008639 0.008639 0.000000 -7732.216155
2.000000 13.000000 6.000000 10.000000 2184.332524 0.003370 0.008151 0.008151 0.000000 -9047.229670
2.000000 14.000000 6.000000 10.000000 1978.144197 0.003051 0.007372 0.007372 0.000000 -8452.847188
2.000000 15.000000 6.000000 10.000000 2732.042503 0.004221 0.010228 0.009570 0.000000 0.000000
2.000000 16.000000 6.000000 10.000000 4797.510118 0.007451 0.018187 0.008623 0.000000 0.000000
2.000000 17.000000 6.000000 10.000000 7219.562944 0.011281 0.027779 0.011281 8621.025856 0.000000
2.000000 18.000000 6.000000 10.000000 8549.434209 0.013403 0.033168 0.013403 15112.176100 0.000000
2.000000 19.000000 6.000000 10.000000 106060.996962 0.220459 1.050243 0.000000 0.000000 0.000000
2.000000 20.000000 6.000000 10.000000 9376.327052 0.014730 0.036565 0.000000 0.000000 -0.000000
2.000000 21.000000 6.000000 10.000000 5221.823187 0.008118 0.019847 0.000000 0.000000 -0.000000
2.000000 22.000000 6.000000 10.000000 4132.385218 0.006407 0.015602 0.000000 0.000000 0.000000
2.000000 23.000000 6.000000 10.000000 3525.473049 0.005458 0.013262 0.000000 0.000000 0.000000
2.000000 24.000000 6.000000 10.000000 3116.893885 0.004820 0.011696 0.000000 0.000000 0.000000
2.000000 1.000000 7.000000 10.000000 2794.582386 0.004319 0.010466 0.000000 0.000000 0.000000
2.000000 2.000000 7.000000 10.000000 2545.813583 0.003932 0.009520 0.000000 0.000000 0.000000
2.000000 3.000000 7.000000 10.000000 2330.969241 0.003598 0.008706 0.000000 0.000000 0.000000
2.000000 4.000000 7.000000 10.000000 2167.618308 0.003344 0.008088 0.000000 0.000000 -0.000000
2.000000 5.000000 7.000000 10.000000 2031.740462 0.003134 0.007574 0.000000 0.000000 -0.000000
2.000000 6.000000 7.000000 10.000000 1910.497774 0.002946 0.007117 0.000000 0.000000 -0.000000
2.000000 7.000000 7.000000 10.000000 1792.238138 0.002763 0.006672 0.000000 0.000000 -0.000000
2.000000 8.000000 7.000000 10.000000 2476.996480 0.003825 0.009259 0.007511 0.000000 0.000000
2.000000 9.000000 7.000000 10.000000 2549.651194 0.003938 0.009535 0.008423 0.000000 0.000000
2.000000 10.000000 7.000000 10.000000 3067.299527 0.004743 0.011506 0.009358 0.000000 0.000000
2.000000 11.000000 7.000000 10.000000 2672.606884 0.004129 0.010002 0.010002 0.000000 -5657.857640
2.000000 12.000000 7.000000 10.000000 2389.854069 0.003689 0.008929 0.008929 0.000000 -7429.689564
2.000000 13.000000 7.000000 10.000000 2242.089269 0.003460 0.008369 0.008369 0.000000 -7597.557115
2.000000 14.000000 7.000000 10.000000 2037.770661 0.003143 0.007597 0.007597 0.000000 -7214.800288
2.000000 15.000000 7.000000 10.000000 2586.643894 0.003995 0.009675 0.009171 0.000000 0.000000
2.000000 16.000000 7.000000 10.000000 4564.690599 0.007085 0.017280 0.008427 0.000000 0.000000
2.000000 17.000000 7.000000 10.000000 6835.673159 0.010670 0.026239 0.010670 6748.122055 0.000000
2.000000 18.000000 7.000000 10.000000 7968.190377 0.012474 0.030802 0.012474 15401.632162 0.000000
2.000000 19.000000 7.000000 10.000000 101174.648024 0.206923 0.929547 0.000000 0.000000 0.000000
2.000000 20.000000 7.000000 10.000000 8829.193602 0.013852 0.034314 0.000000 0.000000 -0.000000
2.000000 21.000000 7.000000 10.000000 4894.616093 0.007603 0.018566 0.000000 0.000000 -0.000000
2.000000 22.000000 7.000000 10.000000 3892.365906 0.006031 0.014675 0.000000 0.000000 0.000000
2.000000 23.000000 7.000000 10.000000 3335.753392 0.005162 0.012534 0.000000 0.000000 0.000000
2.000000 24.000000 7.000000 10.000000 2917.172405 0.004509 0.010933 0.000000 0.000000 0.000000
2.000000 1.000000 1.000000 11.000000 2603.177371 0.004021 0.009738 0.000000 0.000000 0.000000
2.000000 2.000000 1.000000 11.000000 2356.047111 0.003637 0.008801 0.000000 0.000000 0.000000
2.000000 3.000000 1.000000 11.000000 2146.060955 0.003311 0.008006 0.000000 0.000000 -0.000000
2.000000 4.000000 1.000000 11.000000 1981.881765 0.003056 0.007386 0.000000 0.000000 -0.000000
2.000000 5.000000 1.000000 11.000000 1843.392673 0.002842 0.006865 0.000000 0.000000 -0.000000
2.000000 6.000000 1.000000 11.000000 1719.268233 0.002650 0.006398 0.000000 0.000000 -0.000000
2.000000 7.000000 1.000000 11.000000 1684.886056 0.002597 0.006268 0.000000 0.000000 -0.000000
2.000000 8.000000 1.000000 11.000000 2593.247693 0.004005 0.009700 0.006924 0.000000 0.000000
2.000000 9.000000 1.000000 11.000000 2569.013778 0.003968 0.009608 0.008555 0.000000 0.000000
2.000000 10.000000 1.000000 11.000000 3125.970806 0.004835 0.011731 0.009218 0.000000 0.000000
2.000000 11.000000 1.000000 11.000000 2730.644969 0.004219 0.010223 0.008990 0.000000 0.000000
2.000000 12.000000 1.000000 11.000000 2500.017689 0.003861 0.009346 0.009346 0.000000 -2177.633636
2.000000 13.000000 1.000000 11.000000 2289.708717 0.003534 0.008549 0.008549 0.000000 -4707.396243
2.000000 14.000000 1.000000 11.000000 2085.842552 0.003218 0.007779 0.007779 0.000000 -3965.364109
2.000000 15.000000 1.000000 11.000000 2567.690974 0.003966 0.009603 0.008117 0.000000 0.000000
2.000000 16.000000 1.000000 11.000000 4526.271599 0.007025 0.017130 0.007805 0.000000 0.000000
2.000000 17.000000 1.000000 11.000000 6479.452956 0.010105 0.024817 0.010105 7672.560985 0.000000
2.000000 18.000000 1.000000 11.000000 7529.937097 0.011775 0.029029 0.011775 14952.441575 0.000000
2.000000 19.000000 1.000000 11.000000 113309.825726 0.241374 1.268397 0.000000 0.000000 0.000000
2.000000 20.000000 1.000000 11.000000 8876.570288 0.013928 0.034508 0.000000 0.000000 -0.000000
2.000000 21.000000 1.000000 11.000000 4710.621519 0.007314 0.017848 0.000000 0.000000 -0.000000
2.000000 22.000000 1.000000 11.000000 3702.783307 0.005735 0.013944 0.000000 0.000000 0.000000
2.000000 23.000000 1.000000 11.000000 3149.685264 0.004872 0.011821 0.000000 0.000000 0.000000
2.000000 24.000000 1.000000 11.000000 2730.676577 0.004219 0.010223 0.000000 0.000000 0.000000
2.000000 1.000000 2.000000 11.000000 2435.654256 0.003761 0.009102 0.000000 0.000000 0.000000
2.000000 2.000000 2.000000 11.000000 2201.018418 0.003396 0.008214 0.000000 0.000000 0.000000
2.000000 3.000000 2.000000 11.000000 2013.021356 0.003105 0.007504 0.000000 0.000000 0.000000
2.000000 4.000000 2.000000 11.000000 1855.912433 0.002861 0.006912 0.000000 0.000000 0.000000
2.000000 5.000000 2.000000 11.000000 1723.748255 0.002657 0.006414 0.000000 0.000000 -0.000000
2.000000 6.000000 2.000000 11.000000 1637.283633 0.002523 0.006089 0.000000 0.000000 -0.000000
2.000000 7.000000 2.000000 11.000000 1593.800499 0.002456 0.005926 0.000000 0.000000 0.000000
2.000000 8.000000 2.000000 11.000000 2665.854960 0.004118 0.009976 0.007035 0.000000 0.000000
2.000000 9.000000 2.000000 11.000000 2664.432761 0.004116 0.009971 0.008517 0.000000 0.000000
2.000000 10.000000 2.000000 11.000000 3101.190767 0.004796 0.011636 0.010135 0.000000 0.000000
2.000000 11.000000 2.000000 11.000000 2651.901444 0.004097 0.009923 0.009604 0.000000 0.000000
2.000000 12.000000 2.000000 11.000000 2375.794964 0.003668 0.008875 0.008875 0.000000 -3741.061606
2.000000 13.000000 2.000000 11.000000 2149.449788 0.003316 0.008019 0.008019 0.000000 -4107.829706
2.000000 14.000000 2.000000 11.000000 1954.666527 0.003014 0.007284 0.007284 0.000000 -7243.425386
2.000000 15.000000 2.000000 11.000000 2823.345428 0.004363 0.010576 0.008357 0.000000 0.000000
2.000000 16.000000 2.000000 11.000000 5012.405487 0.007789 0.019026 0.008043 0.000000 0.000000
2.000000 17.000000 2.000000 11.000000 7192.138137 0.011237 0.027668 0.011237 11760.970801 0.000000
2.000000 18.000000 2.000000 11.000000 8379.641666 0.013131 0.032475 0.013131 18565.541306 0.000000
2.000000 19.000000 2.000000 11.000000 121847.279304 0.267378 1.611582 0.000000 0.000000 0.000000
2.000000 20.000000 2.000000 11.000000 9753.033285 0.015337 0.038124 0.000000 0.000000 -0.000000
2.000000 21.000000 2.000000 11.000000 5213.122369 0.008105 0.019813 0.000000 0.000000 -0.000000
2.000000 22.000000 2.000000 11.000000 4138.703643 0.006417 0.015627 0.000000 0.000000 0.000000
2.000000 23.000000 2.000000 11.000000 3548.275090 0.005494 0.013349 0.000000 0.000000 0.000000
2.000000 24.000000 2.000000 11.000000 3114.497529 0.004817 0.011687 0.000000 0.000000 0.000000
2.000000 1.000000 3.000000 11.000000 2794.399449 0.004318 0.010465 0.000000 0.000000 0.000000
2.000000 2.000000 3.000000 11.000000 2536.470304 0.003917 0.009485 0.000000 0.000000 0.000000
2.000000 3.000000 3.000000 11.000000 2321.975751 0.003584 0.008672 0.000000 0.000000 0.000000
2.000000 4.000000 3.000000 11.000000 2136.986145 0.003297 0.007972 0.000000 0.000000 0.000000
2.000000 5.000000 3.000000 11.000000 1989.273570 0.003068 0.007414 0.000000 0.000000 -0.000000
2.000000 6.000000 3.000000 11.000000 1883.817044 0.002905 0.007017 0.000000 0.000000 -0.000000
2.000000 7.000000 3.000000 11.000000 1823.858516 0.002812 0.006791 0.000000 0.000000 -0.000000
2.000000 8.000000 3.000000 11.000000 3747.195172 0.005804 0.014115 0.000000 0.000000 0.000000
2.000000 9.000000 3.000000 11.000000 5299.473326 0.008241 0.020151 0.000000 0.000000 0.000000
2.000000 10.000000 3.000000 11.000000 7052.958728 0.011016 0.027110 0.000000 0.000000 0.000000
2.000000 11.000000 3.000000 11.000000 9041.241107 0.014192 0.035184 0.000000 0.000000 0.000000
2.000000 12.000000 3.000000 11.000000 10730.267469 0.016915 0.042203 0.000000 0.000000 0.000000
2.000000 13.000000 3.000000 11.000000 12414.482418 0.019654 0.049353 0.000000 0.000000 0.000000
2.000000 14.000000 3.000000 11.000000 14504.771297 0.023086 0.058444 0.000000 0.000000 0.000000
2.000000 15.000000 3.000000 11.000000 44536.669008 0.076787 0.222794 0.000000 0.000000 0.000000
2.000000 16.000000 3.000000 11.000000 121483.999720 0.266240 1.594460 0.000000 0.000000 0.000000
2.000000 17.000000 3.000000 11.000000 238411.018821 0.888565 -2.132588 0.000000 0.000000 -0.000000
2.000000 18.000000 3.000000 11.000000 341451.957912 3.326384 -1.230657 0.000000 0.000000 -0.000000
2.000000 19.000000 3.000000 11.000000 235498.419060 0.862654 -2.198627 -0.000000 0.000000 -0.000000
2.000000 20.000000 3.000000 11.000000 14853.291827 0.023662 0.059983 0.000000 0.000000 0.000000
2.000000 21.000000 3.000000 11.000000 7362.262413 0.011508 0.028353 0.000000 0.000000 0.000000
2.000000 22.000000 3.000000 11.000000 5601.469647 0.008717 0.021339 0.000000 0.000000 0.000000
2.000000 23.000000 3.000000 11.000000 4633.220281 0.007193 0.017546 0.000000 0.000000 0.000000
2.000000 24.000000 3.000000 11.000000 3957.220416 0.006133 0.014925 0.000000 0.000000 0.000000
2.000000 1.000000 4.000000 11.000000 3463.268194 0.005361 0.013023 0.000000 0.000000 0.000000
2.000000 2.000000 4.000000 11.000000 3074.225090 0.004754 0.011533 0.000000 0.000000 0.000000
2.000000 3.000000 4.000000 11.000000 2774.957514 0.004288 0.010391 0.000000 0.000000 0.000000
2.000000 4.000000 4.000000 11.000000 2541.361267 0.003925 0.009503 0.000000 0.000000 0.000000
2.000000 5.000000 4.000000 11.000000 2350.535622 0.003628 0.008780 0.000000 0.000000 0.000000
2.000000 6.000000 4.000000 11.000000 2191.060611 0.003381 0.008176 0.000000 0.000000 0.000000
2.000000 7.000000 4.000000 11.000000 2102.752194 0.003244 0.007843 0.000000 0.000000 -0.000000
2.000000 8.000000 4.000000 11.000000 4169.580248 0.006465 0.015746 0.000000 0.000000 0.000000
2.000000 9.000000 4.000000 11.000000 5787.942877 0.009011 0.022075 0.000000 0.000000 0.000000
2.000000 10.000000 4.000000 11.000000 7495.969748 0.011721 0.028892 0.000000 0.000000 0.000000
2.000000 11.000000 4.000000 11.000000 9453.614983 0.014855 0.036884 0.000000 0.000000 0.000000
2.000000 12.000000 4.000000 11.000000 11142.455438 0.017583 0.043939 0.000000 0.000000 0.000000
2.000000 13.000000 4.000000 11.000000 12737.218809 0.020182 0.050741 0.000000 0.000000 0.000000
2.000000 14.000000 4.000000 11.000000 14628.207847 0.023290 0.058988 0.000000 0.000000 0.000000
2.000000 15.000000 4.000000 11.000000 44352.394095 0.076430 0.221544 0.000000 0.000000 0.000000
2.000000 16.000000 4.000000 11.000000 120604.882323 0.263497 1.554093 0.000000 0.000000 0.000000
2.000000 17.000000 4.000000 11.000000 234914.896841 0.857569 -2.212557 0.000000 0.000000 -0.000000
2.000000 18.000000 4.000000 11.000000 335814.570226 3.006050 -1.251211 0.000000 0.000000 -0.000000
2.000000 19.000000 4.000000 11.000000 231270.670924 0.826587 -2.305454 -0.000000 0.000000 -0.000000
2.000000 20.000000 4.000000 11.000000 14500.473066 0.023079 0.058425 0.000000 0.000000 0.000000
2.000000 21.000000 4.000000 11.000000 7181.493706 0.011220 0.027626 0.000000 0.000000 0.000000
2.000000 22.000000 4.000000 11.000000 5446.412737 0.008472 0.020729 0.000000 0.000000 0.000000
2.000000 23.000000 4.000000 11.000000 4500.466720 0.006984 0.017030 0.000000 0.000000 0.000000
2.000000 24.000000 4.000000 11.000000 3837.903320 0.005946 0.014464 0.000000 0.000000 0.000000
2.000000 1.000000 5.000000 11.000000 3321.247878 0.005139 0.012478 0.000000 0.000000 0.000000
2.000000 2.000000 5.000000 11.000000 2928.541406 0.004527 0.010977 0.000000 0.000000 0.000000
2.000000 3.000000 5.000000 11.000000 2658.453878 0.004107 0.009948 0.000000 0.000000 0.000000
2.000000 4.000000 5.000000 11.000000 2420.699617 0.003737 0.009046 0.000000 0.000000 0.000000
2.000000 5.000000 5.000000 11.000000 2233.857123 0.003447 0.008338 0.000000 0.000000 0.000000
2.000000 6.000000 5.000000 11.000000 2080.153334 0.003209 0.007757 0.000000 0.000000 0.000000
2.000000 7.000000 5.000000 11.000000 2011.945269 0.003103 0.007500 0.000000 0.000000 -0.000000
2.000000 8.000000 5.000000 11.000000 2363.465117 0.003648 0.008829 0.007663 0.000000 0.000000
2.000000 9.000000 5.000000 11.000000 2933.934476 0.004535 0.010997 0.008555 0.000000 0.000000
2.000000 10.000000 5.000000 11.000000 2815.587250 0.004351 0.010546 0.010076 0.000000 0.000000
2.000000 11.000000 5.000000 11.000000 2417.883224 0.003733 0.009035 0.009035 0.000000 -6539.408174
2.000000 12.000000 5.000000 11.000000 2189.397592 0.003378 0.008170 0.008170 0.000000 -8935.407462
2.000000 13.000000 5.000000 11.000000 2025.743270 0.003124 0.007552 0.007552 0.000000 -10613.409077
2.000000 14.000000 5.000000 11.000000 1864.407118 0.002874 0.006944 0.006944 0.000000 -10507.290543
2.000000 15.000000 5.000000 11.000000 2905.693721 0.004491 0.010890 0.009403 0.000000 0.000000
2.000000 16.000000 5.000000 11.000000 5125.111690 0.007966 0.019468 0.008612 0.000000 0.000000
2.000000 17.000000 5.000000 11.000000 7375.380948 0.011529 0.028406 0.011529 8888.874773 0.000000
2.000000 18.000000 5.000000 11.000000 8564.444589 0.013427 0.033230 0.013427 17640.997802 0.000000
2.000000 19.000000 5.000000 11.000000 124595.647901 0.276086 1.750217 0.000000 0.000000 0.000000
2.000000 20.000000 5.000000 11.000000 10118.340508 0.015926 0.039643 0.000000 0.000000 -0.000000
2.000000 21.000000 5.000000 11.000000 5419.855044 0.008430 0.020624 0.000000 0.000000 -0.000000
2.000000 22.000000 5.000000 11.000000 4266.141240 0.006617 0.016120 0.000000 0.000000 0.000000
2.000000 23.000000 5.000000 11.000000 3642.144742 0.005640 0.013710 0.000000 0.000000 0.000000
2.000000 24.000000 5.000000 11.000000 3178.213019 0.004916 0.011931 0.000000 0.000000 0.000000
2.000000 1.000000 6.000000 11.000000 2810.772779 0.004344 0.010528 0.000000 0.000000 0.000000
2.000000 2.000000 6.000000 11.000000 2539.613314 0.003922 0.009497 0.000000 0.000000 0.000000
2.000000 3.000000 6.000000 11.000000 2313.057017 0.003570 0.008638 0.000000 0.000000 0.000000
2.000000 4.000000 6.000000 11.000000 2127.376884 0.003282 0.007936 0.000000 0.000000 -0.000000
2.000000 5.000000 6.000000 11.000000 1992.199885 0.003072 0.007425 0.000000 0.000000 -0.000000
2.000000 6.000000 6.000000 11.000000 1879.874099 0.002898 0.007002 0.000000 0.000000 -0.000000
2.000000 7.000000 6.000000 11.000000 1839.771042 0.002836 0.006851 0.000000 0.000000 -0.000000
2.000000 8.000000 6.000000 11.000000 2448.009715 0.003780 0.009149 0.007849 0.000000 0.000000
2.000000 9.000000 6.000000 11.000000 2856.184719 0.004414 0.010701 0.008803 0.000000 0.000000
2.000000 10.000000 6.000000 11.000000 2947.541520 0.004557 0.011049 0.009653 0.000000 0.000000
2.000000 11.000000 6.000000 11.000000 2551.308624 0.003940 0.009541 0.009541 0.000000 -1808.905001
2.000000 12.000000 6.000000 11.000000 2318.469707 0.003579 0.008658 0.008658 0.000000 -4943.623966
2.000000 13.000000 6.000000 11.000000 2122.283784 0.003274 0.007916 0.007916 0.000000 -8762.077368
2.000000 14.000000 6.000000 11.000000 1960.093816 0.003023 0.007304 0.007304 0.000000 -7954.175739
2.000000 15.000000 6.000000 11.000000 2701.489033 0.004174 0.010112 0.008857 0.000000 0.000000
2.000000 16.000000 6.000000 11.000000 4806.956471 0.007466 0.018224 0.008591 0.000000 0.000000
2.000000 17.000000 6.000000 11.000000 6921.148950 0.010806 0.026581 0.010806 8939.975415 0.000000
2.000000 18.000000 6.000000 11.000000 8047.071685 0.012600 0.031122 0.012600 15875.539726 0.000000
2.000000 19.000000 6.000000 11.000000 119131.597466 0.258938 1.489642 0.000000 0.000000 0.000000
2.000000 20.000000 6.000000 11.000000 9470.736798 0.014882 0.036955 0.000000 0.000000 -0.000000
2.000000 21.000000 6.000000 11.000000 5036.394863 0.007826 0.019120 0.000000 0.000000 -0.000000
2.000000 22.000000 6.000000 11.000000 3969.845538 0.006153 0.014974 0.000000 0.000000 0.000000
2.000000 23.000000 6.000000 11.000000 3398.828565 0.005260 0.012776 0.000000 0.000000 0.000000
2.000000 24.000000 6.000000 11.000000 2979.392579 0.004606 0.011171 0.000000 0.000000 0.000000
2.000000 1.000000 7.000000 11.000000 2653.128841 0.004098 0.009928 0.000000 0.000000 0.000000
2.000000 2.000000 7.000000 11.000000 2403.585795 0.003711 0.008981 0.000000 0.000000 0.000000
2.000000 3.000000 7.000000 11.000000 2206.135531 0.003404 0.008233 0.000000 0.000000 0.000000
2.000000 4.000000 7.000000 11.000000 2039.875447 0.003146 0.007605 0.000000 0.000000 -0.000000
2.000000 5.000000 7.000000 11.000000 1916.578452 0.002955 0.007140 0.000000 0.000000 -0.000000
2.000000 6.000000 7.000000 11.000000 1832.372239 0.002825 0.006823 0.000000 0.000000 -0.000000
2.000000 7.000000 7.000000 11.000000 1794.799886 0.002767 0.006682 0.000000 0.000000 -0.000000
2.000000 8.000000 7.000000 11.000000 2501.125028 0.003862 0.009351 0.007106 0.000000 0.000000
2.000000 9.000000 7.000000 11.000000 2728.971369 0.004216 0.010216 0.008668 0.000000 0.000000
2.000000 10.000000 7.000000 11.000000 3040.731494 0.004702 0.011405 0.009982 0.000000 0.000000
2.000000 11.000000 7.000000 11.000000 2570.910428 0.003971 0.009616 0.009616 0.000000 -6788.972173
2.000000 12.000000 7.000000 11.000000 2337.949667 0.003609 0.008732 0.008732 0.000000 -6727.258471
2.000000 13.000000 7.000000 11.000000 2178.219250 0.003361 0.008128 0.008128 0.000000 -8396.023156
2.000000 14.000000 7.000000 11.000000 2018.351765 0.003113 0.007524 0.007524 0.000000 -7097.098892
2.000000 15.000000 7.000000 11.000000 2633.629904 0.004068 0.009854 0.008958 0.000000 0.000000
2.000000 16.000000 7.000000 11.000000 4631.572670 0.007190 0.017540 0.008102 0.000000 0.000000
2.000000 17.000000 7.000000 11.000000 6612.931088 0.010317 0.025349 0.010317 6946.832628 0.000000
2.000000 18.000000 7.000000 11.000000 7650.205593 0.011966 0.029514 0.011966 15413.836483 0.000000
2.000000 19.000000 7.000000 11.000000 115383.273199 0.247548 1.341673 0.000000 0.000000 0.000000
2.000000 20.000000 7.000000 11.000000 9085.547090 0.014263 0.035367 0.000000 0.000000 -0.000000
2.000000 21.000000 7.000000 11.000000 4809.893626 0.007470 0.018235 0.000000 0.000000 -0.000000
2.000000 22.000000 7.000000 11.000000 3785.937895 0.005865 0.014264 0.000000 0.000000 0.000000
2.000000 23.000000 7.000000 11.000000 3225.301501 0.004989 0.012111 0.000000 0.000000 0.000000
2.000000 24.000000 7.000000 11.000000 2847.915405 0.004402 0.010669 0.000000 0.000000 0.000000
2.000000 1.000000 1.000000 11.000000 2547.938033 0.003935 0.009528 0.000000 0.000000 0.000000
2.000000 2.000000 1.000000 11.000000 2317.068910 0.003576 0.008653 0.000000 0.000000 0.000000
2.000000 3.000000 1.000000 11.000000 2138.732920 0.003300 0.007978 0.000000 0.000000 0.000000
2.000000 4.000000 1.000000 11.000000 1987.685546 0.003065 0.007408 0.000000 0.000000 0.000000
2.000000 5.000000 1.000000 11.000000 1870.304715 0.002884 0.006966 0.000000 0.000000 0.000000
2.000000 6.000000 1.000000 11.000000 1778.015653 0.002741 0.006618 0.000000 0.000000 0.000000
2.000000 7.000000 1.000000 11.000000 1705.600988 0.002629 0.006346 0.000000 0.000000 0.000000
2.000000 8.000000 1.000000 11.000000 2514.739832 0.003883 0.009402 0.008006 0.000000 0.000000
2.000000 9.000000 1.000000 11.000000 3024.791695 0.004677 0.011344 0.009820 0.000000 0.000000
2.000000 10.000000 1.000000 11.000000 2816.741094 0.004353 0.010551 0.007654 0.000000 0.000000
2.000000 11.000000 1.000000 11.000000 2394.730372 0.003697 0.008947 0.008947 0.000000 -281.682376
2.000000 12.000000 1.000000 11.000000 2166.095279 0.003342 0.008082 0.008082 0.000000 -2831.507971
2.000000 13.000000 1.000000 11.000000 1987.483911 0.003065 0.007407 0.007407 0.000000 -4315.428269
2.000000 14.000000 1.000000 11.000000 1777.025440 0.002739 0.006615 0.006615 0.000000 -6314.737226
2.000000 15.000000 1.000000 11.000000 3269.064120 0.005058 0.012278 0.007716 0.000000 0.000000
2.000000 16.000000 1.000000 11.000000 5791.671918 0.009017 0.022089 0.009017 3247.421909 0.000000
2.000000 17.000000 1.000000 11.000000 8269.325489 0.012955 0.032026 0.012955 14878.171120 0.000000
2.000000 18.000000 1.000000 11.000000 9539.579105 0.014993 0.037240 0.014993 22516.674387 0.000000
2.000000 19.000000 1.000000 11.000000 131521.445946 0.298805 2.190055 0.000000 0.000000 0.000000
2.000000 20.000000 1.000000 11.000000 10717.575237 0.016895 0.042150 0.000000 0.000000 -0.000000
2.000000 21.000000 1.000000 11.000000 5695.580755 0.008865 0.021710 0.000000 0.000000 -0.000000
2.000000 22.000000 1.000000 11.000000 4450.207702 0.006905 0.016835 0.000000 0.000000 0.000000
2.000000 23.000000 1.000000 11.000000 3781.670479 0.005858 0.014248 0.000000 0.000000 0.000000
2.000000 24.000000 1.000000 11.000000 3299.142232 0.005105 0.012394 0.000000 0.000000 0.000000
2.000000 1.000000 2.000000 11.000000 2916.619993 0.004508 0.010931 0.000000 0.000000 0.000000
2.000000 2.000000 2.000000 11.000000 2608.631268 0.004029 0.009759 0.000000 0.000000 0.000000
2.000000 3.000000 2.000000 11.000000 2357.048193 0.003638 0.008804 0.000000 0.000000 0.000000
2.000000 4.000000 2.000000 11.000000 2139.818442 0.003301 0.007983 0.000000 0.000000 0.000000
2.000000 5.000000 2.000000 11.000000 1963.184165 0.003027 0.007316 0.000000 0.000000 0.000000
2.000000 6.000000 2.000000 11.000000 1838.559839 0.002834 0.006846 0.000000 0.000000 0.000000
2.000000 7.000000 2.000000 11.000000 1771.688641 0.002731 0.006595 0.000000 0.000000 0.000000
2.000000 8.000000 2.000000 11.000000 2473.252575 0.003819 0.009245 0.006126 0.000000 0.000000
2.000000 9.000000 2.000000 11.000000 2833.484430 0.004379 0.010614 0.006185 0.000000 0.000000
2.000000 10.000000 2.000000 11.000000 2922.179878 0.004517 0.010952 0.006828 0.000000 0.000000
2.000000 11.000000 2.000000 11.000000 2501.520590 0.003863 0.009352 0.008869 0.000000 0.000000
2.000000 12.000000 2.000000 11.000000 2256.505307 0.003482 0.008424 0.008424 0.000000 -431.472063
2.000000 13.000000 2.000000 11.000000 2051.122203 0.003164 0.007648 0.007648 0.000000 -3685.679899
2.000000 14.000000 2.000000 11.000000 1852.648144 0.002856 0.006899 0.006899 0.000000 -9000.107802
2.000000 15.000000 2.000000 11.000000 3038.250752 0.004698 0.011395 0.009449 0.000000 0.000000
2.000000 16.000000 2.000000 11.000000 5361.205921 0.008338 0.020394 0.008338 1260.501232 0.000000
2.000000 17.000000 2.000000 11.000000 7729.946562 0.012094 0.029837 0.012094 9417.150225 0.000000
2.000000 18.000000 2.000000 11.000000 8888.830326 0.013947 0.034558 0.013947 17811.098520 0.000000
2.000000 19.000000 2.000000 11.000000 127117.963021 0.284229 1.893510 0.000000 0.000000 0.000000
2.000000 20.000000 2.000000 11.000000 10307.828013 0.016232 0.040434 0.000000 0.000000 -0.000000
2.000000 21.000000 2.000000 11.000000 5497.711129 0.008553 0.020931 0.000000 0.000000 -0.000000
2.000000 22.000000 2.000000 11.000000 4357.454498 0.006760 0.016474 0.000000 0.000000 0.000000
2.000000 23.000000 2.000000 11.000000 3736.081721 0.005787 0.014072 0.000000 0.000000 0.000000
2.000000 24.000000 2.000000 11.000000 3287.920569 0.005087 0.012351 0.000000 0.000000 0.000000
2.000000 1.000000 3.000000 11.000000 2954.167002 0.004567 0.011075 0.000000 0.000000 0.000000
2.000000 2.000000 3.000000 11.000000 2684.630000 0.004147 0.010048 0.000000 0.000000 0.000000
2.000000 3.000000 3.000000 11.000000 2470.568868 0.003815 0.009235 0.000000 0.000000 -0.000000
2.000000 4.000000 3.000000 11.000000 2290.501776 0.003535 0.008552 0.000000 0.000000 -0.000000
2.000000 5.000000 3.000000 11.000000 2144.507656 0.003309 0.008000 0.000000 0.000000 -0.000000
2.000000 6.000000 3.000000 11.000000 2012.689474 0.003104 0.007503 0.000000 0.000000 -0.000000
2.000000 7.000000 3.000000 11.000000 1973.547976 0.003044 0.007355 0.000000 0.000000 -0.000000
2.000000 8.000000 3.000000 11.000000 3892.722920 0.006032 0.014676 0.000000 0.000000 0.000000
2.000000 9.000000 3.000000 11.000000 5344.994800 0.008312 0.020330 0.000000 0.000000 0.000000
2.000000 10.000000 3.000000 11.000000 6883.494484 0.010746 0.026431 0.000000 0.000000 0.000000
2.000000 11.000000 3.000000 11.000000 8740.764813 0.013710 0.033951 0.000000 0.000000 0.000000
2.000000 12.000000 3.000000 11.000000 10462.101641 0.016481 0.041079 0.000000 0.000000 0.000000
2.000000 13.000000 3.000000 11.000000 11774.093140 0.018610 0.046616 0.000000 0.000000 0.000000
2.000000 14.000000 3.000000 11.000000 13349.783097 0.021185 0.053390 0.000000 0.000000 0.000000
2.000000 15.000000 3.000000 11.000000 41901.363041 0.071719 0.205260 0.000000 0.000000 0.000000
2.000000 16.000000 3.000000 11.000000 115613.972624 0.248241 1.350178 0.000000 0.000000 0.000000
2.000000 17.000000 3.000000 11.000000 227640.720021 0.796989 -2.409441 0.000000 0.000000 -0.000000
2.000000 18.000000 3.000000 11.000000 328419.205231 2.657058 -1.280377 0.000000 0.000000 -0.000000
2.000000 19.000000 3.000000 11.000000 226838.047590 0.790607 -2.434193 -0.000000 0.000000 -0.000000
2.000000 20.000000 3.000000 11.000000 14149.343903 0.022500 0.056881 0.000000 0.000000 0.000000
2.000000 21.000000 3.000000 11.000000 7011.220931 0.010949 0.026942 0.000000 0.000000 0.000000
2.000000 22.000000 3.000000 11.000000 5336.134261 0.008298 0.020295 0.000000 0.000000 0.000000
2.000000 23.000000 3.000000 11.000000 4428.086889 0.006871 0.016749 0.000000 0.000000 0.000000
2.000000 24.000000 3.000000 11.000000 3782.345359 0.005859 0.014250 0.000000 0.000000 0.000000
2.000000 1.000000 4.000000 11.000000 3338.801351 0.005167 0.012546 0.000000 0.000000 0.000000
2.000000 2.000000 4.000000 11.000000 2996.933998 0.004634 0.011238 0.000000 0.000000 0.000000
2.000000 3.000000 4.000000 11.000000 2711.816291 0.004190 0.010151 0.000000 0.000000 0.000000
2.000000 4.000000 4.000000 11.000000 2461.685666 0.003801 0.009201 0.000000 0.000000 0.000000
2.000000 5.000000 4.000000 11.000000 2266.522604 0.003498 0.008462 0.000000 0.000000 0.000000
2.000000 6.000000 4.000000 11.000000 2100.024759 0.003240 0.007832 0.000000 0.000000 -0.000000
2.000000 7.000000 4.000000 11.000000 2032.033227 0.003134 0.007576 0.000000 0.000000 -0.000000
2.000000 8.000000 4.000000 11.000000 3987.689974 0.006181 0.015043 0.000000 0.000000 0.000000
2.000000 9.000000 4.000000 11.000000 5359.560715 0.008335 0.020387 0.000000 0.000000 0.000000
2.000000 10.000000 4.000000 11.000000 7132.783982 0.011143 0.027430 0.000000 0.000000 0.000000
2.000000 11.000000 4.000000 11.000000 9073.199038 0.014243 0.035316 0.000000 0.000000 0.000000
2.000000 12.000000 4.000000 11.000000 10536.458798 0.016602 0.041390 0.000000 0.000000 0.000000
2.000000 13.000000 4.000000 11.000000 11681.716065 0.018460 0.046224 0.000000 0.000000 0.000000
2.000000 14.000000 4.000000 11.000000 13274.939859 0.021062 0.053066 0.000000 0.000000 0.000000
2.000000 15.000000 4.000000 11.000000 40887.708897 0.069790 0.198708 0.000000 0.000000 0.000000
2.000000 16.000000 4.000000 11.000000 113113.634930 0.240794 1.261746 0.000000 0.000000 0.000000
2.000000 17.000000 4.000000 11.000000 223191.667731 0.762322 -2.555849 0.000000 0.000000 -0.000000
2.000000 18.000000 4.000000 11.000000 322749.931917 2.431863 -1.304634 0.000000 0.000000 -0.000000
2.000000 19.000000 4.000000 11.000000 222901.379059 0.760119 -2.566240 -0.000000 0.000000 -0.000000
2.000000 20.000000 4.000000 11.000000 13794.844245 0.021916 0.055329 0.000000 0.000000 0.000000
2.000000 21.000000 4.000000 11.000000 6847.882989 0.010690 0.026288 0.000000 0.000000 0.000000
2.000000 22.000000 4.000000 11.000000 5223.543330 0.008121 0.019853 0.000000 0.000000 0.000000
2.000000 23.000000 4.000000 11.000000 4348.667457 0.006746 0.016440 0.000000 0.000000 0.000000
2.000000 24.000000 4.000000 11.000000 3728.215193 0.005775 0.014042 0.000000 0.000000 0.000000
2.000000 1.000000 5.000000 11.000000 3274.336830 0.005066 0.012298 0.000000 0.000000 0.000000
2.000000 2.000000 5.000000 11.000000 2919.865470 0.004514 0.010944 0.000000 0.000000 0.000000
2.000000 3.000000 5.000000 11.000000 2654.500458 0.004101 0.009933 0.000000 0.000000 0.000000
2.000000 4.000000 5.000000 11.000000 2427.556650 0.003748 0.009072 0.000000 0.000000 0.000000
2.000000 5.000000 5.000000 11.000000 2252.933301 0.003477 0.008410 0.000000 0.000000 0.000000
2.000000 6.000000 5.000000 11.000000 2105.678350 0.003248 0.007854 0.000000 0.000000 -0.000000
2.000000 7.000000 5.000000 11.000000 2044.699082 0.003154 0.007623 0.000000 0.000000 -0.000000
2.000000 8.000000 5.000000 11.000000 2357.839568 0.003640 0.008807 0.006859 0.000000 0.000000
2.000000 9.000000 5.000000 11.000000 2810.320419 0.004343 0.010526 0.009124 0.000000 0.000000
2.000000 10.000000 5.000000 11.000000 2829.664940 0.004373 0.010600 0.010600 0.000000 -511.919801
2.000000 11.000000 5.000000 11.000000 2454.880365 0.003790 0.009175 0.009175 0.000000 -4214.620034
2.000000 12.000000 5.000000 11.000000 2250.732692 0.003473 0.008402 0.008402 0.000000 -7144.584845
2.000000 13.000000 5.000000 11.000000 2082.425113 0.003212 0.007766 0.007766 0.000000 -9918.195227
2.000000 14.000000 5.000000 11.000000 1918.366859 0.002958 0.007147 0.007147 0.000000 -7895.884919
2.000000 15.000000 5.000000 11.000000 2794.563789 0.004318 0.010466 0.009027 0.000000 0.000000
2.000000 16.000000 5.000000 11.000000 5005.457238 0.007778 0.018999 0.008247 0.000000 0.000000
2.000000 17.000000 5.000000 11.000000 7372.956729 0.011525 0.028396 0.011525 9529.465420 0.000000
2.000000 18.000000 5.000000 11.000000 8675.554596 0.013605 0.033684 0.013605 17367.817212 0.000000
2.000000 19.000000 5.000000 11.000000 124819.997980 0.276804 1.762298 0.000000 0.000000 0.000000
2.000000 20.000000 5.000000 11.000000 10123.570721 0.015934 0.039665 0.000000 0.000000 -0.000000
2.000000 21.000000 5.000000 11.000000 5422.305018 0.008434 0.020634 0.000000 0.000000 -0.000000
2.000000 22.000000 5.000000 11.000000 4278.905993 0.006637 0.016170 0.000000 0.000000 0.000000
2.000000 23.000000 5.000000 11.000000 3650.682412 0.005654 0.013743 0.000000 0.000000 0.000000
2.000000 24.000000 5.000000 11.000000 3176.802008 0.004914 0.011925 0.000000 0.000000 0.000000
2.000000 1.000000 6.000000 11.000000 2839.760863 0.004389 0.010638 0.000000 0.000000 0.000000
2.000000 2.000000 6.000000 11.000000 2572.269852 0.003973 0.009621 0.000000 0.000000 0.000000
2.000000 3.000000 6.000000 11.000000 2342.691636 0.003616 0.008750 0.000000 0.000000 -0.000000
2.000000 4.000000 6.000000 11.000000 2146.362471 0.003311 0.008007 0.000000 0.000000 -0.000000
2.000000 5.000000 6.000000 11.000000 2009.613567 0.003099 0.007491 0.000000 0.000000 -0.000000
2.000000 6.000000 6.000000 11.000000 1887.655223 0.002910 0.007031 0.000000 0.000000 -0.000000
2.000000 7.000000 6.000000 11.000000 1855.060945 0.002860 0.006908 0.000000 0.000000 -0.000000
2.000000 8.000000 6.000000 11.000000 2446.973206 0.003778 0.009145 0.007456 0.000000 0.000000
2.000000 9.000000 6.000000 11.000000 2788.205436 0.004309 0.010442 0.008727 0.000000 0.000000
2.000000 10.000000 6.000000 11.000000 2939.788593 0.004545 0.011020 0.010508 0.000000 0.000000
2.000000 11.000000 6.000000 11.000000 2519.835036 0.003891 0.009422 0.009422 0.000000 -2733.980000
2.000000 12.000000 6.000000 11.000000 2281.518686 0.003521 0.008518 0.008518 0.000000 -6861.005761
2.000000 13.000000 6.000000 11.000000 2110.633877 0.003256 0.007872 0.007872 0.000000 -8436.931745
2.000000 14.000000 6.000000 11.000000 1932.985153 0.002981 0.007202 0.007202 0.000000 -7064.307127
2.000000 15.000000 6.000000 11.000000 2787.607620 0.004308 0.010440 0.008689 0.000000 0.000000
2.000000 16.000000 6.000000 11.000000 4941.970586 0.007678 0.018751 0.007872 0.000000 0.000000
2.000000 17.000000 6.000000 11.000000 7213.683570 0.011271 0.027755 0.011271 9107.395816 0.000000
2.000000 18.000000 6.000000 11.000000 8511.629317 0.013343 0.033014 0.013343 17748.251868 0.000000
2.000000 19.000000 6.000000 11.000000 123858.176911 0.273733 1.711355 0.000000 0.000000 0.000000
2.000000 20.000000 6.000000 11.000000 10009.592211 0.015750 0.039190 0.000000 0.000000 -0.000000
2.000000 21.000000 6.000000 11.000000 5346.102443 0.008314 0.020334 0.000000 0.000000 -0.000000
2.000000 22.000000 6.000000 11.000000 4205.541010 0.006522 0.015885 0.000000 0.000000 0.000000
2.000000 23.000000 6.000000 11.000000 3570.866982 0.005529 0.013436 0.000000 0.000000 0.000000
2.000000 24.000000 6.000000 11.000000 3112.438617 0.004814 0.011679 0.000000 0.000000 0.000000
2.000000 1.000000 7.000000 11.000000 2765.664518 0.004274 0.010356 0.000000 0.000000 0.000000
2.000000 2.000000 7.000000 11.000000 2504.587996 0.003868 0.009364 0.000000 0.000000 0.000000
2.000000 3.000000 7.000000 11.000000 2297.518727 0.003546 0.008579 0.000000 0.000000 0.000000
2.000000 4.000000 7.000000 11.000000 2134.360457 0.003293 0.007962 0.000000 0.000000 -0.000000
2.000000 5.000000 7.000000 11.000000 1995.856266 0.003078 0.007439 0.000000 0.000000 -0.000000
2.000000 6.000000 7.000000 11.000000 1877.326812 0.002894 0.006992 0.000000 0.000000 -0.000000
2.000000 7.000000 7.000000 11.000000 1838.475676 0.002834 0.006846 0.000000 0.000000 -0.000000
2.000000 8.000000 7.000000 11.000000 2445.119199 0.003775 0.009138 0.007754 0.000000 0.000000
2.000000 9.000000 7.000000 11.000000 2703.944119 0.004178 0.010121 0.008463 0.000000 0.000000
2.000000 10.000000 7.000000 11.000000 2960.498477 0.004577 0.011099 0.010861 0.000000 0.000000
2.000000 11.000000 7.000000 11.000000 2526.367127 0.003901 0.009446 0.009446 0.000000 -3210.009723
2.000000 12.000000 7.000000 11.000000 2300.088427 0.003550 0.008589 0.008589 0.000000 -8369.204891
2.000000 13.000000 7.000000 11.000000 2129.071238 0.003285 0.007942 0.007942 0.000000 -9460.366141
2.000000 14.000000 7.000000 11.000000 1940.378430 0.002992 0.007230 0.007230 0.000000 -7537.789785
2.000000 15.000000 7.000000 11.000000 2813.226431 0.004348 0.010537 0.008951 0.000000 0.000000
2.000000 16.000000 7.000000 11.000000 4935.967612 0.007668 0.018728 0.007949 0.000000 0.000000
2.000000 17.000000 7.000000 11.000000 7078.472885 0.011056 0.027212 0.011056 7471.087100 0.000000
2.000000 18.000000 7.000000 11.000000 8186.943477 0.012823 0.031690 0.012823 15825.258842 0.000000
2.000000 19.000000 7.000000 11.000000 120672.806908 0.263708 1.557159 0.000000 0.000000 0.000000
2.000000 20.000000 7.000000 11.000000 9683.783135 0.015225 0.037837 0.000000 0.000000 -0.000000
2.000000 21.000000 7.000000 11.000000 5168.560297 0.008034 0.019638 0.000000 0.000000 -0.000000
2.000000 22.000000 7.000000 11.000000 4083.271876 0.006330 0.015412 0.000000 0.000000 0.000000
2.000000 23.000000 7.000000 11.000000 3469.675932 0.005371 0.013048 0.000000 0.000000 0.000000
2.000000 24.000000 7.000000 11.000000 3043.845423 0.004707 0.011417 0.000000 0.000000 0.000000
2.000000 1.000000 1.000000 11.000000 2724.920607 0.004210 0.010201 0.000000 0.000000 0.000000
2.000000 2.000000 1.000000 11.000000 2471.124218 0.003816 0.009237 0.000000 0.000000 0.000000
2.000000 3.000000 1.000000 11.000000 2264.025804 0.003494 0.008452 0.000000 0.000000 0.000000
2.000000 4.000000 1.000000 11.000000 2095.171347 0.003232 0.007814 0.000000 0.000000 -0.000000
2.000000 5.000000 1.000000 11.000000 1949.947039 0.003007 0.007266 0.000000 0.000000 -0.000000
2.000000 6.000000 1.000000 11.000000 1838.244303 0.002834 0.006845 0.000000 0.000000 -0.000000
2.000000 7.000000 1.000000 11.000000 1777.792596 0.002740 0.006618 0.000000 0.000000 -0.000000
2.000000 8.000000 1.000000 11.000000 2506.146298 0.003870 0.009370 0.007541 0.000000 0.000000
2.000000 9.000000 1.000000 11.000000 2696.458686 0.004166 0.010093 0.008603 0.000000 0.000000
2.000000 10.000000 1.000000 11.000000 2983.711408 0.004613 0.011187 0.010118 0.000000 0.000000
2.000000 11.000000 1.000000 11.000000 2553.956810 0.003944 0.009551 0.009551 0.000000 -2034.833771
2.000000 12.000000 1.000000 11.000000 2310.643442 0.003566 0.008629 0.008629 0.000000 -6801.070208
2.000000 13.000000 1.000000 11.000000 2116.792888 0.003266 0.007896 0.007896 0.000000 -5989.053285
2.000000 14.000000 1.000000 11.000000 1925.388235 0.002969 0.007173 0.007173 0.000000 -5490.085803
2.000000 15.000000 1.000000 11.000000 2858.627978 0.004418 0.010710 0.008324 0.000000 0.000000
2.000000 16.000000 1.000000 11.000000 5019.967605 0.007801 0.019056 0.007801 366.110205 0.000000
2.000000 17.000000 1.000000 11.000000 7227.557561 0.011293 0.027811 0.011293 10283.109587 0.000000
2.000000 18.000000 1.000000 11.000000 8394.903468 0.013156 0.032538 0.013156 18244.545477 0.000000
2.000000 19.000000 1.000000 11.000000 123370.494372 0.272183 1.686348 0.000000 0.000000 0.000000
2.000000 20.000000 1.000000 11.000000 9951.705791 0.015657 0.038949 0.000000 0.000000 -0.000000
2.000000 21.000000 1.000000 11.000000 5303.473605 0.008247 0.020167 0.000000 0.000000 -0.000000
2.000000 22.000000 1.000000 11.000000 4187.409534 0.006493 0.015815 0.000000 0.000000 0.000000
2.000000 23.000000 1.000000 11.000000 3567.579729 0.005524 0.013424 0.000000 0.000000 0.000000
2.000000 24.000000 1.000000 11.000000 3132.557712 0.004845 0.011756 0.000000 0.000000 0.000000
2.000000 1.000000 2.000000 11.000000 2786.404625 0.004306 0.010435 0.000000 0.000000 0.000000
2.000000 2.000000 2.000000 11.000000 2510.738220 0.003877 0.009387 0.000000 0.000000 0.000000
2.000000 3.000000 2.000000 11.000000 2278.370001 0.003516 0.008506 0.000000 0.000000 0.000000
2.000000 4.000000 2.000000 11.000000 2087.829848 0.003221 0.007786 0.000000 0.000000 0.000000
2.000000 5.000000 2.000000 11.000000 1928.739955 0.002974 0.007186 0.000000 0.000000 -0.000000
2.000000 6.000000 2.000000 11.000000 1799.683038 0.002774 0.006700 0.000000 0.000000 -0.000000
2.000000 7.000000 2.000000 11.000000 1748.131207 0.002694 0.006506 0.000000 0.000000 -0.000000
2.000000 8.000000 2.000000 11.000000 2471.333746 0.003816 0.009238 0.008185 0.000000 0.000000
2.000000 9.000000 2.000000 11.000000 2953.790701 0.004566 0.011073 0.008530 0.000000 0.000000
2.000000 10.000000 2.000000 11.000000 2839.343064 0.004388 0.010637 0.009262 0.000000 0.000000
2.000000 11.000000 2.000000 11.000000 2430.096145 0.003752 0.009081 0.009081 0.000000 -1082.320768
2.000000 12.000000 2.000000 11.000000 2187.540785 0.003375 0.008163 0.008163 0.000000 -6116.334970
2.000000 13.000000 2.000000 11.000000 1997.800265 0.003081 0.007446 0.007446 0.000000 -7451.409071
2.000000 14.000000 2.000000 11.000000 1802.780948 0.002779 0.006712 0.006712 0.000000 -8417.401240
2.000000 15.000000 2.000000 11.000000 3195.823621 0.004944 0.011998 0.009016 0.000000 0.000000
2.000000 16.000000 2.000000 11.000000 5656.664274 0.008804 0.021557 0.008804 661.223998 0.000000
2.000000 17.000000 2.000000 11.000000 8114.980578 0.012708 0.031398 0.012708 12552.814850 0.000000
2.000000 18.000000 2.000000 11.000000 9313.551140 0.014629 0.036306 0.014629 19598.705421 0.000000
2.000000 19.000000 2.000000 11.000000 131602.024614 0.299076 2.196134 0.000000 0.000000 0.000000
2.000000 20.000000 2.000000 11.000000 10869.984032 0.017142 0.042791 0.000000 0.000000 -0.000000
2.000000 21.000000 2.000000 11.000000 5819.589268 0.009061 0.022200 0.000000 0.000000 -0.000000
2.000000 22.000000 2.000000 11.000000 4576.699552 0.007104 0.017326 0.000000 0.000000 0.000000
2.000000 23.000000 2.000000 11.000000 3880.744218 0.006013 0.014630 0.000000 0.000000 0.000000
2.000000 24.000000 2.000000 11.000000 3383.042454 0.005236 0.012715 0.000000 0.000000 0.000000
2.000000 1.000000 3.000000 11.000000 3016.830568 0.004665 0.011314 0.000000 0.000000 0.000000
2.000000 2.000000 3.000000 11.000000 2725.186262 0.004211 0.010202 0.000000 0.000000 0.000000
2.000000 3.000000 3.000000 11.000000 2481.895303 0.003832 0.009278 0.000000 0.000000 0.000000
2.000000 4.000000 3.000000 11.000000 2287.228053 0.003530 0.008540 0.000000 0.000000 -0.000000
2.000000 5.000000 3.000000 11.000000 2123.635794 0.003276 0.007921 0.000000 0.000000 -0.000000
2.000000 6.000000 3.000000 11.000000 1985.405581 0.003062 0.007400 0.000000 0.000000 -0.000000
2.000000 7.000000 3.000000 11.000000 1936.696177 0.002986 0.007216 0.000000 0.000000 -0.000000
2.000000 8.000000 3.000000 11.000000 3950.946619 0.006123 0.014901 0.000000 0.000000 0.000000
2.000000 9.000000 3.000000 11.000000 5587.100573 0.008694 0.021283 0.000000 0.000000 0.000000
2.000000 10.000000 3.000000 11.000000 7373.667084 0.011526 0.028399 0.000000 0.000000 0.000000
2.000000 11.000000 3.000000 11.000000 9485.067246 0.014905 0.037014 0.000000 0.000000 0.000000
2.000000 12.000000 3.000000 11.000000 11122.307933 0.017551 0.043854 0.000000 0.000000 0.000000
2.000000 13.000000 3.000000 11.000000 12631.310603 0.020008 0.050285 0.000000 0.000000 0.000000
2.000000 14.000000 3.000000 11.000000 14673.029759 0.023364 0.059186 0.000000 0.000000 0.000000
2.000000 15.000000 3.000000 11.000000 45239.520078 0.078151 0.227596 0.000000 0.000000 0.000000
2.000000 16.000000 3.000000 11.000000 122987.959086 0.270971 1.667105 0.000000 0.000000 0.000000
2.000000 17.000000 3.000000 11.000000 240271.090932 0.905591 -2.093233 0.000000 0.000000 -0.000000
2.000000 18.000000 3.000000 11.000000 344218.979734 3.505249 -1.221053 0.000000 0.000000 -0.000000
2.000000 19.000000 3.000000 11.000000 238430.240869 0.888739 -2.132170 -0.000000 0.000000 -0.000000
2.000000 20.000000 3.000000 11.000000 15166.235799 0.024180 0.061372 0.000000 0.000000 0.000000
2.000000 21.000000 3.000000 11.000000 7531.000108 0.011776 0.029033 0.000000 0.000000 0.000000
2.000000 22.000000 3.000000 11.000000 5746.578643 0.008946 0.021911 0.000000 0.000000 0.000000
2.000000 23.000000 3.000000 11.000000 4759.036596 0.007390 0.018037 0.000000 0.000000 0.000000
2.000000 24.000000 3.000000 11.000000 4064.465618 0.006301 0.015339 0.000000 0.000000 0.000000
2.000000 1.000000 4.000000 11.000000 3554.139427 0.005503 0.013372 0.000000 0.000000 0.000000
2.000000 2.000000 4.000000 11.000000 3157.374315 0.004884 0.011851 0.000000 0.000000 0.000000
2.000000 3.000000 4.000000 11.000000 2838.596212 0.004387 0.010634 0.000000 0.000000 0.000000
2.000000 4.000000 4.000000 11.000000 2574.710590 0.003977 0.009630 0.000000 0.000000 0.000000
2.000000 5.000000 4.000000 11.000000 2358.399393 0.003641 0.008809 0.000000 0.000000 0.000000
2.000000 6.000000 4.000000 11.000000 2183.811516 0.003370 0.008149 0.000000 0.000000 -0.000000
2.000000 7.000000 4.000000 11.000000 2108.706534 0.003253 0.007865 0.000000 0.000000 -0.000000
2.000000 8.000000 4.000000 11.000000 4224.587343 0.006552 0.015959 0.000000 0.000000 0.000000
2.000000 9.000000 4.000000 11.000000 5942.609792 0.009256 0.022686 0.000000 0.000000 0.000000
2.000000 10.000000 4.000000 11.000000 7698.206226 0.012043 0.029708 0.000000 0.000000 0.000000
2.000000 11.000000 4.000000 11.000000 9899.919253 0.015573 0.038734 0.000000 0.000000 0.000000
2.000000 12.000000 4.000000 11.000000 11712.063019 0.018509 0.046353 0.000000 0.000000 0.000000
2.000000 13.000000 4.000000 11.000000 13307.087477 0.021115 0.053205 0.000000 0.000000 0.000000
2.000000 14.000000 4.000000 11.000000 15326.367678 0.024445 0.062085 0.000000 0.000000 0.000000
2.000000 15.000000 4.000000 11.000000 46497.819740 0.080606 0.236332 0.000000 0.000000 0.000000
2.000000 16.000000 4.000000 11.000000 125897.460797 0.280270 1.822073 0.000000 0.000000 0.000000
2.000000 17.000000 4.000000 11.000000 245349.856020 0.954095 -1.995527 0.000000 0.000000 -0.000000
2.000000 18.000000 4.000000 11.000000 351171.014130 4.035331 -1.198207 0.000000 0.000000 -0.000000
2.000000 19.000000 4.000000 11.000000 243785.637376 0.938831 -2.024207 -0.000000 0.000000 -0.000000
2.000000 20.000000 4.000000 11.000000 15605.680718 0.024909 0.063331 0.000000 0.000000 0.000000
2.000000 21.000000 4.000000 11.000000 7743.142595 0.012115 0.029890 0.000000 0.000000 0.000000
2.000000 22.000000 4.000000 11.000000 5880.362177 0.009157 0.022440 0.000000 0.000000 0.000000
2.000000 23.000000 4.000000 11.000000 4859.754062 0.007549 0.018430 0.000000 0.000000 0.000000
2.000000 24.000000 4.000000 11.000000 4155.239387 0.006443 0.015691 0.000000 0.000000 0.000000
2.000000 1.000000 5.000000 11.000000 3600.983698 0.005576 0.013552 0.000000 0.000000 0.000000
2.000000 2.000000 5.000000 11.000000 3167.611512 0.004900 0.011890 0.000000 0.000000 0.000000
2.000000 3.000000 5.000000 11.000000 2841.392031 0.004391 0.010645 0.000000 0.000000 0.000000
2.000000 4.000000 5.000000 11.000000 2584.278591 0.003991 0.009666 0.000000 0.000000 0.000000
2.000000 5.000000 5.000000 11.000000 2368.264914 0.003656 0.008847 0.000000 0.000000 0.000000
2.000000 6.000000 5.000000 11.000000 2212.216919 0.003414 0.008256 0.000000 0.000000 -0.000000
2.000000 7.000000 5.000000 11.000000 2125.183956 0.003279 0.007927 0.000000 0.000000 -0.000000
2.000000 8.000000 5.000000 11.000000 2477.030794 0.003825 0.009259 0.007538 0.000000 0.000000
2.000000 9.000000 5.000000 11.000000 3056.582557 0.004726 0.011466 0.009465 0.000000 0.000000
2.000000 10.000000 5.000000 11.000000 2738.373048 0.004231 0.010252 0.010252 0.000000 -269.822914
2.000000 11.000000 5.000000 11.000000 2368.926498 0.003657 0.008849 0.008849 0.000000 -5844.671156
2.000000 12.000000 5.000000 11.000000 2175.084543 0.003356 0.008116 0.008116 0.000000 -7471.953861
2.000000 13.000000 5.000000 11.000000 2017.521131 0.003112 0.007521 0.007521 0.000000 -9566.085545
2.000000 14.000000 5.000000 11.000000 1856.429061 0.002862 0.006914 0.006914 0.000000 -8293.186343
2.000000 15.000000 5.000000 11.000000 2865.237305 0.004428 0.010735 0.008723 0.000000 0.000000
2.000000 16.000000 5.000000 11.000000 5135.849704 0.007983 0.019510 0.008331 0.000000 0.000000
2.000000 17.000000 5.000000 11.000000 7431.610637 0.011618 0.028632 0.011618 10660.970577 0.000000
2.000000 18.000000 5.000000 11.000000 8677.699028 0.013609 0.033693 0.013609 18044.265704 0.000000
2.000000 19.000000 5.000000 11.000000 126052.238559 0.280770 1.830907 0.000000 0.000000 0.000000
2.000000 20.000000 5.000000 11.000000 10205.665450 0.016067 0.040007 0.000000 0.000000 -0.000000
2.000000 21.000000 5.000000 11.000000 5428.605021 0.008444 0.020659 0.000000 0.000000 -0.000000
2.000000 22.000000 5.000000 11.000000 4269.418499 0.006622 0.016133 0.000000 0.000000 0.000000
2.000000 23.000000 5.000000 11.000000 3631.411906 0.005623 0.013669 0.000000 0.000000 0.000000
2.000000 24.000000 5.000000 11.000000 3185.721293 0.004928 0.011959 0.000000 0.000000 0.000000
2.000000 1.000000 6.000000 11.000000 2844.609122 0.004396 0.010657 0.000000 0.000000 0.000000
2.000000 2.000000 6.000000 11.000000 2585.214321 0.003993 0.009670 0.000000 0.000000 0.000000
2.000000 3.000000 6.000000 11.000000 2385.621558 0.003683 0.008913 0.000000 0.000000 0.000000
2.000000 4.000000 6.000000 11.000000 2228.248211 0.003439 0.008317 0.000000 0.000000 -0.000000
2.000000 5.000000 6.000000 11.000000 2100.806906 0.003241 0.007835 0.000000 0.000000 -0.000000
2.000000 6.000000 6.000000 11.000000 2000.636910 0.003086 0.007457 0.000000 0.000000 -0.000000
2.000000 7.000000 6.000000 11.000000 1952.051836 0.003010 0.007274 0.000000 0.000000 -0.000000
2.000000 8.000000 6.000000 11.000000 2459.799906 0.003798 0.009194 0.008005 0.000000 0.000000
2.000000 9.000000 6.000000 11.000000 3086.274326 0.004773 0.011579 0.009371 0.000000 0.000000
2.000000 10.000000 6.000000 11.000000 2818.818654 0.004356 0.010559 0.010559 0.000000 -643.313663
2.000000 11.000000 6.000000 11.000000 2413.554757 0.003726 0.009018 0.009018 0.000000 -6787.646524
2.000000 12.000000 6.000000 11.000000 2210.130190 0.003410 0.008248 0.008248 0.000000 -7512.830715
2.000000 13.000000 6.000000 11.000000 2036.415759 0.003141 0.007592 0.007592 0.000000 -10045.155081
2.000000 14.000000 6.000000 11.000000 1908.156751 0.002942 0.007108 0.007108 0.000000 -8356.950396
2.000000 15.000000 6.000000 11.000000 2844.943316 0.004397 0.010658 0.008783 0.000000 0.000000
2.000000 16.000000 6.000000 11.000000 5143.271248 0.007995 0.019539 0.008233 0.000000 0.000000
2.000000 17.000000 6.000000 11.000000 7460.375007 0.011664 0.028748 0.011664 11597.099209 0.000000
2.000000 18.000000 6.000000 11.000000 8740.896176 0.013710 0.033952 0.013710 16561.349531 0.000000
2.000000 19.000000 6.000000 11.000000 125584.244315 0.279260 1.804390 0.000000 0.000000 0.000000
2.000000 20.000000 6.000000 11.000000 10253.720347 0.016144 0.040208 0.000000 0.000000 -0.000000
2.000000 21.000000 6.000000 11.000000 5478.616027 0.008523 0.020855 0.000000 0.000000 -0.000000
2.000000 22.000000 6.000000 11.000000 4339.636058 0.006732 0.016405 0.000000 0.000000 0.000000
2.000000 23.000000 6.000000 11.000000 3749.535504 0.005808 0.014124 0.000000 0.000000 0.000000
2.000000 24.000000 6.000000 11.000000 3323.858922 0.005143 0.012488 0.000000 0.000000 0.000000
2.000000 1.000000 7.000000 11.000000 2991.591862 0.004625 0.011217 0.000000 0.000000 0.000000
2.000000 2.000000 7.000000 11.000000 2735.681542 0.004227 0.010242 0.000000 0.000000 0.000000
2.000000 3.000000 7.000000 11.000000 2516.667415 0.003886 0.009410 0.000000 0.000000 0.000000
2.000000 4.000000 7.000000 11.000000 2332.633479 0.003601 0.008712 0.000000 0.000000 0.000000
2.000000 5.000000 7.000000 11.000000 2191.214291 0.003381 0.008177 0.000000 0.000000 -0.000000
2.000000 6.000000 7.000000 11.000000 2067.358863 0.003189 0.007709 0.000000 0.000000 -0.000000
2.000000 7.000000 7.000000 11.000000 2015.242054 0.003108 0.007512 0.000000 0.000000 -0.000000
2.000000 8.000000 7.000000 11.000000 2481.008710 0.003831 0.009274 0.007313 0.000000 0.000000
2.000000 9.000000 7.000000 11.000000 3019.707699 0.004669 0.011325 0.008510 0.000000 0.000000
2.000000 10.000000 7.000000 11.000000 2858.641374 0.004418 0.010710 0.010005 0.000000 0.000000
2.000000 11.000000 7.000000 11.000000 2413.421985 0.003726 0.009018 0.009018 0.000000 -12949.737664
2.000000 12.000000 7.000000 11.000000 2165.778402 0.003342 0.008081 0.008081 0.000000 -15846.805613
2.000000 13.000000 7.000000 11.000000 1994.487428 0.003076 0.007434 0.007434 0.000000 -11432.052639
2.000000 14.000000 7.000000 11.000000 1806.554758 0.002785 0.006726 0.006726 0.000000 -12530.171097
2.000000 15.000000 7.000000 11.000000 3189.299819 0.004933 0.011973 0.010326 0.000000 0.000000
2.000000 16.000000 7.000000 11.000000 5675.822853 0.008834 0.021632 0.009124 0.000000 0.000000
2.000000 17.000000 7.000000 11.000000 8171.457859 0.012798 0.031627 0.012798 10879.596601 0.000000
2.000000 18.000000 7.000000 11.000000 9591.109126 0.015076 0.037453 0.015076 19288.613932 0.000000
2.000000 19.000000 7.000000 11.000000 134601.804215 0.309283 2.442793 0.000000 0.000000 0.000000
2.000000 20.000000 7.000000 11.000000 11243.896315 0.017748 0.044368 0.000000 0.000000 -0.000000
2.000000 21.000000 7.000000 11.000000 6013.781502 0.009368 0.022968 0.000000 0.000000 -0.000000
2.000000 22.000000 7.000000 11.000000 4732.687038 0.007349 0.017934 0.000000 0.000000 -0.000000
2.000000 23.000000 7.000000 11.000000 4024.016236 0.006237 0.015183 0.000000 0.000000 0.000000
2.000000 24.000000 7.000000 11.000000 3506.072215 0.005428 0.013187 0.000000 0.000000 0.000000
2.000000 1.000000 1.000000 11.000000 3118.078947 0.004822 0.011701 0.000000 0.000000 0.000000
2.000000 2.000000 1.000000 11.000000 2838.463268 0.004387 0.010633 0.000000 0.000000 0.000000
2.000000 3.000000 1.000000 11.000000 2609.302548 0.004030 0.009761 0.000000 0.000000 -0.000000
2.000000 4.000000 1.000000 11.000000 2414.608240 0.003728 0.009022 0.000000 0.000000 -0.000000
2.000000 5.000000 1.000000 11.000000 2251.928959 0.003475 0.008406 0.000000 0.000000 -0.000000
2.000000 6.000000 1.000000 11.000000 2112.640556 0.003259 0.007880 0.000000 0.000000 -0.000000
2.000000 7.000000 1.000000 11.000000 2040.679485 0.003148 0.007608 0.000000 0.000000 -0.000000
2.000000 8.000000 1.000000 11.000000 2516.728891 0.003886 0.009410 0.008076 0.000000 0.000000
2.000000 9.000000 1.000000 11.000000 3123.533239 0.004831 0.011721 0.009830 0.000000 0.000000
2.000000 10.000000 1.000000 11.000000 2767.095431 0.004276 0.010362 0.010362 0.000000 -238.997543
2.000000 11.000000 1.000000 11.000000 2395.532405 0.003698 0.008950 0.008950 0.000000 -6152.183367
2.000000 12.000000 1.000000 11.000000 2192.459851 0.003383 0.008181 0.008181 0.000000 -8437.254803
2.000000 13.000000 1.000000 11.000000 2026.647159 0.003126 0.007555 0.007555 0.000000 -9892.722510
2.000000 14.000000 1.000000 11.000000 1841.575924 0.002839 0.006858 0.006858 0.000000 -9961.093235
2.000000 15.000000 1.000000 11.000000 2991.392042 0.004625 0.011217 0.009288 0.000000 0.000000
2.000000 16.000000 1.000000 11.000000 5329.401105 0.008288 0.020269 0.008460 0.000000 0.000000
2.000000 17.000000 1.000000 11.000000 7602.201583 0.011890 0.029320 0.011890 11304.790304 0.000000
2.000000 18.000000 1.000000 11.000000 8937.173826 0.014025 0.034757 0.014025 16625.320329 0.000000
2.000000 19.000000 1.000000 11.000000 128854.820462 0.289923 2.002682 0.000000 0.000000 0.000000
2.000000 20.000000 1.000000 11.000000 10605.433930 0.016713 0.041679 0.000000 0.000000 -0.000000
2.000000 21.000000 1.000000 11.000000 5669.420086 0.008824 0.021607 0.000000 0.000000 -0.000000
2.000000 22.000000 1.000000 11.000000 4468.852019 0.006935 0.016907 0.000000 0.000000 -0.000000
2.000000 23.000000 1.000000 11.000000 3806.049965 0.005896 0.014342 0.000000 0.000000 0.000000
2.000000 24.000000 1.000000 11.000000 3314.256906 0.005128 0.012451 0.000000 0.000000 0.000000
2.000000 1.000000 2.000000 11.000000 2954.751073 0.004568 0.011077 0.000000 0.000000 0.000000
2.000000 2.000000 2.000000 11.000000 2673.624337 0.004130 0.010006 0.000000 0.000000 0.000000
2.000000 3.000000 2.000000 11.000000 2442.473151 0.003771 0.009128 0.000000 0.000000 0.000000
2.000000 4.000000 2.000000 11.000000 2269.477821 0.003503 0.008473 0.000000 0.000000 -0.000000
2.000000 5.000000 2.000000 11.000000 2128.890593 0.003284 0.007941 0.000000 0.000000 -0.000000
2.000000 6.000000 2.000000 11.000000 1996.163264 0.003079 0.007440 0.000000 0.000000 -0.000000
2.000000 7.000000 2.000000 11.000000 1952.659740 0.003011 0.007276 0.000000 0.000000 -0.000000
2.000000 8.000000 2.000000 11.000000 2414.988776 0.003728 0.009024 0.007994 0.000000 0.000000
2.000000 9.000000 2.000000 11.000000 3013.388191 0.004659 0.011301 0.009803 0.000000 0.000000
2.000000 10.000000 2.000000 11.000000 2876.440302 0.004446 0.010778 0.009732 0.000000 0.000000
2.000000 11.000000 2.000000 11.000000 2495.090256 0.003853 0.009328 0.009328 0.000000 -2618.864954
2.000000 12.000000 2.000000 11.000000 2293.435635 0.003540 0.008563 0.008563 0.000000 -6513.372564
2.000000 13.000000 2.000000 11.000000 2117.922718 0.003267 0.007900 0.007900 0.000000 -10120.781854
2.000000 14.000000 2.000000 11.000000 1961.466214 0.003025 0.007309 0.007309 0.000000 -8050.924538
2.000000 15.000000 2.000000 11.000000 2724.273202 0.004209 0.010199 0.009164 0.000000 0.000000
2.000000 16.000000 2.000000 11.000000 4849.065871 0.007532 0.018388 0.008301 0.000000 0.000000
2.000000 17.000000 2.000000 11.000000 7107.327991 0.011102 0.027328 0.011102 7803.444202 0.000000
2.000000 18.000000 2.000000 11.000000 8329.191712 0.013051 0.032270 0.013051 16583.626651 0.000000
2.000000 19.000000 2.000000 11.000000 122407.644613 0.269140 1.638517 0.000000 0.000000 0.000000
2.000000 20.000000 2.000000 11.000000 9911.473528 0.015592 0.038782 0.000000 0.000000 -0.000000
2.000000 21.000000 2.000000 11.000000 5283.751549 0.008216 0.020090 0.000000 0.000000 -0.000000
2.000000 22.000000 2.000000 11.000000 4152.115195 0.006438 0.015679 0.000000 0.000000 -0.000000
2.000000 23.000000 2.000000 11.000000 3540.267385 0.005481 0.013319 0.000000 0.000000 0.000000
2.000000 24.000000 2.000000 11.000000 3093.515673 0.004784 0.011607 0.000000 0.000000 0.000000
2.000000 1.000000 3.000000 11.000000 2784.257513 0.004302 0.010427 0.000000 0.000000 0.000000
2.000000 2.000000 3.000000 11.000000 2559.069388 0.003952 0.009571 0.000000 0.000000 0.000000
2.000000 3.000000 3.000000 11.000000 2381.415850 0.003676 0.008897 0.000000 0.000000 -0.000000
2.000000 4.000000 3.000000 11.000000 2224.579683 0.003433 0.008303 0.000000 0.000000 -0.000000
2.000000 5.000000 3.000000 11.000000 2096.721100 0.003234 0.007820 0.000000 0.000000 -0.000000
2.000000 6.000000 3.000000 11.000000 1977.957832 0.003050 0.007372 0.000000 0.000000 -0.000000
2.000000 7.000000 3.000000 11.000000 1943.743413 0.002997 0.007243 0.000000 0.000000 -0.000000
2.000000 8.000000 3.000000 11.000000 3874.212378 0.006003 0.014605 0.000000 0.000000 0.000000
2.000000 9.000000 3.000000 11.000000 5438.693256 0.008460 0.020698 0.000000 0.000000 0.000000
2.000000 10.000000 3.000000 11.000000 7097.089807 0.011086 0.027287 0.000000 0.000000 0.000000
2.000000 11.000000 3.000000 11.000000 9010.766597 0.014143 0.035059 0.000000 0.000000 0.000000
2.000000 12.000000 3.000000 11.000000 10555.933103 0.016633 0.041472 0.000000 0.000000 0.000000
2.000000 13.000000 3.000000 11.000000 11995.749732 0.018971 0.047561 0.000000 0.000000 0.000000
2.000000 14.000000 3.000000 11.000000 13612.596838 0.021617 0.054534 0.000000 0.000000 0.000000
2.000000 15.000000 3.000000 11.000000 41946.485781 0.071805 0.205554 0.000000 0.000000 0.000000
2.000000 16.000000 3.000000 11.000000 115176.968851 0.246930 1.334129 0.000000 0.000000 0.000000
2.000000 17.000000 3.000000 11.000000 226800.444688 0.790309 -2.435370 0.000000 0.000000 -0.000000
2.000000 18.000000 3.000000 11.000000 326152.081347 2.563132 -1.289867 0.000000 0.000000 -0.000000
2.000000 19.000000 3.000000 11.000000 226123.831180 0.784976 -2.456802 -0.000000 0.000000 -0.000000
2.000000 20.000000 3.000000 11.000000 14139.245079 0.022483 0.056836 0.000000 0.000000 0.000000
2.000000 21.000000 3.000000 11.000000 7010.948897 0.010949 0.026941 0.000000 0.000000 0.000000
2.000000 22.000000 3.000000 11.000000 5357.211936 0.008332 0.020378 0.000000 0.000000 0.000000
2.000000 23.000000 3.000000 11.000000 4467.817477 0.006933 0.016903 0.000000 0.000000 0.000000
2.000000 24.000000 3.000000 11.000000 3841.542237 0.005952 0.014479 0.000000 0.000000 0.000000
2.000000 1.000000 4.000000 11.000000 3468.577268 0.005369 0.013043 0.000000 0.000000 0.000000
2.000000 2.000000 4.000000 11.000000 3107.885161 0.004806 0.011662 0.000000 0.000000 0.000000
2.000000 3.000000 4.000000 11.000000 2823.681074 0.004364 0.010577 0.000000 0.000000 0.000000
2.000000 4.000000 4.000000 11.000000 2597.755912 0.004012 0.009718 0.000000 0.000000 0.000000
2.000000 5.000000 4.000000 11.000000 2420.780506 0.003737 0.009046 0.000000 0.000000 0.000000
2.000000 6.000000 4.000000 11.000000 2276.372261 0.003513 0.008499 0.000000 0.000000 -0.000000
2.000000 7.000000 4.000000 11.000000 2196.408523 0.003389 0.008196 0.000000 0.000000 -0.000000
2.000000 8.000000 4.000000 11.000000 4405.901903 0.006836 0.016663 0.000000 0.000000 0.000000
2.000000 9.000000 4.000000 11.000000 6279.897977 0.009789 0.024023 0.000000 0.000000 0.000000
2.000000 10.000000 4.000000 11.000000 8124.042231 0.012723 0.031435 0.000000 0.000000 0.000000
2.000000 11.000000 4.000000 11.000000 10399.275585 0.016380 0.040816 0.000000 0.000000 0.000000
2.000000 12.000000 4.000000 11.000000 12156.333558 0.019233 0.048247 0.000000 0.000000 0.000000
2.000000 13.000000 4.000000 11.000000 13819.450607 0.021957 0.055436 0.000000 0.000000 0.000000
2.000000 14.000000 4.000000 11.000000 15853.663946 0.025321 0.064442 0.000000 0.000000 0.000000
2.000000 15.000000 4.000000 11.000000 47726.986489 0.083021 0.245041 0.000000 0.000000 0.000000
2.000000 16.000000 4.000000 11.000000 128879.011481 0.290002 2.004270 0.000000 0.000000 0.000000
2.000000 17.000000 4.000000 11.000000 248880.122046 0.989666 -1.934919 0.000000 0.000000 -0.000000
2.000000 18.000000 4.000000 11.000000 353270.145795 4.223230 -1.191648 0.000000 0.000000 -0.000000
2.000000 19.000000 4.000000 11.000000 244188.653747 0.942735 -2.016704 -0.000000 0.000000 -0.000000
2.000000 20.000000 4.000000 11.000000 15613.171972 0.024921 0.063365 0.000000 0.000000 0.000000
2.000000 21.000000 4.000000 11.000000 7724.570167 0.012085 0.029815 0.000000 0.000000 0.000000
2.000000 22.000000 4.000000 11.000000 5853.062768 0.009114 0.022332 0.000000 0.000000 0.000000
2.000000 23.000000 4.000000 11.000000 4850.690185 0.007534 0.018394 0.000000 0.000000 0.000000
2.000000 24.000000 4.000000 11.000000 4122.116335 0.006391 0.015562 0.000000 0.000000 0.000000
2.000000 1.000000 5.000000 11.000000 3593.734721 0.005565 0.013524 0.000000 0.000000 0.000000
2.000000 2.000000 5.000000 11.000000 3191.660525 0.004937 0.011982 0.000000 0.000000 0.000000
2.000000 3.000000 5.000000 11.000000 2869.752813 0.004436 0.010753 0.000000 0.000000 0.000000
2.000000 4.000000 5.000000 11.000000 2596.979734 0.004011 0.009715 0.000000 0.000000 0.000000
2.000000 5.000000 5.000000 11.000000 2370.260299 0.003659 0.008854 0.000000 0.000000 0.000000
2.000000 6.000000 5.000000 11.000000 2177.073172 0.003359 0.008123 0.000000 0.000000 0.000000
2.000000 7.000000 5.000000 11.000000 2093.664928 0.003230 0.007808 0.000000 0.000000 -0.000000
2.000000 8.000000 5.000000 11.000000 2459.356912 0.003797 0.009192 0.008279 0.000000 0.000000
2.000000 9.000000 5.000000 11.000000 2988.205441 0.004620 0.011204 0.009028 0.000000 0.000000
2.000000 10.000000 5.000000 11.000000 2750.121203 0.004249 0.010297 0.010297 0.000000 -819.391900
2.000000 11.000000 5.000000 11.000000 2396.187467 0.003699 0.008953 0.008953 0.000000 -5660.937197
2.000000 12.000000 5.000000 11.000000 2185.336014 0.003372 0.008155 0.008155 0.000000 -7526.605777
2.000000 13.000000 5.000000 11.000000 2012.138803 0.003103 0.007500 0.007500 0.000000 -8014.175984
2.000000 14.000000 5.000000 11.000000 1853.011119 0.002857 0.006901 0.006901 0.000000 -5893.264873
2.000000 15.000000 5.000000 11.000000 2905.509150 0.004491 0.010889 0.009036 0.000000 0.000000
2.000000 16.000000 5.000000 11.000000 5173.752092 0.008043 0.019658 0.009783 0.000000 0.000000
2.000000 17.000000 5.000000 11.000000 7473.191540 0.011684 0.028800 0.011684 9148.567851 0.000000
2.000000 18.000000 5.000000 11.000000 8633.217777 0.013537 0.033511 0.013537 16016.638736 0.000000
2.000000 19.000000 5.000000 11.000000 126027.383676 0.280690 1.829484 0.000000 0.000000 0.000000
2.000000 20.000000 5.000000 11.000000 10243.550890 0.016128 0.040165 0.000000 0.000000 -0.000000
2.000000 21.000000 5.000000 11.000000 5471.716579 0.008512 0.020828 0.000000 0.000000 -0.000000
2.000000 22.000000 5.000000 11.000000 4316.906136 0.006696 0.016317 0.000000 0.000000 0.000000
2.000000 23.000000 5.000000 11.000000 3691.676619 0.005718 0.013901 0.000000 0.000000 0.000000
2.000000 24.000000 5.000000 11.000000 3238.663527 0.005010 0.012162 0.000000 0.000000 0.000000
2.000000 1.000000 6.000000 11.000000 2889.261450 0.004466 0.010827 0.000000 0.000000 0.000000
2.000000 2.000000 6.000000 11.000000 2624.154480 0.004053 0.009818 0.000000 0.000000 0.000000
2.000000 3.000000 6.000000 11.000000 2426.532506 0.003746 0.009068 0.000000 0.000000 0.000000
2.000000 4.000000 6.000000 11.000000 2265.581791 0.003496 0.008458 0.000000 0.000000 -0.000000
2.000000 5.000000 6.000000 11.000000 2137.046428 0.003297 0.007972 0.000000 0.000000 -0.000000
2.000000 6.000000 6.000000 11.000000 2020.044656 0.003116 0.007530 0.000000 0.000000 -0.000000
2.000000 7.000000 6.000000 11.000000 1979.137971 0.003052 0.007376 0.000000 0.000000 -0.000000
2.000000 8.000000 6.000000 11.000000 2441.768283 0.003770 0.009125 0.008393 0.000000 0.000000
2.000000 9.000000 6.000000 11.000000 3019.279233 0.004668 0.011323 0.009177 0.000000 0.000000
2.000000 10.000000 6.000000 11.000000 2852.315130 0.004408 0.010686 0.010686 0.000000 -578.091897
2.000000 11.000000 6.000000 11.000000 2481.794598 0.003832 0.009277 0.009277 0.000000 -5542.511826
2.000000 12.000000 6.000000 11.000000 2291.397772 0.003537 0.008556 0.008556 0.000000 -6516.728364
2.000000 13.000000 6.000000 11.000000 2130.703237 0.003287 0.007948 0.007948 0.000000 -5862.461966
2.000000 14.000000 6.000000 11.000000 1998.239958 0.003082 0.007448 0.007448 0.000000 -1024.112392
2.000000 15.000000 6.000000 11.000000 2620.715608 0.004048 0.009805 0.008246 0.000000 0.000000
2.000000 16.000000 6.000000 11.000000 4688.728538 0.007280 0.017763 0.008966 0.000000 0.000000
2.000000 17.000000 6.000000 11.000000 6873.314267 0.010730 0.026390 0.010730 8452.534535 0.000000
2.000000 18.000000 6.000000 11.000000 8010.213998 0.012541 0.030972 0.012541 15015.999641 0.000000
2.000000 19.000000 6.000000 11.000000 119857.483176 0.261178 1.520913 0.000000 0.000000 0.000000
2.000000 20.000000 6.000000 11.000000 9565.482823 0.015035 0.037347 0.000000 0.000000 -0.000000
2.000000 21.000000 6.000000 11.000000 5077.777422 0.007892 0.019282 0.000000 0.000000 -0.000000
2.000000 22.000000 6.000000 11.000000 4000.435377 0.006201 0.015092 0.000000 0.000000 0.000000
2.000000 23.000000 6.000000 11.000000 3426.975758 0.005304 0.012884 0.000000 0.000000 0.000000
2.000000 24.000000 6.000000 11.000000 3027.535282 0.004681 0.011355 0.000000 0.000000 0.000000
2.000000 1.000000 7.000000 11.000000 2739.842315 0.004233 0.010258 0.000000 0.000000 0.000000
2.000000 2.000000 7.000000 11.000000 2519.453693 0.003891 0.009420 0.000000 0.000000 0.000000
2.000000 3.000000 7.000000 11.000000 2339.313372 0.003611 0.008737 0.000000 0.000000 0.000000
2.000000 4.000000 7.000000 11.000000 2189.620989 0.003379 0.008171 0.000000 0.000000 -0.000000
2.000000 5.000000 7.000000 11.000000 2077.485668 0.003205 0.007747 0.000000 0.000000 -0.000000
2.000000 6.000000 7.000000 11.000000 1979.836637 0.003053 0.007379 0.000000 0.000000 -0.000000
2.000000 7.000000 7.000000 11.000000 1948.225501 0.003004 0.007259 0.000000 0.000000 -0.000000
2.000000 8.000000 7.000000 11.000000 2422.696380 0.003740 0.009053 0.008870 0.000000 0.000000
2.000000 9.000000 7.000000 11.000000 2934.805701 0.004537 0.011001 0.009779 0.000000 0.000000
2.000000 10.000000 7.000000 11.000000 2875.701057 0.004445 0.010775 0.010775 0.000000 -3507.681540
2.000000 11.000000 7.000000 11.000000 2445.072330 0.003775 0.009138 0.009138 0.000000 -10060.905619
2.000000 12.000000 7.000000 11.000000 2224.990006 0.003433 0.008304 0.008304 0.000000 -11068.880465
2.000000 13.000000 7.000000 11.000000 2066.190822 0.003187 0.007704 0.007704 0.000000 -9744.655610
2.000000 14.000000 7.000000 11.000000 1918.132784 0.002958 0.007146 0.007146 0.000000 -5871.957211
2.000000 15.000000 7.000000 11.000000 2829.414776 0.004373 0.010599 0.009233 0.000000 0.000000
2.000000 16.000000 7.000000 11.000000 5038.655306 0.007830 0.019129 0.009590 0.000000 0.000000
2.000000 17.000000 7.000000 11.000000 7351.544277 0.011491 0.028310 0.011491 8531.711380 0.000000
2.000000 18.000000 7.000000 11.000000 8561.047594 0.013422 0.033216 0.013422 15625.851755 0.000000
2.000000 19.000000 7.000000 11.000000 124935.366351 0.277174 1.768558 0.000000 0.000000 0.000000
2.000000 20.000000 7.000000 11.000000 10148.517020 0.015975 0.039769 0.000000 0.000000 -0.000000
2.000000 21.000000 7.000000 11.000000 5401.034301 0.008401 0.020550 0.000000 0.000000 -0.000000
2.000000 22.000000 7.000000 11.000000 4254.806417 0.006599 0.016076 0.000000 0.000000 0.000000
2.000000 23.000000 7.000000 11.000000 3624.116698 0.005612 0.013641 0.000000 0.000000 0.000000
2.000000 24.000000 7.000000 11.000000 3173.634484 0.004909 0.011913 0.000000 0.000000 0.000000
2.000000 1.000000 1.000000 12.000000 2843.398697 0.004394 0.010652 0.000000 0.000000 0.000000
2.000000 2.000000 1.000000 12.000000 2575.036601 0.003977 0.009631 0.000000 0.000000 0.000000
2.000000 3.000000 1.000000 12.000000 2371.670679 0.003661 0.008860 0.000000 0.000000 -0.000000
2.000000 4.000000 1.000000 12.000000 2194.674808 0.003386 0.008190 0.000000 0.000000 -0.000000
2.000000 5.000000 1.000000 12.000000 2073.027599 0.003198 0.007730 0.000000 0.000000 -0.000000
2.000000 6.000000 1.000000 12.000000 1975.112806 0.003046 0.007361 0.000000 0.000000 -0.000000
2.000000 7.000000 1.000000 12.000000 1932.581860 0.002980 0.007200 0.000000 0.000000 -0.000000
2.000000 8.000000 1.000000 12.000000 2477.775233 0.003826 0.009262 0.008798 0.000000 0.000000
2.000000 9.000000 1.000000 12.000000 3047.702010 0.004713 0.011432 0.009840 0.000000 0.000000
2.000000 10.000000 1.000000 12.000000 2870.319434 0.004436 0.010755 0.010755 0.000000 -113.786345
2.000000 11.000000 1.000000 12.000000 2483.545178 0.003835 0.009284 0.009284 0.000000 -4934.605971
2.000000 12.000000 1.000000 12.000000 2348.064649 0.003624 0.008770 0.008770 0.000000 -5781.161644
2.000000 13.000000 1.000000 12.000000 2209.343491 0.003409 0.008245 0.008245 0.000000 -5308.280561
2.000000 14.000000 1.000000 12.000000 2127.047990 0.003282 0.007934 0.007934 0.000000 -51.629489
2.000000 15.000000 1.000000 12.000000 2582.148564 0.003988 0.009658 0.009016 0.000000 0.000000
2.000000 16.000000 1.000000 12.000000 4591.479107 0.007127 0.017384 0.010078 0.000000 0.000000
2.000000 17.000000 1.000000 12.000000 6874.924266 0.010733 0.026396 0.010733 6072.073999 0.000000
2.000000 18.000000 1.000000 12.000000 8267.801858 0.012953 0.032020 0.012953 13699.341815 0.000000
2.000000 19.000000 1.000000 12.000000 122309.236972 0.268830 1.633740 0.000000 0.000000 0.000000
2.000000 20.000000 1.000000 12.000000 21674.108157 0.035142 0.091584 0.000000 0.000000 -0.000000
2.000000 21.000000 1.000000 12.000000 6385.837463 0.009957 0.024445 0.000000 0.000000 -0.000000
2.000000 22.000000 1.000000 12.000000 4502.210253 0.006987 0.017037 0.000000 0.000000 -0.000000
2.000000 23.000000 1.000000 12.000000 3750.320221 0.005809 0.014127 0.000000 0.000000 0.000000
2.000000 24.000000 1.000000 12.000000 3234.192480 0.005003 0.012145 0.000000 0.000000 0.000000
2.000000 1.000000 2.000000 12.000000 2897.032998 0.004478 0.010857 0.000000 0.000000 0.000000
2.000000 2.000000 2.000000 12.000000 2639.567907 0.004077 0.009876 0.000000 0.000000 0.000000
2.000000 3.000000 2.000000 12.000000 2436.358191 0.003762 0.009105 0.000000 0.000000 -0.000000
2.000000 4.000000 2.000000 12.000000 2267.090848 0.003499 0.008464 0.000000 0.000000 -0.000000
2.000000 5.000000 2.000000 12.000000 2132.718495 0.003290 0.007956 0.000000 0.000000 -0.000000
2.000000 6.000000 2.000000 12.000000 1996.775894 0.003080 0.007443 0.000000 0.000000 -0.000000
2.000000 7.000000 2.000000 12.000000 1957.533611 0.003019 0.007295 0.000000 0.000000 -0.000000
2.000000 8.000000 2.000000 12.000000 2464.552103 0.003805 0.009212 0.008306 0.000000 0.000000
2.000000 9.000000 2.000000 12.000000 2943.345762 0.004550 0.011033 0.008732 0.000000 0.000000
2.000000 10.000000 2.000000 12.000000 2890.887047 0.004468 0.010833 0.009477 0.000000 0.000000
2.000000 11.000000 2.000000 12.000000 2542.649524 0.003927 0.009508 0.009508 0.000000 -2286.924069
2.000000 12.000000 2.000000 12.000000 2419.832844 0.003736 0.009042 0.009042 0.000000 -3703.886199
2.000000 13.000000 2.000000 12.000000 2268.830260 0.003501 0.008470 0.008470 0.000000 -3382.084150
2.000000 14.000000 2.000000 12.000000 2207.703018 0.003407 0.008239 0.007743 0.000000 0.000000
2.000000 15.000000 2.000000 12.000000 2415.720608 0.003730 0.009027 0.008427 0.000000 0.000000
2.000000 16.000000 2.000000 12.000000 4269.770539 0.006622 0.016134 0.008771 0.000000 0.000000
2.000000 17.000000 2.000000 12.000000 6416.888959 0.010006 0.024568 0.010006 5615.443872 0.000000
2.000000 18.000000 2.000000 12.000000 7646.532904 0.011961 0.029499 0.011961 12629.214514 0.000000
2.000000 19.000000 2.000000 12.000000 115538.089222 0.248013 1.347373 0.000000 0.000000 0.000000
2.000000 20.000000 2.000000 12.000000 20542.682758 0.033209 0.086141 0.000000 0.000000 -0.000000
2.000000 21.000000 2.000000 12.000000 6107.395508 0.009516 0.023339 0.000000 0.000000 -0.000000
2.000000 22.000000 2.000000 12.000000 4379.330395 0.006794 0.016559 0.000000 0.000000 -0.000000
2.000000 23.000000 2.000000 12.000000 3680.775830 0.005701 0.013859 0.000000 0.000000 0.000000
2.000000 24.000000 2.000000 12.000000 3208.199110 0.004963 0.012045 0.000000 0.000000 0.000000
2.000000 1.000000 3.000000 12.000000 2889.268744 0.004466 0.010827 0.000000 0.000000 0.000000
2.000000 2.000000 3.000000 12.000000 2645.066069 0.004086 0.009897 0.000000 0.000000 0.000000
2.000000 3.000000 3.000000 12.000000 2447.990870 0.003780 0.009149 0.000000 0.000000 -0.000000
2.000000 4.000000 3.000000 12.000000 2278.989617 0.003517 0.008509 0.000000 0.000000 -0.000000
2.000000 5.000000 3.000000 12.000000 2151.333572 0.003319 0.008026 0.000000 0.000000 -0.000000
2.000000 6.000000 3.000000 12.000000 2031.140676 0.003133 0.007572 0.000000 0.000000 -0.000000
2.000000 7.000000 3.000000 12.000000 1977.015367 0.003049 0.007368 0.000000 0.000000 -0.000000
2.000000 8.000000 3.000000 12.000000 3925.430332 0.006083 0.014802 0.000000 0.000000 0.000000
2.000000 9.000000 3.000000 12.000000 5153.904100 0.008011 0.019580 0.000000 0.000000 0.000000
2.000000 10.000000 3.000000 12.000000 7554.191916 0.011813 0.029126 0.000000 0.000000 0.000000
2.000000 11.000000 3.000000 12.000000 9709.173936 0.015266 0.037942 0.000000 0.000000 0.000000
2.000000 12.000000 3.000000 12.000000 10880.571321 0.017159 0.042835 0.000000 0.000000 0.000000
2.000000 13.000000 3.000000 12.000000 11987.036356 0.018957 0.047524 0.000000 0.000000 0.000000
2.000000 14.000000 3.000000 12.000000 12859.208870 0.020381 0.051267 0.000000 0.000000 0.000000
2.000000 15.000000 3.000000 12.000000 36091.165708 0.060802 0.169062 0.000000 0.000000 0.000000
2.000000 16.000000 3.000000 12.000000 98561.909336 0.199863 0.871893 0.000000 0.000000 0.000000
2.000000 17.000000 3.000000 12.000000 195708.532244 0.580800 -4.536514 0.000000 0.000000 -0.000000
2.000000 18.000000 3.000000 12.000000 288099.710353 1.528990 -1.503028 0.000000 0.000000 -0.000000
2.000000 19.000000 3.000000 12.000000 214796.387498 0.701317 -2.909393 -0.000000 0.000000 -0.000000
2.000000 20.000000 3.000000 12.000000 29096.670138 0.048107 0.129477 0.000000 0.000000 0.000000
2.000000 21.000000 3.000000 12.000000 8363.199820 0.013105 0.032408 0.000000 0.000000 -0.000000
2.000000 22.000000 3.000000 12.000000 5780.728923 0.009000 0.022046 0.000000 0.000000 -0.000000
2.000000 23.000000 3.000000 12.000000 4683.010657 0.007271 0.017740 0.000000 0.000000 0.000000
2.000000 24.000000 3.000000 12.000000 3957.543622 0.006133 0.014926 0.000000 0.000000 0.000000
2.000000 1.000000 4.000000 12.000000 3507.331483 0.005430 0.013192 0.000000 0.000000 0.000000
2.000000 2.000000 4.000000 12.000000 3139.936290 0.004856 0.011784 0.000000 0.000000 0.000000
2.000000 3.000000 4.000000 12.000000 2840.048280 0.004389 0.010639 0.000000 0.000000 0.000000
2.000000 4.000000 4.000000 12.000000 2604.012757 0.004022 0.009741 0.000000 0.000000 0.000000
2.000000 5.000000 4.000000 12.000000 2427.480195 0.003748 0.009071 0.000000 0.000000 -0.000000
2.000000 6.000000 4.000000 12.000000 2268.532549 0.003501 0.008469 0.000000 0.000000 -0.000000
2.000000 7.000000 4.000000 12.000000 2210.563991 0.003411 0.008250 0.000000 0.000000 -0.000000
2.000000 8.000000 4.000000 12.000000 4275.375619 0.006631 0.016156 0.000000 0.000000 0.000000
2.000000 9.000000 4.000000 12.000000 5563.786999 0.008657 0.021191 0.000000 0.000000 0.000000
2.000000 10.000000 4.000000 12.000000 7702.660708 0.012050 0.029726 0.000000 0.000000 0.000000
2.000000 11.000000 4.000000 12.000000 10071.041479 0.015850 0.039446 0.000000 0.000000 0.000000
2.000000 12.000000 4.000000 12.000000 11246.499994 0.017752 0.044379 0.000000 0.000000 0.000000
2.000000 13.000000 4.000000 12.000000 12166.117291 0.019249 0.048289 0.000000 0.000000 0.000000
2.000000 14.000000 4.000000 12.000000 12804.175438 0.020291 0.051029 0.000000 0.000000 0.000000
2.000000 15.000000 4.000000 12.000000 35445.089215 0.059609 0.165232 0.000000 0.000000 0.000000
2.000000 16.000000 4.000000 12.000000 96082.614166 0.193273 0.821012 0.000000 0.000000 0.000000
2.000000 17.000000 4.000000 12.000000 192014.109863 0.559966 -5.161511 0.000000 0.000000 -0.000000
2.000000 18.000000 4.000000 12.000000 283513.862502 1.447994 -1.538271 0.000000 0.000000 -0.000000
2.000000 19.000000 4.000000 12.000000 208420.630455 0.658462 -3.278178 -0.000000 0.000000 -0.000000
2.000000 20.000000 4.000000 12.000000 27580.738563 0.045418 0.121415 0.000000 0.000000 0.000000
2.000000 21.000000 4.000000 12.000000 7770.024047 0.012157 0.029999 0.000000 0.000000 -0.000000
2.000000 22.000000 4.000000 12.000000 5366.342284 0.008346 0.020414 0.000000 0.000000 -0.000000
2.000000 23.000000 4.000000 12.000000 4392.095167 0.006814 0.016609 0.000000 0.000000 0.000000
2.000000 24.000000 4.000000 12.000000 3727.986333 0.005774 0.014041 0.000000 0.000000 0.000000
2.000000 1.000000 5.000000 12.000000 3262.264211 0.005047 0.012252 0.000000 0.000000 0.000000
2.000000 2.000000 5.000000 12.000000 2905.880304 0.004492 0.010890 0.000000 0.000000 0.000000
2.000000 3.000000 5.000000 12.000000 2640.845308 0.004079 0.009881 0.000000 0.000000 0.000000
2.000000 4.000000 5.000000 12.000000 2434.817571 0.003759 0.009099 0.000000 0.000000 0.000000
2.000000 5.000000 5.000000 12.000000 2287.666950 0.003531 0.008542 0.000000 0.000000 0.000000
2.000000 6.000000 5.000000 12.000000 2142.509944 0.003306 0.007993 0.000000 0.000000 -0.000000
2.000000 7.000000 5.000000 12.000000 2093.172447 0.003229 0.007806 0.000000 0.000000 -0.000000
2.000000 8.000000 5.000000 12.000000 2531.224723 0.003909 0.009465 0.008714 0.000000 0.000000
2.000000 9.000000 5.000000 12.000000 3155.339901 0.004880 0.011843 0.009274 0.000000 0.000000
2.000000 10.000000 5.000000 12.000000 2700.110877 0.004172 0.010107 0.010107 0.000000 -4845.365384
2.000000 11.000000 5.000000 12.000000 2334.398840 0.003603 0.008719 0.008719 0.000000 -10105.938210
2.000000 12.000000 5.000000 12.000000 2201.179555 0.003397 0.008214 0.008214 0.000000 -12083.495230
2.000000 13.000000 5.000000 12.000000 2064.770721 0.003185 0.007699 0.007699 0.000000 -9413.187994
2.000000 14.000000 5.000000 12.000000 1979.419003 0.003053 0.007377 0.007377 0.000000 -7680.412561
2.000000 15.000000 5.000000 12.000000 2835.465012 0.004382 0.010622 0.009526 0.000000 0.000000
2.000000 16.000000 5.000000 12.000000 5007.915799 0.007782 0.019009 0.010115 0.000000 0.000000
2.000000 17.000000 5.000000 12.000000 7288.225765 0.011390 0.028055 0.011390 7570.938119 0.000000
2.000000 18.000000 5.000000 12.000000 8681.711967 0.013615 0.033709 0.013615 15223.266926 0.000000
2.000000 19.000000 5.000000 12.000000 125986.773570 0.280559 1.827163 0.000000 0.000000 0.000000
2.000000 20.000000 5.000000 12.000000 22837.904259 0.037141 0.097271 0.000000 0.000000 -0.000000
2.000000 21.000000 5.000000 12.000000 6887.358610 0.010753 0.026446 0.000000 0.000000 -0.000000
2.000000 22.000000 5.000000 12.000000 4940.395109 0.007675 0.018745 0.000000 0.000000 -0.000000
2.000000 23.000000 5.000000 12.000000 4145.659987 0.006428 0.015654 0.000000 0.000000 0.000000
2.000000 24.000000 5.000000 12.000000 3618.870390 0.005604 0.013621 0.000000 0.000000 0.000000
2.000000 1.000000 6.000000 12.000000 3206.857220 0.004961 0.012040 0.000000 0.000000 0.000000
2.000000 2.000000 6.000000 12.000000 2887.837920 0.004464 0.010822 0.000000 0.000000 0.000000
2.000000 3.000000 6.000000 12.000000 2634.668633 0.004070 0.009858 0.000000 0.000000 0.000000
2.000000 4.000000 6.000000 12.000000 2417.660691 0.003733 0.009034 0.000000 0.000000 0.000000
2.000000 5.000000 6.000000 12.000000 2248.390121 0.003470 0.008393 0.000000 0.000000 0.000000
2.000000 6.000000 6.000000 12.000000 2115.692412 0.003264 0.007891 0.000000 0.000000 0.000000
2.000000 7.000000 6.000000 12.000000 2048.164974 0.003159 0.007636 0.000000 0.000000 0.000000
2.000000 8.000000 6.000000 12.000000 2550.917218 0.003940 0.009540 0.007873 0.000000 0.000000
2.000000 9.000000 6.000000 12.000000 3213.607904 0.004971 0.012066 0.008659 0.000000 0.000000
2.000000 10.000000 6.000000 12.000000 2746.898864 0.004244 0.010285 0.009548 0.000000 0.000000
2.000000 11.000000 6.000000 12.000000 2385.249691 0.003682 0.008911 0.008911 0.000000 -3634.770026
2.000000 12.000000 6.000000 12.000000 2275.600641 0.003512 0.008496 0.008496 0.000000 -5661.322692
2.000000 13.000000 6.000000 12.000000 2123.728180 0.003276 0.007922 0.007922 0.000000 -5926.138172
2.000000 14.000000 6.000000 12.000000 2032.143115 0.003134 0.007576 0.007576 0.000000 -4154.098541
2.000000 15.000000 6.000000 12.000000 2743.545379 0.004239 0.010272 0.009399 0.000000 0.000000
2.000000 16.000000 6.000000 12.000000 4844.256904 0.007524 0.018369 0.009637 0.000000 0.000000
2.000000 17.000000 6.000000 12.000000 7070.293667 0.011043 0.027179 0.011043 6036.640626 0.000000
2.000000 18.000000 6.000000 12.000000 8241.563785 0.012911 0.031913 0.012911 13515.477099 0.000000
2.000000 19.000000 6.000000 12.000000 121428.322581 0.266065 1.591859 0.000000 0.000000 0.000000
2.000000 20.000000 6.000000 12.000000 21794.741541 0.035348 0.092170 0.000000 0.000000 -0.000000
2.000000 21.000000 6.000000 12.000000 6548.318993 0.010215 0.025092 0.000000 0.000000 -0.000000
2.000000 22.000000 6.000000 12.000000 4720.690950 0.007330 0.017887 0.000000 0.000000 -0.000000
2.000000 23.000000 6.000000 12.000000 3983.949333 0.006175 0.015028 0.000000 0.000000 0.000000
2.000000 24.000000 6.000000 12.000000 3475.003522 0.005379 0.013068 0.000000 0.000000 0.000000
2.000000 1.000000 7.000000 12.000000 3123.851846 0.004831 0.011723 0.000000 0.000000 0.000000
2.000000 2.000000 7.000000 12.000000 2838.389656 0.004387 0.010633 0.000000 0.000000 0.000000
2.000000 3.000000 7.000000 12.000000 2608.508257 0.004029 0.009758 0.000000 0.000000 0.000000
2.000000 4.000000 7.000000 12.000000 2426.339687 0.003746 0.009067 0.000000 0.000000 -0.000000
2.000000 5.000000 7.000000 12.000000 2289.750174 0.003534 0.008550 0.000000 0.000000 -0.000000
2.000000 6.000000 7.000000 12.000000 2156.979528 0.003328 0.008047 0.000000 0.000000 -0.000000
2.000000 7.000000 7.000000 12.000000 2115.897297 0.003264 0.007892 0.000000 0.000000 -0.000000
2.000000 8.000000 7.000000 12.000000 2558.337755 0.003951 0.009568 0.009546 0.000000 0.000000
2.000000 9.000000 7.000000 12.000000 3043.477600 0.004706 0.011415 0.010261 0.000000 0.000000
2.000000 10.000000 7.000000 12.000000 2851.712073 0.004407 0.010684 0.010684 0.000000 -238.341108
2.000000 11.000000 7.000000 12.000000 2488.603297 0.003843 0.009303 0.009303 0.000000 -5757.949186
2.000000 12.000000 7.000000 12.000000 2337.059238 0.003607 0.008729 0.008729 0.000000 -9267.412901
2.000000 13.000000 7.000000 12.000000 2171.790823 0.003351 0.008103 0.008103 0.000000 -12286.594356
2.000000 14.000000 7.000000 12.000000 2069.348727 0.003192 0.007716 0.007716 0.000000 -9647.888694
2.000000 15.000000 7.000000 12.000000 2653.089020 0.004098 0.009928 0.009788 0.000000 0.000000
2.000000 16.000000 7.000000 12.000000 4645.164856 0.007211 0.017593 0.009109 0.000000 0.000000
2.000000 17.000000 7.000000 12.000000 6800.194590 0.010614 0.026097 0.010614 5947.822696 0.000000
2.000000 18.000000 7.000000 12.000000 8130.399027 0.012733 0.031461 0.012733 13634.960703 0.000000
2.000000 19.000000 7.000000 12.000000 121150.300841 0.265196 1.578962 0.000000 0.000000 0.000000
2.000000 20.000000 7.000000 12.000000 21798.704599 0.035355 0.092189 0.000000 0.000000 -0.000000
2.000000 21.000000 7.000000 12.000000 6561.375118 0.010235 0.025144 0.000000 0.000000 -0.000000
2.000000 22.000000 7.000000 12.000000 4705.202208 0.007306 0.017827 0.000000 0.000000 -0.000000
2.000000 23.000000 7.000000 12.000000 3935.014855 0.006098 0.014839 0.000000 0.000000 0.000000
2.000000 24.000000 7.000000 12.000000 3435.685498 0.005318 0.012917 0.000000 0.000000 0.000000
2.000000 1.000000 1.000000 12.000000 3050.971458 0.004718 0.011444 0.000000 0.000000 0.000000
2.000000 2.000000 1.000000 12.000000 2757.911500 0.004261 0.010327 0.000000 0.000000 0.000000
2.000000 3.000000 1.000000 12.000000 2544.060732 0.003929 0.009514 0.000000 0.000000 0.000000
2.000000 4.000000 1.000000 12.000000 2373.129837 0.003663 0.008865 0.000000 0.000000 -0.000000
2.000000 5.000000 1.000000 12.000000 2215.523214 0.003419 0.008269 0.000000 0.000000 -0.000000
2.000000 6.000000 1.000000 12.000000 2063.078052 0.003182 0.007693 0.000000 0.000000 -0.000000
2.000000 7.000000 1.000000 12.000000 2008.292710 0.003097 0.007486 0.000000 0.000000 -0.000000
2.000000 8.000000 1.000000 12.000000 2480.639490 0.003830 0.009273 0.008286 0.000000 0.000000
2.000000 9.000000 1.000000 12.000000 3085.991543 0.004772 0.011578 0.009651 0.000000 0.000000
2.000000 10.000000 1.000000 12.000000 2838.109714 0.004386 0.010632 0.010310 0.000000 0.000000
2.000000 11.000000 1.000000 12.000000 2473.858152 0.003820 0.009247 0.009247 0.000000 -4951.005449
2.000000 12.000000 1.000000 12.000000 2378.822782 0.003672 0.008887 0.008887 0.000000 -6237.074870
2.000000 13.000000 1.000000 12.000000 2246.598188 0.003467 0.008386 0.008386 0.000000 -7526.759140
2.000000 14.000000 1.000000 12.000000 2148.605130 0.003315 0.008016 0.008016 0.000000 -4190.959724
2.000000 15.000000 1.000000 12.000000 2568.824609 0.003967 0.009608 0.009346 0.000000 0.000000
2.000000 16.000000 1.000000 12.000000 4513.376264 0.007005 0.017080 0.008751 0.000000 0.000000
2.000000 17.000000 1.000000 12.000000 6648.751073 0.010374 0.025492 0.010374 5496.558345 0.000000
2.000000 18.000000 1.000000 12.000000 7960.767130 0.012462 0.030772 0.012462 12793.328377 0.000000
2.000000 19.000000 1.000000 12.000000 118468.170680 0.256900 1.461850 0.000000 0.000000 0.000000
2.000000 20.000000 1.000000 12.000000 21283.783770 0.034474 0.089697 0.000000 0.000000 -0.000000
2.000000 21.000000 1.000000 12.000000 6362.378567 0.009920 0.024351 0.000000 0.000000 -0.000000
2.000000 22.000000 1.000000 12.000000 4507.866735 0.006996 0.017059 0.000000 0.000000 -0.000000
2.000000 23.000000 1.000000 12.000000 3781.142020 0.005857 0.014246 0.000000 0.000000 0.000000
2.000000 24.000000 1.000000 12.000000 3330.381682 0.005153 0.012513 0.000000 0.000000 0.000000
2.000000 1.000000 2.000000 12.000000 3004.328936 0.004645 0.011266 0.000000 0.000000 0.000000
2.000000 2.000000 2.000000 12.000000 2754.610380 0.004256 0.010314 0.000000 0.000000 0.000000
2.000000 3.000000 2.000000 12.000000 2554.761833 0.003946 0.009554 0.000000 0.000000 0.000000
2.000000 4.000000 2.000000 12.000000 2395.828080 0.003699 0.008951 0.000000 0.000000 0.000000
2.000000 5.000000 2.000000 12.000000 2259.456123 0.003487 0.008435 0.000000 0.000000 -0.000000
2.000000 6.000000 2.000000 12.000000 2123.466996 0.003276 0.007921 0.000000 0.000000 -0.000000
2.000000 7.000000 2.000000 12.000000 2097.050926 0.003235 0.007821 0.000000 0.000000 -0.000000
2.000000 8.000000 2.000000 12.000000 2643.677386 0.004084 0.009892 0.009056 0.000000 0.000000
2.000000 9.000000 2.000000 12.000000 3185.713918 0.004928 0.011959 0.010216 0.000000 0.000000
2.000000 10.000000 2.000000 12.000000 2700.922701 0.004173 0.010110 0.010110 0.000000 -5288.267918
2.000000 11.000000 2.000000 12.000000 2356.627604 0.003638 0.008803 0.008803 0.000000 -10300.584667
2.000000 12.000000 2.000000 12.000000 2226.689252 0.003436 0.008311 0.008311 0.000000 -11075.726614
2.000000 13.000000 2.000000 12.000000 2100.943557 0.003241 0.007836 0.007836 0.000000 -10312.481063
2.000000 14.000000 2.000000 12.000000 2032.063658 0.003134 0.007576 0.007576 0.000000 -5182.029876
2.000000 15.000000 2.000000 12.000000 2720.128518 0.004203 0.010183 0.009640 0.000000 0.000000
2.000000 16.000000 2.000000 12.000000 4796.855417 0.007450 0.018184 0.009863 0.000000 0.000000
2.000000 17.000000 2.000000 12.000000 7012.191518 0.010951 0.026946 0.010951 6631.599119 0.000000
2.000000 18.000000 2.000000 12.000000 8329.184963 0.013051 0.032270 0.013051 14124.668516 0.000000
2.000000 19.000000 2.000000 12.000000 121810.018469 0.267261 1.609813 0.000000 0.000000 0.000000
2.000000 20.000000 2.000000 12.000000 21767.793290 0.035302 0.092039 0.000000 0.000000 -0.000000
2.000000 21.000000 2.000000 12.000000 6485.373205 0.010115 0.024841 0.000000 0.000000 -0.000000
2.000000 22.000000 2.000000 12.000000 4632.438988 0.007191 0.017543 0.000000 0.000000 -0.000000
2.000000 23.000000 2.000000 12.000000 3876.596573 0.006007 0.014614 0.000000 0.000000 0.000000
2.000000 24.000000 2.000000 12.000000 3386.957298 0.005242 0.012730 0.000000 0.000000 0.000000
2.000000 1.000000 3.000000 12.000000 2998.072746 0.004635 0.011242 0.000000 0.000000 0.000000
2.000000 2.000000 3.000000 12.000000 2690.745255 0.004157 0.010071 0.000000 0.000000 0.000000
2.000000 3.000000 3.000000 12.000000 2442.386332 0.003771 0.009128 0.000000 0.000000 -0.000000
2.000000 4.000000 3.000000 12.000000 2238.744642 0.003455 0.008357 0.000000 0.000000 -0.000000
2.000000 5.000000 3.000000 12.000000 2082.412338 0.003212 0.007766 0.000000 0.000000 -0.000000
2.000000 6.000000 3.000000 12.000000 1961.500800 0.003025 0.007309 0.000000 0.000000 -0.000000
2.000000 7.000000 3.000000 12.000000 1908.731321 0.002943 0.007111 0.000000 0.000000 -0.000000
2.000000 8.000000 3.000000 12.000000 3906.323879 0.006053 0.014728 0.000000 0.000000 0.000000
2.000000 9.000000 3.000000 12.000000 5631.678246 0.008765 0.021458 0.000000 0.000000 0.000000
2.000000 10.000000 3.000000 12.000000 7886.048994 0.012343 0.030469 0.000000 0.000000 0.000000
2.000000 11.000000 3.000000 12.000000 10248.266140 0.016136 0.040185 0.000000 0.000000 0.000000
2.000000 12.000000 3.000000 12.000000 11510.307771 0.018181 0.045496 0.000000 0.000000 0.000000
2.000000 13.000000 3.000000 12.000000 12968.272493 0.020560 0.051738 0.000000 0.000000 0.000000
2.000000 14.000000 3.000000 12.000000 14120.459244 0.022452 0.056754 0.000000 0.000000 0.000000
2.000000 15.000000 3.000000 12.000000 39482.265706 0.067132 0.189794 0.000000 0.000000 0.000000
2.000000 16.000000 3.000000 12.000000 105836.969340 0.219829 1.044300 0.000000 0.000000 0.000000
2.000000 17.000000 3.000000 12.000000 209402.822897 0.664882 -3.213806 0.000000 0.000000 -0.000000
2.000000 18.000000 3.000000 12.000000 308110.382038 1.971863 -1.376408 0.000000 0.000000 -0.000000
2.000000 19.000000 3.000000 12.000000 227566.442282 0.796396 -2.411703 -0.000000 0.000000 -0.000000
2.000000 20.000000 3.000000 12.000000 30848.005306 0.051241 0.139012 0.000000 0.000000 0.000000
2.000000 21.000000 3.000000 12.000000 8767.994154 0.013753 0.034063 0.000000 0.000000 -0.000000
2.000000 22.000000 3.000000 12.000000 6045.955672 0.009419 0.023095 0.000000 0.000000 -0.000000
2.000000 23.000000 3.000000 12.000000 4926.595839 0.007654 0.018691 0.000000 0.000000 0.000000
2.000000 24.000000 3.000000 12.000000 4204.400117 0.006520 0.015881 0.000000 0.000000 0.000000
2.000000 1.000000 4.000000 12.000000 3686.745249 0.005710 0.013882 0.000000 0.000000 0.000000
2.000000 2.000000 4.000000 12.000000 3302.689469 0.005110 0.012407 0.000000 0.000000 0.000000
2.000000 3.000000 4.000000 12.000000 3003.311376 0.004643 0.011262 0.000000 0.000000 0.000000
2.000000 4.000000 4.000000 12.000000 2783.138326 0.004301 0.010423 0.000000 0.000000 0.000000
2.000000 5.000000 4.000000 12.000000 2618.673025 0.004045 0.009797 0.000000 0.000000 0.000000
2.000000 6.000000 4.000000 12.000000 2439.546158 0.003767 0.009117 0.000000 0.000000 -0.000000
2.000000 7.000000 4.000000 12.000000 2349.738769 0.003627 0.008777 0.000000 0.000000 -0.000000
2.000000 8.000000 4.000000 12.000000 4513.914887 0.007005 0.017082 0.000000 0.000000 0.000000
2.000000 9.000000 4.000000 12.000000 6172.095366 0.009619 0.023595 0.000000 0.000000 0.000000
2.000000 10.000000 4.000000 12.000000 8536.263060 0.013382 0.033115 0.000000 0.000000 0.000000
2.000000 11.000000 4.000000 12.000000 10914.086625 0.017213 0.042976 0.000000 0.000000 0.000000
2.000000 12.000000 4.000000 12.000000 12239.891154 0.019369 0.048605 0.000000 0.000000 0.000000
2.000000 13.000000 4.000000 12.000000 13521.544873 0.021467 0.054137 0.000000 0.000000 0.000000
2.000000 14.000000 4.000000 12.000000 14190.286354 0.022567 0.057060 0.000000 0.000000 0.000000
2.000000 15.000000 4.000000 12.000000 39298.435130 0.066786 0.188642 0.000000 0.000000 0.000000
2.000000 16.000000 4.000000 12.000000 105513.128949 0.218919 1.035783 0.000000 0.000000 0.000000
2.000000 17.000000 4.000000 12.000000 211333.725719 0.677693 -3.095938 0.000000 0.000000 -0.000000
2.000000 18.000000 4.000000 12.000000 315019.808561 2.170380 -1.340741 0.000000 0.000000 -0.000000
2.000000 19.000000 4.000000 12.000000 232365.227132 0.835755 -2.276432 -0.000000 0.000000 -0.000000
2.000000 20.000000 4.000000 12.000000 31955.609502 0.053239 0.145169 0.000000 0.000000 0.000000
2.000000 21.000000 4.000000 12.000000 9198.380867 0.014444 0.035831 0.000000 0.000000 -0.000000
2.000000 22.000000 4.000000 12.000000 6397.373462 0.009975 0.024491 0.000000 0.000000 -0.000000
2.000000 23.000000 4.000000 12.000000 5200.110843 0.008084 0.019762 0.000000 0.000000 0.000000
2.000000 24.000000 4.000000 12.000000 4425.958106 0.006867 0.016740 0.000000 0.000000 0.000000
2.000000 1.000000 5.000000 12.000000 3890.507494 0.006028 0.014667 0.000000 0.000000 0.000000
2.000000 2.000000 5.000000 12.000000 3476.859860 0.005382 0.013075 0.000000 0.000000 0.000000
2.000000 3.000000 5.000000 12.000000 3148.179100 0.004869 0.011816 0.000000 0.000000 0.000000
2.000000 4.000000 5.000000 12.000000 2879.893898 0.004451 0.010791 0.000000 0.000000 0.000000
2.000000 5.000000 5.000000 12.000000 2665.748643 0.004118 0.009976 0.000000 0.000000 0.000000
2.000000 6.000000 5.000000 12.000000 2460.812507 0.003800 0.009198 0.000000 0.000000 -0.000000
2.000000 7.000000 5.000000 12.000000 2384.912619 0.003682 0.008910 0.000000 0.000000 -0.000000
2.000000 8.000000 5.000000 12.000000 2792.877052 0.004316 0.010460 0.009593 0.000000 0.000000
2.000000 9.000000 5.000000 12.000000 3087.043311 0.004774 0.011582 0.011197 0.000000 0.000000
2.000000 10.000000 5.000000 12.000000 2580.562024 0.003986 0.009652 0.009652 0.000000 -4496.283154
2.000000 11.000000 5.000000 12.000000 2248.014449 0.003469 0.008392 0.008392 0.000000 -10306.005039
2.000000 12.000000 5.000000 12.000000 2149.226244 0.003316 0.008018 0.008018 0.000000 -11337.595910
2.000000 13.000000 5.000000 12.000000 2053.851178 0.003168 0.007658 0.007658 0.000000 -7770.066750
2.000000 14.000000 5.000000 12.000000 1983.402498 0.003059 0.007392 0.007392 0.000000 -7764.682211
2.000000 15.000000 5.000000 12.000000 2777.053773 0.004291 0.010399 0.009369 0.000000 0.000000
2.000000 16.000000 5.000000 12.000000 4895.390156 0.007605 0.018569 0.009071 0.000000 0.000000
2.000000 17.000000 5.000000 12.000000 7123.255170 0.011127 0.027392 0.011127 7143.717578 0.000000
2.000000 18.000000 5.000000 12.000000 8444.916507 0.013236 0.032742 0.013236 14714.681313 0.000000
2.000000 19.000000 5.000000 12.000000 124679.002900 0.276353 1.754691 0.000000 0.000000 0.000000
2.000000 20.000000 5.000000 12.000000 22620.397185 0.036767 0.096201 0.000000 0.000000 -0.000000
2.000000 21.000000 5.000000 12.000000 6780.562337 0.010583 0.026019 0.000000 0.000000 -0.000000
2.000000 22.000000 5.000000 12.000000 4851.348849 0.007535 0.018397 0.000000 0.000000 -0.000000
2.000000 23.000000 5.000000 12.000000 4079.062542 0.006324 0.015396 0.000000 0.000000 0.000000
2.000000 24.000000 5.000000 12.000000 3560.791979 0.005513 0.013398 0.000000 0.000000 0.000000
2.000000 1.000000 6.000000 12.000000 3177.112401 0.004914 0.011926 0.000000 0.000000 0.000000
2.000000 2.000000 6.000000 12.000000 2880.586019 0.004452 0.010794 0.000000 0.000000 0.000000
2.000000 3.000000 6.000000 12.000000 2640.856626 0.004079 0.009881 0.000000 0.000000 0.000000
2.000000 4.000000 6.000000 12.000000 2449.633290 0.003782 0.009155 0.000000 0.000000 -0.000000
2.000000 5.000000 6.000000 12.000000 2301.338194 0.003552 0.008593 0.000000 0.000000 -0.000000
2.000000 6.000000 6.000000 12.000000 2160.829379 0.003334 0.008062 0.000000 0.000000 -0.000000
2.000000 7.000000 6.000000 12.000000 2125.336232 0.003279 0.007928 0.000000 0.000000 -0.000000
2.000000 8.000000 6.000000 12.000000 2705.381930 0.004180 0.010127 0.009752 0.000000 0.000000
2.000000 9.000000 6.000000 12.000000 3222.556835 0.004985 0.012100 0.011584 0.000000 0.000000
2.000000 10.000000 6.000000 12.000000 2624.729906 0.004054 0.009820 0.009820 0.000000 -6864.006446
2.000000 11.000000 6.000000 12.000000 2271.367946 0.003505 0.008480 0.008480 0.000000 -12120.902966
2.000000 12.000000 6.000000 12.000000 2149.225077 0.003316 0.008018 0.008018 0.000000 -13338.573423
2.000000 13.000000 6.000000 12.000000 2031.902782 0.003134 0.007575 0.007575 0.000000 -11060.101611
2.000000 14.000000 6.000000 12.000000 1951.833654 0.003010 0.007273 0.007273 0.000000 -9379.181191
2.000000 15.000000 6.000000 12.000000 2930.772966 0.004531 0.010985 0.010274 0.000000 0.000000
2.000000 16.000000 6.000000 12.000000 5141.229986 0.007991 0.019531 0.010292 0.000000 0.000000
2.000000 17.000000 6.000000 12.000000 7404.671917 0.011575 0.028524 0.011575 6976.754712 0.000000
2.000000 18.000000 6.000000 12.000000 8750.239908 0.013725 0.033990 0.013725 14837.699540 0.000000
2.000000 19.000000 6.000000 12.000000 126839.589056 0.283323 1.876852 0.000000 0.000000 0.000000
2.000000 20.000000 6.000000 12.000000 22994.348168 0.037411 0.098042 0.000000 0.000000 -0.000000
2.000000 21.000000 6.000000 12.000000 6873.832177 0.010731 0.026392 0.000000 0.000000 -0.000000
2.000000 22.000000 6.000000 12.000000 4880.006703 0.007580 0.018509 0.000000 0.000000 -0.000000
2.000000 23.000000 6.000000 12.000000 4063.896404 0.006300 0.015337 0.000000 0.000000 0.000000
2.000000 24.000000 6.000000 12.000000 3520.510718 0.005450 0.013243 0.000000 0.000000 0.000000
2.000000 1.000000 7.000000 12.000000 3084.356279 0.004770 0.011572 0.000000 0.000000 0.000000
2.000000 2.000000 7.000000 12.000000 2767.816743 0.004277 0.010364 0.000000 0.000000 0.000000
2.000000 3.000000 7.000000 12.000000 2516.153260 0.003886 0.009408 0.000000 0.000000 0.000000
2.000000 4.000000 7.000000 12.000000 2304.921715 0.003558 0.008607 0.000000 0.000000 -0.000000
2.000000 5.000000 7.000000 12.000000 2139.805370 0.003301 0.007982 0.000000 0.000000 -0.000000
2.000000 6.000000 7.000000 12.000000 1990.124747 0.003069 0.007417 0.000000 0.000000 -0.000000
2.000000 7.000000 7.000000 12.000000 1931.805762 0.002979 0.007198 0.000000 0.000000 -0.000000
2.000000 8.000000 7.000000 12.000000 2465.691731 0.003807 0.009216 0.008162 0.000000 0.000000
2.000000 9.000000 7.000000 12.000000 3171.165861 0.004905 0.011904 0.009913 0.000000 0.000000
2.000000 10.000000 7.000000 12.000000 2783.894281 0.004302 0.010425 0.010425 0.000000 -118.529736
2.000000 11.000000 7.000000 12.000000 2412.283707 0.003724 0.009014 0.009014 0.000000 -6296.460085
2.000000 12.000000 7.000000 12.000000 2280.346532 0.003519 0.008514 0.008514 0.000000 -8178.194278
2.000000 13.000000 7.000000 12.000000 2149.733222 0.003317 0.008020 0.008020 0.000000 -7807.795401
2.000000 14.000000 7.000000 12.000000 2060.180443 0.003178 0.007682 0.007682 0.000000 -6044.851431
2.000000 15.000000 7.000000 12.000000 2734.962860 0.004226 0.010239 0.009541 0.000000 0.000000
2.000000 16.000000 7.000000 12.000000 4826.277975 0.007496 0.018299 0.009821 0.000000 0.000000
2.000000 17.000000 7.000000 12.000000 7092.307608 0.011078 0.027268 0.011078 6388.782798 0.000000
2.000000 18.000000 7.000000 12.000000 8502.238289 0.013328 0.032976 0.013328 14361.275152 0.000000
2.000000 19.000000 7.000000 12.000000 124252.789094 0.274990 1.731990 0.000000 0.000000 0.000000
2.000000 20.000000 7.000000 12.000000 22544.842991 0.036637 0.095831 0.000000 0.000000 -0.000000
2.000000 21.000000 7.000000 12.000000 6791.707851 0.010601 0.026063 0.000000 0.000000 -0.000000
2.000000 22.000000 7.000000 12.000000 4856.407448 0.007543 0.018417 0.000000 0.000000 -0.000000
2.000000 23.000000 7.000000 12.000000 4081.975487 0.006328 0.015407 0.000000 0.000000 0.000000
2.000000 24.000000 7.000000 12.000000 3564.475795 0.005519 0.013412 0.000000 0.000000 0.000000
2.000000 1.000000 1.000000 12.000000 3176.069176 0.004913 0.011922 0.000000 0.000000 0.000000
2.000000 2.000000 1.000000 12.000000 2866.288535 0.004430 0.010739 0.000000 0.000000 0.000000
2.000000 3.000000 1.000000 12.000000 2615.198446 0.004040 0.009784 0.000000 0.000000 0.000000
2.000000 4.000000 1.000000 12.000000 2417.846948 0.003733 0.009035 0.000000 0.000000 -0.000000
2.000000 5.000000 1.000000 12.000000 2274.097336 0.003510 0.008490 0.000000 0.000000 -0.000000
2.000000 6.000000 1.000000 12.000000 2149.128796 0.003316 0.008018 0.000000 0.000000 -0.000000
2.000000 7.000000 1.000000 12.000000 2113.092989 0.003260 0.007882 0.000000 0.000000 -0.000000
2.000000 8.000000 1.000000 12.000000 2626.522102 0.004057 0.009827 0.008880 0.000000 0.000000
2.000000 9.000000 1.000000 12.000000 3167.036353 0.004899 0.011888 0.010130 0.000000 0.000000
2.000000 10.000000 1.000000 12.000000 2713.383404 0.004192 0.010157 0.010157 0.000000 -4236.275474
2.000000 11.000000 1.000000 12.000000 2324.973693 0.003589 0.008683 0.008683 0.000000 -10719.004972
2.000000 12.000000 1.000000 12.000000 2213.831218 0.003416 0.008262 0.008262 0.000000 -10840.838187
2.000000 13.000000 1.000000 12.000000 2115.211435 0.003263 0.007890 0.007890 0.000000 -9814.007956
2.000000 14.000000 1.000000 12.000000 2044.991075 0.003154 0.007624 0.007624 0.000000 -8352.690954
2.000000 15.000000 1.000000 12.000000 2706.357093 0.004181 0.010130 0.009252 0.000000 0.000000
2.000000 16.000000 1.000000 12.000000 4789.591868 0.007438 0.018156 0.009568 0.000000 0.000000
2.000000 17.000000 1.000000 12.000000 7051.261082 0.011013 0.027103 0.011013 6302.480218 0.000000
2.000000 18.000000 1.000000 12.000000 8382.379519 0.013136 0.032486 0.013136 14026.225767 0.000000
2.000000 19.000000 1.000000 12.000000 122635.041343 0.269857 1.649634 0.000000 0.000000 0.000000
2.000000 20.000000 1.000000 12.000000 22145.094522 0.035950 0.093875 0.000000 0.000000 -0.000000
2.000000 21.000000 1.000000 12.000000 6659.422561 0.010391 0.025535 0.000000 0.000000 -0.000000
2.000000 22.000000 1.000000 12.000000 4782.345697 0.007427 0.018128 0.000000 0.000000 -0.000000
2.000000 23.000000 1.000000 12.000000 4033.724872 0.006253 0.015221 0.000000 0.000000 0.000000
2.000000 24.000000 1.000000 12.000000 3532.482315 0.005469 0.013289 0.000000 0.000000 0.000000
2.000000 1.000000 2.000000 12.000000 3135.690143 0.004850 0.011768 0.000000 0.000000 0.000000
2.000000 2.000000 2.000000 12.000000 2828.493389 0.004371 0.010595 0.000000 0.000000 0.000000
2.000000 3.000000 2.000000 12.000000 2587.067147 0.003996 0.009677 0.000000 0.000000 0.000000
2.000000 4.000000 2.000000 12.000000 2387.872986 0.003686 0.008921 0.000000 0.000000 -0.000000
2.000000 5.000000 2.000000 12.000000 2237.190879 0.003452 0.008351 0.000000 0.000000 -0.000000
2.000000 6.000000 2.000000 12.000000 2092.486461 0.003228 0.007804 0.000000 0.000000 -0.000000
2.000000 7.000000 2.000000 12.000000 2053.981636 0.003168 0.007658 0.000000 0.000000 -0.000000
2.000000 8.000000 2.000000 12.000000 2532.918701 0.003912 0.009471 0.008439 0.000000 0.000000
2.000000 9.000000 2.000000 12.000000 3224.833738 0.004989 0.012109 0.010143 0.000000 0.000000
2.000000 10.000000 2.000000 12.000000 2731.716371 0.004221 0.010227 0.010227 0.000000 -3028.492245
2.000000 11.000000 2.000000 12.000000 2407.618887 0.003717 0.008996 0.008996 0.000000 -6399.767884
2.000000 12.000000 2.000000 12.000000 2291.134236 0.003536 0.008555 0.008555 0.000000 -7402.958383
2.000000 13.000000 2.000000 12.000000 2133.878383 0.003292 0.007960 0.007960 0.000000 -9141.715684
2.000000 14.000000 2.000000 12.000000 2035.509876 0.003140 0.007589 0.007589 0.000000 -8398.238631
2.000000 15.000000 2.000000 12.000000 2757.952913 0.004262 0.010327 0.009402 0.000000 0.000000
2.000000 16.000000 2.000000 12.000000 4825.160320 0.007494 0.018295 0.010415 0.000000 0.000000
2.000000 17.000000 2.000000 12.000000 6968.852176 0.010882 0.026772 0.010882 6187.624235 0.000000
2.000000 18.000000 2.000000 12.000000 8251.173627 0.012926 0.031952 0.012926 14290.306844 0.000000
2.000000 19.000000 2.000000 12.000000 121867.764554 0.267442 1.612555 0.000000 0.000000 0.000000
2.000000 20.000000 2.000000 12.000000 21897.631872 0.035525 0.092670 0.000000 0.000000 -0.000000
2.000000 21.000000 2.000000 12.000000 6537.706984 0.010198 0.025049 0.000000 0.000000 -0.000000
2.000000 22.000000 2.000000 12.000000 4691.190663 0.007284 0.017772 0.000000 0.000000 -0.000000
2.000000 23.000000 2.000000 12.000000 3945.698647 0.006115 0.014880 0.000000 0.000000 0.000000
2.000000 24.000000 2.000000 12.000000 3454.688394 0.005347 0.012990 0.000000 0.000000 0.000000
2.000000 1.000000 3.000000 12.000000 3057.078836 0.004727 0.011467 0.000000 0.000000 0.000000
2.000000 2.000000 3.000000 12.000000 2740.342326 0.004234 0.010260 0.000000 0.000000 0.000000
2.000000 3.000000 3.000000 12.000000 2492.169723 0.003848 0.009317 0.000000 0.000000 0.000000
2.000000 4.000000 3.000000 12.000000 2293.467471 0.003540 0.008564 0.000000 0.000000 -0.000000
2.000000 5.000000 3.000000 12.000000 2134.892129 0.003294 0.007964 0.000000 0.000000 -0.000000
2.000000 6.000000 3.000000 12.000000 1982.792988 0.003058 0.007390 0.000000 0.000000 -0.000000
2.000000 7.000000 3.000000 12.000000 1974.424100 0.003045 0.007358 0.000000 0.000000 -0.000000
2.000000 8.000000 3.000000 12.000000 4083.975764 0.006331 0.015415 0.000000 0.000000 0.000000
2.000000 9.000000 3.000000 12.000000 5853.026383 0.009114 0.022332 0.000000 0.000000 0.000000
2.000000 10.000000 3.000000 12.000000 8282.204999 0.012976 0.032078 0.000000 0.000000 0.000000
2.000000 11.000000 3.000000 12.000000 10882.221421 0.017161 0.042842 0.000000 0.000000 0.000000
2.000000 12.000000 3.000000 12.000000 12458.517223 0.019726 0.049542 0.000000 0.000000 0.000000
2.000000 13.000000 3.000000 12.000000 13971.369552 0.022207 0.056101 0.000000 0.000000 0.000000
2.000000 14.000000 3.000000 12.000000 15382.944844 0.024539 0.062337 0.000000 0.000000 0.000000
2.000000 15.000000 3.000000 12.000000 43124.266894 0.074062 0.213305 0.000000 0.000000 0.000000
2.000000 16.000000 3.000000 12.000000 115645.739937 0.248336 1.351355 0.000000 0.000000 0.000000
2.000000 17.000000 3.000000 12.000000 228310.848810 0.802362 -2.389288 0.000000 0.000000 -0.000000
2.000000 18.000000 3.000000 12.000000 334804.475852 2.954065 -1.255042 0.000000 0.000000 -0.000000
2.000000 19.000000 3.000000 12.000000 247332.280188 0.973874 -1.960821 -0.000000 0.000000 -0.000000
2.000000 20.000000 3.000000 12.000000 34366.370477 0.057627 0.158918 0.000000 0.000000 0.000000
2.000000 21.000000 3.000000 12.000000 9873.548787 0.015531 0.038624 0.000000 0.000000 -0.000000
2.000000 22.000000 3.000000 12.000000 6805.212187 0.010622 0.026117 0.000000 0.000000 -0.000000
2.000000 23.000000 3.000000 12.000000 5522.662320 0.008593 0.021029 0.000000 0.000000 0.000000
2.000000 24.000000 3.000000 12.000000 4696.379893 0.007292 0.017793 0.000000 0.000000 0.000000
2.000000 1.000000 4.000000 12.000000 4063.361010 0.006299 0.015335 0.000000 0.000000 0.000000
2.000000 2.000000 4.000000 12.000000 3573.396000 0.005533 0.013446 0.000000 0.000000 0.000000
2.000000 3.000000 4.000000 12.000000 3186.965154 0.004930 0.011964 0.000000 0.000000 0.000000
2.000000 4.000000 4.000000 12.000000 2873.319893 0.004441 0.010766 0.000000 0.000000 0.000000
2.000000 5.000000 4.000000 12.000000 2623.793114 0.004053 0.009816 0.000000 0.000000 0.000000
2.000000 6.000000 4.000000 12.000000 2394.442831 0.003697 0.008946 0.000000 0.000000 0.000000
2.000000 7.000000 4.000000 12.000000 2326.656995 0.003591 0.008689 0.000000 0.000000 -0.000000
2.000000 8.000000 4.000000 12.000000 4614.057423 0.007163 0.017472 0.000000 0.000000 0.000000
2.000000 9.000000 4.000000 12.000000 6388.069809 0.009961 0.024454 0.000000 0.000000 0.000000
2.000000 10.000000 4.000000 12.000000 8861.598986 0.013904 0.034447 0.000000 0.000000 0.000000
2.000000 11.000000 4.000000 12.000000 11236.686546 0.017736 0.044337 0.000000 0.000000 0.000000
2.000000 12.000000 4.000000 12.000000 12374.627430 0.019589 0.049182 0.000000 0.000000 0.000000
2.000000 13.000000 4.000000 12.000000 13592.544634 0.021584 0.054446 0.000000 0.000000 0.000000
2.000000 14.000000 4.000000 12.000000 14389.186696 0.022895 0.057935 0.000000 0.000000 0.000000
2.000000 15.000000 4.000000 12.000000 39801.945478 0.067734 0.191805 0.000000 0.000000 0.000000
2.000000 16.000000 4.000000 12.000000 107421.583713 0.224307 1.087266 0.000000 0.000000 0.000000
2.000000 17.000000 4.000000 12.000000 214530.868842 0.699475 -2.922695 0.000000 0.000000 -0.000000
2.000000 18.000000 4.000000 12.000000 316734.223313 2.224434 -1.332407 0.000000 0.000000 -0.000000
2.000000 19.000000 4.000000 12.000000 232630.842950 0.837998 -2.269539 -0.000000 0.000000 -0.000000
2.000000 20.000000 4.000000 12.000000 31625.045382 0.052641 0.143321 0.000000 0.000000 0.000000
2.000000 21.000000 4.000000 12.000000 8985.785687 0.014103 0.034956 0.000000 0.000000 -0.000000
2.000000 22.000000 4.000000 12.000000 6206.816985 0.009674 0.023733 0.000000 0.000000 -0.000000
2.000000 23.000000 4.000000 12.000000 5086.523489 0.007905 0.019316 0.000000 0.000000 0.000000
2.000000 24.000000 4.000000 12.000000 4357.948716 0.006761 0.016476 0.000000 0.000000 0.000000
2.000000 1.000000 5.000000 12.000000 3789.997266 0.005871 0.014280 0.000000 0.000000 0.000000
2.000000 2.000000 5.000000 12.000000 3357.193462 0.005195 0.012616 0.000000 0.000000 0.000000
2.000000 3.000000 5.000000 12.000000 3036.365083 0.004695 0.011388 0.000000 0.000000 0.000000
2.000000 4.000000 5.000000 12.000000 2793.619960 0.004317 0.010463 0.000000 0.000000 0.000000
2.000000 5.000000 5.000000 12.000000 2612.000202 0.004035 0.009772 0.000000 0.000000 0.000000
2.000000 6.000000 5.000000 12.000000 2411.789744 0.003723 0.009012 0.000000 0.000000 -0.000000
2.000000 7.000000 5.000000 12.000000 2333.626639 0.003602 0.008716 0.000000 0.000000 -0.000000
2.000000 8.000000 5.000000 12.000000 2741.038416 0.004235 0.010262 0.009661 0.000000 0.000000
2.000000 9.000000 5.000000 12.000000 3139.696975 0.004856 0.011783 0.011682 0.000000 0.000000
2.000000 10.000000 5.000000 12.000000 2615.761558 0.004040 0.009786 0.009786 0.000000 -4567.476746
2.000000 11.000000 5.000000 12.000000 2272.898057 0.003508 0.008486 0.008486 0.000000 -10215.622747
2.000000 12.000000 5.000000 12.000000 2173.738838 0.003354 0.008111 0.008111 0.000000 -10835.770284
2.000000 13.000000 5.000000 12.000000 2072.997973 0.003198 0.007730 0.007730 0.000000 -7805.621646
2.000000 14.000000 5.000000 12.000000 2014.940852 0.003108 0.007511 0.007511 0.000000 -5490.178207
2.000000 15.000000 5.000000 12.000000 2673.372390 0.004130 0.010005 0.009205 0.000000 0.000000
2.000000 16.000000 5.000000 12.000000 4655.373767 0.007227 0.017633 0.008970 0.000000 0.000000
2.000000 17.000000 5.000000 12.000000 6803.853298 0.010620 0.026112 0.010620 6748.145214 0.000000
2.000000 18.000000 5.000000 12.000000 8127.991251 0.012729 0.031451 0.012729 14361.752843 0.000000
2.000000 19.000000 5.000000 12.000000 121594.737843 0.266586 1.599651 0.000000 0.000000 0.000000
2.000000 20.000000 5.000000 12.000000 22118.207542 0.035903 0.093744 0.000000 0.000000 -0.000000
2.000000 21.000000 5.000000 12.000000 6639.750276 0.010360 0.025456 0.000000 0.000000 -0.000000
2.000000 22.000000 5.000000 12.000000 4749.601998 0.007375 0.018000 0.000000 0.000000 -0.000000
2.000000 23.000000 5.000000 12.000000 3994.168892 0.006191 0.015068 0.000000 0.000000 0.000000
2.000000 24.000000 5.000000 12.000000 3486.039469 0.005396 0.013110 0.000000 0.000000 0.000000
2.000000 1.000000 6.000000 12.000000 3111.229797 0.004812 0.011674 0.000000 0.000000 0.000000
2.000000 2.000000 6.000000 12.000000 2812.685464 0.004347 0.010535 0.000000 0.000000 0.000000
2.000000 3.000000 6.000000 12.000000 2580.324884 0.003985 0.009651 0.000000 0.000000 0.000000
2.000000 4.000000 6.000000 12.000000 2397.171931 0.003701 0.008956 0.000000 0.000000 -0.000000
2.000000 5.000000 6.000000 12.000000 2259.365918 0.003487 0.008435 0.000000 0.000000 -0.000000
2.000000 6.000000 6.000000 12.000000 2121.131556 0.003272 0.007912 0.000000 0.000000 -0.000000
2.000000 7.000000 6.000000 12.000000 2082.685026 0.003213 0.007767 0.000000 0.000000 -0.000000
2.000000 8.000000 6.000000 12.000000 2609.835583 0.004031 0.009763 0.009375 0.000000 0.000000
2.000000 9.000000 6.000000 12.000000 3205.734640 0.004959 0.012036 0.010688 0.000000 0.000000
2.000000 10.000000 6.000000 12.000000 2720.663056 0.004204 0.010185 0.010185 0.000000 -2823.226670
2.000000 11.000000 6.000000 12.000000 2336.043256 0.003606 0.008725 0.008725 0.000000 -6503.348033
2.000000 12.000000 6.000000 12.000000 2167.881832 0.003345 0.008089 0.008089 0.000000 -8937.618623
2.000000 13.000000 6.000000 12.000000 2066.984643 0.003188 0.007707 0.007707 0.000000 -7498.858299
2.000000 14.000000 6.000000 12.000000 2022.447670 0.003119 0.007539 0.007539 0.000000 -3687.456521
2.000000 15.000000 6.000000 12.000000 2724.027577 0.004209 0.010198 0.009345 0.000000 0.000000
2.000000 16.000000 6.000000 12.000000 4703.972084 0.007304 0.017822 0.009961 0.000000 0.000000
2.000000 17.000000 6.000000 12.000000 6769.465470 0.010565 0.025974 0.010565 6759.722426 0.000000
2.000000 18.000000 6.000000 12.000000 8082.469019 0.012656 0.031266 0.012656 13661.674563 0.000000
2.000000 19.000000 6.000000 12.000000 120881.730180 0.264359 1.566645 0.000000 0.000000 0.000000
2.000000 20.000000 6.000000 12.000000 21918.988640 0.035562 0.092773 0.000000 0.000000 -0.000000
2.000000 21.000000 6.000000 12.000000 6543.745983 0.010207 0.025073 0.000000 0.000000 -0.000000
2.000000 22.000000 6.000000 12.000000 4686.692404 0.007277 0.017755 0.000000 0.000000 -0.000000
2.000000 23.000000 6.000000 12.000000 3945.599124 0.006115 0.014880 0.000000 0.000000 0.000000
2.000000 24.000000 6.000000 12.000000 3440.851761 0.005326 0.012937 0.000000 0.000000 0.000000
2.000000 1.000000 7.000000 12.000000 3094.641164 0.004786 0.011611 0.000000 0.000000 0.000000
2.000000 2.000000 7.000000 12.000000 2827.533458 0.004370 0.010592 0.000000 0.000000 0.000000
2.000000 3.000000 7.000000 12.000000 2617.952461 0.004044 0.009794 0.000000 0.000000 0.000000
2.000000 4.000000 7.000000 12.000000 2443.650801 0.003773 0.009133 0.000000 0.000000 -0.000000
2.000000 5.000000 7.000000 12.000000 2304.125025 0.003556 0.008604 0.000000 0.000000 -0.000000
2.000000 6.000000 7.000000 12.000000 2150.249248 0.003318 0.008022 0.000000 0.000000 -0.000000
2.000000 7.000000 7.000000 12.000000 2113.343725 0.003260 0.007883 0.000000 0.000000 -0.000000
2.000000 8.000000 7.000000 12.000000 2589.433044 0.003999 0.009686 0.009290 0.000000 0.000000
2.000000 9.000000 7.000000 12.000000 3124.080123 0.004832 0.011723 0.010359 0.000000 0.000000
2.000000 10.000000 7.000000 12.000000 2761.927329 0.004268 0.010342 0.010342 0.000000 -2030.018977
2.000000 11.000000 7.000000 12.000000 2414.828013 0.003728 0.009023 0.009023 0.000000 -5190.631942
2.000000 12.000000 7.000000 12.000000 2288.346811 0.003532 0.008544 0.008544 0.000000 -6673.167285
2.000000 13.000000 7.000000 12.000000 2184.988298 0.003371 0.008153 0.008153 0.000000 -4730.278268
2.000000 14.000000 7.000000 12.000000 2117.555121 0.003267 0.007898 0.007782 0.000000 0.000000
2.000000 15.000000 7.000000 12.000000 2542.462847 0.003926 0.009508 0.008670 0.000000 0.000000
2.000000 16.000000 7.000000 12.000000 4522.275291 0.007018 0.017115 0.009302 0.000000 0.000000
2.000000 17.000000 7.000000 12.000000 6686.716293 0.010434 0.025644 0.010434 6554.971312 0.000000
2.000000 18.000000 7.000000 12.000000 7990.847784 0.012510 0.030894 0.012510 14089.316409 0.000000
2.000000 19.000000 7.000000 12.000000 119780.924142 0.260941 1.517571 0.000000 0.000000 0.000000
2.000000 20.000000 7.000000 12.000000 21561.373413 0.034949 0.091038 0.000000 0.000000 -0.000000
2.000000 21.000000 7.000000 12.000000 6426.854702 0.010022 0.024608 0.000000 0.000000 -0.000000
2.000000 22.000000 7.000000 12.000000 4601.235824 0.007142 0.017422 0.000000 0.000000 -0.000000
2.000000 23.000000 7.000000 12.000000 3870.318466 0.005997 0.014590 0.000000 0.000000 0.000000
2.000000 24.000000 7.000000 12.000000 3379.391218 0.005230 0.012701 0.000000 0.000000 0.000000
2.000000 1.000000 1.000000 12.000000 3041.160941 0.004702 0.011407 0.000000 0.000000 0.000000
2.000000 2.000000 1.000000 12.000000 2789.804485 0.004311 0.010448 0.000000 0.000000 0.000000
2.000000 3.000000 1.000000 12.000000 2581.991331 0.003988 0.009658 0.000000 0.000000 -0.000000
2.000000 4.000000 1.000000 12.000000 2419.978029 0.003736 0.009043 0.000000 0.000000 -0.000000
2.000000 5.000000 1.000000 12.000000 2295.406735 0.003543 0.008571 0.000000 0.000000 -0.000000
2.000000 6.000000 1.000000 12.000000 2142.227043 0.003305 0.007992 0.000000 0.000000 -0.000000
2.000000 7.000000 1.000000 12.000000 2117.642752 0.003267 0.007899 0.000000 0.000000 -0.000000
2.000000 8.000000 1.000000 12.000000 2607.116731 0.004027 0.009753 0.009429 0.000000 0.000000
2.000000 9.000000 1.000000 12.000000 3194.974969 0.004942 0.011995 0.010993 0.000000 0.000000
2.000000 10.000000 1.000000 12.000000 2750.985155 0.004251 0.010300 0.010300 0.000000 -1412.573668
2.000000 11.000000 1.000000 12.000000 2396.174158 0.003699 0.008953 0.008953 0.000000 -7164.169107
2.000000 12.000000 1.000000 12.000000 2276.322393 0.003513 0.008499 0.008499 0.000000 -8092.931737
2.000000 13.000000 1.000000 12.000000 2164.054031 0.003339 0.008074 0.008074 0.000000 -6975.057922
2.000000 14.000000 1.000000 12.000000 2101.348289 0.003242 0.007837 0.007837 0.000000 -1969.323114
2.000000 15.000000 1.000000 12.000000 2566.361424 0.003964 0.009598 0.009179 0.000000 0.000000
2.000000 16.000000 1.000000 12.000000 4561.464273 0.007080 0.017267 0.009158 0.000000 0.000000
2.000000 17.000000 1.000000 12.000000 6771.983090 0.010569 0.025985 0.010569 5688.347431 0.000000
2.000000 18.000000 1.000000 12.000000 8084.785386 0.012660 0.031275 0.012660 13291.604488 0.000000
2.000000 19.000000 1.000000 12.000000 121547.984576 0.266440 1.597456 0.000000 0.000000 0.000000
2.000000 20.000000 1.000000 12.000000 22007.966460 0.035714 0.093206 0.000000 0.000000 -0.000000
2.000000 21.000000 1.000000 12.000000 6618.128259 0.010325 0.025370 0.000000 0.000000 -0.000000
2.000000 22.000000 1.000000 12.000000 4747.597912 0.007372 0.017992 0.000000 0.000000 -0.000000
2.000000 23.000000 1.000000 12.000000 4004.917766 0.006208 0.015109 0.000000 0.000000 0.000000
2.000000 24.000000 1.000000 12.000000 3521.093494 0.005451 0.013245 0.000000 0.000000 0.000000
2.000000 1.000000 2.000000 12.000000 3147.286887 0.004868 0.011812 0.000000 0.000000 0.000000
2.000000 2.000000 2.000000 12.000000 2870.809390 0.004437 0.010757 0.000000 0.000000 0.000000
2.000000 3.000000 2.000000 12.000000 2662.207257 0.004113 0.009962 0.000000 0.000000 -0.000000
2.000000 4.000000 2.000000 12.000000 2505.628245 0.003869 0.009368 0.000000 0.000000 -0.000000
2.000000 5.000000 2.000000 12.000000 2383.137902 0.003679 0.008903 0.000000 0.000000 -0.000000
2.000000 6.000000 2.000000 12.000000 2224.864109 0.003433 0.008304 0.000000 0.000000 -0.000000
2.000000 7.000000 2.000000 12.000000 2176.989869 0.003359 0.008123 0.000000 0.000000 -0.000000
2.000000 8.000000 2.000000 12.000000 2690.368007 0.004156 0.010070 0.009805 0.000000 0.000000
2.000000 9.000000 2.000000 12.000000 3279.791934 0.005074 0.012319 0.011573 0.000000 0.000000
2.000000 10.000000 2.000000 12.000000 2709.540992 0.004186 0.010143 0.010143 0.000000 -2648.244085
2.000000 11.000000 2.000000 12.000000 2364.897786 0.003651 0.008834 0.008834 0.000000 -5712.718305
2.000000 12.000000 2.000000 12.000000 2249.205787 0.003471 0.008396 0.008396 0.000000 -7426.068680
2.000000 13.000000 2.000000 12.000000 2126.004742 0.003280 0.007930 0.007930 0.000000 -7809.623962
2.000000 14.000000 2.000000 12.000000 2041.219179 0.003148 0.007610 0.007610 0.000000 -4513.283714
2.000000 15.000000 2.000000 12.000000 2726.606332 0.004213 0.010207 0.009534 0.000000 0.000000
2.000000 16.000000 2.000000 12.000000 4804.425081 0.007462 0.018214 0.009633 0.000000 0.000000
2.000000 17.000000 2.000000 12.000000 7042.931815 0.011000 0.027069 0.011000 6488.623339 0.000000
2.000000 18.000000 2.000000 12.000000 8362.635502 0.013104 0.032406 0.013104 14107.807753 0.000000
2.000000 19.000000 2.000000 12.000000 123417.136381 0.272331 1.688717 0.000000 0.000000 0.000000
2.000000 20.000000 2.000000 12.000000 22326.555204 0.036261 0.094761 0.000000 0.000000 -0.000000
2.000000 21.000000 2.000000 12.000000 6670.683233 0.010409 0.025580 0.000000 0.000000 -0.000000
2.000000 22.000000 2.000000 12.000000 4738.461368 0.007358 0.017957 0.000000 0.000000 -0.000000
2.000000 23.000000 2.000000 12.000000 3974.909509 0.006161 0.014993 0.000000 0.000000 0.000000
2.000000 24.000000 2.000000 12.000000 3469.071471 0.005370 0.013045 0.000000 0.000000 0.000000
2.000000 1.000000 3.000000 12.000000 3076.220695 0.004757 0.011541 0.000000 0.000000 0.000000
2.000000 2.000000 3.000000 12.000000 2782.369362 0.004300 0.010420 0.000000 0.000000 0.000000
2.000000 3.000000 3.000000 12.000000 2546.031798 0.003932 0.009521 0.000000 0.000000 -0.000000
2.000000 4.000000 3.000000 12.000000 2355.897448 0.003637 0.008800 0.000000 0.000000 -0.000000
2.000000 5.000000 3.000000 12.000000 2215.065436 0.003418 0.008267 0.000000 0.000000 -0.000000
2.000000 6.000000 3.000000 12.000000 2071.027672 0.003195 0.007723 0.000000 0.000000 -0.000000
2.000000 7.000000 3.000000 12.000000 2040.783141 0.003148 0.007609 0.000000 0.000000 -0.000000
2.000000 8.000000 3.000000 12.000000 4111.538269 0.006375 0.015522 0.000000 0.000000 0.000000
2.000000 9.000000 3.000000 12.000000 5854.267697 0.009116 0.022337 0.000000 0.000000 0.000000
2.000000 10.000000 3.000000 12.000000 8267.403818 0.012952 0.032018 0.000000 0.000000 0.000000
2.000000 11.000000 3.000000 12.000000 10794.659655 0.017019 0.042474 0.000000 0.000000 0.000000
2.000000 12.000000 3.000000 12.000000 12261.897195 0.019405 0.048699 0.000000 0.000000 0.000000
2.000000 13.000000 3.000000 12.000000 13627.554065 0.021641 0.054599 0.000000 0.000000 0.000000
2.000000 14.000000 3.000000 12.000000 14596.087594 0.023237 0.058846 0.000000 0.000000 0.000000
2.000000 15.000000 3.000000 12.000000 40630.946853 0.069302 0.197065 0.000000 0.000000 0.000000
2.000000 16.000000 3.000000 12.000000 109884.869922 0.231364 1.158641 0.000000 0.000000 0.000000
2.000000 17.000000 3.000000 12.000000 220215.062394 0.740059 -2.667970 0.000000 0.000000 -0.000000
2.000000 18.000000 3.000000 12.000000 323637.731036 2.465063 -1.300718 0.000000 0.000000 -0.000000
2.000000 19.000000 3.000000 12.000000 240538.146054 0.908067 -2.087750 -0.000000 0.000000 -0.000000
2.000000 20.000000 3.000000 12.000000 33290.014977 0.055661 0.152719 0.000000 0.000000 0.000000
2.000000 21.000000 3.000000 12.000000 9596.106800 0.015084 0.037474 0.000000 0.000000 -0.000000
2.000000 22.000000 3.000000 12.000000 6656.681435 0.010386 0.025524 0.000000 0.000000 -0.000000
2.000000 23.000000 3.000000 12.000000 5418.553542 0.008428 0.020619 0.000000 0.000000 0.000000
2.000000 24.000000 3.000000 12.000000 4586.867260 0.007120 0.017366 0.000000 0.000000 0.000000
2.000000 1.000000 4.000000 12.000000 4017.945146 0.006228 0.015160 0.000000 0.000000 0.000000
2.000000 2.000000 4.000000 12.000000 3568.095256 0.005524 0.013426 0.000000 0.000000 0.000000
2.000000 3.000000 4.000000 12.000000 3213.512817 0.004971 0.012066 0.000000 0.000000 0.000000
2.000000 4.000000 4.000000 12.000000 2931.753379 0.004532 0.010989 0.000000 0.000000 0.000000
2.000000 5.000000 4.000000 12.000000 2720.976140 0.004204 0.010186 0.000000 0.000000 0.000000
2.000000 6.000000 4.000000 12.000000 2494.331163 0.003852 0.009325 0.000000 0.000000 -0.000000
2.000000 7.000000 4.000000 12.000000 2400.516794 0.003706 0.008969 0.000000 0.000000 -0.000000
2.000000 8.000000 4.000000 12.000000 4703.714822 0.007303 0.017821 0.000000 0.000000 0.000000
2.000000 9.000000 4.000000 12.000000 6418.086448 0.010008 0.024573 0.000000 0.000000 0.000000
2.000000 10.000000 4.000000 12.000000 8951.826512 0.014048 0.034817 0.000000 0.000000 0.000000
2.000000 11.000000 4.000000 12.000000 11478.190817 0.018129 0.045359 0.000000 0.000000 0.000000
2.000000 12.000000 4.000000 12.000000 12926.074260 0.020491 0.051555 0.000000 0.000000 0.000000
2.000000 13.000000 4.000000 12.000000 14284.556879 0.022723 0.057474 0.000000 0.000000 0.000000
2.000000 14.000000 4.000000 12.000000 15437.779778 0.024630 0.062581 0.000000 0.000000 0.000000
2.000000 15.000000 4.000000 12.000000 42672.671305 0.073195 0.210316 0.000000 0.000000 0.000000
2.000000 16.000000 4.000000 12.000000 113955.341358 0.243287 1.290617 0.000000 0.000000 0.000000
2.000000 17.000000 4.000000 12.000000 226133.509382 0.785052 -2.456492 0.000000 0.000000 -0.000000
2.000000 18.000000 4.000000 12.000000 331785.954304 2.807230 -1.266771 0.000000 0.000000 -0.000000
2.000000 19.000000 4.000000 12.000000 245913.995473 0.959673 -1.985469 -0.000000 0.000000 -0.000000
2.000000 20.000000 4.000000 12.000000 34048.510224 0.057045 0.157077 0.000000 0.000000 0.000000
2.000000 21.000000 4.000000 12.000000 9725.191675 0.015292 0.038009 0.000000 0.000000 -0.000000
2.000000 22.000000 4.000000 12.000000 6694.975949 0.010447 0.025677 0.000000 0.000000 -0.000000
2.000000 23.000000 4.000000 12.000000 5428.868813 0.008445 0.020660 0.000000 0.000000 0.000000
2.000000 24.000000 4.000000 12.000000 4591.846210 0.007128 0.017385 0.000000 0.000000 0.000000
2.000000 1.000000 5.000000 12.000000 4006.917927 0.006211 0.015117 0.000000 0.000000 0.000000
2.000000 2.000000 5.000000 12.000000 3564.099716 0.005518 0.013410 0.000000 0.000000 0.000000
2.000000 3.000000 5.000000 12.000000 3234.977462 0.005005 0.012148 0.000000 0.000000 0.000000
2.000000 4.000000 5.000000 12.000000 2981.876248 0.004610 0.011180 0.000000 0.000000 0.000000
2.000000 5.000000 5.000000 12.000000 2779.540368 0.004295 0.010409 0.000000 0.000000 0.000000
2.000000 6.000000 5.000000 12.000000 2557.776272 0.003950 0.009566 0.000000 0.000000 -0.000000
2.000000 7.000000 5.000000 12.000000 2469.804860 0.003814 0.009232 0.000000 0.000000 -0.000000
2.000000 8.000000 5.000000 12.000000 2906.372610 0.004493 0.010892 0.010069 0.000000 0.000000
2.000000 9.000000 5.000000 12.000000 3028.988143 0.004683 0.011360 0.011360 0.000000 -1778.076200
2.000000 10.000000 5.000000 12.000000 2537.733547 0.003919 0.009490 0.009490 0.000000 -4676.617204
2.000000 11.000000 5.000000 12.000000 2213.534461 0.003416 0.008261 0.008261 0.000000 -10148.161878
2.000000 12.000000 5.000000 12.000000 2102.881108 0.003244 0.007843 0.007843 0.000000 -11051.137226
2.000000 13.000000 5.000000 12.000000 2007.067082 0.003096 0.007481 0.007481 0.000000 -10047.835667
2.000000 14.000000 5.000000 12.000000 1935.823670 0.002985 0.007213 0.007213 0.000000 -7709.018885
2.000000 15.000000 5.000000 12.000000 2902.255385 0.004486 0.010877 0.010020 0.000000 0.000000
2.000000 16.000000 5.000000 12.000000 5163.414280 0.008026 0.019618 0.009578 0.000000 0.000000
2.000000 17.000000 5.000000 12.000000 7538.552066 0.011788 0.029063 0.011788 7704.232943 0.000000
2.000000 18.000000 5.000000 12.000000 8830.752903 0.013854 0.034320 0.013854 15931.904331 0.000000
2.000000 19.000000 5.000000 12.000000 128453.084766 0.288599 1.976597 0.000000 0.000000 0.000000
2.000000 20.000000 5.000000 12.000000 23387.240996 0.038089 0.099987 0.000000 0.000000 -0.000000
2.000000 21.000000 5.000000 12.000000 6988.013291 0.010912 0.026849 0.000000 0.000000 -0.000000
2.000000 22.000000 5.000000 12.000000 4972.405936 0.007726 0.018870 0.000000 0.000000 -0.000000
2.000000 23.000000 5.000000 12.000000 4136.437536 0.006414 0.015618 0.000000 0.000000 0.000000
2.000000 24.000000 5.000000 12.000000 3569.578165 0.005527 0.013431 0.000000 0.000000 0.000000
2.000000 1.000000 6.000000 12.000000 3233.357255 0.005002 0.012142 0.000000 0.000000 0.000000
2.000000 2.000000 6.000000 12.000000 2931.321729 0.004531 0.010987 0.000000 0.000000 0.000000
2.000000 3.000000 6.000000 12.000000 2706.586647 0.004182 0.010131 0.000000 0.000000 0.000000
2.000000 4.000000 6.000000 12.000000 2511.895729 0.003879 0.009392 0.000000 0.000000 -0.000000
2.000000 5.000000 6.000000 12.000000 2337.289455 0.003608 0.008730 0.000000 0.000000 -0.000000
2.000000 6.000000 6.000000 12.000000 2171.490538 0.003350 0.008102 0.000000 0.000000 -0.000000
2.000000 7.000000 6.000000 12.000000 2112.266373 0.003259 0.007878 0.000000 0.000000 -0.000000
2.000000 8.000000 6.000000 12.000000 4245.967298 0.006585 0.016042 0.000000 0.000000 0.000000
2.000000 9.000000 6.000000 12.000000 5894.112507 0.009179 0.022494 0.000000 0.000000 0.000000
2.000000 10.000000 6.000000 12.000000 8273.200880 0.012961 0.032042 0.000000 0.000000 0.000000
2.000000 11.000000 6.000000 12.000000 10651.553457 0.016788 0.041873 0.000000 0.000000 0.000000
2.000000 12.000000 6.000000 12.000000 11964.359812 0.018920 0.047427 0.000000 0.000000 0.000000
2.000000 13.000000 6.000000 12.000000 13383.279054 0.021240 0.053536 0.000000 0.000000 0.000000
2.000000 14.000000 6.000000 12.000000 14489.988377 0.023062 0.058379 0.000000 0.000000 0.000000
2.000000 15.000000 6.000000 12.000000 40790.409280 0.069605 0.198085 0.000000 0.000000 0.000000
2.000000 16.000000 6.000000 12.000000 109653.408788 0.230696 1.151682 0.000000 0.000000 0.000000
2.000000 17.000000 6.000000 12.000000 218502.041272 0.727568 -2.738593 0.000000 0.000000 -0.000000
2.000000 18.000000 6.000000 12.000000 323595.600631 2.463472 -1.300903 0.000000 0.000000 -0.000000
2.000000 19.000000 6.000000 12.000000 240687.488204 0.909455 -2.084702 -0.000000 0.000000 -0.000000
2.000000 20.000000 6.000000 12.000000 33624.690258 0.056271 0.154636 0.000000 0.000000 0.000000
2.000000 21.000000 6.000000 12.000000 9845.680431 0.015486 0.038509 0.000000 0.000000 -0.000000
2.000000 22.000000 6.000000 12.000000 6860.421352 0.010710 0.026338 0.000000 0.000000 -0.000000
2.000000 23.000000 6.000000 12.000000 5589.001247 0.008697 0.021290 0.000000 0.000000 0.000000
2.000000 24.000000 6.000000 12.000000 4737.854631 0.007357 0.017954 0.000000 0.000000 0.000000
2.000000 1.000000 7.000000 12.000000 4113.597235 0.006378 0.015529 0.000000 0.000000 0.000000
2.000000 2.000000 7.000000 12.000000 3658.226470 0.005665 0.013772 0.000000 0.000000 0.000000
2.000000 3.000000 7.000000 12.000000 3289.908406 0.005090 0.012358 0.000000 0.000000 0.000000
2.000000 4.000000 7.000000 12.000000 2991.859401 0.004626 0.011218 0.000000 0.000000 0.000000
2.000000 5.000000 7.000000 12.000000 2768.103377 0.004277 0.010365 0.000000 0.000000 -0.000000
2.000000 6.000000 7.000000 12.000000 2560.339408 0.003954 0.009575 0.000000 0.000000 -0.000000
2.000000 7.000000 7.000000 12.000000 2475.837942 0.003823 0.009255 0.000000 0.000000 -0.000000
2.000000 8.000000 7.000000 12.000000 4839.175831 0.007516 0.018349 0.000000 0.000000 0.000000
2.000000 9.000000 7.000000 12.000000 6555.450373 0.010226 0.025120 0.000000 0.000000 0.000000
2.000000 10.000000 7.000000 12.000000 8978.338772 0.014091 0.034926 0.000000 0.000000 0.000000
2.000000 11.000000 7.000000 12.000000 11354.737874 0.017928 0.044836 0.000000 0.000000 0.000000
2.000000 12.000000 7.000000 12.000000 12518.824665 0.019825 0.049801 0.000000 0.000000 0.000000
2.000000 13.000000 7.000000 12.000000 13801.634148 0.021928 0.055358 0.000000 0.000000 0.000000
2.000000 14.000000 7.000000 12.000000 14847.143179 0.023652 0.059956 0.000000 0.000000 0.000000
2.000000 15.000000 7.000000 12.000000 41353.692450 0.070675 0.201707 0.000000 0.000000 0.000000
2.000000 16.000000 7.000000 12.000000 110748.771311 0.233867 1.185106 0.000000 0.000000 0.000000
2.000000 17.000000 7.000000 12.000000 219955.461894 0.738151 -2.678368 0.000000 0.000000 -0.000000
2.000000 18.000000 7.000000 12.000000 324688.580520 2.505306 -1.296141 0.000000 0.000000 -0.000000
2.000000 19.000000 7.000000 12.000000 240046.346963 0.903513 -2.097878 -0.000000 0.000000 -0.000000
2.000000 20.000000 7.000000 12.000000 33038.456316 0.055203 0.151284 0.000000 0.000000 0.000000
2.000000 21.000000 7.000000 12.000000 9470.158957 0.014881 0.036953 0.000000 0.000000 -0.000000
2.000000 22.000000 7.000000 12.000000 6556.779917 0.010228 0.025125 0.000000 0.000000 -0.000000
2.000000 23.000000 7.000000 12.000000 5349.611252 0.008320 0.020348 0.000000 0.000000 0.000000
2.000000 24.000000 7.000000 12.000000 4547.194975 0.007058 0.017212 0.000000 0.000000 0.000000
2.000000 1.000000 1.000000 1.000000 3954.249787 0.006128 0.014913 0.000000 0.000000 0.000000
2.000000 2.000000 1.000000 1.000000 3501.937178 0.005421 0.013171 0.000000 0.000000 0.000000
2.000000 3.000000 1.000000 1.000000 3152.569787 0.004876 0.011832 0.000000 0.000000 0.000000
2.000000 4.000000 1.000000 1.000000 2855.532455 0.004413 0.010698 0.000000 0.000000 0.000000
2.000000 5.000000 1.000000 1.000000 2601.115401 0.004018 0.009730 0.000000 0.000000 -0.000000
2.000000 6.000000 1.000000 1.000000 2386.800478 0.003685 0.008917 0.000000 0.000000 -0.000000
2.000000 7.000000 1.000000 1.000000 2254.949207 0.003480 0.008418 0.000000 0.000000 -0.000000
2.000000 8.000000 1.000000 1.000000 2608.476944 0.004029 0.009758 0.009758 0.000000 -111.366028
2.000000 9.000000 1.000000 1.000000 3198.696137 0.004948 0.012009 0.010706 0.000000 0.000000
2.000000 10.000000 1.000000 1.000000 2837.276150 0.004385 0.010629 0.010026 0.000000 0.000000
2.000000 11.000000 1.000000 1.000000 2424.731735 0.003744 0.009061 0.009061 0.000000 -6394.287379
2.000000 12.000000 1.000000 1.000000 2245.644437 0.003466 0.008383 0.008383 0.000000 -9490.291066
2.000000 13.000000 1.000000 1.000000 2081.540296 0.003211 0.007762 0.007762 0.000000 -9570.502361
2.000000 14.000000 1.000000 1.000000 2061.861679 0.003180 0.007688 0.007688 0.000000 -8550.739645
2.000000 15.000000 1.000000 1.000000 2300.525397 0.003551 0.008590 0.008590 0.000000 -4965.525066
2.000000 16.000000 1.000000 1.000000 4212.246207 0.006532 0.015911 0.009963 0.000000 0.000000
2.000000 17.000000 1.000000 1.000000 6638.973990 0.010358 0.025453 0.010358 2616.290013 0.000000
2.000000 18.000000 1.000000 1.000000 8686.959202 0.013624 0.033731 0.013624 13192.775195 0.000000
2.000000 19.000000 1.000000 1.000000 137654.861600 0.319906 2.742503 0.000000 0.000000 0.000000
2.000000 20.000000 1.000000 1.000000 106840.752065 0.222660 1.071262 0.000000 0.000000 0.000000
2.000000 21.000000 1.000000 1.000000 10218.299840 0.016087 0.040060 0.000000 0.000000 -0.000000
2.000000 22.000000 1.000000 1.000000 5851.494649 0.009112 0.022326 0.000000 0.000000 -0.000000
2.000000 23.000000 1.000000 1.000000 4697.891926 0.007294 0.017798 0.000000 0.000000 0.000000
2.000000 24.000000 1.000000 1.000000 4031.778097 0.006250 0.015213 0.000000 0.000000 0.000000
2.000000 1.000000 2.000000 1.000000 3546.108855 0.005490 0.013341 0.000000 0.000000 0.000000
2.000000 2.000000 2.000000 1.000000 3203.655951 0.004956 0.012028 0.000000 0.000000 0.000000
2.000000 3.000000 2.000000 1.000000 2943.898011 0.004551 0.011035 0.000000 0.000000 0.000000
2.000000 4.000000 2.000000 1.000000 2732.230420 0.004222 0.010229 0.000000 0.000000 -0.000000
2.000000 5.000000 2.000000 1.000000 2549.428379 0.003937 0.009534 0.000000 0.000000 -0.000000
2.000000 6.000000 2.000000 1.000000 2377.083426 0.003670 0.008880 0.000000 0.000000 -0.000000
2.000000 7.000000 2.000000 1.000000 2249.480886 0.003471 0.008397 0.000000 0.000000 -0.000000
2.000000 8.000000 2.000000 1.000000 2707.554919 0.004183 0.010135 0.010135 0.000000 -1063.681564
2.000000 9.000000 2.000000 1.000000 3279.072659 0.005073 0.012317 0.011211 0.000000 0.000000
2.000000 10.000000 2.000000 1.000000 2858.663910 0.004418 0.010710 0.010396 0.000000 0.000000
2.000000 11.000000 2.000000 1.000000 2441.457078 0.003770 0.009124 0.009124 0.000000 -7569.502971
2.000000 12.000000 2.000000 1.000000 2275.537849 0.003512 0.008496 0.008496 0.000000 -9817.707764
2.000000 13.000000 2.000000 1.000000 2113.303783 0.003260 0.007882 0.007882 0.000000 -9223.535237
2.000000 14.000000 2.000000 1.000000 2084.933097 0.003216 0.007775 0.007775 0.000000 -8071.697484
2.000000 15.000000 2.000000 1.000000 2290.291663 0.003535 0.008552 0.008552 0.000000 -4471.288768
2.000000 16.000000 2.000000 1.000000 4199.624289 0.006513 0.015863 0.009881 0.000000 0.000000
2.000000 17.000000 2.000000 1.000000 6649.524727 0.010375 0.025495 0.010375 3442.986337 0.000000
2.000000 18.000000 2.000000 1.000000 8758.889786 0.013739 0.034025 0.013739 14552.513078 0.000000
2.000000 19.000000 2.000000 1.000000 138429.952128 0.322642 2.828159 0.000000 0.000000 0.000000
2.000000 20.000000 2.000000 1.000000 107830.342993 0.225470 1.098712 0.000000 0.000000 0.000000
2.000000 21.000000 2.000000 1.000000 10367.727302 0.016329 0.040684 0.000000 0.000000 -0.000000
2.000000 22.000000 2.000000 1.000000 5932.548147 0.009240 0.022646 0.000000 0.000000 -0.000000
2.000000 23.000000 2.000000 1.000000 4780.598514 0.007424 0.018121 0.000000 0.000000 0.000000
2.000000 24.000000 2.000000 1.000000 4116.194946 0.006382 0.015540 0.000000 0.000000 0.000000
2.000000 1.000000 3.000000 1.000000 3622.832517 0.005610 0.013636 0.000000 0.000000 0.000000
2.000000 2.000000 3.000000 1.000000 3269.491143 0.005058 0.012280 0.000000 0.000000 0.000000
2.000000 3.000000 3.000000 1.000000 2968.405045 0.004589 0.011129 0.000000 0.000000 0.000000
2.000000 4.000000 3.000000 1.000000 2727.789256 0.004215 0.010212 0.000000 0.000000 -0.000000
2.000000 5.000000 3.000000 1.000000 2528.201656 0.003904 0.009453 0.000000 0.000000 -0.000000
2.000000 6.000000 3.000000 1.000000 2359.188530 0.003642 0.008812 0.000000 0.000000 -0.000000
2.000000 7.000000 3.000000 1.000000 2216.391129 0.003420 0.008272 0.000000 0.000000 -0.000000
2.000000 8.000000 3.000000 1.000000 2637.692088 0.004074 0.009869 0.009869 0.000000 -99.685576
2.000000 9.000000 3.000000 1.000000 3182.464250 0.004923 0.011947 0.010472 0.000000 0.000000
2.000000 10.000000 3.000000 1.000000 2904.375442 0.004489 0.010885 0.010554 0.000000 0.000000
2.000000 11.000000 3.000000 1.000000 2477.370626 0.003825 0.009260 0.009260 0.000000 -5071.344573
2.000000 12.000000 3.000000 1.000000 2286.954832 0.003530 0.008539 0.008539 0.000000 -8117.303254
2.000000 13.000000 3.000000 1.000000 2117.796213 0.003267 0.007899 0.007899 0.000000 -8466.426792
2.000000 14.000000 3.000000 1.000000 2114.847260 0.003263 0.007888 0.007888 0.000000 -6616.710637
2.000000 15.000000 3.000000 1.000000 2172.287076 0.003352 0.008105 0.008105 0.000000 -2825.150516
2.000000 16.000000 3.000000 1.000000 3942.580999 0.006110 0.014868 0.008882 0.000000 0.000000
2.000000 17.000000 3.000000 1.000000 6260.735009 0.009759 0.023947 0.009759 3844.468335 0.000000
2.000000 18.000000 3.000000 1.000000 8256.666097 0.012935 0.031974 0.012935 13521.072338 0.000000
2.000000 19.000000 3.000000 1.000000 133980.760578 0.307151 2.388246 0.000000 0.000000 0.000000
2.000000 20.000000 3.000000 1.000000 104753.761748 0.216795 1.016151 0.000000 0.000000 0.000000
2.000000 21.000000 3.000000 1.000000 9987.180540 0.015714 0.039097 0.000000 0.000000 -0.000000
2.000000 22.000000 3.000000 1.000000 5689.892747 0.008856 0.021688 0.000000 0.000000 -0.000000
2.000000 23.000000 3.000000 1.000000 4581.101321 0.007111 0.017344 0.000000 0.000000 0.000000
2.000000 24.000000 3.000000 1.000000 3949.675322 0.006121 0.014896 0.000000 0.000000 0.000000
2.000000 1.000000 4.000000 1.000000 3501.706319 0.005421 0.013171 0.000000 0.000000 0.000000
2.000000 2.000000 4.000000 1.000000 3157.446217 0.004884 0.011851 0.000000 0.000000 0.000000
2.000000 3.000000 4.000000 1.000000 2876.060220 0.004445 0.010777 0.000000 0.000000 0.000000
2.000000 4.000000 4.000000 1.000000 2667.297507 0.004121 0.009982 0.000000 0.000000 -0.000000
2.000000 5.000000 4.000000 1.000000 2491.675747 0.003848 0.009315 0.000000 0.000000 -0.000000
2.000000 6.000000 4.000000 1.000000 2333.495734 0.003602 0.008715 0.000000 0.000000 -0.000000
2.000000 7.000000 4.000000 1.000000 2226.262177 0.003435 0.008309 0.000000 0.000000 -0.000000
2.000000 8.000000 4.000000 1.000000 2635.484412 0.004071 0.009861 0.009411 0.000000 0.000000
2.000000 9.000000 4.000000 1.000000 3089.678751 0.004778 0.011592 0.009607 0.000000 0.000000
2.000000 10.000000 4.000000 1.000000 2874.368995 0.004443 0.010770 0.010770 0.000000 -7534.195763
2.000000 11.000000 4.000000 1.000000 2472.400462 0.003818 0.009242 0.009242 0.000000 -4941.730631
2.000000 12.000000 4.000000 1.000000 2278.142364 0.003516 0.008506 0.008506 0.000000 -7527.853100
2.000000 13.000000 4.000000 1.000000 2103.440076 0.003245 0.007845 0.007845 0.000000 -7966.731714
2.000000 14.000000 4.000000 1.000000 2084.274538 0.003215 0.007773 0.007773 0.000000 -7932.401298
2.000000 15.000000 4.000000 1.000000 2273.661389 0.003509 0.008489 0.008489 0.000000 -4504.329459
2.000000 16.000000 4.000000 1.000000 4107.291104 0.006368 0.015505 0.009945 0.000000 0.000000
2.000000 17.000000 4.000000 1.000000 6454.699812 0.010066 0.024719 0.010066 5386.861727 0.000000
2.000000 18.000000 4.000000 1.000000 8428.326598 0.013209 0.032674 0.013209 15611.636203 0.000000
2.000000 19.000000 4.000000 1.000000 134522.451970 0.309010 2.435714 0.000000 0.000000 0.000000
2.000000 20.000000 4.000000 1.000000 104651.522405 0.216509 1.013543 0.000000 0.000000 0.000000
2.000000 21.000000 4.000000 1.000000 9960.194699 0.015671 0.038985 0.000000 0.000000 -0.000000
2.000000 22.000000 4.000000 1.000000 5653.786523 0.008799 0.021545 0.000000 0.000000 -0.000000
2.000000 23.000000 4.000000 1.000000 4529.690146 0.007030 0.017144 0.000000 0.000000 0.000000
2.000000 24.000000 4.000000 1.000000 3880.373488 0.006013 0.014628 0.000000 0.000000 0.000000
2.000000 1.000000 5.000000 1.000000 3396.282519 0.005256 0.012766 0.000000 0.000000 0.000000
2.000000 2.000000 5.000000 1.000000 3033.183693 0.004690 0.011376 0.000000 0.000000 0.000000
2.000000 3.000000 5.000000 1.000000 2743.270058 0.004239 0.010271 0.000000 0.000000 0.000000
2.000000 4.000000 5.000000 1.000000 2519.099482 0.003890 0.009419 0.000000 0.000000 0.000000
2.000000 5.000000 5.000000 1.000000 2351.996788 0.003631 0.008785 0.000000 0.000000 -0.000000
2.000000 6.000000 5.000000 1.000000 2200.181607 0.003395 0.008211 0.000000 0.000000 -0.000000
2.000000 7.000000 5.000000 1.000000 2114.523235 0.003262 0.007887 0.000000 0.000000 -0.000000
2.000000 8.000000 5.000000 1.000000 2584.886537 0.003992 0.009669 0.008944 0.000000 0.000000
2.000000 9.000000 5.000000 1.000000 3222.321324 0.004985 0.012099 0.010301 0.000000 0.000000
2.000000 10.000000 5.000000 1.000000 2871.080895 0.004438 0.010758 0.010758 0.000000 -3246.829611
2.000000 11.000000 5.000000 1.000000 2412.657956 0.003725 0.009015 0.009015 0.000000 -3538.782819
2.000000 12.000000 5.000000 1.000000 2205.165936 0.003403 0.008230 0.008230 0.000000 -8705.433200
2.000000 13.000000 5.000000 1.000000 2015.355056 0.003108 0.007513 0.007513 0.000000 -11198.117171
2.000000 14.000000 5.000000 1.000000 1984.568667 0.003061 0.007396 0.007396 0.000000 -14244.183151
2.000000 15.000000 5.000000 1.000000 2504.330047 0.003867 0.009363 0.009363 0.000000 -5451.374142
2.000000 16.000000 5.000000 1.000000 4492.412563 0.006972 0.016999 0.010929 0.000000 0.000000
2.000000 17.000000 5.000000 1.000000 6977.798831 0.010896 0.026808 0.010896 6000.075257 0.000000
2.000000 18.000000 5.000000 1.000000 9075.464081 0.014247 0.035325 0.014247 16131.548593 0.000000
2.000000 19.000000 5.000000 1.000000 142039.939089 0.335595 3.292291 0.000000 0.000000 0.000000
2.000000 20.000000 5.000000 1.000000 110768.893170 0.233925 1.185732 0.000000 0.000000 0.000000
2.000000 21.000000 5.000000 1.000000 10764.364712 0.016970 0.042347 0.000000 0.000000 -0.000000
2.000000 22.000000 5.000000 1.000000 6133.021398 0.009557 0.023440 0.000000 0.000000 -0.000000
2.000000 23.000000 5.000000 1.000000 4901.017343 0.007613 0.018591 0.000000 0.000000 0.000000
2.000000 24.000000 5.000000 1.000000 4222.332867 0.006548 0.015950 0.000000 0.000000 0.000000
2.000000 1.000000 6.000000 1.000000 3734.427261 0.005784 0.014066 0.000000 0.000000 0.000000
2.000000 2.000000 6.000000 1.000000 3345.504816 0.005177 0.012571 0.000000 0.000000 0.000000
2.000000 3.000000 6.000000 1.000000 3030.784462 0.004686 0.011367 0.000000 0.000000 0.000000
2.000000 4.000000 6.000000 1.000000 2778.124781 0.004293 0.010404 0.000000 0.000000 -0.000000
2.000000 5.000000 6.000000 1.000000 2578.209540 0.003982 0.009643 0.000000 0.000000 -0.000000
2.000000 6.000000 6.000000 1.000000 2402.760677 0.003709 0.008978 0.000000 0.000000 -0.000000
2.000000 7.000000 6.000000 1.000000 2290.650277 0.003535 0.008553 0.000000 0.000000 -0.000000
2.000000 8.000000 6.000000 1.000000 4369.272974 0.006778 0.016520 0.000000 0.000000 0.000000
2.000000 9.000000 6.000000 1.000000 6078.323872 0.009470 0.023224 0.000000 0.000000 0.000000
2.000000 10.000000 6.000000 1.000000 8344.920200 0.013076 0.032334 0.000000 0.000000 0.000000
2.000000 11.000000 6.000000 1.000000 10998.290429 0.017349 0.043331 0.000000 0.000000 0.000000
2.000000 12.000000 6.000000 1.000000 12732.171206 0.020173 0.050719 0.000000 0.000000 0.000000
2.000000 13.000000 6.000000 1.000000 14463.782054 0.023019 0.058263 0.000000 0.000000 0.000000
2.000000 14.000000 6.000000 1.000000 14938.694868 0.023803 0.060362 0.000000 0.000000 0.000000
2.000000 15.000000 6.000000 1.000000 30390.592204 0.050420 0.136499 0.000000 0.000000 0.000000
2.000000 16.000000 6.000000 1.000000 85858.954569 0.167180 0.643301 0.000000 0.000000 0.000000
2.000000 17.000000 6.000000 1.000000 191261.844554 0.555811 -5.314053 0.000000 0.000000 -0.000000
2.000000 18.000000 6.000000 1.000000 323397.847664 2.456022 -1.301772 0.000000 0.000000 -0.000000
2.000000 19.000000 6.000000 1.000000 260038.347002 1.113466 -1.774220 -0.000000 0.000000 -0.000000
2.000000 20.000000 6.000000 1.000000 144666.889366 0.345247 3.717052 0.000000 0.000000 0.000000
2.000000 21.000000 6.000000 1.000000 14162.942918 0.022522 0.056940 0.000000 0.000000 -0.000000
2.000000 22.000000 6.000000 1.000000 7971.145869 0.012478 0.030814 0.000000 0.000000 -0.000000
2.000000 23.000000 6.000000 1.000000 6274.483280 0.009781 0.024002 0.000000 0.000000 0.000000
2.000000 24.000000 6.000000 1.000000 5288.109633 0.008223 0.020107 0.000000 0.000000 0.000000
2.000000 1.000000 7.000000 1.000000 4602.048588 0.007144 0.017425 0.000000 0.000000 0.000000
2.000000 2.000000 7.000000 1.000000 4054.845698 0.006286 0.015302 0.000000 0.000000 0.000000
2.000000 3.000000 7.000000 1.000000 3637.301674 0.005633 0.013692 0.000000 0.000000 0.000000
2.000000 4.000000 7.000000 1.000000 3284.537493 0.005082 0.012338 0.000000 0.000000 0.000000
2.000000 5.000000 7.000000 1.000000 3000.452119 0.004639 0.011251 0.000000 0.000000 0.000000
2.000000 6.000000 7.000000 1.000000 2751.695361 0.004252 0.010303 0.000000 0.000000 -0.000000
2.000000 7.000000 7.000000 1.000000 2569.574648 0.003969 0.009610 0.000000 0.000000 -0.000000
2.000000 8.000000 7.000000 1.000000 4808.181589 0.007468 0.018228 0.000000 0.000000 0.000000
2.000000 9.000000 7.000000 1.000000 6564.716244 0.010241 0.025157 0.000000 0.000000 0.000000
2.000000 10.000000 7.000000 1.000000 8828.552113 0.013851 0.034311 0.000000 0.000000 0.000000
2.000000 11.000000 7.000000 1.000000 11539.482609 0.018228 0.045619 0.000000 0.000000 0.000000
2.000000 12.000000 7.000000 1.000000 13239.130149 0.021004 0.052910 0.000000 0.000000 0.000000
2.000000 13.000000 7.000000 1.000000 14942.659196 0.023810 0.060379 0.000000 0.000000 0.000000
2.000000 14.000000 7.000000 1.000000 15380.812462 0.024536 0.062327 0.000000 0.000000 0.000000
2.000000 15.000000 7.000000 1.000000 31256.295473 0.051976 0.141270 0.000000 0.000000 0.000000
2.000000 16.000000 7.000000 1.000000 88389.907755 0.173483 0.683090 0.000000 0.000000 0.000000
2.000000 17.000000 7.000000 1.000000 196379.163886 0.584661 -4.441067 0.000000 0.000000 -0.000000
2.000000 18.000000 7.000000 1.000000 330227.283428 2.736032 -1.272999 0.000000 0.000000 -0.000000
2.000000 19.000000 7.000000 1.000000 264611.852615 1.169882 -1.719177 -0.000000 0.000000 -0.000000
2.000000 20.000000 7.000000 1.000000 147474.957863 0.355782 4.286413 0.000000 0.000000 0.000000
2.000000 21.000000 7.000000 1.000000 14568.074327 0.023191 0.058723 0.000000 0.000000 -0.000000
2.000000 22.000000 7.000000 1.000000 8216.209585 0.012870 0.031810 0.000000 0.000000 -0.000000
2.000000 23.000000 7.000000 1.000000 6454.964501 0.010067 0.024720 0.000000 0.000000 0.000000
2.000000 24.000000 7.000000 1.000000 5399.734541 0.008399 0.020545 0.000000 0.000000 0.000000
2.000000 1.000000 1.000000 1.000000 4632.048561 0.007191 0.017542 0.000000 0.000000 0.000000
2.000000 2.000000 1.000000 1.000000 4083.659192 0.006331 0.015414 0.000000 0.000000 0.000000
2.000000 3.000000 1.000000 1.000000 3666.295578 0.005678 0.013803 0.000000 0.000000 0.000000
2.000000 4.000000 1.000000 1.000000 3327.814545 0.005149 0.012503 0.000000 0.000000 0.000000
2.000000 5.000000 1.000000 1.000000 3045.375069 0.004709 0.011423 0.000000 0.000000 0.000000
2.000000 6.000000 1.000000 1.000000 2793.162324 0.004316 0.010461 0.000000 0.000000 -0.000000
2.000000 7.000000 1.000000 1.000000 2611.846356 0.004034 0.009771 0.000000 0.000000 -0.000000
2.000000 8.000000 1.000000 1.000000 2863.004959 0.004425 0.010727 0.010211 0.000000 0.000000
2.000000 9.000000 1.000000 1.000000 3221.453395 0.004983 0.012096 0.010357 0.000000 0.000000
2.000000 10.000000 1.000000 1.000000 2749.168085 0.004248 0.010293 0.010293 0.000000 -1386.730874
2.000000 11.000000 1.000000 1.000000 2375.759762 0.003667 0.008875 0.008875 0.000000 -9463.564662
2.000000 12.000000 1.000000 1.000000 2216.149557 0.003420 0.008271 0.008271 0.000000 -11365.725395
2.000000 13.000000 1.000000 1.000000 2068.268360 0.003190 0.007712 0.007712 0.000000 -9646.837050
2.000000 14.000000 1.000000 1.000000 2065.942663 0.003187 0.007704 0.007704 0.000000 -6224.282887
2.000000 15.000000 1.000000 1.000000 2231.110692 0.003443 0.008328 0.008328 0.000000 -3733.393008
2.000000 16.000000 1.000000 1.000000 4126.096782 0.006397 0.015578 0.009547 0.000000 0.000000
2.000000 17.000000 1.000000 1.000000 6586.893948 0.010276 0.025246 0.010276 1608.841154 0.000000
2.000000 18.000000 1.000000 1.000000 8703.119069 0.013649 0.033797 0.013649 11963.845215 0.000000
2.000000 19.000000 1.000000 1.000000 138937.204035 0.324441 2.886617 0.000000 0.000000 0.000000
2.000000 20.000000 1.000000 1.000000 108703.446358 0.227965 1.123680 0.000000 0.000000 0.000000
2.000000 21.000000 1.000000 1.000000 10507.091450 0.016554 0.041267 0.000000 0.000000 -0.000000
2.000000 22.000000 1.000000 1.000000 5991.891355 0.009334 0.022881 0.000000 0.000000 -0.000000
2.000000 23.000000 1.000000 1.000000 4790.414570 0.007440 0.018159 0.000000 0.000000 0.000000
2.000000 24.000000 1.000000 1.000000 4097.194227 0.006352 0.015466 0.000000 0.000000 0.000000
2.000000 1.000000 2.000000 1.000000 3630.610311 0.005622 0.013666 0.000000 0.000000 0.000000
2.000000 2.000000 2.000000 1.000000 3265.919609 0.005053 0.012266 0.000000 0.000000 0.000000
2.000000 3.000000 2.000000 1.000000 2979.786452 0.004607 0.011172 0.000000 0.000000 0.000000
2.000000 4.000000 2.000000 1.000000 2750.498258 0.004250 0.010298 0.000000 0.000000 -0.000000
2.000000 5.000000 2.000000 1.000000 2569.115826 0.003968 0.009609 0.000000 0.000000 -0.000000
2.000000 6.000000 2.000000 1.000000 2417.333081 0.003732 0.009033 0.000000 0.000000 -0.000000
2.000000 7.000000 2.000000 1.000000 2291.620930 0.003537 0.008557 0.000000 0.000000 -0.000000
2.000000 8.000000 2.000000 1.000000 2729.907263 0.004218 0.010220 0.009694 0.000000 0.000000
2.000000 9.000000 2.000000 1.000000 3290.607840 0.005091 0.012361 0.010192 0.000000 0.000000
2.000000 10.000000 2.000000 1.000000 2820.560279 0.004359 0.010565 0.010565 0.000000 -3059.270919
2.000000 11.000000 2.000000 1.000000 2416.344833 0.003731 0.009029 0.009029 0.000000 -9425.933420
2.000000 12.000000 2.000000 1.000000 2228.489236 0.003439 0.008318 0.008318 0.000000 -9553.636474
2.000000 13.000000 2.000000 1.000000 2055.794425 0.003171 0.007665 0.007665 0.000000 -12011.427184
2.000000 14.000000 2.000000 1.000000 2042.810420 0.003151 0.007616 0.007616 0.000000 -9693.342451
2.000000 15.000000 2.000000 1.000000 2334.224670 0.003603 0.008718 0.008718 0.000000 -5668.112079
2.000000 16.000000 2.000000 1.000000 4277.786882 0.006635 0.016165 0.010449 0.000000 0.000000
2.000000 17.000000 2.000000 1.000000 6753.948943 0.010541 0.025912 0.015161 0.000000 0.000000
2.000000 18.000000 2.000000 1.000000 8878.459644 0.013931 0.034516 0.013931 4675.038253 0.000000
2.000000 19.000000 2.000000 1.000000 140707.813211 0.330774 3.107171 0.000000 0.000000 0.000000
2.000000 20.000000 2.000000 1.000000 110175.499734 0.232204 1.167457 0.000000 0.000000 0.000000
2.000000 21.000000 2.000000 1.000000 10765.488596 0.016972 0.042351 0.000000 0.000000 -0.000000
2.000000 22.000000 2.000000 1.000000 6190.766200 0.009648 0.023670 0.000000 0.000000 -0.000000
2.000000 23.000000 2.000000 1.000000 4960.548425 0.007707 0.018824 0.000000 0.000000 0.000000
2.000000 24.000000 2.000000 1.000000 4252.178029 0.006595 0.016066 0.000000 0.000000 0.000000
2.000000 1.000000 3.000000 1.000000 3760.747332 0.005826 0.014167 0.000000 0.000000 0.000000
2.000000 2.000000 3.000000 1.000000 3401.859250 0.005265 0.012787 0.000000 0.000000 0.000000
2.000000 3.000000 3.000000 1.000000 3114.213017 0.004816 0.011686 0.000000 0.000000 -0.000000
2.000000 4.000000 3.000000 1.000000 2849.394035 0.004404 0.010675 0.000000 0.000000 -0.000000
2.000000 5.000000 3.000000 1.000000 2634.704484 0.004070 0.009858 0.000000 0.000000 -0.000000
2.000000 6.000000 3.000000 1.000000 2428.991284 0.003750 0.009077 0.000000 0.000000 -0.000000
2.000000 7.000000 3.000000 1.000000 2306.010957 0.003559 0.008611 0.000000 0.000000 -0.000000
2.000000 8.000000 3.000000 1.000000 2777.867805 0.004293 0.010403 0.010359 0.000000 0.000000
2.000000 9.000000 3.000000 1.000000 3339.042272 0.005167 0.012546 0.010582 0.000000 0.000000
2.000000 10.000000 3.000000 1.000000 2811.916350 0.004346 0.010532 0.010532 0.000000 -1096.556893
2.000000 11.000000 3.000000 1.000000 2412.303239 0.003724 0.009014 0.009014 0.000000 -8563.551800
2.000000 12.000000 3.000000 1.000000 2245.520883 0.003465 0.008382 0.008382 0.000000 -9828.358779
2.000000 13.000000 3.000000 1.000000 2075.414756 0.003201 0.007739 0.007739 0.000000 -12166.357087
2.000000 14.000000 3.000000 1.000000 2048.304992 0.003159 0.007637 0.007637 0.000000 -9830.877324
2.000000 15.000000 3.000000 1.000000 2355.953949 0.003637 0.008800 0.008800 0.000000 -4185.440521
2.000000 16.000000 3.000000 1.000000 4355.384803 0.006757 0.016466 0.009952 0.000000 0.000000
2.000000 17.000000 3.000000 1.000000 6944.470383 0.010843 0.026675 0.010843 140.389104 0.000000
2.000000 18.000000 3.000000 1.000000 9128.411573 0.014332 0.035543 0.014332 10006.582383 0.000000
2.000000 19.000000 3.000000 1.000000 143502.136127 0.340944 3.517866 0.000000 0.000000 0.000000
2.000000 20.000000 3.000000 1.000000 112765.780792 0.239768 1.250068 0.000000 0.000000 0.000000
2.000000 21.000000 3.000000 1.000000 11126.843839 0.017558 0.043873 0.000000 0.000000 -0.000000
2.000000 22.000000 3.000000 1.000000 6397.171219 0.009975 0.024490 0.000000 0.000000 -0.000000
2.000000 23.000000 3.000000 1.000000 5178.660710 0.008050 0.019677 0.000000 0.000000 0.000000
2.000000 24.000000 3.000000 1.000000 4479.338821 0.006951 0.016948 0.000000 0.000000 0.000000
2.000000 1.000000 4.000000 1.000000 3989.695740 0.006184 0.015050 0.000000 0.000000 0.000000
2.000000 2.000000 4.000000 1.000000 3594.558307 0.005566 0.013527 0.000000 0.000000 0.000000
2.000000 3.000000 4.000000 1.000000 3272.662352 0.005063 0.012292 0.000000 0.000000 0.000000
2.000000 4.000000 4.000000 1.000000 2986.333199 0.004617 0.011197 0.000000 0.000000 -0.000000
2.000000 5.000000 4.000000 1.000000 2753.171836 0.004254 0.010309 0.000000 0.000000 -0.000000
2.000000 6.000000 4.000000 1.000000 2549.543173 0.003937 0.009534 0.000000 0.000000 -0.000000
2.000000 7.000000 4.000000 1.000000 2418.522217 0.003734 0.009037 0.000000 0.000000 -0.000000
2.000000 8.000000 4.000000 1.000000 2891.889551 0.004470 0.010837 0.010837 0.000000 -87.923797
2.000000 9.000000 4.000000 1.000000 3249.777254 0.005028 0.012204 0.011164 0.000000 0.000000
2.000000 10.000000 4.000000 1.000000 2730.680036 0.004219 0.010223 0.010223 0.000000 -4117.283479
2.000000 11.000000 4.000000 1.000000 2353.281436 0.003633 0.008790 0.008790 0.000000 -12406.746707
2.000000 12.000000 4.000000 1.000000 2197.700014 0.003391 0.008201 0.008201 0.000000 -12912.065358
2.000000 13.000000 4.000000 1.000000 2038.797902 0.003145 0.007601 0.007601 0.000000 -13255.519000
2.000000 14.000000 4.000000 1.000000 2011.141570 0.003102 0.007497 0.007497 0.000000 -9595.908104
2.000000 15.000000 4.000000 1.000000 2412.314862 0.003724 0.009014 0.009014 0.000000 -4823.526107
2.000000 16.000000 4.000000 1.000000 4445.962091 0.006899 0.016818 0.010675 0.000000 0.000000
2.000000 17.000000 4.000000 1.000000 7049.327227 0.011010 0.027095 0.011156 0.000000 0.000000
2.000000 18.000000 4.000000 1.000000 9272.874835 0.014564 0.036138 0.014564 9386.702781 0.000000
2.000000 19.000000 4.000000 1.000000 144533.162674 0.344751 3.693215 0.000000 0.000000 0.000000
2.000000 20.000000 4.000000 1.000000 113073.006862 0.240674 1.260375 0.000000 0.000000 0.000000
2.000000 21.000000 4.000000 1.000000 11092.309595 0.017502 0.043727 0.000000 0.000000 -0.000000
2.000000 22.000000 4.000000 1.000000 6381.632010 0.009950 0.024428 0.000000 0.000000 -0.000000
2.000000 23.000000 4.000000 1.000000 5165.196962 0.008029 0.019625 0.000000 0.000000 0.000000
2.000000 24.000000 4.000000 1.000000 4461.940564 0.006924 0.016880 0.000000 0.000000 0.000000
2.000000 1.000000 5.000000 1.000000 3943.585501 0.006112 0.014872 0.000000 0.000000 0.000000
2.000000 2.000000 5.000000 1.000000 3551.395774 0.005498 0.013361 0.000000 0.000000 0.000000
2.000000 3.000000 5.000000 1.000000 3238.813521 0.005011 0.012162 0.000000 0.000000 0.000000
2.000000 4.000000 5.000000 1.000000 2994.745274 0.004630 0.011229 0.000000 0.000000 -0.000000
2.000000 5.000000 5.000000 1.000000 2786.154428 0.004305 0.010434 0.000000 0.000000 -0.000000
2.000000 6.000000 5.000000 1.000000 2593.087278 0.004005 0.009700 0.000000 0.000000 -0.000000
2.000000 7.000000 5.000000 1.000000 2452.287514 0.003786 0.009165 0.000000 0.000000 -0.000000
2.000000 8.000000 5.000000 1.000000 2935.810415 0.004538 0.011004 0.010273 0.000000 0.000000
2.000000 9.000000 5.000000 1.000000 3220.713546 0.004982 0.012093 0.010791 0.000000 0.000000
2.000000 10.000000 5.000000 1.000000 2706.149887 0.004181 0.010130 0.010130 0.000000 -5149.068533
2.000000 11.000000 5.000000 1.000000 2321.453651 0.003583 0.008670 0.008670 0.000000 -8644.723095
2.000000 12.000000 5.000000 1.000000 2166.389770 0.003343 0.008083 0.008083 0.000000 -9682.924689
2.000000 13.000000 5.000000 1.000000 2022.358360 0.003119 0.007539 0.007539 0.000000 -12134.605643
2.000000 14.000000 5.000000 1.000000 2016.125539 0.003110 0.007516 0.007516 0.000000 -9568.358524
2.000000 15.000000 5.000000 1.000000 2362.460365 0.003647 0.008825 0.008825 0.000000 -4220.155579
2.000000 16.000000 5.000000 1.000000 4283.961982 0.006645 0.016189 0.010159 0.000000 0.000000
2.000000 17.000000 5.000000 1.000000 6728.261379 0.010500 0.025810 0.010506 0.000000 0.000000
2.000000 18.000000 5.000000 1.000000 8786.990314 0.013784 0.034141 0.013784 9068.569459 0.000000
2.000000 19.000000 5.000000 1.000000 139099.847615 0.325019 2.905782 0.000000 0.000000 0.000000
2.000000 20.000000 5.000000 1.000000 108923.788216 0.228597 1.130096 0.000000 0.000000 0.000000
2.000000 21.000000 5.000000 1.000000 10556.866084 0.016635 0.041476 0.000000 0.000000 -0.000000
2.000000 22.000000 5.000000 1.000000 6066.633860 0.009452 0.023177 0.000000 0.000000 -0.000000
2.000000 23.000000 5.000000 1.000000 4873.938921 0.007571 0.018485 0.000000 0.000000 0.000000
2.000000 24.000000 5.000000 1.000000 4188.104886 0.006494 0.015818 0.000000 0.000000 0.000000
2.000000 1.000000 6.000000 1.000000 3736.534080 0.005788 0.014074 0.000000 0.000000 0.000000
2.000000 2.000000 6.000000 1.000000 3367.976351 0.005212 0.012657 0.000000 0.000000 0.000000
2.000000 3.000000 6.000000 1.000000 3086.137217 0.004773 0.011578 0.000000 0.000000 0.000000
2.000000 4.000000 6.000000 1.000000 2852.554587 0.004409 0.010687 0.000000 0.000000 -0.000000
2.000000 5.000000 6.000000 1.000000 2656.014659 0.004103 0.009939 0.000000 0.000000 -0.000000
2.000000 6.000000 6.000000 1.000000 2470.364862 0.003814 0.009234 0.000000 0.000000 -0.000000
2.000000 7.000000 6.000000 1.000000 2328.803372 0.003595 0.008697 0.000000 0.000000 -0.000000
2.000000 8.000000 6.000000 1.000000 4429.698164 0.006873 0.016755 0.000000 0.000000 0.000000
2.000000 9.000000 6.000000 1.000000 6105.419382 0.009513 0.023331 0.000000 0.000000 0.000000
2.000000 10.000000 6.000000 1.000000 8267.734685 0.012952 0.032019 0.000000 0.000000 0.000000
2.000000 11.000000 6.000000 1.000000 10882.328090 0.017162 0.042843 0.000000 0.000000 0.000000
2.000000 12.000000 6.000000 1.000000 12451.786151 0.019715 0.049513 0.000000 0.000000 0.000000
2.000000 13.000000 6.000000 1.000000 13982.958144 0.022226 0.056151 0.000000 0.000000 0.000000
2.000000 14.000000 6.000000 1.000000 14315.158996 0.022773 0.057609 0.000000 0.000000 0.000000
2.000000 15.000000 6.000000 1.000000 29146.886055 0.048197 0.129747 0.000000 0.000000 0.000000
2.000000 16.000000 6.000000 1.000000 83267.193173 0.160829 0.604994 0.000000 0.000000 0.000000
2.000000 17.000000 6.000000 1.000000 186887.186358 0.532221 -6.453621 0.000000 0.000000 -0.000000
2.000000 18.000000 6.000000 1.000000 317491.059445 2.248967 -1.328789 0.000000 0.000000 -0.000000
2.000000 19.000000 6.000000 1.000000 254949.453050 1.054726 -1.842342 -0.000000 0.000000 -0.000000
2.000000 20.000000 6.000000 1.000000 142068.960900 0.335701 3.296529 0.000000 0.000000 0.000000
2.000000 21.000000 6.000000 1.000000 13846.108653 0.022001 0.055553 0.000000 0.000000 -0.000000
2.000000 22.000000 6.000000 1.000000 7736.190341 0.012103 0.029862 0.000000 0.000000 -0.000000
2.000000 23.000000 6.000000 1.000000 6070.437621 0.009458 0.023192 0.000000 0.000000 0.000000
2.000000 24.000000 6.000000 1.000000 5059.808498 0.007863 0.019212 0.000000 0.000000 0.000000
2.000000 1.000000 7.000000 1.000000 4356.853616 0.006759 0.016472 0.000000 0.000000 0.000000
2.000000 2.000000 7.000000 1.000000 3867.522610 0.005993 0.014579 0.000000 0.000000 0.000000
2.000000 3.000000 7.000000 1.000000 3502.225754 0.005422 0.013173 0.000000 0.000000 0.000000
2.000000 4.000000 7.000000 1.000000 3219.508513 0.004980 0.012089 0.000000 0.000000 0.000000
2.000000 5.000000 7.000000 1.000000 2976.982528 0.004602 0.011162 0.000000 0.000000 0.000000
2.000000 6.000000 7.000000 1.000000 2734.426435 0.004225 0.010237 0.000000 0.000000 0.000000
2.000000 7.000000 7.000000 1.000000 2572.444373 0.003973 0.009621 0.000000 0.000000 -0.000000
2.000000 8.000000 7.000000 1.000000 4825.290309 0.007494 0.018295 0.000000 0.000000 0.000000
2.000000 9.000000 7.000000 1.000000 6566.101153 0.010243 0.025163 0.000000 0.000000 0.000000
2.000000 10.000000 7.000000 1.000000 8798.606806 0.013803 0.034188 0.000000 0.000000 0.000000
2.000000 11.000000 7.000000 1.000000 11433.318260 0.018056 0.045169 0.000000 0.000000 0.000000
2.000000 12.000000 7.000000 1.000000 13068.829970 0.020725 0.052173 0.000000 0.000000 0.000000
2.000000 13.000000 7.000000 1.000000 14744.870522 0.023483 0.059504 0.000000 0.000000 0.000000
2.000000 14.000000 7.000000 1.000000 15247.573921 0.024315 0.061734 0.000000 0.000000 0.000000
2.000000 15.000000 7.000000 1.000000 31130.237389 0.051749 0.140572 0.000000 0.000000 0.000000
2.000000 16.000000 7.000000 1.000000 88212.897209 0.173039 0.680226 0.000000 0.000000 0.000000
2.000000 17.000000 7.000000 1.000000 195699.942472 0.580751 -4.537768 0.000000 0.000000 -0.000000
2.000000 18.000000 7.000000 1.000000 329723.813510 2.713662 -1.275037 0.000000 0.000000 -0.000000
2.000000 19.000000 7.000000 1.000000 264136.604778 1.163850 -1.724650 -0.000000 0.000000 -0.000000
2.000000 20.000000 7.000000 1.000000 146730.854496 0.352968 4.121477 0.000000 0.000000 0.000000
2.000000 21.000000 7.000000 1.000000 14291.332292 0.022734 0.057504 0.000000 0.000000 -0.000000
2.000000 22.000000 7.000000 1.000000 7988.765171 0.012507 0.030885 0.000000 0.000000 -0.000000
2.000000 23.000000 7.000000 1.000000 6236.489541 0.009720 0.023851 0.000000 0.000000 0.000000
2.000000 24.000000 7.000000 1.000000 5220.626547 0.008116 0.019842 0.000000 0.000000 0.000000
2.000000 1.000000 1.000000 1.000000 4495.453609 0.006976 0.017010 0.000000 0.000000 0.000000
2.000000 2.000000 1.000000 1.000000 3940.276665 0.006106 0.014860 0.000000 0.000000 0.000000
2.000000 3.000000 1.000000 1.000000 3512.244964 0.005437 0.013211 0.000000 0.000000 0.000000
2.000000 4.000000 1.000000 1.000000 3174.058141 0.004910 0.011915 0.000000 0.000000 0.000000
2.000000 5.000000 1.000000 1.000000 2888.986664 0.004465 0.010826 0.000000 0.000000 0.000000
2.000000 6.000000 1.000000 1.000000 2634.354394 0.004069 0.009857 0.000000 0.000000 -0.000000
2.000000 7.000000 1.000000 1.000000 2453.525048 0.003788 0.009170 0.000000 0.000000 -0.000000
2.000000 8.000000 1.000000 1.000000 2781.387162 0.004298 0.010416 0.009714 0.000000 0.000000
2.000000 9.000000 1.000000 1.000000 3240.490673 0.005013 0.012169 0.010222 0.000000 0.000000
2.000000 10.000000 1.000000 1.000000 2749.381461 0.004248 0.010294 0.010294 0.000000 -1431.482001
2.000000 11.000000 1.000000 1.000000 2341.225897 0.003614 0.008744 0.008744 0.000000 -5430.390409
2.000000 12.000000 1.000000 1.000000 2182.841865 0.003368 0.008145 0.008145 0.000000 -8905.457804
2.000000 13.000000 1.000000 1.000000 2025.140271 0.003124 0.007550 0.007550 0.000000 -10354.341972
2.000000 14.000000 1.000000 1.000000 2009.313038 0.003099 0.007490 0.007490 0.000000 -11448.592578
2.000000 15.000000 1.000000 1.000000 2351.365304 0.003630 0.008783 0.008783 0.000000 -5759.907359
2.000000 16.000000 1.000000 1.000000 4320.389205 0.006702 0.016331 0.010426 0.000000 0.000000
2.000000 17.000000 1.000000 1.000000 6863.814914 0.010715 0.026352 0.010715 2939.609236 0.000000
2.000000 18.000000 1.000000 1.000000 9003.999666 0.014132 0.035031 0.014132 14400.665451 0.000000
2.000000 19.000000 1.000000 1.000000 141424.019910 0.333360 3.204466 0.000000 0.000000 0.000000
2.000000 20.000000 1.000000 1.000000 110091.376690 0.231961 1.164896 0.000000 0.000000 0.000000
2.000000 21.000000 1.000000 1.000000 10617.174825 0.016732 0.041729 0.000000 0.000000 -0.000000
2.000000 22.000000 1.000000 1.000000 6103.049961 0.009509 0.023322 0.000000 0.000000 -0.000000
2.000000 23.000000 1.000000 1.000000 4924.708507 0.007651 0.018684 0.000000 0.000000 0.000000
2.000000 24.000000 1.000000 1.000000 4217.740155 0.006541 0.015933 0.000000 0.000000 0.000000
2.000000 1.000000 2.000000 1.000000 3707.990820 0.005743 0.013964 0.000000 0.000000 0.000000
2.000000 2.000000 2.000000 1.000000 3320.359688 0.005138 0.012475 0.000000 0.000000 0.000000
2.000000 3.000000 2.000000 1.000000 3030.485375 0.004686 0.011366 0.000000 0.000000 0.000000
2.000000 4.000000 2.000000 1.000000 2790.176642 0.004312 0.010449 0.000000 0.000000 0.000000
2.000000 5.000000 2.000000 1.000000 2600.818681 0.004017 0.009729 0.000000 0.000000 -0.000000
2.000000 6.000000 2.000000 1.000000 2441.959967 0.003770 0.009126 0.000000 0.000000 -0.000000
2.000000 7.000000 2.000000 1.000000 2331.921775 0.003599 0.008709 0.000000 0.000000 -0.000000
2.000000 8.000000 2.000000 1.000000 2811.500235 0.004345 0.010531 0.009747 0.000000 0.000000
2.000000 9.000000 2.000000 1.000000 3298.906676 0.005104 0.012393 0.010667 0.000000 0.000000
2.000000 10.000000 2.000000 1.000000 2767.170465 0.004276 0.010362 0.010362 0.000000 -4819.787116
2.000000 11.000000 2.000000 1.000000 2350.876559 0.003629 0.008781 0.008781 0.000000 -9653.793941
2.000000 12.000000 2.000000 1.000000 2184.306555 0.003370 0.008151 0.008151 0.000000 -11657.094436
2.000000 13.000000 2.000000 1.000000 2024.868056 0.003123 0.007548 0.007548 0.000000 -11798.746566
2.000000 14.000000 2.000000 1.000000 2013.152959 0.003105 0.007504 0.007504 0.000000 -9466.166036
2.000000 15.000000 2.000000 1.000000 2378.750705 0.003672 0.008887 0.008887 0.000000 -5561.627946
2.000000 16.000000 2.000000 1.000000 4323.706539 0.006707 0.016344 0.010619 0.000000 0.000000
2.000000 17.000000 2.000000 1.000000 6775.455335 0.010575 0.025998 0.010575 2622.258380 0.000000
2.000000 18.000000 2.000000 1.000000 8905.483897 0.013974 0.034627 0.013974 13198.665127 0.000000
2.000000 19.000000 2.000000 1.000000 141222.007509 0.332629 3.176513 0.000000 0.000000 0.000000
2.000000 20.000000 2.000000 1.000000 111030.367998 0.234686 1.193903 0.000000 0.000000 0.000000
2.000000 21.000000 2.000000 1.000000 10880.677417 0.017159 0.042836 0.000000 0.000000 -0.000000
2.000000 22.000000 2.000000 1.000000 6289.814616 0.009805 0.024063 0.000000 0.000000 -0.000000
2.000000 23.000000 2.000000 1.000000 5088.734044 0.007909 0.019325 0.000000 0.000000 0.000000
2.000000 24.000000 2.000000 1.000000 4384.163575 0.006802 0.016578 0.000000 0.000000 0.000000
2.000000 1.000000 3.000000 1.000000 3920.969095 0.006076 0.014785 0.000000 0.000000 0.000000
2.000000 2.000000 3.000000 1.000000 3554.020761 0.005502 0.013372 0.000000 0.000000 0.000000
2.000000 3.000000 3.000000 1.000000 3274.797285 0.005067 0.012300 0.000000 0.000000 0.000000
2.000000 4.000000 3.000000 1.000000 3015.506781 0.004662 0.011309 0.000000 0.000000 -0.000000
2.000000 5.000000 3.000000 1.000000 2787.998923 0.004308 0.010441 0.000000 0.000000 -0.000000
2.000000 6.000000 3.000000 1.000000 2571.825431 0.003972 0.009619 0.000000 0.000000 -0.000000
2.000000 7.000000 3.000000 1.000000 2422.561536 0.003740 0.009053 0.000000 0.000000 -0.000000
2.000000 8.000000 3.000000 1.000000 2888.065060 0.004464 0.010822 0.010012 0.000000 0.000000
2.000000 9.000000 3.000000 1.000000 3254.090737 0.005034 0.012221 0.010456 0.000000 0.000000
2.000000 10.000000 3.000000 1.000000 2724.921585 0.004210 0.010201 0.010201 0.000000 -5793.158000
2.000000 11.000000 3.000000 1.000000 2329.508804 0.003596 0.008700 0.008700 0.000000 -12002.593790
2.000000 12.000000 3.000000 1.000000 2155.638361 0.003326 0.008042 0.008042 0.000000 -13687.143885
2.000000 13.000000 3.000000 1.000000 1995.137750 0.003077 0.007436 0.007436 0.000000 -14134.607942
2.000000 14.000000 3.000000 1.000000 1967.091866 0.003034 0.007331 0.007331 0.000000 -12743.318354
2.000000 15.000000 3.000000 1.000000 2503.102616 0.003865 0.009358 0.009358 0.000000 -6039.972013
2.000000 16.000000 3.000000 1.000000 4589.292628 0.007124 0.017375 0.011269 0.000000 0.000000
2.000000 17.000000 3.000000 1.000000 7205.851284 0.011259 0.027724 0.011259 1286.515585 0.000000
2.000000 18.000000 3.000000 1.000000 9471.563758 0.014884 0.036959 0.014884 13098.866612 0.000000
2.000000 19.000000 3.000000 1.000000 146669.700504 0.352737 4.108414 0.000000 0.000000 0.000000
2.000000 20.000000 3.000000 1.000000 115390.672589 0.247571 1.341944 0.000000 0.000000 0.000000
2.000000 21.000000 3.000000 1.000000 11434.878658 0.018058 0.045176 0.000000 0.000000 -0.000000
2.000000 22.000000 3.000000 1.000000 6584.847899 0.010272 0.025237 0.000000 0.000000 -0.000000
2.000000 23.000000 3.000000 1.000000 5318.038620 0.008270 0.020224 0.000000 0.000000 0.000000
2.000000 24.000000 3.000000 1.000000 4570.077006 0.007094 0.017301 0.000000 0.000000 0.000000
2.000000 1.000000 4.000000 1.000000 4040.818525 0.006264 0.015248 0.000000 0.000000 0.000000
2.000000 2.000000 4.000000 1.000000 3631.872141 0.005624 0.013671 0.000000 0.000000 0.000000
2.000000 3.000000 4.000000 1.000000 3313.145837 0.005126 0.012447 0.000000 0.000000 0.000000
2.000000 4.000000 4.000000 1.000000 3030.472294 0.004686 0.011366 0.000000 0.000000 -0.000000
2.000000 5.000000 4.000000 1.000000 2794.310597 0.004318 0.010465 0.000000 0.000000 -0.000000
2.000000 6.000000 4.000000 1.000000 2579.575554 0.003984 0.009648 0.000000 0.000000 -0.000000
2.000000 7.000000 4.000000 1.000000 2440.163977 0.003768 0.009119 0.000000 0.000000 -0.000000
2.000000 8.000000 4.000000 1.000000 2920.569170 0.004515 0.010946 0.010537 0.000000 0.000000
2.000000 9.000000 4.000000 1.000000 3218.293016 0.004979 0.012084 0.010908 0.000000 0.000000
2.000000 10.000000 4.000000 1.000000 2697.213561 0.004167 0.010096 0.010096 0.000000 -6871.546118
2.000000 11.000000 4.000000 1.000000 2307.414363 0.003561 0.008616 0.008616 0.000000 -15469.808520
2.000000 12.000000 4.000000 1.000000 2138.506082 0.003299 0.007978 0.007978 0.000000 -16512.771486
2.000000 13.000000 4.000000 1.000000 1982.040167 0.003057 0.007387 0.007387 0.000000 -16882.370042
2.000000 14.000000 4.000000 1.000000 1962.775392 0.003027 0.007314 0.007314 0.000000 -12334.249952
2.000000 15.000000 4.000000 1.000000 2501.103002 0.003862 0.009351 0.009351 0.000000 -6175.221201
2.000000 16.000000 4.000000 1.000000 4559.517228 0.007077 0.017260 0.011183 0.000000 0.000000
2.000000 17.000000 4.000000 1.000000 7117.305876 0.011118 0.027368 0.011118 343.129654 0.000000
2.000000 18.000000 4.000000 1.000000 9266.517014 0.014554 0.036112 0.014554 10687.469129 0.000000
2.000000 19.000000 4.000000 1.000000 144960.978492 0.346340 3.770413 0.000000 0.000000 0.000000
2.000000 20.000000 4.000000 1.000000 113960.146980 0.243301 1.290784 0.000000 0.000000 0.000000
2.000000 21.000000 4.000000 1.000000 11306.994477 0.017850 0.044634 0.000000 0.000000 -0.000000
2.000000 22.000000 4.000000 1.000000 6505.391434 0.010146 0.024921 0.000000 0.000000 -0.000000
2.000000 23.000000 4.000000 1.000000 5258.699512 0.008176 0.019991 0.000000 0.000000 0.000000
2.000000 24.000000 4.000000 1.000000 4480.212087 0.006952 0.016951 0.000000 0.000000 0.000000
2.000000 1.000000 5.000000 1.000000 3969.815794 0.006153 0.014974 0.000000 0.000000 0.000000
2.000000 2.000000 5.000000 1.000000 3577.308837 0.005539 0.013461 0.000000 0.000000 0.000000
2.000000 3.000000 5.000000 1.000000 3242.343306 0.005016 0.012176 0.000000 0.000000 -0.000000
2.000000 4.000000 5.000000 1.000000 2947.778021 0.004557 0.011050 0.000000 0.000000 -0.000000
2.000000 5.000000 5.000000 1.000000 2726.021208 0.004212 0.010205 0.000000 0.000000 -0.000000
2.000000 6.000000 5.000000 1.000000 2533.939646 0.003913 0.009475 0.000000 0.000000 -0.000000
2.000000 7.000000 5.000000 1.000000 2418.201271 0.003733 0.009036 0.000000 0.000000 -0.000000
2.000000 8.000000 5.000000 1.000000 2956.460073 0.004571 0.011083 0.011067 0.000000 0.000000
2.000000 9.000000 5.000000 1.000000 3205.355189 0.004958 0.012034 0.011403 0.000000 0.000000
2.000000 10.000000 5.000000 1.000000 2664.897742 0.004117 0.009973 0.009973 0.000000 -11082.266378
2.000000 11.000000 5.000000 1.000000 2308.185527 0.003563 0.008619 0.008619 0.000000 -14396.235436
2.000000 12.000000 5.000000 1.000000 2138.260606 0.003299 0.007977 0.007977 0.000000 -15378.439459
2.000000 13.000000 5.000000 1.000000 1974.619026 0.003045 0.007359 0.007359 0.000000 -17061.107039
2.000000 14.000000 5.000000 1.000000 1944.991096 0.002999 0.007247 0.007247 0.000000 -14140.999319
2.000000 15.000000 5.000000 1.000000 2549.439171 0.003937 0.009534 0.009534 0.000000 -4690.441208
2.000000 16.000000 5.000000 1.000000 4641.464945 0.007206 0.017579 0.010545 0.000000 0.000000
2.000000 17.000000 5.000000 1.000000 7286.885017 0.011388 0.028049 0.011716 0.000000 0.000000
2.000000 18.000000 5.000000 1.000000 9449.899019 0.014849 0.036869 0.014849 8161.056934 0.000000
2.000000 19.000000 5.000000 1.000000 146378.487784 0.351641 4.047179 0.000000 0.000000 0.000000
2.000000 20.000000 5.000000 1.000000 114898.478432 0.246097 1.324036 0.000000 0.000000 0.000000
2.000000 21.000000 5.000000 1.000000 11425.479575 0.018043 0.045136 0.000000 0.000000 -0.000000
2.000000 22.000000 5.000000 1.000000 6609.060447 0.010311 0.025334 0.000000 0.000000 -0.000000
2.000000 23.000000 5.000000 1.000000 5355.352879 0.008329 0.020371 0.000000 0.000000 0.000000
2.000000 24.000000 5.000000 1.000000 4564.344381 0.007085 0.017278 0.000000 0.000000 0.000000
2.000000 1.000000 6.000000 1.000000 4035.805534 0.006256 0.015229 0.000000 0.000000 0.000000
2.000000 2.000000 6.000000 1.000000 3640.307209 0.005637 0.013703 0.000000 0.000000 0.000000
2.000000 3.000000 6.000000 1.000000 3336.774643 0.005163 0.012538 0.000000 0.000000 -0.000000
2.000000 4.000000 6.000000 1.000000 3064.573683 0.004739 0.011496 0.000000 0.000000 -0.000000
2.000000 5.000000 6.000000 1.000000 2819.584404 0.004357 0.010561 0.000000 0.000000 -0.000000
2.000000 6.000000 6.000000 1.000000 2599.238858 0.004015 0.009723 0.000000 0.000000 -0.000000
2.000000 7.000000 6.000000 1.000000 2439.638025 0.003767 0.009117 0.000000 0.000000 -0.000000
2.000000 8.000000 6.000000 1.000000 4598.684168 0.007138 0.017412 0.000000 0.000000 0.000000
2.000000 9.000000 6.000000 1.000000 6277.603287 0.009786 0.024014 0.000000 0.000000 0.000000
2.000000 10.000000 6.000000 1.000000 8448.295263 0.013241 0.032755 0.000000 0.000000 0.000000
2.000000 11.000000 6.000000 1.000000 10990.857098 0.017337 0.043300 0.000000 0.000000 0.000000
2.000000 12.000000 6.000000 1.000000 12680.366291 0.020089 0.050496 0.000000 0.000000 0.000000
2.000000 13.000000 6.000000 1.000000 14451.298108 0.022998 0.058208 0.000000 0.000000 0.000000
2.000000 14.000000 6.000000 1.000000 15012.437551 0.023925 0.060689 0.000000 0.000000 0.000000
2.000000 15.000000 6.000000 1.000000 30919.724475 0.051370 0.139408 0.000000 0.000000 0.000000
2.000000 16.000000 6.000000 1.000000 87603.425043 0.171514 0.670460 0.000000 0.000000 0.000000
2.000000 17.000000 6.000000 1.000000 193760.093645 0.569721 -4.843011 0.000000 0.000000 -0.000000
2.000000 18.000000 6.000000 1.000000 324727.628554 2.506822 -1.295972 0.000000 0.000000 -0.000000
2.000000 19.000000 6.000000 1.000000 259504.168958 1.107107 -1.781012 -0.000000 0.000000 -0.000000
2.000000 20.000000 6.000000 1.000000 144930.954321 0.346228 3.764905 0.000000 0.000000 0.000000
2.000000 21.000000 6.000000 1.000000 14267.657104 0.022695 0.057400 0.000000 0.000000 -0.000000
2.000000 22.000000 6.000000 1.000000 8077.120413 0.012648 0.031244 0.000000 0.000000 -0.000000
2.000000 23.000000 6.000000 1.000000 6410.084698 0.009995 0.024541 0.000000 0.000000 0.000000
2.000000 24.000000 6.000000 1.000000 5382.073105 0.008371 0.020476 0.000000 0.000000 0.000000
2.000000 1.000000 7.000000 1.000000 4689.164648 0.007281 0.017764 0.000000 0.000000 0.000000
2.000000 2.000000 7.000000 1.000000 4155.180228 0.006443 0.015690 0.000000 0.000000 0.000000
2.000000 3.000000 7.000000 1.000000 3712.015327 0.005749 0.013979 0.000000 0.000000 0.000000
2.000000 4.000000 7.000000 1.000000 3339.439545 0.005168 0.012548 0.000000 0.000000 0.000000
2.000000 5.000000 7.000000 1.000000 3018.906039 0.004668 0.011322 0.000000 0.000000 0.000000
2.000000 6.000000 7.000000 1.000000 2761.475314 0.004267 0.010340 0.000000 0.000000 0.000000
2.000000 7.000000 7.000000 1.000000 2586.470442 0.003995 0.009675 0.000000 0.000000 -0.000000
2.000000 8.000000 7.000000 1.000000 4893.012264 0.007601 0.018560 0.000000 0.000000 0.000000
2.000000 9.000000 7.000000 1.000000 6645.618493 0.010369 0.025480 0.000000 0.000000 0.000000
2.000000 10.000000 7.000000 1.000000 8833.864923 0.013859 0.034333 0.000000 0.000000 0.000000
2.000000 11.000000 7.000000 1.000000 11495.118261 0.018156 0.045431 0.000000 0.000000 0.000000
2.000000 12.000000 7.000000 1.000000 13125.658356 0.020818 0.052419 0.000000 0.000000 0.000000
2.000000 13.000000 7.000000 1.000000 14786.322907 0.023551 0.059687 0.000000 0.000000 0.000000
2.000000 14.000000 7.000000 1.000000 15318.326621 0.024432 0.062049 0.000000 0.000000 0.000000
2.000000 15.000000 7.000000 1.000000 31117.228073 0.051726 0.140500 0.000000 0.000000 0.000000
2.000000 16.000000 7.000000 1.000000 87665.217866 0.171668 0.671443 0.000000 0.000000 0.000000
2.000000 17.000000 7.000000 1.000000 193870.819078 0.570345 -4.824313 0.000000 0.000000 -0.000000
2.000000 18.000000 7.000000 1.000000 324517.830513 2.498696 -1.296880 0.000000 0.000000 -0.000000
2.000000 19.000000 7.000000 1.000000 257587.872458 1.084675 -1.806047 -0.000000 0.000000 -0.000000
2.000000 20.000000 7.000000 1.000000 144060.248664 0.343001 3.610976 0.000000 0.000000 0.000000
2.000000 21.000000 7.000000 1.000000 14198.801196 0.022582 0.057098 0.000000 0.000000 -0.000000
2.000000 22.000000 7.000000 1.000000 7934.544653 0.012420 0.030665 0.000000 0.000000 -0.000000
2.000000 23.000000 7.000000 1.000000 6280.098722 0.009790 0.024024 0.000000 0.000000 0.000000
2.000000 24.000000 7.000000 1.000000 5312.856550 0.008262 0.020204 0.000000 0.000000 0.000000
2.000000 1.000000 1.000000 1.000000 4611.940749 0.007159 0.017464 0.000000 0.000000 0.000000
2.000000 2.000000 1.000000 1.000000 4063.827416 0.006300 0.015337 0.000000 0.000000 0.000000
2.000000 3.000000 1.000000 1.000000 3633.892570 0.005627 0.013679 0.000000 0.000000 0.000000
2.000000 4.000000 1.000000 1.000000 3268.038401 0.005056 0.012274 0.000000 0.000000 0.000000
2.000000 5.000000 1.000000 1.000000 3008.149574 0.004651 0.011281 0.000000 0.000000 0.000000
2.000000 6.000000 1.000000 1.000000 2797.424863 0.004323 0.010477 0.000000 0.000000 0.000000
2.000000 7.000000 1.000000 1.000000 2643.707138 0.004084 0.009892 0.000000 0.000000 -0.000000
2.000000 8.000000 1.000000 1.000000 3051.171220 0.004718 0.011445 0.010191 0.000000 0.000000
2.000000 9.000000 1.000000 1.000000 3091.656079 0.004781 0.011600 0.010821 0.000000 0.000000
2.000000 10.000000 1.000000 1.000000 2646.064539 0.004088 0.009901 0.009901 0.000000 -9925.202168
2.000000 11.000000 1.000000 1.000000 2276.856637 0.003514 0.008501 0.008501 0.000000 -8439.897555
2.000000 12.000000 1.000000 1.000000 2113.828022 0.003261 0.007884 0.007884 0.000000 -9429.625071
2.000000 13.000000 1.000000 1.000000 1964.664287 0.003030 0.007321 0.007321 0.000000 -12465.826286
2.000000 14.000000 1.000000 1.000000 1954.207713 0.003014 0.007282 0.007282 0.000000 -10266.142084
2.000000 15.000000 1.000000 1.000000 2450.621300 0.003784 0.009159 0.009159 0.000000 -4907.990739
2.000000 16.000000 1.000000 1.000000 4546.637231 0.007057 0.017209 0.010926 0.000000 0.000000
2.000000 17.000000 1.000000 1.000000 7192.192235 0.011237 0.027669 0.011243 0.000000 0.000000
2.000000 18.000000 1.000000 1.000000 9450.164231 0.014849 0.036870 0.014849 10775.145070 0.000000
2.000000 19.000000 1.000000 1.000000 147226.583649 0.354841 4.230099 0.000000 0.000000 0.000000
2.000000 20.000000 1.000000 1.000000 116535.843885 0.251019 1.384915 0.000000 0.000000 0.000000
2.000000 21.000000 1.000000 1.000000 11614.984067 0.018351 0.045940 0.000000 0.000000 -0.000000
2.000000 22.000000 1.000000 1.000000 6745.605851 0.010527 0.025879 0.000000 0.000000 -0.000000
2.000000 23.000000 1.000000 1.000000 5468.436417 0.008507 0.020815 0.000000 0.000000 0.000000
2.000000 24.000000 1.000000 1.000000 4751.497709 0.007378 0.018007 0.000000 0.000000 0.000000
2.000000 1.000000 2.000000 1.000000 4208.644904 0.006527 0.015897 0.000000 0.000000 0.000000
2.000000 2.000000 2.000000 1.000000 3765.004653 0.005832 0.014183 0.000000 0.000000 0.000000
2.000000 3.000000 2.000000 1.000000 3427.871109 0.005306 0.012887 0.000000 0.000000 0.000000
2.000000 4.000000 2.000000 1.000000 3161.834301 0.004891 0.011868 0.000000 0.000000 0.000000
2.000000 5.000000 2.000000 1.000000 2947.497573 0.004557 0.011049 0.000000 0.000000 -0.000000
2.000000 6.000000 2.000000 1.000000 2736.161329 0.004228 0.010244 0.000000 0.000000 -0.000000
2.000000 7.000000 2.000000 1.000000 2557.610070 0.003950 0.009565 0.000000 0.000000 -0.000000
2.000000 8.000000 2.000000 1.000000 3027.518988 0.004681 0.011355 0.010379 0.000000 0.000000
2.000000 9.000000 2.000000 1.000000 3140.647747 0.004857 0.011787 0.010820 0.000000 0.000000
2.000000 10.000000 2.000000 1.000000 2664.616701 0.004116 0.009972 0.009972 0.000000 -12778.665112
2.000000 11.000000 2.000000 1.000000 2282.123765 0.003522 0.008521 0.008521 0.000000 -16953.672378
2.000000 12.000000 2.000000 1.000000 2115.285345 0.003263 0.007890 0.007890 0.000000 -14838.264451
2.000000 13.000000 2.000000 1.000000 1961.425481 0.003025 0.007309 0.007309 0.000000 -15161.963046
2.000000 14.000000 2.000000 1.000000 1929.859801 0.002976 0.007190 0.007190 0.000000 -11659.481445
2.000000 15.000000 2.000000 1.000000 2554.657974 0.003945 0.009554 0.009554 0.000000 -8044.289517
2.000000 16.000000 2.000000 1.000000 4757.350419 0.007388 0.018030 0.013339 0.000000 0.000000
2.000000 17.000000 2.000000 1.000000 7540.234289 0.011791 0.029070 0.013189 0.000000 0.000000
2.000000 18.000000 2.000000 1.000000 9883.703274 0.015547 0.038667 0.015547 12362.338158 0.000000
2.000000 19.000000 2.000000 1.000000 150882.786575 0.368879 5.216095 0.000000 0.000000 0.000000
2.000000 20.000000 2.000000 1.000000 118552.368534 0.257158 1.465336 0.000000 0.000000 0.000000
2.000000 21.000000 2.000000 1.000000 11870.427406 0.018767 0.047027 0.000000 0.000000 -0.000000
2.000000 22.000000 2.000000 1.000000 6844.585830 0.010685 0.026275 0.000000 0.000000 -0.000000
2.000000 23.000000 2.000000 1.000000 5526.176792 0.008598 0.021043 0.000000 0.000000 0.000000
2.000000 24.000000 2.000000 1.000000 4739.217733 0.007359 0.017959 0.000000 0.000000 0.000000
2.000000 1.000000 3.000000 1.000000 4170.366834 0.006467 0.015749 0.000000 0.000000 0.000000
2.000000 2.000000 3.000000 1.000000 3773.234365 0.005845 0.014215 0.000000 0.000000 0.000000
2.000000 3.000000 3.000000 1.000000 3480.002045 0.005387 0.013087 0.000000 0.000000 0.000000
2.000000 4.000000 3.000000 1.000000 3226.453152 0.004991 0.012115 0.000000 0.000000 0.000000
2.000000 5.000000 3.000000 1.000000 3012.141260 0.004657 0.011296 0.000000 0.000000 -0.000000
2.000000 6.000000 3.000000 1.000000 2813.133945 0.004347 0.010537 0.000000 0.000000 -0.000000
2.000000 7.000000 3.000000 1.000000 2677.746329 0.004137 0.010022 0.000000 0.000000 -0.000000
2.000000 8.000000 3.000000 1.000000 3182.321511 0.004922 0.011946 0.010879 0.000000 0.000000
2.000000 9.000000 3.000000 1.000000 3078.559063 0.004761 0.011549 0.011181 0.000000 0.000000
2.000000 10.000000 3.000000 1.000000 2589.046545 0.003999 0.009684 0.009684 0.000000 -13400.272824
2.000000 11.000000 3.000000 1.000000 2229.786779 0.003441 0.008323 0.008323 0.000000 -17059.743977
2.000000 12.000000 3.000000 1.000000 2074.152298 0.003200 0.007735 0.007735 0.000000 -13707.373188
2.000000 13.000000 3.000000 1.000000 1930.202354 0.002976 0.007192 0.007192 0.000000 -15628.057964
2.000000 14.000000 3.000000 1.000000 1900.043067 0.002930 0.007078 0.007078 0.000000 -12906.179695
2.000000 15.000000 3.000000 1.000000 2524.313809 0.003898 0.009439 0.009439 0.000000 -7370.619025
2.000000 16.000000 3.000000 1.000000 4511.093129 0.007001 0.017071 0.012334 0.000000 0.000000
2.000000 17.000000 3.000000 1.000000 6879.562385 0.010740 0.026415 0.018568 0.000000 0.000000
2.000000 18.000000 3.000000 1.000000 8666.281965 0.013590 0.033646 0.013590 241.393871 0.000000
2.000000 19.000000 3.000000 1.000000 137327.201000 0.318754 2.707559 0.000000 0.000000 0.000000
2.000000 20.000000 3.000000 1.000000 107509.301429 0.224556 1.089710 0.000000 0.000000 0.000000
2.000000 21.000000 3.000000 1.000000 10452.209731 0.016465 0.041037 0.000000 0.000000 -0.000000
2.000000 22.000000 3.000000 1.000000 5995.192252 0.009339 0.022894 0.000000 0.000000 -0.000000
2.000000 23.000000 3.000000 1.000000 4772.070574 0.007411 0.018088 0.000000 0.000000 0.000000
2.000000 24.000000 3.000000 1.000000 4124.611574 0.006395 0.015572 0.000000 0.000000 0.000000
2.000000 1.000000 4.000000 1.000000 3686.151796 0.005709 0.013880 0.000000 0.000000 0.000000
2.000000 2.000000 4.000000 1.000000 3347.250731 0.005180 0.012578 0.000000 0.000000 0.000000
2.000000 3.000000 4.000000 1.000000 3100.046414 0.004794 0.011632 0.000000 0.000000 0.000000
2.000000 4.000000 4.000000 1.000000 2873.566949 0.004441 0.010767 0.000000 0.000000 0.000000
2.000000 5.000000 4.000000 1.000000 2695.101414 0.004164 0.010088 0.000000 0.000000 0.000000
2.000000 6.000000 4.000000 1.000000 2519.705194 0.003891 0.009421 0.000000 0.000000 -0.000000
2.000000 7.000000 4.000000 1.000000 2388.432932 0.003687 0.008923 0.000000 0.000000 -0.000000
2.000000 8.000000 4.000000 1.000000 2858.250473 0.004418 0.010709 0.009828 0.000000 0.000000
2.000000 9.000000 4.000000 1.000000 3252.020714 0.005031 0.012213 0.010441 0.000000 0.000000
2.000000 10.000000 4.000000 1.000000 2757.058477 0.004260 0.010323 0.010323 0.000000 -3716.979970
2.000000 11.000000 4.000000 1.000000 2350.347475 0.003628 0.008779 0.008779 0.000000 -11498.639741
2.000000 12.000000 4.000000 1.000000 2182.830165 0.003368 0.008145 0.008145 0.000000 -12043.343704
2.000000 13.000000 4.000000 1.000000 2031.932602 0.003134 0.007575 0.007575 0.000000 -11291.494508
2.000000 14.000000 4.000000 1.000000 2002.284571 0.003088 0.007463 0.007463 0.000000 -9064.169362
2.000000 15.000000 4.000000 1.000000 2428.303009 0.003749 0.009074 0.009074 0.000000 -6030.637532
2.000000 16.000000 4.000000 1.000000 4460.397264 0.006921 0.016874 0.010930 0.000000 0.000000
2.000000 17.000000 4.000000 1.000000 6992.757047 0.010920 0.026868 0.010920 114.559265 0.000000
2.000000 18.000000 4.000000 1.000000 9115.628120 0.014311 0.035490 0.014311 7668.885729 0.000000
2.000000 19.000000 4.000000 1.000000 142917.956703 0.338800 3.424695 0.000000 0.000000 0.000000
2.000000 20.000000 4.000000 1.000000 112590.804632 0.239253 1.244248 0.000000 0.000000 0.000000
2.000000 21.000000 4.000000 1.000000 11046.052332 0.017427 0.043532 0.000000 0.000000 -0.000000
2.000000 22.000000 4.000000 1.000000 6390.740114 0.009965 0.024464 0.000000 0.000000 -0.000000
2.000000 23.000000 4.000000 1.000000 5178.787580 0.008051 0.019678 0.000000 0.000000 0.000000
2.000000 24.000000 4.000000 1.000000 4479.154695 0.006951 0.016947 0.000000 0.000000 0.000000
2.000000 1.000000 5.000000 1.000000 3951.884374 0.006125 0.014904 0.000000 0.000000 0.000000
2.000000 2.000000 5.000000 1.000000 3551.062537 0.005498 0.013360 0.000000 0.000000 0.000000
2.000000 3.000000 5.000000 1.000000 3256.634918 0.005038 0.012231 0.000000 0.000000 0.000000
2.000000 4.000000 5.000000 1.000000 2992.311591 0.004626 0.011220 0.000000 0.000000 0.000000
2.000000 5.000000 5.000000 1.000000 2779.295518 0.004295 0.010408 0.000000 0.000000 -0.000000
2.000000 6.000000 5.000000 1.000000 2576.654034 0.003980 0.009637 0.000000 0.000000 -0.000000
2.000000 7.000000 5.000000 1.000000 2411.171615 0.003722 0.009009 0.000000 0.000000 -0.000000
2.000000 8.000000 5.000000 1.000000 2825.584767 0.004367 0.010584 0.009669 0.000000 0.000000
2.000000 9.000000 5.000000 1.000000 3288.046362 0.005087 0.012351 0.010094 0.000000 0.000000
2.000000 10.000000 5.000000 1.000000 2799.491053 0.004326 0.010485 0.010485 0.000000 -3848.865604
2.000000 11.000000 5.000000 1.000000 2397.707741 0.003702 0.008958 0.008958 0.000000 -11147.171170
2.000000 12.000000 5.000000 1.000000 2227.082631 0.003437 0.008312 0.008312 0.000000 -11017.637763
2.000000 13.000000 5.000000 1.000000 2061.635715 0.003180 0.007687 0.007687 0.000000 -10673.271437
2.000000 14.000000 5.000000 1.000000 2024.575343 0.003123 0.007547 0.007547 0.000000 -7857.447700
2.000000 15.000000 5.000000 1.000000 2403.946523 0.003711 0.008982 0.008982 0.000000 -5670.117804
2.000000 16.000000 5.000000 1.000000 4459.710764 0.006920 0.016872 0.010904 0.000000 0.000000
2.000000 17.000000 5.000000 1.000000 7039.721351 0.010995 0.027057 0.011332 0.000000 0.000000
2.000000 18.000000 5.000000 1.000000 9137.588303 0.014347 0.035581 0.014347 8518.738907 0.000000
2.000000 19.000000 5.000000 1.000000 142743.064435 0.338160 3.397612 0.000000 0.000000 0.000000
2.000000 20.000000 5.000000 1.000000 112398.275839 0.238687 1.237886 0.000000 0.000000 0.000000
2.000000 21.000000 5.000000 1.000000 11019.663513 0.017384 0.043421 0.000000 0.000000 -0.000000
2.000000 22.000000 5.000000 1.000000 6381.938801 0.009951 0.024429 0.000000 0.000000 -0.000000
2.000000 23.000000 5.000000 1.000000 5184.857464 0.008060 0.019702 0.000000 0.000000 0.000000
2.000000 24.000000 5.000000 1.000000 4466.900394 0.006932 0.016899 0.000000 0.000000 0.000000
2.000000 1.000000 6.000000 1.000000 3951.442822 0.006124 0.014903 0.000000 0.000000 0.000000
2.000000 2.000000 6.000000 1.000000 3577.254683 0.005539 0.013461 0.000000 0.000000 0.000000
2.000000 3.000000 6.000000 1.000000 3293.204351 0.005095 0.012371 0.000000 0.000000 0.000000
2.000000 4.000000 6.000000 1.000000 3056.624762 0.004727 0.011466 0.000000 0.000000 -0.000000
2.000000 5.000000 6.000000 1.000000 2827.586305 0.004370 0.010592 0.000000 0.000000 -0.000000
2.000000 6.000000 6.000000 1.000000 2602.681994 0.004020 0.009736 0.000000 0.000000 -0.000000
2.000000 7.000000 6.000000 1.000000 2441.717235 0.003770 0.009125 0.000000 0.000000 -0.000000
2.000000 8.000000 6.000000 1.000000 4519.417197 0.007014 0.017104 0.000000 0.000000 0.000000
2.000000 9.000000 6.000000 1.000000 6042.590559 0.009414 0.023082 0.000000 0.000000 0.000000
2.000000 10.000000 6.000000 1.000000 8200.164145 0.012844 0.031744 0.000000 0.000000 0.000000
2.000000 11.000000 6.000000 1.000000 10749.471150 0.016946 0.042284 0.000000 0.000000 0.000000
2.000000 12.000000 6.000000 1.000000 12444.644467 0.019703 0.049483 0.000000 0.000000 0.000000
2.000000 13.000000 6.000000 1.000000 14275.640521 0.022708 0.057435 0.000000 0.000000 0.000000
2.000000 14.000000 6.000000 1.000000 14827.559636 0.023619 0.059869 0.000000 0.000000 0.000000
2.000000 15.000000 6.000000 1.000000 30309.500006 0.050275 0.136055 0.000000 0.000000 0.000000
2.000000 16.000000 6.000000 1.000000 86321.237440 0.168324 0.650386 0.000000 0.000000 0.000000
2.000000 17.000000 6.000000 1.000000 193298.780585 0.567128 -4.922737 0.000000 0.000000 -0.000000
2.000000 18.000000 6.000000 1.000000 326450.032814 2.575168 -1.288605 0.000000 0.000000 -0.000000
2.000000 19.000000 6.000000 1.000000 262902.078460 1.148367 -1.739128 -0.000000 0.000000 -0.000000
2.000000 20.000000 6.000000 1.000000 147108.985356 0.354396 4.203883 0.000000 0.000000 0.000000
2.000000 21.000000 6.000000 1.000000 14497.626136 0.023074 0.058412 0.000000 0.000000 -0.000000
2.000000 22.000000 6.000000 1.000000 8193.068901 0.012833 0.031715 0.000000 0.000000 -0.000000
2.000000 23.000000 6.000000 1.000000 6466.580865 0.010085 0.024766 0.000000 0.000000 0.000000
2.000000 24.000000 6.000000 1.000000 5473.873395 0.008516 0.020837 0.000000 0.000000 0.000000
2.000000 1.000000 7.000000 1.000000 4771.133987 0.007409 0.018084 0.000000 0.000000 0.000000
2.000000 2.000000 7.000000 1.000000 4220.830313 0.006546 0.015945 0.000000 0.000000 0.000000
2.000000 3.000000 7.000000 1.000000 3773.562232 0.005846 0.014216 0.000000 0.000000 0.000000
2.000000 4.000000 7.000000 1.000000 3399.652452 0.005261 0.012779 0.000000 0.000000 0.000000
2.000000 5.000000 7.000000 1.000000 3103.044638 0.004799 0.011643 0.000000 0.000000 0.000000
2.000000 6.000000 7.000000 1.000000 2856.222617 0.004414 0.010701 0.000000 0.000000 -0.000000
2.000000 7.000000 7.000000 1.000000 2665.552849 0.004118 0.009975 0.000000 0.000000 -0.000000
2.000000 8.000000 7.000000 1.000000 5004.392824 0.007776 0.018995 0.000000 0.000000 0.000000
2.000000 9.000000 7.000000 1.000000 6803.849736 0.010620 0.026112 0.000000 0.000000 0.000000
2.000000 10.000000 7.000000 1.000000 9015.330247 0.014150 0.035078 0.000000 0.000000 0.000000
2.000000 11.000000 7.000000 1.000000 11695.902221 0.018483 0.046284 0.000000 0.000000 0.000000
2.000000 12.000000 7.000000 1.000000 13455.337290 0.021359 0.053849 0.000000 0.000000 0.000000
2.000000 13.000000 7.000000 1.000000 15267.808263 0.024348 0.061824 0.000000 0.000000 0.000000
2.000000 14.000000 7.000000 1.000000 15718.708000 0.025096 0.063837 0.000000 0.000000 0.000000
2.000000 15.000000 7.000000 1.000000 31797.564292 0.052953 0.144284 0.000000 0.000000 0.000000
2.000000 16.000000 7.000000 1.000000 89655.119234 0.176672 0.703933 0.000000 0.000000 0.000000
2.000000 17.000000 7.000000 1.000000 199673.930692 0.603995 -4.032516 0.000000 0.000000 -0.000000
2.000000 18.000000 7.000000 1.000000 337445.507979 3.093253 -1.245124 0.000000 0.000000 -0.000000
2.000000 19.000000 7.000000 1.000000 272099.927961 1.270616 -1.639586 -0.000000 0.000000 -0.000000
2.000000 20.000000 7.000000 1.000000 153792.874895 0.380344 6.342552 0.000000 0.000000 0.000000
2.000000 21.000000 7.000000 1.000000 15341.876038 0.024471 0.062154 0.000000 0.000000 -0.000000
2.000000 22.000000 7.000000 1.000000 8630.537912 0.013533 0.033500 0.000000 0.000000 -0.000000
2.000000 23.000000 7.000000 1.000000 6762.465958 0.010554 0.025947 0.000000 0.000000 0.000000
2.000000 24.000000 7.000000 1.000000 5649.010735 0.008792 0.021527 0.000000 0.000000 0.000000
2.000000 1.000000 1.000000 2.000000 4861.549627 0.007551 0.018437 0.000000 0.000000 0.000000
2.000000 2.000000 1.000000 2.000000 4268.049076 0.006620 0.016128 0.000000 0.000000 0.000000
2.000000 3.000000 1.000000 2.000000 3816.187929 0.005912 0.014381 0.000000 0.000000 0.000000
2.000000 4.000000 1.000000 2.000000 3456.829238 0.005351 0.012998 0.000000 0.000000 0.000000
2.000000 5.000000 1.000000 2.000000 3154.600951 0.004879 0.011840 0.000000 0.000000 0.000000
2.000000 6.000000 1.000000 2.000000 2893.919491 0.004473 0.010845 0.000000 0.000000 0.000000
2.000000 7.000000 1.000000 2.000000 2705.944048 0.004181 0.010129 0.000000 0.000000 -0.000000
2.000000 8.000000 1.000000 2.000000 2888.937399 0.004465 0.010826 0.010538 0.000000 0.000000
2.000000 9.000000 1.000000 2.000000 3230.026485 0.004997 0.012129 0.011268 0.000000 0.000000
2.000000 10.000000 1.000000 2.000000 2818.664536 0.004356 0.010558 0.010558 0.000000 -2575.072300
2.000000 11.000000 1.000000 2.000000 2456.947703 0.003794 0.009183 0.009183 0.000000 -10501.700020
2.000000 12.000000 1.000000 2.000000 2227.029755 0.003437 0.008312 0.008312 0.000000 -14363.599823
2.000000 13.000000 1.000000 2.000000 2080.443195 0.003209 0.007758 0.007758 0.000000 -13388.024021
2.000000 14.000000 1.000000 2.000000 1963.160468 0.003027 0.007316 0.007316 0.000000 -11850.039467
2.000000 15.000000 1.000000 2.000000 2492.129877 0.003848 0.009316 0.009316 0.000000 -6490.274088
2.000000 16.000000 1.000000 2.000000 4619.903931 0.007172 0.017495 0.011235 0.000000 0.000000
2.000000 17.000000 1.000000 2.000000 7486.532537 0.011706 0.028854 0.011706 318.600860 0.000000
2.000000 18.000000 1.000000 2.000000 9897.854606 0.015570 0.038725 0.015570 9282.135813 0.000000
2.000000 19.000000 1.000000 2.000000 163040.142409 0.418604 17.380196 0.000000 0.000000 0.000000
2.000000 20.000000 1.000000 2.000000 38160.398132 0.064651 0.181585 0.000000 0.000000 -0.000000
2.000000 21.000000 1.000000 2.000000 8557.518965 0.013416 0.033201 0.000000 0.000000 -0.000000
2.000000 22.000000 1.000000 2.000000 5876.776516 0.009152 0.022426 0.000000 0.000000 -0.000000
2.000000 23.000000 1.000000 2.000000 4908.242863 0.007625 0.018619 0.000000 0.000000 0.000000
2.000000 24.000000 1.000000 2.000000 4248.074685 0.006588 0.016050 0.000000 0.000000 0.000000
0.000000 0.000000 0.000000 0.000000 0.000000 0.000000 0.000000 0.000000 0.000000 0.000000
0.000000 0.000000 0.000000 0.000000 0.000000 0.000000 0.000000 0.000000 0.000000 0.000000
0.000000 0.000000 0.000000 0.000000 0.000000 0.000000 0.000000 0.000000 0.000000 0.000000
0.000000 0.000000 0.000000 0.000000 0.000000 0.000000 0.000000 0.000000 0.000000 0.000000
0.000000 0.000000 0.000000 0.000000 0.000000 0.000000 0.000000 0.000000 0.000000 0.000000
0.000000 0.000000 0.000000 0.000000 0.000000 0.000000 0.000000 0.000000 0.000000 0.000000
0.000000 0.000000 0.000000 0.000000 0.000000 0.000000 0.000000 0.000000 0.000000 0.000000
0.000000 0.000000 0.000000 0.000000 0.000000 0.000000 0.000000 0.000000 0.000000 0.000000
0.000000 0.000000 0.000000 0.000000 0.000000 0.000000 0.000000 0.000000 0.000000 0.000000
0.000000 0.000000 0.000000 0.000000 0.000000 0.000000 0.000000 0.000000 0.000000 0.000000
0.000000 0.000000 0.000000 0.000000 0.000000 0.000000 0.000000 0.000000 0.000000 0.000000
0.000000 0.000000 0.000000 0.000000 0.000000 0.000000 0.000000 0.000000 0.000000 0.000000
0.000000 0.000000 0.000000 0.000000 0.000000 0.000000 0.000000 0.000000 0.000000 0.000000
0.000000 0.000000 0.000000 0.000000 0.000000 0.000000 0.000000 0.000000 0.000000 0.000000
0.000000 0.000000 0.000000 0.000000 0.000000 0.000000 0.000000 0.000000 0.000000 0.000000
0.000000 0.000000 0.000000 0.000000 0.000000 0.000000 0.000000 0.000000 0.000000 0.000000
0.000000 0.000000 0.000000 0.000000 0.000000 0.000000 0.000000 0.000000 0.000000 0.000000
0.000000 0.000000 0.000000 0.000000 0.000000 0.000000 0.000000 0.000000 0.000000 0.000000
0.000000 0.000000 0.000000 0.000000 0.000000 0.000000 0.000000 0.000000 0.000000 0.000000
0.000000 0.000000 0.000000 0.000000 0.000000 0.000000 0.000000 0.000000 0.000000 0.000000
0.000000 0.000000 0.000000 0.000000 0.000000 0.000000 0.000000 0.000000 0.000000 0.000000
0.000000 0.000000 0.000000 0.000000 0.000000 0.000000 0.000000 0.000000 0.000000 0.000000
0.000000 0.000000 0.000000 0.000000 0.000000 0.000000 0.000000 0.000000 0.000000 0.000000
0.000000 0.000000 0.000000 0.000000 0.000000 0.000000 0.000000 0.000000 0.000000 0.000000
0.000000 0.000000 0.000000 0.000000 0.000000 0.000000 0.000000 0.000000 0.000000 0.000000
0.000000 0.000000 0.000000 0.000000 0.000000 0.000000 0.000000 0.000000 0.000000 0.000000
0.000000 0.000000 0.000000 0.000000 0.000000 0.000000 0.000000 0.000000 0.000000 0.000000
0.000000 0.000000 0.000000 0.000000 0.000000 0.000000 0.000000 0.000000 0.000000 0.000000
0.000000 0.000000 0.000000 0.000000 0.000000 0.000000 0.000000 0.000000 0.000000 0.000000
0.000000 0.000000 0.000000 0.000000 0.000000 0.000000 0.000000 0.000000 0.000000 0.000000
0.000000 0.000000 0.000000 0.000000 0.000000 0.000000 0.000000 0.000000 0.000000 0.000000
0.000000 0.000000 0.000000 0.000000 0.000000 0.000000 0.000000 0.000000 0.000000 0.000000
0.000000 0.000000 0.000000 0.000000 0.000000 0.000000 0.000000 0.000000 0.000000 0.000000
0.000000 0.000000 0.000000 0.000000 0.000000 0.000000 0.000000 0.000000 0.000000 0.000000
0.000000 0.000000 0.000000 0.000000 0.000000 0.000000 0.000000 0.000000 0.000000 0.000000
0.000000 0.000000 0.000000 0.000000 0.000000 0.000000 0.000000 0.000000 0.000000 0.000000
0.000000 0.000000 0.000000 0.000000 0.000000 0.000000 0.000000 0.000000 0.000000 0.000000
0.000000 0.000000 0.000000 0.000000 0.000000 0.000000 0.000000 0.000000 0.000000 0.000000
0.000000 0.000000 0.000000 0.000000 0.000000 0.000000 0.000000 0.000000 0.000000 0.000000
0.000000 0.000000 0.000000 0.000000 0.000000 0.000000 0.000000 0.000000 0.000000 0.000000
0.000000 0.000000 0.000000 0.000000 0.000000 0.000000 0.000000 0.000000 0.000000 0.000000
0.000000 0.000000 0.000000 0.000000 0.000000 0.000000 0.000000 0.000000 0.000000 0.000000
0.000000 0.000000 0.000000 0.000000 0.000000 0.000000 0.000000 0.000000 0.000000 0.000000
0.000000 0.000000 0.000000 0.000000 0.000000 0.000000 0.000000 0.000000 0.000000 0.000000
0.000000 0.000000 0.000000 0.000000 0.000000 0.000000 0.000000 0.000000 0.000000 0.000000
0.000000 0.000000 0.000000 0.000000 0.000000 0.000000 0.000000 0.000000 0.000000 0.000000
0.000000 0.000000 0.000000 0.000000 0.000000 0.000000 0.000000 0.000000 0.000000 0.000000
0.000000 0.000000 0.000000 0.000000 0.000000 0.000000 0.000000 0.000000 0.000000 0.000000
0.000000 0.000000 0.000000 0.000000 0.000000 0.000000 0.000000 0.000000 0.000000 0.000000
0.000000 0.000000 0.000000 0.000000 0.000000 0.000000 0.000000 0.000000 0.000000 0.000000
0.000000 0.000000 0.000000 0.000000 0.000000 0.000000 0.000000 0.000000 0.000000 0.000000
0.000000 0.000000 0.000000 0.000000 0.000000 0.000000 0.000000 0.000000 0.000000 0.000000
0.000000 0.000000 0.000000 0.000000 0.000000 0.000000 0.000000 0.000000 0.000000 0.000000
0.000000 0.000000 0.000000 0.000000 0.000000 0.000000 0.000000 0.000000 0.000000 0.000000
0.000000 0.000000 0.000000 0.000000 0.000000 0.000000 0.000000 0.000000 0.000000 0.000000
0.000000 0.000000 0.000000 0.000000 0.000000 0.000000 0.000000 0.000000 0.000000 0.000000
0.000000 0.000000 0.000000 0.000000 0.000000 0.000000 0.000000 0.000000 0.000000 0.000000
0.000000 0.000000 0.000000 0.000000 0.000000 0.000000 0.000000 0.000000 0.000000 0.000000
0.000000 0.000000 0.000000 0.000000 0.000000 0.000000 0.000000 0.000000 0.000000 0.000000
0.000000 0.000000 0.000000 0.000000 0.000000 0.000000 0.000000 0.000000 0.000000 0.000000
0.000000 0.000000 0.000000 0.000000 0.000000 0.000000 0.000000 0.000000 0.000000 0.000000
0.000000 0.000000 0.000000 0.000000 0.000000 0.000000 0.000000 0.000000 0.000000 0.000000
0.000000 0.000000 0.000000 0.000000 0.000000 0.000000 0.000000 0.000000 0.000000 0.000000
0.000000 0.000000 0.000000 0.000000 0.000000 0.000000 0.000000 0.000000 0.000000 0.000000
0.000000 0.000000 0.000000 0.000000 0.000000 0.000000 0.000000 0.000000 0.000000 0.000000
0.000000 0.000000 0.000000 0.000000 0.000000 0.000000 0.000000 0.000000 0.000000 0.000000
0.000000 0.000000 0.000000 0.000000 0.000000 0.000000 0.000000 0.000000 0.000000 0.000000
0.000000 0.000000 0.000000 0.000000 0.000000 0.000000 0.000000 0.000000 0.000000 0.000000
0.000000 0.000000 0.000000 0.000000 0.000000 0.000000 0.000000 0.000000 0.000000 0.000000
0.000000 0.000000 0.000000 0.000000 0.000000 0.000000 0.000000 0.000000 0.000000 0.000000
0.000000 0.000000 0.000000 0.000000 0.000000 0.000000 0.000000 0.000000 0.000000 0.000000
0.000000 0.000000 0.000000 0.000000 0.000000 0.000000 0.000000 0.000000 0.000000 0.000000
0.000000 0.000000 0.000000 0.000000 0.000000 0.000000 0.000000 0.000000 0.000000 0.000000
0.000000 0.000000 0.000000 0.000000 0.000000 0.000000 0.000000 0.000000 0.000000 0.000000
0.000000 0.000000 0.000000 0.000000 0.000000 0.000000 0.000000 0.000000 0.000000 0.000000
0.000000 0.000000 0.000000 0.000000 0.000000 0.000000 0.000000 0.000000 0.000000 0.000000
0.000000 0.000000 0.000000 0.000000 0.000000 0.000000 0.000000 0.000000 0.000000 0.000000
0.000000 0.000000 0.000000 0.000000 0.000000 0.000000 0.000000 0.000000 0.000000 0.000000
0.000000 0.000000 0.000000 0.000000 0.000000 0.000000 0.000000 0.000000 0.000000 0.000000
0.000000 0.000000 0.000000 0.000000 0.000000 0.000000 0.000000 0.000000 0.000000 0.000000
0.000000 0.000000 0.000000 0.000000 0.000000 0.000000 0.000000 0.000000 0.000000 0.000000
0.000000 0.000000 0.000000 0.000000 0.000000 0.000000 0.000000 0.000000 0.000000 0.000000
0.000000 0.000000 0.000000 0.000000 0.000000 0.000000 0.000000 0.000000 0.000000 0.000000
0.000000 0.000000 0.000000 0.000000 0.000000 0.000000 0.000000 0.000000 0.000000 0.000000
0.000000 0.000000 0.000000 0.000000 0.000000 0.000000 0.000000 0.000000 0.000000 0.000000
0.000000 0.000000 0.000000 0.000000 0.000000 0.000000 0.000000 0.000000 0.000000 0.000000
0.000000 0.000000 0.000000 0.000000 0.000000 0.000000 0.000000 0.000000 0.000000 0.000000
0.000000 0.000000 0.000000 0.000000 0.000000 0.000000 0.000000 0.000000 0.000000 0.000000
0.000000 0.000000 0.000000 0.000000 0.000000 0.000000 0.000000 0.000000 0.000000 0.000000
0.000000 0.000000 0.000000 0.000000 0.000000 0.000000 0.000000 0.000000 0.000000 0.000000
0.000000 0.000000 0.000000 0.000000 0.000000 0.000000 0.000000 0.000000 0.000000 0.000000
0.000000 0.000000 0.000000 0.000000 0.000000 0.000000 0.000000 0.000000 0.000000 0.000000
0.000000 0.000000 0.000000 0.000000 0.000000 0.000000 0.000000 0.000000 0.000000 0.000000
0.000000 0.000000 0.000000 0.000000 0.000000 0.000000 0.000000 0.000000 0.000000 0.000000
0.000000 0.000000 0.000000 0.000000 0.000000 0.000000 0.000000 0.000000 0.000000 0.000000
0.000000 0.000000 0.000000 0.000000 0.000000 0.000000 0.000000 0.000000 0.000000 0.000000
0.000000 0.000000 0.000000 0.000000 0.000000 0.000000 0.000000 0.000000 0.000000 0.000000
0.000000 0.000000 0.000000 0.000000 0.000000 0.000000 0.000000 0.000000 0.000000 0.000000
0.000000 0.000000 0.000000 0.000000 0.000000 0.000000 0.000000 0.000000 0.000000 0.000000
0.000000 0.000000 0.000000 0.000000 0.000000 0.000000 0.000000 0.000000 0.000000 0.000000
0.000000 0.000000 0.000000 0.000000 0.000000 0.000000 0.000000 0.000000 0.000000 0.000000
0.000000 0.000000 0.000000 0.000000 0.000000 0.000000 0.000000 0.000000 0.000000 0.000000
0.000000 0.000000 0.000000 0.000000 0.000000 0.000000 0.000000 0.000000 0.000000 0.000000
0.000000 0.000000 0.000000 0.000000 0.000000 0.000000 0.000000 0.000000 0.000000 0.000000
0.000000 0.000000 0.000000 0.000000 0.000000 0.000000 0.000000 0.000000 0.000000 0.000000
0.000000 0.000000 0.000000 0.000000 0.000000 0.000000 0.000000 0.000000 0.000000 0.000000
0.000000 0.000000 0.000000 0.000000 0.000000 0.000000 0.000000 0.000000 0.000000 0.000000
0.000000 0.000000 0.000000 0.000000 0.000000 0.000000 0.000000 0.000000 0.000000 0.000000
0.000000 0.000000 0.000000 0.000000 0.000000 0.000000 0.000000 0.000000 0.000000 0.000000
0.000000 0.000000 0.000000 0.000000 0.000000 0.000000 0.000000 0.000000 0.000000 0.000000
0.000000 0.000000 0.000000 0.000000 0.000000 0.000000 0.000000 0.000000 0.000000 0.000000
0.000000 0.000000 0.000000 0.000000 0.000000 0.000000 0.000000 0.000000 0.000000 0.000000
0.000000 0.000000 0.000000 0.000000 0.000000 0.000000 0.000000 0.000000 0.000000 0.000000
0.000000 0.000000 0.000000 0.000000 0.000000 0.000000 0.000000 0.000000 0.000000 0.000000
0.000000 0.000000 0.000000 0.000000 0.000000 0.000000 0.000000 0.000000 0.000000 0.000000
0.000000 0.000000 0.000000 0.000000 0.000000 0.000000 0.000000 0.000000 0.000000 0.000000
0.000000 0.000000 0.000000 0.000000 0.000000 0.000000 0.000000 0.000000 0.000000 0.000000
0.000000 0.000000 0.000000 0.000000 0.000000 0.000000 0.000000 0.000000 0.000000 0.000000
0.000000 0.000000 0.000000 0.000000 0.000000 0.000000 0.000000 0.000000 0.000000 0.000000
0.000000 0.000000 0.000000 0.000000 0.000000 0.000000 0.000000 0.000000 0.000000 0.000000
0.000000 0.000000 0.000000 0.000000 0.000000 0.000000 0.000000 0.000000 0.000000 0.000000
0.000000 0.000000 0.000000 0.000000 0.000000 0.000000 0.000000 0.000000 0.000000 0.000000
0.000000 0.000000 0.000000 0.000000 0.000000 0.000000 0.000000 0.000000 0.000000 0.000000
0.000000 0.000000 0.000000 0.000000 0.000000 0.000000 0.000000 0.000000 0.000000 0.000000
0.000000 0.000000 0.000000 0.000000 0.000000 0.000000 0.000000 0.000000 0.000000 0.000000
0.000000 0.000000 0.000000 0.000000 0.000000 0.000000 0.000000 0.000000 0.000000 0.000000
0.000000 0.000000 0.000000 0.000000 0.000000 0.000000 0.000000 0.000000 0.000000 0.000000
0.000000 0.000000 0.000000 0.000000 0.000000 0.000000 0.000000 0.000000 0.000000 0.000000
0.000000 0.000000 0.000000 0.000000 0.000000 0.000000 0.000000 0.000000 0.000000 0.000000
0.000000 0.000000 0.000000 0.000000 0.000000 0.000000 0.000000 0.000000 0.000000 0.000000
0.000000 0.000000 0.000000 0.000000 0.000000 0.000000 0.000000 0.000000 0.000000 0.000000
0.000000 0.000000 0.000000 0.000000 0.000000 0.000000 0.000000 0.000000 0.000000 0.000000
0.000000 0.000000 0.000000 0.000000 0.000000 0.000000 0.000000 0.000000 0.000000 0.000000
0.000000 0.000000 0.000000 0.000000 0.000000 0.000000 0.000000 0.000000 0.000000 0.000000
0.000000 0.000000 0.000000 0.000000 0.000000 0.000000 0.000000 0.000000 0.000000 0.000000
0.000000 0.000000 0.000000 0.000000 0.000000 0.000000 0.000000 0.000000 0.000000 0.000000
0.000000 0.000000 0.000000 0.000000 0.000000 0.000000 0.000000 0.000000 0.000000 0.000000
0.000000 0.000000 0.000000 0.000000 0.000000 0.000000 0.000000 0.000000 0.000000 0.000000
0.000000 0.000000 0.000000 0.000000 0.000000 0.000000 0.000000 0.000000 0.000000 0.000000
0.000000 0.000000 0.000000 0.000000 0.000000 0.000000 0.000000 0.000000 0.000000 0.000000
0.000000 0.000000 0.000000 0.000000 0.000000 0.000000 0.000000 0.000000 0.000000 0.000000
0.000000 0.000000 0.000000 0.000000 0.000000 0.000000 0.000000 0.000000 0.000000 0.000000
0.000000 0.000000 0.000000 0.000000 0.000000 0.000000 0.000000 0.000000 0.000000 0.000000
0.000000 0.000000 0.000000 0.000000 0.000000 0.000000 0.000000 0.000000 0.000000 0.000000
0.000000 0.000000 0.000000 0.000000 0.000000 0.000000 0.000000 0.000000 0.000000 0.000000
0.000000 0.000000 0.000000 0.000000 0.000000 0.000000 0.000000 0.000000 0.000000 0.000000
0.000000 0.000000 0.000000 0.000000 0.000000 0.000000 0.000000 0.000000 0.000000 0.000000
0.000000 0.000000 0.000000 0.000000 0.000000 0.000000 0.000000 0.000000 0.000000 0.000000
0.000000 0.000000 0.000000 0.000000 0.000000 0.000000 0.000000 0.000000 0.000000 0.000000
0.000000 0.000000 0.000000 0.000000 0.000000 0.000000 0.000000 0.000000 0.000000 0.000000
0.000000 0.000000 0.000000 0.000000 0.000000 0.000000 0.000000 0.000000 0.000000 0.000000
0.000000 0.000000 0.000000 0.000000 0.000000 0.000000 0.000000 0.000000 0.000000 0.000000
0.000000 0.000000 0.000000 0.000000 0.000000 0.000000 0.000000 0.000000 0.000000 0.000000
0.000000 0.000000 0.000000 0.000000 0.000000 0.000000 0.000000 0.000000 0.000000 0.000000
0.000000 0.000000 0.000000 0.000000 0.000000 0.000000 0.000000 0.000000 0.000000 0.000000
0.000000 0.000000 0.000000 0.000000 0.000000 0.000000 0.000000 0.000000 0.000000 0.000000
0.000000 0.000000 0.000000 0.000000 0.000000 0.000000 0.000000 0.000000 0.000000 0.000000
0.000000 0.000000 0.000000 0.000000 0.000000 0.000000 0.000000 0.000000 0.000000 0.000000
0.000000 0.000000 0.000000 0.000000 0.000000 0.000000 0.000000 0.000000 0.000000 0.000000
0.000000 0.000000 0.000000 0.000000 0.000000 0.000000 0.000000 0.000000 0.000000 0.000000
0.000000 0.000000 0.000000 0.000000 0.000000 0.000000 0.000000 0.000000 0.000000 0.000000
0.000000 0.000000 0.000000 0.000000 0.000000 0.000000 0.000000 0.000000 0.000000 0.000000
0.000000 0.000000 0.000000 0.000000 0.000000 0.000000 0.000000 0.000000 0.000000 0.000000
0.000000 0.000000 0.000000 0.000000 0.000000 0.000000 0.000000 0.000000 0.000000 0.000000
0.000000 0.000000 0.000000 0.000000 0.000000 0.000000 0.000000 0.000000 0.000000 0.000000
0.000000 0.000000 0.000000 0.000000 0.000000 0.000000 0.000000 0.000000 0.000000 0.000000
0.000000 0.000000 0.000000 0.000000 0.000000 0.000000 0.000000 0.000000 0.000000 0.000000
0.000000 0.000000 0.000000 0.000000 0.000000 0.000000 0.000000 0.000000 0.000000 0.000000
0.000000 0.000000 0.000000 0.000000 0.000000 0.000000 0.000000 0.000000 0.000000 0.000000
0.000000 0.000000 0.000000 0.000000 0.000000 0.000000 0.000000 0.000000 0.000000 0.000000
0.000000 0.000000 0.000000 0.000000 0.000000 0.000000 0.000000 0.000000 0.000000 0.000000
0.000000 0.000000 0.000000 0.000000 0.000000 0.000000 0.000000 0.000000 0.000000 0.000000
0.000000 0.000000 0.000000 0.000000 0.000000 0.000000 0.000000 0.000000 0.000000 0.000000
0.000000 0.000000 0.000000 0.000000 0.000000 0.000000 0.000000 0.000000 0.000000 0.000000
0.000000 0.000000 0.000000 0.000000 0.000000 0.000000 0.000000 0.000000 0.000000 0.000000
0.000000 0.000000 0.000000 0.000000 0.000000 0.000000 0.000000 0.000000 0.000000 0.000000
0.000000 0.000000 0.000000 0.000000 0.000000 0.000000 0.000000 0.000000 0.000000 0.000000
0.000000 0.000000 0.000000 0.000000 0.000000 0.000000 0.000000 0.000000 0.000000 0.000000
0.000000 0.000000 0.000000 0.000000 0.000000 0.000000 0.000000 0.000000 0.000000 0.000000
0.000000 0.000000 0.000000 0.000000 0.000000 0.000000 0.000000 0.000000 0.000000 0.000000
0.000000 0.000000 0.000000 0.000000 0.000000 0.000000 0.000000 0.000000 0.000000 0.000000
0.000000 0.000000 0.000000 0.000000 0.000000 0.000000 0.000000 0.000000 0.000000 0.000000
0.000000 0.000000 0.000000 0.000000 0.000000 0.000000 0.000000 0.000000 0.000000 0.000000
0.000000 0.000000 0.000000 0.000000 0.000000 0.000000 0.000000 0.000000 0.000000 0.000000
0.000000 0.000000 0.000000 0.000000 0.000000 0.000000 0.000000 0.000000 0.000000 0.000000
0.000000 0.000000 0.000000 0.000000 0.000000 0.000000 0.000000 0.000000 0.000000 0.000000
0.000000 0.000000 0.000000 0.000000 0.000000 0.000000 0.000000 0.000000 0.000000 0.000000
0.000000 0.000000 0.000000 0.000000 0.000000 0.000000 0.000000 0.000000 0.000000 0.000000
0.000000 0.000000 0.000000 0.000000 0.000000 0.000000 0.000000 0.000000 0.000000 0.000000
0.000000 0.000000 0.000000 0.000000 0.000000 0.000000 0.000000 0.000000 0.000000 0.000000
0.000000 0.000000 0.000000 0.000000 0.000000 0.000000 0.000000 0.000000 0.000000 0.000000
0.000000 0.000000 0.000000 0.000000 0.000000 0.000000 0.000000 0.000000 0.000000 0.000000
0.000000 0.000000 0.000000 0.000000 0.000000 0.000000 0.000000 0.000000 0.000000 0.000000
0.000000 0.000000 0.000000 0.000000 0.000000 0.000000 0.000000 0.000000 0.000000 0.000000
0.000000 0.000000 0.000000 0.000000 0.000000 0.000000 0.000000 0.000000 0.000000 0.000000
0.000000 0.000000 0.000000 0.000000 0.000000 0.000000 0.000000 0.000000 0.000000 0.000000
0.000000 0.000000 0.000000 0.000000 0.000000 0.000000 0.000000 0.000000 0.000000 0.000000
0.000000 0.000000 0.000000 0.000000 0.000000 0.000000 0.000000 0.000000 0.000000 0.000000
0.000000 0.000000 0.000000 0.000000 0.000000 0.000000 0.000000 0.000000 0.000000 0.000000
0.000000 0.000000 0.000000 0.000000 0.000000 0.000000 0.000000 0.000000 0.000000 0.000000
0.000000 0.000000 0.000000 0.000000 0.000000 0.000000 0.000000 0.000000 0.000000 0.000000
0.000000 0.000000 0.000000 0.000000 0.000000 0.000000 0.000000 0.000000 0.000000 0.000000
0.000000 0.000000 0.000000 0.000000 0.000000 0.000000 0.000000 0.000000 0.000000 0.000000
0.000000 0.000000 0.000000 0.000000 0.000000 0.000000 0.000000 0.000000 0.000000 0.000000
0.000000 0.000000 0.000000 0.000000 0.000000 0.000000 0.000000 0.000000 0.000000 0.000000
0.000000 0.000000 0.000000 0.000000 0.000000 0.000000 0.000000 0.000000 0.000000 0.000000
0.000000 0.000000 0.000000 0.000000 0.000000 0.000000 0.000000 0.000000 0.000000 0.000000
0.000000 0.000000 0.000000 0.000000 0.000000 0.000000 0.000000 0.000000 0.000000 0.000000
0.000000 0.000000 0.000000 0.000000 0.000000 0.000000 0.000000 0.000000 0.000000 0.000000
0.000000 0.000000 0.000000 0.000000 0.000000 0.000000 0.000000 0.000000 0.000000 0.000000
0.000000 0.000000 0.000000 0.000000 0.000000 0.000000 0.000000 0.000000 0.000000 0.000000
0.000000 0.000000 0.000000 0.000000 0.000000 0.000000 0.000000 0.000000 0.000000 0.000000
0.000000 0.000000 0.000000 0.000000 0.000000 0.000000 0.000000 0.000000 0.000000 0.000000
0.000000 0.000000 0.000000 0.000000 0.000000 0.000000 0.000000 0.000000 0.000000 0.000000
0.000000 0.000000 0.000000 0.000000 0.000000 0.000000 0.000000 0.000000 0.000000 0.000000
0.000000 0.000000 0.000000 0.000000 0.000000 0.000000 0.000000 0.000000 0.000000 0.000000
0.000000 0.000000 0.000000 0.000000 0.000000 0.000000 0.000000 0.000000 0.000000 0.000000
0.000000 0.000000 0.000000 0.000000 0.000000 0.000000 0.000000 0.000000 0.000000 0.000000
0.000000 0.000000 0.000000 0.000000 0.000000 0.000000 0.000000 0.000000 0.000000 0.000000
0.000000 0.000000 0.000000 0.000000 0.000000 0.000000 0.000000 0.000000 0.000000 0.000000
0.000000 0.000000 0.000000 0.000000 0.000000 0.000000 0.000000 0.000000 0.000000 0.000000
0.000000 0.000000 0.000000 0.000000 0.000000 0.000000 0.000000 0.000000 0.000000 0.000000
0.000000 0.000000 0.000000 0.000000 0.000000 0.000000 0.000000 0.000000 0.000000 0.000000
0.000000 0.000000 0.000000 0.000000 0.000000 0.000000 0.000000 0.000000 0.000000 0.000000
0.000000 0.000000 0.000000 0.000000 0.000000 0.000000 0.000000 0.000000 0.000000 0.000000
0.000000 0.000000 0.000000 0.000000 0.000000 0.000000 0.000000 0.000000 0.000000 0.000000
0.000000 0.000000 0.000000 0.000000 0.000000 0.000000 0.000000 0.000000 0.000000 0.000000
0.000000 0.000000 0.000000 0.000000 0.000000 0.000000 0.000000 0.000000 0.000000 0.000000
0.000000 0.000000 0.000000 0.000000 0.000000 0.000000 0.000000 0.000000 0.000000 0.000000
0.000000 0.000000 0.000000 0.000000 0.000000 0.000000 0.000000 0.000000 0.000000 0.000000
0.000000 0.000000 0.000000 0.000000 0.000000 0.000000 0.000000 0.000000 0.000000 0.000000
0.000000 0.000000 0.000000 0.000000 0.000000 0.000000 0.000000 0.000000 0.000000 0.000000
0.000000 0.000000 0.000000 0.000000 0.000000 0.000000 0.000000 0.000000 0.000000 0.000000
0.000000 0.000000 0.000000 0.000000 0.000000 0.000000 0.000000 0.000000 0.000000 0.000000
0.000000 0.000000 0.000000 0.000000 0.000000 0.000000 0.000000 0.000000 0.000000 0.000000
0.000000 0.000000 0.000000 0.000000 0.000000 0.000000 0.000000 0.000000 0.000000 0.000000
0.000000 0.000000 0.000000 0.000000 0.000000 0.000000 0.000000 0.000000 0.000000 0.000000
0.000000 0.000000 0.000000 0.000000 0.000000 0.000000 0.000000 0.000000 0.000000 0.000000
0.000000 0.000000 0.000000 0.000000 0.000000 0.000000 0.000000 0.000000 0.000000 0.000000
0.000000 0.000000 0.000000 0.000000 0.000000 0.000000 0.000000 0.000000 0.000000 0.000000
0.000000 0.000000 0.000000 0.000000 0.000000 0.000000 0.000000 0.000000 0.000000 0.000000
0.000000 0.000000 0.000000 0.000000 0.000000 0.000000 0.000000 0.000000 0.000000 0.000000
0.000000 0.000000 0.000000 0.000000 0.000000 0.000000 0.000000 0.000000 0.000000 0.000000
0.000000 0.000000 0.000000 0.000000 0.000000 0.000000 0.000000 0.000000 0.000000 0.000000
0.000000 0.000000 0.000000 0.000000 0.000000 0.000000 0.000000 0.000000 0.000000 0.000000
0.000000 0.000000 0.000000 0.000000 0.000000 0.000000 0.000000 0.000000 0.000000 0.000000
0.000000 0.000000 0.000000 0.000000 0.000000 0.000000 0.000000 0.000000 0.000000 0.000000
0.000000 0.000000 0.000000 0.000000 0.000000 0.000000 0.000000 0.000000 0.000000 0.000000
0.000000 0.000000 0.000000 0.000000 0.000000 0.000000 0.000000 0.000000 0.000000 0.000000
0.000000 0.000000 0.000000 0.000000 0.000000 0.000000 0.000000 0.000000 0.000000 0.000000
0.000000 0.000000 0.000000 0.000000 0.000000 0.000000 0.000000 0.000000 0.000000 0.000000
0.000000 0.000000 0.000000 0.000000 0.000000 0.000000 0.000000 0.000000 0.000000 0.000000
0.000000 0.000000 0.000000 0.000000 0.000000 0.000000 0.000000 0.000000 0.000000 0.000000
0.000000 0.000000 0.000000 0.000000 0.000000 0.000000 0.000000 0.000000 0.000000 0.000000
0.000000 0.000000 0.000000 0.000000 0.000000 0.000000 0.000000 0.000000 0.000000 0.000000
0.000000 0.000000 0.000000 0.000000 0.000000 0.000000 0.000000 0.000000 0.000000 0.000000
0.000000 0.000000 0.000000 0.000000 0.000000 0.000000 0.000000 0.000000 0.000000 0.000000
0.000000 0.000000 0.000000 0.000000 0.000000 0.000000 0.000000 0.000000 0.000000 0.000000
0.000000 0.000000 0.000000 0.000000 0.000000 0.000000 0.000000 0.000000 0.000000 0.000000
0.000000 0.000000 0.000000 0.000000 0.000000 0.000000 0.000000 0.000000 0.000000 0.000000
0.000000 0.000000 0.000000 0.000000 0.000000 0.000000 0.000000 0.000000 0.000000 0.000000
0.000000 0.000000 0.000000 0.000000 0.000000 0.000000 0.000000 0.000000 0.000000 0.000000
0.000000 0.000000 0.000000 0.000000 0.000000 0.000000 0.000000 0.000000 0.000000 0.000000
0.000000 0.000000 0.000000 0.000000 0.000000 0.000000 0.000000 0.000000 0.000000 0.000000
0.000000 0.000000 0.000000 0.000000 0.000000 0.000000 0.000000 0.000000 0.000000 0.000000
0.000000 0.000000 0.000000 0.000000 0.000000 0.000000 0.000000 0.000000 0.000000 0.000000
0.000000 0.000000 0.000000 0.000000 0.000000 0.000000 0.000000 0.000000 0.000000 0.000000
0.000000 0.000000 0.000000 0.000000 0.000000 0.000000 0.000000 0.000000 0.000000 0.000000
0.000000 0.000000 0.000000 0.000000 0.000000 0.000000 0.000000 0.000000 0.000000 0.000000
0.000000 0.000000 0.000000 0.000000 0.000000 0.000000 0.000000 0.000000 0.000000 0.000000
0.000000 0.000000 0.000000 0.000000 0.000000 0.000000 0.000000 0.000000 0.000000 0.000000
0.000000 0.000000 0.000000 0.000000 0.000000 0.000000 0.000000 0.000000 0.000000 0.000000
0.000000 0.000000 0.000000 0.000000 0.000000 0.000000 0.000000 0.000000 0.000000 0.000000
0.000000 0.000000 0.000000 0.000000 0.000000 0.000000 0.000000 0.000000 0.000000 0.000000
0.000000 0.000000 0.000000 0.000000 0.000000 0.000000 0.000000 0.000000 0.000000 0.000000
0.000000 0.000000 0.000000 0.000000 0.000000 0.000000 0.000000 0.000000 0.000000 0.000000
0.000000 0.000000 0.000000 0.000000 0.000000 0.000000 0.000000 0.000000 0.000000 0.000000
0.000000 0.000000 0.000000 0.000000 0.000000 0.000000 0.000000 0.000000 0.000000 0.000000
0.000000 0.000000 0.000000 0.000000 0.000000 0.000000 0.000000 0.000000 0.000000 0.000000
0.000000 0.000000 0.000000 0.000000 0.000000 0.000000 0.000000 0.000000 0.000000 0.000000
0.000000 0.000000 0.000000 0.000000 0.000000 0.000000 0.000000 0.000000 0.000000 0.000000
0.000000 0.000000 0.000000 0.000000 0.000000 0.000000 0.000000 0.000000 0.000000 0.000000
0.000000 0.000000 0.000000 0.000000 0.000000 0.000000 0.000000 0.000000 0.000000 0.000000
0.000000 0.000000 0.000000 0.000000 0.000000 0.000000 0.000000 0.000000 0.000000 0.000000
0.000000 0.000000 0.000000 0.000000 0.000000 0.000000 0.000000 0.000000 0.000000 0.000000
0.000000 0.000000 0.000000 0.000000 0.000000 0.000000 0.000000 0.000000 0.000000 0.000000
0.000000 0.000000 0.000000 0.000000 0.000000 0.000000 0.000000 0.000000 0.000000 0.000000
0.000000 0.000000 0.000000 0.000000 0.000000 0.000000 0.000000 0.000000 0.000000 0.000000
0.000000 0.000000 0.000000 0.000000 0.000000 0.000000 0.000000 0.000000 0.000000 0.000000
0.000000 0.000000 0.000000 0.000000 0.000000 0.000000 0.000000 0.000000 0.000000 0.000000
0.000000 0.000000 0.000000 0.000000 0.000000 0.000000 0.000000 0.000000 0.000000 0.000000
0.000000 0.000000 0.000000 0.000000 0.000000 0.000000 0.000000 0.000000 0.000000 0.000000
0.000000 0.000000 0.000000 0.000000 0.000000 0.000000 0.000000 0.000000 0.000000 0.000000
0.000000 0.000000 0.000000 0.000000 0.000000 0.000000 0.000000 0.000000 0.000000 0.000000
0.000000 0.000000 0.000000 0.000000 0.000000 0.000000 0.000000 0.000000 0.000000 0.000000
0.000000 0.000000 0.000000 0.000000 0.000000 0.000000 0.000000 0.000000 0.000000 0.000000
0.000000 0.000000 0.000000 0.000000 0.000000 0.000000 0.000000 0.000000 0.000000 0.000000
0.000000 0.000000 0.000000 0.000000 0.000000 0.000000 0.000000 0.000000 0.000000 0.000000
0.000000 0.000000 0.000000 0.000000 0.000000 0.000000 0.000000 0.000000 0.000000 0.000000
0.000000 0.000000 0.000000 0.000000 0.000000 0.000000 0.000000 0.000000 0.000000 0.000000
0.000000 0.000000 0.000000 0.000000 0.000000 0.000000 0.000000 0.000000 0.000000 0.000000
0.000000 0.000000 0.000000 0.000000 0.000000 0.000000 0.000000 0.000000 0.000000 0.000000
0.000000 0.000000 0.000000 0.000000 0.000000 0.000000 0.000000 0.000000 0.000000 0.000000
0.000000 0.000000 0.000000 0.000000 0.000000 0.000000 0.000000 0.000000 0.000000 0.000000
0.000000 0.000000 0.000000 0.000000 0.000000 0.000000 0.000000 0.000000 0.000000 0.000000
0.000000 0.000000 0.000000 0.000000 0.000000 0.000000 0.000000 0.000000 0.000000 0.000000
0.000000 0.000000 0.000000 0.000000 0.000000 0.000000 0.000000 0.000000 0.000000 0.000000
0.000000 0.000000 0.000000 0.000000 0.000000 0.000000 0.000000 0.000000 0.000000 0.000000
0.000000 0.000000 0.000000 0.000000 0.000000 0.000000 0.000000 0.000000 0.000000 0.000000
0.000000 0.000000 0.000000 0.000000 0.000000 0.000000 0.000000 0.000000 0.000000 0.000000
0.000000 0.000000 0.000000 0.000000 0.000000 0.000000 0.000000 0.000000 0.000000 0.000000
0.000000 0.000000 0.000000 0.000000 0.000000 0.000000 0.000000 0.000000 0.000000 0.000000
0.000000 0.000000 0.000000 0.000000 0.000000 0.000000 0.000000 0.000000 0.000000 0.000000
0.000000 0.000000 0.000000 0.000000 0.000000 0.000000 0.000000 0.000000 0.000000 0.000000
0.000000 0.000000 0.000000 0.000000 0.000000 0.000000 0.000000 0.000000 0.000000 0.000000
0.000000 0.000000 0.000000 0.000000 0.000000 0.000000 0.000000 0.000000 0.000000 0.000000
0.000000 0.000000 0.000000 0.000000 0.000000 0.000000 0.000000 0.000000 0.000000 0.000000
0.000000 0.000000 0.000000 0.000000 0.000000 0.000000 0.000000 0.000000 0.000000 0.000000
0.000000 0.000000 0.000000 0.000000 0.000000 0.000000 0.000000 0.000000 0.000000 0.000000
0.000000 0.000000 0.000000 0.000000 0.000000 0.000000 0.000000 0.000000 0.000000 0.000000
0.000000 0.000000 0.000000 0.000000 0.000000 0.000000 0.000000 0.000000 0.000000 0.000000
0.000000 0.000000 0.000000 0.000000 0.000000 0.000000 0.000000 0.000000 0.000000 0.000000
0.000000 0.000000 0.000000 0.000000 0.000000 0.000000 0.000000 0.000000 0.000000 0.000000
0.000000 0.000000 0.000000 0.000000 0.000000 0.000000 0.000000 0.000000 0.000000 0.000000
0.000000 0.000000 0.000000 0.000000 0.000000 0.000000 0.000000 0.000000 0.000000 0.000000
0.000000 0.000000 0.000000 0.000000 0.000000 0.000000 0.000000 0.000000 0.000000 0.000000
0.000000 0.000000 0.000000 0.000000 0.000000 0.000000 0.000000 0.000000 0.000000 0.000000
0.000000 0.000000 0.000000 0.000000 0.000000 0.000000 0.000000 0.000000 0.000000 0.000000
0.000000 0.000000 0.000000 0.000000 0.000000 0.000000 0.000000 0.000000 0.000000 0.000000
0.000000 0.000000 0.000000 0.000000 0.000000 0.000000 0.000000 0.000000 0.000000 0.000000
0.000000 0.000000 0.000000 0.000000 0.000000 0.000000 0.000000 0.000000 0.000000 0.000000
0.000000 0.000000 0.000000 0.000000 0.000000 0.000000 0.000000 0.000000 0.000000 0.000000
0.000000 0.000000 0.000000 0.000000 0.000000 0.000000 0.000000 0.000000 0.000000 0.000000
0.000000 0.000000 0.000000 0.000000 0.000000 0.000000 0.000000 0.000000 0.000000 0.000000
0.000000 0.000000 0.000000 0.000000 0.000000 0.000000 0.000000 0.000000 0.000000 0.000000
0.000000 0.000000 0.000000 0.000000 0.000000 0.000000 0.000000 0.000000 0.000000 0.000000
0.000000 0.000000 0.000000 0.000000 0.000000 0.000000 0.000000 0.000000 0.000000 0.000000
0.000000 0.000000 0.000000 0.000000 0.000000 0.000000 0.000000 0.000000 0.000000 0.000000
0.000000 0.000000 0.000000 0.000000 0.000000 0.000000 0.000000 0.000000 0.000000 0.000000
0.000000 0.000000 0.000000 0.000000 0.000000 0.000000 0.000000 0.000000 0.000000 0.000000
0.000000 0.000000 0.000000 0.000000 0.000000 0.000000 0.000000 0.000000 0.000000 0.000000
0.000000 0.000000 0.000000 0.000000 0.000000 0.000000 0.000000 0.000000 0.000000 0.000000
0.000000 0.000000 0.000000 0.000000 0.000000 0.000000 0.000000 0.000000 0.000000 0.000000
0.000000 0.000000 0.000000 0.000000 0.000000 0.000000 0.000000 0.000000 0.000000 0.000000
0.000000 0.000000 0.000000 0.000000 0.000000 0.000000 0.000000 0.000000 0.000000 0.000000
0.000000 0.000000 0.000000 0.000000 0.000000 0.000000 0.000000 0.000000 0.000000 0.000000
0.000000 0.000000 0.000000 0.000000 0.000000 0.000000 0.000000 0.000000 0.000000 0.000000
0.000000 0.000000 0.000000 0.000000 0.000000 0.000000 0.000000 0.000000 0.000000 0.000000
0.000000 0.000000 0.000000 0.000000 0.000000 0.000000 0.000000 0.000000 0.000000 0.000000
0.000000 0.000000 0.000000 0.000000 0.000000 0.000000 0.000000 0.000000 0.000000 0.000000
0.000000 0.000000 0.000000 0.000000 0.000000 0.000000 0.000000 0.000000 0.000000 0.000000
0.000000 0.000000 0.000000 0.000000 0.000000 0.000000 0.000000 0.000000 0.000000 0.000000
0.000000 0.000000 0.000000 0.000000 0.000000 0.000000 0.000000 0.000000 0.000000 0.000000
0.000000 0.000000 0.000000 0.000000 0.000000 0.000000 0.000000 0.000000 0.000000 0.000000
0.000000 0.000000 0.000000 0.000000 0.000000 0.000000 0.000000 0.000000 0.000000 0.000000
0.000000 0.000000 0.000000 0.000000 0.000000 0.000000 0.000000 0.000000 0.000000 0.000000
0.000000 0.000000 0.000000 0.000000 0.000000 0.000000 0.000000 0.000000 0.000000 0.000000
0.000000 0.000000 0.000000 0.000000 0.000000 0.000000 0.000000 0.000000 0.000000 0.000000
0.000000 0.000000 0.000000 0.000000 0.000000 0.000000 0.000000 0.000000 0.000000 0.000000
0.000000 0.000000 0.000000 0.000000 0.000000 0.000000 0.000000 0.000000 0.000000 0.000000
0.000000 0.000000 0.000000 0.000000 0.000000 0.000000 0.000000 0.000000 0.000000 0.000000
0.000000 0.000000 0.000000 0.000000 0.000000 0.000000 0.000000 0.000000 0.000000 0.000000
0.000000 0.000000 0.000000 0.000000 0.000000 0.000000 0.000000 0.000000 0.000000 0.000000
0.000000 0.000000 0.000000 0.000000 0.000000 0.000000 0.000000 0.000000 0.000000 0.000000
0.000000 0.000000 0.000000 0.000000 0.000000 0.000000 0.000000 0.000000 0.000000 0.000000
0.000000 0.000000 0.000000 0.000000 0.000000 0.000000 0.000000 0.000000 0.000000 0.000000
0.000000 0.000000 0.000000 0.000000 0.000000 0.000000 0.000000 0.000000 0.000000 0.000000
0.000000 0.000000 0.000000 0.000000 0.000000 0.000000 0.000000 0.000000 0.000000 0.000000
0.000000 0.000000 0.000000 0.000000 0.000000 0.000000 0.000000 0.000000 0.000000 0.000000
0.000000 0.000000 0.000000 0.000000 0.000000 0.000000 0.000000 0.000000 0.000000 0.000000
0.000000 0.000000 0.000000 0.000000 0.000000 0.000000 0.000000 0.000000 0.000000 0.000000
0.000000 0.000000 0.000000 0.000000 0.000000 0.000000 0.000000 0.000000 0.000000 0.000000
0.000000 0.000000 0.000000 0.000000 0.000000 0.000000 0.000000 0.000000 0.000000 0.000000
0.000000 0.000000 0.000000 0.000000 0.000000 0.000000 0.000000 0.000000 0.000000 0.000000
0.000000 0.000000 0.000000 0.000000 0.000000 0.000000 0.000000 0.000000 0.000000 0.000000
0.000000 0.000000 0.000000 0.000000 0.000000 0.000000 0.000000 0.000000 0.000000 0.000000
0.000000 0.000000 0.000000 0.000000 0.000000 0.000000 0.000000 0.000000 0.000000 0.000000
0.000000 0.000000 0.000000 0.000000 0.000000 0.000000 0.000000 0.000000 0.000000 0.000000
0.000000 0.000000 0.000000 0.000000 0.000000 0.000000 0.000000 0.000000 0.000000 0.000000
0.000000 0.000000 0.000000 0.000000 0.000000 0.000000 0.000000 0.000000 0.000000 0.000000
0.000000 0.000000 0.000000 0.000000 0.000000 0.000000 0.000000 0.000000 0.000000 0.000000
0.000000 0.000000 0.000000 0.000000 0.000000 0.000000 0.000000 0.000000 0.000000 0.000000
0.000000 0.000000 0.000000 0.000000 0.000000 0.000000 0.000000 0.000000 0.000000 0.000000
0.000000 0.000000 0.000000 0.000000 0.000000 0.000000 0.000000 0.000000 0.000000 0.000000
0.000000 0.000000 0.000000 0.000000 0.000000 0.000000 0.000000 0.000000 0.000000 0.000000
0.000000 0.000000 0.000000 0.000000 0.000000 0.000000 0.000000 0.000000 0.000000 0.000000
0.000000 0.000000 0.000000 0.000000 0.000000 0.000000 0.000000 0.000000 0.000000 0.000000
0.000000 0.000000 0.000000 0.000000 0.000000 0.000000 0.000000 0.000000 0.000000 0.000000
0.000000 0.000000 0.000000 0.000000 0.000000 0.000000 0.000000 0.000000 0.000000 0.000000
0.000000 0.000000 0.000000 0.000000 0.000000 0.000000 0.000000 0.000000 0.000000 0.000000
0.000000 0.000000 0.000000 0.000000 0.000000 0.000000 0.000000 0.000000 0.000000 0.000000
0.000000 0.000000 0.000000 0.000000 0.000000 0.000000 0.000000 0.000000 0.000000 0.000000
0.000000 0.000000 0.000000 0.000000 0.000000 0.000000 0.000000 0.000000 0.000000 0.000000
0.000000 0.000000 0.000000 0.000000 0.000000 0.000000 0.000000 0.000000 0.000000 0.000000
0.000000 0.000000 0.000000 0.000000 0.000000 0.000000 0.000000 0.000000 0.000000 0.000000
0.000000 0.000000 0.000000 0.000000 0.000000 0.000000 0.000000 0.000000 0.000000 0.000000
0.000000 0.000000 0.000000 0.000000 0.000000 0.000000 0.000000 0.000000 0.000000 0.000000
0.000000 0.000000 0.000000 0.000000 0.000000 0.000000 0.000000 0.000000 0.000000 0.000000
0.000000 0.000000 0.000000 0.000000 0.000000 0.000000 0.000000 0.000000 0.000000 0.000000
0.000000 0.000000 0.000000 0.000000 0.000000 0.000000 0.000000 0.000000 0.000000 0.000000
0.000000 0.000000 0.000000 0.000000 0.000000 0.000000 0.000000 0.000000 0.000000 0.000000
0.000000 0.000000 0.000000 0.000000 0.000000 0.000000 0.000000 0.000000 0.000000 0.000000
0.000000 0.000000 0.000000 0.000000 0.000000 0.000000 0.000000 0.000000 0.000000 0.000000
0.000000 0.000000 0.000000 0.000000 0.000000 0.000000 0.000000 0.000000 0.000000 0.000000
0.000000 0.000000 0.000000 0.000000 0.000000 0.000000 0.000000 0.000000 0.000000 0.000000
0.000000 0.000000 0.000000 0.000000 0.000000 0.000000 0.000000 0.000000 0.000000 0.000000
0.000000 0.000000 0.000000 0.000000 0.000000 0.000000 0.000000 0.000000 0.000000 0.000000
0.000000 0.000000 0.000000 0.000000 0.000000 0.000000 0.000000 0.000000 0.000000 0.000000
0.000000 0.000000 0.000000 0.000000 0.000000 0.000000 0.000000 0.000000 0.000000 0.000000
0.000000 0.000000 0.000000 0.000000 0.000000 0.000000 0.000000 0.000000 0.000000 0.000000
0.000000 0.000000 0.000000 0.000000 0.000000 0.000000 0.000000 0.000000 0.000000 0.000000
0.000000 0.000000 0.000000 0.000000 0.000000 0.000000 0.000000 0.000000 0.000000 0.000000
0.000000 0.000000 0.000000 0.000000 0.000000 0.000000 0.000000 0.000000 0.000000 0.000000
0.000000 0.000000 0.000000 0.000000 0.000000 0.000000 0.000000 0.000000 0.000000 0.000000
0.000000 0.000000 0.000000 0.000000 0.000000 0.000000 0.000000 0.000000 0.000000 0.000000
0.000000 0.000000 0.000000 0.000000 0.000000 0.000000 0.000000 0.000000 0.000000 0.000000
0.000000 0.000000 0.000000 0.000000 0.000000 0.000000 0.000000 0.000000 0.000000 0.000000
0.000000 0.000000 0.000000 0.000000 0.000000 0.000000 0.000000 0.000000 0.000000 0.000000
0.000000 0.000000 0.000000 0.000000 0.000000 0.000000 0.000000 0.000000 0.000000 0.000000
0.000000 0.000000 0.000000 0.000000 0.000000 0.000000 0.000000 0.000000 0.000000 0.000000
0.000000 0.000000 0.000000 0.000000 0.000000 0.000000 0.000000 0.000000 0.000000 0.000000
0.000000 0.000000 0.000000 0.000000 0.000000 0.000000 0.000000 0.000000 0.000000 0.000000
0.000000 0.000000 0.000000 0.000000 0.000000 0.000000 0.000000 0.000000 0.000000 0.000000
0.000000 0.000000 0.000000 0.000000 0.000000 0.000000 0.000000 0.000000 0.000000 0.000000
0.000000 0.000000 0.000000 0.000000 0.000000 0.000000 0.000000 0.000000 0.000000 0.000000
0.000000 0.000000 0.000000 0.000000 0.000000 0.000000 0.000000 0.000000 0.000000 0.000000
0.000000 0.000000 0.000000 0.000000 0.000000 0.000000 0.000000 0.000000 0.000000 0.000000
0.000000 0.000000 0.000000 0.000000 0.000000 0.000000 0.000000 0.000000 0.000000 0.000000
0.000000 0.000000 0.000000 0.000000 0.000000 0.000000 0.000000 0.000000 0.000000 0.000000
0.000000 0.000000 0.000000 0.000000 0.000000 0.000000 0.000000 0.000000 0.000000 0.000000
0.000000 0.000000 0.000000 0.000000 0.000000 0.000000 0.000000 0.000000 0.000000 0.000000
0.000000 0.000000 0.000000 0.000000 0.000000 0.000000 0.000000 0.000000 0.000000 0.000000
0.000000 0.000000 0.000000 0.000000 0.000000 0.000000 0.000000 0.000000 0.000000 0.000000
0.000000 0.000000 0.000000 0.000000 0.000000 0.000000 0.000000 0.000000 0.000000 0.000000
0.000000 0.000000 0.000000 0.000000 0.000000 0.000000 0.000000 0.000000 0.000000 0.000000
0.000000 0.000000 0.000000 0.000000 0.000000 0.000000 0.000000 0.000000 0.000000 0.000000
0.000000 0.000000 0.000000 0.000000 0.000000 0.000000 0.000000 0.000000 0.000000 0.000000
0.000000 0.000000 0.000000 0.000000 0.000000 0.000000 0.000000 0.000000 0.000000 0.000000
0.000000 0.000000 0.000000 0.000000 0.000000 0.000000 0.000000 0.000000 0.000000 0.000000
0.000000 0.000000 0.000000 0.000000 0.000000 0.000000 0.000000 0.000000 0.000000 0.000000
0.000000 0.000000 0.000000 0.000000 0.000000 0.000000 0.000000 0.000000 0.000000 0.000000
0.000000 0.000000 0.000000 0.000000 0.000000 0.000000 0.000000 0.000000 0.000000 0.000000
0.000000 0.000000 0.000000 0.000000 0.000000 0.000000 0.000000 0.000000 0.000000 0.000000
0.000000 0.000000 0.000000 0.000000 0.000000 0.000000 0.000000 0.000000 0.000000 0.000000
0.000000 0.000000 0.000000 0.000000 0.000000 0.000000 0.000000 0.000000 0.000000 0.000000
0.000000 0.000000 0.000000 0.000000 0.000000 0.000000 0.000000 0.000000 0.000000 0.000000
0.000000 0.000000 0.000000 0.000000 0.000000 0.000000 0.000000 0.000000 0.000000 0.000000
0.000000 0.000000 0.000000 0.000000 0.000000 0.000000 0.000000 0.000000 0.000000 0.000000
0.000000 0.000000 0.000000 0.000000 0.000000 0.000000 0.000000 0.000000 0.000000 0.000000
0.000000 0.000000 0.000000 0.000000 0.000000 0.000000 0.000000 0.000000 0.000000 0.000000
0.000000 0.000000 0.000000 0.000000 0.000000 0.000000 0.000000 0.000000 0.000000 0.000000
0.000000 0.000000 0.000000 0.000000 0.000000 0.000000 0.000000 0.000000 0.000000 0.000000
0.000000 0.000000 0.000000 0.000000 0.000000 0.000000 0.000000 0.000000 0.000000 0.000000
0.000000 0.000000 0.000000 0.000000 0.000000 0.000000 0.000000 0.000000 0.000000 0.000000
0.000000 0.000000 0.000000 0.000000 0.000000 0.000000 0.000000 0.000000 0.000000 0.000000
0.000000 0.000000 0.000000 0.000000 0.000000 0.000000 0.000000 0.000000 0.000000 0.000000
0.000000 0.000000 0.000000 0.000000 0.000000 0.000000 0.000000 0.000000 0.000000 0.000000
0.000000 0.000000 0.000000 0.000000 0.000000 0.000000 0.000000 0.000000 0.000000 0.000000
0.000000 0.000000 0.000000 0.000000 0.000000 0.000000 0.000000 0.000000 0.000000 0.000000
0.000000 0.000000 0.000000 0.000000 0.000000 0.000000 0.000000 0.000000 0.000000 0.000000
0.000000 0.000000 0.000000 0.000000 0.000000 0.000000 0.000000 0.000000 0.000000 0.000000
0.000000 0.000000 0.000000 0.000000 0.000000 0.000000 0.000000 0.000000 0.000000 0.000000
0.000000 0.000000 0.000000 0.000000 0.000000 0.000000 0.000000 0.000000 0.000000 0.000000
0.000000 0.000000 0.000000 0.000000 0.000000 0.000000 0.000000 0.000000 0.000000 0.000000
0.000000 0.000000 0.000000 0.000000 0.000000 0.000000 0.000000 0.000000 0.000000 0.000000
0.000000 0.000000 0.000000 0.000000 0.000000 0.000000 0.000000 0.000000 0.000000 0.000000
0.000000 0.000000 0.000000 0.000000 0.000000 0.000000 0.000000 0.000000 0.000000 0.000000
0.000000 0.000000 0.000000 0.000000 0.000000 0.000000 0.000000 0.000000 0.000000 0.000000
0.000000 0.000000 0.000000 0.000000 0.000000 0.000000 0.000000 0.000000 0.000000 0.000000
0.000000 0.000000 0.000000 0.000000 0.000000 0.000000 0.000000 0.000000 0.000000 0.000000
0.000000 0.000000 0.000000 0.000000 0.000000 0.000000 0.000000 0.000000 0.000000 0.000000
0.000000 0.000000 0.000000 0.000000 0.000000 0.000000 0.000000 0.000000 0.000000 0.000000
0.000000 0.000000 0.000000 0.000000 0.000000 0.000000 0.000000 0.000000 0.000000 0.000000
0.000000 0.000000 0.000000 0.000000 0.000000 0.000000 0.000000 0.000000 0.000000 0.000000
0.000000 0.000000 0.000000 0.000000 0.000000 0.000000 0.000000 0.000000 0.000000 0.000000
0.000000 0.000000 0.000000 0.000000 0.000000 0.000000 0.000000 0.000000 0.000000 0.000000
0.000000 0.000000 0.000000 0.000000 0.000000 0.000000 0.000000 0.000000 0.000000 0.000000
0.000000 0.000000 0.000000 0.000000 0.000000 0.000000 0.000000 0.000000 0.000000 0.000000
0.000000 0.000000 0.000000 0.000000 0.000000 0.000000 0.000000 0.000000 0.000000 0.000000
0.000000 0.000000 0.000000 0.000000 0.000000 0.000000 0.000000 0.000000 0.000000 0.000000
0.000000 0.000000 0.000000 0.000000 0.000000 0.000000 0.000000 0.000000 0.000000 0.000000
0.000000 0.000000 0.000000 0.000000 0.000000 0.000000 0.000000 0.000000 0.000000 0.000000
0.000000 0.000000 0.000000 0.000000 0.000000 0.000000 0.000000 0.000000 0.000000 0.000000
0.000000 0.000000 0.000000 0.000000 0.000000 0.000000 0.000000 0.000000 0.000000 0.000000
0.000000 0.000000 0.000000 0.000000 0.000000 0.000000 0.000000 0.000000 0.000000 0.000000
0.000000 0.000000 0.000000 0.000000 0.000000 0.000000 0.000000 0.000000 0.000000 0.000000
0.000000 0.000000 0.000000 0.000000 0.000000 0.000000 0.000000 0.000000 0.000000 0.000000
0.000000 0.000000 0.000000 0.000000 0.000000 0.000000 0.000000 0.000000 0.000000 0.000000
0.000000 0.000000 0.000000 0.000000 0.000000 0.000000 0.000000 0.000000 0.000000 0.000000
0.000000 0.000000 0.000000 0.000000 0.000000 0.000000 0.000000 0.000000 0.000000 0.000000
0.000000 0.000000 0.000000 0.000000 0.000000 0.000000 0.000000 0.000000 0.000000 0.000000
0.000000 0.000000 0.000000 0.000000 0.000000 0.000000 0.000000 0.000000 0.000000 0.000000
0.000000 0.000000 0.000000 0.000000 0.000000 0.000000 0.000000 0.000000 0.000000 0.000000
0.000000 0.000000 0.000000 0.000000 0.000000 0.000000 0.000000 0.000000 0.000000 0.000000
0.000000 0.000000 0.000000 0.000000 0.000000 0.000000 0.000000 0.000000 0.000000 0.000000
0.000000 0.000000 0.000000 0.000000 0.000000 0.000000 0.000000 0.000000 0.000000 0.000000
0.000000 0.000000 0.000000 0.000000 0.000000 0.000000 0.000000 0.000000 0.000000 0.000000
0.000000 0.000000 0.000000 0.000000 0.000000 0.000000 0.000000 0.000000 0.000000 0.000000
0.000000 0.000000 0.000000 0.000000 0.000000 0.000000 0.000000 0.000000 0.000000 0.000000
0.000000 0.000000 0.000000 0.000000 0.000000 0.000000 0.000000 0.000000 0.000000 0.000000
0.000000 0.000000 0.000000 0.000000 0.000000 0.000000 0.000000 0.000000 0.000000 0.000000
0.000000 0.000000 0.000000 0.000000 0.000000 0.000000 0.000000 0.000000 0.000000 0.000000
0.000000 0.000000 0.000000 0.000000 0.000000 0.000000 0.000000 0.000000 0.000000 0.000000
0.000000 0.000000 0.000000 0.000000 0.000000 0.000000 0.000000 0.000000 0.000000 0.000000
0.000000 0.000000 0.000000 0.000000 0.000000 0.000000 0.000000 0.000000 0.000000 0.000000
0.000000 0.000000 0.000000 0.000000 0.000000 0.000000 0.000000 0.000000 0.000000 0.000000
0.000000 0.000000 0.000000 0.000000 0.000000 0.000000 0.000000 0.000000 0.000000 0.000000
0.000000 0.000000 0.000000 0.000000 0.000000 0.000000 0.000000 0.000000 0.000000 0.000000
0.000000 0.000000 0.000000 0.000000 0.000000 0.000000 0.000000 0.000000 0.000000 0.000000
0.000000 0.000000 0.000000 0.000000 0.000000 0.000000 0.000000 0.000000 0.000000 0.000000
0.000000 0.000000 0.000000 0.000000 0.000000 0.000000 0.000000 0.000000 0.000000 0.000000
0.000000 0.000000 0.000000 0.000000 0.000000 0.000000 0.000000 0.000000 0.000000 0.000000
0.000000 0.000000 0.000000 0.000000 0.000000 0.000000 0.000000 0.000000 0.000000 0.000000
0.000000 0.000000 0.000000 0.000000 0.000000 0.000000 0.000000 0.000000 0.000000 0.000000
0.000000 0.000000 0.000000 0.000000 0.000000 0.000000 0.000000 0.000000 0.000000 0.000000
0.000000 0.000000 0.000000 0.000000 0.000000 0.000000 0.000000 0.000000 0.000000 0.000000
0.000000 0.000000 0.000000 0.000000 0.000000 0.000000 0.000000 0.000000 0.000000 0.000000
0.000000 0.000000 0.000000 0.000000 0.000000 0.000000 0.000000 0.000000 0.000000 0.000000
0.000000 0.000000 0.000000 0.000000 0.000000 0.000000 0.000000 0.000000 0.000000 0.000000
0.000000 0.000000 0.000000 0.000000 0.000000 0.000000 0.000000 0.000000 0.000000 0.000000
0.000000 0.000000 0.000000 0.000000 0.000000 0.000000 0.000000 0.000000 0.000000 0.000000
0.000000 0.000000 0.000000 0.000000 0.000000 0.000000 0.000000 0.000000 0.000000 0.000000
0.000000 0.000000 0.000000 0.000000 0.000000 0.000000 0.000000 0.000000 0.000000 0.000000
0.000000 0.000000 0.000000 0.000000 0.000000 0.000000 0.000000 0.000000 0.000000 0.000000
0.000000 0.000000 0.000000 0.000000 0.000000 0.000000 0.000000 0.000000 0.000000 0.000000
0.000000 0.000000 0.000000 0.000000 0.000000 0.000000 0.000000 0.000000 0.000000 0.000000
0.000000 0.000000 0.000000 0.000000 0.000000 0.000000 0.000000 0.000000 0.000000 0.000000
0.000000 0.000000 0.000000 0.000000 0.000000 0.000000 0.000000 0.000000 0.000000 0.000000
0.000000 0.000000 0.000000 0.000000 0.000000 0.000000 0.000000 0.000000 0.000000 0.000000
0.000000 0.000000 0.000000 0.000000 0.000000 0.000000 0.000000 0.000000 0.000000 0.000000
0.000000 0.000000 0.000000 0.000000 0.000000 0.000000 0.000000 0.000000 0.000000 0.000000
0.000000 0.000000 0.000000 0.000000 0.000000 0.000000 0.000000 0.000000 0.000000 0.000000
0.000000 0.000000 0.000000 0.000000 0.000000 0.000000 0.000000 0.000000 0.000000 0.000000
0.000000 0.000000 0.000000 0.000000 0.000000 0.000000 0.000000 0.000000 0.000000 0.000000
0.000000 0.000000 0.000000 0.000000 0.000000 0.000000 0.000000 0.000000 0.000000 0.000000
0.000000 0.000000 0.000000 0.000000 0.000000 0.000000 0.000000 0.000000 0.000000 0.000000
0.000000 0.000000 0.000000 0.000000 0.000000 0.000000 0.000000 0.000000 0.000000 0.000000
0.000000 0.000000 0.000000 0.000000 0.000000 0.000000 0.000000 0.000000 0.000000 0.000000
0.000000 0.000000 0.000000 0.000000 0.000000 0.000000 0.000000 0.000000 0.000000 0.000000
0.000000 0.000000 0.000000 0.000000 0.000000 0.000000 0.000000 0.000000 0.000000 0.000000
0.000000 0.000000 0.000000 0.000000 0.000000 0.000000 0.000000 0.000000 0.000000 0.000000
0.000000 0.000000 0.000000 0.000000 0.000000 0.000000 0.000000 0.000000 0.000000 0.000000
0.000000 0.000000 0.000000 0.000000 0.000000 0.000000 0.000000 0.000000 0.000000 0.000000
0.000000 0.000000 0.000000 0.000000 0.000000 0.000000 0.000000 0.000000 0.000000 0.000000
0.000000 0.000000 0.000000 0.000000 0.000000 0.000000 0.000000 0.000000 0.000000 0.000000
0.000000 0.000000 0.000000 0.000000 0.000000 0.000000 0.000000 0.000000 0.000000 0.000000
0.000000 0.000000 0.000000 0.000000 0.000000 0.000000 0.000000 0.000000 0.000000 0.000000
0.000000 0.000000 0.000000 0.000000 0.000000 0.000000 0.000000 0.000000 0.000000 0.000000
0.000000 0.000000 0.000000 0.000000 0.000000 0.000000 0.000000 0.000000 0.000000 0.000000
0.000000 0.000000 0.000000 0.000000 0.000000 0.000000 0.000000 0.000000 0.000000 0.000000
0.000000 0.000000 0.000000 0.000000 0.000000 0.000000 0.000000 0.000000 0.000000 0.000000
0.000000 0.000000 0.000000 0.000000 0.000000 0.000000 0.000000 0.000000 0.000000 0.000000
0.000000 0.000000 0.000000 0.000000 0.000000 0.000000 0.000000 0.000000 0.000000 0.000000
0.000000 0.000000 0.000000 0.000000 0.000000 0.000000 0.000000 0.000000 0.000000 0.000000
0.000000 0.000000 0.000000 0.000000 0.000000 0.000000 0.000000 0.000000 0.000000 0.000000
0.000000 0.000000 0.000000 0.000000 0.000000 0.000000 0.000000 0.000000 0.000000 0.000000
0.000000 0.000000 0.000000 0.000000 0.000000 0.000000 0.000000 0.000000 0.000000 0.000000
0.000000 0.000000 0.000000 0.000000 0.000000 0.000000 0.000000 0.000000 0.000000 0.000000
0.000000 0.000000 0.000000 0.000000 0.000000 0.000000 0.000000 0.000000 0.000000 0.000000
0.000000 0.000000 0.000000 0.000000 0.000000 0.000000 0.000000 0.000000 0.000000 0.000000
0.000000 0.000000 0.000000 0.000000 0.000000 0.000000 0.000000 0.000000 0.000000 0.000000
0.000000 0.000000 0.000000 0.000000 0.000000 0.000000 0.000000 0.000000 0.000000 0.000000
0.000000 0.000000 0.000000 0.000000 0.000000 0.000000 0.000000 0.000000 0.000000 0.000000
0.000000 0.000000 0.000000 0.000000 0.000000 0.000000 0.000000 0.000000 0.000000 0.000000
0.000000 0.000000 0.000000 0.000000 0.000000 0.000000 0.000000 0.000000 0.000000 0.000000
0.000000 0.000000 0.000000 0.000000 0.000000 0.000000 0.000000 0.000000 0.000000 0.000000
0.000000 0.000000 0.000000 0.000000 0.000000 0.000000 0.000000 0.000000 0.000000 0.000000
0.000000 0.000000 0.000000 0.000000 0.000000 0.000000 0.000000 0.000000 0.000000 0.000000
0.000000 0.000000 0.000000 0.000000 0.000000 0.000000 0.000000 0.000000 0.000000 0.000000
0.000000 0.000000 0.000000 0.000000 0.000000 0.000000 0.000000 0.000000 0.000000 0.000000
0.000000 0.000000 0.000000 0.000000 0.000000 0.000000 0.000000 0.000000 0.000000 0.000000
0.000000 0.000000 0.000000 0.000000 0.000000 0.000000 0.000000 0.000000 0.000000 0.000000
0.000000 0.000000 0.000000 0.000000 0.000000 0.000000 0.000000 0.000000 0.000000 0.000000
0.000000 0.000000 0.000000 0.000000 0.000000 0.000000 0.000000 0.000000 0.000000 0.000000
0.000000 0.000000 0.000000 0.000000 0.000000 0.000000 0.000000 0.000000 0.000000 0.000000
0.000000 0.000000 0.000000 0.000000 0.000000 0.000000 0.000000 0.000000 0.000000 0.000000
0.000000 0.000000 0.000000 0.000000 0.000000 0.000000 0.000000 0.000000 0.000000 0.000000
0.000000 0.000000 0.000000 0.000000 0.000000 0.000000 0.000000 0.000000 0.000000 0.000000
0.000000 0.000000 0.000000 0.000000 0.000000 0.000000 0.000000 0.000000 0.000000 0.000000
0.000000 0.000000 0.000000 0.000000 0.000000 0.000000 0.000000 0.000000 0.000000 0.000000
0.000000 0.000000 0.000000 0.000000 0.000000 0.000000 0.000000 0.000000 0.000000 0.000000
0.000000 0.000000 0.000000 0.000000 0.000000 0.000000 0.000000 0.000000 0.000000 0.000000
0.000000 0.000000 0.000000 0.000000 0.000000 0.000000 0.000000 0.000000 0.000000 0.000000
0.000000 0.000000 0.000000 0.000000 0.000000 0.000000 0.000000 0.000000 0.000000 0.000000
0.000000 0.000000 0.000000 0.000000 0.000000 0.000000 0.000000 0.000000 0.000000 0.000000
0.000000 0.000000 0.000000 0.000000 0.000000 0.000000 0.000000 0.000000 0.000000 0.000000
0.000000 0.000000 0.000000 0.000000 0.000000 0.000000 0.000000 0.000000 0.000000 0.000000
0.000000 0.000000 0.000000 0.000000 0.000000 0.000000 0.000000 0.000000 0.000000 0.000000
0.000000 0.000000 0.000000 0.000000 0.000000 0.000000 0.000000 0.000000 0.000000 0.000000
0.000000 0.000000 0.000000 0.000000 0.000000 0.000000 0.000000 0.000000 0.000000 0.000000
0.000000 0.000000 0.000000 0.000000 0.000000 0.000000 0.000000 0.000000 0.000000 0.000000
0.000000 0.000000 0.000000 0.000000 0.000000 0.000000 0.000000 0.000000 0.000000 0.000000
0.000000 0.000000 0.000000 0.000000 0.000000 0.000000 0.000000 0.000000 0.000000 0.000000
0.000000 0.000000 0.000000 0.000000 0.000000 0.000000 0.000000 0.000000 0.000000 0.000000
0.000000 0.000000 0.000000 0.000000 0.000000 0.000000 0.000000 0.000000 0.000000 0.000000
0.000000 0.000000 0.000000 0.000000 0.000000 0.000000 0.000000 0.000000 0.000000 0.000000
0.000000 0.000000 0.000000 0.000000 0.000000 0.000000 0.000000 0.000000 0.000000 0.000000
0.000000 0.000000 0.000000 0.000000 0.000000 0.000000 0.000000 0.000000 0.000000 0.000000
0.000000 0.000000 0.000000 0.000000 0.000000 0.000000 0.000000 0.000000 0.000000 0.000000
0.000000 0.000000 0.000000 0.000000 0.000000 0.000000 0.000000 0.000000 0.000000 0.000000
0.000000 0.000000 0.000000 0.000000 0.000000 0.000000 0.000000 0.000000 0.000000 0.000000
0.000000 0.000000 0.000000 0.000000 0.000000 0.000000 0.000000 0.000000 0.000000 0.000000
0.000000 0.000000 0.000000 0.000000 0.000000 0.000000 0.000000 0.000000 0.000000 0.000000
0.000000 0.000000 0.000000 0.000000 0.000000 0.000000 0.000000 0.000000 0.000000 0.000000
0.000000 0.000000 0.000000 0.000000 0.000000 0.000000 0.000000 0.000000 0.000000 0.000000
0.000000 0.000000 0.000000 0.000000 0.000000 0.000000 0.000000 0.000000 0.000000 0.000000
0.000000 0.000000 0.000000 0.000000 0.000000 0.000000 0.000000 0.000000 0.000000 0.000000
0.000000 0.000000 0.000000 0.000000 0.000000 0.000000 0.000000 0.000000 0.000000 0.000000
0.000000 0.000000 0.000000 0.000000 0.000000 0.000000 0.000000 0.000000 0.000000 0.000000
0.000000 0.000000 0.000000 0.000000 0.000000 0.000000 0.000000 0.000000 0.000000 0.000000
0.000000 0.000000 0.000000 0.000000 0.000000 0.000000 0.000000 0.000000 0.000000 0.000000
0.000000 0.000000 0.000000 0.000000 0.000000 0.000000 0.000000 0.000000 0.000000 0.000000
0.000000 0.000000 0.000000 0.000000 0.000000 0.000000 0.000000 0.000000 0.000000 0.000000
0.000000 0.000000 0.000000 0.000000 0.000000 0.000000 0.000000 0.000000 0.000000 0.000000
0.000000 0.000000 0.000000 0.000000 0.000000 0.000000 0.000000 0.000000 0.000000 0.000000
0.000000 0.000000 0.000000 0.000000 0.000000 0.000000 0.000000 0.000000 0.000000 0.000000
0.000000 0.000000 0.000000 0.000000 0.000000 0.000000 0.000000 0.000000 0.000000 0.000000
0.000000 0.000000 0.000000 0.000000 0.000000 0.000000 0.000000 0.000000 0.000000 0.000000
0.000000 0.000000 0.000000 0.000000 0.000000 0.000000 0.000000 0.000000 0.000000 0.000000
0.000000 0.000000 0.000000 0.000000 0.000000 0.000000 0.000000 0.000000 0.000000 0.000000
0.000000 0.000000 0.000000 0.000000 0.000000 0.000000 0.000000 0.000000 0.000000 0.000000
0.000000 0.000000 0.000000 0.000000 0.000000 0.000000 0.000000 0.000000 0.000000 0.000000
0.000000 0.000000 0.000000 0.000000 0.000000 0.000000 0.000000 0.000000 0.000000 0.000000
0.000000 0.000000 0.000000 0.000000 0.000000 0.000000 0.000000 0.000000 0.000000 0.000000
0.000000 0.000000 0.000000 0.000000 0.000000 0.000000 0.000000 0.000000 0.000000 0.000000
0.000000 0.000000 0.000000 0.000000 0.000000 0.000000 0.000000 0.000000 0.000000 0.000000
0.000000 0.000000 0.000000 0.000000 0.000000 0.000000 0.000000 0.000000 0.000000 0.000000
0.000000 0.000000 0.000000 0.000000 0.000000 0.000000 0.000000 0.000000 0.000000 0.000000
0.000000 0.000000 0.000000 0.000000 0.000000 0.000000 0.000000 0.000000 0.000000 0.000000
0.000000 0.000000 0.000000 0.000000 0.000000 0.000000 0.000000 0.000000 0.000000 0.000000
0.000000 0.000000 0.000000 0.000000 0.000000 0.000000 0.000000 0.000000 0.000000 0.000000
0.000000 0.000000 0.000000 0.000000 0.000000 0.000000 0.000000 0.000000 0.000000 0.000000
0.000000 0.000000 0.000000 0.000000 0.000000 0.000000 0.000000 0.000000 0.000000 0.000000
0.000000 0.000000 0.000000 0.000000 0.000000 0.000000 0.000000 0.000000 0.000000 0.000000
0.000000 0.000000 0.000000 0.000000 0.000000 0.000000 0.000000 0.000000 0.000000 0.000000
0.000000 0.000000 0.000000 0.000000 0.000000 0.000000 0.000000 0.000000 0.000000 0.000000
0.000000 0.000000 0.000000 0.000000 0.000000 0.000000 0.000000 0.000000 0.000000 0.000000
0.000000 0.000000 0.000000 0.000000 0.000000 0.000000 0.000000 0.000000 0.000000 0.000000
0.000000 0.000000 0.000000 0.000000 0.000000 0.000000 0.000000 0.000000 0.000000 0.000000
0.000000 0.000000 0.000000 0.000000 0.000000 0.000000 0.000000 0.000000 0.000000 0.000000
0.000000 0.000000 0.000000 0.000000 0.000000 0.000000 0.000000 0.000000 0.000000 0.000000
0.000000 0.000000 0.000000 0.000000 0.000000 0.000000 0.000000 0.000000 0.000000 0.000000
0.000000 0.000000 0.000000 0.000000 0.000000 0.000000 0.000000 0.000000 0.000000 0.000000
0.000000 0.000000 0.000000 0.000000 0.000000 0.000000 0.000000 0.000000 0.000000 0.000000
0.000000 0.000000 0.000000 0.000000 0.000000 0.000000 0.000000 0.000000 0.000000 0.000000
0.000000 0.000000 0.000000 0.000000 0.000000 0.000000 0.000000 0.000000 0.000000 0.000000
0.000000 0.000000 0.000000 0.000000 0.000000 0.000000 0.000000 0.000000 0.000000 0.000000
0.000000 0.000000 0.000000 0.000000 0.000000 0.000000 0.000000 0.000000 0.000000 0.000000
0.000000 0.000000 0.000000 0.000000 0.000000 0.000000 0.000000 0.000000 0.000000 0.000000
0.000000 0.000000 0.000000 0.000000 0.000000 0.000000 0.000000 0.000000 0.000000 0.000000
0.000000 0.000000 0.000000 0.000000 0.000000 0.000000 0.000000 0.000000 0.000000 0.000000
0.000000 0.000000 0.000000 0.000000 0.000000 0.000000 0.000000 0.000000 0.000000 0.000000
0.000000 0.000000 0.000000 0.000000 0.000000 0.000000 0.000000 0.000000 0.000000 0.000000
0.000000 0.000000 0.000000 0.000000 0.000000 0.000000 0.000000 0.000000 0.000000 0.000000
0.000000 0.000000 0.000000 0.000000 0.000000 0.000000 0.000000 0.000000 0.000000 0.000000
0.000000 0.000000 0.000000 0.000000 0.000000 0.000000 0.000000 0.000000 0.000000 0.000000
0.000000 0.000000 0.000000 0.000000 0.000000 0.000000 0.000000 0.000000 0.000000 0.000000
0.000000 0.000000 0.000000 0.000000 0.000000 0.000000 0.000000 0.000000 0.000000 0.000000
0.000000 0.000000 0.000000 0.000000 0.000000 0.000000 0.000000 0.000000 0.000000 0.000000
0.000000 0.000000 0.000000 0.000000 0.000000 0.000000 0.000000 0.000000 0.000000 0.000000
0.000000 0.000000 0.000000 0.000000 0.000000 0.000000 0.000000 0.000000 0.000000 0.000000
0.000000 0.000000 0.000000 0.000000 0.000000 0.000000 0.000000 0.000000 0.000000 0.000000
0.000000 0.000000 0.000000 0.000000 0.000000 0.000000 0.000000 0.000000 0.000000 0.000000
0.000000 0.000000 0.000000 0.000000 0.000000 0.000000 0.000000 0.000000 0.000000 0.000000
0.000000 0.000000 0.000000 0.000000 0.000000 0.000000 0.000000 0.000000 0.000000 0.000000
0.000000 0.000000 0.000000 0.000000 0.000000 0.000000 0.000000 0.000000 0.000000 0.000000
0.000000 0.000000 0.000000 0.000000 0.000000 0.000000 0.000000 0.000000 0.000000 0.000000
0.000000 0.000000 0.000000 0.000000 0.000000 0.000000 0.000000 0.000000 0.000000 0.000000
0.000000 0.000000 0.000000 0.000000 0.000000 0.000000 0.000000 0.000000 0.000000 0.000000
0.000000 0.000000 0.000000 0.000000 0.000000 0.000000 0.000000 0.000000 0.000000 0.000000
0.000000 0.000000 0.000000 0.000000 0.000000 0.000000 0.000000 0.000000 0.000000 0.000000
0.000000 0.000000 0.000000 0.000000 0.000000 0.000000 0.000000 0.000000 0.000000 0.000000
0.000000 0.000000 0.000000 0.000000 0.000000 0.000000 0.000000 0.000000 0.000000 0.000000
0.000000 0.000000 0.000000 0.000000 0.000000 0.000000 0.000000 0.000000 0.000000 0.000000
0.000000 0.000000 0.000000 0.000000 0.000000 0.000000 0.000000 0.000000 0.000000 0.000000
0.000000 0.000000 0.000000 0.000000 0.000000 0.000000 0.000000 0.000000 0.000000 0.000000
0.000000 0.000000 0.000000 0.000000 0.000000 0.000000 0.000000 0.000000 0.000000 0.000000
0.000000 0.000000 0.000000 0.000000 0.000000 0.000000 0.000000 0.000000 0.000000 0.000000
0.000000 0.000000 0.000000 0.000000 0.000000 0.000000 0.000000 0.000000 0.000000 0.000000
0.000000 0.000000 0.000000 0.000000 0.000000 0.000000 0.000000 0.000000 0.000000 0.000000
0.000000 0.000000 0.000000 0.000000 0.000000 0.000000 0.000000 0.000000 0.000000 0.000000
0.000000 0.000000 0.000000 0.000000 0.000000 0.000000 0.000000 0.000000 0.000000 0.000000
0.000000 0.000000 0.000000 0.000000 0.000000 0.000000 0.000000 0.000000 0.000000 0.000000
0.000000 0.000000 0.000000 0.000000 0.000000 0.000000 0.000000 0.000000 0.000000 0.000000
0.000000 0.000000 0.000000 0.000000 0.000000 0.000000 0.000000 0.000000 0.000000 0.000000
0.000000 0.000000 0.000000 0.000000 0.000000 0.000000 0.000000 0.000000 0.000000 0.000000
0.000000 0.000000 0.000000 0.000000 0.000000 0.000000 0.000000 0.000000 0.000000 0.000000
0.000000 0.000000 0.000000 0.000000 0.000000 0.000000 0.000000 0.000000 0.000000 0.000000
0.000000 0.000000 0.000000 0.000000 0.000000 0.000000 0.000000 0.000000 0.000000 0.000000
0.000000 0.000000 0.000000 0.000000 0.000000 0.000000 0.000000 0.000000 0.000000 0.000000
0.000000 0.000000 0.000000 0.000000 0.000000 0.000000 0.000000 0.000000 0.000000 0.000000
0.000000 0.000000 0.000000 0.000000 0.000000 0.000000 0.000000 0.000000 0.000000 0.000000
0.000000 0.000000 0.000000 0.000000 0.000000 0.000000 0.000000 0.000000 0.000000 0.000000
0.000000 0.000000 0.000000 0.000000 0.000000 0.000000 0.000000 0.000000 0.000000 0.000000
0.000000 0.000000 0.000000 0.000000 0.000000 0.000000 0.000000 0.000000 0.000000 0.000000
0.000000 0.000000 0.000000 0.000000 0.000000 0.000000 0.000000 0.000000 0.000000 0.000000
0.000000 0.000000 0.000000 0.000000 0.000000 0.000000 0.000000 0.000000 0.000000 0.000000
0.000000 0.000000 0.000000 0.000000 0.000000 0.000000 0.000000 0.000000 0.000000 0.000000
0.000000 0.000000 0.000000 0.000000 0.000000 0.000000 0.000000 0.000000 0.000000 0.000000
0.000000 0.000000 0.000000 0.000000 0.000000 0.000000 0.000000 0.000000 0.000000 0.000000
0.000000 0.000000 0.000000 0.000000 0.000000 0.000000 0.000000 0.000000 0.000000 0.000000
0.000000 0.000000 0.000000 0.000000 0.000000 0.000000 0.000000 0.000000 0.000000 0.000000
0.000000 0.000000 0.000000 0.000000 0.000000 0.000000 0.000000 0.000000 0.000000 0.000000
0.000000 0.000000 0.000000 0.000000 0.000000 0.000000 0.000000 0.000000 0.000000 0.000000
0.000000 0.000000 0.000000 0.000000 0.000000 0.000000 0.000000 0.000000 0.000000 0.000000
0.000000 0.000000 0.000000 0.000000 0.000000 0.000000 0.000000 0.000000 0.000000 0.000000
0.000000 0.000000 0.000000 0.000000 0.000000 0.000000 0.000000 0.000000 0.000000 0.000000
0.000000 0.000000 0.000000 0.000000 0.000000 0.000000 0.000000 0.000000 0.000000 0.000000
0.000000 0.000000 0.000000 0.000000 0.000000 0.000000 0.000000 0.000000 0.000000 0.000000
0.000000 0.000000 0.000000 0.000000 0.000000 0.000000 0.000000 0.000000 0.000000 0.000000
0.000000 0.000000 0.000000 0.000000 0.000000 0.000000 0.000000 0.000000 0.000000 0.000000
0.000000 0.000000 0.000000 0.000000 0.000000 0.000000 0.000000 0.000000 0.000000 0.000000
0.000000 0.000000 0.000000 0.000000 0.000000 0.000000 0.000000 0.000000 0.000000 0.000000
0.000000 0.000000 0.000000 0.000000 0.000000 0.000000 0.000000 0.000000 0.000000 0.000000
0.000000 0.000000 0.000000 0.000000 0.000000 0.000000 0.000000 0.000000 0.000000 0.000000
0.000000 0.000000 0.000000 0.000000 0.000000 0.000000 0.000000 0.000000 0.000000 0.000000
0.000000 0.000000 0.000000 0.000000 0.000000 0.000000 0.000000 0.000000 0.000000 0.000000
0.000000 0.000000 0.000000 0.000000 0.000000 0.000000 0.000000 0.000000 0.000000 0.000000
0.000000 0.000000 0.000000 0.000000 0.000000 0.000000 0.000000 0.000000 0.000000 0.000000
0.000000 0.000000 0.000000 0.000000 0.000000 0.000000 0.000000 0.000000 0.000000 0.000000
0.000000 0.000000 0.000000 0.000000 0.000000 0.000000 0.000000 0.000000 0.000000 0.000000
0.000000 0.000000 0.000000 0.000000 0.000000 0.000000 0.000000 0.000000 0.000000 0.000000
0.000000 0.000000 0.000000 0.000000 0.000000 0.000000 0.000000 0.000000 0.000000 0.000000
0.000000 0.000000 0.000000 0.000000 0.000000 0.000000 0.000000 0.000000 0.000000 0.000000
0.000000 0.000000 0.000000 0.000000 0.000000 0.000000 0.000000 0.000000 0.000000 0.000000
0.000000 0.000000 0.000000 0.000000 0.000000 0.000000 0.000000 0.000000 0.000000 0.000000
0.000000 0.000000 0.000000 0.000000 0.000000 0.000000 0.000000 0.000000 0.000000 0.000000
0.000000 0.000000 0.000000 0.000000 0.000000 0.000000 0.000000 0.000000 0.000000 0.000000
0.000000 0.000000 0.000000 0.000000 0.000000 0.000000 0.000000 0.000000 0.000000 0.000000
0.000000 0.000000 0.000000 0.000000 0.000000 0.000000 0.000000 0.000000 0.000000 0.000000
0.000000 0.000000 0.000000 0.000000 0.000000 0.000000 0.000000 0.000000 0.000000 0.000000
0.000000 0.000000 0.000000 0.000000 0.000000 0.000000 0.000000 0.000000 0.000000 0.000000
0.000000 0.000000 0.000000 0.000000 0.000000 0.000000 0.000000 0.000000 0.000000 0.000000
0.000000 0.000000 0.000000 0.000000 0.000000 0.000000 0.000000 0.000000 0.000000 0.000000
0.000000 0.000000 0.000000 0.000000 0.000000 0.000000 0.000000 0.000000 0.000000 0.000000
0.000000 0.000000 0.000000 0.000000 0.000000 0.000000 0.000000 0.000000 0.000000 0.000000
0.000000 0.000000 0.000000 0.000000 0.000000 0.000000 0.000000 0.000000 0.000000 0.000000
0.000000 0.000000 0.000000 0.000000 0.000000 0.000000 0.000000 0.000000 0.000000 0.000000
0.000000 0.000000 0.000000 0.000000 0.000000 0.000000 0.000000 0.000000 0.000000 0.000000
0.000000 0.000000 0.000000 0.000000 0.000000 0.000000 0.000000 0.000000 0.000000 0.000000
0.000000 0.000000 0.000000 0.000000 0.000000 0.000000 0.000000 0.000000 0.000000 0.000000
0.000000 0.000000 0.000000 0.000000 0.000000 0.000000 0.000000 0.000000 0.000000 0.000000
0.000000 0.000000 0.000000 0.000000 0.000000 0.000000 0.000000 0.000000 0.000000 0.000000
0.000000 0.000000 0.000000 0.000000 0.000000 0.000000 0.000000 0.000000 0.000000 0.000000
