ID_Recinto Hora Dia Mes Temperatura_exterior Temperatura_operativa_free_float Temperatura_operativa_con_clima Demanda Sol G_HU G_DHU x_int_aire 
2.00 1.00 1.00 1.00 15.57 28.67 27.34 0.00 0.00 0.00 0.00
2.00 2.00 1.00 1.00 15.24 26.70 25.53 0.00 0.00 0.00 0.00
2.00 3.00 1.00 1.00 15.03 25.05 24.02 0.00 0.00 0.00 0.00
2.00 4.00 1.00 1.00 14.93 23.65 22.74 0.00 0.00 0.00 -0.00
2.00 5.00 1.00 1.00 14.67 22.34 21.53 0.00 0.00 0.00 -0.00
2.00 6.00 1.00 1.00 14.23 21.05 20.34 0.00 0.00 0.00 -0.00
2.00 7.00 1.00 1.00 14.09 20.06 19.43 0.00 74.06 0.00 -0.00
2.00 8.00 1.00 1.00 14.97 23.41 23.02 0.00 7604.90 0.00 0.00
2.00 9.00 1.00 1.00 17.18 26.91 26.59 0.00 18358.79 0.00 0.00
2.00 10.00 1.00 1.00 19.91 31.08 26.78 -14091.46 29358.87 0.00 -2678.98
2.00 11.00 1.00 1.00 22.53 34.97 26.78 -26548.32 37780.45 0.00 -7707.07
2.00 12.00 1.00 1.00 24.66 37.20 26.78 -32934.56 38328.45 0.00 -8488.48
2.00 13.00 1.00 1.00 26.29 39.28 26.78 -39053.07 40111.40 0.00 -8299.57
2.00 14.00 1.00 1.00 27.34 40.06 26.78 -40614.27 37062.42 0.00 -9737.70
2.00 15.00 1.00 1.00 27.70 49.79 33.60 -50000.00 85544.05 0.00 -2910.51
2.00 16.00 1.00 1.00 27.41 64.44 47.84 -50000.00 158004.69 0.00 0.00
2.00 17.00 1.00 1.00 26.88 76.35 59.52 -50000.00 211447.56 3540.90 0.00
2.00 18.00 1.00 1.00 25.64 84.27 67.26 -50000.00 244578.95 13193.25 0.00
2.00 19.00 1.00 1.00 23.76 107.94 103.27 0.00 237092.99 0.00 0.00
2.00 20.00 1.00 1.00 21.05 96.64 93.85 0.00 178700.48 0.00 0.00
2.00 21.00 1.00 1.00 19.11 46.77 44.50 0.00 0.00 0.00 -0.00
2.00 22.00 1.00 1.00 17.93 38.77 36.80 0.00 0.00 0.00 -0.00
2.00 23.00 1.00 1.00 17.19 35.01 33.28 0.00 0.00 0.00 0.00
2.00 24.00 1.00 1.00 16.56 32.19 30.67 0.00 0.00 0.00 0.00
2.00 1.00 2.00 1.00 15.92 29.74 28.40 0.00 0.00 0.00 0.00
2.00 2.00 2.00 1.00 15.61 27.72 26.54 0.00 0.00 0.00 0.00
2.00 3.00 2.00 1.00 15.51 26.05 25.01 0.00 0.00 0.00 0.00
2.00 4.00 2.00 1.00 15.36 24.57 23.65 0.00 0.00 0.00 -0.00
2.00 5.00 2.00 1.00 15.16 23.23 22.41 0.00 0.00 0.00 -0.00
2.00 6.00 2.00 1.00 14.75 21.91 21.20 0.00 0.00 0.00 -0.00
2.00 7.00 2.00 1.00 14.72 20.94 20.30 0.00 74.06 0.00 -0.00
2.00 8.00 2.00 1.00 15.94 24.43 24.04 0.00 7604.90 0.00 0.00
2.00 9.00 2.00 1.00 18.19 27.95 26.78 -2969.72 18358.79 0.00 0.00
2.00 10.00 2.00 1.00 20.52 31.86 26.78 -16515.16 29358.87 0.00 -2969.62
2.00 11.00 2.00 1.00 23.31 35.83 26.78 -29237.27 37780.45 0.00 -10018.74
2.00 12.00 2.00 1.00 25.42 38.04 26.78 -35488.84 38328.45 0.00 -10708.65
2.00 13.00 2.00 1.00 26.77 39.91 26.78 -40866.57 40111.40 0.00 -11045.28
2.00 14.00 2.00 1.00 27.64 40.53 26.78 -41902.25 37062.42 0.00 -11359.67
2.00 15.00 2.00 1.00 27.92 50.18 33.90 -50000.00 85544.05 0.00 -4370.35
2.00 16.00 2.00 1.00 27.86 64.97 48.30 -50000.00 158004.69 0.00 0.00
2.00 17.00 2.00 1.00 27.23 76.80 59.92 -50000.00 211447.56 3237.80 0.00
2.00 18.00 2.00 1.00 26.00 84.71 67.66 -50000.00 244578.95 13600.11 0.00
2.00 19.00 2.00 1.00 24.09 108.38 103.65 0.00 237092.99 0.00 0.00
2.00 20.00 2.00 1.00 21.39 97.08 94.24 0.00 178700.48 0.00 0.00
2.00 21.00 2.00 1.00 19.04 46.98 44.66 0.00 0.00 0.00 -0.00
2.00 22.00 2.00 1.00 17.93 38.97 36.96 0.00 0.00 0.00 -0.00
2.00 23.00 2.00 1.00 17.27 35.23 33.46 0.00 0.00 0.00 0.00
2.00 24.00 2.00 1.00 16.36 32.24 30.69 0.00 0.00 0.00 0.00
2.00 1.00 3.00 1.00 15.91 29.85 28.48 0.00 0.00 0.00 0.00
2.00 2.00 3.00 1.00 15.35 27.69 26.48 0.00 0.00 0.00 0.00
2.00 3.00 3.00 1.00 14.80 25.74 24.68 0.00 0.00 0.00 0.00
2.00 4.00 3.00 1.00 14.34 24.02 23.08 0.00 0.00 0.00 -0.00
2.00 5.00 3.00 1.00 14.04 22.55 21.72 0.00 0.00 0.00 -0.00
2.00 6.00 3.00 1.00 13.53 21.13 20.39 0.00 0.00 0.00 -0.00
2.00 7.00 3.00 1.00 13.49 20.08 19.44 0.00 74.06 0.00 -0.00
2.00 8.00 3.00 1.00 14.59 28.28 27.71 0.00 7604.90 0.00 0.00
2.00 9.00 3.00 1.00 17.17 33.43 32.92 0.00 18358.79 0.00 0.00
2.00 10.00 3.00 1.00 19.80 38.68 38.23 0.00 29358.87 0.00 0.00
2.00 11.00 3.00 1.00 22.30 43.47 43.07 0.00 37780.45 0.00 0.00
2.00 12.00 3.00 1.00 24.59 46.17 45.82 0.00 38328.45 0.00 0.00
2.00 13.00 3.00 1.00 26.37 48.76 48.45 0.00 40111.40 0.00 0.00
2.00 14.00 3.00 1.00 27.51 49.66 49.39 0.00 37062.42 0.00 0.00
2.00 15.00 3.00 1.00 28.06 64.17 63.93 0.00 85544.05 0.00 0.00
2.00 16.00 3.00 1.00 27.93 87.12 86.91 0.00 158004.69 0.00 0.00
2.00 17.00 3.00 1.00 27.17 106.63 106.44 0.00 211447.56 0.00 -0.00
2.00 18.00 3.00 1.00 25.96 120.71 120.54 0.00 244578.95 0.00 -0.00
2.00 19.00 3.00 1.00 24.30 116.58 116.43 0.00 237092.99 0.00 -0.00
2.00 20.00 3.00 1.00 21.68 101.34 101.20 0.00 178700.48 0.00 0.00
2.00 21.00 3.00 1.00 19.49 50.44 50.33 0.00 0.00 0.00 -0.00
2.00 22.00 3.00 1.00 18.13 41.88 41.78 0.00 0.00 0.00 -0.00
2.00 23.00 3.00 1.00 17.28 37.70 37.60 0.00 0.00 0.00 0.00
2.00 24.00 3.00 1.00 16.62 34.54 34.46 0.00 0.00 0.00 0.00
2.00 1.00 4.00 1.00 16.04 31.84 31.77 0.00 0.00 0.00 0.00
2.00 2.00 4.00 1.00 15.59 29.51 29.44 0.00 0.00 0.00 0.00
2.00 3.00 4.00 1.00 15.33 27.53 27.47 0.00 0.00 0.00 0.00
2.00 4.00 4.00 1.00 14.93 25.71 25.66 0.00 0.00 0.00 0.00
2.00 5.00 4.00 1.00 14.71 24.16 24.11 0.00 0.00 0.00 0.00
2.00 6.00 4.00 1.00 14.24 22.65 22.61 0.00 0.00 0.00 -0.00
2.00 7.00 4.00 1.00 14.41 21.63 21.60 0.00 74.06 0.00 -0.00
2.00 8.00 4.00 1.00 15.72 29.88 29.85 0.00 7604.90 0.00 0.00
2.00 9.00 4.00 1.00 18.20 34.93 34.90 0.00 18358.79 0.00 0.00
2.00 10.00 4.00 1.00 20.91 40.16 40.14 0.00 29358.87 0.00 0.00
2.00 11.00 4.00 1.00 23.03 44.71 44.69 0.00 37780.45 0.00 0.00
2.00 12.00 4.00 1.00 24.92 47.12 47.10 0.00 38328.45 0.00 0.00
2.00 13.00 4.00 1.00 26.54 49.53 49.51 0.00 40111.40 0.00 0.00
2.00 14.00 4.00 1.00 27.62 50.32 50.31 0.00 37062.42 0.00 0.00
2.00 15.00 4.00 1.00 27.95 64.64 64.63 0.00 85544.05 0.00 0.00
2.00 16.00 4.00 1.00 27.92 87.58 87.56 0.00 158004.69 0.00 0.00
2.00 17.00 4.00 1.00 27.27 107.09 107.08 0.00 211447.56 0.00 -0.00
2.00 18.00 4.00 1.00 26.10 121.15 121.14 0.00 244578.95 0.00 -0.00
2.00 19.00 4.00 1.00 24.09 116.79 116.78 0.00 237092.99 0.00 -0.00
2.00 20.00 4.00 1.00 21.39 101.45 101.44 0.00 178700.48 0.00 0.00
2.00 21.00 4.00 1.00 19.26 50.54 50.53 0.00 0.00 0.00 -0.00
2.00 22.00 4.00 1.00 18.04 42.01 42.01 0.00 0.00 0.00 -0.00
2.00 23.00 4.00 1.00 17.33 37.88 37.87 0.00 0.00 0.00 0.00
2.00 24.00 4.00 1.00 16.81 34.79 34.78 0.00 0.00 0.00 0.00
2.00 1.00 5.00 1.00 16.30 32.13 32.13 0.00 0.00 0.00 0.00
2.00 2.00 5.00 1.00 15.93 29.84 29.84 0.00 0.00 0.00 0.00
2.00 3.00 5.00 1.00 15.62 27.84 27.84 0.00 0.00 0.00 0.00
2.00 4.00 5.00 1.00 15.29 26.06 26.06 0.00 0.00 0.00 0.00
2.00 5.00 5.00 1.00 15.07 24.52 24.51 0.00 0.00 0.00 0.00
2.00 6.00 5.00 1.00 14.81 23.12 23.12 0.00 0.00 0.00 -0.00
2.00 7.00 5.00 1.00 14.87 22.06 22.06 0.00 74.06 0.00 -0.00
2.00 8.00 5.00 1.00 15.84 25.00 25.00 0.00 7604.90 0.00 0.00
2.00 9.00 5.00 1.00 17.74 28.18 26.78 -4892.14 18358.79 0.00 0.00
2.00 10.00 5.00 1.00 20.44 32.24 26.78 -18655.16 29358.87 0.00 -3543.67
2.00 11.00 5.00 1.00 22.69 35.78 26.78 -29670.55 37780.45 0.00 -8223.86
2.00 12.00 5.00 1.00 24.66 37.81 26.78 -35280.64 38328.45 0.00 -8872.36
2.00 13.00 5.00 1.00 26.17 39.72 26.78 -40766.01 40111.40 0.00 -8455.27
2.00 14.00 5.00 1.00 27.09 40.33 26.78 -41693.44 37062.42 0.00 -10033.43
2.00 15.00 5.00 1.00 27.17 49.79 33.64 -50000.00 85544.05 0.00 -3754.33
2.00 16.00 5.00 1.00 26.96 64.42 47.87 -50000.00 158004.69 0.00 0.00
2.00 17.00 5.00 1.00 26.24 76.14 59.36 -50000.00 211447.56 2949.75 0.00
2.00 18.00 5.00 1.00 24.82 83.88 66.91 -50000.00 244578.95 12252.02 0.00
2.00 19.00 5.00 1.00 22.79 107.56 102.93 0.00 237092.99 0.00 0.00
2.00 20.00 5.00 1.00 20.00 96.16 93.42 0.00 178700.48 0.00 0.00
2.00 21.00 5.00 1.00 18.08 46.23 44.00 0.00 0.00 0.00 -0.00
2.00 22.00 5.00 1.00 16.84 38.14 36.21 0.00 0.00 0.00 -0.00
2.00 23.00 5.00 1.00 16.13 34.34 32.64 0.00 0.00 0.00 0.00
2.00 24.00 5.00 1.00 15.33 31.38 29.89 0.00 0.00 0.00 0.00
2.00 1.00 6.00 1.00 14.89 28.98 27.67 0.00 0.00 0.00 0.00
2.00 2.00 6.00 1.00 14.77 27.04 25.88 0.00 0.00 0.00 0.00
2.00 3.00 6.00 1.00 14.45 25.24 24.22 0.00 0.00 0.00 0.00
2.00 4.00 6.00 1.00 14.20 23.66 22.76 0.00 0.00 0.00 0.00
2.00 5.00 6.00 1.00 14.24 22.42 21.63 0.00 0.00 0.00 -0.00
2.00 6.00 6.00 1.00 14.16 21.28 20.58 0.00 0.00 0.00 -0.00
2.00 7.00 6.00 1.00 14.39 20.47 19.85 0.00 74.06 0.00 -0.00
2.00 8.00 6.00 1.00 15.61 24.02 23.64 0.00 7604.90 0.00 0.00
2.00 9.00 6.00 1.00 17.94 27.62 26.78 -1820.54 18358.79 0.00 0.00
2.00 10.00 6.00 1.00 20.07 31.39 26.78 -15021.89 29358.87 0.00 -3039.46
2.00 11.00 6.00 1.00 22.24 34.93 26.78 -26278.26 37780.45 0.00 -7918.15
2.00 12.00 6.00 1.00 24.74 37.38 26.78 -33507.10 38328.45 0.00 -10966.93
2.00 13.00 6.00 1.00 26.65 39.64 26.78 -40245.92 40111.40 0.00 -9405.66
2.00 14.00 6.00 1.00 27.51 40.30 26.78 -41305.65 37062.42 0.00 -10353.39
2.00 15.00 6.00 1.00 27.68 49.89 33.66 -50000.00 85544.05 0.00 -2296.00
2.00 16.00 6.00 1.00 27.38 64.51 47.89 -50000.00 158004.69 0.00 0.00
2.00 17.00 6.00 1.00 26.60 76.23 59.39 -50000.00 211447.56 1077.95 0.00
2.00 18.00 6.00 1.00 25.49 84.22 67.19 -50000.00 244578.95 11874.96 0.00
2.00 19.00 6.00 1.00 23.45 107.82 103.13 0.00 237092.99 0.00 0.00
2.00 20.00 6.00 1.00 20.66 96.45 93.65 0.00 178700.48 0.00 0.00
2.00 21.00 6.00 1.00 18.45 46.41 44.12 0.00 0.00 0.00 -0.00
2.00 22.00 6.00 1.00 17.16 38.30 36.32 0.00 0.00 0.00 -0.00
2.00 23.00 6.00 1.00 15.99 34.27 32.53 0.00 0.00 0.00 0.00
2.00 24.00 6.00 1.00 15.55 31.48 29.95 0.00 0.00 0.00 0.00
2.00 1.00 7.00 1.00 15.11 29.10 27.75 0.00 0.00 0.00 0.00
2.00 2.00 7.00 1.00 15.03 27.20 26.01 0.00 0.00 0.00 0.00
2.00 3.00 7.00 1.00 14.92 25.52 24.47 0.00 0.00 0.00 0.00
2.00 4.00 7.00 1.00 14.91 24.11 23.19 0.00 0.00 0.00 -0.00
2.00 5.00 7.00 1.00 14.95 22.91 22.09 0.00 0.00 0.00 -0.00
2.00 6.00 7.00 1.00 14.89 21.81 21.09 0.00 0.00 0.00 -0.00
2.00 7.00 7.00 1.00 15.17 21.05 20.41 0.00 74.06 0.00 -0.00
2.00 8.00 7.00 1.00 16.04 24.44 24.05 0.00 7604.90 0.00 0.00
2.00 9.00 7.00 1.00 17.76 27.61 26.78 -1765.53 18358.79 0.00 0.00
2.00 10.00 7.00 1.00 20.40 31.70 26.78 -16057.23 29358.87 0.00 -5580.79
2.00 11.00 7.00 1.00 22.93 35.50 26.78 -28167.79 37780.45 0.00 -13204.07
2.00 12.00 7.00 1.00 24.94 37.63 26.78 -34179.84 38328.45 0.00 -13718.02
2.00 13.00 7.00 1.00 26.41 39.57 26.78 -39848.46 40111.40 0.00 -17180.33
2.00 14.00 7.00 1.00 27.39 40.27 26.78 -41167.83 37062.42 0.00 -10499.34
2.00 15.00 7.00 1.00 27.77 50.00 33.76 -50000.00 85544.05 0.00 -10029.28
2.00 16.00 7.00 1.00 27.51 64.65 48.01 -50000.00 158004.69 0.00 0.00
2.00 17.00 7.00 1.00 26.78 76.41 59.55 -50000.00 211447.56 1606.57 0.00
2.00 18.00 7.00 1.00 25.43 84.22 67.19 -50000.00 244578.95 11518.12 0.00
2.00 19.00 7.00 1.00 23.70 108.01 103.30 0.00 237092.99 0.00 0.00
2.00 20.00 7.00 1.00 21.11 96.77 93.95 0.00 178700.48 0.00 0.00
2.00 21.00 7.00 1.00 19.26 46.95 44.65 0.00 0.00 0.00 -0.00
2.00 22.00 7.00 1.00 18.04 38.93 36.94 0.00 0.00 0.00 -0.00
2.00 23.00 7.00 1.00 17.11 35.06 33.31 0.00 0.00 0.00 0.00
2.00 24.00 7.00 1.00 16.36 32.15 30.61 0.00 0.00 0.00 0.00
2.00 1.00 1.00 1.00 16.01 29.84 28.48 0.00 0.00 0.00 0.00
2.00 2.00 1.00 1.00 15.90 27.93 26.74 0.00 0.00 0.00 0.00
2.00 3.00 1.00 1.00 15.78 26.27 25.21 0.00 0.00 0.00 0.00
2.00 4.00 1.00 1.00 15.57 24.76 23.83 0.00 0.00 0.00 -0.00
2.00 5.00 1.00 1.00 15.35 23.41 22.59 0.00 0.00 0.00 -0.00
2.00 6.00 1.00 1.00 15.07 22.17 21.44 0.00 0.00 0.00 -0.00
2.00 7.00 1.00 1.00 15.31 21.36 20.71 0.00 74.06 0.00 -0.00
2.00 8.00 1.00 1.00 16.40 24.83 24.44 0.00 7604.90 0.00 0.00
2.00 9.00 1.00 1.00 18.59 28.33 26.78 -4264.62 18358.79 0.00 0.00
2.00 10.00 1.00 1.00 20.92 32.23 26.78 -17686.72 29358.87 0.00 -7789.50
2.00 11.00 1.00 1.00 23.39 35.98 26.78 -29619.85 37780.45 0.00 -13732.15
2.00 12.00 1.00 1.00 25.25 38.00 26.78 -35239.79 38328.45 0.00 -13848.84
2.00 13.00 1.00 1.00 26.87 40.04 26.78 -41250.03 40111.40 0.00 -12546.81
2.00 14.00 1.00 1.00 27.68 40.62 26.78 -42123.71 37062.42 0.00 -12078.39
2.00 15.00 1.00 1.00 28.00 50.29 33.98 -50000.00 85544.05 0.00 -7557.11
2.00 16.00 1.00 1.00 27.69 64.90 48.21 -50000.00 158004.69 0.00 0.00
2.00 17.00 1.00 1.00 26.97 76.65 59.76 -50000.00 211447.56 3149.15 0.00
2.00 18.00 1.00 1.00 25.51 84.39 67.32 -50000.00 244578.95 13589.37 0.00
2.00 19.00 1.00 1.00 23.76 108.17 103.42 0.00 237092.99 0.00 0.00
2.00 20.00 1.00 1.00 21.06 96.86 94.00 0.00 178700.48 0.00 0.00
2.00 21.00 1.00 1.00 19.18 47.01 44.67 0.00 0.00 0.00 -0.00
2.00 22.00 1.00 1.00 17.78 38.87 36.84 0.00 0.00 0.00 -0.00
2.00 23.00 1.00 1.00 16.94 35.01 33.24 0.00 0.00 0.00 0.00
2.00 24.00 1.00 1.00 16.21 32.11 30.54 0.00 0.00 0.00 0.00
2.00 1.00 2.00 1.00 15.81 29.75 28.37 0.00 0.00 0.00 0.00
2.00 2.00 2.00 1.00 15.47 27.70 26.49 0.00 0.00 0.00 0.00
2.00 3.00 2.00 1.00 15.25 25.95 24.88 0.00 0.00 0.00 0.00
2.00 4.00 2.00 1.00 14.96 24.37 23.43 0.00 0.00 0.00 0.00
2.00 5.00 2.00 1.00 14.98 23.12 22.29 0.00 0.00 0.00 -0.00
2.00 6.00 2.00 1.00 14.78 21.92 21.18 0.00 0.00 0.00 -0.00
2.00 7.00 2.00 1.00 15.28 21.25 20.60 0.00 74.06 0.00 -0.00
2.00 8.00 2.00 1.00 16.50 24.85 24.46 0.00 7604.90 0.00 0.00
2.00 9.00 2.00 1.00 18.64 28.32 26.78 -4233.33 18358.79 0.00 0.00
2.00 10.00 2.00 1.00 21.01 32.26 26.78 -17782.94 29358.87 0.00 -7528.27
2.00 11.00 2.00 1.00 23.11 35.76 26.78 -28833.33 37780.45 0.00 -12124.84
2.00 12.00 2.00 1.00 25.50 38.14 26.78 -35770.73 38328.45 0.00 -13740.25
2.00 13.00 2.00 1.00 27.33 40.34 26.78 -42285.95 40111.40 0.00 -12586.63
2.00 14.00 2.00 1.00 28.37 41.12 26.78 -43767.07 37062.42 0.00 -13387.62
2.00 15.00 2.00 1.00 28.96 51.00 34.64 -50000.00 85544.05 0.00 -6486.95
2.00 16.00 2.00 1.00 28.82 65.77 49.07 -50000.00 158004.69 0.00 0.00
2.00 17.00 2.00 1.00 28.07 77.54 60.64 -50000.00 211447.56 2370.06 0.00
2.00 18.00 2.00 1.00 27.18 85.71 68.63 -50000.00 244578.95 14353.92 0.00
2.00 19.00 2.00 1.00 25.36 109.39 104.63 0.00 237092.99 0.00 0.00
2.00 20.00 2.00 1.00 22.64 98.11 95.24 0.00 178700.48 0.00 0.00
2.00 21.00 2.00 1.00 20.54 48.17 45.83 0.00 0.00 0.00 -0.00
2.00 22.00 2.00 1.00 19.41 40.20 38.16 0.00 0.00 0.00 -0.00
2.00 23.00 2.00 1.00 18.98 36.61 34.83 0.00 0.00 0.00 0.00
2.00 24.00 2.00 1.00 18.37 33.84 32.27 0.00 0.00 0.00 0.00
2.00 1.00 3.00 1.00 18.02 31.57 30.18 0.00 0.00 0.00 0.00
2.00 2.00 3.00 1.00 17.77 29.63 28.41 0.00 0.00 0.00 0.00
2.00 3.00 3.00 1.00 17.67 27.99 26.92 0.00 0.00 0.00 0.00
2.00 4.00 3.00 1.00 17.51 26.53 25.58 0.00 0.00 0.00 0.00
2.00 5.00 3.00 1.00 17.25 25.18 24.35 0.00 0.00 0.00 -0.00
2.00 6.00 3.00 1.00 17.13 24.04 23.30 0.00 0.00 0.00 -0.00
2.00 7.00 3.00 1.00 17.45 23.30 22.65 0.00 74.06 0.00 -0.00
2.00 8.00 3.00 1.00 17.92 31.26 30.68 0.00 7604.90 0.00 0.00
2.00 9.00 3.00 1.00 18.54 35.36 34.85 0.00 18358.79 0.00 0.00
2.00 10.00 3.00 1.00 21.69 40.76 40.31 0.00 29358.87 0.00 0.00
2.00 11.00 3.00 1.00 24.26 45.57 45.17 0.00 37780.45 0.00 0.00
2.00 12.00 3.00 1.00 26.31 48.12 47.76 0.00 38328.45 0.00 0.00
2.00 13.00 3.00 1.00 27.79 50.50 50.19 0.00 40111.40 0.00 0.00
2.00 14.00 3.00 1.00 28.63 51.19 50.92 0.00 37062.42 0.00 0.00
2.00 15.00 3.00 1.00 28.77 65.41 65.17 0.00 85544.05 0.00 0.00
2.00 16.00 3.00 1.00 28.44 88.17 87.96 0.00 158004.69 0.00 0.00
2.00 17.00 3.00 1.00 27.21 107.35 107.15 0.00 211447.56 0.00 -0.00
2.00 18.00 3.00 1.00 25.63 121.12 120.95 0.00 244578.95 0.00 -0.00
2.00 19.00 3.00 1.00 23.97 116.88 116.73 0.00 237092.99 0.00 -0.00
2.00 20.00 3.00 1.00 20.87 101.29 101.16 0.00 178700.48 0.00 0.00
2.00 21.00 3.00 1.00 18.75 50.33 50.21 0.00 0.00 0.00 -0.00
2.00 22.00 3.00 1.00 17.34 41.66 41.55 0.00 0.00 0.00 -0.00
2.00 23.00 3.00 1.00 15.97 37.11 37.02 0.00 0.00 0.00 0.00
2.00 24.00 3.00 1.00 15.64 34.03 33.94 0.00 0.00 0.00 0.00
2.00 1.00 4.00 1.00 15.62 31.59 31.51 0.00 0.00 0.00 0.00
2.00 2.00 4.00 1.00 15.61 29.50 29.43 0.00 0.00 0.00 0.00
2.00 3.00 4.00 1.00 15.86 27.82 27.76 0.00 0.00 0.00 0.00
2.00 4.00 4.00 1.00 15.92 26.30 26.25 0.00 0.00 0.00 0.00
2.00 5.00 4.00 1.00 16.14 25.06 25.01 0.00 0.00 0.00 0.00
2.00 6.00 4.00 1.00 15.95 23.79 23.75 0.00 0.00 0.00 0.00
2.00 7.00 4.00 1.00 16.13 22.86 22.83 0.00 74.06 0.00 -0.00
2.00 8.00 4.00 1.00 16.78 30.81 30.78 0.00 7604.90 0.00 0.00
2.00 9.00 4.00 1.00 18.56 35.47 35.45 0.00 18358.79 0.00 0.00
2.00 10.00 4.00 1.00 20.30 40.14 40.11 0.00 29358.87 0.00 0.00
2.00 11.00 4.00 1.00 22.56 44.65 44.63 0.00 37780.45 0.00 0.00
2.00 12.00 4.00 1.00 24.74 47.17 47.15 0.00 38328.45 0.00 0.00
2.00 13.00 4.00 1.00 26.44 49.60 49.58 0.00 40111.40 0.00 0.00
2.00 14.00 4.00 1.00 27.66 50.45 50.44 0.00 37062.42 0.00 0.00
2.00 15.00 4.00 1.00 27.87 64.70 64.69 0.00 85544.05 0.00 0.00
2.00 16.00 4.00 1.00 27.62 87.49 87.48 0.00 158004.69 0.00 0.00
2.00 17.00 4.00 1.00 27.17 107.08 107.07 0.00 211447.56 0.00 -0.00
2.00 18.00 4.00 1.00 26.02 121.14 121.13 0.00 244578.95 0.00 -0.00
2.00 19.00 4.00 1.00 23.90 116.72 116.71 0.00 237092.99 0.00 -0.00
2.00 20.00 4.00 1.00 21.06 101.28 101.28 0.00 178700.48 0.00 0.00
2.00 21.00 4.00 1.00 18.93 50.35 50.34 0.00 0.00 0.00 -0.00
2.00 22.00 4.00 1.00 17.89 41.90 41.90 0.00 0.00 0.00 -0.00
2.00 23.00 4.00 1.00 17.25 37.81 37.80 0.00 0.00 0.00 0.00
2.00 24.00 4.00 1.00 16.95 34.84 34.83 0.00 0.00 0.00 0.00
2.00 1.00 5.00 1.00 16.94 32.47 32.47 0.00 0.00 0.00 0.00
2.00 2.00 5.00 1.00 16.89 30.42 30.41 0.00 0.00 0.00 0.00
2.00 3.00 5.00 1.00 16.54 28.46 28.46 0.00 0.00 0.00 0.00
2.00 4.00 5.00 1.00 16.37 26.80 26.80 0.00 0.00 0.00 0.00
2.00 5.00 5.00 1.00 16.29 25.38 25.38 0.00 0.00 0.00 0.00
2.00 6.00 5.00 1.00 16.10 24.08 24.07 0.00 0.00 0.00 0.00
2.00 7.00 5.00 1.00 16.01 22.98 22.98 0.00 74.06 0.00 -0.00
2.00 8.00 5.00 1.00 16.59 25.73 25.73 0.00 7604.90 0.00 0.00
2.00 9.00 5.00 1.00 18.23 28.72 26.78 -6802.31 18358.79 0.00 0.00
2.00 10.00 5.00 1.00 20.33 32.35 26.78 -18881.31 29358.87 0.00 -7159.41
2.00 11.00 5.00 1.00 23.06 36.18 26.78 -31006.03 37780.45 0.00 -14015.52
2.00 12.00 5.00 1.00 25.47 38.52 26.78 -37608.02 38328.45 0.00 -14204.66
2.00 13.00 5.00 1.00 27.38 40.73 26.78 -44022.52 40111.40 0.00 -13780.94
2.00 14.00 5.00 1.00 28.42 41.46 26.78 -45228.61 37062.42 0.00 -13198.93
2.00 15.00 5.00 1.00 28.63 51.05 34.75 -50000.00 85544.05 0.00 -5741.13
2.00 16.00 5.00 1.00 28.34 65.66 49.03 -50000.00 158004.69 0.00 0.00
2.00 17.00 5.00 1.00 27.55 77.34 60.50 -50000.00 211447.56 0.00 0.00
2.00 18.00 5.00 1.00 26.45 85.32 68.30 -50000.00 244578.95 10879.90 0.00
2.00 19.00 5.00 1.00 24.79 109.16 104.48 0.00 237092.99 0.00 0.00
2.00 20.00 5.00 1.00 22.19 97.92 95.12 0.00 178700.48 0.00 0.00
2.00 21.00 5.00 1.00 20.27 48.06 45.78 0.00 0.00 0.00 -0.00
2.00 22.00 5.00 1.00 19.20 40.11 38.13 0.00 0.00 0.00 -0.00
2.00 23.00 5.00 1.00 18.52 36.38 34.64 0.00 0.00 0.00 0.00
2.00 24.00 5.00 1.00 17.71 33.46 31.93 0.00 0.00 0.00 0.00
2.00 1.00 6.00 1.00 17.29 31.11 29.77 0.00 0.00 0.00 0.00
2.00 2.00 6.00 1.00 17.11 29.17 27.99 0.00 0.00 0.00 0.00
2.00 3.00 6.00 1.00 16.82 27.41 26.37 0.00 0.00 0.00 0.00
2.00 4.00 6.00 1.00 16.48 25.82 24.89 0.00 0.00 0.00 0.00
2.00 5.00 6.00 1.00 16.09 24.35 23.54 0.00 0.00 0.00 -0.00
2.00 6.00 6.00 1.00 15.70 23.01 22.30 0.00 0.00 0.00 -0.00
2.00 7.00 6.00 1.00 15.36 21.85 21.22 0.00 74.06 0.00 -0.00
2.00 8.00 6.00 1.00 16.14 24.93 24.54 0.00 7604.90 0.00 0.00
2.00 9.00 6.00 1.00 17.95 28.09 26.78 -3428.86 18358.79 0.00 0.00
2.00 10.00 6.00 1.00 19.98 31.72 26.78 -15982.89 29358.87 0.00 -1665.42
2.00 11.00 6.00 1.00 23.10 35.85 26.78 -29350.65 37780.45 0.00 -9797.48
2.00 12.00 6.00 1.00 25.32 38.12 26.78 -35745.30 38328.45 0.00 -11483.53
2.00 13.00 6.00 1.00 27.08 40.25 26.78 -42013.53 40111.40 0.00 -10659.66
2.00 14.00 6.00 1.00 28.50 41.26 26.78 -44340.74 37062.42 0.00 -12421.86
2.00 15.00 6.00 1.00 29.00 51.10 34.73 -50000.00 85544.05 0.00 -7162.69
2.00 16.00 6.00 1.00 28.90 65.88 49.19 -50000.00 158004.69 0.00 0.00
2.00 17.00 6.00 1.00 28.35 77.79 60.89 -50000.00 211447.56 480.03 0.00
2.00 18.00 6.00 1.00 27.45 85.96 68.88 -50000.00 244578.95 11190.73 0.00
2.00 19.00 6.00 1.00 25.69 109.67 104.92 0.00 237092.99 0.00 0.00
2.00 20.00 6.00 1.00 23.01 98.42 95.55 0.00 178700.48 0.00 0.00
2.00 21.00 6.00 1.00 20.74 48.40 46.06 0.00 0.00 0.00 -0.00
2.00 22.00 6.00 1.00 19.49 40.35 38.32 0.00 0.00 0.00 -0.00
2.00 23.00 6.00 1.00 18.59 36.50 34.72 0.00 0.00 0.00 0.00
2.00 24.00 6.00 1.00 17.73 33.54 31.97 0.00 0.00 0.00 0.00
2.00 1.00 7.00 1.00 17.12 31.07 29.69 0.00 0.00 0.00 0.00
2.00 2.00 7.00 1.00 16.76 29.01 27.79 0.00 0.00 0.00 0.00
2.00 3.00 7.00 1.00 16.42 27.19 26.11 0.00 0.00 0.00 0.00
2.00 4.00 7.00 1.00 16.00 25.52 24.57 0.00 0.00 0.00 0.00
2.00 5.00 7.00 1.00 15.58 24.01 23.18 0.00 0.00 0.00 -0.00
2.00 6.00 7.00 1.00 15.12 22.62 21.88 0.00 0.00 0.00 -0.00
2.00 7.00 7.00 1.00 14.90 21.49 20.84 0.00 74.06 0.00 -0.00
2.00 8.00 7.00 1.00 15.80 24.61 24.21 0.00 7604.90 0.00 0.00
2.00 9.00 7.00 1.00 17.78 27.89 26.78 -2707.15 18358.79 0.00 0.00
2.00 10.00 7.00 1.00 19.86 31.56 26.78 -15473.84 29358.87 0.00 -825.50
2.00 11.00 7.00 1.00 22.88 35.64 26.78 -28630.94 37780.45 0.00 -8857.25
2.00 12.00 7.00 1.00 25.21 37.97 26.78 -35296.92 38328.45 0.00 -10176.05
2.00 13.00 7.00 1.00 26.83 40.02 26.78 -41270.72 40111.40 0.00 -8956.34
2.00 14.00 7.00 1.00 28.12 40.93 26.78 -43273.86 37062.42 0.00 -11087.28
2.00 15.00 7.00 1.00 28.84 50.91 34.59 -50000.00 85544.05 0.00 -6162.18
2.00 16.00 7.00 1.00 28.80 65.74 49.07 -50000.00 158004.69 0.00 0.00
2.00 17.00 7.00 1.00 28.11 77.57 60.68 -50000.00 211447.56 1083.03 0.00
2.00 18.00 7.00 1.00 27.03 85.60 68.54 -50000.00 244578.95 11735.66 0.00
2.00 19.00 7.00 1.00 25.09 109.22 104.49 0.00 237092.99 0.00 0.00
2.00 20.00 7.00 1.00 22.40 97.94 95.09 0.00 178700.48 0.00 0.00
2.00 21.00 7.00 1.00 20.39 48.05 45.72 0.00 0.00 0.00 -0.00
2.00 22.00 7.00 1.00 19.46 40.18 38.16 0.00 0.00 0.00 -0.00
2.00 23.00 7.00 1.00 18.84 36.51 34.74 0.00 0.00 0.00 0.00
2.00 24.00 7.00 1.00 18.18 33.70 32.14 0.00 0.00 0.00 0.00
2.00 1.00 1.00 1.00 17.85 31.43 30.06 0.00 0.00 0.00 0.00
2.00 2.00 1.00 1.00 17.45 29.40 28.19 0.00 0.00 0.00 0.00
2.00 3.00 1.00 1.00 17.05 27.59 26.52 0.00 0.00 0.00 0.00
2.00 4.00 1.00 1.00 16.39 25.82 24.88 0.00 0.00 0.00 0.00
2.00 5.00 1.00 1.00 15.89 24.27 23.44 0.00 0.00 0.00 -0.00
2.00 6.00 1.00 1.00 15.46 22.89 22.16 0.00 0.00 0.00 -0.00
2.00 7.00 1.00 1.00 15.61 21.98 21.33 0.00 74.06 0.00 -0.00
2.00 8.00 1.00 1.00 16.77 25.37 24.98 0.00 7604.90 0.00 0.00
2.00 9.00 1.00 1.00 18.88 28.78 26.78 -5840.54 18358.79 0.00 0.00
2.00 10.00 1.00 1.00 20.96 32.48 26.78 -18424.69 29358.87 0.00 -5507.53
2.00 11.00 1.00 1.00 23.71 36.39 26.78 -30932.04 37780.45 0.00 -12288.68
2.00 12.00 1.00 1.00 26.37 38.97 26.78 -38435.49 38328.45 0.00 -15394.53
2.00 13.00 1.00 1.00 28.28 41.24 26.78 -45083.65 40111.40 0.00 -14235.27
2.00 14.00 1.00 1.00 29.39 42.07 26.78 -46699.84 37062.42 0.00 -14376.86
2.00 15.00 1.00 1.00 29.81 51.86 35.36 -50000.00 85544.05 0.00 -6155.37
2.00 16.00 1.00 1.00 29.51 66.51 49.73 -50000.00 158004.69 0.00 0.00
2.00 17.00 1.00 1.00 28.81 78.30 61.34 -50000.00 211447.56 1246.71 0.00
2.00 18.00 1.00 1.00 27.62 86.25 69.13 -50000.00 244578.95 13115.23 0.00
2.00 19.00 1.00 1.00 25.81 109.96 105.14 0.00 237092.99 0.00 0.00
2.00 20.00 1.00 1.00 23.23 98.74 95.81 0.00 178700.48 0.00 0.00
2.00 21.00 1.00 1.00 20.94 48.70 46.31 0.00 0.00 0.00 -0.00
2.00 22.00 1.00 1.00 19.67 40.63 38.55 0.00 0.00 0.00 -0.00
2.00 23.00 1.00 1.00 18.79 36.78 34.95 0.00 0.00 0.00 0.00
2.00 24.00 1.00 1.00 18.10 33.89 32.29 0.00 0.00 0.00 0.00
2.00 1.00 2.00 1.00 17.56 31.48 30.06 0.00 0.00 0.00 0.00
2.00 2.00 2.00 1.00 17.23 29.43 28.19 0.00 0.00 0.00 0.00
2.00 3.00 2.00 1.00 16.88 27.62 26.52 0.00 0.00 0.00 0.00
2.00 4.00 2.00 1.00 16.71 26.09 25.12 0.00 0.00 0.00 0.00
2.00 5.00 2.00 1.00 16.49 24.72 23.86 0.00 0.00 0.00 0.00
2.00 6.00 2.00 1.00 16.09 23.39 22.63 0.00 0.00 0.00 -0.00
2.00 7.00 2.00 1.00 15.86 22.29 21.62 0.00 74.06 0.00 -0.00
2.00 8.00 2.00 1.00 16.66 25.40 25.00 0.00 7604.90 0.00 0.00
2.00 9.00 2.00 1.00 18.74 28.76 26.78 -5737.38 18358.79 0.00 0.00
2.00 10.00 2.00 1.00 21.03 32.59 26.78 -18784.66 29358.87 0.00 -5050.73
2.00 11.00 2.00 1.00 23.62 36.39 26.78 -30854.39 37780.45 0.00 -12283.46
2.00 12.00 2.00 1.00 25.97 38.73 26.78 -37582.26 38328.45 0.00 -14307.76
2.00 13.00 2.00 1.00 27.91 41.00 26.78 -44283.57 40111.40 0.00 -15113.92
2.00 14.00 2.00 1.00 28.99 41.79 26.78 -45775.25 37062.42 0.00 -13116.89
2.00 15.00 2.00 1.00 29.23 51.43 34.96 -50000.00 85544.05 0.00 -7876.02
2.00 16.00 2.00 1.00 28.70 65.90 49.13 -50000.00 158004.69 0.00 0.00
2.00 17.00 2.00 1.00 28.02 77.67 60.71 -50000.00 211447.56 58.87 0.00
2.00 18.00 2.00 1.00 26.72 85.53 68.41 -50000.00 244578.95 12032.68 0.00
2.00 19.00 2.00 1.00 24.92 109.27 104.46 0.00 237092.99 0.00 0.00
2.00 20.00 2.00 1.00 22.39 98.06 95.14 0.00 178700.48 0.00 0.00
2.00 21.00 2.00 1.00 20.31 48.12 45.73 0.00 0.00 0.00 -0.00
2.00 22.00 2.00 1.00 19.23 40.15 38.08 0.00 0.00 0.00 -0.00
2.00 23.00 2.00 1.00 18.39 36.33 34.51 0.00 0.00 0.00 0.00
2.00 24.00 2.00 1.00 17.65 33.43 31.83 0.00 0.00 0.00 0.00
2.00 1.00 3.00 1.00 17.42 31.18 29.77 0.00 0.00 0.00 0.00
2.00 2.00 3.00 1.00 17.05 29.15 27.91 0.00 0.00 0.00 0.00
2.00 3.00 3.00 1.00 16.80 27.40 26.30 0.00 0.00 0.00 0.00
2.00 4.00 3.00 1.00 16.53 25.84 24.87 0.00 0.00 0.00 0.00
2.00 5.00 3.00 1.00 16.21 24.42 23.56 0.00 0.00 0.00 0.00
2.00 6.00 3.00 1.00 15.80 23.08 22.33 0.00 0.00 0.00 -0.00
2.00 7.00 3.00 1.00 15.56 21.98 21.31 0.00 74.06 0.00 -0.00
2.00 8.00 3.00 1.00 16.19 29.93 29.34 0.00 7604.90 0.00 0.00
2.00 9.00 3.00 1.00 18.12 34.70 34.18 0.00 18358.79 0.00 0.00
2.00 10.00 3.00 1.00 20.74 39.88 39.42 0.00 29358.87 0.00 0.00
2.00 11.00 3.00 1.00 23.03 44.52 44.12 0.00 37780.45 0.00 0.00
2.00 12.00 3.00 1.00 25.35 47.18 46.82 0.00 38328.45 0.00 0.00
2.00 13.00 3.00 1.00 27.36 49.87 49.55 0.00 40111.40 0.00 0.00
2.00 14.00 3.00 1.00 28.58 50.81 50.52 0.00 37062.42 0.00 0.00
2.00 15.00 3.00 1.00 28.97 65.22 64.97 0.00 85544.05 0.00 0.00
2.00 16.00 3.00 1.00 28.68 88.06 87.84 0.00 158004.69 0.00 0.00
2.00 17.00 3.00 1.00 28.10 107.64 107.44 0.00 211447.56 0.00 -0.00
2.00 18.00 3.00 1.00 26.91 121.72 121.55 0.00 244578.95 0.00 -0.00
2.00 19.00 3.00 1.00 25.01 117.45 117.30 0.00 237092.99 0.00 -0.00
2.00 20.00 3.00 1.00 22.47 102.23 102.10 0.00 178700.48 0.00 0.00
2.00 21.00 3.00 1.00 20.78 51.60 51.48 0.00 0.00 0.00 -0.00
2.00 22.00 3.00 1.00 19.72 43.23 43.13 0.00 0.00 0.00 -0.00
2.00 23.00 3.00 1.00 18.91 39.11 39.02 0.00 0.00 0.00 0.00
2.00 24.00 3.00 1.00 18.23 35.97 35.89 0.00 0.00 0.00 0.00
2.00 1.00 4.00 1.00 17.59 33.26 33.19 0.00 0.00 0.00 0.00
2.00 2.00 4.00 1.00 17.04 30.89 30.83 0.00 0.00 0.00 0.00
2.00 3.00 4.00 1.00 16.61 28.83 28.77 0.00 0.00 0.00 0.00
2.00 4.00 4.00 1.00 16.29 27.04 26.99 0.00 0.00 0.00 0.00
2.00 5.00 4.00 1.00 15.96 25.44 25.39 0.00 0.00 0.00 0.00
2.00 6.00 4.00 1.00 15.61 23.98 23.94 0.00 0.00 0.00 0.00
2.00 7.00 4.00 1.00 15.78 22.98 22.94 0.00 74.06 0.00 -0.00
2.00 8.00 4.00 1.00 16.86 31.10 31.07 0.00 7604.90 0.00 0.00
2.00 9.00 4.00 1.00 19.06 35.98 35.95 0.00 18358.79 0.00 0.00
2.00 10.00 4.00 1.00 21.36 40.96 40.93 0.00 29358.87 0.00 0.00
2.00 11.00 4.00 1.00 23.97 45.72 45.70 0.00 37780.45 0.00 0.00
2.00 12.00 4.00 1.00 25.87 48.13 48.11 0.00 38328.45 0.00 0.00
2.00 13.00 4.00 1.00 27.49 50.54 50.52 0.00 40111.40 0.00 0.00
2.00 14.00 4.00 1.00 28.53 51.31 51.29 0.00 37062.42 0.00 0.00
2.00 15.00 4.00 1.00 28.93 65.65 65.64 0.00 85544.05 0.00 0.00
2.00 16.00 4.00 1.00 28.72 88.48 88.47 0.00 158004.69 0.00 0.00
2.00 17.00 4.00 1.00 28.07 107.98 107.97 0.00 211447.56 0.00 -0.00
2.00 18.00 4.00 1.00 26.91 122.03 122.02 0.00 244578.95 0.00 -0.00
2.00 19.00 4.00 1.00 25.38 117.93 117.92 0.00 237092.99 0.00 -0.00
2.00 20.00 4.00 1.00 22.96 102.77 102.77 0.00 178700.48 0.00 0.00
2.00 21.00 4.00 1.00 21.13 52.07 52.06 0.00 0.00 0.00 -0.00
2.00 22.00 4.00 1.00 20.06 43.68 43.67 0.00 0.00 0.00 -0.00
2.00 23.00 4.00 1.00 19.48 39.67 39.66 0.00 0.00 0.00 0.00
2.00 24.00 4.00 1.00 18.84 36.57 36.56 0.00 0.00 0.00 0.00
2.00 1.00 5.00 1.00 18.33 33.94 33.93 0.00 0.00 0.00 0.00
2.00 2.00 5.00 1.00 17.96 31.68 31.67 0.00 0.00 0.00 0.00
2.00 3.00 5.00 1.00 17.68 29.72 29.72 0.00 0.00 0.00 0.00
2.00 4.00 5.00 1.00 17.43 28.00 28.00 0.00 0.00 0.00 0.00
2.00 5.00 5.00 1.00 17.04 26.39 26.39 0.00 0.00 0.00 0.00
2.00 6.00 5.00 1.00 16.74 24.98 24.98 0.00 0.00 0.00 0.00
2.00 7.00 5.00 1.00 17.06 24.07 24.07 0.00 74.06 0.00 -0.00
2.00 8.00 5.00 1.00 18.04 27.10 26.78 -1110.99 7604.90 0.00 0.00
2.00 9.00 5.00 1.00 19.95 30.29 26.78 -12199.40 18358.79 0.00 -2859.06
2.00 10.00 5.00 1.00 22.59 34.32 26.78 -25261.58 29358.87 0.00 -10454.50
2.00 11.00 5.00 1.00 25.11 38.06 26.78 -36830.27 37780.45 0.00 -16186.99
2.00 12.00 5.00 1.00 27.16 40.17 26.78 -42543.88 38328.45 0.00 -15673.24
2.00 13.00 5.00 1.00 28.44 41.94 26.78 -47411.51 40111.40 0.00 -10707.54
2.00 14.00 5.00 1.00 29.08 42.36 26.78 -47595.03 37062.42 0.00 -13162.25
2.00 15.00 5.00 1.00 28.90 51.63 35.13 -50000.00 85544.05 0.00 -4133.95
2.00 16.00 5.00 1.00 28.43 66.05 49.29 -50000.00 158004.69 0.00 0.00
2.00 17.00 5.00 1.00 27.75 77.77 60.82 -50000.00 211447.56 0.00 0.00
2.00 18.00 5.00 1.00 26.32 85.48 68.37 -50000.00 244578.95 13912.56 0.00
2.00 19.00 5.00 1.00 24.37 109.23 104.42 0.00 237092.99 0.00 0.00
2.00 20.00 5.00 1.00 21.86 97.98 95.07 0.00 178700.48 0.00 0.00
2.00 21.00 5.00 1.00 20.08 48.15 45.77 0.00 0.00 0.00 -0.00
2.00 22.00 5.00 1.00 18.96 40.14 38.07 0.00 0.00 0.00 -0.00
2.00 23.00 5.00 1.00 18.18 36.32 34.50 0.00 0.00 0.00 0.00
2.00 24.00 5.00 1.00 17.92 33.66 32.06 0.00 0.00 0.00 0.00
2.00 1.00 6.00 1.00 17.52 31.34 29.93 0.00 0.00 0.00 0.00
2.00 2.00 6.00 1.00 17.11 29.28 28.04 0.00 0.00 0.00 0.00
2.00 3.00 6.00 1.00 16.87 27.53 26.44 0.00 0.00 0.00 0.00
2.00 4.00 6.00 1.00 16.65 25.99 25.02 0.00 0.00 0.00 0.00
2.00 5.00 6.00 1.00 16.37 24.59 23.74 0.00 0.00 0.00 -0.00
2.00 6.00 6.00 1.00 16.17 23.37 22.62 0.00 0.00 0.00 -0.00
2.00 7.00 6.00 1.00 16.10 22.38 21.71 0.00 74.06 0.00 -0.00
2.00 8.00 6.00 1.00 16.88 25.54 25.13 0.00 7604.90 0.00 0.00
2.00 9.00 6.00 1.00 18.56 28.64 26.78 -5307.46 18358.79 0.00 0.00
2.00 10.00 6.00 1.00 20.50 32.21 26.78 -17486.97 29358.87 0.00 -6170.86
2.00 11.00 6.00 1.00 23.31 36.13 26.78 -30083.59 37780.45 0.00 -12504.02
2.00 12.00 6.00 1.00 24.93 37.96 26.78 -35019.02 38328.45 0.00 -9585.68
2.00 13.00 6.00 1.00 26.04 39.60 26.78 -39677.02 40111.40 0.00 -6526.31
2.00 14.00 6.00 1.00 26.98 40.20 26.78 -40759.05 37062.42 0.00 -10059.61
2.00 15.00 6.00 1.00 27.08 49.68 33.41 -50000.00 85544.05 0.00 -3326.98
2.00 16.00 6.00 1.00 27.03 64.42 47.75 -50000.00 158004.69 0.00 0.00
2.00 17.00 6.00 1.00 26.43 76.24 59.36 -50000.00 211447.56 0.00 0.00
2.00 18.00 6.00 1.00 24.80 83.84 66.78 -50000.00 244578.95 15850.60 0.00
2.00 19.00 6.00 1.00 22.34 107.27 102.53 0.00 237092.99 0.00 0.00
2.00 20.00 6.00 1.00 19.88 96.01 93.17 0.00 178700.48 0.00 0.00
2.00 21.00 6.00 1.00 18.58 46.44 44.12 0.00 0.00 0.00 -0.00
2.00 22.00 6.00 1.00 17.19 38.32 36.31 0.00 0.00 0.00 -0.00
2.00 23.00 6.00 1.00 16.31 34.45 32.68 0.00 0.00 0.00 0.00
2.00 24.00 6.00 1.00 16.21 31.87 30.31 0.00 0.00 0.00 0.00
2.00 1.00 7.00 1.00 15.69 29.50 28.13 0.00 0.00 0.00 0.00
2.00 2.00 7.00 1.00 15.63 27.63 26.42 0.00 0.00 0.00 0.00
2.00 3.00 7.00 1.00 15.71 26.08 25.01 0.00 0.00 0.00 0.00
2.00 4.00 7.00 1.00 15.52 24.60 23.66 0.00 0.00 0.00 0.00
2.00 5.00 7.00 1.00 15.48 23.37 22.54 0.00 0.00 0.00 -0.00
2.00 6.00 7.00 1.00 15.34 22.24 21.50 0.00 0.00 0.00 -0.00
2.00 7.00 7.00 1.00 15.44 21.38 20.73 0.00 74.06 0.00 -0.00
2.00 8.00 7.00 1.00 16.28 24.72 24.33 0.00 7604.90 0.00 0.00
2.00 9.00 7.00 1.00 18.36 28.13 26.78 -3562.79 18358.79 0.00 0.00
2.00 10.00 7.00 1.00 20.94 32.20 26.78 -17629.30 29358.87 0.00 -9472.82
2.00 11.00 7.00 1.00 23.38 35.94 26.78 -29496.04 37780.45 0.00 -15143.39
2.00 12.00 7.00 1.00 25.48 38.14 26.78 -35724.67 38328.45 0.00 -15159.23
2.00 13.00 7.00 1.00 27.32 40.34 26.78 -42275.45 40111.40 0.00 -9691.71
2.00 14.00 7.00 1.00 28.41 41.15 26.78 -43865.86 37062.42 0.00 -12239.76
2.00 15.00 7.00 1.00 28.65 50.79 34.43 -50000.00 85544.05 0.00 -4739.45
2.00 16.00 7.00 1.00 28.30 65.40 48.69 -50000.00 158004.69 0.00 0.00
2.00 17.00 7.00 1.00 27.62 77.19 60.28 -50000.00 211447.56 1622.93 0.00
2.00 18.00 7.00 1.00 26.44 85.14 68.06 -50000.00 244578.95 10691.53 0.00
2.00 19.00 7.00 1.00 24.45 108.76 104.00 0.00 237092.99 0.00 0.00
2.00 20.00 7.00 1.00 21.67 97.41 94.54 0.00 178700.48 0.00 0.00
2.00 21.00 7.00 1.00 19.66 47.49 45.14 0.00 0.00 0.00 -0.00
2.00 22.00 7.00 1.00 18.38 39.40 37.37 0.00 0.00 0.00 -0.00
2.00 23.00 7.00 1.00 17.59 35.59 33.80 0.00 0.00 0.00 0.00
2.00 24.00 7.00 1.00 17.05 32.80 31.22 0.00 0.00 0.00 0.00
2.00 1.00 1.00 1.00 16.37 30.31 28.93 0.00 0.00 0.00 0.00
2.00 2.00 1.00 1.00 16.08 28.28 27.06 0.00 0.00 0.00 0.00
2.00 3.00 1.00 1.00 15.79 26.50 25.42 0.00 0.00 0.00 0.00
2.00 4.00 1.00 1.00 15.58 24.96 24.01 0.00 0.00 0.00 -0.00
2.00 5.00 1.00 1.00 15.33 23.57 22.73 0.00 0.00 0.00 -0.00
2.00 6.00 1.00 1.00 15.01 22.28 21.54 0.00 0.00 0.00 -0.00
2.00 7.00 1.00 1.00 15.07 21.34 20.69 0.00 74.06 0.00 -0.00
2.00 8.00 1.00 1.00 15.86 24.52 24.12 0.00 7604.90 0.00 0.00
2.00 9.00 1.00 1.00 17.71 27.73 26.78 -2153.14 18358.79 0.00 0.00
2.00 10.00 1.00 1.00 20.50 31.90 26.78 -16725.10 29358.87 0.00 -7438.96
2.00 11.00 1.00 1.00 23.17 35.79 26.78 -29082.63 37780.45 0.00 -13265.40
2.00 12.00 1.00 1.00 25.41 38.08 26.78 -35629.85 38328.45 0.00 -14198.04
2.00 13.00 1.00 1.00 27.28 40.31 26.78 -42225.48 40111.40 0.00 -11578.31
2.00 14.00 1.00 1.00 28.32 41.08 26.78 -43675.97 37062.42 0.00 -12366.79
2.00 15.00 1.00 1.00 28.72 50.83 34.49 -50000.00 85544.05 0.00 -4731.60
2.00 16.00 1.00 1.00 28.55 65.57 48.87 -50000.00 158004.69 0.00 0.00
2.00 17.00 1.00 1.00 28.02 77.48 60.58 -50000.00 211447.56 2339.46 0.00
2.00 18.00 1.00 1.00 26.64 85.31 68.23 -50000.00 244578.95 12175.95 0.00
2.00 19.00 1.00 1.00 24.88 109.04 104.29 0.00 237092.99 0.00 0.00
2.00 20.00 1.00 1.00 22.38 97.87 95.01 0.00 178700.48 0.00 0.00
2.00 21.00 1.00 1.00 20.60 48.11 45.77 0.00 0.00 0.00 -0.00
2.00 22.00 1.00 1.00 19.24 40.04 38.01 0.00 0.00 0.00 -0.00
2.00 23.00 1.00 1.00 18.23 36.13 34.35 0.00 0.00 0.00 0.00
2.00 24.00 1.00 1.00 18.00 33.51 31.94 0.00 0.00 0.00 0.00
2.00 1.00 2.00 1.00 17.63 31.23 29.85 0.00 0.00 0.00 0.00
2.00 2.00 2.00 1.00 17.30 29.24 28.02 0.00 0.00 0.00 0.00
2.00 3.00 2.00 1.00 17.08 27.53 26.46 0.00 0.00 0.00 0.00
2.00 4.00 2.00 1.00 16.78 25.97 25.03 0.00 0.00 0.00 -0.00
2.00 5.00 2.00 1.00 16.56 24.62 23.78 0.00 0.00 0.00 -0.00
2.00 6.00 2.00 1.00 16.33 23.40 22.67 0.00 0.00 0.00 -0.00
2.00 7.00 2.00 1.00 16.72 22.68 22.03 0.00 74.06 0.00 -0.00
2.00 8.00 2.00 1.00 17.81 26.19 25.79 0.00 7604.90 0.00 0.00
2.00 9.00 2.00 1.00 19.95 29.66 26.78 -8906.02 18358.79 0.00 -1872.75
2.00 10.00 2.00 1.00 22.61 33.79 26.78 -22726.22 29358.87 0.00 -13994.04
2.00 11.00 2.00 1.00 24.92 37.46 26.78 -34193.79 37780.45 0.00 -19312.96
2.00 12.00 2.00 1.00 26.85 39.54 26.78 -39937.80 38328.45 0.00 -19135.91
2.00 13.00 2.00 1.00 28.28 41.44 26.78 -45423.33 40111.40 0.00 -12081.65
2.00 14.00 2.00 1.00 28.96 41.94 26.78 -45945.29 37062.42 0.00 -14735.61
2.00 15.00 2.00 1.00 29.14 51.50 34.96 -50000.00 85544.05 0.00 -5546.53
2.00 16.00 2.00 1.00 28.86 66.11 49.29 -50000.00 158004.69 0.00 0.00
2.00 17.00 2.00 1.00 28.19 77.90 60.89 -50000.00 211447.56 344.78 0.00
2.00 18.00 2.00 1.00 27.16 85.93 68.76 -50000.00 244578.95 10432.61 0.00
2.00 19.00 2.00 1.00 25.58 109.79 104.93 0.00 237092.99 0.00 0.00
2.00 20.00 2.00 1.00 22.94 98.55 95.58 0.00 178700.48 0.00 0.00
2.00 21.00 2.00 1.00 21.16 48.78 46.35 0.00 0.00 0.00 -0.00
2.00 22.00 2.00 1.00 19.94 40.76 38.65 0.00 0.00 0.00 -0.00
2.00 23.00 2.00 1.00 19.07 36.93 35.08 0.00 0.00 0.00 0.00
2.00 24.00 2.00 1.00 18.59 34.19 32.56 0.00 0.00 0.00 0.00
2.00 1.00 3.00 1.00 18.11 31.83 30.40 0.00 0.00 0.00 0.00
2.00 2.00 3.00 1.00 17.85 29.86 28.59 0.00 0.00 0.00 0.00
2.00 3.00 3.00 1.00 17.64 28.15 27.03 0.00 0.00 0.00 0.00
2.00 4.00 3.00 1.00 17.48 26.66 25.67 0.00 0.00 0.00 -0.00
2.00 5.00 3.00 1.00 17.12 25.23 24.36 0.00 0.00 0.00 -0.00
2.00 6.00 3.00 1.00 16.51 23.80 23.03 0.00 0.00 0.00 -0.00
2.00 7.00 3.00 1.00 16.41 22.77 22.09 0.00 74.06 0.00 -0.00
2.00 8.00 3.00 1.00 17.11 30.77 30.17 0.00 7604.90 0.00 0.00
2.00 9.00 3.00 1.00 18.74 35.39 34.86 0.00 18358.79 0.00 0.00
2.00 10.00 3.00 1.00 21.34 40.54 40.07 0.00 29358.87 0.00 0.00
2.00 11.00 3.00 1.00 23.99 45.37 44.95 0.00 37780.45 0.00 0.00
2.00 12.00 3.00 1.00 26.57 48.19 47.83 0.00 38328.45 0.00 0.00
2.00 13.00 3.00 1.00 28.65 50.95 50.63 0.00 40111.40 0.00 0.00
2.00 14.00 3.00 1.00 29.84 51.91 51.62 0.00 37062.42 0.00 0.00
2.00 15.00 3.00 1.00 30.36 66.41 66.16 0.00 85544.05 0.00 0.00
2.00 16.00 3.00 1.00 30.01 89.25 89.03 0.00 158004.69 0.00 0.00
2.00 17.00 3.00 1.00 29.44 108.85 108.65 0.00 211447.56 0.00 -0.00
2.00 18.00 3.00 1.00 28.27 122.96 122.78 0.00 244578.95 0.00 -0.00
2.00 19.00 3.00 1.00 26.42 118.73 118.57 0.00 237092.99 0.00 -0.00
2.00 20.00 3.00 1.00 23.61 103.38 103.24 0.00 178700.48 0.00 0.00
2.00 21.00 3.00 1.00 21.74 52.65 52.52 0.00 0.00 0.00 -0.00
2.00 22.00 3.00 1.00 20.35 44.08 43.97 0.00 0.00 0.00 -0.00
2.00 23.00 3.00 1.00 19.41 39.85 39.75 0.00 0.00 0.00 0.00
2.00 24.00 3.00 1.00 18.65 36.63 36.54 0.00 0.00 0.00 0.00
2.00 1.00 4.00 1.00 17.93 33.84 33.76 0.00 0.00 0.00 0.00
2.00 2.00 4.00 1.00 17.49 31.50 31.43 0.00 0.00 0.00 0.00
2.00 3.00 4.00 1.00 17.15 29.47 29.41 0.00 0.00 0.00 0.00
2.00 4.00 4.00 1.00 16.73 27.61 27.56 0.00 0.00 0.00 0.00
2.00 5.00 4.00 1.00 16.08 25.82 25.77 0.00 0.00 0.00 0.00
2.00 6.00 4.00 1.00 15.40 24.14 24.10 0.00 0.00 0.00 -0.00
2.00 7.00 4.00 1.00 15.22 22.88 22.84 0.00 74.06 0.00 -0.00
2.00 8.00 4.00 1.00 16.07 30.81 30.78 0.00 7604.90 0.00 0.00
2.00 9.00 4.00 1.00 18.09 35.51 35.48 0.00 18358.79 0.00 0.00
2.00 10.00 4.00 1.00 21.18 40.86 40.83 0.00 29358.87 0.00 0.00
2.00 11.00 4.00 1.00 23.92 45.70 45.67 0.00 37780.45 0.00 0.00
2.00 12.00 4.00 1.00 26.47 48.48 48.45 0.00 38328.45 0.00 0.00
2.00 13.00 4.00 1.00 28.54 51.18 51.17 0.00 40111.40 0.00 0.00
2.00 14.00 4.00 1.00 30.03 52.26 52.25 0.00 37062.42 0.00 0.00
2.00 15.00 4.00 1.00 30.65 66.82 66.80 0.00 85544.05 0.00 0.00
2.00 16.00 4.00 1.00 30.01 89.50 89.48 0.00 158004.69 0.00 0.00
2.00 17.00 4.00 1.00 28.83 108.72 108.71 0.00 211447.56 0.00 -0.00
2.00 18.00 4.00 1.00 27.33 122.58 122.57 0.00 244578.95 0.00 -0.00
2.00 19.00 4.00 1.00 25.62 118.34 118.34 0.00 237092.99 0.00 -0.00
2.00 20.00 4.00 1.00 23.12 103.12 103.11 0.00 178700.48 0.00 0.00
2.00 21.00 4.00 1.00 21.12 52.29 52.28 0.00 0.00 0.00 -0.00
2.00 22.00 4.00 1.00 19.89 43.78 43.77 0.00 0.00 0.00 -0.00
2.00 23.00 4.00 1.00 19.19 39.66 39.66 0.00 0.00 0.00 0.00
2.00 24.00 4.00 1.00 18.33 36.40 36.39 0.00 0.00 0.00 0.00
2.00 1.00 5.00 1.00 17.91 33.76 33.76 0.00 0.00 0.00 0.00
2.00 2.00 5.00 1.00 17.68 31.55 31.55 0.00 0.00 0.00 0.00
2.00 3.00 5.00 1.00 17.39 29.57 29.57 0.00 0.00 0.00 0.00
2.00 4.00 5.00 1.00 16.99 27.75 27.75 0.00 0.00 0.00 0.00
2.00 5.00 5.00 1.00 16.60 26.12 26.11 0.00 0.00 0.00 0.00
2.00 6.00 5.00 1.00 16.03 24.54 24.54 0.00 0.00 0.00 -0.00
2.00 7.00 5.00 1.00 15.74 23.26 23.25 0.00 74.06 0.00 -0.00
2.00 8.00 5.00 1.00 16.93 26.21 26.21 0.00 7604.90 0.00 0.00
2.00 9.00 5.00 1.00 19.15 29.59 26.78 -9841.31 18358.79 0.00 -3122.98
2.00 10.00 5.00 1.00 21.80 33.62 26.78 -23050.49 29358.87 0.00 -10620.49
2.00 11.00 5.00 1.00 24.33 37.36 26.78 -34656.22 37780.45 0.00 -15282.80
2.00 12.00 5.00 1.00 26.65 39.64 26.78 -41018.61 38328.45 0.00 -15007.87
2.00 13.00 5.00 1.00 28.47 41.80 26.78 -47204.65 40111.40 0.00 -9835.26
2.00 14.00 5.00 1.00 29.69 42.66 26.78 -48840.79 37062.42 0.00 -16721.30
2.00 15.00 5.00 1.00 30.21 52.48 35.98 -50000.00 85544.05 0.00 -2424.03
2.00 16.00 5.00 1.00 29.92 67.11 50.37 -50000.00 158004.69 0.00 0.00
2.00 17.00 5.00 1.00 29.08 78.78 61.85 -50000.00 211447.56 1384.11 0.00
2.00 18.00 5.00 1.00 27.78 86.63 69.53 -50000.00 244578.95 11238.92 0.00
2.00 19.00 5.00 1.00 25.78 110.28 105.50 0.00 237092.99 0.00 0.00
2.00 20.00 5.00 1.00 23.02 98.92 96.04 0.00 178700.48 0.00 0.00
2.00 21.00 5.00 1.00 21.23 49.10 46.74 0.00 0.00 0.00 -0.00
2.00 22.00 5.00 1.00 20.10 41.11 39.06 0.00 0.00 0.00 -0.00
2.00 23.00 5.00 1.00 19.53 37.43 35.63 0.00 0.00 0.00 0.00
2.00 24.00 5.00 1.00 18.86 34.58 33.00 0.00 0.00 0.00 0.00
2.00 1.00 6.00 1.00 18.50 32.27 30.88 0.00 0.00 0.00 0.00
2.00 2.00 6.00 1.00 18.08 30.21 28.98 0.00 0.00 0.00 0.00
2.00 3.00 6.00 1.00 17.71 28.39 27.31 0.00 0.00 0.00 0.00
2.00 4.00 6.00 1.00 17.43 26.81 25.86 0.00 0.00 0.00 -0.00
2.00 5.00 6.00 1.00 17.03 25.33 24.49 0.00 0.00 0.00 -0.00
2.00 6.00 6.00 1.00 16.72 24.04 23.30 0.00 0.00 0.00 -0.00
2.00 7.00 6.00 1.00 16.52 22.95 22.30 0.00 74.06 0.00 -0.00
2.00 8.00 6.00 1.00 17.51 26.20 25.80 0.00 7604.90 0.00 0.00
2.00 9.00 6.00 1.00 19.66 29.62 26.78 -8761.45 18358.79 0.00 -3014.68
2.00 10.00 6.00 1.00 22.21 33.64 26.78 -22189.06 29358.87 0.00 -9511.96
2.00 11.00 6.00 1.00 24.65 37.36 26.78 -33881.51 37780.45 0.00 -12626.32
2.00 12.00 6.00 1.00 26.83 39.59 26.78 -40169.44 38328.45 0.00 -12404.45
2.00 13.00 6.00 1.00 28.54 41.69 26.78 -46294.38 40111.40 0.00 -8916.53
2.00 14.00 6.00 1.00 29.52 42.40 26.78 -47494.81 37062.42 0.00 -16140.97
2.00 15.00 6.00 1.00 29.85 52.09 35.51 -50000.00 85544.05 0.00 -1285.10
2.00 16.00 6.00 1.00 29.52 66.69 49.86 -50000.00 158004.69 0.00 0.00
2.00 17.00 6.00 1.00 28.61 78.31 61.30 -50000.00 211447.56 1133.69 0.00
2.00 18.00 6.00 1.00 27.39 86.21 69.04 -50000.00 244578.95 10903.87 0.00
2.00 19.00 6.00 1.00 25.62 109.98 105.10 0.00 237092.99 0.00 0.00
2.00 20.00 6.00 1.00 23.09 98.77 95.79 0.00 178700.48 0.00 0.00
2.00 21.00 6.00 1.00 21.14 48.90 46.46 0.00 0.00 0.00 -0.00
2.00 22.00 6.00 1.00 19.85 40.82 38.70 0.00 0.00 0.00 -0.00
2.00 23.00 6.00 1.00 19.16 37.07 35.21 0.00 0.00 0.00 0.00
2.00 24.00 6.00 1.00 18.26 34.10 32.46 0.00 0.00 0.00 0.00
2.00 1.00 7.00 1.00 17.54 31.57 30.12 0.00 0.00 0.00 0.00
2.00 2.00 7.00 1.00 17.08 29.44 28.17 0.00 0.00 0.00 0.00
2.00 3.00 7.00 1.00 16.71 27.58 26.46 0.00 0.00 0.00 0.00
2.00 4.00 7.00 1.00 16.35 25.94 24.95 0.00 0.00 0.00 -0.00
2.00 5.00 7.00 1.00 15.84 24.37 23.50 0.00 0.00 0.00 -0.00
2.00 6.00 7.00 1.00 15.42 22.98 22.21 0.00 0.00 0.00 -0.00
2.00 7.00 7.00 1.00 15.75 22.15 21.47 0.00 74.06 0.00 -0.00
2.00 8.00 7.00 1.00 16.89 25.53 25.11 0.00 7604.90 0.00 0.00
2.00 9.00 7.00 1.00 19.17 29.05 26.78 -6720.48 18358.79 0.00 -1030.50
2.00 10.00 7.00 1.00 22.12 33.36 26.78 -21377.82 29358.87 0.00 -9504.61
2.00 11.00 7.00 1.00 24.51 37.08 26.78 -33010.98 37780.45 0.00 -13381.96
2.00 12.00 7.00 1.00 27.00 39.55 26.78 -40140.96 38328.45 0.00 -14605.94
2.00 13.00 7.00 1.00 29.01 41.90 26.78 -47057.22 40111.40 0.00 -9533.09
2.00 14.00 7.00 1.00 30.17 42.78 26.78 -48791.63 37062.42 0.00 -17414.87
2.00 15.00 7.00 1.00 30.52 52.52 35.91 -50000.00 85544.05 0.00 -2701.28
2.00 16.00 7.00 1.00 29.83 66.91 50.06 -50000.00 158004.69 0.00 0.00
2.00 17.00 7.00 1.00 28.77 78.43 61.41 -50000.00 211447.56 130.70 0.00
2.00 18.00 7.00 1.00 27.28 86.14 68.96 -50000.00 244578.95 11683.06 0.00
2.00 19.00 7.00 1.00 25.27 109.78 104.90 0.00 237092.99 0.00 0.00
2.00 20.00 7.00 1.00 22.69 98.52 95.54 0.00 178700.48 0.00 0.00
2.00 21.00 7.00 1.00 21.03 48.78 46.34 0.00 0.00 0.00 -0.00
2.00 22.00 7.00 1.00 19.68 40.68 38.56 0.00 0.00 0.00 -0.00
2.00 23.00 7.00 1.00 18.82 36.83 34.97 0.00 0.00 0.00 0.00
2.00 24.00 7.00 1.00 18.12 33.95 32.31 0.00 0.00 0.00 0.00
2.00 1.00 1.00 2.00 17.55 31.51 30.06 0.00 0.00 0.00 0.00
2.00 2.00 1.00 2.00 16.93 29.30 28.03 0.00 0.00 0.00 0.00
2.00 3.00 1.00 2.00 16.73 27.54 26.41 0.00 0.00 0.00 0.00
2.00 4.00 1.00 2.00 16.49 25.97 24.98 0.00 0.00 0.00 -0.00
2.00 5.00 1.00 2.00 16.02 24.44 23.56 0.00 0.00 0.00 -0.00
2.00 6.00 1.00 2.00 15.33 22.92 22.15 0.00 0.00 0.00 -0.00
2.00 7.00 1.00 2.00 14.96 21.68 20.99 0.00 0.00 0.00 -0.00
2.00 8.00 1.00 2.00 15.90 23.78 23.36 0.00 2268.49 0.00 -578.19
2.00 9.00 1.00 2.00 17.83 27.37 26.91 -390.23 15519.18 0.00 0.00
2.00 10.00 1.00 2.00 20.26 30.90 26.91 -12865.38 24594.68 0.00 -4170.54
2.00 11.00 1.00 2.00 22.61 34.23 26.91 -23507.51 31706.97 0.00 -9069.20
2.00 12.00 1.00 2.00 24.83 36.89 26.91 -31627.98 34922.85 0.00 -11035.46
2.00 13.00 1.00 2.00 26.59 38.85 26.91 -37262.50 35707.77 0.00 -9583.58
2.00 14.00 1.00 2.00 28.11 40.66 26.91 -42505.61 36703.92 0.00 -12571.20
2.00 15.00 1.00 2.00 28.84 50.30 34.09 -50000.00 82871.47 0.00 -6980.94
2.00 16.00 1.00 2.00 28.52 65.21 48.61 -50000.00 156773.56 0.00 0.00
2.00 17.00 1.00 2.00 27.84 78.04 61.22 -50000.00 215509.49 1055.22 0.00
2.00 18.00 1.00 2.00 26.57 86.32 69.32 -50000.00 250101.22 12825.34 0.00
2.00 19.00 1.00 2.00 24.62 111.42 106.75 0.00 245561.53 0.00 0.00
2.00 20.00 1.00 2.00 21.82 71.38 68.60 0.00 82020.24 0.00 -0.00
2.00 21.00 1.00 2.00 20.19 43.57 41.31 0.00 0.00 0.00 -0.00
2.00 22.00 1.00 2.00 18.88 37.65 35.68 0.00 0.00 0.00 -0.00
2.00 23.00 1.00 2.00 18.07 34.35 32.62 0.00 0.00 0.00 0.00
2.00 24.00 1.00 2.00 17.74 31.92 30.41 0.00 0.00 0.00 0.00
2.00 1.00 2.00 2.00 17.25 29.75 28.42 0.00 0.00 0.00 0.00
2.00 2.00 2.00 2.00 16.98 27.93 26.75 0.00 0.00 0.00 0.00
2.00 3.00 2.00 2.00 16.86 26.40 25.36 0.00 0.00 0.00 -0.00
2.00 4.00 2.00 2.00 16.79 25.08 24.17 0.00 0.00 0.00 -0.00
2.00 5.00 2.00 2.00 16.51 23.81 23.01 0.00 0.00 0.00 -0.00
2.00 6.00 2.00 2.00 15.96 22.51 21.80 0.00 0.00 0.00 -0.00
2.00 7.00 2.00 2.00 15.73 21.48 20.85 0.00 0.00 0.00 -0.00
2.00 8.00 2.00 2.00 16.32 23.73 23.34 0.00 2268.49 0.00 -853.35
2.00 9.00 2.00 2.00 17.74 27.03 26.71 0.00 15519.18 0.00 0.00
2.00 10.00 2.00 2.00 20.30 30.67 26.91 -12180.49 24594.68 0.00 -5528.25
2.00 11.00 2.00 2.00 23.14 34.38 26.91 -24176.16 31706.97 0.00 -12270.84
2.00 12.00 2.00 2.00 25.90 37.48 26.91 -33729.07 34922.85 0.00 -14880.55
2.00 13.00 2.00 2.00 27.97 39.73 26.91 -40238.97 35707.77 0.00 -9387.02
2.00 14.00 2.00 2.00 28.86 41.19 26.91 -44070.72 36703.92 0.00 -13806.56
2.00 15.00 2.00 2.00 29.04 50.45 34.18 -50000.00 82871.47 0.00 -2999.67
2.00 16.00 2.00 2.00 28.62 65.28 48.66 -50000.00 156773.56 0.00 0.00
2.00 17.00 2.00 2.00 27.96 78.12 61.28 -50000.00 215509.49 1915.52 0.00
2.00 18.00 2.00 2.00 26.62 86.35 69.33 -50000.00 250101.22 13790.85 0.00
2.00 19.00 2.00 2.00 24.63 111.43 106.74 0.00 245561.53 0.00 0.00
2.00 20.00 2.00 2.00 21.75 71.35 68.55 0.00 82020.24 0.00 -0.00
2.00 21.00 2.00 2.00 20.15 43.55 41.26 0.00 0.00 0.00 -0.00
2.00 22.00 2.00 2.00 19.13 37.78 35.80 0.00 0.00 0.00 -0.00
2.00 23.00 2.00 2.00 18.26 34.47 32.73 0.00 0.00 0.00 0.00
2.00 24.00 2.00 2.00 17.59 31.87 30.33 0.00 0.00 0.00 0.00
2.00 1.00 3.00 2.00 17.14 29.69 28.34 0.00 0.00 0.00 0.00
2.00 2.00 3.00 2.00 16.98 27.92 26.73 0.00 0.00 0.00 0.00
2.00 3.00 3.00 2.00 16.78 26.35 25.30 0.00 0.00 0.00 0.00
2.00 4.00 3.00 2.00 16.71 25.03 24.10 0.00 0.00 0.00 -0.00
2.00 5.00 3.00 2.00 16.50 23.79 22.97 0.00 0.00 0.00 -0.00
2.00 6.00 3.00 2.00 16.18 22.62 21.90 0.00 0.00 0.00 -0.00
2.00 7.00 3.00 2.00 16.14 21.71 21.08 0.00 0.00 0.00 -0.00
2.00 8.00 3.00 2.00 17.32 28.62 28.05 0.00 2268.49 0.00 0.00
2.00 9.00 3.00 2.00 19.45 34.06 33.57 0.00 15519.18 0.00 0.00
2.00 10.00 3.00 2.00 21.86 38.70 38.26 0.00 24594.68 0.00 0.00
2.00 11.00 3.00 2.00 24.06 42.90 42.51 0.00 31706.97 0.00 0.00
2.00 12.00 3.00 2.00 26.04 46.06 45.72 0.00 34922.85 0.00 0.00
2.00 13.00 3.00 2.00 27.68 48.35 48.05 0.00 35707.77 0.00 0.00
2.00 14.00 3.00 2.00 28.74 50.30 50.03 0.00 36703.92 0.00 0.00
2.00 15.00 3.00 2.00 29.21 64.30 64.06 0.00 82871.47 0.00 0.00
2.00 16.00 3.00 2.00 28.86 87.50 87.28 0.00 156773.56 0.00 0.00
2.00 17.00 3.00 2.00 28.18 108.55 108.37 0.00 215509.49 0.00 -0.00
2.00 18.00 3.00 2.00 26.97 123.30 123.14 0.00 250101.22 0.00 -0.00
2.00 19.00 3.00 2.00 24.83 119.90 119.76 0.00 245561.53 0.00 -0.00
2.00 20.00 3.00 2.00 22.20 75.89 75.76 0.00 82020.24 0.00 0.00
2.00 21.00 3.00 2.00 20.49 47.12 47.01 0.00 0.00 0.00 -0.00
2.00 22.00 3.00 2.00 19.40 40.86 40.76 0.00 0.00 0.00 -0.00
2.00 23.00 3.00 2.00 18.77 37.33 37.24 0.00 0.00 0.00 0.00
2.00 24.00 3.00 2.00 17.96 34.37 34.29 0.00 0.00 0.00 0.00
2.00 1.00 4.00 2.00 17.98 32.20 32.12 0.00 0.00 0.00 0.00
2.00 2.00 4.00 2.00 17.75 30.20 30.14 0.00 0.00 0.00 0.00
2.00 3.00 4.00 2.00 17.38 28.36 28.30 0.00 0.00 0.00 0.00
2.00 4.00 4.00 2.00 17.02 26.70 26.65 0.00 0.00 0.00 0.00
2.00 5.00 4.00 2.00 16.37 25.06 25.01 0.00 0.00 0.00 0.00
2.00 6.00 4.00 2.00 15.61 23.47 23.43 0.00 0.00 0.00 0.00
2.00 7.00 4.00 2.00 15.25 22.20 22.16 0.00 0.00 0.00 -0.00
2.00 8.00 4.00 2.00 16.21 28.80 28.77 0.00 2268.49 0.00 0.00
2.00 9.00 4.00 2.00 18.16 33.99 33.96 0.00 15519.18 0.00 0.00
2.00 10.00 4.00 2.00 20.55 38.46 38.44 0.00 24594.68 0.00 0.00
2.00 11.00 4.00 2.00 23.15 42.75 42.72 0.00 31706.97 0.00 0.00
2.00 12.00 4.00 2.00 25.69 46.14 46.12 0.00 34922.85 0.00 0.00
2.00 13.00 4.00 2.00 27.49 48.49 48.47 0.00 35707.77 0.00 0.00
2.00 14.00 4.00 2.00 28.14 50.18 50.17 0.00 36703.92 0.00 0.00
2.00 15.00 4.00 2.00 28.24 63.91 63.90 0.00 82871.47 0.00 0.00
2.00 16.00 4.00 2.00 27.94 87.05 87.04 0.00 156773.56 0.00 0.00
2.00 17.00 4.00 2.00 27.36 108.11 108.10 0.00 215509.49 0.00 -0.00
2.00 18.00 4.00 2.00 26.04 122.76 122.75 0.00 250101.22 0.00 -0.00
2.00 19.00 4.00 2.00 24.25 119.50 119.49 0.00 245561.53 0.00 -0.00
2.00 20.00 4.00 2.00 21.39 75.35 75.34 0.00 82020.24 0.00 0.00
2.00 21.00 4.00 2.00 19.54 46.48 46.47 0.00 0.00 0.00 -0.00
2.00 22.00 4.00 2.00 18.46 40.18 40.17 0.00 0.00 0.00 -0.00
2.00 23.00 4.00 2.00 17.78 36.59 36.58 0.00 0.00 0.00 0.00
2.00 24.00 4.00 2.00 17.06 33.65 33.64 0.00 0.00 0.00 0.00
2.00 1.00 5.00 2.00 16.82 31.31 31.31 0.00 0.00 0.00 0.00
2.00 2.00 5.00 2.00 16.72 29.35 29.34 0.00 0.00 0.00 0.00
2.00 3.00 5.00 2.00 16.50 27.57 27.56 0.00 0.00 0.00 0.00
2.00 4.00 5.00 2.00 16.26 25.98 25.97 0.00 0.00 0.00 0.00
2.00 5.00 5.00 2.00 15.86 24.47 24.47 0.00 0.00 0.00 0.00
2.00 6.00 5.00 2.00 15.37 23.05 23.05 0.00 0.00 0.00 0.00
2.00 7.00 5.00 2.00 15.15 21.88 21.88 0.00 0.00 0.00 -0.00
2.00 8.00 5.00 2.00 16.20 24.07 24.07 0.00 2268.49 0.00 0.00
2.00 9.00 5.00 2.00 17.91 27.51 26.91 -2100.80 15519.18 0.00 0.00
2.00 10.00 5.00 2.00 20.19 30.92 26.91 -13850.85 24594.68 0.00 -4419.21
2.00 11.00 5.00 2.00 22.59 34.27 26.91 -24452.04 31706.97 0.00 -11641.00
2.00 12.00 5.00 2.00 24.67 36.83 26.91 -32085.90 34922.85 0.00 -15066.62
2.00 13.00 5.00 2.00 26.22 38.63 26.91 -37086.77 35707.77 0.00 -15412.10
2.00 14.00 5.00 2.00 27.23 40.06 26.91 -40962.62 36703.92 0.00 -12686.93
2.00 15.00 5.00 2.00 27.52 49.35 33.32 -50000.00 82871.47 0.00 -7129.43
2.00 16.00 5.00 2.00 27.21 64.20 47.74 -50000.00 156773.56 0.00 0.00
2.00 17.00 5.00 2.00 26.57 77.01 60.31 -50000.00 215509.49 1965.84 0.00
2.00 18.00 5.00 2.00 25.37 85.30 68.41 -50000.00 250101.22 14316.36 0.00
2.00 19.00 5.00 2.00 23.58 110.54 106.00 0.00 245561.53 0.00 0.00
2.00 20.00 5.00 2.00 20.79 70.51 67.84 0.00 82020.24 0.00 -0.00
2.00 21.00 5.00 2.00 18.93 42.56 40.39 0.00 0.00 0.00 -0.00
2.00 22.00 5.00 2.00 17.85 36.72 34.85 0.00 0.00 0.00 -0.00
2.00 23.00 5.00 2.00 17.16 33.48 31.84 0.00 0.00 0.00 0.00
2.00 24.00 5.00 2.00 16.73 31.00 29.56 0.00 0.00 0.00 0.00
2.00 1.00 6.00 2.00 16.57 29.00 27.73 0.00 0.00 0.00 0.00
2.00 2.00 6.00 2.00 16.45 27.28 26.15 0.00 0.00 0.00 0.00
2.00 3.00 6.00 2.00 16.25 25.72 24.74 0.00 0.00 0.00 0.00
2.00 4.00 6.00 2.00 16.16 24.40 23.53 0.00 0.00 0.00 -0.00
2.00 5.00 6.00 2.00 16.03 23.22 22.46 0.00 0.00 0.00 -0.00
2.00 6.00 6.00 2.00 15.54 21.98 21.30 0.00 0.00 0.00 -0.00
2.00 7.00 6.00 2.00 15.31 20.96 20.36 0.00 0.00 0.00 -0.00
2.00 8.00 6.00 2.00 16.47 23.65 23.28 0.00 2268.49 0.00 -519.82
2.00 9.00 6.00 2.00 18.61 27.50 26.91 -985.38 15519.18 0.00 0.00
2.00 10.00 6.00 2.00 20.87 31.00 26.91 -13318.89 24594.68 0.00 -6030.11
2.00 11.00 6.00 2.00 23.54 34.62 26.91 -24941.20 31706.97 0.00 -16061.45
2.00 12.00 6.00 2.00 25.44 37.14 26.91 -32453.54 34922.85 0.00 -19403.47
2.00 13.00 6.00 2.00 26.96 38.98 26.91 -37673.97 35707.77 0.00 -18531.04
2.00 14.00 6.00 2.00 27.80 40.34 26.91 -41367.02 36703.92 0.00 -13440.85
2.00 15.00 6.00 2.00 28.19 49.72 33.54 -50000.00 82871.47 0.00 -7360.68
2.00 16.00 6.00 2.00 27.90 64.63 48.05 -50000.00 156773.56 0.00 0.00
2.00 17.00 6.00 2.00 27.04 77.33 60.52 -50000.00 215509.49 1772.00 0.00
2.00 18.00 6.00 2.00 25.66 85.51 68.52 -50000.00 250101.22 13899.52 0.00
2.00 19.00 6.00 2.00 23.54 110.53 105.88 0.00 245561.53 0.00 0.00
2.00 20.00 6.00 2.00 20.72 70.46 67.69 0.00 82020.24 0.00 -0.00
2.00 21.00 6.00 2.00 18.93 42.54 40.28 0.00 0.00 0.00 -0.00
2.00 22.00 6.00 2.00 17.90 36.73 34.77 0.00 0.00 0.00 -0.00
2.00 23.00 6.00 2.00 17.28 33.53 31.81 0.00 0.00 0.00 0.00
2.00 24.00 6.00 2.00 16.67 30.96 29.45 0.00 0.00 0.00 0.00
2.00 1.00 7.00 2.00 16.44 28.91 27.58 0.00 0.00 0.00 0.00
2.00 2.00 7.00 2.00 16.27 27.15 25.98 0.00 0.00 0.00 0.00
2.00 3.00 7.00 2.00 15.95 25.52 24.49 0.00 0.00 0.00 0.00
2.00 4.00 7.00 2.00 15.78 24.14 23.23 0.00 0.00 0.00 0.00
2.00 5.00 7.00 2.00 15.50 22.86 22.05 0.00 0.00 0.00 -0.00
2.00 6.00 7.00 2.00 15.29 21.74 21.03 0.00 0.00 0.00 -0.00
2.00 7.00 7.00 2.00 15.21 20.81 20.18 0.00 0.00 0.00 -0.00
2.00 8.00 7.00 2.00 16.29 23.46 23.08 0.00 2268.49 0.00 0.00
2.00 9.00 7.00 2.00 18.51 27.37 26.91 -487.71 15519.18 0.00 0.00
2.00 10.00 7.00 2.00 20.85 30.94 26.91 -13072.82 24594.68 0.00 -4918.52
2.00 11.00 7.00 2.00 23.23 34.36 26.91 -24029.71 31706.97 0.00 -13129.12
2.00 12.00 7.00 2.00 25.41 37.07 26.91 -32262.11 34922.85 0.00 -16567.48
2.00 13.00 7.00 2.00 27.01 38.96 26.91 -37647.15 35707.77 0.00 -16990.76
2.00 14.00 7.00 2.00 28.08 40.50 26.91 -41929.75 36703.92 0.00 -14638.22
2.00 15.00 7.00 2.00 28.67 50.04 33.85 -50000.00 82871.47 0.00 -8304.40
2.00 16.00 7.00 2.00 28.40 65.00 48.41 -50000.00 156773.56 0.00 0.00
2.00 17.00 7.00 2.00 27.57 77.73 60.92 -50000.00 215509.49 1493.01 0.00
2.00 18.00 7.00 2.00 26.38 86.06 69.07 -50000.00 250101.22 14294.08 0.00
2.00 19.00 7.00 2.00 24.40 111.13 106.48 0.00 245561.53 0.00 0.00
2.00 20.00 7.00 2.00 21.75 71.18 68.41 0.00 82020.24 0.00 -0.00
2.00 21.00 7.00 2.00 19.92 43.29 41.03 0.00 0.00 0.00 -0.00
2.00 22.00 7.00 2.00 18.85 37.49 35.52 0.00 0.00 0.00 -0.00
2.00 23.00 7.00 2.00 17.97 34.17 32.45 0.00 0.00 0.00 0.00
2.00 24.00 7.00 2.00 17.23 31.53 30.02 0.00 0.00 0.00 0.00
2.00 1.00 1.00 2.00 16.95 29.44 28.11 0.00 0.00 0.00 0.00
2.00 2.00 1.00 2.00 16.68 27.63 26.45 0.00 0.00 0.00 0.00
2.00 3.00 1.00 2.00 16.30 25.95 24.91 0.00 0.00 0.00 -0.00
2.00 4.00 1.00 2.00 16.02 24.50 23.58 0.00 0.00 0.00 -0.00
2.00 5.00 1.00 2.00 15.83 23.25 22.44 0.00 0.00 0.00 -0.00
2.00 6.00 1.00 2.00 15.53 22.07 21.36 0.00 0.00 0.00 -0.00
2.00 7.00 1.00 2.00 15.30 21.04 20.41 0.00 0.00 0.00 -0.00
2.00 8.00 1.00 2.00 15.96 23.35 22.96 0.00 2268.49 0.00 0.00
2.00 9.00 1.00 2.00 17.71 26.88 26.56 0.00 15519.18 0.00 0.00
2.00 10.00 1.00 2.00 19.85 30.26 26.91 -10736.04 24594.68 0.00 -2985.68
2.00 11.00 1.00 2.00 22.15 33.57 26.91 -21481.09 31706.97 0.00 -12590.19
2.00 12.00 1.00 2.00 24.10 36.07 26.91 -29072.71 34922.85 0.00 -16384.17
2.00 13.00 1.00 2.00 25.91 38.07 26.91 -34930.85 35707.77 0.00 -16792.35
2.00 14.00 1.00 2.00 27.23 39.75 26.91 -39750.27 36703.92 0.00 -12966.82
2.00 15.00 1.00 2.00 27.70 49.21 33.14 -50000.00 82871.47 0.00 -7367.95
2.00 16.00 1.00 2.00 27.50 64.18 47.67 -50000.00 156773.56 0.00 0.00
2.00 17.00 1.00 2.00 26.79 76.99 60.23 -50000.00 215509.49 2093.24 0.00
2.00 18.00 1.00 2.00 25.51 85.26 68.31 -50000.00 250101.22 13767.02 0.00
2.00 19.00 1.00 2.00 23.27 110.20 105.61 0.00 245561.53 0.00 0.00
2.00 20.00 1.00 2.00 20.28 70.04 67.32 0.00 82020.24 0.00 -0.00
2.00 21.00 1.00 2.00 18.51 42.12 39.91 0.00 0.00 0.00 -0.00
2.00 22.00 1.00 2.00 17.64 36.40 34.48 0.00 0.00 0.00 -0.00
2.00 23.00 1.00 2.00 16.92 33.16 31.48 0.00 0.00 0.00 0.00
2.00 24.00 1.00 2.00 16.50 30.70 29.22 0.00 0.00 0.00 0.00
2.00 1.00 2.00 2.00 16.41 28.74 27.44 0.00 0.00 0.00 0.00
2.00 2.00 2.00 2.00 16.13 26.94 25.80 0.00 0.00 0.00 0.00
2.00 3.00 2.00 2.00 15.85 25.34 24.33 0.00 0.00 0.00 0.00
2.00 4.00 2.00 2.00 15.50 23.88 22.98 0.00 0.00 0.00 -0.00
2.00 5.00 2.00 2.00 15.08 22.51 21.72 0.00 0.00 0.00 -0.00
2.00 6.00 2.00 2.00 14.87 21.37 20.68 0.00 0.00 0.00 -0.00
2.00 7.00 2.00 2.00 14.86 20.48 19.86 0.00 0.00 0.00 -0.00
2.00 8.00 2.00 2.00 16.01 23.17 22.80 0.00 2268.49 0.00 0.00
2.00 9.00 2.00 2.00 18.04 26.95 26.64 0.00 15519.18 0.00 0.00
2.00 10.00 2.00 2.00 20.30 30.45 26.91 -11432.32 24594.68 0.00 -3789.97
2.00 11.00 2.00 2.00 22.86 33.99 26.91 -22909.10 31706.97 0.00 -12590.39
2.00 12.00 2.00 2.00 25.13 36.76 26.91 -31345.96 34922.85 0.00 -17128.00
2.00 13.00 2.00 2.00 26.76 38.68 26.91 -36840.32 35707.77 0.00 -16696.55
2.00 14.00 2.00 2.00 27.66 40.11 26.91 -40737.42 36703.92 0.00 -13187.52
2.00 15.00 2.00 2.00 28.05 49.51 33.38 -50000.00 82871.47 0.00 -7309.58
2.00 16.00 2.00 2.00 27.90 64.52 47.97 -50000.00 156773.56 0.00 0.00
2.00 17.00 2.00 2.00 27.11 77.28 60.50 -50000.00 215509.49 2028.32 0.00
2.00 18.00 2.00 2.00 25.87 85.58 68.61 -50000.00 250101.22 13817.83 0.00
2.00 19.00 2.00 2.00 24.03 110.73 106.11 0.00 245561.53 0.00 0.00
2.00 20.00 2.00 2.00 21.37 70.79 68.04 0.00 82020.24 0.00 -0.00
2.00 21.00 2.00 2.00 19.51 42.88 40.64 0.00 0.00 0.00 -0.00
2.00 22.00 2.00 2.00 18.43 37.07 35.13 0.00 0.00 0.00 -0.00
2.00 23.00 2.00 2.00 17.42 33.68 31.98 0.00 0.00 0.00 0.00
2.00 24.00 2.00 2.00 16.88 31.14 29.64 0.00 0.00 0.00 0.00
2.00 1.00 3.00 2.00 16.50 29.01 27.69 0.00 0.00 0.00 0.00
2.00 2.00 3.00 2.00 16.49 27.33 26.17 0.00 0.00 0.00 0.00
2.00 3.00 3.00 2.00 16.34 25.80 24.78 0.00 0.00 0.00 0.00
2.00 4.00 3.00 2.00 15.93 24.31 23.41 0.00 0.00 0.00 -0.00
2.00 5.00 3.00 2.00 15.41 22.88 22.09 0.00 0.00 0.00 -0.00
2.00 6.00 3.00 2.00 15.14 21.71 21.01 0.00 0.00 0.00 -0.00
2.00 7.00 3.00 2.00 15.00 20.73 20.11 0.00 0.00 0.00 -0.00
2.00 8.00 3.00 2.00 15.95 27.48 26.93 0.00 2268.49 0.00 0.00
2.00 9.00 3.00 2.00 18.15 32.93 32.45 0.00 15519.18 0.00 0.00
2.00 10.00 3.00 2.00 20.76 37.66 37.23 0.00 24594.68 0.00 0.00
2.00 11.00 3.00 2.00 23.72 42.27 41.89 0.00 31706.97 0.00 0.00
2.00 12.00 3.00 2.00 26.24 45.79 45.45 0.00 34922.85 0.00 0.00
2.00 13.00 3.00 2.00 28.18 48.33 48.03 0.00 35707.77 0.00 0.00
2.00 14.00 3.00 2.00 29.57 50.53 50.27 0.00 36703.92 0.00 0.00
2.00 15.00 3.00 2.00 30.26 64.74 64.51 0.00 82871.47 0.00 0.00
2.00 16.00 3.00 2.00 30.00 88.07 87.87 0.00 156773.56 0.00 0.00
2.00 17.00 3.00 2.00 29.07 109.07 108.89 0.00 215509.49 0.00 -0.00
2.00 18.00 3.00 2.00 27.80 123.82 123.66 0.00 250101.22 0.00 -0.00
2.00 19.00 3.00 2.00 25.83 120.56 120.41 0.00 245561.53 0.00 -0.00
2.00 20.00 3.00 2.00 22.93 76.44 76.31 0.00 82020.24 0.00 0.00
2.00 21.00 3.00 2.00 21.03 47.59 47.47 0.00 0.00 0.00 -0.00
2.00 22.00 3.00 2.00 19.64 41.16 41.06 0.00 0.00 0.00 -0.00
2.00 23.00 3.00 2.00 18.54 37.36 37.27 0.00 0.00 0.00 0.00
2.00 24.00 3.00 2.00 17.83 34.40 34.32 0.00 0.00 0.00 0.00
2.00 1.00 4.00 2.00 17.40 31.96 31.89 0.00 0.00 0.00 0.00
2.00 2.00 4.00 2.00 17.23 29.94 29.88 0.00 0.00 0.00 0.00
2.00 3.00 4.00 2.00 17.03 28.16 28.10 0.00 0.00 0.00 0.00
2.00 4.00 4.00 2.00 16.74 26.53 26.48 0.00 0.00 0.00 0.00
2.00 5.00 4.00 2.00 16.33 25.00 24.96 0.00 0.00 0.00 0.00
2.00 6.00 4.00 2.00 15.76 23.52 23.48 0.00 0.00 0.00 -0.00
2.00 7.00 4.00 2.00 15.51 22.33 22.30 0.00 0.00 0.00 -0.00
2.00 8.00 4.00 2.00 16.74 29.11 29.08 0.00 2268.49 0.00 0.00
2.00 9.00 4.00 2.00 19.06 34.53 34.50 0.00 15519.18 0.00 0.00
2.00 10.00 4.00 2.00 21.67 39.18 39.16 0.00 24594.68 0.00 0.00
2.00 11.00 4.00 2.00 23.98 43.37 43.34 0.00 31706.97 0.00 0.00
2.00 12.00 4.00 2.00 26.14 46.57 46.55 0.00 34922.85 0.00 0.00
2.00 13.00 4.00 2.00 27.71 48.79 48.77 0.00 35707.77 0.00 0.00
2.00 14.00 4.00 2.00 28.81 50.70 50.69 0.00 36703.92 0.00 0.00
2.00 15.00 4.00 2.00 29.64 64.86 64.85 0.00 82871.47 0.00 0.00
2.00 16.00 4.00 2.00 29.46 88.16 88.14 0.00 156773.56 0.00 0.00
2.00 17.00 4.00 2.00 28.66 109.15 109.14 0.00 215509.49 0.00 -0.00
2.00 18.00 4.00 2.00 27.45 123.89 123.88 0.00 250101.22 0.00 -0.00
2.00 19.00 4.00 2.00 25.57 120.62 120.61 0.00 245561.53 0.00 -0.00
2.00 20.00 4.00 2.00 22.66 76.46 76.45 0.00 82020.24 0.00 0.00
2.00 21.00 4.00 2.00 21.00 47.71 47.71 0.00 0.00 0.00 -0.00
2.00 22.00 4.00 2.00 19.88 41.42 41.42 0.00 0.00 0.00 -0.00
2.00 23.00 4.00 2.00 18.97 37.73 37.72 0.00 0.00 0.00 0.00
2.00 24.00 4.00 2.00 18.12 34.72 34.71 0.00 0.00 0.00 0.00
2.00 1.00 5.00 2.00 17.75 32.30 32.30 0.00 0.00 0.00 0.00
2.00 2.00 5.00 2.00 17.50 30.24 30.24 0.00 0.00 0.00 0.00
2.00 3.00 5.00 2.00 16.95 28.26 28.26 0.00 0.00 0.00 0.00
2.00 4.00 5.00 2.00 16.51 26.52 26.52 0.00 0.00 0.00 0.00
2.00 5.00 5.00 2.00 16.03 24.92 24.92 0.00 0.00 0.00 0.00
2.00 6.00 5.00 2.00 15.61 23.50 23.49 0.00 0.00 0.00 -0.00
2.00 7.00 5.00 2.00 15.97 22.63 22.62 0.00 0.00 0.00 -0.00
2.00 8.00 5.00 2.00 17.24 25.01 25.00 0.00 2268.49 0.00 0.00
2.00 9.00 5.00 2.00 19.18 28.63 26.91 -6038.17 15519.18 0.00 -1980.69
2.00 10.00 5.00 2.00 21.59 32.16 26.91 -17838.01 24594.68 0.00 -9197.78
2.00 11.00 5.00 2.00 24.08 35.60 26.91 -28635.82 31706.97 0.00 -15503.23
2.00 12.00 5.00 2.00 26.49 38.42 26.91 -37055.92 34922.85 0.00 -19990.74
2.00 13.00 5.00 2.00 28.47 40.55 26.91 -43096.34 35707.77 0.00 -21164.34
2.00 14.00 5.00 2.00 29.67 42.17 26.91 -47467.26 36703.92 0.00 -19240.35
2.00 15.00 5.00 2.00 30.34 51.77 35.44 -50000.00 82871.47 0.00 -9235.98
2.00 16.00 5.00 2.00 30.17 66.79 50.17 -50000.00 156773.56 0.00 0.00
2.00 17.00 5.00 2.00 29.48 79.62 62.79 -50000.00 215509.49 1006.78 0.00
2.00 18.00 5.00 2.00 28.25 87.94 70.92 -50000.00 250101.22 14123.75 0.00
2.00 19.00 5.00 2.00 26.47 113.12 108.45 0.00 245561.53 0.00 -0.00
2.00 20.00 5.00 2.00 23.61 73.08 70.29 0.00 82020.24 0.00 -0.00
2.00 21.00 5.00 2.00 21.65 45.10 42.82 0.00 0.00 0.00 -0.00
2.00 22.00 5.00 2.00 20.49 39.24 37.26 0.00 0.00 0.00 -0.00
2.00 23.00 5.00 2.00 19.45 35.82 34.09 0.00 0.00 0.00 0.00
2.00 24.00 5.00 2.00 18.83 33.22 31.70 0.00 0.00 0.00 0.00
2.00 1.00 6.00 2.00 18.44 31.06 29.72 0.00 0.00 0.00 0.00
2.00 2.00 6.00 2.00 18.10 29.19 28.01 0.00 0.00 0.00 0.00
2.00 3.00 6.00 2.00 17.71 27.49 26.45 0.00 0.00 0.00 -0.00
2.00 4.00 6.00 2.00 17.28 25.93 25.02 0.00 0.00 0.00 -0.00
2.00 5.00 6.00 2.00 16.70 24.44 23.63 0.00 0.00 0.00 -0.00
2.00 6.00 6.00 2.00 16.15 23.08 22.37 0.00 0.00 0.00 -0.00
2.00 7.00 6.00 2.00 15.85 21.96 21.33 0.00 0.00 0.00 -0.00
2.00 8.00 6.00 2.00 16.57 24.15 23.77 0.00 2268.49 0.00 0.00
2.00 9.00 6.00 2.00 18.68 27.91 26.91 -2365.74 15519.18 0.00 0.00
2.00 10.00 6.00 2.00 20.93 31.36 26.91 -14376.09 24594.68 0.00 -6327.14
2.00 11.00 6.00 2.00 23.42 34.81 26.91 -25416.07 31706.97 0.00 -11344.23
2.00 12.00 6.00 2.00 25.91 37.69 26.91 -34246.20 34922.85 0.00 -16621.61
2.00 13.00 6.00 2.00 27.73 39.74 26.91 -40073.16 35707.77 0.00 -16844.90
2.00 14.00 6.00 2.00 28.82 41.28 26.91 -44312.47 36703.92 0.00 -15903.61
2.00 15.00 6.00 2.00 29.34 50.78 34.48 -50000.00 82871.47 0.00 -8425.17
2.00 16.00 6.00 2.00 29.12 65.75 49.10 -50000.00 156773.56 0.00 0.00
2.00 17.00 6.00 2.00 28.28 78.47 61.61 -50000.00 215509.49 1641.66 0.00
2.00 18.00 6.00 2.00 27.24 86.91 69.87 -50000.00 250101.22 13696.20 0.00
2.00 19.00 6.00 2.00 25.54 112.13 107.43 0.00 245561.53 0.00 0.00
2.00 20.00 6.00 2.00 22.90 72.22 69.40 0.00 82020.24 0.00 -0.00
2.00 21.00 6.00 2.00 21.14 44.37 42.07 0.00 0.00 0.00 -0.00
2.00 22.00 6.00 2.00 20.27 38.71 36.71 0.00 0.00 0.00 -0.00
2.00 23.00 6.00 2.00 19.54 35.50 33.75 0.00 0.00 0.00 0.00
2.00 24.00 6.00 2.00 18.71 32.85 31.31 0.00 0.00 0.00 0.00
2.00 1.00 7.00 2.00 18.31 30.72 29.36 0.00 0.00 0.00 0.00
2.00 2.00 7.00 2.00 17.99 28.88 27.68 0.00 0.00 0.00 0.00
2.00 3.00 7.00 2.00 17.63 27.22 26.17 0.00 0.00 0.00 0.00
2.00 4.00 7.00 2.00 17.21 25.70 24.77 0.00 0.00 0.00 -0.00
2.00 5.00 7.00 2.00 16.94 24.40 23.58 0.00 0.00 0.00 -0.00
2.00 6.00 7.00 2.00 16.58 23.18 22.46 0.00 0.00 0.00 -0.00
2.00 7.00 7.00 2.00 16.43 22.19 21.55 0.00 0.00 0.00 -0.00
2.00 8.00 7.00 2.00 17.26 24.61 24.21 0.00 2268.49 0.00 -295.31
2.00 9.00 7.00 2.00 18.85 28.04 26.91 -2818.25 15519.18 0.00 0.00
2.00 10.00 7.00 2.00 20.81 31.28 26.91 -14039.86 24594.68 0.00 -6304.49
2.00 11.00 7.00 2.00 23.30 34.71 26.91 -25092.79 31706.97 0.00 -11989.24
2.00 12.00 7.00 2.00 25.68 37.52 26.91 -33659.76 34922.85 0.00 -16646.98
2.00 13.00 7.00 2.00 27.52 39.56 26.91 -39515.05 35707.77 0.00 -17211.03
2.00 14.00 7.00 2.00 28.56 41.07 26.91 -43638.81 36703.92 0.00 -16251.53
2.00 15.00 7.00 2.00 28.79 50.36 34.08 -50000.00 82871.47 0.00 -8744.79
2.00 16.00 7.00 2.00 28.53 65.28 48.64 -50000.00 156773.56 0.00 0.00
2.00 17.00 7.00 2.00 27.78 78.04 61.19 -50000.00 215509.49 1385.33 0.00
2.00 18.00 7.00 2.00 26.64 86.40 69.37 -50000.00 250101.22 13254.75 0.00
2.00 19.00 7.00 2.00 24.93 111.64 106.94 0.00 245561.53 0.00 0.00
2.00 20.00 7.00 2.00 22.37 71.76 68.94 0.00 82020.24 0.00 -0.00
2.00 21.00 7.00 2.00 20.54 43.87 41.57 0.00 0.00 0.00 -0.00
2.00 22.00 7.00 2.00 19.57 38.13 36.14 0.00 0.00 0.00 -0.00
2.00 23.00 7.00 2.00 18.77 34.87 33.12 0.00 0.00 0.00 0.00
2.00 24.00 7.00 2.00 18.06 32.26 30.72 0.00 0.00 0.00 0.00
2.00 1.00 1.00 2.00 17.70 30.15 28.79 0.00 0.00 0.00 0.00
2.00 2.00 1.00 2.00 17.26 28.24 27.04 0.00 0.00 0.00 0.00
2.00 3.00 1.00 2.00 16.72 26.47 25.42 0.00 0.00 0.00 0.00
2.00 4.00 1.00 2.00 16.34 24.94 24.01 0.00 0.00 0.00 -0.00
2.00 5.00 1.00 2.00 16.01 23.59 22.77 0.00 0.00 0.00 -0.00
2.00 6.00 1.00 2.00 15.75 22.41 21.69 0.00 0.00 0.00 -0.00
2.00 7.00 1.00 2.00 15.67 21.45 20.81 0.00 0.00 0.00 -0.00
2.00 8.00 1.00 2.00 17.05 24.24 23.85 0.00 2268.49 0.00 -41.22
2.00 9.00 1.00 2.00 18.94 27.92 26.91 -2399.07 15519.18 0.00 0.00
2.00 10.00 1.00 2.00 21.57 31.67 26.91 -15439.66 24594.68 0.00 -8383.00
2.00 11.00 1.00 2.00 24.08 35.18 26.91 -26624.71 31706.97 0.00 -13621.37
2.00 12.00 1.00 2.00 26.57 38.11 26.91 -35554.89 34922.85 0.00 -19164.57
2.00 13.00 1.00 2.00 28.37 40.17 26.91 -41421.90 35707.77 0.00 -20025.40
2.00 14.00 1.00 2.00 29.53 41.80 26.91 -45895.75 36703.92 0.00 -19099.52
2.00 15.00 1.00 2.00 30.07 51.34 34.96 -50000.00 82871.47 0.00 -9975.24
2.00 16.00 1.00 2.00 29.71 66.24 49.55 -50000.00 156773.56 0.00 0.00
2.00 17.00 1.00 2.00 28.90 78.99 62.09 -50000.00 215509.49 881.63 0.00
2.00 18.00 1.00 2.00 27.84 87.43 70.36 -50000.00 250101.22 14047.75 0.00
2.00 19.00 1.00 2.00 26.16 112.64 107.90 0.00 245561.53 0.00 -0.00
2.00 20.00 1.00 2.00 23.62 72.79 69.94 0.00 82020.24 0.00 -0.00
2.00 21.00 1.00 2.00 21.68 44.87 42.54 0.00 0.00 0.00 -0.00
2.00 22.00 1.00 2.00 20.59 39.08 37.06 0.00 0.00 0.00 -0.00
2.00 23.00 1.00 2.00 19.71 35.78 34.00 0.00 0.00 0.00 0.00
2.00 24.00 1.00 2.00 18.91 33.12 31.56 0.00 0.00 0.00 0.00
2.00 1.00 2.00 2.00 18.51 30.98 29.61 0.00 0.00 0.00 0.00
2.00 2.00 2.00 2.00 18.13 29.10 27.88 0.00 0.00 0.00 0.00
2.00 3.00 2.00 2.00 17.80 27.44 26.37 0.00 0.00 0.00 0.00
2.00 4.00 2.00 2.00 17.41 25.93 24.99 0.00 0.00 0.00 -0.00
2.00 5.00 2.00 2.00 16.97 24.54 23.70 0.00 0.00 0.00 -0.00
2.00 6.00 2.00 2.00 16.50 23.24 22.51 0.00 0.00 0.00 -0.00
2.00 7.00 2.00 2.00 16.34 22.22 21.57 0.00 0.00 0.00 -0.00
2.00 8.00 2.00 2.00 17.10 24.54 24.14 0.00 2268.49 0.00 0.00
2.00 9.00 2.00 2.00 18.99 28.16 26.91 -3219.40 15519.18 0.00 0.00
2.00 10.00 2.00 2.00 21.49 31.79 26.91 -15779.72 24594.68 0.00 -8059.95
2.00 11.00 2.00 2.00 24.51 35.62 26.91 -28105.09 31706.97 0.00 -16924.05
2.00 12.00 2.00 2.00 27.19 38.70 26.91 -37430.29 34922.85 0.00 -22294.55
2.00 13.00 2.00 2.00 29.25 40.95 26.91 -43889.27 35707.77 0.00 -23434.78
2.00 14.00 2.00 2.00 30.35 42.55 26.91 -48214.53 36703.92 0.00 -21329.34
2.00 15.00 2.00 2.00 30.78 52.02 35.54 -50000.00 82871.47 0.00 -10209.92
2.00 16.00 2.00 2.00 30.36 66.89 50.14 -50000.00 156773.56 0.00 0.00
2.00 17.00 2.00 2.00 29.58 79.65 62.72 -50000.00 215509.49 641.24 0.00
2.00 18.00 2.00 2.00 28.58 88.14 71.03 -50000.00 250101.22 14760.96 0.00
2.00 19.00 2.00 2.00 26.84 113.32 108.52 0.00 245561.53 0.00 -0.00
2.00 20.00 2.00 2.00 24.06 73.33 70.43 0.00 82020.24 0.00 -0.00
2.00 21.00 2.00 2.00 22.05 45.36 42.98 0.00 0.00 0.00 -0.00
2.00 22.00 2.00 2.00 20.88 39.50 37.44 0.00 0.00 0.00 -0.00
2.00 23.00 2.00 2.00 19.98 36.17 34.37 0.00 0.00 0.00 0.00
2.00 24.00 2.00 2.00 18.99 33.39 31.80 0.00 0.00 0.00 0.00
2.00 1.00 3.00 2.00 18.43 31.13 29.73 0.00 0.00 0.00 0.00
2.00 2.00 3.00 2.00 18.13 29.26 28.02 0.00 0.00 0.00 0.00
2.00 3.00 3.00 2.00 17.83 27.60 26.51 0.00 0.00 0.00 0.00
2.00 4.00 3.00 2.00 17.56 26.14 25.18 0.00 0.00 0.00 -0.00
2.00 5.00 3.00 2.00 17.06 24.70 23.86 0.00 0.00 0.00 -0.00
2.00 6.00 3.00 2.00 16.46 23.33 22.58 0.00 0.00 0.00 -0.00
2.00 7.00 3.00 2.00 15.98 22.11 21.45 0.00 0.00 0.00 -0.00
2.00 8.00 3.00 2.00 16.80 28.73 28.15 0.00 2268.49 0.00 0.00
2.00 9.00 3.00 2.00 18.94 34.09 33.57 0.00 15519.18 0.00 0.00
2.00 10.00 3.00 2.00 21.40 38.69 38.23 0.00 24594.68 0.00 0.00
2.00 11.00 3.00 2.00 24.37 43.25 42.85 0.00 31706.97 0.00 0.00
2.00 12.00 3.00 2.00 26.69 46.62 46.26 0.00 34922.85 0.00 0.00
2.00 13.00 3.00 2.00 28.53 49.04 48.73 0.00 35707.77 0.00 0.00
2.00 14.00 3.00 2.00 29.68 51.07 50.79 0.00 36703.92 0.00 0.00
2.00 15.00 3.00 2.00 30.16 65.10 64.85 0.00 82871.47 0.00 0.00
2.00 16.00 3.00 2.00 29.93 88.39 88.16 0.00 156773.56 0.00 0.00
2.00 17.00 3.00 2.00 29.29 109.50 109.30 0.00 215509.49 0.00 -0.00
2.00 18.00 3.00 2.00 28.27 124.37 124.20 0.00 250101.22 0.00 -0.00
2.00 19.00 3.00 2.00 26.73 121.33 121.18 0.00 245561.53 0.00 -0.00
2.00 20.00 3.00 2.00 24.41 77.57 77.43 0.00 82020.24 0.00 0.00
2.00 21.00 3.00 2.00 22.52 48.79 48.67 0.00 0.00 0.00 -0.00
2.00 22.00 3.00 2.00 21.30 42.49 42.39 0.00 0.00 0.00 -0.00
2.00 23.00 3.00 2.00 20.50 38.90 38.81 0.00 0.00 0.00 0.00
2.00 24.00 3.00 2.00 19.65 35.94 35.85 0.00 0.00 0.00 0.00
2.00 1.00 4.00 2.00 19.19 33.51 33.44 0.00 0.00 0.00 0.00
2.00 2.00 4.00 2.00 18.85 31.43 31.36 0.00 0.00 0.00 0.00
2.00 3.00 4.00 2.00 18.50 29.57 29.51 0.00 0.00 0.00 0.00
2.00 4.00 4.00 2.00 18.08 27.88 27.82 0.00 0.00 0.00 0.00
2.00 5.00 4.00 2.00 17.37 26.18 26.13 0.00 0.00 0.00 0.00
2.00 6.00 4.00 2.00 16.72 24.63 24.59 0.00 0.00 0.00 0.00
2.00 7.00 4.00 2.00 16.28 23.31 23.27 0.00 0.00 0.00 -0.00
2.00 8.00 4.00 2.00 16.83 29.68 29.64 0.00 2268.49 0.00 0.00
2.00 9.00 4.00 2.00 18.83 34.84 34.81 0.00 15519.18 0.00 0.00
2.00 10.00 4.00 2.00 21.11 39.23 39.21 0.00 24594.68 0.00 0.00
2.00 11.00 4.00 2.00 24.04 43.67 43.64 0.00 31706.97 0.00 0.00
2.00 12.00 4.00 2.00 26.67 47.11 47.09 0.00 34922.85 0.00 0.00
2.00 13.00 4.00 2.00 28.70 49.60 49.58 0.00 35707.77 0.00 0.00
2.00 14.00 4.00 2.00 29.95 51.64 51.62 0.00 36703.92 0.00 0.00
2.00 15.00 4.00 2.00 30.51 65.68 65.67 0.00 82871.47 0.00 0.00
2.00 16.00 4.00 2.00 30.22 88.91 88.90 0.00 156773.56 0.00 0.00
2.00 17.00 4.00 2.00 29.37 109.88 109.87 0.00 215509.49 0.00 -0.00
2.00 18.00 4.00 2.00 28.49 124.79 124.78 0.00 250101.22 0.00 -0.00
2.00 19.00 4.00 2.00 26.68 121.59 121.58 0.00 245561.53 0.00 -0.00
2.00 20.00 4.00 2.00 24.24 77.71 77.71 0.00 82020.24 0.00 0.00
2.00 21.00 4.00 2.00 22.39 48.91 48.91 0.00 0.00 0.00 -0.00
2.00 22.00 4.00 2.00 21.23 42.62 42.62 0.00 0.00 0.00 -0.00
2.00 23.00 4.00 2.00 20.40 38.99 38.98 0.00 0.00 0.00 0.00
2.00 24.00 4.00 2.00 19.84 36.16 36.16 0.00 0.00 0.00 0.00
2.00 1.00 5.00 2.00 19.40 33.75 33.75 0.00 0.00 0.00 0.00
2.00 2.00 5.00 2.00 18.99 31.63 31.63 0.00 0.00 0.00 0.00
2.00 3.00 5.00 2.00 18.60 29.75 29.74 0.00 0.00 0.00 0.00
2.00 4.00 5.00 2.00 18.02 27.95 27.95 0.00 0.00 0.00 0.00
2.00 5.00 5.00 2.00 17.26 26.21 26.21 0.00 0.00 0.00 0.00
2.00 6.00 5.00 2.00 16.87 24.78 24.78 0.00 0.00 0.00 0.00
2.00 7.00 5.00 2.00 16.62 23.57 23.57 0.00 0.00 0.00 -0.00
2.00 8.00 5.00 2.00 17.54 25.58 25.58 0.00 2268.49 0.00 0.00
2.00 9.00 5.00 2.00 19.50 29.17 26.91 -7901.53 15519.18 0.00 -2832.36
2.00 10.00 5.00 2.00 22.00 32.72 26.91 -19639.93 24594.68 0.00 -9619.00
2.00 11.00 5.00 2.00 24.63 36.24 26.91 -30650.78 31706.97 0.00 -17260.86
2.00 12.00 5.00 2.00 27.08 39.08 26.91 -39106.27 34922.85 0.00 -20204.04
2.00 13.00 5.00 2.00 29.20 41.30 26.91 -45413.30 35707.77 0.00 -20850.76
2.00 14.00 5.00 2.00 30.83 43.22 27.12 -50000.00 36703.92 0.00 -22846.65
2.00 15.00 5.00 2.00 31.35 52.75 36.29 -50000.00 82871.47 0.00 -10305.49
2.00 16.00 5.00 2.00 30.81 67.51 50.82 -50000.00 156773.56 0.00 0.00
2.00 17.00 5.00 2.00 29.94 80.19 63.30 -50000.00 215509.49 549.28 0.00
2.00 18.00 5.00 2.00 28.68 88.46 71.41 -50000.00 250101.22 14078.47 0.00
2.00 19.00 5.00 2.00 26.56 113.49 108.75 0.00 245561.53 0.00 -0.00
2.00 20.00 5.00 2.00 23.90 73.51 70.67 0.00 82020.24 0.00 -0.00
2.00 21.00 5.00 2.00 22.08 45.60 43.28 0.00 0.00 0.00 -0.00
2.00 22.00 5.00 2.00 21.07 39.81 37.80 0.00 0.00 0.00 -0.00
2.00 23.00 5.00 2.00 20.34 36.57 34.80 0.00 0.00 0.00 0.00
2.00 24.00 5.00 2.00 19.86 34.07 32.52 0.00 0.00 0.00 0.00
2.00 1.00 6.00 2.00 19.57 32.00 30.63 0.00 0.00 0.00 0.00
2.00 2.00 6.00 2.00 19.10 30.08 28.88 0.00 0.00 0.00 0.00
2.00 3.00 6.00 2.00 18.64 28.36 27.29 0.00 0.00 0.00 0.00
2.00 4.00 6.00 2.00 18.03 26.71 25.77 0.00 0.00 0.00 0.00
2.00 5.00 6.00 2.00 17.36 25.16 24.34 0.00 0.00 0.00 -0.00
2.00 6.00 6.00 2.00 17.00 23.89 23.16 0.00 0.00 0.00 -0.00
2.00 7.00 6.00 2.00 16.43 22.63 21.98 0.00 0.00 0.00 -0.00
2.00 8.00 6.00 2.00 17.34 24.91 24.52 0.00 2268.49 0.00 0.00
2.00 9.00 6.00 2.00 19.48 28.69 26.91 -5091.85 15519.18 0.00 -1352.71
2.00 10.00 6.00 2.00 21.42 31.93 26.91 -16101.85 24594.68 0.00 -7269.22
2.00 11.00 6.00 2.00 24.49 35.76 26.91 -28518.94 31706.97 0.00 -16336.56
2.00 12.00 6.00 2.00 27.10 38.76 26.91 -37583.66 34922.85 0.00 -21047.21
2.00 13.00 6.00 2.00 29.12 40.96 26.91 -43888.54 35707.77 0.00 -21382.60
2.00 14.00 6.00 2.00 30.13 42.49 26.91 -47939.83 36703.92 0.00 -21170.86
2.00 15.00 6.00 2.00 29.96 51.51 35.03 -50000.00 82871.47 0.00 -9272.83
2.00 16.00 6.00 2.00 29.35 66.18 49.43 -50000.00 156773.56 0.00 0.00
2.00 17.00 6.00 2.00 28.51 78.87 61.92 -50000.00 215509.49 1364.09 0.00
2.00 18.00 6.00 2.00 27.18 87.08 69.97 -50000.00 250101.22 13782.61 0.00
2.00 19.00 6.00 2.00 25.14 112.16 107.36 0.00 245561.53 0.00 0.00
2.00 20.00 6.00 2.00 22.67 72.28 69.37 0.00 82020.24 0.00 -0.00
2.00 21.00 6.00 2.00 21.01 44.46 42.08 0.00 0.00 0.00 -0.00
2.00 22.00 6.00 2.00 20.09 38.73 36.67 0.00 0.00 0.00 -0.00
2.00 23.00 6.00 2.00 19.54 35.61 33.80 0.00 0.00 0.00 0.00
2.00 24.00 6.00 2.00 19.25 33.24 31.65 0.00 0.00 0.00 0.00
2.00 1.00 7.00 2.00 19.09 31.28 29.87 0.00 0.00 0.00 0.00
2.00 2.00 7.00 2.00 18.78 29.48 28.25 0.00 0.00 0.00 0.00
2.00 3.00 7.00 2.00 18.62 27.96 26.87 0.00 0.00 0.00 0.00
2.00 4.00 7.00 2.00 18.41 26.59 25.63 0.00 0.00 0.00 0.00
2.00 5.00 7.00 2.00 18.09 25.31 24.46 0.00 0.00 0.00 -0.00
2.00 6.00 7.00 2.00 17.67 24.09 23.34 0.00 0.00 0.00 -0.00
2.00 7.00 7.00 2.00 17.29 23.00 22.33 0.00 0.00 0.00 -0.00
2.00 8.00 7.00 2.00 18.29 25.54 25.14 0.00 2268.49 0.00 -494.12
2.00 9.00 7.00 2.00 20.20 29.22 26.91 -6895.20 15519.18 0.00 -3660.05
2.00 10.00 7.00 2.00 22.41 32.66 26.91 -18482.85 24594.68 0.00 -9740.78
2.00 11.00 7.00 2.00 24.81 36.07 26.91 -29297.19 31706.97 0.00 -16785.11
2.00 12.00 7.00 2.00 26.97 38.75 26.91 -37331.73 34922.85 0.00 -18949.41
2.00 13.00 7.00 2.00 28.62 40.66 26.91 -42725.42 35707.77 0.00 -18722.46
2.00 14.00 7.00 2.00 29.65 42.16 26.91 -46804.67 36703.92 0.00 -18021.50
2.00 15.00 7.00 2.00 29.81 51.39 34.92 -50000.00 82871.47 0.00 -9192.46
2.00 16.00 7.00 2.00 29.30 66.14 49.38 -50000.00 156773.56 0.00 0.00
2.00 17.00 7.00 2.00 28.49 78.84 61.89 -50000.00 215509.49 1616.22 0.00
2.00 18.00 7.00 2.00 27.29 87.15 70.03 -50000.00 250101.22 14183.34 0.00
2.00 19.00 7.00 2.00 25.41 112.31 107.50 0.00 245561.53 0.00 0.00
2.00 20.00 7.00 2.00 22.88 72.41 69.50 0.00 82020.24 0.00 -0.00
2.00 21.00 7.00 2.00 21.16 44.57 42.19 0.00 0.00 0.00 -0.00
2.00 22.00 7.00 2.00 20.23 38.85 36.78 0.00 0.00 0.00 -0.00
2.00 23.00 7.00 2.00 19.71 35.73 33.92 0.00 0.00 0.00 0.00
2.00 24.00 7.00 2.00 19.14 33.22 31.62 0.00 0.00 0.00 0.00
2.00 1.00 1.00 2.00 18.74 31.10 29.70 0.00 0.00 0.00 0.00
2.00 2.00 1.00 2.00 18.68 29.41 28.17 0.00 0.00 0.00 0.00
2.00 3.00 1.00 2.00 18.64 27.96 26.86 0.00 0.00 0.00 0.00
2.00 4.00 1.00 2.00 18.35 26.55 25.59 0.00 0.00 0.00 -0.00
2.00 5.00 1.00 2.00 17.75 25.11 24.26 0.00 0.00 0.00 -0.00
2.00 6.00 1.00 2.00 17.36 23.88 23.13 0.00 0.00 0.00 -0.00
2.00 7.00 1.00 2.00 16.98 22.77 22.11 0.00 0.00 0.00 -0.00
2.00 8.00 1.00 2.00 17.40 24.88 24.48 0.00 2268.49 0.00 0.00
2.00 9.00 1.00 2.00 18.77 28.14 26.91 -3103.13 15519.18 0.00 0.00
2.00 10.00 1.00 2.00 21.04 31.56 26.91 -14970.71 24594.68 0.00 -6240.85
2.00 11.00 1.00 2.00 23.74 35.14 26.91 -26472.08 31706.97 0.00 -14257.88
2.00 12.00 1.00 2.00 26.11 37.95 26.91 -34960.64 34922.85 0.00 -18501.13
2.00 13.00 1.00 2.00 28.13 40.12 26.91 -41253.15 35707.77 0.00 -20303.54
2.00 14.00 1.00 2.00 29.10 41.59 26.91 -45172.86 36703.92 0.00 -18550.64
2.00 15.00 1.00 2.00 29.34 50.88 34.52 -50000.00 82871.47 0.00 -9444.84
2.00 16.00 1.00 2.00 28.86 65.65 48.97 -50000.00 156773.56 0.00 0.00
2.00 17.00 1.00 2.00 28.16 78.44 61.55 -50000.00 215509.49 970.68 0.00
2.00 18.00 1.00 2.00 27.03 86.81 69.74 -50000.00 250101.22 13526.50 0.00
2.00 19.00 1.00 2.00 25.36 112.07 107.33 0.00 245561.53 0.00 0.00
2.00 20.00 1.00 2.00 23.27 72.44 69.59 0.00 82020.24 0.00 -0.00
2.00 21.00 1.00 2.00 21.82 44.80 42.48 0.00 0.00 0.00 -0.00
2.00 22.00 1.00 2.00 20.88 39.14 37.12 0.00 0.00 0.00 -0.00
2.00 23.00 1.00 2.00 20.08 35.93 34.15 0.00 0.00 0.00 0.00
2.00 24.00 1.00 2.00 19.77 33.57 32.01 0.00 0.00 0.00 0.00
2.00 1.00 2.00 2.00 19.54 31.59 30.22 0.00 0.00 0.00 0.00
2.00 2.00 2.00 2.00 19.40 29.90 28.69 0.00 0.00 0.00 0.00
2.00 3.00 2.00 2.00 19.22 28.40 27.33 0.00 0.00 0.00 -0.00
2.00 4.00 2.00 2.00 18.98 27.03 26.09 0.00 0.00 0.00 -0.00
2.00 5.00 2.00 2.00 18.36 25.60 24.77 0.00 0.00 0.00 -0.00
2.00 6.00 2.00 2.00 17.74 24.26 23.53 0.00 0.00 0.00 -0.00
2.00 7.00 2.00 2.00 17.30 23.11 22.46 0.00 0.00 0.00 -0.00
2.00 8.00 2.00 2.00 17.30 24.92 24.52 0.00 2268.49 0.00 0.00
2.00 9.00 2.00 2.00 18.36 27.93 26.91 -2410.13 15519.18 0.00 0.00
2.00 10.00 2.00 2.00 20.52 31.24 26.91 -13926.73 24594.68 0.00 -5136.89
2.00 11.00 2.00 2.00 23.31 34.85 26.91 -25574.57 31706.97 0.00 -12648.87
2.00 12.00 2.00 2.00 25.71 37.66 26.91 -34085.69 34922.85 0.00 -16393.13
2.00 13.00 2.00 2.00 27.48 39.64 26.91 -39733.74 35707.77 0.00 -17528.36
2.00 14.00 2.00 2.00 28.28 40.96 26.91 -43208.56 36703.92 0.00 -16615.90
2.00 15.00 2.00 2.00 28.42 50.15 33.88 -50000.00 82871.47 0.00 -9026.97
2.00 16.00 2.00 2.00 27.97 64.92 48.28 -50000.00 156773.56 0.00 0.00
2.00 17.00 2.00 2.00 27.32 77.72 60.86 -50000.00 215509.49 957.96 0.00
2.00 18.00 2.00 2.00 26.18 86.06 69.03 -50000.00 250101.22 13748.35 0.00
2.00 19.00 2.00 2.00 24.33 111.25 106.54 0.00 245561.53 0.00 0.00
2.00 20.00 2.00 2.00 21.92 71.42 68.60 0.00 82020.24 0.00 -0.00
2.00 21.00 2.00 2.00 20.51 43.75 41.45 0.00 0.00 0.00 -0.00
2.00 22.00 2.00 2.00 19.43 37.98 35.99 0.00 0.00 0.00 -0.00
2.00 23.00 2.00 2.00 18.44 34.62 32.87 0.00 0.00 0.00 0.00
2.00 24.00 2.00 2.00 18.31 32.31 30.77 0.00 0.00 0.00 0.00
2.00 1.00 3.00 2.00 18.04 30.29 28.93 0.00 0.00 0.00 0.00
2.00 2.00 3.00 2.00 17.84 28.54 27.35 0.00 0.00 0.00 0.00
2.00 3.00 3.00 2.00 17.67 27.02 25.97 0.00 0.00 0.00 0.00
2.00 4.00 3.00 2.00 17.68 25.77 24.84 0.00 0.00 0.00 -0.00
2.00 5.00 3.00 2.00 17.36 24.50 23.68 0.00 0.00 0.00 -0.00
2.00 6.00 3.00 2.00 16.88 23.26 22.54 0.00 0.00 0.00 -0.00
2.00 7.00 3.00 2.00 16.49 22.17 21.53 0.00 0.00 0.00 -0.00
2.00 8.00 3.00 2.00 16.80 28.57 28.00 0.00 2268.49 0.00 0.00
2.00 9.00 3.00 2.00 18.03 33.44 32.94 0.00 15519.18 0.00 0.00
2.00 10.00 3.00 2.00 20.42 37.93 37.49 0.00 24594.68 0.00 0.00
2.00 11.00 3.00 2.00 23.31 42.41 42.02 0.00 31706.97 0.00 0.00
2.00 12.00 3.00 2.00 25.75 45.81 45.46 0.00 34922.85 0.00 0.00
2.00 13.00 3.00 2.00 27.77 48.32 48.02 0.00 35707.77 0.00 0.00
2.00 14.00 3.00 2.00 28.74 50.25 49.98 0.00 36703.92 0.00 0.00
2.00 15.00 3.00 2.00 28.97 64.13 63.88 0.00 82871.47 0.00 0.00
2.00 16.00 3.00 2.00 28.39 87.18 86.97 0.00 156773.56 0.00 0.00
2.00 17.00 3.00 2.00 27.63 108.17 107.98 0.00 215509.49 0.00 -0.00
2.00 18.00 3.00 2.00 26.36 122.86 122.69 0.00 250101.22 0.00 -0.00
2.00 19.00 3.00 2.00 24.48 119.58 119.43 0.00 245561.53 0.00 -0.00
2.00 20.00 3.00 2.00 22.14 75.73 75.59 0.00 82020.24 0.00 0.00
2.00 21.00 3.00 2.00 20.51 47.03 46.92 0.00 0.00 0.00 -0.00
2.00 22.00 3.00 2.00 19.43 40.79 40.69 0.00 0.00 0.00 -0.00
2.00 23.00 3.00 2.00 18.68 37.21 37.12 0.00 0.00 0.00 0.00
2.00 24.00 3.00 2.00 18.22 34.44 34.36 0.00 0.00 0.00 0.00
2.00 1.00 4.00 2.00 17.84 32.08 32.01 0.00 0.00 0.00 0.00
2.00 2.00 4.00 2.00 17.53 30.03 29.97 0.00 0.00 0.00 0.00
2.00 3.00 4.00 2.00 17.05 28.12 28.06 0.00 0.00 0.00 0.00
2.00 4.00 4.00 2.00 16.90 26.57 26.52 0.00 0.00 0.00 0.00
2.00 5.00 4.00 2.00 16.58 25.11 25.06 0.00 0.00 0.00 0.00
2.00 6.00 4.00 2.00 16.33 23.82 23.78 0.00 0.00 0.00 0.00
2.00 7.00 4.00 2.00 16.04 22.65 22.62 0.00 0.00 0.00 -0.00
2.00 8.00 4.00 2.00 16.68 29.14 29.10 0.00 2268.49 0.00 0.00
2.00 9.00 4.00 2.00 18.58 34.30 34.27 0.00 15519.18 0.00 0.00
2.00 10.00 4.00 2.00 20.73 38.65 38.63 0.00 24594.68 0.00 0.00
2.00 11.00 4.00 2.00 23.12 42.81 42.79 0.00 31706.97 0.00 0.00
2.00 12.00 4.00 2.00 25.29 45.98 45.96 0.00 34922.85 0.00 0.00
2.00 13.00 4.00 2.00 27.12 48.31 48.29 0.00 35707.77 0.00 0.00
2.00 14.00 4.00 2.00 28.22 50.22 50.20 0.00 36703.92 0.00 0.00
2.00 15.00 4.00 2.00 28.41 64.01 64.00 0.00 82871.47 0.00 0.00
2.00 16.00 4.00 2.00 28.19 87.21 87.20 0.00 156773.56 0.00 0.00
2.00 17.00 4.00 2.00 27.56 108.26 108.25 0.00 215509.49 0.00 -0.00
2.00 18.00 4.00 2.00 26.44 123.02 123.01 0.00 250101.22 0.00 -0.00
2.00 19.00 4.00 2.00 24.59 119.76 119.75 0.00 245561.53 0.00 -0.00
2.00 20.00 4.00 2.00 22.20 75.87 75.86 0.00 82020.24 0.00 0.00
2.00 21.00 4.00 2.00 20.67 47.22 47.22 0.00 0.00 0.00 -0.00
2.00 22.00 4.00 2.00 19.79 41.10 41.09 0.00 0.00 0.00 -0.00
2.00 23.00 4.00 2.00 19.12 37.57 37.56 0.00 0.00 0.00 0.00
2.00 24.00 4.00 2.00 18.47 34.72 34.71 0.00 0.00 0.00 0.00
2.00 1.00 5.00 2.00 18.01 32.31 32.30 0.00 0.00 0.00 0.00
2.00 2.00 5.00 2.00 18.00 30.41 30.41 0.00 0.00 0.00 0.00
2.00 3.00 5.00 2.00 17.79 28.67 28.66 0.00 0.00 0.00 0.00
2.00 4.00 5.00 2.00 17.64 27.15 27.14 0.00 0.00 0.00 0.00
2.00 5.00 5.00 2.00 17.20 25.65 25.64 0.00 0.00 0.00 0.00
2.00 6.00 5.00 2.00 16.82 24.30 24.30 0.00 0.00 0.00 0.00
2.00 7.00 5.00 2.00 16.57 23.15 23.15 0.00 0.00 0.00 -0.00
2.00 8.00 5.00 2.00 17.14 25.06 25.06 0.00 2268.49 0.00 0.00
2.00 9.00 5.00 2.00 18.99 28.59 26.91 -5876.75 15519.18 0.00 0.00
2.00 10.00 5.00 2.00 21.50 32.16 26.91 -17838.50 24594.68 0.00 -9028.31
2.00 11.00 5.00 2.00 24.46 35.91 26.91 -29724.06 31706.97 0.00 -19766.75
2.00 12.00 5.00 2.00 27.05 38.87 26.91 -38561.45 34922.85 0.00 -24119.58
2.00 13.00 5.00 2.00 28.99 41.00 26.91 -44512.11 35707.77 0.00 -24248.77
2.00 14.00 5.00 2.00 29.51 42.16 26.91 -47235.20 36703.92 0.00 -20559.46
2.00 15.00 5.00 2.00 29.21 51.05 34.70 -50000.00 82871.47 0.00 -9072.13
2.00 16.00 5.00 2.00 28.50 65.61 48.97 -50000.00 156773.56 0.00 0.00
2.00 17.00 5.00 2.00 27.64 78.24 61.39 -50000.00 215509.49 1819.30 0.00
2.00 18.00 5.00 2.00 26.44 86.50 69.47 -50000.00 250101.22 14543.47 0.00
2.00 19.00 5.00 2.00 24.28 111.57 106.87 0.00 245561.53 0.00 0.00
2.00 20.00 5.00 2.00 21.82 71.66 68.85 0.00 82020.24 0.00 -0.00
2.00 21.00 5.00 2.00 20.27 43.88 41.59 0.00 0.00 0.00 -0.00
2.00 22.00 5.00 2.00 19.37 38.15 36.16 0.00 0.00 0.00 -0.00
2.00 23.00 5.00 2.00 18.59 34.88 33.14 0.00 0.00 0.00 0.00
2.00 24.00 5.00 2.00 17.70 32.15 30.62 0.00 0.00 0.00 0.00
2.00 1.00 6.00 2.00 17.00 29.81 28.47 0.00 0.00 0.00 0.00
2.00 2.00 6.00 2.00 16.64 27.89 26.70 0.00 0.00 0.00 0.00
2.00 3.00 6.00 2.00 16.21 26.15 25.10 0.00 0.00 0.00 0.00
2.00 4.00 6.00 2.00 16.03 24.71 23.79 0.00 0.00 0.00 0.00
2.00 5.00 6.00 2.00 15.72 23.37 22.56 0.00 0.00 0.00 -0.00
2.00 6.00 6.00 2.00 15.54 22.23 21.51 0.00 0.00 0.00 -0.00
2.00 7.00 6.00 2.00 15.41 21.24 20.61 0.00 0.00 0.00 -0.00
2.00 8.00 6.00 2.00 16.42 23.76 23.37 0.00 2268.49 0.00 0.00
2.00 9.00 6.00 2.00 18.34 27.43 26.91 -672.14 15519.18 0.00 0.00
2.00 10.00 6.00 2.00 20.87 31.09 26.91 -13577.23 24594.68 0.00 -4798.20
2.00 11.00 6.00 2.00 23.35 34.57 26.91 -24692.98 31706.97 0.00 -12660.59
2.00 12.00 6.00 2.00 25.42 37.19 26.91 -32591.79 34922.85 0.00 -15191.83
2.00 13.00 6.00 2.00 27.11 39.13 26.91 -38170.63 35707.77 0.00 -15254.63
2.00 14.00 6.00 2.00 28.35 40.78 26.91 -42811.58 36703.92 0.00 -16175.11
2.00 15.00 6.00 2.00 28.96 50.34 34.11 -50000.00 82871.47 0.00 -9345.93
2.00 16.00 6.00 2.00 28.71 65.30 48.70 -50000.00 156773.56 0.00 0.00
2.00 17.00 6.00 2.00 27.84 78.01 61.18 -50000.00 215509.49 356.37 0.00
2.00 18.00 6.00 2.00 26.41 86.18 69.17 -50000.00 250101.22 13884.52 0.00
2.00 19.00 6.00 2.00 24.15 111.10 106.43 0.00 245561.53 0.00 0.00
2.00 20.00 6.00 2.00 21.34 71.04 68.25 0.00 82020.24 0.00 -0.00
2.00 21.00 6.00 2.00 19.56 43.13 40.85 0.00 0.00 0.00 -0.00
2.00 22.00 6.00 2.00 18.56 37.34 35.36 0.00 0.00 0.00 -0.00
2.00 23.00 6.00 2.00 17.74 34.04 32.31 0.00 0.00 0.00 0.00
2.00 24.00 6.00 2.00 17.36 31.58 30.06 0.00 0.00 0.00 0.00
2.00 1.00 7.00 2.00 16.94 29.45 28.11 0.00 0.00 0.00 0.00
2.00 2.00 7.00 2.00 16.62 27.60 26.41 0.00 0.00 0.00 0.00
2.00 3.00 7.00 2.00 16.19 25.89 24.85 0.00 0.00 0.00 -0.00
2.00 4.00 7.00 2.00 16.06 24.51 23.59 0.00 0.00 0.00 -0.00
2.00 5.00 7.00 2.00 16.13 23.41 22.60 0.00 0.00 0.00 -0.00
2.00 6.00 7.00 2.00 16.01 22.36 21.64 0.00 0.00 0.00 -0.00
2.00 7.00 7.00 2.00 15.58 21.25 20.62 0.00 0.00 0.00 -0.00
2.00 8.00 7.00 2.00 16.47 23.74 23.36 0.00 2268.49 0.00 -283.05
2.00 9.00 7.00 2.00 18.38 27.41 26.91 -620.99 15519.18 0.00 0.00
2.00 10.00 7.00 2.00 20.91 31.08 26.91 -13558.47 24594.68 0.00 -5480.98
2.00 11.00 7.00 2.00 23.36 34.54 26.91 -24606.67 31706.97 0.00 -9695.96
2.00 12.00 7.00 2.00 25.53 37.23 26.91 -32760.20 34922.85 0.00 -13761.95
2.00 13.00 7.00 2.00 27.46 39.35 26.91 -38936.53 35707.77 0.00 -16029.43
2.00 14.00 7.00 2.00 28.67 41.00 26.91 -43533.75 36703.92 0.00 -16436.17
2.00 15.00 7.00 2.00 29.15 50.49 34.24 -50000.00 82871.47 0.00 -9328.17
2.00 16.00 7.00 2.00 28.51 65.18 48.56 -50000.00 156773.56 0.00 0.00
2.00 17.00 7.00 2.00 27.32 77.64 60.81 -50000.00 215509.49 1634.99 0.00
2.00 18.00 7.00 2.00 25.91 85.80 68.78 -50000.00 250101.22 13183.67 0.00
2.00 19.00 7.00 2.00 23.87 110.87 106.19 0.00 245561.53 0.00 0.00
2.00 20.00 7.00 2.00 21.37 70.98 68.18 0.00 82020.24 0.00 -0.00
2.00 21.00 7.00 2.00 19.97 43.30 41.01 0.00 0.00 0.00 -0.00
2.00 22.00 7.00 2.00 18.75 37.43 35.45 0.00 0.00 0.00 -0.00
2.00 23.00 7.00 2.00 17.83 34.09 32.35 0.00 0.00 0.00 0.00
2.00 24.00 7.00 2.00 17.29 31.55 30.02 0.00 0.00 0.00 0.00
2.00 1.00 1.00 3.00 17.03 29.48 28.14 0.00 0.00 0.00 0.00
2.00 2.00 1.00 3.00 16.83 27.71 26.52 0.00 0.00 0.00 0.00
2.00 3.00 1.00 3.00 16.44 26.04 25.00 0.00 0.00 0.00 -0.00
2.00 4.00 1.00 3.00 16.06 24.54 23.62 0.00 0.00 0.00 -0.00
2.00 5.00 1.00 3.00 15.69 23.19 22.37 0.00 0.00 0.00 -0.00
2.00 6.00 1.00 3.00 15.65 22.14 21.42 0.00 0.00 0.00 -0.00
2.00 7.00 1.00 3.00 15.21 21.01 20.37 0.00 0.00 0.00 -0.00
2.00 8.00 1.00 3.00 16.52 23.58 23.19 0.00 1448.34 0.00 -411.32
2.00 9.00 1.00 3.00 18.41 26.81 26.48 0.00 12385.01 0.00 0.00
2.00 10.00 1.00 3.00 21.28 30.61 26.51 -13391.80 21197.70 0.00 -7648.71
2.00 11.00 1.00 3.00 23.54 34.58 26.51 -26184.33 31751.39 0.00 -15030.56
2.00 12.00 1.00 3.00 26.05 37.32 26.51 -34352.44 33636.08 0.00 -20334.64
2.00 13.00 1.00 3.00 28.25 40.03 26.51 -42531.82 36412.40 0.00 -23065.56
2.00 14.00 1.00 3.00 29.51 41.78 26.51 -47275.52 37307.89 0.00 -19572.83
2.00 15.00 1.00 3.00 30.03 51.74 35.35 -50000.00 85562.75 0.00 -8655.42
2.00 16.00 1.00 3.00 29.40 66.09 49.41 -50000.00 157091.32 0.00 0.00
2.00 17.00 1.00 3.00 28.54 78.45 61.56 -50000.00 213965.36 1415.63 0.00
2.00 18.00 1.00 3.00 26.91 84.19 67.13 -50000.00 236411.57 9671.89 0.00
2.00 19.00 1.00 3.00 24.46 100.86 96.13 0.00 208247.75 0.00 0.00
2.00 20.00 1.00 3.00 21.80 47.01 44.16 0.00 204.70 0.00 -0.00
2.00 21.00 1.00 3.00 20.42 38.93 36.61 0.00 0.00 0.00 -0.00
2.00 22.00 1.00 3.00 19.46 35.29 33.27 0.00 0.00 0.00 0.00
2.00 23.00 1.00 3.00 18.59 32.56 30.79 0.00 0.00 0.00 0.00
2.00 24.00 1.00 3.00 18.02 30.33 28.78 0.00 0.00 0.00 0.00
2.00 1.00 2.00 3.00 17.83 28.56 27.19 0.00 0.00 0.00 0.00
2.00 2.00 2.00 3.00 17.74 27.06 25.85 0.00 0.00 0.00 -0.00
2.00 3.00 2.00 3.00 17.34 25.59 24.52 0.00 0.00 0.00 -0.00
2.00 4.00 2.00 3.00 16.99 24.27 23.33 0.00 0.00 0.00 -0.00
2.00 5.00 2.00 3.00 16.62 23.06 22.23 0.00 0.00 0.00 -0.00
2.00 6.00 2.00 3.00 16.33 22.01 21.27 0.00 0.00 0.00 -0.00
2.00 7.00 2.00 3.00 15.91 20.98 20.33 0.00 0.00 0.00 -0.00
2.00 8.00 2.00 3.00 16.87 23.60 23.20 0.00 1448.34 0.00 -380.53
2.00 9.00 2.00 3.00 18.52 26.70 26.37 0.00 12385.01 0.00 0.00
2.00 10.00 2.00 3.00 21.02 30.27 26.51 -12163.39 21197.70 0.00 -5672.75
2.00 11.00 2.00 3.00 23.40 34.32 26.51 -25361.71 31751.39 0.00 -13778.05
2.00 12.00 2.00 3.00 25.78 36.99 26.51 -33269.69 33636.08 0.00 -17704.36
2.00 13.00 2.00 3.00 27.80 39.58 26.51 -41086.60 36412.40 0.00 -20484.38
2.00 14.00 2.00 3.00 28.77 41.12 26.51 -45136.57 37307.89 0.00 -18370.15
2.00 15.00 2.00 3.00 28.91 50.79 34.48 -50000.00 85562.75 0.00 -8718.02
2.00 16.00 2.00 3.00 28.26 65.09 48.44 -50000.00 157091.32 0.00 0.00
2.00 17.00 2.00 3.00 27.31 77.36 60.51 -50000.00 213965.36 1332.86 0.00
2.00 18.00 2.00 3.00 26.08 83.37 66.33 -50000.00 236411.57 9984.37 0.00
2.00 19.00 2.00 3.00 24.16 100.33 95.63 0.00 208247.75 0.00 0.00
2.00 20.00 2.00 3.00 21.64 46.60 43.78 0.00 204.70 0.00 -0.00
2.00 21.00 2.00 3.00 20.19 38.52 36.22 0.00 0.00 0.00 -0.00
2.00 22.00 2.00 3.00 19.09 34.82 32.83 0.00 0.00 0.00 0.00
2.00 23.00 2.00 3.00 18.21 32.10 30.35 0.00 0.00 0.00 0.00
2.00 24.00 2.00 3.00 17.58 29.84 28.30 0.00 0.00 0.00 0.00
2.00 1.00 3.00 3.00 17.25 28.00 26.64 0.00 0.00 0.00 0.00
2.00 2.00 3.00 3.00 17.07 26.44 25.25 0.00 0.00 0.00 0.00
2.00 3.00 3.00 3.00 16.73 24.99 23.94 0.00 0.00 0.00 -0.00
2.00 4.00 3.00 3.00 16.39 23.67 22.74 0.00 0.00 0.00 -0.00
2.00 5.00 3.00 3.00 15.92 22.42 21.59 0.00 0.00 0.00 -0.00
2.00 6.00 3.00 3.00 15.63 21.35 20.63 0.00 0.00 0.00 -0.00
2.00 7.00 3.00 3.00 15.12 20.27 19.63 0.00 0.00 0.00 -0.00
2.00 8.00 3.00 3.00 15.90 26.76 26.19 0.00 1448.34 0.00 0.00
2.00 9.00 3.00 3.00 17.44 31.21 30.71 0.00 12385.01 0.00 0.00
2.00 10.00 3.00 3.00 20.05 35.73 35.29 0.00 21197.70 0.00 0.00
2.00 11.00 3.00 3.00 22.84 41.13 40.74 0.00 31751.39 0.00 0.00
2.00 12.00 3.00 3.00 25.40 44.43 44.08 0.00 33636.08 0.00 0.00
2.00 13.00 3.00 3.00 27.33 47.51 47.20 0.00 36412.40 0.00 0.00
2.00 14.00 3.00 3.00 28.45 49.64 49.37 0.00 37307.89 0.00 0.00
2.00 15.00 3.00 3.00 28.88 64.31 64.07 0.00 85562.75 0.00 0.00
2.00 16.00 3.00 3.00 28.27 86.90 86.68 0.00 157091.32 0.00 0.00
2.00 17.00 3.00 3.00 27.43 107.35 107.16 0.00 213965.36 0.00 -0.00
2.00 18.00 3.00 3.00 25.83 118.47 118.30 0.00 236411.57 0.00 -0.00
2.00 19.00 3.00 3.00 23.61 107.88 107.73 0.00 208247.75 0.00 -0.00
2.00 20.00 3.00 3.00 21.17 50.24 50.11 0.00 204.70 0.00 0.00
2.00 21.00 3.00 3.00 19.89 41.36 41.24 0.00 0.00 0.00 0.00
2.00 22.00 3.00 3.00 18.91 37.30 37.19 0.00 0.00 0.00 0.00
2.00 23.00 3.00 3.00 18.19 34.33 34.24 0.00 0.00 0.00 0.00
2.00 24.00 3.00 3.00 17.63 31.85 31.77 0.00 0.00 0.00 0.00
2.00 1.00 4.00 3.00 18.14 30.23 30.16 0.00 0.00 0.00 0.00
2.00 2.00 4.00 3.00 17.74 28.43 28.36 0.00 0.00 0.00 0.00
2.00 3.00 4.00 3.00 17.26 26.74 26.68 0.00 0.00 0.00 0.00
2.00 4.00 4.00 3.00 16.78 25.20 25.15 0.00 0.00 0.00 0.00
2.00 5.00 4.00 3.00 16.35 23.82 23.78 0.00 0.00 0.00 0.00
2.00 6.00 4.00 3.00 16.19 22.72 22.68 0.00 0.00 0.00 -0.00
2.00 7.00 4.00 3.00 15.56 21.48 21.44 0.00 0.00 0.00 -0.00
2.00 8.00 4.00 3.00 16.20 27.80 27.77 0.00 1448.34 0.00 0.00
2.00 9.00 4.00 3.00 17.81 32.20 32.17 0.00 12385.01 0.00 0.00
2.00 10.00 4.00 3.00 20.20 36.53 36.51 0.00 21197.70 0.00 0.00
2.00 11.00 4.00 3.00 22.60 41.64 41.62 0.00 31751.39 0.00 0.00
2.00 12.00 4.00 3.00 24.75 44.60 44.58 0.00 33636.08 0.00 0.00
2.00 13.00 4.00 3.00 26.49 47.46 47.44 0.00 36412.40 0.00 0.00
2.00 14.00 4.00 3.00 27.89 49.64 49.63 0.00 37307.89 0.00 0.00
2.00 15.00 4.00 3.00 28.67 64.44 64.43 0.00 85562.75 0.00 0.00
2.00 16.00 4.00 3.00 28.29 87.14 87.12 0.00 157091.32 0.00 0.00
2.00 17.00 4.00 3.00 27.49 107.59 107.58 0.00 213965.36 0.00 -0.00
2.00 18.00 4.00 3.00 26.09 118.80 118.79 0.00 236411.57 0.00 -0.00
2.00 19.00 4.00 3.00 24.10 108.34 108.33 0.00 208247.75 0.00 -0.00
2.00 20.00 4.00 3.00 21.82 50.81 50.80 0.00 204.70 0.00 0.00
2.00 21.00 4.00 3.00 20.04 41.67 41.66 0.00 0.00 0.00 0.00
2.00 22.00 4.00 3.00 18.87 37.47 37.46 0.00 0.00 0.00 0.00
2.00 23.00 4.00 3.00 18.21 34.50 34.50 0.00 0.00 0.00 0.00
2.00 24.00 4.00 3.00 17.65 32.01 32.00 0.00 0.00 0.00 0.00
2.00 1.00 5.00 3.00 17.03 29.75 29.75 0.00 0.00 0.00 0.00
2.00 2.00 5.00 3.00 16.69 27.87 27.87 0.00 0.00 0.00 0.00
2.00 3.00 5.00 3.00 16.50 26.27 26.27 0.00 0.00 0.00 0.00
2.00 4.00 5.00 3.00 16.33 24.88 24.88 0.00 0.00 0.00 0.00
2.00 5.00 5.00 3.00 16.32 23.72 23.72 0.00 0.00 0.00 0.00
2.00 6.00 5.00 3.00 16.30 22.72 22.72 0.00 0.00 0.00 -0.00
2.00 7.00 5.00 3.00 15.59 21.46 21.46 0.00 0.00 0.00 -0.00
2.00 8.00 5.00 3.00 16.18 23.50 23.50 0.00 1448.34 0.00 0.00
2.00 9.00 5.00 3.00 17.61 26.36 26.35 0.00 12385.01 0.00 0.00
2.00 10.00 5.00 3.00 20.03 29.78 26.51 -11470.64 21197.70 0.00 -1667.79
2.00 11.00 5.00 3.00 22.26 33.66 26.51 -24005.14 31751.39 0.00 -8375.69
2.00 12.00 5.00 3.00 24.43 36.12 26.51 -31134.34 33636.08 0.00 -10898.86
2.00 13.00 5.00 3.00 26.07 38.37 26.51 -37782.50 36412.40 0.00 -17641.47
2.00 14.00 5.00 3.00 27.62 40.23 26.51 -43030.38 37307.89 0.00 -16795.23
2.00 15.00 5.00 3.00 28.17 50.17 34.11 -50000.00 85562.75 0.00 -6712.09
2.00 16.00 5.00 3.00 27.72 64.61 48.15 -50000.00 157091.32 0.00 0.00
2.00 17.00 5.00 3.00 27.09 77.10 60.40 -50000.00 213965.36 0.00 0.00
2.00 18.00 5.00 3.00 26.01 83.23 66.33 -50000.00 236411.57 8344.22 0.00
2.00 19.00 5.00 3.00 24.04 100.16 95.63 0.00 208247.75 0.00 0.00
2.00 20.00 5.00 3.00 21.73 46.55 43.89 0.00 204.70 0.00 -0.00
2.00 21.00 5.00 3.00 20.00 38.35 36.19 0.00 0.00 0.00 -0.00
2.00 22.00 5.00 3.00 18.70 34.53 32.66 0.00 0.00 0.00 0.00
2.00 23.00 5.00 3.00 17.95 31.86 30.22 0.00 0.00 0.00 0.00
2.00 24.00 5.00 3.00 17.38 29.64 28.20 0.00 0.00 0.00 0.00
2.00 1.00 6.00 3.00 16.94 27.74 26.47 0.00 0.00 0.00 0.00
2.00 2.00 6.00 3.00 16.51 26.04 24.92 0.00 0.00 0.00 0.00
2.00 3.00 6.00 3.00 16.27 24.62 23.63 0.00 0.00 0.00 0.00
2.00 4.00 6.00 3.00 16.05 23.36 22.49 0.00 0.00 0.00 -0.00
2.00 5.00 6.00 3.00 15.93 22.29 21.52 0.00 0.00 0.00 -0.00
2.00 6.00 6.00 3.00 15.86 21.37 20.70 0.00 0.00 0.00 -0.00
2.00 7.00 6.00 3.00 15.31 20.30 19.70 0.00 0.00 0.00 -0.00
2.00 8.00 6.00 3.00 15.91 22.70 22.33 0.00 1448.34 0.00 0.00
2.00 9.00 6.00 3.00 17.50 25.74 25.44 0.00 12385.01 0.00 0.00
2.00 10.00 6.00 3.00 19.98 29.29 26.51 -8806.44 21197.70 0.00 0.00
2.00 11.00 6.00 3.00 22.33 33.31 26.51 -22197.84 31751.39 0.00 -7245.06
2.00 12.00 6.00 3.00 24.86 36.07 26.51 -30497.95 33636.08 0.00 -10304.55
2.00 13.00 6.00 3.00 26.53 38.42 26.51 -37485.11 36412.40 0.00 -16242.10
2.00 14.00 6.00 3.00 28.06 40.33 26.51 -42942.94 37307.89 0.00 -16811.45
2.00 15.00 6.00 3.00 28.70 50.37 34.20 -50000.00 85562.75 0.00 -7709.64
2.00 16.00 6.00 3.00 29.13 65.46 48.91 -50000.00 157091.32 0.00 0.00
2.00 17.00 6.00 3.00 28.11 77.78 61.00 -50000.00 213965.36 0.00 0.00
2.00 18.00 6.00 3.00 26.82 83.80 66.83 -50000.00 236411.57 9582.25 0.00
2.00 19.00 6.00 3.00 24.58 100.53 95.90 0.00 208247.75 0.00 0.00
2.00 20.00 6.00 3.00 22.34 46.95 44.20 0.00 204.70 0.00 -0.00
2.00 21.00 6.00 3.00 20.73 38.83 36.60 0.00 0.00 0.00 -0.00
2.00 22.00 6.00 3.00 19.59 35.14 33.20 0.00 0.00 0.00 0.00
2.00 23.00 6.00 3.00 18.87 32.52 30.82 0.00 0.00 0.00 0.00
2.00 24.00 6.00 3.00 18.26 30.32 28.82 0.00 0.00 0.00 0.00
2.00 1.00 7.00 3.00 17.83 28.44 27.12 0.00 0.00 0.00 0.00
2.00 2.00 7.00 3.00 17.35 26.73 25.57 0.00 0.00 0.00 0.00
2.00 3.00 7.00 3.00 16.83 25.17 24.15 0.00 0.00 0.00 -0.00
2.00 4.00 7.00 3.00 16.40 23.79 22.89 0.00 0.00 0.00 -0.00
2.00 5.00 7.00 3.00 16.07 22.59 21.79 0.00 0.00 0.00 -0.00
2.00 6.00 7.00 3.00 15.85 21.56 20.86 0.00 0.00 0.00 -0.00
2.00 7.00 7.00 3.00 15.28 20.45 19.83 0.00 0.00 0.00 -0.00
2.00 8.00 7.00 3.00 15.85 22.75 22.37 0.00 1448.34 0.00 0.00
2.00 9.00 7.00 3.00 17.58 25.87 25.55 0.00 12385.01 0.00 0.00
2.00 10.00 7.00 3.00 20.35 29.62 26.51 -9922.77 21197.70 0.00 -2131.23
2.00 11.00 7.00 3.00 22.96 33.83 26.51 -23886.20 31751.39 0.00 -11680.01
2.00 12.00 7.00 3.00 25.57 36.67 26.51 -32397.96 33636.08 0.00 -15716.93
2.00 13.00 7.00 3.00 27.32 39.09 26.51 -39585.20 36412.40 0.00 -18821.57
2.00 14.00 7.00 3.00 28.65 40.88 26.51 -44545.90 37307.89 0.00 -18540.89
2.00 15.00 7.00 3.00 29.04 50.75 34.49 -50000.00 85562.75 0.00 -9348.14
2.00 16.00 7.00 3.00 29.45 65.82 49.21 -50000.00 157091.32 0.00 0.00
2.00 17.00 7.00 3.00 28.45 78.15 61.32 -50000.00 213965.36 0.00 0.00
2.00 18.00 7.00 3.00 27.32 84.27 67.26 -50000.00 236411.57 9873.58 0.00
2.00 19.00 7.00 3.00 25.00 100.95 96.28 0.00 208247.75 0.00 0.00
2.00 20.00 7.00 3.00 22.61 47.29 44.50 0.00 204.70 0.00 -0.00
2.00 21.00 7.00 3.00 20.97 39.14 36.87 0.00 0.00 0.00 -0.00
2.00 22.00 7.00 3.00 19.71 35.37 33.40 0.00 0.00 0.00 0.00
2.00 23.00 7.00 3.00 18.87 32.67 30.94 0.00 0.00 0.00 0.00
2.00 24.00 7.00 3.00 18.07 30.33 28.81 0.00 0.00 0.00 0.00
2.00 1.00 1.00 3.00 17.64 28.42 27.09 0.00 0.00 0.00 0.00
2.00 2.00 1.00 3.00 17.20 26.72 25.54 0.00 0.00 0.00 0.00
2.00 3.00 1.00 3.00 16.85 25.23 24.19 0.00 0.00 0.00 -0.00
2.00 4.00 1.00 3.00 16.48 23.88 22.96 0.00 0.00 0.00 -0.00
2.00 5.00 1.00 3.00 15.91 22.55 21.74 0.00 0.00 0.00 -0.00
2.00 6.00 1.00 3.00 15.37 21.33 20.61 0.00 0.00 0.00 -0.00
2.00 7.00 1.00 3.00 14.74 20.14 19.51 0.00 0.00 0.00 -0.00
2.00 8.00 1.00 3.00 15.42 22.42 22.04 0.00 1448.34 0.00 0.00
2.00 9.00 1.00 3.00 17.07 25.48 25.15 0.00 12385.01 0.00 0.00
2.00 10.00 1.00 3.00 19.80 29.17 26.51 -8339.29 21197.70 0.00 -1842.18
2.00 11.00 1.00 3.00 22.84 33.67 26.51 -23457.09 31751.39 0.00 -11352.90
2.00 12.00 1.00 3.00 25.68 36.69 26.51 -32523.42 33636.08 0.00 -16572.61
2.00 13.00 1.00 3.00 27.59 39.24 26.51 -40126.18 36412.40 0.00 -18854.07
2.00 14.00 1.00 3.00 29.00 41.10 26.51 -45321.16 37307.89 0.00 -19329.89
2.00 15.00 1.00 3.00 29.51 51.08 34.80 -50000.00 85562.75 0.00 -10665.88
2.00 16.00 1.00 3.00 29.30 65.73 49.12 -50000.00 157091.32 0.00 0.00
2.00 17.00 1.00 3.00 28.07 77.88 61.06 -50000.00 213965.36 121.62 0.00
2.00 18.00 1.00 3.00 26.81 83.89 66.88 -50000.00 236411.57 11479.63 0.00
2.00 19.00 1.00 3.00 24.32 100.50 95.83 0.00 208247.75 0.00 0.00
2.00 20.00 1.00 3.00 22.04 46.87 44.08 0.00 204.70 0.00 -0.00
2.00 21.00 1.00 3.00 20.41 38.71 36.44 0.00 0.00 0.00 -0.00
2.00 22.00 1.00 3.00 18.98 34.83 32.86 0.00 0.00 0.00 0.00
2.00 23.00 1.00 3.00 18.23 32.15 30.42 0.00 0.00 0.00 0.00
2.00 24.00 1.00 3.00 17.76 29.98 28.46 0.00 0.00 0.00 0.00
2.00 1.00 2.00 3.00 17.49 28.18 26.84 0.00 0.00 0.00 0.00
2.00 2.00 2.00 3.00 17.10 26.52 25.34 0.00 0.00 0.00 0.00
2.00 3.00 2.00 3.00 16.80 25.07 24.03 0.00 0.00 0.00 -0.00
2.00 4.00 2.00 3.00 16.58 23.83 22.91 0.00 0.00 0.00 -0.00
2.00 5.00 2.00 3.00 16.23 22.64 21.83 0.00 0.00 0.00 -0.00
2.00 6.00 2.00 3.00 15.75 21.49 20.77 0.00 0.00 0.00 -0.00
2.00 7.00 2.00 3.00 15.26 20.41 19.77 0.00 0.00 0.00 -0.00
2.00 8.00 2.00 3.00 15.79 22.69 22.31 0.00 1448.34 0.00 0.00
2.00 9.00 2.00 3.00 17.23 25.62 25.29 0.00 12385.01 0.00 0.00
2.00 10.00 2.00 3.00 19.77 29.18 26.51 -8352.33 21197.70 0.00 -1200.09
2.00 11.00 2.00 3.00 22.57 33.49 26.51 -22841.43 31751.39 0.00 -9207.53
2.00 12.00 2.00 3.00 25.35 36.45 26.51 -31738.09 33636.08 0.00 -13682.63
2.00 13.00 2.00 3.00 27.36 39.06 26.51 -39575.96 36412.40 0.00 -18103.60
2.00 14.00 2.00 3.00 28.74 40.89 26.51 -44658.79 37307.89 0.00 -17344.82
2.00 15.00 2.00 3.00 29.37 50.94 34.70 -50000.00 85562.75 0.00 -8555.93
2.00 16.00 2.00 3.00 29.01 65.50 48.90 -50000.00 157091.32 0.00 0.00
2.00 17.00 2.00 3.00 27.64 77.54 60.73 -50000.00 213965.36 1283.12 0.00
2.00 18.00 2.00 3.00 26.13 83.36 66.37 -50000.00 236411.57 12383.41 0.00
2.00 19.00 2.00 3.00 23.58 99.96 95.30 0.00 208247.75 0.00 0.00
2.00 20.00 2.00 3.00 21.19 46.25 43.47 0.00 204.70 0.00 -0.00
2.00 21.00 2.00 3.00 19.52 38.04 35.77 0.00 0.00 0.00 -0.00
2.00 22.00 2.00 3.00 17.84 33.99 32.03 0.00 0.00 0.00 -0.00
2.00 23.00 2.00 3.00 17.09 31.26 29.54 0.00 0.00 0.00 0.00
2.00 24.00 2.00 3.00 16.56 29.03 27.52 0.00 0.00 0.00 0.00
2.00 1.00 3.00 3.00 16.26 27.18 25.84 0.00 0.00 0.00 0.00
2.00 2.00 3.00 3.00 15.89 25.50 24.32 0.00 0.00 0.00 0.00
2.00 3.00 3.00 3.00 15.63 24.05 23.02 0.00 0.00 0.00 -0.00
2.00 4.00 3.00 3.00 15.45 22.81 21.89 0.00 0.00 0.00 -0.00
2.00 5.00 3.00 3.00 15.12 21.62 20.81 0.00 0.00 0.00 -0.00
2.00 6.00 3.00 3.00 14.77 20.52 19.81 0.00 0.00 0.00 -0.00
2.00 7.00 3.00 3.00 14.15 19.38 18.75 0.00 0.00 0.00 -0.00
2.00 8.00 3.00 3.00 14.68 25.72 25.16 0.00 1448.34 0.00 0.00
2.00 9.00 3.00 3.00 16.11 30.08 29.59 0.00 12385.01 0.00 0.00
2.00 10.00 3.00 3.00 18.72 34.57 34.13 0.00 21197.70 0.00 0.00
2.00 11.00 3.00 3.00 21.35 39.86 39.48 0.00 31751.39 0.00 0.00
2.00 12.00 3.00 3.00 24.02 43.18 42.84 0.00 33636.08 0.00 0.00
2.00 13.00 3.00 3.00 26.01 46.28 45.98 0.00 36412.40 0.00 0.00
2.00 14.00 3.00 3.00 27.37 48.53 48.26 0.00 37307.89 0.00 0.00
2.00 15.00 3.00 3.00 28.09 63.37 63.14 0.00 85562.75 0.00 0.00
2.00 16.00 3.00 3.00 28.37 86.48 86.27 0.00 157091.32 0.00 0.00
2.00 17.00 3.00 3.00 27.18 106.84 106.65 0.00 213965.36 0.00 -0.00
2.00 18.00 3.00 3.00 25.88 118.14 117.98 0.00 236411.57 0.00 -0.00
2.00 19.00 3.00 3.00 23.44 107.50 107.35 0.00 208247.75 0.00 -0.00
2.00 20.00 3.00 3.00 21.18 49.98 49.85 0.00 204.70 0.00 0.00
2.00 21.00 3.00 3.00 19.41 40.87 40.75 0.00 0.00 0.00 0.00
2.00 22.00 3.00 3.00 18.04 36.58 36.47 0.00 0.00 0.00 0.00
2.00 23.00 3.00 3.00 17.27 33.55 33.46 0.00 0.00 0.00 0.00
2.00 24.00 3.00 3.00 16.75 31.07 30.99 0.00 0.00 0.00 0.00
2.00 1.00 4.00 3.00 16.55 29.05 28.98 0.00 0.00 0.00 0.00
2.00 2.00 4.00 3.00 16.35 27.28 27.22 0.00 0.00 0.00 0.00
2.00 3.00 4.00 3.00 16.14 25.71 25.65 0.00 0.00 0.00 0.00
2.00 4.00 4.00 3.00 15.87 24.29 24.24 0.00 0.00 0.00 0.00
2.00 5.00 4.00 3.00 15.43 22.91 22.87 0.00 0.00 0.00 0.00
2.00 6.00 4.00 3.00 15.09 21.71 21.67 0.00 0.00 0.00 -0.00
2.00 7.00 4.00 3.00 14.60 20.53 20.50 0.00 0.00 0.00 -0.00
2.00 8.00 4.00 3.00 15.21 26.84 26.81 0.00 1448.34 0.00 0.00
2.00 9.00 4.00 3.00 16.86 31.25 31.22 0.00 12385.01 0.00 0.00
2.00 10.00 4.00 3.00 19.71 35.84 35.81 0.00 21197.70 0.00 0.00
2.00 11.00 4.00 3.00 22.49 41.19 41.17 0.00 31751.39 0.00 0.00
2.00 12.00 4.00 3.00 25.01 44.42 44.40 0.00 33636.08 0.00 0.00
2.00 13.00 4.00 3.00 27.00 47.48 47.46 0.00 36412.40 0.00 0.00
2.00 14.00 4.00 3.00 28.33 49.70 49.68 0.00 37307.89 0.00 0.00
2.00 15.00 4.00 3.00 29.00 64.49 64.47 0.00 85562.75 0.00 0.00
2.00 16.00 4.00 3.00 28.67 87.24 87.23 0.00 157091.32 0.00 0.00
2.00 17.00 4.00 3.00 27.61 107.59 107.58 0.00 213965.36 0.00 -0.00
2.00 18.00 4.00 3.00 26.15 118.77 118.76 0.00 236411.57 0.00 -0.00
2.00 19.00 4.00 3.00 23.78 108.12 108.11 0.00 208247.75 0.00 -0.00
2.00 20.00 4.00 3.00 21.43 50.51 50.50 0.00 204.70 0.00 0.00
2.00 21.00 4.00 3.00 19.64 41.35 41.35 0.00 0.00 0.00 0.00
2.00 22.00 4.00 3.00 18.52 37.17 37.16 0.00 0.00 0.00 0.00
2.00 23.00 4.00 3.00 17.69 34.11 34.10 0.00 0.00 0.00 0.00
2.00 24.00 4.00 3.00 17.05 31.54 31.54 0.00 0.00 0.00 0.00
2.00 1.00 5.00 3.00 16.72 29.43 29.42 0.00 0.00 0.00 0.00
2.00 2.00 5.00 3.00 16.43 27.58 27.58 0.00 0.00 0.00 0.00
2.00 3.00 5.00 3.00 16.14 25.94 25.93 0.00 0.00 0.00 0.00
2.00 4.00 5.00 3.00 15.85 24.47 24.47 0.00 0.00 0.00 0.00
2.00 5.00 5.00 3.00 15.33 23.02 23.02 0.00 0.00 0.00 0.00
2.00 6.00 5.00 3.00 14.88 21.73 21.73 0.00 0.00 0.00 -0.00
2.00 7.00 5.00 3.00 14.33 20.49 20.49 0.00 0.00 0.00 -0.00
2.00 8.00 5.00 3.00 15.09 22.53 22.53 0.00 1448.34 0.00 0.00
2.00 9.00 5.00 3.00 16.65 25.46 25.46 0.00 12385.01 0.00 0.00
2.00 10.00 5.00 3.00 19.16 28.95 26.51 -8539.27 21197.70 0.00 0.00
2.00 11.00 5.00 3.00 21.80 33.11 26.51 -22343.31 31751.39 0.00 -5780.95
2.00 12.00 5.00 3.00 24.31 35.82 26.51 -30347.20 33636.08 0.00 -9505.80
2.00 13.00 5.00 3.00 26.29 38.35 26.51 -37882.80 36412.40 0.00 -14261.26
2.00 14.00 5.00 3.00 27.74 40.19 26.51 -42961.20 37307.89 0.00 -14702.32
2.00 15.00 5.00 3.00 28.62 50.37 34.34 -50000.00 85562.75 0.00 -4950.40
2.00 16.00 5.00 3.00 28.41 65.02 48.58 -50000.00 157091.32 0.00 0.00
2.00 17.00 5.00 3.00 27.41 77.31 60.63 -50000.00 213965.36 3340.99 0.00
2.00 18.00 5.00 3.00 26.06 83.25 66.37 -50000.00 236411.57 11310.39 0.00
2.00 19.00 5.00 3.00 23.78 100.00 95.49 0.00 208247.75 0.00 0.00
2.00 20.00 5.00 3.00 21.57 46.42 43.78 0.00 204.70 0.00 -0.00
2.00 21.00 5.00 3.00 19.93 38.26 36.12 0.00 0.00 0.00 -0.00
2.00 22.00 5.00 3.00 18.83 34.56 32.70 0.00 0.00 0.00 0.00
2.00 23.00 5.00 3.00 18.10 31.92 30.29 0.00 0.00 0.00 0.00
2.00 24.00 5.00 3.00 17.48 29.68 28.25 0.00 0.00 0.00 0.00
2.00 1.00 6.00 3.00 17.12 27.83 26.57 0.00 0.00 0.00 0.00
2.00 2.00 6.00 3.00 16.81 26.21 25.10 0.00 0.00 0.00 0.00
2.00 3.00 6.00 3.00 16.58 24.81 23.83 0.00 0.00 0.00 -0.00
2.00 4.00 6.00 3.00 16.51 23.65 22.79 0.00 0.00 0.00 -0.00
2.00 5.00 6.00 3.00 16.41 22.62 21.86 0.00 0.00 0.00 -0.00
2.00 6.00 6.00 3.00 16.31 21.71 21.04 0.00 0.00 0.00 -0.00
2.00 7.00 6.00 3.00 15.86 20.71 20.11 0.00 0.00 0.00 -0.00
2.00 8.00 6.00 3.00 16.30 23.05 22.69 0.00 1448.34 0.00 -54.20
2.00 9.00 6.00 3.00 17.80 26.04 25.74 0.00 12385.01 0.00 0.00
2.00 10.00 6.00 3.00 20.13 29.48 26.51 -9483.60 21197.70 0.00 -3184.90
2.00 11.00 6.00 3.00 22.63 33.59 26.51 -23138.88 31751.39 0.00 -10636.84
2.00 12.00 6.00 3.00 25.06 36.29 26.51 -31175.79 33636.08 0.00 -16501.00
2.00 13.00 6.00 3.00 26.75 38.65 26.51 -38191.06 36412.40 0.00 -17483.05
2.00 14.00 6.00 3.00 27.96 40.33 26.51 -42854.07 37307.89 0.00 -17544.44
2.00 15.00 6.00 3.00 28.48 50.27 34.08 -50000.00 85562.75 0.00 -9379.86
2.00 16.00 6.00 3.00 28.34 64.95 48.38 -50000.00 157091.32 0.00 0.00
2.00 17.00 6.00 3.00 27.48 77.32 60.53 -50000.00 213965.36 3292.90 0.00
2.00 18.00 6.00 3.00 26.39 83.46 66.48 -50000.00 236411.57 12042.01 0.00
2.00 19.00 6.00 3.00 24.05 100.15 95.52 0.00 208247.75 0.00 0.00
2.00 20.00 6.00 3.00 21.96 46.64 43.89 0.00 204.70 0.00 -0.00
2.00 21.00 6.00 3.00 20.20 38.44 36.20 0.00 0.00 0.00 -0.00
2.00 22.00 6.00 3.00 18.89 34.63 32.69 0.00 0.00 0.00 0.00
2.00 23.00 6.00 3.00 17.91 31.84 30.14 0.00 0.00 0.00 0.00
2.00 24.00 6.00 3.00 17.02 29.44 27.93 0.00 0.00 0.00 0.00
2.00 1.00 7.00 3.00 16.46 27.44 26.11 0.00 0.00 0.00 0.00
2.00 2.00 7.00 3.00 16.18 25.79 24.63 0.00 0.00 0.00 0.00
2.00 3.00 7.00 3.00 15.90 24.33 23.31 0.00 0.00 0.00 -0.00
2.00 4.00 7.00 3.00 15.67 23.06 22.15 0.00 0.00 0.00 -0.00
2.00 5.00 7.00 3.00 15.38 21.89 21.09 0.00 0.00 0.00 -0.00
2.00 6.00 7.00 3.00 14.95 20.75 20.04 0.00 0.00 0.00 -0.00
2.00 7.00 7.00 3.00 14.46 19.66 19.04 0.00 0.00 0.00 -0.00
2.00 8.00 7.00 3.00 15.01 21.94 21.56 0.00 1448.34 0.00 -60.99
2.00 9.00 7.00 3.00 16.51 24.90 24.58 0.00 12385.01 0.00 0.00
2.00 10.00 7.00 3.00 19.08 28.48 26.51 -5940.43 21197.70 0.00 -389.73
2.00 11.00 7.00 3.00 21.73 32.70 26.51 -20284.36 31751.39 0.00 -7466.64
2.00 12.00 7.00 3.00 24.43 35.59 26.51 -29051.74 33636.08 0.00 -13035.25
2.00 13.00 7.00 3.00 26.39 38.15 26.51 -36778.58 36412.40 0.00 -15052.87
2.00 14.00 7.00 3.00 27.87 40.05 26.51 -42135.34 37307.89 0.00 -14338.82
2.00 15.00 7.00 3.00 28.54 50.12 34.01 -50000.00 85562.75 0.00 -7824.76
2.00 16.00 7.00 3.00 28.25 64.73 48.21 -50000.00 157091.32 0.00 0.00
2.00 17.00 7.00 3.00 27.34 77.09 60.34 -50000.00 213965.36 3310.18 0.00
2.00 18.00 7.00 3.00 25.96 83.03 66.09 -50000.00 236411.57 12155.82 0.00
2.00 19.00 7.00 3.00 23.54 99.68 95.08 0.00 208247.75 0.00 0.00
2.00 20.00 7.00 3.00 21.31 46.08 43.36 0.00 204.70 0.00 -0.00
2.00 21.00 7.00 3.00 19.54 37.86 35.64 0.00 0.00 0.00 -0.00
2.00 22.00 7.00 3.00 18.21 34.03 32.11 0.00 0.00 0.00 0.00
2.00 23.00 7.00 3.00 17.35 31.29 29.61 0.00 0.00 0.00 0.00
2.00 24.00 7.00 3.00 16.64 28.99 27.51 0.00 0.00 0.00 0.00
2.00 1.00 1.00 3.00 16.06 26.99 25.68 0.00 0.00 0.00 0.00
2.00 2.00 1.00 3.00 15.72 25.32 24.17 0.00 0.00 0.00 0.00
2.00 3.00 1.00 3.00 15.41 23.84 22.83 0.00 0.00 0.00 -0.00
2.00 4.00 1.00 3.00 15.15 22.55 21.66 0.00 0.00 0.00 -0.00
2.00 5.00 1.00 3.00 15.01 21.46 20.67 0.00 0.00 0.00 -0.00
2.00 6.00 1.00 3.00 14.80 20.45 19.76 0.00 0.00 0.00 -0.00
2.00 7.00 1.00 3.00 14.31 19.39 18.78 0.00 0.00 0.00 -0.00
2.00 8.00 1.00 3.00 14.86 21.71 21.51 592.12 1448.34 0.00 0.00
2.00 9.00 1.00 3.00 16.20 24.58 24.28 0.00 12385.01 0.00 0.00
2.00 10.00 1.00 3.00 18.60 28.04 26.51 -4426.71 21197.70 0.00 0.00
2.00 11.00 1.00 3.00 21.40 32.36 26.51 -19251.73 31751.39 0.00 -6754.23
2.00 12.00 1.00 3.00 23.96 35.15 26.51 -27676.33 33636.08 0.00 -10044.35
2.00 13.00 1.00 3.00 25.83 37.64 26.51 -35188.14 36412.40 0.00 -11170.67
2.00 14.00 1.00 3.00 27.21 39.46 26.51 -40324.18 37307.89 0.00 -11051.93
2.00 15.00 1.00 3.00 27.67 49.38 33.35 -50000.00 85562.75 0.00 -6884.41
2.00 16.00 1.00 3.00 27.49 64.04 47.56 -50000.00 157091.32 0.00 0.00
2.00 17.00 1.00 3.00 26.65 76.44 59.72 -50000.00 213965.36 4044.55 0.00
2.00 18.00 1.00 3.00 25.35 82.44 65.52 -50000.00 236411.57 11652.90 0.00
2.00 19.00 1.00 3.00 23.19 99.22 94.67 0.00 208247.75 0.00 0.00
2.00 20.00 1.00 3.00 21.08 45.72 43.04 0.00 204.70 0.00 -0.00
2.00 21.00 1.00 3.00 19.48 37.61 35.43 0.00 0.00 0.00 -0.00
2.00 22.00 1.00 3.00 18.23 33.85 31.96 0.00 0.00 0.00 0.00
2.00 23.00 1.00 3.00 17.48 31.20 29.55 0.00 0.00 0.00 0.00
2.00 24.00 1.00 3.00 17.09 29.11 27.65 0.00 0.00 0.00 0.00
2.00 1.00 2.00 3.00 16.66 27.25 25.96 0.00 0.00 0.00 0.00
2.00 2.00 2.00 3.00 16.28 25.60 24.47 0.00 0.00 0.00 0.00
2.00 3.00 2.00 3.00 15.92 24.14 23.14 0.00 0.00 0.00 0.00
2.00 4.00 2.00 3.00 15.77 22.93 22.05 0.00 0.00 0.00 -0.00
2.00 5.00 2.00 3.00 15.74 21.93 21.16 0.00 0.00 0.00 -0.00
2.00 6.00 2.00 3.00 15.54 20.97 20.28 0.00 0.00 0.00 -0.00
2.00 7.00 2.00 3.00 15.10 19.97 19.36 0.00 0.00 0.00 -0.00
2.00 8.00 2.00 3.00 15.26 22.10 21.73 0.00 1448.34 0.00 0.00
2.00 9.00 2.00 3.00 16.46 24.86 24.55 0.00 12385.01 0.00 0.00
2.00 10.00 2.00 3.00 18.91 28.35 26.51 -5510.22 21197.70 0.00 0.00
2.00 11.00 2.00 3.00 21.15 32.27 26.51 -18866.26 31751.39 0.00 -7631.72
2.00 12.00 2.00 3.00 23.65 34.99 26.51 -27121.20 33636.08 0.00 -13196.37
2.00 13.00 2.00 3.00 25.59 37.51 26.51 -34761.15 36412.40 0.00 -14013.68
2.00 14.00 2.00 3.00 26.91 39.27 26.51 -39721.74 37307.89 0.00 -13430.98
2.00 15.00 2.00 3.00 27.27 49.10 33.09 -50000.00 85562.75 0.00 -8379.58
2.00 16.00 2.00 3.00 27.50 64.03 47.56 -50000.00 157091.32 0.00 0.00
2.00 17.00 2.00 3.00 26.42 76.27 59.56 -50000.00 213965.36 1151.59 0.00
2.00 18.00 2.00 3.00 25.34 82.41 65.50 -50000.00 236411.57 11830.74 0.00
2.00 19.00 2.00 3.00 22.89 99.04 94.49 0.00 208247.75 0.00 0.00
2.00 20.00 2.00 3.00 20.86 45.55 42.88 0.00 204.70 0.00 -0.00
2.00 21.00 2.00 3.00 19.39 37.51 35.34 0.00 0.00 0.00 -0.00
2.00 22.00 2.00 3.00 18.00 33.68 31.79 0.00 0.00 0.00 0.00
2.00 23.00 2.00 3.00 17.21 31.00 29.35 0.00 0.00 0.00 0.00
2.00 24.00 2.00 3.00 16.76 28.86 27.41 0.00 0.00 0.00 0.00
2.00 1.00 3.00 3.00 16.40 27.02 25.74 0.00 0.00 0.00 0.00
2.00 2.00 3.00 3.00 16.04 25.39 24.26 0.00 0.00 0.00 0.00
2.00 3.00 3.00 3.00 15.80 23.99 22.99 0.00 0.00 0.00 -0.00
2.00 4.00 3.00 3.00 15.78 22.86 21.98 0.00 0.00 0.00 -0.00
2.00 5.00 3.00 3.00 15.74 21.87 21.09 0.00 0.00 0.00 -0.00
2.00 6.00 3.00 3.00 15.61 20.95 20.27 0.00 0.00 0.00 -0.00
2.00 7.00 3.00 3.00 14.99 19.86 19.26 0.00 0.00 0.00 -0.00
2.00 8.00 3.00 3.00 15.47 26.22 25.69 0.00 1448.34 0.00 0.00
2.00 9.00 3.00 3.00 16.70 30.51 30.03 0.00 12385.01 0.00 0.00
2.00 10.00 3.00 3.00 18.95 34.82 34.40 0.00 21197.70 0.00 0.00
2.00 11.00 3.00 3.00 21.62 40.12 39.75 0.00 31751.39 0.00 0.00
2.00 12.00 3.00 3.00 24.24 43.41 43.09 0.00 33636.08 0.00 0.00
2.00 13.00 3.00 3.00 26.25 46.51 46.22 0.00 36412.40 0.00 0.00
2.00 14.00 3.00 3.00 27.64 48.78 48.53 0.00 37307.89 0.00 0.00
2.00 15.00 3.00 3.00 28.37 63.63 63.41 0.00 85562.75 0.00 0.00
2.00 16.00 3.00 3.00 28.22 86.51 86.31 0.00 157091.32 0.00 0.00
2.00 17.00 3.00 3.00 27.24 106.94 106.76 0.00 213965.36 0.00 -0.00
2.00 18.00 3.00 3.00 25.83 118.19 118.03 0.00 236411.57 0.00 -0.00
2.00 19.00 3.00 3.00 23.37 107.51 107.37 0.00 208247.75 0.00 -0.00
2.00 20.00 3.00 3.00 21.13 49.99 49.87 0.00 204.70 0.00 0.00
2.00 21.00 3.00 3.00 19.38 40.89 40.78 0.00 0.00 0.00 0.00
2.00 22.00 3.00 3.00 17.87 36.51 36.41 0.00 0.00 0.00 0.00
2.00 23.00 3.00 3.00 17.03 33.43 33.34 0.00 0.00 0.00 0.00
2.00 24.00 3.00 3.00 16.50 30.93 30.85 0.00 0.00 0.00 0.00
2.00 1.00 4.00 3.00 16.05 28.75 28.68 0.00 0.00 0.00 0.00
2.00 2.00 4.00 3.00 15.66 26.85 26.78 0.00 0.00 0.00 0.00
2.00 3.00 4.00 3.00 15.35 25.19 25.13 0.00 0.00 0.00 0.00
2.00 4.00 4.00 3.00 15.10 23.73 23.68 0.00 0.00 0.00 0.00
2.00 5.00 4.00 3.00 14.80 22.41 22.37 0.00 0.00 0.00 0.00
2.00 6.00 4.00 3.00 14.60 21.26 21.23 0.00 0.00 0.00 -0.00
2.00 7.00 4.00 3.00 13.98 20.02 19.98 0.00 0.00 0.00 -0.00
2.00 8.00 4.00 3.00 14.74 26.39 26.36 0.00 1448.34 0.00 0.00
2.00 9.00 4.00 3.00 16.20 30.70 30.67 0.00 12385.01 0.00 0.00
2.00 10.00 4.00 3.00 18.67 35.06 35.04 0.00 21197.70 0.00 0.00
2.00 11.00 4.00 3.00 21.54 40.42 40.40 0.00 31751.39 0.00 0.00
2.00 12.00 4.00 3.00 24.13 43.66 43.64 0.00 33636.08 0.00 0.00
2.00 13.00 4.00 3.00 25.86 46.57 46.56 0.00 36412.40 0.00 0.00
2.00 14.00 4.00 3.00 27.14 48.73 48.71 0.00 37307.89 0.00 0.00
2.00 15.00 4.00 3.00 27.79 63.47 63.46 0.00 85562.75 0.00 0.00
2.00 16.00 4.00 3.00 27.75 86.36 86.35 0.00 157091.32 0.00 0.00
2.00 17.00 4.00 3.00 26.72 106.73 106.72 0.00 213965.36 0.00 -0.00
2.00 18.00 4.00 3.00 25.42 118.00 117.99 0.00 236411.57 0.00 -0.00
2.00 19.00 4.00 3.00 22.89 107.26 107.25 0.00 208247.75 0.00 -0.00
2.00 20.00 4.00 3.00 21.03 49.92 49.92 0.00 204.70 0.00 0.00
2.00 21.00 4.00 3.00 19.52 40.96 40.95 0.00 0.00 0.00 0.00
2.00 22.00 4.00 3.00 18.16 36.69 36.68 0.00 0.00 0.00 0.00
2.00 23.00 4.00 3.00 17.53 33.74 33.74 0.00 0.00 0.00 0.00
2.00 24.00 4.00 3.00 17.11 31.33 31.33 0.00 0.00 0.00 0.00
2.00 1.00 5.00 3.00 16.74 29.24 29.23 0.00 0.00 0.00 0.00
2.00 2.00 5.00 3.00 16.41 27.40 27.39 0.00 0.00 0.00 0.00
2.00 3.00 5.00 3.00 16.07 25.75 25.74 0.00 0.00 0.00 0.00
2.00 4.00 5.00 3.00 15.76 24.28 24.28 0.00 0.00 0.00 0.00
2.00 5.00 5.00 3.00 15.67 23.08 23.08 0.00 0.00 0.00 0.00
2.00 6.00 5.00 3.00 15.57 22.03 22.03 0.00 0.00 0.00 -0.00
2.00 7.00 5.00 3.00 15.32 21.01 21.01 0.00 0.00 0.00 -0.00
2.00 8.00 5.00 3.00 15.87 23.10 23.10 0.00 1448.34 0.00 0.00
2.00 9.00 5.00 3.00 17.31 25.98 25.98 0.00 12385.01 0.00 0.00
2.00 10.00 5.00 3.00 19.32 29.14 26.51 -9209.29 21197.70 0.00 -1003.49
2.00 11.00 5.00 3.00 22.02 33.32 26.51 -23023.93 31751.39 0.00 -12276.96
2.00 12.00 5.00 3.00 24.37 35.93 26.51 -30620.18 33636.08 0.00 -15019.10
2.00 13.00 5.00 3.00 25.77 38.04 26.51 -36735.10 36412.40 0.00 -14662.73
2.00 14.00 5.00 3.00 26.93 39.63 26.51 -41085.48 37307.89 0.00 -13742.84
2.00 15.00 5.00 3.00 27.24 49.38 33.39 -50000.00 85562.75 0.00 -9064.62
2.00 16.00 5.00 3.00 27.01 63.94 47.52 -50000.00 157091.32 0.00 0.00
2.00 17.00 5.00 3.00 25.87 76.08 59.41 -50000.00 213965.36 1982.92 0.00
2.00 18.00 5.00 3.00 24.80 82.17 65.30 -50000.00 236411.57 12257.81 0.00
2.00 19.00 5.00 3.00 22.28 98.84 94.34 0.00 208247.75 0.00 0.00
2.00 20.00 5.00 3.00 20.52 45.46 42.83 0.00 204.70 0.00 -0.00
2.00 21.00 5.00 3.00 18.96 37.35 35.22 0.00 0.00 0.00 -0.00
2.00 22.00 5.00 3.00 17.69 33.55 31.70 0.00 0.00 0.00 0.00
2.00 23.00 5.00 3.00 16.84 30.82 29.20 0.00 0.00 0.00 0.00
2.00 24.00 5.00 3.00 16.19 28.55 27.12 0.00 0.00 0.00 0.00
2.00 1.00 6.00 3.00 15.58 26.54 25.28 0.00 0.00 0.00 0.00
2.00 2.00 6.00 3.00 15.14 24.81 23.70 0.00 0.00 0.00 0.00
2.00 3.00 6.00 3.00 14.80 23.31 22.34 0.00 0.00 0.00 -0.00
2.00 4.00 6.00 3.00 14.51 21.99 21.13 0.00 0.00 0.00 -0.00
2.00 5.00 6.00 3.00 14.17 20.78 20.02 0.00 0.00 0.00 -0.00
2.00 6.00 6.00 3.00 13.99 19.77 19.10 0.00 0.00 0.00 -0.00
2.00 7.00 6.00 3.00 13.32 18.59 18.00 0.00 0.00 0.00 -0.00
2.00 8.00 6.00 3.00 13.74 20.74 21.51 3939.91 1448.34 0.00 0.00
2.00 9.00 6.00 3.00 15.34 23.76 23.56 0.00 12385.01 0.00 0.00
2.00 10.00 6.00 3.00 18.08 27.46 26.51 -2516.26 21197.70 0.00 0.00
2.00 11.00 6.00 3.00 20.65 31.63 26.51 -16978.35 31751.39 0.00 -3060.58
2.00 12.00 6.00 3.00 23.39 34.55 26.51 -25902.23 33636.08 0.00 -10093.73
2.00 13.00 6.00 3.00 25.31 37.08 26.51 -33577.73 36412.40 0.00 -11927.38
2.00 14.00 6.00 3.00 26.86 39.03 26.51 -39158.46 37307.89 0.00 -11967.58
2.00 15.00 6.00 3.00 27.67 49.20 33.26 -50000.00 85562.75 0.00 -6246.78
2.00 16.00 6.00 3.00 27.46 63.88 47.46 -50000.00 157091.32 0.00 0.00
2.00 17.00 6.00 3.00 26.63 76.30 59.64 -50000.00 213965.36 3700.90 0.00
2.00 18.00 6.00 3.00 25.35 82.33 65.46 -50000.00 236411.57 11567.74 0.00
2.00 19.00 6.00 3.00 22.97 98.98 94.48 0.00 208247.75 0.00 0.00
2.00 20.00 6.00 3.00 20.92 45.50 42.86 0.00 204.70 0.00 -0.00
2.00 21.00 6.00 3.00 19.26 37.36 35.23 0.00 0.00 0.00 -0.00
2.00 22.00 6.00 3.00 18.06 33.63 31.78 0.00 0.00 0.00 0.00
2.00 23.00 6.00 3.00 17.23 30.95 29.32 0.00 0.00 0.00 0.00
2.00 24.00 6.00 3.00 16.57 28.70 27.27 0.00 0.00 0.00 0.00
2.00 1.00 7.00 3.00 16.18 26.84 25.58 0.00 0.00 0.00 0.00
2.00 2.00 7.00 3.00 15.97 25.28 24.17 0.00 0.00 0.00 0.00
2.00 3.00 7.00 3.00 15.71 23.87 22.90 0.00 0.00 0.00 0.00
2.00 4.00 7.00 3.00 15.50 22.64 21.78 0.00 0.00 0.00 -0.00
2.00 5.00 7.00 3.00 15.26 21.53 20.77 0.00 0.00 0.00 -0.00
2.00 6.00 7.00 3.00 15.11 20.58 19.91 0.00 0.00 0.00 -0.00
2.00 7.00 7.00 3.00 14.55 19.50 18.91 0.00 0.00 0.00 -0.00
2.00 8.00 7.00 3.00 14.80 21.67 21.51 702.80 1448.34 0.00 0.00
2.00 9.00 7.00 3.00 16.16 24.54 24.25 0.00 12385.01 0.00 0.00
2.00 10.00 7.00 3.00 18.63 28.05 26.51 -4478.94 21197.70 0.00 0.00
2.00 11.00 7.00 3.00 20.97 32.05 26.51 -18200.02 31751.39 0.00 -7287.18
2.00 12.00 7.00 3.00 23.34 34.68 26.51 -26137.86 33636.08 0.00 -12846.61
2.00 13.00 7.00 3.00 25.02 37.01 26.51 -33180.85 36412.40 0.00 -12380.57
2.00 14.00 7.00 3.00 26.45 38.83 26.51 -38405.74 37307.89 0.00 -12272.59
2.00 15.00 7.00 3.00 27.21 48.94 33.00 -50000.00 85562.75 0.00 -9754.40
2.00 16.00 7.00 3.00 27.35 63.83 47.40 -50000.00 157091.32 0.00 0.00
2.00 17.00 7.00 3.00 26.61 76.32 59.64 -50000.00 213965.36 1449.92 0.00
2.00 18.00 7.00 3.00 25.37 82.37 65.49 -50000.00 236411.57 10912.29 0.00
2.00 19.00 7.00 3.00 23.02 99.04 94.52 0.00 208247.75 0.00 0.00
2.00 20.00 7.00 3.00 21.02 45.58 42.94 0.00 204.70 0.00 -0.00
2.00 21.00 7.00 3.00 19.45 37.50 35.35 0.00 0.00 0.00 -0.00
2.00 22.00 7.00 3.00 18.38 33.85 31.99 0.00 0.00 0.00 0.00
2.00 23.00 7.00 3.00 17.68 31.26 29.62 0.00 0.00 0.00 0.00
2.00 24.00 7.00 3.00 17.11 29.09 27.65 0.00 0.00 0.00 0.00
2.00 1.00 1.00 3.00 16.69 27.23 25.96 0.00 0.00 0.00 0.00
2.00 2.00 1.00 3.00 16.51 25.70 24.58 0.00 0.00 0.00 0.00
2.00 3.00 1.00 3.00 16.36 24.37 23.39 0.00 0.00 0.00 -0.00
2.00 4.00 1.00 3.00 16.15 23.17 22.30 0.00 0.00 0.00 -0.00
2.00 5.00 1.00 3.00 15.84 22.03 21.26 0.00 0.00 0.00 -0.00
2.00 6.00 1.00 3.00 15.66 21.07 20.39 0.00 0.00 0.00 -0.00
2.00 7.00 1.00 3.00 15.12 20.01 19.41 0.00 0.00 0.00 -0.00
2.00 8.00 1.00 3.00 15.70 22.43 22.07 0.00 1448.34 0.00 -453.29
2.00 9.00 1.00 3.00 17.12 25.37 25.07 0.00 12385.01 0.00 0.00
2.00 10.00 1.00 3.00 19.50 28.84 26.51 -7240.77 21197.70 0.00 -1254.25
2.00 11.00 1.00 3.00 21.91 32.89 26.51 -20884.67 31751.39 0.00 -9075.58
2.00 12.00 1.00 3.00 24.21 35.50 26.51 -28656.15 33636.08 0.00 -12230.77
2.00 13.00 1.00 3.00 25.75 37.74 26.51 -35353.33 36412.40 0.00 -14192.01
2.00 14.00 1.00 3.00 26.82 39.31 26.51 -39675.88 37307.89 0.00 -11550.43
2.00 15.00 1.00 3.00 27.43 49.29 33.24 -50000.00 85562.75 0.00 -8440.63
2.00 16.00 1.00 3.00 27.32 63.98 47.48 -50000.00 157091.32 0.00 0.00
2.00 17.00 1.00 3.00 26.54 76.41 59.67 -50000.00 213965.36 923.33 0.00
2.00 18.00 1.00 3.00 25.11 82.30 65.37 -50000.00 236411.57 11209.80 0.00
2.00 19.00 1.00 3.00 22.80 99.03 94.46 0.00 208247.75 0.00 0.00
2.00 20.00 1.00 3.00 20.73 45.52 42.82 0.00 204.70 0.00 -0.00
2.00 21.00 1.00 3.00 19.05 37.35 35.15 0.00 0.00 0.00 -0.00
2.00 22.00 1.00 3.00 18.13 33.75 31.84 0.00 0.00 0.00 0.00
2.00 23.00 1.00 3.00 17.55 31.20 29.53 0.00 0.00 0.00 0.00
2.00 24.00 1.00 3.00 17.10 29.09 27.62 0.00 0.00 0.00 0.00
2.00 1.00 2.00 3.00 16.81 27.30 26.01 0.00 0.00 0.00 0.00
2.00 2.00 2.00 3.00 16.73 25.84 24.70 0.00 0.00 0.00 0.00
2.00 3.00 2.00 3.00 16.65 24.56 23.56 0.00 0.00 0.00 0.00
2.00 4.00 2.00 3.00 16.55 23.44 22.55 0.00 0.00 0.00 -0.00
2.00 5.00 2.00 3.00 16.13 22.26 21.48 0.00 0.00 0.00 -0.00
2.00 6.00 2.00 3.00 15.78 21.21 20.52 0.00 0.00 0.00 -0.00
2.00 7.00 2.00 3.00 15.21 20.13 19.52 0.00 0.00 0.00 -0.00
2.00 8.00 2.00 3.00 15.52 22.35 21.98 0.00 1448.34 0.00 -310.12
2.00 9.00 2.00 3.00 16.73 25.12 24.81 0.00 12385.01 0.00 0.00
2.00 10.00 2.00 3.00 19.12 28.57 26.51 -6269.18 21197.70 0.00 -443.91
2.00 11.00 2.00 3.00 21.65 32.69 26.51 -20257.89 31751.39 0.00 -7088.80
2.00 12.00 2.00 3.00 24.05 35.36 26.51 -28237.99 33636.08 0.00 -10971.67
2.00 13.00 2.00 3.00 25.64 37.63 26.51 -35037.25 36412.40 0.00 -15217.20
2.00 14.00 2.00 3.00 26.94 39.37 26.51 -39940.09 37307.89 0.00 -11938.50
2.00 15.00 2.00 3.00 27.69 49.46 33.42 -50000.00 85562.75 0.00 -7334.39
2.00 16.00 2.00 3.00 27.87 64.36 47.87 -50000.00 157091.32 0.00 0.00
2.00 17.00 2.00 3.00 27.27 76.95 60.22 -50000.00 213965.36 704.23 0.00
2.00 18.00 2.00 3.00 25.85 82.89 65.96 -50000.00 236411.57 11370.55 0.00
2.00 19.00 2.00 3.00 23.22 99.40 94.83 0.00 208247.75 0.00 0.00
2.00 20.00 2.00 3.00 20.96 45.78 43.08 0.00 204.70 0.00 -0.00
2.00 21.00 2.00 3.00 19.38 37.65 35.46 0.00 0.00 0.00 -0.00
2.00 22.00 2.00 3.00 18.26 33.94 32.05 0.00 0.00 0.00 0.00
2.00 23.00 2.00 3.00 17.54 31.31 29.65 0.00 0.00 0.00 0.00
2.00 24.00 2.00 3.00 17.03 29.14 27.68 0.00 0.00 0.00 0.00
2.00 1.00 3.00 3.00 16.63 27.28 25.99 0.00 0.00 0.00 0.00
2.00 2.00 3.00 3.00 16.29 25.65 24.51 0.00 0.00 0.00 0.00
2.00 3.00 3.00 3.00 15.94 24.19 23.19 0.00 0.00 0.00 0.00
2.00 4.00 3.00 3.00 15.61 22.88 21.99 0.00 0.00 0.00 -0.00
2.00 5.00 3.00 3.00 15.22 21.66 20.88 0.00 0.00 0.00 -0.00
2.00 6.00 3.00 3.00 14.84 20.56 19.87 0.00 0.00 0.00 -0.00
2.00 7.00 3.00 3.00 14.24 19.42 18.82 0.00 0.00 0.00 -0.00
2.00 8.00 3.00 3.00 14.53 25.64 25.10 0.00 1448.34 0.00 0.00
2.00 9.00 3.00 3.00 15.79 29.89 29.41 0.00 12385.01 0.00 0.00
2.00 10.00 3.00 3.00 18.31 34.31 33.89 0.00 21197.70 0.00 0.00
2.00 11.00 3.00 3.00 20.93 39.58 39.20 0.00 31751.39 0.00 0.00
2.00 12.00 3.00 3.00 23.65 42.90 42.57 0.00 33636.08 0.00 0.00
2.00 13.00 3.00 3.00 25.51 45.92 45.63 0.00 36412.40 0.00 0.00
2.00 14.00 3.00 3.00 26.74 48.08 47.82 0.00 37307.89 0.00 0.00
2.00 15.00 3.00 3.00 27.34 62.82 62.60 0.00 85562.75 0.00 0.00
2.00 16.00 3.00 3.00 27.18 85.66 85.46 0.00 157091.32 0.00 0.00
2.00 17.00 3.00 3.00 26.53 106.25 106.07 0.00 213965.36 0.00 -0.00
2.00 18.00 3.00 3.00 25.07 117.48 117.32 0.00 236411.57 0.00 -0.00
2.00 19.00 3.00 3.00 22.64 106.81 106.67 0.00 208247.75 0.00 -0.00
2.00 20.00 3.00 3.00 20.43 49.31 49.18 0.00 204.70 0.00 0.00
2.00 21.00 3.00 3.00 18.91 40.32 40.21 0.00 0.00 0.00 0.00
2.00 22.00 3.00 3.00 17.84 36.21 36.11 0.00 0.00 0.00 0.00
2.00 23.00 3.00 3.00 17.12 33.24 33.15 0.00 0.00 0.00 0.00
2.00 24.00 3.00 3.00 16.53 30.75 30.67 0.00 0.00 0.00 0.00
2.00 1.00 4.00 3.00 16.18 28.66 28.59 0.00 0.00 0.00 0.00
2.00 2.00 4.00 3.00 15.99 26.89 26.83 0.00 0.00 0.00 0.00
2.00 3.00 4.00 3.00 15.90 25.39 25.34 0.00 0.00 0.00 0.00
2.00 4.00 4.00 3.00 15.70 24.02 23.97 0.00 0.00 0.00 0.00
2.00 5.00 4.00 3.00 15.46 22.77 22.73 0.00 0.00 0.00 0.00
2.00 6.00 4.00 3.00 15.19 21.63 21.59 0.00 0.00 0.00 -0.00
2.00 7.00 4.00 3.00 14.96 20.62 20.59 0.00 0.00 0.00 -0.00
2.00 8.00 4.00 3.00 14.90 26.60 26.57 0.00 1448.34 0.00 0.00
2.00 9.00 4.00 3.00 15.70 30.53 30.50 0.00 12385.01 0.00 0.00
2.00 10.00 4.00 3.00 18.04 34.75 34.72 0.00 21197.70 0.00 0.00
2.00 11.00 4.00 3.00 20.24 39.69 39.67 0.00 31751.39 0.00 0.00
2.00 12.00 4.00 3.00 22.48 42.65 42.63 0.00 33636.08 0.00 0.00
2.00 13.00 4.00 3.00 24.19 45.45 45.44 0.00 36412.40 0.00 0.00
2.00 14.00 4.00 3.00 25.77 47.69 47.68 0.00 37307.89 0.00 0.00
2.00 15.00 4.00 3.00 26.07 62.22 62.20 0.00 85562.75 0.00 0.00
2.00 16.00 4.00 3.00 26.09 85.06 85.05 0.00 157091.32 0.00 0.00
2.00 17.00 4.00 3.00 25.17 105.45 105.44 0.00 213965.36 0.00 -0.00
2.00 18.00 4.00 3.00 23.93 116.72 116.71 0.00 236411.57 0.00 -0.00
2.00 19.00 4.00 3.00 21.49 106.01 106.00 0.00 208247.75 0.00 -0.00
2.00 20.00 4.00 3.00 19.73 48.71 48.70 0.00 204.70 0.00 0.00
2.00 21.00 4.00 3.00 18.27 39.77 39.76 0.00 0.00 0.00 0.00
2.00 22.00 4.00 3.00 17.14 35.61 35.61 0.00 0.00 0.00 0.00
2.00 23.00 4.00 3.00 16.41 32.63 32.63 0.00 0.00 0.00 0.00
2.00 24.00 4.00 3.00 16.14 30.30 30.29 0.00 0.00 0.00 0.00
2.00 1.00 5.00 3.00 15.93 28.31 28.30 0.00 0.00 0.00 0.00
2.00 2.00 5.00 3.00 15.69 26.53 26.53 0.00 0.00 0.00 0.00
2.00 3.00 5.00 3.00 15.53 25.01 25.00 0.00 0.00 0.00 0.00
2.00 4.00 5.00 3.00 15.16 23.54 23.53 0.00 0.00 0.00 0.00
2.00 5.00 5.00 3.00 15.13 22.39 22.39 0.00 0.00 0.00 0.00
2.00 6.00 5.00 3.00 14.73 21.20 21.19 0.00 0.00 0.00 0.00
2.00 7.00 5.00 3.00 14.19 20.01 20.01 0.00 0.00 0.00 -0.00
2.00 8.00 5.00 3.00 13.94 21.49 21.51 77.16 1448.34 0.00 0.00
2.00 9.00 5.00 3.00 14.77 23.87 23.87 0.00 12385.01 0.00 0.00
2.00 10.00 5.00 3.00 17.10 27.17 26.51 -2329.05 21197.70 0.00 0.00
2.00 11.00 5.00 3.00 19.31 30.99 26.51 -15479.43 31751.39 0.00 -4399.20
2.00 12.00 5.00 3.00 21.90 33.69 26.51 -23692.45 33636.08 0.00 -11171.16
2.00 13.00 5.00 3.00 23.85 36.16 26.51 -31150.70 36412.40 0.00 -9872.06
2.00 14.00 5.00 3.00 25.37 38.01 26.51 -36395.51 37307.89 0.00 -8066.56
2.00 15.00 5.00 3.00 25.61 47.73 32.02 -50000.00 85562.75 0.00 -6372.83
2.00 16.00 5.00 3.00 25.65 62.48 46.22 -50000.00 157091.32 0.00 0.00
2.00 17.00 5.00 3.00 24.61 74.71 58.18 -50000.00 213965.36 4946.50 0.00
2.00 18.00 5.00 3.00 23.51 80.80 64.05 -50000.00 236411.57 11810.89 0.00
2.00 19.00 5.00 3.00 20.77 97.33 92.97 0.00 208247.75 0.00 0.00
2.00 20.00 5.00 3.00 18.96 43.92 41.42 0.00 204.70 0.00 -0.00
2.00 21.00 5.00 3.00 17.56 35.88 33.87 0.00 0.00 0.00 -0.00
2.00 22.00 5.00 3.00 16.40 32.16 30.42 0.00 0.00 0.00 0.00
2.00 23.00 5.00 3.00 15.58 29.47 27.94 0.00 0.00 0.00 0.00
2.00 24.00 5.00 3.00 15.12 27.31 25.97 0.00 0.00 0.00 0.00
2.00 1.00 6.00 3.00 14.93 25.56 24.37 0.00 0.00 0.00 0.00
2.00 2.00 6.00 3.00 14.58 23.93 22.89 0.00 0.00 0.00 0.00
2.00 3.00 6.00 3.00 14.28 22.50 21.58 0.00 0.00 0.00 0.00
2.00 4.00 6.00 3.00 14.25 21.36 20.55 0.00 0.00 0.00 -0.00
2.00 5.00 6.00 3.00 14.01 20.26 19.54 0.00 0.00 0.00 -0.00
2.00 6.00 6.00 3.00 13.78 19.27 18.64 0.00 0.00 0.00 -0.00
2.00 7.00 6.00 3.00 13.45 18.32 17.76 0.00 0.00 0.00 -0.00
2.00 8.00 6.00 3.00 13.34 20.27 21.51 5520.13 1448.34 0.00 0.00
2.00 9.00 6.00 3.00 14.03 22.66 22.52 0.00 12385.01 0.00 0.00
2.00 10.00 6.00 3.00 15.89 25.69 25.49 0.00 21197.70 0.00 0.00
2.00 11.00 6.00 3.00 18.18 29.58 26.51 -10129.07 31751.39 0.00 -974.99
2.00 12.00 6.00 3.00 20.62 32.22 26.51 -18521.52 33636.08 0.00 -5785.46
2.00 13.00 6.00 3.00 22.75 34.83 26.51 -26673.93 36412.40 0.00 -7833.49
2.00 14.00 6.00 3.00 24.40 36.81 26.51 -32466.06 37307.89 0.00 -5723.77
2.00 15.00 6.00 3.00 25.05 46.84 31.23 -50000.00 85562.75 0.00 -7959.97
2.00 16.00 6.00 3.00 25.14 61.68 45.45 -50000.00 157091.32 0.00 0.00
2.00 17.00 6.00 3.00 24.28 74.08 57.56 -50000.00 213965.36 3088.14 0.00
2.00 18.00 6.00 3.00 23.13 80.18 63.44 -50000.00 236411.57 11285.07 0.00
2.00 19.00 6.00 3.00 20.88 96.92 92.58 0.00 208247.75 0.00 0.00
2.00 20.00 6.00 3.00 19.23 43.66 41.17 0.00 204.70 0.00 -0.00
2.00 21.00 6.00 3.00 17.78 35.67 33.67 0.00 0.00 0.00 -0.00
2.00 22.00 6.00 3.00 16.68 32.03 30.30 0.00 0.00 0.00 0.00
2.00 23.00 6.00 3.00 16.12 29.53 28.01 0.00 0.00 0.00 0.00
2.00 24.00 6.00 3.00 15.65 27.44 26.10 0.00 0.00 0.00 0.00
2.00 1.00 7.00 3.00 15.40 25.70 24.52 0.00 0.00 0.00 0.00
2.00 2.00 7.00 3.00 15.13 24.16 23.12 0.00 0.00 0.00 0.00
2.00 3.00 7.00 3.00 15.11 22.92 22.01 0.00 0.00 0.00 -0.00
2.00 4.00 7.00 3.00 15.02 21.81 21.01 0.00 0.00 0.00 -0.00
2.00 5.00 7.00 3.00 14.89 20.81 20.10 0.00 0.00 0.00 -0.00
2.00 6.00 7.00 3.00 14.86 19.97 19.34 0.00 0.00 0.00 -0.00
2.00 7.00 7.00 3.00 14.52 19.06 18.51 0.00 0.00 0.00 -0.00
2.00 8.00 7.00 3.00 14.37 21.12 21.51 2555.66 1448.34 0.00 0.00
2.00 9.00 7.00 3.00 15.14 23.59 23.37 0.00 12385.01 0.00 0.00
2.00 10.00 7.00 3.00 17.35 26.90 26.51 -558.85 21197.70 0.00 0.00
2.00 11.00 7.00 3.00 19.75 30.91 26.51 -14660.46 31751.39 0.00 -5006.33
2.00 12.00 7.00 3.00 21.97 33.43 26.51 -22265.47 33636.08 0.00 -10298.87
2.00 13.00 7.00 3.00 23.52 35.65 26.51 -29015.58 36412.40 0.00 -7944.43
2.00 14.00 7.00 3.00 24.66 37.25 26.51 -33543.16 37307.89 0.00 -6361.58
2.00 15.00 7.00 3.00 25.16 47.14 31.43 -50000.00 85562.75 0.00 -7636.71
2.00 16.00 7.00 3.00 25.07 61.82 45.51 -50000.00 157091.32 0.00 0.00
2.00 17.00 7.00 3.00 24.14 74.14 57.56 -50000.00 213965.36 3450.97 0.00
2.00 18.00 7.00 3.00 22.55 79.90 63.10 -50000.00 236411.57 11737.56 0.00
2.00 19.00 7.00 3.00 20.04 96.55 92.14 0.00 208247.75 0.00 0.00
2.00 20.00 7.00 3.00 18.07 43.05 40.51 0.00 204.70 0.00 -0.00
2.00 21.00 7.00 3.00 16.52 34.93 32.87 0.00 0.00 0.00 -0.00
2.00 22.00 7.00 3.00 15.34 31.18 29.40 0.00 0.00 0.00 0.00
2.00 23.00 7.00 3.00 14.49 28.45 26.89 0.00 0.00 0.00 0.00
2.00 24.00 7.00 3.00 13.83 26.18 24.80 0.00 0.00 0.00 0.00
2.00 1.00 1.00 4.00 13.53 24.33 23.12 0.00 0.00 0.00 0.00
2.00 2.00 1.00 4.00 13.35 22.77 21.71 0.00 0.00 0.00 0.00
2.00 3.00 1.00 4.00 13.21 21.42 20.48 0.00 0.00 0.00 -0.00
2.00 4.00 1.00 4.00 13.12 20.26 19.43 0.00 0.00 0.00 -0.00
2.00 5.00 1.00 4.00 12.78 19.10 18.37 0.00 0.00 0.00 -0.00
2.00 6.00 1.00 4.00 12.68 18.16 17.52 0.00 0.00 0.00 -0.00
2.00 7.00 1.00 4.00 12.24 17.17 16.60 0.00 60.78 0.00 -0.00
2.00 8.00 1.00 4.00 12.50 20.02 21.01 4712.73 5010.08 0.00 0.00
2.00 9.00 1.00 4.00 13.90 22.00 21.83 0.00 10468.20 0.00 0.00
2.00 10.00 1.00 4.00 16.55 26.03 25.82 0.00 21625.30 0.00 0.00
2.00 11.00 1.00 4.00 19.26 29.24 26.01 -10620.78 26211.28 0.00 -1910.48
2.00 12.00 1.00 4.00 21.92 32.62 26.01 -21571.85 31298.55 0.00 -9792.94
2.00 13.00 1.00 4.00 24.08 35.38 26.01 -30017.79 34314.11 0.00 -9648.79
2.00 14.00 1.00 4.00 25.66 37.35 26.01 -35660.99 35121.23 0.00 -9227.80
2.00 15.00 1.00 4.00 26.64 47.90 32.16 -50000.00 84774.82 0.00 -8557.36
2.00 16.00 1.00 4.00 26.90 60.84 44.54 -50000.00 145013.91 0.00 0.00
2.00 17.00 1.00 4.00 26.11 65.79 49.22 -50000.00 162417.92 0.00 0.00
2.00 18.00 1.00 4.00 24.68 55.99 39.21 -50000.00 105167.85 0.00 0.00
2.00 19.00 1.00 4.00 21.99 37.02 32.62 0.00 6159.54 0.00 0.00
2.00 20.00 1.00 4.00 19.98 31.55 29.01 0.00 0.00 0.00 0.00
2.00 21.00 1.00 4.00 18.34 28.69 26.64 0.00 0.00 0.00 0.00
2.00 22.00 1.00 4.00 17.15 26.50 24.72 0.00 0.00 0.00 0.00
2.00 23.00 1.00 4.00 16.21 24.65 23.09 0.00 0.00 0.00 0.00
2.00 24.00 1.00 4.00 15.44 23.02 21.65 0.00 0.00 0.00 0.00
2.00 1.00 2.00 4.00 14.94 21.67 20.46 0.00 0.00 0.00 0.00
2.00 2.00 2.00 4.00 14.55 20.49 19.43 0.00 0.00 0.00 -0.00
2.00 3.00 2.00 4.00 14.38 19.55 18.61 0.00 0.00 0.00 -0.00
2.00 4.00 2.00 4.00 14.16 18.68 17.85 0.00 0.00 0.00 -0.00
2.00 5.00 2.00 4.00 13.59 17.70 16.97 0.00 0.00 0.00 -0.00
2.00 6.00 2.00 4.00 13.29 16.92 16.28 0.00 0.00 0.00 -0.00
2.00 7.00 2.00 4.00 12.79 16.11 15.54 0.00 60.78 0.00 -0.00
2.00 8.00 2.00 4.00 13.00 19.55 21.01 6341.75 5010.08 0.00 0.00
2.00 9.00 2.00 4.00 14.49 21.75 21.62 0.00 10468.20 0.00 0.00
2.00 10.00 2.00 4.00 17.09 25.86 25.66 0.00 21625.30 0.00 0.00
2.00 11.00 2.00 4.00 19.76 29.13 26.01 -10283.46 26211.28 0.00 -1076.31
2.00 12.00 2.00 4.00 22.30 32.50 26.01 -21226.34 31298.55 0.00 -7709.87
2.00 13.00 2.00 4.00 24.25 35.18 26.01 -29391.85 34314.11 0.00 -9733.17
2.00 14.00 2.00 4.00 25.55 37.00 26.01 -34532.39 35121.23 0.00 -7792.08
2.00 15.00 2.00 4.00 26.43 47.50 31.80 -50000.00 84774.82 0.00 -6688.00
2.00 16.00 2.00 4.00 26.22 60.14 43.85 -50000.00 145013.91 0.00 0.00
2.00 17.00 2.00 4.00 25.33 65.00 48.44 -50000.00 162417.92 0.00 0.00
2.00 18.00 2.00 4.00 23.63 55.01 38.24 -50000.00 105167.85 0.00 0.00
2.00 19.00 2.00 4.00 20.96 36.05 31.66 0.00 6159.54 0.00 0.00
2.00 20.00 2.00 4.00 18.84 30.50 27.98 0.00 0.00 0.00 0.00
2.00 21.00 2.00 4.00 16.99 27.52 25.48 0.00 0.00 0.00 0.00
2.00 22.00 2.00 4.00 15.71 25.25 23.48 0.00 0.00 0.00 0.00
2.00 23.00 2.00 4.00 14.74 23.34 21.79 0.00 0.00 0.00 0.00
2.00 24.00 2.00 4.00 14.08 21.75 20.39 0.00 0.00 0.00 0.00
2.00 1.00 3.00 4.00 13.65 20.42 19.22 0.00 0.00 0.00 0.00
2.00 2.00 3.00 4.00 13.27 19.25 18.19 0.00 0.00 0.00 -0.00
2.00 3.00 3.00 4.00 12.85 18.16 17.23 0.00 0.00 0.00 -0.00
2.00 4.00 3.00 4.00 12.67 17.29 16.47 0.00 0.00 0.00 -0.00
2.00 5.00 3.00 4.00 12.31 16.42 15.69 0.00 0.00 0.00 -0.00
2.00 6.00 3.00 4.00 12.22 15.76 15.12 0.00 0.00 0.00 -0.00
2.00 7.00 3.00 4.00 11.78 15.00 14.43 0.00 60.78 0.00 -0.00
2.00 8.00 3.00 4.00 12.40 22.62 22.12 0.00 5010.08 0.00 0.00
2.00 9.00 3.00 4.00 14.35 26.17 25.73 0.00 10468.20 0.00 0.00
2.00 10.00 3.00 4.00 17.07 31.48 31.09 0.00 21625.30 0.00 0.00
2.00 11.00 3.00 4.00 20.13 35.66 35.31 0.00 26211.28 0.00 0.00
2.00 12.00 3.00 4.00 22.78 39.83 39.52 0.00 31298.55 0.00 0.00
2.00 13.00 3.00 4.00 24.78 43.21 42.94 0.00 34314.11 0.00 0.00
2.00 14.00 3.00 4.00 26.03 45.53 45.29 0.00 35121.23 0.00 0.00
2.00 15.00 3.00 4.00 26.72 60.83 60.62 0.00 84774.82 0.00 0.00
2.00 16.00 3.00 4.00 26.39 80.64 80.45 0.00 145013.91 0.00 0.00
2.00 17.00 3.00 4.00 25.41 89.74 89.57 0.00 162417.92 0.00 0.00
2.00 18.00 3.00 4.00 23.80 76.82 76.68 0.00 105167.85 0.00 0.00
2.00 19.00 3.00 4.00 21.00 41.54 41.41 0.00 6159.54 0.00 -0.00
2.00 20.00 3.00 4.00 18.87 33.58 33.47 0.00 0.00 0.00 -0.00
2.00 21.00 3.00 4.00 17.24 30.11 30.00 0.00 0.00 0.00 0.00
2.00 22.00 3.00 4.00 16.03 27.57 27.47 0.00 0.00 0.00 0.00
2.00 23.00 3.00 4.00 15.17 25.47 25.39 0.00 0.00 0.00 0.00
2.00 24.00 3.00 4.00 14.43 23.64 23.57 0.00 0.00 0.00 0.00
2.00 1.00 4.00 4.00 14.03 22.14 22.08 0.00 0.00 0.00 0.00
2.00 2.00 4.00 4.00 13.73 20.85 20.80 0.00 0.00 0.00 0.00
2.00 3.00 4.00 4.00 13.41 19.69 19.64 0.00 0.00 0.00 -0.00
2.00 4.00 4.00 4.00 13.07 18.62 18.58 0.00 0.00 0.00 -0.00
2.00 5.00 4.00 4.00 12.65 17.60 17.56 0.00 0.00 0.00 -0.00
2.00 6.00 4.00 4.00 12.57 16.84 16.81 0.00 0.00 0.00 -0.00
2.00 7.00 4.00 4.00 12.01 15.93 15.90 0.00 60.78 0.00 -0.00
2.00 8.00 4.00 4.00 12.43 23.36 23.33 0.00 5010.08 0.00 0.00
2.00 9.00 4.00 4.00 14.00 26.61 26.59 0.00 10468.20 0.00 0.00
2.00 10.00 4.00 4.00 16.32 31.59 31.57 0.00 21625.30 0.00 0.00
2.00 11.00 4.00 4.00 19.09 35.49 35.47 0.00 26211.28 0.00 0.00
2.00 12.00 4.00 4.00 21.58 39.46 39.45 0.00 31298.55 0.00 0.00
2.00 13.00 4.00 4.00 23.28 42.57 42.55 0.00 34314.11 0.00 0.00
2.00 14.00 4.00 4.00 24.44 44.72 44.71 0.00 35121.23 0.00 0.00
2.00 15.00 4.00 4.00 25.23 59.98 59.97 0.00 84774.82 0.00 0.00
2.00 16.00 4.00 4.00 25.23 79.89 79.88 0.00 145013.91 0.00 0.00
2.00 17.00 4.00 4.00 24.59 89.14 89.13 0.00 162417.92 0.00 0.00
2.00 18.00 4.00 4.00 23.17 76.32 76.31 0.00 105167.85 0.00 0.00
2.00 19.00 4.00 4.00 20.44 41.07 41.06 0.00 6159.54 0.00 -0.00
2.00 20.00 4.00 4.00 18.58 33.25 33.24 0.00 0.00 0.00 -0.00
2.00 21.00 4.00 4.00 16.93 29.78 29.78 0.00 0.00 0.00 0.00
2.00 22.00 4.00 4.00 15.81 27.29 27.29 0.00 0.00 0.00 0.00
2.00 23.00 4.00 4.00 15.04 25.27 25.26 0.00 0.00 0.00 0.00
2.00 24.00 4.00 4.00 14.68 23.65 23.65 0.00 0.00 0.00 0.00
2.00 1.00 5.00 4.00 14.19 22.15 22.14 0.00 0.00 0.00 0.00
2.00 2.00 5.00 4.00 13.85 20.86 20.85 0.00 0.00 0.00 0.00
2.00 3.00 5.00 4.00 13.78 19.84 19.84 0.00 0.00 0.00 -0.00
2.00 4.00 5.00 4.00 13.63 18.92 18.91 0.00 0.00 0.00 -0.00
2.00 5.00 5.00 4.00 13.34 18.01 18.01 0.00 0.00 0.00 -0.00
2.00 6.00 5.00 4.00 13.39 17.36 17.36 0.00 0.00 0.00 -0.00
2.00 7.00 5.00 4.00 13.10 16.64 16.64 0.00 60.78 0.00 -0.00
2.00 8.00 5.00 4.00 13.32 20.02 21.01 3500.13 5010.08 0.00 0.00
2.00 9.00 5.00 4.00 14.46 21.95 22.04 0.00 10468.20 0.00 0.00
2.00 10.00 5.00 4.00 16.53 25.65 25.68 0.00 21625.30 0.00 0.00
2.00 11.00 5.00 4.00 19.20 28.87 26.01 -10058.20 26211.28 0.00 -82.42
2.00 12.00 5.00 4.00 21.52 32.05 26.01 -20271.67 31298.55 0.00 -4519.83
2.00 13.00 5.00 4.00 23.13 34.44 26.01 -27421.37 34314.11 0.00 -7263.95
2.00 14.00 5.00 4.00 24.02 35.90 26.01 -31394.16 35121.23 0.00 -4684.48
2.00 15.00 5.00 4.00 24.32 45.94 30.46 -50000.00 84774.82 0.00 -5161.20
2.00 16.00 5.00 4.00 24.39 58.68 42.54 -50000.00 145013.91 0.00 0.00
2.00 17.00 5.00 4.00 23.76 63.68 47.25 -50000.00 162417.92 0.00 0.00
2.00 18.00 5.00 4.00 22.15 53.72 37.06 -50000.00 105167.85 0.00 0.00
2.00 19.00 5.00 4.00 19.67 34.92 30.67 0.00 6159.54 0.00 0.00
2.00 20.00 5.00 4.00 17.98 29.60 27.20 0.00 0.00 0.00 0.00
2.00 21.00 5.00 4.00 16.91 27.06 25.14 0.00 0.00 0.00 0.00
2.00 22.00 5.00 4.00 15.97 25.06 23.39 0.00 0.00 0.00 0.00
2.00 23.00 5.00 4.00 15.32 23.40 21.94 0.00 0.00 0.00 0.00
2.00 24.00 5.00 4.00 14.95 22.05 20.77 0.00 0.00 0.00 0.00
2.00 1.00 6.00 4.00 14.62 20.86 19.73 0.00 0.00 0.00 0.00
2.00 2.00 6.00 4.00 14.45 19.88 18.88 0.00 0.00 0.00 -0.00
2.00 3.00 6.00 4.00 14.24 18.98 18.11 0.00 0.00 0.00 -0.00
2.00 4.00 6.00 4.00 13.97 18.14 17.37 0.00 0.00 0.00 -0.00
2.00 5.00 6.00 4.00 13.87 17.47 16.79 0.00 0.00 0.00 -0.00
2.00 6.00 6.00 4.00 13.84 16.91 16.31 0.00 0.00 0.00 -0.00
2.00 7.00 6.00 4.00 13.52 16.28 15.75 0.00 60.78 0.00 -0.00
2.00 8.00 6.00 4.00 13.72 19.94 21.01 4897.99 5010.08 0.00 0.00
2.00 9.00 6.00 4.00 15.05 22.08 21.93 0.00 10468.20 0.00 0.00
2.00 10.00 6.00 4.00 17.58 26.17 25.98 0.00 21625.30 0.00 0.00
2.00 11.00 6.00 4.00 20.07 29.35 26.01 -11047.38 26211.28 0.00 -2622.47
2.00 12.00 6.00 4.00 22.37 32.56 26.01 -21365.19 31298.55 0.00 -8030.81
2.00 13.00 6.00 4.00 24.09 35.07 26.01 -28969.00 34314.11 0.00 -6365.36
2.00 14.00 6.00 4.00 25.38 36.86 26.01 -34090.99 35121.23 0.00 -6820.50
2.00 15.00 6.00 4.00 25.73 47.00 31.31 -50000.00 84774.82 0.00 -6407.09
2.00 16.00 6.00 4.00 25.69 59.71 43.43 -50000.00 145013.91 0.00 0.00
2.00 17.00 6.00 4.00 24.90 64.63 48.08 -50000.00 162417.92 0.00 0.00
2.00 18.00 6.00 4.00 23.35 54.73 37.96 -50000.00 105167.85 0.00 0.00
2.00 19.00 6.00 4.00 20.72 35.80 31.42 0.00 6159.54 0.00 0.00
2.00 20.00 6.00 4.00 18.77 30.35 27.83 0.00 0.00 0.00 0.00
2.00 21.00 6.00 4.00 17.13 27.50 25.46 0.00 0.00 0.00 0.00
2.00 22.00 6.00 4.00 16.13 25.41 23.64 0.00 0.00 0.00 0.00
2.00 23.00 6.00 4.00 15.46 23.71 22.16 0.00 0.00 0.00 0.00
2.00 24.00 6.00 4.00 15.03 22.30 20.94 0.00 0.00 0.00 0.00
2.00 1.00 7.00 4.00 16.54 22.09 20.90 0.00 0.00 0.00 0.00
2.00 2.00 7.00 4.00 16.43 21.28 20.23 0.00 0.00 0.00 -0.00
2.00 3.00 7.00 4.00 16.08 20.39 19.46 0.00 0.00 0.00 -0.00
2.00 4.00 7.00 4.00 15.61 19.50 18.68 0.00 0.00 0.00 -0.00
2.00 5.00 7.00 4.00 15.07 18.61 17.89 0.00 0.00 0.00 -0.00
2.00 6.00 7.00 4.00 14.49 17.75 17.11 0.00 0.00 0.00 -0.00
2.00 7.00 7.00 4.00 14.03 17.00 16.43 0.00 60.78 0.00 -0.00
2.00 8.00 7.00 4.00 14.34 20.65 21.01 2485.31 5010.08 0.00 0.00
2.00 9.00 7.00 4.00 15.66 22.76 22.54 0.00 10468.20 0.00 -2056.72
2.00 10.00 7.00 4.00 18.00 26.71 26.01 -1625.08 21625.30 0.00 -756.65
2.00 11.00 7.00 4.00 20.29 29.72 26.01 -12126.16 26211.28 0.00 -607.99
2.00 12.00 7.00 4.00 22.51 32.85 26.01 -22177.48 31298.55 0.00 -6100.29
2.00 13.00 7.00 4.00 24.32 35.41 26.01 -29945.77 34314.11 0.00 -11366.72
2.00 14.00 7.00 4.00 25.73 37.27 26.01 -35281.37 35121.23 0.00 -9396.80
2.00 15.00 7.00 4.00 26.74 47.86 32.10 -50000.00 84774.82 0.00 -5435.78
2.00 16.00 7.00 4.00 26.74 60.63 44.31 -50000.00 145013.91 0.00 0.00
2.00 17.00 7.00 4.00 26.08 65.66 49.07 -50000.00 162417.92 0.00 0.00
2.00 18.00 7.00 4.00 24.46 55.74 38.94 -50000.00 105167.85 0.00 0.00
2.00 19.00 7.00 4.00 21.96 36.85 32.44 0.00 6159.54 0.00 0.00
2.00 20.00 7.00 4.00 19.93 31.39 28.83 0.00 0.00 0.00 0.00
2.00 21.00 7.00 4.00 18.39 28.60 26.53 0.00 0.00 0.00 0.00
2.00 22.00 7.00 4.00 17.30 26.48 24.69 0.00 0.00 0.00 0.00
2.00 23.00 7.00 4.00 16.53 24.74 23.17 0.00 0.00 0.00 0.00
2.00 24.00 7.00 4.00 15.95 23.25 21.87 0.00 0.00 0.00 0.00
2.00 1.00 1.00 4.00 15.72 22.08 20.87 0.00 0.00 0.00 0.00
2.00 2.00 1.00 4.00 15.46 21.03 19.96 0.00 0.00 0.00 -0.00
2.00 3.00 1.00 4.00 14.98 19.97 19.02 0.00 0.00 0.00 -0.00
2.00 4.00 1.00 4.00 14.68 19.07 18.24 0.00 0.00 0.00 -0.00
2.00 5.00 1.00 4.00 14.24 18.18 17.44 0.00 0.00 0.00 -0.00
2.00 6.00 1.00 4.00 13.89 17.39 16.74 0.00 0.00 0.00 -0.00
2.00 7.00 1.00 4.00 13.34 16.57 15.99 0.00 60.78 0.00 -0.00
2.00 8.00 1.00 4.00 13.72 20.16 21.01 4217.80 5010.08 0.00 0.00
2.00 9.00 1.00 4.00 15.52 22.59 22.41 0.00 10468.20 0.00 -1538.28
2.00 10.00 1.00 4.00 17.99 26.65 26.01 -1452.90 21625.30 0.00 0.00
2.00 11.00 1.00 4.00 20.90 30.10 26.01 -13487.41 26211.28 0.00 -2047.97
2.00 12.00 1.00 4.00 23.36 33.45 26.01 -24153.53 31298.55 0.00 -5629.92
2.00 13.00 1.00 4.00 25.39 36.20 26.01 -32511.45 34314.11 0.00 -10056.04
2.00 14.00 1.00 4.00 26.71 38.04 26.01 -37691.47 35121.23 0.00 -11096.71
2.00 15.00 1.00 4.00 27.56 48.55 32.69 -50000.00 84774.82 0.00 -5780.85
2.00 16.00 1.00 4.00 27.40 61.23 44.86 -50000.00 145013.91 0.00 0.00
2.00 17.00 1.00 4.00 26.62 66.18 49.55 -50000.00 162417.92 0.00 0.00
2.00 18.00 1.00 4.00 25.04 56.29 39.45 -50000.00 105167.85 0.00 0.00
2.00 19.00 1.00 4.00 22.42 37.33 32.87 0.00 6159.54 0.00 0.00
2.00 20.00 1.00 4.00 20.55 31.94 29.35 0.00 0.00 0.00 0.00
2.00 21.00 1.00 4.00 19.22 29.28 27.18 0.00 0.00 0.00 0.00
2.00 22.00 1.00 4.00 18.16 27.20 25.38 0.00 0.00 0.00 0.00
2.00 23.00 1.00 4.00 17.51 25.54 23.95 0.00 0.00 0.00 0.00
2.00 24.00 1.00 4.00 17.10 24.18 22.77 0.00 0.00 0.00 0.00
2.00 1.00 2.00 4.00 17.07 23.15 21.92 0.00 0.00 0.00 0.00
2.00 2.00 2.00 4.00 16.78 22.13 21.04 0.00 0.00 0.00 -0.00
2.00 3.00 2.00 4.00 16.46 21.18 20.22 0.00 0.00 0.00 -0.00
2.00 4.00 2.00 4.00 16.24 20.37 19.52 0.00 0.00 0.00 -0.00
2.00 5.00 2.00 4.00 15.84 19.54 18.79 0.00 0.00 0.00 -0.00
2.00 6.00 2.00 4.00 15.47 18.77 18.11 0.00 0.00 0.00 -0.00
2.00 7.00 2.00 4.00 14.88 17.95 17.36 0.00 60.78 0.00 -0.00
2.00 8.00 2.00 4.00 14.39 21.00 21.01 1293.16 5010.08 0.00 -2045.00
2.00 9.00 2.00 4.00 15.40 22.84 22.57 0.00 10468.20 0.00 -1488.59
2.00 10.00 2.00 4.00 17.64 26.66 26.01 -1393.21 21625.30 0.00 -114.43
2.00 11.00 2.00 4.00 19.99 29.67 26.01 -11891.43 26211.28 0.00 -2938.62
2.00 12.00 2.00 4.00 22.40 32.90 26.01 -22315.78 31298.55 0.00 -7323.54
2.00 13.00 2.00 4.00 24.07 35.33 26.01 -29648.45 34314.11 0.00 -9433.28
2.00 14.00 2.00 4.00 25.27 37.02 26.01 -34427.31 35121.23 0.00 -8858.21
2.00 15.00 2.00 4.00 26.16 47.49 31.75 -50000.00 84774.82 0.00 -6894.28
2.00 16.00 2.00 4.00 26.48 60.46 44.14 -50000.00 145013.91 0.00 0.00
2.00 17.00 2.00 4.00 25.64 65.36 48.78 -50000.00 162417.92 0.00 0.00
2.00 18.00 2.00 4.00 24.03 55.42 38.62 -50000.00 105167.85 0.00 0.00
2.00 19.00 2.00 4.00 21.65 36.63 32.21 0.00 6159.54 0.00 0.00
2.00 20.00 2.00 4.00 19.89 31.30 28.75 0.00 0.00 0.00 0.00
2.00 21.00 2.00 4.00 18.54 28.64 26.57 0.00 0.00 0.00 0.00
2.00 22.00 2.00 4.00 17.47 26.55 24.76 0.00 0.00 0.00 0.00
2.00 23.00 2.00 4.00 16.78 24.87 23.30 0.00 0.00 0.00 0.00
2.00 24.00 2.00 4.00 16.15 23.37 21.99 0.00 0.00 0.00 0.00
2.00 1.00 3.00 4.00 15.82 22.16 20.94 0.00 0.00 0.00 0.00
2.00 2.00 3.00 4.00 15.59 21.13 20.06 0.00 0.00 0.00 -0.00
2.00 3.00 3.00 4.00 15.31 20.18 19.23 0.00 0.00 0.00 -0.00
2.00 4.00 3.00 4.00 14.97 19.28 18.45 0.00 0.00 0.00 -0.00
2.00 5.00 3.00 4.00 14.41 18.33 17.60 0.00 0.00 0.00 -0.00
2.00 6.00 3.00 4.00 13.86 17.43 16.78 0.00 0.00 0.00 -0.00
2.00 7.00 3.00 4.00 13.38 16.63 16.06 0.00 60.78 0.00 -0.00
2.00 8.00 3.00 4.00 13.14 23.78 23.27 0.00 5010.08 0.00 0.00
2.00 9.00 3.00 4.00 14.82 27.10 26.65 0.00 10468.20 0.00 0.00
2.00 10.00 3.00 4.00 17.51 32.32 31.92 0.00 21625.30 0.00 0.00
2.00 11.00 3.00 4.00 20.23 36.26 35.91 0.00 26211.28 0.00 0.00
2.00 12.00 3.00 4.00 23.00 40.42 40.11 0.00 31298.55 0.00 0.00
2.00 13.00 3.00 4.00 25.01 43.76 43.49 0.00 34314.11 0.00 0.00
2.00 14.00 3.00 4.00 26.54 46.19 45.94 0.00 35121.23 0.00 0.00
2.00 15.00 3.00 4.00 27.71 61.74 61.53 0.00 84774.82 0.00 0.00
2.00 16.00 3.00 4.00 27.28 81.52 81.33 0.00 145013.91 0.00 0.00
2.00 17.00 3.00 4.00 26.15 90.54 90.38 0.00 162417.92 0.00 0.00
2.00 18.00 3.00 4.00 24.25 77.46 77.31 0.00 105167.85 0.00 0.00
2.00 19.00 3.00 4.00 21.97 42.43 42.30 0.00 6159.54 0.00 -0.00
2.00 20.00 3.00 4.00 20.18 34.68 34.56 0.00 0.00 0.00 -0.00
2.00 21.00 3.00 4.00 18.60 31.27 31.17 0.00 0.00 0.00 0.00
2.00 22.00 3.00 4.00 17.44 28.78 28.69 0.00 0.00 0.00 0.00
2.00 23.00 3.00 4.00 16.43 26.64 26.56 0.00 0.00 0.00 0.00
2.00 24.00 3.00 4.00 15.66 24.79 24.72 0.00 0.00 0.00 0.00
2.00 1.00 4.00 4.00 15.28 23.32 23.25 0.00 0.00 0.00 0.00
2.00 2.00 4.00 4.00 15.10 22.10 22.05 0.00 0.00 0.00 -0.00
2.00 3.00 4.00 4.00 14.81 20.97 20.92 0.00 0.00 0.00 -0.00
2.00 4.00 4.00 4.00 14.51 19.94 19.90 0.00 0.00 0.00 -0.00
2.00 5.00 4.00 4.00 14.16 18.98 18.94 0.00 0.00 0.00 -0.00
2.00 6.00 4.00 4.00 13.93 18.16 18.12 0.00 0.00 0.00 -0.00
2.00 7.00 4.00 4.00 13.07 17.08 17.05 0.00 60.78 0.00 -0.00
2.00 8.00 4.00 4.00 13.52 24.51 24.48 0.00 5010.08 0.00 0.00
2.00 9.00 4.00 4.00 15.18 27.80 27.78 0.00 10468.20 0.00 0.00
2.00 10.00 4.00 4.00 17.73 32.91 32.89 0.00 21625.30 0.00 0.00
2.00 11.00 4.00 4.00 20.64 36.91 36.89 0.00 26211.28 0.00 0.00
2.00 12.00 4.00 4.00 23.20 40.94 40.92 0.00 31298.55 0.00 0.00
2.00 13.00 4.00 4.00 25.37 44.32 44.30 0.00 34314.11 0.00 0.00
2.00 14.00 4.00 4.00 27.09 46.84 46.82 0.00 35121.23 0.00 0.00
2.00 15.00 4.00 4.00 28.17 62.34 62.33 0.00 84774.82 0.00 0.00
2.00 16.00 4.00 4.00 28.06 82.28 82.27 0.00 145013.91 0.00 0.00
2.00 17.00 4.00 4.00 27.30 91.51 91.50 0.00 162417.92 0.00 0.00
2.00 18.00 4.00 4.00 25.46 78.50 78.49 0.00 105167.85 0.00 0.00
2.00 19.00 4.00 4.00 23.17 43.49 43.48 0.00 6159.54 0.00 -0.00
2.00 20.00 4.00 4.00 21.31 35.72 35.72 0.00 0.00 0.00 -0.00
2.00 21.00 4.00 4.00 19.34 32.12 32.11 0.00 0.00 0.00 -0.00
2.00 22.00 4.00 4.00 18.24 29.64 29.63 0.00 0.00 0.00 0.00
2.00 23.00 4.00 4.00 17.48 27.62 27.62 0.00 0.00 0.00 0.00
2.00 24.00 4.00 4.00 16.96 25.93 25.93 0.00 0.00 0.00 0.00
2.00 1.00 5.00 4.00 16.46 24.42 24.41 0.00 0.00 0.00 0.00
2.00 2.00 5.00 4.00 16.11 23.12 23.12 0.00 0.00 0.00 -0.00
2.00 3.00 5.00 4.00 15.67 21.91 21.90 0.00 0.00 0.00 -0.00
2.00 4.00 5.00 4.00 15.22 20.78 20.78 0.00 0.00 0.00 -0.00
2.00 5.00 5.00 4.00 14.92 19.82 19.82 0.00 0.00 0.00 -0.00
2.00 6.00 5.00 4.00 14.65 18.97 18.97 0.00 0.00 0.00 -0.00
2.00 7.00 5.00 4.00 14.03 18.01 18.01 0.00 60.78 0.00 -0.00
2.00 8.00 5.00 4.00 14.31 21.24 21.24 0.00 5010.08 0.00 0.00
2.00 9.00 5.00 4.00 15.85 23.41 23.41 0.00 10468.20 0.00 -861.81
2.00 10.00 5.00 4.00 18.26 27.35 26.01 -4689.93 21625.30 0.00 -2090.37
2.00 11.00 5.00 4.00 20.78 30.48 26.01 -15207.81 26211.28 0.00 -3407.90
2.00 12.00 5.00 4.00 23.27 33.77 26.01 -25623.52 31298.55 0.00 -7657.64
2.00 13.00 5.00 4.00 25.19 36.38 26.01 -33438.93 34314.11 0.00 -11217.76
2.00 14.00 5.00 4.00 26.71 38.31 26.01 -38887.25 35121.23 0.00 -6623.70
2.00 15.00 5.00 4.00 27.58 48.80 32.99 -50000.00 84774.82 0.00 -2668.61
2.00 16.00 5.00 4.00 27.45 61.47 45.16 -50000.00 145013.91 0.00 0.00
2.00 17.00 5.00 4.00 26.56 66.32 49.75 -50000.00 162417.92 0.00 0.00
2.00 18.00 5.00 4.00 24.76 56.25 39.47 -50000.00 105167.85 0.00 0.00
2.00 19.00 5.00 4.00 21.81 37.16 32.76 0.00 6159.54 0.00 0.00
2.00 20.00 5.00 4.00 19.84 31.66 29.12 0.00 0.00 0.00 0.00
2.00 21.00 5.00 4.00 18.02 28.68 26.63 0.00 0.00 0.00 0.00
2.00 22.00 5.00 4.00 16.80 26.43 24.65 0.00 0.00 0.00 0.00
2.00 23.00 5.00 4.00 15.91 24.56 23.00 0.00 0.00 0.00 0.00
2.00 24.00 5.00 4.00 15.25 22.96 21.60 0.00 0.00 0.00 0.00
2.00 1.00 6.00 4.00 14.77 21.60 20.40 0.00 0.00 0.00 0.00
2.00 2.00 6.00 4.00 14.38 20.42 19.36 0.00 0.00 0.00 -0.00
2.00 3.00 6.00 4.00 14.07 19.39 18.45 0.00 0.00 0.00 -0.00
2.00 4.00 6.00 4.00 13.79 18.46 17.64 0.00 0.00 0.00 -0.00
2.00 5.00 6.00 4.00 13.34 17.53 16.81 0.00 0.00 0.00 -0.00
2.00 6.00 6.00 4.00 12.92 16.67 16.03 0.00 0.00 0.00 -0.00
2.00 7.00 6.00 4.00 12.50 15.89 15.32 0.00 60.78 0.00 -0.00
2.00 8.00 6.00 4.00 13.20 19.64 21.01 6014.27 5010.08 0.00 0.00
2.00 9.00 6.00 4.00 15.25 22.26 22.12 0.00 10468.20 0.00 -269.72
2.00 10.00 6.00 4.00 17.91 26.46 26.01 -849.93 21625.30 0.00 0.00
2.00 11.00 6.00 4.00 20.85 29.95 26.01 -13067.46 26211.28 0.00 -2063.45
2.00 12.00 6.00 4.00 23.36 33.35 26.01 -23922.15 31298.55 0.00 -6073.96
2.00 13.00 6.00 4.00 25.41 36.13 26.01 -32364.73 34314.11 0.00 -10821.43
2.00 14.00 6.00 4.00 26.81 38.05 26.01 -37780.35 35121.23 0.00 -7623.55
2.00 15.00 6.00 4.00 27.80 48.66 32.81 -50000.00 84774.82 0.00 -4979.21
2.00 16.00 6.00 4.00 27.54 61.29 44.94 -50000.00 145013.91 0.00 0.00
2.00 17.00 6.00 4.00 26.71 66.22 49.61 -50000.00 162417.92 0.00 0.00
2.00 18.00 6.00 4.00 24.94 56.20 39.38 -50000.00 105167.85 0.00 0.00
2.00 19.00 6.00 4.00 22.14 37.14 32.69 0.00 6159.54 0.00 0.00
2.00 20.00 6.00 4.00 20.30 31.75 29.17 0.00 0.00 0.00 0.00
2.00 21.00 6.00 4.00 18.63 28.90 26.81 0.00 0.00 0.00 0.00
2.00 22.00 6.00 4.00 17.52 26.76 24.94 0.00 0.00 0.00 0.00
2.00 23.00 6.00 4.00 16.81 25.04 23.45 0.00 0.00 0.00 0.00
2.00 24.00 6.00 4.00 16.27 23.57 22.17 0.00 0.00 0.00 0.00
2.00 1.00 7.00 4.00 15.91 22.33 21.10 0.00 0.00 0.00 0.00
2.00 2.00 7.00 4.00 15.50 21.19 20.11 0.00 0.00 0.00 -0.00
2.00 3.00 7.00 4.00 15.34 20.28 19.33 0.00 0.00 0.00 -0.00
2.00 4.00 7.00 4.00 15.13 19.45 18.61 0.00 0.00 0.00 -0.00
2.00 5.00 7.00 4.00 14.81 18.64 17.89 0.00 0.00 0.00 -0.00
2.00 6.00 7.00 4.00 14.48 17.88 17.22 0.00 0.00 0.00 -0.00
2.00 7.00 7.00 4.00 14.05 17.13 16.55 0.00 60.78 0.00 -0.00
2.00 8.00 7.00 4.00 13.76 20.32 21.01 3659.07 5010.08 0.00 -144.35
2.00 9.00 7.00 4.00 14.84 22.22 22.02 0.00 10468.20 0.00 -1095.20
2.00 10.00 7.00 4.00 16.78 25.85 25.62 0.00 21625.30 0.00 0.00
2.00 11.00 7.00 4.00 19.05 28.79 26.01 -8993.10 26211.28 0.00 0.00
2.00 12.00 7.00 4.00 21.25 31.86 26.01 -19027.46 31298.55 0.00 -822.59
2.00 13.00 7.00 4.00 23.00 34.33 26.01 -26592.24 34314.11 0.00 -3355.51
2.00 14.00 7.00 4.00 24.41 36.15 26.01 -31872.54 35121.23 0.00 -2731.70
2.00 15.00 7.00 4.00 25.18 46.55 30.95 -50000.00 84774.82 0.00 -3373.77
2.00 16.00 7.00 4.00 25.33 59.39 43.15 -50000.00 145013.91 0.00 0.00
2.00 17.00 7.00 4.00 24.52 64.30 47.78 -50000.00 162417.92 0.00 0.00
2.00 18.00 7.00 4.00 23.10 54.48 37.74 -50000.00 105167.85 0.00 0.00
2.00 19.00 7.00 4.00 20.85 35.77 31.42 0.00 6159.54 0.00 0.00
2.00 20.00 7.00 4.00 19.18 30.50 28.01 0.00 0.00 0.00 0.00
2.00 21.00 7.00 4.00 17.96 27.92 25.91 0.00 0.00 0.00 0.00
2.00 22.00 7.00 4.00 17.23 26.05 24.31 0.00 0.00 0.00 0.00
2.00 23.00 7.00 4.00 16.69 24.49 22.97 0.00 0.00 0.00 0.00
2.00 24.00 7.00 4.00 16.27 23.15 21.81 0.00 0.00 0.00 0.00
2.00 1.00 1.00 4.00 16.11 22.08 20.90 0.00 0.00 0.00 0.00
2.00 2.00 1.00 4.00 16.10 21.22 20.18 0.00 0.00 0.00 -0.00
2.00 3.00 1.00 4.00 16.08 20.47 19.56 0.00 0.00 0.00 -0.00
2.00 4.00 1.00 4.00 15.92 19.75 18.94 0.00 0.00 0.00 -0.00
2.00 5.00 1.00 4.00 15.48 18.94 18.22 0.00 0.00 0.00 -0.00
2.00 6.00 1.00 4.00 15.20 18.24 17.62 0.00 0.00 0.00 -0.00
2.00 7.00 1.00 4.00 14.57 17.44 16.88 0.00 60.78 0.00 -0.00
2.00 8.00 1.00 4.00 14.49 20.86 21.01 1741.57 5010.08 0.00 0.00
2.00 9.00 1.00 4.00 15.77 22.93 22.69 0.00 10468.20 0.00 -420.35
2.00 10.00 1.00 4.00 18.06 26.83 26.01 -2044.87 21625.30 0.00 -303.04
2.00 11.00 1.00 4.00 20.50 29.93 26.01 -12821.12 26211.28 0.00 -550.81
2.00 12.00 1.00 4.00 23.06 33.31 26.01 -23690.47 31298.55 0.00 -5713.71
2.00 13.00 1.00 4.00 25.07 36.02 26.01 -31918.43 34314.11 0.00 -10903.21
2.00 14.00 1.00 4.00 26.35 37.82 26.01 -36964.88 35121.23 0.00 -11380.45
2.00 15.00 1.00 4.00 26.97 48.14 32.30 -50000.00 84774.82 0.00 -8114.90
2.00 16.00 1.00 4.00 26.46 60.54 44.18 -50000.00 145013.91 0.00 0.00
2.00 17.00 1.00 4.00 25.66 65.44 48.82 -50000.00 162417.92 0.00 0.00
2.00 18.00 1.00 4.00 24.48 55.79 38.96 -50000.00 105167.85 0.00 0.00
2.00 19.00 1.00 4.00 22.50 37.21 32.76 0.00 6159.54 0.00 0.00
2.00 20.00 1.00 4.00 21.04 32.10 29.51 0.00 0.00 0.00 0.00
2.00 21.00 1.00 4.00 19.50 29.38 27.29 0.00 0.00 0.00 0.00
2.00 22.00 1.00 4.00 18.16 27.17 25.36 0.00 0.00 0.00 0.00
2.00 23.00 1.00 4.00 17.49 25.50 23.91 0.00 0.00 0.00 0.00
2.00 24.00 1.00 4.00 16.86 24.01 22.61 0.00 0.00 0.00 0.00
2.00 1.00 2.00 4.00 16.44 22.76 21.52 0.00 0.00 0.00 0.00
2.00 2.00 2.00 4.00 15.95 21.58 20.49 0.00 0.00 0.00 -0.00
2.00 3.00 2.00 4.00 15.80 20.68 19.73 0.00 0.00 0.00 -0.00
2.00 4.00 2.00 4.00 15.61 19.87 19.02 0.00 0.00 0.00 -0.00
2.00 5.00 2.00 4.00 15.06 18.94 18.19 0.00 0.00 0.00 -0.00
2.00 6.00 2.00 4.00 14.79 18.20 17.54 0.00 0.00 0.00 -0.00
2.00 7.00 2.00 4.00 14.14 17.33 16.75 0.00 60.78 0.00 -0.00
2.00 8.00 2.00 4.00 14.75 21.10 21.01 949.81 5010.08 0.00 0.00
2.00 9.00 2.00 4.00 16.48 23.50 23.22 0.00 10468.20 0.00 -374.23
2.00 10.00 2.00 4.00 18.99 27.59 26.01 -4622.59 21625.30 0.00 0.00
2.00 11.00 2.00 4.00 21.53 30.79 26.01 -15543.35 26211.28 0.00 -2368.37
2.00 12.00 2.00 4.00 24.21 34.28 26.01 -26715.16 31298.55 0.00 -6962.90
2.00 13.00 2.00 4.00 26.09 36.92 26.01 -34640.29 34314.11 0.00 -9512.60
2.00 14.00 2.00 4.00 27.48 38.81 26.01 -39985.31 35121.23 0.00 -9419.57
2.00 15.00 2.00 4.00 28.27 49.28 33.29 -50000.00 84774.82 0.00 -6805.29
2.00 16.00 2.00 4.00 27.94 61.84 45.39 -50000.00 145013.91 0.00 0.00
2.00 17.00 2.00 4.00 26.93 66.62 49.93 -50000.00 162417.92 0.00 0.00
2.00 18.00 2.00 4.00 25.52 56.82 39.93 -50000.00 105167.85 0.00 0.00
2.00 19.00 2.00 4.00 23.18 38.03 33.50 0.00 6159.54 0.00 0.00
2.00 20.00 2.00 4.00 21.35 32.67 30.02 0.00 0.00 0.00 0.00
2.00 21.00 2.00 4.00 19.65 29.83 27.67 0.00 0.00 0.00 0.00
2.00 22.00 2.00 4.00 18.35 27.60 25.73 0.00 0.00 0.00 0.00
2.00 23.00 2.00 4.00 17.47 25.77 24.14 0.00 0.00 0.00 0.00
2.00 24.00 2.00 4.00 16.68 24.15 22.71 0.00 0.00 0.00 0.00
2.00 1.00 3.00 4.00 16.06 22.74 21.48 0.00 0.00 0.00 0.00
2.00 2.00 3.00 4.00 15.71 21.59 20.48 0.00 0.00 0.00 -0.00
2.00 3.00 3.00 4.00 15.37 20.56 19.57 0.00 0.00 0.00 -0.00
2.00 4.00 3.00 4.00 14.98 19.59 18.72 0.00 0.00 0.00 -0.00
2.00 5.00 3.00 4.00 14.47 18.63 17.86 0.00 0.00 0.00 -0.00
2.00 6.00 3.00 4.00 14.10 17.80 17.13 0.00 0.00 0.00 -0.00
2.00 7.00 3.00 4.00 13.39 16.86 16.26 0.00 60.78 0.00 -0.00
2.00 8.00 3.00 4.00 12.98 23.88 23.35 0.00 5010.08 0.00 0.00
2.00 9.00 3.00 4.00 14.47 27.06 26.60 0.00 10468.20 0.00 0.00
2.00 10.00 3.00 4.00 17.02 32.16 31.74 0.00 21625.30 0.00 0.00
2.00 11.00 3.00 4.00 19.33 35.82 35.46 0.00 26211.28 0.00 0.00
2.00 12.00 3.00 4.00 21.76 39.73 39.41 0.00 31298.55 0.00 0.00
2.00 13.00 3.00 4.00 23.50 42.84 42.55 0.00 34314.11 0.00 0.00
2.00 14.00 3.00 4.00 25.35 45.36 45.10 0.00 35121.23 0.00 0.00
2.00 15.00 3.00 4.00 26.35 60.78 60.56 0.00 84774.82 0.00 0.00
2.00 16.00 3.00 4.00 26.18 80.65 80.45 0.00 145013.91 0.00 0.00
2.00 17.00 3.00 4.00 25.21 89.74 89.56 0.00 162417.92 0.00 0.00
2.00 18.00 3.00 4.00 23.98 77.01 76.85 0.00 105167.85 0.00 0.00
2.00 19.00 3.00 4.00 21.67 42.01 41.87 0.00 6159.54 0.00 -0.00
2.00 20.00 3.00 4.00 19.91 34.29 34.17 0.00 0.00 0.00 -0.00
2.00 21.00 3.00 4.00 18.39 30.93 30.82 0.00 0.00 0.00 0.00
2.00 22.00 3.00 4.00 17.18 28.44 28.34 0.00 0.00 0.00 0.00
2.00 23.00 3.00 4.00 16.22 26.33 26.24 0.00 0.00 0.00 0.00
2.00 24.00 3.00 4.00 15.62 24.59 24.52 0.00 0.00 0.00 0.00
2.00 1.00 4.00 4.00 15.19 23.12 23.05 0.00 0.00 0.00 0.00
2.00 2.00 4.00 4.00 14.99 21.91 21.85 0.00 0.00 0.00 -0.00
2.00 3.00 4.00 4.00 14.73 20.80 20.75 0.00 0.00 0.00 -0.00
2.00 4.00 4.00 4.00 14.56 19.86 19.81 0.00 0.00 0.00 -0.00
2.00 5.00 4.00 4.00 14.00 18.80 18.76 0.00 0.00 0.00 -0.00
2.00 6.00 4.00 4.00 13.78 17.98 17.94 0.00 0.00 0.00 -0.00
2.00 7.00 4.00 4.00 13.28 17.11 17.07 0.00 60.78 0.00 -0.00
2.00 8.00 4.00 4.00 13.11 24.22 24.20 0.00 5010.08 0.00 0.00
2.00 9.00 4.00 4.00 14.35 27.25 27.23 0.00 10468.20 0.00 0.00
2.00 10.00 4.00 4.00 16.18 31.92 31.89 0.00 21625.30 0.00 0.00
2.00 11.00 4.00 4.00 18.33 35.40 35.38 0.00 26211.28 0.00 0.00
2.00 12.00 4.00 4.00 20.75 39.23 39.21 0.00 31298.55 0.00 0.00
2.00 13.00 4.00 4.00 22.91 42.50 42.48 0.00 34314.11 0.00 0.00
2.00 14.00 4.00 4.00 24.48 44.85 44.83 0.00 35121.23 0.00 0.00
2.00 15.00 4.00 4.00 26.07 60.55 60.54 0.00 84774.82 0.00 0.00
2.00 16.00 4.00 4.00 27.22 81.15 81.14 0.00 145013.91 0.00 0.00
2.00 17.00 4.00 4.00 28.17 91.40 91.39 0.00 162417.92 0.00 0.00
2.00 18.00 4.00 4.00 26.23 78.52 78.51 0.00 105167.85 0.00 0.00
2.00 19.00 4.00 4.00 23.66 43.46 43.46 0.00 6159.54 0.00 -0.00
2.00 20.00 4.00 4.00 21.73 35.72 35.71 0.00 0.00 0.00 -0.00
2.00 21.00 4.00 4.00 20.04 32.31 32.30 0.00 0.00 0.00 0.00
2.00 22.00 4.00 4.00 18.87 29.87 29.86 0.00 0.00 0.00 0.00
2.00 23.00 4.00 4.00 18.02 27.85 27.85 0.00 0.00 0.00 0.00
2.00 24.00 4.00 4.00 17.45 26.17 26.17 0.00 0.00 0.00 0.00
2.00 1.00 5.00 4.00 16.90 24.66 24.66 0.00 0.00 0.00 0.00
2.00 2.00 5.00 4.00 16.46 23.34 23.34 0.00 0.00 0.00 -0.00
2.00 3.00 5.00 4.00 15.85 22.04 22.04 0.00 0.00 0.00 -0.00
2.00 4.00 5.00 4.00 15.27 20.84 20.84 0.00 0.00 0.00 -0.00
2.00 5.00 5.00 4.00 14.79 19.78 19.78 0.00 0.00 0.00 -0.00
2.00 6.00 5.00 4.00 14.50 18.90 18.89 0.00 0.00 0.00 -0.00
2.00 7.00 5.00 4.00 13.82 17.90 17.90 0.00 60.78 0.00 -0.00
2.00 8.00 5.00 4.00 14.22 21.17 21.17 0.00 5010.08 0.00 -114.42
2.00 9.00 5.00 4.00 15.89 23.43 23.42 0.00 10468.20 0.00 0.00
2.00 10.00 5.00 4.00 18.18 27.29 26.01 -4473.51 21625.30 0.00 0.00
2.00 11.00 5.00 4.00 20.61 30.35 26.01 -14772.15 26211.28 0.00 -3243.53
2.00 12.00 5.00 4.00 23.06 33.60 26.01 -25106.49 31298.55 0.00 -6658.75
2.00 13.00 5.00 4.00 24.70 36.02 26.01 -32233.89 34314.11 0.00 -8986.18
2.00 14.00 5.00 4.00 25.91 37.70 26.01 -36897.56 35121.23 0.00 -5468.66
2.00 15.00 5.00 4.00 26.92 48.26 32.51 -50000.00 84774.82 0.00 -7171.69
2.00 16.00 5.00 4.00 26.59 60.77 44.49 -50000.00 145013.91 0.00 0.00
2.00 17.00 5.00 4.00 25.73 65.62 49.07 -50000.00 162417.92 0.00 0.00
2.00 18.00 5.00 4.00 23.98 55.56 38.80 -50000.00 105167.85 0.00 0.00
2.00 19.00 5.00 4.00 21.58 36.80 32.43 0.00 6159.54 0.00 0.00
2.00 20.00 5.00 4.00 19.71 31.39 28.88 0.00 0.00 0.00 0.00
2.00 21.00 5.00 4.00 18.13 28.57 26.54 0.00 0.00 0.00 0.00
2.00 22.00 5.00 4.00 16.92 26.36 24.60 0.00 0.00 0.00 0.00
2.00 23.00 5.00 4.00 16.10 24.55 23.01 0.00 0.00 0.00 0.00
2.00 24.00 5.00 4.00 15.54 23.04 21.68 0.00 0.00 0.00 0.00
2.00 1.00 6.00 4.00 15.03 21.70 20.50 0.00 0.00 0.00 0.00
2.00 2.00 6.00 4.00 14.83 20.63 19.58 0.00 0.00 0.00 -0.00
2.00 3.00 6.00 4.00 14.56 19.66 18.73 0.00 0.00 0.00 -0.00
2.00 4.00 6.00 4.00 14.30 18.77 17.96 0.00 0.00 0.00 -0.00
2.00 5.00 6.00 4.00 13.88 17.89 17.17 0.00 0.00 0.00 -0.00
2.00 6.00 6.00 4.00 13.49 17.07 16.43 0.00 0.00 0.00 -0.00
2.00 7.00 6.00 4.00 12.80 16.16 15.60 0.00 60.78 0.00 -0.00
2.00 8.00 6.00 4.00 12.59 19.29 21.01 7226.71 5010.08 0.00 0.00
2.00 9.00 6.00 4.00 14.11 21.47 21.37 0.00 10468.20 0.00 -631.86
2.00 10.00 6.00 4.00 16.60 25.49 25.30 0.00 21625.30 0.00 0.00
2.00 11.00 6.00 4.00 19.43 28.86 26.01 -9351.31 26211.28 0.00 0.00
2.00 12.00 6.00 4.00 22.37 32.50 26.01 -21333.12 31298.55 0.00 -5140.39
2.00 13.00 6.00 4.00 24.19 35.11 26.01 -29181.14 34314.11 0.00 -4251.86
2.00 14.00 6.00 4.00 25.74 37.10 26.01 -34938.26 35121.23 0.00 -4325.76
2.00 15.00 6.00 4.00 26.58 47.60 31.89 -50000.00 84774.82 0.00 -3830.92
2.00 16.00 6.00 4.00 26.40 60.26 43.98 -50000.00 145013.91 0.00 0.00
2.00 17.00 6.00 4.00 25.60 65.19 48.64 -50000.00 162417.92 0.00 0.00
2.00 18.00 6.00 4.00 23.97 55.27 38.50 -50000.00 105167.85 0.00 0.00
2.00 19.00 6.00 4.00 21.28 36.27 31.90 0.00 6159.54 0.00 0.00
2.00 20.00 6.00 4.00 19.58 30.96 28.45 0.00 0.00 0.00 0.00
2.00 21.00 6.00 4.00 17.88 28.11 26.08 0.00 0.00 0.00 0.00
2.00 22.00 6.00 4.00 16.81 26.00 24.24 0.00 0.00 0.00 0.00
2.00 23.00 6.00 4.00 16.08 24.27 22.73 0.00 0.00 0.00 0.00
2.00 24.00 6.00 4.00 15.57 22.83 21.47 0.00 0.00 0.00 0.00
2.00 1.00 7.00 4.00 15.18 21.58 20.38 0.00 0.00 0.00 0.00
2.00 2.00 7.00 4.00 14.92 20.52 19.47 0.00 0.00 0.00 -0.00
2.00 3.00 7.00 4.00 14.70 19.60 18.67 0.00 0.00 0.00 -0.00
2.00 4.00 7.00 4.00 14.49 18.77 17.95 0.00 0.00 0.00 -0.00
2.00 5.00 7.00 4.00 14.21 17.98 17.26 0.00 0.00 0.00 -0.00
2.00 6.00 7.00 4.00 13.93 17.26 16.62 0.00 0.00 0.00 -0.00
2.00 7.00 7.00 4.00 13.27 16.40 15.84 0.00 60.78 0.00 -0.00
2.00 8.00 7.00 4.00 13.01 19.59 21.01 6200.13 5010.08 0.00 0.00
2.00 9.00 7.00 4.00 14.11 21.50 21.37 0.00 10468.20 0.00 -924.56
2.00 10.00 7.00 4.00 16.28 25.28 25.08 0.00 21625.30 0.00 0.00
2.00 11.00 7.00 4.00 18.53 28.22 26.01 -7083.40 26211.28 0.00 0.00
2.00 12.00 7.00 4.00 20.73 31.30 26.01 -17302.03 31298.55 0.00 -1439.56
2.00 13.00 7.00 4.00 22.18 33.57 26.01 -24189.26 34314.11 0.00 -3765.33
2.00 14.00 7.00 4.00 23.44 35.27 26.01 -29143.86 35121.23 0.00 -2189.34
2.00 15.00 7.00 4.00 24.06 45.54 30.07 -50000.00 84774.82 0.00 -4135.10
2.00 16.00 7.00 4.00 24.06 58.26 42.09 -50000.00 145013.91 0.00 0.00
2.00 17.00 7.00 4.00 23.49 63.31 46.84 -50000.00 162417.92 0.00 0.00
2.00 18.00 7.00 4.00 22.15 53.56 36.86 -50000.00 105167.85 0.00 0.00
2.00 19.00 7.00 4.00 19.95 34.87 30.58 0.00 6159.54 0.00 0.00
2.00 20.00 7.00 4.00 18.35 29.65 27.21 0.00 0.00 0.00 0.00
2.00 21.00 7.00 4.00 16.98 26.99 25.03 0.00 0.00 0.00 0.00
2.00 22.00 7.00 4.00 15.88 24.90 23.21 0.00 0.00 0.00 0.00
2.00 23.00 7.00 4.00 15.25 23.26 21.77 0.00 0.00 0.00 0.00
2.00 24.00 7.00 4.00 14.87 21.91 20.60 0.00 0.00 0.00 0.00
2.00 1.00 1.00 4.00 14.60 20.76 19.61 0.00 0.00 0.00 0.00
2.00 2.00 1.00 4.00 14.50 19.82 18.81 0.00 0.00 0.00 -0.00
2.00 3.00 1.00 4.00 14.41 19.01 18.12 0.00 0.00 0.00 -0.00
2.00 4.00 1.00 4.00 14.36 18.32 17.53 0.00 0.00 0.00 -0.00
2.00 5.00 1.00 4.00 14.30 17.70 17.00 0.00 0.00 0.00 -0.00
2.00 6.00 1.00 4.00 14.19 17.12 16.51 0.00 0.00 0.00 -0.00
2.00 7.00 1.00 4.00 13.79 16.47 15.92 0.00 60.78 0.00 -0.00
2.00 8.00 1.00 4.00 13.84 20.05 21.01 4533.34 5010.08 0.00 0.00
2.00 9.00 1.00 4.00 15.19 22.20 22.04 0.00 10468.20 0.00 -1789.80
2.00 10.00 1.00 4.00 17.50 26.15 25.94 0.00 21625.30 0.00 0.00
2.00 11.00 1.00 4.00 20.20 29.45 26.01 -11373.41 26211.28 0.00 -4142.32
2.00 12.00 1.00 4.00 22.94 32.98 26.01 -22788.75 31298.55 0.00 -8941.13
2.00 13.00 1.00 4.00 24.83 35.64 26.01 -30808.67 34314.11 0.00 -9873.72
2.00 14.00 1.00 4.00 26.25 37.55 26.01 -36279.61 35121.23 0.00 -8175.11
2.00 15.00 1.00 4.00 27.06 48.03 32.26 -50000.00 84774.82 0.00 -5176.79
2.00 16.00 1.00 4.00 26.87 60.69 44.38 -50000.00 145013.91 0.00 0.00
2.00 17.00 1.00 4.00 26.00 65.58 49.00 -50000.00 162417.92 0.00 0.00
2.00 18.00 1.00 4.00 24.19 55.53 38.73 -50000.00 105167.85 0.00 0.00
2.00 19.00 1.00 4.00 21.36 36.46 32.05 0.00 6159.54 0.00 0.00
2.00 20.00 1.00 4.00 19.48 31.04 28.48 0.00 0.00 0.00 0.00
2.00 21.00 1.00 4.00 17.80 28.16 26.10 0.00 0.00 0.00 0.00
2.00 22.00 1.00 4.00 16.78 26.06 24.27 0.00 0.00 0.00 0.00
2.00 23.00 1.00 4.00 16.02 24.31 22.74 0.00 0.00 0.00 0.00
2.00 24.00 1.00 4.00 15.53 22.86 21.48 0.00 0.00 0.00 0.00
2.00 1.00 2.00 4.00 15.11 21.59 20.37 0.00 0.00 0.00 0.00
2.00 2.00 2.00 4.00 14.82 20.50 19.43 0.00 0.00 0.00 -0.00
2.00 3.00 2.00 4.00 14.47 19.49 18.55 0.00 0.00 0.00 -0.00
2.00 4.00 2.00 4.00 14.27 18.65 17.82 0.00 0.00 0.00 -0.00
2.00 5.00 2.00 4.00 13.99 17.85 17.12 0.00 0.00 0.00 -0.00
2.00 6.00 2.00 4.00 13.66 17.09 16.44 0.00 0.00 0.00 -0.00
2.00 7.00 2.00 4.00 12.78 16.10 15.53 0.00 60.78 0.00 -0.00
2.00 8.00 2.00 4.00 12.47 19.17 21.01 7681.61 5010.08 0.00 0.00
2.00 9.00 2.00 4.00 14.06 21.40 21.30 0.00 10468.20 0.00 0.00
2.00 10.00 2.00 4.00 16.84 25.63 25.44 0.00 21625.30 0.00 0.00
2.00 11.00 2.00 4.00 19.32 28.77 26.01 -9022.76 26211.28 0.00 0.00
2.00 12.00 2.00 4.00 21.60 31.95 26.01 -19413.18 31298.55 0.00 -474.81
2.00 13.00 2.00 4.00 22.99 34.21 26.01 -26198.44 34314.11 0.00 -4274.70
2.00 14.00 2.00 4.00 24.18 35.89 26.01 -31035.63 35121.23 0.00 -2618.38
2.00 15.00 2.00 4.00 24.65 46.07 30.51 -50000.00 84774.82 0.00 -4269.41
2.00 16.00 2.00 4.00 24.59 58.75 42.53 -50000.00 145013.91 0.00 0.00
2.00 17.00 2.00 4.00 24.04 63.81 47.31 -50000.00 162417.92 0.00 0.00
2.00 18.00 2.00 4.00 22.61 54.00 37.27 -50000.00 105167.85 0.00 0.00
2.00 19.00 2.00 4.00 20.17 35.18 30.86 0.00 6159.54 0.00 0.00
2.00 20.00 2.00 4.00 18.53 29.92 27.45 0.00 0.00 0.00 0.00
2.00 21.00 2.00 4.00 17.03 27.18 25.18 0.00 0.00 0.00 0.00
2.00 22.00 2.00 4.00 15.92 25.06 23.34 0.00 0.00 0.00 0.00
2.00 23.00 2.00 4.00 15.16 23.33 21.81 0.00 0.00 0.00 0.00
2.00 24.00 2.00 4.00 14.69 21.91 20.58 0.00 0.00 0.00 0.00
2.00 1.00 3.00 4.00 14.47 20.76 19.58 0.00 0.00 0.00 0.00
2.00 2.00 3.00 4.00 14.27 19.76 18.72 0.00 0.00 0.00 -0.00
2.00 3.00 3.00 4.00 14.05 18.84 17.93 0.00 0.00 0.00 -0.00
2.00 4.00 3.00 4.00 13.90 18.07 17.26 0.00 0.00 0.00 -0.00
2.00 5.00 3.00 4.00 13.57 17.27 16.56 0.00 0.00 0.00 -0.00
2.00 6.00 3.00 4.00 13.33 16.58 15.95 0.00 0.00 0.00 -0.00
2.00 7.00 3.00 4.00 12.98 15.90 15.34 0.00 60.78 0.00 -0.00
2.00 8.00 3.00 4.00 12.79 23.12 22.63 0.00 5010.08 0.00 0.00
2.00 9.00 3.00 4.00 13.78 26.11 25.68 0.00 10468.20 0.00 0.00
2.00 10.00 3.00 4.00 15.82 30.94 30.56 0.00 21625.30 0.00 0.00
2.00 11.00 3.00 4.00 18.22 34.64 34.30 0.00 26211.28 0.00 0.00
2.00 12.00 3.00 4.00 20.43 38.43 38.13 0.00 31298.55 0.00 0.00
2.00 13.00 3.00 4.00 21.96 41.42 41.15 0.00 34314.11 0.00 0.00
2.00 14.00 3.00 4.00 23.06 43.50 43.27 0.00 35121.23 0.00 0.00
2.00 15.00 3.00 4.00 23.49 58.53 58.33 0.00 84774.82 0.00 0.00
2.00 16.00 3.00 4.00 23.52 78.41 78.23 0.00 145013.91 0.00 0.00
2.00 17.00 3.00 4.00 22.83 87.60 87.43 0.00 162417.92 0.00 0.00
2.00 18.00 3.00 4.00 21.91 75.02 74.87 0.00 105167.85 0.00 0.00
2.00 19.00 3.00 4.00 19.33 39.87 39.74 0.00 6159.54 0.00 -0.00
2.00 20.00 3.00 4.00 17.69 32.18 32.07 0.00 0.00 0.00 -0.00
2.00 21.00 3.00 4.00 16.23 28.85 28.75 0.00 0.00 0.00 0.00
2.00 22.00 3.00 4.00 15.24 26.47 26.38 0.00 0.00 0.00 0.00
2.00 23.00 3.00 4.00 14.77 24.64 24.56 0.00 0.00 0.00 0.00
2.00 24.00 3.00 4.00 14.44 23.10 23.03 0.00 0.00 0.00 0.00
2.00 1.00 4.00 4.00 14.13 21.73 21.67 0.00 0.00 0.00 -0.00
2.00 2.00 4.00 4.00 14.04 20.63 20.58 0.00 0.00 0.00 -0.00
2.00 3.00 4.00 4.00 13.89 19.64 19.59 0.00 0.00 0.00 -0.00
2.00 4.00 4.00 4.00 13.78 18.77 18.73 0.00 0.00 0.00 -0.00
2.00 5.00 4.00 4.00 13.41 17.86 17.82 0.00 0.00 0.00 -0.00
2.00 6.00 4.00 4.00 13.15 17.07 17.03 0.00 0.00 0.00 -0.00
2.00 7.00 4.00 4.00 12.78 16.30 16.27 0.00 60.78 0.00 -0.00
2.00 8.00 4.00 4.00 12.55 23.43 23.40 0.00 5010.08 0.00 0.00
2.00 9.00 4.00 4.00 13.27 26.20 26.18 0.00 10468.20 0.00 0.00
2.00 10.00 4.00 4.00 15.24 30.92 30.90 0.00 21625.30 0.00 0.00
2.00 11.00 4.00 4.00 17.52 34.48 34.46 0.00 26211.28 0.00 0.00
2.00 12.00 4.00 4.00 19.73 38.21 38.19 0.00 31298.55 0.00 0.00
2.00 13.00 4.00 4.00 21.16 41.08 41.06 0.00 34314.11 0.00 0.00
2.00 14.00 4.00 4.00 22.15 43.04 43.03 0.00 35121.23 0.00 0.00
2.00 15.00 4.00 4.00 22.63 58.05 58.04 0.00 84774.82 0.00 0.00
2.00 16.00 4.00 4.00 22.71 77.91 77.90 0.00 145013.91 0.00 0.00
2.00 17.00 4.00 4.00 22.19 87.16 87.15 0.00 162417.92 0.00 0.00
2.00 18.00 4.00 4.00 20.60 74.19 74.18 0.00 105167.85 0.00 0.00
2.00 19.00 4.00 4.00 18.25 39.09 39.08 0.00 6159.54 0.00 -0.00
2.00 20.00 4.00 4.00 16.64 31.39 31.39 0.00 0.00 0.00 -0.00
2.00 21.00 4.00 4.00 15.41 28.15 28.15 0.00 0.00 0.00 0.00
2.00 22.00 4.00 4.00 14.44 25.78 25.77 0.00 0.00 0.00 0.00
2.00 23.00 4.00 4.00 13.98 23.94 23.94 0.00 0.00 0.00 0.00
2.00 24.00 4.00 4.00 13.69 22.41 22.41 0.00 0.00 0.00 0.00
2.00 1.00 5.00 4.00 13.53 21.13 21.13 0.00 0.00 0.00 0.00
2.00 2.00 5.00 4.00 13.30 19.96 19.95 0.00 0.00 0.00 -0.00
2.00 3.00 5.00 4.00 13.08 18.91 18.91 0.00 0.00 0.00 -0.00
2.00 4.00 5.00 4.00 13.04 18.07 18.07 0.00 0.00 0.00 -0.00
2.00 5.00 5.00 4.00 12.97 17.32 17.31 0.00 0.00 0.00 -0.00
2.00 6.00 5.00 4.00 12.96 16.69 16.68 0.00 0.00 0.00 -0.00
2.00 7.00 5.00 4.00 12.67 16.00 16.00 0.00 60.78 0.00 -0.00
2.00 8.00 5.00 4.00 12.82 19.40 21.01 5649.45 5010.08 0.00 0.00
2.00 9.00 5.00 4.00 13.96 21.36 21.50 0.00 10468.20 0.00 0.00
2.00 10.00 5.00 4.00 16.13 25.15 25.19 0.00 21625.30 0.00 0.00
2.00 11.00 5.00 4.00 18.47 28.15 26.01 -7592.95 26211.28 0.00 0.00
2.00 12.00 5.00 4.00 20.92 31.41 26.01 -18289.47 31298.55 0.00 -2441.80
2.00 13.00 5.00 4.00 22.84 34.02 26.01 -26240.10 34314.11 0.00 -6619.93
2.00 14.00 5.00 4.00 24.21 35.85 26.01 -31443.29 35121.23 0.00 -5182.25
2.00 15.00 5.00 4.00 25.23 46.43 31.00 -50000.00 84774.82 0.00 -3270.33
2.00 16.00 5.00 4.00 25.43 59.34 43.24 -50000.00 145013.91 0.00 0.00
2.00 17.00 5.00 4.00 24.33 64.07 47.67 -50000.00 162417.92 0.00 0.00
2.00 18.00 5.00 4.00 22.51 53.98 37.34 -50000.00 105167.85 0.00 0.00
2.00 19.00 5.00 4.00 19.62 34.92 30.70 0.00 6159.54 0.00 0.00
2.00 20.00 5.00 4.00 17.59 29.39 27.02 0.00 0.00 0.00 0.00
2.00 21.00 5.00 4.00 16.02 26.55 24.64 0.00 0.00 0.00 0.00
2.00 22.00 5.00 4.00 14.90 24.37 22.73 0.00 0.00 0.00 0.00
2.00 23.00 5.00 4.00 14.17 22.61 21.17 0.00 0.00 0.00 0.00
2.00 24.00 5.00 4.00 13.62 21.11 19.85 0.00 0.00 0.00 0.00
2.00 1.00 6.00 4.00 13.14 19.79 18.67 0.00 0.00 0.00 0.00
2.00 2.00 6.00 4.00 12.92 18.72 17.74 0.00 0.00 0.00 -0.00
2.00 3.00 6.00 4.00 12.56 17.69 16.83 0.00 0.00 0.00 -0.00
2.00 4.00 6.00 4.00 12.17 16.73 15.97 0.00 0.00 0.00 -0.00
2.00 5.00 6.00 4.00 11.66 15.78 15.10 0.00 0.00 0.00 -0.00
2.00 6.00 6.00 4.00 11.18 14.89 14.30 0.00 0.00 0.00 -0.00
2.00 7.00 6.00 4.00 10.45 13.94 13.42 0.00 60.78 0.00 -0.00
2.00 8.00 6.00 4.00 10.87 17.45 21.01 13590.24 5010.08 0.00 0.00
2.00 9.00 6.00 4.00 12.51 19.75 21.01 4124.62 10468.20 0.00 0.00
2.00 10.00 6.00 4.00 15.11 23.87 23.86 0.00 21625.30 0.00 0.00
2.00 11.00 6.00 4.00 18.19 27.43 26.01 -4638.45 26211.28 0.00 0.00
2.00 12.00 6.00 4.00 21.18 31.14 26.01 -17249.78 31298.55 0.00 -2505.95
2.00 13.00 6.00 4.00 23.22 33.93 26.01 -25757.58 34314.11 0.00 -5492.71
2.00 14.00 6.00 4.00 24.72 35.92 26.01 -31504.72 35121.23 0.00 -5855.63
2.00 15.00 6.00 4.00 25.67 46.51 31.02 -50000.00 84774.82 0.00 -3386.46
2.00 16.00 6.00 4.00 25.40 59.14 42.99 -50000.00 145013.91 0.00 0.00
2.00 17.00 6.00 4.00 24.59 64.08 47.64 -50000.00 162417.92 0.00 0.00
2.00 18.00 6.00 4.00 22.83 54.07 37.40 -50000.00 105167.85 0.00 0.00
2.00 19.00 6.00 4.00 20.19 35.09 30.83 0.00 6159.54 0.00 0.00
2.00 20.00 6.00 4.00 18.29 29.69 27.28 0.00 0.00 0.00 0.00
2.00 21.00 6.00 4.00 16.62 26.84 24.90 0.00 0.00 0.00 0.00
2.00 22.00 6.00 4.00 15.58 24.75 23.07 0.00 0.00 0.00 0.00
2.00 23.00 6.00 4.00 14.80 23.00 21.53 0.00 0.00 0.00 0.00
2.00 24.00 6.00 4.00 14.18 21.49 20.19 0.00 0.00 0.00 0.00
2.00 1.00 7.00 4.00 13.79 20.23 19.09 0.00 0.00 0.00 0.00
2.00 2.00 7.00 4.00 13.38 19.09 18.08 0.00 0.00 0.00 -0.00
2.00 3.00 7.00 4.00 12.99 18.05 17.17 0.00 0.00 0.00 -0.00
2.00 4.00 7.00 4.00 12.55 17.07 16.29 0.00 0.00 0.00 -0.00
2.00 5.00 7.00 4.00 12.23 16.22 15.53 0.00 0.00 0.00 -0.00
2.00 6.00 7.00 4.00 11.93 15.45 14.85 0.00 0.00 0.00 -0.00
2.00 7.00 7.00 4.00 11.27 14.57 14.03 0.00 60.78 0.00 -0.00
2.00 8.00 7.00 4.00 11.58 18.09 21.01 11409.16 5010.08 0.00 0.00
2.00 9.00 7.00 4.00 12.79 20.09 21.01 3144.71 10468.20 0.00 0.00
2.00 10.00 7.00 4.00 15.19 24.05 23.99 0.00 21625.30 0.00 0.00
2.00 11.00 7.00 4.00 17.83 27.29 26.01 -4049.27 26211.28 0.00 0.00
2.00 12.00 7.00 4.00 20.43 30.69 26.01 -15633.45 31298.55 0.00 -2799.72
2.00 13.00 7.00 4.00 22.26 33.27 26.01 -23557.61 34314.11 0.00 -7535.98
2.00 14.00 7.00 4.00 23.81 35.24 26.01 -29359.54 35121.23 0.00 -6564.73
2.00 15.00 7.00 4.00 24.92 45.92 30.50 -50000.00 84774.82 0.00 -4923.96
2.00 16.00 7.00 4.00 25.34 59.01 42.89 -50000.00 145013.91 0.00 0.00
2.00 17.00 7.00 4.00 24.62 64.04 47.62 -50000.00 162417.92 0.00 0.00
2.00 18.00 7.00 4.00 23.01 54.15 37.49 -50000.00 105167.85 0.00 0.00
2.00 19.00 7.00 4.00 20.23 35.08 30.84 0.00 6159.54 0.00 0.00
2.00 20.00 7.00 4.00 18.51 29.77 27.38 0.00 0.00 0.00 0.00
2.00 21.00 7.00 4.00 17.10 27.09 25.17 0.00 0.00 0.00 0.00
2.00 22.00 7.00 4.00 15.96 24.98 23.31 0.00 0.00 0.00 0.00
2.00 23.00 7.00 4.00 15.40 23.37 21.91 0.00 0.00 0.00 0.00
2.00 24.00 7.00 4.00 14.95 21.99 20.71 0.00 0.00 0.00 0.00
2.00 1.00 1.00 5.00 14.64 20.81 19.69 0.00 0.00 0.00 -0.00
2.00 2.00 1.00 5.00 14.18 19.68 18.68 0.00 0.00 0.00 -0.00
2.00 3.00 1.00 5.00 13.76 18.65 17.77 0.00 0.00 0.00 -0.00
2.00 4.00 1.00 5.00 13.45 17.76 16.99 0.00 0.00 0.00 -0.00
2.00 5.00 1.00 5.00 12.93 16.83 16.15 0.00 0.00 0.00 -0.00
2.00 6.00 1.00 5.00 12.53 16.02 15.42 0.00 0.00 0.00 -0.00
2.00 7.00 1.00 5.00 12.03 15.21 14.68 0.00 0.00 0.00 -0.00
2.00 8.00 1.00 5.00 11.80 17.71 20.15 9664.95 1271.45 0.00 0.00
2.00 9.00 1.00 5.00 12.92 20.25 20.23 0.00 10473.02 0.00 0.00
2.00 10.00 1.00 5.00 15.32 23.63 23.47 0.00 18439.55 0.00 0.00
2.00 11.00 1.00 5.00 17.99 27.57 25.15 -7982.06 27072.90 0.00 -797.18
2.00 12.00 1.00 5.00 20.49 30.90 25.15 -18959.72 31889.41 0.00 -5453.83
2.00 13.00 1.00 5.00 22.35 33.13 25.15 -25615.08 32841.43 0.00 -8841.58
2.00 14.00 1.00 5.00 23.81 34.70 25.15 -30050.27 31917.94 0.00 -9271.90
2.00 15.00 1.00 5.00 24.88 44.79 29.28 -50000.00 78862.97 0.00 -6181.64
2.00 16.00 1.00 5.00 25.10 55.29 39.11 -50000.00 126492.35 0.00 0.00
2.00 17.00 1.00 5.00 24.12 61.08 44.61 -50000.00 150709.20 0.00 0.00
2.00 18.00 1.00 5.00 22.28 33.59 25.15 -21037.59 129.36 0.00 0.00
2.00 19.00 1.00 5.00 19.88 29.18 26.25 0.00 0.00 0.00 0.00
2.00 20.00 1.00 5.00 17.80 26.49 24.50 0.00 0.00 0.00 0.00
2.00 21.00 1.00 5.00 16.44 24.41 22.74 0.00 0.00 0.00 0.00
2.00 22.00 1.00 5.00 15.49 22.71 21.25 0.00 0.00 0.00 0.00
2.00 23.00 1.00 5.00 15.04 21.40 20.12 0.00 0.00 0.00 0.00
2.00 24.00 1.00 5.00 14.51 20.18 19.06 0.00 0.00 0.00 0.00
2.00 1.00 2.00 5.00 14.19 19.18 18.19 0.00 0.00 0.00 -0.00
2.00 2.00 2.00 5.00 13.82 18.24 17.36 0.00 0.00 0.00 -0.00
2.00 3.00 2.00 5.00 13.39 17.34 16.57 0.00 0.00 0.00 -0.00
2.00 4.00 2.00 5.00 13.07 16.56 15.88 0.00 0.00 0.00 -0.00
2.00 5.00 2.00 5.00 12.59 15.76 15.16 0.00 0.00 0.00 -0.00
2.00 6.00 2.00 5.00 12.05 14.96 14.43 0.00 0.00 0.00 -0.00
2.00 7.00 2.00 5.00 11.69 14.29 13.82 0.00 0.00 0.00 -0.00
2.00 8.00 2.00 5.00 11.42 16.99 20.15 12050.42 1271.45 0.00 0.00
2.00 9.00 2.00 5.00 12.45 19.52 20.15 1941.49 10473.02 0.00 0.00
2.00 10.00 2.00 5.00 14.41 22.64 22.58 0.00 18439.55 0.00 0.00
2.00 11.00 2.00 5.00 17.24 26.68 25.15 -5050.51 27072.90 0.00 0.00
2.00 12.00 2.00 5.00 19.76 30.05 25.15 -16396.62 31889.41 0.00 -3466.25
2.00 13.00 2.00 5.00 21.69 32.35 25.15 -23312.82 32841.43 0.00 -6819.93
2.00 14.00 2.00 5.00 23.26 34.00 25.15 -28084.40 31917.94 0.00 -9660.99
2.00 15.00 2.00 5.00 24.28 44.08 28.70 -50000.00 78862.97 0.00 -6806.43
2.00 16.00 2.00 5.00 24.65 54.71 38.60 -50000.00 126492.35 0.00 0.00
2.00 17.00 2.00 5.00 23.85 60.64 44.23 -50000.00 150709.20 0.00 0.00
2.00 18.00 2.00 5.00 22.24 33.33 25.15 -20346.43 129.36 0.00 0.00
2.00 19.00 2.00 5.00 19.82 28.87 26.05 0.00 0.00 0.00 0.00
2.00 20.00 2.00 5.00 18.13 26.42 24.51 0.00 0.00 0.00 0.00
2.00 21.00 2.00 5.00 16.76 24.39 22.79 0.00 0.00 0.00 0.00
2.00 22.00 2.00 5.00 15.98 22.83 21.43 0.00 0.00 0.00 0.00
2.00 23.00 2.00 5.00 15.52 21.56 20.34 0.00 0.00 0.00 0.00
2.00 24.00 2.00 5.00 15.07 20.43 19.35 0.00 0.00 0.00 0.00
2.00 1.00 3.00 5.00 14.73 19.46 18.51 0.00 0.00 0.00 -0.00
2.00 2.00 3.00 5.00 14.44 18.59 17.76 0.00 0.00 0.00 -0.00
2.00 3.00 3.00 5.00 14.07 17.76 17.02 0.00 0.00 0.00 -0.00
2.00 4.00 3.00 5.00 13.78 17.03 16.38 0.00 0.00 0.00 -0.00
2.00 5.00 3.00 5.00 13.37 16.30 15.73 0.00 0.00 0.00 -0.00
2.00 6.00 3.00 5.00 12.97 15.61 15.10 0.00 0.00 0.00 -0.00
2.00 7.00 3.00 5.00 12.74 15.05 14.60 0.00 0.00 0.00 -0.00
2.00 8.00 3.00 5.00 12.36 21.22 20.82 0.00 1271.45 0.00 0.00
2.00 9.00 3.00 5.00 13.34 25.10 24.75 0.00 10473.02 0.00 0.00
2.00 10.00 3.00 5.00 14.97 28.96 28.65 0.00 18439.55 0.00 0.00
2.00 11.00 3.00 5.00 16.92 33.41 33.14 0.00 27072.90 0.00 0.00
2.00 12.00 3.00 5.00 19.05 37.19 36.95 0.00 31889.41 0.00 0.00
2.00 13.00 3.00 5.00 21.36 40.06 39.85 0.00 32841.43 0.00 0.00
2.00 14.00 3.00 5.00 22.77 41.84 41.65 0.00 31917.94 0.00 0.00
2.00 15.00 3.00 5.00 23.38 56.19 56.02 0.00 78862.97 0.00 0.00
2.00 16.00 3.00 5.00 23.77 72.66 72.51 0.00 126492.35 0.00 0.00
2.00 17.00 3.00 5.00 22.70 82.89 82.76 0.00 150709.20 0.00 0.00
2.00 18.00 3.00 5.00 21.44 44.30 44.18 0.00 129.36 0.00 -0.00
2.00 19.00 3.00 5.00 19.04 31.97 31.86 0.00 0.00 0.00 -0.00
2.00 20.00 3.00 5.00 17.57 28.33 28.24 0.00 0.00 0.00 -0.00
2.00 21.00 3.00 5.00 16.05 25.82 25.73 0.00 0.00 0.00 0.00
2.00 22.00 3.00 5.00 15.14 23.90 23.82 0.00 0.00 0.00 0.00
2.00 23.00 3.00 5.00 14.51 22.31 22.24 0.00 0.00 0.00 0.00
2.00 24.00 3.00 5.00 14.05 20.95 20.89 0.00 0.00 0.00 -0.00
2.00 1.00 4.00 5.00 13.65 19.75 19.70 0.00 0.00 0.00 -0.00
2.00 2.00 4.00 5.00 13.61 18.86 18.82 0.00 0.00 0.00 -0.00
2.00 3.00 4.00 5.00 13.61 18.11 18.07 0.00 0.00 0.00 -0.00
2.00 4.00 4.00 5.00 13.29 17.28 17.25 0.00 0.00 0.00 -0.00
2.00 5.00 4.00 5.00 12.86 16.45 16.42 0.00 0.00 0.00 -0.00
2.00 6.00 4.00 5.00 12.79 15.87 15.84 0.00 0.00 0.00 -0.00
2.00 7.00 4.00 5.00 12.18 15.06 15.04 0.00 0.00 0.00 -0.00
2.00 8.00 4.00 5.00 11.77 21.14 21.12 0.00 1271.45 0.00 0.00
2.00 9.00 4.00 5.00 13.46 25.35 25.33 0.00 10473.02 0.00 0.00
2.00 10.00 4.00 5.00 16.39 29.93 29.91 0.00 18439.55 0.00 0.00
2.00 11.00 4.00 5.00 19.34 35.03 35.02 0.00 27072.90 0.00 0.00
2.00 12.00 4.00 5.00 21.97 39.23 39.22 0.00 31889.41 0.00 0.00
2.00 13.00 4.00 5.00 23.76 41.96 41.94 0.00 32841.43 0.00 0.00
2.00 14.00 4.00 5.00 24.60 43.48 43.47 0.00 31917.94 0.00 0.00
2.00 15.00 4.00 5.00 24.99 57.71 57.70 0.00 78862.97 0.00 0.00
2.00 16.00 4.00 5.00 25.82 74.43 74.42 0.00 126492.35 0.00 0.00
2.00 17.00 4.00 5.00 25.32 85.02 85.01 0.00 150709.20 0.00 0.00
2.00 18.00 4.00 5.00 23.59 46.26 46.25 0.00 129.36 0.00 -0.00
2.00 19.00 4.00 5.00 21.23 33.96 33.95 0.00 0.00 0.00 -0.00
2.00 20.00 4.00 5.00 19.49 30.20 30.19 0.00 0.00 0.00 -0.00
2.00 21.00 4.00 5.00 17.71 27.54 27.54 0.00 0.00 0.00 0.00
2.00 22.00 4.00 5.00 16.42 25.40 25.40 0.00 0.00 0.00 0.00
2.00 23.00 4.00 5.00 16.04 23.90 23.90 0.00 0.00 0.00 0.00
2.00 24.00 4.00 5.00 15.58 22.54 22.54 0.00 0.00 0.00 0.00
2.00 1.00 5.00 5.00 15.22 21.36 21.35 0.00 0.00 0.00 -0.00
2.00 2.00 5.00 5.00 14.70 20.20 20.20 0.00 0.00 0.00 -0.00
2.00 3.00 5.00 5.00 14.27 19.17 19.17 0.00 0.00 0.00 -0.00
2.00 4.00 5.00 5.00 14.03 18.32 18.32 0.00 0.00 0.00 -0.00
2.00 5.00 5.00 5.00 13.94 17.64 17.63 0.00 0.00 0.00 -0.00
2.00 6.00 5.00 5.00 13.72 16.96 16.96 0.00 0.00 0.00 -0.00
2.00 7.00 5.00 5.00 13.09 16.12 16.12 0.00 0.00 0.00 -0.00
2.00 8.00 5.00 5.00 12.55 18.47 20.15 5883.10 1271.45 0.00 0.00
2.00 9.00 5.00 5.00 13.29 20.74 20.89 0.00 10473.02 0.00 0.00
2.00 10.00 5.00 5.00 15.15 23.72 23.77 0.00 18439.55 0.00 0.00
2.00 11.00 5.00 5.00 17.07 27.09 25.15 -6923.34 27072.90 0.00 0.00
2.00 12.00 5.00 5.00 18.66 29.71 25.15 -15440.39 31889.41 0.00 0.00
2.00 13.00 5.00 5.00 19.50 31.12 25.15 -19409.37 32841.43 0.00 -3407.55
2.00 14.00 5.00 5.00 20.46 32.19 25.15 -22380.31 31917.94 0.00 -2779.05
2.00 15.00 5.00 5.00 21.28 41.98 26.85 -50000.00 78862.97 0.00 -8011.59
2.00 16.00 5.00 5.00 22.11 52.79 36.82 -50000.00 126492.35 0.00 0.00
2.00 17.00 5.00 5.00 21.52 58.79 42.49 -50000.00 150709.20 0.00 0.00
2.00 18.00 5.00 5.00 20.28 31.67 25.15 -14884.86 129.36 0.00 0.00
2.00 19.00 5.00 5.00 17.92 27.34 24.90 0.00 0.00 0.00 0.00
2.00 20.00 5.00 5.00 16.78 25.16 23.45 0.00 0.00 0.00 0.00
2.00 21.00 5.00 5.00 15.52 23.20 21.76 0.00 0.00 0.00 0.00
2.00 22.00 5.00 5.00 14.64 21.58 20.32 0.00 0.00 0.00 0.00
2.00 23.00 5.00 5.00 14.04 20.24 19.13 0.00 0.00 0.00 0.00
2.00 24.00 5.00 5.00 13.40 18.98 18.01 0.00 0.00 0.00 0.00
2.00 1.00 6.00 5.00 13.06 17.97 17.11 0.00 0.00 0.00 -0.00
2.00 2.00 6.00 5.00 12.60 16.99 16.24 0.00 0.00 0.00 -0.00
2.00 3.00 6.00 5.00 12.16 16.09 15.43 0.00 0.00 0.00 -0.00
2.00 4.00 6.00 5.00 11.80 15.29 14.70 0.00 0.00 0.00 -0.00
2.00 5.00 6.00 5.00 11.59 14.64 14.12 0.00 0.00 0.00 -0.00
2.00 6.00 6.00 5.00 11.44 14.07 13.62 0.00 0.00 0.00 -0.00
2.00 7.00 6.00 5.00 11.03 13.42 13.02 0.00 0.00 0.00 -0.00
2.00 8.00 6.00 5.00 10.86 16.28 20.15 14398.52 1271.45 0.00 0.00
2.00 9.00 6.00 5.00 12.09 18.97 20.15 3525.65 10473.02 0.00 0.00
2.00 10.00 6.00 5.00 14.06 22.12 22.15 0.00 18439.55 0.00 0.00
2.00 11.00 6.00 5.00 17.32 26.50 25.15 -4587.57 27072.90 0.00 0.00
2.00 12.00 6.00 5.00 19.95 29.98 25.15 -16359.28 31889.41 0.00 0.00
2.00 13.00 6.00 5.00 21.44 32.02 25.15 -22313.73 32841.43 0.00 0.00
2.00 14.00 6.00 5.00 21.41 32.56 25.15 -23246.19 31917.94 0.00 0.00
2.00 15.00 6.00 5.00 22.77 42.78 27.57 -50000.00 78862.97 0.00 -3233.80
2.00 16.00 6.00 5.00 23.03 53.31 37.28 -50000.00 126492.35 0.00 0.00
2.00 17.00 6.00 5.00 22.18 59.17 42.82 -50000.00 150709.20 0.00 0.00
2.00 18.00 6.00 5.00 20.77 31.96 25.15 -15738.64 129.36 0.00 0.00
2.00 19.00 6.00 5.00 17.43 27.03 24.49 0.00 0.00 0.00 0.00
2.00 20.00 6.00 5.00 16.03 24.65 22.87 0.00 0.00 0.00 0.00
2.00 21.00 6.00 5.00 14.60 22.55 21.05 0.00 0.00 0.00 0.00
2.00 22.00 6.00 5.00 13.85 20.96 19.65 0.00 0.00 0.00 0.00
2.00 23.00 6.00 5.00 13.28 19.61 18.46 0.00 0.00 0.00 0.00
2.00 24.00 6.00 5.00 12.79 18.42 17.40 0.00 0.00 0.00 0.00
2.00 1.00 7.00 5.00 12.35 17.35 16.45 0.00 0.00 0.00 -0.00
2.00 2.00 7.00 5.00 12.01 16.42 15.63 0.00 0.00 0.00 -0.00
2.00 3.00 7.00 5.00 11.82 15.66 14.96 0.00 0.00 0.00 -0.00
2.00 4.00 7.00 5.00 11.45 14.87 14.26 0.00 0.00 0.00 -0.00
2.00 5.00 7.00 5.00 11.10 14.15 13.61 0.00 0.00 0.00 -0.00
2.00 6.00 7.00 5.00 10.88 13.54 13.06 0.00 0.00 0.00 -0.00
2.00 7.00 7.00 5.00 10.53 12.91 12.49 0.00 0.00 0.00 -0.00
2.00 8.00 7.00 5.00 10.35 15.77 20.15 16227.14 1271.45 0.00 0.00
2.00 9.00 7.00 5.00 12.37 19.01 20.15 3247.16 10473.02 0.00 0.00
2.00 10.00 7.00 5.00 15.56 23.06 23.09 0.00 18439.55 0.00 0.00
2.00 11.00 7.00 5.00 18.69 27.46 25.15 -7949.22 27072.90 0.00 0.00
2.00 12.00 7.00 5.00 21.70 31.26 25.15 -20546.62 31889.41 0.00 0.00
2.00 13.00 7.00 5.00 24.04 33.97 25.15 -28661.97 32841.43 0.00 0.00
2.00 14.00 7.00 5.00 25.95 35.97 25.15 -34413.89 31917.94 0.00 0.00
2.00 15.00 7.00 5.00 27.12 46.26 30.67 -50000.00 78862.97 0.00 0.00
2.00 16.00 7.00 5.00 26.73 56.46 40.26 -50000.00 126492.35 0.00 0.00
2.00 17.00 7.00 5.00 25.43 62.07 45.59 -50000.00 150709.20 0.00 0.00
2.00 18.00 7.00 5.00 23.14 34.29 25.15 -23495.01 129.36 0.00 0.00
2.00 19.00 7.00 5.00 19.05 28.91 25.87 0.00 0.00 0.00 0.00
2.00 20.00 7.00 5.00 17.87 26.58 24.55 0.00 0.00 0.00 0.00
2.00 21.00 7.00 5.00 16.30 24.39 22.70 0.00 0.00 0.00 0.00
2.00 22.00 7.00 5.00 15.39 22.69 21.21 0.00 0.00 0.00 0.00
2.00 23.00 7.00 5.00 14.56 21.16 19.86 0.00 0.00 0.00 0.00
2.00 24.00 7.00 5.00 13.96 19.86 18.72 0.00 0.00 0.00 0.00
2.00 1.00 1.00 5.00 13.35 18.66 17.65 0.00 0.00 0.00 0.00
2.00 2.00 1.00 5.00 13.02 17.69 16.81 0.00 0.00 0.00 -0.00
2.00 3.00 1.00 5.00 12.61 16.77 15.99 0.00 0.00 0.00 -0.00
2.00 4.00 1.00 5.00 12.26 15.95 15.26 0.00 0.00 0.00 -0.00
2.00 5.00 1.00 5.00 11.66 15.05 14.45 0.00 0.00 0.00 -0.00
2.00 6.00 1.00 5.00 10.96 14.13 13.60 0.00 0.00 0.00 -0.00
2.00 7.00 1.00 5.00 10.49 13.36 12.89 0.00 0.00 0.00 -0.00
2.00 8.00 1.00 5.00 10.11 15.88 20.15 15954.37 1271.45 0.00 0.00
2.00 9.00 1.00 5.00 12.20 19.11 20.15 3026.40 10473.02 0.00 0.00
2.00 10.00 1.00 5.00 15.26 23.03 23.03 0.00 18439.55 0.00 0.00
2.00 11.00 1.00 5.00 18.38 27.38 25.15 -7589.83 27072.90 0.00 0.00
2.00 12.00 1.00 5.00 21.34 31.12 25.15 -20010.32 31889.41 0.00 0.00
2.00 13.00 1.00 5.00 23.66 33.78 25.15 -27986.41 32841.43 0.00 -908.10
2.00 14.00 1.00 5.00 25.54 35.73 25.15 -33608.92 31917.94 0.00 -1826.15
2.00 15.00 1.00 5.00 26.39 45.78 30.20 -50000.00 78862.97 0.00 -1385.96
2.00 16.00 1.00 5.00 26.13 56.02 39.83 -50000.00 126492.35 0.00 0.00
2.00 17.00 1.00 5.00 25.11 61.80 45.33 -50000.00 150709.20 0.00 0.00
2.00 18.00 1.00 5.00 23.06 34.20 25.15 -23181.74 129.36 0.00 0.00
2.00 19.00 1.00 5.00 19.83 29.29 26.26 0.00 0.00 0.00 0.00
2.00 20.00 1.00 5.00 18.41 26.91 24.88 0.00 0.00 0.00 0.00
2.00 21.00 1.00 5.00 16.99 24.83 23.14 0.00 0.00 0.00 0.00
2.00 22.00 1.00 5.00 16.19 23.22 21.75 0.00 0.00 0.00 0.00
2.00 23.00 1.00 5.00 15.50 21.81 20.52 0.00 0.00 0.00 0.00
2.00 24.00 1.00 5.00 15.02 20.62 19.48 0.00 0.00 0.00 0.00
2.00 1.00 2.00 5.00 11.03 17.61 16.61 0.00 0.00 0.00 -0.00
2.00 2.00 2.00 5.00 11.02 16.55 15.67 0.00 0.00 0.00 -0.00
2.00 3.00 2.00 5.00 11.04 15.75 14.98 0.00 0.00 0.00 -0.00
2.00 4.00 2.00 5.00 10.96 15.02 14.33 0.00 0.00 0.00 -0.00
2.00 5.00 2.00 5.00 10.51 14.16 13.56 0.00 0.00 0.00 -0.00
2.00 6.00 2.00 5.00 10.19 13.43 12.89 0.00 0.00 0.00 -0.00
2.00 7.00 2.00 5.00 10.03 12.83 12.36 0.00 0.00 0.00 -0.00
2.00 8.00 2.00 5.00 9.88 15.55 20.15 17124.70 1271.45 0.00 0.00
2.00 9.00 2.00 5.00 11.27 18.31 20.15 5721.62 10473.02 0.00 0.00
2.00 10.00 2.00 5.00 14.08 22.03 22.10 0.00 18439.55 0.00 0.00
2.00 11.00 2.00 5.00 16.70 25.99 25.15 -2836.96 27072.90 0.00 0.00
2.00 12.00 2.00 5.00 19.05 29.25 25.15 -13989.60 31889.41 0.00 0.00
2.00 13.00 2.00 5.00 20.84 31.47 25.15 -20653.82 32841.43 0.00 0.00
2.00 14.00 2.00 5.00 21.87 32.75 25.15 -24176.56 31917.94 0.00 0.00
2.00 15.00 2.00 5.00 22.15 42.28 27.08 -50000.00 78862.97 0.00 0.00
2.00 16.00 2.00 5.00 22.00 52.48 36.47 -50000.00 126492.35 0.00 0.00
2.00 17.00 2.00 5.00 21.08 58.25 41.92 -50000.00 150709.20 0.00 0.00
2.00 18.00 2.00 5.00 19.13 30.65 25.15 -11187.59 129.36 0.00 0.00
2.00 19.00 2.00 5.00 15.68 25.71 23.41 0.00 0.00 0.00 0.00
2.00 20.00 2.00 5.00 14.57 23.44 21.75 0.00 0.00 0.00 0.00
2.00 21.00 2.00 5.00 13.26 21.39 19.95 0.00 0.00 0.00 0.00
2.00 22.00 2.00 5.00 12.33 19.68 18.42 0.00 0.00 0.00 0.00
2.00 23.00 2.00 5.00 11.83 18.33 17.23 0.00 0.00 0.00 0.00
2.00 24.00 2.00 5.00 11.50 17.21 16.23 0.00 0.00 0.00 -0.00
2.00 1.00 3.00 5.00 11.27 16.25 15.39 0.00 0.00 0.00 -0.00
2.00 2.00 3.00 5.00 11.14 15.44 14.69 0.00 0.00 0.00 -0.00
2.00 3.00 3.00 5.00 11.03 14.75 14.08 0.00 0.00 0.00 -0.00
2.00 4.00 3.00 5.00 10.84 14.08 13.49 0.00 0.00 0.00 -0.00
2.00 5.00 3.00 5.00 10.50 13.39 12.87 0.00 0.00 0.00 -0.00
2.00 6.00 3.00 5.00 10.38 12.86 12.41 0.00 0.00 0.00 -0.00
2.00 7.00 3.00 5.00 10.20 12.36 11.96 0.00 0.00 0.00 -0.00
2.00 8.00 3.00 5.00 10.18 18.75 18.39 0.00 1271.45 0.00 0.00
2.00 9.00 3.00 5.00 11.46 22.84 22.53 0.00 10473.02 0.00 0.00
2.00 10.00 3.00 5.00 13.92 27.22 26.94 0.00 18439.55 0.00 0.00
2.00 11.00 3.00 5.00 16.58 32.17 31.92 0.00 27072.90 0.00 0.00
2.00 12.00 3.00 5.00 18.69 36.09 35.87 0.00 31889.41 0.00 0.00
2.00 13.00 3.00 5.00 20.40 38.73 38.53 0.00 32841.43 0.00 0.00
2.00 14.00 3.00 5.00 21.31 40.26 40.09 0.00 31917.94 0.00 0.00
2.00 15.00 3.00 5.00 21.42 54.33 54.18 0.00 78862.97 0.00 0.00
2.00 16.00 3.00 5.00 21.23 70.45 70.32 0.00 126492.35 0.00 0.00
2.00 17.00 3.00 5.00 20.27 80.68 80.56 0.00 150709.20 0.00 0.00
2.00 18.00 3.00 5.00 18.40 41.73 41.62 0.00 129.36 0.00 -0.00
2.00 19.00 3.00 5.00 15.16 28.86 28.76 0.00 0.00 0.00 -0.00
2.00 20.00 3.00 5.00 13.93 25.23 25.14 0.00 0.00 0.00 -0.00
2.00 21.00 3.00 5.00 12.60 22.75 22.67 0.00 0.00 0.00 0.00
2.00 22.00 3.00 5.00 11.74 20.81 20.75 0.00 0.00 0.00 0.00
2.00 23.00 3.00 5.00 11.17 19.22 19.16 0.00 0.00 0.00 -0.00
2.00 24.00 3.00 5.00 10.90 17.94 17.89 0.00 0.00 0.00 -0.00
2.00 1.00 4.00 5.00 10.62 16.79 16.75 0.00 0.00 0.00 -0.00
2.00 2.00 4.00 5.00 10.38 15.79 15.75 0.00 0.00 0.00 -0.00
2.00 3.00 4.00 5.00 10.18 14.90 14.87 0.00 0.00 0.00 -0.00
2.00 4.00 4.00 5.00 9.94 14.08 14.05 0.00 0.00 0.00 -0.00
2.00 5.00 4.00 5.00 9.89 13.44 13.42 0.00 0.00 0.00 -0.00
2.00 6.00 4.00 5.00 10.20 13.08 13.06 0.00 0.00 0.00 -0.00
2.00 7.00 4.00 5.00 10.04 12.56 12.54 0.00 0.00 0.00 -0.00
2.00 8.00 4.00 5.00 10.11 18.96 18.94 0.00 1271.45 0.00 0.00
2.00 9.00 4.00 5.00 11.13 22.89 22.87 0.00 10473.02 0.00 0.00
2.00 10.00 4.00 5.00 13.64 27.24 27.23 0.00 18439.55 0.00 0.00
2.00 11.00 4.00 5.00 16.69 32.37 32.36 0.00 27072.90 0.00 0.00
2.00 12.00 4.00 5.00 18.92 36.36 36.34 0.00 31889.41 0.00 0.00
2.00 13.00 4.00 5.00 20.72 39.05 39.04 0.00 32841.43 0.00 0.00
2.00 14.00 4.00 5.00 21.49 40.52 40.51 0.00 31917.94 0.00 0.00
2.00 15.00 4.00 5.00 21.85 54.71 54.71 0.00 78862.97 0.00 0.00
2.00 16.00 4.00 5.00 21.77 70.91 70.90 0.00 126492.35 0.00 0.00
2.00 17.00 4.00 5.00 20.95 81.23 81.23 0.00 150709.20 0.00 0.00
2.00 18.00 4.00 5.00 19.01 42.27 42.26 0.00 129.36 0.00 -0.00
2.00 19.00 4.00 5.00 15.65 29.34 29.33 0.00 0.00 0.00 -0.00
2.00 20.00 4.00 5.00 14.34 25.66 25.65 0.00 0.00 0.00 -0.00
2.00 21.00 4.00 5.00 13.15 23.26 23.25 0.00 0.00 0.00 0.00
2.00 22.00 4.00 5.00 12.56 21.48 21.47 0.00 0.00 0.00 0.00
2.00 23.00 4.00 5.00 12.11 19.98 19.98 0.00 0.00 0.00 0.00
2.00 24.00 4.00 5.00 11.78 18.69 18.69 0.00 0.00 0.00 -0.00
2.00 1.00 5.00 5.00 11.54 17.58 17.58 0.00 0.00 0.00 -0.00
2.00 2.00 5.00 5.00 11.54 16.73 16.73 0.00 0.00 0.00 -0.00
2.00 3.00 5.00 5.00 11.41 15.92 15.92 0.00 0.00 0.00 -0.00
2.00 4.00 5.00 5.00 11.28 15.19 15.19 0.00 0.00 0.00 -0.00
2.00 5.00 5.00 5.00 10.80 14.35 14.35 0.00 0.00 0.00 -0.00
2.00 6.00 5.00 5.00 10.39 13.58 13.58 0.00 0.00 0.00 -0.00
2.00 7.00 5.00 5.00 10.30 13.04 13.03 0.00 0.00 0.00 -0.00
2.00 8.00 5.00 5.00 10.33 15.91 20.15 14858.89 1271.45 0.00 0.00
2.00 9.00 5.00 5.00 11.85 18.78 20.15 3415.03 10473.02 0.00 0.00
2.00 10.00 5.00 5.00 14.43 22.36 22.57 0.00 18439.55 0.00 0.00
2.00 11.00 5.00 5.00 17.18 26.42 25.15 -4848.65 27072.90 0.00 0.00
2.00 12.00 5.00 5.00 19.31 29.54 25.15 -15279.08 31889.41 0.00 0.00
2.00 13.00 5.00 5.00 21.01 31.68 25.15 -21637.01 32841.43 0.00 -929.54
2.00 14.00 5.00 5.00 22.03 32.95 25.15 -25058.09 31917.94 0.00 -524.81
2.00 15.00 5.00 5.00 22.24 42.42 27.27 -50000.00 78862.97 0.00 -2903.65
2.00 16.00 5.00 5.00 22.26 52.73 36.77 -50000.00 126492.35 0.00 0.00
2.00 17.00 5.00 5.00 21.49 58.62 42.33 -50000.00 150709.20 0.00 0.00
2.00 18.00 5.00 5.00 19.60 31.07 25.15 -12795.98 129.36 0.00 0.00
2.00 19.00 5.00 5.00 16.64 26.39 24.06 0.00 0.00 0.00 0.00
2.00 20.00 5.00 5.00 15.26 24.02 22.35 0.00 0.00 0.00 0.00
2.00 21.00 5.00 5.00 13.98 21.99 20.58 0.00 0.00 0.00 0.00
2.00 22.00 5.00 5.00 13.21 20.38 19.15 0.00 0.00 0.00 0.00
2.00 23.00 5.00 5.00 12.56 18.98 17.90 0.00 0.00 0.00 0.00
2.00 24.00 5.00 5.00 12.09 17.79 16.84 0.00 0.00 0.00 -0.00
2.00 1.00 6.00 5.00 11.87 16.83 15.99 0.00 0.00 0.00 -0.00
2.00 2.00 6.00 5.00 11.70 16.01 15.27 0.00 0.00 0.00 -0.00
2.00 3.00 6.00 5.00 11.16 15.07 14.42 0.00 0.00 0.00 -0.00
2.00 4.00 6.00 5.00 10.88 14.31 13.74 0.00 0.00 0.00 -0.00
2.00 5.00 6.00 5.00 10.78 13.73 13.22 0.00 0.00 0.00 -0.00
2.00 6.00 6.00 5.00 10.52 13.12 12.68 0.00 0.00 0.00 -0.00
2.00 7.00 6.00 5.00 10.06 12.45 12.05 0.00 0.00 0.00 -0.00
2.00 8.00 6.00 5.00 10.00 15.38 20.15 17542.61 1271.45 0.00 0.00
2.00 9.00 6.00 5.00 11.32 18.14 20.15 6124.52 10473.02 0.00 0.00
2.00 10.00 6.00 5.00 13.77 21.64 21.76 0.00 18439.55 0.00 -327.94
2.00 11.00 6.00 5.00 16.38 25.60 25.15 -1594.17 27072.90 0.00 0.00
2.00 12.00 6.00 5.00 18.48 28.69 25.15 -12250.18 31889.41 0.00 -1378.19
2.00 13.00 6.00 5.00 20.25 30.89 25.15 -18909.70 32841.43 0.00 -716.47
2.00 14.00 6.00 5.00 21.31 32.19 25.15 -22518.01 31917.94 0.00 -553.67
2.00 15.00 6.00 5.00 21.92 41.94 26.84 -50000.00 78862.97 0.00 -4218.08
2.00 16.00 6.00 5.00 21.92 52.27 36.32 -50000.00 126492.35 0.00 0.00
2.00 17.00 6.00 5.00 21.10 58.14 41.86 -50000.00 150709.20 0.00 0.00
2.00 18.00 6.00 5.00 19.24 30.61 25.15 -11212.99 129.36 0.00 0.00
2.00 19.00 6.00 5.00 15.99 25.76 23.50 0.00 0.00 0.00 0.00
2.00 20.00 6.00 5.00 14.54 23.33 21.69 0.00 0.00 0.00 0.00
2.00 21.00 6.00 5.00 13.49 21.42 20.03 0.00 0.00 0.00 0.00
2.00 22.00 6.00 5.00 12.69 19.82 18.59 0.00 0.00 0.00 0.00
2.00 23.00 6.00 5.00 11.93 18.36 17.29 0.00 0.00 0.00 0.00
2.00 24.00 6.00 5.00 11.70 17.29 16.35 0.00 0.00 0.00 -0.00
2.00 1.00 7.00 5.00 11.33 16.27 15.44 0.00 0.00 0.00 -0.00
2.00 2.00 7.00 5.00 11.09 15.41 14.68 0.00 0.00 0.00 -0.00
2.00 3.00 7.00 5.00 10.79 14.60 13.95 0.00 0.00 0.00 -0.00
2.00 4.00 7.00 5.00 10.56 13.89 13.32 0.00 0.00 0.00 -0.00
2.00 5.00 7.00 5.00 10.27 13.22 12.71 0.00 0.00 0.00 -0.00
2.00 6.00 7.00 5.00 10.30 12.76 12.32 0.00 0.00 0.00 -0.00
2.00 7.00 7.00 5.00 10.02 12.21 11.82 0.00 0.00 0.00 -0.00
2.00 8.00 7.00 5.00 9.90 15.19 20.15 18217.11 1271.45 0.00 0.00
2.00 9.00 7.00 5.00 11.19 17.95 20.15 6751.62 10473.02 0.00 0.00
2.00 10.00 7.00 5.00 13.70 21.49 21.64 0.00 18439.55 0.00 0.00
2.00 11.00 7.00 5.00 16.57 25.64 25.15 -1776.54 27072.90 0.00 0.00
2.00 12.00 7.00 5.00 19.01 29.00 25.15 -13343.73 31889.41 0.00 -6003.89
2.00 13.00 7.00 5.00 21.05 31.42 25.15 -20689.88 32841.43 0.00 -2558.53
2.00 14.00 7.00 5.00 22.36 32.94 25.15 -24970.52 31917.94 0.00 -3111.86
2.00 15.00 7.00 5.00 23.23 42.93 27.74 -50000.00 78862.97 0.00 -6439.89
2.00 16.00 7.00 5.00 23.07 53.20 37.21 -50000.00 126492.35 0.00 0.00
2.00 17.00 7.00 5.00 22.14 59.01 42.71 -50000.00 150709.20 0.00 0.00
2.00 18.00 7.00 5.00 20.16 31.43 25.15 -13986.92 129.36 0.00 0.00
2.00 19.00 7.00 5.00 17.17 26.68 24.27 0.00 0.00 0.00 0.00
2.00 20.00 7.00 5.00 15.45 24.14 22.43 0.00 0.00 0.00 0.00
2.00 21.00 7.00 5.00 14.27 22.16 20.72 0.00 0.00 0.00 0.00
2.00 22.00 7.00 5.00 13.50 20.57 19.31 0.00 0.00 0.00 0.00
2.00 23.00 7.00 5.00 13.01 19.27 18.16 0.00 0.00 0.00 0.00
2.00 24.00 7.00 5.00 12.43 18.04 17.06 0.00 0.00 0.00 -0.00
2.00 1.00 1.00 5.00 12.06 17.01 16.15 0.00 0.00 0.00 -0.00
2.00 2.00 1.00 5.00 11.78 16.12 15.37 0.00 0.00 0.00 -0.00
2.00 3.00 1.00 5.00 11.39 15.25 14.59 0.00 0.00 0.00 -0.00
2.00 4.00 1.00 5.00 11.08 14.50 13.91 0.00 0.00 0.00 -0.00
2.00 5.00 1.00 5.00 10.77 13.80 13.28 0.00 0.00 0.00 -0.00
2.00 6.00 1.00 5.00 10.52 13.18 12.72 0.00 0.00 0.00 -0.00
2.00 7.00 1.00 5.00 10.10 12.52 12.11 0.00 0.00 0.00 -0.00
2.00 8.00 1.00 5.00 9.81 15.28 20.15 17925.10 1271.45 0.00 0.00
2.00 9.00 1.00 5.00 11.13 18.03 20.15 6519.82 10473.02 0.00 0.00
2.00 10.00 1.00 5.00 13.36 21.35 21.49 0.00 18439.55 0.00 0.00
2.00 11.00 1.00 5.00 16.73 25.82 25.15 -2373.56 27072.90 0.00 0.00
2.00 12.00 1.00 5.00 19.54 29.45 25.15 -14824.92 31889.41 0.00 -7326.15
2.00 13.00 1.00 5.00 21.70 31.97 25.15 -22447.62 32841.43 0.00 -2478.06
2.00 14.00 1.00 5.00 22.89 33.42 25.15 -26421.73 31917.94 0.00 -4749.70
2.00 15.00 1.00 5.00 23.66 43.34 28.09 -50000.00 78862.97 0.00 -8523.22
2.00 16.00 1.00 5.00 23.14 53.37 37.34 -50000.00 126492.35 0.00 0.00
2.00 17.00 1.00 5.00 21.86 58.92 42.58 -50000.00 150709.20 0.00 0.00
2.00 18.00 1.00 5.00 20.07 31.43 25.15 -13902.90 129.36 0.00 0.00
2.00 19.00 1.00 5.00 17.70 27.05 24.61 0.00 0.00 0.00 0.00
2.00 20.00 1.00 5.00 16.11 24.62 22.88 0.00 0.00 0.00 0.00
2.00 21.00 1.00 5.00 15.12 22.78 21.31 0.00 0.00 0.00 0.00
2.00 22.00 1.00 5.00 14.22 21.16 19.87 0.00 0.00 0.00 0.00
2.00 23.00 1.00 5.00 13.59 19.79 18.66 0.00 0.00 0.00 0.00
2.00 24.00 1.00 5.00 13.20 18.67 17.67 0.00 0.00 0.00 -0.00
2.00 1.00 2.00 5.00 12.85 17.67 16.80 0.00 0.00 0.00 -0.00
2.00 2.00 2.00 5.00 12.57 16.80 16.03 0.00 0.00 0.00 -0.00
2.00 3.00 2.00 5.00 12.32 16.03 15.35 0.00 0.00 0.00 -0.00
2.00 4.00 2.00 5.00 11.99 15.28 14.68 0.00 0.00 0.00 -0.00
2.00 5.00 2.00 5.00 11.61 14.55 14.03 0.00 0.00 0.00 -0.00
2.00 6.00 2.00 5.00 11.08 13.79 13.32 0.00 0.00 0.00 -0.00
2.00 7.00 2.00 5.00 10.60 13.08 12.67 0.00 0.00 0.00 -0.00
2.00 8.00 2.00 5.00 10.30 15.81 20.15 16060.88 1271.45 0.00 0.00
2.00 9.00 2.00 5.00 11.31 18.33 20.15 5621.88 10473.02 0.00 0.00
2.00 10.00 2.00 5.00 13.14 21.36 21.46 0.00 18439.55 0.00 0.00
2.00 11.00 2.00 5.00 15.95 25.39 25.15 -787.30 27072.90 0.00 0.00
2.00 12.00 2.00 5.00 17.79 28.28 25.15 -10819.28 31889.41 0.00 0.00
2.00 13.00 2.00 5.00 19.52 30.40 25.15 -17302.78 32841.43 0.00 0.00
2.00 14.00 2.00 5.00 21.03 31.98 25.15 -21937.26 31917.94 0.00 -693.42
2.00 15.00 2.00 5.00 22.08 42.04 26.97 -50000.00 78862.97 0.00 -9861.32
2.00 16.00 2.00 5.00 21.77 52.18 36.24 -50000.00 126492.35 0.00 0.00
2.00 17.00 2.00 5.00 21.18 58.18 41.91 -50000.00 150709.20 0.00 0.00
2.00 18.00 2.00 5.00 19.63 30.89 25.15 -12218.35 129.36 0.00 0.00
2.00 19.00 2.00 5.00 16.13 25.88 23.59 0.00 0.00 0.00 0.00
2.00 20.00 2.00 5.00 15.19 23.73 22.08 0.00 0.00 0.00 0.00
2.00 21.00 2.00 5.00 14.08 21.83 20.43 0.00 0.00 0.00 0.00
2.00 22.00 2.00 5.00 13.15 20.17 18.95 0.00 0.00 0.00 0.00
2.00 23.00 2.00 5.00 12.36 18.71 17.64 0.00 0.00 0.00 0.00
2.00 24.00 2.00 5.00 11.74 17.43 16.49 0.00 0.00 0.00 0.00
2.00 1.00 3.00 5.00 11.45 16.43 15.61 0.00 0.00 0.00 -0.00
2.00 2.00 3.00 5.00 11.20 15.56 14.83 0.00 0.00 0.00 -0.00
2.00 3.00 3.00 5.00 10.83 14.71 14.06 0.00 0.00 0.00 -0.00
2.00 4.00 3.00 5.00 10.55 13.97 13.40 0.00 0.00 0.00 -0.00
2.00 5.00 3.00 5.00 10.33 13.31 12.81 0.00 0.00 0.00 -0.00
2.00 6.00 3.00 5.00 10.22 12.78 12.34 0.00 0.00 0.00 -0.00
2.00 7.00 3.00 5.00 9.76 12.11 11.72 0.00 0.00 0.00 -0.00
2.00 8.00 3.00 5.00 9.60 18.39 18.05 0.00 1271.45 0.00 0.00
2.00 9.00 3.00 5.00 10.87 22.45 22.14 0.00 10473.02 0.00 0.00
2.00 10.00 3.00 5.00 12.92 26.57 26.30 0.00 18439.55 0.00 0.00
2.00 11.00 3.00 5.00 16.02 31.71 31.47 0.00 27072.90 0.00 0.00
2.00 12.00 3.00 5.00 18.49 35.82 35.61 0.00 31889.41 0.00 0.00
2.00 13.00 3.00 5.00 20.54 38.67 38.48 0.00 32841.43 0.00 0.00
2.00 14.00 3.00 5.00 21.69 40.37 40.21 0.00 31917.94 0.00 0.00
2.00 15.00 3.00 5.00 22.35 54.79 54.64 0.00 78862.97 0.00 0.00
2.00 16.00 3.00 5.00 22.29 71.06 70.93 0.00 126492.35 0.00 0.00
2.00 17.00 3.00 5.00 21.42 81.40 81.29 0.00 150709.20 0.00 0.00
2.00 18.00 3.00 5.00 19.56 42.51 42.41 0.00 129.36 0.00 -0.00
2.00 19.00 3.00 5.00 16.42 29.75 29.65 0.00 0.00 0.00 -0.00
2.00 20.00 3.00 5.00 15.23 26.19 26.11 0.00 0.00 0.00 -0.00
2.00 21.00 3.00 5.00 14.27 23.96 23.89 0.00 0.00 0.00 0.00
2.00 22.00 3.00 5.00 13.73 22.26 22.20 0.00 0.00 0.00 0.00
2.00 23.00 3.00 5.00 13.30 20.83 20.77 0.00 0.00 0.00 0.00
2.00 24.00 3.00 5.00 13.32 19.77 19.72 0.00 0.00 0.00 -0.00
2.00 1.00 4.00 5.00 13.15 18.78 18.73 0.00 0.00 0.00 -0.00
2.00 2.00 4.00 5.00 13.01 17.90 17.86 0.00 0.00 0.00 -0.00
2.00 3.00 4.00 5.00 12.84 17.10 17.07 0.00 0.00 0.00 -0.00
2.00 4.00 4.00 5.00 12.79 16.45 16.42 0.00 0.00 0.00 -0.00
2.00 5.00 4.00 5.00 12.65 15.82 15.80 0.00 0.00 0.00 -0.00
2.00 6.00 4.00 5.00 12.13 15.05 15.03 0.00 0.00 0.00 -0.00
2.00 7.00 4.00 5.00 11.67 14.34 14.31 0.00 0.00 0.00 -0.00
2.00 8.00 4.00 5.00 11.61 20.63 20.61 0.00 1271.45 0.00 0.00
2.00 9.00 4.00 5.00 12.35 24.38 24.36 0.00 10473.02 0.00 0.00
2.00 10.00 4.00 5.00 14.54 28.51 28.49 0.00 18439.55 0.00 0.00
2.00 11.00 4.00 5.00 17.27 33.41 33.39 0.00 27072.90 0.00 0.00
2.00 12.00 4.00 5.00 19.55 37.35 37.34 0.00 31889.41 0.00 0.00
2.00 13.00 4.00 5.00 21.21 39.92 39.91 0.00 32841.43 0.00 0.00
2.00 14.00 4.00 5.00 22.24 41.47 41.46 0.00 31917.94 0.00 0.00
2.00 15.00 4.00 5.00 22.45 55.57 55.56 0.00 78862.97 0.00 0.00
2.00 16.00 4.00 5.00 21.96 71.50 71.49 0.00 126492.35 0.00 0.00
2.00 17.00 4.00 5.00 20.83 81.59 81.58 0.00 150709.20 0.00 0.00
2.00 18.00 4.00 5.00 18.79 42.50 42.49 0.00 129.36 0.00 -0.00
2.00 19.00 4.00 5.00 15.42 29.50 29.50 0.00 0.00 0.00 -0.00
2.00 20.00 4.00 5.00 13.70 25.55 25.54 0.00 0.00 0.00 -0.00
2.00 21.00 4.00 5.00 12.51 23.07 23.06 0.00 0.00 0.00 0.00
2.00 22.00 4.00 5.00 11.58 21.04 21.04 0.00 0.00 0.00 0.00
2.00 23.00 4.00 5.00 10.71 19.23 19.23 0.00 0.00 0.00 0.00
2.00 24.00 4.00 5.00 9.83 17.55 17.54 0.00 0.00 0.00 -0.00
2.00 1.00 5.00 5.00 9.38 16.21 16.20 0.00 0.00 0.00 -0.00
2.00 2.00 5.00 5.00 8.93 15.00 14.99 0.00 0.00 0.00 -0.00
2.00 3.00 5.00 5.00 9.39 14.38 14.38 0.00 0.00 0.00 -0.00
2.00 4.00 5.00 5.00 10.01 14.02 14.02 0.00 0.00 0.00 -0.00
2.00 5.00 5.00 5.00 10.44 13.69 13.69 0.00 0.00 0.00 -0.00
2.00 6.00 5.00 5.00 10.95 13.50 13.49 0.00 0.00 0.00 -0.00
2.00 7.00 5.00 5.00 10.92 13.10 13.10 0.00 0.00 0.00 -0.00
2.00 8.00 5.00 5.00 11.18 16.36 20.15 13283.56 1271.45 0.00 0.00
2.00 9.00 5.00 5.00 12.89 19.44 20.15 1264.87 10473.02 0.00 0.00
2.00 10.00 5.00 5.00 16.11 23.52 23.66 0.00 18439.55 0.00 0.00
2.00 11.00 5.00 5.00 19.37 28.02 25.15 -10376.85 27072.90 0.00 0.00
2.00 12.00 5.00 5.00 21.82 31.46 25.15 -21434.95 31889.41 0.00 -6498.89
2.00 13.00 5.00 5.00 23.82 33.91 25.15 -28659.61 32841.43 0.00 -5768.32
2.00 14.00 5.00 5.00 25.07 35.43 25.15 -32750.80 31917.94 0.00 -7047.82
2.00 15.00 5.00 5.00 26.19 45.62 30.12 -50000.00 78862.97 0.00 -5091.36
2.00 16.00 5.00 5.00 25.44 55.52 39.39 -50000.00 126492.35 0.00 0.00
2.00 17.00 5.00 5.00 23.89 60.90 44.48 -50000.00 150709.20 0.00 0.00
2.00 18.00 5.00 5.00 20.94 32.61 25.15 -17783.94 129.36 0.00 0.00
2.00 19.00 5.00 5.00 18.09 27.99 25.28 0.00 0.00 0.00 0.00
2.00 20.00 5.00 5.00 16.64 25.57 23.69 0.00 0.00 0.00 0.00
2.00 21.00 5.00 5.00 15.27 23.47 21.89 0.00 0.00 0.00 0.00
2.00 22.00 5.00 5.00 14.40 21.78 20.40 0.00 0.00 0.00 0.00
2.00 23.00 5.00 5.00 13.85 20.40 19.19 0.00 0.00 0.00 0.00
2.00 24.00 5.00 5.00 13.57 19.29 18.23 0.00 0.00 0.00 0.00
2.00 1.00 6.00 5.00 13.44 18.39 17.45 0.00 0.00 0.00 -0.00
2.00 2.00 6.00 5.00 13.35 17.61 16.79 0.00 0.00 0.00 -0.00
2.00 3.00 6.00 5.00 12.97 16.77 16.04 0.00 0.00 0.00 -0.00
2.00 4.00 6.00 5.00 12.41 15.89 15.24 0.00 0.00 0.00 -0.00
2.00 5.00 6.00 5.00 11.50 14.84 14.27 0.00 0.00 0.00 -0.00
2.00 6.00 6.00 5.00 10.37 13.68 13.18 0.00 0.00 0.00 -0.00
2.00 7.00 6.00 5.00 9.98 12.93 12.48 0.00 0.00 0.00 -0.00
2.00 8.00 6.00 5.00 10.21 15.84 20.15 16046.38 1271.45 0.00 0.00
2.00 9.00 6.00 5.00 11.82 18.76 20.15 4170.45 10473.02 0.00 0.00
2.00 10.00 6.00 5.00 14.18 22.19 22.23 0.00 18439.55 0.00 0.00
2.00 11.00 6.00 5.00 16.83 26.16 25.15 -3386.46 27072.90 0.00 0.00
2.00 12.00 6.00 5.00 18.64 29.04 25.15 -13167.72 31889.41 0.00 0.00
2.00 13.00 6.00 5.00 20.11 30.99 25.15 -19023.28 32841.43 0.00 0.00
2.00 14.00 6.00 5.00 21.20 32.27 25.15 -22629.71 31917.94 0.00 0.00
2.00 15.00 6.00 5.00 21.96 42.10 26.95 -50000.00 78862.97 0.00 -3321.32
2.00 16.00 6.00 5.00 22.10 52.51 36.53 -50000.00 126492.35 0.00 0.00
2.00 17.00 6.00 5.00 21.50 58.53 42.22 -50000.00 150709.20 0.00 0.00
2.00 18.00 6.00 5.00 19.47 30.89 25.15 -12102.26 129.36 0.00 0.00
2.00 19.00 6.00 5.00 16.43 26.16 23.83 0.00 0.00 0.00 0.00
2.00 20.00 6.00 5.00 15.24 23.89 22.20 0.00 0.00 0.00 0.00
2.00 21.00 6.00 5.00 14.01 21.91 20.48 0.00 0.00 0.00 0.00
2.00 22.00 6.00 5.00 13.35 20.38 19.13 0.00 0.00 0.00 0.00
2.00 23.00 6.00 5.00 13.06 19.19 18.10 0.00 0.00 0.00 0.00
2.00 24.00 6.00 5.00 12.92 18.23 17.26 0.00 0.00 0.00 0.00
2.00 1.00 7.00 5.00 12.89 17.43 16.58 0.00 0.00 0.00 -0.00
2.00 2.00 7.00 5.00 12.90 16.77 16.02 0.00 0.00 0.00 -0.00
2.00 3.00 7.00 5.00 12.83 16.15 15.49 0.00 0.00 0.00 -0.00
2.00 4.00 7.00 5.00 12.69 15.57 14.98 0.00 0.00 0.00 -0.00
2.00 5.00 7.00 5.00 12.23 14.86 14.35 0.00 0.00 0.00 -0.00
2.00 6.00 7.00 5.00 11.56 14.06 13.61 0.00 0.00 0.00 -0.00
2.00 7.00 7.00 5.00 11.27 13.48 13.08 0.00 0.00 0.00 -0.00
2.00 8.00 7.00 5.00 11.22 16.49 20.15 13661.02 1271.45 0.00 0.00
2.00 9.00 7.00 5.00 12.11 18.98 20.15 3567.24 10473.02 0.00 0.00
2.00 10.00 7.00 5.00 13.95 22.03 22.06 0.00 18439.55 0.00 0.00
2.00 11.00 7.00 5.00 16.09 25.62 25.15 -1482.62 27072.90 0.00 0.00
2.00 12.00 7.00 5.00 17.92 28.47 25.15 -11342.96 31889.41 0.00 0.00
2.00 13.00 7.00 5.00 19.19 30.26 25.15 -16678.54 32841.43 0.00 0.00
2.00 14.00 7.00 5.00 19.85 31.20 25.15 -19209.70 31917.94 0.00 0.00
2.00 15.00 7.00 5.00 19.98 40.55 25.54 -50000.00 78862.97 0.00 -3212.01
2.00 16.00 7.00 5.00 20.07 50.85 34.92 -50000.00 126492.35 0.00 0.00
2.00 17.00 7.00 5.00 19.53 56.85 40.58 -50000.00 150709.20 0.00 0.00
2.00 18.00 7.00 5.00 17.69 29.31 25.15 -6683.83 129.36 0.00 0.00
2.00 19.00 7.00 5.00 14.80 24.71 22.69 0.00 0.00 0.00 0.00
2.00 20.00 7.00 5.00 13.65 22.45 20.89 0.00 0.00 0.00 0.00
2.00 21.00 7.00 5.00 12.59 20.55 19.21 0.00 0.00 0.00 0.00
2.00 22.00 7.00 5.00 11.91 19.00 17.83 0.00 0.00 0.00 0.00
2.00 23.00 7.00 5.00 11.44 17.72 16.69 0.00 0.00 0.00 0.00
2.00 24.00 7.00 5.00 11.37 16.76 15.86 0.00 0.00 0.00 -0.00
2.00 1.00 1.00 5.00 11.55 16.08 15.28 0.00 0.00 0.00 -0.00
2.00 2.00 1.00 5.00 11.66 15.48 14.77 0.00 0.00 0.00 -0.00
2.00 3.00 1.00 5.00 11.61 14.88 14.26 0.00 0.00 0.00 -0.00
2.00 4.00 1.00 5.00 11.49 14.31 13.77 0.00 0.00 0.00 -0.00
2.00 5.00 1.00 5.00 11.15 13.68 13.20 0.00 0.00 0.00 -0.00
2.00 6.00 1.00 5.00 11.08 13.22 12.80 0.00 0.00 0.00 -0.00
2.00 7.00 1.00 5.00 11.05 12.85 12.47 0.00 0.00 0.00 -0.00
2.00 8.00 1.00 5.00 10.74 15.85 20.15 15843.00 1271.45 0.00 0.00
2.00 9.00 1.00 5.00 11.56 18.31 20.15 5655.03 10473.02 0.00 0.00
2.00 10.00 1.00 5.00 13.26 21.29 21.40 0.00 18439.55 0.00 0.00
2.00 11.00 1.00 5.00 16.12 25.38 25.15 -788.91 27072.90 0.00 0.00
2.00 12.00 1.00 5.00 18.07 28.37 25.15 -11164.21 31889.41 0.00 0.00
2.00 13.00 1.00 5.00 19.34 30.19 25.15 -16591.20 32841.43 0.00 0.00
2.00 14.00 1.00 5.00 20.14 31.27 25.15 -19542.44 31917.94 0.00 0.00
2.00 15.00 1.00 5.00 20.35 40.71 25.71 -50000.00 78862.97 0.00 -2956.14
2.00 16.00 1.00 5.00 20.44 51.04 35.13 -50000.00 126492.35 0.00 0.00
2.00 17.00 1.00 5.00 19.83 57.01 40.76 -50000.00 150709.20 0.00 0.00
2.00 18.00 1.00 5.00 17.89 29.42 25.15 -7139.58 129.36 0.00 0.00
2.00 19.00 1.00 5.00 14.96 24.77 22.75 0.00 0.00 0.00 0.00
2.00 20.00 1.00 5.00 13.85 22.54 21.00 0.00 0.00 0.00 0.00
2.00 21.00 1.00 5.00 12.83 20.67 19.35 0.00 0.00 0.00 0.00
2.00 22.00 1.00 5.00 12.23 19.19 18.03 0.00 0.00 0.00 0.00
2.00 23.00 1.00 5.00 11.90 17.99 16.98 0.00 0.00 0.00 0.00
2.00 24.00 1.00 5.00 11.74 17.02 16.13 0.00 0.00 0.00 -0.00
2.00 1.00 2.00 5.00 11.59 16.17 15.38 0.00 0.00 0.00 -0.00
2.00 2.00 2.00 5.00 11.45 15.42 14.72 0.00 0.00 0.00 -0.00
2.00 3.00 2.00 5.00 11.50 14.85 14.23 0.00 0.00 0.00 -0.00
2.00 4.00 2.00 5.00 11.71 14.45 13.91 0.00 0.00 0.00 -0.00
2.00 5.00 2.00 5.00 11.84 14.10 13.62 0.00 0.00 0.00 -0.00
2.00 6.00 2.00 5.00 11.63 13.62 13.19 0.00 0.00 0.00 -0.00
2.00 7.00 2.00 5.00 11.38 13.14 12.76 0.00 0.00 0.00 -0.00
2.00 8.00 2.00 5.00 11.28 16.30 20.15 14274.09 1271.45 0.00 0.00
2.00 9.00 2.00 5.00 12.10 18.78 20.15 4169.17 10473.02 0.00 0.00
2.00 10.00 2.00 5.00 13.96 21.87 21.93 0.00 18439.55 0.00 0.00
2.00 11.00 2.00 5.00 16.15 25.52 25.15 -1203.74 27072.90 0.00 0.00
2.00 12.00 2.00 5.00 17.84 28.30 25.15 -10822.46 31889.41 0.00 0.00
2.00 13.00 2.00 5.00 19.09 30.08 25.15 -16166.19 32841.43 0.00 0.00
2.00 14.00 2.00 5.00 19.79 31.06 25.15 -18820.97 31917.94 0.00 0.00
2.00 15.00 2.00 5.00 19.63 40.22 25.23 -50000.00 78862.97 0.00 -1301.18
2.00 16.00 2.00 5.00 19.60 50.43 34.52 -50000.00 126492.35 0.00 0.00
2.00 17.00 2.00 5.00 18.78 56.22 39.97 -50000.00 150709.20 0.00 0.00
2.00 18.00 2.00 5.00 16.97 28.68 25.15 -4530.18 129.36 0.00 0.00
2.00 19.00 2.00 5.00 14.27 24.20 22.30 0.00 0.00 0.00 0.00
2.00 20.00 2.00 5.00 13.17 21.97 20.47 0.00 0.00 0.00 0.00
2.00 21.00 2.00 5.00 12.12 20.08 18.78 0.00 0.00 0.00 0.00
2.00 22.00 2.00 5.00 11.43 18.53 17.39 0.00 0.00 0.00 0.00
2.00 23.00 2.00 5.00 10.99 17.25 16.26 0.00 0.00 0.00 0.00
2.00 24.00 2.00 5.00 10.69 16.18 15.30 0.00 0.00 0.00 -0.00
2.00 1.00 3.00 5.00 10.50 15.27 14.50 0.00 0.00 0.00 -0.00
2.00 2.00 3.00 5.00 10.50 14.57 13.89 0.00 0.00 0.00 -0.00
2.00 3.00 3.00 5.00 10.61 14.02 13.42 0.00 0.00 0.00 -0.00
2.00 4.00 3.00 5.00 10.62 13.51 12.98 0.00 0.00 0.00 -0.00
2.00 5.00 3.00 5.00 10.72 13.12 12.65 0.00 0.00 0.00 -0.00
2.00 6.00 3.00 5.00 10.68 12.71 12.29 0.00 0.00 0.00 -0.00
2.00 7.00 3.00 5.00 10.74 12.40 12.04 0.00 0.00 0.00 -0.00
2.00 8.00 3.00 5.00 10.94 18.98 18.66 0.00 1271.45 0.00 0.00
2.00 9.00 3.00 5.00 11.31 22.66 22.37 0.00 10473.02 0.00 0.00
2.00 10.00 3.00 5.00 12.48 26.30 26.05 0.00 18439.55 0.00 0.00
2.00 11.00 3.00 5.00 15.41 31.29 31.07 0.00 27072.90 0.00 0.00
2.00 12.00 3.00 5.00 17.69 35.26 35.07 0.00 31889.41 0.00 0.00
2.00 13.00 3.00 5.00 19.35 37.86 37.68 0.00 32841.43 0.00 0.00
2.00 14.00 3.00 5.00 20.42 39.45 39.30 0.00 31917.94 0.00 0.00
2.00 15.00 3.00 5.00 20.49 53.50 53.36 0.00 78862.97 0.00 0.00
2.00 16.00 3.00 5.00 20.52 69.72 69.60 0.00 126492.35 0.00 0.00
2.00 17.00 3.00 5.00 19.68 80.03 79.92 0.00 150709.20 0.00 0.00
2.00 18.00 3.00 5.00 18.00 41.19 41.10 0.00 129.36 0.00 -0.00
2.00 19.00 3.00 5.00 15.25 28.61 28.53 0.00 0.00 0.00 -0.00
2.00 20.00 3.00 5.00 14.02 25.04 24.96 0.00 0.00 0.00 -0.00
2.00 21.00 3.00 5.00 13.05 22.80 22.73 0.00 0.00 0.00 0.00
2.00 22.00 3.00 5.00 12.35 21.01 20.95 0.00 0.00 0.00 0.00
2.00 23.00 3.00 5.00 11.76 19.46 19.41 0.00 0.00 0.00 0.00
2.00 24.00 3.00 5.00 11.44 18.20 18.15 0.00 0.00 0.00 -0.00
2.00 1.00 4.00 5.00 11.30 17.17 17.13 0.00 0.00 0.00 -0.00
2.00 2.00 4.00 5.00 11.30 16.33 16.30 0.00 0.00 0.00 -0.00
2.00 3.00 4.00 5.00 11.39 15.66 15.63 0.00 0.00 0.00 -0.00
2.00 4.00 4.00 5.00 11.40 15.05 15.02 0.00 0.00 0.00 -0.00
2.00 5.00 4.00 5.00 11.39 14.50 14.48 0.00 0.00 0.00 -0.00
2.00 6.00 4.00 5.00 11.29 13.98 13.95 0.00 0.00 0.00 -0.00
2.00 7.00 4.00 5.00 11.22 13.52 13.50 0.00 0.00 0.00 -0.00
2.00 8.00 4.00 5.00 10.90 19.73 19.72 0.00 1271.45 0.00 0.00
2.00 9.00 4.00 5.00 10.99 23.14 23.12 0.00 10473.02 0.00 0.00
2.00 10.00 4.00 5.00 12.05 26.62 26.61 0.00 18439.55 0.00 0.00
2.00 11.00 4.00 5.00 14.70 31.36 31.35 0.00 27072.90 0.00 0.00
2.00 12.00 4.00 5.00 17.09 35.28 35.27 0.00 31889.41 0.00 0.00
2.00 13.00 4.00 5.00 18.54 37.69 37.68 0.00 32841.43 0.00 0.00
2.00 14.00 4.00 5.00 19.78 39.30 39.29 0.00 31917.94 0.00 0.00
2.00 15.00 4.00 5.00 20.05 53.39 53.38 0.00 78862.97 0.00 0.00
2.00 16.00 4.00 5.00 20.08 69.59 69.58 0.00 126492.35 0.00 0.00
2.00 17.00 4.00 5.00 19.55 80.03 80.02 0.00 150709.20 0.00 0.00
2.00 18.00 4.00 5.00 17.94 41.22 41.22 0.00 129.36 0.00 -0.00
2.00 19.00 4.00 5.00 15.15 28.62 28.61 0.00 0.00 0.00 -0.00
2.00 20.00 4.00 5.00 13.90 25.02 25.02 0.00 0.00 0.00 -0.00
2.00 21.00 4.00 5.00 13.01 22.81 22.81 0.00 0.00 0.00 0.00
2.00 22.00 4.00 5.00 12.23 20.98 20.98 0.00 0.00 0.00 0.00
2.00 23.00 4.00 5.00 11.81 19.52 19.51 0.00 0.00 0.00 0.00
2.00 24.00 4.00 5.00 11.73 18.39 18.39 0.00 0.00 0.00 -0.00
2.00 1.00 5.00 5.00 11.78 17.48 17.48 0.00 0.00 0.00 -0.00
2.00 2.00 5.00 5.00 11.83 16.71 16.70 0.00 0.00 0.00 -0.00
2.00 3.00 5.00 5.00 11.72 15.95 15.95 0.00 0.00 0.00 -0.00
2.00 4.00 5.00 5.00 11.60 15.27 15.27 0.00 0.00 0.00 -0.00
2.00 5.00 5.00 5.00 11.58 14.71 14.71 0.00 0.00 0.00 -0.00
2.00 6.00 5.00 5.00 11.22 14.04 14.04 0.00 0.00 0.00 -0.00
2.00 7.00 5.00 5.00 10.88 13.40 13.40 0.00 0.00 0.00 -0.00
2.00 8.00 5.00 5.00 10.76 16.25 20.15 13648.48 1271.45 0.00 0.00
2.00 9.00 5.00 5.00 11.24 18.41 20.15 4822.60 10473.02 0.00 0.00
2.00 10.00 5.00 5.00 12.82 21.24 21.47 0.00 18439.55 0.00 0.00
2.00 11.00 5.00 5.00 15.42 25.09 25.15 -230.62 27072.90 0.00 0.00
2.00 12.00 5.00 5.00 18.06 28.50 25.15 -12067.78 31889.41 0.00 0.00
2.00 13.00 5.00 5.00 19.90 30.72 25.15 -18715.22 32841.43 0.00 0.00
2.00 14.00 5.00 5.00 21.21 32.17 25.15 -22800.85 31917.94 0.00 -652.97
2.00 15.00 5.00 5.00 21.75 41.88 26.85 -50000.00 78862.97 0.00 -3746.02
2.00 16.00 5.00 5.00 21.86 52.27 36.39 -50000.00 126492.35 0.00 0.00
2.00 17.00 5.00 5.00 21.08 58.16 41.94 -50000.00 150709.20 0.00 0.00
2.00 18.00 5.00 5.00 19.13 30.57 25.15 -11249.65 129.36 0.00 0.00
2.00 19.00 5.00 5.00 16.36 25.99 23.80 0.00 0.00 0.00 0.00
2.00 20.00 5.00 5.00 14.76 23.52 21.94 0.00 0.00 0.00 0.00
2.00 21.00 5.00 5.00 13.56 21.53 20.19 0.00 0.00 0.00 0.00
2.00 22.00 5.00 5.00 12.79 19.93 18.76 0.00 0.00 0.00 0.00
2.00 23.00 5.00 5.00 12.07 18.50 17.47 0.00 0.00 0.00 0.00
2.00 24.00 5.00 5.00 11.69 17.35 16.44 0.00 0.00 0.00 -0.00
2.00 1.00 6.00 5.00 11.65 16.50 15.70 0.00 0.00 0.00 -0.00
2.00 2.00 6.00 5.00 11.54 15.73 15.02 0.00 0.00 0.00 -0.00
2.00 3.00 6.00 5.00 11.42 15.04 14.42 0.00 0.00 0.00 -0.00
2.00 4.00 6.00 5.00 11.36 14.46 13.91 0.00 0.00 0.00 -0.00
2.00 5.00 6.00 5.00 11.07 13.81 13.33 0.00 0.00 0.00 -0.00
2.00 6.00 6.00 5.00 10.61 13.12 12.70 0.00 0.00 0.00 -0.00
2.00 7.00 6.00 5.00 10.16 12.45 12.08 0.00 0.00 0.00 -0.00
2.00 8.00 6.00 5.00 9.51 15.02 20.15 18763.68 1271.45 0.00 0.00
2.00 9.00 6.00 5.00 10.19 17.31 20.15 8898.94 10473.02 0.00 0.00
2.00 10.00 6.00 5.00 12.22 20.45 20.67 0.00 18439.55 0.00 0.00
2.00 11.00 6.00 5.00 14.82 24.34 24.38 0.00 27072.90 0.00 0.00
2.00 12.00 6.00 5.00 17.40 27.73 25.15 -9104.91 31889.41 0.00 0.00
2.00 13.00 6.00 5.00 19.26 29.98 25.15 -16137.44 32841.43 0.00 0.00
2.00 14.00 6.00 5.00 20.60 31.46 25.15 -20415.38 31917.94 0.00 0.00
2.00 15.00 6.00 5.00 21.30 41.29 26.31 -50000.00 78862.97 0.00 -3448.61
2.00 16.00 6.00 5.00 21.36 51.67 35.79 -50000.00 126492.35 0.00 0.00
2.00 17.00 6.00 5.00 20.50 57.51 41.29 -50000.00 150709.20 0.00 0.00
2.00 18.00 6.00 5.00 18.54 29.92 25.15 -8971.81 129.36 0.00 0.00
2.00 19.00 6.00 5.00 15.93 25.42 23.34 0.00 0.00 0.00 0.00
2.00 20.00 6.00 5.00 14.07 22.82 21.27 0.00 0.00 0.00 0.00
2.00 21.00 6.00 5.00 12.90 20.85 19.52 0.00 0.00 0.00 0.00
2.00 22.00 6.00 5.00 12.07 19.21 18.06 0.00 0.00 0.00 0.00
2.00 23.00 6.00 5.00 11.35 17.77 16.76 0.00 0.00 0.00 0.00
2.00 24.00 6.00 5.00 11.18 16.74 15.85 0.00 0.00 0.00 -0.00
2.00 1.00 7.00 5.00 11.01 15.83 15.05 0.00 0.00 0.00 -0.00
2.00 2.00 7.00 5.00 10.94 15.08 14.39 0.00 0.00 0.00 -0.00
2.00 3.00 7.00 5.00 10.91 14.45 13.84 0.00 0.00 0.00 -0.00
2.00 4.00 7.00 5.00 10.93 13.92 13.39 0.00 0.00 0.00 -0.00
2.00 5.00 7.00 5.00 10.80 13.39 12.91 0.00 0.00 0.00 -0.00
2.00 6.00 7.00 5.00 10.47 12.79 12.37 0.00 0.00 0.00 -0.00
2.00 7.00 7.00 5.00 10.29 12.30 11.93 0.00 0.00 0.00 -0.00
2.00 8.00 7.00 5.00 10.05 15.26 20.15 17896.84 1271.45 0.00 0.00
2.00 9.00 7.00 5.00 11.07 17.85 20.15 7075.88 10473.02 0.00 0.00
2.00 10.00 7.00 5.00 12.95 20.94 21.11 0.00 18439.55 0.00 0.00
2.00 11.00 7.00 5.00 15.92 25.12 25.14 0.00 27072.90 0.00 0.00
2.00 12.00 7.00 5.00 18.61 28.64 25.15 -12258.57 31889.41 0.00 0.00
2.00 13.00 7.00 5.00 20.54 30.98 25.15 -19319.81 32841.43 0.00 0.00
2.00 14.00 7.00 5.00 21.80 32.45 25.15 -23481.05 31917.94 0.00 0.00
2.00 15.00 7.00 5.00 22.30 42.17 27.06 -50000.00 78862.97 0.00 -3402.02
2.00 16.00 7.00 5.00 22.22 52.46 36.52 -50000.00 126492.35 0.00 0.00
2.00 17.00 7.00 5.00 21.39 58.33 42.06 -50000.00 150709.20 0.00 0.00
2.00 18.00 7.00 5.00 19.57 30.85 25.15 -12051.93 129.36 0.00 0.00
2.00 19.00 7.00 5.00 16.76 26.22 23.93 0.00 0.00 0.00 0.00
2.00 20.00 7.00 5.00 15.29 23.83 22.18 0.00 0.00 0.00 0.00
2.00 21.00 7.00 5.00 14.33 22.00 20.60 0.00 0.00 0.00 0.00
2.00 22.00 7.00 5.00 13.66 20.50 19.28 0.00 0.00 0.00 0.00
2.00 23.00 7.00 5.00 12.98 19.13 18.05 0.00 0.00 0.00 0.00
2.00 24.00 7.00 5.00 12.53 17.98 17.03 0.00 0.00 0.00 -0.00
2.00 1.00 1.00 6.00 12.53 17.17 16.34 0.00 0.00 0.00 -0.00
2.00 2.00 1.00 6.00 12.51 16.48 15.75 0.00 0.00 0.00 -0.00
2.00 3.00 1.00 6.00 12.25 15.74 15.10 0.00 0.00 0.00 -0.00
2.00 4.00 1.00 6.00 11.97 15.05 14.48 0.00 0.00 0.00 -0.00
2.00 5.00 1.00 6.00 11.54 14.33 13.83 0.00 0.00 0.00 -0.00
2.00 6.00 1.00 6.00 11.10 13.63 13.19 0.00 0.00 0.00 -0.00
2.00 7.00 1.00 6.00 10.64 12.96 12.57 0.00 0.00 0.00 -0.00
2.00 8.00 1.00 6.00 10.43 15.99 19.85 14382.53 2202.84 0.00 0.00
2.00 9.00 1.00 6.00 11.54 17.96 19.85 6029.17 7799.74 0.00 0.00
2.00 10.00 1.00 6.00 13.59 20.84 20.94 0.00 14345.24 0.00 0.00
2.00 11.00 1.00 6.00 15.81 24.64 24.63 0.00 24068.00 0.00 0.00
2.00 12.00 1.00 6.00 18.00 27.83 24.85 -10352.28 29427.21 0.00 0.00
2.00 13.00 1.00 6.00 19.62 29.96 24.85 -16857.70 30753.02 0.00 0.00
2.00 14.00 1.00 6.00 21.07 31.41 24.85 -21053.25 29422.03 0.00 0.00
2.00 15.00 1.00 6.00 21.66 40.32 25.28 -50000.00 71976.16 0.00 -4471.13
2.00 16.00 1.00 6.00 21.82 50.06 34.14 -50000.00 116442.70 0.00 0.00
2.00 17.00 1.00 6.00 21.12 55.46 39.21 -50000.00 138361.48 0.00 0.00
2.00 18.00 1.00 6.00 19.37 30.16 24.85 -10725.23 0.00 0.00 0.00
2.00 19.00 1.00 6.00 16.52 25.52 23.32 0.00 0.00 0.00 0.00
2.00 20.00 1.00 6.00 15.08 23.20 21.59 0.00 0.00 0.00 0.00
2.00 21.00 1.00 6.00 13.96 21.34 19.97 0.00 0.00 0.00 0.00
2.00 22.00 1.00 6.00 13.14 19.79 18.60 0.00 0.00 0.00 0.00
2.00 23.00 1.00 6.00 12.50 18.46 17.41 0.00 0.00 0.00 0.00
2.00 24.00 1.00 6.00 11.99 17.30 16.37 0.00 0.00 0.00 -0.00
2.00 1.00 2.00 6.00 11.58 16.28 15.47 0.00 0.00 0.00 -0.00
2.00 2.00 2.00 6.00 11.21 15.37 14.66 0.00 0.00 0.00 -0.00
2.00 3.00 2.00 6.00 10.71 14.47 13.84 0.00 0.00 0.00 -0.00
2.00 4.00 2.00 6.00 10.29 13.66 13.10 0.00 0.00 0.00 -0.00
2.00 5.00 2.00 6.00 10.24 13.10 12.61 0.00 0.00 0.00 -0.00
2.00 6.00 2.00 6.00 10.01 12.52 12.08 0.00 0.00 0.00 -0.00
2.00 7.00 2.00 6.00 9.53 11.85 11.46 0.00 0.00 0.00 -0.00
2.00 8.00 2.00 6.00 9.01 14.66 19.85 19003.71 2202.84 0.00 0.00
2.00 9.00 2.00 6.00 10.95 17.19 19.85 8274.03 7799.74 0.00 0.00
2.00 10.00 2.00 6.00 13.94 20.77 20.97 0.00 14345.24 0.00 0.00
2.00 11.00 2.00 6.00 16.91 25.17 24.85 -1237.94 24068.00 0.00 0.00
2.00 12.00 2.00 6.00 19.88 29.01 24.85 -14500.00 29427.21 0.00 -2641.03
2.00 13.00 2.00 6.00 21.91 31.54 24.85 -22095.90 30753.02 0.00 -3879.19
2.00 14.00 2.00 6.00 23.44 33.16 24.85 -26659.30 29422.03 0.00 -1806.17
2.00 15.00 2.00 6.00 24.33 42.37 27.14 -50000.00 71976.16 0.00 -5643.36
2.00 16.00 2.00 6.00 23.94 51.82 35.82 -50000.00 116442.70 0.00 0.00
2.00 17.00 2.00 6.00 23.05 57.13 40.81 -50000.00 138361.48 0.00 0.00
2.00 18.00 2.00 6.00 20.97 31.62 24.85 -15661.71 0.00 0.00 0.00
2.00 19.00 2.00 6.00 18.51 27.15 24.65 0.00 0.00 0.00 0.00
2.00 20.00 2.00 6.00 16.83 24.75 23.00 0.00 0.00 0.00 0.00
2.00 21.00 2.00 6.00 15.39 22.74 21.26 0.00 0.00 0.00 0.00
2.00 22.00 2.00 6.00 14.44 21.11 19.82 0.00 0.00 0.00 0.00
2.00 23.00 2.00 6.00 13.74 19.73 18.60 0.00 0.00 0.00 0.00
2.00 24.00 2.00 6.00 13.21 18.55 17.56 0.00 0.00 0.00 -0.00
2.00 1.00 3.00 6.00 12.74 17.50 16.62 0.00 0.00 0.00 -0.00
2.00 2.00 3.00 6.00 12.42 16.61 15.84 0.00 0.00 0.00 -0.00
2.00 3.00 3.00 6.00 12.12 15.81 15.13 0.00 0.00 0.00 -0.00
2.00 4.00 3.00 6.00 11.79 15.06 14.46 0.00 0.00 0.00 -0.00
2.00 5.00 3.00 6.00 11.47 14.37 13.84 0.00 0.00 0.00 -0.00
2.00 6.00 3.00 6.00 11.23 13.77 13.31 0.00 0.00 0.00 -0.00
2.00 7.00 3.00 6.00 10.75 13.09 12.68 0.00 0.00 0.00 -0.00
2.00 8.00 3.00 6.00 10.16 19.39 19.03 0.00 2202.84 0.00 0.00
2.00 9.00 3.00 6.00 11.19 22.34 22.02 0.00 7799.74 0.00 0.00
2.00 10.00 3.00 6.00 13.09 25.81 25.53 0.00 14345.24 0.00 0.00
2.00 11.00 3.00 6.00 15.80 30.86 30.61 0.00 24068.00 0.00 0.00
2.00 12.00 3.00 6.00 18.16 34.96 34.74 0.00 29427.21 0.00 0.00
2.00 13.00 3.00 6.00 19.93 37.69 37.49 0.00 30753.02 0.00 0.00
2.00 14.00 3.00 6.00 21.10 39.21 39.04 0.00 29422.03 0.00 0.00
2.00 15.00 3.00 6.00 21.63 52.26 52.10 0.00 71976.16 0.00 0.00
2.00 16.00 3.00 6.00 21.14 67.14 67.00 0.00 116442.70 0.00 0.00
2.00 17.00 3.00 6.00 20.39 76.55 76.43 0.00 138361.48 0.00 0.00
2.00 18.00 3.00 6.00 18.54 40.70 40.60 0.00 0.00 0.00 -0.00
2.00 19.00 3.00 6.00 16.49 28.89 28.80 0.00 0.00 0.00 -0.00
2.00 20.00 3.00 6.00 15.01 25.36 25.28 0.00 0.00 0.00 -0.00
2.00 21.00 3.00 6.00 13.59 22.96 22.88 0.00 0.00 0.00 0.00
2.00 22.00 3.00 6.00 12.82 21.17 21.10 0.00 0.00 0.00 0.00
2.00 23.00 3.00 6.00 12.32 19.70 19.64 0.00 0.00 0.00 0.00
2.00 24.00 3.00 6.00 11.81 18.38 18.32 0.00 0.00 0.00 -0.00
2.00 1.00 4.00 6.00 11.22 17.12 17.07 0.00 0.00 0.00 -0.00
2.00 2.00 4.00 6.00 10.79 16.03 15.99 0.00 0.00 0.00 -0.00
2.00 3.00 4.00 6.00 10.31 15.00 14.96 0.00 0.00 0.00 -0.00
2.00 4.00 4.00 6.00 9.84 14.05 14.02 0.00 0.00 0.00 -0.00
2.00 5.00 4.00 6.00 9.60 13.29 13.26 0.00 0.00 0.00 -0.00
2.00 6.00 4.00 6.00 9.39 12.62 12.59 0.00 0.00 0.00 -0.00
2.00 7.00 4.00 6.00 9.35 12.09 12.07 0.00 0.00 0.00 -0.00
2.00 8.00 4.00 6.00 8.73 18.34 18.32 0.00 2202.84 0.00 0.00
2.00 9.00 4.00 6.00 9.63 21.18 21.16 0.00 7799.74 0.00 0.00
2.00 10.00 4.00 6.00 11.60 24.64 24.63 0.00 14345.24 0.00 0.00
2.00 11.00 4.00 6.00 14.78 29.92 29.90 0.00 24068.00 0.00 0.00
2.00 12.00 4.00 6.00 18.04 34.51 34.50 0.00 29427.21 0.00 0.00
2.00 13.00 4.00 6.00 19.80 37.31 37.30 0.00 30753.02 0.00 0.00
2.00 14.00 4.00 6.00 21.48 39.15 39.14 0.00 29422.03 0.00 0.00
2.00 15.00 4.00 6.00 22.22 52.40 52.39 0.00 71976.16 0.00 0.00
2.00 16.00 4.00 6.00 22.77 67.91 67.90 0.00 116442.70 0.00 0.00
2.00 17.00 4.00 6.00 21.61 77.25 77.24 0.00 138361.48 0.00 0.00
2.00 18.00 4.00 6.00 19.11 41.11 41.10 0.00 0.00 0.00 -0.00
2.00 19.00 4.00 6.00 15.89 28.66 28.65 0.00 0.00 0.00 -0.00
2.00 20.00 4.00 6.00 14.97 25.35 25.34 0.00 0.00 0.00 -0.00
2.00 21.00 4.00 6.00 13.78 23.08 23.08 0.00 0.00 0.00 0.00
2.00 22.00 4.00 6.00 12.52 21.04 21.03 0.00 0.00 0.00 0.00
2.00 23.00 4.00 6.00 11.70 19.36 19.36 0.00 0.00 0.00 -0.00
2.00 24.00 4.00 6.00 11.20 17.99 17.99 0.00 0.00 0.00 -0.00
2.00 1.00 5.00 6.00 10.61 16.70 16.70 0.00 0.00 0.00 -0.00
2.00 2.00 5.00 6.00 10.10 15.55 15.54 0.00 0.00 0.00 -0.00
2.00 3.00 5.00 6.00 9.59 14.47 14.47 0.00 0.00 0.00 -0.00
2.00 4.00 5.00 6.00 9.15 13.52 13.51 0.00 0.00 0.00 -0.00
2.00 5.00 5.00 6.00 8.87 12.71 12.71 0.00 0.00 0.00 0.00
2.00 6.00 5.00 6.00 8.46 11.91 11.91 0.00 0.00 0.00 -0.00
2.00 7.00 5.00 6.00 9.08 11.72 11.72 0.00 0.00 0.00 0.00
2.00 8.00 5.00 6.00 9.70 15.22 19.85 16227.33 2202.84 0.00 0.00
2.00 9.00 5.00 6.00 11.71 17.84 19.85 5556.60 7799.74 0.00 0.00
2.00 10.00 5.00 6.00 15.17 21.77 22.05 0.00 14345.24 0.00 0.00
2.00 11.00 5.00 6.00 18.79 26.68 24.85 -6898.81 24068.00 0.00 0.00
2.00 12.00 5.00 6.00 21.84 30.64 24.85 -20048.29 29427.21 0.00 -7746.61
2.00 13.00 5.00 6.00 24.09 33.37 24.85 -28168.83 30753.02 0.00 -3758.20
2.00 14.00 5.00 6.00 25.69 35.10 24.85 -32913.12 29422.03 0.00 -876.88
2.00 15.00 5.00 6.00 26.55 44.34 28.90 -50000.00 71976.16 0.00 -487.46
2.00 16.00 5.00 6.00 25.95 53.69 37.61 -50000.00 116442.70 0.00 0.00
2.00 17.00 5.00 6.00 24.59 58.68 42.29 -50000.00 138361.48 0.00 0.00
2.00 18.00 5.00 6.00 21.44 32.42 24.85 -18274.68 0.00 0.00 0.00
2.00 19.00 5.00 6.00 18.38 27.66 24.97 0.00 0.00 0.00 0.00
2.00 20.00 5.00 6.00 17.03 25.35 23.50 0.00 0.00 0.00 0.00
2.00 21.00 5.00 6.00 15.52 23.25 21.69 0.00 0.00 0.00 0.00
2.00 22.00 5.00 6.00 14.36 21.46 20.10 0.00 0.00 0.00 0.00
2.00 23.00 5.00 6.00 13.45 19.91 18.72 0.00 0.00 0.00 0.00
2.00 24.00 5.00 6.00 12.72 18.55 17.50 0.00 0.00 0.00 -0.00
2.00 1.00 6.00 6.00 12.06 17.33 16.41 0.00 0.00 0.00 -0.00
2.00 2.00 6.00 6.00 11.62 16.30 15.49 0.00 0.00 0.00 -0.00
2.00 3.00 6.00 6.00 11.18 15.36 14.64 0.00 0.00 0.00 -0.00
2.00 4.00 6.00 6.00 10.81 14.52 13.89 0.00 0.00 0.00 -0.00
2.00 5.00 6.00 6.00 10.43 13.74 13.18 0.00 0.00 0.00 -0.00
2.00 6.00 6.00 6.00 10.04 13.00 12.51 0.00 0.00 0.00 -0.00
2.00 7.00 6.00 6.00 9.58 12.27 11.84 0.00 0.00 0.00 -0.00
2.00 8.00 6.00 6.00 9.18 15.02 19.85 17835.68 2202.84 0.00 0.00
2.00 9.00 6.00 6.00 10.18 16.87 19.85 9597.25 7799.74 0.00 0.00
2.00 10.00 6.00 6.00 12.62 19.98 20.19 0.00 14345.24 0.00 0.00
2.00 11.00 6.00 6.00 15.40 24.16 24.18 0.00 24068.00 0.00 0.00
2.00 12.00 6.00 6.00 17.73 27.48 24.85 -9208.91 29427.21 0.00 0.00
2.00 13.00 6.00 6.00 19.62 29.80 24.85 -16495.70 30753.02 0.00 0.00
2.00 14.00 6.00 6.00 20.82 31.11 24.85 -20153.47 29422.03 0.00 0.00
2.00 15.00 6.00 6.00 21.25 39.92 24.93 -50000.00 71976.16 0.00 -3548.22
2.00 16.00 6.00 6.00 21.01 49.38 33.48 -50000.00 116442.70 0.00 0.00
2.00 17.00 6.00 6.00 20.09 54.59 38.36 -50000.00 138361.48 0.00 0.00
2.00 18.00 6.00 6.00 18.01 29.03 24.85 -6861.92 0.00 0.00 0.00
2.00 19.00 6.00 6.00 15.50 24.62 22.63 0.00 0.00 0.00 0.00
2.00 20.00 6.00 6.00 14.30 22.44 20.91 0.00 0.00 0.00 0.00
2.00 21.00 6.00 6.00 13.17 20.58 19.27 0.00 0.00 0.00 0.00
2.00 22.00 6.00 6.00 12.20 18.94 17.80 0.00 0.00 0.00 0.00
2.00 23.00 6.00 6.00 11.65 17.65 16.64 0.00 0.00 0.00 0.00
2.00 24.00 6.00 6.00 11.32 16.58 15.69 0.00 0.00 0.00 -0.00
2.00 1.00 7.00 6.00 10.93 15.59 14.81 0.00 0.00 0.00 -0.00
2.00 2.00 7.00 6.00 10.58 14.70 14.02 0.00 0.00 0.00 -0.00
2.00 3.00 7.00 6.00 10.23 13.88 13.28 0.00 0.00 0.00 -0.00
2.00 4.00 7.00 6.00 10.13 13.26 12.73 0.00 0.00 0.00 -0.00
2.00 5.00 7.00 6.00 10.10 12.76 12.29 0.00 0.00 0.00 -0.00
2.00 6.00 7.00 6.00 9.79 12.16 11.75 0.00 0.00 0.00 -0.00
2.00 7.00 7.00 6.00 9.80 11.77 11.40 0.00 0.00 0.00 -0.00
2.00 8.00 7.00 6.00 10.05 15.27 19.85 16847.67 2202.84 0.00 0.00
2.00 9.00 7.00 6.00 11.36 17.44 19.85 7555.31 7799.74 0.00 0.00
2.00 10.00 7.00 6.00 13.17 20.22 20.39 0.00 14345.24 0.00 0.00
2.00 11.00 7.00 6.00 16.54 24.84 24.85 -11.22 24068.00 0.00 0.00
2.00 12.00 7.00 6.00 19.14 28.42 24.85 -12507.50 29427.21 0.00 0.00
2.00 13.00 7.00 6.00 21.16 30.90 24.85 -20069.21 30753.02 0.00 0.00
2.00 14.00 7.00 6.00 22.13 32.12 24.85 -23273.79 29422.03 0.00 -912.00
2.00 15.00 7.00 6.00 22.16 40.69 25.57 -50000.00 71976.16 0.00 -4954.55
2.00 16.00 7.00 6.00 21.11 49.59 33.64 -50000.00 116442.70 0.00 0.00
2.00 17.00 7.00 6.00 20.37 54.89 38.61 -50000.00 138361.48 0.00 0.00
2.00 18.00 7.00 6.00 18.27 29.32 24.85 -7703.57 0.00 0.00 0.00
2.00 19.00 7.00 6.00 15.93 25.00 22.92 0.00 0.00 0.00 0.00
2.00 20.00 7.00 6.00 14.74 22.84 21.25 0.00 0.00 0.00 0.00
2.00 21.00 7.00 6.00 13.65 21.00 19.64 0.00 0.00 0.00 0.00
2.00 22.00 7.00 6.00 12.72 19.40 18.21 0.00 0.00 0.00 0.00
2.00 23.00 7.00 6.00 12.10 18.07 17.02 0.00 0.00 0.00 0.00
2.00 24.00 7.00 6.00 11.62 16.92 16.00 0.00 0.00 0.00 -0.00
2.00 1.00 1.00 6.00 11.20 15.91 15.10 0.00 0.00 0.00 -0.00
2.00 2.00 1.00 6.00 10.95 15.07 14.35 0.00 0.00 0.00 -0.00
2.00 3.00 1.00 6.00 10.90 14.41 13.78 0.00 0.00 0.00 -0.00
2.00 4.00 1.00 6.00 10.80 13.82 13.27 0.00 0.00 0.00 -0.00
2.00 5.00 1.00 6.00 10.52 13.19 12.70 0.00 0.00 0.00 -0.00
2.00 6.00 1.00 6.00 10.03 12.49 12.06 0.00 0.00 0.00 -0.00
2.00 7.00 1.00 6.00 9.88 11.99 11.61 0.00 0.00 0.00 -0.00
2.00 8.00 1.00 6.00 9.52 15.00 19.85 17801.27 2202.84 0.00 0.00
2.00 9.00 1.00 6.00 10.72 17.05 19.85 8880.46 7799.74 0.00 0.00
2.00 10.00 1.00 6.00 12.70 19.90 20.11 0.00 14345.24 0.00 0.00
2.00 11.00 1.00 6.00 15.64 24.21 24.24 0.00 24068.00 0.00 0.00
2.00 12.00 1.00 6.00 17.62 27.30 24.85 -8640.91 29427.21 0.00 0.00
2.00 13.00 1.00 6.00 19.40 29.55 24.85 -15717.76 30753.02 0.00 0.00
2.00 14.00 1.00 6.00 20.07 30.49 24.85 -18102.56 29422.03 0.00 0.00
2.00 15.00 1.00 6.00 19.96 38.90 24.85 -46938.11 71976.16 0.00 -5005.31
2.00 16.00 1.00 6.00 19.24 47.97 32.19 -50000.00 116442.70 0.00 0.00
2.00 17.00 1.00 6.00 18.82 53.47 37.29 -50000.00 138361.48 0.00 0.00
2.00 18.00 1.00 6.00 17.23 28.23 24.85 -4192.54 0.00 0.00 0.00
2.00 19.00 1.00 6.00 15.85 24.45 22.64 0.00 0.00 0.00 0.00
2.00 20.00 1.00 6.00 14.74 22.42 20.98 0.00 0.00 0.00 0.00
2.00 21.00 1.00 6.00 13.67 20.66 19.42 0.00 0.00 0.00 0.00
2.00 22.00 1.00 6.00 12.65 19.06 17.97 0.00 0.00 0.00 0.00
2.00 23.00 1.00 6.00 12.08 17.79 16.83 0.00 0.00 0.00 0.00
2.00 24.00 1.00 6.00 11.82 16.80 15.96 0.00 0.00 0.00 -0.00
2.00 1.00 2.00 6.00 11.99 16.15 15.41 0.00 0.00 0.00 -0.00
2.00 2.00 2.00 6.00 12.09 15.59 14.94 0.00 0.00 0.00 -0.00
2.00 3.00 2.00 6.00 12.09 15.06 14.49 0.00 0.00 0.00 -0.00
2.00 4.00 2.00 6.00 12.01 14.55 14.04 0.00 0.00 0.00 -0.00
2.00 5.00 2.00 6.00 11.64 13.94 13.49 0.00 0.00 0.00 -0.00
2.00 6.00 2.00 6.00 10.98 13.19 12.79 0.00 0.00 0.00 -0.00
2.00 7.00 2.00 6.00 10.74 12.66 12.31 0.00 0.00 0.00 -0.00
2.00 8.00 2.00 6.00 10.94 16.14 19.85 13749.53 2202.84 0.00 0.00
2.00 9.00 2.00 6.00 11.94 18.10 19.85 5511.29 7799.74 0.00 0.00
2.00 10.00 2.00 6.00 13.55 20.71 20.81 0.00 14345.24 0.00 0.00
2.00 11.00 2.00 6.00 16.50 25.02 24.85 -559.63 24068.00 0.00 0.00
2.00 12.00 2.00 6.00 18.69 28.27 24.85 -11880.41 29427.21 0.00 0.00
2.00 13.00 2.00 6.00 20.49 30.56 24.85 -18823.54 30753.02 0.00 0.00
2.00 14.00 2.00 6.00 21.39 31.67 24.85 -21749.98 29422.03 0.00 -1107.43
2.00 15.00 2.00 6.00 21.61 40.32 25.24 -50000.00 71976.16 0.00 -6737.62
2.00 16.00 2.00 6.00 21.26 49.69 33.75 -50000.00 116442.70 0.00 0.00
2.00 17.00 2.00 6.00 20.37 54.92 38.64 -50000.00 138361.48 0.00 0.00
2.00 18.00 2.00 6.00 17.84 29.03 24.85 -6729.53 0.00 0.00 0.00
2.00 19.00 2.00 6.00 15.50 24.74 22.71 0.00 0.00 0.00 0.00
2.00 20.00 2.00 6.00 14.49 22.65 21.09 0.00 0.00 0.00 0.00
2.00 21.00 2.00 6.00 13.49 20.87 19.52 0.00 0.00 0.00 0.00
2.00 22.00 2.00 6.00 12.60 19.29 18.11 0.00 0.00 0.00 0.00
2.00 23.00 2.00 6.00 12.23 18.09 17.06 0.00 0.00 0.00 0.00
2.00 24.00 2.00 6.00 11.85 17.02 16.12 0.00 0.00 0.00 -0.00
2.00 1.00 3.00 6.00 11.45 16.04 15.24 0.00 0.00 0.00 -0.00
2.00 2.00 3.00 6.00 11.08 15.15 14.44 0.00 0.00 0.00 -0.00
2.00 3.00 3.00 6.00 11.03 14.50 13.88 0.00 0.00 0.00 -0.00
2.00 4.00 3.00 6.00 10.97 13.93 13.39 0.00 0.00 0.00 -0.00
2.00 5.00 3.00 6.00 10.99 13.48 13.00 0.00 0.00 0.00 -0.00
2.00 6.00 3.00 6.00 10.54 12.83 12.40 0.00 0.00 0.00 -0.00
2.00 7.00 3.00 6.00 9.77 12.02 11.64 0.00 0.00 0.00 -0.00
2.00 8.00 3.00 6.00 9.44 18.46 18.13 0.00 2202.84 0.00 0.00
2.00 9.00 3.00 6.00 9.81 21.08 20.79 0.00 7799.74 0.00 0.00
2.00 10.00 3.00 6.00 11.11 24.19 23.93 0.00 14345.24 0.00 0.00
2.00 11.00 3.00 6.00 13.98 29.27 29.04 0.00 24068.00 0.00 0.00
2.00 12.00 3.00 6.00 16.11 33.21 33.01 0.00 29427.21 0.00 0.00
2.00 13.00 3.00 6.00 17.84 35.87 35.69 0.00 30753.02 0.00 0.00
2.00 14.00 3.00 6.00 19.24 37.48 37.32 0.00 29422.03 0.00 0.00
2.00 15.00 3.00 6.00 19.90 50.59 50.45 0.00 71976.16 0.00 0.00
2.00 16.00 3.00 6.00 19.86 65.71 65.59 0.00 116442.70 0.00 0.00
2.00 17.00 3.00 6.00 19.17 75.19 75.08 0.00 138361.48 0.00 0.00
2.00 18.00 3.00 6.00 16.80 39.08 38.98 0.00 0.00 0.00 -0.00
2.00 19.00 3.00 6.00 14.39 27.04 26.95 0.00 0.00 0.00 -0.00
2.00 20.00 3.00 6.00 13.15 23.60 23.52 0.00 0.00 0.00 -0.00
2.00 21.00 3.00 6.00 12.07 21.38 21.31 0.00 0.00 0.00 -0.00
2.00 22.00 3.00 6.00 11.17 19.53 19.47 0.00 0.00 0.00 -0.00
2.00 23.00 3.00 6.00 10.71 18.09 18.03 0.00 0.00 0.00 -0.00
2.00 24.00 3.00 6.00 10.39 16.87 16.82 0.00 0.00 0.00 -0.00
2.00 1.00 4.00 6.00 10.20 15.84 15.80 0.00 0.00 0.00 -0.00
2.00 2.00 4.00 6.00 10.10 14.98 14.94 0.00 0.00 0.00 -0.00
2.00 3.00 4.00 6.00 10.08 14.26 14.23 0.00 0.00 0.00 -0.00
2.00 4.00 4.00 6.00 9.90 13.55 13.52 0.00 0.00 0.00 -0.00
2.00 5.00 4.00 6.00 9.93 13.02 12.99 0.00 0.00 0.00 -0.00
2.00 6.00 4.00 6.00 9.97 12.57 12.55 0.00 0.00 0.00 -0.00
2.00 7.00 4.00 6.00 9.78 12.06 12.04 0.00 0.00 0.00 -0.00
2.00 8.00 4.00 6.00 10.03 18.84 18.82 0.00 2202.84 0.00 0.00
2.00 9.00 4.00 6.00 11.07 21.88 21.86 0.00 7799.74 0.00 0.00
2.00 10.00 4.00 6.00 13.05 25.45 25.44 0.00 14345.24 0.00 0.00
2.00 11.00 4.00 6.00 15.94 30.65 30.64 0.00 24068.00 0.00 0.00
2.00 12.00 4.00 6.00 17.90 34.58 34.57 0.00 29427.21 0.00 0.00
2.00 13.00 4.00 6.00 19.35 37.14 37.13 0.00 30753.02 0.00 0.00
2.00 14.00 4.00 6.00 20.01 38.37 38.36 0.00 29422.03 0.00 0.00
2.00 15.00 4.00 6.00 20.08 51.12 51.11 0.00 71976.16 0.00 0.00
2.00 16.00 4.00 6.00 18.83 65.51 65.51 0.00 116442.70 0.00 0.00
2.00 17.00 4.00 6.00 17.69 74.61 74.60 0.00 138361.48 0.00 0.00
2.00 18.00 4.00 6.00 15.68 38.55 38.55 0.00 0.00 0.00 -0.00
2.00 19.00 4.00 6.00 14.13 26.92 26.91 0.00 0.00 0.00 -0.00
2.00 20.00 4.00 6.00 13.07 23.58 23.58 0.00 0.00 0.00 -0.00
2.00 21.00 4.00 6.00 12.21 21.49 21.48 0.00 0.00 0.00 -0.00
2.00 22.00 4.00 6.00 12.19 20.14 20.13 0.00 0.00 0.00 0.00
2.00 23.00 4.00 6.00 13.10 19.52 19.52 0.00 0.00 0.00 -0.00
2.00 24.00 4.00 6.00 13.80 19.03 19.02 0.00 0.00 0.00 0.00
2.00 1.00 5.00 6.00 10.91 16.73 16.72 0.00 0.00 0.00 0.00
2.00 2.00 5.00 6.00 10.55 15.62 15.62 0.00 0.00 0.00 0.00
2.00 3.00 5.00 6.00 10.27 14.72 14.72 0.00 0.00 0.00 0.00
2.00 4.00 5.00 6.00 9.96 13.89 13.89 0.00 0.00 0.00 0.00
2.00 5.00 5.00 6.00 9.07 12.82 12.82 0.00 0.00 0.00 0.00
2.00 6.00 5.00 6.00 8.53 11.93 11.93 0.00 0.00 0.00 0.00
2.00 7.00 5.00 6.00 7.58 10.88 10.88 0.00 0.00 0.00 0.00
2.00 8.00 5.00 6.00 6.47 12.88 19.85 24409.09 2202.84 0.00 0.00
2.00 9.00 5.00 6.00 7.18 14.42 19.85 16780.65 7799.74 0.00 0.00
2.00 10.00 5.00 6.00 9.91 17.65 19.85 5470.87 14345.24 0.00 0.00
2.00 11.00 5.00 6.00 12.89 21.93 22.35 0.00 24068.00 0.00 0.00
2.00 12.00 5.00 6.00 15.30 25.26 24.85 -2386.24 29427.21 0.00 0.00
2.00 13.00 5.00 6.00 16.63 27.18 24.85 -8705.91 30753.02 0.00 0.00
2.00 14.00 5.00 6.00 18.34 28.78 24.85 -13565.60 29422.03 0.00 0.00
2.00 15.00 5.00 6.00 19.72 38.24 24.85 -45943.01 71976.16 0.00 -4006.76
2.00 16.00 5.00 6.00 19.65 47.86 32.36 -50000.00 116442.70 0.00 0.00
2.00 17.00 5.00 6.00 19.07 53.35 37.38 -50000.00 138361.48 0.00 0.00
2.00 18.00 5.00 6.00 17.99 28.52 24.85 -5864.09 0.00 0.00 0.00
2.00 19.00 5.00 6.00 16.44 24.56 22.90 0.00 0.00 0.00 0.00
2.00 20.00 5.00 6.00 15.07 22.43 21.18 0.00 0.00 0.00 0.00
2.00 21.00 5.00 6.00 14.32 20.87 19.81 0.00 0.00 0.00 0.00
2.00 22.00 5.00 6.00 13.62 19.51 18.58 0.00 0.00 0.00 0.00
2.00 23.00 5.00 6.00 12.93 18.25 17.43 0.00 0.00 0.00 0.00
2.00 24.00 5.00 6.00 12.54 17.24 16.52 0.00 0.00 0.00 -0.00
2.00 1.00 6.00 6.00 12.22 16.36 15.73 0.00 0.00 0.00 -0.00
2.00 2.00 6.00 6.00 11.85 15.53 14.97 0.00 0.00 0.00 -0.00
2.00 3.00 6.00 6.00 11.62 14.83 14.34 0.00 0.00 0.00 -0.00
2.00 4.00 6.00 6.00 11.54 14.28 13.85 0.00 0.00 0.00 -0.00
2.00 5.00 6.00 6.00 11.54 13.84 13.46 0.00 0.00 0.00 -0.00
2.00 6.00 6.00 6.00 11.27 13.31 12.97 0.00 0.00 0.00 -0.00
2.00 7.00 6.00 6.00 11.13 12.88 12.59 0.00 0.00 0.00 -0.00
2.00 8.00 6.00 6.00 10.63 15.94 19.85 14330.43 2202.84 0.00 0.00
2.00 9.00 6.00 6.00 10.82 17.31 19.85 8111.42 7799.74 0.00 0.00
2.00 10.00 6.00 6.00 11.91 19.49 19.85 572.13 14345.24 0.00 -54.92
2.00 11.00 6.00 6.00 14.98 23.81 23.86 0.00 24068.00 0.00 0.00
2.00 12.00 6.00 6.00 17.95 27.56 24.85 -9571.04 29427.21 0.00 0.00
2.00 13.00 6.00 6.00 19.49 29.68 24.85 -16102.06 30753.02 0.00 0.00
2.00 14.00 6.00 6.00 20.21 30.65 24.85 -18606.16 29422.03 0.00 0.00
2.00 15.00 6.00 6.00 20.44 39.28 24.85 -48230.35 71976.16 0.00 -6308.76
2.00 16.00 6.00 6.00 20.25 48.74 32.92 -50000.00 116442.70 0.00 0.00
2.00 17.00 6.00 6.00 19.20 53.85 37.66 -50000.00 138361.48 0.00 0.00
2.00 18.00 6.00 6.00 17.27 28.37 24.85 -4626.04 0.00 0.00 0.00
2.00 19.00 6.00 6.00 14.83 24.01 22.16 0.00 0.00 0.00 0.00
2.00 20.00 6.00 6.00 12.99 21.48 20.02 0.00 0.00 0.00 0.00
2.00 21.00 6.00 6.00 12.02 19.64 18.39 0.00 0.00 0.00 0.00
2.00 22.00 6.00 6.00 11.01 17.96 16.86 0.00 0.00 0.00 0.00
2.00 23.00 6.00 6.00 10.33 16.56 15.60 0.00 0.00 0.00 0.00
2.00 24.00 6.00 6.00 9.85 15.38 14.53 0.00 0.00 0.00 0.00
2.00 1.00 7.00 6.00 9.25 14.24 13.49 0.00 0.00 0.00 -0.00
2.00 2.00 7.00 6.00 8.64 13.16 12.50 0.00 0.00 0.00 -0.00
2.00 3.00 7.00 6.00 8.19 12.23 11.65 0.00 0.00 0.00 -0.00
2.00 4.00 7.00 6.00 7.76 11.37 10.86 0.00 0.00 0.00 -0.00
2.00 5.00 7.00 6.00 7.28 10.55 10.10 0.00 0.00 0.00 -0.00
2.00 6.00 7.00 6.00 6.70 9.72 9.32 0.00 0.00 0.00 -0.00
2.00 7.00 7.00 6.00 6.26 8.98 8.63 0.00 0.00 0.00 -0.00
2.00 8.00 7.00 6.00 5.81 11.69 19.85 29356.37 2202.84 219.68 0.00
2.00 9.00 7.00 6.00 7.75 14.17 19.85 17837.42 7799.74 0.00 0.00
2.00 10.00 7.00 6.00 11.23 18.07 19.85 4309.45 14345.24 0.00 0.00
2.00 11.00 7.00 6.00 15.29 23.24 23.54 0.00 24068.00 0.00 0.00
2.00 12.00 7.00 6.00 19.48 28.00 24.85 -11616.15 29427.21 0.00 0.00
2.00 13.00 7.00 6.00 22.18 31.11 24.85 -21352.38 30753.02 0.00 0.00
2.00 14.00 7.00 6.00 23.98 33.04 24.85 -26801.36 29422.03 0.00 0.00
2.00 15.00 7.00 6.00 24.87 42.35 27.24 -50000.00 71976.16 0.00 -3392.05
2.00 16.00 7.00 6.00 24.07 51.61 35.71 -50000.00 116442.70 0.00 0.00
2.00 17.00 7.00 6.00 22.35 56.37 40.14 -50000.00 138361.48 0.00 0.00
2.00 18.00 7.00 6.00 19.69 30.45 24.85 -11842.77 0.00 0.00 0.00
2.00 19.00 7.00 6.00 17.05 25.88 23.66 0.00 0.00 0.00 0.00
2.00 20.00 7.00 6.00 15.02 23.26 21.67 0.00 0.00 0.00 0.00
2.00 21.00 7.00 6.00 13.82 21.32 19.97 0.00 0.00 0.00 0.00
2.00 22.00 7.00 6.00 12.85 19.67 18.48 0.00 0.00 0.00 0.00
2.00 23.00 7.00 6.00 11.96 18.16 17.13 0.00 0.00 0.00 0.00
2.00 24.00 7.00 6.00 11.38 16.93 16.01 0.00 0.00 0.00 0.00
2.00 1.00 1.00 6.00 10.76 15.76 14.96 0.00 0.00 0.00 0.00
2.00 2.00 1.00 6.00 9.94 14.56 13.85 0.00 0.00 0.00 -0.00
2.00 3.00 1.00 6.00 9.15 13.42 12.80 0.00 0.00 0.00 -0.00
2.00 4.00 1.00 6.00 8.51 12.41 11.86 0.00 0.00 0.00 -0.00
2.00 5.00 1.00 6.00 7.88 11.46 10.98 0.00 0.00 0.00 -0.00
2.00 6.00 1.00 6.00 7.27 10.56 10.13 0.00 0.00 0.00 -0.00
2.00 7.00 1.00 6.00 6.72 9.73 9.35 0.00 0.00 0.00 -0.00
2.00 8.00 1.00 6.00 6.15 12.23 19.85 27493.34 2202.84 1195.50 0.00
2.00 9.00 1.00 6.00 7.61 14.35 19.85 17430.04 7799.74 0.00 0.00
2.00 10.00 1.00 6.00 10.96 18.10 19.85 4351.61 14345.24 0.00 0.00
2.00 11.00 1.00 6.00 14.26 22.70 22.97 0.00 24068.00 0.00 0.00
2.00 12.00 1.00 6.00 17.44 26.66 24.85 -6872.88 29427.21 0.00 0.00
2.00 13.00 1.00 6.00 19.58 29.26 24.85 -15239.79 30753.02 0.00 0.00
2.00 14.00 1.00 6.00 20.95 30.77 24.85 -19493.09 29422.03 0.00 0.00
2.00 15.00 1.00 6.00 21.54 39.76 24.90 -50000.00 71976.16 0.00 -1233.49
2.00 16.00 1.00 6.00 21.99 49.76 33.97 -50000.00 116442.70 0.00 0.00
2.00 17.00 1.00 6.00 20.86 54.94 38.79 -50000.00 138361.48 0.00 0.00
2.00 18.00 1.00 6.00 18.10 28.96 24.85 -6870.49 0.00 0.00 0.00
2.00 19.00 1.00 6.00 15.98 24.69 22.80 0.00 0.00 0.00 0.00
2.00 20.00 1.00 6.00 14.66 22.50 21.06 0.00 0.00 0.00 0.00
2.00 21.00 1.00 6.00 13.72 20.78 19.55 0.00 0.00 0.00 0.00
2.00 22.00 1.00 6.00 13.14 19.40 18.33 0.00 0.00 0.00 0.00
2.00 23.00 1.00 6.00 12.78 18.28 17.34 0.00 0.00 0.00 0.00
2.00 24.00 1.00 6.00 12.38 17.25 16.42 0.00 0.00 0.00 -0.00
2.00 1.00 2.00 6.00 12.08 16.35 15.62 0.00 0.00 0.00 -0.00
2.00 2.00 2.00 6.00 11.80 15.55 14.91 0.00 0.00 0.00 -0.00
2.00 3.00 2.00 6.00 11.57 14.85 14.28 0.00 0.00 0.00 -0.00
2.00 4.00 2.00 6.00 11.26 14.17 13.67 0.00 0.00 0.00 -0.00
2.00 5.00 2.00 6.00 10.83 13.47 13.02 0.00 0.00 0.00 -0.00
2.00 6.00 2.00 6.00 10.36 12.77 12.38 0.00 0.00 0.00 -0.00
2.00 7.00 2.00 6.00 9.73 12.02 11.67 0.00 0.00 0.00 -0.00
2.00 8.00 2.00 6.00 9.09 14.76 19.85 18581.36 2202.84 0.00 0.00
2.00 9.00 2.00 6.00 9.28 16.06 19.85 12193.29 7799.74 0.00 0.00
2.00 10.00 2.00 6.00 10.42 18.24 19.85 4549.46 14345.24 0.00 0.00
2.00 11.00 2.00 6.00 12.70 21.97 22.17 0.00 24068.00 0.00 0.00
2.00 12.00 2.00 6.00 15.33 25.41 24.85 -2247.68 29427.21 0.00 0.00
2.00 13.00 2.00 6.00 17.69 28.01 24.85 -11113.73 30753.02 0.00 0.00
2.00 14.00 2.00 6.00 18.04 28.72 24.85 -12686.03 29422.03 0.00 0.00
2.00 15.00 2.00 6.00 18.03 37.15 24.85 -41747.18 71976.16 0.00 -1962.50
2.00 16.00 2.00 6.00 17.62 46.41 30.91 -50000.00 116442.70 0.00 0.00
2.00 17.00 2.00 6.00 16.74 51.59 35.57 -50000.00 138361.48 0.00 0.00
2.00 18.00 2.00 6.00 15.37 26.47 24.42 0.00 0.00 0.00 0.00
2.00 19.00 2.00 6.00 14.36 22.93 21.47 0.00 0.00 0.00 0.00
2.00 20.00 2.00 6.00 13.56 21.09 19.86 0.00 0.00 0.00 0.00
2.00 21.00 2.00 6.00 13.04 19.66 18.59 0.00 0.00 0.00 0.00
2.00 22.00 2.00 6.00 12.59 18.44 17.50 0.00 0.00 0.00 0.00
2.00 23.00 2.00 6.00 11.99 17.25 16.42 0.00 0.00 0.00 0.00
2.00 24.00 2.00 6.00 11.63 16.26 15.54 0.00 0.00 0.00 0.00
2.00 1.00 3.00 6.00 11.30 15.38 14.74 0.00 0.00 0.00 -0.00
2.00 2.00 3.00 6.00 10.91 14.55 13.98 0.00 0.00 0.00 -0.00
2.00 3.00 3.00 6.00 10.64 13.83 13.34 0.00 0.00 0.00 -0.00
2.00 4.00 3.00 6.00 10.53 13.27 12.83 0.00 0.00 0.00 -0.00
2.00 5.00 3.00 6.00 10.39 12.75 12.37 0.00 0.00 0.00 -0.00
2.00 6.00 3.00 6.00 10.08 12.19 11.85 0.00 0.00 0.00 -0.00
2.00 7.00 3.00 6.00 10.31 11.95 11.65 0.00 0.00 0.00 -0.00
2.00 8.00 3.00 6.00 9.86 18.44 18.17 0.00 2202.84 0.00 0.00
2.00 9.00 3.00 6.00 9.89 20.93 20.69 0.00 7799.74 0.00 0.00
2.00 10.00 3.00 6.00 10.76 23.82 23.62 0.00 14345.24 0.00 0.00
2.00 11.00 3.00 6.00 13.11 28.60 28.42 0.00 24068.00 0.00 0.00
2.00 12.00 3.00 6.00 15.45 32.61 32.45 0.00 29427.21 0.00 0.00
2.00 13.00 3.00 6.00 17.68 35.54 35.40 0.00 30753.02 0.00 0.00
2.00 14.00 3.00 6.00 19.40 37.36 37.24 0.00 29422.03 0.00 0.00
2.00 15.00 3.00 6.00 20.75 50.89 50.78 0.00 71976.16 0.00 0.00
2.00 16.00 3.00 6.00 21.78 66.69 66.59 0.00 116442.70 0.00 0.00
2.00 17.00 3.00 6.00 21.27 76.43 76.34 0.00 138361.48 0.00 0.00
2.00 18.00 3.00 6.00 19.23 40.62 40.54 0.00 0.00 0.00 -0.00
2.00 19.00 3.00 6.00 17.05 28.83 28.76 0.00 0.00 0.00 -0.00
2.00 20.00 3.00 6.00 15.48 25.33 25.26 0.00 0.00 0.00 -0.00
2.00 21.00 3.00 6.00 13.88 22.89 22.83 0.00 0.00 0.00 0.00
2.00 22.00 3.00 6.00 12.41 20.75 20.71 0.00 0.00 0.00 0.00
2.00 23.00 3.00 6.00 11.54 19.07 19.02 0.00 0.00 0.00 -0.00
2.00 24.00 3.00 6.00 10.86 17.61 17.57 0.00 0.00 0.00 -0.00
2.00 1.00 4.00 6.00 10.27 16.31 16.28 0.00 0.00 0.00 0.00
2.00 2.00 4.00 6.00 10.08 15.33 15.30 0.00 0.00 0.00 0.00
2.00 3.00 4.00 6.00 9.96 14.51 14.48 0.00 0.00 0.00 -0.00
2.00 4.00 4.00 6.00 9.91 13.82 13.79 0.00 0.00 0.00 -0.00
2.00 5.00 4.00 6.00 9.46 12.99 12.97 0.00 0.00 0.00 -0.00
2.00 6.00 4.00 6.00 9.07 12.24 12.22 0.00 0.00 0.00 -0.00
2.00 7.00 4.00 6.00 8.52 11.44 11.42 0.00 0.00 0.00 -0.00
2.00 8.00 4.00 6.00 7.68 17.53 17.51 0.00 2202.84 0.00 0.00
2.00 9.00 4.00 6.00 9.37 20.76 20.75 0.00 7799.74 0.00 0.00
2.00 10.00 4.00 6.00 12.15 24.70 24.69 0.00 14345.24 0.00 0.00
2.00 11.00 4.00 6.00 15.66 30.25 30.24 0.00 24068.00 0.00 0.00
2.00 12.00 4.00 6.00 18.93 34.94 34.93 0.00 29427.21 0.00 0.00
2.00 13.00 4.00 6.00 22.18 38.61 38.61 0.00 30753.02 0.00 0.00
2.00 14.00 4.00 6.00 23.85 40.63 40.63 0.00 29422.03 0.00 0.00
2.00 15.00 4.00 6.00 24.82 54.12 54.11 0.00 71976.16 0.00 0.00
2.00 16.00 4.00 6.00 23.80 68.90 68.89 0.00 116442.70 0.00 0.00
2.00 17.00 4.00 6.00 22.86 78.31 78.31 0.00 138361.48 0.00 0.00
2.00 18.00 4.00 6.00 20.43 42.23 42.22 0.00 0.00 0.00 -0.00
2.00 19.00 4.00 6.00 18.22 30.36 30.36 0.00 0.00 0.00 -0.00
2.00 20.00 4.00 6.00 16.71 26.84 26.84 0.00 0.00 0.00 -0.00
2.00 21.00 4.00 6.00 15.34 24.49 24.48 0.00 0.00 0.00 0.00
2.00 22.00 4.00 6.00 14.34 22.60 22.60 0.00 0.00 0.00 0.00
2.00 23.00 4.00 6.00 13.45 20.92 20.92 0.00 0.00 0.00 0.00
2.00 24.00 4.00 6.00 12.89 19.54 19.54 0.00 0.00 0.00 0.00
2.00 1.00 5.00 6.00 12.54 18.40 18.40 0.00 0.00 0.00 -0.00
2.00 2.00 5.00 6.00 12.02 17.27 17.27 0.00 0.00 0.00 -0.00
2.00 3.00 5.00 6.00 11.42 16.17 16.17 0.00 0.00 0.00 -0.00
2.00 4.00 5.00 6.00 10.83 15.15 15.15 0.00 0.00 0.00 -0.00
2.00 5.00 5.00 6.00 10.36 14.24 14.24 0.00 0.00 0.00 -0.00
2.00 6.00 5.00 6.00 9.99 13.45 13.45 0.00 0.00 0.00 -0.00
2.00 7.00 5.00 6.00 9.40 12.59 12.59 0.00 0.00 0.00 -0.00
2.00 8.00 5.00 6.00 8.55 14.83 19.85 17588.05 2202.84 0.00 0.00
2.00 9.00 5.00 6.00 9.70 16.70 19.85 9430.63 7799.74 0.00 0.00
2.00 10.00 5.00 6.00 12.28 19.87 20.26 0.00 14345.24 0.00 0.00
2.00 11.00 5.00 6.00 15.45 24.30 24.48 0.00 24068.00 0.00 0.00
2.00 12.00 5.00 6.00 18.25 27.94 24.85 -11333.64 29427.21 0.00 0.00
2.00 13.00 5.00 6.00 20.59 30.60 24.85 -19532.31 30753.02 0.00 0.00
2.00 14.00 5.00 6.00 22.18 32.22 24.85 -24074.11 29422.03 0.00 0.00
2.00 15.00 5.00 6.00 22.84 41.23 26.20 -50000.00 71976.16 0.00 -2944.09
2.00 16.00 5.00 6.00 23.23 51.18 35.31 -50000.00 116442.70 0.00 0.00
2.00 17.00 5.00 6.00 21.88 56.17 39.97 -50000.00 138361.48 0.00 0.00
2.00 18.00 5.00 6.00 19.52 30.44 24.85 -11865.42 0.00 0.00 0.00
2.00 19.00 5.00 6.00 17.22 26.11 23.91 0.00 0.00 0.00 0.00
2.00 20.00 5.00 6.00 15.75 23.81 22.23 0.00 0.00 0.00 0.00
2.00 21.00 5.00 6.00 14.27 21.76 20.43 0.00 0.00 0.00 0.00
2.00 22.00 5.00 6.00 13.29 20.10 18.93 0.00 0.00 0.00 0.00
2.00 23.00 5.00 6.00 12.64 18.73 17.71 0.00 0.00 0.00 0.00
2.00 24.00 5.00 6.00 12.15 17.57 16.67 0.00 0.00 0.00 0.00
2.00 1.00 6.00 6.00 11.65 16.49 15.70 0.00 0.00 0.00 -0.00
2.00 2.00 6.00 6.00 11.20 15.52 14.82 0.00 0.00 0.00 -0.00
2.00 3.00 6.00 6.00 10.85 14.68 14.06 0.00 0.00 0.00 -0.00
2.00 4.00 6.00 6.00 10.45 13.87 13.33 0.00 0.00 0.00 -0.00
2.00 5.00 6.00 6.00 9.99 13.08 12.60 0.00 0.00 0.00 -0.00
2.00 6.00 6.00 6.00 9.62 12.38 11.96 0.00 0.00 0.00 -0.00
2.00 7.00 6.00 6.00 9.06 11.62 11.25 0.00 0.00 0.00 -0.00
2.00 8.00 6.00 6.00 8.53 14.33 19.85 20131.83 2202.84 0.00 0.00
2.00 9.00 6.00 6.00 9.71 16.31 19.85 11251.44 7799.74 0.00 0.00
2.00 10.00 6.00 6.00 12.54 19.71 20.00 0.00 14345.24 0.00 0.00
2.00 11.00 6.00 6.00 15.79 24.25 24.32 0.00 24068.00 0.00 0.00
2.00 12.00 6.00 6.00 18.94 28.19 24.85 -11842.95 29427.21 0.00 0.00
2.00 13.00 6.00 6.00 21.70 31.21 24.85 -21312.24 30753.02 0.00 0.00
2.00 14.00 6.00 6.00 23.73 33.21 24.85 -27105.39 29422.03 0.00 0.00
2.00 15.00 6.00 6.00 24.33 42.27 27.07 -50000.00 71976.16 0.00 -3160.84
2.00 16.00 6.00 6.00 25.02 52.49 36.52 -50000.00 116442.70 0.00 0.00
2.00 17.00 6.00 6.00 23.66 57.55 41.26 -50000.00 138361.48 0.00 0.00
2.00 18.00 6.00 6.00 20.55 31.35 24.85 -14790.22 0.00 0.00 0.00
2.00 19.00 6.00 6.00 17.83 26.73 24.30 0.00 0.00 0.00 0.00
2.00 20.00 6.00 6.00 15.95 24.19 22.48 0.00 0.00 0.00 0.00
2.00 21.00 6.00 6.00 14.81 22.28 20.84 0.00 0.00 0.00 0.00
2.00 22.00 6.00 6.00 14.05 20.75 19.50 0.00 0.00 0.00 0.00
2.00 23.00 6.00 6.00 13.39 19.40 18.30 0.00 0.00 0.00 0.00
2.00 24.00 6.00 6.00 13.02 18.30 17.33 0.00 0.00 0.00 0.00
2.00 1.00 7.00 6.00 12.60 17.30 16.44 0.00 0.00 0.00 0.00
2.00 2.00 7.00 6.00 12.03 16.28 15.52 0.00 0.00 0.00 0.00
2.00 3.00 7.00 6.00 11.30 15.23 14.56 0.00 0.00 0.00 0.00
2.00 4.00 7.00 6.00 10.55 14.21 13.62 0.00 0.00 0.00 -0.00
2.00 5.00 7.00 6.00 9.89 13.26 12.75 0.00 0.00 0.00 -0.00
2.00 6.00 7.00 6.00 9.33 12.42 11.96 0.00 0.00 0.00 -0.00
2.00 7.00 7.00 6.00 8.88 11.67 11.27 0.00 0.00 0.00 -0.00
2.00 8.00 7.00 6.00 8.34 14.29 19.85 20358.39 2202.84 0.00 0.00
2.00 9.00 7.00 6.00 9.18 15.99 19.85 12372.53 7799.74 0.00 0.00
2.00 10.00 7.00 6.00 12.36 19.60 19.91 0.00 14345.24 0.00 0.00
2.00 11.00 7.00 6.00 15.78 24.26 24.33 0.00 24068.00 0.00 0.00
2.00 12.00 7.00 6.00 18.83 28.13 24.85 -11629.77 29427.21 0.00 0.00
2.00 13.00 7.00 6.00 20.98 30.72 24.85 -19599.04 30753.02 0.00 0.00
2.00 14.00 7.00 6.00 22.44 32.28 24.85 -23998.66 29422.03 0.00 0.00
2.00 15.00 7.00 6.00 23.15 41.36 26.25 -50000.00 71976.16 0.00 -4587.72
2.00 16.00 7.00 6.00 22.86 50.85 34.92 -50000.00 116442.70 0.00 0.00
2.00 17.00 7.00 6.00 21.69 55.95 39.68 -50000.00 138361.48 0.00 0.00
2.00 18.00 7.00 6.00 19.12 30.07 24.85 -10399.68 0.00 0.00 0.00
2.00 19.00 7.00 6.00 16.72 25.68 23.49 0.00 0.00 0.00 0.00
2.00 20.00 7.00 6.00 15.00 23.24 21.63 0.00 0.00 0.00 0.00
2.00 21.00 7.00 6.00 13.80 21.31 19.94 0.00 0.00 0.00 0.00
2.00 22.00 7.00 6.00 12.86 19.67 18.48 0.00 0.00 0.00 0.00
2.00 23.00 7.00 6.00 12.26 18.34 17.28 0.00 0.00 0.00 0.00
2.00 24.00 7.00 6.00 11.85 17.21 16.29 0.00 0.00 0.00 -0.00
2.00 1.00 1.00 6.00 11.45 16.20 15.39 0.00 0.00 0.00 -0.00
2.00 2.00 1.00 6.00 11.11 15.31 14.59 0.00 0.00 0.00 -0.00
2.00 3.00 1.00 6.00 10.90 14.55 13.92 0.00 0.00 0.00 -0.00
2.00 4.00 1.00 6.00 10.54 13.80 13.24 0.00 0.00 0.00 -0.00
2.00 5.00 1.00 6.00 10.14 13.07 12.57 0.00 0.00 0.00 -0.00
2.00 6.00 1.00 6.00 9.78 12.39 11.96 0.00 0.00 0.00 -0.00
2.00 7.00 1.00 6.00 9.41 11.76 11.38 0.00 0.00 0.00 -0.00
2.00 8.00 1.00 6.00 8.78 14.49 19.85 19607.34 2202.84 0.00 0.00
2.00 9.00 1.00 6.00 9.53 16.18 19.85 11770.24 7799.74 0.00 0.00
2.00 10.00 1.00 6.00 11.47 18.94 19.85 2148.17 14345.24 0.00 0.00
2.00 11.00 1.00 6.00 14.21 23.07 23.19 0.00 24068.00 0.00 0.00
2.00 12.00 1.00 6.00 16.71 26.49 24.85 -5928.91 29427.21 0.00 0.00
2.00 13.00 1.00 6.00 18.21 28.54 24.85 -12521.28 30753.02 0.00 0.00
2.00 14.00 1.00 6.00 19.28 29.73 24.85 -15895.14 29422.03 0.00 0.00
2.00 15.00 1.00 6.00 19.65 38.47 24.85 -45869.53 71976.16 0.00 -318.30
2.00 16.00 1.00 6.00 19.53 47.99 32.31 -50000.00 116442.70 0.00 0.00
2.00 17.00 1.00 6.00 18.74 53.28 37.17 -50000.00 138361.48 0.00 0.00
2.00 18.00 1.00 6.00 16.64 27.70 24.85 -2548.63 0.00 0.00 0.00
2.00 19.00 1.00 6.00 14.07 23.27 21.60 0.00 0.00 0.00 0.00
2.00 20.00 1.00 6.00 12.48 20.86 19.51 0.00 0.00 0.00 0.00
2.00 21.00 1.00 6.00 11.19 18.87 17.71 0.00 0.00 0.00 0.00
2.00 22.00 1.00 6.00 10.10 17.13 16.11 0.00 0.00 0.00 0.00
2.00 23.00 1.00 6.00 9.62 15.83 14.93 0.00 0.00 0.00 0.00
2.00 24.00 1.00 6.00 9.29 14.74 13.95 0.00 0.00 0.00 -0.00
2.00 1.00 2.00 6.00 9.01 13.78 13.09 0.00 0.00 0.00 -0.00
2.00 2.00 2.00 6.00 8.68 12.90 12.29 0.00 0.00 0.00 -0.00
2.00 3.00 2.00 6.00 8.27 12.04 11.50 0.00 0.00 0.00 -0.00
2.00 4.00 2.00 6.00 7.84 11.22 10.75 0.00 0.00 0.00 -0.00
2.00 5.00 2.00 6.00 7.50 10.50 10.08 0.00 0.00 0.00 -0.00
2.00 6.00 2.00 6.00 7.31 9.92 9.55 0.00 0.00 0.00 -0.00
2.00 7.00 2.00 6.00 6.95 9.30 8.97 0.00 0.00 0.00 -0.00
2.00 8.00 2.00 6.00 6.43 12.10 19.85 27855.78 2202.84 2578.23 0.00
2.00 9.00 2.00 6.00 7.60 14.09 19.85 18220.14 7799.74 1501.80 0.00
2.00 10.00 2.00 6.00 10.52 17.57 19.85 6042.42 14345.24 0.00 0.00
2.00 11.00 2.00 6.00 13.75 22.12 22.47 0.00 24068.00 0.00 0.00
2.00 12.00 2.00 6.00 16.91 26.08 24.85 -4966.00 29427.21 0.00 0.00
2.00 13.00 2.00 6.00 18.99 28.64 24.85 -13360.09 30753.02 0.00 0.00
2.00 14.00 2.00 6.00 20.72 30.40 24.85 -18528.38 29422.03 0.00 0.00
2.00 15.00 2.00 6.00 21.73 39.71 24.93 -50000.00 71976.16 0.00 -836.46
2.00 16.00 2.00 6.00 21.33 49.17 33.43 -50000.00 116442.70 0.00 0.00
2.00 17.00 2.00 6.00 20.03 54.20 38.09 -50000.00 138361.48 0.00 0.00
2.00 18.00 2.00 6.00 17.09 28.07 24.85 -3877.89 0.00 0.00 0.00
2.00 19.00 2.00 6.00 14.59 23.62 21.91 0.00 0.00 0.00 0.00
2.00 20.00 2.00 6.00 12.66 21.05 19.70 0.00 0.00 0.00 0.00
2.00 21.00 2.00 6.00 11.33 19.02 17.86 0.00 0.00 0.00 0.00
2.00 22.00 2.00 6.00 10.36 17.34 16.32 0.00 0.00 0.00 0.00
2.00 23.00 2.00 6.00 9.48 15.82 14.93 0.00 0.00 0.00 0.00
2.00 24.00 2.00 6.00 8.83 14.53 13.74 0.00 0.00 0.00 0.00
2.00 1.00 3.00 6.00 8.34 13.42 12.73 0.00 0.00 0.00 -0.00
2.00 2.00 3.00 6.00 7.97 12.46 11.85 0.00 0.00 0.00 -0.00
2.00 3.00 3.00 6.00 7.63 11.59 11.06 0.00 0.00 0.00 -0.00
2.00 4.00 3.00 6.00 7.20 10.75 10.28 0.00 0.00 0.00 -0.00
2.00 5.00 3.00 6.00 6.76 9.96 9.55 0.00 0.00 0.00 -0.00
2.00 6.00 3.00 6.00 6.43 9.27 8.90 0.00 0.00 0.00 -0.00
2.00 7.00 3.00 6.00 5.97 8.56 8.24 0.00 0.00 0.00 -0.00
2.00 8.00 3.00 6.00 5.26 14.76 14.47 0.00 2202.84 0.00 0.00
2.00 9.00 3.00 6.00 6.45 17.76 17.50 0.00 7799.74 0.00 0.00
2.00 10.00 3.00 6.00 9.16 21.66 21.44 0.00 14345.24 0.00 0.00
2.00 11.00 3.00 6.00 12.52 27.13 26.93 0.00 24068.00 0.00 0.00
2.00 12.00 3.00 6.00 15.50 31.64 31.47 0.00 29427.21 0.00 0.00
2.00 13.00 3.00 6.00 17.66 34.69 34.54 0.00 30753.02 0.00 0.00
2.00 14.00 3.00 6.00 19.13 36.49 36.35 0.00 29422.03 0.00 0.00
2.00 15.00 3.00 6.00 20.11 49.89 49.77 0.00 71976.16 0.00 0.00
2.00 16.00 3.00 6.00 19.67 64.92 64.81 0.00 116442.70 0.00 0.00
2.00 17.00 3.00 6.00 18.89 74.42 74.33 0.00 138361.48 0.00 0.00
2.00 18.00 3.00 6.00 17.12 38.69 38.61 0.00 0.00 0.00 -0.00
2.00 19.00 3.00 6.00 15.07 26.96 26.88 0.00 0.00 0.00 -0.00
2.00 20.00 3.00 6.00 13.85 23.64 23.57 0.00 0.00 0.00 -0.00
2.00 21.00 3.00 6.00 13.21 21.74 21.68 0.00 0.00 0.00 0.00
2.00 22.00 3.00 6.00 12.62 20.18 20.13 0.00 0.00 0.00 0.00
2.00 23.00 3.00 6.00 12.32 18.94 18.89 0.00 0.00 0.00 -0.00
2.00 24.00 3.00 6.00 12.25 17.95 17.91 0.00 0.00 0.00 -0.00
2.00 1.00 4.00 6.00 12.15 17.08 17.05 0.00 0.00 0.00 -0.00
2.00 2.00 4.00 6.00 12.26 16.43 16.40 0.00 0.00 0.00 -0.00
2.00 3.00 4.00 6.00 12.14 15.75 15.72 0.00 0.00 0.00 -0.00
2.00 4.00 4.00 6.00 11.98 15.12 15.10 0.00 0.00 0.00 -0.00
2.00 5.00 4.00 6.00 11.74 14.51 14.48 0.00 0.00 0.00 -0.00
2.00 6.00 4.00 6.00 11.34 13.85 13.83 0.00 0.00 0.00 -0.00
2.00 7.00 4.00 6.00 11.28 13.40 13.38 0.00 0.00 0.00 -0.00
2.00 8.00 4.00 6.00 10.81 19.81 19.79 0.00 2202.84 0.00 0.00
2.00 9.00 4.00 6.00 10.87 22.27 22.25 0.00 7799.74 0.00 0.00
2.00 10.00 4.00 6.00 12.26 25.40 25.39 0.00 14345.24 0.00 0.00
2.00 11.00 4.00 6.00 14.58 30.17 30.16 0.00 24068.00 0.00 0.00
2.00 12.00 4.00 6.00 16.38 33.88 33.87 0.00 29427.21 0.00 0.00
2.00 13.00 4.00 6.00 17.28 36.03 36.02 0.00 30753.02 0.00 0.00
2.00 14.00 4.00 6.00 17.66 36.96 36.96 0.00 29422.03 0.00 0.00
2.00 15.00 4.00 6.00 17.34 49.36 49.36 0.00 71976.16 0.00 0.00
2.00 16.00 4.00 6.00 17.25 64.25 64.25 0.00 116442.70 0.00 0.00
2.00 17.00 4.00 6.00 16.51 73.56 73.55 0.00 138361.48 0.00 0.00
2.00 18.00 4.00 6.00 14.87 37.71 37.70 0.00 0.00 0.00 -0.00
2.00 19.00 4.00 6.00 12.73 25.77 25.77 0.00 0.00 0.00 -0.00
2.00 20.00 4.00 6.00 11.33 22.20 22.20 0.00 0.00 0.00 -0.00
2.00 21.00 4.00 6.00 10.53 20.08 20.07 0.00 0.00 0.00 0.00
2.00 22.00 4.00 6.00 9.86 18.34 18.34 0.00 0.00 0.00 0.00
2.00 23.00 4.00 6.00 9.41 16.90 16.89 0.00 0.00 0.00 0.00
2.00 24.00 4.00 6.00 9.43 15.85 15.85 0.00 0.00 0.00 0.00
2.00 1.00 5.00 6.00 9.25 14.85 14.85 0.00 0.00 0.00 0.00
2.00 2.00 5.00 6.00 9.10 13.97 13.97 0.00 0.00 0.00 -0.00
2.00 3.00 5.00 6.00 8.93 13.17 13.17 0.00 0.00 0.00 -0.00
2.00 4.00 5.00 6.00 8.67 12.41 12.41 0.00 0.00 0.00 -0.00
2.00 5.00 5.00 6.00 8.57 11.79 11.79 0.00 0.00 0.00 -0.00
2.00 6.00 5.00 6.00 8.33 11.17 11.17 0.00 0.00 0.00 -0.00
2.00 7.00 5.00 6.00 8.34 10.72 10.72 0.00 0.00 0.00 -0.00
2.00 8.00 5.00 6.00 8.18 13.77 19.85 21291.23 2202.84 0.00 0.00
2.00 9.00 5.00 6.00 8.66 15.31 19.85 13967.17 7799.74 0.00 0.00
2.00 10.00 5.00 6.00 9.92 17.60 19.85 6007.63 14345.24 0.00 0.00
2.00 11.00 5.00 6.00 13.31 22.14 22.53 0.00 24068.00 0.00 0.00
2.00 12.00 5.00 6.00 16.70 26.19 24.85 -5525.95 29427.21 0.00 0.00
2.00 13.00 5.00 6.00 18.58 28.58 24.85 -13237.94 30753.02 0.00 0.00
2.00 14.00 5.00 6.00 19.69 29.85 24.85 -16745.95 29422.03 0.00 0.00
2.00 15.00 5.00 6.00 19.88 38.51 24.85 -46335.62 71976.16 0.00 -4522.98
2.00 16.00 5.00 6.00 19.34 47.76 32.16 -50000.00 116442.70 0.00 0.00
2.00 17.00 5.00 6.00 18.51 53.02 36.99 -50000.00 138361.48 0.00 0.00
2.00 18.00 5.00 6.00 16.99 27.85 24.85 -3293.76 0.00 0.00 0.00
2.00 19.00 5.00 6.00 15.03 23.72 22.11 0.00 0.00 0.00 0.00
2.00 20.00 5.00 6.00 13.90 21.65 20.37 0.00 0.00 0.00 0.00
2.00 21.00 5.00 6.00 13.19 20.08 18.97 0.00 0.00 0.00 0.00
2.00 22.00 5.00 6.00 12.67 18.77 17.80 0.00 0.00 0.00 0.00
2.00 23.00 5.00 6.00 12.25 17.64 16.79 0.00 0.00 0.00 0.00
2.00 24.00 5.00 6.00 11.88 16.64 15.89 0.00 0.00 0.00 -0.00
2.00 1.00 6.00 6.00 11.69 15.82 15.16 0.00 0.00 0.00 -0.00
2.00 2.00 6.00 6.00 11.47 15.08 14.50 0.00 0.00 0.00 -0.00
2.00 3.00 6.00 6.00 11.31 14.43 13.93 0.00 0.00 0.00 -0.00
2.00 4.00 6.00 6.00 11.36 13.97 13.52 0.00 0.00 0.00 -0.00
2.00 5.00 6.00 6.00 11.25 13.49 13.09 0.00 0.00 0.00 -0.00
2.00 6.00 6.00 6.00 11.11 13.04 12.69 0.00 0.00 0.00 -0.00
2.00 7.00 6.00 6.00 10.67 12.46 12.15 0.00 0.00 0.00 -0.00
2.00 8.00 6.00 6.00 10.07 15.43 19.85 16158.44 2202.84 0.00 0.00
2.00 9.00 6.00 6.00 10.06 16.65 19.85 10297.73 7799.74 0.00 0.00
2.00 10.00 6.00 6.00 10.96 18.68 19.85 3167.96 14345.24 0.00 0.00
2.00 11.00 6.00 6.00 13.72 22.76 22.91 0.00 24068.00 0.00 0.00
2.00 12.00 6.00 6.00 16.52 26.35 24.85 -5483.21 29427.21 0.00 0.00
2.00 13.00 6.00 6.00 18.51 28.75 24.85 -13315.13 30753.02 0.00 0.00
2.00 14.00 6.00 6.00 19.66 30.02 24.85 -16872.74 29422.03 0.00 0.00
2.00 15.00 6.00 6.00 20.33 38.98 24.85 -47566.77 71976.16 0.00 -7226.80
2.00 16.00 6.00 6.00 20.38 48.64 32.92 -50000.00 116442.70 0.00 0.00
2.00 17.00 6.00 6.00 19.61 53.99 37.86 -50000.00 138361.48 0.00 0.00
2.00 18.00 6.00 6.00 17.68 28.55 24.85 -5464.42 0.00 0.00 0.00
2.00 19.00 6.00 6.00 15.31 24.18 22.36 0.00 0.00 0.00 0.00
2.00 20.00 6.00 6.00 13.67 21.79 20.38 0.00 0.00 0.00 0.00
2.00 21.00 6.00 6.00 12.47 19.88 18.68 0.00 0.00 0.00 0.00
2.00 22.00 6.00 6.00 11.49 18.24 17.18 0.00 0.00 0.00 0.00
2.00 23.00 6.00 6.00 10.71 16.81 15.88 0.00 0.00 0.00 0.00
2.00 24.00 6.00 6.00 10.13 15.59 14.77 0.00 0.00 0.00 -0.00
2.00 1.00 7.00 6.00 9.68 14.53 13.81 0.00 0.00 0.00 -0.00
2.00 2.00 7.00 6.00 9.25 13.57 12.94 0.00 0.00 0.00 -0.00
2.00 3.00 7.00 6.00 8.73 12.63 12.08 0.00 0.00 0.00 -0.00
2.00 4.00 7.00 6.00 8.27 11.78 11.29 0.00 0.00 0.00 -0.00
2.00 5.00 7.00 6.00 7.87 11.01 10.58 0.00 0.00 0.00 -0.00
2.00 6.00 7.00 6.00 7.37 10.23 9.85 0.00 0.00 0.00 -0.00
2.00 7.00 7.00 6.00 6.77 9.44 9.10 0.00 0.00 0.00 -0.00
2.00 8.00 7.00 6.00 5.88 11.85 19.85 28746.43 2202.84 0.00 0.00
2.00 9.00 7.00 6.00 7.40 14.03 19.85 18385.98 7799.74 0.00 0.00
2.00 10.00 7.00 6.00 10.17 17.39 19.85 6648.96 14345.24 0.00 0.00
2.00 11.00 7.00 6.00 13.60 22.05 22.42 0.00 24068.00 0.00 0.00
2.00 12.00 7.00 6.00 16.50 25.83 24.85 -4094.19 29427.21 0.00 0.00
2.00 13.00 7.00 6.00 18.65 28.40 24.85 -12616.82 30753.02 0.00 0.00
2.00 14.00 7.00 6.00 20.51 30.24 24.85 -18072.63 29422.03 0.00 0.00
2.00 15.00 7.00 6.00 21.31 39.40 24.85 -49273.18 71976.16 0.00 -11889.48
2.00 16.00 7.00 6.00 20.77 48.74 33.04 -50000.00 116442.70 0.00 0.00
2.00 17.00 7.00 6.00 19.96 54.08 38.00 -50000.00 138361.48 0.00 0.00
2.00 18.00 7.00 6.00 18.43 28.96 24.85 -7057.36 0.00 0.00 0.00
2.00 19.00 7.00 6.00 16.88 24.98 23.14 0.00 0.00 0.00 0.00
2.00 20.00 7.00 6.00 15.41 22.79 21.41 0.00 0.00 0.00 0.00
2.00 21.00 7.00 6.00 14.63 21.21 20.03 0.00 0.00 0.00 0.00
2.00 22.00 7.00 6.00 13.98 19.87 18.83 0.00 0.00 0.00 0.00
2.00 23.00 7.00 6.00 13.24 18.58 17.68 0.00 0.00 0.00 0.00
2.00 24.00 7.00 6.00 12.89 17.59 16.79 0.00 0.00 0.00 0.00
2.00 1.00 1.00 7.00 12.43 16.63 15.93 0.00 0.00 0.00 -0.00
2.00 2.00 1.00 7.00 11.89 15.69 15.07 0.00 0.00 0.00 -0.00
2.00 3.00 1.00 7.00 11.37 14.81 14.27 0.00 0.00 0.00 -0.00
2.00 4.00 1.00 7.00 11.00 14.06 13.58 0.00 0.00 0.00 -0.00
2.00 5.00 1.00 7.00 10.68 13.40 12.97 0.00 0.00 0.00 -0.00
2.00 6.00 1.00 7.00 10.30 12.75 12.37 0.00 0.00 0.00 -0.00
2.00 7.00 1.00 7.00 10.06 12.20 11.87 0.00 0.00 0.00 -0.00
2.00 8.00 1.00 7.00 9.34 14.94 19.70 17380.51 2171.51 0.00 0.00
2.00 9.00 1.00 7.00 9.94 16.57 19.70 9980.76 7891.06 0.00 0.00
2.00 10.00 1.00 7.00 11.65 18.99 19.70 1616.69 13348.68 0.00 0.00
2.00 11.00 1.00 7.00 13.52 22.03 22.13 0.00 20622.36 0.00 0.00
2.00 12.00 1.00 7.00 15.56 24.80 24.70 -507.47 24887.48 0.00 0.00
2.00 13.00 1.00 7.00 17.77 27.41 24.70 -9576.92 27312.42 0.00 0.00
2.00 14.00 1.00 7.00 19.24 28.76 24.70 -13436.74 25505.30 0.00 0.00
2.00 15.00 1.00 7.00 19.78 36.91 24.70 -41340.35 64370.89 0.00 -12425.63
2.00 16.00 1.00 7.00 19.71 45.42 29.92 -50000.00 103768.62 0.00 0.00
2.00 17.00 1.00 7.00 19.20 53.73 37.70 -50000.00 141664.85 0.00 0.00
2.00 18.00 1.00 7.00 17.50 30.89 24.70 -14474.98 15311.38 0.00 0.00
2.00 19.00 1.00 7.00 15.59 24.35 22.21 0.00 0.00 0.00 0.00
2.00 20.00 1.00 7.00 13.92 21.83 20.37 0.00 0.00 0.00 0.00
2.00 21.00 1.00 7.00 13.37 20.28 19.06 0.00 0.00 0.00 0.00
2.00 22.00 1.00 7.00 12.59 18.82 17.76 0.00 0.00 0.00 0.00
2.00 23.00 1.00 7.00 11.92 17.53 16.60 0.00 0.00 0.00 0.00
2.00 24.00 1.00 7.00 11.59 16.51 15.69 0.00 0.00 0.00 0.00
2.00 1.00 2.00 7.00 11.10 15.51 14.79 0.00 0.00 0.00 0.00
2.00 2.00 2.00 7.00 10.74 14.64 14.01 0.00 0.00 0.00 -0.00
2.00 3.00 2.00 7.00 10.35 13.83 13.27 0.00 0.00 0.00 -0.00
2.00 4.00 2.00 7.00 10.16 13.18 12.69 0.00 0.00 0.00 -0.00
2.00 5.00 2.00 7.00 10.02 12.63 12.19 0.00 0.00 0.00 -0.00
2.00 6.00 2.00 7.00 10.16 12.28 11.89 0.00 0.00 0.00 -0.00
2.00 7.00 2.00 7.00 10.06 11.87 11.53 0.00 0.00 0.00 -0.00
2.00 8.00 2.00 7.00 9.49 14.85 19.70 17724.84 2171.51 0.00 0.00
2.00 9.00 2.00 7.00 10.59 16.87 19.70 8916.23 7891.06 0.00 0.00
2.00 10.00 2.00 7.00 13.21 19.98 20.21 0.00 13348.68 0.00 -273.57
2.00 11.00 2.00 7.00 16.06 23.81 23.86 0.00 20622.36 0.00 0.00
2.00 12.00 2.00 7.00 18.89 27.26 24.70 -9056.56 24887.48 0.00 0.00
2.00 13.00 2.00 7.00 21.36 30.20 24.70 -18497.79 27312.42 0.00 0.00
2.00 14.00 2.00 7.00 22.87 31.70 24.70 -22626.90 25505.30 0.00 -553.69
2.00 15.00 2.00 7.00 22.78 39.51 24.70 -49121.73 64370.89 0.00 -14606.67
2.00 16.00 2.00 7.00 22.79 48.12 32.24 -50000.00 103768.62 0.00 0.00
2.00 17.00 2.00 7.00 21.81 56.15 39.91 -50000.00 141664.85 0.00 0.00
2.00 18.00 2.00 7.00 20.11 33.33 24.70 -22421.23 15311.38 0.00 0.00
2.00 19.00 2.00 7.00 18.05 26.67 23.94 0.00 0.00 0.00 0.00
2.00 20.00 2.00 7.00 16.49 24.20 22.43 0.00 0.00 0.00 0.00
2.00 21.00 2.00 7.00 15.84 22.63 21.15 0.00 0.00 0.00 0.00
2.00 22.00 2.00 7.00 15.02 21.16 19.88 0.00 0.00 0.00 0.00
2.00 23.00 2.00 7.00 14.13 19.76 18.63 0.00 0.00 0.00 0.00
2.00 24.00 2.00 7.00 13.53 18.58 17.59 0.00 0.00 0.00 0.00
2.00 1.00 3.00 7.00 12.97 17.51 16.64 0.00 0.00 0.00 -0.00
2.00 2.00 3.00 7.00 12.64 16.64 15.87 0.00 0.00 0.00 -0.00
2.00 3.00 3.00 7.00 12.22 15.79 15.12 0.00 0.00 0.00 -0.00
2.00 4.00 3.00 7.00 11.94 15.08 14.49 0.00 0.00 0.00 -0.00
2.00 5.00 3.00 7.00 11.59 14.39 13.87 0.00 0.00 0.00 -0.00
2.00 6.00 3.00 7.00 11.38 13.82 13.36 0.00 0.00 0.00 -0.00
2.00 7.00 3.00 7.00 11.05 13.23 12.82 0.00 0.00 0.00 -0.00
2.00 8.00 3.00 7.00 10.38 19.50 19.14 0.00 2171.51 0.00 0.00
2.00 9.00 3.00 7.00 11.16 22.37 22.05 0.00 7891.06 0.00 0.00
2.00 10.00 3.00 7.00 13.60 25.85 25.57 0.00 13348.68 0.00 0.00
2.00 11.00 3.00 7.00 16.12 30.13 29.88 0.00 20622.36 0.00 0.00
2.00 12.00 3.00 7.00 18.66 33.89 33.67 0.00 24887.48 0.00 0.00
2.00 13.00 3.00 7.00 20.99 37.11 36.91 0.00 27312.42 0.00 0.00
2.00 14.00 3.00 7.00 22.49 38.70 38.53 0.00 25505.30 0.00 0.00
2.00 15.00 3.00 7.00 22.53 50.45 50.30 0.00 64370.89 0.00 0.00
2.00 16.00 3.00 7.00 22.60 64.01 63.87 0.00 103768.62 0.00 0.00
2.00 17.00 3.00 7.00 21.78 77.49 77.37 0.00 141664.85 0.00 0.00
2.00 18.00 3.00 7.00 19.53 45.30 45.19 0.00 15311.38 0.00 -0.00
2.00 19.00 3.00 7.00 17.38 29.98 29.88 0.00 0.00 0.00 -0.00
2.00 20.00 3.00 7.00 15.64 26.02 25.94 0.00 0.00 0.00 -0.00
2.00 21.00 3.00 7.00 14.69 23.82 23.75 0.00 0.00 0.00 0.00
2.00 22.00 3.00 7.00 14.00 22.11 22.04 0.00 0.00 0.00 0.00
2.00 23.00 3.00 7.00 13.23 20.53 20.47 0.00 0.00 0.00 0.00
2.00 24.00 3.00 7.00 12.83 19.26 19.21 0.00 0.00 0.00 0.00
2.00 1.00 4.00 7.00 12.31 18.06 18.01 0.00 0.00 0.00 0.00
2.00 2.00 4.00 7.00 12.07 17.09 17.05 0.00 0.00 0.00 -0.00
2.00 3.00 4.00 7.00 11.49 16.05 16.01 0.00 0.00 0.00 -0.00
2.00 4.00 4.00 7.00 11.05 15.13 15.10 0.00 0.00 0.00 -0.00
2.00 5.00 4.00 7.00 10.59 14.26 14.23 0.00 0.00 0.00 -0.00
2.00 6.00 4.00 7.00 10.24 13.50 13.48 0.00 0.00 0.00 -0.00
2.00 7.00 4.00 7.00 9.99 12.86 12.84 0.00 0.00 0.00 -0.00
2.00 8.00 4.00 7.00 9.25 19.01 18.99 0.00 2171.51 0.00 0.00
2.00 9.00 4.00 7.00 10.62 22.12 22.10 0.00 7891.06 0.00 0.00
2.00 10.00 4.00 7.00 13.16 25.64 25.62 0.00 13348.68 0.00 0.00
2.00 11.00 4.00 7.00 16.37 30.27 30.26 0.00 20622.36 0.00 0.00
2.00 12.00 4.00 7.00 19.25 34.27 34.25 0.00 24887.48 0.00 0.00
2.00 13.00 4.00 7.00 21.43 37.45 37.44 0.00 27312.42 0.00 0.00
2.00 14.00 4.00 7.00 23.18 39.19 39.18 0.00 25505.30 0.00 0.00
2.00 15.00 4.00 7.00 23.59 51.18 51.18 0.00 64370.89 0.00 0.00
2.00 16.00 4.00 7.00 23.38 64.64 64.63 0.00 103768.62 0.00 0.00
2.00 17.00 4.00 7.00 22.18 77.93 77.92 0.00 141664.85 0.00 0.00
2.00 18.00 4.00 7.00 19.86 45.68 45.68 0.00 15311.38 0.00 -0.00
2.00 19.00 4.00 7.00 17.45 30.21 30.21 0.00 0.00 0.00 -0.00
2.00 20.00 4.00 7.00 15.89 26.32 26.32 0.00 0.00 0.00 -0.00
2.00 21.00 4.00 7.00 14.57 23.92 23.91 0.00 0.00 0.00 0.00
2.00 22.00 4.00 7.00 13.38 21.90 21.89 0.00 0.00 0.00 0.00
2.00 23.00 4.00 7.00 12.46 20.17 20.16 0.00 0.00 0.00 0.00
2.00 24.00 4.00 7.00 11.82 18.71 18.71 0.00 0.00 0.00 0.00
2.00 1.00 5.00 7.00 11.31 17.45 17.44 0.00 0.00 0.00 0.00
2.00 2.00 5.00 7.00 10.82 16.30 16.29 0.00 0.00 0.00 -0.00
2.00 3.00 5.00 7.00 10.37 15.25 15.25 0.00 0.00 0.00 -0.00
2.00 4.00 5.00 7.00 10.04 14.35 14.35 0.00 0.00 0.00 -0.00
2.00 5.00 5.00 7.00 9.64 13.50 13.49 0.00 0.00 0.00 -0.00
2.00 6.00 5.00 7.00 9.33 12.74 12.74 0.00 0.00 0.00 -0.00
2.00 7.00 5.00 7.00 9.10 12.09 12.09 0.00 0.00 0.00 -0.00
2.00 8.00 5.00 7.00 8.08 14.29 19.70 18971.92 2171.51 0.00 0.00
2.00 9.00 5.00 7.00 9.24 16.21 19.70 10525.77 7891.06 0.00 0.00
2.00 10.00 5.00 7.00 11.66 19.09 19.70 659.86 13348.68 0.00 0.00
2.00 11.00 5.00 7.00 14.63 22.91 23.12 0.00 20622.36 0.00 0.00
2.00 12.00 5.00 7.00 17.87 26.57 24.70 -7125.95 24887.48 0.00 0.00
2.00 13.00 5.00 7.00 20.32 29.46 24.70 -16507.91 27312.42 0.00 0.00
2.00 14.00 5.00 7.00 22.12 31.13 24.70 -21202.65 25505.30 0.00 0.00
2.00 15.00 5.00 7.00 23.09 39.65 24.76 -50000.00 64370.89 0.00 -5900.93
2.00 16.00 5.00 7.00 23.51 48.60 32.81 -50000.00 103768.62 0.00 0.00
2.00 17.00 5.00 7.00 22.41 56.59 40.45 -50000.00 141664.85 0.00 0.00
2.00 18.00 5.00 7.00 19.60 33.03 24.70 -21639.52 15311.38 0.00 0.00
2.00 19.00 5.00 7.00 17.22 26.20 23.60 0.00 0.00 0.00 0.00
2.00 20.00 5.00 7.00 15.46 23.59 21.91 0.00 0.00 0.00 0.00
2.00 21.00 5.00 7.00 14.14 21.58 20.19 0.00 0.00 0.00 0.00
2.00 22.00 5.00 7.00 13.17 19.93 18.73 0.00 0.00 0.00 0.00
2.00 23.00 5.00 7.00 12.24 18.42 17.36 0.00 0.00 0.00 0.00
2.00 24.00 5.00 7.00 11.65 17.18 16.25 0.00 0.00 0.00 0.00
2.00 1.00 6.00 7.00 11.04 16.02 15.20 0.00 0.00 0.00 0.00
2.00 2.00 6.00 7.00 10.45 14.95 14.23 0.00 0.00 0.00 -0.00
2.00 3.00 6.00 7.00 9.92 13.97 13.34 0.00 0.00 0.00 -0.00
2.00 4.00 6.00 7.00 9.46 13.10 12.54 0.00 0.00 0.00 -0.00
2.00 5.00 6.00 7.00 8.92 12.24 11.74 0.00 0.00 0.00 -0.00
2.00 6.00 6.00 7.00 8.49 11.48 11.04 0.00 0.00 0.00 -0.00
2.00 7.00 6.00 7.00 7.98 10.72 10.33 0.00 0.00 0.00 -0.00
2.00 8.00 6.00 7.00 7.37 13.29 19.70 23275.63 2171.51 0.00 0.00
2.00 9.00 6.00 7.00 8.34 15.13 19.70 14599.28 7891.06 0.00 0.00
2.00 10.00 6.00 7.00 10.82 18.07 19.70 4336.36 13348.68 0.00 0.00
2.00 11.00 6.00 7.00 13.92 22.00 22.22 0.00 20622.36 0.00 0.00
2.00 12.00 6.00 7.00 16.48 25.22 24.70 -2207.25 24887.48 0.00 0.00
2.00 13.00 6.00 7.00 18.82 28.02 24.70 -11707.69 27312.42 0.00 0.00
2.00 14.00 6.00 7.00 20.12 29.31 24.70 -15271.72 25505.30 0.00 0.00
2.00 15.00 6.00 7.00 20.96 37.71 24.70 -44016.67 64370.89 0.00 -4494.27
2.00 16.00 6.00 7.00 20.90 46.29 30.72 -50000.00 103768.62 0.00 0.00
2.00 17.00 6.00 7.00 20.04 54.40 38.35 -50000.00 141664.85 0.00 0.00
2.00 18.00 6.00 7.00 17.95 31.32 24.70 -15898.25 15311.38 0.00 0.00
2.00 19.00 6.00 7.00 15.69 24.56 22.33 0.00 0.00 0.00 0.00
2.00 20.00 6.00 7.00 14.31 22.17 20.67 0.00 0.00 0.00 0.00
2.00 21.00 6.00 7.00 13.12 20.28 19.03 0.00 0.00 0.00 0.00
2.00 22.00 6.00 7.00 12.27 18.73 17.64 0.00 0.00 0.00 0.00
2.00 23.00 6.00 7.00 11.75 17.49 16.53 0.00 0.00 0.00 0.00
2.00 24.00 6.00 7.00 11.50 16.50 15.66 0.00 0.00 0.00 -0.00
2.00 1.00 7.00 7.00 11.34 15.67 14.93 0.00 0.00 0.00 -0.00
2.00 2.00 7.00 7.00 11.25 14.97 14.32 0.00 0.00 0.00 -0.00
2.00 3.00 7.00 7.00 11.13 14.34 13.77 0.00 0.00 0.00 -0.00
2.00 4.00 7.00 7.00 11.07 13.81 13.30 0.00 0.00 0.00 -0.00
2.00 5.00 7.00 7.00 10.73 13.18 12.74 0.00 0.00 0.00 -0.00
2.00 6.00 7.00 7.00 10.32 12.55 12.16 0.00 0.00 0.00 -0.00
2.00 7.00 7.00 7.00 9.87 11.92 11.57 0.00 0.00 0.00 -0.00
2.00 8.00 7.00 7.00 9.46 14.91 19.70 17539.66 2171.51 0.00 0.00
2.00 9.00 7.00 7.00 10.02 16.54 19.70 10093.65 7891.06 0.00 0.00
2.00 10.00 7.00 7.00 11.75 18.99 19.70 1625.51 13348.68 0.00 0.00
2.00 11.00 7.00 7.00 14.56 22.69 22.79 0.00 20622.36 0.00 0.00
2.00 12.00 7.00 7.00 16.58 25.53 24.70 -3040.28 24887.48 0.00 0.00
2.00 13.00 7.00 7.00 18.27 27.83 24.70 -10779.73 27312.42 0.00 0.00
2.00 14.00 7.00 7.00 19.46 28.98 24.70 -13997.50 25505.30 0.00 0.00
2.00 15.00 7.00 7.00 20.08 37.17 24.70 -42099.72 64370.89 0.00 -1799.17
2.00 16.00 7.00 7.00 20.12 45.77 30.22 -50000.00 103768.62 0.00 0.00
2.00 17.00 7.00 7.00 19.31 53.87 37.82 -50000.00 141664.85 0.00 0.00
2.00 18.00 7.00 7.00 16.64 30.35 24.70 -12507.17 15311.38 0.00 0.00
2.00 19.00 7.00 7.00 14.00 23.46 21.37 0.00 0.00 0.00 0.00
2.00 20.00 7.00 7.00 12.32 20.82 19.37 0.00 0.00 0.00 0.00
2.00 21.00 7.00 7.00 11.02 18.79 17.56 0.00 0.00 0.00 0.00
2.00 22.00 7.00 7.00 10.03 17.08 16.01 0.00 0.00 0.00 0.00
2.00 23.00 7.00 7.00 9.46 15.73 14.79 0.00 0.00 0.00 0.00
2.00 24.00 7.00 7.00 9.00 14.56 13.73 0.00 0.00 0.00 0.00
2.00 1.00 1.00 7.00 8.60 13.52 12.79 0.00 0.00 0.00 -0.00
2.00 2.00 1.00 7.00 8.10 12.51 11.87 0.00 0.00 0.00 -0.00
2.00 3.00 1.00 7.00 7.52 11.53 10.96 0.00 0.00 0.00 -0.00
2.00 4.00 1.00 7.00 6.92 10.58 10.08 0.00 0.00 0.00 -0.00
2.00 5.00 1.00 7.00 6.31 9.67 9.23 0.00 0.00 0.00 -0.00
2.00 6.00 1.00 7.00 5.85 8.89 8.50 0.00 0.00 0.00 -0.00
2.00 7.00 1.00 7.00 5.35 8.13 7.78 0.00 0.00 0.00 -0.00
2.00 8.00 1.00 7.00 4.87 10.77 19.70 32013.29 2171.51 1252.85 0.00
2.00 9.00 1.00 7.00 6.02 12.74 19.70 22069.13 7891.06 0.00 0.00
2.00 10.00 1.00 7.00 8.47 15.68 19.70 11709.90 13348.68 0.00 0.00
2.00 11.00 1.00 7.00 11.79 19.77 20.31 0.00 20622.36 0.00 0.00
2.00 12.00 1.00 7.00 14.51 23.12 23.39 0.00 24887.48 0.00 0.00
2.00 13.00 1.00 7.00 16.80 25.90 24.70 -4952.32 27312.42 0.00 0.00
2.00 14.00 1.00 7.00 18.59 27.55 24.70 -10173.99 25505.30 0.00 0.00
2.00 15.00 1.00 7.00 19.34 35.93 24.70 -38817.53 64370.89 0.00 0.00
2.00 16.00 1.00 7.00 19.68 44.82 29.56 -50000.00 103768.62 0.00 0.00
2.00 17.00 1.00 7.00 18.66 52.86 37.00 -50000.00 141664.85 0.00 0.00
2.00 18.00 1.00 7.00 16.29 29.59 24.70 -10423.78 15311.38 0.00 0.00
2.00 19.00 1.00 7.00 14.13 22.87 21.09 0.00 0.00 0.00 0.00
2.00 20.00 1.00 7.00 12.52 20.37 19.13 0.00 0.00 0.00 0.00
2.00 21.00 1.00 7.00 11.54 18.59 17.56 0.00 0.00 0.00 0.00
2.00 22.00 1.00 7.00 10.85 17.15 16.25 0.00 0.00 0.00 0.00
2.00 23.00 1.00 7.00 10.55 16.05 15.26 0.00 0.00 0.00 0.00
2.00 24.00 1.00 7.00 10.17 15.03 14.33 0.00 0.00 0.00 0.00
2.00 1.00 2.00 7.00 9.91 14.16 13.55 0.00 0.00 0.00 -0.00
2.00 2.00 2.00 7.00 9.82 13.47 12.93 0.00 0.00 0.00 -0.00
2.00 3.00 2.00 7.00 9.65 12.82 12.34 0.00 0.00 0.00 -0.00
2.00 4.00 2.00 7.00 9.40 12.19 11.77 0.00 0.00 0.00 -0.00
2.00 5.00 2.00 7.00 9.24 11.65 11.28 0.00 0.00 0.00 -0.00
2.00 6.00 2.00 7.00 9.32 11.29 10.97 0.00 0.00 0.00 -0.00
2.00 7.00 2.00 7.00 9.26 10.92 10.63 0.00 0.00 0.00 -0.00
2.00 8.00 2.00 7.00 9.03 14.20 19.70 19912.80 2171.51 0.00 0.00
2.00 9.00 2.00 7.00 8.94 15.43 19.70 13668.91 7891.06 0.00 0.00
2.00 10.00 2.00 7.00 10.09 17.46 19.70 6482.27 13348.68 0.00 0.00
2.00 11.00 2.00 7.00 12.49 20.86 21.14 0.00 20622.36 0.00 0.00
2.00 12.00 2.00 7.00 14.27 23.48 23.62 0.00 24887.48 0.00 0.00
2.00 13.00 2.00 7.00 15.77 25.60 24.70 -3506.91 27312.42 0.00 0.00
2.00 14.00 2.00 7.00 16.45 26.36 24.70 -5789.61 25505.30 0.00 0.00
2.00 15.00 2.00 7.00 16.52 34.10 24.70 -32549.29 64370.89 0.00 0.00
2.00 16.00 2.00 7.00 16.10 42.29 27.17 -50000.00 103768.62 0.00 0.00
2.00 17.00 2.00 7.00 15.74 50.62 34.78 -50000.00 141664.85 0.00 0.00
2.00 18.00 2.00 7.00 13.67 27.48 24.70 -3069.45 15311.38 0.00 0.00
2.00 19.00 2.00 7.00 11.68 20.98 19.57 0.00 0.00 0.00 0.00
2.00 20.00 2.00 7.00 10.62 18.74 17.63 0.00 0.00 0.00 0.00
2.00 21.00 2.00 7.00 10.02 17.16 16.21 0.00 0.00 0.00 0.00
2.00 22.00 2.00 7.00 9.53 15.83 15.01 0.00 0.00 0.00 0.00
2.00 23.00 2.00 7.00 9.65 14.97 14.25 0.00 0.00 0.00 0.00
2.00 24.00 2.00 7.00 9.77 14.26 13.62 0.00 0.00 0.00 0.00
2.00 1.00 3.00 7.00 9.91 13.68 13.11 0.00 0.00 0.00 -0.00
2.00 2.00 3.00 7.00 10.11 13.22 12.72 0.00 0.00 0.00 -0.00
2.00 3.00 3.00 7.00 10.20 12.79 12.36 0.00 0.00 0.00 -0.00
2.00 4.00 3.00 7.00 10.29 12.43 12.04 0.00 0.00 0.00 -0.00
2.00 5.00 3.00 7.00 10.33 12.10 11.76 0.00 0.00 0.00 -0.00
2.00 6.00 3.00 7.00 10.41 11.83 11.53 0.00 0.00 0.00 -0.00
2.00 7.00 3.00 7.00 10.41 11.56 11.30 0.00 0.00 0.00 -0.00
2.00 8.00 3.00 7.00 10.22 18.24 18.00 0.00 2171.51 0.00 0.00
2.00 9.00 3.00 7.00 10.07 20.75 20.54 0.00 7891.06 0.00 0.00
2.00 10.00 3.00 7.00 11.36 23.64 23.46 0.00 13348.68 0.00 0.00
2.00 11.00 3.00 7.00 13.49 27.66 27.50 0.00 20622.36 0.00 0.00
2.00 12.00 3.00 7.00 15.06 30.86 30.71 0.00 24887.48 0.00 0.00
2.00 13.00 3.00 7.00 16.13 33.28 33.15 0.00 27312.42 0.00 0.00
2.00 14.00 3.00 7.00 16.70 34.19 34.07 0.00 25505.30 0.00 0.00
2.00 15.00 3.00 7.00 16.54 45.63 45.53 0.00 64370.89 0.00 0.00
2.00 16.00 3.00 7.00 16.77 59.11 59.02 0.00 103768.62 0.00 0.00
2.00 17.00 3.00 7.00 16.27 72.64 72.57 0.00 141664.85 0.00 0.00
2.00 18.00 3.00 7.00 14.55 40.67 40.60 0.00 15311.38 0.00 -0.00
2.00 19.00 3.00 7.00 13.23 25.78 25.72 0.00 0.00 0.00 -0.00
2.00 20.00 3.00 7.00 12.22 22.25 22.19 0.00 0.00 0.00 -0.00
2.00 21.00 3.00 7.00 11.61 20.31 20.26 0.00 0.00 0.00 0.00
2.00 22.00 3.00 7.00 11.19 18.82 18.77 0.00 0.00 0.00 0.00
2.00 23.00 3.00 7.00 11.04 17.65 17.61 0.00 0.00 0.00 0.00
2.00 24.00 3.00 7.00 10.94 16.66 16.63 0.00 0.00 0.00 -0.00
2.00 1.00 4.00 7.00 10.89 15.82 15.79 0.00 0.00 0.00 -0.00
2.00 2.00 4.00 7.00 10.77 15.04 15.01 0.00 0.00 0.00 -0.00
2.00 3.00 4.00 7.00 10.66 14.35 14.33 0.00 0.00 0.00 -0.00
2.00 4.00 4.00 7.00 10.61 13.77 13.75 0.00 0.00 0.00 -0.00
2.00 5.00 4.00 7.00 10.66 13.31 13.29 0.00 0.00 0.00 -0.00
2.00 6.00 4.00 7.00 10.56 12.84 12.82 0.00 0.00 0.00 -0.00
2.00 7.00 4.00 7.00 10.57 12.47 12.46 0.00 0.00 0.00 -0.00
2.00 8.00 4.00 7.00 10.34 19.03 19.02 0.00 2171.51 0.00 0.00
2.00 9.00 4.00 7.00 10.54 21.65 21.64 0.00 7891.06 0.00 0.00
2.00 10.00 4.00 7.00 11.67 24.42 24.41 0.00 13348.68 0.00 0.00
2.00 11.00 4.00 7.00 14.18 28.59 28.58 0.00 20622.36 0.00 0.00
2.00 12.00 4.00 7.00 16.49 32.18 32.17 0.00 24887.48 0.00 0.00
2.00 13.00 4.00 7.00 17.72 34.73 34.72 0.00 27312.42 0.00 0.00
2.00 14.00 4.00 7.00 18.55 35.81 35.80 0.00 25505.30 0.00 0.00
2.00 15.00 4.00 7.00 18.89 47.57 47.56 0.00 64370.89 0.00 0.00
2.00 16.00 4.00 7.00 18.26 60.65 60.64 0.00 103768.62 0.00 0.00
2.00 17.00 4.00 7.00 17.27 73.89 73.89 0.00 141664.85 0.00 0.00
2.00 18.00 4.00 7.00 16.03 42.13 42.13 0.00 15311.38 0.00 -0.00
2.00 19.00 4.00 7.00 14.14 26.94 26.94 0.00 0.00 0.00 -0.00
2.00 20.00 4.00 7.00 12.74 23.15 23.15 0.00 0.00 0.00 -0.00
2.00 21.00 4.00 7.00 11.64 20.89 20.88 0.00 0.00 0.00 0.00
2.00 22.00 4.00 7.00 10.79 19.07 19.07 0.00 0.00 0.00 0.00
2.00 23.00 4.00 7.00 10.15 17.54 17.53 0.00 0.00 0.00 0.00
2.00 24.00 4.00 7.00 9.77 16.28 16.27 0.00 0.00 0.00 -0.00
2.00 1.00 5.00 7.00 9.38 15.14 15.13 0.00 0.00 0.00 0.00
2.00 2.00 5.00 7.00 9.07 14.14 14.14 0.00 0.00 0.00 -0.00
2.00 3.00 5.00 7.00 8.64 13.17 13.17 0.00 0.00 0.00 -0.00
2.00 4.00 5.00 7.00 8.18 12.25 12.24 0.00 0.00 0.00 -0.00
2.00 5.00 5.00 7.00 7.78 11.41 11.41 0.00 0.00 0.00 -0.00
2.00 6.00 5.00 7.00 7.09 10.48 10.48 0.00 0.00 0.00 -0.00
2.00 7.00 5.00 7.00 6.77 9.77 9.77 0.00 0.00 0.00 -0.00
2.00 8.00 5.00 7.00 5.62 11.87 19.70 27435.46 2171.51 0.00 0.00
2.00 9.00 5.00 7.00 7.19 14.07 19.70 17237.86 7891.06 0.00 0.00
2.00 10.00 5.00 7.00 9.70 17.03 19.70 7011.34 13348.68 0.00 0.00
2.00 11.00 5.00 7.00 13.11 21.16 21.65 0.00 20622.36 0.00 0.00
2.00 12.00 5.00 7.00 16.19 24.77 24.70 -1271.25 24887.48 0.00 0.00
2.00 13.00 5.00 7.00 19.01 27.93 24.70 -12064.97 27312.42 0.00 0.00
2.00 14.00 5.00 7.00 20.61 29.49 24.70 -16380.27 25505.30 0.00 0.00
2.00 15.00 5.00 7.00 21.27 37.82 24.70 -44733.19 64370.89 0.00 -3624.65
2.00 16.00 5.00 7.00 21.80 46.84 31.35 -50000.00 103768.62 0.00 0.00
2.00 17.00 5.00 7.00 20.62 54.79 38.82 -50000.00 141664.85 0.00 0.00
2.00 18.00 5.00 7.00 18.26 31.53 24.70 -16910.32 15311.38 0.00 0.00
2.00 19.00 5.00 7.00 15.91 24.70 22.51 0.00 0.00 0.00 0.00
2.00 20.00 5.00 7.00 14.38 22.23 20.80 0.00 0.00 0.00 0.00
2.00 21.00 5.00 7.00 13.09 20.29 19.10 0.00 0.00 0.00 0.00
2.00 22.00 5.00 7.00 12.09 18.65 17.62 0.00 0.00 0.00 0.00
2.00 23.00 5.00 7.00 11.20 17.18 16.28 0.00 0.00 0.00 0.00
2.00 24.00 5.00 7.00 10.46 15.88 15.09 0.00 0.00 0.00 0.00
2.00 1.00 6.00 7.00 9.75 14.68 13.98 0.00 0.00 0.00 -0.00
2.00 2.00 6.00 7.00 9.21 13.64 13.03 0.00 0.00 0.00 -0.00
2.00 3.00 6.00 7.00 8.71 12.69 12.15 0.00 0.00 0.00 -0.00
2.00 4.00 6.00 7.00 8.32 11.86 11.39 0.00 0.00 0.00 -0.00
2.00 5.00 6.00 7.00 7.74 11.00 10.57 0.00 0.00 0.00 -0.00
2.00 6.00 6.00 7.00 6.96 10.05 9.68 0.00 0.00 0.00 -0.00
2.00 7.00 6.00 7.00 6.38 9.22 8.90 0.00 0.00 0.00 -0.00
2.00 8.00 6.00 7.00 5.59 11.63 19.70 28977.79 2171.51 449.64 0.00
2.00 9.00 6.00 7.00 6.70 13.54 19.70 19539.97 7891.06 0.00 0.00
2.00 10.00 6.00 7.00 9.15 16.46 19.70 9272.27 13348.68 0.00 0.00
2.00 11.00 6.00 7.00 12.38 20.46 20.91 0.00 20622.36 0.00 0.00
2.00 12.00 6.00 7.00 15.07 23.79 24.01 0.00 24887.48 0.00 0.00
2.00 13.00 6.00 7.00 17.13 26.39 24.70 -6548.72 27312.42 0.00 0.00
2.00 14.00 6.00 7.00 18.95 28.04 24.70 -11618.13 25505.30 0.00 0.00
2.00 15.00 6.00 7.00 19.89 36.53 24.70 -40634.55 64370.89 0.00 0.00
2.00 16.00 6.00 7.00 20.48 45.58 30.23 -50000.00 103768.62 0.00 0.00
2.00 17.00 6.00 7.00 20.01 54.01 38.10 -50000.00 141664.85 0.00 0.00
2.00 18.00 6.00 7.00 18.07 31.10 24.70 -15534.26 15311.38 0.00 0.00
2.00 19.00 6.00 7.00 16.03 24.40 22.32 0.00 0.00 0.00 0.00
2.00 20.00 6.00 7.00 14.87 22.17 20.81 0.00 0.00 0.00 0.00
2.00 21.00 6.00 7.00 14.00 20.54 19.41 0.00 0.00 0.00 0.00
2.00 22.00 6.00 7.00 13.50 19.28 18.29 0.00 0.00 0.00 0.00
2.00 23.00 6.00 7.00 12.80 18.03 17.17 0.00 0.00 0.00 0.00
2.00 24.00 6.00 7.00 12.49 17.07 16.31 0.00 0.00 0.00 -0.00
2.00 1.00 7.00 7.00 10.50 15.29 14.62 0.00 0.00 0.00 -0.00
2.00 2.00 7.00 7.00 10.16 14.34 13.75 0.00 0.00 0.00 0.00
2.00 3.00 7.00 7.00 9.62 13.40 12.88 0.00 0.00 0.00 -0.00
2.00 4.00 7.00 7.00 9.05 12.50 12.04 0.00 0.00 0.00 -0.00
2.00 5.00 7.00 7.00 8.50 11.65 11.25 0.00 0.00 0.00 -0.00
2.00 6.00 7.00 7.00 7.93 10.83 10.48 0.00 0.00 0.00 -0.00
2.00 7.00 7.00 7.00 7.35 10.04 9.72 0.00 0.00 0.00 -0.00
2.00 8.00 7.00 7.00 6.81 12.68 19.70 25281.99 2171.51 1369.93 0.00
2.00 9.00 7.00 7.00 7.96 14.65 19.70 15972.09 7891.06 0.00 0.00
2.00 10.00 7.00 7.00 10.34 17.54 19.70 5902.36 13348.68 0.00 0.00
2.00 11.00 7.00 7.00 13.60 21.58 21.89 0.00 20622.36 0.00 0.00
2.00 12.00 7.00 7.00 16.78 25.25 24.70 -2497.37 24887.48 0.00 0.00
2.00 13.00 7.00 7.00 19.68 28.49 24.70 -13485.81 27312.42 0.00 0.00
2.00 14.00 7.00 7.00 21.09 29.93 24.70 -17398.12 25505.30 0.00 0.00
2.00 15.00 7.00 7.00 21.87 38.34 24.70 -46075.55 64370.89 0.00 -2640.55
2.00 16.00 7.00 7.00 22.29 47.29 31.67 -50000.00 103768.62 0.00 0.00
2.00 17.00 7.00 7.00 21.18 55.29 39.23 -50000.00 141664.85 0.00 0.00
2.00 18.00 7.00 7.00 18.07 31.53 24.70 -16608.08 15311.38 0.00 0.00
2.00 19.00 7.00 7.00 15.61 24.65 22.37 0.00 0.00 0.00 0.00
2.00 20.00 7.00 7.00 13.91 22.05 20.53 0.00 0.00 0.00 0.00
2.00 21.00 7.00 7.00 12.51 20.00 18.73 0.00 0.00 0.00 0.00
2.00 22.00 7.00 7.00 11.60 18.37 17.27 0.00 0.00 0.00 0.00
2.00 23.00 7.00 7.00 10.84 16.95 15.98 0.00 0.00 0.00 0.00
2.00 24.00 7.00 7.00 10.20 15.70 14.84 0.00 0.00 0.00 0.00
2.00 1.00 1.00 7.00 9.64 14.57 13.82 0.00 0.00 0.00 -0.00
2.00 2.00 1.00 7.00 9.12 13.54 12.89 0.00 0.00 0.00 -0.00
2.00 3.00 1.00 7.00 8.64 12.61 12.03 0.00 0.00 0.00 -0.00
2.00 4.00 1.00 7.00 8.13 11.72 11.21 0.00 0.00 0.00 -0.00
2.00 5.00 1.00 7.00 7.62 10.88 10.42 0.00 0.00 0.00 -0.00
2.00 6.00 1.00 7.00 7.17 10.11 9.71 0.00 0.00 0.00 -0.00
2.00 7.00 1.00 7.00 6.88 9.48 9.12 0.00 0.00 0.00 0.00
2.00 8.00 1.00 7.00 6.45 12.24 19.70 26911.56 2171.51 3146.15 0.00
2.00 9.00 1.00 7.00 7.58 14.21 19.70 17429.29 7891.06 1707.13 0.00
2.00 10.00 1.00 7.00 10.07 17.19 19.70 7007.38 13348.68 0.00 0.00
2.00 11.00 1.00 7.00 13.50 21.36 21.71 0.00 20622.36 0.00 0.00
2.00 12.00 1.00 7.00 16.52 24.95 24.70 -1475.65 24887.48 0.00 0.00
2.00 13.00 1.00 7.00 19.47 28.21 24.70 -12658.50 27312.42 0.00 0.00
2.00 14.00 1.00 7.00 21.44 30.06 24.70 -17995.42 25505.30 0.00 0.00
2.00 15.00 1.00 7.00 22.34 38.60 24.70 -46992.03 64370.89 0.00 -2158.90
2.00 16.00 1.00 7.00 22.03 47.08 31.44 -50000.00 103768.62 0.00 0.00
2.00 17.00 1.00 7.00 20.66 54.87 38.81 -50000.00 141664.85 0.00 0.00
2.00 18.00 1.00 7.00 17.60 31.12 24.70 -15203.77 15311.38 0.00 0.00
2.00 19.00 1.00 7.00 15.13 24.25 22.04 0.00 0.00 0.00 0.00
2.00 20.00 1.00 7.00 13.50 21.68 20.19 0.00 0.00 0.00 0.00
2.00 21.00 1.00 7.00 12.20 19.68 18.43 0.00 0.00 0.00 0.00
2.00 22.00 1.00 7.00 11.31 18.07 16.98 0.00 0.00 0.00 0.00
2.00 23.00 1.00 7.00 10.63 16.70 15.74 0.00 0.00 0.00 0.00
2.00 24.00 1.00 7.00 10.20 15.56 14.72 0.00 0.00 0.00 0.00
2.00 1.00 2.00 7.00 9.86 14.58 13.84 0.00 0.00 0.00 0.00
2.00 2.00 2.00 7.00 9.45 13.65 13.00 0.00 0.00 0.00 0.00
2.00 3.00 2.00 7.00 8.86 12.69 12.11 0.00 0.00 0.00 -0.00
2.00 4.00 2.00 7.00 8.40 11.84 11.33 0.00 0.00 0.00 -0.00
2.00 5.00 2.00 7.00 8.00 11.08 10.64 0.00 0.00 0.00 0.00
2.00 6.00 2.00 7.00 7.63 10.38 9.99 0.00 0.00 0.00 0.00
2.00 7.00 2.00 7.00 7.23 9.72 9.37 0.00 0.00 0.00 0.00
2.00 8.00 2.00 7.00 7.08 12.71 19.70 25236.52 2171.51 3488.86 0.00
2.00 9.00 2.00 7.00 7.25 14.05 19.70 18127.92 7891.06 1505.31 0.00
2.00 10.00 2.00 7.00 8.77 16.30 19.70 10084.59 13348.68 0.00 0.00
2.00 11.00 2.00 7.00 12.68 20.73 21.16 0.00 20622.36 0.00 0.00
2.00 12.00 2.00 7.00 15.79 24.36 24.56 0.00 24887.48 0.00 0.00
2.00 13.00 2.00 7.00 17.95 27.06 24.70 -8822.75 27312.42 0.00 0.00
2.00 14.00 2.00 7.00 19.33 28.43 24.70 -12711.93 25505.30 0.00 0.00
2.00 15.00 2.00 7.00 19.79 36.57 24.70 -40570.21 64370.89 0.00 -1997.64
2.00 16.00 2.00 7.00 19.89 45.25 29.86 -50000.00 103768.62 0.00 0.00
2.00 17.00 2.00 7.00 19.34 53.58 37.64 -50000.00 141664.85 0.00 0.00
2.00 18.00 2.00 7.00 16.91 30.29 24.70 -12601.10 15311.38 0.00 0.00
2.00 19.00 2.00 7.00 14.82 23.62 21.65 0.00 0.00 0.00 0.00
2.00 20.00 2.00 7.00 13.37 21.20 19.85 0.00 0.00 0.00 0.00
2.00 21.00 2.00 7.00 11.88 19.15 18.02 0.00 0.00 0.00 0.00
2.00 22.00 2.00 7.00 10.91 17.51 16.53 0.00 0.00 0.00 0.00
2.00 23.00 2.00 7.00 10.50 16.30 15.44 0.00 0.00 0.00 0.00
2.00 24.00 2.00 7.00 10.25 15.31 14.55 0.00 0.00 0.00 -0.00
2.00 1.00 3.00 7.00 10.08 14.47 13.80 0.00 0.00 0.00 -0.00
2.00 2.00 3.00 7.00 9.91 13.72 13.13 0.00 0.00 0.00 -0.00
2.00 3.00 3.00 7.00 9.56 12.95 12.43 0.00 0.00 0.00 -0.00
2.00 4.00 3.00 7.00 9.48 12.37 11.91 0.00 0.00 0.00 -0.00
2.00 5.00 3.00 7.00 9.43 11.89 11.48 0.00 0.00 0.00 -0.00
2.00 6.00 3.00 7.00 9.11 11.31 10.95 0.00 0.00 0.00 -0.00
2.00 7.00 3.00 7.00 8.72 10.72 10.41 0.00 0.00 0.00 -0.00
2.00 8.00 3.00 7.00 8.26 17.12 16.85 0.00 2171.51 0.00 0.00
2.00 9.00 3.00 7.00 8.78 19.89 19.64 0.00 7891.06 0.00 0.00
2.00 10.00 3.00 7.00 10.02 22.71 22.50 0.00 13348.68 0.00 0.00
2.00 11.00 3.00 7.00 13.51 27.43 27.24 0.00 20622.36 0.00 0.00
2.00 12.00 3.00 7.00 16.01 31.21 31.04 0.00 24887.48 0.00 0.00
2.00 13.00 3.00 7.00 17.41 33.93 33.78 0.00 27312.42 0.00 0.00
2.00 14.00 3.00 7.00 18.61 35.27 35.14 0.00 25505.30 0.00 0.00
2.00 15.00 3.00 7.00 18.96 47.13 47.01 0.00 64370.89 0.00 0.00
2.00 16.00 3.00 7.00 18.91 60.59 60.48 0.00 103768.62 0.00 0.00
2.00 17.00 3.00 7.00 17.97 73.97 73.87 0.00 141664.85 0.00 0.00
2.00 18.00 3.00 7.00 15.83 41.80 41.71 0.00 15311.38 0.00 -0.00
2.00 19.00 3.00 7.00 13.35 26.27 26.20 0.00 0.00 0.00 -0.00
2.00 20.00 3.00 7.00 11.74 22.33 22.27 0.00 0.00 0.00 -0.00
2.00 21.00 3.00 7.00 10.66 20.04 19.98 0.00 0.00 0.00 0.00
2.00 22.00 3.00 7.00 10.07 18.35 18.30 0.00 0.00 0.00 0.00
2.00 23.00 3.00 7.00 9.65 16.94 16.90 0.00 0.00 0.00 -0.00
2.00 24.00 3.00 7.00 9.14 15.63 15.59 0.00 0.00 0.00 -0.00
2.00 1.00 4.00 7.00 8.74 14.48 14.44 0.00 0.00 0.00 -0.00
2.00 2.00 4.00 7.00 8.63 13.59 13.56 0.00 0.00 0.00 -0.00
2.00 3.00 4.00 7.00 8.42 12.76 12.73 0.00 0.00 0.00 -0.00
2.00 4.00 4.00 7.00 8.19 12.00 11.97 0.00 0.00 0.00 -0.00
2.00 5.00 4.00 7.00 7.96 11.30 11.28 0.00 0.00 0.00 -0.00
2.00 6.00 4.00 7.00 7.47 10.52 10.50 0.00 0.00 0.00 -0.00
2.00 7.00 4.00 7.00 7.14 9.86 9.84 0.00 0.00 0.00 -0.00
2.00 8.00 4.00 7.00 6.85 16.27 16.25 0.00 2171.51 0.00 0.00
2.00 9.00 4.00 7.00 7.60 19.09 19.08 0.00 7891.06 0.00 0.00
2.00 10.00 4.00 7.00 10.04 22.55 22.53 0.00 13348.68 0.00 0.00
2.00 11.00 4.00 7.00 13.53 27.33 27.32 0.00 20622.36 0.00 0.00
2.00 12.00 4.00 7.00 16.61 31.45 31.44 0.00 24887.48 0.00 0.00
2.00 13.00 4.00 7.00 19.01 34.78 34.77 0.00 27312.42 0.00 0.00
2.00 14.00 4.00 7.00 20.88 36.63 36.62 0.00 25505.30 0.00 0.00
2.00 15.00 4.00 7.00 21.86 48.97 48.97 0.00 64370.89 0.00 0.00
2.00 16.00 4.00 7.00 22.78 63.13 63.12 0.00 103768.62 0.00 0.00
2.00 17.00 4.00 7.00 21.82 76.70 76.69 0.00 141664.85 0.00 0.00
2.00 18.00 4.00 7.00 19.51 44.58 44.58 0.00 15311.38 0.00 -0.00
2.00 19.00 4.00 7.00 16.86 29.08 29.08 0.00 0.00 0.00 -0.00
2.00 20.00 4.00 7.00 14.95 25.06 25.06 0.00 0.00 0.00 -0.00
2.00 21.00 4.00 7.00 13.44 22.58 22.58 0.00 0.00 0.00 0.00
2.00 22.00 4.00 7.00 12.25 20.58 20.58 0.00 0.00 0.00 -0.00
2.00 23.00 4.00 7.00 11.60 19.02 19.02 0.00 0.00 0.00 -0.00
2.00 24.00 4.00 7.00 11.10 17.68 17.68 0.00 0.00 0.00 -0.00
2.00 1.00 5.00 7.00 10.67 16.50 16.50 0.00 0.00 0.00 -0.00
2.00 2.00 5.00 7.00 10.30 15.46 15.45 0.00 0.00 0.00 -0.00
2.00 3.00 5.00 7.00 9.82 14.44 14.44 0.00 0.00 0.00 -0.00
2.00 4.00 5.00 7.00 9.30 13.47 13.47 0.00 0.00 0.00 -0.00
2.00 5.00 5.00 7.00 8.84 12.59 12.59 0.00 0.00 0.00 -0.00
2.00 6.00 5.00 7.00 8.42 11.79 11.79 0.00 0.00 0.00 -0.00
2.00 7.00 5.00 7.00 7.96 11.01 11.01 0.00 0.00 0.00 -0.00
2.00 8.00 5.00 7.00 7.45 13.54 19.70 21612.53 2171.51 0.00 0.00
2.00 9.00 5.00 7.00 8.62 15.49 19.70 12801.71 7891.06 0.00 0.00
2.00 10.00 5.00 7.00 11.36 18.61 19.70 2064.30 13348.68 0.00 0.00
2.00 11.00 5.00 7.00 14.63 22.66 22.95 0.00 20622.36 0.00 0.00
2.00 12.00 5.00 7.00 17.63 26.21 24.70 -5975.94 24887.48 0.00 0.00
2.00 13.00 5.00 7.00 19.92 29.00 24.70 -15107.76 27312.42 0.00 0.00
2.00 14.00 5.00 7.00 21.51 30.52 24.70 -19344.49 25505.30 0.00 0.00
2.00 15.00 5.00 7.00 22.26 38.89 24.70 -47822.92 64370.89 0.00 -2197.45
2.00 16.00 5.00 7.00 22.26 47.53 31.84 -50000.00 103768.62 0.00 0.00
2.00 17.00 5.00 7.00 21.16 55.49 39.40 -50000.00 141664.85 0.00 0.00
2.00 18.00 5.00 7.00 18.57 32.05 24.70 -18377.13 15311.38 0.00 0.00
2.00 19.00 5.00 7.00 16.17 25.24 22.85 0.00 0.00 0.00 0.00
2.00 20.00 5.00 7.00 14.44 22.62 21.05 0.00 0.00 0.00 0.00
2.00 21.00 5.00 7.00 13.58 20.87 19.56 0.00 0.00 0.00 0.00
2.00 22.00 5.00 7.00 12.84 19.38 18.24 0.00 0.00 0.00 0.00
2.00 23.00 5.00 7.00 12.26 18.09 17.10 0.00 0.00 0.00 0.00
2.00 24.00 5.00 7.00 11.85 17.01 16.13 0.00 0.00 0.00 -0.00
2.00 1.00 6.00 7.00 11.48 16.03 15.26 0.00 0.00 0.00 -0.00
2.00 2.00 6.00 7.00 11.10 15.14 14.47 0.00 0.00 0.00 -0.00
2.00 3.00 6.00 7.00 10.73 14.32 13.72 0.00 0.00 0.00 -0.00
2.00 4.00 6.00 7.00 10.24 13.50 12.97 0.00 0.00 0.00 -0.00
2.00 5.00 6.00 7.00 9.70 12.68 12.22 0.00 0.00 0.00 -0.00
2.00 6.00 6.00 7.00 9.26 11.96 11.55 0.00 0.00 0.00 -0.00
2.00 7.00 6.00 7.00 8.90 11.32 10.95 0.00 0.00 0.00 -0.00
2.00 8.00 6.00 7.00 8.35 14.06 19.70 20540.61 2171.51 0.00 0.00
2.00 9.00 6.00 7.00 9.06 15.75 19.70 12614.98 7891.06 0.00 0.00
2.00 10.00 6.00 7.00 11.07 18.37 19.70 3485.25 13348.68 0.00 0.00
2.00 11.00 6.00 7.00 13.78 22.02 22.19 0.00 20622.36 0.00 0.00
2.00 12.00 6.00 7.00 15.96 24.94 24.70 -1124.93 24887.48 0.00 0.00
2.00 13.00 6.00 7.00 17.41 27.07 24.70 -8418.43 27312.42 0.00 0.00
2.00 14.00 6.00 7.00 18.95 28.45 24.70 -12500.61 25505.30 0.00 0.00
2.00 15.00 6.00 7.00 19.84 36.84 24.70 -41280.43 64370.89 0.00 0.00
2.00 16.00 6.00 7.00 19.82 45.42 29.95 -50000.00 103768.62 0.00 0.00
2.00 17.00 6.00 7.00 19.03 53.54 37.54 -50000.00 141664.85 0.00 0.00
2.00 18.00 6.00 7.00 16.69 30.27 24.70 -12358.52 15311.38 0.00 0.00
2.00 19.00 6.00 7.00 14.43 23.55 21.53 0.00 0.00 0.00 0.00
2.00 20.00 6.00 7.00 13.24 21.23 19.83 0.00 0.00 0.00 0.00
2.00 21.00 6.00 7.00 12.24 19.45 18.27 0.00 0.00 0.00 0.00
2.00 22.00 6.00 7.00 11.75 18.10 17.07 0.00 0.00 0.00 0.00
2.00 23.00 6.00 7.00 11.44 16.99 16.09 0.00 0.00 0.00 0.00
2.00 24.00 6.00 7.00 11.22 16.05 15.26 0.00 0.00 0.00 -0.00
2.00 1.00 7.00 7.00 11.12 15.28 14.59 0.00 0.00 0.00 -0.00
2.00 2.00 7.00 7.00 10.87 14.52 13.90 0.00 0.00 0.00 -0.00
2.00 3.00 7.00 7.00 10.50 13.76 13.22 0.00 0.00 0.00 -0.00
2.00 4.00 7.00 7.00 10.17 13.06 12.59 0.00 0.00 0.00 -0.00
2.00 5.00 7.00 7.00 9.89 12.44 12.02 0.00 0.00 0.00 -0.00
2.00 6.00 7.00 7.00 9.51 11.81 11.44 0.00 0.00 0.00 -0.00
2.00 7.00 7.00 7.00 9.23 11.26 10.94 0.00 0.00 0.00 -0.00
2.00 8.00 7.00 7.00 8.85 14.28 19.70 19694.27 2171.51 0.00 0.00
2.00 9.00 7.00 7.00 9.73 16.14 19.70 11265.15 7891.06 0.00 0.00
2.00 10.00 7.00 7.00 11.61 18.72 19.70 2379.38 13348.68 0.00 0.00
2.00 11.00 7.00 7.00 14.52 22.52 22.66 0.00 20622.36 0.00 0.00
2.00 12.00 7.00 7.00 16.94 25.65 24.70 -3589.69 24887.48 0.00 0.00
2.00 13.00 7.00 7.00 18.73 28.06 24.70 -11629.96 27312.42 0.00 0.00
2.00 14.00 7.00 7.00 19.76 29.14 24.70 -14548.35 25505.30 0.00 0.00
2.00 15.00 7.00 7.00 20.10 37.15 24.70 -42015.46 64370.89 0.00 -312.48
2.00 16.00 7.00 7.00 20.04 45.68 30.14 -50000.00 103768.62 0.00 0.00
2.00 17.00 7.00 7.00 19.23 53.78 37.73 -50000.00 141664.85 0.00 0.00
2.00 18.00 7.00 7.00 16.62 30.31 24.70 -12352.16 15311.38 0.00 0.00
2.00 19.00 7.00 7.00 14.34 23.60 21.53 0.00 0.00 0.00 0.00
2.00 20.00 7.00 7.00 12.81 21.08 19.64 0.00 0.00 0.00 0.00
2.00 21.00 7.00 7.00 11.69 19.18 17.96 0.00 0.00 0.00 0.00
2.00 22.00 7.00 7.00 10.96 17.66 16.60 0.00 0.00 0.00 0.00
2.00 23.00 7.00 7.00 10.54 16.44 15.51 0.00 0.00 0.00 0.00
2.00 24.00 7.00 7.00 10.09 15.33 14.51 0.00 0.00 0.00 0.00
2.00 1.00 1.00 7.00 9.75 14.37 13.64 0.00 0.00 0.00 -0.00
2.00 2.00 1.00 7.00 9.45 13.51 12.87 0.00 0.00 0.00 -0.00
2.00 3.00 1.00 7.00 9.03 12.66 12.10 0.00 0.00 0.00 -0.00
2.00 4.00 1.00 7.00 8.68 11.90 11.41 0.00 0.00 0.00 -0.00
2.00 5.00 1.00 7.00 8.36 11.22 10.78 0.00 0.00 0.00 -0.00
2.00 6.00 1.00 7.00 8.07 10.60 10.22 0.00 0.00 0.00 -0.00
2.00 7.00 1.00 7.00 7.82 10.04 9.70 0.00 0.00 0.00 -0.00
2.00 8.00 1.00 7.00 7.58 13.09 19.70 23909.04 2171.51 1439.96 0.00
2.00 9.00 1.00 7.00 8.30 14.83 19.70 15516.41 7891.06 614.56 0.00
2.00 10.00 1.00 7.00 10.33 17.49 19.70 6202.11 13348.68 0.00 0.00
2.00 11.00 1.00 7.00 13.46 21.44 21.74 0.00 20622.36 0.00 0.00
2.00 12.00 1.00 7.00 15.97 24.64 24.70 -288.86 24887.48 0.00 0.00
2.00 13.00 1.00 7.00 17.81 27.09 24.70 -8760.35 27312.42 0.00 0.00
2.00 14.00 1.00 7.00 18.89 28.21 24.70 -11842.48 25505.30 0.00 0.00
2.00 15.00 1.00 7.00 19.23 36.24 24.70 -39383.64 64370.89 0.00 0.00
2.00 16.00 1.00 7.00 19.11 44.73 29.36 -50000.00 103768.62 0.00 0.00
2.00 17.00 1.00 7.00 18.06 52.66 36.71 -50000.00 141664.85 0.00 0.00
2.00 18.00 1.00 7.00 15.85 29.46 24.70 -9677.78 15311.38 0.00 0.00
2.00 19.00 1.00 7.00 13.66 22.79 20.95 0.00 0.00 0.00 0.00
2.00 20.00 1.00 7.00 12.27 20.37 19.06 0.00 0.00 0.00 0.00
2.00 21.00 1.00 7.00 11.12 18.48 17.37 0.00 0.00 0.00 0.00
2.00 22.00 1.00 7.00 10.34 16.95 15.98 0.00 0.00 0.00 0.00
2.00 23.00 1.00 7.00 9.87 15.71 14.87 0.00 0.00 0.00 0.00
2.00 24.00 1.00 7.00 9.43 14.61 13.86 0.00 0.00 0.00 -0.00
2.00 1.00 2.00 7.00 9.23 13.73 13.08 0.00 0.00 0.00 -0.00
2.00 2.00 2.00 7.00 9.21 13.05 12.47 0.00 0.00 0.00 -0.00
2.00 3.00 2.00 7.00 9.00 12.35 11.85 0.00 0.00 0.00 -0.00
2.00 4.00 2.00 7.00 8.61 11.62 11.17 0.00 0.00 0.00 -0.00
2.00 5.00 2.00 7.00 8.37 11.01 10.61 0.00 0.00 0.00 -0.00
2.00 6.00 2.00 7.00 8.05 10.40 10.05 0.00 0.00 0.00 -0.00
2.00 7.00 2.00 7.00 8.00 9.98 9.67 0.00 0.00 0.00 -0.00
2.00 8.00 2.00 7.00 7.62 13.03 19.70 24054.62 2171.51 1016.21 0.00
2.00 9.00 2.00 7.00 8.97 15.21 19.70 14086.92 7891.06 0.00 0.00
2.00 10.00 2.00 7.00 11.27 18.12 19.70 4067.09 13348.68 0.00 0.00
2.00 11.00 2.00 7.00 14.34 22.08 22.32 0.00 20622.36 0.00 0.00
2.00 12.00 2.00 7.00 16.98 25.41 24.70 -2925.32 24887.48 0.00 0.00
2.00 13.00 2.00 7.00 18.76 27.86 24.70 -11152.57 27312.42 0.00 0.00
2.00 14.00 2.00 7.00 19.86 29.01 24.70 -14315.09 25505.30 0.00 0.00
2.00 15.00 2.00 7.00 20.38 37.19 24.70 -42321.33 64370.89 0.00 -2698.67
2.00 16.00 2.00 7.00 20.42 45.83 30.32 -50000.00 103768.62 0.00 0.00
2.00 17.00 2.00 7.00 19.50 53.89 37.87 -50000.00 141664.85 0.00 0.00
2.00 18.00 2.00 7.00 16.91 30.44 24.70 -12936.31 15311.38 0.00 0.00
2.00 19.00 2.00 7.00 14.60 23.68 21.62 0.00 0.00 0.00 0.00
2.00 20.00 2.00 7.00 12.98 21.14 19.71 0.00 0.00 0.00 0.00
2.00 21.00 2.00 7.00 12.07 19.36 18.16 0.00 0.00 0.00 0.00
2.00 22.00 2.00 7.00 11.41 17.91 16.86 0.00 0.00 0.00 0.00
2.00 23.00 2.00 7.00 10.65 16.53 15.62 0.00 0.00 0.00 0.00
2.00 24.00 2.00 7.00 10.08 15.34 14.54 0.00 0.00 0.00 0.00
2.00 1.00 3.00 7.00 9.49 14.23 13.53 0.00 0.00 0.00 0.00
2.00 2.00 3.00 7.00 9.07 13.29 12.66 0.00 0.00 0.00 0.00
2.00 3.00 3.00 7.00 8.64 12.41 11.86 0.00 0.00 0.00 0.00
2.00 4.00 3.00 7.00 8.25 11.61 11.13 0.00 0.00 0.00 0.00
2.00 5.00 3.00 7.00 7.83 10.86 10.43 0.00 0.00 0.00 0.00
2.00 6.00 3.00 7.00 7.20 10.02 9.65 0.00 0.00 0.00 0.00
2.00 7.00 3.00 7.00 7.30 9.61 9.28 0.00 0.00 0.00 0.00
2.00 8.00 3.00 7.00 7.08 16.12 15.82 0.00 2171.51 0.00 0.00
2.00 9.00 3.00 7.00 8.75 19.50 19.24 0.00 7891.06 0.00 0.00
2.00 10.00 3.00 7.00 11.36 23.16 22.93 0.00 13348.68 0.00 0.00
2.00 11.00 3.00 7.00 14.80 28.01 27.80 0.00 20622.36 0.00 0.00
2.00 12.00 3.00 7.00 18.12 32.33 32.15 0.00 24887.48 0.00 0.00
2.00 13.00 3.00 7.00 20.71 35.85 35.70 0.00 27312.42 0.00 0.00
2.00 14.00 3.00 7.00 22.58 37.79 37.65 0.00 25505.30 0.00 0.00
2.00 15.00 3.00 7.00 23.36 50.09 49.96 0.00 64370.89 0.00 0.00
2.00 16.00 3.00 7.00 23.41 63.81 63.70 0.00 103768.62 0.00 0.00
2.00 17.00 3.00 7.00 22.12 77.16 77.07 0.00 141664.85 0.00 0.00
2.00 18.00 3.00 7.00 18.79 44.45 44.37 0.00 15311.38 0.00 -0.00
2.00 19.00 3.00 7.00 16.34 28.94 28.87 0.00 0.00 0.00 -0.00
2.00 20.00 3.00 7.00 14.15 24.72 24.65 0.00 0.00 0.00 -0.00
2.00 21.00 3.00 7.00 12.84 22.28 22.22 0.00 0.00 0.00 0.00
2.00 22.00 3.00 7.00 12.13 20.51 20.45 0.00 0.00 0.00 0.00
2.00 23.00 3.00 7.00 11.54 18.99 18.94 0.00 0.00 0.00 0.00
2.00 24.00 3.00 7.00 11.14 17.71 17.67 0.00 0.00 0.00 0.00
2.00 1.00 4.00 7.00 10.70 16.53 16.49 0.00 0.00 0.00 0.00
2.00 2.00 4.00 7.00 10.34 15.49 15.45 0.00 0.00 0.00 0.00
2.00 3.00 4.00 7.00 9.89 14.49 14.46 0.00 0.00 0.00 0.00
2.00 4.00 4.00 7.00 9.38 13.53 13.51 0.00 0.00 0.00 0.00
2.00 5.00 4.00 7.00 8.90 12.64 12.62 0.00 0.00 0.00 0.00
2.00 6.00 4.00 7.00 8.41 11.80 11.78 0.00 0.00 0.00 0.00
2.00 7.00 4.00 7.00 8.23 11.17 11.15 0.00 0.00 0.00 0.00
2.00 8.00 4.00 7.00 7.86 17.52 17.50 0.00 2171.51 0.00 0.00
2.00 9.00 4.00 7.00 8.84 20.44 20.42 0.00 7891.06 0.00 0.00
2.00 10.00 4.00 7.00 11.17 23.82 23.81 0.00 13348.68 0.00 0.00
2.00 11.00 4.00 7.00 13.60 28.00 27.99 0.00 20622.36 0.00 0.00
2.00 12.00 4.00 7.00 15.49 31.36 31.35 0.00 24887.48 0.00 0.00
2.00 13.00 4.00 7.00 17.07 34.07 34.06 0.00 27312.42 0.00 0.00
2.00 14.00 4.00 7.00 17.24 34.80 34.80 0.00 25505.30 0.00 0.00
2.00 15.00 4.00 7.00 17.58 46.51 46.50 0.00 64370.89 0.00 0.00
2.00 16.00 4.00 7.00 17.64 59.93 59.92 0.00 103768.62 0.00 0.00
2.00 17.00 4.00 7.00 17.48 73.66 73.66 0.00 141664.85 0.00 0.00
2.00 18.00 4.00 7.00 15.88 41.79 41.78 0.00 15311.38 0.00 -0.00
2.00 19.00 4.00 7.00 13.71 26.46 26.46 0.00 0.00 0.00 -0.00
2.00 20.00 4.00 7.00 12.74 22.91 22.91 0.00 0.00 0.00 -0.00
2.00 21.00 4.00 7.00 11.70 20.72 20.72 0.00 0.00 0.00 0.00
2.00 22.00 4.00 7.00 10.61 18.81 18.80 0.00 0.00 0.00 0.00
2.00 23.00 4.00 7.00 10.49 17.56 17.56 0.00 0.00 0.00 0.00
2.00 24.00 4.00 7.00 10.39 16.51 16.51 0.00 0.00 0.00 -0.00
2.00 1.00 5.00 7.00 10.07 15.47 15.47 0.00 0.00 0.00 -0.00
2.00 2.00 5.00 7.00 9.69 14.48 14.48 0.00 0.00 0.00 -0.00
2.00 3.00 5.00 7.00 9.23 13.53 13.53 0.00 0.00 0.00 -0.00
2.00 4.00 5.00 7.00 9.08 12.81 12.81 0.00 0.00 0.00 -0.00
2.00 5.00 5.00 7.00 8.76 12.07 12.07 0.00 0.00 0.00 -0.00
2.00 6.00 5.00 7.00 9.06 11.72 11.72 0.00 0.00 0.00 -0.00
2.00 7.00 5.00 7.00 8.87 11.21 11.21 0.00 0.00 0.00 -0.00
2.00 8.00 5.00 7.00 8.91 14.41 19.70 18561.28 2171.51 0.00 0.00
2.00 9.00 5.00 7.00 8.80 15.58 19.70 12762.81 7891.06 0.00 0.00
2.00 10.00 5.00 7.00 10.31 17.82 19.70 4892.17 13348.68 0.00 0.00
2.00 11.00 5.00 7.00 13.33 21.64 21.98 0.00 20622.36 0.00 0.00
2.00 12.00 5.00 7.00 16.44 25.21 24.70 -2513.67 24887.48 0.00 0.00
2.00 13.00 5.00 7.00 18.66 27.93 24.70 -11667.38 27312.42 0.00 0.00
2.00 14.00 5.00 7.00 20.04 29.28 24.70 -15398.73 25505.30 0.00 0.00
2.00 15.00 5.00 7.00 20.32 37.28 24.70 -42715.61 64370.89 0.00 0.00
2.00 16.00 5.00 7.00 20.41 45.93 30.44 -50000.00 103768.62 0.00 0.00
2.00 17.00 5.00 7.00 19.99 54.32 38.33 -50000.00 141664.85 0.00 0.00
2.00 18.00 5.00 7.00 17.60 31.04 24.70 -15122.71 15311.38 0.00 0.00
2.00 19.00 5.00 7.00 16.09 24.71 22.58 0.00 0.00 0.00 0.00
2.00 20.00 5.00 7.00 15.20 22.64 21.21 0.00 0.00 0.00 0.00
2.00 21.00 5.00 7.00 14.82 21.27 20.08 0.00 0.00 0.00 0.00
2.00 22.00 5.00 7.00 13.89 19.80 18.77 0.00 0.00 0.00 0.00
2.00 23.00 5.00 7.00 13.65 18.78 17.87 0.00 0.00 0.00 0.00
2.00 24.00 5.00 7.00 13.51 17.94 17.14 0.00 0.00 0.00 0.00
2.00 1.00 6.00 7.00 13.38 17.21 16.50 0.00 0.00 0.00 -0.00
2.00 2.00 6.00 7.00 12.78 16.30 15.68 0.00 0.00 0.00 -0.00
2.00 3.00 6.00 7.00 12.15 15.39 14.85 0.00 0.00 0.00 -0.00
2.00 4.00 6.00 7.00 11.58 14.56 14.08 0.00 0.00 0.00 -0.00
2.00 5.00 6.00 7.00 11.09 13.80 13.38 0.00 0.00 0.00 -0.00
2.00 6.00 6.00 7.00 10.64 13.11 12.73 0.00 0.00 0.00 -0.00
2.00 7.00 6.00 7.00 10.21 12.45 12.12 0.00 0.00 0.00 -0.00
2.00 8.00 6.00 7.00 9.57 15.20 19.70 16474.87 2171.51 0.00 0.00
2.00 9.00 6.00 7.00 9.64 16.46 19.70 10450.61 7891.06 0.00 0.00
2.00 10.00 6.00 7.00 10.61 18.32 19.70 3925.44 13348.68 0.00 0.00
2.00 11.00 6.00 7.00 12.82 21.53 21.69 0.00 20622.36 0.00 0.00
2.00 12.00 6.00 7.00 14.91 24.31 24.38 0.00 24887.48 0.00 0.00
2.00 13.00 6.00 7.00 16.66 26.58 24.70 -6764.32 27312.42 0.00 0.00
2.00 14.00 6.00 7.00 17.59 27.51 24.70 -9356.53 25505.30 0.00 0.00
2.00 15.00 6.00 7.00 17.47 35.13 24.70 -35588.23 64370.89 0.00 -172.28
2.00 16.00 6.00 7.00 16.92 43.22 27.93 -50000.00 103768.62 0.00 -143.79
2.00 17.00 6.00 7.00 16.38 51.40 35.47 -50000.00 141664.85 0.00 0.00
2.00 18.00 6.00 7.00 15.26 28.90 24.70 -7762.13 15311.38 0.00 0.00
2.00 19.00 6.00 7.00 14.00 22.80 21.06 0.00 0.00 0.00 0.00
2.00 20.00 6.00 7.00 12.99 20.66 19.39 0.00 0.00 0.00 0.00
2.00 21.00 6.00 7.00 12.10 18.98 17.91 0.00 0.00 0.00 0.00
2.00 22.00 6.00 7.00 11.50 17.62 16.68 0.00 0.00 0.00 0.00
2.00 23.00 6.00 7.00 10.74 16.30 15.48 0.00 0.00 0.00 0.00
2.00 24.00 6.00 7.00 10.18 15.16 14.44 0.00 0.00 0.00 -0.00
2.00 1.00 7.00 7.00 9.61 14.10 13.46 0.00 0.00 0.00 -0.00
2.00 2.00 7.00 7.00 9.18 13.18 12.62 0.00 0.00 0.00 -0.00
2.00 3.00 7.00 7.00 8.87 12.40 11.90 0.00 0.00 0.00 -0.00
2.00 4.00 7.00 7.00 8.59 11.70 11.26 0.00 0.00 0.00 -0.00
2.00 5.00 7.00 7.00 8.54 11.18 10.79 0.00 0.00 0.00 -0.00
2.00 6.00 7.00 7.00 8.44 10.70 10.36 0.00 0.00 0.00 -0.00
2.00 7.00 7.00 7.00 8.06 10.11 9.81 0.00 0.00 0.00 -0.00
2.00 8.00 7.00 7.00 7.27 12.84 19.70 24699.62 2171.51 1301.02 0.00
2.00 9.00 7.00 7.00 8.91 15.19 19.70 14080.18 7891.06 0.00 0.00
2.00 10.00 7.00 7.00 11.29 18.16 19.70 3902.23 13348.68 0.00 0.00
2.00 11.00 7.00 7.00 14.51 22.22 22.47 0.00 20622.36 0.00 0.00
2.00 12.00 7.00 7.00 17.53 25.82 24.70 -4382.59 24887.48 0.00 0.00
2.00 13.00 7.00 7.00 19.82 28.65 24.70 -13812.25 27312.42 0.00 0.00
2.00 14.00 7.00 7.00 21.58 30.32 24.70 -18613.18 25505.30 0.00 0.00
2.00 15.00 7.00 7.00 22.18 38.62 24.70 -46855.20 64370.89 0.00 -3967.50
2.00 16.00 7.00 7.00 22.27 47.35 31.66 -50000.00 103768.62 0.00 0.00
2.00 17.00 7.00 7.00 21.03 55.24 39.14 -50000.00 141664.85 0.00 0.00
2.00 18.00 7.00 7.00 18.48 31.84 24.70 -17602.92 15311.38 0.00 0.00
2.00 19.00 7.00 7.00 15.78 24.83 22.47 0.00 0.00 0.00 0.00
2.00 20.00 7.00 7.00 13.89 22.12 20.55 0.00 0.00 0.00 0.00
2.00 21.00 7.00 7.00 12.40 20.00 18.69 0.00 0.00 0.00 0.00
2.00 22.00 7.00 7.00 11.36 18.28 17.14 0.00 0.00 0.00 0.00
2.00 23.00 7.00 7.00 10.45 16.76 15.76 0.00 0.00 0.00 0.00
2.00 24.00 7.00 7.00 9.84 15.48 14.61 0.00 0.00 0.00 0.00
2.00 1.00 1.00 8.00 9.20 14.30 13.52 0.00 0.00 0.00 -0.00
2.00 2.00 1.00 8.00 8.78 13.30 12.62 0.00 0.00 0.00 -0.00
2.00 3.00 1.00 8.00 8.32 12.37 11.77 0.00 0.00 0.00 -0.00
2.00 4.00 1.00 8.00 7.89 11.51 10.99 0.00 0.00 0.00 -0.00
2.00 5.00 1.00 8.00 7.40 10.68 10.21 0.00 0.00 0.00 -0.00
2.00 6.00 1.00 8.00 7.11 10.00 9.59 0.00 0.00 0.00 -0.00
2.00 7.00 1.00 8.00 6.56 9.24 8.87 0.00 4.38 0.00 -0.00
2.00 8.00 1.00 8.00 6.18 11.79 19.95 29369.03 1016.93 2696.49 0.00
2.00 9.00 1.00 8.00 7.10 13.56 19.95 20356.52 6577.02 2370.52 0.00
2.00 10.00 1.00 8.00 9.57 17.49 19.95 6478.11 17465.97 0.00 0.00
2.00 11.00 1.00 8.00 12.77 21.65 22.01 0.00 25006.67 0.00 0.00
2.00 12.00 1.00 8.00 15.51 25.15 24.95 -1381.21 29710.56 0.00 0.00
2.00 13.00 1.00 8.00 17.88 28.06 24.95 -11323.60 32240.19 0.00 0.00
2.00 14.00 1.00 8.00 19.78 30.27 24.95 -18035.97 32715.56 0.00 0.00
2.00 15.00 1.00 8.00 21.25 40.85 26.12 -50000.00 80191.65 0.00 -2533.71
2.00 16.00 1.00 8.00 21.80 52.92 37.23 -50000.00 134417.43 0.00 0.00
2.00 17.00 1.00 8.00 21.04 59.48 43.41 -50000.00 160672.98 0.00 0.00
2.00 18.00 1.00 8.00 18.56 48.65 32.29 -50000.00 100949.46 0.00 0.00
2.00 19.00 1.00 8.00 15.69 28.41 24.54 0.00 0.00 0.00 0.00
2.00 20.00 1.00 8.00 13.75 24.46 22.41 0.00 0.00 0.00 0.00
2.00 21.00 1.00 8.00 12.59 22.08 20.46 0.00 0.00 0.00 0.00
2.00 22.00 1.00 8.00 11.72 20.20 18.80 0.00 0.00 0.00 0.00
2.00 23.00 1.00 8.00 11.56 18.88 17.66 0.00 0.00 0.00 0.00
2.00 24.00 1.00 8.00 11.51 17.81 16.74 0.00 0.00 0.00 0.00
2.00 1.00 2.00 8.00 10.96 16.62 15.67 0.00 0.00 0.00 0.00
2.00 2.00 2.00 8.00 10.24 15.39 14.56 0.00 0.00 0.00 -0.00
2.00 3.00 2.00 8.00 9.67 14.31 13.58 0.00 0.00 0.00 -0.00
2.00 4.00 2.00 8.00 9.30 13.42 12.77 0.00 0.00 0.00 -0.00
2.00 5.00 2.00 8.00 9.11 12.69 12.12 0.00 0.00 0.00 -0.00
2.00 6.00 2.00 8.00 9.12 12.15 11.65 0.00 0.00 0.00 -0.00
2.00 7.00 2.00 8.00 9.06 11.65 11.21 0.00 4.38 0.00 -0.00
2.00 8.00 2.00 8.00 8.57 14.18 19.95 21171.74 1016.93 0.00 0.00
2.00 9.00 2.00 8.00 8.80 15.47 19.95 14560.50 6577.02 0.00 0.00
2.00 10.00 2.00 8.00 10.91 19.11 19.95 1708.75 17465.97 0.00 0.00
2.00 11.00 2.00 8.00 13.57 22.83 22.95 0.00 25006.67 0.00 0.00
2.00 12.00 2.00 8.00 15.79 25.91 24.95 -3547.10 29710.56 0.00 0.00
2.00 13.00 2.00 8.00 17.76 28.46 24.95 -12120.82 32240.19 0.00 0.00
2.00 14.00 2.00 8.00 18.87 30.04 24.95 -16747.23 32715.56 0.00 0.00
2.00 15.00 2.00 8.00 19.48 39.91 25.11 -50000.00 80191.65 0.00 -3218.84
2.00 16.00 2.00 8.00 19.21 51.28 35.50 -50000.00 134417.43 0.00 0.00
2.00 17.00 2.00 8.00 18.15 57.47 41.33 -50000.00 160672.98 0.00 0.00
2.00 18.00 2.00 8.00 16.22 46.89 30.47 -50000.00 100949.46 0.00 0.00
2.00 19.00 2.00 8.00 14.09 27.20 23.26 0.00 0.00 0.00 0.00
2.00 20.00 2.00 8.00 12.39 23.39 21.27 0.00 0.00 0.00 0.00
2.00 21.00 2.00 8.00 11.55 21.16 19.48 0.00 0.00 0.00 0.00
2.00 22.00 2.00 8.00 10.72 19.30 17.85 0.00 0.00 0.00 0.00
2.00 23.00 2.00 8.00 10.09 17.72 16.45 0.00 0.00 0.00 0.00
2.00 24.00 2.00 8.00 9.65 16.39 15.27 0.00 0.00 0.00 0.00
2.00 1.00 3.00 8.00 9.31 15.24 14.25 0.00 0.00 0.00 -0.00
2.00 2.00 3.00 8.00 9.04 14.23 13.37 0.00 0.00 0.00 -0.00
2.00 3.00 3.00 8.00 8.74 13.31 12.55 0.00 0.00 0.00 -0.00
2.00 4.00 3.00 8.00 8.50 12.51 11.84 0.00 0.00 0.00 -0.00
2.00 5.00 3.00 8.00 8.28 11.79 11.19 0.00 0.00 0.00 -0.00
2.00 6.00 3.00 8.00 7.91 11.05 10.52 0.00 0.00 0.00 -0.00
2.00 7.00 3.00 8.00 7.79 10.49 10.03 0.00 4.38 0.00 -0.00
2.00 8.00 3.00 8.00 7.25 16.47 16.06 0.00 1016.93 0.00 0.00
2.00 9.00 3.00 8.00 8.49 19.45 19.09 0.00 6577.02 0.00 0.00
2.00 10.00 3.00 8.00 10.48 24.14 23.82 0.00 17465.97 0.00 0.00
2.00 11.00 3.00 8.00 14.32 29.39 29.11 0.00 25006.67 0.00 0.00
2.00 12.00 3.00 8.00 17.78 33.97 33.73 0.00 29710.56 0.00 0.00
2.00 13.00 3.00 8.00 20.45 37.64 37.42 0.00 32240.19 0.00 0.00
2.00 14.00 3.00 8.00 22.03 40.11 39.92 0.00 32715.56 0.00 0.00
2.00 15.00 3.00 8.00 23.05 55.06 54.88 0.00 80191.65 0.00 0.00
2.00 16.00 3.00 8.00 22.81 73.22 73.07 0.00 134417.43 0.00 0.00
2.00 17.00 3.00 8.00 21.70 84.41 84.28 0.00 160672.98 0.00 0.00
2.00 18.00 3.00 8.00 19.47 70.73 70.61 0.00 100949.46 0.00 0.00
2.00 19.00 3.00 8.00 16.65 34.82 34.71 0.00 0.00 0.00 -0.00
2.00 20.00 3.00 8.00 14.73 28.54 28.45 0.00 0.00 0.00 -0.00
2.00 21.00 3.00 8.00 13.31 25.41 25.33 0.00 0.00 0.00 0.00
2.00 22.00 3.00 8.00 12.25 23.07 23.00 0.00 0.00 0.00 0.00
2.00 23.00 3.00 8.00 11.30 21.03 20.96 0.00 0.00 0.00 0.00
2.00 24.00 3.00 8.00 10.63 19.30 19.24 0.00 0.00 0.00 -0.00
2.00 1.00 4.00 8.00 10.10 17.80 17.75 0.00 0.00 0.00 -0.00
2.00 2.00 4.00 8.00 9.61 16.45 16.41 0.00 0.00 0.00 -0.00
2.00 3.00 4.00 8.00 9.18 15.26 15.21 0.00 0.00 0.00 -0.00
2.00 4.00 4.00 8.00 8.81 14.19 14.15 0.00 0.00 0.00 -0.00
2.00 5.00 4.00 8.00 8.40 13.19 13.16 0.00 0.00 0.00 -0.00
2.00 6.00 4.00 8.00 7.96 12.25 12.22 0.00 0.00 0.00 -0.00
2.00 7.00 4.00 8.00 7.57 11.41 11.38 0.00 4.38 0.00 -0.00
2.00 8.00 4.00 8.00 6.93 17.18 17.16 0.00 1016.93 0.00 0.00
2.00 9.00 4.00 8.00 7.58 19.70 19.68 0.00 6577.02 0.00 0.00
2.00 10.00 4.00 8.00 9.45 24.18 24.16 0.00 17465.97 0.00 0.00
2.00 11.00 4.00 8.00 13.25 29.26 29.25 0.00 25006.67 0.00 0.00
2.00 12.00 4.00 8.00 16.09 33.39 33.38 0.00 29710.56 0.00 0.00
2.00 13.00 4.00 8.00 18.02 36.50 36.49 0.00 32240.19 0.00 0.00
2.00 14.00 4.00 8.00 19.45 38.71 38.70 0.00 32715.56 0.00 0.00
2.00 15.00 4.00 8.00 20.43 53.47 53.46 0.00 80191.65 0.00 0.00
2.00 16.00 4.00 8.00 20.53 71.69 71.68 0.00 134417.43 0.00 0.00
2.00 17.00 4.00 8.00 19.61 82.90 82.90 0.00 160672.98 0.00 0.00
2.00 18.00 4.00 8.00 17.77 69.38 69.37 0.00 100949.46 0.00 0.00
2.00 19.00 4.00 8.00 15.47 33.72 33.72 0.00 0.00 0.00 -0.00
2.00 20.00 4.00 8.00 13.88 27.63 27.63 0.00 0.00 0.00 -0.00
2.00 21.00 4.00 8.00 12.74 24.69 24.68 0.00 0.00 0.00 0.00
2.00 22.00 4.00 8.00 12.19 22.66 22.65 0.00 0.00 0.00 0.00
2.00 23.00 4.00 8.00 11.62 20.89 20.88 0.00 0.00 0.00 0.00
2.00 24.00 4.00 8.00 11.14 19.34 19.33 0.00 0.00 0.00 -0.00
2.00 1.00 5.00 8.00 10.97 18.10 18.10 0.00 0.00 0.00 -0.00
2.00 2.00 5.00 8.00 10.87 17.06 17.05 0.00 0.00 0.00 -0.00
2.00 3.00 5.00 8.00 10.67 16.08 16.08 0.00 0.00 0.00 -0.00
2.00 4.00 5.00 8.00 10.40 15.17 15.17 0.00 0.00 0.00 -0.00
2.00 5.00 5.00 8.00 10.17 14.35 14.35 0.00 0.00 0.00 -0.00
2.00 6.00 5.00 8.00 9.76 13.52 13.52 0.00 0.00 0.00 -0.00
2.00 7.00 5.00 8.00 9.62 12.88 12.87 0.00 4.38 0.00 -0.00
2.00 8.00 5.00 8.00 8.96 15.02 19.95 17283.01 1016.93 0.00 0.00
2.00 9.00 5.00 8.00 9.58 16.51 19.95 10477.21 6577.02 0.00 0.00
2.00 10.00 5.00 8.00 11.05 19.68 20.09 0.00 17465.97 0.00 0.00
2.00 11.00 5.00 8.00 13.70 23.33 23.52 0.00 25006.67 0.00 0.00
2.00 12.00 5.00 8.00 15.72 26.21 24.95 -4944.75 29710.56 0.00 0.00
2.00 13.00 5.00 8.00 17.26 28.41 24.95 -12126.02 32240.19 0.00 0.00
2.00 14.00 5.00 8.00 18.39 29.93 24.95 -16583.22 32715.56 0.00 0.00
2.00 15.00 5.00 8.00 18.30 39.26 24.95 -48506.56 80191.65 0.00 -2388.06
2.00 16.00 5.00 8.00 18.43 50.82 35.13 -50000.00 134417.43 0.00 0.00
2.00 17.00 5.00 8.00 17.53 57.09 41.01 -50000.00 160672.98 0.00 0.00
2.00 18.00 5.00 8.00 15.67 46.52 30.16 -50000.00 100949.46 0.00 0.00
2.00 19.00 5.00 8.00 13.64 26.94 23.06 0.00 0.00 0.00 0.00
2.00 20.00 5.00 8.00 12.02 23.17 21.10 0.00 0.00 0.00 0.00
2.00 21.00 5.00 8.00 11.29 20.99 19.36 0.00 0.00 0.00 0.00
2.00 22.00 5.00 8.00 10.96 19.40 17.99 0.00 0.00 0.00 0.00
2.00 23.00 5.00 8.00 10.37 17.87 16.64 0.00 0.00 0.00 0.00
2.00 24.00 5.00 8.00 10.20 16.71 15.63 0.00 0.00 0.00 0.00
2.00 1.00 6.00 8.00 9.95 15.65 14.70 0.00 0.00 0.00 0.00
2.00 2.00 6.00 8.00 10.00 14.85 14.02 0.00 0.00 0.00 -0.00
2.00 3.00 6.00 8.00 9.93 14.12 13.38 0.00 0.00 0.00 -0.00
2.00 4.00 6.00 8.00 9.71 13.38 12.73 0.00 0.00 0.00 -0.00
2.00 5.00 6.00 8.00 9.47 12.69 12.12 0.00 0.00 0.00 -0.00
2.00 6.00 6.00 8.00 9.37 12.14 11.64 0.00 0.00 0.00 -0.00
2.00 7.00 6.00 8.00 9.39 11.72 11.27 0.00 4.38 0.00 -0.00
2.00 8.00 6.00 8.00 9.15 14.52 19.95 19984.67 1016.93 0.00 0.00
2.00 9.00 6.00 8.00 9.61 16.02 19.95 12759.20 6577.02 0.00 0.00
2.00 10.00 6.00 8.00 10.68 18.98 19.95 2373.26 17465.97 0.00 0.00
2.00 11.00 6.00 8.00 12.40 22.01 22.12 0.00 25006.67 0.00 0.00
2.00 12.00 6.00 8.00 13.64 24.33 24.38 0.00 29710.56 664.34 0.00
2.00 13.00 6.00 8.00 14.89 26.28 24.95 -4755.94 32240.19 0.00 0.00
2.00 14.00 6.00 8.00 15.83 27.62 24.95 -9017.45 32715.56 0.00 0.00
2.00 15.00 6.00 8.00 17.21 37.93 24.95 -44590.80 80191.65 0.00 -3408.34
2.00 16.00 6.00 8.00 17.43 49.62 34.10 -50000.00 134417.43 0.00 0.00
2.00 17.00 6.00 8.00 16.86 56.14 40.14 -50000.00 160672.98 0.00 0.00
2.00 18.00 6.00 8.00 15.21 45.77 29.47 -50000.00 100949.46 0.00 0.00
2.00 19.00 6.00 8.00 13.43 26.27 22.47 0.00 0.00 0.00 0.00
2.00 20.00 6.00 8.00 12.18 22.74 20.75 0.00 0.00 0.00 0.00
2.00 21.00 6.00 8.00 11.28 20.56 18.99 0.00 0.00 0.00 0.00
2.00 22.00 6.00 8.00 10.29 18.65 17.30 0.00 0.00 0.00 0.00
2.00 23.00 6.00 8.00 9.96 17.27 16.08 0.00 0.00 0.00 0.00
2.00 24.00 6.00 8.00 9.79 16.13 15.09 0.00 0.00 0.00 0.00
2.00 1.00 7.00 8.00 9.53 15.08 14.17 0.00 0.00 0.00 -0.00
2.00 2.00 7.00 8.00 9.43 14.22 13.42 0.00 0.00 0.00 -0.00
2.00 3.00 7.00 8.00 9.21 13.40 12.69 0.00 0.00 0.00 -0.00
2.00 4.00 7.00 8.00 8.98 12.66 12.03 0.00 0.00 0.00 -0.00
2.00 5.00 7.00 8.00 8.82 12.01 11.46 0.00 0.00 0.00 -0.00
2.00 6.00 7.00 8.00 8.63 11.41 10.93 0.00 0.00 0.00 0.00
2.00 7.00 7.00 8.00 8.39 10.84 10.41 0.00 4.38 0.00 0.00
2.00 8.00 7.00 8.00 7.93 13.44 19.95 23732.74 1016.93 3743.41 0.00
2.00 9.00 7.00 8.00 9.25 15.50 19.95 14193.18 6577.02 0.00 0.00
2.00 10.00 7.00 8.00 11.60 19.39 19.95 657.97 17465.97 0.00 0.00
2.00 11.00 7.00 8.00 14.80 23.56 23.67 0.00 25006.67 0.00 0.00
2.00 12.00 7.00 8.00 17.75 27.22 24.95 -8184.20 29710.56 0.00 0.00
2.00 13.00 7.00 8.00 20.02 30.10 24.95 -17452.32 32240.19 0.00 0.00
2.00 14.00 7.00 8.00 21.66 32.14 24.95 -23518.42 32715.56 0.00 0.00
2.00 15.00 7.00 8.00 22.28 42.13 27.09 -50000.00 80191.65 0.00 -3079.76
2.00 16.00 7.00 8.00 22.12 53.66 37.77 -50000.00 134417.43 0.00 0.00
2.00 17.00 7.00 8.00 21.02 59.90 43.67 -50000.00 160672.98 0.00 0.00
2.00 18.00 7.00 8.00 18.71 49.11 32.62 -50000.00 100949.46 0.00 0.00
2.00 19.00 7.00 8.00 16.20 29.14 25.11 0.00 0.00 0.00 0.00
2.00 20.00 7.00 8.00 14.66 25.41 23.21 0.00 0.00 0.00 0.00
2.00 21.00 7.00 8.00 13.40 22.99 21.24 0.00 0.00 0.00 0.00
2.00 22.00 7.00 8.00 12.63 21.14 19.63 0.00 0.00 0.00 0.00
2.00 23.00 7.00 8.00 11.99 19.57 18.24 0.00 0.00 0.00 0.00
2.00 24.00 7.00 8.00 11.43 18.17 17.01 0.00 0.00 0.00 0.00
2.00 1.00 1.00 8.00 10.89 16.91 15.89 0.00 0.00 0.00 0.00
2.00 2.00 1.00 8.00 10.47 15.81 14.90 0.00 0.00 0.00 -0.00
2.00 3.00 1.00 8.00 10.00 14.77 13.97 0.00 0.00 0.00 -0.00
2.00 4.00 1.00 8.00 9.47 13.77 13.07 0.00 0.00 0.00 -0.00
2.00 5.00 1.00 8.00 9.09 12.91 12.30 0.00 0.00 0.00 -0.00
2.00 6.00 1.00 8.00 8.75 12.15 11.60 0.00 0.00 0.00 -0.00
2.00 7.00 1.00 8.00 8.56 11.52 11.03 0.00 4.38 0.00 0.00
2.00 8.00 1.00 8.00 8.02 13.86 19.95 22373.16 1016.93 2885.60 0.00
2.00 9.00 1.00 8.00 9.41 15.91 19.95 12968.94 6577.02 0.00 0.00
2.00 10.00 1.00 8.00 11.53 19.61 19.95 111.73 17465.97 0.00 0.00
2.00 11.00 1.00 8.00 14.50 23.57 23.63 0.00 25006.67 0.00 0.00
2.00 12.00 1.00 8.00 17.42 27.17 24.95 -7856.98 29710.56 0.00 0.00
2.00 13.00 1.00 8.00 19.59 29.93 24.95 -16798.86 32240.19 0.00 0.00
2.00 14.00 1.00 8.00 20.63 31.52 24.95 -21313.06 32715.56 0.00 0.00
2.00 15.00 1.00 8.00 20.87 41.17 26.17 -50000.00 80191.65 0.00 -1558.07
2.00 16.00 1.00 8.00 20.46 52.45 36.57 -50000.00 134417.43 0.00 0.00
2.00 17.00 1.00 8.00 19.24 58.54 42.31 -50000.00 160672.98 0.00 0.00
2.00 18.00 1.00 8.00 17.13 47.83 31.34 -50000.00 100949.46 0.00 0.00
2.00 19.00 1.00 8.00 14.53 27.88 23.86 0.00 0.00 0.00 0.00
2.00 20.00 1.00 8.00 12.94 24.09 21.89 0.00 0.00 0.00 0.00
2.00 21.00 1.00 8.00 11.68 21.61 19.86 0.00 0.00 0.00 0.00
2.00 22.00 1.00 8.00 10.85 19.70 18.18 0.00 0.00 0.00 0.00
2.00 23.00 1.00 8.00 10.23 18.09 16.77 0.00 0.00 0.00 0.00
2.00 24.00 1.00 8.00 9.80 16.73 15.57 0.00 0.00 0.00 0.00
2.00 1.00 2.00 8.00 9.45 15.55 14.52 0.00 0.00 0.00 0.00
2.00 2.00 2.00 8.00 9.23 14.56 13.65 0.00 0.00 0.00 0.00
2.00 3.00 2.00 8.00 8.92 13.61 12.82 0.00 0.00 0.00 -0.00
2.00 4.00 2.00 8.00 8.57 12.73 12.03 0.00 0.00 0.00 -0.00
2.00 5.00 2.00 8.00 8.23 11.92 11.31 0.00 0.00 0.00 -0.00
2.00 6.00 2.00 8.00 8.00 11.23 10.69 0.00 0.00 0.00 -0.00
2.00 7.00 2.00 8.00 7.78 10.62 10.13 0.00 4.38 0.00 0.00
2.00 8.00 2.00 8.00 7.40 13.12 19.95 24974.44 1016.93 3456.04 0.00
2.00 9.00 2.00 8.00 8.46 14.97 19.95 16046.99 6577.02 1383.03 0.00
2.00 10.00 2.00 8.00 10.68 18.72 19.95 2874.75 17465.97 0.00 0.00
2.00 11.00 2.00 8.00 13.69 22.72 22.89 0.00 25006.67 0.00 0.00
2.00 12.00 2.00 8.00 16.47 26.23 24.95 -4762.18 29710.56 0.00 0.00
2.00 13.00 2.00 8.00 18.65 29.00 24.95 -13955.44 32240.19 0.00 0.00
2.00 14.00 2.00 8.00 19.79 30.65 24.95 -18731.70 32715.56 0.00 0.00
2.00 15.00 2.00 8.00 19.94 40.24 25.38 -50000.00 80191.65 0.00 -491.14
2.00 16.00 2.00 8.00 19.79 51.70 35.90 -50000.00 134417.43 0.00 0.00
2.00 17.00 2.00 8.00 18.75 57.93 41.77 -50000.00 160672.98 0.00 0.00
2.00 18.00 2.00 8.00 16.45 47.11 30.68 -50000.00 100949.46 0.00 0.00
2.00 19.00 2.00 8.00 13.72 27.08 23.13 0.00 0.00 0.00 0.00
2.00 20.00 2.00 8.00 12.26 23.35 21.22 0.00 0.00 0.00 0.00
2.00 21.00 2.00 8.00 11.04 20.90 19.21 0.00 0.00 0.00 0.00
2.00 22.00 2.00 8.00 10.33 19.07 17.60 0.00 0.00 0.00 0.00
2.00 23.00 2.00 8.00 9.83 17.54 16.26 0.00 0.00 0.00 0.00
2.00 24.00 2.00 8.00 9.42 16.22 15.10 0.00 0.00 0.00 0.00
2.00 1.00 3.00 8.00 9.13 15.09 14.10 0.00 0.00 0.00 -0.00
2.00 2.00 3.00 8.00 8.95 14.13 13.26 0.00 0.00 0.00 -0.00
2.00 3.00 3.00 8.00 8.62 13.20 12.43 0.00 0.00 0.00 -0.00
2.00 4.00 3.00 8.00 8.33 12.37 11.69 0.00 0.00 0.00 -0.00
2.00 5.00 3.00 8.00 8.07 11.62 11.02 0.00 0.00 0.00 -0.00
2.00 6.00 3.00 8.00 7.82 10.94 10.41 0.00 0.00 0.00 -0.00
2.00 7.00 3.00 8.00 7.79 10.44 9.97 0.00 4.38 0.00 0.00
2.00 8.00 3.00 8.00 7.56 16.59 16.18 0.00 1016.93 0.00 0.00
2.00 9.00 3.00 8.00 8.83 19.62 19.26 0.00 6577.02 0.00 0.00
2.00 10.00 3.00 8.00 11.03 24.45 24.13 0.00 17465.97 0.00 0.00
2.00 11.00 3.00 8.00 14.02 29.27 28.99 0.00 25006.67 0.00 0.00
2.00 12.00 3.00 8.00 16.63 33.35 33.10 0.00 29710.56 0.00 0.00
2.00 13.00 3.00 8.00 18.78 36.63 36.41 0.00 32240.19 0.00 0.00
2.00 14.00 3.00 8.00 19.80 38.70 38.50 0.00 32715.56 0.00 0.00
2.00 15.00 3.00 8.00 20.15 53.15 52.97 0.00 80191.65 0.00 0.00
2.00 16.00 3.00 8.00 20.02 71.22 71.07 0.00 134417.43 0.00 0.00
2.00 17.00 3.00 8.00 19.08 82.41 82.27 0.00 160672.98 0.00 0.00
2.00 18.00 3.00 8.00 16.73 68.59 68.47 0.00 100949.46 0.00 0.00
2.00 19.00 3.00 8.00 13.93 32.61 32.50 0.00 0.00 0.00 -0.00
2.00 20.00 3.00 8.00 12.50 26.53 26.44 0.00 0.00 0.00 -0.00
2.00 21.00 3.00 8.00 11.10 23.41 23.32 0.00 0.00 0.00 0.00
2.00 22.00 3.00 8.00 10.24 21.15 21.07 0.00 0.00 0.00 0.00
2.00 23.00 3.00 8.00 9.62 19.28 19.22 0.00 0.00 0.00 0.00
2.00 24.00 3.00 8.00 9.08 17.64 17.59 0.00 0.00 0.00 -0.00
2.00 1.00 4.00 8.00 8.68 16.24 16.18 0.00 0.00 0.00 -0.00
2.00 2.00 4.00 8.00 8.30 14.98 14.93 0.00 0.00 0.00 -0.00
2.00 3.00 4.00 8.00 7.91 13.82 13.78 0.00 0.00 0.00 -0.00
2.00 4.00 4.00 8.00 7.54 12.78 12.75 0.00 0.00 0.00 -0.00
2.00 5.00 4.00 8.00 7.20 11.84 11.81 0.00 0.00 0.00 -0.00
2.00 6.00 4.00 8.00 6.97 11.04 11.01 0.00 0.00 0.00 -0.00
2.00 7.00 4.00 8.00 6.78 10.34 10.31 0.00 4.38 0.00 0.00
2.00 8.00 4.00 8.00 6.54 16.38 16.36 0.00 1016.93 0.00 0.00
2.00 9.00 4.00 8.00 7.90 19.36 19.34 0.00 6577.02 0.00 0.00
2.00 10.00 4.00 8.00 10.50 24.33 24.32 0.00 17465.97 0.00 0.00
2.00 11.00 4.00 8.00 13.76 29.27 29.25 0.00 25006.67 0.00 0.00
2.00 12.00 4.00 8.00 16.67 33.49 33.48 0.00 29710.56 0.00 0.00
2.00 13.00 4.00 8.00 18.68 36.70 36.69 0.00 32240.19 0.00 0.00
2.00 14.00 4.00 8.00 20.19 39.01 39.00 0.00 32715.56 0.00 0.00
2.00 15.00 4.00 8.00 20.81 53.64 53.63 0.00 80191.65 0.00 0.00
2.00 16.00 4.00 8.00 20.84 71.83 71.82 0.00 134417.43 0.00 0.00
2.00 17.00 4.00 8.00 19.91 83.06 83.05 0.00 160672.98 0.00 0.00
2.00 18.00 4.00 8.00 17.36 69.16 69.15 0.00 100949.46 0.00 0.00
2.00 19.00 4.00 8.00 14.59 33.20 33.19 0.00 0.00 0.00 -0.00
2.00 20.00 4.00 8.00 13.17 27.14 27.14 0.00 0.00 0.00 -0.00
2.00 21.00 4.00 8.00 11.79 24.04 24.03 0.00 0.00 0.00 0.00
2.00 22.00 4.00 8.00 11.07 21.87 21.86 0.00 0.00 0.00 0.00
2.00 23.00 4.00 8.00 10.48 20.03 20.03 0.00 0.00 0.00 0.00
2.00 24.00 4.00 8.00 9.88 18.38 18.38 0.00 0.00 0.00 0.00
2.00 1.00 5.00 8.00 9.38 16.93 16.92 0.00 0.00 0.00 0.00
2.00 2.00 5.00 8.00 8.93 15.62 15.62 0.00 0.00 0.00 -0.00
2.00 3.00 5.00 8.00 8.57 14.48 14.48 0.00 0.00 0.00 -0.00
2.00 4.00 5.00 8.00 8.29 13.49 13.49 0.00 0.00 0.00 0.00
2.00 5.00 5.00 8.00 7.97 12.58 12.57 0.00 0.00 0.00 0.00
2.00 6.00 5.00 8.00 7.83 11.83 11.83 0.00 0.00 0.00 -0.00
2.00 7.00 5.00 8.00 7.66 11.15 11.15 0.00 4.38 0.00 0.00
2.00 8.00 5.00 8.00 7.54 13.57 19.95 22348.91 1016.93 1850.22 0.00
2.00 9.00 5.00 8.00 8.42 15.26 19.95 14390.70 6577.02 375.69 0.00
2.00 10.00 5.00 8.00 10.95 19.19 19.95 731.30 17465.97 0.00 0.00
2.00 11.00 5.00 8.00 14.13 23.28 23.55 0.00 25006.67 0.00 0.00
2.00 12.00 5.00 8.00 16.60 26.57 24.95 -6373.73 29710.56 0.00 0.00
2.00 13.00 5.00 8.00 18.54 29.13 24.95 -14660.27 32240.19 0.00 0.00
2.00 14.00 5.00 8.00 19.68 30.75 24.95 -19304.86 32715.56 0.00 0.00
2.00 15.00 5.00 8.00 20.12 40.52 25.71 -50000.00 80191.65 0.00 -1299.79
2.00 16.00 5.00 8.00 20.13 52.08 36.34 -50000.00 134417.43 0.00 0.00
2.00 17.00 5.00 8.00 19.05 58.29 42.18 -50000.00 160672.98 0.00 0.00
2.00 18.00 5.00 8.00 16.85 47.53 31.15 -50000.00 100949.46 0.00 0.00
2.00 19.00 5.00 8.00 13.91 27.39 23.49 0.00 0.00 0.00 0.00
2.00 20.00 5.00 8.00 12.27 23.54 21.46 0.00 0.00 0.00 0.00
2.00 21.00 5.00 8.00 10.68 20.87 19.22 0.00 0.00 0.00 0.00
2.00 22.00 5.00 8.00 9.55 18.75 17.33 0.00 0.00 0.00 0.00
2.00 23.00 5.00 8.00 8.84 17.04 15.79 0.00 0.00 0.00 0.00
2.00 24.00 5.00 8.00 8.16 15.49 14.40 0.00 0.00 0.00 0.00
2.00 1.00 6.00 8.00 7.69 14.19 13.23 0.00 0.00 0.00 -0.00
2.00 2.00 6.00 8.00 7.21 13.00 12.15 0.00 0.00 0.00 -0.00
2.00 3.00 6.00 8.00 6.82 11.94 11.20 0.00 0.00 0.00 -0.00
2.00 4.00 6.00 8.00 6.50 11.02 10.36 0.00 0.00 0.00 -0.00
2.00 5.00 6.00 8.00 6.21 10.19 9.62 0.00 0.00 0.00 0.00
2.00 6.00 6.00 8.00 5.96 9.46 8.95 0.00 0.00 0.00 0.00
2.00 7.00 6.00 8.00 5.88 8.88 8.43 0.00 4.38 0.00 0.00
2.00 8.00 6.00 8.00 6.33 11.90 19.95 29184.01 1016.93 5043.05 0.00
2.00 9.00 6.00 8.00 8.25 14.38 19.95 17647.81 6577.02 1334.32 0.00
2.00 10.00 6.00 8.00 11.56 18.98 19.95 1675.40 17465.97 0.00 0.00
2.00 11.00 6.00 8.00 15.42 23.68 23.87 0.00 25006.67 0.00 0.00
2.00 12.00 6.00 8.00 19.03 27.89 24.95 -10704.68 29710.56 0.00 0.00
2.00 13.00 6.00 8.00 22.02 31.37 24.95 -21828.91 32240.19 0.00 0.00
2.00 14.00 6.00 8.00 24.18 33.90 24.95 -29332.66 32715.56 0.00 0.00
2.00 15.00 6.00 8.00 25.10 44.22 29.01 -50000.00 80191.65 0.00 -1090.47
2.00 16.00 6.00 8.00 25.69 56.38 40.43 -50000.00 134417.43 0.00 0.00
2.00 17.00 6.00 8.00 24.08 62.41 46.14 -50000.00 160672.98 0.00 0.00
2.00 18.00 6.00 8.00 21.02 51.17 34.64 -50000.00 100949.46 0.00 0.00
2.00 19.00 6.00 8.00 17.68 30.65 26.58 0.00 0.00 0.00 0.00
2.00 20.00 6.00 8.00 15.69 26.63 24.39 0.00 0.00 0.00 0.00
2.00 21.00 6.00 8.00 13.95 23.90 22.11 0.00 0.00 0.00 0.00
2.00 22.00 6.00 8.00 12.81 21.79 20.25 0.00 0.00 0.00 0.00
2.00 23.00 6.00 8.00 11.87 19.98 18.62 0.00 0.00 0.00 0.00
2.00 24.00 6.00 8.00 11.16 18.42 17.23 0.00 0.00 0.00 0.00
2.00 1.00 7.00 8.00 10.50 17.01 15.97 0.00 0.00 0.00 0.00
2.00 2.00 7.00 8.00 9.84 15.71 14.79 0.00 0.00 0.00 0.00
2.00 3.00 7.00 8.00 9.13 14.46 13.65 0.00 0.00 0.00 0.00
2.00 4.00 7.00 8.00 8.50 13.33 12.62 0.00 0.00 0.00 0.00
2.00 5.00 7.00 8.00 7.87 12.26 11.63 0.00 0.00 0.00 0.00
2.00 6.00 7.00 8.00 7.29 11.28 10.73 0.00 0.00 0.00 0.00
2.00 7.00 7.00 8.00 6.85 10.43 9.94 0.00 4.38 0.00 0.00
2.00 8.00 7.00 8.00 6.61 12.73 19.95 26351.84 1016.93 3766.46 0.00
2.00 9.00 7.00 8.00 8.53 15.11 19.95 15431.20 6577.02 374.15 0.00
2.00 10.00 7.00 8.00 11.64 19.50 19.95 193.48 17465.97 0.00 0.00
2.00 11.00 7.00 8.00 15.38 24.05 24.15 0.00 25006.67 0.00 0.00
2.00 12.00 7.00 8.00 19.11 28.28 24.95 -11884.80 29710.56 0.00 0.00
2.00 13.00 7.00 8.00 21.50 31.31 24.95 -21348.13 32240.19 0.00 0.00
2.00 14.00 7.00 8.00 23.27 33.48 24.95 -27741.46 32715.56 0.00 0.00
2.00 15.00 7.00 8.00 24.06 43.63 28.42 -50000.00 80191.65 0.00 0.00
2.00 16.00 7.00 8.00 23.42 54.87 38.90 -50000.00 134417.43 0.00 0.00
2.00 17.00 7.00 8.00 22.08 60.94 44.66 -50000.00 160672.98 0.00 0.00
2.00 18.00 7.00 8.00 19.47 49.95 33.40 -50000.00 100949.46 0.00 0.00
2.00 19.00 7.00 8.00 16.70 29.84 25.75 0.00 0.00 0.00 0.00
2.00 20.00 7.00 8.00 15.09 26.04 23.78 0.00 0.00 0.00 0.00
2.00 21.00 7.00 8.00 13.81 23.58 21.77 0.00 0.00 0.00 0.00
2.00 22.00 7.00 8.00 12.97 21.68 20.12 0.00 0.00 0.00 0.00
2.00 23.00 7.00 8.00 12.35 20.09 18.72 0.00 0.00 0.00 0.00
2.00 24.00 7.00 8.00 11.76 18.66 17.45 0.00 0.00 0.00 0.00
2.00 1.00 1.00 8.00 11.34 17.43 16.38 0.00 0.00 0.00 0.00
2.00 2.00 1.00 8.00 10.99 16.36 15.43 0.00 0.00 0.00 0.00
2.00 3.00 1.00 8.00 10.61 15.37 14.55 0.00 0.00 0.00 -0.00
2.00 4.00 1.00 8.00 10.13 14.41 13.68 0.00 0.00 0.00 -0.00
2.00 5.00 1.00 8.00 9.75 13.56 12.92 0.00 0.00 0.00 -0.00
2.00 6.00 1.00 8.00 9.44 12.81 12.25 0.00 0.00 0.00 -0.00
2.00 7.00 1.00 8.00 9.08 12.09 11.59 0.00 4.38 0.00 -0.00
2.00 8.00 1.00 8.00 8.69 14.51 19.95 20134.44 1016.93 0.00 0.00
2.00 9.00 1.00 8.00 9.69 16.30 19.95 11842.22 6577.02 0.00 0.00
2.00 10.00 1.00 8.00 12.26 20.29 20.54 0.00 17465.97 0.00 0.00
2.00 11.00 1.00 8.00 15.34 24.35 24.37 0.00 25006.67 0.00 0.00
2.00 12.00 1.00 8.00 18.05 27.81 24.95 -10018.97 29710.56 0.00 0.00
2.00 13.00 1.00 8.00 19.63 30.16 24.95 -17316.84 32240.19 0.00 0.00
2.00 14.00 1.00 8.00 20.38 31.50 24.95 -21058.73 32715.56 0.00 0.00
2.00 15.00 1.00 8.00 20.41 40.96 25.94 -50000.00 80191.65 0.00 -216.61
2.00 16.00 1.00 8.00 20.20 52.34 36.43 -50000.00 134417.43 0.00 0.00
2.00 17.00 1.00 8.00 19.07 58.48 42.23 -50000.00 160672.98 0.00 0.00
2.00 18.00 1.00 8.00 17.19 47.91 31.41 -50000.00 100949.46 0.00 0.00
2.00 19.00 1.00 8.00 14.47 27.91 23.86 0.00 0.00 0.00 0.00
2.00 20.00 1.00 8.00 12.77 24.04 21.82 0.00 0.00 0.00 0.00
2.00 21.00 1.00 8.00 11.53 21.56 19.79 0.00 0.00 0.00 0.00
2.00 22.00 1.00 8.00 10.64 19.60 18.07 0.00 0.00 0.00 0.00
2.00 23.00 1.00 8.00 9.89 17.91 16.57 0.00 0.00 0.00 0.00
2.00 24.00 1.00 8.00 9.35 16.46 15.29 0.00 0.00 0.00 0.00
2.00 1.00 2.00 8.00 8.93 15.22 14.18 0.00 0.00 0.00 0.00
2.00 2.00 2.00 8.00 8.39 14.02 13.11 0.00 0.00 0.00 -0.00
2.00 3.00 2.00 8.00 8.02 13.00 12.19 0.00 0.00 0.00 -0.00
2.00 4.00 2.00 8.00 7.70 12.09 11.38 0.00 0.00 0.00 -0.00
2.00 5.00 2.00 8.00 7.45 11.31 10.68 0.00 0.00 0.00 -0.00
2.00 6.00 2.00 8.00 7.32 10.65 10.10 0.00 0.00 0.00 -0.00
2.00 7.00 2.00 8.00 7.31 10.14 9.65 0.00 4.38 0.00 -0.00
2.00 8.00 2.00 8.00 7.24 12.86 19.95 25877.72 1016.93 763.07 0.00
2.00 9.00 2.00 8.00 8.58 14.93 19.95 16109.10 6577.02 0.00 0.00
2.00 10.00 2.00 8.00 11.43 19.16 19.95 1329.92 17465.97 0.00 0.00
2.00 11.00 2.00 8.00 14.89 23.53 23.66 0.00 25006.67 0.00 0.00
2.00 12.00 2.00 8.00 18.07 27.38 24.95 -8757.27 29710.56 0.00 0.00
2.00 13.00 2.00 8.00 20.09 30.11 24.95 -17471.45 32240.19 0.00 0.00
2.00 14.00 2.00 8.00 21.54 32.03 24.95 -23106.20 32715.56 0.00 0.00
2.00 15.00 2.00 8.00 21.85 41.79 26.76 -50000.00 80191.65 0.00 -1347.26
2.00 16.00 2.00 8.00 21.54 53.19 37.31 -50000.00 134417.43 0.00 0.00
2.00 17.00 2.00 8.00 20.37 59.37 43.15 -50000.00 160672.98 0.00 0.00
2.00 18.00 2.00 8.00 18.62 48.95 32.46 -50000.00 100949.46 0.00 0.00
2.00 19.00 2.00 8.00 15.39 28.59 24.56 0.00 0.00 0.00 0.00
2.00 20.00 2.00 8.00 13.50 24.61 22.41 0.00 0.00 0.00 0.00
2.00 21.00 2.00 8.00 12.08 22.04 20.29 0.00 0.00 0.00 0.00
2.00 22.00 2.00 8.00 11.25 20.11 18.60 0.00 0.00 0.00 0.00
2.00 23.00 2.00 8.00 10.65 18.51 17.19 0.00 0.00 0.00 0.00
2.00 24.00 2.00 8.00 10.22 17.15 15.99 0.00 0.00 0.00 0.00
2.00 1.00 3.00 8.00 8.54 15.24 14.22 0.00 0.00 0.00 0.00
2.00 2.00 3.00 8.00 8.38 14.16 13.26 0.00 0.00 0.00 -0.00
2.00 3.00 3.00 8.00 7.90 13.07 12.27 0.00 0.00 0.00 -0.00
2.00 4.00 3.00 8.00 7.64 12.16 11.46 0.00 0.00 0.00 -0.00
2.00 5.00 3.00 8.00 7.36 11.34 10.72 0.00 0.00 0.00 -0.00
2.00 6.00 3.00 8.00 7.52 10.83 10.28 0.00 0.00 0.00 -0.00
2.00 7.00 3.00 8.00 7.45 10.30 9.81 0.00 4.38 0.00 -0.00
2.00 8.00 3.00 8.00 7.27 16.46 16.03 0.00 1016.93 0.00 0.00
2.00 9.00 3.00 8.00 8.63 19.52 19.14 0.00 6577.02 0.00 0.00
2.00 10.00 3.00 8.00 10.78 24.31 23.98 0.00 17465.97 0.00 0.00
2.00 11.00 3.00 8.00 13.71 29.09 28.79 0.00 25006.67 0.00 0.00
2.00 12.00 3.00 8.00 15.74 32.83 32.57 0.00 29710.56 0.00 0.00
2.00 13.00 3.00 8.00 16.94 35.53 35.30 0.00 32240.19 0.00 0.00
2.00 14.00 3.00 8.00 17.03 36.96 36.75 0.00 32715.56 0.00 0.00
2.00 15.00 3.00 8.00 17.65 51.39 51.21 0.00 80191.65 0.00 0.00
2.00 16.00 3.00 8.00 17.00 69.09 68.93 0.00 134417.43 0.00 0.00
2.00 17.00 3.00 8.00 16.26 80.25 80.11 0.00 160672.98 0.00 0.00
2.00 18.00 3.00 8.00 14.25 66.54 66.42 0.00 100949.46 0.00 0.00
2.00 19.00 3.00 8.00 11.64 30.62 30.51 0.00 0.00 0.00 -0.00
2.00 20.00 3.00 8.00 10.25 24.53 24.44 0.00 0.00 0.00 -0.00
2.00 21.00 3.00 8.00 9.07 21.50 21.42 0.00 0.00 0.00 0.00
2.00 22.00 3.00 8.00 8.18 19.22 19.15 0.00 0.00 0.00 0.00
2.00 23.00 3.00 8.00 8.12 17.65 17.58 0.00 0.00 0.00 0.00
2.00 24.00 3.00 8.00 7.91 16.22 16.16 0.00 0.00 0.00 0.00
2.00 1.00 4.00 8.00 7.86 15.06 15.00 0.00 0.00 0.00 0.00
2.00 2.00 4.00 8.00 7.79 14.02 13.98 0.00 0.00 0.00 0.00
2.00 3.00 4.00 8.00 7.57 13.03 12.99 0.00 0.00 0.00 -0.00
2.00 4.00 4.00 8.00 7.42 12.18 12.14 0.00 0.00 0.00 -0.00
2.00 5.00 4.00 8.00 7.26 11.41 11.38 0.00 0.00 0.00 -0.00
2.00 6.00 4.00 8.00 7.43 10.89 10.86 0.00 0.00 0.00 -0.00
2.00 7.00 4.00 8.00 7.37 10.36 10.33 0.00 4.38 0.00 -0.00
2.00 8.00 4.00 8.00 7.22 16.52 16.50 0.00 1016.93 0.00 0.00
2.00 9.00 4.00 8.00 8.60 19.59 19.56 0.00 6577.02 0.00 0.00
2.00 10.00 4.00 8.00 11.07 24.55 24.53 0.00 17465.97 0.00 0.00
2.00 11.00 4.00 8.00 14.01 29.35 29.33 0.00 25006.67 0.00 0.00
2.00 12.00 4.00 8.00 16.62 33.42 33.40 0.00 29710.56 0.00 0.00
2.00 13.00 4.00 8.00 18.89 36.77 36.75 0.00 32240.19 0.00 0.00
2.00 14.00 4.00 8.00 20.42 39.11 39.10 0.00 32715.56 0.00 0.00
2.00 15.00 4.00 8.00 21.15 53.81 53.80 0.00 80191.65 0.00 0.00
2.00 16.00 4.00 8.00 21.21 72.05 72.04 0.00 134417.43 0.00 0.00
2.00 17.00 4.00 8.00 20.08 83.18 83.17 0.00 160672.98 0.00 0.00
2.00 18.00 4.00 8.00 17.33 69.17 69.17 0.00 100949.46 0.00 0.00
2.00 19.00 4.00 8.00 14.28 33.05 33.04 0.00 0.00 0.00 -0.00
2.00 20.00 4.00 8.00 12.73 26.89 26.88 0.00 0.00 0.00 -0.00
2.00 21.00 4.00 8.00 11.17 23.65 23.65 0.00 0.00 0.00 0.00
2.00 22.00 4.00 8.00 10.09 21.25 21.25 0.00 0.00 0.00 0.00
2.00 23.00 4.00 8.00 9.87 19.56 19.56 0.00 0.00 0.00 0.00
2.00 24.00 4.00 8.00 9.58 18.07 18.06 0.00 0.00 0.00 0.00
2.00 1.00 5.00 8.00 9.39 16.80 16.79 0.00 0.00 0.00 0.00
2.00 2.00 5.00 8.00 9.31 15.73 15.72 0.00 0.00 0.00 0.00
2.00 3.00 5.00 8.00 8.98 14.65 14.65 0.00 0.00 0.00 0.00
2.00 4.00 5.00 8.00 8.71 13.70 13.70 0.00 0.00 0.00 0.00
2.00 5.00 5.00 8.00 8.45 12.84 12.84 0.00 0.00 0.00 0.00
2.00 6.00 5.00 8.00 8.14 12.03 12.03 0.00 0.00 0.00 0.00
2.00 7.00 5.00 8.00 8.50 11.65 11.65 0.00 4.38 0.00 0.00
2.00 8.00 5.00 8.00 8.97 14.63 19.95 18638.20 1016.93 0.00 0.00
2.00 9.00 5.00 8.00 11.07 17.24 19.95 7803.60 6577.02 0.00 0.00
2.00 10.00 5.00 8.00 14.55 21.95 22.31 0.00 17465.97 0.00 0.00
2.00 11.00 5.00 8.00 18.71 26.87 24.95 -7339.00 25006.67 0.00 0.00
2.00 12.00 5.00 8.00 22.33 31.12 24.95 -21425.86 29710.56 0.00 0.00
2.00 13.00 5.00 8.00 25.31 34.60 24.95 -32060.45 32240.19 0.00 0.00
2.00 14.00 5.00 8.00 27.55 37.20 24.95 -39568.63 32715.56 0.00 -7171.68
2.00 15.00 5.00 8.00 28.65 47.65 32.01 -50000.00 80191.65 0.00 0.00
2.00 16.00 5.00 8.00 28.26 59.15 43.00 -50000.00 134417.43 0.00 0.00
2.00 17.00 5.00 8.00 26.65 65.13 48.69 -50000.00 160672.98 0.00 0.00
2.00 18.00 5.00 8.00 23.06 53.50 36.83 -50000.00 100949.46 0.00 0.00
2.00 19.00 5.00 8.00 19.70 33.02 28.77 0.00 0.00 0.00 0.00
2.00 20.00 5.00 8.00 17.24 28.71 26.31 0.00 0.00 0.00 0.00
2.00 21.00 5.00 8.00 15.66 25.99 24.05 0.00 0.00 0.00 0.00
2.00 22.00 5.00 8.00 14.40 23.77 22.10 0.00 0.00 0.00 0.00
2.00 23.00 5.00 8.00 13.41 21.87 20.41 0.00 0.00 0.00 0.00
2.00 24.00 5.00 8.00 12.64 20.24 18.95 0.00 0.00 0.00 0.00
2.00 1.00 6.00 8.00 12.09 18.85 17.71 0.00 0.00 0.00 0.00
2.00 2.00 6.00 8.00 11.50 17.55 16.56 0.00 0.00 0.00 0.00
2.00 3.00 6.00 8.00 10.89 16.34 15.46 0.00 0.00 0.00 0.00
2.00 4.00 6.00 8.00 10.29 15.22 14.44 0.00 0.00 0.00 0.00
2.00 5.00 6.00 8.00 9.48 14.04 13.36 0.00 0.00 0.00 0.00
2.00 6.00 6.00 8.00 8.98 13.08 12.48 0.00 0.00 0.00 0.00
2.00 7.00 6.00 8.00 8.50 12.19 11.66 0.00 4.38 0.00 0.00
2.00 8.00 6.00 8.00 8.04 14.29 19.95 20965.23 1016.93 0.00 0.00
2.00 9.00 6.00 8.00 9.01 15.99 19.95 12910.88 6577.02 0.00 0.00
2.00 10.00 6.00 8.00 11.74 20.03 20.30 0.00 17465.97 0.00 0.00
2.00 11.00 6.00 8.00 14.62 23.92 23.94 0.00 25006.67 0.00 0.00
2.00 12.00 6.00 8.00 16.79 26.96 24.95 -7045.79 29710.56 0.00 0.00
2.00 13.00 6.00 8.00 19.08 29.73 24.95 -16087.57 32240.19 0.00 0.00
2.00 14.00 6.00 8.00 20.28 31.39 24.95 -20866.14 32715.56 0.00 0.00
2.00 15.00 6.00 8.00 20.63 41.09 26.09 -50000.00 80191.65 0.00 -1560.28
2.00 16.00 6.00 8.00 20.67 52.67 36.78 -50000.00 134417.43 0.00 0.00
2.00 17.00 6.00 8.00 20.03 59.16 42.94 -50000.00 160672.98 0.00 0.00
2.00 18.00 6.00 8.00 17.94 48.51 32.02 -50000.00 100949.46 0.00 0.00
2.00 19.00 6.00 8.00 15.01 28.36 24.33 0.00 0.00 0.00 0.00
2.00 20.00 6.00 8.00 13.56 24.63 22.43 0.00 0.00 0.00 0.00
2.00 21.00 6.00 8.00 12.14 22.08 20.33 0.00 0.00 0.00 0.00
2.00 22.00 6.00 8.00 11.29 20.15 18.64 0.00 0.00 0.00 0.00
2.00 23.00 6.00 8.00 10.79 18.60 17.28 0.00 0.00 0.00 0.00
2.00 24.00 6.00 8.00 10.50 17.33 16.17 0.00 0.00 0.00 0.00
2.00 1.00 7.00 8.00 10.33 16.27 15.24 0.00 0.00 0.00 -0.00
2.00 2.00 7.00 8.00 10.06 15.27 14.36 0.00 0.00 0.00 -0.00
2.00 3.00 7.00 8.00 9.81 14.38 13.58 0.00 0.00 0.00 -0.00
2.00 4.00 7.00 8.00 9.57 13.57 12.87 0.00 0.00 0.00 -0.00
2.00 5.00 7.00 8.00 9.27 12.81 12.19 0.00 0.00 0.00 -0.00
2.00 6.00 7.00 8.00 9.17 12.22 11.67 0.00 0.00 0.00 -0.00
2.00 7.00 7.00 8.00 8.94 11.62 11.13 0.00 4.38 0.00 -0.00
2.00 8.00 7.00 8.00 8.77 14.33 19.95 20733.76 1016.93 0.00 0.00
2.00 9.00 7.00 8.00 9.74 16.15 19.95 12301.95 6577.02 0.00 0.00
2.00 10.00 7.00 8.00 12.33 20.18 20.45 0.00 17465.97 0.00 0.00
2.00 11.00 7.00 8.00 16.13 24.75 24.79 0.00 25006.67 0.00 0.00
2.00 12.00 7.00 8.00 19.27 28.58 24.95 -12777.61 29710.56 0.00 0.00
2.00 13.00 7.00 8.00 21.31 31.33 24.95 -21212.31 32240.19 0.00 0.00
2.00 14.00 7.00 8.00 22.31 32.93 24.95 -25668.37 32715.56 0.00 0.00
2.00 15.00 7.00 8.00 22.79 42.78 27.60 -50000.00 80191.65 0.00 -3210.59
2.00 16.00 7.00 8.00 23.05 54.58 38.60 -50000.00 134417.43 0.00 0.00
2.00 17.00 7.00 8.00 22.38 61.13 44.83 -50000.00 160672.98 0.00 0.00
2.00 18.00 7.00 8.00 20.03 50.35 33.79 -50000.00 100949.46 0.00 0.00
2.00 19.00 7.00 8.00 16.63 29.87 25.76 0.00 0.00 0.00 0.00
2.00 20.00 7.00 8.00 14.97 26.01 23.73 0.00 0.00 0.00 0.00
2.00 21.00 7.00 8.00 13.36 23.35 21.53 0.00 0.00 0.00 0.00
2.00 22.00 7.00 8.00 12.52 21.40 19.83 0.00 0.00 0.00 0.00
2.00 23.00 7.00 8.00 11.99 19.84 18.46 0.00 0.00 0.00 0.00
2.00 24.00 7.00 8.00 11.60 18.51 17.30 0.00 0.00 0.00 0.00
2.00 1.00 1.00 8.00 11.25 17.33 16.26 0.00 0.00 0.00 0.00
2.00 2.00 1.00 8.00 10.68 16.14 15.20 0.00 0.00 0.00 0.00
2.00 3.00 1.00 8.00 9.99 14.96 14.14 0.00 0.00 0.00 -0.00
2.00 4.00 1.00 8.00 9.36 13.88 13.15 0.00 0.00 0.00 -0.00
2.00 5.00 1.00 8.00 8.62 12.79 12.15 0.00 0.00 0.00 0.00
2.00 6.00 1.00 8.00 8.18 11.92 11.35 0.00 0.00 0.00 0.00
2.00 7.00 1.00 8.00 7.88 11.17 10.67 0.00 4.38 0.00 -0.00
2.00 8.00 1.00 8.00 8.12 13.93 19.95 22182.53 1016.93 0.00 0.00
2.00 9.00 1.00 8.00 9.40 15.92 19.95 12996.07 6577.02 0.00 0.00
2.00 10.00 1.00 8.00 12.52 20.31 20.61 0.00 17465.97 0.00 0.00
2.00 11.00 1.00 8.00 16.11 24.77 24.81 0.00 25006.67 0.00 0.00
2.00 12.00 1.00 8.00 19.52 28.78 24.95 -13467.28 29710.56 0.00 0.00
2.00 13.00 1.00 8.00 22.14 31.94 24.95 -23289.61 32240.19 0.00 -975.10
2.00 14.00 1.00 8.00 24.02 34.20 24.95 -29927.98 32715.56 0.00 -2602.13
2.00 15.00 1.00 8.00 24.77 44.33 29.01 -50000.00 80191.65 0.00 -2119.98
2.00 16.00 1.00 8.00 25.13 56.26 40.23 -50000.00 134417.43 0.00 0.00
2.00 17.00 1.00 8.00 23.99 62.55 46.21 -50000.00 160672.98 0.00 0.00
2.00 18.00 1.00 8.00 21.31 51.55 34.96 -50000.00 100949.46 0.00 0.00
2.00 19.00 1.00 8.00 17.96 31.07 26.92 0.00 0.00 0.00 0.00
2.00 20.00 1.00 8.00 16.21 27.17 24.86 0.00 0.00 0.00 0.00
2.00 21.00 1.00 8.00 14.41 24.41 22.56 0.00 0.00 0.00 0.00
2.00 22.00 1.00 8.00 13.52 22.43 20.84 0.00 0.00 0.00 0.00
2.00 23.00 1.00 8.00 12.74 20.72 19.32 0.00 0.00 0.00 0.00
2.00 24.00 1.00 8.00 12.19 19.28 18.05 0.00 0.00 0.00 0.00
2.00 1.00 2.00 8.00 11.73 18.01 16.93 0.00 0.00 0.00 0.00
2.00 2.00 2.00 8.00 11.14 16.78 15.82 0.00 0.00 0.00 0.00
2.00 3.00 2.00 8.00 10.40 15.55 14.71 0.00 0.00 0.00 0.00
2.00 4.00 2.00 8.00 9.99 14.56 13.82 0.00 0.00 0.00 0.00
2.00 5.00 2.00 8.00 9.49 13.61 12.95 0.00 0.00 0.00 0.00
2.00 6.00 2.00 8.00 9.24 12.85 12.27 0.00 0.00 0.00 -0.00
2.00 7.00 2.00 8.00 9.00 12.16 11.65 0.00 4.38 0.00 -0.00
2.00 8.00 2.00 8.00 9.07 14.85 19.95 18960.68 1016.93 0.00 0.00
2.00 9.00 2.00 8.00 9.19 16.04 19.95 12875.40 6577.02 0.00 0.00
2.00 10.00 2.00 8.00 11.59 19.86 20.12 0.00 17465.97 0.00 0.00
2.00 11.00 2.00 8.00 14.00 23.41 23.43 0.00 25006.67 0.00 0.00
2.00 12.00 2.00 8.00 16.63 26.74 24.95 -6275.37 29710.56 0.00 0.00
2.00 13.00 2.00 8.00 18.87 29.49 24.95 -15326.25 32240.19 0.00 0.00
2.00 14.00 2.00 8.00 20.23 31.27 24.95 -20519.85 32715.56 0.00 0.00
2.00 15.00 2.00 8.00 20.68 41.05 26.07 -50000.00 80191.65 0.00 -4948.31
2.00 16.00 2.00 8.00 20.53 52.51 36.63 -50000.00 134417.43 0.00 0.00
2.00 17.00 2.00 8.00 19.30 58.59 42.38 -50000.00 160672.98 0.00 0.00
2.00 18.00 2.00 8.00 17.01 47.77 31.28 -50000.00 100949.46 0.00 0.00
2.00 19.00 2.00 8.00 14.53 27.89 23.87 0.00 0.00 0.00 0.00
2.00 20.00 2.00 8.00 13.44 24.37 22.18 0.00 0.00 0.00 0.00
2.00 21.00 2.00 8.00 12.45 22.09 20.34 0.00 0.00 0.00 0.00
2.00 22.00 2.00 8.00 11.66 20.25 18.74 0.00 0.00 0.00 0.00
2.00 23.00 2.00 8.00 11.24 18.79 17.46 0.00 0.00 0.00 0.00
2.00 24.00 2.00 8.00 10.66 17.39 16.23 0.00 0.00 0.00 0.00
2.00 1.00 3.00 8.00 10.24 16.20 15.17 0.00 0.00 0.00 -0.00
2.00 2.00 3.00 8.00 9.89 15.14 14.24 0.00 0.00 0.00 -0.00
2.00 3.00 3.00 8.00 9.51 14.17 13.37 0.00 0.00 0.00 -0.00
2.00 4.00 3.00 8.00 9.35 13.39 12.69 0.00 0.00 0.00 -0.00
2.00 5.00 3.00 8.00 9.28 12.75 12.13 0.00 0.00 0.00 -0.00
2.00 6.00 3.00 8.00 9.37 12.27 11.73 0.00 0.00 0.00 -0.00
2.00 7.00 3.00 8.00 9.13 11.69 11.21 0.00 4.38 0.00 -0.00
2.00 8.00 3.00 8.00 9.14 17.99 17.56 0.00 1016.93 0.00 0.00
2.00 9.00 3.00 8.00 10.50 21.10 20.72 0.00 6577.02 0.00 0.00
2.00 10.00 3.00 8.00 12.83 26.03 25.70 0.00 17465.97 0.00 0.00
2.00 11.00 3.00 8.00 15.71 30.82 30.53 0.00 25006.67 0.00 0.00
2.00 12.00 3.00 8.00 19.24 35.42 35.16 0.00 29710.56 0.00 0.00
2.00 13.00 3.00 8.00 22.46 39.38 39.15 0.00 32240.19 0.00 0.00
2.00 14.00 3.00 8.00 24.51 42.17 41.96 0.00 32715.56 0.00 0.00
2.00 15.00 3.00 8.00 24.56 56.64 56.46 0.00 80191.65 0.00 0.00
2.00 16.00 3.00 8.00 24.37 74.80 74.64 0.00 134417.43 0.00 0.00
2.00 17.00 3.00 8.00 22.84 85.76 85.61 0.00 160672.98 0.00 0.00
2.00 18.00 3.00 8.00 19.94 71.67 71.55 0.00 100949.46 0.00 0.00
2.00 19.00 3.00 8.00 16.94 35.58 35.47 0.00 0.00 0.00 -0.00
2.00 20.00 3.00 8.00 15.48 29.48 29.38 0.00 0.00 0.00 -0.00
2.00 21.00 3.00 8.00 14.01 26.31 26.23 0.00 0.00 0.00 0.00
2.00 22.00 3.00 8.00 12.79 23.86 23.78 0.00 0.00 0.00 0.00
2.00 23.00 3.00 8.00 12.29 22.02 21.95 0.00 0.00 0.00 0.00
2.00 24.00 3.00 8.00 11.89 20.45 20.39 0.00 0.00 0.00 0.00
2.00 1.00 4.00 8.00 11.49 19.05 18.99 0.00 0.00 0.00 0.00
2.00 2.00 4.00 8.00 10.88 17.66 17.61 0.00 0.00 0.00 0.00
2.00 3.00 4.00 8.00 10.48 16.48 16.44 0.00 0.00 0.00 0.00
2.00 4.00 4.00 8.00 10.20 15.48 15.44 0.00 0.00 0.00 0.00
2.00 5.00 4.00 8.00 9.83 14.52 14.49 0.00 0.00 0.00 0.00
2.00 6.00 4.00 8.00 9.53 13.67 13.64 0.00 0.00 0.00 0.00
2.00 7.00 4.00 8.00 9.02 12.78 12.76 0.00 4.38 0.00 -0.00
2.00 8.00 4.00 8.00 8.80 18.79 18.77 0.00 1016.93 0.00 0.00
2.00 9.00 4.00 8.00 9.92 21.62 21.60 0.00 6577.02 0.00 0.00
2.00 10.00 4.00 8.00 12.87 26.75 26.74 0.00 17465.97 0.00 0.00
2.00 11.00 4.00 8.00 16.59 31.94 31.92 0.00 25006.67 0.00 0.00
2.00 12.00 4.00 8.00 20.16 36.56 36.54 0.00 29710.56 0.00 0.00
2.00 13.00 4.00 8.00 22.85 40.22 40.21 0.00 32240.19 0.00 0.00
2.00 14.00 4.00 8.00 24.57 42.75 42.74 0.00 32715.56 0.00 0.00
2.00 15.00 4.00 8.00 25.33 57.55 57.54 0.00 80191.65 0.00 0.00
2.00 16.00 4.00 8.00 24.84 75.54 75.53 0.00 134417.43 0.00 0.00
2.00 17.00 4.00 8.00 23.50 86.57 86.56 0.00 160672.98 0.00 0.00
2.00 18.00 4.00 8.00 21.12 72.75 72.75 0.00 100949.46 0.00 0.00
2.00 19.00 4.00 8.00 17.72 36.47 36.47 0.00 0.00 0.00 -0.00
2.00 20.00 4.00 8.00 15.80 30.11 30.10 0.00 0.00 0.00 -0.00
2.00 21.00 4.00 8.00 14.28 26.86 26.86 0.00 0.00 0.00 0.00
2.00 22.00 4.00 8.00 13.27 24.48 24.48 0.00 0.00 0.00 0.00
2.00 23.00 4.00 8.00 12.73 22.61 22.61 0.00 0.00 0.00 0.00
2.00 24.00 4.00 8.00 12.28 21.00 21.00 0.00 0.00 0.00 0.00
2.00 1.00 5.00 8.00 11.92 19.60 19.60 0.00 0.00 0.00 0.00
2.00 2.00 5.00 8.00 11.41 18.25 18.25 0.00 0.00 0.00 -0.00
2.00 3.00 5.00 8.00 10.84 16.98 16.98 0.00 0.00 0.00 -0.00
2.00 4.00 5.00 8.00 10.26 15.78 15.78 0.00 0.00 0.00 -0.00
2.00 5.00 5.00 8.00 9.90 14.79 14.79 0.00 0.00 0.00 -0.00
2.00 6.00 5.00 8.00 9.60 13.92 13.92 0.00 0.00 0.00 -0.00
2.00 7.00 5.00 8.00 9.16 13.05 13.05 0.00 4.38 0.00 -0.00
2.00 8.00 5.00 8.00 9.01 15.29 19.95 16331.14 1016.93 0.00 0.00
2.00 9.00 5.00 8.00 10.23 17.17 19.95 8267.20 6577.02 0.00 0.00
2.00 10.00 5.00 8.00 12.81 21.12 21.47 0.00 17465.97 0.00 0.00
2.00 11.00 5.00 8.00 16.02 25.23 24.95 -1563.09 25006.67 0.00 0.00
2.00 12.00 5.00 8.00 18.83 28.74 24.95 -13596.13 29710.56 0.00 0.00
2.00 13.00 5.00 8.00 20.77 31.33 24.95 -21435.35 32240.19 0.00 -235.49
2.00 14.00 5.00 8.00 21.80 32.88 24.95 -25717.43 32715.56 0.00 0.00
2.00 15.00 5.00 8.00 22.16 42.58 27.46 -50000.00 80191.65 0.00 -3987.55
2.00 16.00 5.00 8.00 21.74 53.84 37.92 -50000.00 134417.43 0.00 0.00
2.00 17.00 5.00 8.00 20.88 60.16 43.91 -50000.00 160672.98 0.00 0.00
2.00 18.00 5.00 8.00 19.07 49.68 33.17 -50000.00 100949.46 0.00 0.00
2.00 19.00 5.00 8.00 15.90 29.41 25.36 0.00 0.00 0.00 0.00
2.00 20.00 5.00 8.00 14.17 25.50 23.28 0.00 0.00 0.00 0.00
2.00 21.00 5.00 8.00 12.82 22.95 21.18 0.00 0.00 0.00 0.00
2.00 22.00 5.00 8.00 11.76 20.89 19.36 0.00 0.00 0.00 0.00
2.00 23.00 5.00 8.00 11.27 19.30 17.97 0.00 0.00 0.00 0.00
2.00 24.00 5.00 8.00 10.92 17.97 16.80 0.00 0.00 0.00 0.00
2.00 1.00 6.00 8.00 10.78 16.90 15.86 0.00 0.00 0.00 -0.00
2.00 2.00 6.00 8.00 10.55 15.90 14.99 0.00 0.00 0.00 -0.00
2.00 3.00 6.00 8.00 10.26 14.97 14.17 0.00 0.00 0.00 -0.00
2.00 4.00 6.00 8.00 9.91 14.09 13.38 0.00 0.00 0.00 -0.00
2.00 5.00 6.00 8.00 9.69 13.34 12.72 0.00 0.00 0.00 -0.00
2.00 6.00 6.00 8.00 9.69 12.79 12.24 0.00 0.00 0.00 -0.00
2.00 7.00 6.00 8.00 9.45 12.18 11.70 0.00 4.38 0.00 -0.00
2.00 8.00 6.00 8.00 9.31 14.89 19.95 18756.07 1016.93 0.00 0.00
2.00 9.00 6.00 8.00 10.15 16.62 19.95 10826.29 6577.02 0.00 0.00
2.00 10.00 6.00 8.00 12.37 20.38 20.60 0.00 17465.97 0.00 0.00
2.00 11.00 6.00 8.00 15.02 24.13 24.14 0.00 25006.67 0.00 0.00
2.00 12.00 6.00 8.00 17.23 27.22 24.95 -7927.52 29710.56 0.00 0.00
2.00 13.00 6.00 8.00 18.72 29.46 24.95 -15040.33 32240.19 0.00 0.00
2.00 14.00 6.00 8.00 19.34 30.68 24.95 -18452.12 32715.56 0.00 0.00
2.00 15.00 6.00 8.00 19.27 40.04 25.11 -50000.00 80191.65 0.00 -2566.95
2.00 16.00 6.00 8.00 19.36 51.60 35.73 -50000.00 134417.43 0.00 0.00
2.00 17.00 6.00 8.00 18.64 58.00 41.79 -50000.00 160672.98 0.00 0.00
2.00 18.00 6.00 8.00 16.84 47.52 31.04 -50000.00 100949.46 0.00 0.00
2.00 19.00 6.00 8.00 13.74 27.30 23.29 0.00 0.00 0.00 0.00
2.00 20.00 6.00 8.00 12.09 23.43 21.24 0.00 0.00 0.00 0.00
2.00 21.00 6.00 8.00 10.90 20.97 19.22 0.00 0.00 0.00 0.00
2.00 22.00 6.00 8.00 10.14 19.08 17.57 0.00 0.00 0.00 0.00
2.00 23.00 6.00 8.00 9.79 17.61 16.29 0.00 0.00 0.00 0.00
2.00 24.00 6.00 8.00 9.56 16.37 15.22 0.00 0.00 0.00 0.00
2.00 1.00 7.00 8.00 9.64 15.45 14.43 0.00 0.00 0.00 0.00
2.00 2.00 7.00 8.00 9.77 14.70 13.80 0.00 0.00 0.00 -0.00
2.00 3.00 7.00 8.00 9.72 13.96 13.17 0.00 0.00 0.00 -0.00
2.00 4.00 7.00 8.00 9.63 13.29 12.59 0.00 0.00 0.00 -0.00
2.00 5.00 7.00 8.00 9.59 12.72 12.11 0.00 0.00 0.00 -0.00
2.00 6.00 7.00 8.00 9.91 12.42 11.87 0.00 0.00 0.00 -0.00
2.00 7.00 7.00 8.00 9.85 11.99 11.51 0.00 4.38 0.00 -0.00
2.00 8.00 7.00 8.00 9.72 14.95 19.95 18554.87 1016.93 0.00 0.00
2.00 9.00 7.00 8.00 10.73 16.85 19.95 10018.49 6577.02 0.00 0.00
2.00 10.00 7.00 8.00 13.14 20.80 21.00 0.00 17465.97 0.00 0.00
2.00 11.00 7.00 8.00 15.89 24.68 24.68 0.00 25006.67 0.00 0.00
2.00 12.00 7.00 8.00 18.23 27.90 24.95 -10294.62 29710.56 0.00 0.00
2.00 13.00 7.00 8.00 19.96 30.36 24.95 -17952.51 32240.19 0.00 -585.07
2.00 14.00 7.00 8.00 20.81 31.79 24.95 -21978.30 32715.56 0.00 0.00
2.00 15.00 7.00 8.00 20.77 41.22 26.16 -50000.00 80191.65 0.00 -4067.56
2.00 16.00 7.00 8.00 20.87 52.83 36.90 -50000.00 134417.43 0.00 0.00
2.00 17.00 7.00 8.00 19.97 59.15 42.89 -50000.00 160672.98 0.00 0.00
2.00 18.00 7.00 8.00 18.26 48.75 32.23 -50000.00 100949.46 0.00 0.00
2.00 19.00 7.00 8.00 15.01 28.41 24.34 0.00 0.00 0.00 0.00
2.00 20.00 7.00 8.00 13.03 24.37 22.13 0.00 0.00 0.00 0.00
2.00 21.00 7.00 8.00 11.77 21.85 20.07 0.00 0.00 0.00 0.00
2.00 22.00 7.00 8.00 10.83 19.86 18.31 0.00 0.00 0.00 0.00
2.00 23.00 7.00 8.00 10.46 18.36 17.01 0.00 0.00 0.00 0.00
2.00 24.00 7.00 8.00 10.13 17.06 15.87 0.00 0.00 0.00 0.00
2.00 1.00 1.00 9.00 9.92 15.96 14.91 0.00 0.00 0.00 0.00
2.00 2.00 1.00 9.00 9.77 15.01 14.09 0.00 0.00 0.00 -0.00
2.00 3.00 1.00 9.00 9.63 14.18 13.37 0.00 0.00 0.00 -0.00
2.00 4.00 1.00 9.00 9.52 13.45 12.73 0.00 0.00 0.00 -0.00
2.00 5.00 1.00 9.00 9.32 12.76 12.13 0.00 0.00 0.00 -0.00
2.00 6.00 1.00 9.00 9.41 12.28 11.72 0.00 0.00 0.00 -0.00
2.00 7.00 1.00 9.00 9.17 11.70 11.21 0.00 1.57 0.00 -0.00
2.00 8.00 1.00 9.00 9.00 14.75 20.24 20296.87 2592.45 0.00 0.00
2.00 9.00 1.00 9.00 10.25 17.51 20.24 8587.11 12049.89 0.00 0.00
2.00 10.00 1.00 9.00 12.74 21.23 21.40 0.00 21122.75 0.00 0.00
2.00 11.00 1.00 9.00 15.89 25.49 25.24 -884.19 29279.41 0.00 0.00
2.00 12.00 1.00 9.00 18.41 29.24 25.24 -13889.84 35854.99 0.00 0.00
2.00 13.00 1.00 9.00 20.86 32.42 25.24 -23816.75 39156.14 0.00 -3465.02
2.00 14.00 1.00 9.00 21.89 33.41 25.24 -25966.03 35890.97 0.00 -3483.23
2.00 15.00 1.00 9.00 22.47 47.06 31.82 -50000.00 103620.33 0.00 -1208.94
2.00 16.00 1.00 9.00 22.55 60.23 44.21 -50000.00 163706.00 0.00 0.00
2.00 17.00 1.00 9.00 21.73 70.37 54.03 -50000.00 207990.99 2548.62 0.00
2.00 18.00 1.00 9.00 19.77 74.38 57.79 -50000.00 223056.30 6427.58 0.00
2.00 19.00 1.00 9.00 16.64 81.82 77.67 0.00 168775.59 0.00 0.00
2.00 20.00 1.00 9.00 14.85 37.54 35.23 0.00 0.00 0.00 -0.00
2.00 21.00 1.00 9.00 13.38 30.47 28.62 0.00 0.00 0.00 -0.00
2.00 22.00 1.00 9.00 12.44 27.12 25.52 0.00 0.00 0.00 0.00
2.00 23.00 1.00 9.00 11.93 24.74 23.34 0.00 0.00 0.00 0.00
2.00 24.00 1.00 9.00 11.47 22.73 21.50 0.00 0.00 0.00 0.00
2.00 1.00 2.00 9.00 11.18 21.04 19.95 0.00 0.00 0.00 0.00
2.00 2.00 2.00 9.00 11.05 19.62 18.67 0.00 0.00 0.00 -0.00
2.00 3.00 2.00 9.00 10.99 18.42 17.58 0.00 0.00 0.00 -0.00
2.00 4.00 2.00 9.00 11.07 17.44 16.70 0.00 0.00 0.00 -0.00
2.00 5.00 2.00 9.00 10.81 16.42 15.77 0.00 0.00 0.00 -0.00
2.00 6.00 2.00 9.00 10.40 15.41 14.83 0.00 0.00 0.00 -0.00
2.00 7.00 2.00 9.00 10.03 14.49 13.98 0.00 1.57 0.00 -0.00
2.00 8.00 2.00 9.00 9.68 16.65 20.24 13672.24 2592.45 0.00 0.00
2.00 9.00 2.00 9.00 10.49 18.90 20.24 4368.71 12049.89 0.00 0.00
2.00 10.00 2.00 9.00 12.28 21.97 21.96 0.00 21122.75 0.00 0.00
2.00 11.00 2.00 9.00 14.81 25.62 25.24 -1030.99 29279.41 0.00 0.00
2.00 12.00 2.00 9.00 16.79 28.81 25.24 -12142.60 35854.99 0.00 0.00
2.00 13.00 2.00 9.00 18.38 31.22 25.24 -19556.17 39156.14 0.00 0.00
2.00 14.00 2.00 9.00 18.76 31.56 25.24 -19770.38 35890.97 0.00 0.00
2.00 15.00 2.00 9.00 18.70 44.57 29.49 -50000.00 103620.33 0.00 -231.54
2.00 16.00 2.00 9.00 18.10 57.07 41.10 -50000.00 163706.00 0.00 0.00
2.00 17.00 2.00 9.00 17.45 67.14 50.84 -50000.00 207990.99 3472.05 0.00
2.00 18.00 2.00 9.00 15.49 71.01 54.45 -50000.00 223056.30 6143.93 0.00
2.00 19.00 2.00 9.00 13.33 79.19 75.08 0.00 168775.59 0.00 0.00
2.00 20.00 2.00 9.00 11.37 34.81 32.54 0.00 0.00 0.00 -0.00
2.00 21.00 2.00 9.00 10.18 27.80 25.98 0.00 0.00 0.00 -0.00
2.00 22.00 2.00 9.00 9.50 24.54 22.97 0.00 0.00 0.00 0.00
2.00 23.00 2.00 9.00 9.43 22.37 21.00 0.00 0.00 0.00 0.00
2.00 24.00 2.00 9.00 9.31 20.55 19.34 0.00 0.00 0.00 0.00
2.00 1.00 3.00 9.00 9.37 19.07 18.00 0.00 0.00 0.00 0.00
2.00 2.00 3.00 9.00 9.27 17.71 16.77 0.00 0.00 0.00 0.00
2.00 3.00 3.00 9.00 9.26 16.55 15.73 0.00 0.00 0.00 -0.00
2.00 4.00 3.00 9.00 9.49 15.68 14.95 0.00 0.00 0.00 -0.00
2.00 5.00 3.00 9.00 9.75 14.98 14.34 0.00 0.00 0.00 -0.00
2.00 6.00 3.00 9.00 9.81 14.29 13.73 0.00 0.00 0.00 -0.00
2.00 7.00 3.00 9.00 9.92 13.72 13.22 0.00 1.57 0.00 -0.00
2.00 8.00 3.00 9.00 10.12 20.40 19.96 0.00 2592.45 0.00 0.00
2.00 9.00 3.00 9.00 10.61 24.04 23.64 0.00 12049.89 0.00 0.00
2.00 10.00 3.00 9.00 11.48 27.67 27.33 0.00 21122.75 0.00 0.00
2.00 11.00 3.00 9.00 14.49 32.45 32.14 0.00 29279.41 0.00 0.00
2.00 12.00 3.00 9.00 16.27 36.49 36.22 0.00 35854.99 0.00 0.00
2.00 13.00 3.00 9.00 17.15 39.22 38.98 0.00 39156.14 0.00 0.00
2.00 14.00 3.00 9.00 17.74 39.87 39.66 0.00 35890.97 0.00 0.00
2.00 15.00 3.00 9.00 17.52 59.28 59.09 0.00 103620.33 0.00 0.00
2.00 16.00 3.00 9.00 17.13 79.53 79.36 0.00 163706.00 0.00 0.00
2.00 17.00 3.00 9.00 15.55 95.88 95.73 0.00 207990.99 0.00 0.00
2.00 18.00 3.00 9.00 14.16 104.37 104.24 0.00 223056.30 0.00 -0.00
2.00 19.00 3.00 9.00 12.82 86.37 86.25 0.00 168775.59 0.00 0.00
2.00 20.00 3.00 9.00 11.90 38.78 38.67 0.00 0.00 0.00 -0.00
2.00 21.00 3.00 9.00 11.19 31.27 31.18 0.00 0.00 0.00 -0.00
2.00 22.00 3.00 9.00 10.64 27.75 27.67 0.00 0.00 0.00 0.00
2.00 23.00 3.00 9.00 10.30 25.19 25.12 0.00 0.00 0.00 0.00
2.00 24.00 3.00 9.00 10.11 23.09 23.03 0.00 0.00 0.00 0.00
2.00 1.00 4.00 9.00 9.91 21.26 21.20 0.00 0.00 0.00 0.00
2.00 2.00 4.00 9.00 9.66 19.61 19.56 0.00 0.00 0.00 0.00
2.00 3.00 4.00 9.00 9.39 18.13 18.08 0.00 0.00 0.00 0.00
2.00 4.00 4.00 9.00 9.28 16.89 16.85 0.00 0.00 0.00 0.00
2.00 5.00 4.00 9.00 9.28 15.86 15.83 0.00 0.00 0.00 0.00
2.00 6.00 4.00 9.00 9.15 14.90 14.87 0.00 0.00 0.00 -0.00
2.00 7.00 4.00 9.00 9.01 14.03 14.00 0.00 1.57 0.00 -0.00
2.00 8.00 4.00 9.00 8.63 20.24 20.22 0.00 2592.45 0.00 0.00
2.00 9.00 4.00 9.00 10.64 24.52 24.50 0.00 12049.89 0.00 0.00
2.00 10.00 4.00 9.00 12.84 28.88 28.86 0.00 21122.75 0.00 0.00
2.00 11.00 4.00 9.00 15.34 33.45 33.43 0.00 29279.41 0.00 0.00
2.00 12.00 4.00 9.00 17.93 37.91 37.90 0.00 35854.99 0.00 0.00
2.00 13.00 4.00 9.00 19.63 41.16 41.14 0.00 39156.14 0.00 0.00
2.00 14.00 4.00 9.00 21.26 42.48 42.46 0.00 35890.97 0.00 0.00
2.00 15.00 4.00 9.00 22.06 62.60 62.59 0.00 103620.33 0.00 0.00
2.00 16.00 4.00 9.00 21.83 83.13 83.12 0.00 163706.00 0.00 0.00
2.00 17.00 4.00 9.00 20.77 99.92 99.92 0.00 207990.99 0.00 0.00
2.00 18.00 4.00 9.00 18.67 108.20 108.19 0.00 223056.30 0.00 -0.00
2.00 19.00 4.00 9.00 16.25 89.67 89.67 0.00 168775.59 0.00 0.00
2.00 20.00 4.00 9.00 13.80 41.23 41.22 0.00 0.00 0.00 -0.00
2.00 21.00 4.00 9.00 12.23 33.13 33.13 0.00 0.00 0.00 -0.00
2.00 22.00 4.00 9.00 11.42 29.33 29.32 0.00 0.00 0.00 0.00
2.00 23.00 4.00 9.00 10.60 26.39 26.39 0.00 0.00 0.00 0.00
2.00 24.00 4.00 9.00 10.08 23.98 23.97 0.00 0.00 0.00 0.00
2.00 1.00 5.00 9.00 9.78 21.96 21.95 0.00 0.00 0.00 0.00
2.00 2.00 5.00 9.00 9.52 20.19 20.19 0.00 0.00 0.00 0.00
2.00 3.00 5.00 9.00 9.33 18.66 18.66 0.00 0.00 0.00 0.00
2.00 4.00 5.00 9.00 9.18 17.33 17.33 0.00 0.00 0.00 -0.00
2.00 5.00 5.00 9.00 8.96 16.12 16.11 0.00 0.00 0.00 -0.00
2.00 6.00 5.00 9.00 8.58 14.94 14.93 0.00 0.00 0.00 -0.00
2.00 7.00 5.00 9.00 8.47 14.00 13.99 0.00 1.57 0.00 -0.00
2.00 8.00 5.00 9.00 8.25 15.83 20.24 15444.44 2592.45 0.00 0.00
2.00 9.00 5.00 9.00 9.92 18.59 20.24 4364.08 12049.89 0.00 0.00
2.00 10.00 5.00 9.00 12.85 22.44 22.68 0.00 21122.75 0.00 0.00
2.00 11.00 5.00 9.00 16.30 26.78 25.24 -5841.93 29279.41 0.00 0.00
2.00 12.00 5.00 9.00 19.18 30.68 25.24 -18875.00 35854.99 0.00 -609.74
2.00 13.00 5.00 9.00 21.75 33.87 25.24 -28632.47 39156.14 0.00 -4560.06
2.00 14.00 5.00 9.00 23.23 35.10 25.24 -31536.27 35890.97 0.00 -4090.41
2.00 15.00 5.00 9.00 23.79 48.71 33.31 -50000.00 103620.33 0.00 0.00
2.00 16.00 5.00 9.00 23.85 61.83 45.76 -50000.00 163706.00 0.00 0.00
2.00 17.00 5.00 9.00 22.94 71.87 55.50 -50000.00 207990.99 3834.07 0.00
2.00 18.00 5.00 9.00 20.90 75.79 59.17 -50000.00 223056.30 8094.54 0.00
2.00 19.00 5.00 9.00 17.93 83.39 79.20 0.00 168775.59 0.00 0.00
2.00 20.00 5.00 9.00 16.10 39.08 36.74 0.00 0.00 0.00 -0.00
2.00 21.00 5.00 9.00 14.46 31.88 30.00 0.00 0.00 0.00 -0.00
2.00 22.00 5.00 9.00 13.44 28.44 26.82 0.00 0.00 0.00 0.00
2.00 23.00 5.00 9.00 12.70 25.90 24.48 0.00 0.00 0.00 0.00
2.00 24.00 5.00 9.00 12.18 23.81 22.56 0.00 0.00 0.00 0.00
2.00 1.00 6.00 9.00 11.86 22.05 20.95 0.00 0.00 0.00 0.00
2.00 2.00 6.00 9.00 11.50 20.47 19.50 0.00 0.00 0.00 -0.00
2.00 3.00 6.00 9.00 11.12 19.03 18.18 0.00 0.00 0.00 -0.00
2.00 4.00 6.00 9.00 10.83 17.79 17.04 0.00 0.00 0.00 -0.00
2.00 5.00 6.00 9.00 10.54 16.67 16.01 0.00 0.00 0.00 -0.00
2.00 6.00 6.00 9.00 10.30 15.68 15.09 0.00 0.00 0.00 -0.00
2.00 7.00 6.00 9.00 9.71 14.60 14.08 0.00 1.57 0.00 -0.00
2.00 8.00 6.00 9.00 9.13 16.42 20.24 14485.40 2592.45 0.00 0.00
2.00 9.00 6.00 9.00 10.83 19.24 20.24 3111.20 12049.89 0.00 0.00
2.00 10.00 6.00 9.00 12.85 22.48 22.45 0.00 21122.75 0.00 0.00
2.00 11.00 6.00 9.00 15.74 26.40 25.24 -3760.16 29279.41 0.00 0.00
2.00 12.00 6.00 9.00 18.04 29.85 25.24 -15504.89 35854.99 0.00 -480.52
2.00 13.00 6.00 9.00 19.58 32.26 25.24 -22798.33 39156.14 0.00 -1232.69
2.00 14.00 6.00 9.00 20.64 33.10 25.24 -24678.40 35890.97 0.00 -669.42
2.00 15.00 6.00 9.00 20.85 46.36 31.09 -50000.00 103620.33 0.00 0.00
2.00 16.00 6.00 9.00 20.82 59.32 43.26 -50000.00 163706.00 0.00 0.00
2.00 17.00 6.00 9.00 19.85 69.24 52.87 -50000.00 207990.99 4462.23 0.00
2.00 18.00 6.00 9.00 17.90 73.16 56.54 -50000.00 223056.30 7232.62 0.00
2.00 19.00 6.00 9.00 15.56 81.18 76.99 0.00 168775.59 0.00 0.00
2.00 20.00 6.00 9.00 13.63 36.83 34.48 0.00 0.00 0.00 -0.00
2.00 21.00 6.00 9.00 12.07 29.65 27.77 0.00 0.00 0.00 -0.00
2.00 22.00 6.00 9.00 11.09 26.22 24.59 0.00 0.00 0.00 0.00
2.00 23.00 6.00 9.00 10.46 23.72 22.30 0.00 0.00 0.00 0.00
2.00 24.00 6.00 9.00 9.59 21.43 20.18 0.00 0.00 0.00 0.00
2.00 1.00 7.00 9.00 9.21 19.60 18.50 0.00 0.00 0.00 0.00
2.00 2.00 7.00 9.00 8.79 17.96 16.99 0.00 0.00 0.00 0.00
2.00 3.00 7.00 9.00 8.61 16.61 15.75 0.00 0.00 0.00 -0.00
2.00 4.00 7.00 9.00 8.39 15.39 14.64 0.00 0.00 0.00 -0.00
2.00 5.00 7.00 9.00 8.50 14.49 13.82 0.00 0.00 0.00 -0.00
2.00 6.00 7.00 9.00 8.21 13.50 12.92 0.00 0.00 0.00 -0.00
2.00 7.00 7.00 9.00 8.17 12.74 12.22 0.00 1.57 0.00 -0.00
2.00 8.00 7.00 9.00 8.01 15.00 20.24 19487.32 2592.45 0.00 0.00
2.00 9.00 7.00 9.00 9.28 17.57 20.24 8519.55 12049.89 0.00 0.00
2.00 10.00 7.00 9.00 10.89 20.55 20.69 0.00 21122.75 0.00 0.00
2.00 11.00 7.00 9.00 13.85 24.49 24.48 0.00 29279.41 0.00 0.00
2.00 12.00 7.00 9.00 16.27 28.03 25.24 -9663.75 35854.99 0.00 0.00
2.00 13.00 7.00 9.00 18.53 30.95 25.24 -19026.94 39156.14 0.00 0.00
2.00 14.00 7.00 9.00 19.59 31.84 25.24 -21006.33 35890.97 0.00 0.00
2.00 15.00 7.00 9.00 19.68 45.05 30.00 -50000.00 103620.33 0.00 0.00
2.00 16.00 7.00 9.00 19.70 58.06 42.13 -50000.00 163706.00 0.00 0.00
2.00 17.00 7.00 9.00 18.60 67.91 51.65 -50000.00 207990.99 4755.30 0.00
2.00 18.00 7.00 9.00 16.43 71.68 55.15 -50000.00 223056.30 7285.09 0.00
2.00 19.00 7.00 9.00 13.64 79.46 75.38 0.00 168775.59 0.00 0.00
2.00 20.00 7.00 9.00 11.53 34.96 32.72 0.00 0.00 0.00 -0.00
2.00 21.00 7.00 9.00 10.03 27.78 25.99 0.00 0.00 0.00 -0.00
2.00 22.00 7.00 9.00 9.11 24.36 22.81 0.00 0.00 0.00 0.00
2.00 23.00 7.00 9.00 8.78 22.01 20.66 0.00 0.00 0.00 0.00
2.00 24.00 7.00 9.00 8.33 19.96 18.77 0.00 0.00 0.00 0.00
2.00 1.00 1.00 9.00 8.00 18.20 17.16 0.00 0.00 0.00 0.00
2.00 2.00 1.00 9.00 7.87 16.75 15.82 0.00 0.00 0.00 0.00
2.00 3.00 1.00 9.00 7.66 15.42 14.61 0.00 0.00 0.00 -0.00
2.00 4.00 1.00 9.00 7.36 14.20 13.48 0.00 0.00 0.00 -0.00
2.00 5.00 1.00 9.00 7.18 13.16 12.52 0.00 0.00 0.00 -0.00
2.00 6.00 1.00 9.00 7.18 12.32 11.76 0.00 0.00 0.00 -0.00
2.00 7.00 1.00 9.00 7.25 11.64 11.15 0.00 1.57 0.00 -0.00
2.00 8.00 1.00 9.00 7.13 14.00 20.24 22919.52 2592.45 0.00 0.00
2.00 9.00 1.00 9.00 7.90 16.25 20.24 12790.94 12049.89 0.00 0.00
2.00 10.00 1.00 9.00 10.16 19.65 20.24 1025.65 21122.75 0.00 0.00
2.00 11.00 1.00 9.00 13.66 24.02 24.10 0.00 29279.41 0.00 0.00
2.00 12.00 1.00 9.00 16.49 27.89 25.24 -9387.04 35854.99 0.00 0.00
2.00 13.00 1.00 9.00 18.74 30.86 25.24 -18923.86 39156.14 0.00 0.00
2.00 14.00 1.00 9.00 20.28 32.13 25.24 -22214.11 35890.97 0.00 0.00
2.00 15.00 1.00 9.00 20.42 45.45 30.40 -50000.00 103620.33 0.00 0.00
2.00 16.00 1.00 9.00 20.55 58.58 42.67 -50000.00 163706.00 0.00 0.00
2.00 17.00 1.00 9.00 19.40 68.45 52.21 -50000.00 207990.99 4070.83 0.00
2.00 18.00 1.00 9.00 17.28 72.29 55.78 -50000.00 223056.30 7076.87 0.00
2.00 19.00 1.00 9.00 14.84 80.20 76.15 0.00 168775.59 0.00 0.00
2.00 20.00 1.00 9.00 12.81 35.81 33.59 0.00 0.00 0.00 -0.00
2.00 21.00 1.00 9.00 11.36 28.71 26.94 0.00 0.00 0.00 -0.00
2.00 22.00 1.00 9.00 10.64 25.45 23.92 0.00 0.00 0.00 0.00
2.00 23.00 1.00 9.00 10.27 23.14 21.80 0.00 0.00 0.00 0.00
2.00 24.00 1.00 9.00 9.92 21.20 20.02 0.00 0.00 0.00 0.00
2.00 1.00 2.00 9.00 9.69 19.54 18.50 0.00 0.00 0.00 0.00
2.00 2.00 2.00 9.00 9.75 18.23 17.32 0.00 0.00 0.00 0.00
2.00 3.00 2.00 9.00 9.74 17.08 16.27 0.00 0.00 0.00 -0.00
2.00 4.00 2.00 9.00 9.62 16.01 15.30 0.00 0.00 0.00 -0.00
2.00 5.00 2.00 9.00 9.42 15.02 14.39 0.00 0.00 0.00 -0.00
2.00 6.00 2.00 9.00 9.46 14.25 13.70 0.00 0.00 0.00 -0.00
2.00 7.00 2.00 9.00 9.56 13.63 13.14 0.00 1.57 0.00 -0.00
2.00 8.00 2.00 9.00 9.33 16.04 20.24 15762.32 2592.45 0.00 0.00
2.00 9.00 2.00 9.00 9.76 18.08 20.24 7014.33 12049.89 0.00 0.00
2.00 10.00 2.00 9.00 10.90 20.70 20.79 0.00 21122.75 0.00 0.00
2.00 11.00 2.00 9.00 13.96 24.69 24.65 0.00 29279.41 0.00 0.00
2.00 12.00 2.00 9.00 16.55 28.33 25.24 -10653.25 35854.99 0.00 0.00
2.00 13.00 2.00 9.00 17.88 30.60 25.24 -17670.53 39156.14 0.00 0.00
2.00 14.00 2.00 9.00 17.84 30.66 25.24 -16946.16 35890.97 0.00 0.00
2.00 15.00 2.00 9.00 17.47 43.45 28.49 -50000.00 103620.33 0.00 0.00
2.00 16.00 2.00 9.00 17.20 56.15 40.24 -50000.00 163706.00 0.00 0.00
2.00 17.00 2.00 9.00 16.52 66.21 49.96 -50000.00 207990.99 2753.14 0.00
2.00 18.00 2.00 9.00 14.75 70.20 53.69 -50000.00 223056.30 4878.56 0.00
2.00 19.00 2.00 9.00 12.71 78.45 74.40 0.00 168775.59 0.00 0.00
2.00 20.00 2.00 9.00 11.33 34.41 32.18 0.00 0.00 0.00 -0.00
2.00 21.00 2.00 9.00 9.99 27.38 25.61 0.00 0.00 0.00 -0.00
2.00 22.00 2.00 9.00 9.42 24.20 22.67 0.00 0.00 0.00 0.00
2.00 23.00 2.00 9.00 9.53 22.17 20.83 0.00 0.00 0.00 0.00
2.00 24.00 2.00 9.00 9.46 20.42 19.24 0.00 0.00 0.00 0.00
2.00 1.00 3.00 9.00 9.53 18.98 17.94 0.00 0.00 0.00 0.00
2.00 2.00 3.00 9.00 9.48 17.68 16.77 0.00 0.00 0.00 0.00
2.00 3.00 3.00 9.00 9.49 16.57 15.77 0.00 0.00 0.00 -0.00
2.00 4.00 3.00 9.00 9.56 15.64 14.93 0.00 0.00 0.00 -0.00
2.00 5.00 3.00 9.00 9.62 14.84 14.21 0.00 0.00 0.00 -0.00
2.00 6.00 3.00 9.00 9.69 14.15 13.60 0.00 0.00 0.00 -0.00
2.00 7.00 3.00 9.00 9.89 13.63 13.14 0.00 1.57 0.00 -0.00
2.00 8.00 3.00 9.00 9.84 20.18 19.75 0.00 2592.45 0.00 0.00
2.00 9.00 3.00 9.00 10.66 23.98 23.60 0.00 12049.89 0.00 0.00
2.00 10.00 3.00 9.00 12.16 27.98 27.65 0.00 21122.75 0.00 0.00
2.00 11.00 3.00 9.00 15.44 32.98 32.68 0.00 29279.41 0.00 0.00
2.00 12.00 3.00 9.00 17.84 37.42 37.16 0.00 35854.99 0.00 0.00
2.00 13.00 3.00 9.00 19.18 40.51 40.28 0.00 39156.14 0.00 0.00
2.00 14.00 3.00 9.00 20.08 41.44 41.23 0.00 35890.97 0.00 0.00
2.00 15.00 3.00 9.00 20.33 61.21 61.03 0.00 103620.33 0.00 0.00
2.00 16.00 3.00 9.00 20.34 81.81 81.64 0.00 163706.00 0.00 0.00
2.00 17.00 3.00 9.00 19.19 98.53 98.39 0.00 207990.99 0.00 0.00
2.00 18.00 3.00 9.00 17.19 106.83 106.70 0.00 223056.30 0.00 -0.00
2.00 19.00 3.00 9.00 14.80 88.31 88.19 0.00 168775.59 0.00 0.00
2.00 20.00 3.00 9.00 12.52 39.94 39.84 0.00 0.00 0.00 -0.00
2.00 21.00 3.00 9.00 10.90 31.82 31.73 0.00 0.00 0.00 -0.00
2.00 22.00 3.00 9.00 9.96 27.94 27.86 0.00 0.00 0.00 0.00
2.00 23.00 3.00 9.00 9.52 25.20 25.13 0.00 0.00 0.00 0.00
2.00 24.00 3.00 9.00 9.12 22.87 22.81 0.00 0.00 0.00 0.00
2.00 1.00 4.00 9.00 8.90 20.92 20.86 0.00 0.00 0.00 0.00
2.00 2.00 4.00 9.00 8.86 19.30 19.25 0.00 0.00 0.00 0.00
2.00 3.00 4.00 9.00 8.57 17.75 17.71 0.00 0.00 0.00 0.00
2.00 4.00 4.00 9.00 8.22 16.33 16.29 0.00 0.00 0.00 0.00
2.00 5.00 4.00 9.00 7.87 15.04 15.01 0.00 0.00 0.00 0.00
2.00 6.00 4.00 9.00 7.52 13.87 13.84 0.00 0.00 0.00 0.00
2.00 7.00 4.00 9.00 7.20 12.82 12.79 0.00 1.57 0.00 0.00
2.00 8.00 4.00 9.00 7.04 19.06 19.04 0.00 2592.45 0.00 0.00
2.00 9.00 4.00 9.00 9.21 23.39 23.37 0.00 12049.89 0.00 0.00
2.00 10.00 4.00 9.00 12.27 28.19 28.17 0.00 21122.75 0.00 0.00
2.00 11.00 4.00 9.00 15.82 33.37 33.36 0.00 29279.41 0.00 0.00
2.00 12.00 4.00 9.00 18.99 38.26 38.25 0.00 35854.99 0.00 0.00
2.00 13.00 4.00 9.00 20.38 41.45 41.44 0.00 39156.14 0.00 0.00
2.00 14.00 4.00 9.00 20.70 42.11 42.10 0.00 35890.97 0.00 0.00
2.00 15.00 4.00 9.00 21.26 62.04 62.03 0.00 103620.33 0.00 0.00
2.00 16.00 4.00 9.00 21.53 82.80 82.79 0.00 163706.00 0.00 0.00
2.00 17.00 4.00 9.00 21.44 100.15 100.14 0.00 207990.99 0.00 0.00
2.00 18.00 4.00 9.00 19.78 108.74 108.74 0.00 223056.30 0.00 -0.00
2.00 19.00 4.00 9.00 16.62 89.90 89.90 0.00 168775.59 0.00 0.00
2.00 20.00 4.00 9.00 14.85 41.83 41.82 0.00 0.00 0.00 -0.00
2.00 21.00 4.00 9.00 13.34 33.84 33.84 0.00 0.00 0.00 -0.00
2.00 22.00 4.00 9.00 12.45 30.05 30.05 0.00 0.00 0.00 0.00
2.00 23.00 4.00 9.00 12.06 27.38 27.38 0.00 0.00 0.00 0.00
2.00 24.00 4.00 9.00 11.61 25.08 25.08 0.00 0.00 0.00 0.00
2.00 1.00 5.00 9.00 11.61 23.28 23.28 0.00 0.00 0.00 0.00
2.00 2.00 5.00 9.00 11.58 21.72 21.71 0.00 0.00 0.00 0.00
2.00 3.00 5.00 9.00 11.50 20.32 20.32 0.00 0.00 0.00 0.00
2.00 4.00 5.00 9.00 11.40 19.09 19.09 0.00 0.00 0.00 0.00
2.00 5.00 5.00 9.00 11.18 17.93 17.93 0.00 0.00 0.00 -0.00
2.00 6.00 5.00 9.00 10.93 16.88 16.88 0.00 0.00 0.00 -0.00
2.00 7.00 5.00 9.00 10.86 16.02 16.02 0.00 1.57 0.00 -0.00
2.00 8.00 5.00 9.00 10.54 17.94 20.24 8083.08 2592.45 0.00 0.00
2.00 9.00 5.00 9.00 11.45 20.20 20.41 0.00 12049.89 0.00 0.00
2.00 10.00 5.00 9.00 12.97 23.03 23.10 0.00 21122.75 0.00 0.00
2.00 11.00 5.00 9.00 15.76 26.81 25.24 -5669.24 29279.41 0.00 0.00
2.00 12.00 5.00 9.00 18.27 30.35 25.24 -17531.62 35854.99 0.00 -1200.84
2.00 13.00 5.00 9.00 20.27 33.05 25.24 -25718.27 39156.14 0.00 -3724.53
2.00 14.00 5.00 9.00 21.67 34.12 25.24 -28241.47 35890.97 0.00 -2642.75
2.00 15.00 5.00 9.00 21.96 47.45 32.13 -50000.00 103620.33 0.00 0.00
2.00 16.00 5.00 9.00 21.79 60.32 44.27 -50000.00 163706.00 0.00 0.00
2.00 17.00 5.00 9.00 20.79 70.22 53.86 -50000.00 207990.99 3191.19 0.00
2.00 18.00 5.00 9.00 19.18 74.36 57.75 -50000.00 223056.30 7051.60 0.00
2.00 19.00 5.00 9.00 16.10 81.99 77.81 0.00 168775.59 0.00 0.00
2.00 20.00 5.00 9.00 14.18 37.58 35.25 0.00 0.00 0.00 -0.00
2.00 21.00 5.00 9.00 12.34 30.23 28.36 0.00 0.00 0.00 -0.00
2.00 22.00 5.00 9.00 11.11 26.61 24.99 0.00 0.00 0.00 0.00
2.00 23.00 5.00 9.00 10.47 24.05 22.64 0.00 0.00 0.00 0.00
2.00 24.00 5.00 9.00 9.95 21.91 20.66 0.00 0.00 0.00 0.00
2.00 1.00 6.00 9.00 9.52 20.05 18.96 0.00 0.00 0.00 0.00
2.00 2.00 6.00 9.00 9.15 18.42 17.46 0.00 0.00 0.00 0.00
2.00 3.00 6.00 9.00 8.64 16.88 16.03 0.00 0.00 0.00 0.00
2.00 4.00 6.00 9.00 8.23 15.52 14.77 0.00 0.00 0.00 0.00
2.00 5.00 6.00 9.00 7.96 14.36 13.70 0.00 0.00 0.00 0.00
2.00 6.00 6.00 9.00 7.61 13.28 12.70 0.00 0.00 0.00 0.00
2.00 7.00 6.00 9.00 7.72 12.54 12.03 0.00 1.57 0.00 0.00
2.00 8.00 6.00 9.00 8.10 15.08 20.24 19183.59 2592.45 0.00 0.00
2.00 9.00 6.00 9.00 10.49 18.44 20.24 5484.26 12049.89 0.00 0.00
2.00 10.00 6.00 9.00 13.79 22.66 22.73 0.00 21122.75 0.00 0.00
2.00 11.00 6.00 9.00 17.24 27.11 25.24 -6417.13 29279.41 0.00 0.00
2.00 12.00 6.00 9.00 20.17 31.13 25.24 -19871.28 35854.99 0.00 0.00
2.00 13.00 6.00 9.00 22.16 33.99 25.24 -28503.04 39156.14 0.00 0.00
2.00 14.00 6.00 9.00 24.05 35.53 25.24 -32604.05 35890.97 0.00 -925.66
2.00 15.00 6.00 9.00 25.00 49.47 33.93 -50000.00 103620.33 0.00 0.00
2.00 16.00 6.00 9.00 25.25 62.79 46.62 -50000.00 163706.00 0.00 0.00
2.00 17.00 6.00 9.00 24.47 72.99 56.53 -50000.00 207990.99 4676.96 0.00
2.00 18.00 6.00 9.00 22.29 76.86 60.17 -50000.00 223056.30 10892.87 0.00
2.00 19.00 6.00 9.00 18.56 83.97 79.69 0.00 168775.59 0.00 0.00
2.00 20.00 6.00 9.00 16.43 39.47 37.04 0.00 0.00 0.00 -0.00
2.00 21.00 6.00 9.00 14.85 32.28 30.32 0.00 0.00 0.00 -0.00
2.00 22.00 6.00 9.00 13.99 28.92 27.23 0.00 0.00 0.00 0.00
2.00 23.00 6.00 9.00 13.26 26.40 24.91 0.00 0.00 0.00 0.00
2.00 24.00 6.00 9.00 12.45 24.15 22.84 0.00 0.00 0.00 0.00
2.00 1.00 7.00 9.00 11.86 22.22 21.07 0.00 0.00 0.00 0.00
2.00 2.00 7.00 9.00 11.45 20.58 19.57 0.00 0.00 0.00 0.00
2.00 3.00 7.00 9.00 11.15 19.17 18.28 0.00 0.00 0.00 -0.00
2.00 4.00 7.00 9.00 10.79 17.87 17.09 0.00 0.00 0.00 -0.00
2.00 5.00 7.00 9.00 10.32 16.63 15.94 0.00 0.00 0.00 0.00
2.00 6.00 7.00 9.00 9.92 15.53 14.92 0.00 0.00 0.00 -0.00
2.00 7.00 7.00 9.00 10.01 14.78 14.24 0.00 1.57 0.00 -0.00
2.00 8.00 7.00 9.00 9.87 16.97 20.24 12608.69 2592.45 0.00 0.00
2.00 9.00 7.00 9.00 10.57 19.13 20.24 3706.49 12049.89 0.00 0.00
2.00 10.00 7.00 9.00 11.63 21.67 21.63 0.00 21122.75 0.00 0.00
2.00 11.00 7.00 9.00 14.08 25.20 25.09 0.00 29279.41 0.00 0.00
2.00 12.00 7.00 9.00 16.14 28.40 25.24 -10728.88 35854.99 0.00 0.00
2.00 13.00 7.00 9.00 17.93 30.92 25.24 -18593.29 39156.14 0.00 0.00
2.00 14.00 7.00 9.00 18.81 31.59 25.24 -19970.66 35890.97 0.00 -202.85
2.00 15.00 7.00 9.00 19.24 44.95 29.88 -50000.00 103620.33 0.00 -3305.92
2.00 16.00 7.00 9.00 19.43 58.04 42.08 -50000.00 163706.00 0.00 0.00
2.00 17.00 7.00 9.00 18.65 68.09 51.79 -50000.00 207990.99 289.09 0.00
2.00 18.00 7.00 9.00 16.57 71.91 55.36 -50000.00 223056.30 4796.78 0.00
2.00 19.00 7.00 9.00 14.25 79.96 75.85 0.00 168775.59 0.00 0.00
2.00 20.00 7.00 9.00 12.30 35.60 33.32 0.00 0.00 0.00 -0.00
2.00 21.00 7.00 9.00 10.25 28.14 26.32 0.00 0.00 0.00 -0.00
2.00 22.00 7.00 9.00 9.27 24.65 23.08 0.00 0.00 0.00 0.00
2.00 23.00 7.00 9.00 9.02 22.33 20.95 0.00 0.00 0.00 0.00
2.00 24.00 7.00 9.00 8.77 20.38 19.17 0.00 0.00 0.00 0.00
2.00 1.00 1.00 9.00 8.85 18.85 17.79 0.00 0.00 0.00 0.00
2.00 2.00 1.00 9.00 8.75 17.46 16.52 0.00 0.00 0.00 0.00
2.00 3.00 1.00 9.00 8.52 16.15 15.32 0.00 0.00 0.00 0.00
2.00 4.00 1.00 9.00 8.44 15.06 14.33 0.00 0.00 0.00 -0.00
2.00 5.00 1.00 9.00 8.38 14.11 13.47 0.00 0.00 0.00 -0.00
2.00 6.00 1.00 9.00 8.36 13.31 12.74 0.00 0.00 0.00 -0.00
2.00 7.00 1.00 9.00 8.50 12.69 12.19 0.00 1.57 0.00 -0.00
2.00 8.00 1.00 9.00 8.35 15.11 20.24 19058.09 2592.45 0.00 0.00
2.00 9.00 1.00 9.00 9.78 17.83 20.24 7597.63 12049.89 0.00 0.00
2.00 10.00 1.00 9.00 11.92 21.21 21.34 0.00 21122.75 0.00 0.00
2.00 11.00 1.00 9.00 14.83 25.19 25.17 0.00 29279.41 0.00 0.00
2.00 12.00 1.00 9.00 17.47 28.92 25.24 -12787.68 35854.99 0.00 0.00
2.00 13.00 1.00 9.00 19.31 31.60 25.24 -20997.11 39156.14 0.00 0.00
2.00 14.00 1.00 9.00 20.71 32.73 25.24 -23858.10 35890.97 0.00 0.00
2.00 15.00 1.00 9.00 21.25 46.29 31.13 -50000.00 103620.33 0.00 0.00
2.00 16.00 1.00 9.00 21.10 59.24 43.26 -50000.00 163706.00 0.00 0.00
2.00 17.00 1.00 9.00 20.19 69.26 52.95 -50000.00 207990.99 4869.14 0.00
2.00 18.00 1.00 9.00 18.36 73.30 56.73 -50000.00 223056.30 8708.99 0.00
2.00 19.00 1.00 9.00 15.36 80.90 76.78 0.00 168775.59 0.00 0.00
2.00 20.00 1.00 9.00 13.34 36.47 34.19 0.00 0.00 0.00 -0.00
2.00 21.00 1.00 9.00 11.70 29.25 27.42 0.00 0.00 0.00 -0.00
2.00 22.00 1.00 9.00 10.82 25.87 24.29 0.00 0.00 0.00 0.00
2.00 23.00 1.00 9.00 10.24 23.41 22.03 0.00 0.00 0.00 0.00
2.00 24.00 1.00 9.00 9.66 21.29 20.07 0.00 0.00 0.00 0.00
2.00 1.00 2.00 9.00 9.23 19.47 18.40 0.00 0.00 0.00 0.00
2.00 2.00 2.00 9.00 8.89 17.89 16.95 0.00 0.00 0.00 0.00
2.00 3.00 2.00 9.00 8.60 16.50 15.67 0.00 0.00 0.00 -0.00
2.00 4.00 2.00 9.00 8.26 15.23 14.50 0.00 0.00 0.00 -0.00
2.00 5.00 2.00 9.00 8.16 14.21 13.56 0.00 0.00 0.00 -0.00
2.00 6.00 2.00 9.00 8.04 13.30 12.73 0.00 0.00 0.00 -0.00
2.00 7.00 2.00 9.00 7.96 12.52 12.01 0.00 1.57 0.00 -0.00
2.00 8.00 2.00 9.00 7.91 14.86 20.24 19943.11 2592.45 0.00 0.00
2.00 9.00 2.00 9.00 9.89 17.93 20.24 7165.79 12049.89 0.00 0.00
2.00 10.00 2.00 9.00 12.54 21.68 21.80 0.00 21122.75 0.00 0.00
2.00 11.00 2.00 9.00 15.65 25.84 25.24 -2015.15 29279.41 0.00 0.00
2.00 12.00 2.00 9.00 18.30 29.60 25.24 -14990.13 35854.99 0.00 0.00
2.00 13.00 2.00 9.00 20.38 32.47 25.24 -23795.96 39156.14 0.00 -1969.85
2.00 14.00 2.00 9.00 21.44 33.40 25.24 -25840.36 35890.97 0.00 -1417.99
2.00 15.00 2.00 9.00 21.69 46.76 31.50 -50000.00 103620.33 0.00 0.00
2.00 16.00 2.00 9.00 21.66 59.78 43.75 -50000.00 163706.00 0.00 0.00
2.00 17.00 2.00 9.00 20.53 69.65 53.30 -50000.00 207990.99 4003.19 0.00
2.00 18.00 2.00 9.00 18.49 73.53 56.93 -50000.00 223056.30 7846.23 0.00
2.00 19.00 2.00 9.00 15.53 81.17 77.00 0.00 168775.59 0.00 0.00
2.00 20.00 2.00 9.00 13.74 36.86 34.54 0.00 0.00 0.00 -0.00
2.00 21.00 2.00 9.00 12.03 29.61 27.75 0.00 0.00 0.00 -0.00
2.00 22.00 2.00 9.00 11.03 26.16 24.55 0.00 0.00 0.00 0.00
2.00 23.00 2.00 9.00 10.38 23.65 22.24 0.00 0.00 0.00 0.00
2.00 24.00 2.00 9.00 9.76 21.49 20.25 0.00 0.00 0.00 0.00
2.00 1.00 3.00 9.00 9.35 19.66 18.57 0.00 0.00 0.00 0.00
2.00 2.00 3.00 9.00 8.95 18.04 17.08 0.00 0.00 0.00 0.00
2.00 3.00 3.00 9.00 8.59 16.60 15.76 0.00 0.00 0.00 -0.00
2.00 4.00 3.00 9.00 8.22 15.30 14.55 0.00 0.00 0.00 -0.00
2.00 5.00 3.00 9.00 8.09 14.25 13.59 0.00 0.00 0.00 -0.00
2.00 6.00 3.00 9.00 7.99 13.34 12.76 0.00 0.00 0.00 -0.00
2.00 7.00 3.00 9.00 7.92 12.55 12.03 0.00 1.57 0.00 -0.00
2.00 8.00 3.00 9.00 7.99 19.05 18.59 0.00 2592.45 0.00 0.00
2.00 9.00 3.00 9.00 10.36 23.60 23.20 0.00 12049.89 0.00 0.00
2.00 10.00 3.00 9.00 13.23 28.42 28.06 0.00 21122.75 0.00 0.00
2.00 11.00 3.00 9.00 16.39 33.48 33.16 0.00 29279.41 0.00 0.00
2.00 12.00 3.00 9.00 19.65 38.45 38.17 0.00 35854.99 0.00 0.00
2.00 13.00 3.00 9.00 22.17 42.32 42.07 0.00 39156.14 0.00 0.00
2.00 14.00 3.00 9.00 23.50 43.67 43.45 0.00 35890.97 0.00 0.00
2.00 15.00 3.00 9.00 23.94 63.73 63.53 0.00 103620.33 0.00 0.00
2.00 16.00 3.00 9.00 23.94 84.46 84.29 0.00 163706.00 0.00 0.00
2.00 17.00 3.00 9.00 22.65 101.24 101.08 0.00 207990.99 0.00 0.00
2.00 18.00 3.00 9.00 20.43 109.50 109.37 0.00 223056.30 0.00 -0.00
2.00 19.00 3.00 9.00 16.65 90.28 90.17 0.00 168775.59 0.00 0.00
2.00 20.00 3.00 9.00 14.73 42.06 41.95 0.00 0.00 0.00 -0.00
2.00 21.00 3.00 9.00 13.00 33.89 33.80 0.00 0.00 0.00 -0.00
2.00 22.00 3.00 9.00 11.87 29.91 29.82 0.00 0.00 0.00 0.00
2.00 23.00 3.00 9.00 11.22 27.03 26.96 0.00 0.00 0.00 0.00
2.00 24.00 3.00 9.00 10.68 24.60 24.54 0.00 0.00 0.00 0.00
2.00 1.00 4.00 9.00 10.33 22.55 22.49 0.00 0.00 0.00 0.00
2.00 2.00 4.00 9.00 9.90 20.68 20.63 0.00 0.00 0.00 0.00
2.00 3.00 4.00 9.00 9.41 18.97 18.93 0.00 0.00 0.00 0.00
2.00 4.00 4.00 9.00 9.03 17.47 17.43 0.00 0.00 0.00 0.00
2.00 5.00 4.00 9.00 8.67 16.13 16.10 0.00 0.00 0.00 0.00
2.00 6.00 4.00 9.00 8.44 14.99 14.96 0.00 0.00 0.00 0.00
2.00 7.00 4.00 9.00 8.28 14.00 13.97 0.00 1.57 0.00 0.00
2.00 8.00 4.00 9.00 9.56 21.03 21.00 0.00 2592.45 0.00 0.00
2.00 9.00 4.00 9.00 12.56 25.93 25.90 0.00 12049.89 0.00 0.00
2.00 10.00 4.00 9.00 16.83 31.52 31.50 0.00 21122.75 0.00 0.00
2.00 11.00 4.00 9.00 21.29 37.41 37.39 0.00 29279.41 0.00 0.00
2.00 12.00 4.00 9.00 25.69 43.18 43.17 0.00 35854.99 0.00 0.00
2.00 13.00 4.00 9.00 29.61 48.03 48.01 0.00 39156.14 0.00 0.00
2.00 14.00 4.00 9.00 32.28 50.39 50.38 0.00 35890.97 0.00 0.00
2.00 15.00 4.00 9.00 33.39 71.13 71.12 0.00 103620.33 0.00 0.00
2.00 16.00 4.00 9.00 34.13 92.56 92.55 0.00 163706.00 0.00 0.00
2.00 17.00 4.00 9.00 32.20 109.28 109.27 0.00 207990.99 0.00 -0.00
2.00 18.00 4.00 9.00 28.91 117.14 117.13 0.00 223056.30 0.00 -0.00
2.00 19.00 4.00 9.00 24.46 97.63 97.62 0.00 168775.59 0.00 0.00
2.00 20.00 4.00 9.00 21.49 48.86 48.86 0.00 0.00 0.00 -0.00
2.00 21.00 4.00 9.00 19.35 40.43 40.42 0.00 0.00 0.00 -0.00
2.00 22.00 4.00 9.00 17.72 36.13 36.12 0.00 0.00 0.00 0.00
2.00 23.00 4.00 9.00 16.63 32.94 32.94 0.00 0.00 0.00 0.00
2.00 24.00 4.00 9.00 15.70 30.22 30.21 0.00 0.00 0.00 0.00
2.00 1.00 5.00 9.00 14.82 27.78 27.78 0.00 0.00 0.00 0.00
2.00 2.00 5.00 9.00 13.89 25.53 25.53 0.00 0.00 0.00 0.00
2.00 3.00 5.00 9.00 12.94 23.43 23.43 0.00 0.00 0.00 0.00
2.00 4.00 5.00 9.00 12.05 21.52 21.52 0.00 0.00 0.00 0.00
2.00 5.00 5.00 9.00 11.14 19.73 19.73 0.00 0.00 0.00 0.00
2.00 6.00 5.00 9.00 10.17 18.02 18.02 0.00 0.00 0.00 0.00
2.00 7.00 5.00 9.00 9.55 16.59 16.59 0.00 1.57 0.00 0.00
2.00 8.00 5.00 9.00 10.05 18.32 20.24 6750.20 2592.45 0.00 0.00
2.00 9.00 5.00 9.00 12.29 21.36 21.54 0.00 12049.89 0.00 0.00
2.00 10.00 5.00 9.00 15.80 25.57 25.24 -1354.57 21122.75 0.00 0.00
2.00 11.00 5.00 9.00 19.20 29.87 25.24 -16225.68 29279.41 0.00 0.00
2.00 12.00 5.00 9.00 22.47 34.01 25.24 -29321.37 35854.99 0.00 -232.19
2.00 13.00 5.00 9.00 23.81 36.35 25.24 -35841.76 39156.14 0.00 -1421.98
2.00 14.00 5.00 9.00 25.19 37.44 25.24 -38323.93 35890.97 0.00 -1361.62
2.00 15.00 5.00 9.00 25.83 51.04 35.23 -50000.00 103620.33 0.00 0.00
2.00 16.00 5.00 9.00 25.05 63.54 47.23 -50000.00 163706.00 0.00 0.00
2.00 17.00 5.00 9.00 23.74 73.21 56.64 -50000.00 207990.99 7707.11 0.00
2.00 18.00 5.00 9.00 21.82 77.12 60.33 -50000.00 223056.30 13629.13 0.00
2.00 19.00 5.00 9.00 18.53 84.65 80.25 0.00 168775.59 0.00 0.00
2.00 20.00 5.00 9.00 16.26 40.02 37.48 0.00 0.00 0.00 -0.00
2.00 21.00 5.00 9.00 14.49 32.65 30.60 0.00 0.00 0.00 -0.00
2.00 22.00 5.00 9.00 13.60 29.18 27.40 0.00 0.00 0.00 0.00
2.00 23.00 5.00 9.00 12.96 26.62 25.07 0.00 0.00 0.00 0.00
2.00 24.00 5.00 9.00 12.48 24.49 23.12 0.00 0.00 0.00 0.00
2.00 1.00 6.00 9.00 11.47 22.31 21.11 0.00 0.00 0.00 0.00
2.00 2.00 6.00 9.00 11.26 20.71 19.65 0.00 0.00 0.00 0.00
2.00 3.00 6.00 9.00 11.08 19.33 18.39 0.00 0.00 0.00 -0.00
2.00 4.00 6.00 9.00 11.09 18.21 17.39 0.00 0.00 0.00 -0.00
2.00 5.00 6.00 9.00 10.83 17.10 16.37 0.00 0.00 0.00 -0.00
2.00 6.00 6.00 9.00 10.31 15.94 15.30 0.00 0.00 0.00 -0.00
2.00 7.00 6.00 9.00 9.98 14.96 14.40 0.00 1.57 0.00 -0.00
2.00 8.00 6.00 9.00 9.84 17.06 20.24 12349.57 2592.45 0.00 0.00
2.00 9.00 6.00 9.00 11.74 20.04 20.24 600.91 12049.89 0.00 0.00
2.00 10.00 6.00 9.00 13.81 23.35 23.21 0.00 21122.75 0.00 0.00
2.00 11.00 6.00 9.00 16.32 27.02 25.24 -5724.07 29279.41 0.00 0.00
2.00 12.00 6.00 9.00 18.18 30.14 25.24 -16204.64 35854.99 0.00 -1435.53
2.00 13.00 6.00 9.00 20.06 32.76 25.24 -24287.03 39156.14 0.00 -4053.97
2.00 14.00 6.00 9.00 21.45 33.83 25.24 -26923.89 35890.97 0.00 -2837.44
2.00 15.00 6.00 9.00 22.29 47.55 32.17 -50000.00 103620.33 0.00 -299.85
2.00 16.00 6.00 9.00 22.34 60.61 44.49 -50000.00 163706.00 0.00 0.00
2.00 17.00 6.00 9.00 21.91 70.95 54.52 -50000.00 207990.99 3665.50 0.00
2.00 18.00 6.00 9.00 20.54 75.33 58.66 -50000.00 223056.30 8099.49 0.00
2.00 19.00 6.00 9.00 18.17 83.26 79.01 0.00 168775.59 0.00 0.00
2.00 20.00 6.00 9.00 16.42 39.05 36.65 0.00 0.00 0.00 -0.00
2.00 21.00 6.00 9.00 15.16 32.11 30.19 0.00 0.00 0.00 -0.00
2.00 22.00 6.00 9.00 14.05 28.70 27.03 0.00 0.00 0.00 0.00
2.00 23.00 6.00 9.00 13.21 26.15 24.69 0.00 0.00 0.00 0.00
2.00 24.00 6.00 9.00 12.61 24.04 22.75 0.00 0.00 0.00 0.00
2.00 1.00 7.00 9.00 12.27 22.29 21.16 0.00 0.00 0.00 0.00
2.00 2.00 7.00 9.00 12.14 20.85 19.86 0.00 0.00 0.00 0.00
2.00 3.00 7.00 9.00 12.09 19.64 18.76 0.00 0.00 0.00 0.00
2.00 4.00 7.00 9.00 12.01 18.57 17.79 0.00 0.00 0.00 -0.00
2.00 5.00 7.00 9.00 11.74 17.52 16.83 0.00 0.00 0.00 -0.00
2.00 6.00 7.00 9.00 11.39 16.51 15.91 0.00 0.00 0.00 -0.00
2.00 7.00 7.00 9.00 11.36 15.77 15.23 0.00 1.57 0.00 -0.00
2.00 8.00 7.00 9.00 11.36 18.19 20.24 8310.90 2592.45 0.00 0.00
2.00 9.00 7.00 9.00 12.97 21.03 20.98 0.00 12049.89 0.00 0.00
2.00 10.00 7.00 9.00 15.74 24.85 24.68 0.00 21122.75 0.00 0.00
2.00 11.00 7.00 9.00 17.51 28.09 25.24 -9407.91 29279.41 0.00 0.00
2.00 12.00 7.00 9.00 19.76 31.48 25.24 -20515.26 35854.99 0.00 -3060.27
2.00 13.00 7.00 9.00 21.89 34.31 25.24 -29193.68 39156.14 0.00 -6346.24
2.00 14.00 7.00 9.00 23.24 35.40 25.24 -31744.65 35890.97 0.00 -7680.16
2.00 15.00 7.00 9.00 23.82 48.97 33.37 -50000.00 103620.33 0.00 0.00
2.00 16.00 7.00 9.00 22.13 60.83 44.59 -50000.00 163706.00 0.00 0.00
2.00 17.00 7.00 9.00 20.87 70.49 53.97 -50000.00 207990.99 3600.35 0.00
2.00 18.00 7.00 9.00 19.98 75.09 58.35 -50000.00 223056.30 8990.59 0.00
2.00 19.00 7.00 9.00 18.00 83.32 78.98 0.00 168775.59 0.00 0.00
2.00 20.00 7.00 9.00 16.38 39.18 36.69 0.00 0.00 0.00 -0.00
2.00 21.00 7.00 9.00 15.11 32.22 30.21 0.00 0.00 0.00 -0.00
2.00 22.00 7.00 9.00 13.97 28.77 27.03 0.00 0.00 0.00 0.00
2.00 23.00 7.00 9.00 13.07 26.17 24.64 0.00 0.00 0.00 0.00
2.00 24.00 7.00 9.00 12.60 24.11 22.77 0.00 0.00 0.00 0.00
2.00 1.00 1.00 9.00 12.20 22.32 21.14 0.00 0.00 0.00 0.00
2.00 2.00 1.00 9.00 11.96 20.81 19.77 0.00 0.00 0.00 -0.00
2.00 3.00 1.00 9.00 11.71 19.47 18.55 0.00 0.00 0.00 -0.00
2.00 4.00 1.00 9.00 11.38 18.22 17.41 0.00 0.00 0.00 -0.00
2.00 5.00 1.00 9.00 11.09 17.11 16.40 0.00 0.00 0.00 -0.00
2.00 6.00 1.00 9.00 10.71 16.06 15.43 0.00 0.00 0.00 -0.00
2.00 7.00 1.00 9.00 10.28 15.07 14.51 0.00 1.57 0.00 -0.00
2.00 8.00 1.00 9.00 10.35 17.38 20.24 11199.17 2592.45 0.00 0.00
2.00 9.00 1.00 9.00 12.61 20.65 20.65 0.00 12049.89 0.00 0.00
2.00 10.00 1.00 9.00 15.24 24.38 24.23 0.00 21122.75 0.00 0.00
2.00 11.00 1.00 9.00 17.77 28.14 25.24 -9610.50 29279.41 0.00 -1577.24
2.00 12.00 1.00 9.00 20.29 31.78 25.24 -21543.70 35854.99 0.00 -4619.61
2.00 13.00 1.00 9.00 21.90 34.28 25.24 -29024.46 39156.14 0.00 -5498.33
2.00 14.00 1.00 9.00 22.85 35.08 25.24 -30647.17 35890.97 0.00 -7053.42
2.00 15.00 1.00 9.00 23.25 48.51 32.93 -50000.00 103620.33 0.00 -310.11
2.00 16.00 1.00 9.00 22.97 61.33 45.10 -50000.00 163706.00 0.00 0.00
2.00 17.00 1.00 9.00 22.28 71.47 54.95 -50000.00 207990.99 2051.90 0.00
2.00 18.00 1.00 9.00 21.10 75.95 59.21 -50000.00 223056.30 8173.23 0.00
2.00 19.00 1.00 9.00 18.05 83.52 79.18 0.00 168775.59 0.00 0.00
2.00 20.00 1.00 9.00 15.38 38.74 36.26 0.00 0.00 0.00 -0.00
2.00 21.00 1.00 9.00 13.74 31.48 29.47 0.00 0.00 0.00 -0.00
2.00 22.00 1.00 9.00 12.66 27.96 26.22 0.00 0.00 0.00 0.00
2.00 23.00 1.00 9.00 12.12 25.49 23.96 0.00 0.00 0.00 0.00
2.00 24.00 1.00 9.00 11.66 23.41 22.07 0.00 0.00 0.00 0.00
2.00 1.00 2.00 9.00 11.20 21.56 20.38 0.00 0.00 0.00 0.00
2.00 2.00 2.00 9.00 11.06 20.07 19.03 0.00 0.00 0.00 0.00
2.00 3.00 2.00 9.00 10.84 18.73 17.81 0.00 0.00 0.00 -0.00
2.00 4.00 2.00 9.00 10.45 17.43 16.63 0.00 0.00 0.00 -0.00
2.00 5.00 2.00 9.00 9.88 16.15 15.44 0.00 0.00 0.00 -0.00
2.00 6.00 2.00 9.00 9.60 15.12 14.49 0.00 0.00 0.00 -0.00
2.00 7.00 2.00 9.00 9.25 14.15 13.59 0.00 1.57 0.00 -0.00
2.00 8.00 2.00 9.00 10.22 17.05 20.24 12377.03 2592.45 0.00 0.00
2.00 9.00 2.00 9.00 11.96 20.00 20.24 717.47 12049.89 0.00 0.00
2.00 10.00 2.00 9.00 17.11 25.47 25.24 -359.93 21122.75 0.00 0.00
2.00 11.00 2.00 9.00 21.60 30.76 25.24 -18831.34 29279.41 0.00 -1433.34
2.00 12.00 2.00 9.00 24.47 34.86 25.24 -31542.91 35854.99 0.00 -5789.86
2.00 13.00 2.00 9.00 25.81 37.35 25.24 -38611.59 39156.14 0.00 -9268.73
2.00 14.00 2.00 9.00 27.85 39.02 25.24 -43116.23 35890.97 0.00 -5654.61
2.00 15.00 2.00 9.00 28.71 52.95 36.87 -50000.00 103620.33 0.00 0.00
2.00 16.00 2.00 9.00 28.26 65.81 49.33 -50000.00 163706.00 0.00 0.00
2.00 17.00 2.00 9.00 26.70 75.45 58.73 -50000.00 207990.99 5809.57 0.00
2.00 18.00 2.00 9.00 24.45 79.23 62.32 -50000.00 223056.30 12604.76 0.00
2.00 19.00 2.00 9.00 20.56 86.28 81.73 0.00 168775.59 0.00 0.00
2.00 20.00 2.00 9.00 18.34 41.68 39.01 0.00 0.00 0.00 -0.00
2.00 21.00 2.00 9.00 16.65 34.39 32.22 0.00 0.00 0.00 -0.00
2.00 22.00 2.00 9.00 15.18 30.66 28.77 0.00 0.00 0.00 0.00
2.00 23.00 2.00 9.00 14.16 27.89 26.23 0.00 0.00 0.00 0.00
2.00 24.00 2.00 9.00 13.38 25.57 24.11 0.00 0.00 0.00 0.00
2.00 1.00 3.00 9.00 12.39 23.36 22.08 0.00 0.00 0.00 0.00
2.00 2.00 3.00 9.00 11.67 21.46 20.33 0.00 0.00 0.00 0.00
2.00 3.00 3.00 9.00 11.16 19.83 18.84 0.00 0.00 0.00 -0.00
2.00 4.00 3.00 9.00 10.66 18.36 17.49 0.00 0.00 0.00 -0.00
2.00 5.00 3.00 9.00 9.96 16.92 16.15 0.00 0.00 0.00 -0.00
2.00 6.00 3.00 9.00 9.49 15.69 15.00 0.00 0.00 0.00 -0.00
2.00 7.00 3.00 9.00 9.14 14.62 14.02 0.00 1.57 0.00 -0.00
2.00 8.00 3.00 9.00 10.77 21.85 21.32 0.00 2592.45 0.00 0.00
2.00 9.00 3.00 9.00 14.13 27.00 26.52 0.00 12049.89 0.00 0.00
2.00 10.00 3.00 9.00 18.23 32.56 32.15 0.00 21122.75 0.00 0.00
2.00 11.00 3.00 9.00 22.02 38.12 37.75 0.00 29279.41 0.00 0.00
2.00 12.00 3.00 9.00 25.37 43.30 42.98 0.00 35854.99 0.00 0.00
2.00 13.00 3.00 9.00 28.13 47.42 47.13 0.00 39156.14 0.00 0.00
2.00 14.00 3.00 9.00 30.56 49.50 49.24 0.00 35890.97 0.00 0.00
2.00 15.00 3.00 9.00 29.30 68.81 68.58 0.00 103620.33 0.00 0.00
2.00 16.00 3.00 9.00 29.62 89.71 89.51 0.00 163706.00 0.00 0.00
2.00 17.00 3.00 9.00 28.05 106.39 106.21 0.00 207990.99 0.00 -0.00
2.00 18.00 3.00 9.00 25.37 114.43 114.27 0.00 223056.30 0.00 -0.00
2.00 19.00 3.00 9.00 21.67 95.24 95.10 0.00 168775.59 0.00 0.00
2.00 20.00 3.00 9.00 19.51 46.89 46.76 0.00 0.00 0.00 -0.00
2.00 21.00 3.00 9.00 18.01 38.83 38.72 0.00 0.00 0.00 -0.00
2.00 22.00 3.00 9.00 16.64 34.73 34.63 0.00 0.00 0.00 0.00
2.00 23.00 3.00 9.00 15.90 31.79 31.70 0.00 0.00 0.00 0.00
2.00 24.00 3.00 9.00 15.19 29.26 29.18 0.00 0.00 0.00 0.00
2.00 1.00 4.00 9.00 14.43 26.95 26.88 0.00 0.00 0.00 0.00
2.00 2.00 4.00 9.00 13.61 24.82 24.76 0.00 0.00 0.00 0.00
2.00 3.00 4.00 9.00 12.86 22.90 22.84 0.00 0.00 0.00 0.00
2.00 4.00 4.00 9.00 12.09 21.12 21.07 0.00 0.00 0.00 0.00
2.00 5.00 4.00 9.00 11.36 19.48 19.44 0.00 0.00 0.00 0.00
2.00 6.00 4.00 9.00 11.03 18.18 18.15 0.00 0.00 0.00 0.00
2.00 7.00 4.00 9.00 10.47 16.90 16.87 0.00 1.57 0.00 0.00
2.00 8.00 4.00 9.00 11.78 23.84 23.81 0.00 2592.45 0.00 0.00
2.00 9.00 4.00 9.00 15.17 28.87 28.85 0.00 12049.89 0.00 0.00
2.00 10.00 4.00 9.00 18.47 33.90 33.88 0.00 21122.75 0.00 0.00
2.00 11.00 4.00 9.00 22.34 39.35 39.33 0.00 29279.41 0.00 0.00
2.00 12.00 4.00 9.00 25.34 44.23 44.21 0.00 35854.99 0.00 0.00
2.00 13.00 4.00 9.00 26.90 47.55 47.54 0.00 39156.14 0.00 0.00
2.00 14.00 4.00 9.00 28.96 49.23 49.21 0.00 35890.97 0.00 0.00
2.00 15.00 4.00 9.00 29.71 69.46 69.45 0.00 103620.33 0.00 0.00
2.00 16.00 4.00 9.00 28.60 89.61 89.60 0.00 163706.00 0.00 0.00
2.00 17.00 4.00 9.00 27.18 106.22 106.21 0.00 207990.99 0.00 -0.00
2.00 18.00 4.00 9.00 25.47 114.70 114.69 0.00 223056.30 0.00 -0.00
2.00 19.00 4.00 9.00 22.73 96.05 96.04 0.00 168775.59 0.00 0.00
2.00 20.00 4.00 9.00 20.57 47.77 47.76 0.00 0.00 0.00 -0.00
2.00 21.00 4.00 9.00 18.63 39.50 39.50 0.00 0.00 0.00 -0.00
2.00 22.00 4.00 9.00 17.68 35.62 35.61 0.00 0.00 0.00 0.00
2.00 23.00 4.00 9.00 16.98 32.73 32.73 0.00 0.00 0.00 0.00
2.00 24.00 4.00 9.00 16.38 30.28 30.28 0.00 0.00 0.00 0.00
2.00 1.00 5.00 9.00 16.22 28.33 28.33 0.00 0.00 0.00 0.00
2.00 2.00 5.00 9.00 15.64 26.40 26.40 0.00 0.00 0.00 0.00
2.00 3.00 5.00 9.00 15.16 24.70 24.70 0.00 0.00 0.00 0.00
2.00 4.00 5.00 9.00 14.68 23.15 23.15 0.00 0.00 0.00 0.00
2.00 5.00 5.00 9.00 13.92 21.58 21.58 0.00 0.00 0.00 -0.00
2.00 6.00 5.00 9.00 13.31 20.19 20.19 0.00 0.00 0.00 -0.00
2.00 7.00 5.00 9.00 12.73 18.92 18.92 0.00 1.57 0.00 -0.00
2.00 8.00 5.00 9.00 12.52 20.49 20.49 0.00 2592.45 0.00 0.00
2.00 9.00 5.00 9.00 13.91 22.99 22.99 0.00 12049.89 0.00 0.00
2.00 10.00 5.00 9.00 17.05 26.92 25.24 -5862.79 21122.75 0.00 0.00
2.00 11.00 5.00 9.00 19.21 30.33 25.24 -17270.95 29279.41 0.00 -3765.88
2.00 12.00 5.00 9.00 21.40 33.62 25.24 -27612.92 35854.99 0.00 -7211.41
2.00 13.00 5.00 9.00 23.27 36.21 25.24 -35264.07 39156.14 0.00 -6593.06
2.00 14.00 5.00 9.00 23.90 36.72 25.24 -35727.86 35890.97 0.00 -3315.72
2.00 15.00 5.00 9.00 23.85 49.75 33.98 -50000.00 103620.33 0.00 0.00
2.00 16.00 5.00 9.00 23.05 62.11 45.79 -50000.00 163706.00 0.00 0.00
2.00 17.00 5.00 9.00 21.68 71.66 55.08 -50000.00 207990.99 4398.57 0.00
2.00 18.00 5.00 9.00 19.71 75.47 58.67 -50000.00 223056.30 10023.40 0.00
2.00 19.00 5.00 9.00 17.24 83.54 79.13 0.00 168775.59 0.00 0.00
2.00 20.00 5.00 9.00 15.07 38.99 36.45 0.00 0.00 0.00 -0.00
2.00 21.00 5.00 9.00 13.49 31.71 29.65 0.00 0.00 0.00 -0.00
2.00 22.00 5.00 9.00 12.49 28.18 26.40 0.00 0.00 0.00 0.00
2.00 23.00 5.00 9.00 11.52 25.43 23.87 0.00 0.00 0.00 0.00
2.00 24.00 5.00 9.00 10.58 23.01 21.63 0.00 0.00 0.00 0.00
2.00 1.00 6.00 9.00 10.44 21.24 20.03 0.00 0.00 0.00 0.00
2.00 2.00 6.00 9.00 10.21 19.66 18.59 0.00 0.00 0.00 0.00
2.00 3.00 6.00 9.00 9.84 18.18 17.24 0.00 0.00 0.00 -0.00
2.00 4.00 6.00 9.00 9.55 16.88 16.05 0.00 0.00 0.00 -0.00
2.00 5.00 6.00 9.00 9.05 15.60 14.86 0.00 0.00 0.00 -0.00
2.00 6.00 6.00 9.00 8.86 14.58 13.94 0.00 0.00 0.00 -0.00
2.00 7.00 6.00 9.00 8.79 13.74 13.17 0.00 1.57 0.00 -0.00
2.00 8.00 6.00 9.00 8.80 15.96 20.24 16200.17 2592.45 0.00 0.00
2.00 9.00 6.00 9.00 10.25 18.64 20.24 5149.46 12049.89 0.00 0.00
2.00 10.00 6.00 9.00 13.63 22.83 22.84 0.00 21122.75 0.00 0.00
2.00 11.00 6.00 9.00 16.18 26.61 25.24 -4509.25 29279.41 0.00 0.00
2.00 12.00 6.00 9.00 18.30 29.96 25.24 -15837.55 35854.99 0.00 0.00
2.00 13.00 6.00 9.00 20.41 32.78 25.24 -24583.86 39156.14 0.00 -1855.56
2.00 14.00 6.00 9.00 20.79 33.21 25.24 -24888.99 35890.97 0.00 0.00
2.00 15.00 6.00 9.00 20.86 46.36 31.06 -50000.00 103620.33 0.00 0.00
2.00 16.00 6.00 9.00 20.28 58.94 42.86 -50000.00 163706.00 0.00 0.00
2.00 17.00 6.00 9.00 19.33 68.84 52.45 -50000.00 207990.99 4992.75 0.00
2.00 18.00 6.00 9.00 17.37 72.72 56.09 -50000.00 223056.30 9769.58 0.00
2.00 19.00 6.00 9.00 15.06 80.79 76.59 0.00 168775.59 0.00 0.00
2.00 20.00 6.00 9.00 13.20 36.47 34.11 0.00 0.00 0.00 -0.00
2.00 21.00 6.00 9.00 11.79 29.37 27.47 0.00 0.00 0.00 -0.00
2.00 22.00 6.00 9.00 11.14 26.12 24.48 0.00 0.00 0.00 0.00
2.00 23.00 6.00 9.00 10.56 23.69 22.25 0.00 0.00 0.00 0.00
2.00 24.00 6.00 9.00 10.10 21.63 20.37 0.00 0.00 0.00 0.00
2.00 1.00 7.00 9.00 9.80 19.90 18.79 0.00 0.00 0.00 0.00
2.00 2.00 7.00 9.00 9.61 18.43 17.45 0.00 0.00 0.00 0.00
2.00 3.00 7.00 9.00 9.30 17.06 16.20 0.00 0.00 0.00 -0.00
2.00 4.00 7.00 9.00 8.91 15.78 15.02 0.00 0.00 0.00 -0.00
2.00 5.00 7.00 9.00 8.56 14.63 13.96 0.00 0.00 0.00 -0.00
2.00 6.00 7.00 9.00 8.47 13.73 13.14 0.00 0.00 0.00 -0.00
2.00 7.00 7.00 9.00 7.76 12.60 12.08 0.00 1.57 0.00 -0.00
2.00 8.00 7.00 9.00 7.86 14.92 20.24 19759.94 2592.45 0.00 0.00
2.00 9.00 7.00 9.00 9.93 18.04 20.24 6856.58 12049.89 0.00 0.00
2.00 10.00 7.00 9.00 13.22 22.22 22.33 0.00 21122.75 0.00 0.00
2.00 11.00 7.00 9.00 15.91 26.12 25.24 -2978.57 29279.41 0.00 0.00
2.00 12.00 7.00 9.00 18.52 29.85 25.24 -15728.73 35854.99 0.00 0.00
2.00 13.00 7.00 9.00 20.21 32.44 25.24 -23560.18 39156.14 0.00 0.00
2.00 14.00 7.00 9.00 20.60 32.88 25.24 -23974.63 35890.97 0.00 0.00
2.00 15.00 7.00 9.00 20.80 46.14 30.92 -50000.00 103620.33 0.00 0.00
2.00 16.00 7.00 9.00 20.50 58.94 42.90 -50000.00 163706.00 0.00 0.00
2.00 17.00 7.00 9.00 19.67 68.95 52.60 -50000.00 207990.99 4850.93 0.00
2.00 18.00 7.00 9.00 18.02 73.09 56.49 -50000.00 223056.30 10068.47 0.00
2.00 19.00 7.00 9.00 15.41 80.94 76.78 0.00 168775.59 0.00 0.00
2.00 20.00 7.00 9.00 13.45 36.57 34.25 0.00 0.00 0.00 -0.00
2.00 21.00 7.00 9.00 11.93 29.42 27.56 0.00 0.00 0.00 -0.00
2.00 22.00 7.00 9.00 11.00 26.02 24.41 0.00 0.00 0.00 0.00
2.00 23.00 7.00 9.00 10.27 23.49 22.08 0.00 0.00 0.00 0.00
2.00 24.00 7.00 9.00 9.64 21.33 20.09 0.00 0.00 0.00 0.00
2.00 1.00 1.00 10.00 9.39 19.60 18.51 0.00 0.00 0.00 0.00
2.00 2.00 1.00 10.00 9.24 18.13 17.17 0.00 0.00 0.00 -0.00
2.00 3.00 1.00 10.00 8.98 16.78 15.93 0.00 0.00 0.00 -0.00
2.00 4.00 1.00 10.00 8.63 15.52 14.77 0.00 0.00 0.00 -0.00
2.00 5.00 1.00 10.00 8.19 14.32 13.66 0.00 0.00 0.00 -0.00
2.00 6.00 1.00 10.00 8.10 13.41 12.83 0.00 0.00 0.00 -0.00
2.00 7.00 1.00 10.00 7.45 12.32 11.80 0.00 30.95 0.00 -0.00
2.00 8.00 1.00 10.00 8.12 15.93 20.66 17681.54 7461.58 0.00 0.00
2.00 9.00 1.00 10.00 10.89 19.88 20.66 2029.43 18118.68 0.00 0.00
2.00 10.00 1.00 10.00 14.21 24.08 24.05 0.00 26430.10 0.00 0.00
2.00 11.00 1.00 10.00 16.83 27.64 25.66 -6651.87 32569.06 0.00 0.00
2.00 12.00 1.00 10.00 19.41 30.87 25.66 -17403.65 36612.79 0.00 0.00
2.00 13.00 1.00 10.00 21.28 32.87 25.66 -23244.83 36226.82 0.00 0.00
2.00 14.00 1.00 10.00 21.91 34.83 25.66 -29173.79 40708.12 0.00 -889.65
2.00 15.00 1.00 10.00 22.11 50.53 35.11 -50000.00 120836.35 0.00 0.00
2.00 16.00 1.00 10.00 21.76 64.73 48.62 -50000.00 187069.05 0.00 0.00
2.00 17.00 1.00 10.00 20.67 75.51 59.09 -50000.00 234665.31 9840.21 0.00
2.00 18.00 1.00 10.00 19.13 80.41 63.76 -50000.00 251940.21 16396.09 0.00
2.00 19.00 1.00 10.00 16.54 96.81 92.57 0.00 216034.17 0.00 0.00
2.00 20.00 1.00 10.00 14.54 41.12 38.73 0.00 0.00 0.00 -0.00
2.00 21.00 1.00 10.00 13.14 32.76 30.84 0.00 0.00 0.00 -0.00
2.00 22.00 1.00 10.00 12.30 29.02 27.36 0.00 0.00 0.00 0.00
2.00 23.00 1.00 10.00 11.74 26.35 24.89 0.00 0.00 0.00 0.00
2.00 24.00 1.00 10.00 11.21 24.08 22.80 0.00 0.00 0.00 0.00
2.00 1.00 2.00 10.00 11.01 22.23 21.10 0.00 0.00 0.00 0.00
2.00 2.00 2.00 10.00 10.90 20.66 19.67 0.00 0.00 0.00 0.00
2.00 3.00 2.00 10.00 10.80 19.30 18.42 0.00 0.00 0.00 -0.00
2.00 4.00 2.00 10.00 10.64 18.06 17.29 0.00 0.00 0.00 -0.00
2.00 5.00 2.00 10.00 10.31 16.87 16.19 0.00 0.00 0.00 -0.00
2.00 6.00 2.00 10.00 10.05 15.82 15.22 0.00 0.00 0.00 -0.00
2.00 7.00 2.00 10.00 9.53 14.74 14.21 0.00 30.95 0.00 -0.00
2.00 8.00 2.00 10.00 10.00 18.07 20.66 10189.79 7461.58 0.00 0.00
2.00 9.00 2.00 10.00 12.32 21.67 21.67 0.00 18118.68 0.00 0.00
2.00 10.00 2.00 10.00 15.81 25.94 25.66 -433.18 26430.10 0.00 0.00
2.00 11.00 2.00 10.00 18.96 29.82 25.66 -14029.27 32569.06 0.00 -1462.12
2.00 12.00 2.00 10.00 21.78 33.23 25.66 -24791.29 36612.79 0.00 -4023.07
2.00 13.00 2.00 10.00 23.33 35.02 25.66 -29728.34 36226.82 0.00 -2735.02
2.00 14.00 2.00 10.00 23.88 36.91 25.66 -35352.61 40708.12 0.00 -8946.56
2.00 15.00 2.00 10.00 24.11 52.60 36.86 -50000.00 120836.35 0.00 0.00
2.00 16.00 2.00 10.00 23.71 66.77 50.46 -50000.00 187069.05 2455.62 0.00
2.00 17.00 2.00 10.00 22.50 77.45 60.88 -50000.00 234665.31 13047.88 0.00
2.00 18.00 2.00 10.00 20.82 82.24 65.45 -50000.00 251940.21 18379.04 0.00
2.00 19.00 2.00 10.00 17.69 98.36 93.96 0.00 216034.17 0.00 0.00
2.00 20.00 2.00 10.00 15.42 42.47 39.92 0.00 0.00 0.00 -0.00
2.00 21.00 2.00 10.00 13.75 33.89 31.83 0.00 0.00 0.00 -0.00
2.00 22.00 2.00 10.00 12.67 29.95 28.16 0.00 0.00 0.00 0.00
2.00 23.00 2.00 10.00 12.04 27.16 25.60 0.00 0.00 0.00 0.00
2.00 24.00 2.00 10.00 11.58 24.85 23.48 0.00 0.00 0.00 0.00
2.00 1.00 3.00 10.00 11.08 22.79 21.58 0.00 0.00 0.00 0.00
2.00 2.00 3.00 10.00 10.84 21.08 20.02 0.00 0.00 0.00 0.00
2.00 3.00 3.00 10.00 10.59 19.57 18.63 0.00 0.00 0.00 0.00
2.00 4.00 3.00 10.00 10.22 18.16 17.33 0.00 0.00 0.00 -0.00
2.00 5.00 3.00 10.00 9.77 16.83 16.10 0.00 0.00 0.00 -0.00
2.00 6.00 3.00 10.00 9.49 15.70 15.06 0.00 0.00 0.00 -0.00
2.00 7.00 3.00 10.00 9.15 14.66 14.09 0.00 30.95 0.00 -0.00
2.00 8.00 3.00 10.00 9.88 22.74 22.24 0.00 7461.58 0.00 0.00
2.00 9.00 3.00 10.00 12.25 27.82 27.38 0.00 18118.68 0.00 0.00
2.00 10.00 3.00 10.00 15.30 32.63 32.24 0.00 26430.10 0.00 0.00
2.00 11.00 3.00 10.00 18.18 37.01 36.67 0.00 32569.06 0.00 0.00
2.00 12.00 3.00 10.00 20.71 40.79 40.49 0.00 36612.79 0.00 0.00
2.00 13.00 3.00 10.00 22.70 43.12 42.84 0.00 36226.82 0.00 0.00
2.00 14.00 3.00 10.00 23.55 45.99 45.75 0.00 40708.12 0.00 0.00
2.00 15.00 3.00 10.00 23.55 69.31 69.10 0.00 120836.35 0.00 0.00
2.00 16.00 3.00 10.00 22.98 91.95 91.76 0.00 187069.05 0.00 0.00
2.00 17.00 3.00 10.00 21.90 110.23 110.06 0.00 234665.31 0.00 -0.00
2.00 18.00 3.00 10.00 20.04 119.78 119.63 0.00 251940.21 0.00 -0.00
2.00 19.00 3.00 10.00 17.34 106.70 106.57 0.00 216034.17 0.00 -0.00
2.00 20.00 3.00 10.00 14.92 46.51 46.39 0.00 0.00 0.00 0.00
2.00 21.00 3.00 10.00 13.33 36.99 36.89 0.00 0.00 0.00 0.00
2.00 22.00 3.00 10.00 12.10 32.48 32.39 0.00 0.00 0.00 0.00
2.00 23.00 3.00 10.00 11.45 29.29 29.21 0.00 0.00 0.00 0.00
2.00 24.00 3.00 10.00 11.15 26.74 26.67 0.00 0.00 0.00 0.00
2.00 1.00 4.00 10.00 11.02 24.61 24.55 0.00 0.00 0.00 0.00
2.00 2.00 4.00 10.00 10.81 22.71 22.65 0.00 0.00 0.00 0.00
2.00 3.00 4.00 10.00 10.51 20.98 20.93 0.00 0.00 0.00 0.00
2.00 4.00 4.00 10.00 10.19 19.41 19.37 0.00 0.00 0.00 0.00
2.00 5.00 4.00 10.00 9.88 18.01 17.97 0.00 0.00 0.00 0.00
2.00 6.00 4.00 10.00 9.75 16.85 16.81 0.00 0.00 0.00 -0.00
2.00 7.00 4.00 10.00 9.42 15.71 15.68 0.00 30.95 0.00 -0.00
2.00 8.00 4.00 10.00 10.05 23.66 23.63 0.00 7461.58 0.00 0.00
2.00 9.00 4.00 10.00 12.56 28.72 28.70 0.00 18118.68 0.00 0.00
2.00 10.00 4.00 10.00 16.00 33.68 33.66 0.00 26430.10 0.00 0.00
2.00 11.00 4.00 10.00 19.08 38.15 38.13 0.00 32569.06 0.00 0.00
2.00 12.00 4.00 10.00 21.44 41.82 41.80 0.00 36612.79 0.00 0.00
2.00 13.00 4.00 10.00 23.33 44.05 44.04 0.00 36226.82 0.00 0.00
2.00 14.00 4.00 10.00 24.53 47.08 47.07 0.00 40708.12 0.00 0.00
2.00 15.00 4.00 10.00 24.62 70.46 70.44 0.00 120836.35 0.00 0.00
2.00 16.00 4.00 10.00 24.26 93.21 93.20 0.00 187069.05 0.00 0.00
2.00 17.00 4.00 10.00 23.03 111.42 111.41 0.00 234665.31 0.00 -0.00
2.00 18.00 4.00 10.00 20.86 120.79 120.78 0.00 251940.21 0.00 -0.00
2.00 19.00 4.00 10.00 17.77 107.47 107.46 0.00 216034.17 0.00 -0.00
2.00 20.00 4.00 10.00 15.26 47.17 47.16 0.00 0.00 0.00 0.00
2.00 21.00 4.00 10.00 13.71 37.64 37.63 0.00 0.00 0.00 0.00
2.00 22.00 4.00 10.00 12.70 33.21 33.20 0.00 0.00 0.00 0.00
2.00 23.00 4.00 10.00 12.09 30.03 30.03 0.00 0.00 0.00 0.00
2.00 24.00 4.00 10.00 11.73 27.45 27.44 0.00 0.00 0.00 0.00
2.00 1.00 5.00 10.00 11.32 25.14 25.14 0.00 0.00 0.00 0.00
2.00 2.00 5.00 10.00 11.15 23.23 23.22 0.00 0.00 0.00 0.00
2.00 3.00 5.00 10.00 10.94 21.52 21.52 0.00 0.00 0.00 0.00
2.00 4.00 5.00 10.00 10.65 19.97 19.96 0.00 0.00 0.00 0.00
2.00 5.00 5.00 10.00 10.41 18.59 18.59 0.00 0.00 0.00 0.00
2.00 6.00 5.00 10.00 10.38 17.48 17.48 0.00 0.00 0.00 -0.00
2.00 7.00 5.00 10.00 10.16 16.41 16.41 0.00 30.95 0.00 -0.00
2.00 8.00 5.00 10.00 10.60 19.33 20.66 4676.86 7461.58 0.00 0.00
2.00 9.00 5.00 10.00 11.83 22.07 22.19 0.00 18118.68 0.00 0.00
2.00 10.00 5.00 10.00 15.15 26.07 25.66 -1553.77 26430.10 0.00 0.00
2.00 11.00 5.00 10.00 18.28 29.83 25.66 -14567.45 32569.06 0.00 -340.47
2.00 12.00 5.00 10.00 20.58 32.79 25.66 -23691.93 36612.79 0.00 -1403.16
2.00 13.00 5.00 10.00 22.59 34.78 25.66 -29416.60 36226.82 0.00 -3217.52
2.00 14.00 5.00 10.00 23.27 36.71 25.66 -35062.61 40708.12 0.00 -7067.16
2.00 15.00 5.00 10.00 23.29 52.21 36.57 -50000.00 120836.35 0.00 0.00
2.00 16.00 5.00 10.00 22.88 66.31 50.09 -50000.00 187069.05 0.00 0.00
2.00 17.00 5.00 10.00 22.07 77.21 60.72 -50000.00 234665.31 9162.27 0.00
2.00 18.00 5.00 10.00 20.33 81.95 65.22 -50000.00 251940.21 16191.95 0.00
2.00 19.00 5.00 10.00 17.65 98.36 94.05 0.00 216034.17 0.00 0.00
2.00 20.00 5.00 10.00 15.17 42.38 39.91 0.00 0.00 0.00 -0.00
2.00 21.00 5.00 10.00 13.35 33.70 31.71 0.00 0.00 0.00 -0.00
2.00 22.00 5.00 10.00 12.25 29.71 28.00 0.00 0.00 0.00 0.00
2.00 23.00 5.00 10.00 11.33 26.75 25.24 0.00 0.00 0.00 0.00
2.00 24.00 5.00 10.00 10.65 24.27 22.95 0.00 0.00 0.00 0.00
2.00 1.00 6.00 10.00 10.26 22.22 21.06 0.00 0.00 0.00 0.00
2.00 2.00 6.00 10.00 10.24 20.61 19.58 0.00 0.00 0.00 0.00
2.00 3.00 6.00 10.00 10.12 19.16 18.26 0.00 0.00 0.00 -0.00
2.00 4.00 6.00 10.00 9.92 17.84 17.04 0.00 0.00 0.00 -0.00
2.00 5.00 6.00 10.00 9.68 16.63 15.93 0.00 0.00 0.00 -0.00
2.00 6.00 6.00 10.00 9.40 15.53 14.91 0.00 0.00 0.00 -0.00
2.00 7.00 6.00 10.00 9.15 14.55 14.00 0.00 30.95 0.00 -0.00
2.00 8.00 6.00 10.00 9.33 17.62 20.66 11829.74 7461.58 0.00 0.00
2.00 9.00 6.00 10.00 10.92 20.67 20.70 0.00 18118.68 0.00 0.00
2.00 10.00 6.00 10.00 14.40 24.85 24.70 0.00 26430.10 0.00 0.00
2.00 11.00 6.00 10.00 16.98 28.30 25.66 -8748.49 32569.06 0.00 0.00
2.00 12.00 6.00 10.00 19.25 31.25 25.66 -18353.49 36612.79 0.00 -2034.34
2.00 13.00 6.00 10.00 20.45 32.70 25.66 -22349.79 36226.82 0.00 -1584.21
2.00 14.00 6.00 10.00 20.85 34.40 25.66 -27520.87 40708.12 0.00 -226.34
2.00 15.00 6.00 10.00 21.28 50.16 34.75 -50000.00 120836.35 0.00 0.00
2.00 16.00 6.00 10.00 21.05 64.39 48.25 -50000.00 187069.05 0.00 0.00
2.00 17.00 6.00 10.00 20.25 75.32 58.88 -50000.00 234665.31 9122.39 0.00
2.00 18.00 6.00 10.00 18.87 80.32 63.64 -50000.00 251940.21 15436.71 0.00
2.00 19.00 6.00 10.00 16.66 96.96 92.70 0.00 216034.17 0.00 0.00
2.00 20.00 6.00 10.00 14.63 41.28 38.87 0.00 0.00 0.00 -0.00
2.00 21.00 6.00 10.00 12.97 32.77 30.83 0.00 0.00 0.00 -0.00
2.00 22.00 6.00 10.00 11.98 28.92 27.24 0.00 0.00 0.00 0.00
2.00 23.00 6.00 10.00 11.34 26.18 24.70 0.00 0.00 0.00 0.00
2.00 24.00 6.00 10.00 11.07 24.01 22.72 0.00 0.00 0.00 0.00
2.00 1.00 7.00 10.00 11.02 22.25 21.11 0.00 0.00 0.00 0.00
2.00 2.00 7.00 10.00 10.93 20.70 19.70 0.00 0.00 0.00 0.00
2.00 3.00 7.00 10.00 10.87 19.36 18.47 0.00 0.00 0.00 0.00
2.00 4.00 7.00 10.00 10.99 18.28 17.50 0.00 0.00 0.00 -0.00
2.00 5.00 7.00 10.00 11.02 17.31 16.62 0.00 0.00 0.00 -0.00
2.00 6.00 7.00 10.00 10.94 16.41 15.80 0.00 0.00 0.00 -0.00
2.00 7.00 7.00 10.00 10.72 15.54 15.00 0.00 30.95 0.00 -0.00
2.00 8.00 7.00 10.00 10.91 18.84 20.66 7518.43 7461.58 0.00 0.00
2.00 9.00 7.00 10.00 12.42 21.90 21.82 0.00 18118.68 0.00 0.00
2.00 10.00 7.00 10.00 14.85 25.39 25.21 0.00 26430.10 0.00 0.00
2.00 11.00 7.00 10.00 17.70 28.98 25.66 -11059.35 32569.06 0.00 -2434.46
2.00 12.00 7.00 10.00 19.55 31.66 25.66 -19490.77 36612.79 0.00 -4724.25
2.00 13.00 7.00 10.00 20.62 32.99 25.66 -23127.94 36226.82 0.00 -4331.08
2.00 14.00 7.00 10.00 21.33 34.88 25.66 -29017.65 40708.12 0.00 -101.81
2.00 15.00 7.00 10.00 21.82 50.69 35.20 -50000.00 120836.35 0.00 0.00
2.00 16.00 7.00 10.00 21.77 65.05 48.87 -50000.00 187069.05 0.00 0.00
2.00 17.00 7.00 10.00 21.15 76.12 59.64 -50000.00 234665.31 9241.50 0.00
2.00 18.00 7.00 10.00 19.81 81.16 64.45 -50000.00 251940.21 15360.37 0.00
2.00 19.00 7.00 10.00 17.43 97.69 93.39 0.00 216034.17 0.00 0.00
2.00 20.00 7.00 10.00 15.59 42.10 39.66 0.00 0.00 0.00 -0.00
2.00 21.00 7.00 10.00 13.97 33.64 31.67 0.00 0.00 0.00 -0.00
2.00 22.00 7.00 10.00 12.85 29.74 28.03 0.00 0.00 0.00 0.00
2.00 23.00 7.00 10.00 12.22 27.00 25.51 0.00 0.00 0.00 0.00
2.00 24.00 7.00 10.00 11.97 24.85 23.54 0.00 0.00 0.00 0.00
2.00 1.00 1.00 10.00 11.80 23.03 21.87 0.00 0.00 0.00 0.00
2.00 2.00 1.00 10.00 11.56 21.40 20.38 0.00 0.00 0.00 0.00
2.00 3.00 1.00 10.00 11.43 20.00 19.10 0.00 0.00 0.00 0.00
2.00 4.00 1.00 10.00 11.29 18.77 17.97 0.00 0.00 0.00 0.00
2.00 5.00 1.00 10.00 11.12 17.66 16.96 0.00 0.00 0.00 -0.00
2.00 6.00 1.00 10.00 10.92 16.65 16.03 0.00 0.00 0.00 -0.00
2.00 7.00 1.00 10.00 10.80 15.80 15.25 0.00 30.95 0.00 -0.00
2.00 8.00 1.00 10.00 11.13 19.13 20.66 6524.50 7461.58 0.00 0.00
2.00 9.00 1.00 10.00 12.49 22.07 21.96 0.00 18118.68 0.00 0.00
2.00 10.00 1.00 10.00 15.45 25.91 25.66 -199.59 26430.10 0.00 0.00
2.00 11.00 1.00 10.00 18.12 29.40 25.66 -12489.93 32569.06 0.00 -4393.38
2.00 12.00 1.00 10.00 20.53 32.46 25.66 -22133.82 36612.79 0.00 -6481.73
2.00 13.00 1.00 10.00 22.04 34.14 25.66 -26855.52 36226.82 0.00 -6324.39
2.00 14.00 1.00 10.00 23.06 36.30 25.66 -33507.07 40708.12 0.00 -7638.12
2.00 15.00 1.00 10.00 23.42 52.06 36.40 -50000.00 120836.35 0.00 0.00
2.00 16.00 1.00 10.00 23.33 66.43 50.16 -50000.00 187069.05 0.00 0.00
2.00 17.00 1.00 10.00 22.43 77.32 60.78 -50000.00 234665.31 9967.20 0.00
2.00 18.00 1.00 10.00 20.94 82.26 65.50 -50000.00 251940.21 16594.18 0.00
2.00 19.00 1.00 10.00 18.20 98.58 94.21 0.00 216034.17 0.00 0.00
2.00 20.00 1.00 10.00 15.87 42.71 40.19 0.00 0.00 0.00 -0.00
2.00 21.00 1.00 10.00 14.06 34.08 32.05 0.00 0.00 0.00 -0.00
2.00 22.00 1.00 10.00 12.98 30.15 28.39 0.00 0.00 0.00 0.00
2.00 23.00 1.00 10.00 12.08 27.22 25.68 0.00 0.00 0.00 0.00
2.00 24.00 1.00 10.00 11.60 24.90 23.54 0.00 0.00 0.00 0.00
2.00 1.00 2.00 10.00 11.03 22.80 21.60 0.00 0.00 0.00 0.00
2.00 2.00 2.00 10.00 10.95 21.16 20.11 0.00 0.00 0.00 0.00
2.00 3.00 2.00 10.00 10.65 19.63 18.71 0.00 0.00 0.00 -0.00
2.00 4.00 2.00 10.00 10.27 18.21 17.39 0.00 0.00 0.00 -0.00
2.00 5.00 2.00 10.00 9.82 16.88 16.16 0.00 0.00 0.00 -0.00
2.00 6.00 2.00 10.00 9.83 15.91 15.27 0.00 0.00 0.00 -0.00
2.00 7.00 2.00 10.00 9.26 14.77 14.21 0.00 30.95 0.00 -0.00
2.00 8.00 2.00 10.00 9.81 18.04 20.66 10361.51 7461.58 0.00 0.00
2.00 9.00 2.00 10.00 12.15 21.63 21.62 0.00 18118.68 0.00 0.00
2.00 10.00 2.00 10.00 15.46 25.75 25.58 0.00 26430.10 0.00 0.00
2.00 11.00 2.00 10.00 18.85 29.78 25.66 -13871.76 32569.06 0.00 -5035.71
2.00 12.00 2.00 10.00 21.23 32.88 25.66 -23546.99 36612.79 0.00 -6729.81
2.00 13.00 2.00 10.00 23.42 35.08 25.66 -30014.41 36226.82 0.00 -9458.93
2.00 14.00 2.00 10.00 25.13 37.79 25.66 -38409.49 40708.12 0.00 -11428.25
2.00 15.00 2.00 10.00 25.42 53.61 37.79 -50000.00 120836.35 0.00 0.00
2.00 16.00 2.00 10.00 25.19 67.94 51.61 -50000.00 187069.05 0.00 0.00
2.00 17.00 2.00 10.00 24.17 78.80 62.21 -50000.00 234665.31 9111.73 0.00
2.00 18.00 2.00 10.00 22.23 83.46 66.66 -50000.00 251940.21 16323.75 0.00
2.00 19.00 2.00 10.00 19.27 99.63 95.20 0.00 216034.17 0.00 0.00
2.00 20.00 2.00 10.00 16.58 43.54 40.98 0.00 0.00 0.00 -0.00
2.00 21.00 2.00 10.00 14.91 34.96 32.89 0.00 0.00 0.00 -0.00
2.00 22.00 2.00 10.00 13.88 31.05 29.26 0.00 0.00 0.00 0.00
2.00 23.00 2.00 10.00 13.14 28.22 26.65 0.00 0.00 0.00 0.00
2.00 24.00 2.00 10.00 12.50 25.82 24.43 0.00 0.00 0.00 0.00
2.00 1.00 3.00 10.00 12.07 23.78 22.57 0.00 0.00 0.00 0.00
2.00 2.00 3.00 10.00 11.76 22.04 20.96 0.00 0.00 0.00 0.00
2.00 3.00 3.00 10.00 11.46 20.49 19.54 0.00 0.00 0.00 -0.00
2.00 4.00 3.00 10.00 11.02 19.03 18.19 0.00 0.00 0.00 -0.00
2.00 5.00 3.00 10.00 10.60 17.70 16.96 0.00 0.00 0.00 -0.00
2.00 6.00 3.00 10.00 10.35 16.59 15.93 0.00 0.00 0.00 -0.00
2.00 7.00 3.00 10.00 9.79 15.42 14.85 0.00 30.95 0.00 -0.00
2.00 8.00 3.00 10.00 10.17 23.29 22.79 0.00 7461.58 0.00 0.00
2.00 9.00 3.00 10.00 12.25 28.17 27.72 0.00 18118.68 0.00 0.00
2.00 10.00 3.00 10.00 15.00 32.76 32.36 0.00 26430.10 0.00 0.00
2.00 11.00 3.00 10.00 17.54 36.89 36.53 0.00 32569.06 0.00 0.00
2.00 12.00 3.00 10.00 19.49 40.28 39.96 0.00 36612.79 0.00 0.00
2.00 13.00 3.00 10.00 21.42 42.46 42.18 0.00 36226.82 0.00 0.00
2.00 14.00 3.00 10.00 22.58 45.42 45.17 0.00 40708.12 0.00 0.00
2.00 15.00 3.00 10.00 22.74 68.78 68.56 0.00 120836.35 0.00 0.00
2.00 16.00 3.00 10.00 22.68 91.67 91.48 0.00 187069.05 0.00 0.00
2.00 17.00 3.00 10.00 22.06 110.21 110.04 0.00 234665.31 0.00 -0.00
2.00 18.00 3.00 10.00 20.31 119.87 119.72 0.00 251940.21 0.00 -0.00
2.00 19.00 3.00 10.00 17.70 106.86 106.73 0.00 216034.17 0.00 -0.00
2.00 20.00 3.00 10.00 15.16 46.64 46.52 0.00 0.00 0.00 0.00
2.00 21.00 3.00 10.00 13.48 37.09 36.98 0.00 0.00 0.00 0.00
2.00 22.00 3.00 10.00 12.60 32.77 32.68 0.00 0.00 0.00 0.00
2.00 23.00 3.00 10.00 11.93 29.61 29.53 0.00 0.00 0.00 0.00
2.00 24.00 3.00 10.00 11.32 26.91 26.84 0.00 0.00 0.00 0.00
2.00 1.00 4.00 10.00 11.09 24.72 24.65 0.00 0.00 0.00 0.00
2.00 2.00 4.00 10.00 10.92 22.83 22.77 0.00 0.00 0.00 0.00
2.00 3.00 4.00 10.00 10.97 21.29 21.24 0.00 0.00 0.00 0.00
2.00 4.00 4.00 10.00 10.80 19.83 19.79 0.00 0.00 0.00 0.00
2.00 5.00 4.00 10.00 10.72 18.59 18.55 0.00 0.00 0.00 0.00
2.00 6.00 4.00 10.00 10.73 17.54 17.51 0.00 0.00 0.00 -0.00
2.00 7.00 4.00 10.00 10.62 16.57 16.54 0.00 30.95 0.00 -0.00
2.00 8.00 4.00 10.00 10.60 24.21 24.18 0.00 7461.58 0.00 0.00
2.00 9.00 4.00 10.00 11.77 28.53 28.50 0.00 18118.68 0.00 0.00
2.00 10.00 4.00 10.00 13.95 32.67 32.65 0.00 26430.10 0.00 0.00
2.00 11.00 4.00 10.00 17.56 37.25 37.23 0.00 32569.06 0.00 0.00
2.00 12.00 4.00 10.00 19.63 40.70 40.68 0.00 36612.79 0.00 0.00
2.00 13.00 4.00 10.00 21.05 42.58 42.56 0.00 36226.82 0.00 0.00
2.00 14.00 4.00 10.00 21.47 45.06 45.05 0.00 40708.12 0.00 0.00
2.00 15.00 4.00 10.00 21.25 68.10 68.09 0.00 120836.35 0.00 0.00
2.00 16.00 4.00 10.00 21.47 91.03 91.02 0.00 187069.05 0.00 0.00
2.00 17.00 4.00 10.00 21.08 109.64 109.63 0.00 234665.31 0.00 -0.00
2.00 18.00 4.00 10.00 19.35 119.26 119.25 0.00 251940.21 0.00 -0.00
2.00 19.00 4.00 10.00 16.68 106.18 106.18 0.00 216034.17 0.00 -0.00
2.00 20.00 4.00 10.00 14.18 45.94 45.93 0.00 0.00 0.00 0.00
2.00 21.00 4.00 10.00 12.61 36.42 36.41 0.00 0.00 0.00 0.00
2.00 22.00 4.00 10.00 11.77 32.10 32.10 0.00 0.00 0.00 0.00
2.00 23.00 4.00 10.00 11.24 29.00 29.00 0.00 0.00 0.00 0.00
2.00 24.00 4.00 10.00 10.92 26.46 26.45 0.00 0.00 0.00 0.00
2.00 1.00 5.00 10.00 10.74 24.31 24.30 0.00 0.00 0.00 0.00
2.00 2.00 5.00 10.00 10.54 22.42 22.41 0.00 0.00 0.00 0.00
2.00 3.00 5.00 10.00 10.50 20.83 20.82 0.00 0.00 0.00 0.00
2.00 4.00 5.00 10.00 10.42 19.42 19.42 0.00 0.00 0.00 0.00
2.00 5.00 5.00 10.00 10.49 18.27 18.27 0.00 0.00 0.00 0.00
2.00 6.00 5.00 10.00 10.72 17.36 17.36 0.00 0.00 0.00 -0.00
2.00 7.00 5.00 10.00 10.41 16.31 16.31 0.00 30.95 0.00 -0.00
2.00 8.00 5.00 10.00 10.64 19.22 20.66 5034.41 7461.58 0.00 0.00
2.00 9.00 5.00 10.00 12.36 22.33 22.46 0.00 18118.68 0.00 0.00
2.00 10.00 5.00 10.00 15.55 26.28 25.66 -2321.99 26430.10 0.00 0.00
2.00 11.00 5.00 10.00 17.61 29.32 25.66 -12723.52 32569.06 0.00 -858.41
2.00 12.00 5.00 10.00 19.54 31.98 25.66 -20996.20 36612.79 0.00 -1907.48
2.00 13.00 5.00 10.00 21.18 33.67 25.66 -25797.57 36226.82 0.00 -1199.62
2.00 14.00 5.00 10.00 22.13 35.72 25.66 -32058.75 40708.12 0.00 -2486.64
2.00 15.00 5.00 10.00 21.90 51.04 35.53 -50000.00 120836.35 0.00 0.00
2.00 16.00 5.00 10.00 21.38 65.02 48.87 -50000.00 187069.05 0.00 0.00
2.00 17.00 5.00 10.00 20.17 75.62 59.18 -50000.00 234665.31 9181.99 0.00
2.00 18.00 5.00 10.00 18.39 80.27 63.59 -50000.00 251940.21 15565.95 0.00
2.00 19.00 5.00 10.00 15.97 96.89 92.63 0.00 216034.17 0.00 0.00
2.00 20.00 5.00 10.00 13.88 41.10 38.69 0.00 0.00 0.00 -0.00
2.00 21.00 5.00 10.00 12.32 32.58 30.64 0.00 0.00 0.00 -0.00
2.00 22.00 5.00 10.00 11.41 28.72 27.04 0.00 0.00 0.00 0.00
2.00 23.00 5.00 10.00 10.72 25.91 24.44 0.00 0.00 0.00 0.00
2.00 24.00 5.00 10.00 10.16 23.54 22.25 0.00 0.00 0.00 0.00
2.00 1.00 6.00 10.00 9.96 21.63 20.49 0.00 0.00 0.00 0.00
2.00 2.00 6.00 10.00 9.91 20.04 19.04 0.00 0.00 0.00 0.00
2.00 3.00 6.00 10.00 9.52 18.48 17.59 0.00 0.00 0.00 0.00
2.00 4.00 6.00 10.00 9.24 17.11 16.33 0.00 0.00 0.00 -0.00
2.00 5.00 6.00 10.00 9.05 15.94 15.25 0.00 0.00 0.00 -0.00
2.00 6.00 6.00 10.00 9.03 14.98 14.38 0.00 0.00 0.00 -0.00
2.00 7.00 6.00 10.00 8.96 14.14 13.60 0.00 30.95 0.00 -0.00
2.00 8.00 6.00 10.00 9.50 17.55 20.66 12041.37 7461.58 0.00 0.00
2.00 9.00 6.00 10.00 10.89 20.51 20.66 379.97 18118.68 0.00 0.00
2.00 10.00 6.00 10.00 14.66 24.91 24.77 0.00 26430.10 0.00 0.00
2.00 11.00 6.00 10.00 18.42 29.20 25.66 -11944.84 32569.06 0.00 -1199.08
2.00 12.00 6.00 10.00 21.24 32.65 25.66 -22967.26 36612.79 0.00 -3533.71
2.00 13.00 6.00 10.00 23.39 34.86 25.66 -29413.88 36226.82 0.00 -5790.85
2.00 14.00 6.00 10.00 24.27 37.02 25.66 -35884.40 40708.12 0.00 -9410.76
2.00 15.00 6.00 10.00 24.28 52.62 36.89 -50000.00 120836.35 0.00 0.00
2.00 16.00 6.00 10.00 23.94 66.84 50.55 -50000.00 187069.05 0.00 0.00
2.00 17.00 6.00 10.00 22.84 77.62 61.07 -50000.00 234665.31 9563.21 0.00
2.00 18.00 6.00 10.00 21.26 82.51 65.74 -50000.00 251940.21 17208.03 0.00
2.00 19.00 6.00 10.00 18.52 98.81 94.43 0.00 216034.17 0.00 0.00
2.00 20.00 6.00 10.00 15.92 42.78 40.26 0.00 0.00 0.00 -0.00
2.00 21.00 6.00 10.00 14.22 34.21 32.17 0.00 0.00 0.00 -0.00
2.00 22.00 6.00 10.00 13.01 30.21 28.44 0.00 0.00 0.00 0.00
2.00 23.00 6.00 10.00 12.17 27.31 25.76 0.00 0.00 0.00 0.00
2.00 24.00 6.00 10.00 11.44 24.85 23.49 0.00 0.00 0.00 0.00
2.00 1.00 7.00 10.00 10.94 22.76 21.56 0.00 0.00 0.00 0.00
2.00 2.00 7.00 10.00 10.58 20.97 19.92 0.00 0.00 0.00 0.00
2.00 3.00 7.00 10.00 10.13 19.33 18.40 0.00 0.00 0.00 -0.00
2.00 4.00 7.00 10.00 9.62 17.80 16.98 0.00 0.00 0.00 -0.00
2.00 5.00 7.00 10.00 9.20 16.45 15.73 0.00 0.00 0.00 -0.00
2.00 6.00 7.00 10.00 9.20 15.45 14.81 0.00 0.00 0.00 -0.00
2.00 7.00 7.00 10.00 8.55 14.24 13.68 0.00 30.95 0.00 -0.00
2.00 8.00 7.00 10.00 9.70 17.86 20.66 11016.69 7461.58 0.00 0.00
2.00 9.00 7.00 10.00 12.67 21.91 21.91 0.00 18118.68 0.00 0.00
2.00 10.00 7.00 10.00 16.00 26.09 25.66 -941.07 26430.10 0.00 0.00
2.00 11.00 7.00 10.00 19.54 30.25 25.66 -15469.86 32569.06 0.00 -95.23
2.00 12.00 7.00 10.00 22.53 33.82 25.66 -26656.78 36612.79 0.00 -1694.79
2.00 13.00 7.00 10.00 24.44 35.88 25.66 -32486.90 36226.82 0.00 -1571.21
2.00 14.00 7.00 10.00 25.43 38.12 25.66 -39219.73 40708.12 0.00 -5461.93
2.00 15.00 7.00 10.00 25.35 53.66 37.77 -50000.00 120836.35 0.00 0.00
2.00 16.00 7.00 10.00 25.18 68.00 51.63 -50000.00 187069.05 1206.50 0.00
2.00 17.00 7.00 10.00 24.51 79.10 62.46 -50000.00 234665.31 12618.40 0.00
2.00 18.00 7.00 10.00 22.54 83.75 66.91 -50000.00 251940.21 19467.10 0.00
2.00 19.00 7.00 10.00 18.94 99.56 95.10 0.00 216034.17 0.00 0.00
2.00 20.00 7.00 10.00 16.47 43.54 40.94 0.00 0.00 0.00 -0.00
2.00 21.00 7.00 10.00 14.93 35.02 32.92 0.00 0.00 0.00 -0.00
2.00 22.00 7.00 10.00 13.87 31.10 29.27 0.00 0.00 0.00 0.00
2.00 23.00 7.00 10.00 13.11 28.24 26.64 0.00 0.00 0.00 0.00
2.00 24.00 7.00 10.00 12.52 25.86 24.45 0.00 0.00 0.00 0.00
2.00 1.00 1.00 10.00 11.96 23.75 22.51 0.00 0.00 0.00 0.00
2.00 2.00 1.00 10.00 11.57 21.95 20.86 0.00 0.00 0.00 0.00
2.00 3.00 1.00 10.00 11.17 20.33 19.37 0.00 0.00 0.00 0.00
2.00 4.00 1.00 10.00 10.77 18.87 18.02 0.00 0.00 0.00 -0.00
2.00 5.00 1.00 10.00 10.37 17.55 16.80 0.00 0.00 0.00 -0.00
2.00 6.00 1.00 10.00 10.42 16.59 15.92 0.00 0.00 0.00 -0.00
2.00 7.00 1.00 10.00 10.16 15.61 15.02 0.00 30.95 0.00 -0.00
2.00 8.00 1.00 10.00 10.77 18.95 20.66 7231.75 7461.58 0.00 0.00
2.00 9.00 1.00 10.00 12.85 22.37 22.26 0.00 18118.68 0.00 0.00
2.00 10.00 1.00 10.00 15.79 26.22 25.66 -1258.86 26430.10 0.00 0.00
2.00 11.00 1.00 10.00 18.21 29.54 25.66 -12849.25 32569.06 0.00 0.00
2.00 12.00 1.00 10.00 20.20 32.30 25.66 -21474.37 36612.79 0.00 -963.00
2.00 13.00 1.00 10.00 21.64 33.89 25.66 -25988.02 36226.82 0.00 -2795.86
2.00 14.00 1.00 10.00 22.29 35.77 25.66 -31701.56 40708.12 0.00 -4237.58
2.00 15.00 1.00 10.00 22.09 51.11 35.49 -50000.00 120836.35 0.00 0.00
2.00 16.00 1.00 10.00 22.25 65.58 49.32 -50000.00 187069.05 690.31 0.00
2.00 17.00 1.00 10.00 21.90 76.83 60.29 -50000.00 234665.31 10170.69 0.00
2.00 18.00 1.00 10.00 20.28 81.69 64.93 -50000.00 251940.21 15882.46 0.00
2.00 19.00 1.00 10.00 17.64 98.08 93.72 0.00 216034.17 0.00 0.00
2.00 20.00 1.00 10.00 14.93 41.99 39.49 0.00 0.00 0.00 -0.00
2.00 21.00 1.00 10.00 13.21 33.38 31.35 0.00 0.00 0.00 -0.00
2.00 22.00 1.00 10.00 11.95 29.33 27.58 0.00 0.00 0.00 0.00
2.00 23.00 1.00 10.00 11.15 26.43 24.89 0.00 0.00 0.00 0.00
2.00 24.00 1.00 10.00 10.93 24.23 22.88 0.00 0.00 0.00 0.00
2.00 1.00 2.00 10.00 11.20 22.60 21.41 0.00 0.00 0.00 0.00
2.00 2.00 2.00 10.00 11.27 21.12 20.07 0.00 0.00 0.00 0.00
2.00 3.00 2.00 10.00 11.17 19.76 18.83 0.00 0.00 0.00 -0.00
2.00 4.00 2.00 10.00 10.94 18.47 17.66 0.00 0.00 0.00 -0.00
2.00 5.00 2.00 10.00 10.75 17.35 16.63 0.00 0.00 0.00 -0.00
2.00 6.00 2.00 10.00 11.12 16.64 16.01 0.00 0.00 0.00 -0.00
2.00 7.00 2.00 10.00 10.93 15.80 15.23 0.00 30.95 0.00 -0.00
2.00 8.00 2.00 10.00 11.16 19.11 20.66 6630.71 7461.58 0.00 0.00
2.00 9.00 2.00 10.00 13.20 22.54 22.42 0.00 18118.68 0.00 0.00
2.00 10.00 2.00 10.00 16.15 26.42 25.66 -1972.32 26430.10 0.00 0.00
2.00 11.00 2.00 10.00 18.36 29.62 25.66 -13061.88 32569.06 0.00 -1961.92
2.00 12.00 2.00 10.00 20.70 32.62 25.66 -22574.54 36612.79 0.00 -5249.57
2.00 13.00 2.00 10.00 22.18 34.28 25.66 -27226.04 36226.82 0.00 -6165.74
2.00 14.00 2.00 10.00 22.70 36.09 25.66 -32664.36 40708.12 0.00 -5533.81
2.00 15.00 2.00 10.00 22.75 51.61 35.94 -50000.00 120836.35 0.00 0.00
2.00 16.00 2.00 10.00 22.52 65.83 49.55 -50000.00 187069.05 0.00 0.00
2.00 17.00 2.00 10.00 21.61 76.69 60.14 -50000.00 234665.31 10123.11 0.00
2.00 18.00 2.00 10.00 19.90 81.45 64.68 -50000.00 251940.21 15722.99 0.00
2.00 19.00 2.00 10.00 17.32 97.90 93.52 0.00 216034.17 0.00 0.00
2.00 20.00 2.00 10.00 15.23 42.14 39.62 0.00 0.00 0.00 -0.00
2.00 21.00 2.00 10.00 13.86 33.76 31.72 0.00 0.00 0.00 -0.00
2.00 22.00 2.00 10.00 12.98 29.96 28.20 0.00 0.00 0.00 0.00
2.00 23.00 2.00 10.00 12.13 27.10 25.55 0.00 0.00 0.00 0.00
2.00 24.00 2.00 10.00 11.53 24.73 23.37 0.00 0.00 0.00 0.00
2.00 1.00 3.00 10.00 11.29 22.82 21.62 0.00 0.00 0.00 0.00
2.00 2.00 3.00 10.00 11.05 21.15 20.09 0.00 0.00 0.00 0.00
2.00 3.00 3.00 10.00 10.90 19.70 18.77 0.00 0.00 0.00 -0.00
2.00 4.00 3.00 10.00 10.70 18.41 17.59 0.00 0.00 0.00 -0.00
2.00 5.00 3.00 10.00 10.63 17.32 16.60 0.00 0.00 0.00 -0.00
2.00 6.00 3.00 10.00 10.57 16.37 15.73 0.00 0.00 0.00 -0.00
2.00 7.00 3.00 10.00 10.51 15.55 14.98 0.00 30.95 0.00 -0.00
2.00 8.00 3.00 10.00 10.77 23.45 22.95 0.00 7461.58 0.00 0.00
2.00 9.00 3.00 10.00 11.84 27.82 27.38 0.00 18118.68 0.00 0.00
2.00 10.00 3.00 10.00 15.20 32.70 32.31 0.00 26430.10 0.00 0.00
2.00 11.00 3.00 10.00 17.63 36.82 36.48 0.00 32569.06 0.00 0.00
2.00 12.00 3.00 10.00 19.65 40.26 39.96 0.00 36612.79 0.00 0.00
2.00 13.00 3.00 10.00 20.78 42.03 41.76 0.00 36226.82 0.00 0.00
2.00 14.00 3.00 10.00 21.42 44.66 44.42 0.00 40708.12 0.00 0.00
2.00 15.00 3.00 10.00 21.48 67.89 67.68 0.00 120836.35 0.00 0.00
2.00 16.00 3.00 10.00 21.22 90.62 90.43 0.00 187069.05 0.00 0.00
2.00 17.00 3.00 10.00 19.80 108.67 108.50 0.00 234665.31 0.00 -0.00
2.00 18.00 3.00 10.00 18.06 118.21 118.06 0.00 251940.21 0.00 -0.00
2.00 19.00 3.00 10.00 15.83 105.33 105.20 0.00 216034.17 0.00 -0.00
2.00 20.00 3.00 10.00 13.97 45.45 45.33 0.00 0.00 0.00 0.00
2.00 21.00 3.00 10.00 12.58 36.08 35.97 0.00 0.00 0.00 0.00
2.00 22.00 3.00 10.00 11.78 31.83 31.74 0.00 0.00 0.00 0.00
2.00 23.00 3.00 10.00 11.16 28.71 28.63 0.00 0.00 0.00 0.00
2.00 24.00 3.00 10.00 10.52 26.02 25.95 0.00 0.00 0.00 0.00
2.00 1.00 4.00 10.00 10.47 23.94 23.87 0.00 0.00 0.00 0.00
2.00 2.00 4.00 10.00 10.10 21.97 21.91 0.00 0.00 0.00 0.00
2.00 3.00 4.00 10.00 9.78 20.22 20.17 0.00 0.00 0.00 0.00
2.00 4.00 4.00 10.00 9.59 18.73 18.69 0.00 0.00 0.00 0.00
2.00 5.00 4.00 10.00 9.42 17.42 17.38 0.00 0.00 0.00 0.00
2.00 6.00 4.00 10.00 9.57 16.43 16.40 0.00 0.00 0.00 -0.00
2.00 7.00 4.00 10.00 9.32 15.38 15.35 0.00 30.95 0.00 -0.00
2.00 8.00 4.00 10.00 9.81 23.28 23.26 0.00 7461.58 0.00 0.00
2.00 9.00 4.00 10.00 10.84 27.55 27.53 0.00 18118.68 0.00 0.00
2.00 10.00 4.00 10.00 12.86 31.62 31.60 0.00 26430.10 0.00 0.00
2.00 11.00 4.00 10.00 16.41 36.16 36.14 0.00 32569.06 0.00 0.00
2.00 12.00 4.00 10.00 18.34 39.52 39.50 0.00 36612.79 0.00 0.00
2.00 13.00 4.00 10.00 20.09 41.56 41.54 0.00 36226.82 0.00 0.00
2.00 14.00 4.00 10.00 20.88 44.26 44.25 0.00 40708.12 0.00 0.00
2.00 15.00 4.00 10.00 21.12 67.59 67.58 0.00 120836.35 0.00 0.00
2.00 16.00 4.00 10.00 20.72 90.24 90.23 0.00 187069.05 0.00 0.00
2.00 17.00 4.00 10.00 19.57 108.43 108.42 0.00 234665.31 0.00 -0.00
2.00 18.00 4.00 10.00 17.75 117.94 117.93 0.00 251940.21 0.00 -0.00
2.00 19.00 4.00 10.00 15.40 104.99 104.99 0.00 216034.17 0.00 -0.00
2.00 20.00 4.00 10.00 13.14 44.87 44.87 0.00 0.00 0.00 0.00
2.00 21.00 4.00 10.00 11.50 35.33 35.32 0.00 0.00 0.00 0.00
2.00 22.00 4.00 10.00 10.63 30.99 30.99 0.00 0.00 0.00 0.00
2.00 23.00 4.00 10.00 9.80 27.72 27.71 0.00 0.00 0.00 0.00
2.00 24.00 4.00 10.00 9.22 25.01 25.00 0.00 0.00 0.00 0.00
2.00 1.00 5.00 10.00 8.91 22.75 22.74 0.00 0.00 0.00 0.00
2.00 2.00 5.00 10.00 8.55 20.73 20.73 0.00 0.00 0.00 0.00
2.00 3.00 5.00 10.00 8.07 18.86 18.85 0.00 0.00 0.00 0.00
2.00 4.00 5.00 10.00 7.72 17.23 17.22 0.00 0.00 0.00 0.00
2.00 5.00 5.00 10.00 7.39 15.78 15.78 0.00 0.00 0.00 0.00
2.00 6.00 5.00 10.00 7.47 14.70 14.69 0.00 0.00 0.00 -0.00
2.00 7.00 5.00 10.00 7.21 13.59 13.59 0.00 30.95 0.00 -0.00
2.00 8.00 5.00 10.00 8.05 16.74 20.66 13738.22 7461.58 0.00 0.00
2.00 9.00 5.00 10.00 10.58 20.40 20.76 0.00 18118.68 0.00 0.00
2.00 10.00 5.00 10.00 14.25 24.72 24.83 0.00 26430.10 0.00 0.00
2.00 11.00 5.00 10.00 17.11 28.37 25.66 -9788.62 32569.06 0.00 0.00
2.00 12.00 5.00 10.00 19.47 31.41 25.66 -19499.84 36612.79 0.00 0.00
2.00 13.00 5.00 10.00 21.68 33.58 25.66 -25896.24 36226.82 0.00 -1047.17
2.00 14.00 5.00 10.00 22.65 35.75 25.66 -32401.12 40708.12 0.00 -859.46
2.00 15.00 5.00 10.00 22.98 51.53 36.07 -50000.00 120836.35 0.00 0.00
2.00 16.00 5.00 10.00 22.57 65.68 49.58 -50000.00 187069.05 2159.57 0.00
2.00 17.00 5.00 10.00 21.32 76.33 59.93 -50000.00 234665.31 12274.55 0.00
2.00 18.00 5.00 10.00 19.60 81.09 64.45 -50000.00 251940.21 18078.34 0.00
2.00 19.00 5.00 10.00 16.78 97.40 93.19 0.00 216034.17 0.00 0.00
2.00 20.00 5.00 10.00 14.32 41.42 39.05 0.00 0.00 0.00 -0.00
2.00 21.00 5.00 10.00 12.39 32.69 30.79 0.00 0.00 0.00 -0.00
2.00 22.00 5.00 10.00 11.32 28.73 27.08 0.00 0.00 0.00 0.00
2.00 23.00 5.00 10.00 10.35 25.74 24.30 0.00 0.00 0.00 0.00
2.00 24.00 5.00 10.00 9.46 23.15 21.89 0.00 0.00 0.00 0.00
2.00 1.00 6.00 10.00 9.07 21.09 19.98 0.00 0.00 0.00 0.00
2.00 2.00 6.00 10.00 8.68 19.26 18.28 0.00 0.00 0.00 0.00
2.00 3.00 6.00 10.00 8.17 17.56 16.69 0.00 0.00 0.00 0.00
2.00 4.00 6.00 10.00 7.61 15.98 15.22 0.00 0.00 0.00 -0.00
2.00 5.00 6.00 10.00 7.21 14.62 13.94 0.00 0.00 0.00 -0.00
2.00 6.00 6.00 10.00 7.26 13.63 13.03 0.00 0.00 0.00 -0.00
2.00 7.00 6.00 10.00 7.09 12.67 12.15 0.00 30.95 0.00 -0.00
2.00 8.00 6.00 10.00 8.26 16.35 20.66 16204.56 7461.58 0.00 0.00
2.00 9.00 6.00 10.00 11.17 20.37 20.66 460.49 18118.68 0.00 0.00
2.00 10.00 6.00 10.00 14.51 24.57 24.48 0.00 26430.10 0.00 0.00
2.00 11.00 6.00 10.00 17.99 28.69 25.66 -10262.83 32569.06 0.00 -644.09
2.00 12.00 6.00 10.00 20.52 31.94 25.66 -20744.69 36612.79 0.00 -1361.12
2.00 13.00 6.00 10.00 23.12 34.45 25.66 -28320.50 36226.82 0.00 -4199.22
2.00 14.00 6.00 10.00 24.19 36.78 25.66 -35306.77 40708.12 0.00 -4106.72
2.00 15.00 6.00 10.00 24.34 52.50 36.84 -50000.00 120836.35 0.00 0.00
2.00 16.00 6.00 10.00 24.08 66.81 50.57 -50000.00 187069.05 2083.46 0.00
2.00 17.00 6.00 10.00 23.11 77.71 61.19 -50000.00 234665.31 12217.93 0.00
2.00 18.00 6.00 10.00 21.04 82.28 65.54 -50000.00 251940.21 17743.26 0.00
2.00 19.00 6.00 10.00 18.01 98.41 94.06 0.00 216034.17 0.00 0.00
2.00 20.00 6.00 10.00 15.21 42.25 39.76 0.00 0.00 0.00 -0.00
2.00 21.00 6.00 10.00 13.21 33.48 31.47 0.00 0.00 0.00 -0.00
2.00 22.00 6.00 10.00 12.11 29.49 27.75 0.00 0.00 0.00 0.00
2.00 23.00 6.00 10.00 11.07 26.47 24.94 0.00 0.00 0.00 0.00
2.00 24.00 6.00 10.00 10.21 23.89 22.55 0.00 0.00 0.00 0.00
2.00 1.00 7.00 10.00 9.85 21.84 20.66 0.00 0.00 0.00 0.00
2.00 2.00 7.00 10.00 9.42 19.99 18.96 0.00 0.00 0.00 0.00
2.00 3.00 7.00 10.00 9.22 18.46 17.55 0.00 0.00 0.00 0.00
2.00 4.00 7.00 10.00 8.78 16.97 16.17 0.00 0.00 0.00 -0.00
2.00 5.00 7.00 10.00 8.49 15.70 14.99 0.00 0.00 0.00 -0.00
2.00 6.00 7.00 10.00 8.47 14.70 14.07 0.00 0.00 0.00 -0.00
2.00 7.00 7.00 10.00 8.07 13.63 13.08 0.00 30.95 0.00 -0.00
2.00 8.00 7.00 10.00 8.85 17.05 20.66 13838.19 7461.58 0.00 0.00
2.00 9.00 7.00 10.00 11.15 20.62 20.70 0.00 18118.68 0.00 0.00
2.00 10.00 7.00 10.00 15.36 25.36 25.23 0.00 26430.10 0.00 0.00
2.00 11.00 7.00 10.00 18.52 29.29 25.66 -12262.33 32569.06 0.00 -2261.20
2.00 12.00 7.00 10.00 21.52 32.85 25.66 -23662.80 36612.79 0.00 -5898.18
2.00 13.00 7.00 10.00 23.38 34.87 25.66 -29403.05 36226.82 0.00 -7105.28
2.00 14.00 7.00 10.00 24.23 37.01 25.66 -35825.45 40708.12 0.00 -6892.41
2.00 15.00 7.00 10.00 24.55 52.81 37.08 -50000.00 120836.35 0.00 0.00
2.00 16.00 7.00 10.00 24.12 66.99 50.70 -50000.00 187069.05 0.00 0.00
2.00 17.00 7.00 10.00 22.92 77.71 61.15 -50000.00 234665.31 10330.87 0.00
2.00 18.00 7.00 10.00 21.49 82.69 65.92 -50000.00 251940.21 17639.05 0.00
2.00 19.00 7.00 10.00 18.87 99.05 94.67 0.00 216034.17 0.00 0.00
2.00 20.00 7.00 10.00 16.20 43.01 40.48 0.00 0.00 0.00 -0.00
2.00 21.00 7.00 10.00 14.35 34.35 32.31 0.00 0.00 0.00 -0.00
2.00 22.00 7.00 10.00 13.21 30.39 28.62 0.00 0.00 0.00 0.00
2.00 23.00 7.00 10.00 12.34 27.47 25.92 0.00 0.00 0.00 0.00
2.00 24.00 7.00 10.00 11.88 25.16 23.80 0.00 0.00 0.00 0.00
2.00 1.00 1.00 10.00 11.90 23.39 22.18 0.00 0.00 0.00 0.00
2.00 2.00 1.00 10.00 11.53 21.65 20.59 0.00 0.00 0.00 0.00
2.00 3.00 1.00 10.00 11.28 20.15 19.22 0.00 0.00 0.00 -0.00
2.00 4.00 1.00 10.00 11.00 18.80 17.98 0.00 0.00 0.00 -0.00
2.00 5.00 1.00 10.00 10.62 17.52 16.80 0.00 0.00 0.00 -0.00
2.00 6.00 1.00 10.00 10.50 16.51 15.86 0.00 0.00 0.00 -0.00
2.00 7.00 1.00 10.00 9.93 15.37 14.81 0.00 30.95 0.00 -0.00
2.00 8.00 1.00 10.00 10.62 18.77 20.66 7836.89 7461.58 0.00 0.00
2.00 9.00 1.00 10.00 12.91 22.34 22.26 0.00 18118.68 0.00 0.00
2.00 10.00 1.00 10.00 16.36 26.56 25.66 -2505.37 26430.10 0.00 0.00
2.00 11.00 1.00 10.00 19.26 30.27 25.66 -15299.06 32569.06 0.00 -1597.09
2.00 12.00 1.00 10.00 21.28 33.10 25.66 -24045.40 36612.79 0.00 -4075.20
2.00 13.00 1.00 10.00 22.79 34.78 25.66 -28797.98 36226.82 0.00 -7757.45
2.00 14.00 1.00 10.00 23.40 36.67 25.66 -34487.85 40708.12 0.00 -5194.47
2.00 15.00 1.00 10.00 23.54 52.27 36.53 -50000.00 120836.35 0.00 0.00
2.00 16.00 1.00 10.00 23.25 66.48 50.16 -50000.00 187069.05 0.00 0.00
2.00 17.00 1.00 10.00 22.24 77.28 60.69 -50000.00 234665.31 8969.17 0.00
2.00 18.00 1.00 10.00 20.40 81.95 65.14 -50000.00 251940.21 15157.22 0.00
2.00 19.00 1.00 10.00 17.99 98.49 94.07 0.00 216034.17 0.00 0.00
2.00 20.00 1.00 10.00 15.68 42.62 40.06 0.00 0.00 0.00 -0.00
2.00 21.00 1.00 10.00 13.99 34.05 31.99 0.00 0.00 0.00 -0.00
2.00 22.00 1.00 10.00 12.93 30.13 28.34 0.00 0.00 0.00 0.00
2.00 23.00 1.00 10.00 12.18 27.29 25.72 0.00 0.00 0.00 0.00
2.00 24.00 1.00 10.00 11.56 24.89 23.51 0.00 0.00 0.00 0.00
2.00 1.00 2.00 10.00 11.33 22.97 21.76 0.00 0.00 0.00 0.00
2.00 2.00 2.00 10.00 11.19 21.33 20.26 0.00 0.00 0.00 0.00
2.00 3.00 2.00 10.00 10.94 19.84 18.89 0.00 0.00 0.00 -0.00
2.00 4.00 2.00 10.00 10.80 18.56 17.73 0.00 0.00 0.00 -0.00
2.00 5.00 2.00 10.00 10.52 17.35 16.62 0.00 0.00 0.00 -0.00
2.00 6.00 2.00 10.00 10.21 16.24 15.59 0.00 0.00 0.00 -0.00
2.00 7.00 2.00 10.00 10.06 15.33 14.76 0.00 30.95 0.00 -0.00
2.00 8.00 2.00 10.00 10.45 18.59 20.66 8460.00 7461.58 0.00 0.00
2.00 9.00 2.00 10.00 11.22 21.11 21.03 0.00 18118.68 0.00 0.00
2.00 10.00 2.00 10.00 13.58 24.47 24.28 0.00 26430.10 0.00 0.00
2.00 11.00 2.00 10.00 16.50 28.06 25.66 -7810.24 32569.06 0.00 -2886.74
2.00 12.00 2.00 10.00 20.83 32.42 25.66 -22437.27 36612.79 0.00 -14636.60
2.00 13.00 2.00 10.00 23.12 34.73 25.66 -29051.44 36226.82 0.00 -11259.26
2.00 14.00 2.00 10.00 24.31 37.10 25.66 -36220.56 40708.12 0.00 -8794.82
2.00 15.00 2.00 10.00 24.36 52.72 36.99 -50000.00 120836.35 0.00 0.00
2.00 16.00 2.00 10.00 23.97 66.92 50.63 -50000.00 187069.05 0.00 0.00
2.00 17.00 2.00 10.00 22.55 77.46 60.91 -50000.00 234665.31 8986.26 0.00
2.00 18.00 2.00 10.00 20.54 82.03 65.26 -50000.00 251940.21 15332.59 0.00
2.00 19.00 2.00 10.00 18.04 98.50 94.12 0.00 216034.17 0.00 0.00
2.00 20.00 2.00 10.00 15.59 42.55 40.03 0.00 0.00 0.00 -0.00
2.00 21.00 2.00 10.00 13.93 33.99 31.95 0.00 0.00 0.00 -0.00
2.00 22.00 2.00 10.00 12.91 30.09 28.33 0.00 0.00 0.00 0.00
2.00 23.00 2.00 10.00 12.08 27.20 25.66 0.00 0.00 0.00 0.00
2.00 24.00 2.00 10.00 11.25 24.69 23.33 0.00 0.00 0.00 0.00
2.00 1.00 3.00 10.00 11.00 22.74 21.54 0.00 0.00 0.00 0.00
2.00 2.00 3.00 10.00 10.83 21.07 20.01 0.00 0.00 0.00 0.00
2.00 3.00 3.00 10.00 10.54 19.53 18.60 0.00 0.00 0.00 -0.00
2.00 4.00 3.00 10.00 10.21 18.14 17.32 0.00 0.00 0.00 -0.00
2.00 5.00 3.00 10.00 9.98 16.93 16.21 0.00 0.00 0.00 -0.00
2.00 6.00 3.00 10.00 9.83 15.90 15.26 0.00 0.00 0.00 -0.00
2.00 7.00 3.00 10.00 9.41 14.84 14.27 0.00 30.95 0.00 -0.00
2.00 8.00 3.00 10.00 10.94 23.37 22.87 0.00 7461.58 0.00 0.00
2.00 9.00 3.00 10.00 13.95 28.87 28.43 0.00 18118.68 0.00 0.00
2.00 10.00 3.00 10.00 16.95 33.76 33.37 0.00 26430.10 0.00 0.00
2.00 11.00 3.00 10.00 20.13 38.37 38.03 0.00 32569.06 0.00 0.00
2.00 12.00 3.00 10.00 22.66 42.24 41.94 0.00 36612.79 0.00 0.00
2.00 13.00 3.00 10.00 24.58 44.60 44.33 0.00 36226.82 0.00 0.00
2.00 14.00 3.00 10.00 25.42 47.51 47.27 0.00 40708.12 0.00 0.00
2.00 15.00 3.00 10.00 25.07 70.68 70.47 0.00 120836.35 0.00 0.00
2.00 16.00 3.00 10.00 24.38 93.26 93.07 0.00 187069.05 0.00 0.00
2.00 17.00 3.00 10.00 23.35 111.58 111.41 0.00 234665.31 0.00 -0.00
2.00 18.00 3.00 10.00 21.78 121.29 121.15 0.00 251940.21 0.00 -0.00
2.00 19.00 3.00 10.00 19.32 108.38 108.25 0.00 216034.17 0.00 -0.00
2.00 20.00 3.00 10.00 16.72 48.14 48.02 0.00 0.00 0.00 0.00
2.00 21.00 3.00 10.00 14.93 38.53 38.43 0.00 0.00 0.00 0.00
2.00 22.00 3.00 10.00 13.80 34.08 33.98 0.00 0.00 0.00 0.00
2.00 23.00 3.00 10.00 13.05 30.85 30.77 0.00 0.00 0.00 0.00
2.00 24.00 3.00 10.00 12.53 28.18 28.10 0.00 0.00 0.00 0.00
2.00 1.00 4.00 10.00 12.28 25.97 25.90 0.00 0.00 0.00 0.00
2.00 2.00 4.00 10.00 12.20 24.12 24.06 0.00 0.00 0.00 0.00
2.00 3.00 4.00 10.00 12.08 22.48 22.43 0.00 0.00 0.00 0.00
2.00 4.00 4.00 10.00 11.81 20.96 20.92 0.00 0.00 0.00 0.00
2.00 5.00 4.00 10.00 11.59 19.62 19.58 0.00 0.00 0.00 0.00
2.00 6.00 4.00 10.00 11.71 18.61 18.57 0.00 0.00 0.00 0.00
2.00 7.00 4.00 10.00 11.25 17.44 17.41 0.00 30.95 0.00 -0.00
2.00 8.00 4.00 10.00 12.35 25.65 25.62 0.00 7461.58 0.00 0.00
2.00 9.00 4.00 10.00 15.19 30.95 30.92 0.00 18118.68 0.00 0.00
2.00 10.00 4.00 10.00 18.05 35.65 35.63 0.00 26430.10 0.00 0.00
2.00 11.00 4.00 10.00 20.51 39.78 39.76 0.00 32569.06 0.00 0.00
2.00 12.00 4.00 10.00 22.37 43.13 43.11 0.00 36612.79 0.00 0.00
2.00 13.00 4.00 10.00 23.30 44.77 44.75 0.00 36226.82 0.00 0.00
2.00 14.00 4.00 10.00 23.89 47.33 47.32 0.00 40708.12 0.00 0.00
2.00 15.00 4.00 10.00 24.03 70.60 70.58 0.00 120836.35 0.00 0.00
2.00 16.00 4.00 10.00 23.90 93.38 93.37 0.00 187069.05 0.00 0.00
2.00 17.00 4.00 10.00 23.25 111.85 111.84 0.00 234665.31 0.00 -0.00
2.00 18.00 4.00 10.00 21.37 121.37 121.36 0.00 251940.21 0.00 -0.00
2.00 19.00 4.00 10.00 18.77 108.31 108.31 0.00 216034.17 0.00 -0.00
2.00 20.00 4.00 10.00 15.98 47.90 47.90 0.00 0.00 0.00 0.00
2.00 21.00 4.00 10.00 14.28 38.28 38.28 0.00 0.00 0.00 0.00
2.00 22.00 4.00 10.00 13.19 33.80 33.80 0.00 0.00 0.00 0.00
2.00 23.00 4.00 10.00 12.40 30.51 30.50 0.00 0.00 0.00 0.00
2.00 24.00 4.00 10.00 11.77 27.74 27.74 0.00 0.00 0.00 0.00
2.00 1.00 5.00 10.00 11.72 25.60 25.60 0.00 0.00 0.00 0.00
2.00 2.00 5.00 10.00 11.68 23.76 23.76 0.00 0.00 0.00 0.00
2.00 3.00 5.00 10.00 11.58 22.11 22.11 0.00 0.00 0.00 0.00
2.00 4.00 5.00 10.00 11.31 20.58 20.58 0.00 0.00 0.00 0.00
2.00 5.00 5.00 10.00 11.21 19.29 19.29 0.00 0.00 0.00 0.00
2.00 6.00 5.00 10.00 11.16 18.18 18.18 0.00 0.00 0.00 -0.00
2.00 7.00 5.00 10.00 10.79 17.04 17.04 0.00 30.95 0.00 -0.00
2.00 8.00 5.00 10.00 11.65 20.25 20.66 1445.02 7461.58 0.00 0.00
2.00 9.00 5.00 10.00 13.73 23.61 23.64 0.00 18118.68 0.00 0.00
2.00 10.00 5.00 10.00 16.36 27.20 25.66 -5436.89 26430.10 0.00 0.00
2.00 11.00 5.00 10.00 19.08 30.67 25.66 -17084.13 32569.06 0.00 -2925.70
2.00 12.00 5.00 10.00 21.36 33.60 25.66 -26141.27 36612.79 0.00 -5509.56
2.00 13.00 5.00 10.00 22.99 35.32 25.66 -30887.91 36226.82 0.00 -7153.47
2.00 14.00 5.00 10.00 23.17 36.87 25.66 -35275.53 40708.12 0.00 -5229.78
2.00 15.00 5.00 10.00 23.17 52.31 36.60 -50000.00 120836.35 0.00 0.00
2.00 16.00 5.00 10.00 22.89 66.47 50.19 -50000.00 187069.05 0.00 0.00
2.00 17.00 5.00 10.00 22.46 77.62 61.07 -50000.00 234665.31 9482.61 0.00
2.00 18.00 5.00 10.00 21.49 82.89 66.13 -50000.00 251940.21 15978.60 0.00
2.00 19.00 5.00 10.00 19.17 99.49 95.12 0.00 216034.17 0.00 0.00
2.00 20.00 5.00 10.00 16.64 43.53 41.02 0.00 0.00 0.00 -0.00
2.00 21.00 5.00 10.00 15.07 35.03 33.00 0.00 0.00 0.00 -0.00
2.00 22.00 5.00 10.00 13.86 31.04 29.29 0.00 0.00 0.00 0.00
2.00 23.00 5.00 10.00 12.95 28.11 26.57 0.00 0.00 0.00 0.00
2.00 24.00 5.00 10.00 12.52 25.81 24.46 0.00 0.00 0.00 0.00
2.00 1.00 6.00 10.00 12.37 23.94 22.75 0.00 0.00 0.00 0.00
2.00 2.00 6.00 10.00 12.30 22.36 21.31 0.00 0.00 0.00 0.00
2.00 3.00 6.00 10.00 12.31 21.02 20.09 0.00 0.00 0.00 0.00
2.00 4.00 6.00 10.00 12.17 19.78 18.96 0.00 0.00 0.00 0.00
2.00 5.00 6.00 10.00 11.95 18.62 17.90 0.00 0.00 0.00 -0.00
2.00 6.00 6.00 10.00 11.89 17.67 17.04 0.00 0.00 0.00 -0.00
2.00 7.00 6.00 10.00 11.53 16.69 16.12 0.00 30.95 0.00 -0.00
2.00 8.00 6.00 10.00 12.32 20.27 20.66 2553.64 7461.58 0.00 0.00
2.00 9.00 6.00 10.00 13.89 23.38 23.16 0.00 18118.68 0.00 0.00
2.00 10.00 6.00 10.00 17.04 27.37 25.66 -5185.11 26430.10 0.00 0.00
2.00 11.00 6.00 10.00 19.33 30.62 25.66 -16182.09 32569.06 0.00 -2422.25
2.00 12.00 6.00 10.00 21.00 33.15 25.66 -24002.71 36612.79 0.00 -7732.22
2.00 13.00 6.00 10.00 22.51 34.79 25.66 -28661.21 36226.82 0.00 -9047.23
2.00 14.00 6.00 10.00 23.85 37.13 25.66 -35987.65 40708.12 0.00 -8452.85
2.00 15.00 6.00 10.00 24.51 53.11 37.30 -50000.00 120836.35 0.00 0.00
2.00 16.00 6.00 10.00 23.97 67.18 50.82 -50000.00 187069.05 0.00 0.00
2.00 17.00 6.00 10.00 23.15 78.11 61.49 -50000.00 234665.31 8621.03 0.00
2.00 18.00 6.00 10.00 22.04 83.30 66.47 -50000.00 251940.21 15112.18 0.00
2.00 19.00 6.00 10.00 19.63 99.80 95.35 0.00 216034.17 0.00 0.00
2.00 20.00 6.00 10.00 17.11 43.86 41.27 0.00 0.00 0.00 -0.00
2.00 21.00 6.00 10.00 15.53 35.36 33.27 0.00 0.00 0.00 -0.00
2.00 22.00 6.00 10.00 14.20 31.33 29.51 0.00 0.00 0.00 0.00
2.00 23.00 6.00 10.00 13.35 28.43 26.84 0.00 0.00 0.00 0.00
2.00 24.00 6.00 10.00 12.97 26.17 24.77 0.00 0.00 0.00 0.00
2.00 1.00 7.00 10.00 12.58 24.18 22.94 0.00 0.00 0.00 0.00
2.00 2.00 7.00 10.00 12.36 22.50 21.41 0.00 0.00 0.00 0.00
2.00 3.00 7.00 10.00 11.98 20.93 19.97 0.00 0.00 0.00 0.00
2.00 4.00 7.00 10.00 11.86 19.65 18.80 0.00 0.00 0.00 -0.00
2.00 5.00 7.00 10.00 11.71 18.51 17.77 0.00 0.00 0.00 -0.00
2.00 6.00 7.00 10.00 11.47 17.45 16.79 0.00 0.00 0.00 -0.00
2.00 7.00 7.00 10.00 10.98 16.36 15.78 0.00 30.95 0.00 -0.00
2.00 8.00 7.00 10.00 11.67 19.78 20.66 4322.10 7461.58 0.00 0.00
2.00 9.00 7.00 10.00 12.56 22.38 22.20 0.00 18118.68 0.00 0.00
2.00 10.00 7.00 10.00 14.85 25.71 25.49 0.00 26430.10 0.00 0.00
2.00 11.00 7.00 10.00 17.96 29.44 25.66 -12525.86 32569.06 0.00 -5657.86
2.00 12.00 7.00 10.00 19.94 32.18 25.66 -21087.24 36612.79 0.00 -7429.69
2.00 13.00 7.00 10.00 21.73 34.00 25.66 -26394.23 36226.82 0.00 -7597.56
2.00 14.00 7.00 10.00 22.90 36.24 25.66 -33314.68 40708.12 0.00 -7214.80
2.00 15.00 7.00 10.00 23.33 52.05 36.38 -50000.00 120836.35 0.00 0.00
2.00 16.00 7.00 10.00 22.95 66.20 49.93 -50000.00 187069.05 0.00 0.00
2.00 17.00 7.00 10.00 21.94 77.00 60.45 -50000.00 234665.31 6748.12 0.00
2.00 18.00 7.00 10.00 20.40 81.88 65.11 -50000.00 251940.21 15401.63 0.00
2.00 19.00 7.00 10.00 18.10 98.47 94.10 0.00 216034.17 0.00 0.00
2.00 20.00 7.00 10.00 15.85 42.65 40.14 0.00 0.00 0.00 -0.00
2.00 21.00 7.00 10.00 14.25 34.15 32.12 0.00 0.00 0.00 -0.00
2.00 22.00 7.00 10.00 13.17 30.24 28.48 0.00 0.00 0.00 0.00
2.00 23.00 7.00 10.00 12.47 27.45 25.90 0.00 0.00 0.00 0.00
2.00 24.00 7.00 10.00 11.74 25.01 23.65 0.00 0.00 0.00 0.00
2.00 1.00 1.00 11.00 11.29 22.97 21.78 0.00 0.00 0.00 0.00
2.00 2.00 1.00 11.00 10.93 21.20 20.15 0.00 0.00 0.00 0.00
2.00 3.00 1.00 11.00 10.47 19.57 18.64 0.00 0.00 0.00 -0.00
2.00 4.00 1.00 11.00 10.21 18.19 17.37 0.00 0.00 0.00 -0.00
2.00 5.00 1.00 11.00 9.93 16.95 16.23 0.00 0.00 0.00 -0.00
2.00 6.00 1.00 11.00 9.53 15.77 15.13 0.00 0.00 0.00 -0.00
2.00 7.00 1.00 11.00 9.52 15.36 14.80 0.00 1694.94 0.00 -0.00
2.00 8.00 1.00 11.00 10.40 19.27 21.01 7294.34 11508.18 0.00 0.00
2.00 9.00 1.00 11.00 12.13 22.51 22.41 0.00 22014.22 0.00 0.00
2.00 10.00 1.00 11.00 15.47 26.49 26.01 -996.58 29431.62 0.00 0.00
2.00 11.00 1.00 11.00 17.41 29.58 26.01 -11801.90 36040.73 0.00 0.00
2.00 12.00 1.00 11.00 19.18 31.80 26.01 -18643.03 38115.80 0.00 -2177.63
2.00 13.00 1.00 11.00 21.17 34.09 26.01 -25758.65 39745.92 0.00 -4707.40
2.00 14.00 1.00 11.00 22.47 36.34 26.01 -32605.19 43604.56 0.00 -3965.36
2.00 15.00 1.00 11.00 23.02 51.88 36.27 -50000.00 121812.68 0.00 0.00
2.00 16.00 1.00 11.00 22.66 66.03 49.79 -50000.00 188046.42 0.00 0.00
2.00 17.00 1.00 11.00 21.42 75.71 59.19 -50000.00 230542.51 7672.56 0.00
2.00 18.00 1.00 11.00 19.73 80.55 63.81 -50000.00 248784.31 14952.44 0.00
2.00 19.00 1.00 11.00 17.13 101.23 96.89 0.00 229638.35 0.00 0.00
2.00 20.00 1.00 11.00 14.73 42.50 40.02 0.00 917.27 0.00 -0.00
2.00 21.00 1.00 11.00 13.00 33.41 31.40 0.00 0.00 0.00 -0.00
2.00 22.00 1.00 11.00 11.87 29.36 27.62 0.00 0.00 0.00 0.00
2.00 23.00 1.00 11.00 11.09 26.46 24.93 0.00 0.00 0.00 0.00
2.00 24.00 1.00 11.00 10.23 23.90 22.56 0.00 0.00 0.00 0.00
2.00 1.00 2.00 11.00 9.90 21.87 20.69 0.00 0.00 0.00 0.00
2.00 2.00 2.00 11.00 9.58 20.09 19.05 0.00 0.00 0.00 0.00
2.00 3.00 2.00 11.00 9.32 18.54 17.62 0.00 0.00 0.00 0.00
2.00 4.00 2.00 11.00 9.04 17.14 16.34 0.00 0.00 0.00 0.00
2.00 5.00 2.00 11.00 8.76 15.89 15.18 0.00 0.00 0.00 -0.00
2.00 6.00 2.00 11.00 8.95 15.02 14.39 0.00 0.00 0.00 -0.00
2.00 7.00 2.00 11.00 8.63 14.49 13.93 0.00 1694.94 0.00 0.00
2.00 8.00 2.00 11.00 9.86 18.63 21.01 9543.31 11508.18 0.00 0.00
2.00 9.00 2.00 11.00 13.04 22.89 22.86 0.00 22014.22 0.00 0.00
2.00 10.00 2.00 11.00 16.18 26.84 26.01 -2317.40 29431.62 0.00 0.00
2.00 11.00 2.00 11.00 18.93 30.55 26.01 -15131.60 36040.73 0.00 0.00
2.00 12.00 2.00 11.00 21.51 33.43 26.01 -24047.98 38115.80 0.00 -3741.06
2.00 13.00 2.00 11.00 23.88 36.10 26.01 -32228.99 39745.92 0.00 -4107.83
2.00 14.00 2.00 11.00 25.11 38.41 26.01 -39071.19 43604.56 0.00 -7243.43
2.00 15.00 2.00 11.00 25.18 53.70 37.82 -50000.00 121812.68 0.00 0.00
2.00 16.00 2.00 11.00 24.89 67.93 51.56 -50000.00 188046.42 0.00 0.00
2.00 17.00 2.00 11.00 23.78 77.75 61.12 -50000.00 230542.51 11760.97 0.00
2.00 18.00 2.00 11.00 22.16 82.69 65.86 -50000.00 248784.31 18565.54 0.00
2.00 19.00 2.00 11.00 19.60 103.33 98.87 0.00 229638.35 0.00 0.00
2.00 20.00 2.00 11.00 16.75 44.39 41.80 0.00 917.27 0.00 -0.00
2.00 21.00 2.00 11.00 15.02 35.29 33.19 0.00 0.00 0.00 -0.00
2.00 22.00 2.00 11.00 14.08 31.36 29.54 0.00 0.00 0.00 0.00
2.00 23.00 2.00 11.00 13.40 28.54 26.95 0.00 0.00 0.00 0.00
2.00 24.00 2.00 11.00 12.78 26.15 24.75 0.00 0.00 0.00 0.00
2.00 1.00 3.00 11.00 12.47 24.18 22.94 0.00 0.00 0.00 0.00
2.00 2.00 3.00 11.00 12.15 22.44 21.35 0.00 0.00 0.00 0.00
2.00 3.00 3.00 11.00 11.81 20.87 19.91 0.00 0.00 0.00 0.00
2.00 4.00 3.00 11.00 11.39 19.41 18.57 0.00 0.00 0.00 0.00
2.00 5.00 3.00 11.00 11.13 18.17 17.43 0.00 0.00 0.00 -0.00
2.00 6.00 3.00 11.00 11.17 17.23 16.57 0.00 0.00 0.00 -0.00
2.00 7.00 3.00 11.00 10.69 16.61 16.02 0.00 1694.94 0.00 -0.00
2.00 8.00 3.00 11.00 12.07 25.79 25.28 0.00 11508.18 0.00 0.00
2.00 9.00 3.00 11.00 14.37 31.01 30.55 0.00 22014.22 0.00 0.00
2.00 10.00 3.00 11.00 17.60 35.77 35.37 0.00 29431.62 0.00 0.00
2.00 11.00 3.00 11.00 20.04 40.07 39.72 0.00 36040.73 0.00 0.00
2.00 12.00 3.00 11.00 22.25 43.15 42.84 0.00 38115.80 0.00 0.00
2.00 13.00 3.00 11.00 24.17 45.88 45.60 0.00 39745.92 0.00 0.00
2.00 14.00 3.00 11.00 25.42 48.84 48.59 0.00 43604.56 0.00 0.00
2.00 15.00 3.00 11.00 25.45 71.66 71.44 0.00 121812.68 0.00 0.00
2.00 16.00 3.00 11.00 25.14 94.36 94.17 0.00 188046.42 0.00 0.00
2.00 17.00 3.00 11.00 24.40 111.41 111.24 0.00 230542.51 0.00 -0.00
2.00 18.00 3.00 11.00 22.82 121.18 121.03 0.00 248784.31 0.00 -0.00
2.00 19.00 3.00 11.00 20.24 112.78 112.64 0.00 229638.35 0.00 -0.00
2.00 20.00 3.00 11.00 17.41 49.65 49.53 0.00 917.27 0.00 0.00
2.00 21.00 3.00 11.00 15.59 39.53 39.42 0.00 0.00 0.00 0.00
2.00 22.00 3.00 11.00 14.44 34.97 34.88 0.00 0.00 0.00 0.00
2.00 23.00 3.00 11.00 13.57 31.64 31.56 0.00 0.00 0.00 0.00
2.00 24.00 3.00 11.00 12.96 28.89 28.81 0.00 0.00 0.00 0.00
2.00 1.00 4.00 11.00 12.63 26.60 26.53 0.00 0.00 0.00 0.00
2.00 2.00 4.00 11.00 12.31 24.58 24.52 0.00 0.00 0.00 0.00
2.00 3.00 4.00 11.00 12.14 22.87 22.82 0.00 0.00 0.00 0.00
2.00 4.00 4.00 11.00 12.08 21.42 21.37 0.00 0.00 0.00 0.00
2.00 5.00 4.00 11.00 12.01 20.14 20.10 0.00 0.00 0.00 0.00
2.00 6.00 4.00 11.00 11.91 19.00 18.97 0.00 0.00 0.00 0.00
2.00 7.00 4.00 11.00 11.52 18.30 18.27 0.00 1694.94 0.00 -0.00
2.00 8.00 4.00 11.00 12.39 27.11 27.08 0.00 11508.18 0.00 0.00
2.00 9.00 4.00 11.00 14.58 32.14 32.11 0.00 22014.22 0.00 0.00
2.00 10.00 4.00 11.00 17.28 36.50 36.47 0.00 29431.62 0.00 0.00
2.00 11.00 4.00 11.00 19.57 40.58 40.56 0.00 36040.73 0.00 0.00
2.00 12.00 4.00 11.00 21.88 43.59 43.57 0.00 38115.80 0.00 0.00
2.00 13.00 4.00 11.00 23.61 46.12 46.11 0.00 39745.92 0.00 0.00
2.00 14.00 4.00 11.00 24.47 48.76 48.75 0.00 43604.56 0.00 0.00
2.00 15.00 4.00 11.00 24.29 71.34 71.33 0.00 121812.68 0.00 0.00
2.00 16.00 4.00 11.00 24.06 93.98 93.97 0.00 188046.42 0.00 0.00
2.00 17.00 4.00 11.00 23.03 110.79 110.78 0.00 230542.51 0.00 -0.00
2.00 18.00 4.00 11.00 21.53 120.50 120.49 0.00 248784.31 0.00 -0.00
2.00 19.00 4.00 11.00 19.09 112.10 112.10 0.00 229638.35 0.00 -0.00
2.00 20.00 4.00 11.00 16.51 49.06 49.05 0.00 917.27 0.00 0.00
2.00 21.00 4.00 11.00 14.79 38.96 38.96 0.00 0.00 0.00 0.00
2.00 22.00 4.00 11.00 13.62 34.37 34.37 0.00 0.00 0.00 0.00
2.00 23.00 4.00 11.00 12.81 31.05 31.05 0.00 0.00 0.00 0.00
2.00 24.00 4.00 11.00 12.22 28.29 28.29 0.00 0.00 0.00 0.00
2.00 1.00 5.00 11.00 11.58 25.82 25.82 0.00 0.00 0.00 0.00
2.00 2.00 5.00 11.00 11.17 23.71 23.71 0.00 0.00 0.00 0.00
2.00 3.00 5.00 11.00 11.29 22.12 22.12 0.00 0.00 0.00 0.00
2.00 4.00 5.00 11.00 11.07 20.58 20.58 0.00 0.00 0.00 0.00
2.00 5.00 5.00 11.00 11.00 19.28 19.28 0.00 0.00 0.00 0.00
2.00 6.00 5.00 11.00 10.93 18.14 18.14 0.00 0.00 0.00 0.00
2.00 7.00 5.00 11.00 10.81 17.58 17.58 0.00 1694.94 0.00 -0.00
2.00 8.00 5.00 11.00 11.72 21.14 21.14 0.00 11508.18 0.00 0.00
2.00 9.00 5.00 11.00 14.27 24.86 24.86 0.00 22014.22 0.00 0.00
2.00 10.00 5.00 11.00 17.37 28.68 26.01 -9335.75 29431.62 0.00 0.00
2.00 11.00 5.00 11.00 20.36 32.46 26.01 -21740.40 36040.73 0.00 -6539.41
2.00 12.00 5.00 11.00 22.81 35.20 26.01 -29918.67 38115.80 0.00 -8935.41
2.00 13.00 5.00 11.00 24.50 37.33 26.01 -36097.38 39745.92 0.00 -10613.41
2.00 14.00 5.00 11.00 25.49 39.37 26.01 -42037.76 43604.56 0.00 -10507.29
2.00 15.00 5.00 11.00 25.47 54.51 38.52 -50000.00 121812.68 0.00 0.00
2.00 16.00 5.00 11.00 25.02 68.56 52.14 -50000.00 188046.42 0.00 0.00
2.00 17.00 5.00 11.00 24.07 78.42 61.75 -50000.00 230542.51 8888.87 0.00
2.00 18.00 5.00 11.00 22.41 83.28 66.42 -50000.00 248784.31 17641.00 0.00
2.00 19.00 5.00 11.00 19.85 104.00 99.51 0.00 229638.35 0.00 0.00
2.00 20.00 5.00 11.00 17.20 45.14 42.51 0.00 917.27 0.00 -0.00
2.00 21.00 5.00 11.00 15.48 36.02 33.89 0.00 0.00 0.00 -0.00
2.00 22.00 5.00 11.00 14.26 31.91 30.06 0.00 0.00 0.00 0.00
2.00 23.00 5.00 11.00 13.53 29.01 27.39 0.00 0.00 0.00 0.00
2.00 24.00 5.00 11.00 12.79 26.51 25.08 0.00 0.00 0.00 0.00
2.00 1.00 6.00 11.00 12.10 24.28 23.03 0.00 0.00 0.00 0.00
2.00 2.00 6.00 11.00 11.79 22.47 21.37 0.00 0.00 0.00 0.00
2.00 3.00 6.00 11.00 11.38 20.82 19.84 0.00 0.00 0.00 0.00
2.00 4.00 6.00 11.00 11.04 19.35 18.50 0.00 0.00 0.00 -0.00
2.00 5.00 6.00 11.00 11.02 18.21 17.46 0.00 0.00 0.00 -0.00
2.00 6.00 6.00 11.00 10.96 17.21 16.54 0.00 0.00 0.00 -0.00
2.00 7.00 6.00 11.00 10.85 16.76 16.17 0.00 1694.94 0.00 -0.00
2.00 8.00 6.00 11.00 11.82 20.70 21.01 2334.32 11508.18 0.00 0.00
2.00 9.00 6.00 11.00 14.21 24.40 24.16 0.00 22014.22 0.00 0.00
2.00 10.00 6.00 11.00 17.00 28.04 26.01 -6253.99 29431.62 0.00 0.00
2.00 11.00 6.00 11.00 19.42 31.45 26.01 -17746.60 36040.73 0.00 -1808.91
2.00 12.00 6.00 11.00 21.56 33.96 26.01 -25395.73 38115.80 0.00 -4943.62
2.00 13.00 6.00 11.00 23.59 36.32 26.01 -32571.30 39745.92 0.00 -8762.08
2.00 14.00 6.00 11.00 24.31 38.20 26.01 -37997.48 43604.56 0.00 -7954.18
2.00 15.00 6.00 11.00 24.02 53.13 37.21 -50000.00 121812.68 0.00 0.00
2.00 16.00 6.00 11.00 23.83 67.34 50.92 -50000.00 188046.42 0.00 0.00
2.00 17.00 6.00 11.00 22.79 77.15 60.48 -50000.00 230542.51 8939.98 0.00
2.00 18.00 6.00 11.00 21.14 82.01 65.13 -50000.00 248784.31 15875.54 0.00
2.00 19.00 6.00 11.00 18.67 102.78 98.27 0.00 229638.35 0.00 0.00
2.00 20.00 6.00 11.00 15.95 43.88 41.24 0.00 917.27 0.00 -0.00
2.00 21.00 6.00 11.00 14.16 34.72 32.58 0.00 0.00 0.00 -0.00
2.00 22.00 6.00 11.00 13.07 30.67 28.82 0.00 0.00 0.00 0.00
2.00 23.00 6.00 11.00 12.46 27.85 26.22 0.00 0.00 0.00 0.00
2.00 24.00 6.00 11.00 11.87 25.44 24.01 0.00 0.00 0.00 0.00
2.00 1.00 7.00 11.00 11.37 23.35 22.09 0.00 0.00 0.00 0.00
2.00 2.00 7.00 11.00 11.09 21.58 20.47 0.00 0.00 0.00 0.00
2.00 3.00 7.00 11.00 10.89 20.07 19.09 0.00 0.00 0.00 0.00
2.00 4.00 7.00 11.00 10.64 18.69 17.83 0.00 0.00 0.00 -0.00
2.00 5.00 7.00 11.00 10.65 17.61 16.85 0.00 0.00 0.00 -0.00
2.00 6.00 7.00 11.00 10.93 16.82 16.14 0.00 0.00 0.00 -0.00
2.00 7.00 7.00 11.00 10.72 16.37 15.78 0.00 1694.94 0.00 -0.00
2.00 8.00 7.00 11.00 11.41 20.22 21.01 4032.97 11508.18 0.00 0.00
2.00 9.00 7.00 11.00 13.33 23.60 23.40 0.00 22014.22 0.00 0.00
2.00 10.00 7.00 11.00 16.13 27.22 26.01 -3420.19 29431.62 0.00 0.00
2.00 11.00 7.00 11.00 19.52 31.30 26.01 -17492.37 36040.73 0.00 -6788.97
2.00 12.00 7.00 11.00 21.56 33.79 26.01 -24934.90 38115.80 0.00 -6727.26
2.00 13.00 7.00 11.00 22.77 35.61 26.01 -30208.59 39745.92 0.00 -8396.02
2.00 14.00 7.00 11.00 23.35 37.35 26.01 -35323.24 43604.56 0.00 -7097.10
2.00 15.00 7.00 11.00 23.49 52.57 36.75 -50000.00 121812.68 0.00 0.00
2.00 16.00 7.00 11.00 23.05 66.62 50.25 -50000.00 188046.42 0.00 0.00
2.00 17.00 7.00 11.00 21.78 76.25 59.62 -50000.00 230542.51 6946.83 0.00
2.00 18.00 7.00 11.00 19.99 80.99 64.16 -50000.00 248784.31 15413.84 0.00
2.00 19.00 7.00 11.00 17.66 101.86 97.40 0.00 229638.35 0.00 0.00
2.00 20.00 7.00 11.00 15.11 43.05 40.45 0.00 917.27 0.00 -0.00
2.00 21.00 7.00 11.00 13.26 33.87 31.76 0.00 0.00 0.00 -0.00
2.00 22.00 7.00 11.00 12.20 29.82 28.00 0.00 0.00 0.00 0.00
2.00 23.00 7.00 11.00 11.46 26.93 25.33 0.00 0.00 0.00 0.00
2.00 24.00 7.00 11.00 11.17 24.67 23.26 0.00 0.00 0.00 0.00
2.00 1.00 1.00 11.00 10.80 22.66 21.43 0.00 0.00 0.00 0.00
2.00 2.00 1.00 11.00 10.61 20.97 19.88 0.00 0.00 0.00 0.00
2.00 3.00 1.00 11.00 10.56 19.55 18.59 0.00 0.00 0.00 0.00
2.00 4.00 1.00 11.00 10.41 18.27 17.42 0.00 0.00 0.00 0.00
2.00 5.00 1.00 11.00 10.42 17.21 16.46 0.00 0.00 0.00 0.00
2.00 6.00 1.00 11.00 10.49 16.33 15.67 0.00 0.00 0.00 0.00
2.00 7.00 1.00 11.00 9.68 15.55 14.97 0.00 1694.94 0.00 0.00
2.00 8.00 1.00 11.00 11.61 20.16 21.01 4219.04 11508.18 0.00 0.00
2.00 9.00 1.00 11.00 15.66 25.08 24.89 0.00 22014.22 0.00 0.00
2.00 10.00 1.00 11.00 19.46 29.57 26.01 -11691.67 29431.62 0.00 0.00
2.00 11.00 1.00 11.00 22.44 33.54 26.01 -24590.81 36040.73 0.00 -281.68
2.00 12.00 1.00 11.00 24.58 36.19 26.01 -32451.33 38115.80 0.00 -2831.51
2.00 13.00 1.00 11.00 26.33 38.47 26.01 -39175.66 39745.92 0.00 -4315.43
2.00 14.00 1.00 11.00 28.32 41.29 26.01 -47838.82 43604.56 0.00 -6314.74
2.00 15.00 1.00 11.00 28.41 56.66 40.33 -50000.00 121812.68 0.00 0.00
2.00 16.00 1.00 11.00 27.95 70.81 54.19 -50000.00 188046.42 3247.42 0.00
2.00 17.00 1.00 11.00 26.84 80.65 63.82 -50000.00 230542.51 14878.17 0.00
2.00 18.00 1.00 11.00 25.01 85.47 68.45 -50000.00 248784.31 22516.67 0.00
2.00 19.00 1.00 11.00 21.65 105.64 100.96 0.00 229638.35 0.00 0.00
2.00 20.00 1.00 11.00 18.36 46.40 43.60 0.00 917.27 0.00 -0.00
2.00 21.00 1.00 11.00 16.30 37.06 34.78 0.00 0.00 0.00 -0.00
2.00 22.00 1.00 11.00 14.86 32.77 30.80 0.00 0.00 0.00 0.00
2.00 23.00 1.00 11.00 14.02 29.77 28.03 0.00 0.00 0.00 0.00
2.00 24.00 1.00 11.00 13.32 27.24 25.72 0.00 0.00 0.00 0.00
2.00 1.00 2.00 11.00 12.63 24.99 23.65 0.00 0.00 0.00 0.00
2.00 2.00 2.00 11.00 12.01 22.98 21.80 0.00 0.00 0.00 0.00
2.00 3.00 2.00 11.00 11.44 21.19 20.15 0.00 0.00 0.00 0.00
2.00 4.00 2.00 11.00 10.77 19.51 18.58 0.00 0.00 0.00 0.00
2.00 5.00 2.00 11.00 10.25 18.03 17.21 0.00 0.00 0.00 0.00
2.00 6.00 2.00 11.00 10.16 16.91 16.19 0.00 0.00 0.00 0.00
2.00 7.00 2.00 11.00 9.71 16.21 15.57 0.00 1694.94 0.00 0.00
2.00 8.00 2.00 11.00 11.41 20.41 21.01 3441.87 11508.18 0.00 0.00
2.00 9.00 2.00 11.00 14.04 24.26 24.03 0.00 22014.22 0.00 0.00
2.00 10.00 2.00 11.00 17.42 28.32 26.01 -7193.39 29431.62 0.00 0.00
2.00 11.00 2.00 11.00 20.28 32.08 26.01 -19804.39 36040.73 0.00 0.00
2.00 12.00 2.00 11.00 22.69 34.82 26.01 -28143.91 38115.80 0.00 -431.47
2.00 13.00 2.00 11.00 24.97 37.39 26.01 -35972.34 39745.92 0.00 -3685.68
2.00 14.00 2.00 11.00 26.59 39.94 26.01 -43637.25 43604.56 0.00 -9000.11
2.00 15.00 2.00 11.00 26.70 55.26 39.12 -50000.00 121812.68 0.00 0.00
2.00 16.00 2.00 11.00 26.21 69.35 52.83 -50000.00 188046.42 1260.50 0.00
2.00 17.00 2.00 11.00 25.31 79.30 62.54 -50000.00 230542.51 9417.15 0.00
2.00 18.00 2.00 11.00 23.37 84.01 67.07 -50000.00 248784.31 17811.10 0.00
2.00 19.00 2.00 11.00 20.75 104.64 100.05 0.00 229638.35 0.00 0.00
2.00 20.00 2.00 11.00 17.70 45.57 42.86 0.00 917.27 0.00 -0.00
2.00 21.00 2.00 11.00 15.80 36.35 34.14 0.00 0.00 0.00 -0.00
2.00 22.00 2.00 11.00 14.82 32.35 30.44 0.00 0.00 0.00 0.00
2.00 23.00 2.00 11.00 14.15 29.51 27.83 0.00 0.00 0.00 0.00
2.00 24.00 2.00 11.00 13.63 27.14 25.66 0.00 0.00 0.00 0.00
2.00 1.00 3.00 11.00 13.34 25.17 23.87 0.00 0.00 0.00 0.00
2.00 2.00 3.00 11.00 13.05 23.43 22.28 0.00 0.00 0.00 0.00
2.00 3.00 3.00 11.00 12.86 21.93 20.92 0.00 0.00 0.00 -0.00
2.00 4.00 3.00 11.00 12.62 20.58 19.69 0.00 0.00 0.00 -0.00
2.00 5.00 3.00 11.00 12.47 19.41 18.63 0.00 0.00 0.00 -0.00
2.00 6.00 3.00 11.00 12.18 18.31 17.61 0.00 0.00 0.00 -0.00
2.00 7.00 3.00 11.00 12.11 17.89 17.28 0.00 1694.94 0.00 -0.00
2.00 8.00 3.00 11.00 12.27 26.44 25.89 0.00 11508.18 0.00 0.00
2.00 9.00 3.00 11.00 13.84 31.16 30.68 0.00 22014.22 0.00 0.00
2.00 10.00 3.00 11.00 16.18 35.32 34.90 0.00 29431.62 0.00 0.00
2.00 11.00 3.00 11.00 18.59 39.46 39.08 0.00 36040.73 0.00 0.00
2.00 12.00 3.00 11.00 21.30 42.70 42.36 0.00 38115.80 0.00 0.00
2.00 13.00 3.00 11.00 22.22 44.83 44.54 0.00 39745.92 0.00 0.00
2.00 14.00 3.00 11.00 22.59 47.16 46.90 0.00 43604.56 0.00 0.00
2.00 15.00 3.00 11.00 23.46 70.26 70.03 0.00 121812.68 0.00 0.00
2.00 16.00 3.00 11.00 23.38 93.03 92.83 0.00 188046.42 0.00 0.00
2.00 17.00 3.00 11.00 22.60 110.02 109.84 0.00 230542.51 0.00 -0.00
2.00 18.00 3.00 11.00 21.41 119.95 119.79 0.00 248784.31 0.00 -0.00
2.00 19.00 3.00 11.00 19.04 111.65 111.51 0.00 229638.35 0.00 -0.00
2.00 20.00 3.00 11.00 16.50 48.68 48.56 0.00 917.27 0.00 0.00
2.00 21.00 3.00 11.00 14.76 38.62 38.51 0.00 0.00 0.00 0.00
2.00 22.00 3.00 11.00 13.64 34.10 34.00 0.00 0.00 0.00 0.00
2.00 23.00 3.00 11.00 12.90 30.85 30.76 0.00 0.00 0.00 0.00
2.00 24.00 3.00 11.00 12.28 28.11 28.03 0.00 0.00 0.00 0.00
2.00 1.00 4.00 11.00 12.23 25.99 25.92 0.00 0.00 0.00 0.00
2.00 2.00 4.00 11.00 12.19 24.16 24.10 0.00 0.00 0.00 0.00
2.00 3.00 4.00 11.00 12.01 22.49 22.44 0.00 0.00 0.00 0.00
2.00 4.00 4.00 11.00 11.61 20.89 20.84 0.00 0.00 0.00 0.00
2.00 5.00 4.00 11.00 11.43 19.55 19.51 0.00 0.00 0.00 0.00
2.00 6.00 4.00 11.00 11.17 18.32 18.28 0.00 0.00 0.00 -0.00
2.00 7.00 4.00 11.00 11.07 17.77 17.73 0.00 1694.94 0.00 -0.00
2.00 8.00 4.00 11.00 11.47 26.34 26.31 0.00 11508.18 0.00 0.00
2.00 9.00 4.00 11.00 12.58 30.74 30.71 0.00 22014.22 0.00 0.00
2.00 10.00 4.00 11.00 16.42 35.61 35.59 0.00 29431.62 0.00 0.00
2.00 11.00 4.00 11.00 18.86 39.81 39.79 0.00 36040.73 0.00 0.00
2.00 12.00 4.00 11.00 20.54 42.49 42.47 0.00 38115.80 0.00 0.00
2.00 13.00 4.00 11.00 21.20 44.39 44.37 0.00 39745.92 0.00 0.00
2.00 14.00 4.00 11.00 21.88 46.81 46.80 0.00 43604.56 0.00 0.00
2.00 15.00 4.00 11.00 21.97 69.45 69.44 0.00 121812.68 0.00 0.00
2.00 16.00 4.00 11.00 22.14 92.25 92.24 0.00 188046.42 0.00 0.00
2.00 17.00 4.00 11.00 21.49 109.26 109.25 0.00 230542.51 0.00 -0.00
2.00 18.00 4.00 11.00 20.48 119.25 119.24 0.00 248784.31 0.00 -0.00
2.00 19.00 4.00 11.00 18.22 110.99 110.98 0.00 229638.35 0.00 -0.00
2.00 20.00 4.00 11.00 15.76 48.06 48.05 0.00 917.27 0.00 0.00
2.00 21.00 4.00 11.00 14.20 38.09 38.08 0.00 0.00 0.00 0.00
2.00 22.00 4.00 11.00 13.19 33.63 33.62 0.00 0.00 0.00 0.00
2.00 23.00 4.00 11.00 12.57 30.45 30.45 0.00 0.00 0.00 0.00
2.00 24.00 4.00 11.00 12.06 27.79 27.79 0.00 0.00 0.00 0.00
2.00 1.00 5.00 11.00 11.83 25.59 25.58 0.00 0.00 0.00 0.00
2.00 2.00 5.00 11.00 11.62 23.67 23.66 0.00 0.00 0.00 0.00
2.00 3.00 5.00 11.00 11.64 22.09 22.09 0.00 0.00 0.00 0.00
2.00 4.00 5.00 11.00 11.47 20.62 20.62 0.00 0.00 0.00 0.00
2.00 5.00 5.00 11.00 11.49 19.42 19.42 0.00 0.00 0.00 0.00
2.00 6.00 5.00 11.00 11.43 18.33 18.33 0.00 0.00 0.00 -0.00
2.00 7.00 5.00 11.00 11.36 17.83 17.83 0.00 1694.94 0.00 -0.00
2.00 8.00 5.00 11.00 11.66 21.10 21.10 0.00 11508.18 0.00 0.00
2.00 9.00 5.00 11.00 13.35 24.21 24.21 0.00 22014.22 0.00 0.00
2.00 10.00 5.00 11.00 17.29 28.54 26.01 -8863.27 29431.62 0.00 -511.92
2.00 11.00 5.00 11.00 19.82 32.04 26.01 -20296.29 36040.73 0.00 -4214.62
2.00 12.00 5.00 11.00 21.75 34.38 26.01 -27210.87 38115.80 0.00 -7144.58
2.00 13.00 5.00 11.00 23.48 36.49 26.01 -33459.30 39745.92 0.00 -9918.20
2.00 14.00 5.00 11.00 24.45 38.50 26.01 -39334.56 43604.56 0.00 -7895.88
2.00 15.00 5.00 11.00 24.60 53.73 37.86 -50000.00 121812.68 0.00 0.00
2.00 16.00 5.00 11.00 24.57 68.07 51.71 -50000.00 188046.42 0.00 0.00
2.00 17.00 5.00 11.00 24.18 78.33 61.71 -50000.00 230542.51 9529.47 0.00
2.00 18.00 5.00 11.00 22.82 83.44 66.62 -50000.00 248784.31 17367.82 0.00
2.00 19.00 5.00 11.00 20.01 103.98 99.54 0.00 229638.35 0.00 0.00
2.00 20.00 5.00 11.00 17.31 45.09 42.52 0.00 917.27 0.00 -0.00
2.00 21.00 5.00 11.00 15.57 35.98 33.90 0.00 0.00 0.00 -0.00
2.00 22.00 5.00 11.00 14.42 31.92 30.11 0.00 0.00 0.00 0.00
2.00 23.00 5.00 11.00 13.63 29.01 27.43 0.00 0.00 0.00 0.00
2.00 24.00 5.00 11.00 12.79 26.47 25.07 0.00 0.00 0.00 0.00
2.00 1.00 6.00 11.00 12.45 24.44 23.21 0.00 0.00 0.00 0.00
2.00 2.00 6.00 11.00 12.13 22.66 21.58 0.00 0.00 0.00 0.00
2.00 3.00 6.00 11.00 11.69 21.00 20.05 0.00 0.00 0.00 -0.00
2.00 4.00 6.00 11.00 11.20 19.48 18.64 0.00 0.00 0.00 -0.00
2.00 5.00 6.00 11.00 11.18 18.34 17.60 0.00 0.00 0.00 -0.00
2.00 6.00 6.00 11.00 10.98 17.25 16.60 0.00 0.00 0.00 -0.00
2.00 7.00 6.00 11.00 11.02 16.88 16.30 0.00 1694.94 0.00 -0.00
2.00 8.00 6.00 11.00 11.77 20.69 21.01 2355.98 11508.18 0.00 0.00
2.00 9.00 6.00 11.00 13.67 24.04 23.80 0.00 22014.22 0.00 0.00
2.00 10.00 6.00 11.00 17.12 28.10 26.01 -6479.22 29431.62 0.00 0.00
2.00 11.00 6.00 11.00 19.95 31.82 26.01 -19032.09 36040.73 0.00 -2733.98
2.00 12.00 6.00 11.00 22.22 34.45 26.01 -27010.80 38115.80 0.00 -6861.01
2.00 13.00 6.00 11.00 23.77 36.50 26.01 -33044.75 39745.92 0.00 -8436.93
2.00 14.00 6.00 11.00 24.85 38.62 26.01 -39369.77 43604.56 0.00 -7064.31
2.00 15.00 6.00 11.00 24.72 53.70 37.72 -50000.00 121812.68 0.00 0.00
2.00 16.00 6.00 11.00 24.42 67.85 51.41 -50000.00 188046.42 0.00 0.00
2.00 17.00 6.00 11.00 23.77 77.94 61.24 -50000.00 230542.51 9107.40 0.00
2.00 18.00 6.00 11.00 22.49 83.09 66.20 -50000.00 248784.31 17748.25 0.00
2.00 19.00 6.00 11.00 20.12 103.86 99.33 0.00 229638.35 0.00 0.00
2.00 20.00 6.00 11.00 17.30 44.95 42.30 0.00 917.27 0.00 -0.00
2.00 21.00 6.00 11.00 15.46 35.80 33.64 0.00 0.00 0.00 -0.00
2.00 22.00 6.00 11.00 14.20 31.68 29.81 0.00 0.00 0.00 0.00
2.00 23.00 6.00 11.00 13.26 28.69 27.05 0.00 0.00 0.00 0.00
2.00 24.00 6.00 11.00 12.51 26.18 24.73 0.00 0.00 0.00 0.00
2.00 1.00 7.00 11.00 11.97 24.04 22.77 0.00 0.00 0.00 0.00
2.00 2.00 7.00 11.00 11.69 22.26 21.14 0.00 0.00 0.00 0.00
2.00 3.00 7.00 11.00 11.48 20.73 19.74 0.00 0.00 0.00 0.00
2.00 4.00 7.00 11.00 11.38 19.43 18.56 0.00 0.00 0.00 -0.00
2.00 5.00 7.00 11.00 11.22 18.25 17.48 0.00 0.00 0.00 -0.00
2.00 6.00 7.00 11.00 11.03 17.19 16.51 0.00 0.00 0.00 -0.00
2.00 7.00 7.00 11.00 10.93 16.76 16.16 0.00 1694.94 0.00 -0.00
2.00 8.00 7.00 11.00 11.96 20.77 21.01 2119.88 11508.18 0.00 0.00
2.00 9.00 7.00 11.00 13.05 23.58 23.33 0.00 22014.22 0.00 0.00
2.00 10.00 7.00 11.00 16.99 27.94 26.01 -5868.20 29431.62 0.00 0.00
2.00 11.00 7.00 11.00 19.99 31.79 26.01 -18943.60 36040.73 0.00 -3210.01
2.00 12.00 7.00 11.00 22.00 34.26 26.01 -26309.47 38115.80 0.00 -8369.20
2.00 13.00 7.00 11.00 23.51 36.27 26.01 -32284.10 39745.92 0.00 -9460.37
2.00 14.00 7.00 11.00 24.80 38.52 26.01 -39113.31 43604.56 0.00 -7537.79
2.00 15.00 7.00 11.00 24.96 53.81 37.85 -50000.00 121812.68 0.00 0.00
2.00 16.00 7.00 11.00 24.40 67.81 51.37 -50000.00 188046.42 0.00 0.00
2.00 17.00 7.00 11.00 23.30 77.58 60.89 -50000.00 230542.51 7471.09 0.00
2.00 18.00 7.00 11.00 21.51 82.36 65.47 -50000.00 248784.31 15825.26 0.00
2.00 19.00 7.00 11.00 19.10 103.15 98.62 0.00 229638.35 0.00 0.00
2.00 20.00 7.00 11.00 16.50 44.32 41.67 0.00 917.27 0.00 -0.00
2.00 21.00 7.00 11.00 14.74 35.19 33.04 0.00 0.00 0.00 -0.00
2.00 22.00 7.00 11.00 13.67 31.17 29.30 0.00 0.00 0.00 0.00
2.00 23.00 7.00 11.00 12.76 28.20 26.56 0.00 0.00 0.00 0.00
2.00 24.00 7.00 11.00 12.23 25.81 24.37 0.00 0.00 0.00 0.00
2.00 1.00 1.00 11.00 11.89 23.80 22.53 0.00 0.00 0.00 0.00
2.00 2.00 1.00 11.00 11.59 22.04 20.92 0.00 0.00 0.00 0.00
2.00 3.00 1.00 11.00 11.32 20.49 19.50 0.00 0.00 0.00 0.00
2.00 4.00 1.00 11.00 11.09 19.13 18.26 0.00 0.00 0.00 -0.00
2.00 5.00 1.00 11.00 10.80 17.88 17.11 0.00 0.00 0.00 -0.00
2.00 6.00 1.00 11.00 10.71 16.86 16.18 0.00 0.00 0.00 -0.00
2.00 7.00 1.00 11.00 10.23 16.22 15.62 0.00 1694.94 0.00 -0.00
2.00 8.00 1.00 11.00 11.19 20.12 21.01 4410.16 11508.18 0.00 0.00
2.00 9.00 1.00 11.00 13.04 23.43 23.23 0.00 22014.22 0.00 0.00
2.00 10.00 1.00 11.00 16.88 27.76 26.01 -5302.13 29431.62 0.00 0.00
2.00 11.00 1.00 11.00 19.72 31.51 26.01 -18045.78 36040.73 0.00 -2034.83
2.00 12.00 1.00 11.00 21.98 34.14 26.01 -26051.24 38115.80 0.00 -6801.07
2.00 13.00 1.00 11.00 23.90 36.46 26.01 -33060.51 39745.92 0.00 -5989.05
2.00 14.00 1.00 11.00 25.23 38.78 26.01 -40022.75 43604.56 0.00 -5490.09
2.00 15.00 1.00 11.00 25.35 54.07 38.09 -50000.00 121812.68 0.00 0.00
2.00 16.00 1.00 11.00 24.79 68.09 51.65 -50000.00 188046.42 366.11 0.00
2.00 17.00 1.00 11.00 23.80 77.95 61.27 -50000.00 230542.51 10283.11 0.00
2.00 18.00 1.00 11.00 22.12 82.82 65.94 -50000.00 248784.31 18244.55 0.00
2.00 19.00 1.00 11.00 20.03 103.76 99.24 0.00 229638.35 0.00 0.00
2.00 20.00 1.00 11.00 17.17 44.83 42.18 0.00 917.27 0.00 -0.00
2.00 21.00 1.00 11.00 15.27 35.65 33.50 0.00 0.00 0.00 -0.00
2.00 22.00 1.00 11.00 14.16 31.60 29.74 0.00 0.00 0.00 0.00
2.00 23.00 1.00 11.00 13.32 28.67 27.04 0.00 0.00 0.00 0.00
2.00 24.00 1.00 11.00 12.77 26.28 24.85 0.00 0.00 0.00 0.00
2.00 1.00 2.00 11.00 12.20 24.16 22.89 0.00 0.00 0.00 0.00
2.00 2.00 2.00 11.00 11.74 22.29 21.18 0.00 0.00 0.00 0.00
2.00 3.00 2.00 11.00 11.21 20.58 19.60 0.00 0.00 0.00 0.00
2.00 4.00 2.00 11.00 10.76 19.06 18.20 0.00 0.00 0.00 0.00
2.00 5.00 2.00 11.00 10.34 17.70 16.94 0.00 0.00 0.00 -0.00
2.00 6.00 2.00 11.00 10.03 16.52 15.85 0.00 0.00 0.00 -0.00
2.00 7.00 2.00 11.00 9.79 15.96 15.37 0.00 1694.94 0.00 -0.00
2.00 8.00 2.00 11.00 11.81 20.52 21.01 2986.35 11508.18 0.00 0.00
2.00 9.00 2.00 11.00 15.03 24.84 24.61 0.00 22014.22 0.00 0.00
2.00 10.00 2.00 11.00 18.79 29.23 26.01 -10440.48 29431.62 0.00 0.00
2.00 11.00 2.00 11.00 21.58 33.01 26.01 -22814.44 36040.73 0.00 -1082.32
2.00 12.00 2.00 11.00 24.00 35.81 26.01 -31284.73 38115.80 0.00 -6116.33
2.00 13.00 2.00 11.00 26.01 38.24 26.01 -38548.42 39745.92 0.00 -7451.41
2.00 14.00 2.00 11.00 27.63 40.81 26.01 -46278.43 43604.56 0.00 -8417.40
2.00 15.00 2.00 11.00 27.86 56.24 39.97 -50000.00 121812.68 0.00 0.00
2.00 16.00 2.00 11.00 27.40 70.38 53.78 -50000.00 188046.42 661.22 0.00
2.00 17.00 2.00 11.00 26.40 80.28 63.47 -50000.00 230542.51 12552.81 0.00
2.00 18.00 2.00 11.00 24.43 84.99 67.99 -50000.00 248784.31 19598.71 0.00
2.00 19.00 2.00 11.00 21.96 105.67 101.02 0.00 229638.35 0.00 0.00
2.00 20.00 2.00 11.00 18.97 46.66 43.89 0.00 917.27 0.00 -0.00
2.00 21.00 2.00 11.00 17.01 37.43 35.17 0.00 0.00 0.00 -0.00
2.00 22.00 2.00 11.00 15.67 33.25 31.29 0.00 0.00 0.00 0.00
2.00 23.00 2.00 11.00 14.65 30.19 28.47 0.00 0.00 0.00 0.00
2.00 24.00 2.00 11.00 13.87 27.65 26.14 0.00 0.00 0.00 0.00
2.00 1.00 3.00 11.00 13.43 25.55 24.21 0.00 0.00 0.00 0.00
2.00 2.00 3.00 11.00 13.02 23.70 22.52 0.00 0.00 0.00 0.00
2.00 3.00 3.00 11.00 12.58 22.02 20.99 0.00 0.00 0.00 0.00
2.00 4.00 3.00 11.00 12.27 20.57 19.66 0.00 0.00 0.00 -0.00
2.00 5.00 3.00 11.00 11.96 19.27 18.47 0.00 0.00 0.00 -0.00
2.00 6.00 3.00 11.00 11.65 18.11 17.40 0.00 0.00 0.00 -0.00
2.00 7.00 3.00 11.00 11.51 17.61 16.98 0.00 1694.94 0.00 -0.00
2.00 8.00 3.00 11.00 12.81 26.73 26.18 0.00 11508.18 0.00 0.00
2.00 9.00 3.00 11.00 15.22 31.98 31.49 0.00 22014.22 0.00 0.00
2.00 10.00 3.00 11.00 18.23 36.62 36.18 0.00 29431.62 0.00 0.00
2.00 11.00 3.00 11.00 20.91 41.02 40.64 0.00 36040.73 0.00 0.00
2.00 12.00 3.00 11.00 22.70 43.86 43.52 0.00 38115.80 0.00 0.00
2.00 13.00 3.00 11.00 24.03 46.23 45.93 0.00 39745.92 0.00 0.00
2.00 14.00 3.00 11.00 25.25 49.09 48.82 0.00 43604.56 0.00 0.00
2.00 15.00 3.00 11.00 25.66 72.06 71.82 0.00 121812.68 0.00 0.00
2.00 16.00 3.00 11.00 25.29 94.71 94.50 0.00 188046.42 0.00 0.00
2.00 17.00 3.00 11.00 24.40 111.65 111.47 0.00 230542.51 0.00 -0.00
2.00 18.00 3.00 11.00 22.95 121.46 121.29 0.00 248784.31 0.00 -0.00
2.00 19.00 3.00 11.00 20.61 113.17 113.03 0.00 229638.35 0.00 -0.00
2.00 20.00 3.00 11.00 17.84 50.09 49.96 0.00 917.27 0.00 0.00
2.00 21.00 3.00 11.00 16.00 39.96 39.84 0.00 0.00 0.00 0.00
2.00 22.00 3.00 11.00 14.93 35.44 35.34 0.00 0.00 0.00 0.00
2.00 23.00 3.00 11.00 14.07 32.12 32.03 0.00 0.00 0.00 0.00
2.00 24.00 3.00 11.00 13.43 29.35 29.27 0.00 0.00 0.00 0.00
2.00 1.00 4.00 11.00 13.06 27.04 26.97 0.00 0.00 0.00 0.00
2.00 2.00 4.00 11.00 12.75 25.03 24.97 0.00 0.00 0.00 0.00
2.00 3.00 4.00 11.00 12.45 23.24 23.19 0.00 0.00 0.00 0.00
2.00 4.00 4.00 11.00 12.11 21.63 21.58 0.00 0.00 0.00 0.00
2.00 5.00 4.00 11.00 11.80 20.19 20.15 0.00 0.00 0.00 0.00
2.00 6.00 4.00 11.00 11.59 18.95 18.91 0.00 0.00 0.00 -0.00
2.00 7.00 4.00 11.00 11.47 18.36 18.32 0.00 1694.94 0.00 -0.00
2.00 8.00 4.00 11.00 12.68 27.35 27.32 0.00 11508.18 0.00 0.00
2.00 9.00 4.00 11.00 15.30 32.63 32.60 0.00 22014.22 0.00 0.00
2.00 10.00 4.00 11.00 17.93 36.99 36.97 0.00 29431.62 0.00 0.00
2.00 11.00 4.00 11.00 20.93 41.48 41.46 0.00 36040.73 0.00 0.00
2.00 12.00 4.00 11.00 23.23 44.56 44.55 0.00 38115.80 0.00 0.00
2.00 13.00 4.00 11.00 24.66 46.98 46.97 0.00 39745.92 0.00 0.00
2.00 14.00 4.00 11.00 25.65 49.71 49.70 0.00 43604.56 0.00 0.00
2.00 15.00 4.00 11.00 25.73 72.47 72.46 0.00 121812.68 0.00 0.00
2.00 16.00 4.00 11.00 25.51 95.16 95.15 0.00 188046.42 0.00 0.00
2.00 17.00 4.00 11.00 24.69 112.12 112.11 0.00 230542.51 0.00 -0.00
2.00 18.00 4.00 11.00 23.32 121.95 121.94 0.00 248784.31 0.00 -0.00
2.00 19.00 4.00 11.00 21.10 113.72 113.71 0.00 229638.35 0.00 -0.00
2.00 20.00 4.00 11.00 18.16 50.54 50.53 0.00 917.27 0.00 0.00
2.00 21.00 4.00 11.00 16.28 40.37 40.36 0.00 0.00 0.00 0.00
2.00 22.00 4.00 11.00 15.07 35.76 35.75 0.00 0.00 0.00 0.00
2.00 23.00 4.00 11.00 14.19 32.40 32.40 0.00 0.00 0.00 0.00
2.00 24.00 4.00 11.00 13.64 29.66 29.66 0.00 0.00 0.00 0.00
2.00 1.00 5.00 11.00 12.99 27.19 27.19 0.00 0.00 0.00 0.00
2.00 2.00 5.00 11.00 12.45 25.02 25.01 0.00 0.00 0.00 0.00
2.00 3.00 5.00 11.00 12.19 23.21 23.21 0.00 0.00 0.00 0.00
2.00 4.00 5.00 11.00 11.99 21.65 21.64 0.00 0.00 0.00 0.00
2.00 5.00 5.00 11.00 11.73 20.22 20.22 0.00 0.00 0.00 0.00
2.00 6.00 5.00 11.00 11.81 19.13 19.12 0.00 0.00 0.00 -0.00
2.00 7.00 5.00 11.00 11.49 18.45 18.44 0.00 1694.94 0.00 -0.00
2.00 8.00 5.00 11.00 12.41 21.94 21.94 0.00 11508.18 0.00 0.00
2.00 9.00 5.00 11.00 14.88 25.59 25.58 0.00 22014.22 0.00 0.00
2.00 10.00 5.00 11.00 17.89 29.31 26.01 -11570.19 29431.62 0.00 -269.82
2.00 11.00 5.00 11.00 20.65 32.92 26.01 -23155.76 36040.73 0.00 -5844.67
2.00 12.00 5.00 11.00 22.59 35.27 26.01 -29995.29 38115.80 0.00 -7471.95
2.00 13.00 5.00 11.00 24.27 37.34 26.01 -36050.51 39745.92 0.00 -9566.09
2.00 14.00 5.00 11.00 25.35 39.41 26.01 -42109.80 43604.56 0.00 -8293.19
2.00 15.00 5.00 11.00 25.07 54.35 38.34 -50000.00 121812.68 0.00 0.00
2.00 16.00 5.00 11.00 25.04 68.65 52.22 -50000.00 188046.42 0.00 0.00
2.00 17.00 5.00 11.00 24.21 78.60 61.92 -50000.00 230542.51 10660.97 0.00
2.00 18.00 5.00 11.00 22.70 83.56 66.69 -50000.00 248784.31 18044.27 0.00
2.00 19.00 5.00 11.00 20.25 104.34 99.83 0.00 229638.35 0.00 0.00
2.00 20.00 5.00 11.00 17.26 45.30 42.67 0.00 917.27 0.00 -0.00
2.00 21.00 5.00 11.00 15.34 36.05 33.91 0.00 0.00 0.00 -0.00
2.00 22.00 5.00 11.00 14.15 31.93 30.08 0.00 0.00 0.00 0.00
2.00 23.00 5.00 11.00 13.33 28.97 27.34 0.00 0.00 0.00 0.00
2.00 24.00 5.00 11.00 12.81 26.56 25.13 0.00 0.00 0.00 0.00
2.00 1.00 6.00 11.00 12.41 24.50 23.24 0.00 0.00 0.00 0.00
2.00 2.00 6.00 11.00 12.21 22.77 21.66 0.00 0.00 0.00 0.00
2.00 3.00 6.00 11.00 12.16 21.33 20.35 0.00 0.00 0.00 0.00
2.00 4.00 6.00 11.00 12.17 20.11 19.25 0.00 0.00 0.00 -0.00
2.00 5.00 6.00 11.00 12.21 19.06 18.30 0.00 0.00 0.00 -0.00
2.00 6.00 6.00 11.00 12.32 18.20 17.53 0.00 0.00 0.00 -0.00
2.00 7.00 6.00 11.00 12.00 17.69 17.10 0.00 1694.94 0.00 -0.00
2.00 8.00 6.00 11.00 13.15 21.84 21.47 0.00 11508.18 0.00 0.00
2.00 9.00 6.00 11.00 15.74 25.71 25.40 0.00 22014.22 0.00 0.00
2.00 10.00 6.00 11.00 18.34 29.26 26.01 -10442.85 29431.62 0.00 -643.31
2.00 11.00 6.00 11.00 21.26 33.03 26.01 -22828.07 36040.73 0.00 -6787.65
2.00 12.00 6.00 11.00 23.07 35.36 26.01 -29653.58 38115.80 0.00 -7512.83
2.00 13.00 6.00 11.00 24.83 37.54 26.01 -36176.37 39745.92 0.00 -10045.16
2.00 14.00 6.00 11.00 24.96 39.00 26.01 -40139.25 43604.56 0.00 -8356.95
2.00 15.00 6.00 11.00 25.09 54.20 38.11 -50000.00 121812.68 0.00 0.00
2.00 16.00 6.00 11.00 25.27 68.67 52.14 -50000.00 188046.42 0.00 0.00
2.00 17.00 6.00 11.00 24.47 78.66 61.90 -50000.00 230542.51 11597.10 0.00
2.00 18.00 6.00 11.00 23.02 83.70 66.75 -50000.00 248784.31 16561.35 0.00
2.00 19.00 6.00 11.00 20.34 104.31 99.71 0.00 229638.35 0.00 0.00
2.00 20.00 6.00 11.00 17.76 45.49 42.77 0.00 917.27 0.00 -0.00
2.00 21.00 6.00 11.00 15.85 36.30 34.08 0.00 0.00 0.00 -0.00
2.00 22.00 6.00 11.00 14.81 32.29 30.36 0.00 0.00 0.00 0.00
2.00 23.00 6.00 11.00 14.39 29.58 27.90 0.00 0.00 0.00 0.00
2.00 24.00 6.00 11.00 14.03 27.33 25.85 0.00 0.00 0.00 0.00
2.00 1.00 7.00 11.00 13.72 25.38 24.08 0.00 0.00 0.00 0.00
2.00 2.00 7.00 11.00 13.58 23.74 22.59 0.00 0.00 0.00 0.00
2.00 3.00 7.00 11.00 13.30 22.23 21.22 0.00 0.00 0.00 0.00
2.00 4.00 7.00 11.00 13.02 20.87 19.98 0.00 0.00 0.00 0.00
2.00 5.00 7.00 11.00 12.95 19.76 18.97 0.00 0.00 0.00 -0.00
2.00 6.00 7.00 11.00 12.77 18.74 18.04 0.00 0.00 0.00 -0.00
2.00 7.00 7.00 11.00 12.47 18.22 17.60 0.00 1694.94 0.00 -0.00
2.00 8.00 7.00 11.00 13.17 22.03 21.65 0.00 11508.18 0.00 0.00
2.00 9.00 7.00 11.00 15.15 25.44 25.12 0.00 22014.22 0.00 0.00
2.00 10.00 7.00 11.00 17.52 28.76 26.01 -8683.71 29431.62 0.00 0.00
2.00 11.00 7.00 11.00 21.12 32.96 26.01 -22706.95 36040.73 0.00 -12949.74
2.00 12.00 7.00 11.00 23.83 35.92 26.01 -31646.72 38115.80 0.00 -15846.81
2.00 13.00 7.00 11.00 25.60 38.15 26.01 -38160.20 39745.92 0.00 -11432.05
2.00 14.00 7.00 11.00 27.16 40.63 26.01 -45632.73 43604.56 0.00 -12530.17
2.00 15.00 7.00 11.00 27.72 56.24 39.98 -50000.00 121812.68 0.00 0.00
2.00 16.00 7.00 11.00 27.41 70.47 53.88 -50000.00 188046.42 0.00 0.00
2.00 17.00 7.00 11.00 26.52 80.44 63.63 -50000.00 230542.51 10879.60 0.00
2.00 18.00 7.00 11.00 25.15 85.57 68.57 -50000.00 248784.31 19288.61 0.00
2.00 19.00 7.00 11.00 22.80 106.30 101.65 0.00 229638.35 0.00 0.00
2.00 20.00 7.00 11.00 19.81 47.32 44.55 0.00 917.27 0.00 -0.00
2.00 21.00 7.00 11.00 17.68 38.02 35.76 0.00 0.00 0.00 -0.00
2.00 22.00 7.00 11.00 16.33 33.84 31.88 0.00 0.00 0.00 -0.00
2.00 23.00 7.00 11.00 15.36 30.82 29.10 0.00 0.00 0.00 0.00
2.00 24.00 7.00 11.00 14.52 28.25 26.74 0.00 0.00 0.00 0.00
2.00 1.00 1.00 11.00 13.97 26.10 24.76 0.00 0.00 0.00 0.00
2.00 2.00 1.00 11.00 13.81 24.38 23.20 0.00 0.00 0.00 0.00
2.00 3.00 1.00 11.00 13.60 22.85 21.81 0.00 0.00 0.00 -0.00
2.00 4.00 1.00 11.00 13.33 21.45 20.54 0.00 0.00 0.00 -0.00
2.00 5.00 1.00 11.00 13.08 20.22 19.41 0.00 0.00 0.00 -0.00
2.00 6.00 1.00 11.00 12.82 19.10 18.38 0.00 0.00 0.00 -0.00
2.00 7.00 1.00 11.00 12.32 18.43 17.80 0.00 1694.94 0.00 -0.00
2.00 8.00 1.00 11.00 13.33 22.31 21.93 0.00 11508.18 0.00 0.00
2.00 9.00 1.00 11.00 15.76 26.01 25.69 0.00 22014.22 0.00 0.00
2.00 10.00 1.00 11.00 18.54 29.64 26.01 -11739.66 29431.62 0.00 -239.00
2.00 11.00 1.00 11.00 21.08 33.13 26.01 -23011.37 36040.73 0.00 -6152.18
2.00 12.00 1.00 11.00 23.01 35.49 26.01 -30020.43 38115.80 0.00 -8437.25
2.00 13.00 1.00 11.00 24.70 37.60 26.01 -36287.43 39745.92 0.00 -9892.72
2.00 14.00 1.00 11.00 26.21 39.99 26.01 -43526.01 43604.56 0.00 -9961.09
2.00 15.00 1.00 11.00 26.20 55.16 38.96 -50000.00 121812.68 0.00 0.00
2.00 16.00 1.00 11.00 25.97 69.37 52.80 -50000.00 188046.42 0.00 0.00
2.00 17.00 1.00 11.00 24.79 79.09 62.30 -50000.00 230542.51 11304.79 0.00
2.00 18.00 1.00 11.00 23.48 84.20 67.22 -50000.00 248784.31 16625.32 0.00
2.00 19.00 1.00 11.00 21.28 105.08 100.45 0.00 229638.35 0.00 0.00
2.00 20.00 1.00 11.00 18.46 46.17 43.41 0.00 917.27 0.00 -0.00
2.00 21.00 1.00 11.00 16.49 36.94 34.69 0.00 0.00 0.00 -0.00
2.00 22.00 1.00 11.00 15.26 32.82 30.87 0.00 0.00 0.00 -0.00
2.00 23.00 1.00 11.00 14.38 29.85 28.14 0.00 0.00 0.00 0.00
2.00 24.00 1.00 11.00 13.55 27.29 25.79 0.00 0.00 0.00 0.00
2.00 1.00 2.00 11.00 13.10 25.19 23.87 0.00 0.00 0.00 0.00
2.00 2.00 2.00 11.00 12.75 23.38 22.21 0.00 0.00 0.00 0.00
2.00 3.00 2.00 11.00 12.40 21.76 20.73 0.00 0.00 0.00 0.00
2.00 4.00 2.00 11.00 12.32 20.45 19.54 0.00 0.00 0.00 -0.00
2.00 5.00 2.00 11.00 12.25 19.31 18.51 0.00 0.00 0.00 -0.00
2.00 6.00 2.00 11.00 11.94 18.19 17.48 0.00 0.00 0.00 -0.00
2.00 7.00 2.00 11.00 11.83 17.73 17.11 0.00 1694.94 0.00 -0.00
2.00 8.00 2.00 11.00 12.71 21.61 21.23 0.00 11508.18 0.00 0.00
2.00 9.00 2.00 11.00 15.22 25.38 25.06 0.00 22014.22 0.00 0.00
2.00 10.00 2.00 11.00 17.45 28.65 26.01 -8254.99 29431.62 0.00 0.00
2.00 11.00 2.00 11.00 19.86 32.02 26.01 -19440.18 36040.73 0.00 -2618.86
2.00 12.00 2.00 11.00 21.58 34.21 26.01 -25977.07 38115.80 0.00 -6513.37
2.00 13.00 2.00 11.00 23.31 36.31 26.01 -32344.73 39745.92 0.00 -10120.78
2.00 14.00 2.00 11.00 23.99 38.12 26.01 -37590.57 43604.56 0.00 -8050.92
2.00 15.00 2.00 11.00 24.14 53.33 37.38 -50000.00 121812.68 0.00 0.00
2.00 16.00 2.00 11.00 23.97 67.55 51.10 -50000.00 188046.42 0.00 0.00
2.00 17.00 2.00 11.00 23.41 77.68 60.98 -50000.00 230542.51 7803.44 0.00
2.00 18.00 2.00 11.00 21.94 82.69 65.80 -50000.00 248784.31 16583.63 0.00
2.00 19.00 2.00 11.00 19.67 103.55 99.02 0.00 229638.35 0.00 0.00
2.00 20.00 2.00 11.00 17.12 44.78 42.11 0.00 917.27 0.00 -0.00
2.00 21.00 2.00 11.00 15.20 35.59 33.43 0.00 0.00 0.00 -0.00
2.00 22.00 2.00 11.00 13.93 31.46 29.59 0.00 0.00 0.00 -0.00
2.00 23.00 2.00 11.00 13.15 28.55 26.91 0.00 0.00 0.00 0.00
2.00 24.00 2.00 11.00 12.46 26.08 24.63 0.00 0.00 0.00 0.00
2.00 1.00 3.00 11.00 12.31 24.16 22.89 0.00 0.00 0.00 0.00
2.00 2.00 3.00 11.00 12.39 22.63 21.50 0.00 0.00 0.00 0.00
2.00 3.00 3.00 11.00 12.49 21.32 20.33 0.00 0.00 0.00 -0.00
2.00 4.00 3.00 11.00 12.41 20.09 19.22 0.00 0.00 0.00 -0.00
2.00 5.00 3.00 11.00 12.38 19.04 18.27 0.00 0.00 0.00 -0.00
2.00 6.00 3.00 11.00 12.17 18.02 17.34 0.00 0.00 0.00 -0.00
2.00 7.00 3.00 11.00 12.09 17.63 17.03 0.00 1694.94 0.00 -0.00
2.00 8.00 3.00 11.00 12.50 26.35 25.82 0.00 11508.18 0.00 0.00
2.00 9.00 3.00 11.00 14.72 31.48 31.01 0.00 22014.22 0.00 0.00
2.00 10.00 3.00 11.00 17.34 35.88 35.47 0.00 29431.62 0.00 0.00
2.00 11.00 3.00 11.00 19.59 40.02 39.65 0.00 36040.73 0.00 0.00
2.00 12.00 3.00 11.00 21.43 42.84 42.51 0.00 38115.80 0.00 0.00
2.00 13.00 3.00 11.00 22.82 45.20 44.91 0.00 39745.92 0.00 0.00
2.00 14.00 3.00 11.00 23.14 47.54 47.29 0.00 43604.56 0.00 0.00
2.00 15.00 3.00 11.00 23.28 70.26 70.03 0.00 121812.68 0.00 0.00
2.00 16.00 3.00 11.00 23.07 92.92 92.72 0.00 188046.42 0.00 0.00
2.00 17.00 3.00 11.00 22.36 109.91 109.73 0.00 230542.51 0.00 -0.00
2.00 18.00 3.00 11.00 20.99 119.72 119.56 0.00 248784.31 0.00 -0.00
2.00 19.00 3.00 11.00 18.93 111.57 111.43 0.00 229638.35 0.00 -0.00
2.00 20.00 3.00 11.00 16.51 48.67 48.55 0.00 917.27 0.00 0.00
2.00 21.00 3.00 11.00 14.78 38.62 38.51 0.00 0.00 0.00 0.00
2.00 22.00 3.00 11.00 13.79 34.17 34.08 0.00 0.00 0.00 0.00
2.00 23.00 3.00 11.00 13.18 31.01 30.92 0.00 0.00 0.00 0.00
2.00 24.00 3.00 11.00 12.72 28.38 28.30 0.00 0.00 0.00 0.00
2.00 1.00 4.00 11.00 13.34 26.65 26.58 0.00 0.00 0.00 0.00
2.00 2.00 4.00 11.00 13.05 24.76 24.70 0.00 0.00 0.00 0.00
2.00 3.00 4.00 11.00 12.93 23.16 23.10 0.00 0.00 0.00 0.00
2.00 4.00 4.00 11.00 12.88 21.78 21.73 0.00 0.00 0.00 0.00
2.00 5.00 4.00 11.00 12.92 20.62 20.58 0.00 0.00 0.00 0.00
2.00 6.00 4.00 11.00 12.96 19.62 19.58 0.00 0.00 0.00 -0.00
2.00 7.00 4.00 11.00 12.61 19.00 18.97 0.00 1694.94 0.00 -0.00
2.00 8.00 4.00 11.00 13.87 28.08 28.05 0.00 11508.18 0.00 0.00
2.00 9.00 4.00 11.00 16.89 33.63 33.60 0.00 22014.22 0.00 0.00
2.00 10.00 4.00 11.00 19.35 37.99 37.96 0.00 29431.62 0.00 0.00
2.00 11.00 4.00 11.00 22.15 42.42 42.40 0.00 36040.73 0.00 0.00
2.00 12.00 4.00 11.00 23.99 45.28 45.26 0.00 38115.80 0.00 0.00
2.00 13.00 4.00 11.00 25.51 47.74 47.72 0.00 39745.92 0.00 0.00
2.00 14.00 4.00 11.00 26.35 50.40 50.38 0.00 43604.56 0.00 0.00
2.00 15.00 4.00 11.00 26.32 73.09 73.08 0.00 121812.68 0.00 0.00
2.00 16.00 4.00 11.00 26.17 95.81 95.80 0.00 188046.42 0.00 0.00
2.00 17.00 4.00 11.00 24.94 112.54 112.53 0.00 230542.51 0.00 -0.00
2.00 18.00 4.00 11.00 23.19 122.13 122.12 0.00 248784.31 0.00 -0.00
2.00 19.00 4.00 11.00 20.82 113.77 113.76 0.00 229638.35 0.00 -0.00
2.00 20.00 4.00 11.00 17.91 50.55 50.54 0.00 917.27 0.00 0.00
2.00 21.00 4.00 11.00 15.99 40.32 40.32 0.00 0.00 0.00 0.00
2.00 22.00 4.00 11.00 14.77 35.68 35.67 0.00 0.00 0.00 0.00
2.00 23.00 4.00 11.00 14.04 32.37 32.37 0.00 0.00 0.00 0.00
2.00 24.00 4.00 11.00 13.30 29.52 29.52 0.00 0.00 0.00 0.00
2.00 1.00 5.00 11.00 12.92 27.16 27.16 0.00 0.00 0.00 0.00
2.00 2.00 5.00 11.00 12.67 25.15 25.15 0.00 0.00 0.00 0.00
2.00 3.00 5.00 11.00 12.42 23.37 23.37 0.00 0.00 0.00 0.00
2.00 4.00 5.00 11.00 12.05 21.72 21.72 0.00 0.00 0.00 0.00
2.00 5.00 5.00 11.00 11.68 20.23 20.23 0.00 0.00 0.00 0.00
2.00 6.00 5.00 11.00 11.26 18.86 18.86 0.00 0.00 0.00 0.00
2.00 7.00 5.00 11.00 11.10 18.21 18.21 0.00 1694.94 0.00 -0.00
2.00 8.00 5.00 11.00 12.29 21.83 21.83 0.00 11508.18 0.00 0.00
2.00 9.00 5.00 11.00 14.41 25.24 25.24 0.00 22014.22 0.00 0.00
2.00 10.00 5.00 11.00 17.79 29.20 26.01 -11170.68 29431.62 0.00 -819.39
2.00 11.00 5.00 11.00 20.24 32.60 26.01 -22059.10 36040.73 0.00 -5660.94
2.00 12.00 5.00 11.00 22.47 35.13 26.01 -29624.31 38115.80 0.00 -7526.61
2.00 13.00 5.00 11.00 24.46 37.43 26.01 -36424.39 39745.92 0.00 -8014.18
2.00 14.00 5.00 11.00 25.48 39.48 26.01 -42356.11 43604.56 0.00 -5893.26
2.00 15.00 5.00 11.00 25.40 54.57 38.56 -50000.00 121812.68 0.00 0.00
2.00 16.00 5.00 11.00 25.20 68.77 52.34 -50000.00 188046.42 0.00 0.00
2.00 17.00 5.00 11.00 24.34 78.69 62.02 -50000.00 230542.51 9148.57 0.00
2.00 18.00 5.00 11.00 22.55 83.47 66.59 -50000.00 248784.31 16016.64 0.00
2.00 19.00 5.00 11.00 20.26 104.34 99.84 0.00 229638.35 0.00 0.00
2.00 20.00 5.00 11.00 17.39 45.38 42.74 0.00 917.27 0.00 -0.00
2.00 21.00 5.00 11.00 15.57 36.20 34.06 0.00 0.00 0.00 -0.00
2.00 22.00 5.00 11.00 14.45 32.12 30.27 0.00 0.00 0.00 0.00
2.00 23.00 5.00 11.00 13.76 29.25 27.62 0.00 0.00 0.00 0.00
2.00 24.00 5.00 11.00 13.18 26.83 25.40 0.00 0.00 0.00 0.00
2.00 1.00 6.00 11.00 12.73 24.75 23.49 0.00 0.00 0.00 0.00
2.00 2.00 6.00 11.00 12.50 23.01 21.91 0.00 0.00 0.00 0.00
2.00 3.00 6.00 11.00 12.50 21.60 20.63 0.00 0.00 0.00 0.00
2.00 4.00 6.00 11.00 12.48 20.38 19.52 0.00 0.00 0.00 -0.00
2.00 5.00 6.00 11.00 12.52 19.33 18.58 0.00 0.00 0.00 -0.00
2.00 6.00 6.00 11.00 12.39 18.34 17.67 0.00 0.00 0.00 -0.00
2.00 7.00 6.00 11.00 12.24 17.91 17.32 0.00 1694.94 0.00 -0.00
2.00 8.00 6.00 11.00 12.92 21.75 21.39 0.00 11508.18 0.00 0.00
2.00 9.00 6.00 11.00 15.24 25.40 25.09 0.00 22014.22 0.00 0.00
2.00 10.00 6.00 11.00 17.79 28.88 26.01 -9115.22 29431.62 0.00 -578.09
2.00 11.00 6.00 11.00 20.06 32.17 26.01 -19941.21 36040.73 0.00 -5542.51
2.00 12.00 6.00 11.00 21.58 34.23 26.01 -26014.78 38115.80 0.00 -6516.73
2.00 13.00 6.00 11.00 23.02 36.12 26.01 -31679.24 39745.92 0.00 -5862.46
2.00 14.00 6.00 11.00 23.18 37.55 26.01 -35654.40 43604.56 0.00 -1024.11
2.00 15.00 6.00 11.00 23.24 52.65 36.76 -50000.00 121812.68 0.00 0.00
2.00 16.00 6.00 11.00 23.24 66.95 50.52 -50000.00 188046.42 0.00 0.00
2.00 17.00 6.00 11.00 22.65 77.04 60.36 -50000.00 230542.51 8452.53 0.00
2.00 18.00 6.00 11.00 21.03 81.93 65.05 -50000.00 248784.31 15016.00 0.00
2.00 19.00 6.00 11.00 19.03 102.97 98.45 0.00 229638.35 0.00 0.00
2.00 20.00 6.00 11.00 16.24 44.07 41.43 0.00 917.27 0.00 -0.00
2.00 21.00 6.00 11.00 14.34 34.87 32.72 0.00 0.00 0.00 -0.00
2.00 22.00 6.00 11.00 13.23 30.81 28.95 0.00 0.00 0.00 0.00
2.00 23.00 6.00 11.00 12.63 27.99 26.36 0.00 0.00 0.00 0.00
2.00 24.00 6.00 11.00 12.27 25.72 24.28 0.00 0.00 0.00 0.00
2.00 1.00 7.00 11.00 12.22 23.89 22.63 0.00 0.00 0.00 0.00
2.00 2.00 7.00 11.00 12.27 22.36 21.25 0.00 0.00 0.00 0.00
2.00 3.00 7.00 11.00 12.27 21.02 20.04 0.00 0.00 0.00 0.00
2.00 4.00 7.00 11.00 12.24 19.83 18.97 0.00 0.00 0.00 -0.00
2.00 5.00 7.00 11.00 12.40 18.89 18.13 0.00 0.00 0.00 -0.00
2.00 6.00 7.00 11.00 12.43 18.03 17.36 0.00 0.00 0.00 -0.00
2.00 7.00 7.00 11.00 12.31 17.67 17.07 0.00 1694.94 0.00 -0.00
2.00 8.00 7.00 11.00 12.91 21.57 21.21 0.00 11508.18 0.00 0.00
2.00 9.00 7.00 11.00 14.75 24.91 24.61 0.00 22014.22 0.00 0.00
2.00 10.00 7.00 11.00 17.81 28.73 26.01 -8610.80 29431.62 0.00 -3507.68
2.00 11.00 7.00 11.00 21.00 32.71 26.01 -21853.91 36040.73 0.00 -10060.91
2.00 12.00 7.00 11.00 23.05 35.21 26.01 -29279.46 38115.80 0.00 -11068.88
2.00 13.00 7.00 11.00 24.43 37.15 26.01 -34928.75 39745.92 0.00 -9744.66
2.00 14.00 7.00 11.00 24.95 38.87 26.01 -39859.04 43604.56 0.00 -5871.96
2.00 15.00 7.00 11.00 25.01 54.05 37.99 -50000.00 121812.68 0.00 0.00
2.00 16.00 7.00 11.00 24.82 68.27 51.77 -50000.00 188046.42 0.00 0.00
2.00 17.00 7.00 11.00 24.17 78.35 61.61 -50000.00 230542.51 8531.71 0.00
2.00 18.00 7.00 11.00 22.55 83.27 66.33 -50000.00 248784.31 15625.85 0.00
2.00 19.00 7.00 11.00 20.38 104.17 99.59 0.00 229638.35 0.00 0.00
2.00 20.00 7.00 11.00 17.58 45.27 42.56 0.00 917.27 0.00 -0.00
2.00 21.00 7.00 11.00 15.57 36.02 33.82 0.00 0.00 0.00 -0.00
2.00 22.00 7.00 11.00 14.38 31.92 30.01 0.00 0.00 0.00 0.00
2.00 23.00 7.00 11.00 13.54 28.98 27.30 0.00 0.00 0.00 0.00
2.00 24.00 7.00 11.00 12.91 26.54 25.06 0.00 0.00 0.00 0.00
2.00 1.00 1.00 12.00 12.60 24.53 23.23 0.00 0.00 0.00 0.00
2.00 2.00 1.00 12.00 12.24 22.74 21.59 0.00 0.00 0.00 0.00
2.00 3.00 1.00 12.00 12.13 21.26 20.26 0.00 0.00 0.00 -0.00
2.00 4.00 1.00 12.00 11.85 19.89 19.00 0.00 0.00 0.00 -0.00
2.00 5.00 1.00 12.00 12.00 18.88 18.09 0.00 0.00 0.00 -0.00
2.00 6.00 1.00 12.00 12.13 18.02 17.32 0.00 0.00 0.00 -0.00
2.00 7.00 1.00 12.00 11.87 17.55 16.94 0.00 1732.78 0.00 -0.00
2.00 8.00 1.00 12.00 13.12 21.71 21.47 483.83 11182.05 0.00 0.00
2.00 9.00 1.00 12.00 15.66 25.44 25.14 0.00 21160.40 0.00 0.00
2.00 10.00 1.00 12.00 17.97 29.68 26.47 -10301.90 33466.45 0.00 -113.79
2.00 11.00 1.00 12.00 20.56 33.19 26.47 -21767.96 39497.80 0.00 -4934.61
2.00 12.00 1.00 12.00 22.52 34.95 26.47 -26679.77 37952.30 0.00 -5781.16
2.00 13.00 1.00 12.00 23.99 36.63 26.47 -31664.57 38347.70 0.00 -5308.28
2.00 14.00 1.00 12.00 24.87 37.74 26.47 -34621.80 37974.16 0.00 -51.63
2.00 15.00 1.00 12.00 25.08 51.70 35.82 -50000.00 109706.95 0.00 0.00
2.00 16.00 1.00 12.00 25.15 65.82 49.38 -50000.00 175480.33 0.00 0.00
2.00 17.00 1.00 12.00 24.89 76.31 59.62 -50000.00 219319.14 6072.07 0.00
2.00 18.00 1.00 12.00 23.61 81.90 65.01 -50000.00 240126.17 13699.34 0.00
2.00 19.00 1.00 12.00 21.77 103.62 99.09 0.00 227357.29 0.00 0.00
2.00 20.00 1.00 12.00 18.20 59.64 56.98 0.00 53792.78 0.00 -0.00
2.00 21.00 1.00 12.00 15.85 38.24 36.09 0.00 0.00 0.00 -0.00
2.00 22.00 1.00 12.00 14.21 32.76 30.89 0.00 0.00 0.00 -0.00
2.00 23.00 1.00 12.00 13.33 29.52 27.88 0.00 0.00 0.00 0.00
2.00 24.00 1.00 12.00 12.45 26.82 25.37 0.00 0.00 0.00 0.00
2.00 1.00 2.00 12.00 12.35 24.82 23.55 0.00 0.00 0.00 0.00
2.00 2.00 2.00 12.00 12.30 23.13 22.01 0.00 0.00 0.00 0.00
2.00 3.00 2.00 12.00 12.29 21.68 20.70 0.00 0.00 0.00 -0.00
2.00 4.00 2.00 12.00 12.23 20.40 19.53 0.00 0.00 0.00 -0.00
2.00 5.00 2.00 12.00 12.26 19.31 18.54 0.00 0.00 0.00 -0.00
2.00 6.00 2.00 12.00 11.90 18.16 17.48 0.00 0.00 0.00 -0.00
2.00 7.00 2.00 12.00 11.84 17.74 17.15 0.00 1732.78 0.00 -0.00
2.00 8.00 2.00 12.00 13.18 21.88 21.52 0.00 11182.05 0.00 0.00
2.00 9.00 2.00 12.00 14.81 24.97 24.66 0.00 21160.40 0.00 0.00
2.00 10.00 2.00 12.00 17.49 29.40 26.47 -9294.79 33466.45 0.00 0.00
2.00 11.00 2.00 12.00 19.43 32.43 26.47 -19201.41 39497.80 0.00 -2286.92
2.00 12.00 2.00 12.00 21.19 33.98 26.47 -23545.04 37952.30 0.00 -3703.89
2.00 13.00 2.00 12.00 22.88 35.76 26.47 -28996.87 38347.70 0.00 -3382.08
2.00 14.00 2.00 12.00 23.36 36.56 26.47 -30892.90 37974.16 0.00 0.00
2.00 15.00 2.00 12.00 23.58 50.48 34.75 -50000.00 109706.95 0.00 0.00
2.00 16.00 2.00 12.00 23.56 64.50 48.14 -50000.00 175480.33 0.00 0.00
2.00 17.00 2.00 12.00 23.35 74.97 58.35 -50000.00 219319.14 5615.44 0.00
2.00 18.00 2.00 12.00 21.81 80.36 63.52 -50000.00 240126.17 12629.21 0.00
2.00 19.00 2.00 12.00 19.71 101.99 97.53 0.00 227357.29 0.00 0.00
2.00 20.00 2.00 12.00 17.07 58.46 55.87 0.00 53792.78 0.00 -0.00
2.00 21.00 2.00 12.00 15.25 37.39 35.29 0.00 0.00 0.00 -0.00
2.00 22.00 2.00 12.00 14.12 32.24 30.42 0.00 0.00 0.00 -0.00
2.00 23.00 2.00 12.00 13.39 29.16 27.56 0.00 0.00 0.00 0.00
2.00 24.00 2.00 12.00 12.75 26.65 25.24 0.00 0.00 0.00 0.00
2.00 1.00 3.00 12.00 12.68 24.74 23.50 0.00 0.00 0.00 0.00
2.00 2.00 3.00 12.00 12.68 23.13 22.04 0.00 0.00 0.00 0.00
2.00 3.00 3.00 12.00 12.67 21.73 20.77 0.00 0.00 0.00 -0.00
2.00 4.00 3.00 12.00 12.55 20.45 19.61 0.00 0.00 0.00 -0.00
2.00 5.00 3.00 12.00 12.63 19.43 18.68 0.00 0.00 0.00 -0.00
2.00 6.00 3.00 12.00 12.46 18.42 17.76 0.00 0.00 0.00 -0.00
2.00 7.00 3.00 12.00 12.10 17.88 17.29 0.00 1732.78 0.00 -0.00
2.00 8.00 3.00 12.00 12.71 26.57 26.05 0.00 11182.05 0.00 0.00
2.00 9.00 3.00 12.00 13.01 30.48 30.02 0.00 21160.40 0.00 0.00
2.00 10.00 3.00 12.00 17.43 37.01 36.60 0.00 33466.45 0.00 0.00
2.00 11.00 3.00 12.00 19.82 41.32 40.96 0.00 39497.80 0.00 0.00
2.00 12.00 3.00 12.00 21.95 43.36 43.05 0.00 37952.30 0.00 0.00
2.00 13.00 3.00 12.00 23.16 45.19 44.91 0.00 38347.70 0.00 0.00
2.00 14.00 3.00 12.00 23.99 46.54 46.29 0.00 37974.16 0.00 0.00
2.00 15.00 3.00 12.00 23.84 67.10 66.88 0.00 109706.95 0.00 0.00
2.00 16.00 3.00 12.00 23.72 89.24 89.04 0.00 175480.33 0.00 0.00
2.00 17.00 3.00 12.00 22.42 106.01 105.83 0.00 219319.14 0.00 -0.00
2.00 18.00 3.00 12.00 20.85 116.23 116.08 0.00 240126.17 0.00 -0.00
2.00 19.00 3.00 12.00 19.72 110.29 110.15 0.00 227357.29 0.00 -0.00
2.00 20.00 3.00 12.00 17.48 62.99 62.87 0.00 53792.78 0.00 0.00
2.00 21.00 3.00 12.00 15.91 41.16 41.06 0.00 0.00 0.00 -0.00
2.00 22.00 3.00 12.00 14.49 35.43 35.34 0.00 0.00 0.00 -0.00
2.00 23.00 3.00 12.00 13.43 31.81 31.72 0.00 0.00 0.00 0.00
2.00 24.00 3.00 12.00 12.63 28.88 28.81 0.00 0.00 0.00 0.00
2.00 1.00 4.00 12.00 12.82 26.83 26.76 0.00 0.00 0.00 0.00
2.00 2.00 4.00 12.00 12.72 24.94 24.88 0.00 0.00 0.00 0.00
2.00 3.00 4.00 12.00 12.57 23.25 23.20 0.00 0.00 0.00 0.00
2.00 4.00 4.00 12.00 12.52 21.82 21.77 0.00 0.00 0.00 0.00
2.00 5.00 4.00 12.00 12.67 20.67 20.63 0.00 0.00 0.00 -0.00
2.00 6.00 4.00 12.00 12.58 19.56 19.52 0.00 0.00 0.00 -0.00
2.00 7.00 4.00 12.00 12.60 19.11 19.08 0.00 1732.78 0.00 -0.00
2.00 8.00 4.00 12.00 12.85 27.53 27.51 0.00 11182.05 0.00 0.00
2.00 9.00 4.00 12.00 13.27 31.40 31.38 0.00 21160.40 0.00 0.00
2.00 10.00 4.00 12.00 16.01 36.94 36.92 0.00 33466.45 0.00 0.00
2.00 11.00 4.00 12.00 19.63 41.71 41.69 0.00 39497.80 0.00 0.00
2.00 12.00 4.00 12.00 21.74 43.71 43.69 0.00 37952.30 0.00 0.00
2.00 13.00 4.00 12.00 22.46 45.21 45.19 0.00 38347.70 0.00 0.00
2.00 14.00 4.00 12.00 22.84 46.20 46.19 0.00 37974.16 0.00 0.00
2.00 15.00 4.00 12.00 22.35 66.47 66.46 0.00 109706.95 0.00 0.00
2.00 16.00 4.00 12.00 22.02 88.37 88.36 0.00 175480.33 0.00 0.00
2.00 17.00 4.00 12.00 21.21 105.30 105.29 0.00 219319.14 0.00 -0.00
2.00 18.00 4.00 12.00 19.85 115.60 115.59 0.00 240126.17 0.00 -0.00
2.00 19.00 4.00 12.00 18.02 109.23 109.22 0.00 227357.29 0.00 -0.00
2.00 20.00 4.00 12.00 15.50 61.68 61.67 0.00 53792.78 0.00 0.00
2.00 21.00 4.00 12.00 13.76 39.67 39.66 0.00 0.00 0.00 -0.00
2.00 22.00 4.00 12.00 12.64 34.01 34.01 0.00 0.00 0.00 -0.00
2.00 23.00 4.00 12.00 12.08 30.62 30.61 0.00 0.00 0.00 0.00
2.00 24.00 4.00 12.00 11.46 27.79 27.78 0.00 0.00 0.00 0.00
2.00 1.00 5.00 12.00 11.27 25.53 25.52 0.00 0.00 0.00 0.00
2.00 2.00 5.00 12.00 11.15 23.59 23.59 0.00 0.00 0.00 0.00
2.00 3.00 5.00 12.00 11.25 22.01 22.01 0.00 0.00 0.00 0.00
2.00 4.00 5.00 12.00 11.40 20.68 20.68 0.00 0.00 0.00 0.00
2.00 5.00 5.00 12.00 11.79 19.68 19.67 0.00 0.00 0.00 0.00
2.00 6.00 5.00 12.00 11.73 18.61 18.61 0.00 0.00 0.00 -0.00
2.00 7.00 5.00 12.00 11.81 18.21 18.21 0.00 1732.78 0.00 -0.00
2.00 8.00 5.00 12.00 13.14 22.15 22.15 0.00 11182.05 0.00 0.00
2.00 9.00 5.00 12.00 15.84 25.94 25.94 0.00 21160.40 0.00 0.00
2.00 10.00 5.00 12.00 19.06 30.78 26.47 -15077.17 33466.45 0.00 -4845.37
2.00 11.00 5.00 12.00 21.86 34.46 26.47 -26609.29 39497.80 0.00 -10105.94
2.00 12.00 5.00 12.00 24.08 36.41 26.47 -31944.97 37952.30 0.00 -12083.50
2.00 13.00 5.00 12.00 25.78 38.28 26.47 -37355.46 38347.70 0.00 -9413.19
2.00 14.00 5.00 12.00 26.92 39.60 26.47 -40831.05 37974.16 0.00 -7680.41
2.00 15.00 5.00 12.00 26.99 53.50 37.47 -50000.00 109706.95 0.00 0.00
2.00 16.00 5.00 12.00 26.82 67.47 51.00 -50000.00 175480.33 0.00 0.00
2.00 17.00 5.00 12.00 25.94 77.52 60.82 -50000.00 219319.14 7570.94 0.00
2.00 18.00 5.00 12.00 24.51 82.97 66.07 -50000.00 240126.17 15223.27 0.00
2.00 19.00 5.00 12.00 22.16 104.45 99.91 0.00 227357.29 0.00 0.00
2.00 20.00 5.00 12.00 19.29 60.79 58.12 0.00 53792.78 0.00 -0.00
2.00 21.00 5.00 12.00 17.40 39.66 37.49 0.00 0.00 0.00 -0.00
2.00 22.00 5.00 12.00 16.14 34.42 32.54 0.00 0.00 0.00 -0.00
2.00 23.00 5.00 12.00 15.31 31.25 29.61 0.00 0.00 0.00 0.00
2.00 24.00 5.00 12.00 14.69 28.73 27.28 0.00 0.00 0.00 0.00
2.00 1.00 6.00 12.00 14.08 26.51 25.23 0.00 0.00 0.00 0.00
2.00 2.00 6.00 12.00 13.65 24.60 23.48 0.00 0.00 0.00 0.00
2.00 3.00 6.00 12.00 13.33 22.95 21.96 0.00 0.00 0.00 0.00
2.00 4.00 6.00 12.00 12.91 21.43 20.56 0.00 0.00 0.00 0.00
2.00 5.00 6.00 12.00 12.69 20.16 19.39 0.00 0.00 0.00 0.00
2.00 6.00 6.00 12.00 12.60 19.09 18.41 0.00 0.00 0.00 0.00
2.00 7.00 6.00 12.00 12.19 18.46 17.86 0.00 1732.78 0.00 0.00
2.00 8.00 6.00 12.00 13.62 22.50 22.14 0.00 11182.05 0.00 0.00
2.00 9.00 6.00 12.00 16.47 26.41 26.10 0.00 21160.40 0.00 0.00
2.00 10.00 6.00 12.00 18.91 30.73 26.47 -13961.61 33466.45 0.00 0.00
2.00 11.00 6.00 12.00 21.46 34.20 26.47 -24960.36 39497.80 0.00 -3634.77
2.00 12.00 6.00 12.00 23.13 35.73 26.47 -29036.37 37952.30 0.00 -5661.32
2.00 13.00 6.00 12.00 25.03 37.69 26.47 -34992.73 38347.70 0.00 -5926.14
2.00 14.00 6.00 12.00 26.23 39.03 26.47 -38630.13 37974.16 0.00 -4154.10
2.00 15.00 6.00 12.00 26.34 52.94 36.87 -50000.00 109706.95 0.00 0.00
2.00 16.00 6.00 12.00 26.18 66.91 50.38 -50000.00 175480.33 0.00 0.00
2.00 17.00 6.00 12.00 25.34 76.97 60.21 -50000.00 219319.14 6036.64 0.00
2.00 18.00 6.00 12.00 23.31 82.00 65.04 -50000.00 240126.17 13515.48 0.00
2.00 19.00 6.00 12.00 20.96 103.50 98.89 0.00 227357.29 0.00 0.00
2.00 20.00 6.00 12.00 18.16 59.85 57.13 0.00 53792.78 0.00 -0.00
2.00 21.00 6.00 12.00 16.43 38.79 36.57 0.00 0.00 0.00 -0.00
2.00 22.00 6.00 12.00 15.41 33.67 31.74 0.00 0.00 0.00 -0.00
2.00 23.00 6.00 12.00 14.76 30.61 28.92 0.00 0.00 0.00 0.00
2.00 24.00 6.00 12.00 14.09 28.08 26.59 0.00 0.00 0.00 0.00
2.00 1.00 7.00 12.00 13.94 26.11 24.80 0.00 0.00 0.00 0.00
2.00 2.00 7.00 12.00 13.69 24.35 23.20 0.00 0.00 0.00 0.00
2.00 3.00 7.00 12.00 13.50 22.82 21.80 0.00 0.00 0.00 0.00
2.00 4.00 7.00 12.00 13.40 21.52 20.62 0.00 0.00 0.00 -0.00
2.00 5.00 7.00 12.00 13.50 20.48 19.69 0.00 0.00 0.00 -0.00
2.00 6.00 7.00 12.00 13.28 19.42 18.72 0.00 0.00 0.00 -0.00
2.00 7.00 7.00 12.00 13.19 19.00 18.38 0.00 1732.78 0.00 -0.00
2.00 8.00 7.00 12.00 13.63 22.55 22.17 0.00 11182.05 0.00 0.00
2.00 9.00 7.00 12.00 15.27 25.59 25.27 0.00 21160.40 0.00 0.00
2.00 10.00 7.00 12.00 17.41 29.62 26.47 -10051.09 33466.45 0.00 -238.34
2.00 11.00 7.00 12.00 19.81 32.92 26.47 -20802.76 39497.80 0.00 -5757.95
2.00 12.00 7.00 12.00 22.21 34.90 26.47 -26602.85 37952.30 0.00 -9267.41
2.00 13.00 7.00 12.00 24.31 37.00 26.47 -32986.14 38347.70 0.00 -12286.59
2.00 14.00 7.00 12.00 25.69 38.47 26.47 -37054.70 37974.16 0.00 -9647.89
2.00 15.00 7.00 12.00 25.62 52.26 36.31 -50000.00 109706.95 0.00 0.00
2.00 16.00 7.00 12.00 25.28 66.09 49.63 -50000.00 175480.33 0.00 0.00
2.00 17.00 7.00 12.00 24.49 76.18 59.47 -50000.00 219319.14 5947.82 0.00
2.00 18.00 7.00 12.00 23.12 81.65 64.75 -50000.00 240126.17 13634.96 0.00
2.00 19.00 7.00 12.00 21.21 103.39 98.84 0.00 227357.29 0.00 0.00
2.00 20.00 7.00 12.00 18.42 59.80 57.13 0.00 53792.78 0.00 -0.00
2.00 21.00 7.00 12.00 16.69 38.77 36.60 0.00 0.00 0.00 -0.00
2.00 22.00 7.00 12.00 15.43 33.56 31.68 0.00 0.00 0.00 -0.00
2.00 23.00 7.00 12.00 14.48 30.35 28.70 0.00 0.00 0.00 0.00
2.00 24.00 7.00 12.00 13.90 27.85 26.40 0.00 0.00 0.00 0.00
2.00 1.00 1.00 12.00 13.35 25.68 24.40 0.00 0.00 0.00 0.00
2.00 2.00 1.00 12.00 13.04 23.85 22.72 0.00 0.00 0.00 0.00
2.00 3.00 1.00 12.00 13.03 22.39 21.40 0.00 0.00 0.00 0.00
2.00 4.00 1.00 12.00 13.03 21.14 20.27 0.00 0.00 0.00 -0.00
2.00 5.00 1.00 12.00 12.79 19.92 19.15 0.00 0.00 0.00 -0.00
2.00 6.00 1.00 12.00 12.30 18.68 18.00 0.00 0.00 0.00 -0.00
2.00 7.00 1.00 12.00 12.07 18.15 17.55 0.00 1732.78 0.00 -0.00
2.00 8.00 1.00 12.00 13.16 22.04 21.67 0.00 11182.05 0.00 0.00
2.00 9.00 1.00 12.00 15.73 25.74 25.43 0.00 21160.40 0.00 0.00
2.00 10.00 1.00 12.00 17.89 29.85 26.47 -10889.64 33466.45 0.00 0.00
2.00 11.00 1.00 12.00 20.26 33.17 26.47 -21639.74 39497.80 0.00 -4951.01
2.00 12.00 1.00 12.00 21.59 34.44 26.47 -24902.50 37952.30 0.00 -6237.07
2.00 13.00 1.00 12.00 23.01 36.01 26.47 -29657.02 38347.70 0.00 -7526.76
2.00 14.00 1.00 12.00 24.27 37.33 26.47 -33419.70 37974.16 0.00 -4190.96
2.00 15.00 1.00 12.00 24.92 51.58 35.75 -50000.00 109706.95 0.00 0.00
2.00 16.00 1.00 12.00 24.71 65.52 49.11 -50000.00 175480.33 0.00 0.00
2.00 17.00 1.00 12.00 24.04 75.69 59.03 -50000.00 219319.14 5496.56 0.00
2.00 18.00 1.00 12.00 22.68 81.19 64.32 -50000.00 240126.17 12793.33 0.00
2.00 19.00 1.00 12.00 20.40 102.71 98.21 0.00 227357.29 0.00 0.00
2.00 20.00 1.00 12.00 17.91 59.26 56.63 0.00 53792.78 0.00 -0.00
2.00 21.00 1.00 12.00 16.04 38.17 36.04 0.00 0.00 0.00 -0.00
2.00 22.00 1.00 12.00 14.45 32.77 30.92 0.00 0.00 0.00 -0.00
2.00 23.00 1.00 12.00 13.72 29.64 28.02 0.00 0.00 0.00 0.00
2.00 24.00 1.00 12.00 13.44 27.31 25.88 0.00 0.00 0.00 0.00
2.00 1.00 2.00 12.00 13.37 25.41 24.15 0.00 0.00 0.00 0.00
2.00 2.00 2.00 12.00 13.39 23.82 22.71 0.00 0.00 0.00 0.00
2.00 3.00 2.00 12.00 13.41 22.45 21.47 0.00 0.00 0.00 0.00
2.00 4.00 2.00 12.00 13.49 21.28 20.42 0.00 0.00 0.00 0.00
2.00 5.00 2.00 12.00 13.48 20.23 19.47 0.00 0.00 0.00 -0.00
2.00 6.00 2.00 12.00 13.15 19.13 18.46 0.00 0.00 0.00 -0.00
2.00 7.00 2.00 12.00 13.25 18.84 18.24 0.00 1732.78 0.00 -0.00
2.00 8.00 2.00 12.00 14.42 22.98 22.62 0.00 11182.05 0.00 0.00
2.00 9.00 2.00 12.00 16.26 26.24 25.94 0.00 21160.40 0.00 0.00
2.00 10.00 2.00 12.00 19.76 31.26 26.47 -15835.38 33466.45 0.00 -5288.27
2.00 11.00 2.00 12.00 22.04 34.61 26.47 -26250.03 39497.80 0.00 -10300.58
2.00 12.00 2.00 12.00 24.08 36.43 26.47 -31300.83 37952.30 0.00 -11075.73
2.00 13.00 2.00 12.00 25.47 38.06 26.47 -36038.03 38347.70 0.00 -10312.48
2.00 14.00 2.00 12.00 26.19 39.07 26.47 -38558.63 37974.16 0.00 -5182.03
2.00 15.00 2.00 12.00 26.13 52.84 36.74 -50000.00 109706.95 0.00 0.00
2.00 16.00 2.00 12.00 25.95 66.77 50.21 -50000.00 175480.33 0.00 0.00
2.00 17.00 2.00 12.00 25.15 76.85 60.06 -50000.00 219319.14 6631.60 0.00
2.00 18.00 2.00 12.00 23.61 82.21 65.23 -50000.00 240126.17 14124.67 0.00
2.00 19.00 2.00 12.00 21.07 103.60 98.97 0.00 227357.29 0.00 0.00
2.00 20.00 2.00 12.00 18.08 59.85 57.09 0.00 53792.78 0.00 -0.00
2.00 21.00 2.00 12.00 16.10 38.63 36.38 0.00 0.00 0.00 -0.00
2.00 22.00 2.00 12.00 14.85 33.35 31.41 0.00 0.00 0.00 -0.00
2.00 23.00 2.00 12.00 14.01 30.15 28.45 0.00 0.00 0.00 0.00
2.00 24.00 2.00 12.00 13.50 27.66 26.16 0.00 0.00 0.00 0.00
2.00 1.00 3.00 12.00 12.89 25.43 24.11 0.00 0.00 0.00 0.00
2.00 2.00 3.00 12.00 12.40 23.48 22.31 0.00 0.00 0.00 0.00
2.00 3.00 3.00 12.00 11.97 21.75 20.72 0.00 0.00 0.00 -0.00
2.00 4.00 3.00 12.00 11.58 20.22 19.31 0.00 0.00 0.00 -0.00
2.00 5.00 3.00 12.00 11.42 18.96 18.16 0.00 0.00 0.00 -0.00
2.00 6.00 3.00 12.00 11.38 17.92 17.21 0.00 0.00 0.00 -0.00
2.00 7.00 3.00 12.00 11.13 17.37 16.74 0.00 1732.78 0.00 -0.00
2.00 8.00 3.00 12.00 12.74 26.55 25.99 0.00 11182.05 0.00 0.00
2.00 9.00 3.00 12.00 16.09 32.17 31.68 0.00 21160.40 0.00 0.00
2.00 10.00 3.00 12.00 18.33 37.78 37.35 0.00 33466.45 0.00 0.00
2.00 11.00 3.00 12.00 21.33 42.39 42.00 0.00 39497.80 0.00 0.00
2.00 12.00 3.00 12.00 23.41 44.48 44.14 0.00 37952.30 0.00 0.00
2.00 13.00 3.00 12.00 25.42 46.79 46.49 0.00 38347.70 0.00 0.00
2.00 14.00 3.00 12.00 26.60 48.43 48.17 0.00 37974.16 0.00 0.00
2.00 15.00 3.00 12.00 26.60 69.19 68.95 0.00 109706.95 0.00 0.00
2.00 16.00 3.00 12.00 25.96 91.13 90.92 0.00 175480.33 0.00 0.00
2.00 17.00 3.00 12.00 24.83 108.02 107.84 0.00 219319.14 0.00 -0.00
2.00 18.00 3.00 12.00 23.37 118.36 118.20 0.00 240126.17 0.00 -0.00
2.00 19.00 3.00 12.00 21.40 112.01 111.87 0.00 227357.29 0.00 -0.00
2.00 20.00 3.00 12.00 18.43 64.28 64.15 0.00 53792.78 0.00 0.00
2.00 21.00 3.00 12.00 16.25 42.05 41.94 0.00 0.00 0.00 -0.00
2.00 22.00 3.00 12.00 14.89 36.26 36.16 0.00 0.00 0.00 -0.00
2.00 23.00 3.00 12.00 14.09 32.72 32.63 0.00 0.00 0.00 0.00
2.00 24.00 3.00 12.00 13.61 29.95 29.87 0.00 0.00 0.00 0.00
2.00 1.00 4.00 12.00 13.41 27.67 27.60 0.00 0.00 0.00 0.00
2.00 2.00 4.00 12.00 13.41 25.80 25.73 0.00 0.00 0.00 0.00
2.00 3.00 4.00 12.00 13.44 24.19 24.13 0.00 0.00 0.00 0.00
2.00 4.00 4.00 12.00 13.70 22.92 22.87 0.00 0.00 0.00 0.00
2.00 5.00 4.00 12.00 14.07 21.91 21.87 0.00 0.00 0.00 0.00
2.00 6.00 4.00 12.00 13.80 20.73 20.70 0.00 0.00 0.00 -0.00
2.00 7.00 4.00 12.00 13.45 20.09 20.05 0.00 1732.78 0.00 -0.00
2.00 8.00 4.00 12.00 13.69 28.48 28.44 0.00 11182.05 0.00 0.00
2.00 9.00 4.00 12.00 15.91 33.31 33.29 0.00 21160.40 0.00 0.00
2.00 10.00 4.00 12.00 18.39 38.86 38.83 0.00 33466.45 0.00 0.00
2.00 11.00 4.00 12.00 21.20 43.24 43.22 0.00 39497.80 0.00 0.00
2.00 12.00 4.00 12.00 23.59 45.38 45.36 0.00 37952.30 0.00 0.00
2.00 13.00 4.00 12.00 25.08 47.33 47.31 0.00 38347.70 0.00 0.00
2.00 14.00 4.00 12.00 25.17 48.25 48.24 0.00 37974.16 0.00 0.00
2.00 15.00 4.00 12.00 25.25 68.86 68.85 0.00 109706.95 0.00 0.00
2.00 16.00 4.00 12.00 24.96 90.86 90.85 0.00 175480.33 0.00 0.00
2.00 17.00 4.00 12.00 24.71 108.16 108.15 0.00 219319.14 0.00 -0.00
2.00 18.00 4.00 12.00 24.07 118.95 118.94 0.00 240126.17 0.00 -0.00
2.00 19.00 4.00 12.00 21.84 112.50 112.49 0.00 227357.29 0.00 -0.00
2.00 20.00 4.00 12.00 19.23 64.96 64.95 0.00 53792.78 0.00 0.00
2.00 21.00 4.00 12.00 17.24 42.86 42.86 0.00 0.00 0.00 -0.00
2.00 22.00 4.00 12.00 16.05 37.20 37.19 0.00 0.00 0.00 -0.00
2.00 23.00 4.00 12.00 15.06 33.59 33.59 0.00 0.00 0.00 0.00
2.00 24.00 4.00 12.00 14.46 30.76 30.76 0.00 0.00 0.00 0.00
2.00 1.00 5.00 12.00 14.33 28.53 28.53 0.00 0.00 0.00 0.00
2.00 2.00 5.00 12.00 14.21 26.60 26.60 0.00 0.00 0.00 0.00
2.00 3.00 5.00 12.00 14.11 24.92 24.92 0.00 0.00 0.00 0.00
2.00 4.00 5.00 12.00 13.99 23.43 23.43 0.00 0.00 0.00 0.00
2.00 5.00 5.00 12.00 13.94 22.15 22.15 0.00 0.00 0.00 0.00
2.00 6.00 5.00 12.00 13.53 20.84 20.83 0.00 0.00 0.00 -0.00
2.00 7.00 5.00 12.00 13.49 20.31 20.30 0.00 1732.78 0.00 -0.00
2.00 8.00 5.00 12.00 14.52 23.87 23.87 0.00 11182.05 0.00 0.00
2.00 9.00 5.00 12.00 17.37 27.70 26.47 -4284.73 21160.40 0.00 0.00
2.00 10.00 5.00 12.00 19.49 31.75 26.47 -18070.60 33466.45 0.00 -4496.28
2.00 11.00 5.00 12.00 22.20 35.26 26.47 -29016.54 39497.80 0.00 -10306.01
2.00 12.00 5.00 12.00 24.02 36.87 26.47 -33147.12 37952.30 0.00 -11337.60
2.00 13.00 5.00 12.00 25.11 38.23 26.47 -36853.92 38347.70 0.00 -7770.07
2.00 14.00 5.00 12.00 26.12 39.36 26.47 -39812.81 37974.16 0.00 -7764.68
2.00 15.00 5.00 12.00 26.34 53.28 37.23 -50000.00 109706.95 0.00 0.00
2.00 16.00 5.00 12.00 26.16 67.19 50.69 -50000.00 175480.33 0.00 0.00
2.00 17.00 5.00 12.00 25.29 77.20 60.46 -50000.00 219319.14 7143.72 0.00
2.00 18.00 5.00 12.00 23.75 82.53 65.60 -50000.00 240126.17 14714.68 0.00
2.00 19.00 5.00 12.00 21.67 104.22 99.64 0.00 227357.29 0.00 0.00
2.00 20.00 5.00 12.00 18.94 60.62 57.93 0.00 53792.78 0.00 -0.00
2.00 21.00 5.00 12.00 16.89 39.39 37.20 0.00 0.00 0.00 -0.00
2.00 22.00 5.00 12.00 15.63 34.12 32.22 0.00 0.00 0.00 -0.00
2.00 23.00 5.00 12.00 14.92 31.00 29.33 0.00 0.00 0.00 0.00
2.00 24.00 5.00 12.00 14.33 28.47 27.01 0.00 0.00 0.00 0.00
2.00 1.00 6.00 12.00 13.96 26.37 25.08 0.00 0.00 0.00 0.00
2.00 2.00 6.00 12.00 13.72 24.58 23.44 0.00 0.00 0.00 0.00
2.00 3.00 6.00 12.00 13.50 23.01 22.01 0.00 0.00 0.00 0.00
2.00 4.00 6.00 12.00 13.36 21.66 20.78 0.00 0.00 0.00 -0.00
2.00 5.00 6.00 12.00 13.37 20.54 19.76 0.00 0.00 0.00 -0.00
2.00 6.00 6.00 12.00 13.11 19.43 18.74 0.00 0.00 0.00 -0.00
2.00 7.00 6.00 12.00 13.15 19.06 18.46 0.00 1732.78 0.00 -0.00
2.00 8.00 6.00 12.00 14.77 23.40 23.03 0.00 11182.05 0.00 0.00
2.00 9.00 6.00 12.00 17.68 27.39 26.47 -2107.25 21160.40 0.00 0.00
2.00 10.00 6.00 12.00 20.56 32.05 26.47 -18376.79 33466.45 0.00 -6864.01
2.00 11.00 6.00 12.00 23.22 35.65 26.47 -29589.47 39497.80 0.00 -12120.90
2.00 12.00 6.00 12.00 25.21 37.46 26.47 -34475.58 37952.30 0.00 -13338.57
2.00 13.00 6.00 12.00 26.52 39.05 26.47 -39013.11 38347.70 0.00 -11060.10
2.00 14.00 6.00 12.00 27.54 40.27 26.47 -42264.41 37974.16 0.00 -9379.18
2.00 15.00 6.00 12.00 27.77 54.27 38.00 -50000.00 109706.95 0.00 0.00
2.00 16.00 6.00 12.00 27.40 68.11 51.45 -50000.00 175480.33 0.00 0.00
2.00 17.00 6.00 12.00 26.28 77.98 61.11 -50000.00 219319.14 6976.75 0.00
2.00 18.00 6.00 12.00 24.66 83.27 66.23 -50000.00 240126.17 14837.70 0.00
2.00 19.00 6.00 12.00 22.40 104.82 100.10 0.00 227357.29 0.00 0.00
2.00 20.00 6.00 12.00 19.44 61.10 58.27 0.00 53792.78 0.00 -0.00
2.00 21.00 6.00 12.00 17.21 39.76 37.45 0.00 0.00 0.00 -0.00
2.00 22.00 6.00 12.00 15.68 34.32 32.32 0.00 0.00 0.00 -0.00
2.00 23.00 6.00 12.00 14.70 31.02 29.26 0.00 0.00 0.00 0.00
2.00 24.00 6.00 12.00 13.93 28.36 26.81 0.00 0.00 0.00 0.00
2.00 1.00 7.00 12.00 13.06 25.94 24.57 0.00 0.00 0.00 0.00
2.00 2.00 7.00 12.00 12.66 23.98 22.78 0.00 0.00 0.00 0.00
2.00 3.00 7.00 12.00 12.31 22.27 21.21 0.00 0.00 0.00 0.00
2.00 4.00 7.00 12.00 11.92 20.72 19.79 0.00 0.00 0.00 -0.00
2.00 5.00 7.00 12.00 11.72 19.42 18.59 0.00 0.00 0.00 -0.00
2.00 6.00 7.00 12.00 11.33 18.16 17.43 0.00 0.00 0.00 -0.00
2.00 7.00 7.00 12.00 11.11 17.58 16.93 0.00 1732.78 0.00 -0.00
2.00 8.00 7.00 12.00 13.13 21.96 21.57 0.00 11182.05 0.00 0.00
2.00 9.00 7.00 12.00 16.37 26.16 25.83 0.00 21160.40 0.00 0.00
2.00 10.00 7.00 12.00 18.77 30.48 26.47 -13020.93 33466.45 0.00 -118.53
2.00 11.00 7.00 12.00 21.34 33.98 26.47 -24223.00 39497.80 0.00 -6296.46
2.00 12.00 7.00 12.00 23.35 35.76 26.47 -29189.99 37952.30 0.00 -8178.19
2.00 13.00 7.00 12.00 24.76 37.41 26.47 -34003.07 38347.70 0.00 -7807.80
2.00 14.00 7.00 12.00 25.86 38.67 26.47 -37470.52 37974.16 0.00 -6044.85
2.00 15.00 7.00 12.00 26.31 52.82 36.79 -50000.00 109706.95 0.00 0.00
2.00 16.00 7.00 12.00 26.15 66.80 50.28 -50000.00 175480.33 0.00 0.00
2.00 17.00 7.00 12.00 25.47 76.99 60.24 -50000.00 219319.14 6388.78 0.00
2.00 18.00 7.00 12.00 24.16 82.54 65.60 -50000.00 240126.17 14361.28 0.00
2.00 19.00 7.00 12.00 22.03 104.12 99.52 0.00 227357.29 0.00 0.00
2.00 20.00 7.00 12.00 19.31 60.57 57.85 0.00 53792.78 0.00 -0.00
2.00 21.00 7.00 12.00 17.37 39.44 37.23 0.00 0.00 0.00 -0.00
2.00 22.00 7.00 12.00 15.97 34.15 32.23 0.00 0.00 0.00 -0.00
2.00 23.00 7.00 12.00 15.19 31.02 29.34 0.00 0.00 0.00 0.00
2.00 24.00 7.00 12.00 14.56 28.51 27.03 0.00 0.00 0.00 0.00
2.00 1.00 1.00 12.00 14.10 26.38 25.07 0.00 0.00 0.00 0.00
2.00 2.00 1.00 12.00 13.69 24.51 23.36 0.00 0.00 0.00 0.00
2.00 3.00 1.00 12.00 13.33 22.86 21.84 0.00 0.00 0.00 0.00
2.00 4.00 1.00 12.00 13.12 21.46 20.56 0.00 0.00 0.00 -0.00
2.00 5.00 1.00 12.00 13.18 20.36 19.57 0.00 0.00 0.00 -0.00
2.00 6.00 1.00 12.00 13.12 19.36 18.66 0.00 0.00 0.00 -0.00
2.00 7.00 1.00 12.00 13.11 18.98 18.36 0.00 1732.78 0.00 -0.00
2.00 8.00 1.00 12.00 14.18 22.94 22.57 0.00 11182.05 0.00 0.00
2.00 9.00 1.00 12.00 16.08 26.20 25.89 0.00 21160.40 0.00 0.00
2.00 10.00 1.00 12.00 19.39 31.07 26.47 -15152.70 33466.45 0.00 -4236.28
2.00 11.00 1.00 12.00 22.49 34.97 26.47 -27533.56 39497.80 0.00 -10719.00
2.00 12.00 1.00 12.00 24.20 36.59 26.47 -31735.88 37952.30 0.00 -10840.84
2.00 13.00 1.00 12.00 25.07 37.85 26.47 -35193.21 38347.70 0.00 -9814.01
2.00 14.00 1.00 12.00 25.84 38.85 26.47 -37827.54 37974.16 0.00 -8352.69
2.00 15.00 1.00 12.00 26.00 52.75 36.67 -50000.00 109706.95 0.00 0.00
2.00 16.00 1.00 12.00 25.92 66.75 50.19 -50000.00 175480.33 0.00 0.00
2.00 17.00 1.00 12.00 25.29 76.95 60.16 -50000.00 219319.14 6302.48 0.00
2.00 18.00 1.00 12.00 23.76 82.33 65.35 -50000.00 240126.17 14026.23 0.00
2.00 19.00 1.00 12.00 21.36 103.79 99.16 0.00 227357.29 0.00 0.00
2.00 20.00 1.00 12.00 18.68 60.22 57.47 0.00 53792.78 0.00 -0.00
2.00 21.00 1.00 12.00 16.84 39.11 36.87 0.00 0.00 0.00 -0.00
2.00 22.00 1.00 12.00 15.65 33.91 31.97 0.00 0.00 0.00 -0.00
2.00 23.00 1.00 12.00 14.98 30.84 29.14 0.00 0.00 0.00 0.00
2.00 24.00 1.00 12.00 14.44 28.38 26.87 0.00 0.00 0.00 0.00
2.00 1.00 2.00 12.00 13.85 26.18 24.86 0.00 0.00 0.00 0.00
2.00 2.00 2.00 12.00 13.45 24.30 23.14 0.00 0.00 0.00 0.00
2.00 3.00 2.00 12.00 13.17 22.69 21.67 0.00 0.00 0.00 0.00
2.00 4.00 2.00 12.00 12.90 21.26 20.36 0.00 0.00 0.00 -0.00
2.00 5.00 2.00 12.00 12.86 20.11 19.31 0.00 0.00 0.00 -0.00
2.00 6.00 2.00 12.00 12.51 18.93 18.23 0.00 0.00 0.00 -0.00
2.00 7.00 2.00 12.00 12.52 18.53 17.91 0.00 1732.78 0.00 -0.00
2.00 8.00 2.00 12.00 13.51 22.38 22.00 0.00 11182.05 0.00 0.00
2.00 9.00 2.00 12.00 16.60 26.45 26.13 0.00 21160.40 0.00 0.00
2.00 10.00 2.00 12.00 19.26 30.94 26.47 -14674.48 33466.45 0.00 -3028.49
2.00 11.00 2.00 12.00 21.14 33.97 26.47 -24061.20 39497.80 0.00 -6399.77
2.00 12.00 2.00 12.00 22.92 35.55 26.47 -28437.28 37952.30 0.00 -7402.96
2.00 13.00 2.00 12.00 24.91 37.56 26.47 -34599.45 38347.70 0.00 -9141.72
2.00 14.00 2.00 12.00 26.23 38.99 26.47 -38551.28 37974.16 0.00 -8398.24
2.00 15.00 2.00 12.00 26.47 53.00 36.95 -50000.00 109706.95 0.00 0.00
2.00 16.00 2.00 12.00 26.09 66.83 50.30 -50000.00 175480.33 0.00 0.00
2.00 17.00 2.00 12.00 24.98 76.70 59.94 -50000.00 219319.14 6187.62 0.00
2.00 18.00 2.00 12.00 23.38 82.01 65.06 -50000.00 240126.17 14290.31 0.00
2.00 19.00 2.00 12.00 21.20 103.60 99.00 0.00 227357.29 0.00 0.00
2.00 20.00 2.00 12.00 18.35 59.95 57.23 0.00 53792.78 0.00 -0.00
2.00 21.00 2.00 12.00 16.36 38.75 36.53 0.00 0.00 0.00 -0.00
2.00 22.00 2.00 12.00 15.22 33.56 31.63 0.00 0.00 0.00 -0.00
2.00 23.00 2.00 12.00 14.49 30.44 28.75 0.00 0.00 0.00 0.00
2.00 24.00 2.00 12.00 13.98 27.98 26.50 0.00 0.00 0.00 0.00
2.00 1.00 3.00 12.00 13.32 25.74 24.43 0.00 0.00 0.00 0.00
2.00 2.00 3.00 12.00 12.76 23.76 22.61 0.00 0.00 0.00 0.00
2.00 3.00 3.00 12.00 12.38 22.07 21.05 0.00 0.00 0.00 0.00
2.00 4.00 3.00 12.00 12.08 20.60 19.71 0.00 0.00 0.00 -0.00
2.00 5.00 3.00 12.00 11.89 19.35 18.56 0.00 0.00 0.00 -0.00
2.00 6.00 3.00 12.00 11.41 18.07 17.37 0.00 0.00 0.00 -0.00
2.00 7.00 3.00 12.00 11.94 17.91 17.30 0.00 1732.78 0.00 -0.00
2.00 8.00 3.00 12.00 13.84 27.31 26.77 0.00 11182.05 0.00 0.00
2.00 9.00 3.00 12.00 16.93 32.84 32.36 0.00 21160.40 0.00 0.00
2.00 10.00 3.00 12.00 19.59 38.70 38.27 0.00 33466.45 0.00 0.00
2.00 11.00 3.00 12.00 22.93 43.55 43.17 0.00 39497.80 0.00 0.00
2.00 12.00 3.00 12.00 25.63 46.05 45.72 0.00 37952.30 0.00 0.00
2.00 13.00 3.00 12.00 27.27 48.26 47.97 0.00 38347.70 0.00 0.00
2.00 14.00 3.00 12.00 28.86 50.17 49.91 0.00 37974.16 0.00 0.00
2.00 15.00 3.00 12.00 29.33 71.26 71.03 0.00 109706.95 0.00 0.00
2.00 16.00 3.00 12.00 29.11 93.53 93.32 0.00 175480.33 0.00 0.00
2.00 17.00 3.00 12.00 28.14 110.62 110.44 0.00 219319.14 0.00 -0.00
2.00 18.00 3.00 12.00 26.59 121.01 120.85 0.00 240126.17 0.00 -0.00
2.00 19.00 3.00 12.00 24.27 114.54 114.40 0.00 227357.29 0.00 -0.00
2.00 20.00 3.00 12.00 21.06 66.71 66.58 0.00 53792.78 0.00 0.00
2.00 21.00 3.00 12.00 18.56 44.32 44.21 0.00 0.00 0.00 -0.00
2.00 22.00 3.00 12.00 17.02 38.42 38.32 0.00 0.00 0.00 -0.00
2.00 23.00 3.00 12.00 16.01 34.76 34.67 0.00 0.00 0.00 0.00
2.00 24.00 3.00 12.00 15.39 31.88 31.80 0.00 0.00 0.00 0.00
2.00 1.00 4.00 12.00 14.74 29.34 29.27 0.00 0.00 0.00 0.00
2.00 2.00 4.00 12.00 14.22 27.12 27.06 0.00 0.00 0.00 0.00
2.00 3.00 4.00 12.00 13.79 25.17 25.12 0.00 0.00 0.00 0.00
2.00 4.00 4.00 12.00 13.37 23.43 23.38 0.00 0.00 0.00 0.00
2.00 5.00 4.00 12.00 13.08 21.93 21.89 0.00 0.00 0.00 0.00
2.00 6.00 4.00 12.00 12.49 20.43 20.39 0.00 0.00 0.00 0.00
2.00 7.00 4.00 12.00 12.71 19.95 19.91 0.00 1732.78 0.00 -0.00
2.00 8.00 4.00 12.00 14.08 28.89 28.86 0.00 11182.05 0.00 0.00
2.00 9.00 4.00 12.00 16.63 33.95 33.92 0.00 21160.40 0.00 0.00
2.00 10.00 4.00 12.00 19.20 39.57 39.54 0.00 33466.45 0.00 0.00
2.00 11.00 4.00 12.00 21.70 43.80 43.78 0.00 39497.80 0.00 0.00
2.00 12.00 4.00 12.00 23.46 45.57 45.56 0.00 37952.30 0.00 0.00
2.00 13.00 4.00 12.00 24.89 47.43 47.41 0.00 38347.70 0.00 0.00
2.00 14.00 4.00 12.00 25.40 48.54 48.53 0.00 37974.16 0.00 0.00
2.00 15.00 4.00 12.00 25.48 69.16 69.14 0.00 109706.95 0.00 0.00
2.00 16.00 4.00 12.00 25.56 91.36 91.34 0.00 175480.33 0.00 0.00
2.00 17.00 4.00 12.00 25.17 108.60 108.59 0.00 219319.14 0.00 -0.00
2.00 18.00 4.00 12.00 23.99 119.10 119.09 0.00 240126.17 0.00 -0.00
2.00 19.00 4.00 12.00 21.62 112.53 112.52 0.00 227357.29 0.00 -0.00
2.00 20.00 4.00 12.00 18.57 64.71 64.70 0.00 53792.78 0.00 0.00
2.00 21.00 4.00 12.00 16.33 42.41 42.40 0.00 0.00 0.00 -0.00
2.00 22.00 4.00 12.00 15.08 36.64 36.64 0.00 0.00 0.00 -0.00
2.00 23.00 4.00 12.00 14.51 33.21 33.20 0.00 0.00 0.00 0.00
2.00 24.00 4.00 12.00 14.14 30.50 30.49 0.00 0.00 0.00 0.00
2.00 1.00 5.00 12.00 13.65 28.07 28.07 0.00 0.00 0.00 0.00
2.00 2.00 5.00 12.00 13.35 26.00 26.00 0.00 0.00 0.00 0.00
2.00 3.00 5.00 12.00 13.31 24.32 24.31 0.00 0.00 0.00 0.00
2.00 4.00 5.00 12.00 13.43 22.93 22.93 0.00 0.00 0.00 0.00
2.00 5.00 5.00 12.00 13.69 21.83 21.83 0.00 0.00 0.00 0.00
2.00 6.00 5.00 12.00 13.23 20.51 20.51 0.00 0.00 0.00 -0.00
2.00 7.00 5.00 12.00 13.14 19.95 19.95 0.00 1732.78 0.00 -0.00
2.00 8.00 5.00 12.00 14.22 23.55 23.55 0.00 11182.05 0.00 0.00
2.00 9.00 5.00 12.00 16.89 27.26 26.47 -2757.24 21160.40 0.00 0.00
2.00 10.00 5.00 12.00 19.14 31.39 26.47 -16950.78 33466.45 0.00 -4567.48
2.00 11.00 5.00 12.00 21.94 34.97 26.47 -28131.17 39497.80 0.00 -10215.62
2.00 12.00 5.00 12.00 23.72 36.55 26.47 -32197.30 37952.30 0.00 -10835.77
2.00 13.00 5.00 12.00 24.88 37.97 26.47 -36101.50 38347.70 0.00 -7805.62
2.00 14.00 5.00 12.00 25.60 38.90 26.47 -38358.77 37974.16 0.00 -5490.18
2.00 15.00 5.00 12.00 25.51 52.59 36.60 -50000.00 109706.95 0.00 0.00
2.00 16.00 5.00 12.00 25.05 66.28 49.81 -50000.00 175480.33 0.00 0.00
2.00 17.00 5.00 12.00 24.28 76.31 59.61 -50000.00 219319.14 6748.15 0.00
2.00 18.00 5.00 12.00 22.92 81.75 64.85 -50000.00 240126.17 14361.75 0.00
2.00 19.00 5.00 12.00 20.90 103.50 98.95 0.00 227357.29 0.00 0.00
2.00 20.00 5.00 12.00 18.57 60.13 57.46 0.00 53792.78 0.00 -0.00
2.00 21.00 5.00 12.00 16.64 38.98 36.82 0.00 0.00 0.00 -0.00
2.00 22.00 5.00 12.00 15.35 33.72 31.84 0.00 0.00 0.00 -0.00
2.00 23.00 5.00 12.00 14.64 30.61 28.96 0.00 0.00 0.00 0.00
2.00 24.00 5.00 12.00 14.03 28.10 26.65 0.00 0.00 0.00 0.00
2.00 1.00 6.00 12.00 13.66 26.01 24.73 0.00 0.00 0.00 0.00
2.00 2.00 6.00 12.00 13.32 24.17 23.05 0.00 0.00 0.00 0.00
2.00 3.00 6.00 12.00 13.14 22.62 21.63 0.00 0.00 0.00 0.00
2.00 4.00 6.00 12.00 13.05 21.30 20.43 0.00 0.00 0.00 -0.00
2.00 5.00 6.00 12.00 13.15 20.24 19.47 0.00 0.00 0.00 -0.00
2.00 6.00 6.00 12.00 12.86 19.13 18.45 0.00 0.00 0.00 -0.00
2.00 7.00 6.00 12.00 12.84 18.73 18.13 0.00 1732.78 0.00 -0.00
2.00 8.00 6.00 12.00 14.11 22.82 22.46 0.00 11182.05 0.00 0.00
2.00 9.00 6.00 12.00 16.39 26.36 26.05 0.00 21160.40 0.00 0.00
2.00 10.00 6.00 12.00 19.34 31.02 26.47 -14980.89 33466.45 0.00 -2823.23
2.00 11.00 6.00 12.00 22.35 34.84 26.47 -27110.85 39497.80 0.00 -6503.35
2.00 12.00 6.00 12.00 25.16 37.21 26.47 -33997.46 37952.30 0.00 -8937.62
2.00 13.00 6.00 12.00 26.05 38.57 26.47 -37552.51 38347.70 0.00 -7498.86
2.00 14.00 6.00 12.00 26.26 39.22 26.47 -38873.31 37974.16 0.00 -3687.46
2.00 15.00 6.00 12.00 26.14 52.92 36.79 -50000.00 109706.95 0.00 0.00
2.00 16.00 6.00 12.00 25.44 66.48 49.90 -50000.00 175480.33 0.00 0.00
2.00 17.00 6.00 12.00 24.26 76.25 59.44 -50000.00 219319.14 6759.72 0.00
2.00 18.00 6.00 12.00 22.89 81.68 64.68 -50000.00 240126.17 13661.67 0.00
2.00 19.00 6.00 12.00 20.95 103.44 98.79 0.00 227357.29 0.00 0.00
2.00 20.00 6.00 12.00 18.54 60.04 57.26 0.00 53792.78 0.00 -0.00
2.00 21.00 6.00 12.00 16.44 38.81 36.55 0.00 0.00 0.00 -0.00
2.00 22.00 6.00 12.00 15.22 33.57 31.61 0.00 0.00 0.00 -0.00
2.00 23.00 6.00 12.00 14.53 30.48 28.75 0.00 0.00 0.00 0.00
2.00 24.00 6.00 12.00 13.88 27.94 26.43 0.00 0.00 0.00 0.00
2.00 1.00 7.00 12.00 13.76 25.98 24.65 0.00 0.00 0.00 0.00
2.00 2.00 7.00 12.00 13.69 24.32 23.14 0.00 0.00 0.00 0.00
2.00 3.00 7.00 12.00 13.70 22.90 21.87 0.00 0.00 0.00 0.00
2.00 4.00 7.00 12.00 13.66 21.65 20.74 0.00 0.00 0.00 -0.00
2.00 5.00 7.00 12.00 13.69 20.59 19.78 0.00 0.00 0.00 -0.00
2.00 6.00 7.00 12.00 13.16 19.37 18.66 0.00 0.00 0.00 -0.00
2.00 7.00 7.00 12.00 13.18 18.99 18.36 0.00 1732.78 0.00 -0.00
2.00 8.00 7.00 12.00 13.89 22.73 22.35 0.00 11182.05 0.00 0.00
2.00 9.00 7.00 12.00 15.82 25.99 25.67 0.00 21160.40 0.00 0.00
2.00 10.00 7.00 12.00 18.72 30.57 26.47 -13371.98 33466.45 0.00 -2030.02
2.00 11.00 7.00 12.00 20.98 33.84 26.47 -23737.08 39497.80 0.00 -5190.63
2.00 12.00 7.00 12.00 22.95 35.57 26.47 -28552.71 37952.30 0.00 -6673.17
2.00 13.00 7.00 12.00 23.88 36.85 26.47 -32111.25 38347.70 0.00 -4730.28
2.00 14.00 7.00 12.00 24.58 37.77 26.47 -34523.97 37974.16 0.00 0.00
2.00 15.00 7.00 12.00 24.62 51.57 35.64 -50000.00 109706.95 0.00 0.00
2.00 16.00 7.00 12.00 24.71 65.66 49.18 -50000.00 175480.33 0.00 0.00
2.00 17.00 7.00 12.00 24.14 75.88 59.16 -50000.00 219319.14 6554.97 0.00
2.00 18.00 7.00 12.00 22.73 81.33 64.41 -50000.00 240126.17 14089.32 0.00
2.00 19.00 7.00 12.00 20.84 103.09 98.53 0.00 227357.29 0.00 0.00
2.00 20.00 7.00 12.00 18.21 59.59 56.90 0.00 53792.78 0.00 -0.00
2.00 21.00 7.00 12.00 16.17 38.40 36.21 0.00 0.00 0.00 -0.00
2.00 22.00 7.00 12.00 14.95 33.18 31.29 0.00 0.00 0.00 -0.00
2.00 23.00 7.00 12.00 14.23 30.08 28.42 0.00 0.00 0.00 0.00
2.00 24.00 7.00 12.00 13.62 27.58 26.12 0.00 0.00 0.00 0.00
2.00 1.00 1.00 12.00 13.51 25.64 24.36 0.00 0.00 0.00 0.00
2.00 2.00 1.00 12.00 13.57 24.06 22.92 0.00 0.00 0.00 0.00
2.00 3.00 1.00 12.00 13.53 22.64 21.64 0.00 0.00 0.00 -0.00
2.00 4.00 1.00 12.00 13.61 21.46 20.58 0.00 0.00 0.00 -0.00
2.00 5.00 1.00 12.00 13.78 20.51 19.73 0.00 0.00 0.00 -0.00
2.00 6.00 1.00 12.00 13.21 19.28 18.60 0.00 0.00 0.00 -0.00
2.00 7.00 1.00 12.00 13.37 19.01 18.40 0.00 1732.78 0.00 -0.00
2.00 8.00 1.00 12.00 14.07 22.80 22.43 0.00 11182.05 0.00 0.00
2.00 9.00 1.00 12.00 16.32 26.31 26.00 0.00 21160.40 0.00 0.00
2.00 10.00 1.00 12.00 18.89 30.70 26.47 -13841.31 33466.45 0.00 -1412.57
2.00 11.00 1.00 12.00 21.30 34.08 26.47 -24531.53 39497.80 0.00 -7164.17
2.00 12.00 1.00 12.00 23.16 35.73 26.47 -29062.33 37952.30 0.00 -8092.93
2.00 13.00 1.00 12.00 24.27 37.14 26.47 -33073.05 38347.70 0.00 -6975.06
2.00 14.00 1.00 12.00 24.87 38.01 26.47 -35257.14 37974.16 0.00 -1969.32
2.00 15.00 1.00 12.00 24.83 51.76 35.80 -50000.00 109706.95 0.00 0.00
2.00 16.00 1.00 12.00 24.89 65.82 49.33 -50000.00 175480.33 0.00 0.00
2.00 17.00 1.00 12.00 24.43 76.13 59.39 -50000.00 219319.14 5688.35 0.00
2.00 18.00 1.00 12.00 22.99 81.56 64.64 -50000.00 240126.17 13291.60 0.00
2.00 19.00 1.00 12.00 21.47 103.52 98.94 0.00 227357.29 0.00 0.00
2.00 20.00 1.00 12.00 18.81 60.04 57.34 0.00 53792.78 0.00 -0.00
2.00 21.00 1.00 12.00 16.92 38.95 36.76 0.00 0.00 0.00 -0.00
2.00 22.00 1.00 12.00 15.66 33.74 31.84 0.00 0.00 0.00 -0.00
2.00 23.00 1.00 12.00 14.98 30.68 29.01 0.00 0.00 0.00 0.00
2.00 24.00 1.00 12.00 14.54 28.29 26.82 0.00 0.00 0.00 0.00
2.00 1.00 2.00 12.00 14.12 26.22 24.92 0.00 0.00 0.00 0.00
2.00 2.00 2.00 12.00 14.00 24.53 23.39 0.00 0.00 0.00 0.00
2.00 3.00 2.00 12.00 14.05 23.15 22.14 0.00 0.00 0.00 -0.00
2.00 4.00 2.00 12.00 14.24 22.04 21.15 0.00 0.00 0.00 -0.00
2.00 5.00 2.00 12.00 14.47 21.12 20.33 0.00 0.00 0.00 -0.00
2.00 6.00 2.00 12.00 13.87 19.89 19.20 0.00 0.00 0.00 -0.00
2.00 7.00 2.00 12.00 13.71 19.44 18.83 0.00 1732.78 0.00 -0.00
2.00 8.00 2.00 12.00 14.59 23.33 22.95 0.00 11182.05 0.00 0.00
2.00 9.00 2.00 12.00 16.74 26.76 26.45 0.00 21160.40 0.00 0.00
2.00 10.00 2.00 12.00 19.19 31.05 26.47 -15086.22 33466.45 0.00 -2648.24
2.00 11.00 2.00 12.00 21.56 34.39 26.47 -25522.76 39497.80 0.00 -5712.72
2.00 12.00 2.00 12.00 23.40 36.03 26.47 -29981.67 37952.30 0.00 -7426.07
2.00 13.00 2.00 12.00 24.79 37.62 26.47 -34632.34 38347.70 0.00 -7809.62
2.00 14.00 2.00 12.00 25.89 38.86 26.47 -37997.26 37974.16 0.00 -4513.28
2.00 15.00 2.00 12.00 26.16 52.85 36.79 -50000.00 109706.95 0.00 0.00
2.00 16.00 2.00 12.00 25.97 66.79 50.25 -50000.00 175480.33 0.00 0.00
2.00 17.00 2.00 12.00 25.24 76.92 60.15 -50000.00 219319.14 6488.62 0.00
2.00 18.00 2.00 12.00 23.69 82.28 65.32 -50000.00 240126.17 14107.81 0.00
2.00 19.00 2.00 12.00 21.70 103.96 99.35 0.00 227357.29 0.00 0.00
2.00 20.00 2.00 12.00 18.93 60.38 57.64 0.00 53792.78 0.00 -0.00
2.00 21.00 2.00 12.00 16.79 39.12 36.90 0.00 0.00 0.00 -0.00
2.00 22.00 2.00 12.00 15.28 33.73 31.80 0.00 0.00 0.00 -0.00
2.00 23.00 2.00 12.00 14.53 30.57 28.88 0.00 0.00 0.00 0.00
2.00 24.00 2.00 12.00 13.94 28.06 26.57 0.00 0.00 0.00 0.00
2.00 1.00 3.00 12.00 13.38 25.85 24.54 0.00 0.00 0.00 0.00
2.00 2.00 3.00 12.00 13.10 24.03 22.87 0.00 0.00 0.00 0.00
2.00 3.00 3.00 12.00 12.85 22.43 21.41 0.00 0.00 0.00 -0.00
2.00 4.00 3.00 12.00 12.67 21.04 20.14 0.00 0.00 0.00 -0.00
2.00 5.00 3.00 12.00 12.73 19.95 19.15 0.00 0.00 0.00 -0.00
2.00 6.00 3.00 12.00 12.36 18.76 18.06 0.00 0.00 0.00 -0.00
2.00 7.00 3.00 12.00 12.49 18.43 17.81 0.00 1732.78 0.00 -0.00
2.00 8.00 3.00 12.00 13.64 27.41 26.86 0.00 11182.05 0.00 0.00
2.00 9.00 3.00 12.00 16.67 32.85 32.36 0.00 21160.40 0.00 0.00
2.00 10.00 3.00 12.00 19.34 38.67 38.24 0.00 33466.45 0.00 0.00
2.00 11.00 3.00 12.00 22.50 43.39 43.01 0.00 39497.80 0.00 0.00
2.00 12.00 3.00 12.00 24.98 45.73 45.40 0.00 37952.30 0.00 0.00
2.00 13.00 3.00 12.00 26.38 47.76 47.46 0.00 38347.70 0.00 0.00
2.00 14.00 3.00 12.00 27.00 49.08 48.82 0.00 37974.16 0.00 0.00
2.00 15.00 3.00 12.00 27.14 69.86 69.62 0.00 109706.95 0.00 0.00
2.00 16.00 3.00 12.00 27.18 92.16 91.95 0.00 175480.33 0.00 0.00
2.00 17.00 3.00 12.00 26.90 109.56 109.38 0.00 219319.14 0.00 -0.00
2.00 18.00 3.00 12.00 25.30 119.92 119.76 0.00 240126.17 0.00 -0.00
2.00 19.00 3.00 12.00 23.49 113.70 113.56 0.00 227357.29 0.00 -0.00
2.00 20.00 3.00 12.00 20.45 65.99 65.86 0.00 53792.78 0.00 0.00
2.00 21.00 3.00 12.00 18.23 43.78 43.66 0.00 0.00 0.00 -0.00
2.00 22.00 3.00 12.00 16.88 38.02 37.92 0.00 0.00 0.00 -0.00
2.00 23.00 3.00 12.00 15.90 34.41 34.33 0.00 0.00 0.00 0.00
2.00 24.00 3.00 12.00 15.08 31.46 31.38 0.00 0.00 0.00 0.00
2.00 1.00 4.00 12.00 14.84 29.15 29.08 0.00 0.00 0.00 0.00
2.00 2.00 4.00 12.00 14.54 27.10 27.04 0.00 0.00 0.00 0.00
2.00 3.00 4.00 12.00 14.31 25.32 25.26 0.00 0.00 0.00 0.00
2.00 4.00 4.00 12.00 14.15 23.77 23.72 0.00 0.00 0.00 0.00
2.00 5.00 4.00 12.00 14.22 22.54 22.49 0.00 0.00 0.00 0.00
2.00 6.00 4.00 12.00 13.59 21.09 21.05 0.00 0.00 0.00 -0.00
2.00 7.00 4.00 12.00 13.39 20.44 20.41 0.00 1732.78 0.00 -0.00
2.00 8.00 4.00 12.00 14.44 29.22 29.19 0.00 11182.05 0.00 0.00
2.00 9.00 4.00 12.00 16.54 34.02 33.99 0.00 21160.40 0.00 0.00
2.00 10.00 4.00 12.00 19.41 39.77 39.74 0.00 33466.45 0.00 0.00
2.00 11.00 4.00 12.00 22.31 44.22 44.20 0.00 39497.80 0.00 0.00
2.00 12.00 4.00 12.00 24.85 46.46 46.44 0.00 37952.30 0.00 0.00
2.00 13.00 4.00 12.00 26.32 48.43 48.41 0.00 38347.70 0.00 0.00
2.00 14.00 4.00 12.00 27.53 49.99 49.97 0.00 37974.16 0.00 0.00
2.00 15.00 4.00 12.00 27.75 70.79 70.77 0.00 109706.95 0.00 0.00
2.00 16.00 4.00 12.00 27.58 92.94 92.93 0.00 175480.33 0.00 0.00
2.00 17.00 4.00 12.00 27.09 110.18 110.17 0.00 219319.14 0.00 -0.00
2.00 18.00 4.00 12.00 25.66 120.57 120.56 0.00 240126.17 0.00 -0.00
2.00 19.00 4.00 12.00 23.69 114.24 114.23 0.00 227357.29 0.00 -0.00
2.00 20.00 4.00 12.00 20.46 66.38 66.37 0.00 53792.78 0.00 0.00
2.00 21.00 4.00 12.00 17.88 43.92 43.91 0.00 0.00 0.00 -0.00
2.00 22.00 4.00 12.00 16.42 38.03 38.02 0.00 0.00 0.00 -0.00
2.00 23.00 4.00 12.00 15.45 34.37 34.36 0.00 0.00 0.00 0.00
2.00 24.00 4.00 12.00 14.71 31.41 31.40 0.00 0.00 0.00 0.00
2.00 1.00 5.00 12.00 14.43 29.04 29.03 0.00 0.00 0.00 0.00
2.00 2.00 5.00 12.00 14.26 27.02 27.02 0.00 0.00 0.00 0.00
2.00 3.00 5.00 12.00 14.33 25.38 25.38 0.00 0.00 0.00 0.00
2.00 4.00 5.00 12.00 14.48 24.02 24.01 0.00 0.00 0.00 0.00
2.00 5.00 5.00 12.00 14.63 22.85 22.85 0.00 0.00 0.00 0.00
2.00 6.00 5.00 12.00 14.08 21.46 21.46 0.00 0.00 0.00 -0.00
2.00 7.00 5.00 12.00 13.95 20.87 20.87 0.00 1732.78 0.00 -0.00
2.00 8.00 5.00 12.00 15.18 24.53 24.53 0.00 11182.05 0.00 0.00
2.00 9.00 5.00 12.00 17.71 28.14 26.47 -5824.94 21160.40 0.00 -1778.08
2.00 10.00 5.00 12.00 19.80 32.14 26.47 -19315.55 33466.45 0.00 -4676.62
2.00 11.00 5.00 12.00 22.51 35.65 26.47 -30191.79 39497.80 0.00 -10148.16
2.00 12.00 5.00 12.00 24.64 37.46 26.47 -35035.80 37952.30 0.00 -11051.14
2.00 13.00 5.00 12.00 25.81 38.88 26.47 -38881.44 38347.70 0.00 -10047.84
2.00 14.00 5.00 12.00 26.88 40.06 26.47 -41980.80 37974.16 0.00 -7709.02
2.00 15.00 5.00 12.00 27.29 54.13 37.98 -50000.00 109706.95 0.00 0.00
2.00 16.00 5.00 12.00 27.31 68.20 51.64 -50000.00 175480.33 0.00 0.00
2.00 17.00 5.00 12.00 26.56 78.31 61.53 -50000.00 219319.14 7704.23 0.00
2.00 18.00 5.00 12.00 24.71 83.45 66.48 -50000.00 240126.17 15931.90 0.00
2.00 19.00 5.00 12.00 22.57 105.09 100.47 0.00 227357.29 0.00 0.00
2.00 20.00 5.00 12.00 19.62 61.38 58.64 0.00 53792.78 0.00 -0.00
2.00 21.00 5.00 12.00 17.30 39.98 37.75 0.00 0.00 0.00 -0.00
2.00 22.00 5.00 12.00 15.88 34.59 32.65 0.00 0.00 0.00 -0.00
2.00 23.00 5.00 12.00 14.86 31.26 29.56 0.00 0.00 0.00 0.00
2.00 24.00 5.00 12.00 13.99 28.54 27.04 0.00 0.00 0.00 0.00
2.00 1.00 6.00 12.00 14.23 26.71 25.39 0.00 0.00 0.00 0.00
2.00 2.00 6.00 12.00 13.93 24.89 23.73 0.00 0.00 0.00 0.00
2.00 3.00 6.00 12.00 13.95 23.44 22.42 0.00 0.00 0.00 0.00
2.00 4.00 6.00 12.00 13.79 22.08 21.18 0.00 0.00 0.00 -0.00
2.00 5.00 6.00 12.00 13.48 20.80 20.01 0.00 0.00 0.00 -0.00
2.00 6.00 6.00 12.00 12.96 19.52 18.82 0.00 0.00 0.00 -0.00
2.00 7.00 6.00 12.00 12.74 18.97 18.35 0.00 1732.78 0.00 -0.00
2.00 8.00 6.00 12.00 14.01 27.96 27.42 0.00 11182.05 0.00 0.00
2.00 9.00 6.00 12.00 16.25 32.95 32.46 0.00 21160.40 0.00 0.00
2.00 10.00 6.00 12.00 18.92 38.68 38.25 0.00 33466.45 0.00 0.00
2.00 11.00 6.00 12.00 21.68 43.12 42.75 0.00 39497.80 0.00 0.00
2.00 12.00 6.00 12.00 23.91 45.24 44.91 0.00 37952.30 0.00 0.00
2.00 13.00 6.00 12.00 25.71 47.41 47.11 0.00 38347.70 0.00 0.00
2.00 14.00 6.00 12.00 26.78 48.95 48.69 0.00 37974.16 0.00 0.00
2.00 15.00 6.00 12.00 27.34 69.96 69.73 0.00 109706.95 0.00 0.00
2.00 16.00 6.00 12.00 27.02 92.09 91.88 0.00 175480.33 0.00 0.00
2.00 17.00 6.00 12.00 26.45 109.31 109.13 0.00 219319.14 0.00 -0.00
2.00 18.00 6.00 12.00 25.39 119.94 119.78 0.00 240126.17 0.00 -0.00
2.00 19.00 6.00 12.00 23.54 113.72 113.58 0.00 227357.29 0.00 -0.00
2.00 20.00 6.00 12.00 20.89 66.23 66.10 0.00 53792.78 0.00 0.00
2.00 21.00 6.00 12.00 19.09 44.29 44.17 0.00 0.00 0.00 -0.00
2.00 22.00 6.00 12.00 17.72 38.58 38.48 0.00 0.00 0.00 -0.00
2.00 23.00 6.00 12.00 16.67 34.97 34.88 0.00 0.00 0.00 0.00
2.00 24.00 6.00 12.00 15.82 32.03 31.95 0.00 0.00 0.00 0.00
2.00 1.00 7.00 12.00 15.24 29.55 29.48 0.00 0.00 0.00 0.00
2.00 2.00 7.00 12.00 15.00 27.52 27.46 0.00 0.00 0.00 0.00
2.00 3.00 7.00 12.00 14.70 25.71 25.65 0.00 0.00 0.00 0.00
2.00 4.00 7.00 12.00 14.44 24.11 24.06 0.00 0.00 0.00 0.00
2.00 5.00 7.00 12.00 14.43 22.82 22.77 0.00 0.00 0.00 -0.00
2.00 6.00 7.00 12.00 14.10 21.52 21.48 0.00 0.00 0.00 -0.00
2.00 7.00 7.00 12.00 14.00 20.94 20.91 0.00 1732.78 0.00 -0.00
2.00 8.00 7.00 12.00 15.00 29.71 29.68 0.00 11182.05 0.00 0.00
2.00 9.00 7.00 12.00 16.88 34.40 34.37 0.00 21160.40 0.00 0.00
2.00 10.00 7.00 12.00 19.15 39.81 39.78 0.00 33466.45 0.00 0.00
2.00 11.00 7.00 12.00 21.67 44.00 43.98 0.00 39497.80 0.00 0.00
2.00 12.00 7.00 12.00 23.55 45.81 45.79 0.00 37952.30 0.00 0.00
2.00 13.00 7.00 12.00 25.15 47.74 47.72 0.00 38347.70 0.00 0.00
2.00 14.00 7.00 12.00 26.28 49.20 49.18 0.00 37974.16 0.00 0.00
2.00 15.00 7.00 12.00 26.74 70.06 70.05 0.00 109706.95 0.00 0.00
2.00 16.00 7.00 12.00 26.54 92.17 92.16 0.00 175480.33 0.00 0.00
2.00 17.00 7.00 12.00 25.99 109.34 109.33 0.00 219319.14 0.00 -0.00
2.00 18.00 7.00 12.00 24.90 119.89 119.88 0.00 240126.17 0.00 -0.00
2.00 19.00 7.00 12.00 22.82 113.50 113.49 0.00 227357.29 0.00 -0.00
2.00 20.00 7.00 12.00 19.74 65.70 65.69 0.00 53792.78 0.00 0.00
2.00 21.00 7.00 12.00 17.48 43.42 43.41 0.00 0.00 0.00 -0.00
2.00 22.00 7.00 12.00 16.20 37.65 37.64 0.00 0.00 0.00 -0.00
2.00 23.00 7.00 12.00 15.40 34.11 34.10 0.00 0.00 0.00 0.00
2.00 24.00 7.00 12.00 14.76 31.24 31.23 0.00 0.00 0.00 0.00
2.00 1.00 1.00 1.00 14.30 28.80 28.80 0.00 0.00 0.00 0.00
2.00 2.00 1.00 1.00 13.99 26.72 26.72 0.00 0.00 0.00 0.00
2.00 3.00 1.00 1.00 13.81 24.94 24.94 0.00 0.00 0.00 0.00
2.00 4.00 1.00 1.00 13.46 23.29 23.28 0.00 0.00 0.00 0.00
2.00 5.00 1.00 1.00 13.03 21.74 21.74 0.00 0.00 0.00 -0.00
2.00 6.00 1.00 1.00 12.60 20.34 20.34 0.00 0.00 0.00 -0.00
2.00 7.00 1.00 1.00 12.82 19.44 19.43 0.00 74.06 0.00 -0.00
2.00 8.00 1.00 1.00 13.84 22.64 22.64 0.00 7604.90 0.00 -111.37
2.00 9.00 1.00 1.00 16.21 26.20 26.20 0.00 18358.79 0.00 0.00
2.00 10.00 1.00 1.00 18.92 30.34 26.78 -12451.59 29358.87 0.00 0.00
2.00 11.00 1.00 1.00 21.47 34.14 26.78 -24649.61 37780.45 0.00 -6394.29
2.00 12.00 1.00 1.00 23.73 36.43 26.78 -31203.68 38328.45 0.00 -9490.29
2.00 13.00 1.00 1.00 25.42 38.54 26.78 -37368.31 40111.40 0.00 -9570.50
2.00 14.00 1.00 1.00 26.34 39.21 26.78 -38489.41 37062.42 0.00 -8550.74
2.00 15.00 1.00 1.00 26.60 48.86 32.91 -50000.00 85544.05 0.00 -4965.53
2.00 16.00 1.00 1.00 26.30 63.47 47.04 -50000.00 158004.69 0.00 0.00
2.00 17.00 1.00 1.00 25.57 75.23 58.55 -50000.00 211447.56 2616.29 0.00
2.00 18.00 1.00 1.00 24.24 83.06 66.18 -50000.00 244578.95 13192.78 0.00
2.00 19.00 1.00 1.00 22.14 106.64 102.14 0.00 237092.99 0.00 0.00
2.00 20.00 1.00 1.00 19.18 95.17 92.53 0.00 178700.48 0.00 0.00
2.00 21.00 1.00 1.00 17.21 45.23 43.09 0.00 0.00 0.00 -0.00
2.00 22.00 1.00 1.00 16.07 37.20 35.35 0.00 0.00 0.00 -0.00
2.00 23.00 1.00 1.00 15.30 33.40 31.77 0.00 0.00 0.00 0.00
2.00 24.00 1.00 1.00 14.73 30.57 29.14 0.00 0.00 0.00 0.00
2.00 1.00 2.00 1.00 14.28 28.20 26.94 0.00 0.00 0.00 0.00
2.00 2.00 2.00 1.00 14.26 26.34 25.23 0.00 0.00 0.00 0.00
2.00 3.00 2.00 1.00 14.35 24.79 23.81 0.00 0.00 0.00 0.00
2.00 4.00 2.00 1.00 14.39 23.43 22.57 0.00 0.00 0.00 -0.00
2.00 5.00 2.00 1.00 14.31 22.19 21.43 0.00 0.00 0.00 -0.00
2.00 6.00 2.00 1.00 13.98 20.95 20.28 0.00 0.00 0.00 -0.00
2.00 7.00 2.00 1.00 13.92 19.98 19.39 0.00 74.06 0.00 -0.00
2.00 8.00 2.00 1.00 14.95 23.40 23.04 0.00 7604.90 0.00 -1063.68
2.00 9.00 2.00 1.00 16.93 26.75 26.45 0.00 18358.79 0.00 0.00
2.00 10.00 2.00 1.00 19.17 30.57 26.78 -12343.60 29358.87 0.00 0.00
2.00 11.00 2.00 1.00 21.66 34.32 26.78 -24470.66 37780.45 0.00 -7569.50
2.00 12.00 2.00 1.00 23.57 36.37 26.78 -30280.47 38328.45 0.00 -9817.71
2.00 13.00 2.00 1.00 25.14 38.36 26.78 -36209.44 40111.40 0.00 -9223.54
2.00 14.00 2.00 1.00 26.19 39.10 26.78 -37719.93 37062.42 0.00 -8071.70
2.00 15.00 2.00 1.00 26.59 48.83 32.79 -50000.00 85544.05 0.00 -4471.29
2.00 16.00 2.00 1.00 26.31 63.48 46.95 -50000.00 158004.69 0.00 0.00
2.00 17.00 2.00 1.00 25.69 75.30 58.54 -50000.00 211447.56 3442.99 0.00
2.00 18.00 2.00 1.00 24.52 83.25 66.30 -50000.00 244578.95 14552.51 0.00
2.00 19.00 2.00 1.00 22.55 106.89 102.29 0.00 237092.99 0.00 0.00
2.00 20.00 2.00 1.00 19.72 95.51 92.78 0.00 178700.48 0.00 0.00
2.00 21.00 2.00 1.00 17.72 45.59 43.37 0.00 0.00 0.00 -0.00
2.00 22.00 2.00 1.00 16.47 37.52 35.60 0.00 0.00 0.00 -0.00
2.00 23.00 2.00 1.00 15.80 33.77 32.08 0.00 0.00 0.00 0.00
2.00 24.00 2.00 1.00 15.27 30.99 29.50 0.00 0.00 0.00 0.00
2.00 1.00 3.00 1.00 14.78 28.61 27.30 0.00 0.00 0.00 0.00
2.00 2.00 3.00 1.00 14.70 26.72 25.57 0.00 0.00 0.00 0.00
2.00 3.00 3.00 1.00 14.38 24.95 23.94 0.00 0.00 0.00 0.00
2.00 4.00 3.00 1.00 14.18 23.43 22.54 0.00 0.00 0.00 -0.00
2.00 5.00 3.00 1.00 13.97 22.08 21.29 0.00 0.00 0.00 -0.00
2.00 6.00 3.00 1.00 13.73 20.86 20.16 0.00 0.00 0.00 -0.00
2.00 7.00 3.00 1.00 13.47 19.77 19.15 0.00 74.06 0.00 -0.00
2.00 8.00 3.00 1.00 14.41 23.03 22.65 0.00 7604.90 0.00 -99.69
2.00 9.00 3.00 1.00 16.34 26.30 25.99 0.00 18358.79 0.00 0.00
2.00 10.00 3.00 1.00 18.61 30.13 26.78 -10758.12 29358.87 0.00 0.00
2.00 11.00 3.00 1.00 21.16 33.91 26.78 -23127.28 37780.45 0.00 -5071.34
2.00 12.00 3.00 1.00 23.49 36.23 26.78 -29941.45 38328.45 0.00 -8117.30
2.00 13.00 3.00 1.00 25.16 38.31 26.78 -36130.86 40111.40 0.00 -8466.43
2.00 14.00 3.00 1.00 25.67 38.70 26.78 -36344.81 37062.42 0.00 -6616.71
2.00 15.00 3.00 1.00 25.43 47.96 31.96 -50000.00 85544.05 0.00 -2825.15
2.00 16.00 3.00 1.00 24.94 62.39 45.88 -50000.00 158004.69 0.00 0.00
2.00 17.00 3.00 1.00 24.34 74.19 57.44 -50000.00 211447.56 3844.47 0.00
2.00 18.00 3.00 1.00 23.17 82.10 65.16 -50000.00 244578.95 13521.07 0.00
2.00 19.00 3.00 1.00 21.55 105.98 101.39 0.00 237092.99 0.00 0.00
2.00 20.00 3.00 1.00 18.94 94.73 92.02 0.00 178700.48 0.00 0.00
2.00 21.00 3.00 1.00 17.02 44.86 42.65 0.00 0.00 0.00 -0.00
2.00 22.00 3.00 1.00 15.68 36.75 34.84 0.00 0.00 0.00 -0.00
2.00 23.00 3.00 1.00 15.03 33.01 31.33 0.00 0.00 0.00 0.00
2.00 24.00 3.00 1.00 14.58 30.27 28.79 0.00 0.00 0.00 0.00
2.00 1.00 4.00 1.00 14.34 28.03 26.73 0.00 0.00 0.00 0.00
2.00 2.00 4.00 1.00 14.18 26.12 24.98 0.00 0.00 0.00 0.00
2.00 3.00 4.00 1.00 13.97 24.42 23.42 0.00 0.00 0.00 0.00
2.00 4.00 4.00 1.00 14.02 23.06 22.17 0.00 0.00 0.00 -0.00
2.00 5.00 4.00 1.00 13.98 21.84 21.05 0.00 0.00 0.00 -0.00
2.00 6.00 4.00 1.00 13.78 20.68 19.98 0.00 0.00 0.00 -0.00
2.00 7.00 4.00 1.00 13.94 19.84 19.23 0.00 74.06 0.00 -0.00
2.00 8.00 4.00 1.00 14.46 22.98 22.60 0.00 7604.90 0.00 0.00
2.00 9.00 4.00 1.00 15.75 25.82 25.51 0.00 18358.79 0.00 0.00
2.00 10.00 4.00 1.00 19.28 30.49 26.78 -12017.15 29358.87 0.00 -7534.20
2.00 11.00 4.00 1.00 21.40 34.04 26.78 -23478.96 37780.45 0.00 -4941.73
2.00 12.00 4.00 1.00 23.76 36.40 26.78 -30462.31 38328.45 0.00 -7527.85
2.00 13.00 4.00 1.00 25.53 38.56 26.78 -36918.69 40111.40 0.00 -7966.73
2.00 14.00 4.00 1.00 26.35 39.17 26.78 -37901.72 37062.42 0.00 -7932.40
2.00 15.00 4.00 1.00 26.46 48.72 32.66 -50000.00 85544.05 0.00 -4504.33
2.00 16.00 4.00 1.00 25.82 63.10 46.56 -50000.00 158004.69 0.00 0.00
2.00 17.00 4.00 1.00 25.01 74.76 58.00 -50000.00 211447.56 5386.86 0.00
2.00 18.00 4.00 1.00 23.60 82.52 65.57 -50000.00 244578.95 15611.64 0.00
2.00 19.00 4.00 1.00 21.44 106.09 101.49 0.00 237092.99 0.00 0.00
2.00 20.00 4.00 1.00 18.68 94.71 91.98 0.00 178700.48 0.00 0.00
2.00 21.00 4.00 1.00 16.80 44.82 42.60 0.00 0.00 0.00 -0.00
2.00 22.00 4.00 1.00 15.38 36.65 34.72 0.00 0.00 0.00 -0.00
2.00 23.00 4.00 1.00 14.63 32.82 31.13 0.00 0.00 0.00 0.00
2.00 24.00 4.00 1.00 14.03 29.97 28.48 0.00 0.00 0.00 0.00
2.00 1.00 5.00 1.00 13.46 27.52 26.21 0.00 0.00 0.00 0.00
2.00 2.00 5.00 1.00 13.13 25.46 24.30 0.00 0.00 0.00 0.00
2.00 3.00 5.00 1.00 12.82 23.65 22.63 0.00 0.00 0.00 0.00
2.00 4.00 5.00 1.00 12.68 22.13 21.23 0.00 0.00 0.00 0.00
2.00 5.00 5.00 1.00 12.76 20.91 20.12 0.00 0.00 0.00 -0.00
2.00 6.00 5.00 1.00 12.60 19.74 19.04 0.00 0.00 0.00 -0.00
2.00 7.00 5.00 1.00 13.04 19.03 18.41 0.00 74.06 0.00 -0.00
2.00 8.00 5.00 1.00 14.26 22.63 22.25 0.00 7604.90 0.00 0.00
2.00 9.00 5.00 1.00 16.83 26.40 26.08 0.00 18358.79 0.00 0.00
2.00 10.00 5.00 1.00 19.60 30.64 26.78 -12539.35 29358.87 0.00 -3246.83
2.00 11.00 5.00 1.00 22.66 34.85 26.78 -26265.85 37780.45 0.00 -3538.78
2.00 12.00 5.00 1.00 25.27 37.47 26.78 -33932.16 38328.45 0.00 -8705.43
2.00 13.00 5.00 1.00 27.38 39.94 26.78 -41328.88 40111.40 0.00 -11198.12
2.00 14.00 5.00 1.00 28.37 40.74 26.78 -42830.72 37062.42 0.00 -14244.18
2.00 15.00 5.00 1.00 28.62 50.45 34.19 -50000.00 85544.05 0.00 -5451.37
2.00 16.00 5.00 1.00 27.73 64.72 48.09 -50000.00 158004.69 0.00 0.00
2.00 17.00 5.00 1.00 26.72 76.29 59.44 -50000.00 211447.56 6000.08 0.00
2.00 18.00 5.00 1.00 25.27 84.04 67.01 -50000.00 244578.95 16131.55 0.00
2.00 19.00 5.00 1.00 23.37 107.71 103.02 0.00 237092.99 0.00 0.00
2.00 20.00 5.00 1.00 20.52 96.32 93.51 0.00 178700.48 0.00 0.00
2.00 21.00 5.00 1.00 18.52 46.39 44.10 0.00 0.00 0.00 -0.00
2.00 22.00 5.00 1.00 17.01 38.18 36.20 0.00 0.00 0.00 -0.00
2.00 23.00 5.00 1.00 16.07 34.26 32.52 0.00 0.00 0.00 0.00
2.00 24.00 5.00 1.00 15.62 31.48 29.95 0.00 0.00 0.00 0.00
2.00 1.00 6.00 1.00 15.30 29.18 27.83 0.00 0.00 0.00 0.00
2.00 2.00 6.00 1.00 14.95 27.14 25.95 0.00 0.00 0.00 0.00
2.00 3.00 6.00 1.00 14.61 25.33 24.28 0.00 0.00 0.00 0.00
2.00 4.00 6.00 1.00 14.36 23.76 22.84 0.00 0.00 0.00 -0.00
2.00 5.00 6.00 1.00 14.22 22.43 21.61 0.00 0.00 0.00 -0.00
2.00 6.00 6.00 1.00 13.95 21.18 20.45 0.00 0.00 0.00 -0.00
2.00 7.00 6.00 1.00 14.16 20.33 19.69 0.00 74.06 0.00 -0.00
2.00 8.00 6.00 1.00 15.20 28.56 27.99 0.00 7604.90 0.00 0.00
2.00 9.00 6.00 1.00 17.56 33.62 33.12 0.00 18358.79 0.00 0.00
2.00 10.00 6.00 1.00 20.36 38.98 38.54 0.00 29358.87 0.00 0.00
2.00 11.00 6.00 1.00 22.93 43.85 43.46 0.00 37780.45 0.00 0.00
2.00 12.00 6.00 1.00 25.08 46.51 46.16 0.00 38328.45 0.00 0.00
2.00 13.00 6.00 1.00 26.54 48.93 48.63 0.00 40111.40 0.00 0.00
2.00 14.00 6.00 1.00 27.18 49.55 49.28 0.00 37062.42 0.00 0.00
2.00 15.00 6.00 1.00 27.21 63.73 63.49 0.00 85544.05 0.00 0.00
2.00 16.00 6.00 1.00 26.73 86.42 86.21 0.00 158004.69 0.00 0.00
2.00 17.00 6.00 1.00 26.12 105.93 105.74 0.00 211447.56 0.00 -0.00
2.00 18.00 6.00 1.00 25.01 120.02 119.85 0.00 244578.95 0.00 -0.00
2.00 19.00 6.00 1.00 23.30 115.83 115.68 0.00 237092.99 0.00 -0.00
2.00 20.00 6.00 1.00 20.34 100.37 100.24 0.00 178700.48 0.00 0.00
2.00 21.00 6.00 1.00 18.45 49.59 49.47 0.00 0.00 0.00 -0.00
2.00 22.00 6.00 1.00 17.37 41.16 41.06 0.00 0.00 0.00 -0.00
2.00 23.00 6.00 1.00 16.67 37.06 36.97 0.00 0.00 0.00 0.00
2.00 24.00 6.00 1.00 16.16 34.00 33.91 0.00 0.00 0.00 0.00
2.00 1.00 7.00 1.00 15.97 31.53 31.45 0.00 0.00 0.00 0.00
2.00 2.00 7.00 1.00 15.62 29.30 29.23 0.00 0.00 0.00 0.00
2.00 3.00 7.00 1.00 15.48 27.42 27.36 0.00 0.00 0.00 0.00
2.00 4.00 7.00 1.00 15.15 25.67 25.62 0.00 0.00 0.00 0.00
2.00 5.00 7.00 1.00 14.91 24.15 24.11 0.00 0.00 0.00 0.00
2.00 6.00 7.00 1.00 14.51 22.70 22.66 0.00 0.00 0.00 -0.00
2.00 7.00 7.00 1.00 14.43 21.58 21.54 0.00 74.06 0.00 -0.00
2.00 8.00 7.00 1.00 15.48 29.69 29.66 0.00 7604.90 0.00 0.00
2.00 9.00 7.00 1.00 17.63 34.54 34.51 0.00 18358.79 0.00 0.00
2.00 10.00 7.00 1.00 20.11 39.62 39.59 0.00 29358.87 0.00 0.00
2.00 11.00 7.00 1.00 22.77 44.42 44.40 0.00 37780.45 0.00 0.00
2.00 12.00 7.00 1.00 24.86 46.95 46.93 0.00 38328.45 0.00 0.00
2.00 13.00 7.00 1.00 26.33 49.30 49.29 0.00 40111.40 0.00 0.00
2.00 14.00 7.00 1.00 27.03 49.89 49.88 0.00 37062.42 0.00 0.00
2.00 15.00 7.00 1.00 27.29 64.14 64.13 0.00 85544.05 0.00 0.00
2.00 16.00 7.00 1.00 27.16 86.99 86.98 0.00 158004.69 0.00 0.00
2.00 17.00 7.00 1.00 26.61 106.53 106.52 0.00 211447.56 0.00 -0.00
2.00 18.00 7.00 1.00 25.34 120.53 120.52 0.00 244578.95 0.00 -0.00
2.00 19.00 7.00 1.00 23.46 116.22 116.21 0.00 237092.99 0.00 -0.00
2.00 20.00 7.00 1.00 20.62 100.80 100.79 0.00 178700.48 0.00 0.00
2.00 21.00 7.00 1.00 18.82 50.05 50.04 0.00 0.00 0.00 -0.00
2.00 22.00 7.00 1.00 17.77 41.63 41.63 0.00 0.00 0.00 -0.00
2.00 23.00 7.00 1.00 17.01 37.49 37.49 0.00 0.00 0.00 0.00
2.00 24.00 7.00 1.00 16.26 34.29 34.28 0.00 0.00 0.00 0.00
2.00 1.00 1.00 1.00 15.65 31.56 31.56 0.00 0.00 0.00 0.00
2.00 2.00 1.00 1.00 15.47 29.36 29.36 0.00 0.00 0.00 0.00
2.00 3.00 1.00 1.00 15.40 27.51 27.50 0.00 0.00 0.00 0.00
2.00 4.00 1.00 1.00 15.28 25.85 25.85 0.00 0.00 0.00 0.00
2.00 5.00 1.00 1.00 15.09 24.36 24.35 0.00 0.00 0.00 0.00
2.00 6.00 1.00 1.00 14.69 22.91 22.91 0.00 0.00 0.00 -0.00
2.00 7.00 1.00 1.00 14.66 21.81 21.81 0.00 74.06 0.00 -0.00
2.00 8.00 1.00 1.00 14.99 24.32 24.32 0.00 7604.90 0.00 0.00
2.00 9.00 1.00 1.00 16.46 27.16 26.78 -1326.25 18358.79 0.00 0.00
2.00 10.00 1.00 1.00 18.62 30.79 26.78 -13916.33 29358.87 0.00 -1386.73
2.00 11.00 1.00 1.00 20.98 34.35 26.78 -25188.06 37780.45 0.00 -9463.56
2.00 12.00 1.00 1.00 23.18 36.50 26.78 -31296.19 38328.45 0.00 -11365.73
2.00 13.00 1.00 1.00 24.79 38.46 26.78 -36999.69 40111.40 0.00 -9646.84
2.00 14.00 1.00 1.00 25.53 38.92 26.78 -37461.84 37062.42 0.00 -6224.28
2.00 15.00 1.00 1.00 25.75 48.46 32.53 -50000.00 85544.05 0.00 -3733.39
2.00 16.00 1.00 1.00 25.72 63.20 46.77 -50000.00 158004.69 0.00 0.00
2.00 17.00 1.00 1.00 25.31 75.15 58.47 -50000.00 211447.56 1608.84 0.00
2.00 18.00 1.00 1.00 24.23 83.14 66.26 -50000.00 244578.95 11963.85 0.00
2.00 19.00 1.00 1.00 22.44 106.92 102.41 0.00 237092.99 0.00 0.00
2.00 20.00 1.00 1.00 19.81 95.65 93.01 0.00 178700.48 0.00 0.00
2.00 21.00 1.00 1.00 17.89 45.77 43.63 0.00 0.00 0.00 -0.00
2.00 22.00 1.00 1.00 16.49 37.63 35.77 0.00 0.00 0.00 -0.00
2.00 23.00 1.00 1.00 15.58 33.74 32.11 0.00 0.00 0.00 0.00
2.00 24.00 1.00 1.00 14.91 30.85 29.42 0.00 0.00 0.00 0.00
2.00 1.00 2.00 1.00 14.73 28.61 27.35 0.00 0.00 0.00 0.00
2.00 2.00 2.00 1.00 14.53 26.66 25.55 0.00 0.00 0.00 0.00
2.00 3.00 2.00 1.00 14.41 24.98 24.01 0.00 0.00 0.00 0.00
2.00 4.00 2.00 1.00 14.33 23.54 22.68 0.00 0.00 0.00 -0.00
2.00 5.00 2.00 1.00 14.34 22.31 21.55 0.00 0.00 0.00 -0.00
2.00 6.00 2.00 1.00 14.31 21.23 20.56 0.00 0.00 0.00 -0.00
2.00 7.00 2.00 1.00 14.25 20.28 19.69 0.00 74.06 0.00 -0.00
2.00 8.00 2.00 1.00 15.04 23.55 23.19 0.00 7604.90 0.00 0.00
2.00 9.00 2.00 1.00 16.95 26.83 26.53 0.00 18358.79 0.00 0.00
2.00 10.00 2.00 1.00 19.59 30.92 26.78 -13583.66 29358.87 0.00 -3059.27
2.00 11.00 2.00 1.00 21.95 34.61 26.78 -25356.27 37780.45 0.00 -9425.93
2.00 12.00 2.00 1.00 24.32 36.97 26.78 -32284.48 38328.45 0.00 -9553.64
2.00 13.00 2.00 1.00 26.17 39.18 26.78 -38872.34 40111.40 0.00 -12011.43
2.00 14.00 2.00 1.00 26.88 39.73 26.78 -39586.82 37062.42 0.00 -9693.34
2.00 15.00 2.00 1.00 26.98 49.26 33.12 -50000.00 85544.05 0.00 -5668.11
2.00 16.00 2.00 1.00 26.67 63.86 47.29 -50000.00 158004.69 0.00 0.00
2.00 17.00 2.00 1.00 26.00 75.65 58.85 -50000.00 211447.56 0.00 0.00
2.00 18.00 2.00 1.00 24.80 83.57 66.58 -50000.00 244578.95 4675.04 0.00
2.00 19.00 2.00 1.00 23.18 107.41 102.77 0.00 237092.99 0.00 0.00
2.00 20.00 2.00 1.00 20.50 96.14 93.37 0.00 178700.48 0.00 0.00
2.00 21.00 2.00 1.00 18.72 46.36 44.11 0.00 0.00 0.00 -0.00
2.00 22.00 2.00 1.00 17.46 38.33 36.37 0.00 0.00 0.00 -0.00
2.00 23.00 2.00 1.00 16.50 34.44 32.73 0.00 0.00 0.00 0.00
2.00 24.00 2.00 1.00 15.82 31.57 30.06 0.00 0.00 0.00 0.00
2.00 1.00 3.00 1.00 15.50 29.28 27.95 0.00 0.00 0.00 0.00
2.00 2.00 3.00 1.00 15.44 27.41 26.24 0.00 0.00 0.00 0.00
2.00 3.00 3.00 1.00 15.35 25.78 24.74 0.00 0.00 0.00 -0.00
2.00 4.00 3.00 1.00 14.93 24.16 23.25 0.00 0.00 0.00 -0.00
2.00 5.00 3.00 1.00 14.64 22.76 21.96 0.00 0.00 0.00 -0.00
2.00 6.00 3.00 1.00 14.03 21.33 20.62 0.00 0.00 0.00 -0.00
2.00 7.00 3.00 1.00 14.17 20.42 19.80 0.00 74.06 0.00 -0.00
2.00 8.00 3.00 1.00 15.34 23.87 23.48 0.00 7604.90 0.00 0.00
2.00 9.00 3.00 1.00 17.18 27.11 26.78 -12.02 18358.79 0.00 0.00
2.00 10.00 3.00 1.00 19.51 30.97 26.78 -13701.14 29358.87 0.00 -1096.56
2.00 11.00 3.00 1.00 21.86 34.62 26.78 -25334.17 37780.45 0.00 -8563.55
2.00 12.00 3.00 1.00 23.86 36.71 26.78 -31334.55 38328.45 0.00 -9828.36
2.00 13.00 3.00 1.00 25.67 38.86 26.78 -37798.44 40111.40 0.00 -12166.36
2.00 14.00 3.00 1.00 26.72 39.62 26.78 -39275.39 37062.42 0.00 -9830.88
2.00 15.00 3.00 1.00 27.17 49.39 33.26 -50000.00 85544.05 0.00 -4185.44
2.00 16.00 3.00 1.00 27.08 64.16 47.59 -50000.00 158004.69 0.00 0.00
2.00 17.00 3.00 1.00 26.66 76.15 59.35 -50000.00 211447.56 140.39 0.00
2.00 18.00 3.00 1.00 25.45 84.09 67.11 -50000.00 244578.95 10006.58 0.00
2.00 19.00 3.00 1.00 23.93 107.96 103.32 0.00 237092.99 0.00 0.00
2.00 20.00 3.00 1.00 21.35 96.77 94.00 0.00 178700.48 0.00 0.00
2.00 21.00 3.00 1.00 19.54 47.00 44.75 0.00 0.00 0.00 -0.00
2.00 22.00 3.00 1.00 18.16 38.92 36.97 0.00 0.00 0.00 -0.00
2.00 23.00 3.00 1.00 17.51 35.22 33.50 0.00 0.00 0.00 0.00
2.00 24.00 3.00 1.00 17.01 32.48 30.98 0.00 0.00 0.00 0.00
2.00 1.00 4.00 1.00 16.81 30.30 28.97 0.00 0.00 0.00 0.00
2.00 2.00 4.00 1.00 16.51 28.34 27.17 0.00 0.00 0.00 0.00
2.00 3.00 4.00 1.00 16.21 26.60 25.57 0.00 0.00 0.00 0.00
2.00 4.00 4.00 1.00 15.71 24.94 24.03 0.00 0.00 0.00 -0.00
2.00 5.00 4.00 1.00 15.32 23.48 22.68 0.00 0.00 0.00 -0.00
2.00 6.00 4.00 1.00 14.86 22.12 21.41 0.00 0.00 0.00 -0.00
2.00 7.00 4.00 1.00 14.94 21.19 20.57 0.00 74.06 0.00 -0.00
2.00 8.00 4.00 1.00 15.97 24.54 24.16 0.00 7604.90 0.00 -87.92
2.00 9.00 4.00 1.00 17.82 27.77 26.78 -2341.35 18358.79 0.00 0.00
2.00 10.00 4.00 1.00 20.30 31.74 26.78 -16179.21 29358.87 0.00 -4117.28
2.00 11.00 4.00 1.00 22.49 35.28 26.78 -27376.29 37780.45 0.00 -12406.75
2.00 12.00 4.00 1.00 24.40 37.30 26.78 -33091.28 38328.45 0.00 -12912.07
2.00 13.00 4.00 1.00 26.08 39.36 26.78 -39215.42 40111.40 0.00 -13255.52
2.00 14.00 4.00 1.00 27.19 40.14 26.78 -40796.25 37062.42 0.00 -9595.91
2.00 15.00 4.00 1.00 27.63 49.89 33.68 -50000.00 85544.05 0.00 -4823.53
2.00 16.00 4.00 1.00 27.45 64.60 47.98 -50000.00 158004.69 0.00 0.00
2.00 17.00 4.00 1.00 26.93 76.51 59.66 -50000.00 211447.56 0.00 0.00
2.00 18.00 4.00 1.00 25.77 84.47 67.45 -50000.00 244578.95 9386.70 0.00
2.00 19.00 4.00 1.00 23.99 108.21 103.52 0.00 237092.99 0.00 0.00
2.00 20.00 4.00 1.00 21.22 96.88 94.07 0.00 178700.48 0.00 0.00
2.00 21.00 4.00 1.00 19.22 46.98 44.69 0.00 0.00 0.00 -0.00
2.00 22.00 4.00 1.00 17.96 38.91 36.93 0.00 0.00 0.00 -0.00
2.00 23.00 4.00 1.00 17.33 35.20 33.46 0.00 0.00 0.00 0.00
2.00 24.00 4.00 1.00 16.82 32.44 30.91 0.00 0.00 0.00 0.00
2.00 1.00 5.00 1.00 16.39 30.11 28.76 0.00 0.00 0.00 0.00
2.00 2.00 5.00 1.00 16.16 28.16 26.97 0.00 0.00 0.00 0.00
2.00 3.00 5.00 1.00 15.96 26.45 25.40 0.00 0.00 0.00 0.00
2.00 4.00 5.00 1.00 15.88 25.01 24.09 0.00 0.00 0.00 -0.00
2.00 5.00 5.00 1.00 15.71 23.70 22.88 0.00 0.00 0.00 -0.00
2.00 6.00 5.00 1.00 15.33 22.41 21.69 0.00 0.00 0.00 -0.00
2.00 7.00 5.00 1.00 15.25 21.42 20.79 0.00 74.06 0.00 -0.00
2.00 8.00 5.00 1.00 16.26 24.79 24.40 0.00 7604.90 0.00 0.00
2.00 9.00 5.00 1.00 18.11 28.03 26.78 -3206.77 18358.79 0.00 0.00
2.00 10.00 5.00 1.00 20.60 32.00 26.78 -16997.31 29358.87 0.00 -5149.07
2.00 11.00 5.00 1.00 22.98 35.69 26.78 -28674.70 37780.45 0.00 -8644.72
2.00 12.00 5.00 1.00 24.91 37.74 26.78 -34445.46 38328.45 0.00 -9682.92
2.00 13.00 5.00 1.00 26.32 39.61 26.78 -39904.02 40111.40 0.00 -12134.61
2.00 14.00 5.00 1.00 26.98 40.07 26.78 -40400.75 37062.42 0.00 -9568.36
2.00 15.00 5.00 1.00 27.14 49.60 33.37 -50000.00 85544.05 0.00 -4220.16
2.00 16.00 5.00 1.00 26.58 64.01 47.36 -50000.00 158004.69 0.00 0.00
2.00 17.00 5.00 1.00 25.81 75.69 58.83 -50000.00 211447.56 0.00 0.00
2.00 18.00 5.00 1.00 24.46 83.47 66.43 -50000.00 244578.95 9068.57 0.00
2.00 19.00 5.00 1.00 22.45 107.15 102.44 0.00 237092.99 0.00 0.00
2.00 20.00 5.00 1.00 19.92 95.89 93.07 0.00 178700.48 0.00 0.00
2.00 21.00 5.00 1.00 18.06 46.03 43.73 0.00 0.00 0.00 -0.00
2.00 22.00 5.00 1.00 16.90 38.01 36.01 0.00 0.00 0.00 -0.00
2.00 23.00 5.00 1.00 16.09 34.18 32.42 0.00 0.00 0.00 0.00
2.00 24.00 5.00 1.00 15.50 31.35 29.80 0.00 0.00 0.00 0.00
2.00 1.00 6.00 1.00 15.48 29.21 27.85 0.00 0.00 0.00 0.00
2.00 2.00 6.00 1.00 15.25 27.27 26.07 0.00 0.00 0.00 0.00
2.00 3.00 6.00 1.00 15.22 25.65 24.59 0.00 0.00 0.00 0.00
2.00 4.00 6.00 1.00 15.11 24.21 23.28 0.00 0.00 0.00 -0.00
2.00 5.00 6.00 1.00 14.97 22.92 22.09 0.00 0.00 0.00 -0.00
2.00 6.00 6.00 1.00 14.57 21.63 20.90 0.00 0.00 0.00 -0.00
2.00 7.00 6.00 1.00 14.39 20.59 19.95 0.00 74.06 0.00 -0.00
2.00 8.00 6.00 1.00 15.43 28.80 28.23 0.00 7604.90 0.00 0.00
2.00 9.00 6.00 1.00 17.49 33.70 33.20 0.00 18358.79 0.00 0.00
2.00 10.00 6.00 1.00 19.87 38.80 38.36 0.00 29358.87 0.00 0.00
2.00 11.00 6.00 1.00 22.50 43.65 43.26 0.00 37780.45 0.00 0.00
2.00 12.00 6.00 1.00 24.26 46.06 45.71 0.00 38328.45 0.00 0.00
2.00 13.00 6.00 1.00 25.39 48.25 47.94 0.00 40111.40 0.00 0.00
2.00 14.00 6.00 1.00 25.84 48.69 48.42 0.00 37062.42 0.00 0.00
2.00 15.00 6.00 1.00 25.87 62.80 62.56 0.00 85544.05 0.00 0.00
2.00 16.00 6.00 1.00 25.77 85.65 85.43 0.00 158004.69 0.00 0.00
2.00 17.00 6.00 1.00 25.38 105.27 105.08 0.00 211447.56 0.00 -0.00
2.00 18.00 6.00 1.00 24.43 119.44 119.27 0.00 244578.95 0.00 -0.00
2.00 19.00 6.00 1.00 22.64 115.21 115.06 0.00 237092.99 0.00 -0.00
2.00 20.00 6.00 1.00 19.90 99.87 99.74 0.00 178700.48 0.00 0.00
2.00 21.00 6.00 1.00 18.07 49.13 49.01 0.00 0.00 0.00 -0.00
2.00 22.00 6.00 1.00 16.75 40.59 40.48 0.00 0.00 0.00 -0.00
2.00 23.00 6.00 1.00 16.01 36.45 36.36 0.00 0.00 0.00 0.00
2.00 24.00 6.00 1.00 15.17 33.20 33.12 0.00 0.00 0.00 0.00
2.00 1.00 7.00 1.00 14.73 30.56 30.49 0.00 0.00 0.00 0.00
2.00 2.00 7.00 1.00 14.76 28.49 28.43 0.00 0.00 0.00 0.00
2.00 3.00 7.00 1.00 14.92 26.78 26.73 0.00 0.00 0.00 0.00
2.00 4.00 7.00 1.00 15.13 25.35 25.30 0.00 0.00 0.00 0.00
2.00 5.00 7.00 1.00 15.14 24.03 23.98 0.00 0.00 0.00 0.00
2.00 6.00 7.00 1.00 14.67 22.60 22.56 0.00 0.00 0.00 0.00
2.00 7.00 7.00 1.00 14.76 21.60 21.57 0.00 74.06 0.00 -0.00
2.00 8.00 7.00 1.00 15.80 29.75 29.72 0.00 7604.90 0.00 0.00
2.00 9.00 7.00 1.00 17.78 34.54 34.51 0.00 18358.79 0.00 0.00
2.00 10.00 7.00 1.00 20.10 39.55 39.52 0.00 29358.87 0.00 0.00
2.00 11.00 7.00 1.00 22.55 44.23 44.21 0.00 37780.45 0.00 0.00
2.00 12.00 7.00 1.00 24.52 46.69 46.67 0.00 38328.45 0.00 0.00
2.00 13.00 7.00 1.00 26.00 49.03 49.02 0.00 40111.40 0.00 0.00
2.00 14.00 7.00 1.00 26.90 49.72 49.71 0.00 37062.42 0.00 0.00
2.00 15.00 7.00 1.00 27.30 64.05 64.04 0.00 85544.05 0.00 0.00
2.00 16.00 7.00 1.00 27.20 86.94 86.93 0.00 158004.69 0.00 0.00
2.00 17.00 7.00 1.00 26.53 106.43 106.42 0.00 211447.56 0.00 -0.00
2.00 18.00 7.00 1.00 25.36 120.48 120.47 0.00 244578.95 0.00 -0.00
2.00 19.00 7.00 1.00 23.45 116.16 116.16 0.00 237092.99 0.00 -0.00
2.00 20.00 7.00 1.00 20.42 100.65 100.64 0.00 178700.48 0.00 0.00
2.00 21.00 7.00 1.00 18.19 49.65 49.64 0.00 0.00 0.00 -0.00
2.00 22.00 7.00 1.00 16.98 41.10 41.09 0.00 0.00 0.00 -0.00
2.00 23.00 7.00 1.00 16.10 36.86 36.85 0.00 0.00 0.00 0.00
2.00 24.00 7.00 1.00 15.49 33.69 33.68 0.00 0.00 0.00 0.00
2.00 1.00 1.00 1.00 15.06 31.04 31.04 0.00 0.00 0.00 0.00
2.00 2.00 1.00 1.00 14.70 28.74 28.74 0.00 0.00 0.00 0.00
2.00 3.00 1.00 1.00 14.47 26.77 26.77 0.00 0.00 0.00 0.00
2.00 4.00 1.00 1.00 14.29 25.05 25.05 0.00 0.00 0.00 0.00
2.00 5.00 1.00 1.00 13.99 23.48 23.48 0.00 0.00 0.00 0.00
2.00 6.00 1.00 1.00 13.50 21.95 21.95 0.00 0.00 0.00 -0.00
2.00 7.00 1.00 1.00 13.42 20.79 20.79 0.00 74.06 0.00 -0.00
2.00 8.00 1.00 1.00 14.62 23.82 23.82 0.00 7604.90 0.00 0.00
2.00 9.00 1.00 1.00 16.73 27.13 26.78 -1224.10 18358.79 0.00 0.00
2.00 10.00 1.00 1.00 19.03 30.92 26.78 -14384.29 29358.87 0.00 -1431.48
2.00 11.00 1.00 1.00 21.93 34.90 26.78 -27077.16 37780.45 0.00 -5430.39
2.00 12.00 1.00 1.00 24.04 37.06 26.78 -33089.20 38328.45 0.00 -8905.46
2.00 13.00 1.00 1.00 25.83 39.18 26.78 -39317.52 40111.40 0.00 -10354.34
2.00 14.00 1.00 1.00 26.78 39.85 26.78 -40382.38 37062.42 0.00 -11448.59
2.00 15.00 1.00 1.00 26.94 49.39 33.34 -50000.00 85544.05 0.00 -5759.91
2.00 16.00 1.00 1.00 26.71 64.03 47.55 -50000.00 158004.69 0.00 0.00
2.00 17.00 1.00 1.00 26.24 75.95 59.22 -50000.00 211447.56 2939.61 0.00
2.00 18.00 1.00 1.00 25.00 83.84 66.92 -50000.00 244578.95 14400.67 0.00
2.00 19.00 1.00 1.00 22.94 107.46 102.90 0.00 237092.99 0.00 0.00
2.00 20.00 1.00 1.00 20.05 96.03 93.34 0.00 178700.48 0.00 0.00
2.00 21.00 1.00 1.00 17.92 46.01 43.83 0.00 0.00 0.00 -0.00
2.00 22.00 1.00 1.00 16.84 38.01 36.12 0.00 0.00 0.00 -0.00
2.00 23.00 1.00 1.00 16.20 34.27 32.61 0.00 0.00 0.00 0.00
2.00 24.00 1.00 1.00 15.50 31.38 29.92 0.00 0.00 0.00 0.00
2.00 1.00 2.00 1.00 15.02 28.99 27.70 0.00 0.00 0.00 0.00
2.00 2.00 2.00 1.00 14.71 26.95 25.82 0.00 0.00 0.00 0.00
2.00 3.00 2.00 1.00 14.64 25.29 24.29 0.00 0.00 0.00 0.00
2.00 4.00 2.00 1.00 14.48 23.79 22.91 0.00 0.00 0.00 0.00
2.00 5.00 2.00 1.00 14.45 22.53 21.75 0.00 0.00 0.00 -0.00
2.00 6.00 2.00 1.00 14.38 21.41 20.72 0.00 0.00 0.00 -0.00
2.00 7.00 2.00 1.00 14.57 20.58 19.98 0.00 74.06 0.00 -0.00
2.00 8.00 2.00 1.00 15.59 24.02 23.66 0.00 7604.90 0.00 0.00
2.00 9.00 2.00 1.00 17.70 27.46 26.78 -1303.71 18358.79 0.00 0.00
2.00 10.00 2.00 1.00 20.18 31.46 26.78 -15320.54 29358.87 0.00 -4819.79
2.00 11.00 2.00 1.00 22.91 35.40 26.78 -27928.58 37780.45 0.00 -9653.79
2.00 12.00 2.00 1.00 24.95 37.57 26.78 -34049.32 38328.45 0.00 -11657.09
2.00 13.00 2.00 1.00 26.59 39.64 26.78 -40152.24 40111.40 0.00 -11798.75
2.00 14.00 2.00 1.00 27.30 40.17 26.78 -40840.31 37062.42 0.00 -9466.17
2.00 15.00 2.00 1.00 27.35 49.66 33.44 -50000.00 85544.05 0.00 -5561.63
2.00 16.00 2.00 1.00 26.84 64.12 47.49 -50000.00 158004.69 0.00 0.00
2.00 17.00 2.00 1.00 26.01 75.78 58.93 -50000.00 211447.56 2622.26 0.00
2.00 18.00 2.00 1.00 24.82 83.69 66.67 -50000.00 244578.95 13198.67 0.00
2.00 19.00 2.00 1.00 23.23 107.57 102.87 0.00 237092.99 0.00 0.00
2.00 20.00 2.00 1.00 20.75 96.40 93.59 0.00 178700.48 0.00 0.00
2.00 21.00 2.00 1.00 18.94 46.61 44.32 0.00 0.00 0.00 -0.00
2.00 22.00 2.00 1.00 17.84 38.65 36.67 0.00 0.00 0.00 -0.00
2.00 23.00 2.00 1.00 17.16 34.93 33.19 0.00 0.00 0.00 0.00
2.00 24.00 2.00 1.00 16.55 32.13 30.60 0.00 0.00 0.00 0.00
2.00 1.00 3.00 1.00 16.52 30.02 28.67 0.00 0.00 0.00 0.00
2.00 2.00 3.00 1.00 16.41 28.17 26.98 0.00 0.00 0.00 0.00
2.00 3.00 3.00 1.00 16.46 26.64 25.59 0.00 0.00 0.00 0.00
2.00 4.00 3.00 1.00 16.15 25.12 24.20 0.00 0.00 0.00 -0.00
2.00 5.00 3.00 1.00 15.76 23.70 22.89 0.00 0.00 0.00 -0.00
2.00 6.00 3.00 1.00 15.11 22.27 21.55 0.00 0.00 0.00 -0.00
2.00 7.00 3.00 1.00 14.96 21.22 20.59 0.00 74.06 0.00 -0.00
2.00 8.00 3.00 1.00 15.94 24.53 24.14 0.00 7604.90 0.00 0.00
2.00 9.00 3.00 1.00 17.77 27.74 26.78 -2204.68 18358.79 0.00 0.00
2.00 10.00 3.00 1.00 20.40 31.81 26.78 -16410.27 29358.87 0.00 -5793.16
2.00 11.00 3.00 1.00 22.93 35.59 26.78 -28433.98 37780.45 0.00 -12002.59
2.00 12.00 3.00 1.00 25.21 37.90 26.78 -35064.91 38328.45 0.00 -13687.14
2.00 13.00 3.00 1.00 26.95 40.04 26.78 -41369.18 40111.40 0.00 -14134.61
2.00 14.00 3.00 1.00 28.05 40.84 26.78 -42956.86 37062.42 0.00 -12743.32
2.00 15.00 3.00 1.00 28.45 50.59 34.28 -50000.00 85544.05 0.00 -6039.97
2.00 16.00 3.00 1.00 28.11 65.20 48.53 -50000.00 158004.69 0.00 0.00
2.00 17.00 3.00 1.00 27.39 76.97 60.08 -50000.00 211447.56 1286.52 0.00
2.00 18.00 3.00 1.00 26.24 84.93 67.88 -50000.00 244578.95 13098.87 0.00
2.00 19.00 3.00 1.00 24.45 108.67 103.93 0.00 237092.99 0.00 0.00
2.00 20.00 3.00 1.00 21.94 97.48 94.63 0.00 178700.48 0.00 0.00
2.00 21.00 3.00 1.00 19.96 47.61 45.28 0.00 0.00 0.00 -0.00
2.00 22.00 3.00 1.00 18.61 39.52 37.50 0.00 0.00 0.00 -0.00
2.00 23.00 3.00 1.00 17.87 35.75 33.98 0.00 0.00 0.00 0.00
2.00 24.00 3.00 1.00 17.18 32.88 31.33 0.00 0.00 0.00 0.00
2.00 1.00 4.00 1.00 16.79 30.56 29.18 0.00 0.00 0.00 0.00
2.00 2.00 4.00 1.00 16.48 28.55 27.35 0.00 0.00 0.00 0.00
2.00 3.00 4.00 1.00 16.30 26.85 25.78 0.00 0.00 0.00 0.00
2.00 4.00 4.00 1.00 15.89 25.22 24.28 0.00 0.00 0.00 -0.00
2.00 5.00 4.00 1.00 15.51 23.76 22.93 0.00 0.00 0.00 -0.00
2.00 6.00 4.00 1.00 14.96 22.34 21.60 0.00 0.00 0.00 -0.00
2.00 7.00 4.00 1.00 14.98 21.36 20.71 0.00 74.06 0.00 -0.00
2.00 8.00 4.00 1.00 16.12 24.73 24.34 0.00 7604.90 0.00 0.00
2.00 9.00 4.00 1.00 18.07 28.03 26.78 -3191.29 18358.79 0.00 0.00
2.00 10.00 4.00 1.00 20.68 32.09 26.78 -17274.81 29358.87 0.00 -6871.55
2.00 11.00 4.00 1.00 23.19 35.86 26.78 -29240.87 37780.45 0.00 -15469.81
2.00 12.00 4.00 1.00 25.41 38.12 26.78 -35722.91 38328.45 0.00 -16512.77
2.00 13.00 4.00 1.00 27.11 40.22 26.78 -41898.04 40111.40 0.00 -16882.37
2.00 14.00 4.00 1.00 28.03 40.90 26.78 -43044.11 37062.42 0.00 -12334.25
2.00 15.00 4.00 1.00 28.40 50.61 34.28 -50000.00 85544.05 0.00 -6175.22
2.00 16.00 4.00 1.00 27.93 65.12 48.43 -50000.00 158004.69 0.00 0.00
2.00 17.00 4.00 1.00 27.06 76.77 59.87 -50000.00 211447.56 343.13 0.00
2.00 18.00 4.00 1.00 25.67 84.54 67.47 -50000.00 244578.95 10687.47 0.00
2.00 19.00 4.00 1.00 23.98 108.36 103.61 0.00 237092.99 0.00 0.00
2.00 20.00 4.00 1.00 21.45 97.16 94.30 0.00 178700.48 0.00 0.00
2.00 21.00 4.00 1.00 19.73 47.41 45.07 0.00 0.00 0.00 -0.00
2.00 22.00 4.00 1.00 18.36 39.31 37.28 0.00 0.00 0.00 -0.00
2.00 23.00 4.00 1.00 17.67 35.56 33.78 0.00 0.00 0.00 0.00
2.00 24.00 4.00 1.00 16.68 32.54 30.97 0.00 0.00 0.00 0.00
2.00 1.00 5.00 1.00 16.44 30.26 28.88 0.00 0.00 0.00 0.00
2.00 2.00 5.00 1.00 16.23 28.31 27.09 0.00 0.00 0.00 0.00
2.00 3.00 5.00 1.00 15.83 26.49 25.41 0.00 0.00 0.00 -0.00
2.00 4.00 5.00 1.00 15.27 24.76 23.81 0.00 0.00 0.00 -0.00
2.00 5.00 5.00 1.00 15.05 23.36 22.52 0.00 0.00 0.00 -0.00
2.00 6.00 5.00 1.00 14.72 22.06 21.32 0.00 0.00 0.00 -0.00
2.00 7.00 5.00 1.00 14.98 21.22 20.57 0.00 74.06 0.00 -0.00
2.00 8.00 5.00 1.00 16.46 24.89 24.49 0.00 7604.90 0.00 0.00
2.00 9.00 5.00 1.00 18.37 28.20 26.78 -3790.86 18358.79 0.00 0.00
2.00 10.00 5.00 1.00 21.29 32.49 26.78 -18632.64 29358.87 0.00 -11082.27
2.00 11.00 5.00 1.00 23.22 35.90 26.78 -29233.36 37780.45 0.00 -14396.24
2.00 12.00 5.00 1.00 25.45 38.15 26.78 -35776.10 38328.45 0.00 -15378.44
2.00 13.00 5.00 1.00 27.30 40.36 26.78 -42321.05 40111.40 0.00 -17061.11
2.00 14.00 5.00 1.00 28.44 41.19 26.78 -44002.76 37062.42 0.00 -14141.00
2.00 15.00 5.00 1.00 28.84 50.95 34.58 -50000.00 85544.05 0.00 -4690.44
2.00 16.00 5.00 1.00 28.32 65.44 48.73 -50000.00 158004.69 0.00 0.00
2.00 17.00 5.00 1.00 27.62 77.22 60.30 -50000.00 211447.56 0.00 0.00
2.00 18.00 5.00 1.00 26.12 84.93 67.85 -50000.00 244578.95 8161.06 0.00
2.00 19.00 5.00 1.00 24.26 108.65 103.88 0.00 237092.99 0.00 0.00
2.00 20.00 5.00 1.00 21.66 97.39 94.52 0.00 178700.48 0.00 0.00
2.00 21.00 5.00 1.00 19.92 47.62 45.27 0.00 0.00 0.00 -0.00
2.00 22.00 5.00 1.00 18.72 39.61 37.57 0.00 0.00 0.00 -0.00
2.00 23.00 5.00 1.00 18.07 35.90 34.10 0.00 0.00 0.00 0.00
2.00 24.00 5.00 1.00 17.06 32.87 31.30 0.00 0.00 0.00 0.00
2.00 1.00 6.00 1.00 16.72 30.55 29.16 0.00 0.00 0.00 0.00
2.00 2.00 6.00 1.00 16.55 28.61 27.39 0.00 0.00 0.00 0.00
2.00 3.00 6.00 1.00 16.50 26.99 25.91 0.00 0.00 0.00 -0.00
2.00 4.00 6.00 1.00 16.18 25.42 24.47 0.00 0.00 0.00 -0.00
2.00 5.00 6.00 1.00 15.69 23.91 23.07 0.00 0.00 0.00 -0.00
2.00 6.00 6.00 1.00 15.09 22.47 21.73 0.00 0.00 0.00 -0.00
2.00 7.00 6.00 1.00 14.87 21.35 20.70 0.00 74.06 0.00 -0.00
2.00 8.00 6.00 1.00 15.79 29.46 28.88 0.00 7604.90 0.00 0.00
2.00 9.00 6.00 1.00 17.65 34.21 33.69 0.00 18358.79 0.00 0.00
2.00 10.00 6.00 1.00 19.95 39.21 38.76 0.00 29358.87 0.00 0.00
2.00 11.00 6.00 1.00 22.27 43.84 43.44 0.00 37780.45 0.00 0.00
2.00 12.00 6.00 1.00 24.48 46.44 46.08 0.00 38328.45 0.00 0.00
2.00 13.00 6.00 1.00 26.19 48.93 48.62 0.00 40111.40 0.00 0.00
2.00 14.00 6.00 1.00 27.11 49.67 49.39 0.00 37062.42 0.00 0.00
2.00 15.00 6.00 1.00 27.70 64.14 63.90 0.00 85544.05 0.00 0.00
2.00 16.00 6.00 1.00 27.40 86.96 86.74 0.00 158004.69 0.00 0.00
2.00 17.00 6.00 1.00 26.44 106.31 106.11 0.00 211447.56 0.00 -0.00
2.00 18.00 6.00 1.00 24.89 120.14 119.97 0.00 244578.95 0.00 -0.00
2.00 19.00 6.00 1.00 22.91 115.76 115.61 0.00 237092.99 0.00 -0.00
2.00 20.00 6.00 1.00 20.30 100.44 100.31 0.00 178700.48 0.00 0.00
2.00 21.00 6.00 1.00 18.58 49.74 49.62 0.00 0.00 0.00 -0.00
2.00 22.00 6.00 1.00 17.67 41.42 41.31 0.00 0.00 0.00 -0.00
2.00 23.00 6.00 1.00 17.22 37.46 37.37 0.00 0.00 0.00 0.00
2.00 24.00 6.00 1.00 16.50 34.31 34.22 0.00 0.00 0.00 0.00
2.00 1.00 7.00 1.00 16.34 31.86 31.78 0.00 0.00 0.00 0.00
2.00 2.00 7.00 1.00 16.16 29.73 29.66 0.00 0.00 0.00 0.00
2.00 3.00 7.00 1.00 15.82 27.76 27.71 0.00 0.00 0.00 0.00
2.00 4.00 7.00 1.00 15.38 25.95 25.90 0.00 0.00 0.00 0.00
2.00 5.00 7.00 1.00 14.83 24.25 24.20 0.00 0.00 0.00 0.00
2.00 6.00 7.00 1.00 14.42 22.76 22.72 0.00 0.00 0.00 0.00
2.00 7.00 7.00 1.00 14.47 21.69 21.66 0.00 74.06 0.00 -0.00
2.00 8.00 7.00 1.00 15.91 30.01 29.97 0.00 7604.90 0.00 0.00
2.00 9.00 7.00 1.00 17.83 34.76 34.73 0.00 18358.79 0.00 0.00
2.00 10.00 7.00 1.00 19.92 39.62 39.59 0.00 29358.87 0.00 0.00
2.00 11.00 7.00 1.00 22.51 44.34 44.32 0.00 37780.45 0.00 0.00
2.00 12.00 7.00 1.00 24.47 46.78 46.76 0.00 38328.45 0.00 0.00
2.00 13.00 7.00 1.00 25.93 49.09 49.07 0.00 40111.40 0.00 0.00
2.00 14.00 7.00 1.00 26.93 49.82 49.80 0.00 37062.42 0.00 0.00
2.00 15.00 7.00 1.00 27.13 64.04 64.03 0.00 85544.05 0.00 0.00
2.00 16.00 7.00 1.00 26.79 86.77 86.76 0.00 158004.69 0.00 0.00
2.00 17.00 7.00 1.00 25.99 106.15 106.13 0.00 211447.56 0.00 -0.00
2.00 18.00 7.00 1.00 24.45 119.96 119.95 0.00 244578.95 0.00 -0.00
2.00 19.00 7.00 1.00 22.16 115.37 115.36 0.00 237092.99 0.00 -0.00
2.00 20.00 7.00 1.00 19.81 100.15 100.14 0.00 178700.48 0.00 0.00
2.00 21.00 7.00 1.00 18.28 49.54 49.53 0.00 0.00 0.00 -0.00
2.00 22.00 7.00 1.00 16.93 40.97 40.96 0.00 0.00 0.00 -0.00
2.00 23.00 7.00 1.00 16.53 37.00 36.99 0.00 0.00 0.00 0.00
2.00 24.00 7.00 1.00 16.16 34.01 34.00 0.00 0.00 0.00 0.00
2.00 1.00 1.00 1.00 15.87 31.49 31.49 0.00 0.00 0.00 0.00
2.00 2.00 1.00 1.00 15.56 29.28 29.27 0.00 0.00 0.00 0.00
2.00 3.00 1.00 1.00 15.33 27.35 27.34 0.00 0.00 0.00 0.00
2.00 4.00 1.00 1.00 14.91 25.54 25.54 0.00 0.00 0.00 0.00
2.00 5.00 1.00 1.00 14.95 24.16 24.15 0.00 0.00 0.00 0.00
2.00 6.00 1.00 1.00 14.96 22.95 22.95 0.00 0.00 0.00 0.00
2.00 7.00 1.00 1.00 15.16 22.02 22.02 0.00 74.06 0.00 -0.00
2.00 8.00 1.00 1.00 16.38 25.27 25.27 0.00 7604.90 0.00 0.00
2.00 9.00 1.00 1.00 18.15 28.40 26.78 -5679.04 18358.79 0.00 0.00
2.00 10.00 1.00 1.00 20.11 31.97 26.78 -17652.96 29358.87 0.00 -9925.20
2.00 11.00 1.00 1.00 22.61 35.66 26.78 -29319.73 37780.45 0.00 -8439.90
2.00 12.00 1.00 1.00 24.96 37.96 26.78 -35857.87 38328.45 0.00 -9429.63
2.00 13.00 1.00 1.00 26.70 40.06 26.78 -41925.85 40111.40 0.00 -12465.83
2.00 14.00 1.00 1.00 27.57 40.67 26.78 -42765.77 37062.42 0.00 -10266.14
2.00 15.00 1.00 1.00 27.78 50.24 34.05 -50000.00 85544.05 0.00 -4907.99
2.00 16.00 1.00 1.00 27.76 65.03 48.46 -50000.00 158004.69 0.00 0.00
2.00 17.00 1.00 1.00 27.23 76.91 60.12 -50000.00 211447.56 0.00 0.00
2.00 18.00 1.00 1.00 26.08 84.87 67.89 -50000.00 244578.95 10775.15 0.00
2.00 19.00 1.00 1.00 24.40 108.69 104.05 0.00 237092.99 0.00 0.00
2.00 20.00 1.00 1.00 22.19 97.67 94.91 0.00 178700.48 0.00 0.00
2.00 21.00 1.00 1.00 20.24 47.83 45.59 0.00 0.00 0.00 -0.00
2.00 22.00 1.00 1.00 19.15 39.90 37.95 0.00 0.00 0.00 -0.00
2.00 23.00 1.00 1.00 18.46 36.18 34.48 0.00 0.00 0.00 0.00
2.00 24.00 1.00 1.00 18.09 33.52 32.02 0.00 0.00 0.00 0.00
2.00 1.00 2.00 1.00 17.64 31.21 29.89 0.00 0.00 0.00 0.00
2.00 2.00 2.00 1.00 17.13 29.12 27.96 0.00 0.00 0.00 0.00
2.00 3.00 2.00 1.00 16.88 27.38 26.36 0.00 0.00 0.00 0.00
2.00 4.00 2.00 1.00 16.73 25.90 24.99 0.00 0.00 0.00 0.00
2.00 5.00 2.00 1.00 16.63 24.62 23.82 0.00 0.00 0.00 -0.00
2.00 6.00 2.00 1.00 16.14 23.28 22.57 0.00 0.00 0.00 -0.00
2.00 7.00 2.00 1.00 15.71 22.09 21.46 0.00 74.06 0.00 -0.00
2.00 8.00 2.00 1.00 16.68 25.33 24.95 0.00 7604.90 0.00 0.00
2.00 9.00 2.00 1.00 18.61 28.60 26.78 -5255.38 18358.79 0.00 0.00
2.00 10.00 2.00 1.00 20.75 32.33 26.78 -17990.03 29358.87 0.00 -12778.67
2.00 11.00 2.00 1.00 23.28 36.08 26.78 -29942.95 37780.45 0.00 -16953.67
2.00 12.00 2.00 1.00 25.56 38.37 26.78 -36482.26 38328.45 0.00 -14838.26
2.00 13.00 2.00 1.00 27.29 40.47 26.78 -42660.75 40111.40 0.00 -15161.96
2.00 14.00 2.00 1.00 28.52 41.36 26.78 -44523.34 37062.42 0.00 -11659.48
2.00 15.00 2.00 1.00 28.83 51.04 34.65 -50000.00 85544.05 0.00 -8044.29
2.00 16.00 2.00 1.00 28.86 65.90 49.18 -50000.00 158004.69 0.00 0.00
2.00 17.00 2.00 1.00 28.41 77.87 60.95 -50000.00 211447.56 0.00 0.00
2.00 18.00 2.00 1.00 27.20 85.82 68.73 -50000.00 244578.95 12362.34 0.00
2.00 19.00 2.00 1.00 25.37 109.51 104.74 0.00 237092.99 0.00 0.00
2.00 20.00 2.00 1.00 22.71 98.25 95.37 0.00 178700.48 0.00 0.00
2.00 21.00 2.00 1.00 20.73 48.37 46.02 0.00 0.00 0.00 -0.00
2.00 22.00 2.00 1.00 19.34 40.26 38.21 0.00 0.00 0.00 -0.00
2.00 23.00 2.00 1.00 18.56 36.46 34.67 0.00 0.00 0.00 0.00
2.00 24.00 2.00 1.00 17.77 33.54 31.96 0.00 0.00 0.00 0.00
2.00 1.00 3.00 1.00 17.23 31.12 29.73 0.00 0.00 0.00 0.00
2.00 2.00 3.00 1.00 17.17 29.23 28.01 0.00 0.00 0.00 0.00
2.00 3.00 3.00 1.00 17.30 27.71 26.62 0.00 0.00 0.00 0.00
2.00 4.00 3.00 1.00 17.23 26.29 25.34 0.00 0.00 0.00 0.00
2.00 5.00 3.00 1.00 17.12 25.02 24.18 0.00 0.00 0.00 -0.00
2.00 6.00 3.00 1.00 16.79 23.78 23.03 0.00 0.00 0.00 -0.00
2.00 7.00 3.00 1.00 16.86 22.88 22.23 0.00 74.06 0.00 -0.00
2.00 8.00 3.00 1.00 17.62 26.14 25.74 0.00 7604.90 0.00 0.00
2.00 9.00 3.00 1.00 19.14 29.14 26.78 -7090.58 18358.79 0.00 0.00
2.00 10.00 3.00 1.00 21.70 33.15 26.78 -20622.04 29358.87 0.00 -13400.27
2.00 11.00 3.00 1.00 23.99 36.76 26.78 -31977.47 37780.45 0.00 -17059.74
2.00 12.00 3.00 1.00 26.13 38.95 26.78 -38170.84 38328.45 0.00 -13707.37
2.00 13.00 3.00 1.00 27.72 40.95 26.78 -44002.25 40111.40 0.00 -15628.06
2.00 14.00 3.00 1.00 28.95 41.83 26.78 -45848.04 37062.42 0.00 -12906.18
2.00 15.00 3.00 1.00 28.52 50.99 34.51 -50000.00 85544.05 0.00 -7370.62
2.00 16.00 3.00 1.00 27.54 65.09 48.31 -50000.00 158004.69 0.00 0.00
2.00 17.00 3.00 1.00 26.12 76.29 59.32 -50000.00 211447.56 0.00 0.00
2.00 18.00 3.00 1.00 23.88 83.40 66.27 -50000.00 244578.95 241.39 0.00
2.00 19.00 3.00 1.00 21.42 106.91 102.08 0.00 237092.99 0.00 0.00
2.00 20.00 3.00 1.00 19.07 95.66 92.73 0.00 178700.48 0.00 0.00
2.00 21.00 3.00 1.00 17.62 45.95 43.55 0.00 0.00 0.00 -0.00
2.00 22.00 3.00 1.00 16.44 37.88 35.79 0.00 0.00 0.00 -0.00
2.00 23.00 3.00 1.00 15.38 33.87 32.04 0.00 0.00 0.00 0.00
2.00 24.00 3.00 1.00 15.11 31.16 29.55 0.00 0.00 0.00 0.00
2.00 1.00 4.00 1.00 15.15 29.03 27.62 0.00 0.00 0.00 0.00
2.00 2.00 4.00 1.00 15.18 27.22 25.97 0.00 0.00 0.00 0.00
2.00 3.00 4.00 1.00 15.45 25.78 24.68 0.00 0.00 0.00 0.00
2.00 4.00 4.00 1.00 15.36 24.37 23.40 0.00 0.00 0.00 0.00
2.00 5.00 4.00 1.00 15.41 23.20 22.34 0.00 0.00 0.00 0.00
2.00 6.00 4.00 1.00 15.09 21.98 21.22 0.00 0.00 0.00 -0.00
2.00 7.00 4.00 1.00 15.03 21.03 20.36 0.00 74.06 0.00 -0.00
2.00 8.00 4.00 1.00 15.86 24.33 23.93 0.00 7604.90 0.00 0.00
2.00 9.00 4.00 1.00 18.13 27.88 26.78 -2623.86 18358.79 0.00 0.00
2.00 10.00 4.00 1.00 20.16 31.57 26.78 -15474.52 29358.87 0.00 -3716.98
2.00 11.00 4.00 1.00 22.77 35.40 26.78 -27782.10 37780.45 0.00 -11498.64
2.00 12.00 4.00 1.00 24.86 37.58 26.78 -33994.27 38328.45 0.00 -12043.34
2.00 13.00 4.00 1.00 26.35 39.53 26.78 -39689.72 40111.40 0.00 -11291.49
2.00 14.00 4.00 1.00 27.47 40.33 26.78 -41347.54 37062.42 0.00 -9064.17
2.00 15.00 4.00 1.00 27.80 50.02 33.77 -50000.00 85544.05 0.00 -6030.64
2.00 16.00 4.00 1.00 27.53 64.67 48.02 -50000.00 158004.69 0.00 0.00
2.00 17.00 4.00 1.00 26.73 76.37 59.51 -50000.00 211447.56 114.56 0.00
2.00 18.00 4.00 1.00 25.34 84.16 67.12 -50000.00 244578.95 7668.89 0.00
2.00 19.00 4.00 1.00 23.55 107.91 103.20 0.00 237092.99 0.00 0.00
2.00 20.00 4.00 1.00 21.19 96.79 93.97 0.00 178700.48 0.00 0.00
2.00 21.00 4.00 1.00 19.19 46.91 44.61 0.00 0.00 0.00 -0.00
2.00 22.00 4.00 1.00 18.11 38.96 36.96 0.00 0.00 0.00 -0.00
2.00 23.00 4.00 1.00 17.48 35.26 33.50 0.00 0.00 0.00 0.00
2.00 24.00 4.00 1.00 16.98 32.52 30.98 0.00 0.00 0.00 0.00
2.00 1.00 5.00 1.00 16.47 30.16 28.80 0.00 0.00 0.00 0.00
2.00 2.00 5.00 1.00 16.16 28.16 26.96 0.00 0.00 0.00 0.00
2.00 3.00 5.00 1.00 16.15 26.55 25.50 0.00 0.00 0.00 0.00
2.00 4.00 5.00 1.00 15.83 25.00 24.07 0.00 0.00 0.00 0.00
2.00 5.00 5.00 1.00 15.64 23.66 22.84 0.00 0.00 0.00 -0.00
2.00 6.00 5.00 1.00 15.15 22.31 21.59 0.00 0.00 0.00 -0.00
2.00 7.00 5.00 1.00 14.77 21.15 20.50 0.00 74.06 0.00 -0.00
2.00 8.00 5.00 1.00 15.47 24.21 23.82 0.00 7604.90 0.00 0.00
2.00 9.00 5.00 1.00 17.35 27.43 26.78 -1109.13 18358.79 0.00 0.00
2.00 10.00 5.00 1.00 19.29 31.00 26.78 -13666.79 29358.87 0.00 -3848.87
2.00 11.00 5.00 1.00 21.78 34.70 26.78 -25586.30 37780.45 0.00 -11147.17
2.00 12.00 5.00 1.00 23.94 36.89 26.78 -31878.55 38328.45 0.00 -11017.64
2.00 13.00 5.00 1.00 25.73 39.01 26.78 -38219.45 40111.40 0.00 -10673.27
2.00 14.00 5.00 1.00 27.03 39.93 26.78 -40261.02 37062.42 0.00 -7857.45
2.00 15.00 5.00 1.00 27.58 49.77 33.61 -50000.00 85544.05 0.00 -5670.12
2.00 16.00 5.00 1.00 27.56 64.60 48.01 -50000.00 158004.69 0.00 0.00
2.00 17.00 5.00 1.00 26.91 76.44 59.62 -50000.00 211447.56 0.00 0.00
2.00 18.00 5.00 1.00 25.40 84.16 67.16 -50000.00 244578.95 8518.74 0.00
2.00 19.00 5.00 1.00 23.47 107.82 103.16 0.00 237092.99 0.00 0.00
2.00 20.00 5.00 1.00 21.12 96.70 93.92 0.00 178700.48 0.00 0.00
2.00 21.00 5.00 1.00 19.13 46.82 44.56 0.00 0.00 0.00 -0.00
2.00 22.00 5.00 1.00 18.09 38.90 36.93 0.00 0.00 0.00 -0.00
2.00 23.00 5.00 1.00 17.54 35.25 33.53 0.00 0.00 0.00 0.00
2.00 24.00 5.00 1.00 16.89 32.44 30.93 0.00 0.00 0.00 0.00
2.00 1.00 6.00 1.00 16.49 30.13 28.80 0.00 0.00 0.00 0.00
2.00 2.00 6.00 1.00 16.41 28.27 27.09 0.00 0.00 0.00 0.00
2.00 3.00 6.00 1.00 16.46 26.73 25.69 0.00 0.00 0.00 0.00
2.00 4.00 6.00 1.00 16.42 25.34 24.43 0.00 0.00 0.00 -0.00
2.00 5.00 6.00 1.00 16.01 23.93 23.12 0.00 0.00 0.00 -0.00
2.00 6.00 6.00 1.00 15.29 22.46 21.74 0.00 0.00 0.00 -0.00
2.00 7.00 6.00 1.00 15.02 21.34 20.71 0.00 74.06 0.00 -0.00
2.00 8.00 6.00 1.00 15.30 29.12 28.56 0.00 7604.90 0.00 0.00
2.00 9.00 6.00 1.00 16.53 33.48 32.99 0.00 18358.79 0.00 0.00
2.00 10.00 6.00 1.00 19.26 38.65 38.21 0.00 29358.87 0.00 0.00
2.00 11.00 6.00 1.00 21.82 43.41 43.02 0.00 37780.45 0.00 0.00
2.00 12.00 6.00 1.00 24.13 46.06 45.71 0.00 38328.45 0.00 0.00
2.00 13.00 6.00 1.00 26.06 48.68 48.38 0.00 40111.40 0.00 0.00
2.00 14.00 6.00 1.00 26.92 49.41 49.14 0.00 37062.42 0.00 0.00
2.00 15.00 6.00 1.00 27.12 63.67 63.44 0.00 85544.05 0.00 0.00
2.00 16.00 6.00 1.00 27.01 86.57 86.36 0.00 158004.69 0.00 0.00
2.00 17.00 6.00 1.00 26.65 106.25 106.06 0.00 211447.56 0.00 -0.00
2.00 18.00 6.00 1.00 25.43 120.31 120.15 0.00 244578.95 0.00 -0.00
2.00 19.00 6.00 1.00 23.77 116.17 116.02 0.00 237092.99 0.00 -0.00
2.00 20.00 6.00 1.00 21.03 100.85 100.72 0.00 178700.48 0.00 0.00
2.00 21.00 6.00 1.00 19.06 50.05 49.94 0.00 0.00 0.00 -0.00
2.00 22.00 6.00 1.00 18.04 41.68 41.58 0.00 0.00 0.00 -0.00
2.00 23.00 6.00 1.00 17.36 37.61 37.52 0.00 0.00 0.00 0.00
2.00 24.00 6.00 1.00 16.95 34.62 34.54 0.00 0.00 0.00 0.00
2.00 1.00 7.00 1.00 16.73 32.16 32.09 0.00 0.00 0.00 0.00
2.00 2.00 7.00 1.00 16.47 29.99 29.93 0.00 0.00 0.00 0.00
2.00 3.00 7.00 1.00 16.15 28.04 27.99 0.00 0.00 0.00 0.00
2.00 4.00 7.00 1.00 15.74 26.25 26.20 0.00 0.00 0.00 0.00
2.00 5.00 7.00 1.00 15.47 24.71 24.67 0.00 0.00 0.00 0.00
2.00 6.00 7.00 1.00 15.18 23.32 23.28 0.00 0.00 0.00 -0.00
2.00 7.00 7.00 1.00 15.05 22.18 22.14 0.00 74.06 0.00 -0.00
2.00 8.00 7.00 1.00 16.29 30.40 30.36 0.00 7604.90 0.00 0.00
2.00 9.00 7.00 1.00 18.30 35.19 35.16 0.00 18358.79 0.00 0.00
2.00 10.00 7.00 1.00 20.29 40.00 39.97 0.00 29358.87 0.00 0.00
2.00 11.00 7.00 1.00 22.81 44.68 44.66 0.00 37780.45 0.00 0.00
2.00 12.00 7.00 1.00 25.09 47.28 47.26 0.00 38328.45 0.00 0.00
2.00 13.00 7.00 1.00 26.78 49.75 49.73 0.00 40111.40 0.00 0.00
2.00 14.00 7.00 1.00 27.47 50.34 50.32 0.00 37062.42 0.00 0.00
2.00 15.00 7.00 1.00 27.62 64.52 64.51 0.00 85544.05 0.00 0.00
2.00 16.00 7.00 1.00 27.48 87.36 87.35 0.00 158004.69 0.00 0.00
2.00 17.00 7.00 1.00 27.18 107.03 107.02 0.00 211447.56 0.00 -0.00
2.00 18.00 7.00 1.00 26.26 121.23 121.22 0.00 244578.95 0.00 -0.00
2.00 19.00 7.00 1.00 24.63 117.10 117.09 0.00 237092.99 0.00 -0.00
2.00 20.00 7.00 1.00 22.30 102.01 102.00 0.00 178700.48 0.00 0.00
2.00 21.00 7.00 1.00 20.05 51.09 51.08 0.00 0.00 0.00 -0.00
2.00 22.00 7.00 1.00 18.77 42.56 42.56 0.00 0.00 0.00 -0.00
2.00 23.00 7.00 1.00 17.87 38.34 38.34 0.00 0.00 0.00 0.00
2.00 24.00 7.00 1.00 17.06 35.10 35.09 0.00 0.00 0.00 0.00
2.00 1.00 1.00 2.00 16.54 32.42 32.41 0.00 0.00 0.00 0.00
2.00 2.00 1.00 2.00 16.18 30.13 30.12 0.00 0.00 0.00 0.00
2.00 3.00 1.00 2.00 15.99 28.19 28.19 0.00 0.00 0.00 0.00
2.00 4.00 1.00 2.00 15.82 26.50 26.49 0.00 0.00 0.00 0.00
2.00 5.00 1.00 2.00 15.56 24.95 24.94 0.00 0.00 0.00 0.00
2.00 6.00 1.00 2.00 15.19 23.50 23.50 0.00 0.00 0.00 0.00
2.00 7.00 1.00 2.00 15.21 22.40 22.40 0.00 0.00 0.00 -0.00
2.00 8.00 1.00 2.00 15.98 24.22 24.22 0.00 2268.49 0.00 0.00
2.00 9.00 1.00 2.00 17.83 27.69 26.91 -2737.89 15519.18 0.00 0.00
2.00 10.00 1.00 2.00 19.89 30.92 26.91 -13788.41 24594.68 0.00 -2575.07
2.00 11.00 1.00 2.00 22.50 34.37 26.91 -24785.35 31706.97 0.00 -10501.70
2.00 12.00 1.00 2.00 24.81 37.08 26.91 -32894.93 34922.85 0.00 -14363.60
2.00 13.00 1.00 2.00 26.74 39.13 26.91 -38744.71 35707.77 0.00 -13388.02
2.00 14.00 1.00 2.00 28.13 40.84 26.91 -43505.87 36703.92 0.00 -11850.04
2.00 15.00 1.00 2.00 28.62 50.29 34.17 -50000.00 82871.47 0.00 -6490.27
2.00 16.00 1.00 2.00 28.32 65.18 48.68 -50000.00 156773.56 0.00 0.00
2.00 17.00 1.00 2.00 27.45 77.85 61.12 -50000.00 215509.49 318.60 0.00
2.00 18.00 1.00 2.00 26.15 86.08 69.16 -50000.00 250101.22 9282.14 0.00
2.00 19.00 1.00 2.00 24.41 111.34 106.77 0.00 245561.53 0.00 0.00
2.00 20.00 1.00 2.00 21.82 71.42 68.73 0.00 82020.24 0.00 -0.00
2.00 21.00 1.00 2.00 19.59 43.29 41.10 0.00 0.00 0.00 -0.00
2.00 22.00 1.00 2.00 18.64 37.51 35.61 0.00 0.00 0.00 -0.00
2.00 23.00 1.00 2.00 17.88 34.23 32.57 0.00 0.00 0.00 0.00
2.00 24.00 1.00 2.00 17.01 31.51 30.04 0.00 0.00 0.00 0.00
