ID_Recinto,Hora,Dia,Mes,Temperatura_exterior,Temperatura_operativa_free_float,Temperatura_operativa_con_clima,Demanda,Sol,G_HU,G_DHU,x_int_aire,demanda_total
175,1,1.00,1,18.97,28.14,24.43,0.0,0.00,0.0,-0.0,,0.0
175,2,1.00,1,18.43,27.14,23.78,0.0,0.00,0.0,-0.0,,0.0
175,3,1.00,1,17.89,26.19,23.14,0.0,0.00,0.0,-0.0,,0.0
175,4,1.00,1,18.44,25.41,22.64,0.0,0.00,0.0,-0.0,,0.0
175,5,1.00,1,18.59,24.72,22.21,0.0,0.00,0.0,-0.0,,0.0
175,6,1.00,1,19.25,24.16,21.89,0.0,0.00,0.0,-0.0,,0.0
175,7,1.00,1,19.96,23.73,21.67,0.0,0.00,0.0,-0.0,,0.0
175,8,1.00,1,20.74,25.23,23.49,0.0,320.54,0.0,-197.29,,-197.29
175,9,1.00,1,22.89,26.94,25.45,0.0,535.13,0.0,0.0,,0.0
175,10,1.00,1,24.44,28.66,27.37,0.0,523.84,0.0,0.0,,0.0
175,11,1.00,1,25.80,30.37,27.41,-2594.58,475.40,0.0,-185.25,,-2779.83
175,12,1.00,1,27.16,32.06,27.41,-3581.02,411.04,0.0,-759.42,,-4340.44
175,13,1.00,1,26.70,33.38,27.41,-3802.9,355.00,0.0,-1199.24,,-5002.14
175,14,1.00,1,25.91,34.37,27.41,-3742.06,316.31,0.0,-1043.94,,-4786.0
175,15,1.00,1,25.56,35.22,27.41,-3761.91,322.59,0.0,-353.34,,-4115.25
175,16,1.00,1,25.00,35.90,27.41,-3702.66,365.70,0.0,-413.71,,-4116.37
175,17,1.00,1,24.59,36.39,27.41,-3570.23,403.74,0.0,0.0,,-3570.23
175,18,1.00,1,24.07,36.66,27.41,-3302.84,417.10,0.0,0.0,,-3302.84
175,19,1.00,1,23.35,35.88,28.11,0.0,460.14,0.0,0.0,,0.0
175,20,1.00,1,22.69,34.82,27.94,0.0,278.25,0.0,0.0,,0.0
175,21,1.00,1,22.27,33.51,27.33,0.0,0.00,0.0,0.0,,0.0
175,22,1.00,1,21.70,32.28,26.70,0.0,0.00,0.0,0.0,,0.0
175,23,1.00,1,21.51,31.17,26.12,0.0,0.00,0.0,0.0,,0.0
175,24,1.00,1,20.74,30.10,25.52,0.0,0.00,0.0,0.0,,0.0
175,1,2.00,1,20.37,29.10,24.95,0.0,0.00,0.0,-0.0,,0.0
175,2,2.00,1,19.85,28.16,24.39,0.0,0.00,0.0,-0.0,,0.0
175,3,2.00,1,19.16,27.23,23.82,0.0,0.00,0.0,-0.0,,0.0
175,4,2.00,1,18.59,26.34,23.25,0.0,0.00,0.0,-0.0,,0.0
175,5,2.00,1,18.36,25.53,22.72,0.0,0.00,0.0,-0.0,,0.0
175,6,2.00,1,18.16,24.77,22.22,0.0,0.00,0.0,-0.0,,0.0
175,7,2.00,1,17.94,24.07,21.75,0.0,0.00,0.0,-0.0,,0.0
175,8,2.00,1,18.89,25.20,23.26,0.0,320.54,0.0,0.0,,0.0
175,9,2.00,1,21.01,26.65,24.98,0.0,535.13,0.0,0.0,,0.0
175,10,2.00,1,22.59,28.16,26.72,0.0,523.84,0.0,0.0,,0.0
175,11,2.00,1,23.70,29.64,27.41,-1387.12,475.40,0.0,0.0,,-1387.12
175,12,2.00,1,24.29,31.01,27.41,-2687.04,411.04,0.0,0.0,,-2687.04
175,13,2.00,1,25.31,32.35,27.41,-3330.17,355.00,0.0,-714.83,,-4045.0
175,14,2.00,1,26.02,33.59,27.41,-3693.78,316.31,0.0,-887.78,,-4581.56
175,15,2.00,1,26.67,34.77,27.41,-4013.74,322.59,0.0,-604.14,,-4617.88
175,16,2.00,1,27.40,35.91,27.41,-4320.82,365.70,0.0,-800.88,,-5121.7
175,17,2.00,1,26.97,36.75,27.41,-4217.87,403.74,0.0,-782.37,,-5000.24
175,18,2.00,1,25.92,37.20,27.41,-3829.33,417.10,0.0,-335.99,,-4165.32
175,19,2.00,1,25.63,36.55,28.41,0.0,460.14,0.0,0.0,,0.0
175,20,2.00,1,24.53,35.57,28.39,0.0,278.25,0.0,0.0,,0.0
175,21,2.00,1,23.72,34.31,27.87,0.0,0.00,0.0,0.0,,0.0
175,22,2.00,1,22.87,33.10,27.29,0.0,0.00,0.0,0.0,,0.0
175,23,2.00,1,22.36,31.98,26.72,0.0,0.00,0.0,0.0,,0.0
175,24,2.00,1,21.21,30.86,26.09,0.0,0.00,0.0,0.0,,0.0
175,1,3.00,1,20.48,29.79,25.47,0.0,0.00,0.0,-0.0,,0.0
175,2,3.00,1,19.93,28.78,24.86,0.0,0.00,0.0,-0.0,,0.0
175,3,3.00,1,19.74,27.86,24.30,0.0,0.00,0.0,-0.0,,0.0
175,4,3.00,1,19.00,26.95,23.72,0.0,0.00,0.0,-0.0,,0.0
175,5,3.00,1,18.30,26.06,23.13,0.0,0.00,0.0,-0.0,,0.0
175,6,3.00,1,17.77,25.21,22.55,0.0,0.00,0.0,-0.0,,0.0
175,7,3.00,1,17.39,24.40,21.99,0.0,0.00,0.0,-0.0,,0.0
175,8,3.00,1,18.49,26.00,23.82,0.0,320.54,0.0,0.0,,0.0
175,9,3.00,1,20.42,27.67,25.69,0.0,535.13,0.0,0.0,,0.0
175,10,3.00,1,22.69,29.44,27.64,0.0,523.84,0.0,0.0,,0.0
175,11,3.00,1,23.77,31.17,29.54,0.0,475.40,0.0,0.0,,0.0
175,12,3.00,1,24.96,32.88,31.39,0.0,411.04,0.0,0.0,,0.0
175,13,3.00,1,25.82,34.51,33.17,0.0,355.00,0.0,0.0,,0.0
175,14,3.00,1,26.46,36.03,34.81,0.0,316.31,0.0,0.0,,0.0
175,15,3.00,1,26.98,37.48,36.38,0.0,322.59,0.0,0.0,,0.0
175,16,3.00,1,27.47,38.87,37.87,0.0,365.70,0.0,0.0,,0.0
175,17,3.00,1,26.86,40.01,39.09,0.0,403.74,0.0,0.0,,0.0
175,18,3.00,1,25.87,40.82,39.99,0.0,417.10,0.0,0.0,,0.0
175,19,3.00,1,25.08,39.49,38.73,0.0,460.14,0.0,0.0,,0.0
175,20,3.00,1,24.16,38.12,37.43,0.0,278.25,0.0,0.0,,0.0
175,21,3.00,1,23.24,36.54,35.92,0.0,0.00,0.0,0.0,,0.0
175,22,3.00,1,22.35,35.06,34.50,0.0,0.00,0.0,0.0,,0.0
175,23,3.00,1,21.36,33.65,33.14,0.0,0.00,0.0,0.0,,0.0
175,24,3.00,1,21.01,32.37,31.91,0.0,0.00,0.0,0.0,,0.0
175,1,4.00,1,20.07,31.12,30.70,0.0,0.00,0.0,0.0,,0.0
175,2,4.00,1,19.51,29.95,29.57,0.0,0.00,0.0,0.0,,0.0
175,3,4.00,1,19.02,28.85,28.50,0.0,0.00,0.0,0.0,,0.0
175,4,4.00,1,17.55,27.70,27.38,0.0,0.00,0.0,0.0,,0.0
175,5,4.00,1,17.86,26.71,26.43,0.0,0.00,0.0,0.0,,0.0
175,6,4.00,1,19.61,26.03,25.77,0.0,0.00,0.0,0.0,,0.0
175,7,4.00,1,20.41,25.48,25.24,0.0,0.00,0.0,0.0,,0.0
175,8,4.00,1,20.77,27.19,26.98,0.0,320.54,0.0,0.0,,0.0
175,9,4.00,1,22.25,28.91,28.71,0.0,535.13,0.0,0.0,,0.0
175,10,4.00,1,24.22,30.69,30.51,0.0,523.84,0.0,0.0,,0.0
175,11,4.00,1,26.09,32.53,32.37,0.0,475.40,0.0,0.0,,0.0
175,12,4.00,1,27.11,34.31,34.16,0.0,411.04,0.0,0.0,,0.0
175,13,4.00,1,25.97,35.78,35.65,0.0,355.00,0.0,0.0,,0.0
175,14,4.00,1,26.04,37.11,36.99,0.0,316.31,0.0,0.0,,0.0
175,15,4.00,1,25.82,38.33,38.22,0.0,322.59,0.0,0.0,,0.0
175,16,4.00,1,24.64,39.33,39.23,0.0,365.70,0.0,0.0,,0.0
175,17,4.00,1,24.20,40.16,40.07,0.0,403.74,0.0,0.0,,0.0
175,18,4.00,1,24.00,40.80,40.72,0.0,417.10,0.0,0.0,,0.0
175,19,4.00,1,22.85,39.26,39.19,0.0,460.14,0.0,0.0,,0.0
175,20,4.00,1,22.21,37.74,37.67,0.0,278.25,0.0,0.0,,0.0
175,21,4.00,1,21.60,36.06,36.00,0.0,0.00,0.0,0.0,,0.0
175,22,4.00,1,20.90,34.50,34.45,0.0,0.00,0.0,0.0,,0.0
175,23,4.00,1,20.63,33.10,33.05,0.0,0.00,0.0,0.0,,0.0
175,24,4.00,1,20.44,31.83,31.78,0.0,0.00,0.0,0.0,,0.0
175,1,5.00,1,20.28,30.68,30.63,0.0,0.00,0.0,0.0,,0.0
175,2,5.00,1,20.08,29.62,29.58,0.0,0.00,0.0,0.0,,0.0
175,3,5.00,1,20.00,28.65,28.62,0.0,0.00,0.0,0.0,,0.0
175,4,5.00,1,19.94,27.78,27.75,0.0,0.00,0.0,0.0,,0.0
175,5,5.00,1,19.91,26.98,26.95,0.0,0.00,0.0,0.0,,0.0
175,6,5.00,1,19.59,26.23,26.20,0.0,0.00,0.0,0.0,,0.0
175,7,5.00,1,19.10,25.49,25.47,0.0,0.00,0.0,0.0,,0.0
175,8,5.00,1,19.85,26.54,26.52,0.0,320.54,0.0,0.0,,0.0
175,9,5.00,1,21.53,27.85,27.41,-594.63,535.13,0.0,0.0,,-594.63
175,10,5.00,1,23.47,29.33,27.41,-2307.59,523.84,0.0,-234.98,,-2542.57
175,11,5.00,1,24.36,30.74,27.41,-2958.01,475.40,0.0,-271.8,,-3229.8100000000004
175,12,5.00,1,25.29,32.10,27.41,-3442.12,411.04,0.0,-377.28,,-3819.3999999999996
175,13,5.00,1,26.04,33.39,27.41,-3790.64,355.00,0.0,-1200.4,,-4991.04
175,14,5.00,1,26.69,34.57,27.41,-4022.08,316.31,0.0,-574.92,,-4597.0
175,15,5.00,1,27.34,35.70,27.41,-4280.88,322.59,0.0,-487.32,,-4768.2
175,16,5.00,1,28.02,36.80,27.41,-4543.06,365.70,0.0,-60.21,,-4603.27
175,17,5.00,1,27.53,37.60,27.41,-4406.9,403.74,0.0,-796.73,,-5203.629999999999
175,18,5.00,1,26.97,38.09,27.41,-4132.26,417.10,0.0,-150.08,,-4282.34
175,19,5.00,1,26.12,37.40,28.49,0.0,460.14,0.0,0.0,,0.0
175,20,5.00,1,24.81,36.36,28.50,0.0,278.25,0.0,0.0,,0.0
175,21,5.00,1,23.91,35.04,27.99,0.0,0.00,0.0,0.0,,0.0
175,22,5.00,1,23.11,33.77,27.41,0.0,0.00,0.0,0.0,,0.0
175,23,5.00,1,23.40,32.71,26.95,0.0,0.00,0.0,0.0,,0.0
175,24,5.00,1,22.64,31.67,26.45,0.0,0.00,0.0,0.0,,0.0
175,1,6.00,1,21.92,30.66,25.93,0.0,0.00,0.0,-0.0,,0.0
175,2,6.00,1,21.01,29.66,25.38,0.0,0.00,0.0,-0.0,,0.0
175,3,6.00,1,20.24,28.69,24.80,0.0,0.00,0.0,-0.0,,0.0
175,4,6.00,1,19.60,27.76,24.23,0.0,0.00,0.0,-0.0,,0.0
175,5,6.00,1,20.15,26.99,23.79,0.0,0.00,0.0,-0.0,,0.0
175,6,6.00,1,20.69,26.35,23.45,0.0,0.00,0.0,-0.0,,0.0
175,7,6.00,1,20.95,25.80,23.16,0.0,0.00,0.0,-0.0,,0.0
175,8,6.00,1,21.71,27.11,24.89,0.0,320.54,0.0,-554.34,,-554.34
175,9,6.00,1,23.26,28.58,26.68,0.0,535.13,0.0,0.0,,0.0
175,10,6.00,1,24.66,30.09,27.41,-1459.94,523.84,0.0,-187.83,,-1647.77
175,11,6.00,1,25.48,31.54,27.41,-2905.63,475.40,0.0,-204.42,,-3110.05
175,12,6.00,1,25.78,32.82,27.41,-3406.69,411.04,0.0,-8.09,,-3414.78
175,13,6.00,1,26.39,34.04,27.41,-3794.77,355.00,0.0,-857.48,,-4652.25
175,14,6.00,1,26.73,35.12,27.41,-3989.67,316.31,0.0,-240.39,,-4230.06
175,15,6.00,1,27.21,36.14,27.41,-4222.45,322.59,0.0,-263.76,,-4486.21
175,16,6.00,1,26.84,36.97,27.41,-4223.8,365.70,0.0,0.0,,-4223.8
175,17,6.00,1,26.31,37.56,27.41,-4065.47,403.74,0.0,0.0,,-4065.47
175,18,6.00,1,25.54,37.86,27.41,-3732.86,417.10,0.0,0.0,,-3732.86
175,19,6.00,1,25.21,37.14,28.36,0.0,460.14,0.0,0.0,,0.0
175,20,6.00,1,24.45,36.12,28.35,0.0,278.25,0.0,0.0,,0.0
175,21,6.00,1,23.80,34.82,27.85,0.0,0.00,0.0,0.0,,0.0
175,22,6.00,1,23.43,33.63,27.33,0.0,0.00,0.0,0.0,,0.0
175,23,6.00,1,23.29,32.56,26.86,0.0,0.00,0.0,0.0,,0.0
175,24,6.00,1,22.74,31.55,26.38,0.0,0.00,0.0,0.0,,0.0
175,1,7.00,1,22.11,30.58,25.89,0.0,0.00,0.0,-0.0,,0.0
175,2,7.00,1,21.56,29.65,25.40,0.0,0.00,0.0,-0.0,,0.0
175,3,7.00,1,21.09,28.76,24.91,0.0,0.00,0.0,-0.0,,0.0
175,4,7.00,1,20.52,27.91,24.41,0.0,0.00,0.0,-0.0,,0.0
175,5,7.00,1,19.87,27.08,23.91,0.0,0.00,0.0,-0.0,,0.0
175,6,7.00,1,19.44,26.29,23.41,0.0,0.00,0.0,-0.0,,0.0
175,7,7.00,1,19.04,25.54,22.92,0.0,0.00,0.0,-0.0,,0.0
175,8,7.00,1,20.12,26.63,24.44,0.0,320.54,0.0,0.0,,0.0
175,9,7.00,1,22.08,28.02,26.14,0.0,535.13,0.0,0.0,,0.0
175,10,7.00,1,23.38,29.44,27.41,-559.53,523.84,0.0,0.0,,-559.53
175,11,7.00,1,24.49,30.85,27.41,-2513.96,475.40,0.0,0.0,,-2513.96
175,12,7.00,1,25.35,32.21,27.41,-3217.78,411.04,0.0,-36.28,,-3254.0600000000004
175,13,7.00,1,26.00,33.47,27.41,-3652.91,355.00,0.0,-639.7,,-4292.61
175,14,7.00,1,26.56,34.61,27.41,-3920.36,316.31,0.0,-368.38,,-4288.74
175,15,7.00,1,27.15,35.71,27.41,-4192.75,322.59,0.0,-120.21,,-4312.96
175,16,7.00,1,27.72,36.77,27.41,-4438.2,365.70,0.0,-67.58,,-4505.78
175,17,7.00,1,27.28,37.53,27.41,-4324.62,403.74,0.0,-258.03,,-4582.65
175,18,7.00,1,26.68,38.00,27.41,-4043.47,417.10,0.0,0.0,,-4043.47
175,19,7.00,1,26.13,37.33,28.48,0.0,460.14,0.0,0.0,,0.0
175,20,7.00,1,25.24,36.34,28.54,0.0,278.25,0.0,0.0,,0.0
175,21,7.00,1,24.58,35.10,28.10,0.0,0.00,0.0,0.0,,0.0
175,22,7.00,1,23.95,33.92,27.60,0.0,0.00,0.0,0.0,,0.0
175,23,7.00,1,24.06,32.89,27.17,0.0,0.00,0.0,0.0,,0.0
175,24,7.00,1,23.72,31.95,26.76,0.0,0.00,0.0,-0.0,,0.0
175,1,1.00,1,23.51,31.08,26.38,0.0,0.00,0.0,-0.0,,0.0
175,2,1.00,1,23.08,30.25,25.98,0.0,0.00,0.0,-0.0,,0.0
175,3,1.00,1,22.62,29.45,25.59,0.0,0.00,0.0,-0.0,,0.0
175,4,1.00,1,22.23,28.70,25.19,0.0,0.00,0.0,-0.0,,0.0
175,5,1.00,1,21.66,27.96,24.78,0.0,0.00,0.0,-0.0,,0.0
175,6,1.00,1,21.38,27.27,24.38,0.0,0.00,0.0,-0.0,,0.0
175,7,1.00,1,20.90,26.60,23.97,0.0,0.00,0.0,-0.0,,0.0
175,8,1.00,1,21.88,27.80,25.60,0.0,320.54,0.0,-212.5,,-212.5
175,9,1.00,1,24.02,29.30,27.41,0.0,535.13,0.0,-47.41,,-47.41
175,10,1.00,1,24.96,30.74,27.41,-2384.16,523.84,0.0,-645.14,,-3029.2999999999997
175,11,1.00,1,26.22,32.21,27.41,-3296.18,475.40,0.0,-765.54,,-4061.72
175,12,1.00,1,27.21,33.63,27.41,-3884.47,411.04,0.0,-944.45,,-4828.92
175,13,1.00,1,27.85,34.95,27.41,-4249.65,355.00,0.0,-1232.63,,-5482.28
175,14,1.00,1,28.45,36.15,27.41,-4491.8,316.31,0.0,-1122.43,,-5614.2300000000005
175,15,1.00,1,29.17,37.32,27.41,-4780.3,322.59,0.0,-989.69,,-5769.99
175,16,1.00,1,28.59,38.22,27.41,-4728.03,365.70,0.0,-1114.04,,-5842.07
175,17,1.00,1,28.15,38.89,27.41,-4589.18,403.74,0.0,-803.05,,-5392.2300000000005
175,18,1.00,1,27.32,39.24,27.41,-4241.06,417.10,0.0,-456.11,,-4697.17
175,19,1.00,1,26.10,38.44,28.50,0.0,460.14,0.0,0.0,,0.0
175,20,1.00,1,25.20,37.35,28.55,0.0,278.25,0.0,0.0,,0.0
175,21,1.00,1,24.85,36.04,28.14,0.0,0.00,0.0,0.0,,0.0
175,22,1.00,1,24.19,34.79,27.66,0.0,0.00,0.0,0.0,,0.0
175,23,1.00,1,24.19,33.70,27.24,0.0,0.00,0.0,0.0,,0.0
175,24,1.00,1,23.56,32.65,26.80,0.0,0.00,0.0,-0.0,,0.0
175,1,2.00,1,23.17,31.68,26.38,0.0,0.00,0.0,-0.0,,0.0
175,2,2.00,1,22.80,30.77,25.96,0.0,0.00,0.0,-0.0,,0.0
175,3,2.00,1,22.46,29.91,25.55,0.0,0.00,0.0,-0.0,,0.0
175,4,2.00,1,22.30,29.13,25.17,0.0,0.00,0.0,-0.0,,0.0
175,5,2.00,1,22.11,28.40,24.81,0.0,0.00,0.0,-0.0,,0.0
175,6,2.00,1,21.12,27.63,24.37,0.0,0.00,0.0,-0.0,,0.0
175,7,2.00,1,20.23,26.85,23.89,0.0,0.00,0.0,-0.0,,0.0
175,8,2.00,1,21.43,27.94,25.46,0.0,320.54,0.0,0.0,,0.0
175,9,2.00,1,24.02,29.44,27.31,0.0,535.13,0.0,0.0,,0.0
175,10,2.00,1,25.31,30.93,27.41,-2360.77,523.84,0.0,-225.78,,-2586.55
175,11,2.00,1,26.60,32.44,27.41,-3375.05,475.40,0.0,-920.11,,-4295.16
175,12,2.00,1,27.48,33.87,27.41,-3949.27,411.04,0.0,-869.25,,-4818.52
175,13,2.00,1,28.19,35.20,27.41,-4337.54,355.00,0.0,-1346.2,,-5683.74
175,14,2.00,1,27.47,36.17,27.41,-4250.0,316.31,0.0,-822.74,,-5072.74
175,15,2.00,1,26.89,36.95,27.41,-4187.06,322.59,0.0,-84.84,,-4271.900000000001
175,16,2.00,1,26.36,37.58,27.41,-4116.92,365.70,0.0,-40.15,,-4157.07
175,17,2.00,1,25.96,38.04,27.41,-3976.76,403.74,0.0,0.0,,-3976.76
175,18,2.00,1,25.38,38.26,27.41,-3687.15,417.10,0.0,0.0,,-3687.15
175,19,2.00,1,24.31,37.42,28.25,0.0,460.14,0.0,0.0,,0.0
175,20,2.00,1,23.22,36.25,28.12,0.0,278.25,0.0,0.0,,0.0
175,21,2.00,1,22.34,34.80,27.50,0.0,0.00,0.0,0.0,,0.0
175,22,2.00,1,21.35,33.40,26.81,0.0,0.00,0.0,0.0,,0.0
175,23,2.00,1,20.74,32.11,26.13,0.0,0.00,0.0,0.0,,0.0
175,24,2.00,1,19.86,30.86,25.45,0.0,0.00,0.0,0.0,,0.0
175,1,3.00,1,19.20,29.68,24.77,0.0,0.00,0.0,0.0,,0.0
175,2,3.00,1,18.52,28.55,24.10,0.0,0.00,0.0,0.0,,0.0
175,3,3.00,1,19.37,27.65,23.61,0.0,0.00,0.0,0.0,,0.0
175,4,3.00,1,19.54,26.84,23.18,0.0,0.00,0.0,0.0,,0.0
175,5,3.00,1,20.07,26.17,22.84,0.0,0.00,0.0,-0.0,,0.0
175,6,3.00,1,20.46,25.59,22.57,0.0,0.00,0.0,-0.0,,0.0
175,7,3.00,1,20.97,25.12,22.38,0.0,0.00,0.0,-0.0,,0.0
175,8,3.00,1,21.50,26.93,24.44,0.0,320.54,0.0,0.0,,0.0
175,9,3.00,1,23.46,28.79,26.54,0.0,535.13,0.0,0.0,,0.0
175,10,3.00,1,24.75,30.62,28.58,0.0,523.84,0.0,0.0,,0.0
175,11,3.00,1,25.77,32.42,30.56,0.0,475.40,0.0,0.0,,0.0
175,12,3.00,1,26.38,34.12,32.44,0.0,411.04,0.0,0.0,,0.0
175,13,3.00,1,27.04,35.74,34.21,0.0,355.00,0.0,0.0,,0.0
175,14,3.00,1,26.66,37.14,35.75,0.0,316.31,0.0,0.0,,0.0
175,15,3.00,1,26.31,38.40,37.14,0.0,322.59,0.0,0.0,,0.0
175,16,3.00,1,25.92,39.53,38.38,0.0,365.70,0.0,0.0,,0.0
175,17,3.00,1,25.70,40.49,39.45,0.0,403.74,0.0,0.0,,0.0
175,18,3.00,1,25.31,41.23,40.28,0.0,417.10,0.0,0.0,,0.0
175,19,3.00,1,24.65,39.82,38.97,0.0,460.14,0.0,0.0,,0.0
175,20,3.00,1,23.61,38.37,37.60,0.0,278.25,0.0,0.0,,0.0
175,21,3.00,1,23.04,36.77,36.07,0.0,0.00,0.0,0.0,,0.0
175,22,3.00,1,22.04,35.24,34.60,0.0,0.00,0.0,0.0,,0.0
175,23,3.00,1,21.91,33.89,33.31,0.0,0.00,0.0,0.0,,0.0
175,24,3.00,1,21.55,32.64,32.12,0.0,0.00,0.0,0.0,,0.0
175,1,4.00,1,21.14,31.49,31.01,0.0,0.00,0.0,0.0,,0.0
175,2,4.00,1,20.56,30.39,29.95,0.0,0.00,0.0,0.0,,0.0
175,3,4.00,1,20.12,29.35,28.96,0.0,0.00,0.0,0.0,,0.0
175,4,4.00,1,19.41,28.34,27.98,0.0,0.00,0.0,0.0,,0.0
175,5,4.00,1,19.18,27.42,27.09,0.0,0.00,0.0,0.0,,0.0
175,6,4.00,1,18.74,26.54,26.24,0.0,0.00,0.0,0.0,,0.0
175,7,4.00,1,19.48,25.83,25.56,0.0,0.00,0.0,0.0,,0.0
175,8,4.00,1,20.09,27.45,27.20,0.0,320.54,0.0,0.0,,0.0
175,9,4.00,1,22.45,29.18,28.96,0.0,535.13,0.0,0.0,,0.0
175,10,4.00,1,23.73,30.88,30.68,0.0,523.84,0.0,0.0,,0.0
175,11,4.00,1,24.68,32.56,32.37,0.0,475.40,0.0,0.0,,0.0
175,12,4.00,1,25.94,34.22,34.06,0.0,411.04,0.0,0.0,,0.0
175,13,4.00,1,26.36,35.77,35.62,0.0,355.00,0.0,0.0,,0.0
175,14,4.00,1,26.86,37.21,37.07,0.0,316.31,0.0,0.0,,0.0
175,15,4.00,1,27.42,38.59,38.47,0.0,322.59,0.0,0.0,,0.0
175,16,4.00,1,28.29,39.96,39.85,0.0,365.70,0.0,0.0,,0.0
175,17,4.00,1,27.64,41.07,40.97,0.0,403.74,0.0,0.0,,0.0
175,18,4.00,1,26.89,41.89,41.80,0.0,417.10,0.0,0.0,,0.0
175,19,4.00,1,25.86,40.52,40.44,0.0,460.14,0.0,0.0,,0.0
175,20,4.00,1,24.94,39.13,39.05,0.0,278.25,0.0,0.0,,0.0
175,21,4.00,1,24.43,37.58,37.51,0.0,0.00,0.0,0.0,,0.0
175,22,4.00,1,24.28,36.20,36.14,0.0,0.00,0.0,0.0,,0.0
175,23,4.00,1,24.34,34.99,34.93,0.0,0.00,0.0,0.0,,0.0
175,24,4.00,1,23.85,33.86,33.81,0.0,0.00,0.0,0.0,,0.0
175,1,5.00,1,23.06,32.76,32.71,0.0,0.00,0.0,0.0,,0.0
175,2,5.00,1,22.04,31.66,31.61,0.0,0.00,0.0,0.0,,0.0
175,3,5.00,1,21.19,30.59,30.55,0.0,0.00,0.0,0.0,,0.0
175,4,5.00,1,20.53,29.56,29.52,0.0,0.00,0.0,0.0,,0.0
175,5,5.00,1,20.21,28.61,28.58,0.0,0.00,0.0,0.0,,0.0
175,6,5.00,1,19.82,27.72,27.69,0.0,0.00,0.0,0.0,,0.0
175,7,5.00,1,19.23,26.85,26.82,0.0,0.00,0.0,0.0,,0.0
175,8,5.00,1,20.91,27.87,27.41,-616.32,320.54,0.0,0.0,,-616.32
175,9,5.00,1,23.08,29.24,27.41,-2164.67,535.13,0.0,0.0,,-2164.67
175,10,5.00,1,24.35,30.63,27.41,-2875.22,523.84,0.0,-789.23,,-3664.45
175,11,5.00,1,25.02,31.93,27.41,-3312.77,475.40,0.0,-418.46,,-3731.23
175,12,5.00,1,25.60,33.16,27.41,-3627.76,411.04,0.0,-391.19,,-4018.9500000000003
175,13,5.00,1,26.01,34.28,27.41,-3845.61,355.00,0.0,-370.15,,-4215.76
175,14,5.00,1,26.72,35.34,27.41,-4064.01,316.31,0.0,-361.73,,-4425.74
175,15,5.00,1,27.43,36.38,27.41,-4325.28,322.59,0.0,-482.98,,-4808.26
175,16,5.00,1,27.93,37.38,27.41,-4535.95,365.70,0.0,-441.67,,-4977.62
175,17,5.00,1,27.51,38.09,27.41,-4409.91,403.74,0.0,-787.6,,-5197.51
175,18,5.00,1,27.11,38.55,27.41,-4174.9,417.10,0.0,-512.03,,-4686.929999999999
175,19,5.00,1,26.63,37.88,28.55,0.0,460.14,0.0,0.0,,0.0
175,20,5.00,1,25.75,36.90,28.66,0.0,278.25,0.0,0.0,,0.0
175,21,5.00,1,25.20,35.66,28.27,0.0,0.00,0.0,0.0,,0.0
175,22,5.00,1,25.11,34.55,27.88,0.0,0.00,0.0,0.0,,0.0
175,23,5.00,1,25.23,33.58,27.54,0.0,0.00,0.0,0.0,,0.0
175,24,5.00,1,25.06,32.70,27.23,0.0,0.00,0.0,-0.0,,0.0
175,1,6.00,1,25.31,31.94,26.98,0.0,0.00,0.0,-0.0,,0.0
175,2,6.00,1,25.24,31.24,26.74,0.0,0.00,0.0,-0.0,,0.0
175,3,6.00,1,25.43,30.63,26.55,0.0,0.00,0.0,-0.0,,0.0
175,4,6.00,1,25.24,30.06,26.35,0.0,0.00,0.0,-0.0,,0.0
175,5,6.00,1,25.16,29.53,26.17,0.0,0.00,0.0,-0.0,,0.0
175,6,6.00,1,24.57,28.98,25.93,0.0,0.00,0.0,-0.0,,0.0
175,7,6.00,1,24.35,28.47,25.70,0.0,0.00,0.0,-0.0,,0.0
175,8,6.00,1,24.89,29.85,27.41,-149.78,320.54,0.0,-659.21,,-808.99
175,9,6.00,1,26.17,31.32,27.41,-2599.13,535.13,0.0,-1287.44,,-3886.57
175,10,6.00,1,26.65,32.68,27.41,-3314.69,523.84,0.0,-1038.25,,-4352.9400000000005
175,11,6.00,1,27.14,33.96,27.41,-3796.43,475.40,0.0,-1038.07,,-4834.5
175,12,6.00,1,27.49,35.14,27.41,-4103.35,411.04,0.0,-959.18,,-5062.530000000001
175,13,6.00,1,26.97,36.07,27.41,-4105.18,355.00,0.0,-475.32,,-4580.5
175,14,6.00,1,26.45,36.78,27.41,-4011.22,316.31,0.0,-98.33,,-4109.55
175,15,6.00,1,25.85,37.33,27.41,-3919.6,322.59,0.0,0.0,,-3919.6
175,16,6.00,1,25.17,37.74,27.41,-3801.82,365.70,0.0,0.0,,-3801.82
175,17,6.00,1,24.12,37.90,27.41,-3486.28,403.74,0.0,0.0,,-3486.28
175,18,6.00,1,23.15,37.81,27.41,-3084.09,417.10,0.0,0.0,,-3084.09
175,19,6.00,1,22.03,36.85,27.95,0.0,460.14,0.0,0.0,,0.0
175,20,6.00,1,20.57,35.49,27.58,0.0,278.25,0.0,0.0,,0.0
175,21,6.00,1,19.57,33.86,26.74,0.0,0.00,0.0,0.0,,0.0
175,22,6.00,1,19.69,32.43,25.99,0.0,0.00,0.0,0.0,,0.0
175,23,6.00,1,20.23,31.21,25.38,0.0,0.00,0.0,0.0,,0.0
175,24,6.00,1,20.27,30.13,24.84,0.0,0.00,0.0,0.0,,0.0
175,1,7.00,1,20.16,29.13,24.34,0.0,0.00,0.0,0.0,,0.0
175,2,7.00,1,19.95,28.21,23.86,0.0,0.00,0.0,0.0,,0.0
175,3,7.00,1,19.72,27.35,23.41,0.0,0.00,0.0,-0.0,,0.0
175,4,7.00,1,19.39,26.55,22.97,0.0,0.00,0.0,-0.0,,0.0
175,5,7.00,1,19.24,25.80,22.55,0.0,0.00,0.0,-0.0,,0.0
175,6,7.00,1,19.08,25.11,22.16,0.0,0.00,0.0,-0.0,,0.0
175,7,7.00,1,18.96,24.48,21.80,0.0,0.00,0.0,-0.0,,0.0
175,8,7.00,1,20.39,25.80,23.55,0.0,320.54,0.0,-255.19,,-255.19
175,9,7.00,1,22.62,27.40,25.47,0.0,535.13,0.0,0.0,,0.0
175,10,7.00,1,23.84,28.97,27.30,0.0,523.84,0.0,0.0,,0.0
175,11,7.00,1,25.02,30.52,27.41,-2351.53,475.40,0.0,0.0,,-2351.53
175,12,7.00,1,25.72,31.97,27.41,-3207.59,411.04,0.0,-375.94,,-3583.53
175,13,7.00,1,26.40,33.32,27.41,-3704.59,355.00,0.0,-235.23,,-3939.82
175,14,7.00,1,26.25,34.41,27.41,-3820.24,316.31,0.0,0.0,,-3820.24
175,15,7.00,1,26.01,35.33,27.41,-3883.89,322.59,0.0,0.0,,-3883.89
175,16,7.00,1,25.86,36.14,27.41,-3938.45,365.70,0.0,0.0,,-3938.45
175,17,7.00,1,25.33,36.71,27.41,-3784.62,403.74,0.0,0.0,,-3784.62
175,18,7.00,1,24.72,37.02,27.41,-3495.29,417.10,0.0,0.0,,-3495.29
175,19,7.00,1,23.96,36.26,28.20,0.0,460.14,0.0,0.0,,0.0
175,20,7.00,1,22.83,35.16,28.03,0.0,278.25,0.0,0.0,,0.0
175,21,7.00,1,22.01,33.79,27.39,0.0,0.00,0.0,0.0,,0.0
175,22,7.00,1,21.82,32.55,26.77,0.0,0.00,0.0,0.0,,0.0
175,23,7.00,1,21.63,31.43,26.20,0.0,0.00,0.0,0.0,,0.0
175,24,7.00,1,21.91,30.47,25.73,0.0,0.00,0.0,0.0,,0.0
175,1,1.00,1,22.07,29.62,25.32,0.0,0.00,0.0,-0.0,,0.0
175,2,1.00,1,22.15,28.86,24.97,0.0,0.00,0.0,-0.0,,0.0
175,3,1.00,1,21.93,28.15,24.62,0.0,0.00,0.0,-0.0,,0.0
175,4,1.00,1,21.32,27.44,24.23,0.0,0.00,0.0,-0.0,,0.0
175,5,1.00,1,20.61,26.72,23.81,0.0,0.00,0.0,-0.0,,0.0
175,6,1.00,1,20.42,26.06,23.42,0.0,0.00,0.0,-0.0,,0.0
175,7,1.00,1,21.30,25.57,23.17,0.0,0.00,0.0,-0.0,,0.0
175,8,1.00,1,22.51,27.06,25.04,0.0,320.54,0.0,-705.0,,-705.0
175,9,1.00,1,24.93,28.81,27.08,0.0,535.13,0.0,-221.11,,-221.11
175,10,1.00,1,26.14,30.50,27.41,-2244.57,523.84,0.0,-1061.67,,-3306.2400000000002
175,11,1.00,1,27.50,32.19,27.41,-3520.79,475.40,0.0,-1371.38,,-4892.17
175,12,1.00,1,27.45,33.60,27.41,-3914.01,411.04,0.0,-1165.43,,-5079.4400000000005
175,13,1.00,1,27.37,34.81,27.41,-4112.39,355.00,0.0,-458.27,,-4570.66
175,14,1.00,1,27.41,35.85,27.41,-4210.68,316.31,0.0,-376.23,,-4586.91
175,15,1.00,1,27.05,36.71,27.41,-4214.74,322.59,0.0,-493.67,,-4708.41
175,16,1.00,1,26.59,37.41,27.41,-4173.89,365.70,0.0,-289.5,,-4463.39
175,17,1.00,1,25.91,37.88,27.41,-3968.76,403.74,0.0,-5.98,,-3974.7400000000002
175,18,1.00,1,24.89,38.03,27.41,-3565.4,417.10,0.0,-50.36,,-3615.76
175,19,1.00,1,23.81,37.17,28.19,0.0,460.14,0.0,0.0,,0.0
175,20,1.00,1,22.94,36.00,28.05,0.0,278.25,0.0,0.0,,0.0
175,21,1.00,1,22.54,34.61,27.46,0.0,0.00,0.0,0.0,,0.0
175,22,1.00,1,22.95,33.41,26.95,0.0,0.00,0.0,0.0,,0.0
175,23,1.00,1,23.28,32.39,26.54,0.0,0.00,0.0,0.0,,0.0
175,24,1.00,1,23.17,31.45,26.15,0.0,0.00,0.0,-0.0,,0.0
175,1,2.00,1,23.35,30.63,25.82,0.0,0.00,0.0,-0.0,,0.0
175,2,2.00,1,23.37,29.89,25.53,0.0,0.00,0.0,-0.0,,0.0
175,3,2.00,1,22.79,29.15,25.20,0.0,0.00,0.0,-0.0,,0.0
175,4,2.00,1,22.25,28.43,24.84,0.0,0.00,0.0,-0.0,,0.0
175,5,2.00,1,21.73,27.72,24.47,0.0,0.00,0.0,-0.0,,0.0
175,6,2.00,1,21.50,27.07,24.11,0.0,0.00,0.0,-0.0,,0.0
175,7,2.00,1,21.20,26.45,23.77,0.0,0.00,0.0,-0.0,,0.0
175,8,2.00,1,22.14,27.72,25.47,0.0,320.54,0.0,-501.97,,-501.97
175,9,2.00,1,24.10,29.24,27.31,0.0,535.13,0.0,0.0,,0.0
175,10,2.00,1,25.70,30.82,27.41,-2441.76,523.84,0.0,-848.07,,-3289.8300000000004
175,11,2.00,1,26.45,32.30,27.41,-3337.41,475.40,0.0,-809.83,,-4147.24
175,12,2.00,1,27.25,33.70,27.41,-3888.2,411.04,0.0,-1060.94,,-4949.139999999999
175,13,2.00,1,28.21,35.07,27.41,-4338.93,355.00,0.0,-1339.5,,-5678.43
175,14,2.00,1,27.92,36.15,27.41,-4364.94,316.31,0.0,-749.74,,-5114.679999999999
175,15,2.00,1,27.46,37.02,27.41,-4340.68,322.59,0.0,-1007.81,,-5348.49
175,16,2.00,1,27.09,37.75,27.41,-4318.96,365.70,0.0,-189.61,,-4508.57
175,17,2.00,1,26.61,38.27,27.41,-4162.14,403.74,0.0,-711.83,,-4873.97
175,18,2.00,1,25.76,38.50,27.41,-3805.9,417.10,0.0,-612.75,,-4418.65
175,19,2.00,1,25.00,37.71,28.34,0.0,460.14,0.0,0.0,,0.0
175,20,2.00,1,23.88,36.57,28.28,0.0,278.25,0.0,0.0,,0.0
175,21,2.00,1,23.19,35.18,27.73,0.0,0.00,0.0,0.0,,0.0
175,22,2.00,1,23.06,33.92,27.19,0.0,0.00,0.0,0.0,,0.0
175,23,2.00,1,22.92,32.80,26.70,0.0,0.00,0.0,0.0,,0.0
175,24,2.00,1,22.47,31.74,26.22,0.0,0.00,0.0,-0.0,,0.0
175,1,3.00,1,21.98,30.75,25.74,0.0,0.00,0.0,-0.0,,0.0
175,2,3.00,1,21.54,29.81,25.27,0.0,0.00,0.0,-0.0,,0.0
175,3,3.00,1,21.26,28.94,24.82,0.0,0.00,0.0,-0.0,,0.0
175,4,3.00,1,20.97,28.12,24.39,0.0,0.00,0.0,-0.0,,0.0
175,5,3.00,1,20.37,27.32,23.93,0.0,0.00,0.0,-0.0,,0.0
175,6,3.00,1,19.78,26.54,23.47,0.0,0.00,0.0,-0.0,,0.0
175,7,3.00,1,20.43,25.92,23.13,0.0,0.00,0.0,-0.0,,0.0
175,8,3.00,1,21.89,27.71,25.18,0.0,320.54,0.0,-0.0,,0.0
175,9,3.00,1,24.20,29.58,27.28,0.0,535.13,0.0,0.0,,0.0
175,10,3.00,1,25.62,31.43,29.34,0.0,523.84,0.0,0.0,,0.0
175,11,3.00,1,26.69,33.24,31.35,0.0,475.40,0.0,0.0,,0.0
175,12,3.00,1,27.58,34.99,33.27,0.0,411.04,0.0,0.0,,0.0
175,13,3.00,1,28.41,36.66,35.10,0.0,355.00,0.0,0.0,,0.0
175,14,3.00,1,28.00,38.10,36.68,0.0,316.31,0.0,0.0,,0.0
175,15,3.00,1,27.37,39.36,38.08,0.0,322.59,0.0,0.0,,0.0
175,16,3.00,1,26.81,40.48,39.31,0.0,365.70,0.0,0.0,,0.0
175,17,3.00,1,26.24,41.40,40.34,0.0,403.74,0.0,0.0,,0.0
175,18,3.00,1,25.45,42.05,41.09,0.0,417.10,0.0,0.0,,0.0
175,19,3.00,1,24.76,40.57,39.70,0.0,460.14,0.0,0.0,,0.0
175,20,3.00,1,23.74,39.07,38.27,0.0,278.25,0.0,0.0,,0.0
175,21,3.00,1,23.08,37.40,36.68,0.0,0.00,0.0,0.0,,0.0
175,22,3.00,1,22.54,35.87,35.22,0.0,0.00,0.0,0.0,,0.0
175,23,3.00,1,22.16,34.48,33.89,0.0,0.00,0.0,0.0,,0.0
175,24,3.00,1,21.46,33.17,32.63,0.0,0.00,0.0,0.0,,0.0
175,1,4.00,1,21.05,31.95,31.46,0.0,0.00,0.0,0.0,,0.0
175,2,4.00,1,20.50,30.80,30.36,0.0,0.00,0.0,0.0,,0.0
175,3,4.00,1,20.25,29.75,29.35,0.0,0.00,0.0,0.0,,0.0
175,4,4.00,1,19.77,28.75,28.38,0.0,0.00,0.0,0.0,,0.0
175,5,4.00,1,19.40,27.80,27.47,0.0,0.00,0.0,0.0,,0.0
175,6,4.00,1,18.93,26.91,26.60,0.0,0.00,0.0,0.0,,0.0
175,7,4.00,1,19.71,26.19,25.92,0.0,0.00,0.0,0.0,,0.0
175,8,4.00,1,20.99,27.87,27.62,0.0,320.54,0.0,0.0,,0.0
175,9,4.00,1,23.22,29.64,29.41,0.0,535.13,0.0,0.0,,0.0
175,10,4.00,1,24.79,31.41,31.21,0.0,523.84,0.0,0.0,,0.0
175,11,4.00,1,25.74,33.14,32.95,0.0,475.40,0.0,0.0,,0.0
175,12,4.00,1,26.46,34.79,34.62,0.0,411.04,0.0,0.0,,0.0
175,13,4.00,1,27.50,36.40,36.25,0.0,355.00,0.0,0.0,,0.0
175,14,4.00,1,27.26,37.80,37.66,0.0,316.31,0.0,0.0,,0.0
175,15,4.00,1,26.90,39.06,38.93,0.0,322.59,0.0,0.0,,0.0
175,16,4.00,1,26.57,40.19,40.08,0.0,365.70,0.0,0.0,,0.0
175,17,4.00,1,26.09,41.13,41.02,0.0,403.74,0.0,0.0,,0.0
175,18,4.00,1,25.19,41.78,41.68,0.0,417.10,0.0,0.0,,0.0
175,19,4.00,1,24.79,40.34,40.25,0.0,460.14,0.0,0.0,,0.0
175,20,4.00,1,23.85,38.87,38.79,0.0,278.25,0.0,0.0,,0.0
175,21,4.00,1,23.38,37.26,37.18,0.0,0.00,0.0,0.0,,0.0
175,22,4.00,1,22.80,35.76,35.70,0.0,0.00,0.0,0.0,,0.0
175,23,4.00,1,22.59,34.43,34.37,0.0,0.00,0.0,0.0,,0.0
175,24,4.00,1,22.31,33.21,33.16,0.0,0.00,0.0,0.0,,0.0
175,1,5.00,1,22.17,32.10,32.05,0.0,0.00,0.0,0.0,,0.0
175,2,5.00,1,21.73,31.06,31.02,0.0,0.00,0.0,0.0,,0.0
175,3,5.00,1,21.08,30.05,30.01,0.0,0.00,0.0,0.0,,0.0
175,4,5.00,1,20.47,29.08,29.04,0.0,0.00,0.0,0.0,,0.0
175,5,5.00,1,19.81,28.13,28.10,0.0,0.00,0.0,0.0,,0.0
175,6,5.00,1,19.68,27.28,27.25,0.0,0.00,0.0,0.0,,0.0
175,7,5.00,1,19.29,26.46,26.43,0.0,0.00,0.0,0.0,,0.0
175,8,5.00,1,20.32,27.45,27.41,-12.06,320.54,0.0,0.0,,-12.06
175,9,5.00,1,22.20,28.74,27.41,-1824.65,535.13,0.0,0.0,,-1824.65
175,10,5.00,1,23.36,30.05,27.41,-2552.09,523.84,0.0,0.0,,-2552.09
175,11,5.00,1,24.01,31.30,27.41,-3006.65,475.40,0.0,-247.33,,-3253.98
175,12,5.00,1,24.37,32.43,27.41,-3276.49,411.04,0.0,-165.38,,-3441.87
175,13,5.00,1,25.15,33.55,27.41,-3588.41,355.00,0.0,-675.95,,-4264.36
175,14,5.00,1,25.47,34.53,27.41,-3719.14,316.31,0.0,-394.4,,-4113.54
175,15,5.00,1,25.89,35.46,27.41,-3904.72,322.59,0.0,-469.68,,-4374.4
175,16,5.00,1,26.43,36.38,27.41,-4116.25,365.70,0.0,-285.3,,-4401.55
175,17,5.00,1,25.99,37.03,27.41,-3985.83,403.74,0.0,-671.29,,-4657.12
175,18,5.00,1,25.25,37.37,27.41,-3663.35,417.10,0.0,-342.37,,-4005.72
175,19,5.00,1,24.62,36.64,28.29,0.0,460.14,0.0,0.0,,0.0
175,20,5.00,1,23.47,35.56,28.19,0.0,278.25,0.0,0.0,,0.0
175,21,5.00,1,22.57,34.20,27.58,0.0,0.00,0.0,0.0,,0.0
175,22,5.00,1,22.26,32.96,26.98,0.0,0.00,0.0,0.0,,0.0
175,23,5.00,1,22.12,31.85,26.44,0.0,0.00,0.0,0.0,,0.0
175,24,5.00,1,21.86,30.83,25.93,0.0,0.00,0.0,0.0,,0.0
175,1,6.00,1,21.20,29.85,25.41,0.0,0.00,0.0,-0.0,,0.0
175,2,6.00,1,20.30,28.87,24.84,0.0,0.00,0.0,-0.0,,0.0
175,3,6.00,1,19.59,27.92,24.27,0.0,0.00,0.0,-0.0,,0.0
175,4,6.00,1,19.24,27.04,23.72,0.0,0.00,0.0,-0.0,,0.0
175,5,6.00,1,19.59,26.29,23.28,0.0,0.00,0.0,-0.0,,0.0
175,6,6.00,1,20.12,25.67,22.94,0.0,0.00,0.0,-0.0,,0.0
175,7,6.00,1,20.51,25.15,22.67,0.0,0.00,0.0,-0.0,,0.0
175,8,6.00,1,21.13,26.47,24.39,0.0,320.54,0.0,0.0,,0.0
175,9,6.00,1,23.28,28.06,26.28,0.0,535.13,0.0,0.0,,0.0
175,10,6.00,1,24.56,29.64,27.41,-961.61,523.84,0.0,0.0,,-961.61
175,11,6.00,1,25.45,31.15,27.41,-2787.74,475.40,0.0,0.0,,-2787.74
175,12,6.00,1,25.92,32.52,27.41,-3392.67,411.04,0.0,-188.0,,-3580.67
175,13,6.00,1,26.63,33.82,27.41,-3837.45,355.00,0.0,-815.59,,-4653.04
175,14,6.00,1,26.81,34.94,27.41,-4006.39,316.31,0.0,-412.85,,-4419.24
175,15,6.00,1,27.11,35.97,27.41,-4198.72,322.59,0.0,-530.72,,-4729.4400000000005
175,16,6.00,1,27.73,36.99,27.41,-4450.72,365.70,0.0,0.0,,-4450.72
175,17,6.00,1,27.37,37.74,27.41,-4354.49,403.74,0.0,-844.08,,-5198.57
175,18,6.00,1,26.66,38.17,27.41,-4046.75,417.10,0.0,-428.1,,-4474.85
175,19,6.00,1,25.99,37.48,28.47,0.0,460.14,0.0,0.0,,0.0
175,20,6.00,1,25.20,36.48,28.53,0.0,278.25,0.0,0.0,,0.0
175,21,6.00,1,24.64,35.24,28.10,0.0,0.00,0.0,0.0,,0.0
175,22,6.00,1,24.10,34.06,27.62,0.0,0.00,0.0,0.0,,0.0
175,23,6.00,1,23.95,33.02,27.19,0.0,0.00,0.0,0.0,,0.0
175,24,6.00,1,23.47,32.03,26.75,0.0,0.00,0.0,-0.0,,0.0
175,1,7.00,1,23.13,31.12,26.33,0.0,0.00,0.0,-0.0,,0.0
175,2,7.00,1,22.39,30.22,25.87,0.0,0.00,0.0,-0.0,,0.0
175,3,7.00,1,21.57,29.32,25.38,0.0,0.00,0.0,-0.0,,0.0
175,4,7.00,1,20.77,28.44,24.86,0.0,0.00,0.0,-0.0,,0.0
175,5,7.00,1,20.06,27.57,24.33,0.0,0.00,0.0,-0.0,,0.0
175,6,7.00,1,20.64,26.87,23.92,0.0,0.00,0.0,-0.0,,0.0
175,7,7.00,1,21.19,26.29,23.62,0.0,0.00,0.0,-0.0,,0.0
175,8,7.00,1,21.85,27.55,25.31,0.0,320.54,0.0,-50.54,,-50.54
175,9,7.00,1,23.55,29.01,27.08,0.0,535.13,0.0,0.0,,0.0
175,10,7.00,1,25.38,30.58,27.41,-2123.54,523.84,0.0,0.0,,-2123.54
175,11,7.00,1,26.29,32.09,27.41,-3243.8,475.40,0.0,-565.31,,-3809.11
175,12,7.00,1,27.11,33.51,27.41,-3828.75,411.04,0.0,-748.61,,-4577.36
175,13,7.00,1,27.96,34.87,27.41,-4262.8,355.00,0.0,-1201.9,,-5464.700000000001
175,14,7.00,1,27.70,35.94,27.41,-4299.63,316.31,0.0,-968.53,,-5268.16
175,15,7.00,1,27.40,36.85,27.41,-4319.67,322.59,0.0,-298.14,,-4617.81
175,16,7.00,1,27.34,37.65,27.41,-4379.03,365.70,0.0,-361.04,,-4740.07
175,17,7.00,1,26.96,38.25,27.41,-4256.34,403.74,0.0,-672.84,,-4929.18
175,18,7.00,1,26.28,38.56,27.41,-3948.95,417.10,0.0,0.0,,-3948.95
175,19,7.00,1,25.75,37.82,28.44,0.0,460.14,0.0,0.0,,0.0
175,20,7.00,1,24.71,36.76,28.45,0.0,278.25,0.0,0.0,,0.0
175,21,7.00,1,23.90,35.41,27.95,0.0,0.00,0.0,0.0,,0.0
175,22,7.00,1,23.32,34.15,27.41,0.0,0.00,0.0,0.0,,0.0
175,23,7.00,1,23.29,33.03,26.94,0.0,0.00,0.0,0.0,,0.0
175,24,7.00,1,23.13,32.03,26.50,0.0,0.00,0.0,-0.0,,0.0
175,1,1.00,1,22.77,31.08,26.07,0.0,0.00,0.0,-0.0,,0.0
175,2,1.00,1,22.18,30.17,25.63,0.0,0.00,0.0,-0.0,,0.0
175,3,1.00,1,21.49,29.28,25.16,0.0,0.00,0.0,-0.0,,0.0
175,4,1.00,1,20.32,28.35,24.61,0.0,0.00,0.0,-0.0,,0.0
175,5,1.00,1,19.49,27.44,24.04,0.0,0.00,0.0,-0.0,,0.0
175,6,1.00,1,19.91,26.67,23.59,0.0,0.00,0.0,-0.0,,0.0
175,7,1.00,1,20.19,26.02,23.22,0.0,0.00,0.0,-0.0,,0.0
175,8,1.00,1,21.05,27.19,24.84,0.0,320.54,0.0,-150.51,,-150.51
175,9,1.00,1,23.23,28.68,26.66,0.0,535.13,0.0,0.0,,0.0
175,10,1.00,1,24.38,30.14,27.41,-1386.37,523.84,0.0,0.0,,-1386.37
175,11,1.00,1,25.21,31.54,27.41,-2840.95,475.40,0.0,-315.78,,-3156.7299999999996
175,12,1.00,1,26.45,32.97,27.41,-3581.71,411.04,0.0,-544.23,,-4125.9400000000005
175,13,1.00,1,27.17,34.29,27.41,-4012.54,355.00,0.0,-1211.52,,-5224.0599999999995
175,14,1.00,1,27.62,35.47,27.41,-4243.69,316.31,0.0,-1119.7,,-5363.389999999999
175,15,1.00,1,28.48,36.65,27.41,-4577.01,322.59,0.0,-1145.11,,-5722.12
175,16,1.00,1,27.72,37.52,27.41,-4486.54,365.70,0.0,-908.53,,-5395.07
175,17,1.00,1,27.02,38.12,27.41,-4281.99,403.74,0.0,-1203.3,,-5485.29
175,18,1.00,1,25.87,38.37,27.41,-3848.94,417.10,0.0,-535.86,,-4384.8
175,19,1.00,1,25.00,37.57,28.35,0.0,460.14,0.0,0.0,,0.0
175,20,1.00,1,23.91,36.45,28.29,0.0,278.25,0.0,0.0,,0.0
175,21,1.00,1,22.96,35.04,27.71,0.0,0.00,0.0,0.0,,0.0
175,22,1.00,1,22.68,33.76,27.14,0.0,0.00,0.0,0.0,,0.0
175,23,1.00,1,22.61,32.62,26.63,0.0,0.00,0.0,0.0,,0.0
175,24,1.00,1,22.31,31.57,26.14,0.0,0.00,0.0,0.0,,0.0
175,1,2.00,1,21.68,30.57,25.64,0.0,0.00,0.0,-0.0,,0.0
175,2,2.00,1,21.12,29.60,25.14,0.0,0.00,0.0,-0.0,,0.0
175,3,2.00,1,20.60,28.69,24.64,0.0,0.00,0.0,-0.0,,0.0
175,4,2.00,1,21.09,27.92,24.25,0.0,0.00,0.0,-0.0,,0.0
175,5,2.00,1,21.57,27.28,23.95,0.0,0.00,0.0,-0.0,,0.0
175,6,2.00,1,21.85,26.73,23.70,0.0,0.00,0.0,-0.0,,0.0
175,7,2.00,1,22.14,26.25,23.51,0.0,0.00,0.0,-0.0,,0.0
175,8,2.00,1,23.10,27.72,25.41,0.0,320.54,0.0,-541.06,,-541.06
175,9,2.00,1,24.93,29.36,27.38,0.0,535.13,0.0,-63.68,,-63.68
175,10,2.00,1,25.75,30.89,27.41,-2492.01,523.84,0.0,-886.99,,-3379.0
175,11,2.00,1,26.75,32.40,27.41,-3408.52,475.40,0.0,-741.02,,-4149.54
175,12,2.00,1,27.21,33.78,27.41,-3879.7,411.04,0.0,-688.56,,-4568.26
175,13,2.00,1,28.15,35.12,27.41,-4324.38,355.00,0.0,-1692.46,,-6016.84
175,14,2.00,1,28.63,36.32,27.41,-4545.97,316.31,0.0,-1163.0,,-5708.97
175,15,2.00,1,28.23,37.29,27.41,-4552.16,322.59,0.0,-971.47,,-5523.63
175,16,2.00,1,27.78,38.08,27.41,-4514.59,365.70,0.0,-556.71,,-5071.3
175,17,2.00,1,27.14,38.62,27.41,-4319.59,403.74,0.0,-505.69,,-4825.28
175,18,2.00,1,26.33,38.88,27.41,-3971.78,417.10,0.0,-313.65,,-4285.43
175,19,2.00,1,25.84,38.13,28.45,0.0,460.14,0.0,0.0,,0.0
175,20,2.00,1,24.91,37.05,28.49,0.0,278.25,0.0,0.0,,0.0
175,21,2.00,1,24.28,35.72,28.02,0.0,0.00,0.0,0.0,,0.0
175,22,2.00,1,23.45,34.44,27.49,0.0,0.00,0.0,0.0,,0.0
175,23,2.00,1,23.95,33.37,27.08,0.0,0.00,0.0,0.0,,0.0
175,24,2.00,1,23.58,32.37,26.67,0.0,0.00,0.0,-0.0,,0.0
175,1,3.00,1,23.05,31.42,26.25,0.0,0.00,0.0,-0.0,,0.0
175,2,3.00,1,22.41,30.49,25.80,0.0,0.00,0.0,-0.0,,0.0
175,3,3.00,1,22.24,29.65,25.39,0.0,0.00,0.0,-0.0,,0.0
175,4,3.00,1,21.73,28.83,24.97,0.0,0.00,0.0,0.0,,0.0
175,5,3.00,1,21.01,28.02,24.52,0.0,0.00,0.0,-0.0,,0.0
175,6,3.00,1,20.52,27.25,24.07,0.0,0.00,0.0,-0.0,,0.0
175,7,3.00,1,20.28,26.53,23.64,0.0,0.00,0.0,-0.0,,0.0
175,8,3.00,1,21.19,28.18,25.56,0.0,320.54,0.0,0.0,,0.0
175,9,3.00,1,23.75,29.96,27.59,0.0,535.13,0.0,0.0,,0.0
175,10,3.00,1,25.26,31.75,29.59,0.0,523.84,0.0,0.0,,0.0
175,11,3.00,1,26.27,33.49,31.53,0.0,475.40,0.0,0.0,,0.0
175,12,3.00,1,27.34,35.20,33.42,0.0,411.04,0.0,0.0,,0.0
175,13,3.00,1,28.11,36.83,35.22,0.0,355.00,0.0,0.0,,0.0
175,14,3.00,1,28.74,38.35,36.88,0.0,316.31,0.0,0.0,,0.0
175,15,3.00,1,28.39,39.70,38.37,0.0,322.59,0.0,0.0,,0.0
175,16,3.00,1,27.96,40.90,39.69,0.0,365.70,0.0,0.0,,0.0
175,17,3.00,1,27.56,41.91,40.81,0.0,403.74,0.0,0.0,,0.0
175,18,3.00,1,26.98,42.66,41.67,0.0,417.10,0.0,0.0,,0.0
175,19,3.00,1,26.23,41.26,40.36,0.0,460.14,0.0,0.0,,0.0
175,20,3.00,1,25.05,39.81,38.99,0.0,278.25,0.0,0.0,,0.0
175,21,3.00,1,24.41,38.20,37.46,0.0,0.00,0.0,0.0,,0.0
175,22,3.00,1,23.45,36.67,35.99,0.0,0.00,0.0,0.0,,0.0
175,23,3.00,1,23.94,35.38,34.77,0.0,0.00,0.0,0.0,,0.0
175,24,3.00,1,23.50,34.19,33.63,0.0,0.00,0.0,0.0,,0.0
175,1,4.00,1,22.84,33.04,32.54,0.0,0.00,0.0,0.0,,0.0
175,2,4.00,1,21.92,31.91,31.45,0.0,0.00,0.0,0.0,,0.0
175,3,4.00,1,20.97,30.80,30.38,0.0,0.00,0.0,0.0,,0.0
175,4,4.00,1,20.25,29.73,29.35,0.0,0.00,0.0,0.0,,0.0
175,5,4.00,1,19.51,28.70,28.35,0.0,0.00,0.0,0.0,,0.0
175,6,4.00,1,19.05,27.72,27.41,0.0,0.00,0.0,0.0,,0.0
175,7,4.00,1,19.76,26.93,26.65,0.0,0.00,0.0,0.0,,0.0
175,8,4.00,1,20.69,28.51,28.25,0.0,320.54,0.0,0.0,,0.0
175,9,4.00,1,23.02,30.20,29.97,0.0,535.13,0.0,0.0,,0.0
175,10,4.00,1,24.55,31.90,31.68,0.0,523.84,0.0,0.0,,0.0
175,11,4.00,1,25.75,33.58,33.39,0.0,475.40,0.0,0.0,,0.0
175,12,4.00,1,26.74,35.23,35.05,0.0,411.04,0.0,0.0,,0.0
175,13,4.00,1,27.54,36.81,36.65,0.0,355.00,0.0,0.0,,0.0
175,14,4.00,1,28.25,38.28,38.14,0.0,316.31,0.0,0.0,,0.0
175,15,4.00,1,28.95,39.71,39.58,0.0,322.59,0.0,0.0,,0.0
175,16,4.00,1,29.63,41.10,40.98,0.0,365.70,0.0,0.0,,0.0
175,17,4.00,1,29.01,42.24,42.13,0.0,403.74,0.0,0.0,,0.0
175,18,4.00,1,28.13,43.06,42.96,0.0,417.10,0.0,0.0,,0.0
175,19,4.00,1,27.32,41.73,41.64,0.0,460.14,0.0,0.0,,0.0
175,20,4.00,1,25.94,40.31,40.22,0.0,278.25,0.0,0.0,,0.0
175,21,4.00,1,24.79,38.67,38.59,0.0,0.00,0.0,0.0,,0.0
175,22,4.00,1,24.01,37.14,37.08,0.0,0.00,0.0,0.0,,0.0
175,23,4.00,1,23.40,35.74,35.68,0.0,0.00,0.0,0.0,,0.0
175,24,4.00,1,22.45,34.39,34.33,0.0,0.00,0.0,0.0,,0.0
175,1,5.00,1,21.60,33.10,33.05,0.0,0.00,0.0,0.0,,0.0
175,2,5.00,1,20.72,31.85,31.80,0.0,0.00,0.0,0.0,,0.0
175,3,5.00,1,19.72,30.63,30.59,0.0,0.00,0.0,0.0,,0.0
175,4,5.00,1,18.90,29.45,29.41,0.0,0.00,0.0,0.0,,0.0
175,5,5.00,1,18.08,28.30,28.27,0.0,0.00,0.0,0.0,,0.0
175,6,5.00,1,18.92,27.38,27.35,0.0,0.00,0.0,0.0,,0.0
175,7,5.00,1,19.72,26.64,26.61,0.0,0.00,0.0,0.0,,0.0
175,8,5.00,1,20.93,27.71,27.41,-381.52,320.54,0.0,0.0,,-381.52
175,9,5.00,1,23.35,29.15,27.41,-2184.61,535.13,0.0,0.0,,-2184.61
175,10,5.00,1,25.05,30.67,27.41,-3037.3,523.84,0.0,-559.25,,-3596.55
175,11,5.00,1,26.22,32.17,27.41,-3624.19,475.40,0.0,-871.02,,-4495.21
175,12,5.00,1,27.33,33.63,27.41,-4093.94,411.04,0.0,-902.51,,-4996.45
175,13,5.00,1,28.21,35.02,27.41,-4446.4,355.00,0.0,-1847.67,,-6294.07
175,14,5.00,1,27.89,36.10,27.41,-4421.57,316.31,0.0,-1488.55,,-5910.12
175,15,5.00,1,27.42,36.98,27.41,-4370.64,322.59,0.0,-622.57,,-4993.21
175,16,5.00,1,27.11,37.72,27.41,-4348.29,365.70,0.0,-583.25,,-4931.54
175,17,5.00,1,26.44,38.22,27.41,-4137.37,403.74,0.0,-271.6,,-4408.97
175,18,5.00,1,25.54,38.42,27.41,-3759.07,417.10,0.0,-74.3,,-3833.3700000000003
175,19,5.00,1,24.84,37.63,28.33,0.0,460.14,0.0,0.0,,0.0
175,20,5.00,1,23.83,36.50,28.26,0.0,278.25,0.0,0.0,,0.0
175,21,5.00,1,22.99,35.09,27.70,0.0,0.00,0.0,0.0,,0.0
175,22,5.00,1,22.83,33.83,27.14,0.0,0.00,0.0,0.0,,0.0
175,23,5.00,1,22.30,32.65,26.60,0.0,0.00,0.0,0.0,,0.0
175,24,5.00,1,21.82,31.55,26.07,0.0,0.00,0.0,0.0,,0.0
175,1,6.00,1,21.25,30.50,25.53,0.0,0.00,0.0,-0.0,,0.0
175,2,6.00,1,20.87,29.53,25.02,0.0,0.00,0.0,-0.0,,0.0
175,3,6.00,1,20.17,28.58,24.49,0.0,0.00,0.0,-0.0,,0.0
175,4,6.00,1,19.51,27.65,23.94,0.0,0.00,0.0,-0.0,,0.0
175,5,6.00,1,18.80,26.75,23.38,0.0,0.00,0.0,-0.0,,0.0
175,6,6.00,1,18.47,25.91,22.85,0.0,0.00,0.0,-0.0,,0.0
175,7,6.00,1,18.05,25.11,22.33,0.0,0.00,0.0,-0.0,,0.0
175,8,6.00,1,19.23,26.14,23.81,0.0,320.54,0.0,0.0,,0.0
175,9,6.00,1,21.78,27.59,25.59,0.0,535.13,0.0,0.0,,0.0
175,10,6.00,1,23.79,29.16,27.41,-32.79,523.84,0.0,0.0,,-32.79
175,11,6.00,1,25.10,30.72,27.41,-2538.93,475.40,0.0,0.0,,-2538.93
175,12,6.00,1,26.58,32.30,27.41,-3483.52,411.04,0.0,-235.17,,-3718.69
175,13,6.00,1,27.75,33.83,27.41,-4098.7,355.00,0.0,-1197.19,,-5295.889999999999
175,14,6.00,1,28.63,35.23,27.41,-4477.83,316.31,0.0,-1646.82,,-6124.65
175,15,6.00,1,28.63,36.43,27.41,-4619.5,322.59,0.0,-757.36,,-5376.86
175,16,6.00,1,28.54,37.47,27.41,-4698.02,365.70,0.0,-1461.62,,-6159.64
175,17,6.00,1,28.25,38.26,27.41,-4608.4,403.74,0.0,-515.81,,-5124.209999999999
175,18,6.00,1,27.92,38.81,27.41,-4395.52,417.10,0.0,-692.1,,-5087.620000000001
175,19,6.00,1,27.36,38.17,28.65,0.0,460.14,0.0,0.0,,0.0
175,20,6.00,1,26.68,37.25,28.85,0.0,278.25,0.0,0.0,,0.0
175,21,6.00,1,26.00,36.05,28.52,0.0,0.00,0.0,0.0,,0.0
175,22,6.00,1,25.69,34.96,28.16,0.0,0.00,0.0,0.0,,0.0
175,23,6.00,1,25.34,33.95,27.80,0.0,0.00,0.0,-0.0,,0.0
175,24,6.00,1,25.18,33.04,27.47,0.0,0.00,0.0,-0.0,,0.0
175,1,7.00,1,25.21,32.24,27.18,0.0,0.00,0.0,-0.0,,0.0
175,2,7.00,1,24.77,31.46,26.88,0.0,0.00,0.0,-0.0,,0.0
175,3,7.00,1,24.15,30.69,26.54,0.0,0.00,0.0,-0.0,,0.0
175,4,7.00,1,23.75,29.97,26.19,0.0,0.00,0.0,-0.0,,0.0
175,5,7.00,1,23.60,29.30,25.88,0.0,0.00,0.0,-0.0,,0.0
175,6,7.00,1,23.60,28.70,25.59,0.0,0.00,0.0,-0.0,,0.0
175,7,7.00,1,23.60,28.16,25.34,0.0,0.00,0.0,-0.0,,0.0
175,8,7.00,1,23.64,29.38,27.01,0.0,320.54,0.0,0.0,,0.0
175,9,7.00,1,25.12,30.78,27.41,-1884.92,535.13,0.0,-98.37,,-1983.29
175,10,7.00,1,26.37,32.22,27.41,-3133.37,523.84,0.0,-450.5,,-3583.87
175,11,7.00,1,26.59,33.49,27.41,-3605.69,475.40,0.0,-791.65,,-4397.34
175,12,7.00,1,27.25,34.73,27.41,-4011.75,411.04,0.0,-716.39,,-4728.14
175,13,7.00,1,27.84,35.89,27.41,-4311.35,355.00,0.0,-1234.29,,-5545.64
175,14,7.00,1,27.30,36.75,27.41,-4238.82,316.31,0.0,-1239.67,,-5478.49
175,15,7.00,1,26.63,37.42,27.41,-4142.22,322.59,0.0,0.0,,-4142.22
175,16,7.00,1,26.06,37.95,27.41,-4054.59,365.70,0.0,-263.26,,-4317.85
175,17,7.00,1,25.08,38.22,27.41,-3761.84,403.74,0.0,0.0,,-3761.84
175,18,7.00,1,23.90,38.18,27.41,-3307.14,417.10,0.0,0.0,,-3307.14
175,19,7.00,1,22.92,37.26,28.08,0.0,460.14,0.0,0.0,,0.0
175,20,7.00,1,21.82,35.99,27.83,0.0,278.25,0.0,0.0,,0.0
175,21,7.00,1,20.69,34.42,27.08,0.0,0.00,0.0,0.0,,0.0
175,22,7.00,1,19.93,32.93,26.30,0.0,0.00,0.0,0.0,,0.0
175,23,7.00,1,18.75,31.49,25.49,0.0,0.00,0.0,0.0,,0.0
175,24,7.00,1,17.51,30.08,24.64,0.0,0.00,0.0,0.0,,0.0
175,1,1.00,2,17.69,28.86,23.92,0.0,0.00,0.0,0.0,,0.0
175,2,1.00,2,17.87,27.78,23.30,0.0,0.00,0.0,0.0,,0.0
175,3,1.00,2,18.03,26.82,22.76,0.0,0.00,0.0,0.0,,0.0
175,4,1.00,2,18.46,26.00,22.32,0.0,0.00,0.0,-0.0,,0.0
175,5,1.00,2,18.97,25.31,21.97,0.0,0.00,0.0,-0.0,,0.0
175,6,1.00,2,19.48,24.74,21.70,0.0,0.00,0.0,-0.0,,0.0
175,7,1.00,2,20.11,24.28,21.52,0.0,0.00,0.0,-0.0,,0.0
175,8,1.00,2,20.58,25.47,23.16,0.0,14.08,0.0,0.0,,0.0
175,9,1.00,2,23.40,27.11,25.12,0.0,331.64,0.0,0.0,,0.0
175,10,1.00,2,25.12,28.77,26.98,-111.05,291.11,0.0,0.0,,-111.05
175,11,1.00,2,25.98,30.31,26.98,-2537.49,208.89,0.0,-640.58,,-3178.0699999999997
175,12,1.00,2,26.92,31.85,26.98,-3430.21,213.32,0.0,-925.28,,-4355.49
175,13,1.00,2,27.44,33.29,26.98,-3968.77,230.62,0.0,-1469.81,,-5438.58
175,14,1.00,2,27.95,34.62,26.98,-4321.28,228.67,0.0,-1898.34,,-6219.62
175,15,1.00,2,28.37,35.84,26.98,-4563.32,227.17,0.0,-1147.78,,-5711.099999999999
175,16,1.00,2,27.90,36.79,26.98,-4519.13,224.49,0.0,-1761.56,,-6280.6900000000005
175,17,1.00,2,27.18,37.42,26.98,-4280.82,212.98,0.0,-727.68,,-5008.5
175,18,1.00,2,25.87,37.66,26.98,-3792.04,209.93,0.0,-83.62,,-3875.66
175,19,1.00,2,24.97,36.77,27.79,0.0,244.98,0.0,0.0,,0.0
175,20,1.00,2,23.78,35.56,27.62,0.0,116.34,0.0,0.0,,0.0
175,21,1.00,2,22.71,34.21,27.08,0.0,0.00,0.0,0.0,,0.0
175,22,1.00,2,22.38,32.98,26.54,0.0,0.00,0.0,0.0,,0.0
175,23,1.00,2,21.22,31.77,25.94,0.0,0.00,0.0,0.0,,0.0
175,24,1.00,2,20.31,30.60,25.32,0.0,0.00,0.0,0.0,,0.0
175,1,2.00,2,19.37,29.46,24.67,0.0,0.00,0.0,-0.0,,0.0
175,2,2.00,2,19.11,28.42,24.07,0.0,0.00,0.0,0.0,,0.0
175,3,2.00,2,18.41,27.41,23.47,0.0,0.00,0.0,-0.0,,0.0
175,4,2.00,2,17.73,26.43,22.86,0.0,0.00,0.0,-0.0,,0.0
175,5,2.00,2,17.19,25.50,22.25,0.0,0.00,0.0,-0.0,,0.0
175,6,2.00,2,17.82,24.74,21.79,0.0,0.00,0.0,-0.0,,0.0
175,7,2.00,2,18.48,24.12,21.45,0.0,0.00,0.0,-0.0,,0.0
175,8,2.00,2,19.50,25.18,22.94,0.0,14.08,0.0,0.0,,0.0
175,9,2.00,2,22.57,26.76,24.83,0.0,331.64,0.0,0.0,,0.0
175,10,2.00,2,24.43,28.39,26.72,0.0,291.11,0.0,0.0,,0.0
175,11,2.00,2,25.51,29.93,26.98,-2131.62,208.89,0.0,-340.43,,-2472.0499999999997
175,12,2.00,2,26.58,31.48,26.98,-3274.5,213.32,0.0,-709.49,,-3983.99
175,13,2.00,2,27.34,32.98,26.98,-3906.43,230.62,0.0,-1689.03,,-5595.46
175,14,2.00,2,27.88,34.35,26.98,-4283.1,228.67,0.0,-1873.33,,-6156.43
175,15,2.00,2,27.39,35.43,26.98,-4304.29,227.17,0.0,-517.07,,-4821.36
175,16,2.00,2,27.13,36.33,26.98,-4299.79,224.49,0.0,-1134.0,,-5433.79
175,17,2.00,2,26.30,36.90,26.98,-4034.34,212.98,0.0,-32.98,,-4067.32
175,18,2.00,2,25.53,37.19,26.98,-3680.63,209.93,0.0,0.0,,-3680.63
175,19,2.00,2,24.79,36.33,27.76,0.0,244.98,0.0,0.0,,0.0
175,20,2.00,2,23.86,35.18,27.60,0.0,116.34,0.0,0.0,,0.0
175,21,2.00,2,22.95,33.90,27.09,0.0,0.00,0.0,0.0,,0.0
175,22,2.00,2,22.18,32.67,26.53,0.0,0.00,0.0,0.0,,0.0
175,23,2.00,2,21.43,31.51,25.95,0.0,0.00,0.0,0.0,,0.0
175,24,2.00,2,20.72,30.41,25.37,0.0,0.00,0.0,0.0,,0.0
175,1,3.00,2,20.22,29.38,24.81,0.0,0.00,0.0,-0.0,,0.0
175,2,3.00,2,19.44,28.37,24.22,0.0,0.00,0.0,-0.0,,0.0
175,3,3.00,2,18.54,27.37,23.61,0.0,0.00,0.0,0.0,,0.0
175,4,3.00,2,18.26,26.45,23.04,0.0,0.00,0.0,0.0,,0.0
175,5,3.00,2,17.66,25.56,22.46,0.0,0.00,0.0,0.0,,0.0
175,6,3.00,2,18.20,24.83,22.02,0.0,0.00,0.0,0.0,,0.0
175,7,3.00,2,18.70,24.22,21.67,0.0,0.00,0.0,-0.0,,0.0
175,8,3.00,2,19.70,25.76,23.45,0.0,14.08,0.0,0.0,,0.0
175,9,3.00,2,22.16,27.48,25.38,0.0,331.64,0.0,0.0,,0.0
175,10,3.00,2,23.89,29.22,27.31,0.0,291.11,0.0,0.0,,0.0
175,11,3.00,2,25.25,30.93,29.20,0.0,208.89,0.0,0.0,,0.0
175,12,3.00,2,26.48,32.69,31.12,0.0,213.32,0.0,0.0,,0.0
175,13,3.00,2,27.15,34.41,32.98,0.0,230.62,0.0,0.0,,0.0
175,14,3.00,2,27.64,36.02,34.73,0.0,228.67,0.0,0.0,,0.0
175,15,3.00,2,28.18,37.55,36.37,0.0,227.17,0.0,0.0,,0.0
175,16,3.00,2,28.69,38.98,37.91,0.0,224.49,0.0,0.0,,0.0
175,17,3.00,2,27.64,40.08,39.11,0.0,212.98,0.0,0.0,,0.0
175,18,3.00,2,26.66,40.86,39.98,0.0,209.93,0.0,0.0,,0.0
175,19,3.00,2,25.59,39.42,38.63,0.0,244.98,0.0,0.0,,0.0
175,20,3.00,2,24.71,37.98,37.25,0.0,116.34,0.0,0.0,,0.0
175,21,3.00,2,23.44,36.44,35.78,0.0,0.00,0.0,0.0,,0.0
175,22,3.00,2,22.53,34.99,34.39,0.0,0.00,0.0,0.0,,0.0
175,23,3.00,2,21.57,33.62,33.07,0.0,0.00,0.0,0.0,,0.0
175,24,3.00,2,20.59,32.29,31.80,0.0,0.00,0.0,0.0,,0.0
175,1,4.00,2,21.27,31.20,30.76,0.0,0.00,0.0,0.0,,0.0
175,2,4.00,2,20.29,30.11,29.70,0.0,0.00,0.0,0.0,,0.0
175,3,4.00,2,19.38,29.02,28.65,0.0,0.00,0.0,0.0,,0.0
175,4,4.00,2,19.13,28.03,27.70,0.0,0.00,0.0,0.0,,0.0
175,5,4.00,2,18.78,27.10,26.80,0.0,0.00,0.0,0.0,,0.0
175,6,4.00,2,18.00,26.18,25.90,0.0,0.00,0.0,0.0,,0.0
175,7,4.00,2,17.60,25.31,25.06,0.0,0.00,0.0,0.0,,0.0
175,8,4.00,2,18.66,26.65,26.42,0.0,14.08,0.0,0.0,,0.0
175,9,4.00,2,20.83,28.16,27.95,0.0,331.64,0.0,0.0,,0.0
175,10,4.00,2,22.78,29.72,29.54,0.0,291.11,0.0,0.0,,0.0
175,11,4.00,2,24.58,31.34,31.17,0.0,208.89,0.0,0.0,,0.0
175,12,4.00,2,25.60,32.98,32.83,0.0,213.32,0.0,0.0,,0.0
175,13,4.00,2,26.42,34.61,34.47,0.0,230.62,0.0,0.0,,0.0
175,14,4.00,2,27.25,36.18,36.05,0.0,228.67,0.0,0.0,,0.0
175,15,4.00,2,26.78,37.54,37.43,0.0,227.17,0.0,0.0,,0.0
175,16,4.00,2,26.30,38.73,38.62,0.0,224.49,0.0,0.0,,0.0
175,17,4.00,2,25.76,39.68,39.58,0.0,212.98,0.0,0.0,,0.0
175,18,4.00,2,24.87,40.34,40.25,0.0,209.93,0.0,0.0,,0.0
175,19,4.00,2,24.12,38.83,38.75,0.0,244.98,0.0,0.0,,0.0
175,20,4.00,2,23.17,37.30,37.22,0.0,116.34,0.0,0.0,,0.0
175,21,4.00,2,22.50,35.75,35.68,0.0,0.00,0.0,0.0,,0.0
175,22,4.00,2,21.56,34.28,34.22,0.0,0.00,0.0,0.0,,0.0
175,23,4.00,2,21.48,32.99,32.94,0.0,0.00,0.0,0.0,,0.0
175,24,4.00,2,20.73,31.76,31.71,0.0,0.00,0.0,0.0,,0.0
175,1,5.00,2,20.16,30.59,30.55,0.0,0.00,0.0,0.0,,0.0
175,2,5.00,2,19.42,29.47,29.43,0.0,0.00,0.0,0.0,,0.0
175,3,5.00,2,18.79,28.40,28.36,0.0,0.00,0.0,0.0,,0.0
175,4,5.00,2,18.27,27.38,27.35,0.0,0.00,0.0,0.0,,0.0
175,5,5.00,2,17.72,26.41,26.38,0.0,0.00,0.0,0.0,,0.0
175,6,5.00,2,17.22,25.49,25.46,0.0,0.00,0.0,0.0,,0.0
175,7,5.00,2,16.84,24.62,24.59,0.0,0.00,0.0,0.0,,0.0
175,8,5.00,2,18.10,25.37,25.34,0.0,14.08,0.0,0.0,,0.0
175,9,5.00,2,20.45,26.59,26.57,0.0,331.64,0.0,0.0,,0.0
175,10,5.00,2,22.25,27.93,26.98,-1320.65,291.11,0.0,0.0,,-1320.65
175,11,5.00,2,24.26,29.41,26.98,-2592.7,208.89,0.0,0.0,,-2592.7
175,12,5.00,2,25.67,30.94,26.98,-3344.97,213.32,0.0,-244.33,,-3589.2999999999997
175,13,5.00,2,26.48,32.41,26.98,-3838.78,230.62,0.0,-117.2,,-3955.98
175,14,5.00,2,27.70,33.88,26.98,-4312.1,228.67,0.0,-298.09,,-4610.1900000000005
175,15,5.00,2,27.12,35.00,26.98,-4280.74,227.17,0.0,-911.63,,-5192.37
175,16,5.00,2,26.67,35.89,26.98,-4208.75,224.49,0.0,-415.48,,-4624.23
175,17,5.00,2,25.81,36.45,26.98,-3918.78,212.98,0.0,-230.43,,-4149.21
175,18,5.00,2,24.77,36.69,26.98,-3487.46,209.93,0.0,-219.7,,-3707.16
175,19,5.00,2,23.94,35.80,27.65,0.0,244.98,0.0,0.0,,0.0
175,20,5.00,2,22.91,34.61,27.41,0.0,116.34,0.0,0.0,,0.0
175,21,5.00,2,22.20,33.32,26.85,0.0,0.00,0.0,0.0,,0.0
175,22,5.00,2,21.28,32.06,26.23,0.0,0.00,0.0,0.0,,0.0
175,23,5.00,2,21.41,30.98,25.70,0.0,0.00,0.0,0.0,,0.0
175,24,5.00,2,20.91,29.96,25.17,0.0,0.00,0.0,0.0,,0.0
175,1,6.00,2,20.42,28.99,24.65,0.0,0.00,0.0,0.0,,0.0
175,2,6.00,2,19.85,28.06,24.13,0.0,0.00,0.0,-0.0,,0.0
175,3,6.00,2,19.24,27.16,23.59,0.0,0.00,0.0,-0.0,,0.0
175,4,6.00,2,18.84,26.32,23.08,0.0,0.00,0.0,-0.0,,0.0
175,5,6.00,2,17.85,25.45,22.51,0.0,0.00,0.0,-0.0,,0.0
175,6,6.00,2,16.76,24.56,21.89,0.0,0.00,0.0,-0.0,,0.0
175,7,6.00,2,17.35,23.83,21.41,0.0,0.00,0.0,-0.0,,0.0
175,8,6.00,2,18.34,24.75,22.71,0.0,14.08,0.0,0.0,,0.0
175,9,6.00,2,20.75,26.10,24.36,0.0,331.64,0.0,0.0,,0.0
175,10,6.00,2,22.13,27.48,25.97,0.0,291.11,0.0,0.0,,0.0
175,11,6.00,2,23.45,28.87,26.98,-829.97,208.89,0.0,0.0,,-829.97
175,12,6.00,2,24.21,30.24,26.98,-2487.73,213.32,0.0,0.0,,-2487.73
175,13,6.00,2,24.74,31.54,26.98,-3123.93,230.62,0.0,0.0,,-3123.93
175,14,6.00,2,25.38,32.78,26.98,-3550.55,228.67,0.0,0.0,,-3550.55
175,15,6.00,2,26.19,33.98,26.98,-3915.69,227.17,0.0,0.0,,-3915.69
175,16,6.00,2,26.90,35.11,26.98,-4188.99,224.49,0.0,-121.74,,-4310.73
175,17,6.00,2,26.28,35.88,26.98,-4005.29,212.98,0.0,-282.02,,-4287.3099999999995
175,18,6.00,2,25.36,36.29,26.98,-3628.39,209.93,0.0,0.0,,-3628.39
175,19,6.00,2,24.48,35.47,27.72,0.0,244.98,0.0,0.0,,0.0
175,20,6.00,2,23.44,34.35,27.52,0.0,116.34,0.0,0.0,,0.0
175,21,6.00,2,22.79,33.13,27.01,0.0,0.00,0.0,0.0,,0.0
175,22,6.00,2,21.97,31.96,26.43,0.0,0.00,0.0,0.0,,0.0
175,23,6.00,2,22.12,30.95,25.95,0.0,0.00,0.0,0.0,,0.0
175,24,6.00,2,21.79,30.02,25.49,0.0,0.00,0.0,-0.0,,0.0
175,1,7.00,2,20.99,29.09,24.98,0.0,0.00,0.0,-0.0,,0.0
175,2,7.00,2,20.12,28.17,24.44,0.0,0.00,0.0,-0.0,,0.0
175,3,7.00,2,19.12,27.24,23.86,0.0,0.00,0.0,-0.0,,0.0
175,4,7.00,2,17.92,26.28,23.21,0.0,0.00,0.0,-0.0,,0.0
175,5,7.00,2,17.14,25.34,22.56,0.0,0.00,0.0,-0.0,,0.0
175,6,7.00,2,16.47,24.44,21.92,0.0,0.00,0.0,-0.0,,0.0
175,7,7.00,2,15.95,23.58,21.29,0.0,0.00,0.0,-0.0,,0.0
175,8,7.00,2,16.90,24.30,22.37,0.0,14.08,0.0,0.0,,0.0
175,9,7.00,2,19.38,25.52,23.87,0.0,331.64,0.0,0.0,,0.0
175,10,7.00,2,21.14,26.86,25.43,0.0,291.11,0.0,0.0,,0.0
175,11,7.00,2,23.14,28.33,26.98,-170.48,208.89,0.0,0.0,,-170.48
175,12,7.00,2,23.93,29.75,26.98,-2291.73,213.32,0.0,0.0,,-2291.73
175,13,7.00,2,24.49,31.09,26.98,-2997.44,230.62,0.0,0.0,,-2997.44
175,14,7.00,2,24.97,32.33,26.98,-3410.87,228.67,0.0,0.0,,-3410.87
175,15,7.00,2,25.81,33.54,26.98,-3795.09,227.17,0.0,0.0,,-3795.09
175,16,7.00,2,26.60,34.69,26.98,-4094.5,224.49,0.0,-224.33,,-4318.83
175,17,7.00,2,25.93,35.47,26.98,-3903.38,212.98,0.0,-130.46,,-4033.84
175,18,7.00,2,25.04,35.90,26.98,-3536.13,209.93,0.0,0.0,,-3536.13
175,19,7.00,2,23.93,35.05,27.65,0.0,244.98,0.0,0.0,,0.0
175,20,7.00,2,22.78,33.91,27.39,0.0,116.34,0.0,0.0,,0.0
175,21,7.00,2,21.73,32.63,26.78,0.0,0.00,0.0,0.0,,0.0
175,22,7.00,2,21.03,31.42,26.14,0.0,0.00,0.0,0.0,,0.0
175,23,7.00,2,20.37,30.28,25.50,0.0,0.00,0.0,0.0,,0.0
175,24,7.00,2,19.74,29.20,24.88,0.0,0.00,0.0,0.0,,0.0
175,1,1.00,2,19.49,28.22,24.30,0.0,0.00,0.0,0.0,,0.0
175,2,1.00,2,19.15,27.31,23.75,0.0,0.00,0.0,0.0,,0.0
175,3,1.00,2,18.98,26.47,23.25,0.0,0.00,0.0,-0.0,,0.0
175,4,1.00,2,18.59,25.67,22.75,0.0,0.00,0.0,-0.0,,0.0
175,5,1.00,2,17.68,24.85,22.20,0.0,0.00,0.0,-0.0,,0.0
175,6,1.00,2,16.98,24.05,21.64,0.0,0.00,0.0,-0.0,,0.0
175,7,1.00,2,16.58,23.28,21.10,0.0,0.00,0.0,-0.0,,0.0
175,8,1.00,2,15.96,23.87,22.03,0.0,14.08,0.0,0.0,,0.0
175,9,1.00,2,17.79,24.89,23.31,0.0,331.64,0.0,0.0,,0.0
175,10,1.00,2,19.77,26.12,24.76,0.0,291.11,0.0,0.0,,0.0
175,11,1.00,2,21.13,27.40,26.22,0.0,208.89,0.0,0.0,,0.0
175,12,1.00,2,22.20,28.71,26.98,-1001.82,213.32,0.0,0.0,,-1001.82
175,13,1.00,2,23.10,30.03,26.98,-2428.1,230.62,0.0,0.0,,-2428.1
175,14,1.00,2,24.16,31.33,26.98,-3082.66,228.67,0.0,0.0,,-3082.66
175,15,1.00,2,25.14,32.61,26.98,-3553.46,227.17,0.0,0.0,,-3553.46
175,16,1.00,2,26.08,33.83,26.98,-3917.08,224.49,0.0,-168.19,,-4085.27
175,17,1.00,2,25.82,34.73,26.98,-3843.21,212.98,0.0,-318.24,,-4161.45
175,18,1.00,2,25.22,35.30,26.98,-3566.11,209.93,0.0,-221.51,,-3787.62
175,19,1.00,2,24.41,34.56,27.70,0.0,244.98,0.0,0.0,,0.0
175,20,1.00,2,23.79,33.56,27.54,0.0,116.34,0.0,0.0,,0.0
175,21,1.00,2,23.33,32.48,27.08,0.0,0.00,0.0,0.0,,0.0
175,22,1.00,2,23.37,31.52,26.65,0.0,0.00,0.0,0.0,,0.0
175,23,1.00,2,23.11,30.64,26.24,0.0,0.00,0.0,-0.0,,0.0
175,24,1.00,2,22.98,29.85,25.86,0.0,0.00,0.0,-0.0,,0.0
175,1,2.00,2,22.67,29.10,25.49,0.0,0.00,0.0,-0.0,,0.0
175,2,2.00,2,22.75,28.45,25.17,0.0,0.00,0.0,-0.0,,0.0
175,3,2.00,2,22.76,27.86,24.88,0.0,0.00,0.0,-0.0,,0.0
175,4,2.00,2,22.77,27.32,24.63,0.0,0.00,0.0,-0.0,,0.0
175,5,2.00,2,22.50,26.81,24.36,0.0,0.00,0.0,-0.0,,0.0
175,6,2.00,2,22.25,26.32,24.10,0.0,0.00,0.0,-0.0,,0.0
175,7,2.00,2,22.34,25.89,23.87,0.0,0.00,0.0,-0.0,,0.0
175,8,2.00,2,22.49,27.11,25.42,0.0,14.08,0.0,-472.28,,-472.28
175,9,2.00,2,24.22,28.58,26.98,-211.61,331.64,0.0,-316.52,,-528.13
175,10,2.00,2,25.27,30.01,26.98,-2376.71,291.11,0.0,-800.55,,-3177.26
175,11,2.00,2,25.68,31.31,26.98,-3003.95,208.89,0.0,-336.04,,-3339.99
175,12,2.00,2,25.77,32.50,26.98,-3400.52,213.32,0.0,-629.86,,-4030.38
175,13,2.00,2,25.91,33.62,26.98,-3697.31,230.62,0.0,-444.88,,-4142.19
175,14,2.00,2,25.40,34.51,26.98,-3715.88,228.67,0.0,-286.97,,-4002.8500000000004
175,15,2.00,2,24.57,35.16,26.98,-3586.4,227.17,0.0,-8.64,,-3595.04
175,16,2.00,2,23.88,35.63,26.98,-3434.87,224.49,0.0,0.0,,-3434.87
175,17,2.00,2,22.87,35.82,26.98,-3099.14,212.98,0.0,0.0,,-3099.14
175,18,2.00,2,21.54,35.70,26.98,-2588.81,209.93,0.0,0.0,,-2588.81
175,19,2.00,2,20.47,34.64,27.19,0.0,244.98,0.0,0.0,,0.0
175,20,2.00,2,19.21,33.23,26.61,0.0,116.34,0.0,0.0,,0.0
175,21,2.00,2,18.22,31.69,25.74,0.0,0.00,0.0,0.0,,0.0
175,22,2.00,2,17.67,30.27,24.89,0.0,0.00,0.0,0.0,,0.0
175,23,2.00,2,16.71,28.91,24.03,0.0,0.00,0.0,0.0,,0.0
175,24,2.00,2,15.99,27.62,23.20,0.0,0.00,0.0,0.0,,0.0
175,1,3.00,2,15.09,26.37,22.36,0.0,0.00,0.0,0.0,,0.0
175,2,3.00,2,15.73,25.33,21.70,0.0,0.00,0.0,0.0,,0.0
175,3,3.00,2,16.24,24.45,21.16,0.0,0.00,0.0,0.0,,0.0
175,4,3.00,2,17.04,23.74,20.75,0.0,0.00,0.0,-0.0,,0.0
175,5,3.00,2,17.52,23.13,20.42,0.0,0.00,0.0,-0.0,,0.0
175,6,3.00,2,17.93,22.62,20.16,0.0,0.00,0.0,-0.0,,0.0
175,7,3.00,2,18.65,22.23,19.99,0.0,0.00,0.0,-0.0,,0.0
175,8,3.00,2,19.08,23.90,21.87,0.0,14.08,0.0,0.0,,0.0
175,9,3.00,2,21.51,25.73,23.89,0.0,331.64,0.0,0.0,,0.0
175,10,3.00,2,23.14,27.55,25.88,0.0,291.11,0.0,0.0,,0.0
175,11,3.00,2,24.20,29.32,27.80,0.0,208.89,0.0,0.0,,0.0
175,12,3.00,2,25.25,31.11,29.73,0.0,213.32,0.0,0.0,,0.0
175,13,3.00,2,26.01,32.87,31.62,0.0,230.62,0.0,0.0,,0.0
175,14,3.00,2,25.61,34.42,33.29,0.0,228.67,0.0,0.0,,0.0
175,15,3.00,2,25.04,35.78,34.75,0.0,227.17,0.0,0.0,,0.0
175,16,3.00,2,24.63,36.97,36.03,0.0,224.49,0.0,0.0,,0.0
175,17,3.00,2,23.75,37.89,37.04,0.0,212.98,0.0,0.0,,0.0
175,18,3.00,2,22.86,38.53,37.76,0.0,209.93,0.0,0.0,,0.0
175,19,3.00,2,22.02,36.99,36.29,0.0,244.98,0.0,0.0,,0.0
175,20,3.00,2,20.78,35.41,34.77,0.0,116.34,0.0,0.0,,0.0
175,21,3.00,2,19.71,33.77,33.19,0.0,0.00,0.0,0.0,,0.0
175,22,3.00,2,19.04,32.26,31.74,0.0,0.00,0.0,0.0,,0.0
175,23,3.00,2,18.35,30.86,30.38,0.0,0.00,0.0,0.0,,0.0
175,24,3.00,2,17.86,29.56,29.13,0.0,0.00,0.0,0.0,,0.0
175,1,4.00,2,17.24,28.34,27.94,0.0,0.00,0.0,0.0,,0.0
175,2,4.00,2,16.57,27.17,26.81,0.0,0.00,0.0,0.0,,0.0
175,3,4.00,2,15.76,26.03,25.71,0.0,0.00,0.0,0.0,,0.0
175,4,4.00,2,15.06,24.94,24.64,0.0,0.00,0.0,0.0,,0.0
175,5,4.00,2,14.48,23.90,23.63,0.0,0.00,0.0,0.0,,0.0
175,6,4.00,2,14.04,22.92,22.68,0.0,0.00,0.0,0.0,,0.0
175,7,4.00,2,14.98,22.15,21.93,0.0,0.00,0.0,0.0,,0.0
175,8,4.00,2,16.21,23.58,23.38,0.0,14.08,0.0,0.0,,0.0
175,9,4.00,2,18.51,25.17,24.99,0.0,331.64,0.0,0.0,,0.0
175,10,4.00,2,20.74,26.85,26.68,0.0,291.11,0.0,0.0,,0.0
175,11,4.00,2,22.01,28.49,28.34,0.0,208.89,0.0,0.0,,0.0
175,12,4.00,2,23.48,30.21,30.08,0.0,213.32,0.0,0.0,,0.0
175,13,4.00,2,24.48,31.93,31.80,0.0,230.62,0.0,0.0,,0.0
175,14,4.00,2,25.30,33.57,33.46,0.0,228.67,0.0,0.0,,0.0
175,15,4.00,2,24.65,34.99,34.89,0.0,227.17,0.0,0.0,,0.0
175,16,4.00,2,24.19,36.22,36.12,0.0,224.49,0.0,0.0,,0.0
175,17,4.00,2,23.21,37.16,37.07,0.0,212.98,0.0,0.0,,0.0
175,18,4.00,2,22.06,37.79,37.71,0.0,209.93,0.0,0.0,,0.0
175,19,4.00,2,21.22,36.25,36.18,0.0,244.98,0.0,0.0,,0.0
175,20,4.00,2,20.18,34.68,34.62,0.0,116.34,0.0,0.0,,0.0
175,21,4.00,2,19.21,33.07,33.01,0.0,0.00,0.0,0.0,,0.0
175,22,4.00,2,18.66,31.60,31.54,0.0,0.00,0.0,0.0,,0.0
175,23,4.00,2,18.07,30.23,30.18,0.0,0.00,0.0,0.0,,0.0
175,24,4.00,2,17.25,28.93,28.89,0.0,0.00,0.0,0.0,,0.0
175,1,5.00,2,16.40,27.68,27.64,0.0,0.00,0.0,0.0,,0.0
175,2,5.00,2,15.47,26.46,26.43,0.0,0.00,0.0,0.0,,0.0
175,3,5.00,2,14.67,25.29,25.26,0.0,0.00,0.0,0.0,,0.0
175,4,5.00,2,14.21,24.19,24.16,0.0,0.00,0.0,0.0,,0.0
175,5,5.00,2,14.87,23.29,23.26,0.0,0.00,0.0,0.0,,0.0
175,6,5.00,2,15.58,22.55,22.52,0.0,0.00,0.0,0.0,,0.0
175,7,5.00,2,16.30,21.95,21.92,0.0,0.00,0.0,0.0,,0.0
175,8,5.00,2,16.79,22.92,22.90,0.0,14.08,0.0,0.0,,0.0
175,9,5.00,2,18.74,24.23,24.22,0.0,331.64,0.0,0.0,,0.0
175,10,5.00,2,21.15,25.78,25.76,0.0,291.11,0.0,0.0,,0.0
175,11,5.00,2,22.53,27.29,26.98,-425.94,208.89,0.0,0.0,,-425.94
175,12,5.00,2,23.72,28.83,26.98,-2334.24,213.32,0.0,0.0,,-2334.24
175,13,5.00,2,24.60,30.33,26.98,-3071.5,230.62,0.0,0.0,,-3071.5
175,14,5.00,2,25.41,31.75,26.98,-3551.83,228.67,0.0,0.0,,-3551.83
175,15,5.00,2,25.05,32.89,26.98,-3626.41,227.17,0.0,0.0,,-3626.41
175,16,5.00,2,24.67,33.80,26.98,-3602.07,224.49,0.0,0.0,,-3602.07
175,17,5.00,2,24.08,34.43,26.98,-3399.41,212.98,0.0,0.0,,-3399.41
175,18,5.00,2,23.21,34.75,26.98,-3028.1,209.93,0.0,0.0,,-3028.1
175,19,5.00,2,22.37,33.89,27.43,0.0,244.98,0.0,0.0,,0.0
175,20,5.00,2,21.37,32.74,27.05,0.0,116.34,0.0,0.0,,0.0
175,21,5.00,2,20.53,31.46,26.36,0.0,0.00,0.0,0.0,,0.0
175,22,5.00,2,19.85,30.26,25.66,0.0,0.00,0.0,0.0,,0.0
175,23,5.00,2,19.36,29.14,24.98,0.0,0.00,0.0,0.0,,0.0
175,24,5.00,2,18.81,28.10,24.33,0.0,0.00,0.0,0.0,,0.0
175,1,6.00,2,18.30,27.11,23.69,0.0,0.00,0.0,0.0,,0.0
175,2,6.00,2,17.62,26.15,23.05,0.0,0.00,0.0,0.0,,0.0
175,3,6.00,2,16.96,25.22,22.41,0.0,0.00,0.0,0.0,,0.0
175,4,6.00,2,16.51,24.34,21.79,0.0,0.00,0.0,-0.0,,0.0
175,5,6.00,2,16.08,23.51,21.19,0.0,0.00,0.0,-0.0,,0.0
175,6,6.00,2,15.76,22.73,20.63,0.0,0.00,0.0,0.0,,0.0
175,7,6.00,2,16.37,22.10,20.19,0.0,0.00,0.0,-0.0,,0.0
175,8,6.00,2,16.92,23.06,21.98,729.1,14.08,0.0,0.0,,729.1
175,9,6.00,2,19.24,24.44,23.38,0.0,331.64,0.0,0.0,,0.0
175,10,6.00,2,21.14,25.93,24.99,0.0,291.11,0.0,0.0,,0.0
175,11,6.00,2,22.92,27.49,26.67,0.0,208.89,0.0,0.0,,0.0
175,12,6.00,2,24.28,29.09,26.98,-1965.68,213.32,0.0,0.0,,-1965.68
175,13,6.00,2,25.05,30.62,26.98,-3033.32,230.62,0.0,0.0,,-3033.32
175,14,6.00,2,25.76,32.04,26.98,-3566.64,228.67,0.0,0.0,,-3566.64
175,15,6.00,2,25.28,33.16,26.98,-3648.83,227.17,0.0,0.0,,-3648.83
175,16,6.00,2,24.40,33.97,26.98,-3514.75,224.49,0.0,0.0,,-3514.75
175,17,6.00,2,23.77,34.53,26.98,-3305.24,212.98,0.0,0.0,,-3305.24
175,18,6.00,2,22.64,34.74,26.98,-2867.46,209.93,0.0,0.0,,-2867.46
175,19,6.00,2,21.89,33.86,27.37,0.0,244.98,0.0,0.0,,0.0
175,20,6.00,2,20.94,32.67,26.95,0.0,116.34,0.0,0.0,,0.0
175,21,6.00,2,20.09,31.36,26.23,0.0,0.00,0.0,0.0,,0.0
175,22,6.00,2,19.55,30.14,25.51,0.0,0.00,0.0,0.0,,0.0
175,23,6.00,2,19.29,29.04,24.85,0.0,0.00,0.0,0.0,,0.0
175,24,6.00,2,18.48,27.97,24.17,0.0,0.00,0.0,0.0,,0.0
175,1,7.00,2,17.81,26.94,23.50,0.0,0.00,0.0,0.0,,0.0
175,2,7.00,2,17.26,25.97,22.84,0.0,0.00,0.0,0.0,,0.0
175,3,7.00,2,16.83,25.05,22.21,0.0,0.00,0.0,0.0,,0.0
175,4,7.00,2,16.34,24.17,21.60,0.0,0.00,0.0,-0.0,,0.0
175,5,7.00,2,15.83,23.33,21.00,0.0,0.00,0.0,-0.0,,0.0
175,6,7.00,2,16.60,22.67,20.55,0.0,0.00,0.0,-0.0,,0.0
175,7,7.00,2,17.52,22.17,20.25,0.0,0.00,0.0,-0.0,,0.0
175,8,7.00,2,17.83,23.27,21.98,459.97,14.08,0.0,0.0,,459.97
175,9,7.00,2,19.94,24.71,23.52,0.0,331.64,0.0,0.0,,0.0
175,10,7.00,2,22.07,26.29,25.25,0.0,291.11,0.0,0.0,,0.0
175,11,7.00,2,24.09,27.98,26.98,-126.29,208.89,0.0,0.0,,-126.29
175,12,7.00,2,25.17,29.62,26.98,-2531.66,213.32,0.0,0.0,,-2531.66
175,13,7.00,2,26.01,31.20,26.98,-3361.44,230.62,0.0,0.0,,-3361.44
175,14,7.00,2,26.66,32.66,26.98,-3850.71,228.67,0.0,0.0,,-3850.71
175,15,7.00,2,26.25,33.83,26.98,-3936.07,227.17,0.0,-226.46,,-4162.53
175,16,7.00,2,25.61,34.72,26.98,-3858.31,224.49,0.0,0.0,,-3858.31
175,17,7.00,2,25.04,35.36,26.98,-3664.34,212.98,0.0,0.0,,-3664.34
175,18,7.00,2,23.95,35.63,26.98,-3237.11,209.93,0.0,0.0,,-3237.11
175,19,7.00,2,23.05,34.76,27.53,0.0,244.98,0.0,0.0,,0.0
175,20,7.00,2,21.79,33.56,27.18,0.0,116.34,0.0,0.0,,0.0
175,21,7.00,2,20.78,32.22,26.50,0.0,0.00,0.0,0.0,,0.0
175,22,7.00,2,20.64,31.02,25.86,0.0,0.00,0.0,0.0,,0.0
175,23,7.00,2,20.01,29.90,25.22,0.0,0.00,0.0,0.0,,0.0
175,24,7.00,2,19.61,28.86,24.62,0.0,0.00,0.0,0.0,,0.0
175,1,1.00,2,18.96,27.86,24.02,0.0,0.00,0.0,0.0,,0.0
175,2,1.00,2,18.03,26.86,23.38,0.0,0.00,0.0,-0.0,,0.0
175,3,1.00,2,17.29,25.89,22.73,0.0,0.00,0.0,-0.0,,0.0
175,4,1.00,2,16.48,24.94,22.07,0.0,0.00,0.0,-0.0,,0.0
175,5,1.00,2,15.86,24.02,21.42,0.0,0.00,0.0,-0.0,,0.0
175,6,1.00,2,16.48,23.27,20.91,0.0,0.00,0.0,-0.0,,0.0
175,7,1.00,2,17.21,22.68,20.54,0.0,0.00,0.0,-0.0,,0.0
175,8,1.00,2,17.87,23.71,21.98,97.09,14.08,0.0,0.0,,97.09
175,9,1.00,2,20.18,25.13,23.63,0.0,331.64,0.0,0.0,,0.0
175,10,1.00,2,22.34,26.70,25.40,0.0,291.11,0.0,0.0,,0.0
175,11,1.00,2,24.05,28.31,26.98,-288.79,208.89,0.0,0.0,,-288.79
175,12,1.00,2,25.47,29.96,26.98,-2647.9,213.32,0.0,0.0,,-2647.9
175,13,1.00,2,26.34,31.55,26.98,-3472.69,230.62,0.0,-251.67,,-3724.36
175,14,1.00,2,26.97,33.00,26.98,-3948.6,228.67,0.0,-306.53,,-4255.13
175,15,1.00,2,26.51,34.16,26.98,-4016.51,227.17,0.0,-662.75,,-4679.26
175,16,1.00,2,26.11,35.09,26.98,-3996.01,224.49,0.0,-120.72,,-4116.7300000000005
175,17,1.00,2,25.21,35.68,26.98,-3721.3,212.98,0.0,-38.09,,-3759.3900000000003
175,18,1.00,2,23.99,35.91,26.98,-3255.34,209.93,0.0,-66.38,,-3321.7200000000003
175,19,1.00,2,22.99,35.00,27.52,0.0,244.98,0.0,0.0,,0.0
175,20,1.00,2,21.92,33.79,27.19,0.0,116.34,0.0,0.0,,0.0
175,21,1.00,2,21.15,32.47,26.55,0.0,0.00,0.0,0.0,,0.0
175,22,1.00,2,20.42,31.22,25.88,0.0,0.00,0.0,0.0,,0.0
175,23,1.00,2,19.49,30.02,25.18,0.0,0.00,0.0,0.0,,0.0
175,24,1.00,2,18.83,28.89,24.50,0.0,0.00,0.0,0.0,,0.0
175,1,2.00,2,17.95,27.78,23.81,0.0,0.00,0.0,0.0,,0.0
175,2,2.00,2,17.14,26.71,23.10,0.0,0.00,0.0,0.0,,0.0
175,3,2.00,2,16.35,25.67,22.40,0.0,0.00,0.0,0.0,,0.0
175,4,2.00,2,15.98,24.70,21.73,0.0,0.00,0.0,-0.0,,0.0
175,5,2.00,2,15.48,23.78,21.08,0.0,0.00,0.0,-0.0,,0.0
175,6,2.00,2,15.02,22.90,20.46,0.0,0.00,0.0,0.0,,0.0
175,7,2.00,2,16.06,22.24,20.02,0.0,0.00,0.0,0.0,,0.0
175,8,2.00,2,17.11,23.22,21.98,874.79,14.08,0.0,0.0,,874.79
175,9,2.00,2,19.75,24.67,23.45,0.0,331.64,0.0,0.0,,0.0
175,10,2.00,2,22.13,26.29,25.20,0.0,291.11,0.0,0.0,,0.0
175,11,2.00,2,23.73,27.91,26.96,0.0,208.89,0.0,0.0,,0.0
175,12,2.00,2,25.17,29.58,26.98,-2495.88,213.32,0.0,0.0,,-2495.88
175,13,2.00,2,26.30,31.22,26.98,-3423.7,230.62,0.0,-0.14,,-3423.8399999999997
175,14,2.00,2,27.13,32.76,26.98,-3969.55,228.67,0.0,-513.13,,-4482.68
175,15,2.00,2,26.50,33.94,26.98,-4007.78,227.17,0.0,-590.44,,-4598.22
175,16,2.00,2,26.05,34.89,26.98,-3976.07,224.49,0.0,0.0,,-3976.07
175,17,2.00,2,25.34,35.53,26.98,-3749.77,212.98,0.0,0.0,,-3749.77
175,18,2.00,2,24.21,35.81,26.98,-3311.7,209.93,0.0,0.0,,-3311.7
175,19,2.00,2,23.36,34.95,27.57,0.0,244.98,0.0,0.0,,0.0
175,20,2.00,2,22.09,33.76,27.25,0.0,116.34,0.0,0.0,,0.0
175,21,2.00,2,21.02,32.42,26.58,0.0,0.00,0.0,0.0,,0.0
175,22,2.00,2,20.60,31.20,25.93,0.0,0.00,0.0,0.0,,0.0
175,23,2.00,2,19.66,30.01,25.24,0.0,0.00,0.0,0.0,,0.0
175,24,2.00,2,19.00,28.90,24.57,0.0,0.00,0.0,0.0,,0.0
175,1,3.00,2,18.32,27.83,23.91,0.0,0.00,0.0,0.0,,0.0
175,2,3.00,2,17.62,26.80,23.24,0.0,0.00,0.0,0.0,,0.0
175,3,3.00,2,16.79,25.79,22.56,0.0,0.00,0.0,-0.0,,0.0
175,4,3.00,2,15.80,24.78,21.85,0.0,0.00,0.0,-0.0,,0.0
175,5,3.00,2,15.08,23.80,21.15,0.0,0.00,0.0,-0.0,,0.0
175,6,3.00,2,15.75,23.01,20.60,0.0,0.00,0.0,0.0,,0.0
175,7,3.00,2,16.52,22.38,20.19,0.0,0.00,0.0,0.0,,0.0
175,8,3.00,2,17.15,23.86,21.88,0.0,14.08,0.0,0.0,,0.0
175,9,3.00,2,19.31,25.49,23.69,0.0,331.64,0.0,0.0,,0.0
175,10,3.00,2,21.77,27.23,25.60,0.0,291.11,0.0,0.0,,0.0
175,11,3.00,2,23.10,28.95,27.46,0.0,208.89,0.0,0.0,,0.0
175,12,3.00,2,24.11,30.67,29.32,0.0,213.32,0.0,0.0,,0.0
175,13,3.00,2,25.42,32.43,31.21,0.0,230.62,0.0,0.0,,0.0
175,14,3.00,2,26.23,34.12,33.01,0.0,228.67,0.0,0.0,,0.0
175,15,3.00,2,26.77,35.70,34.69,0.0,227.17,0.0,0.0,,0.0
175,16,3.00,2,27.37,37.19,36.27,0.0,224.49,0.0,0.0,,0.0
175,17,3.00,2,26.61,38.37,37.54,0.0,212.98,0.0,0.0,,0.0
175,18,3.00,2,25.51,39.21,38.46,0.0,209.93,0.0,0.0,,0.0
175,19,3.00,2,24.50,37.83,37.15,0.0,244.98,0.0,0.0,,0.0
175,20,3.00,2,23.44,36.42,35.80,0.0,116.34,0.0,0.0,,0.0
175,21,3.00,2,22.59,34.95,34.39,0.0,0.00,0.0,0.0,,0.0
175,22,3.00,2,21.76,33.58,33.07,0.0,0.00,0.0,0.0,,0.0
175,23,3.00,2,21.24,32.32,31.86,0.0,0.00,0.0,0.0,,0.0
175,24,3.00,2,20.44,31.12,30.70,0.0,0.00,0.0,0.0,,0.0
175,1,4.00,2,19.72,29.97,29.59,0.0,0.00,0.0,0.0,,0.0
175,2,4.00,2,18.95,28.86,28.51,0.0,0.00,0.0,0.0,,0.0
175,3,4.00,2,18.04,27.77,27.45,0.0,0.00,0.0,0.0,,0.0
175,4,4.00,2,17.20,26.71,26.42,0.0,0.00,0.0,0.0,,0.0
175,5,4.00,2,16.22,25.65,25.39,0.0,0.00,0.0,0.0,,0.0
175,6,4.00,2,16.99,24.80,24.56,0.0,0.00,0.0,0.0,,0.0
175,7,4.00,2,17.63,24.10,23.89,0.0,0.00,0.0,0.0,,0.0
175,8,4.00,2,18.31,25.53,25.33,0.0,14.08,0.0,0.0,,0.0
175,9,4.00,2,20.76,27.14,26.96,0.0,331.64,0.0,0.0,,0.0
175,10,4.00,2,22.78,28.81,28.65,0.0,291.11,0.0,0.0,,0.0
175,11,4.00,2,24.14,30.47,30.32,0.0,208.89,0.0,0.0,,0.0
175,12,4.00,2,25.37,32.17,32.04,0.0,213.32,0.0,0.0,,0.0
175,13,4.00,2,26.17,33.85,33.73,0.0,230.62,0.0,0.0,,0.0
175,14,4.00,2,26.78,35.45,35.34,0.0,228.67,0.0,0.0,,0.0
175,15,4.00,2,26.55,36.87,36.76,0.0,227.17,0.0,0.0,,0.0
175,16,4.00,2,26.47,38.14,38.05,0.0,224.49,0.0,0.0,,0.0
175,17,4.00,2,26.11,39.18,39.10,0.0,212.98,0.0,0.0,,0.0
175,18,4.00,2,25.51,39.96,39.89,0.0,209.93,0.0,0.0,,0.0
175,19,4.00,2,24.71,38.54,38.47,0.0,244.98,0.0,0.0,,0.0
175,20,4.00,2,23.62,37.08,37.02,0.0,116.34,0.0,0.0,,0.0
175,21,4.00,2,22.94,35.59,35.54,0.0,0.00,0.0,0.0,,0.0
175,22,4.00,2,22.96,34.29,34.24,0.0,0.00,0.0,0.0,,0.0
175,23,4.00,2,22.65,33.11,33.06,0.0,0.00,0.0,0.0,,0.0
175,24,4.00,2,22.19,32.01,31.96,0.0,0.00,0.0,0.0,,0.0
175,1,5.00,2,21.71,30.97,30.93,0.0,0.00,0.0,0.0,,0.0
175,2,5.00,2,21.21,29.98,29.95,0.0,0.00,0.0,0.0,,0.0
175,3,5.00,2,20.74,29.05,29.01,0.0,0.00,0.0,0.0,,0.0
175,4,5.00,2,20.24,28.16,28.12,0.0,0.00,0.0,0.0,,0.0
175,5,5.00,2,19.97,27.33,27.30,0.0,0.00,0.0,0.0,,0.0
175,6,5.00,2,19.70,26.55,26.53,0.0,0.00,0.0,0.0,,0.0
175,7,5.00,2,19.28,25.81,25.79,0.0,0.00,0.0,0.0,,0.0
175,8,5.00,2,20.42,26.74,26.72,0.0,14.08,0.0,0.0,,0.0
175,9,5.00,2,22.93,28.12,26.98,-1581.88,331.64,0.0,-210.54,,-1792.42
175,10,5.00,2,24.59,29.56,26.98,-2646.3,291.11,0.0,-824.46,,-3470.76
175,11,5.00,2,25.82,30.99,26.98,-3259.67,208.89,0.0,-781.45,,-4041.12
175,12,5.00,2,26.69,32.41,26.98,-3761.14,213.32,0.0,-757.78,,-4518.92
175,13,5.00,2,27.44,33.79,26.98,-4176.89,230.62,0.0,-1025.54,,-5202.43
175,14,5.00,2,27.23,34.93,26.98,-4254.73,228.67,0.0,-532.21,,-4786.94
175,15,5.00,2,26.94,35.88,26.98,-4258.89,227.17,0.0,-729.83,,-4988.72
175,16,5.00,2,26.76,36.67,26.98,-4240.67,224.49,0.0,-475.86,,-4716.53
175,17,5.00,2,26.20,37.20,26.98,-4027.29,212.98,0.0,-714.65,,-4741.94
175,18,5.00,2,25.13,37.39,26.98,-3593.87,209.93,0.0,-716.29,,-4310.16
175,19,5.00,2,24.15,36.47,27.69,0.0,244.98,0.0,0.0,,0.0
175,20,5.00,2,23.06,35.23,27.46,0.0,116.34,0.0,0.0,,0.0
175,21,5.00,2,22.42,33.90,26.92,0.0,0.00,0.0,0.0,,0.0
175,22,5.00,2,22.35,32.71,26.41,0.0,0.00,0.0,0.0,,0.0
175,23,5.00,2,21.72,31.59,25.88,0.0,0.00,0.0,0.0,,0.0
175,24,5.00,2,21.31,30.55,25.38,0.0,0.00,0.0,-0.0,,0.0
175,1,6.00,2,21.02,29.58,24.90,0.0,0.00,0.0,-0.0,,0.0
175,2,6.00,2,20.70,28.69,24.43,0.0,0.00,0.0,-0.0,,0.0
175,3,6.00,2,20.56,27.87,24.01,0.0,0.00,0.0,-0.0,,0.0
175,4,6.00,2,19.82,27.04,23.54,0.0,0.00,0.0,-0.0,,0.0
175,5,6.00,2,19.32,26.25,23.08,0.0,0.00,0.0,-0.0,,0.0
175,6,6.00,2,19.69,25.59,22.71,0.0,0.00,0.0,-0.0,,0.0
175,7,6.00,2,19.99,25.02,22.41,0.0,0.00,0.0,-0.0,,0.0
175,8,6.00,2,20.83,26.14,23.95,0.0,14.08,0.0,0.0,,0.0
175,9,6.00,2,22.27,27.48,25.59,0.0,331.64,0.0,0.0,,0.0
175,10,6.00,2,23.50,28.83,26.98,-314.0,291.11,0.0,0.0,,-314.0
175,11,6.00,2,24.90,30.23,26.98,-2401.69,208.89,0.0,0.0,,-2401.69
175,12,6.00,2,25.63,31.60,26.98,-3161.31,213.32,0.0,-109.1,,-3270.41
175,13,6.00,2,26.07,32.89,26.98,-3637.07,230.62,0.0,-291.87,,-3928.94
175,14,6.00,2,26.43,34.07,26.98,-3926.94,228.67,0.0,-144.07,,-4071.01
175,15,6.00,2,26.95,35.18,26.98,-4182.29,227.17,0.0,-562.5,,-4744.79
175,16,6.00,2,27.30,36.18,26.98,-4339.55,224.49,0.0,-588.43,,-4927.9800000000005
175,17,6.00,2,27.08,36.92,26.98,-4240.08,212.98,0.0,-787.74,,-5027.82
175,18,6.00,2,26.05,37.28,26.98,-3835.15,209.93,0.0,-900.71,,-4735.860000000001
175,19,6.00,2,25.05,36.43,27.80,0.0,244.98,0.0,0.0,,0.0
175,20,6.00,2,24.23,35.30,27.69,0.0,116.34,0.0,0.0,,0.0
175,21,6.00,2,23.94,34.11,27.28,0.0,0.00,0.0,0.0,,0.0
175,22,6.00,2,24.26,33.09,26.92,0.0,0.00,0.0,0.0,,0.0
175,23,6.00,2,23.87,32.14,26.55,0.0,0.00,0.0,-0.0,,0.0
175,24,6.00,2,23.72,31.27,26.21,0.0,0.00,0.0,-0.0,,0.0
175,1,7.00,2,23.54,30.48,25.89,0.0,0.00,0.0,-0.0,,0.0
175,2,7.00,2,23.73,29.79,25.63,0.0,0.00,0.0,-0.0,,0.0
175,3,7.00,2,23.82,29.17,25.40,0.0,0.00,0.0,-0.0,,0.0
175,4,7.00,2,23.71,28.60,25.18,0.0,0.00,0.0,-0.0,,0.0
175,5,7.00,2,23.83,28.10,24.99,0.0,0.00,0.0,-0.0,,0.0
175,6,7.00,2,23.64,27.62,24.80,0.0,0.00,0.0,-0.0,,0.0
175,7,7.00,2,23.89,27.22,24.66,0.0,0.00,0.0,-0.0,,0.0
175,8,7.00,2,23.37,28.35,26.20,0.0,14.08,0.0,0.0,,0.0
175,9,7.00,2,24.88,29.73,26.98,-1274.76,331.64,0.0,-191.31,,-1466.07
175,10,7.00,2,25.98,31.10,26.98,-2769.49,291.11,0.0,-333.64,,-3103.1299999999997
175,11,7.00,2,26.27,32.32,26.98,-3268.06,208.89,0.0,-152.71,,-3420.77
175,12,7.00,2,25.73,33.34,26.98,-3458.78,213.32,0.0,-180.15,,-3638.9300000000003
175,13,7.00,2,25.29,34.22,26.98,-3574.51,230.62,0.0,-75.72,,-3650.23
175,14,7.00,2,24.70,34.92,26.98,-3544.57,228.67,0.0,0.0,,-3544.57
175,15,7.00,2,24.54,35.54,26.98,-3573.32,227.17,0.0,0.0,,-3573.32
175,16,7.00,2,24.25,36.04,26.98,-3531.49,224.49,0.0,0.0,,-3531.49
175,17,7.00,2,23.71,36.32,26.98,-3322.77,212.98,0.0,0.0,,-3322.77
175,18,7.00,2,22.65,36.30,26.98,-2890.9,209.93,0.0,0.0,,-2890.9
175,19,7.00,2,21.58,35.28,27.34,0.0,244.98,0.0,0.0,,0.0
175,20,7.00,2,20.46,33.93,26.88,0.0,116.34,0.0,0.0,,0.0
175,21,7.00,2,19.62,32.47,26.12,0.0,0.00,0.0,0.0,,0.0
175,22,7.00,2,19.29,31.13,25.39,0.0,0.00,0.0,0.0,,0.0
175,23,7.00,2,18.18,29.82,24.62,0.0,0.00,0.0,0.0,,0.0
175,24,7.00,2,17.55,28.59,23.88,0.0,0.00,0.0,0.0,,0.0
175,1,1.00,2,17.45,27.48,23.22,0.0,0.00,0.0,0.0,,0.0
175,2,1.00,2,17.35,26.48,22.61,0.0,0.00,0.0,0.0,,0.0
175,3,1.00,2,17.50,25.60,22.09,0.0,0.00,0.0,0.0,,0.0
175,4,1.00,2,17.49,24.80,21.61,0.0,0.00,0.0,0.0,,0.0
175,5,1.00,2,17.46,24.07,21.17,0.0,0.00,0.0,-0.0,,0.0
175,6,1.00,2,17.48,23.41,20.78,0.0,0.00,0.0,-0.0,,0.0
175,7,1.00,2,18.20,22.89,20.51,0.0,0.00,0.0,-0.0,,0.0
175,8,1.00,2,18.98,24.06,22.06,0.0,14.08,0.0,-84.8,,-84.8
175,9,1.00,2,21.15,25.57,23.85,0.0,331.64,0.0,-92.04,,-92.04
175,10,1.00,2,23.54,27.25,25.77,0.0,291.11,0.0,0.0,,0.0
175,11,1.00,2,26.03,29.09,26.98,-1167.58,208.89,0.0,0.0,,-1167.58
175,12,1.00,2,28.18,31.04,26.98,-3440.37,213.32,0.0,-1405.63,,-4846.0
175,13,1.00,2,27.43,32.56,26.98,-3840.16,230.62,0.0,-610.34,,-4450.5
175,14,1.00,2,26.93,33.80,26.98,-3994.9,228.67,0.0,-286.79,,-4281.6900000000005
175,15,1.00,2,26.07,34.75,26.98,-3926.01,227.17,0.0,-360.64,,-4286.650000000001
175,16,1.00,2,24.74,35.36,26.98,-3649.98,224.49,0.0,-355.01,,-4004.99
175,17,1.00,2,23.94,35.73,26.98,-3375.89,212.98,0.0,-379.07,,-3754.96
175,18,1.00,2,23.39,35.90,26.98,-3075.35,209.93,0.0,-37.64,,-3112.99
175,19,1.00,2,22.31,34.95,27.43,0.0,244.98,0.0,0.0,,0.0
175,20,1.00,2,21.84,33.77,27.11,0.0,116.34,0.0,0.0,,0.0
175,21,1.00,2,21.43,32.49,26.51,0.0,0.00,0.0,0.0,,0.0
175,22,1.00,2,21.45,31.36,25.96,0.0,0.00,0.0,0.0,,0.0
175,23,1.00,2,20.85,30.29,25.40,0.0,0.00,0.0,0.0,,0.0
175,24,1.00,2,20.57,29.30,24.87,0.0,0.00,0.0,0.0,,0.0
175,1,2.00,2,20.58,28.43,24.41,0.0,0.00,0.0,-0.0,,0.0
175,2,2.00,2,20.34,27.61,23.97,0.0,0.00,0.0,-0.0,,0.0
175,3,2.00,2,20.05,26.84,23.54,0.0,0.00,0.0,-0.0,,0.0
175,4,2.00,2,20.04,26.15,23.15,0.0,0.00,0.0,-0.0,,0.0
175,5,2.00,2,19.77,25.50,22.78,0.0,0.00,0.0,-0.0,,0.0
175,6,2.00,2,19.25,24.85,22.38,0.0,0.00,0.0,-0.0,,0.0
175,7,2.00,2,18.82,24.22,21.98,0.0,0.00,0.0,-0.0,,0.0
175,8,2.00,2,20.04,25.34,23.46,0.0,14.08,0.0,-436.15,,-436.15
175,9,2.00,2,22.96,26.95,25.33,0.0,331.64,0.0,-604.63,,-604.63
175,10,2.00,2,25.21,28.67,26.98,-416.55,291.11,0.0,-187.98,,-604.53
175,11,2.00,2,27.16,30.44,26.98,-2920.88,208.89,0.0,-949.13,,-3870.01
175,12,2.00,2,27.18,31.97,26.98,-3564.41,213.32,0.0,-938.58,,-4502.99
175,13,2.00,2,27.11,33.32,26.98,-3924.34,230.62,0.0,-541.13,,-4465.47
175,14,2.00,2,27.01,34.49,26.98,-4097.3,228.67,0.0,-471.8,,-4569.1
175,15,2.00,2,27.19,35.54,26.98,-4258.3,227.17,0.0,-626.81,,-4885.110000000001
175,16,2.00,2,27.05,36.43,26.98,-4284.66,224.49,0.0,-862.12,,-5146.78
175,17,2.00,2,26.95,37.11,26.98,-4203.96,212.98,0.0,-1062.28,,-5266.24
175,18,2.00,2,26.72,37.57,26.98,-4001.38,209.93,0.0,-1195.55,,-5196.93
175,19,2.00,2,25.86,36.77,27.90,0.0,244.98,0.0,0.0,,0.0
175,20,2.00,2,24.63,35.64,27.81,0.0,116.34,0.0,0.0,,0.0
175,21,2.00,2,24.24,34.44,27.42,0.0,0.00,0.0,0.0,,0.0
175,22,2.00,2,24.25,33.38,27.04,0.0,0.00,0.0,0.0,,0.0
175,23,2.00,2,23.88,32.40,26.66,0.0,0.00,0.0,-0.0,,0.0
175,24,2.00,2,23.82,31.52,26.32,0.0,0.00,0.0,-0.0,,0.0
175,1,3.00,2,23.72,30.72,26.01,0.0,0.00,0.0,-0.0,,0.0
175,2,3.00,2,23.65,30.00,25.72,0.0,0.00,0.0,-0.0,,0.0
175,3,3.00,2,23.49,29.32,25.44,0.0,0.00,0.0,-0.0,,0.0
175,4,3.00,2,23.55,28.73,25.20,0.0,0.00,0.0,-0.0,,0.0
175,5,3.00,2,23.16,28.14,24.94,0.0,0.00,0.0,-0.0,,0.0
175,6,3.00,2,22.93,27.59,24.69,0.0,0.00,0.0,-0.0,,0.0
175,7,3.00,2,22.86,27.08,24.45,0.0,0.00,0.0,-0.0,,0.0
175,8,3.00,2,23.02,28.64,26.25,0.0,14.08,0.0,-0.0,,0.0
175,9,3.00,2,24.63,30.29,28.12,0.0,331.64,0.0,-0.0,,0.0
175,10,3.00,2,25.59,31.88,29.91,0.0,291.11,0.0,0.0,,0.0
175,11,3.00,2,26.64,33.46,31.67,0.0,208.89,0.0,0.0,,0.0
175,12,3.00,2,26.99,35.00,33.38,0.0,213.32,0.0,0.0,,0.0
175,13,3.00,2,27.21,36.48,35.01,0.0,230.62,0.0,0.0,,0.0
175,14,3.00,2,27.30,37.86,36.52,0.0,228.67,0.0,0.0,,0.0
175,15,3.00,2,26.64,39.04,37.83,0.0,227.17,0.0,0.0,,0.0
175,16,3.00,2,25.80,40.02,38.92,0.0,224.49,0.0,0.0,,0.0
175,17,3.00,2,24.81,40.75,39.75,0.0,212.98,0.0,0.0,,0.0
175,18,3.00,2,23.49,41.17,40.26,0.0,209.93,0.0,0.0,,0.0
175,19,3.00,2,22.39,39.41,38.59,0.0,244.98,0.0,0.0,,0.0
175,20,3.00,2,20.89,37.60,36.85,0.0,116.34,0.0,0.0,,0.0
175,21,3.00,2,19.61,35.74,35.07,0.0,0.00,0.0,0.0,,0.0
175,22,3.00,2,18.70,34.01,33.40,0.0,0.00,0.0,0.0,,0.0
175,23,3.00,2,17.90,32.40,31.84,0.0,0.00,0.0,0.0,,0.0
175,24,3.00,2,16.94,30.86,30.36,0.0,0.00,0.0,0.0,,0.0
175,1,4.00,2,16.56,29.46,29.00,0.0,0.00,0.0,0.0,,0.0
175,2,4.00,2,16.60,28.20,27.79,0.0,0.00,0.0,0.0,,0.0
175,3,4.00,2,16.86,27.10,26.72,0.0,0.00,0.0,0.0,,0.0
175,4,4.00,2,16.85,26.11,25.76,0.0,0.00,0.0,0.0,,0.0
175,5,4.00,2,16.86,25.20,24.89,0.0,0.00,0.0,0.0,,0.0
175,6,4.00,2,17.45,24.45,24.16,0.0,0.00,0.0,0.0,,0.0
175,7,4.00,2,18.18,23.84,23.58,0.0,0.00,0.0,0.0,,0.0
175,8,4.00,2,19.04,25.37,25.13,0.0,14.08,0.0,0.0,,0.0
175,9,4.00,2,21.15,27.03,26.82,0.0,331.64,0.0,0.0,,0.0
175,10,4.00,2,22.87,28.71,28.52,0.0,291.11,0.0,0.0,,0.0
175,11,4.00,2,24.16,30.38,30.20,0.0,208.89,0.0,0.0,,0.0
175,12,4.00,2,24.94,32.04,31.87,0.0,213.32,0.0,0.0,,0.0
175,13,4.00,2,25.91,33.70,33.56,0.0,230.62,0.0,0.0,,0.0
175,14,4.00,2,26.64,35.30,35.17,0.0,228.67,0.0,0.0,,0.0
175,15,4.00,2,27.23,36.82,36.70,0.0,227.17,0.0,0.0,,0.0
175,16,4.00,2,27.85,38.24,38.13,0.0,224.49,0.0,0.0,,0.0
175,17,4.00,2,26.97,39.36,39.26,0.0,212.98,0.0,0.0,,0.0
175,18,4.00,2,25.72,40.12,40.03,0.0,209.93,0.0,0.0,,0.0
175,19,4.00,2,24.37,38.64,38.56,0.0,244.98,0.0,0.0,,0.0
175,20,4.00,2,22.73,37.07,36.99,0.0,116.34,0.0,0.0,,0.0
175,21,4.00,2,21.15,35.39,35.32,0.0,0.00,0.0,0.0,,0.0
175,22,4.00,2,20.09,33.81,33.75,0.0,0.00,0.0,0.0,,0.0
175,23,4.00,2,19.09,32.32,32.26,0.0,0.00,0.0,0.0,,0.0
175,24,4.00,2,18.09,30.89,30.84,0.0,0.00,0.0,0.0,,0.0
175,1,5.00,2,17.00,29.50,29.45,0.0,0.00,0.0,0.0,,0.0
175,2,5.00,2,15.97,28.15,28.11,0.0,0.00,0.0,0.0,,0.0
175,3,5.00,2,16.52,27.02,26.98,0.0,0.00,0.0,0.0,,0.0
175,4,5.00,2,17.23,26.08,26.04,0.0,0.00,0.0,0.0,,0.0
175,5,5.00,2,17.75,25.27,25.24,0.0,0.00,0.0,0.0,,0.0
175,6,5.00,2,18.05,24.57,24.54,0.0,0.00,0.0,0.0,,0.0
175,7,5.00,2,18.65,23.99,23.96,0.0,0.00,0.0,0.0,,0.0
175,8,5.00,2,20.03,25.17,25.14,0.0,14.08,0.0,0.0,,0.0
175,9,5.00,2,22.28,26.68,26.66,0.0,331.64,0.0,0.0,,0.0
175,10,5.00,2,23.88,28.23,26.98,-1733.1,291.11,0.0,0.0,,-1733.1
175,11,5.00,2,25.58,29.83,26.98,-2921.29,208.89,0.0,-80.36,,-3001.65
175,12,5.00,2,26.30,31.35,26.98,-3517.28,213.32,0.0,-595.09,,-4112.37
175,13,5.00,2,26.91,32.80,26.98,-3958.51,230.62,0.0,-883.35,,-4841.860000000001
175,14,5.00,2,27.43,34.13,26.98,-4253.24,228.67,0.0,-603.52,,-4856.76
175,15,5.00,2,27.02,35.20,26.98,-4254.29,227.17,0.0,-618.48,,-4872.77
175,16,5.00,2,26.75,36.08,26.98,-4227.42,224.49,0.0,-264.32,,-4491.74
175,17,5.00,2,26.22,36.69,26.98,-4026.97,212.98,0.0,-334.83,,-4361.8
175,18,5.00,2,25.58,37.03,26.98,-3704.36,209.93,0.0,-294.93,,-3999.29
175,19,5.00,2,24.74,36.18,27.76,0.0,244.98,0.0,0.0,,0.0
175,20,5.00,2,23.69,35.03,27.59,0.0,116.34,0.0,0.0,,0.0
175,21,5.00,2,23.02,33.77,27.09,0.0,0.00,0.0,0.0,,0.0
175,22,5.00,2,21.95,32.54,26.51,0.0,0.00,0.0,0.0,,0.0
175,23,5.00,2,21.81,31.44,25.98,0.0,0.00,0.0,0.0,,0.0
175,24,5.00,2,21.01,30.38,25.43,0.0,0.00,0.0,0.0,,0.0
175,1,6.00,2,20.26,29.35,24.87,0.0,0.00,0.0,-0.0,,0.0
175,2,6.00,2,19.98,28.40,24.34,0.0,0.00,0.0,-0.0,,0.0
175,3,6.00,2,19.76,27.53,23.84,0.0,0.00,0.0,-0.0,,0.0
175,4,6.00,2,19.73,26.75,23.40,0.0,0.00,0.0,-0.0,,0.0
175,5,6.00,2,18.76,25.93,22.89,0.0,0.00,0.0,-0.0,,0.0
175,6,6.00,2,17.95,25.11,22.36,0.0,0.00,0.0,-0.0,,0.0
175,7,6.00,2,17.48,24.33,21.83,0.0,0.00,0.0,-0.0,,0.0
175,8,6.00,2,18.84,25.25,23.14,0.0,14.08,0.0,0.0,,0.0
175,9,6.00,2,21.14,26.58,24.78,0.0,331.64,0.0,0.0,,0.0
175,10,6.00,2,22.75,27.99,26.43,0.0,291.11,0.0,0.0,,0.0
175,11,6.00,2,24.35,29.45,26.98,-1581.49,208.89,0.0,0.0,,-1581.49
175,12,6.00,2,25.03,30.85,26.98,-2831.95,213.32,0.0,0.0,,-2831.95
175,13,6.00,2,25.81,32.23,26.98,-3476.69,230.62,0.0,0.0,,-3476.69
175,14,6.00,2,26.67,33.56,26.98,-3936.85,228.67,0.0,-198.64,,-4135.49
175,15,6.00,2,26.45,34.64,26.98,-4033.32,227.17,0.0,-225.84,,-4259.16
175,16,6.00,2,26.10,35.51,26.98,-4014.16,224.49,0.0,-68.96,,-4083.12
175,17,6.00,2,25.64,36.13,26.98,-3843.79,212.98,0.0,-36.1,,-3879.89
175,18,6.00,2,24.90,36.45,26.98,-3504.16,209.93,0.0,0.0,,-3504.16
175,19,6.00,2,24.21,35.62,27.68,0.0,244.98,0.0,0.0,,0.0
175,20,6.00,2,23.11,34.46,27.46,0.0,116.34,0.0,0.0,,0.0
175,21,6.00,2,22.50,33.21,26.92,0.0,0.00,0.0,0.0,,0.0
175,22,6.00,2,22.05,32.05,26.37,0.0,0.00,0.0,0.0,,0.0
175,23,6.00,2,22.00,31.03,25.89,0.0,0.00,0.0,0.0,,0.0
175,24,6.00,2,21.59,30.07,25.41,0.0,0.00,0.0,0.0,,0.0
175,1,7.00,2,21.32,29.18,24.96,0.0,0.00,0.0,-0.0,,0.0
175,2,7.00,2,21.05,28.35,24.53,0.0,0.00,0.0,-0.0,,0.0
175,3,7.00,2,21.11,27.62,24.15,0.0,0.00,0.0,-0.0,,0.0
175,4,7.00,2,20.75,26.92,23.77,0.0,0.00,0.0,-0.0,,0.0
175,5,7.00,2,20.34,26.24,23.38,0.0,0.00,0.0,-0.0,,0.0
175,6,7.00,2,20.23,25.62,23.02,0.0,0.00,0.0,-0.0,,0.0
175,7,7.00,2,20.12,25.05,22.69,0.0,0.00,0.0,-0.0,,0.0
175,8,7.00,2,20.82,26.15,24.18,0.0,14.08,0.0,-60.04,,-60.04
175,9,7.00,2,22.91,27.60,25.90,0.0,331.64,0.0,0.0,,0.0
175,10,7.00,2,24.31,29.06,26.98,-867.04,291.11,0.0,0.0,,-867.04
175,11,7.00,2,25.84,30.57,26.98,-2733.67,208.89,0.0,0.0,,-2733.67
175,12,7.00,2,26.44,32.00,26.98,-3427.43,213.32,0.0,-83.28,,-3510.71
175,13,7.00,2,27.24,33.41,26.98,-3976.22,230.62,0.0,-522.61,,-4498.83
175,14,7.00,2,27.21,34.61,26.98,-4166.33,228.67,0.0,-363.62,,-4529.95
175,15,7.00,2,27.09,35.63,26.98,-4248.58,227.17,0.0,-290.04,,-4538.62
175,16,7.00,2,26.62,36.42,26.98,-4182.98,224.49,0.0,-360.21,,-4543.19
175,17,7.00,2,26.30,37.01,26.98,-4036.05,212.98,0.0,-403.24,,-4439.29
175,18,7.00,2,25.44,37.28,26.98,-3664.28,209.93,0.0,-204.61,,-3868.8900000000003
175,19,7.00,2,24.57,36.40,27.74,0.0,244.98,0.0,0.0,,0.0
175,20,7.00,2,23.73,35.24,27.58,0.0,116.34,0.0,0.0,,0.0
175,21,7.00,2,23.10,33.97,27.09,0.0,0.00,0.0,0.0,,0.0
175,22,7.00,2,22.64,32.80,26.58,0.0,0.00,0.0,0.0,,0.0
175,23,7.00,2,22.31,31.72,26.10,0.0,0.00,0.0,-0.0,,0.0
175,24,7.00,2,22.47,30.79,25.69,0.0,0.00,0.0,-0.0,,0.0
175,1,1.00,3,22.44,29.95,25.33,0.0,0.00,0.0,-0.0,,0.0
175,2,1.00,3,22.48,29.19,25.00,0.0,0.00,0.0,-0.0,,0.0
175,3,1.00,3,22.32,28.49,24.69,0.0,0.00,0.0,-0.0,,0.0
175,4,1.00,3,22.31,27.85,24.40,0.0,0.00,0.0,-0.0,,0.0
175,5,1.00,3,22.03,27.25,24.12,0.0,0.00,0.0,-0.0,,0.0
175,6,1.00,3,22.10,26.71,23.87,0.0,0.00,0.0,-0.0,,0.0
175,7,1.00,3,22.34,26.25,23.68,0.0,0.00,0.0,-0.0,,0.0
175,8,1.00,3,22.72,27.45,25.28,0.0,13.43,0.0,-688.78,,-688.78
175,9,1.00,3,23.89,28.68,26.82,0.0,151.47,0.0,-394.55,,-394.55
175,10,1.00,3,24.98,29.95,27.15,-1684.78,141.86,0.0,-506.72,,-2191.5
175,11,1.00,3,26.04,31.32,27.15,-2874.68,189.79,0.0,-566.69,,-3441.37
175,12,1.00,3,25.92,32.53,27.15,-3326.61,213.84,0.0,-236.9,,-3563.51
175,13,1.00,3,26.35,33.73,27.15,-3734.02,225.08,0.0,-823.44,,-4557.46
175,14,1.00,3,26.06,34.70,27.15,-3821.7,226.22,0.0,-283.94,,-4105.639999999999
175,15,1.00,3,25.45,35.44,27.15,-3738.09,222.18,0.0,-15.78,,-3753.8700000000003
175,16,1.00,3,24.80,35.98,27.15,-3598.49,221.93,0.0,0.0,,-3598.49
175,17,1.00,3,24.05,36.28,27.15,-3334.65,197.56,0.0,0.0,,-3334.65
175,18,1.00,3,23.03,36.26,27.15,-2860.03,157.50,0.0,0.0,,-2860.03
175,19,1.00,3,22.18,35.16,27.41,0.0,94.22,0.0,0.0,,0.0
175,20,1.00,3,21.21,33.74,26.86,0.0,1.13,0.0,0.0,,0.0
175,21,1.00,3,20.25,32.34,26.16,0.0,0.00,0.0,0.0,,0.0
175,22,1.00,3,19.79,31.06,25.47,0.0,0.00,0.0,0.0,,0.0
175,23,1.00,3,18.99,29.84,24.78,0.0,0.00,0.0,0.0,,0.0
175,24,1.00,3,18.21,28.67,24.09,0.0,0.00,0.0,0.0,,0.0
175,1,2.00,3,18.40,27.65,23.50,0.0,0.00,0.0,0.0,,0.0
175,2,2.00,3,18.68,26.77,23.00,0.0,0.00,0.0,0.0,,0.0
175,3,2.00,3,18.77,25.98,22.56,0.0,0.00,0.0,-0.0,,0.0
175,4,2.00,3,18.74,25.26,22.15,0.0,0.00,0.0,-0.0,,0.0
175,5,2.00,3,18.90,24.62,21.80,0.0,0.00,0.0,-0.0,,0.0
175,6,2.00,3,18.91,24.04,21.49,0.0,0.00,0.0,-0.0,,0.0
175,7,2.00,3,19.08,23.54,21.22,0.0,0.00,0.0,-0.0,,0.0
175,8,2.00,3,19.34,24.63,22.68,0.0,13.43,0.0,-235.1,,-235.1
175,9,2.00,3,21.12,25.90,24.23,0.0,151.47,0.0,0.0,,0.0
175,10,2.00,3,22.63,27.26,25.81,0.0,141.86,0.0,0.0,,0.0
175,11,2.00,3,23.61,28.67,27.15,-382.82,189.79,0.0,0.0,,-382.82
175,12,2.00,3,24.00,30.02,27.15,-2280.88,213.84,0.0,0.0,,-2280.88
175,13,2.00,3,24.19,31.26,27.15,-2881.97,225.08,0.0,0.0,,-2881.97
175,14,2.00,3,24.62,32.41,27.15,-3265.14,226.22,0.0,0.0,,-3265.14
175,15,2.00,3,24.23,33.32,27.15,-3309.13,222.18,0.0,0.0,,-3309.13
175,16,2.00,3,23.74,34.02,27.15,-3248.99,221.93,0.0,0.0,,-3248.99
175,17,2.00,3,23.32,34.51,27.15,-3093.84,197.56,0.0,0.0,,-3093.84
175,18,2.00,3,22.67,34.70,27.15,-2729.45,157.50,0.0,0.0,,-2729.45
175,19,2.00,3,21.50,33.65,27.32,0.0,94.22,0.0,0.0,,0.0
175,20,2.00,3,20.12,32.25,26.66,0.0,1.13,0.0,0.0,,0.0
175,21,2.00,3,19.18,30.89,25.87,0.0,0.00,0.0,0.0,,0.0
175,22,2.00,3,18.52,29.62,25.09,0.0,0.00,0.0,0.0,,0.0
175,23,2.00,3,17.82,28.43,24.32,0.0,0.00,0.0,0.0,,0.0
175,24,2.00,3,17.39,27.32,23.60,0.0,0.00,0.0,0.0,,0.0
175,1,3.00,3,17.34,26.33,22.96,0.0,0.00,0.0,0.0,,0.0
175,2,3.00,3,17.20,25.43,22.37,0.0,0.00,0.0,0.0,,0.0
175,3,3.00,3,16.99,24.59,21.81,0.0,0.00,0.0,0.0,,0.0
175,4,3.00,3,16.93,23.82,21.31,0.0,0.00,0.0,-0.0,,0.0
175,5,3.00,3,16.69,23.11,20.82,0.0,0.00,0.0,-0.0,,0.0
175,6,3.00,3,16.65,22.46,20.39,0.0,0.00,0.0,-0.0,,0.0
175,7,3.00,3,17.43,21.96,20.08,0.0,0.00,0.0,-0.0,,0.0
175,8,3.00,3,18.11,23.56,21.85,0.0,13.43,0.0,0.0,,0.0
175,9,3.00,3,20.31,25.17,23.62,0.0,151.47,0.0,0.0,,0.0
175,10,3.00,3,22.91,26.93,25.52,0.0,141.86,0.0,0.0,,0.0
175,11,3.00,3,24.57,28.79,27.52,0.0,189.79,0.0,0.0,,0.0
175,12,3.00,3,25.38,30.65,29.49,0.0,213.84,0.0,0.0,,0.0
175,13,3.00,3,26.01,32.46,31.41,0.0,225.08,0.0,0.0,,0.0
175,14,3.00,3,26.82,34.19,33.23,0.0,226.22,0.0,0.0,,0.0
175,15,3.00,3,26.43,35.69,34.82,0.0,222.18,0.0,0.0,,0.0
175,16,3.00,3,25.77,36.97,36.18,0.0,221.93,0.0,0.0,,0.0
175,17,3.00,3,25.21,38.01,37.29,0.0,197.56,0.0,0.0,,0.0
175,18,3.00,3,24.22,38.70,38.06,0.0,157.50,0.0,0.0,,0.0
175,19,3.00,3,22.99,37.10,36.51,0.0,94.22,0.0,0.0,,0.0
175,20,3.00,3,21.76,35.44,34.91,0.0,1.13,0.0,0.0,,0.0
175,21,3.00,3,20.71,33.89,33.40,0.0,0.00,0.0,0.0,,0.0
175,22,3.00,3,20.07,32.47,32.03,0.0,0.00,0.0,0.0,,0.0
175,23,3.00,3,19.16,31.12,30.72,0.0,0.00,0.0,0.0,,0.0
175,24,3.00,3,18.52,29.86,29.49,0.0,0.00,0.0,0.0,,0.0
175,1,4.00,3,19.68,28.87,28.54,0.0,0.00,0.0,0.0,,0.0
175,2,4.00,3,19.10,27.90,27.60,0.0,0.00,0.0,0.0,,0.0
175,3,4.00,3,18.77,26.99,26.72,0.0,0.00,0.0,0.0,,0.0
175,4,4.00,3,18.32,26.12,25.87,0.0,0.00,0.0,0.0,,0.0
175,5,4.00,3,17.77,25.28,25.05,0.0,0.00,0.0,0.0,,0.0
175,6,4.00,3,17.24,24.46,24.26,0.0,0.00,0.0,0.0,,0.0
175,7,4.00,3,16.78,23.69,23.50,0.0,0.00,0.0,0.0,,0.0
175,8,4.00,3,18.22,25.13,24.96,0.0,13.43,0.0,0.0,,0.0
175,9,4.00,3,20.33,26.60,26.45,0.0,151.47,0.0,0.0,,0.0
175,10,4.00,3,22.24,28.15,28.01,0.0,141.86,0.0,0.0,,0.0
175,11,4.00,3,24.07,29.85,29.73,0.0,189.79,0.0,0.0,,0.0
175,12,4.00,3,25.24,31.61,31.49,0.0,213.84,0.0,0.0,,0.0
175,13,4.00,3,26.60,33.40,33.29,0.0,225.08,0.0,0.0,,0.0
175,14,4.00,3,27.44,35.10,35.01,0.0,226.22,0.0,0.0,,0.0
175,15,4.00,3,28.39,36.73,36.64,0.0,222.18,0.0,0.0,,0.0
175,16,4.00,3,27.90,38.13,38.05,0.0,221.93,0.0,0.0,,0.0
175,17,4.00,3,26.98,39.22,39.15,0.0,197.56,0.0,0.0,,0.0
175,18,4.00,3,25.91,39.96,39.89,0.0,157.50,0.0,0.0,,0.0
175,19,4.00,3,24.88,38.41,38.35,0.0,94.22,0.0,0.0,,0.0
175,20,4.00,3,23.89,36.83,36.78,0.0,1.13,0.0,0.0,,0.0
175,21,4.00,3,23.03,35.37,35.32,0.0,0.00,0.0,0.0,,0.0
175,22,4.00,3,22.01,33.98,33.94,0.0,0.00,0.0,0.0,,0.0
175,23,4.00,3,21.31,32.69,32.65,0.0,0.00,0.0,0.0,,0.0
175,24,4.00,3,20.60,31.47,31.43,0.0,0.00,0.0,0.0,,0.0
175,1,5.00,3,20.22,30.34,30.31,0.0,0.00,0.0,0.0,,0.0
175,2,5.00,3,19.75,29.28,29.25,0.0,0.00,0.0,0.0,,0.0
175,3,5.00,3,19.33,28.29,28.26,0.0,0.00,0.0,0.0,,0.0
175,4,5.00,3,18.87,27.34,27.32,0.0,0.00,0.0,0.0,,0.0
175,5,5.00,3,18.43,26.45,26.42,0.0,0.00,0.0,0.0,,0.0
175,6,5.00,3,18.07,25.61,25.58,0.0,0.00,0.0,0.0,,0.0
175,7,5.00,3,17.36,24.77,24.75,0.0,0.00,0.0,0.0,,0.0
175,8,5.00,3,18.17,25.48,25.46,0.0,13.43,0.0,0.0,,0.0
175,9,5.00,3,19.43,26.37,26.36,0.0,151.47,0.0,0.0,,0.0
175,10,5.00,3,21.72,27.57,27.15,-577.75,141.86,0.0,0.0,,-577.75
175,11,5.00,3,23.40,28.96,27.15,-2173.85,189.79,0.0,-66.92,,-2240.77
175,12,5.00,3,24.80,30.43,27.15,-3002.75,213.84,0.0,0.0,,-3002.75
175,13,5.00,3,26.17,31.96,27.15,-3666.36,225.08,0.0,-242.07,,-3908.4300000000003
175,14,5.00,3,26.94,33.37,27.15,-4039.4,226.22,0.0,-714.26,,-4753.66
175,15,5.00,3,26.77,34.51,27.15,-4090.7,222.18,0.0,-344.74,,-4435.44
175,16,5.00,3,26.44,35.42,27.15,-4046.44,221.93,0.0,-179.03,,-4225.47
175,17,5.00,3,25.77,36.04,27.15,-3815.58,197.56,0.0,-74.05,,-3889.63
175,18,5.00,3,25.04,36.34,27.15,-3416.97,157.50,0.0,-16.5,,-3433.47
175,19,5.00,3,24.18,35.37,27.68,0.0,94.22,0.0,0.0,,0.0
175,20,5.00,3,23.20,34.09,27.31,0.0,1.13,0.0,0.0,,0.0
175,21,5.00,3,22.76,32.90,26.81,0.0,0.00,0.0,0.0,,0.0
175,22,5.00,3,22.20,31.79,26.29,0.0,0.00,0.0,0.0,,0.0
175,23,5.00,3,22.00,30.79,25.82,0.0,0.00,0.0,0.0,,0.0
175,24,5.00,3,21.45,29.83,25.33,0.0,0.00,0.0,0.0,,0.0
175,1,6.00,3,21.13,28.95,24.87,0.0,0.00,0.0,-0.0,,0.0
175,2,6.00,3,20.88,28.13,24.43,0.0,0.00,0.0,-0.0,,0.0
175,3,6.00,3,20.63,27.37,24.01,0.0,0.00,0.0,-0.0,,0.0
175,4,6.00,3,20.40,26.66,23.61,0.0,0.00,0.0,-0.0,,0.0
175,5,6.00,3,19.98,25.97,23.20,0.0,0.00,0.0,-0.0,,0.0
175,6,6.00,3,19.69,25.32,22.81,0.0,0.00,0.0,-0.0,,0.0
175,7,6.00,3,19.15,24.68,22.40,0.0,0.00,0.0,-0.0,,0.0
175,8,6.00,3,19.89,25.68,23.76,0.0,13.43,0.0,-415.42,,-415.42
175,9,6.00,3,21.25,26.80,25.16,0.0,151.47,0.0,-406.18,,-406.18
175,10,6.00,3,23.32,28.15,26.73,0.0,141.86,0.0,0.0,,0.0
175,11,6.00,3,24.89,29.64,27.15,-1785.95,189.79,0.0,-56.73,,-1842.68
175,12,6.00,3,25.77,31.13,27.15,-3010.45,213.84,0.0,0.0,,-3010.45
175,13,6.00,3,26.64,32.59,27.15,-3670.75,225.08,0.0,-63.96,,-3734.71
175,14,6.00,3,27.09,33.91,27.15,-4019.31,226.22,0.0,-476.7,,-4496.01
175,15,6.00,3,27.66,35.12,27.15,-4282.22,222.18,0.0,-43.41,,-4325.63
175,16,6.00,3,27.28,36.07,27.15,-4255.87,221.93,0.0,-272.91,,-4528.78
175,17,6.00,3,26.54,36.70,27.15,-4019.02,197.56,0.0,-122.32,,-4141.34
175,18,6.00,3,25.77,37.00,27.15,-3615.43,157.50,0.0,-82.53,,-3697.96
175,19,6.00,3,24.53,35.99,27.73,0.0,94.22,0.0,0.0,,0.0
175,20,6.00,3,23.38,34.67,27.38,0.0,1.13,0.0,0.0,,0.0
175,21,6.00,3,22.51,33.38,26.84,0.0,0.00,0.0,0.0,,0.0
175,22,6.00,3,21.98,32.20,26.29,0.0,0.00,0.0,0.0,,0.0
175,23,6.00,3,21.40,31.10,25.75,0.0,0.00,0.0,0.0,,0.0
175,24,6.00,3,20.89,30.06,25.22,0.0,0.00,0.0,0.0,,0.0
175,1,7.00,3,20.39,29.08,24.69,0.0,0.00,0.0,0.0,,0.0
175,2,7.00,3,19.98,28.16,24.18,0.0,0.00,0.0,-0.0,,0.0
175,3,7.00,3,19.49,27.28,23.67,0.0,0.00,0.0,-0.0,,0.0
175,4,7.00,3,19.09,26.45,23.18,0.0,0.00,0.0,-0.0,,0.0
175,5,7.00,3,18.54,25.65,22.67,0.0,0.00,0.0,-0.0,,0.0
175,6,7.00,3,18.09,24.88,22.18,0.0,0.00,0.0,0.0,,0.0
175,7,7.00,3,17.58,24.14,21.69,0.0,0.00,0.0,-0.0,,0.0
175,8,7.00,3,18.63,25.03,22.97,0.0,13.43,0.0,0.0,,0.0
175,9,7.00,3,20.76,26.21,24.44,0.0,151.47,0.0,0.0,,0.0
175,10,7.00,3,22.88,27.59,26.06,0.0,141.86,0.0,0.0,,0.0
175,11,7.00,3,24.17,29.06,27.15,-831.35,189.79,0.0,0.0,,-831.35
175,12,7.00,3,25.02,30.52,27.15,-2628.22,213.84,0.0,0.0,,-2628.22
175,13,7.00,3,25.59,31.91,27.15,-3299.99,225.08,0.0,0.0,,-3299.99
175,14,7.00,3,26.24,33.21,27.15,-3732.88,226.22,0.0,0.0,,-3732.88
175,15,7.00,3,26.10,34.28,27.15,-3836.52,222.18,0.0,0.0,,-3836.52
175,16,7.00,3,25.63,35.10,27.15,-3784.7,221.93,0.0,0.0,,-3784.7
175,17,7.00,3,25.06,35.68,27.15,-3591.25,197.56,0.0,0.0,,-3591.25
175,18,7.00,3,24.38,35.93,27.15,-3215.63,157.50,0.0,0.0,,-3215.63
175,19,7.00,3,23.62,34.96,27.60,0.0,94.22,0.0,0.0,,0.0
175,20,7.00,3,22.56,33.67,27.17,0.0,1.13,0.0,0.0,,0.0
175,21,7.00,3,21.93,32.43,26.60,0.0,0.00,0.0,0.0,,0.0
175,22,7.00,3,21.40,31.29,26.02,0.0,0.00,0.0,0.0,,0.0
175,23,7.00,3,21.40,30.29,25.52,0.0,0.00,0.0,0.0,,0.0
175,24,7.00,3,21.17,29.36,25.04,0.0,0.00,0.0,0.0,,0.0
175,1,1.00,3,21.10,28.53,24.61,0.0,0.00,0.0,0.0,,0.0
175,2,1.00,3,21.17,27.79,24.24,0.0,0.00,0.0,-0.0,,0.0
175,3,1.00,3,20.97,27.09,23.87,0.0,0.00,0.0,-0.0,,0.0
175,4,1.00,3,20.66,26.43,23.51,0.0,0.00,0.0,0.0,,0.0
175,5,1.00,3,20.55,25.83,23.17,0.0,0.00,0.0,-0.0,,0.0
175,6,1.00,3,20.56,25.28,22.87,0.0,0.00,0.0,-0.0,,0.0
175,7,1.00,3,20.15,24.74,22.56,0.0,0.00,0.0,-0.0,,0.0
175,8,1.00,3,20.72,25.86,24.03,0.0,13.43,0.0,-555.78,,-555.78
175,9,1.00,3,21.59,26.98,25.41,0.0,151.47,0.0,-319.33,,-319.33
175,10,1.00,3,23.12,28.25,26.89,0.0,141.86,0.0,0.0,,0.0
175,11,1.00,3,24.88,29.73,27.15,-1975.7,189.79,0.0,-362.99,,-2338.69
175,12,1.00,3,26.01,31.25,27.15,-3116.73,213.84,0.0,-303.59,,-3420.32
175,13,1.00,3,27.00,32.75,27.15,-3789.2,225.08,0.0,-579.86,,-4369.0599999999995
175,14,1.00,3,26.73,33.96,27.15,-3946.61,226.22,0.0,-602.7,,-4549.31
175,15,1.00,3,26.31,34.93,27.15,-3943.52,222.18,0.0,0.0,,-3943.52
175,16,1.00,3,25.89,35.70,27.15,-3880.61,221.93,0.0,-150.72,,-4031.33
175,17,1.00,3,25.32,36.22,27.15,-3676.37,197.56,0.0,-175.26,,-3851.63
175,18,1.00,3,24.27,36.38,27.15,-3203.19,157.50,0.0,0.0,,-3203.19
175,19,1.00,3,23.21,35.33,27.55,0.0,94.22,0.0,0.0,,0.0
175,20,1.00,3,22.28,33.98,27.10,0.0,1.13,0.0,0.0,,0.0
175,21,1.00,3,21.85,32.71,26.54,0.0,0.00,0.0,0.0,,0.0
175,22,1.00,3,21.53,31.56,25.99,0.0,0.00,0.0,0.0,,0.0
175,23,1.00,3,21.12,30.50,25.45,0.0,0.00,0.0,0.0,,0.0
175,24,1.00,3,20.80,29.52,24.95,0.0,0.00,0.0,0.0,,0.0
175,1,2.00,3,20.64,28.63,24.48,0.0,0.00,0.0,0.0,,0.0
175,2,2.00,3,20.28,27.78,24.02,0.0,0.00,0.0,0.0,,0.0
175,3,2.00,3,20.06,27.00,23.59,0.0,0.00,0.0,0.0,,0.0
175,4,2.00,3,19.69,26.26,23.16,0.0,0.00,0.0,-0.0,,0.0
175,5,2.00,3,19.24,25.54,22.73,0.0,0.00,0.0,-0.0,,0.0
175,6,2.00,3,18.92,24.86,22.31,0.0,0.00,0.0,-0.0,,0.0
175,7,2.00,3,18.15,24.16,21.85,0.0,0.00,0.0,-0.0,,0.0
175,8,2.00,3,19.35,25.17,23.23,0.0,13.43,0.0,0.0,,0.0
175,9,2.00,3,21.54,26.44,24.77,0.0,151.47,0.0,-236.71,,-236.71
175,10,2.00,3,23.52,27.87,26.43,0.0,141.86,0.0,0.0,,0.0
175,11,2.00,3,24.77,29.38,27.15,-1388.14,189.79,0.0,0.0,,-1388.14
175,12,2.00,3,25.76,30.90,27.15,-2911.04,213.84,0.0,0.0,,-2911.04
175,13,2.00,3,26.42,32.36,27.15,-3567.96,225.08,0.0,-197.61,,-3765.57
175,14,2.00,3,27.07,33.71,27.15,-3984.33,226.22,0.0,-587.16,,-4571.49
175,15,2.00,3,26.73,34.78,27.15,-4032.03,222.18,0.0,0.0,,-4032.03
175,16,2.00,3,26.33,35.64,27.15,-3988.81,221.93,0.0,-193.46,,-4182.2699999999995
175,17,2.00,3,25.78,36.23,27.15,-3796.51,197.56,0.0,-84.26,,-3880.7700000000004
175,18,2.00,3,25.01,36.49,27.15,-3397.44,157.50,0.0,0.0,,-3397.44
175,19,2.00,3,24.00,35.49,27.65,0.0,94.22,0.0,0.0,,0.0
175,20,2.00,3,22.98,34.19,27.27,0.0,1.13,0.0,0.0,,0.0
175,21,2.00,3,22.39,32.95,26.73,0.0,0.00,0.0,0.0,,0.0
175,22,2.00,3,21.94,31.81,26.20,0.0,0.00,0.0,0.0,,0.0
175,23,2.00,3,21.58,30.76,25.69,0.0,0.00,0.0,0.0,,0.0
175,24,2.00,3,21.16,29.79,25.19,0.0,0.00,0.0,0.0,,0.0
175,1,3.00,3,20.79,28.88,24.71,0.0,0.00,0.0,0.0,,0.0
175,2,3.00,3,20.43,28.02,24.24,0.0,0.00,0.0,0.0,,0.0
175,3,3.00,3,20.11,27.22,23.79,0.0,0.00,0.0,-0.0,,0.0
175,4,3.00,3,19.76,26.46,23.34,0.0,0.00,0.0,-0.0,,0.0
175,5,3.00,3,19.43,25.74,22.92,0.0,0.00,0.0,-0.0,,0.0
175,6,3.00,3,19.13,25.06,22.50,0.0,0.00,0.0,-0.0,,0.0
175,7,3.00,3,18.53,24.39,22.06,0.0,0.00,0.0,-0.0,,0.0
175,8,3.00,3,19.54,25.88,23.77,0.0,13.43,0.0,0.0,,0.0
175,9,3.00,3,21.90,27.42,25.50,0.0,151.47,0.0,0.0,,0.0
175,10,3.00,3,23.70,29.03,27.29,0.0,141.86,0.0,0.0,,0.0
175,11,3.00,3,24.91,30.71,29.13,0.0,189.79,0.0,0.0,,0.0
175,12,3.00,3,25.64,32.40,30.97,0.0,213.84,0.0,0.0,,0.0
175,13,3.00,3,26.30,34.07,32.77,0.0,225.08,0.0,0.0,,0.0
175,14,3.00,3,26.11,35.56,34.38,0.0,226.22,0.0,0.0,,0.0
175,15,3.00,3,25.81,36.87,35.80,0.0,222.18,0.0,0.0,,0.0
175,16,3.00,3,25.38,38.00,37.03,0.0,221.93,0.0,0.0,,0.0
175,17,3.00,3,24.89,38.92,38.04,0.0,197.56,0.0,0.0,,0.0
175,18,3.00,3,24.02,39.52,38.72,0.0,157.50,0.0,0.0,,0.0
175,19,3.00,3,23.14,37.87,37.14,0.0,94.22,0.0,0.0,,0.0
175,20,3.00,3,22.18,36.19,35.52,0.0,1.13,0.0,0.0,,0.0
175,21,3.00,3,21.67,34.67,34.07,0.0,0.00,0.0,0.0,,0.0
175,22,3.00,3,21.36,33.31,32.76,0.0,0.00,0.0,0.0,,0.0
175,23,3.00,3,21.09,32.08,31.59,0.0,0.00,0.0,0.0,,0.0
175,24,3.00,3,20.70,30.94,30.49,0.0,0.00,0.0,0.0,,0.0
175,1,4.00,3,20.38,29.89,29.48,0.0,0.00,0.0,0.0,,0.0
175,2,4.00,3,19.94,28.89,28.52,0.0,0.00,0.0,0.0,,0.0
175,3,4.00,3,19.59,27.96,27.62,0.0,0.00,0.0,0.0,,0.0
175,4,4.00,3,19.34,27.10,26.79,0.0,0.00,0.0,0.0,,0.0
175,5,4.00,3,19.13,26.30,26.02,0.0,0.00,0.0,0.0,,0.0
175,6,4.00,3,18.82,25.54,25.29,0.0,0.00,0.0,0.0,,0.0
175,7,4.00,3,18.44,24.82,24.59,0.0,0.00,0.0,0.0,,0.0
175,8,4.00,3,19.44,26.26,26.06,0.0,13.43,0.0,0.0,,0.0
175,9,4.00,3,21.44,27.72,27.53,0.0,151.47,0.0,0.0,,0.0
175,10,4.00,3,23.11,29.24,29.07,0.0,141.86,0.0,0.0,,0.0
175,11,4.00,3,24.22,30.84,30.68,0.0,189.79,0.0,0.0,,0.0
175,12,4.00,3,24.99,32.46,32.32,0.0,213.84,0.0,0.0,,0.0
175,13,4.00,3,25.59,34.05,33.92,0.0,225.08,0.0,0.0,,0.0
175,14,4.00,3,26.16,35.56,35.45,0.0,226.22,0.0,0.0,,0.0
175,15,4.00,3,26.61,36.97,36.86,0.0,222.18,0.0,0.0,,0.0
175,16,4.00,3,26.10,38.17,38.07,0.0,221.93,0.0,0.0,,0.0
175,17,4.00,3,25.47,39.13,39.04,0.0,197.56,0.0,0.0,,0.0
175,18,4.00,3,24.63,39.77,39.69,0.0,157.50,0.0,0.0,,0.0
175,19,4.00,3,23.75,38.14,38.07,0.0,94.22,0.0,0.0,,0.0
175,20,4.00,3,22.81,36.49,36.43,0.0,1.13,0.0,0.0,,0.0
175,21,4.00,3,22.11,34.98,34.92,0.0,0.00,0.0,0.0,,0.0
175,22,4.00,3,21.62,33.61,33.56,0.0,0.00,0.0,0.0,,0.0
175,23,4.00,3,21.30,32.37,32.32,0.0,0.00,0.0,0.0,,0.0
175,24,4.00,3,20.96,31.23,31.18,0.0,0.00,0.0,0.0,,0.0
175,1,5.00,3,20.59,30.17,30.12,0.0,0.00,0.0,0.0,,0.0
175,2,5.00,3,20.25,29.18,29.14,0.0,0.00,0.0,0.0,,0.0
175,3,5.00,3,19.85,28.24,28.21,0.0,0.00,0.0,0.0,,0.0
175,4,5.00,3,19.53,27.37,27.33,0.0,0.00,0.0,0.0,,0.0
175,5,5.00,3,19.16,26.54,26.51,0.0,0.00,0.0,0.0,,0.0
175,6,5.00,3,18.88,25.77,25.74,0.0,0.00,0.0,0.0,,0.0
175,7,5.00,3,18.43,25.02,25.00,0.0,0.00,0.0,0.0,,0.0
175,8,5.00,3,19.28,25.87,25.85,0.0,13.43,0.0,0.0,,0.0
175,9,5.00,3,21.31,27.00,26.98,0.0,151.47,0.0,0.0,,0.0
175,10,5.00,3,23.00,28.27,27.15,-1562.14,141.86,0.0,0.0,,-1562.14
175,11,5.00,3,24.16,29.63,27.15,-2520.17,189.79,0.0,0.0,,-2520.17
175,12,5.00,3,25.09,31.03,27.15,-3158.26,213.84,0.0,0.0,,-3158.26
175,13,5.00,3,25.79,32.38,27.15,-3612.64,225.08,0.0,0.0,,-3612.64
175,14,5.00,3,26.52,33.66,27.15,-3946.8,226.22,0.0,-206.54,,-4153.34
175,15,5.00,3,26.39,34.71,27.15,-3996.62,222.18,0.0,0.0,,-3996.62
175,16,5.00,3,26.01,35.53,27.15,-3934.53,221.93,0.0,0.0,,-3934.53
175,17,5.00,3,25.61,36.13,27.15,-3767.76,197.56,0.0,0.0,,-3767.76
175,18,5.00,3,24.96,36.41,27.15,-3391.97,157.50,0.0,0.0,,-3391.97
175,19,5.00,3,24.13,35.44,27.67,0.0,94.22,0.0,0.0,,0.0
175,20,5.00,3,23.11,34.15,27.30,0.0,1.13,0.0,0.0,,0.0
175,21,5.00,3,22.53,32.93,26.78,0.0,0.00,0.0,0.0,,0.0
175,22,5.00,3,22.24,31.82,26.27,0.0,0.00,0.0,0.0,,0.0
175,23,5.00,3,21.85,30.80,25.78,0.0,0.00,0.0,0.0,,0.0
175,24,5.00,3,21.52,29.86,25.31,0.0,0.00,0.0,0.0,,0.0
175,1,6.00,3,21.20,28.98,24.85,0.0,0.00,0.0,0.0,,0.0
175,2,6.00,3,20.81,28.15,24.41,0.0,0.00,0.0,0.0,,0.0
175,3,6.00,3,20.53,27.38,23.98,0.0,0.00,0.0,-0.0,,0.0
175,4,6.00,3,20.19,26.64,23.56,0.0,0.00,0.0,-0.0,,0.0
175,5,6.00,3,19.94,25.96,23.16,0.0,0.00,0.0,-0.0,,0.0
175,6,6.00,3,19.66,25.31,22.77,0.0,0.00,0.0,-0.0,,0.0
175,7,6.00,3,19.26,24.68,22.38,0.0,0.00,0.0,-0.0,,0.0
175,8,6.00,3,20.19,25.74,23.80,0.0,13.43,0.0,0.0,,0.0
175,9,6.00,3,22.27,27.02,25.36,0.0,151.47,0.0,0.0,,0.0
175,10,6.00,3,24.16,28.46,27.02,0.0,141.86,0.0,0.0,,0.0
175,11,6.00,3,25.31,29.95,27.15,-2199.03,189.79,0.0,0.0,,-2199.03
175,12,6.00,3,26.13,31.43,27.15,-3167.31,213.84,0.0,0.0,,-3167.31
175,13,6.00,3,26.83,32.87,27.15,-3757.27,225.08,0.0,0.0,,-3757.27
175,14,6.00,3,27.55,34.22,27.15,-4157.13,226.22,0.0,-381.08,,-4538.21
175,15,6.00,3,28.12,35.45,27.15,-4417.64,222.18,0.0,0.0,,-4417.64
175,16,6.00,3,27.77,36.42,27.15,-4396.69,221.93,0.0,-211.39,,-4608.08
175,17,6.00,3,27.39,37.14,27.15,-4249.18,197.56,0.0,-168.75,,-4417.93
175,18,6.00,3,26.63,37.50,27.15,-3857.5,157.50,0.0,-17.65,,-3875.15
175,19,6.00,3,25.56,36.54,27.87,0.0,94.22,0.0,0.0,,0.0
175,20,6.00,3,24.41,35.26,27.61,0.0,1.13,0.0,0.0,,0.0
175,21,6.00,3,23.61,34.02,27.15,0.0,0.00,0.0,0.0,,0.0
175,22,6.00,3,23.08,32.88,26.68,0.0,0.00,0.0,0.0,,0.0
175,23,6.00,3,22.45,31.81,26.20,0.0,0.00,0.0,0.0,,0.0
175,24,6.00,3,21.81,30.78,25.70,0.0,0.00,0.0,0.0,,0.0
175,1,7.00,3,21.43,29.83,25.23,0.0,0.00,0.0,0.0,,0.0
175,2,7.00,3,20.99,28.94,24.76,0.0,0.00,0.0,-0.0,,0.0
175,3,7.00,3,20.62,28.09,24.30,0.0,0.00,0.0,-0.0,,0.0
175,4,7.00,3,20.29,27.30,23.86,0.0,0.00,0.0,-0.0,,0.0
175,5,7.00,3,20.00,26.56,23.44,0.0,0.00,0.0,-0.0,,0.0
175,6,7.00,3,19.84,25.87,23.04,0.0,0.00,0.0,-0.0,,0.0
175,7,7.00,3,19.43,25.21,22.64,0.0,0.00,0.0,-0.0,,0.0
175,8,7.00,3,20.35,26.20,24.04,0.0,13.43,0.0,0.0,,0.0
175,9,7.00,3,22.35,27.43,25.58,0.0,151.47,0.0,0.0,,0.0
175,10,7.00,3,24.14,28.80,27.15,-77.49,141.86,0.0,0.0,,-77.49
175,11,7.00,3,25.34,30.25,27.15,-2375.59,189.79,0.0,0.0,,-2375.59
175,12,7.00,3,26.18,31.70,27.15,-3227.53,213.84,0.0,0.0,,-3227.53
175,13,7.00,3,26.89,33.11,27.15,-3797.1,225.08,0.0,0.0,,-3797.1
175,14,7.00,3,27.34,34.39,27.15,-4117.74,226.22,0.0,-498.25,,-4615.99
175,15,7.00,3,27.79,35.55,27.15,-4338.54,222.18,0.0,0.0,,-4338.54
175,16,7.00,3,27.38,36.45,27.15,-4294.11,221.93,0.0,-149.97,,-4444.08
175,17,7.00,3,26.89,37.09,27.15,-4116.03,197.56,0.0,-91.56,,-4207.59
175,18,7.00,3,26.15,37.39,27.15,-3723.69,157.50,0.0,0.0,,-3723.69
175,19,7.00,3,25.26,36.42,27.82,0.0,94.22,0.0,0.0,,0.0
175,20,7.00,3,24.25,35.14,27.55,0.0,1.13,0.0,0.0,,0.0
175,21,7.00,3,23.56,33.92,27.10,0.0,0.00,0.0,0.0,,0.0
175,22,7.00,3,23.24,32.81,26.65,0.0,0.00,0.0,0.0,,0.0
175,23,7.00,3,22.69,31.77,26.20,0.0,0.00,0.0,0.0,,0.0
175,24,7.00,3,22.26,30.80,25.75,0.0,0.00,0.0,0.0,,0.0
175,1,1.00,3,21.89,29.89,25.32,0.0,0.00,0.0,0.0,,0.0
175,2,1.00,3,21.40,29.03,24.88,0.0,0.00,0.0,-0.0,,0.0
175,3,1.00,3,20.97,28.21,24.44,0.0,0.00,0.0,-0.0,,0.0
175,4,1.00,3,20.47,27.42,24.00,0.0,0.00,0.0,-0.0,,0.0
175,5,1.00,3,19.98,26.65,23.55,0.0,0.00,0.0,-0.0,,0.0
175,6,1.00,3,19.68,25.94,23.13,0.0,0.00,0.0,-0.0,,0.0
175,7,1.00,3,19.18,25.24,22.69,0.0,0.00,0.0,-0.0,,0.0
175,8,1.00,3,20.12,26.19,24.05,0.0,13.43,0.0,0.0,,0.0
175,9,1.00,3,22.21,27.41,25.57,0.0,151.47,0.0,0.0,,0.0
175,10,1.00,3,24.17,28.79,27.15,-79.84,141.86,0.0,0.0,,-79.84
175,11,1.00,3,25.45,30.27,27.15,-2406.82,189.79,0.0,0.0,,-2406.82
175,12,1.00,3,26.44,31.76,27.15,-3296.99,213.84,0.0,-221.75,,-3518.74
175,13,1.00,3,27.41,33.25,27.15,-3935.79,225.08,0.0,-515.13,,-4450.92
175,14,1.00,3,27.79,34.57,27.15,-4242.05,226.22,0.0,-960.72,,-5202.77
175,15,1.00,3,28.31,35.77,27.15,-4482.11,222.18,0.0,-572.68,,-5054.79
175,16,1.00,3,28.76,36.87,27.15,-4657.7,221.93,0.0,-998.72,,-5656.42
175,17,1.00,3,28.18,37.63,27.15,-4473.07,197.56,0.0,-917.32,,-5390.389999999999
175,18,1.00,3,27.40,38.03,27.15,-4074.17,157.50,0.0,-688.31,,-4762.48
175,19,1.00,3,26.32,37.07,27.97,0.0,94.22,0.0,0.0,,0.0
175,20,1.00,3,25.24,35.82,27.79,0.0,1.13,0.0,0.0,,0.0
175,21,1.00,3,24.30,34.59,27.38,0.0,0.00,0.0,0.0,,0.0
175,22,1.00,3,23.77,33.46,26.95,0.0,0.00,0.0,0.0,,0.0
175,23,1.00,3,22.96,32.37,26.48,0.0,0.00,0.0,0.0,,0.0
175,24,1.00,3,22.58,31.37,26.04,0.0,0.00,0.0,0.0,,0.0
175,1,2.00,3,22.05,30.42,25.58,0.0,0.00,0.0,-0.0,,0.0
175,2,2.00,3,21.47,29.51,25.12,0.0,0.00,0.0,-0.0,,0.0
175,3,2.00,3,21.08,28.65,24.67,0.0,0.00,0.0,-0.0,,0.0
175,4,2.00,3,20.67,27.84,24.23,0.0,0.00,0.0,-0.0,,0.0
175,5,2.00,3,20.23,27.06,23.78,0.0,0.00,0.0,-0.0,,0.0
175,6,2.00,3,19.92,26.33,23.36,0.0,0.00,0.0,-0.0,,0.0
175,7,2.00,3,19.33,25.61,22.91,0.0,0.00,0.0,-0.0,,0.0
175,8,2.00,3,20.40,26.55,24.28,0.0,13.43,0.0,0.0,,0.0
175,9,2.00,3,22.76,27.80,25.86,0.0,151.47,0.0,0.0,,0.0
175,10,2.00,3,24.85,29.24,27.15,-574.11,141.86,0.0,0.0,,-574.11
175,11,2.00,3,25.99,30.72,27.15,-2625.41,189.79,0.0,0.0,,-2625.41
175,12,2.00,3,26.71,32.17,27.15,-3414.64,213.84,0.0,-355.48,,-3770.12
175,13,2.00,3,27.57,33.61,27.15,-4002.43,225.08,0.0,-675.59,,-4678.0199999999995
175,14,2.00,3,27.30,34.79,27.15,-4135.45,226.22,0.0,-721.47,,-4856.92
175,15,2.00,3,27.09,35.75,27.15,-4171.72,222.18,0.0,0.0,,-4171.72
175,16,2.00,3,26.77,36.54,27.15,-4131.24,221.93,0.0,-373.41,,-4504.65
175,17,2.00,3,26.32,37.09,27.15,-3958.82,197.56,0.0,-444.31,,-4403.13
175,18,2.00,3,25.62,37.32,27.15,-3575.62,157.50,0.0,-139.7,,-3715.3199999999997
175,19,2.00,3,24.62,36.31,27.74,0.0,94.22,0.0,0.0,,0.0
175,20,2.00,3,23.67,35.00,27.42,0.0,1.13,0.0,0.0,,0.0
175,21,2.00,3,23.06,33.74,26.93,0.0,0.00,0.0,0.0,,0.0
175,22,2.00,3,22.53,32.58,26.43,0.0,0.00,0.0,0.0,,0.0
175,23,2.00,3,22.03,31.50,25.94,0.0,0.00,0.0,0.0,,0.0
175,24,2.00,3,21.41,30.48,25.43,0.0,0.00,0.0,0.0,,0.0
175,1,3.00,3,21.03,29.52,24.95,0.0,0.00,0.0,0.0,,0.0
175,2,3.00,3,20.73,28.63,24.49,0.0,0.00,0.0,0.0,,0.0
175,3,3.00,3,20.45,27.81,24.04,0.0,0.00,0.0,-0.0,,0.0
175,4,3.00,3,20.19,27.04,23.62,0.0,0.00,0.0,-0.0,,0.0
175,5,3.00,3,19.96,26.32,23.22,0.0,0.00,0.0,-0.0,,0.0
175,6,3.00,3,20.30,25.71,22.90,0.0,0.00,0.0,-0.0,,0.0
175,7,3.00,3,20.56,25.19,22.63,0.0,0.00,0.0,-0.0,,0.0
175,8,3.00,3,21.04,26.74,24.42,0.0,13.43,0.0,-0.0,,0.0
175,9,3.00,3,22.27,28.21,26.11,0.0,151.47,0.0,-0.0,,0.0
175,10,3.00,3,23.62,29.71,27.80,0.0,141.86,0.0,0.0,,0.0
175,11,3.00,3,24.66,31.30,29.57,0.0,189.79,0.0,0.0,,0.0
175,12,3.00,3,25.33,32.90,31.33,0.0,213.84,0.0,0.0,,0.0
175,13,3.00,3,26.16,34.51,33.08,0.0,225.08,0.0,0.0,,0.0
175,14,3.00,3,26.63,36.02,34.73,0.0,226.22,0.0,0.0,,0.0
175,15,3.00,3,27.06,37.42,36.25,0.0,222.18,0.0,0.0,,0.0
175,16,3.00,3,26.80,38.65,37.59,0.0,221.93,0.0,0.0,,0.0
175,17,3.00,3,26.35,39.65,38.68,0.0,197.56,0.0,0.0,,0.0
175,18,3.00,3,25.62,40.34,39.46,0.0,157.50,0.0,0.0,,0.0
175,19,3.00,3,24.61,38.74,37.94,0.0,94.22,0.0,0.0,,0.0
175,20,3.00,3,23.65,37.11,36.39,0.0,1.13,0.0,0.0,,0.0
175,21,3.00,3,22.89,35.61,34.95,0.0,0.00,0.0,0.0,,0.0
175,22,3.00,3,22.68,34.28,33.69,0.0,0.00,0.0,0.0,,0.0
175,23,3.00,3,22.05,33.04,32.50,0.0,0.00,0.0,0.0,,0.0
175,24,3.00,3,21.72,31.91,31.41,0.0,0.00,0.0,0.0,,0.0
175,1,4.00,3,21.38,30.85,30.41,0.0,0.00,0.0,0.0,,0.0
175,2,4.00,3,20.83,29.84,29.44,0.0,0.00,0.0,0.0,,0.0
175,3,4.00,3,20.52,28.91,28.54,0.0,0.00,0.0,0.0,,0.0
175,4,4.00,3,20.07,28.02,27.68,0.0,0.00,0.0,0.0,,0.0
175,5,4.00,3,19.71,27.18,26.88,0.0,0.00,0.0,0.0,,0.0
175,6,4.00,3,19.50,26.40,26.13,0.0,0.00,0.0,0.0,,0.0
175,7,4.00,3,19.21,25.68,25.42,0.0,0.00,0.0,0.0,,0.0
175,8,4.00,3,19.88,27.07,26.85,0.0,13.43,0.0,0.0,,0.0
175,9,4.00,3,21.48,28.45,28.24,0.0,151.47,0.0,0.0,,0.0
175,10,4.00,3,23.08,29.89,29.70,0.0,141.86,0.0,0.0,,0.0
175,11,4.00,3,24.40,31.44,31.27,0.0,189.79,0.0,0.0,,0.0
175,12,4.00,3,24.96,33.00,32.85,0.0,213.84,0.0,0.0,,0.0
175,13,4.00,3,25.70,34.56,34.42,0.0,225.08,0.0,0.0,,0.0
175,14,4.00,3,26.25,36.03,35.90,0.0,226.22,0.0,0.0,,0.0
175,15,4.00,3,26.53,37.38,37.27,0.0,222.18,0.0,0.0,,0.0
175,16,4.00,3,26.40,38.58,38.48,0.0,221.93,0.0,0.0,,0.0
175,17,4.00,3,25.90,39.55,39.45,0.0,197.56,0.0,0.0,,0.0
175,18,4.00,3,25.12,40.19,40.11,0.0,157.50,0.0,0.0,,0.0
175,19,4.00,3,23.97,38.55,38.47,0.0,94.22,0.0,0.0,,0.0
175,20,4.00,3,23.15,36.89,36.82,0.0,1.13,0.0,0.0,,0.0
175,21,4.00,3,22.89,35.43,35.36,0.0,0.00,0.0,0.0,,0.0
175,22,4.00,3,22.86,34.14,34.08,0.0,0.00,0.0,0.0,,0.0
175,23,4.00,3,22.53,32.97,32.92,0.0,0.00,0.0,0.0,,0.0
175,24,4.00,3,22.42,31.91,31.86,0.0,0.00,0.0,0.0,,0.0
175,1,5.00,3,22.24,30.94,30.90,0.0,0.00,0.0,0.0,,0.0
175,2,5.00,3,21.74,30.02,29.97,0.0,0.00,0.0,0.0,,0.0
175,3,5.00,3,21.40,29.15,29.11,0.0,0.00,0.0,0.0,,0.0
175,4,5.00,3,20.91,28.31,28.27,0.0,0.00,0.0,0.0,,0.0
175,5,5.00,3,20.49,27.51,27.48,0.0,0.00,0.0,0.0,,0.0
175,6,5.00,3,20.20,26.77,26.74,0.0,0.00,0.0,0.0,,0.0
175,7,5.00,3,19.23,25.99,25.96,0.0,0.00,0.0,0.0,,0.0
175,8,5.00,3,20.33,26.85,26.83,0.0,13.43,0.0,0.0,,0.0
175,9,5.00,3,22.62,28.04,27.15,-1226.6,151.47,0.0,0.0,,-1226.6
175,10,5.00,3,24.52,29.39,27.15,-2371.6,141.86,0.0,-317.45,,-2689.0499999999997
175,11,5.00,3,25.47,30.77,27.15,-3036.26,189.79,0.0,0.0,,-3036.26
175,12,5.00,3,26.11,32.13,27.15,-3529.19,213.84,0.0,-292.66,,-3821.85
175,13,5.00,3,26.43,33.40,27.15,-3848.51,225.08,0.0,-199.11,,-4047.6200000000003
175,14,5.00,3,26.66,34.53,27.15,-4028.97,226.22,0.0,-487.56,,-4516.53
175,15,5.00,3,26.42,35.44,27.15,-4027.9,222.18,0.0,-116.72,,-4144.62
175,16,5.00,3,25.95,36.15,27.15,-3932.85,221.93,0.0,0.0,,-3932.85
175,17,5.00,3,25.33,36.62,27.15,-3702.33,197.56,0.0,-8.27,,-3710.6
175,18,5.00,3,24.43,36.74,27.15,-3257.36,157.50,0.0,0.0,,-3257.36
175,19,5.00,3,23.30,35.68,27.57,0.0,94.22,0.0,0.0,,0.0
175,20,5.00,3,22.41,34.31,27.14,0.0,1.13,0.0,0.0,,0.0
175,21,5.00,3,21.78,33.00,26.56,0.0,0.00,0.0,0.0,,0.0
175,22,5.00,3,21.29,31.80,25.98,0.0,0.00,0.0,0.0,,0.0
175,23,5.00,3,21.01,30.71,25.44,0.0,0.00,0.0,0.0,,0.0
175,24,5.00,3,20.66,29.70,24.92,0.0,0.00,0.0,0.0,,0.0
175,1,6.00,3,20.36,28.76,24.43,0.0,0.00,0.0,0.0,,0.0
175,2,6.00,3,20.05,27.88,23.96,0.0,0.00,0.0,-0.0,,0.0
175,3,6.00,3,19.86,27.08,23.51,0.0,0.00,0.0,-0.0,,0.0
175,4,6.00,3,19.60,26.32,23.09,0.0,0.00,0.0,-0.0,,0.0
175,5,6.00,3,19.31,25.61,22.68,0.0,0.00,0.0,-0.0,,0.0
175,6,6.00,3,18.98,24.93,22.27,0.0,0.00,0.0,-0.0,,0.0
175,7,6.00,3,18.43,24.26,21.85,0.0,0.00,0.0,-0.0,,0.0
175,8,6.00,3,19.37,25.25,23.22,0.0,13.43,0.0,0.0,,0.0
175,9,6.00,3,21.32,26.47,24.73,0.0,151.47,0.0,0.0,,0.0
175,10,6.00,3,23.30,27.86,26.36,0.0,141.86,0.0,0.0,,0.0
175,11,6.00,3,24.62,29.35,27.15,-1274.56,189.79,0.0,0.0,,-1274.56
175,12,6.00,3,25.60,30.86,27.15,-2853.67,213.84,0.0,0.0,,-2853.67
175,13,6.00,3,26.32,32.31,27.15,-3533.26,225.08,0.0,0.0,,-3533.26
175,14,6.00,3,27.08,33.68,27.15,-3981.27,226.22,0.0,-119.39,,-4100.66
175,15,6.00,3,26.81,34.77,27.15,-4050.07,222.18,0.0,0.0,,-4050.07
175,16,6.00,3,26.45,35.65,27.15,-4019.83,221.93,0.0,0.0,,-4019.83
175,17,6.00,3,25.84,36.25,27.15,-3815.15,197.56,0.0,0.0,,-3815.15
175,18,6.00,3,25.17,36.53,27.15,-3442.8,157.50,0.0,0.0,,-3442.8
175,19,6.00,3,24.25,35.55,27.69,0.0,94.22,0.0,0.0,,0.0
175,20,6.00,3,23.38,34.28,27.34,0.0,1.13,0.0,0.0,,0.0
175,21,6.00,3,23.00,33.10,26.86,0.0,0.00,0.0,0.0,,0.0
175,22,6.00,3,22.65,32.01,26.38,0.0,0.00,0.0,0.0,,0.0
175,23,6.00,3,22.26,31.02,25.92,0.0,0.00,0.0,0.0,,0.0
175,24,6.00,3,21.90,30.09,25.47,0.0,0.00,0.0,0.0,,0.0
175,1,7.00,3,21.82,29.25,25.07,0.0,0.00,0.0,0.0,,0.0
175,2,7.00,3,21.47,28.46,24.66,0.0,0.00,0.0,-0.0,,0.0
175,3,7.00,3,21.11,27.71,24.26,0.0,0.00,0.0,-0.0,,0.0
175,4,7.00,3,20.73,26.99,23.87,0.0,0.00,0.0,-0.0,,0.0
175,5,7.00,3,20.47,26.32,23.48,0.0,0.00,0.0,-0.0,,0.0
175,6,7.00,3,20.25,25.69,23.12,0.0,0.00,0.0,-0.0,,0.0
175,7,7.00,3,20.04,25.11,22.77,0.0,0.00,0.0,-0.0,,0.0
175,8,7.00,3,20.77,26.18,24.22,0.0,13.43,0.0,0.0,,0.0
175,9,7.00,3,22.73,27.47,25.78,0.0,151.47,0.0,0.0,,0.0
175,10,7.00,3,24.69,28.91,27.15,-437.29,141.86,0.0,0.0,,-437.29
175,11,7.00,3,25.88,30.42,27.15,-2567.93,189.79,0.0,0.0,,-2567.93
175,12,7.00,3,26.94,31.96,27.15,-3457.77,213.84,0.0,-76.35,,-3534.12
175,13,7.00,3,27.76,33.46,27.15,-4046.83,225.08,0.0,-399.08,,-4445.91
175,14,7.00,3,28.52,34.86,27.15,-4444.32,226.22,0.0,-408.25,,-4852.57
175,15,7.00,3,29.04,36.13,27.15,-4688.68,222.18,0.0,-836.24,,-5524.92
175,16,7.00,3,28.64,37.13,27.15,-4649.79,221.93,0.0,-609.39,,-5259.18
175,17,7.00,3,28.03,37.82,27.15,-4443.1,197.56,0.0,-495.47,,-4938.570000000001
175,18,7.00,3,27.32,38.18,27.15,-4054.51,157.50,0.0,-157.8,,-4212.31
175,19,7.00,3,26.30,37.22,27.97,0.0,94.22,0.0,0.0,,0.0
175,20,7.00,3,25.37,35.97,27.80,0.0,1.13,0.0,0.0,,0.0
175,21,7.00,3,24.69,34.77,27.44,0.0,0.00,0.0,0.0,,0.0
175,22,7.00,3,24.27,33.67,27.05,0.0,0.00,0.0,0.0,,0.0
175,23,7.00,3,23.57,32.63,26.64,0.0,0.00,0.0,0.0,,0.0
175,24,7.00,3,23.22,31.67,26.24,0.0,0.00,0.0,0.0,,0.0
175,1,1.00,3,22.60,30.74,25.82,0.0,0.00,0.0,-0.0,,0.0
175,2,1.00,3,21.97,29.84,25.38,0.0,0.00,0.0,-0.0,,0.0
175,3,1.00,3,21.65,29.01,24.96,0.0,0.00,0.0,-0.0,,0.0
175,4,1.00,3,21.30,28.22,24.54,0.0,0.00,0.0,-0.0,,0.0
175,5,1.00,3,20.91,27.47,24.14,0.0,0.00,0.0,-0.0,,0.0
175,6,1.00,3,20.60,26.77,23.74,0.0,0.00,0.0,-0.0,,0.0
175,7,1.00,3,20.23,26.09,23.35,0.0,0.00,0.0,-0.0,,0.0
175,8,1.00,3,21.27,27.09,24.79,0.0,13.43,0.0,0.0,,0.0
175,9,1.00,3,23.36,28.34,26.36,0.0,151.47,0.0,-520.0,,-520.0
175,10,1.00,3,25.20,29.73,27.15,-1234.82,141.86,0.0,-37.93,,-1272.75
175,11,1.00,3,26.48,31.22,27.15,-2885.92,189.79,0.0,-376.15,,-3262.07
175,12,1.00,3,27.48,32.72,27.15,-3684.17,213.84,0.0,-837.22,,-4521.39
175,13,1.00,3,28.24,34.18,27.15,-4223.86,225.08,0.0,-901.28,,-5125.139999999999
175,14,1.00,3,28.96,35.54,27.15,-4591.51,226.22,0.0,-1211.52,,-5803.030000000001
175,15,1.00,3,29.52,36.78,27.15,-4834.66,222.18,0.0,-985.08,,-5819.74
175,16,1.00,3,29.00,37.73,27.15,-4761.5,221.93,0.0,-980.36,,-5741.86
175,17,1.00,3,28.23,38.36,27.15,-4507.84,197.56,0.0,-851.82,,-5359.66
175,18,1.00,3,27.34,38.64,27.15,-4071.26,157.50,0.0,-607.77,,-4679.030000000001
175,19,1.00,3,26.20,37.63,27.96,0.0,94.22,0.0,0.0,,0.0
175,20,1.00,3,25.03,36.31,27.76,0.0,1.13,0.0,0.0,,0.0
175,21,1.00,3,24.13,35.02,27.34,0.0,0.00,0.0,0.0,,0.0
175,22,1.00,3,23.63,33.83,26.90,0.0,0.00,0.0,0.0,,0.0
175,23,1.00,3,22.74,32.69,26.42,0.0,0.00,0.0,0.0,,0.0
175,24,1.00,3,22.32,31.64,25.95,0.0,0.00,0.0,0.0,,0.0
175,1,2.00,3,21.72,30.63,25.47,0.0,0.00,0.0,-0.0,,0.0
175,2,2.00,3,21.08,29.66,24.99,0.0,0.00,0.0,-0.0,,0.0
175,3,2.00,3,20.49,28.73,24.49,0.0,0.00,0.0,-0.0,,0.0
175,4,2.00,3,19.79,27.82,23.97,0.0,0.00,0.0,-0.0,,0.0
175,5,2.00,3,19.16,26.94,23.45,0.0,0.00,0.0,-0.0,,0.0
175,6,2.00,3,18.79,26.12,22.95,0.0,0.00,0.0,0.0,,0.0
175,7,2.00,3,18.23,25.32,22.44,0.0,0.00,0.0,0.0,,0.0
175,8,2.00,3,19.34,26.14,23.72,0.0,13.43,0.0,0.0,,0.0
175,9,2.00,3,21.33,27.23,25.16,0.0,151.47,0.0,-259.35,,-259.35
175,10,2.00,3,23.65,28.59,26.80,0.0,141.86,0.0,0.0,,0.0
175,11,2.00,3,24.97,30.03,27.15,-1878.07,189.79,0.0,0.0,,-1878.07
175,12,2.00,3,26.11,31.52,27.15,-3113.51,213.84,0.0,-239.97,,-3353.48
175,13,2.00,3,27.11,33.01,27.15,-3806.54,225.08,0.0,-573.64,,-4380.18
175,14,2.00,3,26.87,34.21,27.15,-3980.14,226.22,0.0,-656.72,,-4636.86
175,15,2.00,3,26.71,35.21,27.15,-4045.57,222.18,0.0,-66.98,,-4112.55
175,16,2.00,3,26.33,36.01,27.15,-4001.02,221.93,0.0,-258.36,,-4259.38
175,17,2.00,3,25.70,36.54,27.15,-3785.59,197.56,0.0,-169.59,,-3955.1800000000003
175,18,2.00,3,24.95,36.76,27.15,-3388.07,157.50,0.0,0.0,,-3388.07
175,19,2.00,3,24.05,35.75,27.66,0.0,94.22,0.0,0.0,,0.0
175,20,2.00,3,23.12,34.44,27.29,0.0,1.13,0.0,0.0,,0.0
175,21,2.00,3,22.55,33.19,26.77,0.0,0.00,0.0,0.0,,0.0
175,22,2.00,3,22.03,32.04,26.24,0.0,0.00,0.0,0.0,,0.0
175,23,2.00,3,21.43,30.96,25.71,0.0,0.00,0.0,0.0,,0.0
175,24,2.00,3,21.11,29.96,25.20,0.0,0.00,0.0,0.0,,0.0
175,1,3.00,3,20.71,29.03,24.71,0.0,0.00,0.0,0.0,,0.0
175,2,3.00,3,20.15,28.13,24.21,0.0,0.00,0.0,-0.0,,0.0
175,3,3.00,3,19.70,27.27,23.72,0.0,0.00,0.0,-0.0,,0.0
175,4,3.00,3,19.32,26.47,23.25,0.0,0.00,0.0,-0.0,,0.0
175,5,3.00,3,18.97,25.71,22.78,0.0,0.00,0.0,-0.0,,0.0
175,6,3.00,3,18.65,24.99,22.34,0.0,0.00,0.0,0.0,,0.0
175,7,3.00,3,18.30,24.31,21.90,0.0,0.00,0.0,-0.0,,0.0
175,8,3.00,3,19.28,25.78,23.60,0.0,13.43,0.0,0.0,,0.0
175,9,3.00,3,21.11,27.25,25.27,0.0,151.47,0.0,0.0,,0.0
175,10,3.00,3,23.05,28.81,27.01,0.0,141.86,0.0,0.0,,0.0
175,11,3.00,3,24.28,30.46,28.83,0.0,189.79,0.0,0.0,,0.0
175,12,3.00,3,25.22,32.14,30.66,0.0,213.84,0.0,0.0,,0.0
175,13,3.00,3,25.79,33.79,32.44,0.0,225.08,0.0,0.0,,0.0
175,14,3.00,3,26.47,35.36,34.14,0.0,226.22,0.0,0.0,,0.0
175,15,3.00,3,26.95,36.82,35.71,0.0,222.18,0.0,0.0,,0.0
175,16,3.00,3,26.44,38.06,37.06,0.0,221.93,0.0,0.0,,0.0
175,17,3.00,3,25.83,39.07,38.15,0.0,197.56,0.0,0.0,,0.0
175,18,3.00,3,25.09,39.75,38.93,0.0,157.50,0.0,0.0,,0.0
175,19,3.00,3,24.16,38.17,37.42,0.0,94.22,0.0,0.0,,0.0
175,20,3.00,3,23.13,36.55,35.86,0.0,1.13,0.0,0.0,,0.0
175,21,3.00,3,22.41,35.06,34.44,0.0,0.00,0.0,0.0,,0.0
175,22,3.00,3,21.76,33.69,33.13,0.0,0.00,0.0,0.0,,0.0
175,23,3.00,3,21.05,32.41,31.90,0.0,0.00,0.0,0.0,,0.0
175,24,3.00,3,20.57,31.22,30.75,0.0,0.00,0.0,0.0,,0.0
175,1,4.00,3,20.19,30.12,29.70,0.0,0.00,0.0,0.0,,0.0
175,2,4.00,3,19.79,29.09,28.70,0.0,0.00,0.0,0.0,,0.0
175,3,4.00,3,19.43,28.12,27.77,0.0,0.00,0.0,0.0,,0.0
175,4,4.00,3,19.10,27.22,26.90,0.0,0.00,0.0,0.0,,0.0
175,5,4.00,3,18.80,26.38,26.09,0.0,0.00,0.0,0.0,,0.0
175,6,4.00,3,18.50,25.58,25.32,0.0,0.00,0.0,0.0,,0.0
175,7,4.00,3,18.16,24.84,24.60,0.0,0.00,0.0,0.0,,0.0
175,8,4.00,3,19.07,26.24,26.03,0.0,13.43,0.0,0.0,,0.0
175,9,4.00,3,21.00,27.66,27.47,0.0,151.47,0.0,0.0,,0.0
175,10,4.00,3,23.17,29.20,29.02,0.0,141.86,0.0,0.0,,0.0
175,11,4.00,3,24.43,30.83,30.67,0.0,189.79,0.0,0.0,,0.0
175,12,4.00,3,25.22,32.48,32.33,0.0,213.84,0.0,0.0,,0.0
175,13,4.00,3,25.97,34.11,33.98,0.0,225.08,0.0,0.0,,0.0
175,14,4.00,3,25.80,35.57,35.45,0.0,226.22,0.0,0.0,,0.0
175,15,4.00,3,25.64,36.87,36.76,0.0,222.18,0.0,0.0,,0.0
175,16,4.00,3,25.20,37.99,37.89,0.0,221.93,0.0,0.0,,0.0
175,17,4.00,3,24.70,38.90,38.81,0.0,197.56,0.0,0.0,,0.0
175,18,4.00,3,23.95,39.50,39.41,0.0,157.50,0.0,0.0,,0.0
175,19,4.00,3,23.00,37.83,37.76,0.0,94.22,0.0,0.0,,0.0
175,20,4.00,3,21.93,36.13,36.06,0.0,1.13,0.0,0.0,,0.0
175,21,4.00,3,21.21,34.57,34.51,0.0,0.00,0.0,0.0,,0.0
175,22,4.00,3,20.73,33.16,33.10,0.0,0.00,0.0,0.0,,0.0
175,23,4.00,3,20.38,31.87,31.82,0.0,0.00,0.0,0.0,,0.0
175,24,4.00,3,19.95,30.68,30.64,0.0,0.00,0.0,0.0,,0.0
175,1,5.00,3,19.54,29.58,29.53,0.0,0.00,0.0,0.0,,0.0
175,2,5.00,3,19.05,28.53,28.49,0.0,0.00,0.0,0.0,,0.0
175,3,5.00,3,18.81,27.56,27.52,0.0,0.00,0.0,0.0,,0.0
175,4,5.00,3,18.53,26.66,26.63,0.0,0.00,0.0,0.0,,0.0
175,5,5.00,3,18.13,25.81,25.78,0.0,0.00,0.0,0.0,,0.0
175,6,5.00,3,17.87,25.01,24.98,0.0,0.00,0.0,0.0,,0.0
175,7,5.00,3,17.46,24.25,24.22,0.0,0.00,0.0,0.0,,0.0
175,8,5.00,3,18.29,25.07,25.05,0.0,13.43,0.0,0.0,,0.0
175,9,5.00,3,20.43,26.20,26.18,0.0,151.47,0.0,0.0,,0.0
175,10,5.00,3,22.84,27.59,27.15,-599.67,141.86,0.0,0.0,,-599.67
175,11,5.00,3,24.12,29.06,27.15,-2297.81,189.79,0.0,0.0,,-2297.81
175,12,5.00,3,25.06,30.53,27.15,-3050.04,213.84,0.0,0.0,,-3050.04
175,13,5.00,3,25.83,31.97,27.15,-3572.72,225.08,0.0,0.0,,-3572.72
175,14,5.00,3,26.36,33.27,27.15,-3881.85,226.22,0.0,-423.65,,-4305.5
175,15,5.00,3,26.84,34.46,27.15,-4092.75,222.18,0.0,-372.52,,-4465.27
175,16,5.00,3,26.44,35.39,27.15,-4044.46,221.93,0.0,-192.08,,-4236.54
175,17,5.00,3,25.92,36.04,27.15,-3853.73,197.56,0.0,-184.55,,-4038.28
175,18,5.00,3,25.13,36.35,27.15,-3443.01,157.50,0.0,0.0,,-3443.01
175,19,5.00,3,24.05,35.36,27.67,0.0,94.22,0.0,0.0,,0.0
175,20,5.00,3,23.08,34.08,27.29,0.0,1.13,0.0,0.0,,0.0
175,21,5.00,3,22.42,32.85,26.76,0.0,0.00,0.0,0.0,,0.0
175,22,5.00,3,21.88,31.71,26.22,0.0,0.00,0.0,0.0,,0.0
175,23,5.00,3,21.46,30.66,25.69,0.0,0.00,0.0,0.0,,0.0
175,24,5.00,3,20.98,29.68,25.17,0.0,0.00,0.0,0.0,,0.0
175,1,6.00,3,20.50,28.75,24.67,0.0,0.00,0.0,0.0,,0.0
175,2,6.00,3,20.03,27.87,24.16,0.0,0.00,0.0,-0.0,,0.0
175,3,6.00,3,19.74,27.04,23.68,0.0,0.00,0.0,-0.0,,0.0
175,4,6.00,3,19.30,26.26,23.21,0.0,0.00,0.0,-0.0,,0.0
175,5,6.00,3,18.95,25.51,22.75,0.0,0.00,0.0,-0.0,,0.0
175,6,6.00,3,18.65,24.82,22.30,0.0,0.00,0.0,-0.0,,0.0
175,7,6.00,3,18.14,24.13,21.85,0.0,0.00,0.0,-0.0,,0.0
175,8,6.00,3,19.08,25.10,23.18,0.0,13.43,0.0,0.0,,0.0
175,9,6.00,3,21.02,26.29,24.65,0.0,151.47,0.0,0.0,,0.0
175,10,6.00,3,23.14,27.70,26.28,0.0,141.86,0.0,0.0,,0.0
175,11,6.00,3,24.29,29.16,27.15,-1106.65,189.79,0.0,0.0,,-1106.65
175,12,6.00,3,25.07,30.61,27.15,-2697.52,213.84,0.0,0.0,,-2697.52
175,13,6.00,3,25.66,32.00,27.15,-3346.84,225.08,0.0,0.0,,-3346.84
175,14,6.00,3,26.30,33.29,27.15,-3763.77,226.22,0.0,0.0,,-3763.77
175,15,6.00,3,26.68,34.45,27.15,-3996.8,222.18,0.0,0.0,,-3996.8
175,16,6.00,3,26.33,35.36,27.15,-3979.72,221.93,0.0,0.0,,-3979.72
175,17,6.00,3,25.80,36.00,27.15,-3800.12,197.56,0.0,0.0,,-3800.12
175,18,6.00,3,25.14,36.32,27.15,-3431.3,157.50,0.0,0.0,,-3431.3
175,19,6.00,3,24.19,35.35,27.68,0.0,94.22,0.0,0.0,,0.0
175,20,6.00,3,23.27,34.09,27.32,0.0,1.13,0.0,0.0,,0.0
175,21,6.00,3,22.55,32.87,26.80,0.0,0.00,0.0,0.0,,0.0
175,22,6.00,3,22.10,31.75,26.27,0.0,0.00,0.0,0.0,,0.0
175,23,6.00,3,21.34,30.69,25.72,0.0,0.00,0.0,0.0,,0.0
175,24,6.00,3,20.91,29.69,25.20,0.0,0.00,0.0,0.0,,0.0
175,1,7.00,3,20.41,28.75,24.67,0.0,0.00,0.0,0.0,,0.0
175,2,7.00,3,19.97,27.86,24.16,0.0,0.00,0.0,-0.0,,0.0
175,3,7.00,3,19.57,27.02,23.67,0.0,0.00,0.0,-0.0,,0.0
175,4,7.00,3,19.19,26.23,23.19,0.0,0.00,0.0,-0.0,,0.0
175,5,7.00,3,18.80,25.48,22.71,0.0,0.00,0.0,-0.0,,0.0
175,6,7.00,3,18.56,24.77,22.27,0.0,0.00,0.0,0.0,,0.0
175,7,7.00,3,18.21,24.10,21.83,0.0,0.00,0.0,-0.0,,0.0
175,8,7.00,3,19.05,25.07,23.16,0.0,13.43,0.0,0.0,,0.0
175,9,7.00,3,21.01,26.27,24.63,0.0,151.47,0.0,0.0,,0.0
175,10,7.00,3,23.16,27.68,26.26,0.0,141.86,0.0,0.0,,0.0
175,11,7.00,3,24.33,29.15,27.15,-1097.08,189.79,0.0,0.0,,-1097.08
175,12,7.00,3,25.15,30.62,27.15,-2714.93,213.84,0.0,0.0,,-2714.93
175,13,7.00,3,25.74,32.01,27.15,-3366.91,225.08,0.0,0.0,,-3366.91
175,14,7.00,3,26.40,33.32,27.15,-3791.5,226.22,0.0,0.0,,-3791.5
175,15,7.00,3,26.31,34.41,27.15,-3904.22,222.18,0.0,0.0,,-3904.22
175,16,7.00,3,25.98,35.27,27.15,-3885.77,221.93,0.0,0.0,,-3885.77
175,17,7.00,3,25.48,35.88,27.15,-3711.46,197.56,0.0,0.0,,-3711.46
175,18,7.00,3,24.85,36.18,27.15,-3351.01,157.50,0.0,0.0,,-3351.01
175,19,7.00,3,23.95,35.21,27.65,0.0,94.22,0.0,0.0,,0.0
175,20,7.00,3,23.06,33.94,27.27,0.0,1.13,0.0,0.0,,0.0
175,21,7.00,3,22.49,32.74,26.74,0.0,0.00,0.0,0.0,,0.0
175,22,7.00,3,21.98,31.62,26.21,0.0,0.00,0.0,0.0,,0.0
175,23,7.00,3,21.71,30.61,25.72,0.0,0.00,0.0,0.0,,0.0
175,24,7.00,3,21.29,29.66,25.23,0.0,0.00,0.0,0.0,,0.0
175,1,1.00,4,21.09,28.80,24.78,0.0,0.00,0.0,0.0,,0.0
175,2,1.00,4,20.88,28.00,24.35,0.0,0.00,0.0,-0.0,,0.0
175,3,1.00,4,20.80,27.27,23.96,0.0,0.00,0.0,-0.0,,0.0
175,4,1.00,4,20.74,26.60,23.60,0.0,0.00,0.0,-0.0,,0.0
175,5,1.00,4,20.65,26.00,23.27,0.0,0.00,0.0,-0.0,,0.0
175,6,1.00,4,20.64,25.44,22.97,0.0,0.00,0.0,-0.0,,0.0
175,7,1.00,4,20.12,24.89,22.65,0.0,3.25,0.0,-0.0,,0.0
175,8,1.00,4,20.48,25.98,24.09,0.0,42.02,0.0,0.0,,0.0
175,9,1.00,4,22.08,27.15,25.53,0.0,103.27,0.0,0.0,,0.0
175,10,1.00,4,24.15,28.56,26.68,-675.89,181.74,0.0,0.0,,-675.89
175,11,1.00,4,25.15,29.99,26.68,-2539.02,192.64,0.0,0.0,,-2539.02
175,12,1.00,4,25.77,31.40,26.68,-3286.79,198.54,0.0,-69.76,,-3356.55
175,13,1.00,4,26.21,32.74,26.68,-3765.01,211.38,0.0,-341.94,,-4106.95
175,14,1.00,4,26.64,33.96,26.68,-4058.14,214.40,0.0,-693.4,,-4751.54
175,15,1.00,4,26.90,35.03,26.68,-4214.72,210.07,0.0,-540.53,,-4755.25
175,16,1.00,4,26.47,35.83,26.68,-4099.34,186.01,0.0,-517.66,,-4617.0
175,17,1.00,4,25.75,36.29,26.68,-3780.68,147.62,0.0,-557.85,,-4338.53
175,18,1.00,4,24.97,36.36,26.68,-3230.85,75.51,0.0,-278.72,,-3509.5699999999997
175,19,1.00,4,23.78,35.03,26.85,0.0,2.47,0.0,0.0,,0.0
175,20,1.00,4,22.62,33.69,26.45,0.0,0.00,0.0,0.0,,0.0
175,21,1.00,4,21.75,32.44,25.94,0.0,0.00,0.0,0.0,,0.0
175,22,1.00,4,20.94,31.26,25.39,0.0,0.00,0.0,0.0,,0.0
175,23,1.00,4,20.52,30.17,24.85,0.0,0.00,0.0,0.0,,0.0
175,24,1.00,4,19.87,29.13,24.31,0.0,0.00,0.0,0.0,,0.0
175,1,2.00,4,19.37,28.15,23.78,0.0,0.00,0.0,0.0,,0.0
175,2,2.00,4,18.92,27.22,23.26,0.0,0.00,0.0,-0.0,,0.0
175,3,2.00,4,18.55,26.35,22.75,0.0,0.00,0.0,-0.0,,0.0
175,4,2.00,4,18.01,25.51,22.24,0.0,0.00,0.0,-0.0,,0.0
175,5,2.00,4,17.37,24.68,21.72,0.0,0.00,0.0,-0.0,,0.0
175,6,2.00,4,17.05,23.91,21.23,0.0,0.00,0.0,0.0,,0.0
175,7,2.00,4,16.47,23.16,20.72,0.0,3.25,0.0,0.0,,0.0
175,8,2.00,4,17.51,24.07,22.02,0.0,42.02,0.0,0.0,,0.0
175,9,2.00,4,19.70,25.20,23.45,0.0,103.27,0.0,0.0,,0.0
175,10,2.00,4,22.43,26.69,25.17,0.0,181.74,0.0,0.0,,0.0
175,11,2.00,4,23.82,28.23,26.68,-330.85,192.64,0.0,0.0,,-330.85
175,12,2.00,4,24.79,29.78,26.68,-2550.02,198.54,0.0,0.0,,-2550.02
175,13,2.00,4,25.55,31.27,26.68,-3345.27,211.38,0.0,-3.27,,-3348.54
175,14,2.00,4,26.07,32.63,26.68,-3775.42,214.40,0.0,-642.0,,-4417.42
175,15,2.00,4,26.50,33.84,26.68,-4031.39,210.07,0.0,-294.26,,-4325.65
175,16,2.00,4,26.07,34.75,26.68,-3949.74,186.01,0.0,-336.81,,-4286.55
175,17,2.00,4,25.44,35.32,26.68,-3669.25,147.62,0.0,-385.56,,-4054.81
175,18,2.00,4,24.59,35.47,26.68,-3114.27,75.51,0.0,-122.37,,-3236.64
175,19,2.00,4,23.41,34.17,26.80,0.0,2.47,0.0,0.0,,0.0
175,20,2.00,4,22.30,32.89,26.37,0.0,0.00,0.0,0.0,,0.0
175,21,2.00,4,21.48,31.69,25.84,0.0,0.00,0.0,0.0,,0.0
175,22,2.00,4,20.92,30.58,25.30,0.0,0.00,0.0,0.0,,0.0
175,23,2.00,4,20.61,29.56,24.79,0.0,0.00,0.0,0.0,,0.0
175,24,2.00,4,20.09,28.61,24.28,0.0,0.00,0.0,0.0,,0.0
175,1,3.00,4,19.31,27.66,23.74,0.0,0.00,0.0,-0.0,,0.0
175,2,3.00,4,18.58,26.74,23.18,0.0,0.00,0.0,-0.0,,0.0
175,3,3.00,4,18.07,25.86,22.63,0.0,0.00,0.0,-0.0,,0.0
175,4,3.00,4,17.56,25.02,22.09,0.0,0.00,0.0,0.0,,0.0
175,5,3.00,4,17.18,24.23,21.57,0.0,0.00,0.0,0.0,,0.0
175,6,3.00,4,16.92,23.49,21.08,0.0,0.00,0.0,0.0,,0.0
175,7,3.00,4,16.43,22.78,20.59,0.0,3.25,0.0,0.0,,0.0
175,8,3.00,4,17.44,24.27,22.28,0.0,42.02,0.0,0.0,,0.0
175,9,3.00,4,19.54,25.71,23.90,0.0,103.27,0.0,0.0,,0.0
175,10,3.00,4,21.99,27.33,25.69,0.0,181.74,0.0,0.0,,0.0
175,11,3.00,4,23.40,29.02,27.53,0.0,192.64,0.0,0.0,,0.0
175,12,3.00,4,24.38,30.76,29.41,0.0,198.54,0.0,0.0,,0.0
175,13,3.00,4,25.23,32.49,31.26,0.0,211.38,0.0,0.0,,0.0
175,14,3.00,4,25.75,34.10,32.99,0.0,214.40,0.0,0.0,,0.0
175,15,3.00,4,26.21,35.60,34.59,0.0,210.07,0.0,0.0,,0.0
175,16,3.00,4,25.91,36.86,35.94,0.0,186.01,0.0,0.0,,0.0
175,17,3.00,4,25.31,37.82,36.99,0.0,147.62,0.0,0.0,,0.0
175,18,3.00,4,24.48,38.37,37.62,0.0,75.51,0.0,0.0,,0.0
175,19,3.00,4,23.35,36.52,35.83,0.0,2.47,0.0,0.0,,0.0
175,20,3.00,4,22.23,34.93,34.31,0.0,0.00,0.0,0.0,,0.0
175,21,3.00,4,21.35,33.50,32.93,0.0,0.00,0.0,0.0,,0.0
175,22,3.00,4,20.64,32.18,31.67,0.0,0.00,0.0,0.0,,0.0
175,23,3.00,4,20.32,30.99,30.52,0.0,0.00,0.0,0.0,,0.0
175,24,3.00,4,19.74,29.86,29.44,0.0,0.00,0.0,0.0,,0.0
175,1,4.00,4,19.14,28.79,28.40,0.0,0.00,0.0,0.0,,0.0
175,2,4.00,4,18.43,27.75,27.40,0.0,0.00,0.0,0.0,,0.0
175,3,4.00,4,17.82,26.75,26.43,0.0,0.00,0.0,0.0,,0.0
175,4,4.00,4,17.28,25.80,25.52,0.0,0.00,0.0,0.0,,0.0
175,5,4.00,4,16.99,24.92,24.66,0.0,0.00,0.0,0.0,,0.0
175,6,4.00,4,16.82,24.12,23.88,0.0,0.00,0.0,0.0,,0.0
175,7,4.00,4,16.52,23.36,23.14,0.0,3.25,0.0,0.0,,0.0
175,8,4.00,4,17.37,24.79,24.59,0.0,42.02,0.0,0.0,,0.0
175,9,4.00,4,19.34,26.15,25.98,0.0,103.27,0.0,0.0,,0.0
175,10,4.00,4,21.90,27.72,27.56,0.0,181.74,0.0,0.0,,0.0
175,11,4.00,4,23.46,29.39,29.25,0.0,192.64,0.0,0.0,,0.0
175,12,4.00,4,24.54,31.11,30.98,0.0,198.54,0.0,0.0,,0.0
175,13,4.00,4,25.60,32.85,32.73,0.0,211.38,0.0,0.0,,0.0
175,14,4.00,4,25.84,34.44,34.32,0.0,214.40,0.0,0.0,,0.0
175,15,4.00,4,26.41,35.92,35.82,0.0,210.07,0.0,0.0,,0.0
175,16,4.00,4,26.06,37.16,37.07,0.0,186.01,0.0,0.0,,0.0
175,17,4.00,4,25.41,38.11,38.02,0.0,147.62,0.0,0.0,,0.0
175,18,4.00,4,24.47,38.63,38.55,0.0,75.51,0.0,0.0,,0.0
175,19,4.00,4,23.25,36.74,36.67,0.0,2.47,0.0,0.0,,0.0
175,20,4.00,4,22.09,35.11,35.05,0.0,0.00,0.0,0.0,,0.0
175,21,4.00,4,21.24,33.65,33.60,0.0,0.00,0.0,0.0,,0.0
175,22,4.00,4,20.79,32.34,32.29,0.0,0.00,0.0,0.0,,0.0
175,23,4.00,4,20.38,31.14,31.09,0.0,0.00,0.0,0.0,,0.0
175,24,4.00,4,19.66,29.99,29.94,0.0,0.00,0.0,0.0,,0.0
175,1,5.00,4,19.11,28.90,28.86,0.0,0.00,0.0,0.0,,0.0
175,2,5.00,4,18.53,27.86,27.83,0.0,0.00,0.0,0.0,,0.0
175,3,5.00,4,18.08,26.89,26.85,0.0,0.00,0.0,0.0,,0.0
175,4,5.00,4,17.62,25.96,25.93,0.0,0.00,0.0,0.0,,0.0
175,5,5.00,4,17.08,25.07,25.04,0.0,0.00,0.0,0.0,,0.0
175,6,5.00,4,16.72,24.23,24.21,0.0,0.00,0.0,0.0,,0.0
175,7,5.00,4,16.32,23.44,23.42,0.0,3.25,0.0,0.0,,0.0
175,8,5.00,4,17.07,24.23,24.21,0.0,42.02,0.0,0.0,,0.0
175,9,5.00,4,19.00,25.23,25.21,0.0,103.27,0.0,0.0,,0.0
175,10,5.00,4,21.57,26.59,26.57,0.0,181.74,0.0,0.0,,0.0
175,11,5.00,4,23.27,28.08,26.68,-1947.51,192.64,0.0,0.0,,-1947.51
175,12,5.00,4,24.33,29.59,26.68,-2881.34,198.54,0.0,0.0,,-2881.34
175,13,5.00,4,25.28,31.09,26.68,-3496.01,211.38,0.0,0.0,,-3496.01
175,14,5.00,4,25.78,32.44,26.68,-3816.47,214.40,0.0,-487.52,,-4303.99
175,15,5.00,4,26.27,33.65,26.68,-4033.69,210.07,0.0,-442.57,,-4476.26
175,16,5.00,4,25.75,34.54,26.68,-3900.49,186.01,0.0,-366.59,,-4267.08
175,17,5.00,4,24.96,35.07,26.68,-3561.86,147.62,0.0,-490.14,,-4052.0
175,18,5.00,4,23.83,35.13,26.68,-2922.18,75.51,0.0,0.0,,-2922.18
175,19,5.00,4,22.49,33.78,26.68,0.0,2.47,0.0,0.0,,0.0
175,20,5.00,4,21.27,32.44,26.16,0.0,0.00,0.0,0.0,,0.0
175,21,5.00,4,20.28,31.16,25.53,0.0,0.00,0.0,0.0,,0.0
175,22,5.00,4,19.58,29.98,24.89,0.0,0.00,0.0,0.0,,0.0
175,23,5.00,4,18.84,28.85,24.25,0.0,0.00,0.0,0.0,,0.0
175,24,5.00,4,18.01,27.75,23.58,0.0,0.00,0.0,0.0,,0.0
175,1,6.00,4,17.38,26.71,22.93,0.0,0.00,0.0,0.0,,0.0
175,2,6.00,4,16.89,25.73,22.30,0.0,0.00,0.0,0.0,,0.0
175,3,6.00,4,16.47,24.80,21.69,0.0,0.00,0.0,0.0,,0.0
175,4,6.00,4,15.92,23.92,21.09,0.0,0.00,0.0,0.0,,0.0
175,5,6.00,4,15.45,23.07,20.51,0.0,0.00,0.0,0.0,,0.0
175,6,6.00,4,15.01,22.26,19.94,0.0,0.00,0.0,0.0,,0.0
175,7,6.00,4,14.60,21.50,19.39,0.0,3.25,0.0,0.0,,0.0
175,8,6.00,4,15.76,22.40,21.68,1489.15,42.02,0.0,0.0,,1489.15
175,9,6.00,4,17.81,23.50,22.63,0.0,103.27,0.0,0.0,,0.0
175,10,6.00,4,20.22,24.91,24.10,0.0,181.74,0.0,0.0,,0.0
175,11,6.00,4,21.87,26.44,25.71,0.0,192.64,0.0,0.0,,0.0
175,12,6.00,4,22.96,27.99,26.68,-946.29,198.54,0.0,0.0,,-946.29
175,13,6.00,4,23.93,29.52,26.68,-2636.04,211.38,0.0,0.0,,-2636.04
175,14,6.00,4,24.66,30.94,26.68,-3248.14,214.40,0.0,0.0,,-3248.14
175,15,6.00,4,25.35,32.25,26.68,-3634.87,210.07,0.0,0.0,,-3634.87
175,16,6.00,4,24.84,33.21,26.68,-3566.06,186.01,0.0,0.0,,-3566.06
175,17,6.00,4,24.13,33.81,26.68,-3283.54,147.62,0.0,0.0,,-3283.54
175,18,6.00,4,23.08,33.95,26.68,-2682.39,75.51,0.0,0.0,,-2682.39
175,19,6.00,4,21.80,32.64,26.58,0.0,2.47,0.0,0.0,,0.0
175,20,6.00,4,20.62,31.34,26.00,0.0,0.00,0.0,0.0,,0.0
175,21,6.00,4,19.84,30.14,25.34,0.0,0.00,0.0,0.0,,0.0
175,22,6.00,4,19.42,29.04,24.71,0.0,0.00,0.0,0.0,,0.0
175,23,6.00,4,18.77,28.00,24.08,0.0,0.00,0.0,0.0,,0.0
175,24,6.00,4,18.20,27.01,23.46,0.0,0.00,0.0,0.0,,0.0
175,1,7.00,4,18.29,26.14,22.92,0.0,0.00,0.0,-0.0,,0.0
175,2,7.00,4,17.84,25.30,22.39,0.0,0.00,0.0,-0.0,,0.0
175,3,7.00,4,17.39,24.51,21.86,0.0,0.00,0.0,-0.0,,0.0
175,4,7.00,4,17.03,23.75,21.35,0.0,0.00,0.0,-0.0,,0.0
175,5,7.00,4,16.54,23.02,20.84,0.0,0.00,0.0,-0.0,,0.0
175,6,7.00,4,16.11,22.32,20.34,0.0,0.00,0.0,-0.0,,0.0
175,7,7.00,4,15.44,21.62,19.83,0.0,3.25,0.0,-0.0,,0.0
175,8,7.00,4,16.46,22.61,21.68,824.61,42.02,0.0,0.0,,824.61
175,9,7.00,4,18.44,23.76,22.83,0.0,103.27,0.0,0.0,,0.0
175,10,7.00,4,20.79,25.21,24.37,0.0,181.74,0.0,0.0,,0.0
175,11,7.00,4,22.22,26.73,25.99,0.0,192.64,0.0,0.0,,0.0
175,12,7.00,4,23.35,28.29,26.68,-1359.74,198.54,0.0,0.0,,-1359.74
175,13,7.00,4,24.33,29.84,26.68,-2813.35,211.38,0.0,0.0,,-2813.35
175,14,7.00,4,24.83,31.23,26.68,-3335.02,214.40,0.0,-27.13,,-3362.15
175,15,7.00,4,25.56,32.52,26.68,-3710.0,210.07,0.0,0.0,,-3710.0
175,16,7.00,4,25.21,33.50,26.68,-3674.87,186.01,0.0,0.0,,-3674.87
175,17,7.00,4,24.38,34.09,26.68,-3359.49,147.62,0.0,0.0,,-3359.49
175,18,7.00,4,23.44,34.24,26.68,-2783.37,75.51,0.0,0.0,,-2783.37
175,19,7.00,4,22.16,32.94,26.63,0.0,2.47,0.0,0.0,,0.0
175,20,7.00,4,21.08,31.66,26.09,0.0,0.00,0.0,0.0,,0.0
175,21,7.00,4,20.42,30.48,25.48,0.0,0.00,0.0,0.0,,0.0
175,22,7.00,4,20.03,29.40,24.90,0.0,0.00,0.0,0.0,,0.0
175,23,7.00,4,19.45,28.39,24.31,0.0,0.00,0.0,0.0,,0.0
175,24,7.00,4,18.89,27.43,23.74,0.0,0.00,0.0,0.0,,0.0
175,1,1.00,4,18.49,26.53,23.18,0.0,0.00,0.0,-0.0,,0.0
175,2,1.00,4,17.84,25.65,22.61,0.0,0.00,0.0,-0.0,,0.0
175,3,1.00,4,17.22,24.80,22.04,0.0,0.00,0.0,-0.0,,0.0
175,4,1.00,4,16.70,23.98,21.48,0.0,0.00,0.0,-0.0,,0.0
175,5,1.00,4,16.25,23.20,20.93,0.0,0.00,0.0,-0.0,,0.0
175,6,1.00,4,15.88,22.46,20.40,0.0,0.00,0.0,-0.0,,0.0
175,7,1.00,4,15.56,21.77,19.90,0.0,3.25,0.0,-0.0,,0.0
175,8,1.00,4,16.47,22.73,21.68,737.54,42.02,0.0,0.0,,737.54
175,9,1.00,4,18.12,23.81,22.79,0.0,103.27,0.0,-33.77,,-33.77
175,10,1.00,4,20.32,25.18,24.26,0.0,181.74,0.0,-45.8,,-45.8
175,11,1.00,4,21.74,26.63,25.83,0.0,192.64,0.0,0.0,,0.0
175,12,1.00,4,22.91,28.15,26.68,-1080.98,198.54,0.0,0.0,,-1080.98
175,13,1.00,4,23.74,29.63,26.68,-2626.32,211.38,0.0,0.0,,-2626.32
175,14,1.00,4,24.45,31.00,26.68,-3210.58,214.40,0.0,-105.14,,-3315.72
175,15,1.00,4,25.20,32.28,26.68,-3601.56,210.07,0.0,-0.9,,-3602.46
175,16,1.00,4,24.99,33.27,26.68,-3604.87,186.01,0.0,-43.17,,-3648.04
175,17,1.00,4,24.47,33.93,26.68,-3373.67,147.62,0.0,0.0,,-3373.67
175,18,1.00,4,23.73,34.16,26.68,-2854.77,75.51,0.0,0.0,,-2854.77
175,19,1.00,4,22.66,32.91,26.69,0.0,2.47,0.0,0.0,,0.0
175,20,1.00,4,21.83,31.70,26.22,0.0,0.00,0.0,0.0,,0.0
175,21,1.00,4,21.60,30.64,25.73,0.0,0.00,0.0,0.0,,0.0
175,22,1.00,4,21.28,29.67,25.24,0.0,0.00,0.0,0.0,,0.0
175,23,1.00,4,21.12,28.80,24.79,0.0,0.00,0.0,0.0,,0.0
175,24,1.00,4,20.91,28.00,24.37,0.0,0.00,0.0,-0.0,,0.0
175,1,2.00,4,20.74,27.26,23.97,0.0,0.00,0.0,-0.0,,0.0
175,2,2.00,4,20.47,26.56,23.58,0.0,0.00,0.0,-0.0,,0.0
175,3,2.00,4,20.28,25.92,23.21,0.0,0.00,0.0,-0.0,,0.0
175,4,2.00,4,20.09,25.32,22.86,0.0,0.00,0.0,-0.0,,0.0
175,5,2.00,4,19.99,24.77,22.54,0.0,0.00,0.0,-0.0,,0.0
175,6,2.00,4,19.71,24.24,22.21,0.0,0.00,0.0,-0.0,,0.0
175,7,2.00,4,19.74,23.77,21.93,0.0,3.25,0.0,-0.0,,0.0
175,8,2.00,4,19.86,24.94,23.39,0.0,42.02,0.0,-176.31,,-176.31
175,9,2.00,4,20.79,26.05,24.72,0.0,103.27,0.0,-41.43,,-41.43
175,10,2.00,4,22.47,27.36,26.21,0.0,181.74,0.0,-3.88,,-3.88
175,11,2.00,4,23.34,28.70,26.68,-1437.85,192.64,0.0,0.0,,-1437.85
175,12,2.00,4,23.89,30.02,26.68,-2606.09,198.54,0.0,0.0,,-2606.09
175,13,2.00,4,24.15,31.26,26.68,-3112.48,211.38,0.0,0.0,,-3112.48
175,14,2.00,4,24.28,32.35,26.68,-3363.98,214.40,0.0,0.0,,-3363.98
175,15,2.00,4,24.14,33.25,26.68,-3429.49,210.07,0.0,0.0,,-3429.49
175,16,2.00,4,23.71,33.91,26.68,-3315.17,186.01,0.0,0.0,,-3315.17
175,17,2.00,4,23.19,34.30,26.68,-3049.21,147.62,0.0,0.0,,-3049.21
175,18,2.00,4,22.42,34.30,26.68,-2506.68,75.51,0.0,0.0,,-2506.68
175,19,2.00,4,21.43,32.96,26.53,0.0,2.47,0.0,0.0,,0.0
175,20,2.00,4,20.60,31.65,25.96,0.0,0.00,0.0,0.0,,0.0
175,21,2.00,4,20.34,30.48,25.36,0.0,0.00,0.0,0.0,,0.0
175,22,2.00,4,19.82,29.40,24.77,0.0,0.00,0.0,0.0,,0.0
175,23,2.00,4,19.73,28.43,24.24,0.0,0.00,0.0,0.0,,0.0
175,24,2.00,4,19.34,27.51,23.72,0.0,0.00,0.0,0.0,,0.0
175,1,3.00,4,19.24,26.68,23.24,0.0,0.00,0.0,-0.0,,0.0
175,2,3.00,4,19.39,25.95,22.83,0.0,0.00,0.0,-0.0,,0.0
175,3,3.00,4,19.19,25.27,22.44,0.0,0.00,0.0,-0.0,,0.0
175,4,3.00,4,18.96,24.63,22.06,0.0,0.00,0.0,-0.0,,0.0
175,5,3.00,4,18.79,24.03,21.70,0.0,0.00,0.0,-0.0,,0.0
175,6,3.00,4,18.65,23.48,21.36,0.0,0.00,0.0,-0.0,,0.0
175,7,3.00,4,18.29,22.94,21.02,0.0,3.25,0.0,-0.0,,0.0
175,8,3.00,4,18.80,24.53,22.79,0.0,42.02,0.0,-0.0,,0.0
175,9,3.00,4,20.51,26.02,24.44,0.0,103.27,0.0,-0.0,,0.0
175,10,3.00,4,22.42,27.63,26.19,0.0,181.74,0.0,0.0,,0.0
175,11,3.00,4,23.41,29.28,27.98,0.0,192.64,0.0,0.0,,0.0
175,12,3.00,4,24.20,30.96,29.78,0.0,198.54,0.0,0.0,,0.0
175,13,3.00,4,24.81,32.62,31.55,0.0,211.38,0.0,0.0,,0.0
175,14,3.00,4,25.13,34.16,33.19,0.0,214.40,0.0,0.0,,0.0
175,15,3.00,4,24.93,35.51,34.63,0.0,210.07,0.0,0.0,,0.0
175,16,3.00,4,24.50,36.64,35.84,0.0,186.01,0.0,0.0,,0.0
175,17,3.00,4,23.90,37.50,36.77,0.0,147.62,0.0,0.0,,0.0
175,18,3.00,4,22.88,37.93,37.26,0.0,75.51,0.0,0.0,,0.0
175,19,3.00,4,21.94,35.99,35.38,0.0,2.47,0.0,0.0,,0.0
175,20,3.00,4,21.07,34.35,33.80,0.0,0.00,0.0,0.0,,0.0
175,21,3.00,4,20.73,32.93,32.43,0.0,0.00,0.0,0.0,,0.0
175,22,3.00,4,20.24,31.64,31.19,0.0,0.00,0.0,0.0,,0.0
175,23,3.00,4,19.95,30.47,30.06,0.0,0.00,0.0,0.0,,0.0
175,24,3.00,4,19.59,29.38,29.01,0.0,0.00,0.0,0.0,,0.0
175,1,4.00,4,19.24,28.37,28.04,0.0,0.00,0.0,0.0,,0.0
175,2,4.00,4,19.01,27.44,27.14,0.0,0.00,0.0,0.0,,0.0
175,3,4.00,4,18.84,26.58,26.31,0.0,0.00,0.0,0.0,,0.0
175,4,4.00,4,18.54,25.78,25.53,0.0,0.00,0.0,0.0,,0.0
175,5,4.00,4,18.27,25.02,24.79,0.0,0.00,0.0,0.0,,0.0
175,6,4.00,4,18.09,24.32,24.12,0.0,0.00,0.0,0.0,,0.0
175,7,4.00,4,17.87,23.67,23.48,0.0,3.25,0.0,0.0,,0.0
175,8,4.00,4,18.32,25.15,24.98,0.0,42.02,0.0,0.0,,0.0
175,9,4.00,4,19.60,26.49,26.33,0.0,103.27,0.0,0.0,,0.0
175,10,4.00,4,21.45,27.96,27.82,0.0,181.74,0.0,0.0,,0.0
175,11,4.00,4,22.65,29.51,29.39,0.0,192.64,0.0,0.0,,0.0
175,12,4.00,4,23.31,31.10,30.98,0.0,198.54,0.0,0.0,,0.0
175,13,4.00,4,24.07,32.68,32.57,0.0,211.38,0.0,0.0,,0.0
175,14,4.00,4,24.47,34.15,34.06,0.0,214.40,0.0,0.0,,0.0
175,15,4.00,4,24.97,35.53,35.44,0.0,210.07,0.0,0.0,,0.0
175,16,4.00,4,24.74,36.69,36.61,0.0,186.01,0.0,0.0,,0.0
175,17,4.00,4,24.24,37.58,37.50,0.0,147.62,0.0,0.0,,0.0
175,18,4.00,4,23.40,38.05,37.99,0.0,75.51,0.0,0.0,,0.0
175,19,4.00,4,22.44,36.15,36.09,0.0,2.47,0.0,0.0,,0.0
175,20,4.00,4,21.77,34.57,34.51,0.0,0.00,0.0,0.0,,0.0
175,21,4.00,4,21.57,33.21,33.16,0.0,0.00,0.0,0.0,,0.0
175,22,4.00,4,21.10,31.98,31.93,0.0,0.00,0.0,0.0,,0.0
175,23,4.00,4,20.95,30.87,30.83,0.0,0.00,0.0,0.0,,0.0
175,24,4.00,4,20.60,29.84,29.80,0.0,0.00,0.0,0.0,,0.0
175,1,5.00,4,20.71,28.93,28.90,0.0,0.00,0.0,0.0,,0.0
175,2,5.00,4,20.50,28.09,28.06,0.0,0.00,0.0,0.0,,0.0
175,3,5.00,4,20.28,27.30,27.27,0.0,0.00,0.0,0.0,,0.0
175,4,5.00,4,19.97,26.56,26.53,0.0,0.00,0.0,0.0,,0.0
175,5,5.00,4,19.58,25.85,25.82,0.0,0.00,0.0,0.0,,0.0
175,6,5.00,4,19.37,25.19,25.16,0.0,0.00,0.0,0.0,,0.0
175,7,5.00,4,18.96,24.55,24.53,0.0,3.25,0.0,0.0,,0.0
175,8,5.00,4,19.48,25.54,25.52,0.0,42.02,0.0,0.0,,0.0
175,9,5.00,4,21.02,26.62,26.60,0.0,103.27,0.0,0.0,,0.0
175,10,5.00,4,22.98,27.94,26.68,-1751.5,181.74,0.0,0.0,,-1751.5
175,11,5.00,4,24.03,29.31,26.68,-2601.06,192.64,0.0,0.0,,-2601.06
175,12,5.00,4,24.90,30.71,26.68,-3223.54,198.54,0.0,0.0,,-3223.54
175,13,5.00,4,25.21,32.00,26.68,-3584.77,211.38,0.0,0.0,,-3584.77
175,14,5.00,4,25.64,33.19,26.68,-3834.31,214.40,0.0,-287.18,,-4121.49
175,15,5.00,4,25.22,34.11,26.68,-3791.15,210.07,0.0,-17.57,,-3808.7200000000003
175,16,5.00,4,24.64,34.77,26.68,-3613.93,186.01,0.0,0.0,,-3613.93
175,17,5.00,4,24.05,35.15,26.68,-3314.23,147.62,0.0,0.0,,-3314.23
175,18,5.00,4,23.18,35.13,26.68,-2737.45,75.51,0.0,0.0,,-2737.45
175,19,5.00,4,22.18,33.79,26.64,0.0,2.47,0.0,0.0,,0.0
175,20,5.00,4,21.23,32.45,26.12,0.0,0.00,0.0,0.0,,0.0
175,21,5.00,4,20.76,31.24,25.55,0.0,0.00,0.0,0.0,,0.0
175,22,5.00,4,20.15,30.11,24.97,0.0,0.00,0.0,0.0,,0.0
175,23,5.00,4,19.77,29.07,24.41,0.0,0.00,0.0,0.0,,0.0
175,24,5.00,4,19.32,28.08,23.87,0.0,0.00,0.0,0.0,,0.0
175,1,6.00,4,18.84,27.16,23.33,0.0,0.00,0.0,0.0,,0.0
175,2,6.00,4,18.46,26.28,22.81,0.0,0.00,0.0,0.0,,0.0
175,3,6.00,4,18.04,25.45,22.30,0.0,0.00,0.0,0.0,,0.0
175,4,6.00,4,17.69,24.67,21.81,0.0,0.00,0.0,-0.0,,0.0
175,5,6.00,4,17.38,23.93,21.34,0.0,0.00,0.0,-0.0,,0.0
175,6,6.00,4,17.07,23.24,20.89,0.0,0.00,0.0,-0.0,,0.0
175,7,6.00,4,16.67,22.57,20.44,0.0,3.25,0.0,-0.0,,0.0
175,8,6.00,4,17.43,23.56,21.76,0.0,42.02,0.0,0.0,,0.0
175,9,6.00,4,19.18,24.67,23.13,0.0,103.27,0.0,0.0,,0.0
175,10,6.00,4,20.94,25.98,24.65,0.0,181.74,0.0,0.0,,0.0
175,11,6.00,4,22.25,27.39,26.24,0.0,192.64,0.0,0.0,,0.0
175,12,6.00,4,23.01,28.79,26.68,-1566.89,198.54,0.0,0.0,,-1566.89
175,13,6.00,4,23.56,30.14,26.68,-2683.81,211.38,0.0,0.0,,-2683.81
175,14,6.00,4,24.16,31.39,26.68,-3183.91,214.40,0.0,0.0,,-3183.91
175,15,6.00,4,24.14,32.44,26.68,-3351.08,210.07,0.0,0.0,,-3351.08
175,16,6.00,4,23.88,33.24,26.68,-3316.39,186.01,0.0,0.0,,-3316.39
175,17,6.00,4,23.57,33.79,26.68,-3124.22,147.62,0.0,0.0,,-3124.22
175,18,6.00,4,22.92,33.93,26.68,-2628.26,75.51,0.0,0.0,,-2628.26
175,19,6.00,4,22.06,32.67,26.60,0.0,2.47,0.0,0.0,,0.0
175,20,6.00,4,21.33,31.45,26.10,0.0,0.00,0.0,0.0,,0.0
175,21,6.00,4,21.06,30.37,25.56,0.0,0.00,0.0,0.0,,0.0
175,22,6.00,4,20.72,29.38,25.04,0.0,0.00,0.0,0.0,,0.0
175,23,6.00,4,20.61,28.49,24.56,0.0,0.00,0.0,0.0,,0.0
175,24,6.00,4,20.46,27.67,24.12,0.0,0.00,0.0,0.0,,0.0
175,1,7.00,4,20.39,26.94,23.71,0.0,0.00,0.0,0.0,,0.0
175,2,7.00,4,20.02,26.23,23.31,0.0,0.00,0.0,-0.0,,0.0
175,3,7.00,4,19.68,25.56,22.90,0.0,0.00,0.0,-0.0,,0.0
175,4,7.00,4,19.26,24.91,22.50,0.0,0.00,0.0,-0.0,,0.0
175,5,7.00,4,18.97,24.30,22.11,0.0,0.00,0.0,-0.0,,0.0
175,6,7.00,4,18.58,23.70,21.72,0.0,0.00,0.0,-0.0,,0.0
175,7,7.00,4,18.47,23.16,21.36,0.0,3.25,0.0,-0.0,,0.0
175,8,7.00,4,19.02,24.30,22.79,0.0,42.02,0.0,0.0,,0.0
175,9,7.00,4,20.43,25.47,24.18,0.0,103.27,0.0,0.0,,0.0
175,10,7.00,4,22.04,26.81,25.69,0.0,181.74,0.0,0.0,,0.0
175,11,7.00,4,23.12,28.20,26.68,-775.14,192.64,0.0,0.0,,-775.14
175,12,7.00,4,23.52,29.55,26.68,-2368.44,198.54,0.0,0.0,,-2368.44
175,13,7.00,4,24.03,30.84,26.68,-3006.29,211.38,0.0,0.0,,-3006.29
175,14,7.00,4,24.21,31.99,26.68,-3305.49,214.40,0.0,0.0,,-3305.49
175,15,7.00,4,24.35,32.98,26.68,-3459.84,210.07,0.0,0.0,,-3459.84
175,16,7.00,4,24.07,33.73,26.68,-3397.23,186.01,0.0,0.0,,-3397.23
175,17,7.00,4,23.60,34.21,26.68,-3154.24,147.62,0.0,0.0,,-3154.24
175,18,7.00,4,22.71,34.26,26.68,-2585.91,75.51,0.0,0.0,,-2585.91
175,19,7.00,4,21.62,32.93,26.55,0.0,2.47,0.0,0.0,,0.0
175,20,7.00,4,20.80,31.64,26.00,0.0,0.00,0.0,0.0,,0.0
175,21,7.00,4,20.41,30.47,25.41,0.0,0.00,0.0,0.0,,0.0
175,22,7.00,4,20.04,29.41,24.83,0.0,0.00,0.0,0.0,,0.0
175,23,7.00,4,19.72,28.43,24.29,0.0,0.00,0.0,0.0,,0.0
175,24,7.00,4,19.31,27.51,23.76,0.0,0.00,0.0,0.0,,0.0
175,1,1.00,4,19.05,26.66,23.26,0.0,0.00,0.0,-0.0,,0.0
175,2,1.00,4,18.83,25.87,22.79,0.0,0.00,0.0,-0.0,,0.0
175,3,1.00,4,18.62,25.14,22.34,0.0,0.00,0.0,-0.0,,0.0
175,4,1.00,4,18.41,24.46,21.92,0.0,0.00,0.0,-0.0,,0.0
175,5,1.00,4,18.25,23.82,21.52,0.0,0.00,0.0,-0.0,,0.0
175,6,1.00,4,17.90,23.22,21.13,0.0,0.00,0.0,-0.0,,0.0
175,7,1.00,4,18.25,22.71,20.82,0.0,3.25,0.0,-0.0,,0.0
175,8,1.00,4,18.80,23.90,22.30,0.0,42.02,0.0,-163.83,,-163.83
175,9,1.00,4,19.70,25.00,23.64,0.0,103.27,0.0,-147.14,,-147.14
175,10,1.00,4,21.44,26.32,25.14,0.0,181.74,0.0,0.0,,0.0
175,11,1.00,4,22.71,27.74,26.68,-45.11,192.64,0.0,0.0,,-45.11
175,12,1.00,4,23.56,29.17,26.68,-2228.23,198.54,0.0,0.0,,-2228.23
175,13,1.00,4,24.46,30.60,26.68,-3043.41,211.38,0.0,0.0,,-3043.41
175,14,1.00,4,24.82,31.87,26.68,-3429.21,214.40,0.0,0.0,,-3429.21
175,15,1.00,4,24.67,32.92,26.68,-3534.18,210.07,0.0,0.0,,-3534.18
175,16,1.00,4,24.36,33.71,26.68,-3469.26,186.01,0.0,0.0,,-3469.26
175,17,1.00,4,23.82,34.22,26.68,-3212.63,147.62,0.0,0.0,,-3212.63
175,18,1.00,4,23.07,34.32,26.68,-2681.32,75.51,0.0,0.0,,-2681.32
175,19,1.00,4,21.91,33.00,26.59,0.0,2.47,0.0,0.0,,0.0
175,20,1.00,4,21.05,31.72,26.06,0.0,0.00,0.0,0.0,,0.0
175,21,1.00,4,20.55,30.56,25.47,0.0,0.00,0.0,0.0,,0.0
175,22,1.00,4,20.25,29.50,24.91,0.0,0.00,0.0,0.0,,0.0
175,23,1.00,4,19.93,28.53,24.38,0.0,0.00,0.0,0.0,,0.0
175,24,1.00,4,19.49,27.62,23.86,0.0,0.00,0.0,0.0,,0.0
175,1,2.00,4,19.25,26.78,23.36,0.0,0.00,0.0,-0.0,,0.0
175,2,2.00,4,19.04,26.00,22.90,0.0,0.00,0.0,-0.0,,0.0
175,3,2.00,4,18.82,25.27,22.46,0.0,0.00,0.0,-0.0,,0.0
175,4,2.00,4,18.47,24.58,22.03,0.0,0.00,0.0,-0.0,,0.0
175,5,2.00,4,18.12,23.92,21.61,0.0,0.00,0.0,-0.0,,0.0
175,6,2.00,4,17.75,23.29,21.19,0.0,0.00,0.0,-0.0,,0.0
175,7,2.00,4,17.54,22.70,20.80,0.0,3.25,0.0,-0.0,,0.0
175,8,2.00,4,17.98,23.74,22.14,0.0,42.02,0.0,-37.43,,-37.43
175,9,2.00,4,18.76,24.73,23.36,0.0,103.27,0.0,0.0,,0.0
175,10,2.00,4,20.54,25.97,24.78,0.0,181.74,0.0,0.0,,0.0
175,11,2.00,4,22.07,27.36,26.33,0.0,192.64,0.0,0.0,,0.0
175,12,2.00,4,22.94,28.76,26.68,-1675.11,198.54,0.0,0.0,,-1675.11
175,13,2.00,4,23.48,30.10,26.68,-2697.49,211.38,0.0,0.0,,-2697.49
175,14,2.00,4,23.98,31.33,26.68,-3155.68,214.40,0.0,0.0,,-3155.68
175,15,2.00,4,24.32,32.43,26.68,-3401.85,210.07,0.0,0.0,,-3401.85
175,16,2.00,4,24.20,33.29,26.68,-3404.88,186.01,0.0,0.0,,-3404.88
175,17,2.00,4,23.84,33.86,26.68,-3202.15,147.62,0.0,0.0,,-3202.15
175,18,2.00,4,23.30,34.06,26.68,-2734.06,75.51,0.0,0.0,,-2734.06
175,19,2.00,4,22.26,32.79,26.63,0.0,2.47,0.0,0.0,,0.0
175,20,2.00,4,21.63,31.59,26.16,0.0,0.00,0.0,0.0,,0.0
175,21,2.00,4,21.26,30.51,25.63,0.0,0.00,0.0,0.0,,0.0
175,22,2.00,4,20.98,29.53,25.13,0.0,0.00,0.0,0.0,,0.0
175,23,2.00,4,20.45,28.60,24.62,0.0,0.00,0.0,0.0,,0.0
175,24,2.00,4,20.21,27.75,24.14,0.0,0.00,0.0,0.0,,0.0
175,1,3.00,4,19.90,26.95,23.68,0.0,0.00,0.0,-0.0,,0.0
175,2,3.00,4,19.69,26.21,23.25,0.0,0.00,0.0,-0.0,,0.0
175,3,3.00,4,19.73,25.56,22.87,0.0,0.00,0.0,-0.0,,0.0
175,4,3.00,4,19.63,24.95,22.51,0.0,0.00,0.0,-0.0,,0.0
175,5,3.00,4,19.49,24.39,22.17,0.0,0.00,0.0,-0.0,,0.0
175,6,3.00,4,19.32,23.86,21.85,0.0,0.00,0.0,-0.0,,0.0
175,7,3.00,4,19.18,23.38,21.55,0.0,3.25,0.0,-0.0,,0.0
175,8,3.00,4,19.43,24.98,23.32,0.0,42.02,0.0,0.0,,0.0
175,9,3.00,4,20.69,26.43,24.93,0.0,103.27,0.0,0.0,,0.0
175,10,3.00,4,22.41,27.99,26.63,0.0,181.74,0.0,0.0,,0.0
175,11,3.00,4,23.46,29.61,28.37,0.0,192.64,0.0,0.0,,0.0
175,12,3.00,4,23.96,31.23,30.11,0.0,198.54,0.0,0.0,,0.0
175,13,3.00,4,24.40,32.82,31.80,0.0,211.38,0.0,0.0,,0.0
175,14,3.00,4,24.36,34.26,33.33,0.0,214.40,0.0,0.0,,0.0
175,15,3.00,4,24.42,35.56,34.72,0.0,210.07,0.0,0.0,,0.0
175,16,3.00,4,24.22,36.66,35.90,0.0,186.01,0.0,0.0,,0.0
175,17,3.00,4,23.85,37.52,36.82,0.0,147.62,0.0,0.0,,0.0
175,18,3.00,4,23.20,37.98,37.36,0.0,75.51,0.0,0.0,,0.0
175,19,3.00,4,22.18,36.06,35.49,0.0,2.47,0.0,0.0,,0.0
175,20,3.00,4,21.48,34.46,33.94,0.0,0.00,0.0,0.0,,0.0
175,21,3.00,4,21.00,33.06,32.58,0.0,0.00,0.0,0.0,,0.0
175,22,3.00,4,20.38,31.76,31.34,0.0,0.00,0.0,0.0,,0.0
175,23,3.00,4,20.15,30.60,30.21,0.0,0.00,0.0,0.0,,0.0
175,24,3.00,4,19.69,29.51,29.16,0.0,0.00,0.0,0.0,,0.0
175,1,4.00,4,19.56,28.52,28.20,0.0,0.00,0.0,0.0,,0.0
175,2,4.00,4,19.43,27.62,27.32,0.0,0.00,0.0,0.0,,0.0
175,3,4.00,4,19.27,26.78,26.52,0.0,0.00,0.0,0.0,,0.0
175,4,4.00,4,18.95,26.00,25.76,0.0,0.00,0.0,0.0,,0.0
175,5,4.00,4,18.58,25.25,25.03,0.0,0.00,0.0,0.0,,0.0
175,6,4.00,4,18.11,24.52,24.32,0.0,0.00,0.0,0.0,,0.0
175,7,4.00,4,17.69,23.83,23.65,0.0,3.25,0.0,0.0,,0.0
175,8,4.00,4,18.20,25.28,25.11,0.0,42.02,0.0,0.0,,0.0
175,9,4.00,4,19.45,26.59,26.44,0.0,103.27,0.0,0.0,,0.0
175,10,4.00,4,21.38,28.05,27.91,0.0,181.74,0.0,0.0,,0.0
175,11,4.00,4,22.70,29.60,29.48,0.0,192.64,0.0,0.0,,0.0
175,12,4.00,4,23.18,31.16,31.05,0.0,198.54,0.0,0.0,,0.0
175,13,4.00,4,23.74,32.70,32.59,0.0,211.38,0.0,0.0,,0.0
175,14,4.00,4,24.01,34.12,34.03,0.0,214.40,0.0,0.0,,0.0
175,15,4.00,4,23.93,35.39,35.31,0.0,210.07,0.0,0.0,,0.0
175,16,4.00,4,23.87,36.49,36.41,0.0,186.01,0.0,0.0,,0.0
175,17,4.00,4,23.38,37.31,37.24,0.0,147.62,0.0,0.0,,0.0
175,18,4.00,4,22.59,37.74,37.68,0.0,75.51,0.0,0.0,,0.0
175,19,4.00,4,21.53,35.78,35.72,0.0,2.47,0.0,0.0,,0.0
175,20,4.00,4,20.78,34.14,34.08,0.0,0.00,0.0,0.0,,0.0
175,21,4.00,4,20.61,32.73,32.69,0.0,0.00,0.0,0.0,,0.0
175,22,4.00,4,20.28,31.47,31.43,0.0,0.00,0.0,0.0,,0.0
175,23,4.00,4,19.95,30.32,30.28,0.0,0.00,0.0,0.0,,0.0
175,24,4.00,4,19.46,29.23,29.20,0.0,0.00,0.0,0.0,,0.0
175,1,5.00,4,19.29,28.25,28.21,0.0,0.00,0.0,0.0,,0.0
175,2,5.00,4,19.10,27.33,27.30,0.0,0.00,0.0,0.0,,0.0
175,3,5.00,4,19.01,26.51,26.48,0.0,0.00,0.0,0.0,,0.0
175,4,5.00,4,19.01,25.76,25.73,0.0,0.00,0.0,0.0,,0.0
175,5,5.00,4,18.90,25.07,25.05,0.0,0.00,0.0,0.0,,0.0
175,6,5.00,4,18.63,24.41,24.39,0.0,0.00,0.0,0.0,,0.0
175,7,5.00,4,18.51,23.82,23.80,0.0,3.25,0.0,0.0,,0.0
175,8,5.00,4,19.01,24.85,24.83,0.0,42.02,0.0,0.0,,0.0
175,9,5.00,4,20.05,25.87,25.86,0.0,103.27,0.0,0.0,,0.0
175,10,5.00,4,21.85,27.13,26.68,-615.13,181.74,0.0,0.0,,-615.13
175,11,5.00,4,22.76,28.43,26.68,-2061.7,192.64,0.0,0.0,,-2061.7
175,12,5.00,4,23.31,29.72,26.68,-2694.48,198.54,0.0,0.0,,-2694.48
175,13,5.00,4,23.55,30.91,26.68,-3073.8,211.38,0.0,0.0,,-3073.8
175,14,5.00,4,23.74,31.98,26.68,-3279.16,214.40,0.0,0.0,,-3279.16
175,15,5.00,4,23.79,32.90,26.68,-3364.1,210.07,0.0,0.0,,-3364.1
175,16,5.00,4,23.68,33.62,26.68,-3317.45,186.01,0.0,0.0,,-3317.45
175,17,5.00,4,23.44,34.10,26.68,-3120.19,147.62,0.0,0.0,,-3120.19
175,18,5.00,4,22.93,34.22,26.68,-2647.33,75.51,0.0,0.0,,-2647.33
175,19,5.00,4,22.09,32.94,26.61,0.0,2.47,0.0,0.0,,0.0
175,20,5.00,4,21.34,31.70,26.11,0.0,0.00,0.0,0.0,,0.0
175,21,5.00,4,20.99,30.59,25.57,0.0,0.00,0.0,0.0,,0.0
175,22,5.00,4,20.88,29.59,25.06,0.0,0.00,0.0,0.0,,0.0
175,23,5.00,4,20.64,28.69,24.58,0.0,0.00,0.0,0.0,,0.0
175,24,5.00,4,20.31,27.84,24.12,0.0,0.00,0.0,0.0,,0.0
175,1,6.00,4,20.11,27.05,23.68,0.0,0.00,0.0,-0.0,,0.0
175,2,6.00,4,19.94,26.33,23.28,0.0,0.00,0.0,-0.0,,0.0
175,3,6.00,4,19.86,25.67,22.90,0.0,0.00,0.0,-0.0,,0.0
175,4,6.00,4,19.76,25.07,22.55,0.0,0.00,0.0,-0.0,,0.0
175,5,6.00,4,19.57,24.50,22.22,0.0,0.00,0.0,-0.0,,0.0
175,6,6.00,4,19.24,23.95,21.88,0.0,0.00,0.0,-0.0,,0.0
175,7,6.00,4,19.11,23.45,21.57,0.0,3.25,0.0,-0.0,,0.0
175,8,6.00,4,19.39,24.60,23.02,0.0,42.02,0.0,0.0,,0.0
175,9,6.00,4,20.30,25.68,24.33,0.0,103.27,0.0,0.0,,0.0
175,10,6.00,4,21.83,26.95,25.78,0.0,181.74,0.0,0.0,,0.0
175,11,6.00,4,22.91,28.30,26.68,-842.12,192.64,0.0,0.0,,-842.12
175,12,6.00,4,23.54,29.64,26.68,-2401.14,198.54,0.0,0.0,,-2401.14
175,13,6.00,4,24.05,30.93,26.68,-3025.27,211.38,0.0,0.0,,-3025.27
175,14,6.00,4,24.13,32.04,26.68,-3291.34,214.40,0.0,0.0,,-3291.34
175,15,6.00,4,24.30,33.02,26.68,-3450.45,210.07,0.0,0.0,,-3450.45
175,16,6.00,4,24.13,33.78,26.68,-3414.41,186.01,0.0,0.0,,-3414.41
175,17,6.00,4,23.79,34.29,26.68,-3203.86,147.62,0.0,0.0,,-3203.86
175,18,6.00,4,23.12,34.39,26.68,-2695.78,75.51,0.0,0.0,,-2695.78
175,19,6.00,4,22.39,33.13,26.65,0.0,2.47,0.0,0.0,,0.0
175,20,6.00,4,21.69,31.90,26.18,0.0,0.00,0.0,0.0,,0.0
175,21,6.00,4,21.27,30.79,25.65,0.0,0.00,0.0,0.0,,0.0
175,22,6.00,4,21.20,29.81,25.17,0.0,0.00,0.0,0.0,,0.0
175,23,6.00,4,20.93,28.91,24.71,0.0,0.00,0.0,0.0,,0.0
175,24,6.00,4,20.62,28.07,24.26,0.0,0.00,0.0,-0.0,,0.0
175,1,7.00,4,20.27,27.27,23.82,0.0,0.00,0.0,-0.0,,0.0
175,2,7.00,4,20.08,26.54,23.41,0.0,0.00,0.0,-0.0,,0.0
175,3,7.00,4,19.91,25.87,23.03,0.0,0.00,0.0,-0.0,,0.0
175,4,7.00,4,19.70,25.23,22.66,0.0,0.00,0.0,-0.0,,0.0
175,5,7.00,4,19.51,24.64,22.31,0.0,0.00,0.0,-0.0,,0.0
175,6,7.00,4,19.26,24.09,21.96,0.0,0.00,0.0,-0.0,,0.0
175,7,7.00,4,19.16,23.58,21.65,0.0,3.25,0.0,-0.0,,0.0
175,8,7.00,4,19.40,24.70,23.09,0.0,42.02,0.0,0.0,,0.0
175,9,7.00,4,20.31,25.78,24.39,0.0,103.27,0.0,0.0,,0.0
175,10,7.00,4,22.10,27.08,25.88,0.0,181.74,0.0,0.0,,0.0
175,11,7.00,4,23.41,28.49,26.68,-1077.84,192.64,0.0,0.0,,-1077.84
175,12,7.00,4,23.77,29.82,26.68,-2492.49,198.54,0.0,0.0,,-2492.49
175,13,7.00,4,23.99,31.07,26.68,-3030.1,211.38,0.0,0.0,,-3030.1
175,14,7.00,4,24.03,32.14,26.68,-3274.86,214.40,0.0,0.0,,-3274.86
175,15,7.00,4,24.05,33.06,26.68,-3388.93,210.07,0.0,0.0,,-3388.93
175,16,7.00,4,23.96,33.80,26.68,-3366.57,186.01,0.0,0.0,,-3366.57
175,17,7.00,4,23.64,34.28,26.68,-3160.82,147.62,0.0,0.0,,-3160.82
175,18,7.00,4,23.00,34.37,26.68,-2661.32,75.51,0.0,0.0,,-2661.32
175,19,7.00,4,22.16,33.09,26.62,0.0,2.47,0.0,0.0,,0.0
175,20,7.00,4,21.57,31.86,26.14,0.0,0.00,0.0,0.0,,0.0
175,21,7.00,4,21.14,30.74,25.60,0.0,0.00,0.0,0.0,,0.0
175,22,7.00,4,21.17,29.77,25.13,0.0,0.00,0.0,0.0,,0.0
175,23,7.00,4,20.90,28.87,24.67,0.0,0.00,0.0,0.0,,0.0
175,24,7.00,4,20.50,28.02,24.21,0.0,0.00,0.0,-0.0,,0.0
175,1,1.00,4,20.62,27.27,23.82,0.0,0.00,0.0,-0.0,,0.0
175,2,1.00,4,20.68,26.60,23.47,0.0,0.00,0.0,-0.0,,0.0
175,3,1.00,4,20.18,25.94,23.10,0.0,0.00,0.0,-0.0,,0.0
175,4,1.00,4,19.65,25.29,22.71,0.0,0.00,0.0,-0.0,,0.0
175,5,1.00,4,19.27,24.66,22.33,0.0,0.00,0.0,-0.0,,0.0
175,6,1.00,4,19.16,24.09,21.97,0.0,0.00,0.0,-0.0,,0.0
175,7,1.00,4,19.43,23.62,21.69,0.0,3.25,0.0,-0.0,,0.0
175,8,1.00,4,19.63,24.78,23.16,0.0,42.02,0.0,-237.6,,-237.6
175,9,1.00,4,20.35,25.84,24.45,0.0,103.27,0.0,-233.37,,-233.37
175,10,1.00,4,22.14,27.14,25.94,0.0,181.74,0.0,0.0,,0.0
175,11,1.00,4,23.58,28.56,26.68,-1185.74,192.64,0.0,-20.71,,-1206.45
175,12,1.00,4,24.26,29.97,26.68,-2632.61,198.54,0.0,-326.82,,-2959.4300000000003
175,13,1.00,4,24.55,31.28,26.68,-3187.61,211.38,0.0,-267.04,,-3454.65
175,14,1.00,4,24.49,32.38,26.68,-3408.19,214.40,0.0,0.0,,-3408.19
175,15,1.00,4,24.57,33.34,26.68,-3535.45,210.07,0.0,-127.62,,-3663.0699999999997
175,16,1.00,4,24.17,34.06,26.68,-3436.44,186.01,0.0,0.0,,-3436.44
175,17,1.00,4,23.63,34.48,26.68,-3167.78,147.62,0.0,0.0,,-3167.78
175,18,1.00,4,22.75,34.50,26.68,-2599.7,75.51,0.0,0.0,,-2599.7
175,19,1.00,4,21.78,33.17,26.57,0.0,2.47,0.0,0.0,,0.0
175,20,1.00,4,20.95,31.87,26.03,0.0,0.00,0.0,0.0,,0.0
175,21,1.00,4,20.50,30.69,25.45,0.0,0.00,0.0,0.0,,0.0
175,22,1.00,4,20.09,29.61,24.87,0.0,0.00,0.0,0.0,,0.0
175,23,1.00,4,19.75,28.61,24.32,0.0,0.00,0.0,0.0,,0.0
175,24,1.00,4,19.46,27.69,23.81,0.0,0.00,0.0,-0.0,,0.0
175,1,2.00,4,19.21,26.84,23.32,0.0,0.00,0.0,-0.0,,0.0
175,2,2.00,4,18.73,26.02,22.82,0.0,0.00,0.0,-0.0,,0.0
175,3,2.00,4,18.37,25.24,22.35,0.0,0.00,0.0,-0.0,,0.0
175,4,2.00,4,18.22,24.53,21.90,0.0,0.00,0.0,-0.0,,0.0
175,5,2.00,4,17.97,23.87,21.48,0.0,0.00,0.0,-0.0,,0.0
175,6,2.00,4,17.71,23.24,21.07,0.0,0.00,0.0,-0.0,,0.0
175,7,2.00,4,17.24,22.63,20.66,0.0,3.25,0.0,-0.0,,0.0
175,8,2.00,4,17.26,23.56,21.91,0.0,42.02,0.0,0.0,,0.0
175,9,2.00,4,18.24,24.50,23.09,0.0,103.27,0.0,0.0,,0.0
175,10,2.00,4,19.94,25.68,24.46,0.0,181.74,0.0,0.0,,0.0
175,11,2.00,4,21.02,26.95,25.89,0.0,192.64,0.0,0.0,,0.0
175,12,2.00,4,21.46,28.19,26.68,-824.88,198.54,0.0,0.0,,-824.88
175,13,2.00,4,21.71,29.35,26.68,-2122.92,211.38,0.0,0.0,,-2122.92
175,14,2.00,4,21.86,30.37,26.68,-2529.28,214.40,0.0,0.0,,-2529.28
175,15,2.00,4,21.77,31.23,26.68,-2677.73,210.07,0.0,0.0,,-2677.73
175,16,2.00,4,21.66,31.91,26.68,-2682.48,186.01,0.0,0.0,,-2682.48
175,17,2.00,4,21.22,32.31,26.68,-2461.36,147.62,0.0,0.0,,-2461.36
175,18,2.00,4,20.53,32.34,26.68,-1953.59,75.51,0.0,0.0,,-1953.59
175,19,2.00,4,19.63,31.02,26.27,0.0,2.47,0.0,0.0,,0.0
175,20,2.00,4,19.07,29.76,25.57,0.0,0.00,0.0,0.0,,0.0
175,21,2.00,4,18.79,28.63,24.86,0.0,0.00,0.0,0.0,,0.0
175,22,2.00,4,18.75,27.63,24.23,0.0,0.00,0.0,0.0,,0.0
175,23,2.00,4,18.55,26.72,23.64,0.0,0.00,0.0,0.0,,0.0
175,24,2.00,4,18.15,25.86,23.07,0.0,0.00,0.0,0.0,,0.0
175,1,3.00,4,18.05,25.07,22.55,0.0,0.00,0.0,-0.0,,0.0
175,2,3.00,4,18.14,24.38,22.09,0.0,0.00,0.0,-0.0,,0.0
175,3,3.00,4,17.92,23.73,21.65,0.0,0.00,0.0,-0.0,,0.0
175,4,3.00,4,17.71,23.11,21.23,0.0,0.00,0.0,-0.0,,0.0
175,5,3.00,4,17.49,22.54,20.82,0.0,0.00,0.0,-0.0,,0.0
175,6,3.00,4,17.32,22.00,20.45,0.0,0.00,0.0,-0.0,,0.0
175,7,3.00,4,17.51,21.54,20.13,0.0,3.25,0.0,-0.0,,0.0
175,8,3.00,4,18.04,23.20,21.92,0.0,42.02,0.0,0.0,,0.0
175,9,3.00,4,19.26,24.69,23.52,0.0,103.27,0.0,0.0,,0.0
175,10,3.00,4,21.40,26.33,25.27,0.0,181.74,0.0,0.0,,0.0
175,11,3.00,4,22.79,28.05,27.10,0.0,192.64,0.0,0.0,,0.0
175,12,3.00,4,23.48,29.79,28.92,0.0,198.54,0.0,0.0,,0.0
175,13,3.00,4,23.91,31.47,30.68,0.0,211.38,0.0,0.0,,0.0
175,14,3.00,4,24.18,33.03,32.31,0.0,214.40,0.0,0.0,,0.0
175,15,3.00,4,24.36,34.44,33.79,0.0,210.07,0.0,0.0,,0.0
175,16,3.00,4,24.05,35.64,35.05,0.0,186.01,0.0,0.0,,0.0
175,17,3.00,4,23.39,36.54,36.00,0.0,147.62,0.0,0.0,,0.0
175,18,3.00,4,22.39,37.01,36.52,0.0,75.51,0.0,0.0,,0.0
175,19,3.00,4,21.43,35.11,34.67,0.0,2.47,0.0,0.0,,0.0
175,20,3.00,4,20.87,33.54,33.14,0.0,0.00,0.0,0.0,,0.0
175,21,3.00,4,20.38,32.16,31.80,0.0,0.00,0.0,0.0,,0.0
175,22,3.00,4,19.76,30.90,30.57,0.0,0.00,0.0,0.0,,0.0
175,23,3.00,4,19.41,29.75,29.44,0.0,0.00,0.0,0.0,,0.0
175,24,3.00,4,18.94,28.66,28.39,0.0,0.00,0.0,0.0,,0.0
175,1,4.00,4,18.57,27.66,27.41,0.0,0.00,0.0,0.0,,0.0
175,2,4.00,4,18.32,26.73,26.50,0.0,0.00,0.0,0.0,,0.0
175,3,4.00,4,18.17,25.87,25.67,0.0,0.00,0.0,0.0,,0.0
175,4,4.00,4,17.96,25.08,24.90,0.0,0.00,0.0,0.0,,0.0
175,5,4.00,4,17.77,24.35,24.18,0.0,0.00,0.0,0.0,,0.0
175,6,4.00,4,17.38,23.65,23.49,0.0,0.00,0.0,0.0,,0.0
175,7,4.00,4,17.14,22.99,22.85,0.0,3.25,0.0,0.0,,0.0
175,8,4.00,4,17.56,24.46,24.33,0.0,42.02,0.0,0.0,,0.0
175,9,4.00,4,18.73,25.78,25.66,0.0,103.27,0.0,0.0,,0.0
175,10,4.00,4,20.50,27.23,27.12,0.0,181.74,0.0,0.0,,0.0
175,11,4.00,4,21.62,28.75,28.65,0.0,192.64,0.0,0.0,,0.0
175,12,4.00,4,22.25,30.30,30.22,0.0,198.54,0.0,0.0,,0.0
175,13,4.00,4,22.94,31.85,31.77,0.0,211.38,0.0,0.0,,0.0
175,14,4.00,4,23.26,33.29,33.22,0.0,214.40,0.0,0.0,,0.0
175,15,4.00,4,23.62,34.62,34.56,0.0,210.07,0.0,0.0,,0.0
175,16,4.00,4,23.53,35.76,35.70,0.0,186.01,0.0,0.0,,0.0
175,17,4.00,4,23.05,36.62,36.57,0.0,147.62,0.0,0.0,,0.0
175,18,4.00,4,22.35,37.10,37.05,0.0,75.51,0.0,0.0,,0.0
175,19,4.00,4,21.20,35.17,35.12,0.0,2.47,0.0,0.0,,0.0
175,20,4.00,4,20.56,33.56,33.52,0.0,0.00,0.0,0.0,,0.0
175,21,4.00,4,20.15,32.17,32.13,0.0,0.00,0.0,0.0,,0.0
175,22,4.00,4,19.86,30.92,30.88,0.0,0.00,0.0,0.0,,0.0
175,23,4.00,4,19.44,29.77,29.73,0.0,0.00,0.0,0.0,,0.0
175,24,4.00,4,19.13,28.70,28.68,0.0,0.00,0.0,0.0,,0.0
175,1,5.00,4,19.34,27.78,27.75,0.0,0.00,0.0,0.0,,0.0
175,2,5.00,4,19.26,26.93,26.91,0.0,0.00,0.0,0.0,,0.0
175,3,5.00,4,18.99,26.14,26.12,0.0,0.00,0.0,0.0,,0.0
175,4,5.00,4,18.80,25.40,25.38,0.0,0.00,0.0,0.0,,0.0
175,5,5.00,4,18.69,24.72,24.70,0.0,0.00,0.0,0.0,,0.0
175,6,5.00,4,18.34,24.07,24.05,0.0,0.00,0.0,0.0,,0.0
175,7,5.00,4,18.14,23.47,23.45,0.0,3.25,0.0,0.0,,0.0
175,8,5.00,4,18.39,24.45,24.44,0.0,42.02,0.0,0.0,,0.0
175,9,5.00,4,19.36,25.43,25.42,0.0,103.27,0.0,0.0,,0.0
175,10,5.00,4,21.16,26.65,26.64,0.0,181.74,0.0,0.0,,0.0
175,11,5.00,4,22.19,27.94,26.68,-1760.65,192.64,0.0,0.0,,-1760.65
175,12,5.00,4,22.53,29.18,26.68,-2425.17,198.54,0.0,0.0,,-2425.17
175,13,5.00,4,23.03,30.40,26.68,-2893.06,211.38,0.0,0.0,,-2893.06
175,14,5.00,4,22.96,31.42,26.68,-3049.5,214.40,0.0,0.0,,-3049.5
175,15,5.00,4,23.04,32.31,26.68,-3144.53,210.07,0.0,0.0,,-3144.53
175,16,5.00,4,23.04,33.03,26.68,-3127.24,186.01,0.0,0.0,,-3127.24
175,17,5.00,4,22.86,33.52,26.68,-2949.37,147.62,0.0,0.0,,-2949.37
175,18,5.00,4,22.28,33.62,26.68,-2462.57,75.51,0.0,0.0,,-2462.57
175,19,5.00,4,21.30,32.33,26.51,0.0,2.47,0.0,0.0,,0.0
175,20,5.00,4,20.78,31.10,25.96,0.0,0.00,0.0,0.0,,0.0
175,21,5.00,4,20.39,29.99,25.37,0.0,0.00,0.0,0.0,,0.0
175,22,5.00,4,20.54,29.03,24.86,0.0,0.00,0.0,0.0,,0.0
175,23,5.00,4,20.08,28.12,24.35,0.0,0.00,0.0,0.0,,0.0
175,24,5.00,4,20.08,27.31,23.89,0.0,0.00,0.0,-0.0,,0.0
175,1,6.00,4,19.92,26.56,23.46,0.0,0.00,0.0,-0.0,,0.0
175,2,6.00,4,19.57,25.85,23.04,0.0,0.00,0.0,-0.0,,0.0
175,3,6.00,4,19.25,25.17,22.62,0.0,0.00,0.0,-0.0,,0.0
175,4,6.00,4,18.95,24.53,22.22,0.0,0.00,0.0,-0.0,,0.0
175,5,6.00,4,18.78,23.94,21.84,0.0,0.00,0.0,-0.0,,0.0
175,6,6.00,4,18.63,23.39,21.49,0.0,0.00,0.0,-0.0,,0.0
175,7,6.00,4,18.68,22.91,21.18,0.0,3.25,0.0,-0.0,,0.0
175,8,6.00,4,18.92,24.07,22.61,0.0,42.02,0.0,0.0,,0.0
175,9,6.00,4,19.39,25.08,23.84,0.0,103.27,0.0,-58.88,,-58.88
175,10,6.00,4,20.79,26.28,25.21,0.0,181.74,0.0,0.0,,0.0
175,11,6.00,4,22.17,27.63,26.68,-17.4,192.64,0.0,0.0,,-17.4
175,12,6.00,4,22.65,28.93,26.68,-2022.75,198.54,0.0,0.0,,-2022.75
175,13,6.00,4,23.22,30.21,26.68,-2728.17,211.38,0.0,0.0,,-2728.17
175,14,6.00,4,23.32,31.32,26.68,-3029.59,214.40,0.0,0.0,,-3029.59
175,15,6.00,4,23.70,32.32,26.68,-3257.49,210.07,0.0,0.0,,-3257.49
175,16,6.00,4,23.60,33.12,26.68,-3249.87,186.01,0.0,0.0,,-3249.87
175,17,6.00,4,23.14,33.62,26.68,-3016.09,147.62,0.0,0.0,,-3016.09
175,18,6.00,4,22.23,33.68,26.68,-2447.15,75.51,0.0,0.0,,-2447.15
175,19,6.00,4,20.89,32.34,26.46,0.0,2.47,0.0,0.0,,0.0
175,20,6.00,4,20.25,31.05,25.86,0.0,0.00,0.0,0.0,,0.0
175,21,6.00,4,19.84,29.89,25.23,0.0,0.00,0.0,0.0,,0.0
175,22,6.00,4,19.81,28.86,24.66,0.0,0.00,0.0,0.0,,0.0
175,23,6.00,4,19.49,27.91,24.11,0.0,0.00,0.0,0.0,,0.0
175,24,6.00,4,19.30,27.05,23.60,0.0,0.00,0.0,0.0,,0.0
175,1,7.00,4,19.21,26.26,23.13,0.0,0.00,0.0,0.0,,0.0
175,2,7.00,4,18.91,25.52,22.68,0.0,0.00,0.0,-0.0,,0.0
175,3,7.00,4,18.40,24.79,22.22,0.0,0.00,0.0,-0.0,,0.0
175,4,7.00,4,17.82,24.08,21.74,0.0,0.00,0.0,-0.0,,0.0
175,5,7.00,4,17.35,23.39,21.27,0.0,0.00,0.0,-0.0,,0.0
175,6,7.00,4,17.03,22.74,20.81,0.0,0.00,0.0,-0.0,,0.0
175,7,7.00,4,16.67,22.12,20.37,0.0,3.25,0.0,-0.0,,0.0
175,8,7.00,4,17.43,23.17,21.71,0.0,42.02,0.0,0.0,,0.0
175,9,7.00,4,18.94,24.30,23.04,0.0,103.27,0.0,0.0,,0.0
175,10,7.00,4,20.87,25.65,24.57,0.0,181.74,0.0,0.0,,0.0
175,11,7.00,4,21.99,27.06,26.12,0.0,192.64,0.0,0.0,,0.0
175,12,7.00,4,22.58,28.44,26.68,-1330.92,198.54,0.0,0.0,,-1330.92
175,13,7.00,4,23.20,29.79,26.68,-2557.64,211.38,0.0,0.0,,-2557.64
175,14,7.00,4,23.61,31.01,26.68,-3022.17,214.40,0.0,0.0,,-3022.17
175,15,7.00,4,23.26,31.97,26.68,-3106.38,210.07,0.0,0.0,,-3106.38
175,16,7.00,4,22.90,32.69,26.68,-3042.44,186.01,0.0,0.0,,-3042.44
175,17,7.00,4,22.27,33.12,26.68,-2766.6,147.62,0.0,0.0,,-2766.6
175,18,7.00,4,21.44,33.15,26.68,-2218.46,75.51,0.0,0.0,,-2218.46
175,19,7.00,4,20.37,31.81,26.38,0.0,2.47,0.0,0.0,,0.0
175,20,7.00,4,19.51,30.51,25.71,0.0,0.00,0.0,0.0,,0.0
175,21,7.00,4,18.87,29.30,24.99,0.0,0.00,0.0,0.0,,0.0
175,22,7.00,4,18.80,28.23,24.34,0.0,0.00,0.0,0.0,,0.0
175,23,7.00,4,18.17,27.22,23.70,0.0,0.00,0.0,0.0,,0.0
175,24,7.00,4,17.64,26.25,23.06,0.0,0.00,0.0,0.0,,0.0
175,1,1.00,5,17.08,25.33,22.44,0.0,0.00,0.0,0.0,,0.0
175,2,1.00,5,16.50,24.44,21.82,0.0,0.00,0.0,0.0,,0.0
175,3,1.00,5,15.96,23.59,21.21,0.0,0.00,0.0,-0.0,,0.0
175,4,1.00,5,15.61,22.79,20.63,0.0,0.00,0.0,-0.0,,0.0
175,5,1.00,5,15.25,22.03,20.07,0.0,0.00,0.0,-0.0,,0.0
175,6,1.00,5,14.87,21.31,19.53,0.0,0.00,0.0,-0.0,,0.0
175,7,1.00,5,14.48,20.62,19.00,0.0,0.14,0.0,-0.0,,0.0
175,8,1.00,5,15.40,21.60,21.10,1205.79,30.08,0.0,0.0,,1205.79
175,9,1.00,5,17.20,22.72,22.08,0.0,62.47,0.0,0.0,,0.0
175,10,1.00,5,19.68,24.15,23.55,0.0,128.84,0.0,0.0,,0.0
175,11,1.00,5,21.28,25.68,25.14,0.0,172.43,0.0,0.0,,0.0
175,12,1.00,5,22.43,27.21,26.10,-897.52,200.23,0.0,0.0,,-897.52
175,13,1.00,5,23.27,28.69,26.10,-2509.02,211.34,0.0,0.0,,-2509.02
175,14,1.00,5,23.95,30.04,26.10,-3071.28,206.88,0.0,-247.3,,-3318.5800000000004
175,15,1.00,5,23.65,31.13,26.10,-3213.19,200.88,0.0,0.0,,-3213.19
175,16,1.00,5,23.27,31.94,26.10,-3138.65,165.13,0.0,0.0,,-3138.65
175,17,1.00,5,22.61,32.43,26.10,-2854.15,121.28,0.0,0.0,,-2854.15
175,18,1.00,5,21.76,32.45,26.10,-2217.83,32.72,0.0,0.0,,-2217.83
175,19,1.00,5,20.47,31.14,25.82,0.0,0.00,0.0,0.0,,0.0
175,20,1.00,5,19.69,29.91,25.21,0.0,0.00,0.0,0.0,,0.0
175,21,1.00,5,19.03,28.77,24.56,0.0,0.00,0.0,0.0,,0.0
175,22,1.00,5,18.76,27.75,23.95,0.0,0.00,0.0,0.0,,0.0
175,23,1.00,5,17.98,26.76,23.32,0.0,0.00,0.0,0.0,,0.0
175,24,1.00,5,17.46,25.82,22.70,0.0,0.00,0.0,0.0,,0.0
175,1,2.00,5,17.02,24.93,22.11,0.0,0.00,0.0,0.0,,0.0
175,2,2.00,5,16.63,24.10,21.53,0.0,0.00,0.0,-0.0,,0.0
175,3,2.00,5,16.24,23.31,20.98,0.0,0.00,0.0,-0.0,,0.0
175,4,2.00,5,15.89,22.56,20.45,0.0,0.00,0.0,-0.0,,0.0
175,5,2.00,5,15.53,21.85,19.94,0.0,0.00,0.0,-0.0,,0.0
175,6,2.00,5,15.09,21.17,19.43,0.0,0.00,0.0,-0.0,,0.0
175,7,2.00,5,14.62,20.50,18.92,0.0,0.14,0.0,0.0,,0.0
175,8,2.00,5,15.70,21.55,21.10,1233.44,30.08,0.0,0.0,,1233.44
175,9,2.00,5,17.47,22.71,22.11,0.0,62.47,0.0,0.0,,0.0
175,10,2.00,5,20.08,24.20,23.63,0.0,128.84,0.0,0.0,,0.0
175,11,2.00,5,21.60,25.77,25.26,0.0,172.43,0.0,0.0,,0.0
175,12,2.00,5,22.86,27.35,26.10,-1126.89,200.23,0.0,0.0,,-1126.89
175,13,2.00,5,23.88,28.90,26.10,-2693.36,211.34,0.0,0.0,,-2693.36
175,14,2.00,5,24.69,30.33,26.10,-3283.32,206.88,0.0,-221.32,,-3504.6400000000003
175,15,2.00,5,24.53,31.51,26.10,-3461.19,200.88,0.0,0.0,,-3461.19
175,16,2.00,5,24.24,32.40,26.10,-3408.85,165.13,0.0,-151.9,,-3560.75
175,17,2.00,5,23.65,32.98,26.10,-3146.02,121.28,0.0,0.0,,-3146.02
175,18,2.00,5,22.90,33.08,26.10,-2535.5,32.72,0.0,0.0,,-2535.5
175,19,2.00,5,21.91,31.83,26.01,0.0,0.00,0.0,0.0,,0.0
175,20,2.00,5,21.19,30.68,25.54,0.0,0.00,0.0,0.0,,0.0
175,21,2.00,5,20.74,29.63,25.02,0.0,0.00,0.0,0.0,,0.0
175,22,2.00,5,20.42,28.68,24.52,0.0,0.00,0.0,0.0,,0.0
175,23,2.00,5,19.80,27.77,24.01,0.0,0.00,0.0,-0.0,,0.0
175,24,2.00,5,19.39,26.92,23.51,0.0,0.00,0.0,-0.0,,0.0
175,1,3.00,5,19.05,26.12,23.03,0.0,0.00,0.0,-0.0,,0.0
175,2,3.00,5,18.63,25.35,22.55,0.0,0.00,0.0,-0.0,,0.0
175,3,3.00,5,18.04,24.60,22.06,0.0,0.00,0.0,-0.0,,0.0
175,4,3.00,5,17.45,23.87,21.56,0.0,0.00,0.0,-0.0,,0.0
175,5,3.00,5,17.00,23.17,21.07,0.0,0.00,0.0,-0.0,,0.0
175,6,3.00,5,16.67,22.50,20.60,0.0,0.00,0.0,-0.0,,0.0
175,7,3.00,5,16.37,21.88,20.15,0.0,0.14,0.0,-0.0,,0.0
175,8,3.00,5,16.81,23.38,21.82,0.0,30.08,0.0,0.0,,0.0
175,9,3.00,5,18.35,24.77,23.35,0.0,62.47,0.0,0.0,,0.0
175,10,3.00,5,20.28,26.29,25.00,0.0,128.84,0.0,0.0,,0.0
175,11,3.00,5,21.62,27.89,26.72,0.0,172.43,0.0,0.0,,0.0
175,12,3.00,5,22.61,29.51,28.45,0.0,200.23,0.0,0.0,,0.0
175,13,3.00,5,23.32,31.10,30.14,0.0,211.34,0.0,0.0,,0.0
175,14,3.00,5,23.47,32.54,31.67,0.0,206.88,0.0,0.0,,0.0
175,15,3.00,5,23.78,33.88,33.09,0.0,200.88,0.0,0.0,,0.0
175,16,3.00,5,23.59,35.01,34.28,0.0,165.13,0.0,0.0,,0.0
175,17,3.00,5,23.08,35.85,35.20,0.0,121.28,0.0,0.0,,0.0
175,18,3.00,5,22.42,36.25,35.66,0.0,32.72,0.0,0.0,,0.0
175,19,3.00,5,21.37,34.40,33.86,0.0,0.00,0.0,0.0,,0.0
175,20,3.00,5,20.71,32.88,32.39,0.0,0.00,0.0,0.0,,0.0
175,21,3.00,5,20.36,31.58,31.13,0.0,0.00,0.0,0.0,,0.0
175,22,3.00,5,20.13,30.41,30.01,0.0,0.00,0.0,0.0,,0.0
175,23,3.00,5,19.81,29.35,28.98,0.0,0.00,0.0,0.0,,0.0
175,24,3.00,5,19.45,28.35,28.02,0.0,0.00,0.0,0.0,,0.0
175,1,4.00,5,19.07,27.42,27.12,0.0,0.00,0.0,0.0,,0.0
175,2,4.00,5,18.82,26.56,26.29,0.0,0.00,0.0,0.0,,0.0
175,3,4.00,5,18.67,25.77,25.52,0.0,0.00,0.0,0.0,,0.0
175,4,4.00,5,18.63,25.05,24.83,0.0,0.00,0.0,0.0,,0.0
175,5,4.00,5,18.63,24.41,24.20,0.0,0.00,0.0,0.0,,0.0
175,6,4.00,5,18.60,23.82,23.63,0.0,0.00,0.0,0.0,,0.0
175,7,4.00,5,18.41,23.26,23.09,0.0,0.14,0.0,0.0,,0.0
175,8,4.00,5,18.54,24.79,24.64,0.0,30.08,0.0,0.0,,0.0
175,9,4.00,5,19.79,26.18,26.03,0.0,62.47,0.0,0.0,,0.0
175,10,4.00,5,21.32,27.65,27.52,0.0,128.84,0.0,0.0,,0.0
175,11,4.00,5,22.22,29.16,29.04,0.0,172.43,0.0,0.0,,0.0
175,12,4.00,5,23.00,30.69,30.58,0.0,200.23,0.0,0.0,,0.0
175,13,4.00,5,23.29,32.15,32.05,0.0,211.34,0.0,0.0,,0.0
175,14,4.00,5,23.34,33.47,33.38,0.0,206.88,0.0,0.0,,0.0
175,15,4.00,5,23.59,34.70,34.62,0.0,200.88,0.0,0.0,,0.0
175,16,4.00,5,23.52,35.74,35.67,0.0,165.13,0.0,0.0,,0.0
175,17,4.00,5,23.18,36.54,36.47,0.0,121.28,0.0,0.0,,0.0
175,18,4.00,5,22.52,36.88,36.82,0.0,32.72,0.0,0.0,,0.0
175,19,4.00,5,21.53,34.98,34.93,0.0,0.00,0.0,0.0,,0.0
175,20,4.00,5,21.01,33.45,33.40,0.0,0.00,0.0,0.0,,0.0
175,21,4.00,5,20.62,32.11,32.07,0.0,0.00,0.0,0.0,,0.0
175,22,4.00,5,20.42,30.93,30.89,0.0,0.00,0.0,0.0,,0.0
175,23,4.00,5,19.96,29.82,29.79,0.0,0.00,0.0,0.0,,0.0
175,24,4.00,5,19.63,28.80,28.77,0.0,0.00,0.0,0.0,,0.0
175,1,5.00,5,19.22,27.84,27.81,0.0,0.00,0.0,0.0,,0.0
175,2,5.00,5,18.83,26.94,26.91,0.0,0.00,0.0,0.0,,0.0
175,3,5.00,5,18.46,26.09,26.06,0.0,0.00,0.0,0.0,,0.0
175,4,5.00,5,18.38,25.31,25.29,0.0,0.00,0.0,0.0,,0.0
175,5,5.00,5,18.21,24.60,24.58,0.0,0.00,0.0,0.0,,0.0
175,6,5.00,5,18.18,23.95,23.93,0.0,0.00,0.0,0.0,,0.0
175,7,5.00,5,18.14,23.36,23.34,0.0,0.14,0.0,0.0,,0.0
175,8,5.00,5,18.39,24.37,24.36,0.0,30.08,0.0,0.0,,0.0
175,9,5.00,5,19.63,25.41,25.39,0.0,62.47,0.0,0.0,,0.0
175,10,5.00,5,21.16,26.62,26.10,-703.71,128.84,0.0,0.0,,-703.71
175,11,5.00,5,22.31,27.91,26.10,-2093.0,172.43,0.0,-590.28,,-2683.2799999999997
175,12,5.00,5,22.99,29.18,26.10,-2700.08,200.23,0.0,0.0,,-2700.08
175,13,5.00,5,23.25,30.35,26.10,-3043.99,211.34,0.0,0.0,,-3043.99
175,14,5.00,5,23.40,31.37,26.10,-3207.27,206.88,0.0,-573.78,,-3781.05
175,15,5.00,5,23.49,32.26,26.10,-3309.02,200.88,0.0,0.0,,-3309.02
175,16,5.00,5,23.30,32.93,26.10,-3219.42,165.13,0.0,0.0,,-3219.42
175,17,5.00,5,22.82,33.33,26.10,-2952.8,121.28,0.0,0.0,,-2952.8
175,18,5.00,5,22.13,33.29,26.10,-2342.26,32.72,0.0,-240.85,,-2583.11
175,19,5.00,5,21.20,31.99,25.92,0.0,0.00,0.0,0.0,,0.0
175,20,5.00,5,20.56,30.78,25.40,0.0,0.00,0.0,0.0,,0.0
175,21,5.00,5,20.34,29.69,24.86,0.0,0.00,0.0,0.0,,0.0
175,22,5.00,5,20.16,28.72,24.36,0.0,0.00,0.0,0.0,,0.0
175,23,5.00,5,19.90,27.83,23.88,0.0,0.00,0.0,0.0,,0.0
175,24,5.00,5,19.68,27.01,23.43,0.0,0.00,0.0,-0.0,,0.0
175,1,6.00,5,19.40,26.24,22.99,0.0,0.00,0.0,-0.0,,0.0
175,2,6.00,5,19.05,25.50,22.56,0.0,0.00,0.0,-0.0,,0.0
175,3,6.00,5,18.78,24.82,22.15,0.0,0.00,0.0,-0.0,,0.0
175,4,6.00,5,18.60,24.18,21.76,0.0,0.00,0.0,-0.0,,0.0
175,5,6.00,5,18.41,23.59,21.39,0.0,0.00,0.0,-0.0,,0.0
175,6,6.00,5,18.18,23.03,21.04,0.0,0.00,0.0,-0.0,,0.0
175,7,6.00,5,17.96,22.50,20.69,0.0,0.14,0.0,-0.0,,0.0
175,8,6.00,5,18.46,23.66,22.14,0.0,30.08,0.0,0.0,,0.0
175,9,6.00,5,19.73,24.81,23.51,0.0,62.47,0.0,0.0,,0.0
175,10,6.00,5,21.68,26.20,25.07,0.0,128.84,0.0,0.0,,0.0
175,11,6.00,5,22.70,27.60,26.10,-728.37,172.43,0.0,0.0,,-728.37
175,12,6.00,5,23.24,28.94,26.10,-2352.83,200.23,0.0,0.0,,-2352.83
175,13,6.00,5,23.62,30.19,26.10,-2932.49,211.34,0.0,0.0,,-2932.49
175,14,6.00,5,23.69,31.27,26.10,-3174.29,206.88,0.0,0.0,,-3174.29
175,15,6.00,5,23.55,32.17,26.10,-3269.07,200.88,0.0,0.0,,-3269.07
175,16,6.00,5,23.37,32.86,26.10,-3205.49,165.13,0.0,0.0,,-3205.49
175,17,6.00,5,22.83,33.26,26.10,-2935.39,121.28,0.0,0.0,,-2935.39
175,18,6.00,5,21.95,33.20,26.10,-2284.5,32.72,0.0,0.0,,-2284.5
175,19,6.00,5,20.97,31.88,25.89,0.0,0.00,0.0,0.0,,0.0
175,20,6.00,5,20.43,30.67,25.36,0.0,0.00,0.0,0.0,,0.0
175,21,6.00,5,20.04,29.56,24.79,0.0,0.00,0.0,0.0,,0.0
175,22,6.00,5,20.11,28.60,24.30,0.0,0.00,0.0,0.0,,0.0
175,23,6.00,5,19.63,27.69,23.79,0.0,0.00,0.0,0.0,,0.0
175,24,6.00,5,19.28,26.84,23.31,0.0,0.00,0.0,-0.0,,0.0
175,1,7.00,5,18.97,26.04,22.84,0.0,0.00,0.0,-0.0,,0.0
175,2,7.00,5,18.78,25.31,22.40,0.0,0.00,0.0,-0.0,,0.0
175,3,7.00,5,18.51,24.62,21.98,0.0,0.00,0.0,-0.0,,0.0
175,4,7.00,5,18.26,23.97,21.58,0.0,0.00,0.0,-0.0,,0.0
175,5,7.00,5,18.13,23.37,21.20,0.0,0.00,0.0,-0.0,,0.0
175,6,7.00,5,18.26,22.85,20.88,0.0,0.00,0.0,-0.0,,0.0
175,7,7.00,5,18.37,22.39,20.60,0.0,0.14,0.0,-0.0,,0.0
175,8,7.00,5,18.83,23.63,22.13,0.0,30.08,0.0,0.0,,0.0
175,9,7.00,5,19.85,24.79,23.50,0.0,62.47,0.0,0.0,,0.0
175,10,7.00,5,21.26,26.09,24.98,0.0,128.84,0.0,0.0,,0.0
175,11,7.00,5,22.23,27.44,26.10,-517.34,172.43,0.0,0.0,,-517.34
175,12,7.00,5,23.02,28.78,26.10,-2271.43,200.23,0.0,0.0,,-2271.43
175,13,7.00,5,23.35,30.02,26.10,-2847.31,211.34,0.0,0.0,,-2847.31
175,14,7.00,5,23.62,31.11,26.10,-3144.36,206.88,0.0,0.0,,-3144.36
175,15,7.00,5,23.71,32.07,26.10,-3302.61,200.88,0.0,0.0,,-3302.61
175,16,7.00,5,23.41,32.78,26.10,-3215.92,165.13,0.0,0.0,,-3215.92
175,17,7.00,5,22.87,33.20,26.10,-2946.25,121.28,0.0,0.0,,-2946.25
175,18,7.00,5,22.14,33.17,26.10,-2331.74,32.72,0.0,0.0,,-2331.74
175,19,7.00,5,21.33,31.89,25.93,0.0,0.00,0.0,0.0,,0.0
175,20,7.00,5,20.74,30.70,25.42,0.0,0.00,0.0,0.0,,0.0
175,21,7.00,5,20.48,29.64,24.90,0.0,0.00,0.0,0.0,,0.0
175,22,7.00,5,20.06,28.66,24.38,0.0,0.00,0.0,0.0,,0.0
175,23,7.00,5,19.69,27.75,23.87,0.0,0.00,0.0,0.0,,0.0
175,24,7.00,5,19.40,26.90,23.39,0.0,0.00,0.0,0.0,,0.0
175,1,1.00,5,19.40,26.15,22.96,0.0,0.00,0.0,-0.0,,0.0
175,2,1.00,5,19.32,25.46,22.57,0.0,0.00,0.0,-0.0,,0.0
175,3,1.00,5,19.06,24.80,22.18,0.0,0.00,0.0,-0.0,,0.0
175,4,1.00,5,18.84,24.19,21.81,0.0,0.00,0.0,-0.0,,0.0
175,5,1.00,5,18.69,23.63,21.47,0.0,0.00,0.0,-0.0,,0.0
175,6,1.00,5,18.55,23.10,21.14,0.0,0.00,0.0,-0.0,,0.0
175,7,1.00,5,18.30,22.60,20.82,0.0,0.14,0.0,-0.0,,0.0
175,8,1.00,5,18.62,23.76,22.27,0.0,30.08,0.0,-222.98,,-222.98
175,9,1.00,5,19.84,24.91,23.63,0.0,62.47,0.0,0.0,,0.0
175,10,1.00,5,21.85,26.30,25.20,0.0,128.84,0.0,0.0,,0.0
175,11,1.00,5,23.03,27.74,26.10,-957.37,172.43,0.0,0.0,,-957.37
175,12,1.00,5,23.45,29.09,26.10,-2444.83,200.23,0.0,0.0,,-2444.83
175,13,1.00,5,23.58,30.30,26.10,-2944.11,211.34,0.0,0.0,,-2944.11
175,14,1.00,5,23.83,31.38,26.10,-3218.57,206.88,0.0,-320.02,,-3538.59
175,15,1.00,5,23.41,32.24,26.10,-3241.53,200.88,0.0,0.0,,-3241.53
175,16,1.00,5,22.78,32.82,26.10,-3057.33,165.13,0.0,0.0,,-3057.33
175,17,1.00,5,22.06,33.11,26.10,-2731.39,121.28,0.0,0.0,,-2731.39
175,18,1.00,5,21.09,32.94,26.10,-2047.39,32.72,0.0,0.0,,-2047.39
175,19,1.00,5,20.03,31.57,25.76,0.0,0.00,0.0,0.0,,0.0
175,20,1.00,5,19.41,30.29,25.14,0.0,0.00,0.0,0.0,,0.0
175,21,1.00,5,18.99,29.13,24.49,0.0,0.00,0.0,0.0,,0.0
175,22,1.00,5,18.71,28.07,23.89,0.0,0.00,0.0,0.0,,0.0
175,23,1.00,5,18.07,27.06,23.27,0.0,0.00,0.0,0.0,,0.0
175,24,1.00,5,17.71,26.12,22.69,0.0,0.00,0.0,0.0,,0.0
175,1,2.00,5,16.94,25.20,22.08,0.0,0.00,0.0,0.0,,0.0
175,2,2.00,5,16.43,24.31,21.49,0.0,0.00,0.0,0.0,,0.0
175,3,2.00,5,16.04,23.48,20.92,0.0,0.00,0.0,0.0,,0.0
175,4,2.00,5,15.68,22.70,20.37,0.0,0.00,0.0,0.0,,0.0
175,5,2.00,5,15.35,21.96,19.85,0.0,0.00,0.0,0.0,,0.0
175,6,2.00,5,15.03,21.26,19.35,0.0,0.00,0.0,-0.0,,0.0
175,7,2.00,5,14.71,20.60,18.86,0.0,0.14,0.0,-0.0,,0.0
175,8,2.00,5,15.14,21.54,21.10,1448.36,30.08,0.0,0.0,,1448.36
175,9,2.00,5,16.46,22.53,21.91,0.0,62.47,0.0,0.0,,0.0
175,10,2.00,5,18.86,23.87,23.27,0.0,128.84,0.0,0.0,,0.0
175,11,2.00,5,20.27,25.28,24.75,0.0,172.43,0.0,0.0,,0.0
175,12,2.00,5,20.84,26.63,26.10,-75.18,200.23,0.0,0.0,,-75.18
175,13,2.00,5,21.27,27.89,26.10,-1885.85,211.34,0.0,0.0,,-1885.85
175,14,2.00,5,21.68,29.02,26.10,-2409.2,206.88,0.0,0.0,,-2409.2
175,15,2.00,5,22.07,30.06,26.10,-2734.29,200.88,0.0,0.0,,-2734.29
175,16,2.00,5,21.76,30.83,26.10,-2694.64,165.13,0.0,0.0,,-2694.64
175,17,2.00,5,21.19,31.29,26.10,-2441.79,121.28,0.0,0.0,,-2441.79
175,18,2.00,5,20.31,31.27,26.10,-1801.79,32.72,0.0,0.0,,-1801.79
175,19,2.00,5,19.58,30.01,25.68,0.0,0.00,0.0,0.0,,0.0
175,20,2.00,5,19.06,28.84,25.03,0.0,0.00,0.0,0.0,,0.0
175,21,2.00,5,18.54,27.77,24.35,0.0,0.00,0.0,0.0,,0.0
175,22,2.00,5,17.89,26.76,23.67,0.0,0.00,0.0,0.0,,0.0
175,23,2.00,5,17.77,25.85,23.06,0.0,0.00,0.0,0.0,,0.0
175,24,2.00,5,17.34,24.99,22.46,0.0,0.00,0.0,0.0,,0.0
175,1,3.00,5,17.23,24.21,21.92,0.0,0.00,0.0,-0.0,,0.0
175,2,3.00,5,17.09,23.50,21.41,0.0,0.00,0.0,-0.0,,0.0
175,3,3.00,5,16.61,22.80,20.91,0.0,0.00,0.0,-0.0,,0.0
175,4,3.00,5,16.09,22.11,20.40,0.0,0.00,0.0,-0.0,,0.0
175,5,3.00,5,15.97,21.49,19.93,0.0,0.00,0.0,-0.0,,0.0
175,6,3.00,5,15.76,20.90,19.49,0.0,0.00,0.0,-0.0,,0.0
175,7,3.00,5,16.01,20.41,19.13,0.0,0.14,0.0,-0.0,,0.0
175,8,3.00,5,16.33,22.01,20.85,0.0,30.08,0.0,0.0,,0.0
175,9,3.00,5,17.13,23.40,22.35,0.0,62.47,0.0,0.0,,0.0
175,10,3.00,5,19.30,24.96,24.00,0.0,128.84,0.0,0.0,,0.0
175,11,3.00,5,20.79,26.61,25.74,0.0,172.43,0.0,0.0,,0.0
175,12,3.00,5,21.37,28.23,27.44,0.0,200.23,0.0,0.0,,0.0
175,13,3.00,5,21.71,29.78,29.06,0.0,211.34,0.0,0.0,,0.0
175,14,3.00,5,21.81,31.18,30.53,0.0,206.88,0.0,0.0,,0.0
175,15,3.00,5,21.98,32.48,31.89,0.0,200.88,0.0,0.0,,0.0
175,16,3.00,5,21.67,33.55,33.02,0.0,165.13,0.0,0.0,,0.0
175,17,3.00,5,21.23,34.37,33.88,0.0,121.28,0.0,0.0,,0.0
175,18,3.00,5,20.49,34.73,34.28,0.0,32.72,0.0,0.0,,0.0
175,19,3.00,5,19.46,32.84,32.44,0.0,0.00,0.0,0.0,,0.0
175,20,3.00,5,18.79,31.29,30.93,0.0,0.00,0.0,0.0,,0.0
175,21,3.00,5,18.18,29.93,29.60,0.0,0.00,0.0,0.0,,0.0
175,22,3.00,5,17.89,28.71,28.41,0.0,0.00,0.0,0.0,,0.0
175,23,3.00,5,17.52,27.59,27.32,0.0,0.00,0.0,0.0,,0.0
175,24,3.00,5,17.15,26.55,26.30,0.0,0.00,0.0,0.0,,0.0
175,1,4.00,5,16.80,25.58,25.36,0.0,0.00,0.0,0.0,,0.0
175,2,4.00,5,16.80,24.71,24.51,0.0,0.00,0.0,0.0,,0.0
175,3,4.00,5,16.62,23.91,23.72,0.0,0.00,0.0,0.0,,0.0
175,4,4.00,5,16.22,23.14,22.97,0.0,0.00,0.0,0.0,,0.0
175,5,4.00,5,15.80,22.40,22.25,0.0,0.00,0.0,0.0,,0.0
175,6,4.00,5,15.54,21.71,21.57,0.0,0.00,0.0,0.0,,0.0
175,7,4.00,5,15.09,21.04,20.91,0.0,0.14,0.0,0.0,,0.0
175,8,4.00,5,14.97,22.44,22.33,0.0,30.08,0.0,0.0,,0.0
175,9,4.00,5,16.06,23.69,23.59,0.0,62.47,0.0,0.0,,0.0
175,10,4.00,5,18.43,25.15,25.05,0.0,128.84,0.0,0.0,,0.0
175,11,4.00,5,19.82,26.69,26.60,0.0,172.43,0.0,0.0,,0.0
175,12,4.00,5,20.59,28.24,28.16,0.0,200.23,0.0,0.0,,0.0
175,13,4.00,5,21.22,29.75,29.68,0.0,211.34,0.0,0.0,,0.0
175,14,4.00,5,21.16,31.10,31.03,0.0,206.88,0.0,0.0,,0.0
175,15,4.00,5,21.19,32.33,32.27,0.0,200.88,0.0,0.0,,0.0
175,16,4.00,5,21.13,33.37,33.32,0.0,165.13,0.0,0.0,,0.0
175,17,4.00,5,20.66,34.15,34.10,0.0,121.28,0.0,0.0,,0.0
175,18,4.00,5,19.95,34.48,34.44,0.0,32.72,0.0,0.0,,0.0
175,19,4.00,5,18.99,32.58,32.53,0.0,0.00,0.0,0.0,,0.0
175,20,4.00,5,18.51,31.04,31.00,0.0,0.00,0.0,0.0,,0.0
175,21,4.00,5,18.09,29.70,29.66,0.0,0.00,0.0,0.0,,0.0
175,22,4.00,5,18.22,28.54,28.51,0.0,0.00,0.0,0.0,,0.0
175,23,4.00,5,17.79,27.47,27.44,0.0,0.00,0.0,0.0,,0.0
175,24,4.00,5,17.48,26.47,26.44,0.0,0.00,0.0,0.0,,0.0
175,1,5.00,5,17.21,25.55,25.53,0.0,0.00,0.0,0.0,,0.0
175,2,5.00,5,17.20,24.72,24.70,0.0,0.00,0.0,0.0,,0.0
175,3,5.00,5,17.08,23.96,23.94,0.0,0.00,0.0,0.0,,0.0
175,4,5.00,5,17.00,23.26,23.24,0.0,0.00,0.0,0.0,,0.0
175,5,5.00,5,16.95,22.63,22.61,0.0,0.00,0.0,0.0,,0.0
175,6,5.00,5,16.90,22.05,22.03,0.0,0.00,0.0,0.0,,0.0
175,7,5.00,5,16.71,21.50,21.49,0.0,0.14,0.0,0.0,,0.0
175,8,5.00,5,16.79,22.55,22.54,0.0,30.08,0.0,0.0,,0.0
175,9,5.00,5,17.45,23.51,23.50,0.0,62.47,0.0,0.0,,0.0
175,10,5.00,5,19.24,24.73,24.72,0.0,128.84,0.0,0.0,,0.0
175,11,5.00,5,20.29,26.00,25.99,0.0,172.43,0.0,0.0,,0.0
175,12,5.00,5,20.74,27.22,26.10,-1560.71,200.23,0.0,0.0,,-1560.71
175,13,5.00,5,20.79,28.31,26.10,-2137.54,211.34,0.0,0.0,,-2137.54
175,14,5.00,5,20.78,29.24,26.10,-2358.09,206.88,0.0,0.0,,-2358.09
175,15,5.00,5,20.63,30.03,26.10,-2447.82,200.88,0.0,0.0,,-2447.82
175,16,5.00,5,20.45,30.62,26.10,-2382.74,165.13,0.0,0.0,,-2382.74
175,17,5.00,5,19.97,30.95,26.10,-2127.05,121.28,0.0,0.0,,-2127.05
175,18,5.00,5,19.26,30.84,26.10,-1519.4,32.72,0.0,0.0,,-1519.4
175,19,5.00,5,18.29,29.52,25.52,0.0,0.00,0.0,0.0,,0.0
175,20,5.00,5,17.81,28.29,24.75,0.0,0.00,0.0,0.0,,0.0
175,21,5.00,5,17.57,27.19,24.01,0.0,0.00,0.0,0.0,,0.0
175,22,5.00,5,17.41,26.20,23.34,0.0,0.00,0.0,0.0,,0.0
175,23,5.00,5,17.00,25.27,22.68,0.0,0.00,0.0,0.0,,0.0
175,24,5.00,5,16.89,24.44,22.09,0.0,0.00,0.0,0.0,,0.0
175,1,6.00,5,16.78,23.67,21.54,0.0,0.00,0.0,0.0,,0.0
175,2,6.00,5,16.49,22.95,21.01,0.0,0.00,0.0,0.0,,0.0
175,3,6.00,5,16.10,22.25,20.50,0.0,0.00,0.0,0.0,,0.0
175,4,6.00,5,15.71,21.59,20.00,0.0,0.00,0.0,0.0,,0.0
175,5,6.00,5,15.30,20.95,19.50,0.0,0.00,0.0,0.0,,0.0
175,6,6.00,5,14.96,20.33,19.02,0.0,0.00,0.0,0.0,,0.0
175,7,6.00,5,14.63,19.75,18.56,0.0,0.14,0.0,0.0,,0.0
175,8,6.00,5,14.91,20.78,21.10,1859.92,30.08,0.0,0.0,,1859.92
175,9,6.00,5,16.11,21.83,21.79,0.0,62.47,0.0,0.0,,0.0
175,10,6.00,5,18.12,23.14,23.02,0.0,128.84,0.0,0.0,,0.0
175,11,6.00,5,19.44,24.53,24.41,0.0,172.43,0.0,0.0,,0.0
175,12,6.00,5,20.12,25.89,25.77,0.0,200.23,0.0,0.0,,0.0
175,13,6.00,5,20.66,27.17,26.10,-1348.65,211.34,0.0,0.0,,-1348.65
175,14,6.00,5,20.94,28.30,26.10,-2125.09,206.88,0.0,0.0,,-2125.09
175,15,6.00,5,21.17,29.31,26.10,-2448.44,200.88,0.0,0.0,,-2448.44
175,16,6.00,5,20.96,30.07,26.10,-2447.87,165.13,0.0,0.0,,-2447.87
175,17,6.00,5,20.56,30.56,26.10,-2246.63,121.28,0.0,0.0,,-2246.63
175,18,6.00,5,19.86,30.59,26.10,-1662.15,32.72,0.0,0.0,,-1662.15
175,19,6.00,5,18.82,29.31,25.58,0.0,0.00,0.0,0.0,,0.0
175,20,6.00,5,18.15,28.12,24.84,0.0,0.00,0.0,0.0,,0.0
175,21,6.00,5,17.77,27.04,24.11,0.0,0.00,0.0,0.0,,0.0
175,22,6.00,5,17.85,26.11,23.46,0.0,0.00,0.0,0.0,,0.0
175,23,6.00,5,17.23,25.21,22.81,0.0,0.00,0.0,0.0,,0.0
175,24,6.00,5,17.21,24.41,22.23,0.0,0.00,0.0,0.0,,0.0
175,1,7.00,5,16.91,23.65,21.68,0.0,0.00,0.0,0.0,,0.0
175,2,7.00,5,16.57,22.93,21.15,0.0,0.00,0.0,0.0,,0.0
175,3,7.00,5,16.10,22.24,20.62,0.0,0.00,0.0,0.0,,0.0
175,4,7.00,5,15.74,21.58,20.11,0.0,0.00,0.0,0.0,,0.0
175,5,7.00,5,15.54,20.96,19.63,0.0,0.00,0.0,0.0,,0.0
175,6,7.00,5,15.19,20.37,19.16,0.0,0.00,0.0,0.0,,0.0
175,7,7.00,5,15.63,19.89,18.79,0.0,0.14,0.0,-0.0,,0.0
175,8,7.00,5,16.20,21.12,21.10,1280.37,30.08,0.0,0.0,,1280.37
175,9,7.00,5,17.17,22.26,22.03,0.0,62.47,0.0,0.0,,0.0
175,10,7.00,5,19.21,23.66,23.40,0.0,128.84,0.0,0.0,,0.0
175,11,7.00,5,20.86,25.19,24.95,0.0,172.43,0.0,0.0,,0.0
175,12,7.00,5,21.68,26.67,26.10,-499.19,200.23,0.0,0.0,,-499.19
175,13,7.00,5,22.41,28.09,26.10,-2230.62,211.34,0.0,0.0,,-2230.62
175,14,7.00,5,22.79,29.35,26.10,-2732.92,206.88,0.0,0.0,,-2732.92
175,15,7.00,5,23.21,30.50,26.10,-3060.94,200.88,0.0,0.0,,-3060.94
175,16,7.00,5,22.76,31.34,26.10,-2983.71,165.13,0.0,0.0,,-2983.71
175,17,7.00,5,22.26,31.87,26.10,-2743.27,121.28,0.0,0.0,,-2743.27
175,18,7.00,5,21.22,31.88,26.10,-2064.1,32.72,0.0,0.0,,-2064.1
175,19,7.00,5,19.89,30.57,25.74,0.0,0.00,0.0,0.0,,0.0
175,20,7.00,5,19.03,29.33,25.07,0.0,0.00,0.0,0.0,,0.0
175,21,7.00,5,18.38,28.18,24.37,0.0,0.00,0.0,0.0,,0.0
175,22,7.00,5,18.22,27.17,23.73,0.0,0.00,0.0,0.0,,0.0
175,23,7.00,5,17.63,26.20,23.09,0.0,0.00,0.0,0.0,,0.0
175,24,7.00,5,17.16,25.29,22.47,0.0,0.00,0.0,0.0,,0.0
175,1,1.00,5,16.80,24.43,21.88,0.0,0.00,0.0,0.0,,0.0
175,2,1.00,5,16.43,23.63,21.31,0.0,0.00,0.0,0.0,,0.0
175,3,1.00,5,15.96,22.85,20.75,0.0,0.00,0.0,0.0,,0.0
175,4,1.00,5,15.45,22.10,20.19,0.0,0.00,0.0,0.0,,0.0
175,5,1.00,5,15.06,21.39,19.66,0.0,0.00,0.0,0.0,,0.0
175,6,1.00,5,14.45,20.68,19.11,0.0,0.00,0.0,0.0,,0.0
175,7,1.00,5,13.89,19.99,18.56,0.0,0.14,0.0,-0.0,,0.0
175,8,1.00,5,14.77,20.97,21.10,1873.19,30.08,0.0,0.0,,1873.19
175,9,1.00,5,16.18,22.02,21.81,0.0,62.47,0.0,0.0,,0.0
175,10,1.00,5,18.28,23.33,23.07,0.0,128.84,0.0,0.0,,0.0
175,11,1.00,5,20.17,24.83,24.57,0.0,172.43,0.0,0.0,,0.0
175,12,1.00,5,21.28,26.32,26.10,0.0,200.23,0.0,0.0,,0.0
175,13,1.00,5,22.22,27.78,26.10,-2081.91,211.34,0.0,0.0,,-2081.91
175,14,1.00,5,22.94,29.13,26.10,-2723.47,206.88,0.0,0.0,,-2723.47
175,15,1.00,5,22.69,30.21,26.10,-2907.23,200.88,0.0,0.0,,-2907.23
175,16,1.00,5,22.37,31.03,26.10,-2862.64,165.13,0.0,0.0,,-2862.64
175,17,1.00,5,21.75,31.53,26.10,-2597.5,121.28,0.0,0.0,,-2597.5
175,18,1.00,5,20.79,31.54,26.10,-1938.37,32.72,0.0,0.0,,-1938.37
175,19,1.00,5,19.74,30.25,25.71,0.0,0.00,0.0,0.0,,0.0
175,20,1.00,5,19.15,29.06,25.06,0.0,0.00,0.0,0.0,,0.0
175,21,1.00,5,18.72,27.98,24.40,0.0,0.00,0.0,0.0,,0.0
175,22,1.00,5,18.94,27.06,23.83,0.0,0.00,0.0,0.0,,0.0
175,23,1.00,5,18.26,26.17,23.24,0.0,0.00,0.0,0.0,,0.0
175,24,1.00,5,18.16,25.36,22.71,0.0,0.00,0.0,0.0,,0.0
175,1,2.00,5,17.79,24.59,22.19,0.0,0.00,0.0,0.0,,0.0
175,2,2.00,5,17.21,23.84,21.66,0.0,0.00,0.0,-0.0,,0.0
175,3,2.00,5,16.48,23.08,21.11,0.0,0.00,0.0,-0.0,,0.0
175,4,2.00,5,15.90,22.35,20.55,0.0,0.00,0.0,-0.0,,0.0
175,5,2.00,5,15.48,21.65,20.02,0.0,0.00,0.0,-0.0,,0.0
175,6,2.00,5,14.93,20.96,19.48,0.0,0.00,0.0,0.0,,0.0
175,7,2.00,5,14.46,20.30,18.95,0.0,0.14,0.0,-0.0,,0.0
175,8,2.00,5,15.04,21.27,21.10,1359.8,30.08,0.0,0.0,,1359.8
175,9,2.00,5,16.28,22.27,21.90,0.0,62.47,0.0,0.0,,0.0
175,10,2.00,5,18.54,23.59,23.21,0.0,128.84,0.0,0.0,,0.0
175,11,2.00,5,20.61,25.12,24.77,0.0,172.43,0.0,0.0,,0.0
175,12,2.00,5,21.42,26.58,26.10,-239.8,200.23,0.0,0.0,,-239.8
175,13,2.00,5,22.26,28.00,26.10,-2148.55,211.34,0.0,0.0,,-2148.55
175,14,2.00,5,22.61,29.25,26.10,-2665.12,206.88,0.0,0.0,,-2665.12
175,15,2.00,5,23.24,30.43,26.10,-3055.45,200.88,0.0,0.0,,-3055.45
175,16,2.00,5,23.09,31.34,26.10,-3061.15,165.13,0.0,0.0,,-3061.15
175,17,2.00,5,22.65,31.93,26.10,-2845.03,121.28,0.0,0.0,,-2845.03
175,18,2.00,5,21.80,32.03,26.10,-2217.62,32.72,0.0,0.0,,-2217.62
175,19,2.00,5,20.73,30.77,25.84,0.0,0.00,0.0,0.0,,0.0
175,20,2.00,5,20.10,29.61,25.28,0.0,0.00,0.0,0.0,,0.0
175,21,2.00,5,19.73,28.58,24.69,0.0,0.00,0.0,0.0,,0.0
175,22,2.00,5,19.87,27.69,24.18,0.0,0.00,0.0,0.0,,0.0
175,23,2.00,5,19.12,26.81,23.64,0.0,0.00,0.0,0.0,,0.0
175,24,2.00,5,18.88,26.00,23.13,0.0,0.00,0.0,0.0,,0.0
175,1,3.00,5,18.55,25.24,22.64,0.0,0.00,0.0,-0.0,,0.0
175,2,3.00,5,18.26,24.53,22.17,0.0,0.00,0.0,-0.0,,0.0
175,3,3.00,5,17.99,23.86,21.72,0.0,0.00,0.0,-0.0,,0.0
175,4,3.00,5,17.70,23.23,21.28,0.0,0.00,0.0,-0.0,,0.0
175,5,3.00,5,17.39,22.63,20.86,0.0,0.00,0.0,-0.0,,0.0
175,6,3.00,5,17.24,22.07,20.47,0.0,0.00,0.0,-0.0,,0.0
175,7,3.00,5,17.02,21.55,20.09,0.0,0.14,0.0,-0.0,,0.0
175,8,3.00,5,17.25,23.12,21.80,0.0,30.08,0.0,0.0,,0.0
175,9,3.00,5,18.31,24.52,23.32,0.0,62.47,0.0,0.0,,0.0
175,10,3.00,5,20.09,26.03,24.95,0.0,128.84,0.0,0.0,,0.0
175,11,3.00,5,21.49,27.64,26.65,0.0,172.43,0.0,0.0,,0.0
175,12,3.00,5,22.13,29.23,28.34,0.0,200.23,0.0,0.0,,0.0
175,13,3.00,5,22.61,30.77,29.96,0.0,211.34,0.0,0.0,,0.0
175,14,3.00,5,22.73,32.17,31.43,0.0,206.88,0.0,0.0,,0.0
175,15,3.00,5,22.95,33.46,32.80,0.0,200.88,0.0,0.0,,0.0
175,16,3.00,5,22.74,34.55,33.94,0.0,165.13,0.0,0.0,,0.0
175,17,3.00,5,22.33,35.37,34.82,0.0,121.28,0.0,0.0,,0.0
175,18,3.00,5,21.54,35.73,35.23,0.0,32.72,0.0,0.0,,0.0
175,19,3.00,5,20.65,33.86,33.40,0.0,0.00,0.0,0.0,,0.0
175,20,3.00,5,20.12,32.34,31.93,0.0,0.00,0.0,0.0,,0.0
175,21,3.00,5,19.73,31.03,30.65,0.0,0.00,0.0,0.0,,0.0
175,22,3.00,5,19.88,29.90,29.56,0.0,0.00,0.0,0.0,,0.0
175,23,3.00,5,19.39,28.84,28.53,0.0,0.00,0.0,0.0,,0.0
175,24,3.00,5,19.19,27.88,27.60,0.0,0.00,0.0,0.0,,0.0
175,1,4.00,5,19.00,26.99,26.73,0.0,0.00,0.0,0.0,,0.0
175,2,4.00,5,18.64,26.15,25.92,0.0,0.00,0.0,0.0,,0.0
175,3,4.00,5,18.43,25.37,25.16,0.0,0.00,0.0,0.0,,0.0
175,4,4.00,5,18.28,24.66,24.47,0.0,0.00,0.0,0.0,,0.0
175,5,4.00,5,18.14,24.00,23.82,0.0,0.00,0.0,0.0,,0.0
175,6,4.00,5,17.91,23.37,23.22,0.0,0.00,0.0,0.0,,0.0
175,7,4.00,5,17.68,22.79,22.65,0.0,0.14,0.0,0.0,,0.0
175,8,4.00,5,17.60,24.27,24.14,0.0,30.08,0.0,0.0,,0.0
175,9,4.00,5,18.72,25.60,25.48,0.0,62.47,0.0,0.0,,0.0
175,10,4.00,5,20.52,27.05,26.94,0.0,128.84,0.0,0.0,,0.0
175,11,4.00,5,21.70,28.58,28.48,0.0,172.43,0.0,0.0,,0.0
175,12,4.00,5,22.12,30.07,29.98,0.0,200.23,0.0,0.0,,0.0
175,13,4.00,5,22.55,31.53,31.45,0.0,211.34,0.0,0.0,,0.0
175,14,4.00,5,22.53,32.83,32.76,0.0,206.88,0.0,0.0,,0.0
175,15,4.00,5,22.48,34.01,33.94,0.0,200.88,0.0,0.0,,0.0
175,16,4.00,5,22.29,35.00,34.94,0.0,165.13,0.0,0.0,,0.0
175,17,4.00,5,21.99,35.75,35.69,0.0,121.28,0.0,0.0,,0.0
175,18,4.00,5,21.31,36.05,36.00,0.0,32.72,0.0,0.0,,0.0
175,19,4.00,5,20.36,34.13,34.08,0.0,0.00,0.0,0.0,,0.0
175,20,4.00,5,19.87,32.57,32.52,0.0,0.00,0.0,0.0,,0.0
175,21,4.00,5,19.49,31.21,31.17,0.0,0.00,0.0,0.0,,0.0
175,22,4.00,5,19.36,30.01,29.98,0.0,0.00,0.0,0.0,,0.0
175,23,4.00,5,19.26,28.94,28.91,0.0,0.00,0.0,0.0,,0.0
175,24,4.00,5,19.00,27.95,27.92,0.0,0.00,0.0,0.0,,0.0
175,1,5.00,5,18.67,27.02,26.99,0.0,0.00,0.0,0.0,,0.0
175,2,5.00,5,18.27,26.14,26.12,0.0,0.00,0.0,0.0,,0.0
175,3,5.00,5,18.11,25.34,25.32,0.0,0.00,0.0,0.0,,0.0
175,4,5.00,5,18.08,24.61,24.59,0.0,0.00,0.0,0.0,,0.0
175,5,5.00,5,18.05,23.95,23.93,0.0,0.00,0.0,0.0,,0.0
175,6,5.00,5,17.90,23.33,23.32,0.0,0.00,0.0,0.0,,0.0
175,7,5.00,5,17.86,22.78,22.76,0.0,0.14,0.0,0.0,,0.0
175,8,5.00,5,17.95,23.80,23.79,0.0,30.08,0.0,0.0,,0.0
175,9,5.00,5,18.74,24.77,24.76,0.0,62.47,0.0,0.0,,0.0
175,10,5.00,5,20.31,25.95,25.94,0.0,128.84,0.0,0.0,,0.0
175,11,5.00,5,21.24,27.18,26.10,-1495.14,172.43,0.0,0.0,,-1495.14
175,12,5.00,5,21.53,28.33,26.10,-2202.3,200.23,0.0,0.0,,-2202.3
175,13,5.00,5,21.82,29.42,26.10,-2592.45,211.34,0.0,0.0,,-2592.45
175,14,5.00,5,21.75,30.33,26.10,-2718.93,206.88,0.0,0.0,,-2718.93
175,15,5.00,5,21.67,31.10,26.10,-2784.91,200.88,0.0,0.0,,-2784.91
175,16,5.00,5,21.54,31.70,26.10,-2713.12,165.13,0.0,0.0,,-2713.12
175,17,5.00,5,21.24,32.06,26.10,-2494.65,121.28,0.0,0.0,,-2494.65
175,18,5.00,5,20.52,31.98,26.10,-1880.37,32.72,0.0,0.0,,-1880.37
175,19,5.00,5,19.54,30.66,25.69,0.0,0.00,0.0,0.0,,0.0
175,20,5.00,5,19.05,29.43,25.04,0.0,0.00,0.0,0.0,,0.0
175,21,5.00,5,18.87,28.34,24.40,0.0,0.00,0.0,0.0,,0.0
175,22,5.00,5,18.48,27.34,23.78,0.0,0.00,0.0,0.0,,0.0
175,23,5.00,5,18.32,26.43,23.21,0.0,0.00,0.0,0.0,,0.0
175,24,5.00,5,18.12,25.59,22.67,0.0,0.00,0.0,0.0,,0.0
175,1,6.00,5,17.96,24.83,22.18,0.0,0.00,0.0,0.0,,0.0
175,2,6.00,5,18.02,24.14,21.74,0.0,0.00,0.0,0.0,,0.0
175,3,6.00,5,18.04,23.53,21.35,0.0,0.00,0.0,0.0,,0.0
175,4,6.00,5,18.01,22.96,20.99,0.0,0.00,0.0,-0.0,,0.0
175,5,6.00,5,17.88,22.44,20.64,0.0,0.00,0.0,-0.0,,0.0
175,6,6.00,5,17.46,21.92,20.29,0.0,0.00,0.0,-0.0,,0.0
175,7,6.00,5,17.40,21.45,19.97,0.0,0.14,0.0,-0.0,,0.0
175,8,6.00,5,17.72,22.66,21.41,0.0,30.08,0.0,0.0,,0.0
175,9,6.00,5,18.82,23.81,22.75,0.0,62.47,0.0,0.0,,0.0
175,10,6.00,5,20.54,25.16,24.24,0.0,128.84,0.0,0.0,,0.0
175,11,6.00,5,21.49,26.53,25.74,0.0,172.43,0.0,0.0,,0.0
175,12,6.00,5,21.99,27.85,26.10,-1482.75,200.23,0.0,0.0,,-1482.75
175,13,6.00,5,22.46,29.10,26.10,-2457.0,211.34,0.0,0.0,,-2457.0
175,14,6.00,5,22.08,30.08,26.10,-2657.84,206.88,0.0,0.0,,-2657.84
175,15,6.00,5,21.78,30.89,26.10,-2738.11,200.88,0.0,0.0,,-2738.11
175,16,6.00,5,21.51,31.50,26.10,-2662.89,165.13,0.0,0.0,,-2662.89
175,17,6.00,5,20.94,31.83,26.10,-2391.74,121.28,0.0,0.0,,-2391.74
175,18,6.00,5,19.98,31.69,26.10,-1722.75,32.72,0.0,0.0,,-1722.75
175,19,6.00,5,18.80,30.32,25.59,0.0,0.00,0.0,0.0,,0.0
175,20,6.00,5,18.15,29.04,24.85,0.0,0.00,0.0,0.0,,0.0
175,21,6.00,5,17.68,27.87,24.11,0.0,0.00,0.0,0.0,,0.0
175,22,6.00,5,17.16,26.78,23.38,0.0,0.00,0.0,0.0,,0.0
175,23,6.00,5,16.81,25.78,22.70,0.0,0.00,0.0,0.0,,0.0
175,24,6.00,5,16.51,24.85,22.07,0.0,0.00,0.0,0.0,,0.0
175,1,7.00,5,16.09,23.98,21.45,0.0,0.00,0.0,0.0,,0.0
175,2,7.00,5,15.59,23.14,20.84,0.0,0.00,0.0,0.0,,0.0
175,3,7.00,5,15.43,22.36,20.28,0.0,0.00,0.0,0.0,,0.0
175,4,7.00,5,15.27,21.65,19.77,0.0,0.00,0.0,0.0,,0.0
175,5,7.00,5,15.05,20.99,19.28,0.0,0.00,0.0,0.0,,0.0
175,6,7.00,5,14.62,20.34,18.79,0.0,0.00,0.0,0.0,,0.0
175,7,7.00,5,14.02,19.70,18.28,0.0,0.14,0.0,0.0,,0.0
175,8,7.00,5,13.62,20.51,21.10,2500.47,30.08,0.0,0.0,,2500.47
175,9,7.00,5,15.27,21.49,21.57,0.0,62.47,0.0,0.0,,0.0
175,10,7.00,5,17.45,22.77,22.72,0.0,128.84,0.0,0.0,,0.0
175,11,7.00,5,19.36,24.23,24.16,0.0,172.43,0.0,0.0,,0.0
175,12,7.00,5,20.82,25.76,25.69,0.0,200.23,0.0,0.0,,0.0
175,13,7.00,5,21.97,27.28,26.10,-1564.03,211.34,0.0,0.0,,-1564.03
175,14,7.00,5,21.68,28.48,26.10,-2298.24,206.88,0.0,0.0,,-2298.24
175,15,7.00,5,21.33,29.46,26.10,-2490.17,200.88,0.0,0.0,,-2490.17
175,16,7.00,5,20.98,30.19,26.10,-2451.72,165.13,0.0,0.0,,-2451.72
175,17,7.00,5,20.36,30.61,26.10,-2193.28,121.28,0.0,0.0,,-2193.28
175,18,7.00,5,19.46,30.57,26.10,-1553.28,32.72,0.0,0.0,,-1553.28
175,19,7.00,5,18.36,29.25,25.52,0.0,0.00,0.0,0.0,,0.0
175,20,7.00,5,17.67,28.02,24.73,0.0,0.00,0.0,0.0,,0.0
175,21,7.00,5,17.30,26.91,23.96,0.0,0.00,0.0,0.0,,0.0
175,22,7.00,5,16.91,25.89,23.24,0.0,0.00,0.0,0.0,,0.0
175,23,7.00,5,16.41,24.94,22.53,0.0,0.00,0.0,0.0,,0.0
175,24,7.00,5,16.16,24.06,21.88,0.0,0.00,0.0,0.0,,0.0
175,1,1.00,5,15.84,23.23,21.26,0.0,0.00,0.0,0.0,,0.0
175,2,1.00,5,15.40,22.44,20.65,0.0,0.00,0.0,0.0,,0.0
175,3,1.00,5,15.16,21.71,20.09,0.0,0.00,0.0,0.0,,0.0
175,4,1.00,5,15.02,21.04,19.56,0.0,0.00,0.0,0.0,,0.0
175,5,1.00,5,14.73,20.40,19.06,0.0,0.00,0.0,0.0,,0.0
175,6,1.00,5,14.22,19.77,18.55,0.0,0.00,0.0,0.0,,0.0
175,7,1.00,5,13.54,19.13,18.03,0.0,0.14,0.0,0.0,,0.0
175,8,1.00,5,13.28,19.99,21.10,2879.5,30.08,0.0,0.0,,2879.5
175,9,1.00,5,14.96,21.00,21.46,0.0,62.47,0.0,0.0,,0.0
175,10,1.00,5,17.07,22.29,22.56,0.0,128.84,0.0,0.0,,0.0
175,11,1.00,5,18.65,23.70,23.91,0.0,172.43,0.0,0.0,,0.0
175,12,1.00,5,19.86,25.16,25.32,0.0,200.23,0.0,0.0,,0.0
175,13,1.00,5,20.79,26.59,26.10,-870.22,211.34,0.0,0.0,,-870.22
175,14,1.00,5,21.48,27.90,26.10,-2146.3,206.88,0.0,0.0,,-2146.3
175,15,1.00,5,22.31,29.15,26.10,-2688.15,200.88,0.0,0.0,,-2688.15
175,16,1.00,5,22.17,30.11,26.10,-2747.69,165.13,0.0,0.0,,-2747.69
175,17,1.00,5,21.71,30.75,26.10,-2552.9,121.28,0.0,0.0,,-2552.9
175,18,1.00,5,20.99,30.90,26.10,-1969.65,32.72,0.0,0.0,,-1969.65
175,19,1.00,5,20.07,29.68,25.74,0.0,0.00,0.0,0.0,,0.0
175,20,1.00,5,19.62,28.59,25.14,0.0,0.00,0.0,0.0,,0.0
175,21,1.00,5,19.41,27.62,24.53,0.0,0.00,0.0,0.0,,0.0
175,22,1.00,5,19.42,26.78,23.99,0.0,0.00,0.0,0.0,,0.0
175,23,1.00,5,19.08,25.99,23.47,0.0,0.00,0.0,0.0,,0.0
175,24,1.00,5,18.95,25.27,22.99,0.0,0.00,0.0,0.0,,0.0
175,1,2.00,5,18.69,24.60,22.53,0.0,0.00,0.0,0.0,,0.0
175,2,2.00,5,18.49,23.97,22.09,0.0,0.00,0.0,0.0,,0.0
175,3,2.00,5,18.26,23.38,21.68,0.0,0.00,0.0,0.0,,0.0
175,4,2.00,5,18.26,22.85,21.31,0.0,0.00,0.0,0.0,,0.0
175,5,2.00,5,18.40,22.39,20.99,0.0,0.00,0.0,-0.0,,0.0
175,6,2.00,5,18.22,21.95,20.68,0.0,0.00,0.0,-0.0,,0.0
175,7,2.00,5,17.87,21.51,20.36,0.0,0.14,0.0,-0.0,,0.0
175,8,2.00,5,17.74,22.70,21.73,0.0,30.08,0.0,0.0,,0.0
175,9,2.00,5,18.70,23.83,22.99,0.0,62.47,0.0,0.0,,0.0
175,10,2.00,5,20.34,25.14,24.42,0.0,128.84,0.0,0.0,,0.0
175,11,2.00,5,21.03,26.44,25.82,0.0,172.43,0.0,0.0,,0.0
175,12,2.00,5,21.43,27.68,26.10,-1457.88,200.23,0.0,0.0,,-1457.88
175,13,2.00,5,21.77,28.85,26.10,-2307.58,211.34,0.0,0.0,,-2307.58
175,14,2.00,5,21.92,29.87,26.10,-2618.15,206.88,0.0,0.0,,-2618.15
175,15,2.00,5,22.13,30.78,26.10,-2827.42,200.88,0.0,0.0,,-2827.42
175,16,2.00,5,21.73,31.44,26.10,-2727.7,165.13,0.0,0.0,,-2727.7
175,17,2.00,5,21.25,31.83,26.10,-2477.8,121.28,0.0,0.0,,-2477.8
175,18,2.00,5,20.47,31.76,26.10,-1854.85,32.72,0.0,0.0,,-1854.85
175,19,2.00,5,19.34,30.43,25.66,0.0,0.00,0.0,0.0,,0.0
175,20,2.00,5,18.66,29.18,24.97,0.0,0.00,0.0,0.0,,0.0
175,21,2.00,5,18.46,28.07,24.29,0.0,0.00,0.0,0.0,,0.0
175,22,2.00,5,17.80,27.03,23.61,0.0,0.00,0.0,0.0,,0.0
175,23,2.00,5,17.72,26.09,23.00,0.0,0.00,0.0,0.0,,0.0
175,24,2.00,5,17.35,25.21,22.41,0.0,0.00,0.0,0.0,,0.0
175,1,3.00,5,17.05,24.39,21.85,0.0,0.00,0.0,0.0,,0.0
175,2,3.00,5,17.04,23.65,21.35,0.0,0.00,0.0,0.0,,0.0
175,3,3.00,5,16.86,22.97,20.88,0.0,0.00,0.0,0.0,,0.0
175,4,3.00,5,16.46,22.31,20.41,0.0,0.00,0.0,0.0,,0.0
175,5,3.00,5,16.04,21.66,19.94,0.0,0.00,0.0,0.0,,0.0
175,6,3.00,5,15.65,21.05,19.48,0.0,0.00,0.0,-0.0,,0.0
175,7,3.00,5,16.40,20.58,19.16,0.0,0.14,0.0,-0.0,,0.0
175,8,3.00,5,16.59,22.19,20.90,0.0,30.08,0.0,0.0,,0.0
175,9,3.00,5,17.08,23.55,22.38,0.0,62.47,0.0,0.0,,0.0
175,10,3.00,5,19.12,25.07,24.01,0.0,128.84,0.0,0.0,,0.0
175,11,3.00,5,20.66,26.69,25.73,0.0,172.43,0.0,0.0,,0.0
175,12,3.00,5,21.04,28.27,27.40,0.0,200.23,0.0,0.0,,0.0
175,13,3.00,5,21.52,29.80,29.01,0.0,211.34,0.0,0.0,,0.0
175,14,3.00,5,21.87,31.21,30.49,0.0,206.88,0.0,0.0,,0.0
175,15,3.00,5,22.26,32.54,31.88,0.0,200.88,0.0,0.0,,0.0
175,16,3.00,5,21.90,33.63,33.03,0.0,165.13,0.0,0.0,,0.0
175,17,3.00,5,21.19,34.42,33.88,0.0,121.28,0.0,0.0,,0.0
175,18,3.00,5,20.40,34.76,34.27,0.0,32.72,0.0,0.0,,0.0
175,19,3.00,5,19.50,32.87,32.43,0.0,0.00,0.0,0.0,,0.0
175,20,3.00,5,18.94,31.34,30.94,0.0,0.00,0.0,0.0,,0.0
175,21,3.00,5,19.13,30.08,29.71,0.0,0.00,0.0,0.0,,0.0
175,22,3.00,5,18.67,28.92,28.59,0.0,0.00,0.0,0.0,,0.0
175,23,3.00,5,18.49,27.87,27.57,0.0,0.00,0.0,0.0,,0.0
175,24,3.00,5,18.21,26.91,26.63,0.0,0.00,0.0,0.0,,0.0
175,1,4.00,5,18.23,26.04,25.80,0.0,0.00,0.0,0.0,,0.0
175,2,4.00,5,18.28,25.27,25.05,0.0,0.00,0.0,0.0,,0.0
175,3,4.00,5,16.87,24.41,24.21,0.0,0.00,0.0,0.0,,0.0
175,4,4.00,5,16.72,23.63,23.45,0.0,0.00,0.0,0.0,,0.0
175,5,4.00,5,16.71,22.94,22.77,0.0,0.00,0.0,0.0,,0.0
175,6,4.00,5,16.02,22.23,22.08,0.0,0.00,0.0,0.0,,0.0
175,7,4.00,5,16.91,21.70,21.56,0.0,0.14,0.0,0.0,,0.0
175,8,4.00,5,17.47,23.30,23.17,0.0,30.08,0.0,0.0,,0.0
175,9,4.00,5,18.21,24.67,24.55,0.0,62.47,0.0,0.0,,0.0
175,10,4.00,5,20.38,26.20,26.10,0.0,128.84,0.0,0.0,,0.0
175,11,4.00,5,22.26,27.88,27.78,0.0,172.43,0.0,0.0,,0.0
175,12,4.00,5,22.52,29.48,29.39,0.0,200.23,0.0,0.0,,0.0
175,13,4.00,5,23.52,31.09,31.01,0.0,211.34,0.0,0.0,,0.0
175,14,4.00,5,23.17,32.49,32.42,0.0,206.88,0.0,0.0,,0.0
175,15,4.00,5,23.05,33.76,33.69,0.0,200.88,0.0,0.0,,0.0
175,16,4.00,5,22.96,34.83,34.77,0.0,165.13,0.0,0.0,,0.0
175,17,4.00,5,22.54,35.64,35.58,0.0,121.28,0.0,0.0,,0.0
175,18,4.00,5,21.93,36.01,35.96,0.0,32.72,0.0,0.0,,0.0
175,19,4.00,5,20.96,34.14,34.10,0.0,0.00,0.0,0.0,,0.0
175,20,4.00,5,20.33,32.62,32.58,0.0,0.00,0.0,0.0,,0.0
175,21,4.00,5,20.13,31.32,31.28,0.0,0.00,0.0,0.0,,0.0
175,22,4.00,5,19.53,30.11,30.08,0.0,0.00,0.0,0.0,,0.0
175,23,4.00,5,19.54,29.05,29.02,0.0,0.00,0.0,0.0,,0.0
175,24,4.00,5,19.10,28.05,28.03,0.0,0.00,0.0,0.0,,0.0
175,1,5.00,5,19.12,27.16,27.14,0.0,0.00,0.0,0.0,,0.0
175,2,5.00,5,19.41,26.39,26.37,0.0,0.00,0.0,0.0,,0.0
175,3,5.00,5,19.32,25.68,25.66,0.0,0.00,0.0,0.0,,0.0
175,4,5.00,5,19.36,25.04,25.02,0.0,0.00,0.0,0.0,,0.0
175,5,5.00,5,19.28,24.46,24.44,0.0,0.00,0.0,0.0,,0.0
175,6,5.00,5,18.91,23.88,23.86,0.0,0.00,0.0,0.0,,0.0
175,7,5.00,5,18.41,23.31,23.29,0.0,0.14,0.0,-0.0,,0.0
175,8,5.00,5,18.23,24.28,24.27,0.0,30.08,0.0,0.0,,0.0
175,9,5.00,5,18.64,25.15,25.14,0.0,62.47,0.0,0.0,,0.0
175,10,5.00,5,19.66,26.15,26.10,-52.97,128.84,0.0,0.0,,-52.97
175,11,5.00,5,21.12,27.35,26.10,-1705.55,172.43,0.0,0.0,,-1705.55
175,12,5.00,5,21.21,28.43,26.10,-2188.98,200.23,0.0,0.0,,-2188.98
175,13,5.00,5,21.43,29.45,26.10,-2523.64,211.34,0.0,0.0,,-2523.64
175,14,5.00,5,21.36,30.30,26.10,-2628.79,206.88,0.0,0.0,,-2628.79
175,15,5.00,5,21.33,31.04,26.10,-2699.56,200.88,0.0,0.0,,-2699.56
175,16,5.00,5,21.07,31.57,26.10,-2589.56,165.13,0.0,0.0,,-2589.56
175,17,5.00,5,20.54,31.85,26.10,-2306.77,121.28,0.0,0.0,,-2306.77
175,18,5.00,5,19.89,31.71,26.10,-1703.8,32.72,0.0,0.0,,-1703.8
175,19,5.00,5,19.15,30.39,25.64,0.0,0.00,0.0,0.0,,0.0
175,20,5.00,5,18.60,29.15,24.94,0.0,0.00,0.0,0.0,,0.0
175,21,5.00,5,18.49,28.06,24.27,0.0,0.00,0.0,0.0,,0.0
175,22,5.00,5,18.43,27.08,23.66,0.0,0.00,0.0,0.0,,0.0
175,23,5.00,5,18.20,26.19,23.09,0.0,0.00,0.0,0.0,,0.0
175,24,5.00,5,17.57,25.32,22.51,0.0,0.00,0.0,0.0,,0.0
175,1,6.00,5,17.15,24.49,21.95,0.0,0.00,0.0,-0.0,,0.0
175,2,6.00,5,16.99,23.73,21.43,0.0,0.00,0.0,0.0,,0.0
175,3,6.00,5,16.95,23.05,20.96,0.0,0.00,0.0,-0.0,,0.0
175,4,6.00,5,16.97,22.44,20.54,0.0,0.00,0.0,-0.0,,0.0
175,5,6.00,5,16.79,21.86,20.14,0.0,0.00,0.0,-0.0,,0.0
175,6,6.00,5,16.66,21.33,19.76,0.0,0.00,0.0,-0.0,,0.0
175,7,6.00,5,16.29,20.80,19.38,0.0,0.14,0.0,-0.0,,0.0
175,8,6.00,5,16.20,21.86,21.10,613.88,30.08,0.0,0.0,,613.88
175,9,6.00,5,17.36,22.92,22.17,0.0,62.47,0.0,0.0,,0.0
175,10,6.00,5,19.67,24.30,23.62,0.0,128.84,0.0,0.0,,0.0
175,11,6.00,5,21.66,25.87,25.28,0.0,172.43,0.0,0.0,,0.0
175,12,6.00,5,22.33,27.35,26.10,-1018.05,200.23,0.0,0.0,,-1018.05
175,13,6.00,5,22.90,28.74,26.10,-2441.76,211.34,0.0,0.0,,-2441.76
175,14,6.00,5,22.69,29.86,26.10,-2754.71,206.88,0.0,0.0,,-2754.71
175,15,6.00,5,22.40,30.79,26.10,-2874.37,200.88,0.0,0.0,,-2874.37
175,16,6.00,5,22.05,31.48,26.10,-2796.64,165.13,0.0,0.0,,-2796.64
175,17,6.00,5,21.47,31.88,26.10,-2528.82,121.28,0.0,0.0,,-2528.82
175,18,6.00,5,20.63,31.82,26.10,-1895.75,32.72,0.0,0.0,,-1895.75
175,19,6.00,5,19.80,30.53,25.72,0.0,0.00,0.0,0.0,,0.0
175,20,6.00,5,19.02,29.30,25.05,0.0,0.00,0.0,0.0,,0.0
175,21,6.00,5,18.69,28.20,24.38,0.0,0.00,0.0,0.0,,0.0
175,22,6.00,5,18.33,27.20,23.75,0.0,0.00,0.0,0.0,,0.0
175,23,6.00,5,18.22,26.29,23.17,0.0,0.00,0.0,0.0,,0.0
175,24,6.00,5,17.86,25.44,22.61,0.0,0.00,0.0,0.0,,0.0
175,1,7.00,5,17.43,24.63,22.06,0.0,0.00,0.0,0.0,,0.0
175,2,7.00,5,17.00,23.85,21.53,0.0,0.00,0.0,0.0,,0.0
175,3,7.00,5,16.48,23.10,20.99,0.0,0.00,0.0,0.0,,0.0
175,4,7.00,5,16.16,22.40,20.48,0.0,0.00,0.0,-0.0,,0.0
175,5,7.00,5,15.87,21.73,19.99,0.0,0.00,0.0,-0.0,,0.0
175,6,7.00,5,15.54,21.10,19.52,0.0,0.00,0.0,-0.0,,0.0
175,7,7.00,5,15.78,20.56,19.13,0.0,0.14,0.0,-0.0,,0.0
175,8,7.00,5,16.23,21.68,21.10,881.02,30.08,0.0,0.0,,881.02
175,9,7.00,5,17.51,22.80,22.16,0.0,62.47,0.0,0.0,,0.0
175,10,7.00,5,18.95,24.07,23.47,0.0,128.84,0.0,0.0,,0.0
175,11,7.00,5,20.15,25.42,24.89,0.0,172.43,0.0,0.0,,0.0
175,12,7.00,5,20.62,26.70,26.10,-187.51,200.23,0.0,0.0,,-187.51
175,13,7.00,5,20.84,27.88,26.10,-1812.35,211.34,0.0,0.0,,-1812.35
175,14,7.00,5,21.19,28.94,26.10,-2291.42,206.88,0.0,0.0,,-2291.42
175,15,7.00,5,21.37,29.88,26.10,-2551.62,200.88,0.0,0.0,,-2551.62
175,16,7.00,5,21.16,30.59,26.10,-2526.12,165.13,0.0,0.0,,-2526.12
175,17,7.00,5,20.84,31.05,26.10,-2335.66,121.28,0.0,0.0,,-2335.66
175,18,7.00,5,20.17,31.05,26.10,-1752.11,32.72,0.0,0.0,,-1752.11
175,19,7.00,5,19.39,29.79,25.66,0.0,0.00,0.0,0.0,,0.0
175,20,7.00,5,18.90,28.63,24.98,0.0,0.00,0.0,0.0,,0.0
175,21,7.00,5,18.76,27.61,24.33,0.0,0.00,0.0,0.0,,0.0
175,22,7.00,5,18.73,26.70,23.75,0.0,0.00,0.0,0.0,,0.0
175,23,7.00,5,18.62,25.88,23.21,0.0,0.00,0.0,0.0,,0.0
175,24,7.00,5,18.63,25.15,22.73,0.0,0.00,0.0,0.0,,0.0
175,1,1.00,6,18.54,24.48,22.29,0.0,0.00,0.0,0.0,,0.0
175,2,1.00,6,18.50,23.87,21.88,0.0,0.00,0.0,0.0,,0.0
175,3,1.00,6,18.53,23.32,21.52,0.0,0.00,0.0,-0.0,,0.0
175,4,1.00,6,18.51,22.83,21.19,0.0,0.00,0.0,-0.0,,0.0
175,5,1.00,6,18.46,22.37,20.88,0.0,0.00,0.0,-0.0,,0.0
175,6,1.00,6,18.31,21.94,20.59,0.0,0.00,0.0,-0.0,,0.0
175,7,1.00,6,17.89,21.50,20.28,0.0,0.00,0.0,-0.0,,0.0
175,8,1.00,6,17.74,22.66,21.63,0.0,14.31,0.0,0.0,,0.0
175,9,1.00,6,18.26,23.66,22.78,0.0,34.32,0.0,0.0,,0.0
175,10,1.00,6,19.14,24.73,23.97,0.0,113.65,0.0,0.0,,0.0
175,11,1.00,6,19.65,25.82,25.15,0.0,154.79,0.0,0.0,,0.0
175,12,1.00,6,19.73,26.86,25.99,-417.35,175.08,0.0,0.0,,-417.35
175,13,1.00,6,19.51,27.79,25.99,-1575.8,197.03,0.0,0.0,,-1575.8
175,14,1.00,6,19.51,28.62,25.99,-1935.66,198.25,0.0,0.0,,-1935.66
175,15,1.00,6,19.44,29.34,25.99,-2098.46,180.40,0.0,0.0,,-2098.46
175,16,1.00,6,19.21,29.87,25.99,-2058.37,158.20,0.0,0.0,,-2058.37
175,17,1.00,6,18.92,30.19,25.99,-1865.21,117.86,0.0,0.0,,-1865.21
175,18,1.00,6,18.37,30.07,25.99,-1276.03,28.02,0.0,0.0,,-1276.03
175,19,1.00,6,17.73,28.77,25.33,0.0,0.00,0.0,0.0,,0.0
175,20,1.00,6,17.37,27.58,24.53,0.0,0.00,0.0,0.0,,0.0
175,21,1.00,6,17.43,26.54,23.81,0.0,0.00,0.0,0.0,,0.0
175,22,1.00,6,17.42,25.62,23.15,0.0,0.00,0.0,0.0,,0.0
175,23,1.00,6,17.35,24.79,22.55,0.0,0.00,0.0,0.0,,0.0
175,24,1.00,6,17.33,24.04,22.02,0.0,0.00,0.0,0.0,,0.0
175,1,2.00,6,17.36,23.37,21.53,0.0,0.00,0.0,0.0,,0.0
175,2,2.00,6,17.45,22.77,21.11,0.0,0.00,0.0,0.0,,0.0
175,3,2.00,6,17.49,22.24,20.72,0.0,0.00,0.0,0.0,,0.0
175,4,2.00,6,17.57,21.76,20.38,0.0,0.00,0.0,-0.0,,0.0
175,5,2.00,6,17.60,21.32,20.08,0.0,0.00,0.0,-0.0,,0.0
175,6,2.00,6,17.36,20.90,19.77,0.0,0.00,0.0,-0.0,,0.0
175,7,2.00,6,17.11,20.49,19.47,0.0,0.00,0.0,-0.0,,0.0
175,8,2.00,6,17.08,21.71,20.99,193.66,14.31,0.0,0.0,,193.66
175,9,2.00,6,17.81,22.80,22.14,0.0,34.32,0.0,0.0,,0.0
175,10,2.00,6,19.12,24.01,23.44,0.0,113.65,0.0,0.0,,0.0
175,11,2.00,6,20.07,25.27,24.77,0.0,154.79,0.0,0.0,,0.0
175,12,2.00,6,20.20,26.46,25.99,-56.29,175.08,0.0,0.0,,-56.29
175,13,2.00,6,20.35,27.58,25.99,-1673.11,197.03,0.0,0.0,,-1673.11
175,14,2.00,6,20.56,28.60,25.99,-2156.56,198.25,0.0,0.0,,-2156.56
175,15,2.00,6,20.37,29.45,25.99,-2326.89,180.40,0.0,0.0,,-2326.89
175,16,2.00,6,20.11,30.08,25.99,-2294.19,158.20,0.0,0.0,,-2294.19
175,17,2.00,6,19.72,30.46,25.99,-2082.25,117.86,0.0,0.0,,-2082.25
175,18,2.00,6,18.99,30.38,25.99,-1449.31,28.02,0.0,0.0,,-1449.31
175,19,2.00,6,18.40,29.10,25.42,0.0,0.00,0.0,0.0,,0.0
175,20,2.00,6,18.14,27.95,24.69,0.0,0.00,0.0,0.0,,0.0
175,21,2.00,6,18.15,26.94,24.02,0.0,0.00,0.0,0.0,,0.0
175,22,2.00,6,17.97,26.03,23.39,0.0,0.00,0.0,0.0,,0.0
175,23,2.00,6,17.94,25.21,22.83,0.0,0.00,0.0,0.0,,0.0
175,24,2.00,6,17.83,24.47,22.31,0.0,0.00,0.0,0.0,,0.0
175,1,3.00,6,17.84,23.80,21.84,0.0,0.00,0.0,0.0,,0.0
175,2,3.00,6,18.18,23.23,21.45,0.0,0.00,0.0,0.0,,0.0
175,3,3.00,6,18.32,22.73,21.12,0.0,0.00,0.0,0.0,,0.0
175,4,3.00,6,18.28,22.27,20.81,0.0,0.00,0.0,0.0,,0.0
175,5,3.00,6,18.25,21.85,20.52,0.0,0.00,0.0,-0.0,,0.0
175,6,3.00,6,18.19,21.46,20.25,0.0,0.00,0.0,-0.0,,0.0
175,7,3.00,6,17.87,21.07,19.97,0.0,0.00,0.0,-0.0,,0.0
175,8,3.00,6,17.79,22.69,21.70,0.0,14.31,0.0,0.0,,0.0
175,9,3.00,6,18.57,24.09,23.19,0.0,34.32,0.0,0.0,,0.0
175,10,3.00,6,19.55,25.51,24.69,0.0,113.65,0.0,0.0,,0.0
175,11,3.00,6,20.25,26.95,26.21,0.0,154.79,0.0,0.0,,0.0
175,12,3.00,6,20.52,28.40,27.73,0.0,175.08,0.0,0.0,,0.0
175,13,3.00,6,20.45,29.78,29.17,0.0,197.03,0.0,0.0,,0.0
175,14,3.00,6,20.39,31.06,30.50,0.0,198.25,0.0,0.0,,0.0
175,15,3.00,6,20.17,32.20,31.69,0.0,180.40,0.0,0.0,,0.0
175,16,3.00,6,19.91,33.15,32.69,0.0,158.20,0.0,0.0,,0.0
175,17,3.00,6,19.52,33.86,33.44,0.0,117.86,0.0,0.0,,0.0
175,18,3.00,6,18.75,34.09,33.71,0.0,28.02,0.0,0.0,,0.0
175,19,3.00,6,17.84,32.11,31.77,0.0,0.00,0.0,0.0,,0.0
175,20,3.00,6,17.44,30.52,30.21,0.0,0.00,0.0,0.0,,0.0
175,21,3.00,6,17.27,29.16,28.87,0.0,0.00,0.0,0.0,,0.0
175,22,3.00,6,16.89,27.92,27.66,0.0,0.00,0.0,0.0,,0.0
175,23,3.00,6,16.83,26.82,26.59,0.0,0.00,0.0,0.0,,0.0
175,24,3.00,6,16.40,25.78,25.57,0.0,0.00,0.0,0.0,,0.0
175,1,4.00,6,16.30,24.84,24.65,0.0,0.00,0.0,0.0,,0.0
175,2,4.00,6,16.23,23.99,23.82,0.0,0.00,0.0,0.0,,0.0
175,3,4.00,6,16.23,23.22,23.06,0.0,0.00,0.0,0.0,,0.0
175,4,4.00,6,16.50,22.56,22.41,0.0,0.00,0.0,0.0,,0.0
175,5,4.00,6,16.69,21.97,21.84,0.0,0.00,0.0,0.0,,0.0
175,6,4.00,6,16.48,21.41,21.29,0.0,0.00,0.0,0.0,,0.0
175,7,4.00,6,16.34,20.89,20.78,0.0,0.00,0.0,0.0,,0.0
175,8,4.00,6,16.60,22.44,22.34,0.0,14.31,0.0,0.0,,0.0
175,9,4.00,6,17.17,23.73,23.64,0.0,34.32,0.0,0.0,,0.0
175,10,4.00,6,18.84,25.13,25.05,0.0,113.65,0.0,0.0,,0.0
175,11,4.00,6,20.32,26.64,26.57,0.0,154.79,0.0,0.0,,0.0
175,12,4.00,6,20.62,28.15,28.08,0.0,175.08,0.0,0.0,,0.0
175,13,4.00,6,20.98,29.62,29.55,0.0,197.03,0.0,0.0,,0.0
175,14,4.00,6,20.87,30.96,30.90,0.0,198.25,0.0,0.0,,0.0
175,15,4.00,6,20.88,32.18,32.13,0.0,180.40,0.0,0.0,,0.0
175,16,4.00,6,20.79,33.22,33.17,0.0,158.20,0.0,0.0,,0.0
175,17,4.00,6,20.45,34.01,33.96,0.0,117.86,0.0,0.0,,0.0
175,18,4.00,6,19.64,34.31,34.27,0.0,28.02,0.0,0.0,,0.0
175,19,4.00,6,18.55,32.37,32.33,0.0,0.00,0.0,0.0,,0.0
175,20,4.00,6,18.15,30.82,30.78,0.0,0.00,0.0,0.0,,0.0
175,21,4.00,6,17.83,29.47,29.44,0.0,0.00,0.0,0.0,,0.0
175,22,4.00,6,17.81,28.30,28.27,0.0,0.00,0.0,0.0,,0.0
175,23,4.00,6,17.46,27.21,27.19,0.0,0.00,0.0,0.0,,0.0
175,24,4.00,6,17.17,26.21,26.19,0.0,0.00,0.0,0.0,,0.0
175,1,5.00,6,16.99,25.29,25.27,0.0,0.00,0.0,0.0,,0.0
175,2,5.00,6,16.86,24.46,24.44,0.0,0.00,0.0,0.0,,0.0
175,3,5.00,6,16.70,23.68,23.66,0.0,0.00,0.0,0.0,,0.0
175,4,5.00,6,16.51,22.96,22.94,0.0,0.00,0.0,0.0,,0.0
175,5,5.00,6,16.37,22.29,22.28,0.0,0.00,0.0,0.0,,0.0
175,6,5.00,6,16.02,21.66,21.64,0.0,0.00,0.0,0.0,,0.0
175,7,5.00,6,15.69,21.05,21.03,0.0,0.00,0.0,0.0,,0.0
175,8,5.00,6,16.01,22.01,22.00,0.0,14.31,0.0,0.0,,0.0
175,9,5.00,6,16.88,22.93,22.92,0.0,34.32,0.0,0.0,,0.0
175,10,5.00,6,18.35,24.03,24.02,0.0,113.65,0.0,0.0,,0.0
175,11,5.00,6,19.52,25.23,25.23,0.0,154.79,0.0,0.0,,0.0
175,12,5.00,6,20.06,26.44,25.99,-618.81,175.08,0.0,0.0,,-618.81
175,13,5.00,6,20.43,27.59,25.99,-1857.85,197.03,0.0,0.0,,-1857.85
175,14,5.00,6,20.72,28.64,25.99,-2285.12,198.25,0.0,0.0,,-2285.12
175,15,5.00,6,21.02,29.59,25.99,-2541.17,180.40,0.0,0.0,,-2541.17
175,16,5.00,6,20.72,30.30,25.99,-2487.77,158.20,0.0,0.0,,-2487.77
175,17,5.00,6,20.17,30.71,25.99,-2228.28,117.86,0.0,0.0,,-2228.28
175,18,5.00,6,19.37,30.63,25.99,-1568.53,28.02,0.0,0.0,,-1568.53
175,19,5.00,6,18.49,29.33,25.44,0.0,0.00,0.0,0.0,,0.0
175,20,5.00,6,18.07,28.14,24.71,0.0,0.00,0.0,0.0,,0.0
175,21,5.00,6,17.92,27.08,24.00,0.0,0.00,0.0,0.0,,0.0
175,22,5.00,6,17.95,26.16,23.38,0.0,0.00,0.0,0.0,,0.0
175,23,5.00,6,17.72,25.31,22.79,0.0,0.00,0.0,0.0,,0.0
175,24,5.00,6,17.60,24.53,22.25,0.0,0.00,0.0,0.0,,0.0
175,1,6.00,6,17.45,23.82,21.75,0.0,0.00,0.0,0.0,,0.0
175,2,6.00,6,17.40,23.17,21.29,0.0,0.00,0.0,0.0,,0.0
175,3,6.00,6,17.29,22.57,20.87,0.0,0.00,0.0,0.0,,0.0
175,4,6.00,6,17.21,22.02,20.47,0.0,0.00,0.0,0.0,,0.0
175,5,6.00,6,17.21,21.52,20.12,0.0,0.00,0.0,-0.0,,0.0
175,6,6.00,6,17.07,21.06,19.79,0.0,0.00,0.0,-0.0,,0.0
175,7,6.00,6,16.93,20.62,19.47,0.0,0.00,0.0,-0.0,,0.0
175,8,6.00,6,16.73,21.76,20.99,277.79,14.31,0.0,0.0,,277.79
175,9,6.00,6,17.42,22.78,22.07,0.0,34.32,0.0,0.0,,0.0
175,10,6.00,6,18.27,23.86,23.23,0.0,113.65,0.0,0.0,,0.0
175,11,6.00,6,19.14,25.01,24.46,0.0,154.79,0.0,0.0,,0.0
175,12,6.00,6,19.82,26.20,25.73,0.0,175.08,0.0,0.0,,0.0
175,13,6.00,6,19.93,27.31,25.99,-1273.6,197.03,0.0,0.0,,-1273.6
175,14,6.00,6,20.09,28.30,25.99,-1966.35,198.25,0.0,0.0,,-1966.35
175,15,6.00,6,20.01,29.14,25.99,-2194.99,180.40,0.0,0.0,,-2194.99
175,16,6.00,6,19.66,29.76,25.99,-2154.62,158.20,0.0,0.0,,-2154.62
175,17,6.00,6,19.11,30.10,25.99,-1908.32,117.86,0.0,0.0,,-1908.32
175,18,6.00,6,18.34,29.97,25.99,-1265.52,28.02,0.0,0.0,,-1265.52
175,19,6.00,6,17.67,28.67,25.32,0.0,0.00,0.0,0.0,,0.0
175,20,6.00,6,17.36,27.48,24.52,0.0,0.00,0.0,0.0,,0.0
175,21,6.00,6,17.22,26.43,23.77,0.0,0.00,0.0,0.0,,0.0
175,22,6.00,6,16.95,25.47,23.07,0.0,0.00,0.0,0.0,,0.0
175,23,6.00,6,16.82,24.60,22.43,0.0,0.00,0.0,0.0,,0.0
175,24,6.00,6,16.53,23.78,21.82,0.0,0.00,0.0,0.0,,0.0
175,1,7.00,6,16.49,23.05,21.27,0.0,0.00,0.0,0.0,,0.0
175,2,7.00,6,16.58,22.40,20.78,0.0,0.00,0.0,0.0,,0.0
175,3,7.00,6,16.74,21.83,20.37,0.0,0.00,0.0,0.0,,0.0
175,4,7.00,6,16.56,21.29,19.96,0.0,0.00,0.0,-0.0,,0.0
175,5,7.00,6,16.58,20.81,19.60,0.0,0.00,0.0,-0.0,,0.0
175,6,7.00,6,16.31,20.34,19.24,0.0,0.00,0.0,-0.0,,0.0
175,7,7.00,6,16.11,19.89,18.90,0.0,0.00,0.0,-0.0,,0.0
175,8,7.00,6,15.90,21.02,20.99,1139.96,14.31,0.0,0.0,,1139.96
175,9,7.00,6,16.98,22.10,21.88,0.0,34.32,0.0,0.0,,0.0
175,10,7.00,6,18.33,23.30,23.06,0.0,113.65,0.0,0.0,,0.0
175,11,7.00,6,19.57,24.61,24.39,0.0,154.79,0.0,0.0,,0.0
175,12,7.00,6,20.43,25.96,25.76,0.0,175.08,0.0,0.0,,0.0
175,13,7.00,6,20.72,27.21,25.99,-1477.33,197.03,0.0,0.0,,-1477.33
175,14,7.00,6,21.02,28.36,25.99,-2205.98,198.25,0.0,0.0,,-2205.98
175,15,7.00,6,21.21,29.37,25.99,-2514.24,180.40,0.0,0.0,,-2514.24
175,16,7.00,6,20.68,30.08,25.99,-2439.17,158.20,0.0,0.0,,-2439.17
175,17,7.00,6,19.88,30.47,25.99,-2130.56,117.86,0.0,0.0,,-2130.56
175,18,7.00,6,18.81,30.33,25.99,-1406.46,28.02,0.0,0.0,,-1406.46
175,19,7.00,6,17.76,28.99,25.34,0.0,0.00,0.0,0.0,,0.0
175,20,7.00,6,17.11,27.73,24.51,0.0,0.00,0.0,0.0,,0.0
175,21,7.00,6,16.61,26.58,23.70,0.0,0.00,0.0,0.0,,0.0
175,22,7.00,6,16.10,25.52,22.91,0.0,0.00,0.0,0.0,,0.0
175,23,7.00,6,15.41,24.50,22.14,0.0,0.00,0.0,0.0,,0.0
175,24,7.00,6,14.93,23.54,21.40,0.0,0.00,0.0,0.0,,0.0
175,1,1.00,6,14.44,22.63,20.69,0.0,0.00,0.0,0.0,,0.0
175,2,1.00,6,13.94,21.76,20.00,0.0,0.00,0.0,0.0,,0.0
175,3,1.00,6,13.62,20.94,19.35,0.0,0.00,0.0,0.0,,0.0
175,4,1.00,6,13.36,20.19,18.74,0.0,0.00,0.0,0.0,,0.0
175,5,1.00,6,13.06,19.47,18.16,0.0,0.00,0.0,0.0,,0.0
175,6,1.00,6,12.61,18.78,17.59,0.0,0.00,0.0,0.0,,0.0
175,7,1.00,6,12.29,18.13,17.04,0.0,0.00,0.0,0.0,,0.0
175,8,1.00,6,11.96,18.91,20.99,4214.02,14.31,0.0,0.0,,4214.02
175,9,1.00,6,13.53,19.82,20.99,153.81,34.32,0.0,0.0,,153.81
175,10,1.00,6,15.20,20.93,21.74,0.0,113.65,0.0,0.0,,0.0
175,11,1.00,6,16.82,22.22,22.85,0.0,154.79,0.0,0.0,,0.0
175,12,1.00,6,18.08,23.61,24.13,0.0,175.08,0.0,0.0,,0.0
175,13,1.00,6,18.85,24.96,25.41,0.0,197.03,0.0,0.0,,0.0
175,14,1.00,6,19.62,26.26,25.99,-911.84,198.25,0.0,0.0,,-911.84
175,15,1.00,6,20.30,27.47,25.99,-1979.35,180.40,0.0,0.0,,-1979.35
175,16,1.00,6,19.95,28.36,25.99,-2088.74,158.20,0.0,0.0,,-2088.74
175,17,1.00,6,19.47,28.94,25.99,-1930.04,117.86,0.0,0.0,,-1930.04
175,18,1.00,6,18.60,29.01,25.99,-1298.66,28.02,0.0,0.0,,-1298.66
175,19,1.00,6,17.51,27.74,25.29,0.0,0.00,0.0,0.0,,0.0
175,20,1.00,6,16.81,26.56,24.43,0.0,0.00,0.0,0.0,,0.0
175,21,1.00,6,16.28,25.49,23.58,0.0,0.00,0.0,0.0,,0.0
175,22,1.00,6,15.99,24.52,22.80,0.0,0.00,0.0,0.0,,0.0
175,23,1.00,6,15.52,23.61,22.06,0.0,0.00,0.0,0.0,,0.0
175,24,1.00,6,15.11,22.75,21.35,0.0,0.00,0.0,0.0,,0.0
175,1,2.00,6,14.46,21.91,20.64,0.0,0.00,0.0,0.0,,0.0
175,2,2.00,6,14.21,21.14,19.98,0.0,0.00,0.0,0.0,,0.0
175,3,2.00,6,13.98,20.42,19.37,0.0,0.00,0.0,0.0,,0.0
175,4,2.00,6,13.70,19.74,18.79,0.0,0.00,0.0,0.0,,0.0
175,5,2.00,6,13.22,19.08,18.22,0.0,0.00,0.0,0.0,,0.0
175,6,2.00,6,12.90,18.45,17.67,0.0,0.00,0.0,0.0,,0.0
175,7,2.00,6,12.50,17.85,17.14,0.0,0.00,0.0,0.0,,0.0
175,8,2.00,6,13.24,18.90,20.99,3787.89,14.31,0.0,0.0,,3787.89
175,9,2.00,6,14.84,20.00,21.15,0.0,34.32,0.0,0.0,,0.0
175,10,2.00,6,16.90,21.35,22.17,0.0,113.65,0.0,0.0,,0.0
175,11,2.00,6,18.62,22.83,23.49,0.0,154.79,0.0,0.0,,0.0
175,12,2.00,6,19.81,24.37,24.92,0.0,175.08,0.0,0.0,,0.0
175,13,2.00,6,20.67,25.87,25.99,-492.05,197.03,0.0,0.0,,-492.05
175,14,2.00,6,20.28,27.07,25.99,-1791.57,198.25,0.0,0.0,,-1791.57
175,15,2.00,6,19.88,28.05,25.99,-2051.78,180.40,0.0,0.0,,-2051.78
175,16,2.00,6,19.43,28.77,25.99,-2035.03,158.20,0.0,0.0,,-2035.03
175,17,2.00,6,18.78,29.18,25.99,-1785.33,117.86,0.0,0.0,,-1785.33
175,18,2.00,6,17.75,29.08,25.99,-1087.72,28.02,0.0,0.0,,-1087.72
175,19,2.00,6,16.54,27.74,25.17,0.0,0.00,0.0,0.0,,0.0
175,20,2.00,6,15.96,26.49,24.24,0.0,0.00,0.0,0.0,,0.0
175,21,2.00,6,15.56,25.36,23.35,0.0,0.00,0.0,0.0,,0.0
175,22,2.00,6,15.50,24.37,22.55,0.0,0.00,0.0,0.0,,0.0
175,23,2.00,6,14.90,23.42,21.77,0.0,0.00,0.0,0.0,,0.0
175,24,2.00,6,14.76,22.55,21.06,0.0,0.00,0.0,0.0,,0.0
175,1,3.00,6,14.23,21.72,20.37,0.0,0.00,0.0,0.0,,0.0
175,2,3.00,6,13.68,20.91,19.68,0.0,0.00,0.0,0.0,,0.0
175,3,3.00,6,13.25,20.14,19.02,0.0,0.00,0.0,0.0,,0.0
175,4,3.00,6,12.97,19.42,18.41,0.0,0.00,0.0,0.0,,0.0
175,5,3.00,6,12.74,18.74,17.83,0.0,0.00,0.0,0.0,,0.0
175,6,3.00,6,12.37,18.10,17.27,0.0,0.00,0.0,0.0,,0.0
175,7,3.00,6,11.85,17.47,16.71,0.0,0.00,0.0,0.0,,0.0
175,8,3.00,6,11.31,18.82,18.14,0.0,14.31,0.0,0.0,,0.0
175,9,3.00,6,12.73,20.06,19.44,0.0,34.32,0.0,0.0,,0.0
175,10,3.00,6,15.12,21.48,20.92,0.0,113.65,0.0,0.0,,0.0
175,11,3.00,6,17.36,23.09,22.58,0.0,154.79,0.0,0.0,,0.0
175,12,3.00,6,18.62,24.77,24.31,0.0,175.08,0.0,0.0,,0.0
175,13,3.00,6,19.66,26.47,26.05,0.0,197.03,0.0,0.0,,0.0
175,14,3.00,6,19.55,27.99,27.61,0.0,198.25,0.0,0.0,,0.0
175,15,3.00,6,19.40,29.36,29.01,0.0,180.40,0.0,0.0,,0.0
175,16,3.00,6,19.22,30.51,30.20,0.0,158.20,0.0,0.0,,0.0
175,17,3.00,6,18.73,31.39,31.11,0.0,117.86,0.0,0.0,,0.0
175,18,3.00,6,17.77,31.76,31.50,0.0,28.02,0.0,0.0,,0.0
175,19,3.00,6,16.95,29.92,29.68,0.0,0.00,0.0,0.0,,0.0
175,20,3.00,6,16.65,28.46,28.25,0.0,0.00,0.0,0.0,,0.0
175,21,3.00,6,16.75,27.25,27.05,0.0,0.00,0.0,0.0,,0.0
175,22,3.00,6,17.07,26.23,26.05,0.0,0.00,0.0,0.0,,0.0
175,23,3.00,6,16.79,25.28,25.12,0.0,0.00,0.0,0.0,,0.0
175,24,3.00,6,17.18,24.48,24.33,0.0,0.00,0.0,0.0,,0.0
175,1,4.00,6,17.26,23.76,23.63,0.0,0.00,0.0,0.0,,0.0
175,2,4.00,6,17.15,23.09,22.97,0.0,0.00,0.0,0.0,,0.0
175,3,4.00,6,17.16,22.49,22.38,0.0,0.00,0.0,0.0,,0.0
175,4,4.00,6,17.02,21.93,21.83,0.0,0.00,0.0,0.0,,0.0
175,5,4.00,6,16.92,21.42,21.33,0.0,0.00,0.0,0.0,,0.0
175,6,4.00,6,16.64,20.92,20.84,0.0,0.00,0.0,0.0,,0.0
175,7,4.00,6,16.21,20.42,20.35,0.0,0.00,0.0,0.0,,0.0
175,8,4.00,6,16.01,21.94,21.87,0.0,14.31,0.0,0.0,,0.0
175,9,4.00,6,16.67,23.23,23.17,0.0,34.32,0.0,0.0,,0.0
175,10,4.00,6,17.88,24.58,24.52,0.0,113.65,0.0,0.0,,0.0
175,11,4.00,6,19.53,26.07,26.02,0.0,154.79,0.0,0.0,,0.0
175,12,4.00,6,20.24,27.60,27.55,0.0,175.08,0.0,0.0,,0.0
175,13,4.00,6,20.52,29.08,29.03,0.0,197.03,0.0,0.0,,0.0
175,14,4.00,6,20.65,30.45,30.41,0.0,198.25,0.0,0.0,,0.0
175,15,4.00,6,20.32,31.66,31.63,0.0,180.40,0.0,0.0,,0.0
175,16,4.00,6,19.86,32.65,32.62,0.0,158.20,0.0,0.0,,0.0
175,17,4.00,6,19.25,33.38,33.35,0.0,117.86,0.0,0.0,,0.0
175,18,4.00,6,18.30,33.61,33.58,0.0,28.02,0.0,0.0,,0.0
175,19,4.00,6,17.14,31.60,31.58,0.0,0.00,0.0,0.0,,0.0
175,20,4.00,6,16.81,29.99,29.97,0.0,0.00,0.0,0.0,,0.0
175,21,4.00,6,16.82,28.64,28.62,0.0,0.00,0.0,0.0,,0.0
175,22,4.00,6,17.16,27.50,27.48,0.0,0.00,0.0,0.0,,0.0
175,23,4.00,6,16.51,26.40,26.38,0.0,0.00,0.0,0.0,,0.0
175,24,4.00,6,16.55,25.42,25.41,0.0,0.00,0.0,0.0,,0.0
175,1,5.00,6,21.20,25.08,25.06,0.0,0.00,0.0,0.0,,0.0
175,2,5.00,6,21.22,24.70,24.69,0.0,0.00,0.0,0.0,,0.0
175,3,5.00,6,21.26,24.35,24.33,0.0,0.00,0.0,0.0,,0.0
175,4,5.00,6,21.29,24.02,24.00,0.0,0.00,0.0,0.0,,0.0
175,5,5.00,6,21.07,23.69,23.67,0.0,0.00,0.0,-0.0,,0.0
175,6,5.00,6,20.82,23.36,23.35,0.0,0.00,0.0,-0.0,,0.0
175,7,5.00,6,20.90,23.07,23.06,0.0,0.00,0.0,-0.0,,0.0
175,8,5.00,6,20.59,24.43,24.42,0.0,14.31,0.0,-55.92,,-55.92
175,9,5.00,6,21.05,25.57,25.56,0.0,34.32,0.0,0.0,,0.0
175,10,5.00,6,21.47,26.67,25.99,-951.27,113.65,0.0,0.0,,-951.27
175,11,5.00,6,22.58,27.90,25.99,-2097.92,154.79,0.0,-206.4,,-2304.32
175,12,5.00,6,22.70,29.06,25.99,-2581.33,175.08,0.0,-514.54,,-3095.87
175,13,5.00,6,22.55,30.11,25.99,-2840.38,197.03,0.0,-494.23,,-3334.61
175,14,5.00,6,22.41,31.01,25.99,-2963.37,198.25,0.0,-222.51,,-3185.88
175,15,5.00,6,22.28,31.78,25.99,-3015.13,180.40,0.0,-66.29,,-3081.42
175,16,5.00,6,21.96,32.34,25.99,-2898.83,158.20,0.0,-7.75,,-2906.58
175,17,5.00,6,21.54,32.66,25.99,-2642.65,117.86,0.0,-56.51,,-2699.1600000000003
175,18,5.00,6,20.99,32.55,25.99,-2036.51,28.02,0.0,0.0,,-2036.51
175,19,5.00,6,20.26,31.24,25.68,0.0,0.00,0.0,0.0,,0.0
175,20,5.00,6,19.88,30.04,25.11,0.0,0.00,0.0,0.0,,0.0
175,21,5.00,6,19.54,28.96,24.53,0.0,0.00,0.0,0.0,,0.0
175,22,5.00,6,19.48,27.99,23.99,0.0,0.00,0.0,0.0,,0.0
175,23,5.00,6,19.56,27.14,23.52,0.0,0.00,0.0,-0.0,,0.0
175,24,5.00,6,19.78,26.40,23.12,0.0,0.00,0.0,-0.0,,0.0
175,1,6.00,6,19.96,25.75,22.78,0.0,0.00,0.0,-0.0,,0.0
175,2,6.00,6,20.11,25.18,22.48,0.0,0.00,0.0,-0.0,,0.0
175,3,6.00,6,20.15,24.66,22.21,0.0,0.00,0.0,-0.0,,0.0
175,4,6.00,6,20.31,24.21,21.98,0.0,0.00,0.0,-0.0,,0.0
175,5,6.00,6,19.84,23.74,21.72,0.0,0.00,0.0,-0.0,,0.0
175,6,6.00,6,19.52,23.28,21.45,0.0,0.00,0.0,-0.0,,0.0
175,7,6.00,6,19.32,22.85,21.19,0.0,0.00,0.0,-0.0,,0.0
175,8,6.00,6,19.29,24.04,22.65,0.0,14.31,0.0,0.0,,0.0
175,9,6.00,6,19.48,25.00,23.81,0.0,34.32,0.0,0.0,,0.0
175,10,6.00,6,20.46,26.07,25.04,0.0,113.65,0.0,0.0,,0.0
175,11,6.00,6,21.21,27.19,25.99,-429.65,154.79,0.0,0.0,,-429.65
175,12,6.00,6,21.35,28.27,25.99,-1851.1,175.08,0.0,0.0,,-1851.1
175,13,6.00,6,21.25,29.25,25.99,-2294.65,197.03,0.0,0.0,,-2294.65
175,14,6.00,6,20.99,30.07,25.99,-2473.35,198.25,0.0,0.0,,-2473.35
175,15,6.00,6,20.97,30.80,25.99,-2589.7,180.40,0.0,0.0,,-2589.7
175,16,6.00,6,20.93,31.37,25.99,-2570.47,158.20,0.0,0.0,,-2570.47
175,17,6.00,6,20.68,31.72,25.99,-2374.78,117.86,0.0,0.0,,-2374.78
175,18,6.00,6,20.08,31.62,25.99,-1767.32,28.02,0.0,0.0,,-1767.32
175,19,6.00,6,19.51,30.33,25.57,0.0,0.00,0.0,0.0,,0.0
175,20,6.00,6,19.29,29.17,24.95,0.0,0.00,0.0,0.0,,0.0
175,21,6.00,6,19.32,28.16,24.37,0.0,0.00,0.0,0.0,,0.0
175,22,6.00,6,19.49,27.28,23.85,0.0,0.00,0.0,0.0,,0.0
175,23,6.00,6,19.49,26.49,23.39,0.0,0.00,0.0,0.0,,0.0
175,24,6.00,6,19.22,25.75,22.94,0.0,0.00,0.0,-0.0,,0.0
175,1,7.00,6,19.37,25.10,22.56,0.0,0.00,0.0,-0.0,,0.0
175,2,7.00,6,19.31,24.51,22.20,0.0,0.00,0.0,-0.0,,0.0
175,3,7.00,6,19.03,23.94,21.84,0.0,0.00,0.0,-0.0,,0.0
175,4,7.00,6,18.92,23.42,21.51,0.0,0.00,0.0,0.0,,0.0
175,5,7.00,6,18.50,22.89,21.17,0.0,0.00,0.0,0.0,,0.0
175,6,7.00,6,18.26,22.40,20.84,0.0,0.00,0.0,0.0,,0.0
175,7,7.00,6,18.16,21.95,20.53,0.0,0.00,0.0,0.0,,0.0
175,8,7.00,6,18.32,23.14,21.94,0.0,14.31,0.0,0.0,,0.0
175,9,7.00,6,18.71,24.13,23.11,0.0,34.32,0.0,0.0,,0.0
175,10,7.00,6,19.90,25.25,24.37,0.0,113.65,0.0,0.0,,0.0
175,11,7.00,6,21.08,26.49,25.73,0.0,154.79,0.0,0.0,,0.0
175,12,7.00,6,21.47,27.70,25.99,-1472.68,175.08,0.0,0.0,,-1472.68
175,13,7.00,6,21.78,28.85,25.99,-2311.01,197.03,0.0,0.0,,-2311.01
175,14,7.00,6,21.94,29.89,25.99,-2664.3,198.25,0.0,0.0,,-2664.3
175,15,7.00,6,21.64,30.72,25.99,-2748.37,180.40,0.0,0.0,,-2748.37
175,16,7.00,6,21.59,31.39,25.99,-2739.77,158.20,0.0,0.0,,-2739.77
175,17,7.00,6,21.11,31.78,25.99,-2494.73,117.86,0.0,0.0,,-2494.73
175,18,7.00,6,20.56,31.73,25.99,-1897.03,28.02,0.0,0.0,,-1897.03
175,19,7.00,6,20.04,30.48,25.64,0.0,0.00,0.0,0.0,,0.0
175,20,7.00,6,19.73,29.34,25.06,0.0,0.00,0.0,0.0,,0.0
175,21,7.00,6,19.67,28.33,24.49,0.0,0.00,0.0,0.0,,0.0
175,22,7.00,6,19.66,27.45,23.98,0.0,0.00,0.0,0.0,,0.0
175,23,7.00,6,19.53,26.64,23.50,0.0,0.00,0.0,0.0,,0.0
175,24,7.00,6,19.32,25.90,23.05,0.0,0.00,0.0,-0.0,,0.0
175,1,1.00,6,19.31,25.22,22.65,0.0,0.00,0.0,-0.0,,0.0
175,2,1.00,6,19.17,24.60,22.26,0.0,0.00,0.0,-0.0,,0.0
175,3,1.00,6,18.85,24.01,21.88,0.0,0.00,0.0,-0.0,,0.0
175,4,1.00,6,18.77,23.46,21.54,0.0,0.00,0.0,0.0,,0.0
175,5,1.00,6,18.45,22.93,21.19,0.0,0.00,0.0,0.0,,0.0
175,6,1.00,6,18.33,22.45,20.86,0.0,0.00,0.0,0.0,,0.0
175,7,1.00,6,18.12,21.99,20.55,0.0,0.00,0.0,0.0,,0.0
175,8,1.00,6,18.07,23.12,21.92,0.0,14.31,0.0,0.0,,0.0
175,9,1.00,6,18.72,24.13,23.09,0.0,34.32,0.0,0.0,,0.0
175,10,1.00,6,19.88,25.25,24.36,0.0,113.65,0.0,0.0,,0.0
175,11,1.00,6,21.33,26.53,25.76,0.0,154.79,0.0,0.0,,0.0
175,12,1.00,6,21.71,27.77,25.99,-1563.61,175.08,0.0,0.0,,-1563.61
175,13,1.00,6,21.75,28.90,25.99,-2312.99,197.03,0.0,0.0,,-2312.99
175,14,1.00,6,21.86,29.91,25.99,-2647.28,198.25,0.0,0.0,,-2647.28
175,15,1.00,6,21.91,30.79,25.99,-2816.71,180.40,0.0,0.0,,-2816.71
175,16,1.00,6,21.73,31.47,25.99,-2780.61,158.20,0.0,0.0,,-2780.61
175,17,1.00,6,21.44,31.90,25.99,-2582.31,117.86,0.0,0.0,,-2582.31
175,18,1.00,6,20.93,31.89,25.99,-1998.88,28.02,0.0,0.0,,-1998.88
175,19,1.00,6,20.24,30.63,25.67,0.0,0.00,0.0,0.0,,0.0
175,20,1.00,6,19.87,29.48,25.10,0.0,0.00,0.0,0.0,,0.0
175,21,1.00,6,19.63,28.46,24.52,0.0,0.00,0.0,0.0,,0.0
175,22,1.00,6,19.43,27.53,23.98,0.0,0.00,0.0,0.0,,0.0
175,23,1.00,6,19.29,26.69,23.48,0.0,0.00,0.0,0.0,,0.0
175,24,1.00,6,19.36,25.95,23.04,0.0,0.00,0.0,-0.0,,0.0
175,1,2.00,6,19.35,25.28,22.64,0.0,0.00,0.0,-0.0,,0.0
175,2,2.00,6,19.25,24.66,22.27,0.0,0.00,0.0,-0.0,,0.0
175,3,2.00,6,19.06,24.08,21.91,0.0,0.00,0.0,-0.0,,0.0
175,4,2.00,6,18.67,23.52,21.54,0.0,0.00,0.0,-0.0,,0.0
175,5,2.00,6,18.52,22.99,21.20,0.0,0.00,0.0,0.0,,0.0
175,6,2.00,6,18.46,22.51,20.89,0.0,0.00,0.0,0.0,,0.0
175,7,2.00,6,18.32,22.07,20.59,0.0,0.00,0.0,-0.0,,0.0
175,8,2.00,6,18.34,23.24,22.00,0.0,14.31,0.0,0.0,,0.0
175,9,2.00,6,18.68,24.21,23.15,0.0,34.32,0.0,0.0,,0.0
175,10,2.00,6,19.52,25.25,24.34,0.0,113.65,0.0,0.0,,0.0
175,11,2.00,6,20.48,26.39,25.60,0.0,154.79,0.0,0.0,,0.0
175,12,2.00,6,20.67,27.49,25.99,-1149.4,175.08,0.0,0.0,,-1149.4
175,13,2.00,6,20.78,28.53,25.99,-2021.53,197.03,0.0,0.0,,-2021.53
175,14,2.00,6,20.69,29.42,25.99,-2315.31,198.25,0.0,0.0,,-2315.31
175,15,2.00,6,20.68,30.20,25.99,-2470.1,180.40,0.0,0.0,,-2470.1
175,16,2.00,6,20.35,30.76,25.99,-2395.25,158.20,0.0,0.0,,-2395.25
175,17,2.00,6,19.95,31.08,25.99,-2165.3,117.86,0.0,0.0,,-2165.3
175,18,2.00,6,19.30,30.96,25.99,-1543.39,28.02,0.0,0.0,,-1543.39
175,19,2.00,6,18.55,29.65,25.44,0.0,0.00,0.0,0.0,,0.0
175,20,2.00,6,18.19,28.44,24.72,0.0,0.00,0.0,0.0,,0.0
175,21,2.00,6,18.04,27.37,24.03,0.0,0.00,0.0,0.0,,0.0
175,22,2.00,6,17.89,26.41,23.39,0.0,0.00,0.0,0.0,,0.0
175,23,2.00,6,17.61,25.52,22.79,0.0,0.00,0.0,0.0,,0.0
175,24,2.00,6,17.33,24.70,22.22,0.0,0.00,0.0,0.0,,0.0
175,1,3.00,6,17.13,23.93,21.69,0.0,0.00,0.0,0.0,,0.0
175,2,3.00,6,16.91,23.22,21.18,0.0,0.00,0.0,0.0,,0.0
175,3,3.00,6,16.62,22.55,20.70,0.0,0.00,0.0,0.0,,0.0
175,4,3.00,6,16.40,21.92,20.24,0.0,0.00,0.0,0.0,,0.0
175,5,3.00,6,16.04,21.32,19.79,0.0,0.00,0.0,0.0,,0.0
175,6,3.00,6,15.99,20.77,19.39,0.0,0.00,0.0,0.0,,0.0
175,7,3.00,6,15.82,20.26,19.00,0.0,0.00,0.0,-0.0,,0.0
175,8,3.00,6,15.85,21.78,20.65,0.0,14.31,0.0,0.0,,0.0
175,9,3.00,6,16.82,23.11,22.08,0.0,34.32,0.0,0.0,,0.0
175,10,3.00,6,17.66,24.45,23.51,0.0,113.65,0.0,0.0,,0.0
175,11,3.00,6,19.05,25.90,25.04,0.0,154.79,0.0,0.0,,0.0
175,12,3.00,6,19.83,27.40,26.63,0.0,175.08,0.0,0.0,,0.0
175,13,3.00,6,20.37,28.89,28.19,0.0,197.03,0.0,0.0,,0.0
175,14,3.00,6,20.58,30.28,29.64,0.0,198.25,0.0,0.0,,0.0
175,15,3.00,6,20.33,31.51,30.93,0.0,180.40,0.0,0.0,,0.0
175,16,3.00,6,19.98,32.53,32.01,0.0,158.20,0.0,0.0,,0.0
175,17,3.00,6,19.50,33.29,32.82,0.0,117.86,0.0,0.0,,0.0
175,18,3.00,6,18.77,33.58,33.15,0.0,28.02,0.0,0.0,,0.0
175,19,3.00,6,17.98,31.66,31.27,0.0,0.00,0.0,0.0,,0.0
175,20,3.00,6,17.40,30.10,29.75,0.0,0.00,0.0,0.0,,0.0
175,21,3.00,6,17.09,28.76,28.43,0.0,0.00,0.0,0.0,,0.0
175,22,3.00,6,16.86,27.56,27.26,0.0,0.00,0.0,0.0,,0.0
175,23,3.00,6,16.57,26.46,26.19,0.0,0.00,0.0,0.0,,0.0
175,24,3.00,6,16.14,25.43,25.19,0.0,0.00,0.0,0.0,,0.0
175,1,4.00,6,15.62,24.45,24.23,0.0,0.00,0.0,0.0,,0.0
175,2,4.00,6,15.19,23.53,23.33,0.0,0.00,0.0,0.0,,0.0
175,3,4.00,6,14.96,22.67,22.49,0.0,0.00,0.0,0.0,,0.0
175,4,4.00,6,15.04,21.91,21.75,0.0,0.00,0.0,0.0,,0.0
175,5,4.00,6,14.78,21.20,21.05,0.0,0.00,0.0,0.0,,0.0
175,6,4.00,6,14.41,20.52,20.38,0.0,0.00,0.0,0.0,,0.0
175,7,4.00,6,13.96,19.85,19.73,0.0,0.00,0.0,0.0,,0.0
175,8,4.00,6,13.59,21.20,21.09,0.0,14.31,0.0,0.0,,0.0
175,9,4.00,6,14.93,22.41,22.31,0.0,34.32,0.0,0.0,,0.0
175,10,4.00,6,16.33,23.71,23.61,0.0,113.65,0.0,0.0,,0.0
175,11,4.00,6,18.67,25.22,25.13,0.0,154.79,0.0,0.0,,0.0
175,12,4.00,6,20.20,26.85,26.77,0.0,175.08,0.0,0.0,,0.0
175,13,4.00,6,20.68,28.43,28.36,0.0,197.03,0.0,0.0,,0.0
175,14,4.00,6,21.42,29.96,29.89,0.0,198.25,0.0,0.0,,0.0
175,15,4.00,6,21.26,31.31,31.26,0.0,180.40,0.0,0.0,,0.0
175,16,4.00,6,20.79,32.43,32.37,0.0,158.20,0.0,0.0,,0.0
175,17,4.00,6,20.06,33.24,33.19,0.0,117.86,0.0,0.0,,0.0
175,18,4.00,6,19.15,33.56,33.52,0.0,28.02,0.0,0.0,,0.0
175,19,4.00,6,18.33,31.68,31.64,0.0,0.00,0.0,0.0,,0.0
175,20,4.00,6,17.82,30.15,30.12,0.0,0.00,0.0,0.0,,0.0
175,21,4.00,6,17.59,28.85,28.82,0.0,0.00,0.0,0.0,,0.0
175,22,4.00,6,17.31,27.68,27.65,0.0,0.00,0.0,0.0,,0.0
175,23,4.00,6,16.93,26.60,26.57,0.0,0.00,0.0,0.0,,0.0
175,24,4.00,6,16.61,25.60,25.58,0.0,0.00,0.0,0.0,,0.0
175,1,5.00,6,16.34,24.68,24.66,0.0,0.00,0.0,0.0,,0.0
175,2,5.00,6,16.00,23.81,23.79,0.0,0.00,0.0,0.0,,0.0
175,3,5.00,6,15.74,23.00,22.98,0.0,0.00,0.0,0.0,,0.0
175,4,5.00,6,15.59,22.26,22.24,0.0,0.00,0.0,0.0,,0.0
175,5,5.00,6,15.23,21.55,21.53,0.0,0.00,0.0,0.0,,0.0
175,6,5.00,6,15.00,20.89,20.87,0.0,0.00,0.0,0.0,,0.0
175,7,5.00,6,14.73,20.26,20.25,0.0,0.00,0.0,0.0,,0.0
175,8,5.00,6,14.46,21.10,21.08,0.0,14.31,0.0,0.0,,0.0
175,9,5.00,6,15.19,21.90,21.89,0.0,34.32,0.0,0.0,,0.0
175,10,5.00,6,16.39,22.86,22.85,0.0,113.65,0.0,0.0,,0.0
175,11,5.00,6,18.01,24.03,24.02,0.0,154.79,0.0,0.0,,0.0
175,12,5.00,6,19.47,25.36,25.36,0.0,175.08,0.0,0.0,,0.0
175,13,5.00,6,20.68,26.75,25.99,-1057.35,197.03,0.0,0.0,,-1057.35
175,14,5.00,6,21.36,28.03,25.99,-2218.22,198.25,0.0,0.0,,-2218.22
175,15,5.00,6,21.40,29.12,25.99,-2535.79,180.40,0.0,0.0,,-2535.79
175,16,5.00,6,21.39,29.99,25.99,-2608.61,158.20,0.0,0.0,,-2608.61
175,17,5.00,6,20.87,30.54,25.99,-2388.06,117.86,0.0,0.0,,-2388.06
175,18,5.00,6,20.25,30.62,25.99,-1790.03,28.02,0.0,0.0,,-1790.03
175,19,5.00,6,19.65,29.41,25.58,0.0,0.00,0.0,0.0,,0.0
175,20,5.00,6,19.41,28.33,24.97,0.0,0.00,0.0,0.0,,0.0
175,21,5.00,6,19.21,27.37,24.36,0.0,0.00,0.0,0.0,,0.0
175,22,5.00,6,19.06,26.51,23.80,0.0,0.00,0.0,0.0,,0.0
175,23,5.00,6,18.88,25.73,23.28,0.0,0.00,0.0,0.0,,0.0
175,24,5.00,6,18.79,25.02,22.80,0.0,0.00,0.0,-0.0,,0.0
175,1,6.00,6,18.60,24.36,22.35,0.0,0.00,0.0,-0.0,,0.0
175,2,6.00,6,18.35,23.74,21.92,0.0,0.00,0.0,-0.0,,0.0
175,3,6.00,6,18.06,23.15,21.50,0.0,0.00,0.0,-0.0,,0.0
175,4,6.00,6,17.91,22.61,21.10,0.0,0.00,0.0,0.0,,0.0
175,5,6.00,6,17.76,22.10,20.73,0.0,0.00,0.0,0.0,,0.0
175,6,6.00,6,17.65,21.63,20.39,0.0,0.00,0.0,0.0,,0.0
175,7,6.00,6,17.35,21.17,20.05,0.0,0.00,0.0,-0.0,,0.0
175,8,6.00,6,17.10,22.28,21.34,0.0,14.31,0.0,0.0,,0.0
175,9,6.00,6,17.49,23.22,22.41,0.0,34.32,0.0,0.0,,0.0
175,10,6.00,6,18.69,24.30,23.60,0.0,113.65,0.0,0.0,,0.0
175,11,6.00,6,19.95,25.52,24.92,0.0,154.79,0.0,0.0,,0.0
175,12,6.00,6,20.37,26.72,25.99,-285.24,175.08,0.0,0.0,,-285.24
175,13,6.00,6,20.25,27.78,25.99,-1700.96,197.03,0.0,0.0,,-1700.96
175,14,6.00,6,20.48,28.76,25.99,-2160.48,198.25,0.0,0.0,,-2160.48
175,15,6.00,6,20.49,29.61,25.99,-2368.25,180.40,0.0,0.0,,-2368.25
175,16,6.00,6,20.51,30.29,25.99,-2402.95,158.20,0.0,0.0,,-2402.95
175,17,6.00,6,19.94,30.67,25.99,-2149.37,117.86,0.0,0.0,,-2149.37
175,18,6.00,6,19.48,30.63,25.99,-1581.66,28.02,0.0,0.0,,-1581.66
175,19,6.00,6,19.04,29.39,25.50,0.0,0.00,0.0,0.0,,0.0
175,20,6.00,6,18.92,28.28,24.85,0.0,0.00,0.0,0.0,,0.0
175,21,6.00,6,19.11,27.34,24.25,0.0,0.00,0.0,0.0,,0.0
175,22,6.00,6,19.28,26.52,23.73,0.0,0.00,0.0,0.0,,0.0
175,23,6.00,6,19.17,25.77,23.25,0.0,0.00,0.0,0.0,,0.0
175,24,6.00,6,19.01,25.08,22.79,0.0,0.00,0.0,0.0,,0.0
175,1,7.00,6,19.05,24.46,22.39,0.0,0.00,0.0,-0.0,,0.0
175,2,7.00,6,19.04,23.90,22.02,0.0,0.00,0.0,-0.0,,0.0
175,3,7.00,6,18.89,23.38,21.67,0.0,0.00,0.0,-0.0,,0.0
175,4,7.00,6,18.81,22.90,21.35,0.0,0.00,0.0,-0.0,,0.0
175,5,7.00,6,18.59,22.44,21.04,0.0,0.00,0.0,-0.0,,0.0
175,6,7.00,6,18.57,22.02,20.75,0.0,0.00,0.0,-0.0,,0.0
175,7,7.00,6,18.56,21.65,20.49,0.0,0.00,0.0,-0.0,,0.0
175,8,7.00,6,18.67,22.94,21.97,0.0,14.31,0.0,0.0,,0.0
175,9,7.00,6,18.89,23.98,23.15,0.0,34.32,0.0,0.0,,0.0
175,10,7.00,6,19.70,25.08,24.36,0.0,113.65,0.0,0.0,,0.0
175,11,7.00,6,20.86,26.30,25.68,0.0,154.79,0.0,0.0,,0.0
175,12,7.00,6,21.27,27.51,25.99,-1374.45,175.08,0.0,0.0,,-1374.45
175,13,7.00,6,20.99,28.55,25.99,-2096.19,197.03,0.0,0.0,,-2096.19
175,14,7.00,6,20.97,29.47,25.99,-2395.95,198.25,0.0,0.0,,-2395.95
175,15,7.00,6,21.01,30.29,25.99,-2563.41,180.40,0.0,0.0,,-2563.41
175,16,7.00,6,20.88,30.92,25.99,-2536.87,158.20,0.0,0.0,,-2536.87
175,17,7.00,6,20.33,31.27,25.99,-2274.13,117.86,0.0,0.0,,-2274.13
175,18,7.00,6,19.72,31.17,25.99,-1660.49,28.02,0.0,0.0,,-1660.49
175,19,7.00,6,19.00,29.88,25.50,0.0,0.00,0.0,0.0,,0.0
175,20,7.00,6,18.59,28.68,24.81,0.0,0.00,0.0,0.0,,0.0
175,21,7.00,6,18.58,27.64,24.17,0.0,0.00,0.0,0.0,,0.0
175,22,7.00,6,18.59,26.72,23.59,0.0,0.00,0.0,0.0,,0.0
175,23,7.00,6,18.57,25.90,23.06,0.0,0.00,0.0,0.0,,0.0
175,24,7.00,6,18.39,25.14,22.57,0.0,0.00,0.0,0.0,,0.0
175,1,1.00,6,18.40,24.46,22.12,0.0,0.00,0.0,0.0,,0.0
175,2,1.00,6,18.29,23.83,21.71,0.0,0.00,0.0,0.0,,0.0
175,3,1.00,6,18.14,23.24,21.32,0.0,0.00,0.0,-0.0,,0.0
175,4,1.00,6,18.16,22.72,20.98,0.0,0.00,0.0,-0.0,,0.0
175,5,1.00,6,17.88,22.21,20.63,0.0,0.00,0.0,-0.0,,0.0
175,6,1.00,6,17.81,21.75,20.31,0.0,0.00,0.0,0.0,,0.0
175,7,1.00,6,17.74,21.32,20.02,0.0,0.00,0.0,-0.0,,0.0
175,8,1.00,6,17.69,22.50,21.41,0.0,14.31,0.0,0.0,,0.0
175,9,1.00,6,18.04,23.49,22.55,0.0,34.32,0.0,0.0,,0.0
175,10,1.00,6,18.62,24.50,23.69,0.0,113.65,0.0,0.0,,0.0
175,11,1.00,6,19.82,25.66,24.96,0.0,154.79,0.0,0.0,,0.0
175,12,1.00,6,20.19,26.81,25.99,-293.01,175.08,0.0,0.0,,-293.01
175,13,1.00,6,20.51,27.91,25.99,-1777.66,197.03,0.0,0.0,,-1777.66
175,14,1.00,6,20.49,28.87,25.99,-2174.71,198.25,0.0,0.0,,-2174.71
175,15,1.00,6,20.45,29.69,25.99,-2363.46,180.40,0.0,0.0,,-2363.46
175,16,1.00,6,20.33,30.33,25.99,-2359.75,158.20,0.0,0.0,,-2359.75
175,17,1.00,6,19.93,30.71,25.99,-2143.44,117.86,0.0,0.0,,-2143.44
175,18,1.00,6,19.23,30.62,25.99,-1517.07,28.02,0.0,0.0,,-1517.07
175,19,1.00,6,18.47,29.33,25.43,0.0,0.00,0.0,0.0,,0.0
175,20,1.00,6,18.12,28.15,24.70,0.0,0.00,0.0,0.0,,0.0
175,21,1.00,6,18.09,27.11,24.02,0.0,0.00,0.0,0.0,,0.0
175,22,1.00,6,18.09,26.19,23.40,0.0,0.00,0.0,0.0,,0.0
175,23,1.00,6,17.96,25.36,22.84,0.0,0.00,0.0,0.0,,0.0
175,24,1.00,6,17.77,24.59,22.30,0.0,0.00,0.0,0.0,,0.0
175,1,2.00,6,17.70,23.90,21.82,0.0,0.00,0.0,0.0,,0.0
175,2,2.00,6,17.52,23.25,21.36,0.0,0.00,0.0,0.0,,0.0
175,3,2.00,6,17.29,22.64,20.93,0.0,0.00,0.0,0.0,,0.0
175,4,2.00,6,17.16,22.07,20.52,0.0,0.00,0.0,0.0,,0.0
175,5,2.00,6,16.97,21.54,20.13,0.0,0.00,0.0,0.0,,0.0
175,6,2.00,6,16.96,21.06,19.79,0.0,0.00,0.0,0.0,,0.0
175,7,2.00,6,16.95,20.63,19.47,0.0,0.00,0.0,0.0,,0.0
175,8,2.00,6,16.88,21.80,20.99,233.25,14.31,0.0,0.0,,233.25
175,9,2.00,6,17.37,22.80,22.06,0.0,34.32,0.0,0.0,,0.0
175,10,2.00,6,18.02,23.83,23.18,0.0,113.65,0.0,0.0,,0.0
175,11,2.00,6,19.22,25.00,24.44,0.0,154.79,0.0,0.0,,0.0
175,12,2.00,6,19.91,26.21,25.73,0.0,175.08,0.0,0.0,,0.0
175,13,2.00,6,20.46,27.41,25.99,-1398.87,197.03,0.0,0.0,,-1398.87
175,14,2.00,6,20.49,28.44,25.99,-2072.22,198.25,0.0,0.0,,-2072.22
175,15,2.00,6,20.56,29.34,25.99,-2339.75,180.40,0.0,0.0,,-2339.75
175,16,2.00,6,20.30,30.02,25.99,-2326.36,158.20,0.0,0.0,,-2326.36
175,17,2.00,6,19.98,30.45,25.99,-2142.61,117.86,0.0,0.0,,-2142.61
175,18,2.00,6,19.13,30.38,25.99,-1484.34,28.02,0.0,0.0,,-1484.34
175,19,2.00,6,18.25,29.08,25.40,0.0,0.00,0.0,0.0,,0.0
175,20,2.00,6,17.83,27.89,24.64,0.0,0.00,0.0,0.0,,0.0
175,21,2.00,6,17.54,26.82,23.90,0.0,0.00,0.0,0.0,,0.0
175,22,2.00,6,17.30,25.85,23.22,0.0,0.00,0.0,0.0,,0.0
175,23,2.00,6,16.90,24.94,22.56,0.0,0.00,0.0,0.0,,0.0
175,24,2.00,6,16.60,24.10,21.94,0.0,0.00,0.0,0.0,,0.0
175,1,3.00,6,16.37,23.32,21.36,0.0,0.00,0.0,0.0,,0.0
175,2,3.00,6,16.16,22.59,20.82,0.0,0.00,0.0,0.0,,0.0
175,3,3.00,6,15.93,21.92,20.31,0.0,0.00,0.0,0.0,,0.0
175,4,3.00,6,15.77,21.29,19.83,0.0,0.00,0.0,0.0,,0.0
175,5,3.00,6,15.59,20.71,19.39,0.0,0.00,0.0,0.0,,0.0
175,6,3.00,6,15.48,20.17,18.97,0.0,0.00,0.0,0.0,,0.0
175,7,3.00,6,15.53,19.69,18.60,0.0,0.00,0.0,0.0,,0.0
175,8,3.00,6,15.71,21.27,20.28,0.0,14.31,0.0,0.0,,0.0
175,9,3.00,6,16.27,22.59,21.69,0.0,34.32,0.0,0.0,,0.0
175,10,3.00,6,17.03,23.91,23.09,0.0,113.65,0.0,0.0,,0.0
175,11,3.00,6,18.22,25.32,24.58,0.0,154.79,0.0,0.0,,0.0
175,12,3.00,6,18.82,26.78,26.11,0.0,175.08,0.0,0.0,,0.0
175,13,3.00,6,19.35,28.23,27.62,0.0,197.03,0.0,0.0,,0.0
175,14,3.00,6,19.43,29.58,29.02,0.0,198.25,0.0,0.0,,0.0
175,15,3.00,6,19.65,30.82,30.32,0.0,180.40,0.0,0.0,,0.0
175,16,3.00,6,19.42,31.86,31.40,0.0,158.20,0.0,0.0,,0.0
175,17,3.00,6,19.15,32.66,32.24,0.0,117.86,0.0,0.0,,0.0
175,18,3.00,6,18.43,32.98,32.60,0.0,28.02,0.0,0.0,,0.0
175,19,3.00,6,17.62,31.08,30.74,0.0,0.00,0.0,0.0,,0.0
175,20,3.00,6,17.29,29.57,29.26,0.0,0.00,0.0,0.0,,0.0
175,21,3.00,6,16.98,28.27,27.99,0.0,0.00,0.0,0.0,,0.0
175,22,3.00,6,16.71,27.10,26.84,0.0,0.00,0.0,0.0,,0.0
175,23,3.00,6,16.42,26.03,25.80,0.0,0.00,0.0,0.0,,0.0
175,24,3.00,6,16.36,25.07,24.86,0.0,0.00,0.0,0.0,,0.0
175,1,4.00,6,16.06,24.17,23.98,0.0,0.00,0.0,0.0,,0.0
175,2,4.00,6,15.84,23.34,23.17,0.0,0.00,0.0,0.0,,0.0
175,3,4.00,6,15.75,22.58,22.42,0.0,0.00,0.0,0.0,,0.0
175,4,4.00,6,15.62,21.88,21.74,0.0,0.00,0.0,0.0,,0.0
175,5,4.00,6,15.55,21.24,21.11,0.0,0.00,0.0,0.0,,0.0
175,6,4.00,6,15.54,20.67,20.55,0.0,0.00,0.0,0.0,,0.0
175,7,4.00,6,15.34,20.12,20.01,0.0,0.00,0.0,0.0,,0.0
175,8,4.00,6,15.36,21.62,21.52,0.0,14.31,0.0,0.0,,0.0
175,9,4.00,6,16.14,22.89,22.81,0.0,34.32,0.0,0.0,,0.0
175,10,4.00,6,16.81,24.17,24.09,0.0,113.65,0.0,0.0,,0.0
175,11,4.00,6,18.26,25.57,25.50,0.0,154.79,0.0,0.0,,0.0
175,12,4.00,6,18.93,27.02,26.95,0.0,175.08,0.0,0.0,,0.0
175,13,4.00,6,19.54,28.47,28.41,0.0,197.03,0.0,0.0,,0.0
175,14,4.00,6,19.56,29.80,29.75,0.0,198.25,0.0,0.0,,0.0
175,15,4.00,6,19.60,31.02,30.96,0.0,180.40,0.0,0.0,,0.0
175,16,4.00,6,19.55,32.05,32.00,0.0,158.20,0.0,0.0,,0.0
175,17,4.00,6,19.32,32.85,32.81,0.0,117.86,0.0,0.0,,0.0
175,18,4.00,6,18.72,33.18,33.14,0.0,28.02,0.0,0.0,,0.0
175,19,4.00,6,18.16,31.33,31.29,0.0,0.00,0.0,0.0,,0.0
175,20,4.00,6,17.84,29.85,29.82,0.0,0.00,0.0,0.0,,0.0
175,21,4.00,6,17.79,28.60,28.57,0.0,0.00,0.0,0.0,,0.0
175,22,4.00,6,17.65,27.49,27.46,0.0,0.00,0.0,0.0,,0.0
175,23,4.00,6,17.49,26.49,26.46,0.0,0.00,0.0,0.0,,0.0
175,24,4.00,6,17.38,25.58,25.55,0.0,0.00,0.0,0.0,,0.0
175,1,5.00,6,17.14,24.73,24.71,0.0,0.00,0.0,0.0,,0.0
175,2,5.00,6,16.90,23.94,23.93,0.0,0.00,0.0,0.0,,0.0
175,3,5.00,6,16.74,23.22,23.20,0.0,0.00,0.0,0.0,,0.0
175,4,5.00,6,16.72,22.56,22.55,0.0,0.00,0.0,0.0,,0.0
175,5,5.00,6,16.70,21.97,21.95,0.0,0.00,0.0,0.0,,0.0
175,6,5.00,6,16.79,21.44,21.43,0.0,0.00,0.0,0.0,,0.0
175,7,5.00,6,16.70,20.95,20.94,0.0,0.00,0.0,0.0,,0.0
175,8,5.00,6,16.66,22.03,22.02,0.0,14.31,0.0,0.0,,0.0
175,9,5.00,6,17.26,22.99,22.98,0.0,34.32,0.0,0.0,,0.0
175,10,5.00,6,17.55,23.91,23.90,0.0,113.65,0.0,0.0,,0.0
175,11,5.00,6,18.62,24.98,24.98,0.0,154.79,0.0,0.0,,0.0
175,12,5.00,6,19.09,26.08,25.99,-110.74,175.08,0.0,0.0,,-110.74
175,13,5.00,6,19.49,27.14,25.99,-1548.79,197.03,0.0,0.0,,-1548.79
175,14,5.00,6,19.55,28.09,25.99,-1937.35,198.25,0.0,0.0,,-1937.35
175,15,5.00,6,19.58,28.91,25.99,-2131.46,180.40,0.0,0.0,,-2131.46
175,16,5.00,6,19.60,29.56,25.99,-2158.27,158.20,0.0,0.0,,-2158.27
175,17,5.00,6,19.16,29.94,25.99,-1932.08,117.86,0.0,0.0,,-1932.08
175,18,5.00,6,18.67,29.90,25.99,-1354.54,28.02,0.0,0.0,,-1354.54
175,19,5.00,6,18.25,28.66,25.39,0.0,0.00,0.0,0.0,,0.0
175,20,5.00,6,18.09,27.54,24.66,0.0,0.00,0.0,0.0,,0.0
175,21,5.00,6,18.17,26.57,23.99,0.0,0.00,0.0,0.0,,0.0
175,22,5.00,6,18.24,25.73,23.40,0.0,0.00,0.0,0.0,,0.0
175,23,5.00,6,18.27,24.97,22.87,0.0,0.00,0.0,0.0,,0.0
175,24,5.00,6,18.20,24.28,22.38,0.0,0.00,0.0,0.0,,0.0
175,1,6.00,6,17.88,23.63,21.90,0.0,0.00,0.0,0.0,,0.0
175,2,6.00,6,17.80,23.03,21.46,0.0,0.00,0.0,0.0,,0.0
175,3,6.00,6,17.67,22.47,21.05,0.0,0.00,0.0,0.0,,0.0
175,4,6.00,6,17.40,21.94,20.65,0.0,0.00,0.0,0.0,,0.0
175,5,6.00,6,17.26,21.45,20.28,0.0,0.00,0.0,-0.0,,0.0
175,6,6.00,6,17.28,21.01,19.95,0.0,0.00,0.0,0.0,,0.0
175,7,6.00,6,17.08,20.59,19.63,0.0,0.00,0.0,-0.0,,0.0
175,8,6.00,6,17.11,21.80,20.99,1.0,14.31,0.0,0.0,,1.0
175,9,6.00,6,17.30,22.78,22.08,0.0,34.32,0.0,0.0,,0.0
175,10,6.00,6,18.07,23.82,23.22,0.0,113.65,0.0,0.0,,0.0
175,11,6.00,6,18.77,24.91,24.39,0.0,154.79,0.0,0.0,,0.0
175,12,6.00,6,18.96,25.98,25.53,0.0,175.08,0.0,0.0,,0.0
175,13,6.00,6,19.34,27.03,25.99,-915.74,197.03,0.0,0.0,,-915.74
175,14,6.00,6,19.17,27.92,25.99,-1682.38,198.25,0.0,0.0,,-1682.38
175,15,6.00,6,19.08,28.69,25.99,-1919.36,180.40,0.0,0.0,,-1919.36
175,16,6.00,6,19.04,29.29,25.99,-1961.95,158.20,0.0,0.0,,-1961.95
175,17,6.00,6,18.49,29.62,25.99,-1724.06,117.86,0.0,0.0,,-1724.06
175,18,6.00,6,17.81,29.49,25.99,-1106.41,28.02,0.0,0.0,,-1106.41
175,19,6.00,6,17.19,28.19,25.25,0.0,0.00,0.0,0.0,,0.0
175,20,6.00,6,16.79,26.99,24.40,0.0,0.00,0.0,0.0,,0.0
175,21,6.00,6,16.76,25.94,23.61,0.0,0.00,0.0,0.0,,0.0
175,22,6.00,6,16.46,24.98,22.88,0.0,0.00,0.0,0.0,,0.0
175,23,6.00,6,16.26,24.11,22.20,0.0,0.00,0.0,0.0,,0.0
175,24,6.00,6,16.06,23.30,21.57,0.0,0.00,0.0,0.0,,0.0
175,1,7.00,6,15.67,22.52,20.96,0.0,0.00,0.0,0.0,,0.0
175,2,7.00,6,15.43,21.81,20.39,0.0,0.00,0.0,0.0,,0.0
175,3,7.00,6,15.23,21.14,19.85,0.0,0.00,0.0,0.0,,0.0
175,4,7.00,6,15.01,20.52,19.35,0.0,0.00,0.0,0.0,,0.0
175,5,7.00,6,14.69,19.92,18.86,0.0,0.00,0.0,0.0,,0.0
175,6,7.00,6,14.69,19.38,18.42,0.0,0.00,0.0,0.0,,0.0
175,7,7.00,6,14.19,18.85,17.97,0.0,0.00,0.0,0.0,,0.0
175,8,7.00,6,13.98,19.83,20.99,2664.2,14.31,0.0,0.0,,2664.2
175,9,7.00,6,14.71,20.74,21.28,0.0,34.32,0.0,0.0,,0.0
175,10,7.00,6,15.81,21.78,22.12,0.0,113.65,0.0,0.0,,0.0
175,11,7.00,6,17.40,23.01,23.28,0.0,154.79,0.0,0.0,,0.0
175,12,7.00,6,18.19,24.28,24.49,0.0,175.08,0.0,0.0,,0.0
175,13,7.00,6,18.94,25.54,25.72,0.0,197.03,0.0,0.0,,0.0
175,14,7.00,6,19.24,26.68,25.99,-1189.31,198.25,0.0,0.0,,-1189.31
175,15,7.00,6,19.24,27.65,25.99,-1789.48,180.40,0.0,0.0,,-1789.48
175,16,7.00,6,19.29,28.44,25.99,-1943.1,158.20,0.0,0.0,,-1943.1
175,17,7.00,6,18.98,28.95,25.99,-1808.36,117.86,0.0,0.0,,-1808.36
175,18,7.00,6,18.43,29.01,25.99,-1248.33,28.02,0.0,0.0,,-1248.33
175,19,7.00,6,17.82,27.79,25.32,0.0,0.00,0.0,0.0,,0.0
175,20,7.00,6,17.61,26.70,24.54,0.0,0.00,0.0,0.0,,0.0
175,21,7.00,6,17.58,25.75,23.82,0.0,0.00,0.0,0.0,,0.0
175,22,7.00,6,17.45,24.90,23.17,0.0,0.00,0.0,0.0,,0.0
175,23,7.00,6,17.24,24.12,22.55,0.0,0.00,0.0,0.0,,0.0
175,24,7.00,6,17.09,23.40,21.98,0.0,0.00,0.0,0.0,,0.0
175,1,1.00,7,16.71,22.72,21.43,0.0,0.00,0.0,0.0,,0.0
175,2,1.00,7,16.64,22.10,20.93,0.0,0.00,0.0,0.0,,0.0
175,3,1.00,7,16.66,21.54,20.48,0.0,0.00,0.0,0.0,,0.0
175,4,1.00,7,16.65,21.04,20.07,0.0,0.00,0.0,0.0,,0.0
175,5,1.00,7,16.56,20.57,19.70,0.0,0.00,0.0,0.0,,0.0
175,6,1.00,7,16.58,20.15,19.36,0.0,0.00,0.0,0.0,,0.0
175,7,1.00,7,16.34,19.74,19.02,0.0,0.00,0.0,-0.0,,0.0
175,8,1.00,7,16.40,20.97,20.78,584.08,15.20,0.0,0.0,,584.08
175,9,1.00,7,16.87,22.00,21.74,0.0,46.30,0.0,0.0,,0.0
175,10,1.00,7,17.76,23.07,22.82,0.0,94.03,0.0,0.0,,0.0
175,11,1.00,7,18.76,24.25,24.03,0.0,154.37,0.0,0.0,,0.0
175,12,1.00,7,19.15,25.44,25.24,0.0,195.15,0.0,0.0,,0.0
175,13,1.00,7,19.50,26.55,25.78,-840.08,209.05,0.0,0.0,,-840.08
175,14,1.00,7,19.53,27.54,25.78,-1754.98,205.01,0.0,0.0,,-1754.98
175,15,1.00,7,19.38,28.36,25.78,-1976.02,190.86,0.0,0.0,,-1976.02
175,16,1.00,7,19.27,29.01,25.78,-2010.69,160.73,0.0,0.0,,-2010.69
175,17,1.00,7,18.85,29.42,25.78,-1860.11,124.88,0.0,0.0,,-1860.11
175,18,1.00,7,18.23,29.45,25.78,-1364.26,47.93,0.0,0.0,,-1364.26
175,19,1.00,7,17.62,28.19,25.15,0.0,0.00,0.0,0.0,,0.0
175,20,1.00,7,17.35,27.05,24.37,0.0,0.00,0.0,0.0,,0.0
175,21,1.00,7,17.22,26.03,23.63,0.0,0.00,0.0,0.0,,0.0
175,22,1.00,7,17.15,25.13,22.96,0.0,0.00,0.0,0.0,,0.0
175,23,1.00,7,17.06,24.31,22.35,0.0,0.00,0.0,0.0,,0.0
175,24,1.00,7,17.00,23.57,21.80,0.0,0.00,0.0,0.0,,0.0
175,1,2.00,7,16.85,22.89,21.28,0.0,0.00,0.0,0.0,,0.0
175,2,2.00,7,16.74,22.26,20.80,0.0,0.00,0.0,0.0,,0.0
175,3,2.00,7,16.59,21.68,20.36,0.0,0.00,0.0,0.0,,0.0
175,4,2.00,7,16.38,21.13,19.93,0.0,0.00,0.0,0.0,,0.0
175,5,2.00,7,16.09,20.61,19.52,0.0,0.00,0.0,0.0,,0.0
175,6,2.00,7,15.91,20.12,19.13,0.0,0.00,0.0,0.0,,0.0
175,7,2.00,7,15.23,19.60,18.70,0.0,0.00,0.0,0.0,,0.0
175,8,2.00,7,14.89,20.59,20.78,1323.92,15.20,0.0,0.0,,1323.92
175,9,2.00,7,15.41,21.47,21.40,0.0,46.30,0.0,0.0,,0.0
175,10,2.00,7,16.65,22.48,22.36,0.0,94.03,0.0,0.0,,0.0
175,11,2.00,7,18.33,23.72,23.60,0.0,154.37,0.0,0.0,,0.0
175,12,2.00,7,18.79,24.94,24.83,0.0,195.15,0.0,0.0,,0.0
175,13,2.00,7,19.58,26.16,25.78,-399.61,209.05,0.0,0.0,,-399.61
175,14,2.00,7,19.81,27.26,25.78,-1723.53,205.01,0.0,0.0,,-1723.53
175,15,2.00,7,20.04,28.23,25.78,-2098.65,190.86,0.0,0.0,,-2098.65
175,16,2.00,7,19.86,28.98,25.78,-2147.2,160.73,0.0,0.0,,-2147.2
175,17,2.00,7,19.51,29.49,25.78,-2029.08,124.88,0.0,0.0,,-2029.08
175,18,2.00,7,18.74,29.57,25.78,-1504.27,47.93,0.0,0.0,,-1504.27
175,19,2.00,7,17.90,28.31,25.19,0.0,0.00,0.0,0.0,,0.0
175,20,2.00,7,17.46,27.15,24.41,0.0,0.00,0.0,0.0,,0.0
175,21,2.00,7,17.17,26.11,23.66,0.0,0.00,0.0,0.0,,0.0
175,22,2.00,7,17.02,25.19,22.97,0.0,0.00,0.0,0.0,,0.0
175,23,2.00,7,16.73,24.33,22.33,0.0,0.00,0.0,0.0,,0.0
175,24,2.00,7,16.55,23.54,21.73,0.0,0.00,0.0,0.0,,0.0
175,1,3.00,7,16.26,22.80,21.16,0.0,0.00,0.0,0.0,,0.0
175,2,3.00,7,15.91,22.10,20.61,0.0,0.00,0.0,0.0,,0.0
175,3,3.00,7,15.54,21.43,20.08,0.0,0.00,0.0,0.0,,0.0
175,4,3.00,7,15.17,20.79,19.56,0.0,0.00,0.0,0.0,,0.0
175,5,3.00,7,14.99,20.19,19.08,0.0,0.00,0.0,0.0,,0.0
175,6,3.00,7,14.78,19.64,18.63,0.0,0.00,0.0,0.0,,0.0
175,7,3.00,7,14.46,19.10,18.18,0.0,0.00,0.0,0.0,,0.0
175,8,3.00,7,14.23,20.57,19.74,0.0,15.20,0.0,0.0,,0.0
175,9,3.00,7,15.08,21.83,21.08,0.0,46.30,0.0,0.0,,0.0
175,10,3.00,7,16.13,23.10,22.42,0.0,94.03,0.0,0.0,,0.0
175,11,3.00,7,17.89,24.55,23.93,0.0,154.37,0.0,0.0,,0.0
175,12,3.00,7,18.93,26.10,25.53,0.0,195.15,0.0,0.0,,0.0
175,13,3.00,7,19.76,27.62,27.11,0.0,209.05,0.0,0.0,,0.0
175,14,3.00,7,20.05,29.06,28.60,0.0,205.01,0.0,0.0,,0.0
175,15,3.00,7,19.98,30.34,29.92,0.0,190.86,0.0,0.0,,0.0
175,16,3.00,7,19.83,31.43,31.04,0.0,160.73,0.0,0.0,,0.0
175,17,3.00,7,19.49,32.30,31.95,0.0,124.88,0.0,0.0,,0.0
175,18,3.00,7,18.76,32.75,32.44,0.0,47.93,0.0,0.0,,0.0
175,19,3.00,7,17.98,30.92,30.64,0.0,0.00,0.0,0.0,,0.0
175,20,3.00,7,17.61,29.46,29.20,0.0,0.00,0.0,0.0,,0.0
175,21,3.00,7,17.54,28.22,27.98,0.0,0.00,0.0,0.0,,0.0
175,22,3.00,7,17.59,27.14,26.93,0.0,0.00,0.0,0.0,,0.0
175,23,3.00,7,17.48,26.17,25.98,0.0,0.00,0.0,0.0,,0.0
175,24,3.00,7,17.29,25.28,25.10,0.0,0.00,0.0,0.0,,0.0
175,1,4.00,7,17.09,24.46,24.30,0.0,0.00,0.0,0.0,,0.0
175,2,4.00,7,16.96,23.70,23.56,0.0,0.00,0.0,0.0,,0.0
175,3,4.00,7,16.84,23.01,22.88,0.0,0.00,0.0,0.0,,0.0
175,4,4.00,7,16.69,22.37,22.25,0.0,0.00,0.0,0.0,,0.0
175,5,4.00,7,16.53,21.77,21.66,0.0,0.00,0.0,0.0,,0.0
175,6,4.00,7,16.52,21.23,21.13,0.0,0.00,0.0,0.0,,0.0
175,7,4.00,7,16.48,20.74,20.65,0.0,0.00,0.0,0.0,,0.0
175,8,4.00,7,16.48,22.27,22.19,0.0,15.20,0.0,0.0,,0.0
175,9,4.00,7,17.25,23.58,23.50,0.0,46.30,0.0,0.0,,0.0
175,10,4.00,7,17.84,24.83,24.76,0.0,94.03,0.0,0.0,,0.0
175,11,4.00,7,19.10,26.22,26.15,0.0,154.37,0.0,0.0,,0.0
175,12,4.00,7,19.62,27.65,27.59,0.0,195.15,0.0,0.0,,0.0
175,13,4.00,7,19.92,29.02,28.97,0.0,209.05,0.0,0.0,,0.0
175,14,4.00,7,19.91,30.30,30.26,0.0,205.01,0.0,0.0,,0.0
175,15,4.00,7,19.94,31.46,31.42,0.0,190.86,0.0,0.0,,0.0
175,16,4.00,7,19.96,32.45,32.42,0.0,160.73,0.0,0.0,,0.0
175,17,4.00,7,19.69,33.25,33.22,0.0,124.88,0.0,0.0,,0.0
175,18,4.00,7,19.09,33.65,33.62,0.0,47.93,0.0,0.0,,0.0
175,19,4.00,7,18.45,31.78,31.76,0.0,0.00,0.0,0.0,,0.0
175,20,4.00,7,18.17,30.29,30.27,0.0,0.00,0.0,0.0,,0.0
175,21,4.00,7,18.16,29.04,29.01,0.0,0.00,0.0,0.0,,0.0
175,22,4.00,7,18.21,27.94,27.92,0.0,0.00,0.0,0.0,,0.0
175,23,4.00,7,18.08,26.95,26.93,0.0,0.00,0.0,0.0,,0.0
175,24,4.00,7,17.88,26.04,26.02,0.0,0.00,0.0,0.0,,0.0
175,1,5.00,7,17.75,25.21,25.19,0.0,0.00,0.0,0.0,,0.0
175,2,5.00,7,17.65,24.45,24.44,0.0,0.00,0.0,0.0,,0.0
175,3,5.00,7,17.65,23.77,23.75,0.0,0.00,0.0,0.0,,0.0
175,4,5.00,7,17.80,23.16,23.15,0.0,0.00,0.0,0.0,,0.0
175,5,5.00,7,17.78,22.61,22.60,0.0,0.00,0.0,0.0,,0.0
175,6,5.00,7,17.76,22.11,22.10,0.0,0.00,0.0,0.0,,0.0
175,7,5.00,7,17.82,21.66,21.65,0.0,0.00,0.0,0.0,,0.0
175,8,5.00,7,17.86,22.82,22.81,0.0,15.20,0.0,0.0,,0.0
175,9,5.00,7,18.21,23.77,23.76,0.0,46.30,0.0,0.0,,0.0
175,10,5.00,7,18.48,24.66,24.66,0.0,94.03,0.0,0.0,,0.0
175,11,5.00,7,19.33,25.69,25.69,0.0,154.37,0.0,0.0,,0.0
175,12,5.00,7,19.87,26.78,25.78,-1399.48,195.15,0.0,0.0,,-1399.48
175,13,5.00,7,20.14,27.79,25.78,-1963.97,209.05,0.0,0.0,,-1963.97
175,14,5.00,7,19.87,28.65,25.78,-2166.06,205.01,0.0,0.0,,-2166.06
175,15,5.00,7,19.73,29.36,25.78,-2235.67,190.86,0.0,0.0,,-2235.67
175,16,5.00,7,19.67,29.92,25.78,-2206.9,160.73,0.0,0.0,,-2206.9
175,17,5.00,7,19.50,30.32,25.78,-2084.66,124.88,0.0,0.0,,-2084.66
175,18,5.00,7,18.92,30.32,25.78,-1581.96,47.93,0.0,0.0,,-1581.96
175,19,5.00,7,18.26,29.05,25.25,0.0,0.00,0.0,0.0,,0.0
175,20,5.00,7,17.98,27.88,24.52,0.0,0.00,0.0,0.0,,0.0
175,21,5.00,7,17.92,26.85,23.84,0.0,0.00,0.0,0.0,,0.0
175,22,5.00,7,17.95,25.95,23.23,0.0,0.00,0.0,0.0,,0.0
175,23,5.00,7,17.98,25.14,22.69,0.0,0.00,0.0,0.0,,0.0
175,24,5.00,7,17.95,24.42,22.19,0.0,0.00,0.0,0.0,,0.0
175,1,6.00,7,17.89,23.76,21.74,0.0,0.00,0.0,-0.0,,0.0
175,2,6.00,7,17.76,23.14,21.31,0.0,0.00,0.0,-0.0,,0.0
175,3,6.00,7,17.62,22.57,20.91,0.0,0.00,0.0,-0.0,,0.0
175,4,6.00,7,17.53,22.05,20.54,0.0,0.00,0.0,-0.0,,0.0
175,5,6.00,7,17.59,21.58,20.21,0.0,0.00,0.0,-0.0,,0.0
175,6,6.00,7,17.58,21.16,19.92,0.0,0.00,0.0,-0.0,,0.0
175,7,6.00,7,17.50,20.77,19.64,0.0,0.00,0.0,-0.0,,0.0
175,8,6.00,7,17.44,21.99,21.05,0.0,15.20,0.0,0.0,,0.0
175,9,6.00,7,17.90,23.03,22.21,0.0,46.30,0.0,0.0,,0.0
175,10,6.00,7,17.90,23.93,23.23,0.0,94.03,0.0,0.0,,0.0
175,11,6.00,7,19.07,25.04,24.43,0.0,154.37,0.0,0.0,,0.0
175,12,6.00,7,19.73,26.20,25.67,0.0,195.15,0.0,0.0,,0.0
175,13,6.00,7,20.13,27.30,25.78,-1497.23,209.05,0.0,0.0,,-1497.23
175,14,6.00,7,19.92,28.23,25.78,-1977.74,205.01,0.0,0.0,,-1977.74
175,15,6.00,7,19.82,29.02,25.78,-2155.55,190.86,0.0,0.0,,-2155.55
175,16,6.00,7,19.54,29.60,25.78,-2118.84,160.73,0.0,0.0,,-2118.84
175,17,6.00,7,19.25,29.99,25.78,-1986.37,124.88,0.0,0.0,,-1986.37
175,18,6.00,7,18.60,29.99,25.78,-1476.94,47.93,0.0,0.0,,-1476.94
175,19,6.00,7,17.83,28.70,25.18,0.0,0.00,0.0,0.0,,0.0
175,20,6.00,7,17.67,27.54,24.43,0.0,0.00,0.0,0.0,,0.0
175,21,6.00,7,17.70,26.53,23.74,0.0,0.00,0.0,0.0,,0.0
175,22,6.00,7,17.80,25.64,23.13,0.0,0.00,0.0,0.0,,0.0
175,23,6.00,7,17.97,24.87,22.59,0.0,0.00,0.0,0.0,,0.0
175,24,6.00,7,18.07,24.18,22.12,0.0,0.00,0.0,0.0,,0.0
175,1,7.00,7,18.05,23.56,21.69,0.0,0.00,0.0,-0.0,,0.0
175,2,7.00,7,18.12,23.00,21.31,0.0,0.00,0.0,-0.0,,0.0
175,3,7.00,7,18.19,22.51,20.97,0.0,0.00,0.0,-0.0,,0.0
175,4,7.00,7,18.51,22.09,20.69,0.0,0.00,0.0,-0.0,,0.0
175,5,7.00,7,18.13,21.67,20.40,0.0,0.00,0.0,-0.0,,0.0
175,6,7.00,7,17.57,21.22,20.07,0.0,0.00,0.0,-0.0,,0.0
175,7,7.00,7,17.70,20.84,19.79,0.0,0.00,0.0,-0.0,,0.0
175,8,7.00,7,17.43,22.04,21.17,0.0,15.20,0.0,0.0,,0.0
175,9,7.00,7,17.67,23.03,22.27,0.0,46.30,0.0,0.0,,0.0
175,10,7.00,7,16.89,23.75,23.10,0.0,94.03,0.0,0.0,,0.0
175,11,7.00,7,17.84,24.70,24.13,0.0,154.37,0.0,0.0,,0.0
175,12,7.00,7,18.38,25.71,25.23,0.0,195.15,0.0,0.0,,0.0
175,13,7.00,7,19.18,26.77,25.78,-794.61,209.05,0.0,0.0,,-794.61
175,14,7.00,7,19.36,27.72,25.78,-1731.36,205.01,0.0,0.0,,-1731.36
175,15,7.00,7,19.37,28.53,25.78,-1984.41,190.86,0.0,0.0,,-1984.41
175,16,7.00,7,19.24,29.15,25.78,-2008.89,160.73,0.0,0.0,,-2008.89
175,17,7.00,7,19.01,29.58,25.78,-1905.08,124.88,0.0,0.0,,-1905.08
175,18,7.00,7,18.42,29.61,25.78,-1416.9,47.93,0.0,0.0,,-1416.9
175,19,7.00,7,17.62,28.34,25.15,0.0,0.00,0.0,0.0,,0.0
175,20,7.00,7,17.44,27.19,24.38,0.0,0.00,0.0,0.0,,0.0
175,21,7.00,7,17.39,26.18,23.66,0.0,0.00,0.0,0.0,,0.0
175,22,7.00,7,17.38,25.28,23.01,0.0,0.00,0.0,0.0,,0.0
175,23,7.00,7,17.33,24.48,22.42,0.0,0.00,0.0,0.0,,0.0
175,24,7.00,7,17.31,23.75,21.89,0.0,0.00,0.0,0.0,,0.0
175,1,1.00,7,17.31,23.10,21.41,0.0,0.00,0.0,0.0,,0.0
175,2,1.00,7,17.31,22.51,20.98,0.0,0.00,0.0,-0.0,,0.0
175,3,1.00,7,17.38,21.99,20.60,0.0,0.00,0.0,-0.0,,0.0
175,4,1.00,7,17.45,21.51,20.26,0.0,0.00,0.0,-0.0,,0.0
175,5,1.00,7,17.45,21.09,19.95,0.0,0.00,0.0,-0.0,,0.0
175,6,1.00,7,17.21,20.67,19.64,0.0,0.00,0.0,-0.0,,0.0
175,7,1.00,7,16.99,20.27,19.33,0.0,0.00,0.0,-0.0,,0.0
175,8,1.00,7,16.80,21.47,20.78,138.96,15.20,0.0,0.0,,138.96
175,9,1.00,7,17.29,22.49,21.87,0.0,46.30,0.0,0.0,,0.0
175,10,1.00,7,17.53,23.43,22.89,0.0,94.03,0.0,0.0,,0.0
175,11,1.00,7,18.68,24.55,24.08,0.0,154.37,0.0,0.0,,0.0
175,12,1.00,7,18.97,25.66,25.26,0.0,195.15,0.0,0.0,,0.0
175,13,1.00,7,19.32,26.72,25.78,-827.25,209.05,0.0,0.0,,-827.25
175,14,1.00,7,19.15,27.63,25.78,-1665.99,205.01,0.0,0.0,,-1665.99
175,15,1.00,7,19.05,28.39,25.78,-1890.69,190.86,0.0,0.0,,-1890.69
175,16,1.00,7,18.72,28.95,25.78,-1864.91,160.73,0.0,0.0,,-1864.91
175,17,1.00,7,18.37,29.31,25.78,-1727.86,124.88,0.0,0.0,,-1727.86
175,18,1.00,7,17.65,29.27,25.78,-1204.02,47.93,0.0,0.0,,-1204.02
175,19,1.00,7,16.85,27.96,25.05,0.0,0.00,0.0,0.0,,0.0
175,20,1.00,7,16.64,26.77,24.20,0.0,0.00,0.0,0.0,,0.0
175,21,1.00,7,16.48,25.72,23.41,0.0,0.00,0.0,0.0,,0.0
175,22,1.00,7,16.35,24.77,22.69,0.0,0.00,0.0,0.0,,0.0
175,23,1.00,7,16.14,23.90,22.01,0.0,0.00,0.0,0.0,,0.0
175,24,1.00,7,16.01,23.10,21.40,0.0,0.00,0.0,0.0,,0.0
175,1,2.00,7,15.65,22.35,20.80,0.0,0.00,0.0,0.0,,0.0
175,2,2.00,7,15.48,21.66,20.25,0.0,0.00,0.0,0.0,,0.0
175,3,2.00,7,15.48,21.03,19.76,0.0,0.00,0.0,0.0,,0.0
175,4,2.00,7,15.46,20.47,19.31,0.0,0.00,0.0,0.0,,0.0
175,5,2.00,7,15.67,19.98,18.93,0.0,0.00,0.0,0.0,,0.0
175,6,2.00,7,15.50,19.51,18.56,0.0,0.00,0.0,0.0,,0.0
175,7,2.00,7,15.38,19.08,18.22,0.0,0.00,0.0,0.0,,0.0
175,8,2.00,7,15.30,20.23,20.78,1789.27,15.20,0.0,0.0,,1789.27
175,9,2.00,7,15.48,21.16,21.33,0.0,46.30,0.0,0.0,,0.0
175,10,2.00,7,16.62,22.20,22.26,0.0,94.03,0.0,0.0,,0.0
175,11,2.00,7,17.81,23.39,23.42,0.0,154.37,0.0,0.0,,0.0
175,12,2.00,7,18.24,24.57,24.59,0.0,195.15,0.0,0.0,,0.0
175,13,2.00,7,18.43,25.65,25.66,0.0,209.05,0.0,0.0,,0.0
175,14,2.00,7,18.67,26.66,25.78,-1252.96,205.01,0.0,0.0,,-1252.96
175,15,2.00,7,18.36,27.46,25.78,-1600.8,190.86,0.0,0.0,,-1600.8
175,16,2.00,7,18.12,28.06,25.78,-1643.01,160.73,0.0,0.0,,-1643.01
175,17,2.00,7,17.69,28.45,25.78,-1510.08,124.88,0.0,0.0,,-1510.08
175,18,2.00,7,17.04,28.45,25.78,-1015.86,47.93,0.0,0.0,,-1015.86
175,19,2.00,7,16.43,27.18,24.98,0.0,0.00,0.0,0.0,,0.0
175,20,2.00,7,16.23,26.03,24.10,0.0,0.00,0.0,0.0,,0.0
175,21,2.00,7,16.26,25.02,23.30,0.0,0.00,0.0,0.0,,0.0
175,22,2.00,7,16.28,24.14,22.58,0.0,0.00,0.0,0.0,,0.0
175,23,2.00,7,16.30,23.35,21.94,0.0,0.00,0.0,0.0,,0.0
175,24,2.00,7,16.38,22.65,21.37,0.0,0.00,0.0,0.0,,0.0
175,1,3.00,7,16.58,22.04,20.88,0.0,0.00,0.0,0.0,,0.0
175,2,3.00,7,16.81,21.51,20.46,0.0,0.00,0.0,0.0,,0.0
175,3,3.00,7,16.80,21.02,20.07,0.0,0.00,0.0,0.0,,0.0
175,4,3.00,7,16.64,20.57,19.70,0.0,0.00,0.0,0.0,,0.0
175,5,3.00,7,16.37,20.12,19.34,0.0,0.00,0.0,0.0,,0.0
175,6,3.00,7,16.23,19.70,18.99,0.0,0.00,0.0,-0.0,,0.0
175,7,3.00,7,15.76,19.28,18.63,0.0,0.00,0.0,-0.0,,0.0
175,8,3.00,7,15.42,20.84,20.25,0.0,15.20,0.0,0.0,,0.0
175,9,3.00,7,16.06,22.15,21.62,0.0,46.30,0.0,0.0,,0.0
175,10,3.00,7,16.90,23.46,22.97,0.0,94.03,0.0,0.0,,0.0
175,11,3.00,7,18.28,24.90,24.46,0.0,154.37,0.0,0.0,,0.0
175,12,3.00,7,19.20,26.42,26.02,0.0,195.15,0.0,0.0,,0.0
175,13,3.00,7,20.03,27.93,27.57,0.0,209.05,0.0,0.0,,0.0
175,14,3.00,7,19.81,29.31,28.98,0.0,205.01,0.0,0.0,,0.0
175,15,3.00,7,19.71,30.54,30.24,0.0,190.86,0.0,0.0,,0.0
175,16,3.00,7,19.37,31.55,31.28,0.0,160.73,0.0,0.0,,0.0
175,17,3.00,7,18.96,32.36,32.12,0.0,124.88,0.0,0.0,,0.0
175,18,3.00,7,18.07,32.74,32.52,0.0,47.93,0.0,0.0,,0.0
175,19,3.00,7,16.98,30.81,30.61,0.0,0.00,0.0,0.0,,0.0
175,20,3.00,7,16.42,29.24,29.05,0.0,0.00,0.0,0.0,,0.0
175,21,3.00,7,16.05,27.87,27.70,0.0,0.00,0.0,0.0,,0.0
175,22,3.00,7,15.78,26.65,26.50,0.0,0.00,0.0,0.0,,0.0
175,23,3.00,7,15.48,25.54,25.40,0.0,0.00,0.0,0.0,,0.0
175,24,3.00,7,15.21,24.51,24.38,0.0,0.00,0.0,0.0,,0.0
175,1,4.00,7,15.04,23.57,23.46,0.0,0.00,0.0,0.0,,0.0
175,2,4.00,7,14.76,22.70,22.59,0.0,0.00,0.0,0.0,,0.0
175,3,4.00,7,14.35,21.86,21.77,0.0,0.00,0.0,0.0,,0.0
175,4,4.00,7,14.01,21.07,20.99,0.0,0.00,0.0,0.0,,0.0
175,5,4.00,7,13.91,20.36,20.28,0.0,0.00,0.0,0.0,,0.0
175,6,4.00,7,13.63,19.68,19.61,0.0,0.00,0.0,0.0,,0.0
175,7,4.00,7,13.57,19.06,19.00,0.0,0.00,0.0,0.0,,0.0
175,8,4.00,7,13.29,20.46,20.40,0.0,15.20,0.0,0.0,,0.0
175,9,4.00,7,14.64,21.70,21.65,0.0,46.30,0.0,0.0,,0.0
175,10,4.00,7,14.78,22.84,22.80,0.0,94.03,0.0,0.0,,0.0
175,11,4.00,7,16.50,24.18,24.14,0.0,154.37,0.0,0.0,,0.0
175,12,4.00,7,17.38,25.61,25.57,0.0,195.15,0.0,0.0,,0.0
175,13,4.00,7,18.44,27.06,27.03,0.0,209.05,0.0,0.0,,0.0
175,14,4.00,7,18.86,28.45,28.42,0.0,205.01,0.0,0.0,,0.0
175,15,4.00,7,19.23,29.73,29.70,0.0,190.86,0.0,0.0,,0.0
175,16,4.00,7,18.76,30.77,30.75,0.0,160.73,0.0,0.0,,0.0
175,17,4.00,7,18.48,31.62,31.59,0.0,124.88,0.0,0.0,,0.0
175,18,4.00,7,17.60,32.02,32.00,0.0,47.93,0.0,0.0,,0.0
175,19,4.00,7,16.55,30.12,30.10,0.0,0.00,0.0,0.0,,0.0
175,20,4.00,7,16.25,28.61,28.59,0.0,0.00,0.0,0.0,,0.0
175,21,4.00,7,16.18,27.32,27.30,0.0,0.00,0.0,0.0,,0.0
175,22,4.00,7,16.21,26.20,26.19,0.0,0.00,0.0,0.0,,0.0
175,23,4.00,7,16.22,25.21,25.19,0.0,0.00,0.0,0.0,,0.0
175,24,4.00,7,16.09,24.30,24.29,0.0,0.00,0.0,0.0,,0.0
175,1,5.00,7,16.08,23.48,23.47,0.0,0.00,0.0,0.0,,0.0
175,2,5.00,7,15.93,22.73,22.72,0.0,0.00,0.0,0.0,,0.0
175,3,5.00,7,15.86,22.04,22.03,0.0,0.00,0.0,0.0,,0.0
175,4,5.00,7,15.85,21.41,21.40,0.0,0.00,0.0,0.0,,0.0
175,5,5.00,7,15.82,20.85,20.84,0.0,0.00,0.0,0.0,,0.0
175,6,5.00,7,15.53,20.30,20.29,0.0,0.00,0.0,0.0,,0.0
175,7,5.00,7,15.41,19.79,19.78,0.0,0.00,0.0,0.0,,0.0
175,8,5.00,7,15.21,20.82,20.81,0.0,15.20,0.0,0.0,,0.0
175,9,5.00,7,16.21,21.80,21.79,0.0,46.30,0.0,0.0,,0.0
175,10,5.00,7,16.30,22.67,22.66,0.0,94.03,0.0,0.0,,0.0
175,11,5.00,7,17.49,23.74,23.73,0.0,154.37,0.0,0.0,,0.0
175,12,5.00,7,18.21,24.88,24.87,0.0,195.15,0.0,0.0,,0.0
175,13,5.00,7,18.92,26.01,25.78,-321.8,209.05,0.0,0.0,,-321.8
175,14,5.00,7,19.09,27.04,25.78,-1565.18,205.01,0.0,0.0,,-1565.18
175,15,5.00,7,19.11,27.90,25.78,-1864.91,190.86,0.0,0.0,,-1864.91
175,16,5.00,7,18.84,28.54,25.78,-1877.02,160.73,0.0,0.0,,-1877.02
175,17,5.00,7,18.68,29.01,25.78,-1797.53,124.88,0.0,0.0,,-1797.53
175,18,5.00,7,18.01,29.06,25.78,-1296.73,47.93,0.0,0.0,,-1296.73
175,19,5.00,7,17.11,27.79,25.08,0.0,0.00,0.0,0.0,,0.0
175,20,5.00,7,16.68,26.61,24.23,0.0,0.00,0.0,0.0,,0.0
175,21,5.00,7,16.59,25.57,23.45,0.0,0.00,0.0,0.0,,0.0
175,22,5.00,7,16.61,24.66,22.75,0.0,0.00,0.0,0.0,,0.0
175,23,5.00,7,16.55,23.84,22.11,0.0,0.00,0.0,0.0,,0.0
175,24,5.00,7,16.52,23.11,21.54,0.0,0.00,0.0,0.0,,0.0
175,1,6.00,7,16.56,22.45,21.02,0.0,0.00,0.0,0.0,,0.0
175,2,6.00,7,16.45,21.84,20.55,0.0,0.00,0.0,0.0,,0.0
175,3,6.00,7,16.39,21.28,20.11,0.0,0.00,0.0,0.0,,0.0
175,4,6.00,7,16.48,20.78,19.72,0.0,0.00,0.0,0.0,,0.0
175,5,6.00,7,16.45,20.33,19.37,0.0,0.00,0.0,-0.0,,0.0
175,6,6.00,7,16.19,19.89,19.02,0.0,0.00,0.0,-0.0,,0.0
175,7,6.00,7,16.07,19.48,18.69,0.0,0.00,0.0,-0.0,,0.0
175,8,6.00,7,15.90,20.67,20.78,1096.6,15.20,0.0,0.0,,1096.6
175,9,6.00,7,16.86,21.76,21.67,0.0,46.30,0.0,0.0,,0.0
175,10,6.00,7,16.70,22.68,22.55,0.0,94.03,0.0,0.0,,0.0
175,11,6.00,7,18.37,23.88,23.76,0.0,154.37,0.0,0.0,,0.0
175,12,6.00,7,18.71,25.06,24.94,0.0,195.15,0.0,0.0,,0.0
175,13,6.00,7,18.91,26.14,25.78,-360.82,209.05,0.0,0.0,,-360.82
175,14,6.00,7,19.00,27.12,25.78,-1535.68,205.01,0.0,0.0,,-1535.68
175,15,6.00,7,18.71,27.90,25.78,-1756.8,190.86,0.0,0.0,,-1756.8
175,16,6.00,7,18.27,28.45,25.78,-1720.52,160.73,0.0,0.0,,-1720.52
175,17,6.00,7,17.81,28.80,25.78,-1560.79,124.88,0.0,0.0,,-1560.79
175,18,6.00,7,16.93,28.72,25.78,-1001.29,47.93,0.0,0.0,,-1001.29
175,19,6.00,7,15.80,27.36,24.91,0.0,0.00,0.0,0.0,,0.0
175,20,6.00,7,15.22,26.09,23.93,0.0,0.00,0.0,0.0,,0.0
175,21,6.00,7,14.92,24.94,23.01,0.0,0.00,0.0,0.0,,0.0
175,22,6.00,7,14.78,23.92,22.17,0.0,0.00,0.0,0.0,,0.0
175,23,6.00,7,14.50,22.98,21.40,0.0,0.00,0.0,0.0,,0.0
175,24,6.00,7,14.38,22.12,20.69,0.0,0.00,0.0,0.0,,0.0
175,1,7.00,7,16.01,21.54,20.24,0.0,0.00,0.0,0.0,,0.0
175,2,7.00,7,15.73,20.96,19.78,0.0,0.00,0.0,0.0,,0.0
175,3,7.00,7,15.55,20.41,19.34,0.0,0.00,0.0,0.0,,0.0
175,4,7.00,7,15.30,19.88,18.91,0.0,0.00,0.0,0.0,,0.0
175,5,7.00,7,15.18,19.39,18.51,0.0,0.00,0.0,0.0,,0.0
175,6,7.00,7,14.94,18.92,18.13,0.0,0.00,0.0,0.0,,0.0
175,7,7.00,7,14.59,18.46,17.74,0.0,0.00,0.0,0.0,,0.0
175,8,7.00,7,14.21,19.54,20.78,2605.91,15.20,0.0,0.0,,2605.91
175,9,7.00,7,15.16,20.55,21.17,0.0,46.30,0.0,0.0,,0.0
175,10,7.00,7,16.44,21.66,22.08,0.0,94.03,0.0,0.0,,0.0
175,11,7.00,7,18.29,23.02,23.35,0.0,154.37,0.0,0.0,,0.0
175,12,7.00,7,19.37,24.45,24.72,0.0,195.15,0.0,0.0,,0.0
175,13,7.00,7,19.97,25.78,25.78,-329.01,209.05,0.0,0.0,,-329.01
175,14,7.00,7,20.62,27.07,25.78,-1885.23,205.01,0.0,0.0,,-1885.23
175,15,7.00,7,20.44,28.10,25.78,-2189.66,190.86,0.0,0.0,,-2189.66
175,16,7.00,7,20.15,28.89,25.78,-2219.03,160.73,0.0,0.0,,-2219.03
175,17,7.00,7,19.59,29.41,25.78,-2050.64,124.88,0.0,0.0,,-2050.64
175,18,7.00,7,18.81,29.50,25.78,-1520.39,47.93,0.0,0.0,,-1520.39
175,19,7.00,7,17.98,28.25,25.20,0.0,0.00,0.0,0.0,,0.0
175,20,7.00,7,17.48,27.10,24.42,0.0,0.00,0.0,0.0,,0.0
175,21,7.00,7,17.28,26.07,23.68,0.0,0.00,0.0,0.0,,0.0
175,22,7.00,7,17.14,25.16,23.00,0.0,0.00,0.0,0.0,,0.0
175,23,7.00,7,16.86,24.31,22.36,0.0,0.00,0.0,0.0,,0.0
175,24,7.00,7,16.65,23.54,21.77,0.0,0.00,0.0,0.0,,0.0
175,1,1.00,7,16.51,22.82,21.22,0.0,0.00,0.0,0.0,,0.0
175,2,1.00,7,16.14,22.14,20.69,0.0,0.00,0.0,0.0,,0.0
175,3,1.00,7,15.79,21.49,20.17,0.0,0.00,0.0,0.0,,0.0
175,4,1.00,7,15.62,20.89,19.69,0.0,0.00,0.0,0.0,,0.0
175,5,1.00,7,15.69,20.35,19.27,0.0,0.00,0.0,0.0,,0.0
175,6,1.00,7,15.54,19.86,18.87,0.0,0.00,0.0,0.0,,0.0
175,7,1.00,7,15.26,19.37,18.48,0.0,0.00,0.0,-0.0,,0.0
175,8,1.00,7,14.98,20.42,20.78,1557.7,15.20,0.0,0.0,,1557.7
175,9,1.00,7,16.01,21.43,21.47,0.0,46.30,0.0,0.0,,0.0
175,10,1.00,7,17.00,22.49,22.45,0.0,94.03,0.0,0.0,,0.0
175,11,1.00,7,18.64,23.77,23.72,0.0,154.37,0.0,0.0,,0.0
175,12,1.00,7,19.58,25.11,25.06,0.0,195.15,0.0,0.0,,0.0
175,13,1.00,7,20.13,26.37,25.78,-766.79,209.05,0.0,0.0,,-766.79
175,14,1.00,7,20.61,27.56,25.78,-1977.62,205.01,0.0,0.0,,-1977.62
175,15,1.00,7,20.39,28.52,25.78,-2223.17,190.86,0.0,0.0,,-2223.17
175,16,1.00,7,20.01,29.23,25.78,-2207.28,160.73,0.0,0.0,,-2207.28
175,17,1.00,7,19.55,29.70,25.78,-2050.29,124.88,0.0,0.0,,-2050.29
175,18,1.00,7,18.78,29.75,25.78,-1517.8,47.93,0.0,0.0,,-1517.8
175,19,1.00,7,17.92,28.48,25.19,0.0,0.00,0.0,0.0,,0.0
175,20,1.00,7,17.48,27.30,24.42,0.0,0.00,0.0,0.0,,0.0
175,21,1.00,7,17.30,26.27,23.68,0.0,0.00,0.0,0.0,,0.0
175,22,1.00,7,17.08,25.33,22.99,0.0,0.00,0.0,0.0,,0.0
175,23,1.00,7,16.79,24.46,22.35,0.0,0.00,0.0,0.0,,0.0
175,24,1.00,7,16.50,23.65,21.74,0.0,0.00,0.0,0.0,,0.0
175,1,2.00,7,16.31,22.91,21.18,0.0,0.00,0.0,0.0,,0.0
175,2,2.00,7,16.03,22.21,20.64,0.0,0.00,0.0,0.0,,0.0
175,3,2.00,7,15.90,21.57,20.14,0.0,0.00,0.0,0.0,,0.0
175,4,2.00,7,15.81,20.98,19.69,0.0,0.00,0.0,0.0,,0.0
175,5,2.00,7,15.81,20.45,19.28,0.0,0.00,0.0,0.0,,0.0
175,6,2.00,7,15.48,19.93,18.87,0.0,0.00,0.0,0.0,,0.0
175,7,2.00,7,15.18,19.43,18.47,0.0,0.00,0.0,-0.0,,0.0
175,8,2.00,7,14.76,20.44,20.78,1624.8,15.20,0.0,0.0,,1624.8
175,9,2.00,7,15.38,21.34,21.35,0.0,46.30,0.0,0.0,,0.0
175,10,2.00,7,16.21,22.28,22.23,0.0,94.03,0.0,0.0,,0.0
175,11,2.00,7,17.81,23.48,23.40,0.0,154.37,0.0,0.0,,0.0
175,12,2.00,7,18.80,24.75,24.68,0.0,195.15,0.0,0.0,,0.0
175,13,2.00,7,19.45,25.98,25.78,-190.41,209.05,0.0,0.0,,-190.41
175,14,2.00,7,19.85,27.12,25.78,-1689.64,205.01,0.0,0.0,,-1689.64
175,15,2.00,7,20.19,28.14,25.78,-2116.13,190.86,0.0,0.0,,-2116.13
175,16,2.00,7,20.00,28.91,25.78,-2173.37,160.73,0.0,0.0,,-2173.37
175,17,2.00,7,19.55,29.43,25.78,-2034.74,124.88,0.0,0.0,,-2034.74
175,18,2.00,7,18.80,29.53,25.78,-1516.41,47.93,0.0,0.0,,-1516.41
175,19,2.00,7,18.26,28.31,25.23,0.0,0.00,0.0,0.0,,0.0
175,20,2.00,7,17.81,27.18,24.48,0.0,0.00,0.0,0.0,,0.0
175,21,2.00,7,17.73,26.20,23.78,0.0,0.00,0.0,0.0,,0.0
175,22,2.00,7,17.67,25.32,23.14,0.0,0.00,0.0,0.0,,0.0
175,23,2.00,7,17.50,24.53,22.56,0.0,0.00,0.0,0.0,,0.0
175,24,2.00,7,17.35,23.80,22.01,0.0,0.00,0.0,0.0,,0.0
175,1,3.00,7,17.33,23.14,21.52,0.0,0.00,0.0,0.0,,0.0
175,2,3.00,7,17.23,22.53,21.07,0.0,0.00,0.0,0.0,,0.0
175,3,3.00,7,17.11,21.97,20.64,0.0,0.00,0.0,0.0,,0.0
175,4,3.00,7,16.97,21.45,20.25,0.0,0.00,0.0,0.0,,0.0
175,5,3.00,7,16.94,20.98,19.88,0.0,0.00,0.0,-0.0,,0.0
175,6,3.00,7,16.79,20.54,19.54,0.0,0.00,0.0,-0.0,,0.0
175,7,3.00,7,16.56,20.11,19.21,0.0,0.00,0.0,-0.0,,0.0
175,8,3.00,7,16.19,21.66,20.84,0.0,15.20,0.0,0.0,,0.0
175,9,3.00,7,16.61,22.95,22.21,0.0,46.30,0.0,0.0,,0.0
175,10,3.00,7,17.18,24.19,23.52,0.0,94.03,0.0,0.0,,0.0
175,11,3.00,7,18.25,25.55,24.94,0.0,154.37,0.0,0.0,,0.0
175,12,3.00,7,18.74,26.96,26.40,0.0,195.15,0.0,0.0,,0.0
175,13,3.00,7,19.39,28.35,27.85,0.0,209.05,0.0,0.0,,0.0
175,14,3.00,7,19.67,29.69,29.23,0.0,205.01,0.0,0.0,,0.0
175,15,3.00,7,19.91,30.91,30.49,0.0,190.86,0.0,0.0,,0.0
175,16,3.00,7,19.66,31.92,31.54,0.0,160.73,0.0,0.0,,0.0
175,17,3.00,7,19.22,32.72,32.38,0.0,124.88,0.0,0.0,,0.0
175,18,3.00,7,18.39,33.10,32.79,0.0,47.93,0.0,0.0,,0.0
175,19,3.00,7,17.60,31.20,30.92,0.0,0.00,0.0,0.0,,0.0
175,20,3.00,7,17.12,29.66,29.40,0.0,0.00,0.0,0.0,,0.0
175,21,3.00,7,17.01,28.35,28.11,0.0,0.00,0.0,0.0,,0.0
175,22,3.00,7,17.08,27.21,27.00,0.0,0.00,0.0,0.0,,0.0
175,23,3.00,7,16.94,26.19,25.99,0.0,0.00,0.0,0.0,,0.0
175,24,3.00,7,16.75,25.24,25.07,0.0,0.00,0.0,0.0,,0.0
175,1,4.00,7,16.66,24.39,24.23,0.0,0.00,0.0,0.0,,0.0
175,2,4.00,7,16.49,23.60,23.45,0.0,0.00,0.0,0.0,,0.0
175,3,4.00,7,16.31,22.86,22.73,0.0,0.00,0.0,0.0,,0.0
175,4,4.00,7,16.15,22.19,22.07,0.0,0.00,0.0,0.0,,0.0
175,5,4.00,7,16.02,21.56,21.45,0.0,0.00,0.0,0.0,,0.0
175,6,4.00,7,15.76,20.96,20.87,0.0,0.00,0.0,0.0,,0.0
175,7,4.00,7,15.53,20.40,20.31,0.0,0.00,0.0,0.0,,0.0
175,8,4.00,7,15.27,21.85,21.77,0.0,15.20,0.0,0.0,,0.0
175,9,4.00,7,16.04,23.08,23.00,0.0,46.30,0.0,0.0,,0.0
175,10,4.00,7,17.00,24.31,24.24,0.0,94.03,0.0,0.0,,0.0
175,11,4.00,7,18.46,25.69,25.63,0.0,154.37,0.0,0.0,,0.0
175,12,4.00,7,19.20,27.14,27.08,0.0,195.15,0.0,0.0,,0.0
175,13,4.00,7,19.73,28.55,28.50,0.0,209.05,0.0,0.0,,0.0
175,14,4.00,7,20.33,29.93,29.88,0.0,205.01,0.0,0.0,,0.0
175,15,4.00,7,20.29,31.16,31.12,0.0,190.86,0.0,0.0,,0.0
175,16,4.00,7,20.15,32.20,32.16,0.0,160.73,0.0,0.0,,0.0
175,17,4.00,7,19.67,33.01,32.98,0.0,124.88,0.0,0.0,,0.0
175,18,4.00,7,19.02,33.42,33.39,0.0,47.93,0.0,0.0,,0.0
175,19,4.00,7,18.39,31.57,31.54,0.0,0.00,0.0,0.0,,0.0
175,20,4.00,7,18.03,30.08,30.05,0.0,0.00,0.0,0.0,,0.0
175,21,4.00,7,18.00,28.83,28.80,0.0,0.00,0.0,0.0,,0.0
175,22,4.00,7,17.98,27.73,27.70,0.0,0.00,0.0,0.0,,0.0
175,23,4.00,7,17.83,26.73,26.71,0.0,0.00,0.0,0.0,,0.0
175,24,4.00,7,17.69,25.83,25.81,0.0,0.00,0.0,0.0,,0.0
175,1,5.00,7,17.59,25.00,24.98,0.0,0.00,0.0,0.0,,0.0
175,2,5.00,7,17.38,24.23,24.22,0.0,0.00,0.0,0.0,,0.0
175,3,5.00,7,17.29,23.53,23.52,0.0,0.00,0.0,0.0,,0.0
175,4,5.00,7,17.17,22.88,22.87,0.0,0.00,0.0,0.0,,0.0
175,5,5.00,7,17.01,22.28,22.27,0.0,0.00,0.0,0.0,,0.0
175,6,5.00,7,16.83,21.72,21.71,0.0,0.00,0.0,0.0,,0.0
175,7,5.00,7,16.47,21.17,21.16,0.0,0.00,0.0,0.0,,0.0
175,8,5.00,7,16.17,22.12,22.11,0.0,15.20,0.0,0.0,,0.0
175,9,5.00,7,16.64,22.95,22.95,0.0,46.30,0.0,0.0,,0.0
175,10,5.00,7,17.27,23.81,23.80,0.0,94.03,0.0,0.0,,0.0
175,11,5.00,7,18.54,24.87,24.87,0.0,154.37,0.0,0.0,,0.0
175,12,5.00,7,18.94,25.95,25.78,-231.58,195.15,0.0,0.0,,-231.58
175,13,5.00,7,19.23,26.95,25.78,-1504.91,209.05,0.0,0.0,,-1504.91
175,14,5.00,7,19.34,27.87,25.78,-1905.33,205.01,0.0,0.0,,-1905.33
175,15,5.00,7,19.14,28.62,25.78,-2014.57,190.86,0.0,0.0,,-2014.57
175,16,5.00,7,18.98,29.18,25.78,-1984.08,160.73,0.0,0.0,,-1984.08
175,17,5.00,7,18.48,29.52,25.78,-1787.22,124.88,0.0,0.0,,-1787.22
175,18,5.00,7,17.80,29.47,25.78,-1261.25,47.93,0.0,0.0,,-1261.25
175,19,5.00,7,17.07,28.17,25.08,0.0,0.00,0.0,0.0,,0.0
175,20,5.00,7,16.70,26.96,24.24,0.0,0.00,0.0,0.0,,0.0
175,21,5.00,7,16.60,25.90,23.45,0.0,0.00,0.0,0.0,,0.0
175,22,5.00,7,16.61,24.96,22.75,0.0,0.00,0.0,0.0,,0.0
175,23,5.00,7,16.50,24.11,22.11,0.0,0.00,0.0,0.0,,0.0
175,24,5.00,7,16.35,23.33,21.52,0.0,0.00,0.0,0.0,,0.0
175,1,6.00,7,16.32,22.62,20.98,0.0,0.00,0.0,0.0,,0.0
175,2,6.00,7,16.24,21.97,20.49,0.0,0.00,0.0,0.0,,0.0
175,3,6.00,7,16.07,21.37,20.02,0.0,0.00,0.0,0.0,,0.0
175,4,6.00,7,15.80,20.80,19.57,0.0,0.00,0.0,0.0,,0.0
175,5,6.00,7,15.71,20.27,19.16,0.0,0.00,0.0,0.0,,0.0
175,6,6.00,7,15.56,19.78,18.77,0.0,0.00,0.0,0.0,,0.0
175,7,6.00,7,15.26,19.30,18.39,0.0,0.00,0.0,-0.0,,0.0
175,8,6.00,7,15.09,20.39,20.78,1635.59,15.20,0.0,0.0,,1635.59
175,9,6.00,7,15.92,21.38,21.44,0.0,46.30,0.0,0.0,,0.0
175,10,6.00,7,16.54,22.36,22.34,0.0,94.03,0.0,0.0,,0.0
175,11,6.00,7,18.02,23.56,23.52,0.0,154.37,0.0,0.0,,0.0
175,12,6.00,7,18.74,24.80,24.76,0.0,195.15,0.0,0.0,,0.0
175,13,6.00,7,19.40,26.01,25.78,-267.29,209.05,0.0,0.0,,-267.29
175,14,6.00,7,19.61,27.10,25.78,-1648.32,205.01,0.0,0.0,,-1648.32
175,15,6.00,7,19.81,28.06,25.78,-2025.13,190.86,0.0,0.0,,-2025.13
175,16,6.00,7,19.49,28.77,25.78,-2042.12,160.73,0.0,0.0,,-2042.12
175,17,6.00,7,19.04,29.24,25.78,-1895.45,124.88,0.0,0.0,,-1895.45
175,18,6.00,7,18.10,29.26,25.78,-1324.61,47.93,0.0,0.0,,-1324.61
175,19,6.00,7,17.16,27.96,25.09,0.0,0.00,0.0,0.0,,0.0
175,20,6.00,7,16.84,26.78,24.26,0.0,0.00,0.0,0.0,,0.0
175,21,6.00,7,16.78,25.74,23.49,0.0,0.00,0.0,0.0,,0.0
175,22,6.00,7,16.77,24.83,22.80,0.0,0.00,0.0,0.0,,0.0
175,23,6.00,7,16.58,24.00,22.16,0.0,0.00,0.0,0.0,,0.0
175,24,6.00,7,16.50,23.24,21.57,0.0,0.00,0.0,0.0,,0.0
175,1,7.00,7,16.56,22.57,21.05,0.0,0.00,0.0,0.0,,0.0
175,2,7.00,7,16.28,21.92,20.55,0.0,0.00,0.0,0.0,,0.0
175,3,7.00,7,15.84,21.30,20.05,0.0,0.00,0.0,0.0,,0.0
175,4,7.00,7,15.60,20.71,19.58,0.0,0.00,0.0,0.0,,0.0
175,5,7.00,7,15.45,20.16,19.14,0.0,0.00,0.0,0.0,,0.0
175,6,7.00,7,15.56,19.69,18.76,0.0,0.00,0.0,-0.0,,0.0
175,7,7.00,7,15.41,19.24,18.40,0.0,0.00,0.0,-0.0,,0.0
175,8,7.00,7,15.10,20.33,20.78,1626.74,15.20,0.0,0.0,,1626.74
175,9,7.00,7,15.60,21.28,21.38,0.0,46.30,0.0,0.0,,0.0
175,10,7.00,7,15.66,22.12,22.14,0.0,94.03,0.0,0.0,,0.0
175,11,7.00,7,17.51,23.29,23.29,0.0,154.37,0.0,0.0,,0.0
175,12,7.00,7,18.41,24.54,24.53,0.0,195.15,0.0,0.0,,0.0
175,13,7.00,7,19.23,25.77,25.76,0.0,209.05,0.0,0.0,,0.0
175,14,7.00,7,19.62,26.91,25.78,-1571.33,205.01,0.0,0.0,,-1571.33
175,15,7.00,7,19.57,27.85,25.78,-1932.41,190.86,0.0,0.0,,-1932.41
175,16,7.00,7,19.26,28.56,25.78,-1962.14,160.73,0.0,0.0,,-1962.14
175,17,7.00,7,18.94,29.05,25.78,-1856.73,124.88,0.0,0.0,,-1856.73
175,18,7.00,7,18.29,29.13,25.78,-1366.66,47.93,0.0,0.0,,-1366.66
175,19,7.00,7,17.56,27.89,25.13,0.0,0.00,0.0,0.0,,0.0
175,20,7.00,7,17.21,26.75,24.33,0.0,0.00,0.0,0.0,,0.0
175,21,7.00,7,17.24,25.76,23.60,0.0,0.00,0.0,0.0,,0.0
175,22,7.00,7,17.40,24.91,22.96,0.0,0.00,0.0,0.0,,0.0
175,23,7.00,7,17.35,24.14,22.38,0.0,0.00,0.0,0.0,,0.0
175,24,7.00,7,17.17,23.43,21.84,0.0,0.00,0.0,0.0,,0.0
175,1,1.00,7,16.99,22.77,21.33,0.0,0.00,0.0,0.0,,0.0
175,2,1.00,7,16.66,22.14,20.83,0.0,0.00,0.0,0.0,,0.0
175,3,1.00,7,16.39,21.55,20.36,0.0,0.00,0.0,0.0,,0.0
175,4,1.00,7,16.22,21.00,19.92,0.0,0.00,0.0,0.0,,0.0
175,5,1.00,7,16.08,20.48,19.50,0.0,0.00,0.0,-0.0,,0.0
175,6,1.00,7,15.95,20.01,19.12,0.0,0.00,0.0,-0.0,,0.0
175,7,1.00,7,16.04,19.59,18.78,0.0,0.00,0.0,-0.0,,0.0
175,8,1.00,7,15.97,20.77,20.78,966.57,15.20,0.0,0.0,,966.57
175,9,1.00,7,16.58,21.80,21.64,0.0,46.30,0.0,0.0,,0.0
175,10,1.00,7,16.71,22.72,22.54,0.0,94.03,0.0,0.0,,0.0
175,11,1.00,7,18.40,23.92,23.75,0.0,154.37,0.0,0.0,,0.0
175,12,1.00,7,18.69,25.09,24.94,0.0,195.15,0.0,0.0,,0.0
175,13,1.00,7,18.75,26.13,25.78,-314.69,209.05,0.0,0.0,,-314.69
175,14,1.00,7,18.75,27.07,25.78,-1468.2,205.01,0.0,0.0,,-1468.2
175,15,1.00,7,18.78,27.88,25.78,-1767.36,190.86,0.0,0.0,,-1767.36
175,16,1.00,7,18.69,28.51,25.78,-1824.81,160.73,0.0,0.0,,-1824.81
175,17,1.00,7,18.39,28.94,25.78,-1713.66,124.88,0.0,0.0,,-1713.66
175,18,1.00,7,17.84,28.99,25.78,-1243.69,47.93,0.0,0.0,,-1243.69
175,19,1.00,7,17.30,27.74,25.10,0.0,0.00,0.0,0.0,,0.0
175,20,1.00,7,17.06,26.61,24.29,0.0,0.00,0.0,0.0,,0.0
175,21,1.00,7,17.13,25.63,23.55,0.0,0.00,0.0,0.0,,0.0
175,22,1.00,7,17.22,24.78,22.90,0.0,0.00,0.0,0.0,,0.0
175,23,1.00,7,17.11,24.00,22.30,0.0,0.00,0.0,0.0,,0.0
175,24,1.00,7,17.04,23.29,21.76,0.0,0.00,0.0,0.0,,0.0
175,1,2.00,7,16.97,22.65,21.26,0.0,0.00,0.0,0.0,,0.0
175,2,2.00,7,16.79,22.05,20.78,0.0,0.00,0.0,0.0,,0.0
175,3,2.00,7,16.55,21.48,20.33,0.0,0.00,0.0,0.0,,0.0
175,4,2.00,7,16.49,20.96,19.92,0.0,0.00,0.0,0.0,,0.0
175,5,2.00,7,16.21,20.46,19.52,0.0,0.00,0.0,-0.0,,0.0
175,6,2.00,7,15.90,19.98,19.12,0.0,0.00,0.0,-0.0,,0.0
175,7,2.00,7,15.95,19.55,18.78,0.0,0.00,0.0,-0.0,,0.0
175,8,2.00,7,15.92,20.73,20.78,987.7,15.20,0.0,0.0,,987.7
175,9,2.00,7,16.70,21.79,21.66,0.0,46.30,0.0,0.0,,0.0
175,10,2.00,7,17.67,22.88,22.72,0.0,94.03,0.0,0.0,,0.0
175,11,2.00,7,18.91,24.12,23.98,0.0,154.37,0.0,0.0,,0.0
175,12,2.00,7,18.91,25.28,25.14,0.0,195.15,0.0,0.0,,0.0
175,13,2.00,7,19.33,26.38,25.78,-688.45,209.05,0.0,0.0,,-688.45
175,14,2.00,7,19.48,27.40,25.78,-1712.77,205.01,0.0,0.0,,-1712.77
175,15,2.00,7,19.47,28.26,25.78,-1982.49,190.86,0.0,0.0,,-1982.49
175,16,2.00,7,19.36,28.93,25.78,-2025.52,160.73,0.0,0.0,,-2025.52
175,17,2.00,7,18.93,29.36,25.78,-1876.64,124.88,0.0,0.0,,-1876.64
175,18,2.00,7,18.28,29.40,25.78,-1374.29,47.93,0.0,0.0,,-1374.29
175,19,2.00,7,17.56,28.14,25.14,0.0,0.00,0.0,0.0,,0.0
175,20,2.00,7,17.20,26.98,24.34,0.0,0.00,0.0,0.0,,0.0
175,21,2.00,7,17.18,25.96,23.60,0.0,0.00,0.0,0.0,,0.0
175,22,2.00,7,17.17,25.07,22.94,0.0,0.00,0.0,0.0,,0.0
175,23,2.00,7,17.06,24.26,22.33,0.0,0.00,0.0,0.0,,0.0
175,24,2.00,7,16.88,23.51,21.76,0.0,0.00,0.0,0.0,,0.0
175,1,3.00,7,16.70,22.82,21.23,0.0,0.00,0.0,0.0,,0.0
175,2,3.00,7,16.51,22.17,20.74,0.0,0.00,0.0,0.0,,0.0
175,3,3.00,7,16.41,21.58,20.28,0.0,0.00,0.0,0.0,,0.0
175,4,3.00,7,16.37,21.04,19.86,0.0,0.00,0.0,0.0,,0.0
175,5,3.00,7,16.34,20.56,19.48,0.0,0.00,0.0,-0.0,,0.0
175,6,3.00,7,16.14,20.09,19.12,0.0,0.00,0.0,-0.0,,0.0
175,7,3.00,7,16.20,19.68,18.80,0.0,0.00,0.0,-0.0,,0.0
175,8,3.00,7,16.13,21.28,20.47,0.0,15.20,0.0,0.0,,0.0
175,9,3.00,7,16.64,22.61,21.88,0.0,46.30,0.0,0.0,,0.0
175,10,3.00,7,16.54,23.81,23.15,0.0,94.03,0.0,0.0,,0.0
175,11,3.00,7,17.68,25.15,24.55,0.0,154.37,0.0,0.0,,0.0
175,12,3.00,7,18.27,26.55,26.01,0.0,195.15,0.0,0.0,,0.0
175,13,3.00,7,18.68,27.91,27.42,0.0,209.05,0.0,0.0,,0.0
175,14,3.00,7,18.70,29.19,28.74,0.0,205.01,0.0,0.0,,0.0
175,15,3.00,7,18.47,30.31,29.90,0.0,190.86,0.0,0.0,,0.0
175,16,3.00,7,18.23,31.24,30.88,0.0,160.73,0.0,0.0,,0.0
175,17,3.00,7,18.08,32.01,31.67,0.0,124.88,0.0,0.0,,0.0
175,18,3.00,7,17.52,32.38,32.07,0.0,47.93,0.0,0.0,,0.0
175,19,3.00,7,17.00,30.50,30.22,0.0,0.00,0.0,0.0,,0.0
175,20,3.00,7,16.69,28.99,28.74,0.0,0.00,0.0,0.0,,0.0
175,21,3.00,7,16.70,27.72,27.49,0.0,0.00,0.0,0.0,,0.0
175,22,3.00,7,16.86,26.63,26.42,0.0,0.00,0.0,0.0,,0.0
175,23,3.00,7,16.99,25.67,25.48,0.0,0.00,0.0,0.0,,0.0
175,24,3.00,7,16.94,24.80,24.63,0.0,0.00,0.0,0.0,,0.0
175,1,4.00,7,17.02,24.02,23.87,0.0,0.00,0.0,0.0,,0.0
175,2,4.00,7,17.02,23.32,23.18,0.0,0.00,0.0,0.0,,0.0
175,3,4.00,7,17.08,22.69,22.56,0.0,0.00,0.0,0.0,,0.0
175,4,4.00,7,16.98,22.11,21.99,0.0,0.00,0.0,0.0,,0.0
175,5,4.00,7,16.92,21.57,21.47,0.0,0.00,0.0,0.0,,0.0
175,6,4.00,7,16.68,21.06,20.97,0.0,0.00,0.0,0.0,,0.0
175,7,4.00,7,16.51,20.58,20.50,0.0,0.00,0.0,0.0,,0.0
175,8,4.00,7,16.15,22.09,22.01,0.0,15.20,0.0,0.0,,0.0
175,9,4.00,7,16.52,23.33,23.26,0.0,46.30,0.0,0.0,,0.0
175,10,4.00,7,17.75,24.60,24.54,0.0,94.03,0.0,0.0,,0.0
175,11,4.00,7,18.75,25.97,25.91,0.0,154.37,0.0,0.0,,0.0
175,12,4.00,7,19.44,27.41,27.36,0.0,195.15,0.0,0.0,,0.0
175,13,4.00,7,20.36,28.86,28.81,0.0,209.05,0.0,0.0,,0.0
175,14,4.00,7,20.68,30.24,30.20,0.0,205.01,0.0,0.0,,0.0
175,15,4.00,7,20.55,31.46,31.42,0.0,190.86,0.0,0.0,,0.0
175,16,4.00,7,20.27,32.48,32.44,0.0,160.73,0.0,0.0,,0.0
175,17,4.00,7,19.70,33.26,33.23,0.0,124.88,0.0,0.0,,0.0
175,18,4.00,7,18.98,33.64,33.61,0.0,47.93,0.0,0.0,,0.0
175,19,4.00,7,18.28,31.76,31.73,0.0,0.00,0.0,0.0,,0.0
175,20,4.00,7,17.73,30.22,30.19,0.0,0.00,0.0,0.0,,0.0
175,21,4.00,7,17.47,28.89,28.87,0.0,0.00,0.0,0.0,,0.0
175,22,4.00,7,17.44,27.73,27.71,0.0,0.00,0.0,0.0,,0.0
175,23,4.00,7,17.17,26.68,26.66,0.0,0.00,0.0,0.0,,0.0
175,24,4.00,7,16.85,25.69,25.67,0.0,0.00,0.0,0.0,,0.0
175,1,5.00,7,16.64,24.79,24.77,0.0,0.00,0.0,0.0,,0.0
175,2,5.00,7,16.36,23.94,23.93,0.0,0.00,0.0,0.0,,0.0
175,3,5.00,7,16.16,23.16,23.15,0.0,0.00,0.0,0.0,,0.0
175,4,5.00,7,15.91,22.43,22.42,0.0,0.00,0.0,0.0,,0.0
175,5,5.00,7,15.58,21.73,21.72,0.0,0.00,0.0,0.0,,0.0
175,6,5.00,7,15.01,21.04,21.03,0.0,0.00,0.0,0.0,,0.0
175,7,5.00,7,14.84,20.41,20.40,0.0,0.00,0.0,0.0,,0.0
175,8,5.00,7,14.68,21.25,21.24,0.0,15.20,0.0,0.0,,0.0
175,9,5.00,7,15.45,22.05,22.04,0.0,46.30,0.0,0.0,,0.0
175,10,5.00,7,16.63,22.98,22.97,0.0,94.03,0.0,0.0,,0.0
175,11,5.00,7,17.70,24.04,24.03,0.0,154.37,0.0,0.0,,0.0
175,12,5.00,7,18.54,25.19,25.19,0.0,195.15,0.0,0.0,,0.0
175,13,5.00,7,19.16,26.31,25.78,-746.39,209.05,0.0,0.0,,-746.39
175,14,5.00,7,19.60,27.38,25.78,-1782.54,205.01,0.0,0.0,,-1782.54
175,15,5.00,7,19.75,28.29,25.78,-2080.73,190.86,0.0,0.0,,-2080.73
175,16,5.00,7,19.66,29.00,25.78,-2120.94,160.73,0.0,0.0,,-2120.94
175,17,5.00,7,19.24,29.47,25.78,-1969.96,124.88,0.0,0.0,,-1969.96
175,18,5.00,7,18.90,29.59,25.78,-1545.28,47.93,0.0,0.0,,-1545.28
175,19,5.00,7,18.34,28.38,25.24,0.0,0.00,0.0,0.0,,0.0
175,20,5.00,7,17.95,27.26,24.51,0.0,0.00,0.0,0.0,,0.0
175,21,5.00,7,17.80,26.28,23.81,0.0,0.00,0.0,0.0,,0.0
175,22,5.00,7,17.81,25.41,23.19,0.0,0.00,0.0,0.0,,0.0
175,23,5.00,7,17.78,24.63,22.62,0.0,0.00,0.0,0.0,,0.0
175,24,5.00,7,17.93,23.95,22.13,0.0,0.00,0.0,0.0,,0.0
175,1,6.00,7,18.10,23.36,21.71,0.0,0.00,0.0,0.0,,0.0
175,2,6.00,7,18.42,22.85,21.35,0.0,0.00,0.0,-0.0,,0.0
175,3,6.00,7,18.39,22.39,21.03,0.0,0.00,0.0,-0.0,,0.0
175,4,6.00,7,18.31,21.95,20.72,0.0,0.00,0.0,-0.0,,0.0
175,5,6.00,7,17.83,21.51,20.39,0.0,0.00,0.0,-0.0,,0.0
175,6,6.00,7,17.43,21.06,20.05,0.0,0.00,0.0,-0.0,,0.0
175,7,6.00,7,17.43,20.67,19.74,0.0,0.00,0.0,-0.0,,0.0
175,8,6.00,7,17.44,21.90,21.13,0.0,15.20,0.0,0.0,,0.0
175,9,6.00,7,18.09,22.98,22.32,0.0,46.30,0.0,0.0,,0.0
175,10,6.00,7,18.70,24.03,23.46,0.0,94.03,0.0,0.0,,0.0
175,11,6.00,7,19.23,25.12,24.63,0.0,154.37,0.0,0.0,,0.0
175,12,6.00,7,19.62,26.24,25.78,-42.59,195.15,0.0,0.0,,-42.59
175,13,6.00,7,19.91,27.29,25.78,-1577.09,209.05,0.0,0.0,,-1577.09
175,14,6.00,7,19.78,28.21,25.78,-1972.68,205.01,0.0,0.0,,-1972.68
175,15,6.00,7,19.54,28.95,25.78,-2095.21,190.86,0.0,0.0,,-2095.21
175,16,6.00,7,19.06,29.46,25.78,-1997.05,160.73,0.0,0.0,,-1997.05
175,17,6.00,7,18.67,29.79,25.78,-1830.4,124.88,0.0,0.0,,-1830.4
175,18,6.00,7,17.90,29.71,25.78,-1286.35,47.93,0.0,0.0,,-1286.35
175,19,6.00,7,17.03,28.38,25.08,0.0,0.00,0.0,0.0,,0.0
175,20,6.00,7,16.47,27.13,24.21,0.0,0.00,0.0,0.0,,0.0
175,21,6.00,7,16.18,26.00,23.38,0.0,0.00,0.0,0.0,,0.0
175,22,6.00,7,16.15,25.01,22.64,0.0,0.00,0.0,0.0,,0.0
175,23,6.00,7,16.07,24.11,21.97,0.0,0.00,0.0,0.0,,0.0
175,24,6.00,7,15.71,23.27,21.33,0.0,0.00,0.0,0.0,,0.0
175,1,7.00,7,15.50,22.48,20.72,0.0,0.00,0.0,0.0,,0.0
175,2,7.00,7,15.04,21.73,20.13,0.0,0.00,0.0,0.0,,0.0
175,3,7.00,7,14.65,21.01,19.56,0.0,0.00,0.0,0.0,,0.0
175,4,7.00,7,14.38,20.34,19.02,0.0,0.00,0.0,0.0,,0.0
175,5,7.00,7,14.13,19.70,18.51,0.0,0.00,0.0,0.0,,0.0
175,6,7.00,7,14.07,19.13,18.05,0.0,0.00,0.0,0.0,,0.0
175,7,7.00,7,13.77,18.58,17.60,0.0,0.00,0.0,0.0,,0.0
175,8,7.00,7,13.35,19.49,20.78,2972.23,15.20,0.0,0.0,,2972.23
175,9,7.00,7,13.19,20.19,20.78,0.0,46.30,0.0,0.0,,0.0
175,10,7.00,7,14.20,21.02,21.40,0.0,94.03,0.0,0.0,,0.0
175,11,7.00,7,15.98,22.14,22.44,0.0,154.37,0.0,0.0,,0.0
175,12,7.00,7,17.46,23.45,23.69,0.0,195.15,0.0,0.0,,0.0
175,13,7.00,7,18.96,24.83,25.03,0.0,209.05,0.0,0.0,,0.0
175,14,7.00,7,19.70,26.14,25.78,-748.6,205.01,0.0,0.0,,-748.6
175,15,7.00,7,20.32,27.33,25.78,-1928.13,190.86,0.0,0.0,,-1928.13
175,16,7.00,7,20.22,28.26,25.78,-2124.76,160.73,0.0,0.0,,-2124.76
175,17,7.00,7,19.84,28.91,25.78,-2056.49,124.88,0.0,0.0,,-2056.49
175,18,7.00,7,19.07,29.11,25.78,-1559.52,47.93,0.0,0.0,,-1559.52
175,19,7.00,7,18.41,27.92,25.24,0.0,0.00,0.0,0.0,,0.0
175,20,7.00,7,18.13,26.86,24.52,0.0,0.00,0.0,0.0,,0.0
175,21,7.00,7,18.04,25.93,23.84,0.0,0.00,0.0,0.0,,0.0
175,22,7.00,7,17.99,25.11,23.23,0.0,0.00,0.0,0.0,,0.0
175,23,7.00,7,17.90,24.37,22.67,0.0,0.00,0.0,0.0,,0.0
175,24,7.00,7,17.83,23.70,22.16,0.0,0.00,0.0,0.0,,0.0
175,1,1.00,8,17.93,23.11,21.71,0.0,0.00,0.0,0.0,,0.0
175,2,1.00,8,17.84,22.56,21.30,0.0,0.00,0.0,-0.0,,0.0
175,3,1.00,8,17.60,22.04,20.89,0.0,0.00,0.0,-0.0,,0.0
175,4,1.00,8,17.37,21.55,20.51,0.0,0.00,0.0,-0.0,,0.0
175,5,1.00,8,17.14,21.08,20.13,0.0,0.00,0.0,-0.0,,0.0
175,6,1.00,8,17.13,20.65,19.80,0.0,0.00,0.0,-0.0,,0.0
175,7,1.00,8,17.12,20.27,19.50,0.0,1.91,0.0,-0.0,,0.0
175,8,1.00,8,17.12,21.55,21.23,461.18,26.49,0.0,0.0,,461.18
175,9,1.00,8,17.14,22.57,22.21,0.0,61.32,0.0,0.0,,0.0
175,10,1.00,8,17.08,23.51,23.18,0.0,135.34,0.0,0.0,,0.0
175,11,1.00,8,18.13,24.62,24.33,0.0,171.55,0.0,0.0,,0.0
175,12,1.00,8,18.77,25.75,25.49,0.0,196.24,0.0,0.0,,0.0
175,13,1.00,8,19.72,26.92,26.23,-656.14,203.20,0.0,0.0,,-656.14
175,14,1.00,8,19.60,27.90,26.23,-1672.95,206.40,0.0,0.0,,-1672.95
175,15,1.00,8,19.46,28.72,26.23,-1929.4,207.63,0.0,0.0,,-1929.4
175,16,1.00,8,19.31,29.38,26.23,-1993.52,184.59,0.0,0.0,,-1993.52
175,17,1.00,8,19.24,29.85,26.23,-1914.85,142.69,0.0,0.0,,-1914.85
175,18,1.00,8,18.66,29.96,26.23,-1485.78,71.78,0.0,0.0,,-1485.78
175,19,1.00,8,17.95,28.69,25.61,0.0,0.00,0.0,0.0,,0.0
175,20,1.00,8,17.71,27.52,24.82,0.0,0.00,0.0,0.0,,0.0
175,21,1.00,8,17.57,26.49,24.07,0.0,0.00,0.0,0.0,,0.0
175,22,1.00,8,17.65,25.59,23.41,0.0,0.00,0.0,0.0,,0.0
175,23,1.00,8,17.83,24.81,22.83,0.0,0.00,0.0,0.0,,0.0
175,24,1.00,8,17.92,24.11,22.32,0.0,0.00,0.0,0.0,,0.0
175,1,2.00,8,17.92,23.48,21.86,0.0,0.00,0.0,0.0,,0.0
175,2,2.00,8,17.74,22.89,21.42,0.0,0.00,0.0,-0.0,,0.0
175,3,2.00,8,17.79,22.36,21.03,0.0,0.00,0.0,-0.0,,0.0
175,4,2.00,8,17.80,21.88,20.67,0.0,0.00,0.0,-0.0,,0.0
175,5,2.00,8,17.49,21.42,20.32,0.0,0.00,0.0,-0.0,,0.0
175,6,2.00,8,16.93,20.93,19.94,0.0,0.00,0.0,-0.0,,0.0
175,7,2.00,8,16.52,20.46,19.56,0.0,1.91,0.0,-0.0,,0.0
175,8,2.00,8,16.11,21.54,21.23,635.99,26.49,0.0,0.0,,635.99
175,9,2.00,8,16.42,22.45,22.08,0.0,61.32,0.0,0.0,,0.0
175,10,2.00,8,17.40,23.51,23.16,0.0,135.34,0.0,0.0,,0.0
175,11,2.00,8,18.41,24.67,24.36,0.0,171.55,0.0,0.0,,0.0
175,12,2.00,8,18.88,25.80,25.53,0.0,196.24,0.0,0.0,,0.0
175,13,2.00,8,19.36,26.89,26.23,-599.04,203.20,0.0,0.0,,-599.04
175,14,2.00,8,19.45,27.86,26.23,-1634.25,206.40,0.0,0.0,,-1634.25
175,15,2.00,8,19.30,28.66,26.23,-1885.79,207.63,0.0,0.0,,-1885.79
175,16,2.00,8,19.04,29.29,26.23,-1922.93,184.59,0.0,0.0,,-1922.93
175,17,2.00,8,18.75,29.70,26.23,-1783.96,142.69,0.0,0.0,,-1783.96
175,18,2.00,8,18.14,29.75,26.23,-1342.26,71.78,0.0,0.0,,-1342.26
175,19,2.00,8,17.47,28.47,25.55,0.0,0.00,0.0,0.0,,0.0
175,20,2.00,8,17.15,27.27,24.71,0.0,0.00,0.0,0.0,,0.0
175,21,2.00,8,16.95,26.20,23.91,0.0,0.00,0.0,0.0,,0.0
175,22,2.00,8,17.01,25.27,23.20,0.0,0.00,0.0,0.0,,0.0
175,23,2.00,8,17.26,24.47,22.59,0.0,0.00,0.0,0.0,,0.0
175,24,2.00,8,17.43,23.76,22.06,0.0,0.00,0.0,0.0,,0.0
175,1,3.00,8,17.42,23.12,21.58,0.0,0.00,0.0,0.0,,0.0
175,2,3.00,8,17.29,22.52,21.12,0.0,0.00,0.0,0.0,,0.0
175,3,3.00,8,17.04,21.95,20.69,0.0,0.00,0.0,-0.0,,0.0
175,4,3.00,8,17.07,21.44,20.29,0.0,0.00,0.0,-0.0,,0.0
175,5,3.00,8,16.79,20.95,19.91,0.0,0.00,0.0,-0.0,,0.0
175,6,3.00,8,16.46,20.48,19.53,0.0,0.00,0.0,-0.0,,0.0
175,7,3.00,8,16.35,20.04,19.18,0.0,1.91,0.0,-0.0,,0.0
175,8,3.00,8,16.20,21.63,20.85,0.0,26.49,0.0,0.0,,0.0
175,9,3.00,8,16.77,22.99,22.28,0.0,61.32,0.0,0.0,,0.0
175,10,3.00,8,17.08,24.32,23.68,0.0,135.34,0.0,0.0,,0.0
175,11,3.00,8,17.77,25.70,25.12,0.0,171.55,0.0,0.0,,0.0
175,12,3.00,8,17.88,27.05,26.52,0.0,196.24,0.0,0.0,,0.0
175,13,3.00,8,18.40,28.38,27.90,0.0,203.20,0.0,0.0,,0.0
175,14,3.00,8,18.55,29.63,29.19,0.0,206.40,0.0,0.0,,0.0
175,15,3.00,8,18.27,30.73,30.33,0.0,207.63,0.0,0.0,,0.0
175,16,3.00,8,18.23,31.69,31.33,0.0,184.59,0.0,0.0,,0.0
175,17,3.00,8,17.89,32.44,32.11,0.0,142.69,0.0,0.0,,0.0
175,18,3.00,8,17.34,32.83,32.54,0.0,71.78,0.0,0.0,,0.0
175,19,3.00,8,16.78,30.90,30.63,0.0,0.00,0.0,0.0,,0.0
175,20,3.00,8,16.54,29.34,29.09,0.0,0.00,0.0,0.0,,0.0
175,21,3.00,8,16.61,28.02,27.80,0.0,0.00,0.0,0.0,,0.0
175,22,3.00,8,16.72,26.89,26.69,0.0,0.00,0.0,0.0,,0.0
175,23,3.00,8,16.77,25.88,25.70,0.0,0.00,0.0,0.0,,0.0
175,24,3.00,8,16.61,24.96,24.79,0.0,0.00,0.0,0.0,,0.0
175,1,4.00,8,16.73,24.14,23.99,0.0,0.00,0.0,0.0,,0.0
175,2,4.00,8,16.79,23.41,23.27,0.0,0.00,0.0,0.0,,0.0
175,3,4.00,8,16.59,22.72,22.59,0.0,0.00,0.0,0.0,,0.0
175,4,4.00,8,16.60,22.10,21.98,0.0,0.00,0.0,0.0,,0.0
175,5,4.00,8,16.29,21.50,21.40,0.0,0.00,0.0,0.0,,0.0
175,6,4.00,8,16.17,20.95,20.86,0.0,0.00,0.0,0.0,,0.0
175,7,4.00,8,16.07,20.45,20.36,0.0,1.91,0.0,0.0,,0.0
175,8,4.00,8,16.17,22.01,21.93,0.0,26.49,0.0,0.0,,0.0
175,9,4.00,8,16.48,23.30,23.23,0.0,61.32,0.0,0.0,,0.0
175,10,4.00,8,16.78,24.57,24.51,0.0,135.34,0.0,0.0,,0.0
175,11,4.00,8,17.50,25.91,25.85,0.0,171.55,0.0,0.0,,0.0
175,12,4.00,8,17.92,27.24,27.19,0.0,196.24,0.0,0.0,,0.0
175,13,4.00,8,18.29,28.55,28.50,0.0,203.20,0.0,0.0,,0.0
175,14,4.00,8,18.28,29.75,29.71,0.0,206.40,0.0,0.0,,0.0
175,15,4.00,8,18.08,30.82,30.78,0.0,207.63,0.0,0.0,,0.0
175,16,4.00,8,18.08,31.77,31.73,0.0,184.59,0.0,0.0,,0.0
175,17,4.00,8,17.64,32.48,32.45,0.0,142.69,0.0,0.0,,0.0
175,18,4.00,8,17.08,32.85,32.82,0.0,71.78,0.0,0.0,,0.0
175,19,4.00,8,16.63,30.90,30.87,0.0,0.00,0.0,0.0,,0.0
175,20,4.00,8,16.48,29.34,29.31,0.0,0.00,0.0,0.0,,0.0
175,21,4.00,8,16.43,28.01,27.98,0.0,0.00,0.0,0.0,,0.0
175,22,4.00,8,16.49,26.85,26.83,0.0,0.00,0.0,0.0,,0.0
175,23,4.00,8,16.78,25.85,25.83,0.0,0.00,0.0,0.0,,0.0
175,24,4.00,8,16.89,24.96,24.95,0.0,0.00,0.0,0.0,,0.0
175,1,5.00,8,16.92,24.17,24.15,0.0,0.00,0.0,0.0,,0.0
175,2,5.00,8,16.96,23.45,23.43,0.0,0.00,0.0,0.0,,0.0
175,3,5.00,8,16.95,22.79,22.78,0.0,0.00,0.0,0.0,,0.0
175,4,5.00,8,17.11,22.22,22.20,0.0,0.00,0.0,0.0,,0.0
175,5,5.00,8,17.31,21.71,21.70,0.0,0.00,0.0,0.0,,0.0
175,6,5.00,8,17.48,21.28,21.27,0.0,0.00,0.0,0.0,,0.0
175,7,5.00,8,17.40,20.87,20.86,0.0,1.91,0.0,0.0,,0.0
175,8,5.00,8,17.08,22.04,22.03,0.0,26.49,0.0,0.0,,0.0
175,9,5.00,8,17.02,22.96,22.95,0.0,61.32,0.0,0.0,,0.0
175,10,5.00,8,16.48,23.75,23.74,0.0,135.34,0.0,0.0,,0.0
175,11,5.00,8,17.10,24.66,24.66,0.0,171.55,0.0,0.0,,0.0
175,12,5.00,8,17.75,25.64,25.63,0.0,196.24,0.0,0.0,,0.0
175,13,5.00,8,17.81,26.52,26.23,-407.36,203.20,0.0,0.0,,-407.36
175,14,5.00,8,18.45,27.42,26.23,-1427.58,206.40,0.0,0.0,,-1427.58
175,15,5.00,8,18.36,28.17,26.23,-1661.88,207.63,0.0,0.0,,-1661.88
175,16,5.00,8,18.48,28.81,26.23,-1777.65,184.59,0.0,0.0,,-1777.65
175,17,5.00,8,18.01,29.19,26.23,-1591.01,142.69,0.0,0.0,,-1591.01
175,18,5.00,8,17.73,29.27,26.23,-1226.43,71.78,0.0,0.0,,-1226.43
175,19,5.00,8,16.94,27.98,25.48,0.0,0.00,0.0,0.0,,0.0
175,20,5.00,8,16.49,26.77,24.58,0.0,0.00,0.0,0.0,,0.0
175,21,5.00,8,16.29,25.69,23.72,0.0,0.00,0.0,0.0,,0.0
175,22,5.00,8,16.10,24.71,22.94,0.0,0.00,0.0,0.0,,0.0
175,23,5.00,8,16.10,23.85,22.25,0.0,0.00,0.0,0.0,,0.0
175,24,5.00,8,16.04,23.06,21.61,0.0,0.00,0.0,0.0,,0.0
175,1,6.00,8,16.26,22.38,21.07,0.0,0.00,0.0,0.0,,0.0
175,2,6.00,8,16.41,21.78,20.59,0.0,0.00,0.0,0.0,,0.0
175,3,6.00,8,16.39,21.23,20.15,0.0,0.00,0.0,0.0,,0.0
175,4,6.00,8,15.93,20.68,19.70,0.0,0.00,0.0,0.0,,0.0
175,5,6.00,8,15.91,20.18,19.29,0.0,0.00,0.0,-0.0,,0.0
175,6,6.00,8,16.18,19.77,18.96,0.0,0.00,0.0,-0.0,,0.0
175,7,6.00,8,16.20,19.39,18.66,0.0,1.91,0.0,-0.0,,0.0
175,8,6.00,8,16.11,20.65,21.23,1679.86,26.49,0.0,0.0,,1679.86
175,9,6.00,8,16.43,21.70,21.91,0.0,61.32,0.0,0.0,,0.0
175,10,6.00,8,17.71,22.92,23.02,0.0,135.34,0.0,0.0,,0.0
175,11,6.00,8,18.80,24.22,24.29,0.0,171.55,0.0,0.0,,0.0
175,12,6.00,8,19.72,25.55,25.60,0.0,196.24,0.0,0.0,,0.0
175,13,6.00,8,19.22,26.62,26.23,-603.53,203.20,0.0,0.0,,-603.53
175,14,6.00,8,19.72,27.66,26.23,-1696.56,206.40,0.0,0.0,,-1696.56
175,15,6.00,8,19.65,28.55,26.23,-1973.42,207.63,0.0,0.0,,-1973.42
175,16,6.00,8,19.73,29.29,26.23,-2100.57,184.59,0.0,0.0,,-2100.57
175,17,6.00,8,19.10,29.74,26.23,-1886.73,142.69,0.0,0.0,,-1886.73
175,18,6.00,8,18.49,29.83,26.23,-1441.68,71.78,0.0,0.0,,-1441.68
175,19,6.00,8,17.82,28.56,25.60,0.0,0.00,0.0,0.0,,0.0
175,20,6.00,8,17.50,27.39,24.78,0.0,0.00,0.0,0.0,,0.0
175,21,6.00,8,17.31,26.34,24.01,0.0,0.00,0.0,0.0,,0.0
175,22,6.00,8,17.31,25.42,23.32,0.0,0.00,0.0,0.0,,0.0
175,23,6.00,8,17.06,24.57,22.67,0.0,0.00,0.0,0.0,,0.0
175,24,6.00,8,16.76,23.78,22.06,0.0,0.00,0.0,0.0,,0.0
175,1,7.00,8,16.23,23.01,21.45,0.0,0.00,0.0,0.0,,0.0
175,2,7.00,8,15.63,22.25,20.84,0.0,0.00,0.0,0.0,,0.0
175,3,7.00,8,15.15,21.52,20.24,0.0,0.00,0.0,0.0,,0.0
175,4,7.00,8,14.78,20.83,19.67,0.0,0.00,0.0,0.0,,0.0
175,5,7.00,8,14.32,20.16,19.11,0.0,0.00,0.0,0.0,,0.0
175,6,7.00,8,13.99,19.53,18.57,0.0,0.00,0.0,0.0,,0.0
175,7,7.00,8,13.54,18.91,18.04,0.0,1.91,0.0,0.0,,0.0
175,8,7.00,8,13.14,19.77,21.23,3086.7,26.49,0.0,0.0,,3086.7
175,9,7.00,8,14.03,20.63,21.35,0.0,61.32,0.0,0.0,,0.0
175,10,7.00,8,15.82,21.76,22.25,0.0,135.34,0.0,0.0,,0.0
175,11,7.00,8,17.40,23.07,23.45,0.0,171.55,0.0,0.0,,0.0
175,12,7.00,8,18.16,24.35,24.66,0.0,196.24,0.0,0.0,,0.0
175,13,7.00,8,18.70,25.56,25.83,0.0,203.20,0.0,0.0,,0.0
175,14,7.00,8,19.48,26.75,26.23,-1054.96,206.40,0.0,0.0,,-1054.96
175,15,7.00,8,19.56,27.76,26.23,-1786.23,207.63,0.0,0.0,,-1786.23
175,16,7.00,8,19.62,28.61,26.23,-1990.11,184.59,0.0,0.0,,-1990.11
175,17,7.00,8,19.07,29.14,26.23,-1834.61,142.69,0.0,0.0,,-1834.61
175,18,7.00,8,18.47,29.31,26.23,-1412.4,71.78,0.0,0.0,,-1412.4
175,19,7.00,8,17.76,28.08,25.58,0.0,0.00,0.0,0.0,,0.0
175,20,7.00,8,17.40,26.93,24.75,0.0,0.00,0.0,0.0,,0.0
175,21,7.00,8,17.35,25.93,23.99,0.0,0.00,0.0,0.0,,0.0
175,22,7.00,8,17.40,25.06,23.31,0.0,0.00,0.0,0.0,,0.0
175,23,7.00,8,17.28,24.27,22.69,0.0,0.00,0.0,0.0,,0.0
175,24,7.00,8,16.91,23.51,22.08,0.0,0.00,0.0,0.0,,0.0
175,1,1.00,8,16.79,22.83,21.53,0.0,0.00,0.0,0.0,,0.0
175,2,1.00,8,16.53,22.18,21.01,0.0,0.00,0.0,0.0,,0.0
175,3,1.00,8,16.17,21.56,20.49,0.0,0.00,0.0,0.0,,0.0
175,4,1.00,8,16.07,20.99,20.02,0.0,0.00,0.0,0.0,,0.0
175,5,1.00,8,15.81,20.45,19.57,0.0,0.00,0.0,0.0,,0.0
175,6,1.00,8,15.87,19.98,19.18,0.0,0.00,0.0,0.0,,0.0
175,7,1.00,8,15.75,19.53,18.81,0.0,1.91,0.0,0.0,,0.0
175,8,1.00,8,15.80,20.72,21.23,1566.16,26.49,0.0,0.0,,1566.16
175,9,1.00,8,16.47,21.79,21.95,0.0,61.32,0.0,0.0,,0.0
175,10,1.00,8,17.49,22.95,23.02,0.0,135.34,0.0,0.0,,0.0
175,11,1.00,8,18.65,24.23,24.27,0.0,171.55,0.0,0.0,,0.0
175,12,1.00,8,19.09,25.45,25.48,0.0,196.24,0.0,0.0,,0.0
175,13,1.00,8,19.10,26.53,26.23,-460.49,203.20,0.0,0.0,,-460.49
175,14,1.00,8,19.42,27.55,26.23,-1600.38,206.40,0.0,0.0,,-1600.38
175,15,1.00,8,19.27,28.39,26.23,-1865.28,207.63,0.0,0.0,,-1865.28
175,16,1.00,8,19.20,29.09,26.23,-1955.66,184.59,0.0,0.0,,-1955.66
175,17,1.00,8,18.67,29.50,26.23,-1762.28,142.69,0.0,0.0,,-1762.28
175,18,1.00,8,18.03,29.56,26.23,-1312.16,71.78,0.0,0.0,,-1312.16
175,19,1.00,8,17.25,28.27,25.52,0.0,0.00,0.0,0.0,,0.0
175,20,1.00,8,16.78,27.05,24.64,0.0,0.00,0.0,0.0,,0.0
175,21,1.00,8,16.59,25.97,23.81,0.0,0.00,0.0,0.0,,0.0
175,22,1.00,8,16.48,25.01,23.06,0.0,0.00,0.0,0.0,,0.0
175,23,1.00,8,16.20,24.12,22.36,0.0,0.00,0.0,0.0,,0.0
175,24,1.00,8,15.93,23.29,21.69,0.0,0.00,0.0,0.0,,0.0
175,1,2.00,8,15.72,22.52,21.08,0.0,0.00,0.0,0.0,,0.0
175,2,2.00,8,15.33,21.79,20.48,0.0,0.00,0.0,0.0,,0.0
175,3,2.00,8,14.90,21.09,19.90,0.0,0.00,0.0,0.0,,0.0
175,4,2.00,8,14.54,20.42,19.34,0.0,0.00,0.0,0.0,,0.0
175,5,2.00,8,14.10,19.77,18.79,0.0,0.00,0.0,0.0,,0.0
175,6,2.00,8,13.89,19.17,18.28,0.0,0.00,0.0,0.0,,0.0
175,7,2.00,8,13.79,18.62,17.81,0.0,1.91,0.0,0.0,,0.0
175,8,2.00,8,13.60,19.60,21.23,3245.26,26.49,0.0,0.0,,3245.26
175,9,2.00,8,14.20,20.50,21.34,0.0,61.32,0.0,0.0,,0.0
175,10,2.00,8,15.60,21.60,22.18,0.0,135.34,0.0,0.0,,0.0
175,11,2.00,8,17.60,22.97,23.43,0.0,171.55,0.0,0.0,,0.0
175,12,2.00,8,18.62,24.34,24.72,0.0,196.24,0.0,0.0,,0.0
175,13,2.00,8,18.97,25.59,25.91,0.0,203.20,0.0,0.0,,0.0
175,14,2.00,8,19.35,26.73,26.23,-1103.5,206.40,0.0,0.0,,-1103.5
175,15,2.00,8,19.26,27.69,26.23,-1721.34,207.63,0.0,0.0,,-1721.34
175,16,2.00,8,19.09,28.46,26.23,-1855.57,184.59,0.0,0.0,,-1855.57
175,17,2.00,8,18.52,28.94,26.23,-1684.87,142.69,0.0,0.0,,-1684.87
175,18,2.00,8,17.86,29.05,26.23,-1244.12,71.78,0.0,0.0,,-1244.12
175,19,2.00,8,16.97,27.77,25.48,0.0,0.00,0.0,0.0,,0.0
175,20,2.00,8,16.38,26.55,24.56,0.0,0.00,0.0,0.0,,0.0
175,21,2.00,8,16.16,25.47,23.69,0.0,0.00,0.0,0.0,,0.0
175,22,2.00,8,15.92,24.50,22.89,0.0,0.00,0.0,0.0,,0.0
175,23,2.00,8,15.51,23.59,22.14,0.0,0.00,0.0,0.0,,0.0
175,24,2.00,8,15.03,22.72,21.41,0.0,0.00,0.0,0.0,,0.0
175,1,3.00,8,14.95,21.94,20.75,0.0,0.00,0.0,0.0,,0.0
175,2,3.00,8,14.84,21.23,20.14,0.0,0.00,0.0,0.0,,0.0
175,3,3.00,8,14.62,20.56,19.58,0.0,0.00,0.0,0.0,,0.0
175,4,3.00,8,14.48,19.94,19.05,0.0,0.00,0.0,0.0,,0.0
175,5,3.00,8,14.13,19.34,18.54,0.0,0.00,0.0,0.0,,0.0
175,6,3.00,8,14.15,18.81,18.08,0.0,0.00,0.0,0.0,,0.0
175,7,3.00,8,14.11,18.33,17.67,0.0,1.91,0.0,0.0,,0.0
175,8,3.00,8,14.17,19.91,19.30,0.0,26.49,0.0,0.0,,0.0
175,9,3.00,8,14.61,21.23,20.68,0.0,61.32,0.0,0.0,,0.0
175,10,3.00,8,15.22,22.56,22.06,0.0,135.34,0.0,0.0,,0.0
175,11,3.00,8,16.70,24.03,23.58,0.0,171.55,0.0,0.0,,0.0
175,12,3.00,8,17.27,25.49,25.08,0.0,196.24,0.0,0.0,,0.0
175,13,3.00,8,17.54,26.90,26.52,0.0,203.20,0.0,0.0,,0.0
175,14,3.00,8,17.77,28.21,27.88,0.0,206.40,0.0,0.0,,0.0
175,15,3.00,8,17.65,29.39,29.09,0.0,207.63,0.0,0.0,,0.0
175,16,3.00,8,17.70,30.44,30.16,0.0,184.59,0.0,0.0,,0.0
175,17,3.00,8,17.36,31.25,31.00,0.0,142.69,0.0,0.0,,0.0
175,18,3.00,8,17.00,31.74,31.51,0.0,71.78,0.0,0.0,,0.0
175,19,3.00,8,16.38,29.87,29.66,0.0,0.00,0.0,0.0,,0.0
175,20,3.00,8,16.03,28.35,28.16,0.0,0.00,0.0,0.0,,0.0
175,21,3.00,8,15.93,27.06,26.89,0.0,0.00,0.0,0.0,,0.0
175,22,3.00,8,15.85,25.93,25.78,0.0,0.00,0.0,0.0,,0.0
175,23,3.00,8,15.66,24.90,24.76,0.0,0.00,0.0,0.0,,0.0
175,24,3.00,8,15.49,23.97,23.84,0.0,0.00,0.0,0.0,,0.0
175,1,4.00,8,15.52,23.13,23.01,0.0,0.00,0.0,0.0,,0.0
175,2,4.00,8,15.29,22.34,22.24,0.0,0.00,0.0,0.0,,0.0
175,3,4.00,8,15.11,21.62,21.52,0.0,0.00,0.0,0.0,,0.0
175,4,4.00,8,15.02,20.95,20.86,0.0,0.00,0.0,0.0,,0.0
175,5,4.00,8,14.89,20.34,20.26,0.0,0.00,0.0,0.0,,0.0
175,6,4.00,8,14.93,19.79,19.71,0.0,0.00,0.0,0.0,,0.0
175,7,4.00,8,14.95,19.29,19.23,0.0,1.91,0.0,0.0,,0.0
175,8,4.00,8,14.62,20.81,20.75,0.0,26.49,0.0,0.0,,0.0
175,9,4.00,8,15.16,22.10,22.04,0.0,61.32,0.0,0.0,,0.0
175,10,4.00,8,14.87,23.30,23.25,0.0,135.34,0.0,0.0,,0.0
175,11,4.00,8,16.19,24.64,24.60,0.0,171.55,0.0,0.0,,0.0
175,12,4.00,8,16.96,26.02,25.98,0.0,196.24,0.0,0.0,,0.0
175,13,4.00,8,17.12,27.33,27.29,0.0,203.20,0.0,0.0,,0.0
175,14,4.00,8,17.08,28.54,28.50,0.0,206.40,0.0,0.0,,0.0
175,15,4.00,8,17.13,29.64,29.61,0.0,207.63,0.0,0.0,,0.0
175,16,4.00,8,17.08,30.61,30.58,0.0,184.59,0.0,0.0,,0.0
175,17,4.00,8,16.72,31.35,31.32,0.0,142.69,0.0,0.0,,0.0
175,18,4.00,8,16.21,31.74,31.72,0.0,71.78,0.0,0.0,,0.0
175,19,4.00,8,15.72,29.82,29.79,0.0,0.00,0.0,0.0,,0.0
175,20,4.00,8,15.33,28.24,28.22,0.0,0.00,0.0,0.0,,0.0
175,21,4.00,8,15.32,26.91,26.89,0.0,0.00,0.0,0.0,,0.0
175,22,4.00,8,15.43,25.76,25.74,0.0,0.00,0.0,0.0,,0.0
175,23,4.00,8,15.33,24.72,24.71,0.0,0.00,0.0,0.0,,0.0
175,24,4.00,8,15.18,23.78,23.76,0.0,0.00,0.0,0.0,,0.0
175,1,5.00,8,15.03,22.91,22.89,0.0,0.00,0.0,0.0,,0.0
175,2,5.00,8,15.12,22.13,22.12,0.0,0.00,0.0,0.0,,0.0
175,3,5.00,8,15.01,21.42,21.41,0.0,0.00,0.0,0.0,,0.0
175,4,5.00,8,15.03,20.78,20.77,0.0,0.00,0.0,0.0,,0.0
175,5,5.00,8,14.84,20.18,20.17,0.0,0.00,0.0,0.0,,0.0
175,6,5.00,8,15.04,19.66,19.65,0.0,0.00,0.0,0.0,,0.0
175,7,5.00,8,14.71,19.15,19.14,0.0,1.91,0.0,0.0,,0.0
175,8,5.00,8,14.65,20.22,21.23,1436.32,26.49,0.0,0.0,,1436.32
175,9,5.00,8,15.37,21.20,21.82,0.0,61.32,0.0,0.0,,0.0
175,10,5.00,8,14.88,22.02,22.50,0.0,135.34,0.0,0.0,,0.0
175,11,5.00,8,15.94,23.04,23.43,0.0,171.55,0.0,0.0,,0.0
175,12,5.00,8,17.81,24.31,24.64,0.0,196.24,0.0,0.0,,0.0
175,13,5.00,8,17.63,25.36,25.65,0.0,203.20,0.0,0.0,,0.0
175,14,5.00,8,17.86,26.33,26.23,-482.38,206.40,0.0,0.0,,-482.38
175,15,5.00,8,17.82,27.15,26.23,-1296.84,207.63,0.0,0.0,,-1296.84
175,16,5.00,8,17.91,27.85,26.23,-1508.02,184.59,0.0,0.0,,-1508.02
175,17,5.00,8,17.33,28.25,26.23,-1345.62,142.69,0.0,0.0,,-1345.62
175,18,5.00,8,16.67,28.30,26.23,-908.57,71.78,0.0,0.0,,-908.57
175,19,5.00,8,16.05,27.02,25.35,0.0,0.00,0.0,0.0,,0.0
175,20,5.00,8,15.78,25.84,24.38,0.0,0.00,0.0,0.0,,0.0
175,21,5.00,8,15.87,24.81,23.51,0.0,0.00,0.0,0.0,,0.0
175,22,5.00,8,16.03,23.93,22.75,0.0,0.00,0.0,0.0,,0.0
175,23,5.00,8,15.99,23.13,22.07,0.0,0.00,0.0,0.0,,0.0
175,24,5.00,8,15.92,22.40,21.44,0.0,0.00,0.0,0.0,,0.0
175,1,6.00,8,15.88,21.74,20.87,0.0,0.00,0.0,0.0,,0.0
175,2,6.00,8,15.80,21.14,20.35,0.0,0.00,0.0,0.0,,0.0
175,3,6.00,8,15.79,20.59,19.87,0.0,0.00,0.0,0.0,,0.0
175,4,6.00,8,15.96,20.11,19.46,0.0,0.00,0.0,0.0,,0.0
175,5,6.00,8,16.04,19.69,19.10,0.0,0.00,0.0,-0.0,,0.0
175,6,6.00,8,15.95,19.29,18.76,0.0,0.00,0.0,-0.0,,0.0
175,7,6.00,8,15.95,18.93,18.45,0.0,1.91,0.0,-0.0,,0.0
175,8,6.00,8,15.97,20.25,21.23,1954.72,26.49,0.0,0.0,,1954.72
175,9,6.00,8,16.80,21.43,21.94,0.0,61.32,0.0,0.0,,0.0
175,10,6.00,8,16.60,22.47,22.82,0.0,135.34,0.0,0.0,,0.0
175,11,6.00,8,18.07,23.74,24.02,0.0,171.55,0.0,0.0,,0.0
175,12,6.00,8,18.81,25.00,25.23,0.0,196.24,0.0,0.0,,0.0
175,13,6.00,8,18.85,26.11,26.23,-116.04,203.20,0.0,0.0,,-116.04
175,14,6.00,8,18.91,27.11,26.23,-1403.29,206.40,0.0,0.0,,-1403.29
175,15,6.00,8,18.81,27.95,26.23,-1706.5,207.63,0.0,0.0,,-1706.5
175,16,6.00,8,18.70,28.63,26.23,-1800.99,184.59,0.0,0.0,,-1800.99
175,17,6.00,8,18.27,29.06,26.23,-1638.54,142.69,0.0,0.0,,-1638.54
175,18,6.00,8,17.65,29.13,26.23,-1200.05,71.78,0.0,0.0,,-1200.05
175,19,6.00,8,16.94,27.85,25.48,0.0,0.00,0.0,0.0,,0.0
175,20,6.00,8,16.55,26.66,24.57,0.0,0.00,0.0,0.0,,0.0
175,21,6.00,8,16.66,25.62,23.76,0.0,0.00,0.0,0.0,,0.0
175,22,6.00,8,16.75,24.72,23.05,0.0,0.00,0.0,0.0,,0.0
175,23,6.00,8,16.73,23.92,22.40,0.0,0.00,0.0,0.0,,0.0
175,24,6.00,8,16.64,23.18,21.81,0.0,0.00,0.0,0.0,,0.0
175,1,7.00,8,16.66,22.52,21.28,0.0,0.00,0.0,0.0,,0.0
175,2,7.00,8,16.59,21.92,20.79,0.0,0.00,0.0,0.0,,0.0
175,3,7.00,8,16.61,21.37,20.35,0.0,0.00,0.0,0.0,,0.0
175,4,7.00,8,16.57,20.87,19.95,0.0,0.00,0.0,0.0,,0.0
175,5,7.00,8,16.50,20.42,19.57,0.0,0.00,0.0,-0.0,,0.0
175,6,7.00,8,16.17,19.96,19.20,0.0,0.00,0.0,-0.0,,0.0
175,7,7.00,8,16.07,19.55,18.86,0.0,1.91,0.0,-0.0,,0.0
175,8,7.00,8,15.87,20.74,21.23,1506.13,26.49,0.0,0.0,,1506.13
175,9,7.00,8,16.35,21.77,21.93,0.0,61.32,0.0,0.0,,0.0
175,10,7.00,8,16.29,22.73,22.80,0.0,135.34,0.0,0.0,,0.0
175,11,7.00,8,17.67,23.90,23.94,0.0,171.55,0.0,0.0,,0.0
175,12,7.00,8,18.36,25.07,25.10,0.0,196.24,0.0,0.0,,0.0
175,13,7.00,8,18.48,26.13,26.16,0.0,203.20,0.0,0.0,,0.0
175,14,7.00,8,18.42,27.05,26.23,-1187.14,206.40,0.0,0.0,,-1187.14
175,15,7.00,8,18.49,27.87,26.23,-1595.79,207.63,0.0,0.0,,-1595.79
175,16,7.00,8,18.42,28.53,26.23,-1711.23,184.59,0.0,0.0,,-1711.23
175,17,7.00,8,18.02,28.94,26.23,-1564.39,142.69,0.0,0.0,,-1564.39
175,18,7.00,8,17.46,29.01,26.23,-1141.7,71.78,0.0,0.0,,-1141.7
175,19,7.00,8,16.73,27.72,25.45,0.0,0.00,0.0,0.0,,0.0
175,20,7.00,8,16.32,26.52,24.52,0.0,0.00,0.0,0.0,,0.0
175,21,7.00,8,16.37,25.47,23.69,0.0,0.00,0.0,0.0,,0.0
175,22,7.00,8,16.46,24.56,22.95,0.0,0.00,0.0,0.0,,0.0
175,23,7.00,8,16.60,23.76,22.31,0.0,0.00,0.0,0.0,,0.0
175,24,7.00,8,16.57,23.04,21.72,0.0,0.00,0.0,0.0,,0.0
175,1,1.00,8,16.68,22.40,21.20,0.0,0.00,0.0,0.0,,0.0
175,2,1.00,8,16.71,21.82,20.73,0.0,0.00,0.0,0.0,,0.0
175,3,1.00,8,16.90,21.31,20.33,0.0,0.00,0.0,0.0,,0.0
175,4,1.00,8,17.12,20.88,19.99,0.0,0.00,0.0,-0.0,,0.0
175,5,1.00,8,17.22,20.49,19.68,0.0,0.00,0.0,-0.0,,0.0
175,6,1.00,8,17.01,20.12,19.38,0.0,0.00,0.0,-0.0,,0.0
175,7,1.00,8,16.85,19.76,19.09,0.0,1.91,0.0,-0.0,,0.0
175,8,1.00,8,16.71,21.05,21.23,1033.84,26.49,0.0,0.0,,1033.84
175,9,1.00,8,17.27,22.17,22.15,0.0,61.32,0.0,0.0,,0.0
175,10,1.00,8,17.74,23.29,23.22,0.0,135.34,0.0,0.0,,0.0
175,11,1.00,8,18.69,24.51,24.44,0.0,171.55,0.0,0.0,,0.0
175,12,1.00,8,19.08,25.68,25.61,0.0,196.24,0.0,0.0,,0.0
175,13,1.00,8,19.08,26.73,26.23,-617.12,203.20,0.0,0.0,,-617.12
175,14,1.00,8,19.12,27.66,26.23,-1562.47,206.40,0.0,0.0,,-1562.47
175,15,1.00,8,19.11,28.47,26.23,-1837.53,207.63,0.0,0.0,,-1837.53
175,16,1.00,8,18.94,29.11,26.23,-1893.41,184.59,0.0,0.0,,-1893.41
175,17,1.00,8,18.38,29.48,26.23,-1687.75,142.69,0.0,0.0,,-1687.75
175,18,1.00,8,17.71,29.50,26.23,-1227.1,71.78,0.0,0.0,,-1227.1
175,19,1.00,8,16.91,28.19,25.48,0.0,0.00,0.0,0.0,,0.0
175,20,1.00,8,16.54,26.96,24.58,0.0,0.00,0.0,0.0,,0.0
175,21,1.00,8,16.48,25.88,23.75,0.0,0.00,0.0,0.0,,0.0
175,22,1.00,8,16.51,24.93,23.01,0.0,0.00,0.0,0.0,,0.0
175,23,1.00,8,16.48,24.08,22.34,0.0,0.00,0.0,0.0,,0.0
175,24,1.00,8,16.41,23.31,21.73,0.0,0.00,0.0,0.0,,0.0
175,1,2.00,8,16.44,22.62,21.19,0.0,0.00,0.0,0.0,,0.0
175,2,2.00,8,16.26,21.97,20.68,0.0,0.00,0.0,0.0,,0.0
175,3,2.00,8,16.08,21.37,20.19,0.0,0.00,0.0,0.0,,0.0
175,4,2.00,8,16.06,20.82,19.76,0.0,0.00,0.0,0.0,,0.0
175,5,2.00,8,15.98,20.32,19.35,0.0,0.00,0.0,-0.0,,0.0
175,6,2.00,8,15.94,19.86,18.98,0.0,0.00,0.0,-0.0,,0.0
175,7,2.00,8,15.84,19.44,18.64,0.0,1.91,0.0,-0.0,,0.0
175,8,2.00,8,15.68,20.62,21.23,1797.63,26.49,0.0,0.0,,1797.63
175,9,2.00,8,16.41,21.69,21.90,0.0,61.32,0.0,0.0,,0.0
175,10,2.00,8,16.73,22.74,22.84,0.0,135.34,0.0,0.0,,0.0
175,11,2.00,8,18.06,23.96,24.03,0.0,171.55,0.0,0.0,,0.0
175,12,2.00,8,18.36,25.11,25.16,0.0,196.24,0.0,0.0,,0.0
175,13,2.00,8,18.29,26.13,26.17,0.0,203.20,0.0,0.0,,0.0
175,14,2.00,8,18.45,27.06,26.23,-1215.26,206.40,0.0,0.0,,-1215.26
175,15,2.00,8,18.35,27.85,26.23,-1567.47,207.63,0.0,0.0,,-1567.47
175,16,2.00,8,18.16,28.47,26.23,-1644.53,184.59,0.0,0.0,,-1644.53
175,17,2.00,8,17.65,28.83,26.23,-1464.97,142.69,0.0,0.0,,-1464.97
175,18,2.00,8,17.05,28.85,26.23,-1029.25,71.78,0.0,0.0,,-1029.25
175,19,2.00,8,16.42,27.56,25.40,0.0,0.00,0.0,0.0,,0.0
175,20,2.00,8,16.07,26.36,24.46,0.0,0.00,0.0,0.0,,0.0
175,21,2.00,8,15.98,25.29,23.59,0.0,0.00,0.0,0.0,,0.0
175,22,2.00,8,16.11,24.36,22.83,0.0,0.00,0.0,0.0,,0.0
175,23,2.00,8,16.21,23.54,22.16,0.0,0.00,0.0,0.0,,0.0
175,24,2.00,8,16.04,22.79,21.54,0.0,0.00,0.0,0.0,,0.0
175,1,3.00,8,16.96,22.21,21.08,0.0,0.00,0.0,0.0,,0.0
175,2,3.00,8,16.58,21.64,20.61,0.0,0.00,0.0,0.0,,0.0
175,3,3.00,8,16.24,21.08,20.14,0.0,0.00,0.0,0.0,,0.0
175,4,3.00,8,16.05,20.55,19.71,0.0,0.00,0.0,-0.0,,0.0
175,5,3.00,8,15.88,20.06,19.30,0.0,0.00,0.0,0.0,,0.0
175,6,3.00,8,15.80,19.61,18.92,0.0,0.00,0.0,-0.0,,0.0
175,7,3.00,8,15.87,19.22,18.59,0.0,1.91,0.0,-0.0,,0.0
175,8,3.00,8,15.86,20.87,20.29,0.0,26.49,0.0,0.0,,0.0
175,9,3.00,8,16.29,22.25,21.73,0.0,61.32,0.0,0.0,,0.0
175,10,3.00,8,17.24,23.68,23.20,0.0,135.34,0.0,0.0,,0.0
175,11,3.00,8,18.58,25.22,24.79,0.0,171.55,0.0,0.0,,0.0
175,12,3.00,8,19.37,26.77,26.38,0.0,196.24,0.0,0.0,,0.0
175,13,3.00,8,19.70,28.25,27.89,0.0,203.20,0.0,0.0,,0.0
175,14,3.00,8,20.17,29.67,29.34,0.0,206.40,0.0,0.0,,0.0
175,15,3.00,8,20.57,30.99,30.70,0.0,207.63,0.0,0.0,,0.0
175,16,3.00,8,20.82,32.18,31.92,0.0,184.59,0.0,0.0,,0.0
175,17,3.00,8,20.65,33.14,32.90,0.0,142.69,0.0,0.0,,0.0
175,18,3.00,8,20.36,33.76,33.54,0.0,71.78,0.0,0.0,,0.0
175,19,3.00,8,19.59,31.99,31.79,0.0,0.00,0.0,0.0,,0.0
175,20,3.00,8,19.50,30.60,30.42,0.0,0.00,0.0,0.0,,0.0
175,21,3.00,8,19.58,29.44,29.28,0.0,0.00,0.0,0.0,,0.0
175,22,3.00,8,19.61,28.43,28.29,0.0,0.00,0.0,0.0,,0.0
175,23,3.00,8,19.72,27.55,27.42,0.0,0.00,0.0,0.0,,0.0
175,24,3.00,8,20.09,26.80,26.68,0.0,0.00,0.0,0.0,,0.0
175,1,4.00,8,19.26,26.02,25.91,0.0,0.00,0.0,0.0,,0.0
175,2,4.00,8,18.51,25.25,25.14,0.0,0.00,0.0,0.0,,0.0
175,3,4.00,8,17.91,24.49,24.39,0.0,0.00,0.0,0.0,,0.0
175,4,4.00,8,17.16,23.73,23.64,0.0,0.00,0.0,0.0,,0.0
175,5,4.00,8,16.74,23.00,22.93,0.0,0.00,0.0,0.0,,0.0
175,6,4.00,8,16.21,22.30,22.23,0.0,0.00,0.0,0.0,,0.0
175,7,4.00,8,15.52,21.60,21.54,0.0,1.91,0.0,0.0,,0.0
175,8,4.00,8,15.49,22.98,22.92,0.0,26.49,0.0,0.0,,0.0
175,9,4.00,8,16.06,24.14,24.09,0.0,61.32,0.0,0.0,,0.0
175,10,4.00,8,16.69,25.34,25.29,0.0,135.34,0.0,0.0,,0.0
175,11,4.00,8,18.19,26.69,26.65,0.0,171.55,0.0,0.0,,0.0
175,12,4.00,8,18.80,28.05,28.01,0.0,196.24,0.0,0.0,,0.0
175,13,4.00,8,19.06,29.35,29.31,0.0,203.20,0.0,0.0,,0.0
175,14,4.00,8,19.08,30.55,30.52,0.0,206.40,0.0,0.0,,0.0
175,15,4.00,8,18.85,31.62,31.59,0.0,207.63,0.0,0.0,,0.0
175,16,4.00,8,18.82,32.56,32.53,0.0,184.59,0.0,0.0,,0.0
175,17,4.00,8,18.67,33.30,33.27,0.0,142.69,0.0,0.0,,0.0
175,18,4.00,8,18.27,33.71,33.68,0.0,71.78,0.0,0.0,,0.0
175,19,4.00,8,17.35,31.74,31.71,0.0,0.00,0.0,0.0,,0.0
175,20,4.00,8,17.08,30.14,30.12,0.0,0.00,0.0,0.0,,0.0
175,21,4.00,8,16.99,28.78,28.77,0.0,0.00,0.0,0.0,,0.0
175,22,4.00,8,17.09,27.61,27.59,0.0,0.00,0.0,0.0,,0.0
175,23,4.00,8,17.10,26.56,26.55,0.0,0.00,0.0,0.0,,0.0
175,24,4.00,8,17.22,25.64,25.62,0.0,0.00,0.0,0.0,,0.0
175,1,5.00,8,17.20,24.80,24.79,0.0,0.00,0.0,0.0,,0.0
175,2,5.00,8,17.21,24.04,24.03,0.0,0.00,0.0,0.0,,0.0
175,3,5.00,8,17.35,23.37,23.36,0.0,0.00,0.0,0.0,,0.0
175,4,5.00,8,17.33,22.76,22.75,0.0,0.00,0.0,0.0,,0.0
175,5,5.00,8,17.77,22.25,22.24,0.0,0.00,0.0,0.0,,0.0
175,6,5.00,8,18.07,21.82,21.81,0.0,0.00,0.0,0.0,,0.0
175,7,5.00,8,17.99,21.42,21.41,0.0,1.91,0.0,0.0,,0.0
175,8,5.00,8,18.20,22.69,22.69,0.0,26.49,0.0,0.0,,0.0
175,9,5.00,8,18.10,23.68,23.67,0.0,61.32,0.0,0.0,,0.0
175,10,5.00,8,18.31,24.65,24.64,0.0,135.34,0.0,0.0,,0.0
175,11,5.00,8,19.16,25.74,25.73,0.0,171.55,0.0,0.0,,0.0
175,12,5.00,8,19.38,26.77,26.23,-757.84,196.24,0.0,0.0,,-757.84
175,13,5.00,8,19.14,27.66,26.23,-1548.17,203.20,0.0,0.0,,-1548.17
175,14,5.00,8,18.93,28.43,26.23,-1784.58,206.40,0.0,0.0,,-1784.58
175,15,5.00,8,19.05,29.13,26.23,-1955.76,207.63,0.0,0.0,,-1955.76
175,16,5.00,8,19.00,29.70,26.23,-1979.06,184.59,0.0,0.0,,-1979.06
175,17,5.00,8,18.73,30.05,26.23,-1817.08,142.69,0.0,0.0,,-1817.08
175,18,5.00,8,18.29,30.09,26.23,-1403.04,71.78,0.0,0.0,,-1403.04
175,19,5.00,8,17.39,28.77,25.55,0.0,0.00,0.0,0.0,,0.0
175,20,5.00,8,17.09,27.54,24.71,0.0,0.00,0.0,0.0,,0.0
175,21,5.00,8,16.97,26.45,23.91,0.0,0.00,0.0,0.0,,0.0
175,22,5.00,8,17.29,25.53,23.24,0.0,0.00,0.0,0.0,,0.0
175,23,5.00,8,17.54,24.73,22.65,0.0,0.00,0.0,0.0,,0.0
175,24,5.00,8,17.77,24.03,22.15,0.0,0.00,0.0,0.0,,0.0
175,1,6.00,8,17.99,23.42,21.72,0.0,0.00,0.0,0.0,,0.0
175,2,6.00,8,18.06,22.88,21.33,0.0,0.00,0.0,-0.0,,0.0
175,3,6.00,8,18.13,22.38,20.98,0.0,0.00,0.0,-0.0,,0.0
175,4,6.00,8,18.18,21.94,20.67,0.0,0.00,0.0,-0.0,,0.0
175,5,6.00,8,18.57,21.59,20.43,0.0,0.00,0.0,-0.0,,0.0
175,6,6.00,8,18.72,21.27,20.22,0.0,0.00,0.0,-0.0,,0.0
175,7,6.00,8,18.53,20.96,20.01,0.0,1.91,0.0,-0.0,,0.0
175,8,6.00,8,18.20,22.30,21.50,0.0,26.49,0.0,0.0,,0.0
175,9,6.00,8,18.31,23.37,22.68,0.0,61.32,0.0,0.0,,0.0
175,10,6.00,8,19.22,24.54,23.95,0.0,135.34,0.0,0.0,,0.0
175,11,6.00,8,19.79,25.72,25.21,0.0,171.55,0.0,0.0,,0.0
175,12,6.00,8,20.14,26.86,26.23,-270.54,196.24,0.0,0.0,,-270.54
175,13,6.00,8,20.14,27.89,26.23,-1629.31,203.20,0.0,0.0,,-1629.31
175,14,6.00,8,20.17,28.81,26.23,-2026.79,206.40,0.0,0.0,,-2026.79
175,15,6.00,8,20.17,29.60,26.23,-2219.35,207.63,0.0,0.0,,-2219.35
175,16,6.00,8,19.94,30.22,26.23,-2221.26,184.59,0.0,0.0,,-2221.26
175,17,6.00,8,19.66,30.63,26.23,-2066.66,142.69,0.0,0.0,,-2066.66
175,18,6.00,8,19.16,30.69,26.23,-1641.57,71.78,0.0,0.0,,-1641.57
175,19,6.00,8,18.43,29.41,25.69,0.0,0.00,0.0,0.0,,0.0
175,20,6.00,8,18.01,28.20,24.92,0.0,0.00,0.0,0.0,,0.0
175,21,6.00,8,17.86,27.13,24.19,0.0,0.00,0.0,0.0,,0.0
175,22,6.00,8,18.11,26.22,23.56,0.0,0.00,0.0,0.0,,0.0
175,23,6.00,8,18.22,25.41,23.01,0.0,0.00,0.0,0.0,,0.0
175,24,6.00,8,18.20,24.68,22.50,0.0,0.00,0.0,0.0,,0.0
175,1,7.00,8,18.23,24.02,22.05,0.0,0.00,0.0,0.0,,0.0
175,2,7.00,8,18.05,23.41,21.62,0.0,0.00,0.0,0.0,,0.0
175,3,7.00,8,18.16,22.87,21.25,0.0,0.00,0.0,-0.0,,0.0
175,4,7.00,8,18.23,22.39,20.91,0.0,0.00,0.0,-0.0,,0.0
175,5,7.00,8,18.48,21.98,20.64,0.0,0.00,0.0,-0.0,,0.0
175,6,7.00,8,18.60,21.61,20.40,0.0,0.00,0.0,-0.0,,0.0
175,7,7.00,8,18.31,21.25,20.15,0.0,1.91,0.0,-0.0,,0.0
175,8,7.00,8,18.11,22.53,21.60,0.0,26.49,0.0,0.0,,0.0
175,9,7.00,8,18.18,23.55,22.75,0.0,61.32,0.0,0.0,,0.0
175,10,7.00,8,18.99,24.65,23.97,0.0,135.34,0.0,0.0,,0.0
175,11,7.00,8,20.03,25.87,25.28,0.0,171.55,0.0,0.0,,0.0
175,12,7.00,8,19.99,26.96,26.23,-312.61,196.24,0.0,0.0,,-312.61
175,13,7.00,8,19.81,27.92,26.23,-1561.74,203.20,0.0,0.0,,-1561.74
175,14,7.00,8,19.68,28.76,26.23,-1905.13,206.40,0.0,0.0,,-1905.13
175,15,7.00,8,19.78,29.51,26.23,-2113.95,207.63,0.0,0.0,,-2113.95
175,16,7.00,8,19.81,30.13,26.23,-2178.93,184.59,0.0,0.0,,-2178.93
175,17,7.00,8,19.61,30.55,26.23,-2048.63,142.69,0.0,0.0,,-2048.63
175,18,7.00,8,19.14,30.63,26.23,-1635.63,71.78,0.0,0.0,,-1635.63
175,19,7.00,8,18.57,29.37,25.70,0.0,0.00,0.0,0.0,,0.0
175,20,7.00,8,18.33,28.20,24.97,0.0,0.00,0.0,0.0,,0.0
175,21,7.00,8,18.54,27.20,24.30,0.0,0.00,0.0,0.0,,0.0
175,22,7.00,8,18.79,26.35,23.73,0.0,0.00,0.0,0.0,,0.0
175,23,7.00,8,18.90,25.59,23.23,0.0,0.00,0.0,0.0,,0.0
175,24,7.00,8,18.83,24.90,22.76,0.0,0.00,0.0,0.0,,0.0
175,1,1.00,8,18.88,24.29,22.34,0.0,0.00,0.0,0.0,,0.0
175,2,1.00,8,18.88,23.73,21.97,0.0,0.00,0.0,-0.0,,0.0
175,3,1.00,8,18.98,23.23,21.63,0.0,0.00,0.0,-0.0,,0.0
175,4,1.00,8,18.97,22.78,21.33,0.0,0.00,0.0,-0.0,,0.0
175,5,1.00,8,19.02,22.38,21.06,0.0,0.00,0.0,-0.0,,0.0
175,6,1.00,8,19.09,22.02,20.83,0.0,0.00,0.0,-0.0,,0.0
175,7,1.00,8,19.04,21.69,20.61,0.0,1.91,0.0,-0.0,,0.0
175,8,1.00,8,19.20,23.08,22.17,0.0,26.49,0.0,-113.31,,-113.31
175,9,1.00,8,18.94,24.12,23.33,0.0,61.32,0.0,0.0,,0.0
175,10,1.00,8,19.44,25.19,24.51,0.0,135.34,0.0,0.0,,0.0
175,11,1.00,8,20.21,26.35,25.76,0.0,171.55,0.0,0.0,,0.0
175,12,1.00,8,20.33,27.42,26.23,-960.5,196.24,0.0,0.0,,-960.5
175,13,1.00,8,20.43,28.41,26.23,-1856.94,203.20,0.0,0.0,,-1856.94
175,14,1.00,8,20.19,29.24,26.23,-2112.46,206.40,0.0,0.0,,-2112.46
175,15,1.00,8,19.78,29.90,26.23,-2160.62,207.63,0.0,0.0,,-2160.62
175,16,1.00,8,19.81,30.47,26.23,-2203.31,184.59,0.0,0.0,,-2203.31
175,17,1.00,8,19.71,30.86,26.23,-2087.34,142.69,0.0,0.0,,-2087.34
175,18,1.00,8,19.36,30.93,26.23,-1699.14,71.78,0.0,0.0,,-1699.14
175,19,1.00,8,18.77,29.67,25.73,0.0,0.00,0.0,0.0,,0.0
175,20,1.00,8,18.57,28.49,25.02,0.0,0.00,0.0,0.0,,0.0
175,21,1.00,8,18.60,27.47,24.35,0.0,0.00,0.0,0.0,,0.0
175,22,1.00,8,18.79,26.59,23.77,0.0,0.00,0.0,0.0,,0.0
175,23,1.00,8,18.95,25.82,23.27,0.0,0.00,0.0,0.0,,0.0
175,24,1.00,8,19.19,25.15,22.84,0.0,0.00,0.0,0.0,,0.0
175,1,2.00,8,19.32,24.55,22.46,0.0,0.00,0.0,-0.0,,0.0
175,2,2.00,8,19.45,24.03,22.13,0.0,0.00,0.0,-0.0,,0.0
175,3,2.00,8,19.68,23.57,21.85,0.0,0.00,0.0,-0.0,,0.0
175,4,2.00,8,19.91,23.18,21.62,0.0,0.00,0.0,-0.0,,0.0
175,5,2.00,8,20.25,22.86,21.45,0.0,0.00,0.0,-0.0,,0.0
175,6,2.00,8,20.26,22.57,21.28,0.0,0.00,0.0,-0.0,,0.0
175,7,2.00,8,20.08,22.28,21.11,0.0,1.91,0.0,-0.0,,0.0
175,8,2.00,8,20.21,23.73,22.75,0.0,26.49,0.0,-90.79,,-90.79
175,9,2.00,8,19.87,24.80,23.96,0.0,61.32,0.0,0.0,,0.0
175,10,2.00,8,19.56,25.76,25.04,0.0,135.34,0.0,0.0,,0.0
175,11,2.00,8,19.93,26.77,26.14,0.0,171.55,0.0,0.0,,0.0
175,12,2.00,8,20.42,27.81,26.23,-1453.0,196.24,0.0,0.0,,-1453.0
175,13,2.00,8,20.53,28.76,26.23,-2000.89,203.20,0.0,0.0,,-2000.89
175,14,2.00,8,20.06,29.52,26.23,-2139.47,206.40,0.0,0.0,,-2139.47
175,15,2.00,8,19.48,30.09,26.23,-2115.03,207.63,0.0,0.0,,-2115.03
175,16,2.00,8,19.19,30.53,26.23,-2057.24,184.59,0.0,0.0,,-2057.24
175,17,2.00,8,18.83,30.78,26.23,-1858.56,142.69,0.0,0.0,,-1858.56
175,18,2.00,8,18.35,30.72,26.23,-1427.46,71.78,0.0,0.0,,-1427.46
175,19,2.00,8,17.57,29.37,25.58,0.0,0.00,0.0,0.0,,0.0
175,20,2.00,8,17.18,28.10,24.74,0.0,0.00,0.0,0.0,,0.0
175,21,2.00,8,17.05,26.97,23.95,0.0,0.00,0.0,0.0,,0.0
175,22,2.00,8,16.98,25.96,23.23,0.0,0.00,0.0,0.0,,0.0
175,23,2.00,8,17.03,25.06,22.60,0.0,0.00,0.0,0.0,,0.0
175,24,2.00,8,17.17,24.28,22.04,0.0,0.00,0.0,0.0,,0.0
175,1,3.00,8,17.18,23.56,21.53,0.0,0.00,0.0,0.0,,0.0
175,2,3.00,8,17.48,22.95,21.11,0.0,0.00,0.0,0.0,,0.0
175,3,3.00,8,17.82,22.43,20.76,0.0,0.00,0.0,-0.0,,0.0
175,4,3.00,8,17.91,21.97,20.45,0.0,0.00,0.0,-0.0,,0.0
175,5,3.00,8,18.64,21.62,20.25,0.0,0.00,0.0,-0.0,,0.0
175,6,3.00,8,18.30,21.26,20.01,0.0,0.00,0.0,-0.0,,0.0
175,7,3.00,8,18.50,20.96,19.83,0.0,1.91,0.0,-0.0,,0.0
175,8,3.00,8,18.93,22.73,21.71,0.0,26.49,0.0,0.0,,0.0
175,9,3.00,8,19.23,24.21,23.28,0.0,61.32,0.0,0.0,,0.0
175,10,3.00,8,20.01,25.71,24.86,0.0,135.34,0.0,0.0,,0.0
175,11,3.00,8,20.16,27.17,26.41,0.0,171.55,0.0,0.0,,0.0
175,12,3.00,8,20.34,28.60,27.91,0.0,196.24,0.0,0.0,,0.0
175,13,3.00,8,19.92,29.91,29.27,0.0,203.20,0.0,0.0,,0.0
175,14,3.00,8,20.30,31.17,30.59,0.0,206.40,0.0,0.0,,0.0
175,15,3.00,8,20.33,32.32,31.80,0.0,207.63,0.0,0.0,,0.0
175,16,3.00,8,20.24,33.32,32.84,0.0,184.59,0.0,0.0,,0.0
175,17,3.00,8,19.95,34.10,33.67,0.0,142.69,0.0,0.0,,0.0
175,18,3.00,8,19.58,34.55,34.16,0.0,71.78,0.0,0.0,,0.0
175,19,3.00,8,19.09,32.67,32.32,0.0,0.00,0.0,0.0,,0.0
175,20,3.00,8,19.12,31.19,30.87,0.0,0.00,0.0,0.0,,0.0
175,21,3.00,8,19.60,29.99,29.69,0.0,0.00,0.0,0.0,,0.0
175,22,3.00,8,19.79,28.95,28.69,0.0,0.00,0.0,0.0,,0.0
175,23,3.00,8,19.87,28.04,27.80,0.0,0.00,0.0,0.0,,0.0
175,24,3.00,8,19.75,27.20,26.99,0.0,0.00,0.0,0.0,,0.0
175,1,4.00,8,19.70,26.44,26.25,0.0,0.00,0.0,0.0,,0.0
175,2,4.00,8,19.68,25.76,25.58,0.0,0.00,0.0,0.0,,0.0
175,3,4.00,8,19.97,25.17,25.00,0.0,0.00,0.0,0.0,,0.0
175,4,4.00,8,20.08,24.64,24.49,0.0,0.00,0.0,0.0,,0.0
175,5,4.00,8,20.14,24.17,24.03,0.0,0.00,0.0,0.0,,0.0
175,6,4.00,8,19.87,23.71,23.59,0.0,0.00,0.0,-0.0,,0.0
175,7,4.00,8,19.36,23.24,23.13,0.0,1.91,0.0,-0.0,,0.0
175,8,4.00,8,19.30,24.82,24.71,0.0,26.49,0.0,0.0,,0.0
175,9,4.00,8,19.34,26.10,26.00,0.0,61.32,0.0,0.0,,0.0
175,10,4.00,8,19.39,27.34,27.25,0.0,135.34,0.0,0.0,,0.0
175,11,4.00,8,19.97,28.63,28.56,0.0,171.55,0.0,0.0,,0.0
175,12,4.00,8,19.97,29.89,29.82,0.0,196.24,0.0,0.0,,0.0
175,13,4.00,8,19.66,31.05,30.99,0.0,203.20,0.0,0.0,,0.0
175,14,4.00,8,19.40,32.11,32.05,0.0,206.40,0.0,0.0,,0.0
175,15,4.00,8,19.34,33.07,33.02,0.0,207.63,0.0,0.0,,0.0
175,16,4.00,8,19.09,33.89,33.85,0.0,184.59,0.0,0.0,,0.0
175,17,4.00,8,18.85,34.52,34.48,0.0,142.69,0.0,0.0,,0.0
175,18,4.00,8,18.37,34.82,34.78,0.0,71.78,0.0,0.0,,0.0
175,19,4.00,8,17.74,32.79,32.75,0.0,0.00,0.0,0.0,,0.0
175,20,4.00,8,17.43,31.13,31.10,0.0,0.00,0.0,0.0,,0.0
175,21,4.00,8,17.32,29.71,29.68,0.0,0.00,0.0,0.0,,0.0
175,22,4.00,8,17.48,28.48,28.46,0.0,0.00,0.0,0.0,,0.0
175,23,4.00,8,17.71,27.42,27.39,0.0,0.00,0.0,0.0,,0.0
175,24,4.00,8,18.07,26.50,26.48,0.0,0.00,0.0,0.0,,0.0
175,1,5.00,8,18.13,25.67,25.65,0.0,0.00,0.0,0.0,,0.0
175,2,5.00,8,18.28,24.93,24.91,0.0,0.00,0.0,0.0,,0.0
175,3,5.00,8,18.32,24.27,24.25,0.0,0.00,0.0,0.0,,0.0
175,4,5.00,8,18.31,23.66,23.65,0.0,0.00,0.0,0.0,,0.0
175,5,5.00,8,18.65,23.15,23.14,0.0,0.00,0.0,0.0,,0.0
175,6,5.00,8,18.52,22.67,22.65,0.0,0.00,0.0,0.0,,0.0
175,7,5.00,8,17.98,22.17,22.16,0.0,1.91,0.0,0.0,,0.0
175,8,5.00,8,17.69,23.23,23.22,0.0,26.49,0.0,0.0,,0.0
175,9,5.00,8,17.25,23.99,23.98,0.0,61.32,0.0,0.0,,0.0
175,10,5.00,8,18.08,24.91,24.90,0.0,135.34,0.0,0.0,,0.0
175,11,5.00,8,18.64,25.89,25.88,0.0,171.55,0.0,0.0,,0.0
175,12,5.00,8,18.69,26.80,26.23,-796.48,196.24,0.0,0.0,,-796.48
175,13,5.00,8,18.47,27.60,26.23,-1429.3,203.20,0.0,0.0,,-1429.3
175,14,5.00,8,18.03,28.24,26.23,-1571.4,206.40,0.0,0.0,,-1571.4
175,15,5.00,8,18.36,28.88,26.23,-1777.13,207.63,0.0,0.0,,-1777.13
175,16,5.00,8,18.38,29.40,26.23,-1811.99,184.59,0.0,0.0,,-1811.99
175,17,5.00,8,18.40,29.77,26.23,-1721.68,142.69,0.0,0.0,,-1721.68
175,18,5.00,8,17.99,29.81,26.23,-1318.09,71.78,0.0,0.0,,-1318.09
175,19,5.00,8,17.32,28.52,25.54,0.0,0.00,0.0,0.0,,0.0
175,20,5.00,8,17.17,27.33,24.70,0.0,0.00,0.0,0.0,,0.0
175,21,5.00,8,17.23,26.30,23.94,0.0,0.00,0.0,0.0,,0.0
175,22,5.00,8,17.59,25.42,23.29,0.0,0.00,0.0,0.0,,0.0
175,23,5.00,8,17.99,24.68,22.75,0.0,0.00,0.0,0.0,,0.0
175,24,5.00,8,18.29,24.03,22.29,0.0,0.00,0.0,0.0,,0.0
175,1,6.00,8,18.57,23.48,21.90,0.0,0.00,0.0,0.0,,0.0
175,2,6.00,8,18.88,23.01,21.58,0.0,0.00,0.0,-0.0,,0.0
175,3,6.00,8,19.11,22.60,21.30,0.0,0.00,0.0,-0.0,,0.0
175,4,6.00,8,19.19,22.23,21.06,0.0,0.00,0.0,-0.0,,0.0
175,5,6.00,8,19.56,21.94,20.87,0.0,0.00,0.0,-0.0,,0.0
175,6,6.00,8,19.90,21.71,20.74,0.0,0.00,0.0,-0.0,,0.0
175,7,6.00,8,19.77,21.47,20.59,0.0,1.91,0.0,-0.0,,0.0
175,8,6.00,8,19.88,23.01,22.26,0.0,26.49,0.0,0.0,,0.0
175,9,6.00,8,19.37,24.10,23.47,0.0,61.32,0.0,0.0,,0.0
175,10,6.00,8,19.80,25.22,24.67,0.0,135.34,0.0,0.0,,0.0
175,11,6.00,8,19.84,26.29,25.81,0.0,171.55,0.0,0.0,,0.0
175,12,6.00,8,19.53,27.23,26.23,-826.88,196.24,0.0,0.0,,-826.88
175,13,6.00,8,18.87,27.99,26.23,-1465.04,203.20,0.0,0.0,,-1465.04
175,14,6.00,8,18.27,28.59,26.23,-1601.05,206.40,0.0,0.0,,-1601.05
175,15,6.00,8,18.40,29.17,26.23,-1769.95,207.63,0.0,0.0,,-1769.95
175,16,6.00,8,18.30,29.64,26.23,-1781.28,184.59,0.0,0.0,,-1781.28
175,17,6.00,8,18.07,29.91,26.23,-1629.87,142.69,0.0,0.0,,-1629.87
175,18,6.00,8,17.59,29.87,26.23,-1205.29,71.78,0.0,0.0,,-1205.29
175,19,6.00,8,17.14,28.58,25.51,0.0,0.00,0.0,0.0,,0.0
175,20,6.00,8,16.95,27.36,24.65,0.0,0.00,0.0,0.0,,0.0
175,21,6.00,8,17.05,26.31,23.88,0.0,0.00,0.0,0.0,,0.0
175,22,6.00,8,17.39,25.41,23.22,0.0,0.00,0.0,0.0,,0.0
175,23,6.00,8,17.70,24.64,22.65,0.0,0.00,0.0,0.0,,0.0
175,24,6.00,8,17.98,23.98,22.17,0.0,0.00,0.0,0.0,,0.0
175,1,7.00,8,18.26,23.40,21.77,0.0,0.00,0.0,0.0,,0.0
175,2,7.00,8,18.35,22.88,21.40,0.0,0.00,0.0,0.0,,0.0
175,3,7.00,8,18.31,22.40,21.06,0.0,0.00,0.0,-0.0,,0.0
175,4,7.00,8,18.45,21.99,20.77,0.0,0.00,0.0,-0.0,,0.0
175,5,7.00,8,18.69,21.63,20.53,0.0,0.00,0.0,-0.0,,0.0
175,6,7.00,8,18.56,21.29,20.29,0.0,0.00,0.0,-0.0,,0.0
175,7,7.00,8,18.40,20.97,20.06,0.0,1.91,0.0,-0.0,,0.0
175,8,7.00,8,18.53,22.37,21.60,0.0,26.49,0.0,0.0,,0.0
175,9,7.00,8,18.57,23.46,22.81,0.0,61.32,0.0,0.0,,0.0
175,10,7.00,8,18.95,24.56,23.99,0.0,135.34,0.0,0.0,,0.0
175,11,7.00,8,20.07,25.80,25.31,0.0,171.55,0.0,0.0,,0.0
175,12,7.00,8,20.65,27.01,26.23,-506.55,196.24,0.0,0.0,,-506.55
175,13,7.00,8,20.37,28.04,26.23,-1720.42,203.20,0.0,0.0,,-1720.42
175,14,7.00,8,20.42,28.97,26.23,-2109.25,206.40,0.0,0.0,,-2109.25
175,15,7.00,8,20.53,29.80,26.23,-2324.09,207.63,0.0,0.0,,-2324.09
175,16,7.00,8,20.55,30.48,26.23,-2387.78,184.59,0.0,0.0,,-2387.78
175,17,7.00,8,20.27,30.94,26.23,-2236.89,142.69,0.0,0.0,,-2236.89
175,18,7.00,8,19.78,31.05,26.23,-1815.93,71.78,0.0,0.0,,-1815.93
175,19,7.00,8,19.20,29.80,25.79,0.0,0.00,0.0,0.0,,0.0
175,20,7.00,8,18.95,28.64,25.11,0.0,0.00,0.0,0.0,,0.0
175,21,7.00,8,19.09,27.65,24.48,0.0,0.00,0.0,0.0,,0.0
175,22,7.00,8,19.32,26.80,23.94,0.0,0.00,0.0,0.0,,0.0
175,23,7.00,8,19.41,26.05,23.46,0.0,0.00,0.0,0.0,,0.0
175,24,7.00,8,19.47,25.38,23.04,0.0,0.00,0.0,0.0,,0.0
175,1,1.00,9,19.67,24.79,22.67,0.0,0.00,0.0,-0.0,,0.0
175,2,1.00,9,19.81,24.28,22.35,0.0,0.00,0.0,-0.0,,0.0
175,3,1.00,9,19.91,23.82,22.07,0.0,0.00,0.0,-0.0,,0.0
175,4,1.00,9,20.05,23.42,21.83,0.0,0.00,0.0,-0.0,,0.0
175,5,1.00,9,20.16,23.06,21.62,0.0,0.00,0.0,-0.0,,0.0
175,6,1.00,9,20.37,22.76,21.45,0.0,0.00,0.0,-0.0,,0.0
175,7,1.00,9,20.15,22.46,21.27,0.0,0.19,0.0,-0.0,,0.0
175,8,1.00,9,19.76,23.77,22.77,0.0,13.95,0.0,0.0,,0.0
175,9,1.00,9,19.73,24.80,23.94,0.0,66.57,0.0,0.0,,0.0
175,10,1.00,9,20.34,25.87,25.13,0.0,125.22,0.0,0.0,,0.0
175,11,1.00,9,20.78,26.96,25.81,-715.09,163.82,0.0,0.0,,-715.09
175,12,1.00,9,20.82,27.99,25.81,-1846.58,191.60,0.0,0.0,,-1846.58
175,13,1.00,9,20.38,28.95,25.81,-2266.92,218.39,0.0,0.0,,-2266.92
175,14,1.00,9,20.27,29.80,25.81,-2491.6,227.57,0.0,0.0,,-2491.6
175,15,1.00,9,20.46,30.60,25.81,-2677.9,225.13,0.0,0.0,,-2677.9
175,16,1.00,9,20.60,31.28,25.81,-2740.74,213.22,0.0,0.0,,-2740.74
175,17,1.00,9,20.24,31.71,25.81,-2558.1,183.08,0.0,0.0,,-2558.1
175,18,1.00,9,19.83,31.87,25.81,-2232.57,133.55,0.0,0.0,,-2232.57
175,19,1.00,9,19.36,30.82,25.75,0.0,61.34,0.0,0.0,,0.0
175,20,1.00,9,19.18,29.62,25.14,0.0,0.00,0.0,0.0,,0.0
175,21,1.00,9,19.29,28.55,24.53,0.0,0.00,0.0,0.0,,0.0
175,22,1.00,9,19.59,27.64,24.01,0.0,0.00,0.0,0.0,,0.0
175,23,1.00,9,19.64,26.82,23.54,0.0,0.00,0.0,0.0,,0.0
175,24,1.00,9,19.65,26.09,23.12,0.0,0.00,0.0,0.0,,0.0
175,1,2.00,9,19.78,25.45,22.75,0.0,0.00,0.0,-0.0,,0.0
175,2,2.00,9,19.93,24.88,22.44,0.0,0.00,0.0,-0.0,,0.0
175,3,2.00,9,19.80,24.35,22.13,0.0,0.00,0.0,-0.0,,0.0
175,4,2.00,9,19.67,23.86,21.84,0.0,0.00,0.0,-0.0,,0.0
175,5,2.00,9,19.90,23.44,21.61,0.0,0.00,0.0,-0.0,,0.0
175,6,2.00,9,20.34,23.10,21.45,0.0,0.00,0.0,-0.0,,0.0
175,7,2.00,9,20.13,22.77,21.26,0.0,0.19,0.0,-0.0,,0.0
175,8,2.00,9,19.55,23.99,22.73,0.0,13.95,0.0,0.0,,0.0
175,9,2.00,9,19.59,24.97,23.89,0.0,66.57,0.0,0.0,,0.0
175,10,2.00,9,20.28,26.01,25.08,0.0,125.22,0.0,0.0,,0.0
175,11,2.00,9,20.99,27.13,25.81,-711.71,163.82,0.0,0.0,,-711.71
175,12,2.00,9,21.01,28.16,25.81,-1888.04,191.60,0.0,0.0,,-1888.04
175,13,2.00,9,20.34,29.09,25.81,-2255.38,218.39,0.0,0.0,,-2255.38
175,14,2.00,9,20.07,29.89,25.81,-2439.92,227.57,0.0,0.0,,-2439.92
175,15,2.00,9,20.14,30.62,25.81,-2591.96,225.13,0.0,0.0,,-2591.96
175,16,2.00,9,20.10,31.22,25.81,-2606.58,213.22,0.0,0.0,,-2606.58
175,17,2.00,9,19.72,31.58,25.81,-2414.22,183.08,0.0,0.0,,-2414.22
175,18,2.00,9,19.15,31.67,25.81,-2047.21,133.55,0.0,0.0,,-2047.21
175,19,2.00,9,18.46,30.55,25.63,0.0,61.34,0.0,0.0,,0.0
175,20,2.00,9,18.18,29.29,24.94,0.0,0.00,0.0,0.0,,0.0
175,21,2.00,9,18.27,28.15,24.25,0.0,0.00,0.0,0.0,,0.0
175,22,2.00,9,18.37,27.16,23.63,0.0,0.00,0.0,0.0,,0.0
175,23,2.00,9,18.43,26.28,23.09,0.0,0.00,0.0,0.0,,0.0
175,24,2.00,9,18.37,25.48,22.59,0.0,0.00,0.0,0.0,,0.0
175,1,3.00,9,18.37,24.76,22.14,0.0,0.00,0.0,0.0,,0.0
175,2,3.00,9,18.36,24.11,21.73,0.0,0.00,0.0,-0.0,,0.0
175,3,3.00,9,18.30,23.52,21.36,0.0,0.00,0.0,-0.0,,0.0
175,4,3.00,9,18.28,22.97,21.02,0.0,0.00,0.0,-0.0,,0.0
175,5,3.00,9,18.38,22.50,20.72,0.0,0.00,0.0,-0.0,,0.0
175,6,3.00,9,18.55,22.08,20.47,0.0,0.00,0.0,-0.0,,0.0
175,7,3.00,9,18.35,21.68,20.21,0.0,0.19,0.0,-0.0,,0.0
175,8,3.00,9,18.09,23.26,21.93,0.0,13.95,0.0,0.0,,0.0
175,9,3.00,9,18.35,24.57,23.37,0.0,66.57,0.0,0.0,,0.0
175,10,3.00,9,18.83,25.87,24.78,0.0,125.22,0.0,0.0,,0.0
175,11,3.00,9,19.72,27.26,26.27,0.0,163.82,0.0,0.0,,0.0
175,12,3.00,9,20.02,28.64,27.74,0.0,191.60,0.0,0.0,,0.0
175,13,3.00,9,19.75,30.02,29.20,0.0,218.39,0.0,0.0,,0.0
175,14,3.00,9,19.63,31.30,30.55,0.0,227.57,0.0,0.0,,0.0
175,15,3.00,9,19.84,32.49,31.82,0.0,225.13,0.0,0.0,,0.0
175,16,3.00,9,19.95,33.55,32.94,0.0,213.22,0.0,0.0,,0.0
175,17,3.00,9,19.67,34.39,33.83,0.0,183.08,0.0,0.0,,0.0
175,18,3.00,9,19.31,34.95,34.44,0.0,133.55,0.0,0.0,,0.0
175,19,3.00,9,18.73,33.23,32.77,0.0,61.34,0.0,0.0,,0.0
175,20,3.00,9,18.51,31.65,31.24,0.0,0.00,0.0,0.0,,0.0
175,21,3.00,9,18.55,30.29,29.92,0.0,0.00,0.0,0.0,,0.0
175,22,3.00,9,18.65,29.11,28.77,0.0,0.00,0.0,0.0,,0.0
175,23,3.00,9,18.77,28.08,27.77,0.0,0.00,0.0,0.0,,0.0
175,24,3.00,9,18.82,27.15,26.87,0.0,0.00,0.0,0.0,,0.0
175,1,4.00,9,18.86,26.33,26.07,0.0,0.00,0.0,0.0,,0.0
175,2,4.00,9,18.98,25.59,25.36,0.0,0.00,0.0,0.0,,0.0
175,3,4.00,9,19.17,24.94,24.73,0.0,0.00,0.0,0.0,,0.0
175,4,4.00,9,19.29,24.37,24.18,0.0,0.00,0.0,0.0,,0.0
175,5,4.00,9,19.23,23.84,23.66,0.0,0.00,0.0,0.0,,0.0
175,6,4.00,9,19.26,23.36,23.20,0.0,0.00,0.0,0.0,,0.0
175,7,4.00,9,19.04,22.90,22.75,0.0,0.19,0.0,0.0,,0.0
175,8,4.00,9,18.57,24.40,24.27,0.0,13.95,0.0,0.0,,0.0
175,9,4.00,9,18.78,25.65,25.53,0.0,66.57,0.0,0.0,,0.0
175,10,4.00,9,19.53,26.92,26.81,0.0,125.22,0.0,0.0,,0.0
175,11,4.00,9,20.21,28.25,28.15,0.0,163.82,0.0,0.0,,0.0
175,12,4.00,9,20.37,29.56,29.48,0.0,191.60,0.0,0.0,,0.0
175,13,4.00,9,20.05,30.88,30.80,0.0,218.39,0.0,0.0,,0.0
175,14,4.00,9,19.98,32.11,32.03,0.0,227.57,0.0,0.0,,0.0
175,15,4.00,9,20.11,33.25,33.18,0.0,225.13,0.0,0.0,,0.0
175,16,4.00,9,20.13,34.25,34.19,0.0,213.22,0.0,0.0,,0.0
175,17,4.00,9,19.81,35.03,34.98,0.0,183.08,0.0,0.0,,0.0
175,18,4.00,9,19.47,35.55,35.50,0.0,133.55,0.0,0.0,,0.0
175,19,4.00,9,18.91,33.79,33.75,0.0,61.34,0.0,0.0,,0.0
175,20,4.00,9,18.70,32.18,32.14,0.0,0.00,0.0,0.0,,0.0
175,21,4.00,9,18.69,30.78,30.74,0.0,0.00,0.0,0.0,,0.0
175,22,4.00,9,18.83,29.57,29.54,0.0,0.00,0.0,0.0,,0.0
175,23,4.00,9,19.02,28.52,28.49,0.0,0.00,0.0,0.0,,0.0
175,24,4.00,9,19.10,27.58,27.55,0.0,0.00,0.0,0.0,,0.0
175,1,5.00,9,19.16,26.74,26.72,0.0,0.00,0.0,0.0,,0.0
175,2,5.00,9,19.27,25.99,25.97,0.0,0.00,0.0,0.0,,0.0
175,3,5.00,9,19.34,25.32,25.30,0.0,0.00,0.0,0.0,,0.0
175,4,5.00,9,19.22,24.70,24.68,0.0,0.00,0.0,0.0,,0.0
175,5,5.00,9,19.02,24.11,24.09,0.0,0.00,0.0,0.0,,0.0
175,6,5.00,9,19.14,23.59,23.58,0.0,0.00,0.0,0.0,,0.0
175,7,5.00,9,19.06,23.12,23.10,0.0,0.19,0.0,0.0,,0.0
175,8,5.00,9,18.53,24.12,24.11,0.0,13.95,0.0,0.0,,0.0
175,9,5.00,9,18.79,24.98,24.97,0.0,66.57,0.0,0.0,,0.0
175,10,5.00,9,19.82,25.98,25.81,-221.44,125.22,0.0,0.0,,-221.44
175,11,5.00,9,20.49,27.03,25.81,-1572.44,163.82,0.0,0.0,,-1572.44
175,12,5.00,9,20.48,28.02,25.81,-2020.49,191.60,0.0,0.0,,-2020.49
175,13,5.00,9,19.97,28.92,25.81,-2290.62,218.39,0.0,0.0,,-2290.62
175,14,5.00,9,19.89,29.73,25.81,-2458.83,227.57,0.0,0.0,,-2458.83
175,15,5.00,9,19.89,30.45,25.81,-2564.28,225.13,0.0,0.0,,-2564.28
175,16,5.00,9,19.89,31.05,25.81,-2571.08,213.22,0.0,0.0,,-2571.08
175,17,5.00,9,19.51,31.41,25.81,-2368.86,183.08,0.0,0.0,,-2368.86
175,18,5.00,9,18.99,31.50,25.81,-2008.02,133.55,0.0,0.0,,-2008.02
175,19,5.00,9,18.36,30.39,25.62,0.0,61.34,0.0,0.0,,0.0
175,20,5.00,9,18.08,29.13,24.92,0.0,0.00,0.0,0.0,,0.0
175,21,5.00,9,18.08,28.00,24.21,0.0,0.00,0.0,0.0,,0.0
175,22,5.00,9,18.29,27.01,23.59,0.0,0.00,0.0,0.0,,0.0
175,23,5.00,9,18.44,26.15,23.06,0.0,0.00,0.0,0.0,,0.0
175,24,5.00,9,18.26,25.35,22.55,0.0,0.00,0.0,0.0,,0.0
175,1,6.00,9,18.21,24.63,22.09,0.0,0.00,0.0,0.0,,0.0
175,2,6.00,9,18.10,23.96,21.66,0.0,0.00,0.0,0.0,,0.0
175,3,6.00,9,18.05,23.36,21.27,0.0,0.00,0.0,-0.0,,0.0
175,4,6.00,9,18.14,22.82,20.92,0.0,0.00,0.0,-0.0,,0.0
175,5,6.00,9,18.08,22.32,20.60,0.0,0.00,0.0,-0.0,,0.0
175,6,6.00,9,18.40,21.91,20.35,0.0,0.00,0.0,-0.0,,0.0
175,7,6.00,9,18.33,21.53,20.11,0.0,0.19,0.0,-0.0,,0.0
175,8,6.00,9,18.44,22.79,21.60,0.0,13.95,0.0,0.0,,0.0
175,9,6.00,9,18.81,23.85,22.83,0.0,66.57,0.0,0.0,,0.0
175,10,6.00,9,19.93,25.03,24.14,0.0,125.22,0.0,0.0,,0.0
175,11,6.00,9,20.41,26.19,25.43,0.0,163.82,0.0,0.0,,0.0
175,12,6.00,9,20.51,27.30,25.81,-1159.98,191.60,0.0,0.0,,-1159.98
175,13,6.00,9,20.29,28.35,25.81,-2054.89,218.39,0.0,0.0,,-2054.89
175,14,6.00,9,20.41,29.32,25.81,-2431.0,227.57,0.0,0.0,,-2431.0
175,15,6.00,9,20.64,30.21,25.81,-2676.0,225.13,0.0,0.0,,-2676.0
175,16,6.00,9,20.73,30.96,25.81,-2752.28,213.22,0.0,0.0,,-2752.28
175,17,6.00,9,20.43,31.46,25.81,-2594.25,183.08,0.0,0.0,,-2594.25
175,18,6.00,9,20.12,31.71,25.81,-2303.12,133.55,0.0,0.0,,-2303.12
175,19,6.00,9,19.65,30.68,25.78,0.0,61.34,0.0,0.0,,0.0
175,20,6.00,9,19.42,29.52,25.20,0.0,0.00,0.0,0.0,,0.0
175,21,6.00,9,19.49,28.47,24.60,0.0,0.00,0.0,0.0,,0.0
175,22,6.00,9,19.66,27.57,24.07,0.0,0.00,0.0,0.0,,0.0
175,23,6.00,9,19.74,26.77,23.61,0.0,0.00,0.0,0.0,,0.0
175,24,6.00,9,19.65,26.04,23.18,0.0,0.00,0.0,0.0,,0.0
175,1,7.00,9,19.81,25.40,22.81,0.0,0.00,0.0,0.0,,0.0
175,2,7.00,9,19.97,24.84,22.49,0.0,0.00,0.0,-0.0,,0.0
175,3,7.00,9,19.84,24.32,22.19,0.0,0.00,0.0,-0.0,,0.0
175,4,7.00,9,19.69,23.83,21.89,0.0,0.00,0.0,-0.0,,0.0
175,5,7.00,9,19.72,23.39,21.63,0.0,0.00,0.0,-0.0,,0.0
175,6,7.00,9,20.22,23.05,21.45,0.0,0.00,0.0,-0.0,,0.0
175,7,7.00,9,20.12,22.72,21.27,0.0,0.19,0.0,-0.0,,0.0
175,8,7.00,9,19.89,24.01,22.80,0.0,13.95,0.0,0.0,,0.0
175,9,7.00,9,20.23,25.10,24.05,0.0,66.57,0.0,0.0,,0.0
175,10,7.00,9,21.36,26.29,25.39,0.0,125.22,0.0,0.0,,0.0
175,11,7.00,9,21.58,27.43,25.81,-1182.39,163.82,0.0,0.0,,-1182.39
175,12,7.00,9,21.40,28.47,25.81,-2059.32,191.60,0.0,0.0,,-2059.32
175,13,7.00,9,20.77,29.40,25.81,-2405.76,218.39,0.0,0.0,,-2405.76
175,14,7.00,9,20.68,30.25,25.81,-2620.18,227.57,0.0,0.0,,-2620.18
175,15,7.00,9,20.79,31.02,25.81,-2780.13,225.13,0.0,0.0,,-2780.13
175,16,7.00,9,20.76,31.66,25.81,-2797.0,213.22,0.0,0.0,,-2797.0
175,17,7.00,9,20.46,32.07,25.81,-2623.19,183.08,0.0,0.0,,-2623.19
175,18,7.00,9,20.08,32.22,25.81,-2303.23,133.55,0.0,0.0,,-2303.23
175,19,7.00,9,19.45,31.14,25.76,0.0,61.34,0.0,0.0,,0.0
175,20,7.00,9,19.15,29.90,25.15,0.0,0.00,0.0,0.0,,0.0
175,21,7.00,9,19.19,28.79,24.53,0.0,0.00,0.0,0.0,,0.0
175,22,7.00,9,19.33,27.83,23.98,0.0,0.00,0.0,0.0,,0.0
175,23,7.00,9,19.40,26.98,23.49,0.0,0.00,0.0,0.0,,0.0
175,24,7.00,9,19.43,26.21,23.05,0.0,0.00,0.0,0.0,,0.0
175,1,1.00,9,19.59,25.54,22.68,0.0,0.00,0.0,0.0,,0.0
175,2,1.00,9,19.80,24.95,22.36,0.0,0.00,0.0,-0.0,,0.0
175,3,1.00,9,19.87,24.43,22.07,0.0,0.00,0.0,-0.0,,0.0
175,4,1.00,9,19.99,23.96,21.83,0.0,0.00,0.0,-0.0,,0.0
175,5,1.00,9,20.12,23.55,21.61,0.0,0.00,0.0,-0.0,,0.0
175,6,1.00,9,20.03,23.17,21.41,0.0,0.00,0.0,-0.0,,0.0
175,7,1.00,9,19.27,22.73,21.14,0.0,0.19,0.0,-0.0,,0.0
175,8,1.00,9,19.18,23.91,22.57,0.0,13.95,0.0,0.0,,0.0
175,9,1.00,9,19.31,24.87,23.72,0.0,66.57,0.0,0.0,,0.0
175,10,1.00,9,20.28,25.94,24.94,0.0,125.22,0.0,0.0,,0.0
175,11,1.00,9,20.69,27.01,25.81,-479.51,163.82,0.0,0.0,,-479.51
175,12,1.00,9,20.83,28.05,25.81,-1801.31,191.60,0.0,0.0,,-1801.31
175,13,1.00,9,20.71,29.06,25.81,-2326.77,218.39,0.0,0.0,,-2326.77
175,14,1.00,9,20.58,29.95,25.81,-2565.74,227.57,0.0,0.0,,-2565.74
175,15,1.00,9,20.81,30.77,25.81,-2768.16,225.13,0.0,0.0,,-2768.16
175,16,1.00,9,20.91,31.47,25.81,-2825.5,213.22,0.0,0.0,,-2825.5
175,17,1.00,9,20.63,31.93,25.81,-2663.53,183.08,0.0,0.0,,-2663.53
175,18,1.00,9,20.22,32.12,25.81,-2339.66,133.55,0.0,0.0,,-2339.66
175,19,1.00,9,19.60,31.06,25.78,0.0,61.34,0.0,0.0,,0.0
175,20,1.00,9,19.31,29.84,25.19,0.0,0.00,0.0,0.0,,0.0
175,21,1.00,9,19.34,28.75,24.58,0.0,0.00,0.0,0.0,,0.0
175,22,1.00,9,19.43,27.80,24.03,0.0,0.00,0.0,0.0,,0.0
175,23,1.00,9,19.53,26.96,23.55,0.0,0.00,0.0,0.0,,0.0
175,24,1.00,9,19.51,26.20,23.11,0.0,0.00,0.0,0.0,,0.0
175,1,2.00,9,19.60,25.53,22.73,0.0,0.00,0.0,0.0,,0.0
175,2,2.00,9,19.71,24.93,22.39,0.0,0.00,0.0,-0.0,,0.0
175,3,2.00,9,19.70,24.39,22.09,0.0,0.00,0.0,-0.0,,0.0
175,4,2.00,9,19.80,23.91,21.82,0.0,0.00,0.0,-0.0,,0.0
175,5,2.00,9,19.81,23.47,21.57,0.0,0.00,0.0,-0.0,,0.0
175,6,2.00,9,20.14,23.11,21.39,0.0,0.00,0.0,-0.0,,0.0
175,7,2.00,9,20.06,22.78,21.21,0.0,0.19,0.0,-0.0,,0.0
175,8,2.00,9,19.51,23.99,22.68,0.0,13.95,0.0,0.0,,0.0
175,9,2.00,9,19.51,24.96,23.83,0.0,66.57,0.0,0.0,,0.0
175,10,2.00,9,20.42,26.03,25.06,0.0,125.22,0.0,0.0,,0.0
175,11,2.00,9,20.68,27.08,25.81,-603.61,163.82,0.0,0.0,,-603.61
175,12,2.00,9,20.60,28.06,25.81,-1768.48,191.60,0.0,0.0,,-1768.48
175,13,2.00,9,19.91,28.93,25.81,-2133.93,218.39,0.0,0.0,,-2133.93
175,14,2.00,9,19.58,29.69,25.81,-2300.6,227.57,0.0,0.0,,-2300.6
175,15,2.00,9,19.71,30.39,25.81,-2468.07,225.13,0.0,0.0,,-2468.07
175,16,2.00,9,19.85,31.00,25.81,-2531.45,213.22,0.0,0.0,,-2531.45
175,17,2.00,9,19.46,31.36,25.81,-2338.29,183.08,0.0,0.0,,-2338.29
175,18,2.00,9,19.11,31.48,25.81,-2027.26,133.55,0.0,0.0,,-2027.26
175,19,2.00,9,18.43,30.38,25.63,0.0,61.34,0.0,0.0,,0.0
175,20,2.00,9,18.12,29.12,24.92,0.0,0.00,0.0,0.0,,0.0
175,21,2.00,9,18.19,28.00,24.23,0.0,0.00,0.0,0.0,,0.0
175,22,2.00,9,18.38,27.02,23.62,0.0,0.00,0.0,0.0,,0.0
175,23,2.00,9,18.44,26.16,23.07,0.0,0.00,0.0,0.0,,0.0
175,24,2.00,9,18.40,25.37,22.58,0.0,0.00,0.0,0.0,,0.0
175,1,3.00,9,18.47,24.67,22.14,0.0,0.00,0.0,0.0,,0.0
175,2,3.00,9,18.63,24.06,21.77,0.0,0.00,0.0,0.0,,0.0
175,3,3.00,9,18.69,23.51,21.43,0.0,0.00,0.0,-0.0,,0.0
175,4,3.00,9,18.75,23.02,21.13,0.0,0.00,0.0,-0.0,,0.0
175,5,3.00,9,18.94,22.59,20.87,0.0,0.00,0.0,-0.0,,0.0
175,6,3.00,9,19.50,22.26,20.70,0.0,0.00,0.0,-0.0,,0.0
175,7,3.00,9,19.25,21.92,20.51,0.0,0.19,0.0,-0.0,,0.0
175,8,3.00,9,19.33,23.60,22.32,0.0,13.95,0.0,0.0,,0.0
175,9,3.00,9,19.51,24.99,23.83,0.0,66.57,0.0,0.0,,0.0
175,10,3.00,9,20.41,26.41,25.36,0.0,125.22,0.0,0.0,,0.0
175,11,3.00,9,20.56,27.81,26.85,0.0,163.82,0.0,0.0,,0.0
175,12,3.00,9,20.58,29.18,28.31,0.0,191.60,0.0,0.0,,0.0
175,13,3.00,9,20.43,30.57,29.78,0.0,218.39,0.0,0.0,,0.0
175,14,3.00,9,20.21,31.84,31.12,0.0,227.57,0.0,0.0,,0.0
175,15,3.00,9,19.80,32.97,32.32,0.0,225.13,0.0,0.0,,0.0
175,16,3.00,9,20.02,33.98,33.39,0.0,213.22,0.0,0.0,,0.0
175,17,3.00,9,19.74,34.78,34.25,0.0,183.08,0.0,0.0,,0.0
175,18,3.00,9,19.43,35.32,34.83,0.0,133.55,0.0,0.0,,0.0
175,19,3.00,9,18.80,33.57,33.13,0.0,61.34,0.0,0.0,,0.0
175,20,3.00,9,18.41,31.95,31.55,0.0,0.00,0.0,0.0,,0.0
175,21,3.00,9,18.44,30.55,30.18,0.0,0.00,0.0,0.0,,0.0
175,22,3.00,9,18.48,29.33,29.00,0.0,0.00,0.0,0.0,,0.0
175,23,3.00,9,18.53,28.25,27.95,0.0,0.00,0.0,0.0,,0.0
175,24,3.00,9,18.60,27.29,27.02,0.0,0.00,0.0,0.0,,0.0
175,1,4.00,9,18.68,26.43,26.18,0.0,0.00,0.0,0.0,,0.0
175,2,4.00,9,18.78,25.67,25.44,0.0,0.00,0.0,0.0,,0.0
175,3,4.00,9,18.86,24.98,24.78,0.0,0.00,0.0,0.0,,0.0
175,4,4.00,9,18.90,24.36,24.18,0.0,0.00,0.0,0.0,,0.0
175,5,4.00,9,19.05,23.82,23.65,0.0,0.00,0.0,0.0,,0.0
175,6,4.00,9,19.32,23.35,23.20,0.0,0.00,0.0,0.0,,0.0
175,7,4.00,9,19.16,22.91,22.77,0.0,0.19,0.0,0.0,,0.0
175,8,4.00,9,18.85,24.44,24.32,0.0,13.95,0.0,0.0,,0.0
175,9,4.00,9,18.80,25.68,25.57,0.0,66.57,0.0,0.0,,0.0
175,10,4.00,9,19.81,26.98,26.88,0.0,125.22,0.0,0.0,,0.0
175,11,4.00,9,20.47,28.33,28.23,0.0,163.82,0.0,0.0,,0.0
175,12,4.00,9,20.76,29.68,29.59,0.0,191.60,0.0,0.0,,0.0
175,13,4.00,9,20.34,31.01,30.93,0.0,218.39,0.0,0.0,,0.0
175,14,4.00,9,20.32,32.26,32.18,0.0,227.57,0.0,0.0,,0.0
175,15,4.00,9,19.85,33.35,33.28,0.0,225.13,0.0,0.0,,0.0
175,16,4.00,9,20.04,34.33,34.27,0.0,213.22,0.0,0.0,,0.0
175,17,4.00,9,19.75,35.10,35.04,0.0,183.08,0.0,0.0,,0.0
175,18,4.00,9,19.40,35.60,35.55,0.0,133.55,0.0,0.0,,0.0
175,19,4.00,9,18.67,33.81,33.77,0.0,61.34,0.0,0.0,,0.0
175,20,4.00,9,18.45,32.18,32.14,0.0,0.00,0.0,0.0,,0.0
175,21,4.00,9,18.43,30.75,30.72,0.0,0.00,0.0,0.0,,0.0
175,22,4.00,9,18.49,29.52,29.48,0.0,0.00,0.0,0.0,,0.0
175,23,4.00,9,18.54,28.42,28.39,0.0,0.00,0.0,0.0,,0.0
175,24,4.00,9,18.61,27.44,27.42,0.0,0.00,0.0,0.0,,0.0
175,1,5.00,9,18.76,26.58,26.56,0.0,0.00,0.0,0.0,,0.0
175,2,5.00,9,18.86,25.81,25.79,0.0,0.00,0.0,0.0,,0.0
175,3,5.00,9,18.93,25.12,25.10,0.0,0.00,0.0,0.0,,0.0
175,4,5.00,9,18.98,24.50,24.48,0.0,0.00,0.0,0.0,,0.0
175,5,5.00,9,19.16,23.95,23.93,0.0,0.00,0.0,0.0,,0.0
175,6,5.00,9,19.45,23.49,23.47,0.0,0.00,0.0,0.0,,0.0
175,7,5.00,9,19.34,23.05,23.03,0.0,0.19,0.0,0.0,,0.0
175,8,5.00,9,18.92,24.13,24.12,0.0,13.95,0.0,0.0,,0.0
175,9,5.00,9,18.91,25.00,24.98,0.0,66.57,0.0,0.0,,0.0
175,10,5.00,9,19.62,25.94,25.81,-175.35,125.22,0.0,0.0,,-175.35
175,11,5.00,9,20.28,26.97,25.81,-1512.73,163.82,0.0,0.0,,-1512.73
175,12,5.00,9,20.45,27.96,25.81,-2004.37,191.60,0.0,0.0,,-2004.37
175,13,5.00,9,19.94,28.87,25.81,-2279.87,218.39,0.0,0.0,,-2279.87
175,14,5.00,9,19.72,29.66,25.81,-2414.07,227.57,0.0,0.0,,-2414.07
175,15,5.00,9,19.68,30.36,25.81,-2505.52,225.13,0.0,0.0,,-2505.52
175,16,5.00,9,19.59,30.92,25.81,-2488.04,213.22,0.0,0.0,,-2488.04
175,17,5.00,9,19.05,31.23,25.81,-2244.12,183.08,0.0,0.0,,-2244.12
175,18,5.00,9,18.36,31.25,25.81,-1837.1,133.55,0.0,0.0,,-1837.1
175,19,5.00,9,17.45,30.08,25.50,0.0,61.34,0.0,0.0,,0.0
175,20,5.00,9,16.91,28.74,24.69,0.0,0.00,0.0,0.0,,0.0
175,21,5.00,9,16.74,27.51,23.87,0.0,0.00,0.0,0.0,,0.0
175,22,5.00,9,16.70,26.41,23.13,0.0,0.00,0.0,0.0,,0.0
175,23,5.00,9,16.50,25.42,22.45,0.0,0.00,0.0,0.0,,0.0
175,24,5.00,9,16.08,24.48,21.79,0.0,0.00,0.0,0.0,,0.0
175,1,6.00,9,15.70,23.60,21.16,0.0,0.00,0.0,0.0,,0.0
175,2,6.00,9,15.62,22.80,20.58,0.0,0.00,0.0,0.0,,0.0
175,3,6.00,9,15.61,22.08,20.07,0.0,0.00,0.0,0.0,,0.0
175,4,6.00,9,15.45,21.41,19.59,0.0,0.00,0.0,0.0,,0.0
175,5,6.00,9,15.42,20.80,19.15,0.0,0.00,0.0,0.0,,0.0
175,6,6.00,9,15.65,20.28,18.78,0.0,0.00,0.0,0.0,,0.0
175,7,6.00,9,15.24,19.76,18.40,0.0,0.19,0.0,-0.0,,0.0
175,8,6.00,9,15.04,20.75,20.81,1691.51,13.95,0.0,0.0,,1691.51
175,9,6.00,9,15.42,21.63,21.39,0.0,66.57,0.0,0.0,,0.0
175,10,6.00,9,16.52,22.64,22.36,0.0,125.22,0.0,0.0,,0.0
175,11,6.00,9,17.74,23.81,23.54,0.0,163.82,0.0,0.0,,0.0
175,12,6.00,9,18.64,25.04,24.80,0.0,191.60,0.0,0.0,,0.0
175,13,6.00,9,18.65,26.20,25.81,-257.67,218.39,0.0,0.0,,-257.67
175,14,6.00,9,18.76,27.26,25.81,-1616.07,227.57,0.0,0.0,,-1616.07
175,15,6.00,9,19.14,28.24,25.81,-2073.49,225.13,0.0,0.0,,-2073.49
175,16,6.00,9,19.48,29.10,25.81,-2297.24,213.22,0.0,0.0,,-2297.24
175,17,6.00,9,19.28,29.71,25.81,-2213.24,183.08,0.0,0.0,,-2213.24
175,18,6.00,9,18.93,30.03,25.81,-1936.97,133.55,0.0,0.0,,-1936.97
175,19,6.00,9,18.36,29.03,25.60,0.0,61.34,0.0,0.0,,0.0
175,20,6.00,9,18.13,27.90,24.89,0.0,0.00,0.0,0.0,,0.0
175,21,6.00,9,18.17,26.88,24.19,0.0,0.00,0.0,0.0,,0.0
175,22,6.00,9,18.34,26.00,23.58,0.0,0.00,0.0,0.0,,0.0
175,23,6.00,9,18.44,25.23,23.04,0.0,0.00,0.0,0.0,,0.0
175,24,6.00,9,18.59,24.55,22.57,0.0,0.00,0.0,0.0,,0.0
175,1,7.00,9,18.49,23.93,22.14,0.0,0.00,0.0,0.0,,0.0
175,2,7.00,9,18.66,23.39,21.76,0.0,0.00,0.0,0.0,,0.0
175,3,7.00,9,18.81,22.91,21.44,0.0,0.00,0.0,-0.0,,0.0
175,4,7.00,9,18.82,22.48,21.14,0.0,0.00,0.0,-0.0,,0.0
175,5,7.00,9,19.12,22.12,20.90,0.0,0.00,0.0,-0.0,,0.0
175,6,7.00,9,18.82,21.75,20.65,0.0,0.00,0.0,-0.0,,0.0
175,7,7.00,9,18.22,21.36,20.35,0.0,0.19,0.0,-0.0,,0.0
175,8,7.00,9,18.27,22.61,21.77,0.0,13.95,0.0,0.0,,0.0
175,9,7.00,9,18.36,23.62,22.90,0.0,66.57,0.0,0.0,,0.0
175,10,7.00,9,19.08,24.69,24.06,0.0,125.22,0.0,0.0,,0.0
175,11,7.00,9,19.79,25.82,25.28,0.0,163.82,0.0,0.0,,0.0
175,12,7.00,9,20.17,26.94,25.81,-933.46,191.60,0.0,0.0,,-933.46
175,13,7.00,9,20.15,28.04,25.81,-1990.9,218.39,0.0,0.0,,-1990.9
175,14,7.00,9,19.85,28.96,25.81,-2275.53,227.57,0.0,0.0,,-2275.53
175,15,7.00,9,19.36,29.69,25.81,-2335.35,225.13,0.0,0.0,,-2335.35
175,16,7.00,9,19.52,30.34,25.81,-2415.05,213.22,0.0,0.0,,-2415.05
175,17,7.00,9,19.37,30.79,25.81,-2292.69,183.08,0.0,0.0,,-2292.69
175,18,7.00,9,18.90,30.96,25.81,-1961.93,133.55,0.0,0.0,,-1961.93
175,19,7.00,9,18.28,29.88,25.60,0.0,61.34,0.0,0.0,,0.0
175,20,7.00,9,18.00,28.66,24.89,0.0,0.00,0.0,0.0,,0.0
175,21,7.00,9,18.12,27.57,24.19,0.0,0.00,0.0,0.0,,0.0
175,22,7.00,9,18.24,26.62,23.57,0.0,0.00,0.0,0.0,,0.0
175,23,7.00,9,18.59,25.81,23.05,0.0,0.00,0.0,0.0,,0.0
175,24,7.00,9,18.71,25.09,22.59,0.0,0.00,0.0,0.0,,0.0
175,1,1.00,9,18.61,24.43,22.16,0.0,0.00,0.0,0.0,,0.0
175,2,1.00,9,18.82,23.86,21.80,0.0,0.00,0.0,0.0,,0.0
175,3,1.00,9,18.91,23.35,21.48,0.0,0.00,0.0,-0.0,,0.0
175,4,1.00,9,18.94,22.89,21.19,0.0,0.00,0.0,-0.0,,0.0
175,5,1.00,9,19.22,22.50,20.96,0.0,0.00,0.0,-0.0,,0.0
175,6,1.00,9,19.18,22.14,20.74,0.0,0.00,0.0,-0.0,,0.0
175,7,1.00,9,18.67,21.75,20.48,0.0,0.19,0.0,-0.0,,0.0
175,8,1.00,9,18.74,23.02,21.95,0.0,13.95,0.0,0.0,,0.0
175,9,1.00,9,18.71,24.01,23.10,0.0,66.57,0.0,0.0,,0.0
175,10,1.00,9,19.64,25.11,24.32,0.0,125.22,0.0,0.0,,0.0
175,11,1.00,9,20.02,26.20,25.52,0.0,163.82,0.0,0.0,,0.0
175,12,1.00,9,20.17,27.26,25.81,-1206.38,191.60,0.0,0.0,,-1206.38
175,13,1.00,9,20.32,28.34,25.81,-2095.65,218.39,0.0,0.0,,-2095.65
175,14,1.00,9,20.25,29.29,25.81,-2409.35,227.57,0.0,0.0,,-2409.35
175,15,1.00,9,19.88,30.05,25.81,-2489.59,225.13,0.0,0.0,,-2489.59
175,16,1.00,9,19.91,30.70,25.81,-2534.75,213.22,0.0,0.0,,-2534.75
175,17,1.00,9,19.52,31.11,25.81,-2346.54,183.08,0.0,0.0,,-2346.54
175,18,1.00,9,18.93,31.22,25.81,-1976.77,133.55,0.0,0.0,,-1976.77
175,19,1.00,9,18.22,30.12,25.60,0.0,61.34,0.0,0.0,,0.0
175,20,1.00,9,17.92,28.87,24.87,0.0,0.00,0.0,0.0,,0.0
175,21,1.00,9,17.88,27.73,24.15,0.0,0.00,0.0,0.0,,0.0
175,22,1.00,9,17.78,26.72,23.48,0.0,0.00,0.0,0.0,,0.0
175,23,1.00,9,17.84,25.82,22.90,0.0,0.00,0.0,0.0,,0.0
175,24,1.00,9,17.77,25.01,22.36,0.0,0.00,0.0,0.0,,0.0
175,1,2.00,9,17.71,24.27,21.87,0.0,0.00,0.0,0.0,,0.0
175,2,2.00,9,17.67,23.60,21.42,0.0,0.00,0.0,0.0,,0.0
175,3,2.00,9,17.68,23.00,21.02,0.0,0.00,0.0,0.0,,0.0
175,4,2.00,9,17.93,22.48,20.69,0.0,0.00,0.0,-0.0,,0.0
175,5,2.00,9,17.94,22.01,20.38,0.0,0.00,0.0,-0.0,,0.0
175,6,2.00,9,17.97,21.58,20.10,0.0,0.00,0.0,-0.0,,0.0
175,7,2.00,9,18.13,21.21,19.87,0.0,0.19,0.0,-0.0,,0.0
175,8,2.00,9,18.22,22.49,21.36,0.0,13.95,0.0,-106.75,,-106.75
175,9,2.00,9,18.37,23.53,22.56,0.0,66.57,0.0,0.0,,0.0
175,10,2.00,9,18.94,24.58,23.75,0.0,125.22,0.0,0.0,,0.0
175,11,2.00,9,19.70,25.72,25.00,0.0,163.82,0.0,0.0,,0.0
175,12,2.00,9,19.84,26.80,25.81,-508.12,191.60,0.0,0.0,,-508.12
175,13,2.00,9,19.83,27.87,25.81,-1821.59,218.39,0.0,0.0,,-1821.59
175,14,2.00,9,20.03,28.86,25.81,-2272.16,227.57,0.0,0.0,,-2272.16
175,15,2.00,9,20.05,29.73,25.81,-2488.77,225.13,0.0,0.0,,-2488.77
175,16,2.00,9,20.08,30.45,25.81,-2557.68,213.22,0.0,0.0,,-2557.68
175,17,2.00,9,19.65,30.91,25.81,-2370.82,183.08,0.0,0.0,,-2370.82
175,18,2.00,9,19.20,31.10,25.81,-2044.2,133.55,0.0,0.0,,-2044.2
175,19,2.00,9,18.58,30.03,25.64,0.0,61.34,0.0,0.0,,0.0
175,20,2.00,9,18.27,28.82,24.95,0.0,0.00,0.0,0.0,,0.0
175,21,2.00,9,18.29,27.73,24.26,0.0,0.00,0.0,0.0,,0.0
175,22,2.00,9,18.43,26.78,23.65,0.0,0.00,0.0,0.0,,0.0
175,23,2.00,9,18.58,25.95,23.12,0.0,0.00,0.0,0.0,,0.0
175,24,2.00,9,18.67,25.21,22.65,0.0,0.00,0.0,0.0,,0.0
175,1,3.00,9,18.48,24.52,22.20,0.0,0.00,0.0,0.0,,0.0
175,2,3.00,9,18.44,23.90,21.79,0.0,0.00,0.0,0.0,,0.0
175,3,3.00,9,18.29,23.32,21.41,0.0,0.00,0.0,-0.0,,0.0
175,4,3.00,9,18.21,22.79,21.05,0.0,0.00,0.0,-0.0,,0.0
175,5,3.00,9,17.97,22.28,20.70,0.0,0.00,0.0,0.0,,0.0
175,6,3.00,9,18.08,21.84,20.41,0.0,0.00,0.0,-0.0,,0.0
175,7,3.00,9,17.62,21.38,20.08,0.0,0.19,0.0,-0.0,,0.0
175,8,3.00,9,18.00,22.99,21.81,0.0,13.95,0.0,0.0,,0.0
175,9,3.00,9,17.94,24.29,23.22,0.0,66.57,0.0,0.0,,0.0
175,10,3.00,9,18.60,25.60,24.63,0.0,125.22,0.0,0.0,,0.0
175,11,3.00,9,19.37,26.98,26.10,0.0,163.82,0.0,0.0,,0.0
175,12,3.00,9,19.73,28.36,27.56,0.0,191.60,0.0,0.0,,0.0
175,13,3.00,9,19.78,29.78,29.05,0.0,218.39,0.0,0.0,,0.0
175,14,3.00,9,20.06,31.12,30.47,0.0,227.57,0.0,0.0,,0.0
175,15,3.00,9,20.25,32.38,31.78,0.0,225.13,0.0,0.0,,0.0
175,16,3.00,9,20.33,33.48,32.94,0.0,213.22,0.0,0.0,,0.0
175,17,3.00,9,20.05,34.36,33.87,0.0,183.08,0.0,0.0,,0.0
175,18,3.00,9,19.75,34.96,34.52,0.0,133.55,0.0,0.0,,0.0
175,19,3.00,9,19.16,33.28,32.88,0.0,61.34,0.0,0.0,,0.0
175,20,3.00,9,18.88,31.74,31.37,0.0,0.00,0.0,0.0,,0.0
175,21,3.00,9,18.72,30.38,30.04,0.0,0.00,0.0,0.0,,0.0
175,22,3.00,9,18.83,29.20,28.90,0.0,0.00,0.0,0.0,,0.0
175,23,3.00,9,18.97,28.18,27.90,0.0,0.00,0.0,0.0,,0.0
175,24,3.00,9,19.18,27.28,27.03,0.0,0.00,0.0,0.0,,0.0
175,1,4.00,9,19.25,26.48,26.25,0.0,0.00,0.0,0.0,,0.0
175,2,4.00,9,19.28,25.75,25.55,0.0,0.00,0.0,0.0,,0.0
175,3,4.00,9,19.28,25.10,24.91,0.0,0.00,0.0,0.0,,0.0
175,4,4.00,9,19.11,24.48,24.31,0.0,0.00,0.0,0.0,,0.0
175,5,4.00,9,19.19,23.93,23.78,0.0,0.00,0.0,0.0,,0.0
175,6,4.00,9,19.54,23.48,23.34,0.0,0.00,0.0,0.0,,0.0
175,7,4.00,9,19.31,23.03,22.90,0.0,0.19,0.0,0.0,,0.0
175,8,4.00,9,18.91,24.56,24.44,0.0,13.95,0.0,0.0,,0.0
175,9,4.00,9,18.66,25.77,25.66,0.0,66.57,0.0,0.0,,0.0
175,10,4.00,9,19.00,26.96,26.87,0.0,125.22,0.0,0.0,,0.0
175,11,4.00,9,19.86,28.25,28.17,0.0,163.82,0.0,0.0,,0.0
175,12,4.00,9,20.28,29.57,29.49,0.0,191.60,0.0,0.0,,0.0
175,13,4.00,9,20.34,30.92,30.85,0.0,218.39,0.0,0.0,,0.0
175,14,4.00,9,20.23,32.17,32.11,0.0,227.57,0.0,0.0,,0.0
175,15,4.00,9,19.82,33.27,33.21,0.0,225.13,0.0,0.0,,0.0
175,16,4.00,9,19.78,34.23,34.18,0.0,213.22,0.0,0.0,,0.0
175,17,4.00,9,19.53,34.99,34.94,0.0,183.08,0.0,0.0,,0.0
175,18,4.00,9,19.07,35.47,35.42,0.0,133.55,0.0,0.0,,0.0
175,19,4.00,9,18.21,33.65,33.61,0.0,61.34,0.0,0.0,,0.0
175,20,4.00,9,17.78,31.96,31.92,0.0,0.00,0.0,0.0,,0.0
175,21,4.00,9,17.42,30.45,30.42,0.0,0.00,0.0,0.0,,0.0
175,22,4.00,9,17.22,29.11,29.08,0.0,0.00,0.0,0.0,,0.0
175,23,4.00,9,17.06,27.91,27.88,0.0,0.00,0.0,0.0,,0.0
175,24,4.00,9,16.94,26.82,26.80,0.0,0.00,0.0,0.0,,0.0
175,1,5.00,9,16.79,25.83,25.81,0.0,0.00,0.0,0.0,,0.0
175,2,5.00,9,16.52,24.90,24.88,0.0,0.00,0.0,0.0,,0.0
175,3,5.00,9,16.37,24.05,24.03,0.0,0.00,0.0,0.0,,0.0
175,4,5.00,9,16.13,23.26,23.24,0.0,0.00,0.0,0.0,,0.0
175,5,5.00,9,16.04,22.53,22.52,0.0,0.00,0.0,0.0,,0.0
175,6,5.00,9,16.26,21.90,21.89,0.0,0.00,0.0,0.0,,0.0
175,7,5.00,9,16.11,21.31,21.30,0.0,0.19,0.0,0.0,,0.0
175,8,5.00,9,16.26,22.26,22.25,0.0,13.95,0.0,0.0,,0.0
175,9,5.00,9,16.64,23.10,23.09,0.0,66.57,0.0,0.0,,0.0
175,10,5.00,9,17.76,24.08,24.07,0.0,125.22,0.0,0.0,,0.0
175,11,5.00,9,18.98,25.22,25.21,0.0,163.82,0.0,0.0,,0.0
175,12,5.00,9,19.62,26.37,25.81,-783.41,191.60,0.0,0.0,,-783.41
175,13,5.00,9,19.86,27.53,25.81,-1931.0,218.39,0.0,0.0,,-1931.0
175,14,5.00,9,20.02,28.58,25.81,-2326.39,227.57,0.0,0.0,,-2326.39
175,15,5.00,9,19.92,29.46,25.81,-2486.61,225.13,0.0,0.0,,-2486.61
175,16,5.00,9,19.77,30.17,25.81,-2493.53,213.22,0.0,0.0,,-2493.53
175,17,5.00,9,19.30,30.61,25.81,-2286.92,183.08,0.0,0.0,,-2286.92
175,18,5.00,9,18.72,30.77,25.81,-1919.39,133.55,0.0,0.0,,-1919.39
175,19,5.00,9,17.62,29.64,25.52,0.0,61.34,0.0,0.0,,0.0
175,20,5.00,9,17.04,28.34,24.72,0.0,0.00,0.0,0.0,,0.0
175,21,5.00,9,16.73,27.14,23.89,0.0,0.00,0.0,0.0,,0.0
175,22,5.00,9,16.65,26.07,23.14,0.0,0.00,0.0,0.0,,0.0
175,23,5.00,9,16.47,25.10,22.45,0.0,0.00,0.0,0.0,,0.0
175,24,5.00,9,16.51,24.24,21.84,0.0,0.00,0.0,0.0,,0.0
175,1,6.00,9,16.13,23.42,21.25,0.0,0.00,0.0,0.0,,0.0
175,2,6.00,9,15.70,22.64,20.67,0.0,0.00,0.0,0.0,,0.0
175,3,6.00,9,15.27,21.89,20.10,0.0,0.00,0.0,0.0,,0.0
175,4,6.00,9,15.30,21.23,19.60,0.0,0.00,0.0,-0.0,,0.0
175,5,6.00,9,14.87,20.58,19.10,0.0,0.00,0.0,-0.0,,0.0
175,6,6.00,9,14.81,19.99,18.65,0.0,0.00,0.0,-0.0,,0.0
175,7,6.00,9,14.97,19.48,18.26,0.0,0.19,0.0,-0.0,,0.0
175,8,6.00,9,14.98,20.52,20.81,1851.24,13.95,0.0,0.0,,1851.24
175,9,6.00,9,15.24,21.40,21.33,0.0,66.57,0.0,0.0,,0.0
175,10,6.00,9,16.82,22.50,22.37,0.0,125.22,0.0,0.0,,0.0
175,11,6.00,9,18.35,23.79,23.65,0.0,163.82,0.0,0.0,,0.0
175,12,6.00,9,19.25,25.11,24.98,0.0,191.60,0.0,0.0,,0.0
175,13,6.00,9,19.43,26.38,25.81,-637.19,218.39,0.0,0.0,,-637.19
175,14,6.00,9,19.72,27.55,25.81,-1905.13,227.57,0.0,0.0,,-1905.13
175,15,6.00,9,19.63,28.54,25.81,-2235.89,225.13,0.0,0.0,,-2235.89
175,16,6.00,9,19.50,29.34,25.81,-2327.76,213.22,0.0,0.0,,-2327.76
175,17,6.00,9,19.15,29.88,25.81,-2190.43,183.08,0.0,0.0,,-2190.43
175,18,6.00,9,18.66,30.13,25.81,-1870.49,133.55,0.0,0.0,,-1870.49
175,19,6.00,9,17.25,29.01,25.47,0.0,61.34,0.0,0.0,,0.0
175,20,6.00,9,16.43,27.70,24.60,0.0,0.00,0.0,0.0,,0.0
175,21,6.00,9,16.26,26.51,23.74,0.0,0.00,0.0,0.0,,0.0
175,22,6.00,9,15.90,25.42,22.92,0.0,0.00,0.0,0.0,,0.0
175,23,6.00,9,16.01,24.48,22.22,0.0,0.00,0.0,0.0,,0.0
175,24,6.00,9,15.85,23.61,21.57,0.0,0.00,0.0,0.0,,0.0
175,1,7.00,9,15.53,22.80,20.94,0.0,0.00,0.0,0.0,,0.0
175,2,7.00,9,15.44,22.06,20.38,0.0,0.00,0.0,0.0,,0.0
175,3,7.00,9,15.30,21.38,19.85,0.0,0.00,0.0,0.0,,0.0
175,4,7.00,9,15.20,20.75,19.37,0.0,0.00,0.0,0.0,,0.0
175,5,7.00,9,15.24,20.19,18.93,0.0,0.00,0.0,0.0,,0.0
175,6,7.00,9,15.36,19.70,18.55,0.0,0.00,0.0,0.0,,0.0
175,7,7.00,9,15.36,19.25,18.21,0.0,0.19,0.0,-0.0,,0.0
175,8,7.00,9,15.46,20.40,20.81,1801.78,13.95,0.0,0.0,,1801.78
175,9,7.00,9,16.10,21.43,21.48,0.0,66.57,0.0,0.0,,0.0
175,10,7.00,9,17.92,22.70,22.66,0.0,125.22,0.0,0.0,,0.0
175,11,7.00,9,19.50,24.13,24.07,0.0,163.82,0.0,0.0,,0.0
175,12,7.00,9,20.26,25.53,25.47,0.0,191.60,0.0,0.0,,0.0
175,13,7.00,9,20.46,26.88,25.81,-1425.7,218.39,0.0,0.0,,-1425.7
175,14,7.00,9,20.68,28.10,25.81,-2276.55,227.57,0.0,0.0,,-2276.55
175,15,7.00,9,20.72,29.17,25.81,-2587.2,225.13,0.0,0.0,,-2587.2
175,16,7.00,9,20.64,30.04,25.81,-2670.25,213.22,0.0,0.0,,-2670.25
175,17,7.00,9,20.27,30.63,25.81,-2520.32,183.08,0.0,0.0,,-2520.32
175,18,7.00,9,19.71,30.92,25.81,-2175.21,133.55,0.0,0.0,,-2175.21
175,19,7.00,9,18.55,29.84,25.64,0.0,61.34,0.0,0.0,,0.0
175,20,7.00,9,17.82,28.58,24.90,0.0,0.00,0.0,0.0,,0.0
175,21,7.00,9,17.61,27.43,24.14,0.0,0.00,0.0,0.0,,0.0
175,22,7.00,9,17.64,26.43,23.46,0.0,0.00,0.0,0.0,,0.0
175,23,7.00,9,17.50,25.52,22.84,0.0,0.00,0.0,0.0,,0.0
175,24,7.00,9,17.35,24.69,22.26,0.0,0.00,0.0,0.0,,0.0
175,1,1.00,9,17.08,23.92,21.72,0.0,0.00,0.0,0.0,,0.0
175,2,1.00,9,17.10,23.23,21.23,0.0,0.00,0.0,0.0,,0.0
175,3,1.00,9,16.89,22.58,20.77,0.0,0.00,0.0,-0.0,,0.0
175,4,1.00,9,16.56,21.96,20.32,0.0,0.00,0.0,0.0,,0.0
175,5,1.00,9,16.07,21.35,19.86,0.0,0.00,0.0,0.0,,0.0
175,6,1.00,9,15.96,20.79,19.44,0.0,0.00,0.0,0.0,,0.0
175,7,1.00,9,15.64,20.25,19.02,0.0,0.19,0.0,0.0,,0.0
175,8,1.00,9,15.47,21.24,20.81,855.17,13.95,0.0,0.0,,855.17
175,9,1.00,9,15.47,22.03,21.52,0.0,66.57,0.0,0.0,,0.0
175,10,1.00,9,16.77,23.03,22.55,0.0,125.22,0.0,0.0,,0.0
175,11,1.00,9,17.68,24.12,23.70,0.0,163.82,0.0,0.0,,0.0
175,12,1.00,9,18.23,25.23,24.86,0.0,191.60,0.0,0.0,,0.0
175,13,1.00,9,18.13,26.29,25.81,-216.33,218.39,0.0,0.0,,-216.33
175,14,1.00,9,18.51,27.30,25.81,-1571.86,227.57,0.0,0.0,,-1571.86
175,15,1.00,9,18.20,28.13,25.81,-1842.14,225.13,0.0,0.0,,-1842.14
175,16,1.00,9,18.37,28.84,25.81,-2005.48,213.22,0.0,0.0,,-2005.48
175,17,1.00,9,18.23,29.34,25.81,-1924.31,183.08,0.0,0.0,,-1924.31
175,18,1.00,9,17.79,29.56,25.81,-1619.94,133.55,0.0,0.0,,-1619.94
175,19,1.00,9,16.97,28.49,25.42,0.0,61.34,0.0,0.0,,0.0
175,20,1.00,9,16.23,27.22,24.53,0.0,0.00,0.0,0.0,,0.0
175,21,1.00,9,16.38,26.10,23.69,0.0,0.00,0.0,0.0,,0.0
175,22,1.00,9,16.35,25.11,22.94,0.0,0.00,0.0,0.0,,0.0
175,23,1.00,9,16.25,24.21,22.25,0.0,0.00,0.0,0.0,,0.0
175,24,1.00,9,16.21,23.41,21.63,0.0,0.00,0.0,0.0,,0.0
175,1,2.00,9,16.00,22.66,21.05,0.0,0.00,0.0,0.0,,0.0
175,2,2.00,9,15.99,21.99,20.53,0.0,0.00,0.0,0.0,,0.0
175,3,2.00,9,15.99,21.38,20.05,0.0,0.00,0.0,0.0,,0.0
175,4,2.00,9,16.17,20.85,19.65,0.0,0.00,0.0,0.0,,0.0
175,5,2.00,9,16.31,20.38,19.29,0.0,0.00,0.0,0.0,,0.0
175,6,2.00,9,16.76,20.01,19.02,0.0,0.00,0.0,0.0,,0.0
175,7,2.00,9,16.99,19.69,18.79,0.0,0.19,0.0,0.0,,0.0
175,8,2.00,9,17.10,21.03,20.81,748.73,13.95,0.0,0.0,,748.73
175,9,2.00,9,17.54,22.17,21.85,0.0,66.57,0.0,0.0,,0.0
175,10,2.00,9,18.32,23.34,23.04,0.0,125.22,0.0,0.0,,0.0
175,11,2.00,9,18.87,24.53,24.26,0.0,163.82,0.0,0.0,,0.0
175,12,2.00,9,19.35,25.72,25.48,0.0,191.60,0.0,0.0,,0.0
175,13,2.00,9,19.92,26.98,25.81,-1348.46,218.39,0.0,0.0,,-1348.46
175,14,2.00,9,20.30,28.15,25.81,-2199.2,227.57,0.0,0.0,,-2199.2
175,15,2.00,9,20.34,29.16,25.81,-2496.51,225.13,0.0,0.0,,-2496.51
175,16,2.00,9,20.25,29.98,25.81,-2570.27,213.22,0.0,0.0,,-2570.27
175,17,2.00,9,20.35,30.62,25.81,-2534.58,183.08,0.0,0.0,,-2534.58
175,18,2.00,9,19.67,30.90,25.81,-2163.92,133.55,0.0,0.0,,-2163.92
175,19,2.00,9,19.00,29.87,25.69,0.0,61.34,0.0,0.0,,0.0
175,20,2.00,9,18.14,28.64,24.97,0.0,0.00,0.0,0.0,,0.0
175,21,2.00,9,18.07,27.53,24.25,0.0,0.00,0.0,0.0,,0.0
175,22,2.00,9,17.96,26.55,23.59,0.0,0.00,0.0,0.0,,0.0
175,23,2.00,9,17.53,25.63,22.95,0.0,0.00,0.0,0.0,,0.0
175,24,2.00,9,17.37,24.79,22.37,0.0,0.00,0.0,0.0,,0.0
175,1,3.00,9,17.03,24.00,21.80,0.0,0.00,0.0,0.0,,0.0
175,2,3.00,9,17.07,23.30,21.31,0.0,0.00,0.0,0.0,,0.0
175,3,3.00,9,17.27,22.69,20.88,0.0,0.00,0.0,0.0,,0.0
175,4,3.00,9,17.18,22.12,20.48,0.0,0.00,0.0,0.0,,0.0
175,5,3.00,9,17.33,21.63,20.14,0.0,0.00,0.0,0.0,,0.0
175,6,3.00,9,17.21,21.16,19.81,0.0,0.00,0.0,0.0,,0.0
175,7,3.00,9,16.04,20.61,19.39,0.0,0.19,0.0,0.0,,0.0
175,8,3.00,9,15.93,22.09,20.97,0.0,13.95,0.0,0.0,,0.0
175,9,3.00,9,16.27,23.32,22.31,0.0,66.57,0.0,0.0,,0.0
175,10,3.00,9,17.72,24.66,23.74,0.0,125.22,0.0,0.0,,0.0
175,11,3.00,9,18.33,26.03,25.20,0.0,163.82,0.0,0.0,,0.0
175,12,3.00,9,18.80,27.42,26.67,0.0,191.60,0.0,0.0,,0.0
175,13,3.00,9,19.58,28.93,28.24,0.0,218.39,0.0,0.0,,0.0
175,14,3.00,9,20.13,30.37,29.75,0.0,227.57,0.0,0.0,,0.0
175,15,3.00,9,20.40,31.72,31.15,0.0,225.13,0.0,0.0,,0.0
175,16,3.00,9,20.14,32.86,32.35,0.0,213.22,0.0,0.0,,0.0
175,17,3.00,9,19.80,33.77,33.31,0.0,183.08,0.0,0.0,,0.0
175,18,3.00,9,19.25,34.38,33.96,0.0,133.55,0.0,0.0,,0.0
175,19,3.00,9,18.28,32.66,32.28,0.0,61.34,0.0,0.0,,0.0
175,20,3.00,9,17.62,31.04,30.69,0.0,0.00,0.0,0.0,,0.0
175,21,3.00,9,17.37,29.62,29.30,0.0,0.00,0.0,0.0,,0.0
175,22,3.00,9,17.20,28.35,28.07,0.0,0.00,0.0,0.0,,0.0
175,23,3.00,9,17.03,27.22,26.96,0.0,0.00,0.0,0.0,,0.0
175,24,3.00,9,16.68,26.17,25.93,0.0,0.00,0.0,0.0,,0.0
175,1,4.00,9,16.40,25.19,24.98,0.0,0.00,0.0,0.0,,0.0
175,2,4.00,9,15.94,24.26,24.07,0.0,0.00,0.0,0.0,,0.0
175,3,4.00,9,15.55,23.39,23.21,0.0,0.00,0.0,0.0,,0.0
175,4,4.00,9,15.40,22.59,22.43,0.0,0.00,0.0,0.0,,0.0
175,5,4.00,9,15.07,21.83,21.69,0.0,0.00,0.0,0.0,,0.0
175,6,4.00,9,15.22,21.17,21.04,0.0,0.00,0.0,0.0,,0.0
175,7,4.00,9,15.29,20.58,20.46,0.0,0.19,0.0,0.0,,0.0
175,8,4.00,9,15.51,22.04,21.93,0.0,13.95,0.0,0.0,,0.0
175,9,4.00,9,16.02,23.27,23.17,0.0,66.57,0.0,0.0,,0.0
175,10,4.00,9,17.07,24.55,24.46,0.0,125.22,0.0,0.0,,0.0
175,11,4.00,9,17.67,25.87,25.79,0.0,163.82,0.0,0.0,,0.0
175,12,4.00,9,18.31,27.23,27.16,0.0,191.60,0.0,0.0,,0.0
175,13,4.00,9,18.68,28.67,28.60,0.0,218.39,0.0,0.0,,0.0
175,14,4.00,9,18.88,30.01,29.95,0.0,227.57,0.0,0.0,,0.0
175,15,4.00,9,18.71,31.22,31.17,0.0,225.13,0.0,0.0,,0.0
175,16,4.00,9,18.70,32.28,32.23,0.0,213.22,0.0,0.0,,0.0
175,17,4.00,9,18.43,33.12,33.07,0.0,183.08,0.0,0.0,,0.0
175,18,4.00,9,18.07,33.69,33.64,0.0,133.55,0.0,0.0,,0.0
175,19,4.00,9,16.98,31.91,31.88,0.0,61.34,0.0,0.0,,0.0
175,20,4.00,9,16.25,30.24,30.20,0.0,0.00,0.0,0.0,,0.0
175,21,4.00,9,16.02,28.76,28.73,0.0,0.00,0.0,0.0,,0.0
175,22,4.00,9,16.10,27.49,27.46,0.0,0.00,0.0,0.0,,0.0
175,23,4.00,9,16.01,26.35,26.32,0.0,0.00,0.0,0.0,,0.0
175,24,4.00,9,15.85,25.30,25.28,0.0,0.00,0.0,0.0,,0.0
175,1,5.00,9,15.48,24.33,24.31,0.0,0.00,0.0,0.0,,0.0
175,2,5.00,9,15.28,23.43,23.41,0.0,0.00,0.0,0.0,,0.0
175,3,5.00,9,15.08,22.59,22.58,0.0,0.00,0.0,0.0,,0.0
175,4,5.00,9,15.08,21.84,21.83,0.0,0.00,0.0,0.0,,0.0
175,5,5.00,9,14.90,21.15,21.13,0.0,0.00,0.0,0.0,,0.0
175,6,5.00,9,15.50,20.59,20.57,0.0,0.00,0.0,0.0,,0.0
175,7,5.00,9,15.71,20.09,20.08,0.0,0.19,0.0,0.0,,0.0
175,8,5.00,9,15.97,21.20,21.19,0.0,13.95,0.0,0.0,,0.0
175,9,5.00,9,16.39,22.15,22.14,0.0,66.57,0.0,0.0,,0.0
175,10,5.00,9,17.26,23.19,23.18,0.0,125.22,0.0,0.0,,0.0
175,11,5.00,9,17.88,24.27,24.27,0.0,163.82,0.0,0.0,,0.0
175,12,5.00,9,18.60,25.41,25.40,0.0,191.60,0.0,0.0,,0.0
175,13,5.00,9,18.87,26.56,25.81,-1052.63,218.39,0.0,0.0,,-1052.63
175,14,5.00,9,19.13,27.62,25.81,-1896.36,227.57,0.0,0.0,,-1896.36
175,15,5.00,9,19.13,28.54,25.81,-2170.5,225.13,0.0,0.0,,-2170.5
175,16,5.00,9,19.05,29.28,25.81,-2239.74,213.22,0.0,0.0,,-2239.74
175,17,5.00,9,18.90,29.81,25.81,-2137.62,183.08,0.0,0.0,,-2137.62
175,18,5.00,9,18.56,30.07,25.81,-1848.26,133.55,0.0,0.0,,-1848.26
175,19,5.00,9,17.40,28.97,25.49,0.0,61.34,0.0,0.0,,0.0
175,20,5.00,9,16.59,27.68,24.63,0.0,0.00,0.0,0.0,,0.0
175,21,5.00,9,16.20,26.49,23.76,0.0,0.00,0.0,0.0,,0.0
175,22,5.00,9,16.18,25.44,22.98,0.0,0.00,0.0,0.0,,0.0
175,23,5.00,9,15.99,24.49,22.26,0.0,0.00,0.0,0.0,,0.0
175,24,5.00,9,16.07,23.64,21.63,0.0,0.00,0.0,0.0,,0.0
175,1,6.00,9,15.80,22.86,21.03,0.0,0.00,0.0,0.0,,0.0
175,2,6.00,9,15.42,22.10,20.44,0.0,0.00,0.0,0.0,,0.0
175,3,6.00,9,15.21,21.40,19.90,0.0,0.00,0.0,0.0,,0.0
175,4,6.00,9,15.18,20.77,19.41,0.0,0.00,0.0,0.0,,0.0
175,5,6.00,9,14.91,20.17,18.93,0.0,0.00,0.0,0.0,,0.0
175,6,6.00,9,15.01,19.64,18.52,0.0,0.00,0.0,0.0,,0.0
175,7,6.00,9,14.79,19.14,18.12,0.0,0.19,0.0,0.0,,0.0
175,8,6.00,9,14.98,20.23,20.81,2017.51,13.95,0.0,0.0,,2017.51
175,9,6.00,9,14.82,21.08,21.23,0.0,66.57,0.0,0.0,,0.0
175,10,6.00,9,15.64,22.03,22.07,0.0,125.22,0.0,0.0,,0.0
175,11,6.00,9,16.85,23.16,23.17,0.0,163.82,0.0,0.0,,0.0
175,12,6.00,9,18.30,24.45,24.44,0.0,191.60,0.0,0.0,,0.0
175,13,6.00,9,18.71,25.73,25.72,0.0,218.39,0.0,0.0,,0.0
175,14,6.00,9,18.99,26.89,25.81,-1510.5,227.57,0.0,0.0,,-1510.5
175,15,6.00,9,18.95,27.88,25.81,-1974.74,225.13,0.0,0.0,,-1974.74
175,16,6.00,9,18.99,28.71,25.81,-2143.49,213.22,0.0,0.0,,-2143.49
175,17,6.00,9,18.74,29.29,25.81,-2051.86,183.08,0.0,0.0,,-2051.86
175,18,6.00,9,18.52,29.62,25.81,-1810.91,133.55,0.0,0.0,,-1810.91
175,19,6.00,9,17.20,28.53,25.45,0.0,61.34,0.0,0.0,,0.0
175,20,6.00,9,16.00,27.22,24.53,0.0,0.00,0.0,0.0,,0.0
175,21,6.00,9,15.61,26.01,23.61,0.0,0.00,0.0,0.0,,0.0
175,22,6.00,9,15.75,24.97,22.80,0.0,0.00,0.0,0.0,,0.0
175,23,6.00,9,15.79,24.04,22.09,0.0,0.00,0.0,0.0,,0.0
175,24,6.00,9,15.58,23.19,21.42,0.0,0.00,0.0,0.0,,0.0
175,1,7.00,9,15.51,22.42,20.82,0.0,0.00,0.0,0.0,,0.0
175,2,7.00,9,15.29,21.70,20.25,0.0,0.00,0.0,0.0,,0.0
175,3,7.00,9,15.07,21.03,19.71,0.0,0.00,0.0,0.0,,0.0
175,4,7.00,9,15.01,20.42,19.22,0.0,0.00,0.0,0.0,,0.0
175,5,7.00,9,14.98,19.86,18.78,0.0,0.00,0.0,0.0,,0.0
175,6,7.00,9,15.06,19.37,18.38,0.0,0.00,0.0,0.0,,0.0
175,7,7.00,9,15.10,18.93,18.03,0.0,0.19,0.0,0.0,,0.0
175,8,7.00,9,15.59,20.16,20.81,1973.32,13.95,0.0,0.0,,1973.32
175,9,7.00,9,16.19,21.24,21.46,0.0,66.57,0.0,0.0,,0.0
175,10,7.00,9,17.12,22.39,22.49,0.0,125.22,0.0,0.0,,0.0
175,11,7.00,9,18.14,23.64,23.70,0.0,163.82,0.0,0.0,,0.0
175,12,7.00,9,18.88,24.90,24.95,0.0,191.60,0.0,0.0,,0.0
175,13,7.00,9,19.16,26.17,25.81,-548.48,218.39,0.0,0.0,,-548.48
175,14,7.00,9,19.31,27.30,25.81,-1794.51,227.57,0.0,0.0,,-1794.51
175,15,7.00,9,19.31,28.28,25.81,-2143.96,225.13,0.0,0.0,,-2143.96
175,16,7.00,9,19.16,29.07,25.81,-2230.3,213.22,0.0,0.0,,-2230.3
175,17,7.00,9,18.89,29.62,25.81,-2115.89,183.08,0.0,0.0,,-2115.89
175,18,7.00,9,18.55,29.90,25.81,-1833.96,133.55,0.0,0.0,,-1833.96
175,19,7.00,9,17.70,28.85,25.51,0.0,61.34,0.0,0.0,,0.0
175,20,7.00,9,17.28,27.64,24.73,0.0,0.00,0.0,0.0,,0.0
175,21,7.00,9,17.11,26.54,23.94,0.0,0.00,0.0,0.0,,0.0
175,22,7.00,9,17.01,25.57,23.22,0.0,0.00,0.0,0.0,,0.0
175,23,7.00,9,16.77,24.67,22.55,0.0,0.00,0.0,0.0,,0.0
175,24,7.00,9,16.65,23.86,21.94,0.0,0.00,0.0,0.0,,0.0
175,1,1.00,10,16.56,23.12,21.38,0.0,0.00,0.0,0.0,,0.0
175,2,1.00,10,16.16,22.41,20.83,0.0,0.00,0.0,0.0,,0.0
175,3,1.00,10,16.10,21.77,20.33,0.0,0.00,0.0,0.0,,0.0
175,4,1.00,10,16.22,21.20,19.90,0.0,0.00,0.0,0.0,,0.0
175,5,1.00,10,16.18,20.68,19.50,0.0,0.00,0.0,-0.0,,0.0
175,6,1.00,10,16.21,20.22,19.15,0.0,0.00,0.0,0.0,,0.0
175,7,1.00,10,16.02,19.77,18.80,0.0,0.00,0.0,0.0,,0.0
175,8,1.00,10,16.07,20.99,20.68,702.62,85.59,0.0,0.0,,702.62
175,9,1.00,10,16.49,22.07,21.68,0.0,145.85,0.0,0.0,,0.0
175,10,1.00,10,17.54,23.21,22.84,0.0,157.46,0.0,0.0,,0.0
175,11,1.00,10,18.41,24.42,24.09,0.0,187.13,0.0,0.0,,0.0
175,12,1.00,10,19.20,25.72,25.43,0.0,220.39,0.0,0.0,,0.0
175,13,1.00,10,19.68,26.96,25.68,-1447.34,238.51,0.0,0.0,,-1447.34
175,14,1.00,10,19.74,28.03,25.68,-2112.61,227.12,0.0,0.0,,-2112.61
175,15,1.00,10,19.65,28.95,25.68,-2362.6,227.46,0.0,0.0,,-2362.6
175,16,1.00,10,19.21,29.65,25.68,-2354.21,213.43,0.0,0.0,,-2354.21
175,17,1.00,10,18.62,30.08,25.68,-2137.32,191.03,0.0,0.0,,-2137.32
175,18,1.00,10,18.08,30.24,25.68,-1791.07,143.56,0.0,0.0,,-1791.07
175,19,1.00,10,16.96,29.19,25.41,0.0,151.55,0.0,0.0,,0.0
175,20,1.00,10,16.29,27.86,24.54,0.0,0.00,0.0,0.0,,0.0
175,21,1.00,10,15.78,26.61,23.63,0.0,0.00,0.0,0.0,,0.0
175,22,1.00,10,15.22,25.44,22.76,0.0,0.00,0.0,0.0,,0.0
175,23,1.00,10,14.94,24.39,21.96,0.0,0.00,0.0,0.0,,0.0
175,24,1.00,10,14.93,23.44,21.24,0.0,0.00,0.0,0.0,,0.0
175,1,2.00,10,14.73,22.58,20.58,0.0,0.00,0.0,0.0,,0.0
175,2,2.00,10,14.70,21.79,19.98,0.0,0.00,0.0,0.0,,0.0
175,3,2.00,10,14.41,21.05,19.41,0.0,0.00,0.0,0.0,,0.0
175,4,2.00,10,14.23,20.36,18.87,0.0,0.00,0.0,0.0,,0.0
175,5,2.00,10,14.40,19.76,18.41,0.0,0.00,0.0,0.0,,0.0
175,6,2.00,10,14.52,19.23,18.01,0.0,0.00,0.0,0.0,,0.0
175,7,2.00,10,14.55,18.75,17.64,0.0,0.00,0.0,0.0,,0.0
175,8,2.00,10,14.86,19.95,20.68,2336.17,85.59,0.0,0.0,,2336.17
175,9,2.00,10,15.62,21.07,21.29,0.0,145.85,0.0,0.0,,0.0
175,10,2.00,10,16.95,22.29,22.37,0.0,157.46,0.0,0.0,,0.0
175,11,2.00,10,18.39,23.65,23.70,0.0,187.13,0.0,0.0,,0.0
175,12,2.00,10,19.43,25.11,25.14,0.0,220.39,0.0,0.0,,0.0
175,13,2.00,10,19.54,26.40,25.68,-1049.94,238.51,0.0,0.0,,-1049.94
175,14,2.00,10,19.49,27.51,25.68,-1955.12,227.12,0.0,0.0,,-1955.12
175,15,2.00,10,19.51,28.49,25.68,-2273.83,227.46,0.0,0.0,,-2273.83
175,16,2.00,10,19.41,29.30,25.68,-2377.11,213.43,0.0,0.0,,-2377.11
175,17,2.00,10,19.02,29.84,25.68,-2227.18,191.03,0.0,0.0,,-2227.18
175,18,2.00,10,18.53,30.09,25.68,-1905.87,143.56,0.0,0.0,,-1905.87
175,19,2.00,10,17.34,29.08,25.46,0.0,151.55,0.0,0.0,,0.0
175,20,2.00,10,16.59,27.78,24.61,0.0,0.00,0.0,0.0,,0.0
175,21,2.00,10,16.50,26.61,23.77,0.0,0.00,0.0,0.0,,0.0
175,22,2.00,10,16.64,25.59,23.04,0.0,0.00,0.0,0.0,,0.0
175,23,2.00,10,16.57,24.68,22.37,0.0,0.00,0.0,0.0,,0.0
175,24,2.00,10,16.46,23.85,21.76,0.0,0.00,0.0,0.0,,0.0
175,1,3.00,10,16.36,23.10,21.20,0.0,0.00,0.0,0.0,,0.0
175,2,3.00,10,16.16,22.40,20.67,0.0,0.00,0.0,0.0,,0.0
175,3,3.00,10,15.85,21.73,20.17,0.0,0.00,0.0,0.0,,0.0
175,4,3.00,10,15.86,21.13,19.71,0.0,0.00,0.0,0.0,,0.0
175,5,3.00,10,15.76,20.58,19.29,0.0,0.00,0.0,0.0,,0.0
175,6,3.00,10,15.99,20.10,18.94,0.0,0.00,0.0,0.0,,0.0
175,7,3.00,10,15.82,19.65,18.60,0.0,0.00,0.0,0.0,,0.0
175,8,3.00,10,16.46,21.35,20.39,0.0,85.59,0.0,0.0,,0.0
175,9,3.00,10,16.73,22.80,21.92,0.0,145.85,0.0,0.0,,0.0
175,10,3.00,10,17.25,24.18,23.38,0.0,157.46,0.0,0.0,,0.0
175,11,3.00,10,17.80,25.59,24.87,0.0,187.13,0.0,0.0,,0.0
175,12,3.00,10,18.40,27.09,26.44,0.0,220.39,0.0,0.0,,0.0
175,13,3.00,10,18.59,28.53,27.93,0.0,238.51,0.0,0.0,,0.0
175,14,3.00,10,18.82,29.87,29.33,0.0,227.12,0.0,0.0,,0.0
175,15,3.00,10,18.83,31.11,30.62,0.0,227.46,0.0,0.0,,0.0
175,16,3.00,10,18.93,32.22,31.78,0.0,213.43,0.0,0.0,,0.0
175,17,3.00,10,18.65,33.10,32.70,0.0,191.03,0.0,0.0,,0.0
175,18,3.00,10,18.00,33.67,33.31,0.0,143.56,0.0,0.0,,0.0
175,19,3.00,10,16.90,31.98,31.65,0.0,151.55,0.0,0.0,,0.0
175,20,3.00,10,16.37,30.32,30.01,0.0,0.00,0.0,0.0,,0.0
175,21,3.00,10,16.14,28.85,28.57,0.0,0.00,0.0,0.0,,0.0
175,22,3.00,10,16.33,27.58,27.33,0.0,0.00,0.0,0.0,,0.0
175,23,3.00,10,16.37,26.47,26.24,0.0,0.00,0.0,0.0,,0.0
175,24,3.00,10,16.25,25.45,25.25,0.0,0.00,0.0,0.0,,0.0
175,1,4.00,10,16.02,24.51,24.33,0.0,0.00,0.0,0.0,,0.0
175,2,4.00,10,16.00,23.67,23.50,0.0,0.00,0.0,0.0,,0.0
175,3,4.00,10,15.61,22.86,22.71,0.0,0.00,0.0,0.0,,0.0
175,4,4.00,10,15.74,22.15,22.01,0.0,0.00,0.0,0.0,,0.0
175,5,4.00,10,15.69,21.50,21.37,0.0,0.00,0.0,0.0,,0.0
175,6,4.00,10,16.15,20.96,20.85,0.0,0.00,0.0,0.0,,0.0
175,7,4.00,10,15.75,20.42,20.32,0.0,0.00,0.0,0.0,,0.0
175,8,4.00,10,16.00,22.00,21.90,0.0,85.59,0.0,0.0,,0.0
175,9,4.00,10,15.86,23.29,23.20,0.0,145.85,0.0,0.0,,0.0
175,10,4.00,10,16.81,24.59,24.51,0.0,157.46,0.0,0.0,,0.0
175,11,4.00,10,17.65,25.95,25.88,0.0,187.13,0.0,0.0,,0.0
175,12,4.00,10,18.51,27.44,27.38,0.0,220.39,0.0,0.0,,0.0
175,13,4.00,10,18.68,28.86,28.80,0.0,238.51,0.0,0.0,,0.0
175,14,4.00,10,18.94,30.18,30.13,0.0,227.12,0.0,0.0,,0.0
175,15,4.00,10,18.85,31.39,31.35,0.0,227.46,0.0,0.0,,0.0
175,16,4.00,10,18.78,32.46,32.42,0.0,213.43,0.0,0.0,,0.0
175,17,4.00,10,18.55,33.31,33.27,0.0,191.03,0.0,0.0,,0.0
175,18,4.00,10,18.05,33.87,33.83,0.0,143.56,0.0,0.0,,0.0
175,19,4.00,10,16.90,32.16,32.13,0.0,151.55,0.0,0.0,,0.0
175,20,4.00,10,16.09,30.45,30.42,0.0,0.00,0.0,0.0,,0.0
175,21,4.00,10,16.05,28.96,28.93,0.0,0.00,0.0,0.0,,0.0
175,22,4.00,10,15.90,27.64,27.61,0.0,0.00,0.0,0.0,,0.0
175,23,4.00,10,15.86,26.47,26.44,0.0,0.00,0.0,0.0,,0.0
175,24,4.00,10,15.73,25.40,25.38,0.0,0.00,0.0,0.0,,0.0
175,1,5.00,10,15.49,24.42,24.40,0.0,0.00,0.0,0.0,,0.0
175,2,5.00,10,15.25,23.51,23.49,0.0,0.00,0.0,0.0,,0.0
175,3,5.00,10,15.06,22.67,22.65,0.0,0.00,0.0,0.0,,0.0
175,4,5.00,10,15.11,21.91,21.90,0.0,0.00,0.0,0.0,,0.0
175,5,5.00,10,15.12,21.23,21.22,0.0,0.00,0.0,0.0,,0.0
175,6,5.00,10,15.27,20.64,20.62,0.0,0.00,0.0,0.0,,0.0
175,7,5.00,10,15.16,20.08,20.07,0.0,0.00,0.0,0.0,,0.0
175,8,5.00,10,15.27,21.12,21.12,0.0,85.59,0.0,0.0,,0.0
175,9,5.00,10,15.75,22.08,22.07,0.0,145.85,0.0,0.0,,0.0
175,10,5.00,10,17.09,23.17,23.16,0.0,157.46,0.0,0.0,,0.0
175,11,5.00,10,18.33,24.40,24.39,0.0,187.13,0.0,0.0,,0.0
175,12,5.00,10,19.32,25.74,25.68,-73.87,220.39,0.0,0.0,,-73.87
175,13,5.00,10,19.27,26.90,25.68,-1667.16,238.51,0.0,0.0,,-1667.16
175,14,5.00,10,19.36,27.93,25.68,-2098.29,227.12,0.0,0.0,,-2098.29
175,15,5.00,10,19.25,28.81,25.68,-2297.74,227.46,0.0,0.0,,-2297.74
175,16,5.00,10,19.09,29.53,25.68,-2339.11,213.43,0.0,0.0,,-2339.11
175,17,5.00,10,18.64,29.98,25.68,-2149.58,191.03,0.0,0.0,,-2149.58
175,18,5.00,10,18.27,30.19,25.68,-1845.19,143.56,0.0,0.0,,-1845.19
175,19,5.00,10,16.94,29.14,25.41,0.0,151.55,0.0,0.0,,0.0
175,20,5.00,10,16.06,27.79,24.52,0.0,0.00,0.0,0.0,,0.0
175,21,5.00,10,15.56,26.52,23.59,0.0,0.00,0.0,0.0,,0.0
175,22,5.00,10,15.41,25.39,22.75,0.0,0.00,0.0,0.0,,0.0
175,23,5.00,10,15.36,24.38,22.00,0.0,0.00,0.0,0.0,,0.0
175,24,5.00,10,15.55,23.50,21.34,0.0,0.00,0.0,0.0,,0.0
175,1,6.00,10,15.39,22.69,20.73,0.0,0.00,0.0,0.0,,0.0
175,2,6.00,10,15.17,21.94,20.16,0.0,0.00,0.0,0.0,,0.0
175,3,6.00,10,15.20,21.26,19.65,0.0,0.00,0.0,0.0,,0.0
175,4,6.00,10,15.24,20.65,19.19,0.0,0.00,0.0,0.0,,0.0
175,5,6.00,10,15.15,20.09,18.77,0.0,0.00,0.0,0.0,,0.0
175,6,6.00,10,15.24,19.59,18.39,0.0,0.00,0.0,0.0,,0.0
175,7,6.00,10,15.06,19.12,18.03,0.0,0.00,0.0,-0.0,,0.0
175,8,6.00,10,15.15,20.30,20.68,1821.11,85.59,0.0,0.0,,1821.11
175,9,6.00,10,15.63,21.36,21.36,0.0,145.85,0.0,0.0,,0.0
175,10,6.00,10,16.85,22.51,22.44,0.0,157.46,0.0,0.0,,0.0
175,11,6.00,10,18.00,23.77,23.69,0.0,187.13,0.0,0.0,,0.0
175,12,6.00,10,19.09,25.17,25.08,0.0,220.39,0.0,0.0,,0.0
175,13,6.00,10,19.37,26.44,25.68,-961.26,238.51,0.0,0.0,,-961.26
175,14,6.00,10,19.52,27.55,25.68,-1955.76,227.12,0.0,0.0,,-1955.76
175,15,6.00,10,19.67,28.56,25.68,-2314.46,227.46,0.0,0.0,,-2314.46
175,16,6.00,10,19.31,29.33,25.68,-2353.2,213.43,0.0,0.0,,-2353.2
175,17,6.00,10,18.71,29.82,25.68,-2147.45,191.03,0.0,0.0,,-2147.45
175,18,6.00,10,18.10,30.01,25.68,-1791.17,143.56,0.0,0.0,,-1791.17
175,19,6.00,10,16.84,28.96,25.39,0.0,151.55,0.0,0.0,,0.0
175,20,6.00,10,15.96,27.61,24.49,0.0,0.00,0.0,0.0,,0.0
175,21,6.00,10,15.45,26.35,23.55,0.0,0.00,0.0,0.0,,0.0
175,22,6.00,10,15.19,25.21,22.69,0.0,0.00,0.0,0.0,,0.0
175,23,6.00,10,14.85,24.17,21.89,0.0,0.00,0.0,0.0,,0.0
175,24,6.00,10,14.57,23.21,21.14,0.0,0.00,0.0,0.0,,0.0
175,1,7.00,10,14.23,22.31,20.44,0.0,0.00,0.0,0.0,,0.0
175,2,7.00,10,13.84,21.46,19.76,0.0,0.00,0.0,0.0,,0.0
175,3,7.00,10,13.61,20.67,19.13,0.0,0.00,0.0,0.0,,0.0
175,4,7.00,10,13.50,19.96,18.56,0.0,0.00,0.0,0.0,,0.0
175,5,7.00,10,13.28,19.28,18.01,0.0,0.00,0.0,0.0,,0.0
175,6,7.00,10,13.72,18.73,17.58,0.0,0.00,0.0,0.0,,0.0
175,7,7.00,10,13.96,18.25,17.20,0.0,0.00,0.0,0.0,,0.0
175,8,7.00,10,14.19,19.42,20.68,2999.95,85.59,0.0,0.0,,2999.95
175,9,7.00,10,14.46,20.43,20.99,0.0,145.85,0.0,0.0,,0.0
175,10,7.00,10,15.46,21.51,21.87,0.0,157.46,0.0,0.0,,0.0
175,11,7.00,10,16.87,22.77,23.04,0.0,187.13,0.0,0.0,,0.0
175,12,7.00,10,18.22,24.20,24.42,0.0,220.39,0.0,0.0,,0.0
175,13,7.00,10,19.04,25.59,25.68,-126.66,238.51,0.0,0.0,,-126.66
175,14,7.00,10,19.43,26.83,25.68,-1758.42,227.12,0.0,0.0,,-1758.42
175,15,7.00,10,19.40,27.89,25.68,-2160.64,227.46,0.0,0.0,,-2160.64
175,16,7.00,10,19.25,28.76,25.68,-2290.83,213.43,0.0,0.0,,-2290.83
175,17,7.00,10,19.12,29.40,25.68,-2225.01,191.03,0.0,0.0,,-2225.01
175,18,7.00,10,18.51,29.71,25.68,-1888.4,143.56,0.0,0.0,,-1888.4
175,19,7.00,10,17.50,28.74,25.47,0.0,151.55,0.0,0.0,,0.0
175,20,7.00,10,16.83,27.50,24.64,0.0,0.00,0.0,0.0,,0.0
175,21,7.00,10,16.76,26.37,23.83,0.0,0.00,0.0,0.0,,0.0
175,22,7.00,10,16.45,25.35,23.06,0.0,0.00,0.0,0.0,,0.0
175,23,7.00,10,16.16,24.42,22.34,0.0,0.00,0.0,0.0,,0.0
175,24,7.00,10,15.89,23.55,21.68,0.0,0.00,0.0,0.0,,0.0
175,1,1.00,10,15.99,22.79,21.09,0.0,0.00,0.0,0.0,,0.0
175,2,1.00,10,16.11,22.12,20.58,0.0,0.00,0.0,0.0,,0.0
175,3,1.00,10,16.14,21.52,20.12,0.0,0.00,0.0,0.0,,0.0
175,4,1.00,10,16.09,20.96,19.69,0.0,0.00,0.0,0.0,,0.0
175,5,1.00,10,16.04,20.45,19.30,0.0,0.00,0.0,0.0,,0.0
175,6,1.00,10,16.27,20.02,18.97,0.0,0.00,0.0,0.0,,0.0
175,7,1.00,10,16.14,19.61,18.66,0.0,0.00,0.0,0.0,,0.0
175,8,1.00,10,16.26,20.89,20.68,826.01,85.59,0.0,0.0,,826.01
175,9,1.00,10,16.37,21.95,21.63,0.0,145.85,0.0,0.0,,0.0
175,10,1.00,10,17.38,23.08,22.76,0.0,157.46,0.0,0.0,,0.0
175,11,1.00,10,17.99,24.23,23.95,0.0,187.13,0.0,0.0,,0.0
175,12,1.00,10,18.60,25.46,25.22,0.0,220.39,0.0,0.0,,0.0
175,13,1.00,10,19.02,26.64,25.68,-1053.42,238.51,0.0,0.0,,-1053.42
175,14,1.00,10,19.51,27.74,25.68,-1995.69,227.12,0.0,0.0,,-1995.69
175,15,1.00,10,19.37,28.67,25.68,-2260.61,227.46,0.0,0.0,,-2260.61
175,16,1.00,10,19.27,29.44,25.68,-2352.1,213.43,0.0,0.0,,-2352.1
175,17,1.00,10,19.14,29.99,25.68,-2261.96,191.03,0.0,0.0,,-2261.96
175,18,1.00,10,19.10,30.33,25.68,-2055.19,143.56,0.0,0.0,,-2055.19
175,19,1.00,10,17.87,29.34,25.53,0.0,151.55,0.0,0.0,,0.0
175,20,1.00,10,17.05,28.06,24.72,0.0,0.00,0.0,0.0,,0.0
175,21,1.00,10,16.81,26.88,23.90,0.0,0.00,0.0,0.0,,0.0
175,22,1.00,10,16.62,25.83,23.14,0.0,0.00,0.0,0.0,,0.0
175,23,1.00,10,16.51,24.89,22.45,0.0,0.00,0.0,0.0,,0.0
175,24,1.00,10,16.76,24.07,21.87,0.0,0.00,0.0,0.0,,0.0
175,1,2.00,10,16.56,23.32,21.32,0.0,0.00,0.0,0.0,,0.0
175,2,2.00,10,16.42,22.62,20.81,0.0,0.00,0.0,0.0,,0.0
175,3,2.00,10,16.70,22.02,20.38,0.0,0.00,0.0,0.0,,0.0
175,4,2.00,10,16.92,21.50,20.01,0.0,0.00,0.0,0.0,,0.0
175,5,2.00,10,17.00,21.03,19.68,0.0,0.00,0.0,0.0,,0.0
175,6,2.00,10,16.95,20.60,19.38,0.0,0.00,0.0,0.0,,0.0
175,7,2.00,10,16.81,20.20,19.08,0.0,0.00,0.0,0.0,,0.0
175,8,2.00,10,17.21,21.54,20.68,105.87,85.59,0.0,0.0,,105.87
175,9,2.00,10,17.78,22.72,21.97,0.0,145.85,0.0,0.0,,0.0
175,10,2.00,10,18.56,23.90,23.24,0.0,157.46,0.0,0.0,,0.0
175,11,2.00,10,19.14,25.10,24.53,0.0,187.13,0.0,0.0,,0.0
175,12,2.00,10,19.66,26.35,25.68,-250.49,220.39,0.0,0.0,,-250.49
175,13,2.00,10,19.70,27.48,25.68,-1776.77,238.51,0.0,0.0,,-1776.77
175,14,2.00,10,19.62,28.45,25.68,-2166.47,227.12,0.0,0.0,,-2166.47
175,15,2.00,10,19.63,29.31,25.68,-2395.04,227.46,0.0,0.0,,-2395.04
175,16,2.00,10,19.66,30.05,25.68,-2488.84,213.43,0.0,0.0,,-2488.84
175,17,2.00,10,19.50,30.57,25.68,-2378.83,191.03,0.0,0.0,,-2378.83
175,18,2.00,10,19.24,30.83,25.68,-2110.45,143.56,0.0,0.0,,-2110.45
175,19,2.00,10,18.01,29.81,25.55,0.0,151.55,0.0,0.0,,0.0
175,20,2.00,10,17.20,28.51,24.76,0.0,0.00,0.0,0.0,,0.0
175,21,2.00,10,16.78,27.28,23.93,0.0,0.00,0.0,0.0,,0.0
175,22,2.00,10,16.81,26.22,23.19,0.0,0.00,0.0,0.0,,0.0
175,23,2.00,10,16.84,25.27,22.53,0.0,0.00,0.0,0.0,,0.0
175,24,2.00,10,16.88,24.43,21.95,0.0,0.00,0.0,0.0,,0.0
175,1,3.00,10,16.63,23.64,21.40,0.0,0.00,0.0,0.0,,0.0
175,2,3.00,10,16.48,22.92,20.88,0.0,0.00,0.0,0.0,,0.0
175,3,3.00,10,16.38,22.25,20.41,0.0,0.00,0.0,0.0,,0.0
175,4,3.00,10,16.28,21.64,19.97,0.0,0.00,0.0,0.0,,0.0
175,5,3.00,10,16.05,21.07,19.55,0.0,0.00,0.0,0.0,,0.0
175,6,3.00,10,16.03,20.55,19.16,0.0,0.00,0.0,0.0,,0.0
175,7,3.00,10,15.81,20.05,18.80,0.0,0.00,0.0,0.0,,0.0
175,8,3.00,10,16.19,21.68,20.54,0.0,85.59,0.0,0.0,,0.0
175,9,3.00,10,16.60,23.08,22.05,0.0,145.85,0.0,0.0,,0.0
175,10,3.00,10,17.90,24.51,23.57,0.0,157.46,0.0,0.0,,0.0
175,11,3.00,10,18.81,26.00,25.15,0.0,187.13,0.0,0.0,,0.0
175,12,3.00,10,19.33,27.55,26.78,0.0,220.39,0.0,0.0,,0.0
175,13,3.00,10,19.83,29.07,28.37,0.0,238.51,0.0,0.0,,0.0
175,14,3.00,10,19.76,30.44,29.81,0.0,227.12,0.0,0.0,,0.0
175,15,3.00,10,19.79,31.71,31.14,0.0,227.46,0.0,0.0,,0.0
175,16,3.00,10,19.81,32.85,32.32,0.0,213.43,0.0,0.0,,0.0
175,17,3.00,10,19.70,33.77,33.29,0.0,191.03,0.0,0.0,,0.0
175,18,3.00,10,19.27,34.40,33.97,0.0,143.56,0.0,0.0,,0.0
175,19,3.00,10,18.32,32.77,32.38,0.0,151.55,0.0,0.0,,0.0
175,20,3.00,10,17.68,31.15,30.80,0.0,0.00,0.0,0.0,,0.0
175,21,3.00,10,17.32,29.71,29.39,0.0,0.00,0.0,0.0,,0.0
175,22,3.00,10,17.33,28.45,28.16,0.0,0.00,0.0,0.0,,0.0
175,23,3.00,10,17.40,27.35,27.08,0.0,0.00,0.0,0.0,,0.0
175,24,3.00,10,17.69,26.39,26.15,0.0,0.00,0.0,0.0,,0.0
175,1,4.00,10,17.90,25.55,25.33,0.0,0.00,0.0,0.0,,0.0
175,2,4.00,10,17.84,24.78,24.58,0.0,0.00,0.0,0.0,,0.0
175,3,4.00,10,17.50,24.04,23.86,0.0,0.00,0.0,0.0,,0.0
175,4,4.00,10,17.24,23.35,23.18,0.0,0.00,0.0,0.0,,0.0
175,5,4.00,10,15.97,22.58,22.43,0.0,0.00,0.0,0.0,,0.0
175,6,4.00,10,16.58,21.97,21.83,0.0,0.00,0.0,0.0,,0.0
175,7,4.00,10,16.93,21.46,21.33,0.0,0.00,0.0,0.0,,0.0
175,8,4.00,10,17.51,23.09,22.98,0.0,85.59,0.0,0.0,,0.0
175,9,4.00,10,17.75,24.46,24.36,0.0,145.85,0.0,0.0,,0.0
175,10,4.00,10,18.22,25.77,25.68,0.0,157.46,0.0,0.0,,0.0
175,11,4.00,10,19.08,27.16,27.07,0.0,187.13,0.0,0.0,,0.0
175,12,4.00,10,19.22,28.58,28.50,0.0,220.39,0.0,0.0,,0.0
175,13,4.00,10,19.61,29.97,29.90,0.0,238.51,0.0,0.0,,0.0
175,14,4.00,10,19.28,31.21,31.15,0.0,227.12,0.0,0.0,,0.0
175,15,4.00,10,19.15,32.35,32.29,0.0,227.46,0.0,0.0,,0.0
175,16,4.00,10,19.17,33.36,33.31,0.0,213.43,0.0,0.0,,0.0
175,17,4.00,10,19.03,34.17,34.12,0.0,191.03,0.0,0.0,,0.0
175,18,4.00,10,18.20,34.65,34.61,0.0,143.56,0.0,0.0,,0.0
175,19,4.00,10,17.18,32.90,32.86,0.0,151.55,0.0,0.0,,0.0
175,20,4.00,10,16.80,31.19,31.15,0.0,0.00,0.0,0.0,,0.0
175,21,4.00,10,16.32,29.65,29.62,0.0,0.00,0.0,0.0,,0.0
175,22,4.00,10,16.42,28.32,28.29,0.0,0.00,0.0,0.0,,0.0
175,23,4.00,10,16.34,27.12,27.10,0.0,0.00,0.0,0.0,,0.0
175,24,4.00,10,16.00,26.02,25.99,0.0,0.00,0.0,0.0,,0.0
175,1,5.00,10,15.75,25.00,24.98,0.0,0.00,0.0,0.0,,0.0
175,2,5.00,10,15.94,24.10,24.08,0.0,0.00,0.0,0.0,,0.0
175,3,5.00,10,15.69,23.27,23.25,0.0,0.00,0.0,0.0,,0.0
175,4,5.00,10,15.65,22.51,22.49,0.0,0.00,0.0,0.0,,0.0
175,5,5.00,10,15.71,21.83,21.81,0.0,0.00,0.0,0.0,,0.0
175,6,5.00,10,16.11,21.25,21.24,0.0,0.00,0.0,0.0,,0.0
175,7,5.00,10,15.90,20.71,20.69,0.0,0.00,0.0,0.0,,0.0
175,8,5.00,10,16.12,21.79,21.78,0.0,85.59,0.0,0.0,,0.0
175,9,5.00,10,16.43,22.74,22.73,0.0,145.85,0.0,0.0,,0.0
175,10,5.00,10,17.90,23.85,23.84,0.0,157.46,0.0,0.0,,0.0
175,11,5.00,10,19.28,25.12,25.11,0.0,187.13,0.0,0.0,,0.0
175,12,5.00,10,19.99,26.44,25.68,-1064.88,220.39,0.0,0.0,,-1064.88
175,13,5.00,10,20.49,27.69,25.68,-2173.75,238.51,0.0,0.0,,-2173.75
175,14,5.00,10,21.05,28.87,25.68,-2641.0,227.12,0.0,0.0,,-2641.0
175,15,5.00,10,21.65,29.98,25.68,-2992.81,227.46,0.0,0.0,,-2992.81
175,16,5.00,10,21.81,30.93,25.68,-3110.26,213.43,0.0,0.0,,-3110.26
175,17,5.00,10,21.18,31.54,25.68,-2876.43,191.03,0.0,0.0,,-2876.43
175,18,5.00,10,20.11,31.75,25.68,-2392.45,143.56,0.0,0.0,,-2392.45
175,19,5.00,10,18.72,30.69,25.66,0.0,151.55,0.0,0.0,,0.0
175,20,5.00,10,17.64,29.33,24.91,0.0,0.00,0.0,0.0,,0.0
175,21,5.00,10,16.94,28.03,24.07,0.0,0.00,0.0,0.0,,0.0
175,22,5.00,10,16.63,26.86,23.29,0.0,0.00,0.0,0.0,,0.0
175,23,5.00,10,16.29,25.79,22.56,0.0,0.00,0.0,0.0,,0.0
175,24,5.00,10,15.97,24.81,21.88,0.0,0.00,0.0,0.0,,0.0
175,1,6.00,10,15.63,23.88,21.23,0.0,0.00,0.0,0.0,,0.0
175,2,6.00,10,15.37,23.03,20.62,0.0,0.00,0.0,0.0,,0.0
175,3,6.00,10,15.03,22.22,20.04,0.0,0.00,0.0,0.0,,0.0
175,4,6.00,10,14.89,21.49,19.51,0.0,0.00,0.0,0.0,,0.0
175,5,6.00,10,14.69,20.80,19.00,0.0,0.00,0.0,0.0,,0.0
175,6,6.00,10,14.44,20.15,18.52,0.0,0.00,0.0,0.0,,0.0
175,7,6.00,10,14.18,19.54,18.06,0.0,0.00,0.0,0.0,,0.0
175,8,6.00,10,14.47,20.55,20.68,1932.37,85.59,0.0,0.0,,1932.37
175,9,6.00,10,14.81,21.45,21.23,0.0,145.85,0.0,0.0,,0.0
175,10,6.00,10,16.04,22.47,22.20,0.0,157.46,0.0,0.0,,0.0
175,11,6.00,10,17.21,23.64,23.38,0.0,187.13,0.0,0.0,,0.0
175,12,6.00,10,18.03,24.90,24.66,0.0,220.39,0.0,0.0,,0.0
175,13,6.00,10,18.28,26.05,25.68,-233.6,238.51,0.0,0.0,,-233.6
175,14,6.00,10,18.41,27.07,25.68,-1562.16,227.12,0.0,0.0,,-1562.16
175,15,6.00,10,18.51,27.98,25.68,-1948.63,227.46,0.0,0.0,,-1948.63
175,16,6.00,10,18.61,28.76,25.68,-2122.75,213.43,0.0,0.0,,-2122.75
175,17,6.00,10,18.44,29.32,25.68,-2044.14,191.03,0.0,0.0,,-2044.14
175,18,6.00,10,18.19,29.61,25.68,-1793.98,143.56,0.0,0.0,,-1793.98
175,19,6.00,10,17.33,28.65,25.44,0.0,151.55,0.0,0.0,,0.0
175,20,6.00,10,16.52,27.39,24.59,0.0,0.00,0.0,0.0,,0.0
175,21,6.00,10,16.31,26.24,23.73,0.0,0.00,0.0,0.0,,0.0
175,22,6.00,10,16.22,25.21,22.95,0.0,0.00,0.0,0.0,,0.0
175,23,6.00,10,16.10,24.29,22.25,0.0,0.00,0.0,0.0,,0.0
175,24,6.00,10,16.31,23.49,21.64,0.0,0.00,0.0,0.0,,0.0
175,1,7.00,10,16.08,22.74,21.07,0.0,0.00,0.0,0.0,,0.0
175,2,7.00,10,16.05,22.07,20.54,0.0,0.00,0.0,0.0,,0.0
175,3,7.00,10,16.16,21.47,20.09,0.0,0.00,0.0,0.0,,0.0
175,4,7.00,10,15.98,20.90,19.65,0.0,0.00,0.0,0.0,,0.0
175,5,7.00,10,15.86,20.38,19.24,0.0,0.00,0.0,0.0,,0.0
175,6,7.00,10,15.77,19.90,18.87,0.0,0.00,0.0,0.0,,0.0
175,7,7.00,10,15.46,19.43,18.49,0.0,0.00,0.0,0.0,,0.0
175,8,7.00,10,15.83,20.67,20.68,1116.22,85.59,0.0,0.0,,1116.22
175,9,7.00,10,15.81,21.68,21.49,0.0,145.85,0.0,0.0,,0.0
175,10,7.00,10,16.98,22.79,22.59,0.0,157.46,0.0,0.0,,0.0
175,11,7.00,10,18.02,24.01,23.82,0.0,187.13,0.0,0.0,,0.0
175,12,7.00,10,18.72,25.31,25.13,0.0,220.39,0.0,0.0,,0.0
175,13,7.00,10,19.13,26.52,25.68,-973.03,238.51,0.0,0.0,,-973.03
175,14,7.00,10,19.31,27.60,25.68,-1920.57,227.12,0.0,0.0,,-1920.57
175,15,7.00,10,19.37,28.55,25.68,-2243.72,227.46,0.0,0.0,,-2243.72
175,16,7.00,10,19.14,29.31,25.68,-2309.87,213.43,0.0,0.0,,-2309.87
175,17,7.00,10,18.71,29.81,25.68,-2144.0,191.03,0.0,0.0,,-2144.0
175,18,7.00,10,17.96,29.98,25.68,-1756.01,143.56,0.0,0.0,,-1756.01
175,19,7.00,10,17.20,28.98,25.43,0.0,151.55,0.0,0.0,,0.0
175,20,7.00,10,16.65,27.71,24.60,0.0,0.00,0.0,0.0,,0.0
175,21,7.00,10,16.28,26.52,23.73,0.0,0.00,0.0,0.0,,0.0
175,22,7.00,10,16.10,25.46,22.94,0.0,0.00,0.0,0.0,,0.0
175,23,7.00,10,15.97,24.50,22.23,0.0,0.00,0.0,0.0,,0.0
175,24,7.00,10,15.93,23.64,21.58,0.0,0.00,0.0,0.0,,0.0
175,1,1.00,10,15.52,22.82,20.95,0.0,0.00,0.0,0.0,,0.0
175,2,1.00,10,15.30,22.06,20.37,0.0,0.00,0.0,0.0,,0.0
175,3,1.00,10,15.32,21.38,19.84,0.0,0.00,0.0,0.0,,0.0
175,4,1.00,10,15.34,20.77,19.38,0.0,0.00,0.0,0.0,,0.0
175,5,1.00,10,15.20,20.20,18.93,0.0,0.00,0.0,0.0,,0.0
175,6,1.00,10,15.73,19.74,18.60,0.0,0.00,0.0,0.0,,0.0
175,7,1.00,10,15.75,19.33,18.29,0.0,0.00,0.0,0.0,,0.0
175,8,1.00,10,15.90,20.60,20.68,1340.65,85.59,0.0,0.0,,1340.65
175,9,1.00,10,16.46,21.73,21.57,0.0,145.85,0.0,0.0,,0.0
175,10,1.00,10,17.38,22.89,22.69,0.0,157.46,0.0,0.0,,0.0
175,11,1.00,10,18.14,24.10,23.91,0.0,187.13,0.0,0.0,,0.0
175,12,1.00,10,18.54,25.34,25.17,0.0,220.39,0.0,0.0,,0.0
175,13,1.00,10,18.91,26.51,25.68,-962.36,238.51,0.0,0.0,,-962.36
175,14,1.00,10,19.09,27.56,25.68,-1871.07,227.12,0.0,0.0,,-1871.07
175,15,1.00,10,19.04,28.47,25.68,-2159.9,227.46,0.0,0.0,,-2159.9
175,16,1.00,10,18.96,29.22,25.68,-2259.03,213.43,0.0,0.0,,-2259.03
175,17,1.00,10,18.90,29.77,25.68,-2189.18,191.03,0.0,0.0,,-2189.18
175,18,1.00,10,18.08,29.97,25.68,-1787.49,143.56,0.0,0.0,,-1787.49
175,19,1.00,10,17.45,28.99,25.46,0.0,151.55,0.0,0.0,,0.0
175,20,1.00,10,16.83,27.73,24.64,0.0,0.00,0.0,0.0,,0.0
175,21,1.00,10,16.20,26.53,23.76,0.0,0.00,0.0,0.0,,0.0
175,22,1.00,10,16.17,25.47,22.98,0.0,0.00,0.0,0.0,,0.0
175,23,1.00,10,16.05,24.52,22.26,0.0,0.00,0.0,0.0,,0.0
175,24,1.00,10,16.25,23.69,21.65,0.0,0.00,0.0,0.0,,0.0
175,1,2.00,10,15.96,22.91,21.06,0.0,0.00,0.0,0.0,,0.0
175,2,2.00,10,15.67,22.18,20.50,0.0,0.00,0.0,0.0,,0.0
175,3,2.00,10,15.67,21.52,20.00,0.0,0.00,0.0,0.0,,0.0
175,4,2.00,10,15.75,20.93,19.55,0.0,0.00,0.0,0.0,,0.0
175,5,2.00,10,15.66,20.39,19.14,0.0,0.00,0.0,0.0,,0.0
175,6,2.00,10,15.64,19.90,18.76,0.0,0.00,0.0,0.0,,0.0
175,7,2.00,10,15.57,19.45,18.41,0.0,0.00,0.0,-0.0,,0.0
175,8,2.00,10,15.98,20.71,20.68,1173.09,85.59,0.0,0.0,,1173.09
175,9,2.00,10,16.26,21.79,21.56,0.0,145.85,0.0,0.0,,0.0
175,10,2.00,10,17.15,22.91,22.66,0.0,157.46,0.0,0.0,,0.0
175,11,2.00,10,18.07,24.11,23.88,0.0,187.13,0.0,0.0,,0.0
175,12,2.00,10,18.94,25.42,25.22,0.0,220.39,0.0,0.0,,0.0
175,13,2.00,10,19.33,26.65,25.68,-1116.07,238.51,0.0,0.0,,-1116.07
175,14,2.00,10,19.45,27.73,25.68,-1977.57,227.12,0.0,0.0,,-1977.57
175,15,2.00,10,19.35,28.65,25.68,-2251.32,227.46,0.0,0.0,,-2251.32
175,16,2.00,10,19.22,29.41,25.68,-2334.83,213.43,0.0,0.0,,-2334.83
175,17,2.00,10,18.98,29.94,25.68,-2216.97,191.03,0.0,0.0,,-2216.97
175,18,2.00,10,18.31,30.14,25.68,-1849.97,143.56,0.0,0.0,,-1849.97
175,19,2.00,10,17.52,29.15,25.48,0.0,151.55,0.0,0.0,,0.0
175,20,2.00,10,16.74,27.87,24.64,0.0,0.00,0.0,0.0,,0.0
175,21,2.00,10,16.27,26.66,23.77,0.0,0.00,0.0,0.0,,0.0
175,22,2.00,10,15.94,25.56,22.96,0.0,0.00,0.0,0.0,,0.0
175,23,2.00,10,15.67,24.56,22.21,0.0,0.00,0.0,0.0,,0.0
175,24,2.00,10,15.75,23.68,21.55,0.0,0.00,0.0,0.0,,0.0
175,1,3.00,10,15.16,22.82,20.88,0.0,0.00,0.0,0.0,,0.0
175,2,3.00,10,14.89,22.02,20.27,0.0,0.00,0.0,0.0,,0.0
175,3,3.00,10,14.81,21.29,19.70,0.0,0.00,0.0,0.0,,0.0
175,4,3.00,10,14.86,20.65,19.20,0.0,0.00,0.0,0.0,,0.0
175,5,3.00,10,14.95,20.07,18.76,0.0,0.00,0.0,0.0,,0.0
175,6,3.00,10,14.94,19.55,18.36,0.0,0.00,0.0,0.0,,0.0
175,7,3.00,10,14.56,19.03,17.95,0.0,0.00,0.0,0.0,,0.0
175,8,3.00,10,14.82,20.62,19.64,0.0,85.59,0.0,0.0,,0.0
175,9,3.00,10,15.37,22.01,21.12,0.0,145.85,0.0,0.0,,0.0
175,10,3.00,10,16.74,23.44,22.63,0.0,157.46,0.0,0.0,,0.0
175,11,3.00,10,17.81,24.94,24.21,0.0,187.13,0.0,0.0,,0.0
175,12,3.00,10,18.79,26.55,25.89,0.0,220.39,0.0,0.0,,0.0
175,13,3.00,10,19.30,28.12,27.52,0.0,238.51,0.0,0.0,,0.0
175,14,3.00,10,19.36,29.55,29.00,0.0,227.12,0.0,0.0,,0.0
175,15,3.00,10,19.36,30.87,30.37,0.0,227.46,0.0,0.0,,0.0
175,16,3.00,10,19.45,32.05,31.60,0.0,213.43,0.0,0.0,,0.0
175,17,3.00,10,19.39,33.02,32.61,0.0,191.03,0.0,0.0,,0.0
175,18,3.00,10,18.99,33.69,33.32,0.0,143.56,0.0,0.0,,0.0
175,19,3.00,10,18.15,32.12,31.78,0.0,151.55,0.0,0.0,,0.0
175,20,3.00,10,17.39,30.53,30.23,0.0,0.00,0.0,0.0,,0.0
175,21,3.00,10,17.45,29.17,28.89,0.0,0.00,0.0,0.0,,0.0
175,22,3.00,10,17.47,27.98,27.72,0.0,0.00,0.0,0.0,,0.0
175,23,3.00,10,17.53,26.93,26.70,0.0,0.00,0.0,0.0,,0.0
175,24,3.00,10,17.30,25.96,25.76,0.0,0.00,0.0,0.0,,0.0
175,1,4.00,10,17.07,25.07,24.88,0.0,0.00,0.0,0.0,,0.0
175,2,4.00,10,16.88,24.25,24.08,0.0,0.00,0.0,0.0,,0.0
175,3,4.00,10,16.80,23.50,23.34,0.0,0.00,0.0,0.0,,0.0
175,4,4.00,10,16.93,22.84,22.69,0.0,0.00,0.0,0.0,,0.0
175,5,4.00,10,16.71,22.21,22.08,0.0,0.00,0.0,0.0,,0.0
175,6,4.00,10,16.71,21.65,21.53,0.0,0.00,0.0,0.0,,0.0
175,7,4.00,10,16.68,21.13,21.02,0.0,0.00,0.0,0.0,,0.0
175,8,4.00,10,16.79,22.71,22.62,0.0,85.59,0.0,0.0,,0.0
175,9,4.00,10,17.06,24.05,23.96,0.0,145.85,0.0,0.0,,0.0
175,10,4.00,10,18.04,25.39,25.31,0.0,157.46,0.0,0.0,,0.0
175,11,4.00,10,18.85,26.80,26.72,0.0,187.13,0.0,0.0,,0.0
175,12,4.00,10,19.25,28.26,28.19,0.0,220.39,0.0,0.0,,0.0
175,13,4.00,10,19.26,29.65,29.59,0.0,238.51,0.0,0.0,,0.0
175,14,4.00,10,19.27,30.92,30.87,0.0,227.12,0.0,0.0,,0.0
175,15,4.00,10,19.21,32.09,32.04,0.0,227.46,0.0,0.0,,0.0
175,16,4.00,10,19.26,33.14,33.09,0.0,213.43,0.0,0.0,,0.0
175,17,4.00,10,19.30,33.99,33.95,0.0,191.03,0.0,0.0,,0.0
175,18,4.00,10,19.09,34.59,34.56,0.0,143.56,0.0,0.0,,0.0
175,19,4.00,10,18.07,32.93,32.90,0.0,151.55,0.0,0.0,,0.0
175,20,4.00,10,17.17,31.24,31.21,0.0,0.00,0.0,0.0,,0.0
175,21,4.00,10,17.31,29.80,29.77,0.0,0.00,0.0,0.0,,0.0
175,22,4.00,10,17.12,28.51,28.49,0.0,0.00,0.0,0.0,,0.0
175,23,4.00,10,17.15,27.38,27.35,0.0,0.00,0.0,0.0,,0.0
175,24,4.00,10,17.10,26.36,26.33,0.0,0.00,0.0,0.0,,0.0
175,1,5.00,10,16.74,25.40,25.38,0.0,0.00,0.0,0.0,,0.0
175,2,5.00,10,16.30,24.48,24.46,0.0,0.00,0.0,0.0,,0.0
175,3,5.00,10,16.06,23.64,23.62,0.0,0.00,0.0,0.0,,0.0
175,4,5.00,10,16.21,22.89,22.88,0.0,0.00,0.0,0.0,,0.0
175,5,5.00,10,15.92,22.19,22.18,0.0,0.00,0.0,0.0,,0.0
175,6,5.00,10,16.17,21.58,21.57,0.0,0.00,0.0,0.0,,0.0
175,7,5.00,10,15.76,20.98,20.97,0.0,0.00,0.0,0.0,,0.0
175,8,5.00,10,15.45,21.90,21.89,0.0,85.59,0.0,0.0,,0.0
175,9,5.00,10,15.54,22.69,22.69,0.0,145.85,0.0,0.0,,0.0
175,10,5.00,10,16.48,23.59,23.59,0.0,157.46,0.0,0.0,,0.0
175,11,5.00,10,17.35,24.60,24.60,0.0,187.13,0.0,0.0,,0.0
175,12,5.00,10,18.56,25.81,25.68,-185.07,220.39,0.0,0.0,,-185.07
175,13,5.00,10,19.02,26.96,25.68,-1681.76,238.51,0.0,0.0,,-1681.76
175,14,5.00,10,19.18,27.96,25.68,-2089.0,227.12,0.0,0.0,,-2089.0
175,15,5.00,10,19.11,28.83,25.68,-2279.51,227.46,0.0,0.0,,-2279.51
175,16,5.00,10,19.06,29.55,25.68,-2339.76,213.43,0.0,0.0,,-2339.76
175,17,5.00,10,18.91,30.05,25.68,-2224.2,191.03,0.0,0.0,,-2224.2
175,18,5.00,10,18.68,30.32,25.68,-1957.68,143.56,0.0,0.0,,-1957.68
175,19,5.00,10,18.27,29.39,25.57,0.0,151.55,0.0,0.0,,0.0
175,20,5.00,10,17.49,28.16,24.81,0.0,0.00,0.0,0.0,,0.0
175,21,5.00,10,17.02,26.99,23.99,0.0,0.00,0.0,0.0,,0.0
175,22,5.00,10,16.77,25.94,23.24,0.0,0.00,0.0,0.0,,0.0
175,23,5.00,10,16.88,25.03,22.58,0.0,0.00,0.0,0.0,,0.0
175,24,5.00,10,17.18,24.24,22.03,0.0,0.00,0.0,0.0,,0.0
175,1,6.00,10,16.96,23.50,21.50,0.0,0.00,0.0,0.0,,0.0
175,2,6.00,10,16.73,22.81,20.99,0.0,0.00,0.0,0.0,,0.0
175,3,6.00,10,16.65,22.18,20.53,0.0,0.00,0.0,0.0,,0.0
175,4,6.00,10,16.86,21.64,20.14,0.0,0.00,0.0,-0.0,,0.0
175,5,6.00,10,16.79,21.14,19.78,0.0,0.00,0.0,-0.0,,0.0
175,6,6.00,10,16.62,20.66,19.43,0.0,0.00,0.0,-0.0,,0.0
175,7,6.00,10,16.27,20.19,19.07,0.0,0.00,0.0,-0.0,,0.0
175,8,6.00,10,16.82,21.47,20.68,205.71,85.59,0.0,0.0,,205.71
175,9,6.00,10,17.22,22.58,21.86,0.0,145.85,0.0,0.0,,0.0
175,10,6.00,10,18.15,23.73,23.10,0.0,157.46,0.0,0.0,,0.0
175,11,6.00,10,19.12,24.96,24.42,0.0,187.13,0.0,0.0,,0.0
175,12,6.00,10,19.81,26.27,25.68,-164.08,220.39,0.0,0.0,,-164.08
175,13,6.00,10,20.07,27.47,25.68,-1846.23,238.51,0.0,0.0,,-1846.23
175,14,6.00,10,19.78,28.46,25.68,-2200.58,227.12,0.0,0.0,,-2200.58
175,15,6.00,10,19.71,29.33,25.68,-2414.06,227.46,0.0,0.0,,-2414.06
175,16,6.00,10,19.55,30.03,25.68,-2460.52,213.43,0.0,0.0,,-2460.52
175,17,6.00,10,19.48,30.55,25.68,-2369.8,191.03,0.0,0.0,,-2369.8
175,18,6.00,10,19.46,30.86,25.68,-2163.29,143.56,0.0,0.0,,-2163.29
175,19,6.00,10,18.59,29.90,25.62,0.0,151.55,0.0,0.0,,0.0
175,20,6.00,10,17.62,28.62,24.86,0.0,0.00,0.0,0.0,,0.0
175,21,6.00,10,17.55,27.47,24.10,0.0,0.00,0.0,0.0,,0.0
175,22,6.00,10,17.37,26.43,23.39,0.0,0.00,0.0,0.0,,0.0
175,23,6.00,10,17.43,25.52,22.77,0.0,0.00,0.0,0.0,,0.0
175,24,6.00,10,17.36,24.69,22.21,0.0,0.00,0.0,0.0,,0.0
175,1,7.00,10,17.28,23.94,21.69,0.0,0.00,0.0,-0.0,,0.0
175,2,7.00,10,17.38,23.28,21.24,0.0,0.00,0.0,-0.0,,0.0
175,3,7.00,10,17.19,22.66,20.80,0.0,0.00,0.0,-0.0,,0.0
175,4,7.00,10,17.25,22.10,20.42,0.0,0.00,0.0,-0.0,,0.0
175,5,7.00,10,17.05,21.57,20.05,0.0,0.00,0.0,-0.0,,0.0
175,6,7.00,10,16.85,21.08,19.69,0.0,0.00,0.0,0.0,,0.0
175,7,7.00,10,16.79,20.62,19.36,0.0,0.00,0.0,0.0,,0.0
175,8,7.00,10,17.85,22.01,20.95,0.0,85.59,0.0,0.0,,0.0
175,9,7.00,10,18.74,23.28,22.37,0.0,145.85,0.0,0.0,,0.0
175,10,7.00,10,19.43,24.50,23.72,0.0,157.46,0.0,0.0,,0.0
175,11,7.00,10,19.97,25.72,25.05,0.0,187.13,0.0,0.0,,0.0
175,12,7.00,10,20.74,27.05,25.68,-1103.81,220.39,0.0,0.0,,-1103.81
175,13,7.00,10,20.93,28.26,25.68,-2234.74,238.51,0.0,0.0,,-2234.74
175,14,7.00,10,20.82,29.28,25.68,-2559.51,227.12,0.0,0.0,,-2559.51
175,15,7.00,10,20.61,30.15,25.68,-2705.91,227.46,0.0,0.0,,-2705.91
175,16,7.00,10,20.45,30.87,25.68,-2734.24,213.43,0.0,0.0,,-2734.24
175,17,7.00,10,19.89,31.30,25.68,-2511.87,191.03,0.0,0.0,,-2511.87
175,18,7.00,10,19.24,31.44,25.68,-2131.84,143.56,0.0,0.0,,-2131.84
175,19,7.00,10,18.31,30.41,25.59,0.0,151.55,0.0,0.0,,0.0
175,20,7.00,10,17.29,29.05,24.80,0.0,0.00,0.0,0.0,,0.0
175,21,7.00,10,17.21,27.82,24.01,0.0,0.00,0.0,0.0,,0.0
175,22,7.00,10,17.15,26.74,23.30,0.0,0.00,0.0,0.0,,0.0
175,23,7.00,10,17.06,25.76,22.65,0.0,0.00,0.0,0.0,,0.0
175,24,7.00,10,17.06,24.89,22.07,0.0,0.00,0.0,0.0,,0.0
175,1,1.00,10,15.04,23.87,21.32,0.0,0.00,0.0,0.0,,0.0
175,2,1.00,10,14.70,22.94,20.62,0.0,0.00,0.0,0.0,,0.0
175,3,1.00,10,14.42,22.08,19.98,0.0,0.00,0.0,0.0,,0.0
175,4,1.00,10,14.43,21.32,19.41,0.0,0.00,0.0,0.0,,0.0
175,5,1.00,10,14.21,20.60,18.87,0.0,0.00,0.0,0.0,,0.0
175,6,1.00,10,14.14,19.95,18.38,0.0,0.00,0.0,-0.0,,0.0
175,7,1.00,10,14.18,19.37,17.94,0.0,0.00,0.0,0.0,,0.0
175,8,1.00,10,14.94,20.49,20.68,1953.04,85.59,0.0,0.0,,1953.04
175,9,1.00,10,15.29,21.47,21.29,0.0,145.85,0.0,0.0,,0.0
175,10,1.00,10,16.50,22.56,22.32,0.0,157.46,0.0,0.0,,0.0
175,11,1.00,10,17.73,23.78,23.56,0.0,187.13,0.0,0.0,,0.0
175,12,1.00,10,18.32,25.05,24.84,0.0,220.39,0.0,0.0,,0.0
175,13,1.00,10,18.41,26.19,25.68,-465.67,238.51,0.0,0.0,,-465.67
175,14,1.00,10,18.45,27.19,25.68,-1614.81,227.12,0.0,0.0,,-1614.81
175,15,1.00,10,18.31,28.04,25.68,-1918.46,227.46,0.0,0.0,,-1918.46
175,16,1.00,10,18.13,28.73,25.68,-2007.75,213.43,0.0,0.0,,-2007.75
175,17,1.00,10,17.76,29.18,25.68,-1864.1,191.03,0.0,0.0,,-1864.1
175,18,1.00,10,17.36,29.38,25.68,-1570.4,143.56,0.0,0.0,,-1570.4
175,19,1.00,10,16.44,28.36,25.33,0.0,151.55,0.0,0.0,,0.0
175,20,1.00,10,15.97,27.09,24.43,0.0,0.00,0.0,0.0,,0.0
175,21,1.00,10,16.03,25.95,23.57,0.0,0.00,0.0,0.0,,0.0
175,22,1.00,10,15.90,24.92,22.78,0.0,0.00,0.0,0.0,,0.0
175,23,1.00,10,15.62,23.98,22.04,0.0,0.00,0.0,0.0,,0.0
175,24,1.00,10,15.61,23.14,21.38,0.0,0.00,0.0,0.0,,0.0
175,1,2.00,10,15.80,22.41,20.81,0.0,0.00,0.0,0.0,,0.0
175,2,2.00,10,15.59,21.72,20.27,0.0,0.00,0.0,0.0,,0.0
175,3,2.00,10,15.52,21.09,19.78,0.0,0.00,0.0,0.0,,0.0
175,4,2.00,10,15.36,20.50,19.31,0.0,0.00,0.0,0.0,,0.0
175,5,2.00,10,15.13,19.95,18.87,0.0,0.00,0.0,0.0,,0.0
175,6,2.00,10,15.14,19.45,18.47,0.0,0.00,0.0,-0.0,,0.0
175,7,2.00,10,14.97,18.98,18.09,0.0,0.00,0.0,-0.0,,0.0
175,8,2.00,10,15.19,20.19,20.68,1739.34,85.59,0.0,0.0,,1739.34
175,9,2.00,10,15.15,21.17,21.29,0.0,145.85,0.0,0.0,,0.0
175,10,2.00,10,16.15,22.23,22.26,0.0,157.46,0.0,0.0,,0.0
175,11,2.00,10,17.31,23.44,23.44,0.0,187.13,0.0,0.0,,0.0
175,12,2.00,10,18.02,24.72,24.71,0.0,220.39,0.0,0.0,,0.0
175,13,2.00,10,18.32,25.90,25.68,-299.91,238.51,0.0,0.0,,-299.91
175,14,2.00,10,18.23,26.91,25.68,-1530.02,227.12,0.0,0.0,,-1530.02
175,15,2.00,10,18.24,27.80,25.68,-1884.36,227.46,0.0,0.0,,-1884.36
175,16,2.00,10,17.88,28.48,25.68,-1933.71,213.43,0.0,0.0,,-1933.71
175,17,2.00,10,17.74,28.97,25.68,-1850.92,191.03,0.0,0.0,,-1850.92
175,18,2.00,10,17.75,29.26,25.68,-1663.7,143.56,0.0,0.0,,-1663.7
175,19,2.00,10,16.82,28.29,25.37,0.0,151.55,0.0,0.0,,0.0
175,20,2.00,10,15.86,27.00,24.45,0.0,0.00,0.0,0.0,,0.0
175,21,2.00,10,15.70,25.83,23.55,0.0,0.00,0.0,0.0,,0.0
175,22,2.00,10,15.76,24.80,22.75,0.0,0.00,0.0,0.0,,0.0
175,23,2.00,10,15.80,23.90,22.04,0.0,0.00,0.0,0.0,,0.0
175,24,2.00,10,15.69,23.07,21.39,0.0,0.00,0.0,0.0,,0.0
175,1,3.00,10,15.68,22.33,20.81,0.0,0.00,0.0,0.0,,0.0
175,2,3.00,10,15.24,21.61,20.23,0.0,0.00,0.0,0.0,,0.0
175,3,3.00,10,15.17,20.95,19.70,0.0,0.00,0.0,0.0,,0.0
175,4,3.00,10,15.04,20.35,19.21,0.0,0.00,0.0,0.0,,0.0
175,5,3.00,10,14.47,19.74,18.71,0.0,0.00,0.0,0.0,,0.0
175,6,3.00,10,15.51,19.32,18.38,0.0,0.00,0.0,-0.0,,0.0
175,7,3.00,10,15.65,18.94,18.09,0.0,0.00,0.0,-0.0,,0.0
175,8,3.00,10,16.10,20.67,19.90,0.0,85.59,0.0,0.0,,0.0
175,9,3.00,10,16.06,22.11,21.41,0.0,145.85,0.0,0.0,,0.0
175,10,3.00,10,16.70,23.50,22.86,0.0,157.46,0.0,0.0,,0.0
175,11,3.00,10,17.52,24.95,24.38,0.0,187.13,0.0,0.0,,0.0
175,12,3.00,10,18.21,26.50,25.97,0.0,220.39,0.0,0.0,,0.0
175,13,3.00,10,18.21,27.95,27.48,0.0,238.51,0.0,0.0,,0.0
175,14,3.00,10,18.06,29.27,28.84,0.0,227.12,0.0,0.0,,0.0
175,15,3.00,10,17.94,30.48,30.09,0.0,227.46,0.0,0.0,,0.0
175,16,3.00,10,17.93,31.55,31.19,0.0,213.43,0.0,0.0,,0.0
175,17,3.00,10,17.68,32.40,32.08,0.0,191.03,0.0,0.0,,0.0
175,18,3.00,10,17.36,32.98,32.69,0.0,143.56,0.0,0.0,,0.0
175,19,3.00,10,16.39,31.32,31.05,0.0,151.55,0.0,0.0,,0.0
175,20,3.00,10,15.36,29.61,29.37,0.0,0.00,0.0,0.0,,0.0
175,21,3.00,10,14.95,28.09,27.87,0.0,0.00,0.0,0.0,,0.0
175,22,3.00,10,14.76,26.74,26.54,0.0,0.00,0.0,0.0,,0.0
175,23,3.00,10,14.72,25.54,25.36,0.0,0.00,0.0,0.0,,0.0
175,24,3.00,10,14.84,24.49,24.33,0.0,0.00,0.0,0.0,,0.0
175,1,4.00,10,14.42,23.49,23.34,0.0,0.00,0.0,0.0,,0.0
175,2,4.00,10,14.34,22.59,22.45,0.0,0.00,0.0,0.0,,0.0
175,3,4.00,10,14.12,21.74,21.62,0.0,0.00,0.0,0.0,,0.0
175,4,4.00,10,14.16,20.99,20.88,0.0,0.00,0.0,0.0,,0.0
175,5,4.00,10,14.07,20.30,20.20,0.0,0.00,0.0,0.0,,0.0
175,6,4.00,10,14.13,19.68,19.59,0.0,0.00,0.0,0.0,,0.0
175,7,4.00,10,13.91,19.09,19.01,0.0,0.00,0.0,0.0,,0.0
175,8,4.00,10,13.92,20.60,20.52,0.0,85.59,0.0,0.0,,0.0
175,9,4.00,10,14.45,21.90,21.83,0.0,145.85,0.0,0.0,,0.0
175,10,4.00,10,15.40,23.20,23.14,0.0,157.46,0.0,0.0,,0.0
175,11,4.00,10,16.25,24.58,24.52,0.0,187.13,0.0,0.0,,0.0
175,12,4.00,10,17.35,26.09,26.04,0.0,220.39,0.0,0.0,,0.0
175,13,4.00,10,17.76,27.56,27.51,0.0,238.51,0.0,0.0,,0.0
175,14,4.00,10,17.79,28.90,28.86,0.0,227.12,0.0,0.0,,0.0
175,15,4.00,10,17.78,30.13,30.09,0.0,227.46,0.0,0.0,,0.0
175,16,4.00,10,17.72,31.22,31.18,0.0,213.43,0.0,0.0,,0.0
175,17,4.00,10,17.36,32.07,32.04,0.0,191.03,0.0,0.0,,0.0
175,18,4.00,10,17.18,32.67,32.64,0.0,143.56,0.0,0.0,,0.0
175,19,4.00,10,16.04,31.00,30.97,0.0,151.55,0.0,0.0,,0.0
175,20,4.00,10,14.89,29.28,29.25,0.0,0.00,0.0,0.0,,0.0
175,21,4.00,10,14.72,27.77,27.75,0.0,0.00,0.0,0.0,,0.0
175,22,4.00,10,14.60,26.44,26.42,0.0,0.00,0.0,0.0,,0.0
175,23,4.00,10,14.56,25.26,25.24,0.0,0.00,0.0,0.0,,0.0
175,24,4.00,10,14.91,24.24,24.22,0.0,0.00,0.0,0.0,,0.0
175,1,5.00,10,14.62,23.29,23.27,0.0,0.00,0.0,0.0,,0.0
175,2,5.00,10,14.43,22.41,22.40,0.0,0.00,0.0,0.0,,0.0
175,3,5.00,10,14.23,21.60,21.58,0.0,0.00,0.0,0.0,,0.0
175,4,5.00,10,14.45,20.89,20.88,0.0,0.00,0.0,0.0,,0.0
175,5,5.00,10,14.58,20.26,20.25,0.0,0.00,0.0,0.0,,0.0
175,6,5.00,10,14.77,19.71,19.70,0.0,0.00,0.0,0.0,,0.0
175,7,5.00,10,14.37,19.16,19.15,0.0,0.00,0.0,0.0,,0.0
175,8,5.00,10,14.55,20.24,20.68,632.83,85.59,0.0,0.0,,632.83
175,9,5.00,10,15.41,21.28,21.55,0.0,145.85,0.0,0.0,,0.0
175,10,5.00,10,16.37,22.37,22.58,0.0,157.46,0.0,0.0,,0.0
175,11,5.00,10,17.08,23.51,23.68,0.0,187.13,0.0,0.0,,0.0
175,12,5.00,10,17.81,24.75,24.89,0.0,220.39,0.0,0.0,,0.0
175,13,5.00,10,17.99,25.88,25.68,-452.67,238.51,0.0,0.0,,-452.67
175,14,5.00,10,17.92,26.84,25.68,-1508.62,227.12,0.0,0.0,,-1508.62
175,15,5.00,10,17.57,27.63,25.68,-1738.76,227.46,0.0,0.0,,-1738.76
175,16,5.00,10,17.58,28.31,25.68,-1861.27,213.43,0.0,0.0,,-1861.27
175,17,5.00,10,17.46,28.79,25.68,-1780.2,191.03,0.0,0.0,,-1780.2
175,18,5.00,10,17.13,29.01,25.68,-1504.58,143.56,0.0,0.0,,-1504.58
175,19,5.00,10,16.01,27.99,25.27,0.0,151.55,0.0,0.0,,0.0
175,20,5.00,10,15.13,26.67,24.29,0.0,0.00,0.0,0.0,,0.0
175,21,5.00,10,15.10,25.47,23.35,0.0,0.00,0.0,0.0,,0.0
175,22,5.00,10,15.04,24.41,22.50,0.0,0.00,0.0,0.0,,0.0
175,23,5.00,10,15.03,23.47,21.74,0.0,0.00,0.0,0.0,,0.0
175,24,5.00,10,14.98,22.62,21.06,0.0,0.00,0.0,0.0,,0.0
175,1,6.00,10,14.89,21.85,20.43,0.0,0.00,0.0,0.0,,0.0
175,2,6.00,10,14.73,21.13,19.84,0.0,0.00,0.0,0.0,,0.0
175,3,6.00,10,14.54,20.46,19.30,0.0,0.00,0.0,0.0,,0.0
175,4,6.00,10,14.64,19.87,18.81,0.0,0.00,0.0,0.0,,0.0
175,5,6.00,10,14.35,19.31,18.35,0.0,0.00,0.0,0.0,,0.0
175,6,6.00,10,14.38,18.80,17.93,0.0,0.00,0.0,0.0,,0.0
175,7,6.00,10,14.19,18.32,17.53,0.0,0.00,0.0,0.0,,0.0
175,8,6.00,10,14.41,19.51,20.68,2576.38,85.59,0.0,0.0,,2576.38
175,9,6.00,10,15.00,20.59,21.15,0.0,145.85,0.0,0.0,,0.0
175,10,6.00,10,15.84,21.70,22.07,0.0,157.46,0.0,0.0,,0.0
175,11,6.00,10,16.64,22.87,23.15,0.0,187.13,0.0,0.0,,0.0
175,12,6.00,10,17.42,24.14,24.37,0.0,220.39,0.0,0.0,,0.0
175,13,6.00,10,18.10,25.39,25.59,0.0,238.51,0.0,0.0,,0.0
175,14,6.00,10,18.34,26.50,25.68,-1393.76,227.12,0.0,0.0,,-1393.76
175,15,6.00,10,18.36,27.47,25.68,-1863.82,227.46,0.0,0.0,,-1863.82
175,16,6.00,10,18.22,28.25,25.68,-1998.4,213.43,0.0,0.0,,-1998.4
175,17,6.00,10,17.79,28.77,25.68,-1857.45,191.03,0.0,0.0,,-1857.45
175,18,6.00,10,17.35,29.01,25.68,-1557.82,143.56,0.0,0.0,,-1557.82
175,19,6.00,10,16.19,28.00,25.29,0.0,151.55,0.0,0.0,,0.0
175,20,6.00,10,15.42,26.70,24.34,0.0,0.00,0.0,0.0,,0.0
175,21,6.00,10,15.14,25.50,23.39,0.0,0.00,0.0,0.0,,0.0
175,22,6.00,10,14.86,24.41,22.52,0.0,0.00,0.0,0.0,,0.0
175,23,6.00,10,14.83,23.45,21.73,0.0,0.00,0.0,0.0,,0.0
175,24,6.00,10,14.45,22.54,20.99,0.0,0.00,0.0,0.0,,0.0
175,1,7.00,10,14.29,21.71,20.31,0.0,0.00,0.0,0.0,,0.0
175,2,7.00,10,14.20,20.96,19.69,0.0,0.00,0.0,0.0,,0.0
175,3,7.00,10,14.21,20.28,19.13,0.0,0.00,0.0,0.0,,0.0
175,4,7.00,10,14.56,19.71,18.66,0.0,0.00,0.0,0.0,,0.0
175,5,7.00,10,14.55,19.19,18.24,0.0,0.00,0.0,0.0,,0.0
175,6,7.00,10,14.60,18.72,17.85,0.0,0.00,0.0,0.0,,0.0
175,7,7.00,10,14.12,18.23,17.45,0.0,0.00,0.0,0.0,,0.0
175,8,7.00,10,15.21,19.58,20.68,2466.29,85.59,0.0,0.0,,2466.29
175,9,7.00,10,16.20,20.85,21.36,0.0,145.85,0.0,0.0,,0.0
175,10,7.00,10,17.02,22.08,22.42,0.0,157.46,0.0,0.0,,0.0
175,11,7.00,10,17.16,23.24,23.50,0.0,187.13,0.0,0.0,,0.0
175,12,7.00,10,17.61,24.46,24.68,0.0,220.39,0.0,0.0,,0.0
175,13,7.00,10,18.09,25.65,25.68,-214.67,238.51,0.0,0.0,,-214.67
175,14,7.00,10,18.66,26.78,25.68,-1631.17,227.12,0.0,0.0,,-1631.17
175,15,7.00,10,18.62,27.74,25.68,-1984.44,227.46,0.0,0.0,,-1984.44
175,16,7.00,10,18.56,28.54,25.68,-2116.13,213.43,0.0,0.0,,-2116.13
175,17,7.00,10,18.56,29.14,25.68,-2073.79,191.03,0.0,0.0,,-2073.79
175,18,7.00,10,18.01,29.43,25.68,-1750.72,143.56,0.0,0.0,,-1750.72
175,19,7.00,10,16.82,28.42,25.38,0.0,151.55,0.0,0.0,,0.0
175,20,7.00,10,15.81,27.11,24.46,0.0,0.00,0.0,0.0,,0.0
175,21,7.00,10,15.45,25.89,23.53,0.0,0.00,0.0,0.0,,0.0
175,22,7.00,10,15.27,24.81,22.68,0.0,0.00,0.0,0.0,,0.0
175,23,7.00,10,15.01,23.82,21.89,0.0,0.00,0.0,0.0,,0.0
175,24,7.00,10,15.11,22.95,21.20,0.0,0.00,0.0,0.0,,0.0
175,1,1.00,11,14.80,22.13,20.55,0.0,0.00,0.0,0.0,,0.0
175,2,1.00,11,14.68,21.38,19.95,0.0,0.00,0.0,0.0,,0.0
175,3,1.00,11,14.69,20.71,19.41,0.0,0.00,0.0,0.0,,0.0
175,4,1.00,11,15.13,20.15,18.97,0.0,0.00,0.0,-0.0,,0.0
175,5,1.00,11,14.96,19.62,18.55,0.0,0.00,0.0,0.0,,0.0
175,6,1.00,11,14.79,19.12,18.15,0.0,0.00,0.0,-0.0,,0.0
175,7,1.00,11,14.68,18.66,17.78,0.0,0.36,0.0,-0.0,,0.0
175,8,1.00,11,15.04,19.97,21.20,2763.52,185.06,0.0,0.0,,2763.52
175,9,1.00,11,15.21,21.09,21.66,0.0,266.23,0.0,0.0,,0.0
175,10,1.00,11,16.19,22.32,22.69,0.0,348.59,0.0,0.0,,0.0
175,11,1.00,11,16.85,23.54,23.83,0.0,333.31,0.0,0.0,,0.0
175,12,1.00,11,17.61,24.81,25.04,0.0,294.97,0.0,0.0,,0.0
175,13,1.00,11,18.55,26.05,26.20,-76.34,247.03,0.0,0.0,,-76.34
175,14,1.00,11,19.26,27.21,26.20,-1622.7,229.74,0.0,0.0,,-1622.7
175,15,1.00,11,19.25,28.21,26.20,-2007.37,249.11,0.0,0.0,,-2007.37
175,16,1.00,11,19.45,29.12,26.20,-2263.92,295.43,0.0,0.0,,-2263.92
175,17,1.00,11,19.47,29.88,26.20,-2344.95,356.27,0.0,0.0,,-2344.95
175,18,1.00,11,19.18,30.43,26.20,-2248.71,409.18,0.0,0.0,,-2248.71
175,19,1.00,11,18.16,29.65,26.26,0.0,394.54,0.0,0.0,,0.0
175,20,1.00,11,16.63,28.28,25.34,0.0,0.05,0.0,0.0,,0.0
175,21,1.00,11,16.00,26.99,24.37,0.0,0.00,0.0,0.0,,0.0
175,22,1.00,11,15.55,25.81,23.45,0.0,0.00,0.0,0.0,,0.0
175,23,1.00,11,15.41,24.76,22.62,0.0,0.00,0.0,0.0,,0.0
175,24,1.00,11,15.86,23.87,21.94,0.0,0.00,0.0,0.0,,0.0
175,1,2.00,11,15.39,23.02,21.27,0.0,0.00,0.0,0.0,,0.0
175,2,2.00,11,15.07,22.22,20.63,0.0,0.00,0.0,0.0,,0.0
175,3,2.00,11,15.05,21.50,20.06,0.0,0.00,0.0,0.0,,0.0
175,4,2.00,11,14.99,20.84,19.54,0.0,0.00,0.0,0.0,,0.0
175,5,2.00,11,15.12,20.26,19.08,0.0,0.00,0.0,0.0,,0.0
175,6,2.00,11,15.11,19.74,18.66,0.0,0.00,0.0,-0.0,,0.0
175,7,2.00,11,14.81,19.23,18.25,0.0,0.36,0.0,-0.0,,0.0
175,8,2.00,11,15.30,20.50,21.20,2141.34,185.06,0.0,0.0,,2141.34
175,9,2.00,11,16.07,21.68,21.91,0.0,266.23,0.0,0.0,,0.0
175,10,2.00,11,17.33,23.00,23.11,0.0,348.59,0.0,0.0,,0.0
175,11,2.00,11,18.36,24.36,24.43,0.0,333.31,0.0,0.0,,0.0
175,12,2.00,11,19.04,25.71,25.76,0.0,294.97,0.0,0.0,,0.0
175,13,2.00,11,18.96,26.84,26.20,-958.62,247.03,0.0,0.0,,-958.62
175,14,2.00,11,18.75,27.77,26.20,-1665.31,229.74,0.0,0.0,,-1665.31
175,15,2.00,11,18.66,28.59,26.20,-1927.48,249.11,0.0,0.0,,-1927.48
175,16,2.00,11,18.50,29.30,26.20,-2049.2,295.43,0.0,0.0,,-2049.2
175,17,2.00,11,18.12,29.83,26.20,-2002.97,356.27,0.0,0.0,,-2002.97
175,18,2.00,11,18.02,30.23,26.20,-1932.34,409.18,0.0,0.0,,-1932.34
175,19,2.00,11,16.95,29.38,26.11,0.0,394.54,0.0,0.0,,0.0
175,20,2.00,11,16.28,28.04,25.17,0.0,0.05,0.0,0.0,,0.0
175,21,2.00,11,16.11,26.80,24.24,0.0,0.00,0.0,0.0,,0.0
175,22,2.00,11,16.02,25.70,23.39,0.0,0.00,0.0,0.0,,0.0
175,23,2.00,11,15.78,24.69,22.61,0.0,0.00,0.0,0.0,,0.0
175,24,2.00,11,15.68,23.79,21.90,0.0,0.00,0.0,0.0,,0.0
175,1,3.00,11,15.34,22.94,21.23,0.0,0.00,0.0,0.0,,0.0
175,2,3.00,11,15.04,22.14,20.59,0.0,0.00,0.0,0.0,,0.0
175,3,3.00,11,15.17,21.44,20.04,0.0,0.00,0.0,0.0,,0.0
175,4,3.00,11,15.13,20.80,19.53,0.0,0.00,0.0,0.0,,0.0
175,5,3.00,11,14.90,20.20,19.04,0.0,0.00,0.0,0.0,,0.0
175,6,3.00,11,14.68,19.63,18.58,0.0,0.00,0.0,0.0,,0.0
175,7,3.00,11,14.47,19.10,18.15,0.0,0.36,0.0,0.0,,0.0
175,8,3.00,11,14.78,20.77,19.91,0.0,185.06,0.0,0.0,,0.0
175,9,3.00,11,15.63,22.26,21.48,0.0,266.23,0.0,0.0,,0.0
175,10,3.00,11,16.77,23.82,23.11,0.0,348.59,0.0,0.0,,0.0
175,11,3.00,11,17.79,25.41,24.76,0.0,333.31,0.0,0.0,,0.0
175,12,3.00,11,18.88,27.06,26.47,0.0,294.97,0.0,0.0,,0.0
175,13,3.00,11,19.44,28.61,28.08,0.0,247.03,0.0,0.0,,0.0
175,14,3.00,11,19.46,30.00,29.52,0.0,229.74,0.0,0.0,,0.0
175,15,3.00,11,19.32,31.27,30.83,0.0,249.11,0.0,0.0,,0.0
175,16,3.00,11,19.18,32.42,32.03,0.0,295.43,0.0,0.0,,0.0
175,17,3.00,11,18.78,33.41,33.05,0.0,356.27,0.0,0.0,,0.0
175,18,3.00,11,18.49,34.22,33.89,0.0,409.18,0.0,0.0,,0.0
175,19,3.00,11,17.47,32.72,32.42,0.0,394.54,0.0,0.0,,0.0
175,20,3.00,11,16.30,30.96,30.69,0.0,0.05,0.0,0.0,,0.0
175,21,3.00,11,15.81,29.38,29.13,0.0,0.00,0.0,0.0,,0.0
175,22,3.00,11,15.42,27.96,27.73,0.0,0.00,0.0,0.0,,0.0
175,23,3.00,11,15.27,26.69,26.49,0.0,0.00,0.0,0.0,,0.0
175,24,3.00,11,15.45,25.58,25.40,0.0,0.00,0.0,0.0,,0.0
175,1,4.00,11,14.99,24.53,24.36,0.0,0.00,0.0,0.0,,0.0
175,2,4.00,11,14.83,23.57,23.42,0.0,0.00,0.0,0.0,,0.0
175,3,4.00,11,14.96,22.72,22.58,0.0,0.00,0.0,0.0,,0.0
175,4,4.00,11,15.02,21.96,21.83,0.0,0.00,0.0,0.0,,0.0
175,5,4.00,11,14.90,21.25,21.14,0.0,0.00,0.0,0.0,,0.0
175,6,4.00,11,14.74,20.59,20.49,0.0,0.00,0.0,0.0,,0.0
175,7,4.00,11,14.69,20.00,19.90,0.0,0.36,0.0,0.0,,0.0
175,8,4.00,11,14.97,21.60,21.52,0.0,185.06,0.0,0.0,,0.0
175,9,4.00,11,15.56,23.01,22.93,0.0,266.23,0.0,0.0,,0.0
175,10,4.00,11,16.61,24.48,24.41,0.0,348.59,0.0,0.0,,0.0
175,11,4.00,11,17.25,25.95,25.88,0.0,333.31,0.0,0.0,,0.0
175,12,4.00,11,17.96,27.45,27.39,0.0,294.97,0.0,0.0,,0.0
175,13,4.00,11,18.26,28.84,28.79,0.0,247.03,0.0,0.0,,0.0
175,14,4.00,11,18.45,30.12,30.07,0.0,229.74,0.0,0.0,,0.0
175,15,4.00,11,18.46,31.30,31.26,0.0,249.11,0.0,0.0,,0.0
175,16,4.00,11,18.53,32.40,32.36,0.0,295.43,0.0,0.0,,0.0
175,17,4.00,11,18.48,33.37,33.33,0.0,356.27,0.0,0.0,,0.0
175,18,4.00,11,17.76,34.11,34.08,0.0,409.18,0.0,0.0,,0.0
175,19,4.00,11,16.53,32.54,32.51,0.0,394.54,0.0,0.0,,0.0
175,20,4.00,11,15.84,30.76,30.73,0.0,0.05,0.0,0.0,,0.0
175,21,4.00,11,15.77,29.20,29.18,0.0,0.00,0.0,0.0,,0.0
175,22,4.00,11,15.53,27.82,27.80,0.0,0.00,0.0,0.0,,0.0
175,23,4.00,11,15.59,26.60,26.58,0.0,0.00,0.0,0.0,,0.0
175,24,4.00,11,15.67,25.52,25.50,0.0,0.00,0.0,0.0,,0.0
175,1,5.00,11,15.69,24.55,24.54,0.0,0.00,0.0,0.0,,0.0
175,2,5.00,11,15.39,23.64,23.63,0.0,0.00,0.0,0.0,,0.0
175,3,5.00,11,15.31,22.81,22.80,0.0,0.00,0.0,0.0,,0.0
175,4,5.00,11,15.42,22.08,22.06,0.0,0.00,0.0,0.0,,0.0
175,5,5.00,11,15.24,21.39,21.38,0.0,0.00,0.0,0.0,,0.0
175,6,5.00,11,15.09,20.75,20.74,0.0,0.00,0.0,0.0,,0.0
175,7,5.00,11,14.97,20.16,20.15,0.0,0.36,0.0,0.0,,0.0
175,8,5.00,11,15.52,21.32,21.31,0.0,185.06,0.0,0.0,,0.0
175,9,5.00,11,16.32,22.42,22.42,0.0,266.23,0.0,0.0,,0.0
175,10,5.00,11,17.28,23.63,23.62,0.0,348.59,0.0,0.0,,0.0
175,11,5.00,11,17.81,24.80,24.80,0.0,333.31,0.0,0.0,,0.0
175,12,5.00,11,17.92,25.91,25.90,0.0,294.97,0.0,0.0,,0.0
175,13,5.00,11,17.99,26.88,26.20,-950.46,247.03,0.0,0.0,,-950.46
175,14,5.00,11,18.33,27.77,26.20,-1623.03,229.74,0.0,0.0,,-1623.03
175,15,5.00,11,18.15,28.53,26.20,-1830.27,249.11,0.0,0.0,,-1830.27
175,16,5.00,11,18.26,29.23,26.20,-1998.98,295.43,0.0,0.0,,-1998.98
175,17,5.00,11,18.18,29.79,26.20,-2022.48,356.27,0.0,0.0,,-2022.48
175,18,5.00,11,17.59,30.13,26.20,-1829.36,409.18,0.0,0.0,,-1829.36
175,19,5.00,11,16.65,29.27,26.07,0.0,394.54,0.0,0.0,,0.0
175,20,5.00,11,15.66,27.87,25.07,0.0,0.05,0.0,0.0,,0.0
175,21,5.00,11,15.76,26.62,24.12,0.0,0.00,0.0,0.0,,0.0
175,22,5.00,11,15.69,25.51,23.25,0.0,0.00,0.0,0.0,,0.0
175,23,5.00,11,15.61,24.51,22.48,0.0,0.00,0.0,0.0,,0.0
175,24,5.00,11,15.56,23.62,21.77,0.0,0.00,0.0,0.0,,0.0
175,1,6.00,11,15.38,22.79,21.12,0.0,0.00,0.0,0.0,,0.0
175,2,6.00,11,15.10,22.02,20.50,0.0,0.00,0.0,0.0,,0.0
175,3,6.00,11,15.11,21.32,19.95,0.0,0.00,0.0,0.0,,0.0
175,4,6.00,11,15.23,20.71,19.46,0.0,0.00,0.0,0.0,,0.0
175,5,6.00,11,15.01,20.12,18.99,0.0,0.00,0.0,0.0,,0.0
175,6,6.00,11,15.15,19.62,18.59,0.0,0.00,0.0,0.0,,0.0
175,7,6.00,11,14.98,19.14,18.20,0.0,0.36,0.0,0.0,,0.0
175,8,6.00,11,15.17,20.39,21.20,2232.38,185.06,0.0,0.0,,2232.38
175,9,6.00,11,16.36,21.65,21.95,0.0,266.23,0.0,0.0,,0.0
175,10,6.00,11,17.84,23.06,23.22,0.0,348.59,0.0,0.0,,0.0
175,11,6.00,11,18.86,24.48,24.60,0.0,333.31,0.0,0.0,,0.0
175,12,6.00,11,19.02,25.79,25.88,0.0,294.97,0.0,0.0,,0.0
175,13,6.00,11,18.71,26.86,26.20,-1032.46,247.03,0.0,0.0,,-1032.46
175,14,6.00,11,18.94,27.82,26.20,-1739.41,229.74,0.0,0.0,,-1739.41
175,15,6.00,11,18.90,28.68,26.20,-2006.17,249.11,0.0,0.0,,-2006.17
175,16,6.00,11,19.00,29.45,26.20,-2187.55,295.43,0.0,0.0,,-2187.55
175,17,6.00,11,18.66,30.04,26.20,-2154.15,356.27,0.0,0.0,,-2154.15
175,18,6.00,11,18.32,30.45,26.20,-2024.57,409.18,0.0,0.0,,-2024.57
175,19,6.00,11,17.65,29.65,26.20,0.0,394.54,0.0,0.0,,0.0
175,20,6.00,11,16.68,28.30,25.29,0.0,0.05,0.0,0.0,,0.0
175,21,6.00,11,16.26,27.05,24.35,0.0,0.00,0.0,0.0,,0.0
175,22,6.00,11,15.91,25.90,23.48,0.0,0.00,0.0,0.0,,0.0
175,23,6.00,11,15.55,24.85,22.66,0.0,0.00,0.0,0.0,,0.0
175,24,6.00,11,15.52,23.92,21.93,0.0,0.00,0.0,0.0,,0.0
175,1,7.00,11,15.40,23.07,21.27,0.0,0.00,0.0,0.0,,0.0
175,2,7.00,11,15.17,22.27,20.64,0.0,0.00,0.0,0.0,,0.0
175,3,7.00,11,15.12,21.55,20.07,0.0,0.00,0.0,0.0,,0.0
175,4,7.00,11,15.17,20.91,19.57,0.0,0.00,0.0,0.0,,0.0
175,5,7.00,11,15.03,20.31,19.09,0.0,0.00,0.0,0.0,,0.0
175,6,7.00,11,15.24,19.80,18.69,0.0,0.00,0.0,0.0,,0.0
175,7,7.00,11,15.28,19.33,18.33,0.0,0.36,0.0,0.0,,0.0
175,8,7.00,11,15.41,20.60,21.20,2030.59,185.06,0.0,0.0,,2030.59
175,9,7.00,11,15.81,21.71,21.88,0.0,266.23,0.0,0.0,,0.0
175,10,7.00,11,16.89,22.96,23.01,0.0,348.59,0.0,0.0,,0.0
175,11,7.00,11,17.67,24.22,24.24,0.0,333.31,0.0,0.0,,0.0
175,12,7.00,11,18.35,25.49,25.50,0.0,294.97,0.0,0.0,,0.0
175,13,7.00,11,18.44,26.59,26.20,-552.45,247.03,0.0,0.0,,-552.45
175,14,7.00,11,18.72,27.57,26.20,-1593.89,229.74,0.0,0.0,,-1593.89
175,15,7.00,11,19.05,28.50,26.20,-1997.45,249.11,0.0,0.0,,-1997.45
175,16,7.00,11,19.11,29.32,26.20,-2197.65,295.43,0.0,0.0,,-2197.65
175,17,7.00,11,18.91,29.97,26.20,-2208.91,356.27,0.0,0.0,,-2208.91
175,18,7.00,11,18.11,30.34,26.20,-1970.64,409.18,0.0,0.0,,-1970.64
175,19,7.00,11,17.35,29.51,26.16,0.0,394.54,0.0,0.0,,0.0
175,20,7.00,11,16.70,28.19,25.26,0.0,0.05,0.0,0.0,,0.0
175,21,7.00,11,16.27,26.95,24.33,0.0,0.00,0.0,0.0,,0.0
175,22,7.00,11,16.08,25.83,23.47,0.0,0.00,0.0,0.0,,0.0
175,23,7.00,11,15.98,24.84,22.71,0.0,0.00,0.0,0.0,,0.0
175,24,7.00,11,15.63,23.91,21.98,0.0,0.00,0.0,0.0,,0.0
175,1,1.00,11,15.53,23.07,21.32,0.0,0.00,0.0,0.0,,0.0
175,2,1.00,11,15.49,22.31,20.72,0.0,0.00,0.0,0.0,,0.0
175,3,1.00,11,15.50,21.62,20.18,0.0,0.00,0.0,0.0,,0.0
175,4,1.00,11,15.23,20.97,19.67,0.0,0.00,0.0,0.0,,0.0
175,5,1.00,11,15.13,20.38,19.19,0.0,0.00,0.0,0.0,,0.0
175,6,1.00,11,15.15,19.84,18.76,0.0,0.00,0.0,0.0,,0.0
175,7,1.00,11,15.17,19.36,18.38,0.0,0.36,0.0,0.0,,0.0
175,8,1.00,11,15.60,20.66,21.20,1914.94,185.06,0.0,0.0,,1914.94
175,9,1.00,11,16.16,21.82,21.96,0.0,266.23,0.0,0.0,,0.0
175,10,1.00,11,17.35,23.12,23.16,0.0,348.59,0.0,0.0,,0.0
175,11,1.00,11,18.06,24.41,24.41,0.0,333.31,0.0,0.0,,0.0
175,12,1.00,11,18.63,25.69,25.68,0.0,294.97,0.0,0.0,,0.0
175,13,1.00,11,18.89,26.82,26.20,-868.61,247.03,0.0,0.0,,-868.61
175,14,1.00,11,18.96,27.80,26.20,-1706.6,229.74,0.0,0.0,,-1706.6
175,15,1.00,11,19.12,28.70,26.20,-2045.27,249.11,0.0,0.0,,-2045.27
175,16,1.00,11,18.89,29.44,26.20,-2155.32,295.43,0.0,0.0,,-2155.32
175,17,1.00,11,18.87,30.07,26.20,-2202.94,356.27,0.0,0.0,,-2202.94
175,18,1.00,11,17.99,30.41,26.20,-1943.34,409.18,0.0,0.0,,-1943.34
175,19,1.00,11,17.14,29.56,26.13,0.0,394.54,0.0,0.0,,0.0
175,20,1.00,11,16.03,28.16,25.17,0.0,0.05,0.0,0.0,,0.0
175,21,1.00,11,15.79,26.88,24.20,0.0,0.00,0.0,0.0,,0.0
175,22,1.00,11,15.48,25.71,23.30,0.0,0.00,0.0,0.0,,0.0
175,23,1.00,11,15.25,24.66,22.48,0.0,0.00,0.0,0.0,,0.0
175,24,1.00,11,15.15,23.71,21.73,0.0,0.00,0.0,0.0,,0.0
175,1,2.00,11,14.76,22.81,21.02,0.0,0.00,0.0,0.0,,0.0
175,2,2.00,11,14.68,22.00,20.37,0.0,0.00,0.0,0.0,,0.0
175,3,2.00,11,14.81,21.28,19.81,0.0,0.00,0.0,0.0,,0.0
175,4,2.00,11,14.70,20.62,19.28,0.0,0.00,0.0,0.0,,0.0
175,5,2.00,11,14.73,20.02,18.81,0.0,0.00,0.0,0.0,,0.0
175,6,2.00,11,14.91,19.50,18.40,0.0,0.00,0.0,0.0,,0.0
175,7,2.00,11,14.77,19.02,18.02,0.0,0.36,0.0,0.0,,0.0
175,8,2.00,11,14.89,20.25,21.20,2517.55,185.06,0.0,0.0,,2517.55
175,9,2.00,11,15.69,21.41,21.79,0.0,266.23,0.0,0.0,,0.0
175,10,2.00,11,16.86,22.70,22.93,0.0,348.59,0.0,0.0,,0.0
175,11,2.00,11,17.50,23.97,24.13,0.0,333.31,0.0,0.0,,0.0
175,12,2.00,11,17.80,25.18,25.31,0.0,294.97,0.0,0.0,,0.0
175,13,2.00,11,18.27,26.31,26.20,-304.69,247.03,0.0,0.0,,-304.69
175,14,2.00,11,18.59,27.32,26.20,-1513.92,229.74,0.0,0.0,,-1513.92
175,15,2.00,11,18.82,28.25,26.20,-1915.39,249.11,0.0,0.0,,-1915.39
175,16,2.00,11,18.51,29.00,26.20,-2028.07,295.43,0.0,0.0,,-2028.07
175,17,2.00,11,18.34,29.61,26.20,-2046.91,356.27,0.0,0.0,,-2046.91
175,18,2.00,11,17.27,29.91,26.20,-1741.03,409.18,0.0,0.0,,-1741.03
175,19,2.00,11,16.58,29.06,26.05,0.0,394.54,0.0,0.0,,0.0
175,20,2.00,11,15.70,27.69,25.06,0.0,0.05,0.0,0.0,,0.0
175,21,2.00,11,15.51,26.42,24.08,0.0,0.00,0.0,0.0,,0.0
175,22,2.00,11,15.56,25.32,23.21,0.0,0.00,0.0,0.0,,0.0
175,23,2.00,11,15.46,24.33,22.42,0.0,0.00,0.0,0.0,,0.0
175,24,2.00,11,15.57,23.45,21.72,0.0,0.00,0.0,0.0,,0.0
175,1,3.00,11,15.59,22.67,21.10,0.0,0.00,0.0,0.0,,0.0
175,2,3.00,11,15.73,21.97,20.55,0.0,0.00,0.0,0.0,,0.0
175,3,3.00,11,15.63,21.33,20.04,0.0,0.00,0.0,0.0,,0.0
175,4,3.00,11,15.29,20.71,19.54,0.0,0.00,0.0,0.0,,0.0
175,5,3.00,11,15.22,20.15,19.09,0.0,0.00,0.0,0.0,,0.0
175,6,3.00,11,15.70,19.69,18.73,0.0,0.00,0.0,-0.0,,0.0
175,7,3.00,11,15.90,19.30,18.43,0.0,0.36,0.0,-0.0,,0.0
175,8,3.00,11,16.17,21.09,20.29,0.0,185.06,0.0,0.0,,0.0
175,9,3.00,11,16.82,22.66,21.94,0.0,266.23,0.0,0.0,,0.0
175,10,3.00,11,18.50,24.35,23.69,0.0,348.59,0.0,0.0,,0.0
175,11,3.00,11,19.11,26.00,25.41,0.0,333.31,0.0,0.0,,0.0
175,12,3.00,11,19.46,27.63,27.09,0.0,294.97,0.0,0.0,,0.0
175,13,3.00,11,19.36,29.10,28.61,0.0,247.03,0.0,0.0,,0.0
175,14,3.00,11,19.32,30.42,29.97,0.0,229.74,0.0,0.0,,0.0
175,15,3.00,11,19.05,31.61,31.21,0.0,249.11,0.0,0.0,,0.0
175,16,3.00,11,19.06,32.73,32.36,0.0,295.43,0.0,0.0,,0.0
175,17,3.00,11,18.65,33.67,33.34,0.0,356.27,0.0,0.0,,0.0
175,18,3.00,11,17.70,34.37,34.06,0.0,409.18,0.0,0.0,,0.0
175,19,3.00,11,17.15,32.83,32.56,0.0,394.54,0.0,0.0,,0.0
175,20,3.00,11,16.70,31.12,30.87,0.0,0.05,0.0,0.0,,0.0
175,21,3.00,11,16.25,29.57,29.34,0.0,0.00,0.0,0.0,,0.0
175,22,3.00,11,15.76,28.16,27.96,0.0,0.00,0.0,0.0,,0.0
175,23,3.00,11,15.60,26.91,26.72,0.0,0.00,0.0,0.0,,0.0
175,24,3.00,11,15.86,25.82,25.65,0.0,0.00,0.0,0.0,,0.0
175,1,4.00,11,15.79,24.83,24.67,0.0,0.00,0.0,0.0,,0.0
175,2,4.00,11,15.86,23.94,23.80,0.0,0.00,0.0,0.0,,0.0
175,3,4.00,11,15.80,23.13,23.01,0.0,0.00,0.0,0.0,,0.0
175,4,4.00,11,15.60,22.38,22.26,0.0,0.00,0.0,0.0,,0.0
175,5,4.00,11,15.51,21.69,21.58,0.0,0.00,0.0,0.0,,0.0
175,6,4.00,11,15.39,21.05,20.95,0.0,0.00,0.0,0.0,,0.0
175,7,4.00,11,15.15,20.45,20.36,0.0,0.36,0.0,0.0,,0.0
175,8,4.00,11,15.18,22.02,21.94,0.0,185.06,0.0,0.0,,0.0
175,9,4.00,11,15.65,23.39,23.32,0.0,266.23,0.0,0.0,,0.0
175,10,4.00,11,16.74,24.83,24.77,0.0,348.59,0.0,0.0,,0.0
175,11,4.00,11,17.35,26.28,26.22,0.0,333.31,0.0,0.0,,0.0
175,12,4.00,11,17.87,27.73,27.68,0.0,294.97,0.0,0.0,,0.0
175,13,4.00,11,18.22,29.10,29.05,0.0,247.03,0.0,0.0,,0.0
175,14,4.00,11,18.52,30.36,30.31,0.0,229.74,0.0,0.0,,0.0
175,15,4.00,11,18.63,31.54,31.50,0.0,249.11,0.0,0.0,,0.0
175,16,4.00,11,18.42,32.60,32.56,0.0,295.43,0.0,0.0,,0.0
175,17,4.00,11,18.03,33.50,33.47,0.0,356.27,0.0,0.0,,0.0
175,18,4.00,11,17.70,34.23,34.20,0.0,409.18,0.0,0.0,,0.0
175,19,4.00,11,16.73,32.67,32.64,0.0,394.54,0.0,0.0,,0.0
175,20,4.00,11,16.32,30.93,30.91,0.0,0.05,0.0,0.0,,0.0
175,21,4.00,11,16.37,29.42,29.40,0.0,0.00,0.0,0.0,,0.0
175,22,4.00,11,16.42,28.11,28.09,0.0,0.00,0.0,0.0,,0.0
175,23,4.00,11,16.34,26.94,26.92,0.0,0.00,0.0,0.0,,0.0
175,24,4.00,11,15.82,25.83,25.81,0.0,0.00,0.0,0.0,,0.0
175,1,5.00,11,15.86,24.84,24.82,0.0,0.00,0.0,0.0,,0.0
175,2,5.00,11,15.56,23.91,23.90,0.0,0.00,0.0,0.0,,0.0
175,3,5.00,11,15.34,23.06,23.04,0.0,0.00,0.0,0.0,,0.0
175,4,5.00,11,15.34,22.29,22.28,0.0,0.00,0.0,0.0,,0.0
175,5,5.00,11,15.22,21.58,21.57,0.0,0.00,0.0,0.0,,0.0
175,6,5.00,11,15.20,20.94,20.93,0.0,0.00,0.0,0.0,,0.0
175,7,5.00,11,15.03,20.34,20.33,0.0,0.36,0.0,0.0,,0.0
175,8,5.00,11,15.48,21.46,21.45,0.0,185.06,0.0,0.0,,0.0
175,9,5.00,11,15.80,22.45,22.44,0.0,266.23,0.0,0.0,,0.0
175,10,5.00,11,16.75,23.57,23.56,0.0,348.59,0.0,0.0,,0.0
175,11,5.00,11,17.52,24.72,24.72,0.0,333.31,0.0,0.0,,0.0
175,12,5.00,11,18.08,25.88,25.88,0.0,294.97,0.0,0.0,,0.0
175,13,5.00,11,18.55,26.96,26.20,-1067.02,247.03,0.0,0.0,,-1067.02
175,14,5.00,11,18.61,27.87,26.20,-1698.04,229.74,0.0,0.0,,-1698.04
175,15,5.00,11,18.65,28.69,26.20,-1963.57,249.11,0.0,0.0,,-1963.57
175,16,5.00,11,18.57,29.40,26.20,-2088.86,295.43,0.0,0.0,,-2088.86
175,17,5.00,11,18.35,29.96,26.20,-2073.8,356.27,0.0,0.0,,-2073.8
175,18,5.00,11,18.04,30.35,26.20,-1951.36,409.18,0.0,0.0,,-1951.36
175,19,5.00,11,17.24,29.52,26.15,0.0,394.54,0.0,0.0,,0.0
175,20,5.00,11,16.59,28.19,25.24,0.0,0.05,0.0,0.0,,0.0
175,21,5.00,11,16.56,26.98,24.35,0.0,0.00,0.0,0.0,,0.0
175,22,5.00,11,16.68,25.93,23.56,0.0,0.00,0.0,0.0,,0.0
175,23,5.00,11,16.61,24.99,22.84,0.0,0.00,0.0,0.0,,0.0
175,24,5.00,11,16.00,24.08,22.13,0.0,0.00,0.0,0.0,,0.0
175,1,6.00,11,15.97,23.26,21.50,0.0,0.00,0.0,0.0,,0.0
175,2,6.00,11,15.76,22.51,20.91,0.0,0.00,0.0,0.0,,0.0
175,3,6.00,11,15.57,21.80,20.35,0.0,0.00,0.0,0.0,,0.0
175,4,6.00,11,15.42,21.15,19.84,0.0,0.00,0.0,0.0,,0.0
175,5,6.00,11,15.25,20.55,19.35,0.0,0.00,0.0,0.0,,0.0
175,6,6.00,11,15.19,20.00,18.91,0.0,0.00,0.0,0.0,,0.0
175,7,6.00,11,15.11,19.49,18.51,0.0,0.36,0.0,0.0,,0.0
175,8,6.00,11,15.27,20.71,21.20,1850.06,185.06,0.0,0.0,,1850.06
175,9,6.00,11,15.91,21.83,21.93,0.0,266.23,0.0,0.0,,0.0
175,10,6.00,11,16.98,23.08,23.08,0.0,348.59,0.0,0.0,,0.0
175,11,6.00,11,17.83,24.34,24.33,0.0,333.31,0.0,0.0,,0.0
175,12,6.00,11,18.26,25.58,25.55,0.0,294.97,0.0,0.0,,0.0
175,13,6.00,11,18.52,26.68,26.20,-640.8,247.03,0.0,0.0,,-640.8
175,14,6.00,11,18.65,27.63,26.20,-1595.46,229.74,0.0,0.0,,-1595.46
175,15,6.00,11,18.57,28.47,26.20,-1885.52,249.11,0.0,0.0,,-1885.52
175,16,6.00,11,18.48,29.20,26.20,-2032.98,295.43,0.0,0.0,,-2032.98
175,17,6.00,11,18.23,29.76,26.20,-2024.75,356.27,0.0,0.0,,-2024.75
175,18,6.00,11,17.86,30.15,26.20,-1893.29,409.18,0.0,0.0,,-1893.29
175,19,6.00,11,17.04,29.32,26.11,0.0,394.54,0.0,0.0,,0.0
175,20,6.00,11,15.99,27.94,25.15,0.0,0.05,0.0,0.0,,0.0
175,21,6.00,11,15.45,26.64,24.14,0.0,0.00,0.0,0.0,,0.0
175,22,6.00,11,15.64,25.52,23.27,0.0,0.00,0.0,0.0,,0.0
175,23,6.00,11,15.79,24.55,22.51,0.0,0.00,0.0,0.0,,0.0
175,24,6.00,11,16.23,23.72,21.88,0.0,0.00,0.0,0.0,,0.0
175,1,7.00,11,15.45,22.89,21.22,0.0,0.00,0.0,0.0,,0.0
175,2,7.00,11,15.21,22.11,20.60,0.0,0.00,0.0,0.0,,0.0
175,3,7.00,11,15.80,21.48,20.11,0.0,0.00,0.0,0.0,,0.0
175,4,7.00,11,16.67,21.01,19.76,0.0,0.00,0.0,-0.0,,0.0
175,5,7.00,11,16.80,20.58,19.45,0.0,0.00,0.0,0.0,,0.0
175,6,7.00,11,16.23,20.11,19.09,0.0,0.00,0.0,0.0,,0.0
175,7,7.00,11,15.77,19.65,18.72,0.0,0.36,0.0,-0.0,,0.0
175,8,7.00,11,15.88,20.93,21.20,1474.4,185.06,0.0,0.0,,1474.4
175,9,7.00,11,16.17,22.04,22.02,0.0,266.23,0.0,0.0,,0.0
175,10,7.00,11,16.91,23.23,23.14,0.0,348.59,0.0,0.0,,0.0
175,11,7.00,11,17.58,24.43,24.33,0.0,333.31,0.0,0.0,,0.0
175,12,7.00,11,18.09,25.62,25.53,0.0,294.97,0.0,0.0,,0.0
175,13,7.00,11,18.34,26.69,26.20,-585.46,247.03,0.0,0.0,,-585.46
175,14,7.00,11,18.56,27.64,26.20,-1570.1,229.74,0.0,0.0,,-1570.1
175,15,7.00,11,18.65,28.49,26.20,-1904.7,249.11,0.0,0.0,,-1904.7
175,16,7.00,11,18.66,29.25,26.20,-2079.48,295.43,0.0,0.0,,-2079.48
175,17,7.00,11,18.76,29.90,26.20,-2164.33,356.27,0.0,0.0,,-2164.33
175,18,7.00,11,18.32,30.33,26.20,-2021.25,409.18,0.0,0.0,,-2021.25
175,19,7.00,11,17.40,29.51,26.17,0.0,394.54,0.0,0.0,,0.0
175,20,7.00,11,16.46,28.16,25.24,0.0,0.05,0.0,0.0,,0.0
175,21,7.00,11,15.97,26.88,24.28,0.0,0.00,0.0,0.0,,0.0
175,22,7.00,11,16.01,25.77,23.43,0.0,0.00,0.0,0.0,,0.0
175,23,7.00,11,15.82,24.77,22.65,0.0,0.00,0.0,0.0,,0.0
175,24,7.00,11,15.10,23.79,21.87,0.0,0.00,0.0,0.0,,0.0
175,1,1.00,11,14.55,22.86,21.12,0.0,0.00,0.0,0.0,,0.0
175,2,1.00,11,13.66,21.93,20.35,0.0,0.00,0.0,0.0,,0.0
175,3,1.00,11,12.72,20.99,19.56,0.0,0.00,0.0,0.0,,0.0
175,4,1.00,11,11.89,20.07,18.77,0.0,0.00,0.0,0.0,,0.0
175,5,1.00,11,11.21,19.17,18.00,0.0,0.00,0.0,0.0,,0.0
175,6,1.00,11,11.71,18.44,17.37,0.0,0.00,0.0,0.0,,0.0
175,7,1.00,11,12.11,17.82,16.85,0.0,0.36,0.0,0.0,,0.0
175,8,1.00,11,12.73,18.92,21.20,4357.85,185.06,0.0,0.0,,4357.85
175,9,1.00,11,14.03,20.07,21.27,0.0,266.23,0.0,0.0,,0.0
175,10,1.00,11,15.63,21.41,22.26,0.0,348.59,0.0,0.0,,0.0
175,11,1.00,11,16.89,22.81,23.49,0.0,333.31,0.0,0.0,,0.0
175,12,1.00,11,17.90,24.24,24.81,0.0,294.97,0.0,0.0,,0.0
175,13,1.00,11,18.78,25.60,26.08,0.0,247.03,0.0,0.0,,0.0
175,14,1.00,11,19.39,26.84,26.20,-1483.85,229.74,0.0,0.0,,-1483.85
175,15,1.00,11,19.89,28.00,26.20,-2121.36,249.11,0.0,0.0,,-2121.36
175,16,1.00,11,20.39,29.08,26.20,-2488.27,295.43,0.0,0.0,,-2488.27
175,17,1.00,11,19.99,29.90,26.20,-2484.25,356.27,0.0,0.0,,-2484.25
175,18,1.00,11,19.35,30.45,26.20,-2299.68,409.18,0.0,0.0,,-2299.68
175,19,1.00,11,18.11,29.65,26.26,0.0,394.54,0.0,0.0,,0.0
175,20,1.00,11,16.71,28.28,25.35,0.0,0.05,0.0,0.0,,0.0
175,21,1.00,11,16.15,27.00,24.39,0.0,0.00,0.0,0.0,,0.0
175,22,1.00,11,15.67,25.83,23.48,0.0,0.00,0.0,0.0,,0.0
175,23,1.00,11,15.40,24.78,22.65,0.0,0.00,0.0,0.0,,0.0
175,24,1.00,11,14.87,23.78,21.85,0.0,0.00,0.0,0.0,,0.0
175,1,2.00,11,14.17,22.81,21.06,0.0,0.00,0.0,0.0,,0.0
175,2,2.00,11,13.46,21.86,20.28,0.0,0.00,0.0,0.0,,0.0
175,3,2.00,11,12.90,20.96,19.53,0.0,0.00,0.0,0.0,,0.0
175,4,2.00,11,12.30,20.09,18.79,0.0,0.00,0.0,0.0,,0.0
175,5,2.00,11,11.66,19.24,18.06,0.0,0.00,0.0,0.0,,0.0
175,6,2.00,11,11.25,18.44,17.37,0.0,0.00,0.0,0.0,,0.0
175,7,2.00,11,11.78,17.78,16.81,0.0,0.36,0.0,0.0,,0.0
175,8,2.00,11,12.48,18.85,21.20,4458.17,185.06,0.0,0.0,,4458.17
175,9,2.00,11,13.48,19.91,21.20,43.97,266.23,0.0,0.0,,43.97
175,10,2.00,11,15.15,21.21,22.11,0.0,348.59,0.0,0.0,,0.0
175,11,2.00,11,16.79,22.64,23.36,0.0,333.31,0.0,0.0,,0.0
175,12,2.00,11,18.12,24.14,24.75,0.0,294.97,0.0,0.0,,0.0
175,13,2.00,11,19.04,25.56,26.07,0.0,247.03,0.0,0.0,,0.0
175,14,2.00,11,19.73,26.86,26.20,-1548.27,229.74,0.0,0.0,,-1548.27
175,15,2.00,11,19.62,27.95,26.20,-2047.83,249.11,0.0,0.0,,-2047.83
175,16,2.00,11,19.72,28.92,26.20,-2310.6,295.43,0.0,0.0,,-2310.6
175,17,2.00,11,19.63,29.73,26.20,-2376.53,356.27,0.0,0.0,,-2376.53
175,18,2.00,11,19.36,30.32,26.20,-2291.64,409.18,0.0,0.0,,-2291.64
175,19,2.00,11,18.28,29.55,26.28,0.0,394.54,0.0,0.0,,0.0
175,20,2.00,11,17.28,28.26,25.43,0.0,0.05,0.0,0.0,,0.0
175,21,2.00,11,16.87,27.06,24.53,0.0,0.00,0.0,0.0,,0.0
175,22,2.00,11,17.19,26.04,23.77,0.0,0.00,0.0,0.0,,0.0
175,23,2.00,11,17.25,25.15,23.10,0.0,0.00,0.0,0.0,,0.0
175,24,2.00,11,16.83,24.30,22.45,0.0,0.00,0.0,0.0,,0.0
175,1,3.00,11,16.54,23.51,21.83,0.0,0.00,0.0,0.0,,0.0
175,2,3.00,11,16.25,22.77,21.25,0.0,0.00,0.0,0.0,,0.0
175,3,3.00,11,15.88,22.07,20.68,0.0,0.00,0.0,0.0,,0.0
175,4,3.00,11,15.48,21.39,20.14,0.0,0.00,0.0,0.0,,0.0
175,5,3.00,11,14.95,20.72,19.59,0.0,0.00,0.0,0.0,,0.0
175,6,3.00,11,14.62,20.09,19.06,0.0,0.00,0.0,-0.0,,0.0
175,7,3.00,11,14.14,19.48,18.54,0.0,0.36,0.0,0.0,,0.0
175,8,3.00,11,14.09,21.04,20.19,0.0,185.06,0.0,0.0,,0.0
175,9,3.00,11,15.42,22.49,21.72,0.0,266.23,0.0,0.0,,0.0
175,10,3.00,11,17.16,24.08,23.38,0.0,348.59,0.0,0.0,,0.0
175,11,3.00,11,17.94,25.66,25.03,0.0,333.31,0.0,0.0,,0.0
175,12,3.00,11,18.64,27.26,26.68,0.0,294.97,0.0,0.0,,0.0
175,13,3.00,11,19.10,28.75,28.23,0.0,247.03,0.0,0.0,,0.0
175,14,3.00,11,19.25,30.11,29.64,0.0,229.74,0.0,0.0,,0.0
175,15,3.00,11,19.08,31.35,30.92,0.0,249.11,0.0,0.0,,0.0
175,16,3.00,11,19.29,32.52,32.12,0.0,295.43,0.0,0.0,,0.0
175,17,3.00,11,19.27,33.55,33.19,0.0,356.27,0.0,0.0,,0.0
175,18,3.00,11,19.31,34.43,34.11,0.0,409.18,0.0,0.0,,0.0
175,19,3.00,11,18.15,32.98,32.69,0.0,394.54,0.0,0.0,,0.0
175,20,3.00,11,16.75,31.23,30.97,0.0,0.05,0.0,0.0,,0.0
175,21,3.00,11,16.21,29.66,29.42,0.0,0.00,0.0,0.0,,0.0
175,22,3.00,11,16.65,28.34,28.12,0.0,0.00,0.0,0.0,,0.0
175,23,3.00,11,17.05,27.22,27.02,0.0,0.00,0.0,0.0,,0.0
175,24,3.00,11,17.04,26.21,26.03,0.0,0.00,0.0,0.0,,0.0
175,1,4.00,11,16.48,25.24,25.08,0.0,0.00,0.0,0.0,,0.0
175,2,4.00,11,16.35,24.35,24.20,0.0,0.00,0.0,0.0,,0.0
175,3,4.00,11,16.45,23.56,23.43,0.0,0.00,0.0,0.0,,0.0
175,4,4.00,11,16.48,22.85,22.73,0.0,0.00,0.0,0.0,,0.0
175,5,4.00,11,16.34,22.19,22.08,0.0,0.00,0.0,0.0,,0.0
175,6,4.00,11,16.52,21.62,21.52,0.0,0.00,0.0,0.0,,0.0
175,7,4.00,11,16.44,21.09,21.00,0.0,0.36,0.0,0.0,,0.0
175,8,4.00,11,16.66,22.75,22.66,0.0,185.06,0.0,0.0,,0.0
175,9,4.00,11,17.65,24.24,24.17,0.0,266.23,0.0,0.0,,0.0
175,10,4.00,11,18.58,25.78,25.71,0.0,348.59,0.0,0.0,,0.0
175,11,4.00,11,19.24,27.31,27.25,0.0,333.31,0.0,0.0,,0.0
175,12,4.00,11,19.58,28.82,28.77,0.0,294.97,0.0,0.0,,0.0
175,13,4.00,11,19.74,30.22,30.17,0.0,247.03,0.0,0.0,,0.0
175,14,4.00,11,20.23,31.53,31.48,0.0,229.74,0.0,0.0,,0.0
175,15,4.00,11,20.18,32.74,32.70,0.0,249.11,0.0,0.0,,0.0
175,16,4.00,11,20.20,33.86,33.82,0.0,295.43,0.0,0.0,,0.0
175,17,4.00,11,19.94,34.82,34.78,0.0,356.27,0.0,0.0,,0.0
175,18,4.00,11,19.53,35.59,35.56,0.0,409.18,0.0,0.0,,0.0
175,19,4.00,11,18.61,34.08,34.05,0.0,394.54,0.0,0.0,,0.0
175,20,4.00,11,17.72,32.32,32.30,0.0,0.05,0.0,0.0,,0.0
175,21,4.00,11,17.39,30.77,30.74,0.0,0.00,0.0,0.0,,0.0
175,22,4.00,11,17.34,29.40,29.38,0.0,0.00,0.0,0.0,,0.0
175,23,4.00,11,17.15,28.18,28.16,0.0,0.00,0.0,0.0,,0.0
175,24,4.00,11,16.81,27.04,27.02,0.0,0.00,0.0,0.0,,0.0
175,1,5.00,11,16.44,25.99,25.97,0.0,0.00,0.0,0.0,,0.0
175,2,5.00,11,16.27,25.02,25.00,0.0,0.00,0.0,0.0,,0.0
175,3,5.00,11,15.79,24.10,24.08,0.0,0.00,0.0,0.0,,0.0
175,4,5.00,11,15.93,23.28,23.27,0.0,0.00,0.0,0.0,,0.0
175,5,5.00,11,15.72,22.53,22.51,0.0,0.00,0.0,0.0,,0.0
175,6,5.00,11,16.03,21.88,21.87,0.0,0.00,0.0,0.0,,0.0
175,7,5.00,11,15.54,21.23,21.22,0.0,0.36,0.0,0.0,,0.0
175,8,5.00,11,15.36,22.17,22.17,0.0,185.06,0.0,0.0,,0.0
175,9,5.00,11,16.60,23.21,23.20,0.0,266.23,0.0,0.0,,0.0
175,10,5.00,11,17.69,24.37,24.36,0.0,348.59,0.0,0.0,,0.0
175,11,5.00,11,18.18,25.49,25.49,0.0,333.31,0.0,0.0,,0.0
175,12,5.00,11,18.72,26.63,26.20,-607.53,294.97,0.0,0.0,,-607.53
175,13,5.00,11,19.01,27.66,26.20,-1680.26,247.03,0.0,0.0,,-1680.26
175,14,5.00,11,19.47,28.61,26.20,-2072.77,229.74,0.0,0.0,,-2072.77
175,15,5.00,11,19.39,29.43,26.20,-2244.02,249.11,0.0,0.0,,-2244.02
175,16,5.00,11,19.98,30.26,26.20,-2504.93,295.43,0.0,0.0,,-2504.93
175,17,5.00,11,20.19,30.98,26.20,-2597.65,356.27,0.0,0.0,,-2597.65
175,18,5.00,11,20.42,31.58,26.20,-2613.08,409.18,0.0,0.0,,-2613.08
175,19,5.00,11,19.32,30.80,26.43,0.0,394.54,0.0,0.0,,0.0
175,20,5.00,11,18.34,29.50,25.68,0.0,0.05,0.0,0.0,,0.0
175,21,5.00,11,17.80,28.27,24.85,0.0,0.00,0.0,0.0,,0.0
175,22,5.00,11,17.94,27.20,24.13,0.0,0.00,0.0,0.0,,0.0
175,23,5.00,11,18.15,26.29,23.51,0.0,0.00,0.0,0.0,,0.0
175,24,5.00,11,18.31,25.48,22.97,0.0,0.00,0.0,0.0,,0.0
175,1,6.00,11,17.73,24.69,22.41,0.0,0.00,0.0,0.0,,0.0
175,2,6.00,11,17.57,23.97,21.90,0.0,0.00,0.0,0.0,,0.0
175,3,6.00,11,17.48,23.30,21.43,0.0,0.00,0.0,0.0,,0.0
175,4,6.00,11,17.35,22.69,20.99,0.0,0.00,0.0,-0.0,,0.0
175,5,6.00,11,16.94,22.09,20.55,0.0,0.00,0.0,0.0,,0.0
175,6,6.00,11,17.33,21.60,20.20,0.0,0.00,0.0,0.0,,0.0
175,7,6.00,11,17.02,21.12,19.85,0.0,0.36,0.0,-0.0,,0.0
175,8,6.00,11,17.17,22.37,21.30,0.0,185.06,0.0,0.0,,0.0
175,9,6.00,11,18.20,23.60,22.68,0.0,266.23,0.0,0.0,,0.0
175,10,6.00,11,18.81,24.83,24.04,0.0,348.59,0.0,0.0,,0.0
175,11,6.00,11,19.34,26.04,25.36,0.0,333.31,0.0,0.0,,0.0
175,12,6.00,11,19.53,27.20,26.20,-571.24,294.97,0.0,0.0,,-571.24
175,13,6.00,11,19.87,28.26,26.20,-1822.81,247.03,0.0,0.0,,-1822.81
175,14,6.00,11,20.58,29.28,26.20,-2325.66,229.74,0.0,0.0,,-2325.66
175,15,6.00,11,20.40,30.14,26.20,-2498.94,249.11,0.0,0.0,,-2498.94
175,16,6.00,11,20.37,30.90,26.20,-2616.71,295.43,0.0,0.0,,-2616.71
175,17,6.00,11,20.10,31.49,26.20,-2581.44,356.27,0.0,0.0,,-2581.44
175,18,6.00,11,20.07,31.95,26.20,-2522.69,409.18,0.0,0.0,,-2522.69
175,19,6.00,11,18.85,31.10,26.37,0.0,394.54,0.0,0.0,,0.0
175,20,6.00,11,17.63,29.70,25.55,0.0,0.05,0.0,0.0,,0.0
175,21,6.00,11,16.67,28.33,24.62,0.0,0.00,0.0,0.0,,0.0
175,22,6.00,11,16.87,27.16,23.81,0.0,0.00,0.0,0.0,,0.0
175,23,6.00,11,17.00,26.14,23.11,0.0,0.00,0.0,0.0,,0.0
175,24,6.00,11,17.26,25.26,22.51,0.0,0.00,0.0,0.0,,0.0
175,1,7.00,11,16.01,24.32,21.83,0.0,0.00,0.0,0.0,,0.0
175,2,7.00,11,15.70,23.45,21.19,0.0,0.00,0.0,0.0,,0.0
175,3,7.00,11,16.15,22.72,20.67,0.0,0.00,0.0,0.0,,0.0
175,4,7.00,11,16.04,22.05,20.19,0.0,0.00,0.0,0.0,,0.0
175,5,7.00,11,15.67,21.39,19.71,0.0,0.00,0.0,0.0,,0.0
175,6,7.00,11,15.96,20.84,19.31,0.0,0.00,0.0,0.0,,0.0
175,7,7.00,11,15.65,20.31,18.92,0.0,0.36,0.0,0.0,,0.0
175,8,7.00,11,16.02,21.52,21.20,1191.97,185.06,0.0,0.0,,1191.97
175,9,7.00,11,16.83,22.66,22.18,0.0,266.23,0.0,0.0,,0.0
175,10,7.00,11,17.74,23.89,23.43,0.0,348.59,0.0,0.0,,0.0
175,11,7.00,11,18.41,25.12,24.70,0.0,333.31,0.0,0.0,,0.0
175,12,7.00,11,18.91,26.33,25.96,0.0,294.97,0.0,0.0,,0.0
175,13,7.00,11,19.18,27.42,26.20,-1268.08,247.03,0.0,0.0,,-1268.08
175,14,7.00,11,19.74,28.44,26.20,-1984.72,229.74,0.0,0.0,,-1984.72
175,15,7.00,11,19.62,29.31,26.20,-2224.6,249.11,0.0,0.0,,-2224.6
175,16,7.00,11,19.91,30.13,26.20,-2448.13,295.43,0.0,0.0,,-2448.13
175,17,7.00,11,19.90,30.82,26.20,-2499.01,356.27,0.0,0.0,,-2499.01
175,18,7.00,11,19.85,31.34,26.20,-2449.3,409.18,0.0,0.0,,-2449.3
175,19,7.00,11,18.54,30.52,26.33,0.0,394.54,0.0,0.0,,0.0
175,20,7.00,11,17.44,29.15,25.49,0.0,0.05,0.0,0.0,,0.0
175,21,7.00,11,16.98,27.87,24.60,0.0,0.00,0.0,0.0,,0.0
175,22,7.00,11,16.40,26.69,23.74,0.0,0.00,0.0,0.0,,0.0
175,23,7.00,11,15.98,25.60,22.94,0.0,0.00,0.0,0.0,,0.0
175,24,7.00,11,16.53,24.70,22.29,0.0,0.00,0.0,0.0,,0.0
175,1,1.00,11,16.12,23.84,21.65,0.0,0.00,0.0,0.0,,0.0
175,2,1.00,11,15.78,23.03,21.04,0.0,0.00,0.0,0.0,,0.0
175,3,1.00,11,15.99,22.32,20.52,0.0,0.00,0.0,0.0,,0.0
175,4,1.00,11,16.61,21.76,20.12,0.0,0.00,0.0,0.0,,0.0
175,5,1.00,11,16.82,21.26,19.77,0.0,0.00,0.0,0.0,,0.0
175,6,1.00,11,16.02,20.71,19.36,0.0,0.00,0.0,0.0,,0.0
175,7,1.00,11,15.34,20.14,18.92,0.0,0.36,0.0,0.0,,0.0
175,8,1.00,11,15.78,21.33,21.20,1254.28,185.06,0.0,0.0,,1254.28
175,9,1.00,11,16.88,22.52,22.19,0.0,266.23,0.0,0.0,,0.0
175,10,1.00,11,18.14,23.84,23.50,0.0,348.59,0.0,0.0,,0.0
175,11,1.00,11,18.84,25.14,24.83,0.0,333.31,0.0,0.0,,0.0
175,12,1.00,11,19.59,26.46,26.18,0.0,294.97,0.0,0.0,,0.0
175,13,1.00,11,19.84,27.62,26.20,-1662.61,247.03,0.0,0.0,,-1662.61
175,14,1.00,11,20.50,28.72,26.20,-2234.6,229.74,0.0,0.0,,-2234.6
175,15,1.00,11,20.18,29.62,26.20,-2405.02,249.11,0.0,0.0,,-2405.02
175,16,1.00,11,19.48,30.30,26.20,-2367.35,295.43,0.0,0.0,,-2367.35
175,17,1.00,11,19.27,30.85,26.20,-2343.16,356.27,0.0,0.0,,-2343.16
175,18,1.00,11,18.80,31.20,26.20,-2173.75,409.18,0.0,0.0,,-2173.75
175,19,1.00,11,18.08,30.37,26.26,0.0,394.54,0.0,0.0,,0.0
175,20,1.00,11,17.40,29.04,25.43,0.0,0.05,0.0,0.0,,0.0
175,21,1.00,11,16.65,27.74,24.51,0.0,0.00,0.0,0.0,,0.0
175,22,1.00,11,16.21,26.56,23.65,0.0,0.00,0.0,0.0,,0.0
175,23,1.00,11,15.50,25.43,22.80,0.0,0.00,0.0,0.0,,0.0
175,24,1.00,11,14.68,24.35,21.96,0.0,0.00,0.0,0.0,,0.0
175,1,2.00,11,13.97,23.30,21.14,0.0,0.00,0.0,0.0,,0.0
175,2,2.00,11,13.29,22.30,20.34,0.0,0.00,0.0,0.0,,0.0
175,3,2.00,11,12.88,21.35,19.58,0.0,0.00,0.0,0.0,,0.0
175,4,2.00,11,12.49,20.47,18.86,0.0,0.00,0.0,0.0,,0.0
175,5,2.00,11,12.86,19.72,18.26,0.0,0.00,0.0,0.0,,0.0
175,6,2.00,11,13.18,19.08,17.75,0.0,0.00,0.0,0.0,,0.0
175,7,2.00,11,13.48,18.52,17.32,0.0,0.36,0.0,0.0,,0.0
175,8,2.00,11,13.83,19.68,21.20,3564.2,185.06,0.0,0.0,,3564.2
175,9,2.00,11,14.83,20.82,21.51,0.0,266.23,0.0,0.0,,0.0
175,10,2.00,11,16.28,22.13,22.57,0.0,348.59,0.0,0.0,,0.0
175,11,2.00,11,17.00,23.42,23.75,0.0,333.31,0.0,0.0,,0.0
175,12,2.00,11,18.33,24.83,25.10,0.0,294.97,0.0,0.0,,0.0
175,13,2.00,11,19.34,26.19,26.20,-314.81,247.03,0.0,0.0,,-314.81
175,14,2.00,11,20.21,27.47,26.20,-1878.78,229.74,0.0,0.0,,-1878.78
175,15,2.00,11,20.66,28.65,26.20,-2386.27,249.11,0.0,0.0,,-2386.27
175,16,2.00,11,20.99,29.72,26.20,-2686.86,295.43,0.0,0.0,,-2686.86
175,17,2.00,11,20.96,30.60,26.20,-2763.06,356.27,0.0,0.0,,-2763.06
175,18,2.00,11,20.62,31.25,26.20,-2656.55,409.18,0.0,0.0,,-2656.55
175,19,2.00,11,19.81,30.53,26.48,0.0,394.54,0.0,0.0,,0.0
175,20,2.00,11,18.94,29.30,25.79,0.0,0.05,0.0,0.0,,0.0
175,21,2.00,11,18.91,28.20,25.06,0.0,0.00,0.0,0.0,,0.0
175,22,2.00,11,18.80,27.22,24.40,0.0,0.00,0.0,0.0,,0.0
175,23,2.00,11,18.46,26.31,23.76,0.0,0.00,0.0,0.0,,0.0
175,24,2.00,11,18.23,25.49,23.18,0.0,0.00,0.0,0.0,,0.0
175,1,3.00,11,17.81,24.70,22.61,0.0,0.00,0.0,-0.0,,0.0
175,2,3.00,11,17.94,24.01,22.11,0.0,0.00,0.0,-0.0,,0.0
175,3,3.00,11,17.64,23.35,21.63,0.0,0.00,0.0,-0.0,,0.0
175,4,3.00,11,17.49,22.75,21.19,0.0,0.00,0.0,-0.0,,0.0
175,5,3.00,11,17.81,22.24,20.82,0.0,0.00,0.0,-0.0,,0.0
175,6,3.00,11,17.61,21.75,20.47,0.0,0.00,0.0,-0.0,,0.0
175,7,3.00,11,17.41,21.29,20.13,0.0,0.36,0.0,-0.0,,0.0
175,8,3.00,11,17.38,22.99,21.93,0.0,185.06,0.0,0.0,,0.0
175,9,3.00,11,18.12,24.50,23.54,0.0,266.23,0.0,0.0,,0.0
175,10,3.00,11,19.26,26.07,25.20,0.0,348.59,0.0,0.0,,0.0
175,11,3.00,11,20.18,27.67,26.87,0.0,333.31,0.0,0.0,,0.0
175,12,3.00,11,20.86,29.27,28.55,0.0,294.97,0.0,0.0,,0.0
175,13,3.00,11,21.39,30.79,30.14,0.0,247.03,0.0,0.0,,0.0
175,14,3.00,11,21.83,32.20,31.61,0.0,229.74,0.0,0.0,,0.0
175,15,3.00,11,21.89,33.51,32.97,0.0,249.11,0.0,0.0,,0.0
175,16,3.00,11,22.04,34.72,34.24,0.0,295.43,0.0,0.0,,0.0
175,17,3.00,11,21.97,35.80,35.35,0.0,356.27,0.0,0.0,,0.0
175,18,3.00,11,21.76,36.69,36.28,0.0,409.18,0.0,0.0,,0.0
175,19,3.00,11,20.71,35.26,34.90,0.0,394.54,0.0,0.0,,0.0
175,20,3.00,11,19.51,33.56,33.22,0.0,0.05,0.0,0.0,,0.0
175,21,3.00,11,19.14,32.04,31.74,0.0,0.00,0.0,0.0,,0.0
175,22,3.00,11,19.35,30.74,30.47,0.0,0.00,0.0,0.0,,0.0
175,23,3.00,11,19.38,29.60,29.35,0.0,0.00,0.0,0.0,,0.0
175,24,3.00,11,19.32,28.57,28.35,0.0,0.00,0.0,0.0,,0.0
175,1,4.00,11,19.12,27.63,27.42,0.0,0.00,0.0,0.0,,0.0
175,2,4.00,11,19.01,26.76,26.58,0.0,0.00,0.0,0.0,,0.0
175,3,4.00,11,18.26,25.90,25.73,0.0,0.00,0.0,0.0,,0.0
175,4,4.00,11,18.17,25.11,24.96,0.0,0.00,0.0,0.0,,0.0
175,5,4.00,11,18.29,24.42,24.28,0.0,0.00,0.0,0.0,,0.0
175,6,4.00,11,18.12,23.78,23.65,0.0,0.00,0.0,0.0,,0.0
175,7,4.00,11,17.84,23.17,23.05,0.0,0.36,0.0,0.0,,0.0
175,8,4.00,11,18.12,24.76,24.66,0.0,185.06,0.0,0.0,,0.0
175,9,4.00,11,18.94,26.18,26.09,0.0,266.23,0.0,0.0,,0.0
175,10,4.00,11,19.80,27.65,27.56,0.0,348.59,0.0,0.0,,0.0
175,11,4.00,11,20.66,29.14,29.06,0.0,333.31,0.0,0.0,,0.0
175,12,4.00,11,21.18,30.63,30.56,0.0,294.97,0.0,0.0,,0.0
175,13,4.00,11,21.33,32.01,31.94,0.0,247.03,0.0,0.0,,0.0
175,14,4.00,11,21.62,33.28,33.22,0.0,229.74,0.0,0.0,,0.0
175,15,4.00,11,21.37,34.42,34.37,0.0,249.11,0.0,0.0,,0.0
175,16,4.00,11,21.36,35.49,35.44,0.0,295.43,0.0,0.0,,0.0
175,17,4.00,11,21.27,36.42,36.38,0.0,356.27,0.0,0.0,,0.0
175,18,4.00,11,21.11,37.19,37.15,0.0,409.18,0.0,0.0,,0.0
175,19,4.00,11,20.10,35.67,35.63,0.0,394.54,0.0,0.0,,0.0
175,20,4.00,11,19.25,33.91,33.87,0.0,0.05,0.0,0.0,,0.0
175,21,4.00,11,19.06,32.36,32.33,0.0,0.00,0.0,0.0,,0.0
175,22,4.00,11,19.08,31.01,30.98,0.0,0.00,0.0,0.0,,0.0
175,23,4.00,11,18.83,29.79,29.76,0.0,0.00,0.0,0.0,,0.0
175,24,4.00,11,18.83,28.70,28.67,0.0,0.00,0.0,0.0,,0.0
175,1,5.00,11,18.15,27.64,27.62,0.0,0.00,0.0,0.0,,0.0
175,2,5.00,11,17.87,26.66,26.64,0.0,0.00,0.0,0.0,,0.0
175,3,5.00,11,17.72,25.76,25.75,0.0,0.00,0.0,0.0,,0.0
175,4,5.00,11,17.87,24.98,24.96,0.0,0.00,0.0,0.0,,0.0
175,5,5.00,11,17.40,24.21,24.19,0.0,0.00,0.0,0.0,,0.0
175,6,5.00,11,17.20,23.50,23.48,0.0,0.00,0.0,0.0,,0.0
175,7,5.00,11,16.98,22.83,22.82,0.0,0.36,0.0,0.0,,0.0
175,8,5.00,11,17.36,23.85,23.84,0.0,185.06,0.0,0.0,,0.0
175,9,5.00,11,18.90,24.98,24.97,0.0,266.23,0.0,0.0,,0.0
175,10,5.00,11,19.91,26.20,26.19,0.0,348.59,0.0,0.0,,0.0
175,11,5.00,11,20.64,27.42,26.20,-1712.37,333.31,0.0,0.0,,-1712.37
175,12,5.00,11,20.87,28.57,26.20,-2284.06,294.97,0.0,0.0,,-2284.06
175,13,5.00,11,21.11,29.61,26.20,-2587.64,247.03,0.0,0.0,,-2587.64
175,14,5.00,11,21.26,30.52,26.20,-2744.93,229.74,0.0,0.0,,-2744.93
175,15,5.00,11,21.20,31.32,26.20,-2842.3,249.11,0.0,0.0,,-2842.3
175,16,5.00,11,21.07,32.00,26.20,-2882.96,295.43,0.0,0.0,,-2882.96
175,17,5.00,11,20.94,32.56,26.20,-2853.96,356.27,0.0,0.0,,-2853.96
175,18,5.00,11,20.16,32.85,26.20,-2591.21,409.18,0.0,0.0,,-2591.21
175,19,5.00,11,19.54,32.01,26.47,0.0,394.54,0.0,0.0,,0.0
175,20,5.00,11,18.73,30.64,25.76,0.0,0.05,0.0,0.0,,0.0
175,21,5.00,11,18.27,29.35,24.97,0.0,0.00,0.0,0.0,,0.0
175,22,5.00,11,18.15,28.21,24.25,0.0,0.00,0.0,0.0,,0.0
175,23,5.00,11,18.18,27.19,23.62,0.0,0.00,0.0,0.0,,0.0
175,24,5.00,11,18.15,26.29,23.05,0.0,0.00,0.0,0.0,,0.0
175,1,6.00,11,17.87,25.44,22.50,0.0,0.00,0.0,0.0,,0.0
175,2,6.00,11,17.74,24.66,22.00,0.0,0.00,0.0,0.0,,0.0
175,3,6.00,11,17.48,23.93,21.51,0.0,0.00,0.0,0.0,,0.0
175,4,6.00,11,17.13,23.23,21.04,0.0,0.00,0.0,0.0,,0.0
175,5,6.00,11,16.96,22.59,20.60,0.0,0.00,0.0,0.0,,0.0
175,6,6.00,11,17.07,22.02,20.22,0.0,0.00,0.0,-0.0,,0.0
175,7,6.00,11,17.05,21.51,19.87,0.0,0.36,0.0,-0.0,,0.0
175,8,6.00,11,17.08,22.69,21.31,0.0,185.06,0.0,0.0,,0.0
175,9,6.00,11,18.05,23.84,22.66,0.0,266.23,0.0,0.0,,0.0
175,10,6.00,11,18.73,25.03,24.01,0.0,348.59,0.0,0.0,,0.0
175,11,6.00,11,19.23,26.20,25.32,0.0,333.31,0.0,0.0,,0.0
175,12,6.00,11,19.51,27.34,26.20,-529.96,294.97,0.0,0.0,,-529.96
175,13,6.00,11,19.80,28.37,26.20,-1798.04,247.03,0.0,0.0,,-1798.04
175,14,6.00,11,20.17,29.31,26.20,-2217.69,229.74,0.0,0.0,,-2217.69
175,15,6.00,11,20.20,30.15,26.20,-2439.52,249.11,0.0,0.0,,-2439.52
175,16,6.00,11,19.95,30.84,26.20,-2502.51,295.43,0.0,0.0,,-2502.51
175,17,6.00,11,19.47,31.34,26.20,-2412.77,356.27,0.0,0.0,,-2412.77
175,18,6.00,11,18.81,31.62,26.20,-2188.7,409.18,0.0,0.0,,-2188.7
175,19,6.00,11,18.22,30.77,26.28,0.0,394.54,0.0,0.0,,0.0
175,20,6.00,11,17.66,29.43,25.48,0.0,0.05,0.0,0.0,,0.0
175,21,6.00,11,17.63,28.21,24.66,0.0,0.00,0.0,0.0,,0.0
175,22,6.00,11,17.70,27.14,23.94,0.0,0.00,0.0,0.0,,0.0
175,23,6.00,11,17.49,26.16,23.27,0.0,0.00,0.0,0.0,,0.0
175,24,6.00,11,17.09,25.24,22.62,0.0,0.00,0.0,0.0,,0.0
175,1,7.00,11,16.62,24.37,21.99,0.0,0.00,0.0,0.0,,0.0
175,2,7.00,11,16.47,23.57,21.42,0.0,0.00,0.0,0.0,,0.0
175,3,7.00,11,16.08,22.81,20.86,0.0,0.00,0.0,0.0,,0.0
175,4,7.00,11,16.06,22.13,20.35,0.0,0.00,0.0,0.0,,0.0
175,5,7.00,11,16.02,21.50,19.90,0.0,0.00,0.0,0.0,,0.0
175,6,7.00,11,16.00,20.94,19.48,0.0,0.00,0.0,0.0,,0.0
175,7,7.00,11,16.09,20.45,19.12,0.0,0.36,0.0,0.0,,0.0
175,8,7.00,11,16.17,21.65,21.20,925.34,185.06,0.0,0.0,,925.34
175,9,7.00,11,17.35,22.87,22.32,0.0,266.23,0.0,0.0,,0.0
175,10,7.00,11,18.32,24.15,23.64,0.0,348.59,0.0,0.0,,0.0
175,11,7.00,11,19.13,25.45,24.99,0.0,333.31,0.0,0.0,,0.0
175,12,7.00,11,19.68,26.72,26.20,-178.68,294.97,0.0,0.0,,-178.68
175,13,7.00,11,19.77,27.83,26.20,-1699.73,247.03,0.0,0.0,,-1699.73
175,14,7.00,11,19.86,28.79,26.20,-2093.18,229.74,0.0,0.0,,-2093.18
175,15,7.00,11,19.72,29.62,26.20,-2286.68,249.11,0.0,0.0,,-2286.68
175,16,7.00,11,19.42,30.30,26.20,-2343.91,295.43,0.0,0.0,,-2343.91
175,17,7.00,11,18.81,30.78,26.20,-2222.26,356.27,0.0,0.0,,-2222.26
175,18,7.00,11,18.14,31.04,26.20,-1997.43,409.18,0.0,0.0,,-1997.43
175,19,7.00,11,17.08,30.14,26.13,0.0,394.54,0.0,0.0,,0.0
175,20,7.00,11,15.96,28.68,25.16,0.0,0.05,0.0,0.0,,0.0
175,21,7.00,11,15.62,27.33,24.18,0.0,0.00,0.0,0.0,,0.0
175,22,7.00,11,15.21,26.10,23.25,0.0,0.00,0.0,0.0,,0.0
175,23,7.00,11,14.74,24.95,22.38,0.0,0.00,0.0,0.0,,0.0
175,24,7.00,11,14.09,23.86,21.54,0.0,0.00,0.0,0.0,,0.0
175,1,1.00,12,13.38,22.81,20.70,0.0,0.00,0.0,0.0,,0.0
175,2,1.00,12,12.49,21.78,19.86,0.0,0.00,0.0,0.0,,0.0
175,3,1.00,12,12.12,20.82,19.08,0.0,0.00,0.0,0.0,,0.0
175,4,1.00,12,11.96,19.94,18.36,0.0,0.00,0.0,0.0,,0.0
175,5,1.00,12,11.72,19.12,17.69,0.0,0.00,0.0,0.0,,0.0
175,6,1.00,12,12.33,18.46,17.16,0.0,0.00,0.0,0.0,,0.0
175,7,1.00,12,12.78,17.90,16.73,0.0,0.13,0.0,0.0,,0.0
175,8,1.00,12,13.73,19.39,21.78,4756.98,537.23,0.0,0.0,,4756.98
175,9,1.00,12,15.16,20.88,22.11,0.0,573.94,0.0,0.0,,0.0
175,10,1.00,12,17.02,22.50,23.36,0.0,576.55,0.0,0.0,,0.0
175,11,1.00,12,18.33,24.09,24.77,0.0,512.95,0.0,0.0,,0.0
175,12,1.00,12,18.93,25.55,26.11,0.0,462.99,0.0,0.0,,0.0
175,13,1.00,12,19.14,26.81,26.78,-719.69,411.76,0.0,0.0,,-719.69
175,14,1.00,12,19.74,27.99,26.78,-1836.84,387.28,0.0,0.0,,-1836.84
175,15,1.00,12,19.60,29.00,26.78,-2151.29,407.26,0.0,0.0,,-2151.29
175,16,1.00,12,19.58,29.89,26.78,-2337.54,445.98,0.0,0.0,,-2337.54
175,17,1.00,12,19.44,30.62,26.78,-2378.9,497.65,0.0,0.0,,-2378.9
175,18,1.00,12,18.94,31.10,26.78,-2191.24,529.44,0.0,0.0,,-2191.24
175,19,1.00,12,17.81,30.36,26.89,0.0,534.26,0.0,0.0,,0.0
175,20,1.00,12,16.54,29.11,26.09,0.0,186.28,0.0,0.0,,0.0
175,21,1.00,12,16.22,27.77,25.08,0.0,0.00,0.0,0.0,,0.0
175,22,1.00,12,15.56,26.52,24.09,0.0,0.00,0.0,0.0,,0.0
175,23,1.00,12,15.02,25.35,23.16,0.0,0.00,0.0,0.0,,0.0
175,24,1.00,12,15.03,24.32,22.34,0.0,0.00,0.0,0.0,,0.0
175,1,2.00,12,14.19,23.30,21.50,0.0,0.00,0.0,0.0,,0.0
175,2,2.00,12,13.65,22.33,20.70,0.0,0.00,0.0,0.0,,0.0
175,3,2.00,12,13.74,21.48,20.00,0.0,0.00,0.0,0.0,,0.0
175,4,2.00,12,14.00,20.74,19.40,0.0,0.00,0.0,0.0,,0.0
175,5,2.00,12,14.12,20.09,18.87,0.0,0.00,0.0,0.0,,0.0
175,6,2.00,12,14.07,19.48,18.38,0.0,0.00,0.0,0.0,,0.0
175,7,2.00,12,14.13,18.94,17.94,0.0,0.13,0.0,-0.0,,0.0
175,8,2.00,12,14.86,20.43,21.78,3085.16,537.23,0.0,0.0,,3085.16
175,9,2.00,12,16.56,21.97,22.60,0.0,573.94,0.0,0.0,,0.0
175,10,2.00,12,18.06,23.57,23.98,0.0,576.55,0.0,0.0,,0.0
175,11,2.00,12,19.45,25.16,25.48,0.0,512.95,0.0,0.0,,0.0
175,12,2.00,12,20.26,26.66,26.78,-192.53,462.99,0.0,0.0,,-192.53
175,13,2.00,12,20.56,27.97,26.78,-1860.4,411.76,0.0,0.0,,-1860.4
175,14,2.00,12,20.75,29.11,26.78,-2299.94,387.28,0.0,0.0,,-2299.94
175,15,2.00,12,20.90,30.15,26.78,-2596.76,407.26,0.0,0.0,,-2596.76
175,16,2.00,12,20.64,31.02,26.78,-2684.58,445.98,0.0,0.0,,-2684.58
175,17,2.00,12,20.10,31.67,26.78,-2603.42,497.65,0.0,0.0,,-2603.42
175,18,2.00,12,19.67,32.09,26.78,-2412.57,529.44,0.0,0.0,,-2412.57
175,19,2.00,12,18.88,31.37,27.03,0.0,534.26,0.0,0.0,,0.0
175,20,2.00,12,17.51,30.12,26.32,0.0,186.28,0.0,0.0,,0.0
175,21,2.00,12,16.90,28.74,25.35,0.0,0.00,0.0,0.0,,0.0
175,22,2.00,12,16.52,27.49,24.43,0.0,0.00,0.0,0.0,,0.0
175,23,2.00,12,16.52,26.38,23.61,0.0,0.00,0.0,0.0,,0.0
175,24,2.00,12,16.56,25.40,22.89,0.0,0.00,0.0,0.0,,0.0
175,1,3.00,12,15.94,24.45,22.18,0.0,0.00,0.0,0.0,,0.0
175,2,3.00,12,15.56,23.56,21.50,0.0,0.00,0.0,0.0,,0.0
175,3,3.00,12,15.52,22.75,20.88,0.0,0.00,0.0,0.0,,0.0
175,4,3.00,12,15.41,22.02,20.32,0.0,0.00,0.0,0.0,,0.0
175,5,3.00,12,15.41,21.35,19.81,0.0,0.00,0.0,0.0,,0.0
175,6,3.00,12,15.76,20.79,19.39,0.0,0.00,0.0,-0.0,,0.0
175,7,3.00,12,15.71,20.27,19.00,0.0,0.13,0.0,-0.0,,0.0
175,8,3.00,12,16.53,22.26,21.11,0.0,537.23,0.0,0.0,,0.0
175,9,3.00,12,17.41,24.04,22.99,0.0,573.94,0.0,0.0,,0.0
175,10,3.00,12,18.07,25.75,24.80,0.0,576.55,0.0,0.0,,0.0
175,11,3.00,12,18.70,27.38,26.52,0.0,512.95,0.0,0.0,,0.0
175,12,3.00,12,19.30,28.95,28.17,0.0,462.99,0.0,0.0,,0.0
175,13,3.00,12,19.67,30.42,29.71,0.0,411.76,0.0,0.0,,0.0
175,14,3.00,12,19.88,31.75,31.11,0.0,387.28,0.0,0.0,,0.0
175,15,3.00,12,20.04,33.02,32.44,0.0,407.26,0.0,0.0,,0.0
175,16,3.00,12,19.91,34.17,33.64,0.0,445.98,0.0,0.0,,0.0
175,17,3.00,12,19.53,35.17,34.69,0.0,497.65,0.0,0.0,,0.0
175,18,3.00,12,18.77,35.90,35.47,0.0,529.44,0.0,0.0,,0.0
175,19,3.00,12,18.14,34.44,34.05,0.0,534.26,0.0,0.0,,0.0
175,20,3.00,12,16.88,32.76,32.40,0.0,186.28,0.0,0.0,,0.0
175,21,3.00,12,16.42,31.06,30.74,0.0,0.00,0.0,0.0,,0.0
175,22,3.00,12,16.37,29.58,29.28,0.0,0.00,0.0,0.0,,0.0
175,23,3.00,12,16.31,28.26,27.99,0.0,0.00,0.0,0.0,,0.0
175,24,3.00,12,16.31,27.08,26.83,0.0,0.00,0.0,0.0,,0.0
175,1,4.00,12,15.94,25.97,25.75,0.0,0.00,0.0,0.0,,0.0
175,2,4.00,12,15.45,24.93,24.73,0.0,0.00,0.0,0.0,,0.0
175,3,4.00,12,15.44,23.99,23.81,0.0,0.00,0.0,0.0,,0.0
175,4,4.00,12,15.44,23.14,22.98,0.0,0.00,0.0,0.0,,0.0
175,5,4.00,12,15.52,22.39,22.24,0.0,0.00,0.0,0.0,,0.0
175,6,4.00,12,15.42,21.69,21.55,0.0,0.00,0.0,0.0,,0.0
175,7,4.00,12,15.17,21.03,20.91,0.0,0.13,0.0,0.0,,0.0
175,8,4.00,12,15.43,22.83,22.72,0.0,537.23,0.0,0.0,,0.0
175,9,4.00,12,16.52,24.48,24.37,0.0,573.94,0.0,0.0,,0.0
175,10,4.00,12,17.57,26.11,26.02,0.0,576.55,0.0,0.0,,0.0
175,11,4.00,12,18.33,27.68,27.60,0.0,512.95,0.0,0.0,,0.0
175,12,4.00,12,19.16,29.22,29.15,0.0,462.99,0.0,0.0,,0.0
175,13,4.00,12,19.74,30.68,30.61,0.0,411.76,0.0,0.0,,0.0
175,14,4.00,12,20.22,32.03,31.96,0.0,387.28,0.0,0.0,,0.0
175,15,4.00,12,20.34,33.30,33.24,0.0,407.26,0.0,0.0,,0.0
175,16,4.00,12,20.25,34.46,34.41,0.0,445.98,0.0,0.0,,0.0
175,17,4.00,12,20.07,35.48,35.43,0.0,497.65,0.0,0.0,,0.0
175,18,4.00,12,19.56,36.27,36.23,0.0,529.44,0.0,0.0,,0.0
175,19,4.00,12,18.87,34.84,34.80,0.0,534.26,0.0,0.0,,0.0
175,20,4.00,12,18.01,33.23,33.20,0.0,186.28,0.0,0.0,,0.0
175,21,4.00,12,18.12,31.67,31.64,0.0,0.00,0.0,0.0,,0.0
175,22,4.00,12,17.97,30.28,30.25,0.0,0.00,0.0,0.0,,0.0
175,23,4.00,12,17.73,29.02,28.99,0.0,0.00,0.0,0.0,,0.0
175,24,4.00,12,17.45,27.86,27.84,0.0,0.00,0.0,0.0,,0.0
175,1,5.00,12,17.32,26.82,26.79,0.0,0.00,0.0,0.0,,0.0
175,2,5.00,12,17.23,25.86,25.84,0.0,0.00,0.0,0.0,,0.0
175,3,5.00,12,17.30,25.01,24.99,0.0,0.00,0.0,0.0,,0.0
175,4,5.00,12,17.07,24.22,24.20,0.0,0.00,0.0,0.0,,0.0
175,5,5.00,12,16.82,23.47,23.45,0.0,0.00,0.0,0.0,,0.0
175,6,5.00,12,16.93,22.81,22.80,0.0,0.00,0.0,0.0,,0.0
175,7,5.00,12,17.06,22.23,22.21,0.0,0.13,0.0,0.0,,0.0
175,8,5.00,12,17.30,23.56,23.55,0.0,537.23,0.0,0.0,,0.0
175,9,5.00,12,18.27,24.87,24.86,0.0,573.94,0.0,0.0,,0.0
175,10,5.00,12,19.01,26.15,26.14,0.0,576.55,0.0,0.0,,0.0
175,11,5.00,12,19.58,27.36,26.78,-803.63,512.95,0.0,0.0,,-803.63
175,12,5.00,12,20.17,28.52,26.78,-1944.43,462.99,0.0,0.0,,-1944.43
175,13,5.00,12,20.30,29.53,26.78,-2281.62,411.76,0.0,0.0,,-2281.62
175,14,5.00,12,20.42,30.40,26.78,-2459.04,387.28,0.0,0.0,,-2459.04
175,15,5.00,12,20.44,31.20,26.78,-2604.47,407.26,0.0,0.0,,-2604.47
175,16,5.00,12,20.46,31.91,26.78,-2700.81,445.98,0.0,0.0,,-2700.81
175,17,5.00,12,20.32,32.49,26.78,-2692.61,497.65,0.0,0.0,,-2692.61
175,18,5.00,12,19.65,32.81,26.78,-2434.29,529.44,0.0,0.0,,-2434.29
175,19,5.00,12,18.81,32.03,27.04,0.0,534.26,0.0,0.0,,0.0
175,20,5.00,12,18.01,30.78,26.39,0.0,186.28,0.0,0.0,,0.0
175,21,5.00,12,18.16,29.48,25.55,0.0,0.00,0.0,0.0,,0.0
175,22,5.00,12,18.09,28.32,24.77,0.0,0.00,0.0,0.0,,0.0
175,23,5.00,12,18.03,27.28,24.07,0.0,0.00,0.0,0.0,,0.0
175,24,5.00,12,17.42,26.28,23.37,0.0,0.00,0.0,0.0,,0.0
175,1,6.00,12,17.23,25.37,22.73,0.0,0.00,0.0,0.0,,0.0
175,2,6.00,12,16.86,24.51,22.12,0.0,0.00,0.0,0.0,,0.0
175,3,6.00,12,16.71,23.73,21.56,0.0,0.00,0.0,0.0,,0.0
175,4,6.00,12,16.41,22.99,21.02,0.0,0.00,0.0,0.0,,0.0
175,5,6.00,12,16.14,22.29,20.50,0.0,0.00,0.0,0.0,,0.0
175,6,6.00,12,16.23,21.67,20.05,0.0,0.00,0.0,0.0,,0.0
175,7,6.00,12,16.77,21.18,19.71,0.0,0.13,0.0,0.0,,0.0
175,8,6.00,12,17.03,22.64,21.78,523.17,537.23,0.0,0.0,,523.17
175,9,6.00,12,17.38,23.93,23.10,0.0,573.94,0.0,0.0,,0.0
175,10,6.00,12,18.25,25.24,24.49,0.0,576.55,0.0,0.0,,0.0
175,11,6.00,12,18.89,26.48,25.83,0.0,512.95,0.0,0.0,,0.0
175,12,6.00,12,19.21,27.62,26.78,-384.74,462.99,0.0,0.0,,-384.74
175,13,6.00,12,20.04,28.74,26.78,-1835.29,411.76,0.0,0.0,,-1835.29
175,14,6.00,12,20.90,29.83,26.78,-2386.54,387.28,0.0,0.0,,-2386.54
175,15,6.00,12,21.14,30.82,26.78,-2690.36,407.26,0.0,0.0,,-2690.36
175,16,6.00,12,21.12,31.68,26.78,-2829.25,445.98,0.0,0.0,,-2829.25
175,17,6.00,12,20.74,32.34,26.78,-2786.02,497.65,0.0,0.0,,-2786.02
175,18,6.00,12,20.10,32.73,26.78,-2543.42,529.44,0.0,0.0,,-2543.42
175,19,6.00,12,19.37,32.00,27.10,0.0,534.26,0.0,0.0,,0.0
175,20,6.00,12,18.87,30.84,26.54,0.0,186.28,0.0,0.0,,0.0
175,21,6.00,12,18.72,29.58,25.73,0.0,0.00,0.0,0.0,,0.0
175,22,6.00,12,18.45,28.43,24.96,0.0,0.00,0.0,0.0,,0.0
175,23,6.00,12,18.24,27.40,24.26,0.0,0.00,0.0,0.0,,0.0
175,24,6.00,12,17.71,26.41,23.57,0.0,0.00,0.0,0.0,,0.0
175,1,7.00,12,17.58,25.52,22.94,0.0,0.00,0.0,0.0,,0.0
175,2,7.00,12,17.39,24.70,22.36,0.0,0.00,0.0,0.0,,0.0
175,3,7.00,12,17.28,23.95,21.83,0.0,0.00,0.0,0.0,,0.0
175,4,7.00,12,17.13,23.26,21.34,0.0,0.00,0.0,0.0,,0.0
175,5,7.00,12,17.24,22.65,20.90,0.0,0.00,0.0,0.0,,0.0
175,6,7.00,12,17.74,22.15,20.57,0.0,0.00,0.0,-0.0,,0.0
175,7,7.00,12,17.43,21.66,20.22,0.0,0.13,0.0,-0.0,,0.0
175,8,7.00,12,17.78,23.16,21.96,0.0,537.23,0.0,0.0,,0.0
175,9,7.00,12,19.10,24.65,23.61,0.0,573.94,0.0,0.0,,0.0
175,10,7.00,12,19.89,26.09,25.20,0.0,576.55,0.0,0.0,,0.0
175,11,7.00,12,20.43,27.42,26.65,0.0,512.95,0.0,0.0,,0.0
175,12,7.00,12,20.97,28.68,26.78,-1726.9,462.99,0.0,0.0,,-1726.9
175,13,7.00,12,21.06,29.76,26.78,-2314.13,411.76,0.0,0.0,,-2314.13
175,14,7.00,12,21.36,30.74,26.78,-2621.71,387.28,0.0,0.0,,-2621.71
175,15,7.00,12,21.38,31.62,26.78,-2816.62,407.26,0.0,0.0,,-2816.62
175,16,7.00,12,21.44,32.41,26.78,-2946.94,445.98,0.0,0.0,,-2946.94
175,17,7.00,12,20.84,32.97,26.78,-2835.12,497.65,0.0,0.0,,-2835.12
175,18,7.00,12,20.19,33.28,26.78,-2581.24,529.44,0.0,0.0,,-2581.24
175,19,7.00,12,19.00,32.47,27.07,0.0,534.26,0.0,0.0,,0.0
175,20,7.00,12,18.25,31.20,26.44,0.0,186.28,0.0,0.0,,0.0
175,21,7.00,12,17.66,29.80,25.53,0.0,0.00,0.0,0.0,,0.0
175,22,7.00,12,17.03,28.49,24.64,0.0,0.00,0.0,0.0,,0.0
175,23,7.00,12,16.40,27.26,23.78,0.0,0.00,0.0,0.0,,0.0
175,24,7.00,12,15.61,26.09,22.93,0.0,0.00,0.0,0.0,,0.0
175,1,1.00,12,15.06,24.98,22.12,0.0,0.00,0.0,0.0,,0.0
175,2,1.00,12,14.30,23.91,21.32,0.0,0.00,0.0,0.0,,0.0
175,3,1.00,12,13.95,22.92,20.57,0.0,0.00,0.0,0.0,,0.0
175,4,1.00,12,13.56,21.99,19.85,0.0,0.00,0.0,0.0,,0.0
175,5,1.00,12,13.24,21.12,19.18,0.0,0.00,0.0,0.0,,0.0
175,6,1.00,12,13.88,20.41,18.65,0.0,0.00,0.0,0.0,,0.0
175,7,1.00,12,14.38,19.82,18.22,0.0,0.13,0.0,0.0,,0.0
175,8,1.00,12,15.09,21.21,21.78,2690.42,537.23,0.0,0.0,,2690.42
175,9,1.00,12,16.46,22.61,22.64,0.0,573.94,0.0,0.0,,0.0
175,10,1.00,12,17.81,24.08,23.99,0.0,576.55,0.0,0.0,,0.0
175,11,1.00,12,19.19,25.57,25.45,0.0,512.95,0.0,0.0,,0.0
175,12,1.00,12,20.11,27.00,26.78,-144.77,462.99,0.0,0.0,,-144.77
175,13,1.00,12,20.24,28.21,26.78,-1780.66,411.76,0.0,0.0,,-1780.66
175,14,1.00,12,20.90,29.36,26.78,-2334.41,387.28,0.0,0.0,,-2334.41
175,15,1.00,12,21.14,30.41,26.78,-2661.66,407.26,0.0,0.0,,-2661.66
175,16,1.00,12,21.63,31.41,26.78,-2941.59,445.98,0.0,0.0,,-2941.59
175,17,1.00,12,20.85,32.11,26.78,-2813.2,497.65,0.0,0.0,,-2813.2
175,18,1.00,12,20.02,32.51,26.78,-2522.93,529.44,0.0,0.0,,-2522.93
175,19,1.00,12,18.94,31.74,27.05,0.0,534.26,0.0,0.0,,0.0
175,20,1.00,12,17.88,30.49,26.38,0.0,186.28,0.0,0.0,,0.0
175,21,1.00,12,17.34,29.13,25.45,0.0,0.00,0.0,0.0,,0.0
175,22,1.00,12,16.61,27.84,24.52,0.0,0.00,0.0,0.0,,0.0
175,23,1.00,12,15.92,26.62,23.63,0.0,0.00,0.0,0.0,,0.0
175,24,1.00,12,15.79,25.54,22.82,0.0,0.00,0.0,0.0,,0.0
175,1,2.00,12,14.66,24.44,21.98,0.0,0.00,0.0,0.0,,0.0
175,2,2.00,12,13.70,23.36,21.13,0.0,0.00,0.0,0.0,,0.0
175,3,2.00,12,13.28,22.35,20.33,0.0,0.00,0.0,0.0,,0.0
175,4,2.00,12,13.62,21.49,19.66,0.0,0.00,0.0,0.0,,0.0
175,5,2.00,12,14.02,20.76,19.10,0.0,0.00,0.0,0.0,,0.0
175,6,2.00,12,14.51,20.15,18.64,0.0,0.00,0.0,0.0,,0.0
175,7,2.00,12,14.74,19.61,18.24,0.0,0.13,0.0,0.0,,0.0
175,8,2.00,12,15.34,21.07,21.78,2619.52,537.23,0.0,0.0,,2619.52
175,9,2.00,12,17.05,22.59,22.75,0.0,573.94,0.0,0.0,,0.0
175,10,2.00,12,18.87,24.23,24.25,0.0,576.55,0.0,0.0,,0.0
175,11,2.00,12,20.23,25.84,25.83,0.0,512.95,0.0,0.0,,0.0
175,12,2.00,12,20.98,27.34,26.78,-759.02,462.99,0.0,0.0,,-759.02
175,13,2.00,12,21.26,28.66,26.78,-2133.6,411.76,0.0,0.0,,-2133.6
175,14,2.00,12,21.85,29.87,26.78,-2635.58,387.28,0.0,0.0,,-2635.58
175,15,2.00,12,21.77,30.92,26.78,-2864.42,407.26,0.0,0.0,,-2864.42
175,16,2.00,12,21.68,31.83,26.78,-2985.55,445.98,0.0,0.0,,-2985.55
175,17,2.00,12,21.17,32.51,26.78,-2908.16,497.65,0.0,0.0,,-2908.16
175,18,2.00,12,20.40,32.91,26.78,-2632.94,529.44,0.0,0.0,,-2632.94
175,19,2.00,12,19.73,32.19,27.15,0.0,534.26,0.0,0.0,,0.0
175,20,2.00,12,18.84,30.99,26.57,0.0,186.28,0.0,0.0,,0.0
175,21,2.00,12,18.36,29.68,25.72,0.0,0.00,0.0,0.0,,0.0
175,22,2.00,12,18.23,28.50,24.93,0.0,0.00,0.0,0.0,,0.0
175,23,2.00,12,17.67,27.39,24.17,0.0,0.00,0.0,0.0,,0.0
175,24,2.00,12,17.96,26.45,23.53,0.0,0.00,0.0,0.0,,0.0
175,1,3.00,12,17.47,25.54,22.89,0.0,0.00,0.0,0.0,,0.0
175,2,3.00,12,16.82,24.66,22.26,0.0,0.00,0.0,0.0,,0.0
175,3,3.00,12,16.62,23.85,21.67,0.0,0.00,0.0,0.0,,0.0
175,4,3.00,12,16.38,23.09,21.11,0.0,0.00,0.0,0.0,,0.0
175,5,3.00,12,16.45,22.42,20.63,0.0,0.00,0.0,0.0,,0.0
175,6,3.00,12,16.84,21.86,20.23,0.0,0.00,0.0,0.0,,0.0
175,7,3.00,12,16.81,21.34,19.86,0.0,0.13,0.0,-0.0,,0.0
175,8,3.00,12,16.76,23.23,21.89,0.0,537.23,0.0,0.0,,0.0
175,9,3.00,12,17.95,24.97,23.75,0.0,573.94,0.0,0.0,,0.0
175,10,3.00,12,18.98,26.68,25.58,0.0,576.55,0.0,0.0,,0.0
175,11,3.00,12,20.16,28.38,27.38,0.0,512.95,0.0,0.0,,0.0
175,12,3.00,12,20.63,29.99,29.08,0.0,462.99,0.0,0.0,,0.0
175,13,3.00,12,20.59,31.43,30.60,0.0,411.76,0.0,0.0,,0.0
175,14,3.00,12,21.01,32.77,32.02,0.0,387.28,0.0,0.0,,0.0
175,15,3.00,12,20.99,34.03,33.35,0.0,407.26,0.0,0.0,,0.0
175,16,3.00,12,20.56,35.14,34.52,0.0,445.98,0.0,0.0,,0.0
175,17,3.00,12,20.02,36.08,35.52,0.0,497.65,0.0,0.0,,0.0
175,18,3.00,12,19.71,36.83,36.32,0.0,529.44,0.0,0.0,,0.0
175,19,3.00,12,19.03,35.36,34.90,0.0,534.26,0.0,0.0,,0.0
175,20,3.00,12,18.52,33.76,33.34,0.0,186.28,0.0,0.0,,0.0
175,21,3.00,12,18.45,32.18,31.80,0.0,0.00,0.0,0.0,,0.0
175,22,3.00,12,17.97,30.73,30.38,0.0,0.00,0.0,0.0,,0.0
175,23,3.00,12,17.80,29.43,29.12,0.0,0.00,0.0,0.0,,0.0
175,24,3.00,12,17.49,28.24,27.96,0.0,0.00,0.0,0.0,,0.0
175,1,4.00,12,17.10,27.13,26.88,0.0,0.00,0.0,0.0,,0.0
175,2,4.00,12,16.51,26.07,25.84,0.0,0.00,0.0,0.0,,0.0
175,3,4.00,12,16.51,25.12,24.91,0.0,0.00,0.0,0.0,,0.0
175,4,4.00,12,16.89,24.31,24.12,0.0,0.00,0.0,0.0,,0.0
175,5,4.00,12,16.95,23.58,23.41,0.0,0.00,0.0,0.0,,0.0
175,6,4.00,12,16.90,22.91,22.75,0.0,0.00,0.0,0.0,,0.0
175,7,4.00,12,17.00,22.31,22.17,0.0,0.13,0.0,0.0,,0.0
175,8,4.00,12,17.55,24.20,24.07,0.0,537.23,0.0,0.0,,0.0
175,9,4.00,12,18.81,25.93,25.81,0.0,573.94,0.0,0.0,,0.0
175,10,4.00,12,19.08,27.55,27.45,0.0,576.55,0.0,0.0,,0.0
175,11,4.00,12,19.46,29.08,28.98,0.0,512.95,0.0,0.0,,0.0
175,12,4.00,12,19.99,30.55,30.46,0.0,462.99,0.0,0.0,,0.0
175,13,4.00,12,20.52,31.95,31.87,0.0,411.76,0.0,0.0,,0.0
175,14,4.00,12,21.05,33.25,33.18,0.0,387.28,0.0,0.0,,0.0
175,15,4.00,12,21.22,34.49,34.43,0.0,407.26,0.0,0.0,,0.0
175,16,4.00,12,21.36,35.65,35.59,0.0,445.98,0.0,0.0,,0.0
175,17,4.00,12,20.97,36.64,36.58,0.0,497.65,0.0,0.0,,0.0
175,18,4.00,12,20.61,37.42,37.37,0.0,529.44,0.0,0.0,,0.0
175,19,4.00,12,20.12,36.00,35.96,0.0,534.26,0.0,0.0,,0.0
175,20,4.00,12,19.14,34.39,34.35,0.0,186.28,0.0,0.0,,0.0
175,21,4.00,12,18.77,32.77,32.73,0.0,0.00,0.0,0.0,,0.0
175,22,4.00,12,18.68,31.33,31.30,0.0,0.00,0.0,0.0,,0.0
175,23,4.00,12,18.37,30.03,30.00,0.0,0.00,0.0,0.0,,0.0
175,24,4.00,12,18.67,28.91,28.88,0.0,0.00,0.0,0.0,,0.0
175,1,5.00,12,17.75,27.79,27.76,0.0,0.00,0.0,0.0,,0.0
175,2,5.00,12,17.36,26.75,26.72,0.0,0.00,0.0,0.0,,0.0
175,3,5.00,12,17.45,25.82,25.80,0.0,0.00,0.0,0.0,,0.0
175,4,5.00,12,17.64,25.01,24.99,0.0,0.00,0.0,0.0,,0.0
175,5,5.00,12,18.01,24.32,24.30,0.0,0.00,0.0,0.0,,0.0
175,6,5.00,12,17.80,23.66,23.64,0.0,0.00,0.0,0.0,,0.0
175,7,5.00,12,17.73,23.05,23.04,0.0,0.13,0.0,0.0,,0.0
175,8,5.00,12,17.68,24.31,24.30,0.0,537.23,0.0,0.0,,0.0
175,9,5.00,12,18.21,25.48,25.47,0.0,573.94,0.0,0.0,,0.0
175,10,5.00,12,19.26,26.72,26.71,0.0,576.55,0.0,0.0,,0.0
175,11,5.00,12,20.06,27.93,26.78,-1603.96,512.95,0.0,0.0,,-1603.96
175,12,5.00,12,20.30,29.02,26.78,-2150.55,462.99,0.0,0.0,,-2150.55
175,13,5.00,12,20.52,29.99,26.78,-2426.2,411.76,0.0,0.0,,-2426.2
175,14,5.00,12,20.69,30.84,26.78,-2576.74,387.28,0.0,0.0,,-2576.74
175,15,5.00,12,20.69,31.61,26.78,-2700.75,407.26,0.0,0.0,,-2700.75
175,16,5.00,12,20.32,32.23,26.78,-2686.9,445.98,0.0,0.0,,-2686.9
175,17,5.00,12,19.67,32.65,26.78,-2536.04,497.65,0.0,0.0,,-2536.04
175,18,5.00,12,19.46,32.93,26.78,-2379.88,529.44,0.0,0.0,,-2379.88
175,19,5.00,12,18.71,32.15,27.02,0.0,534.26,0.0,0.0,,0.0
175,20,5.00,12,18.41,30.94,26.42,0.0,186.28,0.0,0.0,,0.0
175,21,5.00,12,18.00,29.61,25.56,0.0,0.00,0.0,0.0,,0.0
175,22,5.00,12,17.63,28.39,24.73,0.0,0.00,0.0,0.0,,0.0
175,23,5.00,12,17.25,27.26,23.95,0.0,0.00,0.0,0.0,,0.0
175,24,5.00,12,17.19,26.25,23.25,0.0,0.00,0.0,0.0,,0.0
175,1,6.00,12,16.46,25.27,22.54,0.0,0.00,0.0,0.0,,0.0
175,2,6.00,12,16.38,24.38,21.91,0.0,0.00,0.0,0.0,,0.0
175,3,6.00,12,16.41,23.58,21.34,0.0,0.00,0.0,0.0,,0.0
175,4,6.00,12,16.34,22.86,20.82,0.0,0.00,0.0,0.0,,0.0
175,5,6.00,12,16.36,22.20,20.36,0.0,0.00,0.0,0.0,,0.0
175,6,6.00,12,16.41,21.61,19.94,0.0,0.00,0.0,-0.0,,0.0
175,7,6.00,12,16.67,21.11,19.59,0.0,0.13,0.0,-0.0,,0.0
175,8,6.00,12,16.55,22.50,21.78,776.56,537.23,0.0,0.0,,776.56
175,9,6.00,12,17.16,23.78,23.03,0.0,573.94,0.0,0.0,,0.0
175,10,6.00,12,18.41,25.15,24.47,0.0,576.55,0.0,0.0,,0.0
175,11,6.00,12,19.11,26.45,25.84,0.0,512.95,0.0,0.0,,0.0
175,12,6.00,12,19.42,27.62,26.78,-442.98,462.99,0.0,0.0,,-442.98
175,13,6.00,12,20.07,28.74,26.78,-1843.59,411.76,0.0,0.0,,-1843.59
175,14,6.00,12,20.45,29.75,26.78,-2272.37,387.28,0.0,0.0,,-2272.37
175,15,6.00,12,20.36,30.62,26.78,-2484.38,407.26,0.0,0.0,,-2484.38
175,16,6.00,12,20.04,31.34,26.78,-2539.4,445.98,0.0,0.0,,-2539.4
175,17,6.00,12,19.47,31.86,26.78,-2439.13,497.65,0.0,0.0,,-2439.13
175,18,6.00,12,18.74,32.13,26.78,-2168.31,529.44,0.0,0.0,,-2168.31
175,19,6.00,12,18.39,31.39,26.97,0.0,534.26,0.0,0.0,,0.0
175,20,6.00,12,17.61,30.17,26.28,0.0,186.28,0.0,0.0,,0.0
175,21,6.00,12,16.93,28.80,25.31,0.0,0.00,0.0,0.0,,0.0
175,22,6.00,12,17.71,27.68,24.53,0.0,0.00,0.0,0.0,,0.0
175,23,6.00,12,17.60,26.67,23.82,0.0,0.00,0.0,0.0,,0.0
175,24,6.00,12,17.81,25.78,23.21,0.0,0.00,0.0,0.0,,0.0
175,1,7.00,12,17.28,24.93,22.59,0.0,0.00,0.0,0.0,,0.0
175,2,7.00,12,17.30,24.16,22.04,0.0,0.00,0.0,0.0,,0.0
175,3,7.00,12,17.36,23.47,21.55,0.0,0.00,0.0,0.0,,0.0
175,4,7.00,12,17.36,22.85,21.11,0.0,0.00,0.0,0.0,,0.0
175,5,7.00,12,17.50,22.31,20.72,0.0,0.00,0.0,0.0,,0.0
175,6,7.00,12,17.39,21.80,20.36,0.0,0.00,0.0,-0.0,,0.0
175,7,7.00,12,17.01,21.29,19.99,0.0,0.13,0.0,-0.0,,0.0
175,8,7.00,12,17.00,22.72,21.78,213.8,537.23,0.0,0.0,,213.8
175,9,7.00,12,18.16,24.13,23.29,0.0,573.94,0.0,0.0,,0.0
175,10,7.00,12,19.02,25.52,24.78,0.0,576.55,0.0,0.0,,0.0
175,11,7.00,12,19.44,26.79,26.15,0.0,512.95,0.0,0.0,,0.0
175,12,7.00,12,19.67,27.95,26.78,-856.43,462.99,0.0,0.0,,-856.43
175,13,7.00,12,19.96,28.99,26.78,-1899.9,411.76,0.0,0.0,,-1899.9
175,14,7.00,12,20.26,29.92,26.78,-2262.76,387.28,0.0,0.0,,-2262.76
175,15,7.00,12,20.05,30.73,26.78,-2421.83,407.26,0.0,0.0,,-2421.83
175,16,7.00,12,19.83,31.41,26.78,-2489.98,445.98,0.0,0.0,,-2489.98
175,17,7.00,12,19.32,31.90,26.78,-2400.9,497.65,0.0,0.0,,-2400.9
175,18,7.00,12,18.79,32.18,26.78,-2178.66,529.44,0.0,0.0,,-2178.66
175,19,7.00,12,18.20,31.42,26.94,0.0,534.26,0.0,0.0,,0.0
175,20,7.00,12,17.85,30.23,26.29,0.0,186.28,0.0,0.0,,0.0
175,21,7.00,12,17.48,28.91,25.39,0.0,0.00,0.0,0.0,,0.0
175,22,7.00,12,17.72,27.78,24.59,0.0,0.00,0.0,0.0,,0.0
175,23,7.00,12,17.77,26.77,23.89,0.0,0.00,0.0,0.0,,0.0
175,24,7.00,12,17.71,25.86,23.25,0.0,0.00,0.0,0.0,,0.0
175,1,1.00,12,18.02,25.08,22.71,0.0,0.00,0.0,0.0,,0.0
175,2,1.00,12,17.90,24.36,22.21,0.0,0.00,0.0,0.0,,0.0
175,3,1.00,12,17.48,23.66,21.71,0.0,0.00,0.0,0.0,,0.0
175,4,1.00,12,17.19,22.99,21.23,0.0,0.00,0.0,0.0,,0.0
175,5,1.00,12,17.40,22.42,20.82,0.0,0.00,0.0,0.0,,0.0
175,6,1.00,12,17.54,21.92,20.47,0.0,0.00,0.0,-0.0,,0.0
175,7,1.00,12,17.68,21.48,20.16,0.0,0.13,0.0,-0.0,,0.0
175,8,1.00,12,17.76,23.01,21.90,0.0,537.23,0.0,0.0,,0.0
175,9,1.00,12,18.71,24.45,23.50,0.0,573.94,0.0,0.0,,0.0
175,10,1.00,12,19.76,25.90,25.08,0.0,576.55,0.0,0.0,,0.0
175,11,1.00,12,20.59,27.30,26.59,0.0,512.95,0.0,0.0,,0.0
175,12,1.00,12,20.95,28.56,26.78,-1646.38,462.99,0.0,0.0,,-1646.38
175,13,1.00,12,21.07,29.67,26.78,-2299.43,411.76,0.0,0.0,,-2299.43
175,14,1.00,12,21.02,30.60,26.78,-2528.59,387.28,0.0,0.0,,-2528.59
175,15,1.00,12,20.42,31.33,26.78,-2561.08,407.26,0.0,0.0,,-2561.08
175,16,1.00,12,20.34,31.99,26.78,-2645.3,445.98,0.0,0.0,,-2645.3
175,17,1.00,12,20.49,32.60,26.78,-2720.63,497.65,0.0,0.0,,-2720.63
175,18,1.00,12,20.31,33.01,26.78,-2596.76,529.44,0.0,0.0,,-2596.76
175,19,1.00,12,19.53,32.28,27.12,0.0,534.26,0.0,0.0,,0.0
175,20,1.00,12,18.75,31.08,26.54,0.0,186.28,0.0,0.0,,0.0
175,21,1.00,12,18.33,29.75,25.69,0.0,0.00,0.0,0.0,,0.0
175,22,1.00,12,18.50,28.60,24.94,0.0,0.00,0.0,0.0,,0.0
175,23,1.00,12,18.57,27.59,24.28,0.0,0.00,0.0,0.0,,0.0
175,24,1.00,12,18.91,26.72,23.72,0.0,0.00,0.0,0.0,,0.0
175,1,2.00,12,18.32,25.87,23.15,0.0,0.00,0.0,0.0,,0.0
175,2,2.00,12,18.75,25.16,22.69,0.0,0.00,0.0,0.0,,0.0
175,3,2.00,12,18.54,24.49,22.25,0.0,0.00,0.0,0.0,,0.0
175,4,2.00,12,18.37,23.86,21.83,0.0,0.00,0.0,0.0,,0.0
175,5,2.00,12,18.61,23.32,21.48,0.0,0.00,0.0,0.0,,0.0
175,6,2.00,12,18.80,22.85,21.18,0.0,0.00,0.0,-0.0,,0.0
175,7,2.00,12,18.53,22.39,20.87,0.0,0.13,0.0,-0.0,,0.0
175,8,2.00,12,18.01,23.80,22.52,0.0,537.23,0.0,0.0,,0.0
175,9,2.00,12,18.43,25.06,23.96,0.0,573.94,0.0,0.0,,0.0
175,10,2.00,12,19.98,26.47,25.53,0.0,576.55,0.0,0.0,,0.0
175,11,2.00,12,21.27,27.90,26.78,-431.74,512.95,0.0,0.0,,-431.74
175,12,2.00,12,21.69,29.20,26.78,-2144.83,462.99,0.0,0.0,,-2144.83
175,13,2.00,12,22.34,30.41,26.78,-2727.56,411.76,0.0,0.0,,-2727.56
175,14,2.00,12,22.23,31.41,26.78,-2910.43,387.28,0.0,0.0,,-2910.43
175,15,2.00,12,21.74,32.22,26.78,-2953.47,407.26,0.0,0.0,,-2953.47
175,16,2.00,12,21.21,32.86,26.78,-2915.7,445.98,0.0,0.0,,-2915.7
175,17,2.00,12,21.50,33.48,26.78,-3013.03,497.65,0.0,0.0,,-3013.03
175,18,2.00,12,22.16,34.06,26.78,-3100.51,529.44,0.0,0.0,,-3100.51
175,19,2.00,12,21.09,33.36,27.34,0.0,534.26,0.0,0.0,,0.0
175,20,2.00,12,20.06,32.16,26.87,0.0,186.28,0.0,0.0,,0.0
175,21,2.00,12,19.68,30.86,26.12,0.0,0.00,0.0,0.0,,0.0
175,22,2.00,12,19.96,29.74,25.46,0.0,0.00,0.0,0.0,,0.0
175,23,2.00,12,20.13,28.77,24.89,0.0,0.00,0.0,0.0,,0.0
175,24,2.00,12,20.64,27.95,24.45,0.0,0.00,0.0,0.0,,0.0
175,1,3.00,12,19.59,27.10,23.91,0.0,0.00,0.0,-0.0,,0.0
175,2,3.00,12,19.36,26.30,23.42,0.0,0.00,0.0,-0.0,,0.0
175,3,3.00,12,18.59,25.51,22.89,0.0,0.00,0.0,0.0,,0.0
175,4,3.00,12,18.40,24.78,22.40,0.0,0.00,0.0,0.0,,0.0
175,5,3.00,12,18.59,24.15,21.99,0.0,0.00,0.0,0.0,,0.0
175,6,3.00,12,18.32,23.55,21.59,0.0,0.00,0.0,-0.0,,0.0
175,7,3.00,12,18.01,22.97,21.19,0.0,0.13,0.0,-0.0,,0.0
175,8,3.00,12,18.35,24.86,23.25,0.0,537.23,0.0,0.0,,0.0
175,9,3.00,12,19.09,26.54,25.08,0.0,573.94,0.0,0.0,,0.0
175,10,3.00,12,20.12,28.21,26.88,0.0,576.55,0.0,0.0,,0.0
175,11,3.00,12,20.68,29.79,28.59,0.0,512.95,0.0,0.0,,0.0
175,12,3.00,12,21.66,31.37,30.27,0.0,462.99,0.0,0.0,,0.0
175,13,3.00,12,22.32,32.86,31.87,0.0,411.76,0.0,0.0,,0.0
175,14,3.00,12,22.28,34.18,33.28,0.0,387.28,0.0,0.0,,0.0
175,15,3.00,12,21.60,35.35,34.53,0.0,407.26,0.0,0.0,,0.0
175,16,3.00,12,20.93,36.36,35.62,0.0,445.98,0.0,0.0,,0.0
175,17,3.00,12,20.94,37.28,36.60,0.0,497.65,0.0,0.0,,0.0
175,18,3.00,12,21.47,38.10,37.49,0.0,529.44,0.0,0.0,,0.0
175,19,3.00,12,20.66,36.67,36.11,0.0,534.26,0.0,0.0,,0.0
175,20,3.00,12,19.56,35.03,34.52,0.0,186.28,0.0,0.0,,0.0
175,21,3.00,12,18.70,33.33,32.87,0.0,0.00,0.0,0.0,,0.0
175,22,3.00,12,18.66,31.84,31.42,0.0,0.00,0.0,0.0,,0.0
175,23,3.00,12,18.30,30.48,30.10,0.0,0.00,0.0,0.0,,0.0
175,24,3.00,12,19.12,29.37,29.02,0.0,0.00,0.0,0.0,,0.0
175,1,4.00,12,17.59,28.18,27.87,0.0,0.00,0.0,0.0,,0.0
175,2,4.00,12,17.48,27.12,26.83,0.0,0.00,0.0,0.0,,0.0
175,3,4.00,12,17.26,26.14,25.88,0.0,0.00,0.0,0.0,,0.0
175,4,4.00,12,17.24,25.25,25.02,0.0,0.00,0.0,0.0,,0.0
175,5,4.00,12,17.17,24.45,24.24,0.0,0.00,0.0,0.0,,0.0
175,6,4.00,12,18.53,23.87,23.68,0.0,0.00,0.0,0.0,,0.0
175,7,4.00,12,19.61,23.46,23.29,0.0,0.13,0.0,-0.0,,0.0
175,8,4.00,12,20.25,25.50,25.35,0.0,537.23,0.0,0.0,,0.0
175,9,4.00,12,20.26,27.23,27.08,0.0,573.94,0.0,0.0,,0.0
175,10,4.00,12,21.05,28.91,28.78,0.0,576.55,0.0,0.0,,0.0
175,11,4.00,12,21.73,30.53,30.41,0.0,512.95,0.0,0.0,,0.0
175,12,4.00,12,22.32,32.08,31.97,0.0,462.99,0.0,0.0,,0.0
175,13,4.00,12,22.47,33.50,33.41,0.0,411.76,0.0,0.0,,0.0
175,14,4.00,12,22.67,34.80,34.72,0.0,387.28,0.0,0.0,,0.0
175,15,4.00,12,22.50,36.01,35.92,0.0,407.26,0.0,0.0,,0.0
175,16,4.00,12,22.60,37.13,37.05,0.0,445.98,0.0,0.0,,0.0
175,17,4.00,12,22.52,38.13,38.06,0.0,497.65,0.0,0.0,,0.0
175,18,4.00,12,23.07,39.02,38.96,0.0,529.44,0.0,0.0,,0.0
175,19,4.00,12,22.17,37.64,37.58,0.0,534.26,0.0,0.0,,0.0
175,20,4.00,12,21.29,36.07,36.02,0.0,186.28,0.0,0.0,,0.0
175,21,4.00,12,20.85,34.48,34.44,0.0,0.00,0.0,0.0,,0.0
175,22,4.00,12,20.95,33.10,33.06,0.0,0.00,0.0,0.0,,0.0
175,23,4.00,12,20.61,31.84,31.80,0.0,0.00,0.0,0.0,,0.0
175,24,4.00,12,20.72,30.73,30.69,0.0,0.00,0.0,0.0,,0.0
175,1,5.00,12,19.50,29.59,29.56,0.0,0.00,0.0,0.0,,0.0
175,2,5.00,12,18.83,28.51,28.48,0.0,0.00,0.0,0.0,,0.0
175,3,5.00,12,19.00,27.56,27.53,0.0,0.00,0.0,0.0,,0.0
175,4,5.00,12,19.14,26.72,26.70,0.0,0.00,0.0,0.0,,0.0
175,5,5.00,12,19.60,26.01,25.99,0.0,0.00,0.0,0.0,,0.0
175,6,5.00,12,19.85,25.40,25.38,0.0,0.00,0.0,0.0,,0.0
175,7,5.00,12,19.31,24.77,24.75,0.0,0.13,0.0,0.0,,0.0
175,8,5.00,12,19.35,26.02,26.00,0.0,537.23,0.0,0.0,,0.0
175,9,5.00,12,20.58,27.30,26.78,-715.41,573.94,0.0,0.0,,-715.41
175,10,5.00,12,21.75,28.64,26.78,-2166.46,576.55,0.0,0.0,,-2166.46
175,11,5.00,12,22.34,29.89,26.78,-2694.12,512.95,0.0,0.0,,-2694.12
175,12,5.00,12,23.20,31.13,26.78,-3152.89,462.99,0.0,0.0,,-3152.89
175,13,5.00,12,23.19,32.17,26.78,-3285.77,411.76,0.0,0.0,,-3285.77
175,14,5.00,12,22.99,33.02,26.78,-3294.74,387.28,0.0,0.0,,-3294.74
175,15,5.00,12,22.68,33.74,26.78,-3308.52,407.26,0.0,0.0,,-3308.52
175,16,5.00,12,22.94,34.44,26.78,-3432.95,445.98,0.0,0.0,,-3432.95
175,17,5.00,12,22.93,35.04,26.78,-3447.09,497.65,0.0,0.0,,-3447.09
175,18,5.00,12,22.97,35.49,26.78,-3363.09,529.44,0.0,0.0,,-3363.09
175,19,5.00,12,21.91,34.74,27.46,0.0,534.26,0.0,0.0,,0.0
175,20,5.00,12,21.26,33.53,27.11,0.0,186.28,0.0,0.0,,0.0
175,21,5.00,12,20.86,32.21,26.45,0.0,0.00,0.0,0.0,,0.0
175,22,5.00,12,20.76,31.04,25.83,0.0,0.00,0.0,0.0,,0.0
175,23,5.00,12,20.75,29.99,25.28,0.0,0.00,0.0,0.0,,0.0
175,24,5.00,12,20.47,29.03,24.76,0.0,0.00,0.0,0.0,,0.0
175,1,6.00,12,20.37,28.15,24.29,0.0,0.00,0.0,-0.0,,0.0
175,2,6.00,12,20.32,27.36,23.85,0.0,0.00,0.0,-0.0,,0.0
175,3,6.00,12,20.47,26.66,23.48,0.0,0.00,0.0,0.0,,0.0
175,4,6.00,12,20.41,26.02,23.14,0.0,0.00,0.0,0.0,,0.0
175,5,6.00,12,20.87,25.50,22.88,0.0,0.00,0.0,-0.0,,0.0
175,6,6.00,12,20.71,24.99,22.62,0.0,0.00,0.0,-0.0,,0.0
175,7,6.00,12,20.70,24.54,22.38,0.0,0.13,0.0,-0.0,,0.0
175,8,6.00,12,21.05,26.10,24.29,0.0,537.23,0.0,0.0,,0.0
175,9,6.00,12,21.91,27.55,25.99,0.0,573.94,0.0,0.0,,0.0
175,10,6.00,12,22.19,28.87,26.78,-1058.01,576.55,0.0,0.0,,-1058.01
175,11,6.00,12,22.62,30.10,26.78,-2394.67,512.95,0.0,0.0,,-2394.67
175,12,6.00,12,23.36,31.32,26.78,-3004.59,462.99,0.0,0.0,,-3004.59
175,13,6.00,12,23.64,32.40,26.78,-3298.42,411.76,0.0,0.0,,-3298.42
175,14,6.00,12,23.98,33.38,26.78,-3497.02,387.28,0.0,0.0,,-3497.02
175,15,6.00,12,24.12,34.27,26.78,-3659.94,407.26,0.0,0.0,,-3659.94
175,16,6.00,12,24.24,35.08,26.78,-3777.54,445.98,0.0,0.0,,-3777.54
175,17,6.00,12,23.70,35.67,26.78,-3665.64,497.65,0.0,0.0,,-3665.64
175,18,6.00,12,23.05,36.00,26.78,-3404.86,529.44,0.0,0.0,,-3404.86
175,19,6.00,12,21.83,35.19,27.46,0.0,534.26,0.0,0.0,,0.0
175,20,6.00,12,20.41,33.85,27.01,0.0,186.28,0.0,0.0,,0.0
175,21,6.00,12,19.75,32.38,26.25,0.0,0.00,0.0,0.0,,0.0
175,22,6.00,12,19.31,31.04,25.50,0.0,0.00,0.0,0.0,,0.0
175,23,6.00,12,18.72,29.79,24.78,0.0,0.00,0.0,0.0,,0.0
175,24,6.00,12,18.18,28.62,24.08,0.0,0.00,0.0,0.0,,0.0
175,1,7.00,12,18.01,27.57,23.45,0.0,0.00,0.0,0.0,,0.0
175,2,7.00,12,17.83,26.60,22.86,0.0,0.00,0.0,0.0,,0.0
175,3,7.00,12,17.77,25.72,22.33,0.0,0.00,0.0,0.0,,0.0
175,4,7.00,12,17.25,24.87,21.79,0.0,0.00,0.0,0.0,,0.0
175,5,7.00,12,17.53,24.13,21.34,0.0,0.00,0.0,0.0,,0.0
175,6,7.00,12,17.06,23.42,20.88,0.0,0.00,0.0,0.0,,0.0
175,7,7.00,12,17.27,22.79,20.50,0.0,0.13,0.0,0.0,,0.0
175,8,7.00,12,17.82,24.13,22.20,0.0,537.23,0.0,0.0,,0.0
175,9,7.00,12,18.72,25.42,23.76,0.0,573.94,0.0,0.0,,0.0
175,10,7.00,12,19.58,26.71,25.28,0.0,576.55,0.0,0.0,,0.0
175,11,7.00,12,20.27,27.94,26.70,0.0,512.95,0.0,0.0,,0.0
175,12,7.00,12,21.20,29.18,26.78,-1872.46,462.99,0.0,0.0,,-1872.46
175,13,7.00,12,21.71,30.31,26.78,-2512.69,411.76,0.0,0.0,,-2512.69
175,14,7.00,12,22.43,31.39,26.78,-2922.95,387.28,0.0,0.0,,-2922.95
175,15,7.00,12,22.62,32.36,26.78,-3164.08,407.26,0.0,0.0,,-3164.08
175,16,7.00,12,22.90,33.26,26.78,-3353.84,445.98,0.0,0.0,,-3353.84
175,17,7.00,12,22.68,33.98,26.78,-3346.26,497.65,0.0,0.0,,-3346.26
175,18,7.00,12,22.24,34.45,26.78,-3152.06,529.44,0.0,0.0,,-3152.06
175,19,7.00,12,21.37,33.73,27.38,0.0,534.26,0.0,0.0,,0.0
175,20,7.00,12,20.56,32.55,26.96,0.0,186.28,0.0,0.0,,0.0
175,21,7.00,12,19.91,31.23,26.22,0.0,0.00,0.0,0.0,,0.0
175,22,7.00,12,20.01,30.08,25.55,0.0,0.00,0.0,0.0,,0.0
175,23,7.00,12,19.53,29.00,24.91,0.0,0.00,0.0,0.0,,0.0
175,24,7.00,12,19.45,28.04,24.33,0.0,0.00,0.0,0.0,,0.0
175,1,1.00,12,18.80,27.10,23.74,0.0,0.00,0.0,-0.0,,0.0
175,2,1.00,12,18.05,26.18,23.13,0.0,0.00,0.0,-0.0,,0.0
175,3,1.00,12,17.96,25.35,22.58,0.0,0.00,0.0,-0.0,,0.0
175,4,1.00,12,17.12,24.51,22.00,0.0,0.00,0.0,-0.0,,0.0
175,5,1.00,12,17.09,23.75,21.48,0.0,0.00,0.0,-0.0,,0.0
175,6,1.00,12,17.05,23.07,21.01,0.0,0.00,0.0,-0.0,,0.0
175,7,1.00,12,17.44,22.51,20.63,0.0,0.13,0.0,-0.0,,0.0
175,8,1.00,12,17.42,23.82,22.24,0.0,537.23,0.0,0.0,,0.0
175,9,1.00,12,18.32,25.09,23.74,0.0,573.94,0.0,0.0,,0.0
175,10,1.00,12,20.61,26.63,25.46,0.0,576.55,0.0,0.0,,0.0
175,11,1.00,12,22.12,28.18,26.78,-546.16,512.95,0.0,0.0,,-546.16
175,12,1.00,12,22.87,29.62,26.78,-2428.05,462.99,0.0,0.0,,-2428.05
175,13,1.00,12,22.81,30.81,26.78,-2858.73,411.76,0.0,0.0,,-2858.73
175,14,1.00,12,22.87,31.84,26.78,-3081.73,387.28,0.0,0.0,,-3081.73
175,15,1.00,12,22.66,32.73,26.78,-3201.7,407.26,0.0,0.0,,-3201.7
175,16,1.00,12,22.37,33.47,26.78,-3232.65,445.98,0.0,0.0,,-3232.65
175,17,1.00,12,21.88,34.03,26.78,-3138.52,497.65,0.0,0.0,,-3138.52
175,18,1.00,12,21.43,34.37,26.78,-2931.29,529.44,0.0,0.0,,-2931.29
175,19,1.00,12,20.33,33.58,27.25,0.0,534.26,0.0,0.0,,0.0
175,20,1.00,12,18.98,32.26,26.67,0.0,186.28,0.0,0.0,,0.0
175,21,1.00,12,18.35,30.82,25.81,0.0,0.00,0.0,0.0,,0.0
175,22,1.00,12,17.72,29.47,24.95,0.0,0.00,0.0,0.0,,0.0
175,23,1.00,12,16.99,28.21,24.12,0.0,0.00,0.0,0.0,,0.0
175,24,1.00,12,17.24,27.12,23.41,0.0,0.00,0.0,0.0,,0.0
175,1,2.00,12,16.77,26.09,22.73,0.0,0.00,0.0,0.0,,0.0
175,2,2.00,12,16.21,25.10,22.05,0.0,0.00,0.0,0.0,,0.0
175,3,2.00,12,15.79,24.17,21.40,0.0,0.00,0.0,0.0,,0.0
175,4,2.00,12,15.45,23.30,20.79,0.0,0.00,0.0,0.0,,0.0
175,5,2.00,12,15.57,22.53,20.25,0.0,0.00,0.0,0.0,,0.0
175,6,2.00,12,14.70,21.73,19.67,0.0,0.00,0.0,0.0,,0.0
175,7,2.00,12,14.34,20.99,19.11,0.0,0.13,0.0,-0.0,,0.0
175,8,2.00,12,15.07,22.17,21.78,1662.71,537.23,0.0,0.0,,1662.71
175,9,2.00,12,16.81,23.50,22.88,0.0,573.94,0.0,0.0,,0.0
175,10,2.00,12,18.42,24.94,24.33,0.0,576.55,0.0,0.0,,0.0
175,11,2.00,12,20.06,26.45,25.90,0.0,512.95,0.0,0.0,,0.0
175,12,2.00,12,21.03,27.89,26.78,-880.68,462.99,0.0,0.0,,-880.68
175,13,2.00,12,21.48,29.17,26.78,-2226.01,411.76,0.0,0.0,,-2226.01
175,14,2.00,12,22.02,30.34,26.78,-2703.76,387.28,0.0,0.0,,-2703.76
175,15,2.00,12,22.40,31.43,26.78,-3041.64,407.26,0.0,0.0,,-3041.64
175,16,2.00,12,22.73,32.44,26.78,-3272.35,445.98,0.0,0.0,,-3272.35
175,17,2.00,12,22.55,33.25,26.78,-3290.29,497.65,0.0,0.0,,-3290.29
175,18,2.00,12,21.95,33.78,26.78,-3065.69,529.44,0.0,0.0,,-3065.69
175,19,2.00,12,21.29,33.11,27.36,0.0,534.26,0.0,0.0,,0.0
175,20,2.00,12,20.23,31.95,26.91,0.0,186.28,0.0,0.0,,0.0
175,21,2.00,12,19.53,30.64,26.13,0.0,0.00,0.0,0.0,,0.0
175,22,2.00,12,19.62,29.51,25.44,0.0,0.00,0.0,0.0,,0.0
175,23,2.00,12,19.37,28.47,24.79,0.0,0.00,0.0,0.0,,0.0
175,24,2.00,12,19.48,27.57,24.23,0.0,0.00,0.0,0.0,,0.0
175,1,3.00,12,19.38,26.74,23.72,0.0,0.00,0.0,-0.0,,0.0
175,2,3.00,12,19.26,25.98,23.24,0.0,0.00,0.0,-0.0,,0.0
175,3,3.00,12,19.40,25.32,22.83,0.0,0.00,0.0,-0.0,,0.0
175,4,3.00,12,19.00,24.67,22.41,0.0,0.00,0.0,-0.0,,0.0
175,5,3.00,12,19.40,24.13,22.08,0.0,0.00,0.0,-0.0,,0.0
175,6,3.00,12,18.13,23.49,21.63,0.0,0.00,0.0,-0.0,,0.0
175,7,3.00,12,17.33,22.84,21.15,0.0,0.13,0.0,-0.0,,0.0
175,8,3.00,12,17.35,24.63,23.10,0.0,537.23,0.0,0.0,,0.0
175,9,3.00,12,18.95,26.33,24.95,0.0,573.94,0.0,0.0,,0.0
175,10,3.00,12,20.32,28.06,26.80,0.0,576.55,0.0,0.0,,0.0
175,11,3.00,12,21.60,29.76,28.62,0.0,512.95,0.0,0.0,,0.0
175,12,3.00,12,22.09,31.38,30.34,0.0,462.99,0.0,0.0,,0.0
175,13,3.00,12,22.03,32.82,31.88,0.0,411.76,0.0,0.0,,0.0
175,14,3.00,12,22.16,34.14,33.28,0.0,387.28,0.0,0.0,,0.0
175,15,3.00,12,22.05,35.36,34.59,0.0,407.26,0.0,0.0,,0.0
175,16,3.00,12,21.78,36.46,35.76,0.0,445.98,0.0,0.0,,0.0
175,17,3.00,12,21.21,37.39,36.75,0.0,497.65,0.0,0.0,,0.0
175,18,3.00,12,20.58,38.09,37.51,0.0,529.44,0.0,0.0,,0.0
175,19,3.00,12,19.92,36.58,36.06,0.0,534.26,0.0,0.0,,0.0
175,20,3.00,12,19.31,34.94,34.46,0.0,186.28,0.0,0.0,,0.0
175,21,3.00,12,19.00,33.29,32.85,0.0,0.00,0.0,0.0,,0.0
175,22,3.00,12,19.19,31.86,31.47,0.0,0.00,0.0,0.0,,0.0
175,23,3.00,12,19.37,30.62,30.26,0.0,0.00,0.0,0.0,,0.0
175,24,3.00,12,18.88,29.45,29.12,0.0,0.00,0.0,0.0,,0.0
175,1,4.00,12,19.19,28.44,28.14,0.0,0.00,0.0,0.0,,0.0
175,2,4.00,12,18.79,27.47,27.21,0.0,0.00,0.0,0.0,,0.0
175,3,4.00,12,18.63,26.59,26.35,0.0,0.00,0.0,0.0,,0.0
175,4,4.00,12,18.11,25.74,25.51,0.0,0.00,0.0,0.0,,0.0
175,5,4.00,12,18.51,25.01,24.81,0.0,0.00,0.0,0.0,,0.0
175,6,4.00,12,18.35,24.34,24.16,0.0,0.00,0.0,0.0,,0.0
175,7,4.00,12,18.44,23.74,23.58,0.0,0.13,0.0,0.0,,0.0
175,8,4.00,12,18.89,25.61,25.46,0.0,537.23,0.0,0.0,,0.0
175,9,4.00,12,20.16,27.34,27.20,0.0,573.94,0.0,0.0,,0.0
175,10,4.00,12,20.83,29.00,28.88,0.0,576.55,0.0,0.0,,0.0
175,11,4.00,12,21.55,30.59,30.48,0.0,512.95,0.0,0.0,,0.0
175,12,4.00,12,22.03,32.12,32.01,0.0,462.99,0.0,0.0,,0.0
175,13,4.00,12,22.02,33.49,33.40,0.0,411.76,0.0,0.0,,0.0
175,14,4.00,12,22.34,34.76,34.68,0.0,387.28,0.0,0.0,,0.0
175,15,4.00,12,21.94,35.91,35.84,0.0,407.26,0.0,0.0,,0.0
175,16,4.00,12,21.76,36.96,36.89,0.0,445.98,0.0,0.0,,0.0
175,17,4.00,12,21.12,37.83,37.77,0.0,497.65,0.0,0.0,,0.0
175,18,4.00,12,20.52,38.48,38.43,0.0,529.44,0.0,0.0,,0.0
175,19,4.00,12,19.96,36.95,36.90,0.0,534.26,0.0,0.0,,0.0
175,20,4.00,12,19.64,35.31,35.26,0.0,186.28,0.0,0.0,,0.0
175,21,4.00,12,19.11,33.63,33.59,0.0,0.00,0.0,0.0,,0.0
175,22,4.00,12,19.00,32.15,32.11,0.0,0.00,0.0,0.0,,0.0
175,23,4.00,12,18.68,30.80,30.77,0.0,0.00,0.0,0.0,,0.0
175,24,4.00,12,17.93,29.52,29.48,0.0,0.00,0.0,0.0,,0.0
175,1,5.00,12,18.11,28.39,28.36,0.0,0.00,0.0,0.0,,0.0
175,2,5.00,12,17.39,27.30,27.27,0.0,0.00,0.0,0.0,,0.0
175,3,5.00,12,16.99,26.27,26.25,0.0,0.00,0.0,0.0,,0.0
175,4,5.00,12,16.44,25.29,25.27,0.0,0.00,0.0,0.0,,0.0
175,5,5.00,12,16.22,24.39,24.36,0.0,0.00,0.0,0.0,,0.0
175,6,5.00,12,15.79,23.52,23.50,0.0,0.00,0.0,0.0,,0.0
175,7,5.00,12,15.58,22.73,22.71,0.0,0.13,0.0,0.0,,0.0
175,8,5.00,12,15.46,23.68,23.67,0.0,537.23,0.0,0.0,,0.0
175,9,5.00,12,17.32,24.87,24.85,0.0,573.94,0.0,0.0,,0.0
175,10,5.00,12,18.83,26.17,26.16,0.0,576.55,0.0,0.0,,0.0
175,11,5.00,12,20.18,27.51,26.78,-1016.53,512.95,0.0,0.0,,-1016.53
175,12,5.00,12,21.30,28.85,26.78,-2273.34,462.99,0.0,0.0,,-2273.34
175,13,5.00,12,21.89,30.06,26.78,-2730.31,411.76,0.0,0.0,,-2730.31
175,14,5.00,12,22.78,31.23,26.78,-3109.54,387.28,0.0,0.0,,-3109.54
175,15,5.00,12,22.21,32.14,26.78,-3121.2,407.26,0.0,0.0,,-3121.2
175,16,5.00,12,21.83,32.89,26.78,-3108.46,445.98,0.0,0.0,,-3108.46
175,17,5.00,12,21.26,33.44,26.78,-2980.71,497.65,0.0,0.0,,-2980.71
175,18,5.00,12,20.45,33.71,26.78,-2676.44,529.44,0.0,0.0,,-2676.44
175,19,5.00,12,19.91,32.96,27.19,0.0,534.26,0.0,0.0,,0.0
175,20,5.00,12,19.50,31.77,26.68,0.0,186.28,0.0,0.0,,0.0
175,21,5.00,12,19.17,30.47,25.91,0.0,0.00,0.0,0.0,,0.0
175,22,5.00,12,18.69,29.26,25.14,0.0,0.00,0.0,0.0,,0.0
175,23,5.00,12,18.16,28.13,24.40,0.0,0.00,0.0,0.0,,0.0
175,24,5.00,12,17.28,27.03,23.65,0.0,0.00,0.0,0.0,,0.0
175,1,6.00,12,17.90,26.13,23.07,0.0,0.00,0.0,0.0,,0.0
175,2,6.00,12,17.60,25.27,22.50,0.0,0.00,0.0,0.0,,0.0
175,3,6.00,12,17.25,24.47,21.95,0.0,0.00,0.0,0.0,,0.0
175,4,6.00,12,16.15,23.62,21.33,0.0,0.00,0.0,0.0,,0.0
175,5,6.00,12,15.60,22.80,20.73,0.0,0.00,0.0,0.0,,0.0
175,6,6.00,12,16.35,22.16,20.28,0.0,0.00,0.0,-0.0,,0.0
175,7,6.00,12,16.89,21.63,19.93,0.0,0.13,0.0,-0.0,,0.0
175,8,6.00,12,17.72,23.61,22.06,0.0,537.23,0.0,0.0,,0.0
175,9,6.00,12,20.20,25.56,24.16,0.0,573.94,0.0,0.0,,0.0
175,10,6.00,12,21.15,27.44,26.16,0.0,576.55,0.0,0.0,,0.0
175,11,6.00,12,21.93,29.22,28.06,0.0,512.95,0.0,0.0,,0.0
175,12,6.00,12,23.22,31.01,29.95,0.0,462.99,0.0,0.0,,0.0
175,13,6.00,12,23.37,32.62,31.67,0.0,411.76,0.0,0.0,,0.0
175,14,6.00,12,23.79,34.11,33.25,0.0,387.28,0.0,0.0,,0.0
175,15,6.00,12,24.08,35.54,34.75,0.0,407.26,0.0,0.0,,0.0
175,16,6.00,12,24.33,36.87,36.16,0.0,445.98,0.0,0.0,,0.0
175,17,6.00,12,23.46,37.97,37.32,0.0,497.65,0.0,0.0,,0.0
175,18,6.00,12,22.74,38.81,38.22,0.0,529.44,0.0,0.0,,0.0
175,19,6.00,12,21.82,37.40,36.87,0.0,534.26,0.0,0.0,,0.0
175,20,6.00,12,20.59,35.78,35.29,0.0,186.28,0.0,0.0,,0.0
175,21,6.00,12,19.64,34.09,33.65,0.0,0.00,0.0,0.0,,0.0
175,22,6.00,12,19.25,32.57,32.17,0.0,0.00,0.0,0.0,,0.0
175,23,6.00,12,19.04,31.21,30.85,0.0,0.00,0.0,0.0,,0.0
175,24,6.00,12,18.44,29.93,29.60,0.0,0.00,0.0,0.0,,0.0
175,1,7.00,12,18.22,28.77,28.47,0.0,0.00,0.0,0.0,,0.0
175,2,7.00,12,17.62,27.66,27.39,0.0,0.00,0.0,0.0,,0.0
175,3,7.00,12,16.94,26.59,26.34,0.0,0.00,0.0,0.0,,0.0
175,4,7.00,12,16.33,25.56,25.34,0.0,0.00,0.0,0.0,,0.0
175,5,7.00,12,16.02,24.61,24.41,0.0,0.00,0.0,0.0,,0.0
175,6,7.00,12,15.64,23.72,23.53,0.0,0.00,0.0,0.0,,0.0
175,7,7.00,12,15.23,22.87,22.70,0.0,0.13,0.0,0.0,,0.0
175,8,7.00,12,16.42,24.61,24.45,0.0,537.23,0.0,0.0,,0.0
175,9,7.00,12,18.61,26.31,26.17,0.0,573.94,0.0,0.0,,0.0
175,10,7.00,12,20.35,28.06,27.93,0.0,576.55,0.0,0.0,,0.0
175,11,7.00,12,21.91,29.81,29.70,0.0,512.95,0.0,0.0,,0.0
175,12,7.00,12,22.93,31.52,31.41,0.0,462.99,0.0,0.0,,0.0
175,13,7.00,12,23.47,33.10,33.01,0.0,411.76,0.0,0.0,,0.0
175,14,7.00,12,24.52,34.64,34.55,0.0,387.28,0.0,0.0,,0.0
175,15,7.00,12,24.45,36.05,35.97,0.0,407.26,0.0,0.0,,0.0
175,16,7.00,12,24.39,37.33,37.26,0.0,445.98,0.0,0.0,,0.0
175,17,7.00,12,24.13,38.46,38.39,0.0,497.65,0.0,0.0,,0.0
175,18,7.00,12,23.68,39.35,39.29,0.0,529.44,0.0,0.0,,0.0
175,19,7.00,12,23.06,38.02,37.96,0.0,534.26,0.0,0.0,,0.0
175,20,7.00,12,22.22,36.50,36.45,0.0,186.28,0.0,0.0,,0.0
175,21,7.00,12,21.94,34.97,34.93,0.0,0.00,0.0,0.0,,0.0
175,22,7.00,12,21.33,33.56,33.52,0.0,0.00,0.0,0.0,,0.0
175,23,7.00,12,22.18,32.42,32.39,0.0,0.00,0.0,0.0,,0.0
175,24,7.00,12,21.73,31.35,31.32,0.0,0.00,0.0,0.0,,0.0
175,1,1.00,1,21.77,30.39,30.36,0.0,0.00,0.0,0.0,,0.0
175,2,1.00,1,22.13,29.57,29.54,0.0,0.00,0.0,0.0,,0.0
175,3,1.00,1,21.44,28.74,28.71,0.0,0.00,0.0,0.0,,0.0
175,4,1.00,1,20.83,27.93,27.90,0.0,0.00,0.0,0.0,,0.0
175,5,1.00,1,21.15,27.24,27.22,0.0,0.00,0.0,0.0,,0.0
175,6,1.00,1,20.72,26.56,26.54,0.0,0.00,0.0,0.0,,0.0
175,7,1.00,1,20.53,25.94,25.92,0.0,0.00,0.0,0.0,,0.0
175,8,1.00,1,20.78,27.07,27.05,0.0,320.54,0.0,0.0,,0.0
175,9,1.00,1,21.96,28.34,27.41,-1291.15,535.13,0.0,0.0,,-1291.15
175,10,1.00,1,22.88,29.62,27.41,-2299.04,523.84,0.0,0.0,,-2299.04
175,11,1.00,1,23.84,30.91,27.41,-2888.8,475.40,0.0,0.0,,-2888.8
175,12,1.00,1,23.69,31.99,27.41,-3066.66,411.04,0.0,0.0,,-3066.66
175,13,1.00,1,23.55,32.91,27.41,-3151.8,355.00,0.0,0.0,,-3151.8
175,14,1.00,1,23.78,33.73,27.41,-3248.68,316.31,0.0,0.0,,-3248.68
175,15,1.00,1,23.94,34.49,27.41,-3363.51,322.59,0.0,0.0,,-3363.51
175,16,1.00,1,24.05,35.20,27.41,-3463.28,365.70,0.0,0.0,,-3463.28
175,17,1.00,1,22.71,35.52,27.41,-3094.34,403.74,0.0,0.0,,-3094.34
175,18,1.00,1,21.22,35.48,27.41,-2561.77,417.10,0.0,0.0,,-2561.77
175,19,1.00,1,19.30,34.45,27.61,0.0,460.14,0.0,0.0,,0.0
175,20,1.00,1,17.29,33.00,26.93,0.0,278.25,0.0,0.0,,0.0
175,21,1.00,1,15.74,31.23,25.78,0.0,0.00,0.0,0.0,,0.0
175,22,1.00,1,14.48,29.53,24.60,0.0,0.00,0.0,0.0,,0.0
175,23,1.00,1,15.24,28.12,23.66,0.0,0.00,0.0,0.0,,0.0
175,24,1.00,1,15.48,26.89,22.85,0.0,0.00,0.0,0.0,,0.0
175,1,2.00,1,15.80,25.81,22.15,0.0,0.00,0.0,0.0,,0.0
175,2,2.00,1,16.02,24.86,21.54,0.0,0.00,0.0,0.0,,0.0
175,3,2.00,1,16.17,24.01,21.00,0.0,0.00,0.0,0.0,,0.0
175,4,2.00,1,16.90,23.32,20.59,0.0,0.00,0.0,0.0,,0.0
175,5,2.00,1,17.50,22.76,20.27,0.0,0.00,0.0,-0.0,,0.0
175,6,2.00,1,17.57,22.24,19.98,0.0,0.00,0.0,-0.0,,0.0
175,7,2.00,1,17.95,21.80,19.76,0.0,0.00,0.0,-0.0,,0.0
175,8,2.00,1,17.87,23.14,22.41,1401.28,320.54,0.0,0.0,,1401.28
175,9,2.00,1,19.02,24.56,23.70,0.0,535.13,0.0,0.0,,0.0
175,10,2.00,1,20.71,26.10,25.29,0.0,523.84,0.0,0.0,,0.0
175,11,2.00,1,22.04,27.65,26.94,0.0,475.40,0.0,0.0,,0.0
175,12,2.00,1,23.02,29.15,27.41,-1558.63,411.04,0.0,0.0,,-1558.63
175,13,2.00,1,23.24,30.44,27.41,-2535.99,355.00,0.0,0.0,,-2535.99
175,14,2.00,1,23.92,31.65,27.41,-3001.23,316.31,0.0,0.0,,-3001.23
175,15,2.00,1,23.36,32.59,27.41,-3064.78,322.59,0.0,0.0,,-3064.78
175,16,2.00,1,22.39,33.27,27.41,-2946.43,365.70,0.0,0.0,,-2946.43
175,17,2.00,1,21.59,33.71,27.41,-2727.62,403.74,0.0,0.0,,-2727.62
175,18,2.00,1,20.66,33.87,27.41,-2357.37,417.10,0.0,0.0,,-2357.37
175,19,2.00,1,19.04,32.95,27.55,0.0,460.14,0.0,0.0,,0.0
175,20,2.00,1,17.49,31.67,26.90,0.0,278.25,0.0,0.0,,0.0
175,21,2.00,1,16.27,30.08,25.81,0.0,0.00,0.0,0.0,,0.0
175,22,2.00,1,15.60,28.61,24.75,0.0,0.00,0.0,0.0,,0.0
175,23,2.00,1,16.15,27.37,23.88,0.0,0.00,0.0,0.0,,0.0
175,24,2.00,1,16.70,26.33,23.16,0.0,0.00,0.0,0.0,,0.0
175,1,3.00,1,17.11,25.43,22.56,0.0,0.00,0.0,0.0,,0.0
175,2,3.00,1,17.30,24.63,22.03,0.0,0.00,0.0,0.0,,0.0
175,3,3.00,1,17.45,23.92,21.56,0.0,0.00,0.0,0.0,,0.0
175,4,3.00,1,17.48,23.28,21.14,0.0,0.00,0.0,-0.0,,0.0
175,5,3.00,1,17.65,22.71,20.77,0.0,0.00,0.0,-0.0,,0.0
175,6,3.00,1,17.70,22.20,20.43,0.0,0.00,0.0,-0.0,,0.0
175,7,3.00,1,17.64,21.73,20.12,0.0,0.00,0.0,-0.0,,0.0
175,8,3.00,1,18.05,23.10,22.41,920.81,320.54,0.0,0.0,,920.81
175,9,3.00,1,19.23,24.57,23.82,0.0,535.13,0.0,0.0,,0.0
175,10,3.00,1,20.91,26.13,25.44,0.0,523.84,0.0,0.0,,0.0
175,11,3.00,1,22.67,27.79,27.18,0.0,475.40,0.0,0.0,,0.0
175,12,3.00,1,23.25,29.28,27.41,-1879.18,411.04,0.0,0.0,,-1879.18
175,13,3.00,1,23.23,30.54,27.41,-2594.73,355.00,0.0,0.0,,-2594.73
175,14,3.00,1,23.60,31.67,27.41,-2948.09,316.31,0.0,0.0,,-2948.09
175,15,3.00,1,23.31,32.61,27.41,-3062.52,322.59,0.0,0.0,,-3062.52
175,16,3.00,1,22.99,33.40,27.41,-3102.48,365.70,0.0,0.0,,-3102.48
175,17,3.00,1,22.67,34.00,27.41,-3017.14,403.74,0.0,0.0,,-3017.14
175,18,3.00,1,21.95,34.31,27.41,-2711.56,417.10,0.0,0.0,,-2711.56
175,19,3.00,1,21.40,33.58,27.85,0.0,460.14,0.0,0.0,,0.0
175,20,3.00,1,20.71,32.55,27.50,0.0,278.25,0.0,0.0,,0.0
175,21,3.00,1,20.27,31.28,26.76,0.0,0.00,0.0,0.0,,0.0
175,22,3.00,1,20.00,30.12,26.03,0.0,0.00,0.0,0.0,,0.0
175,23,3.00,1,20.63,29.16,25.46,0.0,0.00,0.0,0.0,,0.0
175,24,3.00,1,20.66,28.30,24.95,0.0,0.00,0.0,0.0,,0.0
175,1,4.00,1,20.25,27.48,24.45,0.0,0.00,0.0,0.0,,0.0
175,2,4.00,1,19.74,26.69,23.94,0.0,0.00,0.0,-0.0,,0.0
175,3,4.00,1,19.35,25.94,23.44,0.0,0.00,0.0,-0.0,,0.0
175,4,4.00,1,19.21,25.25,22.98,0.0,0.00,0.0,-0.0,,0.0
175,5,4.00,1,18.83,24.59,22.53,0.0,0.00,0.0,-0.0,,0.0
175,6,4.00,1,18.50,23.95,22.09,0.0,0.00,0.0,-0.0,,0.0
175,7,4.00,1,18.21,23.36,21.66,0.0,0.00,0.0,-0.0,,0.0
175,8,4.00,1,18.83,24.60,23.17,0.0,320.54,0.0,0.0,,0.0
175,9,4.00,1,20.45,26.03,24.81,0.0,535.13,0.0,0.0,,0.0
175,10,4.00,1,21.64,27.48,26.43,0.0,523.84,0.0,0.0,,0.0
175,11,4.00,1,22.56,28.90,27.41,-804.47,475.40,0.0,0.0,,-804.47
175,12,4.00,1,23.04,30.19,27.41,-2303.36,411.04,0.0,0.0,,-2303.36
175,13,4.00,1,23.37,31.36,27.41,-2793.32,355.00,0.0,0.0,,-2793.32
175,14,4.00,1,23.49,32.36,27.41,-3006.38,316.31,0.0,0.0,,-3006.38
175,15,4.00,1,23.50,33.24,27.41,-3155.48,322.59,0.0,0.0,,-3155.48
175,16,4.00,1,23.79,34.09,27.41,-3334.5,365.70,0.0,0.0,,-3334.5
175,17,4.00,1,23.14,34.65,27.41,-3165.74,403.74,0.0,0.0,,-3165.74
175,18,4.00,1,22.23,34.90,27.41,-2804.26,417.10,0.0,0.0,,-2804.26
175,19,4.00,1,21.18,34.09,27.83,0.0,460.14,0.0,0.0,,0.0
175,20,4.00,1,20.06,32.94,27.42,0.0,278.25,0.0,0.0,,0.0
175,21,4.00,1,18.91,31.49,26.54,0.0,0.00,0.0,0.0,,0.0
175,22,4.00,1,18.21,30.12,25.65,0.0,0.00,0.0,0.0,,0.0
175,23,4.00,1,18.31,28.93,24.89,0.0,0.00,0.0,0.0,,0.0
175,24,4.00,1,17.68,27.80,24.14,0.0,0.00,0.0,0.0,,0.0
175,1,5.00,1,16.94,26.71,23.39,0.0,0.00,0.0,0.0,,0.0
175,2,5.00,1,16.36,25.67,22.66,0.0,0.00,0.0,0.0,,0.0
175,3,5.00,1,15.94,24.70,21.97,0.0,0.00,0.0,0.0,,0.0
175,4,5.00,1,15.37,23.77,21.29,0.0,0.00,0.0,0.0,,0.0
175,5,5.00,1,16.02,23.00,20.75,0.0,0.00,0.0,-0.0,,0.0
175,6,5.00,1,16.80,22.40,20.36,0.0,0.00,0.0,-0.0,,0.0
175,7,5.00,1,17.70,21.94,20.09,0.0,0.00,0.0,-0.0,,0.0
175,8,5.00,1,18.54,23.39,22.41,822.23,320.54,0.0,0.0,,822.23
175,9,5.00,1,20.04,24.94,23.97,0.0,535.13,0.0,0.0,,0.0
175,10,5.00,1,21.65,26.57,25.69,0.0,523.84,0.0,0.0,,0.0
175,11,5.00,1,23.32,28.25,27.41,-90.2,475.40,0.0,0.0,,-90.2
175,12,5.00,1,23.17,29.63,27.41,-2121.79,411.04,0.0,0.0,,-2121.79
175,13,5.00,1,23.01,30.80,27.41,-2595.49,355.00,0.0,0.0,,-2595.49
175,14,5.00,1,22.85,31.77,27.41,-2780.14,316.31,0.0,0.0,,-2780.14
175,15,5.00,1,22.55,32.58,27.41,-2868.26,322.59,0.0,0.0,,-2868.26
175,16,5.00,1,22.52,33.32,27.41,-2972.15,365.70,0.0,0.0,,-2972.15
175,17,5.00,1,22.75,33.97,27.41,-3026.13,403.74,0.0,0.0,,-3026.13
175,18,5.00,1,22.21,34.34,27.41,-2776.11,417.10,0.0,0.0,,-2776.11
175,19,5.00,1,21.19,33.58,27.83,0.0,460.14,0.0,0.0,,0.0
175,20,5.00,1,20.06,32.48,27.42,0.0,278.25,0.0,0.0,,0.0
175,21,5.00,1,19.44,31.13,26.59,0.0,0.00,0.0,0.0,,0.0
175,22,5.00,1,19.47,29.93,25.84,0.0,0.00,0.0,0.0,,0.0
175,23,5.00,1,18.98,28.82,25.11,0.0,0.00,0.0,0.0,,0.0
175,24,5.00,1,19.23,27.86,24.50,0.0,0.00,0.0,0.0,,0.0
175,1,6.00,1,19.27,27.00,23.96,0.0,0.00,0.0,-0.0,,0.0
175,2,6.00,1,19.08,26.20,23.44,0.0,0.00,0.0,-0.0,,0.0
175,3,6.00,1,18.60,25.43,22.93,0.0,0.00,0.0,-0.0,,0.0
175,4,6.00,1,17.80,24.65,22.37,0.0,0.00,0.0,-0.0,,0.0
175,5,6.00,1,17.50,23.91,21.85,0.0,0.00,0.0,-0.0,,0.0
175,6,6.00,1,17.31,23.24,21.37,0.0,0.00,0.0,-0.0,,0.0
175,7,6.00,1,17.74,22.68,20.98,0.0,0.00,0.0,-0.0,,0.0
175,8,6.00,1,18.66,24.47,22.93,0.0,320.54,0.0,0.0,,0.0
175,9,6.00,1,20.45,26.29,24.89,0.0,535.13,0.0,0.0,,0.0
175,10,6.00,1,21.89,28.10,26.83,0.0,523.84,0.0,0.0,,0.0
175,11,6.00,1,23.22,29.91,28.76,0.0,475.40,0.0,0.0,,0.0
175,12,6.00,1,23.70,31.61,30.57,0.0,411.04,0.0,0.0,,0.0
175,13,6.00,1,23.71,33.16,32.21,0.0,355.00,0.0,0.0,,0.0
175,14,6.00,1,23.49,34.51,33.65,0.0,316.31,0.0,0.0,,0.0
175,15,6.00,1,23.33,35.75,34.97,0.0,322.59,0.0,0.0,,0.0
175,16,6.00,1,22.94,36.86,36.15,0.0,365.70,0.0,0.0,,0.0
175,17,6.00,1,22.80,37.82,37.17,0.0,403.74,0.0,0.0,,0.0
175,18,6.00,1,22.21,38.52,37.94,0.0,417.10,0.0,0.0,,0.0
175,19,6.00,1,21.66,37.10,36.57,0.0,460.14,0.0,0.0,,0.0
175,20,6.00,1,20.81,35.66,35.18,0.0,278.25,0.0,0.0,,0.0
175,21,6.00,1,20.76,34.12,33.69,0.0,0.00,0.0,0.0,,0.0
175,22,6.00,1,20.92,32.78,32.38,0.0,0.00,0.0,0.0,,0.0
175,23,6.00,1,21.63,31.67,31.31,0.0,0.00,0.0,0.0,,0.0
175,24,6.00,1,21.68,30.67,30.34,0.0,0.00,0.0,0.0,,0.0
175,1,7.00,1,21.98,29.81,29.51,0.0,0.00,0.0,0.0,,0.0
175,2,7.00,1,21.97,29.02,28.75,0.0,0.00,0.0,0.0,,0.0
175,3,7.00,1,21.91,28.30,28.05,0.0,0.00,0.0,0.0,,0.0
175,4,7.00,1,21.75,27.63,27.41,0.0,0.00,0.0,0.0,,0.0
175,5,7.00,1,21.65,27.01,26.81,0.0,0.00,0.0,0.0,,0.0
175,6,7.00,1,21.64,26.45,26.27,0.0,0.00,0.0,0.0,,0.0
175,7,7.00,1,21.85,25.97,25.80,0.0,0.00,0.0,-0.0,,0.0
175,8,7.00,1,21.66,27.70,27.55,0.0,320.54,0.0,0.0,,0.0
175,9,7.00,1,22.21,29.34,29.20,0.0,535.13,0.0,0.0,,0.0
175,10,7.00,1,22.89,30.92,30.80,0.0,523.84,0.0,0.0,,0.0
175,11,7.00,1,23.70,32.49,32.37,0.0,475.40,0.0,0.0,,0.0
175,12,7.00,1,23.61,33.91,33.81,0.0,411.04,0.0,0.0,,0.0
175,13,7.00,1,23.83,35.25,35.15,0.0,355.00,0.0,0.0,,0.0
175,14,7.00,1,23.65,36.42,36.33,0.0,316.31,0.0,0.0,,0.0
175,15,7.00,1,23.50,37.50,37.42,0.0,322.59,0.0,0.0,,0.0
175,16,7.00,1,22.96,38.44,38.37,0.0,365.70,0.0,0.0,,0.0
175,17,7.00,1,22.18,39.18,39.12,0.0,403.74,0.0,0.0,,0.0
175,18,7.00,1,21.26,39.66,39.60,0.0,417.10,0.0,0.0,,0.0
175,19,7.00,1,20.52,38.02,37.97,0.0,460.14,0.0,0.0,,0.0
175,20,7.00,1,19.69,36.39,36.34,0.0,278.25,0.0,0.0,,0.0
175,21,7.00,1,19.07,34.62,34.57,0.0,0.00,0.0,0.0,,0.0
175,22,7.00,1,18.93,33.03,32.99,0.0,0.00,0.0,0.0,,0.0
175,23,7.00,1,18.23,31.55,31.51,0.0,0.00,0.0,0.0,,0.0
175,24,7.00,1,17.70,30.17,30.14,0.0,0.00,0.0,0.0,,0.0
175,1,1.00,1,17.43,28.92,28.89,0.0,0.00,0.0,0.0,,0.0
175,2,1.00,1,17.08,27.75,27.72,0.0,0.00,0.0,0.0,,0.0
175,3,1.00,1,17.51,26.75,26.73,0.0,0.00,0.0,0.0,,0.0
175,4,1.00,1,18.22,25.93,25.90,0.0,0.00,0.0,0.0,,0.0
175,5,1.00,1,18.65,25.22,25.19,0.0,0.00,0.0,0.0,,0.0
175,6,1.00,1,18.95,24.60,24.58,0.0,0.00,0.0,0.0,,0.0
175,7,1.00,1,18.86,24.02,24.00,0.0,0.00,0.0,0.0,,0.0
175,8,1.00,1,19.03,25.18,25.16,0.0,320.54,0.0,0.0,,0.0
175,9,1.00,1,19.99,26.44,26.43,0.0,535.13,0.0,0.0,,0.0
175,10,1.00,1,21.35,27.79,27.41,-520.93,523.84,0.0,0.0,,-520.93
175,11,1.00,1,22.54,29.18,27.41,-2147.41,475.40,0.0,0.0,,-2147.41
175,12,1.00,1,22.73,30.38,27.41,-2599.57,411.04,0.0,0.0,,-2599.57
175,13,1.00,1,23.22,31.51,27.41,-2940.85,355.00,0.0,0.0,,-2940.85
175,14,1.00,1,23.76,32.55,27.41,-3173.47,316.31,0.0,0.0,,-3173.47
175,15,1.00,1,23.99,33.49,27.41,-3340.37,322.59,0.0,0.0,,-3340.37
175,16,1.00,1,23.85,34.30,27.41,-3394.47,365.70,0.0,0.0,,-3394.47
175,17,1.00,1,23.53,34.90,27.41,-3289.95,403.74,0.0,0.0,,-3289.95
175,18,1.00,1,22.85,35.21,27.41,-2983.77,417.10,0.0,0.0,,-2983.77
175,19,1.00,1,22.04,34.45,27.95,0.0,460.14,0.0,0.0,,0.0
175,20,1.00,1,21.29,33.39,27.66,0.0,278.25,0.0,0.0,,0.0
175,21,1.00,1,20.87,32.10,26.96,0.0,0.00,0.0,0.0,,0.0
175,22,1.00,1,20.88,30.94,26.30,0.0,0.00,0.0,0.0,,0.0
175,23,1.00,1,20.40,29.87,25.66,0.0,0.00,0.0,0.0,,0.0
175,24,1.00,1,20.95,28.97,25.17,0.0,0.00,0.0,0.0,,0.0
175,1,2.00,1,21.03,28.17,24.73,0.0,0.00,0.0,-0.0,,0.0
175,2,2.00,1,21.25,27.48,24.35,0.0,0.00,0.0,-0.0,,0.0
175,3,2.00,1,21.55,26.88,24.04,0.0,0.00,0.0,-0.0,,0.0
175,4,2.00,1,21.73,26.35,23.77,0.0,0.00,0.0,-0.0,,0.0
175,5,2.00,1,21.42,25.83,23.49,0.0,0.00,0.0,-0.0,,0.0
175,6,2.00,1,21.31,25.35,23.23,0.0,0.00,0.0,-0.0,,0.0
175,7,2.00,1,21.26,24.91,22.98,0.0,0.00,0.0,-0.0,,0.0
175,8,2.00,1,21.12,26.25,24.63,0.0,320.54,0.0,-87.8,,-87.8
175,9,2.00,1,22.18,27.67,26.28,0.0,535.13,0.0,0.0,,0.0
175,10,2.00,1,22.95,29.04,27.41,-602.14,523.84,0.0,0.0,,-602.14
175,11,2.00,1,23.35,30.31,27.41,-2253.37,475.40,0.0,0.0,,-2253.37
175,12,2.00,1,23.98,31.54,27.41,-2870.29,411.04,0.0,0.0,,-2870.29
175,13,2.00,1,24.26,32.64,27.41,-3194.27,355.00,0.0,0.0,,-3194.27
175,14,2.00,1,24.53,33.61,27.41,-3375.22,316.31,0.0,0.0,,-3375.22
175,15,2.00,1,24.56,34.47,27.41,-3495.96,322.59,0.0,-455.41,,-3951.37
175,16,2.00,1,24.76,35.27,27.41,-3635.78,365.70,0.0,0.0,,-3635.78
175,17,2.00,1,23.91,35.77,27.41,-3404.49,403.74,0.0,-227.14,,-3631.6299999999997
175,18,2.00,1,23.04,35.97,27.41,-3044.06,417.10,0.0,0.0,,-3044.06
175,19,2.00,1,21.79,35.12,27.93,0.0,460.14,0.0,0.0,,0.0
175,20,2.00,1,20.38,33.90,27.54,0.0,278.25,0.0,0.0,,0.0
175,21,2.00,1,19.13,32.38,26.66,0.0,0.00,0.0,0.0,,0.0
175,22,2.00,1,18.17,30.91,25.75,0.0,0.00,0.0,0.0,,0.0
175,23,2.00,1,17.35,29.54,24.87,0.0,0.00,0.0,0.0,,0.0
175,24,2.00,1,16.63,28.25,24.01,0.0,0.00,0.0,0.0,,0.0
175,1,3.00,1,16.85,27.12,23.29,0.0,0.00,0.0,0.0,,0.0
175,2,3.00,1,16.93,26.12,22.64,0.0,0.00,0.0,0.0,,0.0
175,3,3.00,1,16.85,25.21,22.05,0.0,0.00,0.0,0.0,,0.0
175,4,3.00,1,16.98,24.40,21.53,0.0,0.00,0.0,0.0,,0.0
175,5,3.00,1,16.95,23.66,21.06,0.0,0.00,0.0,-0.0,,0.0
175,6,3.00,1,16.82,22.97,20.61,0.0,0.00,0.0,-0.0,,0.0
175,7,3.00,1,17.59,22.44,20.30,0.0,0.00,0.0,-0.0,,0.0
175,8,3.00,1,18.51,23.80,22.41,584.5,320.54,0.0,0.0,,584.5
175,9,3.00,1,20.62,25.40,24.11,0.0,535.13,0.0,0.0,,0.0
175,10,3.00,1,22.15,27.03,25.89,0.0,523.84,0.0,0.0,,0.0
175,11,3.00,1,23.56,28.67,27.41,-376.15,475.40,0.0,0.0,,-376.15
175,12,3.00,1,24.72,30.26,27.41,-2568.83,411.04,0.0,0.0,,-2568.83
175,13,3.00,1,24.45,31.55,27.41,-3014.62,355.00,0.0,0.0,,-3014.62
175,14,3.00,1,24.30,32.62,27.41,-3198.23,316.31,0.0,0.0,,-3198.23
175,15,3.00,1,24.17,33.54,27.41,-3326.47,322.59,0.0,-418.72,,-3745.1899999999996
175,16,3.00,1,23.68,34.29,27.41,-3314.3,365.70,0.0,0.0,,-3314.3
175,17,3.00,1,22.99,34.79,27.41,-3125.3,403.74,0.0,0.0,,-3125.3
175,18,3.00,1,21.91,34.96,27.41,-2719.46,417.10,0.0,0.0,,-2719.46
175,19,3.00,1,21.09,34.15,27.82,0.0,460.14,0.0,0.0,,0.0
175,20,3.00,1,20.18,33.02,27.42,0.0,278.25,0.0,0.0,,0.0
175,21,3.00,1,19.69,31.65,26.63,0.0,0.00,0.0,0.0,,0.0
175,22,3.00,1,19.71,30.43,25.89,0.0,0.00,0.0,0.0,,0.0
175,23,3.00,1,19.30,29.30,25.20,0.0,0.00,0.0,0.0,,0.0
175,24,3.00,1,18.93,28.25,24.54,0.0,0.00,0.0,0.0,,0.0
175,1,4.00,1,18.94,27.32,23.95,0.0,0.00,0.0,0.0,,0.0
175,2,4.00,1,18.68,26.46,23.40,0.0,0.00,0.0,0.0,,0.0
175,3,4.00,1,18.33,25.64,22.86,0.0,0.00,0.0,0.0,,0.0
175,4,4.00,1,18.11,24.88,22.36,0.0,0.00,0.0,0.0,,0.0
175,5,4.00,1,17.64,24.14,21.86,0.0,0.00,0.0,-0.0,,0.0
175,6,4.00,1,17.08,23.42,21.34,0.0,0.00,0.0,0.0,,0.0
175,7,4.00,1,16.91,22.75,20.87,0.0,0.00,0.0,0.0,,0.0
175,8,4.00,1,17.94,23.96,22.41,49.82,320.54,0.0,0.0,,49.82
175,9,4.00,1,20.05,25.45,24.12,0.0,535.13,0.0,0.0,,0.0
175,10,4.00,1,21.55,26.99,25.84,0.0,523.84,0.0,0.0,,0.0
175,11,4.00,1,22.93,28.55,27.41,-197.02,475.40,0.0,0.0,,-197.02
175,12,4.00,1,24.00,30.06,27.41,-2386.31,411.04,0.0,0.0,,-2386.31
175,13,4.00,1,24.53,31.42,27.41,-3025.06,355.00,0.0,0.0,,-3025.06
175,14,4.00,1,25.38,32.71,27.41,-3472.07,316.31,0.0,0.0,,-3472.07
175,15,4.00,1,26.06,33.93,27.41,-3827.81,322.59,0.0,-736.63,,-4564.44
175,16,4.00,1,25.69,34.92,27.41,-3867.3,365.70,0.0,-356.41,,-4223.71
175,17,4.00,1,25.04,35.62,27.41,-3697.91,403.74,0.0,-123.1,,-3821.0099999999998
175,18,4.00,1,24.20,36.00,27.41,-3356.08,417.10,0.0,-452.9,,-3808.98
175,19,4.00,1,23.52,35.28,28.14,0.0,460.14,0.0,0.0,,0.0
175,20,4.00,1,22.60,34.26,27.96,0.0,278.25,0.0,0.0,,0.0
175,21,4.00,1,21.76,32.95,27.31,0.0,0.00,0.0,0.0,,0.0
175,22,4.00,1,21.51,31.76,26.67,0.0,0.00,0.0,0.0,,0.0
175,23,4.00,1,20.67,30.62,26.01,0.0,0.00,0.0,0.0,,0.0
175,24,4.00,1,19.88,29.52,25.35,0.0,0.00,0.0,0.0,,0.0
175,1,5.00,1,19.84,28.55,24.76,0.0,0.00,0.0,0.0,,0.0
175,2,5.00,1,19.49,27.63,24.20,0.0,0.00,0.0,-0.0,,0.0
175,3,5.00,1,18.94,26.75,23.64,0.0,0.00,0.0,0.0,,0.0
175,4,5.00,1,18.74,25.94,23.12,0.0,0.00,0.0,0.0,,0.0
175,5,5.00,1,18.71,25.21,22.65,0.0,0.00,0.0,-0.0,,0.0
175,6,5.00,1,18.26,24.50,22.18,0.0,0.00,0.0,-0.0,,0.0
175,7,5.00,1,17.95,23.83,21.72,0.0,0.00,0.0,-0.0,,0.0
175,8,5.00,1,19.17,25.07,23.29,0.0,320.54,0.0,0.0,,0.0
175,9,5.00,1,21.29,26.58,25.06,0.0,535.13,0.0,0.0,,0.0
175,10,5.00,1,22.23,28.03,26.72,0.0,523.84,0.0,0.0,,0.0
175,11,5.00,1,23.15,29.45,27.41,-1269.68,475.40,0.0,0.0,,-1269.68
175,12,5.00,1,23.84,30.79,27.41,-2584.61,411.04,0.0,0.0,,-2584.61
175,13,5.00,1,24.44,32.04,27.41,-3115.82,355.00,0.0,0.0,,-3115.82
175,14,5.00,1,25.10,33.19,27.41,-3460.44,316.31,0.0,0.0,,-3460.44
175,15,5.00,1,24.81,34.14,27.41,-3536.96,322.59,0.0,-433.04,,-3970.0
175,16,5.00,1,24.49,34.92,27.41,-3556.32,365.70,0.0,0.0,,-3556.32
175,17,5.00,1,23.96,35.48,27.41,-3404.46,403.74,0.0,0.0,,-3404.46
175,18,5.00,1,23.30,35.77,27.41,-3104.15,417.10,0.0,-5.43,,-3109.58
175,19,5.00,1,22.84,35.04,28.05,0.0,460.14,0.0,0.0,,0.0
175,20,5.00,1,22.19,34.02,27.84,0.0,278.25,0.0,0.0,,0.0
175,21,5.00,1,21.64,32.73,27.19,0.0,0.00,0.0,0.0,,0.0
175,22,5.00,1,21.43,31.56,26.56,0.0,0.00,0.0,0.0,,0.0
175,23,5.00,1,20.88,30.47,25.94,0.0,0.00,0.0,0.0,,0.0
175,24,5.00,1,20.62,29.47,25.37,0.0,0.00,0.0,0.0,,0.0
175,1,6.00,1,20.49,28.56,24.84,0.0,0.00,0.0,0.0,,0.0
175,2,6.00,1,20.23,27.72,24.35,0.0,0.00,0.0,0.0,,0.0
175,3,6.00,1,19.77,26.91,23.85,0.0,0.00,0.0,0.0,,0.0
175,4,6.00,1,19.12,26.11,23.34,0.0,0.00,0.0,-0.0,,0.0
175,5,6.00,1,18.62,25.34,22.82,0.0,0.00,0.0,-0.0,,0.0
175,6,6.00,1,18.35,24.63,22.34,0.0,0.00,0.0,-0.0,,0.0
175,7,6.00,1,19.03,24.07,21.99,0.0,0.00,0.0,-0.0,,0.0
175,8,6.00,1,19.05,25.74,23.86,0.0,320.54,0.0,0.0,,0.0
175,9,6.00,1,20.95,27.49,25.78,0.0,535.13,0.0,0.0,,0.0
175,10,6.00,1,22.19,29.21,27.66,0.0,523.84,0.0,0.0,,0.0
175,11,6.00,1,22.79,30.86,29.45,0.0,475.40,0.0,0.0,,0.0
175,12,6.00,1,23.50,32.45,31.17,0.0,411.04,0.0,0.0,,0.0
175,13,6.00,1,23.75,33.92,32.76,0.0,355.00,0.0,0.0,,0.0
175,14,6.00,1,24.09,35.27,34.22,0.0,316.31,0.0,0.0,,0.0
175,15,6.00,1,24.34,36.55,35.60,0.0,322.59,0.0,0.0,,0.0
175,16,6.00,1,24.79,37.78,36.92,0.0,365.70,0.0,0.0,,0.0
175,17,6.00,1,24.24,38.79,38.00,0.0,403.74,0.0,0.0,,0.0
175,18,6.00,1,23.90,39.56,38.85,0.0,417.10,0.0,0.0,,0.0
175,19,6.00,1,23.27,38.20,37.55,0.0,460.14,0.0,0.0,,0.0
175,20,6.00,1,22.42,36.80,36.21,0.0,278.25,0.0,0.0,,0.0
175,21,6.00,1,21.72,35.23,34.70,0.0,0.00,0.0,0.0,,0.0
175,22,6.00,1,21.36,33.81,33.32,0.0,0.00,0.0,0.0,,0.0
175,23,6.00,1,20.83,32.49,32.05,0.0,0.00,0.0,0.0,,0.0
175,24,6.00,1,20.24,31.26,30.86,0.0,0.00,0.0,0.0,,0.0
175,1,7.00,1,20.23,30.16,29.80,0.0,0.00,0.0,0.0,,0.0
175,2,7.00,1,20.10,29.16,28.83,0.0,0.00,0.0,0.0,,0.0
175,3,7.00,1,19.54,28.19,27.89,0.0,0.00,0.0,0.0,,0.0
175,4,7.00,1,19.12,27.28,27.01,0.0,0.00,0.0,0.0,,0.0
175,5,7.00,1,18.79,26.43,26.18,0.0,0.00,0.0,0.0,,0.0
175,6,7.00,1,18.61,25.64,25.42,0.0,0.00,0.0,0.0,,0.0
175,7,7.00,1,18.43,24.91,24.71,0.0,0.00,0.0,0.0,,0.0
175,8,7.00,1,19.07,26.52,26.33,0.0,320.54,0.0,0.0,,0.0
175,9,7.00,1,20.82,28.18,28.01,0.0,535.13,0.0,0.0,,0.0
175,10,7.00,1,21.96,29.81,29.66,0.0,523.84,0.0,0.0,,0.0
175,11,7.00,1,23.04,31.44,31.30,0.0,475.40,0.0,0.0,,0.0
175,12,7.00,1,23.78,33.01,32.88,0.0,411.04,0.0,0.0,,0.0
175,13,7.00,1,24.08,34.46,34.35,0.0,355.00,0.0,0.0,,0.0
175,14,7.00,1,24.46,35.80,35.70,0.0,316.31,0.0,0.0,,0.0
175,15,7.00,1,24.70,37.06,36.97,0.0,322.59,0.0,0.0,,0.0
175,16,7.00,1,24.98,38.26,38.18,0.0,365.70,0.0,0.0,,0.0
175,17,7.00,1,24.43,39.24,39.16,0.0,403.74,0.0,0.0,,0.0
175,18,7.00,1,23.92,39.97,39.90,0.0,417.10,0.0,0.0,,0.0
175,19,7.00,1,23.08,38.54,38.48,0.0,460.14,0.0,0.0,,0.0
175,20,7.00,1,21.88,37.06,37.00,0.0,278.25,0.0,0.0,,0.0
175,21,7.00,1,21.01,35.39,35.33,0.0,0.00,0.0,0.0,,0.0
175,22,7.00,1,20.44,33.86,33.81,0.0,0.00,0.0,0.0,,0.0
175,23,7.00,1,20.36,32.50,32.46,0.0,0.00,0.0,0.0,,0.0
175,24,7.00,1,19.62,31.21,31.17,0.0,0.00,0.0,0.0,,0.0
175,1,1.00,1,18.94,29.98,29.95,0.0,0.00,0.0,0.0,,0.0
175,2,1.00,1,18.45,28.84,28.80,0.0,0.00,0.0,0.0,,0.0
175,3,1.00,1,17.93,27.75,27.72,0.0,0.00,0.0,0.0,,0.0
175,4,1.00,1,16.90,26.66,26.63,0.0,0.00,0.0,0.0,,0.0
175,5,1.00,1,16.31,25.62,25.60,0.0,0.00,0.0,0.0,,0.0
175,6,1.00,1,15.44,24.60,24.58,0.0,0.00,0.0,0.0,,0.0
175,7,1.00,1,15.94,23.75,23.73,0.0,0.00,0.0,0.0,,0.0
175,8,1.00,1,16.74,24.61,24.59,0.0,320.54,0.0,0.0,,0.0
175,9,1.00,1,18.93,25.86,25.84,0.0,535.13,0.0,0.0,,0.0
175,10,1.00,1,20.37,27.18,27.17,0.0,523.84,0.0,0.0,,0.0
175,11,1.00,1,21.98,28.60,27.41,-1655.53,475.40,0.0,0.0,,-1655.53
175,12,1.00,1,23.02,29.98,27.41,-2573.0,411.04,0.0,0.0,,-2573.0
175,13,1.00,1,23.67,31.24,27.41,-3015.18,355.00,0.0,0.0,,-3015.18
175,14,1.00,1,24.34,32.41,27.41,-3310.09,316.31,0.0,0.0,,-3310.09
175,15,1.00,1,24.87,33.51,27.41,-3568.99,322.59,0.0,0.0,,-3568.99
175,16,1.00,1,24.63,34.42,27.41,-3607.55,365.70,0.0,0.0,,-3607.55
175,17,1.00,1,24.14,35.08,27.41,-3465.29,403.74,0.0,0.0,,-3465.29
175,18,1.00,1,23.77,35.50,27.41,-3235.81,417.10,0.0,-225.63,,-3461.44
175,19,1.00,1,23.24,34.82,28.10,0.0,460.14,0.0,0.0,,0.0
175,20,1.00,1,22.34,33.82,27.91,0.0,278.25,0.0,0.0,,0.0
175,21,1.00,1,21.77,32.56,27.26,0.0,0.00,0.0,0.0,,0.0
175,22,1.00,1,21.03,31.36,26.58,0.0,0.00,0.0,0.0,,0.0
175,23,1.00,1,21.44,30.35,26.02,0.0,0.00,0.0,0.0,,0.0
175,24,1.00,1,21.08,29.41,25.49,0.0,0.00,0.0,0.0,,0.0
175,1,2.00,1,20.52,28.50,24.95,0.0,0.00,0.0,0.0,,0.0
175,2,2.00,1,19.91,27.63,24.40,0.0,0.00,0.0,0.0,,0.0
175,3,2.00,1,19.07,26.75,23.83,0.0,0.00,0.0,0.0,,0.0
175,4,2.00,1,18.51,25.91,23.26,0.0,0.00,0.0,0.0,,0.0
175,5,2.00,1,18.29,25.13,22.73,0.0,0.00,0.0,0.0,,0.0
175,6,2.00,1,17.96,24.40,22.22,0.0,0.00,0.0,0.0,,0.0
175,7,2.00,1,17.32,23.68,21.69,0.0,0.00,0.0,-0.0,,0.0
175,8,2.00,1,17.99,24.73,23.07,0.0,320.54,0.0,0.0,,0.0
175,9,2.00,1,19.81,26.07,24.64,0.0,535.13,0.0,0.0,,0.0
175,10,2.00,1,21.01,27.43,26.20,0.0,523.84,0.0,0.0,,0.0
175,11,2.00,1,22.56,28.89,27.41,-570.46,475.40,0.0,0.0,,-570.46
175,12,2.00,1,24.07,30.38,27.41,-2523.74,411.04,0.0,0.0,,-2523.74
175,13,2.00,1,24.56,31.71,27.41,-3096.38,355.00,0.0,0.0,,-3096.38
175,14,2.00,1,25.17,32.92,27.41,-3454.27,316.31,0.0,0.0,,-3454.27
175,15,2.00,1,25.44,34.01,27.41,-3685.87,322.59,0.0,-983.42,,-4669.29
175,16,2.00,1,24.44,34.79,27.41,-3550.47,365.70,0.0,-90.13,,-3640.6
175,17,2.00,1,23.94,35.35,27.41,-3400.02,403.74,0.0,0.0,,-3400.02
175,18,2.00,1,23.42,35.68,27.41,-3135.01,417.10,0.0,-215.37,,-3350.38
175,19,2.00,1,22.83,34.95,28.05,0.0,460.14,0.0,0.0,,0.0
175,20,2.00,1,22.57,33.98,27.89,0.0,278.25,0.0,0.0,,0.0
175,21,2.00,1,22.44,32.79,27.32,0.0,0.00,0.0,0.0,,0.0
175,22,2.00,1,22.09,31.68,26.74,0.0,0.00,0.0,0.0,,0.0
175,23,2.00,1,22.08,30.69,26.23,0.0,0.00,0.0,0.0,,0.0
175,24,2.00,1,21.93,29.80,25.75,0.0,0.00,0.0,0.0,,0.0
175,1,3.00,1,21.81,28.99,25.32,0.0,0.00,0.0,-0.0,,0.0
175,2,3.00,1,21.91,28.27,24.94,0.0,0.00,0.0,-0.0,,0.0
175,3,3.00,1,21.92,27.62,24.60,0.0,0.00,0.0,-0.0,,0.0
175,4,3.00,1,21.87,27.03,24.29,0.0,0.00,0.0,-0.0,,0.0
175,5,3.00,1,21.93,26.50,24.01,0.0,0.00,0.0,-0.0,,0.0
175,6,3.00,1,21.37,25.95,23.70,0.0,0.00,0.0,-0.0,,0.0
175,7,3.00,1,21.45,25.47,23.43,0.0,0.00,0.0,-0.0,,0.0
175,8,3.00,1,21.30,26.75,25.03,0.0,320.54,0.0,0.0,,0.0
175,9,3.00,1,22.53,28.16,26.68,0.0,535.13,0.0,0.0,,0.0
175,10,3.00,1,23.36,29.52,27.41,-1176.29,523.84,0.0,0.0,,-1176.29
175,11,3.00,1,24.30,30.89,27.41,-2615.05,475.40,0.0,0.0,,-2615.05
175,12,3.00,1,24.35,32.07,27.41,-3040.47,411.04,0.0,-109.15,,-3149.62
175,13,3.00,1,24.56,33.13,27.41,-3316.41,355.00,0.0,0.0,,-3316.41
175,14,3.00,1,24.67,34.04,27.41,-3439.08,316.31,0.0,0.0,,-3439.08
175,15,3.00,1,24.82,34.88,27.41,-3580.03,322.59,0.0,-502.41,,-4082.44
175,16,3.00,1,24.22,35.52,27.41,-3512.57,365.70,0.0,0.0,,-3512.57
175,17,3.00,1,23.46,35.92,27.41,-3289.54,403.74,0.0,0.0,,-3289.54
175,18,3.00,1,22.65,36.05,27.41,-2939.82,417.10,0.0,0.0,,-2939.82
175,19,3.00,1,21.51,35.19,27.89,0.0,460.14,0.0,0.0,,0.0
175,20,3.00,1,20.04,33.93,27.47,0.0,278.25,0.0,0.0,,0.0
175,21,3.00,1,18.74,32.37,26.56,0.0,0.00,0.0,0.0,,0.0
175,22,3.00,1,17.86,30.88,25.64,0.0,0.00,0.0,0.0,,0.0
175,23,3.00,1,17.13,29.50,24.75,0.0,0.00,0.0,0.0,,0.0
175,24,3.00,1,17.75,28.34,24.04,0.0,0.00,0.0,0.0,,0.0
175,1,4.00,1,18.07,27.34,23.44,0.0,0.00,0.0,0.0,,0.0
175,2,4.00,1,18.49,26.47,22.94,0.0,0.00,0.0,0.0,,0.0
175,3,4.00,1,18.94,25.74,22.53,0.0,0.00,0.0,0.0,,0.0
175,4,4.00,1,19.26,25.10,22.19,0.0,0.00,0.0,0.0,,0.0
175,5,4.00,1,19.71,24.56,21.92,0.0,0.00,0.0,-0.0,,0.0
175,6,4.00,1,19.54,24.05,21.65,0.0,0.00,0.0,-0.0,,0.0
175,7,4.00,1,19.77,23.60,21.43,0.0,0.00,0.0,-0.0,,0.0
175,8,4.00,1,20.24,25.03,23.21,0.0,320.54,0.0,0.0,,0.0
175,9,4.00,1,21.95,26.63,25.06,0.0,535.13,0.0,0.0,,0.0
175,10,4.00,1,23.45,28.26,26.90,0.0,523.84,0.0,0.0,,0.0
175,11,4.00,1,24.44,29.83,27.41,-1747.19,475.40,0.0,0.0,,-1747.19
175,12,4.00,1,25.39,31.33,27.41,-3014.31,411.04,0.0,0.0,,-3014.31
175,13,4.00,1,24.78,32.50,27.41,-3242.91,355.00,0.0,0.0,,-3242.91
175,14,4.00,1,24.24,33.40,27.41,-3261.08,316.31,0.0,0.0,,-3261.08
175,15,4.00,1,23.62,34.12,27.41,-3226.77,322.59,0.0,0.0,,-3226.77
175,16,4.00,1,23.16,34.71,27.41,-3195.02,365.70,0.0,0.0,,-3195.02
175,17,4.00,1,22.29,35.05,27.41,-2950.29,403.74,0.0,0.0,,-2950.29
175,18,4.00,1,21.33,35.12,27.41,-2565.37,417.10,0.0,0.0,,-2565.37
175,19,4.00,1,20.25,34.23,27.71,0.0,460.14,0.0,0.0,,0.0
175,20,4.00,1,18.94,32.97,27.20,0.0,278.25,0.0,0.0,,0.0
175,21,4.00,1,17.84,31.42,26.24,0.0,0.00,0.0,0.0,,0.0
175,22,4.00,1,17.41,30.00,25.31,0.0,0.00,0.0,0.0,,0.0
175,23,4.00,1,16.95,28.69,24.45,0.0,0.00,0.0,0.0,,0.0
175,24,4.00,1,16.40,27.46,23.62,0.0,0.00,0.0,0.0,,0.0
175,1,5.00,1,16.66,26.40,22.92,0.0,0.00,0.0,0.0,,0.0
175,2,5.00,1,16.43,25.42,22.26,0.0,0.00,0.0,0.0,,0.0
175,3,5.00,1,16.03,24.49,21.62,0.0,0.00,0.0,0.0,,0.0
175,4,5.00,1,15.80,23.63,21.03,0.0,0.00,0.0,0.0,,0.0
175,5,5.00,1,15.95,22.87,20.51,0.0,0.00,0.0,0.0,,0.0
175,6,5.00,1,16.08,22.20,20.05,0.0,0.00,0.0,0.0,,0.0
175,7,5.00,1,16.26,21.61,19.66,0.0,0.00,0.0,0.0,,0.0
175,8,5.00,1,16.95,22.84,22.41,1699.0,320.54,0.0,0.0,,1699.0
175,9,5.00,1,18.76,24.30,23.65,0.0,535.13,0.0,0.0,,0.0
175,10,5.00,1,20.22,25.82,25.17,0.0,523.84,0.0,0.0,,0.0
175,11,5.00,1,21.70,27.38,26.80,0.0,475.40,0.0,0.0,,0.0
175,12,5.00,1,22.91,28.91,27.41,-1384.36,411.04,0.0,0.0,,-1384.36
175,13,5.00,1,23.65,30.32,27.41,-2615.16,355.00,0.0,0.0,,-2615.16
175,14,5.00,1,24.56,31.65,27.41,-3162.03,316.31,0.0,0.0,,-3162.03
175,15,5.00,1,25.22,32.91,27.41,-3549.55,322.59,0.0,0.0,,-3549.55
175,16,5.00,1,24.87,33.93,27.41,-3615.19,365.70,0.0,0.0,,-3615.19
175,17,5.00,1,24.18,34.65,27.41,-3445.6,403.74,0.0,0.0,,-3445.6
175,18,5.00,1,23.11,35.01,27.41,-3051.71,417.10,0.0,0.0,,-3051.71
175,19,5.00,1,22.09,34.25,27.96,0.0,460.14,0.0,0.0,,0.0
175,20,5.00,1,21.28,33.20,27.66,0.0,278.25,0.0,0.0,,0.0
175,21,5.00,1,20.60,31.89,26.93,0.0,0.00,0.0,0.0,,0.0
175,22,5.00,1,20.12,30.67,26.19,0.0,0.00,0.0,0.0,,0.0
175,23,5.00,1,20.17,29.60,25.55,0.0,0.00,0.0,0.0,,0.0
175,24,5.00,1,19.99,28.63,24.97,0.0,0.00,0.0,0.0,,0.0
175,1,6.00,1,19.73,27.74,24.41,0.0,0.00,0.0,0.0,,0.0
175,2,6.00,1,19.25,26.88,23.86,0.0,0.00,0.0,0.0,,0.0
175,3,6.00,1,18.87,26.07,23.33,0.0,0.00,0.0,0.0,,0.0
175,4,6.00,1,18.18,25.26,22.78,0.0,0.00,0.0,0.0,,0.0
175,5,6.00,1,17.38,24.45,22.20,0.0,0.00,0.0,-0.0,,0.0
175,6,6.00,1,16.82,23.67,21.63,0.0,0.00,0.0,0.0,,0.0
175,7,6.00,1,16.39,22.93,21.07,0.0,0.00,0.0,-0.0,,0.0
175,8,6.00,1,17.32,24.56,22.88,0.0,320.54,0.0,0.0,,0.0
175,9,6.00,1,19.15,26.26,24.73,0.0,535.13,0.0,0.0,,0.0
175,10,6.00,1,20.26,27.91,26.53,0.0,523.84,0.0,0.0,,0.0
175,11,6.00,1,22.44,29.69,28.43,0.0,475.40,0.0,0.0,,0.0
175,12,6.00,1,23.37,31.40,30.26,0.0,411.04,0.0,0.0,,0.0
175,13,6.00,1,24.18,33.03,32.00,0.0,355.00,0.0,0.0,,0.0
175,14,6.00,1,24.81,34.55,33.61,0.0,316.31,0.0,0.0,,0.0
175,15,6.00,1,25.68,36.04,35.19,0.0,322.59,0.0,0.0,,0.0
175,16,6.00,1,25.30,37.36,36.58,0.0,365.70,0.0,0.0,,0.0
175,17,6.00,1,24.74,38.44,37.74,0.0,403.74,0.0,0.0,,0.0
175,18,6.00,1,24.08,39.26,38.62,0.0,417.10,0.0,0.0,,0.0
175,19,6.00,1,23.52,37.94,37.36,0.0,460.14,0.0,0.0,,0.0
175,20,6.00,1,22.57,36.58,36.06,0.0,278.25,0.0,0.0,,0.0
175,21,6.00,1,21.71,35.03,34.55,0.0,0.00,0.0,0.0,,0.0
175,22,6.00,1,21.07,33.59,33.15,0.0,0.00,0.0,0.0,,0.0
175,23,6.00,1,20.63,32.27,31.88,0.0,0.00,0.0,0.0,,0.0
175,24,6.00,1,20.17,31.06,30.70,0.0,0.00,0.0,0.0,,0.0
175,1,7.00,1,19.88,29.94,29.62,0.0,0.00,0.0,0.0,,0.0
175,2,7.00,1,19.27,28.87,28.58,0.0,0.00,0.0,0.0,,0.0
175,3,7.00,1,18.88,27.87,27.61,0.0,0.00,0.0,0.0,,0.0
175,4,7.00,1,18.52,26.94,26.70,0.0,0.00,0.0,0.0,,0.0
175,5,7.00,1,18.22,26.07,25.84,0.0,0.00,0.0,0.0,,0.0
175,6,7.00,1,17.79,25.23,25.03,0.0,0.00,0.0,0.0,,0.0
175,7,7.00,1,17.35,24.44,24.25,0.0,0.00,0.0,0.0,,0.0
175,8,7.00,1,18.50,26.05,25.88,0.0,320.54,0.0,0.0,,0.0
175,9,7.00,1,20.52,27.73,27.58,0.0,535.13,0.0,0.0,,0.0
175,10,7.00,1,21.74,29.39,29.26,0.0,523.84,0.0,0.0,,0.0
175,11,7.00,1,22.90,31.05,30.93,0.0,475.40,0.0,0.0,,0.0
175,12,7.00,1,23.35,32.62,32.50,0.0,411.04,0.0,0.0,,0.0
175,13,7.00,1,24.32,34.14,34.04,0.0,355.00,0.0,0.0,,0.0
175,14,7.00,1,25.05,35.58,35.49,0.0,316.31,0.0,0.0,,0.0
175,15,7.00,1,25.73,36.97,36.89,0.0,322.59,0.0,0.0,,0.0
175,16,7.00,1,25.71,38.25,38.17,0.0,365.70,0.0,0.0,,0.0
175,17,7.00,1,25.59,39.34,39.27,0.0,403.74,0.0,0.0,,0.0
175,18,7.00,1,25.09,40.17,40.11,0.0,417.10,0.0,0.0,,0.0
175,19,7.00,1,24.60,38.88,38.82,0.0,460.14,0.0,0.0,,0.0
175,20,7.00,1,23.71,37.54,37.49,0.0,278.25,0.0,0.0,,0.0
175,21,7.00,1,23.13,36.03,35.98,0.0,0.00,0.0,0.0,,0.0
175,22,7.00,1,22.69,34.65,34.61,0.0,0.00,0.0,0.0,,0.0
175,23,7.00,1,23.39,33.52,33.48,0.0,0.00,0.0,0.0,,0.0
175,24,7.00,1,23.57,32.53,32.49,0.0,0.00,0.0,0.0,,0.0
175,1,1.00,1,23.50,31.62,31.59,0.0,0.00,0.0,0.0,,0.0
175,2,1.00,1,23.26,30.77,30.74,0.0,0.00,0.0,0.0,,0.0
175,3,1.00,1,23.10,29.99,29.97,0.0,0.00,0.0,0.0,,0.0
175,4,1.00,1,22.96,29.28,29.25,0.0,0.00,0.0,0.0,,0.0
175,5,1.00,1,22.85,28.62,28.59,0.0,0.00,0.0,0.0,,0.0
175,6,1.00,1,22.64,27.99,27.97,0.0,0.00,0.0,0.0,,0.0
175,7,1.00,1,22.41,27.41,27.39,0.0,0.00,0.0,0.0,,0.0
175,8,1.00,1,22.67,28.60,27.41,-1652.19,320.54,0.0,0.0,,-1652.19
175,9,1.00,1,24.13,29.98,27.41,-2577.15,535.13,0.0,-105.13,,-2682.28
175,10,1.00,1,24.48,31.23,27.41,-2994.31,523.84,0.0,-481.26,,-3475.5699999999997
175,11,1.00,1,25.62,32.55,27.41,-3509.68,475.40,0.0,-227.04,,-3736.72
175,12,1.00,1,25.64,33.67,27.41,-3678.93,411.04,0.0,-333.8,,-4012.73
175,13,1.00,1,25.53,34.63,27.41,-3748.24,355.00,0.0,0.0,,-3748.24
175,14,1.00,1,25.60,35.46,27.41,-3792.14,316.31,0.0,0.0,,-3792.14
175,15,1.00,1,25.87,36.26,27.41,-3924.2,322.59,0.0,-962.32,,-4886.5199999999995
175,16,1.00,1,25.16,36.83,27.41,-3811.64,365.70,0.0,-200.92,,-4012.56
175,17,1.00,1,24.30,37.16,27.41,-3547.34,403.74,0.0,-1.34,,-3548.6800000000003
175,18,1.00,1,23.21,37.19,27.41,-3117.27,417.10,0.0,-108.14,,-3225.41
175,19,1.00,1,22.17,36.28,27.98,0.0,460.14,0.0,0.0,,0.0
175,20,1.00,1,20.89,35.02,27.65,0.0,278.25,0.0,0.0,,0.0
175,21,1.00,1,19.86,33.46,26.84,0.0,0.00,0.0,0.0,,0.0
175,22,1.00,1,18.94,31.98,25.99,0.0,0.00,0.0,0.0,,0.0
175,23,1.00,1,18.43,30.61,25.19,0.0,0.00,0.0,0.0,,0.0
175,24,1.00,1,17.49,29.30,24.39,0.0,0.00,0.0,0.0,,0.0
175,1,2.00,1,17.30,28.11,23.66,0.0,0.00,0.0,0.0,,0.0
175,2,2.00,1,17.50,27.07,23.03,0.0,0.00,0.0,0.0,,0.0
175,3,2.00,1,17.36,26.12,22.45,0.0,0.00,0.0,0.0,,0.0
175,4,2.00,1,17.74,25.30,21.97,0.0,0.00,0.0,0.0,,0.0
175,5,2.00,1,17.69,24.54,21.53,0.0,0.00,0.0,0.0,,0.0
175,6,2.00,1,17.76,23.87,21.13,0.0,0.00,0.0,-0.0,,0.0
175,7,2.00,1,18.08,23.29,20.81,0.0,0.00,0.0,-0.0,,0.0
175,8,2.00,1,18.80,24.55,22.46,0.0,320.54,0.0,0.0,,0.0
175,9,2.00,1,20.56,26.02,24.23,0.0,535.13,0.0,0.0,,0.0
175,10,2.00,1,21.65,27.48,25.93,0.0,523.84,0.0,0.0,,0.0
175,11,2.00,1,22.55,28.89,27.41,-198.58,475.40,0.0,0.0,,-198.58
175,12,2.00,1,23.11,30.20,27.41,-2172.22,411.04,0.0,0.0,,-2172.22
175,13,2.00,1,23.75,31.44,27.41,-2820.32,355.00,0.0,0.0,,-2820.32
175,14,2.00,1,24.05,32.52,27.41,-3121.65,316.31,0.0,0.0,,-3121.65
175,15,2.00,1,24.53,33.55,27.41,-3412.76,322.59,0.0,0.0,,-3412.76
175,16,2.00,1,24.96,34.52,27.41,-3647.25,365.70,0.0,0.0,,-3647.25
175,17,2.00,1,24.65,35.25,27.41,-3576.39,403.74,0.0,0.0,,-3576.39
175,18,2.00,1,24.13,35.70,27.41,-3326.88,417.10,0.0,-223.66,,-3550.54
175,19,2.00,1,23.42,35.01,28.13,0.0,460.14,0.0,0.0,,0.0
175,20,2.00,1,22.45,34.00,27.94,0.0,278.25,0.0,0.0,,0.0
175,21,2.00,1,21.81,32.73,27.29,0.0,0.00,0.0,0.0,,0.0
175,22,2.00,1,21.20,31.53,26.62,0.0,0.00,0.0,0.0,,0.0
175,23,2.00,1,21.03,30.45,26.02,0.0,0.00,0.0,0.0,,0.0
175,24,2.00,1,20.19,29.41,25.39,0.0,0.00,0.0,0.0,,0.0
175,1,3.00,1,19.21,28.37,24.72,0.0,0.00,0.0,0.0,,0.0
175,2,3.00,1,18.55,27.37,24.07,0.0,0.00,0.0,0.0,,0.0
175,3,3.00,1,18.62,26.50,23.50,0.0,0.00,0.0,0.0,,0.0
175,4,3.00,1,18.71,25.72,23.00,0.0,0.00,0.0,0.0,,0.0
175,5,3.00,1,17.95,24.93,22.46,0.0,0.00,0.0,0.0,,0.0
175,6,3.00,1,17.49,24.17,21.93,0.0,0.00,0.0,0.0,,0.0
175,7,3.00,1,17.88,23.54,21.51,0.0,0.00,0.0,-0.0,,0.0
175,8,3.00,1,18.48,24.70,23.00,0.0,320.54,0.0,0.0,,0.0
175,9,3.00,1,20.38,26.13,24.67,0.0,535.13,0.0,0.0,,0.0
175,10,3.00,1,21.72,27.59,26.33,0.0,523.84,0.0,0.0,,0.0
175,11,3.00,1,22.69,29.02,27.41,-718.95,475.40,0.0,0.0,,-718.95
175,12,3.00,1,23.48,30.37,27.41,-2391.13,411.04,0.0,0.0,,-2391.13
175,13,3.00,1,24.12,31.64,27.41,-2982.71,355.00,0.0,0.0,,-2982.71
175,14,3.00,1,24.90,32.83,27.41,-3380.62,316.31,0.0,0.0,,-3380.62
175,15,3.00,1,25.81,34.02,27.41,-3774.25,322.59,0.0,-624.59,,-4398.84
175,16,3.00,1,25.13,34.91,27.41,-3732.34,365.70,0.0,0.0,,-3732.34
175,17,3.00,1,24.73,35.58,27.41,-3616.16,403.74,0.0,-121.33,,-3737.49
175,18,3.00,1,23.91,35.93,27.41,-3281.17,417.10,0.0,-394.35,,-3675.52
175,19,3.00,1,22.84,35.16,28.06,0.0,460.14,0.0,0.0,,0.0
175,20,3.00,1,22.38,34.14,27.88,0.0,278.25,0.0,0.0,,0.0
175,21,3.00,1,22.31,32.92,27.30,0.0,0.00,0.0,0.0,,0.0
175,22,3.00,1,21.65,31.75,26.68,0.0,0.00,0.0,0.0,,0.0
175,23,3.00,1,21.96,30.75,26.17,0.0,0.00,0.0,0.0,,0.0
175,24,3.00,1,21.85,29.85,25.69,0.0,0.00,0.0,0.0,,0.0
175,1,4.00,1,21.83,29.04,25.27,0.0,0.00,0.0,-0.0,,0.0
175,2,4.00,1,21.66,28.29,24.87,0.0,0.00,0.0,-0.0,,0.0
175,3,4.00,1,21.08,27.55,24.45,0.0,0.00,0.0,-0.0,,0.0
175,4,4.00,1,20.17,26.78,23.97,0.0,0.00,0.0,-0.0,,0.0
175,5,4.00,1,19.28,26.00,23.45,0.0,0.00,0.0,-0.0,,0.0
175,6,4.00,1,18.52,25.22,22.91,0.0,0.00,0.0,-0.0,,0.0
175,7,4.00,1,18.27,24.51,22.41,0.0,0.00,0.0,-0.0,,0.0
175,8,4.00,1,18.91,25.58,23.81,0.0,320.54,0.0,0.0,,0.0
175,9,4.00,1,20.84,26.94,25.43,0.0,535.13,0.0,0.0,,0.0
175,10,4.00,1,22.05,28.33,27.02,0.0,523.84,0.0,0.0,,0.0
175,11,4.00,1,23.22,29.73,27.41,-1673.63,475.40,0.0,0.0,,-1673.63
175,12,4.00,1,24.12,31.09,27.41,-2758.73,411.04,0.0,0.0,,-2758.73
175,13,4.00,1,25.00,32.39,27.41,-3318.47,355.00,0.0,0.0,,-3318.47
175,14,4.00,1,25.76,33.59,27.41,-3669.5,316.31,0.0,0.0,,-3669.5
175,15,4.00,1,26.36,34.74,27.41,-3964.15,322.59,0.0,-907.11,,-4871.26
175,16,4.00,1,25.88,35.64,27.41,-3954.73,365.70,0.0,-352.08,,-4306.81
175,17,4.00,1,25.52,36.32,27.41,-3847.0,403.74,0.0,-319.01,,-4166.01
175,18,4.00,1,24.93,36.72,27.41,-3567.35,417.10,0.0,-675.2,,-4242.55
175,19,4.00,1,24.41,36.03,28.26,0.0,460.14,0.0,0.0,,0.0
175,20,4.00,1,23.07,34.98,28.12,0.0,278.25,0.0,0.0,,0.0
175,21,4.00,1,22.27,33.65,27.50,0.0,0.00,0.0,0.0,,0.0
175,22,4.00,1,21.21,32.35,26.80,0.0,0.00,0.0,0.0,,0.0
175,23,4.00,1,20.83,31.17,26.15,0.0,0.00,0.0,0.0,,0.0
175,24,4.00,1,20.35,30.08,25.53,0.0,0.00,0.0,0.0,,0.0
175,1,5.00,1,19.86,29.05,24.92,0.0,0.00,0.0,0.0,,0.0
175,2,5.00,1,19.48,28.09,24.34,0.0,0.00,0.0,0.0,,0.0
175,3,5.00,1,19.11,27.18,23.79,0.0,0.00,0.0,0.0,,0.0
175,4,5.00,1,19.74,26.45,23.37,0.0,0.00,0.0,-0.0,,0.0
175,5,5.00,1,19.79,25.78,22.99,0.0,0.00,0.0,-0.0,,0.0
175,6,5.00,1,20.24,25.23,22.69,0.0,0.00,0.0,-0.0,,0.0
175,7,5.00,1,20.42,24.74,22.44,0.0,0.00,0.0,-0.0,,0.0
175,8,5.00,1,20.86,26.08,24.15,0.0,320.54,0.0,0.0,,0.0
175,9,5.00,1,22.60,27.62,25.96,0.0,535.13,0.0,0.0,,0.0
175,10,5.00,1,23.73,29.14,27.41,-411.88,523.84,0.0,0.0,,-411.88
175,11,5.00,1,24.73,30.62,27.41,-2521.57,475.40,0.0,0.0,,-2521.57
175,12,5.00,1,25.19,31.97,27.41,-3162.99,411.04,0.0,-245.4,,-3408.39
175,13,5.00,1,25.57,33.20,27.41,-3538.18,355.00,0.0,-141.6,,-3679.7799999999997
175,14,5.00,1,26.00,34.30,27.41,-3774.46,316.31,0.0,-435.81,,-4210.27
175,15,5.00,1,26.33,35.32,27.41,-3981.66,322.59,0.0,-1358.48,,-5340.139999999999
175,16,5.00,1,25.85,36.13,27.41,-3958.38,365.70,0.0,-560.25,,-4518.63
175,17,5.00,1,25.12,36.67,27.41,-3750.36,403.74,0.0,-267.5,,-4017.86
175,18,5.00,1,24.06,36.88,27.41,-3341.5,417.10,0.0,-324.76,,-3666.26
175,19,5.00,1,23.46,36.11,28.14,0.0,460.14,0.0,0.0,,0.0
175,20,5.00,1,22.30,34.98,27.94,0.0,278.25,0.0,0.0,,0.0
175,21,5.00,1,21.40,33.58,27.25,0.0,0.00,0.0,0.0,,0.0
175,22,5.00,1,20.80,32.26,26.55,0.0,0.00,0.0,0.0,,0.0
175,23,5.00,1,20.59,31.08,25.90,0.0,0.00,0.0,0.0,,0.0
175,24,5.00,1,20.04,29.96,25.28,0.0,0.00,0.0,0.0,,0.0
175,1,6.00,1,19.51,28.91,24.66,0.0,0.00,0.0,-0.0,,0.0
175,2,6.00,1,18.66,27.88,24.02,0.0,0.00,0.0,-0.0,,0.0
175,3,6.00,1,17.77,26.86,23.36,0.0,0.00,0.0,0.0,,0.0
175,4,6.00,1,17.22,25.89,22.72,0.0,0.00,0.0,0.0,,0.0
175,5,6.00,1,17.69,25.08,22.20,0.0,0.00,0.0,-0.0,,0.0
175,6,6.00,1,18.03,24.38,21.77,0.0,0.00,0.0,-0.0,,0.0
175,7,6.00,1,18.69,23.82,21.45,0.0,0.00,0.0,-0.0,,0.0
175,8,6.00,1,19.43,25.58,23.43,0.0,320.54,0.0,0.0,,0.0
175,9,6.00,1,21.14,27.36,25.41,0.0,535.13,0.0,0.0,,0.0
175,10,6.00,1,22.08,29.08,27.31,0.0,523.84,0.0,0.0,,0.0
175,11,6.00,1,22.67,30.74,29.13,0.0,475.40,0.0,0.0,,0.0
175,12,6.00,1,23.49,32.34,30.88,0.0,411.04,0.0,0.0,,0.0
175,13,6.00,1,24.25,33.88,32.56,0.0,355.00,0.0,0.0,,0.0
175,14,6.00,1,24.90,35.33,34.12,0.0,316.31,0.0,0.0,,0.0
175,15,6.00,1,25.93,36.77,35.68,0.0,322.59,0.0,0.0,,0.0
175,16,6.00,1,24.84,37.96,36.97,0.0,365.70,0.0,0.0,,0.0
175,17,6.00,1,23.64,38.87,37.97,0.0,403.74,0.0,0.0,,0.0
175,18,6.00,1,22.52,39.49,38.67,0.0,417.10,0.0,0.0,,0.0
175,19,6.00,1,21.25,37.92,37.18,0.0,460.14,0.0,0.0,,0.0
175,20,6.00,1,20.19,36.33,35.66,0.0,278.25,0.0,0.0,,0.0
175,21,6.00,1,19.55,34.61,33.99,0.0,0.00,0.0,0.0,,0.0
175,22,6.00,1,19.11,33.03,32.48,0.0,0.00,0.0,0.0,,0.0
175,23,6.00,1,18.44,31.57,31.06,0.0,0.00,0.0,0.0,,0.0
175,24,6.00,1,17.65,30.18,29.72,0.0,0.00,0.0,0.0,,0.0
175,1,7.00,1,16.82,28.85,28.44,0.0,0.00,0.0,0.0,,0.0
175,2,7.00,1,16.42,27.63,27.25,0.0,0.00,0.0,0.0,,0.0
175,3,7.00,1,15.76,26.46,26.11,0.0,0.00,0.0,0.0,,0.0
175,4,7.00,1,16.26,25.46,25.15,0.0,0.00,0.0,0.0,,0.0
175,5,7.00,1,17.07,24.66,24.38,0.0,0.00,0.0,0.0,,0.0
175,6,7.00,1,17.49,23.96,23.71,0.0,0.00,0.0,0.0,,0.0
175,7,7.00,1,18.02,23.39,23.15,0.0,0.00,0.0,0.0,,0.0
175,8,7.00,1,18.42,25.09,24.87,0.0,320.54,0.0,0.0,,0.0
175,9,7.00,1,20.39,26.85,26.66,0.0,535.13,0.0,0.0,,0.0
175,10,7.00,1,21.59,28.58,28.41,0.0,523.84,0.0,0.0,,0.0
175,11,7.00,1,22.62,30.29,30.13,0.0,475.40,0.0,0.0,,0.0
175,12,7.00,1,23.16,31.90,31.76,0.0,411.04,0.0,0.0,,0.0
175,13,7.00,1,23.53,33.41,33.28,0.0,355.00,0.0,0.0,,0.0
175,14,7.00,1,24.02,34.81,34.70,0.0,316.31,0.0,0.0,,0.0
175,15,7.00,1,24.62,36.17,36.06,0.0,322.59,0.0,0.0,,0.0
175,16,7.00,1,25.21,37.49,37.39,0.0,365.70,0.0,0.0,,0.0
175,17,7.00,1,25.78,38.69,38.60,0.0,403.74,0.0,0.0,,0.0
175,18,7.00,1,24.48,39.52,39.44,0.0,417.10,0.0,0.0,,0.0
175,19,7.00,1,23.30,38.15,38.07,0.0,460.14,0.0,0.0,,0.0
175,20,7.00,1,22.11,36.72,36.65,0.0,278.25,0.0,0.0,,0.0
175,21,7.00,1,21.27,35.10,35.04,0.0,0.00,0.0,0.0,,0.0
175,22,7.00,1,20.55,33.61,33.55,0.0,0.00,0.0,0.0,,0.0
175,23,7.00,1,20.21,32.25,32.20,0.0,0.00,0.0,0.0,,0.0
175,24,7.00,1,19.74,31.00,30.96,0.0,0.00,0.0,0.0,,0.0
175,1,1.00,2,19.06,29.81,29.77,0.0,0.00,0.0,0.0,,0.0
175,2,1.00,2,18.60,28.69,28.66,0.0,0.00,0.0,0.0,,0.0
175,3,1.00,2,17.66,27.59,27.55,0.0,0.00,0.0,0.0,,0.0
175,4,1.00,2,16.64,26.49,26.46,0.0,0.00,0.0,0.0,,0.0
175,5,1.00,2,15.66,25.40,25.37,0.0,0.00,0.0,0.0,,0.0
175,6,1.00,2,14.94,24.36,24.33,0.0,0.00,0.0,0.0,,0.0
175,7,1.00,2,15.78,23.52,23.50,0.0,0.00,0.0,0.0,,0.0
175,8,1.00,2,16.85,24.26,24.24,0.0,14.08,0.0,0.0,,0.0
175,9,1.00,2,19.30,25.49,25.47,0.0,331.64,0.0,0.0,,0.0
175,10,1.00,2,20.60,26.74,26.72,0.0,291.11,0.0,0.0,,0.0
175,11,1.00,2,22.05,28.06,26.98,-1499.77,208.89,0.0,0.0,,-1499.77
175,12,1.00,2,23.05,29.39,26.98,-2461.72,213.32,0.0,0.0,,-2461.72
175,13,1.00,2,23.88,30.72,26.98,-3031.13,230.62,0.0,0.0,,-3031.13
175,14,1.00,2,24.66,31.99,26.98,-3429.02,228.67,0.0,0.0,,-3429.02
175,15,1.00,2,25.68,33.24,26.98,-3815.96,227.17,0.0,-990.83,,-4806.79
175,16,1.00,2,26.51,34.43,26.98,-4103.3,224.49,0.0,-369.53,,-4472.83
175,17,1.00,2,26.08,35.28,26.98,-3960.77,212.98,0.0,-563.11,,-4523.88
175,18,1.00,2,25.21,35.76,26.98,-3596.08,209.93,0.0,-825.9,,-4421.98
175,19,1.00,2,24.31,34.97,27.70,0.0,244.98,0.0,0.0,,0.0
175,20,1.00,2,23.14,33.87,27.48,0.0,116.34,0.0,0.0,,0.0
175,21,1.00,2,22.17,32.63,26.91,0.0,0.00,0.0,0.0,,0.0
175,22,1.00,2,21.31,31.45,26.28,0.0,0.00,0.0,0.0,,0.0
175,23,1.00,2,21.10,30.39,25.71,0.0,0.00,0.0,0.0,,0.0
175,24,1.00,2,20.91,29.43,25.19,0.0,0.00,0.0,0.0,,0.0
176,1,1.00,1,18.97,24.26,24.28,0.0,0.00,0.0,-0.0,,0.0
176,2,1.00,1,18.43,23.94,23.96,0.0,0.00,0.0,0.0,,0.0
176,3,1.00,1,17.89,23.62,23.64,0.0,0.00,0.0,0.0,,0.0
176,4,1.00,1,18.44,23.36,23.39,0.0,0.00,0.0,0.0,,0.0
176,5,1.00,1,18.59,23.12,23.15,0.0,0.00,0.0,-0.0,,0.0
176,6,1.00,1,19.25,22.94,22.96,0.0,0.00,0.0,-0.0,,0.0
176,7,1.00,1,19.96,22.79,22.82,0.0,0.00,0.0,-0.0,,0.0
176,8,1.00,1,20.74,23.23,23.25,0.0,0.00,0.0,-389.18,,-389.18
176,9,1.00,1,22.89,23.60,23.62,0.0,0.00,0.0,-423.66,,-423.66
176,10,1.00,1,24.44,24.00,24.03,0.0,0.00,0.0,-393.93,,-393.93
176,11,1.00,1,25.80,24.48,24.51,0.0,0.00,0.0,-691.6,,-691.6
176,12,1.00,1,27.16,25.04,25.07,0.0,0.00,0.0,-682.25,,-682.25
176,13,1.00,1,26.70,25.49,25.52,0.0,0.00,0.0,-1025.85,,-1025.85
176,14,1.00,1,25.91,25.87,25.89,0.0,0.00,0.0,-804.62,,-804.62
176,15,1.00,1,25.56,26.22,26.25,0.0,0.00,0.0,-3.4,,-3.4
176,16,1.00,1,25.00,26.51,26.53,0.0,0.00,0.0,0.0,,0.0
176,17,1.00,1,24.59,26.73,26.76,0.0,0.00,0.0,0.0,,0.0
176,18,1.00,1,24.07,26.86,26.88,0.0,0.00,0.0,0.0,,0.0
176,19,1.00,1,23.35,26.41,26.43,0.0,0.00,0.0,0.0,,0.0
176,20,1.00,1,22.69,26.14,26.17,0.0,0.00,0.0,0.0,,0.0
176,21,1.00,1,22.27,25.89,25.91,0.0,0.00,0.0,0.0,,0.0
176,22,1.00,1,21.70,25.61,25.64,0.0,0.00,0.0,0.0,,0.0
176,23,1.00,1,21.51,25.35,25.37,0.0,0.00,0.0,0.0,,0.0
176,24,1.00,1,20.74,25.06,25.09,0.0,0.00,0.0,0.0,,0.0
176,1,2.00,1,20.37,24.78,24.81,0.0,0.00,0.0,-0.0,,0.0
176,2,2.00,1,19.85,24.50,24.52,0.0,0.00,0.0,0.0,,0.0
176,3,2.00,1,19.16,24.20,24.23,0.0,0.00,0.0,-0.0,,0.0
176,4,2.00,1,18.59,23.90,23.93,0.0,0.00,0.0,-0.0,,0.0
176,5,2.00,1,18.36,23.62,23.64,0.0,0.00,0.0,-0.0,,0.0
176,6,2.00,1,18.16,23.35,23.37,0.0,0.00,0.0,-0.0,,0.0
176,7,2.00,1,17.94,23.08,23.11,0.0,0.00,0.0,0.0,,0.0
176,8,2.00,1,18.89,23.34,23.37,0.0,0.00,0.0,0.0,,0.0
176,9,2.00,1,21.01,23.61,23.63,0.0,0.00,0.0,-129.42,,-129.42
176,10,2.00,1,22.59,23.93,23.95,0.0,0.00,0.0,-130.17,,-130.17
176,11,2.00,1,23.70,24.31,24.33,0.0,0.00,0.0,-351.44,,-351.44
176,12,2.00,1,24.29,24.72,24.74,0.0,0.00,0.0,-277.68,,-277.68
176,13,2.00,1,25.31,25.20,25.22,0.0,0.00,0.0,-708.78,,-708.78
176,14,2.00,1,26.02,25.69,25.72,0.0,0.00,0.0,-657.76,,-657.76
176,15,2.00,1,26.67,26.19,26.21,0.0,0.00,0.0,-181.84,,-181.84
176,16,2.00,1,27.40,26.68,26.70,0.0,0.00,0.0,-181.21,,-181.21
176,17,2.00,1,26.97,27.02,27.04,0.0,0.00,0.0,-117.19,,-117.19
176,18,2.00,1,25.92,27.20,27.22,0.0,0.00,0.0,0.0,,0.0
176,19,2.00,1,25.63,26.78,26.80,0.0,0.00,0.0,0.0,,0.0
176,20,2.00,1,24.53,26.55,26.57,0.0,0.00,0.0,0.0,,0.0
176,21,2.00,1,23.72,26.32,26.34,0.0,0.00,0.0,0.0,,0.0
176,22,2.00,1,22.87,26.06,26.08,0.0,0.00,0.0,0.0,,0.0
176,23,2.00,1,22.36,25.80,25.82,0.0,0.00,0.0,0.0,,0.0
176,24,2.00,1,21.21,25.50,25.52,0.0,0.00,0.0,-0.0,,0.0
176,1,3.00,1,20.48,25.19,25.21,0.0,0.00,0.0,-0.0,,0.0
176,2,3.00,1,19.93,24.89,24.91,0.0,0.00,0.0,-0.0,,0.0
176,3,3.00,1,19.74,24.60,24.62,0.0,0.00,0.0,0.0,,0.0
176,4,3.00,1,19.00,24.29,24.32,0.0,0.00,0.0,-0.0,,0.0
176,5,3.00,1,18.30,23.98,24.00,0.0,0.00,0.0,-0.0,,0.0
176,6,3.00,1,17.77,23.66,23.69,0.0,0.00,0.0,-0.0,,0.0
176,7,3.00,1,17.39,23.36,23.38,0.0,0.00,0.0,0.0,,0.0
176,8,3.00,1,18.49,23.80,23.82,0.0,0.00,0.0,0.0,,0.0
176,9,3.00,1,20.42,24.01,24.04,0.0,0.00,0.0,-0.0,,0.0
176,10,3.00,1,22.69,24.30,24.32,0.0,0.00,0.0,-0.0,,0.0
176,11,3.00,1,23.77,24.64,24.67,0.0,0.00,0.0,-0.0,,0.0
176,12,3.00,1,24.96,25.07,25.09,0.0,0.00,0.0,-0.0,,0.0
176,13,3.00,1,25.82,25.54,25.56,0.0,0.00,0.0,-0.0,,0.0
176,14,3.00,1,26.46,26.03,26.05,0.0,0.00,0.0,-0.0,,0.0
176,15,3.00,1,26.98,26.51,26.53,0.0,0.00,0.0,-0.0,,0.0
176,16,3.00,1,27.47,26.98,27.00,0.0,0.00,0.0,-0.0,,0.0
176,17,3.00,1,26.86,27.33,27.35,0.0,0.00,0.0,-0.0,,0.0
176,18,3.00,1,25.87,27.55,27.58,0.0,0.00,0.0,-0.0,,0.0
176,19,3.00,1,25.08,27.02,27.05,0.0,0.00,0.0,0.0,,0.0
176,20,3.00,1,24.16,26.76,26.78,0.0,0.00,0.0,0.0,,0.0
176,21,3.00,1,23.24,26.50,26.52,0.0,0.00,0.0,0.0,,0.0
176,22,3.00,1,22.35,26.21,26.23,0.0,0.00,0.0,0.0,,0.0
176,23,3.00,1,21.36,25.90,25.92,0.0,0.00,0.0,0.0,,0.0
176,24,3.00,1,21.01,25.60,25.62,0.0,0.00,0.0,0.0,,0.0
176,1,4.00,1,20.07,25.27,25.30,0.0,0.00,0.0,-0.0,,0.0
176,2,4.00,1,19.51,24.95,24.97,0.0,0.00,0.0,0.0,,0.0
176,3,4.00,1,19.02,24.63,24.65,0.0,0.00,0.0,0.0,,0.0
176,4,4.00,1,17.55,24.26,24.28,0.0,0.00,0.0,0.0,,0.0
176,5,4.00,1,17.86,23.95,23.97,0.0,0.00,0.0,0.0,,0.0
176,6,4.00,1,19.61,23.76,23.78,0.0,0.00,0.0,-0.0,,0.0
176,7,4.00,1,20.41,23.60,23.63,0.0,0.00,0.0,-0.0,,0.0
176,8,4.00,1,20.77,24.12,24.15,0.0,0.00,0.0,-0.0,,0.0
176,9,4.00,1,22.25,24.39,24.41,0.0,0.00,0.0,-0.0,,0.0
176,10,4.00,1,24.22,24.71,24.73,0.0,0.00,0.0,-0.0,,0.0
176,11,4.00,1,26.09,25.14,25.16,0.0,0.00,0.0,-0.0,,0.0
176,12,4.00,1,27.11,25.62,25.64,0.0,0.00,0.0,-0.0,,0.0
176,13,4.00,1,25.97,26.03,26.05,0.0,0.00,0.0,-0.0,,0.0
176,14,4.00,1,26.04,26.46,26.48,0.0,0.00,0.0,-0.0,,0.0
176,15,4.00,1,25.82,26.85,26.87,0.0,0.00,0.0,-0.0,,0.0
176,16,4.00,1,24.64,27.15,27.17,0.0,0.00,0.0,-0.0,,0.0
176,17,4.00,1,24.20,27.38,27.40,0.0,0.00,0.0,0.0,,0.0
176,18,4.00,1,24.00,27.54,27.56,0.0,0.00,0.0,0.0,,0.0
176,19,4.00,1,22.85,26.92,26.94,0.0,0.00,0.0,0.0,,0.0
176,20,4.00,1,22.21,26.59,26.62,0.0,0.00,0.0,0.0,,0.0
176,21,4.00,1,21.60,26.29,26.31,0.0,0.00,0.0,0.0,,0.0
176,22,4.00,1,20.90,25.97,25.99,0.0,0.00,0.0,0.0,,0.0
176,23,4.00,1,20.63,25.66,25.68,0.0,0.00,0.0,0.0,,0.0
176,24,4.00,1,20.44,25.36,25.39,0.0,0.00,0.0,0.0,,0.0
176,1,5.00,1,20.28,25.08,25.11,0.0,0.00,0.0,0.0,,0.0
176,2,5.00,1,20.08,24.81,24.83,0.0,0.00,0.0,0.0,,0.0
176,3,5.00,1,20.00,24.56,24.58,0.0,0.00,0.0,0.0,,0.0
176,4,5.00,1,19.94,24.32,24.34,0.0,0.00,0.0,0.0,,0.0
176,5,5.00,1,19.91,24.09,24.11,0.0,0.00,0.0,0.0,,0.0
176,6,5.00,1,19.59,23.86,23.88,0.0,0.00,0.0,0.0,,0.0
176,7,5.00,1,19.10,23.62,23.64,0.0,0.00,0.0,0.0,,0.0
176,8,5.00,1,19.85,23.91,23.93,0.0,0.00,0.0,-403.21,,-403.21
176,9,5.00,1,21.53,24.15,24.17,0.0,0.00,0.0,-467.69,,-467.69
176,10,5.00,1,23.47,24.50,24.52,0.0,0.00,0.0,-731.61,,-731.61
176,11,5.00,1,24.36,24.88,24.90,0.0,0.00,0.0,-382.78,,-382.78
176,12,5.00,1,25.29,25.32,25.34,0.0,0.00,0.0,-301.87,,-301.87
176,13,5.00,1,26.04,25.79,25.81,0.0,0.00,0.0,-939.69,,-939.69
176,14,5.00,1,26.69,26.28,26.30,0.0,0.00,0.0,-138.66,,-138.66
176,15,5.00,1,27.34,26.78,26.80,0.0,0.00,0.0,0.0,,0.0
176,16,5.00,1,28.02,27.27,27.29,0.0,0.00,0.0,0.0,,0.0
176,17,5.00,1,27.53,27.60,27.41,-534.42,0.00,0.0,0.0,,-534.42
176,18,5.00,1,26.97,27.83,27.41,-943.98,0.00,0.0,0.0,,-943.98
176,19,5.00,1,26.12,27.37,27.25,0.0,0.00,0.0,0.0,,0.0
176,20,5.00,1,24.81,27.12,27.06,0.0,0.00,0.0,0.0,,0.0
176,21,5.00,1,23.91,26.87,26.83,0.0,0.00,0.0,0.0,,0.0
176,22,5.00,1,23.11,26.60,26.56,0.0,0.00,0.0,0.0,,0.0
176,23,5.00,1,23.40,26.38,26.34,0.0,0.00,0.0,-0.0,,0.0
176,24,5.00,1,22.64,26.12,26.09,0.0,0.00,0.0,-0.0,,0.0
176,1,6.00,1,21.92,25.85,25.82,0.0,0.00,0.0,0.0,,0.0
176,2,6.00,1,21.01,25.55,25.52,0.0,0.00,0.0,-0.0,,0.0
176,3,6.00,1,20.24,25.24,25.22,0.0,0.00,0.0,0.0,,0.0
176,4,6.00,1,19.60,24.93,24.91,0.0,0.00,0.0,0.0,,0.0
176,5,6.00,1,20.15,24.69,24.67,0.0,0.00,0.0,0.0,,0.0
176,6,6.00,1,20.69,24.48,24.46,0.0,0.00,0.0,-0.0,,0.0
176,7,6.00,1,20.95,24.29,24.28,0.0,0.00,0.0,-0.0,,0.0
176,8,6.00,1,21.71,24.67,24.66,0.0,0.00,0.0,-752.52,,-752.52
176,9,6.00,1,23.26,24.95,24.94,0.0,0.00,0.0,-567.8,,-567.8
176,10,6.00,1,24.66,25.28,25.27,0.0,0.00,0.0,-567.74,,-567.74
176,11,6.00,1,25.48,25.65,25.64,0.0,0.00,0.0,-84.64,,-84.64
176,12,6.00,1,25.78,26.03,26.02,0.0,0.00,0.0,0.0,,0.0
176,13,6.00,1,26.39,26.47,26.46,0.0,0.00,0.0,-314.67,,-314.67
176,14,6.00,1,26.73,26.90,26.89,0.0,0.00,0.0,0.0,,0.0
176,15,6.00,1,27.21,27.34,27.34,0.0,0.00,0.0,0.0,,0.0
176,16,6.00,1,26.84,27.68,27.41,-679.48,0.00,0.0,0.0,,-679.48
176,17,6.00,1,26.31,27.93,27.41,-1109.39,0.00,0.0,0.0,,-1109.39
176,18,6.00,1,25.54,28.05,27.41,-1209.93,0.00,0.0,0.0,,-1209.93
176,19,6.00,1,25.21,27.62,27.38,0.0,0.00,0.0,0.0,,0.0
176,20,6.00,1,24.45,27.37,27.22,0.0,0.00,0.0,0.0,,0.0
176,21,6.00,1,23.80,27.12,27.00,0.0,0.00,0.0,0.0,,0.0
176,22,6.00,1,23.43,26.86,26.75,0.0,0.00,0.0,0.0,,0.0
176,23,6.00,1,23.29,26.62,26.52,0.0,0.00,0.0,0.0,,0.0
176,24,6.00,1,22.74,26.36,26.26,0.0,0.00,0.0,0.0,,0.0
176,1,7.00,1,22.11,26.09,26.00,0.0,0.00,0.0,0.0,,0.0
176,2,7.00,1,21.56,25.81,25.73,0.0,0.00,0.0,-0.0,,0.0
176,3,7.00,1,21.09,25.54,25.46,0.0,0.00,0.0,-0.0,,0.0
176,4,7.00,1,20.52,25.25,25.18,0.0,0.00,0.0,-0.0,,0.0
176,5,7.00,1,19.87,24.96,24.89,0.0,0.00,0.0,-0.0,,0.0
176,6,7.00,1,19.44,24.67,24.61,0.0,0.00,0.0,-0.0,,0.0
176,7,7.00,1,19.04,24.39,24.32,0.0,0.00,0.0,0.0,,0.0
176,8,7.00,1,20.12,24.64,24.58,0.0,0.00,0.0,-41.38,,-41.38
176,9,7.00,1,22.08,24.87,24.82,0.0,0.00,0.0,-137.9,,-137.9
176,10,7.00,1,23.38,25.15,25.10,0.0,0.00,0.0,-25.56,,-25.56
176,11,7.00,1,24.49,25.50,25.46,0.0,0.00,0.0,-36.22,,-36.22
176,12,7.00,1,25.35,25.91,25.87,0.0,0.00,0.0,0.0,,0.0
176,13,7.00,1,26.00,26.35,26.31,0.0,0.00,0.0,-223.94,,-223.94
176,14,7.00,1,26.56,26.80,26.77,0.0,0.00,0.0,0.0,,0.0
176,15,7.00,1,27.15,27.26,27.23,0.0,0.00,0.0,0.0,,0.0
176,16,7.00,1,27.72,27.71,27.41,-665.92,0.00,0.0,0.0,,-665.92
176,17,7.00,1,27.28,28.01,27.41,-1263.76,0.00,0.0,0.0,,-1263.76
176,18,7.00,1,26.68,28.20,27.41,-1482.95,0.00,0.0,0.0,,-1482.95
176,19,7.00,1,26.13,27.77,27.46,0.0,0.00,0.0,0.0,,0.0
176,20,7.00,1,25.24,27.53,27.34,0.0,0.00,0.0,0.0,,0.0
176,21,7.00,1,24.58,27.30,27.14,0.0,0.00,0.0,0.0,,0.0
176,22,7.00,1,23.95,27.05,26.91,0.0,0.00,0.0,0.0,,0.0
176,23,7.00,1,24.06,26.84,26.70,0.0,0.00,0.0,0.0,,0.0
176,24,7.00,1,23.72,26.61,26.48,0.0,0.00,0.0,-0.0,,0.0
176,1,1.00,1,23.51,26.39,26.27,0.0,0.00,0.0,-0.0,,0.0
176,2,1.00,1,23.08,26.17,26.05,0.0,0.00,0.0,-0.0,,0.0
176,3,1.00,1,22.62,25.93,25.82,0.0,0.00,0.0,-0.0,,0.0
176,4,1.00,1,22.23,25.70,25.60,0.0,0.00,0.0,-0.0,,0.0
176,5,1.00,1,21.66,25.46,25.36,0.0,0.00,0.0,-0.0,,0.0
176,6,1.00,1,21.38,25.22,25.13,0.0,0.00,0.0,-0.0,,0.0
176,7,1.00,1,20.90,24.98,24.89,0.0,0.00,0.0,-0.0,,0.0
176,8,1.00,1,21.88,25.31,25.23,0.0,0.00,0.0,-442.64,,-442.64
176,9,1.00,1,24.02,25.61,25.54,0.0,0.00,0.0,-778.71,,-778.71
176,10,1.00,1,24.96,25.90,25.83,0.0,0.00,0.0,-526.23,,-526.23
176,11,1.00,1,26.22,26.29,26.23,0.0,0.00,0.0,-435.16,,-435.16
176,12,1.00,1,27.21,26.74,26.68,0.0,0.00,0.0,-404.55,,-404.55
176,13,1.00,1,27.85,27.22,27.16,0.0,0.00,0.0,-501.05,,-501.05
176,14,1.00,1,28.45,27.70,27.41,-601.53,0.00,0.0,-452.82,,-1054.35
176,15,1.00,1,29.17,28.20,27.41,-1713.85,0.00,0.0,-530.01,,-2243.8599999999997
176,16,1.00,1,28.59,28.57,27.41,-2249.66,0.00,0.0,-734.13,,-2983.79
176,17,1.00,1,28.15,28.85,27.41,-2604.63,0.00,0.0,-486.58,,-3091.21
176,18,1.00,1,27.32,29.01,27.41,-2647.83,0.00,0.0,-187.33,,-2835.16
176,19,1.00,1,26.10,28.51,27.82,0.0,0.00,0.0,0.0,,0.0
176,20,1.00,1,25.20,28.24,27.75,0.0,0.00,0.0,0.0,,0.0
176,21,1.00,1,24.85,27.98,27.57,0.0,0.00,0.0,0.0,,0.0
176,22,1.00,1,24.19,27.71,27.32,0.0,0.00,0.0,0.0,,0.0
176,23,1.00,1,24.19,27.46,27.10,0.0,0.00,0.0,0.0,,0.0
176,24,1.00,1,23.56,27.19,26.84,0.0,0.00,0.0,-0.0,,0.0
176,1,2.00,1,23.17,26.92,26.60,0.0,0.00,0.0,-0.0,,0.0
176,2,2.00,1,22.80,26.66,26.35,0.0,0.00,0.0,-0.0,,0.0
176,3,2.00,1,22.46,26.40,26.11,0.0,0.00,0.0,-0.0,,0.0
176,4,2.00,1,22.30,26.15,25.88,0.0,0.00,0.0,-0.0,,0.0
176,5,2.00,1,22.11,25.92,25.65,0.0,0.00,0.0,-0.0,,0.0
176,6,2.00,1,21.12,25.64,25.39,0.0,0.00,0.0,-0.0,,0.0
176,7,2.00,1,20.23,25.34,25.10,0.0,0.00,0.0,-0.0,,0.0
176,8,2.00,1,21.43,25.61,25.39,0.0,0.00,0.0,0.0,,0.0
176,9,2.00,1,24.02,25.91,25.71,0.0,0.00,0.0,-589.81,,-589.81
176,10,2.00,1,25.31,26.23,26.04,0.0,0.00,0.0,-111.94,,-111.94
176,11,2.00,1,26.60,26.63,26.45,0.0,0.00,0.0,-506.08,,-506.08
176,12,2.00,1,27.48,27.07,26.90,0.0,0.00,0.0,-254.43,,-254.43
176,13,2.00,1,28.19,27.55,27.39,0.0,0.00,0.0,-527.99,,-527.99
176,14,2.00,1,27.47,27.90,27.41,-866.07,0.00,0.0,-309.47,,-1175.54
176,15,2.00,1,26.89,28.21,27.41,-1424.92,0.00,0.0,0.0,,-1424.92
176,16,2.00,1,26.36,28.47,27.41,-1814.34,0.00,0.0,0.0,,-1814.34
176,17,2.00,1,25.96,28.66,27.41,-2042.23,0.00,0.0,0.0,,-2042.23
176,18,2.00,1,25.38,28.76,27.41,-2034.22,0.00,0.0,0.0,,-2034.22
176,19,2.00,1,24.31,28.28,27.63,0.0,0.00,0.0,0.0,,0.0
176,20,2.00,1,23.22,27.95,27.47,0.0,0.00,0.0,0.0,,0.0
176,21,2.00,1,22.34,27.61,27.19,0.0,0.00,0.0,0.0,,0.0
176,22,2.00,1,21.35,27.24,26.85,0.0,0.00,0.0,0.0,,0.0
176,23,2.00,1,20.74,26.88,26.51,0.0,0.00,0.0,0.0,,0.0
176,24,2.00,1,19.86,26.49,26.14,0.0,0.00,0.0,0.0,,0.0
176,1,3.00,1,19.20,26.11,25.78,0.0,0.00,0.0,0.0,,0.0
176,2,3.00,1,18.52,25.72,25.41,0.0,0.00,0.0,0.0,,0.0
176,3,3.00,1,19.37,25.42,25.12,0.0,0.00,0.0,0.0,,0.0
176,4,3.00,1,19.54,25.14,24.86,0.0,0.00,0.0,0.0,,0.0
176,5,3.00,1,20.07,24.91,24.64,0.0,0.00,0.0,0.0,,0.0
176,6,3.00,1,20.46,24.70,24.44,0.0,0.00,0.0,0.0,,0.0
176,7,3.00,1,20.97,24.53,24.28,0.0,0.00,0.0,-0.0,,0.0
176,8,3.00,1,21.50,25.05,24.82,0.0,0.00,0.0,-0.0,,0.0
176,9,3.00,1,23.46,25.34,25.12,0.0,0.00,0.0,-0.0,,0.0
176,10,3.00,1,24.75,25.64,25.43,0.0,0.00,0.0,-0.0,,0.0
176,11,3.00,1,25.77,26.01,25.80,0.0,0.00,0.0,-0.0,,0.0
176,12,3.00,1,26.38,26.42,26.23,0.0,0.00,0.0,-0.0,,0.0
176,13,3.00,1,27.04,26.88,26.69,0.0,0.00,0.0,-0.0,,0.0
176,14,3.00,1,26.66,27.30,27.12,0.0,0.00,0.0,-0.0,,0.0
176,15,3.00,1,26.31,27.68,27.51,0.0,0.00,0.0,0.0,,0.0
176,16,3.00,1,25.92,28.01,27.86,0.0,0.00,0.0,0.0,,0.0
176,17,3.00,1,25.70,28.29,28.14,0.0,0.00,0.0,0.0,,0.0
176,18,3.00,1,25.31,28.47,28.32,0.0,0.00,0.0,0.0,,0.0
176,19,3.00,1,24.65,27.89,27.76,0.0,0.00,0.0,0.0,,0.0
176,20,3.00,1,23.61,27.58,27.45,0.0,0.00,0.0,0.0,,0.0
176,21,3.00,1,23.04,27.30,27.17,0.0,0.00,0.0,0.0,,0.0
176,22,3.00,1,22.04,26.98,26.86,0.0,0.00,0.0,0.0,,0.0
176,23,3.00,1,21.91,26.68,26.57,0.0,0.00,0.0,0.0,,0.0
176,24,3.00,1,21.55,26.39,26.28,0.0,0.00,0.0,0.0,,0.0
176,1,4.00,1,21.14,26.10,25.99,0.0,0.00,0.0,0.0,,0.0
176,2,4.00,1,20.56,25.80,25.70,0.0,0.00,0.0,0.0,,0.0
176,3,4.00,1,20.12,25.50,25.40,0.0,0.00,0.0,0.0,,0.0
176,4,4.00,1,19.41,25.18,25.09,0.0,0.00,0.0,0.0,,0.0
176,5,4.00,1,19.18,24.89,24.80,0.0,0.00,0.0,0.0,,0.0
176,6,4.00,1,18.74,24.59,24.51,0.0,0.00,0.0,0.0,,0.0
176,7,4.00,1,19.48,24.37,24.29,0.0,0.00,0.0,0.0,,0.0
176,8,4.00,1,20.09,24.84,24.77,0.0,0.00,0.0,-0.0,,0.0
176,9,4.00,1,22.45,25.11,25.04,0.0,0.00,0.0,-0.0,,0.0
176,10,4.00,1,23.73,25.38,25.31,0.0,0.00,0.0,-0.0,,0.0
176,11,4.00,1,24.68,25.72,25.65,0.0,0.00,0.0,-0.0,,0.0
176,12,4.00,1,25.94,26.15,26.08,0.0,0.00,0.0,-0.0,,0.0
176,13,4.00,1,26.36,26.59,26.53,0.0,0.00,0.0,-0.0,,0.0
176,14,4.00,1,26.86,27.05,27.00,0.0,0.00,0.0,-0.0,,0.0
176,15,4.00,1,27.42,27.52,27.47,0.0,0.00,0.0,0.0,,0.0
176,16,4.00,1,28.29,27.99,27.94,0.0,0.00,0.0,0.0,,0.0
176,17,4.00,1,27.64,28.34,28.29,0.0,0.00,0.0,0.0,,0.0
176,18,4.00,1,26.89,28.58,28.53,0.0,0.00,0.0,0.0,,0.0
176,19,4.00,1,25.86,28.04,27.99,0.0,0.00,0.0,0.0,,0.0
176,20,4.00,1,24.94,27.77,27.73,0.0,0.00,0.0,0.0,,0.0
176,21,4.00,1,24.43,27.53,27.49,0.0,0.00,0.0,0.0,,0.0
176,22,4.00,1,24.28,27.30,27.26,0.0,0.00,0.0,0.0,,0.0
176,23,4.00,1,24.34,27.09,27.05,0.0,0.00,0.0,0.0,,0.0
176,24,4.00,1,23.85,26.87,26.83,0.0,0.00,0.0,0.0,,0.0
176,1,5.00,1,23.06,26.62,26.58,0.0,0.00,0.0,0.0,,0.0
176,2,5.00,1,22.04,26.33,26.30,0.0,0.00,0.0,-0.0,,0.0
176,3,5.00,1,21.19,26.03,26.00,0.0,0.00,0.0,-0.0,,0.0
176,4,5.00,1,20.53,25.73,25.70,0.0,0.00,0.0,0.0,,0.0
176,5,5.00,1,20.21,25.44,25.41,0.0,0.00,0.0,0.0,,0.0
176,6,5.00,1,19.82,25.16,25.13,0.0,0.00,0.0,0.0,,0.0
176,7,5.00,1,19.23,24.86,24.83,0.0,0.00,0.0,0.0,,0.0
176,8,5.00,1,20.91,25.15,25.12,0.0,0.00,0.0,-282.51,,-282.51
176,9,5.00,1,23.08,25.43,25.40,0.0,0.00,0.0,-193.85,,-193.85
176,10,5.00,1,24.35,25.73,25.71,0.0,0.00,0.0,-726.93,,-726.93
176,11,5.00,1,25.02,26.06,26.04,0.0,0.00,0.0,-185.69,,-185.69
176,12,5.00,1,25.60,26.44,26.42,0.0,0.00,0.0,-3.48,,-3.48
176,13,5.00,1,26.01,26.84,26.82,0.0,0.00,0.0,0.0,,0.0
176,14,5.00,1,26.72,27.29,27.27,0.0,0.00,0.0,0.0,,0.0
176,15,5.00,1,27.43,27.75,27.41,-805.96,0.00,0.0,0.0,,-805.96
176,16,5.00,1,27.93,28.18,27.41,-1681.74,0.00,0.0,0.0,,-1681.74
176,17,5.00,1,27.51,28.48,27.41,-2084.26,0.00,0.0,-381.11,,-2465.3700000000003
176,18,5.00,1,27.11,28.69,27.41,-2279.17,0.00,0.0,-199.71,,-2478.88
176,19,5.00,1,26.63,28.26,27.74,0.0,0.00,0.0,0.0,,0.0
176,20,5.00,1,25.75,28.04,27.70,0.0,0.00,0.0,0.0,,0.0
176,21,5.00,1,25.20,27.82,27.53,0.0,0.00,0.0,0.0,,0.0
176,22,5.00,1,25.11,27.61,27.35,0.0,0.00,0.0,0.0,,0.0
176,23,5.00,1,25.23,27.42,27.17,0.0,0.00,0.0,-0.0,,0.0
176,24,5.00,1,25.06,27.23,27.00,0.0,0.00,0.0,-0.0,,0.0
176,1,6.00,1,25.31,27.08,26.85,0.0,0.00,0.0,-0.0,,0.0
176,2,6.00,1,25.24,26.92,26.70,0.0,0.00,0.0,-0.0,,0.0
176,3,6.00,1,25.43,26.78,26.58,0.0,0.00,0.0,-0.0,,0.0
176,4,6.00,1,25.24,26.64,26.45,0.0,0.00,0.0,-0.0,,0.0
176,5,6.00,1,25.16,26.51,26.32,0.0,0.00,0.0,-0.0,,0.0
176,6,6.00,1,24.57,26.35,26.17,0.0,0.00,0.0,-0.0,,0.0
176,7,6.00,1,24.35,26.19,26.03,0.0,0.00,0.0,-0.0,,0.0
176,8,6.00,1,24.89,26.65,26.50,0.0,0.00,0.0,-1035.79,,-1035.79
176,9,6.00,1,26.17,26.94,26.80,0.0,0.00,0.0,-846.24,,-846.24
176,10,6.00,1,26.65,27.20,27.07,0.0,0.00,0.0,-488.18,,-488.18
176,11,6.00,1,27.14,27.51,27.39,0.0,0.00,0.0,-333.08,,-333.08
176,12,6.00,1,27.49,27.87,27.41,-846.57,0.00,0.0,-449.77,,-1296.3400000000001
176,13,6.00,1,26.97,28.17,27.41,-1386.55,0.00,0.0,-65.19,,-1451.74
176,14,6.00,1,26.45,28.44,27.41,-1819.99,0.00,0.0,0.0,,-1819.99
176,15,6.00,1,25.85,28.67,27.41,-2129.49,0.00,0.0,0.0,,-2129.49
176,16,6.00,1,25.17,28.84,27.41,-2292.74,0.00,0.0,0.0,,-2292.74
176,17,6.00,1,24.12,28.90,27.41,-2189.67,0.00,0.0,0.0,,-2189.67
176,18,6.00,1,23.15,28.85,27.41,-1911.44,0.00,0.0,0.0,,-1911.44
176,19,6.00,1,22.03,28.36,27.60,0.0,0.00,0.0,0.0,,0.0
176,20,6.00,1,20.57,27.94,27.35,0.0,0.00,0.0,0.0,,0.0
176,21,6.00,1,19.57,27.51,26.98,0.0,0.00,0.0,0.0,,0.0
176,22,6.00,1,19.69,27.11,26.62,0.0,0.00,0.0,0.0,,0.0
176,23,6.00,1,20.23,26.77,26.30,0.0,0.00,0.0,0.0,,0.0
176,24,6.00,1,20.27,26.45,26.00,0.0,0.00,0.0,0.0,,0.0
176,1,7.00,1,20.16,26.14,25.71,0.0,0.00,0.0,0.0,,0.0
176,2,7.00,1,19.95,25.83,25.43,0.0,0.00,0.0,0.0,,0.0
176,3,7.00,1,19.72,25.54,25.15,0.0,0.00,0.0,0.0,,0.0
176,4,7.00,1,19.39,25.24,24.88,0.0,0.00,0.0,0.0,,0.0
176,5,7.00,1,19.24,24.97,24.62,0.0,0.00,0.0,0.0,,0.0
176,6,7.00,1,19.08,24.70,24.37,0.0,0.00,0.0,0.0,,0.0
176,7,7.00,1,18.96,24.44,24.13,0.0,0.00,0.0,0.0,,0.0
176,8,7.00,1,20.39,24.74,24.45,0.0,0.00,0.0,-36.11,,-36.11
176,9,7.00,1,22.62,25.04,24.77,0.0,0.00,0.0,-273.55,,-273.55
176,10,7.00,1,23.84,25.35,25.09,0.0,0.00,0.0,-297.04,,-297.04
176,11,7.00,1,25.02,25.74,25.49,0.0,0.00,0.0,-187.73,,-187.73
176,12,7.00,1,25.72,26.16,25.93,0.0,0.00,0.0,-155.6,,-155.6
176,13,7.00,1,26.40,26.62,26.40,0.0,0.00,0.0,0.0,,0.0
176,14,7.00,1,26.25,27.03,26.82,0.0,0.00,0.0,0.0,,0.0
176,15,7.00,1,26.01,27.38,27.19,0.0,0.00,0.0,0.0,,0.0
176,16,7.00,1,25.86,27.71,27.41,-270.97,0.00,0.0,0.0,,-270.97
176,17,7.00,1,25.33,27.93,27.41,-780.49,0.00,0.0,0.0,,-780.49
176,18,7.00,1,24.72,28.05,27.41,-917.59,0.00,0.0,0.0,,-917.59
176,19,7.00,1,23.96,27.61,27.27,0.0,0.00,0.0,0.0,,0.0
176,20,7.00,1,22.83,27.32,27.05,0.0,0.00,0.0,0.0,,0.0
176,21,7.00,1,22.01,27.01,26.78,0.0,0.00,0.0,0.0,,0.0
176,22,7.00,1,21.82,26.73,26.50,0.0,0.00,0.0,0.0,,0.0
176,23,7.00,1,21.63,26.45,26.23,0.0,0.00,0.0,0.0,,0.0
176,24,7.00,1,21.91,26.20,26.00,0.0,0.00,0.0,0.0,,0.0
176,1,1.00,1,22.07,25.98,25.79,0.0,0.00,0.0,0.0,,0.0
176,2,1.00,1,22.15,25.77,25.59,0.0,0.00,0.0,0.0,,0.0
176,3,1.00,1,21.93,25.57,25.39,0.0,0.00,0.0,-0.0,,0.0
176,4,1.00,1,21.32,25.34,25.17,0.0,0.00,0.0,-0.0,,0.0
176,5,1.00,1,20.61,25.09,24.93,0.0,0.00,0.0,-0.0,,0.0
176,6,1.00,1,20.42,24.86,24.70,0.0,0.00,0.0,-0.0,,0.0
176,7,1.00,1,21.30,24.70,24.55,0.0,0.00,0.0,-0.0,,0.0
176,8,1.00,1,22.51,25.13,25.00,0.0,0.00,0.0,-868.3,,-868.3
176,9,1.00,1,24.93,25.53,25.40,0.0,0.00,0.0,-918.47,,-918.47
176,10,1.00,1,26.14,25.91,25.79,0.0,0.00,0.0,-1027.78,,-1027.78
176,11,1.00,1,27.50,26.39,26.27,0.0,0.00,0.0,-968.76,,-968.76
176,12,1.00,1,27.45,26.81,26.69,0.0,0.00,0.0,-636.66,,-636.66
176,13,1.00,1,27.37,27.22,27.12,0.0,0.00,0.0,0.0,,0.0
176,14,1.00,1,27.41,27.64,27.41,-309.05,0.00,0.0,0.0,,-309.05
176,15,1.00,1,27.05,27.99,27.41,-1141.45,0.00,0.0,0.0,,-1141.45
176,16,1.00,1,26.59,28.29,27.41,-1621.96,0.00,0.0,0.0,,-1621.96
176,17,1.00,1,25.91,28.49,27.41,-1846.55,0.00,0.0,0.0,,-1846.55
176,18,1.00,1,24.89,28.55,27.41,-1770.9,0.00,0.0,0.0,,-1770.9
176,19,1.00,1,23.81,28.08,27.54,0.0,0.00,0.0,0.0,,0.0
176,20,1.00,1,22.94,27.76,27.38,0.0,0.00,0.0,0.0,,0.0
176,21,1.00,1,22.54,27.46,27.13,0.0,0.00,0.0,0.0,,0.0
176,22,1.00,1,22.95,27.21,26.89,0.0,0.00,0.0,0.0,,0.0
176,23,1.00,1,23.28,26.98,26.68,0.0,0.00,0.0,0.0,,0.0
176,24,1.00,1,23.17,26.75,26.47,0.0,0.00,0.0,0.0,,0.0
176,1,2.00,1,23.35,26.55,26.28,0.0,0.00,0.0,-0.0,,0.0
176,2,2.00,1,23.37,26.36,26.10,0.0,0.00,0.0,-0.0,,0.0
176,3,2.00,1,22.79,26.15,25.90,0.0,0.00,0.0,-0.0,,0.0
176,4,2.00,1,22.25,25.92,25.69,0.0,0.00,0.0,-0.0,,0.0
176,5,2.00,1,21.73,25.69,25.47,0.0,0.00,0.0,-0.0,,0.0
176,6,2.00,1,21.50,25.47,25.25,0.0,0.00,0.0,-0.0,,0.0
176,7,2.00,1,21.20,25.25,25.04,0.0,0.00,0.0,-0.0,,0.0
176,8,2.00,1,22.14,25.59,25.40,0.0,0.00,0.0,-662.34,,-662.34
176,9,2.00,1,24.10,25.89,25.71,0.0,0.00,0.0,-446.33,,-446.33
176,10,2.00,1,25.70,26.24,26.08,0.0,0.00,0.0,-740.69,,-740.69
176,11,2.00,1,26.45,26.62,26.46,0.0,0.00,0.0,-411.33,,-411.33
176,12,2.00,1,27.25,27.06,26.91,0.0,0.00,0.0,-462.36,,-462.36
176,13,2.00,1,28.21,27.56,27.41,-3.92,0.00,0.0,-511.1,,-515.02
176,14,2.00,1,27.92,27.97,27.41,-1073.46,0.00,0.0,-265.62,,-1339.08
176,15,2.00,1,27.46,28.33,27.41,-1679.88,0.00,0.0,-609.69,,-2289.57
176,16,2.00,1,27.09,28.63,27.41,-2147.89,0.00,0.0,0.0,,-2147.89
176,17,2.00,1,26.61,28.85,27.41,-2394.6,0.00,0.0,-365.75,,-2760.35
176,18,2.00,1,25.76,28.95,27.41,-2350.37,0.00,0.0,-360.01,,-2710.38
176,19,2.00,1,25.00,28.49,27.76,0.0,0.00,0.0,0.0,,0.0
176,20,2.00,1,23.88,28.19,27.65,0.0,0.00,0.0,0.0,,0.0
176,21,2.00,1,23.19,27.89,27.42,0.0,0.00,0.0,0.0,,0.0
176,22,2.00,1,23.06,27.60,27.16,0.0,0.00,0.0,0.0,,0.0
176,23,2.00,1,22.92,27.33,26.91,0.0,0.00,0.0,0.0,,0.0
176,24,2.00,1,22.47,27.05,26.65,0.0,0.00,0.0,0.0,,0.0
176,1,3.00,1,21.98,26.76,26.38,0.0,0.00,0.0,0.0,,0.0
176,2,3.00,1,21.54,26.47,26.11,0.0,0.00,0.0,0.0,,0.0
176,3,3.00,1,21.26,26.20,25.85,0.0,0.00,0.0,-0.0,,0.0
176,4,3.00,1,20.97,25.93,25.60,0.0,0.00,0.0,-0.0,,0.0
176,5,3.00,1,20.37,25.64,25.33,0.0,0.00,0.0,0.0,,0.0
176,6,3.00,1,19.78,25.35,25.05,0.0,0.00,0.0,0.0,,0.0
176,7,3.00,1,20.43,25.13,24.84,0.0,0.00,0.0,0.0,,0.0
176,8,3.00,1,21.89,25.66,25.39,0.0,0.00,0.0,-0.0,,0.0
176,9,3.00,1,24.20,25.96,25.70,0.0,0.00,0.0,-0.0,,0.0
176,10,3.00,1,25.62,26.28,26.03,0.0,0.00,0.0,-0.0,,0.0
176,11,3.00,1,26.69,26.66,26.42,0.0,0.00,0.0,-0.0,,0.0
176,12,3.00,1,27.58,27.10,26.87,0.0,0.00,0.0,-0.0,,0.0
176,13,3.00,1,28.41,27.59,27.37,0.0,0.00,0.0,-0.0,,0.0
176,14,3.00,1,28.00,28.03,27.83,0.0,0.00,0.0,-0.0,,0.0
176,15,3.00,1,27.37,28.43,28.23,0.0,0.00,0.0,-0.0,,0.0
176,16,3.00,1,26.81,28.76,28.57,0.0,0.00,0.0,0.0,,0.0
176,17,3.00,1,26.24,29.02,28.84,0.0,0.00,0.0,0.0,,0.0
176,18,3.00,1,25.45,29.17,28.99,0.0,0.00,0.0,0.0,,0.0
176,19,3.00,1,24.76,28.57,28.40,0.0,0.00,0.0,0.0,,0.0
176,20,3.00,1,23.74,28.23,28.07,0.0,0.00,0.0,0.0,,0.0
176,21,3.00,1,23.08,27.92,27.77,0.0,0.00,0.0,0.0,,0.0
176,22,3.00,1,22.54,27.61,27.46,0.0,0.00,0.0,0.0,,0.0
176,23,3.00,1,22.16,27.30,27.15,0.0,0.00,0.0,0.0,,0.0
176,24,3.00,1,21.46,26.97,26.84,0.0,0.00,0.0,0.0,,0.0
176,1,4.00,1,21.05,26.66,26.52,0.0,0.00,0.0,0.0,,0.0
176,2,4.00,1,20.50,26.33,26.21,0.0,0.00,0.0,0.0,,0.0
176,3,4.00,1,20.25,26.03,25.91,0.0,0.00,0.0,0.0,,0.0
176,4,4.00,1,19.77,25.72,25.60,0.0,0.00,0.0,0.0,,0.0
176,5,4.00,1,19.40,25.42,25.31,0.0,0.00,0.0,0.0,,0.0
176,6,4.00,1,18.93,25.11,25.00,0.0,0.00,0.0,0.0,,0.0
176,7,4.00,1,19.71,24.88,24.78,0.0,0.00,0.0,0.0,,0.0
176,8,4.00,1,20.99,25.39,25.29,0.0,0.00,0.0,-0.0,,0.0
176,9,4.00,1,23.22,25.67,25.58,0.0,0.00,0.0,-0.0,,0.0
176,10,4.00,1,24.79,25.98,25.88,0.0,0.00,0.0,-0.0,,0.0
176,11,4.00,1,25.74,26.34,26.25,0.0,0.00,0.0,-0.0,,0.0
176,12,4.00,1,26.46,26.75,26.67,0.0,0.00,0.0,-0.0,,0.0
176,13,4.00,1,27.50,27.23,27.15,0.0,0.00,0.0,-0.0,,0.0
176,14,4.00,1,27.26,27.68,27.59,0.0,0.00,0.0,-0.0,,0.0
176,15,4.00,1,26.90,28.08,28.00,0.0,0.00,0.0,0.0,,0.0
176,16,4.00,1,26.57,28.44,28.36,0.0,0.00,0.0,0.0,,0.0
176,17,4.00,1,26.09,28.71,28.64,0.0,0.00,0.0,0.0,,0.0
176,18,4.00,1,25.19,28.87,28.80,0.0,0.00,0.0,0.0,,0.0
176,19,4.00,1,24.79,28.29,28.23,0.0,0.00,0.0,0.0,,0.0
176,20,4.00,1,23.85,27.99,27.92,0.0,0.00,0.0,0.0,,0.0
176,21,4.00,1,23.38,27.71,27.64,0.0,0.00,0.0,0.0,,0.0
176,22,4.00,1,22.80,27.42,27.35,0.0,0.00,0.0,0.0,,0.0
176,23,4.00,1,22.59,27.14,27.08,0.0,0.00,0.0,0.0,,0.0
176,24,4.00,1,22.31,26.87,26.81,0.0,0.00,0.0,0.0,,0.0
176,1,5.00,1,22.17,26.61,26.55,0.0,0.00,0.0,0.0,,0.0
176,2,5.00,1,21.73,26.35,26.29,0.0,0.00,0.0,0.0,,0.0
176,3,5.00,1,21.08,26.07,26.01,0.0,0.00,0.0,0.0,,0.0
176,4,5.00,1,20.47,25.78,25.73,0.0,0.00,0.0,0.0,,0.0
176,5,5.00,1,19.81,25.48,25.43,0.0,0.00,0.0,0.0,,0.0
176,6,5.00,1,19.68,25.21,25.16,0.0,0.00,0.0,0.0,,0.0
176,7,5.00,1,19.29,24.93,24.88,0.0,0.00,0.0,0.0,,0.0
176,8,5.00,1,20.32,25.17,25.13,0.0,0.00,0.0,-75.07,,-75.07
176,9,5.00,1,22.20,25.40,25.36,0.0,0.00,0.0,-143.01,,-143.01
176,10,5.00,1,23.36,25.66,25.62,0.0,0.00,0.0,0.0,,0.0
176,11,5.00,1,24.01,25.96,25.92,0.0,0.00,0.0,-143.49,,-143.49
176,12,5.00,1,24.37,26.29,26.25,0.0,0.00,0.0,0.0,,0.0
176,13,5.00,1,25.15,26.69,26.66,0.0,0.00,0.0,-180.19,,-180.19
176,14,5.00,1,25.47,27.09,27.05,0.0,0.00,0.0,0.0,,0.0
176,15,5.00,1,25.89,27.49,27.41,-92.62,0.00,0.0,0.0,,-92.62
176,16,5.00,1,26.43,27.88,27.41,-1070.58,0.00,0.0,0.0,,-1070.58
176,17,5.00,1,25.99,28.14,27.41,-1447.33,0.00,0.0,-148.69,,-1596.02
176,18,5.00,1,25.25,28.28,27.41,-1536.63,0.00,0.0,0.0,,-1536.63
176,19,5.00,1,24.62,27.85,27.50,0.0,0.00,0.0,0.0,,0.0
176,20,5.00,1,23.47,27.58,27.34,0.0,0.00,0.0,0.0,,0.0
176,21,5.00,1,22.57,27.29,27.09,0.0,0.00,0.0,0.0,,0.0
176,22,5.00,1,22.26,27.01,26.82,0.0,0.00,0.0,0.0,,0.0
176,23,5.00,1,22.12,26.74,26.56,0.0,0.00,0.0,0.0,,0.0
176,24,5.00,1,21.86,26.47,26.31,0.0,0.00,0.0,0.0,,0.0
176,1,6.00,1,21.20,26.19,26.03,0.0,0.00,0.0,0.0,,0.0
176,2,6.00,1,20.30,25.88,25.73,0.0,0.00,0.0,0.0,,0.0
176,3,6.00,1,19.59,25.57,25.42,0.0,0.00,0.0,0.0,,0.0
176,4,6.00,1,19.24,25.27,25.13,0.0,0.00,0.0,0.0,,0.0
176,5,6.00,1,19.59,25.01,24.88,0.0,0.00,0.0,0.0,,0.0
176,6,6.00,1,20.12,24.80,24.67,0.0,0.00,0.0,0.0,,0.0
176,7,6.00,1,20.51,24.61,24.49,0.0,0.00,0.0,0.0,,0.0
176,8,6.00,1,21.13,24.95,24.83,0.0,0.00,0.0,0.0,,0.0
176,9,6.00,1,23.28,25.26,25.16,0.0,0.00,0.0,0.0,,0.0
176,10,6.00,1,24.56,25.60,25.50,0.0,0.00,0.0,0.0,,0.0
176,11,6.00,1,25.45,25.98,25.89,0.0,0.00,0.0,-32.45,,-32.45
176,12,6.00,1,25.92,26.39,26.30,0.0,0.00,0.0,0.0,,0.0
176,13,6.00,1,26.63,26.85,26.76,0.0,0.00,0.0,-217.12,,-217.12
176,14,6.00,1,26.81,27.29,27.20,0.0,0.00,0.0,0.0,,0.0
176,15,6.00,1,27.11,27.72,27.41,-572.53,0.00,0.0,0.0,,-572.53
176,16,6.00,1,27.73,28.16,27.41,-1532.8,0.00,0.0,0.0,,-1532.8
176,17,6.00,1,27.37,28.47,27.41,-1974.62,0.00,0.0,-271.14,,-2245.7599999999998
176,18,6.00,1,26.66,28.65,27.41,-2112.16,0.00,0.0,-113.73,,-2225.89
176,19,6.00,1,25.99,28.22,27.69,0.0,0.00,0.0,0.0,,0.0
176,20,6.00,1,25.20,27.99,27.62,0.0,0.00,0.0,0.0,,0.0
176,21,6.00,1,24.64,27.76,27.45,0.0,0.00,0.0,0.0,,0.0
176,22,6.00,1,24.10,27.52,27.23,0.0,0.00,0.0,0.0,,0.0
176,23,6.00,1,23.95,27.29,27.02,0.0,0.00,0.0,0.0,,0.0
176,24,6.00,1,23.47,27.05,26.79,0.0,0.00,0.0,-0.0,,0.0
176,1,7.00,1,23.13,26.82,26.57,0.0,0.00,0.0,-0.0,,0.0
176,2,7.00,1,22.39,26.56,26.32,0.0,0.00,0.0,-0.0,,0.0
176,3,7.00,1,21.57,26.28,26.05,0.0,0.00,0.0,0.0,,0.0
176,4,7.00,1,20.77,25.99,25.77,0.0,0.00,0.0,0.0,,0.0
176,5,7.00,1,20.06,25.68,25.47,0.0,0.00,0.0,0.0,,0.0
176,6,7.00,1,20.64,25.45,25.25,0.0,0.00,0.0,-0.0,,0.0
176,7,7.00,1,21.19,25.25,25.06,0.0,0.00,0.0,-0.0,,0.0
176,8,7.00,1,21.85,25.58,25.41,0.0,0.00,0.0,-167.84,,-167.84
176,9,7.00,1,23.55,25.84,25.68,0.0,0.00,0.0,0.0,,0.0
176,10,7.00,1,25.38,26.21,26.05,0.0,0.00,0.0,0.0,,0.0
176,11,7.00,1,26.29,26.60,26.45,0.0,0.00,0.0,-234.03,,-234.03
176,12,7.00,1,27.11,27.04,26.90,0.0,0.00,0.0,-159.06,,-159.06
176,13,7.00,1,27.96,27.53,27.40,0.0,0.00,0.0,-392.78,,-392.78
176,14,7.00,1,27.70,27.95,27.41,-1028.93,0.00,0.0,-483.01,,-1511.94
176,15,7.00,1,27.40,28.32,27.41,-1685.2,0.00,0.0,0.0,,-1685.2
176,16,7.00,1,27.34,28.66,27.41,-2237.26,0.00,0.0,0.0,,-2237.26
176,17,7.00,1,26.96,28.91,27.41,-2534.02,0.00,0.0,-391.71,,-2925.73
176,18,7.00,1,26.28,29.04,27.41,-2559.56,0.00,0.0,0.0,,-2559.56
176,19,7.00,1,25.75,28.61,27.85,0.0,0.00,0.0,0.0,,0.0
176,20,7.00,1,24.71,28.34,27.79,0.0,0.00,0.0,0.0,,0.0
176,21,7.00,1,23.90,28.07,27.58,0.0,0.00,0.0,0.0,,0.0
176,22,7.00,1,23.32,27.78,27.32,0.0,0.00,0.0,0.0,,0.0
176,23,7.00,1,23.29,27.51,27.08,0.0,0.00,0.0,0.0,,0.0
176,24,7.00,1,23.13,27.26,26.85,0.0,0.00,0.0,0.0,,0.0
176,1,1.00,1,22.77,27.00,26.61,0.0,0.00,0.0,-0.0,,0.0
176,2,1.00,1,22.18,26.73,26.36,0.0,0.00,0.0,-0.0,,0.0
176,3,1.00,1,21.49,26.45,26.09,0.0,0.00,0.0,0.0,,0.0
176,4,1.00,1,20.32,26.12,25.79,0.0,0.00,0.0,0.0,,0.0
176,5,1.00,1,19.49,25.79,25.47,0.0,0.00,0.0,0.0,,0.0
176,6,1.00,1,19.91,25.52,25.21,0.0,0.00,0.0,0.0,,0.0
176,7,1.00,1,20.19,25.28,24.98,0.0,0.00,0.0,0.0,,0.0
176,8,1.00,1,21.05,25.54,25.28,0.0,0.00,0.0,-68.23,,-68.23
176,9,1.00,1,23.23,25.82,25.57,0.0,0.00,0.0,-335.92,,-335.92
176,10,1.00,1,24.38,26.11,25.87,0.0,0.00,0.0,-127.89,,-127.89
176,11,1.00,1,25.21,26.45,26.22,0.0,0.00,0.0,-103.43,,-103.43
176,12,1.00,1,26.45,26.89,26.68,0.0,0.00,0.0,-47.03,,-47.03
176,13,1.00,1,27.17,27.36,27.16,0.0,0.00,0.0,-518.99,,-518.99
176,14,1.00,1,27.62,27.82,27.41,-544.71,0.00,0.0,-481.29,,-1026.0
176,15,1.00,1,28.48,28.32,27.41,-1677.1,0.00,0.0,-714.07,,-2391.17
176,16,1.00,1,27.72,28.66,27.41,-2159.39,0.00,0.0,-555.23,,-2714.62
176,17,1.00,1,27.02,28.90,27.41,-2432.2,0.00,0.0,-910.38,,-3342.58
176,18,1.00,1,25.87,28.99,27.41,-2366.24,0.00,0.0,-285.9,,-2652.14
176,19,1.00,1,25.00,28.53,27.77,0.0,0.00,0.0,0.0,,0.0
176,20,1.00,1,23.91,28.24,27.67,0.0,0.00,0.0,0.0,,0.0
176,21,1.00,1,22.96,27.93,27.42,0.0,0.00,0.0,0.0,,0.0
176,22,1.00,1,22.68,27.63,27.16,0.0,0.00,0.0,0.0,,0.0
176,23,1.00,1,22.61,27.35,26.90,0.0,0.00,0.0,0.0,,0.0
176,24,1.00,1,22.31,27.07,26.64,0.0,0.00,0.0,0.0,,0.0
176,1,2.00,1,21.68,26.78,26.37,0.0,0.00,0.0,0.0,,0.0
176,2,2.00,1,21.12,26.48,26.09,0.0,0.00,0.0,0.0,,0.0
176,3,2.00,1,20.60,26.18,25.81,0.0,0.00,0.0,0.0,,0.0
176,4,2.00,1,21.09,25.94,25.58,0.0,0.00,0.0,0.0,,0.0
176,5,2.00,1,21.57,25.73,25.40,0.0,0.00,0.0,-0.0,,0.0
176,6,2.00,1,21.85,25.55,25.23,0.0,0.00,0.0,-0.0,,0.0
176,7,2.00,1,22.14,25.39,25.08,0.0,0.00,0.0,-0.0,,0.0
176,8,2.00,1,23.10,25.81,25.53,0.0,0.00,0.0,-670.07,,-670.07
176,9,2.00,1,24.93,26.15,25.88,0.0,0.00,0.0,-718.17,,-718.17
176,10,2.00,1,25.75,26.46,26.21,0.0,0.00,0.0,-646.76,,-646.76
176,11,2.00,1,26.75,26.85,26.61,0.0,0.00,0.0,-284.73,,-284.73
176,12,2.00,1,27.21,27.27,27.04,0.0,0.00,0.0,-61.66,,-61.66
176,13,2.00,1,28.15,27.76,27.41,-324.37,0.00,0.0,-965.18,,-1289.55
176,14,2.00,1,28.63,28.24,27.41,-1486.57,0.00,0.0,-717.62,,-2204.19
176,15,2.00,1,28.23,28.64,27.41,-2128.34,0.00,0.0,-614.99,,-2743.33
176,16,2.00,1,27.78,28.96,27.41,-2596.81,0.00,0.0,-263.49,,-2860.3
176,17,2.00,1,27.14,29.19,27.41,-2819.38,0.00,0.0,-263.21,,-3082.59
176,18,2.00,1,26.33,29.30,27.41,-2788.74,0.00,0.0,-107.34,,-2896.08
176,19,2.00,1,25.84,28.86,27.93,0.0,0.00,0.0,0.0,,0.0
176,20,2.00,1,24.91,28.59,27.90,0.0,0.00,0.0,0.0,,0.0
176,21,2.00,1,24.28,28.32,27.70,0.0,0.00,0.0,0.0,,0.0
176,22,2.00,1,23.45,28.03,27.44,0.0,0.00,0.0,0.0,,0.0
176,23,2.00,1,23.95,27.79,27.23,0.0,0.00,0.0,0.0,,0.0
176,24,2.00,1,23.58,27.53,27.01,0.0,0.00,0.0,0.0,,0.0
176,1,3.00,1,23.05,27.27,26.77,0.0,0.00,0.0,-0.0,,0.0
176,2,3.00,1,22.41,26.99,26.52,0.0,0.00,0.0,-0.0,,0.0
176,3,3.00,1,22.24,26.74,26.28,0.0,0.00,0.0,0.0,,0.0
176,4,3.00,1,21.73,26.47,26.04,0.0,0.00,0.0,0.0,,0.0
176,5,3.00,1,21.01,26.19,25.77,0.0,0.00,0.0,0.0,,0.0
176,6,3.00,1,20.52,25.91,25.51,0.0,0.00,0.0,0.0,,0.0
176,7,3.00,1,20.28,25.64,25.26,0.0,0.00,0.0,0.0,,0.0
176,8,3.00,1,21.19,26.10,25.74,0.0,0.00,0.0,0.0,,0.0
176,9,3.00,1,23.75,26.37,26.03,0.0,0.00,0.0,-0.0,,0.0
176,10,3.00,1,25.26,26.66,26.33,0.0,0.00,0.0,-0.0,,0.0
176,11,3.00,1,26.27,27.01,26.69,0.0,0.00,0.0,-0.0,,0.0
176,12,3.00,1,27.34,27.44,27.13,0.0,0.00,0.0,-0.0,,0.0
176,13,3.00,1,28.11,27.91,27.61,0.0,0.00,0.0,-0.0,,0.0
176,14,3.00,1,28.74,28.39,28.11,0.0,0.00,0.0,-0.0,,0.0
176,15,3.00,1,28.39,28.82,28.56,0.0,0.00,0.0,0.0,,0.0
176,16,3.00,1,27.96,29.20,28.94,0.0,0.00,0.0,0.0,,0.0
176,17,3.00,1,27.56,29.50,29.25,0.0,0.00,0.0,0.0,,0.0
176,18,3.00,1,26.98,29.70,29.46,0.0,0.00,0.0,0.0,,0.0
176,19,3.00,1,26.23,29.14,28.91,0.0,0.00,0.0,0.0,,0.0
176,20,3.00,1,25.05,28.83,28.61,0.0,0.00,0.0,0.0,,0.0
176,21,3.00,1,24.41,28.55,28.34,0.0,0.00,0.0,0.0,,0.0
176,22,3.00,1,23.45,28.23,28.03,0.0,0.00,0.0,0.0,,0.0
176,23,3.00,1,23.94,27.98,27.79,0.0,0.00,0.0,0.0,,0.0
176,24,3.00,1,23.50,27.71,27.53,0.0,0.00,0.0,0.0,,0.0
176,1,4.00,1,22.84,27.43,27.25,0.0,0.00,0.0,0.0,,0.0
176,2,4.00,1,21.92,27.12,26.95,0.0,0.00,0.0,0.0,,0.0
176,3,4.00,1,20.97,26.80,26.63,0.0,0.00,0.0,0.0,,0.0
176,4,4.00,1,20.25,26.46,26.30,0.0,0.00,0.0,0.0,,0.0
176,5,4.00,1,19.51,26.12,25.97,0.0,0.00,0.0,0.0,,0.0
176,6,4.00,1,19.05,25.79,25.64,0.0,0.00,0.0,0.0,,0.0
176,7,4.00,1,19.76,25.52,25.38,0.0,0.00,0.0,0.0,,0.0
176,8,4.00,1,20.69,25.98,25.84,0.0,0.00,0.0,0.0,,0.0
176,9,4.00,1,23.02,26.23,26.10,0.0,0.00,0.0,0.0,,0.0
176,10,4.00,1,24.55,26.51,26.38,0.0,0.00,0.0,-0.0,,0.0
176,11,4.00,1,25.75,26.85,26.72,0.0,0.00,0.0,-0.0,,0.0
176,12,4.00,1,26.74,27.26,27.14,0.0,0.00,0.0,-0.0,,0.0
176,13,4.00,1,27.54,27.73,27.61,0.0,0.00,0.0,-0.0,,0.0
176,14,4.00,1,28.25,28.21,28.09,0.0,0.00,0.0,-0.0,,0.0
176,15,4.00,1,28.95,28.70,28.59,0.0,0.00,0.0,-0.0,,0.0
176,16,4.00,1,29.63,29.18,29.07,0.0,0.00,0.0,-0.0,,0.0
176,17,4.00,1,29.01,29.54,29.43,0.0,0.00,0.0,-0.0,,0.0
176,18,4.00,1,28.13,29.78,29.68,0.0,0.00,0.0,0.0,,0.0
176,19,4.00,1,27.32,29.26,29.16,0.0,0.00,0.0,0.0,,0.0
176,20,4.00,1,25.94,28.98,28.88,0.0,0.00,0.0,0.0,,0.0
176,21,4.00,1,24.79,28.69,28.60,0.0,0.00,0.0,0.0,,0.0
176,22,4.00,1,24.01,28.39,28.30,0.0,0.00,0.0,0.0,,0.0
176,23,4.00,1,23.40,28.09,28.00,0.0,0.00,0.0,0.0,,0.0
176,24,4.00,1,22.45,27.76,27.68,0.0,0.00,0.0,0.0,,0.0
176,1,5.00,1,21.60,27.42,27.34,0.0,0.00,0.0,0.0,,0.0
176,2,5.00,1,20.72,27.06,26.98,0.0,0.00,0.0,0.0,,0.0
176,3,5.00,1,19.72,26.69,26.61,0.0,0.00,0.0,0.0,,0.0
176,4,5.00,1,18.90,26.31,26.23,0.0,0.00,0.0,0.0,,0.0
176,5,5.00,1,18.08,25.91,25.84,0.0,0.00,0.0,0.0,,0.0
176,6,5.00,1,18.92,25.61,25.54,0.0,0.00,0.0,0.0,,0.0
176,7,5.00,1,19.72,25.37,25.30,0.0,0.00,0.0,0.0,,0.0
176,8,5.00,1,20.93,25.63,25.57,0.0,0.00,0.0,0.0,,0.0
176,9,5.00,1,23.35,25.93,25.87,0.0,0.00,0.0,-93.5,,-93.5
176,10,5.00,1,25.05,26.29,26.22,0.0,0.00,0.0,-318.29,,-318.29
176,11,5.00,1,26.22,26.69,26.63,0.0,0.00,0.0,-400.68,,-400.68
176,12,5.00,1,27.33,27.17,27.11,0.0,0.00,0.0,-213.78,,-213.78
176,13,5.00,1,28.21,27.69,27.41,-546.26,0.00,0.0,-1169.22,,-1715.48
176,14,5.00,1,27.89,28.11,27.41,-1468.32,0.00,0.0,-1063.04,,-2531.3599999999997
176,15,5.00,1,27.42,28.47,27.41,-2048.6,0.00,0.0,-281.14,,-2329.74
176,16,5.00,1,27.11,28.79,27.41,-2507.3,0.00,0.0,-299.57,,-2806.8700000000003
176,17,5.00,1,26.44,29.00,27.41,-2689.91,0.00,0.0,-34.95,,-2724.8599999999997
176,18,5.00,1,25.54,29.09,27.41,-2605.34,0.00,0.0,0.0,,-2605.34
176,19,5.00,1,24.84,28.65,27.87,0.0,0.00,0.0,0.0,,0.0
176,20,5.00,1,23.83,28.36,27.79,0.0,0.00,0.0,0.0,,0.0
176,21,5.00,1,22.99,28.05,27.55,0.0,0.00,0.0,0.0,,0.0
176,22,5.00,1,22.83,27.76,27.30,0.0,0.00,0.0,0.0,,0.0
176,23,5.00,1,22.30,27.46,27.02,0.0,0.00,0.0,0.0,,0.0
176,24,5.00,1,21.82,27.16,26.74,0.0,0.00,0.0,0.0,,0.0
176,1,6.00,1,21.25,26.85,26.45,0.0,0.00,0.0,0.0,,0.0
176,2,6.00,1,20.87,26.55,26.17,0.0,0.00,0.0,0.0,,0.0
176,3,6.00,1,20.17,26.23,25.87,0.0,0.00,0.0,0.0,,0.0
176,4,6.00,1,19.51,25.91,25.56,0.0,0.00,0.0,0.0,,0.0
176,5,6.00,1,18.80,25.57,25.24,0.0,0.00,0.0,0.0,,0.0
176,6,6.00,1,18.47,25.25,24.94,0.0,0.00,0.0,0.0,,0.0
176,7,6.00,1,18.05,24.93,24.63,0.0,0.00,0.0,0.0,,0.0
176,8,6.00,1,19.23,25.10,24.83,0.0,0.00,0.0,0.0,,0.0
176,9,6.00,1,21.78,25.36,25.10,0.0,0.00,0.0,0.0,,0.0
176,10,6.00,1,23.79,25.71,25.46,0.0,0.00,0.0,0.0,,0.0
176,11,6.00,1,25.10,26.11,25.87,0.0,0.00,0.0,0.0,,0.0
176,12,6.00,1,26.58,26.61,26.38,0.0,0.00,0.0,0.0,,0.0
176,13,6.00,1,27.75,27.16,26.94,0.0,0.00,0.0,-481.72,,-481.72
176,14,6.00,1,28.63,27.72,27.41,-249.36,0.00,0.0,-860.74,,-1110.1
176,15,6.00,1,28.63,28.20,27.41,-1421.42,0.00,0.0,-290.95,,-1712.3700000000001
176,16,6.00,1,28.54,28.62,27.41,-2141.77,0.00,0.0,-1081.9,,-3223.67
176,17,6.00,1,28.25,28.95,27.41,-2605.07,0.00,0.0,-209.11,,-2814.1800000000003
176,18,6.00,1,27.92,29.18,27.41,-2841.91,0.00,0.0,-442.66,,-3284.5699999999997
176,19,6.00,1,27.36,28.77,27.94,0.0,0.00,0.0,0.0,,0.0
176,20,6.00,1,26.68,28.57,27.98,0.0,0.00,0.0,0.0,,0.0
176,21,6.00,1,26.00,28.37,27.85,0.0,0.00,0.0,0.0,,0.0
176,22,6.00,1,25.69,28.18,27.68,0.0,0.00,0.0,-0.0,,0.0
176,23,6.00,1,25.34,27.97,27.50,0.0,0.00,0.0,-0.0,,0.0
176,24,6.00,1,25.18,27.77,27.33,0.0,0.00,0.0,-0.0,,0.0
176,1,7.00,1,25.21,27.60,27.17,0.0,0.00,0.0,-0.0,,0.0
176,2,7.00,1,24.77,27.40,27.00,0.0,0.00,0.0,-0.0,,0.0
176,3,7.00,1,24.15,27.19,26.81,0.0,0.00,0.0,-0.0,,0.0
176,4,7.00,1,23.75,26.98,26.61,0.0,0.00,0.0,-0.0,,0.0
176,5,7.00,1,23.60,26.78,26.43,0.0,0.00,0.0,-0.0,,0.0
176,6,7.00,1,23.60,26.60,26.27,0.0,0.00,0.0,-0.0,,0.0
176,7,7.00,1,23.60,26.43,26.11,0.0,0.00,0.0,-0.0,,0.0
176,8,7.00,1,23.64,26.78,26.48,0.0,0.00,0.0,0.0,,0.0
176,9,7.00,1,25.12,27.04,26.76,0.0,0.00,0.0,-1.47,,-1.47
176,10,7.00,1,26.37,27.34,27.08,0.0,0.00,0.0,0.0,,0.0
176,11,7.00,1,26.59,27.64,27.38,0.0,0.00,0.0,-81.25,,-81.25
176,12,7.00,1,27.25,28.01,27.41,-904.98,0.00,0.0,-231.78,,-1136.76
176,13,7.00,1,27.84,28.43,27.41,-1733.28,0.00,0.0,-851.19,,-2584.4700000000003
176,14,7.00,1,27.30,28.76,27.41,-2228.67,0.00,0.0,-944.92,,-3173.59
176,15,7.00,1,26.63,29.02,27.41,-2581.94,0.00,0.0,0.0,,-2581.94
176,16,7.00,1,26.06,29.24,27.41,-2817.19,0.00,0.0,0.0,,-2817.19
176,17,7.00,1,25.08,29.34,27.41,-2775.6,0.00,0.0,0.0,,-2775.6
176,18,7.00,1,23.90,29.32,27.41,-2481.81,0.00,0.0,0.0,,-2481.81
176,19,7.00,1,22.92,28.85,27.81,0.0,0.00,0.0,0.0,,0.0
176,20,7.00,1,21.82,28.48,27.67,0.0,0.00,0.0,0.0,,0.0
176,21,7.00,1,20.69,28.07,27.34,0.0,0.00,0.0,0.0,,0.0
176,22,7.00,1,19.93,27.66,26.97,0.0,0.00,0.0,0.0,,0.0
176,23,7.00,1,18.75,27.21,26.56,0.0,0.00,0.0,0.0,,0.0
176,24,7.00,1,17.51,26.74,26.12,0.0,0.00,0.0,0.0,,0.0
176,1,1.00,2,17.69,26.33,25.74,0.0,0.00,0.0,0.0,,0.0
176,2,1.00,2,17.87,25.96,25.39,0.0,0.00,0.0,0.0,,0.0
176,3,1.00,2,18.03,25.62,25.08,0.0,0.00,0.0,0.0,,0.0
176,4,1.00,2,18.46,25.32,24.80,0.0,0.00,0.0,0.0,,0.0
176,5,1.00,2,18.97,25.07,24.57,0.0,0.00,0.0,0.0,,0.0
176,6,1.00,2,19.48,24.85,24.38,0.0,0.00,0.0,0.0,,0.0
176,7,1.00,2,20.11,24.67,24.22,0.0,0.00,0.0,0.0,,0.0
176,8,1.00,2,20.58,24.97,24.55,0.0,0.00,0.0,0.0,,0.0
176,9,1.00,2,23.40,25.32,24.94,0.0,0.00,0.0,-92.77,,-92.77
176,10,1.00,2,25.12,25.72,25.35,0.0,0.00,0.0,-304.96,,-304.96
176,11,1.00,2,25.98,26.13,25.78,0.0,0.00,0.0,-520.84,,-520.84
176,12,1.00,2,26.92,26.62,26.28,0.0,0.00,0.0,-433.72,,-433.72
176,13,1.00,2,27.44,27.15,26.83,0.0,0.00,0.0,-759.19,,-759.19
176,14,1.00,2,27.95,27.70,26.98,-1050.44,0.00,0.0,-1394.89,,-2445.33
176,15,1.00,2,28.37,28.24,26.98,-2155.7,0.00,0.0,-823.9,,-2979.6
176,16,1.00,2,27.90,28.65,26.98,-2785.62,0.00,0.0,-1526.01,,-4311.63
176,17,1.00,2,27.18,28.94,26.98,-3090.73,0.00,0.0,-556.14,,-3646.87
176,18,1.00,2,25.87,29.03,26.98,-2974.92,0.00,0.0,0.0,,-2974.92
176,19,1.00,2,24.97,28.57,27.54,0.0,0.00,0.0,0.0,,0.0
176,20,1.00,2,23.78,28.26,27.48,0.0,0.00,0.0,0.0,,0.0
176,21,1.00,2,22.71,27.94,27.24,0.0,0.00,0.0,0.0,,0.0
176,22,1.00,2,22.38,27.63,26.97,0.0,0.00,0.0,0.0,,0.0
176,23,1.00,2,21.22,27.27,26.65,0.0,0.00,0.0,0.0,,0.0
176,24,1.00,2,20.31,26.91,26.31,0.0,0.00,0.0,0.0,,0.0
176,1,2.00,2,19.37,26.53,25.96,0.0,0.00,0.0,0.0,,0.0
176,2,2.00,2,19.11,26.17,25.63,0.0,0.00,0.0,0.0,,0.0
176,3,2.00,2,18.41,25.81,25.29,0.0,0.00,0.0,0.0,,0.0
176,4,2.00,2,17.73,25.44,24.94,0.0,0.00,0.0,0.0,,0.0
176,5,2.00,2,17.19,25.07,24.60,0.0,0.00,0.0,0.0,,0.0
176,6,2.00,2,17.82,24.78,24.32,0.0,0.00,0.0,0.0,,0.0
176,7,2.00,2,18.48,24.53,24.10,0.0,0.00,0.0,0.0,,0.0
176,8,2.00,2,19.50,24.76,24.36,0.0,0.00,0.0,0.0,,0.0
176,9,2.00,2,22.57,25.10,24.72,0.0,0.00,0.0,0.0,,0.0
176,10,2.00,2,24.43,25.48,25.12,0.0,0.00,0.0,-101.97,,-101.97
176,11,2.00,2,25.51,25.90,25.56,0.0,0.00,0.0,-477.24,,-477.24
176,12,2.00,2,26.58,26.40,26.07,0.0,0.00,0.0,-291.28,,-291.28
176,13,2.00,2,27.34,26.95,26.64,0.0,0.00,0.0,-1033.4,,-1033.4
176,14,2.00,2,27.88,27.51,26.98,-602.26,0.00,0.0,-1243.76,,-1846.02
176,15,2.00,2,27.39,27.97,26.98,-1633.43,0.00,0.0,-154.25,,-1787.68
176,16,2.00,2,27.13,28.37,26.98,-2304.38,0.00,0.0,-857.63,,-3162.01
176,17,2.00,2,26.30,28.63,26.98,-2581.86,0.00,0.0,0.0,,-2581.86
176,18,2.00,2,25.53,28.76,26.98,-2594.79,0.00,0.0,0.0,,-2594.79
176,19,2.00,2,24.79,28.32,27.42,0.0,0.00,0.0,0.0,,0.0
176,20,2.00,2,23.86,28.03,27.35,0.0,0.00,0.0,0.0,,0.0
176,21,2.00,2,22.95,27.73,27.12,0.0,0.00,0.0,0.0,,0.0
176,22,2.00,2,22.18,27.42,26.85,0.0,0.00,0.0,0.0,,0.0
176,23,2.00,2,21.43,27.09,26.55,0.0,0.00,0.0,0.0,,0.0
176,24,2.00,2,20.72,26.76,26.24,0.0,0.00,0.0,0.0,,0.0
176,1,3.00,2,20.22,26.43,25.93,0.0,0.00,0.0,0.0,,0.0
176,2,3.00,2,19.44,26.09,25.61,0.0,0.00,0.0,0.0,,0.0
176,3,3.00,2,18.54,25.72,25.27,0.0,0.00,0.0,0.0,,0.0
176,4,3.00,2,18.26,25.39,24.95,0.0,0.00,0.0,0.0,,0.0
176,5,3.00,2,17.66,25.04,24.62,0.0,0.00,0.0,0.0,,0.0
176,6,3.00,2,18.20,24.76,24.36,0.0,0.00,0.0,0.0,,0.0
176,7,3.00,2,18.70,24.52,24.14,0.0,0.00,0.0,0.0,,0.0
176,8,3.00,2,19.70,25.00,24.63,0.0,0.00,0.0,0.0,,0.0
176,9,3.00,2,22.16,25.27,24.92,0.0,0.00,0.0,0.0,,0.0
176,10,3.00,2,23.89,25.57,25.23,0.0,0.00,0.0,-0.0,,0.0
176,11,3.00,2,25.25,25.94,25.62,0.0,0.00,0.0,-0.0,,0.0
176,12,3.00,2,26.48,26.42,26.10,0.0,0.00,0.0,-0.0,,0.0
176,13,3.00,2,27.15,26.94,26.64,0.0,0.00,0.0,-0.0,,0.0
176,14,3.00,2,27.64,27.50,27.21,0.0,0.00,0.0,-0.0,,0.0
176,15,3.00,2,28.18,28.05,27.78,0.0,0.00,0.0,-0.0,,0.0
176,16,3.00,2,28.69,28.58,28.31,0.0,0.00,0.0,-0.0,,0.0
176,17,3.00,2,27.64,28.94,28.69,0.0,0.00,0.0,0.0,,0.0
176,18,3.00,2,26.66,29.17,28.92,0.0,0.00,0.0,0.0,,0.0
176,19,3.00,2,25.59,28.60,28.36,0.0,0.00,0.0,0.0,,0.0
176,20,3.00,2,24.71,28.31,28.08,0.0,0.00,0.0,0.0,,0.0
176,21,3.00,2,23.44,28.00,27.78,0.0,0.00,0.0,0.0,,0.0
176,22,3.00,2,22.53,27.68,27.46,0.0,0.00,0.0,0.0,,0.0
176,23,3.00,2,21.57,27.33,27.13,0.0,0.00,0.0,0.0,,0.0
176,24,3.00,2,20.59,26.97,26.77,0.0,0.00,0.0,0.0,,0.0
176,1,4.00,2,21.27,26.69,26.50,0.0,0.00,0.0,0.0,,0.0
176,2,4.00,2,20.29,26.37,26.18,0.0,0.00,0.0,0.0,,0.0
176,3,4.00,2,19.38,26.02,25.84,0.0,0.00,0.0,0.0,,0.0
176,4,4.00,2,19.13,25.70,25.53,0.0,0.00,0.0,0.0,,0.0
176,5,4.00,2,18.78,25.39,25.22,0.0,0.00,0.0,0.0,,0.0
176,6,4.00,2,18.00,25.05,24.89,0.0,0.00,0.0,0.0,,0.0
176,7,4.00,2,17.60,24.73,24.57,0.0,0.00,0.0,0.0,,0.0
176,8,4.00,2,18.66,25.15,25.00,0.0,0.00,0.0,0.0,,0.0
176,9,4.00,2,20.83,25.35,25.20,0.0,0.00,0.0,0.0,,0.0
176,10,4.00,2,22.78,25.60,25.46,0.0,0.00,0.0,-0.0,,0.0
176,11,4.00,2,24.58,25.96,25.82,0.0,0.00,0.0,-0.0,,0.0
176,12,4.00,2,25.60,26.39,26.26,0.0,0.00,0.0,-0.0,,0.0
176,13,4.00,2,26.42,26.90,26.76,0.0,0.00,0.0,0.0,,0.0
176,14,4.00,2,27.25,27.45,27.32,0.0,0.00,0.0,0.0,,0.0
176,15,4.00,2,26.78,27.93,27.81,0.0,0.00,0.0,0.0,,0.0
176,16,4.00,2,26.30,28.35,28.22,0.0,0.00,0.0,0.0,,0.0
176,17,4.00,2,25.76,28.66,28.54,0.0,0.00,0.0,0.0,,0.0
176,18,4.00,2,24.87,28.83,28.71,0.0,0.00,0.0,0.0,,0.0
176,19,4.00,2,24.12,28.24,28.12,0.0,0.00,0.0,0.0,,0.0
176,20,4.00,2,23.17,27.91,27.79,0.0,0.00,0.0,0.0,,0.0
176,21,4.00,2,22.50,27.60,27.49,0.0,0.00,0.0,0.0,,0.0
176,22,4.00,2,21.56,27.27,27.16,0.0,0.00,0.0,0.0,,0.0
176,23,4.00,2,21.48,26.96,26.86,0.0,0.00,0.0,0.0,,0.0
176,24,4.00,2,20.73,26.64,26.54,0.0,0.00,0.0,0.0,,0.0
176,1,5.00,2,20.16,26.32,26.22,0.0,0.00,0.0,0.0,,0.0
176,2,5.00,2,19.42,25.98,25.88,0.0,0.00,0.0,0.0,,0.0
176,3,5.00,2,18.79,25.64,25.55,0.0,0.00,0.0,0.0,,0.0
176,4,5.00,2,18.27,25.31,25.21,0.0,0.00,0.0,0.0,,0.0
176,5,5.00,2,17.72,24.97,24.88,0.0,0.00,0.0,0.0,,0.0
176,6,5.00,2,17.22,24.63,24.54,0.0,0.00,0.0,0.0,,0.0
176,7,5.00,2,16.84,24.31,24.22,0.0,0.00,0.0,0.0,,0.0
176,8,5.00,2,18.10,24.45,24.36,0.0,0.00,0.0,0.0,,0.0
176,9,5.00,2,20.45,24.66,24.58,0.0,0.00,0.0,0.0,,0.0
176,10,5.00,2,22.25,24.96,24.88,0.0,0.00,0.0,0.0,,0.0
176,11,5.00,2,24.26,25.40,25.32,0.0,0.00,0.0,0.0,,0.0
176,12,5.00,2,25.67,25.91,25.83,0.0,0.00,0.0,0.0,,0.0
176,13,5.00,2,26.48,26.46,26.38,0.0,0.00,0.0,0.0,,0.0
176,14,5.00,2,27.70,27.09,26.98,-86.84,0.00,0.0,0.0,,-86.84
176,15,5.00,2,27.12,27.56,26.98,-1283.66,0.00,0.0,-243.56,,-1527.22
176,16,5.00,2,26.67,27.96,26.98,-1944.25,0.00,0.0,-101.35,,-2045.6
176,17,5.00,2,25.81,28.22,26.98,-2231.93,0.00,0.0,0.0,,-2231.93
176,18,5.00,2,24.77,28.32,26.98,-2190.01,0.00,0.0,-4.95,,-2194.96
176,19,5.00,2,23.94,27.88,27.28,0.0,0.00,0.0,0.0,,0.0
176,20,5.00,2,22.91,27.58,27.16,0.0,0.00,0.0,0.0,,0.0
176,21,5.00,2,22.20,27.29,26.91,0.0,0.00,0.0,0.0,,0.0
176,22,5.00,2,21.28,26.96,26.61,0.0,0.00,0.0,0.0,,0.0
176,23,5.00,2,21.41,26.67,26.34,0.0,0.00,0.0,0.0,,0.0
176,24,5.00,2,20.91,26.38,26.06,0.0,0.00,0.0,0.0,,0.0
176,1,6.00,2,20.42,26.08,25.78,0.0,0.00,0.0,0.0,,0.0
176,2,6.00,2,19.85,25.78,25.49,0.0,0.00,0.0,0.0,,0.0
176,3,6.00,2,19.24,25.47,25.19,0.0,0.00,0.0,0.0,,0.0
176,4,6.00,2,18.84,25.17,24.90,0.0,0.00,0.0,0.0,,0.0
176,5,6.00,2,17.85,24.83,24.58,0.0,0.00,0.0,0.0,,0.0
176,6,6.00,2,16.76,24.47,24.23,0.0,0.00,0.0,0.0,,0.0
176,7,6.00,2,17.35,24.19,23.95,0.0,0.00,0.0,0.0,,0.0
176,8,6.00,2,18.34,24.35,24.13,0.0,0.00,0.0,0.0,,0.0
176,9,6.00,2,20.75,24.59,24.38,0.0,0.00,0.0,0.0,,0.0
176,10,6.00,2,22.13,24.86,24.66,0.0,0.00,0.0,0.0,,0.0
176,11,6.00,2,23.45,25.23,25.04,0.0,0.00,0.0,0.0,,0.0
176,12,6.00,2,24.21,25.64,25.46,0.0,0.00,0.0,0.0,,0.0
176,13,6.00,2,24.74,26.10,25.93,0.0,0.00,0.0,0.0,,0.0
176,14,6.00,2,25.38,26.61,26.44,0.0,0.00,0.0,0.0,,0.0
176,15,6.00,2,26.19,27.14,26.98,-1.55,0.00,0.0,0.0,,-1.55
176,16,6.00,2,26.90,27.65,26.98,-1309.21,0.00,0.0,0.0,,-1309.21
176,17,6.00,2,26.28,27.97,26.98,-1771.2,0.00,0.0,0.0,,-1771.2
176,18,6.00,2,25.36,28.13,26.98,-1872.49,0.00,0.0,0.0,,-1872.49
176,19,6.00,2,24.48,27.70,27.17,0.0,0.00,0.0,0.0,,0.0
176,20,6.00,2,23.44,27.43,27.04,0.0,0.00,0.0,0.0,,0.0
176,21,6.00,2,22.79,27.16,26.82,0.0,0.00,0.0,0.0,,0.0
176,22,6.00,2,21.97,26.87,26.55,0.0,0.00,0.0,0.0,,0.0
176,23,6.00,2,22.12,26.62,26.32,0.0,0.00,0.0,0.0,,0.0
176,24,6.00,2,21.79,26.36,26.07,0.0,0.00,0.0,0.0,,0.0
176,1,7.00,2,20.99,26.08,25.80,0.0,0.00,0.0,0.0,,0.0
176,2,7.00,2,20.12,25.78,25.51,0.0,0.00,0.0,0.0,,0.0
176,3,7.00,2,19.12,25.45,25.20,0.0,0.00,0.0,0.0,,0.0
176,4,7.00,2,17.92,25.10,24.85,0.0,0.00,0.0,0.0,,0.0
176,5,7.00,2,17.14,24.74,24.50,0.0,0.00,0.0,0.0,,0.0
176,6,7.00,2,16.47,24.37,24.15,0.0,0.00,0.0,0.0,,0.0
176,7,7.00,2,15.95,24.02,23.80,0.0,0.00,0.0,0.0,,0.0
176,8,7.00,2,16.90,24.08,23.88,0.0,0.00,0.0,0.0,,0.0
176,9,7.00,2,19.38,24.26,24.07,0.0,0.00,0.0,0.0,,0.0
176,10,7.00,2,21.14,24.53,24.34,0.0,0.00,0.0,0.0,,0.0
176,11,7.00,2,23.14,24.94,24.76,0.0,0.00,0.0,0.0,,0.0
176,12,7.00,2,23.93,25.37,25.20,0.0,0.00,0.0,0.0,,0.0
176,13,7.00,2,24.49,25.84,25.68,0.0,0.00,0.0,0.0,,0.0
176,14,7.00,2,24.97,26.33,26.18,0.0,0.00,0.0,0.0,,0.0
176,15,7.00,2,25.81,26.86,26.72,0.0,0.00,0.0,0.0,,0.0
176,16,7.00,2,26.60,27.38,26.98,-657.73,0.00,0.0,0.0,,-657.73
176,17,7.00,2,25.93,27.70,26.98,-1303.27,0.00,0.0,0.0,,-1303.27
176,18,7.00,2,25.04,27.87,26.98,-1450.25,0.00,0.0,0.0,,-1450.25
176,19,7.00,2,23.93,27.42,27.01,0.0,0.00,0.0,0.0,,0.0
176,20,7.00,2,22.78,27.14,26.83,0.0,0.00,0.0,0.0,,0.0
176,21,7.00,2,21.73,26.84,26.57,0.0,0.00,0.0,0.0,,0.0
176,22,7.00,2,21.03,26.53,26.27,0.0,0.00,0.0,0.0,,0.0
176,23,7.00,2,20.37,26.21,25.97,0.0,0.00,0.0,0.0,,0.0
176,24,7.00,2,19.74,25.89,25.65,0.0,0.00,0.0,0.0,,0.0
176,1,1.00,2,19.49,25.58,25.36,0.0,0.00,0.0,0.0,,0.0
176,2,1.00,2,19.15,25.28,25.07,0.0,0.00,0.0,0.0,,0.0
176,3,1.00,2,18.98,25.00,24.79,0.0,0.00,0.0,0.0,,0.0
176,4,1.00,2,18.59,24.71,24.51,0.0,0.00,0.0,0.0,,0.0
176,5,1.00,2,17.68,24.40,24.21,0.0,0.00,0.0,0.0,,0.0
176,6,1.00,2,16.98,24.07,23.89,0.0,0.00,0.0,0.0,,0.0
176,7,1.00,2,16.58,23.76,23.59,0.0,0.00,0.0,0.0,,0.0
176,8,1.00,2,15.96,23.74,23.58,0.0,0.00,0.0,0.0,,0.0
176,9,1.00,2,17.79,23.83,23.67,0.0,0.00,0.0,0.0,,0.0
176,10,1.00,2,19.77,24.06,23.91,0.0,0.00,0.0,0.0,,0.0
176,11,1.00,2,21.13,24.37,24.23,0.0,0.00,0.0,0.0,,0.0
176,12,1.00,2,22.20,24.77,24.63,0.0,0.00,0.0,0.0,,0.0
176,13,1.00,2,23.10,25.23,25.09,0.0,0.00,0.0,0.0,,0.0
176,14,1.00,2,24.16,25.76,25.63,0.0,0.00,0.0,0.0,,0.0
176,15,1.00,2,25.14,26.31,26.18,0.0,0.00,0.0,0.0,,0.0
176,16,1.00,2,26.08,26.85,26.72,0.0,0.00,0.0,0.0,,0.0
176,17,1.00,2,25.82,27.22,26.98,-319.47,0.00,0.0,0.0,,-319.47
176,18,1.00,2,25.22,27.44,26.98,-799.15,0.00,0.0,0.0,,-799.15
176,19,1.00,2,24.41,27.03,26.80,0.0,0.00,0.0,0.0,,0.0
176,20,1.00,2,23.79,26.82,26.64,0.0,0.00,0.0,0.0,,0.0
176,21,1.00,2,23.33,26.61,26.45,0.0,0.00,0.0,0.0,,0.0
176,22,1.00,2,23.37,26.42,26.27,0.0,0.00,0.0,0.0,,0.0
176,23,1.00,2,23.11,26.23,26.08,0.0,0.00,0.0,-0.0,,0.0
176,24,1.00,2,22.98,26.04,25.90,0.0,0.00,0.0,-0.0,,0.0
176,1,2.00,2,22.67,25.85,25.72,0.0,0.00,0.0,-0.0,,0.0
176,2,2.00,2,22.75,25.69,25.56,0.0,0.00,0.0,-0.0,,0.0
176,3,2.00,2,22.76,25.53,25.40,0.0,0.00,0.0,-0.0,,0.0
176,4,2.00,2,22.77,25.38,25.26,0.0,0.00,0.0,-0.0,,0.0
176,5,2.00,2,22.50,25.23,25.11,0.0,0.00,0.0,-0.0,,0.0
176,6,2.00,2,22.25,25.08,24.96,0.0,0.00,0.0,-0.0,,0.0
176,7,2.00,2,22.34,24.94,24.83,0.0,0.00,0.0,-0.0,,0.0
176,8,2.00,2,22.49,25.34,25.23,0.0,0.00,0.0,-644.54,,-644.54
176,9,2.00,2,24.22,25.64,25.54,0.0,0.00,0.0,-843.67,,-843.67
176,10,2.00,2,25.27,25.96,25.86,0.0,0.00,0.0,-569.08,,-569.08
176,11,2.00,2,25.68,26.29,26.20,0.0,0.00,0.0,0.0,,0.0
176,12,2.00,2,25.77,26.66,26.56,0.0,0.00,0.0,-111.07,,-111.07
176,13,2.00,2,25.91,27.07,26.98,0.0,0.00,0.0,0.0,,0.0
176,14,2.00,2,25.40,27.43,26.98,-938.03,0.00,0.0,0.0,,-938.03
176,15,2.00,2,24.57,27.73,26.98,-1425.94,0.00,0.0,0.0,,-1425.94
176,16,2.00,2,23.88,27.96,26.98,-1744.25,0.00,0.0,0.0,,-1744.25
176,17,2.00,2,22.87,28.06,26.98,-1750.59,0.00,0.0,0.0,,-1750.59
176,18,2.00,2,21.54,28.00,26.98,-1424.42,0.00,0.0,0.0,,-1424.42
176,19,2.00,2,20.47,27.53,27.01,0.0,0.00,0.0,0.0,,0.0
176,20,2.00,2,19.21,27.12,26.73,0.0,0.00,0.0,0.0,,0.0
176,21,2.00,2,18.22,26.69,26.33,0.0,0.00,0.0,0.0,,0.0
176,22,2.00,2,17.67,26.26,25.93,0.0,0.00,0.0,0.0,,0.0
176,23,2.00,2,16.71,25.81,25.49,0.0,0.00,0.0,0.0,,0.0
176,24,2.00,2,15.99,25.36,25.06,0.0,0.00,0.0,0.0,,0.0
176,1,3.00,2,15.09,24.90,24.61,0.0,0.00,0.0,0.0,,0.0
176,2,3.00,2,15.73,24.53,24.25,0.0,0.00,0.0,0.0,,0.0
176,3,3.00,2,16.24,24.20,23.93,0.0,0.00,0.0,0.0,,0.0
176,4,3.00,2,17.04,23.93,23.68,0.0,0.00,0.0,0.0,,0.0
176,5,3.00,2,17.52,23.69,23.45,0.0,0.00,0.0,0.0,,0.0
176,6,3.00,2,17.93,23.49,23.25,0.0,0.00,0.0,0.0,,0.0
176,7,3.00,2,18.65,23.33,23.10,0.0,0.00,0.0,0.0,,0.0
176,8,3.00,2,19.08,23.84,23.63,0.0,0.00,0.0,0.0,,0.0
176,9,3.00,2,21.51,24.15,23.94,0.0,0.00,0.0,-0.0,,0.0
176,10,3.00,2,23.14,24.48,24.28,0.0,0.00,0.0,-0.0,,0.0
176,11,3.00,2,24.20,24.87,24.67,0.0,0.00,0.0,-0.0,,0.0
176,12,3.00,2,25.25,25.34,25.16,0.0,0.00,0.0,-0.0,,0.0
176,13,3.00,2,26.01,25.88,25.70,0.0,0.00,0.0,-0.0,,0.0
176,14,3.00,2,25.61,26.39,26.22,0.0,0.00,0.0,-0.0,,0.0
176,15,3.00,2,25.04,26.86,26.69,0.0,0.00,0.0,0.0,,0.0
176,16,3.00,2,24.63,27.26,27.10,0.0,0.00,0.0,0.0,,0.0
176,17,3.00,2,23.75,27.54,27.38,0.0,0.00,0.0,0.0,,0.0
176,18,3.00,2,22.86,27.68,27.53,0.0,0.00,0.0,0.0,,0.0
176,19,3.00,2,22.02,27.06,26.92,0.0,0.00,0.0,0.0,,0.0
176,20,3.00,2,20.78,26.69,26.55,0.0,0.00,0.0,0.0,,0.0
176,21,3.00,2,19.71,26.32,26.19,0.0,0.00,0.0,0.0,,0.0
176,22,3.00,2,19.04,25.96,25.83,0.0,0.00,0.0,0.0,,0.0
176,23,3.00,2,18.35,25.59,25.46,0.0,0.00,0.0,0.0,,0.0
176,24,3.00,2,17.86,25.23,25.11,0.0,0.00,0.0,0.0,,0.0
176,1,4.00,2,17.24,24.87,24.75,0.0,0.00,0.0,0.0,,0.0
176,2,4.00,2,16.57,24.50,24.38,0.0,0.00,0.0,0.0,,0.0
176,3,4.00,2,15.76,24.12,24.00,0.0,0.00,0.0,0.0,,0.0
176,4,4.00,2,15.06,23.73,23.62,0.0,0.00,0.0,0.0,,0.0
176,5,4.00,2,14.48,23.35,23.24,0.0,0.00,0.0,0.0,,0.0
176,6,4.00,2,14.04,22.98,22.87,0.0,0.00,0.0,0.0,,0.0
176,7,4.00,2,14.98,22.69,22.59,0.0,0.00,0.0,0.0,,0.0
176,8,4.00,2,16.21,23.14,23.04,0.0,0.00,0.0,0.0,,0.0
176,9,4.00,2,18.51,23.37,23.27,0.0,0.00,0.0,0.0,,0.0
176,10,4.00,2,20.74,23.66,23.56,0.0,0.00,0.0,0.0,,0.0
176,11,4.00,2,22.01,24.01,23.92,0.0,0.00,0.0,0.0,,0.0
176,12,4.00,2,23.48,24.47,24.38,0.0,0.00,0.0,0.0,,0.0
176,13,4.00,2,24.48,25.01,24.92,0.0,0.00,0.0,0.0,,0.0
176,14,4.00,2,25.30,25.59,25.50,0.0,0.00,0.0,0.0,,0.0
176,15,4.00,2,24.65,26.09,26.00,0.0,0.00,0.0,0.0,,0.0
176,16,4.00,2,24.19,26.52,26.43,0.0,0.00,0.0,0.0,,0.0
176,17,4.00,2,23.21,26.82,26.74,0.0,0.00,0.0,0.0,,0.0
176,18,4.00,2,22.06,26.97,26.89,0.0,0.00,0.0,0.0,,0.0
176,19,4.00,2,21.22,26.36,26.28,0.0,0.00,0.0,0.0,,0.0
176,20,4.00,2,20.18,26.00,25.93,0.0,0.00,0.0,0.0,,0.0
176,21,4.00,2,19.21,25.66,25.58,0.0,0.00,0.0,0.0,,0.0
176,22,4.00,2,18.66,25.32,25.25,0.0,0.00,0.0,0.0,,0.0
176,23,4.00,2,18.07,24.98,24.90,0.0,0.00,0.0,0.0,,0.0
176,24,4.00,2,17.25,24.62,24.55,0.0,0.00,0.0,0.0,,0.0
176,1,5.00,2,16.40,24.25,24.18,0.0,0.00,0.0,0.0,,0.0
176,2,5.00,2,15.47,23.86,23.79,0.0,0.00,0.0,0.0,,0.0
176,3,5.00,2,14.67,23.47,23.40,0.0,0.00,0.0,0.0,,0.0
176,4,5.00,2,14.21,23.09,23.02,0.0,0.00,0.0,0.0,,0.0
176,5,5.00,2,14.87,22.78,22.72,0.0,0.00,0.0,0.0,,0.0
176,6,5.00,2,15.58,22.53,22.46,0.0,0.00,0.0,0.0,,0.0
176,7,5.00,2,16.30,22.32,22.26,0.0,0.00,0.0,0.0,,0.0
176,8,5.00,2,16.79,22.53,22.47,0.0,0.00,0.0,0.0,,0.0
176,9,5.00,2,18.74,22.76,22.71,0.0,0.00,0.0,0.0,,0.0
176,10,5.00,2,21.15,23.15,23.10,0.0,0.00,0.0,0.0,,0.0
176,11,5.00,2,22.53,23.59,23.53,0.0,0.00,0.0,0.0,,0.0
176,12,5.00,2,23.72,24.10,24.05,0.0,0.00,0.0,0.0,,0.0
176,13,5.00,2,24.60,24.67,24.62,0.0,0.00,0.0,0.0,,0.0
176,14,5.00,2,25.41,25.27,25.22,0.0,0.00,0.0,0.0,,0.0
176,15,5.00,2,25.05,25.77,25.71,0.0,0.00,0.0,0.0,,0.0
176,16,5.00,2,24.67,26.18,26.13,0.0,0.00,0.0,0.0,,0.0
176,17,5.00,2,24.08,26.47,26.42,0.0,0.00,0.0,0.0,,0.0
176,18,5.00,2,23.21,26.62,26.57,0.0,0.00,0.0,0.0,,0.0
176,19,5.00,2,22.37,26.20,26.14,0.0,0.00,0.0,0.0,,0.0
176,20,5.00,2,21.37,25.92,25.87,0.0,0.00,0.0,0.0,,0.0
176,21,5.00,2,20.53,25.64,25.59,0.0,0.00,0.0,0.0,,0.0
176,22,5.00,2,19.85,25.35,25.29,0.0,0.00,0.0,0.0,,0.0
176,23,5.00,2,19.36,25.05,25.00,0.0,0.00,0.0,0.0,,0.0
176,24,5.00,2,18.81,24.75,24.70,0.0,0.00,0.0,0.0,,0.0
176,1,6.00,2,18.30,24.45,24.40,0.0,0.00,0.0,0.0,,0.0
176,2,6.00,2,17.62,24.14,24.09,0.0,0.00,0.0,0.0,,0.0
176,3,6.00,2,16.96,23.82,23.77,0.0,0.00,0.0,0.0,,0.0
176,4,6.00,2,16.51,23.51,23.46,0.0,0.00,0.0,0.0,,0.0
176,5,6.00,2,16.08,23.20,23.15,0.0,0.00,0.0,0.0,,0.0
176,6,6.00,2,15.76,22.90,22.85,0.0,0.00,0.0,0.0,,0.0
176,7,6.00,2,16.37,22.66,22.61,0.0,0.00,0.0,0.0,,0.0
176,8,6.00,2,16.92,22.84,22.79,0.0,0.00,0.0,0.0,,0.0
176,9,6.00,2,19.24,23.09,23.04,0.0,0.00,0.0,0.0,,0.0
176,10,6.00,2,21.14,23.43,23.38,0.0,0.00,0.0,0.0,,0.0
176,11,6.00,2,22.92,23.87,23.83,0.0,0.00,0.0,0.0,,0.0
176,12,6.00,2,24.28,24.41,24.36,0.0,0.00,0.0,0.0,,0.0
176,13,6.00,2,25.05,24.97,24.92,0.0,0.00,0.0,0.0,,0.0
176,14,6.00,2,25.76,25.56,25.51,0.0,0.00,0.0,0.0,,0.0
176,15,6.00,2,25.28,26.03,25.99,0.0,0.00,0.0,0.0,,0.0
176,16,6.00,2,24.40,26.39,26.35,0.0,0.00,0.0,0.0,,0.0
176,17,6.00,2,23.77,26.65,26.60,0.0,0.00,0.0,0.0,,0.0
176,18,6.00,2,22.64,26.73,26.69,0.0,0.00,0.0,0.0,,0.0
176,19,6.00,2,21.89,26.31,26.27,0.0,0.00,0.0,0.0,,0.0
176,20,6.00,2,20.94,26.02,25.97,0.0,0.00,0.0,0.0,,0.0
176,21,6.00,2,20.09,25.71,25.67,0.0,0.00,0.0,0.0,,0.0
176,22,6.00,2,19.55,25.40,25.36,0.0,0.00,0.0,0.0,,0.0
176,23,6.00,2,19.29,25.10,25.06,0.0,0.00,0.0,0.0,,0.0
176,24,6.00,2,18.48,24.78,24.74,0.0,0.00,0.0,0.0,,0.0
176,1,7.00,2,17.81,24.46,24.42,0.0,0.00,0.0,0.0,,0.0
176,2,7.00,2,17.26,24.13,24.09,0.0,0.00,0.0,0.0,,0.0
176,3,7.00,2,16.83,23.81,23.77,0.0,0.00,0.0,0.0,,0.0
176,4,7.00,2,16.34,23.50,23.45,0.0,0.00,0.0,0.0,,0.0
176,5,7.00,2,15.83,23.18,23.13,0.0,0.00,0.0,0.0,,0.0
176,6,7.00,2,16.60,22.93,22.89,0.0,0.00,0.0,0.0,,0.0
176,7,7.00,2,17.52,22.74,22.70,0.0,0.00,0.0,0.0,,0.0
176,8,7.00,2,17.83,22.99,22.95,0.0,0.00,0.0,0.0,,0.0
176,9,7.00,2,19.94,23.25,23.21,0.0,0.00,0.0,0.0,,0.0
176,10,7.00,2,22.07,23.63,23.60,0.0,0.00,0.0,0.0,,0.0
176,11,7.00,2,24.09,24.14,24.10,0.0,0.00,0.0,0.0,,0.0
176,12,7.00,2,25.17,24.68,24.64,0.0,0.00,0.0,0.0,,0.0
176,13,7.00,2,26.01,25.27,25.23,0.0,0.00,0.0,0.0,,0.0
176,14,7.00,2,26.66,25.87,25.84,0.0,0.00,0.0,0.0,,0.0
176,15,7.00,2,26.25,26.38,26.34,0.0,0.00,0.0,0.0,,0.0
176,16,7.00,2,25.61,26.78,26.74,0.0,0.00,0.0,0.0,,0.0
176,17,7.00,2,25.04,27.07,26.98,-144.54,0.00,0.0,0.0,,-144.54
176,18,7.00,2,23.95,27.19,26.98,-416.88,0.00,0.0,0.0,,-416.88
176,19,7.00,2,23.05,26.76,26.66,0.0,0.00,0.0,0.0,,0.0
176,20,7.00,2,21.79,26.46,26.39,0.0,0.00,0.0,0.0,,0.0
176,21,7.00,2,20.78,26.14,26.08,0.0,0.00,0.0,0.0,,0.0
176,22,7.00,2,20.64,25.86,25.80,0.0,0.00,0.0,0.0,,0.0
176,23,7.00,2,20.01,25.55,25.50,0.0,0.00,0.0,0.0,,0.0
176,24,7.00,2,19.61,25.26,25.20,0.0,0.00,0.0,0.0,,0.0
176,1,1.00,2,18.96,24.95,24.89,0.0,0.00,0.0,0.0,,0.0
176,2,1.00,2,18.03,24.62,24.56,0.0,0.00,0.0,0.0,,0.0
176,3,1.00,2,17.29,24.28,24.23,0.0,0.00,0.0,0.0,,0.0
176,4,1.00,2,16.48,23.93,23.88,0.0,0.00,0.0,0.0,,0.0
176,5,1.00,2,15.86,23.58,23.53,0.0,0.00,0.0,0.0,,0.0
176,6,1.00,2,16.48,23.30,23.25,0.0,0.00,0.0,0.0,,0.0
176,7,1.00,2,17.21,23.08,23.03,0.0,0.00,0.0,0.0,,0.0
176,8,1.00,2,17.87,23.30,23.25,0.0,0.00,0.0,0.0,,0.0
176,9,1.00,2,20.18,23.56,23.51,0.0,0.00,0.0,0.0,,0.0
176,10,1.00,2,22.34,23.94,23.89,0.0,0.00,0.0,0.0,,0.0
176,11,1.00,2,24.05,24.40,24.36,0.0,0.00,0.0,0.0,,0.0
176,12,1.00,2,25.47,24.96,24.91,0.0,0.00,0.0,-232.25,,-232.25
176,13,1.00,2,26.34,25.55,25.51,0.0,0.00,0.0,-11.54,,-11.54
176,14,1.00,2,26.97,26.15,26.11,0.0,0.00,0.0,0.0,,0.0
176,15,1.00,2,26.51,26.65,26.61,0.0,0.00,0.0,0.0,,0.0
176,16,1.00,2,26.11,27.07,26.98,-122.65,0.00,0.0,0.0,,-122.65
176,17,1.00,2,25.21,27.34,26.98,-774.26,0.00,0.0,0.0,,-774.26
176,18,1.00,2,23.99,27.44,26.98,-822.56,0.00,0.0,0.0,,-822.56
176,19,1.00,2,22.99,26.98,26.79,0.0,0.00,0.0,0.0,,0.0
176,20,1.00,2,21.92,26.68,26.55,0.0,0.00,0.0,0.0,,0.0
176,21,1.00,2,21.15,26.38,26.26,0.0,0.00,0.0,0.0,,0.0
176,22,1.00,2,20.42,26.06,25.95,0.0,0.00,0.0,0.0,,0.0
176,23,1.00,2,19.49,25.71,25.61,0.0,0.00,0.0,0.0,,0.0
176,24,1.00,2,18.83,25.37,25.27,0.0,0.00,0.0,0.0,,0.0
176,1,2.00,2,17.95,25.01,24.92,0.0,0.00,0.0,0.0,,0.0
176,2,2.00,2,17.14,24.64,24.55,0.0,0.00,0.0,0.0,,0.0
176,3,2.00,2,16.35,24.27,24.18,0.0,0.00,0.0,0.0,,0.0
176,4,2.00,2,15.98,23.91,23.82,0.0,0.00,0.0,0.0,,0.0
176,5,2.00,2,15.48,23.55,23.46,0.0,0.00,0.0,0.0,,0.0
176,6,2.00,2,15.02,23.19,23.11,0.0,0.00,0.0,0.0,,0.0
176,7,2.00,2,16.06,22.93,22.86,0.0,0.00,0.0,0.0,,0.0
176,8,2.00,2,17.11,23.12,23.04,0.0,0.00,0.0,0.0,,0.0
176,9,2.00,2,19.75,23.39,23.32,0.0,0.00,0.0,0.0,,0.0
176,10,2.00,2,22.13,23.78,23.72,0.0,0.00,0.0,0.0,,0.0
176,11,2.00,2,23.73,24.24,24.18,0.0,0.00,0.0,0.0,,0.0
176,12,2.00,2,25.17,24.80,24.73,0.0,0.00,0.0,-221.45,,-221.45
176,13,2.00,2,26.30,25.41,25.35,0.0,0.00,0.0,0.0,,0.0
176,14,2.00,2,27.13,26.05,25.99,0.0,0.00,0.0,0.0,,0.0
176,15,2.00,2,26.50,26.54,26.48,0.0,0.00,0.0,0.0,,0.0
176,16,2.00,2,26.05,26.96,26.91,0.0,0.00,0.0,0.0,,0.0
176,17,2.00,2,25.34,27.25,26.98,-561.16,0.00,0.0,0.0,,-561.16
176,18,2.00,2,24.21,27.37,26.98,-711.69,0.00,0.0,0.0,,-711.69
176,19,2.00,2,23.36,26.94,26.76,0.0,0.00,0.0,0.0,,0.0
176,20,2.00,2,22.09,26.64,26.52,0.0,0.00,0.0,0.0,,0.0
176,21,2.00,2,21.02,26.32,26.22,0.0,0.00,0.0,0.0,,0.0
176,22,2.00,2,20.60,26.02,25.92,0.0,0.00,0.0,0.0,,0.0
176,23,2.00,2,19.66,25.69,25.59,0.0,0.00,0.0,0.0,,0.0
176,24,2.00,2,19.00,25.35,25.26,0.0,0.00,0.0,0.0,,0.0
176,1,3.00,2,18.32,25.01,24.92,0.0,0.00,0.0,0.0,,0.0
176,2,3.00,2,17.62,24.66,24.57,0.0,0.00,0.0,0.0,,0.0
176,3,3.00,2,16.79,24.30,24.22,0.0,0.00,0.0,0.0,,0.0
176,4,3.00,2,15.80,23.92,23.84,0.0,0.00,0.0,0.0,,0.0
176,5,3.00,2,15.08,23.54,23.46,0.0,0.00,0.0,0.0,,0.0
176,6,3.00,2,15.75,23.23,23.15,0.0,0.00,0.0,0.0,,0.0
176,7,3.00,2,16.52,22.99,22.91,0.0,0.00,0.0,0.0,,0.0
176,8,3.00,2,17.15,23.43,23.36,0.0,0.00,0.0,0.0,,0.0
176,9,3.00,2,19.31,23.66,23.59,0.0,0.00,0.0,0.0,,0.0
176,10,3.00,2,21.77,23.97,23.90,0.0,0.00,0.0,0.0,,0.0
176,11,3.00,2,23.10,24.34,24.27,0.0,0.00,0.0,0.0,,0.0
176,12,3.00,2,24.11,24.79,24.73,0.0,0.00,0.0,-0.0,,0.0
176,13,3.00,2,25.42,25.34,25.28,0.0,0.00,0.0,-0.0,,0.0
176,14,3.00,2,26.23,25.93,25.87,0.0,0.00,0.0,-0.0,,0.0
176,15,3.00,2,26.77,26.51,26.45,0.0,0.00,0.0,-0.0,,0.0
176,16,3.00,2,27.37,27.06,27.00,0.0,0.00,0.0,-0.0,,0.0
176,17,3.00,2,26.61,27.47,27.41,0.0,0.00,0.0,0.0,,0.0
176,18,3.00,2,25.51,27.72,27.66,0.0,0.00,0.0,-0.0,,0.0
176,19,3.00,2,24.50,27.18,27.12,0.0,0.00,0.0,0.0,,0.0
176,20,3.00,2,23.44,26.90,26.84,0.0,0.00,0.0,0.0,,0.0
176,21,3.00,2,22.59,26.63,26.58,0.0,0.00,0.0,0.0,,0.0
176,22,3.00,2,21.76,26.35,26.29,0.0,0.00,0.0,0.0,,0.0
176,23,3.00,2,21.24,26.06,26.01,0.0,0.00,0.0,0.0,,0.0
176,24,3.00,2,20.44,25.76,25.71,0.0,0.00,0.0,0.0,,0.0
176,1,4.00,2,19.72,25.45,25.40,0.0,0.00,0.0,0.0,,0.0
176,2,4.00,2,18.95,25.13,25.08,0.0,0.00,0.0,0.0,,0.0
176,3,4.00,2,18.04,24.78,24.74,0.0,0.00,0.0,0.0,,0.0
176,4,4.00,2,17.20,24.43,24.38,0.0,0.00,0.0,0.0,,0.0
176,5,4.00,2,16.22,24.06,24.01,0.0,0.00,0.0,0.0,,0.0
176,6,4.00,2,16.99,23.77,23.73,0.0,0.00,0.0,0.0,,0.0
176,7,4.00,2,17.63,23.53,23.49,0.0,0.00,0.0,0.0,,0.0
176,8,4.00,2,18.31,23.99,23.95,0.0,0.00,0.0,0.0,,0.0
176,9,4.00,2,20.76,24.25,24.21,0.0,0.00,0.0,0.0,,0.0
176,10,4.00,2,22.78,24.55,24.51,0.0,0.00,0.0,0.0,,0.0
176,11,4.00,2,24.14,24.93,24.89,0.0,0.00,0.0,-0.0,,0.0
176,12,4.00,2,25.37,25.40,25.36,0.0,0.00,0.0,-0.0,,0.0
176,13,4.00,2,26.17,25.94,25.90,0.0,0.00,0.0,-0.0,,0.0
176,14,4.00,2,26.78,26.51,26.46,0.0,0.00,0.0,-0.0,,0.0
176,15,4.00,2,26.55,27.03,26.99,0.0,0.00,0.0,-0.0,,0.0
176,16,4.00,2,26.47,27.49,27.45,0.0,0.00,0.0,0.0,,0.0
176,17,4.00,2,26.11,27.86,27.82,0.0,0.00,0.0,0.0,,0.0
176,18,4.00,2,25.51,28.09,28.05,0.0,0.00,0.0,0.0,,0.0
176,19,4.00,2,24.71,27.55,27.51,0.0,0.00,0.0,0.0,,0.0
176,20,4.00,2,23.62,27.26,27.22,0.0,0.00,0.0,0.0,,0.0
176,21,4.00,2,22.94,26.99,26.95,0.0,0.00,0.0,0.0,,0.0
176,22,4.00,2,22.96,26.75,26.71,0.0,0.00,0.0,0.0,,0.0
176,23,4.00,2,22.65,26.51,26.47,0.0,0.00,0.0,0.0,,0.0
176,24,4.00,2,22.19,26.26,26.22,0.0,0.00,0.0,0.0,,0.0
176,1,5.00,2,21.71,26.01,25.97,0.0,0.00,0.0,-0.0,,0.0
176,2,5.00,2,21.21,25.75,25.71,0.0,0.00,0.0,-0.0,,0.0
176,3,5.00,2,20.74,25.49,25.45,0.0,0.00,0.0,0.0,,0.0
176,4,5.00,2,20.24,25.23,25.19,0.0,0.00,0.0,-0.0,,0.0
176,5,5.00,2,19.97,24.97,24.94,0.0,0.00,0.0,-0.0,,0.0
176,6,5.00,2,19.70,24.72,24.69,0.0,0.00,0.0,0.0,,0.0
176,7,5.00,2,19.28,24.47,24.44,0.0,0.00,0.0,0.0,,0.0
176,8,5.00,2,20.42,24.76,24.73,0.0,0.00,0.0,-84.09,,-84.09
176,9,5.00,2,22.93,25.07,25.04,0.0,0.00,0.0,-642.86,,-642.86
176,10,5.00,2,24.59,25.43,25.40,0.0,0.00,0.0,-713.5,,-713.5
176,11,5.00,2,25.82,25.86,25.82,0.0,0.00,0.0,-479.41,,-479.41
176,12,5.00,2,26.69,26.34,26.30,0.0,0.00,0.0,-243.83,,-243.83
176,13,5.00,2,27.44,26.88,26.84,0.0,0.00,0.0,-285.48,,-285.48
176,14,5.00,2,27.23,27.36,26.98,-892.2,0.00,0.0,-21.53,,-913.73
176,15,5.00,2,26.94,27.80,26.98,-1752.13,0.00,0.0,-385.54,,-2137.67
176,16,5.00,2,26.76,28.18,26.98,-2361.04,0.00,0.0,-209.59,,-2570.63
176,17,5.00,2,26.20,28.45,26.98,-2644.11,0.00,0.0,-505.56,,-3149.67
176,18,5.00,2,25.13,28.54,26.98,-2546.67,0.00,0.0,-539.15,,-3085.82
176,19,5.00,2,24.15,28.08,27.38,0.0,0.00,0.0,0.0,,0.0
176,20,5.00,2,23.06,27.76,27.27,0.0,0.00,0.0,0.0,,0.0
176,21,5.00,2,22.42,27.45,27.03,0.0,0.00,0.0,0.0,,0.0
176,22,5.00,2,22.35,27.16,26.77,0.0,0.00,0.0,0.0,,0.0
176,23,5.00,2,21.72,26.86,26.48,0.0,0.00,0.0,0.0,,0.0
176,24,5.00,2,21.31,26.55,26.20,0.0,0.00,0.0,0.0,,0.0
176,1,6.00,2,21.02,26.26,25.93,0.0,0.00,0.0,0.0,,0.0
176,2,6.00,2,20.70,25.98,25.66,0.0,0.00,0.0,0.0,,0.0
176,3,6.00,2,20.56,25.71,25.41,0.0,0.00,0.0,0.0,,0.0
176,4,6.00,2,19.82,25.42,25.13,0.0,0.00,0.0,0.0,,0.0
176,5,6.00,2,19.32,25.13,24.85,0.0,0.00,0.0,-0.0,,0.0
176,6,6.00,2,19.69,24.89,24.62,0.0,0.00,0.0,0.0,,0.0
176,7,6.00,2,19.99,24.67,24.42,0.0,0.00,0.0,-0.0,,0.0
176,8,6.00,2,20.83,24.98,24.74,0.0,0.00,0.0,0.0,,0.0
176,9,6.00,2,22.27,25.20,24.98,0.0,0.00,0.0,0.0,,0.0
176,10,6.00,2,23.50,25.47,25.26,0.0,0.00,0.0,0.0,,0.0
176,11,6.00,2,24.90,25.85,25.65,0.0,0.00,0.0,0.0,,0.0
176,12,6.00,2,25.63,26.28,26.09,0.0,0.00,0.0,0.0,,0.0
176,13,6.00,2,26.07,26.75,26.56,0.0,0.00,0.0,0.0,,0.0
176,14,6.00,2,26.43,27.23,26.98,-202.01,0.00,0.0,0.0,,-202.01
176,15,6.00,2,26.95,27.73,26.98,-1429.75,0.00,0.0,0.0,,-1429.75
176,16,6.00,2,27.30,28.18,26.98,-2225.54,0.00,0.0,-255.73,,-2481.27
176,17,6.00,2,27.08,28.52,26.98,-2668.54,0.00,0.0,-554.63,,-3223.17
176,18,6.00,2,26.05,28.66,26.98,-2663.81,0.00,0.0,-710.96,,-3374.77
176,19,6.00,2,25.05,28.20,27.42,0.0,0.00,0.0,0.0,,0.0
176,20,6.00,2,24.23,27.93,27.36,0.0,0.00,0.0,0.0,,0.0
176,21,6.00,2,23.94,27.68,27.18,0.0,0.00,0.0,0.0,,0.0
176,22,6.00,2,24.26,27.46,27.00,0.0,0.00,0.0,0.0,,0.0
176,23,6.00,2,23.87,27.23,26.79,0.0,0.00,0.0,-0.0,,0.0
176,24,6.00,2,23.72,27.01,26.59,0.0,0.00,0.0,-0.0,,0.0
176,1,7.00,2,23.54,26.80,26.40,0.0,0.00,0.0,-0.0,,0.0
176,2,7.00,2,23.73,26.62,26.24,0.0,0.00,0.0,-0.0,,0.0
176,3,7.00,2,23.82,26.45,26.09,0.0,0.00,0.0,-0.0,,0.0
176,4,7.00,2,23.71,26.28,25.94,0.0,0.00,0.0,-0.0,,0.0
176,5,7.00,2,23.83,26.13,25.80,0.0,0.00,0.0,-0.0,,0.0
176,6,7.00,2,23.64,25.98,25.67,0.0,0.00,0.0,-0.0,,0.0
176,7,7.00,2,23.89,25.86,25.55,0.0,0.00,0.0,-0.0,,0.0
176,8,7.00,2,23.37,26.22,25.94,0.0,0.00,0.0,0.0,,0.0
176,9,7.00,2,24.88,26.48,26.22,0.0,0.00,0.0,-270.8,,-270.8
176,10,7.00,2,25.98,26.78,26.53,0.0,0.00,0.0,0.0,,0.0
176,11,7.00,2,26.27,27.08,26.84,0.0,0.00,0.0,0.0,,0.0
176,12,7.00,2,25.73,27.35,26.98,-371.74,0.00,0.0,0.0,,-371.74
176,13,7.00,2,25.29,27.65,26.98,-1046.91,0.00,0.0,0.0,,-1046.91
176,14,7.00,2,24.70,27.93,26.98,-1547.89,0.00,0.0,0.0,,-1547.89
176,15,7.00,2,24.54,28.23,26.98,-2038.89,0.00,0.0,0.0,,-2038.89
176,16,7.00,2,24.25,28.47,26.98,-2356.87,0.00,0.0,0.0,,-2356.87
176,17,7.00,2,23.71,28.60,26.98,-2417.69,0.00,0.0,0.0,,-2417.69
176,18,7.00,2,22.65,28.58,26.98,-2131.82,0.00,0.0,0.0,,-2131.82
176,19,7.00,2,21.58,28.10,27.25,0.0,0.00,0.0,0.0,,0.0
176,20,7.00,2,20.46,27.71,27.04,0.0,0.00,0.0,0.0,,0.0
176,21,7.00,2,19.62,27.30,26.70,0.0,0.00,0.0,0.0,,0.0
176,22,7.00,2,19.29,26.90,26.34,0.0,0.00,0.0,0.0,,0.0
176,23,7.00,2,18.18,26.47,25.93,0.0,0.00,0.0,0.0,,0.0
176,24,7.00,2,17.55,26.04,25.53,0.0,0.00,0.0,0.0,,0.0
176,1,1.00,2,17.45,25.65,25.17,0.0,0.00,0.0,0.0,,0.0
176,2,1.00,2,17.35,25.28,24.82,0.0,0.00,0.0,0.0,,0.0
176,3,1.00,2,17.50,24.95,24.51,0.0,0.00,0.0,0.0,,0.0
176,4,1.00,2,17.49,24.64,24.21,0.0,0.00,0.0,0.0,,0.0
176,5,1.00,2,17.46,24.34,23.93,0.0,0.00,0.0,0.0,,0.0
176,6,1.00,2,17.48,24.06,23.67,0.0,0.00,0.0,0.0,,0.0
176,7,1.00,2,18.20,23.84,23.47,0.0,0.00,0.0,0.0,,0.0
176,8,1.00,2,18.98,24.09,23.75,0.0,0.00,0.0,0.0,,0.0
176,9,1.00,2,21.15,24.35,24.03,0.0,0.00,0.0,-66.62,,-66.62
176,10,1.00,2,23.54,24.76,24.45,0.0,0.00,0.0,-334.8,,-334.8
176,11,1.00,2,26.03,25.31,25.02,0.0,0.00,0.0,-469.82,,-469.82
176,12,1.00,2,28.18,25.98,25.71,0.0,0.00,0.0,-993.03,,-993.03
176,13,1.00,2,27.43,26.49,26.23,0.0,0.00,0.0,-98.59,,-98.59
176,14,1.00,2,26.93,26.97,26.71,0.0,0.00,0.0,0.0,,0.0
176,15,1.00,2,26.07,27.36,26.98,-359.96,0.00,0.0,0.0,,-359.96
176,16,1.00,2,24.74,27.62,26.98,-941.68,0.00,0.0,0.0,,-941.68
176,17,1.00,2,23.94,27.79,26.98,-1193.31,0.00,0.0,0.0,,-1193.31
176,18,1.00,2,23.39,27.88,26.98,-1232.92,0.00,0.0,0.0,,-1232.92
176,19,1.00,2,22.31,27.42,26.93,0.0,0.00,0.0,0.0,,0.0
176,20,1.00,2,21.84,27.11,26.73,0.0,0.00,0.0,0.0,,0.0
176,21,1.00,2,21.43,26.81,26.47,0.0,0.00,0.0,0.0,,0.0
176,22,1.00,2,21.45,26.53,26.21,0.0,0.00,0.0,0.0,,0.0
176,23,1.00,2,20.85,26.23,25.92,0.0,0.00,0.0,0.0,,0.0
176,24,1.00,2,20.57,25.95,25.65,0.0,0.00,0.0,0.0,,0.0
176,1,2.00,2,20.58,25.68,25.40,0.0,0.00,0.0,0.0,,0.0
176,2,2.00,2,20.34,25.43,25.15,0.0,0.00,0.0,0.0,,0.0
176,3,2.00,2,20.05,25.17,24.91,0.0,0.00,0.0,0.0,,0.0
176,4,2.00,2,20.04,24.94,24.68,0.0,0.00,0.0,0.0,,0.0
176,5,2.00,2,19.77,24.70,24.46,0.0,0.00,0.0,0.0,,0.0
176,6,2.00,2,19.25,24.45,24.22,0.0,0.00,0.0,0.0,,0.0
176,7,2.00,2,18.82,24.20,23.98,0.0,0.00,0.0,0.0,,0.0
176,8,2.00,2,20.04,24.49,24.28,0.0,0.00,0.0,-264.98,,-264.98
176,9,2.00,2,22.96,24.85,24.65,0.0,0.00,0.0,-964.61,,-964.61
176,10,2.00,2,25.21,25.29,25.10,0.0,0.00,0.0,-792.43,,-792.43
176,11,2.00,2,27.16,25.83,25.65,0.0,0.00,0.0,-643.36,,-643.36
176,12,2.00,2,27.18,26.30,26.13,0.0,0.00,0.0,-486.74,,-486.74
176,13,2.00,2,27.11,26.78,26.62,0.0,0.00,0.0,0.0,,0.0
176,14,2.00,2,27.01,27.26,26.98,-317.72,0.00,0.0,0.0,,-317.72
176,15,2.00,2,27.19,27.74,26.98,-1465.51,0.00,0.0,-158.4,,-1623.91
176,16,2.00,2,27.05,28.15,26.98,-2150.46,0.00,0.0,-560.98,,-2711.44
176,17,2.00,2,26.95,28.48,26.98,-2604.91,0.00,0.0,-825.41,,-3430.3199999999997
176,18,2.00,2,26.72,28.70,26.98,-2791.38,0.00,0.0,-1000.4,,-3791.78
176,19,2.00,2,25.86,28.26,27.47,0.0,0.00,0.0,0.0,,0.0
176,20,2.00,2,24.63,27.98,27.42,0.0,0.00,0.0,0.0,,0.0
176,21,2.00,2,24.24,27.74,27.24,0.0,0.00,0.0,0.0,,0.0
176,22,2.00,2,24.25,27.51,27.05,0.0,0.00,0.0,0.0,,0.0
176,23,2.00,2,23.88,27.28,26.83,0.0,0.00,0.0,0.0,,0.0
176,24,2.00,2,23.82,27.06,26.64,0.0,0.00,0.0,-0.0,,0.0
176,1,3.00,2,23.72,26.85,26.45,0.0,0.00,0.0,-0.0,,0.0
176,2,3.00,2,23.65,26.66,26.27,0.0,0.00,0.0,-0.0,,0.0
176,3,3.00,2,23.49,26.47,26.10,0.0,0.00,0.0,-0.0,,0.0
176,4,3.00,2,23.55,26.30,25.94,0.0,0.00,0.0,-0.0,,0.0
176,5,3.00,2,23.16,26.11,25.77,0.0,0.00,0.0,-0.0,,0.0
176,6,3.00,2,22.93,25.93,25.61,0.0,0.00,0.0,-0.0,,0.0
176,7,3.00,2,22.86,25.76,25.45,0.0,0.00,0.0,-0.0,,0.0
176,8,3.00,2,23.02,26.27,25.97,0.0,0.00,0.0,-0.0,,0.0
176,9,3.00,2,24.63,26.53,26.24,0.0,0.00,0.0,-0.0,,0.0
176,10,3.00,2,25.59,26.78,26.51,0.0,0.00,0.0,-0.0,,0.0
176,11,3.00,2,26.64,27.12,26.86,0.0,0.00,0.0,-0.0,,0.0
176,12,3.00,2,26.99,27.51,27.26,0.0,0.00,0.0,-0.0,,0.0
176,13,3.00,2,27.21,27.95,27.71,0.0,0.00,0.0,-0.0,,0.0
176,14,3.00,2,27.30,28.41,28.17,0.0,0.00,0.0,0.0,,0.0
176,15,3.00,2,26.64,28.81,28.59,0.0,0.00,0.0,0.0,,0.0
176,16,3.00,2,25.80,29.13,28.92,0.0,0.00,0.0,0.0,,0.0
176,17,3.00,2,24.81,29.34,29.13,0.0,0.00,0.0,0.0,,0.0
176,18,3.00,2,23.49,29.40,29.20,0.0,0.00,0.0,0.0,,0.0
176,19,3.00,2,22.39,28.68,28.49,0.0,0.00,0.0,0.0,,0.0
176,20,3.00,2,20.89,28.21,28.03,0.0,0.00,0.0,0.0,,0.0
176,21,3.00,2,19.61,27.75,27.57,0.0,0.00,0.0,0.0,,0.0
176,22,3.00,2,18.70,27.29,27.11,0.0,0.00,0.0,0.0,,0.0
176,23,3.00,2,17.90,26.82,26.65,0.0,0.00,0.0,0.0,,0.0
176,24,3.00,2,16.94,26.35,26.18,0.0,0.00,0.0,0.0,,0.0
176,1,4.00,2,16.56,25.90,25.74,0.0,0.00,0.0,0.0,,0.0
176,2,4.00,2,16.60,25.49,25.33,0.0,0.00,0.0,0.0,,0.0
176,3,4.00,2,16.86,25.12,24.97,0.0,0.00,0.0,0.0,,0.0
176,4,4.00,2,16.85,24.77,24.63,0.0,0.00,0.0,0.0,,0.0
176,5,4.00,2,16.86,24.45,24.31,0.0,0.00,0.0,0.0,,0.0
176,6,4.00,2,17.45,24.17,24.04,0.0,0.00,0.0,0.0,,0.0
176,7,4.00,2,18.18,23.95,23.82,0.0,0.00,0.0,0.0,,0.0
176,8,4.00,2,19.04,24.44,24.31,0.0,0.00,0.0,0.0,,0.0
176,9,4.00,2,21.15,24.69,24.57,0.0,0.00,0.0,0.0,,0.0
176,10,4.00,2,22.87,24.98,24.86,0.0,0.00,0.0,-0.0,,0.0
176,11,4.00,2,24.16,25.34,25.23,0.0,0.00,0.0,-0.0,,0.0
176,12,4.00,2,24.94,25.78,25.66,0.0,0.00,0.0,-0.0,,0.0
176,13,4.00,2,25.91,26.29,26.18,0.0,0.00,0.0,-0.0,,0.0
176,14,4.00,2,26.64,26.84,26.74,0.0,0.00,0.0,-0.0,,0.0
176,15,4.00,2,27.23,27.40,27.29,0.0,0.00,0.0,-0.0,,0.0
176,16,4.00,2,27.85,27.92,27.82,0.0,0.00,0.0,0.0,,0.0
176,17,4.00,2,26.97,28.30,28.20,0.0,0.00,0.0,0.0,,0.0
176,18,4.00,2,25.72,28.51,28.41,0.0,0.00,0.0,0.0,,0.0
176,19,4.00,2,24.37,27.93,27.83,0.0,0.00,0.0,0.0,,0.0
176,20,4.00,2,22.73,27.57,27.48,0.0,0.00,0.0,0.0,,0.0
176,21,4.00,2,21.15,27.20,27.10,0.0,0.00,0.0,0.0,,0.0
176,22,4.00,2,20.09,26.81,26.72,0.0,0.00,0.0,0.0,,0.0
176,23,4.00,2,19.09,26.41,26.32,0.0,0.00,0.0,0.0,,0.0
176,24,4.00,2,18.09,26.00,25.91,0.0,0.00,0.0,0.0,,0.0
176,1,5.00,2,17.00,25.56,25.48,0.0,0.00,0.0,0.0,,0.0
176,2,5.00,2,15.97,25.12,25.03,0.0,0.00,0.0,0.0,,0.0
176,3,5.00,2,16.52,24.75,24.67,0.0,0.00,0.0,0.0,,0.0
176,4,5.00,2,17.23,24.44,24.37,0.0,0.00,0.0,0.0,,0.0
176,5,5.00,2,17.75,24.18,24.10,0.0,0.00,0.0,0.0,,0.0
176,6,5.00,2,18.05,23.94,23.86,0.0,0.00,0.0,0.0,,0.0
176,7,5.00,2,18.65,23.74,23.67,0.0,0.00,0.0,0.0,,0.0
176,8,5.00,2,20.03,24.09,24.02,0.0,0.00,0.0,0.0,,0.0
176,9,5.00,2,22.28,24.42,24.35,0.0,0.00,0.0,-398.05,,-398.05
176,10,5.00,2,23.88,24.79,24.73,0.0,0.00,0.0,0.0,,0.0
176,11,5.00,2,25.58,25.28,25.21,0.0,0.00,0.0,-131.94,,-131.94
176,12,5.00,2,26.30,25.78,25.72,0.0,0.00,0.0,-275.71,,-275.71
176,13,5.00,2,26.91,26.33,26.27,0.0,0.00,0.0,-346.38,,-346.38
176,14,5.00,2,27.43,26.90,26.84,0.0,0.00,0.0,0.0,,0.0
176,15,5.00,2,27.02,27.37,26.98,-858.09,0.00,0.0,-47.06,,-905.1500000000001
176,16,5.00,2,26.75,27.79,26.98,-1662.76,0.00,0.0,0.0,,-1662.76
176,17,5.00,2,26.22,28.08,26.98,-2063.51,0.00,0.0,-10.71,,-2074.2200000000003
176,18,5.00,2,25.58,28.25,26.98,-2164.93,0.00,0.0,-51.7,,-2216.6299999999997
176,19,5.00,2,24.74,27.81,27.26,0.0,0.00,0.0,0.0,,0.0
176,20,5.00,2,23.69,27.53,27.15,0.0,0.00,0.0,0.0,,0.0
176,21,5.00,2,23.02,27.26,26.93,0.0,0.00,0.0,0.0,,0.0
176,22,5.00,2,21.95,26.94,26.64,0.0,0.00,0.0,0.0,,0.0
176,23,5.00,2,21.81,26.66,26.37,0.0,0.00,0.0,0.0,,0.0
176,24,5.00,2,21.01,26.35,26.08,0.0,0.00,0.0,0.0,,0.0
176,1,6.00,2,20.26,26.04,25.77,0.0,0.00,0.0,0.0,,0.0
176,2,6.00,2,19.98,25.74,25.48,0.0,0.00,0.0,0.0,,0.0
176,3,6.00,2,19.76,25.45,25.21,0.0,0.00,0.0,0.0,,0.0
176,4,6.00,2,19.73,25.18,24.95,0.0,0.00,0.0,0.0,,0.0
176,5,6.00,2,18.76,24.88,24.66,0.0,0.00,0.0,0.0,,0.0
176,6,6.00,2,17.95,24.56,24.35,0.0,0.00,0.0,0.0,,0.0
176,7,6.00,2,17.48,24.25,24.04,0.0,0.00,0.0,0.0,,0.0
176,8,6.00,2,18.84,24.44,24.25,0.0,0.00,0.0,0.0,,0.0
176,9,6.00,2,21.14,24.68,24.50,0.0,0.00,0.0,-28.7,,-28.7
176,10,6.00,2,22.75,24.98,24.81,0.0,0.00,0.0,0.0,,0.0
176,11,6.00,2,24.35,25.38,25.22,0.0,0.00,0.0,0.0,,0.0
176,12,6.00,2,25.03,25.82,25.66,0.0,0.00,0.0,0.0,,0.0
176,13,6.00,2,25.81,26.32,26.17,0.0,0.00,0.0,0.0,,0.0
176,14,6.00,2,26.67,26.88,26.73,0.0,0.00,0.0,0.0,,0.0
176,15,6.00,2,26.45,27.35,26.98,-580.52,0.00,0.0,0.0,,-580.52
176,16,6.00,2,26.10,27.73,26.98,-1406.65,0.00,0.0,0.0,,-1406.65
176,17,6.00,2,25.64,28.01,26.98,-1806.38,0.00,0.0,0.0,,-1806.38
176,18,6.00,2,24.90,28.14,26.98,-1870.65,0.00,0.0,0.0,,-1870.65
176,19,6.00,2,24.21,27.71,27.17,0.0,0.00,0.0,0.0,,0.0
176,20,6.00,2,23.11,27.42,27.03,0.0,0.00,0.0,0.0,,0.0
176,21,6.00,2,22.50,27.14,26.79,0.0,0.00,0.0,0.0,,0.0
176,22,6.00,2,22.05,26.85,26.53,0.0,0.00,0.0,0.0,,0.0
176,23,6.00,2,22.00,26.59,26.28,0.0,0.00,0.0,0.0,,0.0
176,24,6.00,2,21.59,26.32,26.03,0.0,0.00,0.0,0.0,,0.0
176,1,7.00,2,21.32,26.06,25.78,0.0,0.00,0.0,0.0,,0.0
176,2,7.00,2,21.05,25.80,25.53,0.0,0.00,0.0,0.0,,0.0
176,3,7.00,2,21.11,25.57,25.32,0.0,0.00,0.0,-0.0,,0.0
176,4,7.00,2,20.75,25.34,25.09,0.0,0.00,0.0,-0.0,,0.0
176,5,7.00,2,20.34,25.10,24.86,0.0,0.00,0.0,-0.0,,0.0
176,6,7.00,2,20.23,24.87,24.64,0.0,0.00,0.0,0.0,,0.0
176,7,7.00,2,20.12,24.65,24.44,0.0,0.00,0.0,-0.0,,0.0
176,8,7.00,2,20.82,24.95,24.75,0.0,0.00,0.0,-30.25,,-30.25
176,9,7.00,2,22.91,25.24,25.05,0.0,0.00,0.0,-354.86,,-354.86
176,10,7.00,2,24.31,25.56,25.38,0.0,0.00,0.0,0.0,,0.0
176,11,7.00,2,25.84,25.99,25.82,0.0,0.00,0.0,0.0,,0.0
176,12,7.00,2,26.44,26.44,26.27,0.0,0.00,0.0,0.0,,0.0
176,13,7.00,2,27.24,26.97,26.81,0.0,0.00,0.0,0.0,,0.0
176,14,7.00,2,27.21,27.46,26.98,-833.72,0.00,0.0,0.0,,-833.72
176,15,7.00,2,27.09,27.91,26.98,-1760.44,0.00,0.0,0.0,,-1760.44
176,16,7.00,2,26.62,28.28,26.98,-2315.03,0.00,0.0,-30.9,,-2345.9300000000003
176,17,7.00,2,26.30,28.55,26.98,-2654.9,0.00,0.0,-194.52,,-2849.42
176,18,7.00,2,25.44,28.67,26.98,-2619.41,0.00,0.0,-28.72,,-2648.1299999999997
176,19,7.00,2,24.57,28.22,27.42,0.0,0.00,0.0,0.0,,0.0
176,20,7.00,2,23.73,27.93,27.34,0.0,0.00,0.0,0.0,,0.0
176,21,7.00,2,23.10,27.64,27.12,0.0,0.00,0.0,0.0,,0.0
176,22,7.00,2,22.64,27.35,26.86,0.0,0.00,0.0,0.0,,0.0
176,23,7.00,2,22.31,27.06,26.60,0.0,0.00,0.0,0.0,,0.0
176,24,7.00,2,22.47,26.81,26.37,0.0,0.00,0.0,-0.0,,0.0
176,1,1.00,3,22.44,26.57,26.15,0.0,0.00,0.0,-0.0,,0.0
176,2,1.00,3,22.48,26.35,25.95,0.0,0.00,0.0,-0.0,,0.0
176,3,1.00,3,22.32,26.14,25.75,0.0,0.00,0.0,-0.0,,0.0
176,4,1.00,3,22.31,25.94,25.57,0.0,0.00,0.0,-0.0,,0.0
176,5,1.00,3,22.03,25.73,25.38,0.0,0.00,0.0,-0.0,,0.0
176,6,1.00,3,22.10,25.55,25.22,0.0,0.00,0.0,-0.0,,0.0
176,7,1.00,3,22.34,25.39,25.07,0.0,0.00,0.0,-0.0,,0.0
176,8,1.00,3,22.72,25.77,25.47,0.0,0.00,0.0,-766.81,,-766.81
176,9,1.00,3,23.89,26.00,25.72,0.0,0.00,0.0,-875.6,,-875.6
176,10,1.00,3,24.98,26.27,26.01,0.0,0.00,0.0,-466.81,,-466.81
176,11,1.00,3,26.04,26.66,26.40,0.0,0.00,0.0,-176.63,,-176.63
176,12,1.00,3,25.92,27.04,26.80,0.0,0.00,0.0,0.0,,0.0
176,13,1.00,3,26.35,27.51,27.15,-322.44,0.00,0.0,-103.35,,-425.78999999999996
176,14,1.00,3,26.06,27.94,27.15,-1349.38,0.00,0.0,0.0,,-1349.38
176,15,1.00,3,25.45,28.29,27.15,-1935.05,0.00,0.0,0.0,,-1935.05
176,16,1.00,3,24.80,28.56,27.15,-2303.17,0.00,0.0,0.0,,-2303.17
176,17,1.00,3,24.05,28.72,27.15,-2406.85,0.00,0.0,0.0,,-2406.85
176,18,1.00,3,23.03,28.73,27.15,-2168.04,0.00,0.0,0.0,,-2168.04
176,19,1.00,3,22.18,28.25,27.43,0.0,0.00,0.0,0.0,,0.0
176,20,1.00,3,21.21,27.85,27.22,0.0,0.00,0.0,0.0,,0.0
176,21,1.00,3,20.25,27.44,26.87,0.0,0.00,0.0,0.0,,0.0
176,22,1.00,3,19.79,27.04,26.51,0.0,0.00,0.0,0.0,,0.0
176,23,1.00,3,18.99,26.63,26.12,0.0,0.00,0.0,0.0,,0.0
176,24,1.00,3,18.21,26.22,25.73,0.0,0.00,0.0,0.0,,0.0
176,1,2.00,3,18.40,25.86,25.39,0.0,0.00,0.0,0.0,,0.0
176,2,2.00,3,18.68,25.53,25.09,0.0,0.00,0.0,0.0,,0.0
176,3,2.00,3,18.77,25.24,24.81,0.0,0.00,0.0,0.0,,0.0
176,4,2.00,3,18.74,24.95,24.55,0.0,0.00,0.0,0.0,,0.0
176,5,2.00,3,18.90,24.70,24.31,0.0,0.00,0.0,0.0,,0.0
176,6,2.00,3,18.91,24.45,24.08,0.0,0.00,0.0,0.0,,0.0
176,7,2.00,3,19.08,24.24,23.88,0.0,0.00,0.0,0.0,,0.0
176,8,2.00,3,19.34,24.46,24.13,0.0,0.00,0.0,0.0,,0.0
176,9,2.00,3,21.12,24.67,24.36,0.0,0.00,0.0,-42.57,,-42.57
176,10,2.00,3,22.63,24.95,24.66,0.0,0.00,0.0,-333.94,,-333.94
176,11,2.00,3,23.61,25.31,25.03,0.0,0.00,0.0,0.0,,0.0
176,12,2.00,3,24.00,25.73,25.46,0.0,0.00,0.0,0.0,,0.0
176,13,2.00,3,24.19,26.17,25.92,0.0,0.00,0.0,0.0,,0.0
176,14,2.00,3,24.62,26.66,26.42,0.0,0.00,0.0,0.0,,0.0
176,15,2.00,3,24.23,27.07,26.83,0.0,0.00,0.0,0.0,,0.0
176,16,2.00,3,23.74,27.38,27.15,-21.68,0.00,0.0,0.0,,-21.68
176,17,2.00,3,23.32,27.61,27.15,-610.93,0.00,0.0,0.0,,-610.93
176,18,2.00,3,22.67,27.69,27.15,-668.09,0.00,0.0,0.0,,-668.09
176,19,2.00,3,21.50,27.22,26.90,0.0,0.00,0.0,0.0,,0.0
176,20,2.00,3,20.12,26.83,26.56,0.0,0.00,0.0,0.0,,0.0
176,21,2.00,3,19.18,26.43,26.18,0.0,0.00,0.0,0.0,,0.0
176,22,2.00,3,18.52,26.03,25.79,0.0,0.00,0.0,0.0,,0.0
176,23,2.00,3,17.82,25.63,25.41,0.0,0.00,0.0,0.0,,0.0
176,24,2.00,3,17.39,25.25,25.03,0.0,0.00,0.0,0.0,,0.0
176,1,3.00,3,17.34,24.90,24.68,0.0,0.00,0.0,0.0,,0.0
176,2,3.00,3,17.20,24.56,24.36,0.0,0.00,0.0,0.0,,0.0
176,3,3.00,3,16.99,24.24,24.04,0.0,0.00,0.0,0.0,,0.0
176,4,3.00,3,16.93,23.93,23.74,0.0,0.00,0.0,0.0,,0.0
176,5,3.00,3,16.69,23.64,23.45,0.0,0.00,0.0,0.0,,0.0
176,6,3.00,3,16.65,23.36,23.18,0.0,0.00,0.0,0.0,,0.0
176,7,3.00,3,17.43,23.15,22.98,0.0,0.00,0.0,0.0,,0.0
176,8,3.00,3,18.11,23.63,23.47,0.0,0.00,0.0,0.0,,0.0
176,9,3.00,3,20.31,23.89,23.73,0.0,0.00,0.0,0.0,,0.0
176,10,3.00,3,22.91,24.23,24.07,0.0,0.00,0.0,-0.0,,0.0
176,11,3.00,3,24.57,24.68,24.53,0.0,0.00,0.0,-0.0,,0.0
176,12,3.00,3,25.38,25.20,25.06,0.0,0.00,0.0,-0.0,,0.0
176,13,3.00,3,26.01,25.79,25.65,0.0,0.00,0.0,-0.0,,0.0
176,14,3.00,3,26.82,26.43,26.29,0.0,0.00,0.0,0.0,,0.0
176,15,3.00,3,26.43,26.99,26.85,0.0,0.00,0.0,-0.0,,0.0
176,16,3.00,3,25.77,27.45,27.32,0.0,0.00,0.0,0.0,,0.0
176,17,3.00,3,25.21,27.81,27.68,0.0,0.00,0.0,0.0,,0.0
176,18,3.00,3,24.22,28.00,27.88,0.0,0.00,0.0,0.0,,0.0
176,19,3.00,3,22.99,27.38,27.26,0.0,0.00,0.0,0.0,,0.0
176,20,3.00,3,21.76,27.00,26.88,0.0,0.00,0.0,0.0,,0.0
176,21,3.00,3,20.71,26.63,26.52,0.0,0.00,0.0,0.0,,0.0
176,22,3.00,3,20.07,26.28,26.17,0.0,0.00,0.0,0.0,,0.0
176,23,3.00,3,19.16,25.91,25.80,0.0,0.00,0.0,0.0,,0.0
176,24,3.00,3,18.52,25.54,25.44,0.0,0.00,0.0,0.0,,0.0
176,1,4.00,3,19.68,25.28,25.18,0.0,0.00,0.0,0.0,,0.0
176,2,4.00,3,19.10,24.99,24.89,0.0,0.00,0.0,0.0,,0.0
176,3,4.00,3,18.77,24.70,24.60,0.0,0.00,0.0,0.0,,0.0
176,4,4.00,3,18.32,24.42,24.32,0.0,0.00,0.0,0.0,,0.0
176,5,4.00,3,17.77,24.12,24.03,0.0,0.00,0.0,0.0,,0.0
176,6,4.00,3,17.24,23.82,23.73,0.0,0.00,0.0,0.0,,0.0
176,7,4.00,3,16.78,23.53,23.44,0.0,0.00,0.0,0.0,,0.0
176,8,4.00,3,18.22,24.00,23.91,0.0,0.00,0.0,0.0,,0.0
176,9,4.00,3,20.33,24.23,24.14,0.0,0.00,0.0,-0.0,,0.0
176,10,4.00,3,22.24,24.51,24.42,0.0,0.00,0.0,-0.0,,0.0
176,11,4.00,3,24.07,24.91,24.83,0.0,0.00,0.0,-0.0,,0.0
176,12,4.00,3,25.24,25.43,25.34,0.0,0.00,0.0,-0.0,,0.0
176,13,4.00,3,26.60,26.04,25.96,0.0,0.00,0.0,-0.0,,0.0
176,14,4.00,3,27.44,26.69,26.61,0.0,0.00,0.0,-0.0,,0.0
176,15,4.00,3,28.39,27.33,27.26,0.0,0.00,0.0,-0.0,,0.0
176,16,4.00,3,27.90,27.87,27.80,0.0,0.00,0.0,-0.0,,0.0
176,17,4.00,3,26.98,28.27,28.20,0.0,0.00,0.0,0.0,,0.0
176,18,4.00,3,25.91,28.51,28.43,0.0,0.00,0.0,0.0,,0.0
176,19,4.00,3,24.88,27.93,27.86,0.0,0.00,0.0,0.0,,0.0
176,20,4.00,3,23.89,27.61,27.54,0.0,0.00,0.0,0.0,,0.0
176,21,4.00,3,23.03,27.30,27.23,0.0,0.00,0.0,0.0,,0.0
176,22,4.00,3,22.01,26.98,26.91,0.0,0.00,0.0,0.0,,0.0
176,23,4.00,3,21.31,26.65,26.59,0.0,0.00,0.0,0.0,,0.0
176,24,4.00,3,20.60,26.32,26.26,0.0,0.00,0.0,0.0,,0.0
176,1,5.00,3,20.22,26.01,25.94,0.0,0.00,0.0,0.0,,0.0
176,2,5.00,3,19.75,25.69,25.63,0.0,0.00,0.0,0.0,,0.0
176,3,5.00,3,19.33,25.38,25.32,0.0,0.00,0.0,0.0,,0.0
176,4,5.00,3,18.87,25.07,25.01,0.0,0.00,0.0,0.0,,0.0
176,5,5.00,3,18.43,24.77,24.70,0.0,0.00,0.0,0.0,,0.0
176,6,5.00,3,18.07,24.47,24.40,0.0,0.00,0.0,0.0,,0.0
176,7,5.00,3,17.36,24.15,24.09,0.0,0.00,0.0,0.0,,0.0
176,8,5.00,3,18.17,24.29,24.23,0.0,0.00,0.0,0.0,,0.0
176,9,5.00,3,19.43,24.39,24.33,0.0,0.00,0.0,-201.2,,-201.2
176,10,5.00,3,21.72,24.68,24.62,0.0,0.00,0.0,0.0,,0.0
176,11,5.00,3,23.40,25.09,25.03,0.0,0.00,0.0,-479.18,,-479.18
176,12,5.00,3,24.80,25.61,25.56,0.0,0.00,0.0,0.0,,0.0
176,13,5.00,3,26.17,26.23,26.17,0.0,0.00,0.0,0.0,,0.0
176,14,5.00,3,26.94,26.85,26.80,0.0,0.00,0.0,0.0,,0.0
176,15,5.00,3,26.77,27.37,27.15,-442.66,0.00,0.0,0.0,,-442.66
176,16,5.00,3,26.44,27.80,27.15,-1412.5,0.00,0.0,0.0,,-1412.5
176,17,5.00,3,25.77,28.10,27.15,-1828.14,0.00,0.0,0.0,,-1828.14
176,18,5.00,3,25.04,28.25,27.15,-1906.79,0.00,0.0,0.0,,-1906.79
176,19,5.00,3,24.18,27.80,27.33,0.0,0.00,0.0,0.0,,0.0
176,20,5.00,3,23.20,27.48,27.16,0.0,0.00,0.0,0.0,,0.0
176,21,5.00,3,22.76,27.19,26.92,0.0,0.00,0.0,0.0,,0.0
176,22,5.00,3,22.20,26.90,26.64,0.0,0.00,0.0,0.0,,0.0
176,23,5.00,3,22.00,26.62,26.38,0.0,0.00,0.0,0.0,,0.0
176,24,5.00,3,21.45,26.33,26.10,0.0,0.00,0.0,0.0,,0.0
176,1,6.00,3,21.13,26.06,25.83,0.0,0.00,0.0,0.0,,0.0
176,2,6.00,3,20.88,25.79,25.58,0.0,0.00,0.0,0.0,,0.0
176,3,6.00,3,20.63,25.53,25.33,0.0,0.00,0.0,0.0,,0.0
176,4,6.00,3,20.40,25.28,25.09,0.0,0.00,0.0,0.0,,0.0
176,5,6.00,3,19.98,25.03,24.84,0.0,0.00,0.0,0.0,,0.0
176,6,6.00,3,19.69,24.78,24.60,0.0,0.00,0.0,0.0,,0.0
176,7,6.00,3,19.15,24.52,24.35,0.0,0.00,0.0,0.0,,0.0
176,8,6.00,3,19.89,24.76,24.60,0.0,0.00,0.0,-287.62,,-287.62
176,9,6.00,3,21.25,24.93,24.77,0.0,0.00,0.0,-651.0,,-651.0
176,10,6.00,3,23.32,25.25,25.10,0.0,0.00,0.0,-240.2,,-240.2
176,11,6.00,3,24.89,25.68,25.54,0.0,0.00,0.0,-269.54,,-269.54
176,12,6.00,3,25.77,26.18,26.04,0.0,0.00,0.0,0.0,,0.0
176,13,6.00,3,26.64,26.75,26.61,0.0,0.00,0.0,0.0,,0.0
176,14,6.00,3,27.09,27.32,27.15,-112.69,0.00,0.0,0.0,,-112.69
176,15,6.00,3,27.66,27.88,27.15,-1533.36,0.00,0.0,0.0,,-1533.36
176,16,6.00,3,27.28,28.32,27.15,-2236.77,0.00,0.0,0.0,,-2236.77
176,17,6.00,3,26.54,28.62,27.15,-2585.05,0.00,0.0,0.0,,-2585.05
176,18,6.00,3,25.77,28.77,27.15,-2609.49,0.00,0.0,0.0,,-2609.49
176,19,6.00,3,24.53,28.28,27.54,0.0,0.00,0.0,0.0,,0.0
176,20,6.00,3,23.38,27.94,27.41,0.0,0.00,0.0,0.0,,0.0
176,21,6.00,3,22.51,27.60,27.14,0.0,0.00,0.0,0.0,,0.0
176,22,6.00,3,21.98,27.27,26.84,0.0,0.00,0.0,0.0,,0.0
176,23,6.00,3,21.40,26.94,26.54,0.0,0.00,0.0,0.0,,0.0
176,24,6.00,3,20.89,26.62,26.23,0.0,0.00,0.0,0.0,,0.0
176,1,7.00,3,20.39,26.29,25.92,0.0,0.00,0.0,0.0,,0.0
176,2,7.00,3,19.98,25.97,25.62,0.0,0.00,0.0,0.0,,0.0
176,3,7.00,3,19.49,25.66,25.32,0.0,0.00,0.0,0.0,,0.0
176,4,7.00,3,19.09,25.35,25.02,0.0,0.00,0.0,0.0,,0.0
176,5,7.00,3,18.54,25.03,24.72,0.0,0.00,0.0,0.0,,0.0
176,6,7.00,3,18.09,24.72,24.42,0.0,0.00,0.0,0.0,,0.0
176,7,7.00,3,17.58,24.40,24.12,0.0,0.00,0.0,0.0,,0.0
176,8,7.00,3,18.63,24.56,24.30,0.0,0.00,0.0,0.0,,0.0
176,9,7.00,3,20.76,24.75,24.51,0.0,0.00,0.0,0.0,,0.0
176,10,7.00,3,22.88,25.08,24.84,0.0,0.00,0.0,0.0,,0.0
176,11,7.00,3,24.17,25.48,25.25,0.0,0.00,0.0,0.0,,0.0
176,12,7.00,3,25.02,25.95,25.74,0.0,0.00,0.0,0.0,,0.0
176,13,7.00,3,25.59,26.48,26.27,0.0,0.00,0.0,0.0,,0.0
176,14,7.00,3,26.24,27.04,26.84,0.0,0.00,0.0,0.0,,0.0
176,15,7.00,3,26.10,27.52,27.15,-461.71,0.00,0.0,0.0,,-461.71
176,16,7.00,3,25.63,27.90,27.15,-1310.19,0.00,0.0,0.0,,-1310.19
176,17,7.00,3,25.06,28.16,27.15,-1690.66,0.00,0.0,0.0,,-1690.66
176,18,7.00,3,24.38,28.28,27.15,-1737.89,0.00,0.0,0.0,,-1737.89
176,19,7.00,3,23.62,27.83,27.28,0.0,0.00,0.0,0.0,,0.0
176,20,7.00,3,22.56,27.50,27.08,0.0,0.00,0.0,0.0,,0.0
176,21,7.00,3,21.93,27.17,26.81,0.0,0.00,0.0,0.0,,0.0
176,22,7.00,3,21.40,26.85,26.51,0.0,0.00,0.0,0.0,,0.0
176,23,7.00,3,21.40,26.56,26.23,0.0,0.00,0.0,0.0,,0.0
176,24,7.00,3,21.17,26.27,25.96,0.0,0.00,0.0,0.0,,0.0
176,1,1.00,3,21.10,26.01,25.71,0.0,0.00,0.0,0.0,,0.0
176,2,1.00,3,21.17,25.77,25.48,0.0,0.00,0.0,0.0,,0.0
176,3,1.00,3,20.97,25.53,25.26,0.0,0.00,0.0,0.0,,0.0
176,4,1.00,3,20.66,25.30,25.03,0.0,0.00,0.0,0.0,,0.0
176,5,1.00,3,20.55,25.07,24.82,0.0,0.00,0.0,0.0,,0.0
176,6,1.00,3,20.56,24.87,24.62,0.0,0.00,0.0,0.0,,0.0
176,7,1.00,3,20.15,24.65,24.41,0.0,0.00,0.0,0.0,,0.0
176,8,1.00,3,20.72,24.94,24.72,0.0,0.00,0.0,-347.69,,-347.69
176,9,1.00,3,21.59,25.09,24.88,0.0,0.00,0.0,-606.85,,-606.85
176,10,1.00,3,23.12,25.36,25.16,0.0,0.00,0.0,0.0,,0.0
176,11,1.00,3,24.88,25.79,25.60,0.0,0.00,0.0,-597.01,,-597.01
176,12,1.00,3,26.01,26.30,26.12,0.0,0.00,0.0,0.0,,0.0
176,13,1.00,3,27.00,26.89,26.72,0.0,0.00,0.0,0.0,,0.0
176,14,1.00,3,26.73,27.40,27.15,-222.38,0.00,0.0,0.0,,-222.38
176,15,1.00,3,26.31,27.84,27.15,-1299.7,0.00,0.0,0.0,,-1299.7
176,16,1.00,3,25.89,28.21,27.15,-1902.73,0.00,0.0,0.0,,-1902.73
176,17,1.00,3,25.32,28.46,27.15,-2212.98,0.00,0.0,0.0,,-2212.98
176,18,1.00,3,24.27,28.54,27.15,-2111.67,0.00,0.0,0.0,,-2111.67
176,19,1.00,3,23.21,28.06,27.39,0.0,0.00,0.0,0.0,,0.0
176,20,1.00,3,22.28,27.70,27.21,0.0,0.00,0.0,0.0,,0.0
176,21,1.00,3,21.85,27.37,26.93,0.0,0.00,0.0,0.0,,0.0
176,22,1.00,3,21.53,27.04,26.63,0.0,0.00,0.0,0.0,,0.0
176,23,1.00,3,21.12,26.72,26.33,0.0,0.00,0.0,0.0,,0.0
176,24,1.00,3,20.80,26.41,26.04,0.0,0.00,0.0,0.0,,0.0
176,1,2.00,3,20.64,26.12,25.76,0.0,0.00,0.0,0.0,,0.0
176,2,2.00,3,20.28,25.83,25.49,0.0,0.00,0.0,0.0,,0.0
176,3,2.00,3,20.06,25.55,25.23,0.0,0.00,0.0,0.0,,0.0
176,4,2.00,3,19.69,25.27,24.96,0.0,0.00,0.0,0.0,,0.0
176,5,2.00,3,19.24,24.99,24.69,0.0,0.00,0.0,0.0,,0.0
176,6,2.00,3,18.92,24.72,24.43,0.0,0.00,0.0,0.0,,0.0
176,7,2.00,3,18.15,24.42,24.15,0.0,0.00,0.0,0.0,,0.0
176,8,2.00,3,19.35,24.64,24.38,0.0,0.00,0.0,0.0,,0.0
176,9,2.00,3,21.54,24.87,24.63,0.0,0.00,0.0,-274.51,,-274.51
176,10,2.00,3,23.52,25.21,24.98,0.0,0.00,0.0,-249.08,,-249.08
176,11,2.00,3,24.77,25.63,25.41,0.0,0.00,0.0,0.0,,0.0
176,12,2.00,3,25.76,26.14,25.92,0.0,0.00,0.0,0.0,,0.0
176,13,2.00,3,26.42,26.69,26.49,0.0,0.00,0.0,0.0,,0.0
176,14,2.00,3,27.07,27.28,27.08,0.0,0.00,0.0,0.0,,0.0
176,15,2.00,3,26.73,27.76,27.15,-1086.57,0.00,0.0,0.0,,-1086.57
176,16,2.00,3,26.33,28.16,27.15,-1798.89,0.00,0.0,0.0,,-1798.89
176,17,2.00,3,25.78,28.44,27.15,-2172.35,0.00,0.0,0.0,,-2172.35
176,18,2.00,3,25.01,28.56,27.15,-2190.02,0.00,0.0,0.0,,-2190.02
176,19,2.00,3,24.00,28.09,27.42,0.0,0.00,0.0,0.0,,0.0
176,20,2.00,3,22.98,27.76,27.26,0.0,0.00,0.0,0.0,,0.0
176,21,2.00,3,22.39,27.44,26.99,0.0,0.00,0.0,0.0,,0.0
176,22,2.00,3,21.94,27.12,26.71,0.0,0.00,0.0,0.0,,0.0
176,23,2.00,3,21.58,26.81,26.42,0.0,0.00,0.0,0.0,,0.0
176,24,2.00,3,21.16,26.51,26.13,0.0,0.00,0.0,0.0,,0.0
176,1,3.00,3,20.79,26.21,25.85,0.0,0.00,0.0,0.0,,0.0
176,2,3.00,3,20.43,25.92,25.58,0.0,0.00,0.0,0.0,,0.0
176,3,3.00,3,20.11,25.64,25.31,0.0,0.00,0.0,0.0,,0.0
176,4,3.00,3,19.76,25.36,25.04,0.0,0.00,0.0,0.0,,0.0
176,5,3.00,3,19.43,25.08,24.78,0.0,0.00,0.0,0.0,,0.0
176,6,3.00,3,19.13,24.81,24.52,0.0,0.00,0.0,0.0,,0.0
176,7,3.00,3,18.53,24.53,24.25,0.0,0.00,0.0,0.0,,0.0
176,8,3.00,3,19.54,24.99,24.72,0.0,0.00,0.0,0.0,,0.0
176,9,3.00,3,21.90,25.23,24.97,0.0,0.00,0.0,-0.0,,0.0
176,10,3.00,3,23.70,25.51,25.26,0.0,0.00,0.0,-0.0,,0.0
176,11,3.00,3,24.91,25.88,25.64,0.0,0.00,0.0,-0.0,,0.0
176,12,3.00,3,25.64,26.35,26.12,0.0,0.00,0.0,-0.0,,0.0
176,13,3.00,3,26.30,26.88,26.66,0.0,0.00,0.0,-0.0,,0.0
176,14,3.00,3,26.11,27.40,27.19,0.0,0.00,0.0,0.0,,0.0
176,15,3.00,3,25.81,27.88,27.68,0.0,0.00,0.0,0.0,,0.0
176,16,3.00,3,25.38,28.29,28.09,0.0,0.00,0.0,0.0,,0.0
176,17,3.00,3,24.89,28.59,28.40,0.0,0.00,0.0,0.0,,0.0
176,18,3.00,3,24.02,28.74,28.55,0.0,0.00,0.0,0.0,,0.0
176,19,3.00,3,23.14,28.09,27.91,0.0,0.00,0.0,0.0,,0.0
176,20,3.00,3,22.18,27.70,27.53,0.0,0.00,0.0,0.0,,0.0
176,21,3.00,3,21.67,27.35,27.18,0.0,0.00,0.0,0.0,,0.0
176,22,3.00,3,21.36,27.02,26.86,0.0,0.00,0.0,0.0,,0.0
176,23,3.00,3,21.09,26.71,26.55,0.0,0.00,0.0,0.0,,0.0
176,24,3.00,3,20.70,26.39,26.24,0.0,0.00,0.0,0.0,,0.0
176,1,4.00,3,20.38,26.09,25.94,0.0,0.00,0.0,0.0,,0.0
176,2,4.00,3,19.94,25.79,25.65,0.0,0.00,0.0,0.0,,0.0
176,3,4.00,3,19.59,25.49,25.35,0.0,0.00,0.0,0.0,,0.0
176,4,4.00,3,19.34,25.21,25.07,0.0,0.00,0.0,0.0,,0.0
176,5,4.00,3,19.13,24.93,24.80,0.0,0.00,0.0,0.0,,0.0
176,6,4.00,3,18.82,24.66,24.53,0.0,0.00,0.0,0.0,,0.0
176,7,4.00,3,18.44,24.39,24.27,0.0,0.00,0.0,0.0,,0.0
176,8,4.00,3,19.44,24.86,24.74,0.0,0.00,0.0,0.0,,0.0
176,9,4.00,3,21.44,25.08,24.96,0.0,0.00,0.0,-0.0,,0.0
176,10,4.00,3,23.11,25.34,25.23,0.0,0.00,0.0,-0.0,,0.0
176,11,4.00,3,24.22,25.70,25.59,0.0,0.00,0.0,0.0,,0.0
176,12,4.00,3,24.99,26.15,26.04,0.0,0.00,0.0,-0.0,,0.0
176,13,4.00,3,25.59,26.66,26.56,0.0,0.00,0.0,0.0,,0.0
176,14,4.00,3,26.16,27.22,27.11,0.0,0.00,0.0,0.0,,0.0
176,15,4.00,3,26.61,27.76,27.65,0.0,0.00,0.0,0.0,,0.0
176,16,4.00,3,26.10,28.20,28.10,0.0,0.00,0.0,0.0,,0.0
176,17,4.00,3,25.47,28.53,28.43,0.0,0.00,0.0,0.0,,0.0
176,18,4.00,3,24.63,28.71,28.61,0.0,0.00,0.0,0.0,,0.0
176,19,4.00,3,23.75,28.09,28.00,0.0,0.00,0.0,0.0,,0.0
176,20,4.00,3,22.81,27.72,27.63,0.0,0.00,0.0,0.0,,0.0
176,21,4.00,3,22.11,27.38,27.30,0.0,0.00,0.0,0.0,,0.0
176,22,4.00,3,21.62,27.06,26.97,0.0,0.00,0.0,0.0,,0.0
176,23,4.00,3,21.30,26.75,26.66,0.0,0.00,0.0,0.0,,0.0
176,24,4.00,3,20.96,26.44,26.36,0.0,0.00,0.0,0.0,,0.0
176,1,5.00,3,20.59,26.14,26.06,0.0,0.00,0.0,0.0,,0.0
176,2,5.00,3,20.25,25.85,25.77,0.0,0.00,0.0,0.0,,0.0
176,3,5.00,3,19.85,25.56,25.48,0.0,0.00,0.0,0.0,,0.0
176,4,5.00,3,19.53,25.28,25.20,0.0,0.00,0.0,0.0,,0.0
176,5,5.00,3,19.16,25.00,24.92,0.0,0.00,0.0,0.0,,0.0
176,6,5.00,3,18.88,24.72,24.65,0.0,0.00,0.0,0.0,,0.0
176,7,5.00,3,18.43,24.44,24.37,0.0,0.00,0.0,0.0,,0.0
176,8,5.00,3,19.28,24.65,24.58,0.0,0.00,0.0,0.0,,0.0
176,9,5.00,3,21.31,24.86,24.79,0.0,0.00,0.0,-183.99,,-183.99
176,10,5.00,3,23.00,25.16,25.09,0.0,0.00,0.0,-164.19,,-164.19
176,11,5.00,3,24.16,25.55,25.48,0.0,0.00,0.0,0.0,,0.0
176,12,5.00,3,25.09,26.02,25.96,0.0,0.00,0.0,0.0,,0.0
176,13,5.00,3,25.79,26.56,26.50,0.0,0.00,0.0,0.0,,0.0
176,14,5.00,3,26.52,27.13,27.07,0.0,0.00,0.0,0.0,,0.0
176,15,5.00,3,26.39,27.62,27.15,-1054.71,0.00,0.0,0.0,,-1054.71
176,16,5.00,3,26.01,28.02,27.15,-1757.18,0.00,0.0,0.0,,-1757.18
176,17,5.00,3,25.61,28.31,27.15,-2152.64,0.00,0.0,0.0,,-2152.64
176,18,5.00,3,24.96,28.45,27.15,-2192.62,0.00,0.0,0.0,,-2192.62
176,19,5.00,3,24.13,28.00,27.43,0.0,0.00,0.0,0.0,,0.0
176,20,5.00,3,23.11,27.67,27.28,0.0,0.00,0.0,0.0,,0.0
176,21,5.00,3,22.53,27.37,27.02,0.0,0.00,0.0,0.0,,0.0
176,22,5.00,3,22.24,27.07,26.75,0.0,0.00,0.0,0.0,,0.0
176,23,5.00,3,21.85,26.78,26.48,0.0,0.00,0.0,0.0,,0.0
176,24,5.00,3,21.52,26.50,26.21,0.0,0.00,0.0,0.0,,0.0
176,1,6.00,3,21.20,26.22,25.94,0.0,0.00,0.0,0.0,,0.0
176,2,6.00,3,20.81,25.94,25.68,0.0,0.00,0.0,0.0,,0.0
176,3,6.00,3,20.53,25.67,25.42,0.0,0.00,0.0,0.0,,0.0
176,4,6.00,3,20.19,25.41,25.17,0.0,0.00,0.0,0.0,,0.0
176,5,6.00,3,19.94,25.15,24.92,0.0,0.00,0.0,0.0,,0.0
176,6,6.00,3,19.66,24.90,24.68,0.0,0.00,0.0,0.0,,0.0
176,7,6.00,3,19.26,24.65,24.43,0.0,0.00,0.0,0.0,,0.0
176,8,6.00,3,20.19,24.90,24.70,0.0,0.00,0.0,0.0,,0.0
176,9,6.00,3,22.27,25.15,24.96,0.0,0.00,0.0,0.0,,0.0
176,10,6.00,3,24.16,25.50,25.32,0.0,0.00,0.0,0.0,,0.0
176,11,6.00,3,25.31,25.91,25.74,0.0,0.00,0.0,0.0,,0.0
176,12,6.00,3,26.13,26.41,26.24,0.0,0.00,0.0,0.0,,0.0
176,13,6.00,3,26.83,26.97,26.81,0.0,0.00,0.0,0.0,,0.0
176,14,6.00,3,27.55,27.56,27.15,-661.6,0.00,0.0,0.0,,-661.6
176,15,6.00,3,28.12,28.14,27.15,-1953.49,0.00,0.0,0.0,,-1953.49
176,16,6.00,3,27.77,28.59,27.15,-2647.71,0.00,0.0,0.0,,-2647.71
176,17,6.00,3,27.39,28.93,27.15,-3072.72,0.00,0.0,0.0,,-3072.72
176,18,6.00,3,26.63,29.10,27.15,-3111.94,0.00,0.0,0.0,,-3111.94
176,19,6.00,3,25.56,28.62,27.72,0.0,0.00,0.0,0.0,,0.0
176,20,6.00,3,24.41,28.30,27.66,0.0,0.00,0.0,0.0,,0.0
176,21,6.00,3,23.61,27.99,27.42,0.0,0.00,0.0,0.0,,0.0
176,22,6.00,3,23.08,27.69,27.16,0.0,0.00,0.0,0.0,,0.0
176,23,6.00,3,22.45,27.38,26.87,0.0,0.00,0.0,0.0,,0.0
176,24,6.00,3,21.81,27.06,26.58,0.0,0.00,0.0,0.0,,0.0
176,1,7.00,3,21.43,26.76,26.30,0.0,0.00,0.0,0.0,,0.0
176,2,7.00,3,20.99,26.45,26.02,0.0,0.00,0.0,0.0,,0.0
176,3,7.00,3,20.62,26.16,25.74,0.0,0.00,0.0,0.0,,0.0
176,4,7.00,3,20.29,25.87,25.47,0.0,0.00,0.0,0.0,,0.0
176,5,7.00,3,20.00,25.59,25.21,0.0,0.00,0.0,0.0,,0.0
176,6,7.00,3,19.84,25.32,24.96,0.0,0.00,0.0,0.0,,0.0
176,7,7.00,3,19.43,25.05,24.70,0.0,0.00,0.0,0.0,,0.0
176,8,7.00,3,20.35,25.28,24.96,0.0,0.00,0.0,0.0,,0.0
176,9,7.00,3,22.35,25.51,25.20,0.0,0.00,0.0,0.0,,0.0
176,10,7.00,3,24.14,25.82,25.53,0.0,0.00,0.0,0.0,,0.0
176,11,7.00,3,25.34,26.23,25.95,0.0,0.00,0.0,0.0,,0.0
176,12,7.00,3,26.18,26.71,26.44,0.0,0.00,0.0,0.0,,0.0
176,13,7.00,3,26.89,27.25,27.00,0.0,0.00,0.0,0.0,,0.0
176,14,7.00,3,27.34,27.80,27.15,-1059.34,0.00,0.0,0.0,,-1059.34
176,15,7.00,3,27.79,28.34,27.15,-2154.27,0.00,0.0,0.0,,-2154.27
176,16,7.00,3,27.38,28.76,27.15,-2773.86,0.00,0.0,0.0,,-2773.86
176,17,7.00,3,26.89,29.06,27.15,-3120.04,0.00,0.0,0.0,,-3120.04
176,18,7.00,3,26.15,29.21,27.15,-3111.94,0.00,0.0,0.0,,-3111.94
176,19,7.00,3,25.26,28.74,27.74,0.0,0.00,0.0,0.0,,0.0
176,20,7.00,3,24.25,28.42,27.67,0.0,0.00,0.0,0.0,,0.0
176,21,7.00,3,23.56,28.10,27.44,0.0,0.00,0.0,0.0,,0.0
176,22,7.00,3,23.24,27.81,27.19,0.0,0.00,0.0,0.0,,0.0
176,23,7.00,3,22.69,27.50,26.92,0.0,0.00,0.0,0.0,,0.0
176,24,7.00,3,22.26,27.21,26.65,0.0,0.00,0.0,0.0,,0.0
176,1,1.00,3,21.89,26.92,26.38,0.0,0.00,0.0,0.0,,0.0
176,2,1.00,3,21.40,26.62,26.11,0.0,0.00,0.0,0.0,,0.0
176,3,1.00,3,20.97,26.33,25.84,0.0,0.00,0.0,0.0,,0.0
176,4,1.00,3,20.47,26.04,25.57,0.0,0.00,0.0,0.0,,0.0
176,5,1.00,3,19.98,25.74,25.30,0.0,0.00,0.0,0.0,,0.0
176,6,1.00,3,19.68,25.46,25.03,0.0,0.00,0.0,0.0,,0.0
176,7,1.00,3,19.18,25.17,24.76,0.0,0.00,0.0,0.0,,0.0
176,8,1.00,3,20.12,25.37,25.00,0.0,0.00,0.0,0.0,,0.0
176,9,1.00,3,22.21,25.59,25.23,0.0,0.00,0.0,0.0,,0.0
176,10,1.00,3,24.17,25.91,25.57,0.0,0.00,0.0,0.0,,0.0
176,11,1.00,3,25.45,26.32,26.00,0.0,0.00,0.0,0.0,,0.0
176,12,1.00,3,26.44,26.82,26.51,0.0,0.00,0.0,0.0,,0.0
176,13,1.00,3,27.41,27.40,27.10,0.0,0.00,0.0,0.0,,0.0
176,14,1.00,3,27.79,27.96,27.15,-1358.14,0.00,0.0,-425.2,,-1783.3400000000001
176,15,1.00,3,28.31,28.52,27.15,-2420.17,0.00,0.0,-306.51,,-2726.6800000000003
176,16,1.00,3,28.76,29.04,27.15,-3264.38,0.00,0.0,-820.59,,-4084.9700000000003
176,17,1.00,3,28.18,29.38,27.15,-3642.29,0.00,0.0,-808.82,,-4451.11
176,18,1.00,3,27.40,29.57,27.15,-3666.83,0.00,0.0,-626.25,,-4293.08
176,19,1.00,3,26.32,29.09,27.91,0.0,0.00,0.0,0.0,,0.0
176,20,1.00,3,25.24,28.78,27.90,0.0,0.00,0.0,0.0,,0.0
176,21,1.00,3,24.30,28.47,27.69,0.0,0.00,0.0,0.0,,0.0
176,22,1.00,3,23.77,28.16,27.44,0.0,0.00,0.0,0.0,,0.0
176,23,1.00,3,22.96,27.84,27.16,0.0,0.00,0.0,0.0,,0.0
176,24,1.00,3,22.58,27.54,26.88,0.0,0.00,0.0,0.0,,0.0
176,1,2.00,3,22.05,27.23,26.61,0.0,0.00,0.0,0.0,,0.0
176,2,2.00,3,21.47,26.92,26.32,0.0,0.00,0.0,0.0,,0.0
176,3,2.00,3,21.08,26.62,26.05,0.0,0.00,0.0,0.0,,0.0
176,4,2.00,3,20.67,26.32,25.77,0.0,0.00,0.0,0.0,,0.0
176,5,2.00,3,20.23,26.02,25.50,0.0,0.00,0.0,0.0,,0.0
176,6,2.00,3,19.92,25.73,25.23,0.0,0.00,0.0,0.0,,0.0
176,7,2.00,3,19.33,25.43,24.95,0.0,0.00,0.0,0.0,,0.0
176,8,2.00,3,20.40,25.63,25.19,0.0,0.00,0.0,0.0,,0.0
176,9,2.00,3,22.76,25.87,25.46,0.0,0.00,0.0,0.0,,0.0
176,10,2.00,3,24.85,26.22,25.83,0.0,0.00,0.0,0.0,,0.0
176,11,2.00,3,25.99,26.63,26.25,0.0,0.00,0.0,0.0,,0.0
176,12,2.00,3,26.71,27.11,26.75,0.0,0.00,0.0,0.0,,0.0
176,13,2.00,3,27.57,27.67,27.15,-450.58,0.00,0.0,0.0,,-450.58
176,14,2.00,3,27.30,28.16,27.15,-1614.66,0.00,0.0,-357.32,,-1971.98
176,15,2.00,3,27.09,28.61,27.15,-2389.04,0.00,0.0,0.0,,-2389.04
176,16,2.00,3,26.77,28.98,27.15,-2933.41,0.00,0.0,-127.23,,-3060.64
176,17,2.00,3,26.32,29.24,27.15,-3211.05,0.00,0.0,-337.51,,-3548.5600000000004
176,18,2.00,3,25.62,29.36,27.15,-3149.12,0.00,0.0,-64.63,,-3213.75
176,19,2.00,3,24.62,28.88,27.75,0.0,0.00,0.0,0.0,,0.0
176,20,2.00,3,23.67,28.54,27.67,0.0,0.00,0.0,0.0,,0.0
176,21,2.00,3,23.06,28.20,27.43,0.0,0.00,0.0,0.0,,0.0
176,22,2.00,3,22.53,27.87,27.14,0.0,0.00,0.0,0.0,,0.0
176,23,2.00,3,22.03,27.55,26.85,0.0,0.00,0.0,0.0,,0.0
176,24,2.00,3,21.41,27.21,26.55,0.0,0.00,0.0,0.0,,0.0
176,1,3.00,3,21.03,26.89,26.26,0.0,0.00,0.0,0.0,,0.0
176,2,3.00,3,20.73,26.58,25.97,0.0,0.00,0.0,0.0,,0.0
176,3,3.00,3,20.45,26.28,25.70,0.0,0.00,0.0,0.0,,0.0
176,4,3.00,3,20.19,25.99,25.43,0.0,0.00,0.0,0.0,,0.0
176,5,3.00,3,19.96,25.70,25.17,0.0,0.00,0.0,0.0,,0.0
176,6,3.00,3,20.30,25.46,24.96,0.0,0.00,0.0,0.0,,0.0
176,7,3.00,3,20.56,25.25,24.77,0.0,0.00,0.0,0.0,,0.0
176,8,3.00,3,21.04,25.73,25.26,0.0,0.00,0.0,0.0,,0.0
176,9,3.00,3,22.27,25.92,25.48,0.0,0.00,0.0,-0.0,,0.0
176,10,3.00,3,23.62,26.15,25.73,0.0,0.00,0.0,-0.0,,0.0
176,11,3.00,3,24.66,26.48,26.07,0.0,0.00,0.0,-0.0,,0.0
176,12,3.00,3,25.33,26.90,26.51,0.0,0.00,0.0,-0.0,,0.0
176,13,3.00,3,26.16,27.41,27.03,0.0,0.00,0.0,0.0,,0.0
176,14,3.00,3,26.63,27.94,27.57,0.0,0.00,0.0,-0.0,,0.0
176,15,3.00,3,27.06,28.46,28.11,0.0,0.00,0.0,0.0,,0.0
176,16,3.00,3,26.80,28.90,28.56,0.0,0.00,0.0,0.0,,0.0
176,17,3.00,3,26.35,29.23,28.91,0.0,0.00,0.0,0.0,,0.0
176,18,3.00,3,25.62,29.42,29.11,0.0,0.00,0.0,0.0,,0.0
176,19,3.00,3,24.61,28.80,28.50,0.0,0.00,0.0,0.0,,0.0
176,20,3.00,3,23.65,28.43,28.14,0.0,0.00,0.0,0.0,,0.0
176,21,3.00,3,22.89,28.09,27.81,0.0,0.00,0.0,0.0,,0.0
176,22,3.00,3,22.68,27.77,27.50,0.0,0.00,0.0,0.0,,0.0
176,23,3.00,3,22.05,27.45,27.19,0.0,0.00,0.0,0.0,,0.0
176,24,3.00,3,21.72,27.14,26.89,0.0,0.00,0.0,0.0,,0.0
176,1,4.00,3,21.38,26.84,26.60,0.0,0.00,0.0,0.0,,0.0
176,2,4.00,3,20.83,26.53,26.30,0.0,0.00,0.0,0.0,,0.0
176,3,4.00,3,20.52,26.23,26.01,0.0,0.00,0.0,0.0,,0.0
176,4,4.00,3,20.07,25.94,25.72,0.0,0.00,0.0,0.0,,0.0
176,5,4.00,3,19.71,25.64,25.43,0.0,0.00,0.0,0.0,,0.0
176,6,4.00,3,19.50,25.36,25.16,0.0,0.00,0.0,0.0,,0.0
176,7,4.00,3,19.21,25.09,24.89,0.0,0.00,0.0,0.0,,0.0
176,8,4.00,3,19.88,25.53,25.34,0.0,0.00,0.0,0.0,,0.0
176,9,4.00,3,21.48,25.71,25.53,0.0,0.00,0.0,0.0,,0.0
176,10,4.00,3,23.08,25.94,25.76,0.0,0.00,0.0,-0.0,,0.0
176,11,4.00,3,24.40,26.28,26.10,0.0,0.00,0.0,-0.0,,0.0
176,12,4.00,3,24.96,26.69,26.52,0.0,0.00,0.0,-0.0,,0.0
176,13,4.00,3,25.70,27.19,27.03,0.0,0.00,0.0,0.0,,0.0
176,14,4.00,3,26.25,27.72,27.56,0.0,0.00,0.0,-0.0,,0.0
176,15,4.00,3,26.53,28.23,28.08,0.0,0.00,0.0,0.0,,0.0
176,16,4.00,3,26.40,28.68,28.52,0.0,0.00,0.0,0.0,,0.0
176,17,4.00,3,25.90,29.01,28.85,0.0,0.00,0.0,0.0,,0.0
176,18,4.00,3,25.12,29.19,29.04,0.0,0.00,0.0,0.0,,0.0
176,19,4.00,3,23.97,28.55,28.41,0.0,0.00,0.0,0.0,,0.0
176,20,4.00,3,23.15,28.18,28.04,0.0,0.00,0.0,0.0,,0.0
176,21,4.00,3,22.89,27.86,27.72,0.0,0.00,0.0,0.0,,0.0
176,22,4.00,3,22.86,27.57,27.44,0.0,0.00,0.0,0.0,,0.0
176,23,4.00,3,22.53,27.29,27.16,0.0,0.00,0.0,0.0,,0.0
176,24,4.00,3,22.42,27.02,26.89,0.0,0.00,0.0,0.0,,0.0
176,1,5.00,3,22.24,26.77,26.64,0.0,0.00,0.0,0.0,,0.0
176,2,5.00,3,21.74,26.50,26.38,0.0,0.00,0.0,0.0,,0.0
176,3,5.00,3,21.40,26.24,26.12,0.0,0.00,0.0,0.0,,0.0
176,4,5.00,3,20.91,25.98,25.86,0.0,0.00,0.0,0.0,,0.0
176,5,5.00,3,20.49,25.71,25.60,0.0,0.00,0.0,0.0,,0.0
176,6,5.00,3,20.20,25.45,25.34,0.0,0.00,0.0,-0.0,,0.0
176,7,5.00,3,19.23,25.16,25.05,0.0,0.00,0.0,0.0,,0.0
176,8,5.00,3,20.33,25.38,25.28,0.0,0.00,0.0,0.0,,0.0
176,9,5.00,3,22.62,25.63,25.53,0.0,0.00,0.0,-195.84,,-195.84
176,10,5.00,3,24.52,25.97,25.87,0.0,0.00,0.0,-250.75,,-250.75
176,11,5.00,3,25.47,26.36,26.26,0.0,0.00,0.0,0.0,,0.0
176,12,5.00,3,26.11,26.82,26.72,0.0,0.00,0.0,0.0,,0.0
176,13,5.00,3,26.43,27.32,27.15,-193.08,0.00,0.0,0.0,,-193.08
176,14,5.00,3,26.66,27.82,27.15,-1430.85,0.00,0.0,0.0,,-1430.85
176,15,5.00,3,26.42,28.26,27.15,-2170.51,0.00,0.0,0.0,,-2170.51
176,16,5.00,3,25.95,28.61,27.15,-2655.91,0.00,0.0,0.0,,-2655.91
176,17,5.00,3,25.33,28.84,27.15,-2862.37,0.00,0.0,0.0,,-2862.37
176,18,5.00,3,24.43,28.92,27.15,-2717.18,0.00,0.0,0.0,,-2717.18
176,19,5.00,3,23.30,28.44,27.60,0.0,0.00,0.0,0.0,,0.0
176,20,5.00,3,22.41,28.07,27.46,0.0,0.00,0.0,0.0,,0.0
176,21,5.00,3,21.78,27.72,27.18,0.0,0.00,0.0,0.0,,0.0
176,22,5.00,3,21.29,27.37,26.86,0.0,0.00,0.0,0.0,,0.0
176,23,5.00,3,21.01,27.04,26.55,0.0,0.00,0.0,0.0,,0.0
176,24,5.00,3,20.66,26.71,26.25,0.0,0.00,0.0,0.0,,0.0
176,1,6.00,3,20.36,26.39,25.95,0.0,0.00,0.0,0.0,,0.0
176,2,6.00,3,20.05,26.09,25.67,0.0,0.00,0.0,0.0,,0.0
176,3,6.00,3,19.86,25.80,25.39,0.0,0.00,0.0,0.0,,0.0
176,4,6.00,3,19.60,25.51,25.13,0.0,0.00,0.0,0.0,,0.0
176,5,6.00,3,19.31,25.23,24.86,0.0,0.00,0.0,0.0,,0.0
176,6,6.00,3,18.98,24.95,24.60,0.0,0.00,0.0,0.0,,0.0
176,7,6.00,3,18.43,24.67,24.33,0.0,0.00,0.0,0.0,,0.0
176,8,6.00,3,19.37,24.86,24.55,0.0,0.00,0.0,0.0,,0.0
176,9,6.00,3,21.32,25.07,24.77,0.0,0.00,0.0,0.0,,0.0
176,10,6.00,3,23.30,25.39,25.10,0.0,0.00,0.0,0.0,,0.0
176,11,6.00,3,24.62,25.80,25.53,0.0,0.00,0.0,0.0,,0.0
176,12,6.00,3,25.60,26.29,26.03,0.0,0.00,0.0,0.0,,0.0
176,13,6.00,3,26.32,26.84,26.59,0.0,0.00,0.0,0.0,,0.0
176,14,6.00,3,27.08,27.43,27.15,-118.42,0.00,0.0,0.0,,-118.42
176,15,6.00,3,26.81,27.92,27.15,-1351.97,0.00,0.0,0.0,,-1351.97
176,16,6.00,3,26.45,28.32,27.15,-2022.28,0.00,0.0,0.0,,-2022.28
176,17,6.00,3,25.84,28.60,27.15,-2370.48,0.00,0.0,0.0,,-2370.48
176,18,6.00,3,25.17,28.73,27.15,-2402.08,0.00,0.0,0.0,,-2402.08
176,19,6.00,3,24.25,28.27,27.50,0.0,0.00,0.0,0.0,,0.0
176,20,6.00,3,23.38,27.95,27.37,0.0,0.00,0.0,0.0,,0.0
176,21,6.00,3,23.00,27.66,27.14,0.0,0.00,0.0,0.0,,0.0
176,22,6.00,3,22.65,27.37,26.88,0.0,0.00,0.0,0.0,,0.0
176,23,6.00,3,22.26,27.08,26.62,0.0,0.00,0.0,0.0,,0.0
176,24,6.00,3,21.90,26.80,26.36,0.0,0.00,0.0,0.0,,0.0
176,1,7.00,3,21.82,26.54,26.11,0.0,0.00,0.0,0.0,,0.0
176,2,7.00,3,21.47,26.27,25.87,0.0,0.00,0.0,0.0,,0.0
176,3,7.00,3,21.11,26.01,25.63,0.0,0.00,0.0,0.0,,0.0
176,4,7.00,3,20.73,25.76,25.38,0.0,0.00,0.0,0.0,,0.0
176,5,7.00,3,20.47,25.50,25.15,0.0,0.00,0.0,0.0,,0.0
176,6,7.00,3,20.25,25.26,24.92,0.0,0.00,0.0,0.0,,0.0
176,7,7.00,3,20.04,25.03,24.70,0.0,0.00,0.0,0.0,,0.0
176,8,7.00,3,20.77,25.29,24.99,0.0,0.00,0.0,0.0,,0.0
176,9,7.00,3,22.73,25.54,25.25,0.0,0.00,0.0,0.0,,0.0
176,10,7.00,3,24.69,25.89,25.61,0.0,0.00,0.0,0.0,,0.0
176,11,7.00,3,25.88,26.31,26.05,0.0,0.00,0.0,0.0,,0.0
176,12,7.00,3,26.94,26.84,26.59,0.0,0.00,0.0,0.0,,0.0
176,13,7.00,3,27.76,27.42,27.15,-87.26,0.00,0.0,0.0,,-87.26
176,14,7.00,3,28.52,28.04,27.15,-1657.64,0.00,0.0,0.0,,-1657.64
176,15,7.00,3,29.04,28.63,27.15,-2721.1,0.00,0.0,-522.16,,-3243.2599999999998
176,16,7.00,3,28.64,29.09,27.15,-3377.16,0.00,0.0,-452.44,,-3829.6
176,17,7.00,3,28.03,29.42,27.15,-3723.47,0.00,0.0,-403.88,,-4127.349999999999
176,18,7.00,3,27.32,29.60,27.15,-3738.96,0.00,0.0,-108.76,,-3847.7200000000003
176,19,7.00,3,26.30,29.12,27.94,0.0,0.00,0.0,0.0,,0.0
176,20,7.00,3,25.37,28.82,27.95,0.0,0.00,0.0,0.0,,0.0
176,21,7.00,3,24.69,28.53,27.76,0.0,0.00,0.0,0.0,,0.0
176,22,7.00,3,24.27,28.25,27.52,0.0,0.00,0.0,0.0,,0.0
176,23,7.00,3,23.57,27.95,27.27,0.0,0.00,0.0,0.0,,0.0
176,24,7.00,3,23.22,27.67,27.01,0.0,0.00,0.0,0.0,,0.0
176,1,1.00,3,22.60,27.38,26.75,0.0,0.00,0.0,0.0,,0.0
176,2,1.00,3,21.97,27.08,26.48,0.0,0.00,0.0,0.0,,0.0
176,3,1.00,3,21.65,26.79,26.22,0.0,0.00,0.0,0.0,,0.0
176,4,1.00,3,21.30,26.51,25.96,0.0,0.00,0.0,0.0,,0.0
176,5,1.00,3,20.91,26.23,25.71,0.0,0.00,0.0,0.0,,0.0
176,6,1.00,3,20.60,25.96,25.46,0.0,0.00,0.0,0.0,,0.0
176,7,1.00,3,20.23,25.68,25.20,0.0,0.00,0.0,0.0,,0.0
176,8,1.00,3,21.27,25.93,25.49,0.0,0.00,0.0,0.0,,0.0
176,9,1.00,3,23.36,26.17,25.76,0.0,0.00,0.0,-785.53,,-785.53
176,10,1.00,3,25.20,26.50,26.11,0.0,0.00,0.0,-124.43,,-124.43
176,11,1.00,3,26.48,26.93,26.55,0.0,0.00,0.0,0.0,,0.0
176,12,1.00,3,27.48,27.44,27.07,0.0,0.00,0.0,-92.96,,-92.96
176,13,1.00,3,28.24,28.00,27.15,-1302.54,0.00,0.0,-469.88,,-1772.42
176,14,1.00,3,28.96,28.60,27.15,-2492.33,0.00,0.0,-942.25,,-3434.58
176,15,1.00,3,29.52,29.19,27.15,-3482.39,0.00,0.0,-824.48,,-4306.87
176,16,1.00,3,29.00,29.62,27.15,-4042.07,0.00,0.0,-900.93,,-4943.0
176,17,1.00,3,28.23,29.92,27.15,-4283.55,0.00,0.0,-829.0,,-5112.55
176,18,1.00,3,27.34,30.06,27.15,-4193.84,0.00,0.0,-619.28,,-4813.12
176,19,1.00,3,26.20,29.57,28.09,0.0,0.00,0.0,0.0,,0.0
176,20,1.00,3,25.03,29.22,28.10,0.0,0.00,0.0,0.0,,0.0
176,21,1.00,3,24.13,28.89,27.88,0.0,0.00,0.0,0.0,,0.0
176,22,1.00,3,23.63,28.56,27.62,0.0,0.00,0.0,0.0,,0.0
176,23,1.00,3,22.74,28.21,27.32,0.0,0.00,0.0,0.0,,0.0
176,24,1.00,3,22.32,27.88,27.03,0.0,0.00,0.0,0.0,,0.0
176,1,2.00,3,21.72,27.54,26.73,0.0,0.00,0.0,0.0,,0.0
176,2,2.00,3,21.08,27.20,26.43,0.0,0.00,0.0,0.0,,0.0
176,3,2.00,3,20.49,26.86,26.12,0.0,0.00,0.0,0.0,,0.0
176,4,2.00,3,19.79,26.51,25.80,0.0,0.00,0.0,0.0,,0.0
176,5,2.00,3,19.16,26.16,25.48,0.0,0.00,0.0,0.0,,0.0
176,6,2.00,3,18.79,25.82,25.17,0.0,0.00,0.0,0.0,,0.0
176,7,2.00,3,18.23,25.48,24.86,0.0,0.00,0.0,0.0,,0.0
176,8,2.00,3,19.34,25.60,25.03,0.0,0.00,0.0,0.0,,0.0
176,9,2.00,3,21.33,25.75,25.22,0.0,0.00,0.0,-172.68,,-172.68
176,10,2.00,3,23.65,26.07,25.56,0.0,0.00,0.0,0.0,,0.0
176,11,2.00,3,24.97,26.46,25.97,0.0,0.00,0.0,0.0,,0.0
176,12,2.00,3,26.11,26.95,26.48,0.0,0.00,0.0,0.0,,0.0
176,13,2.00,3,27.11,27.52,27.07,0.0,0.00,0.0,0.0,,0.0
176,14,2.00,3,26.87,28.01,27.15,-1115.38,0.00,0.0,-156.12,,-1271.5
176,15,2.00,3,26.71,28.46,27.15,-1983.73,0.00,0.0,0.0,,-1983.73
176,16,2.00,3,26.33,28.82,27.15,-2549.91,0.00,0.0,0.0,,-2549.91
176,17,2.00,3,25.70,29.07,27.15,-2807.61,0.00,0.0,-24.33,,-2831.94
176,18,2.00,3,24.95,29.16,27.15,-2744.32,0.00,0.0,0.0,,-2744.32
176,19,2.00,3,24.05,28.70,27.62,0.0,0.00,0.0,0.0,,0.0
176,20,2.00,3,23.12,28.35,27.51,0.0,0.00,0.0,0.0,,0.0
176,21,2.00,3,22.55,28.01,27.25,0.0,0.00,0.0,0.0,,0.0
176,22,2.00,3,22.03,27.68,26.96,0.0,0.00,0.0,0.0,,0.0
176,23,2.00,3,21.43,27.34,26.66,0.0,0.00,0.0,0.0,,0.0
176,24,2.00,3,21.11,27.02,26.36,0.0,0.00,0.0,0.0,,0.0
176,1,3.00,3,20.71,26.70,26.07,0.0,0.00,0.0,0.0,,0.0
176,2,3.00,3,20.15,26.38,25.78,0.0,0.00,0.0,0.0,,0.0
176,3,3.00,3,19.70,26.06,25.48,0.0,0.00,0.0,0.0,,0.0
176,4,3.00,3,19.32,25.74,25.19,0.0,0.00,0.0,0.0,,0.0
176,5,3.00,3,18.97,25.44,24.91,0.0,0.00,0.0,0.0,,0.0
176,6,3.00,3,18.65,25.14,24.63,0.0,0.00,0.0,0.0,,0.0
176,7,3.00,3,18.30,24.84,24.36,0.0,0.00,0.0,0.0,,0.0
176,8,3.00,3,19.28,25.28,24.82,0.0,0.00,0.0,0.0,,0.0
176,9,3.00,3,21.11,25.48,25.03,0.0,0.00,0.0,0.0,,0.0
176,10,3.00,3,23.05,25.73,25.30,0.0,0.00,0.0,-0.0,,0.0
176,11,3.00,3,24.28,26.07,25.66,0.0,0.00,0.0,-0.0,,0.0
176,12,3.00,3,25.22,26.52,26.13,0.0,0.00,0.0,-0.0,,0.0
176,13,3.00,3,25.79,27.04,26.66,0.0,0.00,0.0,0.0,,0.0
176,14,3.00,3,26.47,27.59,27.22,0.0,0.00,0.0,0.0,,0.0
176,15,3.00,3,26.95,28.13,27.78,0.0,0.00,0.0,0.0,,0.0
176,16,3.00,3,26.44,28.58,28.24,0.0,0.00,0.0,0.0,,0.0
176,17,3.00,3,25.83,28.91,28.58,0.0,0.00,0.0,0.0,,0.0
176,18,3.00,3,25.09,29.10,28.78,0.0,0.00,0.0,0.0,,0.0
176,19,3.00,3,24.16,28.48,28.17,0.0,0.00,0.0,0.0,,0.0
176,20,3.00,3,23.13,28.11,27.81,0.0,0.00,0.0,0.0,,0.0
176,21,3.00,3,22.41,27.77,27.48,0.0,0.00,0.0,0.0,,0.0
176,22,3.00,3,21.76,27.43,27.15,0.0,0.00,0.0,0.0,,0.0
176,23,3.00,3,21.05,27.09,26.82,0.0,0.00,0.0,0.0,,0.0
176,24,3.00,3,20.57,26.75,26.49,0.0,0.00,0.0,0.0,,0.0
176,1,4.00,3,20.19,26.43,26.17,0.0,0.00,0.0,0.0,,0.0
176,2,4.00,3,19.79,26.10,25.86,0.0,0.00,0.0,0.0,,0.0
176,3,4.00,3,19.43,25.79,25.55,0.0,0.00,0.0,0.0,,0.0
176,4,4.00,3,19.10,25.49,25.25,0.0,0.00,0.0,0.0,,0.0
176,5,4.00,3,18.80,25.19,24.96,0.0,0.00,0.0,0.0,,0.0
176,6,4.00,3,18.50,24.90,24.68,0.0,0.00,0.0,0.0,,0.0
176,7,4.00,3,18.16,24.61,24.40,0.0,0.00,0.0,0.0,,0.0
176,8,4.00,3,19.07,25.05,24.85,0.0,0.00,0.0,0.0,,0.0
176,9,4.00,3,21.00,25.25,25.05,0.0,0.00,0.0,0.0,,0.0
176,10,4.00,3,23.17,25.53,25.33,0.0,0.00,0.0,0.0,,0.0
176,11,4.00,3,24.43,25.89,25.70,0.0,0.00,0.0,0.0,,0.0
176,12,4.00,3,25.22,26.35,26.17,0.0,0.00,0.0,0.0,,0.0
176,13,4.00,3,25.97,26.88,26.70,0.0,0.00,0.0,0.0,,0.0
176,14,4.00,3,25.80,27.40,27.23,0.0,0.00,0.0,0.0,,0.0
176,15,4.00,3,25.64,27.89,27.72,0.0,0.00,0.0,0.0,,0.0
176,16,4.00,3,25.20,28.29,28.13,0.0,0.00,0.0,0.0,,0.0
176,17,4.00,3,24.70,28.60,28.43,0.0,0.00,0.0,0.0,,0.0
176,18,4.00,3,23.95,28.76,28.60,0.0,0.00,0.0,0.0,,0.0
176,19,4.00,3,23.00,28.11,27.95,0.0,0.00,0.0,0.0,,0.0
176,20,4.00,3,21.93,27.71,27.56,0.0,0.00,0.0,0.0,,0.0
176,21,4.00,3,21.21,27.35,27.20,0.0,0.00,0.0,0.0,,0.0
176,22,4.00,3,20.73,27.00,26.85,0.0,0.00,0.0,0.0,,0.0
176,23,4.00,3,20.38,26.66,26.51,0.0,0.00,0.0,0.0,,0.0
176,24,4.00,3,19.95,26.32,26.18,0.0,0.00,0.0,0.0,,0.0
176,1,5.00,3,19.54,26.00,25.86,0.0,0.00,0.0,0.0,,0.0
176,2,5.00,3,19.05,25.67,25.54,0.0,0.00,0.0,0.0,,0.0
176,3,5.00,3,18.81,25.36,25.23,0.0,0.00,0.0,0.0,,0.0
176,4,5.00,3,18.53,25.06,24.93,0.0,0.00,0.0,0.0,,0.0
176,5,5.00,3,18.13,24.76,24.63,0.0,0.00,0.0,0.0,,0.0
176,6,5.00,3,17.87,24.46,24.34,0.0,0.00,0.0,0.0,,0.0
176,7,5.00,3,17.46,24.17,24.05,0.0,0.00,0.0,0.0,,0.0
176,8,5.00,3,18.29,24.33,24.21,0.0,0.00,0.0,0.0,,0.0
176,9,5.00,3,20.43,24.53,24.42,0.0,0.00,0.0,0.0,,0.0
176,10,5.00,3,22.84,24.89,24.78,0.0,0.00,0.0,0.0,,0.0
176,11,5.00,3,24.12,25.31,25.21,0.0,0.00,0.0,0.0,,0.0
176,12,5.00,3,25.06,25.82,25.71,0.0,0.00,0.0,0.0,,0.0
176,13,5.00,3,25.83,26.38,26.27,0.0,0.00,0.0,0.0,,0.0
176,14,5.00,3,26.36,26.95,26.85,0.0,0.00,0.0,0.0,,0.0
176,15,5.00,3,26.84,27.51,27.15,-671.78,0.00,0.0,0.0,,-671.78
176,16,5.00,3,26.44,27.94,27.15,-1583.11,0.00,0.0,0.0,,-1583.11
176,17,5.00,3,25.92,28.26,27.15,-2023.27,0.00,0.0,0.0,,-2023.27
176,18,5.00,3,25.13,28.41,27.15,-2084.1,0.00,0.0,0.0,,-2084.1
176,19,5.00,3,24.05,27.94,27.38,0.0,0.00,0.0,0.0,,0.0
176,20,5.00,3,23.08,27.63,27.23,0.0,0.00,0.0,0.0,,0.0
176,21,5.00,3,22.42,27.32,26.97,0.0,0.00,0.0,0.0,,0.0
176,22,5.00,3,21.88,27.01,26.68,0.0,0.00,0.0,0.0,,0.0
176,23,5.00,3,21.46,26.71,26.40,0.0,0.00,0.0,0.0,,0.0
176,24,5.00,3,20.98,26.41,26.11,0.0,0.00,0.0,0.0,,0.0
176,1,6.00,3,20.50,26.11,25.82,0.0,0.00,0.0,0.0,,0.0
176,2,6.00,3,20.03,25.81,25.53,0.0,0.00,0.0,0.0,,0.0
176,3,6.00,3,19.74,25.52,25.26,0.0,0.00,0.0,0.0,,0.0
176,4,6.00,3,19.30,25.24,24.98,0.0,0.00,0.0,0.0,,0.0
176,5,6.00,3,18.95,24.95,24.70,0.0,0.00,0.0,0.0,,0.0
176,6,6.00,3,18.65,24.68,24.44,0.0,0.00,0.0,0.0,,0.0
176,7,6.00,3,18.14,24.39,24.16,0.0,0.00,0.0,0.0,,0.0
176,8,6.00,3,19.08,24.59,24.38,0.0,0.00,0.0,0.0,,0.0
176,9,6.00,3,21.02,24.79,24.59,0.0,0.00,0.0,0.0,,0.0
176,10,6.00,3,23.14,25.13,24.93,0.0,0.00,0.0,0.0,,0.0
176,11,6.00,3,24.29,25.53,25.34,0.0,0.00,0.0,0.0,,0.0
176,12,6.00,3,25.07,26.01,25.82,0.0,0.00,0.0,0.0,,0.0
176,13,6.00,3,25.66,26.54,26.36,0.0,0.00,0.0,0.0,,0.0
176,14,6.00,3,26.30,27.10,26.93,0.0,0.00,0.0,0.0,,0.0
176,15,6.00,3,26.68,27.64,27.15,-821.16,0.00,0.0,0.0,,-821.16
176,16,6.00,3,26.33,28.05,27.15,-1664.36,0.00,0.0,0.0,,-1664.36
176,17,6.00,3,25.80,28.35,27.15,-2076.27,0.00,0.0,0.0,,-2076.27
176,18,6.00,3,25.14,28.50,27.15,-2149.27,0.00,0.0,0.0,,-2149.27
176,19,6.00,3,24.19,28.05,27.41,0.0,0.00,0.0,0.0,,0.0
176,20,6.00,3,23.27,27.73,27.27,0.0,0.00,0.0,0.0,,0.0
176,21,6.00,3,22.55,27.42,27.01,0.0,0.00,0.0,0.0,,0.0
176,22,6.00,3,22.10,27.12,26.73,0.0,0.00,0.0,0.0,,0.0
176,23,6.00,3,21.34,26.80,26.43,0.0,0.00,0.0,0.0,,0.0
176,24,6.00,3,20.91,26.49,26.14,0.0,0.00,0.0,0.0,,0.0
176,1,7.00,3,20.41,26.18,25.85,0.0,0.00,0.0,0.0,,0.0
176,2,7.00,3,19.97,25.88,25.55,0.0,0.00,0.0,0.0,,0.0
176,3,7.00,3,19.57,25.58,25.27,0.0,0.00,0.0,0.0,,0.0
176,4,7.00,3,19.19,25.28,24.98,0.0,0.00,0.0,0.0,,0.0
176,5,7.00,3,18.80,24.99,24.70,0.0,0.00,0.0,0.0,,0.0
176,6,7.00,3,18.56,24.71,24.43,0.0,0.00,0.0,0.0,,0.0
176,7,7.00,3,18.21,24.43,24.16,0.0,0.00,0.0,0.0,,0.0
176,8,7.00,3,19.05,24.62,24.37,0.0,0.00,0.0,0.0,,0.0
176,9,7.00,3,21.01,24.82,24.59,0.0,0.00,0.0,0.0,,0.0
176,10,7.00,3,23.16,25.16,24.93,0.0,0.00,0.0,0.0,,0.0
176,11,7.00,3,24.33,25.56,25.35,0.0,0.00,0.0,0.0,,0.0
176,12,7.00,3,25.15,26.04,25.83,0.0,0.00,0.0,0.0,,0.0
176,13,7.00,3,25.74,26.57,26.37,0.0,0.00,0.0,0.0,,0.0
176,14,7.00,3,26.40,27.14,26.95,0.0,0.00,0.0,0.0,,0.0
176,15,7.00,3,26.31,27.63,27.15,-757.64,0.00,0.0,0.0,,-757.64
176,16,7.00,3,25.98,28.03,27.15,-1574.01,0.00,0.0,0.0,,-1574.01
176,17,7.00,3,25.48,28.32,27.15,-1973.76,0.00,0.0,0.0,,-1973.76
176,18,7.00,3,24.85,28.46,27.15,-2040.41,0.00,0.0,0.0,,-2040.41
176,19,7.00,3,23.95,28.01,27.38,0.0,0.00,0.0,0.0,,0.0
176,20,7.00,3,23.06,27.69,27.22,0.0,0.00,0.0,0.0,,0.0
176,21,7.00,3,22.49,27.38,26.97,0.0,0.00,0.0,0.0,,0.0
176,22,7.00,3,21.98,27.08,26.69,0.0,0.00,0.0,0.0,,0.0
176,23,7.00,3,21.71,26.79,26.41,0.0,0.00,0.0,0.0,,0.0
176,24,7.00,3,21.29,26.50,26.14,0.0,0.00,0.0,0.0,,0.0
176,1,1.00,4,21.09,26.22,25.88,0.0,0.00,0.0,0.0,,0.0
176,2,1.00,4,20.88,25.96,25.63,0.0,0.00,0.0,0.0,,0.0
176,3,1.00,4,20.80,25.71,25.39,0.0,0.00,0.0,0.0,,0.0
176,4,1.00,4,20.74,25.47,25.17,0.0,0.00,0.0,0.0,,0.0
176,5,1.00,4,20.65,25.25,24.96,0.0,0.00,0.0,0.0,,0.0
176,6,1.00,4,20.64,25.04,24.76,0.0,0.00,0.0,0.0,,0.0
176,7,1.00,4,20.12,24.82,24.55,0.0,0.00,0.0,0.0,,0.0
176,8,1.00,4,20.48,25.09,24.84,0.0,0.00,0.0,0.0,,0.0
176,9,1.00,4,22.08,25.32,25.09,0.0,0.00,0.0,0.0,,0.0
176,10,1.00,4,24.15,25.70,25.47,0.0,0.00,0.0,0.0,,0.0
176,11,1.00,4,25.15,26.15,25.93,0.0,0.00,0.0,0.0,,0.0
176,12,1.00,4,25.77,26.70,26.49,0.0,0.00,0.0,0.0,,0.0
176,13,1.00,4,26.21,27.31,26.68,-1068.35,0.00,0.0,0.0,,-1068.35
176,14,1.00,4,26.64,27.93,26.68,-2366.5,0.00,0.0,-411.69,,-2778.19
176,15,1.00,4,26.90,28.51,26.68,-3328.95,0.00,0.0,-477.45,,-3806.3999999999996
176,16,1.00,4,26.47,28.94,26.68,-3883.37,0.00,0.0,-536.25,,-4419.62
176,17,1.00,4,25.75,29.21,26.68,-4055.26,0.00,0.0,-628.38,,-4683.64
176,18,1.00,4,24.97,29.28,26.68,-3811.39,0.00,0.0,-374.83,,-4186.22
176,19,1.00,4,23.78,28.72,27.43,0.0,0.00,0.0,0.0,,0.0
176,20,1.00,4,22.62,28.29,27.33,0.0,0.00,0.0,0.0,,0.0
176,21,1.00,4,21.75,27.88,27.03,0.0,0.00,0.0,0.0,,0.0
176,22,1.00,4,20.94,27.48,26.68,0.0,0.00,0.0,0.0,,0.0
176,23,1.00,4,20.52,27.10,26.34,0.0,0.00,0.0,0.0,,0.0
176,24,1.00,4,19.87,26.73,26.00,0.0,0.00,0.0,0.0,,0.0
176,1,2.00,4,19.37,26.36,25.66,0.0,0.00,0.0,0.0,,0.0
176,2,2.00,4,18.92,26.00,25.34,0.0,0.00,0.0,0.0,,0.0
176,3,2.00,4,18.55,25.65,25.02,0.0,0.00,0.0,0.0,,0.0
176,4,2.00,4,18.01,25.30,24.70,0.0,0.00,0.0,0.0,,0.0
176,5,2.00,4,17.37,24.94,24.37,0.0,0.00,0.0,0.0,,0.0
176,6,2.00,4,17.05,24.60,24.05,0.0,0.00,0.0,0.0,,0.0
176,7,2.00,4,16.47,24.26,23.73,0.0,0.00,0.0,0.0,,0.0
176,8,2.00,4,17.51,24.37,23.88,0.0,0.00,0.0,0.0,,0.0
176,9,2.00,4,19.70,24.56,24.10,0.0,0.00,0.0,0.0,,0.0
176,10,2.00,4,22.43,24.94,24.51,0.0,0.00,0.0,0.0,,0.0
176,11,2.00,4,23.82,25.42,25.00,0.0,0.00,0.0,0.0,,0.0
176,12,2.00,4,24.79,26.00,25.60,0.0,0.00,0.0,0.0,,0.0
176,13,2.00,4,25.55,26.65,26.27,0.0,0.00,0.0,0.0,,0.0
176,14,2.00,4,26.07,27.30,26.68,-645.16,0.00,0.0,0.0,,-645.16
176,15,2.00,4,26.50,27.92,26.68,-2062.36,0.00,0.0,-49.97,,-2112.33
176,16,2.00,4,26.07,28.38,26.68,-2775.81,0.00,0.0,-227.93,,-3003.74
176,17,2.00,4,25.44,28.68,26.68,-3101.05,0.00,0.0,-344.82,,-3445.8700000000003
176,18,2.00,4,24.59,28.77,26.68,-2957.39,0.00,0.0,-120.38,,-3077.77
176,19,2.00,4,23.41,28.21,27.14,0.0,0.00,0.0,0.0,,0.0
176,20,2.00,4,22.30,27.80,26.98,0.0,0.00,0.0,0.0,,0.0
176,21,2.00,4,21.48,27.41,26.68,0.0,0.00,0.0,0.0,,0.0
176,22,2.00,4,20.92,27.04,26.35,0.0,0.00,0.0,0.0,,0.0
176,23,2.00,4,20.61,26.70,26.04,0.0,0.00,0.0,0.0,,0.0
176,24,2.00,4,20.09,26.35,25.73,0.0,0.00,0.0,0.0,,0.0
176,1,3.00,4,19.31,26.00,25.40,0.0,0.00,0.0,0.0,,0.0
176,2,3.00,4,18.58,25.64,25.06,0.0,0.00,0.0,0.0,,0.0
176,3,3.00,4,18.07,25.29,24.74,0.0,0.00,0.0,0.0,,0.0
176,4,3.00,4,17.56,24.94,24.41,0.0,0.00,0.0,0.0,,0.0
176,5,3.00,4,17.18,24.60,24.10,0.0,0.00,0.0,0.0,,0.0
176,6,3.00,4,16.92,24.28,23.79,0.0,0.00,0.0,0.0,,0.0
176,7,3.00,4,16.43,23.95,23.49,0.0,0.00,0.0,0.0,,0.0
176,8,3.00,4,17.44,24.39,23.94,0.0,0.00,0.0,0.0,,0.0
176,9,3.00,4,19.54,24.59,24.16,0.0,0.00,0.0,0.0,,0.0
176,10,3.00,4,21.99,24.89,24.48,0.0,0.00,0.0,0.0,,0.0
176,11,3.00,4,23.40,25.32,24.93,0.0,0.00,0.0,0.0,,0.0
176,12,3.00,4,24.38,25.88,25.50,0.0,0.00,0.0,0.0,,0.0
176,13,3.00,4,25.23,26.52,26.16,0.0,0.00,0.0,0.0,,0.0
176,14,3.00,4,25.75,27.19,26.83,0.0,0.00,0.0,0.0,,0.0
176,15,3.00,4,26.21,27.82,27.48,0.0,0.00,0.0,0.0,,0.0
176,16,3.00,4,25.91,28.34,28.01,0.0,0.00,0.0,0.0,,0.0
176,17,3.00,4,25.31,28.70,28.39,0.0,0.00,0.0,0.0,,0.0
176,18,3.00,4,24.48,28.87,28.56,0.0,0.00,0.0,0.0,,0.0
176,19,3.00,4,23.35,28.15,27.85,0.0,0.00,0.0,0.0,,0.0
176,20,3.00,4,22.23,27.70,27.42,0.0,0.00,0.0,0.0,,0.0
176,21,3.00,4,21.35,27.31,27.03,0.0,0.00,0.0,0.0,,0.0
176,22,3.00,4,20.64,26.93,26.66,0.0,0.00,0.0,0.0,,0.0
176,23,3.00,4,20.32,26.58,26.32,0.0,0.00,0.0,0.0,,0.0
176,24,3.00,4,19.74,26.22,25.97,0.0,0.00,0.0,0.0,,0.0
176,1,4.00,4,19.14,25.87,25.63,0.0,0.00,0.0,0.0,,0.0
176,2,4.00,4,18.43,25.51,25.28,0.0,0.00,0.0,0.0,,0.0
176,3,4.00,4,17.82,25.16,24.93,0.0,0.00,0.0,0.0,,0.0
176,4,4.00,4,17.28,24.80,24.58,0.0,0.00,0.0,0.0,,0.0
176,5,4.00,4,16.99,24.47,24.25,0.0,0.00,0.0,0.0,,0.0
176,6,4.00,4,16.82,24.15,23.94,0.0,0.00,0.0,0.0,,0.0
176,7,4.00,4,16.52,23.84,23.63,0.0,0.00,0.0,0.0,,0.0
176,8,4.00,4,17.37,24.27,24.07,0.0,0.00,0.0,0.0,,0.0
176,9,4.00,4,19.34,24.47,24.28,0.0,0.00,0.0,0.0,,0.0
176,10,4.00,4,21.90,24.78,24.59,0.0,0.00,0.0,0.0,,0.0
176,11,4.00,4,23.46,25.22,25.04,0.0,0.00,0.0,0.0,,0.0
176,12,4.00,4,24.54,25.79,25.61,0.0,0.00,0.0,-0.0,,0.0
176,13,4.00,4,25.60,26.46,26.29,0.0,0.00,0.0,0.0,,0.0
176,14,4.00,4,25.84,27.12,26.96,0.0,0.00,0.0,-0.0,,0.0
176,15,4.00,4,26.41,27.77,27.60,0.0,0.00,0.0,0.0,,0.0
176,16,4.00,4,26.06,28.29,28.13,0.0,0.00,0.0,0.0,,0.0
176,17,4.00,4,25.41,28.66,28.51,0.0,0.00,0.0,0.0,,0.0
176,18,4.00,4,24.47,28.83,28.67,0.0,0.00,0.0,0.0,,0.0
176,19,4.00,4,23.25,28.10,27.95,0.0,0.00,0.0,0.0,,0.0
176,20,4.00,4,22.09,27.65,27.50,0.0,0.00,0.0,0.0,,0.0
176,21,4.00,4,21.24,27.25,27.11,0.0,0.00,0.0,0.0,,0.0
176,22,4.00,4,20.79,26.89,26.75,0.0,0.00,0.0,0.0,,0.0
176,23,4.00,4,20.38,26.54,26.40,0.0,0.00,0.0,0.0,,0.0
176,24,4.00,4,19.66,26.18,26.05,0.0,0.00,0.0,0.0,,0.0
176,1,5.00,4,19.11,25.83,25.70,0.0,0.00,0.0,0.0,,0.0
176,2,5.00,4,18.53,25.48,25.35,0.0,0.00,0.0,0.0,,0.0
176,3,5.00,4,18.08,25.14,25.01,0.0,0.00,0.0,0.0,,0.0
176,4,5.00,4,17.62,24.80,24.67,0.0,0.00,0.0,0.0,,0.0
176,5,5.00,4,17.08,24.46,24.34,0.0,0.00,0.0,0.0,,0.0
176,6,5.00,4,16.72,24.13,24.01,0.0,0.00,0.0,0.0,,0.0
176,7,5.00,4,16.32,23.81,23.69,0.0,0.00,0.0,0.0,,0.0
176,8,5.00,4,17.07,23.92,23.81,0.0,0.00,0.0,0.0,,0.0
176,9,5.00,4,19.00,24.09,23.98,0.0,0.00,0.0,0.0,,0.0
176,10,5.00,4,21.57,24.45,24.34,0.0,0.00,0.0,0.0,,0.0
176,11,5.00,4,23.27,24.94,24.84,0.0,0.00,0.0,0.0,,0.0
176,12,5.00,4,24.33,25.53,25.43,0.0,0.00,0.0,0.0,,0.0
176,13,5.00,4,25.28,26.21,26.11,0.0,0.00,0.0,0.0,,0.0
176,14,5.00,4,25.78,26.87,26.68,-233.62,0.00,0.0,0.0,,-233.62
176,15,5.00,4,26.27,27.51,26.68,-1778.0,0.00,0.0,-61.11,,-1839.11
176,16,5.00,4,25.75,27.97,26.68,-2489.73,0.00,0.0,-225.97,,-2715.7
176,17,5.00,4,24.96,28.26,26.68,-2787.67,0.00,0.0,-420.89,,-3208.56
176,18,5.00,4,23.83,28.32,26.68,-2574.62,0.00,0.0,0.0,,-2574.62
176,19,5.00,4,22.49,27.76,27.00,0.0,0.00,0.0,0.0,,0.0
176,20,5.00,4,21.27,27.32,26.78,0.0,0.00,0.0,0.0,,0.0
176,21,5.00,4,20.28,26.91,26.43,0.0,0.00,0.0,0.0,,0.0
176,22,5.00,4,19.58,26.51,26.07,0.0,0.00,0.0,0.0,,0.0
176,23,5.00,4,18.84,26.11,25.69,0.0,0.00,0.0,0.0,,0.0
176,24,5.00,4,18.01,25.71,25.30,0.0,0.00,0.0,0.0,,0.0
176,1,6.00,4,17.38,25.31,24.93,0.0,0.00,0.0,0.0,,0.0
176,2,6.00,4,16.89,24.93,24.56,0.0,0.00,0.0,0.0,,0.0
176,3,6.00,4,16.47,24.56,24.20,0.0,0.00,0.0,0.0,,0.0
176,4,6.00,4,15.92,24.18,23.84,0.0,0.00,0.0,0.0,,0.0
176,5,6.00,4,15.45,23.82,23.49,0.0,0.00,0.0,0.0,,0.0
176,6,6.00,4,15.01,23.46,23.14,0.0,0.00,0.0,0.0,,0.0
176,7,6.00,4,14.60,23.10,22.80,0.0,0.00,0.0,0.0,,0.0
176,8,6.00,4,15.76,23.18,22.90,0.0,0.00,0.0,0.0,,0.0
176,9,6.00,4,17.81,23.35,23.08,0.0,0.00,0.0,0.0,,0.0
176,10,6.00,4,20.22,23.69,23.43,0.0,0.00,0.0,0.0,,0.0
176,11,6.00,4,21.87,24.16,23.92,0.0,0.00,0.0,0.0,,0.0
176,12,6.00,4,22.96,24.74,24.50,0.0,0.00,0.0,0.0,,0.0
176,13,6.00,4,23.93,25.40,25.18,0.0,0.00,0.0,0.0,,0.0
176,14,6.00,4,24.66,26.08,25.86,0.0,0.00,0.0,0.0,,0.0
176,15,6.00,4,25.35,26.74,26.52,0.0,0.00,0.0,0.0,,0.0
176,16,6.00,4,24.84,27.21,26.68,-823.86,0.00,0.0,0.0,,-823.86
176,17,6.00,4,24.13,27.52,26.68,-1383.81,0.00,0.0,0.0,,-1383.81
176,18,6.00,4,23.08,27.59,26.68,-1319.73,0.00,0.0,0.0,,-1319.73
176,19,6.00,4,21.80,27.04,26.58,0.0,0.00,0.0,0.0,,0.0
176,20,6.00,4,20.62,26.63,26.27,0.0,0.00,0.0,0.0,,0.0
176,21,6.00,4,19.84,26.24,25.91,0.0,0.00,0.0,0.0,,0.0
176,22,6.00,4,19.42,25.88,25.57,0.0,0.00,0.0,0.0,,0.0
176,23,6.00,4,18.77,25.51,25.22,0.0,0.00,0.0,0.0,,0.0
176,24,6.00,4,18.20,25.16,24.87,0.0,0.00,0.0,0.0,,0.0
176,1,7.00,4,18.29,24.84,24.57,0.0,0.00,0.0,0.0,,0.0
176,2,7.00,4,17.84,24.52,24.26,0.0,0.00,0.0,0.0,,0.0
176,3,7.00,4,17.39,24.21,23.95,0.0,0.00,0.0,0.0,,0.0
176,4,7.00,4,17.03,23.90,23.65,0.0,0.00,0.0,0.0,,0.0
176,5,7.00,4,16.54,23.59,23.35,0.0,0.00,0.0,0.0,,0.0
176,6,7.00,4,16.11,23.28,23.05,0.0,0.00,0.0,0.0,,0.0
176,7,7.00,4,15.44,22.96,22.74,0.0,0.00,0.0,0.0,,0.0
176,8,7.00,4,16.46,23.10,22.90,0.0,0.00,0.0,0.0,,0.0
176,9,7.00,4,18.44,23.30,23.10,0.0,0.00,0.0,0.0,,0.0
176,10,7.00,4,20.79,23.66,23.47,0.0,0.00,0.0,0.0,,0.0
176,11,7.00,4,22.22,24.13,23.95,0.0,0.00,0.0,0.0,,0.0
176,12,7.00,4,23.35,24.73,24.55,0.0,0.00,0.0,0.0,,0.0
176,13,7.00,4,24.33,25.40,25.23,0.0,0.00,0.0,0.0,,0.0
176,14,7.00,4,24.83,26.07,25.91,0.0,0.00,0.0,0.0,,0.0
176,15,7.00,4,25.56,26.73,26.57,0.0,0.00,0.0,0.0,,0.0
176,16,7.00,4,25.21,27.23,26.68,-988.4,0.00,0.0,0.0,,-988.4
176,17,7.00,4,24.38,27.53,26.68,-1496.66,0.00,0.0,0.0,,-1496.66
176,18,7.00,4,23.44,27.63,26.68,-1459.7,0.00,0.0,0.0,,-1459.7
176,19,7.00,4,22.16,27.07,26.62,0.0,0.00,0.0,0.0,,0.0
176,20,7.00,4,21.08,26.67,26.33,0.0,0.00,0.0,0.0,,0.0
176,21,7.00,4,20.42,26.30,26.00,0.0,0.00,0.0,0.0,,0.0
176,22,7.00,4,20.03,25.96,25.67,0.0,0.00,0.0,0.0,,0.0
176,23,7.00,4,19.45,25.62,25.34,0.0,0.00,0.0,0.0,,0.0
176,24,7.00,4,18.89,25.28,25.02,0.0,0.00,0.0,0.0,,0.0
176,1,1.00,4,18.49,24.95,24.70,0.0,0.00,0.0,0.0,,0.0
176,2,1.00,4,17.84,24.62,24.37,0.0,0.00,0.0,0.0,,0.0
176,3,1.00,4,17.22,24.28,24.05,0.0,0.00,0.0,0.0,,0.0
176,4,1.00,4,16.70,23.95,23.72,0.0,0.00,0.0,0.0,,0.0
176,5,1.00,4,16.25,23.62,23.40,0.0,0.00,0.0,0.0,,0.0
176,6,1.00,4,15.88,23.30,23.09,0.0,0.00,0.0,0.0,,0.0
176,7,1.00,4,15.56,22.99,22.78,0.0,0.00,0.0,0.0,,0.0
176,8,1.00,4,16.47,23.13,22.94,0.0,0.00,0.0,0.0,,0.0
176,9,1.00,4,18.12,23.28,23.10,0.0,0.00,0.0,0.0,,0.0
176,10,1.00,4,20.32,23.61,23.44,0.0,0.00,0.0,-355.97,,-355.97
176,11,1.00,4,21.74,24.06,23.89,0.0,0.00,0.0,0.0,,0.0
176,12,1.00,4,22.91,24.64,24.48,0.0,0.00,0.0,0.0,,0.0
176,13,1.00,4,23.74,25.29,25.13,0.0,0.00,0.0,0.0,,0.0
176,14,1.00,4,24.45,25.95,25.80,0.0,0.00,0.0,0.0,,0.0
176,15,1.00,4,25.20,26.60,26.46,0.0,0.00,0.0,0.0,,0.0
176,16,1.00,4,24.99,27.11,26.68,-707.64,0.00,0.0,0.0,,-707.64
176,17,1.00,4,24.47,27.44,26.68,-1369.84,0.00,0.0,0.0,,-1369.84
176,18,1.00,4,23.73,27.57,26.68,-1408.25,0.00,0.0,0.0,,-1408.25
176,19,1.00,4,22.66,27.03,26.61,0.0,0.00,0.0,0.0,,0.0
176,20,1.00,4,21.83,26.66,26.36,0.0,0.00,0.0,0.0,,0.0
176,21,1.00,4,21.60,26.35,26.08,0.0,0.00,0.0,0.0,,0.0
176,22,1.00,4,21.28,26.06,25.80,0.0,0.00,0.0,0.0,,0.0
176,23,1.00,4,21.12,25.78,25.53,0.0,0.00,0.0,0.0,,0.0
176,24,1.00,4,20.91,25.52,25.28,0.0,0.00,0.0,0.0,,0.0
176,1,2.00,4,20.74,25.28,25.04,0.0,0.00,0.0,0.0,,0.0
176,2,2.00,4,20.47,25.03,24.81,0.0,0.00,0.0,0.0,,0.0
176,3,2.00,4,20.28,24.80,24.59,0.0,0.00,0.0,0.0,,0.0
176,4,2.00,4,20.09,24.58,24.37,0.0,0.00,0.0,-0.0,,0.0
176,5,2.00,4,19.99,24.37,24.17,0.0,0.00,0.0,-0.0,,0.0
176,6,2.00,4,19.71,24.16,23.96,0.0,0.00,0.0,-0.0,,0.0
176,7,2.00,4,19.74,23.97,23.78,0.0,0.00,0.0,-0.0,,0.0
176,8,2.00,4,19.86,24.26,24.09,0.0,0.00,0.0,-126.86,,-126.86
176,9,2.00,4,20.79,24.44,24.27,0.0,0.00,0.0,-294.98,,-294.98
176,10,2.00,4,22.47,24.76,24.60,0.0,0.00,0.0,-597.07,,-597.07
176,11,2.00,4,23.34,25.17,25.01,0.0,0.00,0.0,0.0,,0.0
176,12,2.00,4,23.89,25.67,25.52,0.0,0.00,0.0,0.0,,0.0
176,13,2.00,4,24.15,26.23,26.08,0.0,0.00,0.0,0.0,,0.0
176,14,2.00,4,24.28,26.79,26.64,0.0,0.00,0.0,0.0,,0.0
176,15,2.00,4,24.14,27.28,26.68,-1156.42,0.00,0.0,0.0,,-1156.42
176,16,2.00,4,23.71,27.65,26.68,-1786.21,0.00,0.0,0.0,,-1786.21
176,17,2.00,4,23.19,27.89,26.68,-2051.47,0.00,0.0,0.0,,-2051.47
176,18,2.00,4,22.42,27.92,26.68,-1858.48,0.00,0.0,0.0,,-1858.48
176,19,2.00,4,21.43,27.37,26.78,0.0,0.00,0.0,0.0,,0.0
176,20,2.00,4,20.60,26.95,26.51,0.0,0.00,0.0,0.0,,0.0
176,21,2.00,4,20.34,26.57,26.18,0.0,0.00,0.0,0.0,,0.0
176,22,2.00,4,19.82,26.21,25.84,0.0,0.00,0.0,0.0,,0.0
176,23,2.00,4,19.73,25.87,25.52,0.0,0.00,0.0,0.0,,0.0
176,24,2.00,4,19.34,25.54,25.21,0.0,0.00,0.0,0.0,,0.0
176,1,3.00,4,19.24,25.24,24.92,0.0,0.00,0.0,0.0,,0.0
176,2,3.00,4,19.39,24.97,24.66,0.0,0.00,0.0,0.0,,0.0
176,3,3.00,4,19.19,24.70,24.41,0.0,0.00,0.0,0.0,,0.0
176,4,3.00,4,18.96,24.45,24.16,0.0,0.00,0.0,0.0,,0.0
176,5,3.00,4,18.79,24.20,23.92,0.0,0.00,0.0,0.0,,0.0
176,6,3.00,4,18.65,23.96,23.70,0.0,0.00,0.0,0.0,,0.0
176,7,3.00,4,18.29,23.72,23.47,0.0,0.00,0.0,0.0,,0.0
176,8,3.00,4,18.80,24.20,23.96,0.0,0.00,0.0,-0.0,,0.0
176,9,3.00,4,20.51,24.44,24.20,0.0,0.00,0.0,-0.0,,0.0
176,10,3.00,4,22.42,24.74,24.52,0.0,0.00,0.0,-0.0,,0.0
176,11,3.00,4,23.41,25.16,24.94,0.0,0.00,0.0,0.0,,0.0
176,12,3.00,4,24.20,25.70,25.48,0.0,0.00,0.0,0.0,,0.0
176,13,3.00,4,24.81,26.32,26.11,0.0,0.00,0.0,0.0,,0.0
176,14,3.00,4,25.13,26.95,26.75,0.0,0.00,0.0,0.0,,0.0
176,15,3.00,4,24.93,27.52,27.33,0.0,0.00,0.0,0.0,,0.0
176,16,3.00,4,24.50,27.98,27.80,0.0,0.00,0.0,0.0,,0.0
176,17,3.00,4,23.90,28.30,28.12,0.0,0.00,0.0,0.0,,0.0
176,18,3.00,4,22.88,28.41,28.23,0.0,0.00,0.0,0.0,,0.0
176,19,3.00,4,21.94,27.66,27.48,0.0,0.00,0.0,0.0,,0.0
176,20,3.00,4,21.07,27.19,27.02,0.0,0.00,0.0,0.0,,0.0
176,21,3.00,4,20.73,26.80,26.64,0.0,0.00,0.0,0.0,,0.0
176,22,3.00,4,20.24,26.44,26.28,0.0,0.00,0.0,0.0,,0.0
176,23,3.00,4,19.95,26.09,25.94,0.0,0.00,0.0,0.0,,0.0
176,24,3.00,4,19.59,25.76,25.61,0.0,0.00,0.0,0.0,,0.0
176,1,4.00,4,19.24,25.44,25.29,0.0,0.00,0.0,0.0,,0.0
176,2,4.00,4,19.01,25.13,24.99,0.0,0.00,0.0,0.0,,0.0
176,3,4.00,4,18.84,24.84,24.70,0.0,0.00,0.0,0.0,,0.0
176,4,4.00,4,18.54,24.56,24.42,0.0,0.00,0.0,0.0,,0.0
176,5,4.00,4,18.27,24.28,24.15,0.0,0.00,0.0,0.0,,0.0
176,6,4.00,4,18.09,24.01,23.89,0.0,0.00,0.0,0.0,,0.0
176,7,4.00,4,17.87,23.76,23.63,0.0,0.00,0.0,0.0,,0.0
176,8,4.00,4,18.32,24.22,24.10,0.0,0.00,0.0,0.0,,0.0
176,9,4.00,4,19.60,24.41,24.29,0.0,0.00,0.0,0.0,,0.0
176,10,4.00,4,21.45,24.67,24.56,0.0,0.00,0.0,-0.0,,0.0
176,11,4.00,4,22.65,25.07,24.95,0.0,0.00,0.0,0.0,,0.0
176,12,4.00,4,23.31,25.57,25.46,0.0,0.00,0.0,0.0,,0.0
176,13,4.00,4,24.07,26.18,26.07,0.0,0.00,0.0,0.0,,0.0
176,14,4.00,4,24.47,26.80,26.69,0.0,0.00,0.0,0.0,,0.0
176,15,4.00,4,24.97,27.39,27.28,0.0,0.00,0.0,0.0,,0.0
176,16,4.00,4,24.74,27.88,27.77,0.0,0.00,0.0,0.0,,0.0
176,17,4.00,4,24.24,28.22,28.12,0.0,0.00,0.0,0.0,,0.0
176,18,4.00,4,23.40,28.36,28.26,0.0,0.00,0.0,0.0,,0.0
176,19,4.00,4,22.44,27.63,27.53,0.0,0.00,0.0,0.0,,0.0
176,20,4.00,4,21.77,27.20,27.10,0.0,0.00,0.0,0.0,,0.0
176,21,4.00,4,21.57,26.85,26.75,0.0,0.00,0.0,0.0,,0.0
176,22,4.00,4,21.10,26.52,26.42,0.0,0.00,0.0,0.0,,0.0
176,23,4.00,4,20.95,26.21,26.12,0.0,0.00,0.0,0.0,,0.0
176,24,4.00,4,20.60,25.91,25.82,0.0,0.00,0.0,0.0,,0.0
176,1,5.00,4,20.71,25.65,25.56,0.0,0.00,0.0,0.0,,0.0
176,2,5.00,4,20.50,25.39,25.30,0.0,0.00,0.0,0.0,,0.0
176,3,5.00,4,20.28,25.14,25.05,0.0,0.00,0.0,0.0,,0.0
176,4,5.00,4,19.97,24.89,24.81,0.0,0.00,0.0,0.0,,0.0
176,5,5.00,4,19.58,24.64,24.56,0.0,0.00,0.0,0.0,,0.0
176,6,5.00,4,19.37,24.40,24.32,0.0,0.00,0.0,0.0,,0.0
176,7,5.00,4,18.96,24.16,24.08,0.0,0.00,0.0,0.0,,0.0
176,8,5.00,4,19.48,24.41,24.33,0.0,0.00,0.0,0.0,,0.0
176,9,5.00,4,21.02,24.62,24.55,0.0,0.00,0.0,0.0,,0.0
176,10,5.00,4,22.98,24.97,24.90,0.0,0.00,0.0,-95.82,,-95.82
176,11,5.00,4,24.03,25.42,25.34,0.0,0.00,0.0,0.0,,0.0
176,12,5.00,4,24.90,25.97,25.90,0.0,0.00,0.0,0.0,,0.0
176,13,5.00,4,25.21,26.57,26.49,0.0,0.00,0.0,0.0,,0.0
176,14,5.00,4,25.64,27.18,26.68,-1091.02,0.00,0.0,0.0,,-1091.02
176,15,5.00,4,25.22,27.69,26.68,-2058.0,0.00,0.0,0.0,,-2058.0
176,16,5.00,4,24.64,28.07,26.68,-2599.37,0.00,0.0,0.0,,-2599.37
176,17,5.00,4,24.05,28.31,26.68,-2813.42,0.00,0.0,0.0,,-2813.42
176,18,5.00,4,23.18,28.35,26.68,-2562.36,0.00,0.0,0.0,,-2562.36
176,19,5.00,4,22.18,27.79,27.02,0.0,0.00,0.0,0.0,,0.0
176,20,5.00,4,21.23,27.36,26.80,0.0,0.00,0.0,0.0,,0.0
176,21,5.00,4,20.76,26.97,26.48,0.0,0.00,0.0,0.0,,0.0
176,22,5.00,4,20.15,26.59,26.13,0.0,0.00,0.0,0.0,,0.0
176,23,5.00,4,19.77,26.23,25.79,0.0,0.00,0.0,0.0,,0.0
176,24,5.00,4,19.32,25.88,25.46,0.0,0.00,0.0,0.0,,0.0
176,1,6.00,4,18.84,25.53,25.13,0.0,0.00,0.0,0.0,,0.0
176,2,6.00,4,18.46,25.19,24.81,0.0,0.00,0.0,0.0,,0.0
176,3,6.00,4,18.04,24.86,24.49,0.0,0.00,0.0,0.0,,0.0
176,4,6.00,4,17.69,24.54,24.19,0.0,0.00,0.0,0.0,,0.0
176,5,6.00,4,17.38,24.22,23.89,0.0,0.00,0.0,0.0,,0.0
176,6,6.00,4,17.07,23.92,23.60,0.0,0.00,0.0,0.0,,0.0
176,7,6.00,4,16.67,23.62,23.31,0.0,0.00,0.0,0.0,,0.0
176,8,6.00,4,17.43,23.76,23.48,0.0,0.00,0.0,0.0,,0.0
176,9,6.00,4,19.18,23.94,23.67,0.0,0.00,0.0,0.0,,0.0
176,10,6.00,4,20.94,24.23,23.97,0.0,0.00,0.0,0.0,,0.0
176,11,6.00,4,22.25,24.65,24.41,0.0,0.00,0.0,0.0,,0.0
176,12,6.00,4,23.01,25.17,24.94,0.0,0.00,0.0,0.0,,0.0
176,13,6.00,4,23.56,25.76,25.53,0.0,0.00,0.0,0.0,,0.0
176,14,6.00,4,24.16,26.37,26.15,0.0,0.00,0.0,0.0,,0.0
176,15,6.00,4,24.14,26.90,26.68,-23.73,0.00,0.0,0.0,,-23.73
176,16,6.00,4,23.88,27.32,26.68,-1107.19,0.00,0.0,0.0,,-1107.19
176,17,6.00,4,23.57,27.61,26.68,-1545.46,0.00,0.0,0.0,,-1545.46
176,18,6.00,4,22.92,27.69,26.68,-1496.09,0.00,0.0,0.0,,-1496.09
176,19,6.00,4,22.06,27.17,26.66,0.0,0.00,0.0,0.0,,0.0
176,20,6.00,4,21.33,26.78,26.40,0.0,0.00,0.0,0.0,,0.0
176,21,6.00,4,21.06,26.44,26.10,0.0,0.00,0.0,0.0,,0.0
176,22,6.00,4,20.72,26.12,25.80,0.0,0.00,0.0,0.0,,0.0
176,23,6.00,4,20.61,25.83,25.51,0.0,0.00,0.0,0.0,,0.0
176,24,6.00,4,20.46,25.55,25.25,0.0,0.00,0.0,0.0,,0.0
176,1,7.00,4,20.39,25.29,25.00,0.0,0.00,0.0,0.0,,0.0
176,2,7.00,4,20.02,25.03,24.75,0.0,0.00,0.0,0.0,,0.0
176,3,7.00,4,19.68,24.77,24.50,0.0,0.00,0.0,0.0,,0.0
176,4,7.00,4,19.26,24.51,24.26,0.0,0.00,0.0,0.0,,0.0
176,5,7.00,4,18.97,24.26,24.01,0.0,0.00,0.0,0.0,,0.0
176,6,7.00,4,18.58,24.01,23.77,0.0,0.00,0.0,0.0,,0.0
176,7,7.00,4,18.47,23.77,23.54,0.0,0.00,0.0,0.0,,0.0
176,8,7.00,4,19.02,24.02,23.81,0.0,0.00,0.0,0.0,,0.0
176,9,7.00,4,20.43,24.22,24.02,0.0,0.00,0.0,0.0,,0.0
176,10,7.00,4,22.04,24.54,24.34,0.0,0.00,0.0,0.0,,0.0
176,11,7.00,4,23.12,24.96,24.77,0.0,0.00,0.0,0.0,,0.0
176,12,7.00,4,23.52,25.46,25.28,0.0,0.00,0.0,0.0,,0.0
176,13,7.00,4,24.03,26.03,25.86,0.0,0.00,0.0,0.0,,0.0
176,14,7.00,4,24.21,26.60,26.44,0.0,0.00,0.0,0.0,,0.0
176,15,7.00,4,24.35,27.13,26.68,-727.08,0.00,0.0,0.0,,-727.08
176,16,7.00,4,24.07,27.54,26.68,-1574.39,0.00,0.0,0.0,,-1574.39
176,17,7.00,4,23.60,27.80,26.68,-1915.75,0.00,0.0,0.0,,-1915.75
176,18,7.00,4,22.71,27.85,26.68,-1747.71,0.00,0.0,0.0,,-1747.71
176,19,7.00,4,21.62,27.30,26.73,0.0,0.00,0.0,0.0,,0.0
176,20,7.00,4,20.80,26.88,26.46,0.0,0.00,0.0,0.0,,0.0
176,21,7.00,4,20.41,26.51,26.13,0.0,0.00,0.0,0.0,,0.0
176,22,7.00,4,20.04,26.15,25.80,0.0,0.00,0.0,0.0,,0.0
176,23,7.00,4,19.72,25.81,25.48,0.0,0.00,0.0,0.0,,0.0
176,24,7.00,4,19.31,25.48,25.16,0.0,0.00,0.0,0.0,,0.0
176,1,1.00,4,19.05,25.17,24.86,0.0,0.00,0.0,0.0,,0.0
176,2,1.00,4,18.83,24.87,24.57,0.0,0.00,0.0,0.0,,0.0
176,3,1.00,4,18.62,24.58,24.30,0.0,0.00,0.0,0.0,,0.0
176,4,1.00,4,18.41,24.31,24.03,0.0,0.00,0.0,0.0,,0.0
176,5,1.00,4,18.25,24.04,23.78,0.0,0.00,0.0,0.0,,0.0
176,6,1.00,4,17.90,23.78,23.52,0.0,0.00,0.0,0.0,,0.0
176,7,1.00,4,18.25,23.56,23.31,0.0,0.00,0.0,0.0,,0.0
176,8,1.00,4,18.80,23.82,23.59,0.0,0.00,0.0,0.0,,0.0
176,9,1.00,4,19.70,23.97,23.75,0.0,0.00,0.0,-202.01,,-202.01
176,10,1.00,4,21.44,24.27,24.07,0.0,0.00,0.0,0.0,,0.0
176,11,1.00,4,22.71,24.71,24.51,0.0,0.00,0.0,0.0,,0.0
176,12,1.00,4,23.56,25.25,25.06,0.0,0.00,0.0,0.0,,0.0
176,13,1.00,4,24.46,25.88,25.70,0.0,0.00,0.0,0.0,,0.0
176,14,1.00,4,24.82,26.50,26.33,0.0,0.00,0.0,0.0,,0.0
176,15,1.00,4,24.67,27.04,26.68,-471.25,0.00,0.0,0.0,,-471.25
176,16,1.00,4,24.36,27.46,26.68,-1431.84,0.00,0.0,0.0,,-1431.84
176,17,1.00,4,23.82,27.74,26.68,-1803.35,0.00,0.0,0.0,,-1803.35
176,18,1.00,4,23.07,27.81,26.68,-1705.91,0.00,0.0,0.0,,-1705.91
176,19,1.00,4,21.91,27.26,26.71,0.0,0.00,0.0,0.0,,0.0
176,20,1.00,4,21.05,26.85,26.44,0.0,0.00,0.0,0.0,,0.0
176,21,1.00,4,20.55,26.48,26.11,0.0,0.00,0.0,0.0,,0.0
176,22,1.00,4,20.25,26.13,25.79,0.0,0.00,0.0,0.0,,0.0
176,23,1.00,4,19.93,25.80,25.47,0.0,0.00,0.0,0.0,,0.0
176,24,1.00,4,19.49,25.48,25.16,0.0,0.00,0.0,0.0,,0.0
176,1,2.00,4,19.25,25.17,24.87,0.0,0.00,0.0,0.0,,0.0
176,2,2.00,4,19.04,24.88,24.59,0.0,0.00,0.0,0.0,,0.0
176,3,2.00,4,18.82,24.59,24.32,0.0,0.00,0.0,0.0,,0.0
176,4,2.00,4,18.47,24.32,24.05,0.0,0.00,0.0,0.0,,0.0
176,5,2.00,4,18.12,24.04,23.78,0.0,0.00,0.0,0.0,,0.0
176,6,2.00,4,17.75,23.77,23.52,0.0,0.00,0.0,0.0,,0.0
176,7,2.00,4,17.54,23.51,23.27,0.0,0.00,0.0,0.0,,0.0
176,8,2.00,4,17.98,23.70,23.48,0.0,0.00,0.0,0.0,,0.0
176,9,2.00,4,18.76,23.80,23.59,0.0,0.00,0.0,0.0,,0.0
176,10,2.00,4,20.54,24.07,23.87,0.0,0.00,0.0,0.0,,0.0
176,11,2.00,4,22.07,24.50,24.31,0.0,0.00,0.0,0.0,,0.0
176,12,2.00,4,22.94,25.03,24.85,0.0,0.00,0.0,0.0,,0.0
176,13,2.00,4,23.48,25.62,25.44,0.0,0.00,0.0,0.0,,0.0
176,14,2.00,4,23.98,26.22,26.05,0.0,0.00,0.0,0.0,,0.0
176,15,2.00,4,24.32,26.78,26.62,0.0,0.00,0.0,0.0,,0.0
176,16,2.00,4,24.20,27.23,26.68,-992.08,0.00,0.0,0.0,,-992.08
176,17,2.00,4,23.84,27.54,26.68,-1489.68,0.00,0.0,0.0,,-1489.68
176,18,2.00,4,23.30,27.64,26.68,-1495.98,0.00,0.0,0.0,,-1495.98
176,19,2.00,4,22.26,27.11,26.64,0.0,0.00,0.0,0.0,,0.0
176,20,2.00,4,21.63,26.73,26.39,0.0,0.00,0.0,0.0,,0.0
176,21,2.00,4,21.26,26.40,26.09,0.0,0.00,0.0,0.0,,0.0
176,22,2.00,4,20.98,26.09,25.80,0.0,0.00,0.0,0.0,,0.0
176,23,2.00,4,20.45,25.78,25.50,0.0,0.00,0.0,0.0,,0.0
176,24,2.00,4,20.21,25.48,25.22,0.0,0.00,0.0,0.0,,0.0
176,1,3.00,4,19.90,25.20,24.94,0.0,0.00,0.0,0.0,,0.0
176,2,3.00,4,19.69,24.93,24.68,0.0,0.00,0.0,0.0,,0.0
176,3,3.00,4,19.73,24.68,24.45,0.0,0.00,0.0,0.0,,0.0
176,4,3.00,4,19.63,24.45,24.22,0.0,0.00,0.0,0.0,,0.0
176,5,3.00,4,19.49,24.22,24.00,0.0,0.00,0.0,0.0,,0.0
176,6,3.00,4,19.32,24.00,23.79,0.0,0.00,0.0,0.0,,0.0
176,7,3.00,4,19.18,23.80,23.59,0.0,0.00,0.0,0.0,,0.0
176,8,3.00,4,19.43,24.29,24.09,0.0,0.00,0.0,0.0,,0.0
176,9,3.00,4,20.69,24.51,24.32,0.0,0.00,0.0,-0.0,,0.0
176,10,3.00,4,22.41,24.80,24.61,0.0,0.00,0.0,0.0,,0.0
176,11,3.00,4,23.46,25.21,25.03,0.0,0.00,0.0,-0.0,,0.0
176,12,3.00,4,23.96,25.72,25.55,0.0,0.00,0.0,0.0,,0.0
176,13,3.00,4,24.40,26.31,26.14,0.0,0.00,0.0,0.0,,0.0
176,14,3.00,4,24.36,26.90,26.74,0.0,0.00,0.0,0.0,,0.0
176,15,3.00,4,24.42,27.45,27.29,0.0,0.00,0.0,0.0,,0.0
176,16,3.00,4,24.22,27.91,27.75,0.0,0.00,0.0,0.0,,0.0
176,17,3.00,4,23.85,28.23,28.08,0.0,0.00,0.0,0.0,,0.0
176,18,3.00,4,23.20,28.36,28.21,0.0,0.00,0.0,0.0,,0.0
176,19,3.00,4,22.18,27.61,27.47,0.0,0.00,0.0,0.0,,0.0
176,20,3.00,4,21.48,27.16,27.03,0.0,0.00,0.0,0.0,,0.0
176,21,3.00,4,21.00,26.79,26.65,0.0,0.00,0.0,0.0,,0.0
176,22,3.00,4,20.38,26.42,26.29,0.0,0.00,0.0,0.0,,0.0
176,23,3.00,4,20.15,26.08,25.95,0.0,0.00,0.0,0.0,,0.0
176,24,3.00,4,19.69,25.75,25.62,0.0,0.00,0.0,0.0,,0.0
176,1,4.00,4,19.56,25.44,25.32,0.0,0.00,0.0,0.0,,0.0
176,2,4.00,4,19.43,25.15,25.03,0.0,0.00,0.0,0.0,,0.0
176,3,4.00,4,19.27,24.87,24.75,0.0,0.00,0.0,0.0,,0.0
176,4,4.00,4,18.95,24.59,24.48,0.0,0.00,0.0,0.0,,0.0
176,5,4.00,4,18.58,24.32,24.21,0.0,0.00,0.0,0.0,,0.0
176,6,4.00,4,18.11,24.04,23.94,0.0,0.00,0.0,0.0,,0.0
176,7,4.00,4,17.69,23.77,23.66,0.0,0.00,0.0,0.0,,0.0
176,8,4.00,4,18.20,24.22,24.12,0.0,0.00,0.0,0.0,,0.0
176,9,4.00,4,19.45,24.40,24.30,0.0,0.00,0.0,0.0,,0.0
176,10,4.00,4,21.38,24.66,24.56,0.0,0.00,0.0,0.0,,0.0
176,11,4.00,4,22.70,25.05,24.95,0.0,0.00,0.0,-0.0,,0.0
176,12,4.00,4,23.18,25.55,25.45,0.0,0.00,0.0,0.0,,0.0
176,13,4.00,4,23.74,26.13,26.04,0.0,0.00,0.0,0.0,,0.0
176,14,4.00,4,24.01,26.73,26.63,0.0,0.00,0.0,0.0,,0.0
176,15,4.00,4,23.93,27.27,27.18,0.0,0.00,0.0,0.0,,0.0
176,16,4.00,4,23.87,27.73,27.63,0.0,0.00,0.0,0.0,,0.0
176,17,4.00,4,23.38,28.04,27.95,0.0,0.00,0.0,0.0,,0.0
176,18,4.00,4,22.59,28.15,28.07,0.0,0.00,0.0,0.0,,0.0
176,19,4.00,4,21.53,27.40,27.31,0.0,0.00,0.0,0.0,,0.0
176,20,4.00,4,20.78,26.93,26.85,0.0,0.00,0.0,0.0,,0.0
176,21,4.00,4,20.61,26.56,26.47,0.0,0.00,0.0,0.0,,0.0
176,22,4.00,4,20.28,26.21,26.13,0.0,0.00,0.0,0.0,,0.0
176,23,4.00,4,19.95,25.88,25.79,0.0,0.00,0.0,0.0,,0.0
176,24,4.00,4,19.46,25.55,25.46,0.0,0.00,0.0,0.0,,0.0
176,1,5.00,4,19.29,25.24,25.16,0.0,0.00,0.0,0.0,,0.0
176,2,5.00,4,19.10,24.94,24.87,0.0,0.00,0.0,0.0,,0.0
176,3,5.00,4,19.01,24.67,24.59,0.0,0.00,0.0,0.0,,0.0
176,4,5.00,4,19.01,24.41,24.34,0.0,0.00,0.0,0.0,,0.0
176,5,5.00,4,18.90,24.17,24.09,0.0,0.00,0.0,0.0,,0.0
176,6,5.00,4,18.63,23.93,23.85,0.0,0.00,0.0,0.0,,0.0
176,7,5.00,4,18.51,23.70,23.62,0.0,0.00,0.0,0.0,,0.0
176,8,5.00,4,19.01,23.96,23.89,0.0,0.00,0.0,0.0,,0.0
176,9,5.00,4,20.05,24.12,24.05,0.0,0.00,0.0,0.0,,0.0
176,10,5.00,4,21.85,24.44,24.37,0.0,0.00,0.0,0.0,,0.0
176,11,5.00,4,22.76,24.84,24.77,0.0,0.00,0.0,0.0,,0.0
176,12,5.00,4,23.31,25.34,25.27,0.0,0.00,0.0,0.0,,0.0
176,13,5.00,4,23.55,25.89,25.82,0.0,0.00,0.0,0.0,,0.0
176,14,5.00,4,23.74,26.44,26.38,0.0,0.00,0.0,0.0,,0.0
176,15,5.00,4,23.79,26.94,26.68,-504.16,0.00,0.0,0.0,,-504.16
176,16,5.00,4,23.68,27.35,26.68,-1403.39,0.00,0.0,0.0,,-1403.39
176,17,5.00,4,23.44,27.63,26.68,-1789.17,0.00,0.0,0.0,,-1789.17
176,18,5.00,4,22.93,27.72,26.68,-1720.43,0.00,0.0,0.0,,-1720.43
176,19,5.00,4,22.09,27.19,26.74,0.0,0.00,0.0,0.0,,0.0
176,20,5.00,4,21.34,26.80,26.48,0.0,0.00,0.0,0.0,,0.0
176,21,5.00,4,20.99,26.45,26.18,0.0,0.00,0.0,0.0,,0.0
176,22,5.00,4,20.88,26.14,25.88,0.0,0.00,0.0,0.0,,0.0
176,23,5.00,4,20.64,25.84,25.59,0.0,0.00,0.0,0.0,,0.0
176,24,5.00,4,20.31,25.54,25.31,0.0,0.00,0.0,0.0,,0.0
176,1,6.00,4,20.11,25.27,25.04,0.0,0.00,0.0,0.0,,0.0
176,2,6.00,4,19.94,25.00,24.78,0.0,0.00,0.0,0.0,,0.0
176,3,6.00,4,19.86,24.76,24.55,0.0,0.00,0.0,0.0,,0.0
176,4,6.00,4,19.76,24.52,24.32,0.0,0.00,0.0,0.0,,0.0
176,5,6.00,4,19.57,24.30,24.10,0.0,0.00,0.0,0.0,,0.0
176,6,6.00,4,19.24,24.07,23.88,0.0,0.00,0.0,0.0,,0.0
176,7,6.00,4,19.11,23.85,23.67,0.0,0.00,0.0,0.0,,0.0
176,8,6.00,4,19.39,24.12,23.95,0.0,0.00,0.0,0.0,,0.0
176,9,6.00,4,20.30,24.27,24.11,0.0,0.00,0.0,-42.86,,-42.86
176,10,6.00,4,21.83,24.56,24.41,0.0,0.00,0.0,0.0,,0.0
176,11,6.00,4,22.91,24.97,24.82,0.0,0.00,0.0,0.0,,0.0
176,12,6.00,4,23.54,25.47,25.33,0.0,0.00,0.0,0.0,,0.0
176,13,6.00,4,24.05,26.05,25.91,0.0,0.00,0.0,0.0,,0.0
176,14,6.00,4,24.13,26.61,26.47,0.0,0.00,0.0,0.0,,0.0
176,15,6.00,4,24.30,27.13,26.68,-800.72,0.00,0.0,0.0,,-800.72
176,16,6.00,4,24.13,27.54,26.68,-1639.03,0.00,0.0,0.0,,-1639.03
176,17,6.00,4,23.79,27.82,26.68,-2002.76,0.00,0.0,0.0,,-2002.76
176,18,6.00,4,23.12,27.89,26.68,-1891.53,0.00,0.0,0.0,,-1891.53
176,19,6.00,4,22.39,27.36,26.80,0.0,0.00,0.0,0.0,,0.0
176,20,6.00,4,21.69,26.98,26.57,0.0,0.00,0.0,0.0,,0.0
176,21,6.00,4,21.27,26.63,26.27,0.0,0.00,0.0,0.0,,0.0
176,22,6.00,4,21.20,26.32,25.98,0.0,0.00,0.0,0.0,,0.0
176,23,6.00,4,20.93,26.01,25.69,0.0,0.00,0.0,0.0,,0.0
176,24,6.00,4,20.62,25.72,25.41,0.0,0.00,0.0,0.0,,0.0
176,1,7.00,4,20.27,25.44,25.14,0.0,0.00,0.0,-0.0,,0.0
176,2,7.00,4,20.08,25.17,24.89,0.0,0.00,0.0,-0.0,,0.0
176,3,7.00,4,19.91,24.91,24.64,0.0,0.00,0.0,-0.0,,0.0
176,4,7.00,4,19.70,24.66,24.40,0.0,0.00,0.0,-0.0,,0.0
176,5,7.00,4,19.51,24.43,24.17,0.0,0.00,0.0,-0.0,,0.0
176,6,7.00,4,19.26,24.19,23.95,0.0,0.00,0.0,-0.0,,0.0
176,7,7.00,4,19.16,23.97,23.74,0.0,0.00,0.0,-0.0,,0.0
176,8,7.00,4,19.40,24.22,24.01,0.0,0.00,0.0,0.0,,0.0
176,9,7.00,4,20.31,24.38,24.17,0.0,0.00,0.0,-58.29,,-58.29
176,10,7.00,4,22.10,24.68,24.49,0.0,0.00,0.0,0.0,,0.0
176,11,7.00,4,23.41,25.12,24.93,0.0,0.00,0.0,0.0,,0.0
176,12,7.00,4,23.77,25.61,25.43,0.0,0.00,0.0,0.0,,0.0
176,13,7.00,4,23.99,26.16,25.99,0.0,0.00,0.0,0.0,,0.0
176,14,7.00,4,24.03,26.70,26.54,0.0,0.00,0.0,0.0,,0.0
176,15,7.00,4,24.05,27.20,26.68,-895.93,0.00,0.0,0.0,,-895.93
176,16,7.00,4,23.96,27.60,26.68,-1684.3,0.00,0.0,0.0,,-1684.3
176,17,7.00,4,23.64,27.87,26.68,-2029.12,0.00,0.0,0.0,,-2029.12
176,18,7.00,4,23.00,27.94,26.68,-1907.48,0.00,0.0,0.0,,-1907.48
176,19,7.00,4,22.16,27.40,26.80,0.0,0.00,0.0,0.0,,0.0
176,20,7.00,4,21.57,27.01,26.57,0.0,0.00,0.0,0.0,,0.0
176,21,7.00,4,21.14,26.65,26.26,0.0,0.00,0.0,0.0,,0.0
176,22,7.00,4,21.17,26.34,25.97,0.0,0.00,0.0,0.0,,0.0
176,23,7.00,4,20.90,26.04,25.69,0.0,0.00,0.0,0.0,,0.0
176,24,7.00,4,20.50,25.74,25.40,0.0,0.00,0.0,0.0,,0.0
176,1,1.00,4,20.62,25.48,25.15,0.0,0.00,0.0,-0.0,,0.0
176,2,1.00,4,20.68,25.24,24.93,0.0,0.00,0.0,-0.0,,0.0
176,3,1.00,4,20.18,24.98,24.69,0.0,0.00,0.0,-0.0,,0.0
176,4,1.00,4,19.65,24.72,24.44,0.0,0.00,0.0,-0.0,,0.0
176,5,1.00,4,19.27,24.46,24.19,0.0,0.00,0.0,0.0,,0.0
176,6,1.00,4,19.16,24.22,23.96,0.0,0.00,0.0,0.0,,0.0
176,7,1.00,4,19.43,24.02,23.77,0.0,0.00,0.0,0.0,,0.0
176,8,1.00,4,19.63,24.29,24.05,0.0,0.00,0.0,-140.25,,-140.25
176,9,1.00,4,20.35,24.43,24.21,0.0,0.00,0.0,-431.06,,-431.06
176,10,1.00,4,22.14,24.73,24.52,0.0,0.00,0.0,-111.45,,-111.45
176,11,1.00,4,23.58,25.18,24.98,0.0,0.00,0.0,-452.91,,-452.91
176,12,1.00,4,24.26,25.71,25.52,0.0,0.00,0.0,-93.34,,-93.34
176,13,1.00,4,24.55,26.28,26.10,0.0,0.00,0.0,0.0,,0.0
176,14,1.00,4,24.49,26.83,26.65,0.0,0.00,0.0,0.0,,0.0
176,15,1.00,4,24.57,27.35,26.68,-1244.43,0.00,0.0,0.0,,-1244.43
176,16,1.00,4,24.17,27.74,26.68,-1894.98,0.00,0.0,0.0,,-1894.98
176,17,1.00,4,23.63,27.98,26.68,-2170.89,0.00,0.0,0.0,,-2170.89
176,18,1.00,4,22.75,28.01,26.68,-1964.21,0.00,0.0,0.0,,-1964.21
176,19,1.00,4,21.78,27.46,26.81,0.0,0.00,0.0,0.0,,0.0
176,20,1.00,4,20.95,27.04,26.55,0.0,0.00,0.0,0.0,,0.0
176,21,1.00,4,20.50,26.65,26.22,0.0,0.00,0.0,0.0,,0.0
176,22,1.00,4,20.09,26.29,25.88,0.0,0.00,0.0,0.0,,0.0
176,23,1.00,4,19.75,25.94,25.55,0.0,0.00,0.0,0.0,,0.0
176,24,1.00,4,19.46,25.61,25.24,0.0,0.00,0.0,0.0,,0.0
176,1,2.00,4,19.21,25.29,24.94,0.0,0.00,0.0,0.0,,0.0
176,2,2.00,4,18.73,24.97,24.63,0.0,0.00,0.0,0.0,,0.0
176,3,2.00,4,18.37,24.66,24.34,0.0,0.00,0.0,0.0,,0.0
176,4,2.00,4,18.22,24.37,24.06,0.0,0.00,0.0,0.0,,0.0
176,5,2.00,4,17.97,24.09,23.79,0.0,0.00,0.0,0.0,,0.0
176,6,2.00,4,17.71,23.81,23.52,0.0,0.00,0.0,0.0,,0.0
176,7,2.00,4,17.24,23.53,23.25,0.0,0.00,0.0,0.0,,0.0
176,8,2.00,4,17.26,23.65,23.40,0.0,0.00,0.0,0.0,,0.0
176,9,2.00,4,18.24,23.74,23.50,0.0,0.00,0.0,0.0,,0.0
176,10,2.00,4,19.94,23.98,23.75,0.0,0.00,0.0,0.0,,0.0
176,11,2.00,4,21.02,24.34,24.12,0.0,0.00,0.0,0.0,,0.0
176,12,2.00,4,21.46,24.79,24.57,0.0,0.00,0.0,0.0,,0.0
176,13,2.00,4,21.71,25.29,25.08,0.0,0.00,0.0,0.0,,0.0
176,14,2.00,4,21.86,25.79,25.59,0.0,0.00,0.0,0.0,,0.0
176,15,2.00,4,21.77,26.24,26.05,0.0,0.00,0.0,0.0,,0.0
176,16,2.00,4,21.66,26.60,26.42,0.0,0.00,0.0,0.0,,0.0
176,17,2.00,4,21.22,26.81,26.64,0.0,0.00,0.0,0.0,,0.0
176,18,2.00,4,20.53,26.83,26.66,0.0,0.00,0.0,0.0,,0.0
176,19,2.00,4,19.63,26.31,26.14,0.0,0.00,0.0,0.0,,0.0
176,20,2.00,4,19.07,25.89,25.73,0.0,0.00,0.0,0.0,,0.0
176,21,2.00,4,18.79,25.52,25.36,0.0,0.00,0.0,0.0,,0.0
176,22,2.00,4,18.75,25.17,25.02,0.0,0.00,0.0,0.0,,0.0
176,23,2.00,4,18.55,24.85,24.70,0.0,0.00,0.0,0.0,,0.0
176,24,2.00,4,18.15,24.53,24.38,0.0,0.00,0.0,0.0,,0.0
176,1,3.00,4,18.05,24.23,24.09,0.0,0.00,0.0,0.0,,0.0
176,2,3.00,4,18.14,23.96,23.82,0.0,0.00,0.0,0.0,,0.0
176,3,3.00,4,17.92,23.70,23.56,0.0,0.00,0.0,0.0,,0.0
176,4,3.00,4,17.71,23.44,23.31,0.0,0.00,0.0,0.0,,0.0
176,5,3.00,4,17.49,23.19,23.06,0.0,0.00,0.0,0.0,,0.0
176,6,3.00,4,17.32,22.95,22.83,0.0,0.00,0.0,0.0,,0.0
176,7,3.00,4,17.51,22.74,22.62,0.0,0.00,0.0,0.0,,0.0
176,8,3.00,4,18.04,23.25,23.13,0.0,0.00,0.0,0.0,,0.0
176,9,3.00,4,19.26,23.47,23.36,0.0,0.00,0.0,-0.0,,0.0
176,10,3.00,4,21.40,23.79,23.67,0.0,0.00,0.0,-0.0,,0.0
176,11,3.00,4,22.79,24.23,24.12,0.0,0.00,0.0,-0.0,,0.0
176,12,3.00,4,23.48,24.78,24.68,0.0,0.00,0.0,-0.0,,0.0
176,13,3.00,4,23.91,25.41,25.31,0.0,0.00,0.0,0.0,,0.0
176,14,3.00,4,24.18,26.05,25.95,0.0,0.00,0.0,-0.0,,0.0
176,15,3.00,4,24.36,26.65,26.54,0.0,0.00,0.0,0.0,,0.0
176,16,3.00,4,24.05,27.14,27.04,0.0,0.00,0.0,0.0,,0.0
176,17,3.00,4,23.39,27.47,27.38,0.0,0.00,0.0,0.0,,0.0
176,18,3.00,4,22.39,27.60,27.51,0.0,0.00,0.0,0.0,,0.0
176,19,3.00,4,21.43,26.86,26.77,0.0,0.00,0.0,0.0,,0.0
176,20,3.00,4,20.87,26.43,26.34,0.0,0.00,0.0,0.0,,0.0
176,21,3.00,4,20.38,26.06,25.97,0.0,0.00,0.0,0.0,,0.0
176,22,3.00,4,19.76,25.71,25.62,0.0,0.00,0.0,0.0,,0.0
176,23,3.00,4,19.41,25.37,25.29,0.0,0.00,0.0,0.0,,0.0
176,24,3.00,4,18.94,25.04,24.96,0.0,0.00,0.0,0.0,,0.0
176,1,4.00,4,18.57,24.73,24.64,0.0,0.00,0.0,0.0,,0.0
176,2,4.00,4,18.32,24.42,24.34,0.0,0.00,0.0,0.0,,0.0
176,3,4.00,4,18.17,24.14,24.06,0.0,0.00,0.0,0.0,,0.0
176,4,4.00,4,17.96,23.86,23.78,0.0,0.00,0.0,0.0,,0.0
176,5,4.00,4,17.77,23.60,23.52,0.0,0.00,0.0,0.0,,0.0
176,6,4.00,4,17.38,23.33,23.25,0.0,0.00,0.0,0.0,,0.0
176,7,4.00,4,17.14,23.07,22.99,0.0,0.00,0.0,0.0,,0.0
176,8,4.00,4,17.56,23.53,23.45,0.0,0.00,0.0,0.0,,0.0
176,9,4.00,4,18.73,23.71,23.64,0.0,0.00,0.0,-0.0,,0.0
176,10,4.00,4,20.50,23.97,23.90,0.0,0.00,0.0,-0.0,,0.0
176,11,4.00,4,21.62,24.35,24.28,0.0,0.00,0.0,-0.0,,0.0
176,12,4.00,4,22.25,24.85,24.77,0.0,0.00,0.0,-0.0,,0.0
176,13,4.00,4,22.94,25.43,25.36,0.0,0.00,0.0,0.0,,0.0
176,14,4.00,4,23.26,26.04,25.97,0.0,0.00,0.0,0.0,,0.0
176,15,4.00,4,23.62,26.61,26.54,0.0,0.00,0.0,0.0,,0.0
176,16,4.00,4,23.53,27.09,27.02,0.0,0.00,0.0,0.0,,0.0
176,17,4.00,4,23.05,27.42,27.35,0.0,0.00,0.0,0.0,,0.0
176,18,4.00,4,22.35,27.56,27.49,0.0,0.00,0.0,0.0,,0.0
176,19,4.00,4,21.20,26.81,26.75,0.0,0.00,0.0,0.0,,0.0
176,20,4.00,4,20.56,26.37,26.30,0.0,0.00,0.0,0.0,,0.0
176,21,4.00,4,20.15,26.00,25.94,0.0,0.00,0.0,0.0,,0.0
176,22,4.00,4,19.86,25.66,25.60,0.0,0.00,0.0,0.0,,0.0
176,23,4.00,4,19.44,25.33,25.27,0.0,0.00,0.0,0.0,,0.0
176,24,4.00,4,19.13,25.02,24.95,0.0,0.00,0.0,0.0,,0.0
176,1,5.00,4,19.34,24.74,24.68,0.0,0.00,0.0,0.0,,0.0
176,2,5.00,4,19.26,24.48,24.42,0.0,0.00,0.0,0.0,,0.0
176,3,5.00,4,18.99,24.22,24.16,0.0,0.00,0.0,0.0,,0.0
176,4,5.00,4,18.80,23.98,23.91,0.0,0.00,0.0,0.0,,0.0
176,5,5.00,4,18.69,23.74,23.68,0.0,0.00,0.0,0.0,,0.0
176,6,5.00,4,18.34,23.50,23.44,0.0,0.00,0.0,0.0,,0.0
176,7,5.00,4,18.14,23.28,23.22,0.0,0.00,0.0,0.0,,0.0
176,8,5.00,4,18.39,23.51,23.46,0.0,0.00,0.0,-0.97,,-0.97
176,9,5.00,4,19.36,23.66,23.61,0.0,0.00,0.0,-668.46,,-668.46
176,10,5.00,4,21.16,23.97,23.91,0.0,0.00,0.0,0.0,,0.0
176,11,5.00,4,22.19,24.38,24.32,0.0,0.00,0.0,0.0,,0.0
176,12,5.00,4,22.53,24.85,24.80,0.0,0.00,0.0,0.0,,0.0
176,13,5.00,4,23.03,25.41,25.36,0.0,0.00,0.0,0.0,,0.0
176,14,5.00,4,22.96,25.95,25.89,0.0,0.00,0.0,0.0,,0.0
176,15,5.00,4,23.04,26.44,26.39,0.0,0.00,0.0,0.0,,0.0
176,16,5.00,4,23.04,26.85,26.68,-297.9,0.00,0.0,0.0,,-297.9
176,17,5.00,4,22.86,27.14,26.68,-937.69,0.00,0.0,0.0,,-937.69
176,18,5.00,4,22.28,27.22,26.68,-916.97,0.00,0.0,0.0,,-916.97
176,19,5.00,4,21.30,26.68,26.45,0.0,0.00,0.0,0.0,,0.0
176,20,5.00,4,20.78,26.30,26.14,0.0,0.00,0.0,0.0,,0.0
176,21,5.00,4,20.39,25.95,25.81,0.0,0.00,0.0,0.0,,0.0
176,22,5.00,4,20.54,25.65,25.52,0.0,0.00,0.0,0.0,,0.0
176,23,5.00,4,20.08,25.35,25.22,0.0,0.00,0.0,0.0,,0.0
176,24,5.00,4,20.08,25.08,24.95,0.0,0.00,0.0,0.0,,0.0
176,1,6.00,4,19.92,24.81,24.70,0.0,0.00,0.0,0.0,,0.0
176,2,6.00,4,19.57,24.56,24.44,0.0,0.00,0.0,0.0,,0.0
176,3,6.00,4,19.25,24.30,24.19,0.0,0.00,0.0,0.0,,0.0
176,4,6.00,4,18.95,24.05,23.94,0.0,0.00,0.0,-0.0,,0.0
176,5,6.00,4,18.78,23.81,23.70,0.0,0.00,0.0,-0.0,,0.0
176,6,6.00,4,18.63,23.58,23.48,0.0,0.00,0.0,0.0,,0.0
176,7,6.00,4,18.68,23.38,23.28,0.0,0.00,0.0,0.0,,0.0
176,8,6.00,4,18.92,23.64,23.55,0.0,0.00,0.0,0.0,,0.0
176,9,6.00,4,19.39,23.76,23.67,0.0,0.00,0.0,-185.18,,-185.18
176,10,6.00,4,20.79,24.02,23.93,0.0,0.00,0.0,0.0,,0.0
176,11,6.00,4,22.17,24.43,24.35,0.0,0.00,0.0,-56.01,,-56.01
176,12,6.00,4,22.65,24.92,24.84,0.0,0.00,0.0,0.0,,0.0
176,13,6.00,4,23.22,25.49,25.41,0.0,0.00,0.0,0.0,,0.0
176,14,6.00,4,23.32,26.04,25.97,0.0,0.00,0.0,0.0,,0.0
176,15,6.00,4,23.70,26.58,26.50,0.0,0.00,0.0,0.0,,0.0
176,16,6.00,4,23.60,27.01,26.68,-632.58,0.00,0.0,0.0,,-632.58
176,17,6.00,4,23.14,27.28,26.68,-1147.97,0.00,0.0,0.0,,-1147.97
176,18,6.00,4,22.23,27.33,26.68,-1036.45,0.00,0.0,0.0,,-1036.45
176,19,6.00,4,20.89,26.76,26.47,0.0,0.00,0.0,0.0,,0.0
176,20,6.00,4,20.25,26.35,26.14,0.0,0.00,0.0,0.0,,0.0
176,21,6.00,4,19.84,25.97,25.79,0.0,0.00,0.0,0.0,,0.0
176,22,6.00,4,19.81,25.64,25.47,0.0,0.00,0.0,0.0,,0.0
176,23,6.00,4,19.49,25.31,25.15,0.0,0.00,0.0,0.0,,0.0
176,24,6.00,4,19.30,25.01,24.85,0.0,0.00,0.0,0.0,,0.0
176,1,7.00,4,19.21,24.72,24.57,0.0,0.00,0.0,0.0,,0.0
176,2,7.00,4,18.91,24.44,24.30,0.0,0.00,0.0,0.0,,0.0
176,3,7.00,4,18.40,24.16,24.02,0.0,0.00,0.0,0.0,,0.0
176,4,7.00,4,17.82,23.87,23.73,0.0,0.00,0.0,0.0,,0.0
176,5,7.00,4,17.35,23.58,23.44,0.0,0.00,0.0,0.0,,0.0
176,6,7.00,4,17.03,23.29,23.16,0.0,0.00,0.0,0.0,,0.0
176,7,7.00,4,16.67,23.01,22.89,0.0,0.00,0.0,0.0,,0.0
176,8,7.00,4,17.43,23.21,23.09,0.0,0.00,0.0,0.0,,0.0
176,9,7.00,4,18.94,23.38,23.27,0.0,0.00,0.0,0.0,,0.0
176,10,7.00,4,20.87,23.70,23.60,0.0,0.00,0.0,0.0,,0.0
176,11,7.00,4,21.99,24.13,24.02,0.0,0.00,0.0,0.0,,0.0
176,12,7.00,4,22.58,24.64,24.54,0.0,0.00,0.0,0.0,,0.0
176,13,7.00,4,23.20,25.23,25.13,0.0,0.00,0.0,0.0,,0.0
176,14,7.00,4,23.61,25.83,25.74,0.0,0.00,0.0,0.0,,0.0
176,15,7.00,4,23.26,26.32,26.23,0.0,0.00,0.0,0.0,,0.0
176,16,7.00,4,22.90,26.72,26.63,0.0,0.00,0.0,0.0,,0.0
176,17,7.00,4,22.27,26.95,26.68,-468.92,0.00,0.0,0.0,,-468.92
176,18,7.00,4,21.44,26.99,26.68,-424.92,0.00,0.0,0.0,,-424.92
176,19,7.00,4,20.37,26.44,26.28,0.0,0.00,0.0,0.0,,0.0
176,20,7.00,4,19.51,26.02,25.89,0.0,0.00,0.0,0.0,,0.0
176,21,7.00,4,18.87,25.62,25.50,0.0,0.00,0.0,0.0,,0.0
176,22,7.00,4,18.80,25.26,25.15,0.0,0.00,0.0,0.0,,0.0
176,23,7.00,4,18.17,24.90,24.79,0.0,0.00,0.0,0.0,,0.0
176,24,7.00,4,17.64,24.54,24.44,0.0,0.00,0.0,0.0,,0.0
176,1,1.00,5,17.08,24.19,24.08,0.0,0.00,0.0,0.0,,0.0
176,2,1.00,5,16.50,23.84,23.73,0.0,0.00,0.0,0.0,,0.0
176,3,1.00,5,15.96,23.48,23.39,0.0,0.00,0.0,0.0,,0.0
176,4,1.00,5,15.61,23.15,23.05,0.0,0.00,0.0,0.0,,0.0
176,5,1.00,5,15.25,22.82,22.72,0.0,0.00,0.0,0.0,,0.0
176,6,1.00,5,14.87,22.49,22.40,0.0,0.00,0.0,0.0,,0.0
176,7,1.00,5,14.48,22.17,22.08,0.0,0.00,0.0,0.0,,0.0
176,8,1.00,5,15.40,22.32,22.24,0.0,0.00,0.0,0.0,,0.0
176,9,1.00,5,17.20,22.55,22.47,0.0,0.00,0.0,0.0,,0.0
176,10,1.00,5,19.68,22.98,22.90,0.0,0.00,0.0,0.0,,0.0
176,11,1.00,5,21.28,23.50,23.43,0.0,0.00,0.0,0.0,,0.0
176,12,1.00,5,22.43,24.10,24.02,0.0,0.00,0.0,0.0,,0.0
176,13,1.00,5,23.27,24.74,24.66,0.0,0.00,0.0,0.0,,0.0
176,14,1.00,5,23.95,25.38,25.31,0.0,0.00,0.0,0.0,,0.0
176,15,1.00,5,23.65,25.91,25.84,0.0,0.00,0.0,0.0,,0.0
176,16,1.00,5,23.27,26.33,26.10,-396.6,0.00,0.0,0.0,,-396.6
176,17,1.00,5,22.61,26.58,26.10,-941.3,0.00,0.0,0.0,,-941.3
176,18,1.00,5,21.76,26.60,26.10,-761.75,0.00,0.0,0.0,,-761.75
176,19,1.00,5,20.47,26.01,25.78,0.0,0.00,0.0,0.0,,0.0
176,20,1.00,5,19.69,25.59,25.42,0.0,0.00,0.0,0.0,,0.0
176,21,1.00,5,19.03,25.21,25.06,0.0,0.00,0.0,0.0,,0.0
176,22,1.00,5,18.76,24.86,24.72,0.0,0.00,0.0,0.0,,0.0
176,23,1.00,5,17.98,24.51,24.37,0.0,0.00,0.0,0.0,,0.0
176,24,1.00,5,17.46,24.16,24.03,0.0,0.00,0.0,0.0,,0.0
176,1,2.00,5,17.02,23.82,23.70,0.0,0.00,0.0,0.0,,0.0
176,2,2.00,5,16.63,23.49,23.37,0.0,0.00,0.0,0.0,,0.0
176,3,2.00,5,16.24,23.17,23.06,0.0,0.00,0.0,0.0,,0.0
176,4,2.00,5,15.89,22.86,22.75,0.0,0.00,0.0,0.0,,0.0
176,5,2.00,5,15.53,22.56,22.44,0.0,0.00,0.0,0.0,,0.0
176,6,2.00,5,15.09,22.25,22.14,0.0,0.00,0.0,0.0,,0.0
176,7,2.00,5,14.62,21.94,21.84,0.0,0.00,0.0,0.0,,0.0
176,8,2.00,5,15.70,22.14,22.04,0.0,0.00,0.0,0.0,,0.0
176,9,2.00,5,17.47,22.39,22.30,0.0,0.00,0.0,0.0,,0.0
176,10,2.00,5,20.08,22.85,22.76,0.0,0.00,0.0,0.0,,0.0
176,11,2.00,5,21.60,23.39,23.30,0.0,0.00,0.0,0.0,,0.0
176,12,2.00,5,22.86,24.01,23.93,0.0,0.00,0.0,0.0,,0.0
176,13,2.00,5,23.88,24.69,24.61,0.0,0.00,0.0,0.0,,0.0
176,14,2.00,5,24.69,25.38,25.30,0.0,0.00,0.0,0.0,,0.0
176,15,2.00,5,24.53,25.95,25.88,0.0,0.00,0.0,0.0,,0.0
176,16,2.00,5,24.24,26.42,26.10,-601.51,0.00,0.0,0.0,,-601.51
176,17,2.00,5,23.65,26.72,26.10,-1200.7,0.00,0.0,0.0,,-1200.7
176,18,2.00,5,22.90,26.78,26.10,-1095.69,0.00,0.0,0.0,,-1095.69
176,19,2.00,5,21.91,26.20,25.90,0.0,0.00,0.0,0.0,,0.0
176,20,2.00,5,21.19,25.83,25.61,0.0,0.00,0.0,0.0,,0.0
176,21,2.00,5,20.74,25.50,25.31,0.0,0.00,0.0,0.0,,0.0
176,22,2.00,5,20.42,25.20,25.02,0.0,0.00,0.0,0.0,,0.0
176,23,2.00,5,19.80,24.89,24.72,0.0,0.00,0.0,0.0,,0.0
176,24,2.00,5,19.39,24.60,24.44,0.0,0.00,0.0,0.0,,0.0
176,1,3.00,5,19.05,24.32,24.16,0.0,0.00,0.0,0.0,,0.0
176,2,3.00,5,18.63,24.04,23.89,0.0,0.00,0.0,0.0,,0.0
176,3,3.00,5,18.04,23.75,23.60,0.0,0.00,0.0,-0.0,,0.0
176,4,3.00,5,17.45,23.45,23.31,0.0,0.00,0.0,0.0,,0.0
176,5,3.00,5,17.00,23.17,23.03,0.0,0.00,0.0,0.0,,0.0
176,6,3.00,5,16.67,22.88,22.75,0.0,0.00,0.0,0.0,,0.0
176,7,3.00,5,16.37,22.61,22.48,0.0,0.00,0.0,0.0,,0.0
176,8,3.00,5,16.81,23.09,22.97,0.0,0.00,0.0,0.0,,0.0
176,9,3.00,5,18.35,23.36,23.24,0.0,0.00,0.0,-0.0,,0.0
176,10,3.00,5,20.28,23.70,23.59,0.0,0.00,0.0,-0.0,,0.0
176,11,3.00,5,21.62,24.15,24.04,0.0,0.00,0.0,-0.0,,0.0
176,12,3.00,5,22.61,24.69,24.58,0.0,0.00,0.0,0.0,,0.0
176,13,3.00,5,23.32,25.29,25.18,0.0,0.00,0.0,-0.0,,0.0
176,14,3.00,5,23.47,25.87,25.77,0.0,0.00,0.0,-0.0,,0.0
176,15,3.00,5,23.78,26.43,26.34,0.0,0.00,0.0,0.0,,0.0
176,16,3.00,5,23.59,26.90,26.80,0.0,0.00,0.0,0.0,,0.0
176,17,3.00,5,23.08,27.22,27.12,0.0,0.00,0.0,0.0,,0.0
176,18,3.00,5,22.42,27.30,27.21,0.0,0.00,0.0,0.0,,0.0
176,19,3.00,5,21.37,26.54,26.45,0.0,0.00,0.0,0.0,,0.0
176,20,3.00,5,20.71,26.09,26.01,0.0,0.00,0.0,0.0,,0.0
176,21,3.00,5,20.36,25.73,25.65,0.0,0.00,0.0,0.0,,0.0
176,22,3.00,5,20.13,25.41,25.33,0.0,0.00,0.0,0.0,,0.0
176,23,3.00,5,19.81,25.10,25.02,0.0,0.00,0.0,0.0,,0.0
176,24,3.00,5,19.45,24.80,24.73,0.0,0.00,0.0,0.0,,0.0
176,1,4.00,5,19.07,24.51,24.44,0.0,0.00,0.0,0.0,,0.0
176,2,4.00,5,18.82,24.23,24.16,0.0,0.00,0.0,0.0,,0.0
176,3,4.00,5,18.67,23.97,23.90,0.0,0.00,0.0,0.0,,0.0
176,4,4.00,5,18.63,23.73,23.65,0.0,0.00,0.0,0.0,,0.0
176,5,4.00,5,18.63,23.50,23.43,0.0,0.00,0.0,0.0,,0.0
176,6,4.00,5,18.60,23.28,23.22,0.0,0.00,0.0,0.0,,0.0
176,7,4.00,5,18.41,23.07,23.01,0.0,0.00,0.0,0.0,,0.0
176,8,4.00,5,18.54,23.59,23.53,0.0,0.00,0.0,0.0,,0.0
176,9,4.00,5,19.79,23.88,23.82,0.0,0.00,0.0,-0.0,,0.0
176,10,4.00,5,21.32,24.23,24.16,0.0,0.00,0.0,-0.0,,0.0
176,11,4.00,5,22.22,24.66,24.59,0.0,0.00,0.0,-0.0,,0.0
176,12,4.00,5,23.00,25.17,25.11,0.0,0.00,0.0,0.0,,0.0
176,13,4.00,5,23.29,25.73,25.67,0.0,0.00,0.0,-0.0,,0.0
176,14,4.00,5,23.34,26.28,26.22,0.0,0.00,0.0,-0.0,,0.0
176,15,4.00,5,23.59,26.81,26.75,0.0,0.00,0.0,0.0,,0.0
176,16,4.00,5,23.52,27.25,27.19,0.0,0.00,0.0,0.0,,0.0
176,17,4.00,5,23.18,27.55,27.50,0.0,0.00,0.0,0.0,,0.0
176,18,4.00,5,22.52,27.62,27.57,0.0,0.00,0.0,0.0,,0.0
176,19,4.00,5,21.53,26.85,26.79,0.0,0.00,0.0,0.0,,0.0
176,20,4.00,5,21.01,26.40,26.35,0.0,0.00,0.0,0.0,,0.0
176,21,4.00,5,20.62,26.04,25.98,0.0,0.00,0.0,0.0,,0.0
176,22,4.00,5,20.42,25.71,25.66,0.0,0.00,0.0,0.0,,0.0
176,23,4.00,5,19.96,25.39,25.33,0.0,0.00,0.0,0.0,,0.0
176,24,4.00,5,19.63,25.08,25.03,0.0,0.00,0.0,0.0,,0.0
176,1,5.00,5,19.22,24.78,24.73,0.0,0.00,0.0,0.0,,0.0
176,2,5.00,5,18.83,24.48,24.43,0.0,0.00,0.0,0.0,,0.0
176,3,5.00,5,18.46,24.19,24.14,0.0,0.00,0.0,0.0,,0.0
176,4,5.00,5,18.38,23.92,23.87,0.0,0.00,0.0,0.0,,0.0
176,5,5.00,5,18.21,23.67,23.62,0.0,0.00,0.0,0.0,,0.0
176,6,5.00,5,18.18,23.43,23.38,0.0,0.00,0.0,0.0,,0.0
176,7,5.00,5,18.14,23.20,23.15,0.0,0.00,0.0,0.0,,0.0
176,8,5.00,5,18.39,23.47,23.43,0.0,0.00,0.0,0.0,,0.0
176,9,5.00,5,19.63,23.72,23.67,0.0,0.00,0.0,-76.71,,-76.71
176,10,5.00,5,21.16,24.08,24.04,0.0,0.00,0.0,0.0,,0.0
176,11,5.00,5,22.31,24.54,24.49,0.0,0.00,0.0,-835.17,,-835.17
176,12,5.00,5,22.99,25.05,25.01,0.0,0.00,0.0,0.0,,0.0
176,13,5.00,5,23.25,25.59,25.55,0.0,0.00,0.0,0.0,,0.0
176,14,5.00,5,23.40,26.11,26.07,0.0,0.00,0.0,0.0,,0.0
176,15,5.00,5,23.49,26.60,26.10,-1147.62,0.00,0.0,0.0,,-1147.62
176,16,5.00,5,23.30,26.98,26.10,-1791.64,0.00,0.0,0.0,,-1791.64
176,17,5.00,5,22.82,27.21,26.10,-2043.96,0.00,0.0,0.0,,-2043.96
176,18,5.00,5,22.13,27.21,26.10,-1754.86,0.00,0.0,-102.98,,-1857.84
176,19,5.00,5,21.20,26.63,26.14,0.0,0.00,0.0,0.0,,0.0
176,20,5.00,5,20.56,26.22,25.87,0.0,0.00,0.0,0.0,,0.0
176,21,5.00,5,20.34,25.86,25.56,0.0,0.00,0.0,0.0,,0.0
176,22,5.00,5,20.16,25.54,25.26,0.0,0.00,0.0,0.0,,0.0
176,23,5.00,5,19.90,25.23,24.96,0.0,0.00,0.0,0.0,,0.0
176,24,5.00,5,19.68,24.94,24.68,0.0,0.00,0.0,0.0,,0.0
176,1,6.00,5,19.40,24.65,24.41,0.0,0.00,0.0,0.0,,0.0
176,2,6.00,5,19.05,24.38,24.14,0.0,0.00,0.0,0.0,,0.0
176,3,6.00,5,18.78,24.11,23.88,0.0,0.00,0.0,-0.0,,0.0
176,4,6.00,5,18.60,23.85,23.63,0.0,0.00,0.0,-0.0,,0.0
176,5,6.00,5,18.41,23.60,23.40,0.0,0.00,0.0,-0.0,,0.0
176,6,6.00,5,18.18,23.36,23.16,0.0,0.00,0.0,0.0,,0.0
176,7,6.00,5,17.96,23.13,22.94,0.0,0.00,0.0,0.0,,0.0
176,8,6.00,5,18.46,23.42,23.24,0.0,0.00,0.0,0.0,,0.0
176,9,6.00,5,19.73,23.67,23.50,0.0,0.00,0.0,0.0,,0.0
176,10,6.00,5,21.68,24.08,23.92,0.0,0.00,0.0,0.0,,0.0
176,11,6.00,5,22.70,24.55,24.40,0.0,0.00,0.0,0.0,,0.0
176,12,6.00,5,23.24,25.07,24.92,0.0,0.00,0.0,0.0,,0.0
176,13,6.00,5,23.62,25.62,25.48,0.0,0.00,0.0,0.0,,0.0
176,14,6.00,5,23.69,26.15,26.02,0.0,0.00,0.0,0.0,,0.0
176,15,6.00,5,23.55,26.63,26.10,-998.2,0.00,0.0,0.0,,-998.2
176,16,6.00,5,23.37,27.01,26.10,-1693.13,0.00,0.0,0.0,,-1693.13
176,17,6.00,5,22.83,27.23,26.10,-1945.15,0.00,0.0,0.0,,-1945.15
176,18,6.00,5,21.95,27.21,26.10,-1620.21,0.00,0.0,0.0,,-1620.21
176,19,6.00,5,20.97,26.62,26.09,0.0,0.00,0.0,0.0,,0.0
176,20,6.00,5,20.43,26.21,25.81,0.0,0.00,0.0,0.0,,0.0
176,21,6.00,5,20.04,25.84,25.48,0.0,0.00,0.0,0.0,,0.0
176,22,6.00,5,20.11,25.52,25.18,0.0,0.00,0.0,0.0,,0.0
176,23,6.00,5,19.63,25.19,24.88,0.0,0.00,0.0,0.0,,0.0
176,24,6.00,5,19.28,24.88,24.58,0.0,0.00,0.0,0.0,,0.0
176,1,7.00,5,18.97,24.58,24.29,0.0,0.00,0.0,0.0,,0.0
176,2,7.00,5,18.78,24.30,24.02,0.0,0.00,0.0,0.0,,0.0
176,3,7.00,5,18.51,24.02,23.76,0.0,0.00,0.0,0.0,,0.0
176,4,7.00,5,18.26,23.76,23.51,0.0,0.00,0.0,0.0,,0.0
176,5,7.00,5,18.13,23.50,23.26,0.0,0.00,0.0,-0.0,,0.0
176,6,7.00,5,18.26,23.28,23.05,0.0,0.00,0.0,0.0,,0.0
176,7,7.00,5,18.37,23.07,22.85,0.0,0.00,0.0,0.0,,0.0
176,8,7.00,5,18.83,23.40,23.19,0.0,0.00,0.0,0.0,,0.0
176,9,7.00,5,19.85,23.65,23.45,0.0,0.00,0.0,0.0,,0.0
176,10,7.00,5,21.26,24.01,23.82,0.0,0.00,0.0,0.0,,0.0
176,11,7.00,5,22.23,24.46,24.28,0.0,0.00,0.0,0.0,,0.0
176,12,7.00,5,23.02,24.98,24.81,0.0,0.00,0.0,0.0,,0.0
176,13,7.00,5,23.35,25.53,25.36,0.0,0.00,0.0,0.0,,0.0
176,14,7.00,5,23.62,26.07,25.91,0.0,0.00,0.0,0.0,,0.0
176,15,7.00,5,23.71,26.57,26.10,-794.59,0.00,0.0,0.0,,-794.59
176,16,7.00,5,23.41,26.95,26.10,-1554.72,0.00,0.0,0.0,,-1554.72
176,17,7.00,5,22.87,27.18,26.10,-1830.13,0.00,0.0,0.0,,-1830.13
176,18,7.00,5,22.14,27.18,26.10,-1559.89,0.00,0.0,0.0,,-1559.89
176,19,7.00,5,21.33,26.60,26.08,0.0,0.00,0.0,0.0,,0.0
176,20,7.00,5,20.74,26.20,25.80,0.0,0.00,0.0,0.0,,0.0
176,21,7.00,5,20.48,25.85,25.50,0.0,0.00,0.0,0.0,,0.0
176,22,7.00,5,20.06,25.51,25.18,0.0,0.00,0.0,0.0,,0.0
176,23,7.00,5,19.69,25.19,24.88,0.0,0.00,0.0,0.0,,0.0
176,24,7.00,5,19.40,24.88,24.58,0.0,0.00,0.0,0.0,,0.0
176,1,1.00,5,19.40,24.61,24.32,0.0,0.00,0.0,0.0,,0.0
176,2,1.00,5,19.32,24.35,24.07,0.0,0.00,0.0,0.0,,0.0
176,3,1.00,5,19.06,24.09,23.83,0.0,0.00,0.0,0.0,,0.0
176,4,1.00,5,18.84,23.84,23.59,0.0,0.00,0.0,0.0,,0.0
176,5,1.00,5,18.69,23.61,23.36,0.0,0.00,0.0,0.0,,0.0
176,6,1.00,5,18.55,23.38,23.15,0.0,0.00,0.0,-0.0,,0.0
176,7,1.00,5,18.30,23.16,22.93,0.0,0.00,0.0,0.0,,0.0
176,8,1.00,5,18.62,23.45,23.24,0.0,0.00,0.0,-26.77,,-26.77
176,9,1.00,5,19.84,23.70,23.51,0.0,0.00,0.0,0.0,,0.0
176,10,1.00,5,21.85,24.12,23.93,0.0,0.00,0.0,0.0,,0.0
176,11,1.00,5,23.03,24.61,24.43,0.0,0.00,0.0,0.0,,0.0
176,12,1.00,5,23.45,25.13,24.96,0.0,0.00,0.0,0.0,,0.0
176,13,1.00,5,23.58,25.66,25.50,0.0,0.00,0.0,0.0,,0.0
176,14,1.00,5,23.83,26.20,26.04,0.0,0.00,0.0,0.0,,0.0
176,15,1.00,5,23.41,26.65,26.10,-993.37,0.00,0.0,0.0,,-993.37
176,16,1.00,5,22.78,26.97,26.10,-1548.93,0.00,0.0,0.0,,-1548.93
176,17,1.00,5,22.06,27.15,26.10,-1719.39,0.00,0.0,0.0,,-1719.39
176,18,1.00,5,21.09,27.08,26.10,-1326.94,0.00,0.0,0.0,,-1326.94
176,19,1.00,5,20.03,26.49,25.99,0.0,0.00,0.0,0.0,,0.0
176,20,1.00,5,19.41,26.04,25.65,0.0,0.00,0.0,0.0,,0.0
176,21,1.00,5,18.99,25.63,25.29,0.0,0.00,0.0,0.0,,0.0
176,22,1.00,5,18.71,25.26,24.94,0.0,0.00,0.0,0.0,,0.0
176,23,1.00,5,18.07,24.88,24.57,0.0,0.00,0.0,0.0,,0.0
176,24,1.00,5,17.71,24.53,24.23,0.0,0.00,0.0,0.0,,0.0
176,1,2.00,5,16.94,24.16,23.87,0.0,0.00,0.0,0.0,,0.0
176,2,2.00,5,16.43,23.80,23.53,0.0,0.00,0.0,0.0,,0.0
176,3,2.00,5,16.04,23.45,23.19,0.0,0.00,0.0,0.0,,0.0
176,4,2.00,5,15.68,23.11,22.86,0.0,0.00,0.0,0.0,,0.0
176,5,2.00,5,15.35,22.78,22.54,0.0,0.00,0.0,0.0,,0.0
176,6,2.00,5,15.03,22.46,22.23,0.0,0.00,0.0,0.0,,0.0
176,7,2.00,5,14.71,22.14,21.92,0.0,0.00,0.0,0.0,,0.0
176,8,2.00,5,15.14,22.26,22.06,0.0,0.00,0.0,0.0,,0.0
176,9,2.00,5,16.46,22.43,22.23,0.0,0.00,0.0,0.0,,0.0
176,10,2.00,5,18.86,22.81,22.63,0.0,0.00,0.0,0.0,,0.0
176,11,2.00,5,20.27,23.28,23.10,0.0,0.00,0.0,0.0,,0.0
176,12,2.00,5,20.84,23.77,23.60,0.0,0.00,0.0,0.0,,0.0
176,13,2.00,5,21.27,24.31,24.15,0.0,0.00,0.0,0.0,,0.0
176,14,2.00,5,21.68,24.85,24.69,0.0,0.00,0.0,0.0,,0.0
176,15,2.00,5,22.07,25.37,25.22,0.0,0.00,0.0,0.0,,0.0
176,16,2.00,5,21.76,25.75,25.61,0.0,0.00,0.0,0.0,,0.0
176,17,2.00,5,21.19,25.99,25.85,0.0,0.00,0.0,0.0,,0.0
176,18,2.00,5,20.31,25.96,25.83,0.0,0.00,0.0,0.0,,0.0
176,19,2.00,5,19.58,25.41,25.28,0.0,0.00,0.0,0.0,,0.0
176,20,2.00,5,19.06,25.01,24.88,0.0,0.00,0.0,0.0,,0.0
176,21,2.00,5,18.54,24.65,24.52,0.0,0.00,0.0,0.0,,0.0
176,22,2.00,5,17.89,24.29,24.16,0.0,0.00,0.0,0.0,,0.0
176,23,2.00,5,17.77,23.96,23.84,0.0,0.00,0.0,0.0,,0.0
176,24,2.00,5,17.34,23.64,23.52,0.0,0.00,0.0,0.0,,0.0
176,1,3.00,5,17.23,23.34,23.23,0.0,0.00,0.0,0.0,,0.0
176,2,3.00,5,17.09,23.06,22.95,0.0,0.00,0.0,0.0,,0.0
176,3,3.00,5,16.61,22.78,22.67,0.0,0.00,0.0,0.0,,0.0
176,4,3.00,5,16.09,22.48,22.38,0.0,0.00,0.0,0.0,,0.0
176,5,3.00,5,15.97,22.21,22.11,0.0,0.00,0.0,0.0,,0.0
176,6,3.00,5,15.76,21.95,21.85,0.0,0.00,0.0,0.0,,0.0
176,7,3.00,5,16.01,21.73,21.63,0.0,0.00,0.0,0.0,,0.0
176,8,3.00,5,16.33,22.24,22.14,0.0,0.00,0.0,0.0,,0.0
176,9,3.00,5,17.13,22.48,22.39,0.0,0.00,0.0,-0.0,,0.0
176,10,3.00,5,19.30,22.84,22.75,0.0,0.00,0.0,-0.0,,0.0
176,11,3.00,5,20.79,23.30,23.21,0.0,0.00,0.0,-0.0,,0.0
176,12,3.00,5,21.37,23.82,23.74,0.0,0.00,0.0,-0.0,,0.0
176,13,3.00,5,21.71,24.39,24.31,0.0,0.00,0.0,0.0,,0.0
176,14,3.00,5,21.81,24.95,24.87,0.0,0.00,0.0,0.0,,0.0
176,15,3.00,5,21.98,25.49,25.41,0.0,0.00,0.0,0.0,,0.0
176,16,3.00,5,21.67,25.92,25.84,0.0,0.00,0.0,0.0,,0.0
176,17,3.00,5,21.23,26.21,26.14,0.0,0.00,0.0,0.0,,0.0
176,18,3.00,5,20.49,26.27,26.20,0.0,0.00,0.0,0.0,,0.0
176,19,3.00,5,19.46,25.48,25.41,0.0,0.00,0.0,0.0,,0.0
176,20,3.00,5,18.79,25.02,24.94,0.0,0.00,0.0,0.0,,0.0
176,21,3.00,5,18.18,24.62,24.55,0.0,0.00,0.0,0.0,,0.0
176,22,3.00,5,17.89,24.26,24.19,0.0,0.00,0.0,0.0,,0.0
176,23,3.00,5,17.52,23.92,23.85,0.0,0.00,0.0,0.0,,0.0
176,24,3.00,5,17.15,23.59,23.53,0.0,0.00,0.0,0.0,,0.0
176,1,4.00,5,16.80,23.27,23.21,0.0,0.00,0.0,0.0,,0.0
176,2,4.00,5,16.80,22.98,22.92,0.0,0.00,0.0,0.0,,0.0
176,3,4.00,5,16.62,22.71,22.64,0.0,0.00,0.0,0.0,,0.0
176,4,4.00,5,16.22,22.42,22.36,0.0,0.00,0.0,0.0,,0.0
176,5,4.00,5,15.80,22.14,22.08,0.0,0.00,0.0,0.0,,0.0
176,6,4.00,5,15.54,21.87,21.81,0.0,0.00,0.0,0.0,,0.0
176,7,4.00,5,15.09,21.60,21.54,0.0,0.00,0.0,0.0,,0.0
176,8,4.00,5,14.97,22.05,21.99,0.0,0.00,0.0,0.0,,0.0
176,9,4.00,5,16.06,22.26,22.20,0.0,0.00,0.0,0.0,,0.0
176,10,4.00,5,18.43,22.60,22.54,0.0,0.00,0.0,0.0,,0.0
176,11,4.00,5,19.82,23.03,22.97,0.0,0.00,0.0,0.0,,0.0
176,12,4.00,5,20.59,23.54,23.48,0.0,0.00,0.0,0.0,,0.0
176,13,4.00,5,21.22,24.11,24.06,0.0,0.00,0.0,0.0,,0.0
176,14,4.00,5,21.16,24.66,24.61,0.0,0.00,0.0,0.0,,0.0
176,15,4.00,5,21.19,25.18,25.12,0.0,0.00,0.0,0.0,,0.0
176,16,4.00,5,21.13,25.61,25.55,0.0,0.00,0.0,0.0,,0.0
176,17,4.00,5,20.66,25.90,25.84,0.0,0.00,0.0,0.0,,0.0
176,18,4.00,5,19.95,25.95,25.90,0.0,0.00,0.0,0.0,,0.0
176,19,4.00,5,18.99,25.16,25.11,0.0,0.00,0.0,0.0,,0.0
176,20,4.00,5,18.51,24.71,24.66,0.0,0.00,0.0,0.0,,0.0
176,21,4.00,5,18.09,24.33,24.28,0.0,0.00,0.0,0.0,,0.0
176,22,4.00,5,18.22,24.01,23.96,0.0,0.00,0.0,0.0,,0.0
176,23,4.00,5,17.79,23.69,23.64,0.0,0.00,0.0,0.0,,0.0
176,24,4.00,5,17.48,23.39,23.34,0.0,0.00,0.0,0.0,,0.0
176,1,5.00,5,17.21,23.10,23.05,0.0,0.00,0.0,0.0,,0.0
176,2,5.00,5,17.20,22.83,22.79,0.0,0.00,0.0,0.0,,0.0
176,3,5.00,5,17.08,22.58,22.53,0.0,0.00,0.0,0.0,,0.0
176,4,5.00,5,17.00,22.34,22.29,0.0,0.00,0.0,0.0,,0.0
176,5,5.00,5,16.95,22.12,22.07,0.0,0.00,0.0,0.0,,0.0
176,6,5.00,5,16.90,21.91,21.86,0.0,0.00,0.0,0.0,,0.0
176,7,5.00,5,16.71,21.70,21.65,0.0,0.00,0.0,0.0,,0.0
176,8,5.00,5,16.79,21.97,21.93,0.0,0.00,0.0,0.0,,0.0
176,9,5.00,5,17.45,22.17,22.12,0.0,0.00,0.0,0.0,,0.0
176,10,5.00,5,19.24,22.54,22.49,0.0,0.00,0.0,0.0,,0.0
176,11,5.00,5,20.29,22.98,22.94,0.0,0.00,0.0,0.0,,0.0
176,12,5.00,5,20.74,23.47,23.43,0.0,0.00,0.0,0.0,,0.0
176,13,5.00,5,20.79,23.97,23.92,0.0,0.00,0.0,0.0,,0.0
176,14,5.00,5,20.78,24.45,24.41,0.0,0.00,0.0,0.0,,0.0
176,15,5.00,5,20.63,24.88,24.84,0.0,0.00,0.0,0.0,,0.0
176,16,5.00,5,20.45,25.23,25.19,0.0,0.00,0.0,0.0,,0.0
176,17,5.00,5,19.97,25.43,25.39,0.0,0.00,0.0,0.0,,0.0
176,18,5.00,5,19.26,25.40,25.36,0.0,0.00,0.0,0.0,,0.0
176,19,5.00,5,18.29,24.83,24.79,0.0,0.00,0.0,0.0,,0.0
176,20,5.00,5,17.81,24.41,24.37,0.0,0.00,0.0,0.0,,0.0
176,21,5.00,5,17.57,24.04,24.00,0.0,0.00,0.0,0.0,,0.0
176,22,5.00,5,17.41,23.70,23.66,0.0,0.00,0.0,0.0,,0.0
176,23,5.00,5,17.00,23.37,23.33,0.0,0.00,0.0,0.0,,0.0
176,24,5.00,5,16.89,23.06,23.02,0.0,0.00,0.0,0.0,,0.0
176,1,6.00,5,16.78,22.77,22.73,0.0,0.00,0.0,0.0,,0.0
176,2,6.00,5,16.49,22.49,22.45,0.0,0.00,0.0,0.0,,0.0
176,3,6.00,5,16.10,22.21,22.17,0.0,0.00,0.0,0.0,,0.0
176,4,6.00,5,15.71,21.93,21.90,0.0,0.00,0.0,0.0,,0.0
176,5,6.00,5,15.30,21.66,21.62,0.0,0.00,0.0,0.0,,0.0
176,6,6.00,5,14.96,21.39,21.35,0.0,0.00,0.0,0.0,,0.0
176,7,6.00,5,14.63,21.12,21.08,0.0,0.00,0.0,0.0,,0.0
176,8,6.00,5,14.91,21.30,21.27,0.0,0.00,0.0,0.0,,0.0
176,9,6.00,5,16.11,21.50,21.46,0.0,0.00,0.0,0.0,,0.0
176,10,6.00,5,18.12,21.87,21.84,0.0,0.00,0.0,0.0,,0.0
176,11,6.00,5,19.44,22.34,22.30,0.0,0.00,0.0,0.0,,0.0
176,12,6.00,5,20.12,22.85,22.82,0.0,0.00,0.0,0.0,,0.0
176,13,6.00,5,20.66,23.41,23.37,0.0,0.00,0.0,0.0,,0.0
176,14,6.00,5,20.94,23.95,23.92,0.0,0.00,0.0,0.0,,0.0
176,15,6.00,5,21.17,24.47,24.43,0.0,0.00,0.0,0.0,,0.0
176,16,6.00,5,20.96,24.87,24.83,0.0,0.00,0.0,0.0,,0.0
176,17,6.00,5,20.56,25.12,25.09,0.0,0.00,0.0,0.0,,0.0
176,18,6.00,5,19.86,25.13,25.10,0.0,0.00,0.0,0.0,,0.0
176,19,6.00,5,18.82,24.57,24.53,0.0,0.00,0.0,0.0,,0.0
176,20,6.00,5,18.15,24.16,24.13,0.0,0.00,0.0,0.0,,0.0
176,21,6.00,5,17.77,23.81,23.77,0.0,0.00,0.0,0.0,,0.0
176,22,6.00,5,17.85,23.50,23.46,0.0,0.00,0.0,0.0,,0.0
176,23,6.00,5,17.23,23.18,23.14,0.0,0.00,0.0,0.0,,0.0
176,24,6.00,5,17.21,22.89,22.86,0.0,0.00,0.0,0.0,,0.0
176,1,7.00,5,16.91,22.61,22.58,0.0,0.00,0.0,0.0,,0.0
176,2,7.00,5,16.57,22.34,22.30,0.0,0.00,0.0,0.0,,0.0
176,3,7.00,5,16.10,22.06,22.03,0.0,0.00,0.0,0.0,,0.0
176,4,7.00,5,15.74,21.79,21.75,0.0,0.00,0.0,0.0,,0.0
176,5,7.00,5,15.54,21.53,21.49,0.0,0.00,0.0,0.0,,0.0
176,6,7.00,5,15.19,21.27,21.24,0.0,0.00,0.0,0.0,,0.0
176,7,7.00,5,15.63,21.06,21.03,0.0,0.00,0.0,0.0,,0.0
176,8,7.00,5,16.20,21.36,21.32,0.0,0.00,0.0,0.0,,0.0
176,9,7.00,5,17.17,21.59,21.56,0.0,0.00,0.0,0.0,,0.0
176,10,7.00,5,19.21,22.01,21.98,0.0,0.00,0.0,0.0,,0.0
176,11,7.00,5,20.86,22.55,22.51,0.0,0.00,0.0,0.0,,0.0
176,12,7.00,5,21.68,23.12,23.09,0.0,0.00,0.0,0.0,,0.0
176,13,7.00,5,22.41,23.75,23.72,0.0,0.00,0.0,0.0,,0.0
176,14,7.00,5,22.79,24.36,24.33,0.0,0.00,0.0,0.0,,0.0
176,15,7.00,5,23.21,24.95,24.92,0.0,0.00,0.0,0.0,,0.0
176,16,7.00,5,22.76,25.39,25.36,0.0,0.00,0.0,0.0,,0.0
176,17,7.00,5,22.26,25.67,25.64,0.0,0.00,0.0,0.0,,0.0
176,18,7.00,5,21.22,25.69,25.66,0.0,0.00,0.0,0.0,,0.0
176,19,7.00,5,19.89,25.09,25.06,0.0,0.00,0.0,0.0,,0.0
176,20,7.00,5,19.03,24.68,24.65,0.0,0.00,0.0,0.0,,0.0
176,21,7.00,5,18.38,24.30,24.27,0.0,0.00,0.0,0.0,,0.0
176,22,7.00,5,18.22,23.97,23.94,0.0,0.00,0.0,0.0,,0.0
176,23,7.00,5,17.63,23.63,23.60,0.0,0.00,0.0,0.0,,0.0
176,24,7.00,5,17.16,23.30,23.27,0.0,0.00,0.0,0.0,,0.0
176,1,1.00,5,16.80,22.99,22.96,0.0,0.00,0.0,0.0,,0.0
176,2,1.00,5,16.43,22.68,22.65,0.0,0.00,0.0,0.0,,0.0
176,3,1.00,5,15.96,22.38,22.34,0.0,0.00,0.0,0.0,,0.0
176,4,1.00,5,15.45,22.07,22.04,0.0,0.00,0.0,0.0,,0.0
176,5,1.00,5,15.06,21.77,21.74,0.0,0.00,0.0,0.0,,0.0
176,6,1.00,5,14.45,21.46,21.43,0.0,0.00,0.0,0.0,,0.0
176,7,1.00,5,13.89,21.15,21.12,0.0,0.00,0.0,0.0,,0.0
176,8,1.00,5,14.77,21.32,21.29,0.0,0.00,0.0,0.0,,0.0
176,9,1.00,5,16.18,21.53,21.50,0.0,0.00,0.0,0.0,,0.0
176,10,1.00,5,18.28,21.91,21.88,0.0,0.00,0.0,0.0,,0.0
176,11,1.00,5,20.17,22.44,22.41,0.0,0.00,0.0,0.0,,0.0
176,12,1.00,5,21.28,23.02,22.99,0.0,0.00,0.0,0.0,,0.0
176,13,1.00,5,22.22,23.67,23.64,0.0,0.00,0.0,0.0,,0.0
176,14,1.00,5,22.94,24.31,24.28,0.0,0.00,0.0,0.0,,0.0
176,15,1.00,5,22.69,24.85,24.82,0.0,0.00,0.0,0.0,,0.0
176,16,1.00,5,22.37,25.27,25.24,0.0,0.00,0.0,0.0,,0.0
176,17,1.00,5,21.75,25.54,25.51,0.0,0.00,0.0,0.0,,0.0
176,18,1.00,5,20.79,25.55,25.52,0.0,0.00,0.0,0.0,,0.0
176,19,1.00,5,19.74,24.97,24.94,0.0,0.00,0.0,0.0,,0.0
176,20,1.00,5,19.15,24.57,24.54,0.0,0.00,0.0,0.0,,0.0
176,21,1.00,5,18.72,24.22,24.20,0.0,0.00,0.0,0.0,,0.0
176,22,1.00,5,18.94,23.93,23.90,0.0,0.00,0.0,0.0,,0.0
176,23,1.00,5,18.26,23.62,23.59,0.0,0.00,0.0,0.0,,0.0
176,24,1.00,5,18.16,23.34,23.31,0.0,0.00,0.0,0.0,,0.0
176,1,2.00,5,17.79,23.07,23.04,0.0,0.00,0.0,0.0,,0.0
176,2,2.00,5,17.21,22.78,22.75,0.0,0.00,0.0,0.0,,0.0
176,3,2.00,5,16.48,22.48,22.45,0.0,0.00,0.0,0.0,,0.0
176,4,2.00,5,15.90,22.18,22.15,0.0,0.00,0.0,0.0,,0.0
176,5,2.00,5,15.48,21.89,21.86,0.0,0.00,0.0,0.0,,0.0
176,6,2.00,5,14.93,21.59,21.56,0.0,0.00,0.0,0.0,,0.0
176,7,2.00,5,14.46,21.29,21.26,0.0,0.00,0.0,0.0,,0.0
176,8,2.00,5,15.04,21.47,21.44,0.0,0.00,0.0,0.0,,0.0
176,9,2.00,5,16.28,21.66,21.63,0.0,0.00,0.0,0.0,,0.0
176,10,2.00,5,18.54,22.05,22.02,0.0,0.00,0.0,0.0,,0.0
176,11,2.00,5,20.61,22.59,22.57,0.0,0.00,0.0,0.0,,0.0
176,12,2.00,5,21.42,23.16,23.13,0.0,0.00,0.0,0.0,,0.0
176,13,2.00,5,22.26,23.79,23.76,0.0,0.00,0.0,0.0,,0.0
176,14,2.00,5,22.61,24.39,24.36,0.0,0.00,0.0,0.0,,0.0
176,15,2.00,5,23.24,24.98,24.96,0.0,0.00,0.0,0.0,,0.0
176,16,2.00,5,23.09,25.45,25.42,0.0,0.00,0.0,0.0,,0.0
176,17,2.00,5,22.65,25.76,25.73,0.0,0.00,0.0,0.0,,0.0
176,18,2.00,5,21.80,25.80,25.78,0.0,0.00,0.0,0.0,,0.0
176,19,2.00,5,20.73,25.23,25.20,0.0,0.00,0.0,0.0,,0.0
176,20,2.00,5,20.10,24.85,24.82,0.0,0.00,0.0,0.0,,0.0
176,21,2.00,5,19.73,24.52,24.49,0.0,0.00,0.0,0.0,,0.0
176,22,2.00,5,19.87,24.24,24.22,0.0,0.00,0.0,0.0,,0.0
176,23,2.00,5,19.12,23.95,23.92,0.0,0.00,0.0,0.0,,0.0
176,24,2.00,5,18.88,23.67,23.64,0.0,0.00,0.0,0.0,,0.0
176,1,3.00,5,18.55,23.40,23.38,0.0,0.00,0.0,0.0,,0.0
176,2,3.00,5,18.26,23.15,23.12,0.0,0.00,0.0,0.0,,0.0
176,3,3.00,5,17.99,22.89,22.87,0.0,0.00,0.0,0.0,,0.0
176,4,3.00,5,17.70,22.65,22.62,0.0,0.00,0.0,0.0,,0.0
176,5,3.00,5,17.39,22.41,22.38,0.0,0.00,0.0,0.0,,0.0
176,6,3.00,5,17.24,22.18,22.15,0.0,0.00,0.0,0.0,,0.0
176,7,3.00,5,17.02,21.95,21.92,0.0,0.00,0.0,0.0,,0.0
176,8,3.00,5,17.25,22.46,22.44,0.0,0.00,0.0,0.0,,0.0
176,9,3.00,5,18.31,22.73,22.70,0.0,0.00,0.0,-0.0,,0.0
176,10,3.00,5,20.09,23.08,23.05,0.0,0.00,0.0,-0.0,,0.0
176,11,3.00,5,21.49,23.54,23.51,0.0,0.00,0.0,-0.0,,0.0
176,12,3.00,5,22.13,24.06,24.04,0.0,0.00,0.0,-0.0,,0.0
176,13,3.00,5,22.61,24.64,24.61,0.0,0.00,0.0,0.0,,0.0
176,14,3.00,5,22.73,25.21,25.18,0.0,0.00,0.0,0.0,,0.0
176,15,3.00,5,22.95,25.76,25.73,0.0,0.00,0.0,0.0,,0.0
176,16,3.00,5,22.74,26.20,26.18,0.0,0.00,0.0,0.0,,0.0
176,17,3.00,5,22.33,26.51,26.49,0.0,0.00,0.0,0.0,,0.0
176,18,3.00,5,21.54,26.58,26.56,0.0,0.00,0.0,0.0,,0.0
176,19,3.00,5,20.65,25.81,25.79,0.0,0.00,0.0,0.0,,0.0
176,20,3.00,5,20.12,25.37,25.34,0.0,0.00,0.0,0.0,,0.0
176,21,3.00,5,19.73,25.01,24.98,0.0,0.00,0.0,0.0,,0.0
176,22,3.00,5,19.88,24.71,24.68,0.0,0.00,0.0,0.0,,0.0
176,23,3.00,5,19.39,24.40,24.37,0.0,0.00,0.0,0.0,,0.0
176,24,3.00,5,19.19,24.12,24.09,0.0,0.00,0.0,0.0,,0.0
176,1,4.00,5,19.00,23.85,23.82,0.0,0.00,0.0,0.0,,0.0
176,2,4.00,5,18.64,23.58,23.55,0.0,0.00,0.0,0.0,,0.0
176,3,4.00,5,18.43,23.32,23.30,0.0,0.00,0.0,0.0,,0.0
176,4,4.00,5,18.28,23.08,23.05,0.0,0.00,0.0,0.0,,0.0
176,5,4.00,5,18.14,22.85,22.82,0.0,0.00,0.0,0.0,,0.0
176,6,4.00,5,17.91,22.62,22.59,0.0,0.00,0.0,0.0,,0.0
176,7,4.00,5,17.68,22.40,22.37,0.0,0.00,0.0,0.0,,0.0
176,8,4.00,5,17.60,22.90,22.87,0.0,0.00,0.0,0.0,,0.0
176,9,4.00,5,18.72,23.16,23.13,0.0,0.00,0.0,0.0,,0.0
176,10,4.00,5,20.52,23.50,23.47,0.0,0.00,0.0,-0.0,,0.0
176,11,4.00,5,21.70,23.94,23.91,0.0,0.00,0.0,0.0,,0.0
176,12,4.00,5,22.12,24.43,24.41,0.0,0.00,0.0,0.0,,0.0
176,13,4.00,5,22.55,24.99,24.96,0.0,0.00,0.0,0.0,,0.0
176,14,4.00,5,22.53,25.53,25.50,0.0,0.00,0.0,0.0,,0.0
176,15,4.00,5,22.48,26.03,26.00,0.0,0.00,0.0,0.0,,0.0
176,16,4.00,5,22.29,26.44,26.42,0.0,0.00,0.0,0.0,,0.0
176,17,4.00,5,21.99,26.73,26.70,0.0,0.00,0.0,0.0,,0.0
176,18,4.00,5,21.31,26.78,26.76,0.0,0.00,0.0,0.0,,0.0
176,19,4.00,5,20.36,25.99,25.96,0.0,0.00,0.0,0.0,,0.0
176,20,4.00,5,19.87,25.53,25.50,0.0,0.00,0.0,0.0,,0.0
176,21,4.00,5,19.49,25.15,25.13,0.0,0.00,0.0,0.0,,0.0
176,22,4.00,5,19.36,24.82,24.79,0.0,0.00,0.0,0.0,,0.0
176,23,4.00,5,19.26,24.51,24.48,0.0,0.00,0.0,0.0,,0.0
176,24,4.00,5,19.00,24.21,24.19,0.0,0.00,0.0,0.0,,0.0
176,1,5.00,5,18.67,23.92,23.90,0.0,0.00,0.0,0.0,,0.0
176,2,5.00,5,18.27,23.64,23.61,0.0,0.00,0.0,0.0,,0.0
176,3,5.00,5,18.11,23.37,23.34,0.0,0.00,0.0,0.0,,0.0
176,4,5.00,5,18.08,23.12,23.09,0.0,0.00,0.0,0.0,,0.0
176,5,5.00,5,18.05,22.89,22.86,0.0,0.00,0.0,0.0,,0.0
176,6,5.00,5,17.90,22.66,22.63,0.0,0.00,0.0,0.0,,0.0
176,7,5.00,5,17.86,22.45,22.42,0.0,0.00,0.0,0.0,,0.0
176,8,5.00,5,17.95,22.74,22.71,0.0,0.00,0.0,0.0,,0.0
176,9,5.00,5,18.74,22.95,22.92,0.0,0.00,0.0,0.0,,0.0
176,10,5.00,5,20.31,23.30,23.27,0.0,0.00,0.0,0.0,,0.0
176,11,5.00,5,21.24,23.73,23.70,0.0,0.00,0.0,0.0,,0.0
176,12,5.00,5,21.53,24.18,24.16,0.0,0.00,0.0,0.0,,0.0
176,13,5.00,5,21.82,24.69,24.66,0.0,0.00,0.0,0.0,,0.0
176,14,5.00,5,21.75,25.16,25.14,0.0,0.00,0.0,0.0,,0.0
176,15,5.00,5,21.67,25.59,25.57,0.0,0.00,0.0,0.0,,0.0
176,16,5.00,5,21.54,25.94,25.92,0.0,0.00,0.0,0.0,,0.0
176,17,5.00,5,21.24,26.16,26.10,-89.95,0.00,0.0,0.0,,-89.95
176,18,5.00,5,20.52,26.13,26.10,0.0,0.00,0.0,0.0,,0.0
176,19,5.00,5,19.54,25.55,25.52,0.0,0.00,0.0,0.0,,0.0
176,20,5.00,5,19.05,25.13,25.10,0.0,0.00,0.0,0.0,,0.0
176,21,5.00,5,18.87,24.76,24.74,0.0,0.00,0.0,0.0,,0.0
176,22,5.00,5,18.48,24.42,24.39,0.0,0.00,0.0,0.0,,0.0
176,23,5.00,5,18.32,24.09,24.07,0.0,0.00,0.0,0.0,,0.0
176,24,5.00,5,18.12,23.79,23.76,0.0,0.00,0.0,0.0,,0.0
176,1,6.00,5,17.96,23.50,23.47,0.0,0.00,0.0,0.0,,0.0
176,2,6.00,5,18.02,23.24,23.21,0.0,0.00,0.0,0.0,,0.0
176,3,6.00,5,18.04,22.99,22.97,0.0,0.00,0.0,0.0,,0.0
176,4,6.00,5,18.01,22.76,22.74,0.0,0.00,0.0,0.0,,0.0
176,5,6.00,5,17.88,22.54,22.52,0.0,0.00,0.0,0.0,,0.0
176,6,6.00,5,17.46,22.31,22.29,0.0,0.00,0.0,0.0,,0.0
176,7,6.00,5,17.40,22.10,22.08,0.0,0.00,0.0,0.0,,0.0
176,8,6.00,5,17.72,22.41,22.39,0.0,0.00,0.0,0.0,,0.0
176,9,6.00,5,18.82,22.66,22.64,0.0,0.00,0.0,0.0,,0.0
176,10,6.00,5,20.54,23.05,23.03,0.0,0.00,0.0,0.0,,0.0
176,11,6.00,5,21.49,23.51,23.49,0.0,0.00,0.0,0.0,,0.0
176,12,6.00,5,21.99,24.01,23.99,0.0,0.00,0.0,0.0,,0.0
176,13,6.00,5,22.46,24.57,24.54,0.0,0.00,0.0,0.0,,0.0
176,14,6.00,5,22.08,25.05,25.03,0.0,0.00,0.0,0.0,,0.0
176,15,6.00,5,21.78,25.48,25.46,0.0,0.00,0.0,0.0,,0.0
176,16,6.00,5,21.51,25.82,25.80,0.0,0.00,0.0,0.0,,0.0
176,17,6.00,5,20.94,26.02,25.99,0.0,0.00,0.0,0.0,,0.0
176,18,6.00,5,19.98,25.96,25.93,0.0,0.00,0.0,0.0,,0.0
176,19,6.00,5,18.80,25.36,25.33,0.0,0.00,0.0,0.0,,0.0
176,20,6.00,5,18.15,24.91,24.88,0.0,0.00,0.0,0.0,,0.0
176,21,6.00,5,17.68,24.50,24.47,0.0,0.00,0.0,0.0,,0.0
176,22,6.00,5,17.16,24.11,24.08,0.0,0.00,0.0,0.0,,0.0
176,23,6.00,5,16.81,23.73,23.71,0.0,0.00,0.0,0.0,,0.0
176,24,6.00,5,16.51,23.38,23.36,0.0,0.00,0.0,0.0,,0.0
176,1,7.00,5,16.09,23.03,23.01,0.0,0.00,0.0,0.0,,0.0
176,2,7.00,5,15.59,22.69,22.67,0.0,0.00,0.0,0.0,,0.0
176,3,7.00,5,15.43,22.37,22.35,0.0,0.00,0.0,0.0,,0.0
176,4,7.00,5,15.27,22.06,22.04,0.0,0.00,0.0,0.0,,0.0
176,5,7.00,5,15.05,21.77,21.75,0.0,0.00,0.0,0.0,,0.0
176,6,7.00,5,14.62,21.47,21.45,0.0,0.00,0.0,0.0,,0.0
176,7,7.00,5,14.02,21.16,21.14,0.0,0.00,0.0,0.0,,0.0
176,8,7.00,5,13.62,21.22,21.20,0.0,0.00,0.0,0.0,,0.0
176,9,7.00,5,15.27,21.39,21.37,0.0,0.00,0.0,0.0,,0.0
176,10,7.00,5,17.45,21.75,21.73,0.0,0.00,0.0,0.0,,0.0
176,11,7.00,5,19.36,22.25,22.23,0.0,0.00,0.0,0.0,,0.0
176,12,7.00,5,20.82,22.84,22.82,0.0,0.00,0.0,0.0,,0.0
176,13,7.00,5,21.97,23.50,23.48,0.0,0.00,0.0,0.0,,0.0
176,14,7.00,5,21.68,24.05,24.03,0.0,0.00,0.0,0.0,,0.0
176,15,7.00,5,21.33,24.52,24.50,0.0,0.00,0.0,0.0,,0.0
176,16,7.00,5,20.98,24.90,24.88,0.0,0.00,0.0,0.0,,0.0
176,17,7.00,5,20.36,25.12,25.10,0.0,0.00,0.0,0.0,,0.0
176,18,7.00,5,19.46,25.10,25.08,0.0,0.00,0.0,0.0,,0.0
176,19,7.00,5,18.36,24.52,24.50,0.0,0.00,0.0,0.0,,0.0
176,20,7.00,5,17.67,24.09,24.07,0.0,0.00,0.0,0.0,,0.0
176,21,7.00,5,17.30,23.72,23.69,0.0,0.00,0.0,0.0,,0.0
176,22,7.00,5,16.91,23.36,23.34,0.0,0.00,0.0,0.0,,0.0
176,23,7.00,5,16.41,23.01,22.99,0.0,0.00,0.0,0.0,,0.0
176,24,7.00,5,16.16,22.68,22.66,0.0,0.00,0.0,0.0,,0.0
176,1,1.00,5,15.84,22.36,22.34,0.0,0.00,0.0,0.0,,0.0
176,2,1.00,5,15.40,22.05,22.03,0.0,0.00,0.0,0.0,,0.0
176,3,1.00,5,15.16,21.75,21.73,0.0,0.00,0.0,0.0,,0.0
176,4,1.00,5,15.02,21.47,21.44,0.0,0.00,0.0,0.0,,0.0
176,5,1.00,5,14.73,21.19,21.17,0.0,0.00,0.0,0.0,,0.0
176,6,1.00,5,14.22,20.90,20.88,0.0,0.00,0.0,0.0,,0.0
176,7,1.00,5,13.54,20.60,20.58,0.0,0.00,0.0,0.0,,0.0
176,8,1.00,5,13.28,20.69,21.10,1115.85,0.00,0.0,0.0,,1115.85
176,9,1.00,5,14.96,20.87,21.10,316.51,0.00,0.0,0.0,,316.51
176,10,1.00,5,17.07,21.24,21.32,0.0,0.00,0.0,0.0,,0.0
176,11,1.00,5,18.65,21.71,21.76,0.0,0.00,0.0,0.0,,0.0
176,12,1.00,5,19.86,22.28,22.31,0.0,0.00,0.0,0.0,,0.0
176,13,1.00,5,20.79,22.90,22.93,0.0,0.00,0.0,0.0,,0.0
176,14,1.00,5,21.48,23.52,23.54,0.0,0.00,0.0,0.0,,0.0
176,15,1.00,5,22.31,24.14,24.16,0.0,0.00,0.0,0.0,,0.0
176,16,1.00,5,22.17,24.61,24.64,0.0,0.00,0.0,0.0,,0.0
176,17,1.00,5,21.71,24.93,24.95,0.0,0.00,0.0,0.0,,0.0
176,18,1.00,5,20.99,24.99,25.01,0.0,0.00,0.0,0.0,,0.0
176,19,1.00,5,20.07,24.44,24.45,0.0,0.00,0.0,0.0,,0.0
176,20,1.00,5,19.62,24.08,24.10,0.0,0.00,0.0,0.0,,0.0
176,21,1.00,5,19.41,23.79,23.80,0.0,0.00,0.0,0.0,,0.0
176,22,1.00,5,19.42,23.53,23.54,0.0,0.00,0.0,0.0,,0.0
176,23,1.00,5,19.08,23.28,23.29,0.0,0.00,0.0,0.0,,0.0
176,24,1.00,5,18.95,23.04,23.05,0.0,0.00,0.0,0.0,,0.0
176,1,2.00,5,18.69,22.81,22.82,0.0,0.00,0.0,0.0,,0.0
176,2,2.00,5,18.49,22.59,22.60,0.0,0.00,0.0,0.0,,0.0
176,3,2.00,5,18.26,22.38,22.38,0.0,0.00,0.0,0.0,,0.0
176,4,2.00,5,18.26,22.18,22.19,0.0,0.00,0.0,0.0,,0.0
176,5,2.00,5,18.40,22.01,22.01,0.0,0.00,0.0,0.0,,0.0
176,6,2.00,5,18.22,21.84,21.84,0.0,0.00,0.0,0.0,,0.0
176,7,2.00,5,17.87,21.66,21.66,0.0,0.00,0.0,0.0,,0.0
176,8,2.00,5,17.74,21.99,21.99,0.0,0.00,0.0,0.0,,0.0
176,9,2.00,5,18.70,22.25,22.24,0.0,0.00,0.0,-130.49,,-130.49
176,10,2.00,5,20.34,22.64,22.64,0.0,0.00,0.0,0.0,,0.0
176,11,2.00,5,21.03,23.08,23.07,0.0,0.00,0.0,0.0,,0.0
176,12,2.00,5,21.43,23.56,23.56,0.0,0.00,0.0,0.0,,0.0
176,13,2.00,5,21.77,24.10,24.09,0.0,0.00,0.0,0.0,,0.0
176,14,2.00,5,21.92,24.62,24.61,0.0,0.00,0.0,0.0,,0.0
176,15,2.00,5,22.13,25.11,25.11,0.0,0.00,0.0,0.0,,0.0
176,16,2.00,5,21.73,25.48,25.48,0.0,0.00,0.0,0.0,,0.0
176,17,2.00,5,21.25,25.71,25.70,0.0,0.00,0.0,0.0,,0.0
176,18,2.00,5,20.47,25.70,25.69,0.0,0.00,0.0,0.0,,0.0
176,19,2.00,5,19.34,25.10,25.10,0.0,0.00,0.0,0.0,,0.0
176,20,2.00,5,18.66,24.68,24.67,0.0,0.00,0.0,0.0,,0.0
176,21,2.00,5,18.46,24.31,24.30,0.0,0.00,0.0,0.0,,0.0
176,22,2.00,5,17.80,23.94,23.93,0.0,0.00,0.0,0.0,,0.0
176,23,2.00,5,17.72,23.62,23.61,0.0,0.00,0.0,0.0,,0.0
176,24,2.00,5,17.35,23.29,23.28,0.0,0.00,0.0,0.0,,0.0
176,1,3.00,5,17.05,22.99,22.98,0.0,0.00,0.0,0.0,,0.0
176,2,3.00,5,17.04,22.71,22.70,0.0,0.00,0.0,0.0,,0.0
176,3,3.00,5,16.86,22.43,22.42,0.0,0.00,0.0,0.0,,0.0
176,4,3.00,5,16.46,22.16,22.15,0.0,0.00,0.0,0.0,,0.0
176,5,3.00,5,16.04,21.89,21.88,0.0,0.00,0.0,0.0,,0.0
176,6,3.00,5,15.65,21.62,21.61,0.0,0.00,0.0,0.0,,0.0
176,7,3.00,5,16.40,21.42,21.40,0.0,0.00,0.0,0.0,,0.0
176,8,3.00,5,16.59,21.93,21.92,0.0,0.00,0.0,0.0,,0.0
176,9,3.00,5,17.08,22.17,22.16,0.0,0.00,0.0,0.0,,0.0
176,10,3.00,5,19.12,22.51,22.50,0.0,0.00,0.0,-0.0,,0.0
176,11,3.00,5,20.66,22.97,22.95,0.0,0.00,0.0,0.0,,0.0
176,12,3.00,5,21.04,23.47,23.46,0.0,0.00,0.0,0.0,,0.0
176,13,3.00,5,21.52,24.04,24.03,0.0,0.00,0.0,0.0,,0.0
176,14,3.00,5,21.87,24.61,24.60,0.0,0.00,0.0,0.0,,0.0
176,15,3.00,5,22.26,25.16,25.15,0.0,0.00,0.0,0.0,,0.0
176,16,3.00,5,21.90,25.60,25.59,0.0,0.00,0.0,0.0,,0.0
176,17,3.00,5,21.19,25.89,25.88,0.0,0.00,0.0,0.0,,0.0
176,18,3.00,5,20.40,25.94,25.93,0.0,0.00,0.0,0.0,,0.0
176,19,3.00,5,19.50,25.16,25.15,0.0,0.00,0.0,0.0,,0.0
176,20,3.00,5,18.94,24.70,24.69,0.0,0.00,0.0,0.0,,0.0
176,21,3.00,5,19.13,24.36,24.35,0.0,0.00,0.0,0.0,,0.0
176,22,3.00,5,18.67,24.03,24.02,0.0,0.00,0.0,0.0,,0.0
176,23,3.00,5,18.49,23.73,23.71,0.0,0.00,0.0,0.0,,0.0
176,24,3.00,5,18.21,23.44,23.42,0.0,0.00,0.0,0.0,,0.0
176,1,4.00,5,18.23,23.17,23.16,0.0,0.00,0.0,0.0,,0.0
176,2,4.00,5,18.28,22.93,22.92,0.0,0.00,0.0,0.0,,0.0
176,3,4.00,5,16.87,22.63,22.61,0.0,0.00,0.0,0.0,,0.0
176,4,4.00,5,16.72,22.35,22.34,0.0,0.00,0.0,0.0,,0.0
176,5,4.00,5,16.71,22.10,22.09,0.0,0.00,0.0,0.0,,0.0
176,6,4.00,5,16.02,21.83,21.81,0.0,0.00,0.0,0.0,,0.0
176,7,4.00,5,16.91,21.63,21.62,0.0,0.00,0.0,0.0,,0.0
176,8,4.00,5,17.47,22.18,22.16,0.0,0.00,0.0,0.0,,0.0
176,9,4.00,5,18.21,22.45,22.44,0.0,0.00,0.0,-0.0,,0.0
176,10,4.00,5,20.38,22.83,22.82,0.0,0.00,0.0,-0.0,,0.0
176,11,4.00,5,22.26,23.34,23.32,0.0,0.00,0.0,-0.0,,0.0
176,12,4.00,5,22.52,23.88,23.87,0.0,0.00,0.0,-0.0,,0.0
176,13,4.00,5,23.52,24.51,24.50,0.0,0.00,0.0,0.0,,0.0
176,14,4.00,5,23.17,25.09,25.08,0.0,0.00,0.0,0.0,,0.0
176,15,4.00,5,23.05,25.63,25.62,0.0,0.00,0.0,0.0,,0.0
176,16,4.00,5,22.96,26.09,26.08,0.0,0.00,0.0,0.0,,0.0
176,17,4.00,5,22.54,26.41,26.39,0.0,0.00,0.0,0.0,,0.0
176,18,4.00,5,21.93,26.50,26.48,0.0,0.00,0.0,0.0,,0.0
176,19,4.00,5,20.96,25.74,25.72,0.0,0.00,0.0,0.0,,0.0
176,20,4.00,5,20.33,25.30,25.28,0.0,0.00,0.0,0.0,,0.0
176,21,4.00,5,20.13,24.95,24.94,0.0,0.00,0.0,0.0,,0.0
176,22,4.00,5,19.53,24.62,24.60,0.0,0.00,0.0,0.0,,0.0
176,23,4.00,5,19.54,24.32,24.31,0.0,0.00,0.0,0.0,,0.0
176,24,4.00,5,19.10,24.03,24.01,0.0,0.00,0.0,0.0,,0.0
176,1,5.00,5,19.12,23.76,23.75,0.0,0.00,0.0,0.0,,0.0
176,2,5.00,5,19.41,23.54,23.52,0.0,0.00,0.0,0.0,,0.0
176,3,5.00,5,19.32,23.32,23.30,0.0,0.00,0.0,0.0,,0.0
176,4,5.00,5,19.36,23.12,23.10,0.0,0.00,0.0,0.0,,0.0
176,5,5.00,5,19.28,22.93,22.91,0.0,0.00,0.0,-0.0,,0.0
176,6,5.00,5,18.91,22.72,22.71,0.0,0.00,0.0,-0.0,,0.0
176,7,5.00,5,18.41,22.51,22.50,0.0,0.00,0.0,-0.0,,0.0
176,8,5.00,5,18.23,22.80,22.79,0.0,0.00,0.0,-19.21,,-19.21
176,9,5.00,5,18.64,22.97,22.96,0.0,0.00,0.0,-156.18,,-156.18
176,10,5.00,5,19.66,23.25,23.24,0.0,0.00,0.0,0.0,,0.0
176,11,5.00,5,21.12,23.69,23.68,0.0,0.00,0.0,0.0,,0.0
176,12,5.00,5,21.21,24.12,24.11,0.0,0.00,0.0,0.0,,0.0
176,13,5.00,5,21.43,24.60,24.58,0.0,0.00,0.0,0.0,,0.0
176,14,5.00,5,21.36,25.05,25.04,0.0,0.00,0.0,0.0,,0.0
176,15,5.00,5,21.33,25.47,25.46,0.0,0.00,0.0,0.0,,0.0
176,16,5.00,5,21.07,25.79,25.78,0.0,0.00,0.0,0.0,,0.0
176,17,5.00,5,20.54,25.97,25.96,0.0,0.00,0.0,0.0,,0.0
176,18,5.00,5,19.89,25.92,25.91,0.0,0.00,0.0,0.0,,0.0
176,19,5.00,5,19.15,25.35,25.34,0.0,0.00,0.0,0.0,,0.0
176,20,5.00,5,18.60,24.92,24.91,0.0,0.00,0.0,0.0,,0.0
176,21,5.00,5,18.49,24.55,24.53,0.0,0.00,0.0,0.0,,0.0
176,22,5.00,5,18.43,24.21,24.20,0.0,0.00,0.0,0.0,,0.0
176,23,5.00,5,18.20,23.89,23.87,0.0,0.00,0.0,0.0,,0.0
176,24,5.00,5,17.57,23.56,23.54,0.0,0.00,0.0,0.0,,0.0
176,1,6.00,5,17.15,23.24,23.22,0.0,0.00,0.0,0.0,,0.0
176,2,6.00,5,16.99,22.94,22.93,0.0,0.00,0.0,0.0,,0.0
176,3,6.00,5,16.95,22.66,22.65,0.0,0.00,0.0,0.0,,0.0
176,4,6.00,5,16.97,22.41,22.39,0.0,0.00,0.0,0.0,,0.0
176,5,6.00,5,16.79,22.16,22.14,0.0,0.00,0.0,0.0,,0.0
176,6,6.00,5,16.66,21.92,21.90,0.0,0.00,0.0,0.0,,0.0
176,7,6.00,5,16.29,21.68,21.66,0.0,0.00,0.0,0.0,,0.0
176,8,6.00,5,16.20,21.89,21.88,0.0,0.00,0.0,0.0,,0.0
176,9,6.00,5,17.36,22.10,22.08,0.0,0.00,0.0,0.0,,0.0
176,10,6.00,5,19.67,22.51,22.50,0.0,0.00,0.0,0.0,,0.0
176,11,6.00,5,21.66,23.06,23.05,0.0,0.00,0.0,0.0,,0.0
176,12,6.00,5,22.33,23.63,23.61,0.0,0.00,0.0,0.0,,0.0
176,13,6.00,5,22.90,24.23,24.22,0.0,0.00,0.0,0.0,,0.0
176,14,6.00,5,22.69,24.77,24.75,0.0,0.00,0.0,0.0,,0.0
176,15,6.00,5,22.40,25.24,25.23,0.0,0.00,0.0,0.0,,0.0
176,16,6.00,5,22.05,25.62,25.60,0.0,0.00,0.0,0.0,,0.0
176,17,6.00,5,21.47,25.84,25.83,0.0,0.00,0.0,0.0,,0.0
176,18,6.00,5,20.63,25.82,25.81,0.0,0.00,0.0,0.0,,0.0
176,19,6.00,5,19.80,25.25,25.23,0.0,0.00,0.0,0.0,,0.0
176,20,6.00,5,19.02,24.82,24.81,0.0,0.00,0.0,0.0,,0.0
176,21,6.00,5,18.69,24.45,24.44,0.0,0.00,0.0,0.0,,0.0
176,22,6.00,5,18.33,24.11,24.09,0.0,0.00,0.0,0.0,,0.0
176,23,6.00,5,18.22,23.79,23.78,0.0,0.00,0.0,0.0,,0.0
176,24,6.00,5,17.86,23.48,23.46,0.0,0.00,0.0,0.0,,0.0
176,1,7.00,5,17.43,23.17,23.16,0.0,0.00,0.0,0.0,,0.0
176,2,7.00,5,17.00,22.87,22.86,0.0,0.00,0.0,0.0,,0.0
176,3,7.00,5,16.48,22.57,22.55,0.0,0.00,0.0,0.0,,0.0
176,4,7.00,5,16.16,22.27,22.26,0.0,0.00,0.0,0.0,,0.0
176,5,7.00,5,15.87,21.99,21.97,0.0,0.00,0.0,0.0,,0.0
176,6,7.00,5,15.54,21.71,21.69,0.0,0.00,0.0,0.0,,0.0
176,7,7.00,5,15.78,21.46,21.45,0.0,0.00,0.0,0.0,,0.0
176,8,7.00,5,16.23,21.71,21.70,0.0,0.00,0.0,0.0,,0.0
176,9,7.00,5,17.51,21.94,21.93,0.0,0.00,0.0,0.0,,0.0
176,10,7.00,5,18.95,22.29,22.28,0.0,0.00,0.0,0.0,,0.0
176,11,7.00,5,20.15,22.74,22.73,0.0,0.00,0.0,0.0,,0.0
176,12,7.00,5,20.62,23.23,23.21,0.0,0.00,0.0,0.0,,0.0
176,13,7.00,5,20.84,23.74,23.72,0.0,0.00,0.0,0.0,,0.0
176,14,7.00,5,21.19,24.26,24.25,0.0,0.00,0.0,0.0,,0.0
176,15,7.00,5,21.37,24.75,24.73,0.0,0.00,0.0,0.0,,0.0
176,16,7.00,5,21.16,25.12,25.11,0.0,0.00,0.0,0.0,,0.0
176,17,7.00,5,20.84,25.37,25.36,0.0,0.00,0.0,0.0,,0.0
176,18,7.00,5,20.17,25.37,25.36,0.0,0.00,0.0,0.0,,0.0
176,19,7.00,5,19.39,24.81,24.80,0.0,0.00,0.0,0.0,,0.0
176,20,7.00,5,18.90,24.41,24.40,0.0,0.00,0.0,0.0,,0.0
176,21,7.00,5,18.76,24.08,24.06,0.0,0.00,0.0,0.0,,0.0
176,22,7.00,5,18.73,23.77,23.76,0.0,0.00,0.0,0.0,,0.0
176,23,7.00,5,18.62,23.49,23.48,0.0,0.00,0.0,0.0,,0.0
176,24,7.00,5,18.63,23.24,23.22,0.0,0.00,0.0,0.0,,0.0
176,1,1.00,6,18.54,23.00,22.98,0.0,0.00,0.0,0.0,,0.0
176,2,1.00,6,18.50,22.77,22.76,0.0,0.00,0.0,0.0,,0.0
176,3,1.00,6,18.53,22.57,22.55,0.0,0.00,0.0,0.0,,0.0
176,4,1.00,6,18.51,22.37,22.36,0.0,0.00,0.0,0.0,,0.0
176,5,1.00,6,18.46,22.19,22.18,0.0,0.00,0.0,0.0,,0.0
176,6,1.00,6,18.31,22.01,22.00,0.0,0.00,0.0,-0.0,,0.0
176,7,1.00,6,17.89,21.82,21.80,0.0,0.00,0.0,0.0,,0.0
176,8,1.00,6,17.74,22.10,22.09,0.0,0.00,0.0,0.0,,0.0
176,9,1.00,6,18.26,22.26,22.24,0.0,0.00,0.0,0.0,,0.0
176,10,1.00,6,19.14,22.49,22.48,0.0,0.00,0.0,0.0,,0.0
176,11,1.00,6,19.65,22.80,22.79,0.0,0.00,0.0,0.0,,0.0
176,12,1.00,6,19.73,23.20,23.18,0.0,0.00,0.0,0.0,,0.0
176,13,1.00,6,19.51,23.63,23.61,0.0,0.00,0.0,0.0,,0.0
176,14,1.00,6,19.51,24.09,24.08,0.0,0.00,0.0,0.0,,0.0
176,15,1.00,6,19.44,24.53,24.52,0.0,0.00,0.0,0.0,,0.0
176,16,1.00,6,19.21,24.88,24.86,0.0,0.00,0.0,0.0,,0.0
176,17,1.00,6,18.92,25.09,25.08,0.0,0.00,0.0,0.0,,0.0
176,18,1.00,6,18.37,25.05,25.04,0.0,0.00,0.0,0.0,,0.0
176,19,1.00,6,17.73,24.49,24.48,0.0,0.00,0.0,0.0,,0.0
176,20,1.00,6,17.37,24.07,24.05,0.0,0.00,0.0,0.0,,0.0
176,21,1.00,6,17.43,23.70,23.69,0.0,0.00,0.0,0.0,,0.0
176,22,1.00,6,17.42,23.37,23.36,0.0,0.00,0.0,0.0,,0.0
176,23,1.00,6,17.35,23.06,23.05,0.0,0.00,0.0,0.0,,0.0
176,24,1.00,6,17.33,22.78,22.77,0.0,0.00,0.0,0.0,,0.0
176,1,2.00,6,17.36,22.52,22.51,0.0,0.00,0.0,0.0,,0.0
176,2,2.00,6,17.45,22.28,22.27,0.0,0.00,0.0,0.0,,0.0
176,3,2.00,6,17.49,22.07,22.05,0.0,0.00,0.0,0.0,,0.0
176,4,2.00,6,17.57,21.87,21.85,0.0,0.00,0.0,0.0,,0.0
176,5,2.00,6,17.60,21.68,21.67,0.0,0.00,0.0,0.0,,0.0
176,6,2.00,6,17.36,21.49,21.48,0.0,0.00,0.0,0.0,,0.0
176,7,2.00,6,17.11,21.30,21.29,0.0,0.00,0.0,0.0,,0.0
176,8,2.00,6,17.08,21.58,21.57,0.0,0.00,0.0,0.0,,0.0
176,9,2.00,6,17.81,21.76,21.75,0.0,0.00,0.0,-86.76,,-86.76
176,10,2.00,6,19.12,22.05,22.04,0.0,0.00,0.0,0.0,,0.0
176,11,2.00,6,20.07,22.44,22.43,0.0,0.00,0.0,0.0,,0.0
176,12,2.00,6,20.20,22.88,22.87,0.0,0.00,0.0,0.0,,0.0
176,13,2.00,6,20.35,23.39,23.38,0.0,0.00,0.0,0.0,,0.0
176,14,2.00,6,20.56,23.93,23.92,0.0,0.00,0.0,0.0,,0.0
176,15,2.00,6,20.37,24.42,24.41,0.0,0.00,0.0,0.0,,0.0
176,16,2.00,6,20.11,24.81,24.80,0.0,0.00,0.0,0.0,,0.0
176,17,2.00,6,19.72,25.06,25.05,0.0,0.00,0.0,0.0,,0.0
176,18,2.00,6,18.99,25.03,25.02,0.0,0.00,0.0,0.0,,0.0
176,19,2.00,6,18.40,24.48,24.47,0.0,0.00,0.0,0.0,,0.0
176,20,2.00,6,18.14,24.08,24.06,0.0,0.00,0.0,0.0,,0.0
176,21,2.00,6,18.15,23.73,23.72,0.0,0.00,0.0,0.0,,0.0
176,22,2.00,6,17.97,23.41,23.40,0.0,0.00,0.0,0.0,,0.0
176,23,2.00,6,17.94,23.12,23.11,0.0,0.00,0.0,0.0,,0.0
176,24,2.00,6,17.83,22.85,22.84,0.0,0.00,0.0,0.0,,0.0
176,1,3.00,6,17.84,22.60,22.59,0.0,0.00,0.0,0.0,,0.0
176,2,3.00,6,18.18,22.39,22.38,0.0,0.00,0.0,0.0,,0.0
176,3,3.00,6,18.32,22.20,22.19,0.0,0.00,0.0,0.0,,0.0
176,4,3.00,6,18.28,22.02,22.01,0.0,0.00,0.0,0.0,,0.0
176,5,3.00,6,18.25,21.84,21.83,0.0,0.00,0.0,0.0,,0.0
176,6,3.00,6,18.19,21.68,21.67,0.0,0.00,0.0,0.0,,0.0
176,7,3.00,6,17.87,21.51,21.49,0.0,0.00,0.0,0.0,,0.0
176,8,3.00,6,17.79,22.01,22.00,0.0,0.00,0.0,0.0,,0.0
176,9,3.00,6,18.57,22.25,22.24,0.0,0.00,0.0,-0.0,,0.0
176,10,3.00,6,19.55,22.52,22.51,0.0,0.00,0.0,-0.0,,0.0
176,11,3.00,6,20.25,22.87,22.86,0.0,0.00,0.0,-0.0,,0.0
176,12,3.00,6,20.52,23.33,23.32,0.0,0.00,0.0,0.0,,0.0
176,13,3.00,6,20.45,23.85,23.84,0.0,0.00,0.0,0.0,,0.0
176,14,3.00,6,20.39,24.40,24.38,0.0,0.00,0.0,0.0,,0.0
176,15,3.00,6,20.17,24.91,24.90,0.0,0.00,0.0,0.0,,0.0
176,16,3.00,6,19.91,25.33,25.32,0.0,0.00,0.0,0.0,,0.0
176,17,3.00,6,19.52,25.61,25.60,0.0,0.00,0.0,0.0,,0.0
176,18,3.00,6,18.75,25.63,25.62,0.0,0.00,0.0,0.0,,0.0
176,19,3.00,6,17.84,24.80,24.78,0.0,0.00,0.0,0.0,,0.0
176,20,3.00,6,17.44,24.30,24.28,0.0,0.00,0.0,0.0,,0.0
176,21,3.00,6,17.27,23.89,23.88,0.0,0.00,0.0,0.0,,0.0
176,22,3.00,6,16.89,23.51,23.50,0.0,0.00,0.0,0.0,,0.0
176,23,3.00,6,16.83,23.17,23.16,0.0,0.00,0.0,0.0,,0.0
176,24,3.00,6,16.40,22.83,22.82,0.0,0.00,0.0,0.0,,0.0
176,1,4.00,6,16.30,22.52,22.51,0.0,0.00,0.0,0.0,,0.0
176,2,4.00,6,16.23,22.23,22.22,0.0,0.00,0.0,0.0,,0.0
176,3,4.00,6,16.23,21.96,21.95,0.0,0.00,0.0,0.0,,0.0
176,4,4.00,6,16.50,21.73,21.72,0.0,0.00,0.0,0.0,,0.0
176,5,4.00,6,16.69,21.52,21.51,0.0,0.00,0.0,0.0,,0.0
176,6,4.00,6,16.48,21.30,21.29,0.0,0.00,0.0,0.0,,0.0
176,7,4.00,6,16.34,21.10,21.09,0.0,0.00,0.0,0.0,,0.0
176,8,4.00,6,16.60,21.59,21.58,0.0,0.00,0.0,0.0,,0.0
176,9,4.00,6,17.17,21.80,21.79,0.0,0.00,0.0,0.0,,0.0
176,10,4.00,6,18.84,22.08,22.07,0.0,0.00,0.0,-0.0,,0.0
176,11,4.00,6,20.32,22.48,22.47,0.0,0.00,0.0,-0.0,,0.0
176,12,4.00,6,20.62,22.98,22.97,0.0,0.00,0.0,-0.0,,0.0
176,13,4.00,6,20.98,23.55,23.54,0.0,0.00,0.0,0.0,,0.0
176,14,4.00,6,20.87,24.13,24.12,0.0,0.00,0.0,0.0,,0.0
176,15,4.00,6,20.88,24.70,24.69,0.0,0.00,0.0,0.0,,0.0
176,16,4.00,6,20.79,25.17,25.16,0.0,0.00,0.0,0.0,,0.0
176,17,4.00,6,20.45,25.50,25.49,0.0,0.00,0.0,0.0,,0.0
176,18,4.00,6,19.64,25.56,25.55,0.0,0.00,0.0,0.0,,0.0
176,19,4.00,6,18.55,24.75,24.74,0.0,0.00,0.0,0.0,,0.0
176,20,4.00,6,18.15,24.28,24.27,0.0,0.00,0.0,0.0,,0.0
176,21,4.00,6,17.83,23.89,23.88,0.0,0.00,0.0,0.0,,0.0
176,22,4.00,6,17.81,23.56,23.55,0.0,0.00,0.0,0.0,,0.0
176,23,4.00,6,17.46,23.23,23.22,0.0,0.00,0.0,0.0,,0.0
176,24,4.00,6,17.17,22.92,22.91,0.0,0.00,0.0,0.0,,0.0
176,1,5.00,6,16.99,22.63,22.61,0.0,0.00,0.0,0.0,,0.0
176,2,5.00,6,16.86,22.35,22.34,0.0,0.00,0.0,0.0,,0.0
176,3,5.00,6,16.70,22.09,22.08,0.0,0.00,0.0,0.0,,0.0
176,4,5.00,6,16.51,21.83,21.82,0.0,0.00,0.0,0.0,,0.0
176,5,5.00,6,16.37,21.59,21.58,0.0,0.00,0.0,0.0,,0.0
176,6,5.00,6,16.02,21.35,21.34,0.0,0.00,0.0,0.0,,0.0
176,7,5.00,6,15.69,21.11,21.10,0.0,0.00,0.0,0.0,,0.0
176,8,5.00,6,16.01,21.33,21.32,0.0,0.00,0.0,0.0,,0.0
176,9,5.00,6,16.88,21.48,21.47,0.0,0.00,0.0,0.0,,0.0
176,10,5.00,6,18.35,21.76,21.75,0.0,0.00,0.0,0.0,,0.0
176,11,5.00,6,19.52,22.15,22.14,0.0,0.00,0.0,0.0,,0.0
176,12,5.00,6,20.06,22.63,22.62,0.0,0.00,0.0,0.0,,0.0
176,13,5.00,6,20.43,23.18,23.17,0.0,0.00,0.0,0.0,,0.0
176,14,5.00,6,20.72,23.75,23.73,0.0,0.00,0.0,0.0,,0.0
176,15,5.00,6,21.02,24.30,24.29,0.0,0.00,0.0,0.0,,0.0
176,16,5.00,6,20.72,24.73,24.72,0.0,0.00,0.0,0.0,,0.0
176,17,5.00,6,20.17,24.99,24.98,0.0,0.00,0.0,0.0,,0.0
176,18,5.00,6,19.37,24.98,24.97,0.0,0.00,0.0,0.0,,0.0
176,19,5.00,6,18.49,24.41,24.40,0.0,0.00,0.0,0.0,,0.0
176,20,5.00,6,18.07,24.00,23.99,0.0,0.00,0.0,0.0,,0.0
176,21,5.00,6,17.92,23.64,23.63,0.0,0.00,0.0,0.0,,0.0
176,22,5.00,6,17.95,23.33,23.32,0.0,0.00,0.0,0.0,,0.0
176,23,5.00,6,17.72,23.03,23.02,0.0,0.00,0.0,0.0,,0.0
176,24,5.00,6,17.60,22.75,22.74,0.0,0.00,0.0,0.0,,0.0
176,1,6.00,6,17.45,22.48,22.47,0.0,0.00,0.0,0.0,,0.0
176,2,6.00,6,17.40,22.24,22.23,0.0,0.00,0.0,0.0,,0.0
176,3,6.00,6,17.29,22.00,21.99,0.0,0.00,0.0,0.0,,0.0
176,4,6.00,6,17.21,21.78,21.77,0.0,0.00,0.0,0.0,,0.0
176,5,6.00,6,17.21,21.58,21.57,0.0,0.00,0.0,0.0,,0.0
176,6,6.00,6,17.07,21.38,21.37,0.0,0.00,0.0,0.0,,0.0
176,7,6.00,6,16.93,21.19,21.18,0.0,0.00,0.0,0.0,,0.0
176,8,6.00,6,16.73,21.45,21.44,0.0,0.00,0.0,0.0,,0.0
176,9,6.00,6,17.42,21.61,21.60,0.0,0.00,0.0,0.0,,0.0
176,10,6.00,6,18.27,21.84,21.83,0.0,0.00,0.0,0.0,,0.0
176,11,6.00,6,19.14,22.19,22.18,0.0,0.00,0.0,0.0,,0.0
176,12,6.00,6,19.82,22.65,22.64,0.0,0.00,0.0,0.0,,0.0
176,13,6.00,6,19.93,23.15,23.14,0.0,0.00,0.0,0.0,,0.0
176,14,6.00,6,20.09,23.68,23.67,0.0,0.00,0.0,0.0,,0.0
176,15,6.00,6,20.01,24.17,24.16,0.0,0.00,0.0,0.0,,0.0
176,16,6.00,6,19.66,24.55,24.54,0.0,0.00,0.0,0.0,,0.0
176,17,6.00,6,19.11,24.78,24.77,0.0,0.00,0.0,0.0,,0.0
176,18,6.00,6,18.34,24.73,24.72,0.0,0.00,0.0,0.0,,0.0
176,19,6.00,6,17.67,24.17,24.16,0.0,0.00,0.0,0.0,,0.0
176,20,6.00,6,17.36,23.75,23.74,0.0,0.00,0.0,0.0,,0.0
176,21,6.00,6,17.22,23.39,23.38,0.0,0.00,0.0,0.0,,0.0
176,22,6.00,6,16.95,23.04,23.03,0.0,0.00,0.0,0.0,,0.0
176,23,6.00,6,16.82,22.72,22.71,0.0,0.00,0.0,0.0,,0.0
176,24,6.00,6,16.53,22.41,22.40,0.0,0.00,0.0,0.0,,0.0
176,1,7.00,6,16.49,22.13,22.12,0.0,0.00,0.0,0.0,,0.0
176,2,7.00,6,16.58,21.88,21.87,0.0,0.00,0.0,0.0,,0.0
176,3,7.00,6,16.74,21.65,21.64,0.0,0.00,0.0,0.0,,0.0
176,4,7.00,6,16.56,21.42,21.41,0.0,0.00,0.0,0.0,,0.0
176,5,7.00,6,16.58,21.22,21.21,0.0,0.00,0.0,0.0,,0.0
176,6,7.00,6,16.31,21.01,21.00,0.0,0.00,0.0,0.0,,0.0
176,7,7.00,6,16.11,20.80,20.79,0.0,0.00,0.0,0.0,,0.0
176,8,7.00,6,15.90,21.03,21.02,0.0,0.00,0.0,0.0,,0.0
176,9,7.00,6,16.98,21.21,21.20,0.0,0.00,0.0,0.0,,0.0
176,10,7.00,6,18.33,21.50,21.49,0.0,0.00,0.0,0.0,,0.0
176,11,7.00,6,19.57,21.91,21.90,0.0,0.00,0.0,0.0,,0.0
176,12,7.00,6,20.43,22.44,22.43,0.0,0.00,0.0,0.0,,0.0
176,13,7.00,6,20.72,23.00,22.99,0.0,0.00,0.0,0.0,,0.0
176,14,7.00,6,21.02,23.59,23.58,0.0,0.00,0.0,0.0,,0.0
176,15,7.00,6,21.21,24.16,24.15,0.0,0.00,0.0,0.0,,0.0
176,16,7.00,6,20.68,24.58,24.57,0.0,0.00,0.0,0.0,,0.0
176,17,7.00,6,19.88,24.82,24.81,0.0,0.00,0.0,0.0,,0.0
176,18,7.00,6,18.81,24.77,24.76,0.0,0.00,0.0,0.0,,0.0
176,19,7.00,6,17.76,24.18,24.17,0.0,0.00,0.0,0.0,,0.0
176,20,7.00,6,17.11,23.74,23.73,0.0,0.00,0.0,0.0,,0.0
176,21,7.00,6,16.61,23.34,23.33,0.0,0.00,0.0,0.0,,0.0
176,22,7.00,6,16.10,22.95,22.94,0.0,0.00,0.0,0.0,,0.0
176,23,7.00,6,15.41,22.56,22.55,0.0,0.00,0.0,0.0,,0.0
176,24,7.00,6,14.93,22.19,22.18,0.0,0.00,0.0,0.0,,0.0
176,1,1.00,6,14.44,21.83,21.82,0.0,0.00,0.0,0.0,,0.0
176,2,1.00,6,13.94,21.47,21.46,0.0,0.00,0.0,0.0,,0.0
176,3,1.00,6,13.62,21.13,21.12,0.0,0.00,0.0,0.0,,0.0
176,4,1.00,6,13.36,20.80,20.79,0.0,0.00,0.0,0.0,,0.0
176,5,1.00,6,13.06,20.48,20.47,0.0,0.00,0.0,0.0,,0.0
176,6,1.00,6,12.61,20.16,20.15,0.0,0.00,0.0,0.0,,0.0
176,7,1.00,6,12.29,19.85,19.84,0.0,0.00,0.0,0.0,,0.0
176,8,1.00,6,11.96,19.86,20.99,2909.37,0.00,0.0,0.0,,2909.37
176,9,1.00,6,13.53,19.96,20.99,1797.22,0.00,0.0,0.0,,1797.22
176,10,1.00,6,15.20,20.21,20.99,1086.73,0.00,0.0,0.0,,1086.73
176,11,1.00,6,16.82,20.60,20.99,143.44,0.00,0.0,0.0,,143.44
176,12,1.00,6,18.08,21.13,21.38,0.0,0.00,0.0,0.0,,0.0
176,13,1.00,6,18.85,21.73,21.93,0.0,0.00,0.0,0.0,,0.0
176,14,1.00,6,19.62,22.37,22.56,0.0,0.00,0.0,0.0,,0.0
176,15,1.00,6,20.30,23.00,23.18,0.0,0.00,0.0,0.0,,0.0
176,16,1.00,6,19.95,23.48,23.64,0.0,0.00,0.0,0.0,,0.0
176,17,1.00,6,19.47,23.79,23.95,0.0,0.00,0.0,0.0,,0.0
176,18,1.00,6,18.60,23.81,23.96,0.0,0.00,0.0,0.0,,0.0
176,19,1.00,6,17.51,23.25,23.39,0.0,0.00,0.0,0.0,,0.0
176,20,1.00,6,16.81,22.84,22.98,0.0,0.00,0.0,0.0,,0.0
176,21,1.00,6,16.28,22.47,22.60,0.0,0.00,0.0,0.0,,0.0
176,22,1.00,6,15.99,22.13,22.26,0.0,0.00,0.0,0.0,,0.0
176,23,1.00,6,15.52,21.80,21.92,0.0,0.00,0.0,0.0,,0.0
176,24,1.00,6,15.11,21.48,21.59,0.0,0.00,0.0,0.0,,0.0
176,1,2.00,6,14.46,21.15,21.26,0.0,0.00,0.0,0.0,,0.0
176,2,2.00,6,14.21,20.84,20.94,0.0,0.00,0.0,0.0,,0.0
176,3,2.00,6,13.98,20.55,20.64,0.0,0.00,0.0,0.0,,0.0
176,4,2.00,6,13.70,20.26,20.35,0.0,0.00,0.0,0.0,,0.0
176,5,2.00,6,13.22,19.97,20.06,0.0,0.00,0.0,0.0,,0.0
176,6,2.00,6,12.90,19.69,19.77,0.0,0.00,0.0,0.0,,0.0
176,7,2.00,6,12.50,19.41,19.48,0.0,0.00,0.0,0.0,,0.0
176,8,2.00,6,13.24,19.57,20.99,3428.01,0.00,0.0,0.0,,3428.01
176,9,2.00,6,14.84,19.77,20.99,1952.04,0.00,0.0,0.0,,1952.04
176,10,2.00,6,16.90,20.12,20.99,1006.75,0.00,0.0,0.0,,1006.75
176,11,2.00,6,18.62,20.61,21.03,0.0,0.00,0.0,0.0,,0.0
176,12,2.00,6,19.81,21.21,21.52,0.0,0.00,0.0,0.0,,0.0
176,13,2.00,6,20.67,21.88,22.16,0.0,0.00,0.0,0.0,,0.0
176,14,2.00,6,20.28,22.48,22.74,0.0,0.00,0.0,0.0,,0.0
176,15,2.00,6,19.88,23.01,23.26,0.0,0.00,0.0,0.0,,0.0
176,16,2.00,6,19.43,23.44,23.67,0.0,0.00,0.0,0.0,,0.0
176,17,2.00,6,18.78,23.70,23.92,0.0,0.00,0.0,0.0,,0.0
176,18,2.00,6,17.75,23.67,23.88,0.0,0.00,0.0,0.0,,0.0
176,19,2.00,6,16.54,23.09,23.29,0.0,0.00,0.0,0.0,,0.0
176,20,2.00,6,15.96,22.66,22.85,0.0,0.00,0.0,0.0,,0.0
176,21,2.00,6,15.56,22.27,22.46,0.0,0.00,0.0,0.0,,0.0
176,22,2.00,6,15.50,21.93,22.10,0.0,0.00,0.0,0.0,,0.0
176,23,2.00,6,14.90,21.58,21.74,0.0,0.00,0.0,0.0,,0.0
176,24,2.00,6,14.76,21.26,21.41,0.0,0.00,0.0,0.0,,0.0
176,1,3.00,6,14.23,20.93,21.08,0.0,0.00,0.0,0.0,,0.0
176,2,3.00,6,13.68,20.61,20.75,0.0,0.00,0.0,0.0,,0.0
176,3,3.00,6,13.25,20.29,20.43,0.0,0.00,0.0,0.0,,0.0
176,4,3.00,6,12.97,19.99,20.12,0.0,0.00,0.0,0.0,,0.0
176,5,3.00,6,12.74,19.70,19.82,0.0,0.00,0.0,0.0,,0.0
176,6,3.00,6,12.37,19.41,19.52,0.0,0.00,0.0,0.0,,0.0
176,7,3.00,6,11.85,19.11,19.22,0.0,0.00,0.0,0.0,,0.0
176,8,3.00,6,11.31,19.48,19.59,0.0,0.00,0.0,0.0,,0.0
176,9,3.00,6,12.73,19.63,19.73,0.0,0.00,0.0,0.0,,0.0
176,10,3.00,6,15.12,19.90,19.99,0.0,0.00,0.0,0.0,,0.0
176,11,3.00,6,17.36,20.32,20.41,0.0,0.00,0.0,0.0,,0.0
176,12,3.00,6,18.62,20.87,20.96,0.0,0.00,0.0,-0.0,,0.0
176,13,3.00,6,19.66,21.53,21.61,0.0,0.00,0.0,0.0,,0.0
176,14,3.00,6,19.55,22.17,22.25,0.0,0.00,0.0,0.0,,0.0
176,15,3.00,6,19.40,22.78,22.85,0.0,0.00,0.0,0.0,,0.0
176,16,3.00,6,19.22,23.29,23.36,0.0,0.00,0.0,0.0,,0.0
176,17,3.00,6,18.73,23.65,23.72,0.0,0.00,0.0,0.0,,0.0
176,18,3.00,6,17.77,23.72,23.79,0.0,0.00,0.0,0.0,,0.0
176,19,3.00,6,16.95,22.95,23.01,0.0,0.00,0.0,0.0,,0.0
176,20,3.00,6,16.65,22.52,22.57,0.0,0.00,0.0,0.0,,0.0
176,21,3.00,6,16.75,22.18,22.24,0.0,0.00,0.0,0.0,,0.0
176,22,3.00,6,17.07,21.91,21.97,0.0,0.00,0.0,0.0,,0.0
176,23,3.00,6,16.79,21.64,21.69,0.0,0.00,0.0,0.0,,0.0
176,24,3.00,6,17.18,21.42,21.47,0.0,0.00,0.0,0.0,,0.0
176,1,4.00,6,17.26,21.22,21.27,0.0,0.00,0.0,0.0,,0.0
176,2,4.00,6,17.15,21.03,21.07,0.0,0.00,0.0,0.0,,0.0
176,3,4.00,6,17.16,20.85,20.89,0.0,0.00,0.0,0.0,,0.0
176,4,4.00,6,17.02,20.68,20.72,0.0,0.00,0.0,0.0,,0.0
176,5,4.00,6,16.92,20.51,20.55,0.0,0.00,0.0,0.0,,0.0
176,6,4.00,6,16.64,20.34,20.38,0.0,0.00,0.0,0.0,,0.0
176,7,4.00,6,16.21,20.16,20.20,0.0,0.00,0.0,0.0,,0.0
176,8,4.00,6,16.01,20.66,20.69,0.0,0.00,0.0,0.0,,0.0
176,9,4.00,6,16.67,20.88,20.91,0.0,0.00,0.0,-0.0,,0.0
176,10,4.00,6,17.88,21.15,21.18,0.0,0.00,0.0,-0.0,,0.0
176,11,4.00,6,19.53,21.56,21.59,0.0,0.00,0.0,-0.0,,0.0
176,12,4.00,6,20.24,22.08,22.11,0.0,0.00,0.0,-0.0,,0.0
176,13,4.00,6,20.52,22.67,22.70,0.0,0.00,0.0,0.0,,0.0
176,14,4.00,6,20.65,23.29,23.31,0.0,0.00,0.0,-0.0,,0.0
176,15,4.00,6,20.32,23.85,23.88,0.0,0.00,0.0,0.0,,0.0
176,16,4.00,6,19.86,24.32,24.34,0.0,0.00,0.0,0.0,,0.0
176,17,4.00,6,19.25,24.63,24.65,0.0,0.00,0.0,0.0,,0.0
176,18,4.00,6,18.30,24.66,24.69,0.0,0.00,0.0,0.0,,0.0
176,19,4.00,6,17.14,23.84,23.86,0.0,0.00,0.0,0.0,,0.0
176,20,4.00,6,16.81,23.35,23.37,0.0,0.00,0.0,0.0,,0.0
176,21,4.00,6,16.82,22.97,22.99,0.0,0.00,0.0,0.0,,0.0
176,22,4.00,6,17.16,22.65,22.67,0.0,0.00,0.0,0.0,,0.0
176,23,4.00,6,16.51,22.33,22.34,0.0,0.00,0.0,0.0,,0.0
176,24,4.00,6,16.55,22.03,22.05,0.0,0.00,0.0,0.0,,0.0
176,1,5.00,6,21.20,22.04,22.06,0.0,0.00,0.0,0.0,,0.0
176,2,5.00,6,21.22,21.98,22.00,0.0,0.00,0.0,-0.0,,0.0
176,3,5.00,6,21.26,21.92,21.94,0.0,0.00,0.0,-0.0,,0.0
176,4,5.00,6,21.29,21.87,21.88,0.0,0.00,0.0,-0.0,,0.0
176,5,5.00,6,21.07,21.80,21.81,0.0,0.00,0.0,-0.0,,0.0
176,6,5.00,6,20.82,21.72,21.73,0.0,0.00,0.0,-0.0,,0.0
176,7,5.00,6,20.90,21.66,21.67,0.0,0.00,0.0,-0.0,,0.0
176,8,5.00,6,20.59,22.16,22.17,0.0,0.00,0.0,-677.27,,-677.27
176,9,5.00,6,21.05,22.44,22.45,0.0,0.00,0.0,-756.15,,-756.15
176,10,5.00,6,21.47,22.73,22.74,0.0,0.00,0.0,-424.42,,-424.42
176,11,5.00,6,22.58,23.17,23.18,0.0,0.00,0.0,-605.53,,-605.53
176,12,5.00,6,22.70,23.66,23.67,0.0,0.00,0.0,-647.63,,-647.63
176,13,5.00,6,22.55,24.18,24.19,0.0,0.00,0.0,-477.22,,-477.22
176,14,5.00,6,22.41,24.71,24.72,0.0,0.00,0.0,-62.62,,-62.62
176,15,5.00,6,22.28,25.22,25.23,0.0,0.00,0.0,0.0,,0.0
176,16,5.00,6,21.96,25.62,25.63,0.0,0.00,0.0,0.0,,0.0
176,17,5.00,6,21.54,25.88,25.89,0.0,0.00,0.0,0.0,,0.0
176,18,5.00,6,20.99,25.89,25.90,0.0,0.00,0.0,0.0,,0.0
176,19,5.00,6,20.26,25.30,25.31,0.0,0.00,0.0,0.0,,0.0
176,20,5.00,6,19.88,24.90,24.90,0.0,0.00,0.0,0.0,,0.0
176,21,5.00,6,19.54,24.54,24.54,0.0,0.00,0.0,0.0,,0.0
176,22,5.00,6,19.48,24.22,24.23,0.0,0.00,0.0,0.0,,0.0
176,23,5.00,6,19.56,23.93,23.94,0.0,0.00,0.0,0.0,,0.0
176,24,5.00,6,19.78,23.69,23.69,0.0,0.00,0.0,-0.0,,0.0
176,1,6.00,6,19.96,23.47,23.47,0.0,0.00,0.0,-0.0,,0.0
176,2,6.00,6,20.11,23.27,23.27,0.0,0.00,0.0,-0.0,,0.0
176,3,6.00,6,20.15,23.08,23.09,0.0,0.00,0.0,-0.0,,0.0
176,4,6.00,6,20.31,22.92,22.93,0.0,0.00,0.0,-0.0,,0.0
176,5,6.00,6,19.84,22.74,22.74,0.0,0.00,0.0,0.0,,0.0
176,6,6.00,6,19.52,22.56,22.56,0.0,0.00,0.0,-0.0,,0.0
176,7,6.00,6,19.32,22.38,22.38,0.0,0.00,0.0,-0.0,,0.0
176,8,6.00,6,19.29,22.72,22.72,0.0,0.00,0.0,0.0,,0.0
176,9,6.00,6,19.48,22.87,22.87,0.0,0.00,0.0,0.0,,0.0
176,10,6.00,6,20.46,23.11,23.12,0.0,0.00,0.0,0.0,,0.0
176,11,6.00,6,21.21,23.46,23.46,0.0,0.00,0.0,0.0,,0.0
176,12,6.00,6,21.35,23.88,23.88,0.0,0.00,0.0,0.0,,0.0
176,13,6.00,6,21.25,24.34,24.34,0.0,0.00,0.0,0.0,,0.0
176,14,6.00,6,20.99,24.80,24.80,0.0,0.00,0.0,0.0,,0.0
176,15,6.00,6,20.97,25.25,25.26,0.0,0.00,0.0,0.0,,0.0
176,16,6.00,6,20.93,25.63,25.63,0.0,0.00,0.0,0.0,,0.0
176,17,6.00,6,20.68,25.87,25.87,0.0,0.00,0.0,0.0,,0.0
176,18,6.00,6,20.08,25.84,25.85,0.0,0.00,0.0,0.0,,0.0
176,19,6.00,6,19.51,25.27,25.27,0.0,0.00,0.0,0.0,,0.0
176,20,6.00,6,19.29,24.86,24.86,0.0,0.00,0.0,0.0,,0.0
176,21,6.00,6,19.32,24.51,24.51,0.0,0.00,0.0,0.0,,0.0
176,22,6.00,6,19.49,24.21,24.21,0.0,0.00,0.0,0.0,,0.0
176,23,6.00,6,19.49,23.93,23.93,0.0,0.00,0.0,0.0,,0.0
176,24,6.00,6,19.22,23.65,23.65,0.0,0.00,0.0,0.0,,0.0
176,1,7.00,6,19.37,23.41,23.42,0.0,0.00,0.0,-0.0,,0.0
176,2,7.00,6,19.31,23.19,23.19,0.0,0.00,0.0,-0.0,,0.0
176,3,7.00,6,19.03,22.96,22.96,0.0,0.00,0.0,0.0,,0.0
176,4,7.00,6,18.92,22.75,22.75,0.0,0.00,0.0,0.0,,0.0
176,5,7.00,6,18.50,22.52,22.52,0.0,0.00,0.0,0.0,,0.0
176,6,7.00,6,18.26,22.31,22.31,0.0,0.00,0.0,0.0,,0.0
176,7,7.00,6,18.16,22.10,22.11,0.0,0.00,0.0,0.0,,0.0
176,8,7.00,6,18.32,22.40,22.40,0.0,0.00,0.0,0.0,,0.0
176,9,7.00,6,18.71,22.55,22.55,0.0,0.00,0.0,0.0,,0.0
176,10,7.00,6,19.90,22.80,22.80,0.0,0.00,0.0,0.0,,0.0
176,11,7.00,6,21.08,23.19,23.19,0.0,0.00,0.0,0.0,,0.0
176,12,7.00,6,21.47,23.65,23.65,0.0,0.00,0.0,0.0,,0.0
176,13,7.00,6,21.78,24.18,24.18,0.0,0.00,0.0,0.0,,0.0
176,14,7.00,6,21.94,24.73,24.73,0.0,0.00,0.0,0.0,,0.0
176,15,7.00,6,21.64,25.21,25.21,0.0,0.00,0.0,0.0,,0.0
176,16,7.00,6,21.59,25.62,25.62,0.0,0.00,0.0,0.0,,0.0
176,17,7.00,6,21.11,25.87,25.87,0.0,0.00,0.0,0.0,,0.0
176,18,7.00,6,20.56,25.86,25.87,0.0,0.00,0.0,0.0,,0.0
176,19,7.00,6,20.04,25.30,25.30,0.0,0.00,0.0,0.0,,0.0
176,20,7.00,6,19.73,24.90,24.90,0.0,0.00,0.0,0.0,,0.0
176,21,7.00,6,19.67,24.56,24.56,0.0,0.00,0.0,0.0,,0.0
176,22,7.00,6,19.66,24.25,24.25,0.0,0.00,0.0,0.0,,0.0
176,23,7.00,6,19.53,23.97,23.97,0.0,0.00,0.0,0.0,,0.0
176,24,7.00,6,19.32,23.70,23.70,0.0,0.00,0.0,0.0,,0.0
176,1,1.00,6,19.31,23.45,23.45,0.0,0.00,0.0,-0.0,,0.0
176,2,1.00,6,19.17,23.21,23.21,0.0,0.00,0.0,-0.0,,0.0
176,3,1.00,6,18.85,22.97,22.97,0.0,0.00,0.0,0.0,,0.0
176,4,1.00,6,18.77,22.75,22.75,0.0,0.00,0.0,0.0,,0.0
176,5,1.00,6,18.45,22.53,22.53,0.0,0.00,0.0,0.0,,0.0
176,6,1.00,6,18.33,22.32,22.32,0.0,0.00,0.0,0.0,,0.0
176,7,1.00,6,18.12,22.12,22.12,0.0,0.00,0.0,0.0,,0.0
176,8,1.00,6,18.07,22.39,22.39,0.0,0.00,0.0,0.0,,0.0
176,9,1.00,6,18.72,22.55,22.55,0.0,0.00,0.0,0.0,,0.0
176,10,1.00,6,19.88,22.80,22.80,0.0,0.00,0.0,0.0,,0.0
176,11,1.00,6,21.33,23.22,23.22,0.0,0.00,0.0,-67.29,,-67.29
176,12,1.00,6,21.71,23.69,23.69,0.0,0.00,0.0,0.0,,0.0
176,13,1.00,6,21.75,24.20,24.20,0.0,0.00,0.0,0.0,,0.0
176,14,1.00,6,21.86,24.74,24.74,0.0,0.00,0.0,0.0,,0.0
176,15,1.00,6,21.91,25.25,25.25,0.0,0.00,0.0,0.0,,0.0
176,16,1.00,6,21.73,25.66,25.66,0.0,0.00,0.0,0.0,,0.0
176,17,1.00,6,21.44,25.93,25.93,0.0,0.00,0.0,0.0,,0.0
176,18,1.00,6,20.93,25.95,25.95,0.0,0.00,0.0,0.0,,0.0
176,19,1.00,6,20.24,25.37,25.37,0.0,0.00,0.0,0.0,,0.0
176,20,1.00,6,19.87,24.97,24.97,0.0,0.00,0.0,0.0,,0.0
176,21,1.00,6,19.63,24.62,24.62,0.0,0.00,0.0,0.0,,0.0
176,22,1.00,6,19.43,24.30,24.30,0.0,0.00,0.0,0.0,,0.0
176,23,1.00,6,19.29,24.00,24.00,0.0,0.00,0.0,0.0,,0.0
176,24,1.00,6,19.36,23.73,23.73,0.0,0.00,0.0,0.0,,0.0
176,1,2.00,6,19.35,23.49,23.49,0.0,0.00,0.0,0.0,,0.0
176,2,2.00,6,19.25,23.25,23.25,0.0,0.00,0.0,0.0,,0.0
176,3,2.00,6,19.06,23.02,23.02,0.0,0.00,0.0,0.0,,0.0
176,4,2.00,6,18.67,22.79,22.79,0.0,0.00,0.0,0.0,,0.0
176,5,2.00,6,18.52,22.57,22.57,0.0,0.00,0.0,0.0,,0.0
176,6,2.00,6,18.46,22.37,22.37,0.0,0.00,0.0,0.0,,0.0
176,7,2.00,6,18.32,22.17,22.17,0.0,0.00,0.0,0.0,,0.0
176,8,2.00,6,18.34,22.46,22.46,0.0,0.00,0.0,0.0,,0.0
176,9,2.00,6,18.68,22.60,22.60,0.0,0.00,0.0,-75.98,,-75.98
176,10,2.00,6,19.52,22.82,22.82,0.0,0.00,0.0,0.0,,0.0
176,11,2.00,6,20.48,23.16,23.16,0.0,0.00,0.0,0.0,,0.0
176,12,2.00,6,20.67,23.58,23.58,0.0,0.00,0.0,0.0,,0.0
176,13,2.00,6,20.78,24.05,24.05,0.0,0.00,0.0,0.0,,0.0
176,14,2.00,6,20.69,24.53,24.53,0.0,0.00,0.0,0.0,,0.0
176,15,2.00,6,20.68,25.00,25.00,0.0,0.00,0.0,0.0,,0.0
176,16,2.00,6,20.35,25.36,25.35,0.0,0.00,0.0,0.0,,0.0
176,17,2.00,6,19.95,25.57,25.57,0.0,0.00,0.0,0.0,,0.0
176,18,2.00,6,19.30,25.53,25.53,0.0,0.00,0.0,0.0,,0.0
176,19,2.00,6,18.55,24.95,24.95,0.0,0.00,0.0,0.0,,0.0
176,20,2.00,6,18.19,24.52,24.52,0.0,0.00,0.0,0.0,,0.0
176,21,2.00,6,18.04,24.14,24.13,0.0,0.00,0.0,0.0,,0.0
176,22,2.00,6,17.89,23.78,23.78,0.0,0.00,0.0,0.0,,0.0
176,23,2.00,6,17.61,23.45,23.45,0.0,0.00,0.0,0.0,,0.0
176,24,2.00,6,17.33,23.13,23.13,0.0,0.00,0.0,0.0,,0.0
176,1,3.00,6,17.13,22.83,22.82,0.0,0.00,0.0,0.0,,0.0
176,2,3.00,6,16.91,22.54,22.53,0.0,0.00,0.0,0.0,,0.0
176,3,3.00,6,16.62,22.25,22.25,0.0,0.00,0.0,0.0,,0.0
176,4,3.00,6,16.40,21.98,21.98,0.0,0.00,0.0,0.0,,0.0
176,5,3.00,6,16.04,21.71,21.71,0.0,0.00,0.0,0.0,,0.0
176,6,3.00,6,15.99,21.46,21.46,0.0,0.00,0.0,0.0,,0.0
176,7,3.00,6,15.82,21.21,21.21,0.0,0.00,0.0,0.0,,0.0
176,8,3.00,6,15.85,21.66,21.66,0.0,0.00,0.0,0.0,,0.0
176,9,3.00,6,16.82,21.85,21.85,0.0,0.00,0.0,0.0,,0.0
176,10,3.00,6,17.66,22.06,22.06,0.0,0.00,0.0,0.0,,0.0
176,11,3.00,6,19.05,22.40,22.40,0.0,0.00,0.0,-0.0,,0.0
176,12,3.00,6,19.83,22.87,22.87,0.0,0.00,0.0,-0.0,,0.0
176,13,3.00,6,20.37,23.43,23.43,0.0,0.00,0.0,0.0,,0.0
176,14,3.00,6,20.58,24.01,24.01,0.0,0.00,0.0,0.0,,0.0
176,15,3.00,6,20.33,24.55,24.55,0.0,0.00,0.0,0.0,,0.0
176,16,3.00,6,19.98,24.99,24.99,0.0,0.00,0.0,0.0,,0.0
176,17,3.00,6,19.50,25.29,25.29,0.0,0.00,0.0,0.0,,0.0
176,18,3.00,6,18.77,25.32,25.32,0.0,0.00,0.0,0.0,,0.0
176,19,3.00,6,17.98,24.50,24.50,0.0,0.00,0.0,0.0,,0.0
176,20,3.00,6,17.40,24.01,24.01,0.0,0.00,0.0,0.0,,0.0
176,21,3.00,6,17.09,23.60,23.60,0.0,0.00,0.0,0.0,,0.0
176,22,3.00,6,16.86,23.24,23.24,0.0,0.00,0.0,0.0,,0.0
176,23,3.00,6,16.57,22.89,22.89,0.0,0.00,0.0,0.0,,0.0
176,24,3.00,6,16.14,22.55,22.55,0.0,0.00,0.0,0.0,,0.0
176,1,4.00,6,15.62,22.21,22.21,0.0,0.00,0.0,0.0,,0.0
176,2,4.00,6,15.19,21.88,21.88,0.0,0.00,0.0,0.0,,0.0
176,3,4.00,6,14.96,21.57,21.57,0.0,0.00,0.0,0.0,,0.0
176,4,4.00,6,15.04,21.29,21.28,0.0,0.00,0.0,0.0,,0.0
176,5,4.00,6,14.78,21.01,21.00,0.0,0.00,0.0,0.0,,0.0
176,6,4.00,6,14.41,20.73,20.72,0.0,0.00,0.0,0.0,,0.0
176,7,4.00,6,13.96,20.44,20.44,0.0,0.00,0.0,0.0,,0.0
176,8,4.00,6,13.59,20.84,20.83,0.0,0.00,0.0,0.0,,0.0
176,9,4.00,6,14.93,21.00,21.00,0.0,0.00,0.0,0.0,,0.0
176,10,4.00,6,16.33,21.22,21.22,0.0,0.00,0.0,0.0,,0.0
176,11,4.00,6,18.67,21.62,21.62,0.0,0.00,0.0,-0.0,,0.0
176,12,4.00,6,20.20,22.17,22.17,0.0,0.00,0.0,-0.0,,0.0
176,13,4.00,6,20.68,22.78,22.78,0.0,0.00,0.0,-0.0,,0.0
176,14,4.00,6,21.42,23.44,23.44,0.0,0.00,0.0,-0.0,,0.0
176,15,4.00,6,21.26,24.06,24.05,0.0,0.00,0.0,-0.0,,0.0
176,16,4.00,6,20.79,24.55,24.55,0.0,0.00,0.0,0.0,,0.0
176,17,4.00,6,20.06,24.89,24.89,0.0,0.00,0.0,0.0,,0.0
176,18,4.00,6,19.15,24.95,24.95,0.0,0.00,0.0,0.0,,0.0
176,19,4.00,6,18.33,24.17,24.17,0.0,0.00,0.0,0.0,,0.0
176,20,4.00,6,17.82,23.71,23.71,0.0,0.00,0.0,0.0,,0.0
176,21,4.00,6,17.59,23.34,23.34,0.0,0.00,0.0,0.0,,0.0
176,22,4.00,6,17.31,23.00,23.00,0.0,0.00,0.0,0.0,,0.0
176,23,4.00,6,16.93,22.67,22.67,0.0,0.00,0.0,0.0,,0.0
176,24,4.00,6,16.61,22.36,22.36,0.0,0.00,0.0,0.0,,0.0
176,1,5.00,6,16.34,22.06,22.06,0.0,0.00,0.0,0.0,,0.0
176,2,5.00,6,16.00,21.77,21.77,0.0,0.00,0.0,0.0,,0.0
176,3,5.00,6,15.74,21.49,21.49,0.0,0.00,0.0,0.0,,0.0
176,4,5.00,6,15.59,21.23,21.23,0.0,0.00,0.0,0.0,,0.0
176,5,5.00,6,15.23,20.96,20.96,0.0,0.00,0.0,0.0,,0.0
176,6,5.00,6,15.00,20.71,20.71,0.0,0.00,0.0,0.0,,0.0
176,7,5.00,6,14.73,20.46,20.45,0.0,0.00,0.0,0.0,,0.0
176,8,5.00,6,14.46,20.60,20.99,1003.13,0.00,0.0,0.0,,1003.13
176,9,5.00,6,15.19,20.70,20.99,463.41,0.00,0.0,0.0,,463.41
176,10,5.00,6,16.39,20.91,21.02,0.0,0.00,0.0,0.0,,0.0
176,11,5.00,6,18.01,21.30,21.37,0.0,0.00,0.0,0.0,,0.0
176,12,5.00,6,19.47,21.85,21.90,0.0,0.00,0.0,0.0,,0.0
176,13,5.00,6,20.68,22.50,22.55,0.0,0.00,0.0,-112.87,,-112.87
176,14,5.00,6,21.36,23.16,23.21,0.0,0.00,0.0,-0.48,,-0.48
176,15,5.00,6,21.40,23.76,23.80,0.0,0.00,0.0,0.0,,0.0
176,16,5.00,6,21.39,24.26,24.30,0.0,0.00,0.0,0.0,,0.0
176,17,5.00,6,20.87,24.58,24.62,0.0,0.00,0.0,0.0,,0.0
176,18,5.00,6,20.25,24.64,24.67,0.0,0.00,0.0,0.0,,0.0
176,19,5.00,6,19.65,24.09,24.12,0.0,0.00,0.0,0.0,,0.0
176,20,5.00,6,19.41,23.74,23.77,0.0,0.00,0.0,0.0,,0.0
176,21,5.00,6,19.21,23.43,23.47,0.0,0.00,0.0,0.0,,0.0
176,22,5.00,6,19.06,23.16,23.19,0.0,0.00,0.0,0.0,,0.0
176,23,5.00,6,18.88,22.90,22.93,0.0,0.00,0.0,0.0,,0.0
176,24,5.00,6,18.79,22.67,22.70,0.0,0.00,0.0,-0.0,,0.0
176,1,6.00,6,18.60,22.44,22.47,0.0,0.00,0.0,-0.0,,0.0
176,2,6.00,6,18.35,22.22,22.25,0.0,0.00,0.0,-0.0,,0.0
176,3,6.00,6,18.06,22.00,22.03,0.0,0.00,0.0,0.0,,0.0
176,4,6.00,6,17.91,21.80,21.82,0.0,0.00,0.0,0.0,,0.0
176,5,6.00,6,17.76,21.60,21.62,0.0,0.00,0.0,0.0,,0.0
176,6,6.00,6,17.65,21.41,21.43,0.0,0.00,0.0,0.0,,0.0
176,7,6.00,6,17.35,21.22,21.24,0.0,0.00,0.0,0.0,,0.0
176,8,6.00,6,17.10,21.49,21.51,0.0,0.00,0.0,0.0,,0.0
176,9,6.00,6,17.49,21.63,21.64,0.0,0.00,0.0,0.0,,0.0
176,10,6.00,6,18.69,21.88,21.90,0.0,0.00,0.0,0.0,,0.0
176,11,6.00,6,19.95,22.27,22.29,0.0,0.00,0.0,0.0,,0.0
176,12,6.00,6,20.37,22.74,22.75,0.0,0.00,0.0,0.0,,0.0
176,13,6.00,6,20.25,23.23,23.24,0.0,0.00,0.0,0.0,,0.0
176,14,6.00,6,20.48,23.76,23.77,0.0,0.00,0.0,0.0,,0.0
176,15,6.00,6,20.49,24.26,24.28,0.0,0.00,0.0,0.0,,0.0
176,16,6.00,6,20.51,24.69,24.70,0.0,0.00,0.0,0.0,,0.0
176,17,6.00,6,19.94,24.93,24.95,0.0,0.00,0.0,0.0,,0.0
176,18,6.00,6,19.48,24.94,24.95,0.0,0.00,0.0,0.0,,0.0
176,19,6.00,6,19.04,24.39,24.40,0.0,0.00,0.0,0.0,,0.0
176,20,6.00,6,18.92,24.01,24.02,0.0,0.00,0.0,0.0,,0.0
176,21,6.00,6,19.11,23.70,23.71,0.0,0.00,0.0,0.0,,0.0
176,22,6.00,6,19.28,23.43,23.44,0.0,0.00,0.0,0.0,,0.0
176,23,6.00,6,19.17,23.18,23.19,0.0,0.00,0.0,0.0,,0.0
176,24,6.00,6,19.01,22.94,22.94,0.0,0.00,0.0,0.0,,0.0
176,1,7.00,6,19.05,22.72,22.73,0.0,0.00,0.0,-0.0,,0.0
176,2,7.00,6,19.04,22.52,22.52,0.0,0.00,0.0,-0.0,,0.0
176,3,7.00,6,18.89,22.32,22.33,0.0,0.00,0.0,0.0,,0.0
176,4,7.00,6,18.81,22.14,22.14,0.0,0.00,0.0,0.0,,0.0
176,5,7.00,6,18.59,21.95,21.96,0.0,0.00,0.0,0.0,,0.0
176,6,7.00,6,18.57,21.78,21.79,0.0,0.00,0.0,0.0,,0.0
176,7,7.00,6,18.56,21.62,21.63,0.0,0.00,0.0,0.0,,0.0
176,8,7.00,6,18.67,21.99,22.00,0.0,0.00,0.0,0.0,,0.0
176,9,7.00,6,18.89,22.16,22.16,0.0,0.00,0.0,0.0,,0.0
176,10,7.00,6,19.70,22.41,22.41,0.0,0.00,0.0,0.0,,0.0
176,11,7.00,6,20.86,22.80,22.80,0.0,0.00,0.0,0.0,,0.0
176,12,7.00,6,21.27,23.27,23.28,0.0,0.00,0.0,0.0,,0.0
176,13,7.00,6,20.99,23.75,23.75,0.0,0.00,0.0,0.0,,0.0
176,14,7.00,6,20.97,24.26,24.26,0.0,0.00,0.0,0.0,,0.0
176,15,7.00,6,21.01,24.75,24.75,0.0,0.00,0.0,0.0,,0.0
176,16,7.00,6,20.88,25.15,25.15,0.0,0.00,0.0,0.0,,0.0
176,17,7.00,6,20.33,25.39,25.39,0.0,0.00,0.0,0.0,,0.0
176,18,7.00,6,19.72,25.37,25.37,0.0,0.00,0.0,0.0,,0.0
176,19,7.00,6,19.00,24.79,24.79,0.0,0.00,0.0,0.0,,0.0
176,20,7.00,6,18.59,24.37,24.37,0.0,0.00,0.0,0.0,,0.0
176,21,7.00,6,18.58,24.01,24.02,0.0,0.00,0.0,0.0,,0.0
176,22,7.00,6,18.59,23.70,23.70,0.0,0.00,0.0,0.0,,0.0
176,23,7.00,6,18.57,23.40,23.41,0.0,0.00,0.0,0.0,,0.0
176,24,7.00,6,18.39,23.12,23.13,0.0,0.00,0.0,0.0,,0.0
176,1,1.00,6,18.40,22.87,22.87,0.0,0.00,0.0,0.0,,0.0
176,2,1.00,6,18.29,22.63,22.63,0.0,0.00,0.0,0.0,,0.0
176,3,1.00,6,18.14,22.40,22.40,0.0,0.00,0.0,0.0,,0.0
176,4,1.00,6,18.16,22.19,22.19,0.0,0.00,0.0,0.0,,0.0
176,5,1.00,6,17.88,21.97,21.98,0.0,0.00,0.0,0.0,,0.0
176,6,1.00,6,17.81,21.78,21.78,0.0,0.00,0.0,0.0,,0.0
176,7,1.00,6,17.74,21.59,21.59,0.0,0.00,0.0,0.0,,0.0
176,8,1.00,6,17.69,21.88,21.88,0.0,0.00,0.0,0.0,,0.0
176,9,1.00,6,18.04,22.02,22.02,0.0,0.00,0.0,0.0,,0.0
176,10,1.00,6,18.62,22.22,22.22,0.0,0.00,0.0,0.0,,0.0
176,11,1.00,6,19.82,22.57,22.58,0.0,0.00,0.0,0.0,,0.0
176,12,1.00,6,20.19,23.01,23.01,0.0,0.00,0.0,0.0,,0.0
176,13,1.00,6,20.51,23.52,23.52,0.0,0.00,0.0,0.0,,0.0
176,14,1.00,6,20.49,24.03,24.03,0.0,0.00,0.0,0.0,,0.0
176,15,1.00,6,20.45,24.51,24.51,0.0,0.00,0.0,0.0,,0.0
176,16,1.00,6,20.33,24.90,24.90,0.0,0.00,0.0,0.0,,0.0
176,17,1.00,6,19.93,25.15,25.15,0.0,0.00,0.0,0.0,,0.0
176,18,1.00,6,19.23,25.12,25.12,0.0,0.00,0.0,0.0,,0.0
176,19,1.00,6,18.47,24.54,24.54,0.0,0.00,0.0,0.0,,0.0
176,20,1.00,6,18.12,24.12,24.12,0.0,0.00,0.0,0.0,,0.0
176,21,1.00,6,18.09,23.76,23.77,0.0,0.00,0.0,0.0,,0.0
176,22,1.00,6,18.09,23.44,23.44,0.0,0.00,0.0,0.0,,0.0
176,23,1.00,6,17.96,23.14,23.14,0.0,0.00,0.0,0.0,,0.0
176,24,1.00,6,17.77,22.85,22.85,0.0,0.00,0.0,0.0,,0.0
176,1,2.00,6,17.70,22.58,22.59,0.0,0.00,0.0,0.0,,0.0
176,2,2.00,6,17.52,22.33,22.33,0.0,0.00,0.0,0.0,,0.0
176,3,2.00,6,17.29,22.08,22.08,0.0,0.00,0.0,0.0,,0.0
176,4,2.00,6,17.16,21.85,21.85,0.0,0.00,0.0,0.0,,0.0
176,5,2.00,6,16.97,21.62,21.62,0.0,0.00,0.0,0.0,,0.0
176,6,2.00,6,16.96,21.41,21.41,0.0,0.00,0.0,0.0,,0.0
176,7,2.00,6,16.95,21.21,21.21,0.0,0.00,0.0,0.0,,0.0
176,8,2.00,6,16.88,21.47,21.47,0.0,0.00,0.0,0.0,,0.0
176,9,2.00,6,17.37,21.61,21.61,0.0,0.00,0.0,0.0,,0.0
176,10,2.00,6,18.02,21.81,21.81,0.0,0.00,0.0,0.0,,0.0
176,11,2.00,6,19.22,22.17,22.17,0.0,0.00,0.0,0.0,,0.0
176,12,2.00,6,19.91,22.64,22.64,0.0,0.00,0.0,0.0,,0.0
176,13,2.00,6,20.46,23.19,23.19,0.0,0.00,0.0,0.0,,0.0
176,14,2.00,6,20.49,23.72,23.72,0.0,0.00,0.0,0.0,,0.0
176,15,2.00,6,20.56,24.23,24.23,0.0,0.00,0.0,0.0,,0.0
176,16,2.00,6,20.30,24.64,24.64,0.0,0.00,0.0,0.0,,0.0
176,17,2.00,6,19.98,24.90,24.90,0.0,0.00,0.0,0.0,,0.0
176,18,2.00,6,19.13,24.88,24.88,0.0,0.00,0.0,0.0,,0.0
176,19,2.00,6,18.25,24.30,24.30,0.0,0.00,0.0,0.0,,0.0
176,20,2.00,6,17.83,23.88,23.88,0.0,0.00,0.0,0.0,,0.0
176,21,2.00,6,17.54,23.50,23.50,0.0,0.00,0.0,0.0,,0.0
176,22,2.00,6,17.30,23.16,23.16,0.0,0.00,0.0,0.0,,0.0
176,23,2.00,6,16.90,22.82,22.82,0.0,0.00,0.0,0.0,,0.0
176,24,2.00,6,16.60,22.50,22.50,0.0,0.00,0.0,0.0,,0.0
176,1,3.00,6,16.37,22.19,22.19,0.0,0.00,0.0,0.0,,0.0
176,2,3.00,6,16.16,21.90,21.90,0.0,0.00,0.0,0.0,,0.0
176,3,3.00,6,15.93,21.63,21.63,0.0,0.00,0.0,0.0,,0.0
176,4,3.00,6,15.77,21.36,21.36,0.0,0.00,0.0,0.0,,0.0
176,5,3.00,6,15.59,21.10,21.10,0.0,0.00,0.0,0.0,,0.0
176,6,3.00,6,15.48,20.86,20.86,0.0,0.00,0.0,0.0,,0.0
176,7,3.00,6,15.53,20.64,20.64,0.0,0.00,0.0,0.0,,0.0
176,8,3.00,6,15.71,21.11,21.11,0.0,0.00,0.0,0.0,,0.0
176,9,3.00,6,16.27,21.30,21.30,0.0,0.00,0.0,0.0,,0.0
176,10,3.00,6,17.03,21.51,21.51,0.0,0.00,0.0,0.0,,0.0
176,11,3.00,6,18.22,21.84,21.84,0.0,0.00,0.0,-0.0,,0.0
176,12,3.00,6,18.82,22.29,22.29,0.0,0.00,0.0,-0.0,,0.0
176,13,3.00,6,19.35,22.84,22.84,0.0,0.00,0.0,0.0,,0.0
176,14,3.00,6,19.43,23.40,23.40,0.0,0.00,0.0,0.0,,0.0
176,15,3.00,6,19.65,23.95,23.95,0.0,0.00,0.0,0.0,,0.0
176,16,3.00,6,19.42,24.40,24.40,0.0,0.00,0.0,0.0,,0.0
176,17,3.00,6,19.15,24.72,24.72,0.0,0.00,0.0,0.0,,0.0
176,18,3.00,6,18.43,24.76,24.76,0.0,0.00,0.0,0.0,,0.0
176,19,3.00,6,17.62,23.96,23.96,0.0,0.00,0.0,0.0,,0.0
176,20,3.00,6,17.29,23.50,23.50,0.0,0.00,0.0,0.0,,0.0
176,21,3.00,6,16.98,23.11,23.11,0.0,0.00,0.0,0.0,,0.0
176,22,3.00,6,16.71,22.76,22.76,0.0,0.00,0.0,0.0,,0.0
176,23,3.00,6,16.42,22.43,22.43,0.0,0.00,0.0,0.0,,0.0
176,24,3.00,6,16.36,22.13,22.13,0.0,0.00,0.0,0.0,,0.0
176,1,4.00,6,16.06,21.83,21.83,0.0,0.00,0.0,0.0,,0.0
176,2,4.00,6,15.84,21.55,21.55,0.0,0.00,0.0,0.0,,0.0
176,3,4.00,6,15.75,21.29,21.28,0.0,0.00,0.0,0.0,,0.0
176,4,4.00,6,15.62,21.03,21.03,0.0,0.00,0.0,0.0,,0.0
176,5,4.00,6,15.55,20.80,20.80,0.0,0.00,0.0,0.0,,0.0
176,6,4.00,6,15.54,20.58,20.58,0.0,0.00,0.0,0.0,,0.0
176,7,4.00,6,15.34,20.36,20.36,0.0,0.00,0.0,0.0,,0.0
176,8,4.00,6,15.36,20.83,20.83,0.0,0.00,0.0,0.0,,0.0
176,9,4.00,6,16.14,21.03,21.03,0.0,0.00,0.0,0.0,,0.0
176,10,4.00,6,16.81,21.24,21.24,0.0,0.00,0.0,-0.0,,0.0
176,11,4.00,6,18.26,21.59,21.59,0.0,0.00,0.0,-0.0,,0.0
176,12,4.00,6,18.93,22.06,22.06,0.0,0.00,0.0,-0.0,,0.0
176,13,4.00,6,19.54,22.63,22.63,0.0,0.00,0.0,-0.0,,0.0
176,14,4.00,6,19.56,23.20,23.20,0.0,0.00,0.0,0.0,,0.0
176,15,4.00,6,19.60,23.76,23.76,0.0,0.00,0.0,0.0,,0.0
176,16,4.00,6,19.55,24.23,24.23,0.0,0.00,0.0,0.0,,0.0
176,17,4.00,6,19.32,24.56,24.56,0.0,0.00,0.0,0.0,,0.0
176,18,4.00,6,18.72,24.63,24.63,0.0,0.00,0.0,0.0,,0.0
176,19,4.00,6,18.16,23.86,23.86,0.0,0.00,0.0,0.0,,0.0
176,20,4.00,6,17.84,23.42,23.42,0.0,0.00,0.0,0.0,,0.0
176,21,4.00,6,17.79,23.08,23.07,0.0,0.00,0.0,0.0,,0.0
176,22,4.00,6,17.65,22.77,22.77,0.0,0.00,0.0,0.0,,0.0
176,23,4.00,6,17.49,22.48,22.48,0.0,0.00,0.0,0.0,,0.0
176,24,4.00,6,17.38,22.21,22.21,0.0,0.00,0.0,0.0,,0.0
176,1,5.00,6,17.14,21.95,21.95,0.0,0.00,0.0,0.0,,0.0
176,2,5.00,6,16.90,21.70,21.70,0.0,0.00,0.0,0.0,,0.0
176,3,5.00,6,16.74,21.46,21.46,0.0,0.00,0.0,0.0,,0.0
176,4,5.00,6,16.72,21.24,21.24,0.0,0.00,0.0,0.0,,0.0
176,5,5.00,6,16.70,21.04,21.04,0.0,0.00,0.0,0.0,,0.0
176,6,5.00,6,16.79,20.85,20.85,0.0,0.00,0.0,0.0,,0.0
176,7,5.00,6,16.70,20.67,20.67,0.0,0.00,0.0,0.0,,0.0
176,8,5.00,6,16.66,20.97,20.99,59.01,0.00,0.0,0.0,,59.01
176,9,5.00,6,17.26,21.14,21.14,0.0,0.00,0.0,0.0,,0.0
176,10,5.00,6,17.55,21.33,21.33,0.0,0.00,0.0,0.0,,0.0
176,11,5.00,6,18.62,21.67,21.68,0.0,0.00,0.0,0.0,,0.0
176,12,5.00,6,19.09,22.12,22.12,0.0,0.00,0.0,0.0,,0.0
176,13,5.00,6,19.49,22.63,22.64,0.0,0.00,0.0,0.0,,0.0
176,14,5.00,6,19.55,23.16,23.16,0.0,0.00,0.0,0.0,,0.0
176,15,5.00,6,19.58,23.65,23.66,0.0,0.00,0.0,0.0,,0.0
176,16,5.00,6,19.60,24.07,24.07,0.0,0.00,0.0,0.0,,0.0
176,17,5.00,6,19.16,24.33,24.33,0.0,0.00,0.0,0.0,,0.0
176,18,5.00,6,18.67,24.33,24.33,0.0,0.00,0.0,0.0,,0.0
176,19,5.00,6,18.25,23.79,23.79,0.0,0.00,0.0,0.0,,0.0
176,20,5.00,6,18.09,23.41,23.41,0.0,0.00,0.0,0.0,,0.0
176,21,5.00,6,18.17,23.10,23.10,0.0,0.00,0.0,0.0,,0.0
176,22,5.00,6,18.24,22.81,22.82,0.0,0.00,0.0,0.0,,0.0
176,23,5.00,6,18.27,22.56,22.56,0.0,0.00,0.0,0.0,,0.0
176,24,5.00,6,18.20,22.32,22.32,0.0,0.00,0.0,0.0,,0.0
176,1,6.00,6,17.88,22.08,22.08,0.0,0.00,0.0,0.0,,0.0
176,2,6.00,6,17.80,21.86,21.86,0.0,0.00,0.0,0.0,,0.0
176,3,6.00,6,17.67,21.65,21.65,0.0,0.00,0.0,0.0,,0.0
176,4,6.00,6,17.40,21.44,21.44,0.0,0.00,0.0,0.0,,0.0
176,5,6.00,6,17.26,21.24,21.24,0.0,0.00,0.0,0.0,,0.0
176,6,6.00,6,17.28,21.06,21.06,0.0,0.00,0.0,0.0,,0.0
176,7,6.00,6,17.08,20.88,20.88,0.0,0.00,0.0,0.0,,0.0
176,8,6.00,6,17.11,21.19,21.19,0.0,0.00,0.0,0.0,,0.0
176,9,6.00,6,17.30,21.33,21.33,0.0,0.00,0.0,0.0,,0.0
176,10,6.00,6,18.07,21.55,21.55,0.0,0.00,0.0,0.0,,0.0
176,11,6.00,6,18.77,21.87,21.87,0.0,0.00,0.0,0.0,,0.0
176,12,6.00,6,18.96,22.27,22.27,0.0,0.00,0.0,0.0,,0.0
176,13,6.00,6,19.34,22.77,22.77,0.0,0.00,0.0,0.0,,0.0
176,14,6.00,6,19.17,23.25,23.25,0.0,0.00,0.0,0.0,,0.0
176,15,6.00,6,19.08,23.71,23.71,0.0,0.00,0.0,0.0,,0.0
176,16,6.00,6,19.04,24.09,24.09,0.0,0.00,0.0,0.0,,0.0
176,17,6.00,6,18.49,24.31,24.31,0.0,0.00,0.0,0.0,,0.0
176,18,6.00,6,17.81,24.27,24.27,0.0,0.00,0.0,0.0,,0.0
176,19,6.00,6,17.19,23.71,23.71,0.0,0.00,0.0,0.0,,0.0
176,20,6.00,6,16.79,23.28,23.28,0.0,0.00,0.0,0.0,,0.0
176,21,6.00,6,16.76,22.92,22.92,0.0,0.00,0.0,0.0,,0.0
176,22,6.00,6,16.46,22.57,22.57,0.0,0.00,0.0,0.0,,0.0
176,23,6.00,6,16.26,22.24,22.24,0.0,0.00,0.0,0.0,,0.0
176,24,6.00,6,16.06,21.93,21.93,0.0,0.00,0.0,0.0,,0.0
176,1,7.00,6,15.67,21.63,21.63,0.0,0.00,0.0,0.0,,0.0
176,2,7.00,6,15.43,21.34,21.34,0.0,0.00,0.0,0.0,,0.0
176,3,7.00,6,15.23,21.06,21.06,0.0,0.00,0.0,0.0,,0.0
176,4,7.00,6,15.01,20.79,20.79,0.0,0.00,0.0,0.0,,0.0
176,5,7.00,6,14.69,20.53,20.53,0.0,0.00,0.0,0.0,,0.0
176,6,7.00,6,14.69,20.28,20.28,0.0,0.00,0.0,0.0,,0.0
176,7,7.00,6,14.19,20.03,20.03,0.0,0.00,0.0,0.0,,0.0
176,8,7.00,6,13.98,20.17,20.99,2088.17,0.00,0.0,0.0,,2088.17
176,9,7.00,6,14.71,20.27,20.99,1236.4,0.00,0.0,0.0,,1236.4
176,10,7.00,6,15.81,20.47,20.99,668.09,0.00,0.0,0.0,,668.09
176,11,7.00,6,17.40,20.85,21.08,0.0,0.00,0.0,0.0,,0.0
176,12,7.00,6,18.19,21.33,21.50,0.0,0.00,0.0,0.0,,0.0
176,13,7.00,6,18.94,21.90,22.04,0.0,0.00,0.0,0.0,,0.0
176,14,7.00,6,19.24,22.48,22.61,0.0,0.00,0.0,0.0,,0.0
176,15,7.00,6,19.24,23.00,23.13,0.0,0.00,0.0,0.0,,0.0
176,16,7.00,6,19.29,23.45,23.57,0.0,0.00,0.0,0.0,,0.0
176,17,7.00,6,18.98,23.74,23.86,0.0,0.00,0.0,0.0,,0.0
176,18,7.00,6,18.43,23.77,23.88,0.0,0.00,0.0,0.0,,0.0
176,19,7.00,6,17.82,23.23,23.33,0.0,0.00,0.0,0.0,,0.0
176,20,7.00,6,17.61,22.86,22.96,0.0,0.00,0.0,0.0,,0.0
176,21,7.00,6,17.58,22.55,22.64,0.0,0.00,0.0,0.0,,0.0
176,22,7.00,6,17.45,22.26,22.35,0.0,0.00,0.0,0.0,,0.0
176,23,7.00,6,17.24,21.99,22.07,0.0,0.00,0.0,0.0,,0.0
176,24,7.00,6,17.09,21.73,21.81,0.0,0.00,0.0,0.0,,0.0
176,1,1.00,7,16.71,21.47,21.55,0.0,0.00,0.0,0.0,,0.0
176,2,1.00,7,16.64,21.24,21.31,0.0,0.00,0.0,0.0,,0.0
176,3,1.00,7,16.66,21.03,21.10,0.0,0.00,0.0,0.0,,0.0
176,4,1.00,7,16.65,20.83,20.89,0.0,0.00,0.0,0.0,,0.0
176,5,1.00,7,16.56,20.63,20.70,0.0,0.00,0.0,0.0,,0.0
176,6,1.00,7,16.58,20.46,20.52,0.0,0.00,0.0,0.0,,0.0
176,7,1.00,7,16.34,20.28,20.33,0.0,0.00,0.0,0.0,,0.0
176,8,1.00,7,16.40,20.58,20.78,377.28,0.00,0.0,0.0,,377.28
176,9,1.00,7,16.87,20.72,20.81,0.0,0.00,0.0,0.0,,0.0
176,10,1.00,7,17.76,20.93,20.99,0.0,0.00,0.0,-11.03,,-11.03
176,11,1.00,7,18.76,21.26,21.32,0.0,0.00,0.0,-42.86,,-42.86
176,12,1.00,7,19.15,21.68,21.74,0.0,0.00,0.0,0.0,,0.0
176,13,1.00,7,19.50,22.16,22.21,0.0,0.00,0.0,0.0,,0.0
176,14,1.00,7,19.53,22.66,22.71,0.0,0.00,0.0,0.0,,0.0
176,15,1.00,7,19.38,23.11,23.16,0.0,0.00,0.0,0.0,,0.0
176,16,1.00,7,19.27,23.48,23.53,0.0,0.00,0.0,0.0,,0.0
176,17,1.00,7,18.85,23.74,23.78,0.0,0.00,0.0,0.0,,0.0
176,18,1.00,7,18.23,23.78,23.82,0.0,0.00,0.0,0.0,,0.0
176,19,1.00,7,17.62,23.25,23.29,0.0,0.00,0.0,0.0,,0.0
176,20,1.00,7,17.35,22.87,22.91,0.0,0.00,0.0,0.0,,0.0
176,21,1.00,7,17.22,22.55,22.58,0.0,0.00,0.0,0.0,,0.0
176,22,1.00,7,17.15,22.25,22.28,0.0,0.00,0.0,0.0,,0.0
176,23,1.00,7,17.06,21.97,22.00,0.0,0.00,0.0,0.0,,0.0
176,24,1.00,7,17.00,21.72,21.75,0.0,0.00,0.0,0.0,,0.0
176,1,2.00,7,16.85,21.47,21.50,0.0,0.00,0.0,0.0,,0.0
176,2,2.00,7,16.74,21.24,21.27,0.0,0.00,0.0,0.0,,0.0
176,3,2.00,7,16.59,21.02,21.05,0.0,0.00,0.0,0.0,,0.0
176,4,2.00,7,16.38,20.81,20.83,0.0,0.00,0.0,0.0,,0.0
176,5,2.00,7,16.09,20.59,20.62,0.0,0.00,0.0,0.0,,0.0
176,6,2.00,7,15.91,20.39,20.41,0.0,0.00,0.0,0.0,,0.0
176,7,2.00,7,15.23,20.16,20.18,0.0,0.00,0.0,0.0,,0.0
176,8,2.00,7,14.89,20.34,20.78,1065.27,0.00,0.0,0.0,,1065.27
176,9,2.00,7,15.41,20.42,20.78,555.06,0.00,0.0,0.0,,555.06
176,10,2.00,7,16.65,20.61,20.78,67.05,0.00,0.0,0.0,,67.05
176,11,2.00,7,18.33,20.99,21.09,0.0,0.00,0.0,0.0,,0.0
176,12,2.00,7,18.79,21.42,21.50,0.0,0.00,0.0,0.0,,0.0
176,13,2.00,7,19.58,21.94,22.02,0.0,0.00,0.0,0.0,,0.0
176,14,2.00,7,19.81,22.48,22.55,0.0,0.00,0.0,0.0,,0.0
176,15,2.00,7,20.04,23.00,23.07,0.0,0.00,0.0,0.0,,0.0
176,16,2.00,7,19.86,23.41,23.47,0.0,0.00,0.0,0.0,,0.0
176,17,2.00,7,19.51,23.70,23.76,0.0,0.00,0.0,0.0,,0.0
176,18,2.00,7,18.74,23.76,23.82,0.0,0.00,0.0,0.0,,0.0
176,19,2.00,7,17.90,23.22,23.28,0.0,0.00,0.0,0.0,,0.0
176,20,2.00,7,17.46,22.84,22.90,0.0,0.00,0.0,0.0,,0.0
176,21,2.00,7,17.17,22.51,22.56,0.0,0.00,0.0,0.0,,0.0
176,22,2.00,7,17.02,22.20,22.25,0.0,0.00,0.0,0.0,,0.0
176,23,2.00,7,16.73,21.91,21.96,0.0,0.00,0.0,0.0,,0.0
176,24,2.00,7,16.55,21.63,21.68,0.0,0.00,0.0,0.0,,0.0
176,1,3.00,7,16.26,21.36,21.41,0.0,0.00,0.0,0.0,,0.0
176,2,3.00,7,15.91,21.10,21.14,0.0,0.00,0.0,0.0,,0.0
176,3,3.00,7,15.54,20.84,20.88,0.0,0.00,0.0,0.0,,0.0
176,4,3.00,7,15.17,20.58,20.62,0.0,0.00,0.0,0.0,,0.0
176,5,3.00,7,14.99,20.34,20.37,0.0,0.00,0.0,0.0,,0.0
176,6,3.00,7,14.78,20.10,20.13,0.0,0.00,0.0,0.0,,0.0
176,7,3.00,7,14.46,19.86,19.89,0.0,0.00,0.0,0.0,,0.0
176,8,3.00,7,14.23,20.29,20.32,0.0,0.00,0.0,0.0,,0.0
176,9,3.00,7,15.08,20.44,20.47,0.0,0.00,0.0,0.0,,0.0
176,10,3.00,7,16.13,20.62,20.65,0.0,0.00,0.0,-0.0,,0.0
176,11,3.00,7,17.89,20.95,20.98,0.0,0.00,0.0,-0.0,,0.0
176,12,3.00,7,18.93,21.41,21.44,0.0,0.00,0.0,-0.0,,0.0
176,13,3.00,7,19.76,21.96,21.99,0.0,0.00,0.0,-0.0,,0.0
176,14,3.00,7,20.05,22.54,22.57,0.0,0.00,0.0,-0.0,,0.0
176,15,3.00,7,19.98,23.09,23.11,0.0,0.00,0.0,0.0,,0.0
176,16,3.00,7,19.83,23.55,23.57,0.0,0.00,0.0,0.0,,0.0
176,17,3.00,7,19.49,23.90,23.92,0.0,0.00,0.0,0.0,,0.0
176,18,3.00,7,18.76,24.02,24.04,0.0,0.00,0.0,0.0,,0.0
176,19,3.00,7,17.98,23.29,23.31,0.0,0.00,0.0,0.0,,0.0
176,20,3.00,7,17.61,22.87,22.89,0.0,0.00,0.0,0.0,,0.0
176,21,3.00,7,17.54,22.55,22.57,0.0,0.00,0.0,0.0,,0.0
176,22,3.00,7,17.59,22.26,22.28,0.0,0.00,0.0,0.0,,0.0
176,23,3.00,7,17.48,22.00,22.02,0.0,0.00,0.0,0.0,,0.0
176,24,3.00,7,17.29,21.75,21.77,0.0,0.00,0.0,0.0,,0.0
176,1,4.00,7,17.09,21.51,21.53,0.0,0.00,0.0,0.0,,0.0
176,2,4.00,7,16.96,21.28,21.30,0.0,0.00,0.0,0.0,,0.0
176,3,4.00,7,16.84,21.07,21.08,0.0,0.00,0.0,0.0,,0.0
176,4,4.00,7,16.69,20.86,20.87,0.0,0.00,0.0,0.0,,0.0
176,5,4.00,7,16.53,20.66,20.67,0.0,0.00,0.0,0.0,,0.0
176,6,4.00,7,16.52,20.48,20.49,0.0,0.00,0.0,0.0,,0.0
176,7,4.00,7,16.48,20.30,20.31,0.0,0.00,0.0,0.0,,0.0
176,8,4.00,7,16.48,20.80,20.81,0.0,0.00,0.0,0.0,,0.0
176,9,4.00,7,17.25,21.01,21.02,0.0,0.00,0.0,-0.0,,0.0
176,10,4.00,7,17.84,21.20,21.22,0.0,0.00,0.0,-0.0,,0.0
176,11,4.00,7,19.10,21.54,21.55,0.0,0.00,0.0,-0.0,,0.0
176,12,4.00,7,19.62,21.98,21.99,0.0,0.00,0.0,-0.0,,0.0
176,13,4.00,7,19.92,22.48,22.49,0.0,0.00,0.0,-0.0,,0.0
176,14,4.00,7,19.91,23.02,23.03,0.0,0.00,0.0,-0.0,,0.0
176,15,4.00,7,19.94,23.53,23.54,0.0,0.00,0.0,0.0,,0.0
176,16,4.00,7,19.96,23.97,23.98,0.0,0.00,0.0,0.0,,0.0
176,17,4.00,7,19.69,24.30,24.31,0.0,0.00,0.0,0.0,,0.0
176,18,4.00,7,19.09,24.42,24.43,0.0,0.00,0.0,0.0,,0.0
176,19,4.00,7,18.45,23.68,23.69,0.0,0.00,0.0,0.0,,0.0
176,20,4.00,7,18.17,23.27,23.28,0.0,0.00,0.0,0.0,,0.0
176,21,4.00,7,18.16,22.95,22.95,0.0,0.00,0.0,0.0,,0.0
176,22,4.00,7,18.21,22.66,22.67,0.0,0.00,0.0,0.0,,0.0
176,23,4.00,7,18.08,22.40,22.41,0.0,0.00,0.0,0.0,,0.0
176,24,4.00,7,17.88,22.15,22.16,0.0,0.00,0.0,0.0,,0.0
176,1,5.00,7,17.75,21.91,21.92,0.0,0.00,0.0,0.0,,0.0
176,2,5.00,7,17.65,21.69,21.70,0.0,0.00,0.0,0.0,,0.0
176,3,5.00,7,17.65,21.49,21.50,0.0,0.00,0.0,0.0,,0.0
176,4,5.00,7,17.80,21.31,21.32,0.0,0.00,0.0,0.0,,0.0
176,5,5.00,7,17.78,21.14,21.14,0.0,0.00,0.0,0.0,,0.0
176,6,5.00,7,17.76,20.97,20.98,0.0,0.00,0.0,0.0,,0.0
176,7,5.00,7,17.82,20.83,20.83,0.0,0.00,0.0,0.0,,0.0
176,8,5.00,7,17.86,21.19,21.19,0.0,0.00,0.0,0.0,,0.0
176,9,5.00,7,18.21,21.35,21.35,0.0,0.00,0.0,-13.56,,-13.56
176,10,5.00,7,18.48,21.51,21.52,0.0,0.00,0.0,-82.76,,-82.76
176,11,5.00,7,19.33,21.82,21.83,0.0,0.00,0.0,-71.64,,-71.64
176,12,5.00,7,19.87,22.24,22.25,0.0,0.00,0.0,-6.71,,-6.71
176,13,5.00,7,20.14,22.71,22.71,0.0,0.00,0.0,0.0,,0.0
176,14,5.00,7,19.87,23.16,23.17,0.0,0.00,0.0,0.0,,0.0
176,15,5.00,7,19.73,23.59,23.60,0.0,0.00,0.0,0.0,,0.0
176,16,5.00,7,19.67,23.96,23.96,0.0,0.00,0.0,0.0,,0.0
176,17,5.00,7,19.50,24.22,24.23,0.0,0.00,0.0,0.0,,0.0
176,18,5.00,7,18.92,24.26,24.27,0.0,0.00,0.0,0.0,,0.0
176,19,5.00,7,18.26,23.73,23.73,0.0,0.00,0.0,0.0,,0.0
176,20,5.00,7,17.98,23.34,23.35,0.0,0.00,0.0,0.0,,0.0
176,21,5.00,7,17.92,23.02,23.02,0.0,0.00,0.0,0.0,,0.0
176,22,5.00,7,17.95,22.72,22.73,0.0,0.00,0.0,0.0,,0.0
176,23,5.00,7,17.98,22.46,22.46,0.0,0.00,0.0,0.0,,0.0
176,24,5.00,7,17.95,22.21,22.22,0.0,0.00,0.0,0.0,,0.0
176,1,6.00,7,17.89,21.98,21.99,0.0,0.00,0.0,0.0,,0.0
176,2,6.00,7,17.76,21.76,21.76,0.0,0.00,0.0,0.0,,0.0
176,3,6.00,7,17.62,21.55,21.55,0.0,0.00,0.0,0.0,,0.0
176,4,6.00,7,17.53,21.35,21.35,0.0,0.00,0.0,0.0,,0.0
176,5,6.00,7,17.59,21.17,21.17,0.0,0.00,0.0,0.0,,0.0
176,6,6.00,7,17.58,21.00,21.00,0.0,0.00,0.0,0.0,,0.0
176,7,6.00,7,17.50,20.83,20.84,0.0,0.00,0.0,0.0,,0.0
176,8,6.00,7,17.44,21.16,21.16,0.0,0.00,0.0,0.0,,0.0
176,9,6.00,7,17.90,21.31,21.32,0.0,0.00,0.0,0.0,,0.0
176,10,6.00,7,17.90,21.44,21.44,0.0,0.00,0.0,0.0,,0.0
176,11,6.00,7,19.07,21.76,21.76,0.0,0.00,0.0,0.0,,0.0
176,12,6.00,7,19.73,22.18,22.19,0.0,0.00,0.0,0.0,,0.0
176,13,6.00,7,20.13,22.66,22.66,0.0,0.00,0.0,0.0,,0.0
176,14,6.00,7,19.92,23.13,23.13,0.0,0.00,0.0,0.0,,0.0
176,15,6.00,7,19.82,23.57,23.57,0.0,0.00,0.0,0.0,,0.0
176,16,6.00,7,19.54,23.92,23.92,0.0,0.00,0.0,0.0,,0.0
176,17,6.00,7,19.25,24.17,24.17,0.0,0.00,0.0,0.0,,0.0
176,18,6.00,7,18.60,24.19,24.19,0.0,0.00,0.0,0.0,,0.0
176,19,6.00,7,17.83,23.65,23.65,0.0,0.00,0.0,0.0,,0.0
176,20,6.00,7,17.67,23.26,23.26,0.0,0.00,0.0,0.0,,0.0
176,21,6.00,7,17.70,22.93,22.93,0.0,0.00,0.0,0.0,,0.0
176,22,6.00,7,17.80,22.64,22.64,0.0,0.00,0.0,0.0,,0.0
176,23,6.00,7,17.97,22.38,22.38,0.0,0.00,0.0,0.0,,0.0
176,24,6.00,7,18.07,22.15,22.15,0.0,0.00,0.0,0.0,,0.0
176,1,7.00,7,18.05,21.93,21.93,0.0,0.00,0.0,0.0,,0.0
176,2,7.00,7,18.12,21.73,21.73,0.0,0.00,0.0,-0.0,,0.0
176,3,7.00,7,18.19,21.55,21.55,0.0,0.00,0.0,-0.0,,0.0
176,4,7.00,7,18.51,21.40,21.40,0.0,0.00,0.0,-0.0,,0.0
176,5,7.00,7,18.13,21.23,21.23,0.0,0.00,0.0,0.0,,0.0
176,6,7.00,7,17.57,21.04,21.05,0.0,0.00,0.0,0.0,,0.0
176,7,7.00,7,17.70,20.89,20.89,0.0,0.00,0.0,-0.0,,0.0
176,8,7.00,7,17.43,21.20,21.20,0.0,0.00,0.0,0.0,,0.0
176,9,7.00,7,17.67,21.33,21.33,0.0,0.00,0.0,0.0,,0.0
176,10,7.00,7,16.89,21.36,21.36,0.0,0.00,0.0,0.0,,0.0
176,11,7.00,7,17.84,21.61,21.61,0.0,0.00,0.0,0.0,,0.0
176,12,7.00,7,18.38,21.97,21.97,0.0,0.00,0.0,0.0,,0.0
176,13,7.00,7,19.18,22.44,22.44,0.0,0.00,0.0,0.0,,0.0
176,14,7.00,7,19.36,22.92,22.92,0.0,0.00,0.0,0.0,,0.0
176,15,7.00,7,19.37,23.36,23.36,0.0,0.00,0.0,0.0,,0.0
176,16,7.00,7,19.24,23.72,23.72,0.0,0.00,0.0,0.0,,0.0
176,17,7.00,7,19.01,23.97,23.98,0.0,0.00,0.0,0.0,,0.0
176,18,7.00,7,18.42,24.01,24.01,0.0,0.00,0.0,0.0,,0.0
176,19,7.00,7,17.62,23.47,23.47,0.0,0.00,0.0,0.0,,0.0
176,20,7.00,7,17.44,23.08,23.08,0.0,0.00,0.0,0.0,,0.0
176,21,7.00,7,17.39,22.75,22.75,0.0,0.00,0.0,0.0,,0.0
176,22,7.00,7,17.38,22.45,22.45,0.0,0.00,0.0,0.0,,0.0
176,23,7.00,7,17.33,22.17,22.18,0.0,0.00,0.0,0.0,,0.0
176,24,7.00,7,17.31,21.92,21.92,0.0,0.00,0.0,0.0,,0.0
176,1,1.00,7,17.31,21.68,21.68,0.0,0.00,0.0,0.0,,0.0
176,2,1.00,7,17.31,21.46,21.47,0.0,0.00,0.0,0.0,,0.0
176,3,1.00,7,17.38,21.27,21.27,0.0,0.00,0.0,0.0,,0.0
176,4,1.00,7,17.45,21.08,21.09,0.0,0.00,0.0,0.0,,0.0
176,5,1.00,7,17.45,20.91,20.92,0.0,0.00,0.0,0.0,,0.0
176,6,1.00,7,17.21,20.74,20.74,0.0,0.00,0.0,0.0,,0.0
176,7,1.00,7,16.99,20.56,20.57,0.0,0.00,0.0,0.0,,0.0
176,8,1.00,7,16.80,20.86,20.86,0.0,0.00,0.0,0.0,,0.0
176,9,1.00,7,17.29,21.00,21.00,0.0,0.00,0.0,-12.8,,-12.8
176,10,1.00,7,17.53,21.14,21.15,0.0,0.00,0.0,0.0,,0.0
176,11,1.00,7,18.68,21.46,21.46,0.0,0.00,0.0,-27.51,,-27.51
176,12,1.00,7,18.97,21.85,21.85,0.0,0.00,0.0,0.0,,0.0
176,13,1.00,7,19.32,22.31,22.31,0.0,0.00,0.0,0.0,,0.0
176,14,1.00,7,19.15,22.76,22.76,0.0,0.00,0.0,0.0,,0.0
176,15,1.00,7,19.05,23.19,23.19,0.0,0.00,0.0,0.0,,0.0
176,16,1.00,7,18.72,23.52,23.52,0.0,0.00,0.0,0.0,,0.0
176,17,1.00,7,18.37,23.75,23.75,0.0,0.00,0.0,0.0,,0.0
176,18,1.00,7,17.65,23.75,23.76,0.0,0.00,0.0,0.0,,0.0
176,19,1.00,7,16.85,23.21,23.21,0.0,0.00,0.0,0.0,,0.0
176,20,1.00,7,16.64,22.81,22.81,0.0,0.00,0.0,0.0,,0.0
176,21,1.00,7,16.48,22.45,22.46,0.0,0.00,0.0,0.0,,0.0
176,22,1.00,7,16.35,22.13,22.13,0.0,0.00,0.0,0.0,,0.0
176,23,1.00,7,16.14,21.82,21.82,0.0,0.00,0.0,0.0,,0.0
176,24,1.00,7,16.01,21.53,21.53,0.0,0.00,0.0,0.0,,0.0
176,1,2.00,7,15.65,21.24,21.24,0.0,0.00,0.0,0.0,,0.0
176,2,2.00,7,15.48,20.97,20.97,0.0,0.00,0.0,0.0,,0.0
176,3,2.00,7,15.48,20.72,20.72,0.0,0.00,0.0,0.0,,0.0
176,4,2.00,7,15.46,20.49,20.49,0.0,0.00,0.0,0.0,,0.0
176,5,2.00,7,15.67,20.28,20.29,0.0,0.00,0.0,0.0,,0.0
176,6,2.00,7,15.50,20.08,20.08,0.0,0.00,0.0,0.0,,0.0
176,7,2.00,7,15.38,19.88,19.89,0.0,0.00,0.0,0.0,,0.0
176,8,2.00,7,15.30,20.13,20.78,1644.85,0.00,0.0,0.0,,1644.85
176,9,2.00,7,15.48,20.21,20.78,958.28,0.00,0.0,0.0,,958.28
176,10,2.00,7,16.62,20.41,20.78,431.28,0.00,0.0,0.0,,431.28
176,11,2.00,7,17.81,20.74,20.91,0.0,0.00,0.0,0.0,,0.0
176,12,2.00,7,18.24,21.16,21.28,0.0,0.00,0.0,0.0,,0.0
176,13,2.00,7,18.43,21.61,21.72,0.0,0.00,0.0,0.0,,0.0
176,14,2.00,7,18.67,22.11,22.21,0.0,0.00,0.0,0.0,,0.0
176,15,2.00,7,18.36,22.54,22.63,0.0,0.00,0.0,0.0,,0.0
176,16,2.00,7,18.12,22.89,22.98,0.0,0.00,0.0,0.0,,0.0
176,17,2.00,7,17.69,23.12,23.20,0.0,0.00,0.0,0.0,,0.0
176,18,2.00,7,17.04,23.14,23.22,0.0,0.00,0.0,0.0,,0.0
176,19,2.00,7,16.43,22.61,22.69,0.0,0.00,0.0,0.0,,0.0
176,20,2.00,7,16.23,22.23,22.31,0.0,0.00,0.0,0.0,,0.0
176,21,2.00,7,16.26,21.90,21.98,0.0,0.00,0.0,0.0,,0.0
176,22,2.00,7,16.28,21.61,21.68,0.0,0.00,0.0,0.0,,0.0
176,23,2.00,7,16.30,21.33,21.40,0.0,0.00,0.0,0.0,,0.0
176,24,2.00,7,16.38,21.09,21.15,0.0,0.00,0.0,0.0,,0.0
176,1,3.00,7,16.58,20.88,20.94,0.0,0.00,0.0,0.0,,0.0
176,2,3.00,7,16.81,20.69,20.74,0.0,0.00,0.0,0.0,,0.0
176,3,3.00,7,16.80,20.51,20.56,0.0,0.00,0.0,0.0,,0.0
176,4,3.00,7,16.64,20.33,20.38,0.0,0.00,0.0,0.0,,0.0
176,5,3.00,7,16.37,20.15,20.20,0.0,0.00,0.0,0.0,,0.0
176,6,3.00,7,16.23,19.98,20.02,0.0,0.00,0.0,0.0,,0.0
176,7,3.00,7,15.76,19.79,19.83,0.0,0.00,0.0,0.0,,0.0
176,8,3.00,7,15.42,20.26,20.30,0.0,0.00,0.0,0.0,,0.0
176,9,3.00,7,16.06,20.44,20.48,0.0,0.00,0.0,-0.0,,0.0
176,10,3.00,7,16.90,20.64,20.68,0.0,0.00,0.0,-0.0,,0.0
176,11,3.00,7,18.28,20.97,21.00,0.0,0.00,0.0,-0.0,,0.0
176,12,3.00,7,19.20,21.43,21.47,0.0,0.00,0.0,-0.0,,0.0
176,13,3.00,7,20.03,21.98,22.01,0.0,0.00,0.0,-0.0,,0.0
176,14,3.00,7,19.81,22.53,22.56,0.0,0.00,0.0,-0.0,,0.0
176,15,3.00,7,19.71,23.05,23.09,0.0,0.00,0.0,-0.0,,0.0
176,16,3.00,7,19.37,23.49,23.52,0.0,0.00,0.0,0.0,,0.0
176,17,3.00,7,18.96,23.81,23.84,0.0,0.00,0.0,0.0,,0.0
176,18,3.00,7,18.07,23.90,23.93,0.0,0.00,0.0,0.0,,0.0
176,19,3.00,7,16.98,23.12,23.15,0.0,0.00,0.0,0.0,,0.0
176,20,3.00,7,16.42,22.66,22.69,0.0,0.00,0.0,0.0,,0.0
176,21,3.00,7,16.05,22.27,22.30,0.0,0.00,0.0,0.0,,0.0
176,22,3.00,7,15.78,21.92,21.95,0.0,0.00,0.0,0.0,,0.0
176,23,3.00,7,15.48,21.59,21.61,0.0,0.00,0.0,0.0,,0.0
176,24,3.00,7,15.21,21.27,21.29,0.0,0.00,0.0,0.0,,0.0
176,1,4.00,7,15.04,20.97,21.00,0.0,0.00,0.0,0.0,,0.0
176,2,4.00,7,14.76,20.69,20.71,0.0,0.00,0.0,0.0,,0.0
176,3,4.00,7,14.35,20.40,20.42,0.0,0.00,0.0,0.0,,0.0
176,4,4.00,7,14.01,20.11,20.13,0.0,0.00,0.0,0.0,,0.0
176,5,4.00,7,13.91,19.85,19.87,0.0,0.00,0.0,0.0,,0.0
176,6,4.00,7,13.63,19.59,19.61,0.0,0.00,0.0,0.0,,0.0
176,7,4.00,7,13.57,19.35,19.36,0.0,0.00,0.0,0.0,,0.0
176,8,4.00,7,13.29,19.77,19.78,0.0,0.00,0.0,0.0,,0.0
176,9,4.00,7,14.64,19.94,19.95,0.0,0.00,0.0,0.0,,0.0
176,10,4.00,7,14.78,20.07,20.08,0.0,0.00,0.0,0.0,,0.0
176,11,4.00,7,16.50,20.37,20.38,0.0,0.00,0.0,-0.0,,0.0
176,12,4.00,7,17.38,20.80,20.81,0.0,0.00,0.0,-0.0,,0.0
176,13,4.00,7,18.44,21.33,21.34,0.0,0.00,0.0,-0.0,,0.0
176,14,4.00,7,18.86,21.90,21.91,0.0,0.00,0.0,-0.0,,0.0
176,15,4.00,7,19.23,22.45,22.47,0.0,0.00,0.0,0.0,,0.0
176,16,4.00,7,18.76,22.90,22.91,0.0,0.00,0.0,0.0,,0.0
176,17,4.00,7,18.48,23.24,23.25,0.0,0.00,0.0,0.0,,0.0
176,18,4.00,7,17.60,23.35,23.36,0.0,0.00,0.0,0.0,,0.0
176,19,4.00,7,16.55,22.59,22.60,0.0,0.00,0.0,0.0,,0.0
176,20,4.00,7,16.25,22.16,22.17,0.0,0.00,0.0,0.0,,0.0
176,21,4.00,7,16.18,21.81,21.82,0.0,0.00,0.0,0.0,,0.0
176,22,4.00,7,16.21,21.51,21.52,0.0,0.00,0.0,0.0,,0.0
176,23,4.00,7,16.22,21.24,21.25,0.0,0.00,0.0,0.0,,0.0
176,24,4.00,7,16.09,20.98,20.99,0.0,0.00,0.0,0.0,,0.0
176,1,5.00,7,16.08,20.74,20.75,0.0,0.00,0.0,0.0,,0.0
176,2,5.00,7,15.93,20.51,20.52,0.0,0.00,0.0,0.0,,0.0
176,3,5.00,7,15.86,20.30,20.31,0.0,0.00,0.0,0.0,,0.0
176,4,5.00,7,15.85,20.10,20.11,0.0,0.00,0.0,0.0,,0.0
176,5,5.00,7,15.82,19.92,19.92,0.0,0.00,0.0,0.0,,0.0
176,6,5.00,7,15.53,19.72,19.73,0.0,0.00,0.0,0.0,,0.0
176,7,5.00,7,15.41,19.54,19.55,0.0,0.00,0.0,0.0,,0.0
176,8,5.00,7,15.21,19.81,20.78,2459.45,0.00,0.0,0.0,,2459.45
176,9,5.00,7,16.21,19.98,20.78,1305.41,0.00,0.0,0.0,,1305.41
176,10,5.00,7,16.30,20.12,20.78,934.78,0.00,0.0,0.0,,934.78
176,11,5.00,7,17.49,20.44,20.78,125.26,0.00,0.0,0.0,,125.26
176,12,5.00,7,18.21,20.88,21.10,0.0,0.00,0.0,0.0,,0.0
176,13,5.00,7,18.92,21.40,21.58,0.0,0.00,0.0,0.0,,0.0
176,14,5.00,7,19.09,21.92,22.09,0.0,0.00,0.0,0.0,,0.0
176,15,5.00,7,19.11,22.41,22.57,0.0,0.00,0.0,0.0,,0.0
176,16,5.00,7,18.84,22.80,22.95,0.0,0.00,0.0,0.0,,0.0
176,17,5.00,7,18.68,23.09,23.23,0.0,0.00,0.0,0.0,,0.0
176,18,5.00,7,18.01,23.15,23.28,0.0,0.00,0.0,0.0,,0.0
176,19,5.00,7,17.11,22.61,22.74,0.0,0.00,0.0,0.0,,0.0
176,20,5.00,7,16.68,22.23,22.35,0.0,0.00,0.0,0.0,,0.0
176,21,5.00,7,16.59,21.90,22.02,0.0,0.00,0.0,0.0,,0.0
176,22,5.00,7,16.61,21.61,21.72,0.0,0.00,0.0,0.0,,0.0
176,23,5.00,7,16.55,21.34,21.45,0.0,0.00,0.0,0.0,,0.0
176,24,5.00,7,16.52,21.09,21.19,0.0,0.00,0.0,0.0,,0.0
176,1,6.00,7,16.56,20.87,20.96,0.0,0.00,0.0,0.0,,0.0
176,2,6.00,7,16.45,20.65,20.74,0.0,0.00,0.0,0.0,,0.0
176,3,6.00,7,16.39,20.45,20.54,0.0,0.00,0.0,0.0,,0.0
176,4,6.00,7,16.48,20.27,20.35,0.0,0.00,0.0,0.0,,0.0
176,5,6.00,7,16.45,20.09,20.18,0.0,0.00,0.0,0.0,,0.0
176,6,6.00,7,16.19,19.92,19.99,0.0,0.00,0.0,0.0,,0.0
176,7,6.00,7,16.07,19.75,19.82,0.0,0.00,0.0,0.0,,0.0
176,8,6.00,7,15.90,20.05,20.78,1695.15,0.00,0.0,0.0,,1695.15
176,9,6.00,7,16.86,20.23,20.78,734.73,0.00,0.0,0.0,,734.73
176,10,6.00,7,16.70,20.36,20.78,454.14,0.00,0.0,0.0,,454.14
176,11,6.00,7,18.37,20.73,20.95,0.0,0.00,0.0,0.0,,0.0
176,12,6.00,7,18.71,21.16,21.33,0.0,0.00,0.0,0.0,,0.0
176,13,6.00,7,18.91,21.62,21.78,0.0,0.00,0.0,0.0,,0.0
176,14,6.00,7,19.00,22.12,22.26,0.0,0.00,0.0,0.0,,0.0
176,15,6.00,7,18.71,22.56,22.69,0.0,0.00,0.0,0.0,,0.0
176,16,6.00,7,18.27,22.89,23.02,0.0,0.00,0.0,0.0,,0.0
176,17,6.00,7,17.81,23.12,23.24,0.0,0.00,0.0,0.0,,0.0
176,18,6.00,7,16.93,23.11,23.23,0.0,0.00,0.0,0.0,,0.0
176,19,6.00,7,15.80,22.55,22.66,0.0,0.00,0.0,0.0,,0.0
176,20,6.00,7,15.22,22.11,22.23,0.0,0.00,0.0,0.0,,0.0
176,21,6.00,7,14.92,21.72,21.83,0.0,0.00,0.0,0.0,,0.0
176,22,6.00,7,14.78,21.37,21.47,0.0,0.00,0.0,0.0,,0.0
176,23,6.00,7,14.50,21.03,21.12,0.0,0.00,0.0,0.0,,0.0
176,24,6.00,7,14.38,20.71,20.80,0.0,0.00,0.0,0.0,,0.0
176,1,7.00,7,16.01,20.51,20.60,0.0,0.00,0.0,0.0,,0.0
176,2,7.00,7,15.73,20.29,20.38,0.0,0.00,0.0,0.0,,0.0
176,3,7.00,7,15.55,20.08,20.16,0.0,0.00,0.0,0.0,,0.0
176,4,7.00,7,15.30,19.87,19.95,0.0,0.00,0.0,0.0,,0.0
176,5,7.00,7,15.18,19.67,19.74,0.0,0.00,0.0,0.0,,0.0
176,6,7.00,7,14.94,19.47,19.54,0.0,0.00,0.0,0.0,,0.0
176,7,7.00,7,14.59,19.26,19.33,0.0,0.00,0.0,0.0,,0.0
176,8,7.00,7,14.21,19.47,20.78,3176.86,0.00,0.0,0.0,,3176.86
176,9,7.00,7,15.16,19.61,20.78,1915.63,0.00,0.0,0.0,,1915.63
176,10,7.00,7,16.44,19.84,20.78,1253.95,0.00,0.0,0.0,,1253.95
176,11,7.00,7,18.29,20.26,20.78,220.67,0.00,0.0,0.0,,220.67
176,12,7.00,7,19.37,20.79,21.13,0.0,0.00,0.0,0.0,,0.0
176,13,7.00,7,19.97,21.36,21.65,0.0,0.00,0.0,0.0,,0.0
176,14,7.00,7,20.62,21.98,22.25,0.0,0.00,0.0,0.0,,0.0
176,15,7.00,7,20.44,22.52,22.77,0.0,0.00,0.0,0.0,,0.0
176,16,7.00,7,20.15,22.95,23.19,0.0,0.00,0.0,0.0,,0.0
176,17,7.00,7,19.59,23.25,23.48,0.0,0.00,0.0,0.0,,0.0
176,18,7.00,7,18.81,23.33,23.54,0.0,0.00,0.0,0.0,,0.0
176,19,7.00,7,17.98,22.79,23.00,0.0,0.00,0.0,0.0,,0.0
176,20,7.00,7,17.48,22.41,22.62,0.0,0.00,0.0,0.0,,0.0
176,21,7.00,7,17.28,22.10,22.29,0.0,0.00,0.0,0.0,,0.0
176,22,7.00,7,17.14,21.81,21.99,0.0,0.00,0.0,0.0,,0.0
176,23,7.00,7,16.86,21.53,21.70,0.0,0.00,0.0,0.0,,0.0
176,24,7.00,7,16.65,21.27,21.43,0.0,0.00,0.0,0.0,,0.0
176,1,1.00,7,16.51,21.02,21.18,0.0,0.00,0.0,0.0,,0.0
176,2,1.00,7,16.14,20.77,20.93,0.0,0.00,0.0,0.0,,0.0
176,3,1.00,7,15.79,20.53,20.68,0.0,0.00,0.0,0.0,,0.0
176,4,1.00,7,15.62,20.30,20.44,0.0,0.00,0.0,0.0,,0.0
176,5,1.00,7,15.69,20.09,20.22,0.0,0.00,0.0,0.0,,0.0
176,6,1.00,7,15.54,19.89,20.02,0.0,0.00,0.0,0.0,,0.0
176,7,1.00,7,15.26,19.68,19.81,0.0,0.00,0.0,0.0,,0.0
176,8,1.00,7,14.98,19.91,20.78,1927.31,0.00,0.0,0.0,,1927.31
176,9,1.00,7,16.01,20.07,20.78,992.89,0.00,0.0,0.0,,992.89
176,10,1.00,7,17.00,20.28,20.78,465.04,0.00,0.0,0.0,,465.04
176,11,1.00,7,18.64,20.67,20.96,0.0,0.00,0.0,-29.09,,-29.09
176,12,1.00,7,19.58,21.18,21.40,0.0,0.00,0.0,0.0,,0.0
176,13,1.00,7,20.13,21.72,21.93,0.0,0.00,0.0,0.0,,0.0
176,14,1.00,7,20.61,22.31,22.50,0.0,0.00,0.0,0.0,,0.0
176,15,1.00,7,20.39,22.82,23.00,0.0,0.00,0.0,0.0,,0.0
176,16,1.00,7,20.01,23.22,23.40,0.0,0.00,0.0,0.0,,0.0
176,17,1.00,7,19.55,23.51,23.67,0.0,0.00,0.0,0.0,,0.0
176,18,1.00,7,18.78,23.57,23.72,0.0,0.00,0.0,0.0,,0.0
176,19,1.00,7,17.92,23.01,23.17,0.0,0.00,0.0,0.0,,0.0
176,20,1.00,7,17.48,22.63,22.78,0.0,0.00,0.0,0.0,,0.0
176,21,1.00,7,17.30,22.31,22.45,0.0,0.00,0.0,0.0,,0.0
176,22,1.00,7,17.08,22.00,22.14,0.0,0.00,0.0,0.0,,0.0
176,23,1.00,7,16.79,21.71,21.84,0.0,0.00,0.0,0.0,,0.0
176,24,1.00,7,16.50,21.43,21.56,0.0,0.00,0.0,0.0,,0.0
176,1,2.00,7,16.31,21.17,21.29,0.0,0.00,0.0,0.0,,0.0
176,2,2.00,7,16.03,20.91,21.02,0.0,0.00,0.0,0.0,,0.0
176,3,2.00,7,15.90,20.67,20.78,0.0,0.00,0.0,0.0,,0.0
176,4,2.00,7,15.81,20.44,20.55,0.0,0.00,0.0,0.0,,0.0
176,5,2.00,7,15.81,20.23,20.33,0.0,0.00,0.0,0.0,,0.0
176,6,2.00,7,15.48,20.01,20.11,0.0,0.00,0.0,0.0,,0.0
176,7,2.00,7,15.18,19.80,19.89,0.0,0.00,0.0,0.0,,0.0
176,8,2.00,7,14.76,19.99,20.78,1779.44,0.00,0.0,0.0,,1779.44
176,9,2.00,7,15.38,20.09,20.78,1030.12,0.00,0.0,0.0,,1030.12
176,10,2.00,7,16.21,20.25,20.78,595.78,0.00,0.0,0.0,,595.78
176,11,2.00,7,17.81,20.61,20.88,0.0,0.00,0.0,0.0,,0.0
176,12,2.00,7,18.80,21.08,21.29,0.0,0.00,0.0,0.0,,0.0
176,13,2.00,7,19.45,21.61,21.80,0.0,0.00,0.0,0.0,,0.0
176,14,2.00,7,19.85,22.17,22.34,0.0,0.00,0.0,0.0,,0.0
176,15,2.00,7,20.19,22.71,22.87,0.0,0.00,0.0,0.0,,0.0
176,16,2.00,7,20.00,23.13,23.29,0.0,0.00,0.0,0.0,,0.0
176,17,2.00,7,19.55,23.43,23.58,0.0,0.00,0.0,0.0,,0.0
176,18,2.00,7,18.80,23.49,23.64,0.0,0.00,0.0,0.0,,0.0
176,19,2.00,7,18.26,22.97,23.11,0.0,0.00,0.0,0.0,,0.0
176,20,2.00,7,17.81,22.60,22.74,0.0,0.00,0.0,0.0,,0.0
176,21,2.00,7,17.73,22.30,22.43,0.0,0.00,0.0,0.0,,0.0
176,22,2.00,7,17.67,22.02,22.15,0.0,0.00,0.0,0.0,,0.0
176,23,2.00,7,17.50,21.76,21.88,0.0,0.00,0.0,0.0,,0.0
176,24,2.00,7,17.35,21.51,21.63,0.0,0.00,0.0,0.0,,0.0
176,1,3.00,7,17.33,21.29,21.40,0.0,0.00,0.0,0.0,,0.0
176,2,3.00,7,17.23,21.08,21.18,0.0,0.00,0.0,0.0,,0.0
176,3,3.00,7,17.11,20.87,20.98,0.0,0.00,0.0,0.0,,0.0
176,4,3.00,7,16.97,20.68,20.78,0.0,0.00,0.0,0.0,,0.0
176,5,3.00,7,16.94,20.50,20.59,0.0,0.00,0.0,0.0,,0.0
176,6,3.00,7,16.79,20.32,20.41,0.0,0.00,0.0,0.0,,0.0
176,7,3.00,7,16.56,20.14,20.23,0.0,0.00,0.0,0.0,,0.0
176,8,3.00,7,16.19,20.62,20.70,0.0,0.00,0.0,-0.0,,0.0
176,9,3.00,7,16.61,20.79,20.87,0.0,0.00,0.0,-0.0,,0.0
176,10,3.00,7,17.18,20.96,21.04,0.0,0.00,0.0,-0.0,,0.0
176,11,3.00,7,18.25,21.26,21.33,0.0,0.00,0.0,-0.0,,0.0
176,12,3.00,7,18.74,21.67,21.74,0.0,0.00,0.0,-0.0,,0.0
176,13,3.00,7,19.39,22.17,22.24,0.0,0.00,0.0,-0.0,,0.0
176,14,3.00,7,19.67,22.71,22.77,0.0,0.00,0.0,0.0,,0.0
176,15,3.00,7,19.91,23.23,23.30,0.0,0.00,0.0,0.0,,0.0
176,16,3.00,7,19.66,23.66,23.73,0.0,0.00,0.0,0.0,,0.0
176,17,3.00,7,19.22,23.98,24.04,0.0,0.00,0.0,0.0,,0.0
176,18,3.00,7,18.39,24.08,24.13,0.0,0.00,0.0,0.0,,0.0
176,19,3.00,7,17.60,23.31,23.37,0.0,0.00,0.0,0.0,,0.0
176,20,3.00,7,17.12,22.86,22.92,0.0,0.00,0.0,0.0,,0.0
176,21,3.00,7,17.01,22.51,22.56,0.0,0.00,0.0,0.0,,0.0
176,22,3.00,7,17.08,22.20,22.25,0.0,0.00,0.0,0.0,,0.0
176,23,3.00,7,16.94,21.91,21.95,0.0,0.00,0.0,0.0,,0.0
176,24,3.00,7,16.75,21.63,21.68,0.0,0.00,0.0,0.0,,0.0
176,1,4.00,7,16.66,21.37,21.42,0.0,0.00,0.0,0.0,,0.0
176,2,4.00,7,16.49,21.13,21.17,0.0,0.00,0.0,0.0,,0.0
176,3,4.00,7,16.31,20.89,20.93,0.0,0.00,0.0,0.0,,0.0
176,4,4.00,7,16.15,20.66,20.71,0.0,0.00,0.0,0.0,,0.0
176,5,4.00,7,16.02,20.45,20.49,0.0,0.00,0.0,0.0,,0.0
176,6,4.00,7,15.76,20.23,20.27,0.0,0.00,0.0,0.0,,0.0
176,7,4.00,7,15.53,20.02,20.06,0.0,0.00,0.0,0.0,,0.0
176,8,4.00,7,15.27,20.47,20.51,0.0,0.00,0.0,0.0,,0.0
176,9,4.00,7,16.04,20.64,20.68,0.0,0.00,0.0,-0.0,,0.0
176,10,4.00,7,17.00,20.83,20.86,0.0,0.00,0.0,-0.0,,0.0
176,11,4.00,7,18.46,21.15,21.18,0.0,0.00,0.0,-0.0,,0.0
176,12,4.00,7,19.20,21.60,21.63,0.0,0.00,0.0,-0.0,,0.0
176,13,4.00,7,19.73,22.11,22.14,0.0,0.00,0.0,-0.0,,0.0
176,14,4.00,7,20.33,22.69,22.72,0.0,0.00,0.0,0.0,,0.0
176,15,4.00,7,20.29,23.23,23.26,0.0,0.00,0.0,-0.0,,0.0
176,16,4.00,7,20.15,23.68,23.71,0.0,0.00,0.0,0.0,,0.0
176,17,4.00,7,19.67,24.02,24.05,0.0,0.00,0.0,0.0,,0.0
176,18,4.00,7,19.02,24.14,24.17,0.0,0.00,0.0,0.0,,0.0
176,19,4.00,7,18.39,23.41,23.44,0.0,0.00,0.0,0.0,,0.0
176,20,4.00,7,18.03,22.99,23.02,0.0,0.00,0.0,0.0,,0.0
176,21,4.00,7,18.00,22.67,22.70,0.0,0.00,0.0,0.0,,0.0
176,22,4.00,7,17.98,22.38,22.41,0.0,0.00,0.0,0.0,,0.0
176,23,4.00,7,17.83,22.12,22.14,0.0,0.00,0.0,0.0,,0.0
176,24,4.00,7,17.69,21.86,21.89,0.0,0.00,0.0,0.0,,0.0
176,1,5.00,7,17.59,21.63,21.66,0.0,0.00,0.0,0.0,,0.0
176,2,5.00,7,17.38,21.40,21.43,0.0,0.00,0.0,0.0,,0.0
176,3,5.00,7,17.29,21.19,21.21,0.0,0.00,0.0,0.0,,0.0
176,4,5.00,7,17.17,20.99,21.01,0.0,0.00,0.0,0.0,,0.0
176,5,5.00,7,17.01,20.79,20.81,0.0,0.00,0.0,0.0,,0.0
176,6,5.00,7,16.83,20.60,20.62,0.0,0.00,0.0,0.0,,0.0
176,7,5.00,7,16.47,20.40,20.42,0.0,0.00,0.0,0.0,,0.0
176,8,5.00,7,16.17,20.65,20.78,280.0,0.00,0.0,0.0,,280.0
176,9,5.00,7,16.64,20.76,20.81,0.0,0.00,0.0,0.0,,0.0
176,10,5.00,7,17.27,20.92,20.95,0.0,0.00,0.0,0.0,,0.0
176,11,5.00,7,18.54,21.24,21.27,0.0,0.00,0.0,0.0,,0.0
176,12,5.00,7,18.94,21.65,21.68,0.0,0.00,0.0,0.0,,0.0
176,13,5.00,7,19.23,22.10,22.13,0.0,0.00,0.0,0.0,,0.0
176,14,5.00,7,19.34,22.58,22.61,0.0,0.00,0.0,0.0,,0.0
176,15,5.00,7,19.14,23.02,23.04,0.0,0.00,0.0,0.0,,0.0
176,16,5.00,7,18.98,23.37,23.40,0.0,0.00,0.0,0.0,,0.0
176,17,5.00,7,18.48,23.60,23.62,0.0,0.00,0.0,0.0,,0.0
176,18,5.00,7,17.80,23.61,23.64,0.0,0.00,0.0,0.0,,0.0
176,19,5.00,7,17.07,23.07,23.09,0.0,0.00,0.0,0.0,,0.0
176,20,5.00,7,16.70,22.67,22.69,0.0,0.00,0.0,0.0,,0.0
176,21,5.00,7,16.60,22.32,22.34,0.0,0.00,0.0,0.0,,0.0
176,22,5.00,7,16.61,22.00,22.02,0.0,0.00,0.0,0.0,,0.0
176,23,5.00,7,16.50,21.71,21.73,0.0,0.00,0.0,0.0,,0.0
176,24,5.00,7,16.35,21.43,21.45,0.0,0.00,0.0,0.0,,0.0
176,1,6.00,7,16.32,21.17,21.19,0.0,0.00,0.0,0.0,,0.0
176,2,6.00,7,16.24,20.93,20.95,0.0,0.00,0.0,0.0,,0.0
176,3,6.00,7,16.07,20.70,20.72,0.0,0.00,0.0,0.0,,0.0
176,4,6.00,7,15.80,20.46,20.49,0.0,0.00,0.0,0.0,,0.0
176,5,6.00,7,15.71,20.25,20.27,0.0,0.00,0.0,0.0,,0.0
176,6,6.00,7,15.56,20.04,20.06,0.0,0.00,0.0,0.0,,0.0
176,7,6.00,7,15.26,19.83,19.85,0.0,0.00,0.0,0.0,,0.0
176,8,6.00,7,15.09,20.05,20.78,1803.79,0.00,0.0,0.0,,1803.79
176,9,6.00,7,15.92,20.19,20.78,946.69,0.00,0.0,0.0,,946.69
176,10,6.00,7,16.54,20.35,20.78,526.99,0.00,0.0,0.0,,526.99
176,11,6.00,7,18.02,20.70,20.90,0.0,0.00,0.0,0.0,,0.0
176,12,6.00,7,18.74,21.15,21.30,0.0,0.00,0.0,0.0,,0.0
176,13,6.00,7,19.40,21.67,21.80,0.0,0.00,0.0,0.0,,0.0
176,14,6.00,7,19.61,22.20,22.32,0.0,0.00,0.0,0.0,,0.0
176,15,6.00,7,19.81,22.71,22.83,0.0,0.00,0.0,0.0,,0.0
176,16,6.00,7,19.49,23.10,23.22,0.0,0.00,0.0,0.0,,0.0
176,17,6.00,7,19.04,23.38,23.48,0.0,0.00,0.0,0.0,,0.0
176,18,6.00,7,18.10,23.40,23.50,0.0,0.00,0.0,0.0,,0.0
176,19,6.00,7,17.16,22.85,22.95,0.0,0.00,0.0,0.0,,0.0
176,20,6.00,7,16.84,22.46,22.55,0.0,0.00,0.0,0.0,,0.0
176,21,6.00,7,16.78,22.12,22.22,0.0,0.00,0.0,0.0,,0.0
176,22,6.00,7,16.77,21.82,21.91,0.0,0.00,0.0,0.0,,0.0
176,23,6.00,7,16.58,21.54,21.62,0.0,0.00,0.0,0.0,,0.0
176,24,6.00,7,16.50,21.27,21.35,0.0,0.00,0.0,0.0,,0.0
176,1,7.00,7,16.56,21.03,21.11,0.0,0.00,0.0,0.0,,0.0
176,2,7.00,7,16.28,20.80,20.87,0.0,0.00,0.0,0.0,,0.0
176,3,7.00,7,15.84,20.55,20.62,0.0,0.00,0.0,0.0,,0.0
176,4,7.00,7,15.60,20.32,20.39,0.0,0.00,0.0,0.0,,0.0
176,5,7.00,7,15.45,20.10,20.16,0.0,0.00,0.0,0.0,,0.0
176,6,7.00,7,15.56,19.90,19.96,0.0,0.00,0.0,0.0,,0.0
176,7,7.00,7,15.41,19.70,19.76,0.0,0.00,0.0,0.0,,0.0
176,8,7.00,7,15.10,19.94,20.78,2000.13,0.00,0.0,0.0,,2000.13
176,9,7.00,7,15.60,20.05,20.78,1156.63,0.00,0.0,0.0,,1156.63
176,10,7.00,7,15.66,20.14,20.78,878.19,0.00,0.0,0.0,,878.19
176,11,7.00,7,17.51,20.49,20.79,0.0,0.00,0.0,0.0,,0.0
176,12,7.00,7,18.41,20.95,21.17,0.0,0.00,0.0,0.0,,0.0
176,13,7.00,7,19.23,21.48,21.67,0.0,0.00,0.0,0.0,,0.0
176,14,7.00,7,19.62,22.04,22.22,0.0,0.00,0.0,0.0,,0.0
176,15,7.00,7,19.57,22.54,22.70,0.0,0.00,0.0,0.0,,0.0
176,16,7.00,7,19.26,22.93,23.09,0.0,0.00,0.0,0.0,,0.0
176,17,7.00,7,18.94,23.21,23.36,0.0,0.00,0.0,0.0,,0.0
176,18,7.00,7,18.29,23.27,23.42,0.0,0.00,0.0,0.0,,0.0
176,19,7.00,7,17.56,22.74,22.88,0.0,0.00,0.0,0.0,,0.0
176,20,7.00,7,17.21,22.37,22.50,0.0,0.00,0.0,0.0,,0.0
176,21,7.00,7,17.24,22.06,22.19,0.0,0.00,0.0,0.0,,0.0
176,22,7.00,7,17.40,21.79,21.91,0.0,0.00,0.0,0.0,,0.0
176,23,7.00,7,17.35,21.54,21.66,0.0,0.00,0.0,0.0,,0.0
176,24,7.00,7,17.17,21.30,21.41,0.0,0.00,0.0,0.0,,0.0
176,1,1.00,7,16.99,21.07,21.18,0.0,0.00,0.0,0.0,,0.0
176,2,1.00,7,16.66,20.84,20.94,0.0,0.00,0.0,0.0,,0.0
176,3,1.00,7,16.39,20.62,20.72,0.0,0.00,0.0,0.0,,0.0
176,4,1.00,7,16.22,20.40,20.50,0.0,0.00,0.0,0.0,,0.0
176,5,1.00,7,16.08,20.20,20.29,0.0,0.00,0.0,0.0,,0.0
176,6,1.00,7,15.95,20.00,20.09,0.0,0.00,0.0,0.0,,0.0
176,7,1.00,7,16.04,19.83,19.91,0.0,0.00,0.0,0.0,,0.0
176,8,1.00,7,15.97,20.12,20.78,1471.28,0.00,0.0,0.0,,1471.28
176,9,1.00,7,16.58,20.27,20.78,676.08,0.00,0.0,0.0,,676.08
176,10,1.00,7,16.71,20.41,20.78,363.41,0.00,0.0,0.0,,363.41
176,11,1.00,7,18.40,20.78,20.98,0.0,0.00,0.0,-58.74,,-58.74
176,12,1.00,7,18.69,21.19,21.36,0.0,0.00,0.0,0.0,,0.0
176,13,1.00,7,18.75,21.64,21.79,0.0,0.00,0.0,0.0,,0.0
176,14,1.00,7,18.75,22.11,22.25,0.0,0.00,0.0,0.0,,0.0
176,15,1.00,7,18.78,22.57,22.70,0.0,0.00,0.0,0.0,,0.0
176,16,1.00,7,18.69,22.94,23.07,0.0,0.00,0.0,0.0,,0.0
176,17,1.00,7,18.39,23.20,23.32,0.0,0.00,0.0,0.0,,0.0
176,18,1.00,7,17.84,23.25,23.36,0.0,0.00,0.0,0.0,,0.0
176,19,1.00,7,17.30,22.72,22.83,0.0,0.00,0.0,0.0,,0.0
176,20,1.00,7,17.06,22.35,22.46,0.0,0.00,0.0,0.0,,0.0
176,21,1.00,7,17.13,22.04,22.15,0.0,0.00,0.0,0.0,,0.0
176,22,1.00,7,17.22,21.76,21.86,0.0,0.00,0.0,0.0,,0.0
176,23,1.00,7,17.11,21.50,21.60,0.0,0.00,0.0,0.0,,0.0
176,24,1.00,7,17.04,21.26,21.36,0.0,0.00,0.0,0.0,,0.0
176,1,2.00,7,16.97,21.04,21.13,0.0,0.00,0.0,0.0,,0.0
176,2,2.00,7,16.79,20.82,20.91,0.0,0.00,0.0,0.0,,0.0
176,3,2.00,7,16.55,20.61,20.69,0.0,0.00,0.0,0.0,,0.0
176,4,2.00,7,16.49,20.41,20.49,0.0,0.00,0.0,0.0,,0.0
176,5,2.00,7,16.21,20.21,20.28,0.0,0.00,0.0,0.0,,0.0
176,6,2.00,7,15.90,20.00,20.08,0.0,0.00,0.0,0.0,,0.0
176,7,2.00,7,15.95,19.82,19.90,0.0,0.00,0.0,0.0,,0.0
176,8,2.00,7,15.92,20.11,20.78,1523.81,0.00,0.0,0.0,,1523.81
176,9,2.00,7,16.70,20.28,20.78,675.29,0.00,0.0,-162.53,,512.76
176,10,2.00,7,17.67,20.50,20.78,143.63,0.00,0.0,-152.01,,-8.379999999999995
176,11,2.00,7,18.91,20.87,21.05,0.0,0.00,0.0,-154.27,,-154.27
176,12,2.00,7,18.91,21.27,21.42,0.0,0.00,0.0,0.0,,0.0
176,13,2.00,7,19.33,21.76,21.89,0.0,0.00,0.0,0.0,,0.0
176,14,2.00,7,19.48,22.27,22.39,0.0,0.00,0.0,0.0,,0.0
176,15,2.00,7,19.47,22.74,22.86,0.0,0.00,0.0,0.0,,0.0
176,16,2.00,7,19.36,23.13,23.25,0.0,0.00,0.0,0.0,,0.0
176,17,2.00,7,18.93,23.40,23.51,0.0,0.00,0.0,0.0,,0.0
176,18,2.00,7,18.28,23.44,23.55,0.0,0.00,0.0,0.0,,0.0
176,19,2.00,7,17.56,22.90,23.01,0.0,0.00,0.0,0.0,,0.0
176,20,2.00,7,17.20,22.52,22.62,0.0,0.00,0.0,0.0,,0.0
176,21,2.00,7,17.18,22.20,22.29,0.0,0.00,0.0,0.0,,0.0
176,22,2.00,7,17.17,21.91,22.00,0.0,0.00,0.0,0.0,,0.0
176,23,2.00,7,17.06,21.63,21.72,0.0,0.00,0.0,0.0,,0.0
176,24,2.00,7,16.88,21.38,21.46,0.0,0.00,0.0,0.0,,0.0
176,1,3.00,7,16.70,21.13,21.21,0.0,0.00,0.0,0.0,,0.0
176,2,3.00,7,16.51,20.89,20.97,0.0,0.00,0.0,0.0,,0.0
176,3,3.00,7,16.41,20.67,20.75,0.0,0.00,0.0,0.0,,0.0
176,4,3.00,7,16.37,20.47,20.54,0.0,0.00,0.0,0.0,,0.0
176,5,3.00,7,16.34,20.27,20.34,0.0,0.00,0.0,0.0,,0.0
176,6,3.00,7,16.14,20.08,20.15,0.0,0.00,0.0,0.0,,0.0
176,7,3.00,7,16.20,19.91,19.97,0.0,0.00,0.0,0.0,,0.0
176,8,3.00,7,16.13,20.40,20.46,0.0,0.00,0.0,-0.0,,0.0
176,9,3.00,7,16.64,20.59,20.65,0.0,0.00,0.0,-0.0,,0.0
176,10,3.00,7,16.54,20.73,20.79,0.0,0.00,0.0,-0.0,,0.0
176,11,3.00,7,17.68,21.02,21.07,0.0,0.00,0.0,-0.0,,0.0
176,12,3.00,7,18.27,21.42,21.48,0.0,0.00,0.0,-0.0,,0.0
176,13,3.00,7,18.68,21.90,21.95,0.0,0.00,0.0,-0.0,,0.0
176,14,3.00,7,18.70,22.41,22.46,0.0,0.00,0.0,-0.0,,0.0
176,15,3.00,7,18.47,22.88,22.93,0.0,0.00,0.0,0.0,,0.0
176,16,3.00,7,18.23,23.27,23.32,0.0,0.00,0.0,0.0,,0.0
176,17,3.00,7,18.08,23.57,23.62,0.0,0.00,0.0,0.0,,0.0
176,18,3.00,7,17.52,23.66,23.70,0.0,0.00,0.0,0.0,,0.0
176,19,3.00,7,17.00,22.90,22.94,0.0,0.00,0.0,0.0,,0.0
176,20,3.00,7,16.69,22.46,22.50,0.0,0.00,0.0,0.0,,0.0
176,21,3.00,7,16.70,22.12,22.16,0.0,0.00,0.0,0.0,,0.0
176,22,3.00,7,16.86,21.82,21.86,0.0,0.00,0.0,0.0,,0.0
176,23,3.00,7,16.99,21.56,21.60,0.0,0.00,0.0,0.0,,0.0
176,24,3.00,7,16.94,21.31,21.35,0.0,0.00,0.0,0.0,,0.0
176,1,4.00,7,17.02,21.09,21.13,0.0,0.00,0.0,0.0,,0.0
176,2,4.00,7,17.02,20.88,20.92,0.0,0.00,0.0,0.0,,0.0
176,3,4.00,7,17.08,20.70,20.73,0.0,0.00,0.0,0.0,,0.0
176,4,4.00,7,16.98,20.51,20.55,0.0,0.00,0.0,0.0,,0.0
176,5,4.00,7,16.92,20.34,20.37,0.0,0.00,0.0,0.0,,0.0
176,6,4.00,7,16.68,20.16,20.20,0.0,0.00,0.0,0.0,,0.0
176,7,4.00,7,16.51,19.99,20.02,0.0,0.00,0.0,0.0,,0.0
176,8,4.00,7,16.15,20.48,20.51,0.0,0.00,0.0,0.0,,0.0
176,9,4.00,7,16.52,20.65,20.68,0.0,0.00,0.0,-0.0,,0.0
176,10,4.00,7,17.75,20.86,20.89,0.0,0.00,0.0,-0.0,,0.0
176,11,4.00,7,18.75,21.18,21.21,0.0,0.00,0.0,-0.0,,0.0
176,12,4.00,7,19.44,21.63,21.66,0.0,0.00,0.0,-0.0,,0.0
176,13,4.00,7,20.36,22.17,22.20,0.0,0.00,0.0,-0.0,,0.0
176,14,4.00,7,20.68,22.75,22.78,0.0,0.00,0.0,0.0,,0.0
176,15,4.00,7,20.55,23.29,23.32,0.0,0.00,0.0,0.0,,0.0
176,16,4.00,7,20.27,23.74,23.76,0.0,0.00,0.0,0.0,,0.0
176,17,4.00,7,19.70,24.06,24.09,0.0,0.00,0.0,0.0,,0.0
176,18,4.00,7,18.98,24.17,24.20,0.0,0.00,0.0,0.0,,0.0
176,19,4.00,7,18.28,23.43,23.46,0.0,0.00,0.0,0.0,,0.0
176,20,4.00,7,17.73,22.99,23.02,0.0,0.00,0.0,0.0,,0.0
176,21,4.00,7,17.47,22.64,22.66,0.0,0.00,0.0,0.0,,0.0
176,22,4.00,7,17.44,22.33,22.35,0.0,0.00,0.0,0.0,,0.0
176,23,4.00,7,17.17,22.03,22.06,0.0,0.00,0.0,0.0,,0.0
176,24,4.00,7,16.85,21.75,21.77,0.0,0.00,0.0,0.0,,0.0
176,1,5.00,7,16.64,21.48,21.50,0.0,0.00,0.0,0.0,,0.0
176,2,5.00,7,16.36,21.21,21.23,0.0,0.00,0.0,0.0,,0.0
176,3,5.00,7,16.16,20.96,20.98,0.0,0.00,0.0,0.0,,0.0
176,4,5.00,7,15.91,20.72,20.74,0.0,0.00,0.0,0.0,,0.0
176,5,5.00,7,15.58,20.47,20.49,0.0,0.00,0.0,0.0,,0.0
176,6,5.00,7,15.01,20.21,20.23,0.0,0.00,0.0,0.0,,0.0
176,7,5.00,7,14.84,19.97,19.99,0.0,0.00,0.0,0.0,,0.0
176,8,5.00,7,14.68,20.15,20.78,1554.6,0.00,0.0,0.0,,1554.6
176,9,5.00,7,15.45,20.25,20.78,862.53,0.00,0.0,0.0,,862.53
176,10,5.00,7,16.63,20.43,20.78,363.23,0.00,0.0,0.0,,363.23
176,11,5.00,7,17.70,20.75,20.92,0.0,0.00,0.0,0.0,,0.0
176,12,5.00,7,18.54,21.19,21.32,0.0,0.00,0.0,0.0,,0.0
176,13,5.00,7,19.16,21.69,21.80,0.0,0.00,0.0,0.0,,0.0
176,14,5.00,7,19.60,22.23,22.34,0.0,0.00,0.0,0.0,,0.0
176,15,5.00,7,19.75,22.73,22.84,0.0,0.00,0.0,0.0,,0.0
176,16,5.00,7,19.66,23.15,23.24,0.0,0.00,0.0,0.0,,0.0
176,17,5.00,7,19.24,23.43,23.52,0.0,0.00,0.0,0.0,,0.0
176,18,5.00,7,18.90,23.52,23.61,0.0,0.00,0.0,0.0,,0.0
176,19,5.00,7,18.34,22.99,23.08,0.0,0.00,0.0,0.0,,0.0
176,20,5.00,7,17.95,22.63,22.72,0.0,0.00,0.0,0.0,,0.0
176,21,5.00,7,17.80,22.33,22.41,0.0,0.00,0.0,0.0,,0.0
176,22,5.00,7,17.81,22.05,22.13,0.0,0.00,0.0,0.0,,0.0
176,23,5.00,7,17.78,21.80,21.88,0.0,0.00,0.0,0.0,,0.0
176,24,5.00,7,17.93,21.58,21.66,0.0,0.00,0.0,0.0,,0.0
176,1,6.00,7,18.10,21.39,21.46,0.0,0.00,0.0,-0.0,,0.0
176,2,6.00,7,18.42,21.23,21.29,0.0,0.00,0.0,-0.0,,0.0
176,3,6.00,7,18.39,21.07,21.13,0.0,0.00,0.0,-0.0,,0.0
176,4,6.00,7,18.31,20.91,20.98,0.0,0.00,0.0,-0.0,,0.0
176,5,6.00,7,17.83,20.74,20.80,0.0,0.00,0.0,-0.0,,0.0
176,6,6.00,7,17.43,20.57,20.62,0.0,0.00,0.0,-0.0,,0.0
176,7,6.00,7,17.43,20.41,20.47,0.0,0.00,0.0,-0.0,,0.0
176,8,6.00,7,17.44,20.76,20.81,0.0,0.00,0.0,0.0,,0.0
176,9,6.00,7,18.09,20.95,21.00,0.0,0.00,0.0,-301.04,,-301.04
176,10,6.00,7,18.70,21.16,21.20,0.0,0.00,0.0,0.0,,0.0
176,11,6.00,7,19.23,21.45,21.50,0.0,0.00,0.0,0.0,,0.0
176,12,6.00,7,19.62,21.86,21.91,0.0,0.00,0.0,0.0,,0.0
176,13,6.00,7,19.91,22.33,22.37,0.0,0.00,0.0,0.0,,0.0
176,14,6.00,7,19.78,22.80,22.84,0.0,0.00,0.0,0.0,,0.0
176,15,6.00,7,19.54,23.23,23.27,0.0,0.00,0.0,0.0,,0.0
176,16,6.00,7,19.06,23.55,23.59,0.0,0.00,0.0,0.0,,0.0
176,17,6.00,7,18.67,23.77,23.81,0.0,0.00,0.0,0.0,,0.0
176,18,6.00,7,17.90,23.77,23.81,0.0,0.00,0.0,0.0,,0.0
176,19,6.00,7,17.03,23.21,23.25,0.0,0.00,0.0,0.0,,0.0
176,20,6.00,7,16.47,22.78,22.82,0.0,0.00,0.0,0.0,,0.0
176,21,6.00,7,16.18,22.40,22.43,0.0,0.00,0.0,0.0,,0.0
176,22,6.00,7,16.15,22.06,22.09,0.0,0.00,0.0,0.0,,0.0
176,23,6.00,7,16.07,21.74,21.77,0.0,0.00,0.0,0.0,,0.0
176,24,6.00,7,15.71,21.43,21.46,0.0,0.00,0.0,0.0,,0.0
176,1,7.00,7,15.50,21.13,21.16,0.0,0.00,0.0,0.0,,0.0
176,2,7.00,7,15.04,20.83,20.86,0.0,0.00,0.0,0.0,,0.0
176,3,7.00,7,14.65,20.54,20.57,0.0,0.00,0.0,0.0,,0.0
176,4,7.00,7,14.38,20.26,20.29,0.0,0.00,0.0,0.0,,0.0
176,5,7.00,7,14.13,19.99,20.01,0.0,0.00,0.0,0.0,,0.0
176,6,7.00,7,14.07,19.73,19.76,0.0,0.00,0.0,0.0,,0.0
176,7,7.00,7,13.77,19.48,19.50,0.0,0.00,0.0,0.0,,0.0
176,8,7.00,7,13.35,19.59,20.78,2956.44,0.00,0.0,0.0,,2956.44
176,9,7.00,7,13.19,19.57,20.78,2170.0,0.00,0.0,0.0,,2170.0
176,10,7.00,7,14.20,19.67,20.78,1720.69,0.00,0.0,0.0,,1720.69
176,11,7.00,7,15.98,19.99,20.78,844.87,0.00,0.0,0.0,,844.87
176,12,7.00,7,17.46,20.47,20.88,0.0,0.00,0.0,0.0,,0.0
176,13,7.00,7,18.96,21.06,21.38,0.0,0.00,0.0,0.0,,0.0
176,14,7.00,7,19.70,21.67,21.96,0.0,0.00,0.0,0.0,,0.0
176,15,7.00,7,20.32,22.27,22.54,0.0,0.00,0.0,0.0,,0.0
176,16,7.00,7,20.22,22.75,23.00,0.0,0.00,0.0,0.0,,0.0
176,17,7.00,7,19.84,23.08,23.32,0.0,0.00,0.0,0.0,,0.0
176,18,7.00,7,19.07,23.18,23.41,0.0,0.00,0.0,0.0,,0.0
176,19,7.00,7,18.41,22.66,22.88,0.0,0.00,0.0,0.0,,0.0
176,20,7.00,7,18.13,22.32,22.53,0.0,0.00,0.0,0.0,,0.0
176,21,7.00,7,18.04,22.04,22.24,0.0,0.00,0.0,0.0,,0.0
176,22,7.00,7,17.99,21.79,21.98,0.0,0.00,0.0,0.0,,0.0
176,23,7.00,7,17.90,21.55,21.74,0.0,0.00,0.0,0.0,,0.0
176,24,7.00,7,17.83,21.34,21.51,0.0,0.00,0.0,0.0,,0.0
176,1,1.00,8,17.93,21.14,21.31,0.0,0.00,0.0,-0.0,,0.0
176,2,1.00,8,17.84,20.96,21.12,0.0,0.00,0.0,-0.0,,0.0
176,3,1.00,8,17.60,20.78,20.93,0.0,0.00,0.0,-0.0,,0.0
176,4,1.00,8,17.37,20.60,20.75,0.0,0.00,0.0,-0.0,,0.0
176,5,1.00,8,17.14,20.42,20.56,0.0,0.00,0.0,-0.0,,0.0
176,6,1.00,8,17.13,20.26,20.39,0.0,0.00,0.0,-0.0,,0.0
176,7,1.00,8,17.12,20.11,20.24,0.0,0.00,0.0,-0.0,,0.0
176,8,1.00,8,17.12,20.49,21.23,1575.89,0.00,0.0,0.0,,1575.89
176,9,1.00,8,17.14,20.65,21.23,727.9,0.00,0.0,0.0,,727.9
176,10,1.00,8,17.08,20.82,21.23,326.14,0.00,0.0,0.0,,326.14
176,11,1.00,8,18.13,21.18,21.42,0.0,0.00,0.0,0.0,,0.0
176,12,1.00,8,18.77,21.60,21.81,0.0,0.00,0.0,0.0,,0.0
176,13,1.00,8,19.72,22.13,22.31,0.0,0.00,0.0,0.0,,0.0
176,14,1.00,8,19.60,22.60,22.78,0.0,0.00,0.0,0.0,,0.0
176,15,1.00,8,19.46,23.04,23.20,0.0,0.00,0.0,0.0,,0.0
176,16,1.00,8,19.31,23.40,23.56,0.0,0.00,0.0,0.0,,0.0
176,17,1.00,8,19.24,23.67,23.82,0.0,0.00,0.0,0.0,,0.0
176,18,1.00,8,18.66,23.74,23.89,0.0,0.00,0.0,0.0,,0.0
176,19,1.00,8,17.95,23.21,23.35,0.0,0.00,0.0,0.0,,0.0
176,20,1.00,8,17.71,22.84,22.98,0.0,0.00,0.0,0.0,,0.0
176,21,1.00,8,17.57,22.52,22.65,0.0,0.00,0.0,0.0,,0.0
176,22,1.00,8,17.65,22.23,22.36,0.0,0.00,0.0,0.0,,0.0
176,23,1.00,8,17.83,21.98,22.10,0.0,0.00,0.0,0.0,,0.0
176,24,1.00,8,17.92,21.75,21.87,0.0,0.00,0.0,0.0,,0.0
176,1,2.00,8,17.92,21.54,21.65,0.0,0.00,0.0,0.0,,0.0
176,2,2.00,8,17.74,21.33,21.43,0.0,0.00,0.0,-0.0,,0.0
176,3,2.00,8,17.79,21.14,21.24,0.0,0.00,0.0,-0.0,,0.0
176,4,2.00,8,17.80,20.96,21.06,0.0,0.00,0.0,-0.0,,0.0
176,5,2.00,8,17.49,20.78,20.88,0.0,0.00,0.0,0.0,,0.0
176,6,2.00,8,16.93,20.58,20.67,0.0,0.00,0.0,0.0,,0.0
176,7,2.00,8,16.52,20.38,20.47,0.0,0.00,0.0,0.0,,0.0
176,8,2.00,8,16.11,20.65,21.23,1259.64,0.00,0.0,0.0,,1259.64
176,9,2.00,8,16.42,20.78,21.23,591.21,0.00,0.0,0.0,,591.21
176,10,2.00,8,17.40,21.01,21.23,13.59,0.00,0.0,0.0,,13.59
176,11,2.00,8,18.41,21.38,21.53,0.0,0.00,0.0,0.0,,0.0
176,12,2.00,8,18.88,21.79,21.93,0.0,0.00,0.0,0.0,,0.0
176,13,2.00,8,19.36,22.26,22.39,0.0,0.00,0.0,0.0,,0.0
176,14,2.00,8,19.45,22.73,22.86,0.0,0.00,0.0,0.0,,0.0
176,15,2.00,8,19.30,23.15,23.27,0.0,0.00,0.0,0.0,,0.0
176,16,2.00,8,19.04,23.49,23.61,0.0,0.00,0.0,0.0,,0.0
176,17,2.00,8,18.75,23.72,23.83,0.0,0.00,0.0,0.0,,0.0
176,18,2.00,8,18.14,23.77,23.87,0.0,0.00,0.0,0.0,,0.0
176,19,2.00,8,17.47,23.24,23.34,0.0,0.00,0.0,0.0,,0.0
176,20,2.00,8,17.15,22.85,22.95,0.0,0.00,0.0,0.0,,0.0
176,21,2.00,8,16.95,22.50,22.60,0.0,0.00,0.0,0.0,,0.0
176,22,2.00,8,17.01,22.19,22.28,0.0,0.00,0.0,0.0,,0.0
176,23,2.00,8,17.26,21.92,22.01,0.0,0.00,0.0,0.0,,0.0
176,24,2.00,8,17.43,21.68,21.76,0.0,0.00,0.0,0.0,,0.0
176,1,3.00,8,17.42,21.45,21.53,0.0,0.00,0.0,0.0,,0.0
176,2,3.00,8,17.29,21.23,21.31,0.0,0.00,0.0,0.0,,0.0
176,3,3.00,8,17.04,21.02,21.09,0.0,0.00,0.0,0.0,,0.0
176,4,3.00,8,17.07,20.82,20.89,0.0,0.00,0.0,0.0,,0.0
176,5,3.00,8,16.79,20.62,20.69,0.0,0.00,0.0,0.0,,0.0
176,6,3.00,8,16.46,20.42,20.49,0.0,0.00,0.0,0.0,,0.0
176,7,3.00,8,16.35,20.23,20.29,0.0,0.00,0.0,0.0,,0.0
176,8,3.00,8,16.20,20.73,20.80,0.0,0.00,0.0,-0.0,,0.0
176,9,3.00,8,16.77,20.95,21.01,0.0,0.00,0.0,-0.0,,0.0
176,10,3.00,8,17.08,21.17,21.23,0.0,0.00,0.0,-0.0,,0.0
176,11,3.00,8,17.77,21.49,21.55,0.0,0.00,0.0,-0.0,,0.0
176,12,3.00,8,17.88,21.87,21.93,0.0,0.00,0.0,-0.0,,0.0
176,13,3.00,8,18.40,22.33,22.38,0.0,0.00,0.0,0.0,,0.0
176,14,3.00,8,18.55,22.80,22.85,0.0,0.00,0.0,0.0,,0.0
176,15,3.00,8,18.27,23.23,23.28,0.0,0.00,0.0,0.0,,0.0
176,16,3.00,8,18.23,23.61,23.66,0.0,0.00,0.0,0.0,,0.0
176,17,3.00,8,17.89,23.87,23.91,0.0,0.00,0.0,0.0,,0.0
176,18,3.00,8,17.34,23.95,24.00,0.0,0.00,0.0,0.0,,0.0
176,19,3.00,8,16.78,23.18,23.23,0.0,0.00,0.0,0.0,,0.0
176,20,3.00,8,16.54,22.73,22.77,0.0,0.00,0.0,0.0,,0.0
176,21,3.00,8,16.61,22.37,22.42,0.0,0.00,0.0,0.0,,0.0
176,22,3.00,8,16.72,22.06,22.10,0.0,0.00,0.0,0.0,,0.0
176,23,3.00,8,16.77,21.78,21.82,0.0,0.00,0.0,0.0,,0.0
176,24,3.00,8,16.61,21.51,21.55,0.0,0.00,0.0,0.0,,0.0
176,1,4.00,8,16.73,21.27,21.30,0.0,0.00,0.0,0.0,,0.0
176,2,4.00,8,16.79,21.04,21.08,0.0,0.00,0.0,0.0,,0.0
176,3,4.00,8,16.59,20.82,20.86,0.0,0.00,0.0,0.0,,0.0
176,4,4.00,8,16.60,20.62,20.66,0.0,0.00,0.0,0.0,,0.0
176,5,4.00,8,16.29,20.41,20.45,0.0,0.00,0.0,0.0,,0.0
176,6,4.00,8,16.17,20.22,20.25,0.0,0.00,0.0,0.0,,0.0
176,7,4.00,8,16.07,20.03,20.07,0.0,0.00,0.0,0.0,,0.0
176,8,4.00,8,16.17,20.55,20.59,0.0,0.00,0.0,0.0,,0.0
176,9,4.00,8,16.48,20.76,20.80,0.0,0.00,0.0,-0.0,,0.0
176,10,4.00,8,16.78,20.98,21.01,0.0,0.00,0.0,-0.0,,0.0
176,11,4.00,8,17.50,21.31,21.34,0.0,0.00,0.0,-0.0,,0.0
176,12,4.00,8,17.92,21.71,21.74,0.0,0.00,0.0,-0.0,,0.0
176,13,4.00,8,18.29,22.16,22.19,0.0,0.00,0.0,0.0,,0.0
176,14,4.00,8,18.28,22.64,22.67,0.0,0.00,0.0,0.0,,0.0
176,15,4.00,8,18.08,23.07,23.10,0.0,0.00,0.0,0.0,,0.0
176,16,4.00,8,18.08,23.45,23.48,0.0,0.00,0.0,0.0,,0.0
176,17,4.00,8,17.64,23.71,23.73,0.0,0.00,0.0,0.0,,0.0
176,18,4.00,8,17.08,23.79,23.82,0.0,0.00,0.0,0.0,,0.0
176,19,4.00,8,16.63,23.03,23.05,0.0,0.00,0.0,0.0,,0.0
176,20,4.00,8,16.48,22.58,22.61,0.0,0.00,0.0,0.0,,0.0
176,21,4.00,8,16.43,22.23,22.25,0.0,0.00,0.0,0.0,,0.0
176,22,4.00,8,16.49,21.91,21.94,0.0,0.00,0.0,0.0,,0.0
176,23,4.00,8,16.78,21.64,21.67,0.0,0.00,0.0,0.0,,0.0
176,24,4.00,8,16.89,21.40,21.42,0.0,0.00,0.0,0.0,,0.0
176,1,5.00,8,16.92,21.17,21.19,0.0,0.00,0.0,0.0,,0.0
176,2,5.00,8,16.96,20.96,20.98,0.0,0.00,0.0,0.0,,0.0
176,3,5.00,8,16.95,20.76,20.78,0.0,0.00,0.0,0.0,,0.0
176,4,5.00,8,17.11,20.59,20.61,0.0,0.00,0.0,0.0,,0.0
176,5,5.00,8,17.31,20.43,20.46,0.0,0.00,0.0,-0.0,,0.0
176,6,5.00,8,17.48,20.29,20.32,0.0,0.00,0.0,-0.0,,0.0
176,7,5.00,8,17.40,20.16,20.18,0.0,0.00,0.0,-0.0,,0.0
176,8,5.00,8,17.08,20.53,21.23,1714.44,0.00,0.0,0.0,,1714.44
176,9,5.00,8,17.02,20.68,21.23,837.75,0.00,0.0,-174.36,,663.39
176,10,5.00,8,16.48,20.80,21.23,546.3,0.00,0.0,0.0,,546.3
176,11,5.00,8,17.10,21.09,21.29,0.0,0.00,0.0,0.0,,0.0
176,12,5.00,8,17.75,21.47,21.62,0.0,0.00,0.0,0.0,,0.0
176,13,5.00,8,17.81,21.87,22.00,0.0,0.00,0.0,0.0,,0.0
176,14,5.00,8,18.45,22.34,22.47,0.0,0.00,0.0,0.0,,0.0
176,15,5.00,8,18.36,22.75,22.87,0.0,0.00,0.0,0.0,,0.0
176,16,5.00,8,18.48,23.11,23.22,0.0,0.00,0.0,0.0,,0.0
176,17,5.00,8,18.01,23.33,23.44,0.0,0.00,0.0,0.0,,0.0
176,18,5.00,8,17.73,23.40,23.50,0.0,0.00,0.0,0.0,,0.0
176,19,5.00,8,16.94,22.87,22.97,0.0,0.00,0.0,0.0,,0.0
176,20,5.00,8,16.49,22.48,22.57,0.0,0.00,0.0,0.0,,0.0
176,21,5.00,8,16.29,22.12,22.22,0.0,0.00,0.0,0.0,,0.0
176,22,5.00,8,16.10,21.80,21.88,0.0,0.00,0.0,0.0,,0.0
176,23,5.00,8,16.10,21.50,21.58,0.0,0.00,0.0,0.0,,0.0
176,24,5.00,8,16.04,21.22,21.30,0.0,0.00,0.0,0.0,,0.0
176,1,6.00,8,16.26,20.98,21.05,0.0,0.00,0.0,0.0,,0.0
176,2,6.00,8,16.41,20.76,20.83,0.0,0.00,0.0,0.0,,0.0
176,3,6.00,8,16.39,20.55,20.62,0.0,0.00,0.0,0.0,,0.0
176,4,6.00,8,15.93,20.33,20.40,0.0,0.00,0.0,0.0,,0.0
176,5,6.00,8,15.91,20.13,20.19,0.0,0.00,0.0,0.0,,0.0
176,6,6.00,8,16.18,19.95,20.02,0.0,0.00,0.0,0.0,,0.0
176,7,6.00,8,16.20,19.79,19.85,0.0,0.00,0.0,0.0,,0.0
176,8,6.00,8,16.11,20.13,21.23,2649.39,0.00,0.0,0.0,,2649.39
176,9,6.00,8,16.43,20.30,21.23,1466.25,0.00,0.0,0.0,,1466.25
176,10,6.00,8,17.71,20.60,21.23,678.9,0.00,0.0,0.0,,678.9
176,11,6.00,8,18.80,21.01,21.33,0.0,0.00,0.0,0.0,,0.0
176,12,6.00,8,19.72,21.52,21.76,0.0,0.00,0.0,0.0,,0.0
176,13,6.00,8,19.22,21.96,22.17,0.0,0.00,0.0,0.0,,0.0
176,14,6.00,8,19.72,22.47,22.68,0.0,0.00,0.0,0.0,,0.0
176,15,6.00,8,19.65,22.93,23.12,0.0,0.00,0.0,0.0,,0.0
176,16,6.00,8,19.73,23.33,23.51,0.0,0.00,0.0,0.0,,0.0
176,17,6.00,8,19.10,23.57,23.75,0.0,0.00,0.0,0.0,,0.0
176,18,6.00,8,18.49,23.64,23.80,0.0,0.00,0.0,0.0,,0.0
176,19,6.00,8,17.82,23.11,23.27,0.0,0.00,0.0,0.0,,0.0
176,20,6.00,8,17.50,22.74,22.90,0.0,0.00,0.0,0.0,,0.0
176,21,6.00,8,17.31,22.41,22.56,0.0,0.00,0.0,0.0,,0.0
176,22,6.00,8,17.31,22.11,22.26,0.0,0.00,0.0,0.0,,0.0
176,23,6.00,8,17.06,21.83,21.97,0.0,0.00,0.0,0.0,,0.0
176,24,6.00,8,16.76,21.55,21.68,0.0,0.00,0.0,0.0,,0.0
176,1,7.00,8,16.23,21.27,21.40,0.0,0.00,0.0,0.0,,0.0
176,2,7.00,8,15.63,20.98,21.11,0.0,0.00,0.0,0.0,,0.0
176,3,7.00,8,15.15,20.70,20.81,0.0,0.00,0.0,0.0,,0.0
176,4,7.00,8,14.78,20.42,20.53,0.0,0.00,0.0,0.0,,0.0
176,5,7.00,8,14.32,20.14,20.25,0.0,0.00,0.0,0.0,,0.0
176,6,7.00,8,13.99,19.86,19.97,0.0,0.00,0.0,0.0,,0.0
176,7,7.00,8,13.54,19.59,19.69,0.0,0.00,0.0,0.0,,0.0
176,8,7.00,8,13.14,19.70,21.23,3650.22,0.00,0.0,0.0,,3650.22
176,9,7.00,8,14.03,19.80,21.23,2365.88,0.00,0.0,0.0,,2365.88
176,10,7.00,8,15.82,20.07,21.23,1533.19,0.00,0.0,0.0,,1533.19
176,11,7.00,8,17.40,20.49,21.23,512.56,0.00,0.0,0.0,,512.56
176,12,7.00,8,18.16,20.96,21.41,0.0,0.00,0.0,0.0,,0.0
176,13,7.00,8,18.70,21.47,21.84,0.0,0.00,0.0,0.0,,0.0
176,14,7.00,8,19.48,22.03,22.38,0.0,0.00,0.0,0.0,,0.0
176,15,7.00,8,19.56,22.53,22.85,0.0,0.00,0.0,0.0,,0.0
176,16,7.00,8,19.62,22.96,23.26,0.0,0.00,0.0,0.0,,0.0
176,17,7.00,8,19.07,23.23,23.52,0.0,0.00,0.0,0.0,,0.0
176,18,7.00,8,18.47,23.32,23.59,0.0,0.00,0.0,0.0,,0.0
176,19,7.00,8,17.76,22.80,23.07,0.0,0.00,0.0,0.0,,0.0
176,20,7.00,8,17.40,22.44,22.70,0.0,0.00,0.0,0.0,,0.0
176,21,7.00,8,17.35,22.13,22.38,0.0,0.00,0.0,0.0,,0.0
176,22,7.00,8,17.40,21.86,22.10,0.0,0.00,0.0,0.0,,0.0
176,23,7.00,8,17.28,21.60,21.83,0.0,0.00,0.0,0.0,,0.0
176,24,7.00,8,16.91,21.34,21.56,0.0,0.00,0.0,0.0,,0.0
176,1,1.00,8,16.79,21.10,21.31,0.0,0.00,0.0,0.0,,0.0
176,2,1.00,8,16.53,20.87,21.07,0.0,0.00,0.0,0.0,,0.0
176,3,1.00,8,16.17,20.63,20.82,0.0,0.00,0.0,0.0,,0.0
176,4,1.00,8,16.07,20.41,20.60,0.0,0.00,0.0,0.0,,0.0
176,5,1.00,8,15.81,20.20,20.37,0.0,0.00,0.0,0.0,,0.0
176,6,1.00,8,15.87,20.00,20.17,0.0,0.00,0.0,0.0,,0.0
176,7,1.00,8,15.75,19.81,19.97,0.0,0.00,0.0,0.0,,0.0
176,8,1.00,8,15.80,20.13,21.23,2433.19,0.00,0.0,0.0,,2433.19
176,9,1.00,8,16.47,20.31,21.23,1282.65,0.00,0.0,0.0,,1282.65
176,10,1.00,8,17.49,20.59,21.23,582.9,0.00,0.0,0.0,,582.9
176,11,1.00,8,18.65,21.00,21.36,0.0,0.00,0.0,0.0,,0.0
176,12,1.00,8,19.09,21.45,21.75,0.0,0.00,0.0,0.0,,0.0
176,13,1.00,8,19.10,21.91,22.18,0.0,0.00,0.0,0.0,,0.0
176,14,1.00,8,19.42,22.41,22.66,0.0,0.00,0.0,0.0,,0.0
176,15,1.00,8,19.27,22.85,23.09,0.0,0.00,0.0,0.0,,0.0
176,16,1.00,8,19.20,23.22,23.45,0.0,0.00,0.0,0.0,,0.0
176,17,1.00,8,18.67,23.46,23.67,0.0,0.00,0.0,0.0,,0.0
176,18,1.00,8,18.03,23.51,23.71,0.0,0.00,0.0,0.0,,0.0
176,19,1.00,8,17.25,22.98,23.18,0.0,0.00,0.0,0.0,,0.0
176,20,1.00,8,16.78,22.58,22.78,0.0,0.00,0.0,0.0,,0.0
176,21,1.00,8,16.59,22.23,22.42,0.0,0.00,0.0,0.0,,0.0
176,22,1.00,8,16.48,21.91,22.09,0.0,0.00,0.0,0.0,,0.0
176,23,1.00,8,16.20,21.61,21.78,0.0,0.00,0.0,0.0,,0.0
176,24,1.00,8,15.93,21.31,21.48,0.0,0.00,0.0,0.0,,0.0
176,1,2.00,8,15.72,21.03,21.19,0.0,0.00,0.0,0.0,,0.0
176,2,2.00,8,15.33,20.75,20.90,0.0,0.00,0.0,0.0,,0.0
176,3,2.00,8,14.90,20.47,20.62,0.0,0.00,0.0,0.0,,0.0
176,4,2.00,8,14.54,20.20,20.34,0.0,0.00,0.0,0.0,,0.0
176,5,2.00,8,14.10,19.92,20.06,0.0,0.00,0.0,0.0,,0.0
176,6,2.00,8,13.89,19.66,19.79,0.0,0.00,0.0,0.0,,0.0
176,7,2.00,8,13.79,19.42,19.54,0.0,0.00,0.0,0.0,,0.0
176,8,2.00,8,13.60,19.59,21.23,3875.44,0.00,0.0,0.0,,3875.44
176,9,2.00,8,14.20,19.69,21.23,2516.72,0.00,0.0,0.0,,2516.72
176,10,2.00,8,15.60,19.94,21.23,1740.61,0.00,0.0,0.0,,1740.61
176,11,2.00,8,17.60,20.40,21.23,601.65,0.00,0.0,0.0,,601.65
176,12,2.00,8,18.62,20.91,21.41,0.0,0.00,0.0,0.0,,0.0
176,13,2.00,8,18.97,21.42,21.84,0.0,0.00,0.0,0.0,,0.0
176,14,2.00,8,19.35,21.96,22.35,0.0,0.00,0.0,0.0,,0.0
176,15,2.00,8,19.26,22.44,22.80,0.0,0.00,0.0,0.0,,0.0
176,16,2.00,8,19.09,22.83,23.17,0.0,0.00,0.0,0.0,,0.0
176,17,2.00,8,18.52,23.08,23.41,0.0,0.00,0.0,0.0,,0.0
176,18,2.00,8,17.86,23.15,23.46,0.0,0.00,0.0,0.0,,0.0
176,19,2.00,8,16.97,22.62,22.92,0.0,0.00,0.0,0.0,,0.0
176,20,2.00,8,16.38,22.22,22.52,0.0,0.00,0.0,0.0,,0.0
176,21,2.00,8,16.16,21.88,22.16,0.0,0.00,0.0,0.0,,0.0
176,22,2.00,8,15.92,21.55,21.82,0.0,0.00,0.0,0.0,,0.0
176,23,2.00,8,15.51,21.23,21.49,0.0,0.00,0.0,0.0,,0.0
176,24,2.00,8,15.03,20.92,21.16,0.0,0.00,0.0,0.0,,0.0
176,1,3.00,8,14.95,20.63,20.87,0.0,0.00,0.0,0.0,,0.0
176,2,3.00,8,14.84,20.36,20.59,0.0,0.00,0.0,0.0,,0.0
176,3,3.00,8,14.62,20.10,20.31,0.0,0.00,0.0,0.0,,0.0
176,4,3.00,8,14.48,19.85,20.06,0.0,0.00,0.0,0.0,,0.0
176,5,3.00,8,14.13,19.60,19.80,0.0,0.00,0.0,0.0,,0.0
176,6,3.00,8,14.15,19.37,19.56,0.0,0.00,0.0,0.0,,0.0
176,7,3.00,8,14.11,19.16,19.34,0.0,0.00,0.0,0.0,,0.0
176,8,3.00,8,14.17,19.65,19.82,0.0,0.00,0.0,0.0,,0.0
176,9,3.00,8,14.61,19.84,20.01,0.0,0.00,0.0,0.0,,0.0
176,10,3.00,8,15.22,20.06,20.22,0.0,0.00,0.0,-0.0,,0.0
176,11,3.00,8,16.70,20.42,20.57,0.0,0.00,0.0,-0.0,,0.0
176,12,3.00,8,17.27,20.85,21.00,0.0,0.00,0.0,0.0,,0.0
176,13,3.00,8,17.54,21.33,21.48,0.0,0.00,0.0,-0.0,,0.0
176,14,3.00,8,17.77,21.84,21.98,0.0,0.00,0.0,0.0,,0.0
176,15,3.00,8,17.65,22.30,22.44,0.0,0.00,0.0,0.0,,0.0
176,16,3.00,8,17.70,22.71,22.84,0.0,0.00,0.0,0.0,,0.0
176,17,3.00,8,17.36,23.00,23.13,0.0,0.00,0.0,0.0,,0.0
176,18,3.00,8,17.00,23.13,23.25,0.0,0.00,0.0,0.0,,0.0
176,19,3.00,8,16.38,22.39,22.50,0.0,0.00,0.0,0.0,,0.0
176,20,3.00,8,16.03,21.96,22.07,0.0,0.00,0.0,0.0,,0.0
176,21,3.00,8,15.93,21.62,21.72,0.0,0.00,0.0,0.0,,0.0
176,22,3.00,8,15.85,21.31,21.41,0.0,0.00,0.0,0.0,,0.0
176,23,3.00,8,15.66,21.01,21.12,0.0,0.00,0.0,0.0,,0.0
176,24,3.00,8,15.49,20.74,20.84,0.0,0.00,0.0,0.0,,0.0
176,1,4.00,8,15.52,20.49,20.58,0.0,0.00,0.0,0.0,,0.0
176,2,4.00,8,15.29,20.24,20.33,0.0,0.00,0.0,0.0,,0.0
176,3,4.00,8,15.11,20.01,20.10,0.0,0.00,0.0,0.0,,0.0
176,4,4.00,8,15.02,19.79,19.87,0.0,0.00,0.0,0.0,,0.0
176,5,4.00,8,14.89,19.57,19.66,0.0,0.00,0.0,0.0,,0.0
176,6,4.00,8,14.93,19.38,19.46,0.0,0.00,0.0,0.0,,0.0
176,7,4.00,8,14.95,19.20,19.28,0.0,0.00,0.0,0.0,,0.0
176,8,4.00,8,14.62,19.70,19.77,0.0,0.00,0.0,0.0,,0.0
176,9,4.00,8,15.16,19.91,19.98,0.0,0.00,0.0,-0.0,,0.0
176,10,4.00,8,14.87,20.09,20.16,0.0,0.00,0.0,-0.0,,0.0
176,11,4.00,8,16.19,20.42,20.49,0.0,0.00,0.0,-0.0,,0.0
176,12,4.00,8,16.96,20.84,20.91,0.0,0.00,0.0,-0.0,,0.0
176,13,4.00,8,17.12,21.30,21.36,0.0,0.00,0.0,-0.0,,0.0
176,14,4.00,8,17.08,21.77,21.84,0.0,0.00,0.0,0.0,,0.0
176,15,4.00,8,17.13,22.22,22.28,0.0,0.00,0.0,0.0,,0.0
176,16,4.00,8,17.08,22.61,22.67,0.0,0.00,0.0,0.0,,0.0
176,17,4.00,8,16.72,22.88,22.94,0.0,0.00,0.0,0.0,,0.0
176,18,4.00,8,16.21,22.98,23.03,0.0,0.00,0.0,0.0,,0.0
176,19,4.00,8,15.72,22.22,22.28,0.0,0.00,0.0,0.0,,0.0
176,20,4.00,8,15.33,21.77,21.83,0.0,0.00,0.0,0.0,,0.0
176,21,4.00,8,15.32,21.42,21.47,0.0,0.00,0.0,0.0,,0.0
176,22,4.00,8,15.43,21.11,21.16,0.0,0.00,0.0,0.0,,0.0
176,23,4.00,8,15.33,20.82,20.87,0.0,0.00,0.0,0.0,,0.0
176,24,4.00,8,15.18,20.54,20.59,0.0,0.00,0.0,0.0,,0.0
176,1,5.00,8,15.03,20.28,20.33,0.0,0.00,0.0,0.0,,0.0
176,2,5.00,8,15.12,20.05,20.10,0.0,0.00,0.0,0.0,,0.0
176,3,5.00,8,15.01,19.82,19.87,0.0,0.00,0.0,0.0,,0.0
176,4,5.00,8,15.03,19.61,19.66,0.0,0.00,0.0,0.0,,0.0
176,5,5.00,8,14.84,19.41,19.45,0.0,0.00,0.0,0.0,,0.0
176,6,5.00,8,15.04,19.23,19.28,0.0,0.00,0.0,0.0,,0.0
176,7,5.00,8,14.71,19.04,19.09,0.0,0.00,0.0,0.0,,0.0
176,8,5.00,8,14.65,19.34,21.23,4710.24,0.00,0.0,0.0,,4710.24
176,9,5.00,8,15.37,19.52,21.23,2887.33,0.00,0.0,0.0,,2887.33
176,10,5.00,8,14.88,19.65,21.23,2426.92,0.00,0.0,0.0,,2426.92
176,11,5.00,8,15.94,19.98,21.23,1492.88,0.00,0.0,0.0,,1492.88
176,12,5.00,8,17.81,20.50,21.23,243.98,0.00,0.0,0.0,,243.98
176,13,5.00,8,17.63,20.95,21.47,0.0,0.00,0.0,0.0,,0.0
176,14,5.00,8,17.86,21.44,21.89,0.0,0.00,0.0,0.0,,0.0
176,15,5.00,8,17.82,21.88,22.29,0.0,0.00,0.0,0.0,,0.0
176,16,5.00,8,17.91,22.26,22.65,0.0,0.00,0.0,0.0,,0.0
176,17,5.00,8,17.33,22.50,22.87,0.0,0.00,0.0,0.0,,0.0
176,18,5.00,8,16.67,22.54,22.89,0.0,0.00,0.0,0.0,,0.0
176,19,5.00,8,16.05,22.03,22.38,0.0,0.00,0.0,0.0,,0.0
176,20,5.00,8,15.78,21.66,21.99,0.0,0.00,0.0,0.0,,0.0
176,21,5.00,8,15.87,21.34,21.66,0.0,0.00,0.0,0.0,,0.0
176,22,5.00,8,16.03,21.06,21.37,0.0,0.00,0.0,0.0,,0.0
176,23,5.00,8,15.99,20.80,21.09,0.0,0.00,0.0,0.0,,0.0
176,24,5.00,8,15.92,20.55,20.83,0.0,0.00,0.0,0.0,,0.0
176,1,6.00,8,15.88,20.33,20.59,0.0,0.00,0.0,0.0,,0.0
176,2,6.00,8,15.80,20.11,20.37,0.0,0.00,0.0,0.0,,0.0
176,3,6.00,8,15.79,19.91,20.16,0.0,0.00,0.0,0.0,,0.0
176,4,6.00,8,15.96,19.74,19.97,0.0,0.00,0.0,0.0,,0.0
176,5,6.00,8,16.04,19.58,19.80,0.0,0.00,0.0,0.0,,0.0
176,6,6.00,8,15.95,19.42,19.63,0.0,0.00,0.0,0.0,,0.0
176,7,6.00,8,15.95,19.27,19.47,0.0,0.00,0.0,-0.0,,0.0
176,8,6.00,8,15.97,19.65,21.23,3547.98,0.00,0.0,0.0,,3547.98
176,9,6.00,8,16.80,19.89,21.23,1938.64,0.00,0.0,0.0,,1938.64
176,10,6.00,8,16.60,20.09,21.23,1418.23,0.00,0.0,0.0,,1418.23
176,11,6.00,8,18.07,20.51,21.23,375.11,0.00,0.0,0.0,,375.11
176,12,6.00,8,18.81,20.99,21.47,0.0,0.00,0.0,0.0,,0.0
176,13,6.00,8,18.85,21.46,21.88,0.0,0.00,0.0,0.0,,0.0
176,14,6.00,8,18.91,21.95,22.34,0.0,0.00,0.0,0.0,,0.0
176,15,6.00,8,18.81,22.40,22.76,0.0,0.00,0.0,0.0,,0.0
176,16,6.00,8,18.70,22.77,23.12,0.0,0.00,0.0,0.0,,0.0
176,17,6.00,8,18.27,23.02,23.35,0.0,0.00,0.0,0.0,,0.0
176,18,6.00,8,17.65,23.08,23.39,0.0,0.00,0.0,0.0,,0.0
176,19,6.00,8,16.94,22.56,22.86,0.0,0.00,0.0,0.0,,0.0
176,20,6.00,8,16.55,22.17,22.47,0.0,0.00,0.0,0.0,,0.0
176,21,6.00,8,16.66,21.86,22.14,0.0,0.00,0.0,0.0,,0.0
176,22,6.00,8,16.75,21.57,21.84,0.0,0.00,0.0,0.0,,0.0
176,23,6.00,8,16.73,21.31,21.57,0.0,0.00,0.0,0.0,,0.0
176,24,6.00,8,16.64,21.06,21.31,0.0,0.00,0.0,0.0,,0.0
176,1,7.00,8,16.66,20.84,21.08,0.0,0.00,0.0,0.0,,0.0
176,2,7.00,8,16.59,20.62,20.85,0.0,0.00,0.0,0.0,,0.0
176,3,7.00,8,16.61,20.43,20.65,0.0,0.00,0.0,0.0,,0.0
176,4,7.00,8,16.57,20.24,20.45,0.0,0.00,0.0,0.0,,0.0
176,5,7.00,8,16.50,20.07,20.27,0.0,0.00,0.0,0.0,,0.0
176,6,7.00,8,16.17,19.88,20.08,0.0,0.00,0.0,0.0,,0.0
176,7,7.00,8,16.07,19.71,19.90,0.0,0.00,0.0,-0.0,,0.0
176,8,7.00,8,15.87,20.03,21.23,2606.22,0.00,0.0,0.0,,2606.22
176,9,7.00,8,16.35,20.20,21.23,1436.85,0.00,0.0,0.0,,1436.85
176,10,7.00,8,16.29,20.37,21.23,998.21,0.00,0.0,0.0,,998.21
176,11,7.00,8,17.67,20.75,21.23,66.16,0.00,0.0,0.0,,66.16
176,12,7.00,8,18.36,21.20,21.56,0.0,0.00,0.0,0.0,,0.0
176,13,7.00,8,18.48,21.65,21.97,0.0,0.00,0.0,0.0,,0.0
176,14,7.00,8,18.42,22.10,22.40,0.0,0.00,0.0,0.0,,0.0
176,15,7.00,8,18.49,22.53,22.81,0.0,0.00,0.0,0.0,,0.0
176,16,7.00,8,18.42,22.89,23.16,0.0,0.00,0.0,0.0,,0.0
176,17,7.00,8,18.02,23.12,23.38,0.0,0.00,0.0,0.0,,0.0
176,18,7.00,8,17.46,23.17,23.42,0.0,0.00,0.0,0.0,,0.0
176,19,7.00,8,16.73,22.65,22.89,0.0,0.00,0.0,0.0,,0.0
176,20,7.00,8,16.32,22.26,22.49,0.0,0.00,0.0,0.0,,0.0
176,21,7.00,8,16.37,21.92,22.15,0.0,0.00,0.0,0.0,,0.0
176,22,7.00,8,16.46,21.62,21.84,0.0,0.00,0.0,0.0,,0.0
176,23,7.00,8,16.60,21.36,21.57,0.0,0.00,0.0,0.0,,0.0
176,24,7.00,8,16.57,21.11,21.31,0.0,0.00,0.0,0.0,,0.0
176,1,1.00,8,16.68,20.89,21.08,0.0,0.00,0.0,0.0,,0.0
176,2,1.00,8,16.71,20.68,20.87,0.0,0.00,0.0,0.0,,0.0
176,3,1.00,8,16.90,20.50,20.68,0.0,0.00,0.0,0.0,,0.0
176,4,1.00,8,17.12,20.34,20.51,0.0,0.00,0.0,0.0,,0.0
176,5,1.00,8,17.22,20.19,20.36,0.0,0.00,0.0,-0.0,,0.0
176,6,1.00,8,17.01,20.04,20.20,0.0,0.00,0.0,-0.0,,0.0
176,7,1.00,8,16.85,19.89,20.04,0.0,0.00,0.0,-0.0,,0.0
176,8,1.00,8,16.71,20.26,21.23,2094.19,0.00,0.0,0.0,,2094.19
176,9,1.00,8,17.27,20.47,21.23,972.69,0.00,0.0,0.0,,972.69
176,10,1.00,8,17.74,20.72,21.23,386.22,0.00,0.0,-34.49,,351.73
176,11,1.00,8,18.69,21.11,21.42,0.0,0.00,0.0,0.0,,0.0
176,12,1.00,8,19.08,21.54,21.80,0.0,0.00,0.0,0.0,,0.0
176,13,1.00,8,19.08,21.99,22.23,0.0,0.00,0.0,0.0,,0.0
176,14,1.00,8,19.12,22.45,22.68,0.0,0.00,0.0,0.0,,0.0
176,15,1.00,8,19.11,22.89,23.10,0.0,0.00,0.0,0.0,,0.0
176,16,1.00,8,18.94,23.24,23.44,0.0,0.00,0.0,0.0,,0.0
176,17,1.00,8,18.38,23.46,23.65,0.0,0.00,0.0,0.0,,0.0
176,18,1.00,8,17.71,23.49,23.68,0.0,0.00,0.0,0.0,,0.0
176,19,1.00,8,16.91,22.95,23.14,0.0,0.00,0.0,0.0,,0.0
176,20,1.00,8,16.54,22.56,22.73,0.0,0.00,0.0,0.0,,0.0
176,21,1.00,8,16.48,22.21,22.38,0.0,0.00,0.0,0.0,,0.0
176,22,1.00,8,16.51,21.89,22.06,0.0,0.00,0.0,0.0,,0.0
176,23,1.00,8,16.48,21.60,21.76,0.0,0.00,0.0,0.0,,0.0
176,24,1.00,8,16.41,21.33,21.49,0.0,0.00,0.0,0.0,,0.0
176,1,2.00,8,16.44,21.09,21.23,0.0,0.00,0.0,0.0,,0.0
176,2,2.00,8,16.26,20.85,20.99,0.0,0.00,0.0,0.0,,0.0
176,3,2.00,8,16.08,20.62,20.75,0.0,0.00,0.0,0.0,,0.0
176,4,2.00,8,16.06,20.40,20.54,0.0,0.00,0.0,0.0,,0.0
176,5,2.00,8,15.98,20.20,20.33,0.0,0.00,0.0,0.0,,0.0
176,6,2.00,8,15.94,20.01,20.13,0.0,0.00,0.0,0.0,,0.0
176,7,2.00,8,15.84,19.82,19.94,0.0,0.00,0.0,0.0,,0.0
176,8,2.00,8,15.68,20.12,21.23,2528.92,0.00,0.0,0.0,,2528.92
176,9,2.00,8,16.41,20.31,21.23,1341.93,0.00,0.0,0.0,,1341.93
176,10,2.00,8,16.73,20.52,21.23,810.38,0.00,0.0,0.0,,810.38
176,11,2.00,8,18.06,20.91,21.28,0.0,0.00,0.0,0.0,,0.0
176,12,2.00,8,18.36,21.33,21.61,0.0,0.00,0.0,0.0,,0.0
176,13,2.00,8,18.29,21.75,22.01,0.0,0.00,0.0,0.0,,0.0
176,14,2.00,8,18.45,22.21,22.45,0.0,0.00,0.0,0.0,,0.0
176,15,2.00,8,18.35,22.62,22.85,0.0,0.00,0.0,0.0,,0.0
176,16,2.00,8,18.16,22.96,23.18,0.0,0.00,0.0,0.0,,0.0
176,17,2.00,8,17.65,23.16,23.37,0.0,0.00,0.0,0.0,,0.0
176,18,2.00,8,17.05,23.19,23.39,0.0,0.00,0.0,0.0,,0.0
176,19,2.00,8,16.42,22.67,22.87,0.0,0.00,0.0,0.0,,0.0
176,20,2.00,8,16.07,22.27,22.47,0.0,0.00,0.0,0.0,,0.0
176,21,2.00,8,15.98,21.93,22.11,0.0,0.00,0.0,0.0,,0.0
176,22,2.00,8,16.11,21.62,21.79,0.0,0.00,0.0,0.0,,0.0
176,23,2.00,8,16.21,21.34,21.51,0.0,0.00,0.0,0.0,,0.0
176,24,2.00,8,16.04,21.07,21.23,0.0,0.00,0.0,0.0,,0.0
176,1,3.00,8,16.96,20.87,21.03,0.0,0.00,0.0,0.0,,0.0
176,2,3.00,8,16.58,20.66,20.81,0.0,0.00,0.0,0.0,,0.0
176,3,3.00,8,16.24,20.44,20.59,0.0,0.00,0.0,0.0,,0.0
176,4,3.00,8,16.05,20.24,20.38,0.0,0.00,0.0,0.0,,0.0
176,5,3.00,8,15.88,20.04,20.18,0.0,0.00,0.0,0.0,,0.0
176,6,3.00,8,15.80,19.85,19.98,0.0,0.00,0.0,0.0,,0.0
176,7,3.00,8,15.87,19.68,19.81,0.0,0.00,0.0,0.0,,0.0
176,8,3.00,8,15.86,20.21,20.33,0.0,0.00,0.0,0.0,,0.0
176,9,3.00,8,16.29,20.43,20.55,0.0,0.00,0.0,-0.0,,0.0
176,10,3.00,8,17.24,20.70,20.82,0.0,0.00,0.0,-0.0,,0.0
176,11,3.00,8,18.58,21.10,21.21,0.0,0.00,0.0,-0.0,,0.0
176,12,3.00,8,19.37,21.58,21.69,0.0,0.00,0.0,-0.0,,0.0
176,13,3.00,8,19.70,22.10,22.21,0.0,0.00,0.0,0.0,,0.0
176,14,3.00,8,20.17,22.66,22.76,0.0,0.00,0.0,-0.0,,0.0
176,15,3.00,8,20.57,23.21,23.31,0.0,0.00,0.0,0.0,,0.0
176,16,3.00,8,20.82,23.69,23.79,0.0,0.00,0.0,0.0,,0.0
176,17,3.00,8,20.65,24.06,24.16,0.0,0.00,0.0,0.0,,0.0
176,18,3.00,8,20.36,24.26,24.35,0.0,0.00,0.0,0.0,,0.0
176,19,3.00,8,19.59,23.58,23.67,0.0,0.00,0.0,0.0,,0.0
176,20,3.00,8,19.50,23.22,23.31,0.0,0.00,0.0,0.0,,0.0
176,21,3.00,8,19.58,22.95,23.04,0.0,0.00,0.0,-0.0,,0.0
176,22,3.00,8,19.61,22.72,22.80,0.0,0.00,0.0,-0.0,,0.0
176,23,3.00,8,19.72,22.51,22.59,0.0,0.00,0.0,-0.0,,0.0
176,24,3.00,8,20.09,22.34,22.42,0.0,0.00,0.0,-0.0,,0.0
176,1,4.00,8,19.26,22.13,22.21,0.0,0.00,0.0,-0.0,,0.0
176,2,4.00,8,18.51,21.90,21.98,0.0,0.00,0.0,-0.0,,0.0
176,3,4.00,8,17.91,21.67,21.74,0.0,0.00,0.0,-0.0,,0.0
176,4,4.00,8,17.16,21.42,21.49,0.0,0.00,0.0,0.0,,0.0
176,5,4.00,8,16.74,21.18,21.24,0.0,0.00,0.0,0.0,,0.0
176,6,4.00,8,16.21,20.92,20.99,0.0,0.00,0.0,0.0,,0.0
176,7,4.00,8,15.52,20.66,20.72,0.0,0.00,0.0,0.0,,0.0
176,8,4.00,8,15.49,21.11,21.17,0.0,0.00,0.0,0.0,,0.0
176,9,4.00,8,16.06,21.27,21.34,0.0,0.00,0.0,0.0,,0.0
176,10,4.00,8,16.69,21.46,21.53,0.0,0.00,0.0,-0.0,,0.0
176,11,4.00,8,18.19,21.81,21.87,0.0,0.00,0.0,-0.0,,0.0
176,12,4.00,8,18.80,22.22,22.28,0.0,0.00,0.0,-0.0,,0.0
176,13,4.00,8,19.06,22.69,22.74,0.0,0.00,0.0,0.0,,0.0
176,14,4.00,8,19.08,23.16,23.22,0.0,0.00,0.0,0.0,,0.0
176,15,4.00,8,18.85,23.60,23.66,0.0,0.00,0.0,0.0,,0.0
176,16,4.00,8,18.82,23.98,24.03,0.0,0.00,0.0,0.0,,0.0
176,17,4.00,8,18.67,24.26,24.31,0.0,0.00,0.0,0.0,,0.0
176,18,4.00,8,18.27,24.36,24.42,0.0,0.00,0.0,0.0,,0.0
176,19,4.00,8,17.35,23.59,23.64,0.0,0.00,0.0,0.0,,0.0
176,20,4.00,8,17.08,23.14,23.19,0.0,0.00,0.0,0.0,,0.0
176,21,4.00,8,16.99,22.77,22.82,0.0,0.00,0.0,0.0,,0.0
176,22,4.00,8,17.09,22.45,22.50,0.0,0.00,0.0,0.0,,0.0
176,23,4.00,8,17.10,22.16,22.21,0.0,0.00,0.0,0.0,,0.0
176,24,4.00,8,17.22,21.90,21.95,0.0,0.00,0.0,0.0,,0.0
176,1,5.00,8,17.20,21.66,21.70,0.0,0.00,0.0,0.0,,0.0
176,2,5.00,8,17.21,21.43,21.48,0.0,0.00,0.0,0.0,,0.0
176,3,5.00,8,17.35,21.23,21.28,0.0,0.00,0.0,0.0,,0.0
176,4,5.00,8,17.33,21.04,21.08,0.0,0.00,0.0,0.0,,0.0
176,5,5.00,8,17.77,20.88,20.93,0.0,0.00,0.0,-0.0,,0.0
176,6,5.00,8,18.07,20.75,20.79,0.0,0.00,0.0,-0.0,,0.0
176,7,5.00,8,17.99,20.62,20.66,0.0,0.00,0.0,-0.0,,0.0
176,8,5.00,8,18.20,21.05,21.23,349.62,0.00,0.0,-204.51,,145.11
176,9,5.00,8,18.10,21.23,21.31,0.0,0.00,0.0,-212.59,,-212.59
176,10,5.00,8,18.31,21.44,21.50,0.0,0.00,0.0,-172.17,,-172.17
176,11,5.00,8,19.16,21.80,21.85,0.0,0.00,0.0,-190.14,,-190.14
176,12,5.00,8,19.38,22.20,22.25,0.0,0.00,0.0,-153.47,,-153.47
176,13,5.00,8,19.14,22.60,22.65,0.0,0.00,0.0,0.0,,0.0
176,14,5.00,8,18.93,23.00,23.05,0.0,0.00,0.0,0.0,,0.0
176,15,5.00,8,19.05,23.41,23.45,0.0,0.00,0.0,0.0,,0.0
176,16,5.00,8,19.00,23.74,23.79,0.0,0.00,0.0,0.0,,0.0
176,17,5.00,8,18.73,23.96,24.01,0.0,0.00,0.0,0.0,,0.0
176,18,5.00,8,18.29,24.01,24.06,0.0,0.00,0.0,0.0,,0.0
176,19,5.00,8,17.39,23.47,23.52,0.0,0.00,0.0,0.0,,0.0
176,20,5.00,8,17.09,23.07,23.12,0.0,0.00,0.0,0.0,,0.0
176,21,5.00,8,16.97,22.72,22.76,0.0,0.00,0.0,0.0,,0.0
176,22,5.00,8,17.29,22.42,22.46,0.0,0.00,0.0,0.0,,0.0
176,23,5.00,8,17.54,22.15,22.19,0.0,0.00,0.0,0.0,,0.0
176,24,5.00,8,17.77,21.92,21.96,0.0,0.00,0.0,0.0,,0.0
176,1,6.00,8,17.99,21.71,21.75,0.0,0.00,0.0,0.0,,0.0
176,2,6.00,8,18.06,21.52,21.56,0.0,0.00,0.0,0.0,,0.0
176,3,6.00,8,18.13,21.34,21.38,0.0,0.00,0.0,-0.0,,0.0
176,4,6.00,8,18.18,21.18,21.22,0.0,0.00,0.0,-0.0,,0.0
176,5,6.00,8,18.57,21.04,21.08,0.0,0.00,0.0,-0.0,,0.0
176,6,6.00,8,18.72,20.92,20.96,0.0,0.00,0.0,-0.0,,0.0
176,7,6.00,8,18.53,20.80,20.84,0.0,0.00,0.0,-0.0,,0.0
176,8,6.00,8,18.20,21.20,21.24,0.0,0.00,0.0,0.0,,0.0
176,9,6.00,8,18.31,21.39,21.42,0.0,0.00,0.0,0.0,,0.0
176,10,6.00,8,19.22,21.67,21.71,0.0,0.00,0.0,0.0,,0.0
176,11,6.00,8,19.79,22.04,22.07,0.0,0.00,0.0,0.0,,0.0
176,12,6.00,8,20.14,22.46,22.49,0.0,0.00,0.0,0.0,,0.0
176,13,6.00,8,20.14,22.90,22.94,0.0,0.00,0.0,0.0,,0.0
176,14,6.00,8,20.17,23.36,23.39,0.0,0.00,0.0,0.0,,0.0
176,15,6.00,8,20.17,23.79,23.82,0.0,0.00,0.0,0.0,,0.0
176,16,6.00,8,19.94,24.13,24.17,0.0,0.00,0.0,0.0,,0.0
176,17,6.00,8,19.66,24.37,24.40,0.0,0.00,0.0,0.0,,0.0
176,18,6.00,8,19.16,24.43,24.46,0.0,0.00,0.0,0.0,,0.0
176,19,6.00,8,18.43,23.89,23.93,0.0,0.00,0.0,0.0,,0.0
176,20,6.00,8,18.01,23.50,23.53,0.0,0.00,0.0,0.0,,0.0
176,21,6.00,8,17.86,23.16,23.19,0.0,0.00,0.0,0.0,,0.0
176,22,6.00,8,18.11,22.86,22.89,0.0,0.00,0.0,0.0,,0.0
176,23,6.00,8,18.22,22.59,22.62,0.0,0.00,0.0,0.0,,0.0
176,24,6.00,8,18.20,22.34,22.37,0.0,0.00,0.0,0.0,,0.0
176,1,7.00,8,18.23,22.12,22.15,0.0,0.00,0.0,0.0,,0.0
176,2,7.00,8,18.05,21.89,21.92,0.0,0.00,0.0,0.0,,0.0
176,3,7.00,8,18.16,21.70,21.73,0.0,0.00,0.0,0.0,,0.0
176,4,7.00,8,18.23,21.51,21.54,0.0,0.00,0.0,0.0,,0.0
176,5,7.00,8,18.48,21.36,21.39,0.0,0.00,0.0,-0.0,,0.0
176,6,7.00,8,18.60,21.21,21.25,0.0,0.00,0.0,-0.0,,0.0
176,7,7.00,8,18.31,21.06,21.09,0.0,0.00,0.0,-0.0,,0.0
176,8,7.00,8,18.11,21.44,21.47,0.0,0.00,0.0,0.0,,0.0
176,9,7.00,8,18.18,21.60,21.63,0.0,0.00,0.0,0.0,,0.0
176,10,7.00,8,18.99,21.85,21.88,0.0,0.00,0.0,0.0,,0.0
176,11,7.00,8,20.03,22.24,22.27,0.0,0.00,0.0,0.0,,0.0
176,12,7.00,8,19.99,22.63,22.66,0.0,0.00,0.0,0.0,,0.0
176,13,7.00,8,19.81,23.04,23.07,0.0,0.00,0.0,0.0,,0.0
176,14,7.00,8,19.68,23.46,23.49,0.0,0.00,0.0,0.0,,0.0
176,15,7.00,8,19.78,23.87,23.90,0.0,0.00,0.0,0.0,,0.0
176,16,7.00,8,19.81,24.22,24.25,0.0,0.00,0.0,0.0,,0.0
176,17,7.00,8,19.61,24.46,24.49,0.0,0.00,0.0,0.0,,0.0
176,18,7.00,8,19.14,24.52,24.54,0.0,0.00,0.0,0.0,,0.0
176,19,7.00,8,18.57,23.99,24.02,0.0,0.00,0.0,0.0,,0.0
176,20,7.00,8,18.33,23.61,23.64,0.0,0.00,0.0,0.0,,0.0
176,21,7.00,8,18.54,23.30,23.33,0.0,0.00,0.0,0.0,,0.0
176,22,7.00,8,18.79,23.03,23.05,0.0,0.00,0.0,0.0,,0.0
176,23,7.00,8,18.90,22.78,22.81,0.0,0.00,0.0,0.0,,0.0
176,24,7.00,8,18.83,22.55,22.57,0.0,0.00,0.0,0.0,,0.0
176,1,1.00,8,18.88,22.33,22.36,0.0,0.00,0.0,0.0,,0.0
176,2,1.00,8,18.88,22.14,22.16,0.0,0.00,0.0,-0.0,,0.0
176,3,1.00,8,18.98,21.96,21.99,0.0,0.00,0.0,-0.0,,0.0
176,4,1.00,8,18.97,21.79,21.82,0.0,0.00,0.0,-0.0,,0.0
176,5,1.00,8,19.02,21.64,21.67,0.0,0.00,0.0,-0.0,,0.0
176,6,1.00,8,19.09,21.50,21.52,0.0,0.00,0.0,-0.0,,0.0
176,7,1.00,8,19.04,21.36,21.39,0.0,0.00,0.0,-0.0,,0.0
176,8,1.00,8,19.20,21.80,21.83,0.0,0.00,0.0,-291.22,,-291.22
176,9,1.00,8,18.94,21.97,21.99,0.0,0.00,0.0,-120.93,,-120.93
176,10,1.00,8,19.44,22.20,22.23,0.0,0.00,0.0,-145.34,,-145.34
176,11,1.00,8,20.21,22.56,22.59,0.0,0.00,0.0,-129.23,,-129.23
176,12,1.00,8,20.33,22.95,22.98,0.0,0.00,0.0,-34.84,,-34.84
176,13,1.00,8,20.43,23.38,23.41,0.0,0.00,0.0,0.0,,0.0
176,14,1.00,8,20.19,23.80,23.83,0.0,0.00,0.0,0.0,,0.0
176,15,1.00,8,19.78,24.16,24.19,0.0,0.00,0.0,0.0,,0.0
176,16,1.00,8,19.81,24.49,24.52,0.0,0.00,0.0,0.0,,0.0
176,17,1.00,8,19.71,24.72,24.75,0.0,0.00,0.0,0.0,,0.0
176,18,1.00,8,19.36,24.78,24.81,0.0,0.00,0.0,0.0,,0.0
176,19,1.00,8,18.77,24.25,24.28,0.0,0.00,0.0,0.0,,0.0
176,20,1.00,8,18.57,23.87,23.90,0.0,0.00,0.0,0.0,,0.0
176,21,1.00,8,18.60,23.54,23.57,0.0,0.00,0.0,0.0,,0.0
176,22,1.00,8,18.79,23.26,23.28,0.0,0.00,0.0,0.0,,0.0
176,23,1.00,8,18.95,23.00,23.03,0.0,0.00,0.0,0.0,,0.0
176,24,1.00,8,19.19,22.78,22.80,0.0,0.00,0.0,0.0,,0.0
176,1,2.00,8,19.32,22.58,22.60,0.0,0.00,0.0,0.0,,0.0
176,2,2.00,8,19.45,22.39,22.42,0.0,0.00,0.0,-0.0,,0.0
176,3,2.00,8,19.68,22.23,22.26,0.0,0.00,0.0,-0.0,,0.0
176,4,2.00,8,19.91,22.10,22.12,0.0,0.00,0.0,-0.0,,0.0
176,5,2.00,8,20.25,21.98,22.01,0.0,0.00,0.0,-0.0,,0.0
176,6,2.00,8,20.26,21.87,21.89,0.0,0.00,0.0,-0.0,,0.0
176,7,2.00,8,20.08,21.76,21.78,0.0,0.00,0.0,-0.0,,0.0
176,8,2.00,8,20.21,22.24,22.26,0.0,0.00,0.0,-313.36,,-313.36
176,9,2.00,8,19.87,22.42,22.44,0.0,0.00,0.0,-143.3,,-143.3
176,10,2.00,8,19.56,22.59,22.61,0.0,0.00,0.0,-171.83,,-171.83
176,11,2.00,8,19.93,22.88,22.90,0.0,0.00,0.0,-223.79,,-223.79
176,12,2.00,8,20.42,23.27,23.29,0.0,0.00,0.0,-51.73,,-51.73
176,13,2.00,8,20.53,23.69,23.71,0.0,0.00,0.0,0.0,,0.0
176,14,2.00,8,20.06,24.07,24.09,0.0,0.00,0.0,0.0,,0.0
176,15,2.00,8,19.48,24.39,24.41,0.0,0.00,0.0,0.0,,0.0
176,16,2.00,8,19.19,24.66,24.68,0.0,0.00,0.0,0.0,,0.0
176,17,2.00,8,18.83,24.83,24.85,0.0,0.00,0.0,0.0,,0.0
176,18,2.00,8,18.35,24.83,24.85,0.0,0.00,0.0,0.0,,0.0
176,19,2.00,8,17.57,24.28,24.30,0.0,0.00,0.0,0.0,,0.0
176,20,2.00,8,17.18,23.85,23.87,0.0,0.00,0.0,0.0,,0.0
176,21,2.00,8,17.05,23.46,23.48,0.0,0.00,0.0,0.0,,0.0
176,22,2.00,8,16.98,23.10,23.12,0.0,0.00,0.0,0.0,,0.0
176,23,2.00,8,17.03,22.78,22.80,0.0,0.00,0.0,0.0,,0.0
176,24,2.00,8,17.17,22.49,22.51,0.0,0.00,0.0,0.0,,0.0
176,1,3.00,8,17.18,22.22,22.24,0.0,0.00,0.0,0.0,,0.0
176,2,3.00,8,17.48,21.98,22.01,0.0,0.00,0.0,0.0,,0.0
176,3,3.00,8,17.82,21.78,21.80,0.0,0.00,0.0,0.0,,0.0
176,4,3.00,8,17.91,21.59,21.62,0.0,0.00,0.0,0.0,,0.0
176,5,3.00,8,18.64,21.46,21.48,0.0,0.00,0.0,-0.0,,0.0
176,6,3.00,8,18.30,21.30,21.32,0.0,0.00,0.0,-0.0,,0.0
176,7,3.00,8,18.50,21.16,21.19,0.0,0.00,0.0,-0.0,,0.0
176,8,3.00,8,18.93,21.75,21.77,0.0,0.00,0.0,-0.0,,0.0
176,9,3.00,8,19.23,22.01,22.04,0.0,0.00,0.0,-0.0,,0.0
176,10,3.00,8,20.01,22.31,22.33,0.0,0.00,0.0,-0.0,,0.0
176,11,3.00,8,20.16,22.66,22.69,0.0,0.00,0.0,-0.0,,0.0
176,12,3.00,8,20.34,23.09,23.11,0.0,0.00,0.0,0.0,,0.0
176,13,3.00,8,19.92,23.52,23.54,0.0,0.00,0.0,-0.0,,0.0
176,14,3.00,8,20.30,24.01,24.03,0.0,0.00,0.0,-0.0,,0.0
176,15,3.00,8,20.33,24.47,24.49,0.0,0.00,0.0,0.0,,0.0
176,16,3.00,8,20.24,24.86,24.88,0.0,0.00,0.0,0.0,,0.0
176,17,3.00,8,19.95,25.14,25.16,0.0,0.00,0.0,0.0,,0.0
176,18,3.00,8,19.58,25.25,25.27,0.0,0.00,0.0,0.0,,0.0
176,19,3.00,8,19.09,24.51,24.53,0.0,0.00,0.0,0.0,,0.0
176,20,3.00,8,19.12,24.10,24.12,0.0,0.00,0.0,0.0,,0.0
176,21,3.00,8,19.60,23.80,23.82,0.0,0.00,0.0,-0.0,,0.0
176,22,3.00,8,19.79,23.54,23.56,0.0,0.00,0.0,-0.0,,0.0
176,23,3.00,8,19.87,23.31,23.33,0.0,0.00,0.0,-0.0,,0.0
176,24,3.00,8,19.75,23.08,23.11,0.0,0.00,0.0,-0.0,,0.0
176,1,4.00,8,19.70,22.88,22.90,0.0,0.00,0.0,-0.0,,0.0
176,2,4.00,8,19.68,22.68,22.71,0.0,0.00,0.0,-0.0,,0.0
176,3,4.00,8,19.97,22.52,22.54,0.0,0.00,0.0,-0.0,,0.0
176,4,4.00,8,20.08,22.37,22.39,0.0,0.00,0.0,-0.0,,0.0
176,5,4.00,8,20.14,22.23,22.26,0.0,0.00,0.0,-0.0,,0.0
176,6,4.00,8,19.87,22.09,22.11,0.0,0.00,0.0,-0.0,,0.0
176,7,4.00,8,19.36,21.93,21.95,0.0,0.00,0.0,-0.0,,0.0
176,8,4.00,8,19.30,22.47,22.49,0.0,0.00,0.0,-0.0,,0.0
176,9,4.00,8,19.34,22.68,22.70,0.0,0.00,0.0,-0.0,,0.0
176,10,4.00,8,19.39,22.90,22.92,0.0,0.00,0.0,-0.0,,0.0
176,11,4.00,8,19.97,23.21,23.24,0.0,0.00,0.0,-0.0,,0.0
176,12,4.00,8,19.97,23.59,23.61,0.0,0.00,0.0,-0.0,,0.0
176,13,4.00,8,19.66,23.98,24.01,0.0,0.00,0.0,0.0,,0.0
176,14,4.00,8,19.40,24.40,24.42,0.0,0.00,0.0,0.0,,0.0
176,15,4.00,8,19.34,24.79,24.81,0.0,0.00,0.0,0.0,,0.0
176,16,4.00,8,19.09,25.11,25.14,0.0,0.00,0.0,0.0,,0.0
176,17,4.00,8,18.85,25.34,25.36,0.0,0.00,0.0,0.0,,0.0
176,18,4.00,8,18.37,25.39,25.41,0.0,0.00,0.0,0.0,,0.0
176,19,4.00,8,17.74,24.59,24.61,0.0,0.00,0.0,0.0,,0.0
176,20,4.00,8,17.43,24.11,24.13,0.0,0.00,0.0,0.0,,0.0
176,21,4.00,8,17.32,23.71,23.73,0.0,0.00,0.0,0.0,,0.0
176,22,4.00,8,17.48,23.36,23.38,0.0,0.00,0.0,0.0,,0.0
176,23,4.00,8,17.71,23.06,23.08,0.0,0.00,0.0,0.0,,0.0
176,24,4.00,8,18.07,22.80,22.82,0.0,0.00,0.0,0.0,,0.0
176,1,5.00,8,18.13,22.55,22.57,0.0,0.00,0.0,0.0,,0.0
176,2,5.00,8,18.28,22.33,22.35,0.0,0.00,0.0,0.0,,0.0
176,3,5.00,8,18.32,22.13,22.15,0.0,0.00,0.0,0.0,,0.0
176,4,5.00,8,18.31,21.93,21.95,0.0,0.00,0.0,0.0,,0.0
176,5,5.00,8,18.65,21.77,21.79,0.0,0.00,0.0,-0.0,,0.0
176,6,5.00,8,18.52,21.61,21.63,0.0,0.00,0.0,-0.0,,0.0
176,7,5.00,8,17.98,21.42,21.44,0.0,0.00,0.0,-0.0,,0.0
176,8,5.00,8,17.69,21.74,21.76,0.0,0.00,0.0,0.0,,0.0
176,9,5.00,8,17.25,21.81,21.83,0.0,0.00,0.0,0.0,,0.0
176,10,5.00,8,18.08,22.02,22.04,0.0,0.00,0.0,0.0,,0.0
176,11,5.00,8,18.64,22.32,22.33,0.0,0.00,0.0,0.0,,0.0
176,12,5.00,8,18.69,22.65,22.67,0.0,0.00,0.0,0.0,,0.0
176,13,5.00,8,18.47,23.00,23.02,0.0,0.00,0.0,0.0,,0.0
176,14,5.00,8,18.03,23.34,23.36,0.0,0.00,0.0,0.0,,0.0
176,15,5.00,8,18.36,23.71,23.73,0.0,0.00,0.0,0.0,,0.0
176,16,5.00,8,18.38,24.01,24.03,0.0,0.00,0.0,0.0,,0.0
176,17,5.00,8,18.40,24.23,24.25,0.0,0.00,0.0,0.0,,0.0
176,18,5.00,8,17.99,24.27,24.28,0.0,0.00,0.0,0.0,,0.0
176,19,5.00,8,17.32,23.74,23.76,0.0,0.00,0.0,0.0,,0.0
176,20,5.00,8,17.17,23.35,23.37,0.0,0.00,0.0,0.0,,0.0
176,21,5.00,8,17.23,23.01,23.03,0.0,0.00,0.0,0.0,,0.0
176,22,5.00,8,17.59,22.72,22.74,0.0,0.00,0.0,0.0,,0.0
176,23,5.00,8,17.99,22.47,22.49,0.0,0.00,0.0,0.0,,0.0
176,24,5.00,8,18.29,22.25,22.27,0.0,0.00,0.0,0.0,,0.0
176,1,6.00,8,18.57,22.05,22.07,0.0,0.00,0.0,0.0,,0.0
176,2,6.00,8,18.88,21.89,21.91,0.0,0.00,0.0,0.0,,0.0
176,3,6.00,8,19.11,21.74,21.76,0.0,0.00,0.0,-0.0,,0.0
176,4,6.00,8,19.19,21.61,21.63,0.0,0.00,0.0,-0.0,,0.0
176,5,6.00,8,19.56,21.50,21.52,0.0,0.00,0.0,-0.0,,0.0
176,6,6.00,8,19.90,21.41,21.43,0.0,0.00,0.0,-0.0,,0.0
176,7,6.00,8,19.77,21.32,21.34,0.0,0.00,0.0,-0.0,,0.0
176,8,6.00,8,19.88,21.82,21.84,0.0,0.00,0.0,-20.13,,-20.13
176,9,6.00,8,19.37,22.00,22.02,0.0,0.00,0.0,-122.15,,-122.15
176,10,6.00,8,19.80,22.25,22.27,0.0,0.00,0.0,0.0,,0.0
176,11,6.00,8,19.84,22.55,22.57,0.0,0.00,0.0,0.0,,0.0
176,12,6.00,8,19.53,22.88,22.90,0.0,0.00,0.0,0.0,,0.0
176,13,6.00,8,18.87,23.20,23.22,0.0,0.00,0.0,0.0,,0.0
176,14,6.00,8,18.27,23.52,23.54,0.0,0.00,0.0,0.0,,0.0
176,15,6.00,8,18.40,23.86,23.88,0.0,0.00,0.0,0.0,,0.0
176,16,6.00,8,18.30,24.14,24.16,0.0,0.00,0.0,0.0,,0.0
176,17,6.00,8,18.07,24.32,24.34,0.0,0.00,0.0,0.0,,0.0
176,18,6.00,8,17.59,24.32,24.34,0.0,0.00,0.0,0.0,,0.0
176,19,6.00,8,17.14,23.80,23.82,0.0,0.00,0.0,0.0,,0.0
176,20,6.00,8,16.95,23.40,23.42,0.0,0.00,0.0,0.0,,0.0
176,21,6.00,8,17.05,23.05,23.07,0.0,0.00,0.0,0.0,,0.0
176,22,6.00,8,17.39,22.75,22.76,0.0,0.00,0.0,0.0,,0.0
176,23,6.00,8,17.70,22.48,22.50,0.0,0.00,0.0,0.0,,0.0
176,24,6.00,8,17.98,22.25,22.26,0.0,0.00,0.0,0.0,,0.0
176,1,7.00,8,18.26,22.04,22.06,0.0,0.00,0.0,0.0,,0.0
176,2,7.00,8,18.35,21.85,21.87,0.0,0.00,0.0,0.0,,0.0
176,3,7.00,8,18.31,21.67,21.69,0.0,0.00,0.0,0.0,,0.0
176,4,7.00,8,18.45,21.51,21.53,0.0,0.00,0.0,-0.0,,0.0
176,5,7.00,8,18.69,21.37,21.39,0.0,0.00,0.0,-0.0,,0.0
176,6,7.00,8,18.56,21.23,21.25,0.0,0.00,0.0,-0.0,,0.0
176,7,7.00,8,18.40,21.09,21.11,0.0,0.00,0.0,-0.0,,0.0
176,8,7.00,8,18.53,21.51,21.53,0.0,0.00,0.0,0.0,,0.0
176,9,7.00,8,18.57,21.69,21.71,0.0,0.00,0.0,0.0,,0.0
176,10,7.00,8,18.95,21.92,21.94,0.0,0.00,0.0,0.0,,0.0
176,11,7.00,8,20.07,22.32,22.33,0.0,0.00,0.0,0.0,,0.0
176,12,7.00,8,20.65,22.77,22.79,0.0,0.00,0.0,0.0,,0.0
176,13,7.00,8,20.37,23.20,23.22,0.0,0.00,0.0,0.0,,0.0
176,14,7.00,8,20.42,23.66,23.68,0.0,0.00,0.0,0.0,,0.0
176,15,7.00,8,20.53,24.10,24.12,0.0,0.00,0.0,0.0,,0.0
176,16,7.00,8,20.55,24.48,24.49,0.0,0.00,0.0,0.0,,0.0
176,17,7.00,8,20.27,24.73,24.75,0.0,0.00,0.0,0.0,,0.0
176,18,7.00,8,19.78,24.80,24.82,0.0,0.00,0.0,0.0,,0.0
176,19,7.00,8,19.20,24.28,24.29,0.0,0.00,0.0,0.0,,0.0
176,20,7.00,8,18.95,23.91,23.93,0.0,0.00,0.0,0.0,,0.0
176,21,7.00,8,19.09,23.60,23.62,0.0,0.00,0.0,0.0,,0.0
176,22,7.00,8,19.32,23.34,23.36,0.0,0.00,0.0,0.0,,0.0
176,23,7.00,8,19.41,23.10,23.12,0.0,0.00,0.0,0.0,,0.0
176,24,7.00,8,19.47,22.88,22.90,0.0,0.00,0.0,0.0,,0.0
176,1,1.00,9,19.67,22.69,22.71,0.0,0.00,0.0,-0.0,,0.0
176,2,1.00,9,19.81,22.52,22.53,0.0,0.00,0.0,-0.0,,0.0
176,3,1.00,9,19.91,22.36,22.38,0.0,0.00,0.0,-0.0,,0.0
176,4,1.00,9,20.05,22.22,22.24,0.0,0.00,0.0,-0.0,,0.0
176,5,1.00,9,20.16,22.10,22.11,0.0,0.00,0.0,-0.0,,0.0
176,6,1.00,9,20.37,21.99,22.01,0.0,0.00,0.0,-0.0,,0.0
176,7,1.00,9,20.15,21.87,21.89,0.0,0.00,0.0,-0.0,,0.0
176,8,1.00,9,19.76,22.27,22.28,0.0,0.00,0.0,-115.79,,-115.79
176,9,1.00,9,19.73,22.40,22.41,0.0,0.00,0.0,-250.74,,-250.74
176,10,1.00,9,20.34,22.59,22.60,0.0,0.00,0.0,-217.48,,-217.48
176,11,1.00,9,20.78,22.86,22.87,0.0,0.00,0.0,0.0,,0.0
176,12,1.00,9,20.82,23.18,23.19,0.0,0.00,0.0,0.0,,0.0
176,13,1.00,9,20.38,23.54,23.56,0.0,0.00,0.0,0.0,,0.0
176,14,1.00,9,20.27,23.95,23.97,0.0,0.00,0.0,0.0,,0.0
176,15,1.00,9,20.46,24.38,24.39,0.0,0.00,0.0,0.0,,0.0
176,16,1.00,9,20.60,24.75,24.76,0.0,0.00,0.0,0.0,,0.0
176,17,1.00,9,20.24,24.98,24.99,0.0,0.00,0.0,0.0,,0.0
176,18,1.00,9,19.83,25.07,25.08,0.0,0.00,0.0,0.0,,0.0
176,19,1.00,9,19.36,24.63,24.64,0.0,0.00,0.0,0.0,,0.0
176,20,1.00,9,19.18,24.30,24.31,0.0,0.00,0.0,0.0,,0.0
176,21,1.00,9,19.29,24.00,24.02,0.0,0.00,0.0,0.0,,0.0
176,22,1.00,9,19.59,23.74,23.75,0.0,0.00,0.0,0.0,,0.0
176,23,1.00,9,19.64,23.49,23.51,0.0,0.00,0.0,0.0,,0.0
176,24,1.00,9,19.65,23.26,23.28,0.0,0.00,0.0,0.0,,0.0
176,1,2.00,9,19.78,23.06,23.07,0.0,0.00,0.0,0.0,,0.0
176,2,2.00,9,19.93,22.87,22.89,0.0,0.00,0.0,-0.0,,0.0
176,3,2.00,9,19.80,22.69,22.71,0.0,0.00,0.0,-0.0,,0.0
176,4,2.00,9,19.67,22.51,22.53,0.0,0.00,0.0,-0.0,,0.0
176,5,2.00,9,19.90,22.37,22.38,0.0,0.00,0.0,-0.0,,0.0
176,6,2.00,9,20.34,22.25,22.26,0.0,0.00,0.0,-0.0,,0.0
176,7,2.00,9,20.13,22.12,22.13,0.0,0.00,0.0,-0.0,,0.0
176,8,2.00,9,19.55,22.48,22.49,0.0,0.00,0.0,0.0,,0.0
176,9,2.00,9,19.59,22.59,22.60,0.0,0.00,0.0,-243.24,,-243.24
176,10,2.00,9,20.28,22.77,22.79,0.0,0.00,0.0,-177.26,,-177.26
176,11,2.00,9,20.99,23.06,23.07,0.0,0.00,0.0,-49.21,,-49.21
176,12,2.00,9,21.01,23.38,23.39,0.0,0.00,0.0,0.0,,0.0
176,13,2.00,9,20.34,23.72,23.73,0.0,0.00,0.0,0.0,,0.0
176,14,2.00,9,20.07,24.10,24.12,0.0,0.00,0.0,0.0,,0.0
176,15,2.00,9,20.14,24.50,24.51,0.0,0.00,0.0,0.0,,0.0
176,16,2.00,9,20.10,24.83,24.84,0.0,0.00,0.0,0.0,,0.0
176,17,2.00,9,19.72,25.03,25.04,0.0,0.00,0.0,0.0,,0.0
176,18,2.00,9,19.15,25.08,25.09,0.0,0.00,0.0,0.0,,0.0
176,19,2.00,9,18.46,24.62,24.64,0.0,0.00,0.0,0.0,,0.0
176,20,2.00,9,18.18,24.26,24.27,0.0,0.00,0.0,0.0,,0.0
176,21,2.00,9,18.27,23.92,23.94,0.0,0.00,0.0,0.0,,0.0
176,22,2.00,9,18.37,23.61,23.63,0.0,0.00,0.0,0.0,,0.0
176,23,2.00,9,18.43,23.33,23.34,0.0,0.00,0.0,0.0,,0.0
176,24,2.00,9,18.37,23.06,23.07,0.0,0.00,0.0,0.0,,0.0
176,1,3.00,9,18.37,22.81,22.82,0.0,0.00,0.0,0.0,,0.0
176,2,3.00,9,18.36,22.58,22.59,0.0,0.00,0.0,0.0,,0.0
176,3,3.00,9,18.30,22.36,22.37,0.0,0.00,0.0,0.0,,0.0
176,4,3.00,9,18.28,22.15,22.17,0.0,0.00,0.0,0.0,,0.0
176,5,3.00,9,18.38,21.96,21.98,0.0,0.00,0.0,0.0,,0.0
176,6,3.00,9,18.55,21.80,21.81,0.0,0.00,0.0,0.0,,0.0
176,7,3.00,9,18.35,21.63,21.64,0.0,0.00,0.0,0.0,,0.0
176,8,3.00,9,18.09,22.11,22.12,0.0,0.00,0.0,0.0,,0.0
176,9,3.00,9,18.35,22.26,22.27,0.0,0.00,0.0,-0.0,,0.0
176,10,3.00,9,18.83,22.42,22.43,0.0,0.00,0.0,-0.0,,0.0
176,11,3.00,9,19.72,22.68,22.70,0.0,0.00,0.0,-0.0,,0.0
176,12,3.00,9,20.02,23.03,23.04,0.0,0.00,0.0,-0.0,,0.0
176,13,3.00,9,19.75,23.45,23.46,0.0,0.00,0.0,0.0,,0.0
176,14,3.00,9,19.63,23.90,23.92,0.0,0.00,0.0,0.0,,0.0
176,15,3.00,9,19.84,24.36,24.38,0.0,0.00,0.0,0.0,,0.0
176,16,3.00,9,19.95,24.76,24.77,0.0,0.00,0.0,0.0,,0.0
176,17,3.00,9,19.67,25.04,25.06,0.0,0.00,0.0,0.0,,0.0
176,18,3.00,9,19.31,25.18,25.20,0.0,0.00,0.0,0.0,,0.0
176,19,3.00,9,18.73,24.52,24.53,0.0,0.00,0.0,0.0,,0.0
176,20,3.00,9,18.51,24.13,24.14,0.0,0.00,0.0,0.0,,0.0
176,21,3.00,9,18.55,23.80,23.82,0.0,0.00,0.0,0.0,,0.0
176,22,3.00,9,18.65,23.51,23.53,0.0,0.00,0.0,0.0,,0.0
176,23,3.00,9,18.77,23.25,23.26,0.0,0.00,0.0,0.0,,0.0
176,24,3.00,9,18.82,23.00,23.02,0.0,0.00,0.0,0.0,,0.0
176,1,4.00,9,18.86,22.78,22.79,0.0,0.00,0.0,0.0,,0.0
176,2,4.00,9,18.98,22.57,22.59,0.0,0.00,0.0,0.0,,0.0
176,3,4.00,9,19.17,22.39,22.41,0.0,0.00,0.0,0.0,,0.0
176,4,4.00,9,19.29,22.23,22.24,0.0,0.00,0.0,-0.0,,0.0
176,5,4.00,9,19.23,22.07,22.08,0.0,0.00,0.0,0.0,,0.0
176,6,4.00,9,19.26,21.92,21.93,0.0,0.00,0.0,-0.0,,0.0
176,7,4.00,9,19.04,21.77,21.78,0.0,0.00,0.0,-0.0,,0.0
176,8,4.00,9,18.57,22.25,22.27,0.0,0.00,0.0,-0.0,,0.0
176,9,4.00,9,18.78,22.41,22.43,0.0,0.00,0.0,-0.0,,0.0
176,10,4.00,9,19.53,22.59,22.61,0.0,0.00,0.0,-0.0,,0.0
176,11,4.00,9,20.21,22.86,22.88,0.0,0.00,0.0,-0.0,,0.0
176,12,4.00,9,20.37,23.20,23.22,0.0,0.00,0.0,-0.0,,0.0
176,13,4.00,9,20.05,23.62,23.64,0.0,0.00,0.0,0.0,,0.0
176,14,4.00,9,19.98,24.08,24.10,0.0,0.00,0.0,0.0,,0.0
176,15,4.00,9,20.11,24.54,24.55,0.0,0.00,0.0,0.0,,0.0
176,16,4.00,9,20.13,24.93,24.95,0.0,0.00,0.0,0.0,,0.0
176,17,4.00,9,19.81,25.21,25.22,0.0,0.00,0.0,0.0,,0.0
176,18,4.00,9,19.47,25.35,25.36,0.0,0.00,0.0,0.0,,0.0
176,19,4.00,9,18.91,24.68,24.69,0.0,0.00,0.0,0.0,,0.0
176,20,4.00,9,18.70,24.29,24.30,0.0,0.00,0.0,0.0,,0.0
176,21,4.00,9,18.69,23.96,23.97,0.0,0.00,0.0,0.0,,0.0
176,22,4.00,9,18.83,23.66,23.68,0.0,0.00,0.0,0.0,,0.0
176,23,4.00,9,19.02,23.40,23.42,0.0,0.00,0.0,0.0,,0.0
176,24,4.00,9,19.10,23.16,23.17,0.0,0.00,0.0,0.0,,0.0
176,1,5.00,9,19.16,22.94,22.95,0.0,0.00,0.0,0.0,,0.0
176,2,5.00,9,19.27,22.74,22.75,0.0,0.00,0.0,0.0,,0.0
176,3,5.00,9,19.34,22.55,22.57,0.0,0.00,0.0,0.0,,0.0
176,4,5.00,9,19.22,22.37,22.39,0.0,0.00,0.0,-0.0,,0.0
176,5,5.00,9,19.02,22.19,22.21,0.0,0.00,0.0,0.0,,0.0
176,6,5.00,9,19.14,22.03,22.05,0.0,0.00,0.0,-0.0,,0.0
176,7,5.00,9,19.06,21.88,21.89,0.0,0.00,0.0,-0.0,,0.0
176,8,5.00,9,18.53,22.18,22.19,0.0,0.00,0.0,0.0,,0.0
176,9,5.00,9,18.79,22.28,22.30,0.0,0.00,0.0,-103.83,,-103.83
176,10,5.00,9,19.82,22.49,22.50,0.0,0.00,0.0,-62.9,,-62.9
176,11,5.00,9,20.49,22.77,22.78,0.0,0.00,0.0,0.0,,0.0
176,12,5.00,9,20.48,23.09,23.10,0.0,0.00,0.0,0.0,,0.0
176,13,5.00,9,19.97,23.44,23.45,0.0,0.00,0.0,0.0,,0.0
176,14,5.00,9,19.89,23.85,23.86,0.0,0.00,0.0,0.0,,0.0
176,15,5.00,9,19.89,24.25,24.26,0.0,0.00,0.0,0.0,,0.0
176,16,5.00,9,19.89,24.59,24.60,0.0,0.00,0.0,0.0,,0.0
176,17,5.00,9,19.51,24.80,24.81,0.0,0.00,0.0,0.0,,0.0
176,18,5.00,9,18.99,24.86,24.87,0.0,0.00,0.0,0.0,,0.0
176,19,5.00,9,18.36,24.41,24.43,0.0,0.00,0.0,0.0,,0.0
176,20,5.00,9,18.08,24.06,24.07,0.0,0.00,0.0,0.0,,0.0
176,21,5.00,9,18.08,23.73,23.74,0.0,0.00,0.0,0.0,,0.0
176,22,5.00,9,18.29,23.43,23.44,0.0,0.00,0.0,0.0,,0.0
176,23,5.00,9,18.44,23.16,23.17,0.0,0.00,0.0,0.0,,0.0
176,24,5.00,9,18.26,22.89,22.91,0.0,0.00,0.0,0.0,,0.0
176,1,6.00,9,18.21,22.65,22.66,0.0,0.00,0.0,0.0,,0.0
176,2,6.00,9,18.10,22.41,22.42,0.0,0.00,0.0,0.0,,0.0
176,3,6.00,9,18.05,22.19,22.20,0.0,0.00,0.0,0.0,,0.0
176,4,6.00,9,18.14,21.99,22.00,0.0,0.00,0.0,0.0,,0.0
176,5,6.00,9,18.08,21.80,21.81,0.0,0.00,0.0,0.0,,0.0
176,6,6.00,9,18.40,21.64,21.65,0.0,0.00,0.0,0.0,,0.0
176,7,6.00,9,18.33,21.48,21.49,0.0,0.00,0.0,0.0,,0.0
176,8,6.00,9,18.44,21.83,21.84,0.0,0.00,0.0,0.0,,0.0
176,9,6.00,9,18.81,21.97,21.98,0.0,0.00,0.0,0.0,,0.0
176,10,6.00,9,19.93,22.20,22.21,0.0,0.00,0.0,0.0,,0.0
176,11,6.00,9,20.41,22.49,22.50,0.0,0.00,0.0,0.0,,0.0
176,12,6.00,9,20.51,22.83,22.84,0.0,0.00,0.0,0.0,,0.0
176,13,6.00,9,20.29,23.23,23.25,0.0,0.00,0.0,0.0,,0.0
176,14,6.00,9,20.41,23.69,23.70,0.0,0.00,0.0,0.0,,0.0
176,15,6.00,9,20.64,24.15,24.16,0.0,0.00,0.0,0.0,,0.0
176,16,6.00,9,20.73,24.54,24.55,0.0,0.00,0.0,0.0,,0.0
176,17,6.00,9,20.43,24.80,24.81,0.0,0.00,0.0,0.0,,0.0
176,18,6.00,9,20.12,24.93,24.94,0.0,0.00,0.0,0.0,,0.0
176,19,6.00,9,19.65,24.49,24.50,0.0,0.00,0.0,0.0,,0.0
176,20,6.00,9,19.42,24.18,24.19,0.0,0.00,0.0,0.0,,0.0
176,21,6.00,9,19.49,23.90,23.91,0.0,0.00,0.0,0.0,,0.0
176,22,6.00,9,19.66,23.64,23.65,0.0,0.00,0.0,0.0,,0.0
176,23,6.00,9,19.74,23.41,23.42,0.0,0.00,0.0,0.0,,0.0
176,24,6.00,9,19.65,23.18,23.19,0.0,0.00,0.0,0.0,,0.0
176,1,7.00,9,19.81,22.98,22.99,0.0,0.00,0.0,0.0,,0.0
176,2,7.00,9,19.97,22.81,22.82,0.0,0.00,0.0,-0.0,,0.0
176,3,7.00,9,19.84,22.63,22.64,0.0,0.00,0.0,-0.0,,0.0
176,4,7.00,9,19.69,22.46,22.47,0.0,0.00,0.0,-0.0,,0.0
176,5,7.00,9,19.72,22.30,22.32,0.0,0.00,0.0,0.0,,0.0
176,6,7.00,9,20.22,22.19,22.20,0.0,0.00,0.0,-0.0,,0.0
176,7,7.00,9,20.12,22.06,22.08,0.0,0.00,0.0,-0.0,,0.0
176,8,7.00,9,19.89,22.46,22.47,0.0,0.00,0.0,0.0,,0.0
176,9,7.00,9,20.23,22.62,22.64,0.0,0.00,0.0,0.0,,0.0
176,10,7.00,9,21.36,22.88,22.89,0.0,0.00,0.0,0.0,,0.0
176,11,7.00,9,21.58,23.17,23.18,0.0,0.00,0.0,0.0,,0.0
176,12,7.00,9,21.40,23.49,23.50,0.0,0.00,0.0,0.0,,0.0
176,13,7.00,9,20.77,23.84,23.85,0.0,0.00,0.0,0.0,,0.0
176,14,7.00,9,20.68,24.26,24.27,0.0,0.00,0.0,0.0,,0.0
176,15,7.00,9,20.79,24.67,24.68,0.0,0.00,0.0,0.0,,0.0
176,16,7.00,9,20.76,25.02,25.03,0.0,0.00,0.0,0.0,,0.0
176,17,7.00,9,20.46,25.25,25.26,0.0,0.00,0.0,0.0,,0.0
176,18,7.00,9,20.08,25.34,25.35,0.0,0.00,0.0,0.0,,0.0
176,19,7.00,9,19.45,24.89,24.90,0.0,0.00,0.0,0.0,,0.0
176,20,7.00,9,19.15,24.54,24.55,0.0,0.00,0.0,0.0,,0.0
176,21,7.00,9,19.19,24.23,24.24,0.0,0.00,0.0,0.0,,0.0
176,22,7.00,9,19.33,23.94,23.95,0.0,0.00,0.0,0.0,,0.0
176,23,7.00,9,19.40,23.68,23.69,0.0,0.00,0.0,0.0,,0.0
176,24,7.00,9,19.43,23.43,23.44,0.0,0.00,0.0,0.0,,0.0
176,1,1.00,9,19.59,23.21,23.22,0.0,0.00,0.0,0.0,,0.0
176,2,1.00,9,19.80,23.02,23.03,0.0,0.00,0.0,0.0,,0.0
176,3,1.00,9,19.87,22.84,22.85,0.0,0.00,0.0,0.0,,0.0
176,4,1.00,9,19.99,22.68,22.69,0.0,0.00,0.0,-0.0,,0.0
176,5,1.00,9,20.12,22.53,22.54,0.0,0.00,0.0,-0.0,,0.0
176,6,1.00,9,20.03,22.38,22.39,0.0,0.00,0.0,-0.0,,0.0
176,7,1.00,9,19.27,22.20,22.21,0.0,0.00,0.0,-0.0,,0.0
176,8,1.00,9,19.18,22.53,22.54,0.0,0.00,0.0,0.0,,0.0
176,9,1.00,9,19.31,22.63,22.64,0.0,0.00,0.0,-42.25,,-42.25
176,10,1.00,9,20.28,22.83,22.84,0.0,0.00,0.0,-92.08,,-92.08
176,11,1.00,9,20.69,23.09,23.10,0.0,0.00,0.0,0.0,,0.0
176,12,1.00,9,20.83,23.41,23.42,0.0,0.00,0.0,0.0,,0.0
176,13,1.00,9,20.71,23.80,23.81,0.0,0.00,0.0,0.0,,0.0
176,14,1.00,9,20.58,24.22,24.23,0.0,0.00,0.0,0.0,,0.0
176,15,1.00,9,20.81,24.65,24.66,0.0,0.00,0.0,0.0,,0.0
176,16,1.00,9,20.91,25.02,25.03,0.0,0.00,0.0,0.0,,0.0
176,17,1.00,9,20.63,25.26,25.27,0.0,0.00,0.0,0.0,,0.0
176,18,1.00,9,20.22,25.35,25.36,0.0,0.00,0.0,0.0,,0.0
176,19,1.00,9,19.60,24.90,24.91,0.0,0.00,0.0,0.0,,0.0
176,20,1.00,9,19.31,24.57,24.58,0.0,0.00,0.0,0.0,,0.0
176,21,1.00,9,19.34,24.26,24.27,0.0,0.00,0.0,0.0,,0.0
176,22,1.00,9,19.43,23.97,23.98,0.0,0.00,0.0,0.0,,0.0
176,23,1.00,9,19.53,23.71,23.72,0.0,0.00,0.0,0.0,,0.0
176,24,1.00,9,19.51,23.47,23.48,0.0,0.00,0.0,0.0,,0.0
176,1,2.00,9,19.60,23.24,23.25,0.0,0.00,0.0,0.0,,0.0
176,2,2.00,9,19.71,23.04,23.05,0.0,0.00,0.0,0.0,,0.0
176,3,2.00,9,19.70,22.85,22.86,0.0,0.00,0.0,0.0,,0.0
176,4,2.00,9,19.80,22.68,22.69,0.0,0.00,0.0,-0.0,,0.0
176,5,2.00,9,19.81,22.52,22.53,0.0,0.00,0.0,-0.0,,0.0
176,6,2.00,9,20.14,22.39,22.40,0.0,0.00,0.0,-0.0,,0.0
176,7,2.00,9,20.06,22.25,22.27,0.0,0.00,0.0,-0.0,,0.0
176,8,2.00,9,19.51,22.60,22.61,0.0,0.00,0.0,-36.32,,-36.32
176,9,2.00,9,19.51,22.70,22.71,0.0,0.00,0.0,-226.33,,-226.33
176,10,2.00,9,20.42,22.90,22.91,0.0,0.00,0.0,-94.29,,-94.29
176,11,2.00,9,20.68,23.14,23.15,0.0,0.00,0.0,0.0,,0.0
176,12,2.00,9,20.60,23.43,23.44,0.0,0.00,0.0,0.0,,0.0
176,13,2.00,9,19.91,23.75,23.76,0.0,0.00,0.0,0.0,,0.0
176,14,2.00,9,19.58,24.11,24.12,0.0,0.00,0.0,0.0,,0.0
176,15,2.00,9,19.71,24.49,24.50,0.0,0.00,0.0,0.0,,0.0
176,16,2.00,9,19.85,24.82,24.83,0.0,0.00,0.0,0.0,,0.0
176,17,2.00,9,19.46,25.02,25.03,0.0,0.00,0.0,0.0,,0.0
176,18,2.00,9,19.11,25.08,25.09,0.0,0.00,0.0,0.0,,0.0
176,19,2.00,9,18.43,24.63,24.64,0.0,0.00,0.0,0.0,,0.0
176,20,2.00,9,18.12,24.27,24.28,0.0,0.00,0.0,0.0,,0.0
176,21,2.00,9,18.19,23.93,23.94,0.0,0.00,0.0,0.0,,0.0
176,22,2.00,9,18.38,23.63,23.64,0.0,0.00,0.0,0.0,,0.0
176,23,2.00,9,18.44,23.35,23.36,0.0,0.00,0.0,0.0,,0.0
176,24,2.00,9,18.40,23.08,23.09,0.0,0.00,0.0,0.0,,0.0
176,1,3.00,9,18.47,22.84,22.85,0.0,0.00,0.0,0.0,,0.0
176,2,3.00,9,18.63,22.62,22.63,0.0,0.00,0.0,0.0,,0.0
176,3,3.00,9,18.69,22.42,22.43,0.0,0.00,0.0,0.0,,0.0
176,4,3.00,9,18.75,22.23,22.24,0.0,0.00,0.0,0.0,,0.0
176,5,3.00,9,18.94,22.07,22.08,0.0,0.00,0.0,0.0,,0.0
176,6,3.00,9,19.50,21.94,21.95,0.0,0.00,0.0,0.0,,0.0
176,7,3.00,9,19.25,21.80,21.81,0.0,0.00,0.0,0.0,,0.0
176,8,3.00,9,19.33,22.33,22.34,0.0,0.00,0.0,-0.0,,0.0
176,9,3.00,9,19.51,22.52,22.53,0.0,0.00,0.0,-0.0,,0.0
176,10,3.00,9,20.41,22.73,22.74,0.0,0.00,0.0,-0.0,,0.0
176,11,3.00,9,20.56,23.00,23.01,0.0,0.00,0.0,-0.0,,0.0
176,12,3.00,9,20.58,23.34,23.35,0.0,0.00,0.0,-0.0,,0.0
176,13,3.00,9,20.43,23.77,23.78,0.0,0.00,0.0,-0.0,,0.0
176,14,3.00,9,20.21,24.23,24.24,0.0,0.00,0.0,0.0,,0.0
176,15,3.00,9,19.80,24.66,24.67,0.0,0.00,0.0,0.0,,0.0
176,16,3.00,9,20.02,25.04,25.05,0.0,0.00,0.0,0.0,,0.0
176,17,3.00,9,19.74,25.31,25.32,0.0,0.00,0.0,0.0,,0.0
176,18,3.00,9,19.43,25.44,25.45,0.0,0.00,0.0,0.0,,0.0
176,19,3.00,9,18.80,24.76,24.77,0.0,0.00,0.0,0.0,,0.0
176,20,3.00,9,18.41,24.35,24.36,0.0,0.00,0.0,0.0,,0.0
176,21,3.00,9,18.44,24.01,24.02,0.0,0.00,0.0,0.0,,0.0
176,22,3.00,9,18.48,23.70,23.71,0.0,0.00,0.0,0.0,,0.0
176,23,3.00,9,18.53,23.42,23.42,0.0,0.00,0.0,0.0,,0.0
176,24,3.00,9,18.60,23.15,23.16,0.0,0.00,0.0,0.0,,0.0
176,1,4.00,9,18.68,22.92,22.93,0.0,0.00,0.0,0.0,,0.0
176,2,4.00,9,18.78,22.70,22.71,0.0,0.00,0.0,0.0,,0.0
176,3,4.00,9,18.86,22.50,22.51,0.0,0.00,0.0,0.0,,0.0
176,4,4.00,9,18.90,22.31,22.32,0.0,0.00,0.0,0.0,,0.0
176,5,4.00,9,19.05,22.15,22.16,0.0,0.00,0.0,0.0,,0.0
176,6,4.00,9,19.32,22.00,22.01,0.0,0.00,0.0,-0.0,,0.0
176,7,4.00,9,19.16,21.85,21.86,0.0,0.00,0.0,-0.0,,0.0
176,8,4.00,9,18.85,22.35,22.36,0.0,0.00,0.0,-0.0,,0.0
176,9,4.00,9,18.80,22.51,22.52,0.0,0.00,0.0,-0.0,,0.0
176,10,4.00,9,19.81,22.70,22.71,0.0,0.00,0.0,-0.0,,0.0
176,11,4.00,9,20.47,22.98,22.99,0.0,0.00,0.0,-0.0,,0.0
176,12,4.00,9,20.76,23.33,23.34,0.0,0.00,0.0,-0.0,,0.0
176,13,4.00,9,20.34,23.76,23.76,0.0,0.00,0.0,-0.0,,0.0
176,14,4.00,9,20.32,24.22,24.23,0.0,0.00,0.0,0.0,,0.0
176,15,4.00,9,19.85,24.65,24.66,0.0,0.00,0.0,0.0,,0.0
176,16,4.00,9,20.04,25.04,25.05,0.0,0.00,0.0,0.0,,0.0
176,17,4.00,9,19.75,25.31,25.31,0.0,0.00,0.0,0.0,,0.0
176,18,4.00,9,19.40,25.44,25.45,0.0,0.00,0.0,0.0,,0.0
176,19,4.00,9,18.67,24.75,24.76,0.0,0.00,0.0,0.0,,0.0
176,20,4.00,9,18.45,24.35,24.36,0.0,0.00,0.0,0.0,,0.0
176,21,4.00,9,18.43,24.01,24.02,0.0,0.00,0.0,0.0,,0.0
176,22,4.00,9,18.49,23.70,23.71,0.0,0.00,0.0,0.0,,0.0
176,23,4.00,9,18.54,23.41,23.42,0.0,0.00,0.0,0.0,,0.0
176,24,4.00,9,18.61,23.15,23.16,0.0,0.00,0.0,0.0,,0.0
176,1,5.00,9,18.76,22.92,22.93,0.0,0.00,0.0,0.0,,0.0
176,2,5.00,9,18.86,22.70,22.71,0.0,0.00,0.0,0.0,,0.0
176,3,5.00,9,18.93,22.51,22.51,0.0,0.00,0.0,0.0,,0.0
176,4,5.00,9,18.98,22.32,22.33,0.0,0.00,0.0,0.0,,0.0
176,5,5.00,9,19.16,22.16,22.17,0.0,0.00,0.0,0.0,,0.0
176,6,5.00,9,19.45,22.02,22.03,0.0,0.00,0.0,-0.0,,0.0
176,7,5.00,9,19.34,21.88,21.89,0.0,0.00,0.0,-0.0,,0.0
176,8,5.00,9,18.92,22.22,22.23,0.0,0.00,0.0,-7.85,,-7.85
176,9,5.00,9,18.91,22.32,22.33,0.0,0.00,0.0,-214.67,,-214.67
176,10,5.00,9,19.62,22.49,22.50,0.0,0.00,0.0,-102.6,,-102.6
176,11,5.00,9,20.28,22.76,22.77,0.0,0.00,0.0,-44.09,,-44.09
176,12,5.00,9,20.45,23.09,23.10,0.0,0.00,0.0,0.0,,0.0
176,13,5.00,9,19.94,23.44,23.45,0.0,0.00,0.0,0.0,,0.0
176,14,5.00,9,19.72,23.84,23.84,0.0,0.00,0.0,0.0,,0.0
176,15,5.00,9,19.68,24.22,24.23,0.0,0.00,0.0,0.0,,0.0
176,16,5.00,9,19.59,24.55,24.56,0.0,0.00,0.0,0.0,,0.0
176,17,5.00,9,19.05,24.73,24.74,0.0,0.00,0.0,0.0,,0.0
176,18,5.00,9,18.36,24.76,24.77,0.0,0.00,0.0,0.0,,0.0
176,19,5.00,9,17.45,24.29,24.30,0.0,0.00,0.0,0.0,,0.0
176,20,5.00,9,16.91,23.89,23.90,0.0,0.00,0.0,0.0,,0.0
176,21,5.00,9,16.74,23.52,23.53,0.0,0.00,0.0,0.0,,0.0
176,22,5.00,9,16.70,23.16,23.17,0.0,0.00,0.0,0.0,,0.0
176,23,5.00,9,16.50,22.82,22.83,0.0,0.00,0.0,0.0,,0.0
176,24,5.00,9,16.08,22.49,22.50,0.0,0.00,0.0,0.0,,0.0
176,1,6.00,9,15.70,22.16,22.17,0.0,0.00,0.0,0.0,,0.0
176,2,6.00,9,15.62,21.85,21.86,0.0,0.00,0.0,0.0,,0.0
176,3,6.00,9,15.61,21.57,21.58,0.0,0.00,0.0,0.0,,0.0
176,4,6.00,9,15.45,21.30,21.30,0.0,0.00,0.0,0.0,,0.0
176,5,6.00,9,15.42,21.04,21.05,0.0,0.00,0.0,0.0,,0.0
176,6,6.00,9,15.65,20.82,20.83,0.0,0.00,0.0,0.0,,0.0
176,7,6.00,9,15.24,20.58,20.59,0.0,0.00,0.0,0.0,,0.0
176,8,6.00,9,15.04,20.74,20.81,161.21,0.00,0.0,0.0,,161.21
176,9,6.00,9,15.42,20.78,20.81,15.16,0.00,0.0,0.0,,15.16
176,10,6.00,9,16.52,20.93,20.95,0.0,0.00,0.0,0.0,,0.0
176,11,6.00,9,17.74,21.22,21.24,0.0,0.00,0.0,0.0,,0.0
176,12,6.00,9,18.64,21.61,21.62,0.0,0.00,0.0,0.0,,0.0
176,13,6.00,9,18.65,22.04,22.05,0.0,0.00,0.0,0.0,,0.0
176,14,6.00,9,18.76,22.51,22.52,0.0,0.00,0.0,0.0,,0.0
176,15,6.00,9,19.14,22.98,23.00,0.0,0.00,0.0,0.0,,0.0
176,16,6.00,9,19.48,23.41,23.42,0.0,0.00,0.0,0.0,,0.0
176,17,6.00,9,19.28,23.70,23.71,0.0,0.00,0.0,0.0,,0.0
176,18,6.00,9,18.93,23.84,23.85,0.0,0.00,0.0,0.0,,0.0
176,19,6.00,9,18.36,23.42,23.43,0.0,0.00,0.0,0.0,,0.0
176,20,6.00,9,18.13,23.12,23.13,0.0,0.00,0.0,0.0,,0.0
176,21,6.00,9,18.17,22.84,22.86,0.0,0.00,0.0,0.0,,0.0
176,22,6.00,9,18.34,22.60,22.61,0.0,0.00,0.0,0.0,,0.0
176,23,6.00,9,18.44,22.37,22.38,0.0,0.00,0.0,0.0,,0.0
176,24,6.00,9,18.59,22.16,22.18,0.0,0.00,0.0,0.0,,0.0
176,1,7.00,9,18.49,21.97,21.98,0.0,0.00,0.0,0.0,,0.0
176,2,7.00,9,18.66,21.79,21.81,0.0,0.00,0.0,0.0,,0.0
176,3,7.00,9,18.81,21.64,21.65,0.0,0.00,0.0,-0.0,,0.0
176,4,7.00,9,18.82,21.49,21.50,0.0,0.00,0.0,-0.0,,0.0
176,5,7.00,9,19.12,21.37,21.38,0.0,0.00,0.0,-0.0,,0.0
176,6,7.00,9,18.82,21.24,21.25,0.0,0.00,0.0,-0.0,,0.0
176,7,7.00,9,18.22,21.08,21.09,0.0,0.00,0.0,-0.0,,0.0
176,8,7.00,9,18.27,21.44,21.45,0.0,0.00,0.0,0.0,,0.0
176,9,7.00,9,18.36,21.57,21.58,0.0,0.00,0.0,0.0,,0.0
176,10,7.00,9,19.08,21.76,21.77,0.0,0.00,0.0,0.0,,0.0
176,11,7.00,9,19.79,22.05,22.06,0.0,0.00,0.0,0.0,,0.0
176,12,7.00,9,20.17,22.41,22.42,0.0,0.00,0.0,0.0,,0.0
176,13,7.00,9,20.15,22.84,22.85,0.0,0.00,0.0,0.0,,0.0
176,14,7.00,9,19.85,23.28,23.29,0.0,0.00,0.0,0.0,,0.0
176,15,7.00,9,19.36,23.66,23.67,0.0,0.00,0.0,0.0,,0.0
176,16,7.00,9,19.52,24.02,24.03,0.0,0.00,0.0,0.0,,0.0
176,17,7.00,9,19.37,24.27,24.27,0.0,0.00,0.0,0.0,,0.0
176,18,7.00,9,18.90,24.36,24.37,0.0,0.00,0.0,0.0,,0.0
176,19,7.00,9,18.28,23.92,23.93,0.0,0.00,0.0,0.0,,0.0
176,20,7.00,9,18.00,23.58,23.59,0.0,0.00,0.0,0.0,,0.0
176,21,7.00,9,18.12,23.28,23.29,0.0,0.00,0.0,0.0,,0.0
176,22,7.00,9,18.24,23.00,23.01,0.0,0.00,0.0,0.0,,0.0
176,23,7.00,9,18.59,22.76,22.77,0.0,0.00,0.0,0.0,,0.0
176,24,7.00,9,18.71,22.53,22.54,0.0,0.00,0.0,0.0,,0.0
176,1,1.00,9,18.61,22.32,22.33,0.0,0.00,0.0,0.0,,0.0
176,2,1.00,9,18.82,22.14,22.14,0.0,0.00,0.0,0.0,,0.0
176,3,1.00,9,18.91,21.96,21.97,0.0,0.00,0.0,0.0,,0.0
176,4,1.00,9,18.94,21.81,21.81,0.0,0.00,0.0,-0.0,,0.0
176,5,1.00,9,19.22,21.67,21.68,0.0,0.00,0.0,0.0,,0.0
176,6,1.00,9,19.18,21.54,21.55,0.0,0.00,0.0,-0.0,,0.0
176,7,1.00,9,18.67,21.38,21.39,0.0,0.00,0.0,-0.0,,0.0
176,8,1.00,9,18.74,21.76,21.77,0.0,0.00,0.0,-90.41,,-90.41
176,9,1.00,9,18.71,21.87,21.88,0.0,0.00,0.0,-153.42,,-153.42
176,10,1.00,9,19.64,22.08,22.09,0.0,0.00,0.0,-167.27,,-167.27
176,11,1.00,9,20.02,22.35,22.36,0.0,0.00,0.0,0.0,,0.0
176,12,1.00,9,20.17,22.68,22.69,0.0,0.00,0.0,0.0,,0.0
176,13,1.00,9,20.32,23.11,23.12,0.0,0.00,0.0,0.0,,0.0
176,14,1.00,9,20.25,23.56,23.56,0.0,0.00,0.0,0.0,,0.0
176,15,1.00,9,19.88,23.95,23.96,0.0,0.00,0.0,0.0,,0.0
176,16,1.00,9,19.91,24.31,24.31,0.0,0.00,0.0,0.0,,0.0
176,17,1.00,9,19.52,24.53,24.54,0.0,0.00,0.0,0.0,,0.0
176,18,1.00,9,18.93,24.60,24.60,0.0,0.00,0.0,0.0,,0.0
176,19,1.00,9,18.22,24.14,24.15,0.0,0.00,0.0,0.0,,0.0
176,20,1.00,9,17.92,23.79,23.80,0.0,0.00,0.0,0.0,,0.0
176,21,1.00,9,17.88,23.46,23.47,0.0,0.00,0.0,0.0,,0.0
176,22,1.00,9,17.78,23.15,23.16,0.0,0.00,0.0,0.0,,0.0
176,23,1.00,9,17.84,22.86,22.87,0.0,0.00,0.0,0.0,,0.0
176,24,1.00,9,17.77,22.59,22.60,0.0,0.00,0.0,0.0,,0.0
176,1,2.00,9,17.71,22.34,22.35,0.0,0.00,0.0,0.0,,0.0
176,2,2.00,9,17.67,22.10,22.11,0.0,0.00,0.0,0.0,,0.0
176,3,2.00,9,17.68,21.89,21.89,0.0,0.00,0.0,0.0,,0.0
176,4,2.00,9,17.93,21.70,21.70,0.0,0.00,0.0,0.0,,0.0
176,5,2.00,9,17.94,21.51,21.52,0.0,0.00,0.0,0.0,,0.0
176,6,2.00,9,17.97,21.35,21.35,0.0,0.00,0.0,0.0,,0.0
176,7,2.00,9,18.13,21.19,21.20,0.0,0.00,0.0,0.0,,0.0
176,8,2.00,9,18.22,21.55,21.56,0.0,0.00,0.0,-124.15,,-124.15
176,9,2.00,9,18.37,21.67,21.68,0.0,0.00,0.0,-74.04,,-74.04
176,10,2.00,9,18.94,21.85,21.85,0.0,0.00,0.0,-132.65,,-132.65
176,11,2.00,9,19.70,22.13,22.14,0.0,0.00,0.0,0.0,,0.0
176,12,2.00,9,19.84,22.47,22.47,0.0,0.00,0.0,-7.11,,-7.11
176,13,2.00,9,19.83,22.88,22.89,0.0,0.00,0.0,0.0,,0.0
176,14,2.00,9,20.03,23.35,23.35,0.0,0.00,0.0,0.0,,0.0
176,15,2.00,9,20.05,23.79,23.79,0.0,0.00,0.0,0.0,,0.0
176,16,2.00,9,20.08,24.16,24.17,0.0,0.00,0.0,0.0,,0.0
176,17,2.00,9,19.65,24.40,24.41,0.0,0.00,0.0,0.0,,0.0
176,18,2.00,9,19.20,24.50,24.51,0.0,0.00,0.0,0.0,,0.0
176,19,2.00,9,18.58,24.06,24.07,0.0,0.00,0.0,0.0,,0.0
176,20,2.00,9,18.27,23.72,23.73,0.0,0.00,0.0,0.0,,0.0
176,21,2.00,9,18.29,23.42,23.42,0.0,0.00,0.0,0.0,,0.0
176,22,2.00,9,18.43,23.14,23.14,0.0,0.00,0.0,0.0,,0.0
176,23,2.00,9,18.58,22.88,22.89,0.0,0.00,0.0,0.0,,0.0
176,24,2.00,9,18.67,22.65,22.66,0.0,0.00,0.0,0.0,,0.0
176,1,3.00,9,18.48,22.42,22.43,0.0,0.00,0.0,0.0,,0.0
176,2,3.00,9,18.44,22.21,22.22,0.0,0.00,0.0,0.0,,0.0
176,3,3.00,9,18.29,22.00,22.01,0.0,0.00,0.0,0.0,,0.0
176,4,3.00,9,18.21,21.81,21.82,0.0,0.00,0.0,0.0,,0.0
176,5,3.00,9,17.97,21.61,21.62,0.0,0.00,0.0,0.0,,0.0
176,6,3.00,9,18.08,21.44,21.45,0.0,0.00,0.0,0.0,,0.0
176,7,3.00,9,17.62,21.25,21.26,0.0,0.00,0.0,0.0,,0.0
176,8,3.00,9,18.00,21.76,21.77,0.0,0.00,0.0,-0.0,,0.0
176,9,3.00,9,17.94,21.91,21.92,0.0,0.00,0.0,-0.0,,0.0
176,10,3.00,9,18.60,22.08,22.08,0.0,0.00,0.0,-0.0,,0.0
176,11,3.00,9,19.37,22.34,22.35,0.0,0.00,0.0,-0.0,,0.0
176,12,3.00,9,19.73,22.69,22.70,0.0,0.00,0.0,-0.0,,0.0
176,13,3.00,9,19.78,23.13,23.14,0.0,0.00,0.0,-0.0,,0.0
176,14,3.00,9,20.06,23.63,23.64,0.0,0.00,0.0,0.0,,0.0
176,15,3.00,9,20.25,24.12,24.13,0.0,0.00,0.0,0.0,,0.0
176,16,3.00,9,20.33,24.55,24.55,0.0,0.00,0.0,0.0,,0.0
176,17,3.00,9,20.05,24.85,24.86,0.0,0.00,0.0,0.0,,0.0
176,18,3.00,9,19.75,25.02,25.03,0.0,0.00,0.0,0.0,,0.0
176,19,3.00,9,19.16,24.38,24.38,0.0,0.00,0.0,0.0,,0.0
176,20,3.00,9,18.88,24.01,24.01,0.0,0.00,0.0,0.0,,0.0
176,21,3.00,9,18.72,23.69,23.70,0.0,0.00,0.0,0.0,,0.0
176,22,3.00,9,18.83,23.41,23.41,0.0,0.00,0.0,0.0,,0.0
176,23,3.00,9,18.97,23.15,23.16,0.0,0.00,0.0,0.0,,0.0
176,24,3.00,9,19.18,22.93,22.93,0.0,0.00,0.0,0.0,,0.0
176,1,4.00,9,19.25,22.72,22.72,0.0,0.00,0.0,0.0,,0.0
176,2,4.00,9,19.28,22.52,22.53,0.0,0.00,0.0,-0.0,,0.0
176,3,4.00,9,19.28,22.34,22.35,0.0,0.00,0.0,-0.0,,0.0
176,4,4.00,9,19.11,22.17,22.17,0.0,0.00,0.0,-0.0,,0.0
176,5,4.00,9,19.19,22.00,22.01,0.0,0.00,0.0,0.0,,0.0
176,6,4.00,9,19.54,21.87,21.88,0.0,0.00,0.0,-0.0,,0.0
176,7,4.00,9,19.31,21.73,21.74,0.0,0.00,0.0,-0.0,,0.0
176,8,4.00,9,18.91,22.23,22.24,0.0,0.00,0.0,-0.0,,0.0
176,9,4.00,9,18.66,22.38,22.38,0.0,0.00,0.0,-0.0,,0.0
176,10,4.00,9,19.00,22.52,22.53,0.0,0.00,0.0,-0.0,,0.0
176,11,4.00,9,19.86,22.78,22.79,0.0,0.00,0.0,-0.0,,0.0
176,12,4.00,9,20.28,23.13,23.13,0.0,0.00,0.0,-0.0,,0.0
176,13,4.00,9,20.34,23.57,23.58,0.0,0.00,0.0,-0.0,,0.0
176,14,4.00,9,20.23,24.04,24.05,0.0,0.00,0.0,0.0,,0.0
176,15,4.00,9,19.82,24.47,24.48,0.0,0.00,0.0,0.0,,0.0
176,16,4.00,9,19.78,24.85,24.86,0.0,0.00,0.0,0.0,,0.0
176,17,4.00,9,19.53,25.12,25.13,0.0,0.00,0.0,0.0,,0.0
176,18,4.00,9,19.07,25.24,25.25,0.0,0.00,0.0,0.0,,0.0
176,19,4.00,9,18.21,24.54,24.55,0.0,0.00,0.0,0.0,,0.0
176,20,4.00,9,17.78,24.12,24.12,0.0,0.00,0.0,0.0,,0.0
176,21,4.00,9,17.42,23.74,23.74,0.0,0.00,0.0,0.0,,0.0
176,22,4.00,9,17.22,23.38,23.39,0.0,0.00,0.0,0.0,,0.0
176,23,4.00,9,17.06,23.05,23.05,0.0,0.00,0.0,0.0,,0.0
176,24,4.00,9,16.94,22.73,22.74,0.0,0.00,0.0,0.0,,0.0
176,1,5.00,9,16.79,22.43,22.44,0.0,0.00,0.0,0.0,,0.0
176,2,5.00,9,16.52,22.14,22.15,0.0,0.00,0.0,0.0,,0.0
176,3,5.00,9,16.37,21.87,21.87,0.0,0.00,0.0,0.0,,0.0
176,4,5.00,9,16.13,21.60,21.60,0.0,0.00,0.0,0.0,,0.0
176,5,5.00,9,16.04,21.35,21.35,0.0,0.00,0.0,0.0,,0.0
176,6,5.00,9,16.26,21.12,21.13,0.0,0.00,0.0,0.0,,0.0
176,7,5.00,9,16.11,20.90,20.91,0.0,0.00,0.0,0.0,,0.0
176,8,5.00,9,16.26,21.13,21.14,0.0,0.00,0.0,0.0,,0.0
176,9,5.00,9,16.64,21.21,21.21,0.0,0.00,0.0,0.0,,0.0
176,10,5.00,9,17.76,21.39,21.40,0.0,0.00,0.0,-23.19,,-23.19
176,11,5.00,9,18.98,21.71,21.71,0.0,0.00,0.0,-186.9,,-186.9
176,12,5.00,9,19.62,22.09,22.10,0.0,0.00,0.0,-118.78,,-118.78
176,13,5.00,9,19.86,22.55,22.56,0.0,0.00,0.0,0.0,,0.0
176,14,5.00,9,20.02,23.05,23.05,0.0,0.00,0.0,0.0,,0.0
176,15,5.00,9,19.92,23.50,23.50,0.0,0.00,0.0,0.0,,0.0
176,16,5.00,9,19.77,23.87,23.88,0.0,0.00,0.0,0.0,,0.0
176,17,5.00,9,19.30,24.11,24.11,0.0,0.00,0.0,0.0,,0.0
176,18,5.00,9,18.72,24.19,24.20,0.0,0.00,0.0,0.0,,0.0
176,19,5.00,9,17.62,23.73,23.73,0.0,0.00,0.0,0.0,,0.0
176,20,5.00,9,17.04,23.36,23.36,0.0,0.00,0.0,0.0,,0.0
176,21,5.00,9,16.73,23.00,23.01,0.0,0.00,0.0,0.0,,0.0
176,22,5.00,9,16.65,22.67,22.67,0.0,0.00,0.0,0.0,,0.0
176,23,5.00,9,16.47,22.35,22.35,0.0,0.00,0.0,0.0,,0.0
176,24,5.00,9,16.51,22.06,22.06,0.0,0.00,0.0,0.0,,0.0
176,1,6.00,9,16.13,21.77,21.77,0.0,0.00,0.0,0.0,,0.0
176,2,6.00,9,15.70,21.48,21.48,0.0,0.00,0.0,0.0,,0.0
176,3,6.00,9,15.27,21.19,21.19,0.0,0.00,0.0,0.0,,0.0
176,4,6.00,9,15.30,20.92,20.93,0.0,0.00,0.0,0.0,,0.0
176,5,6.00,9,14.87,20.66,20.66,0.0,0.00,0.0,0.0,,0.0
176,6,6.00,9,14.81,20.41,20.41,0.0,0.00,0.0,0.0,,0.0
176,7,6.00,9,14.97,20.18,20.19,0.0,0.00,0.0,0.0,,0.0
176,8,6.00,9,14.98,20.38,20.81,1085.98,0.00,0.0,0.0,,1085.98
176,9,6.00,9,15.24,20.42,20.81,658.46,0.00,0.0,0.0,,658.46
176,10,6.00,9,16.82,20.63,20.81,99.13,0.00,0.0,0.0,,99.13
176,11,6.00,9,18.35,20.99,21.08,0.0,0.00,0.0,0.0,,0.0
176,12,6.00,9,19.25,21.42,21.49,0.0,0.00,0.0,0.0,,0.0
176,13,6.00,9,19.43,21.90,21.97,0.0,0.00,0.0,0.0,,0.0
176,14,6.00,9,19.72,22.42,22.49,0.0,0.00,0.0,0.0,,0.0
176,15,6.00,9,19.63,22.90,22.96,0.0,0.00,0.0,0.0,,0.0
176,16,6.00,9,19.50,23.30,23.36,0.0,0.00,0.0,0.0,,0.0
176,17,6.00,9,19.15,23.57,23.63,0.0,0.00,0.0,0.0,,0.0
176,18,6.00,9,18.66,23.69,23.75,0.0,0.00,0.0,0.0,,0.0
176,19,6.00,9,17.25,23.22,23.27,0.0,0.00,0.0,0.0,,0.0
176,20,6.00,9,16.43,22.84,22.89,0.0,0.00,0.0,0.0,,0.0
176,21,6.00,9,16.26,22.49,22.54,0.0,0.00,0.0,0.0,,0.0
176,22,6.00,9,15.90,22.15,22.20,0.0,0.00,0.0,0.0,,0.0
176,23,6.00,9,16.01,21.84,21.89,0.0,0.00,0.0,0.0,,0.0
176,24,6.00,9,15.85,21.55,21.59,0.0,0.00,0.0,0.0,,0.0
176,1,7.00,9,15.53,21.26,21.30,0.0,0.00,0.0,0.0,,0.0
176,2,7.00,9,15.44,20.99,21.03,0.0,0.00,0.0,0.0,,0.0
176,3,7.00,9,15.30,20.74,20.77,0.0,0.00,0.0,0.0,,0.0
176,4,7.00,9,15.20,20.49,20.53,0.0,0.00,0.0,0.0,,0.0
176,5,7.00,9,15.24,20.27,20.30,0.0,0.00,0.0,0.0,,0.0
176,6,7.00,9,15.36,20.07,20.10,0.0,0.00,0.0,0.0,,0.0
176,7,7.00,9,15.36,19.88,19.91,0.0,0.00,0.0,0.0,,0.0
176,8,7.00,9,15.46,20.14,20.81,1642.88,0.00,0.0,0.0,,1642.88
176,9,7.00,9,16.10,20.26,20.81,862.67,0.00,0.0,0.0,,862.67
176,10,7.00,9,17.92,20.54,20.81,138.11,0.00,0.0,0.0,,138.11
176,11,7.00,9,19.50,20.96,21.11,0.0,0.00,0.0,0.0,,0.0
176,12,7.00,9,20.26,21.42,21.55,0.0,0.00,0.0,0.0,,0.0
176,13,7.00,9,20.46,21.95,22.07,0.0,0.00,0.0,0.0,,0.0
176,14,7.00,9,20.68,22.51,22.62,0.0,0.00,0.0,0.0,,0.0
176,15,7.00,9,20.72,23.03,23.13,0.0,0.00,0.0,0.0,,0.0
176,16,7.00,9,20.64,23.47,23.57,0.0,0.00,0.0,0.0,,0.0
176,17,7.00,9,20.27,23.78,23.87,0.0,0.00,0.0,0.0,,0.0
176,18,7.00,9,19.71,23.93,24.02,0.0,0.00,0.0,0.0,,0.0
176,19,7.00,9,18.55,23.46,23.55,0.0,0.00,0.0,0.0,,0.0
176,20,7.00,9,17.82,23.12,23.20,0.0,0.00,0.0,0.0,,0.0
176,21,7.00,9,17.61,22.80,22.88,0.0,0.00,0.0,0.0,,0.0
176,22,7.00,9,17.64,22.51,22.59,0.0,0.00,0.0,0.0,,0.0
176,23,7.00,9,17.50,22.24,22.31,0.0,0.00,0.0,0.0,,0.0
176,24,7.00,9,17.35,21.98,22.05,0.0,0.00,0.0,0.0,,0.0
176,1,1.00,9,17.08,21.72,21.79,0.0,0.00,0.0,0.0,,0.0
176,2,1.00,9,17.10,21.49,21.55,0.0,0.00,0.0,0.0,,0.0
176,3,1.00,9,16.89,21.26,21.33,0.0,0.00,0.0,0.0,,0.0
176,4,1.00,9,16.56,21.04,21.09,0.0,0.00,0.0,0.0,,0.0
176,5,1.00,9,16.07,20.80,20.85,0.0,0.00,0.0,0.0,,0.0
176,6,1.00,9,15.96,20.58,20.63,0.0,0.00,0.0,0.0,,0.0
176,7,1.00,9,15.64,20.36,20.41,0.0,0.00,0.0,0.0,,0.0
176,8,1.00,9,15.47,20.56,20.81,512.76,0.00,0.0,0.0,,512.76
176,9,1.00,9,15.47,20.59,20.81,309.09,0.00,0.0,0.0,,309.09
176,10,1.00,9,16.77,20.76,20.87,0.0,0.00,0.0,0.0,,0.0
176,11,1.00,9,17.68,21.03,21.11,0.0,0.00,0.0,0.0,,0.0
176,12,1.00,9,18.23,21.38,21.45,0.0,0.00,0.0,0.0,,0.0
176,13,1.00,9,18.13,21.78,21.85,0.0,0.00,0.0,0.0,,0.0
176,14,1.00,9,18.51,22.26,22.32,0.0,0.00,0.0,0.0,,0.0
176,15,1.00,9,18.20,22.66,22.72,0.0,0.00,0.0,0.0,,0.0
176,16,1.00,9,18.37,23.04,23.09,0.0,0.00,0.0,0.0,,0.0
176,17,1.00,9,18.23,23.29,23.35,0.0,0.00,0.0,0.0,,0.0
176,18,1.00,9,17.79,23.39,23.45,0.0,0.00,0.0,0.0,,0.0
176,19,1.00,9,16.97,22.96,23.01,0.0,0.00,0.0,0.0,,0.0
176,20,1.00,9,16.23,22.59,22.64,0.0,0.00,0.0,0.0,,0.0
176,21,1.00,9,16.38,22.27,22.32,0.0,0.00,0.0,0.0,,0.0
176,22,1.00,9,16.35,21.97,22.01,0.0,0.00,0.0,0.0,,0.0
176,23,1.00,9,16.25,21.68,21.72,0.0,0.00,0.0,0.0,,0.0
176,24,1.00,9,16.21,21.41,21.45,0.0,0.00,0.0,0.0,,0.0
176,1,2.00,9,16.00,21.15,21.19,0.0,0.00,0.0,0.0,,0.0
176,2,2.00,9,15.99,20.91,20.95,0.0,0.00,0.0,0.0,,0.0
176,3,2.00,9,15.99,20.69,20.72,0.0,0.00,0.0,0.0,,0.0
176,4,2.00,9,16.17,20.49,20.52,0.0,0.00,0.0,0.0,,0.0
176,5,2.00,9,16.31,20.31,20.34,0.0,0.00,0.0,0.0,,0.0
176,6,2.00,9,16.76,20.16,20.20,0.0,0.00,0.0,0.0,,0.0
176,7,2.00,9,16.99,20.03,20.07,0.0,0.00,0.0,0.0,,0.0
176,8,2.00,9,17.10,20.41,20.81,952.34,0.00,0.0,0.0,,952.34
176,9,2.00,9,17.54,20.57,20.81,256.82,0.00,0.0,0.0,,256.82
176,10,2.00,9,18.32,20.80,20.91,0.0,0.00,0.0,0.0,,0.0
176,11,2.00,9,18.87,21.10,21.18,0.0,0.00,0.0,0.0,,0.0
176,12,2.00,9,19.35,21.48,21.55,0.0,0.00,0.0,0.0,,0.0
176,13,2.00,9,19.92,21.99,22.06,0.0,0.00,0.0,0.0,,0.0
176,14,2.00,9,20.30,22.53,22.60,0.0,0.00,0.0,0.0,,0.0
176,15,2.00,9,20.34,23.04,23.10,0.0,0.00,0.0,0.0,,0.0
176,16,2.00,9,20.25,23.46,23.51,0.0,0.00,0.0,0.0,,0.0
176,17,2.00,9,20.35,23.79,23.85,0.0,0.00,0.0,0.0,,0.0
176,18,2.00,9,19.67,23.93,23.98,0.0,0.00,0.0,0.0,,0.0
176,19,2.00,9,19.00,23.49,23.54,0.0,0.00,0.0,0.0,,0.0
176,20,2.00,9,18.14,23.16,23.21,0.0,0.00,0.0,0.0,,0.0
176,21,2.00,9,18.07,22.86,22.91,0.0,0.00,0.0,0.0,,0.0
176,22,2.00,9,17.96,22.58,22.62,0.0,0.00,0.0,0.0,,0.0
176,23,2.00,9,17.53,22.29,22.34,0.0,0.00,0.0,0.0,,0.0
176,24,2.00,9,17.37,22.03,22.07,0.0,0.00,0.0,0.0,,0.0
176,1,3.00,9,17.03,21.76,21.80,0.0,0.00,0.0,0.0,,0.0
176,2,3.00,9,17.07,21.53,21.56,0.0,0.00,0.0,0.0,,0.0
176,3,3.00,9,17.27,21.32,21.35,0.0,0.00,0.0,0.0,,0.0
176,4,3.00,9,17.18,21.11,21.15,0.0,0.00,0.0,0.0,,0.0
176,5,3.00,9,17.33,20.94,20.97,0.0,0.00,0.0,0.0,,0.0
176,6,3.00,9,17.21,20.76,20.79,0.0,0.00,0.0,0.0,,0.0
176,7,3.00,9,16.04,20.52,20.56,0.0,0.00,0.0,0.0,,0.0
176,8,3.00,9,15.93,20.97,21.00,0.0,0.00,0.0,0.0,,0.0
176,9,3.00,9,16.27,21.10,21.13,0.0,0.00,0.0,0.0,,0.0
176,10,3.00,9,17.72,21.29,21.32,0.0,0.00,0.0,0.0,,0.0
176,11,3.00,9,18.33,21.55,21.58,0.0,0.00,0.0,0.0,,0.0
176,12,3.00,9,18.80,21.91,21.93,0.0,0.00,0.0,0.0,,0.0
176,13,3.00,9,19.58,22.40,22.42,0.0,0.00,0.0,0.0,,0.0
176,14,3.00,9,20.13,22.94,22.97,0.0,0.00,0.0,0.0,,0.0
176,15,3.00,9,20.40,23.48,23.50,0.0,0.00,0.0,0.0,,0.0
176,16,3.00,9,20.14,23.92,23.94,0.0,0.00,0.0,0.0,,0.0
176,17,3.00,9,19.80,24.24,24.27,0.0,0.00,0.0,0.0,,0.0
176,18,3.00,9,19.25,24.42,24.44,0.0,0.00,0.0,0.0,,0.0
176,19,3.00,9,18.28,23.76,23.78,0.0,0.00,0.0,0.0,,0.0
176,20,3.00,9,17.62,23.36,23.38,0.0,0.00,0.0,0.0,,0.0
176,21,3.00,9,17.37,23.01,23.03,0.0,0.00,0.0,0.0,,0.0
176,22,3.00,9,17.20,22.69,22.71,0.0,0.00,0.0,0.0,,0.0
176,23,3.00,9,17.03,22.38,22.40,0.0,0.00,0.0,0.0,,0.0
176,24,3.00,9,16.68,22.08,22.10,0.0,0.00,0.0,0.0,,0.0
176,1,4.00,9,16.40,21.80,21.81,0.0,0.00,0.0,0.0,,0.0
176,2,4.00,9,15.94,21.51,21.52,0.0,0.00,0.0,0.0,,0.0
176,3,4.00,9,15.55,21.22,21.24,0.0,0.00,0.0,0.0,,0.0
176,4,4.00,9,15.40,20.95,20.97,0.0,0.00,0.0,0.0,,0.0
176,5,4.00,9,15.07,20.68,20.70,0.0,0.00,0.0,0.0,,0.0
176,6,4.00,9,15.22,20.45,20.46,0.0,0.00,0.0,0.0,,0.0
176,7,4.00,9,15.29,20.23,20.24,0.0,0.00,0.0,0.0,,0.0
176,8,4.00,9,15.51,20.69,20.71,0.0,0.00,0.0,0.0,,0.0
176,9,4.00,9,16.02,20.83,20.85,0.0,0.00,0.0,0.0,,0.0
176,10,4.00,9,17.07,21.01,21.02,0.0,0.00,0.0,0.0,,0.0
176,11,4.00,9,17.67,21.27,21.28,0.0,0.00,0.0,0.0,,0.0
176,12,4.00,9,18.31,21.62,21.64,0.0,0.00,0.0,0.0,,0.0
176,13,4.00,9,18.68,22.09,22.10,0.0,0.00,0.0,0.0,,0.0
176,14,4.00,9,18.88,22.60,22.61,0.0,0.00,0.0,0.0,,0.0
176,15,4.00,9,18.71,23.07,23.09,0.0,0.00,0.0,0.0,,0.0
176,16,4.00,9,18.70,23.49,23.50,0.0,0.00,0.0,0.0,,0.0
176,17,4.00,9,18.43,23.78,23.80,0.0,0.00,0.0,0.0,,0.0
176,18,4.00,9,18.07,23.94,23.96,0.0,0.00,0.0,0.0,,0.0
176,19,4.00,9,16.98,23.26,23.27,0.0,0.00,0.0,0.0,,0.0
176,20,4.00,9,16.25,22.83,22.85,0.0,0.00,0.0,0.0,,0.0
176,21,4.00,9,16.02,22.47,22.48,0.0,0.00,0.0,0.0,,0.0
176,22,4.00,9,16.10,22.14,22.15,0.0,0.00,0.0,0.0,,0.0
176,23,4.00,9,16.01,21.83,21.84,0.0,0.00,0.0,0.0,,0.0
176,24,4.00,9,15.85,21.53,21.54,0.0,0.00,0.0,0.0,,0.0
176,1,5.00,9,15.48,21.24,21.25,0.0,0.00,0.0,0.0,,0.0
176,2,5.00,9,15.28,20.96,20.97,0.0,0.00,0.0,0.0,,0.0
176,3,5.00,9,15.08,20.69,20.70,0.0,0.00,0.0,0.0,,0.0
176,4,5.00,9,15.08,20.45,20.46,0.0,0.00,0.0,0.0,,0.0
176,5,5.00,9,14.90,20.20,20.22,0.0,0.00,0.0,0.0,,0.0
176,6,5.00,9,15.50,20.02,20.03,0.0,0.00,0.0,0.0,,0.0
176,7,5.00,9,15.71,19.84,19.86,0.0,0.00,0.0,0.0,,0.0
176,8,5.00,9,15.97,20.15,20.81,1656.43,0.00,0.0,0.0,,1656.43
176,9,5.00,9,16.39,20.27,20.81,862.08,0.00,0.0,0.0,,862.08
176,10,5.00,9,17.26,20.47,20.81,353.14,0.00,0.0,0.0,,353.14
176,11,5.00,9,17.88,20.76,20.92,0.0,0.00,0.0,0.0,,0.0
176,12,5.00,9,18.60,21.14,21.27,0.0,0.00,0.0,0.0,,0.0
176,13,5.00,9,18.87,21.61,21.72,0.0,0.00,0.0,0.0,,0.0
176,14,5.00,9,19.13,22.12,22.22,0.0,0.00,0.0,0.0,,0.0
176,15,5.00,9,19.13,22.59,22.69,0.0,0.00,0.0,0.0,,0.0
176,16,5.00,9,19.05,22.98,23.07,0.0,0.00,0.0,0.0,,0.0
176,17,5.00,9,18.90,23.27,23.35,0.0,0.00,0.0,0.0,,0.0
176,18,5.00,9,18.56,23.41,23.49,0.0,0.00,0.0,0.0,,0.0
176,19,5.00,9,17.40,22.95,23.03,0.0,0.00,0.0,0.0,,0.0
176,20,5.00,9,16.59,22.59,22.67,0.0,0.00,0.0,0.0,,0.0
176,21,5.00,9,16.20,22.24,22.32,0.0,0.00,0.0,0.0,,0.0
176,22,5.00,9,16.18,21.93,22.00,0.0,0.00,0.0,0.0,,0.0
176,23,5.00,9,15.99,21.62,21.69,0.0,0.00,0.0,0.0,,0.0
176,24,5.00,9,16.07,21.35,21.41,0.0,0.00,0.0,0.0,,0.0
176,1,6.00,9,15.80,21.08,21.14,0.0,0.00,0.0,0.0,,0.0
176,2,6.00,9,15.42,20.81,20.87,0.0,0.00,0.0,0.0,,0.0
176,3,6.00,9,15.21,20.55,20.61,0.0,0.00,0.0,0.0,,0.0
176,4,6.00,9,15.18,20.31,20.37,0.0,0.00,0.0,0.0,,0.0
176,5,6.00,9,14.91,20.07,20.13,0.0,0.00,0.0,0.0,,0.0
176,6,6.00,9,15.01,19.86,19.91,0.0,0.00,0.0,0.0,,0.0
176,7,6.00,9,14.79,19.65,19.70,0.0,0.00,0.0,0.0,,0.0
176,8,6.00,9,14.98,19.89,20.81,2235.63,0.00,0.0,0.0,,2235.63
176,9,6.00,9,14.82,19.92,20.81,1519.91,0.00,0.0,0.0,,1519.91
176,10,6.00,9,15.64,20.05,20.81,1075.23,0.00,0.0,0.0,,1075.23
176,11,6.00,9,16.85,20.34,20.81,338.55,0.00,0.0,0.0,,338.55
176,12,6.00,9,18.30,20.78,21.06,0.0,0.00,0.0,0.0,,0.0
176,13,6.00,9,18.71,21.28,21.51,0.0,0.00,0.0,0.0,,0.0
176,14,6.00,9,18.99,21.81,22.02,0.0,0.00,0.0,0.0,,0.0
176,15,6.00,9,18.95,22.29,22.48,0.0,0.00,0.0,0.0,,0.0
176,16,6.00,9,18.99,22.70,22.89,0.0,0.00,0.0,0.0,,0.0
176,17,6.00,9,18.74,22.99,23.17,0.0,0.00,0.0,0.0,,0.0
176,18,6.00,9,18.52,23.15,23.32,0.0,0.00,0.0,0.0,,0.0
176,19,6.00,9,17.20,22.69,22.86,0.0,0.00,0.0,0.0,,0.0
176,20,6.00,9,16.00,22.31,22.47,0.0,0.00,0.0,0.0,,0.0
176,21,6.00,9,15.61,21.95,22.11,0.0,0.00,0.0,0.0,,0.0
176,22,6.00,9,15.75,21.64,21.78,0.0,0.00,0.0,0.0,,0.0
176,23,6.00,9,15.79,21.34,21.48,0.0,0.00,0.0,0.0,,0.0
176,24,6.00,9,15.58,21.06,21.19,0.0,0.00,0.0,0.0,,0.0
176,1,7.00,9,15.51,20.80,20.92,0.0,0.00,0.0,0.0,,0.0
176,2,7.00,9,15.29,20.54,20.66,0.0,0.00,0.0,0.0,,0.0
176,3,7.00,9,15.07,20.29,20.41,0.0,0.00,0.0,0.0,,0.0
176,4,7.00,9,15.01,20.06,20.17,0.0,0.00,0.0,0.0,,0.0
176,5,7.00,9,14.98,19.84,19.95,0.0,0.00,0.0,0.0,,0.0
176,6,7.00,9,15.06,19.64,19.74,0.0,0.00,0.0,0.0,,0.0
176,7,7.00,9,15.10,19.46,19.55,0.0,0.00,0.0,0.0,,0.0
176,8,7.00,9,15.59,19.77,20.81,2425.91,0.00,0.0,0.0,,2425.91
176,9,7.00,9,16.19,19.91,20.81,1369.01,0.00,0.0,0.0,,1369.01
176,10,7.00,9,17.12,20.13,20.81,796.05,0.00,0.0,0.0,,796.05
176,11,7.00,9,18.14,20.46,20.81,14.0,0.00,0.0,0.0,,14.0
176,12,7.00,9,18.88,20.88,21.15,0.0,0.00,0.0,0.0,,0.0
176,13,7.00,9,19.16,21.38,21.61,0.0,0.00,0.0,0.0,,0.0
176,14,7.00,9,19.31,21.90,22.12,0.0,0.00,0.0,0.0,,0.0
176,15,7.00,9,19.31,22.39,22.59,0.0,0.00,0.0,0.0,,0.0
176,16,7.00,9,19.16,22.79,22.99,0.0,0.00,0.0,0.0,,0.0
176,17,7.00,9,18.89,23.08,23.26,0.0,0.00,0.0,0.0,,0.0
176,18,7.00,9,18.55,23.22,23.40,0.0,0.00,0.0,0.0,,0.0
176,19,7.00,9,17.70,22.78,22.96,0.0,0.00,0.0,0.0,,0.0
176,20,7.00,9,17.28,22.46,22.63,0.0,0.00,0.0,0.0,,0.0
176,21,7.00,9,17.11,22.16,22.32,0.0,0.00,0.0,0.0,,0.0
176,22,7.00,9,17.01,21.88,22.03,0.0,0.00,0.0,0.0,,0.0
176,23,7.00,9,16.77,21.60,21.75,0.0,0.00,0.0,0.0,,0.0
176,24,7.00,9,16.65,21.35,21.49,0.0,0.00,0.0,0.0,,0.0
176,1,1.00,10,16.56,21.10,21.24,0.0,0.00,0.0,0.0,,0.0
176,2,1.00,10,16.16,20.86,20.99,0.0,0.00,0.0,0.0,,0.0
176,3,1.00,10,16.10,20.63,20.75,0.0,0.00,0.0,0.0,,0.0
176,4,1.00,10,16.22,20.43,20.55,0.0,0.00,0.0,0.0,,0.0
176,5,1.00,10,16.18,20.24,20.35,0.0,0.00,0.0,0.0,,0.0
176,6,1.00,10,16.21,20.06,20.16,0.0,0.00,0.0,0.0,,0.0
176,7,1.00,10,16.02,19.88,19.98,0.0,0.00,0.0,0.0,,0.0
176,8,1.00,10,16.07,20.18,20.68,1021.79,0.00,0.0,0.0,,1021.79
176,9,1.00,10,16.49,20.31,20.68,414.96,0.00,0.0,0.0,,414.96
176,10,1.00,10,17.54,20.51,20.70,0.0,0.00,0.0,0.0,,0.0
176,11,1.00,10,18.41,20.80,20.95,0.0,0.00,0.0,0.0,,0.0
176,12,1.00,10,19.20,21.21,21.34,0.0,0.00,0.0,0.0,,0.0
176,13,1.00,10,19.68,21.66,21.78,0.0,0.00,0.0,0.0,,0.0
176,14,1.00,10,19.74,22.10,22.22,0.0,0.00,0.0,0.0,,0.0
176,15,1.00,10,19.65,22.50,22.61,0.0,0.00,0.0,0.0,,0.0
176,16,1.00,10,19.21,22.81,22.91,0.0,0.00,0.0,0.0,,0.0
176,17,1.00,10,18.62,22.99,23.09,0.0,0.00,0.0,0.0,,0.0
176,18,1.00,10,18.08,23.04,23.14,0.0,0.00,0.0,0.0,,0.0
176,19,1.00,10,16.96,22.55,22.65,0.0,0.00,0.0,0.0,,0.0
176,20,1.00,10,16.29,22.20,22.30,0.0,0.00,0.0,0.0,,0.0
176,21,1.00,10,15.78,21.87,21.96,0.0,0.00,0.0,0.0,,0.0
176,22,1.00,10,15.22,21.53,21.62,0.0,0.00,0.0,0.0,,0.0
176,23,1.00,10,14.94,21.21,21.30,0.0,0.00,0.0,0.0,,0.0
176,24,1.00,10,14.93,20.92,21.00,0.0,0.00,0.0,0.0,,0.0
176,1,2.00,10,14.73,20.64,20.71,0.0,0.00,0.0,0.0,,0.0
176,2,2.00,10,14.70,20.37,20.44,0.0,0.00,0.0,0.0,,0.0
176,3,2.00,10,14.41,20.11,20.18,0.0,0.00,0.0,0.0,,0.0
176,4,2.00,10,14.23,19.86,19.92,0.0,0.00,0.0,0.0,,0.0
176,5,2.00,10,14.40,19.63,19.70,0.0,0.00,0.0,0.0,,0.0
176,6,2.00,10,14.52,19.43,19.49,0.0,0.00,0.0,0.0,,0.0
176,7,2.00,10,14.55,19.23,19.29,0.0,0.00,0.0,0.0,,0.0
176,8,2.00,10,14.86,19.51,20.68,2821.72,0.00,0.0,0.0,,2821.72
176,9,2.00,10,15.62,19.66,20.68,1636.62,0.00,0.0,0.0,,1636.62
176,10,2.00,10,16.95,19.90,20.68,980.2,0.00,0.0,0.0,,980.2
176,11,2.00,10,18.39,20.26,20.68,115.41,0.00,0.0,0.0,,115.41
176,12,2.00,10,19.43,20.73,21.02,0.0,0.00,0.0,-62.13,,-62.13
176,13,2.00,10,19.54,21.19,21.44,0.0,0.00,0.0,0.0,,0.0
176,14,2.00,10,19.49,21.65,21.88,0.0,0.00,0.0,0.0,,0.0
176,15,2.00,10,19.51,22.07,22.29,0.0,0.00,0.0,0.0,,0.0
176,16,2.00,10,19.41,22.43,22.64,0.0,0.00,0.0,0.0,,0.0
176,17,2.00,10,19.02,22.67,22.86,0.0,0.00,0.0,0.0,,0.0
176,18,2.00,10,18.53,22.77,22.95,0.0,0.00,0.0,0.0,,0.0
176,19,2.00,10,17.34,22.28,22.47,0.0,0.00,0.0,0.0,,0.0
176,20,2.00,10,16.59,21.95,22.13,0.0,0.00,0.0,0.0,,0.0
176,21,2.00,10,16.50,21.66,21.83,0.0,0.00,0.0,0.0,,0.0
176,22,2.00,10,16.64,21.41,21.57,0.0,0.00,0.0,0.0,,0.0
176,23,2.00,10,16.57,21.17,21.32,0.0,0.00,0.0,0.0,,0.0
176,24,2.00,10,16.46,20.93,21.08,0.0,0.00,0.0,0.0,,0.0
176,1,3.00,10,16.36,20.71,20.85,0.0,0.00,0.0,0.0,,0.0
176,2,3.00,10,16.16,20.50,20.63,0.0,0.00,0.0,0.0,,0.0
176,3,3.00,10,15.85,20.28,20.41,0.0,0.00,0.0,0.0,,0.0
176,4,3.00,10,15.86,20.08,20.20,0.0,0.00,0.0,0.0,,0.0
176,5,3.00,10,15.76,19.89,20.01,0.0,0.00,0.0,0.0,,0.0
176,6,3.00,10,15.99,19.72,19.84,0.0,0.00,0.0,0.0,,0.0
176,7,3.00,10,15.82,19.55,19.66,0.0,0.00,0.0,0.0,,0.0
176,8,3.00,10,16.46,20.10,20.20,0.0,0.00,0.0,0.0,,0.0
176,9,3.00,10,16.73,20.30,20.40,0.0,0.00,0.0,-0.0,,0.0
176,10,3.00,10,17.25,20.49,20.58,0.0,0.00,0.0,-0.0,,0.0
176,11,3.00,10,17.80,20.74,20.84,0.0,0.00,0.0,-0.0,,0.0
176,12,3.00,10,18.40,21.11,21.20,0.0,0.00,0.0,-0.0,,0.0
176,13,3.00,10,18.59,21.53,21.62,0.0,0.00,0.0,0.0,,0.0
176,14,3.00,10,18.82,21.98,22.06,0.0,0.00,0.0,0.0,,0.0
176,15,3.00,10,18.83,22.40,22.48,0.0,0.00,0.0,0.0,,0.0
176,16,3.00,10,18.93,22.78,22.86,0.0,0.00,0.0,0.0,,0.0
176,17,3.00,10,18.65,23.04,23.12,0.0,0.00,0.0,0.0,,0.0
176,18,3.00,10,18.00,23.16,23.23,0.0,0.00,0.0,0.0,,0.0
176,19,3.00,10,16.90,22.48,22.55,0.0,0.00,0.0,0.0,,0.0
176,20,3.00,10,16.37,22.09,22.16,0.0,0.00,0.0,0.0,,0.0
176,21,3.00,10,16.14,21.78,21.84,0.0,0.00,0.0,0.0,,0.0
176,22,3.00,10,16.33,21.50,21.56,0.0,0.00,0.0,0.0,,0.0
176,23,3.00,10,16.37,21.25,21.31,0.0,0.00,0.0,0.0,,0.0
176,24,3.00,10,16.25,21.00,21.06,0.0,0.00,0.0,0.0,,0.0
176,1,4.00,10,16.02,20.76,20.82,0.0,0.00,0.0,0.0,,0.0
176,2,4.00,10,16.00,20.54,20.60,0.0,0.00,0.0,0.0,,0.0
176,3,4.00,10,15.61,20.31,20.37,0.0,0.00,0.0,0.0,,0.0
176,4,4.00,10,15.74,20.11,20.16,0.0,0.00,0.0,0.0,,0.0
176,5,4.00,10,15.69,19.92,19.97,0.0,0.00,0.0,0.0,,0.0
176,6,4.00,10,16.15,19.76,19.81,0.0,0.00,0.0,0.0,,0.0
176,7,4.00,10,15.75,19.59,19.63,0.0,0.00,0.0,0.0,,0.0
176,8,4.00,10,16.00,20.10,20.15,0.0,0.00,0.0,0.0,,0.0
176,9,4.00,10,15.86,20.26,20.30,0.0,0.00,0.0,-0.0,,0.0
176,10,4.00,10,16.81,20.44,20.48,0.0,0.00,0.0,-0.0,,0.0
176,11,4.00,10,17.65,20.70,20.74,0.0,0.00,0.0,-0.0,,0.0
176,12,4.00,10,18.51,21.08,21.12,0.0,0.00,0.0,-0.0,,0.0
176,13,4.00,10,18.68,21.51,21.55,0.0,0.00,0.0,-0.0,,0.0
176,14,4.00,10,18.94,21.96,22.00,0.0,0.00,0.0,-0.0,,0.0
176,15,4.00,10,18.85,22.39,22.43,0.0,0.00,0.0,-0.0,,0.0
176,16,4.00,10,18.78,22.75,22.79,0.0,0.00,0.0,-0.0,,0.0
176,17,4.00,10,18.55,23.02,23.05,0.0,0.00,0.0,0.0,,0.0
176,18,4.00,10,18.05,23.14,23.18,0.0,0.00,0.0,0.0,,0.0
176,19,4.00,10,16.90,22.46,22.49,0.0,0.00,0.0,0.0,,0.0
176,20,4.00,10,16.09,22.06,22.09,0.0,0.00,0.0,0.0,,0.0
176,21,4.00,10,16.05,21.74,21.77,0.0,0.00,0.0,0.0,,0.0
176,22,4.00,10,15.90,21.45,21.48,0.0,0.00,0.0,0.0,,0.0
176,23,4.00,10,15.86,21.17,21.20,0.0,0.00,0.0,0.0,,0.0
176,24,4.00,10,15.73,20.91,20.94,0.0,0.00,0.0,0.0,,0.0
176,1,5.00,10,15.49,20.65,20.68,0.0,0.00,0.0,0.0,,0.0
176,2,5.00,10,15.25,20.40,20.43,0.0,0.00,0.0,0.0,,0.0
176,3,5.00,10,15.06,20.16,20.19,0.0,0.00,0.0,0.0,,0.0
176,4,5.00,10,15.11,19.94,19.97,0.0,0.00,0.0,0.0,,0.0
176,5,5.00,10,15.12,19.74,19.76,0.0,0.00,0.0,0.0,,0.0
176,6,5.00,10,15.27,19.55,19.58,0.0,0.00,0.0,0.0,,0.0
176,7,5.00,10,15.16,19.37,19.40,0.0,0.00,0.0,0.0,,0.0
176,8,5.00,10,15.27,19.66,20.68,2528.78,0.00,0.0,0.0,,2528.78
176,9,5.00,10,15.75,19.79,20.68,1477.37,0.00,0.0,0.0,,1477.37
176,10,5.00,10,17.09,20.02,20.68,840.39,0.00,0.0,0.0,,840.39
176,11,5.00,10,18.33,20.36,20.68,41.21,0.00,0.0,0.0,,41.21
176,12,5.00,10,19.32,20.80,21.03,0.0,0.00,0.0,-83.33,,-83.33
176,13,5.00,10,19.27,21.24,21.44,0.0,0.00,0.0,0.0,,0.0
176,14,5.00,10,19.36,21.68,21.87,0.0,0.00,0.0,0.0,,0.0
176,15,5.00,10,19.25,22.09,22.26,0.0,0.00,0.0,0.0,,0.0
176,16,5.00,10,19.09,22.43,22.59,0.0,0.00,0.0,0.0,,0.0
176,17,5.00,10,18.64,22.64,22.79,0.0,0.00,0.0,0.0,,0.0
176,18,5.00,10,18.27,22.73,22.88,0.0,0.00,0.0,0.0,,0.0
176,19,5.00,10,16.94,22.24,22.38,0.0,0.00,0.0,0.0,,0.0
176,20,5.00,10,16.06,21.88,22.02,0.0,0.00,0.0,0.0,,0.0
176,21,5.00,10,15.56,21.55,21.69,0.0,0.00,0.0,0.0,,0.0
176,22,5.00,10,15.41,21.24,21.37,0.0,0.00,0.0,0.0,,0.0
176,23,5.00,10,15.36,20.96,21.08,0.0,0.00,0.0,0.0,,0.0
176,24,5.00,10,15.55,20.71,20.82,0.0,0.00,0.0,0.0,,0.0
176,1,6.00,10,15.39,20.46,20.57,0.0,0.00,0.0,0.0,,0.0
176,2,6.00,10,15.17,20.21,20.32,0.0,0.00,0.0,0.0,,0.0
176,3,6.00,10,15.20,19.99,20.10,0.0,0.00,0.0,0.0,,0.0
176,4,6.00,10,15.24,19.79,19.89,0.0,0.00,0.0,0.0,,0.0
176,5,6.00,10,15.15,19.59,19.68,0.0,0.00,0.0,0.0,,0.0
176,6,6.00,10,15.24,19.41,19.50,0.0,0.00,0.0,0.0,,0.0
176,7,6.00,10,15.06,19.23,19.31,0.0,0.00,0.0,0.0,,0.0
176,8,6.00,10,15.15,19.52,20.68,2741.55,0.00,0.0,0.0,,2741.55
176,9,6.00,10,15.63,19.65,20.68,1634.17,0.00,0.0,0.0,,1634.17
176,10,6.00,10,16.85,19.87,20.68,1015.32,0.00,0.0,0.0,,1015.32
176,11,6.00,10,18.00,20.19,20.68,239.28,0.00,0.0,0.0,,239.28
176,12,6.00,10,19.09,20.64,20.96,0.0,0.00,0.0,0.0,,0.0
176,13,6.00,10,19.37,21.11,21.38,0.0,0.00,0.0,0.0,,0.0
176,14,6.00,10,19.52,21.57,21.83,0.0,0.00,0.0,0.0,,0.0
176,15,6.00,10,19.67,22.02,22.26,0.0,0.00,0.0,0.0,,0.0
176,16,6.00,10,19.31,22.36,22.59,0.0,0.00,0.0,0.0,,0.0
176,17,6.00,10,18.71,22.57,22.78,0.0,0.00,0.0,0.0,,0.0
176,18,6.00,10,18.10,22.64,22.85,0.0,0.00,0.0,0.0,,0.0
176,19,6.00,10,16.84,22.15,22.35,0.0,0.00,0.0,0.0,,0.0
176,20,6.00,10,15.96,21.79,21.99,0.0,0.00,0.0,0.0,,0.0
176,21,6.00,10,15.45,21.46,21.65,0.0,0.00,0.0,0.0,,0.0
176,22,6.00,10,15.19,21.15,21.32,0.0,0.00,0.0,0.0,,0.0
176,23,6.00,10,14.85,20.84,21.01,0.0,0.00,0.0,0.0,,0.0
176,24,6.00,10,14.57,20.54,20.70,0.0,0.00,0.0,0.0,,0.0
176,1,7.00,10,14.23,20.25,20.41,0.0,0.00,0.0,0.0,,0.0
176,2,7.00,10,13.84,19.96,20.11,0.0,0.00,0.0,0.0,,0.0
176,3,7.00,10,13.61,19.68,19.82,0.0,0.00,0.0,0.0,,0.0
176,4,7.00,10,13.50,19.42,19.56,0.0,0.00,0.0,0.0,,0.0
176,5,7.00,10,13.28,19.16,19.29,0.0,0.00,0.0,0.0,,0.0
176,6,7.00,10,13.72,18.95,19.08,0.0,0.00,0.0,0.0,,0.0
176,7,7.00,10,13.96,18.76,18.88,0.0,0.00,0.0,0.0,,0.0
176,8,7.00,10,14.19,19.03,20.68,3914.67,0.00,0.0,0.0,,3914.67
176,9,7.00,10,14.46,19.12,20.68,2562.39,0.00,0.0,0.0,,2562.39
176,10,7.00,10,15.46,19.30,20.68,1963.29,0.00,0.0,0.0,,1963.29
176,11,7.00,10,16.87,19.62,20.68,1106.96,0.00,0.0,0.0,,1106.96
176,12,7.00,10,18.22,20.09,20.68,47.38,0.00,0.0,0.0,,47.38
176,13,7.00,10,19.04,20.60,21.06,0.0,0.00,0.0,0.0,,0.0
176,14,7.00,10,19.43,21.11,21.53,0.0,0.00,0.0,0.0,,0.0
176,15,7.00,10,19.40,21.57,21.96,0.0,0.00,0.0,0.0,,0.0
176,16,7.00,10,19.25,21.95,22.31,0.0,0.00,0.0,0.0,,0.0
176,17,7.00,10,19.12,22.23,22.57,0.0,0.00,0.0,0.0,,0.0
176,18,7.00,10,18.51,22.35,22.67,0.0,0.00,0.0,0.0,,0.0
176,19,7.00,10,17.50,21.88,22.20,0.0,0.00,0.0,0.0,,0.0
176,20,7.00,10,16.83,21.57,21.88,0.0,0.00,0.0,0.0,,0.0
176,21,7.00,10,16.76,21.31,21.61,0.0,0.00,0.0,0.0,,0.0
176,22,7.00,10,16.45,21.05,21.34,0.0,0.00,0.0,0.0,,0.0
176,23,7.00,10,16.16,20.80,21.07,0.0,0.00,0.0,0.0,,0.0
176,24,7.00,10,15.89,20.56,20.82,0.0,0.00,0.0,0.0,,0.0
176,1,1.00,10,15.99,20.34,20.59,0.0,0.00,0.0,0.0,,0.0
176,2,1.00,10,16.11,20.14,20.38,0.0,0.00,0.0,0.0,,0.0
176,3,1.00,10,16.14,19.96,20.18,0.0,0.00,0.0,0.0,,0.0
176,4,1.00,10,16.09,19.78,20.00,0.0,0.00,0.0,0.0,,0.0
176,5,1.00,10,16.04,19.61,19.82,0.0,0.00,0.0,0.0,,0.0
176,6,1.00,10,16.27,19.47,19.67,0.0,0.00,0.0,0.0,,0.0
176,7,1.00,10,16.14,19.32,19.52,0.0,0.00,0.0,0.0,,0.0
176,8,1.00,10,16.26,19.69,20.68,2063.96,0.00,0.0,0.0,,2063.96
176,9,1.00,10,16.37,19.83,20.68,1150.76,0.00,0.0,0.0,,1150.76
176,10,1.00,10,17.38,20.04,20.68,596.56,0.00,0.0,0.0,,596.56
176,11,1.00,10,17.99,20.32,20.69,0.0,0.00,0.0,0.0,,0.0
176,12,1.00,10,18.60,20.70,21.00,0.0,0.00,0.0,0.0,,0.0
176,13,1.00,10,19.02,21.14,21.42,0.0,0.00,0.0,0.0,,0.0
176,14,1.00,10,19.51,21.62,21.88,0.0,0.00,0.0,0.0,,0.0
176,15,1.00,10,19.37,22.03,22.28,0.0,0.00,0.0,0.0,,0.0
176,16,1.00,10,19.27,22.38,22.61,0.0,0.00,0.0,0.0,,0.0
176,17,1.00,10,19.14,22.63,22.85,0.0,0.00,0.0,0.0,,0.0
176,18,1.00,10,19.10,22.78,22.99,0.0,0.00,0.0,0.0,,0.0
176,19,1.00,10,17.87,22.29,22.50,0.0,0.00,0.0,0.0,,0.0
176,20,1.00,10,17.05,21.97,22.17,0.0,0.00,0.0,0.0,,0.0
176,21,1.00,10,16.81,21.68,21.87,0.0,0.00,0.0,0.0,,0.0
176,22,1.00,10,16.62,21.41,21.60,0.0,0.00,0.0,0.0,,0.0
176,23,1.00,10,16.51,21.16,21.33,0.0,0.00,0.0,0.0,,0.0
176,24,1.00,10,16.76,20.94,21.11,0.0,0.00,0.0,0.0,,0.0
176,1,2.00,10,16.56,20.72,20.88,0.0,0.00,0.0,0.0,,0.0
176,2,2.00,10,16.42,20.50,20.66,0.0,0.00,0.0,0.0,,0.0
176,3,2.00,10,16.70,20.33,20.48,0.0,0.00,0.0,0.0,,0.0
176,4,2.00,10,16.92,20.17,20.31,0.0,0.00,0.0,0.0,,0.0
176,5,2.00,10,17.00,20.02,20.16,0.0,0.00,0.0,0.0,,0.0
176,6,2.00,10,16.95,19.88,20.01,0.0,0.00,0.0,0.0,,0.0
176,7,2.00,10,16.81,19.73,19.86,0.0,0.00,0.0,0.0,,0.0
176,8,2.00,10,17.21,20.14,20.68,1066.79,0.00,0.0,0.0,,1066.79
176,9,2.00,10,17.78,20.34,20.68,268.58,0.00,0.0,0.0,,268.58
176,10,2.00,10,18.56,20.57,20.77,0.0,0.00,0.0,0.0,,0.0
176,11,2.00,10,19.14,20.86,21.03,0.0,0.00,0.0,0.0,,0.0
176,12,2.00,10,19.66,21.26,21.41,0.0,0.00,0.0,0.0,,0.0
176,13,2.00,10,19.70,21.67,21.81,0.0,0.00,0.0,0.0,,0.0
176,14,2.00,10,19.62,22.09,22.22,0.0,0.00,0.0,0.0,,0.0
176,15,2.00,10,19.63,22.48,22.61,0.0,0.00,0.0,0.0,,0.0
176,16,2.00,10,19.66,22.82,22.95,0.0,0.00,0.0,0.0,,0.0
176,17,2.00,10,19.50,23.06,23.18,0.0,0.00,0.0,0.0,,0.0
176,18,2.00,10,19.24,23.18,23.29,0.0,0.00,0.0,0.0,,0.0
176,19,2.00,10,18.01,22.68,22.79,0.0,0.00,0.0,0.0,,0.0
176,20,2.00,10,17.20,22.34,22.45,0.0,0.00,0.0,0.0,,0.0
176,21,2.00,10,16.78,22.03,22.14,0.0,0.00,0.0,0.0,,0.0
176,22,2.00,10,16.81,21.75,21.85,0.0,0.00,0.0,0.0,,0.0
176,23,2.00,10,16.84,21.49,21.59,0.0,0.00,0.0,0.0,,0.0
176,24,2.00,10,16.88,21.26,21.35,0.0,0.00,0.0,0.0,,0.0
176,1,3.00,10,16.63,21.02,21.11,0.0,0.00,0.0,0.0,,0.0
176,2,3.00,10,16.48,20.79,20.88,0.0,0.00,0.0,0.0,,0.0
176,3,3.00,10,16.38,20.58,20.67,0.0,0.00,0.0,0.0,,0.0
176,4,3.00,10,16.28,20.37,20.46,0.0,0.00,0.0,0.0,,0.0
176,5,3.00,10,16.05,20.17,20.25,0.0,0.00,0.0,0.0,,0.0
176,6,3.00,10,16.03,19.98,20.06,0.0,0.00,0.0,0.0,,0.0
176,7,3.00,10,15.81,19.79,19.87,0.0,0.00,0.0,0.0,,0.0
176,8,3.00,10,16.19,20.30,20.37,0.0,0.00,0.0,0.0,,0.0
176,9,3.00,10,16.60,20.48,20.55,0.0,0.00,0.0,0.0,,0.0
176,10,3.00,10,17.90,20.69,20.76,0.0,0.00,0.0,0.0,,0.0
176,11,3.00,10,18.81,20.99,21.05,0.0,0.00,0.0,0.0,,0.0
176,12,3.00,10,19.33,21.37,21.44,0.0,0.00,0.0,-0.0,,0.0
176,13,3.00,10,19.83,21.83,21.89,0.0,0.00,0.0,0.0,,0.0
176,14,3.00,10,19.76,22.29,22.35,0.0,0.00,0.0,0.0,,0.0
176,15,3.00,10,19.79,22.73,22.79,0.0,0.00,0.0,0.0,,0.0
176,16,3.00,10,19.81,23.11,23.17,0.0,0.00,0.0,0.0,,0.0
176,17,3.00,10,19.70,23.40,23.46,0.0,0.00,0.0,0.0,,0.0
176,18,3.00,10,19.27,23.55,23.60,0.0,0.00,0.0,0.0,,0.0
176,19,3.00,10,18.32,22.90,22.95,0.0,0.00,0.0,0.0,,0.0
176,20,3.00,10,17.68,22.53,22.59,0.0,0.00,0.0,0.0,,0.0
176,21,3.00,10,17.32,22.23,22.28,0.0,0.00,0.0,0.0,,0.0
176,22,3.00,10,17.33,21.96,22.01,0.0,0.00,0.0,0.0,,0.0
176,23,3.00,10,17.40,21.72,21.77,0.0,0.00,0.0,-0.0,,0.0
176,24,3.00,10,17.69,21.50,21.55,0.0,0.00,0.0,-0.0,,0.0
176,1,4.00,10,17.90,21.31,21.36,0.0,0.00,0.0,0.0,,0.0
176,2,4.00,10,17.84,21.13,21.18,0.0,0.00,0.0,-0.0,,0.0
176,3,4.00,10,17.50,20.94,20.98,0.0,0.00,0.0,-0.0,,0.0
176,4,4.00,10,17.24,20.75,20.79,0.0,0.00,0.0,0.0,,0.0
176,5,4.00,10,15.97,20.50,20.54,0.0,0.00,0.0,0.0,,0.0
176,6,4.00,10,16.58,20.32,20.36,0.0,0.00,0.0,0.0,,0.0
176,7,4.00,10,16.93,20.16,20.21,0.0,0.00,0.0,0.0,,0.0
176,8,4.00,10,17.51,20.71,20.75,0.0,0.00,0.0,-0.0,,0.0
176,9,4.00,10,17.75,20.91,20.95,0.0,0.00,0.0,-0.0,,0.0
176,10,4.00,10,18.22,21.09,21.13,0.0,0.00,0.0,-0.0,,0.0
176,11,4.00,10,19.08,21.37,21.41,0.0,0.00,0.0,-0.0,,0.0
176,12,4.00,10,19.22,21.72,21.76,0.0,0.00,0.0,-0.0,,0.0
176,13,4.00,10,19.61,22.15,22.18,0.0,0.00,0.0,0.0,,0.0
176,14,4.00,10,19.28,22.56,22.60,0.0,0.00,0.0,0.0,,0.0
176,15,4.00,10,19.15,22.96,22.99,0.0,0.00,0.0,0.0,,0.0
176,16,4.00,10,19.17,23.30,23.34,0.0,0.00,0.0,0.0,,0.0
176,17,4.00,10,19.03,23.55,23.58,0.0,0.00,0.0,0.0,,0.0
176,18,4.00,10,18.20,23.64,23.67,0.0,0.00,0.0,0.0,,0.0
176,19,4.00,10,17.18,22.93,22.97,0.0,0.00,0.0,0.0,,0.0
176,20,4.00,10,16.80,22.54,22.57,0.0,0.00,0.0,0.0,,0.0
176,21,4.00,10,16.32,22.20,22.23,0.0,0.00,0.0,0.0,,0.0
176,22,4.00,10,16.42,21.90,21.93,0.0,0.00,0.0,0.0,,0.0
176,23,4.00,10,16.34,21.61,21.64,0.0,0.00,0.0,0.0,,0.0
176,24,4.00,10,16.00,21.33,21.36,0.0,0.00,0.0,0.0,,0.0
176,1,5.00,10,15.75,21.06,21.09,0.0,0.00,0.0,0.0,,0.0
176,2,5.00,10,15.94,20.82,20.85,0.0,0.00,0.0,0.0,,0.0
176,3,5.00,10,15.69,20.57,20.60,0.0,0.00,0.0,0.0,,0.0
176,4,5.00,10,15.65,20.35,20.38,0.0,0.00,0.0,0.0,,0.0
176,5,5.00,10,15.71,20.14,20.17,0.0,0.00,0.0,0.0,,0.0
176,6,5.00,10,16.11,19.97,20.00,0.0,0.00,0.0,0.0,,0.0
176,7,5.00,10,15.90,19.79,19.82,0.0,0.00,0.0,0.0,,0.0
176,8,5.00,10,16.12,20.10,20.68,1388.0,0.00,0.0,0.0,,1388.0
176,9,5.00,10,16.43,20.23,20.68,679.51,0.00,0.0,0.0,,679.51
176,10,5.00,10,17.90,20.47,20.68,68.91,0.00,0.0,0.0,,68.91
176,11,5.00,10,19.28,20.83,20.96,0.0,0.00,0.0,0.0,,0.0
176,12,5.00,10,19.99,21.26,21.37,0.0,0.00,0.0,-189.43,,-189.43
176,13,5.00,10,20.49,21.75,21.85,0.0,0.00,0.0,0.0,,0.0
176,14,5.00,10,21.05,22.26,22.36,0.0,0.00,0.0,0.0,,0.0
176,15,5.00,10,21.65,22.78,22.87,0.0,0.00,0.0,0.0,,0.0
176,16,5.00,10,21.81,23.22,23.31,0.0,0.00,0.0,0.0,,0.0
176,17,5.00,10,21.18,23.49,23.58,0.0,0.00,0.0,0.0,,0.0
176,18,5.00,10,20.11,23.58,23.66,0.0,0.00,0.0,0.0,,0.0
176,19,5.00,10,18.72,23.06,23.14,0.0,0.00,0.0,0.0,,0.0
176,20,5.00,10,17.64,22.70,22.78,0.0,0.00,0.0,0.0,,0.0
176,21,5.00,10,16.94,22.37,22.44,0.0,0.00,0.0,0.0,,0.0
176,22,5.00,10,16.63,22.05,22.12,0.0,0.00,0.0,0.0,,0.0
176,23,5.00,10,16.29,21.75,21.82,0.0,0.00,0.0,0.0,,0.0
176,24,5.00,10,15.97,21.45,21.52,0.0,0.00,0.0,0.0,,0.0
176,1,6.00,10,15.63,21.16,21.22,0.0,0.00,0.0,0.0,,0.0
176,2,6.00,10,15.37,20.87,20.94,0.0,0.00,0.0,0.0,,0.0
176,3,6.00,10,15.03,20.60,20.66,0.0,0.00,0.0,0.0,,0.0
176,4,6.00,10,14.89,20.33,20.39,0.0,0.00,0.0,0.0,,0.0
176,5,6.00,10,14.69,20.08,20.14,0.0,0.00,0.0,0.0,,0.0
176,6,6.00,10,14.44,19.83,19.88,0.0,0.00,0.0,0.0,,0.0
176,7,6.00,10,14.18,19.58,19.64,0.0,0.00,0.0,0.0,,0.0
176,8,6.00,10,14.47,19.79,20.68,2133.67,0.00,0.0,0.0,,2133.67
176,9,6.00,10,14.81,19.85,20.68,1372.05,0.00,0.0,0.0,,1372.05
176,10,6.00,10,16.04,20.02,20.68,867.62,0.00,0.0,0.0,,867.62
176,11,6.00,10,17.21,20.30,20.68,181.61,0.00,0.0,0.0,,181.61
176,12,6.00,10,18.03,20.68,20.93,0.0,0.00,0.0,0.0,,0.0
176,13,6.00,10,18.28,21.09,21.30,0.0,0.00,0.0,0.0,,0.0
176,14,6.00,10,18.41,21.50,21.70,0.0,0.00,0.0,0.0,,0.0
176,15,6.00,10,18.51,21.90,22.08,0.0,0.00,0.0,0.0,,0.0
176,16,6.00,10,18.61,22.24,22.41,0.0,0.00,0.0,0.0,,0.0
176,17,6.00,10,18.44,22.47,22.64,0.0,0.00,0.0,0.0,,0.0
176,18,6.00,10,18.19,22.58,22.74,0.0,0.00,0.0,0.0,,0.0
176,19,6.00,10,17.33,22.12,22.28,0.0,0.00,0.0,0.0,,0.0
176,20,6.00,10,16.52,21.79,21.94,0.0,0.00,0.0,0.0,,0.0
176,21,6.00,10,16.31,21.50,21.65,0.0,0.00,0.0,0.0,,0.0
176,22,6.00,10,16.22,21.23,21.37,0.0,0.00,0.0,0.0,,0.0
176,23,6.00,10,16.10,20.97,21.11,0.0,0.00,0.0,0.0,,0.0
176,24,6.00,10,16.31,20.75,20.88,0.0,0.00,0.0,0.0,,0.0
176,1,7.00,10,16.08,20.52,20.64,0.0,0.00,0.0,0.0,,0.0
176,2,7.00,10,16.05,20.31,20.43,0.0,0.00,0.0,0.0,,0.0
176,3,7.00,10,16.16,20.12,20.23,0.0,0.00,0.0,0.0,,0.0
176,4,7.00,10,15.98,19.93,20.04,0.0,0.00,0.0,0.0,,0.0
176,5,7.00,10,15.86,19.74,19.85,0.0,0.00,0.0,0.0,,0.0
176,6,7.00,10,15.77,19.57,19.67,0.0,0.00,0.0,0.0,,0.0
176,7,7.00,10,15.46,19.38,19.48,0.0,0.00,0.0,0.0,,0.0
176,8,7.00,10,15.83,19.71,20.68,2223.96,0.00,0.0,0.0,,2223.96
176,9,7.00,10,15.81,19.81,20.68,1345.76,0.00,0.0,0.0,,1345.76
176,10,7.00,10,16.98,20.02,20.68,772.47,0.00,0.0,0.0,,772.47
176,11,7.00,10,18.02,20.32,20.68,57.17,0.00,0.0,0.0,,57.17
176,12,7.00,10,18.72,20.72,20.98,0.0,0.00,0.0,0.0,,0.0
176,13,7.00,10,19.13,21.17,21.40,0.0,0.00,0.0,0.0,,0.0
176,14,7.00,10,19.31,21.62,21.84,0.0,0.00,0.0,0.0,,0.0
176,15,7.00,10,19.37,22.04,22.24,0.0,0.00,0.0,0.0,,0.0
176,16,7.00,10,19.14,22.38,22.57,0.0,0.00,0.0,0.0,,0.0
176,17,7.00,10,18.71,22.59,22.77,0.0,0.00,0.0,0.0,,0.0
176,18,7.00,10,17.96,22.65,22.82,0.0,0.00,0.0,0.0,,0.0
176,19,7.00,10,17.20,22.18,22.35,0.0,0.00,0.0,0.0,,0.0
176,20,7.00,10,16.65,21.86,22.02,0.0,0.00,0.0,0.0,,0.0
176,21,7.00,10,16.28,21.56,21.72,0.0,0.00,0.0,0.0,,0.0
176,22,7.00,10,16.10,21.27,21.43,0.0,0.00,0.0,0.0,,0.0
176,23,7.00,10,15.97,21.00,21.15,0.0,0.00,0.0,0.0,,0.0
176,24,7.00,10,15.93,20.75,20.90,0.0,0.00,0.0,0.0,,0.0
176,1,1.00,10,15.52,20.50,20.63,0.0,0.00,0.0,0.0,,0.0
176,2,1.00,10,15.30,20.25,20.38,0.0,0.00,0.0,0.0,,0.0
176,3,1.00,10,15.32,20.03,20.15,0.0,0.00,0.0,0.0,,0.0
176,4,1.00,10,15.34,19.82,19.94,0.0,0.00,0.0,0.0,,0.0
176,5,1.00,10,15.20,19.61,19.73,0.0,0.00,0.0,0.0,,0.0
176,6,1.00,10,15.73,19.45,19.56,0.0,0.00,0.0,0.0,,0.0
176,7,1.00,10,15.75,19.30,19.40,0.0,0.00,0.0,0.0,,0.0
176,8,1.00,10,15.90,19.64,20.68,2391.44,0.00,0.0,0.0,,2391.44
176,9,1.00,10,16.46,19.80,20.68,1296.31,0.00,0.0,0.0,,1296.31
176,10,1.00,10,17.38,20.02,20.68,735.69,0.00,0.0,0.0,,735.69
176,11,1.00,10,18.14,20.31,20.68,57.51,0.00,0.0,0.0,,57.51
176,12,1.00,10,18.54,20.69,20.96,0.0,0.00,0.0,0.0,,0.0
176,13,1.00,10,18.91,21.12,21.36,0.0,0.00,0.0,0.0,,0.0
176,14,1.00,10,19.09,21.56,21.79,0.0,0.00,0.0,0.0,,0.0
176,15,1.00,10,19.04,21.96,22.17,0.0,0.00,0.0,0.0,,0.0
176,16,1.00,10,18.96,22.30,22.50,0.0,0.00,0.0,0.0,,0.0
176,17,1.00,10,18.90,22.55,22.74,0.0,0.00,0.0,0.0,,0.0
176,18,1.00,10,18.08,22.61,22.80,0.0,0.00,0.0,0.0,,0.0
176,19,1.00,10,17.45,22.15,22.33,0.0,0.00,0.0,0.0,,0.0
176,20,1.00,10,16.83,21.83,22.01,0.0,0.00,0.0,0.0,,0.0
176,21,1.00,10,16.20,21.53,21.70,0.0,0.00,0.0,0.0,,0.0
176,22,1.00,10,16.17,21.25,21.41,0.0,0.00,0.0,0.0,,0.0
176,23,1.00,10,16.05,20.98,21.14,0.0,0.00,0.0,0.0,,0.0
176,24,1.00,10,16.25,20.75,20.90,0.0,0.00,0.0,0.0,,0.0
176,1,2.00,10,15.96,20.51,20.66,0.0,0.00,0.0,0.0,,0.0
176,2,2.00,10,15.67,20.28,20.42,0.0,0.00,0.0,0.0,,0.0
176,3,2.00,10,15.67,20.07,20.20,0.0,0.00,0.0,0.0,,0.0
176,4,2.00,10,15.75,19.87,20.00,0.0,0.00,0.0,0.0,,0.0
176,5,2.00,10,15.66,19.68,19.80,0.0,0.00,0.0,0.0,,0.0
176,6,2.00,10,15.64,19.50,19.62,0.0,0.00,0.0,0.0,,0.0
176,7,2.00,10,15.57,19.33,19.44,0.0,0.00,0.0,0.0,,0.0
176,8,2.00,10,15.98,19.68,20.68,2276.18,0.00,0.0,0.0,,2276.18
176,9,2.00,10,16.26,19.82,20.68,1283.56,0.00,0.0,0.0,,1283.56
176,10,2.00,10,17.15,20.01,20.68,753.22,0.00,0.0,0.0,,753.22
176,11,2.00,10,18.07,20.31,20.68,54.5,0.00,0.0,0.0,,54.5
176,12,2.00,10,18.94,20.73,21.00,0.0,0.00,0.0,0.0,,0.0
176,13,2.00,10,19.33,21.18,21.43,0.0,0.00,0.0,0.0,,0.0
176,14,2.00,10,19.45,21.63,21.86,0.0,0.00,0.0,0.0,,0.0
176,15,2.00,10,19.35,22.04,22.26,0.0,0.00,0.0,0.0,,0.0
176,16,2.00,10,19.22,22.38,22.59,0.0,0.00,0.0,0.0,,0.0
176,17,2.00,10,18.98,22.62,22.81,0.0,0.00,0.0,0.0,,0.0
176,18,2.00,10,18.31,22.69,22.88,0.0,0.00,0.0,0.0,,0.0
176,19,2.00,10,17.52,22.22,22.41,0.0,0.00,0.0,0.0,,0.0
176,20,2.00,10,16.74,21.89,22.07,0.0,0.00,0.0,0.0,,0.0
176,21,2.00,10,16.27,21.59,21.76,0.0,0.00,0.0,0.0,,0.0
176,22,2.00,10,15.94,21.29,21.45,0.0,0.00,0.0,0.0,,0.0
176,23,2.00,10,15.67,21.00,21.16,0.0,0.00,0.0,0.0,,0.0
176,24,2.00,10,15.75,20.74,20.89,0.0,0.00,0.0,0.0,,0.0
176,1,3.00,10,15.16,20.47,20.61,0.0,0.00,0.0,0.0,,0.0
176,2,3.00,10,14.89,20.20,20.34,0.0,0.00,0.0,0.0,,0.0
176,3,3.00,10,14.81,19.96,20.09,0.0,0.00,0.0,0.0,,0.0
176,4,3.00,10,14.86,19.73,19.86,0.0,0.00,0.0,0.0,,0.0
176,5,3.00,10,14.95,19.52,19.65,0.0,0.00,0.0,0.0,,0.0
176,6,3.00,10,14.94,19.33,19.45,0.0,0.00,0.0,0.0,,0.0
176,7,3.00,10,14.56,19.12,19.24,0.0,0.00,0.0,0.0,,0.0
176,8,3.00,10,14.82,19.61,19.72,0.0,0.00,0.0,0.0,,0.0
176,9,3.00,10,15.37,19.78,19.89,0.0,0.00,0.0,0.0,,0.0
176,10,3.00,10,16.74,19.99,20.09,0.0,0.00,0.0,0.0,,0.0
176,11,3.00,10,17.81,20.28,20.38,0.0,0.00,0.0,-0.0,,0.0
176,12,3.00,10,18.79,20.70,20.79,0.0,0.00,0.0,-0.0,,0.0
176,13,3.00,10,19.30,21.17,21.26,0.0,0.00,0.0,-0.0,,0.0
176,14,3.00,10,19.36,21.65,21.74,0.0,0.00,0.0,-0.0,,0.0
176,15,3.00,10,19.36,22.11,22.20,0.0,0.00,0.0,-0.0,,0.0
176,16,3.00,10,19.45,22.52,22.60,0.0,0.00,0.0,-0.0,,0.0
176,17,3.00,10,19.39,22.82,22.90,0.0,0.00,0.0,0.0,,0.0
176,18,3.00,10,18.99,22.99,23.07,0.0,0.00,0.0,0.0,,0.0
176,19,3.00,10,18.15,22.36,22.44,0.0,0.00,0.0,0.0,,0.0
176,20,3.00,10,17.39,22.01,22.09,0.0,0.00,0.0,0.0,,0.0
176,21,3.00,10,17.45,21.75,21.82,0.0,0.00,0.0,0.0,,0.0
176,22,3.00,10,17.47,21.51,21.58,0.0,0.00,0.0,0.0,,0.0
176,23,3.00,10,17.53,21.29,21.36,0.0,0.00,0.0,-0.0,,0.0
176,24,3.00,10,17.30,21.07,21.14,0.0,0.00,0.0,-0.0,,0.0
176,1,4.00,10,17.07,20.86,20.92,0.0,0.00,0.0,-0.0,,0.0
176,2,4.00,10,16.88,20.65,20.72,0.0,0.00,0.0,0.0,,0.0
176,3,4.00,10,16.80,20.46,20.52,0.0,0.00,0.0,0.0,,0.0
176,4,4.00,10,16.93,20.29,20.35,0.0,0.00,0.0,0.0,,0.0
176,5,4.00,10,16.71,20.11,20.17,0.0,0.00,0.0,0.0,,0.0
176,6,4.00,10,16.71,19.95,20.00,0.0,0.00,0.0,0.0,,0.0
176,7,4.00,10,16.68,19.79,19.85,0.0,0.00,0.0,0.0,,0.0
176,8,4.00,10,16.79,20.31,20.37,0.0,0.00,0.0,-0.0,,0.0
176,9,4.00,10,17.06,20.50,20.56,0.0,0.00,0.0,-0.0,,0.0
176,10,4.00,10,18.04,20.71,20.76,0.0,0.00,0.0,-0.0,,0.0
176,11,4.00,10,18.85,20.99,21.04,0.0,0.00,0.0,-0.0,,0.0
176,12,4.00,10,19.25,21.37,21.42,0.0,0.00,0.0,-0.0,,0.0
176,13,4.00,10,19.26,21.79,21.84,0.0,0.00,0.0,0.0,,0.0
176,14,4.00,10,19.27,22.23,22.27,0.0,0.00,0.0,0.0,,0.0
176,15,4.00,10,19.21,22.64,22.68,0.0,0.00,0.0,0.0,,0.0
176,16,4.00,10,19.26,23.00,23.05,0.0,0.00,0.0,0.0,,0.0
176,17,4.00,10,19.30,23.28,23.32,0.0,0.00,0.0,0.0,,0.0
176,18,4.00,10,19.09,23.43,23.47,0.0,0.00,0.0,0.0,,0.0
176,19,4.00,10,18.07,22.77,22.81,0.0,0.00,0.0,0.0,,0.0
176,20,4.00,10,17.17,22.38,22.43,0.0,0.00,0.0,0.0,,0.0
176,21,4.00,10,17.31,22.09,22.14,0.0,0.00,0.0,0.0,,0.0
176,22,4.00,10,17.12,21.82,21.86,0.0,0.00,0.0,0.0,,0.0
176,23,4.00,10,17.15,21.57,21.61,0.0,0.00,0.0,-0.0,,0.0
176,24,4.00,10,17.10,21.33,21.37,0.0,0.00,0.0,-0.0,,0.0
176,1,5.00,10,16.74,21.09,21.13,0.0,0.00,0.0,-0.0,,0.0
176,2,5.00,10,16.30,20.84,20.88,0.0,0.00,0.0,0.0,,0.0
176,3,5.00,10,16.06,20.61,20.64,0.0,0.00,0.0,0.0,,0.0
176,4,5.00,10,16.21,20.40,20.44,0.0,0.00,0.0,0.0,,0.0
176,5,5.00,10,15.92,20.18,20.22,0.0,0.00,0.0,0.0,,0.0
176,6,5.00,10,16.17,20.00,20.04,0.0,0.00,0.0,0.0,,0.0
176,7,5.00,10,15.76,19.80,19.84,0.0,0.00,0.0,0.0,,0.0
176,8,5.00,10,15.45,20.05,20.68,1515.86,0.00,0.0,0.0,,1515.86
176,9,5.00,10,15.54,20.11,20.68,924.56,0.00,0.0,0.0,,924.56
176,10,5.00,10,16.48,20.26,20.68,501.98,0.00,0.0,0.0,,501.98
176,11,5.00,10,17.35,20.51,20.71,0.0,0.00,0.0,0.0,,0.0
176,12,5.00,10,18.56,20.91,21.06,0.0,0.00,0.0,0.0,,0.0
176,13,5.00,10,19.02,21.35,21.48,0.0,0.00,0.0,0.0,,0.0
176,14,5.00,10,19.18,21.78,21.91,0.0,0.00,0.0,0.0,,0.0
176,15,5.00,10,19.11,22.17,22.29,0.0,0.00,0.0,0.0,,0.0
176,16,5.00,10,19.06,22.50,22.62,0.0,0.00,0.0,0.0,,0.0
176,17,5.00,10,18.91,22.74,22.85,0.0,0.00,0.0,0.0,,0.0
176,18,5.00,10,18.68,22.85,22.95,0.0,0.00,0.0,0.0,,0.0
176,19,5.00,10,18.27,22.41,22.51,0.0,0.00,0.0,0.0,,0.0
176,20,5.00,10,17.49,22.10,22.20,0.0,0.00,0.0,0.0,,0.0
176,21,5.00,10,17.02,21.81,21.91,0.0,0.00,0.0,0.0,,0.0
176,22,5.00,10,16.77,21.54,21.63,0.0,0.00,0.0,0.0,,0.0
176,23,5.00,10,16.88,21.29,21.38,0.0,0.00,0.0,0.0,,0.0
176,24,5.00,10,17.18,21.08,21.17,0.0,0.00,0.0,0.0,,0.0
176,1,6.00,10,16.96,20.87,20.95,0.0,0.00,0.0,-0.0,,0.0
176,2,6.00,10,16.73,20.65,20.74,0.0,0.00,0.0,0.0,,0.0
176,3,6.00,10,16.65,20.46,20.53,0.0,0.00,0.0,0.0,,0.0
176,4,6.00,10,16.86,20.28,20.36,0.0,0.00,0.0,0.0,,0.0
176,5,6.00,10,16.79,20.11,20.19,0.0,0.00,0.0,0.0,,0.0
176,6,6.00,10,16.62,19.95,20.02,0.0,0.00,0.0,0.0,,0.0
176,7,6.00,10,16.27,19.77,19.84,0.0,0.00,0.0,0.0,,0.0
176,8,6.00,10,16.82,20.14,20.68,1201.6,0.00,0.0,0.0,,1201.6
176,9,6.00,10,17.22,20.30,20.68,458.79,0.00,0.0,0.0,,458.79
176,10,6.00,10,18.15,20.52,20.69,0.0,0.00,0.0,0.0,,0.0
176,11,6.00,10,19.12,20.83,20.97,0.0,0.00,0.0,0.0,,0.0
176,12,6.00,10,19.81,21.25,21.36,0.0,0.00,0.0,0.0,,0.0
176,13,6.00,10,20.07,21.69,21.80,0.0,0.00,0.0,0.0,,0.0
176,14,6.00,10,19.78,22.10,22.21,0.0,0.00,0.0,0.0,,0.0
176,15,6.00,10,19.71,22.49,22.59,0.0,0.00,0.0,0.0,,0.0
176,16,6.00,10,19.55,22.82,22.91,0.0,0.00,0.0,0.0,,0.0
176,17,6.00,10,19.48,23.06,23.15,0.0,0.00,0.0,0.0,,0.0
176,18,6.00,10,19.46,23.19,23.28,0.0,0.00,0.0,0.0,,0.0
176,19,6.00,10,18.59,22.72,22.81,0.0,0.00,0.0,0.0,,0.0
176,20,6.00,10,17.62,22.39,22.47,0.0,0.00,0.0,0.0,,0.0
176,21,6.00,10,17.55,22.11,22.19,0.0,0.00,0.0,0.0,,0.0
176,22,6.00,10,17.37,21.84,21.92,0.0,0.00,0.0,0.0,,0.0
176,23,6.00,10,17.43,21.60,21.68,0.0,0.00,0.0,0.0,,0.0
176,24,6.00,10,17.36,21.37,21.44,0.0,0.00,0.0,0.0,,0.0
176,1,7.00,10,17.28,21.15,21.22,0.0,0.00,0.0,-0.0,,0.0
176,2,7.00,10,17.38,20.96,21.03,0.0,0.00,0.0,0.0,,0.0
176,3,7.00,10,17.19,20.76,20.83,0.0,0.00,0.0,-0.0,,0.0
176,4,7.00,10,17.25,20.58,20.65,0.0,0.00,0.0,0.0,,0.0
176,5,7.00,10,17.05,20.40,20.47,0.0,0.00,0.0,-0.0,,0.0
176,6,7.00,10,16.85,20.23,20.29,0.0,0.00,0.0,0.0,,0.0
176,7,7.00,10,16.79,20.06,20.12,0.0,0.00,0.0,0.0,,0.0
176,8,7.00,10,17.85,20.49,20.68,321.93,0.00,0.0,0.0,,321.93
176,9,7.00,10,18.74,20.73,20.82,0.0,0.00,0.0,0.0,,0.0
176,10,7.00,10,19.43,20.98,21.04,0.0,0.00,0.0,0.0,,0.0
176,11,7.00,10,19.97,21.28,21.34,0.0,0.00,0.0,0.0,,0.0
176,12,7.00,10,20.74,21.71,21.77,0.0,0.00,0.0,0.0,,0.0
176,13,7.00,10,20.93,22.16,22.22,0.0,0.00,0.0,0.0,,0.0
176,14,7.00,10,20.82,22.59,22.65,0.0,0.00,0.0,0.0,,0.0
176,15,7.00,10,20.61,22.99,23.04,0.0,0.00,0.0,0.0,,0.0
176,16,7.00,10,20.45,23.32,23.37,0.0,0.00,0.0,0.0,,0.0
176,17,7.00,10,19.89,23.52,23.57,0.0,0.00,0.0,0.0,,0.0
176,18,7.00,10,19.24,23.58,23.63,0.0,0.00,0.0,0.0,,0.0
176,19,7.00,10,18.31,23.08,23.13,0.0,0.00,0.0,0.0,,0.0
176,20,7.00,10,17.29,22.72,22.77,0.0,0.00,0.0,0.0,,0.0
176,21,7.00,10,17.21,22.41,22.45,0.0,0.00,0.0,0.0,,0.0
176,22,7.00,10,17.15,22.12,22.16,0.0,0.00,0.0,0.0,,0.0
176,23,7.00,10,17.06,21.84,21.89,0.0,0.00,0.0,0.0,,0.0
176,24,7.00,10,17.06,21.59,21.63,0.0,0.00,0.0,0.0,,0.0
176,1,1.00,10,15.04,21.23,21.28,0.0,0.00,0.0,0.0,,0.0
176,2,1.00,10,14.70,20.91,20.95,0.0,0.00,0.0,0.0,,0.0
176,3,1.00,10,14.42,20.60,20.64,0.0,0.00,0.0,0.0,,0.0
176,4,1.00,10,14.43,20.32,20.36,0.0,0.00,0.0,0.0,,0.0
176,5,1.00,10,14.21,20.05,20.09,0.0,0.00,0.0,0.0,,0.0
176,6,1.00,10,14.14,19.79,19.83,0.0,0.00,0.0,0.0,,0.0
176,7,1.00,10,14.18,19.55,19.59,0.0,0.00,0.0,0.0,,0.0
176,8,1.00,10,14.94,19.80,20.68,2138.24,0.00,0.0,0.0,,2138.24
176,9,1.00,10,15.29,19.89,20.68,1309.84,0.00,0.0,0.0,,1309.84
176,10,1.00,10,16.50,20.07,20.68,776.28,0.00,0.0,0.0,,776.28
176,11,1.00,10,17.73,20.38,20.68,52.01,0.00,0.0,0.0,,52.01
176,12,1.00,10,18.32,20.75,20.96,0.0,0.00,0.0,0.0,,0.0
176,13,1.00,10,18.41,21.15,21.33,0.0,0.00,0.0,0.0,,0.0
176,14,1.00,10,18.45,21.55,21.73,0.0,0.00,0.0,0.0,,0.0
176,15,1.00,10,18.31,21.92,22.08,0.0,0.00,0.0,0.0,,0.0
176,16,1.00,10,18.13,22.22,22.37,0.0,0.00,0.0,0.0,,0.0
176,17,1.00,10,17.76,22.40,22.55,0.0,0.00,0.0,0.0,,0.0
176,18,1.00,10,17.36,22.46,22.61,0.0,0.00,0.0,0.0,,0.0
176,19,1.00,10,16.44,21.99,22.13,0.0,0.00,0.0,0.0,,0.0
176,20,1.00,10,15.97,21.66,21.79,0.0,0.00,0.0,0.0,,0.0
176,21,1.00,10,16.03,21.37,21.50,0.0,0.00,0.0,0.0,,0.0
176,22,1.00,10,15.90,21.09,21.22,0.0,0.00,0.0,0.0,,0.0
176,23,1.00,10,15.62,20.82,20.94,0.0,0.00,0.0,0.0,,0.0
176,24,1.00,10,15.61,20.57,20.68,0.0,0.00,0.0,0.0,,0.0
176,1,2.00,10,15.80,20.35,20.46,0.0,0.00,0.0,0.0,,0.0
176,2,2.00,10,15.59,20.12,20.23,0.0,0.00,0.0,0.0,,0.0
176,3,2.00,10,15.52,19.91,20.01,0.0,0.00,0.0,0.0,,0.0
176,4,2.00,10,15.36,19.70,19.80,0.0,0.00,0.0,0.0,,0.0
176,5,2.00,10,15.13,19.50,19.59,0.0,0.00,0.0,0.0,,0.0
176,6,2.00,10,15.14,19.31,19.40,0.0,0.00,0.0,0.0,,0.0
176,7,2.00,10,14.97,19.12,19.21,0.0,0.00,0.0,0.0,,0.0
176,8,2.00,10,15.19,19.42,20.68,2981.61,0.00,0.0,0.0,,2981.61
176,9,2.00,10,15.15,19.50,20.68,1928.24,0.00,0.0,0.0,,1928.24
176,10,2.00,10,16.15,19.68,20.68,1377.13,0.00,0.0,0.0,,1377.13
176,11,2.00,10,17.31,19.98,20.68,619.34,0.00,0.0,0.0,,619.34
176,12,2.00,10,18.02,20.37,20.77,0.0,0.00,0.0,0.0,,0.0
176,13,2.00,10,18.32,20.79,21.12,0.0,0.00,0.0,0.0,,0.0
176,14,2.00,10,18.23,21.20,21.50,0.0,0.00,0.0,0.0,,0.0
176,15,2.00,10,18.24,21.59,21.87,0.0,0.00,0.0,0.0,,0.0
176,16,2.00,10,17.88,21.88,22.15,0.0,0.00,0.0,0.0,,0.0
176,17,2.00,10,17.74,22.10,22.35,0.0,0.00,0.0,0.0,,0.0
176,18,2.00,10,17.75,22.21,22.45,0.0,0.00,0.0,0.0,,0.0
176,19,2.00,10,16.82,21.75,21.99,0.0,0.00,0.0,0.0,,0.0
176,20,2.00,10,15.86,21.41,21.64,0.0,0.00,0.0,0.0,,0.0
176,21,2.00,10,15.70,21.11,21.33,0.0,0.00,0.0,0.0,,0.0
176,22,2.00,10,15.76,20.84,21.05,0.0,0.00,0.0,0.0,,0.0
176,23,2.00,10,15.80,20.60,20.80,0.0,0.00,0.0,0.0,,0.0
176,24,2.00,10,15.69,20.36,20.55,0.0,0.00,0.0,0.0,,0.0
176,1,3.00,10,15.68,20.13,20.32,0.0,0.00,0.0,0.0,,0.0
176,2,3.00,10,15.24,19.90,20.08,0.0,0.00,0.0,0.0,,0.0
176,3,3.00,10,15.17,19.68,19.85,0.0,0.00,0.0,0.0,,0.0
176,4,3.00,10,15.04,19.48,19.64,0.0,0.00,0.0,0.0,,0.0
176,5,3.00,10,14.47,19.25,19.40,0.0,0.00,0.0,0.0,,0.0
176,6,3.00,10,15.51,19.11,19.26,0.0,0.00,0.0,0.0,,0.0
176,7,3.00,10,15.65,18.97,19.11,0.0,0.00,0.0,0.0,,0.0
176,8,3.00,10,16.10,19.52,19.65,0.0,0.00,0.0,-0.0,,0.0
176,9,3.00,10,16.06,19.71,19.84,0.0,0.00,0.0,-0.0,,0.0
176,10,3.00,10,16.70,19.90,20.03,0.0,0.00,0.0,-0.0,,0.0
176,11,3.00,10,17.52,20.17,20.30,0.0,0.00,0.0,-0.0,,0.0
176,12,3.00,10,18.21,20.56,20.68,0.0,0.00,0.0,-0.0,,0.0
176,13,3.00,10,18.21,20.98,21.10,0.0,0.00,0.0,0.0,,0.0
176,14,3.00,10,18.06,21.42,21.52,0.0,0.00,0.0,0.0,,0.0
176,15,3.00,10,17.94,21.82,21.93,0.0,0.00,0.0,0.0,,0.0
176,16,3.00,10,17.93,22.18,22.28,0.0,0.00,0.0,0.0,,0.0
176,17,3.00,10,17.68,22.42,22.52,0.0,0.00,0.0,0.0,,0.0
176,18,3.00,10,17.36,22.55,22.64,0.0,0.00,0.0,0.0,,0.0
176,19,3.00,10,16.39,21.87,21.96,0.0,0.00,0.0,0.0,,0.0
176,20,3.00,10,15.36,21.46,21.55,0.0,0.00,0.0,0.0,,0.0
176,21,3.00,10,14.95,21.12,21.20,0.0,0.00,0.0,0.0,,0.0
176,22,3.00,10,14.76,20.80,20.88,0.0,0.00,0.0,0.0,,0.0
176,23,3.00,10,14.72,20.51,20.59,0.0,0.00,0.0,0.0,,0.0
176,24,3.00,10,14.84,20.24,20.32,0.0,0.00,0.0,0.0,,0.0
176,1,4.00,10,14.42,19.97,20.05,0.0,0.00,0.0,0.0,,0.0
176,2,4.00,10,14.34,19.72,19.79,0.0,0.00,0.0,0.0,,0.0
176,3,4.00,10,14.12,19.47,19.54,0.0,0.00,0.0,0.0,,0.0
176,4,4.00,10,14.16,19.24,19.31,0.0,0.00,0.0,0.0,,0.0
176,5,4.00,10,14.07,19.02,19.09,0.0,0.00,0.0,0.0,,0.0
176,6,4.00,10,14.13,18.82,18.89,0.0,0.00,0.0,0.0,,0.0
176,7,4.00,10,13.91,18.62,18.68,0.0,0.00,0.0,0.0,,0.0
176,8,4.00,10,13.92,19.09,19.15,0.0,0.00,0.0,0.0,,0.0
176,9,4.00,10,14.45,19.26,19.31,0.0,0.00,0.0,-0.0,,0.0
176,10,4.00,10,15.40,19.43,19.49,0.0,0.00,0.0,-0.0,,0.0
176,11,4.00,10,16.25,19.68,19.74,0.0,0.00,0.0,-0.0,,0.0
176,12,4.00,10,17.35,20.07,20.13,0.0,0.00,0.0,-0.0,,0.0
176,13,4.00,10,17.76,20.52,20.57,0.0,0.00,0.0,0.0,,0.0
176,14,4.00,10,17.79,20.97,21.02,0.0,0.00,0.0,0.0,,0.0
176,15,4.00,10,17.78,21.40,21.45,0.0,0.00,0.0,0.0,,0.0
176,16,4.00,10,17.72,21.77,21.82,0.0,0.00,0.0,0.0,,0.0
176,17,4.00,10,17.36,22.03,22.08,0.0,0.00,0.0,0.0,,0.0
176,18,4.00,10,17.18,22.18,22.22,0.0,0.00,0.0,0.0,,0.0
176,19,4.00,10,16.04,21.50,21.55,0.0,0.00,0.0,0.0,,0.0
176,20,4.00,10,14.89,21.09,21.14,0.0,0.00,0.0,0.0,,0.0
176,21,4.00,10,14.72,20.76,20.81,0.0,0.00,0.0,0.0,,0.0
176,22,4.00,10,14.60,20.46,20.51,0.0,0.00,0.0,0.0,,0.0
176,23,4.00,10,14.56,20.18,20.22,0.0,0.00,0.0,0.0,,0.0
176,24,4.00,10,14.91,19.94,19.98,0.0,0.00,0.0,0.0,,0.0
176,1,5.00,10,14.62,19.69,19.74,0.0,0.00,0.0,0.0,,0.0
176,2,5.00,10,14.43,19.46,19.50,0.0,0.00,0.0,0.0,,0.0
176,3,5.00,10,14.23,19.23,19.27,0.0,0.00,0.0,0.0,,0.0
176,4,5.00,10,14.45,19.03,19.07,0.0,0.00,0.0,0.0,,0.0
176,5,5.00,10,14.58,18.84,18.88,0.0,0.00,0.0,0.0,,0.0
176,6,5.00,10,14.77,18.68,18.72,0.0,0.00,0.0,0.0,,0.0
176,7,5.00,10,14.37,18.50,18.54,0.0,0.00,0.0,0.0,,0.0
176,8,5.00,10,14.55,18.80,20.68,4679.07,0.00,0.0,0.0,,4679.07
176,9,5.00,10,15.41,18.98,20.68,2886.21,0.00,0.0,0.0,,2886.21
176,10,5.00,10,16.37,19.20,20.68,2187.23,0.00,0.0,0.0,,2187.23
176,11,5.00,10,17.08,19.49,20.68,1409.01,0.00,0.0,0.0,,1409.01
176,12,5.00,10,17.81,19.89,20.68,462.72,0.00,0.0,0.0,,462.72
176,13,5.00,10,17.99,20.32,20.84,0.0,0.00,0.0,0.0,,0.0
176,14,5.00,10,17.92,20.74,21.18,0.0,0.00,0.0,0.0,,0.0
176,15,5.00,10,17.57,21.10,21.51,0.0,0.00,0.0,0.0,,0.0
176,16,5.00,10,17.58,21.42,21.81,0.0,0.00,0.0,0.0,,0.0
176,17,5.00,10,17.46,21.65,22.02,0.0,0.00,0.0,0.0,,0.0
176,18,5.00,10,17.13,21.75,22.09,0.0,0.00,0.0,0.0,,0.0
176,19,5.00,10,16.01,21.27,21.61,0.0,0.00,0.0,0.0,,0.0
176,20,5.00,10,15.13,20.93,21.25,0.0,0.00,0.0,0.0,,0.0
176,21,5.00,10,15.10,20.63,20.94,0.0,0.00,0.0,0.0,,0.0
176,22,5.00,10,15.04,20.36,20.65,0.0,0.00,0.0,0.0,,0.0
176,23,5.00,10,15.03,20.10,20.38,0.0,0.00,0.0,0.0,,0.0
176,24,5.00,10,14.98,19.86,20.13,0.0,0.00,0.0,0.0,,0.0
176,1,6.00,10,14.89,19.63,19.89,0.0,0.00,0.0,0.0,,0.0
176,2,6.00,10,14.73,19.40,19.65,0.0,0.00,0.0,0.0,,0.0
176,3,6.00,10,14.54,19.19,19.42,0.0,0.00,0.0,0.0,,0.0
176,4,6.00,10,14.64,18.99,19.22,0.0,0.00,0.0,0.0,,0.0
176,5,6.00,10,14.35,18.79,19.01,0.0,0.00,0.0,0.0,,0.0
176,6,6.00,10,14.38,18.61,18.81,0.0,0.00,0.0,0.0,,0.0
176,7,6.00,10,14.19,18.42,18.62,0.0,0.00,0.0,0.0,,0.0
176,8,6.00,10,14.41,18.72,20.68,4509.14,0.00,0.0,0.0,,4509.14
176,9,6.00,10,15.00,18.87,20.68,2867.15,0.00,0.0,0.0,,2867.15
176,10,6.00,10,15.84,19.06,20.68,2237.37,0.00,0.0,0.0,,2237.37
176,11,6.00,10,16.64,19.34,20.68,1480.85,0.00,0.0,0.0,,1480.85
176,12,6.00,10,17.42,19.74,20.68,552.81,0.00,0.0,0.0,,552.81
176,13,6.00,10,18.10,20.20,20.84,0.0,0.00,0.0,0.0,,0.0
176,14,6.00,10,18.34,20.67,21.22,0.0,0.00,0.0,0.0,,0.0
176,15,6.00,10,18.36,21.09,21.60,0.0,0.00,0.0,0.0,,0.0
176,16,6.00,10,18.22,21.44,21.92,0.0,0.00,0.0,0.0,,0.0
176,17,6.00,10,17.79,21.67,22.12,0.0,0.00,0.0,0.0,,0.0
176,18,6.00,10,17.35,21.76,22.19,0.0,0.00,0.0,0.0,,0.0
176,19,6.00,10,16.19,21.28,21.71,0.0,0.00,0.0,0.0,,0.0
176,20,6.00,10,15.42,20.95,21.36,0.0,0.00,0.0,0.0,,0.0
176,21,6.00,10,15.14,20.64,21.04,0.0,0.00,0.0,0.0,,0.0
176,22,6.00,10,14.86,20.35,20.73,0.0,0.00,0.0,0.0,,0.0
176,23,6.00,10,14.83,20.08,20.44,0.0,0.00,0.0,0.0,,0.0
176,24,6.00,10,14.45,19.81,20.15,0.0,0.00,0.0,0.0,,0.0
176,1,7.00,10,14.29,19.56,19.88,0.0,0.00,0.0,0.0,,0.0
176,2,7.00,10,14.20,19.31,19.63,0.0,0.00,0.0,0.0,,0.0
176,3,7.00,10,14.21,19.09,19.39,0.0,0.00,0.0,0.0,,0.0
176,4,7.00,10,14.56,18.90,19.19,0.0,0.00,0.0,0.0,,0.0
176,5,7.00,10,14.55,18.72,18.99,0.0,0.00,0.0,0.0,,0.0
176,6,7.00,10,14.60,18.55,18.81,0.0,0.00,0.0,0.0,,0.0
176,7,7.00,10,14.12,18.36,18.61,0.0,0.00,0.0,0.0,,0.0
176,8,7.00,10,15.21,18.75,20.68,4324.42,0.00,0.0,0.0,,4324.42
176,9,7.00,10,16.20,18.97,20.68,2532.42,0.00,0.0,0.0,,2532.42
176,10,7.00,10,17.02,19.22,20.68,1849.75,0.00,0.0,0.0,,1849.75
176,11,7.00,10,17.16,19.48,20.68,1204.37,0.00,0.0,0.0,,1204.37
176,12,7.00,10,17.61,19.85,20.68,352.71,0.00,0.0,0.0,,352.71
176,13,7.00,10,18.09,20.29,20.89,0.0,0.00,0.0,0.0,,0.0
176,14,7.00,10,18.66,20.78,21.31,0.0,0.00,0.0,0.0,,0.0
176,15,7.00,10,18.62,21.20,21.70,0.0,0.00,0.0,0.0,,0.0
176,16,7.00,10,18.56,21.57,22.04,0.0,0.00,0.0,0.0,,0.0
176,17,7.00,10,18.56,21.84,22.28,0.0,0.00,0.0,0.0,,0.0
176,18,7.00,10,18.01,21.95,22.37,0.0,0.00,0.0,0.0,,0.0
176,19,7.00,10,16.82,21.47,21.88,0.0,0.00,0.0,0.0,,0.0
176,20,7.00,10,15.81,21.12,21.53,0.0,0.00,0.0,0.0,,0.0
176,21,7.00,10,15.45,20.82,21.21,0.0,0.00,0.0,0.0,,0.0
176,22,7.00,10,15.27,20.53,20.90,0.0,0.00,0.0,0.0,,0.0
176,23,7.00,10,15.01,20.26,20.61,0.0,0.00,0.0,0.0,,0.0
176,24,7.00,10,15.11,20.01,20.35,0.0,0.00,0.0,0.0,,0.0
176,1,1.00,11,14.80,19.76,20.08,0.0,0.00,0.0,0.0,,0.0
176,2,1.00,11,14.68,19.52,19.83,0.0,0.00,0.0,0.0,,0.0
176,3,1.00,11,14.69,19.30,19.60,0.0,0.00,0.0,0.0,,0.0
176,4,1.00,11,15.13,19.13,19.41,0.0,0.00,0.0,0.0,,0.0
176,5,1.00,11,14.96,18.94,19.22,0.0,0.00,0.0,0.0,,0.0
176,6,1.00,11,14.79,18.76,19.02,0.0,0.00,0.0,0.0,,0.0
176,7,1.00,11,14.68,18.59,18.84,0.0,0.00,0.0,0.0,,0.0
176,8,1.00,11,15.04,18.93,21.20,5179.49,0.00,0.0,0.0,,5179.49
176,9,1.00,11,15.21,19.06,21.20,3392.32,0.00,0.0,0.0,,3392.32
176,10,1.00,11,16.19,19.27,21.20,2664.44,0.00,0.0,0.0,,2664.44
176,11,1.00,11,16.85,19.54,21.20,1917.63,0.00,0.0,0.0,,1917.63
176,12,1.00,11,17.61,19.90,21.20,1051.07,0.00,0.0,0.0,,1051.07
176,13,1.00,11,18.55,20.33,21.20,113.38,0.00,0.0,0.0,,113.38
176,14,1.00,11,19.26,20.79,21.49,0.0,0.00,0.0,0.0,,0.0
176,15,1.00,11,19.25,21.17,21.81,0.0,0.00,0.0,0.0,,0.0
176,16,1.00,11,19.45,21.53,22.13,0.0,0.00,0.0,0.0,,0.0
176,17,1.00,11,19.47,21.81,22.38,0.0,0.00,0.0,0.0,,0.0
176,18,1.00,11,19.18,22.00,22.54,0.0,0.00,0.0,0.0,,0.0
176,19,1.00,11,18.16,21.55,22.09,0.0,0.00,0.0,0.0,,0.0
176,20,1.00,11,16.63,21.24,21.75,0.0,0.00,0.0,0.0,,0.0
176,21,1.00,11,16.00,20.95,21.44,0.0,0.00,0.0,0.0,,0.0
176,22,1.00,11,15.55,20.67,21.14,0.0,0.00,0.0,0.0,,0.0
176,23,1.00,11,15.41,20.40,20.85,0.0,0.00,0.0,0.0,,0.0
176,24,1.00,11,15.86,20.19,20.62,0.0,0.00,0.0,0.0,,0.0
176,1,2.00,11,15.39,19.95,20.36,0.0,0.00,0.0,0.0,,0.0
176,2,2.00,11,15.07,19.71,20.11,0.0,0.00,0.0,0.0,,0.0
176,3,2.00,11,15.05,19.50,19.88,0.0,0.00,0.0,0.0,,0.0
176,4,2.00,11,14.99,19.30,19.66,0.0,0.00,0.0,0.0,,0.0
176,5,2.00,11,15.12,19.11,19.46,0.0,0.00,0.0,0.0,,0.0
176,6,2.00,11,15.11,18.94,19.27,0.0,0.00,0.0,0.0,,0.0
176,7,2.00,11,14.81,18.76,19.07,0.0,0.00,0.0,0.0,,0.0
176,8,2.00,11,15.30,19.10,21.20,4581.95,0.00,0.0,0.0,,4581.95
176,9,2.00,11,16.07,19.29,21.20,2821.25,0.00,0.0,0.0,,2821.25
176,10,2.00,11,17.33,19.56,21.20,2028.64,0.00,0.0,0.0,,2028.64
176,11,2.00,11,18.36,19.91,21.20,1177.01,0.00,0.0,0.0,,1177.01
176,12,2.00,11,19.04,20.31,21.20,299.44,0.00,0.0,0.0,,299.44
176,13,2.00,11,18.96,20.68,21.35,0.0,0.00,0.0,0.0,,0.0
176,14,2.00,11,18.75,21.03,21.63,0.0,0.00,0.0,0.0,,0.0
176,15,2.00,11,18.66,21.36,21.92,0.0,0.00,0.0,0.0,,0.0
176,16,2.00,11,18.50,21.63,22.17,0.0,0.00,0.0,0.0,,0.0
176,17,2.00,11,18.12,21.83,22.33,0.0,0.00,0.0,0.0,,0.0
176,18,2.00,11,18.02,21.96,22.44,0.0,0.00,0.0,0.0,,0.0
176,19,2.00,11,16.95,21.51,21.98,0.0,0.00,0.0,0.0,,0.0
176,20,2.00,11,16.28,21.21,21.66,0.0,0.00,0.0,0.0,,0.0
176,21,2.00,11,16.11,20.94,21.38,0.0,0.00,0.0,0.0,,0.0
176,22,2.00,11,16.02,20.69,21.11,0.0,0.00,0.0,0.0,,0.0
176,23,2.00,11,15.78,20.44,20.84,0.0,0.00,0.0,0.0,,0.0
176,24,2.00,11,15.68,20.20,20.59,0.0,0.00,0.0,0.0,,0.0
176,1,3.00,11,15.34,19.97,20.34,0.0,0.00,0.0,0.0,,0.0
176,2,3.00,11,15.04,19.73,20.09,0.0,0.00,0.0,0.0,,0.0
176,3,3.00,11,15.17,19.52,19.86,0.0,0.00,0.0,0.0,,0.0
176,4,3.00,11,15.13,19.32,19.65,0.0,0.00,0.0,0.0,,0.0
176,5,3.00,11,14.90,19.12,19.44,0.0,0.00,0.0,0.0,,0.0
176,6,3.00,11,14.68,18.93,19.23,0.0,0.00,0.0,0.0,,0.0
176,7,3.00,11,14.47,18.73,19.02,0.0,0.00,0.0,0.0,,0.0
176,8,3.00,11,14.78,19.24,19.52,0.0,0.00,0.0,0.0,,0.0
176,9,3.00,11,15.63,19.45,19.72,0.0,0.00,0.0,-0.0,,0.0
176,10,3.00,11,16.77,19.68,19.94,0.0,0.00,0.0,-0.0,,0.0
176,11,3.00,11,17.79,19.98,20.23,0.0,0.00,0.0,-0.0,,0.0
176,12,3.00,11,18.88,20.38,20.62,0.0,0.00,0.0,-0.0,,0.0
176,13,3.00,11,19.44,20.82,21.05,0.0,0.00,0.0,-0.0,,0.0
176,14,3.00,11,19.46,21.24,21.46,0.0,0.00,0.0,-0.0,,0.0
176,15,3.00,11,19.32,21.63,21.84,0.0,0.00,0.0,0.0,,0.0
176,16,3.00,11,19.18,21.97,22.18,0.0,0.00,0.0,0.0,,0.0
176,17,3.00,11,18.78,22.23,22.43,0.0,0.00,0.0,0.0,,0.0
176,18,3.00,11,18.49,22.41,22.60,0.0,0.00,0.0,0.0,,0.0
176,19,3.00,11,17.47,21.79,21.98,0.0,0.00,0.0,0.0,,0.0
176,20,3.00,11,16.30,21.43,21.61,0.0,0.00,0.0,0.0,,0.0
176,21,3.00,11,15.81,21.13,21.30,0.0,0.00,0.0,0.0,,0.0
176,22,3.00,11,15.42,20.83,21.00,0.0,0.00,0.0,0.0,,0.0
176,23,3.00,11,15.27,20.55,20.72,0.0,0.00,0.0,0.0,,0.0
176,24,3.00,11,15.45,20.31,20.46,0.0,0.00,0.0,0.0,,0.0
176,1,4.00,11,14.99,20.05,20.20,0.0,0.00,0.0,0.0,,0.0
176,2,4.00,11,14.83,19.80,19.95,0.0,0.00,0.0,0.0,,0.0
176,3,4.00,11,14.96,19.58,19.73,0.0,0.00,0.0,0.0,,0.0
176,4,4.00,11,15.02,19.38,19.52,0.0,0.00,0.0,0.0,,0.0
176,5,4.00,11,14.90,19.18,19.32,0.0,0.00,0.0,0.0,,0.0
176,6,4.00,11,14.74,18.98,19.12,0.0,0.00,0.0,0.0,,0.0
176,7,4.00,11,14.69,18.80,18.93,0.0,0.00,0.0,0.0,,0.0
176,8,4.00,11,14.97,19.31,19.44,0.0,0.00,0.0,0.0,,0.0
176,9,4.00,11,15.56,19.51,19.63,0.0,0.00,0.0,0.0,,0.0
176,10,4.00,11,16.61,19.73,19.85,0.0,0.00,0.0,-0.0,,0.0
176,11,4.00,11,17.25,20.00,20.11,0.0,0.00,0.0,-0.0,,0.0
176,12,4.00,11,17.96,20.35,20.46,0.0,0.00,0.0,-0.0,,0.0
176,13,4.00,11,18.26,20.74,20.85,0.0,0.00,0.0,-0.0,,0.0
176,14,4.00,11,18.45,21.13,21.23,0.0,0.00,0.0,-0.0,,0.0
176,15,4.00,11,18.46,21.49,21.60,0.0,0.00,0.0,0.0,,0.0
176,16,4.00,11,18.53,21.82,21.92,0.0,0.00,0.0,0.0,,0.0
176,17,4.00,11,18.48,22.09,22.19,0.0,0.00,0.0,0.0,,0.0
176,18,4.00,11,17.76,22.24,22.33,0.0,0.00,0.0,0.0,,0.0
176,19,4.00,11,16.53,21.59,21.69,0.0,0.00,0.0,0.0,,0.0
176,20,4.00,11,15.84,21.24,21.33,0.0,0.00,0.0,0.0,,0.0
176,21,4.00,11,15.77,20.95,21.04,0.0,0.00,0.0,0.0,,0.0
176,22,4.00,11,15.53,20.67,20.76,0.0,0.00,0.0,0.0,,0.0
176,23,4.00,11,15.59,20.43,20.51,0.0,0.00,0.0,0.0,,0.0
176,24,4.00,11,15.67,20.20,20.28,0.0,0.00,0.0,0.0,,0.0
176,1,5.00,11,15.69,19.98,20.07,0.0,0.00,0.0,-0.0,,0.0
176,2,5.00,11,15.39,19.76,19.85,0.0,0.00,0.0,0.0,,0.0
176,3,5.00,11,15.31,19.56,19.64,0.0,0.00,0.0,0.0,,0.0
176,4,5.00,11,15.42,19.37,19.45,0.0,0.00,0.0,0.0,,0.0
176,5,5.00,11,15.24,19.18,19.26,0.0,0.00,0.0,0.0,,0.0
176,6,5.00,11,15.09,19.00,19.08,0.0,0.00,0.0,0.0,,0.0
176,7,5.00,11,14.97,18.83,18.90,0.0,0.00,0.0,0.0,,0.0
176,8,5.00,11,15.52,19.19,21.20,4932.45,0.00,0.0,0.0,,4932.45
176,9,5.00,11,16.32,19.38,21.20,3010.58,0.00,0.0,0.0,,3010.58
176,10,5.00,11,17.28,19.63,21.20,2245.17,0.00,0.0,0.0,,2245.17
176,11,5.00,11,17.81,19.92,21.20,1493.5,0.00,0.0,0.0,,1493.5
176,12,5.00,11,17.92,20.23,21.20,766.24,0.00,0.0,0.0,,766.24
176,13,5.00,11,17.99,20.57,21.20,63.04,0.00,0.0,0.0,,63.04
176,14,5.00,11,18.33,20.94,21.45,0.0,0.00,0.0,0.0,,0.0
176,15,5.00,11,18.15,21.25,21.72,0.0,0.00,0.0,0.0,,0.0
176,16,5.00,11,18.26,21.53,21.98,0.0,0.00,0.0,0.0,,0.0
176,17,5.00,11,18.18,21.75,22.17,0.0,0.00,0.0,0.0,,0.0
176,18,5.00,11,17.59,21.85,22.25,0.0,0.00,0.0,0.0,,0.0
176,19,5.00,11,16.65,21.40,21.80,0.0,0.00,0.0,0.0,,0.0
176,20,5.00,11,15.66,21.08,21.46,0.0,0.00,0.0,0.0,,0.0
176,21,5.00,11,15.76,20.81,21.18,0.0,0.00,0.0,0.0,,0.0
176,22,5.00,11,15.69,20.56,20.91,0.0,0.00,0.0,0.0,,0.0
176,23,5.00,11,15.61,20.32,20.65,0.0,0.00,0.0,0.0,,0.0
176,24,5.00,11,15.56,20.09,20.40,0.0,0.00,0.0,0.0,,0.0
176,1,6.00,11,15.38,19.86,20.17,0.0,0.00,0.0,0.0,,0.0
176,2,6.00,11,15.10,19.64,19.93,0.0,0.00,0.0,0.0,,0.0
176,3,6.00,11,15.11,19.43,19.71,0.0,0.00,0.0,0.0,,0.0
176,4,6.00,11,15.23,19.24,19.51,0.0,0.00,0.0,0.0,,0.0
176,5,6.00,11,15.01,19.05,19.31,0.0,0.00,0.0,0.0,,0.0
176,6,6.00,11,15.15,18.89,19.14,0.0,0.00,0.0,0.0,,0.0
176,7,6.00,11,14.98,18.72,18.96,0.0,0.00,0.0,0.0,,0.0
176,8,6.00,11,15.17,19.06,21.20,4886.37,0.00,0.0,0.0,,4886.37
176,9,6.00,11,16.36,19.28,21.20,2932.03,0.00,0.0,0.0,,2932.03
176,10,6.00,11,17.84,19.59,21.20,2044.07,0.00,0.0,0.0,,2044.07
176,11,6.00,11,18.86,19.96,21.20,1145.52,0.00,0.0,0.0,,1145.52
176,12,6.00,11,19.02,20.33,21.20,357.0,0.00,0.0,0.0,,357.0
176,13,6.00,11,18.71,20.67,21.31,0.0,0.00,0.0,0.0,,0.0
176,14,6.00,11,18.94,21.05,21.62,0.0,0.00,0.0,0.0,,0.0
176,15,6.00,11,18.90,21.39,21.92,0.0,0.00,0.0,0.0,,0.0
176,16,6.00,11,19.00,21.71,22.21,0.0,0.00,0.0,0.0,,0.0
176,17,6.00,11,18.66,21.92,22.40,0.0,0.00,0.0,0.0,,0.0
176,18,6.00,11,18.32,22.05,22.50,0.0,0.00,0.0,0.0,,0.0
176,19,6.00,11,17.65,21.62,22.07,0.0,0.00,0.0,0.0,,0.0
176,20,6.00,11,16.68,21.32,21.75,0.0,0.00,0.0,0.0,,0.0
176,21,6.00,11,16.26,21.05,21.46,0.0,0.00,0.0,0.0,,0.0
176,22,6.00,11,15.91,20.78,21.18,0.0,0.00,0.0,0.0,,0.0
176,23,6.00,11,15.55,20.51,20.89,0.0,0.00,0.0,0.0,,0.0
176,24,6.00,11,15.52,20.27,20.63,0.0,0.00,0.0,0.0,,0.0
176,1,7.00,11,15.40,20.03,20.38,0.0,0.00,0.0,0.0,,0.0
176,2,7.00,11,15.17,19.80,20.13,0.0,0.00,0.0,0.0,,0.0
176,3,7.00,11,15.12,19.58,19.90,0.0,0.00,0.0,0.0,,0.0
176,4,7.00,11,15.17,19.38,19.69,0.0,0.00,0.0,0.0,,0.0
176,5,7.00,11,15.03,19.19,19.48,0.0,0.00,0.0,0.0,,0.0
176,6,7.00,11,15.24,19.02,19.30,0.0,0.00,0.0,0.0,,0.0
176,7,7.00,11,15.28,18.86,19.13,0.0,0.00,0.0,0.0,,0.0
176,8,7.00,11,15.41,19.20,21.20,4439.13,0.00,0.0,0.0,,4439.13
176,9,7.00,11,15.81,19.35,21.20,2807.14,0.00,0.0,0.0,,2807.14
176,10,7.00,11,16.89,19.59,21.20,2084.25,0.00,0.0,0.0,,2084.25
176,11,7.00,11,17.67,19.88,21.20,1327.14,0.00,0.0,0.0,,1327.14
176,12,7.00,11,18.35,20.25,21.20,489.59,0.00,0.0,0.0,,489.59
176,13,7.00,11,18.44,20.62,21.28,0.0,0.00,0.0,0.0,,0.0
176,14,7.00,11,18.72,20.99,21.58,0.0,0.00,0.0,0.0,,0.0
176,15,7.00,11,19.05,21.37,21.92,0.0,0.00,0.0,0.0,,0.0
176,16,7.00,11,19.11,21.69,22.21,0.0,0.00,0.0,0.0,,0.0
176,17,7.00,11,18.91,21.93,22.42,0.0,0.00,0.0,0.0,,0.0
176,18,7.00,11,18.11,22.03,22.49,0.0,0.00,0.0,0.0,,0.0
176,19,7.00,11,17.35,21.59,22.05,0.0,0.00,0.0,0.0,,0.0
176,20,7.00,11,16.70,21.30,21.75,0.0,0.00,0.0,0.0,,0.0
176,21,7.00,11,16.27,21.03,21.46,0.0,0.00,0.0,0.0,,0.0
176,22,7.00,11,16.08,20.77,21.18,0.0,0.00,0.0,0.0,,0.0
176,23,7.00,11,15.98,20.53,20.92,0.0,0.00,0.0,0.0,,0.0
176,24,7.00,11,15.63,20.28,20.66,0.0,0.00,0.0,0.0,,0.0
176,1,1.00,11,15.53,20.05,20.41,0.0,0.00,0.0,0.0,,0.0
176,2,1.00,11,15.49,19.84,20.18,0.0,0.00,0.0,0.0,,0.0
176,3,1.00,11,15.50,19.64,19.97,0.0,0.00,0.0,0.0,,0.0
176,4,1.00,11,15.23,19.43,19.75,0.0,0.00,0.0,0.0,,0.0
176,5,1.00,11,15.13,19.24,19.54,0.0,0.00,0.0,0.0,,0.0
176,6,1.00,11,15.15,19.06,19.35,0.0,0.00,0.0,0.0,,0.0
176,7,1.00,11,15.17,18.89,19.17,0.0,0.00,0.0,0.0,,0.0
176,8,1.00,11,15.60,19.25,21.20,4294.42,0.00,0.0,0.0,,4294.42
176,9,1.00,11,16.16,19.42,21.20,2645.89,0.00,0.0,0.0,,2645.89
176,10,1.00,11,17.35,19.68,21.20,1885.53,0.00,0.0,0.0,,1885.53
176,11,1.00,11,18.06,19.99,21.20,1133.14,0.00,0.0,0.0,,1133.14
176,12,1.00,11,18.63,20.36,21.20,313.84,0.00,0.0,0.0,,313.84
176,13,1.00,11,18.89,20.74,21.37,0.0,0.00,0.0,0.0,,0.0
176,14,1.00,11,18.96,21.11,21.67,0.0,0.00,0.0,0.0,,0.0
176,15,1.00,11,19.12,21.48,22.00,0.0,0.00,0.0,0.0,,0.0
176,16,1.00,11,18.89,21.76,22.26,0.0,0.00,0.0,0.0,,0.0
176,17,1.00,11,18.87,22.00,22.47,0.0,0.00,0.0,0.0,,0.0
176,18,1.00,11,17.99,22.09,22.53,0.0,0.00,0.0,0.0,,0.0
176,19,1.00,11,17.14,21.64,22.08,0.0,0.00,0.0,0.0,,0.0
176,20,1.00,11,16.03,21.31,21.74,0.0,0.00,0.0,0.0,,0.0
176,21,1.00,11,15.79,21.02,21.44,0.0,0.00,0.0,0.0,,0.0
176,22,1.00,11,15.48,20.74,21.14,0.0,0.00,0.0,0.0,,0.0
176,23,1.00,11,15.25,20.47,20.85,0.0,0.00,0.0,0.0,,0.0
176,24,1.00,11,15.15,20.21,20.58,0.0,0.00,0.0,0.0,,0.0
176,1,2.00,11,14.76,19.95,20.30,0.0,0.00,0.0,0.0,,0.0
176,2,2.00,11,14.68,19.71,20.04,0.0,0.00,0.0,0.0,,0.0
176,3,2.00,11,14.81,19.49,19.81,0.0,0.00,0.0,0.0,,0.0
176,4,2.00,11,14.70,19.28,19.59,0.0,0.00,0.0,0.0,,0.0
176,5,2.00,11,14.73,19.08,19.38,0.0,0.00,0.0,0.0,,0.0
176,6,2.00,11,14.91,18.91,19.19,0.0,0.00,0.0,0.0,,0.0
176,7,2.00,11,14.77,18.73,19.01,0.0,0.00,0.0,0.0,,0.0
176,8,2.00,11,14.89,19.04,21.20,4831.51,0.00,0.0,0.0,,4831.51
176,9,2.00,11,15.69,19.22,21.20,3023.55,0.00,0.0,0.0,,3023.55
176,10,2.00,11,16.86,19.47,21.20,2253.25,0.00,0.0,0.0,,2253.25
176,11,2.00,11,17.50,19.76,21.20,1505.54,0.00,0.0,0.0,,1505.54
176,12,2.00,11,17.80,20.09,21.20,748.0,0.00,0.0,0.0,,748.0
176,13,2.00,11,18.27,20.48,21.22,0.0,0.00,0.0,0.0,,0.0
176,14,2.00,11,18.59,20.86,21.50,0.0,0.00,0.0,0.0,,0.0
176,15,2.00,11,18.82,21.23,21.83,0.0,0.00,0.0,0.0,,0.0
176,16,2.00,11,18.51,21.52,22.08,0.0,0.00,0.0,0.0,,0.0
176,17,2.00,11,18.34,21.74,22.27,0.0,0.00,0.0,0.0,,0.0
176,18,2.00,11,17.27,21.80,22.30,0.0,0.00,0.0,0.0,,0.0
176,19,2.00,11,16.58,21.36,21.86,0.0,0.00,0.0,0.0,,0.0
176,20,2.00,11,15.70,21.05,21.53,0.0,0.00,0.0,0.0,,0.0
176,21,2.00,11,15.51,20.77,21.23,0.0,0.00,0.0,0.0,,0.0
176,22,2.00,11,15.56,20.51,20.95,0.0,0.00,0.0,0.0,,0.0
176,23,2.00,11,15.46,20.26,20.69,0.0,0.00,0.0,0.0,,0.0
176,24,2.00,11,15.57,20.04,20.45,0.0,0.00,0.0,0.0,,0.0
176,1,3.00,11,15.59,19.83,20.22,0.0,0.00,0.0,0.0,,0.0
176,2,3.00,11,15.73,19.64,20.02,0.0,0.00,0.0,0.0,,0.0
176,3,3.00,11,15.63,19.46,19.82,0.0,0.00,0.0,0.0,,0.0
176,4,3.00,11,15.29,19.27,19.61,0.0,0.00,0.0,0.0,,0.0
176,5,3.00,11,15.22,19.09,19.42,0.0,0.00,0.0,0.0,,0.0
176,6,3.00,11,15.70,18.95,19.27,0.0,0.00,0.0,0.0,,0.0
176,7,3.00,11,15.90,18.82,19.13,0.0,0.00,0.0,0.0,,0.0
176,8,3.00,11,16.17,19.38,19.68,0.0,0.00,0.0,-0.0,,0.0
176,9,3.00,11,16.82,19.62,19.91,0.0,0.00,0.0,-0.0,,0.0
176,10,3.00,11,18.50,19.92,20.20,0.0,0.00,0.0,-0.0,,0.0
176,11,3.00,11,19.11,20.26,20.52,0.0,0.00,0.0,-0.0,,0.0
176,12,3.00,11,19.46,20.65,20.90,0.0,0.00,0.0,-0.0,,0.0
176,13,3.00,11,19.36,21.05,21.30,0.0,0.00,0.0,-0.0,,0.0
176,14,3.00,11,19.32,21.45,21.69,0.0,0.00,0.0,0.0,,0.0
176,15,3.00,11,19.05,21.81,22.04,0.0,0.00,0.0,0.0,,0.0
176,16,3.00,11,19.06,22.14,22.36,0.0,0.00,0.0,0.0,,0.0
176,17,3.00,11,18.65,22.38,22.60,0.0,0.00,0.0,0.0,,0.0
176,18,3.00,11,17.70,22.50,22.71,0.0,0.00,0.0,0.0,,0.0
176,19,3.00,11,17.15,21.88,22.08,0.0,0.00,0.0,0.0,,0.0
176,20,3.00,11,16.70,21.55,21.74,0.0,0.00,0.0,0.0,,0.0
176,21,3.00,11,16.25,21.25,21.44,0.0,0.00,0.0,0.0,,0.0
176,22,3.00,11,15.76,20.97,21.15,0.0,0.00,0.0,0.0,,0.0
176,23,3.00,11,15.60,20.70,20.87,0.0,0.00,0.0,0.0,,0.0
176,24,3.00,11,15.86,20.46,20.63,0.0,0.00,0.0,0.0,,0.0
176,1,4.00,11,15.79,20.23,20.40,0.0,0.00,0.0,-0.0,,0.0
176,2,4.00,11,15.86,20.03,20.19,0.0,0.00,0.0,-0.0,,0.0
176,3,4.00,11,15.80,19.83,19.99,0.0,0.00,0.0,0.0,,0.0
176,4,4.00,11,15.60,19.63,19.78,0.0,0.00,0.0,0.0,,0.0
176,5,4.00,11,15.51,19.44,19.59,0.0,0.00,0.0,0.0,,0.0
176,6,4.00,11,15.39,19.26,19.41,0.0,0.00,0.0,0.0,,0.0
176,7,4.00,11,15.15,19.07,19.22,0.0,0.00,0.0,0.0,,0.0
176,8,4.00,11,15.18,19.58,19.71,0.0,0.00,0.0,-0.0,,0.0
176,9,4.00,11,15.65,19.76,19.89,0.0,0.00,0.0,-0.0,,0.0
176,10,4.00,11,16.74,19.97,20.10,0.0,0.00,0.0,-0.0,,0.0
176,11,4.00,11,17.35,20.23,20.36,0.0,0.00,0.0,-0.0,,0.0
176,12,4.00,11,17.87,20.56,20.69,0.0,0.00,0.0,-0.0,,0.0
176,13,4.00,11,18.22,20.93,21.06,0.0,0.00,0.0,-0.0,,0.0
176,14,4.00,11,18.52,21.32,21.44,0.0,0.00,0.0,-0.0,,0.0
176,15,4.00,11,18.63,21.69,21.80,0.0,0.00,0.0,-0.0,,0.0
176,16,4.00,11,18.42,22.00,22.11,0.0,0.00,0.0,0.0,,0.0
176,17,4.00,11,18.03,22.23,22.34,0.0,0.00,0.0,0.0,,0.0
176,18,4.00,11,17.70,22.38,22.49,0.0,0.00,0.0,0.0,,0.0
176,19,4.00,11,16.73,21.74,21.85,0.0,0.00,0.0,0.0,,0.0
176,20,4.00,11,16.32,21.40,21.51,0.0,0.00,0.0,0.0,,0.0
176,21,4.00,11,16.37,21.14,21.24,0.0,0.00,0.0,0.0,,0.0
176,22,4.00,11,16.42,20.90,21.00,0.0,0.00,0.0,0.0,,0.0
176,23,4.00,11,16.34,20.67,20.77,0.0,0.00,0.0,-0.0,,0.0
176,24,4.00,11,15.82,20.42,20.52,0.0,0.00,0.0,-0.0,,0.0
176,1,5.00,11,15.86,20.20,20.30,0.0,0.00,0.0,0.0,,0.0
176,2,5.00,11,15.56,19.98,20.07,0.0,0.00,0.0,0.0,,0.0
176,3,5.00,11,15.34,19.76,19.85,0.0,0.00,0.0,0.0,,0.0
176,4,5.00,11,15.34,19.56,19.65,0.0,0.00,0.0,0.0,,0.0
176,5,5.00,11,15.22,19.36,19.45,0.0,0.00,0.0,0.0,,0.0
176,6,5.00,11,15.20,19.18,19.27,0.0,0.00,0.0,0.0,,0.0
176,7,5.00,11,15.03,19.00,19.09,0.0,0.00,0.0,0.0,,0.0
176,8,5.00,11,15.48,19.34,21.20,4516.7,0.00,0.0,0.0,,4516.7
176,9,5.00,11,15.80,19.48,21.20,2864.45,0.00,0.0,0.0,,2864.45
176,10,5.00,11,16.75,19.69,21.20,2163.76,0.00,0.0,0.0,,2163.76
176,11,5.00,11,17.52,19.98,21.20,1406.42,0.00,0.0,0.0,,1406.42
176,12,5.00,11,18.08,20.32,21.20,600.27,0.00,0.0,0.0,,600.27
176,13,5.00,11,18.55,20.71,21.27,0.0,0.00,0.0,0.0,,0.0
176,14,5.00,11,18.61,21.07,21.56,0.0,0.00,0.0,0.0,,0.0
176,15,5.00,11,18.65,21.41,21.86,0.0,0.00,0.0,0.0,,0.0
176,16,5.00,11,18.57,21.70,22.12,0.0,0.00,0.0,0.0,,0.0
176,17,5.00,11,18.35,21.91,22.31,0.0,0.00,0.0,0.0,,0.0
176,18,5.00,11,18.04,22.03,22.41,0.0,0.00,0.0,0.0,,0.0
176,19,5.00,11,17.24,21.60,21.98,0.0,0.00,0.0,0.0,,0.0
176,20,5.00,11,16.59,21.31,21.67,0.0,0.00,0.0,0.0,,0.0
176,21,5.00,11,16.56,21.06,21.41,0.0,0.00,0.0,0.0,,0.0
176,22,5.00,11,16.68,20.84,21.17,0.0,0.00,0.0,0.0,,0.0
176,23,5.00,11,16.61,20.62,20.94,0.0,0.00,0.0,0.0,,0.0
176,24,5.00,11,16.00,20.38,20.69,0.0,0.00,0.0,0.0,,0.0
176,1,6.00,11,15.97,20.17,20.46,0.0,0.00,0.0,0.0,,0.0
176,2,6.00,11,15.76,19.95,20.24,0.0,0.00,0.0,0.0,,0.0
176,3,6.00,11,15.57,19.74,20.02,0.0,0.00,0.0,0.0,,0.0
176,4,6.00,11,15.42,19.54,19.81,0.0,0.00,0.0,0.0,,0.0
176,5,6.00,11,15.25,19.35,19.60,0.0,0.00,0.0,0.0,,0.0
176,6,6.00,11,15.19,19.16,19.41,0.0,0.00,0.0,0.0,,0.0
176,7,6.00,11,15.11,18.99,19.22,0.0,0.00,0.0,0.0,,0.0
176,8,6.00,11,15.27,19.31,21.20,4255.39,0.00,0.0,0.0,,4255.39
176,9,6.00,11,15.91,19.47,21.20,2645.48,0.00,0.0,0.0,,2645.48
176,10,6.00,11,16.98,19.70,21.20,1936.18,0.00,0.0,0.0,,1936.18
176,11,6.00,11,17.83,20.00,21.20,1170.1,0.00,0.0,0.0,,1170.1
176,12,6.00,11,18.26,20.35,21.20,401.03,0.00,0.0,0.0,,401.03
176,13,6.00,11,18.52,20.72,21.33,0.0,0.00,0.0,0.0,,0.0
176,14,6.00,11,18.65,21.09,21.62,0.0,0.00,0.0,0.0,,0.0
176,15,6.00,11,18.57,21.41,21.91,0.0,0.00,0.0,0.0,,0.0
176,16,6.00,11,18.48,21.69,22.17,0.0,0.00,0.0,0.0,,0.0
176,17,6.00,11,18.23,21.90,22.35,0.0,0.00,0.0,0.0,,0.0
176,18,6.00,11,17.86,22.01,22.44,0.0,0.00,0.0,0.0,,0.0
176,19,6.00,11,17.04,21.57,22.00,0.0,0.00,0.0,0.0,,0.0
176,20,6.00,11,15.99,21.26,21.67,0.0,0.00,0.0,0.0,,0.0
176,21,6.00,11,15.45,20.96,21.35,0.0,0.00,0.0,0.0,,0.0
176,22,6.00,11,15.64,20.70,21.07,0.0,0.00,0.0,0.0,,0.0
176,23,6.00,11,15.79,20.46,20.82,0.0,0.00,0.0,0.0,,0.0
176,24,6.00,11,16.23,20.26,20.61,0.0,0.00,0.0,0.0,,0.0
176,1,7.00,11,15.45,20.02,20.35,0.0,0.00,0.0,0.0,,0.0
176,2,7.00,11,15.21,19.79,20.11,0.0,0.00,0.0,0.0,,0.0
176,3,7.00,11,15.80,19.62,19.93,0.0,0.00,0.0,0.0,,0.0
176,4,7.00,11,16.67,19.50,19.80,0.0,0.00,0.0,0.0,,0.0
176,5,7.00,11,16.80,19.38,19.67,0.0,0.00,0.0,0.0,,0.0
176,6,7.00,11,16.23,19.23,19.50,0.0,0.00,0.0,0.0,,0.0
176,7,7.00,11,15.77,19.07,19.33,0.0,0.00,0.0,0.0,,0.0
176,8,7.00,11,15.88,19.43,21.20,3886.54,0.00,0.0,0.0,,3886.54
176,9,7.00,11,16.17,19.57,21.20,2414.87,0.00,0.0,0.0,,2414.87
176,10,7.00,11,16.91,19.78,21.20,1801.07,0.00,0.0,0.0,,1801.07
176,11,7.00,11,17.58,20.05,21.20,1107.37,0.00,0.0,0.0,,1107.37
176,12,7.00,11,18.09,20.39,21.20,351.62,0.00,0.0,0.0,,351.62
176,13,7.00,11,18.34,20.74,21.34,0.0,0.00,0.0,0.0,,0.0
176,14,7.00,11,18.56,21.11,21.63,0.0,0.00,0.0,0.0,,0.0
176,15,7.00,11,18.65,21.45,21.94,0.0,0.00,0.0,0.0,,0.0
176,16,7.00,11,18.66,21.74,22.21,0.0,0.00,0.0,0.0,,0.0
176,17,7.00,11,18.76,21.99,22.43,0.0,0.00,0.0,0.0,,0.0
176,18,7.00,11,18.32,22.11,22.54,0.0,0.00,0.0,0.0,,0.0
176,19,7.00,11,17.40,21.67,22.09,0.0,0.00,0.0,0.0,,0.0
176,20,7.00,11,16.46,21.37,21.77,0.0,0.00,0.0,0.0,,0.0
176,21,7.00,11,15.97,21.08,21.47,0.0,0.00,0.0,0.0,,0.0
176,22,7.00,11,16.01,20.83,21.20,0.0,0.00,0.0,0.0,,0.0
176,23,7.00,11,15.82,20.57,20.93,0.0,0.00,0.0,0.0,,0.0
176,24,7.00,11,15.10,20.30,20.64,0.0,0.00,0.0,0.0,,0.0
176,1,1.00,11,14.55,20.02,20.35,0.0,0.00,0.0,0.0,,0.0
176,2,1.00,11,13.66,19.72,20.04,0.0,0.00,0.0,0.0,,0.0
176,3,1.00,11,12.72,19.39,19.70,0.0,0.00,0.0,0.0,,0.0
176,4,1.00,11,11.89,19.06,19.35,0.0,0.00,0.0,0.0,,0.0
176,5,1.00,11,11.21,18.72,19.00,0.0,0.00,0.0,0.0,,0.0
176,6,1.00,11,11.71,18.44,18.71,0.0,0.00,0.0,0.0,,0.0
176,7,1.00,11,12.11,18.20,18.46,0.0,0.00,0.0,0.0,,0.0
176,8,1.00,11,12.73,18.41,21.20,6483.22,0.00,0.0,0.0,,6483.22
176,9,1.00,11,14.03,18.57,21.20,4231.73,0.00,0.0,0.0,,4231.73
176,10,1.00,11,15.63,18.84,21.20,3314.98,0.00,0.0,0.0,,3314.98
176,11,1.00,11,16.89,19.18,21.20,2352.9,0.00,0.0,0.0,,2352.9
176,12,1.00,11,17.90,19.61,21.20,1335.12,0.00,0.0,0.0,,1335.12
176,13,1.00,11,18.78,20.08,21.20,326.24,0.00,0.0,0.0,,326.24
176,14,1.00,11,19.39,20.56,21.42,0.0,0.00,0.0,0.0,,0.0
176,15,1.00,11,19.89,21.02,21.80,0.0,0.00,0.0,0.0,,0.0
176,16,1.00,11,20.39,21.45,22.19,0.0,0.00,0.0,0.0,,0.0
176,17,1.00,11,19.99,21.75,22.45,0.0,0.00,0.0,0.0,,0.0
176,18,1.00,11,19.35,21.93,22.59,0.0,0.00,0.0,0.0,,0.0
176,19,1.00,11,18.11,21.47,22.13,0.0,0.00,0.0,0.0,,0.0
176,20,1.00,11,16.71,21.17,21.80,0.0,0.00,0.0,0.0,,0.0
176,21,1.00,11,16.15,20.89,21.49,0.0,0.00,0.0,0.0,,0.0
176,22,1.00,11,15.67,20.62,21.20,0.0,0.00,0.0,0.0,,0.0
176,23,1.00,11,15.40,20.36,20.91,0.0,0.00,0.0,0.0,,0.0
176,24,1.00,11,14.87,20.09,20.61,0.0,0.00,0.0,0.0,,0.0
176,1,2.00,11,14.17,19.80,20.30,0.0,0.00,0.0,0.0,,0.0
176,2,2.00,11,13.46,19.50,19.98,0.0,0.00,0.0,0.0,,0.0
176,3,2.00,11,12.90,19.20,19.67,0.0,0.00,0.0,0.0,,0.0
176,4,2.00,11,12.30,18.90,19.34,0.0,0.00,0.0,0.0,,0.0
176,5,2.00,11,11.66,18.58,19.01,0.0,0.00,0.0,0.0,,0.0
176,6,2.00,11,11.25,18.28,18.69,0.0,0.00,0.0,0.0,,0.0
176,7,2.00,11,11.78,18.03,18.42,0.0,0.00,0.0,0.0,,0.0
176,8,2.00,11,12.48,18.23,21.20,6618.23,0.00,0.0,0.0,,6618.23
176,9,2.00,11,13.48,18.36,21.20,4429.63,0.00,0.0,0.0,,4429.63
176,10,2.00,11,15.15,18.62,21.20,3517.0,0.00,0.0,0.0,,3517.0
176,11,2.00,11,16.79,18.99,21.20,2475.55,0.00,0.0,0.0,,2475.55
176,12,2.00,11,18.12,19.46,21.20,1369.37,0.00,0.0,0.0,,1369.37
176,13,2.00,11,19.04,19.96,21.20,322.6,0.00,0.0,0.0,,322.6
176,14,2.00,11,19.73,20.46,21.44,0.0,0.00,0.0,0.0,,0.0
176,15,2.00,11,19.62,20.89,21.77,0.0,0.00,0.0,0.0,,0.0
176,16,2.00,11,19.72,21.27,22.10,0.0,0.00,0.0,0.0,,0.0
176,17,2.00,11,19.63,21.58,22.37,0.0,0.00,0.0,0.0,,0.0
176,18,2.00,11,19.36,21.78,22.53,0.0,0.00,0.0,0.0,,0.0
176,19,2.00,11,18.28,21.34,22.09,0.0,0.00,0.0,0.0,,0.0
176,20,2.00,11,17.28,21.07,21.79,0.0,0.00,0.0,0.0,,0.0
176,21,2.00,11,16.87,20.84,21.52,0.0,0.00,0.0,0.0,,0.0
176,22,2.00,11,17.19,20.65,21.30,0.0,0.00,0.0,0.0,,0.0
176,23,2.00,11,17.25,20.46,21.09,0.0,0.00,0.0,0.0,,0.0
176,24,2.00,11,16.83,20.27,20.87,0.0,0.00,0.0,0.0,,0.0
176,1,3.00,11,16.54,20.07,20.65,0.0,0.00,0.0,0.0,,0.0
176,2,3.00,11,16.25,19.88,20.43,0.0,0.00,0.0,0.0,,0.0
176,3,3.00,11,15.88,19.68,20.21,0.0,0.00,0.0,0.0,,0.0
176,4,3.00,11,15.48,19.48,19.98,0.0,0.00,0.0,-0.0,,0.0
176,5,3.00,11,14.95,19.26,19.75,0.0,0.00,0.0,0.0,,0.0
176,6,3.00,11,14.62,19.05,19.51,0.0,0.00,0.0,0.0,,0.0
176,7,3.00,11,14.14,18.83,19.27,0.0,0.00,0.0,0.0,,0.0
176,8,3.00,11,14.09,19.29,19.72,0.0,0.00,0.0,0.0,,0.0
176,9,3.00,11,15.42,19.50,19.91,0.0,0.00,0.0,-0.0,,0.0
176,10,3.00,11,17.16,19.75,20.15,0.0,0.00,0.0,-0.0,,0.0
176,11,3.00,11,17.94,20.05,20.44,0.0,0.00,0.0,-0.0,,0.0
176,12,3.00,11,18.64,20.43,20.80,0.0,0.00,0.0,-0.0,,0.0
176,13,3.00,11,19.10,20.85,21.21,0.0,0.00,0.0,0.0,,0.0
176,14,3.00,11,19.25,21.27,21.61,0.0,0.00,0.0,0.0,,0.0
176,15,3.00,11,19.08,21.65,21.98,0.0,0.00,0.0,0.0,,0.0
176,16,3.00,11,19.29,22.00,22.32,0.0,0.00,0.0,0.0,,0.0
176,17,3.00,11,19.27,22.29,22.60,0.0,0.00,0.0,0.0,,0.0
176,18,3.00,11,19.31,22.51,22.80,0.0,0.00,0.0,0.0,,0.0
176,19,3.00,11,18.15,21.92,22.20,0.0,0.00,0.0,0.0,,0.0
176,20,3.00,11,16.75,21.57,21.84,0.0,0.00,0.0,0.0,,0.0
176,21,3.00,11,16.21,21.27,21.54,0.0,0.00,0.0,0.0,,0.0
176,22,3.00,11,16.65,21.03,21.29,0.0,0.00,0.0,0.0,,0.0
176,23,3.00,11,17.05,20.83,21.08,0.0,0.00,0.0,0.0,,0.0
176,24,3.00,11,17.04,20.63,20.88,0.0,0.00,0.0,-0.0,,0.0
176,1,4.00,11,16.48,20.42,20.65,0.0,0.00,0.0,-0.0,,0.0
176,2,4.00,11,16.35,20.21,20.44,0.0,0.00,0.0,0.0,,0.0
176,3,4.00,11,16.45,20.03,20.25,0.0,0.00,0.0,-0.0,,0.0
176,4,4.00,11,16.48,19.86,20.07,0.0,0.00,0.0,-0.0,,0.0
176,5,4.00,11,16.34,19.69,19.90,0.0,0.00,0.0,0.0,,0.0
176,6,4.00,11,16.52,19.54,19.75,0.0,0.00,0.0,0.0,,0.0
176,7,4.00,11,16.44,19.40,19.60,0.0,0.00,0.0,0.0,,0.0
176,8,4.00,11,16.66,19.94,20.14,0.0,0.00,0.0,0.0,,0.0
176,9,4.00,11,17.65,20.20,20.38,0.0,0.00,0.0,-0.0,,0.0
176,10,4.00,11,18.58,20.45,20.64,0.0,0.00,0.0,-0.0,,0.0
176,11,4.00,11,19.24,20.76,20.94,0.0,0.00,0.0,-0.0,,0.0
176,12,4.00,11,19.58,21.13,21.30,0.0,0.00,0.0,-0.0,,0.0
176,13,4.00,11,19.74,21.53,21.69,0.0,0.00,0.0,0.0,,0.0
176,14,4.00,11,20.23,21.95,22.11,0.0,0.00,0.0,-0.0,,0.0
176,15,4.00,11,20.18,22.34,22.50,0.0,0.00,0.0,-0.0,,0.0
176,16,4.00,11,20.20,22.68,22.84,0.0,0.00,0.0,0.0,,0.0
176,17,4.00,11,19.94,22.95,23.11,0.0,0.00,0.0,0.0,,0.0
176,18,4.00,11,19.53,23.13,23.28,0.0,0.00,0.0,0.0,,0.0
176,19,4.00,11,18.61,22.53,22.67,0.0,0.00,0.0,0.0,,0.0
176,20,4.00,11,17.72,22.19,22.33,0.0,0.00,0.0,0.0,,0.0
176,21,4.00,11,17.39,21.91,22.05,0.0,0.00,0.0,0.0,,0.0
176,22,4.00,11,17.34,21.66,21.79,0.0,0.00,0.0,0.0,,0.0
176,23,4.00,11,17.15,21.41,21.55,0.0,0.00,0.0,0.0,,0.0
176,24,4.00,11,16.81,21.16,21.30,0.0,0.00,0.0,0.0,,0.0
176,1,5.00,11,16.44,20.92,21.05,0.0,0.00,0.0,0.0,,0.0
176,2,5.00,11,16.27,20.68,20.81,0.0,0.00,0.0,0.0,,0.0
176,3,5.00,11,15.79,20.44,20.56,0.0,0.00,0.0,0.0,,0.0
176,4,5.00,11,15.93,20.22,20.35,0.0,0.00,0.0,0.0,,0.0
176,5,5.00,11,15.72,20.01,20.13,0.0,0.00,0.0,0.0,,0.0
176,6,5.00,11,16.03,19.83,19.95,0.0,0.00,0.0,0.0,,0.0
176,7,5.00,11,15.54,19.63,19.75,0.0,0.00,0.0,0.0,,0.0
176,8,5.00,11,15.36,19.89,21.20,3044.99,0.00,0.0,0.0,,3044.99
176,9,5.00,11,16.60,20.08,21.20,1702.21,0.00,0.0,0.0,,1702.21
176,10,5.00,11,17.69,20.31,21.20,1061.85,0.00,0.0,0.0,,1061.85
176,11,5.00,11,18.18,20.58,21.20,444.03,0.00,0.0,-94.03,,350.0
176,12,5.00,11,18.72,20.92,21.31,0.0,0.00,0.0,0.0,,0.0
176,13,5.00,11,19.01,21.28,21.61,0.0,0.00,0.0,0.0,,0.0
176,14,5.00,11,19.47,21.67,21.98,0.0,0.00,0.0,0.0,,0.0
176,15,5.00,11,19.39,22.00,22.30,0.0,0.00,0.0,0.0,,0.0
176,16,5.00,11,19.98,22.36,22.64,0.0,0.00,0.0,0.0,,0.0
176,17,5.00,11,20.19,22.64,22.91,0.0,0.00,0.0,0.0,,0.0
176,18,5.00,11,20.42,22.87,23.12,0.0,0.00,0.0,0.0,,0.0
176,19,5.00,11,19.32,22.42,22.67,0.0,0.00,0.0,0.0,,0.0
176,20,5.00,11,18.34,22.14,22.39,0.0,0.00,0.0,0.0,,0.0
176,21,5.00,11,17.80,21.88,22.12,0.0,0.00,0.0,0.0,,0.0
176,22,5.00,11,17.94,21.66,21.89,0.0,0.00,0.0,0.0,,0.0
176,23,5.00,11,18.15,21.46,21.69,0.0,0.00,0.0,0.0,,0.0
176,24,5.00,11,18.31,21.29,21.50,0.0,0.00,0.0,0.0,,0.0
176,1,6.00,11,17.73,21.08,21.29,0.0,0.00,0.0,0.0,,0.0
176,2,6.00,11,17.57,20.89,21.09,0.0,0.00,0.0,0.0,,0.0
176,3,6.00,11,17.48,20.71,20.91,0.0,0.00,0.0,0.0,,0.0
176,4,6.00,11,17.35,20.53,20.72,0.0,0.00,0.0,-0.0,,0.0
176,5,6.00,11,16.94,20.35,20.53,0.0,0.00,0.0,0.0,,0.0
176,6,6.00,11,17.33,20.20,20.38,0.0,0.00,0.0,0.0,,0.0
176,7,6.00,11,17.02,20.04,20.21,0.0,0.00,0.0,0.0,,0.0
176,8,6.00,11,17.17,20.41,21.20,1594.74,0.00,0.0,0.0,,1594.74
176,9,6.00,11,18.20,20.63,21.20,580.99,0.00,0.0,0.0,,580.99
176,10,6.00,11,18.81,20.86,21.20,81.26,0.00,0.0,0.0,,81.26
176,11,6.00,11,19.34,21.14,21.39,0.0,0.00,0.0,-22.73,,-22.73
176,12,6.00,11,19.53,21.46,21.69,0.0,0.00,0.0,0.0,,0.0
176,13,6.00,11,19.87,21.82,22.04,0.0,0.00,0.0,0.0,,0.0
176,14,6.00,11,20.58,22.24,22.45,0.0,0.00,0.0,0.0,,0.0
176,15,6.00,11,20.40,22.58,22.78,0.0,0.00,0.0,0.0,,0.0
176,16,6.00,11,20.37,22.88,23.07,0.0,0.00,0.0,0.0,,0.0
176,17,6.00,11,20.10,23.10,23.28,0.0,0.00,0.0,0.0,,0.0
176,18,6.00,11,20.07,23.26,23.44,0.0,0.00,0.0,0.0,,0.0
176,19,6.00,11,18.85,22.79,22.97,0.0,0.00,0.0,0.0,,0.0
176,20,6.00,11,17.63,22.46,22.63,0.0,0.00,0.0,0.0,,0.0
176,21,6.00,11,16.67,22.13,22.30,0.0,0.00,0.0,0.0,,0.0
176,22,6.00,11,16.87,21.85,22.02,0.0,0.00,0.0,0.0,,0.0
176,23,6.00,11,17.00,21.60,21.76,0.0,0.00,0.0,0.0,,0.0
176,24,6.00,11,17.26,21.38,21.53,0.0,0.00,0.0,0.0,,0.0
176,1,7.00,11,16.01,21.09,21.24,0.0,0.00,0.0,0.0,,0.0
176,2,7.00,11,15.70,20.82,20.97,0.0,0.00,0.0,0.0,,0.0
176,3,7.00,11,16.15,20.60,20.75,0.0,0.00,0.0,0.0,,0.0
176,4,7.00,11,16.04,20.39,20.53,0.0,0.00,0.0,0.0,,0.0
176,5,7.00,11,15.67,20.16,20.30,0.0,0.00,0.0,0.0,,0.0
176,6,7.00,11,15.96,19.98,20.11,0.0,0.00,0.0,0.0,,0.0
176,7,7.00,11,15.65,19.78,19.91,0.0,0.00,0.0,0.0,,0.0
176,8,7.00,11,16.02,20.09,21.20,2505.3,0.00,0.0,0.0,,2505.3
176,9,7.00,11,16.83,20.26,21.20,1362.35,0.00,0.0,0.0,,1362.35
176,10,7.00,11,17.74,20.48,21.20,788.19,0.00,0.0,0.0,,788.19
176,11,7.00,11,18.41,20.76,21.20,157.07,0.00,0.0,0.0,,157.07
176,12,7.00,11,18.91,21.09,21.41,0.0,0.00,0.0,0.0,,0.0
176,13,7.00,11,19.18,21.45,21.73,0.0,0.00,0.0,0.0,,0.0
176,14,7.00,11,19.74,21.85,22.12,0.0,0.00,0.0,0.0,,0.0
176,15,7.00,11,19.62,22.19,22.44,0.0,0.00,0.0,0.0,,0.0
176,16,7.00,11,19.91,22.51,22.75,0.0,0.00,0.0,0.0,,0.0
176,17,7.00,11,19.90,22.76,22.99,0.0,0.00,0.0,0.0,,0.0
176,18,7.00,11,19.85,22.94,23.16,0.0,0.00,0.0,0.0,,0.0
176,19,7.00,11,18.54,22.47,22.69,0.0,0.00,0.0,0.0,,0.0
176,20,7.00,11,17.44,22.16,22.37,0.0,0.00,0.0,0.0,,0.0
176,21,7.00,11,16.98,21.87,22.08,0.0,0.00,0.0,0.0,,0.0
176,22,7.00,11,16.40,21.58,21.78,0.0,0.00,0.0,0.0,,0.0
176,23,7.00,11,15.98,21.29,21.48,0.0,0.00,0.0,0.0,,0.0
176,24,7.00,11,16.53,21.06,21.25,0.0,0.00,0.0,0.0,,0.0
176,1,1.00,11,16.12,20.81,20.99,0.0,0.00,0.0,0.0,,0.0
176,2,1.00,11,15.78,20.56,20.74,0.0,0.00,0.0,0.0,,0.0
176,3,1.00,11,15.99,20.35,20.52,0.0,0.00,0.0,0.0,,0.0
176,4,1.00,11,16.61,20.19,20.35,0.0,0.00,0.0,0.0,,0.0
176,5,1.00,11,16.82,20.03,20.20,0.0,0.00,0.0,0.0,,0.0
176,6,1.00,11,16.02,19.84,20.00,0.0,0.00,0.0,0.0,,0.0
176,7,1.00,11,15.34,19.63,19.78,0.0,0.00,0.0,0.0,,0.0
176,8,1.00,11,15.78,19.93,21.20,2851.77,0.00,0.0,0.0,,2851.77
176,9,1.00,11,16.88,20.13,21.20,1544.56,0.00,0.0,0.0,,1544.56
176,10,1.00,11,18.14,20.40,21.20,854.3,0.00,0.0,0.0,,854.3
176,11,1.00,11,18.84,20.70,21.20,168.9,0.00,0.0,-495.64,,-326.74
176,12,1.00,11,19.59,21.09,21.45,0.0,0.00,0.0,0.0,,0.0
176,13,1.00,11,19.84,21.48,21.80,0.0,0.00,0.0,0.0,,0.0
176,14,1.00,11,20.50,21.92,22.22,0.0,0.00,0.0,0.0,,0.0
176,15,1.00,11,20.18,22.26,22.55,0.0,0.00,0.0,0.0,,0.0
176,16,1.00,11,19.48,22.51,22.78,0.0,0.00,0.0,0.0,,0.0
176,17,1.00,11,19.27,22.71,22.97,0.0,0.00,0.0,0.0,,0.0
176,18,1.00,11,18.80,22.81,23.06,0.0,0.00,0.0,0.0,,0.0
176,19,1.00,11,18.08,22.37,22.62,0.0,0.00,0.0,0.0,,0.0
176,20,1.00,11,17.40,22.08,22.32,0.0,0.00,0.0,0.0,,0.0
176,21,1.00,11,16.65,21.78,22.01,0.0,0.00,0.0,0.0,,0.0
176,22,1.00,11,16.21,21.49,21.71,0.0,0.00,0.0,0.0,,0.0
176,23,1.00,11,15.50,21.18,21.40,0.0,0.00,0.0,0.0,,0.0
176,24,1.00,11,14.68,20.85,21.06,0.0,0.00,0.0,0.0,,0.0
176,1,2.00,11,13.97,20.52,20.72,0.0,0.00,0.0,0.0,,0.0
176,2,2.00,11,13.29,20.19,20.38,0.0,0.00,0.0,0.0,,0.0
176,3,2.00,11,12.88,19.86,20.05,0.0,0.00,0.0,0.0,,0.0
176,4,2.00,11,12.49,19.53,19.72,0.0,0.00,0.0,0.0,,0.0
176,5,2.00,11,12.86,19.26,19.44,0.0,0.00,0.0,0.0,,0.0
176,6,2.00,11,13.18,19.02,19.19,0.0,0.00,0.0,0.0,,0.0
176,7,2.00,11,13.48,18.81,18.97,0.0,0.00,0.0,0.0,,0.0
176,8,2.00,11,13.83,19.05,21.20,5080.62,0.00,0.0,0.0,,5080.62
176,9,2.00,11,14.83,19.20,21.20,3247.78,0.00,0.0,0.0,,3247.78
176,10,2.00,11,16.28,19.45,21.20,2431.57,0.00,0.0,0.0,,2431.57
176,11,2.00,11,17.00,19.74,21.20,1669.08,0.00,0.0,0.0,,1669.08
176,12,2.00,11,18.33,20.16,21.20,654.04,0.00,0.0,0.0,,654.04
176,13,2.00,11,19.34,20.64,21.33,0.0,0.00,0.0,0.0,,0.0
176,14,2.00,11,20.21,21.14,21.73,0.0,0.00,0.0,0.0,,0.0
176,15,2.00,11,20.66,21.60,22.15,0.0,0.00,0.0,0.0,,0.0
176,16,2.00,11,20.99,22.03,22.54,0.0,0.00,0.0,0.0,,0.0
176,17,2.00,11,20.96,22.36,22.85,0.0,0.00,0.0,0.0,,0.0
176,18,2.00,11,20.62,22.58,23.05,0.0,0.00,0.0,0.0,,0.0
176,19,2.00,11,19.81,22.15,22.61,0.0,0.00,0.0,0.0,,0.0
176,20,2.00,11,18.94,21.91,22.36,0.0,0.00,0.0,0.0,,0.0
176,21,2.00,11,18.91,21.72,22.15,0.0,0.00,0.0,0.0,,0.0
176,22,2.00,11,18.80,21.54,21.95,0.0,0.00,0.0,0.0,,0.0
176,23,2.00,11,18.46,21.35,21.75,0.0,0.00,0.0,-0.0,,0.0
176,24,2.00,11,18.23,21.17,21.55,0.0,0.00,0.0,-0.0,,0.0
176,1,3.00,11,17.81,20.97,21.34,0.0,0.00,0.0,-0.0,,0.0
176,2,3.00,11,17.94,20.81,21.16,0.0,0.00,0.0,-0.0,,0.0
176,3,3.00,11,17.64,20.63,20.97,0.0,0.00,0.0,-0.0,,0.0
176,4,3.00,11,17.49,20.47,20.79,0.0,0.00,0.0,-0.0,,0.0
176,5,3.00,11,17.81,20.33,20.64,0.0,0.00,0.0,-0.0,,0.0
176,6,3.00,11,17.61,20.19,20.48,0.0,0.00,0.0,-0.0,,0.0
176,7,3.00,11,17.41,20.04,20.33,0.0,0.00,0.0,-0.0,,0.0
176,8,3.00,11,17.38,20.58,20.85,0.0,0.00,0.0,-0.0,,0.0
176,9,3.00,11,18.12,20.81,21.07,0.0,0.00,0.0,-0.0,,0.0
176,10,3.00,11,19.26,21.06,21.32,0.0,0.00,0.0,-0.0,,0.0
176,11,3.00,11,20.18,21.38,21.63,0.0,0.00,0.0,-0.0,,0.0
176,12,3.00,11,20.86,21.78,22.01,0.0,0.00,0.0,-0.0,,0.0
176,13,3.00,11,21.39,22.21,22.44,0.0,0.00,0.0,-0.0,,0.0
176,14,3.00,11,21.83,22.66,22.89,0.0,0.00,0.0,-0.0,,0.0
176,15,3.00,11,21.89,23.09,23.30,0.0,0.00,0.0,-0.0,,0.0
176,16,3.00,11,22.04,23.47,23.68,0.0,0.00,0.0,-0.0,,0.0
176,17,3.00,11,21.97,23.79,23.99,0.0,0.00,0.0,-0.0,,0.0
176,18,3.00,11,21.76,24.01,24.21,0.0,0.00,0.0,-0.0,,0.0
176,19,3.00,11,20.71,23.44,23.63,0.0,0.00,0.0,-0.0,,0.0
176,20,3.00,11,19.51,23.12,23.31,0.0,0.00,0.0,0.0,,0.0
176,21,3.00,11,19.14,22.86,23.04,0.0,0.00,0.0,0.0,,0.0
176,22,3.00,11,19.35,22.64,22.82,0.0,0.00,0.0,0.0,,0.0
176,23,3.00,11,19.38,22.44,22.61,0.0,0.00,0.0,-0.0,,0.0
176,24,3.00,11,19.32,22.24,22.40,0.0,0.00,0.0,-0.0,,0.0
176,1,4.00,11,19.12,22.05,22.21,0.0,0.00,0.0,-0.0,,0.0
176,2,4.00,11,19.01,21.86,22.02,0.0,0.00,0.0,-0.0,,0.0
176,3,4.00,11,18.26,21.65,21.80,0.0,0.00,0.0,0.0,,0.0
176,4,4.00,11,18.17,21.45,21.60,0.0,0.00,0.0,0.0,,0.0
176,5,4.00,11,18.29,21.28,21.42,0.0,0.00,0.0,0.0,,0.0
176,6,4.00,11,18.12,21.10,21.24,0.0,0.00,0.0,0.0,,0.0
176,7,4.00,11,17.84,20.93,21.06,0.0,0.00,0.0,0.0,,0.0
176,8,4.00,11,18.12,21.45,21.58,0.0,0.00,0.0,-0.0,,0.0
176,9,4.00,11,18.94,21.67,21.80,0.0,0.00,0.0,-0.0,,0.0
176,10,4.00,11,19.80,21.89,22.02,0.0,0.00,0.0,-0.0,,0.0
176,11,4.00,11,20.66,22.19,22.31,0.0,0.00,0.0,-0.0,,0.0
176,12,4.00,11,21.18,22.55,22.67,0.0,0.00,0.0,-0.0,,0.0
176,13,4.00,11,21.33,22.94,23.05,0.0,0.00,0.0,0.0,,0.0
176,14,4.00,11,21.62,23.34,23.45,0.0,0.00,0.0,0.0,,0.0
176,15,4.00,11,21.37,23.70,23.81,0.0,0.00,0.0,0.0,,0.0
176,16,4.00,11,21.36,24.02,24.13,0.0,0.00,0.0,0.0,,0.0
176,17,4.00,11,21.27,24.28,24.39,0.0,0.00,0.0,0.0,,0.0
176,18,4.00,11,21.11,24.46,24.56,0.0,0.00,0.0,0.0,,0.0
176,19,4.00,11,20.10,23.84,23.95,0.0,0.00,0.0,0.0,,0.0
176,20,4.00,11,19.25,23.50,23.60,0.0,0.00,0.0,0.0,,0.0
176,21,4.00,11,19.06,23.23,23.33,0.0,0.00,0.0,0.0,,0.0
176,22,4.00,11,19.08,22.98,23.08,0.0,0.00,0.0,0.0,,0.0
176,23,4.00,11,18.83,22.73,22.83,0.0,0.00,0.0,0.0,,0.0
176,24,4.00,11,18.83,22.51,22.60,0.0,0.00,0.0,-0.0,,0.0
176,1,5.00,11,18.15,22.25,22.35,0.0,0.00,0.0,-0.0,,0.0
176,2,5.00,11,17.87,22.01,22.11,0.0,0.00,0.0,0.0,,0.0
176,3,5.00,11,17.72,21.78,21.87,0.0,0.00,0.0,0.0,,0.0
176,4,5.00,11,17.87,21.58,21.67,0.0,0.00,0.0,0.0,,0.0
176,5,5.00,11,17.40,21.36,21.45,0.0,0.00,0.0,0.0,,0.0
176,6,5.00,11,17.20,21.15,21.23,0.0,0.00,0.0,0.0,,0.0
176,7,5.00,11,16.98,20.94,21.02,0.0,0.00,0.0,0.0,,0.0
176,8,5.00,11,17.36,21.25,21.33,0.0,0.00,0.0,0.0,,0.0
176,9,5.00,11,18.90,21.48,21.56,0.0,0.00,0.0,0.0,,0.0
176,10,5.00,11,19.91,21.74,21.82,0.0,0.00,0.0,0.0,,0.0
176,11,5.00,11,20.64,22.05,22.13,0.0,0.00,0.0,0.0,,0.0
176,12,5.00,11,20.87,22.39,22.47,0.0,0.00,0.0,0.0,,0.0
176,13,5.00,11,21.11,22.76,22.84,0.0,0.00,0.0,0.0,,0.0
176,14,5.00,11,21.26,23.13,23.20,0.0,0.00,0.0,0.0,,0.0
176,15,5.00,11,21.20,23.46,23.53,0.0,0.00,0.0,0.0,,0.0
176,16,5.00,11,21.07,23.74,23.81,0.0,0.00,0.0,0.0,,0.0
176,17,5.00,11,20.94,23.96,24.03,0.0,0.00,0.0,0.0,,0.0
176,18,5.00,11,20.16,24.04,24.11,0.0,0.00,0.0,0.0,,0.0
176,19,5.00,11,19.54,23.59,23.66,0.0,0.00,0.0,0.0,,0.0
176,20,5.00,11,18.73,23.28,23.35,0.0,0.00,0.0,0.0,,0.0
176,21,5.00,11,18.27,22.99,23.06,0.0,0.00,0.0,0.0,,0.0
176,22,5.00,11,18.15,22.72,22.79,0.0,0.00,0.0,0.0,,0.0
176,23,5.00,11,18.18,22.47,22.54,0.0,0.00,0.0,0.0,,0.0
176,24,5.00,11,18.15,22.23,22.30,0.0,0.00,0.0,0.0,,0.0
176,1,6.00,11,17.87,21.99,22.06,0.0,0.00,0.0,0.0,,0.0
176,2,6.00,11,17.74,21.77,21.84,0.0,0.00,0.0,0.0,,0.0
176,3,6.00,11,17.48,21.55,21.61,0.0,0.00,0.0,0.0,,0.0
176,4,6.00,11,17.13,21.32,21.39,0.0,0.00,0.0,0.0,,0.0
176,5,6.00,11,16.96,21.10,21.17,0.0,0.00,0.0,0.0,,0.0
176,6,6.00,11,17.07,20.91,20.97,0.0,0.00,0.0,0.0,,0.0
176,7,6.00,11,17.05,20.72,20.79,0.0,0.00,0.0,0.0,,0.0
176,8,6.00,11,17.08,21.03,21.20,263.23,0.00,0.0,0.0,,263.23
176,9,6.00,11,18.05,21.21,21.30,0.0,0.00,0.0,0.0,,0.0
176,10,6.00,11,18.73,21.41,21.49,0.0,0.00,0.0,0.0,,0.0
176,11,6.00,11,19.23,21.66,21.73,0.0,0.00,0.0,0.0,,0.0
176,12,6.00,11,19.51,21.96,22.03,0.0,0.00,0.0,0.0,,0.0
176,13,6.00,11,19.80,22.30,22.37,0.0,0.00,0.0,0.0,,0.0
176,14,6.00,11,20.17,22.66,22.73,0.0,0.00,0.0,0.0,,0.0
176,15,6.00,11,20.20,22.99,23.05,0.0,0.00,0.0,0.0,,0.0
176,16,6.00,11,19.95,23.24,23.31,0.0,0.00,0.0,0.0,,0.0
176,17,6.00,11,19.47,23.41,23.47,0.0,0.00,0.0,0.0,,0.0
176,18,6.00,11,18.81,23.46,23.53,0.0,0.00,0.0,0.0,,0.0
176,19,6.00,11,18.22,23.02,23.09,0.0,0.00,0.0,0.0,,0.0
176,20,6.00,11,17.66,22.72,22.78,0.0,0.00,0.0,0.0,,0.0
176,21,6.00,11,17.63,22.45,22.51,0.0,0.00,0.0,0.0,,0.0
176,22,6.00,11,17.70,22.20,22.26,0.0,0.00,0.0,0.0,,0.0
176,23,6.00,11,17.49,21.95,22.01,0.0,0.00,0.0,0.0,,0.0
176,24,6.00,11,17.09,21.70,21.76,0.0,0.00,0.0,0.0,,0.0
176,1,7.00,11,16.62,21.44,21.50,0.0,0.00,0.0,0.0,,0.0
176,2,7.00,11,16.47,21.19,21.26,0.0,0.00,0.0,0.0,,0.0
176,3,7.00,11,16.08,20.94,21.01,0.0,0.00,0.0,0.0,,0.0
176,4,7.00,11,16.06,20.72,20.78,0.0,0.00,0.0,0.0,,0.0
176,5,7.00,11,16.02,20.50,20.56,0.0,0.00,0.0,0.0,,0.0
176,6,7.00,11,16.00,20.30,20.36,0.0,0.00,0.0,0.0,,0.0
176,7,7.00,11,16.09,20.11,20.18,0.0,0.00,0.0,0.0,,0.0
176,8,7.00,11,16.17,20.41,21.20,1851.89,0.00,0.0,0.0,,1851.89
176,9,7.00,11,17.35,20.61,21.20,816.53,0.00,0.0,0.0,,816.53
176,10,7.00,11,18.32,20.85,21.20,250.44,0.00,0.0,0.0,,250.44
176,11,7.00,11,19.13,21.15,21.35,0.0,0.00,0.0,0.0,,0.0
176,12,7.00,11,19.68,21.51,21.68,0.0,0.00,0.0,0.0,,0.0
176,13,7.00,11,19.77,21.87,22.03,0.0,0.00,0.0,0.0,,0.0
176,14,7.00,11,19.86,22.23,22.38,0.0,0.00,0.0,0.0,,0.0
176,15,7.00,11,19.72,22.54,22.69,0.0,0.00,0.0,0.0,,0.0
176,16,7.00,11,19.42,22.80,22.94,0.0,0.00,0.0,0.0,,0.0
176,17,7.00,11,18.81,22.95,23.08,0.0,0.00,0.0,0.0,,0.0
176,18,7.00,11,18.14,23.00,23.13,0.0,0.00,0.0,0.0,,0.0
176,19,7.00,11,17.08,22.54,22.67,0.0,0.00,0.0,0.0,,0.0
176,20,7.00,11,15.96,22.18,22.30,0.0,0.00,0.0,0.0,,0.0
176,21,7.00,11,15.62,21.85,21.97,0.0,0.00,0.0,0.0,,0.0
176,22,7.00,11,15.21,21.52,21.64,0.0,0.00,0.0,0.0,,0.0
176,23,7.00,11,14.74,21.20,21.31,0.0,0.00,0.0,0.0,,0.0
176,24,7.00,11,14.09,20.86,20.97,0.0,0.00,0.0,0.0,,0.0
176,1,1.00,12,13.38,20.51,20.62,0.0,0.00,0.0,0.0,,0.0
176,2,1.00,12,12.49,20.15,20.26,0.0,0.00,0.0,0.0,,0.0
176,3,1.00,12,12.12,19.80,19.91,0.0,0.00,0.0,0.0,,0.0
176,4,1.00,12,11.96,19.48,19.58,0.0,0.00,0.0,0.0,,0.0
176,5,1.00,12,11.72,19.16,19.26,0.0,0.00,0.0,0.0,,0.0
176,6,1.00,12,12.33,18.90,19.00,0.0,0.00,0.0,0.0,,0.0
176,7,1.00,12,12.78,18.68,18.77,0.0,0.00,0.0,0.0,,0.0
176,8,1.00,12,13.73,18.95,21.78,6986.92,0.00,0.0,0.0,,6986.92
176,9,1.00,12,15.16,19.17,21.78,4406.37,0.00,0.0,0.0,,4406.37
176,10,1.00,12,17.02,19.52,21.78,3294.4,0.00,0.0,0.0,,3294.4
176,11,1.00,12,18.33,19.93,21.78,2202.44,0.00,0.0,0.0,,2202.44
176,12,1.00,12,18.93,20.35,21.78,1226.29,0.00,0.0,0.0,,1226.29
176,13,1.00,12,19.14,20.76,21.78,371.44,0.00,0.0,0.0,,371.44
176,14,1.00,12,19.74,21.21,21.98,0.0,0.00,0.0,0.0,,0.0
176,15,1.00,12,19.60,21.59,22.27,0.0,0.00,0.0,0.0,,0.0
176,16,1.00,12,19.58,21.93,22.57,0.0,0.00,0.0,0.0,,0.0
176,17,1.00,12,19.44,22.20,22.80,0.0,0.00,0.0,0.0,,0.0
176,18,1.00,12,18.94,22.36,22.93,0.0,0.00,0.0,0.0,,0.0
176,19,1.00,12,17.81,21.92,22.49,0.0,0.00,0.0,0.0,,0.0
176,20,1.00,12,16.54,21.62,22.17,0.0,0.00,0.0,0.0,,0.0
176,21,1.00,12,16.22,21.35,21.88,0.0,0.00,0.0,0.0,,0.0
176,22,1.00,12,15.56,21.06,21.56,0.0,0.00,0.0,0.0,,0.0
176,23,1.00,12,15.02,20.77,21.24,0.0,0.00,0.0,0.0,,0.0
176,24,1.00,12,15.03,20.50,20.96,0.0,0.00,0.0,0.0,,0.0
176,1,2.00,12,14.19,20.20,20.64,0.0,0.00,0.0,0.0,,0.0
176,2,2.00,12,13.65,19.90,20.32,0.0,0.00,0.0,0.0,,0.0
176,3,2.00,12,13.74,19.64,20.04,0.0,0.00,0.0,0.0,,0.0
176,4,2.00,12,14.00,19.41,19.79,0.0,0.00,0.0,0.0,,0.0
176,5,2.00,12,14.12,19.19,19.56,0.0,0.00,0.0,0.0,,0.0
176,6,2.00,12,14.07,18.99,19.34,0.0,0.00,0.0,0.0,,0.0
176,7,2.00,12,14.13,18.80,19.14,0.0,0.00,0.0,0.0,,0.0
176,8,2.00,12,14.86,19.13,21.78,5944.09,0.00,0.0,0.0,,5944.09
176,9,2.00,12,16.56,19.42,21.78,3533.19,0.00,0.0,0.0,,3533.19
176,10,2.00,12,18.06,19.78,21.78,2519.19,0.00,0.0,0.0,,2519.19
176,11,2.00,12,19.45,20.22,21.78,1435.97,0.00,0.0,0.0,,1435.97
176,12,2.00,12,20.26,20.69,21.78,424.88,0.00,0.0,0.0,,424.88
176,13,2.00,12,20.56,21.15,21.96,0.0,0.00,0.0,0.0,,0.0
176,14,2.00,12,20.75,21.59,22.31,0.0,0.00,0.0,0.0,,0.0
176,15,2.00,12,20.90,22.01,22.68,0.0,0.00,0.0,0.0,,0.0
176,16,2.00,12,20.64,22.36,22.99,0.0,0.00,0.0,0.0,,0.0
176,17,2.00,12,20.10,22.61,23.21,0.0,0.00,0.0,0.0,,0.0
176,18,2.00,12,19.67,22.77,23.34,0.0,0.00,0.0,0.0,,0.0
176,19,2.00,12,18.88,22.34,22.91,0.0,0.00,0.0,0.0,,0.0
176,20,2.00,12,17.51,22.05,22.60,0.0,0.00,0.0,0.0,,0.0
176,21,2.00,12,16.90,21.77,22.30,0.0,0.00,0.0,0.0,,0.0
176,22,2.00,12,16.52,21.50,22.00,0.0,0.00,0.0,0.0,,0.0
176,23,2.00,12,16.52,21.24,21.72,0.0,0.00,0.0,0.0,,0.0
176,24,2.00,12,16.56,21.01,21.47,0.0,0.00,0.0,0.0,,0.0
176,1,3.00,12,15.94,20.76,21.20,0.0,0.00,0.0,0.0,,0.0
176,2,3.00,12,15.56,20.50,20.93,0.0,0.00,0.0,0.0,,0.0
176,3,3.00,12,15.52,20.27,20.68,0.0,0.00,0.0,0.0,,0.0
176,4,3.00,12,15.41,20.05,20.44,0.0,0.00,0.0,0.0,,0.0
176,5,3.00,12,15.41,19.85,20.22,0.0,0.00,0.0,0.0,,0.0
176,6,3.00,12,15.76,19.67,20.03,0.0,0.00,0.0,0.0,,0.0
176,7,3.00,12,15.71,19.50,19.85,0.0,0.00,0.0,0.0,,0.0
176,8,3.00,12,16.53,20.07,20.40,0.0,0.00,0.0,0.0,,0.0
176,9,3.00,12,17.41,20.33,20.65,0.0,0.00,0.0,-0.0,,0.0
176,10,3.00,12,18.07,20.60,20.90,0.0,0.00,0.0,-0.0,,0.0
176,11,3.00,12,18.70,20.91,21.20,0.0,0.00,0.0,-0.0,,0.0
176,12,3.00,12,19.30,21.28,21.56,0.0,0.00,0.0,-0.0,,0.0
176,13,3.00,12,19.67,21.68,21.95,0.0,0.00,0.0,0.0,,0.0
176,14,3.00,12,19.88,22.07,22.34,0.0,0.00,0.0,0.0,,0.0
176,15,3.00,12,20.04,22.46,22.71,0.0,0.00,0.0,-0.0,,0.0
176,16,3.00,12,19.91,22.80,23.04,0.0,0.00,0.0,0.0,,0.0
176,17,3.00,12,19.53,23.06,23.30,0.0,0.00,0.0,0.0,,0.0
176,18,3.00,12,18.77,23.22,23.45,0.0,0.00,0.0,0.0,,0.0
176,19,3.00,12,18.14,22.62,22.84,0.0,0.00,0.0,0.0,,0.0
176,20,3.00,12,16.88,22.26,22.48,0.0,0.00,0.0,0.0,,0.0
176,21,3.00,12,16.42,21.95,22.16,0.0,0.00,0.0,0.0,,0.0
176,22,3.00,12,16.37,21.67,21.87,0.0,0.00,0.0,0.0,,0.0
176,23,3.00,12,16.31,21.40,21.60,0.0,0.00,0.0,0.0,,0.0
176,24,3.00,12,16.31,21.16,21.34,0.0,0.00,0.0,0.0,,0.0
176,1,4.00,12,15.94,20.90,21.08,0.0,0.00,0.0,0.0,,0.0
176,2,4.00,12,15.45,20.64,20.82,0.0,0.00,0.0,0.0,,0.0
176,3,4.00,12,15.44,20.40,20.57,0.0,0.00,0.0,0.0,,0.0
176,4,4.00,12,15.44,20.18,20.35,0.0,0.00,0.0,0.0,,0.0
176,5,4.00,12,15.52,19.97,20.14,0.0,0.00,0.0,0.0,,0.0
176,6,4.00,12,15.42,19.78,19.93,0.0,0.00,0.0,0.0,,0.0
176,7,4.00,12,15.17,19.58,19.73,0.0,0.00,0.0,0.0,,0.0
176,8,4.00,12,15.43,20.08,20.23,0.0,0.00,0.0,0.0,,0.0
176,9,4.00,12,16.52,20.32,20.46,0.0,0.00,0.0,-0.0,,0.0
176,10,4.00,12,17.57,20.57,20.71,0.0,0.00,0.0,-0.0,,0.0
176,11,4.00,12,18.33,20.87,21.01,0.0,0.00,0.0,-0.0,,0.0
176,12,4.00,12,19.16,21.25,21.38,0.0,0.00,0.0,-0.0,,0.0
176,13,4.00,12,19.74,21.66,21.79,0.0,0.00,0.0,0.0,,0.0
176,14,4.00,12,20.22,22.08,22.21,0.0,0.00,0.0,0.0,,0.0
176,15,4.00,12,20.34,22.48,22.61,0.0,0.00,0.0,-0.0,,0.0
176,16,4.00,12,20.25,22.83,22.96,0.0,0.00,0.0,0.0,,0.0
176,17,4.00,12,20.07,23.12,23.24,0.0,0.00,0.0,0.0,,0.0
176,18,4.00,12,19.56,23.31,23.43,0.0,0.00,0.0,0.0,,0.0
176,19,4.00,12,18.87,22.74,22.86,0.0,0.00,0.0,0.0,,0.0
176,20,4.00,12,18.01,22.43,22.55,0.0,0.00,0.0,0.0,,0.0
176,21,4.00,12,18.12,22.20,22.31,0.0,0.00,0.0,0.0,,0.0
176,22,4.00,12,17.97,21.96,22.07,0.0,0.00,0.0,0.0,,0.0
176,23,4.00,12,17.73,21.73,21.84,0.0,0.00,0.0,0.0,,0.0
176,24,4.00,12,17.45,21.51,21.61,0.0,0.00,0.0,-0.0,,0.0
176,1,5.00,12,17.32,21.29,21.39,0.0,0.00,0.0,-0.0,,0.0
176,2,5.00,12,17.23,21.08,21.18,0.0,0.00,0.0,-0.0,,0.0
176,3,5.00,12,17.30,20.89,20.99,0.0,0.00,0.0,-0.0,,0.0
176,4,5.00,12,17.07,20.70,20.80,0.0,0.00,0.0,0.0,,0.0
176,5,5.00,12,16.82,20.51,20.61,0.0,0.00,0.0,0.0,,0.0
176,6,5.00,12,16.93,20.35,20.44,0.0,0.00,0.0,0.0,,0.0
176,7,5.00,12,17.06,20.19,20.29,0.0,0.00,0.0,0.0,,0.0
176,8,5.00,12,17.30,20.58,21.78,2836.12,0.00,0.0,0.0,,2836.12
176,9,5.00,12,18.27,20.82,21.78,1403.73,0.00,0.0,0.0,,1403.73
176,10,5.00,12,19.01,21.09,21.78,748.18,0.00,0.0,0.0,,748.18
176,11,5.00,12,19.58,21.40,21.78,51.99,0.00,0.0,0.0,,51.99
176,12,5.00,12,20.17,21.77,22.06,0.0,0.00,0.0,0.0,,0.0
176,13,5.00,12,20.30,22.13,22.39,0.0,0.00,0.0,0.0,,0.0
176,14,5.00,12,20.42,22.49,22.74,0.0,0.00,0.0,0.0,,0.0
176,15,5.00,12,20.44,22.83,23.06,0.0,0.00,0.0,0.0,,0.0
176,16,5.00,12,20.46,23.13,23.35,0.0,0.00,0.0,0.0,,0.0
176,17,5.00,12,20.32,23.36,23.58,0.0,0.00,0.0,0.0,,0.0
176,18,5.00,12,19.65,23.47,23.68,0.0,0.00,0.0,0.0,,0.0
176,19,5.00,12,18.81,23.04,23.24,0.0,0.00,0.0,0.0,,0.0
176,20,5.00,12,18.01,22.75,22.94,0.0,0.00,0.0,0.0,,0.0
176,21,5.00,12,18.16,22.50,22.69,0.0,0.00,0.0,0.0,,0.0
176,22,5.00,12,18.09,22.26,22.45,0.0,0.00,0.0,0.0,,0.0
176,23,5.00,12,18.03,22.03,22.21,0.0,0.00,0.0,0.0,,0.0
176,24,5.00,12,17.42,21.78,21.96,0.0,0.00,0.0,0.0,,0.0
176,1,6.00,12,17.23,21.55,21.71,0.0,0.00,0.0,0.0,,0.0
176,2,6.00,12,16.86,21.31,21.47,0.0,0.00,0.0,0.0,,0.0
176,3,6.00,12,16.71,21.08,21.24,0.0,0.00,0.0,0.0,,0.0
176,4,6.00,12,16.41,20.85,21.01,0.0,0.00,0.0,0.0,,0.0
176,5,6.00,12,16.14,20.63,20.78,0.0,0.00,0.0,0.0,,0.0
176,6,6.00,12,16.23,20.43,20.57,0.0,0.00,0.0,0.0,,0.0
176,7,6.00,12,16.77,20.27,20.41,0.0,0.00,0.0,0.0,,0.0
176,8,6.00,12,17.03,20.63,21.78,2594.9,0.00,0.0,0.0,,2594.9
176,9,6.00,12,17.38,20.80,21.78,1432.84,0.00,0.0,0.0,,1432.84
176,10,6.00,12,18.25,21.03,21.78,813.61,0.00,0.0,0.0,,813.61
176,11,6.00,12,18.89,21.32,21.78,153.85,0.00,0.0,0.0,,153.85
176,12,6.00,12,19.21,21.64,21.97,0.0,0.00,0.0,0.0,,0.0
176,13,6.00,12,20.04,22.04,22.33,0.0,0.00,0.0,0.0,,0.0
176,14,6.00,12,20.90,22.48,22.75,0.0,0.00,0.0,0.0,,0.0
176,15,6.00,12,21.14,22.87,23.13,0.0,0.00,0.0,0.0,,0.0
176,16,6.00,12,21.12,23.21,23.46,0.0,0.00,0.0,0.0,,0.0
176,17,6.00,12,20.74,23.45,23.69,0.0,0.00,0.0,0.0,,0.0
176,18,6.00,12,20.10,23.57,23.80,0.0,0.00,0.0,0.0,,0.0
176,19,6.00,12,19.37,23.14,23.37,0.0,0.00,0.0,0.0,,0.0
176,20,6.00,12,18.87,22.89,23.11,0.0,0.00,0.0,0.0,,0.0
176,21,6.00,12,18.72,22.65,22.87,0.0,0.00,0.0,0.0,,0.0
176,22,6.00,12,18.45,22.42,22.62,0.0,0.00,0.0,0.0,,0.0
176,23,6.00,12,18.24,22.18,22.38,0.0,0.00,0.0,0.0,,0.0
176,24,6.00,12,17.71,21.94,22.13,0.0,0.00,0.0,0.0,,0.0
176,1,7.00,12,17.58,21.71,21.89,0.0,0.00,0.0,0.0,,0.0
176,2,7.00,12,17.39,21.49,21.67,0.0,0.00,0.0,0.0,,0.0
176,3,7.00,12,17.28,21.27,21.45,0.0,0.00,0.0,0.0,,0.0
176,4,7.00,12,17.13,21.07,21.24,0.0,0.00,0.0,0.0,,0.0
176,5,7.00,12,17.24,20.88,21.05,0.0,0.00,0.0,0.0,,0.0
176,6,7.00,12,17.74,20.74,20.90,0.0,0.00,0.0,0.0,,0.0
176,7,7.00,12,17.43,20.58,20.73,0.0,0.00,0.0,0.0,,0.0
176,8,7.00,12,17.78,20.97,21.78,1706.97,0.00,0.0,0.0,,1706.97
176,9,7.00,12,19.10,21.25,21.78,519.11,0.00,0.0,0.0,,519.11
176,10,7.00,12,19.89,21.53,21.82,0.0,0.00,0.0,0.0,,0.0
176,11,7.00,12,20.43,21.86,22.09,0.0,0.00,0.0,0.0,,0.0
176,12,7.00,12,20.97,22.24,22.45,0.0,0.00,0.0,0.0,,0.0
176,13,7.00,12,21.06,22.61,22.80,0.0,0.00,0.0,0.0,,0.0
176,14,7.00,12,21.36,22.99,23.18,0.0,0.00,0.0,0.0,,0.0
176,15,7.00,12,21.38,23.35,23.53,0.0,0.00,0.0,0.0,,0.0
176,16,7.00,12,21.44,23.67,23.84,0.0,0.00,0.0,0.0,,0.0
176,17,7.00,12,20.84,23.87,24.04,0.0,0.00,0.0,0.0,,0.0
176,18,7.00,12,20.19,23.97,24.13,0.0,0.00,0.0,0.0,,0.0
176,19,7.00,12,19.00,23.51,23.67,0.0,0.00,0.0,0.0,,0.0
176,20,7.00,12,18.25,23.20,23.36,0.0,0.00,0.0,0.0,,0.0
176,21,7.00,12,17.66,22.90,23.05,0.0,0.00,0.0,0.0,,0.0
176,22,7.00,12,17.03,22.58,22.73,0.0,0.00,0.0,0.0,,0.0
176,23,7.00,12,16.40,22.26,22.41,0.0,0.00,0.0,0.0,,0.0
176,24,7.00,12,15.61,21.92,22.06,0.0,0.00,0.0,0.0,,0.0
176,1,1.00,12,15.06,21.59,21.72,0.0,0.00,0.0,0.0,,0.0
176,2,1.00,12,14.30,21.24,21.37,0.0,0.00,0.0,0.0,,0.0
176,3,1.00,12,13.95,20.90,21.03,0.0,0.00,0.0,0.0,,0.0
176,4,1.00,12,13.56,20.58,20.70,0.0,0.00,0.0,0.0,,0.0
176,5,1.00,12,13.24,20.26,20.38,0.0,0.00,0.0,0.0,,0.0
176,6,1.00,12,13.88,20.00,20.12,0.0,0.00,0.0,0.0,,0.0
176,7,1.00,12,14.38,19.78,19.90,0.0,0.00,0.0,0.0,,0.0
176,8,1.00,12,15.09,20.05,21.78,4125.36,0.00,0.0,0.0,,4125.36
176,9,1.00,12,16.46,20.27,21.78,2394.42,0.00,0.0,0.0,,2394.42
176,10,1.00,12,17.81,20.56,21.78,1582.95,0.00,0.0,0.0,,1582.95
176,11,1.00,12,19.19,20.95,21.78,645.47,0.00,0.0,0.0,,645.47
176,12,1.00,12,20.11,21.38,21.88,0.0,0.00,0.0,0.0,,0.0
176,13,1.00,12,20.24,21.78,22.20,0.0,0.00,0.0,0.0,,0.0
176,14,1.00,12,20.90,22.22,22.61,0.0,0.00,0.0,0.0,,0.0
176,15,1.00,12,21.14,22.64,23.00,0.0,0.00,0.0,0.0,,0.0
176,16,1.00,12,21.63,23.04,23.39,0.0,0.00,0.0,0.0,,0.0
176,17,1.00,12,20.85,23.28,23.61,0.0,0.00,0.0,0.0,,0.0
176,18,1.00,12,20.02,23.41,23.72,0.0,0.00,0.0,0.0,,0.0
176,19,1.00,12,18.94,22.96,23.27,0.0,0.00,0.0,0.0,,0.0
176,20,1.00,12,17.88,22.66,22.97,0.0,0.00,0.0,0.0,,0.0
176,21,1.00,12,17.34,22.38,22.67,0.0,0.00,0.0,0.0,,0.0
176,22,1.00,12,16.61,22.08,22.36,0.0,0.00,0.0,0.0,,0.0
176,23,1.00,12,15.92,21.76,22.03,0.0,0.00,0.0,0.0,,0.0
176,24,1.00,12,15.79,21.47,21.73,0.0,0.00,0.0,0.0,,0.0
176,1,2.00,12,14.66,21.14,21.38,0.0,0.00,0.0,0.0,,0.0
176,2,2.00,12,13.70,20.78,21.02,0.0,0.00,0.0,0.0,,0.0
176,3,2.00,12,13.28,20.45,20.68,0.0,0.00,0.0,0.0,,0.0
176,4,2.00,12,13.62,20.16,20.38,0.0,0.00,0.0,0.0,,0.0
176,5,2.00,12,14.02,19.91,20.12,0.0,0.00,0.0,0.0,,0.0
176,6,2.00,12,14.51,19.70,19.91,0.0,0.00,0.0,0.0,,0.0
176,7,2.00,12,14.74,19.51,19.71,0.0,0.00,0.0,0.0,,0.0
176,8,2.00,12,15.34,19.82,21.78,4520.13,0.00,0.0,0.0,,4520.13
176,9,2.00,12,17.05,20.10,21.78,2530.21,0.00,0.0,0.0,,2530.21
176,10,2.00,12,18.87,20.47,21.78,1527.51,0.00,0.0,0.0,,1527.51
176,11,2.00,12,20.23,20.92,21.78,507.32,0.00,0.0,0.0,,507.32
176,12,2.00,12,20.98,21.38,21.95,0.0,0.00,0.0,0.0,,0.0
176,13,2.00,12,21.26,21.84,22.32,0.0,0.00,0.0,0.0,,0.0
176,14,2.00,12,21.85,22.32,22.77,0.0,0.00,0.0,0.0,,0.0
176,15,2.00,12,21.77,22.73,23.16,0.0,0.00,0.0,0.0,,0.0
176,16,2.00,12,21.68,23.10,23.50,0.0,0.00,0.0,0.0,,0.0
176,17,2.00,12,21.17,23.36,23.74,0.0,0.00,0.0,-11.97,,-11.97
176,18,2.00,12,20.40,23.49,23.86,0.0,0.00,0.0,0.0,,0.0
176,19,2.00,12,19.73,23.07,23.44,0.0,0.00,0.0,0.0,,0.0
176,20,2.00,12,18.84,22.81,23.16,0.0,0.00,0.0,0.0,,0.0
176,21,2.00,12,18.36,22.56,22.89,0.0,0.00,0.0,0.0,,0.0
176,22,2.00,12,18.23,22.32,22.64,0.0,0.00,0.0,0.0,,0.0
176,23,2.00,12,17.67,22.06,22.37,0.0,0.00,0.0,0.0,,0.0
176,24,2.00,12,17.96,21.85,22.15,0.0,0.00,0.0,0.0,,0.0
176,1,3.00,12,17.47,21.62,21.90,0.0,0.00,0.0,-0.0,,0.0
176,2,3.00,12,16.82,21.37,21.64,0.0,0.00,0.0,0.0,,0.0
176,3,3.00,12,16.62,21.13,21.40,0.0,0.00,0.0,0.0,,0.0
176,4,3.00,12,16.38,20.91,21.16,0.0,0.00,0.0,0.0,,0.0
176,5,3.00,12,16.45,20.70,20.95,0.0,0.00,0.0,0.0,,0.0
176,6,3.00,12,16.84,20.53,20.77,0.0,0.00,0.0,0.0,,0.0
176,7,3.00,12,16.81,20.36,20.59,0.0,0.00,0.0,0.0,,0.0
176,8,3.00,12,16.76,20.88,21.10,0.0,0.00,0.0,0.0,,0.0
176,9,3.00,12,17.95,21.13,21.34,0.0,0.00,0.0,-0.0,,0.0
176,10,3.00,12,18.98,21.40,21.60,0.0,0.00,0.0,-0.0,,0.0
176,11,3.00,12,20.16,21.74,21.94,0.0,0.00,0.0,-0.0,,0.0
176,12,3.00,12,20.63,22.12,22.32,0.0,0.00,0.0,-0.0,,0.0
176,13,3.00,12,20.59,22.51,22.70,0.0,0.00,0.0,-0.0,,0.0
176,14,3.00,12,21.01,22.92,23.10,0.0,0.00,0.0,0.0,,0.0
176,15,3.00,12,20.99,23.30,23.47,0.0,0.00,0.0,-0.0,,0.0
176,16,3.00,12,20.56,23.62,23.79,0.0,0.00,0.0,0.0,,0.0
176,17,3.00,12,20.02,23.86,24.02,0.0,0.00,0.0,0.0,,0.0
176,18,3.00,12,19.71,24.02,24.18,0.0,0.00,0.0,0.0,,0.0
176,19,3.00,12,19.03,23.42,23.57,0.0,0.00,0.0,0.0,,0.0
176,20,3.00,12,18.52,23.11,23.26,0.0,0.00,0.0,0.0,,0.0
176,21,3.00,12,18.45,22.85,23.00,0.0,0.00,0.0,0.0,,0.0
176,22,3.00,12,17.97,22.58,22.72,0.0,0.00,0.0,0.0,,0.0
176,23,3.00,12,17.80,22.33,22.47,0.0,0.00,0.0,0.0,,0.0
176,24,3.00,12,17.49,22.08,22.21,0.0,0.00,0.0,0.0,,0.0
176,1,4.00,12,17.10,21.82,21.95,0.0,0.00,0.0,0.0,,0.0
176,2,4.00,12,16.51,21.55,21.68,0.0,0.00,0.0,0.0,,0.0
176,3,4.00,12,16.51,21.31,21.44,0.0,0.00,0.0,0.0,,0.0
176,4,4.00,12,16.89,21.11,21.23,0.0,0.00,0.0,0.0,,0.0
176,5,4.00,12,16.95,20.92,21.04,0.0,0.00,0.0,0.0,,0.0
176,6,4.00,12,16.90,20.74,20.85,0.0,0.00,0.0,0.0,,0.0
176,7,4.00,12,17.00,20.57,20.68,0.0,0.00,0.0,0.0,,0.0
176,8,4.00,12,17.55,21.12,21.23,0.0,0.00,0.0,0.0,,0.0
176,9,4.00,12,18.81,21.40,21.51,0.0,0.00,0.0,-0.0,,0.0
176,10,4.00,12,19.08,21.64,21.75,0.0,0.00,0.0,-0.0,,0.0
176,11,4.00,12,19.46,21.93,22.03,0.0,0.00,0.0,-0.0,,0.0
176,12,4.00,12,19.99,22.28,22.38,0.0,0.00,0.0,0.0,,0.0
176,13,4.00,12,20.52,22.66,22.76,0.0,0.00,0.0,-0.0,,0.0
176,14,4.00,12,21.05,23.07,23.17,0.0,0.00,0.0,0.0,,0.0
176,15,4.00,12,21.22,23.46,23.55,0.0,0.00,0.0,0.0,,0.0
176,16,4.00,12,21.36,23.81,23.91,0.0,0.00,0.0,0.0,,0.0
176,17,4.00,12,20.97,24.09,24.18,0.0,0.00,0.0,0.0,,0.0
176,18,4.00,12,20.61,24.27,24.36,0.0,0.00,0.0,0.0,,0.0
176,19,4.00,12,20.12,23.71,23.80,0.0,0.00,0.0,0.0,,0.0
176,20,4.00,12,19.14,23.40,23.49,0.0,0.00,0.0,0.0,,0.0
176,21,4.00,12,18.77,23.13,23.22,0.0,0.00,0.0,0.0,,0.0
176,22,4.00,12,18.68,22.89,22.97,0.0,0.00,0.0,0.0,,0.0
176,23,4.00,12,18.37,22.64,22.72,0.0,0.00,0.0,0.0,,0.0
176,24,4.00,12,18.67,22.42,22.51,0.0,0.00,0.0,-0.0,,0.0
176,1,5.00,12,17.75,22.17,22.25,0.0,0.00,0.0,-0.0,,0.0
176,2,5.00,12,17.36,21.92,22.00,0.0,0.00,0.0,0.0,,0.0
176,3,5.00,12,17.45,21.70,21.78,0.0,0.00,0.0,0.0,,0.0
176,4,5.00,12,17.64,21.50,21.58,0.0,0.00,0.0,0.0,,0.0
176,5,5.00,12,18.01,21.34,21.41,0.0,0.00,0.0,-0.0,,0.0
176,6,5.00,12,17.80,21.16,21.24,0.0,0.00,0.0,0.0,,0.0
176,7,5.00,12,17.73,21.00,21.07,0.0,0.00,0.0,0.0,,0.0
176,8,5.00,12,17.68,21.34,21.78,938.02,0.00,0.0,0.0,,938.02
176,9,5.00,12,18.21,21.52,21.78,223.46,0.00,0.0,0.0,,223.46
176,10,5.00,12,19.26,21.77,21.92,0.0,0.00,0.0,0.0,,0.0
176,11,5.00,12,20.06,22.09,22.20,0.0,0.00,0.0,0.0,,0.0
176,12,5.00,12,20.30,22.41,22.52,0.0,0.00,0.0,0.0,,0.0
176,13,5.00,12,20.52,22.76,22.86,0.0,0.00,0.0,0.0,,0.0
176,14,5.00,12,20.69,23.10,23.20,0.0,0.00,0.0,0.0,,0.0
176,15,5.00,12,20.69,23.42,23.52,0.0,0.00,0.0,0.0,,0.0
176,16,5.00,12,20.32,23.67,23.77,0.0,0.00,0.0,0.0,,0.0
176,17,5.00,12,19.67,23.82,23.92,0.0,0.00,0.0,0.0,,0.0
176,18,5.00,12,19.46,23.93,24.02,0.0,0.00,0.0,0.0,,0.0
176,19,5.00,12,18.71,23.50,23.59,0.0,0.00,0.0,0.0,,0.0
176,20,5.00,12,18.41,23.22,23.31,0.0,0.00,0.0,0.0,,0.0
176,21,5.00,12,18.00,22.95,23.04,0.0,0.00,0.0,0.0,,0.0
176,22,5.00,12,17.63,22.67,22.76,0.0,0.00,0.0,0.0,,0.0
176,23,5.00,12,17.25,22.39,22.48,0.0,0.00,0.0,0.0,,0.0
176,24,5.00,12,17.19,22.13,22.21,0.0,0.00,0.0,0.0,,0.0
176,1,6.00,12,16.46,21.85,21.93,0.0,0.00,0.0,0.0,,0.0
176,2,6.00,12,16.38,21.59,21.67,0.0,0.00,0.0,0.0,,0.0
176,3,6.00,12,16.41,21.35,21.43,0.0,0.00,0.0,0.0,,0.0
176,4,6.00,12,16.34,21.12,21.20,0.0,0.00,0.0,0.0,,0.0
176,5,6.00,12,16.36,20.91,20.98,0.0,0.00,0.0,0.0,,0.0
176,6,6.00,12,16.41,20.71,20.78,0.0,0.00,0.0,0.0,,0.0
176,7,6.00,12,16.67,20.54,20.61,0.0,0.00,0.0,0.0,,0.0
176,8,6.00,12,16.55,20.84,21.78,2223.54,0.00,0.0,0.0,,2223.54
176,9,6.00,12,17.16,21.00,21.78,1171.12,0.00,0.0,0.0,,1171.12
176,10,6.00,12,18.41,21.26,21.78,498.76,0.00,0.0,0.0,,498.76
176,11,6.00,12,19.11,21.56,21.84,0.0,0.00,0.0,0.0,,0.0
176,12,6.00,12,19.42,21.89,22.11,0.0,0.00,0.0,0.0,,0.0
176,13,6.00,12,20.07,22.27,22.48,0.0,0.00,0.0,0.0,,0.0
176,14,6.00,12,20.45,22.66,22.85,0.0,0.00,0.0,0.0,,0.0
176,15,6.00,12,20.36,22.99,23.17,0.0,0.00,0.0,0.0,,0.0
176,16,6.00,12,20.04,23.26,23.43,0.0,0.00,0.0,0.0,,0.0
176,17,6.00,12,19.47,23.44,23.60,0.0,0.00,0.0,0.0,,0.0
176,18,6.00,12,18.74,23.50,23.66,0.0,0.00,0.0,0.0,,0.0
176,19,6.00,12,18.39,23.10,23.26,0.0,0.00,0.0,0.0,,0.0
176,20,6.00,12,17.61,22.81,22.97,0.0,0.00,0.0,0.0,,0.0
176,21,6.00,12,16.93,22.51,22.66,0.0,0.00,0.0,0.0,,0.0
176,22,6.00,12,17.71,22.28,22.43,0.0,0.00,0.0,0.0,,0.0
176,23,6.00,12,17.60,22.05,22.19,0.0,0.00,0.0,0.0,,0.0
176,24,6.00,12,17.81,21.84,21.98,0.0,0.00,0.0,0.0,,0.0
176,1,7.00,12,17.28,21.61,21.75,0.0,0.00,0.0,0.0,,0.0
176,2,7.00,12,17.30,21.41,21.53,0.0,0.00,0.0,0.0,,0.0
176,3,7.00,12,17.36,21.22,21.34,0.0,0.00,0.0,0.0,,0.0
176,4,7.00,12,17.36,21.04,21.16,0.0,0.00,0.0,0.0,,0.0
176,5,7.00,12,17.50,20.88,21.00,0.0,0.00,0.0,0.0,,0.0
176,6,7.00,12,17.39,20.72,20.83,0.0,0.00,0.0,-0.0,,0.0
176,7,7.00,12,17.01,20.55,20.66,0.0,0.00,0.0,-0.0,,0.0
176,8,7.00,12,17.00,20.88,21.78,2032.2,0.00,0.0,0.0,,2032.2
176,9,7.00,12,18.16,21.11,21.78,856.21,0.00,0.0,0.0,,856.21
176,10,7.00,12,19.02,21.38,21.78,242.21,0.00,0.0,0.0,,242.21
176,11,7.00,12,19.44,21.67,21.92,0.0,0.00,0.0,0.0,,0.0
176,12,7.00,12,19.67,21.99,22.21,0.0,0.00,0.0,0.0,,0.0
176,13,7.00,12,19.96,22.34,22.54,0.0,0.00,0.0,0.0,,0.0
176,14,7.00,12,20.26,22.70,22.89,0.0,0.00,0.0,0.0,,0.0
176,15,7.00,12,20.05,23.01,23.19,0.0,0.00,0.0,0.0,,0.0
176,16,7.00,12,19.83,23.27,23.44,0.0,0.00,0.0,0.0,,0.0
176,17,7.00,12,19.32,23.44,23.61,0.0,0.00,0.0,0.0,,0.0
176,18,7.00,12,18.79,23.52,23.68,0.0,0.00,0.0,0.0,,0.0
176,19,7.00,12,18.20,23.11,23.26,0.0,0.00,0.0,0.0,,0.0
176,20,7.00,12,17.85,22.83,22.99,0.0,0.00,0.0,0.0,,0.0
176,21,7.00,12,17.48,22.56,22.71,0.0,0.00,0.0,0.0,,0.0
176,22,7.00,12,17.72,22.32,22.47,0.0,0.00,0.0,0.0,,0.0
176,23,7.00,12,17.77,22.10,22.24,0.0,0.00,0.0,0.0,,0.0
176,24,7.00,12,17.71,21.88,22.01,0.0,0.00,0.0,0.0,,0.0
176,1,1.00,12,18.02,21.69,21.82,0.0,0.00,0.0,0.0,,0.0
176,2,1.00,12,17.90,21.50,21.63,0.0,0.00,0.0,-0.0,,0.0
176,3,1.00,12,17.48,21.31,21.43,0.0,0.00,0.0,0.0,,0.0
176,4,1.00,12,17.19,21.11,21.23,0.0,0.00,0.0,0.0,,0.0
176,5,1.00,12,17.40,20.94,21.06,0.0,0.00,0.0,0.0,,0.0
176,6,1.00,12,17.54,20.79,20.90,0.0,0.00,0.0,0.0,,0.0
176,7,1.00,12,17.68,20.65,20.76,0.0,0.00,0.0,-0.0,,0.0
176,8,1.00,12,17.76,21.03,21.78,1633.23,0.00,0.0,0.0,,1633.23
176,9,1.00,12,18.71,21.28,21.78,545.82,0.00,0.0,0.0,,545.82
176,10,1.00,12,19.76,21.58,21.83,0.0,0.00,0.0,-41.77,,-41.77
176,11,1.00,12,20.59,21.94,22.13,0.0,0.00,0.0,-110.46,,-110.46
176,12,1.00,12,20.95,22.31,22.48,0.0,0.00,0.0,0.0,,0.0
176,13,1.00,12,21.07,22.68,22.85,0.0,0.00,0.0,0.0,,0.0
176,14,1.00,12,21.02,23.04,23.19,0.0,0.00,0.0,0.0,,0.0
176,15,1.00,12,20.42,23.32,23.47,0.0,0.00,0.0,0.0,,0.0
176,16,1.00,12,20.34,23.58,23.73,0.0,0.00,0.0,0.0,,0.0
176,17,1.00,12,20.49,23.82,23.96,0.0,0.00,0.0,0.0,,0.0
176,18,1.00,12,20.31,23.97,24.11,0.0,0.00,0.0,0.0,,0.0
176,19,1.00,12,19.53,23.55,23.68,0.0,0.00,0.0,0.0,,0.0
176,20,1.00,12,18.75,23.27,23.40,0.0,0.00,0.0,0.0,,0.0
176,21,1.00,12,18.33,23.00,23.13,0.0,0.00,0.0,0.0,,0.0
176,22,1.00,12,18.50,22.77,22.89,0.0,0.00,0.0,0.0,,0.0
176,23,1.00,12,18.57,22.55,22.66,0.0,0.00,0.0,0.0,,0.0
176,24,1.00,12,18.91,22.36,22.47,0.0,0.00,0.0,0.0,,0.0
176,1,2.00,12,18.32,22.14,22.25,0.0,0.00,0.0,-0.0,,0.0
176,2,2.00,12,18.75,21.97,22.08,0.0,0.00,0.0,0.0,,0.0
176,3,2.00,12,18.54,21.79,21.90,0.0,0.00,0.0,0.0,,0.0
176,4,2.00,12,18.37,21.61,21.72,0.0,0.00,0.0,0.0,,0.0
176,5,2.00,12,18.61,21.47,21.57,0.0,0.00,0.0,0.0,,0.0
176,6,2.00,12,18.80,21.34,21.43,0.0,0.00,0.0,-0.0,,0.0
176,7,2.00,12,18.53,21.19,21.29,0.0,0.00,0.0,-0.0,,0.0
176,8,2.00,12,18.01,21.53,21.78,398.23,0.00,0.0,0.0,,398.23
176,9,2.00,12,18.43,21.70,21.83,0.0,0.00,0.0,0.0,,0.0
176,10,2.00,12,19.98,22.01,22.11,0.0,0.00,0.0,0.0,,0.0
176,11,2.00,12,21.27,22.39,22.49,0.0,0.00,0.0,0.0,,0.0
176,12,2.00,12,21.69,22.78,22.88,0.0,0.00,0.0,0.0,,0.0
176,13,2.00,12,22.34,23.22,23.31,0.0,0.00,0.0,0.0,,0.0
176,14,2.00,12,22.23,23.60,23.68,0.0,0.00,0.0,0.0,,0.0
176,15,2.00,12,21.74,23.91,23.99,0.0,0.00,0.0,0.0,,0.0
176,16,2.00,12,21.21,24.16,24.24,0.0,0.00,0.0,0.0,,0.0
176,17,2.00,12,21.50,24.41,24.49,0.0,0.00,0.0,0.0,,0.0
176,18,2.00,12,22.16,24.65,24.73,0.0,0.00,0.0,0.0,,0.0
176,19,2.00,12,21.09,24.22,24.30,0.0,0.00,0.0,0.0,,0.0
176,20,2.00,12,20.06,23.94,24.02,0.0,0.00,0.0,0.0,,0.0
176,21,2.00,12,19.68,23.69,23.77,0.0,0.00,0.0,0.0,,0.0
176,22,2.00,12,19.96,23.47,23.55,0.0,0.00,0.0,0.0,,0.0
176,23,2.00,12,20.13,23.28,23.35,0.0,0.00,0.0,0.0,,0.0
176,24,2.00,12,20.64,23.12,23.19,0.0,0.00,0.0,-0.0,,0.0
176,1,3.00,12,19.59,22.90,22.97,0.0,0.00,0.0,-0.0,,0.0
176,2,3.00,12,19.36,22.70,22.77,0.0,0.00,0.0,0.0,,0.0
176,3,3.00,12,18.59,22.46,22.53,0.0,0.00,0.0,0.0,,0.0
176,4,3.00,12,18.40,22.25,22.32,0.0,0.00,0.0,0.0,,0.0
176,5,3.00,12,18.59,22.06,22.13,0.0,0.00,0.0,0.0,,0.0
176,6,3.00,12,18.32,21.87,21.94,0.0,0.00,0.0,0.0,,0.0
176,7,3.00,12,18.01,21.67,21.74,0.0,0.00,0.0,0.0,,0.0
176,8,3.00,12,18.35,22.19,22.26,0.0,0.00,0.0,0.0,,0.0
176,9,3.00,12,19.09,22.41,22.48,0.0,0.00,0.0,-0.0,,0.0
176,10,3.00,12,20.12,22.66,22.72,0.0,0.00,0.0,-0.0,,0.0
176,11,3.00,12,20.68,22.95,23.01,0.0,0.00,0.0,-0.0,,0.0
176,12,3.00,12,21.66,23.32,23.38,0.0,0.00,0.0,-0.0,,0.0
176,13,3.00,12,22.32,23.73,23.79,0.0,0.00,0.0,0.0,,0.0
176,14,3.00,12,22.28,24.12,24.18,0.0,0.00,0.0,0.0,,0.0
176,15,3.00,12,21.60,24.46,24.51,0.0,0.00,0.0,0.0,,0.0
176,16,3.00,12,20.93,24.73,24.78,0.0,0.00,0.0,0.0,,0.0
176,17,3.00,12,20.94,24.96,25.02,0.0,0.00,0.0,0.0,,0.0
176,18,3.00,12,21.47,25.16,25.21,0.0,0.00,0.0,0.0,,0.0
176,19,3.00,12,20.66,24.57,24.62,0.0,0.00,0.0,0.0,,0.0
176,20,3.00,12,19.56,24.23,24.29,0.0,0.00,0.0,0.0,,0.0
176,21,3.00,12,18.70,23.91,23.97,0.0,0.00,0.0,0.0,,0.0
176,22,3.00,12,18.66,23.63,23.68,0.0,0.00,0.0,0.0,,0.0
176,23,3.00,12,18.30,23.34,23.40,0.0,0.00,0.0,0.0,,0.0
176,24,3.00,12,19.12,23.13,23.18,0.0,0.00,0.0,0.0,,0.0
176,1,4.00,12,17.59,22.83,22.88,0.0,0.00,0.0,0.0,,0.0
176,2,4.00,12,17.48,22.56,22.61,0.0,0.00,0.0,0.0,,0.0
176,3,4.00,12,17.26,22.30,22.35,0.0,0.00,0.0,0.0,,0.0
176,4,4.00,12,17.24,22.06,22.11,0.0,0.00,0.0,0.0,,0.0
176,5,4.00,12,17.17,21.83,21.88,0.0,0.00,0.0,0.0,,0.0
176,6,4.00,12,18.53,21.69,21.75,0.0,0.00,0.0,-0.0,,0.0
176,7,4.00,12,19.61,21.61,21.66,0.0,0.00,0.0,-0.0,,0.0
176,8,4.00,12,20.25,22.23,22.28,0.0,0.00,0.0,-0.0,,0.0
176,9,4.00,12,20.26,22.49,22.54,0.0,0.00,0.0,-0.0,,0.0
176,10,4.00,12,21.05,22.77,22.82,0.0,0.00,0.0,-0.0,,0.0
176,11,4.00,12,21.73,23.10,23.15,0.0,0.00,0.0,-0.0,,0.0
176,12,4.00,12,22.32,23.48,23.53,0.0,0.00,0.0,-0.0,,0.0
176,13,4.00,12,22.47,23.88,23.93,0.0,0.00,0.0,-0.0,,0.0
176,14,4.00,12,22.67,24.28,24.33,0.0,0.00,0.0,0.0,,0.0
176,15,4.00,12,22.50,24.66,24.70,0.0,0.00,0.0,0.0,,0.0
176,16,4.00,12,22.60,25.00,25.05,0.0,0.00,0.0,0.0,,0.0
176,17,4.00,12,22.52,25.28,25.33,0.0,0.00,0.0,0.0,,0.0
176,18,4.00,12,23.07,25.53,25.57,0.0,0.00,0.0,0.0,,0.0
176,19,4.00,12,22.17,24.98,25.02,0.0,0.00,0.0,0.0,,0.0
176,20,4.00,12,21.29,24.69,24.74,0.0,0.00,0.0,0.0,,0.0
176,21,4.00,12,20.85,24.44,24.49,0.0,0.00,0.0,0.0,,0.0
176,22,4.00,12,20.95,24.22,24.27,0.0,0.00,0.0,0.0,,0.0
176,23,4.00,12,20.61,24.00,24.04,0.0,0.00,0.0,-0.0,,0.0
176,24,4.00,12,20.72,23.79,23.84,0.0,0.00,0.0,-0.0,,0.0
176,1,5.00,12,19.50,23.53,23.58,0.0,0.00,0.0,-0.0,,0.0
176,2,5.00,12,18.83,23.27,23.31,0.0,0.00,0.0,0.0,,0.0
176,3,5.00,12,19.00,23.04,23.08,0.0,0.00,0.0,0.0,,0.0
176,4,5.00,12,19.14,22.83,22.88,0.0,0.00,0.0,0.0,,0.0
176,5,5.00,12,19.60,22.67,22.71,0.0,0.00,0.0,0.0,,0.0
176,6,5.00,12,19.85,22.52,22.56,0.0,0.00,0.0,0.0,,0.0
176,7,5.00,12,19.31,22.34,22.39,0.0,0.00,0.0,0.0,,0.0
176,8,5.00,12,19.35,22.70,22.74,0.0,0.00,0.0,0.0,,0.0
176,9,5.00,12,20.58,22.94,22.98,0.0,0.00,0.0,0.0,,0.0
176,10,5.00,12,21.75,23.25,23.29,0.0,0.00,0.0,0.0,,0.0
176,11,5.00,12,22.34,23.57,23.62,0.0,0.00,0.0,0.0,,0.0
176,12,5.00,12,23.20,23.98,24.02,0.0,0.00,0.0,0.0,,0.0
176,13,5.00,12,23.19,24.36,24.39,0.0,0.00,0.0,0.0,,0.0
176,14,5.00,12,22.99,24.70,24.74,0.0,0.00,0.0,0.0,,0.0
176,15,5.00,12,22.68,25.00,25.04,0.0,0.00,0.0,0.0,,0.0
176,16,5.00,12,22.94,25.31,25.35,0.0,0.00,0.0,0.0,,0.0
176,17,5.00,12,22.93,25.55,25.59,0.0,0.00,0.0,0.0,,0.0
176,18,5.00,12,22.97,25.74,25.77,0.0,0.00,0.0,0.0,,0.0
176,19,5.00,12,21.91,25.28,25.32,0.0,0.00,0.0,0.0,,0.0
176,20,5.00,12,21.26,25.01,25.05,0.0,0.00,0.0,0.0,,0.0
176,21,5.00,12,20.86,24.75,24.79,0.0,0.00,0.0,0.0,,0.0
176,22,5.00,12,20.76,24.51,24.55,0.0,0.00,0.0,0.0,,0.0
176,23,5.00,12,20.75,24.28,24.32,0.0,0.00,0.0,0.0,,0.0
176,24,5.00,12,20.47,24.05,24.09,0.0,0.00,0.0,-0.0,,0.0
176,1,6.00,12,20.37,23.83,23.87,0.0,0.00,0.0,-0.0,,0.0
176,2,6.00,12,20.32,23.63,23.67,0.0,0.00,0.0,0.0,,0.0
176,3,6.00,12,20.47,23.44,23.48,0.0,0.00,0.0,0.0,,0.0
176,4,6.00,12,20.41,23.27,23.31,0.0,0.00,0.0,0.0,,0.0
176,5,6.00,12,20.87,23.13,23.17,0.0,0.00,0.0,0.0,,0.0
176,6,6.00,12,20.71,22.98,23.02,0.0,0.00,0.0,-0.0,,0.0
176,7,6.00,12,20.70,22.85,22.89,0.0,0.00,0.0,0.0,,0.0
176,8,6.00,12,21.05,23.30,23.33,0.0,0.00,0.0,0.0,,0.0
176,9,6.00,12,21.91,23.56,23.60,0.0,0.00,0.0,0.0,,0.0
176,10,6.00,12,22.19,23.80,23.83,0.0,0.00,0.0,0.0,,0.0
176,11,6.00,12,22.62,24.09,24.12,0.0,0.00,0.0,0.0,,0.0
176,12,6.00,12,23.36,24.46,24.50,0.0,0.00,0.0,0.0,,0.0
176,13,6.00,12,23.64,24.84,24.87,0.0,0.00,0.0,0.0,,0.0
176,14,6.00,12,23.98,25.23,25.26,0.0,0.00,0.0,0.0,,0.0
176,15,6.00,12,24.12,25.59,25.63,0.0,0.00,0.0,0.0,,0.0
176,16,6.00,12,24.24,25.92,25.96,0.0,0.00,0.0,0.0,,0.0
176,17,6.00,12,23.70,26.14,26.18,0.0,0.00,0.0,0.0,,0.0
176,18,6.00,12,23.05,26.25,26.29,0.0,0.00,0.0,0.0,,0.0
176,19,6.00,12,21.83,25.77,25.81,0.0,0.00,0.0,0.0,,0.0
176,20,6.00,12,20.41,25.42,25.46,0.0,0.00,0.0,0.0,,0.0
176,21,6.00,12,19.75,25.09,25.13,0.0,0.00,0.0,0.0,,0.0
176,22,6.00,12,19.31,24.77,24.80,0.0,0.00,0.0,0.0,,0.0
176,23,6.00,12,18.72,24.43,24.47,0.0,0.00,0.0,0.0,,0.0
176,24,6.00,12,18.18,24.10,24.13,0.0,0.00,0.0,0.0,,0.0
176,1,7.00,12,18.01,23.78,23.82,0.0,0.00,0.0,0.0,,0.0
176,2,7.00,12,17.83,23.48,23.52,0.0,0.00,0.0,0.0,,0.0
176,3,7.00,12,17.77,23.20,23.24,0.0,0.00,0.0,0.0,,0.0
176,4,7.00,12,17.25,22.91,22.95,0.0,0.00,0.0,0.0,,0.0
176,5,7.00,12,17.53,22.66,22.70,0.0,0.00,0.0,0.0,,0.0
176,6,7.00,12,17.06,22.40,22.43,0.0,0.00,0.0,0.0,,0.0
176,7,7.00,12,17.27,22.17,22.20,0.0,0.00,0.0,0.0,,0.0
176,8,7.00,12,17.82,22.44,22.47,0.0,0.00,0.0,0.0,,0.0
176,9,7.00,12,18.72,22.60,22.64,0.0,0.00,0.0,0.0,,0.0
176,10,7.00,12,19.58,22.82,22.85,0.0,0.00,0.0,0.0,,0.0
176,11,7.00,12,20.27,23.09,23.12,0.0,0.00,0.0,0.0,,0.0
176,12,7.00,12,21.20,23.45,23.48,0.0,0.00,0.0,0.0,,0.0
176,13,7.00,12,21.71,23.83,23.86,0.0,0.00,0.0,0.0,,0.0
176,14,7.00,12,22.43,24.24,24.27,0.0,0.00,0.0,0.0,,0.0
176,15,7.00,12,22.62,24.61,24.64,0.0,0.00,0.0,0.0,,0.0
176,16,7.00,12,22.90,24.96,24.99,0.0,0.00,0.0,0.0,,0.0
176,17,7.00,12,22.68,25.22,25.25,0.0,0.00,0.0,0.0,,0.0
176,18,7.00,12,22.24,25.37,25.40,0.0,0.00,0.0,0.0,,0.0
176,19,7.00,12,21.37,24.93,24.96,0.0,0.00,0.0,0.0,,0.0
176,20,7.00,12,20.56,24.66,24.69,0.0,0.00,0.0,0.0,,0.0
176,21,7.00,12,19.91,24.38,24.42,0.0,0.00,0.0,0.0,,0.0
176,22,7.00,12,20.01,24.14,24.17,0.0,0.00,0.0,0.0,,0.0
176,23,7.00,12,19.53,23.88,23.91,0.0,0.00,0.0,0.0,,0.0
176,24,7.00,12,19.45,23.64,23.67,0.0,0.00,0.0,0.0,,0.0
176,1,1.00,12,18.80,23.38,23.41,0.0,0.00,0.0,-0.0,,0.0
176,2,1.00,12,18.05,23.10,23.13,0.0,0.00,0.0,-0.0,,0.0
176,3,1.00,12,17.96,22.84,22.88,0.0,0.00,0.0,0.0,,0.0
176,4,1.00,12,17.12,22.56,22.59,0.0,0.00,0.0,0.0,,0.0
176,5,1.00,12,17.09,22.30,22.33,0.0,0.00,0.0,0.0,,0.0
176,6,1.00,12,17.05,22.06,22.09,0.0,0.00,0.0,0.0,,0.0
176,7,1.00,12,17.44,21.86,21.89,0.0,0.00,0.0,-0.0,,0.0
176,8,1.00,12,17.42,22.12,22.15,0.0,0.00,0.0,-8.85,,-8.85
176,9,1.00,12,18.32,22.28,22.31,0.0,0.00,0.0,-72.95,,-72.95
176,10,1.00,12,20.61,22.63,22.67,0.0,0.00,0.0,-171.75,,-171.75
176,11,1.00,12,22.12,23.06,23.09,0.0,0.00,0.0,-154.27,,-154.27
176,12,1.00,12,22.87,23.50,23.53,0.0,0.00,0.0,-189.02,,-189.02
176,13,1.00,12,22.81,23.89,23.92,0.0,0.00,0.0,0.0,,0.0
176,14,1.00,12,22.87,24.28,24.31,0.0,0.00,0.0,0.0,,0.0
176,15,1.00,12,22.66,24.62,24.65,0.0,0.00,0.0,0.0,,0.0
176,16,1.00,12,22.37,24.91,24.94,0.0,0.00,0.0,0.0,,0.0
176,17,1.00,12,21.88,25.11,25.14,0.0,0.00,0.0,0.0,,0.0
176,18,1.00,12,21.43,25.22,25.25,0.0,0.00,0.0,0.0,,0.0
176,19,1.00,12,20.33,24.77,24.80,0.0,0.00,0.0,0.0,,0.0
176,20,1.00,12,18.98,24.43,24.46,0.0,0.00,0.0,0.0,,0.0
176,21,1.00,12,18.35,24.11,24.14,0.0,0.00,0.0,0.0,,0.0
176,22,1.00,12,17.72,23.77,23.80,0.0,0.00,0.0,0.0,,0.0
176,23,1.00,12,16.99,23.43,23.46,0.0,0.00,0.0,0.0,,0.0
176,24,1.00,12,17.24,23.13,23.16,0.0,0.00,0.0,0.0,,0.0
176,1,2.00,12,16.77,22.82,22.85,0.0,0.00,0.0,0.0,,0.0
176,2,2.00,12,16.21,22.50,22.54,0.0,0.00,0.0,0.0,,0.0
176,3,2.00,12,15.79,22.19,22.23,0.0,0.00,0.0,0.0,,0.0
176,4,2.00,12,15.45,21.89,21.92,0.0,0.00,0.0,0.0,,0.0
176,5,2.00,12,15.57,21.62,21.65,0.0,0.00,0.0,0.0,,0.0
176,6,2.00,12,14.70,21.32,21.35,0.0,0.00,0.0,0.0,,0.0
176,7,2.00,12,14.34,21.02,21.05,0.0,0.00,0.0,0.0,,0.0
176,8,2.00,12,15.07,21.19,21.78,1436.48,0.00,0.0,0.0,,1436.48
176,9,2.00,12,16.81,21.38,21.78,536.59,0.00,0.0,0.0,,536.59
176,10,2.00,12,18.42,21.66,21.83,0.0,0.00,0.0,0.0,,0.0
176,11,2.00,12,20.06,22.06,22.18,0.0,0.00,0.0,0.0,,0.0
176,12,2.00,12,21.03,22.49,22.59,0.0,0.00,0.0,0.0,,0.0
176,13,2.00,12,21.48,22.92,23.02,0.0,0.00,0.0,0.0,,0.0
176,14,2.00,12,22.02,23.36,23.45,0.0,0.00,0.0,0.0,,0.0
176,15,2.00,12,22.40,23.79,23.88,0.0,0.00,0.0,0.0,,0.0
176,16,2.00,12,22.73,24.19,24.27,0.0,0.00,0.0,0.0,,0.0
176,17,2.00,12,22.55,24.49,24.57,0.0,0.00,0.0,0.0,,0.0
176,18,2.00,12,21.95,24.67,24.74,0.0,0.00,0.0,0.0,,0.0
176,19,2.00,12,21.29,24.25,24.33,0.0,0.00,0.0,0.0,,0.0
176,20,2.00,12,20.23,23.99,24.07,0.0,0.00,0.0,0.0,,0.0
176,21,2.00,12,19.53,23.74,23.81,0.0,0.00,0.0,0.0,,0.0
176,22,2.00,12,19.62,23.51,23.59,0.0,0.00,0.0,0.0,,0.0
176,23,2.00,12,19.37,23.29,23.36,0.0,0.00,0.0,-0.0,,0.0
176,24,2.00,12,19.48,23.08,23.15,0.0,0.00,0.0,-0.0,,0.0
176,1,3.00,12,19.38,22.89,22.95,0.0,0.00,0.0,-0.0,,0.0
176,2,3.00,12,19.26,22.70,22.76,0.0,0.00,0.0,-0.0,,0.0
176,3,3.00,12,19.40,22.53,22.59,0.0,0.00,0.0,-0.0,,0.0
176,4,3.00,12,19.00,22.34,22.40,0.0,0.00,0.0,0.0,,0.0
176,5,3.00,12,19.40,22.20,22.26,0.0,0.00,0.0,0.0,,0.0
176,6,3.00,12,18.13,21.98,22.04,0.0,0.00,0.0,-0.0,,0.0
176,7,3.00,12,17.33,21.75,21.81,0.0,0.00,0.0,-0.0,,0.0
176,8,3.00,12,17.35,22.23,22.28,0.0,0.00,0.0,0.0,,0.0
176,9,3.00,12,18.95,22.47,22.52,0.0,0.00,0.0,-0.0,,0.0
176,10,3.00,12,20.32,22.74,22.79,0.0,0.00,0.0,-0.0,,0.0
176,11,3.00,12,21.60,23.09,23.14,0.0,0.00,0.0,-0.0,,0.0
176,12,3.00,12,22.09,23.47,23.52,0.0,0.00,0.0,-0.0,,0.0
176,13,3.00,12,22.03,23.86,23.91,0.0,0.00,0.0,0.0,,0.0
176,14,3.00,12,22.16,24.25,24.30,0.0,0.00,0.0,0.0,,0.0
176,15,3.00,12,22.05,24.61,24.66,0.0,0.00,0.0,0.0,,0.0
176,16,3.00,12,21.78,24.93,24.97,0.0,0.00,0.0,0.0,,0.0
176,17,3.00,12,21.21,25.16,25.21,0.0,0.00,0.0,0.0,,0.0
176,18,3.00,12,20.58,25.30,25.34,0.0,0.00,0.0,0.0,,0.0
176,19,3.00,12,19.92,24.68,24.72,0.0,0.00,0.0,0.0,,0.0
176,20,3.00,12,19.31,24.34,24.39,0.0,0.00,0.0,0.0,,0.0
176,21,3.00,12,19.00,24.05,24.10,0.0,0.00,0.0,0.0,,0.0
176,22,3.00,12,19.19,23.80,23.84,0.0,0.00,0.0,0.0,,0.0
176,23,3.00,12,19.37,23.57,23.61,0.0,0.00,0.0,0.0,,0.0
176,24,3.00,12,18.88,23.32,23.36,0.0,0.00,0.0,0.0,,0.0
176,1,4.00,12,19.19,23.11,23.15,0.0,0.00,0.0,0.0,,0.0
176,2,4.00,12,18.79,22.89,22.93,0.0,0.00,0.0,0.0,,0.0
176,3,4.00,12,18.63,22.67,22.71,0.0,0.00,0.0,0.0,,0.0
176,4,4.00,12,18.11,22.45,22.49,0.0,0.00,0.0,0.0,,0.0
176,5,4.00,12,18.51,22.26,22.30,0.0,0.00,0.0,0.0,,0.0
176,6,4.00,12,18.35,22.08,22.12,0.0,0.00,0.0,0.0,,0.0
176,7,4.00,12,18.44,21.91,21.95,0.0,0.00,0.0,0.0,,0.0
176,8,4.00,12,18.89,22.45,22.49,0.0,0.00,0.0,0.0,,0.0
176,9,4.00,12,20.16,22.73,22.77,0.0,0.00,0.0,-0.0,,0.0
176,10,4.00,12,20.83,22.99,23.03,0.0,0.00,0.0,-0.0,,0.0
176,11,4.00,12,21.55,23.32,23.35,0.0,0.00,0.0,-0.0,,0.0
176,12,4.00,12,22.03,23.69,23.72,0.0,0.00,0.0,-0.0,,0.0
176,13,4.00,12,22.02,24.06,24.10,0.0,0.00,0.0,0.0,,0.0
176,14,4.00,12,22.34,24.45,24.49,0.0,0.00,0.0,0.0,,0.0
176,15,4.00,12,21.94,24.79,24.83,0.0,0.00,0.0,0.0,,0.0
176,16,4.00,12,21.76,25.10,25.13,0.0,0.00,0.0,0.0,,0.0
176,17,4.00,12,21.12,25.32,25.35,0.0,0.00,0.0,0.0,,0.0
176,18,4.00,12,20.52,25.45,25.48,0.0,0.00,0.0,0.0,,0.0
176,19,4.00,12,19.96,24.82,24.86,0.0,0.00,0.0,0.0,,0.0
176,20,4.00,12,19.64,24.50,24.54,0.0,0.00,0.0,0.0,,0.0
176,21,4.00,12,19.11,24.21,24.24,0.0,0.00,0.0,0.0,,0.0
176,22,4.00,12,19.00,23.93,23.96,0.0,0.00,0.0,0.0,,0.0
176,23,4.00,12,18.68,23.65,23.69,0.0,0.00,0.0,0.0,,0.0
176,24,4.00,12,17.93,23.36,23.39,0.0,0.00,0.0,0.0,,0.0
176,1,5.00,12,18.11,23.10,23.13,0.0,0.00,0.0,0.0,,0.0
176,2,5.00,12,17.39,22.82,22.85,0.0,0.00,0.0,0.0,,0.0
176,3,5.00,12,16.99,22.54,22.57,0.0,0.00,0.0,0.0,,0.0
176,4,5.00,12,16.44,22.25,22.28,0.0,0.00,0.0,0.0,,0.0
176,5,5.00,12,16.22,21.98,22.01,0.0,0.00,0.0,0.0,,0.0
176,6,5.00,12,15.79,21.70,21.74,0.0,0.00,0.0,0.0,,0.0
176,7,5.00,12,15.58,21.44,21.47,0.0,0.00,0.0,0.0,,0.0
176,8,5.00,12,15.46,21.58,21.78,429.85,0.00,0.0,0.0,,429.85
176,9,5.00,12,17.32,21.77,21.85,0.0,0.00,0.0,0.0,,0.0
176,10,5.00,12,18.83,22.05,22.10,0.0,0.00,0.0,0.0,,0.0
176,11,5.00,12,20.18,22.41,22.46,0.0,0.00,0.0,0.0,,0.0
176,12,5.00,12,21.30,22.84,22.88,0.0,0.00,0.0,0.0,,0.0
176,13,5.00,12,21.89,23.27,23.32,0.0,0.00,0.0,0.0,,0.0
176,14,5.00,12,22.78,23.75,23.79,0.0,0.00,0.0,0.0,,0.0
176,15,5.00,12,22.21,24.10,24.14,0.0,0.00,0.0,0.0,,0.0
176,16,5.00,12,21.83,24.39,24.43,0.0,0.00,0.0,0.0,,0.0
176,17,5.00,12,21.26,24.60,24.63,0.0,0.00,0.0,0.0,,0.0
176,18,5.00,12,20.45,24.68,24.72,0.0,0.00,0.0,0.0,,0.0
176,19,5.00,12,19.91,24.26,24.30,0.0,0.00,0.0,0.0,,0.0
176,20,5.00,12,19.50,24.00,24.04,0.0,0.00,0.0,0.0,,0.0
176,21,5.00,12,19.17,23.75,23.79,0.0,0.00,0.0,0.0,,0.0
176,22,5.00,12,18.69,23.48,23.52,0.0,0.00,0.0,0.0,,0.0
176,23,5.00,12,18.16,23.21,23.24,0.0,0.00,0.0,0.0,,0.0
176,24,5.00,12,17.28,22.90,22.94,0.0,0.00,0.0,0.0,,0.0
176,1,6.00,12,17.90,22.67,22.71,0.0,0.00,0.0,0.0,,0.0
176,2,6.00,12,17.60,22.43,22.46,0.0,0.00,0.0,0.0,,0.0
176,3,6.00,12,17.25,22.18,22.22,0.0,0.00,0.0,0.0,,0.0
176,4,6.00,12,16.15,21.90,21.93,0.0,0.00,0.0,0.0,,0.0
176,5,6.00,12,15.60,21.61,21.64,0.0,0.00,0.0,0.0,,0.0
176,6,6.00,12,16.35,21.40,21.43,0.0,0.00,0.0,0.0,,0.0
176,7,6.00,12,16.89,21.22,21.25,0.0,0.00,0.0,0.0,,0.0
176,8,6.00,12,17.72,21.77,21.80,0.0,0.00,0.0,0.0,,0.0
176,9,6.00,12,20.20,22.11,22.15,0.0,0.00,0.0,0.0,,0.0
176,10,6.00,12,21.15,22.44,22.47,0.0,0.00,0.0,0.0,,0.0
176,11,6.00,12,21.93,22.82,22.85,0.0,0.00,0.0,0.0,,0.0
176,12,6.00,12,23.22,23.28,23.31,0.0,0.00,0.0,0.0,,0.0
176,13,6.00,12,23.37,23.74,23.77,0.0,0.00,0.0,0.0,,0.0
176,14,6.00,12,23.79,24.21,24.24,0.0,0.00,0.0,0.0,,0.0
176,15,6.00,12,24.08,24.67,24.70,0.0,0.00,0.0,0.0,,0.0
176,16,6.00,12,24.33,25.10,25.13,0.0,0.00,0.0,0.0,,0.0
176,17,6.00,12,23.46,25.41,25.44,0.0,0.00,0.0,0.0,,0.0
176,18,6.00,12,22.74,25.61,25.64,0.0,0.00,0.0,0.0,,0.0
176,19,6.00,12,21.82,25.05,25.08,0.0,0.00,0.0,0.0,,0.0
176,20,6.00,12,20.59,24.73,24.76,0.0,0.00,0.0,0.0,,0.0
176,21,6.00,12,19.64,24.42,24.45,0.0,0.00,0.0,0.0,,0.0
176,22,6.00,12,19.25,24.13,24.16,0.0,0.00,0.0,0.0,,0.0
176,23,6.00,12,19.04,23.86,23.89,0.0,0.00,0.0,0.0,,0.0
176,24,6.00,12,18.44,23.57,23.59,0.0,0.00,0.0,0.0,,0.0
176,1,7.00,12,18.22,23.29,23.32,0.0,0.00,0.0,0.0,,0.0
176,2,7.00,12,17.62,23.00,23.03,0.0,0.00,0.0,0.0,,0.0
176,3,7.00,12,16.94,22.71,22.73,0.0,0.00,0.0,0.0,,0.0
176,4,7.00,12,16.33,22.40,22.43,0.0,0.00,0.0,0.0,,0.0
176,5,7.00,12,16.02,22.11,22.14,0.0,0.00,0.0,0.0,,0.0
176,6,7.00,12,15.64,21.82,21.85,0.0,0.00,0.0,0.0,,0.0
176,7,7.00,12,15.23,21.53,21.56,0.0,0.00,0.0,0.0,,0.0
176,8,7.00,12,16.42,22.01,22.04,0.0,0.00,0.0,0.0,,0.0
176,9,7.00,12,18.61,22.28,22.30,0.0,0.00,0.0,0.0,,0.0
176,10,7.00,12,20.35,22.58,22.60,0.0,0.00,0.0,0.0,,0.0
176,11,7.00,12,21.91,22.96,22.99,0.0,0.00,0.0,0.0,,0.0
176,12,7.00,12,22.93,23.41,23.44,0.0,0.00,0.0,0.0,,0.0
176,13,7.00,12,23.47,23.88,23.91,0.0,0.00,0.0,0.0,,0.0
176,14,7.00,12,24.52,24.39,24.42,0.0,0.00,0.0,0.0,,0.0
176,15,7.00,12,24.45,24.85,24.88,0.0,0.00,0.0,0.0,,0.0
176,16,7.00,12,24.39,25.27,25.30,0.0,0.00,0.0,0.0,,0.0
176,17,7.00,12,24.13,25.61,25.64,0.0,0.00,0.0,0.0,,0.0
176,18,7.00,12,23.68,25.85,25.88,0.0,0.00,0.0,0.0,,0.0
176,19,7.00,12,23.06,25.33,25.36,0.0,0.00,0.0,0.0,,0.0
176,20,7.00,12,22.22,25.07,25.10,0.0,0.00,0.0,0.0,,0.0
176,21,7.00,12,21.94,24.86,24.88,0.0,0.00,0.0,0.0,,0.0
176,22,7.00,12,21.33,24.62,24.65,0.0,0.00,0.0,0.0,,0.0
176,23,7.00,12,22.18,24.47,24.49,0.0,0.00,0.0,-0.0,,0.0
176,24,7.00,12,21.73,24.28,24.31,0.0,0.00,0.0,-0.0,,0.0
176,1,1.00,1,21.77,24.11,24.14,0.0,0.00,0.0,-0.0,,0.0
176,2,1.00,1,22.13,23.98,24.00,0.0,0.00,0.0,-0.0,,0.0
176,3,1.00,1,21.44,23.80,23.83,0.0,0.00,0.0,-0.0,,0.0
176,4,1.00,1,20.83,23.62,23.64,0.0,0.00,0.0,-0.0,,0.0
176,5,1.00,1,21.15,23.47,23.49,0.0,0.00,0.0,-0.0,,0.0
176,6,1.00,1,20.72,23.30,23.33,0.0,0.00,0.0,-0.0,,0.0
176,7,1.00,1,20.53,23.14,23.16,0.0,0.00,0.0,-0.0,,0.0
176,8,1.00,1,20.78,23.53,23.55,0.0,0.00,0.0,0.0,,0.0
176,9,1.00,1,21.96,23.78,23.80,0.0,0.00,0.0,0.0,,0.0
176,10,1.00,1,22.88,24.06,24.08,0.0,0.00,0.0,-149.56,,-149.56
176,11,1.00,1,23.84,24.41,24.44,0.0,0.00,0.0,0.0,,0.0
176,12,1.00,1,23.69,24.74,24.76,0.0,0.00,0.0,0.0,,0.0
176,13,1.00,1,23.55,25.06,25.09,0.0,0.00,0.0,0.0,,0.0
176,14,1.00,1,23.78,25.42,25.44,0.0,0.00,0.0,0.0,,0.0
176,15,1.00,1,23.94,25.77,25.79,0.0,0.00,0.0,0.0,,0.0
176,16,1.00,1,24.05,26.09,26.11,0.0,0.00,0.0,0.0,,0.0
176,17,1.00,1,22.71,26.22,26.24,0.0,0.00,0.0,0.0,,0.0
176,18,1.00,1,21.22,26.20,26.22,0.0,0.00,0.0,0.0,,0.0
176,19,1.00,1,19.30,25.67,25.69,0.0,0.00,0.0,0.0,,0.0
176,20,1.00,1,17.29,25.22,25.24,0.0,0.00,0.0,0.0,,0.0
176,21,1.00,1,15.74,24.74,24.76,0.0,0.00,0.0,0.0,,0.0
176,22,1.00,1,14.48,24.23,24.25,0.0,0.00,0.0,0.0,,0.0
176,23,1.00,1,15.24,23.82,23.84,0.0,0.00,0.0,0.0,,0.0
176,24,1.00,1,15.48,23.44,23.47,0.0,0.00,0.0,0.0,,0.0
176,1,2.00,1,15.80,23.10,23.13,0.0,0.00,0.0,0.0,,0.0
176,2,2.00,1,16.02,22.79,22.82,0.0,0.00,0.0,0.0,,0.0
176,3,2.00,1,16.17,22.51,22.53,0.0,0.00,0.0,0.0,,0.0
176,4,2.00,1,16.90,22.28,22.30,0.0,0.00,0.0,0.0,,0.0
176,5,2.00,1,17.50,22.09,22.11,0.0,0.00,0.0,0.0,,0.0
176,6,2.00,1,17.57,21.91,21.93,0.0,0.00,0.0,0.0,,0.0
176,7,2.00,1,17.95,21.75,21.77,0.0,0.00,0.0,0.0,,0.0
176,8,2.00,1,17.87,22.05,22.41,860.64,0.00,0.0,0.0,,860.64
176,9,2.00,1,19.02,22.26,22.41,80.58,0.00,0.0,0.0,,80.58
176,10,2.00,1,20.71,22.58,22.66,0.0,0.00,0.0,0.0,,0.0
176,11,2.00,1,22.04,22.99,23.05,0.0,0.00,0.0,-110.25,,-110.25
176,12,2.00,1,23.02,23.44,23.50,0.0,0.00,0.0,0.0,,0.0
176,13,2.00,1,23.24,23.88,23.93,0.0,0.00,0.0,0.0,,0.0
176,14,2.00,1,23.92,24.35,24.40,0.0,0.00,0.0,0.0,,0.0
176,15,2.00,1,23.36,24.71,24.76,0.0,0.00,0.0,0.0,,0.0
176,16,2.00,1,22.39,24.97,25.02,0.0,0.00,0.0,0.0,,0.0
176,17,2.00,1,21.59,25.14,25.18,0.0,0.00,0.0,0.0,,0.0
176,18,2.00,1,20.66,25.19,25.23,0.0,0.00,0.0,0.0,,0.0
176,19,2.00,1,19.04,24.70,24.75,0.0,0.00,0.0,0.0,,0.0
176,20,2.00,1,17.49,24.33,24.37,0.0,0.00,0.0,0.0,,0.0
176,21,2.00,1,16.27,23.93,23.97,0.0,0.00,0.0,0.0,,0.0
176,22,2.00,1,15.60,23.52,23.57,0.0,0.00,0.0,0.0,,0.0
176,23,2.00,1,16.15,23.19,23.23,0.0,0.00,0.0,0.0,,0.0
176,24,2.00,1,16.70,22.90,22.94,0.0,0.00,0.0,0.0,,0.0
176,1,3.00,1,17.11,22.64,22.68,0.0,0.00,0.0,0.0,,0.0
176,2,3.00,1,17.30,22.41,22.45,0.0,0.00,0.0,0.0,,0.0
176,3,3.00,1,17.45,22.20,22.23,0.0,0.00,0.0,0.0,,0.0
176,4,3.00,1,17.48,21.99,22.03,0.0,0.00,0.0,0.0,,0.0
176,5,3.00,1,17.65,21.81,21.85,0.0,0.00,0.0,0.0,,0.0
176,6,3.00,1,17.70,21.64,21.67,0.0,0.00,0.0,0.0,,0.0
176,7,3.00,1,17.64,21.47,21.51,0.0,0.00,0.0,0.0,,0.0
176,8,3.00,1,18.05,21.82,22.41,1433.28,0.00,0.0,0.0,,1433.28
176,9,3.00,1,19.23,22.05,22.41,422.31,0.00,0.0,0.0,,422.31
176,10,3.00,1,20.91,22.39,22.55,0.0,0.00,0.0,-35.86,,-35.86
176,11,3.00,1,22.67,22.86,22.97,0.0,0.00,0.0,-319.56,,-319.56
176,12,3.00,1,23.25,23.31,23.41,0.0,0.00,0.0,0.0,,0.0
176,13,3.00,1,23.23,23.73,23.83,0.0,0.00,0.0,0.0,,0.0
176,14,3.00,1,23.60,24.18,24.27,0.0,0.00,0.0,-69.46,,-69.46
176,15,3.00,1,23.31,24.56,24.65,0.0,0.00,0.0,0.0,,0.0
176,16,3.00,1,22.99,24.89,24.97,0.0,0.00,0.0,0.0,,0.0
176,17,3.00,1,22.67,25.14,25.21,0.0,0.00,0.0,0.0,,0.0
176,18,3.00,1,21.95,25.27,25.34,0.0,0.00,0.0,0.0,,0.0
176,19,3.00,1,21.40,24.85,24.92,0.0,0.00,0.0,0.0,,0.0
176,20,3.00,1,20.71,24.61,24.68,0.0,0.00,0.0,0.0,,0.0
176,21,3.00,1,20.27,24.36,24.43,0.0,0.00,0.0,0.0,,0.0
176,22,3.00,1,20.00,24.12,24.19,0.0,0.00,0.0,0.0,,0.0
176,23,3.00,1,20.63,23.93,24.00,0.0,0.00,0.0,0.0,,0.0
176,24,3.00,1,20.66,23.75,23.81,0.0,0.00,0.0,-0.0,,0.0
176,1,4.00,1,20.25,23.55,23.61,0.0,0.00,0.0,-0.0,,0.0
176,2,4.00,1,19.74,23.33,23.39,0.0,0.00,0.0,-0.0,,0.0
176,3,4.00,1,19.35,23.12,23.18,0.0,0.00,0.0,-0.0,,0.0
176,4,4.00,1,19.21,22.92,22.98,0.0,0.00,0.0,-0.0,,0.0
176,5,4.00,1,18.83,22.71,22.77,0.0,0.00,0.0,-0.0,,0.0
176,6,4.00,1,18.50,22.50,22.56,0.0,0.00,0.0,0.0,,0.0
176,7,4.00,1,18.21,22.30,22.35,0.0,0.00,0.0,0.0,,0.0
176,8,4.00,1,18.83,22.62,22.67,0.0,0.00,0.0,0.0,,0.0
176,9,4.00,1,20.45,22.88,22.93,0.0,0.00,0.0,0.0,,0.0
176,10,4.00,1,21.64,23.18,23.23,0.0,0.00,0.0,-169.48,,-169.48
176,11,4.00,1,22.56,23.54,23.58,0.0,0.00,0.0,0.0,,0.0
176,12,4.00,1,23.04,23.93,23.97,0.0,0.00,0.0,0.0,,0.0
176,13,4.00,1,23.37,24.33,24.37,0.0,0.00,0.0,0.0,,0.0
176,14,4.00,1,23.49,24.73,24.77,0.0,0.00,0.0,0.0,,0.0
176,15,4.00,1,23.50,25.10,25.13,0.0,0.00,0.0,0.0,,0.0
176,16,4.00,1,23.79,25.46,25.50,0.0,0.00,0.0,0.0,,0.0
176,17,4.00,1,23.14,25.69,25.72,0.0,0.00,0.0,0.0,,0.0
176,18,4.00,1,22.23,25.78,25.82,0.0,0.00,0.0,0.0,,0.0
176,19,4.00,1,21.18,25.33,25.37,0.0,0.00,0.0,0.0,,0.0
176,20,4.00,1,20.06,25.03,25.06,0.0,0.00,0.0,0.0,,0.0
176,21,4.00,1,18.91,24.69,24.73,0.0,0.00,0.0,0.0,,0.0
176,22,4.00,1,18.21,24.35,24.38,0.0,0.00,0.0,0.0,,0.0
176,23,4.00,1,18.31,24.04,24.08,0.0,0.00,0.0,0.0,,0.0
176,24,4.00,1,17.68,23.72,23.75,0.0,0.00,0.0,0.0,,0.0
176,1,5.00,1,16.94,23.38,23.42,0.0,0.00,0.0,0.0,,0.0
176,2,5.00,1,16.36,23.05,23.08,0.0,0.00,0.0,0.0,,0.0
176,3,5.00,1,15.94,22.72,22.75,0.0,0.00,0.0,0.0,,0.0
176,4,5.00,1,15.37,22.39,22.42,0.0,0.00,0.0,0.0,,0.0
176,5,5.00,1,16.02,22.12,22.15,0.0,0.00,0.0,0.0,,0.0
176,6,5.00,1,16.80,21.91,21.94,0.0,0.00,0.0,0.0,,0.0
176,7,5.00,1,17.70,21.75,21.78,0.0,0.00,0.0,0.0,,0.0
176,8,5.00,1,18.54,22.13,22.41,654.75,0.00,0.0,0.0,,654.75
176,9,5.00,1,20.04,22.41,22.51,0.0,0.00,0.0,-148.71,,-148.71
176,10,5.00,1,21.65,22.77,22.83,0.0,0.00,0.0,-299.4,,-299.4
176,11,5.00,1,23.32,23.24,23.29,0.0,0.00,0.0,-371.39,,-371.39
176,12,5.00,1,23.17,23.63,23.68,0.0,0.00,0.0,-114.7,,-114.7
176,13,5.00,1,23.01,24.01,24.06,0.0,0.00,0.0,0.0,,0.0
176,14,5.00,1,22.85,24.38,24.43,0.0,0.00,0.0,0.0,,0.0
176,15,5.00,1,22.55,24.71,24.75,0.0,0.00,0.0,-22.59,,-22.59
176,16,5.00,1,22.52,25.02,25.06,0.0,0.00,0.0,0.0,,0.0
176,17,5.00,1,22.75,25.30,25.34,0.0,0.00,0.0,0.0,,0.0
176,18,5.00,1,22.21,25.45,25.49,0.0,0.00,0.0,0.0,,0.0
176,19,5.00,1,21.19,25.01,25.05,0.0,0.00,0.0,0.0,,0.0
176,20,5.00,1,20.06,24.73,24.77,0.0,0.00,0.0,0.0,,0.0
176,21,5.00,1,19.44,24.44,24.48,0.0,0.00,0.0,0.0,,0.0
176,22,5.00,1,19.47,24.18,24.22,0.0,0.00,0.0,0.0,,0.0
176,23,5.00,1,18.98,23.91,23.94,0.0,0.00,0.0,0.0,,0.0
176,24,5.00,1,19.23,23.67,23.71,0.0,0.00,0.0,-0.0,,0.0
176,1,6.00,1,19.27,23.45,23.48,0.0,0.00,0.0,-0.0,,0.0
176,2,6.00,1,19.08,23.23,23.26,0.0,0.00,0.0,-0.0,,0.0
176,3,6.00,1,18.60,23.00,23.03,0.0,0.00,0.0,0.0,,0.0
176,4,6.00,1,17.80,22.74,22.77,0.0,0.00,0.0,0.0,,0.0
176,5,6.00,1,17.50,22.49,22.53,0.0,0.00,0.0,-0.0,,0.0
176,6,6.00,1,17.31,22.26,22.29,0.0,0.00,0.0,0.0,,0.0
176,7,6.00,1,17.74,22.06,22.10,0.0,0.00,0.0,-0.0,,0.0
176,8,6.00,1,18.66,22.59,22.63,0.0,0.00,0.0,0.0,,0.0
176,9,6.00,1,20.45,22.88,22.91,0.0,0.00,0.0,0.0,,0.0
176,10,6.00,1,21.89,23.18,23.21,0.0,0.00,0.0,0.0,,0.0
176,11,6.00,1,23.22,23.57,23.60,0.0,0.00,0.0,0.0,,0.0
176,12,6.00,1,23.70,23.99,24.02,0.0,0.00,0.0,0.0,,0.0
176,13,6.00,1,23.71,24.42,24.45,0.0,0.00,0.0,0.0,,0.0
176,14,6.00,1,23.49,24.83,24.86,0.0,0.00,0.0,0.0,,0.0
176,15,6.00,1,23.33,25.22,25.25,0.0,0.00,0.0,0.0,,0.0
176,16,6.00,1,22.94,25.55,25.58,0.0,0.00,0.0,0.0,,0.0
176,17,6.00,1,22.80,25.83,25.86,0.0,0.00,0.0,0.0,,0.0
176,18,6.00,1,22.21,26.00,26.03,0.0,0.00,0.0,0.0,,0.0
176,19,6.00,1,21.66,25.43,25.46,0.0,0.00,0.0,0.0,,0.0
176,20,6.00,1,20.81,25.13,25.16,0.0,0.00,0.0,0.0,,0.0
176,21,6.00,1,20.76,24.89,24.91,0.0,0.00,0.0,0.0,,0.0
176,22,6.00,1,20.92,24.66,24.69,0.0,0.00,0.0,0.0,,0.0
176,23,6.00,1,21.63,24.49,24.52,0.0,0.00,0.0,-0.0,,0.0
176,24,6.00,1,21.68,24.32,24.35,0.0,0.00,0.0,-0.0,,0.0
176,1,7.00,1,21.98,24.18,24.20,0.0,0.00,0.0,-0.0,,0.0
176,2,7.00,1,21.97,24.04,24.06,0.0,0.00,0.0,-0.0,,0.0
176,3,7.00,1,21.91,23.90,23.92,0.0,0.00,0.0,-0.0,,0.0
176,4,7.00,1,21.75,23.76,23.79,0.0,0.00,0.0,-0.0,,0.0
176,5,7.00,1,21.65,23.63,23.65,0.0,0.00,0.0,-0.0,,0.0
176,6,7.00,1,21.64,23.51,23.53,0.0,0.00,0.0,-0.0,,0.0
176,7,7.00,1,21.85,23.40,23.42,0.0,0.00,0.0,-0.0,,0.0
176,8,7.00,1,21.66,23.95,23.97,0.0,0.00,0.0,0.0,,0.0
176,9,7.00,1,22.21,24.19,24.22,0.0,0.00,0.0,0.0,,0.0
176,10,7.00,1,22.89,24.44,24.46,0.0,0.00,0.0,0.0,,0.0
176,11,7.00,1,23.70,24.75,24.78,0.0,0.00,0.0,0.0,,0.0
176,12,7.00,1,23.61,25.08,25.11,0.0,0.00,0.0,0.0,,0.0
176,13,7.00,1,23.83,25.45,25.48,0.0,0.00,0.0,0.0,,0.0
176,14,7.00,1,23.65,25.81,25.83,0.0,0.00,0.0,0.0,,0.0
176,15,7.00,1,23.50,26.15,26.17,0.0,0.00,0.0,0.0,,0.0
176,16,7.00,1,22.96,26.43,26.45,0.0,0.00,0.0,0.0,,0.0
176,17,7.00,1,22.18,26.62,26.64,0.0,0.00,0.0,0.0,,0.0
176,18,7.00,1,21.26,26.71,26.73,0.0,0.00,0.0,0.0,,0.0
176,19,7.00,1,20.52,26.05,26.07,0.0,0.00,0.0,0.0,,0.0
176,20,7.00,1,19.69,25.67,25.69,0.0,0.00,0.0,0.0,,0.0
176,21,7.00,1,19.07,25.32,25.34,0.0,0.00,0.0,0.0,,0.0
176,22,7.00,1,18.93,24.99,25.01,0.0,0.00,0.0,0.0,,0.0
176,23,7.00,1,18.23,24.64,24.66,0.0,0.00,0.0,0.0,,0.0
176,24,7.00,1,17.70,24.29,24.31,0.0,0.00,0.0,0.0,,0.0
176,1,1.00,1,17.43,23.96,23.98,0.0,0.00,0.0,0.0,,0.0
176,2,1.00,1,17.08,23.63,23.65,0.0,0.00,0.0,0.0,,0.0
176,3,1.00,1,17.51,23.36,23.38,0.0,0.00,0.0,0.0,,0.0
176,4,1.00,1,18.22,23.14,23.16,0.0,0.00,0.0,0.0,,0.0
176,5,1.00,1,18.65,22.95,22.97,0.0,0.00,0.0,0.0,,0.0
176,6,1.00,1,18.95,22.78,22.80,0.0,0.00,0.0,-0.0,,0.0
176,7,1.00,1,18.86,22.60,22.62,0.0,0.00,0.0,-0.0,,0.0
176,8,1.00,1,19.03,22.92,22.94,0.0,0.00,0.0,-113.04,,-113.04
176,9,1.00,1,19.99,23.12,23.14,0.0,0.00,0.0,-232.13,,-232.13
176,10,1.00,1,21.35,23.41,23.42,0.0,0.00,0.0,-249.71,,-249.71
176,11,1.00,1,22.54,23.78,23.79,0.0,0.00,0.0,-120.23,,-120.23
176,12,1.00,1,22.73,24.13,24.15,0.0,0.00,0.0,0.0,,0.0
176,13,1.00,1,23.22,24.53,24.55,0.0,0.00,0.0,0.0,,0.0
176,14,1.00,1,23.76,24.96,24.98,0.0,0.00,0.0,0.0,,0.0
176,15,1.00,1,23.99,25.36,25.38,0.0,0.00,0.0,-10.29,,-10.29
176,16,1.00,1,23.85,25.70,25.72,0.0,0.00,0.0,0.0,,0.0
176,17,1.00,1,23.53,25.96,25.97,0.0,0.00,0.0,0.0,,0.0
176,18,1.00,1,22.85,26.09,26.10,0.0,0.00,0.0,0.0,,0.0
176,19,1.00,1,22.04,25.66,25.67,0.0,0.00,0.0,0.0,,0.0
176,20,1.00,1,21.29,25.40,25.41,0.0,0.00,0.0,0.0,,0.0
176,21,1.00,1,20.87,25.14,25.16,0.0,0.00,0.0,0.0,,0.0
176,22,1.00,1,20.88,24.91,24.92,0.0,0.00,0.0,0.0,,0.0
176,23,1.00,1,20.40,24.65,24.67,0.0,0.00,0.0,0.0,,0.0
176,24,1.00,1,20.95,24.45,24.47,0.0,0.00,0.0,-0.0,,0.0
176,1,2.00,1,21.03,24.26,24.28,0.0,0.00,0.0,-0.0,,0.0
176,2,2.00,1,21.25,24.10,24.12,0.0,0.00,0.0,-0.0,,0.0
176,3,2.00,1,21.55,23.96,23.97,0.0,0.00,0.0,-0.0,,0.0
176,4,2.00,1,21.73,23.83,23.85,0.0,0.00,0.0,-0.0,,0.0
176,5,2.00,1,21.42,23.69,23.70,0.0,0.00,0.0,-0.0,,0.0
176,6,2.00,1,21.31,23.55,23.57,0.0,0.00,0.0,-0.0,,0.0
176,7,2.00,1,21.26,23.42,23.44,0.0,0.00,0.0,-0.0,,0.0
176,8,2.00,1,21.12,23.81,23.83,0.0,0.00,0.0,-418.42,,-418.42
176,9,2.00,1,22.18,24.06,24.08,0.0,0.00,0.0,-512.25,,-512.25
176,10,2.00,1,22.95,24.33,24.34,0.0,0.00,0.0,-487.76,,-487.76
176,11,2.00,1,23.35,24.63,24.64,0.0,0.00,0.0,-322.76,,-322.76
176,12,2.00,1,23.98,24.99,25.01,0.0,0.00,0.0,0.0,,0.0
176,13,2.00,1,24.26,25.38,25.39,0.0,0.00,0.0,0.0,,0.0
176,14,2.00,1,24.53,25.77,25.78,0.0,0.00,0.0,0.0,,0.0
176,15,2.00,1,24.56,26.13,26.15,0.0,0.00,0.0,-102.51,,-102.51
176,16,2.00,1,24.76,26.48,26.49,0.0,0.00,0.0,0.0,,0.0
176,17,2.00,1,23.91,26.67,26.69,0.0,0.00,0.0,0.0,,0.0
176,18,2.00,1,23.04,26.75,26.77,0.0,0.00,0.0,0.0,,0.0
176,19,2.00,1,21.79,26.28,26.30,0.0,0.00,0.0,0.0,,0.0
176,20,2.00,1,20.38,25.94,25.96,0.0,0.00,0.0,0.0,,0.0
176,21,2.00,1,19.13,25.57,25.59,0.0,0.00,0.0,0.0,,0.0
176,22,2.00,1,18.17,25.18,25.19,0.0,0.00,0.0,0.0,,0.0
176,23,2.00,1,17.35,24.78,24.79,0.0,0.00,0.0,0.0,,0.0
176,24,2.00,1,16.63,24.37,24.39,0.0,0.00,0.0,0.0,,0.0
176,1,3.00,1,16.85,24.02,24.04,0.0,0.00,0.0,0.0,,0.0
176,2,3.00,1,16.93,23.70,23.72,0.0,0.00,0.0,0.0,,0.0
176,3,3.00,1,16.85,23.39,23.41,0.0,0.00,0.0,0.0,,0.0
176,4,3.00,1,16.98,23.11,23.13,0.0,0.00,0.0,0.0,,0.0
176,5,3.00,1,16.95,22.85,22.86,0.0,0.00,0.0,0.0,,0.0
176,6,3.00,1,16.82,22.59,22.61,0.0,0.00,0.0,0.0,,0.0
176,7,3.00,1,17.59,22.40,22.41,0.0,0.00,0.0,0.0,,0.0
176,8,3.00,1,18.51,22.72,22.73,0.0,0.00,0.0,0.0,,0.0
176,9,3.00,1,20.62,23.02,23.04,0.0,0.00,0.0,-49.91,,-49.91
176,10,3.00,1,22.15,23.38,23.39,0.0,0.00,0.0,-440.28,,-440.28
176,11,3.00,1,23.56,23.82,23.83,0.0,0.00,0.0,-350.72,,-350.72
176,12,3.00,1,24.72,24.32,24.34,0.0,0.00,0.0,-375.16,,-375.16
176,13,3.00,1,24.45,24.74,24.76,0.0,0.00,0.0,0.0,,0.0
176,14,3.00,1,24.30,25.15,25.16,0.0,0.00,0.0,0.0,,0.0
176,15,3.00,1,24.17,25.52,25.54,0.0,0.00,0.0,-371.17,,-371.17
176,16,3.00,1,23.68,25.82,25.84,0.0,0.00,0.0,0.0,,0.0
176,17,3.00,1,22.99,26.02,26.04,0.0,0.00,0.0,0.0,,0.0
176,18,3.00,1,21.91,26.08,26.10,0.0,0.00,0.0,0.0,,0.0
176,19,3.00,1,21.09,25.64,25.66,0.0,0.00,0.0,0.0,,0.0
176,20,3.00,1,20.18,25.34,25.36,0.0,0.00,0.0,0.0,,0.0
176,21,3.00,1,19.69,25.05,25.06,0.0,0.00,0.0,0.0,,0.0
176,22,3.00,1,19.71,24.77,24.79,0.0,0.00,0.0,0.0,,0.0
176,23,3.00,1,19.30,24.49,24.50,0.0,0.00,0.0,0.0,,0.0
176,24,3.00,1,18.93,24.20,24.22,0.0,0.00,0.0,0.0,,0.0
176,1,4.00,1,18.94,23.95,23.96,0.0,0.00,0.0,0.0,,0.0
176,2,4.00,1,18.68,23.69,23.71,0.0,0.00,0.0,0.0,,0.0
176,3,4.00,1,18.33,23.43,23.45,0.0,0.00,0.0,0.0,,0.0
176,4,4.00,1,18.11,23.19,23.20,0.0,0.00,0.0,0.0,,0.0
176,5,4.00,1,17.64,22.93,22.95,0.0,0.00,0.0,0.0,,0.0
176,6,4.00,1,17.08,22.66,22.68,0.0,0.00,0.0,0.0,,0.0
176,7,4.00,1,16.91,22.41,22.43,0.0,0.00,0.0,0.0,,0.0
176,8,4.00,1,17.94,22.68,22.70,0.0,0.00,0.0,0.0,,0.0
176,9,4.00,1,20.05,22.96,22.97,0.0,0.00,0.0,0.0,,0.0
176,10,4.00,1,21.55,23.28,23.30,0.0,0.00,0.0,-43.73,,-43.73
176,11,4.00,1,22.93,23.70,23.71,0.0,0.00,0.0,-83.49,,-83.49
176,12,4.00,1,24.00,24.17,24.18,0.0,0.00,0.0,-18.37,,-18.37
176,13,4.00,1,24.53,24.64,24.66,0.0,0.00,0.0,0.0,,0.0
176,14,4.00,1,25.38,25.16,25.18,0.0,0.00,0.0,0.0,,0.0
176,15,4.00,1,26.06,25.68,25.69,0.0,0.00,0.0,-542.49,,-542.49
176,16,4.00,1,25.69,26.08,26.09,0.0,0.00,0.0,-20.13,,-20.13
176,17,4.00,1,25.04,26.36,26.38,0.0,0.00,0.0,0.0,,0.0
176,18,4.00,1,24.20,26.52,26.53,0.0,0.00,0.0,-27.57,,-27.57
176,19,4.00,1,23.52,26.09,26.11,0.0,0.00,0.0,-0.0,,0.0
176,20,4.00,1,22.60,25.85,25.87,0.0,0.00,0.0,-0.0,,0.0
176,21,4.00,1,21.76,25.60,25.61,0.0,0.00,0.0,-0.0,,0.0
176,22,4.00,1,21.51,25.36,25.37,0.0,0.00,0.0,-0.0,,0.0
176,23,4.00,1,20.67,25.08,25.09,0.0,0.00,0.0,0.0,,0.0
176,24,4.00,1,19.88,24.79,24.80,0.0,0.00,0.0,-0.0,,0.0
176,1,5.00,1,19.84,24.52,24.54,0.0,0.00,0.0,-0.0,,0.0
176,2,5.00,1,19.49,24.26,24.28,0.0,0.00,0.0,0.0,,0.0
176,3,5.00,1,18.94,23.99,24.00,0.0,0.00,0.0,0.0,,0.0
176,4,5.00,1,18.74,23.73,23.75,0.0,0.00,0.0,0.0,,0.0
176,5,5.00,1,18.71,23.50,23.51,0.0,0.00,0.0,0.0,,0.0
176,6,5.00,1,18.26,23.25,23.26,0.0,0.00,0.0,0.0,,0.0
176,7,5.00,1,17.95,23.00,23.02,0.0,0.00,0.0,0.0,,0.0
176,8,5.00,1,19.17,23.32,23.33,0.0,0.00,0.0,0.0,,0.0
176,9,5.00,1,21.29,23.61,23.62,0.0,0.00,0.0,-0.62,,-0.62
176,10,5.00,1,22.23,23.90,23.91,0.0,0.00,0.0,-194.41,,-194.41
176,11,5.00,1,23.15,24.26,24.27,0.0,0.00,0.0,0.0,,0.0
176,12,5.00,1,23.84,24.66,24.67,0.0,0.00,0.0,0.0,,0.0
176,13,5.00,1,24.44,25.10,25.11,0.0,0.00,0.0,0.0,,0.0
176,14,5.00,1,25.10,25.57,25.58,0.0,0.00,0.0,0.0,,0.0
176,15,5.00,1,24.81,25.95,25.96,0.0,0.00,0.0,-170.86,,-170.86
176,16,5.00,1,24.49,26.27,26.28,0.0,0.00,0.0,0.0,,0.0
176,17,5.00,1,23.96,26.50,26.51,0.0,0.00,0.0,0.0,,0.0
176,18,5.00,1,23.30,26.62,26.63,0.0,0.00,0.0,0.0,,0.0
176,19,5.00,1,22.84,26.21,26.22,0.0,0.00,0.0,0.0,,0.0
176,20,5.00,1,22.19,25.96,25.97,0.0,0.00,0.0,0.0,,0.0
176,21,5.00,1,21.64,25.71,25.72,0.0,0.00,0.0,0.0,,0.0
176,22,5.00,1,21.43,25.46,25.48,0.0,0.00,0.0,0.0,,0.0
176,23,5.00,1,20.88,25.20,25.21,0.0,0.00,0.0,0.0,,0.0
176,24,5.00,1,20.62,24.95,24.96,0.0,0.00,0.0,0.0,,0.0
176,1,6.00,1,20.49,24.71,24.72,0.0,0.00,0.0,0.0,,0.0
176,2,6.00,1,20.23,24.47,24.48,0.0,0.00,0.0,0.0,,0.0
176,3,6.00,1,19.77,24.22,24.24,0.0,0.00,0.0,0.0,,0.0
176,4,6.00,1,19.12,23.96,23.98,0.0,0.00,0.0,0.0,,0.0
176,5,6.00,1,18.62,23.70,23.71,0.0,0.00,0.0,0.0,,0.0
176,6,6.00,1,18.35,23.45,23.46,0.0,0.00,0.0,0.0,,0.0
176,7,6.00,1,19.03,23.26,23.27,0.0,0.00,0.0,0.0,,0.0
176,8,6.00,1,19.05,23.73,23.74,0.0,0.00,0.0,0.0,,0.0
176,9,6.00,1,20.95,23.98,23.99,0.0,0.00,0.0,0.0,,0.0
176,10,6.00,1,22.19,24.24,24.25,0.0,0.00,0.0,0.0,,0.0
176,11,6.00,1,22.79,24.55,24.56,0.0,0.00,0.0,0.0,,0.0
176,12,6.00,1,23.50,24.92,24.93,0.0,0.00,0.0,0.0,,0.0
176,13,6.00,1,23.75,25.32,25.33,0.0,0.00,0.0,0.0,,0.0
176,14,6.00,1,24.09,25.72,25.74,0.0,0.00,0.0,0.0,,0.0
176,15,6.00,1,24.34,26.13,26.14,0.0,0.00,0.0,0.0,,0.0
176,16,6.00,1,24.79,26.52,26.53,0.0,0.00,0.0,0.0,,0.0
176,17,6.00,1,24.24,26.81,26.82,0.0,0.00,0.0,0.0,,0.0
176,18,6.00,1,23.90,27.01,27.03,0.0,0.00,0.0,0.0,,0.0
176,19,6.00,1,23.27,26.46,26.48,0.0,0.00,0.0,0.0,,0.0
176,20,6.00,1,22.42,26.18,26.20,0.0,0.00,0.0,0.0,,0.0
176,21,6.00,1,21.72,25.92,25.93,0.0,0.00,0.0,0.0,,0.0
176,22,6.00,1,21.36,25.65,25.67,0.0,0.00,0.0,0.0,,0.0
176,23,6.00,1,20.83,25.38,25.39,0.0,0.00,0.0,0.0,,0.0
176,24,6.00,1,20.24,25.10,25.11,0.0,0.00,0.0,0.0,,0.0
176,1,7.00,1,20.23,24.84,24.85,0.0,0.00,0.0,0.0,,0.0
176,2,7.00,1,20.10,24.59,24.61,0.0,0.00,0.0,0.0,,0.0
176,3,7.00,1,19.54,24.33,24.35,0.0,0.00,0.0,0.0,,0.0
176,4,7.00,1,19.12,24.07,24.09,0.0,0.00,0.0,0.0,,0.0
176,5,7.00,1,18.79,23.82,23.83,0.0,0.00,0.0,0.0,,0.0
176,6,7.00,1,18.61,23.58,23.59,0.0,0.00,0.0,0.0,,0.0
176,7,7.00,1,18.43,23.34,23.35,0.0,0.00,0.0,0.0,,0.0
176,8,7.00,1,19.07,23.82,23.83,0.0,0.00,0.0,0.0,,0.0
176,9,7.00,1,20.82,24.06,24.07,0.0,0.00,0.0,0.0,,0.0
176,10,7.00,1,21.96,24.31,24.32,0.0,0.00,0.0,0.0,,0.0
176,11,7.00,1,23.04,24.63,24.65,0.0,0.00,0.0,0.0,,0.0
176,12,7.00,1,23.78,25.02,25.03,0.0,0.00,0.0,0.0,,0.0
176,13,7.00,1,24.08,25.42,25.44,0.0,0.00,0.0,0.0,,0.0
176,14,7.00,1,24.46,25.85,25.86,0.0,0.00,0.0,0.0,,0.0
176,15,7.00,1,24.70,26.26,26.27,0.0,0.00,0.0,0.0,,0.0
176,16,7.00,1,24.98,26.65,26.66,0.0,0.00,0.0,0.0,,0.0
176,17,7.00,1,24.43,26.94,26.96,0.0,0.00,0.0,0.0,,0.0
176,18,7.00,1,23.92,27.14,27.15,0.0,0.00,0.0,0.0,,0.0
176,19,7.00,1,23.08,26.57,26.58,0.0,0.00,0.0,0.0,,0.0
176,20,7.00,1,21.88,26.26,26.27,0.0,0.00,0.0,0.0,,0.0
176,21,7.00,1,21.01,25.95,25.97,0.0,0.00,0.0,0.0,,0.0
176,22,7.00,1,20.44,25.65,25.66,0.0,0.00,0.0,0.0,,0.0
176,23,7.00,1,20.36,25.37,25.38,0.0,0.00,0.0,0.0,,0.0
176,24,7.00,1,19.62,25.06,25.07,0.0,0.00,0.0,0.0,,0.0
176,1,1.00,1,18.94,24.74,24.76,0.0,0.00,0.0,0.0,,0.0
176,2,1.00,1,18.45,24.43,24.44,0.0,0.00,0.0,0.0,,0.0
176,3,1.00,1,17.93,24.12,24.13,0.0,0.00,0.0,0.0,,0.0
176,4,1.00,1,16.90,23.77,23.78,0.0,0.00,0.0,0.0,,0.0
176,5,1.00,1,16.31,23.43,23.44,0.0,0.00,0.0,0.0,,0.0
176,6,1.00,1,15.44,23.07,23.08,0.0,0.00,0.0,0.0,,0.0
176,7,1.00,1,15.94,22.78,22.79,0.0,0.00,0.0,0.0,,0.0
176,8,1.00,1,16.74,22.92,22.93,0.0,0.00,0.0,0.0,,0.0
176,9,1.00,1,18.93,23.13,23.14,0.0,0.00,0.0,0.0,,0.0
176,10,1.00,1,20.37,23.40,23.41,0.0,0.00,0.0,0.0,,0.0
176,11,1.00,1,21.98,23.78,23.80,0.0,0.00,0.0,0.0,,0.0
176,12,1.00,1,23.02,24.22,24.23,0.0,0.00,0.0,0.0,,0.0
176,13,1.00,1,23.67,24.67,24.68,0.0,0.00,0.0,0.0,,0.0
176,14,1.00,1,24.34,25.14,25.15,0.0,0.00,0.0,0.0,,0.0
176,15,1.00,1,24.87,25.60,25.62,0.0,0.00,0.0,0.0,,0.0
176,16,1.00,1,24.63,25.98,25.99,0.0,0.00,0.0,0.0,,0.0
176,17,1.00,1,24.14,26.24,26.26,0.0,0.00,0.0,0.0,,0.0
176,18,1.00,1,23.77,26.43,26.44,0.0,0.00,0.0,0.0,,0.0
176,19,1.00,1,23.24,26.02,26.04,0.0,0.00,0.0,0.0,,0.0
176,20,1.00,1,22.34,25.79,25.80,0.0,0.00,0.0,0.0,,0.0
176,21,1.00,1,21.77,25.56,25.57,0.0,0.00,0.0,0.0,,0.0
176,22,1.00,1,21.03,25.30,25.31,0.0,0.00,0.0,0.0,,0.0
176,23,1.00,1,21.44,25.09,25.10,0.0,0.00,0.0,0.0,,0.0
176,24,1.00,1,21.08,24.87,24.88,0.0,0.00,0.0,-0.0,,0.0
176,1,2.00,1,20.52,24.63,24.64,0.0,0.00,0.0,-0.0,,0.0
176,2,2.00,1,19.91,24.38,24.39,0.0,0.00,0.0,0.0,,0.0
176,3,2.00,1,19.07,24.10,24.12,0.0,0.00,0.0,0.0,,0.0
176,4,2.00,1,18.51,23.83,23.84,0.0,0.00,0.0,0.0,,0.0
176,5,2.00,1,18.29,23.57,23.58,0.0,0.00,0.0,0.0,,0.0
176,6,2.00,1,17.96,23.31,23.32,0.0,0.00,0.0,0.0,,0.0
176,7,2.00,1,17.32,23.04,23.05,0.0,0.00,0.0,0.0,,0.0
176,8,2.00,1,17.99,23.25,23.26,0.0,0.00,0.0,0.0,,0.0
176,9,2.00,1,19.81,23.46,23.47,0.0,0.00,0.0,0.0,,0.0
176,10,2.00,1,21.01,23.72,23.73,0.0,0.00,0.0,0.0,,0.0
176,11,2.00,1,22.56,24.10,24.11,0.0,0.00,0.0,0.0,,0.0
176,12,2.00,1,24.07,24.58,24.59,0.0,0.00,0.0,0.0,,0.0
176,13,2.00,1,24.56,25.04,25.05,0.0,0.00,0.0,0.0,,0.0
176,14,2.00,1,25.17,25.52,25.53,0.0,0.00,0.0,0.0,,0.0
176,15,2.00,1,25.44,25.97,25.98,0.0,0.00,0.0,-688.36,,-688.36
176,16,2.00,1,24.44,26.27,26.28,0.0,0.00,0.0,0.0,,0.0
176,17,2.00,1,23.94,26.50,26.51,0.0,0.00,0.0,0.0,,0.0
176,18,2.00,1,23.42,26.64,26.65,0.0,0.00,0.0,0.0,,0.0
176,19,2.00,1,22.83,26.22,26.23,0.0,0.00,0.0,0.0,,0.0
176,20,2.00,1,22.57,26.00,26.01,0.0,0.00,0.0,0.0,,0.0
176,21,2.00,1,22.44,25.80,25.81,0.0,0.00,0.0,0.0,,0.0
176,22,2.00,1,22.09,25.58,25.59,0.0,0.00,0.0,0.0,,0.0
176,23,2.00,1,22.08,25.37,25.38,0.0,0.00,0.0,-0.0,,0.0
176,24,2.00,1,21.93,25.17,25.18,0.0,0.00,0.0,-0.0,,0.0
176,1,3.00,1,21.81,24.97,24.99,0.0,0.00,0.0,-0.0,,0.0
176,2,3.00,1,21.91,24.80,24.81,0.0,0.00,0.0,-0.0,,0.0
176,3,3.00,1,21.92,24.64,24.65,0.0,0.00,0.0,-0.0,,0.0
176,4,3.00,1,21.87,24.48,24.49,0.0,0.00,0.0,-0.0,,0.0
176,5,3.00,1,21.93,24.34,24.35,0.0,0.00,0.0,-0.0,,0.0
176,6,3.00,1,21.37,24.17,24.18,0.0,0.00,0.0,-0.0,,0.0
176,7,3.00,1,21.45,24.03,24.04,0.0,0.00,0.0,-0.0,,0.0
176,8,3.00,1,21.30,24.39,24.40,0.0,0.00,0.0,-145.78,,-145.78
176,9,3.00,1,22.53,24.63,24.64,0.0,0.00,0.0,-405.56,,-405.56
176,10,3.00,1,23.36,24.90,24.91,0.0,0.00,0.0,-281.15,,-281.15
176,11,3.00,1,24.30,25.25,25.26,0.0,0.00,0.0,-157.38,,-157.38
176,12,3.00,1,24.35,25.58,25.59,0.0,0.00,0.0,-51.61,,-51.61
176,13,3.00,1,24.56,25.95,25.96,0.0,0.00,0.0,0.0,,0.0
176,14,3.00,1,24.67,26.31,26.32,0.0,0.00,0.0,0.0,,0.0
176,15,3.00,1,24.82,26.67,26.68,0.0,0.00,0.0,0.0,,0.0
176,16,3.00,1,24.22,26.92,26.93,0.0,0.00,0.0,0.0,,0.0
176,17,3.00,1,23.46,27.08,27.09,0.0,0.00,0.0,0.0,,0.0
176,18,3.00,1,22.65,27.13,27.14,0.0,0.00,0.0,0.0,,0.0
176,19,3.00,1,21.51,26.67,26.68,0.0,0.00,0.0,0.0,,0.0
176,20,3.00,1,20.04,26.31,26.32,0.0,0.00,0.0,0.0,,0.0
176,21,3.00,1,18.74,25.92,25.93,0.0,0.00,0.0,0.0,,0.0
176,22,3.00,1,17.86,25.51,25.52,0.0,0.00,0.0,0.0,,0.0
176,23,3.00,1,17.13,25.09,25.11,0.0,0.00,0.0,0.0,,0.0
176,24,3.00,1,17.75,24.76,24.77,0.0,0.00,0.0,0.0,,0.0
176,1,4.00,1,18.07,24.46,24.47,0.0,0.00,0.0,0.0,,0.0
176,2,4.00,1,18.49,24.19,24.20,0.0,0.00,0.0,0.0,,0.0
176,3,4.00,1,18.94,23.97,23.98,0.0,0.00,0.0,0.0,,0.0
176,4,4.00,1,19.26,23.76,23.77,0.0,0.00,0.0,0.0,,0.0
176,5,4.00,1,19.71,23.59,23.60,0.0,0.00,0.0,0.0,,0.0
176,6,4.00,1,19.54,23.41,23.42,0.0,0.00,0.0,0.0,,0.0
176,7,4.00,1,19.77,23.26,23.27,0.0,0.00,0.0,-0.0,,0.0
176,8,4.00,1,20.24,23.64,23.65,0.0,0.00,0.0,0.0,,0.0
176,9,4.00,1,21.95,23.94,23.95,0.0,0.00,0.0,-101.75,,-101.75
176,10,4.00,1,23.45,24.30,24.31,0.0,0.00,0.0,-279.91,,-279.91
176,11,4.00,1,24.44,24.71,24.71,0.0,0.00,0.0,-40.44,,-40.44
176,12,4.00,1,25.39,25.18,25.19,0.0,0.00,0.0,-200.5,,-200.5
176,13,4.00,1,24.78,25.55,25.56,0.0,0.00,0.0,0.0,,0.0
176,14,4.00,1,24.24,25.88,25.89,0.0,0.00,0.0,0.0,,0.0
176,15,4.00,1,23.62,26.17,26.17,0.0,0.00,0.0,0.0,,0.0
176,16,4.00,1,23.16,26.41,26.42,0.0,0.00,0.0,0.0,,0.0
176,17,4.00,1,22.29,26.54,26.55,0.0,0.00,0.0,0.0,,0.0
176,18,4.00,1,21.33,26.56,26.56,0.0,0.00,0.0,0.0,,0.0
176,19,4.00,1,20.25,26.10,26.11,0.0,0.00,0.0,0.0,,0.0
176,20,4.00,1,18.94,25.74,25.75,0.0,0.00,0.0,0.0,,0.0
176,21,4.00,1,17.84,25.35,25.36,0.0,0.00,0.0,0.0,,0.0
176,22,4.00,1,17.41,24.97,24.98,0.0,0.00,0.0,0.0,,0.0
176,23,4.00,1,16.95,24.59,24.60,0.0,0.00,0.0,0.0,,0.0
176,24,4.00,1,16.40,24.21,24.22,0.0,0.00,0.0,0.0,,0.0
176,1,5.00,1,16.66,23.88,23.89,0.0,0.00,0.0,0.0,,0.0
176,2,5.00,1,16.43,23.55,23.56,0.0,0.00,0.0,0.0,,0.0
176,3,5.00,1,16.03,23.23,23.24,0.0,0.00,0.0,0.0,,0.0
176,4,5.00,1,15.80,22.91,22.92,0.0,0.00,0.0,0.0,,0.0
176,5,5.00,1,15.95,22.63,22.64,0.0,0.00,0.0,0.0,,0.0
176,6,5.00,1,16.08,22.38,22.39,0.0,0.00,0.0,0.0,,0.0
176,7,5.00,1,16.26,22.15,22.16,0.0,0.00,0.0,0.0,,0.0
176,8,5.00,1,16.95,22.37,22.41,75.89,0.00,0.0,0.0,,75.89
176,9,5.00,1,18.76,22.60,22.62,0.0,0.00,0.0,0.0,,0.0
176,10,5.00,1,20.22,22.90,22.91,0.0,0.00,0.0,0.0,,0.0
176,11,5.00,1,21.70,23.30,23.31,0.0,0.00,0.0,0.0,,0.0
176,12,5.00,1,22.91,23.77,23.78,0.0,0.00,0.0,0.0,,0.0
176,13,5.00,1,23.65,24.26,24.27,0.0,0.00,0.0,0.0,,0.0
176,14,5.00,1,24.56,24.78,24.79,0.0,0.00,0.0,0.0,,0.0
176,15,5.00,1,25.22,25.29,25.31,0.0,0.00,0.0,0.0,,0.0
176,16,5.00,1,24.87,25.69,25.71,0.0,0.00,0.0,0.0,,0.0
176,17,5.00,1,24.18,25.97,25.98,0.0,0.00,0.0,0.0,,0.0
176,18,5.00,1,23.11,26.11,26.12,0.0,0.00,0.0,0.0,,0.0
176,19,5.00,1,22.09,25.67,25.68,0.0,0.00,0.0,0.0,,0.0
176,20,5.00,1,21.28,25.42,25.43,0.0,0.00,0.0,0.0,,0.0
176,21,5.00,1,20.60,25.16,25.17,0.0,0.00,0.0,0.0,,0.0
176,22,5.00,1,20.12,24.89,24.91,0.0,0.00,0.0,0.0,,0.0
176,23,5.00,1,20.17,24.65,24.66,0.0,0.00,0.0,0.0,,0.0
176,24,5.00,1,19.99,24.42,24.43,0.0,0.00,0.0,0.0,,0.0
176,1,6.00,1,19.73,24.18,24.19,0.0,0.00,0.0,0.0,,0.0
176,2,6.00,1,19.25,23.94,23.95,0.0,0.00,0.0,0.0,,0.0
176,3,6.00,1,18.87,23.70,23.71,0.0,0.00,0.0,0.0,,0.0
176,4,6.00,1,18.18,23.43,23.44,0.0,0.00,0.0,0.0,,0.0
176,5,6.00,1,17.38,23.15,23.16,0.0,0.00,0.0,0.0,,0.0
176,6,6.00,1,16.82,22.87,22.88,0.0,0.00,0.0,0.0,,0.0
176,7,6.00,1,16.39,22.59,22.60,0.0,0.00,0.0,0.0,,0.0
176,8,6.00,1,17.32,23.05,23.07,0.0,0.00,0.0,0.0,,0.0
176,9,6.00,1,19.15,23.28,23.29,0.0,0.00,0.0,0.0,,0.0
176,10,6.00,1,20.26,23.51,23.52,0.0,0.00,0.0,0.0,,0.0
176,11,6.00,1,22.44,23.88,23.89,0.0,0.00,0.0,0.0,,0.0
176,12,6.00,1,23.37,24.31,24.32,0.0,0.00,0.0,0.0,,0.0
176,13,6.00,1,24.18,24.78,24.79,0.0,0.00,0.0,0.0,,0.0
176,14,6.00,1,24.81,25.26,25.27,0.0,0.00,0.0,0.0,,0.0
176,15,6.00,1,25.68,25.77,25.78,0.0,0.00,0.0,0.0,,0.0
176,16,6.00,1,25.30,26.20,26.20,0.0,0.00,0.0,0.0,,0.0
176,17,6.00,1,24.74,26.53,26.54,0.0,0.00,0.0,0.0,,0.0
176,18,6.00,1,24.08,26.76,26.77,0.0,0.00,0.0,0.0,,0.0
176,19,6.00,1,23.52,26.24,26.25,0.0,0.00,0.0,0.0,,0.0
176,20,6.00,1,22.57,25.98,25.99,0.0,0.00,0.0,0.0,,0.0
176,21,6.00,1,21.71,25.72,25.73,0.0,0.00,0.0,0.0,,0.0
176,22,6.00,1,21.07,25.46,25.47,0.0,0.00,0.0,0.0,,0.0
176,23,6.00,1,20.63,25.19,25.20,0.0,0.00,0.0,0.0,,0.0
176,24,6.00,1,20.17,24.92,24.93,0.0,0.00,0.0,0.0,,0.0
176,1,7.00,1,19.88,24.66,24.67,0.0,0.00,0.0,0.0,,0.0
176,2,7.00,1,19.27,24.39,24.40,0.0,0.00,0.0,0.0,,0.0
176,3,7.00,1,18.88,24.12,24.13,0.0,0.00,0.0,0.0,,0.0
176,4,7.00,1,18.52,23.85,23.86,0.0,0.00,0.0,0.0,,0.0
176,5,7.00,1,18.22,23.59,23.60,0.0,0.00,0.0,0.0,,0.0
176,6,7.00,1,17.79,23.33,23.34,0.0,0.00,0.0,0.0,,0.0
176,7,7.00,1,17.35,23.07,23.08,0.0,0.00,0.0,0.0,,0.0
176,8,7.00,1,18.50,23.56,23.56,0.0,0.00,0.0,0.0,,0.0
176,9,7.00,1,20.52,23.81,23.82,0.0,0.00,0.0,0.0,,0.0
176,10,7.00,1,21.74,24.08,24.08,0.0,0.00,0.0,0.0,,0.0
176,11,7.00,1,22.90,24.42,24.43,0.0,0.00,0.0,0.0,,0.0
176,12,7.00,1,23.35,24.80,24.81,0.0,0.00,0.0,0.0,,0.0
176,13,7.00,1,24.32,25.25,25.25,0.0,0.00,0.0,0.0,,0.0
176,14,7.00,1,25.05,25.72,25.73,0.0,0.00,0.0,0.0,,0.0
176,15,7.00,1,25.73,26.19,26.20,0.0,0.00,0.0,0.0,,0.0
176,16,7.00,1,25.71,26.62,26.63,0.0,0.00,0.0,0.0,,0.0
176,17,7.00,1,25.59,26.97,26.98,0.0,0.00,0.0,0.0,,0.0
176,18,7.00,1,25.09,27.22,27.23,0.0,0.00,0.0,0.0,,0.0
176,19,7.00,1,24.60,26.72,26.73,0.0,0.00,0.0,0.0,,0.0
176,20,7.00,1,23.71,26.49,26.49,0.0,0.00,0.0,-0.0,,0.0
176,21,7.00,1,23.13,26.27,26.28,0.0,0.00,0.0,-0.0,,0.0
176,22,7.00,1,22.69,26.04,26.05,0.0,0.00,0.0,-0.0,,0.0
176,23,7.00,1,23.39,25.88,25.89,0.0,0.00,0.0,-0.0,,0.0
176,24,7.00,1,23.57,25.72,25.73,0.0,0.00,0.0,-0.0,,0.0
176,1,1.00,1,23.50,25.57,25.58,0.0,0.00,0.0,-0.0,,0.0
176,2,1.00,1,23.26,25.41,25.42,0.0,0.00,0.0,-0.0,,0.0
176,3,1.00,1,23.10,25.26,25.27,0.0,0.00,0.0,-0.0,,0.0
176,4,1.00,1,22.96,25.11,25.12,0.0,0.00,0.0,-0.0,,0.0
176,5,1.00,1,22.85,24.97,24.98,0.0,0.00,0.0,-0.0,,0.0
176,6,1.00,1,22.64,24.82,24.83,0.0,0.00,0.0,-0.0,,0.0
176,7,1.00,1,22.41,24.68,24.69,0.0,0.00,0.0,-0.0,,0.0
176,8,1.00,1,22.67,25.09,25.10,0.0,0.00,0.0,0.0,,0.0
176,9,1.00,1,24.13,25.39,25.40,0.0,0.00,0.0,-262.22,,-262.22
176,10,1.00,1,24.48,25.64,25.65,0.0,0.00,0.0,-418.6,,-418.6
176,11,1.00,1,25.62,26.01,26.02,0.0,0.00,0.0,0.0,,0.0
176,12,1.00,1,25.64,26.36,26.37,0.0,0.00,0.0,0.0,,0.0
176,13,1.00,1,25.53,26.71,26.72,0.0,0.00,0.0,0.0,,0.0
176,14,1.00,1,25.60,27.06,27.07,0.0,0.00,0.0,0.0,,0.0
176,15,1.00,1,25.87,27.43,27.41,-64.3,0.00,0.0,0.0,,-64.3
176,16,1.00,1,25.16,27.68,27.41,-690.17,0.00,0.0,0.0,,-690.17
176,17,1.00,1,24.30,27.83,27.41,-871.13,0.00,0.0,0.0,,-871.13
176,18,1.00,1,23.21,27.85,27.41,-771.43,0.00,0.0,0.0,,-771.43
176,19,1.00,1,22.17,27.38,27.21,0.0,0.00,0.0,0.0,,0.0
176,20,1.00,1,20.89,27.02,26.91,0.0,0.00,0.0,0.0,,0.0
176,21,1.00,1,19.86,26.64,26.55,0.0,0.00,0.0,0.0,,0.0
176,22,1.00,1,18.94,26.24,26.16,0.0,0.00,0.0,0.0,,0.0
176,23,1.00,1,18.43,25.85,25.77,0.0,0.00,0.0,0.0,,0.0
176,24,1.00,1,17.49,25.43,25.36,0.0,0.00,0.0,0.0,,0.0
176,1,2.00,1,17.30,25.05,24.98,0.0,0.00,0.0,0.0,,0.0
176,2,2.00,1,17.50,24.71,24.65,0.0,0.00,0.0,0.0,,0.0
176,3,2.00,1,17.36,24.38,24.32,0.0,0.00,0.0,0.0,,0.0
176,4,2.00,1,17.74,24.10,24.04,0.0,0.00,0.0,0.0,,0.0
176,5,2.00,1,17.69,23.83,23.77,0.0,0.00,0.0,0.0,,0.0
176,6,2.00,1,17.76,23.57,23.52,0.0,0.00,0.0,0.0,,0.0
176,7,2.00,1,18.08,23.35,23.31,0.0,0.00,0.0,0.0,,0.0
176,8,2.00,1,18.80,23.62,23.57,0.0,0.00,0.0,0.0,,0.0
176,9,2.00,1,20.56,23.86,23.82,0.0,0.00,0.0,0.0,,0.0
176,10,2.00,1,21.65,24.13,24.09,0.0,0.00,0.0,0.0,,0.0
176,11,2.00,1,22.55,24.46,24.43,0.0,0.00,0.0,0.0,,0.0
176,12,2.00,1,23.11,24.83,24.80,0.0,0.00,0.0,0.0,,0.0
176,13,2.00,1,23.75,25.25,25.22,0.0,0.00,0.0,0.0,,0.0
176,14,2.00,1,24.05,25.66,25.63,0.0,0.00,0.0,0.0,,0.0
176,15,2.00,1,24.53,26.07,26.05,0.0,0.00,0.0,0.0,,0.0
176,16,2.00,1,24.96,26.47,26.45,0.0,0.00,0.0,0.0,,0.0
176,17,2.00,1,24.65,26.76,26.74,0.0,0.00,0.0,0.0,,0.0
176,18,2.00,1,24.13,26.93,26.91,0.0,0.00,0.0,0.0,,0.0
176,19,2.00,1,23.42,26.52,26.50,0.0,0.00,0.0,0.0,,0.0
176,20,2.00,1,22.45,26.27,26.25,0.0,0.00,0.0,0.0,,0.0
176,21,2.00,1,21.81,26.02,26.00,0.0,0.00,0.0,0.0,,0.0
176,22,2.00,1,21.20,25.75,25.73,0.0,0.00,0.0,0.0,,0.0
176,23,2.00,1,21.03,25.50,25.48,0.0,0.00,0.0,0.0,,0.0
176,24,2.00,1,20.19,25.21,25.20,0.0,0.00,0.0,0.0,,0.0
176,1,3.00,1,19.21,24.90,24.89,0.0,0.00,0.0,0.0,,0.0
176,2,3.00,1,18.55,24.59,24.58,0.0,0.00,0.0,0.0,,0.0
176,3,3.00,1,18.62,24.32,24.30,0.0,0.00,0.0,0.0,,0.0
176,4,3.00,1,18.71,24.06,24.05,0.0,0.00,0.0,0.0,,0.0
176,5,3.00,1,17.95,23.78,23.77,0.0,0.00,0.0,0.0,,0.0
176,6,3.00,1,17.49,23.50,23.49,0.0,0.00,0.0,0.0,,0.0
176,7,3.00,1,17.88,23.27,23.26,0.0,0.00,0.0,0.0,,0.0
176,8,3.00,1,18.48,23.51,23.50,0.0,0.00,0.0,0.0,,0.0
176,9,3.00,1,20.38,23.75,23.74,0.0,0.00,0.0,0.0,,0.0
176,10,3.00,1,21.72,24.04,24.03,0.0,0.00,0.0,0.0,,0.0
176,11,3.00,1,22.69,24.39,24.38,0.0,0.00,0.0,0.0,,0.0
176,12,3.00,1,23.48,24.79,24.78,0.0,0.00,0.0,0.0,,0.0
176,13,3.00,1,24.12,25.23,25.22,0.0,0.00,0.0,0.0,,0.0
176,14,3.00,1,24.90,25.70,25.69,0.0,0.00,0.0,0.0,,0.0
176,15,3.00,1,25.81,26.20,26.19,0.0,0.00,0.0,-218.56,,-218.56
176,16,3.00,1,25.13,26.54,26.54,0.0,0.00,0.0,0.0,,0.0
176,17,3.00,1,24.73,26.81,26.81,0.0,0.00,0.0,0.0,,0.0
176,18,3.00,1,23.91,26.95,26.95,0.0,0.00,0.0,0.0,,0.0
176,19,3.00,1,22.84,26.51,26.51,0.0,0.00,0.0,0.0,,0.0
176,20,3.00,1,22.38,26.27,26.27,0.0,0.00,0.0,0.0,,0.0
176,21,3.00,1,22.31,26.05,26.05,0.0,0.00,0.0,0.0,,0.0
176,22,3.00,1,21.65,25.80,25.80,0.0,0.00,0.0,0.0,,0.0
176,23,3.00,1,21.96,25.59,25.59,0.0,0.00,0.0,0.0,,0.0
176,24,3.00,1,21.85,25.38,25.38,0.0,0.00,0.0,-0.0,,0.0
176,1,4.00,1,21.83,25.19,25.19,0.0,0.00,0.0,-0.0,,0.0
176,2,4.00,1,21.66,25.00,25.00,0.0,0.00,0.0,-0.0,,0.0
176,3,4.00,1,21.08,24.79,24.79,0.0,0.00,0.0,0.0,,0.0
176,4,4.00,1,20.17,24.54,24.54,0.0,0.00,0.0,0.0,,0.0
176,5,4.00,1,19.28,24.28,24.28,0.0,0.00,0.0,0.0,,0.0
176,6,4.00,1,18.52,24.00,24.00,0.0,0.00,0.0,0.0,,0.0
176,7,4.00,1,18.27,23.74,23.74,0.0,0.00,0.0,0.0,,0.0
176,8,4.00,1,18.91,23.96,23.96,0.0,0.00,0.0,0.0,,0.0
176,9,4.00,1,20.84,24.19,24.19,0.0,0.00,0.0,0.0,,0.0
176,10,4.00,1,22.05,24.46,24.46,0.0,0.00,0.0,0.0,,0.0
176,11,4.00,1,23.22,24.81,24.81,0.0,0.00,0.0,0.0,,0.0
176,12,4.00,1,24.12,25.22,25.23,0.0,0.00,0.0,0.0,,0.0
176,13,4.00,1,25.00,25.69,25.69,0.0,0.00,0.0,0.0,,0.0
176,14,4.00,1,25.76,26.17,26.17,0.0,0.00,0.0,0.0,,0.0
176,15,4.00,1,26.36,26.65,26.65,0.0,0.00,0.0,-232.3,,-232.3
176,16,4.00,1,25.88,27.01,27.01,0.0,0.00,0.0,0.0,,0.0
176,17,4.00,1,25.52,27.29,27.29,0.0,0.00,0.0,0.0,,0.0
176,18,4.00,1,24.93,27.46,27.41,-122.72,0.00,0.0,0.0,,-122.72
176,19,4.00,1,24.41,27.05,27.03,0.0,0.00,0.0,-0.0,,0.0
176,20,4.00,1,23.07,26.78,26.78,0.0,0.00,0.0,0.0,,0.0
176,21,4.00,1,22.27,26.52,26.51,0.0,0.00,0.0,0.0,,0.0
176,22,4.00,1,21.21,26.21,26.21,0.0,0.00,0.0,0.0,,0.0
176,23,4.00,1,20.83,25.92,25.92,0.0,0.00,0.0,0.0,,0.0
176,24,4.00,1,20.35,25.62,25.62,0.0,0.00,0.0,0.0,,0.0
176,1,5.00,1,19.86,25.32,25.32,0.0,0.00,0.0,0.0,,0.0
176,2,5.00,1,19.48,25.03,25.03,0.0,0.00,0.0,0.0,,0.0
176,3,5.00,1,19.11,24.75,24.75,0.0,0.00,0.0,0.0,,0.0
176,4,5.00,1,19.74,24.52,24.52,0.0,0.00,0.0,0.0,,0.0
176,5,5.00,1,19.79,24.30,24.31,0.0,0.00,0.0,0.0,,0.0
176,6,5.00,1,20.24,24.13,24.13,0.0,0.00,0.0,-0.0,,0.0
176,7,5.00,1,20.42,23.96,23.96,0.0,0.00,0.0,-0.0,,0.0
176,8,5.00,1,20.86,24.32,24.33,0.0,0.00,0.0,0.0,,0.0
176,9,5.00,1,22.60,24.62,24.62,0.0,0.00,0.0,-140.91,,-140.91
176,10,5.00,1,23.73,24.94,24.94,0.0,0.00,0.0,-514.73,,-514.73
176,11,5.00,1,24.73,25.32,25.32,0.0,0.00,0.0,-114.06,,-114.06
176,12,5.00,1,25.19,25.73,25.73,0.0,0.00,0.0,-117.67,,-117.67
176,13,5.00,1,25.57,26.15,26.16,0.0,0.00,0.0,0.0,,0.0
176,14,5.00,1,26.00,26.60,26.60,0.0,0.00,0.0,0.0,,0.0
176,15,5.00,1,26.33,27.03,27.03,0.0,0.00,0.0,-682.91,,-682.91
176,16,5.00,1,25.85,27.36,27.36,0.0,0.00,0.0,0.0,,0.0
176,17,5.00,1,25.12,27.58,27.41,-425.09,0.00,0.0,0.0,,-425.09
176,18,5.00,1,24.06,27.66,27.41,-510.35,0.00,0.0,0.0,,-510.35
176,19,5.00,1,23.46,27.23,27.14,0.0,0.00,0.0,0.0,,0.0
176,20,5.00,1,22.30,26.93,26.89,0.0,0.00,0.0,0.0,,0.0
176,21,5.00,1,21.40,26.63,26.59,0.0,0.00,0.0,0.0,,0.0
176,22,5.00,1,20.80,26.31,26.28,0.0,0.00,0.0,0.0,,0.0
176,23,5.00,1,20.59,26.01,25.98,0.0,0.00,0.0,0.0,,0.0
176,24,5.00,1,20.04,25.70,25.67,0.0,0.00,0.0,0.0,,0.0
176,1,6.00,1,19.51,25.38,25.36,0.0,0.00,0.0,0.0,,0.0
176,2,6.00,1,18.66,25.05,25.03,0.0,0.00,0.0,0.0,,0.0
176,3,6.00,1,17.77,24.70,24.68,0.0,0.00,0.0,0.0,,0.0
176,4,6.00,1,17.22,24.36,24.33,0.0,0.00,0.0,0.0,,0.0
176,5,6.00,1,17.69,24.07,24.05,0.0,0.00,0.0,0.0,,0.0
176,6,6.00,1,18.03,23.82,23.80,0.0,0.00,0.0,0.0,,0.0
176,7,6.00,1,18.69,23.62,23.60,0.0,0.00,0.0,0.0,,0.0
176,8,6.00,1,19.43,24.12,24.10,0.0,0.00,0.0,0.0,,0.0
176,9,6.00,1,21.14,24.38,24.36,0.0,0.00,0.0,0.0,,0.0
176,10,6.00,1,22.08,24.63,24.61,0.0,0.00,0.0,0.0,,0.0
176,11,6.00,1,22.67,24.93,24.91,0.0,0.00,0.0,0.0,,0.0
176,12,6.00,1,23.49,25.30,25.29,0.0,0.00,0.0,0.0,,0.0
176,13,6.00,1,24.25,25.72,25.71,0.0,0.00,0.0,0.0,,0.0
176,14,6.00,1,24.90,26.17,26.16,0.0,0.00,0.0,0.0,,0.0
176,15,6.00,1,25.93,26.64,26.63,0.0,0.00,0.0,0.0,,0.0
176,16,6.00,1,24.84,27.00,26.99,0.0,0.00,0.0,0.0,,0.0
176,17,6.00,1,23.64,27.24,27.23,0.0,0.00,0.0,0.0,,0.0
176,18,6.00,1,22.52,27.36,27.35,0.0,0.00,0.0,0.0,,0.0
176,19,6.00,1,21.25,26.71,26.70,0.0,0.00,0.0,0.0,,0.0
176,20,6.00,1,20.19,26.34,26.33,0.0,0.00,0.0,0.0,,0.0
176,21,6.00,1,19.55,25.99,25.98,0.0,0.00,0.0,0.0,,0.0
176,22,6.00,1,19.11,25.65,25.64,0.0,0.00,0.0,0.0,,0.0
176,23,6.00,1,18.44,25.29,25.29,0.0,0.00,0.0,0.0,,0.0
176,24,6.00,1,17.65,24.93,24.92,0.0,0.00,0.0,0.0,,0.0
176,1,7.00,1,16.82,24.55,24.54,0.0,0.00,0.0,0.0,,0.0
176,2,7.00,1,16.42,24.18,24.18,0.0,0.00,0.0,0.0,,0.0
176,3,7.00,1,15.76,23.81,23.81,0.0,0.00,0.0,0.0,,0.0
176,4,7.00,1,16.26,23.51,23.50,0.0,0.00,0.0,0.0,,0.0
176,5,7.00,1,17.07,23.26,23.26,0.0,0.00,0.0,0.0,,0.0
176,6,7.00,1,17.49,23.04,23.04,0.0,0.00,0.0,0.0,,0.0
176,7,7.00,1,18.02,22.86,22.86,0.0,0.00,0.0,0.0,,0.0
176,8,7.00,1,18.42,23.36,23.36,0.0,0.00,0.0,0.0,,0.0
176,9,7.00,1,20.39,23.64,23.64,0.0,0.00,0.0,0.0,,0.0
176,10,7.00,1,21.59,23.92,23.92,0.0,0.00,0.0,0.0,,0.0
176,11,7.00,1,22.62,24.27,24.27,0.0,0.00,0.0,0.0,,0.0
176,12,7.00,1,23.16,24.66,24.66,0.0,0.00,0.0,0.0,,0.0
176,13,7.00,1,23.53,25.09,25.08,0.0,0.00,0.0,0.0,,0.0
176,14,7.00,1,24.02,25.53,25.53,0.0,0.00,0.0,0.0,,0.0
176,15,7.00,1,24.62,25.98,25.98,0.0,0.00,0.0,0.0,,0.0
176,16,7.00,1,25.21,26.42,26.42,0.0,0.00,0.0,0.0,,0.0
176,17,7.00,1,25.78,26.82,26.82,0.0,0.00,0.0,0.0,,0.0
176,18,7.00,1,24.48,27.05,27.05,0.0,0.00,0.0,0.0,,0.0
176,19,7.00,1,23.30,26.50,26.50,0.0,0.00,0.0,0.0,,0.0
176,20,7.00,1,22.11,26.21,26.21,0.0,0.00,0.0,0.0,,0.0
176,21,7.00,1,21.27,25.93,25.93,0.0,0.00,0.0,0.0,,0.0
176,22,7.00,1,20.55,25.64,25.64,0.0,0.00,0.0,0.0,,0.0
176,23,7.00,1,20.21,25.36,25.36,0.0,0.00,0.0,0.0,,0.0
176,24,7.00,1,19.74,25.08,25.08,0.0,0.00,0.0,0.0,,0.0
176,1,1.00,2,19.06,24.78,24.78,0.0,0.00,0.0,0.0,,0.0
176,2,1.00,2,18.60,24.48,24.48,0.0,0.00,0.0,0.0,,0.0
176,3,1.00,2,17.66,24.16,24.16,0.0,0.00,0.0,0.0,,0.0
176,4,1.00,2,16.64,23.81,23.81,0.0,0.00,0.0,0.0,,0.0
176,5,1.00,2,15.66,23.45,23.45,0.0,0.00,0.0,0.0,,0.0
176,6,1.00,2,14.94,23.08,23.08,0.0,0.00,0.0,0.0,,0.0
176,7,1.00,2,15.78,22.80,22.80,0.0,0.00,0.0,0.0,,0.0
176,8,1.00,2,16.85,22.96,22.97,0.0,0.00,0.0,0.0,,0.0
176,9,1.00,2,19.30,23.21,23.21,0.0,0.00,0.0,0.0,,0.0
176,10,1.00,2,20.60,23.47,23.48,0.0,0.00,0.0,0.0,,0.0
176,11,1.00,2,22.05,23.85,23.85,0.0,0.00,0.0,0.0,,0.0
176,12,1.00,2,23.05,24.30,24.30,0.0,0.00,0.0,-92.67,,-92.67
176,13,1.00,2,23.88,24.80,24.81,0.0,0.00,0.0,-4.02,,-4.02
176,14,1.00,2,24.66,25.35,25.35,0.0,0.00,0.0,0.0,,0.0
176,15,1.00,2,25.68,25.93,25.93,0.0,0.00,0.0,-514.94,,-514.94
176,16,1.00,2,26.51,26.49,26.49,0.0,0.00,0.0,0.0,,0.0
176,17,1.00,2,26.08,26.87,26.87,0.0,0.00,0.0,0.0,,0.0
176,18,1.00,2,25.21,27.08,26.98,-258.55,0.00,0.0,-203.0,,-461.55
176,19,1.00,2,24.31,26.65,26.62,0.0,0.00,0.0,-0.0,,0.0
176,20,1.00,2,23.14,26.40,26.38,0.0,0.00,0.0,-0.0,,0.0
176,21,1.00,2,22.17,26.14,26.13,0.0,0.00,0.0,0.0,,0.0
176,22,1.00,2,21.31,25.86,25.85,0.0,0.00,0.0,0.0,,0.0
176,23,1.00,2,21.10,25.59,25.59,0.0,0.00,0.0,0.0,,0.0
176,24,1.00,2,20.91,25.34,25.34,0.0,0.00,0.0,0.0,,0.0
