ID_Recinto,Hora,Dia,Mes,Temperatura_exterior,Temperatura_operativa_free_float,Temperatura_operativa_con_clima,Demanda,Sol,G_HU,G_DHU,x_int_aire,demanda_total
129,1,1.00,1,14.93,26.43,22.57,0.0,0.00,0.0,0.0,,0.0
129,2,1.00,1,14.00,24.13,20.93,0.0,0.00,0.0,0.0,,0.0
129,3,1.00,1,13.08,22.09,19.43,0.0,0.00,0.0,0.0,,0.0
129,4,1.00,1,12.32,20.28,18.08,0.0,0.00,0.0,0.0,,0.0
129,5,1.00,1,13.49,19.07,17.24,0.0,0.00,0.0,-0.0,,0.0
129,6,1.00,1,13.74,18.08,16.57,0.0,0.00,0.0,-0.0,,0.0
129,7,1.00,1,14.53,17.46,16.21,0.0,25.84,0.0,-0.0,,0.0
129,8,1.00,1,15.95,22.74,21.83,32.79,2787.54,0.0,0.0,,32.79
129,9,1.00,1,18.40,26.89,26.18,0.0,2429.36,0.0,0.0,,0.0
129,10,1.00,1,20.78,29.76,26.83,-1484.72,1698.66,0.0,-48.85,,-1533.57
129,11,1.00,1,23.31,31.68,26.83,-1909.91,994.15,0.0,-388.51,,-2298.42
129,12,1.00,1,25.08,33.80,26.83,-2455.9,1199.32,0.0,-491.18,,-2947.08
129,13,1.00,1,26.47,35.77,26.83,-2795.37,1252.48,0.0,-393.52,,-3188.89
129,14,1.00,1,27.71,37.47,26.83,-3002.77,1231.18,0.0,-267.42,,-3270.19
129,15,1.00,1,29.22,39.14,26.83,-3277.73,1221.41,0.0,-376.46,,-3654.19
129,16,1.00,1,29.86,40.52,26.83,-3395.88,1172.03,0.0,-258.53,,-3654.41
129,17,1.00,1,28.94,41.25,26.83,-3216.22,1115.03,0.0,-216.26,,-3432.4799999999996
129,18,1.00,1,27.73,41.30,26.83,-2858.96,942.68,0.0,-319.45,,-3178.41
129,19,1.00,1,25.92,41.02,30.01,0.0,1661.41,0.0,0.0,,0.0
129,20,1.00,1,23.63,40.81,31.95,0.0,2068.12,0.0,0.0,,0.0
129,21,1.00,1,20.98,37.13,29.85,0.0,0.00,0.0,0.0,,0.0
129,22,1.00,1,19.50,33.88,27.87,0.0,0.00,0.0,0.0,,0.0
129,23,1.00,1,17.68,30.89,25.92,0.0,0.00,0.0,0.0,,0.0
129,24,1.00,1,16.50,28.25,24.13,0.0,0.00,0.0,0.0,,0.0
129,1,2.00,1,15.06,25.82,22.40,0.0,0.00,0.0,0.0,,0.0
129,2,2.00,1,14.08,23.66,20.83,0.0,0.00,0.0,0.0,,0.0
129,3,2.00,1,13.29,21.75,19.40,0.0,0.00,0.0,0.0,,0.0
129,4,2.00,1,12.61,20.06,18.11,0.0,0.00,0.0,-0.0,,0.0
129,5,2.00,1,13.29,18.83,17.22,0.0,0.00,0.0,-0.0,,0.0
129,6,2.00,1,13.55,17.85,16.52,0.0,0.00,0.0,-0.0,,0.0
129,7,2.00,1,13.70,17.10,15.99,0.0,25.84,0.0,-0.0,,0.0
129,8,2.00,1,15.19,22.28,21.83,249.58,2787.54,0.0,0.0,,249.58
129,9,2.00,1,16.96,26.19,25.76,0.0,2429.36,0.0,0.0,,0.0
129,10,2.00,1,19.11,28.82,26.83,-1028.76,1698.66,0.0,-48.88,,-1077.64
129,11,2.00,1,21.17,30.46,26.83,-1506.42,994.15,0.0,-375.21,,-1881.63
129,12,2.00,1,23.42,32.52,26.83,-2142.26,1199.32,0.0,-644.37,,-2786.63
129,13,2.00,1,24.99,34.46,26.83,-2517.35,1252.48,0.0,-896.22,,-3413.5699999999997
129,14,2.00,1,25.87,36.04,26.83,-2666.6,1231.18,0.0,-957.73,,-3624.33
129,15,2.00,1,26.51,37.38,26.83,-2792.11,1221.41,0.0,-364.59,,-3156.7000000000003
129,16,2.00,1,26.00,38.23,26.83,-2707.15,1172.03,0.0,0.0,,-2707.15
129,17,2.00,1,25.18,38.65,26.83,-2537.17,1115.03,0.0,0.0,,-2537.17
129,18,2.00,1,23.87,38.43,26.83,-2156.63,942.68,0.0,0.0,,-2156.63
129,19,2.00,1,22.16,38.03,29.16,0.0,1661.41,0.0,0.0,,0.0
129,20,2.00,1,19.84,37.70,30.55,0.0,2068.12,0.0,0.0,,0.0
129,21,2.00,1,17.66,34.01,28.13,0.0,0.00,0.0,0.0,,0.0
129,22,2.00,1,16.19,30.75,25.89,0.0,0.00,0.0,0.0,,0.0
129,23,2.00,1,14.75,27.82,23.80,0.0,0.00,0.0,0.0,,0.0
129,24,2.00,1,13.86,25.28,21.95,0.0,0.00,0.0,0.0,,0.0
129,1,3.00,1,13.01,23.04,20.28,0.0,0.00,0.0,0.0,,0.0
129,2,3.00,1,12.43,21.10,18.81,0.0,0.00,0.0,0.0,,0.0
129,3,3.00,1,11.77,19.38,17.48,0.0,0.00,0.0,0.0,,0.0
129,4,3.00,1,12.30,18.10,16.52,0.0,0.00,0.0,-0.0,,0.0
129,5,3.00,1,13.36,17.24,15.94,0.0,0.00,0.0,-0.0,,0.0
129,6,3.00,1,13.61,16.56,15.48,0.0,0.00,0.0,-0.0,,0.0
129,7,3.00,1,14.32,16.16,15.26,0.0,25.84,0.0,-0.0,,0.0
129,8,3.00,1,15.84,22.22,21.47,0.0,2787.54,0.0,0.0,,0.0
129,9,3.00,1,17.80,26.96,26.34,0.0,2429.36,0.0,0.0,,0.0
129,10,3.00,1,19.78,30.23,29.72,0.0,1698.66,0.0,0.0,,0.0
129,11,3.00,1,21.70,32.31,31.88,0.0,994.15,0.0,0.0,,0.0
129,12,3.00,1,23.83,34.69,34.34,0.0,1199.32,0.0,0.0,,0.0
129,13,3.00,1,25.32,36.93,36.64,0.0,1252.48,0.0,0.0,,0.0
129,14,3.00,1,26.73,38.92,38.68,0.0,1231.18,0.0,0.0,,0.0
129,15,3.00,1,28.08,40.79,40.59,0.0,1221.41,0.0,0.0,,0.0
129,16,3.00,1,28.64,42.38,42.22,0.0,1172.03,0.0,0.0,,0.0
129,17,3.00,1,27.96,43.48,43.34,0.0,1115.03,0.0,0.0,,0.0
129,18,3.00,1,26.64,43.87,43.76,0.0,942.68,0.0,0.0,,0.0
129,19,3.00,1,25.12,42.74,42.64,0.0,1661.41,0.0,0.0,,0.0
129,20,3.00,1,22.98,42.06,41.98,0.0,2068.12,0.0,0.0,,0.0
129,21,3.00,1,20.55,38.08,38.01,0.0,0.00,0.0,0.0,,0.0
129,22,3.00,1,19.30,34.65,34.59,0.0,0.00,0.0,0.0,,0.0
129,23,3.00,1,18.21,31.65,31.60,0.0,0.00,0.0,0.0,,0.0
129,24,3.00,1,17.08,28.99,28.95,0.0,0.00,0.0,0.0,,0.0
129,1,4.00,1,16.19,26.64,26.61,0.0,0.00,0.0,0.0,,0.0
129,2,4.00,1,15.49,24.60,24.57,0.0,0.00,0.0,0.0,,0.0
129,3,4.00,1,14.74,22.78,22.75,0.0,0.00,0.0,0.0,,0.0
129,4,4.00,1,14.14,21.17,21.15,0.0,0.00,0.0,0.0,,0.0
129,5,4.00,1,14.08,19.86,19.84,0.0,0.00,0.0,0.0,,0.0
129,6,4.00,1,13.48,18.65,18.64,0.0,0.00,0.0,-0.0,,0.0
129,7,4.00,1,14.10,17.84,17.83,0.0,25.84,0.0,-0.0,,0.0
129,8,4.00,1,15.11,23.46,23.45,0.0,2787.54,0.0,0.0,,0.0
129,9,4.00,1,16.14,27.66,27.65,0.0,2429.36,0.0,0.0,,0.0
129,10,4.00,1,17.63,30.42,30.41,0.0,1698.66,0.0,0.0,,0.0
129,11,4.00,1,18.74,31.92,31.92,0.0,994.15,0.0,0.0,,0.0
129,12,4.00,1,21.12,33.92,33.91,0.0,1199.32,0.0,0.0,,0.0
129,13,4.00,1,22.02,35.70,35.70,0.0,1252.48,0.0,0.0,,0.0
129,14,4.00,1,23.62,37.38,37.38,0.0,1231.18,0.0,0.0,,0.0
129,15,4.00,1,24.96,38.99,38.99,0.0,1221.41,0.0,0.0,,0.0
129,16,4.00,1,26.01,40.47,40.47,0.0,1172.03,0.0,0.0,,0.0
129,17,4.00,1,25.34,41.45,41.45,0.0,1115.03,0.0,0.0,,0.0
129,18,4.00,1,23.86,41.72,41.72,0.0,942.68,0.0,0.0,,0.0
129,19,4.00,1,22.75,40.57,40.57,0.0,1661.41,0.0,0.0,,0.0
129,20,4.00,1,20.70,39.89,39.89,0.0,2068.12,0.0,0.0,,0.0
129,21,4.00,1,18.87,36.02,36.02,0.0,0.00,0.0,0.0,,0.0
129,22,4.00,1,17.55,32.65,32.65,0.0,0.00,0.0,0.0,,0.0
129,23,4.00,1,15.95,29.60,29.59,0.0,0.00,0.0,0.0,,0.0
129,24,4.00,1,14.76,26.89,26.88,0.0,0.00,0.0,0.0,,0.0
129,1,5.00,1,13.44,24.42,24.42,0.0,0.00,0.0,0.0,,0.0
129,2,5.00,1,12.79,22.30,22.29,0.0,0.00,0.0,0.0,,0.0
129,3,5.00,1,11.92,20.39,20.39,0.0,0.00,0.0,0.0,,0.0
129,4,5.00,1,11.12,18.67,18.67,0.0,0.00,0.0,0.0,,0.0
129,5,5.00,1,12.68,17.62,17.62,0.0,0.00,0.0,0.0,,0.0
129,6,5.00,1,13.05,16.78,16.78,0.0,0.00,0.0,-0.0,,0.0
129,7,5.00,1,13.37,16.16,16.16,0.0,25.84,0.0,-0.0,,0.0
129,8,5.00,1,15.06,21.55,21.83,178.76,2787.54,0.0,0.0,,178.76
129,9,5.00,1,17.27,25.71,25.88,0.0,2429.36,0.0,0.0,,0.0
129,10,5.00,1,20.06,28.70,26.83,-1246.29,1698.66,0.0,0.0,,-1246.29
129,11,5.00,1,23.32,30.91,26.83,-1893.61,994.15,0.0,0.0,,-1893.61
129,12,5.00,1,24.92,33.17,26.83,-2421.07,1199.32,0.0,0.0,,-2421.07
129,13,5.00,1,26.89,35.39,26.83,-2863.8,1252.48,0.0,0.0,,-2863.8
129,14,5.00,1,28.42,37.35,26.83,-3125.63,1231.18,0.0,0.0,,-3125.63
129,15,5.00,1,29.87,39.19,26.83,-3395.62,1221.41,0.0,0.0,,-3395.62
129,16,5.00,1,30.79,40.78,26.83,-3564.36,1172.03,0.0,0.0,,-3564.36
129,17,5.00,1,31.44,42.09,26.83,-3657.32,1115.03,0.0,0.0,,-3657.32
129,18,5.00,1,30.32,42.53,26.83,-3323.63,942.68,0.0,0.0,,-3323.63
129,19,5.00,1,28.84,42.52,30.66,0.0,1661.41,0.0,0.0,,0.0
129,20,5.00,1,26.00,42.44,32.91,0.0,2068.12,0.0,0.0,,0.0
129,21,5.00,1,23.35,38.86,31.05,0.0,0.00,0.0,0.0,,0.0
129,22,5.00,1,21.48,35.64,29.19,0.0,0.00,0.0,0.0,,0.0
129,23,5.00,1,19.77,32.71,27.37,0.0,0.00,0.0,0.0,,0.0
129,24,5.00,1,18.12,30.01,25.59,0.0,0.00,0.0,0.0,,0.0
129,1,6.00,1,16.54,27.51,23.85,0.0,0.00,0.0,0.0,,0.0
129,2,6.00,1,15.38,25.27,22.24,0.0,0.00,0.0,0.0,,0.0
129,3,6.00,1,14.32,23.25,20.73,0.0,0.00,0.0,0.0,,0.0
129,4,6.00,1,13.58,21.46,19.37,0.0,0.00,0.0,0.0,,0.0
129,5,6.00,1,14.84,20.28,18.55,0.0,0.00,0.0,0.0,,0.0
129,6,6.00,1,15.25,19.35,17.92,0.0,0.00,0.0,-0.0,,0.0
129,7,6.00,1,16.00,18.76,17.57,0.0,25.84,0.0,-0.0,,0.0
129,8,6.00,1,17.11,23.99,23.08,0.0,2787.54,0.0,0.0,,0.0
129,9,6.00,1,19.29,28.05,26.83,-319.88,2429.36,0.0,0.0,,-319.88
129,10,6.00,1,21.68,30.85,26.83,-1994.37,1698.66,0.0,0.0,,-1994.37
129,11,6.00,1,24.37,32.78,26.83,-2179.94,994.15,0.0,-198.39,,-2378.33
129,12,6.00,1,26.12,34.89,26.83,-2680.6,1199.32,0.0,-206.75,,-2887.35
129,13,6.00,1,27.77,36.91,26.83,-3046.65,1252.48,0.0,-241.49,,-3288.1400000000003
129,14,6.00,1,29.11,38.68,26.83,-3263.62,1231.18,0.0,-125.15,,-3388.77
129,15,6.00,1,30.20,40.27,26.83,-3464.93,1221.41,0.0,-182.55,,-3647.48
129,16,6.00,1,29.62,41.28,26.83,-3368.95,1172.03,0.0,0.0,,-3368.95
129,17,6.00,1,28.46,41.71,26.83,-3140.68,1115.03,0.0,0.0,,-3140.68
129,18,6.00,1,26.91,41.46,26.83,-2717.59,942.68,0.0,0.0,,-2717.59
129,19,6.00,1,25.17,41.05,29.85,0.0,1661.41,0.0,0.0,,0.0
129,20,6.00,1,22.62,40.66,31.62,0.0,2068.12,0.0,0.0,,0.0
129,21,6.00,1,20.11,36.86,29.44,0.0,0.00,0.0,0.0,,0.0
129,22,6.00,1,18.54,33.50,27.37,0.0,0.00,0.0,0.0,,0.0
129,23,6.00,1,17.24,30.52,25.45,0.0,0.00,0.0,0.0,,0.0
129,24,6.00,1,16.22,27.91,23.71,0.0,0.00,0.0,0.0,,0.0
129,1,7.00,1,15.26,25.60,22.11,0.0,0.00,0.0,0.0,,0.0
129,2,7.00,1,14.43,23.55,20.66,0.0,0.00,0.0,0.0,,0.0
129,3,7.00,1,13.62,21.71,19.32,0.0,0.00,0.0,0.0,,0.0
129,4,7.00,1,13.04,20.11,18.12,0.0,0.00,0.0,-0.0,,0.0
129,5,7.00,1,13.95,19.00,17.35,0.0,0.00,0.0,-0.0,,0.0
129,6,7.00,1,14.34,18.13,16.77,0.0,0.00,0.0,-0.0,,0.0
129,7,7.00,1,15.17,17.61,16.48,0.0,25.84,0.0,-0.0,,0.0
129,8,7.00,1,15.66,22.75,21.89,0.0,2787.54,0.0,0.0,,0.0
129,9,7.00,1,17.28,26.61,25.94,0.0,2429.36,0.0,0.0,,0.0
129,10,7.00,1,19.15,29.14,26.83,-1122.57,1698.66,0.0,0.0,,-1122.57
129,11,7.00,1,21.72,30.86,26.83,-1620.92,994.15,0.0,0.0,,-1620.92
129,12,7.00,1,23.59,32.85,26.83,-2184.36,1199.32,0.0,0.0,,-2184.36
129,13,7.00,1,25.28,34.79,26.83,-2574.05,1252.48,0.0,-55.76,,-2629.8100000000004
129,14,7.00,1,26.56,36.47,26.83,-2791.53,1231.18,0.0,0.0,,-2791.53
129,15,7.00,1,27.84,38.05,26.83,-3028.81,1221.41,0.0,0.0,,-3028.81
129,16,7.00,1,28.40,39.35,26.83,-3132.74,1172.03,0.0,0.0,,-3132.74
129,17,7.00,1,27.56,40.04,26.83,-2966.37,1115.03,0.0,0.0,,-2966.37
129,18,7.00,1,26.22,40.02,26.83,-2584.14,942.68,0.0,0.0,,-2584.14
129,19,7.00,1,24.77,39.79,29.75,0.0,1661.41,0.0,0.0,,0.0
129,20,7.00,1,22.43,39.60,31.51,0.0,2068.12,0.0,0.0,,0.0
129,21,7.00,1,20.21,36.01,29.37,0.0,0.00,0.0,0.0,,0.0
129,22,7.00,1,18.66,32.82,27.34,0.0,0.00,0.0,0.0,,0.0
129,23,7.00,1,17.51,30.01,25.48,0.0,0.00,0.0,0.0,,0.0
129,24,7.00,1,16.52,27.54,23.78,0.0,0.00,0.0,0.0,,0.0
129,1,1.00,1,15.58,25.35,22.23,0.0,0.00,0.0,0.0,,0.0
129,2,1.00,1,14.84,23.41,20.83,0.0,0.00,0.0,0.0,,0.0
129,3,1.00,1,14.17,21.70,19.56,0.0,0.00,0.0,0.0,,0.0
129,4,1.00,1,13.55,20.18,18.41,0.0,0.00,0.0,0.0,,0.0
129,5,1.00,1,13.34,18.91,17.44,0.0,0.00,0.0,-0.0,,0.0
129,6,1.00,1,12.61,17.71,16.49,0.0,0.00,0.0,-0.0,,0.0
129,7,1.00,1,13.57,16.98,15.97,0.0,25.84,0.0,-0.0,,0.0
129,8,1.00,1,15.12,22.18,21.83,263.08,2787.54,0.0,0.0,,263.08
129,9,1.00,1,17.47,26.26,25.90,0.0,2429.36,0.0,0.0,,0.0
129,10,1.00,1,19.82,29.06,26.83,-1208.37,1698.66,0.0,0.0,,-1208.37
129,11,1.00,1,22.59,31.00,26.83,-1765.63,994.15,0.0,-77.97,,-1843.6000000000001
129,12,1.00,1,25.10,33.32,26.83,-2447.79,1199.32,0.0,-221.59,,-2669.38
129,13,1.00,1,27.06,35.56,26.83,-2891.15,1252.48,0.0,-242.46,,-3133.61
129,14,1.00,1,28.76,37.58,26.83,-3184.87,1231.18,0.0,-122.77,,-3307.64
129,15,1.00,1,30.34,39.47,26.83,-3479.07,1221.41,0.0,-184.38,,-3663.4500000000003
129,16,1.00,1,31.26,41.10,26.83,-3649.38,1172.03,0.0,-57.27,,-3706.65
129,17,1.00,1,30.54,42.07,26.83,-3506.73,1115.03,0.0,-0.91,,-3507.64
129,18,1.00,1,29.17,42.24,26.83,-3122.94,942.68,0.0,-37.04,,-3159.98
129,19,1.00,1,27.77,42.12,30.43,0.0,1661.41,0.0,0.0,,0.0
129,20,1.00,1,25.23,41.99,32.58,0.0,2068.12,0.0,0.0,,0.0
129,21,1.00,1,22.74,38.40,30.69,0.0,0.00,0.0,0.0,,0.0
129,22,1.00,1,21.00,35.19,28.81,0.0,0.00,0.0,0.0,,0.0
129,23,1.00,1,19.37,32.27,26.99,0.0,0.00,0.0,0.0,,0.0
129,24,1.00,1,18.10,29.66,25.29,0.0,0.00,0.0,0.0,,0.0
129,1,2.00,1,16.85,27.30,23.68,0.0,0.00,0.0,0.0,,0.0
129,2,2.00,1,15.89,25.19,22.19,0.0,0.00,0.0,0.0,,0.0
129,3,2.00,1,14.53,23.21,20.72,0.0,0.00,0.0,0.0,,0.0
129,4,2.00,1,13.61,21.42,19.36,0.0,0.00,0.0,0.0,,0.0
129,5,2.00,1,14.91,20.26,18.55,0.0,0.00,0.0,-0.0,,0.0
129,6,2.00,1,14.94,19.27,17.85,0.0,0.00,0.0,-0.0,,0.0
129,7,2.00,1,15.93,18.69,17.51,0.0,25.84,0.0,-0.0,,0.0
129,8,2.00,1,16.95,23.90,23.00,0.0,2787.54,0.0,0.0,,0.0
129,9,2.00,1,19.40,28.02,26.83,-305.14,2429.36,0.0,0.0,,-305.14
129,10,2.00,1,23.33,31.28,26.83,-2275.14,1698.66,0.0,-655.03,,-2930.17
129,11,2.00,1,26.36,33.58,26.83,-2529.89,994.15,0.0,-1004.67,,-3534.56
129,12,2.00,1,28.35,36.02,26.83,-3080.4,1199.32,0.0,-606.8,,-3687.2
129,13,2.00,1,29.82,38.23,26.83,-3421.02,1252.48,0.0,-828.62,,-4249.64
129,14,2.00,1,30.58,39.99,26.83,-3539.72,1231.18,0.0,-704.08,,-4243.8
129,15,2.00,1,31.23,41.49,26.83,-3663.13,1221.41,0.0,-612.89,,-4276.02
129,16,2.00,1,30.22,42.32,26.83,-3487.71,1172.03,0.0,-198.0,,-3685.71
129,17,2.00,1,29.08,42.66,26.83,-3258.76,1115.03,0.0,0.0,,-3258.76
129,18,2.00,1,28.06,42.48,26.83,-2925.38,942.68,0.0,-133.53,,-3058.9100000000003
129,19,2.00,1,26.21,42.07,30.08,0.0,1661.41,0.0,0.0,,0.0
129,20,2.00,1,24.17,41.79,32.12,0.0,2068.12,0.0,0.0,,0.0
129,21,2.00,1,21.88,38.11,30.16,0.0,0.00,0.0,0.0,,0.0
129,22,2.00,1,20.09,34.79,28.23,0.0,0.00,0.0,0.0,,0.0
129,23,2.00,1,18.68,31.84,26.40,0.0,0.00,0.0,0.0,,0.0
129,24,2.00,1,17.58,29.22,24.72,0.0,0.00,0.0,0.0,,0.0
129,1,3.00,1,16.65,26.92,23.19,0.0,0.00,0.0,0.0,,0.0
129,2,3.00,1,15.68,24.85,21.76,0.0,0.00,0.0,0.0,,0.0
129,3,3.00,1,14.36,22.89,20.33,0.0,0.00,0.0,0.0,,0.0
129,4,3.00,1,13.67,21.18,19.06,0.0,0.00,0.0,0.0,,0.0
129,5,3.00,1,13.22,19.70,17.94,0.0,0.00,0.0,-0.0,,0.0
129,6,3.00,1,12.49,18.35,16.89,0.0,0.00,0.0,-0.0,,0.0
129,7,3.00,1,14.04,17.62,16.41,0.0,25.84,0.0,-0.0,,0.0
129,8,3.00,1,15.24,23.32,22.32,0.0,2787.54,0.0,0.0,,0.0
129,9,3.00,1,17.29,27.79,26.96,0.0,2429.36,0.0,0.0,,0.0
129,10,3.00,1,19.65,30.91,30.22,0.0,1698.66,0.0,0.0,,0.0
129,11,3.00,1,22.75,33.11,32.53,0.0,994.15,0.0,0.0,,0.0
129,12,3.00,1,24.77,35.52,35.05,0.0,1199.32,0.0,0.0,,0.0
129,13,3.00,1,26.81,37.89,37.50,0.0,1252.48,0.0,0.0,,0.0
129,14,3.00,1,28.24,39.98,39.66,0.0,1231.18,0.0,0.0,,0.0
129,15,3.00,1,29.64,41.94,41.67,0.0,1221.41,0.0,0.0,,0.0
129,16,3.00,1,30.58,43.68,43.46,0.0,1172.03,0.0,0.0,,0.0
129,17,3.00,1,29.62,44.83,44.64,0.0,1115.03,0.0,0.0,,0.0
129,18,3.00,1,28.35,45.28,45.13,0.0,942.68,0.0,0.0,,0.0
129,19,3.00,1,26.55,44.14,44.01,0.0,1661.41,0.0,0.0,,0.0
129,20,3.00,1,23.92,43.36,43.25,0.0,2068.12,0.0,0.0,,0.0
129,21,3.00,1,21.24,39.26,39.17,0.0,0.00,0.0,0.0,,0.0
129,22,3.00,1,19.43,35.62,35.55,0.0,0.00,0.0,0.0,,0.0
129,23,3.00,1,18.10,32.42,32.36,0.0,0.00,0.0,0.0,,0.0
129,24,3.00,1,16.96,29.61,29.55,0.0,0.00,0.0,0.0,,0.0
129,1,4.00,1,16.00,27.12,27.08,0.0,0.00,0.0,0.0,,0.0
129,2,4.00,1,14.97,24.89,24.86,0.0,0.00,0.0,0.0,,0.0
129,3,4.00,1,13.95,22.88,22.85,0.0,0.00,0.0,0.0,,0.0
129,4,4.00,1,13.14,21.08,21.05,0.0,0.00,0.0,0.0,,0.0
129,5,4.00,1,12.57,19.50,19.48,0.0,0.00,0.0,0.0,,0.0
129,6,4.00,1,11.72,18.04,18.02,0.0,0.00,0.0,0.0,,0.0
129,7,4.00,1,13.03,17.18,17.17,0.0,25.84,0.0,-0.0,,0.0
129,8,4.00,1,14.68,22.88,22.87,0.0,2787.54,0.0,0.0,,0.0
129,9,4.00,1,16.88,27.37,27.35,0.0,2429.36,0.0,0.0,,0.0
129,10,4.00,1,19.63,30.58,30.57,0.0,1698.66,0.0,0.0,,0.0
129,11,4.00,1,22.42,32.77,32.76,0.0,994.15,0.0,0.0,,0.0
129,12,4.00,1,24.84,35.27,35.26,0.0,1199.32,0.0,0.0,,0.0
129,13,4.00,1,26.90,37.71,37.70,0.0,1252.48,0.0,0.0,,0.0
129,14,4.00,1,28.56,39.89,39.89,0.0,1231.18,0.0,0.0,,0.0
129,15,4.00,1,30.01,41.93,41.93,0.0,1221.41,0.0,0.0,,0.0
129,16,4.00,1,31.18,43.79,43.79,0.0,1172.03,0.0,0.0,,0.0
129,17,4.00,1,30.45,45.07,45.07,0.0,1115.03,0.0,0.0,,0.0
129,18,4.00,1,29.11,45.61,45.61,0.0,942.68,0.0,0.0,,0.0
129,19,4.00,1,27.58,44.60,44.60,0.0,1661.41,0.0,0.0,,0.0
129,20,4.00,1,24.96,43.92,43.92,0.0,2068.12,0.0,0.0,,0.0
129,21,4.00,1,22.62,39.97,39.97,0.0,0.00,0.0,0.0,,0.0
129,22,4.00,1,20.70,36.42,36.42,0.0,0.00,0.0,0.0,,0.0
129,23,4.00,1,19.28,33.28,33.28,0.0,0.00,0.0,0.0,,0.0
129,24,4.00,1,17.92,30.47,30.47,0.0,0.00,0.0,0.0,,0.0
129,1,5.00,1,16.71,27.95,27.95,0.0,0.00,0.0,0.0,,0.0
129,2,5.00,1,15.81,25.72,25.72,0.0,0.00,0.0,0.0,,0.0
129,3,5.00,1,14.72,23.69,23.69,0.0,0.00,0.0,0.0,,0.0
129,4,5.00,1,13.97,21.89,21.89,0.0,0.00,0.0,0.0,,0.0
129,5,5.00,1,13.37,20.31,20.31,0.0,0.00,0.0,0.0,,0.0
129,6,5.00,1,12.69,18.89,18.89,0.0,0.00,0.0,0.0,,0.0
129,7,5.00,1,13.84,18.02,18.01,0.0,25.84,0.0,-0.0,,0.0
129,8,5.00,1,14.99,22.93,22.93,0.0,2787.54,0.0,0.0,,0.0
129,9,5.00,1,17.14,26.75,26.75,0.0,2429.36,0.0,0.0,,0.0
129,10,5.00,1,20.22,29.57,26.83,-1719.26,1698.66,0.0,0.0,,-1719.26
129,11,5.00,1,23.13,31.53,26.83,-1956.96,994.15,0.0,0.0,,-1956.96
129,12,5.00,1,25.62,33.86,26.83,-2586.0,1199.32,0.0,0.0,,-2586.0
129,13,5.00,1,27.77,36.15,26.83,-3039.48,1252.48,0.0,-74.16,,-3113.64
129,14,5.00,1,29.42,38.17,26.83,-3314.72,1231.18,0.0,-97.93,,-3412.6499999999996
129,15,5.00,1,30.89,40.06,26.83,-3586.25,1221.41,0.0,-121.46,,-3707.71
129,16,5.00,1,31.85,41.69,26.83,-3760.54,1172.03,0.0,-62.85,,-3823.39
129,17,5.00,1,30.96,42.61,26.83,-3588.38,1115.03,0.0,0.0,,-3588.38
129,18,5.00,1,29.69,42.78,26.83,-3220.66,942.68,0.0,0.0,,-3220.66
129,19,5.00,1,28.09,42.61,30.50,0.0,1661.41,0.0,0.0,,0.0
129,20,5.00,1,25.63,42.47,32.72,0.0,2068.12,0.0,0.0,,0.0
129,21,5.00,1,23.16,38.87,30.88,0.0,0.00,0.0,0.0,,0.0
129,22,5.00,1,21.41,35.65,29.04,0.0,0.00,0.0,0.0,,0.0
129,23,5.00,1,20.02,32.77,27.31,0.0,0.00,0.0,0.0,,0.0
129,24,5.00,1,18.74,30.19,25.66,0.0,0.00,0.0,0.0,,0.0
129,1,6.00,1,17.64,27.88,24.13,0.0,0.00,0.0,0.0,,0.0
129,2,6.00,1,16.80,25.83,22.72,0.0,0.00,0.0,0.0,,0.0
129,3,6.00,1,15.69,23.95,21.37,0.0,0.00,0.0,0.0,,0.0
129,4,6.00,1,14.91,22.26,20.13,0.0,0.00,0.0,0.0,,0.0
129,5,6.00,1,13.94,20.70,18.93,0.0,0.00,0.0,0.0,,0.0
129,6,6.00,1,13.14,19.27,17.81,0.0,0.00,0.0,-0.0,,0.0
129,7,6.00,1,14.09,18.37,17.15,0.0,25.84,0.0,-0.0,,0.0
129,8,6.00,1,14.93,23.17,22.24,0.0,2787.54,0.0,0.0,,0.0
129,9,6.00,1,17.38,27.01,26.28,0.0,2429.36,0.0,0.0,,0.0
129,10,6.00,1,19.80,29.64,26.83,-1408.43,1698.66,0.0,0.0,,-1408.43
129,11,6.00,1,22.65,31.48,26.83,-1822.89,994.15,0.0,0.0,,-1822.89
129,12,6.00,1,24.65,33.57,26.83,-2390.74,1199.32,0.0,0.0,,-2390.74
129,13,6.00,1,26.37,35.60,26.83,-2781.4,1252.48,0.0,0.0,,-2781.4
129,14,6.00,1,27.65,37.34,26.83,-2994.76,1231.18,0.0,0.0,,-2994.76
129,15,6.00,1,28.66,38.89,26.83,-3184.09,1221.41,0.0,0.0,,-3184.09
129,16,6.00,1,29.44,40.24,26.83,-3324.54,1172.03,0.0,0.0,,-3324.54
129,17,6.00,1,28.73,41.00,26.83,-3179.4,1115.03,0.0,0.0,,-3179.4
129,18,6.00,1,27.56,41.08,26.83,-2828.75,942.68,0.0,0.0,,-2828.75
129,19,6.00,1,26.08,40.88,30.05,0.0,1661.41,0.0,0.0,,0.0
129,20,6.00,1,23.76,40.73,32.00,0.0,2068.12,0.0,0.0,,0.0
129,21,6.00,1,21.51,37.16,30.01,0.0,0.00,0.0,0.0,,0.0
129,22,6.00,1,20.27,34.06,28.15,0.0,0.00,0.0,0.0,,0.0
129,23,6.00,1,19.05,31.31,26.41,0.0,0.00,0.0,0.0,,0.0
129,24,6.00,1,18.02,28.87,24.81,0.0,0.00,0.0,0.0,,0.0
129,1,7.00,1,17.21,26.73,23.37,0.0,0.00,0.0,0.0,,0.0
129,2,7.00,1,16.52,24.84,22.06,0.0,0.00,0.0,0.0,,0.0
129,3,7.00,1,15.16,23.03,20.72,0.0,0.00,0.0,0.0,,0.0
129,4,7.00,1,14.49,21.44,19.52,0.0,0.00,0.0,0.0,,0.0
129,5,7.00,1,13.77,20.00,18.41,0.0,0.00,0.0,0.0,,0.0
129,6,7.00,1,13.07,18.69,17.37,0.0,0.00,0.0,-0.0,,0.0
129,7,7.00,1,14.50,17.97,16.88,0.0,25.84,0.0,-0.0,,0.0
129,8,7.00,1,15.08,22.89,22.06,0.0,2787.54,0.0,0.0,,0.0
129,9,7.00,1,17.55,26.83,26.18,0.0,2429.36,0.0,0.0,,0.0
129,10,7.00,1,20.36,29.65,26.83,-1449.24,1698.66,0.0,0.0,,-1449.24
129,11,7.00,1,22.82,31.50,26.83,-1842.1,994.15,0.0,0.0,,-1842.1
129,12,7.00,1,25.59,33.83,26.83,-2550.21,1199.32,0.0,-99.46,,-2649.67
129,13,7.00,1,27.55,36.08,26.83,-2988.45,1252.48,0.0,-123.0,,-3111.45
129,14,7.00,1,29.49,38.15,26.83,-3320.49,1231.18,0.0,-164.8,,-3485.29
129,15,7.00,1,30.95,40.05,26.83,-3593.35,1221.41,0.0,-200.4,,-3793.75
129,16,7.00,1,32.00,41.72,26.83,-3784.72,1172.03,0.0,-100.94,,-3885.66
129,17,7.00,1,31.41,42.75,26.83,-3666.45,1115.03,0.0,0.0,,-3666.45
129,18,7.00,1,30.83,43.18,26.83,-3419.39,942.68,0.0,0.0,,-3419.39
129,19,7.00,1,29.53,43.20,30.82,0.0,1661.41,0.0,0.0,,0.0
129,20,7.00,1,27.27,43.24,33.29,0.0,2068.12,0.0,0.0,,0.0
129,21,7.00,1,25.29,39.90,31.74,0.0,0.00,0.0,0.0,,0.0
129,22,7.00,1,24.00,36.96,30.22,0.0,0.00,0.0,0.0,,0.0
129,23,7.00,1,23.47,34.48,28.90,0.0,0.00,0.0,0.0,,0.0
129,24,7.00,1,22.97,32.36,27.74,0.0,0.00,0.0,0.0,,0.0
129,1,1.00,1,22.59,30.56,26.73,0.0,0.00,0.0,0.0,,0.0
129,2,1.00,1,22.18,28.99,25.82,0.0,0.00,0.0,0.0,,0.0
129,3,1.00,1,21.68,27.61,24.98,0.0,0.00,0.0,0.0,,0.0
129,4,1.00,1,21.28,26.40,24.22,0.0,0.00,0.0,-0.0,,0.0
129,5,1.00,1,20.78,25.30,23.50,0.0,0.00,0.0,-0.0,,0.0
129,6,1.00,1,20.04,24.26,22.77,0.0,0.00,0.0,-0.0,,0.0
129,7,1.00,1,20.26,23.51,22.27,0.0,25.84,0.0,-0.0,,0.0
129,8,1.00,1,20.46,28.36,26.83,-365.1,2787.54,0.0,0.0,,-365.1
129,9,1.00,1,22.22,32.06,26.83,-2612.81,2429.36,0.0,-868.33,,-3481.14
129,10,1.00,1,24.15,34.49,26.83,-2791.36,1698.66,0.0,-747.09,,-3538.4500000000003
129,11,1.00,1,25.94,35.91,26.83,-2632.03,994.15,0.0,-492.77,,-3124.8
129,12,1.00,1,27.19,37.53,26.83,-2959.36,1199.32,0.0,-249.75,,-3209.11
129,13,1.00,1,27.95,38.97,26.83,-3128.51,1252.48,0.0,-272.22,,-3400.7300000000005
129,14,1.00,1,28.77,40.17,26.83,-3230.81,1231.18,0.0,-42.01,,-3272.82
129,15,1.00,1,29.19,41.18,26.83,-3303.27,1221.41,0.0,0.0,,-3303.27
129,16,1.00,1,29.19,41.93,26.83,-3297.46,1172.03,0.0,0.0,,-3297.46
129,17,1.00,1,27.87,42.10,26.83,-3038.83,1115.03,0.0,0.0,,-3038.83
129,18,1.00,1,26.06,41.57,26.83,-2569.45,942.68,0.0,0.0,,-2569.45
129,19,1.00,1,23.93,40.94,29.58,0.0,1661.41,0.0,0.0,,0.0
129,20,1.00,1,21.10,40.31,31.12,0.0,2068.12,0.0,0.0,,0.0
129,21,1.00,1,17.93,36.17,28.62,0.0,0.00,0.0,0.0,,0.0
129,22,1.00,1,15.64,32.40,26.17,0.0,0.00,0.0,0.0,,0.0
129,23,1.00,1,13.83,29.01,23.85,0.0,0.00,0.0,0.0,,0.0
129,24,1.00,1,12.21,25.95,21.68,0.0,0.00,0.0,0.0,,0.0
129,1,2.00,1,11.57,23.36,19.82,0.0,0.00,0.0,0.0,,0.0
129,2,2.00,1,11.09,21.15,18.21,0.0,0.00,0.0,0.0,,0.0
129,3,2.00,1,11.08,19.34,16.90,0.0,0.00,0.0,0.0,,0.0
129,4,2.00,1,10.89,17.80,15.79,0.0,0.00,0.0,0.0,,0.0
129,5,2.00,1,10.57,16.47,14.80,0.0,0.00,0.0,0.0,,0.0
129,6,2.00,1,9.92,15.25,13.86,0.0,0.00,0.0,-0.0,,0.0
129,7,2.00,1,10.80,14.48,13.33,0.0,25.84,0.0,-0.0,,0.0
129,8,2.00,1,11.75,19.46,21.83,2044.45,2787.54,0.0,0.0,,2044.45
129,9,2.00,1,13.98,23.36,24.56,0.0,2429.36,0.0,0.0,,0.0
129,10,2.00,1,16.45,26.07,26.83,-11.76,1698.66,0.0,0.0,,-11.76
129,11,2.00,1,19.79,28.09,26.83,-1147.34,994.15,0.0,0.0,,-1147.34
129,12,2.00,1,22.78,30.59,26.83,-1970.87,1199.32,0.0,0.0,,-1970.87
129,13,2.00,1,24.87,32.97,26.83,-2465.87,1252.48,0.0,0.0,,-2465.87
129,14,2.00,1,26.34,35.02,26.83,-2734.31,1231.18,0.0,0.0,,-2734.31
129,15,2.00,1,27.51,36.84,26.83,-2963.77,1221.41,0.0,0.0,,-2963.77
129,16,2.00,1,28.51,38.45,26.83,-3147.17,1172.03,0.0,0.0,,-3147.17
129,17,2.00,1,27.77,39.40,26.83,-3001.39,1115.03,0.0,0.0,,-3001.39
129,18,2.00,1,26.70,39.64,26.83,-2670.6,942.68,0.0,0.0,,-2670.6
129,19,2.00,1,24.85,39.46,29.77,0.0,1661.41,0.0,0.0,,0.0
129,20,2.00,1,22.66,39.36,31.58,0.0,2068.12,0.0,0.0,,0.0
129,21,2.00,1,20.33,35.83,29.45,0.0,0.00,0.0,0.0,,0.0
129,22,2.00,1,18.98,32.74,27.47,0.0,0.00,0.0,0.0,,0.0
129,23,2.00,1,17.65,29.97,25.61,0.0,0.00,0.0,0.0,,0.0
129,24,2.00,1,16.76,27.55,23.94,0.0,0.00,0.0,0.0,,0.0
129,1,3.00,1,15.91,25.41,22.42,0.0,0.00,0.0,0.0,,0.0
129,2,3.00,1,14.90,23.47,20.99,0.0,0.00,0.0,0.0,,0.0
129,3,3.00,1,13.61,21.63,19.57,0.0,0.00,0.0,0.0,,0.0
129,4,3.00,1,12.71,19.97,18.26,0.0,0.00,0.0,0.0,,0.0
129,5,3.00,1,11.64,18.40,16.99,0.0,0.00,0.0,0.0,,0.0
129,6,3.00,1,10.74,16.96,15.79,0.0,0.00,0.0,-0.0,,0.0
129,7,3.00,1,12.24,16.16,15.19,0.0,25.84,0.0,-0.0,,0.0
129,8,3.00,1,13.50,21.82,21.02,0.0,2787.54,0.0,0.0,,0.0
129,9,3.00,1,15.95,26.34,25.68,0.0,2429.36,0.0,0.0,,0.0
129,10,3.00,1,18.92,29.62,29.07,0.0,1698.66,0.0,0.0,,0.0
129,11,3.00,1,21.83,31.88,31.42,0.0,994.15,0.0,0.0,,0.0
129,12,3.00,1,24.50,34.49,34.11,0.0,1199.32,0.0,0.0,,0.0
129,13,3.00,1,26.53,37.00,36.69,0.0,1252.48,0.0,0.0,,0.0
129,14,3.00,1,28.50,39.32,39.06,0.0,1231.18,0.0,0.0,,0.0
129,15,3.00,1,29.94,41.45,41.23,0.0,1221.41,0.0,0.0,,0.0
129,16,3.00,1,31.25,43.41,43.23,0.0,1172.03,0.0,0.0,,0.0
129,17,3.00,1,30.59,44.78,44.63,0.0,1115.03,0.0,0.0,,0.0
129,18,3.00,1,29.58,45.47,45.35,0.0,942.68,0.0,0.0,,0.0
129,19,3.00,1,27.72,44.49,44.39,0.0,1661.41,0.0,0.0,,0.0
129,20,3.00,1,24.84,43.80,43.72,0.0,2068.12,0.0,0.0,,0.0
129,21,3.00,1,22.57,39.86,39.79,0.0,0.00,0.0,0.0,,0.0
129,22,3.00,1,20.70,36.34,36.28,0.0,0.00,0.0,0.0,,0.0
129,23,3.00,1,19.36,33.24,33.19,0.0,0.00,0.0,0.0,,0.0
129,24,3.00,1,18.03,30.45,30.41,0.0,0.00,0.0,0.0,,0.0
129,1,4.00,1,16.92,27.98,27.94,0.0,0.00,0.0,0.0,,0.0
129,2,4.00,1,15.86,25.75,25.72,0.0,0.00,0.0,0.0,,0.0
129,3,4.00,1,14.59,23.68,23.66,0.0,0.00,0.0,0.0,,0.0
129,4,4.00,1,13.53,21.80,21.78,0.0,0.00,0.0,0.0,,0.0
129,5,4.00,1,12.40,20.05,20.03,0.0,0.00,0.0,0.0,,0.0
129,6,4.00,1,11.64,18.48,18.47,0.0,0.00,0.0,0.0,,0.0
129,7,4.00,1,12.83,17.51,17.50,0.0,25.84,0.0,0.0,,0.0
129,8,4.00,1,14.65,23.15,23.14,0.0,2787.54,0.0,0.0,,0.0
129,9,4.00,1,17.46,27.72,27.71,0.0,2429.36,0.0,0.0,,0.0
129,10,4.00,1,20.71,31.08,31.07,0.0,1698.66,0.0,0.0,,0.0
129,11,4.00,1,23.92,33.46,33.46,0.0,994.15,0.0,0.0,,0.0
129,12,4.00,1,26.22,36.08,36.07,0.0,1199.32,0.0,0.0,,0.0
129,13,4.00,1,28.24,38.61,38.60,0.0,1252.48,0.0,0.0,,0.0
129,14,4.00,1,29.63,40.81,40.80,0.0,1231.18,0.0,0.0,,0.0
129,15,4.00,1,31.16,42.89,42.89,0.0,1221.41,0.0,0.0,,0.0
129,16,4.00,1,30.56,44.41,44.40,0.0,1172.03,0.0,0.0,,0.0
129,17,4.00,1,29.48,45.39,45.38,0.0,1115.03,0.0,0.0,,0.0
129,18,4.00,1,27.98,45.67,45.67,0.0,942.68,0.0,0.0,,0.0
129,19,4.00,1,26.43,44.45,44.45,0.0,1661.41,0.0,0.0,,0.0
129,20,4.00,1,23.73,43.58,43.58,0.0,2068.12,0.0,0.0,,0.0
129,21,4.00,1,21.26,39.46,39.46,0.0,0.00,0.0,0.0,,0.0
129,22,4.00,1,19.64,35.83,35.83,0.0,0.00,0.0,0.0,,0.0
129,23,4.00,1,18.29,32.64,32.63,0.0,0.00,0.0,0.0,,0.0
129,24,4.00,1,17.17,29.82,29.82,0.0,0.00,0.0,0.0,,0.0
129,1,5.00,1,16.27,27.35,27.35,0.0,0.00,0.0,0.0,,0.0
129,2,5.00,1,15.31,25.15,25.15,0.0,0.00,0.0,0.0,,0.0
129,3,5.00,1,14.15,23.12,23.12,0.0,0.00,0.0,0.0,,0.0
129,4,5.00,1,13.18,21.28,21.28,0.0,0.00,0.0,0.0,,0.0
129,5,5.00,1,11.90,19.53,19.52,0.0,0.00,0.0,0.0,,0.0
129,6,5.00,1,10.75,17.88,17.88,0.0,0.00,0.0,0.0,,0.0
129,7,5.00,1,11.90,16.85,16.85,0.0,25.84,0.0,-0.0,,0.0
129,8,5.00,1,12.78,21.51,21.83,204.62,2787.54,0.0,0.0,,204.62
129,9,5.00,1,15.94,25.44,25.63,0.0,2429.36,0.0,0.0,,0.0
129,10,5.00,1,18.55,28.17,26.83,-922.97,1698.66,0.0,0.0,,-922.97
129,11,5.00,1,20.98,29.94,26.83,-1483.6,994.15,0.0,0.0,,-1483.6
129,12,5.00,1,23.46,32.15,26.83,-2155.07,1199.32,0.0,0.0,,-2155.07
129,13,5.00,1,25.51,34.32,26.83,-2612.7,1252.48,0.0,0.0,,-2612.7
129,14,5.00,1,27.10,36.24,26.83,-2885.96,1231.18,0.0,0.0,,-2885.96
129,15,5.00,1,28.34,37.99,26.83,-3121.19,1221.41,0.0,0.0,,-3121.19
129,16,5.00,1,29.44,39.56,26.83,-3319.48,1172.03,0.0,0.0,,-3319.48
129,17,5.00,1,30.04,40.83,26.83,-3404.38,1115.03,0.0,0.0,,-3404.38
129,18,5.00,1,28.67,41.19,26.83,-3027.29,942.68,0.0,0.0,,-3027.29
129,19,5.00,1,27.35,41.17,30.33,0.0,1661.41,0.0,0.0,,0.0
129,20,5.00,1,25.15,41.21,32.50,0.0,2068.12,0.0,0.0,,0.0
129,21,5.00,1,23.05,37.83,30.69,0.0,0.00,0.0,0.0,,0.0
129,22,5.00,1,21.24,34.76,28.86,0.0,0.00,0.0,0.0,,0.0
129,23,5.00,1,19.67,31.97,27.09,0.0,0.00,0.0,0.0,,0.0
129,24,5.00,1,18.21,29.43,25.39,0.0,0.00,0.0,0.0,,0.0
129,1,6.00,1,16.93,27.12,23.77,0.0,0.00,0.0,0.0,,0.0
129,2,6.00,1,15.80,25.03,22.25,0.0,0.00,0.0,0.0,,0.0
129,3,6.00,1,14.80,23.13,20.83,0.0,0.00,0.0,0.0,,0.0
129,4,6.00,1,13.93,21.42,19.51,0.0,0.00,0.0,0.0,,0.0
129,5,6.00,1,13.38,19.93,18.35,0.0,0.00,0.0,0.0,,0.0
129,6,6.00,1,12.69,18.57,17.26,0.0,0.00,0.0,-0.0,,0.0
129,7,6.00,1,14.01,17.79,16.70,0.0,25.84,0.0,-0.0,,0.0
129,8,6.00,1,15.33,22.84,22.02,0.0,2787.54,0.0,0.0,,0.0
129,9,6.00,1,17.98,26.90,26.26,0.0,2429.36,0.0,0.0,,0.0
129,10,6.00,1,20.65,29.76,26.83,-1524.87,1698.66,0.0,0.0,,-1524.87
129,11,6.00,1,23.38,31.73,26.83,-1943.06,994.15,0.0,0.0,,-1943.06
129,12,6.00,1,25.72,34.02,26.83,-2578.95,1199.32,0.0,-2.48,,-2581.43
129,13,6.00,1,27.76,36.27,26.83,-3029.61,1252.48,0.0,-237.19,,-3266.8
129,14,6.00,1,29.30,38.24,26.83,-3292.13,1231.18,0.0,-125.81,,-3417.94
129,15,6.00,1,30.61,40.04,26.83,-3537.11,1221.41,0.0,-35.97,,-3573.08
129,16,6.00,1,31.50,41.59,26.83,-3698.73,1172.03,0.0,0.0,,-3698.73
129,17,6.00,1,30.69,42.48,26.83,-3539.26,1115.03,0.0,0.0,,-3539.26
129,18,6.00,1,29.49,42.65,26.83,-3184.76,942.68,0.0,0.0,,-3184.76
129,19,6.00,1,27.34,42.36,30.35,0.0,1661.41,0.0,0.0,,0.0
129,20,6.00,1,24.80,42.11,32.44,0.0,2068.12,0.0,0.0,,0.0
129,21,6.00,1,22.34,38.44,30.51,0.0,0.00,0.0,0.0,,0.0
129,22,6.00,1,20.53,35.14,28.59,0.0,0.00,0.0,0.0,,0.0
129,23,6.00,1,19.20,32.21,26.79,0.0,0.00,0.0,0.0,,0.0
129,24,6.00,1,17.91,29.59,25.10,0.0,0.00,0.0,0.0,,0.0
129,1,7.00,1,16.78,27.24,23.52,0.0,0.00,0.0,0.0,,0.0
129,2,7.00,1,15.74,25.12,22.03,0.0,0.00,0.0,0.0,,0.0
129,3,7.00,1,14.93,23.24,20.68,0.0,0.00,0.0,0.0,,0.0
129,4,7.00,1,14.08,21.54,19.42,0.0,0.00,0.0,0.0,,0.0
129,5,7.00,1,13.35,20.01,18.25,0.0,0.00,0.0,0.0,,0.0
129,6,7.00,1,12.49,18.60,17.14,0.0,0.00,0.0,-0.0,,0.0
129,7,7.00,1,13.32,17.67,16.47,0.0,25.84,0.0,-0.0,,0.0
129,8,7.00,1,14.75,22.62,21.83,84.21,2787.54,0.0,0.0,,84.21
129,9,7.00,1,17.28,26.57,25.93,0.0,2429.36,0.0,0.0,,0.0
129,10,7.00,1,20.25,29.43,26.83,-1314.33,1698.66,0.0,0.0,,-1314.33
129,11,7.00,1,22.98,31.38,26.83,-1847.07,994.15,0.0,0.0,,-1847.07
129,12,7.00,1,25.26,33.65,26.83,-2484.98,1199.32,0.0,0.0,,-2484.98
129,13,7.00,1,27.17,35.84,26.83,-2918.31,1252.48,0.0,-80.03,,-2998.34
129,14,7.00,1,28.77,37.79,26.83,-3193.49,1231.18,0.0,0.0,,-3193.49
129,15,7.00,1,29.89,39.52,26.83,-3406.84,1221.41,0.0,0.0,,-3406.84
129,16,7.00,1,30.68,41.01,26.83,-3550.15,1172.03,0.0,0.0,,-3550.15
129,17,7.00,1,30.03,41.89,26.83,-3417.44,1115.03,0.0,0.0,,-3417.44
129,18,7.00,1,29.03,42.10,26.83,-3097.39,942.68,0.0,0.0,,-3097.39
129,19,7.00,1,27.44,41.95,30.36,0.0,1661.41,0.0,0.0,,0.0
129,20,7.00,1,25.01,41.81,32.49,0.0,2068.12,0.0,0.0,,0.0
129,21,7.00,1,22.91,38.31,30.66,0.0,0.00,0.0,0.0,,0.0
129,22,7.00,1,21.56,35.23,28.91,0.0,0.00,0.0,0.0,,0.0
129,23,7.00,1,20.42,32.51,27.28,0.0,0.00,0.0,0.0,,0.0
129,24,7.00,1,19.20,30.06,25.73,0.0,0.00,0.0,0.0,,0.0
129,1,1.00,1,17.90,27.81,24.22,0.0,0.00,0.0,0.0,,0.0
129,2,1.00,1,16.71,25.75,22.77,0.0,0.00,0.0,0.0,,0.0
129,3,1.00,1,15.73,23.89,21.42,0.0,0.00,0.0,0.0,,0.0
129,4,1.00,1,14.72,22.17,20.13,0.0,0.00,0.0,0.0,,0.0
129,5,1.00,1,14.26,20.70,19.01,0.0,0.00,0.0,0.0,,0.0
129,6,1.00,1,13.56,19.36,17.95,0.0,0.00,0.0,-0.0,,0.0
129,7,1.00,1,13.02,18.20,17.03,0.0,25.84,0.0,-0.0,,0.0
129,8,1.00,1,15.01,23.09,22.20,0.0,2787.54,0.0,0.0,,0.0
129,9,1.00,1,18.37,27.22,26.53,0.0,2429.36,0.0,0.0,,0.0
129,10,1.00,1,21.68,30.28,26.83,-1827.92,1698.66,0.0,-52.36,,-1880.28
129,11,1.00,1,24.61,32.42,26.83,-2184.86,994.15,0.0,-283.0,,-2467.86
129,12,1.00,1,27.04,34.86,26.83,-2827.31,1199.32,0.0,-209.87,,-3037.18
129,13,1.00,1,29.11,37.21,26.83,-3278.35,1252.48,0.0,-481.69,,-3760.04
129,14,1.00,1,30.89,39.33,26.83,-3581.28,1231.18,0.0,-468.94,,-4050.2200000000003
129,15,1.00,1,32.19,41.23,26.83,-3825.66,1221.41,0.0,-297.53,,-4123.19
129,16,1.00,1,33.00,42.85,26.83,-3974.97,1172.03,0.0,-132.14,,-4107.11
129,17,1.00,1,32.26,43.80,26.83,-3826.37,1115.03,0.0,-116.18,,-3942.5499999999997
129,18,1.00,1,31.12,44.04,26.83,-3482.34,942.68,0.0,-87.94,,-3570.28
129,19,1.00,1,29.57,43.91,30.84,0.0,1661.41,0.0,0.0,,0.0
129,20,1.00,1,26.75,43.72,33.20,0.0,2068.12,0.0,0.0,,0.0
129,21,1.00,1,24.08,40.05,31.43,0.0,0.00,0.0,0.0,,0.0
129,22,1.00,1,22.72,36.86,29.74,0.0,0.00,0.0,0.0,,0.0
129,23,1.00,1,21.50,34.04,28.14,0.0,0.00,0.0,0.0,,0.0
129,24,1.00,1,20.25,31.50,26.62,0.0,0.00,0.0,0.0,,0.0
129,1,2.00,1,19.23,29.24,25.19,0.0,0.00,0.0,0.0,,0.0
129,2,2.00,1,18.49,27.26,23.90,0.0,0.00,0.0,0.0,,0.0
129,3,2.00,1,17.32,25.40,22.62,0.0,0.00,0.0,0.0,,0.0
129,4,2.00,1,16.73,23.79,21.48,0.0,0.00,0.0,0.0,,0.0
129,5,2.00,1,15.92,22.31,20.40,0.0,0.00,0.0,-0.0,,0.0
129,6,2.00,1,15.22,20.97,19.38,0.0,0.00,0.0,-0.0,,0.0
129,7,2.00,1,15.78,20.04,18.73,0.0,25.84,0.0,-0.0,,0.0
129,8,2.00,1,16.80,24.89,23.89,0.0,2787.54,0.0,0.0,,0.0
129,9,2.00,1,20.64,29.14,26.83,-959.73,2429.36,0.0,0.0,,-959.73
129,10,2.00,1,23.37,32.12,26.83,-2380.98,1698.66,0.0,-710.16,,-3091.14
129,11,2.00,1,26.00,34.13,26.83,-2515.01,994.15,0.0,-670.5,,-3185.51
129,12,2.00,1,28.20,36.42,26.83,-3077.24,1199.32,0.0,-561.21,,-3638.45
129,13,2.00,1,30.04,38.62,26.83,-3468.16,1252.48,0.0,-706.9,,-4175.0599999999995
129,14,2.00,1,31.03,40.42,26.83,-3624.91,1231.18,0.0,-648.92,,-4273.83
129,15,2.00,1,31.60,41.91,26.83,-3734.6,1221.41,0.0,-520.17,,-4254.7699999999995
129,16,2.00,1,30.78,42.79,26.83,-3592.96,1172.03,0.0,-270.97,,-3863.9300000000003
129,17,2.00,1,29.43,43.09,26.83,-3327.67,1115.03,0.0,-49.65,,-3377.32
129,18,2.00,1,27.99,42.78,26.83,-2921.63,942.68,0.0,-103.66,,-3025.29
129,19,2.00,1,26.24,42.33,30.10,0.0,1661.41,0.0,0.0,,0.0
129,20,2.00,1,24.67,42.12,32.24,0.0,2068.12,0.0,0.0,,0.0
129,21,2.00,1,23.31,38.67,30.56,0.0,0.00,0.0,0.0,,0.0
129,22,2.00,1,21.92,35.60,28.89,0.0,0.00,0.0,0.0,,0.0
129,23,2.00,1,20.84,32.89,27.34,0.0,0.00,0.0,0.0,,0.0
129,24,2.00,1,19.76,30.48,25.88,0.0,0.00,0.0,0.0,,0.0
129,1,3.00,1,18.89,28.34,24.53,0.0,0.00,0.0,0.0,,0.0
129,2,3.00,1,18.63,26.56,23.40,0.0,0.00,0.0,0.0,,0.0
129,3,3.00,1,18.27,25.03,22.41,0.0,0.00,0.0,-0.0,,0.0
129,4,3.00,1,17.59,23.63,21.46,0.0,0.00,0.0,-0.0,,0.0
129,5,3.00,1,16.45,22.25,20.45,0.0,0.00,0.0,-0.0,,0.0
129,6,3.00,1,15.60,20.98,19.48,0.0,0.00,0.0,-0.0,,0.0
129,7,3.00,1,14.90,19.85,18.61,0.0,25.84,0.0,-0.0,,0.0
129,8,3.00,1,16.42,25.36,24.33,0.0,2787.54,0.0,0.0,,0.0
129,9,3.00,1,18.75,29.74,28.89,0.0,2429.36,0.0,0.0,,0.0
129,10,3.00,1,20.89,32.73,32.03,0.0,1698.66,0.0,0.0,,0.0
129,11,3.00,1,23.72,34.77,34.18,0.0,994.15,0.0,0.0,,0.0
129,12,3.00,1,26.14,37.15,36.66,0.0,1199.32,0.0,0.0,,0.0
129,13,3.00,1,27.77,39.40,38.99,0.0,1252.48,0.0,0.0,,0.0
129,14,3.00,1,29.38,41.43,41.10,0.0,1231.18,0.0,0.0,,0.0
129,15,3.00,1,30.69,43.32,43.04,0.0,1221.41,0.0,0.0,,0.0
129,16,3.00,1,30.27,44.72,44.49,0.0,1172.03,0.0,0.0,,0.0
129,17,3.00,1,29.45,45.66,45.47,0.0,1115.03,0.0,0.0,,0.0
129,18,3.00,1,27.96,45.90,45.74,0.0,942.68,0.0,0.0,,0.0
129,19,3.00,1,26.61,44.68,44.54,0.0,1661.41,0.0,0.0,,0.0
129,20,3.00,1,24.73,43.98,43.87,0.0,2068.12,0.0,0.0,,0.0
129,21,3.00,1,23.10,40.14,40.05,0.0,0.00,0.0,0.0,,0.0
129,22,3.00,1,21.83,36.80,36.72,0.0,0.00,0.0,0.0,,0.0
129,23,3.00,1,21.17,33.96,33.89,0.0,0.00,0.0,0.0,,0.0
129,24,3.00,1,20.27,31.46,31.41,0.0,0.00,0.0,0.0,,0.0
129,1,4.00,1,19.25,29.21,29.17,0.0,0.00,0.0,0.0,,0.0
129,2,4.00,1,18.30,27.20,27.16,0.0,0.00,0.0,0.0,,0.0
129,3,4.00,1,17.59,25.42,25.39,0.0,0.00,0.0,0.0,,0.0
129,4,4.00,1,16.97,23.84,23.82,0.0,0.00,0.0,0.0,,0.0
129,5,4.00,1,16.73,22.52,22.49,0.0,0.00,0.0,-0.0,,0.0
129,6,4.00,1,15.87,21.25,21.23,0.0,0.00,0.0,-0.0,,0.0
129,7,4.00,1,15.30,20.15,20.13,0.0,25.84,0.0,-0.0,,0.0
129,8,4.00,1,16.95,25.71,25.70,0.0,2787.54,0.0,0.0,,0.0
129,9,4.00,1,19.05,30.07,30.06,0.0,2429.36,0.0,0.0,,0.0
129,10,4.00,1,21.03,33.02,33.01,0.0,1698.66,0.0,0.0,,0.0
129,11,4.00,1,23.69,35.00,34.99,0.0,994.15,0.0,0.0,,0.0
129,12,4.00,1,25.79,37.26,37.25,0.0,1199.32,0.0,0.0,,0.0
129,13,4.00,1,27.65,39.48,39.47,0.0,1252.48,0.0,0.0,,0.0
129,14,4.00,1,29.15,41.45,41.45,0.0,1231.18,0.0,0.0,,0.0
129,15,4.00,1,30.31,43.27,43.26,0.0,1221.41,0.0,0.0,,0.0
129,16,4.00,1,31.24,44.90,44.89,0.0,1172.03,0.0,0.0,,0.0
129,17,4.00,1,30.59,46.01,46.01,0.0,1115.03,0.0,0.0,,0.0
129,18,4.00,1,29.43,46.46,46.46,0.0,942.68,0.0,0.0,,0.0
129,19,4.00,1,28.03,45.39,45.38,0.0,1661.41,0.0,0.0,,0.0
129,20,4.00,1,25.96,44.77,44.77,0.0,2068.12,0.0,0.0,,0.0
129,21,4.00,1,24.06,40.95,40.94,0.0,0.00,0.0,0.0,,0.0
129,22,4.00,1,22.41,37.54,37.54,0.0,0.00,0.0,0.0,,0.0
129,23,4.00,1,21.21,34.55,34.55,0.0,0.00,0.0,0.0,,0.0
129,24,4.00,1,20.19,31.93,31.93,0.0,0.00,0.0,0.0,,0.0
129,1,5.00,1,19.29,29.61,29.61,0.0,0.00,0.0,0.0,,0.0
129,2,5.00,1,18.53,27.57,27.57,0.0,0.00,0.0,0.0,,0.0
129,3,5.00,1,17.60,25.72,25.72,0.0,0.00,0.0,0.0,,0.0
129,4,5.00,1,16.98,24.10,24.10,0.0,0.00,0.0,0.0,,0.0
129,5,5.00,1,16.38,22.65,22.65,0.0,0.00,0.0,0.0,,0.0
129,6,5.00,1,15.45,21.28,21.28,0.0,0.00,0.0,-0.0,,0.0
129,7,5.00,1,16.26,20.40,20.40,0.0,25.84,0.0,-0.0,,0.0
129,8,5.00,1,16.96,25.19,25.19,0.0,2787.54,0.0,0.0,,0.0
129,9,5.00,1,19.05,28.93,26.83,-1314.74,2429.36,0.0,-39.83,,-1354.57
129,10,5.00,1,21.16,31.42,26.83,-2118.73,1698.66,0.0,-410.24,,-2528.9700000000003
129,11,5.00,1,23.99,33.15,26.83,-2209.7,994.15,0.0,-430.48,,-2640.18
129,12,5.00,1,26.41,35.29,26.83,-2774.59,1199.32,0.0,-682.06,,-3456.65
129,13,5.00,1,28.58,37.45,26.83,-3209.54,1252.48,0.0,-608.17,,-3817.71
129,14,5.00,1,29.99,39.30,26.83,-3433.25,1231.18,0.0,-615.5,,-4048.75
129,15,5.00,1,30.79,40.88,26.83,-3582.51,1221.41,0.0,-629.09,,-4211.6
129,16,5.00,1,31.55,42.25,26.83,-3715.85,1172.03,0.0,-532.52,,-4248.37
129,17,5.00,1,30.63,42.98,26.83,-3534.68,1115.03,0.0,-241.31,,-3775.99
129,18,5.00,1,29.31,42.99,26.83,-3154.99,942.68,0.0,-303.82,,-3458.81
129,19,5.00,1,27.95,42.79,30.48,0.0,1661.41,0.0,0.0,,0.0
129,20,5.00,1,25.90,42.68,32.76,0.0,2068.12,0.0,0.0,,0.0
129,21,5.00,1,23.86,39.20,31.06,0.0,0.00,0.0,0.0,,0.0
129,22,5.00,1,22.31,36.09,29.36,0.0,0.00,0.0,0.0,,0.0
129,23,5.00,1,21.21,33.35,27.79,0.0,0.00,0.0,0.0,,0.0
129,24,5.00,1,20.14,30.93,26.31,0.0,0.00,0.0,0.0,,0.0
129,1,6.00,1,19.29,28.78,24.96,0.0,0.00,0.0,0.0,,0.0
129,2,6.00,1,18.42,26.86,23.70,0.0,0.00,0.0,0.0,,0.0
129,3,6.00,1,17.56,25.13,22.51,0.0,0.00,0.0,0.0,,0.0
129,4,6.00,1,16.65,23.54,21.36,0.0,0.00,0.0,-0.0,,0.0
129,5,6.00,1,15.36,21.99,20.18,0.0,0.00,0.0,-0.0,,0.0
129,6,6.00,1,14.43,20.56,19.06,0.0,0.00,0.0,-0.0,,0.0
129,7,6.00,1,15.56,19.69,18.45,0.0,25.84,0.0,-0.0,,0.0
129,8,6.00,1,17.02,24.69,23.75,0.0,2787.54,0.0,0.0,,0.0
129,9,6.00,1,19.42,28.64,26.83,-675.84,2429.36,0.0,0.0,,-675.84
129,10,6.00,1,21.65,31.31,26.83,-2062.02,1698.66,0.0,-106.14,,-2168.16
129,11,6.00,1,24.59,33.21,26.83,-2254.02,994.15,0.0,-196.7,,-2450.72
129,12,6.00,1,26.84,35.42,26.83,-2825.2,1199.32,0.0,-331.97,,-3157.17
129,13,6.00,1,28.88,37.60,26.83,-3254.1,1252.48,0.0,-239.06,,-3493.16
129,14,6.00,1,30.12,39.44,26.83,-3454.77,1231.18,0.0,-245.05,,-3699.82
129,15,6.00,1,31.21,41.09,26.83,-3656.16,1221.41,0.0,-226.05,,-3882.21
129,16,6.00,1,32.12,42.55,26.83,-3817.14,1172.03,0.0,-98.03,,-3915.17
129,17,6.00,1,31.52,43.43,26.83,-3692.29,1115.03,0.0,0.0,,-3692.29
129,18,6.00,1,30.27,43.56,26.83,-3328.93,942.68,0.0,0.0,,-3328.93
129,19,6.00,1,29.12,43.46,30.73,0.0,1661.41,0.0,0.0,,0.0
129,20,6.00,1,26.79,43.38,33.13,0.0,2068.12,0.0,0.0,,0.0
129,21,6.00,1,24.46,39.86,31.45,0.0,0.00,0.0,0.0,,0.0
129,22,6.00,1,22.94,36.74,29.79,0.0,0.00,0.0,0.0,,0.0
129,23,6.00,1,21.63,33.96,28.21,0.0,0.00,0.0,0.0,,0.0
129,24,6.00,1,20.22,31.42,26.66,0.0,0.00,0.0,0.0,,0.0
129,1,7.00,1,19.10,29.15,25.20,0.0,0.00,0.0,0.0,,0.0
129,2,7.00,1,18.35,27.16,23.89,0.0,0.00,0.0,0.0,,0.0
129,3,7.00,1,17.24,25.31,22.60,0.0,0.00,0.0,0.0,,0.0
129,4,7.00,1,16.12,23.59,21.34,0.0,0.00,0.0,0.0,,0.0
129,5,7.00,1,15.31,22.03,20.17,0.0,0.00,0.0,0.0,,0.0
129,6,7.00,1,14.45,20.60,19.06,0.0,0.00,0.0,-0.0,,0.0
129,7,7.00,1,15.37,19.69,18.41,0.0,25.84,0.0,-0.0,,0.0
129,8,7.00,1,17.54,24.84,23.87,0.0,2787.54,0.0,0.0,,0.0
129,9,7.00,1,21.01,29.18,26.83,-994.94,2429.36,0.0,0.0,,-994.94
129,10,7.00,1,23.88,32.26,26.83,-2461.94,1698.66,0.0,-339.79,,-2801.73
129,11,7.00,1,26.59,34.37,26.83,-2617.31,994.15,0.0,-303.24,,-2920.55
129,12,7.00,1,29.00,36.80,26.83,-3218.23,1199.32,0.0,-475.66,,-3693.89
129,13,7.00,1,31.12,39.17,26.83,-3662.33,1252.48,0.0,-433.71,,-4096.04
129,14,7.00,1,32.71,41.25,26.83,-3923.51,1231.18,0.0,-381.23,,-4304.74
129,15,7.00,1,33.82,43.07,26.83,-4131.51,1221.41,0.0,-318.34,,-4449.85
129,16,7.00,1,33.14,44.23,26.83,-4019.89,1172.03,0.0,0.0,,-4019.89
129,17,7.00,1,32.11,44.82,26.83,-3813.12,1115.03,0.0,0.0,,-3813.12
129,18,7.00,1,30.68,44.71,26.83,-3411.91,942.68,0.0,0.0,,-3411.91
129,19,7.00,1,28.93,44.37,30.71,0.0,1661.41,0.0,0.0,,0.0
129,20,7.00,1,26.26,44.03,33.01,0.0,2068.12,0.0,0.0,,0.0
129,21,7.00,1,23.48,40.21,31.16,0.0,0.00,0.0,0.0,,0.0
129,22,7.00,1,21.87,36.84,29.37,0.0,0.00,0.0,0.0,,0.0
129,23,7.00,1,20.60,33.87,27.68,0.0,0.00,0.0,0.0,,0.0
129,24,7.00,1,19.22,31.18,26.05,0.0,0.00,0.0,0.0,,0.0
129,1,1.00,2,17.91,28.74,24.49,0.0,0.00,0.0,0.0,,0.0
129,2,1.00,2,16.86,26.55,23.03,0.0,0.00,0.0,0.0,,0.0
129,3,1.00,2,16.01,24.61,21.69,0.0,0.00,0.0,0.0,,0.0
129,4,1.00,2,15.08,22.84,20.42,0.0,0.00,0.0,0.0,,0.0
129,5,1.00,2,14.56,21.31,19.30,0.0,0.00,0.0,0.0,,0.0
129,6,1.00,2,13.65,19.87,18.20,0.0,0.00,0.0,-0.0,,0.0
129,7,1.00,2,14.41,18.87,17.49,0.0,0.00,0.0,-0.0,,0.0
129,8,1.00,2,15.84,21.91,21.85,621.14,1341.02,0.0,0.0,,621.14
129,9,1.00,2,18.29,24.70,24.46,0.0,1222.61,0.0,0.0,,0.0
129,10,1.00,2,21.02,27.02,26.78,0.0,807.04,0.0,0.0,,0.0
129,11,1.00,2,23.85,29.67,26.85,-1647.9,936.04,0.0,0.0,,-1647.9
129,12,1.00,2,26.52,32.55,26.85,-2526.21,1114.55,0.0,0.0,,-2526.21
129,13,1.00,2,28.85,35.42,26.85,-3179.59,1246.42,0.0,-460.71,,-3640.3
129,14,1.00,2,30.17,37.78,26.85,-3441.13,1211.36,0.0,-370.99,,-3812.12
129,15,1.00,2,29.56,39.32,26.85,-3348.35,1179.85,0.0,-35.54,,-3383.89
129,16,1.00,2,28.98,40.42,26.85,-3280.37,1164.45,0.0,0.0,,-3280.37
129,17,1.00,2,27.85,40.97,26.85,-3076.31,1139.95,0.0,0.0,,-3076.31
129,18,1.00,2,26.42,40.75,26.85,-2615.65,892.03,0.0,0.0,,-2615.65
129,19,1.00,2,24.77,38.96,28.33,0.0,605.89,0.0,0.0,,0.0
129,20,1.00,2,22.62,37.36,28.79,0.0,907.64,0.0,0.0,,0.0
129,21,1.00,2,20.65,34.27,27.24,0.0,0.00,0.0,0.0,,0.0
129,22,1.00,2,19.22,31.50,25.69,0.0,0.00,0.0,0.0,,0.0
129,23,1.00,2,18.43,29.10,24.29,0.0,0.00,0.0,0.0,,0.0
129,24,1.00,2,17.55,26.98,22.99,0.0,0.00,0.0,0.0,,0.0
129,1,2.00,2,16.78,25.10,21.79,0.0,0.00,0.0,0.0,,0.0
129,2,2.00,2,16.15,23.44,20.70,0.0,0.00,0.0,0.0,,0.0
129,3,2.00,2,15.16,21.89,19.62,0.0,0.00,0.0,0.0,,0.0
129,4,2.00,2,14.32,20.46,18.58,0.0,0.00,0.0,0.0,,0.0
129,5,2.00,2,13.15,19.07,17.51,0.0,0.00,0.0,-0.0,,0.0
129,6,2.00,2,12.34,17.79,16.50,0.0,0.00,0.0,-0.0,,0.0
129,7,2.00,2,13.21,16.95,15.88,0.0,0.00,0.0,-0.0,,0.0
129,8,2.00,2,14.56,20.14,21.85,1585.28,1341.02,0.0,0.0,,1585.28
129,9,2.00,2,17.29,23.12,23.94,0.0,1222.61,0.0,0.0,,0.0
129,10,2.00,2,19.87,25.53,26.05,0.0,807.04,0.0,0.0,,0.0
129,11,2.00,2,22.63,28.24,26.85,-1111.55,936.04,0.0,0.0,,-1111.55
129,12,2.00,2,24.86,31.04,26.85,-2172.74,1114.55,0.0,0.0,,-2172.74
129,13,2.00,2,26.80,33.77,26.85,-2786.47,1246.42,0.0,-57.31,,-2843.7799999999997
129,14,2.00,2,28.33,36.10,26.85,-3093.16,1211.36,0.0,0.0,,-3093.16
129,15,2.00,2,29.44,38.09,26.85,-3303.3,1179.85,0.0,0.0,,-3303.3
129,16,2.00,2,30.30,39.84,26.85,-3494.66,1164.45,0.0,0.0,,-3494.66
129,17,2.00,2,29.61,40.94,26.85,-3380.92,1139.95,0.0,0.0,,-3380.92
129,18,2.00,2,28.25,41.13,26.85,-2942.08,892.03,0.0,0.0,,-2942.08
129,19,2.00,2,26.63,39.56,28.75,0.0,605.89,0.0,0.0,,0.0
129,20,2.00,2,24.11,38.08,29.40,0.0,907.64,0.0,0.0,,0.0
129,21,2.00,2,21.81,35.05,27.92,0.0,0.00,0.0,0.0,,0.0
129,22,2.00,2,20.49,32.35,26.47,0.0,0.00,0.0,0.0,,0.0
129,23,2.00,2,19.50,29.99,25.12,0.0,0.00,0.0,0.0,,0.0
129,24,2.00,2,18.31,27.82,23.79,0.0,0.00,0.0,0.0,,0.0
129,1,3.00,2,17.39,25.89,22.55,0.0,0.00,0.0,0.0,,0.0
129,2,3.00,2,16.69,24.18,21.41,0.0,0.00,0.0,0.0,,0.0
129,3,3.00,2,15.68,22.59,20.29,0.0,0.00,0.0,0.0,,0.0
129,4,3.00,2,14.70,21.10,19.19,0.0,0.00,0.0,0.0,,0.0
129,5,3.00,2,13.81,19.72,18.14,0.0,0.00,0.0,-0.0,,0.0
129,6,3.00,2,13.11,18.47,17.16,0.0,0.00,0.0,-0.0,,0.0
129,7,3.00,2,12.49,17.33,16.24,0.0,0.00,0.0,-0.0,,0.0
129,8,3.00,2,13.65,20.77,19.87,0.0,1341.02,0.0,0.0,,0.0
129,9,3.00,2,16.03,23.83,23.08,0.0,1222.61,0.0,0.0,,0.0
129,10,3.00,2,18.63,26.27,25.66,0.0,807.04,0.0,0.0,,0.0
129,11,3.00,2,21.77,29.09,28.58,0.0,936.04,0.0,0.0,,0.0
129,12,3.00,2,24.27,32.07,31.65,0.0,1114.55,0.0,0.0,,0.0
129,13,3.00,2,26.55,35.08,34.72,0.0,1246.42,0.0,0.0,,0.0
129,14,3.00,2,27.82,37.61,37.32,0.0,1211.36,0.0,0.0,,0.0
129,15,3.00,2,29.10,39.88,39.63,0.0,1179.85,0.0,0.0,,0.0
129,16,3.00,2,30.34,41.99,41.79,0.0,1164.45,0.0,0.0,,0.0
129,17,3.00,2,31.16,43.83,43.66,0.0,1139.95,0.0,0.0,,0.0
129,18,3.00,2,29.92,44.71,44.57,0.0,892.03,0.0,0.0,,0.0
129,19,3.00,2,28.02,42.47,42.36,0.0,605.89,0.0,0.0,,0.0
129,20,3.00,2,25.48,40.66,40.56,0.0,907.64,0.0,0.0,,0.0
129,21,3.00,2,23.28,37.42,37.34,0.0,0.00,0.0,0.0,,0.0
129,22,3.00,2,21.25,34.41,34.34,0.0,0.00,0.0,0.0,,0.0
129,23,3.00,2,19.79,31.71,31.65,0.0,0.00,0.0,0.0,,0.0
129,24,3.00,2,18.62,29.30,29.25,0.0,0.00,0.0,0.0,,0.0
129,1,4.00,2,16.53,26.92,26.88,0.0,0.00,0.0,0.0,,0.0
129,2,4.00,2,15.85,24.88,24.85,0.0,0.00,0.0,0.0,,0.0
129,3,4.00,2,15.02,23.06,23.03,0.0,0.00,0.0,0.0,,0.0
129,4,4.00,2,14.30,21.43,21.41,0.0,0.00,0.0,0.0,,0.0
129,5,4.00,2,13.42,19.94,19.92,0.0,0.00,0.0,0.0,,0.0
129,6,4.00,2,12.73,18.58,18.57,0.0,0.00,0.0,-0.0,,0.0
129,7,4.00,2,13.96,17.75,17.74,0.0,0.00,0.0,-0.0,,0.0
129,8,4.00,2,15.52,21.47,21.46,0.0,1341.02,0.0,0.0,,0.0
129,9,4.00,2,18.19,24.79,24.78,0.0,1222.61,0.0,0.0,,0.0
129,10,4.00,2,21.14,27.52,27.51,0.0,807.04,0.0,0.0,,0.0
129,11,4.00,2,23.93,30.48,30.47,0.0,936.04,0.0,0.0,,0.0
129,12,4.00,2,26.33,33.56,33.56,0.0,1114.55,0.0,0.0,,0.0
129,13,4.00,2,28.27,36.59,36.58,0.0,1246.42,0.0,0.0,,0.0
129,14,4.00,2,29.97,39.24,39.24,0.0,1211.36,0.0,0.0,,0.0
129,15,4.00,2,29.34,41.19,41.18,0.0,1179.85,0.0,0.0,,0.0
129,16,4.00,2,28.78,42.72,42.72,0.0,1164.45,0.0,0.0,,0.0
129,17,4.00,2,27.54,43.72,43.72,0.0,1139.95,0.0,0.0,,0.0
129,18,4.00,2,26.02,43.92,43.92,0.0,892.03,0.0,0.0,,0.0
129,19,4.00,2,24.20,41.17,41.17,0.0,605.89,0.0,0.0,,0.0
129,20,4.00,2,22.36,39.08,39.08,0.0,907.64,0.0,0.0,,0.0
129,21,4.00,2,20.73,35.71,35.70,0.0,0.00,0.0,0.0,,0.0
129,22,4.00,2,19.31,32.70,32.70,0.0,0.00,0.0,0.0,,0.0
129,23,4.00,2,17.70,29.94,29.94,0.0,0.00,0.0,0.0,,0.0
129,24,4.00,2,16.50,27.48,27.47,0.0,0.00,0.0,0.0,,0.0
129,1,5.00,2,15.41,25.26,25.26,0.0,0.00,0.0,0.0,,0.0
129,2,5.00,2,14.52,23.28,23.28,0.0,0.00,0.0,0.0,,0.0
129,3,5.00,2,13.72,21.52,21.52,0.0,0.00,0.0,0.0,,0.0
129,4,5.00,2,14.21,20.20,20.19,0.0,0.00,0.0,0.0,,0.0
129,5,5.00,2,15.20,19.30,19.30,0.0,0.00,0.0,-0.0,,0.0
129,6,5.00,2,15.57,18.60,18.60,0.0,0.00,0.0,-0.0,,0.0
129,7,5.00,2,16.30,18.16,18.16,0.0,0.00,0.0,-0.0,,0.0
129,8,5.00,2,17.27,21.69,21.85,101.07,1341.02,0.0,-261.25,,-160.18
129,9,5.00,2,19.89,24.89,24.98,0.0,1222.61,0.0,-213.66,,-213.66
129,10,5.00,2,22.76,27.54,26.85,-479.29,807.04,0.0,-336.34,,-815.63
129,11,5.00,2,25.40,30.40,26.85,-1989.14,936.04,0.0,-722.01,,-2711.15
129,12,5.00,2,27.72,33.35,26.85,-2767.35,1114.55,0.0,-521.33,,-3288.68
129,13,5.00,2,28.74,35.95,26.85,-3183.22,1246.42,0.0,-477.48,,-3660.7
129,14,5.00,2,30.17,38.18,26.85,-3451.06,1211.36,0.0,-256.52,,-3707.58
129,15,5.00,2,31.32,40.12,26.85,-3657.17,1179.85,0.0,-172.12,,-3829.29
129,16,5.00,2,30.81,41.46,26.85,-3607.2,1164.45,0.0,-252.6,,-3859.7999999999997
129,17,5.00,2,30.06,42.29,26.85,-3473.04,1139.95,0.0,0.0,,-3473.04
129,18,5.00,2,28.29,42.16,26.85,-2958.1,892.03,0.0,0.0,,-2958.1
129,19,5.00,2,26.56,40.41,28.74,0.0,605.89,0.0,0.0,,0.0
129,20,5.00,2,23.88,38.75,29.35,0.0,907.64,0.0,0.0,,0.0
129,21,5.00,2,21.69,35.59,27.87,0.0,0.00,0.0,0.0,,0.0
129,22,5.00,2,21.04,32.92,26.55,0.0,0.00,0.0,0.0,,0.0
129,23,5.00,2,20.02,30.55,25.27,0.0,0.00,0.0,0.0,,0.0
129,24,5.00,2,19.07,28.43,24.06,0.0,0.00,0.0,0.0,,0.0
129,1,6.00,2,18.23,26.54,22.92,0.0,0.00,0.0,0.0,,0.0
129,2,6.00,2,17.73,24.91,21.91,0.0,0.00,0.0,0.0,,0.0
129,3,6.00,2,16.92,23.41,20.92,0.0,0.00,0.0,-0.0,,0.0
129,4,6.00,2,16.15,22.04,19.98,0.0,0.00,0.0,-0.0,,0.0
129,5,6.00,2,15.82,20.86,19.15,0.0,0.00,0.0,-0.0,,0.0
129,6,6.00,2,15.16,19.77,18.35,0.0,0.00,0.0,-0.0,,0.0
129,7,6.00,2,14.53,18.76,17.58,0.0,0.00,0.0,-0.0,,0.0
129,8,6.00,2,15.71,21.77,21.85,612.01,1341.02,0.0,0.0,,612.01
129,9,6.00,2,19.14,24.83,24.70,0.0,1222.61,0.0,0.0,,0.0
129,10,6.00,2,21.96,27.33,26.85,-210.79,807.04,0.0,0.0,,-210.79
129,11,6.00,2,24.41,30.02,26.85,-1788.16,936.04,0.0,-288.83,,-2076.9900000000002
129,12,6.00,2,26.45,32.76,26.85,-2528.26,1114.55,0.0,-220.38,,-2748.6400000000003
129,13,6.00,2,27.98,35.35,26.85,-3035.74,1246.42,0.0,-486.48,,-3522.22
129,14,6.00,2,29.38,37.54,26.85,-3303.15,1211.36,0.0,-514.38,,-3817.53
129,15,6.00,2,30.32,39.39,26.85,-3474.47,1179.85,0.0,-214.25,,-3688.72
129,16,6.00,2,29.91,40.70,26.85,-3442.04,1164.45,0.0,-77.73,,-3519.77
129,17,6.00,2,28.98,41.46,26.85,-3277.23,1139.95,0.0,0.0,,-3277.23
129,18,6.00,2,27.66,41.40,26.85,-2839.15,892.03,0.0,0.0,,-2839.15
129,19,6.00,2,26.13,39.72,28.64,0.0,605.89,0.0,0.0,,0.0
129,20,6.00,2,23.50,38.12,29.19,0.0,907.64,0.0,0.0,,0.0
129,21,6.00,2,21.43,35.03,27.70,0.0,0.00,0.0,0.0,,0.0
129,22,6.00,2,19.95,32.24,26.19,0.0,0.00,0.0,0.0,,0.0
129,23,6.00,2,18.77,29.76,24.75,0.0,0.00,0.0,0.0,,0.0
129,24,6.00,2,17.75,27.55,23.40,0.0,0.00,0.0,0.0,,0.0
129,1,7.00,2,16.86,25.58,22.14,0.0,0.00,0.0,0.0,,0.0
129,2,7.00,2,16.02,23.80,20.95,0.0,0.00,0.0,0.0,,0.0
129,3,7.00,2,15.52,22.27,19.91,0.0,0.00,0.0,-0.0,,0.0
129,4,7.00,2,15.12,20.94,18.98,0.0,0.00,0.0,-0.0,,0.0
129,5,7.00,2,14.84,19.79,18.17,0.0,0.00,0.0,-0.0,,0.0
129,6,7.00,2,14.31,18.74,17.40,0.0,0.00,0.0,-0.0,,0.0
129,7,7.00,2,15.10,18.06,16.95,0.0,0.00,0.0,-0.0,,0.0
129,8,7.00,2,15.75,21.24,21.85,913.67,1341.02,0.0,0.0,,913.67
129,9,7.00,2,17.69,24.02,24.20,0.0,1222.61,0.0,0.0,,0.0
129,10,7.00,2,20.13,26.27,26.34,0.0,807.04,0.0,0.0,,0.0
129,11,7.00,2,22.85,28.85,26.85,-1285.34,936.04,0.0,0.0,,-1285.34
129,12,7.00,2,25.05,31.56,26.85,-2233.28,1114.55,0.0,-298.96,,-2532.2400000000002
129,13,7.00,2,27.21,34.28,26.85,-2872.03,1246.42,0.0,-699.43,,-3571.46
129,14,7.00,2,28.62,36.56,26.85,-3152.62,1211.36,0.0,-990.72,,-4143.34
129,15,7.00,2,28.66,38.22,26.85,-3175.18,1179.85,0.0,-605.28,,-3780.46
129,16,7.00,2,28.60,39.51,26.85,-3200.58,1164.45,0.0,-449.24,,-3649.8199999999997
129,17,7.00,2,27.88,40.30,26.85,-3073.2,1139.95,0.0,0.0,,-3073.2
129,18,7.00,2,26.72,40.31,26.85,-2664.29,892.03,0.0,0.0,,-2664.29
129,19,7.00,2,25.38,38.70,28.46,0.0,605.89,0.0,0.0,,0.0
129,20,7.00,2,23.56,37.32,29.08,0.0,907.64,0.0,0.0,,0.0
129,21,7.00,2,22.62,34.62,27.86,0.0,0.00,0.0,0.0,,0.0
129,22,7.00,2,22.09,32.32,26.73,0.0,0.00,0.0,0.0,,0.0
129,23,7.00,2,21.76,30.38,25.75,0.0,0.00,0.0,0.0,,0.0
129,24,7.00,2,21.29,28.69,24.86,0.0,0.00,0.0,0.0,,0.0
129,1,1.00,2,20.90,27.23,24.06,0.0,0.00,0.0,-0.0,,0.0
129,2,1.00,2,20.99,26.07,23.44,0.0,0.00,0.0,-0.0,,0.0
129,3,1.00,2,21.04,25.11,22.93,0.0,0.00,0.0,-0.0,,0.0
129,4,1.00,2,20.95,24.29,22.49,0.0,0.00,0.0,-0.0,,0.0
129,5,1.00,2,21.06,23.64,22.15,0.0,0.00,0.0,-0.0,,0.0
129,6,1.00,2,21.06,23.10,21.86,0.0,0.00,0.0,-0.0,,0.0
129,7,1.00,2,21.13,22.67,21.64,0.0,0.00,0.0,-0.0,,0.0
129,8,1.00,2,21.18,26.00,25.22,0.0,1341.02,0.0,-371.97,,-371.97
129,9,1.00,2,22.52,28.74,26.85,-807.39,1222.61,0.0,-579.96,,-1387.35
129,10,1.00,2,23.92,30.71,26.85,-1656.78,807.04,0.0,-960.35,,-2617.13
129,11,1.00,2,25.71,32.87,26.85,-2265.0,936.04,0.0,-961.22,,-3226.2200000000003
129,12,1.00,2,26.78,35.00,26.85,-2706.57,1114.55,0.0,-829.54,,-3536.11
129,13,1.00,2,27.89,37.04,26.85,-3078.38,1246.42,0.0,-836.2,,-3914.58
129,14,1.00,2,28.69,38.68,26.85,-3210.67,1211.36,0.0,-931.99,,-4142.66
129,15,1.00,2,29.37,40.06,26.85,-3320.4,1179.85,0.0,-457.58,,-3777.98
129,16,1.00,2,29.56,41.18,26.85,-3379.85,1164.45,0.0,-360.09,,-3739.94
129,17,1.00,2,28.34,41.69,26.85,-3163.64,1139.95,0.0,0.0,,-3163.64
129,18,1.00,2,26.80,41.39,26.85,-2685.85,892.03,0.0,0.0,,-2685.85
129,19,1.00,2,24.56,39.43,28.30,0.0,605.89,0.0,0.0,,0.0
129,20,1.00,2,21.62,37.55,28.56,0.0,907.64,0.0,0.0,,0.0
129,21,1.00,2,19.17,34.15,26.77,0.0,0.00,0.0,0.0,,0.0
129,22,1.00,2,17.51,31.09,24.99,0.0,0.00,0.0,0.0,,0.0
129,23,1.00,2,15.61,28.24,23.19,0.0,0.00,0.0,0.0,,0.0
129,24,1.00,2,14.32,25.69,21.51,0.0,0.00,0.0,0.0,,0.0
129,1,2.00,2,14.52,23.69,20.22,0.0,0.00,0.0,0.0,,0.0
129,2,2.00,2,14.80,22.09,19.22,0.0,0.00,0.0,0.0,,0.0
129,3,2.00,2,14.68,20.73,18.35,0.0,0.00,0.0,-0.0,,0.0
129,4,2.00,2,14.95,19.67,17.70,0.0,0.00,0.0,-0.0,,0.0
129,5,2.00,2,14.68,18.73,17.09,0.0,0.00,0.0,-0.0,,0.0
129,6,2.00,2,14.57,17.93,16.57,0.0,0.00,0.0,-0.0,,0.0
129,7,2.00,2,14.34,17.22,16.10,0.0,0.00,0.0,-0.0,,0.0
129,8,2.00,2,15.35,20.51,21.85,1376.71,1341.02,0.0,0.0,,1376.71
129,9,2.00,2,17.05,23.30,23.90,0.0,1222.61,0.0,0.0,,0.0
129,10,2.00,2,19.02,25.43,25.80,0.0,807.04,0.0,0.0,,0.0
129,11,2.00,2,21.39,27.86,26.85,-800.96,936.04,0.0,-153.08,,-954.0400000000001
129,12,2.00,2,23.20,30.36,26.85,-1866.88,1114.55,0.0,-421.85,,-2288.73
129,13,2.00,2,24.46,32.69,26.85,-2365.48,1246.42,0.0,-411.5,,-2776.98
129,14,2.00,2,25.84,34.71,26.85,-2644.25,1211.36,0.0,-642.23,,-3286.48
129,15,2.00,2,26.74,36.40,26.85,-2814.37,1179.85,0.0,-340.17,,-3154.54
129,16,2.00,2,27.30,37.86,26.85,-2951.31,1164.45,0.0,-180.83,,-3132.14
129,17,2.00,2,26.49,38.72,26.85,-2814.23,1139.95,0.0,-69.05,,-2883.28
129,18,2.00,2,25.21,38.74,26.85,-2387.5,892.03,0.0,0.0,,-2387.5
129,19,2.00,2,24.08,37.18,28.16,0.0,605.89,0.0,0.0,,0.0
129,20,2.00,2,22.22,35.84,28.58,0.0,907.64,0.0,0.0,,0.0
129,21,2.00,2,20.67,33.04,27.09,0.0,0.00,0.0,0.0,,0.0
129,22,2.00,2,19.70,30.58,25.67,0.0,0.00,0.0,0.0,,0.0
129,23,2.00,2,18.78,28.40,24.34,0.0,0.00,0.0,0.0,,0.0
129,24,2.00,2,17.82,26.44,23.07,0.0,0.00,0.0,0.0,,0.0
129,1,3.00,2,16.90,24.67,21.88,0.0,0.00,0.0,0.0,,0.0
129,2,3.00,2,16.44,23.14,20.83,0.0,0.00,0.0,0.0,,0.0
129,3,3.00,2,15.52,21.70,19.79,0.0,0.00,0.0,-0.0,,0.0
129,4,3.00,2,14.73,20.38,18.79,0.0,0.00,0.0,-0.0,,0.0
129,5,3.00,2,14.18,19.21,17.89,0.0,0.00,0.0,-0.0,,0.0
129,6,3.00,2,13.44,18.10,17.01,0.0,0.00,0.0,-0.0,,0.0
129,7,3.00,2,13.20,17.16,16.26,0.0,0.00,0.0,-0.0,,0.0
129,8,3.00,2,15.23,20.94,20.19,0.0,1341.02,0.0,0.0,,0.0
129,9,3.00,2,18.40,24.41,23.79,0.0,1222.61,0.0,0.0,,0.0
129,10,3.00,2,21.96,27.37,26.86,0.0,807.04,0.0,0.0,,0.0
129,11,3.00,2,25.28,30.61,30.18,0.0,936.04,0.0,0.0,,0.0
129,12,3.00,2,27.23,33.82,33.46,0.0,1114.55,0.0,0.0,,0.0
129,13,3.00,2,28.79,36.87,36.57,0.0,1246.42,0.0,0.0,,0.0
129,14,3.00,2,29.73,39.40,39.16,0.0,1211.36,0.0,0.0,,0.0
129,15,3.00,2,28.89,41.23,41.02,0.0,1179.85,0.0,0.0,,0.0
129,16,3.00,2,28.60,42.73,42.56,0.0,1164.45,0.0,0.0,,0.0
129,17,3.00,2,27.87,43.81,43.67,0.0,1139.95,0.0,0.0,,0.0
129,18,3.00,2,26.91,44.17,44.05,0.0,892.03,0.0,0.0,,0.0
129,19,3.00,2,25.41,41.60,41.51,0.0,605.89,0.0,0.0,,0.0
129,20,3.00,2,23.89,39.72,39.64,0.0,907.64,0.0,0.0,,0.0
129,21,3.00,2,21.98,36.44,36.37,0.0,0.00,0.0,0.0,,0.0
129,22,3.00,2,20.62,33.53,33.47,0.0,0.00,0.0,0.0,,0.0
129,23,3.00,2,18.93,30.83,30.79,0.0,0.00,0.0,0.0,,0.0
129,24,3.00,2,17.72,28.42,28.38,0.0,0.00,0.0,0.0,,0.0
129,1,4.00,2,16.61,26.25,26.21,0.0,0.00,0.0,0.0,,0.0
129,2,4.00,2,15.76,24.31,24.29,0.0,0.00,0.0,0.0,,0.0
129,3,4.00,2,14.80,22.55,22.53,0.0,0.00,0.0,0.0,,0.0
129,4,4.00,2,14.18,21.00,20.98,0.0,0.00,0.0,0.0,,0.0
129,5,4.00,2,15.40,20.00,19.98,0.0,0.00,0.0,-0.0,,0.0
129,6,4.00,2,15.76,19.21,19.20,0.0,0.00,0.0,-0.0,,0.0
129,7,4.00,2,16.55,18.71,18.70,0.0,0.00,0.0,-0.0,,0.0
129,8,4.00,2,17.42,22.56,22.54,0.0,1341.02,0.0,0.0,,0.0
129,9,4.00,2,18.96,25.77,25.76,0.0,1222.61,0.0,0.0,,0.0
129,10,4.00,2,21.52,28.36,28.36,0.0,807.04,0.0,0.0,,0.0
129,11,4.00,2,23.90,31.15,31.14,0.0,936.04,0.0,0.0,,0.0
129,12,4.00,2,25.58,33.96,33.95,0.0,1114.55,0.0,0.0,,0.0
129,13,4.00,2,26.97,36.66,36.66,0.0,1246.42,0.0,0.0,,0.0
129,14,4.00,2,27.79,38.89,38.89,0.0,1211.36,0.0,0.0,,0.0
129,15,4.00,2,28.76,40.86,40.86,0.0,1179.85,0.0,0.0,,0.0
129,16,4.00,2,29.20,42.57,42.57,0.0,1164.45,0.0,0.0,,0.0
129,17,4.00,2,28.25,43.75,43.74,0.0,1139.95,0.0,0.0,,0.0
129,18,4.00,2,27.15,44.15,44.15,0.0,892.03,0.0,0.0,,0.0
129,19,4.00,2,25.57,41.61,41.61,0.0,605.89,0.0,0.0,,0.0
129,20,4.00,2,23.16,39.56,39.56,0.0,907.64,0.0,0.0,,0.0
129,21,4.00,2,21.23,36.18,36.17,0.0,0.00,0.0,0.0,,0.0
129,22,4.00,2,19.47,33.10,33.10,0.0,0.00,0.0,0.0,,0.0
129,23,4.00,2,18.19,30.37,30.36,0.0,0.00,0.0,0.0,,0.0
129,24,4.00,2,16.99,27.91,27.91,0.0,0.00,0.0,0.0,,0.0
129,1,5.00,2,16.04,25.74,25.73,0.0,0.00,0.0,0.0,,0.0
129,2,5.00,2,15.31,23.82,23.82,0.0,0.00,0.0,0.0,,0.0
129,3,5.00,2,14.78,22.16,22.16,0.0,0.00,0.0,0.0,,0.0
129,4,5.00,2,14.27,20.70,20.69,0.0,0.00,0.0,0.0,,0.0
129,5,5.00,2,13.96,19.44,19.44,0.0,0.00,0.0,0.0,,0.0
129,6,5.00,2,13.07,18.23,18.23,0.0,0.00,0.0,-0.0,,0.0
129,7,5.00,2,12.15,17.07,17.06,0.0,0.00,0.0,-0.0,,0.0
129,8,5.00,2,13.38,19.93,21.85,1203.43,1341.02,0.0,0.0,,1203.43
129,9,5.00,2,15.67,22.58,23.68,0.0,1222.61,0.0,0.0,,0.0
129,10,5.00,2,18.53,24.83,25.60,0.0,807.04,0.0,0.0,,0.0
129,11,5.00,2,21.09,27.35,26.85,-681.94,936.04,0.0,0.0,,-681.94
129,12,5.00,2,23.32,30.01,26.85,-1879.14,1114.55,0.0,0.0,,-1879.14
129,13,5.00,2,25.20,32.62,26.85,-2490.45,1246.42,0.0,0.0,,-2490.45
129,14,5.00,2,27.17,34.98,26.85,-2876.88,1211.36,0.0,0.0,,-2876.88
129,15,5.00,2,28.95,37.15,26.85,-3205.22,1179.85,0.0,0.0,,-3205.22
129,16,5.00,2,30.30,39.15,26.85,-3485.95,1164.45,0.0,-26.4,,-3512.35
129,17,5.00,2,29.48,40.38,26.85,-3355.37,1139.95,0.0,0.0,,-3355.37
129,18,5.00,2,28.66,40.81,26.85,-3010.44,892.03,0.0,0.0,,-3010.44
129,19,5.00,2,27.20,39.39,28.87,0.0,605.89,0.0,0.0,,0.0
129,20,5.00,2,24.55,38.01,29.58,0.0,907.64,0.0,0.0,,0.0
129,21,5.00,2,22.63,35.15,28.23,0.0,0.00,0.0,0.0,,0.0
129,22,5.00,2,21.35,32.59,26.88,0.0,0.00,0.0,0.0,,0.0
129,23,5.00,2,20.34,30.32,25.60,0.0,0.00,0.0,0.0,,0.0
129,24,5.00,2,18.98,28.21,24.30,0.0,0.00,0.0,0.0,,0.0
129,1,6.00,2,17.73,26.25,23.01,0.0,0.00,0.0,0.0,,0.0
129,2,6.00,2,16.89,24.51,21.82,0.0,0.00,0.0,0.0,,0.0
129,3,6.00,2,16.16,22.95,20.72,0.0,0.00,0.0,0.0,,0.0
129,4,6.00,2,15.34,21.52,19.67,0.0,0.00,0.0,0.0,,0.0
129,5,6.00,2,14.36,20.16,18.63,0.0,0.00,0.0,-0.0,,0.0
129,6,6.00,2,13.66,18.93,17.66,0.0,0.00,0.0,-0.0,,0.0
129,7,6.00,2,12.94,17.78,16.73,0.0,0.00,0.0,-0.0,,0.0
129,8,6.00,2,14.02,20.63,21.85,1270.48,1341.02,0.0,0.0,,1270.48
129,9,6.00,2,17.58,23.61,24.15,0.0,1222.61,0.0,0.0,,0.0
129,10,6.00,2,21.62,26.38,26.71,0.0,807.04,0.0,0.0,,0.0
129,11,6.00,2,24.71,29.39,26.85,-1745.75,936.04,0.0,0.0,,-1745.75
129,12,6.00,2,27.39,32.52,26.85,-2666.47,1114.55,0.0,0.0,,-2666.47
129,13,6.00,2,29.83,35.62,26.85,-3349.95,1246.42,0.0,-320.02,,-3669.97
129,14,6.00,2,31.57,38.26,26.85,-3690.33,1211.36,0.0,-234.29,,-3924.62
129,15,6.00,2,33.08,40.59,26.85,-3969.07,1179.85,0.0,-182.32,,-4151.39
129,16,6.00,2,34.18,42.65,26.85,-4202.26,1164.45,0.0,-119.16,,-4321.42
129,17,6.00,2,33.35,43.95,26.85,-4066.61,1139.95,0.0,0.0,,-4066.61
129,18,6.00,2,31.81,44.23,26.85,-3597.25,892.03,0.0,0.0,,-3597.25
129,19,6.00,2,29.79,42.63,29.48,0.0,605.89,0.0,0.0,,0.0
129,20,6.00,2,26.35,40.97,30.39,0.0,907.64,0.0,0.0,,0.0
129,21,6.00,2,24.16,37.83,29.16,0.0,0.00,0.0,0.0,,0.0
129,22,6.00,2,22.92,35.07,27.91,0.0,0.00,0.0,0.0,,0.0
129,23,6.00,2,21.46,32.55,26.62,0.0,0.00,0.0,0.0,,0.0
129,24,6.00,2,19.86,30.19,25.28,0.0,0.00,0.0,0.0,,0.0
129,1,7.00,2,18.45,28.01,23.94,0.0,0.00,0.0,0.0,,0.0
129,2,7.00,2,17.38,26.03,22.66,0.0,0.00,0.0,0.0,,0.0
129,3,7.00,2,16.46,24.25,21.46,0.0,0.00,0.0,0.0,,0.0
129,4,7.00,2,15.61,22.64,20.32,0.0,0.00,0.0,0.0,,0.0
129,5,7.00,2,15.00,21.21,19.29,0.0,0.00,0.0,-0.0,,0.0
129,6,7.00,2,14.13,19.87,18.28,0.0,0.00,0.0,-0.0,,0.0
129,7,7.00,2,13.05,18.57,17.25,0.0,0.00,0.0,-0.0,,0.0
129,8,7.00,2,14.77,21.43,21.85,896.66,1341.02,0.0,0.0,,896.66
129,9,7.00,2,18.32,24.39,24.44,0.0,1222.61,0.0,0.0,,0.0
129,10,7.00,2,21.69,26.97,26.85,-56.21,807.04,0.0,0.0,,-56.21
129,11,7.00,2,24.65,29.83,26.85,-1811.13,936.04,0.0,0.0,,-1811.13
129,12,7.00,2,26.84,32.71,26.85,-2588.84,1114.55,0.0,-16.41,,-2605.25
129,13,7.00,2,28.97,35.56,26.85,-3206.92,1246.42,0.0,-370.78,,-3577.7
129,14,7.00,2,30.87,38.07,26.85,-3567.18,1211.36,0.0,-557.2,,-4124.38
129,15,7.00,2,32.51,40.33,26.85,-3865.11,1179.85,0.0,-445.25,,-4310.360000000001
129,16,7.00,2,31.70,41.80,26.85,-3767.38,1164.45,0.0,-247.52,,-4014.9
129,17,7.00,2,30.62,42.66,26.85,-3579.79,1139.95,0.0,0.0,,-3579.79
129,18,7.00,2,29.01,42.61,26.85,-3091.0,892.03,0.0,0.0,,-3091.0
129,19,7.00,2,26.83,40.81,28.81,0.0,605.89,0.0,0.0,,0.0
129,20,7.00,2,24.06,39.10,29.44,0.0,907.64,0.0,0.0,,0.0
129,21,7.00,2,21.90,35.91,27.98,0.0,0.00,0.0,0.0,,0.0
129,22,7.00,2,20.39,33.05,26.50,0.0,0.00,0.0,0.0,,0.0
129,23,7.00,2,19.19,30.50,25.08,0.0,0.00,0.0,0.0,,0.0
129,24,7.00,2,18.39,28.28,23.79,0.0,0.00,0.0,0.0,,0.0
129,1,1.00,2,17.82,26.36,22.64,0.0,0.00,0.0,0.0,,0.0
129,2,1.00,2,17.24,24.68,21.59,0.0,0.00,0.0,0.0,,0.0
129,3,1.00,2,16.28,23.11,20.55,0.0,0.00,0.0,-0.0,,0.0
129,4,1.00,2,15.84,21.75,19.63,0.0,0.00,0.0,-0.0,,0.0
129,5,1.00,2,15.47,20.57,18.81,0.0,0.00,0.0,-0.0,,0.0
129,6,1.00,2,14.64,19.43,17.98,0.0,0.00,0.0,-0.0,,0.0
129,7,1.00,2,13.62,18.30,17.10,0.0,0.00,0.0,-0.0,,0.0
129,8,1.00,2,15.04,21.28,21.85,937.44,1341.02,0.0,0.0,,937.44
129,9,1.00,2,17.45,24.02,24.17,0.0,1222.61,0.0,0.0,,0.0
129,10,1.00,2,20.22,26.32,26.36,0.0,807.04,0.0,0.0,,0.0
129,11,1.00,2,22.88,28.90,26.85,-1302.43,936.04,0.0,0.0,,-1302.43
129,12,1.00,2,25.52,31.73,26.85,-2319.5,1114.55,0.0,-259.68,,-2579.18
129,13,1.00,2,27.40,34.45,26.85,-2909.33,1246.42,0.0,-402.73,,-3312.06
129,14,1.00,2,29.30,36.86,26.85,-3274.61,1211.36,0.0,-561.38,,-3835.9900000000002
129,15,1.00,2,30.84,39.02,26.85,-3558.02,1179.85,0.0,-527.02,,-4085.04
129,16,1.00,2,31.92,40.94,26.85,-3788.32,1164.45,0.0,-589.43,,-4377.75
129,17,1.00,2,30.91,42.07,26.85,-3621.61,1139.95,0.0,-285.47,,-3907.08
129,18,1.00,2,29.66,42.32,26.85,-3201.91,892.03,0.0,-88.49,,-3290.3999999999996
129,19,1.00,2,27.78,40.72,29.02,0.0,605.89,0.0,0.0,,0.0
129,20,1.00,2,25.36,39.27,29.86,0.0,907.64,0.0,0.0,,0.0
129,21,1.00,2,23.28,36.29,28.57,0.0,0.00,0.0,0.0,,0.0
129,22,1.00,2,21.69,33.58,27.20,0.0,0.00,0.0,0.0,,0.0
129,23,1.00,2,20.24,31.10,25.83,0.0,0.00,0.0,0.0,,0.0
129,24,1.00,2,19.12,28.89,24.52,0.0,0.00,0.0,0.0,,0.0
129,1,2.00,2,18.15,26.90,23.28,0.0,0.00,0.0,0.0,,0.0
129,2,2.00,2,17.26,25.11,22.11,0.0,0.00,0.0,0.0,,0.0
129,3,2.00,2,16.17,23.43,20.95,0.0,0.00,0.0,0.0,,0.0
129,4,2.00,2,15.48,21.95,19.89,0.0,0.00,0.0,-0.0,,0.0
129,5,2.00,2,15.05,20.65,18.95,0.0,0.00,0.0,-0.0,,0.0
129,6,2.00,2,14.14,19.41,18.00,0.0,0.00,0.0,-0.0,,0.0
129,7,2.00,2,13.38,18.26,17.09,0.0,0.00,0.0,-0.0,,0.0
129,8,2.00,2,14.70,21.16,21.85,994.27,1341.02,0.0,0.0,,994.27
129,9,2.00,2,16.84,23.78,24.00,0.0,1222.61,0.0,0.0,,0.0
129,10,2.00,2,19.38,25.93,26.02,0.0,807.04,0.0,0.0,,0.0
129,11,2.00,2,21.78,28.35,26.85,-978.67,936.04,0.0,0.0,,-978.67
129,12,2.00,2,24.38,31.04,26.85,-2095.81,1114.55,0.0,-256.84,,-2352.65
129,13,2.00,2,26.39,33.70,26.85,-2715.97,1246.42,0.0,-401.38,,-3117.35
129,14,2.00,2,28.08,36.01,26.85,-3049.45,1211.36,0.0,-417.03,,-3466.4799999999996
129,15,2.00,2,29.50,38.05,26.85,-3313.21,1179.85,0.0,-416.11,,-3729.32
129,16,2.00,2,30.64,39.91,26.85,-3554.23,1164.45,0.0,-452.94,,-4007.17
129,17,2.00,2,29.65,41.00,26.85,-3391.34,1139.95,0.0,-70.28,,-3461.6200000000003
129,18,2.00,2,28.50,41.24,26.85,-2988.11,892.03,0.0,0.0,,-2988.11
129,19,2.00,2,26.66,39.64,28.76,0.0,605.89,0.0,0.0,,0.0
129,20,2.00,2,23.86,38.10,29.36,0.0,907.64,0.0,0.0,,0.0
129,21,2.00,2,21.78,35.07,27.90,0.0,0.00,0.0,0.0,,0.0
129,22,2.00,2,20.42,32.36,26.44,0.0,0.00,0.0,0.0,,0.0
129,23,2.00,2,19.31,29.96,25.05,0.0,0.00,0.0,0.0,,0.0
129,24,2.00,2,18.28,27.80,23.74,0.0,0.00,0.0,0.0,,0.0
129,1,3.00,2,17.59,25.92,22.56,0.0,0.00,0.0,0.0,,0.0
129,2,3.00,2,16.85,24.24,21.45,0.0,0.00,0.0,0.0,,0.0
129,3,3.00,2,15.92,22.68,20.37,0.0,0.00,0.0,-0.0,,0.0
129,4,3.00,2,15.08,21.25,19.33,0.0,0.00,0.0,-0.0,,0.0
129,5,3.00,2,14.06,19.88,18.30,0.0,0.00,0.0,-0.0,,0.0
129,6,3.00,2,13.10,18.59,17.28,0.0,0.00,0.0,-0.0,,0.0
129,7,3.00,2,12.47,17.43,16.34,0.0,0.00,0.0,-0.0,,0.0
129,8,3.00,2,13.97,20.92,20.02,0.0,1341.02,0.0,0.0,,0.0
129,9,3.00,2,16.38,24.02,23.27,0.0,1222.61,0.0,0.0,,0.0
129,10,3.00,2,19.26,26.55,25.93,0.0,807.04,0.0,0.0,,0.0
129,11,3.00,2,22.24,29.40,28.88,0.0,936.04,0.0,0.0,,0.0
129,12,3.00,2,25.06,32.48,32.05,0.0,1114.55,0.0,0.0,,0.0
129,13,3.00,2,27.24,35.53,35.17,0.0,1246.42,0.0,0.0,,0.0
129,14,3.00,2,29.15,38.24,37.95,0.0,1211.36,0.0,0.0,,0.0
129,15,3.00,2,30.67,40.68,40.44,0.0,1179.85,0.0,0.0,,0.0
129,16,3.00,2,31.94,42.93,42.73,0.0,1164.45,0.0,0.0,,0.0
129,17,3.00,2,31.12,44.54,44.38,0.0,1139.95,0.0,0.0,,0.0
129,18,3.00,2,30.12,45.33,45.19,0.0,892.03,0.0,0.0,,0.0
129,19,3.00,2,28.28,43.04,42.92,0.0,605.89,0.0,0.0,,0.0
129,20,3.00,2,25.63,41.15,41.05,0.0,907.64,0.0,0.0,,0.0
129,21,3.00,2,23.51,37.86,37.78,0.0,0.00,0.0,0.0,,0.0
129,22,3.00,2,21.87,34.91,34.84,0.0,0.00,0.0,0.0,,0.0
129,23,3.00,2,20.43,32.24,32.18,0.0,0.00,0.0,0.0,,0.0
129,24,3.00,2,19.10,29.81,29.77,0.0,0.00,0.0,0.0,,0.0
129,1,4.00,2,18.08,27.65,27.61,0.0,0.00,0.0,0.0,,0.0
129,2,4.00,2,17.14,25.71,25.67,0.0,0.00,0.0,0.0,,0.0
129,3,4.00,2,16.25,23.95,23.92,0.0,0.00,0.0,0.0,,0.0
129,4,4.00,2,15.51,22.38,22.36,0.0,0.00,0.0,0.0,,0.0
129,5,4.00,2,14.93,20.99,20.97,0.0,0.00,0.0,0.0,,0.0
129,6,4.00,2,14.20,19.71,19.69,0.0,0.00,0.0,-0.0,,0.0
129,7,4.00,2,13.51,18.53,18.52,0.0,0.00,0.0,-0.0,,0.0
129,8,4.00,2,15.15,22.04,22.03,0.0,1341.02,0.0,0.0,,0.0
129,9,4.00,2,17.48,25.13,25.12,0.0,1222.61,0.0,0.0,,0.0
129,10,4.00,2,20.33,27.66,27.65,0.0,807.04,0.0,0.0,,0.0
129,11,4.00,2,23.01,30.43,30.42,0.0,936.04,0.0,0.0,,0.0
129,12,4.00,2,25.54,33.40,33.39,0.0,1114.55,0.0,0.0,,0.0
129,13,4.00,2,27.88,36.40,36.40,0.0,1246.42,0.0,0.0,,0.0
129,14,4.00,2,29.85,39.09,39.08,0.0,1211.36,0.0,0.0,,0.0
129,15,4.00,2,31.38,41.50,41.50,0.0,1179.85,0.0,0.0,,0.0
129,16,4.00,2,32.57,43.72,43.71,0.0,1164.45,0.0,0.0,,0.0
129,17,4.00,2,31.64,45.28,45.27,0.0,1139.95,0.0,0.0,,0.0
129,18,4.00,2,30.33,45.95,45.95,0.0,892.03,0.0,0.0,,0.0
129,19,4.00,2,28.60,43.61,43.61,0.0,605.89,0.0,0.0,,0.0
129,20,4.00,2,25.77,41.64,41.64,0.0,907.64,0.0,0.0,,0.0
129,21,4.00,2,23.48,38.26,38.26,0.0,0.00,0.0,0.0,,0.0
129,22,4.00,2,21.97,35.25,35.25,0.0,0.00,0.0,0.0,,0.0
129,23,4.00,2,20.72,32.58,32.58,0.0,0.00,0.0,0.0,,0.0
129,24,4.00,2,19.63,30.20,30.20,0.0,0.00,0.0,0.0,,0.0
129,1,5.00,2,18.69,28.08,28.08,0.0,0.00,0.0,0.0,,0.0
129,2,5.00,2,17.58,26.13,26.13,0.0,0.00,0.0,0.0,,0.0
129,3,5.00,2,16.72,24.39,24.38,0.0,0.00,0.0,0.0,,0.0
129,4,5.00,2,15.87,22.80,22.79,0.0,0.00,0.0,0.0,,0.0
129,5,5.00,2,15.04,21.34,21.34,0.0,0.00,0.0,0.0,,0.0
129,6,5.00,2,14.00,19.95,19.95,0.0,0.00,0.0,0.0,,0.0
129,7,5.00,2,13.23,18.68,18.67,0.0,0.00,0.0,-0.0,,0.0
129,8,5.00,2,14.62,21.46,21.85,243.01,1341.02,0.0,0.0,,243.01
129,9,5.00,2,16.66,23.97,24.19,0.0,1222.61,0.0,0.0,,0.0
129,10,5.00,2,19.10,26.01,26.17,0.0,807.04,0.0,0.0,,0.0
129,11,5.00,2,21.60,28.38,26.85,-1037.83,936.04,0.0,0.0,,-1037.83
129,12,5.00,2,24.34,31.07,26.85,-2110.71,1114.55,0.0,-142.69,,-2253.4
129,13,5.00,2,26.84,33.85,26.85,-2803.63,1246.42,0.0,-208.37,,-3012.0
129,14,5.00,2,28.79,36.30,26.85,-3180.15,1211.36,0.0,-261.41,,-3441.56
129,15,5.00,2,30.30,38.46,26.85,-3459.11,1179.85,0.0,-264.87,,-3723.98
129,16,5.00,2,31.34,40.38,26.85,-3683.62,1164.45,0.0,-207.26,,-3890.88
129,17,5.00,2,31.06,41.71,26.85,-3641.63,1139.95,0.0,-246.35,,-3887.98
129,18,5.00,2,30.10,42.15,26.85,-3274.89,892.03,0.0,-60.86,,-3335.75
129,19,5.00,2,28.94,40.81,29.26,0.0,605.89,0.0,0.0,,0.0
129,20,5.00,2,26.78,39.59,30.32,0.0,907.64,0.0,0.0,,0.0
129,21,5.00,2,25.15,36.89,29.30,0.0,0.00,0.0,0.0,,0.0
129,22,5.00,2,24.54,34.61,28.34,0.0,0.00,0.0,0.0,,0.0
129,23,5.00,2,23.91,32.62,27.43,0.0,0.00,0.0,0.0,,0.0
129,24,5.00,2,23.25,30.87,26.58,0.0,0.00,0.0,0.0,,0.0
129,1,6.00,2,22.65,29.33,25.77,0.0,0.00,0.0,0.0,,0.0
129,2,6.00,2,22.48,28.04,25.09,0.0,0.00,0.0,0.0,,0.0
129,3,6.00,2,22.52,26.99,24.54,0.0,0.00,0.0,0.0,,0.0
129,4,6.00,2,22.54,26.13,24.10,0.0,0.00,0.0,-0.0,,0.0
129,5,6.00,2,22.88,25.48,23.80,0.0,0.00,0.0,-0.0,,0.0
129,6,6.00,2,22.47,24.85,23.46,0.0,0.00,0.0,-0.0,,0.0
129,7,6.00,2,22.20,24.29,23.13,0.0,0.00,0.0,-0.0,,0.0
129,8,6.00,2,22.14,27.45,26.57,0.0,1341.02,0.0,-53.85,,-53.85
129,9,6.00,2,21.84,29.63,26.85,-1319.86,1222.61,0.0,-373.16,,-1693.02
129,10,6.00,2,23.28,31.25,26.85,-1666.07,807.04,0.0,-388.89,,-2054.96
129,11,6.00,2,24.95,33.13,26.85,-2183.08,936.04,0.0,-456.5,,-2639.58
129,12,6.00,2,26.52,35.17,26.85,-2681.0,1114.55,0.0,-653.48,,-3334.48
129,13,6.00,2,27.71,37.15,26.85,-3055.33,1246.42,0.0,-213.19,,-3268.52
129,14,6.00,2,29.09,38.90,26.85,-3282.59,1211.36,0.0,0.0,,-3282.59
129,15,6.00,2,29.90,40.36,26.85,-3414.76,1179.85,0.0,-10.0,,-3424.76
129,16,6.00,2,28.68,41.15,26.85,-3233.47,1164.45,0.0,0.0,,-3233.47
129,17,6.00,2,27.83,41.56,26.85,-3075.93,1139.95,0.0,0.0,,-3075.93
129,18,6.00,2,26.16,41.14,26.85,-2571.84,892.03,0.0,0.0,,-2571.84
129,19,6.00,2,23.80,39.11,28.13,0.0,605.89,0.0,0.0,,0.0
129,20,6.00,2,20.50,37.08,28.21,0.0,907.64,0.0,0.0,,0.0
129,21,6.00,2,18.42,33.65,26.36,0.0,0.00,0.0,0.0,,0.0
129,22,6.00,2,17.37,30.68,24.67,0.0,0.00,0.0,0.0,,0.0
129,23,6.00,2,15.72,27.94,22.96,0.0,0.00,0.0,0.0,,0.0
129,24,6.00,2,14.19,25.42,21.29,0.0,0.00,0.0,0.0,,0.0
129,1,7.00,2,13.59,23.27,19.85,0.0,0.00,0.0,0.0,,0.0
129,2,7.00,2,13.65,21.53,18.70,0.0,0.00,0.0,0.0,,0.0
129,3,7.00,2,13.76,20.13,17.78,0.0,0.00,0.0,0.0,,0.0
129,4,7.00,2,14.46,19.11,17.16,0.0,0.00,0.0,0.0,,0.0
129,5,7.00,2,15.91,18.54,16.93,0.0,0.00,0.0,-0.0,,0.0
129,6,7.00,2,16.45,18.14,16.80,0.0,0.00,0.0,-0.0,,0.0
129,7,7.00,2,16.86,17.86,16.75,0.0,0.00,0.0,-0.0,,0.0
129,8,7.00,2,17.57,21.52,21.85,735.01,1341.02,0.0,0.0,,735.01
129,9,7.00,2,19.18,24.55,24.56,0.0,1222.61,0.0,0.0,,0.0
129,10,7.00,2,21.97,27.09,26.85,-127.75,807.04,0.0,0.0,,-127.75
129,11,7.00,2,25.11,30.01,26.85,-1887.22,936.04,0.0,-99.27,,-1986.49
129,12,7.00,2,27.16,32.92,26.85,-2646.48,1114.55,0.0,-352.7,,-2999.18
129,13,7.00,2,29.18,35.76,26.85,-3245.97,1246.42,0.0,-370.84,,-3616.81
129,14,7.00,2,30.68,38.16,26.85,-3536.58,1211.36,0.0,-372.55,,-3909.13
129,15,7.00,2,31.94,40.25,26.85,-3766.97,1179.85,0.0,-268.05,,-4035.02
129,16,7.00,2,32.72,42.05,26.85,-3942.37,1164.45,0.0,-188.19,,-4130.5599999999995
129,17,7.00,2,31.88,43.16,26.85,-3801.01,1139.95,0.0,0.0,,-3801.01
129,18,7.00,2,30.58,43.36,26.85,-3370.9,892.03,0.0,0.0,,-3370.9
129,19,7.00,2,28.44,41.69,29.17,0.0,605.89,0.0,0.0,,0.0
129,20,7.00,2,25.38,40.04,29.98,0.0,907.64,0.0,0.0,,0.0
129,21,7.00,2,23.25,36.92,28.66,0.0,0.00,0.0,0.0,,0.0
129,22,7.00,2,21.84,34.13,27.31,0.0,0.00,0.0,0.0,,0.0
129,23,7.00,2,20.48,31.61,25.97,0.0,0.00,0.0,0.0,,0.0
129,24,7.00,2,19.19,29.32,24.64,0.0,0.00,0.0,0.0,,0.0
129,1,1.00,2,18.23,27.27,23.39,0.0,0.00,0.0,0.0,,0.0
129,2,1.00,2,17.56,25.47,22.26,0.0,0.00,0.0,0.0,,0.0
129,3,1.00,2,16.39,23.77,21.11,0.0,0.00,0.0,0.0,,0.0
129,4,1.00,2,15.76,22.28,20.07,0.0,0.00,0.0,0.0,,0.0
129,5,1.00,2,14.93,20.89,19.06,0.0,0.00,0.0,0.0,,0.0
129,6,1.00,2,13.91,19.57,18.05,0.0,0.00,0.0,-0.0,,0.0
129,7,1.00,2,13.23,18.36,17.11,0.0,0.00,0.0,-0.0,,0.0
129,8,1.00,2,14.77,21.26,21.85,968.17,1341.02,0.0,0.0,,968.17
129,9,1.00,2,16.74,23.84,23.98,0.0,1222.61,0.0,0.0,,0.0
129,10,1.00,2,19.53,26.02,26.06,0.0,807.04,0.0,0.0,,0.0
129,11,1.00,2,22.95,28.73,26.85,-1193.37,936.04,0.0,0.0,,-1193.37
129,12,1.00,2,25.63,31.63,26.85,-2318.61,1114.55,0.0,-144.97,,-2463.58
129,13,1.00,2,27.97,34.52,26.85,-2999.79,1246.42,0.0,-262.62,,-3262.41
129,14,1.00,2,30.13,37.12,26.85,-3417.73,1211.36,0.0,-461.76,,-3879.49
129,15,1.00,2,31.80,39.44,26.85,-3729.22,1179.85,0.0,-286.61,,-4015.83
129,16,1.00,2,33.00,41.51,26.85,-3983.7,1164.45,0.0,-295.39,,-4279.09
129,17,1.00,2,32.13,42.79,26.85,-3842.2,1139.95,0.0,-21.3,,-3863.5
129,18,1.00,2,31.00,43.18,26.85,-3445.24,892.03,0.0,0.0,,-3445.24
129,19,1.00,2,28.48,41.52,29.18,0.0,605.89,0.0,0.0,,0.0
129,20,1.00,2,25.31,39.88,29.97,0.0,907.64,0.0,0.0,,0.0
129,21,1.00,2,23.36,36.81,28.68,0.0,0.00,0.0,0.0,,0.0
129,22,1.00,2,21.79,34.02,27.32,0.0,0.00,0.0,0.0,,0.0
129,23,1.00,2,20.60,31.55,26.00,0.0,0.00,0.0,0.0,,0.0
129,24,1.00,2,19.42,29.31,24.71,0.0,0.00,0.0,0.0,,0.0
129,1,2.00,2,18.48,27.31,23.49,0.0,0.00,0.0,0.0,,0.0
129,2,2.00,2,17.49,25.48,22.32,0.0,0.00,0.0,0.0,,0.0
129,3,2.00,2,16.52,23.81,21.19,0.0,0.00,0.0,0.0,,0.0
129,4,2.00,2,15.78,22.30,20.14,0.0,0.00,0.0,0.0,,0.0
129,5,2.00,2,14.91,20.91,19.11,0.0,0.00,0.0,0.0,,0.0
129,6,2.00,2,14.08,19.62,18.13,0.0,0.00,0.0,-0.0,,0.0
129,7,2.00,2,13.17,18.39,17.15,0.0,0.00,0.0,-0.0,,0.0
129,8,2.00,2,14.29,21.15,21.85,1028.8,1341.02,0.0,0.0,,1028.8
129,9,2.00,2,16.49,23.70,23.91,0.0,1222.61,0.0,0.0,,0.0
129,10,2.00,2,18.96,25.77,25.86,0.0,807.04,0.0,0.0,,0.0
129,11,2.00,2,21.67,28.22,26.85,-894.44,936.04,0.0,0.0,,-894.44
129,12,2.00,2,24.06,30.87,26.85,-2030.57,1114.55,0.0,0.0,,-2030.57
129,13,2.00,2,26.12,33.51,26.85,-2663.15,1246.42,0.0,-67.42,,-2730.57
129,14,2.00,2,28.06,35.87,26.85,-3042.0,1211.36,0.0,-435.33,,-3477.33
129,15,2.00,2,29.36,37.91,26.85,-3288.1,1179.85,0.0,-128.73,,-3416.83
129,16,2.00,2,28.83,39.31,26.85,-3240.87,1164.45,0.0,0.0,,-3240.87
129,17,2.00,2,27.99,40.16,26.85,-3095.07,1139.95,0.0,0.0,,-3095.07
129,18,2.00,2,26.95,40.25,26.85,-2706.24,892.03,0.0,0.0,,-2706.24
129,19,2.00,2,24.94,38.55,28.38,0.0,605.89,0.0,0.0,,0.0
129,20,2.00,2,22.85,37.06,28.88,0.0,907.64,0.0,0.0,,0.0
129,21,2.00,2,21.08,34.10,27.39,0.0,0.00,0.0,0.0,,0.0
129,22,2.00,2,19.73,31.45,25.91,0.0,0.00,0.0,0.0,,0.0
129,23,2.00,2,18.71,29.11,24.52,0.0,0.00,0.0,0.0,,0.0
129,24,2.00,2,17.94,27.06,23.26,0.0,0.00,0.0,0.0,,0.0
129,1,3.00,2,17.48,25.30,22.15,0.0,0.00,0.0,0.0,,0.0
129,2,3.00,2,16.79,23.72,21.11,0.0,0.00,0.0,0.0,,0.0
129,3,3.00,2,15.87,22.24,20.08,0.0,0.00,0.0,-0.0,,0.0
129,4,3.00,2,15.25,20.93,19.13,0.0,0.00,0.0,-0.0,,0.0
129,5,3.00,2,14.55,19.72,18.23,0.0,0.00,0.0,-0.0,,0.0
129,6,3.00,2,13.64,18.55,17.32,0.0,0.00,0.0,-0.0,,0.0
129,7,3.00,2,12.81,17.45,16.43,0.0,0.00,0.0,-0.0,,0.0
129,8,3.00,2,12.27,20.56,19.72,0.0,1341.02,0.0,0.0,,0.0
129,9,3.00,2,14.92,23.47,22.76,0.0,1222.61,0.0,0.0,,0.0
129,10,3.00,2,17.77,25.84,25.26,0.0,807.04,0.0,0.0,,0.0
129,11,3.00,2,20.97,28.60,28.12,0.0,936.04,0.0,0.0,,0.0
129,12,3.00,2,23.20,31.48,31.08,0.0,1114.55,0.0,0.0,,0.0
129,13,3.00,2,25.16,34.34,34.01,0.0,1246.42,0.0,0.0,,0.0
129,14,3.00,2,27.05,36.90,36.62,0.0,1211.36,0.0,0.0,,0.0
129,15,3.00,2,28.61,39.22,38.99,0.0,1179.85,0.0,0.0,,0.0
129,16,3.00,2,28.08,41.00,40.81,0.0,1164.45,0.0,0.0,,0.0
129,17,3.00,2,27.20,42.26,42.10,0.0,1139.95,0.0,0.0,,0.0
129,18,3.00,2,25.98,42.72,42.59,0.0,892.03,0.0,0.0,,0.0
129,19,3.00,2,24.31,40.21,40.10,0.0,605.89,0.0,0.0,,0.0
129,20,3.00,2,22.05,38.22,38.13,0.0,907.64,0.0,0.0,,0.0
129,21,3.00,2,20.14,34.88,34.81,0.0,0.00,0.0,0.0,,0.0
129,22,3.00,2,18.91,31.96,31.89,0.0,0.00,0.0,0.0,,0.0
129,23,3.00,2,17.69,29.35,29.29,0.0,0.00,0.0,0.0,,0.0
129,24,3.00,2,16.49,26.99,26.94,0.0,0.00,0.0,0.0,,0.0
129,1,4.00,2,15.55,24.89,24.85,0.0,0.00,0.0,0.0,,0.0
129,2,4.00,2,14.79,23.03,23.00,0.0,0.00,0.0,0.0,,0.0
129,3,4.00,2,14.13,21.39,21.36,0.0,0.00,0.0,0.0,,0.0
129,4,4.00,2,13.43,19.91,19.89,0.0,0.00,0.0,0.0,,0.0
129,5,4.00,2,12.99,18.62,18.61,0.0,0.00,0.0,-0.0,,0.0
129,6,4.00,2,12.34,17.44,17.42,0.0,0.00,0.0,-0.0,,0.0
129,7,4.00,2,13.24,16.68,16.66,0.0,0.00,0.0,-0.0,,0.0
129,8,4.00,2,14.19,20.33,20.32,0.0,1341.02,0.0,0.0,,0.0
129,9,4.00,2,16.45,23.53,23.52,0.0,1222.61,0.0,0.0,,0.0
129,10,4.00,2,19.37,26.17,26.17,0.0,807.04,0.0,0.0,,0.0
129,11,4.00,2,22.01,29.03,29.02,0.0,936.04,0.0,0.0,,0.0
129,12,4.00,2,24.78,32.12,32.12,0.0,1114.55,0.0,0.0,,0.0
129,13,4.00,2,26.98,35.19,35.19,0.0,1246.42,0.0,0.0,,0.0
129,14,4.00,2,28.74,37.89,37.88,0.0,1211.36,0.0,0.0,,0.0
129,15,4.00,2,29.95,40.25,40.25,0.0,1179.85,0.0,0.0,,0.0
129,16,4.00,2,29.36,42.06,42.06,0.0,1164.45,0.0,0.0,,0.0
129,17,4.00,2,28.34,43.33,43.32,0.0,1139.95,0.0,0.0,,0.0
129,18,4.00,2,27.11,43.80,43.79,0.0,892.03,0.0,0.0,,0.0
129,19,4.00,2,25.67,41.34,41.34,0.0,605.89,0.0,0.0,,0.0
129,20,4.00,2,23.40,39.38,39.38,0.0,907.64,0.0,0.0,,0.0
129,21,4.00,2,21.67,36.11,36.11,0.0,0.00,0.0,0.0,,0.0
129,22,4.00,2,20.49,33.25,33.25,0.0,0.00,0.0,0.0,,0.0
129,23,4.00,2,19.30,30.69,30.69,0.0,0.00,0.0,0.0,,0.0
129,24,4.00,2,18.30,28.42,28.41,0.0,0.00,0.0,0.0,,0.0
129,1,5.00,2,17.55,26.42,26.42,0.0,0.00,0.0,0.0,,0.0
129,2,5.00,2,16.71,24.63,24.62,0.0,0.00,0.0,0.0,,0.0
129,3,5.00,2,16.07,23.04,23.04,0.0,0.00,0.0,0.0,,0.0
129,4,5.00,2,15.31,21.59,21.59,0.0,0.00,0.0,0.0,,0.0
129,5,5.00,2,14.45,20.25,20.24,0.0,0.00,0.0,-0.0,,0.0
129,6,5.00,2,13.64,18.99,18.99,0.0,0.00,0.0,-0.0,,0.0
129,7,5.00,2,12.83,17.82,17.82,0.0,0.00,0.0,-0.0,,0.0
129,8,5.00,2,12.37,20.20,21.85,1033.01,1341.02,0.0,0.0,,1033.01
129,9,5.00,2,14.72,22.57,23.52,0.0,1222.61,0.0,0.0,,0.0
129,10,5.00,2,17.46,24.58,25.25,0.0,807.04,0.0,0.0,,0.0
129,11,5.00,2,20.13,26.96,26.85,-385.99,936.04,0.0,0.0,,-385.99
129,12,5.00,2,22.80,29.63,26.85,-1769.45,1114.55,0.0,0.0,,-1769.45
129,13,5.00,2,25.05,32.32,26.85,-2451.82,1246.42,0.0,-123.27,,-2575.09
129,14,5.00,2,26.95,34.70,26.85,-2833.02,1211.36,0.0,-352.52,,-3185.54
129,15,5.00,2,28.42,36.80,26.85,-3110.62,1179.85,0.0,-120.23,,-3230.85
129,16,5.00,2,29.50,38.69,26.85,-3345.06,1164.45,0.0,-149.23,,-3494.29
129,17,5.00,2,28.65,39.83,26.85,-3206.48,1139.95,0.0,0.0,,-3206.48
129,18,5.00,2,27.36,40.08,26.85,-2780.09,892.03,0.0,0.0,,-2780.09
129,19,5.00,2,25.34,38.45,28.47,0.0,605.89,0.0,0.0,,0.0
129,20,5.00,2,22.51,36.88,28.87,0.0,907.64,0.0,0.0,,0.0
129,21,5.00,2,20.50,33.85,27.27,0.0,0.00,0.0,0.0,,0.0
129,22,5.00,2,19.26,31.16,25.73,0.0,0.00,0.0,0.0,,0.0
129,23,5.00,2,18.34,28.81,24.31,0.0,0.00,0.0,0.0,,0.0
129,24,5.00,2,17.40,26.71,22.99,0.0,0.00,0.0,0.0,,0.0
129,1,6.00,2,16.64,24.85,21.77,0.0,0.00,0.0,0.0,,0.0
129,2,6.00,2,15.63,23.14,20.58,0.0,0.00,0.0,0.0,,0.0
129,3,6.00,2,15.06,21.64,19.52,0.0,0.00,0.0,0.0,,0.0
129,4,6.00,2,14.29,20.26,18.50,0.0,0.00,0.0,-0.0,,0.0
129,5,6.00,2,13.83,19.05,17.60,0.0,0.00,0.0,-0.0,,0.0
129,6,6.00,2,12.88,17.87,16.67,0.0,0.00,0.0,-0.0,,0.0
129,7,6.00,2,11.94,16.73,15.73,0.0,0.00,0.0,-0.0,,0.0
129,8,6.00,2,12.94,19.57,21.85,1911.54,1341.02,0.0,0.0,,1911.54
129,9,6.00,2,15.13,22.17,23.33,0.0,1222.61,0.0,0.0,,0.0
129,10,6.00,2,17.78,24.33,25.10,0.0,807.04,0.0,0.0,,0.0
129,11,6.00,2,20.42,26.82,26.85,-339.11,936.04,0.0,0.0,,-339.11
129,12,6.00,2,22.66,29.46,26.85,-1721.08,1114.55,0.0,0.0,,-1721.08
129,13,6.00,2,24.78,32.12,26.85,-2394.4,1246.42,0.0,0.0,,-2394.4
129,14,6.00,2,26.53,34.44,26.85,-2753.39,1211.36,0.0,-40.2,,-2793.5899999999997
129,15,6.00,2,27.76,36.44,26.85,-2992.28,1179.85,0.0,0.0,,-2992.28
129,16,6.00,2,28.72,38.23,26.85,-3204.03,1164.45,0.0,0.0,,-3204.03
129,17,6.00,2,27.91,39.32,26.85,-3071.63,1139.95,0.0,0.0,,-3071.63
129,18,6.00,2,26.80,39.56,26.85,-2675.6,892.03,0.0,0.0,,-2675.6
129,19,6.00,2,24.73,37.92,28.33,0.0,605.89,0.0,0.0,,0.0
129,20,6.00,2,22.60,36.49,28.79,0.0,907.64,0.0,0.0,,0.0
129,21,6.00,2,20.91,33.61,27.29,0.0,0.00,0.0,0.0,,0.0
129,22,6.00,2,19.77,31.06,25.84,0.0,0.00,0.0,0.0,,0.0
129,23,6.00,2,18.93,28.83,24.51,0.0,0.00,0.0,0.0,,0.0
129,24,6.00,2,17.88,26.81,23.23,0.0,0.00,0.0,0.0,,0.0
129,1,7.00,2,17.02,24.99,22.03,0.0,0.00,0.0,0.0,,0.0
129,2,7.00,2,15.92,23.30,20.84,0.0,0.00,0.0,0.0,,0.0
129,3,7.00,2,14.91,21.73,19.69,0.0,0.00,0.0,0.0,,0.0
129,4,7.00,2,13.85,20.24,18.55,0.0,0.00,0.0,-0.0,,0.0
129,5,7.00,2,13.10,18.90,17.50,0.0,0.00,0.0,-0.0,,0.0
129,6,7.00,2,12.28,17.65,16.49,0.0,0.00,0.0,-0.0,,0.0
129,7,7.00,2,11.60,16.50,15.54,0.0,0.00,0.0,-0.0,,0.0
129,8,7.00,2,12.59,19.31,21.85,2054.52,1341.02,0.0,0.0,,2054.52
129,9,7.00,2,15.17,22.00,23.32,0.0,1222.61,0.0,0.0,,0.0
129,10,7.00,2,18.08,24.28,25.16,0.0,807.04,0.0,0.0,,0.0
129,11,7.00,2,20.95,26.91,26.85,-450.17,936.04,0.0,0.0,,-450.17
129,12,7.00,2,23.56,29.75,26.85,-1880.74,1114.55,0.0,0.0,,-1880.74
129,13,7.00,2,25.87,32.60,26.85,-2588.84,1246.42,0.0,-188.66,,-2777.5
129,14,7.00,2,27.84,35.11,26.85,-2989.59,1211.36,0.0,-438.71,,-3428.3
129,15,7.00,2,29.24,37.30,26.85,-3259.09,1179.85,0.0,-305.66,,-3564.75
129,16,7.00,2,30.21,39.22,26.85,-3474.93,1164.45,0.0,-333.02,,-3807.95
129,17,7.00,2,29.28,40.38,26.85,-3322.22,1139.95,0.0,0.0,,-3322.22
129,18,7.00,2,28.19,40.69,26.85,-2930.59,892.03,0.0,0.0,,-2930.59
129,19,7.00,2,26.53,39.17,28.73,0.0,605.89,0.0,0.0,,0.0
129,20,7.00,2,24.35,37.82,29.44,0.0,907.64,0.0,0.0,,0.0
129,21,7.00,2,22.40,34.95,28.08,0.0,0.00,0.0,0.0,,0.0
129,22,7.00,2,21.11,32.39,26.72,0.0,0.00,0.0,0.0,,0.0
129,23,7.00,2,19.97,30.09,25.40,0.0,0.00,0.0,0.0,,0.0
129,24,7.00,2,18.87,28.01,24.12,0.0,0.00,0.0,0.0,,0.0
129,1,1.00,3,17.95,26.15,22.92,0.0,0.00,0.0,0.0,,0.0
129,2,1.00,3,16.93,24.43,21.76,0.0,0.00,0.0,0.0,,0.0
129,3,1.00,3,16.02,22.85,20.64,0.0,0.00,0.0,-0.0,,0.0
129,4,1.00,3,15.10,21.39,19.56,0.0,0.00,0.0,-0.0,,0.0
129,5,1.00,3,14.51,20.10,18.58,0.0,0.00,0.0,-0.0,,0.0
129,6,1.00,3,13.60,18.86,17.60,0.0,0.00,0.0,-0.0,,0.0
129,7,1.00,3,12.44,17.63,16.58,0.0,0.00,0.0,-0.0,,0.0
129,8,1.00,3,13.56,18.66,21.19,2093.54,55.82,0.0,0.0,,2093.54
129,9,1.00,3,16.20,20.74,22.04,0.0,443.95,0.0,0.0,,0.0
129,10,1.00,3,19.01,23.41,24.27,0.0,724.27,0.0,0.0,,0.0
129,11,1.00,3,22.47,26.70,26.19,-716.28,1014.17,0.0,-8.68,,-724.9599999999999
129,12,1.00,3,24.84,30.00,26.19,-2283.25,1222.13,0.0,-402.28,,-2685.5299999999997
129,13,1.00,3,27.30,33.09,26.19,-2963.82,1234.49,0.0,-1007.63,,-3971.4500000000003
129,14,1.00,3,28.78,35.78,26.19,-3354.23,1282.07,0.0,-1311.62,,-4665.85
129,15,1.00,3,28.34,37.58,26.19,-3296.67,1221.60,0.0,-786.78,,-4083.45
129,16,1.00,3,27.82,38.83,26.19,-3212.21,1171.03,0.0,-491.21,,-3703.42
129,17,1.00,3,26.72,39.31,26.19,-2883.06,980.48,0.0,0.0,,-2883.06
129,18,1.00,3,25.54,39.13,26.19,-2466.0,772.02,0.0,0.0,,-2466.0
129,19,1.00,3,23.84,37.24,27.37,0.0,469.13,0.0,0.0,,0.0
129,20,1.00,3,22.27,34.60,26.64,0.0,58.06,0.0,0.0,,0.0
129,21,1.00,3,20.88,32.06,25.53,0.0,0.00,0.0,0.0,,0.0
129,22,1.00,3,19.96,29.83,24.43,0.0,0.00,0.0,0.0,,0.0
129,23,1.00,3,18.88,27.80,23.33,0.0,0.00,0.0,0.0,,0.0
129,24,1.00,3,17.53,25.88,22.18,0.0,0.00,0.0,0.0,,0.0
129,1,2.00,3,16.53,24.14,21.07,0.0,0.00,0.0,0.0,,0.0
129,2,2.00,3,15.81,22.58,20.04,0.0,0.00,0.0,-0.0,,0.0
129,3,2.00,3,15.02,21.16,19.06,0.0,0.00,0.0,-0.0,,0.0
129,4,2.00,3,14.44,19.90,18.15,0.0,0.00,0.0,-0.0,,0.0
129,5,2.00,3,14.35,18.86,17.41,0.0,0.00,0.0,-0.0,,0.0
129,6,2.00,3,13.81,17.89,16.69,0.0,0.00,0.0,-0.0,,0.0
129,7,2.00,3,13.21,16.98,15.99,0.0,0.00,0.0,-0.0,,0.0
129,8,2.00,3,12.70,17.91,21.19,2542.28,55.82,0.0,0.0,,2542.28
129,9,2.00,3,14.57,19.74,21.49,0.0,443.95,0.0,0.0,,0.0
129,10,2.00,3,16.97,22.16,23.33,0.0,724.27,0.0,0.0,,0.0
129,11,2.00,3,19.56,25.03,25.90,0.0,1014.17,0.0,0.0,,0.0
129,12,2.00,3,22.01,28.08,26.19,-1606.66,1222.13,0.0,0.0,,-1606.66
129,13,2.00,3,23.91,30.82,26.19,-2311.69,1234.49,0.0,-193.07,,-2504.76
129,14,2.00,3,25.54,33.31,26.19,-2746.13,1282.07,0.0,-299.08,,-3045.21
129,15,2.00,3,26.94,35.47,26.19,-3013.56,1221.60,0.0,-305.86,,-3319.42
129,16,2.00,3,27.85,37.29,26.19,-3189.06,1171.03,0.0,-334.01,,-3523.0699999999997
129,17,2.00,3,27.02,38.20,26.19,-2920.7,980.48,0.0,0.0,,-2920.7
129,18,2.00,3,25.86,38.34,26.19,-2516.39,772.02,0.0,0.0,,-2516.39
129,19,2.00,3,24.51,36.69,27.51,0.0,469.13,0.0,0.0,,0.0
129,20,2.00,3,22.50,34.16,26.79,0.0,58.06,0.0,0.0,,0.0
129,21,2.00,3,20.90,31.69,25.64,0.0,0.00,0.0,0.0,,0.0
129,22,2.00,3,19.81,29.48,24.49,0.0,0.00,0.0,0.0,,0.0
129,23,2.00,3,18.70,27.48,23.35,0.0,0.00,0.0,0.0,,0.0
129,24,2.00,3,17.89,25.70,22.27,0.0,0.00,0.0,0.0,,0.0
129,1,3.00,3,17.18,24.11,21.27,0.0,0.00,0.0,0.0,,0.0
129,2,3.00,3,16.50,22.68,20.33,0.0,0.00,0.0,-0.0,,0.0
129,3,3.00,3,15.90,21.41,19.46,0.0,0.00,0.0,-0.0,,0.0
129,4,3.00,3,15.40,20.27,18.65,0.0,0.00,0.0,-0.0,,0.0
129,5,3.00,3,14.70,19.20,17.86,0.0,0.00,0.0,-0.0,,0.0
129,6,3.00,3,13.91,18.17,17.06,0.0,0.00,0.0,-0.0,,0.0
129,7,3.00,3,12.95,17.16,16.23,0.0,0.00,0.0,-0.0,,0.0
129,8,3.00,3,14.35,18.88,18.12,0.0,55.82,0.0,-0.0,,0.0
129,9,3.00,3,17.02,21.38,20.75,0.0,443.95,0.0,-0.0,,0.0
129,10,3.00,3,19.76,24.37,23.84,0.0,724.27,0.0,0.0,,0.0
129,11,3.00,3,22.55,27.74,27.31,0.0,1014.17,0.0,0.0,,0.0
129,12,3.00,3,24.92,31.22,30.86,0.0,1222.13,0.0,0.0,,0.0
129,13,3.00,3,26.98,34.43,34.13,0.0,1234.49,0.0,0.0,,0.0
129,14,3.00,3,28.96,37.42,37.17,0.0,1282.07,0.0,0.0,,0.0
129,15,3.00,3,30.42,40.04,39.83,0.0,1221.60,0.0,0.0,,0.0
129,16,3.00,3,31.50,42.34,42.16,0.0,1171.03,0.0,0.0,,0.0
129,17,3.00,3,30.49,43.73,43.59,0.0,980.48,0.0,0.0,,0.0
129,18,3.00,3,29.27,44.35,44.23,0.0,772.02,0.0,0.0,,0.0
129,19,3.00,3,27.17,41.81,41.72,0.0,469.13,0.0,0.0,,0.0
129,20,3.00,3,24.57,38.65,38.57,0.0,58.06,0.0,0.0,,0.0
129,21,3.00,3,22.64,35.66,35.60,0.0,0.00,0.0,0.0,,0.0
129,22,3.00,3,21.07,32.96,32.90,0.0,0.00,0.0,0.0,,0.0
129,23,3.00,3,19.85,30.54,30.49,0.0,0.00,0.0,0.0,,0.0
129,24,3.00,3,18.72,28.36,28.32,0.0,0.00,0.0,0.0,,0.0
129,1,4.00,3,15.15,25.85,25.82,0.0,0.00,0.0,0.0,,0.0
129,2,4.00,3,13.94,23.64,23.62,0.0,0.00,0.0,0.0,,0.0
129,3,4.00,3,12.87,21.66,21.63,0.0,0.00,0.0,0.0,,0.0
129,4,4.00,3,12.00,19.88,19.86,0.0,0.00,0.0,0.0,,0.0
129,5,4.00,3,11.10,18.25,18.24,0.0,0.00,0.0,0.0,,0.0
129,6,4.00,3,10.06,16.73,16.71,0.0,0.00,0.0,0.0,,0.0
129,7,4.00,3,8.99,15.28,15.27,0.0,0.00,0.0,-0.0,,0.0
129,8,4.00,3,10.66,16.72,16.70,0.0,55.82,0.0,-0.0,,0.0
129,9,4.00,3,12.67,18.83,18.82,0.0,443.95,0.0,-0.0,,0.0
129,10,4.00,3,15.11,21.45,21.44,0.0,724.27,0.0,-0.0,,0.0
129,11,4.00,3,17.70,24.49,24.49,0.0,1014.17,0.0,0.0,,0.0
129,12,4.00,3,19.73,27.64,27.63,0.0,1222.13,0.0,0.0,,0.0
129,13,4.00,3,21.99,30.62,30.61,0.0,1234.49,0.0,0.0,,0.0
129,14,4.00,3,23.72,33.37,33.37,0.0,1282.07,0.0,0.0,,0.0
129,15,4.00,3,25.01,35.76,35.75,0.0,1221.60,0.0,0.0,,0.0
129,16,4.00,3,24.00,37.43,37.43,0.0,1171.03,0.0,0.0,,0.0
129,17,4.00,3,22.88,38.37,38.36,0.0,980.48,0.0,0.0,,0.0
129,18,4.00,3,21.62,38.60,38.60,0.0,772.02,0.0,0.0,,0.0
129,19,4.00,3,20.42,35.95,35.95,0.0,469.13,0.0,0.0,,0.0
129,20,4.00,3,18.36,32.78,32.77,0.0,58.06,0.0,0.0,,0.0
129,21,4.00,3,17.23,29.92,29.92,0.0,0.00,0.0,0.0,,0.0
129,22,4.00,3,15.92,27.36,27.35,0.0,0.00,0.0,0.0,,0.0
129,23,4.00,3,14.96,25.09,25.09,0.0,0.00,0.0,0.0,,0.0
129,24,4.00,3,13.74,23.00,23.00,0.0,0.00,0.0,0.0,,0.0
129,1,5.00,3,12.50,21.06,21.06,0.0,0.00,0.0,0.0,,0.0
129,2,5.00,3,11.51,19.30,19.29,0.0,0.00,0.0,0.0,,0.0
129,3,5.00,3,10.22,17.61,17.60,0.0,0.00,0.0,0.0,,0.0
129,4,5.00,3,9.82,16.17,16.17,0.0,0.00,0.0,0.0,,0.0
129,5,5.00,3,9.24,14.89,14.89,0.0,0.00,0.0,0.0,,0.0
129,6,5.00,3,8.52,13.70,13.70,0.0,0.00,0.0,0.0,,0.0
129,7,5.00,3,7.85,12.60,12.60,0.0,0.00,0.0,-0.0,,0.0
129,8,5.00,3,10.50,14.17,21.19,4413.85,55.82,0.0,0.0,,4413.85
129,9,5.00,3,12.74,16.48,21.19,409.55,443.95,0.0,0.0,,409.55
129,10,5.00,3,16.28,19.53,22.75,0.0,724.27,0.0,0.0,,0.0
129,11,5.00,3,19.56,23.03,25.44,0.0,1014.17,0.0,0.0,,0.0
129,12,5.00,3,22.96,26.78,26.19,-1543.51,1222.13,0.0,0.0,,-1543.51
129,13,5.00,3,26.01,30.34,26.19,-2632.06,1234.49,0.0,0.0,,-2632.06
129,14,5.00,3,28.55,33.65,26.19,-3258.1,1282.07,0.0,0.0,,-3258.1
129,15,5.00,3,30.75,36.61,26.19,-3684.68,1221.60,0.0,0.0,,-3684.68
129,16,5.00,3,30.12,38.58,26.19,-3607.66,1171.03,0.0,0.0,,-3607.66
129,17,5.00,3,29.21,39.66,26.19,-3326.32,980.48,0.0,0.0,,-3326.32
129,18,5.00,3,27.91,39.91,26.19,-2894.93,772.02,0.0,0.0,,-2894.93
129,19,5.00,3,25.79,38.16,27.81,0.0,469.13,0.0,0.0,,0.0
129,20,5.00,3,22.80,35.37,27.07,0.0,58.06,0.0,0.0,,0.0
129,21,5.00,3,20.70,32.63,25.82,0.0,0.00,0.0,0.0,,0.0
129,22,5.00,3,19.21,30.13,24.52,0.0,0.00,0.0,0.0,,0.0
129,23,5.00,3,17.88,27.87,23.22,0.0,0.00,0.0,0.0,,0.0
129,24,5.00,3,16.63,25.78,21.93,0.0,0.00,0.0,0.0,,0.0
129,1,6.00,3,15.57,23.89,20.70,0.0,0.00,0.0,0.0,,0.0
129,2,6.00,3,14.54,22.15,19.51,0.0,0.00,0.0,0.0,,0.0
129,3,6.00,3,13.20,20.47,18.28,0.0,0.00,0.0,0.0,,0.0
129,4,6.00,3,12.52,18.99,17.18,0.0,0.00,0.0,0.0,,0.0
129,5,6.00,3,11.91,17.67,16.17,0.0,0.00,0.0,-0.0,,0.0
129,6,6.00,3,11.11,16.44,15.19,0.0,0.00,0.0,-0.0,,0.0
129,7,6.00,3,10.21,15.25,14.22,0.0,0.00,0.0,-0.0,,0.0
129,8,6.00,3,12.31,16.60,21.19,3385.37,55.82,0.0,0.0,,3385.37
129,9,6.00,3,14.26,18.68,21.19,8.17,443.95,0.0,0.0,,8.17
129,10,6.00,3,17.14,21.40,23.10,0.0,724.27,0.0,0.0,,0.0
129,11,6.00,3,19.67,24.46,25.73,0.0,1014.17,0.0,0.0,,0.0
129,12,6.00,3,22.73,27.82,26.19,-1643.03,1222.13,0.0,0.0,,-1643.03
129,13,6.00,3,25.10,30.92,26.19,-2501.52,1234.49,0.0,0.0,,-2501.52
129,14,6.00,3,27.19,33.77,26.19,-3030.51,1282.07,0.0,0.0,,-3030.51
129,15,6.00,3,28.91,36.27,26.19,-3363.41,1221.60,0.0,0.0,,-3363.41
129,16,6.00,3,30.10,38.42,26.19,-3592.16,1171.03,0.0,0.0,,-3592.16
129,17,6.00,3,29.31,39.59,26.19,-3335.78,980.48,0.0,0.0,,-3335.78
129,18,6.00,3,27.90,39.85,26.19,-2891.41,772.02,0.0,0.0,,-2891.41
129,19,6.00,3,26.03,38.16,27.86,0.0,469.13,0.0,0.0,,0.0
129,20,6.00,3,23.28,35.47,27.21,0.0,58.06,0.0,0.0,,0.0
129,21,6.00,3,21.38,32.83,26.06,0.0,0.00,0.0,0.0,,0.0
129,22,6.00,3,20.04,30.45,24.86,0.0,0.00,0.0,0.0,,0.0
129,23,6.00,3,18.80,28.29,23.66,0.0,0.00,0.0,0.0,,0.0
129,24,6.00,3,17.53,26.29,22.46,0.0,0.00,0.0,0.0,,0.0
129,1,7.00,3,16.40,24.45,21.27,0.0,0.00,0.0,0.0,,0.0
129,2,7.00,3,15.42,22.76,20.13,0.0,0.00,0.0,0.0,,0.0
129,3,7.00,3,14.37,21.19,19.01,0.0,0.00,0.0,0.0,,0.0
129,4,7.00,3,13.86,19.82,18.02,0.0,0.00,0.0,-0.0,,0.0
129,5,7.00,3,13.01,18.54,17.04,0.0,0.00,0.0,-0.0,,0.0
129,6,7.00,3,12.35,17.37,16.12,0.0,0.00,0.0,-0.0,,0.0
129,7,7.00,3,11.27,16.20,15.17,0.0,0.00,0.0,-0.0,,0.0
129,8,7.00,3,13.32,17.55,21.19,2783.82,55.82,0.0,0.0,,2783.82
129,9,7.00,3,14.73,19.49,21.44,0.0,443.95,0.0,0.0,,0.0
129,10,7.00,3,17.67,22.15,23.46,0.0,724.27,0.0,0.0,,0.0
129,11,7.00,3,20.53,25.25,26.19,-22.72,1014.17,0.0,0.0,,-22.72
129,12,7.00,3,23.44,28.59,26.19,-1966.72,1222.13,0.0,0.0,,-1966.72
129,13,7.00,3,26.05,31.73,26.19,-2705.26,1234.49,0.0,-39.03,,-2744.2900000000004
129,14,7.00,3,28.11,34.61,26.19,-3213.09,1282.07,0.0,0.0,,-3213.09
129,15,7.00,3,29.84,37.13,26.19,-3539.78,1221.60,0.0,0.0,,-3539.78
129,16,7.00,3,31.16,39.33,26.19,-3788.04,1171.03,0.0,0.0,,-3788.04
129,17,7.00,3,30.36,40.52,26.19,-3529.03,980.48,0.0,0.0,,-3529.03
129,18,7.00,3,29.14,40.86,26.19,-3116.86,772.02,0.0,0.0,,-3116.86
129,19,7.00,3,27.17,39.18,28.12,0.0,469.13,0.0,0.0,,0.0
129,20,7.00,3,24.34,36.49,27.62,0.0,58.06,0.0,0.0,,0.0
129,21,7.00,3,22.24,33.81,26.54,0.0,0.00,0.0,0.0,,0.0
129,22,7.00,3,20.62,31.35,25.35,0.0,0.00,0.0,0.0,,0.0
129,23,7.00,3,19.27,29.11,24.13,0.0,0.00,0.0,0.0,,0.0
129,24,7.00,3,18.06,27.05,22.93,0.0,0.00,0.0,0.0,,0.0
129,1,1.00,3,16.87,25.16,21.74,0.0,0.00,0.0,0.0,,0.0
129,2,1.00,3,15.71,23.39,20.56,0.0,0.00,0.0,0.0,,0.0
129,3,1.00,3,14.55,21.74,19.39,0.0,0.00,0.0,0.0,,0.0
129,4,1.00,3,13.65,20.22,18.28,0.0,0.00,0.0,-0.0,,0.0
129,5,1.00,3,12.60,18.79,17.18,0.0,0.00,0.0,-0.0,,0.0
129,6,1.00,3,12.01,17.52,16.18,0.0,0.00,0.0,-0.0,,0.0
129,7,1.00,3,10.94,16.27,15.16,0.0,0.00,0.0,-0.0,,0.0
129,8,1.00,3,12.79,17.47,21.19,2870.89,55.82,0.0,0.0,,2870.89
129,9,1.00,3,14.24,19.32,21.31,0.0,443.95,0.0,0.0,,0.0
129,10,1.00,3,16.81,21.81,23.14,0.0,724.27,0.0,0.0,,0.0
129,11,1.00,3,19.45,24.74,25.73,0.0,1014.17,0.0,0.0,,0.0
129,12,1.00,3,21.89,27.82,26.19,-1504.94,1222.13,0.0,0.0,,-1504.94
129,13,1.00,3,23.99,30.66,26.19,-2309.37,1234.49,0.0,0.0,,-2309.37
129,14,1.00,3,25.65,33.21,26.19,-2758.64,1282.07,0.0,0.0,,-2758.64
129,15,1.00,3,26.60,35.29,26.19,-2953.52,1221.60,0.0,0.0,,-2953.52
129,16,1.00,3,26.06,36.67,26.19,-2877.4,1171.03,0.0,0.0,,-2877.4
129,17,1.00,3,25.15,37.30,26.19,-2589.38,980.48,0.0,0.0,,-2589.38
129,18,1.00,3,23.61,37.13,26.19,-2113.61,772.02,0.0,0.0,,-2113.61
129,19,1.00,3,21.76,35.21,26.90,0.0,469.13,0.0,0.0,,0.0
129,20,1.00,3,19.62,32.45,25.75,0.0,58.06,0.0,0.0,,0.0
129,21,1.00,3,17.87,29.75,24.26,0.0,0.00,0.0,0.0,,0.0
129,22,1.00,3,16.73,27.35,22.82,0.0,0.00,0.0,0.0,,0.0
129,23,1.00,3,15.67,25.20,21.45,0.0,0.00,0.0,0.0,,0.0
129,24,1.00,3,14.80,23.29,20.18,0.0,0.00,0.0,0.0,,0.0
129,1,2.00,3,13.86,21.54,18.97,0.0,0.00,0.0,0.0,,0.0
129,2,2.00,3,13.37,20.04,17.90,0.0,0.00,0.0,0.0,,0.0
129,3,2.00,3,12.09,18.54,16.77,0.0,0.00,0.0,-0.0,,0.0
129,4,2.00,3,12.23,17.38,15.91,0.0,0.00,0.0,-0.0,,0.0
129,5,2.00,3,11.35,16.24,15.02,0.0,0.00,0.0,-0.0,,0.0
129,6,2.00,3,10.53,15.15,14.14,0.0,0.00,0.0,-0.0,,0.0
129,7,2.00,3,9.38,14.04,13.20,0.0,0.00,0.0,-0.0,,0.0
129,8,2.00,3,10.92,15.32,21.19,4093.76,55.82,0.0,0.0,,4093.76
129,9,2.00,3,12.90,17.38,21.19,339.41,443.95,0.0,0.0,,339.41
129,10,2.00,3,15.86,20.11,22.67,0.0,724.27,0.0,0.0,,0.0
129,11,2.00,3,18.43,23.19,25.09,0.0,1014.17,0.0,0.0,,0.0
129,12,2.00,3,20.72,26.35,26.19,-1022.38,1222.13,0.0,0.0,,-1022.38
129,13,2.00,3,23.13,29.34,26.19,-2104.91,1234.49,0.0,0.0,,-2104.91
129,14,2.00,3,24.93,32.03,26.19,-2603.38,1282.07,0.0,0.0,,-2603.38
129,15,2.00,3,26.21,34.30,26.19,-2866.81,1221.60,0.0,0.0,,-2866.81
129,16,2.00,3,27.37,36.29,26.19,-3092.78,1171.03,0.0,0.0,,-3092.78
129,17,2.00,3,26.82,37.39,26.19,-2877.71,980.48,0.0,0.0,,-2877.71
129,18,2.00,3,25.85,37.72,26.19,-2510.15,772.02,0.0,0.0,,-2510.15
129,19,2.00,3,24.30,36.12,27.46,0.0,469.13,0.0,0.0,,0.0
129,20,2.00,3,22.01,33.59,26.65,0.0,58.06,0.0,0.0,,0.0
129,21,2.00,3,20.26,31.10,25.41,0.0,0.00,0.0,0.0,,0.0
129,22,2.00,3,19.05,28.86,24.17,0.0,0.00,0.0,0.0,,0.0
129,23,2.00,3,17.98,26.84,22.96,0.0,0.00,0.0,0.0,,0.0
129,24,2.00,3,16.98,25.01,21.79,0.0,0.00,0.0,0.0,,0.0
129,1,3.00,3,16.01,23.33,20.66,0.0,0.00,0.0,0.0,,0.0
129,2,3.00,3,15.17,21.80,19.59,0.0,0.00,0.0,0.0,,0.0
129,3,3.00,3,14.26,20.38,18.55,0.0,0.00,0.0,0.0,,0.0
129,4,3.00,3,13.56,19.10,17.58,0.0,0.00,0.0,-0.0,,0.0
129,5,3.00,3,13.26,18.00,16.74,0.0,0.00,0.0,-0.0,,0.0
129,6,3.00,3,12.77,17.01,15.96,0.0,0.00,0.0,-0.0,,0.0
129,7,3.00,3,12.34,16.11,15.24,0.0,0.00,0.0,-0.0,,0.0
129,8,3.00,3,13.76,17.92,17.20,0.0,55.82,0.0,-0.0,,0.0
129,9,3.00,3,15.30,20.25,19.66,0.0,443.95,0.0,-0.0,,0.0
129,10,3.00,3,17.25,22.96,22.47,0.0,724.27,0.0,0.0,,0.0
129,11,3.00,3,19.40,26.01,25.60,0.0,1014.17,0.0,0.0,,0.0
129,12,3.00,3,21.41,29.17,28.83,0.0,1222.13,0.0,0.0,,0.0
129,13,3.00,3,23.08,32.05,31.77,0.0,1234.49,0.0,0.0,,0.0
129,14,3.00,3,24.36,34.64,34.40,0.0,1282.07,0.0,0.0,,0.0
129,15,3.00,3,25.20,36.81,36.62,0.0,1221.60,0.0,0.0,,0.0
129,16,3.00,3,26.03,38.73,38.56,0.0,1171.03,0.0,0.0,,0.0
129,17,3.00,3,25.74,39.97,39.83,0.0,980.48,0.0,0.0,,0.0
129,18,3.00,3,24.80,40.49,40.38,0.0,772.02,0.0,0.0,,0.0
129,19,3.00,3,23.22,37.98,37.89,0.0,469.13,0.0,0.0,,0.0
129,20,3.00,3,21.34,34.97,34.89,0.0,58.06,0.0,0.0,,0.0
129,21,3.00,3,19.96,32.19,32.13,0.0,0.00,0.0,0.0,,0.0
129,22,3.00,3,18.93,29.75,29.70,0.0,0.00,0.0,0.0,,0.0
129,23,3.00,3,18.27,27.65,27.60,0.0,0.00,0.0,0.0,,0.0
129,24,3.00,3,17.70,25.82,25.78,0.0,0.00,0.0,0.0,,0.0
129,1,4.00,3,17.03,24.19,24.16,0.0,0.00,0.0,0.0,,0.0
129,2,4.00,3,16.44,22.75,22.72,0.0,0.00,0.0,0.0,,0.0
129,3,4.00,3,15.82,21.45,21.42,0.0,0.00,0.0,0.0,,0.0
129,4,4.00,3,15.22,20.27,20.25,0.0,0.00,0.0,0.0,,0.0
129,5,4.00,3,15.01,19.27,19.25,0.0,0.00,0.0,0.0,,0.0
129,6,4.00,3,14.82,18.42,18.40,0.0,0.00,0.0,-0.0,,0.0
129,7,4.00,3,14.20,17.59,17.58,0.0,0.00,0.0,-0.0,,0.0
129,8,4.00,3,15.43,19.42,19.41,0.0,55.82,0.0,-0.0,,0.0
129,9,4.00,3,16.64,21.71,21.70,0.0,443.95,0.0,-0.0,,0.0
129,10,4.00,3,19.03,24.48,24.47,0.0,724.27,0.0,0.0,,0.0
129,11,4.00,3,21.56,27.65,27.65,0.0,1014.17,0.0,0.0,,0.0
129,12,4.00,3,23.76,30.94,30.93,0.0,1222.13,0.0,0.0,,0.0
129,13,4.00,3,25.82,34.00,33.99,0.0,1234.49,0.0,0.0,,0.0
129,14,4.00,3,27.37,36.77,36.77,0.0,1282.07,0.0,0.0,,0.0
129,15,4.00,3,28.09,39.07,39.07,0.0,1221.60,0.0,0.0,,0.0
129,16,4.00,3,28.62,41.02,41.02,0.0,1171.03,0.0,0.0,,0.0
129,17,4.00,3,27.84,42.20,42.20,0.0,980.48,0.0,0.0,,0.0
129,18,4.00,3,26.72,42.65,42.65,0.0,772.02,0.0,0.0,,0.0
129,19,4.00,3,24.74,40.00,40.00,0.0,469.13,0.0,0.0,,0.0
129,20,4.00,3,22.00,36.72,36.71,0.0,58.06,0.0,0.0,,0.0
129,21,4.00,3,20.03,33.62,33.61,0.0,0.00,0.0,0.0,,0.0
129,22,4.00,3,18.75,30.88,30.88,0.0,0.00,0.0,0.0,,0.0
129,23,4.00,3,17.75,28.48,28.48,0.0,0.00,0.0,0.0,,0.0
129,24,4.00,3,16.90,26.36,26.36,0.0,0.00,0.0,0.0,,0.0
129,1,5.00,3,15.90,24.43,24.43,0.0,0.00,0.0,0.0,,0.0
129,2,5.00,3,14.95,22.67,22.67,0.0,0.00,0.0,0.0,,0.0
129,3,5.00,3,14.08,21.08,21.07,0.0,0.00,0.0,0.0,,0.0
129,4,5.00,3,13.05,19.57,19.57,0.0,0.00,0.0,0.0,,0.0
129,5,5.00,3,12.25,18.20,18.20,0.0,0.00,0.0,0.0,,0.0
129,6,5.00,3,11.62,16.96,16.96,0.0,0.00,0.0,-0.0,,0.0
129,7,5.00,3,10.84,15.81,15.80,0.0,0.00,0.0,-0.0,,0.0
129,8,5.00,3,12.71,17.10,21.19,2570.57,55.82,0.0,0.0,,2570.57
129,9,5.00,3,14.69,19.17,21.53,0.0,443.95,0.0,0.0,,0.0
129,10,5.00,3,17.90,21.96,23.62,0.0,724.27,0.0,0.0,,0.0
129,11,5.00,3,20.88,25.19,26.19,-157.59,1014.17,0.0,0.0,,-157.59
129,12,5.00,3,23.45,28.53,26.19,-1985.35,1222.13,0.0,0.0,,-1985.35
129,13,5.00,3,26.26,31.74,26.19,-2750.69,1234.49,0.0,-319.84,,-3070.53
129,14,5.00,3,28.42,34.69,26.19,-3271.62,1282.07,0.0,-297.79,,-3569.41
129,15,5.00,3,29.93,37.20,26.19,-3558.78,1221.60,0.0,-89.39,,-3648.17
129,16,5.00,3,31.06,39.35,26.19,-3773.95,1171.03,0.0,-69.28,,-3843.23
129,17,5.00,3,30.04,40.45,26.19,-3474.46,980.48,0.0,0.0,,-3474.46
129,18,5.00,3,28.71,40.70,26.19,-3040.92,772.02,0.0,0.0,,-3040.92
129,19,5.00,3,26.54,38.94,27.98,0.0,469.13,0.0,0.0,,0.0
129,20,5.00,3,23.90,36.22,27.43,0.0,58.06,0.0,0.0,,0.0
129,21,5.00,3,21.96,33.55,26.34,0.0,0.00,0.0,0.0,,0.0
129,22,5.00,3,20.48,31.12,25.16,0.0,0.00,0.0,0.0,,0.0
129,23,5.00,3,19.31,28.93,24.00,0.0,0.00,0.0,0.0,,0.0
129,24,5.00,3,18.12,26.92,22.84,0.0,0.00,0.0,0.0,,0.0
129,1,6.00,3,16.88,25.05,21.66,0.0,0.00,0.0,0.0,,0.0
129,2,6.00,3,15.76,23.31,20.51,0.0,0.00,0.0,0.0,,0.0
129,3,6.00,3,14.66,21.69,19.36,0.0,0.00,0.0,0.0,,0.0
129,4,6.00,3,13.52,20.15,18.22,0.0,0.00,0.0,0.0,,0.0
129,5,6.00,3,12.43,18.69,17.10,0.0,0.00,0.0,-0.0,,0.0
129,6,6.00,3,11.54,17.35,16.02,0.0,0.00,0.0,-0.0,,0.0
129,7,6.00,3,10.68,16.09,14.99,0.0,0.00,0.0,-0.0,,0.0
129,8,6.00,3,12.63,17.30,21.19,2971.85,55.82,0.0,0.0,,2971.85
129,9,6.00,3,14.87,19.37,21.46,0.0,443.95,0.0,0.0,,0.0
129,10,6.00,3,17.95,22.13,23.54,0.0,724.27,0.0,0.0,,0.0
129,11,6.00,3,21.35,25.45,26.19,-191.73,1014.17,0.0,0.0,,-191.73
129,12,6.00,3,23.87,28.82,26.19,-2047.67,1222.13,0.0,0.0,,-2047.67
129,13,6.00,3,26.66,32.05,26.19,-2816.91,1234.49,0.0,0.0,,-2816.91
129,14,6.00,3,28.77,35.01,26.19,-3333.45,1282.07,0.0,-47.32,,-3380.77
129,15,6.00,3,30.45,37.57,26.19,-3651.57,1221.60,0.0,0.0,,-3651.57
129,16,6.00,3,31.58,39.75,26.19,-3866.3,1171.03,0.0,0.0,,-3866.3
129,17,6.00,3,30.43,40.85,26.19,-3547.54,980.48,0.0,0.0,,-3547.54
129,18,6.00,3,28.87,41.03,26.19,-3072.99,772.02,0.0,0.0,,-3072.99
129,19,6.00,3,26.46,39.19,27.97,0.0,469.13,0.0,0.0,,0.0
129,20,6.00,3,23.74,36.39,27.39,0.0,58.06,0.0,0.0,,0.0
129,21,6.00,3,21.57,33.62,26.23,0.0,0.00,0.0,0.0,,0.0
129,22,6.00,3,20.16,31.12,25.02,0.0,0.00,0.0,0.0,,0.0
129,23,6.00,3,18.87,28.85,23.80,0.0,0.00,0.0,0.0,,0.0
129,24,6.00,3,17.75,26.80,22.61,0.0,0.00,0.0,0.0,,0.0
129,1,7.00,3,16.76,24.93,21.47,0.0,0.00,0.0,0.0,,0.0
129,2,7.00,3,15.74,23.22,20.35,0.0,0.00,0.0,0.0,,0.0
129,3,7.00,3,14.73,21.63,19.25,0.0,0.00,0.0,0.0,,0.0
129,4,7.00,3,13.76,20.15,18.18,0.0,0.00,0.0,0.0,,0.0
129,5,7.00,3,12.72,18.75,17.11,0.0,0.00,0.0,-0.0,,0.0
129,6,7.00,3,11.68,17.41,16.05,0.0,0.00,0.0,-0.0,,0.0
129,7,7.00,3,10.42,16.08,14.95,0.0,0.00,0.0,-0.0,,0.0
129,8,7.00,3,11.87,17.09,21.19,3117.75,55.82,0.0,0.0,,3117.75
129,9,7.00,3,13.86,18.97,21.19,12.26,443.95,0.0,0.0,,12.26
129,10,7.00,3,16.67,21.52,23.02,0.0,724.27,0.0,0.0,,0.0
129,11,7.00,3,19.28,24.48,25.59,0.0,1014.17,0.0,0.0,,0.0
129,12,7.00,3,21.62,27.56,26.19,-1397.3,1222.13,0.0,0.0,,-1397.3
129,13,7.00,3,23.87,30.43,26.19,-2277.52,1234.49,0.0,0.0,,-2277.52
129,14,7.00,3,25.78,33.08,26.19,-2774.31,1282.07,0.0,0.0,,-2774.31
129,15,7.00,3,27.19,35.34,26.19,-3052.69,1221.60,0.0,0.0,,-3052.69
129,16,7.00,3,28.32,37.30,26.19,-3269.03,1171.03,0.0,0.0,,-3269.03
129,17,7.00,3,27.53,38.33,26.19,-3012.11,980.48,0.0,0.0,,-3012.11
129,18,7.00,3,26.24,38.52,26.19,-2586.07,772.02,0.0,0.0,,-2586.07
129,19,7.00,3,24.46,36.80,27.50,0.0,469.13,0.0,0.0,,0.0
129,20,7.00,3,22.17,34.18,26.72,0.0,58.06,0.0,0.0,,0.0
129,21,7.00,3,20.41,31.61,25.49,0.0,0.00,0.0,0.0,,0.0
129,22,7.00,3,19.18,29.31,24.26,0.0,0.00,0.0,0.0,,0.0
129,23,7.00,3,18.05,27.22,23.04,0.0,0.00,0.0,0.0,,0.0
129,24,7.00,3,16.99,25.32,21.86,0.0,0.00,0.0,0.0,,0.0
129,1,1.00,3,16.07,23.60,20.73,0.0,0.00,0.0,0.0,,0.0
129,2,1.00,3,15.11,22.01,19.63,0.0,0.00,0.0,0.0,,0.0
129,3,1.00,3,14.28,20.56,18.59,0.0,0.00,0.0,-0.0,,0.0
129,4,1.00,3,13.39,19.21,17.58,0.0,0.00,0.0,-0.0,,0.0
129,5,1.00,3,12.41,17.92,16.56,0.0,0.00,0.0,-0.0,,0.0
129,6,1.00,3,11.68,16.74,15.61,0.0,0.00,0.0,-0.0,,0.0
129,7,1.00,3,10.78,15.60,14.67,0.0,0.00,0.0,-0.0,,0.0
129,8,1.00,3,12.44,16.87,21.19,3161.87,55.82,0.0,0.0,,3161.87
129,9,1.00,3,13.89,18.78,21.19,34.28,443.95,0.0,0.0,,34.28
129,10,1.00,3,16.74,21.38,23.02,0.0,724.27,0.0,0.0,,0.0
129,11,1.00,3,19.56,24.44,25.66,0.0,1014.17,0.0,0.0,,0.0
129,12,1.00,3,22.09,27.64,26.19,-1503.96,1222.13,0.0,0.0,,-1503.96
129,13,1.00,3,24.08,30.53,26.19,-2318.62,1234.49,0.0,-166.34,,-2484.96
129,14,1.00,3,25.90,33.17,26.19,-2799.52,1282.07,0.0,-101.73,,-2901.25
129,15,1.00,3,27.35,35.45,26.19,-3082.4,1221.60,0.0,0.0,,-3082.4
129,16,1.00,3,28.28,37.37,26.19,-3264.68,1171.03,0.0,0.0,,-3264.68
129,17,1.00,3,27.23,38.30,26.19,-2960.41,980.48,0.0,0.0,,-2960.41
129,18,1.00,3,25.93,38.42,26.19,-2531.72,772.02,0.0,0.0,,-2531.72
129,19,1.00,3,24.13,36.67,27.43,0.0,469.13,0.0,0.0,,0.0
129,20,1.00,3,21.89,34.03,26.61,0.0,58.06,0.0,0.0,,0.0
129,21,1.00,3,20.03,31.41,25.33,0.0,0.00,0.0,0.0,,0.0
129,22,1.00,3,18.89,29.10,24.07,0.0,0.00,0.0,0.0,,0.0
129,23,1.00,3,17.84,27.01,22.86,0.0,0.00,0.0,0.0,,0.0
129,24,1.00,3,16.82,25.12,21.68,0.0,0.00,0.0,0.0,,0.0
129,1,2.00,3,15.97,23.42,20.57,0.0,0.00,0.0,0.0,,0.0
129,2,2.00,3,15.01,21.85,19.49,0.0,0.00,0.0,0.0,,0.0
129,3,2.00,3,14.08,20.39,18.43,0.0,0.00,0.0,0.0,,0.0
129,4,2.00,3,13.23,19.04,17.42,0.0,0.00,0.0,-0.0,,0.0
129,5,2.00,3,12.19,17.74,16.39,0.0,0.00,0.0,-0.0,,0.0
129,6,2.00,3,11.18,16.49,15.38,0.0,0.00,0.0,-0.0,,0.0
129,7,2.00,3,9.96,15.24,14.32,0.0,0.00,0.0,-0.0,,0.0
129,8,2.00,3,11.27,16.31,21.19,3513.74,55.82,0.0,0.0,,3513.74
129,9,2.00,3,13.47,18.28,21.19,139.91,443.95,0.0,0.0,,139.91
129,10,2.00,3,16.07,20.84,22.81,0.0,724.27,0.0,0.0,,0.0
129,11,2.00,3,18.62,23.80,25.26,0.0,1014.17,0.0,0.0,,0.0
129,12,2.00,3,21.16,26.94,26.19,-1178.17,1222.13,0.0,0.0,,-1178.17
129,13,2.00,3,23.28,29.81,26.19,-2148.07,1234.49,0.0,0.0,,-2148.07
129,14,2.00,3,25.18,32.47,26.19,-2656.31,1282.07,0.0,0.0,,-2656.31
129,15,2.00,3,26.88,34.81,26.19,-2989.26,1221.60,0.0,0.0,,-2989.26
129,16,2.00,3,27.87,36.79,26.19,-3184.88,1171.03,0.0,0.0,,-3184.88
129,17,2.00,3,26.87,37.77,26.19,-2892.66,980.48,0.0,0.0,,-2892.66
129,18,2.00,3,25.51,37.92,26.19,-2454.27,772.02,0.0,0.0,,-2454.27
129,19,2.00,3,23.58,36.15,27.31,0.0,469.13,0.0,0.0,,0.0
129,20,2.00,3,21.23,33.48,26.38,0.0,58.06,0.0,0.0,,0.0
129,21,2.00,3,19.43,30.86,25.04,0.0,0.00,0.0,0.0,,0.0
129,22,2.00,3,18.10,28.50,23.69,0.0,0.00,0.0,0.0,,0.0
129,23,2.00,3,16.88,26.35,22.37,0.0,0.00,0.0,0.0,,0.0
129,24,2.00,3,15.59,24.35,21.06,0.0,0.00,0.0,0.0,,0.0
129,1,3.00,3,14.45,22.51,19.78,0.0,0.00,0.0,0.0,,0.0
129,2,3.00,3,13.38,20.81,18.55,0.0,0.00,0.0,0.0,,0.0
129,3,3.00,3,12.04,19.16,17.29,0.0,0.00,0.0,0.0,,0.0
129,4,3.00,3,11.35,17.71,16.16,0.0,0.00,0.0,-0.0,,0.0
129,5,3.00,3,10.50,16.36,15.07,0.0,0.00,0.0,-0.0,,0.0
129,6,3.00,3,9.52,15.07,14.00,0.0,0.00,0.0,-0.0,,0.0
129,7,3.00,3,8.69,13.87,12.98,0.0,0.00,0.0,-0.0,,0.0
129,8,3.00,3,10.23,15.47,14.73,0.0,55.82,0.0,-0.0,,0.0
129,9,3.00,3,11.96,17.66,17.06,0.0,443.95,0.0,-0.0,,0.0
129,10,3.00,3,14.71,20.42,19.92,0.0,724.27,0.0,-0.0,,0.0
129,11,3.00,3,17.39,23.60,23.18,0.0,1014.17,0.0,0.0,,0.0
129,12,3.00,3,20.31,27.03,26.68,0.0,1222.13,0.0,0.0,,0.0
129,13,3.00,3,22.97,30.31,30.02,0.0,1234.49,0.0,0.0,,0.0
129,14,3.00,3,25.13,33.38,33.14,0.0,1282.07,0.0,0.0,,0.0
129,15,3.00,3,26.96,36.12,35.92,0.0,1221.60,0.0,0.0,,0.0
129,16,3.00,3,28.18,38.54,38.38,0.0,1171.03,0.0,0.0,,0.0
129,17,3.00,3,27.39,40.08,39.94,0.0,980.48,0.0,0.0,,0.0
129,18,3.00,3,26.24,40.82,40.70,0.0,772.02,0.0,0.0,,0.0
129,19,3.00,3,24.27,38.41,38.31,0.0,469.13,0.0,0.0,,0.0
129,20,3.00,3,21.81,35.37,35.29,0.0,58.06,0.0,0.0,,0.0
129,21,3.00,3,19.84,32.47,32.41,0.0,0.00,0.0,0.0,,0.0
129,22,3.00,3,18.37,29.86,29.81,0.0,0.00,0.0,0.0,,0.0
129,23,3.00,3,17.09,27.51,27.46,0.0,0.00,0.0,0.0,,0.0
129,24,3.00,3,15.82,25.35,25.31,0.0,0.00,0.0,0.0,,0.0
129,1,4.00,3,14.51,23.34,23.31,0.0,0.00,0.0,0.0,,0.0
129,2,4.00,3,13.52,21.53,21.50,0.0,0.00,0.0,0.0,,0.0
129,3,4.00,3,12.12,19.77,19.75,0.0,0.00,0.0,0.0,,0.0
129,4,4.00,3,11.44,18.23,18.21,0.0,0.00,0.0,0.0,,0.0
129,5,4.00,3,10.08,16.70,16.68,0.0,0.00,0.0,0.0,,0.0
129,6,4.00,3,9.06,15.27,15.25,0.0,0.00,0.0,0.0,,0.0
129,7,4.00,3,8.38,13.98,13.97,0.0,0.00,0.0,-0.0,,0.0
129,8,4.00,3,10.44,15.62,15.61,0.0,55.82,0.0,-0.0,,0.0
129,9,4.00,3,13.52,18.12,18.11,0.0,443.95,0.0,-0.0,,0.0
129,10,4.00,3,17.05,21.24,21.23,0.0,724.27,0.0,0.0,,0.0
129,11,4.00,3,20.51,24.85,24.84,0.0,1014.17,0.0,0.0,,0.0
129,12,4.00,3,23.93,28.71,28.70,0.0,1222.13,0.0,0.0,,0.0
129,13,4.00,3,26.69,32.34,32.33,0.0,1234.49,0.0,0.0,,0.0
129,14,4.00,3,29.07,35.73,35.73,0.0,1282.07,0.0,0.0,,0.0
129,15,4.00,3,31.12,38.79,38.78,0.0,1221.60,0.0,0.0,,0.0
129,16,4.00,3,32.45,41.48,41.48,0.0,1171.03,0.0,0.0,,0.0
129,17,4.00,3,31.22,43.15,43.14,0.0,980.48,0.0,0.0,,0.0
129,18,4.00,3,29.76,43.93,43.93,0.0,772.02,0.0,0.0,,0.0
129,19,4.00,3,26.87,41.38,41.38,0.0,469.13,0.0,0.0,,0.0
129,20,4.00,3,23.92,38.17,38.16,0.0,58.06,0.0,0.0,,0.0
129,21,4.00,3,21.41,35.02,35.02,0.0,0.00,0.0,0.0,,0.0
129,22,4.00,3,19.51,32.14,32.14,0.0,0.00,0.0,0.0,,0.0
129,23,4.00,3,17.68,29.47,29.46,0.0,0.00,0.0,0.0,,0.0
129,24,4.00,3,16.15,27.01,27.01,0.0,0.00,0.0,0.0,,0.0
129,1,5.00,3,14.70,24.74,24.74,0.0,0.00,0.0,0.0,,0.0
129,2,5.00,3,13.30,22.63,22.62,0.0,0.00,0.0,0.0,,0.0
129,3,5.00,3,11.86,20.63,20.63,0.0,0.00,0.0,0.0,,0.0
129,4,5.00,3,10.71,18.79,18.79,0.0,0.00,0.0,0.0,,0.0
129,5,5.00,3,11.39,17.47,17.47,0.0,0.00,0.0,0.0,,0.0
129,6,5.00,3,12.09,16.51,16.50,0.0,0.00,0.0,0.0,,0.0
129,7,5.00,3,12.62,15.80,15.79,0.0,0.00,0.0,0.0,,0.0
129,8,5.00,3,13.26,17.19,21.19,2516.04,55.82,0.0,0.0,,2516.04
129,9,5.00,3,15.53,19.43,21.74,0.0,443.95,0.0,0.0,,0.0
129,10,5.00,3,18.18,22.19,23.81,0.0,724.27,0.0,0.0,,0.0
129,11,5.00,3,20.68,25.30,26.19,-206.94,1014.17,0.0,0.0,,-206.94
129,12,5.00,3,23.10,28.52,26.19,-1938.18,1222.13,0.0,0.0,,-1938.18
129,13,5.00,3,25.27,31.48,26.19,-2583.46,1234.49,0.0,0.0,,-2583.46
129,14,5.00,3,26.87,34.11,26.19,-2998.89,1282.07,0.0,0.0,,-2998.89
129,15,5.00,3,28.03,36.31,26.19,-3220.76,1221.60,0.0,0.0,,-3220.76
129,16,5.00,3,28.68,38.11,26.19,-3346.82,1171.03,0.0,0.0,,-3346.82
129,17,5.00,3,27.74,38.99,26.19,-3056.69,980.48,0.0,0.0,,-3056.69
129,18,5.00,3,26.38,39.06,26.19,-2616.64,772.02,0.0,0.0,,-2616.64
129,19,5.00,3,23.82,37.11,27.37,0.0,469.13,0.0,0.0,,0.0
129,20,5.00,3,21.23,34.26,26.44,0.0,58.06,0.0,0.0,,0.0
129,21,5.00,3,19.23,31.47,25.05,0.0,0.00,0.0,0.0,,0.0
129,22,5.00,3,17.86,28.95,23.65,0.0,0.00,0.0,0.0,,0.0
129,23,5.00,3,16.63,26.68,22.29,0.0,0.00,0.0,0.0,,0.0
129,24,5.00,3,15.64,24.64,21.01,0.0,0.00,0.0,0.0,,0.0
129,1,6.00,3,14.59,22.79,19.77,0.0,0.00,0.0,0.0,,0.0
129,2,6.00,3,13.53,21.06,18.57,0.0,0.00,0.0,0.0,,0.0
129,3,6.00,3,12.41,19.45,17.38,0.0,0.00,0.0,0.0,,0.0
129,4,6.00,3,11.50,17.96,16.25,0.0,0.00,0.0,-0.0,,0.0
129,5,6.00,3,10.62,16.59,15.17,0.0,0.00,0.0,-0.0,,0.0
129,6,6.00,3,9.87,15.33,14.15,0.0,0.00,0.0,-0.0,,0.0
129,7,6.00,3,9.20,14.17,13.20,0.0,0.00,0.0,-0.0,,0.0
129,8,6.00,3,11.34,15.55,21.19,4015.65,55.82,0.0,0.0,,4015.65
129,9,6.00,3,13.21,17.63,21.19,282.02,443.95,0.0,0.0,,282.02
129,10,6.00,3,16.42,20.44,22.83,0.0,724.27,0.0,0.0,,0.0
129,11,6.00,3,19.61,23.74,25.52,0.0,1014.17,0.0,0.0,,0.0
129,12,6.00,3,22.51,27.21,26.19,-1503.13,1222.13,0.0,0.0,,-1503.13
129,13,6.00,3,24.98,30.42,26.19,-2459.34,1234.49,0.0,0.0,,-2459.34
129,14,6.00,3,27.08,33.36,26.19,-3001.33,1282.07,0.0,0.0,,-3001.33
129,15,6.00,3,28.69,35.90,26.19,-3319.55,1221.60,0.0,0.0,,-3319.55
129,16,6.00,3,27.91,37.54,26.19,-3209.56,1171.03,0.0,0.0,,-3209.56
129,17,6.00,3,26.74,38.30,26.19,-2880.57,980.48,0.0,0.0,,-2880.57
129,18,6.00,3,25.20,38.24,26.19,-2404.3,772.02,0.0,0.0,,-2404.3
129,19,6.00,3,22.84,36.29,27.15,0.0,469.13,0.0,0.0,,0.0
129,20,6.00,3,20.35,33.44,26.09,0.0,58.06,0.0,0.0,,0.0
129,21,6.00,3,18.33,30.63,24.60,0.0,0.00,0.0,0.0,,0.0
129,22,6.00,3,16.77,28.07,23.09,0.0,0.00,0.0,0.0,,0.0
129,23,6.00,3,15.54,25.76,21.64,0.0,0.00,0.0,0.0,,0.0
129,24,6.00,3,14.34,23.66,20.25,0.0,0.00,0.0,0.0,,0.0
129,1,7.00,3,13.00,21.68,18.86,0.0,0.00,0.0,0.0,,0.0
129,2,7.00,3,11.67,19.82,17.48,0.0,0.00,0.0,0.0,,0.0
129,3,7.00,3,10.28,18.04,16.10,0.0,0.00,0.0,0.0,,0.0
129,4,7.00,3,10.76,16.73,15.12,0.0,0.00,0.0,0.0,,0.0
129,5,7.00,3,11.27,15.75,14.41,0.0,0.00,0.0,-0.0,,0.0
129,6,7.00,3,11.81,15.03,13.92,0.0,0.00,0.0,-0.0,,0.0
129,7,7.00,3,12.26,14.51,13.59,0.0,0.00,0.0,-0.0,,0.0
129,8,7.00,3,13.33,16.24,21.19,3551.45,55.82,0.0,0.0,,3551.45
129,9,7.00,3,14.48,18.40,21.19,42.74,443.95,0.0,0.0,,42.74
129,10,7.00,3,16.88,21.08,22.98,0.0,724.27,0.0,0.0,,0.0
129,11,7.00,3,19.08,24.06,25.48,0.0,1014.17,0.0,0.0,,0.0
129,12,7.00,3,21.24,27.13,26.19,-1277.28,1222.13,0.0,0.0,,-1277.28
129,13,7.00,3,22.76,29.81,26.19,-2071.87,1234.49,0.0,0.0,,-2071.87
129,14,7.00,3,24.24,32.22,26.19,-2496.4,1282.07,0.0,0.0,,-2496.4
129,15,7.00,3,25.01,34.16,26.19,-2661.7,1221.60,0.0,0.0,,-2661.7
129,16,7.00,3,25.53,35.73,26.19,-2768.35,1171.03,0.0,0.0,,-2768.35
129,17,7.00,3,24.71,36.49,26.19,-2501.18,980.48,0.0,0.0,,-2501.18
129,18,7.00,3,23.45,36.48,26.19,-2077.44,772.02,0.0,0.0,,-2077.44
129,19,7.00,3,21.83,34.69,26.91,0.0,469.13,0.0,0.0,,0.0
129,20,7.00,3,20.00,32.09,25.84,0.0,58.06,0.0,0.0,,0.0
129,21,7.00,3,18.23,29.52,24.39,0.0,0.00,0.0,0.0,,0.0
129,22,7.00,3,17.20,27.24,23.01,0.0,0.00,0.0,0.0,,0.0
129,23,7.00,3,16.20,25.21,21.70,0.0,0.00,0.0,0.0,,0.0
129,24,7.00,3,15.14,23.34,20.44,0.0,0.00,0.0,0.0,,0.0
129,1,1.00,3,14.27,21.66,19.25,0.0,0.00,0.0,0.0,,0.0
129,2,1.00,3,13.39,20.12,18.12,0.0,0.00,0.0,0.0,,0.0
129,3,1.00,3,12.47,18.69,17.03,0.0,0.00,0.0,-0.0,,0.0
129,4,1.00,3,11.93,17.42,16.05,0.0,0.00,0.0,-0.0,,0.0
129,5,1.00,3,11.32,16.27,15.14,0.0,0.00,0.0,-0.0,,0.0
129,6,1.00,3,10.36,15.14,14.20,0.0,0.00,0.0,-0.0,,0.0
129,7,1.00,3,9.47,14.06,13.28,0.0,0.00,0.0,-0.0,,0.0
129,8,1.00,3,10.86,15.31,21.19,4068.9,55.82,0.0,0.0,,4068.9
129,9,1.00,3,12.26,17.20,21.19,443.4,443.95,0.0,0.0,,443.4
129,10,1.00,3,15.20,19.82,22.49,0.0,724.27,0.0,0.0,,0.0
129,11,1.00,3,17.70,22.80,24.78,0.0,1014.17,0.0,0.0,,0.0
129,12,1.00,3,20.48,26.03,26.19,-854.41,1222.13,0.0,0.0,,-854.41
129,13,1.00,3,22.72,28.99,26.19,-2012.82,1234.49,0.0,-143.62,,-2156.44
129,14,1.00,3,24.49,31.67,26.19,-2515.78,1282.07,0.0,0.0,,-2515.78
129,15,1.00,3,25.93,33.96,26.19,-2811.81,1221.60,0.0,0.0,,-2811.81
129,16,1.00,3,25.56,35.54,26.19,-2775.12,1171.03,0.0,0.0,,-2775.12
129,17,1.00,3,24.84,36.36,26.19,-2524.02,980.48,0.0,0.0,,-2524.02
129,18,1.00,3,23.77,36.46,26.19,-2134.79,772.02,0.0,0.0,,-2134.79
129,19,1.00,3,22.01,34.69,26.95,0.0,469.13,0.0,0.0,,0.0
129,20,1.00,3,19.99,32.08,25.86,0.0,58.06,0.0,0.0,,0.0
129,21,1.00,3,18.27,29.51,24.42,0.0,0.00,0.0,0.0,,0.0
129,22,1.00,3,17.21,27.24,23.03,0.0,0.00,0.0,0.0,,0.0
129,23,1.00,3,16.07,25.18,21.69,0.0,0.00,0.0,0.0,,0.0
129,24,1.00,3,14.89,23.27,20.38,0.0,0.00,0.0,0.0,,0.0
129,1,2.00,3,13.87,21.52,19.13,0.0,0.00,0.0,0.0,,0.0
129,2,2.00,3,13.11,19.96,17.98,0.0,0.00,0.0,0.0,,0.0
129,3,2.00,3,12.36,18.54,16.90,0.0,0.00,0.0,-0.0,,0.0
129,4,2.00,3,11.76,17.27,15.91,0.0,0.00,0.0,-0.0,,0.0
129,5,2.00,3,11.20,16.13,15.00,0.0,0.00,0.0,-0.0,,0.0
129,6,2.00,3,10.50,15.06,14.13,0.0,0.00,0.0,-0.0,,0.0
129,7,2.00,3,9.81,14.06,13.28,0.0,0.00,0.0,-0.0,,0.0
129,8,2.00,3,10.90,15.31,21.19,4066.71,55.82,0.0,0.0,,4066.71
129,9,2.00,3,13.00,17.40,21.19,318.41,443.95,0.0,0.0,,318.41
129,10,2.00,3,15.65,20.06,22.62,0.0,724.27,0.0,0.0,,0.0
129,11,2.00,3,18.06,23.06,24.96,0.0,1014.17,0.0,0.0,,0.0
129,12,2.00,3,20.41,26.18,26.19,-916.61,1222.13,0.0,0.0,,-916.61
129,13,2.00,3,22.23,28.98,26.19,-1938.79,1234.49,0.0,0.0,,-1938.79
129,14,2.00,3,23.61,31.44,26.19,-2367.25,1282.07,0.0,0.0,,-2367.25
129,15,2.00,3,24.54,33.45,26.19,-2566.81,1221.60,0.0,0.0,,-2566.81
129,16,2.00,3,25.42,35.18,26.19,-2741.97,1171.03,0.0,0.0,,-2741.97
129,17,2.00,3,24.78,36.08,26.19,-2507.63,980.48,0.0,0.0,,-2507.63
129,18,2.00,3,23.63,36.21,26.19,-2106.21,772.02,0.0,0.0,,-2106.21
129,19,2.00,3,21.61,34.40,26.86,0.0,469.13,0.0,0.0,,0.0
129,20,2.00,3,19.62,31.78,25.72,0.0,58.06,0.0,0.0,,0.0
129,21,2.00,3,17.78,29.18,24.21,0.0,0.00,0.0,0.0,,0.0
129,22,2.00,3,16.60,26.85,22.76,0.0,0.00,0.0,0.0,,0.0
129,23,2.00,3,15.48,24.76,21.37,0.0,0.00,0.0,0.0,,0.0
129,24,2.00,3,14.57,22.88,20.07,0.0,0.00,0.0,0.0,,0.0
129,1,3.00,3,13.61,21.16,18.83,0.0,0.00,0.0,0.0,,0.0
129,2,3.00,3,12.73,19.59,17.66,0.0,0.00,0.0,0.0,,0.0
129,3,3.00,3,11.88,18.15,16.55,0.0,0.00,0.0,0.0,,0.0
129,4,3.00,3,11.12,16.83,15.51,0.0,0.00,0.0,-0.0,,0.0
129,5,3.00,3,10.28,15.60,14.50,0.0,0.00,0.0,-0.0,,0.0
129,6,3.00,3,9.61,14.47,13.56,0.0,0.00,0.0,-0.0,,0.0
129,7,3.00,3,8.83,13.40,12.64,0.0,0.00,0.0,-0.0,,0.0
129,8,3.00,3,10.73,15.18,14.55,0.0,55.82,0.0,-0.0,,0.0
129,9,3.00,3,12.52,17.52,17.00,0.0,443.95,0.0,-0.0,,0.0
129,10,3.00,3,15.60,20.47,20.04,0.0,724.27,0.0,0.0,,0.0
129,11,3.00,3,19.03,23.95,23.59,0.0,1014.17,0.0,0.0,,0.0
129,12,3.00,3,21.75,27.56,27.27,0.0,1222.13,0.0,0.0,,0.0
129,13,3.00,3,24.30,30.97,30.72,0.0,1234.49,0.0,0.0,,0.0
129,14,3.00,3,26.33,34.12,33.92,0.0,1282.07,0.0,0.0,,0.0
129,15,3.00,3,27.94,36.89,36.72,0.0,1221.60,0.0,0.0,,0.0
129,16,3.00,3,29.17,39.35,39.20,0.0,1171.03,0.0,0.0,,0.0
129,17,3.00,3,28.25,40.88,40.77,0.0,980.48,0.0,0.0,,0.0
129,18,3.00,3,26.94,41.59,41.49,0.0,772.02,0.0,0.0,,0.0
129,19,3.00,3,24.36,39.03,38.95,0.0,469.13,0.0,0.0,,0.0
129,20,3.00,3,21.85,35.89,35.82,0.0,58.06,0.0,0.0,,0.0
129,21,3.00,3,19.57,32.84,32.78,0.0,0.00,0.0,0.0,,0.0
129,22,3.00,3,18.02,30.10,30.06,0.0,0.00,0.0,0.0,,0.0
129,23,3.00,3,16.58,27.61,27.57,0.0,0.00,0.0,0.0,,0.0
129,24,3.00,3,15.31,25.35,25.32,0.0,0.00,0.0,0.0,,0.0
129,1,4.00,3,14.09,23.27,23.25,0.0,0.00,0.0,0.0,,0.0
129,2,4.00,3,12.99,21.37,21.35,0.0,0.00,0.0,0.0,,0.0
129,3,4.00,3,11.94,19.62,19.61,0.0,0.00,0.0,0.0,,0.0
129,4,4.00,3,11.00,18.02,18.01,0.0,0.00,0.0,0.0,,0.0
129,5,4.00,3,10.12,16.55,16.54,0.0,0.00,0.0,0.0,,0.0
129,6,4.00,3,11.18,15.60,15.58,0.0,0.00,0.0,-0.0,,0.0
129,7,4.00,3,11.89,14.93,14.92,0.0,0.00,0.0,-0.0,,0.0
129,8,4.00,3,13.40,16.90,16.89,0.0,55.82,0.0,-0.0,,0.0
129,9,4.00,3,14.91,19.34,19.34,0.0,443.95,0.0,-0.0,,0.0
129,10,4.00,3,17.45,22.27,22.26,0.0,724.27,0.0,0.0,,0.0
129,11,4.00,3,20.38,25.64,25.63,0.0,1014.17,0.0,0.0,,0.0
129,12,4.00,3,22.97,29.16,29.15,0.0,1222.13,0.0,0.0,,0.0
129,13,4.00,3,25.25,32.44,32.43,0.0,1234.49,0.0,0.0,,0.0
129,14,4.00,3,27.12,35.46,35.46,0.0,1282.07,0.0,0.0,,0.0
129,15,4.00,3,28.32,38.04,38.04,0.0,1221.60,0.0,0.0,,0.0
129,16,4.00,3,27.80,39.99,39.99,0.0,1171.03,0.0,0.0,,0.0
129,17,4.00,3,26.87,41.17,41.17,0.0,980.48,0.0,0.0,,0.0
129,18,4.00,3,25.79,41.64,41.64,0.0,772.02,0.0,0.0,,0.0
129,19,4.00,3,23.63,38.97,38.97,0.0,469.13,0.0,0.0,,0.0
129,20,4.00,3,21.39,35.77,35.77,0.0,58.06,0.0,0.0,,0.0
129,21,4.00,3,19.41,32.73,32.73,0.0,0.00,0.0,0.0,,0.0
129,22,4.00,3,18.03,30.03,30.02,0.0,0.00,0.0,0.0,,0.0
129,23,4.00,3,16.79,27.59,27.59,0.0,0.00,0.0,0.0,,0.0
129,24,4.00,3,15.67,25.40,25.40,0.0,0.00,0.0,0.0,,0.0
129,1,5.00,3,14.65,23.42,23.42,0.0,0.00,0.0,0.0,,0.0
129,2,5.00,3,13.81,21.65,21.65,0.0,0.00,0.0,0.0,,0.0
129,3,5.00,3,13.00,20.05,20.05,0.0,0.00,0.0,0.0,,0.0
129,4,5.00,3,12.20,18.59,18.59,0.0,0.00,0.0,0.0,,0.0
129,5,5.00,3,11.38,17.24,17.24,0.0,0.00,0.0,-0.0,,0.0
129,6,5.00,3,10.59,15.99,15.98,0.0,0.00,0.0,-0.0,,0.0
129,7,5.00,3,9.82,14.82,14.82,0.0,0.00,0.0,-0.0,,0.0
129,8,5.00,3,11.08,15.94,21.19,3299.31,55.82,0.0,0.0,,3299.31
129,9,5.00,3,12.87,17.85,21.19,192.08,443.95,0.0,0.0,,192.08
129,10,5.00,3,15.71,20.44,22.74,0.0,724.27,0.0,0.0,,0.0
129,11,5.00,3,18.55,23.49,25.21,0.0,1014.17,0.0,0.0,,0.0
129,12,5.00,3,20.96,26.64,26.19,-1125.19,1222.13,0.0,0.0,,-1125.19
129,13,5.00,3,22.85,29.48,26.19,-2070.93,1234.49,0.0,0.0,,-2070.93
129,14,5.00,3,24.66,32.08,26.19,-2561.56,1282.07,0.0,0.0,,-2561.56
129,15,5.00,3,26.30,34.38,26.19,-2884.25,1221.60,0.0,0.0,,-2884.25
129,16,5.00,3,27.31,36.33,26.19,-3081.87,1171.03,0.0,0.0,,-3081.87
129,17,5.00,3,26.51,37.35,26.19,-2824.25,980.48,0.0,0.0,,-2824.25
129,18,5.00,3,25.25,37.54,26.19,-2405.33,772.02,0.0,0.0,,-2405.33
129,19,5.00,3,22.99,35.72,27.18,0.0,469.13,0.0,0.0,,0.0
129,20,5.00,3,21.03,33.10,26.25,0.0,58.06,0.0,0.0,,0.0
129,21,5.00,3,19.23,30.52,24.90,0.0,0.00,0.0,0.0,,0.0
129,22,5.00,3,18.11,28.22,23.59,0.0,0.00,0.0,0.0,,0.0
129,23,5.00,3,17.17,26.18,22.34,0.0,0.00,0.0,0.0,,0.0
129,24,5.00,3,16.20,24.33,21.15,0.0,0.00,0.0,0.0,,0.0
129,1,6.00,3,15.32,22.66,20.02,0.0,0.00,0.0,0.0,,0.0
129,2,6.00,3,14.37,21.11,18.92,0.0,0.00,0.0,0.0,,0.0
129,3,6.00,3,13.29,19.64,17.83,0.0,0.00,0.0,0.0,,0.0
129,4,6.00,3,12.53,18.30,16.80,0.0,0.00,0.0,-0.0,,0.0
129,5,6.00,3,12.06,17.13,15.88,0.0,0.00,0.0,-0.0,,0.0
129,6,6.00,3,11.40,16.04,15.01,0.0,0.00,0.0,-0.0,,0.0
129,7,6.00,3,10.33,14.94,14.09,0.0,0.00,0.0,-0.0,,0.0
129,8,6.00,3,9.78,15.66,21.19,3890.03,55.82,0.0,0.0,,3890.03
129,9,6.00,3,12.00,17.44,21.19,424.58,443.95,0.0,0.0,,424.58
129,10,6.00,3,15.24,20.04,22.54,0.0,724.27,0.0,0.0,,0.0
129,11,6.00,3,18.26,23.13,24.99,0.0,1014.17,0.0,0.0,,0.0
129,12,6.00,3,21.01,26.40,26.19,-1028.94,1222.13,0.0,0.0,,-1028.94
129,13,6.00,3,23.46,29.46,26.19,-2156.6,1234.49,0.0,0.0,,-2156.6
129,14,6.00,3,25.09,32.15,26.19,-2630.07,1282.07,0.0,0.0,,-2630.07
129,15,6.00,3,26.36,34.42,26.19,-2894.38,1221.60,0.0,0.0,,-2894.38
129,16,6.00,3,27.81,36.49,26.19,-3169.35,1171.03,0.0,0.0,,-3169.35
129,17,6.00,3,26.85,37.54,26.19,-2885.53,980.48,0.0,0.0,,-2885.53
129,18,6.00,3,25.79,37.82,26.19,-2501.95,772.02,0.0,0.0,,-2501.95
129,19,6.00,3,23.97,36.13,27.39,0.0,469.13,0.0,0.0,,0.0
129,20,6.00,3,21.93,33.59,26.59,0.0,58.06,0.0,0.0,,0.0
129,21,6.00,3,20.22,31.10,25.35,0.0,0.00,0.0,0.0,,0.0
129,22,6.00,3,19.11,28.87,24.13,0.0,0.00,0.0,0.0,,0.0
129,23,6.00,3,17.74,26.80,22.88,0.0,0.00,0.0,0.0,,0.0
129,24,6.00,3,16.68,24.92,21.67,0.0,0.00,0.0,0.0,,0.0
129,1,7.00,3,15.66,23.19,20.50,0.0,0.00,0.0,0.0,,0.0
129,2,7.00,3,14.56,21.57,19.34,0.0,0.00,0.0,0.0,,0.0
129,3,7.00,3,13.49,20.05,18.20,0.0,0.00,0.0,0.0,,0.0
129,4,7.00,3,12.80,18.69,17.16,0.0,0.00,0.0,-0.0,,0.0
129,5,7.00,3,11.74,17.38,16.10,0.0,0.00,0.0,-0.0,,0.0
129,6,7.00,3,10.70,16.11,15.05,0.0,0.00,0.0,-0.0,,0.0
129,7,7.00,3,9.83,14.92,14.04,0.0,0.00,0.0,-0.0,,0.0
129,8,7.00,3,11.41,16.11,21.19,3616.1,55.82,0.0,0.0,,3616.1
129,9,7.00,3,13.34,18.08,21.19,185.99,443.95,0.0,0.0,,185.99
129,10,7.00,3,16.84,20.90,23.00,0.0,724.27,0.0,0.0,,0.0
129,11,7.00,3,20.11,24.22,25.78,0.0,1014.17,0.0,0.0,,0.0
129,12,7.00,3,23.16,27.74,26.19,-1727.0,1222.13,0.0,0.0,,-1727.0
129,13,7.00,3,25.56,30.95,26.19,-2583.39,1234.49,0.0,0.0,,-2583.39
129,14,7.00,3,27.55,33.87,26.19,-3095.32,1282.07,0.0,0.0,,-3095.32
129,15,7.00,3,29.24,36.42,26.19,-3423.3,1221.60,0.0,0.0,,-3423.3
129,16,7.00,3,30.39,38.60,26.19,-3646.35,1171.03,0.0,0.0,,-3646.35
129,17,7.00,3,29.59,39.78,26.19,-3386.96,980.48,0.0,0.0,,-3386.96
129,18,7.00,3,28.35,40.11,26.19,-2971.76,772.02,0.0,0.0,,-2971.76
129,19,7.00,3,25.92,38.32,27.84,0.0,469.13,0.0,0.0,,0.0
129,20,7.00,3,23.56,35.66,27.26,0.0,58.06,0.0,0.0,,0.0
129,21,7.00,3,21.75,33.06,26.17,0.0,0.00,0.0,0.0,,0.0
129,22,7.00,3,20.29,30.68,24.99,0.0,0.00,0.0,0.0,,0.0
129,23,7.00,3,18.89,28.49,23.78,0.0,0.00,0.0,0.0,,0.0
129,24,7.00,3,17.59,26.46,22.56,0.0,0.00,0.0,0.0,,0.0
129,1,1.00,4,16.35,24.57,21.34,0.0,0.00,0.0,0.0,,0.0
129,2,1.00,4,15.10,22.80,20.12,0.0,0.00,0.0,0.0,,0.0
129,3,1.00,4,14.09,21.17,18.95,0.0,0.00,0.0,0.0,,0.0
129,4,1.00,4,12.98,19.63,17.79,0.0,0.00,0.0,0.0,,0.0
129,5,1.00,4,11.97,18.19,16.66,0.0,0.00,0.0,-0.0,,0.0
129,6,1.00,4,11.21,16.88,15.62,0.0,0.00,0.0,-0.0,,0.0
129,7,1.00,4,10.26,15.63,14.58,0.0,0.02,0.0,-0.0,,0.0
129,8,1.00,4,11.92,16.87,20.30,2660.79,37.42,0.0,0.0,,2660.79
129,9,1.00,4,14.95,18.93,20.76,0.0,262.72,0.0,0.0,,0.0
129,10,1.00,4,19.22,22.02,23.25,0.0,595.84,0.0,-8.47,,-8.47
129,11,1.00,4,22.78,25.52,25.30,-712.05,836.12,0.0,-94.6,,-806.65
129,12,1.00,4,26.26,29.24,25.30,-2506.4,1037.80,0.0,-440.27,,-2946.67
129,13,1.00,4,28.56,32.57,25.30,-3174.83,1054.04,0.0,-367.85,,-3542.68
129,14,1.00,4,30.79,35.52,25.30,-3622.46,1015.97,0.0,-456.43,,-4078.89
129,15,1.00,4,32.78,38.14,25.30,-3959.93,935.44,0.0,-464.94,,-4424.87
129,16,1.00,4,32.09,39.68,25.30,-3743.54,760.92,0.0,-251.21,,-3994.75
129,17,1.00,4,31.06,40.35,25.30,-3385.55,573.02,0.0,0.0,,-3385.55
129,18,1.00,4,29.85,39.95,25.30,-2725.83,187.21,0.0,0.0,,-2725.83
129,19,1.00,4,26.77,37.42,26.24,0.0,9.81,0.0,0.0,,0.0
129,20,1.00,4,24.29,34.91,25.90,0.0,0.00,0.0,0.0,,0.0
129,21,1.00,4,22.18,32.50,25.10,0.0,0.00,0.0,0.0,,0.0
129,22,1.00,4,20.60,30.26,24.15,0.0,0.00,0.0,0.0,,0.0
129,23,1.00,4,19.25,28.20,23.14,0.0,0.00,0.0,0.0,,0.0
129,24,1.00,4,17.98,26.29,22.10,0.0,0.00,0.0,0.0,,0.0
129,1,2.00,4,16.83,24.52,21.04,0.0,0.00,0.0,0.0,,0.0
129,2,2.00,4,15.71,22.86,19.99,0.0,0.00,0.0,0.0,,0.0
129,3,2.00,4,14.63,21.31,18.93,0.0,0.00,0.0,0.0,,0.0
129,4,2.00,4,13.69,19.88,17.90,0.0,0.00,0.0,-0.0,,0.0
129,5,2.00,4,12.66,18.51,16.87,0.0,0.00,0.0,-0.0,,0.0
129,6,2.00,4,11.66,17.21,15.85,0.0,0.00,0.0,-0.0,,0.0
129,7,2.00,4,10.65,15.96,14.84,0.0,0.02,0.0,-0.0,,0.0
129,8,2.00,4,11.74,17.06,20.30,2580.46,37.42,0.0,0.0,,2580.46
129,9,2.00,4,14.15,18.86,20.57,0.0,262.72,0.0,0.0,,0.0
129,10,2.00,4,18.16,21.72,22.86,0.0,595.84,0.0,0.0,,0.0
129,11,2.00,4,21.37,24.96,25.30,-313.02,836.12,0.0,0.0,,-313.02
129,12,2.00,4,24.23,28.32,25.30,-2124.25,1037.80,0.0,-175.7,,-2299.95
129,13,2.00,4,26.98,31.53,25.30,-2876.01,1054.04,0.0,-91.38,,-2967.3900000000003
129,14,2.00,4,29.22,34.37,25.30,-3330.52,1015.97,0.0,-173.0,,-3503.52
129,15,2.00,4,30.96,36.83,25.30,-3627.29,935.44,0.0,-237.22,,-3864.5099999999998
129,16,2.00,4,30.32,38.28,25.30,-3419.84,760.92,0.0,-41.24,,-3461.08
129,17,2.00,4,29.39,38.90,25.30,-3077.97,573.02,0.0,0.0,,-3077.97
129,18,2.00,4,28.14,38.45,25.30,-2412.17,187.21,0.0,0.0,,-2412.17
129,19,2.00,4,25.52,35.99,25.95,0.0,9.81,0.0,0.0,,0.0
129,20,2.00,4,22.99,33.51,25.41,0.0,0.00,0.0,0.0,,0.0
129,21,2.00,4,21.08,31.16,24.51,0.0,0.00,0.0,0.0,,0.0
129,22,2.00,4,19.76,29.03,23.54,0.0,0.00,0.0,0.0,,0.0
129,23,2.00,4,18.45,27.05,22.50,0.0,0.00,0.0,0.0,,0.0
129,24,2.00,4,17.24,25.21,21.45,0.0,0.00,0.0,0.0,,0.0
129,1,3.00,4,16.19,23.52,20.40,0.0,0.00,0.0,0.0,,0.0
129,2,3.00,4,15.24,21.97,19.38,0.0,0.00,0.0,0.0,,0.0
129,3,3.00,4,14.34,20.53,18.39,0.0,0.00,0.0,-0.0,,0.0
129,4,3.00,4,13.61,19.23,17.45,0.0,0.00,0.0,-0.0,,0.0
129,5,3.00,4,12.78,18.00,16.53,0.0,0.00,0.0,-0.0,,0.0
129,6,3.00,4,12.01,16.86,15.64,0.0,0.00,0.0,-0.0,,0.0
129,7,3.00,4,11.10,15.76,14.75,0.0,0.02,0.0,-0.0,,0.0
129,8,3.00,4,11.86,17.38,16.54,0.0,37.42,0.0,-0.0,,0.0
129,9,3.00,4,13.78,19.38,18.68,0.0,262.72,0.0,-0.0,,0.0
129,10,3.00,4,16.88,22.10,21.53,0.0,595.84,0.0,-0.0,,0.0
129,11,3.00,4,19.72,25.20,24.72,0.0,836.12,0.0,0.0,,0.0
129,12,3.00,4,22.17,28.43,28.03,0.0,1037.80,0.0,0.0,,0.0
129,13,3.00,4,24.26,31.44,31.11,0.0,1054.04,0.0,0.0,,0.0
129,14,3.00,4,25.86,34.05,33.78,0.0,1015.97,0.0,0.0,,0.0
129,15,3.00,4,26.89,36.25,36.02,0.0,935.44,0.0,0.0,,0.0
129,16,3.00,4,26.57,37.74,37.55,0.0,760.92,0.0,0.0,,0.0
129,17,3.00,4,25.74,38.52,38.36,0.0,573.02,0.0,0.0,,0.0
129,18,3.00,4,24.71,38.27,38.14,0.0,187.21,0.0,0.0,,0.0
129,19,3.00,4,22.46,35.12,35.01,0.0,9.81,0.0,0.0,,0.0
129,20,3.00,4,20.36,32.31,32.22,0.0,0.00,0.0,0.0,,0.0
129,21,3.00,4,18.76,29.78,29.70,0.0,0.00,0.0,0.0,,0.0
129,22,3.00,4,17.59,27.52,27.46,0.0,0.00,0.0,0.0,,0.0
129,23,3.00,4,16.54,25.49,25.44,0.0,0.00,0.0,0.0,,0.0
129,24,3.00,4,15.67,23.67,23.63,0.0,0.00,0.0,0.0,,0.0
129,1,4.00,4,14.85,22.04,22.00,0.0,0.00,0.0,0.0,,0.0
129,2,4.00,4,14.11,20.56,20.53,0.0,0.00,0.0,0.0,,0.0
129,3,4.00,4,13.38,19.21,19.19,0.0,0.00,0.0,0.0,,0.0
129,4,4.00,4,12.78,18.00,17.98,0.0,0.00,0.0,-0.0,,0.0
129,5,4.00,4,12.20,16.90,16.88,0.0,0.00,0.0,-0.0,,0.0
129,6,4.00,4,11.71,15.91,15.90,0.0,0.00,0.0,-0.0,,0.0
129,7,4.00,4,11.20,15.01,14.99,0.0,0.02,0.0,-0.0,,0.0
129,8,4.00,4,12.05,16.80,16.79,0.0,37.42,0.0,-0.0,,0.0
129,9,4.00,4,13.74,18.88,18.87,0.0,262.72,0.0,-0.0,,0.0
129,10,4.00,4,16.57,21.63,21.62,0.0,595.84,0.0,0.0,,0.0
129,11,4.00,4,19.24,24.71,24.71,0.0,836.12,0.0,0.0,,0.0
129,12,4.00,4,21.45,27.89,27.89,0.0,1037.80,0.0,0.0,,0.0
129,13,4.00,4,23.33,30.82,30.82,0.0,1054.04,0.0,0.0,,0.0
129,14,4.00,4,24.95,33.38,33.38,0.0,1015.97,0.0,0.0,,0.0
129,15,4.00,4,25.81,35.51,35.50,0.0,935.44,0.0,0.0,,0.0
129,16,4.00,4,25.38,36.92,36.91,0.0,760.92,0.0,0.0,,0.0
129,17,4.00,4,24.62,37.64,37.64,0.0,573.02,0.0,0.0,,0.0
129,18,4.00,4,23.56,37.36,37.35,0.0,187.21,0.0,0.0,,0.0
129,19,4.00,4,21.72,34.25,34.25,0.0,9.81,0.0,0.0,,0.0
129,20,4.00,4,19.95,31.54,31.53,0.0,0.00,0.0,0.0,,0.0
129,21,4.00,4,18.09,29.02,29.02,0.0,0.00,0.0,0.0,,0.0
129,22,4.00,4,16.71,26.73,26.73,0.0,0.00,0.0,0.0,,0.0
129,23,4.00,4,15.36,24.62,24.62,0.0,0.00,0.0,0.0,,0.0
129,24,4.00,4,14.40,22.73,22.73,0.0,0.00,0.0,0.0,,0.0
129,1,5.00,4,13.74,21.08,21.07,0.0,0.00,0.0,0.0,,0.0
129,2,5.00,4,13.24,19.62,19.62,0.0,0.00,0.0,0.0,,0.0
129,3,5.00,4,12.65,18.32,18.32,0.0,0.00,0.0,0.0,,0.0
129,4,5.00,4,12.21,17.18,17.18,0.0,0.00,0.0,0.0,,0.0
129,5,5.00,4,11.43,16.08,16.08,0.0,0.00,0.0,-0.0,,0.0
129,6,5.00,4,10.96,15.11,15.11,0.0,0.00,0.0,-0.0,,0.0
129,7,5.00,4,10.28,14.18,14.18,0.0,0.02,0.0,-0.0,,0.0
129,8,5.00,4,10.96,15.50,20.30,3017.87,37.42,0.0,0.0,,3017.87
129,9,5.00,4,12.17,17.15,20.30,236.54,262.72,0.0,0.0,,236.54
129,10,5.00,4,14.17,19.39,21.55,0.0,595.84,0.0,0.0,,0.0
129,11,5.00,4,16.92,22.12,23.74,0.0,836.12,0.0,0.0,,0.0
129,12,5.00,4,19.09,24.94,25.30,-562.91,1037.80,0.0,0.0,,-562.91
129,13,5.00,4,20.92,27.52,25.30,-1685.11,1054.04,0.0,0.0,,-1685.11
129,14,5.00,4,22.24,29.67,25.30,-2026.93,1015.97,0.0,0.0,,-2026.93
129,15,5.00,4,22.82,31.33,25.30,-2137.81,935.44,0.0,0.0,,-2137.81
129,16,5.00,4,22.50,32.30,25.30,-1985.71,760.92,0.0,0.0,,-1985.71
129,17,5.00,4,21.72,32.58,25.30,-1670.77,573.02,0.0,0.0,,-1670.77
129,18,5.00,4,20.59,31.90,25.30,-1026.96,187.21,0.0,0.0,,-1026.96
129,19,5.00,4,19.35,29.60,24.52,0.0,9.81,0.0,0.0,,0.0
129,20,5.00,4,18.14,27.47,23.37,0.0,0.00,0.0,0.0,,0.0
129,21,5.00,4,17.06,25.53,22.16,0.0,0.00,0.0,0.0,,0.0
129,22,5.00,4,16.34,23.83,21.04,0.0,0.00,0.0,0.0,,0.0
129,23,5.00,4,15.84,22.34,20.03,0.0,0.00,0.0,0.0,,0.0
129,24,5.00,4,15.43,21.05,19.14,0.0,0.00,0.0,0.0,,0.0
129,1,6.00,4,15.12,19.94,18.35,0.0,0.00,0.0,-0.0,,0.0
129,2,6.00,4,14.94,18.99,17.67,0.0,0.00,0.0,-0.0,,0.0
129,3,6.00,4,14.69,18.16,17.07,0.0,0.00,0.0,-0.0,,0.0
129,4,6.00,4,14.51,17.44,16.54,0.0,0.00,0.0,-0.0,,0.0
129,5,6.00,4,14.34,16.82,16.07,0.0,0.00,0.0,-0.0,,0.0
129,6,6.00,4,14.00,16.25,15.62,0.0,0.00,0.0,-0.0,,0.0
129,7,6.00,4,13.30,15.63,15.12,0.0,0.02,0.0,-0.0,,0.0
129,8,6.00,4,12.71,16.97,20.30,2339.98,37.42,0.0,0.0,,2339.98
129,9,6.00,4,13.28,18.49,20.34,0.0,262.72,0.0,0.0,,0.0
129,10,6.00,4,14.42,20.43,21.70,0.0,595.84,0.0,0.0,,0.0
129,11,6.00,4,16.09,22.68,23.63,0.0,836.12,0.0,0.0,,0.0
129,12,6.00,4,18.24,25.18,25.30,-387.0,1037.80,0.0,0.0,,-387.0
129,13,6.00,4,19.47,27.36,25.30,-1429.98,1054.04,0.0,0.0,,-1429.98
129,14,6.00,4,20.73,29.21,25.30,-1756.2,1015.97,0.0,-63.06,,-1819.26
129,15,6.00,4,21.67,30.74,25.30,-1926.37,935.44,0.0,-218.17,,-2144.54
129,16,6.00,4,21.22,31.56,25.30,-1751.31,760.92,0.0,0.0,,-1751.31
129,17,6.00,4,20.52,31.76,25.30,-1451.6,573.02,0.0,0.0,,-1451.6
129,18,6.00,4,19.79,31.10,25.30,-876.39,187.21,0.0,0.0,,-876.39
129,19,6.00,4,18.57,28.82,24.34,0.0,9.81,0.0,0.0,,0.0
129,20,6.00,4,17.54,26.74,23.11,0.0,0.00,0.0,0.0,,0.0
129,21,6.00,4,16.40,24.81,21.83,0.0,0.00,0.0,0.0,,0.0
129,22,6.00,4,15.69,23.12,20.66,0.0,0.00,0.0,-0.0,,0.0
129,23,6.00,4,15.09,21.63,19.59,0.0,0.00,0.0,-0.0,,0.0
129,24,6.00,4,14.55,20.30,18.61,0.0,0.00,0.0,-0.0,,0.0
129,1,7.00,4,13.98,19.11,17.71,0.0,0.00,0.0,-0.0,,0.0
129,2,7.00,4,12.82,17.90,16.74,0.0,0.00,0.0,-0.0,,0.0
129,3,7.00,4,11.50,16.66,15.70,0.0,0.00,0.0,-0.0,,0.0
129,4,7.00,4,10.49,15.48,14.68,0.0,0.00,0.0,-0.0,,0.0
129,5,7.00,4,9.72,14.38,13.72,0.0,0.00,0.0,-0.0,,0.0
129,6,7.00,4,8.89,13.33,12.78,0.0,0.00,0.0,-0.0,,0.0
129,7,7.00,4,8.18,12.34,11.89,0.0,0.02,0.0,-0.0,,0.0
129,8,7.00,4,9.36,13.74,20.30,4340.67,37.42,0.0,0.0,,4340.67
129,9,7.00,4,11.08,15.57,20.30,631.58,262.72,0.0,0.0,,631.58
129,10,7.00,4,14.06,18.19,21.36,0.0,595.84,0.0,0.0,,0.0
129,11,7.00,4,17.41,21.34,23.69,0.0,836.12,0.0,0.0,,0.0
129,12,7.00,4,20.46,24.69,25.30,-755.98,1037.80,0.0,0.0,,-755.98
129,13,7.00,4,22.65,27.73,25.30,-1976.18,1054.04,0.0,0.0,,-1976.18
129,14,7.00,4,24.59,30.38,25.30,-2438.75,1015.97,0.0,0.0,,-2438.75
129,15,7.00,4,26.35,32.71,25.30,-2763.13,935.44,0.0,0.0,,-2763.13
129,16,7.00,4,27.45,34.54,25.30,-2867.05,760.92,0.0,0.0,,-2867.05
129,17,7.00,4,26.82,35.46,25.30,-2589.88,573.02,0.0,0.0,,-2589.88
129,18,7.00,4,25.82,35.28,25.30,-1977.88,187.21,0.0,0.0,,-1977.88
129,19,7.00,4,23.03,32.92,25.38,0.0,9.81,0.0,0.0,,0.0
129,20,7.00,4,20.99,30.65,24.58,0.0,0.00,0.0,0.0,,0.0
129,21,7.00,4,18.98,28.43,23.46,0.0,0.00,0.0,0.0,,0.0
129,22,7.00,4,17.44,26.37,22.26,0.0,0.00,0.0,0.0,,0.0
129,23,7.00,4,15.97,24.42,21.02,0.0,0.00,0.0,0.0,,0.0
129,24,7.00,4,14.71,22.60,19.78,0.0,0.00,0.0,0.0,,0.0
129,1,1.00,4,13.58,20.91,18.58,0.0,0.00,0.0,0.0,,0.0
129,2,1.00,4,12.53,19.34,17.41,0.0,0.00,0.0,0.0,,0.0
129,3,1.00,4,11.51,17.87,16.27,0.0,0.00,0.0,0.0,,0.0
129,4,1.00,4,10.69,16.52,15.20,0.0,0.00,0.0,-0.0,,0.0
129,5,1.00,4,9.92,15.28,14.18,0.0,0.00,0.0,-0.0,,0.0
129,6,1.00,4,8.98,14.09,13.17,0.0,0.00,0.0,-0.0,,0.0
129,7,1.00,4,8.19,12.97,12.21,0.0,0.02,0.0,-0.0,,0.0
129,8,1.00,4,9.61,14.29,20.30,4140.95,37.42,0.0,0.0,,4140.95
129,9,1.00,4,11.84,16.19,20.30,468.43,262.72,0.0,0.0,,468.43
129,10,1.00,4,15.88,19.14,21.89,0.0,595.84,0.0,0.0,,0.0
129,11,1.00,4,19.39,22.53,24.57,0.0,836.12,0.0,0.0,,0.0
129,12,1.00,4,22.51,26.07,25.30,-1473.17,1037.80,0.0,0.0,,-1473.17
129,13,1.00,4,25.05,29.35,25.30,-2461.15,1054.04,0.0,-146.37,,-2607.52
129,14,1.00,4,27.05,32.18,25.30,-2906.79,1015.97,0.0,-41.02,,-2947.81
129,15,1.00,4,28.53,34.58,25.30,-3174.18,935.44,0.0,-30.97,,-3205.1499999999996
129,16,1.00,4,27.93,35.99,25.30,-2976.36,760.92,0.0,0.0,,-2976.36
129,17,1.00,4,26.96,36.59,25.30,-2632.38,573.02,0.0,0.0,,-2632.38
129,18,1.00,4,25.51,36.06,25.30,-1932.6,187.21,0.0,0.0,,-1932.6
129,19,1.00,4,22.83,33.56,25.34,0.0,9.81,0.0,0.0,,0.0
129,20,1.00,4,20.75,31.13,24.51,0.0,0.00,0.0,0.0,,0.0
129,21,1.00,4,18.86,28.82,23.38,0.0,0.00,0.0,0.0,,0.0
129,22,1.00,4,17.42,26.69,22.20,0.0,0.00,0.0,0.0,,0.0
129,23,1.00,4,16.09,24.71,20.99,0.0,0.00,0.0,0.0,,0.0
129,24,1.00,4,14.95,22.89,19.81,0.0,0.00,0.0,0.0,,0.0
129,1,2.00,4,13.94,21.22,18.67,0.0,0.00,0.0,0.0,,0.0
129,2,2.00,4,12.89,19.66,17.54,0.0,0.00,0.0,0.0,,0.0
129,3,2.00,4,11.76,18.17,16.42,0.0,0.00,0.0,0.0,,0.0
129,4,2.00,4,11.12,16.85,15.40,0.0,0.00,0.0,-0.0,,0.0
129,5,2.00,4,10.30,15.62,14.41,0.0,0.00,0.0,-0.0,,0.0
129,6,2.00,4,9.49,14.46,13.46,0.0,0.00,0.0,-0.0,,0.0
129,7,2.00,4,8.32,13.28,12.45,0.0,0.02,0.0,-0.0,,0.0
129,8,2.00,4,9.73,14.55,20.30,4011.57,37.42,0.0,0.0,,4011.57
129,9,2.00,4,11.81,16.38,20.30,451.11,262.72,0.0,0.0,,451.11
129,10,2.00,4,15.16,19.09,21.71,0.0,595.84,0.0,0.0,,0.0
129,11,2.00,4,18.45,22.27,24.21,0.0,836.12,0.0,0.0,,0.0
129,12,2.00,4,21.36,25.60,25.30,-1128.63,1037.80,0.0,0.0,,-1128.63
129,13,2.00,4,23.81,28.71,25.30,-2218.95,1054.04,0.0,0.0,,-2218.95
129,14,2.00,4,25.82,31.42,25.30,-2676.02,1015.97,0.0,0.0,,-2676.02
129,15,2.00,4,27.48,33.76,25.30,-2976.2,935.44,0.0,0.0,,-2976.2
129,16,2.00,4,26.87,35.13,25.30,-2779.83,760.92,0.0,0.0,,-2779.83
129,17,2.00,4,25.96,35.70,25.30,-2447.19,573.02,0.0,0.0,,-2447.19
129,18,2.00,4,24.73,35.22,25.30,-1785.92,187.21,0.0,0.0,,-1785.92
129,19,2.00,4,22.24,32.77,25.20,0.0,9.81,0.0,0.0,,0.0
129,20,2.00,4,19.99,30.35,24.24,0.0,0.00,0.0,0.0,,0.0
129,21,2.00,4,18.27,28.08,23.07,0.0,0.00,0.0,0.0,,0.0
129,22,2.00,4,16.94,26.00,21.86,0.0,0.00,0.0,0.0,,0.0
129,23,2.00,4,15.84,24.11,20.68,0.0,0.00,0.0,0.0,,0.0
129,24,2.00,4,14.81,22.38,19.54,0.0,0.00,0.0,0.0,,0.0
129,1,3.00,4,13.89,20.79,18.44,0.0,0.00,0.0,0.0,,0.0
129,2,3.00,4,12.98,19.33,17.38,0.0,0.00,0.0,0.0,,0.0
129,3,3.00,4,11.94,17.93,16.32,0.0,0.00,0.0,-0.0,,0.0
129,4,3.00,4,11.24,16.67,15.33,0.0,0.00,0.0,-0.0,,0.0
129,5,3.00,4,10.26,15.45,14.34,0.0,0.00,0.0,-0.0,,0.0
129,6,3.00,4,9.71,14.37,13.45,0.0,0.00,0.0,-0.0,,0.0
129,7,3.00,4,8.82,13.30,12.54,0.0,0.02,0.0,-0.0,,0.0
129,8,3.00,4,10.21,15.10,14.46,0.0,37.42,0.0,-0.0,,0.0
129,9,3.00,4,12.24,17.23,16.71,0.0,262.72,0.0,-0.0,,0.0
129,10,3.00,4,15.45,20.09,19.66,0.0,595.84,0.0,-0.0,,0.0
129,11,3.00,4,18.49,23.34,22.98,0.0,836.12,0.0,0.0,,0.0
129,12,3.00,4,21.18,26.73,26.43,0.0,1037.80,0.0,0.0,,0.0
129,13,3.00,4,23.55,29.92,29.67,0.0,1054.04,0.0,0.0,,0.0
129,14,3.00,4,25.61,32.77,32.57,0.0,1015.97,0.0,0.0,,0.0
129,15,3.00,4,27.42,35.32,35.15,0.0,935.44,0.0,0.0,,0.0
129,16,3.00,4,28.53,37.37,37.22,0.0,760.92,0.0,0.0,,0.0
129,17,3.00,4,27.69,38.55,38.43,0.0,573.02,0.0,0.0,,0.0
129,18,3.00,4,26.58,38.62,38.52,0.0,187.21,0.0,0.0,,0.0
129,19,3.00,4,23.84,35.62,35.54,0.0,9.81,0.0,0.0,,0.0
129,20,3.00,4,21.73,32.95,32.88,0.0,0.00,0.0,0.0,,0.0
129,21,3.00,4,19.95,30.50,30.44,0.0,0.00,0.0,0.0,,0.0
129,22,3.00,4,18.50,28.26,28.21,0.0,0.00,0.0,0.0,,0.0
129,23,3.00,4,17.32,26.22,26.18,0.0,0.00,0.0,0.0,,0.0
129,24,3.00,4,16.37,24.39,24.36,0.0,0.00,0.0,0.0,,0.0
129,1,4.00,4,15.53,22.74,22.71,0.0,0.00,0.0,0.0,,0.0
129,2,4.00,4,14.57,21.21,21.19,0.0,0.00,0.0,0.0,,0.0
129,3,4.00,4,13.48,19.75,19.73,0.0,0.00,0.0,0.0,,0.0
129,4,4.00,4,12.82,18.45,18.43,0.0,0.00,0.0,0.0,,0.0
129,5,4.00,4,11.93,17.21,17.19,0.0,0.00,0.0,-0.0,,0.0
129,6,4.00,4,11.19,16.06,16.05,0.0,0.00,0.0,-0.0,,0.0
129,7,4.00,4,10.34,14.97,14.96,0.0,0.02,0.0,-0.0,,0.0
129,8,4.00,4,11.45,16.67,16.66,0.0,37.42,0.0,-0.0,,0.0
129,9,4.00,4,13.30,18.71,18.70,0.0,262.72,0.0,-0.0,,0.0
129,10,4.00,4,15.86,21.35,21.35,0.0,595.84,0.0,0.0,,0.0
129,11,4.00,4,18.92,24.45,24.44,0.0,836.12,0.0,0.0,,0.0
129,12,4.00,4,21.71,27.74,27.74,0.0,1037.80,0.0,0.0,,0.0
129,13,4.00,4,24.01,30.84,30.83,0.0,1054.04,0.0,0.0,,0.0
129,14,4.00,4,25.97,33.59,33.58,0.0,1015.97,0.0,0.0,,0.0
129,15,4.00,4,27.53,36.00,35.99,0.0,935.44,0.0,0.0,,0.0
129,16,4.00,4,28.58,37.93,37.93,0.0,760.92,0.0,0.0,,0.0
129,17,4.00,4,27.76,39.03,39.03,0.0,573.02,0.0,0.0,,0.0
129,18,4.00,4,26.43,38.98,38.98,0.0,187.21,0.0,0.0,,0.0
129,19,4.00,4,23.52,35.86,35.85,0.0,9.81,0.0,0.0,,0.0
129,20,4.00,4,21.51,33.11,33.10,0.0,0.00,0.0,0.0,,0.0
129,21,4.00,4,19.76,30.60,30.60,0.0,0.00,0.0,0.0,,0.0
129,22,4.00,4,18.66,28.38,28.38,0.0,0.00,0.0,0.0,,0.0
129,23,4.00,4,17.64,26.39,26.39,0.0,0.00,0.0,0.0,,0.0
129,24,4.00,4,16.66,24.58,24.58,0.0,0.00,0.0,0.0,,0.0
129,1,5.00,4,15.66,22.92,22.91,0.0,0.00,0.0,0.0,,0.0
129,2,5.00,4,14.86,21.41,21.41,0.0,0.00,0.0,0.0,,0.0
129,3,5.00,4,13.72,19.95,19.95,0.0,0.00,0.0,0.0,,0.0
129,4,5.00,4,12.99,18.64,18.64,0.0,0.00,0.0,0.0,,0.0
129,5,5.00,4,11.91,17.36,17.36,0.0,0.00,0.0,-0.0,,0.0
129,6,5.00,4,11.13,16.18,16.17,0.0,0.00,0.0,-0.0,,0.0
129,7,5.00,4,10.32,15.06,15.06,0.0,0.02,0.0,-0.0,,0.0
129,8,5.00,4,11.38,16.28,20.30,2527.76,37.42,0.0,0.0,,2527.76
129,9,5.00,4,13.49,18.09,20.42,0.0,262.72,0.0,0.0,,0.0
129,10,5.00,4,16.52,20.70,22.33,0.0,595.84,0.0,0.0,,0.0
129,11,5.00,4,19.33,23.69,24.92,0.0,836.12,0.0,0.0,,0.0
129,12,5.00,4,21.65,26.73,25.30,-1498.64,1037.80,0.0,0.0,,-1498.64
129,13,5.00,4,24.10,29.64,25.30,-2330.19,1054.04,0.0,0.0,,-2330.19
129,14,5.00,4,25.87,32.14,25.30,-2712.22,1015.97,0.0,0.0,,-2712.22
129,15,5.00,4,27.18,34.25,25.30,-2938.28,935.44,0.0,0.0,,-2938.28
129,16,5.00,4,28.35,35.93,25.30,-3040.1,760.92,0.0,0.0,,-3040.1
129,17,5.00,4,27.71,36.74,25.30,-2756.78,573.02,0.0,0.0,,-2756.78
129,18,5.00,4,26.59,36.44,25.30,-2120.51,187.21,0.0,0.0,,-2120.51
129,19,5.00,4,24.54,34.18,25.71,0.0,9.81,0.0,0.0,,0.0
129,20,5.00,4,23.04,32.06,25.24,0.0,0.00,0.0,0.0,,0.0
129,21,5.00,4,21.50,30.06,24.46,0.0,0.00,0.0,0.0,,0.0
129,22,5.00,4,20.56,28.27,23.65,0.0,0.00,0.0,0.0,,0.0
129,23,5.00,4,19.60,26.63,22.81,0.0,0.00,0.0,0.0,,0.0
129,24,5.00,4,18.78,25.15,21.98,0.0,0.00,0.0,0.0,,0.0
129,1,6.00,4,18.06,23.80,21.18,0.0,0.00,0.0,0.0,,0.0
129,2,6.00,4,17.30,22.56,20.38,0.0,0.00,0.0,0.0,,0.0
129,3,6.00,4,16.63,21.42,19.62,0.0,0.00,0.0,-0.0,,0.0
129,4,6.00,4,15.93,20.36,18.86,0.0,0.00,0.0,-0.0,,0.0
129,5,6.00,4,14.84,19.28,18.04,0.0,0.00,0.0,-0.0,,0.0
129,6,6.00,4,13.81,18.21,17.18,0.0,0.00,0.0,-0.0,,0.0
129,7,6.00,4,12.37,17.06,16.21,0.0,0.02,0.0,-0.0,,0.0
129,8,6.00,4,11.61,17.78,20.30,1991.93,37.42,0.0,0.0,,1991.93
129,9,6.00,4,12.64,19.00,20.33,0.0,262.72,0.0,0.0,,0.0
129,10,6.00,4,15.27,21.10,21.99,0.0,595.84,0.0,0.0,,0.0
129,11,6.00,4,17.69,23.62,24.27,0.0,836.12,0.0,0.0,,0.0
129,12,6.00,4,19.68,26.23,25.30,-902.14,1037.80,0.0,0.0,,-902.14
129,13,6.00,4,21.59,28.68,25.30,-1846.75,1054.04,0.0,0.0,,-1846.75
129,14,6.00,4,23.21,30.80,25.30,-2217.68,1015.97,0.0,0.0,,-2217.68
129,15,6.00,4,24.51,32.62,25.30,-2445.45,935.44,0.0,0.0,,-2445.45
129,16,6.00,4,25.63,34.07,25.30,-2540.81,760.92,0.0,0.0,,-2540.81
129,17,6.00,4,24.86,34.67,25.30,-2236.37,573.02,0.0,0.0,,-2236.37
129,18,6.00,4,23.79,34.22,25.30,-1608.43,187.21,0.0,0.0,,-1608.43
129,19,6.00,4,21.63,31.86,25.05,0.0,9.81,0.0,0.0,,0.0
129,20,6.00,4,19.86,29.59,24.11,0.0,0.00,0.0,0.0,,0.0
129,21,6.00,4,18.37,27.49,22.98,0.0,0.00,0.0,0.0,,0.0
129,22,6.00,4,17.19,25.56,21.84,0.0,0.00,0.0,0.0,,0.0
129,23,6.00,4,16.03,23.78,20.70,0.0,0.00,0.0,0.0,,0.0
129,24,6.00,4,14.77,22.08,19.53,0.0,0.00,0.0,0.0,,0.0
129,1,7.00,4,13.47,20.46,18.34,0.0,0.00,0.0,0.0,,0.0
129,2,7.00,4,12.36,18.93,17.18,0.0,0.00,0.0,0.0,,0.0
129,3,7.00,4,11.37,17.51,16.06,0.0,0.00,0.0,0.0,,0.0
129,4,7.00,4,10.35,16.16,14.95,0.0,0.00,0.0,-0.0,,0.0
129,5,7.00,4,9.13,14.82,13.82,0.0,0.00,0.0,-0.0,,0.0
129,6,7.00,4,8.15,13.56,12.73,0.0,0.00,0.0,-0.0,,0.0
129,7,7.00,4,7.25,12.37,11.68,0.0,0.02,0.0,-0.0,,0.0
129,8,7.00,4,8.71,13.62,20.30,4531.6,37.42,0.0,0.0,,4531.6
129,9,7.00,4,11.11,15.52,20.30,639.91,262.72,0.0,0.0,,639.91
129,10,7.00,4,14.84,18.37,21.56,0.0,595.84,0.0,0.0,,0.0
129,11,7.00,4,18.18,21.65,24.02,0.0,836.12,0.0,0.0,,0.0
129,12,7.00,4,20.94,25.02,25.30,-970.34,1037.80,0.0,0.0,,-970.34
129,13,7.00,4,23.35,28.15,25.30,-2121.22,1054.04,0.0,0.0,,-2121.22
129,14,7.00,4,25.35,30.87,25.30,-2582.98,1015.97,0.0,0.0,,-2582.98
129,15,7.00,4,27.43,33.35,25.30,-2959.14,935.44,0.0,0.0,,-2959.14
129,16,7.00,4,28.66,35.31,25.30,-3084.75,760.92,0.0,0.0,,-3084.75
129,17,7.00,4,27.84,36.27,25.30,-2777.76,573.02,0.0,0.0,,-2777.76
129,18,7.00,4,26.53,36.05,25.30,-2109.81,187.21,0.0,0.0,,-2109.81
129,19,7.00,4,23.51,33.62,25.49,0.0,9.81,0.0,0.0,,0.0
129,20,7.00,4,21.41,31.29,24.75,0.0,0.00,0.0,0.0,,0.0
129,21,7.00,4,19.40,29.03,23.67,0.0,0.00,0.0,0.0,,0.0
129,22,7.00,4,17.86,26.93,22.51,0.0,0.00,0.0,0.0,,0.0
129,23,7.00,4,16.46,24.97,21.31,0.0,0.00,0.0,0.0,,0.0
129,24,7.00,4,15.15,23.13,20.10,0.0,0.00,0.0,0.0,,0.0
129,1,1.00,4,13.82,21.38,18.87,0.0,0.00,0.0,0.0,,0.0
129,2,1.00,4,12.61,19.74,17.65,0.0,0.00,0.0,0.0,,0.0
129,3,1.00,4,11.39,18.17,16.44,0.0,0.00,0.0,0.0,,0.0
129,4,1.00,4,10.34,16.69,15.26,0.0,0.00,0.0,0.0,,0.0
129,5,1.00,4,9.30,15.30,14.12,0.0,0.00,0.0,0.0,,0.0
129,6,1.00,4,8.33,13.99,13.01,0.0,0.00,0.0,-0.0,,0.0
129,7,1.00,4,7.41,12.75,11.93,0.0,0.02,0.0,-0.0,,0.0
129,8,1.00,4,8.94,13.97,20.30,4374.27,37.42,0.0,0.0,,4374.27
129,9,1.00,4,11.73,15.95,20.30,509.88,262.72,0.0,0.0,,509.88
129,10,1.00,4,15.18,18.77,21.68,0.0,595.84,0.0,0.0,,0.0
129,11,1.00,4,18.48,22.02,24.18,0.0,836.12,0.0,0.0,,0.0
129,12,1.00,4,21.15,25.35,25.30,-1075.87,1037.80,0.0,0.0,,-1075.87
129,13,1.00,4,23.50,28.43,25.30,-2160.15,1054.04,0.0,0.0,,-2160.15
129,14,1.00,4,25.36,31.09,25.30,-2591.99,1015.97,0.0,0.0,,-2591.99
129,15,1.00,4,26.85,33.36,25.30,-2863.38,935.44,0.0,0.0,,-2863.38
129,16,1.00,4,28.19,35.22,25.30,-3003.26,760.92,0.0,0.0,,-3003.26
129,17,1.00,4,27.38,36.10,25.30,-2693.67,573.02,0.0,0.0,,-2693.67
129,18,1.00,4,25.92,35.77,25.30,-2000.77,187.21,0.0,0.0,,-2000.77
129,19,1.00,4,23.13,33.35,25.40,0.0,9.81,0.0,0.0,,0.0
129,20,1.00,4,20.91,30.98,24.58,0.0,0.00,0.0,0.0,,0.0
129,21,1.00,4,19.20,28.75,23.51,0.0,0.00,0.0,0.0,,0.0
129,22,1.00,4,17.91,26.72,22.39,0.0,0.00,0.0,0.0,,0.0
129,23,1.00,4,16.62,24.83,21.25,0.0,0.00,0.0,0.0,,0.0
129,24,1.00,4,15.51,23.09,20.12,0.0,0.00,0.0,0.0,,0.0
129,1,2.00,4,14.39,21.45,18.99,0.0,0.00,0.0,0.0,,0.0
129,2,2.00,4,13.21,19.90,17.86,0.0,0.00,0.0,0.0,,0.0
129,3,2.00,4,12.17,18.44,16.75,0.0,0.00,0.0,0.0,,0.0
129,4,2.00,4,10.96,17.02,15.62,0.0,0.00,0.0,-0.0,,0.0
129,5,2.00,4,9.76,15.64,14.48,0.0,0.00,0.0,-0.0,,0.0
129,6,2.00,4,8.68,14.32,13.36,0.0,0.00,0.0,-0.0,,0.0
129,7,2.00,4,7.66,13.06,12.27,0.0,0.02,0.0,-0.0,,0.0
129,8,2.00,4,8.68,14.12,20.30,4266.32,37.42,0.0,0.0,,4266.32
129,9,2.00,4,11.11,15.91,20.30,590.33,262.72,0.0,0.0,,590.33
129,10,2.00,4,14.01,18.45,21.37,0.0,595.84,0.0,0.0,,0.0
129,11,2.00,4,16.55,21.31,23.47,0.0,836.12,0.0,0.0,,0.0
129,12,2.00,4,18.70,24.22,25.30,-369.62,1037.80,0.0,0.0,,-369.62
129,13,2.00,4,21.09,27.03,25.30,-1687.18,1054.04,0.0,0.0,,-1687.18
129,14,2.00,4,22.90,29.46,25.30,-2128.13,1015.97,0.0,0.0,,-2128.13
129,15,2.00,4,24.22,31.51,25.30,-2377.15,935.44,0.0,0.0,,-2377.15
129,16,2.00,4,25.20,33.10,25.30,-2456.23,760.92,0.0,0.0,,-2456.23
129,17,2.00,4,24.32,33.78,25.30,-2136.2,573.02,0.0,0.0,,-2136.2
129,18,2.00,4,22.84,33.29,25.30,-1436.73,187.21,0.0,0.0,,-1436.73
129,19,2.00,4,20.37,30.86,24.77,0.0,9.81,0.0,0.0,,0.0
129,20,2.00,4,18.36,28.49,23.60,0.0,0.00,0.0,0.0,,0.0
129,21,2.00,4,16.92,26.33,22.31,0.0,0.00,0.0,0.0,,0.0
129,22,2.00,4,15.84,24.38,21.05,0.0,0.00,0.0,0.0,,0.0
129,23,2.00,4,14.87,22.61,19.86,0.0,0.00,0.0,0.0,,0.0
129,24,2.00,4,14.19,21.04,18.76,0.0,0.00,0.0,0.0,,0.0
129,1,3.00,4,13.20,19.57,17.68,0.0,0.00,0.0,0.0,,0.0
129,2,3.00,4,12.36,18.21,16.65,0.0,0.00,0.0,0.0,,0.0
129,3,3.00,4,11.61,16.96,15.67,0.0,0.00,0.0,-0.0,,0.0
129,4,3.00,4,11.05,15.84,14.77,0.0,0.00,0.0,-0.0,,0.0
129,5,3.00,4,10.42,14.81,13.92,0.0,0.00,0.0,-0.0,,0.0
129,6,3.00,4,11.01,14.10,13.37,0.0,0.00,0.0,-0.0,,0.0
129,7,3.00,4,11.08,13.52,12.91,0.0,0.02,0.0,-0.0,,0.0
129,8,3.00,4,11.70,15.50,15.00,0.0,37.42,0.0,-0.0,,0.0
129,9,3.00,4,12.85,17.63,17.21,0.0,262.72,0.0,-0.0,,0.0
129,10,3.00,4,14.24,20.13,19.78,0.0,595.84,0.0,0.0,,0.0
129,11,3.00,4,16.06,22.89,22.60,0.0,836.12,0.0,0.0,,0.0
129,12,3.00,4,17.62,25.69,25.45,0.0,1037.80,0.0,0.0,,0.0
129,13,3.00,4,19.08,28.25,28.05,0.0,1054.04,0.0,0.0,,0.0
129,14,3.00,4,19.75,30.33,30.16,0.0,1015.97,0.0,0.0,,0.0
129,15,3.00,4,19.81,31.91,31.78,0.0,935.44,0.0,0.0,,0.0
129,16,3.00,4,19.38,32.92,32.80,0.0,760.92,0.0,0.0,,0.0
129,17,3.00,4,18.87,33.36,33.27,0.0,573.02,0.0,0.0,,0.0
129,18,3.00,4,18.30,32.94,32.86,0.0,187.21,0.0,0.0,,0.0
129,19,3.00,4,17.28,29.88,29.82,0.0,9.81,0.0,0.0,,0.0
129,20,3.00,4,16.42,27.37,27.31,0.0,0.00,0.0,0.0,,0.0
129,21,3.00,4,16.22,25.33,25.28,0.0,0.00,0.0,0.0,,0.0
129,22,3.00,4,15.90,23.60,23.56,0.0,0.00,0.0,0.0,,0.0
129,23,3.00,4,15.84,22.18,22.14,0.0,0.00,0.0,0.0,,0.0
129,24,3.00,4,15.62,20.96,20.93,0.0,0.00,0.0,0.0,,0.0
129,1,4.00,4,15.48,19.93,19.90,0.0,0.00,0.0,0.0,,0.0
129,2,4.00,4,15.24,19.03,19.01,0.0,0.00,0.0,0.0,,0.0
129,3,4.00,4,15.10,18.27,18.25,0.0,0.00,0.0,-0.0,,0.0
129,4,4.00,4,14.89,17.59,17.58,0.0,0.00,0.0,-0.0,,0.0
129,5,4.00,4,14.87,17.04,17.03,0.0,0.00,0.0,-0.0,,0.0
129,6,4.00,4,15.07,16.63,16.62,0.0,0.00,0.0,-0.0,,0.0
129,7,4.00,4,15.02,16.27,16.26,0.0,0.02,0.0,-0.0,,0.0
129,8,4.00,4,15.07,18.33,18.32,0.0,37.42,0.0,-0.0,,0.0
129,9,4.00,4,15.36,20.35,20.35,0.0,262.72,0.0,-0.0,,0.0
129,10,4.00,4,16.63,22.77,22.77,0.0,595.84,0.0,0.0,,0.0
129,11,4.00,4,17.93,25.37,25.36,0.0,836.12,0.0,0.0,,0.0
129,12,4.00,4,18.82,27.91,27.91,0.0,1037.80,0.0,0.0,,0.0
129,13,4.00,4,19.60,30.14,30.14,0.0,1054.04,0.0,0.0,,0.0
129,14,4.00,4,19.96,31.91,31.91,0.0,1015.97,0.0,0.0,,0.0
129,15,4.00,4,20.49,33.35,33.35,0.0,935.44,0.0,0.0,,0.0
129,16,4.00,4,19.61,34.13,34.13,0.0,760.92,0.0,0.0,,0.0
129,17,4.00,4,18.39,34.26,34.25,0.0,573.02,0.0,0.0,,0.0
129,18,4.00,4,17.18,33.46,33.46,0.0,187.21,0.0,0.0,,0.0
129,19,4.00,4,15.38,29.95,29.95,0.0,9.81,0.0,0.0,,0.0
129,20,4.00,4,13.85,26.95,26.95,0.0,0.00,0.0,0.0,,0.0
129,21,4.00,4,12.45,24.29,24.28,0.0,0.00,0.0,0.0,,0.0
129,22,4.00,4,11.20,21.89,21.89,0.0,0.00,0.0,0.0,,0.0
129,23,4.00,4,9.98,19.71,19.71,0.0,0.00,0.0,0.0,,0.0
129,24,4.00,4,8.66,17.68,17.67,0.0,0.00,0.0,0.0,,0.0
129,1,5.00,4,8.28,15.97,15.97,0.0,0.00,0.0,0.0,,0.0
129,2,5.00,4,7.92,14.50,14.50,0.0,0.00,0.0,0.0,,0.0
129,3,5.00,4,7.66,13.25,13.25,0.0,0.00,0.0,0.0,,0.0
129,4,5.00,4,7.66,12.23,12.22,0.0,0.00,0.0,0.0,,0.0
129,5,5.00,4,7.61,11.37,11.37,0.0,0.00,0.0,0.0,,0.0
129,6,5.00,4,7.58,10.65,10.65,0.0,0.00,0.0,-0.0,,0.0
129,7,5.00,4,7.27,10.00,10.00,0.0,0.02,0.0,-0.0,,0.0
129,8,5.00,4,7.00,11.35,20.30,5628.43,37.42,0.0,0.0,,5628.43
129,9,5.00,4,8.19,13.03,20.30,1312.19,262.72,0.0,0.0,,1312.19
129,10,5.00,4,10.52,15.40,20.30,44.03,595.84,0.0,0.0,,44.03
129,11,5.00,4,12.87,18.10,21.73,0.0,836.12,0.0,0.0,,0.0
129,12,5.00,4,14.61,20.81,23.60,0.0,1037.80,0.0,0.0,,0.0
129,13,5.00,4,16.37,23.29,25.30,-106.35,1054.04,0.0,0.0,,-106.35
129,14,5.00,4,17.83,25.42,25.30,-1084.86,1015.97,0.0,0.0,,-1084.86
129,15,5.00,4,19.05,27.22,25.30,-1379.98,935.44,0.0,0.0,,-1379.98
129,16,5.00,4,19.99,28.63,25.30,-1481.45,760.92,0.0,0.0,,-1481.45
129,17,5.00,4,20.58,29.56,25.30,-1424.97,573.02,0.0,0.0,,-1424.97
129,18,5.00,4,19.48,29.31,25.30,-805.28,187.21,0.0,0.0,,-805.28
129,19,5.00,4,17.06,27.00,24.01,0.0,9.81,0.0,0.0,,0.0
129,20,5.00,4,15.24,24.78,22.39,0.0,0.00,0.0,0.0,,0.0
129,21,5.00,4,13.84,22.73,20.77,0.0,0.00,0.0,0.0,,0.0
129,22,5.00,4,12.78,20.88,19.27,0.0,0.00,0.0,0.0,,0.0
129,23,5.00,4,11.76,19.18,17.85,0.0,0.00,0.0,0.0,,0.0
129,24,5.00,4,10.58,17.58,16.47,0.0,0.00,0.0,0.0,,0.0
129,1,6.00,4,9.41,16.04,15.13,0.0,0.00,0.0,0.0,,0.0
129,2,6.00,4,8.23,14.57,13.81,0.0,0.00,0.0,0.0,,0.0
129,3,6.00,4,6.85,13.12,12.49,0.0,0.00,0.0,0.0,,0.0
129,4,6.00,4,5.98,11.78,11.26,0.0,0.00,0.0,-0.0,,0.0
129,5,6.00,4,5.28,10.57,10.14,0.0,0.00,0.0,-0.0,,0.0
129,6,6.00,4,4.34,9.40,9.04,0.0,0.00,0.0,-0.0,,0.0
129,7,6.00,4,3.63,8.32,8.02,0.0,0.02,0.0,-0.0,,0.0
129,8,6.00,4,5.45,9.78,20.30,6758.24,37.42,251.26,0.0,,7009.5
129,9,6.00,4,8.12,11.89,20.30,1484.64,262.72,0.0,0.0,,1484.64
129,10,6.00,4,11.41,14.77,20.36,0.0,595.84,0.0,0.0,,0.0
129,11,6.00,4,15.00,18.16,22.30,0.0,836.12,0.0,0.0,,0.0
129,12,6.00,4,18.76,21.88,25.07,0.0,1037.80,0.0,0.0,,0.0
129,13,6.00,4,21.42,25.30,25.30,-1562.47,1054.04,0.0,0.0,,-1562.47
129,14,6.00,4,23.17,28.17,25.30,-2122.26,1015.97,0.0,0.0,,-2122.26
129,15,6.00,4,24.91,30.67,25.30,-2474.65,935.44,0.0,0.0,,-2474.65
129,16,6.00,4,24.20,32.13,25.30,-2277.48,760.92,0.0,0.0,,-2277.48
129,17,6.00,4,23.34,32.79,25.30,-1959.62,573.02,0.0,0.0,,-1959.62
129,18,6.00,4,21.73,32.26,25.30,-1235.32,187.21,0.0,0.0,,-1235.32
129,19,6.00,4,18.66,29.68,24.39,0.0,9.81,0.0,0.0,,0.0
129,20,6.00,4,16.44,27.19,22.93,0.0,0.00,0.0,0.0,,0.0
129,21,6.00,4,14.72,24.85,21.36,0.0,0.00,0.0,0.0,,0.0
129,22,6.00,4,13.56,22.76,19.88,0.0,0.00,0.0,0.0,,0.0
129,23,6.00,4,12.38,20.84,18.45,0.0,0.00,0.0,0.0,,0.0
129,24,6.00,4,11.18,19.04,17.06,0.0,0.00,0.0,0.0,,0.0
129,1,7.00,4,9.86,17.33,15.69,0.0,0.00,0.0,0.0,,0.0
129,2,7.00,4,8.66,15.71,14.35,0.0,0.00,0.0,0.0,,0.0
129,3,7.00,4,7.20,14.11,12.99,0.0,0.00,0.0,0.0,,0.0
129,4,7.00,4,6.41,12.68,11.75,0.0,0.00,0.0,-0.0,,0.0
129,5,7.00,4,5.87,11.42,10.64,0.0,0.00,0.0,-0.0,,0.0
129,6,7.00,4,4.93,10.20,9.56,0.0,0.00,0.0,-0.0,,0.0
129,7,7.00,4,5.74,9.40,8.87,0.0,0.02,0.0,-0.0,,0.0
129,8,7.00,4,6.89,10.93,20.30,6144.24,37.42,69.36,0.0,,6213.599999999999
129,9,7.00,4,9.00,12.95,20.30,1262.92,262.72,0.0,0.0,,1262.92
129,10,7.00,4,11.40,15.54,20.41,0.0,595.84,0.0,0.0,,0.0
129,11,7.00,4,13.78,18.41,22.02,0.0,836.12,0.0,0.0,,0.0
129,12,7.00,4,15.94,21.36,24.14,0.0,1037.80,0.0,0.0,,0.0
129,13,7.00,4,18.14,24.14,25.30,-631.46,1054.04,0.0,0.0,,-631.46
129,14,7.00,4,20.07,26.59,25.30,-1516.34,1015.97,0.0,0.0,,-1516.34
129,15,7.00,4,21.58,28.71,25.30,-1849.49,935.44,0.0,0.0,,-1849.49
129,16,7.00,4,22.43,30.31,25.30,-1930.46,760.92,0.0,0.0,,-1930.46
129,17,7.00,4,21.61,31.02,25.30,-1629.72,573.02,0.0,0.0,,-1629.72
129,18,7.00,4,20.39,30.62,25.30,-980.59,187.21,0.0,0.0,,-980.59
129,19,7.00,4,17.92,28.22,24.21,0.0,9.81,0.0,0.0,,0.0
129,20,7.00,4,16.10,25.94,22.72,0.0,0.00,0.0,0.0,,0.0
129,21,7.00,4,14.85,23.87,21.23,0.0,0.00,0.0,0.0,,0.0
129,22,7.00,4,13.81,22.00,19.82,0.0,0.00,0.0,0.0,,0.0
129,23,7.00,4,12.68,20.26,18.45,0.0,0.00,0.0,0.0,,0.0
129,24,7.00,4,11.53,18.63,17.13,0.0,0.00,0.0,0.0,,0.0
129,1,1.00,4,10.35,17.07,15.83,0.0,0.00,0.0,0.0,,0.0
129,2,1.00,4,9.23,15.60,14.57,0.0,0.00,0.0,0.0,,0.0
129,3,1.00,4,8.02,14.17,13.32,0.0,0.00,0.0,-0.0,,0.0
129,4,1.00,4,7.20,12.86,12.16,0.0,0.00,0.0,-0.0,,0.0
129,5,1.00,4,6.62,11.70,11.11,0.0,0.00,0.0,-0.0,,0.0
129,6,1.00,4,5.65,10.55,10.07,0.0,0.00,0.0,-0.0,,0.0
129,7,1.00,4,5.04,9.51,9.11,0.0,0.02,0.0,-0.0,,0.0
129,8,1.00,4,6.49,10.92,20.30,6088.72,37.42,0.0,0.0,,6088.72
129,9,1.00,4,9.01,12.96,20.30,1236.96,262.72,0.0,0.0,,1236.96
129,10,1.00,4,11.99,15.72,20.59,0.0,595.84,0.0,0.0,,0.0
129,11,1.00,4,15.00,18.86,22.47,0.0,836.12,0.0,0.0,,0.0
129,12,1.00,4,17.55,22.09,24.87,0.0,1037.80,0.0,0.0,,0.0
129,13,1.00,4,19.87,25.09,25.30,-1234.87,1054.04,0.0,0.0,,-1234.87
129,14,1.00,4,21.95,27.76,25.30,-1899.11,1015.97,0.0,0.0,,-1899.11
129,15,1.00,4,23.84,30.13,25.30,-2276.41,935.44,0.0,0.0,,-2276.41
129,16,1.00,4,25.16,32.04,25.30,-2430.6,760.92,0.0,0.0,,-2430.6
129,17,1.00,4,24.21,32.92,25.30,-2107.26,573.02,0.0,0.0,,-2107.26
129,18,1.00,4,22.65,32.58,25.30,-1399.65,187.21,0.0,0.0,,-1399.65
129,19,1.00,4,19.59,30.09,24.60,0.0,9.81,0.0,0.0,,0.0
129,20,1.00,4,17.57,27.72,23.31,0.0,0.00,0.0,0.0,,0.0
129,21,1.00,4,15.87,25.49,21.88,0.0,0.00,0.0,0.0,,0.0
129,22,1.00,4,14.53,23.44,20.46,0.0,0.00,0.0,0.0,,0.0
129,23,1.00,4,13.22,21.54,19.07,0.0,0.00,0.0,0.0,,0.0
129,24,1.00,4,11.88,19.73,17.69,0.0,0.00,0.0,0.0,,0.0
129,1,2.00,4,10.53,18.01,16.32,0.0,0.00,0.0,0.0,,0.0
129,2,2.00,4,9.32,16.38,14.98,0.0,0.00,0.0,0.0,,0.0
129,3,2.00,4,8.03,14.82,13.65,0.0,0.00,0.0,0.0,,0.0
129,4,2.00,4,7.08,13.37,12.41,0.0,0.00,0.0,-0.0,,0.0
129,5,2.00,4,6.15,12.02,11.22,0.0,0.00,0.0,-0.0,,0.0
129,6,2.00,4,7.24,11.17,10.51,0.0,0.00,0.0,-0.0,,0.0
129,7,2.00,4,8.53,10.72,10.17,0.0,0.02,0.0,-0.0,,0.0
129,8,2.00,4,9.96,12.68,20.30,5057.67,37.42,0.0,0.0,,5057.67
129,9,2.00,4,11.87,14.93,20.30,654.65,262.72,0.0,0.0,,654.65
129,10,2.00,4,15.48,18.04,21.64,0.0,595.84,0.0,0.0,,0.0
129,11,2.00,4,19.07,21.59,24.27,0.0,836.12,0.0,0.0,,0.0
129,12,2.00,4,22.30,25.29,25.30,-1292.99,1037.80,0.0,0.0,,-1292.99
129,13,2.00,4,24.94,28.71,25.30,-2410.52,1054.04,0.0,-17.96,,-2428.48
129,14,2.00,4,27.05,31.69,25.30,-2891.69,1015.97,0.0,0.0,,-2891.69
129,15,2.00,4,28.96,34.31,25.30,-3239.04,935.44,0.0,0.0,,-3239.04
129,16,2.00,4,30.03,36.34,25.30,-3336.96,760.92,0.0,0.0,,-3336.96
129,17,2.00,4,28.75,37.24,25.30,-2949.31,573.02,0.0,0.0,,-2949.31
129,18,2.00,4,26.64,36.77,25.30,-2139.96,187.21,0.0,0.0,,-2139.96
129,19,2.00,4,23.16,34.15,25.43,0.0,9.81,0.0,0.0,,0.0
129,20,2.00,4,20.90,31.62,24.61,0.0,0.00,0.0,0.0,,0.0
129,21,2.00,4,18.75,29.19,23.43,0.0,0.00,0.0,0.0,,0.0
129,22,2.00,4,17.05,26.92,22.16,0.0,0.00,0.0,0.0,,0.0
129,23,2.00,4,15.44,24.77,20.83,0.0,0.00,0.0,0.0,,0.0
129,24,2.00,4,13.97,22.75,19.49,0.0,0.00,0.0,0.0,,0.0
129,1,3.00,4,12.53,20.84,18.14,0.0,0.00,0.0,0.0,,0.0
129,2,3.00,4,11.28,19.06,16.82,0.0,0.00,0.0,0.0,,0.0
129,3,3.00,4,9.83,17.33,15.47,0.0,0.00,0.0,0.0,,0.0
129,4,3.00,4,8.98,15.78,14.24,0.0,0.00,0.0,0.0,,0.0
129,5,3.00,4,8.02,14.33,13.05,0.0,0.00,0.0,-0.0,,0.0
129,6,3.00,4,7.01,12.96,11.90,0.0,0.00,0.0,-0.0,,0.0
129,7,3.00,4,8.10,12.09,11.22,0.0,0.02,0.0,-0.0,,0.0
129,8,3.00,4,9.41,13.97,13.24,0.0,37.42,0.0,-0.0,,0.0
129,9,3.00,4,11.73,16.23,15.62,0.0,262.72,0.0,-0.0,,0.0
129,10,3.00,4,15.07,19.20,18.70,0.0,595.84,0.0,-0.0,,0.0
129,11,3.00,4,18.53,22.62,22.21,0.0,836.12,0.0,0.0,,0.0
129,12,3.00,4,21.63,26.23,25.89,0.0,1037.80,0.0,0.0,,0.0
129,13,3.00,4,24.15,29.62,29.34,0.0,1054.04,0.0,0.0,,0.0
129,14,3.00,4,26.10,32.60,32.37,0.0,1015.97,0.0,0.0,,0.0
129,15,3.00,4,27.80,35.23,35.04,0.0,935.44,0.0,0.0,,0.0
129,16,3.00,4,29.03,37.38,37.22,0.0,760.92,0.0,0.0,,0.0
129,17,3.00,4,27.97,38.60,38.46,0.0,573.02,0.0,0.0,,0.0
129,18,3.00,4,26.04,38.53,38.42,0.0,187.21,0.0,0.0,,0.0
129,19,3.00,4,22.85,35.35,35.25,0.0,9.81,0.0,0.0,,0.0
129,20,3.00,4,20.50,32.49,32.42,0.0,0.00,0.0,0.0,,0.0
129,21,3.00,4,18.54,29.87,29.81,0.0,0.00,0.0,0.0,,0.0
129,22,3.00,4,16.96,27.47,27.41,0.0,0.00,0.0,0.0,,0.0
129,23,3.00,4,15.50,25.24,25.20,0.0,0.00,0.0,0.0,,0.0
129,24,3.00,4,14.19,23.19,23.15,0.0,0.00,0.0,0.0,,0.0
129,1,4.00,4,12.82,21.26,21.23,0.0,0.00,0.0,0.0,,0.0
129,2,4.00,4,11.67,19.48,19.45,0.0,0.00,0.0,0.0,,0.0
129,3,4.00,4,10.42,17.79,17.76,0.0,0.00,0.0,0.0,,0.0
129,4,4.00,4,9.36,16.21,16.19,0.0,0.00,0.0,0.0,,0.0
129,5,4.00,4,8.39,14.75,14.74,0.0,0.00,0.0,0.0,,0.0
129,6,4.00,4,7.48,13.39,13.38,0.0,0.00,0.0,-0.0,,0.0
129,7,4.00,4,6.72,12.14,12.13,0.0,0.02,0.0,-0.0,,0.0
129,8,4.00,4,8.47,13.85,13.84,0.0,37.42,0.0,-0.0,,0.0
129,9,4.00,4,10.48,15.90,15.90,0.0,262.72,0.0,-0.0,,0.0
129,10,4.00,4,14.00,18.76,18.75,0.0,595.84,0.0,-0.0,,0.0
129,11,4.00,4,17.75,22.14,22.13,0.0,836.12,0.0,0.0,,0.0
129,12,4.00,4,21.31,25.80,25.79,0.0,1037.80,0.0,0.0,,0.0
129,13,4.00,4,24.47,29.35,29.34,0.0,1054.04,0.0,0.0,,0.0
129,14,4.00,4,26.80,32.52,32.51,0.0,1015.97,0.0,0.0,,0.0
129,15,4.00,4,28.81,35.35,35.35,0.0,935.44,0.0,0.0,,0.0
129,16,4.00,4,30.48,37.75,37.74,0.0,760.92,0.0,0.0,,0.0
129,17,4.00,4,29.44,39.16,39.15,0.0,573.02,0.0,0.0,,0.0
129,18,4.00,4,27.40,39.22,39.21,0.0,187.21,0.0,0.0,,0.0
129,19,4.00,4,24.31,36.17,36.17,0.0,9.81,0.0,0.0,,0.0
129,20,4.00,4,22.20,33.47,33.47,0.0,0.00,0.0,0.0,,0.0
129,21,4.00,4,19.95,30.91,30.91,0.0,0.00,0.0,0.0,,0.0
129,22,4.00,4,18.15,28.52,28.51,0.0,0.00,0.0,0.0,,0.0
129,23,4.00,4,16.47,26.26,26.26,0.0,0.00,0.0,0.0,,0.0
129,24,4.00,4,15.05,24.17,24.17,0.0,0.00,0.0,0.0,,0.0
129,1,5.00,4,13.71,22.22,22.22,0.0,0.00,0.0,0.0,,0.0
129,2,5.00,4,12.50,20.41,20.41,0.0,0.00,0.0,0.0,,0.0
129,3,5.00,4,11.26,18.70,18.70,0.0,0.00,0.0,0.0,,0.0
129,4,5.00,4,10.30,17.13,17.13,0.0,0.00,0.0,0.0,,0.0
129,5,5.00,4,9.28,15.66,15.66,0.0,0.00,0.0,0.0,,0.0
129,6,5.00,4,8.38,14.30,14.30,0.0,0.00,0.0,0.0,,0.0
129,7,5.00,4,7.35,12.99,12.99,0.0,0.02,0.0,-0.0,,0.0
129,8,5.00,4,8.60,14.06,20.30,3926.69,37.42,0.0,0.0,,3926.69
129,9,5.00,4,11.24,15.90,20.30,495.44,262.72,0.0,0.0,,495.44
129,10,5.00,4,14.09,18.46,21.44,0.0,595.84,0.0,0.0,,0.0
129,11,5.00,4,17.39,21.54,23.77,0.0,836.12,0.0,0.0,,0.0
129,12,5.00,4,20.85,24.95,25.30,-862.67,1037.80,0.0,0.0,,-862.67
129,13,5.00,4,23.67,28.19,25.30,-2162.49,1054.04,0.0,0.0,,-2162.49
129,14,5.00,4,25.99,31.07,25.30,-2688.56,1015.97,0.0,0.0,,-2688.56
129,15,5.00,4,28.04,33.64,25.30,-3065.03,935.44,0.0,0.0,,-3065.03
129,16,5.00,4,27.35,35.14,25.30,-2861.08,760.92,0.0,0.0,,-2861.08
129,17,5.00,4,26.29,35.76,25.30,-2503.89,573.02,0.0,0.0,,-2503.89
129,18,5.00,4,24.43,35.16,25.30,-1735.78,187.21,0.0,0.0,,-1735.78
129,19,5.00,4,21.55,32.58,25.05,0.0,9.81,0.0,0.0,,0.0
129,20,5.00,4,19.23,30.05,23.98,0.0,0.00,0.0,0.0,,0.0
129,21,5.00,4,17.64,27.73,22.74,0.0,0.00,0.0,0.0,,0.0
129,22,5.00,4,16.20,25.58,21.46,0.0,0.00,0.0,0.0,,0.0
129,23,5.00,4,15.00,23.61,20.20,0.0,0.00,0.0,0.0,,0.0
129,24,5.00,4,14.19,21.86,19.04,0.0,0.00,0.0,0.0,,0.0
129,1,6.00,4,13.23,20.25,17.91,0.0,0.00,0.0,0.0,,0.0
129,2,6.00,4,12.41,18.78,16.84,0.0,0.00,0.0,-0.0,,0.0
129,3,6.00,4,11.63,17.44,15.83,0.0,0.00,0.0,-0.0,,0.0
129,4,6.00,4,10.85,16.19,14.86,0.0,0.00,0.0,-0.0,,0.0
129,5,6.00,4,10.02,15.02,13.91,0.0,0.00,0.0,-0.0,,0.0
129,6,6.00,4,9.32,13.93,13.02,0.0,0.00,0.0,-0.0,,0.0
129,7,6.00,4,8.32,12.85,12.10,0.0,0.02,0.0,-0.0,,0.0
129,8,6.00,4,7.30,13.56,20.30,4603.12,37.42,0.0,0.0,,4603.12
129,9,6.00,4,8.82,14.90,20.30,1015.11,262.72,0.0,0.0,,1015.11
129,10,6.00,4,10.66,16.86,20.41,0.0,595.84,0.0,0.0,,0.0
129,11,6.00,4,13.38,19.38,21.99,0.0,836.12,0.0,0.0,,0.0
129,12,6.00,4,16.41,22.27,24.28,0.0,1037.80,0.0,0.0,,0.0
129,13,6.00,4,18.52,24.94,25.30,-758.82,1054.04,0.0,0.0,,-758.82
129,14,6.00,4,19.94,27.17,25.30,-1506.25,1015.97,0.0,0.0,,-1506.25
129,15,6.00,4,20.89,28.97,25.30,-1734.37,935.44,0.0,0.0,,-1734.37
129,16,6.00,4,20.47,30.01,25.30,-1590.23,760.92,0.0,0.0,,-1590.23
129,17,6.00,4,19.97,30.43,25.30,-1336.08,573.02,0.0,0.0,,-1336.08
129,18,6.00,4,19.07,29.90,25.30,-738.27,187.21,0.0,0.0,,-738.27
129,19,6.00,4,17.26,27.56,24.05,0.0,9.81,0.0,0.0,,0.0
129,20,6.00,4,16.13,25.44,22.60,0.0,0.00,0.0,0.0,,0.0
129,21,6.00,4,14.98,23.49,21.16,0.0,0.00,0.0,0.0,,0.0
129,22,6.00,4,14.13,21.75,19.82,0.0,0.00,0.0,0.0,,0.0
129,23,6.00,4,13.39,20.19,18.60,0.0,0.00,0.0,0.0,,0.0
129,24,6.00,4,12.80,18.81,17.49,0.0,0.00,0.0,0.0,,0.0
129,1,7.00,4,12.14,17.56,16.46,0.0,0.00,0.0,-0.0,,0.0
129,2,7.00,4,11.74,16.46,15.55,0.0,0.00,0.0,-0.0,,0.0
129,3,7.00,4,11.40,15.50,14.75,0.0,0.00,0.0,-0.0,,0.0
129,4,7.00,4,11.25,14.68,14.06,0.0,0.00,0.0,-0.0,,0.0
129,5,7.00,4,11.03,13.97,13.46,0.0,0.00,0.0,-0.0,,0.0
129,6,7.00,4,10.79,13.34,12.91,0.0,0.00,0.0,-0.0,,0.0
129,7,7.00,4,10.35,12.74,12.38,0.0,0.02,0.0,-0.0,,0.0
129,8,7.00,4,9.81,14.08,20.30,4078.91,37.42,0.0,0.0,,4078.91
129,9,7.00,4,11.00,15.77,20.30,618.17,262.72,0.0,0.0,,618.17
129,10,7.00,4,12.57,17.93,20.97,0.0,595.84,0.0,0.0,,0.0
129,11,7.00,4,15.36,20.64,22.89,0.0,836.12,0.0,0.0,,0.0
129,12,7.00,4,17.36,23.40,25.14,0.0,1037.80,0.0,0.0,,0.0
129,13,7.00,4,19.15,25.93,25.30,-1244.45,1054.04,0.0,0.0,,-1244.45
129,14,7.00,4,20.42,28.02,25.30,-1658.83,1015.97,0.0,0.0,,-1658.83
129,15,7.00,4,21.22,29.70,25.30,-1826.07,935.44,0.0,0.0,,-1826.07
129,16,7.00,4,21.81,30.93,25.30,-1839.76,760.92,0.0,0.0,,-1839.76
129,17,7.00,4,21.04,31.38,25.30,-1535.21,573.02,0.0,0.0,,-1535.21
129,18,7.00,4,19.66,30.74,25.30,-853.54,187.21,0.0,0.0,,-853.54
129,19,7.00,4,17.14,28.20,24.04,0.0,9.81,0.0,0.0,,0.0
129,20,7.00,4,15.41,25.81,22.45,0.0,0.00,0.0,0.0,,0.0
129,21,7.00,4,14.33,23.69,20.92,0.0,0.00,0.0,0.0,,0.0
129,22,7.00,4,13.37,21.78,19.49,0.0,0.00,0.0,0.0,,0.0
129,23,7.00,4,12.40,20.04,18.15,0.0,0.00,0.0,0.0,,0.0
129,24,7.00,4,11.53,18.45,16.89,0.0,0.00,0.0,0.0,,0.0
129,1,1.00,5,10.73,17.01,15.71,0.0,0.00,0.0,0.0,,0.0
129,2,1.00,5,10.04,15.71,14.63,0.0,0.00,0.0,-0.0,,0.0
129,3,1.00,5,9.35,14.51,13.62,0.0,0.00,0.0,-0.0,,0.0
129,4,1.00,5,8.78,13.43,12.69,0.0,0.00,0.0,-0.0,,0.0
129,5,1.00,5,8.03,12.40,11.79,0.0,0.00,0.0,-0.0,,0.0
129,6,1.00,5,7.79,11.53,11.02,0.0,0.00,0.0,-0.0,,0.0
129,7,1.00,5,6.95,10.64,10.22,0.0,0.00,0.0,-0.0,,0.0
129,8,1.00,5,6.45,11.68,19.71,5243.59,72.58,0.0,0.0,,5243.59
129,9,1.00,5,8.28,13.22,19.71,1196.16,248.92,0.0,0.0,,1196.16
129,10,1.00,5,10.25,15.20,19.71,137.85,465.34,0.0,0.0,,137.85
129,11,1.00,5,13.33,17.79,21.08,0.0,685.10,0.0,0.0,,0.0
129,12,1.00,5,15.97,20.62,23.14,0.0,856.84,0.0,0.0,,0.0
129,13,1.00,5,18.42,23.36,24.71,-393.13,875.89,0.0,0.0,,-393.13
129,14,1.00,5,20.49,25.76,24.71,-1405.02,785.89,0.0,0.0,,-1405.02
129,15,1.00,5,21.99,27.82,24.71,-1746.96,722.53,0.0,0.0,,-1746.96
129,16,1.00,5,22.98,29.41,24.71,-1855.52,566.60,0.0,0.0,,-1855.52
129,17,1.00,5,22.26,30.28,24.71,-1667.25,423.68,0.0,0.0,,-1667.25
129,18,1.00,5,20.66,29.72,24.71,-863.68,0.00,0.0,0.0,,-863.68
129,19,1.00,5,18.02,27.43,23.63,0.0,0.00,0.0,0.0,,0.0
129,20,1.00,5,16.14,25.28,22.23,0.0,0.00,0.0,0.0,,0.0
129,21,1.00,5,15.02,23.35,20.85,0.0,0.00,0.0,0.0,,0.0
129,22,1.00,5,14.04,21.61,19.55,0.0,0.00,0.0,0.0,,0.0
129,23,1.00,5,13.01,20.00,18.29,0.0,0.00,0.0,0.0,,0.0
129,24,1.00,5,12.11,18.52,17.10,0.0,0.00,0.0,0.0,,0.0
129,1,2.00,5,11.25,17.15,15.98,0.0,0.00,0.0,0.0,,0.0
129,2,2.00,5,10.46,15.89,14.92,0.0,0.00,0.0,-0.0,,0.0
129,3,2.00,5,9.77,14.73,13.92,0.0,0.00,0.0,-0.0,,0.0
129,4,2.00,5,9.10,13.66,12.99,0.0,0.00,0.0,-0.0,,0.0
129,5,2.00,5,8.19,12.61,12.05,0.0,0.00,0.0,-0.0,,0.0
129,6,2.00,5,7.44,11.62,11.16,0.0,0.00,0.0,-0.0,,0.0
129,7,2.00,5,6.54,10.64,10.25,0.0,0.00,0.0,-0.0,,0.0
129,8,2.00,5,6.00,11.57,19.71,5295.33,72.58,0.0,0.0,,5295.33
129,9,2.00,5,8.34,13.17,19.71,1181.47,248.92,0.0,0.0,,1181.47
129,10,2.00,5,11.00,15.37,19.71,6.62,465.34,0.0,0.0,,6.62
129,11,2.00,5,14.59,18.23,21.44,0.0,685.10,0.0,0.0,,0.0
129,12,2.00,5,17.58,21.34,23.80,0.0,856.84,0.0,0.0,,0.0
129,13,2.00,5,20.21,24.32,24.71,-970.38,875.89,0.0,0.0,,-970.38
129,14,2.00,5,22.20,26.88,24.71,-1752.83,785.89,0.0,0.0,,-1752.83
129,15,2.00,5,23.63,29.04,24.71,-2064.47,722.53,0.0,0.0,,-2064.47
129,16,2.00,5,23.18,30.32,24.71,-1915.12,566.60,0.0,0.0,,-1915.12
129,17,2.00,5,22.46,31.02,24.71,-1714.96,423.68,0.0,0.0,,-1714.96
129,18,2.00,5,20.89,30.34,24.71,-909.52,0.00,0.0,0.0,,-909.52
129,19,2.00,5,18.52,28.05,23.75,0.0,0.00,0.0,0.0,,0.0
129,20,2.00,5,16.71,25.90,22.43,0.0,0.00,0.0,0.0,,0.0
129,21,2.00,5,15.69,23.99,21.14,0.0,0.00,0.0,0.0,,0.0
129,22,2.00,5,14.80,22.27,19.92,0.0,0.00,0.0,0.0,,0.0
129,23,2.00,5,13.92,20.71,18.76,0.0,0.00,0.0,0.0,,0.0
129,24,2.00,5,13.18,19.29,17.68,0.0,0.00,0.0,0.0,,0.0
129,1,3.00,5,12.44,18.00,16.66,0.0,0.00,0.0,-0.0,,0.0
129,2,3.00,5,11.75,16.81,15.71,0.0,0.00,0.0,-0.0,,0.0
129,3,3.00,5,11.34,15.78,14.86,0.0,0.00,0.0,-0.0,,0.0
129,4,3.00,5,10.85,14.83,14.07,0.0,0.00,0.0,-0.0,,0.0
129,5,3.00,5,10.29,13.95,13.32,0.0,0.00,0.0,-0.0,,0.0
129,6,3.00,5,10.53,13.30,12.77,0.0,0.00,0.0,-0.0,,0.0
129,7,3.00,5,9.75,12.59,12.15,0.0,0.00,0.0,-0.0,,0.0
129,8,3.00,5,9.18,14.24,13.88,0.0,72.58,0.0,-0.0,,0.0
129,9,3.00,5,9.34,15.80,15.50,0.0,248.92,0.0,-0.0,,0.0
129,10,3.00,5,9.81,17.52,17.27,0.0,465.34,0.0,-0.0,,0.0
129,11,3.00,5,10.97,19.50,19.29,0.0,685.10,0.0,0.0,,0.0
129,12,3.00,5,12.30,21.64,21.47,0.0,856.84,0.0,0.0,,0.0
129,13,3.00,5,13.02,23.53,23.39,0.0,875.89,0.0,0.0,,0.0
129,14,3.00,5,13.33,24.96,24.84,0.0,785.89,0.0,0.0,,0.0
129,15,3.00,5,13.28,26.00,25.90,0.0,722.53,0.0,0.0,,0.0
129,16,3.00,5,13.07,26.60,26.52,0.0,566.60,0.0,0.0,,0.0
129,17,3.00,5,12.46,26.85,26.78,0.0,423.68,0.0,0.0,,0.0
129,18,3.00,5,11.41,25.98,25.92,0.0,0.00,0.0,0.0,,0.0
129,19,3.00,5,10.30,22.90,22.85,0.0,0.00,0.0,0.0,,0.0
129,20,3.00,5,9.35,20.38,20.34,0.0,0.00,0.0,0.0,,0.0
129,21,3.00,5,9.18,18.35,18.32,0.0,0.00,0.0,0.0,,0.0
129,22,3.00,5,8.98,16.65,16.63,0.0,0.00,0.0,0.0,,0.0
129,23,3.00,5,8.64,15.19,15.17,0.0,0.00,0.0,0.0,,0.0
129,24,3.00,5,8.34,13.94,13.92,0.0,0.00,0.0,-0.0,,0.0
129,1,4.00,5,8.38,12.91,12.90,0.0,0.00,0.0,-0.0,,0.0
129,2,4.00,5,8.51,12.10,12.09,0.0,0.00,0.0,-0.0,,0.0
129,3,4.00,5,8.49,11.41,11.40,0.0,0.00,0.0,-0.0,,0.0
129,4,4.00,5,9.09,10.97,10.96,0.0,0.00,0.0,-0.0,,0.0
129,5,4.00,5,9.16,10.60,10.60,0.0,0.00,0.0,-0.0,,0.0
129,6,4.00,5,9.37,10.34,10.33,0.0,0.00,0.0,-0.0,,0.0
129,7,4.00,5,9.20,10.07,10.06,0.0,0.00,0.0,-0.0,,0.0
129,8,4.00,5,9.44,12.23,12.23,0.0,72.58,0.0,-0.0,,0.0
129,9,4.00,5,10.06,14.29,14.29,0.0,248.92,0.0,-0.0,,0.0
129,10,4.00,5,11.58,16.62,16.62,0.0,465.34,0.0,-0.0,,0.0
129,11,4.00,5,13.96,19.32,19.32,0.0,685.10,0.0,0.0,,0.0
129,12,4.00,5,16.02,22.17,22.16,0.0,856.84,0.0,0.0,,0.0
129,13,4.00,5,17.67,24.81,24.80,0.0,875.89,0.0,0.0,,0.0
129,14,4.00,5,18.64,26.95,26.94,0.0,785.89,0.0,0.0,,0.0
129,15,4.00,5,19.30,28.70,28.70,0.0,722.53,0.0,0.0,,0.0
129,16,4.00,5,19.66,29.99,29.98,0.0,566.60,0.0,0.0,,0.0
129,17,4.00,5,19.10,30.79,30.78,0.0,423.68,0.0,0.0,,0.0
129,18,4.00,5,17.72,30.29,30.29,0.0,0.00,0.0,0.0,,0.0
129,19,4.00,5,15.74,27.35,27.35,0.0,0.00,0.0,0.0,,0.0
129,20,4.00,5,14.45,24.91,24.90,0.0,0.00,0.0,0.0,,0.0
129,21,4.00,5,14.01,22.90,22.89,0.0,0.00,0.0,0.0,,0.0
129,22,4.00,5,13.56,21.18,21.18,0.0,0.00,0.0,0.0,,0.0
129,23,4.00,5,13.04,19.67,19.67,0.0,0.00,0.0,0.0,,0.0
129,24,4.00,5,12.21,18.28,18.28,0.0,0.00,0.0,0.0,,0.0
129,1,5.00,5,11.72,17.05,17.05,0.0,0.00,0.0,0.0,,0.0
129,2,5.00,5,10.97,15.89,15.89,0.0,0.00,0.0,0.0,,0.0
129,3,5.00,5,10.29,14.82,14.82,0.0,0.00,0.0,0.0,,0.0
129,4,5.00,5,9.86,13.88,13.87,0.0,0.00,0.0,-0.0,,0.0
129,5,5.00,5,9.48,13.03,13.03,0.0,0.00,0.0,-0.0,,0.0
129,6,5.00,5,9.14,12.27,12.27,0.0,0.00,0.0,-0.0,,0.0
129,7,5.00,5,8.50,11.53,11.53,0.0,0.00,0.0,-0.0,,0.0
129,8,5.00,5,8.19,12.78,19.71,4354.74,72.58,0.0,0.0,,4354.74
129,9,5.00,5,8.91,14.15,19.71,969.97,248.92,0.0,0.0,,969.97
129,10,5.00,5,10.40,15.92,19.71,55.32,465.34,0.0,0.0,,55.32
129,11,5.00,5,12.03,17.98,20.77,0.0,685.10,0.0,0.0,,0.0
129,12,5.00,5,13.53,20.15,22.30,0.0,856.84,0.0,0.0,,0.0
129,13,5.00,5,14.79,22.13,23.80,0.0,875.89,0.0,0.0,,0.0
129,14,5.00,5,15.60,23.65,24.71,-164.36,785.89,0.0,0.0,,-164.36
129,15,5.00,5,15.95,24.79,24.71,-606.88,722.53,0.0,0.0,,-606.88
129,16,5.00,5,15.45,25.32,24.71,-477.58,566.60,0.0,0.0,,-477.58
129,17,5.00,5,14.81,25.46,24.71,-303.4,423.68,0.0,0.0,,-303.4
129,18,5.00,5,14.07,24.59,24.14,0.0,0.00,0.0,0.0,,0.0
129,19,5.00,5,12.87,22.41,22.07,0.0,0.00,0.0,0.0,,0.0
129,20,5.00,5,12.17,20.53,20.25,0.0,0.00,0.0,0.0,,0.0
129,21,5.00,5,12.13,18.99,18.77,0.0,0.00,0.0,0.0,,0.0
129,22,5.00,5,11.24,17.55,17.36,0.0,0.00,0.0,0.0,,0.0
129,23,5.00,5,10.45,16.22,16.06,0.0,0.00,0.0,0.0,,0.0
129,24,5.00,5,9.82,15.01,14.88,0.0,0.00,0.0,0.0,,0.0
129,1,6.00,5,10.23,14.13,14.02,0.0,0.00,0.0,0.0,,0.0
129,2,6.00,5,9.67,13.27,13.19,0.0,0.00,0.0,-0.0,,0.0
129,3,6.00,5,12.56,13.19,13.12,0.0,0.00,0.0,-0.0,,0.0
129,4,6.00,5,10.32,12.56,12.50,0.0,0.00,0.0,-0.0,,0.0
129,5,6.00,5,9.82,11.98,11.93,0.0,0.00,0.0,-0.0,,0.0
129,6,6.00,5,10.06,11.59,11.54,0.0,0.00,0.0,-0.0,,0.0
129,7,6.00,5,9.94,11.23,11.19,0.0,0.00,0.0,-0.0,,0.0
129,8,6.00,5,9.49,12.85,19.71,4322.96,72.58,0.0,0.0,,4322.96
129,9,6.00,5,10.15,14.48,19.71,796.01,248.92,0.0,0.0,,796.01
129,10,6.00,5,10.57,16.14,19.71,37.1,465.34,0.0,0.0,,37.1
129,11,6.00,5,12.08,18.14,20.78,0.0,685.10,0.0,0.0,,0.0
129,12,6.00,5,13.38,20.23,22.26,0.0,856.84,0.0,0.0,,0.0
129,13,6.00,5,15.10,22.28,23.87,0.0,875.89,0.0,0.0,,0.0
129,14,6.00,5,16.36,23.97,24.71,-318.12,785.89,0.0,0.0,,-318.12
129,15,6.00,5,17.39,25.39,24.71,-862.45,722.53,0.0,0.0,,-862.45
129,16,6.00,5,18.42,26.53,24.71,-1001.02,566.60,0.0,0.0,,-1001.02
129,17,6.00,5,18.04,27.14,24.71,-882.07,423.68,0.0,0.0,,-882.07
129,18,6.00,5,17.09,26.54,24.71,-196.45,0.00,0.0,0.0,,-196.45
129,19,6.00,5,15.53,24.44,23.04,0.0,0.00,0.0,0.0,,0.0
129,20,6.00,5,14.10,22.49,21.36,0.0,0.00,0.0,0.0,,0.0
129,21,6.00,5,13.06,20.72,19.80,0.0,0.00,0.0,0.0,,0.0
129,22,6.00,5,12.27,19.15,18.38,0.0,0.00,0.0,0.0,,0.0
129,23,6.00,5,11.61,17.74,17.10,0.0,0.00,0.0,-0.0,,0.0
129,24,6.00,5,10.90,16.45,15.93,0.0,0.00,0.0,-0.0,,0.0
129,1,7.00,5,10.13,15.25,14.82,0.0,0.00,0.0,-0.0,,0.0
129,2,7.00,5,9.49,14.16,13.80,0.0,0.00,0.0,-0.0,,0.0
129,3,7.00,5,8.72,13.12,12.82,0.0,0.00,0.0,-0.0,,0.0
129,4,7.00,5,8.16,12.17,11.92,0.0,0.00,0.0,-0.0,,0.0
129,5,7.00,5,7.74,11.32,11.11,0.0,0.00,0.0,-0.0,,0.0
129,6,7.00,5,6.90,10.46,10.29,0.0,0.00,0.0,-0.0,,0.0
129,7,7.00,5,6.46,9.68,9.54,0.0,0.00,0.0,-0.0,,0.0
129,8,7.00,5,5.75,10.78,19.71,5676.09,72.58,11.75,0.0,,5687.84
129,9,7.00,5,7.06,12.22,19.71,1471.03,248.92,0.0,0.0,,1471.03
129,10,7.00,5,10.07,14.43,19.71,203.59,465.34,0.0,0.0,,203.59
129,11,7.00,5,13.26,17.19,21.04,0.0,685.10,0.0,0.0,,0.0
129,12,7.00,5,15.56,20.04,22.99,0.0,856.84,0.0,0.0,,0.0
129,13,7.00,5,17.06,22.56,24.71,-92.85,875.89,0.0,0.0,,-92.85
129,14,7.00,5,18.42,24.63,24.71,-1029.77,785.89,0.0,0.0,,-1029.77
129,15,7.00,5,19.68,26.41,24.71,-1329.18,722.53,0.0,0.0,,-1329.18
129,16,7.00,5,19.05,27.36,24.71,-1155.1,566.60,0.0,0.0,,-1155.1
129,17,7.00,5,18.43,27.84,24.71,-974.05,423.68,0.0,0.0,,-974.05
129,18,7.00,5,17.25,27.10,24.71,-237.48,0.00,0.0,0.0,,-237.48
129,19,7.00,5,15.37,24.87,23.02,0.0,0.00,0.0,0.0,,0.0
129,20,7.00,5,14.21,22.87,21.38,0.0,0.00,0.0,0.0,,0.0
129,21,7.00,5,13.19,21.07,19.84,0.0,0.00,0.0,0.0,,0.0
129,22,7.00,5,12.46,19.46,18.45,0.0,0.00,0.0,0.0,,0.0
129,23,7.00,5,11.70,18.01,17.17,0.0,0.00,0.0,0.0,,0.0
129,24,7.00,5,11.09,16.72,16.02,0.0,0.00,0.0,0.0,,0.0
129,1,1.00,5,10.52,15.55,14.97,0.0,0.00,0.0,0.0,,0.0
129,2,1.00,5,9.90,14.48,14.00,0.0,0.00,0.0,-0.0,,0.0
129,3,1.00,5,9.24,13.47,13.07,0.0,0.00,0.0,-0.0,,0.0
129,4,1.00,5,8.79,12.57,12.24,0.0,0.00,0.0,-0.0,,0.0
129,5,1.00,5,8.37,11.76,11.49,0.0,0.00,0.0,-0.0,,0.0
129,6,1.00,5,8.33,11.10,10.87,0.0,0.00,0.0,-0.0,,0.0
129,7,1.00,5,8.16,10.52,10.33,0.0,0.00,0.0,-0.0,,0.0
129,8,1.00,5,7.47,11.83,19.71,5041.54,72.58,0.0,0.0,,5041.54
129,9,1.00,5,8.04,13.21,19.71,1234.47,248.92,0.0,0.0,,1234.47
129,10,1.00,5,8.84,14.80,19.71,381.0,465.34,0.0,0.0,,381.0
129,11,1.00,5,10.72,16.83,20.36,0.0,685.10,0.0,0.0,,0.0
129,12,1.00,5,12.53,19.05,21.75,0.0,856.84,0.0,0.0,,0.0
129,13,1.00,5,13.72,21.04,23.13,0.0,875.89,0.0,0.0,,0.0
129,14,1.00,5,14.74,22.63,24.27,0.0,785.89,0.0,0.0,,0.0
129,15,1.00,5,15.58,23.94,24.71,-329.9,722.53,0.0,0.0,,-329.9
129,16,1.00,5,15.19,24.61,24.71,-386.0,566.60,0.0,0.0,,-386.0
129,17,1.00,5,14.60,24.87,24.71,-244.19,423.68,0.0,0.0,,-244.19
129,18,1.00,5,13.40,23.95,23.94,0.0,0.00,0.0,0.0,,0.0
129,19,1.00,5,12.47,21.82,21.85,0.0,0.00,0.0,0.0,,0.0
129,20,1.00,5,11.88,19.99,20.02,0.0,0.00,0.0,0.0,,0.0
129,21,1.00,5,10.93,18.31,18.33,0.0,0.00,0.0,0.0,,0.0
129,22,1.00,5,10.14,16.79,16.81,0.0,0.00,0.0,0.0,,0.0
129,23,1.00,5,9.31,15.39,15.41,0.0,0.00,0.0,0.0,,0.0
129,24,1.00,5,8.62,14.12,14.14,0.0,0.00,0.0,0.0,,0.0
129,1,2.00,5,8.66,13.11,13.12,0.0,0.00,0.0,-0.0,,0.0
129,2,2.00,5,8.08,12.16,12.16,0.0,0.00,0.0,-0.0,,0.0
129,3,2.00,5,7.28,11.22,11.22,0.0,0.00,0.0,-0.0,,0.0
129,4,2.00,5,7.14,10.44,10.44,0.0,0.00,0.0,-0.0,,0.0
129,5,2.00,5,6.48,9.67,9.67,0.0,0.00,0.0,-0.0,,0.0
129,6,2.00,5,6.19,8.99,8.99,0.0,0.00,0.0,-0.0,,0.0
129,7,2.00,5,5.69,8.34,8.34,0.0,0.00,0.0,-0.0,,0.0
129,8,2.00,5,7.04,10.14,19.71,6009.57,72.58,0.0,0.0,,6009.57
129,9,2.00,5,8.53,12.07,19.71,1317.72,248.92,0.0,0.0,,1317.72
129,10,2.00,5,11.38,14.59,19.71,13.95,465.34,0.0,0.0,,13.95
129,11,2.00,5,14.45,17.56,21.35,0.0,685.10,0.0,0.0,,0.0
129,12,2.00,5,17.41,20.76,23.68,0.0,856.84,0.0,0.0,,0.0
129,13,2.00,5,19.31,23.63,24.71,-757.48,875.89,0.0,0.0,,-757.48
129,14,2.00,5,21.01,26.05,24.71,-1530.43,785.89,0.0,0.0,,-1530.43
129,15,2.00,5,22.52,28.15,24.71,-1857.2,722.53,0.0,0.0,,-1857.2
129,16,2.00,5,23.86,29.88,24.71,-2019.09,566.60,0.0,0.0,,-2019.09
129,17,2.00,5,24.96,31.33,24.71,-2142.57,423.68,0.0,0.0,,-2142.57
129,18,2.00,5,23.05,31.06,24.71,-1294.03,0.00,0.0,0.0,,-1294.03
129,19,2.00,5,20.35,28.91,24.16,0.0,0.00,0.0,0.0,,0.0
129,20,2.00,5,17.97,26.79,22.98,0.0,0.00,0.0,0.0,,0.0
129,21,2.00,5,16.02,24.73,21.62,0.0,0.00,0.0,0.0,,0.0
129,22,2.00,5,14.20,22.73,20.16,0.0,0.00,0.0,0.0,,0.0
129,23,2.00,5,12.52,20.81,18.68,0.0,0.00,0.0,0.0,,0.0
129,24,2.00,5,11.09,18.98,17.22,0.0,0.00,0.0,0.0,,0.0
129,1,3.00,5,9.68,17.24,15.78,0.0,0.00,0.0,0.0,,0.0
129,2,3.00,5,8.45,15.59,14.38,0.0,0.00,0.0,0.0,,0.0
129,3,3.00,5,7.16,14.01,13.01,0.0,0.00,0.0,0.0,,0.0
129,4,3.00,5,6.26,12.56,11.73,0.0,0.00,0.0,-0.0,,0.0
129,5,3.00,5,5.09,11.16,10.47,0.0,0.00,0.0,-0.0,,0.0
129,6,3.00,5,5.46,10.13,9.55,0.0,0.00,0.0,-0.0,,0.0
129,7,3.00,5,5.54,9.28,8.81,0.0,0.00,0.0,-0.0,,0.0
129,8,3.00,5,5.84,10.98,10.58,0.0,72.58,0.0,-0.0,,0.0
129,9,3.00,5,6.93,12.74,12.42,0.0,248.92,0.0,-0.0,,0.0
129,10,3.00,5,9.11,14.95,14.68,0.0,465.34,0.0,-0.0,,0.0
129,11,3.00,5,11.29,17.49,17.26,0.0,685.10,0.0,0.0,,0.0
129,12,3.00,5,13.71,20.27,20.09,0.0,856.84,0.0,0.0,,0.0
129,13,3.00,5,15.44,22.86,22.71,0.0,875.89,0.0,0.0,,0.0
129,14,3.00,5,16.32,24.94,24.81,0.0,785.89,0.0,0.0,,0.0
129,15,3.00,5,16.00,26.44,26.34,0.0,722.53,0.0,0.0,,0.0
129,16,3.00,5,16.47,27.57,27.48,0.0,566.60,0.0,0.0,,0.0
129,17,3.00,5,16.46,28.36,28.29,0.0,423.68,0.0,0.0,,0.0
129,18,3.00,5,14.69,27.76,27.70,0.0,0.00,0.0,0.0,,0.0
129,19,3.00,5,12.46,24.68,24.63,0.0,0.00,0.0,0.0,,0.0
129,20,3.00,5,11.41,22.19,22.15,0.0,0.00,0.0,0.0,,0.0
129,21,3.00,5,10.61,20.06,20.02,0.0,0.00,0.0,0.0,,0.0
129,22,3.00,5,10.04,18.22,18.19,0.0,0.00,0.0,0.0,,0.0
129,23,3.00,5,9.46,16.62,16.59,0.0,0.00,0.0,0.0,,0.0
129,24,3.00,5,9.17,15.25,15.23,0.0,0.00,0.0,0.0,,0.0
129,1,4.00,5,8.86,14.07,14.05,0.0,0.00,0.0,0.0,,0.0
129,2,4.00,5,8.69,13.06,13.05,0.0,0.00,0.0,0.0,,0.0
129,3,4.00,5,8.62,12.23,12.22,0.0,0.00,0.0,-0.0,,0.0
129,4,4.00,5,8.38,11.49,11.48,0.0,0.00,0.0,-0.0,,0.0
129,5,4.00,5,7.91,10.79,10.78,0.0,0.00,0.0,-0.0,,0.0
129,6,4.00,5,7.95,10.23,10.22,0.0,0.00,0.0,-0.0,,0.0
129,7,4.00,5,7.49,9.67,9.67,0.0,0.00,0.0,-0.0,,0.0
129,8,4.00,5,8.00,11.67,11.67,0.0,72.58,0.0,-0.0,,0.0
129,9,4.00,5,9.32,13.73,13.73,0.0,248.92,0.0,-0.0,,0.0
129,10,4.00,5,10.46,15.96,15.95,0.0,465.34,0.0,-0.0,,0.0
129,11,4.00,5,12.81,18.57,18.57,0.0,685.10,0.0,0.0,,0.0
129,12,4.00,5,14.82,21.34,21.34,0.0,856.84,0.0,0.0,,0.0
129,13,4.00,5,16.70,23.96,23.96,0.0,875.89,0.0,0.0,,0.0
129,14,4.00,5,18.07,26.17,26.17,0.0,785.89,0.0,0.0,,0.0
129,15,4.00,5,17.81,27.77,27.77,0.0,722.53,0.0,0.0,,0.0
129,16,4.00,5,17.45,28.80,28.80,0.0,566.60,0.0,0.0,,0.0
129,17,4.00,5,16.50,29.34,29.34,0.0,423.68,0.0,0.0,,0.0
129,18,4.00,5,15.02,28.63,28.63,0.0,0.00,0.0,0.0,,0.0
129,19,4.00,5,13.62,25.63,25.63,0.0,0.00,0.0,0.0,,0.0
129,20,4.00,5,12.71,23.21,23.21,0.0,0.00,0.0,0.0,,0.0
129,21,4.00,5,12.28,21.20,21.20,0.0,0.00,0.0,0.0,,0.0
129,22,4.00,5,12.00,19.52,19.52,0.0,0.00,0.0,0.0,,0.0
129,23,4.00,5,11.51,18.04,18.04,0.0,0.00,0.0,0.0,,0.0
129,24,4.00,5,11.33,16.80,16.80,0.0,0.00,0.0,0.0,,0.0
129,1,5.00,5,11.25,15.77,15.77,0.0,0.00,0.0,-0.0,,0.0
129,2,5.00,5,11.16,14.90,14.90,0.0,0.00,0.0,-0.0,,0.0
129,3,5.00,5,11.13,14.17,14.17,0.0,0.00,0.0,-0.0,,0.0
129,4,5.00,5,11.41,13.64,13.63,0.0,0.00,0.0,-0.0,,0.0
129,5,5.00,5,10.72,13.03,13.03,0.0,0.00,0.0,-0.0,,0.0
129,6,5.00,5,10.13,12.43,12.43,0.0,0.00,0.0,-0.0,,0.0
129,7,5.00,5,8.86,11.69,11.69,0.0,0.00,0.0,-0.0,,0.0
129,8,5.00,5,7.57,12.71,19.71,4395.94,72.58,0.0,0.0,,4395.94
129,9,5.00,5,7.46,13.72,19.71,1214.45,248.92,0.0,0.0,,1214.45
129,10,5.00,5,9.51,15.41,19.71,213.98,465.34,0.0,0.0,,213.98
129,11,5.00,5,12.43,17.75,20.87,0.0,685.10,0.0,0.0,,0.0
129,12,5.00,5,14.82,20.32,22.71,0.0,856.84,0.0,0.0,,0.0
129,13,5.00,5,16.98,22.80,24.66,0.0,875.89,0.0,0.0,,0.0
129,14,5.00,5,18.72,24.91,24.71,-1047.23,785.89,0.0,0.0,,-1047.23
129,15,5.00,5,20.00,26.71,24.71,-1376.11,722.53,0.0,0.0,,-1376.11
129,16,5.00,5,20.76,28.05,24.71,-1448.56,566.60,0.0,0.0,,-1448.56
129,17,5.00,5,20.00,28.72,24.71,-1253.01,423.68,0.0,0.0,,-1253.01
129,18,5.00,5,18.10,27.93,24.71,-397.29,0.00,0.0,0.0,,-397.29
129,19,5.00,5,15.66,25.57,23.10,0.0,0.00,0.0,0.0,,0.0
129,20,5.00,5,13.76,23.34,21.34,0.0,0.00,0.0,0.0,,0.0
129,21,5.00,5,12.71,21.36,19.72,0.0,0.00,0.0,0.0,,0.0
129,22,5.00,5,11.77,19.58,18.22,0.0,0.00,0.0,0.0,,0.0
129,23,5.00,5,10.71,17.92,16.80,0.0,0.00,0.0,0.0,,0.0
129,24,5.00,5,9.58,16.36,15.43,0.0,0.00,0.0,0.0,,0.0
129,1,6.00,5,8.42,14.87,14.10,0.0,0.00,0.0,0.0,,0.0
129,2,6.00,5,7.32,13.45,12.81,0.0,0.00,0.0,0.0,,0.0
129,3,6.00,5,6.32,12.11,11.58,0.0,0.00,0.0,0.0,,0.0
129,4,6.00,5,5.23,10.81,10.37,0.0,0.00,0.0,0.0,,0.0
129,5,6.00,5,4.08,9.53,9.17,0.0,0.00,0.0,-0.0,,0.0
129,6,6.00,5,5.37,8.80,8.50,0.0,0.00,0.0,-0.0,,0.0
129,7,6.00,5,6.72,8.44,8.19,0.0,0.00,0.0,-0.0,,0.0
129,8,6.00,5,8.42,10.58,19.71,5855.71,72.58,0.0,0.0,,5855.71
129,9,6.00,5,10.41,12.86,19.71,1005.68,248.92,0.0,0.0,,1005.68
129,10,6.00,5,14.09,15.85,20.43,0.0,465.34,0.0,0.0,,0.0
129,11,6.00,5,17.51,19.23,22.64,0.0,685.10,0.0,0.0,,0.0
129,12,6.00,5,20.80,22.82,24.71,-467.45,856.84,0.0,0.0,,-467.45
129,13,6.00,5,23.62,26.23,24.71,-1974.66,875.89,0.0,0.0,,-1974.66
129,14,6.00,5,25.73,29.13,24.71,-2459.33,785.89,0.0,0.0,,-2459.33
129,15,6.00,5,24.91,30.94,24.71,-2347.55,722.53,0.0,0.0,,-2347.55
129,16,6.00,5,24.61,32.09,24.71,-2198.22,566.60,0.0,0.0,,-2198.22
129,17,6.00,5,23.52,32.60,24.71,-1922.12,423.68,0.0,0.0,,-1922.12
129,18,6.00,5,21.36,31.64,24.71,-1007.86,0.00,0.0,0.0,,-1007.86
129,19,6.00,5,18.86,29.19,23.83,0.0,0.00,0.0,0.0,,0.0
129,20,6.00,5,17.21,26.93,22.60,0.0,0.00,0.0,0.0,,0.0
129,21,6.00,5,15.99,24.88,21.32,0.0,0.00,0.0,0.0,,0.0
129,22,6.00,5,14.72,22.98,20.04,0.0,0.00,0.0,0.0,,0.0
129,23,6.00,5,13.56,21.22,18.78,0.0,0.00,0.0,0.0,,0.0
129,24,6.00,5,12.51,19.58,17.57,0.0,0.00,0.0,0.0,,0.0
129,1,7.00,5,11.40,18.04,16.37,0.0,0.00,0.0,0.0,,0.0
129,2,7.00,5,10.53,16.63,15.25,0.0,0.00,0.0,0.0,,0.0
129,3,7.00,5,9.59,15.30,14.15,0.0,0.00,0.0,0.0,,0.0
129,4,7.00,5,9.00,14.11,13.16,0.0,0.00,0.0,-0.0,,0.0
129,5,7.00,5,7.79,12.90,12.11,0.0,0.00,0.0,-0.0,,0.0
129,6,7.00,5,7.20,11.82,11.17,0.0,0.00,0.0,-0.0,,0.0
129,7,7.00,5,6.08,10.72,10.18,0.0,0.00,0.0,-0.0,,0.0
129,8,7.00,5,6.42,11.77,19.71,5250.84,72.58,0.0,0.0,,5250.84
129,9,7.00,5,7.86,13.17,19.71,1267.97,248.92,0.0,0.0,,1267.97
129,10,7.00,5,10.06,15.13,19.71,173.02,465.34,0.0,0.0,,173.02
129,11,7.00,5,12.59,17.54,20.88,0.0,685.10,0.0,0.0,,0.0
129,12,7.00,5,15.14,20.23,22.79,0.0,856.84,0.0,0.0,,0.0
129,13,7.00,5,17.05,22.73,24.71,-7.67,875.89,0.0,0.0,,-7.67
129,14,7.00,5,18.26,24.73,24.71,-988.71,785.89,0.0,0.0,,-988.71
129,15,7.00,5,18.88,26.28,24.71,-1183.39,722.53,0.0,0.0,,-1183.39
129,16,7.00,5,18.07,27.03,24.71,-977.51,566.60,0.0,0.0,,-977.51
129,17,7.00,5,16.92,27.21,24.71,-703.35,423.68,0.0,0.0,,-703.35
129,18,7.00,5,14.98,26.07,24.44,0.0,0.00,0.0,0.0,,0.0
129,19,7.00,5,12.79,23.58,22.27,0.0,0.00,0.0,0.0,,0.0
129,20,7.00,5,11.36,21.31,20.24,0.0,0.00,0.0,0.0,,0.0
129,21,7.00,5,10.54,19.33,18.45,0.0,0.00,0.0,0.0,,0.0
129,22,7.00,5,9.78,17.57,16.84,0.0,0.00,0.0,0.0,,0.0
129,23,7.00,5,9.00,15.99,15.38,0.0,0.00,0.0,0.0,,0.0
129,24,7.00,5,8.27,14.56,14.05,0.0,0.00,0.0,0.0,,0.0
129,1,1.00,5,7.66,13.27,12.86,0.0,0.00,0.0,0.0,,0.0
129,2,1.00,5,7.10,12.12,11.77,0.0,0.00,0.0,0.0,,0.0
129,3,1.00,5,6.54,11.07,10.78,0.0,0.00,0.0,-0.0,,0.0
129,4,1.00,5,6.16,10.14,9.90,0.0,0.00,0.0,-0.0,,0.0
129,5,1.00,5,5.60,9.27,9.07,0.0,0.00,0.0,-0.0,,0.0
129,6,1.00,5,6.06,8.67,8.51,0.0,0.00,0.0,-0.0,,0.0
129,7,1.00,5,6.30,8.21,8.08,0.0,0.00,0.0,-0.0,,0.0
129,8,1.00,5,6.43,9.86,19.71,6251.71,72.58,0.0,0.0,,6251.71
129,9,1.00,5,6.93,11.44,19.71,1625.95,248.92,0.0,0.0,,1625.95
129,10,1.00,5,8.54,13.40,19.71,529.12,465.34,0.0,0.0,,529.12
129,11,1.00,5,10.74,15.76,20.29,0.0,685.10,0.0,0.0,,0.0
129,12,1.00,5,12.52,18.22,21.67,0.0,856.84,0.0,0.0,,0.0
129,13,1.00,5,14.05,20.47,23.16,0.0,875.89,0.0,0.0,,0.0
129,14,1.00,5,15.06,22.25,24.36,0.0,785.89,0.0,0.0,,0.0
129,15,1.00,5,15.55,23.62,24.71,-354.49,722.53,0.0,0.0,,-354.49
129,16,1.00,5,16.00,24.58,24.71,-529.66,566.60,0.0,0.0,,-529.66
129,17,1.00,5,15.47,25.04,24.71,-399.63,423.68,0.0,0.0,,-399.63
129,18,1.00,5,13.90,24.17,24.09,0.0,0.00,0.0,0.0,,0.0
129,19,1.00,5,11.65,21.80,21.78,0.0,0.00,0.0,0.0,,0.0
129,20,1.00,5,10.32,19.66,19.66,0.0,0.00,0.0,0.0,,0.0
129,21,1.00,5,9.54,17.80,17.79,0.0,0.00,0.0,0.0,,0.0
129,22,1.00,5,9.00,16.18,16.18,0.0,0.00,0.0,0.0,,0.0
129,23,1.00,5,8.26,14.71,14.71,0.0,0.00,0.0,0.0,,0.0
129,24,1.00,5,7.55,13.38,13.38,0.0,0.00,0.0,0.0,,0.0
129,1,2.00,5,6.80,12.15,12.15,0.0,0.00,0.0,0.0,,0.0
129,2,2.00,5,6.13,11.01,11.01,0.0,0.00,0.0,-0.0,,0.0
129,3,2.00,5,5.38,9.95,9.95,0.0,0.00,0.0,-0.0,,0.0
129,4,2.00,5,5.04,9.02,9.02,0.0,0.00,0.0,-0.0,,0.0
129,5,2.00,5,4.64,8.19,8.19,0.0,0.00,0.0,-0.0,,0.0
129,6,2.00,5,4.26,7.43,7.43,0.0,0.00,0.0,-0.0,,0.0
129,7,2.00,5,3.95,6.76,6.76,0.0,0.00,0.0,-0.0,,0.0
129,8,2.00,5,5.42,8.57,19.71,7002.56,72.58,0.0,0.0,,7002.56
129,9,2.00,5,7.20,10.57,19.71,1688.56,248.92,0.0,0.0,,1688.56
129,10,2.00,5,9.91,13.10,19.71,340.13,465.34,0.0,0.0,,340.13
129,11,2.00,5,13.04,16.09,20.90,0.0,685.10,0.0,0.0,,0.0
129,12,2.00,5,16.25,19.37,23.06,0.0,856.84,0.0,0.0,,0.0
129,13,2.00,5,18.86,22.49,24.71,-411.68,875.89,0.0,0.0,,-411.68
129,14,2.00,5,20.88,25.16,24.71,-1459.73,785.89,0.0,0.0,,-1459.73
129,15,2.00,5,22.52,27.47,24.71,-1833.71,722.53,0.0,0.0,,-1833.71
129,16,2.00,5,23.99,29.38,24.71,-2029.93,566.60,0.0,0.0,,-2029.93
129,17,2.00,5,23.28,30.47,24.71,-1846.34,423.68,0.0,0.0,,-1846.34
129,18,2.00,5,21.62,30.07,24.71,-1035.34,0.00,0.0,0.0,,-1035.34
129,19,2.00,5,19.35,27.94,23.93,0.0,0.00,0.0,0.0,,0.0
129,20,2.00,5,17.75,25.98,22.77,0.0,0.00,0.0,0.0,,0.0
129,21,2.00,5,16.71,24.22,21.59,0.0,0.00,0.0,0.0,,0.0
129,22,2.00,5,15.69,22.61,20.44,0.0,0.00,0.0,0.0,,0.0
129,23,2.00,5,14.57,21.08,19.29,0.0,0.00,0.0,0.0,,0.0
129,24,2.00,5,13.62,19.67,18.18,0.0,0.00,0.0,0.0,,0.0
129,1,3.00,5,12.84,18.37,17.13,0.0,0.00,0.0,-0.0,,0.0
129,2,3.00,5,12.14,17.18,16.16,0.0,0.00,0.0,-0.0,,0.0
129,3,3.00,5,11.50,16.09,15.24,0.0,0.00,0.0,-0.0,,0.0
129,4,3.00,5,10.68,15.05,14.34,0.0,0.00,0.0,-0.0,,0.0
129,5,3.00,5,9.52,13.97,13.39,0.0,0.00,0.0,-0.0,,0.0
129,6,3.00,5,8.59,12.92,12.44,0.0,0.00,0.0,-0.0,,0.0
129,7,3.00,5,7.52,11.87,11.47,0.0,0.00,0.0,-0.0,,0.0
129,8,3.00,5,6.72,13.21,12.88,0.0,72.58,0.0,-0.0,,0.0
129,9,3.00,5,8.21,14.81,14.54,0.0,248.92,0.0,-0.0,,0.0
129,10,3.00,5,10.13,16.82,16.60,0.0,465.34,0.0,-0.0,,0.0
129,11,3.00,5,12.96,19.34,19.15,0.0,685.10,0.0,0.0,,0.0
129,12,3.00,5,16.25,22.28,22.12,0.0,856.84,0.0,0.0,,0.0
129,13,3.00,5,19.13,25.20,25.07,0.0,875.89,0.0,0.0,,0.0
129,14,3.00,5,21.23,27.77,27.66,0.0,785.89,0.0,0.0,,0.0
129,15,3.00,5,20.55,29.55,29.46,0.0,722.53,0.0,0.0,,0.0
129,16,3.00,5,19.68,30.64,30.56,0.0,566.60,0.0,0.0,,0.0
129,17,3.00,5,19.15,31.32,31.26,0.0,423.68,0.0,0.0,,0.0
129,18,3.00,5,17.71,30.72,30.67,0.0,0.00,0.0,0.0,,0.0
129,19,3.00,5,15.40,27.63,27.59,0.0,0.00,0.0,0.0,,0.0
129,20,3.00,5,14.30,25.11,25.08,0.0,0.00,0.0,0.0,,0.0
129,21,3.00,5,13.23,22.91,22.88,0.0,0.00,0.0,0.0,,0.0
129,22,3.00,5,12.14,20.92,20.89,0.0,0.00,0.0,0.0,,0.0
129,23,3.00,5,11.19,19.11,19.09,0.0,0.00,0.0,0.0,,0.0
129,24,3.00,5,10.80,17.58,17.57,0.0,0.00,0.0,0.0,,0.0
129,1,4.00,5,10.15,16.20,16.19,0.0,0.00,0.0,0.0,,0.0
129,2,4.00,5,9.68,14.98,14.97,0.0,0.00,0.0,-0.0,,0.0
129,3,4.00,5,8.85,13.82,13.81,0.0,0.00,0.0,-0.0,,0.0
129,4,4.00,5,8.42,12.80,12.79,0.0,0.00,0.0,-0.0,,0.0
129,5,4.00,5,7.78,11.84,11.83,0.0,0.00,0.0,-0.0,,0.0
129,6,4.00,5,7.25,10.95,10.95,0.0,0.00,0.0,-0.0,,0.0
129,7,4.00,5,6.29,10.04,10.04,0.0,0.00,0.0,-0.0,,0.0
129,8,4.00,5,5.45,11.48,11.48,0.0,72.58,0.0,-0.0,,0.0
129,9,4.00,5,6.64,13.10,13.10,0.0,248.92,0.0,-0.0,,0.0
129,10,4.00,5,9.12,15.26,15.25,0.0,465.34,0.0,-0.0,,0.0
129,11,4.00,5,11.51,17.78,17.78,0.0,685.10,0.0,0.0,,0.0
129,12,4.00,5,14.50,20.67,20.67,0.0,856.84,0.0,0.0,,0.0
129,13,4.00,5,16.74,23.44,23.44,0.0,875.89,0.0,0.0,,0.0
129,14,4.00,5,18.07,25.74,25.74,0.0,785.89,0.0,0.0,,0.0
129,15,4.00,5,19.22,27.71,27.71,0.0,722.53,0.0,0.0,,0.0
129,16,4.00,5,18.71,28.97,28.97,0.0,566.60,0.0,0.0,,0.0
129,17,4.00,5,17.98,29.74,29.74,0.0,423.68,0.0,0.0,,0.0
129,18,4.00,5,16.09,29.12,29.12,0.0,0.00,0.0,0.0,,0.0
129,19,4.00,5,14.46,26.17,26.17,0.0,0.00,0.0,0.0,,0.0
129,20,4.00,5,13.53,23.79,23.79,0.0,0.00,0.0,0.0,,0.0
129,21,4.00,5,13.46,21.89,21.89,0.0,0.00,0.0,0.0,,0.0
129,22,4.00,5,13.05,20.27,20.27,0.0,0.00,0.0,0.0,,0.0
129,23,4.00,5,12.82,18.89,18.89,0.0,0.00,0.0,0.0,,0.0
129,24,4.00,5,12.57,17.71,17.71,0.0,0.00,0.0,0.0,,0.0
129,1,5.00,5,12.34,16.70,16.70,0.0,0.00,0.0,0.0,,0.0
129,2,5.00,5,12.04,15.81,15.81,0.0,0.00,0.0,-0.0,,0.0
129,3,5.00,5,11.85,15.04,15.04,0.0,0.00,0.0,-0.0,,0.0
129,4,5.00,5,11.28,14.29,14.29,0.0,0.00,0.0,-0.0,,0.0
129,5,5.00,5,10.97,13.63,13.63,0.0,0.00,0.0,-0.0,,0.0
129,6,5.00,5,10.98,13.09,13.09,0.0,0.00,0.0,-0.0,,0.0
129,7,5.00,5,10.64,12.58,12.58,0.0,0.00,0.0,-0.0,,0.0
129,8,5.00,5,10.11,14.02,19.71,3571.02,72.58,0.0,0.0,,3571.02
129,9,5.00,5,10.79,15.53,19.71,559.23,248.92,0.0,0.0,,559.23
129,10,5.00,5,12.42,17.43,20.25,0.0,465.34,0.0,0.0,,0.0
129,11,5.00,5,14.21,19.64,21.73,0.0,685.10,0.0,0.0,,0.0
129,12,5.00,5,16.70,22.19,23.81,0.0,856.84,0.0,0.0,,0.0
129,13,5.00,5,18.04,24.43,24.71,-623.99,875.89,0.0,0.0,,-623.99
129,14,5.00,5,18.76,26.13,24.71,-1158.75,785.89,0.0,0.0,,-1158.75
129,15,5.00,5,19.86,27.61,24.71,-1391.62,722.53,0.0,0.0,,-1391.62
129,16,5.00,5,19.22,28.33,24.71,-1198.31,566.60,0.0,0.0,,-1198.31
129,17,5.00,5,18.34,28.56,24.71,-964.86,423.68,0.0,0.0,,-964.86
129,18,5.00,5,17.12,27.63,24.71,-217.61,0.00,0.0,0.0,,-217.61
129,19,5.00,5,15.87,25.43,23.12,0.0,0.00,0.0,0.0,,0.0
129,20,5.00,5,14.88,23.47,21.58,0.0,0.00,0.0,0.0,,0.0
129,21,5.00,5,14.47,21.80,20.25,0.0,0.00,0.0,0.0,,0.0
129,22,5.00,5,13.59,20.26,18.98,0.0,0.00,0.0,0.0,,0.0
129,23,5.00,5,13.01,18.90,17.84,0.0,0.00,0.0,0.0,,0.0
129,24,5.00,5,12.60,17.72,16.84,0.0,0.00,0.0,-0.0,,0.0
129,1,6.00,5,12.29,16.69,15.96,0.0,0.00,0.0,-0.0,,0.0
129,2,6.00,5,11.70,15.72,15.12,0.0,0.00,0.0,-0.0,,0.0
129,3,6.00,5,11.14,14.83,14.33,0.0,0.00,0.0,-0.0,,0.0
129,4,6.00,5,11.03,14.09,13.68,0.0,0.00,0.0,-0.0,,0.0
129,5,6.00,5,10.80,13.44,13.09,0.0,0.00,0.0,-0.0,,0.0
129,6,6.00,5,10.90,12.93,12.64,0.0,0.00,0.0,-0.0,,0.0
129,7,6.00,5,9.96,12.30,12.07,0.0,0.00,0.0,-0.0,,0.0
129,8,6.00,5,9.25,13.60,19.71,3951.4,72.58,0.0,0.0,,3951.4
129,9,6.00,5,10.28,15.10,19.71,694.95,248.92,0.0,0.0,,694.95
129,10,6.00,5,12.51,17.16,20.23,0.0,465.34,0.0,0.0,,0.0
129,11,6.00,5,14.85,19.60,21.88,0.0,685.10,0.0,0.0,,0.0
129,12,6.00,5,17.10,22.24,24.00,0.0,856.84,0.0,0.0,,0.0
129,13,6.00,5,19.11,24.74,24.71,-886.62,875.89,0.0,0.0,,-886.62
129,14,6.00,5,20.26,26.73,24.71,-1434.83,785.89,0.0,0.0,,-1434.83
129,15,6.00,5,19.42,27.87,24.71,-1332.29,722.53,0.0,-139.65,,-1471.94
129,16,6.00,5,18.69,28.40,24.71,-1114.52,566.60,0.0,0.0,,-1114.52
129,17,6.00,5,17.94,28.53,24.71,-895.73,423.68,0.0,0.0,,-895.73
129,18,6.00,5,17.54,27.74,24.71,-286.08,0.00,0.0,0.0,,-286.08
129,19,6.00,5,16.90,25.73,23.34,0.0,0.00,0.0,0.0,,0.0
129,20,6.00,5,15.70,23.85,21.90,0.0,0.00,0.0,0.0,,0.0
129,21,6.00,5,15.62,22.33,20.73,0.0,0.00,0.0,0.0,,0.0
129,22,6.00,5,15.02,20.95,19.63,0.0,0.00,0.0,0.0,,0.0
129,23,6.00,5,15.06,19.85,18.75,0.0,0.00,0.0,-0.0,,0.0
129,24,6.00,5,15.00,18.93,18.02,0.0,0.00,0.0,-0.0,,0.0
129,1,7.00,5,15.51,18.27,17.52,0.0,0.00,0.0,-0.0,,0.0
129,2,7.00,5,15.19,17.65,17.02,0.0,0.00,0.0,-0.0,,0.0
129,3,7.00,5,15.99,17.31,16.79,0.0,0.00,0.0,-0.0,,0.0
129,4,7.00,5,15.49,16.89,16.46,0.0,0.00,0.0,-0.0,,0.0
129,5,7.00,5,14.95,16.45,16.09,0.0,0.00,0.0,-0.0,,0.0
129,6,7.00,5,15.15,16.14,15.84,0.0,0.00,0.0,-0.0,,0.0
129,7,7.00,5,14.21,15.68,15.44,0.0,0.00,0.0,-0.0,,0.0
129,8,7.00,5,13.54,17.19,19.71,1700.86,72.58,0.0,0.0,,1700.86
129,9,7.00,5,13.45,18.52,19.94,0.0,248.92,0.0,0.0,,0.0
129,10,7.00,5,13.02,19.77,20.76,0.0,465.34,0.0,0.0,,0.0
129,11,7.00,5,13.95,21.34,22.07,0.0,685.10,0.0,0.0,,0.0
129,12,7.00,5,15.65,23.23,23.80,0.0,856.84,0.0,0.0,,0.0
129,13,7.00,5,17.14,25.05,24.71,-500.47,875.89,0.0,0.0,,-500.47
129,14,7.00,5,18.09,26.49,24.71,-1051.98,785.89,0.0,0.0,,-1051.98
129,15,7.00,5,18.89,27.67,24.71,-1224.06,722.53,0.0,0.0,,-1224.06
129,16,7.00,5,18.51,28.24,24.71,-1070.11,566.60,0.0,-298.37,,-1368.48
129,17,7.00,5,18.04,28.45,24.71,-906.22,423.68,0.0,0.0,,-906.22
129,18,7.00,5,17.47,27.67,24.71,-271.43,0.00,0.0,0.0,,-271.43
129,19,7.00,5,16.68,25.62,23.29,0.0,0.00,0.0,0.0,,0.0
129,20,7.00,5,15.91,23.81,21.91,0.0,0.00,0.0,0.0,,0.0
129,21,7.00,5,15.34,22.23,20.67,0.0,0.00,0.0,-0.0,,0.0
129,22,7.00,5,14.61,20.80,19.50,0.0,0.00,0.0,-0.0,,0.0
129,23,7.00,5,13.99,19.51,18.44,0.0,0.00,0.0,-0.0,,0.0
129,24,7.00,5,13.68,18.40,17.52,0.0,0.00,0.0,-0.0,,0.0
129,1,1.00,5,13.44,17.45,16.72,0.0,0.00,0.0,-0.0,,0.0
129,2,1.00,5,13.07,16.60,15.99,0.0,0.00,0.0,-0.0,,0.0
129,3,1.00,5,12.71,15.83,15.33,0.0,0.00,0.0,-0.0,,0.0
129,4,1.00,5,12.47,15.16,14.74,0.0,0.00,0.0,-0.0,,0.0
129,5,1.00,5,11.40,14.39,14.04,0.0,0.00,0.0,-0.0,,0.0
129,6,1.00,5,10.94,13.69,13.40,0.0,0.00,0.0,-0.0,,0.0
129,7,1.00,5,10.25,12.99,12.75,0.0,0.00,0.0,-0.0,,0.0
129,8,1.00,5,10.67,14.50,19.71,3385.81,72.58,0.0,0.0,,3385.81
129,9,1.00,5,11.05,15.94,19.71,493.4,248.92,0.0,0.0,,493.4
129,10,1.00,5,12.02,17.63,20.16,0.0,465.34,0.0,0.0,,0.0
129,11,1.00,5,13.65,19.65,21.53,0.0,685.10,0.0,0.0,,0.0
129,12,1.00,5,16.28,22.12,23.57,0.0,856.84,0.0,0.0,,0.0
129,13,1.00,5,17.89,24.36,24.71,-495.43,875.89,0.0,0.0,,-495.43
129,14,1.00,5,18.88,26.12,24.71,-1160.47,785.89,0.0,0.0,,-1160.47
129,15,1.00,5,19.18,27.41,24.71,-1266.81,722.53,0.0,0.0,,-1266.81
129,16,1.00,5,19.60,28.31,24.71,-1257.63,566.60,0.0,0.0,,-1257.63
129,17,1.00,5,19.21,28.77,24.71,-1112.75,423.68,0.0,0.0,,-1112.75
129,18,1.00,5,17.45,27.84,24.71,-276.48,0.00,0.0,0.0,,-276.48
129,19,1.00,5,15.68,25.54,23.09,0.0,0.00,0.0,0.0,,0.0
129,20,1.00,5,14.54,23.49,21.49,0.0,0.00,0.0,0.0,,0.0
129,21,1.00,5,14.41,21.82,20.17,0.0,0.00,0.0,0.0,,0.0
129,22,1.00,5,13.82,20.33,18.97,0.0,0.00,0.0,0.0,,0.0
129,23,1.00,5,13.24,19.00,17.87,0.0,0.00,0.0,0.0,,0.0
129,24,1.00,5,12.63,17.79,16.86,0.0,0.00,0.0,0.0,,0.0
129,1,2.00,5,12.26,16.74,15.97,0.0,0.00,0.0,0.0,,0.0
129,2,2.00,5,11.79,15.79,15.15,0.0,0.00,0.0,0.0,,0.0
129,3,2.00,5,11.23,14.90,14.37,0.0,0.00,0.0,-0.0,,0.0
129,4,2.00,5,11.16,14.17,13.73,0.0,0.00,0.0,-0.0,,0.0
129,5,2.00,5,10.22,13.38,13.01,0.0,0.00,0.0,-0.0,,0.0
129,6,2.00,5,10.03,12.71,12.41,0.0,0.00,0.0,-0.0,,0.0
129,7,2.00,5,9.07,11.97,11.72,0.0,0.00,0.0,-0.0,,0.0
129,8,2.00,5,8.28,13.11,19.71,4265.21,72.58,0.0,0.0,,4265.21
129,9,2.00,5,9.72,14.62,19.71,821.04,248.92,0.0,0.0,,821.04
129,10,2.00,5,11.85,16.64,20.03,0.0,465.34,0.0,0.0,,0.0
129,11,2.00,5,14.36,19.10,21.61,0.0,685.10,0.0,0.0,,0.0
129,12,2.00,5,17.11,21.88,23.82,0.0,856.84,0.0,0.0,,0.0
129,13,2.00,5,19.00,24.43,24.71,-779.99,875.89,0.0,0.0,,-779.99
129,14,2.00,5,20.60,26.58,24.71,-1474.69,785.89,0.0,0.0,,-1474.69
129,15,2.00,5,22.21,28.51,24.71,-1807.32,722.53,0.0,0.0,,-1807.32
129,16,2.00,5,21.68,29.58,24.71,-1640.74,566.60,0.0,0.0,,-1640.74
129,17,2.00,5,20.98,30.11,24.71,-1443.23,423.68,0.0,0.0,,-1443.23
129,18,2.00,5,19.36,29.31,24.71,-628.66,0.00,0.0,0.0,,-628.66
129,19,2.00,5,17.58,27.06,23.52,0.0,0.00,0.0,0.0,,0.0
129,20,2.00,5,16.37,25.05,22.18,0.0,0.00,0.0,0.0,,0.0
129,21,2.00,5,16.00,23.37,21.01,0.0,0.00,0.0,0.0,,0.0
129,22,2.00,5,15.52,21.90,19.96,0.0,0.00,0.0,0.0,,0.0
129,23,2.00,5,14.94,20.59,18.98,0.0,0.00,0.0,0.0,,0.0
129,24,2.00,5,14.34,19.40,18.06,0.0,0.00,0.0,0.0,,0.0
129,1,3.00,5,13.87,18.34,17.23,0.0,0.00,0.0,0.0,,0.0
129,2,3.00,5,13.21,17.34,16.43,0.0,0.00,0.0,-0.0,,0.0
129,3,3.00,5,12.40,16.37,15.61,0.0,0.00,0.0,-0.0,,0.0
129,4,3.00,5,11.97,15.51,14.88,0.0,0.00,0.0,-0.0,,0.0
129,5,3.00,5,11.35,14.69,14.16,0.0,0.00,0.0,-0.0,,0.0
129,6,3.00,5,10.59,13.87,13.43,0.0,0.00,0.0,-0.0,,0.0
129,7,3.00,5,9.39,12.97,12.61,0.0,0.00,0.0,-0.0,,0.0
129,8,3.00,5,8.42,14.40,14.10,0.0,72.58,0.0,-0.0,,0.0
129,9,3.00,5,7.94,15.66,15.42,0.0,248.92,0.0,-0.0,,0.0
129,10,3.00,5,10.29,17.55,17.35,0.0,465.34,0.0,0.0,,0.0
129,11,3.00,5,12.54,19.85,19.68,0.0,685.10,0.0,0.0,,0.0
129,12,3.00,5,14.93,22.43,22.29,0.0,856.84,0.0,0.0,,0.0
129,13,3.00,5,16.75,24.87,24.76,0.0,875.89,0.0,0.0,,0.0
129,14,3.00,5,18.03,26.91,26.81,0.0,785.89,0.0,0.0,,0.0
129,15,3.00,5,19.03,28.64,28.56,0.0,722.53,0.0,0.0,,0.0
129,16,3.00,5,18.63,29.73,29.66,0.0,566.60,0.0,0.0,,0.0
129,17,3.00,5,18.11,30.40,30.34,0.0,423.68,0.0,0.0,,0.0
129,18,3.00,5,16.75,29.80,29.76,0.0,0.00,0.0,0.0,,0.0
129,19,3.00,5,15.67,26.97,26.93,0.0,0.00,0.0,0.0,,0.0
129,20,3.00,5,15.02,24.72,24.68,0.0,0.00,0.0,0.0,,0.0
129,21,3.00,5,14.55,22.83,22.81,0.0,0.00,0.0,0.0,,0.0
129,22,3.00,5,14.19,21.24,21.21,0.0,0.00,0.0,0.0,,0.0
129,23,3.00,5,13.76,19.85,19.83,0.0,0.00,0.0,0.0,,0.0
129,24,3.00,5,13.64,18.69,18.67,0.0,0.00,0.0,0.0,,0.0
129,1,4.00,5,13.46,17.69,17.68,0.0,0.00,0.0,0.0,,0.0
129,2,4.00,5,13.14,16.81,16.80,0.0,0.00,0.0,-0.0,,0.0
129,3,4.00,5,12.80,16.03,16.02,0.0,0.00,0.0,-0.0,,0.0
129,4,4.00,5,12.89,15.41,15.40,0.0,0.00,0.0,-0.0,,0.0
129,5,4.00,5,12.31,14.77,14.76,0.0,0.00,0.0,-0.0,,0.0
129,6,4.00,5,12.35,14.27,14.26,0.0,0.00,0.0,-0.0,,0.0
129,7,4.00,5,11.71,13.72,13.72,0.0,0.00,0.0,-0.0,,0.0
129,8,4.00,5,11.06,15.49,15.48,0.0,72.58,0.0,-0.0,,0.0
129,9,4.00,5,11.70,17.25,17.25,0.0,248.92,0.0,-0.0,,0.0
129,10,4.00,5,12.80,19.26,19.25,0.0,465.34,0.0,0.0,,0.0
129,11,4.00,5,14.35,21.53,21.52,0.0,685.10,0.0,0.0,,0.0
129,12,4.00,5,16.20,24.00,24.00,0.0,856.84,0.0,0.0,,0.0
129,13,4.00,5,17.20,26.21,26.21,0.0,875.89,0.0,0.0,,0.0
129,14,4.00,5,18.01,27.99,27.98,0.0,785.89,0.0,0.0,,0.0
129,15,4.00,5,18.67,29.45,29.45,0.0,722.53,0.0,0.0,,0.0
129,16,4.00,5,18.48,30.38,30.38,0.0,566.60,0.0,0.0,,0.0
129,17,4.00,5,18.20,30.96,30.96,0.0,423.68,0.0,0.0,,0.0
129,18,4.00,5,17.14,30.35,30.35,0.0,0.00,0.0,0.0,,0.0
129,19,4.00,5,15.97,27.47,27.47,0.0,0.00,0.0,0.0,,0.0
129,20,4.00,5,15.14,25.15,25.14,0.0,0.00,0.0,0.0,,0.0
129,21,4.00,5,14.75,23.23,23.22,0.0,0.00,0.0,0.0,,0.0
129,22,4.00,5,14.35,21.59,21.58,0.0,0.00,0.0,0.0,,0.0
129,23,4.00,5,13.95,20.17,20.17,0.0,0.00,0.0,0.0,,0.0
129,24,4.00,5,13.54,18.92,18.92,0.0,0.00,0.0,0.0,,0.0
129,1,5.00,5,13.23,17.85,17.85,0.0,0.00,0.0,-0.0,,0.0
129,2,5.00,5,12.89,16.89,16.89,0.0,0.00,0.0,-0.0,,0.0
129,3,5.00,5,12.62,16.06,16.06,0.0,0.00,0.0,-0.0,,0.0
129,4,5.00,5,12.27,15.31,15.31,0.0,0.00,0.0,-0.0,,0.0
129,5,5.00,5,11.72,14.59,14.59,0.0,0.00,0.0,-0.0,,0.0
129,6,5.00,5,11.39,13.94,13.94,0.0,0.00,0.0,-0.0,,0.0
129,7,5.00,5,10.61,13.26,13.26,0.0,0.00,0.0,-0.0,,0.0
129,8,5.00,5,9.74,14.43,19.71,3314.34,72.58,0.0,0.0,,3314.34
129,9,5.00,5,10.43,15.76,19.71,560.26,248.92,0.0,0.0,,560.26
129,10,5.00,5,12.14,17.56,20.21,0.0,465.34,0.0,0.0,,0.0
129,11,5.00,5,14.61,19.86,21.84,0.0,685.10,0.0,0.0,,0.0
129,12,5.00,5,17.34,22.53,24.05,0.0,856.84,0.0,0.0,,0.0
129,13,5.00,5,19.11,24.96,24.71,-906.66,875.89,0.0,0.0,,-906.66
129,14,5.00,5,20.26,26.89,24.71,-1436.5,785.89,0.0,0.0,,-1436.5
129,15,5.00,5,21.58,28.59,24.71,-1706.31,722.53,0.0,0.0,,-1706.31
129,16,5.00,5,22.00,29.77,24.71,-1695.56,566.60,0.0,0.0,,-1695.56
129,17,5.00,5,21.01,30.26,24.71,-1448.47,423.68,0.0,0.0,,-1448.47
129,18,5.00,5,19.07,29.34,24.71,-578.17,0.00,0.0,0.0,,-578.17
129,19,5.00,5,17.17,27.02,23.43,0.0,0.00,0.0,0.0,,0.0
129,20,5.00,5,15.55,24.86,21.95,0.0,0.00,0.0,0.0,,0.0
129,21,5.00,5,14.29,22.88,20.49,0.0,0.00,0.0,0.0,,0.0
129,22,5.00,5,12.90,21.01,19.03,0.0,0.00,0.0,0.0,,0.0
129,23,5.00,5,11.90,19.30,17.67,0.0,0.00,0.0,0.0,,0.0
129,24,5.00,5,10.92,17.73,16.38,0.0,0.00,0.0,0.0,,0.0
129,1,6.00,5,9.76,16.23,15.11,0.0,0.00,0.0,0.0,,0.0
129,2,6.00,5,8.79,14.83,13.90,0.0,0.00,0.0,0.0,,0.0
129,3,6.00,5,7.97,13.53,12.76,0.0,0.00,0.0,0.0,,0.0
129,4,6.00,5,7.50,12.40,11.76,0.0,0.00,0.0,0.0,,0.0
129,5,6.00,5,6.74,11.32,10.79,0.0,0.00,0.0,-0.0,,0.0
129,6,6.00,5,6.11,10.33,9.89,0.0,0.00,0.0,-0.0,,0.0
129,7,6.00,5,5.32,9.36,9.00,0.0,0.00,0.0,-0.0,,0.0
129,8,6.00,5,4.49,10.23,19.71,6128.53,72.58,137.63,0.0,,6266.16
129,9,6.00,5,5.93,11.55,19.71,1714.25,248.92,0.0,0.0,,1714.25
129,10,6.00,5,8.61,13.57,19.71,487.58,465.34,0.0,0.0,,487.58
129,11,6.00,5,12.14,16.29,20.69,0.0,685.10,0.0,0.0,,0.0
129,12,6.00,5,15.51,19.39,22.75,0.0,856.84,0.0,0.0,,0.0
129,13,6.00,5,18.39,22.42,24.71,-206.13,875.89,0.0,0.0,,-206.13
129,14,6.00,5,20.56,25.05,24.71,-1381.44,785.89,0.0,0.0,,-1381.44
129,15,6.00,5,22.18,27.31,24.71,-1763.33,722.53,0.0,0.0,,-1763.33
129,16,6.00,5,23.63,29.18,24.71,-1960.01,566.60,0.0,0.0,,-1960.01
129,17,6.00,5,22.71,30.18,24.71,-1742.55,423.68,0.0,0.0,,-1742.55
129,18,6.00,5,20.18,29.47,24.71,-779.27,0.00,0.0,0.0,,-779.27
129,19,6.00,5,17.72,27.17,23.56,0.0,0.00,0.0,0.0,,0.0
129,20,6.00,5,16.08,25.06,22.16,0.0,0.00,0.0,0.0,,0.0
129,21,6.00,5,14.73,23.11,20.73,0.0,0.00,0.0,0.0,,0.0
129,22,6.00,5,13.55,21.31,19.35,0.0,0.00,0.0,0.0,,0.0
129,23,6.00,5,12.32,19.62,18.00,0.0,0.00,0.0,0.0,,0.0
129,24,6.00,5,11.36,18.07,16.72,0.0,0.00,0.0,0.0,,0.0
129,1,7.00,5,10.35,16.61,15.50,0.0,0.00,0.0,0.0,,0.0
129,2,7.00,5,9.42,15.25,14.33,0.0,0.00,0.0,0.0,,0.0
129,3,7.00,5,8.55,13.98,13.22,0.0,0.00,0.0,0.0,,0.0
129,4,7.00,5,7.70,12.79,12.16,0.0,0.00,0.0,-0.0,,0.0
129,5,7.00,5,6.87,11.66,11.14,0.0,0.00,0.0,-0.0,,0.0
129,6,7.00,5,5.98,10.57,10.14,0.0,0.00,0.0,-0.0,,0.0
129,7,7.00,5,5.04,9.51,9.15,0.0,0.00,0.0,-0.0,,0.0
129,8,7.00,5,4.22,10.28,19.71,6096.95,72.58,104.94,0.0,,6201.889999999999
129,9,7.00,5,6.02,11.62,19.71,1684.1,248.92,0.0,0.0,,1684.1
129,10,7.00,5,9.28,13.81,19.71,363.86,465.34,0.0,0.0,,363.86
129,11,7.00,5,13.11,16.71,20.97,0.0,685.10,0.0,0.0,,0.0
129,12,7.00,5,16.60,19.97,23.22,0.0,856.84,0.0,0.0,,0.0
129,13,7.00,5,19.57,23.14,24.71,-603.89,875.89,0.0,0.0,,-603.89
129,14,7.00,5,21.92,25.91,24.71,-1654.56,785.89,0.0,0.0,,-1654.56
129,15,7.00,5,23.81,28.35,24.71,-2068.97,722.53,0.0,0.0,,-2068.97
129,16,7.00,5,23.08,29.74,24.71,-1883.55,566.60,0.0,0.0,,-1883.55
129,17,7.00,5,21.93,30.42,24.71,-1615.53,423.68,0.0,0.0,,-1615.53
129,18,7.00,5,19.62,29.55,24.71,-682.07,0.00,0.0,0.0,,-682.07
129,19,7.00,5,17.66,27.26,23.55,0.0,0.00,0.0,0.0,,0.0
129,20,7.00,5,15.73,25.07,22.07,0.0,0.00,0.0,0.0,,0.0
129,21,7.00,5,14.49,23.08,20.62,0.0,0.00,0.0,0.0,,0.0
129,22,7.00,5,13.63,21.32,19.29,0.0,0.00,0.0,0.0,,0.0
129,23,7.00,5,12.63,19.69,18.01,0.0,0.00,0.0,0.0,,0.0
129,24,7.00,5,11.64,18.17,16.78,0.0,0.00,0.0,0.0,,0.0
129,1,1.00,6,10.69,16.76,15.61,0.0,0.00,0.0,0.0,,0.0
129,2,1.00,6,10.01,15.49,14.53,0.0,0.00,0.0,-0.0,,0.0
129,3,1.00,6,8.83,14.22,13.42,0.0,0.00,0.0,-0.0,,0.0
129,4,1.00,6,8.36,13.11,12.45,0.0,0.00,0.0,-0.0,,0.0
129,5,1.00,6,7.32,11.99,11.45,0.0,0.00,0.0,-0.0,,0.0
129,6,1.00,6,6.60,10.96,10.51,0.0,0.00,0.0,-0.0,,0.0
129,7,1.00,6,5.49,9.90,9.53,0.0,0.00,0.0,-0.0,,0.0
129,8,1.00,6,4.57,10.51,18.60,5262.8,25.04,0.0,0.0,,5262.8
129,9,1.00,6,6.56,11.85,18.60,1332.66,187.44,0.0,0.0,,1332.66
129,10,1.00,6,9.82,13.94,18.60,132.32,334.71,0.0,0.0,,132.32
129,11,1.00,6,13.78,16.78,20.18,0.0,548.80,0.0,0.0,,0.0
129,12,1.00,6,17.39,19.85,22.47,0.0,621.76,0.0,0.0,,0.0
129,13,1.00,6,20.52,22.95,23.60,-871.97,673.61,0.0,0.0,,-871.97
129,14,1.00,6,22.99,25.79,23.60,-1877.3,659.57,0.0,0.0,,-1877.3
129,15,1.00,6,25.00,28.37,23.60,-2346.79,626.17,0.0,-140.39,,-2487.18
129,16,1.00,6,26.67,30.56,23.60,-2611.82,507.86,0.0,-220.29,,-2832.11
129,17,1.00,6,25.36,31.60,23.60,-2272.48,315.85,0.0,0.0,,-2272.48
129,18,1.00,6,22.61,31.09,23.60,-1392.48,0.00,0.0,0.0,,-1392.48
129,19,1.00,6,20.13,28.89,23.23,0.0,0.00,0.0,0.0,,0.0
129,20,1.00,6,18.19,26.82,22.28,0.0,0.00,0.0,0.0,,0.0
129,21,1.00,6,17.09,24.98,21.25,0.0,0.00,0.0,0.0,,0.0
129,22,1.00,6,15.87,23.25,20.17,0.0,0.00,0.0,0.0,,0.0
129,23,1.00,6,14.57,21.60,19.06,0.0,0.00,0.0,0.0,,0.0
129,24,1.00,6,13.34,20.03,17.92,0.0,0.00,0.0,0.0,,0.0
129,1,2.00,6,12.15,18.53,16.79,0.0,0.00,0.0,0.0,,0.0
129,2,2.00,6,11.15,17.13,15.68,0.0,0.00,0.0,-0.0,,0.0
129,3,2.00,6,10.28,15.83,14.63,0.0,0.00,0.0,-0.0,,0.0
129,4,2.00,6,9.68,14.66,13.67,0.0,0.00,0.0,-0.0,,0.0
129,5,2.00,6,8.86,13.55,12.73,0.0,0.00,0.0,-0.0,,0.0
129,6,2.00,6,7.96,12.47,11.79,0.0,0.00,0.0,-0.0,,0.0
129,7,2.00,6,6.58,11.33,10.76,0.0,0.00,0.0,-0.0,,0.0
129,8,2.00,6,4.99,11.67,18.60,4627.56,25.04,0.0,0.0,,4627.56
129,9,2.00,6,6.79,12.79,18.60,1185.91,187.44,0.0,0.0,,1185.91
129,10,2.00,6,10.83,14.93,18.74,0.0,334.71,0.0,0.0,,0.0
129,11,2.00,6,14.88,17.80,20.61,0.0,548.80,0.0,0.0,,0.0
129,12,2.00,6,18.86,21.00,23.16,0.0,621.76,0.0,0.0,,0.0
129,13,2.00,6,22.21,24.23,23.60,-1454.47,673.61,0.0,0.0,,-1454.47
129,14,2.00,6,24.82,27.20,23.60,-2249.69,659.57,0.0,-132.02,,-2381.71
129,15,2.00,6,26.83,29.86,23.60,-2697.84,626.17,0.0,-592.25,,-3290.09
129,16,2.00,6,26.04,31.45,23.60,-2528.15,507.86,0.0,-170.76,,-2698.91
129,17,2.00,6,24.85,32.16,23.60,-2195.24,315.85,0.0,0.0,,-2195.24
129,18,2.00,6,22.30,31.47,23.60,-1339.79,0.00,0.0,0.0,,-1339.79
129,19,2.00,6,20.20,29.25,23.25,0.0,0.00,0.0,0.0,,0.0
129,20,2.00,6,18.32,27.15,22.31,0.0,0.00,0.0,0.0,,0.0
129,21,2.00,6,17.23,25.28,21.30,0.0,0.00,0.0,0.0,,0.0
129,22,2.00,6,15.87,23.49,20.21,0.0,0.00,0.0,0.0,,0.0
129,23,2.00,6,14.58,21.80,19.09,0.0,0.00,0.0,0.0,,0.0
129,24,2.00,6,13.47,20.23,17.98,0.0,0.00,0.0,-0.0,,0.0
129,1,3.00,6,12.41,18.74,16.88,0.0,0.00,0.0,-0.0,,0.0
129,2,3.00,6,11.44,17.36,15.81,0.0,0.00,0.0,-0.0,,0.0
129,3,3.00,6,10.33,16.01,14.73,0.0,0.00,0.0,-0.0,,0.0
129,4,3.00,6,9.62,14.80,13.74,0.0,0.00,0.0,-0.0,,0.0
129,5,3.00,6,8.53,13.59,12.72,0.0,0.00,0.0,-0.0,,0.0
129,6,3.00,6,7.61,12.45,11.72,0.0,0.00,0.0,-0.0,,0.0
129,7,3.00,6,6.50,11.30,10.70,0.0,0.00,0.0,-0.0,,0.0
129,8,3.00,6,5.70,12.41,11.91,0.0,25.04,0.0,-0.0,,0.0
129,9,3.00,6,7.33,13.92,13.50,0.0,187.44,0.0,-0.0,,0.0
129,10,3.00,6,9.80,15.87,15.53,0.0,334.71,0.0,-0.0,,0.0
129,11,3.00,6,12.53,18.27,17.99,0.0,548.80,0.0,-0.0,,0.0
129,12,3.00,6,16.32,21.06,20.82,0.0,621.76,0.0,0.0,,0.0
129,13,3.00,6,19.44,23.92,23.73,0.0,673.61,0.0,0.0,,0.0
129,14,3.00,6,22.19,26.67,26.51,0.0,659.57,0.0,0.0,,0.0
129,15,3.00,6,24.16,29.20,29.07,0.0,626.17,0.0,0.0,,0.0
129,16,3.00,6,23.72,30.95,30.84,0.0,507.86,0.0,0.0,,0.0
129,17,3.00,6,22.66,31.93,31.84,0.0,315.85,0.0,0.0,,0.0
129,18,3.00,6,21.01,31.77,31.70,0.0,0.00,0.0,0.0,,0.0
129,19,3.00,6,19.48,29.22,29.16,0.0,0.00,0.0,0.0,,0.0
129,20,3.00,6,18.48,27.15,27.09,0.0,0.00,0.0,0.0,,0.0
129,21,3.00,6,17.63,25.35,25.30,0.0,0.00,0.0,0.0,,0.0
129,22,3.00,6,16.79,23.73,23.69,0.0,0.00,0.0,0.0,,0.0
129,23,3.00,6,16.38,22.35,22.32,0.0,0.00,0.0,0.0,,0.0
129,24,3.00,6,16.02,21.15,21.12,0.0,0.00,0.0,0.0,,0.0
129,1,4.00,6,15.37,20.03,20.01,0.0,0.00,0.0,0.0,,0.0
129,2,4.00,6,14.87,19.03,19.01,0.0,0.00,0.0,-0.0,,0.0
129,3,4.00,6,14.41,18.13,18.11,0.0,0.00,0.0,-0.0,,0.0
129,4,4.00,6,14.01,17.31,17.30,0.0,0.00,0.0,-0.0,,0.0
129,5,4.00,6,13.10,16.46,16.45,0.0,0.00,0.0,-0.0,,0.0
129,6,4.00,6,12.67,15.70,15.69,0.0,0.00,0.0,-0.0,,0.0
129,7,4.00,6,11.48,14.84,14.83,0.0,0.00,0.0,-0.0,,0.0
129,8,4.00,6,10.63,16.17,16.16,0.0,25.04,0.0,-0.0,,0.0
129,9,4.00,6,9.78,17.34,17.34,0.0,187.44,0.0,-0.0,,0.0
129,10,4.00,6,10.17,18.66,18.65,0.0,334.71,0.0,-0.0,,0.0
129,11,4.00,6,12.87,20.61,20.61,0.0,548.80,0.0,0.0,,0.0
129,12,4.00,6,15.41,22.78,22.78,0.0,621.76,0.0,0.0,,0.0
129,13,4.00,6,16.40,24.73,24.73,0.0,673.61,0.0,0.0,,0.0
129,14,4.00,6,17.26,26.41,26.41,0.0,659.57,0.0,0.0,,0.0
129,15,4.00,6,17.99,27.87,27.86,0.0,626.17,0.0,0.0,,0.0
129,16,4.00,6,17.68,28.81,28.81,0.0,507.86,0.0,0.0,,0.0
129,17,4.00,6,17.13,29.24,29.24,0.0,315.85,0.0,0.0,,0.0
129,18,4.00,6,16.05,28.74,28.73,0.0,0.00,0.0,0.0,,0.0
129,19,4.00,6,14.99,25.97,25.97,0.0,0.00,0.0,0.0,,0.0
129,20,4.00,6,13.87,23.68,23.68,0.0,0.00,0.0,0.0,,0.0
129,21,4.00,6,13.71,21.84,21.84,0.0,0.00,0.0,0.0,,0.0
129,22,4.00,6,13.33,20.27,20.27,0.0,0.00,0.0,0.0,,0.0
129,23,4.00,6,13.27,18.97,18.97,0.0,0.00,0.0,0.0,,0.0
129,24,4.00,6,13.47,17.95,17.95,0.0,0.00,0.0,-0.0,,0.0
129,1,5.00,6,13.50,17.10,17.10,0.0,0.00,0.0,-0.0,,0.0
129,2,5.00,6,13.26,16.35,16.35,0.0,0.00,0.0,-0.0,,0.0
129,3,5.00,6,13.46,15.78,15.78,0.0,0.00,0.0,-0.0,,0.0
129,4,5.00,6,13.14,15.23,15.23,0.0,0.00,0.0,-0.0,,0.0
129,5,5.00,6,12.62,14.67,14.67,0.0,0.00,0.0,-0.0,,0.0
129,6,5.00,6,12.88,14.29,14.29,0.0,0.00,0.0,-0.0,,0.0
129,7,5.00,6,12.33,13.85,13.85,0.0,0.00,0.0,-0.0,,0.0
129,8,5.00,6,11.47,15.15,18.60,2168.45,25.04,0.0,0.0,,2168.45
129,9,5.00,6,10.84,16.25,18.60,217.66,187.44,0.0,0.0,,217.66
129,10,5.00,6,11.32,17.51,19.11,0.0,334.71,0.0,0.0,,0.0
129,11,5.00,6,12.13,18.98,20.18,0.0,548.80,0.0,0.0,,0.0
129,12,5.00,6,13.02,20.44,21.36,0.0,621.76,0.0,0.0,,0.0
129,13,5.00,6,13.95,21.82,22.54,0.0,673.61,0.0,0.0,,0.0
129,14,5.00,6,14.36,22.90,23.47,0.0,659.57,0.0,0.0,,0.0
129,15,5.00,6,14.26,23.65,23.60,-313.5,626.17,0.0,0.0,,-313.5
129,16,5.00,6,14.18,24.06,23.60,-329.51,507.86,0.0,0.0,,-329.51
129,17,5.00,6,14.05,24.14,23.60,-193.71,315.85,0.0,0.0,,-193.71
129,18,5.00,6,13.62,23.47,23.15,0.0,0.00,0.0,0.0,,0.0
129,19,5.00,6,13.35,21.60,21.35,0.0,0.00,0.0,0.0,,0.0
129,20,5.00,6,12.48,19.90,19.69,0.0,0.00,0.0,0.0,,0.0
129,21,5.00,6,12.16,18.46,18.29,0.0,0.00,0.0,0.0,,0.0
129,22,5.00,6,11.84,17.22,17.08,0.0,0.00,0.0,-0.0,,0.0
129,23,5.00,6,11.71,16.19,16.07,0.0,0.00,0.0,-0.0,,0.0
129,24,5.00,6,11.38,15.27,15.17,0.0,0.00,0.0,-0.0,,0.0
129,1,6.00,6,11.25,14.49,14.41,0.0,0.00,0.0,-0.0,,0.0
129,2,6.00,6,11.10,13.82,13.75,0.0,0.00,0.0,-0.0,,0.0
129,3,6.00,6,11.18,13.29,13.23,0.0,0.00,0.0,-0.0,,0.0
129,4,6.00,6,10.97,12.81,12.76,0.0,0.00,0.0,-0.0,,0.0
129,5,6.00,6,10.41,12.29,12.25,0.0,0.00,0.0,-0.0,,0.0
129,6,6.00,6,10.02,11.80,11.77,0.0,0.00,0.0,-0.0,,0.0
129,7,6.00,6,9.41,11.29,11.26,0.0,0.00,0.0,-0.0,,0.0
129,8,6.00,6,8.87,12.60,18.60,3785.07,25.04,0.0,0.0,,3785.07
129,9,6.00,6,8.68,13.82,18.60,820.24,187.44,0.0,0.0,,820.24
129,10,6.00,6,9.78,15.32,18.60,60.16,334.71,0.0,0.0,,60.16
129,11,6.00,6,11.81,17.28,19.70,0.0,548.80,0.0,0.0,,0.0
129,12,6.00,6,13.32,19.22,21.08,0.0,621.76,0.0,0.0,,0.0
129,13,6.00,6,14.79,21.09,22.54,0.0,673.61,0.0,0.0,,0.0
129,14,6.00,6,15.83,22.69,23.60,-145.05,659.57,0.0,0.0,,-145.05
129,15,6.00,6,16.27,23.96,23.60,-703.2,626.17,0.0,0.0,,-703.2
129,16,6.00,6,16.69,24.87,23.60,-777.18,507.86,0.0,0.0,,-777.18
129,17,6.00,6,16.06,25.18,23.60,-561.05,315.85,0.0,0.0,,-561.05
129,18,6.00,6,14.24,24.33,23.35,0.0,0.00,0.0,0.0,,0.0
129,19,6.00,6,12.63,22.12,21.34,0.0,0.00,0.0,0.0,,0.0
129,20,6.00,6,11.10,20.05,19.42,0.0,0.00,0.0,0.0,,0.0
129,21,6.00,6,10.28,18.24,17.72,0.0,0.00,0.0,0.0,,0.0
129,22,6.00,6,9.59,16.63,16.21,0.0,0.00,0.0,0.0,,0.0
129,23,6.00,6,8.85,15.18,14.83,0.0,0.00,0.0,0.0,,0.0
129,24,6.00,6,7.99,13.83,13.54,0.0,0.00,0.0,0.0,,0.0
129,1,7.00,6,7.32,12.61,12.37,0.0,0.00,0.0,0.0,,0.0
129,2,7.00,6,6.63,11.48,11.28,0.0,0.00,0.0,-0.0,,0.0
129,3,7.00,6,5.85,10.40,10.24,0.0,0.00,0.0,-0.0,,0.0
129,4,7.00,6,5.44,9.46,9.32,0.0,0.00,0.0,-0.0,,0.0
129,5,7.00,6,4.56,8.51,8.40,0.0,0.00,0.0,-0.0,,0.0
129,6,7.00,6,3.74,7.59,7.50,0.0,0.00,0.0,-0.0,,0.0
129,7,7.00,6,2.84,6.67,6.59,0.0,0.00,0.0,-0.0,,0.0
129,8,7.00,6,1.90,7.42,18.60,7063.8,25.04,251.26,0.0,,7315.06
129,9,7.00,6,3.16,8.66,18.60,2187.1,187.44,0.0,0.0,,2187.1
129,10,7.00,6,4.67,10.22,18.60,1160.6,334.71,0.0,0.0,,1160.6
129,11,7.00,6,6.97,12.28,18.60,271.26,548.80,0.0,0.0,,271.26
129,12,7.00,6,9.98,14.68,19.39,0.0,621.76,0.0,0.0,,0.0
129,13,7.00,6,12.14,17.03,20.66,0.0,673.61,0.0,0.0,,0.0
129,14,7.00,6,13.96,19.17,22.01,0.0,659.57,0.0,0.0,,0.0
129,15,7.00,6,15.71,21.17,23.39,0.0,626.17,0.0,0.0,,0.0
129,16,7.00,6,15.31,22.36,23.60,-321.91,507.86,0.0,0.0,,-321.91
129,17,7.00,6,14.62,22.89,23.60,-231.43,315.85,0.0,0.0,,-231.43
129,18,7.00,6,13.20,22.33,22.99,0.0,0.00,0.0,0.0,,0.0
129,19,7.00,6,12.10,20.38,20.96,0.0,0.00,0.0,0.0,,0.0
129,20,7.00,6,11.40,18.69,19.19,0.0,0.00,0.0,0.0,,0.0
129,21,7.00,6,10.76,17.21,17.63,0.0,0.00,0.0,0.0,,0.0
129,22,7.00,6,10.17,15.89,16.23,0.0,0.00,0.0,0.0,,0.0
129,23,7.00,6,9.88,14.76,15.05,0.0,0.00,0.0,0.0,,0.0
129,24,7.00,6,9.43,13.75,13.98,0.0,0.00,0.0,0.0,,0.0
129,1,1.00,6,8.94,12.82,13.02,0.0,0.00,0.0,0.0,,0.0
129,2,1.00,6,8.58,12.00,12.16,0.0,0.00,0.0,-0.0,,0.0
129,3,1.00,6,8.07,11.23,11.36,0.0,0.00,0.0,-0.0,,0.0
129,4,1.00,6,7.73,10.54,10.65,0.0,0.00,0.0,-0.0,,0.0
129,5,1.00,6,6.91,9.81,9.90,0.0,0.00,0.0,-0.0,,0.0
129,6,1.00,6,6.39,9.12,9.20,0.0,0.00,0.0,-0.0,,0.0
129,7,1.00,6,5.59,8.41,8.47,0.0,0.00,0.0,-0.0,,0.0
129,8,1.00,6,4.85,9.45,18.60,5720.69,25.04,0.0,0.0,,5720.69
129,9,1.00,6,4.49,10.44,18.60,1790.72,187.44,0.0,0.0,,1790.72
129,10,1.00,6,6.67,12.07,18.60,731.86,334.71,0.0,0.0,,731.86
129,11,1.00,6,9.50,14.30,18.94,0.0,548.80,0.0,0.0,,0.0
129,12,1.00,6,12.48,16.81,20.33,0.0,621.76,0.0,0.0,,0.0
129,13,1.00,6,14.65,19.24,21.97,0.0,673.61,0.0,0.0,,0.0
129,14,1.00,6,16.15,21.35,23.49,0.0,659.57,0.0,0.0,,0.0
129,15,1.00,6,15.59,22.70,23.60,-493.26,626.17,0.0,0.0,,-493.26
129,16,1.00,6,15.11,23.48,23.60,-472.96,507.86,0.0,0.0,,-472.96
129,17,1.00,6,14.55,23.75,23.60,-277.42,315.85,0.0,0.0,,-277.42
129,18,1.00,6,13.44,23.08,23.10,0.0,0.00,0.0,0.0,,0.0
129,19,1.00,6,12.04,20.99,21.04,0.0,0.00,0.0,0.0,,0.0
129,20,1.00,6,11.04,19.13,19.18,0.0,0.00,0.0,0.0,,0.0
129,21,1.00,6,10.66,17.56,17.61,0.0,0.00,0.0,0.0,,0.0
129,22,1.00,6,10.31,16.22,16.25,0.0,0.00,0.0,0.0,,0.0
129,23,1.00,6,10.05,15.06,15.10,0.0,0.00,0.0,0.0,,0.0
129,24,1.00,6,9.92,14.10,14.12,0.0,0.00,0.0,-0.0,,0.0
129,1,2.00,6,9.84,13.28,13.30,0.0,0.00,0.0,-0.0,,0.0
129,2,2.00,6,9.64,12.57,12.59,0.0,0.00,0.0,-0.0,,0.0
129,3,2.00,6,9.26,11.91,11.93,0.0,0.00,0.0,-0.0,,0.0
129,4,2.00,6,9.23,11.37,11.38,0.0,0.00,0.0,-0.0,,0.0
129,5,2.00,6,8.36,10.74,10.75,0.0,0.00,0.0,-0.0,,0.0
129,6,2.00,6,8.56,10.29,10.30,0.0,0.00,0.0,-0.0,,0.0
129,7,2.00,6,8.02,9.81,9.81,0.0,0.00,0.0,-0.0,,0.0
129,8,2.00,6,6.98,11.01,18.60,4769.12,25.04,0.0,0.0,,4769.12
129,9,2.00,6,6.51,12.09,18.60,1328.89,187.44,0.0,0.0,,1328.89
129,10,2.00,6,5.94,13.03,18.60,795.53,334.71,0.0,0.0,,795.53
129,11,2.00,6,7.13,14.42,18.60,169.26,548.80,0.0,0.0,,169.26
129,12,2.00,6,8.96,16.04,19.16,0.0,621.76,0.0,0.0,,0.0
129,13,2.00,6,11.05,17.85,20.25,0.0,673.61,0.0,0.0,,0.0
129,14,2.00,6,12.43,19.45,21.33,0.0,659.57,0.0,0.0,,0.0
129,15,2.00,6,13.21,20.79,22.26,0.0,626.17,0.0,0.0,,0.0
129,16,2.00,6,14.17,21.89,23.05,0.0,507.86,0.0,0.0,,0.0
129,17,2.00,6,14.13,22.47,23.38,0.0,315.85,0.0,0.0,,0.0
129,18,2.00,6,13.19,22.05,22.76,0.0,0.00,0.0,0.0,,0.0
129,19,2.00,6,12.67,20.26,20.87,0.0,0.00,0.0,0.0,,0.0
129,20,2.00,6,12.27,18.77,19.28,0.0,0.00,0.0,0.0,,0.0
129,21,2.00,6,12.24,17.55,17.97,0.0,0.00,0.0,-0.0,,0.0
129,22,2.00,6,11.99,16.50,16.85,0.0,0.00,0.0,-0.0,,0.0
129,23,2.00,6,12.07,15.65,15.95,0.0,0.00,0.0,-0.0,,0.0
129,24,2.00,6,12.00,14.94,15.18,0.0,0.00,0.0,-0.0,,0.0
129,1,3.00,6,12.07,14.37,14.57,0.0,0.00,0.0,-0.0,,0.0
129,2,3.00,6,12.02,13.88,14.05,0.0,0.00,0.0,-0.0,,0.0
129,3,3.00,6,12.71,13.62,13.76,0.0,0.00,0.0,-0.0,,0.0
129,4,3.00,6,12.04,13.25,13.36,0.0,0.00,0.0,-0.0,,0.0
129,5,3.00,6,11.36,12.81,12.90,0.0,0.00,0.0,-0.0,,0.0
129,6,3.00,6,11.59,12.52,12.60,0.0,0.00,0.0,-0.0,,0.0
129,7,3.00,6,10.39,12.03,12.09,0.0,0.00,0.0,-0.0,,0.0
129,8,3.00,6,8.99,13.54,13.59,0.0,25.04,0.0,-0.0,,0.0
129,9,3.00,6,9.26,15.12,15.16,0.0,187.44,0.0,-0.0,,0.0
129,10,3.00,6,10.15,16.84,16.87,0.0,334.71,0.0,-0.0,,0.0
129,11,3.00,6,11.80,18.89,18.92,0.0,548.80,0.0,-0.0,,0.0
129,12,3.00,6,13.18,20.92,20.94,0.0,621.76,0.0,0.0,,0.0
129,13,3.00,6,14.27,22.82,22.84,0.0,673.61,0.0,0.0,,0.0
129,14,3.00,6,14.91,24.41,24.43,0.0,659.57,0.0,0.0,,0.0
129,15,3.00,6,14.89,25.65,25.67,0.0,626.17,0.0,0.0,,0.0
129,16,3.00,6,15.19,26.57,26.58,0.0,507.86,0.0,0.0,,0.0
129,17,3.00,6,14.78,27.00,27.01,0.0,315.85,0.0,0.0,,0.0
129,18,3.00,6,13.44,26.42,26.43,0.0,0.00,0.0,0.0,,0.0
129,19,3.00,6,12.35,23.61,23.61,0.0,0.00,0.0,0.0,,0.0
129,20,3.00,6,11.53,21.33,21.34,0.0,0.00,0.0,0.0,,0.0
129,21,3.00,6,10.76,19.38,19.38,0.0,0.00,0.0,0.0,,0.0
129,22,3.00,6,9.92,17.62,17.63,0.0,0.00,0.0,0.0,,0.0
129,23,3.00,6,9.21,16.06,16.07,0.0,0.00,0.0,0.0,,0.0
129,24,3.00,6,8.44,14.64,14.64,0.0,0.00,0.0,0.0,,0.0
129,1,4.00,6,7.91,13.38,13.38,0.0,0.00,0.0,-0.0,,0.0
129,2,4.00,6,7.19,12.21,12.21,0.0,0.00,0.0,-0.0,,0.0
129,3,4.00,6,6.75,11.18,11.18,0.0,0.00,0.0,-0.0,,0.0
129,4,4.00,6,5.87,10.16,10.16,0.0,0.00,0.0,-0.0,,0.0
129,5,4.00,6,4.96,9.15,9.15,0.0,0.00,0.0,-0.0,,0.0
129,6,4.00,6,4.59,8.28,8.28,0.0,0.00,0.0,-0.0,,0.0
129,7,4.00,6,3.78,7.41,7.41,0.0,0.00,0.0,-0.0,,0.0
129,8,4.00,6,3.35,8.80,8.80,0.0,25.04,0.0,-0.0,,0.0
129,9,4.00,6,2.71,10.06,10.06,0.0,187.44,0.0,-0.0,,0.0
129,10,4.00,6,4.97,11.82,11.82,0.0,334.71,0.0,-0.0,,0.0
129,11,4.00,6,7.79,14.11,14.11,0.0,548.80,0.0,-0.0,,0.0
129,12,4.00,6,10.74,16.63,16.63,0.0,621.76,0.0,0.0,,0.0
129,13,4.00,6,13.39,19.20,19.20,0.0,673.61,0.0,0.0,,0.0
129,14,4.00,6,15.67,21.63,21.63,0.0,659.57,0.0,0.0,,0.0
129,15,4.00,6,17.68,23.93,23.93,0.0,626.17,0.0,0.0,,0.0
129,16,4.00,6,19.43,25.94,25.94,0.0,507.86,0.0,0.0,,0.0
129,17,4.00,6,20.82,27.59,27.59,0.0,315.85,0.0,0.0,,0.0
129,18,4.00,6,17.97,27.64,27.64,0.0,0.00,0.0,0.0,,0.0
129,19,4.00,6,15.31,25.04,25.04,0.0,0.00,0.0,0.0,,0.0
129,20,4.00,6,12.91,22.67,22.67,0.0,0.00,0.0,0.0,,0.0
129,21,4.00,6,11.26,20.51,20.51,0.0,0.00,0.0,0.0,,0.0
129,22,4.00,6,9.17,18.37,18.37,0.0,0.00,0.0,0.0,,0.0
129,23,4.00,6,7.37,16.31,16.31,0.0,0.00,0.0,0.0,,0.0
129,24,4.00,6,5.47,14.28,14.28,0.0,0.00,0.0,0.0,,0.0
129,1,5.00,6,6.25,12.84,12.84,0.0,0.00,0.0,0.0,,0.0
129,2,5.00,6,5.44,11.47,11.47,0.0,0.00,0.0,0.0,,0.0
129,3,5.00,6,4.79,10.23,10.23,0.0,0.00,0.0,-0.0,,0.0
129,4,5.00,6,3.98,9.05,9.05,0.0,0.00,0.0,-0.0,,0.0
129,5,5.00,6,2.98,7.90,7.90,0.0,0.00,0.0,-0.0,,0.0
129,6,5.00,6,2.38,6.86,6.86,0.0,0.00,0.0,-0.0,,0.0
129,7,5.00,6,1.89,5.92,5.92,0.0,0.00,0.0,-0.0,,0.0
129,8,5.00,6,1.09,6.66,18.60,7501.7,25.04,185.94,0.0,,7687.639999999999
129,9,5.00,6,2.77,8.01,18.60,2311.81,187.44,0.0,0.0,,2311.81
129,10,5.00,6,5.31,9.92,18.60,1079.8,334.71,0.0,0.0,,1079.8
129,11,5.00,6,8.82,12.52,18.66,0.0,548.80,0.0,0.0,,0.0
129,12,5.00,6,11.88,15.30,19.95,0.0,621.76,0.0,0.0,,0.0
129,13,5.00,6,14.61,18.08,21.69,0.0,673.61,0.0,0.0,,0.0
129,14,5.00,6,16.99,20.68,23.51,0.0,659.57,0.0,0.0,,0.0
129,15,5.00,6,18.72,23.00,23.60,-1018.37,626.17,0.0,0.0,,-1018.37
129,16,5.00,6,20.03,24.91,23.60,-1330.0,507.86,0.0,0.0,,-1330.0
129,17,5.00,6,19.10,25.85,23.60,-1092.39,315.85,0.0,0.0,,-1092.39
129,18,5.00,6,16.00,25.15,23.60,-167.32,0.00,0.0,0.0,,-167.32
129,19,5.00,6,13.42,22.84,21.70,0.0,0.00,0.0,0.0,,0.0
129,20,5.00,6,11.32,20.64,19.74,0.0,0.00,0.0,0.0,,0.0
129,21,5.00,6,9.56,18.55,17.81,0.0,0.00,0.0,0.0,,0.0
129,22,5.00,6,7.87,16.55,15.94,0.0,0.00,0.0,0.0,,0.0
129,23,5.00,6,6.59,14.69,14.19,0.0,0.00,0.0,0.0,,0.0
129,24,5.00,6,5.52,12.99,12.57,0.0,0.00,0.0,0.0,,0.0
129,1,6.00,6,4.29,11.37,11.02,0.0,0.00,0.0,0.0,,0.0
129,2,6.00,6,3.26,9.86,9.57,0.0,0.00,0.0,0.0,,0.0
129,3,6.00,6,2.46,8.48,8.24,0.0,0.00,0.0,-0.0,,0.0
129,4,6.00,6,3.04,7.50,7.31,0.0,0.00,0.0,-0.0,,0.0
129,5,6.00,6,3.62,6.80,6.64,0.0,0.00,0.0,-0.0,,0.0
129,6,6.00,6,4.35,6.35,6.22,0.0,0.00,0.0,-0.0,,0.0
129,7,6.00,6,5.09,6.11,6.00,0.0,0.00,0.0,-0.0,,0.0
129,8,6.00,6,5.58,7.93,18.60,6757.67,25.04,59.24,0.0,,6816.91
129,9,6.00,6,6.02,9.65,18.60,1750.87,187.44,0.0,0.0,,1750.87
129,10,6.00,6,7.42,11.58,18.60,695.48,334.71,0.0,0.0,,695.48
129,11,6.00,6,10.12,14.03,19.05,0.0,548.80,0.0,0.0,,0.0
129,12,6.00,6,13.22,16.75,20.57,0.0,621.76,0.0,0.0,,0.0
129,13,6.00,6,15.23,19.30,22.27,0.0,673.61,0.0,0.0,,0.0
129,14,6.00,6,16.42,21.43,23.60,-100.71,659.57,0.0,0.0,,-100.71
129,15,6.00,6,17.02,23.14,23.60,-800.99,626.17,0.0,0.0,,-800.99
129,16,6.00,6,16.16,24.04,23.60,-675.1,507.86,0.0,0.0,,-675.1
129,17,6.00,6,15.36,24.35,23.60,-432.28,315.85,0.0,0.0,,-432.28
129,18,6.00,6,12.97,23.36,22.99,0.0,0.00,0.0,0.0,,0.0
129,19,6.00,6,10.90,21.00,20.73,0.0,0.00,0.0,0.0,,0.0
129,20,6.00,6,9.52,18.85,18.65,0.0,0.00,0.0,0.0,,0.0
129,21,6.00,6,7.96,16.82,16.65,0.0,0.00,0.0,0.0,,0.0
129,22,6.00,6,6.80,14.96,14.82,0.0,0.00,0.0,0.0,,0.0
129,23,6.00,6,5.61,13.22,13.11,0.0,0.00,0.0,0.0,,0.0
129,24,6.00,6,4.78,11.66,11.57,0.0,0.00,0.0,0.0,,0.0
129,1,7.00,6,3.86,10.21,10.13,0.0,0.00,0.0,0.0,,0.0
129,2,7.00,6,3.09,8.88,8.82,0.0,0.00,0.0,0.0,,0.0
129,3,7.00,6,2.44,7.68,7.63,0.0,0.00,0.0,-0.0,,0.0
129,4,7.00,6,3.01,6.84,6.79,0.0,0.00,0.0,-0.0,,0.0
129,5,7.00,6,3.71,6.27,6.23,0.0,0.00,0.0,-0.0,,0.0
129,6,7.00,6,4.27,5.89,5.86,0.0,0.00,0.0,-0.0,,0.0
129,7,7.00,6,4.94,5.70,5.68,0.0,0.00,0.0,-0.0,,0.0
129,8,7.00,6,5.08,7.49,18.60,6996.72,25.04,122.57,0.0,,7119.29
129,9,7.00,6,6.26,9.40,18.60,1742.03,187.44,0.0,0.0,,1742.03
129,10,7.00,6,7.74,11.46,18.60,652.97,334.71,0.0,0.0,,652.97
129,11,7.00,6,9.52,13.76,18.88,0.0,548.80,0.0,0.0,,0.0
129,12,7.00,6,11.50,16.09,19.99,0.0,621.76,0.0,0.0,,0.0
129,13,7.00,6,13.35,18.36,21.39,0.0,673.61,0.0,0.0,,0.0
129,14,7.00,6,14.40,20.25,22.62,0.0,659.57,0.0,0.0,,0.0
129,15,7.00,6,13.80,21.44,23.31,0.0,626.17,0.0,0.0,,0.0
129,16,7.00,6,13.12,22.06,23.53,0.0,507.86,0.0,0.0,,0.0
129,17,7.00,6,11.91,22.03,23.18,0.0,315.85,0.0,0.0,,0.0
129,18,7.00,6,10.83,21.17,22.07,0.0,0.00,0.0,0.0,,0.0
129,19,7.00,6,9.05,18.89,19.67,0.0,0.00,0.0,0.0,,0.0
129,20,7.00,6,8.73,17.03,17.68,0.0,0.00,0.0,0.0,,0.0
129,21,7.00,6,8.34,15.43,15.97,0.0,0.00,0.0,0.0,,0.0
129,22,7.00,6,8.04,14.07,14.52,0.0,0.00,0.0,0.0,,0.0
129,23,7.00,6,8.75,13.11,13.48,0.0,0.00,0.0,0.0,,0.0
129,24,7.00,6,8.95,12.33,12.64,0.0,0.00,0.0,-0.0,,0.0
129,1,1.00,6,8.94,11.68,11.93,0.0,0.00,0.0,-0.0,,0.0
129,2,1.00,6,8.91,11.13,11.34,0.0,0.00,0.0,-0.0,,0.0
129,3,1.00,6,8.38,10.56,10.73,0.0,0.00,0.0,-0.0,,0.0
129,4,1.00,6,8.32,10.09,10.24,0.0,0.00,0.0,-0.0,,0.0
129,5,1.00,6,8.39,9.73,9.85,0.0,0.00,0.0,-0.0,,0.0
129,6,1.00,6,8.60,9.47,9.57,0.0,0.00,0.0,-0.0,,0.0
129,7,1.00,6,8.89,9.30,9.39,0.0,0.00,0.0,-0.0,,0.0
129,8,1.00,6,8.99,11.15,18.60,4644.7,25.04,0.0,0.0,,4644.7
129,9,1.00,6,8.84,12.73,18.60,965.81,187.44,0.0,0.0,,965.81
129,10,1.00,6,9.25,14.31,18.60,228.98,334.71,0.0,0.0,,228.98
129,11,1.00,6,10.97,16.28,19.41,0.0,548.80,0.0,0.0,,0.0
129,12,1.00,6,11.51,17.98,20.38,0.0,621.76,0.0,0.0,,0.0
129,13,1.00,6,11.62,19.35,21.21,0.0,673.61,0.0,0.0,,0.0
129,14,1.00,6,12.52,20.58,22.05,0.0,659.57,0.0,0.0,,0.0
129,15,1.00,6,12.96,21.59,22.74,0.0,626.17,0.0,0.0,,0.0
129,16,1.00,6,13.08,22.22,23.13,0.0,507.86,0.0,0.0,,0.0
129,17,1.00,6,13.23,22.54,23.25,0.0,315.85,0.0,0.0,,0.0
129,18,1.00,6,11.81,21.77,22.33,0.0,0.00,0.0,0.0,,0.0
129,19,1.00,6,10.89,19.74,20.21,0.0,0.00,0.0,0.0,,0.0
129,20,1.00,6,9.21,17.76,18.16,0.0,0.00,0.0,0.0,,0.0
129,21,1.00,6,7.83,15.90,16.23,0.0,0.00,0.0,0.0,,0.0
129,22,1.00,6,6.30,14.10,14.37,0.0,0.00,0.0,0.0,,0.0
129,23,1.00,6,5.12,12.42,12.65,0.0,0.00,0.0,0.0,,0.0
129,24,1.00,6,3.47,10.74,10.93,0.0,0.00,0.0,-0.0,,0.0
129,1,2.00,6,3.18,9.35,9.51,0.0,0.00,0.0,-0.0,,0.0
129,2,2.00,6,2.73,8.13,8.26,0.0,0.00,0.0,-0.0,,0.0
129,3,2.00,6,2.46,7.08,7.18,0.0,0.00,0.0,-0.0,,0.0
129,4,2.00,6,2.42,6.21,6.30,0.0,0.00,0.0,-0.0,,0.0
129,5,2.00,6,2.17,5.45,5.52,0.0,0.00,0.0,-0.0,,0.0
129,6,2.00,6,2.20,4.83,4.89,0.0,0.00,0.0,-0.0,,0.0
129,7,2.00,6,3.11,4.51,4.56,0.0,0.00,0.0,-0.0,,0.0
129,8,2.00,6,3.39,6.19,18.60,7777.1,25.04,119.33,0.0,,7896.43
129,9,2.00,6,4.50,8.00,18.60,2141.35,187.44,0.0,0.0,,2141.35
129,10,2.00,6,6.22,10.05,18.60,969.18,334.71,0.0,0.0,,969.18
129,11,2.00,6,8.33,12.42,18.60,64.01,548.80,0.0,0.0,,64.01
129,12,2.00,6,10.44,14.83,19.50,0.0,621.76,0.0,0.0,,0.0
129,13,2.00,6,11.82,17.01,20.64,0.0,673.61,0.0,0.0,,0.0
129,14,2.00,6,13.36,18.99,21.83,0.0,659.57,0.0,0.0,,0.0
129,15,2.00,6,14.18,20.63,22.86,0.0,626.17,0.0,0.0,,0.0
129,16,2.00,6,13.80,21.60,23.36,0.0,507.86,0.0,0.0,,0.0
129,17,2.00,6,13.44,22.06,23.44,0.0,315.85,0.0,0.0,,0.0
129,18,2.00,6,12.06,21.44,22.53,0.0,0.00,0.0,0.0,,0.0
129,19,2.00,6,10.75,19.40,20.33,0.0,0.00,0.0,0.0,,0.0
129,20,2.00,6,8.79,17.39,18.17,0.0,0.00,0.0,0.0,,0.0
129,21,2.00,6,7.97,15.64,16.28,0.0,0.00,0.0,0.0,,0.0
129,22,2.00,6,6.85,14.00,14.53,0.0,0.00,0.0,0.0,,0.0
129,23,2.00,6,6.61,12.63,13.07,0.0,0.00,0.0,0.0,,0.0
129,24,2.00,6,6.01,11.40,11.76,0.0,0.00,0.0,0.0,,0.0
129,1,3.00,6,5.04,10.19,10.50,0.0,0.00,0.0,-0.0,,0.0
129,2,3.00,6,4.37,9.09,9.34,0.0,0.00,0.0,-0.0,,0.0
129,3,3.00,6,3.91,8.11,8.32,0.0,0.00,0.0,-0.0,,0.0
129,4,3.00,6,3.85,7.31,7.48,0.0,0.00,0.0,-0.0,,0.0
129,5,3.00,6,2.71,6.41,6.55,0.0,0.00,0.0,-0.0,,0.0
129,6,3.00,6,1.98,5.55,5.67,0.0,0.00,0.0,-0.0,,0.0
129,7,3.00,6,2.92,5.07,5.16,0.0,0.00,0.0,-0.0,,0.0
129,8,3.00,6,3.41,6.93,7.01,0.0,25.04,0.0,-0.0,,0.0
129,9,3.00,6,4.07,8.80,8.86,0.0,187.44,0.0,-0.0,,0.0
129,10,3.00,6,5.78,10.91,10.96,0.0,334.71,0.0,-0.0,,0.0
129,11,3.00,6,8.39,13.45,13.49,0.0,548.80,0.0,-0.0,,0.0
129,12,3.00,6,10.01,15.89,15.93,0.0,621.76,0.0,0.0,,0.0
129,13,3.00,6,11.43,18.19,18.23,0.0,673.61,0.0,0.0,,0.0
129,14,3.00,6,12.40,20.17,20.20,0.0,659.57,0.0,0.0,,0.0
129,15,3.00,6,12.96,21.84,21.86,0.0,626.17,0.0,0.0,,0.0
129,16,3.00,6,12.71,22.97,22.99,0.0,507.86,0.0,0.0,,0.0
129,17,3.00,6,11.96,23.52,23.54,0.0,315.85,0.0,0.0,,0.0
129,18,3.00,6,11.64,23.28,23.29,0.0,0.00,0.0,0.0,,0.0
129,19,3.00,6,10.30,20.65,20.66,0.0,0.00,0.0,0.0,,0.0
129,20,3.00,6,9.71,18.58,18.59,0.0,0.00,0.0,0.0,,0.0
129,21,3.00,6,9.56,16.92,16.93,0.0,0.00,0.0,0.0,,0.0
129,22,3.00,6,9.06,15.46,15.47,0.0,0.00,0.0,0.0,,0.0
129,23,3.00,6,8.73,14.21,14.21,0.0,0.00,0.0,0.0,,0.0
129,24,3.00,6,8.15,13.07,13.07,0.0,0.00,0.0,-0.0,,0.0
129,1,4.00,6,7.85,12.08,12.08,0.0,0.00,0.0,-0.0,,0.0
129,2,4.00,6,7.93,11.29,11.29,0.0,0.00,0.0,-0.0,,0.0
129,3,4.00,6,7.86,10.62,10.63,0.0,0.00,0.0,-0.0,,0.0
129,4,4.00,6,8.06,10.12,10.12,0.0,0.00,0.0,-0.0,,0.0
129,5,4.00,6,8.00,9.68,9.68,0.0,0.00,0.0,-0.0,,0.0
129,6,4.00,6,8.01,9.32,9.32,0.0,0.00,0.0,-0.0,,0.0
129,7,4.00,6,8.60,9.14,9.14,0.0,0.00,0.0,-0.0,,0.0
129,8,4.00,6,8.58,11.15,11.15,0.0,25.04,0.0,-0.0,,0.0
129,9,4.00,6,7.97,12.90,12.90,0.0,187.44,0.0,-0.0,,0.0
129,10,4.00,6,7.88,14.57,14.57,0.0,334.71,0.0,-0.0,,0.0
129,11,4.00,6,7.31,16.15,16.15,0.0,548.80,0.0,-0.0,,0.0
129,12,4.00,6,7.93,17.70,17.70,0.0,621.76,0.0,-0.0,,0.0
129,13,4.00,6,8.30,19.10,19.10,0.0,673.61,0.0,0.0,,0.0
129,14,4.00,6,8.80,20.28,20.28,0.0,659.57,0.0,0.0,,0.0
129,15,4.00,6,8.99,21.23,21.23,0.0,626.17,0.0,0.0,,0.0
129,16,4.00,6,8.96,21.84,21.84,0.0,507.86,0.0,0.0,,0.0
129,17,4.00,6,8.81,22.08,22.08,0.0,315.85,0.0,0.0,,0.0
129,18,4.00,6,8.87,21.64,21.64,0.0,0.00,0.0,0.0,,0.0
129,19,4.00,6,8.47,19.02,19.02,0.0,0.00,0.0,0.0,,0.0
129,20,4.00,6,7.61,16.88,16.88,0.0,0.00,0.0,0.0,,0.0
129,21,4.00,6,6.59,14.97,14.97,0.0,0.00,0.0,0.0,,0.0
129,22,4.00,6,5.47,13.21,13.21,0.0,0.00,0.0,-0.0,,0.0
129,23,4.00,6,4.29,11.55,11.55,0.0,0.00,0.0,-0.0,,0.0
129,24,4.00,6,3.44,10.04,10.04,0.0,0.00,0.0,-0.0,,0.0
129,1,5.00,6,2.44,8.63,8.63,0.0,0.00,0.0,-0.0,,0.0
129,2,5.00,6,2.81,7.57,7.57,0.0,0.00,0.0,-0.0,,0.0
129,3,5.00,6,2.98,6.73,6.73,0.0,0.00,0.0,-0.0,,0.0
129,4,5.00,6,3.25,6.08,6.08,0.0,0.00,0.0,-0.0,,0.0
129,5,5.00,6,3.40,5.57,5.57,0.0,0.00,0.0,-0.0,,0.0
129,6,5.00,6,3.73,5.21,5.21,0.0,0.00,0.0,-0.0,,0.0
129,7,5.00,6,4.81,5.12,5.12,0.0,0.00,0.0,-0.0,,0.0
129,8,5.00,6,5.40,7.14,18.60,7203.47,25.04,0.0,0.0,,7203.47
129,9,5.00,6,4.84,8.72,18.60,2037.52,187.44,0.0,0.0,,2037.52
129,10,5.00,6,5.08,10.26,18.60,1142.43,334.71,0.0,0.0,,1142.43
129,11,5.00,6,5.07,11.74,18.60,622.54,548.80,0.0,0.0,,622.54
129,12,5.00,6,6.84,13.47,18.60,66.97,621.76,0.0,0.0,,66.97
129,13,5.00,6,6.76,14.77,18.68,0.0,673.61,0.0,0.0,,0.0
129,14,5.00,6,7.60,15.94,18.99,0.0,659.57,0.0,0.0,,0.0
129,15,5.00,6,8.16,16.93,19.32,0.0,626.17,0.0,0.0,,0.0
129,16,5.00,6,8.65,17.65,19.53,0.0,507.86,0.0,0.0,,0.0
129,17,5.00,6,9.47,18.20,19.67,0.0,315.85,0.0,0.0,,0.0
129,18,5.00,6,8.75,17.77,18.92,0.0,0.00,0.0,0.0,,0.0
129,19,5.00,6,8.41,16.01,17.00,0.0,0.00,0.0,0.0,,0.0
129,20,5.00,6,8.23,14.57,15.40,0.0,0.00,0.0,0.0,,0.0
129,21,5.00,6,7.49,13.24,13.93,0.0,0.00,0.0,0.0,,0.0
129,22,5.00,6,7.07,12.08,12.65,0.0,0.00,0.0,-0.0,,0.0
129,23,5.00,6,6.67,11.06,11.53,0.0,0.00,0.0,-0.0,,0.0
129,24,5.00,6,6.13,10.12,10.51,0.0,0.00,0.0,-0.0,,0.0
129,1,6.00,6,5.51,9.22,9.55,0.0,0.00,0.0,-0.0,,0.0
129,2,6.00,6,4.92,8.39,8.66,0.0,0.00,0.0,-0.0,,0.0
129,3,6.00,6,4.42,7.61,7.83,0.0,0.00,0.0,-0.0,,0.0
129,4,6.00,6,3.88,6.88,7.06,0.0,0.00,0.0,-0.0,,0.0
129,5,6.00,6,3.24,6.16,6.31,0.0,0.00,0.0,-0.0,,0.0
129,6,6.00,6,2.43,5.42,5.54,0.0,0.00,0.0,-0.0,,0.0
129,7,6.00,6,2.11,4.76,4.87,0.0,0.00,0.0,-0.0,,0.0
129,8,6.00,6,1.40,5.86,18.60,7957.15,25.04,327.45,0.0,,8284.6
129,9,6.00,6,2.57,7.31,18.60,2448.82,187.44,0.0,0.0,,2448.82
129,10,6.00,6,4.65,9.19,18.60,1241.63,334.71,0.0,0.0,,1241.63
129,11,6.00,6,8.14,11.80,18.60,106.11,548.80,0.0,0.0,,106.11
129,12,6.00,6,11.49,14.66,19.78,0.0,621.76,0.0,0.0,,0.0
129,13,6.00,6,13.85,17.39,21.36,0.0,673.61,0.0,0.0,,0.0
129,14,6.00,6,16.78,20.12,23.23,0.0,659.57,0.0,0.0,,0.0
129,15,6.00,6,17.68,22.29,23.60,-710.35,626.17,0.0,0.0,,-710.35
129,16,6.00,6,18.88,24.09,23.60,-1100.16,507.86,0.0,0.0,,-1100.16
129,17,6.00,6,18.43,25.08,23.60,-955.26,315.85,0.0,0.0,,-955.26
129,18,6.00,6,15.16,24.36,23.60,-6.81,0.00,0.0,0.0,,-6.81
129,19,6.00,6,13.65,22.27,21.73,0.0,0.00,0.0,0.0,,0.0
129,20,6.00,6,12.59,20.43,20.01,0.0,0.00,0.0,0.0,,0.0
129,21,6.00,6,11.23,18.69,18.34,0.0,0.00,0.0,0.0,,0.0
129,22,6.00,6,10.01,17.05,16.76,0.0,0.00,0.0,0.0,,0.0
129,23,6.00,6,9.24,15.58,15.35,0.0,0.00,0.0,0.0,,0.0
129,24,6.00,6,9.05,14.36,14.17,0.0,0.00,0.0,0.0,,0.0
129,1,7.00,6,8.51,13.25,13.09,0.0,0.00,0.0,-0.0,,0.0
129,2,7.00,6,7.92,12.23,12.10,0.0,0.00,0.0,-0.0,,0.0
129,3,7.00,6,7.36,11.29,11.18,0.0,0.00,0.0,-0.0,,0.0
129,4,7.00,6,6.76,10.41,10.32,0.0,0.00,0.0,-0.0,,0.0
129,5,7.00,6,6.37,9.62,9.55,0.0,0.00,0.0,-0.0,,0.0
129,6,7.00,6,6.00,8.91,8.85,0.0,0.00,0.0,-0.0,,0.0
129,7,7.00,6,5.52,8.23,8.18,0.0,0.00,0.0,-0.0,,0.0
129,8,7.00,6,4.35,9.18,18.60,5945.56,25.04,17.64,0.0,,5963.200000000001
129,9,7.00,6,3.87,10.08,18.60,1930.18,187.44,0.0,0.0,,1930.18
129,10,7.00,6,5.73,11.56,18.60,913.94,334.71,0.0,0.0,,913.94
129,11,7.00,6,8.50,13.68,18.64,0.0,548.80,0.0,0.0,,0.0
129,12,7.00,6,11.31,16.05,19.81,0.0,621.76,0.0,0.0,,0.0
129,13,7.00,6,12.88,18.22,21.14,0.0,673.61,0.0,0.0,,0.0
129,14,7.00,6,14.58,20.21,22.50,0.0,659.57,0.0,0.0,,0.0
129,15,7.00,6,15.26,21.82,23.60,-7.52,626.17,0.0,0.0,,-7.52
129,16,7.00,6,15.05,22.81,23.60,-384.95,507.86,0.0,0.0,,-384.95
129,17,7.00,6,15.02,23.36,23.60,-321.38,315.85,0.0,0.0,,-321.38
129,18,7.00,6,12.32,22.44,22.76,0.0,0.00,0.0,0.0,,0.0
129,19,7.00,6,11.01,20.28,20.59,0.0,0.00,0.0,0.0,,0.0
129,20,7.00,6,10.29,18.42,18.69,0.0,0.00,0.0,0.0,,0.0
129,21,7.00,6,9.95,16.85,17.08,0.0,0.00,0.0,0.0,,0.0
129,22,7.00,6,8.86,15.35,15.54,0.0,0.00,0.0,0.0,,0.0
129,23,7.00,6,8.03,13.97,14.13,0.0,0.00,0.0,0.0,,0.0
129,24,7.00,6,7.84,12.82,12.95,0.0,0.00,0.0,-0.0,,0.0
129,1,1.00,6,7.86,11.89,12.00,0.0,0.00,0.0,-0.0,,0.0
129,2,1.00,6,7.72,11.09,11.18,0.0,0.00,0.0,-0.0,,0.0
129,3,1.00,6,7.44,10.38,10.45,0.0,0.00,0.0,-0.0,,0.0
129,4,1.00,6,7.39,9.79,9.85,0.0,0.00,0.0,-0.0,,0.0
129,5,1.00,6,7.53,9.33,9.38,0.0,0.00,0.0,-0.0,,0.0
129,6,1.00,6,7.15,8.87,8.91,0.0,0.00,0.0,-0.0,,0.0
129,7,1.00,6,6.70,8.40,8.43,0.0,0.00,0.0,-0.0,,0.0
129,8,1.00,6,7.19,10.04,18.60,5363.04,25.04,0.0,0.0,,5363.04
129,9,1.00,6,8.05,11.76,18.60,1181.74,187.44,0.0,0.0,,1181.74
129,10,1.00,6,8.22,13.32,18.60,450.1,334.71,0.0,0.0,,450.1
129,11,1.00,6,8.94,15.01,18.81,0.0,548.80,0.0,0.0,,0.0
129,12,1.00,6,9.52,16.55,19.45,0.0,621.76,0.0,0.0,,0.0
129,13,1.00,6,10.81,18.12,20.37,0.0,673.61,0.0,0.0,,0.0
129,14,1.00,6,12.34,19.63,21.40,0.0,659.57,0.0,0.0,,0.0
129,15,1.00,6,12.73,20.80,22.19,0.0,626.17,0.0,0.0,,0.0
129,16,1.00,6,12.02,21.33,22.42,0.0,507.86,0.0,0.0,,0.0
129,17,1.00,6,10.86,21.24,22.10,0.0,315.85,0.0,0.0,,0.0
129,18,1.00,6,9.82,20.33,21.01,0.0,0.00,0.0,0.0,,0.0
129,19,1.00,6,8.93,18.22,18.80,0.0,0.00,0.0,0.0,,0.0
129,20,1.00,6,8.60,16.46,16.94,0.0,0.00,0.0,0.0,,0.0
129,21,1.00,6,7.91,14.88,15.27,0.0,0.00,0.0,0.0,,0.0
129,22,1.00,6,7.86,13.58,13.92,0.0,0.00,0.0,0.0,,0.0
129,23,1.00,6,7.74,12.50,12.77,0.0,0.00,0.0,-0.0,,0.0
129,24,1.00,6,7.82,11.62,11.85,0.0,0.00,0.0,-0.0,,0.0
129,1,2.00,6,7.64,10.86,11.04,0.0,0.00,0.0,-0.0,,0.0
129,2,2.00,6,7.49,10.20,10.35,0.0,0.00,0.0,-0.0,,0.0
129,3,2.00,6,6.19,9.38,9.51,0.0,0.00,0.0,-0.0,,0.0
129,4,2.00,6,6.41,8.80,8.90,0.0,0.00,0.0,-0.0,,0.0
129,5,2.00,6,6.40,8.31,8.40,0.0,0.00,0.0,-0.0,,0.0
129,6,2.00,6,6.50,7.93,8.00,0.0,0.00,0.0,-0.0,,0.0
129,7,2.00,6,6.90,7.70,7.76,0.0,0.00,0.0,-0.0,,0.0
129,8,2.00,6,6.65,9.35,18.60,5781.07,25.04,0.0,0.0,,5781.07
129,9,2.00,6,6.37,10.79,18.60,1539.12,187.44,0.0,0.0,,1539.12
129,10,2.00,6,6.55,12.19,18.60,777.09,334.71,0.0,0.0,,777.09
129,11,2.00,6,6.99,13.69,18.60,231.79,548.80,0.0,0.0,,231.79
129,12,2.00,6,7.88,15.17,18.83,0.0,621.76,0.0,0.0,,0.0
129,13,2.00,6,7.74,16.30,19.13,0.0,673.61,0.0,0.0,,0.0
129,14,2.00,6,8.24,17.25,19.46,0.0,659.57,0.0,0.0,,0.0
129,15,2.00,6,8.23,17.93,19.67,0.0,626.17,0.0,0.0,,0.0
129,16,2.00,6,8.29,18.32,19.69,0.0,507.86,0.0,0.0,,0.0
129,17,2.00,6,8.23,18.40,19.47,0.0,315.85,0.0,0.0,,0.0
129,18,2.00,6,7.69,17.70,18.60,36.25,0.00,0.0,0.0,,36.25
129,19,2.00,6,7.81,15.89,16.65,0.0,0.00,0.0,0.0,,0.0
129,20,2.00,6,6.88,14.22,14.85,0.0,0.00,0.0,0.0,,0.0
129,21,2.00,6,6.06,12.70,13.22,0.0,0.00,0.0,0.0,,0.0
129,22,2.00,6,5.74,11.41,11.85,0.0,0.00,0.0,-0.0,,0.0
129,23,2.00,6,5.77,10.37,10.73,0.0,0.00,0.0,-0.0,,0.0
129,24,2.00,6,5.18,9.38,9.68,0.0,0.00,0.0,-0.0,,0.0
129,1,3.00,6,4.27,8.40,8.64,0.0,0.00,0.0,-0.0,,0.0
129,2,3.00,6,2.98,7.34,7.54,0.0,0.00,0.0,-0.0,,0.0
129,3,3.00,6,2.12,6.33,6.50,0.0,0.00,0.0,-0.0,,0.0
129,4,3.00,6,1.39,5.38,5.52,0.0,0.00,0.0,-0.0,,0.0
129,5,3.00,6,0.68,4.48,4.59,0.0,0.00,0.0,-0.0,,0.0
129,6,3.00,6,0.17,3.65,3.75,0.0,0.00,0.0,-0.0,,0.0
129,7,3.00,6,1.38,3.25,3.33,0.0,0.00,0.0,-0.0,,0.0
129,8,3.00,6,2.10,5.21,5.27,0.0,25.04,0.0,-0.0,,0.0
129,9,3.00,6,3.28,7.26,7.32,0.0,187.44,0.0,-0.0,,0.0
129,10,3.00,6,4.76,9.46,9.50,0.0,334.71,0.0,-0.0,,0.0
129,11,3.00,6,7.42,12.08,12.12,0.0,548.80,0.0,-0.0,,0.0
129,12,3.00,6,10.63,14.93,14.96,0.0,621.76,0.0,-0.0,,0.0
129,13,3.00,6,11.51,17.40,17.43,0.0,673.61,0.0,0.0,,0.0
129,14,3.00,6,13.45,19.73,19.75,0.0,659.57,0.0,0.0,,0.0
129,15,3.00,6,12.96,21.44,21.45,0.0,626.17,0.0,0.0,,0.0
129,16,3.00,6,12.99,22.69,22.70,0.0,507.86,0.0,0.0,,0.0
129,17,3.00,6,12.71,23.43,23.44,0.0,315.85,0.0,0.0,,0.0
129,18,3.00,6,10.40,22.91,22.92,0.0,0.00,0.0,0.0,,0.0
129,19,3.00,6,8.77,20.06,20.06,0.0,0.00,0.0,0.0,,0.0
129,20,3.00,6,7.94,17.77,17.78,0.0,0.00,0.0,0.0,,0.0
129,21,3.00,6,7.14,15.81,15.81,0.0,0.00,0.0,0.0,,0.0
129,22,3.00,6,6.24,14.04,14.04,0.0,0.00,0.0,0.0,,0.0
129,23,3.00,6,5.64,12.49,12.49,0.0,0.00,0.0,0.0,,0.0
129,24,3.00,6,5.49,11.20,11.21,0.0,0.00,0.0,0.0,,0.0
129,1,4.00,6,4.70,9.98,9.99,0.0,0.00,0.0,-0.0,,0.0
129,2,4.00,6,4.21,8.90,8.90,0.0,0.00,0.0,-0.0,,0.0
129,3,4.00,6,4.35,8.05,8.05,0.0,0.00,0.0,-0.0,,0.0
129,4,4.00,6,4.87,7.46,7.46,0.0,0.00,0.0,-0.0,,0.0
129,5,4.00,6,4.96,6.97,6.97,0.0,0.00,0.0,-0.0,,0.0
129,6,4.00,6,4.97,6.56,6.56,0.0,0.00,0.0,-0.0,,0.0
129,7,4.00,6,5.86,6.41,6.41,0.0,0.00,0.0,-0.0,,0.0
129,8,4.00,6,6.35,8.53,8.53,0.0,25.04,0.0,-0.0,,0.0
129,9,4.00,6,7.28,10.68,10.68,0.0,187.44,0.0,-0.0,,0.0
129,10,4.00,6,7.57,12.71,12.71,0.0,334.71,0.0,-0.0,,0.0
129,11,4.00,6,9.56,15.10,15.10,0.0,548.80,0.0,-0.0,,0.0
129,12,4.00,6,12.33,17.69,17.69,0.0,621.76,0.0,0.0,,0.0
129,13,4.00,6,13.45,20.02,20.02,0.0,673.61,0.0,0.0,,0.0
129,14,4.00,6,15.36,22.22,22.22,0.0,659.57,0.0,0.0,,0.0
129,15,4.00,6,15.30,23.91,23.91,0.0,626.17,0.0,0.0,,0.0
129,16,4.00,6,15.66,25.21,25.21,0.0,507.86,0.0,0.0,,0.0
129,17,4.00,6,15.99,26.10,26.10,0.0,315.85,0.0,0.0,,0.0
129,18,4.00,6,13.57,25.66,25.66,0.0,0.00,0.0,0.0,,0.0
129,19,4.00,6,11.89,22.86,22.86,0.0,0.00,0.0,0.0,,0.0
129,20,4.00,6,10.50,20.50,20.50,0.0,0.00,0.0,0.0,,0.0
129,21,4.00,6,9.31,18.41,18.41,0.0,0.00,0.0,0.0,,0.0
129,22,4.00,6,8.59,16.59,16.59,0.0,0.00,0.0,0.0,,0.0
129,23,4.00,6,7.97,15.00,15.00,0.0,0.00,0.0,0.0,,0.0
129,24,4.00,6,7.80,13.67,13.67,0.0,0.00,0.0,0.0,,0.0
129,1,5.00,6,7.32,12.48,12.48,0.0,0.00,0.0,-0.0,,0.0
129,2,5.00,6,6.98,11.44,11.44,0.0,0.00,0.0,-0.0,,0.0
129,3,5.00,6,6.46,10.49,10.49,0.0,0.00,0.0,-0.0,,0.0
129,4,5.00,6,5.74,9.57,9.57,0.0,0.00,0.0,-0.0,,0.0
129,5,5.00,6,5.06,8.69,8.69,0.0,0.00,0.0,-0.0,,0.0
129,6,5.00,6,4.53,7.88,7.88,0.0,0.00,0.0,-0.0,,0.0
129,7,5.00,6,4.25,7.17,7.17,0.0,0.00,0.0,-0.0,,0.0
129,8,5.00,6,3.28,8.12,18.60,6584.74,25.04,0.0,0.0,,6584.74
129,9,5.00,6,2.80,9.03,18.60,2204.82,187.44,0.0,0.0,,2204.82
129,10,5.00,6,4.85,10.55,18.60,1112.53,334.71,0.0,0.0,,1112.53
129,11,5.00,6,8.15,12.85,18.60,62.41,548.80,0.0,0.0,,62.41
129,12,5.00,6,11.97,15.61,19.94,0.0,621.76,0.0,0.0,,0.0
129,13,5.00,6,14.20,18.21,21.57,0.0,673.61,0.0,0.0,,0.0
129,14,5.00,6,16.49,20.66,23.29,0.0,659.57,0.0,0.0,,0.0
129,15,5.00,6,17.63,22.71,23.60,-738.29,626.17,0.0,0.0,,-738.29
129,16,5.00,6,18.93,24.43,23.60,-1116.01,507.86,0.0,0.0,,-1116.01
129,17,5.00,6,20.14,25.82,23.60,-1254.21,315.85,0.0,0.0,,-1254.21
129,18,5.00,6,17.03,25.37,23.60,-339.09,0.00,0.0,0.0,,-339.09
129,19,5.00,6,15.29,23.36,22.10,0.0,0.00,0.0,0.0,,0.0
129,20,5.00,6,14.10,21.58,20.59,0.0,0.00,0.0,0.0,,0.0
129,21,5.00,6,13.60,20.07,19.26,0.0,0.00,0.0,0.0,,0.0
129,22,5.00,6,12.52,18.63,17.96,0.0,0.00,0.0,0.0,,0.0
129,23,5.00,6,11.66,17.30,16.75,0.0,0.00,0.0,-0.0,,0.0
129,24,5.00,6,10.61,16.01,15.55,0.0,0.00,0.0,-0.0,,0.0
129,1,6.00,6,9.76,14.81,14.43,0.0,0.00,0.0,-0.0,,0.0
129,2,6.00,6,8.85,13.66,13.34,0.0,0.00,0.0,-0.0,,0.0
129,3,6.00,6,8.07,12.58,12.32,0.0,0.00,0.0,-0.0,,0.0
129,4,6.00,6,7.14,11.52,11.30,0.0,0.00,0.0,-0.0,,0.0
129,5,6.00,6,6.09,10.46,10.28,0.0,0.00,0.0,-0.0,,0.0
129,6,6.00,6,5.00,9.40,9.25,0.0,0.00,0.0,-0.0,,0.0
129,7,6.00,6,4.14,8.38,8.25,0.0,0.00,0.0,-0.0,,0.0
129,8,6.00,6,3.24,9.03,18.60,6072.59,25.04,48.61,0.0,,6121.2
129,9,6.00,6,4.61,10.23,18.60,1788.1,187.44,0.0,0.0,,1788.1
129,10,6.00,6,6.68,11.91,18.60,741.21,334.71,0.0,0.0,,741.21
129,11,6.00,6,10.54,14.47,19.21,0.0,548.80,0.0,0.0,,0.0
129,12,6.00,6,13.66,17.20,20.81,0.0,621.76,0.0,0.0,,0.0
129,13,6.00,6,16.34,19.94,22.74,0.0,673.61,0.0,0.0,,0.0
129,14,6.00,6,19.22,22.64,23.60,-774.55,659.57,0.0,0.0,,-774.55
129,15,6.00,6,20.23,24.81,23.60,-1398.14,626.17,0.0,0.0,,-1398.14
129,16,6.00,6,21.29,26.57,23.60,-1596.44,507.86,0.0,0.0,,-1596.44
129,17,6.00,6,22.24,27.93,23.60,-1662.7,315.85,0.0,0.0,,-1662.7
129,18,6.00,6,18.90,27.40,23.60,-694.28,0.00,0.0,0.0,,-694.28
129,19,6.00,6,17.44,25.42,22.59,0.0,0.00,0.0,0.0,,0.0
129,20,6.00,6,15.69,23.53,21.28,0.0,0.00,0.0,0.0,,0.0
129,21,6.00,6,14.21,21.75,19.90,0.0,0.00,0.0,0.0,,0.0
129,22,6.00,6,13.22,20.13,18.60,0.0,0.00,0.0,0.0,,0.0
129,23,6.00,6,12.39,18.66,17.40,0.0,0.00,0.0,0.0,,0.0
129,24,6.00,6,11.13,17.22,16.17,0.0,0.00,0.0,-0.0,,0.0
129,1,7.00,6,10.45,15.93,15.06,0.0,0.00,0.0,-0.0,,0.0
129,2,7.00,6,9.51,14.70,13.98,0.0,0.00,0.0,-0.0,,0.0
129,3,7.00,6,8.34,13.47,12.87,0.0,0.00,0.0,-0.0,,0.0
129,4,7.00,6,7.22,12.26,11.77,0.0,0.00,0.0,-0.0,,0.0
129,5,7.00,6,6.43,11.14,10.73,0.0,0.00,0.0,-0.0,,0.0
129,6,7.00,6,5.55,10.06,9.72,0.0,0.00,0.0,-0.0,,0.0
129,7,7.00,6,4.95,9.08,8.80,0.0,0.00,0.0,-0.0,,0.0
129,8,7.00,6,3.61,9.64,18.60,5767.36,25.04,14.12,0.0,,5781.48
129,9,7.00,6,4.97,10.78,18.60,1681.19,187.44,0.0,0.0,,1681.19
129,10,7.00,6,7.52,12.55,18.60,574.34,334.71,0.0,0.0,,574.34
129,11,7.00,6,11.46,15.17,19.49,0.0,548.80,0.0,0.0,,0.0
129,12,7.00,6,14.88,18.04,21.32,0.0,621.76,0.0,0.0,,0.0
129,13,7.00,6,17.50,20.84,23.39,0.0,673.61,0.0,0.0,,0.0
129,14,7.00,6,20.34,23.58,23.60,-1245.77,659.57,0.0,0.0,,-1245.77
129,15,7.00,6,21.47,25.82,23.60,-1665.23,626.17,0.0,0.0,,-1665.23
129,16,7.00,6,22.84,27.72,23.60,-1894.91,507.86,0.0,0.0,,-1894.91
129,17,7.00,6,24.42,29.33,23.60,-2060.41,315.85,0.0,0.0,,-2060.41
129,18,7.00,6,21.37,29.05,23.60,-1143.01,0.00,0.0,0.0,,-1143.01
129,19,7.00,6,19.72,27.15,23.11,0.0,0.00,0.0,0.0,,0.0
129,20,7.00,6,17.60,25.27,22.04,0.0,0.00,0.0,0.0,,0.0
129,21,7.00,6,16.21,23.52,20.88,0.0,0.00,0.0,0.0,,0.0
129,22,7.00,6,14.77,21.84,19.66,0.0,0.00,0.0,0.0,,0.0
129,23,7.00,6,13.48,20.24,18.44,0.0,0.00,0.0,0.0,,0.0
129,24,7.00,6,12.15,18.69,17.20,0.0,0.00,0.0,-0.0,,0.0
129,1,1.00,7,11.16,17.25,16.02,0.0,0.00,0.0,-0.0,,0.0
129,2,1.00,7,10.02,15.87,14.84,0.0,0.00,0.0,-0.0,,0.0
129,3,1.00,7,8.86,14.52,13.67,0.0,0.00,0.0,-0.0,,0.0
129,4,1.00,7,7.88,13.25,12.55,0.0,0.00,0.0,-0.0,,0.0
129,5,1.00,7,6.98,12.05,11.46,0.0,0.00,0.0,-0.0,,0.0
129,6,1.00,7,6.07,10.90,10.42,0.0,0.00,0.0,-0.0,,0.0
129,7,1.00,7,5.35,9.84,9.43,0.0,0.00,0.0,-0.0,,0.0
129,8,1.00,7,4.18,10.38,18.88,5530.23,40.40,0.0,0.0,,5530.23
129,9,1.00,7,5.82,11.57,18.88,1537.87,180.64,0.0,0.0,,1537.87
129,10,1.00,7,8.63,13.48,18.88,378.45,358.32,0.0,0.0,,378.45
129,11,1.00,7,12.48,16.16,20.04,0.0,574.63,0.0,0.0,,0.0
129,12,1.00,7,15.50,19.04,22.00,0.0,676.86,0.0,0.0,,0.0
129,13,1.00,7,18.09,21.88,23.88,-193.06,760.68,0.0,0.0,,-193.06
129,14,1.00,7,20.46,24.45,23.88,-1386.85,690.96,0.0,0.0,,-1386.85
129,15,1.00,7,21.64,26.60,23.88,-1722.54,666.63,0.0,0.0,,-1722.54
129,16,1.00,7,22.71,28.34,23.88,-1885.4,548.38,0.0,0.0,,-1885.4
129,17,1.00,7,23.93,29.80,23.88,-2012.03,385.48,0.0,0.0,,-2012.03
129,18,1.00,7,20.89,29.31,23.88,-1028.83,0.03,0.0,0.0,,-1028.83
129,19,1.00,7,18.70,27.19,23.12,0.0,0.00,0.0,0.0,,0.0
129,20,1.00,7,16.68,25.15,21.89,0.0,0.00,0.0,0.0,,0.0
129,21,1.00,7,14.88,23.18,20.51,0.0,0.00,0.0,0.0,,0.0
129,22,1.00,7,13.37,21.31,19.11,0.0,0.00,0.0,0.0,,0.0
129,23,1.00,7,12.03,19.55,17.73,0.0,0.00,0.0,0.0,,0.0
129,24,1.00,7,10.84,17.90,16.39,0.0,0.00,0.0,-0.0,,0.0
129,1,2.00,7,9.90,16.39,15.14,0.0,0.00,0.0,-0.0,,0.0
129,2,2.00,7,8.93,14.98,13.94,0.0,0.00,0.0,-0.0,,0.0
129,3,2.00,7,8.01,13.65,12.79,0.0,0.00,0.0,-0.0,,0.0
129,4,2.00,7,7.03,12.39,11.68,0.0,0.00,0.0,-0.0,,0.0
129,5,2.00,7,6.04,11.17,10.58,0.0,0.00,0.0,-0.0,,0.0
129,6,2.00,7,5.27,10.04,9.56,0.0,0.00,0.0,-0.0,,0.0
129,7,2.00,7,4.31,8.94,8.54,0.0,0.00,0.0,-0.0,,0.0
129,8,2.00,7,3.03,9.43,18.88,6133.61,40.40,0.0,0.0,,6133.61
129,9,2.00,7,3.80,10.34,18.88,1967.75,180.64,0.0,0.0,,1967.75
129,10,2.00,7,5.92,11.88,18.88,893.63,358.32,0.0,0.0,,893.63
129,11,2.00,7,8.85,14.06,18.99,0.0,574.63,0.0,0.0,,0.0
129,12,2.00,7,11.44,16.48,20.22,0.0,676.86,0.0,0.0,,0.0
129,13,2.00,7,13.70,18.91,21.81,0.0,760.68,0.0,0.0,,0.0
129,14,2.00,7,15.37,20.99,23.26,0.0,690.96,0.0,0.0,,0.0
129,15,2.00,7,15.85,22.60,23.88,-316.36,666.63,0.0,0.0,,-316.36
129,16,2.00,7,16.19,23.75,23.88,-617.85,548.38,0.0,0.0,,-617.85
129,17,2.00,7,16.70,24.61,23.88,-663.52,385.48,0.0,0.0,,-663.52
129,18,2.00,7,13.80,23.73,23.43,0.0,0.03,0.0,0.0,,0.0
129,19,2.00,7,11.74,21.42,21.24,0.0,0.00,0.0,0.0,,0.0
129,20,2.00,7,10.44,19.36,19.22,0.0,0.00,0.0,0.0,,0.0
129,21,2.00,7,9.48,17.51,17.41,0.0,0.00,0.0,0.0,,0.0
129,22,2.00,7,8.52,15.84,15.75,0.0,0.00,0.0,0.0,,0.0
129,23,2.00,7,7.93,14.36,14.29,0.0,0.00,0.0,0.0,,0.0
129,24,2.00,7,7.53,13.09,13.03,0.0,0.00,0.0,0.0,,0.0
129,1,3.00,7,7.19,11.98,11.93,0.0,0.00,0.0,-0.0,,0.0
129,2,3.00,7,7.06,11.05,11.01,0.0,0.00,0.0,-0.0,,0.0
129,3,3.00,7,6.86,10.25,10.21,0.0,0.00,0.0,-0.0,,0.0
129,4,3.00,7,6.57,9.53,9.50,0.0,0.00,0.0,-0.0,,0.0
129,5,3.00,7,6.25,8.87,8.85,0.0,0.00,0.0,-0.0,,0.0
129,6,3.00,7,5.88,8.27,8.25,0.0,0.00,0.0,-0.0,,0.0
129,7,3.00,7,5.40,7.68,7.66,0.0,0.00,0.0,-0.0,,0.0
129,8,3.00,7,4.54,9.24,9.23,0.0,40.40,0.0,-0.0,,0.0
129,9,3.00,7,4.84,10.82,10.81,0.0,180.64,0.0,-0.0,,0.0
129,10,3.00,7,6.41,12.73,12.72,0.0,358.32,0.0,-0.0,,0.0
129,11,3.00,7,9.23,15.14,15.14,0.0,574.63,0.0,-0.0,,0.0
129,12,3.00,7,11.92,17.79,17.78,0.0,676.86,0.0,0.0,,0.0
129,13,3.00,7,13.52,20.28,20.27,0.0,760.68,0.0,0.0,,0.0
129,14,3.00,7,14.87,22.40,22.40,0.0,690.96,0.0,0.0,,0.0
129,15,3.00,7,15.23,24.13,24.13,0.0,666.63,0.0,0.0,,0.0
129,16,3.00,7,15.23,25.36,25.36,0.0,548.38,0.0,0.0,,0.0
129,17,3.00,7,15.22,26.20,26.20,0.0,385.48,0.0,0.0,,0.0
129,18,3.00,7,13.05,25.66,25.66,0.0,0.03,0.0,0.0,,0.0
129,19,3.00,7,11.34,22.76,22.76,0.0,0.00,0.0,0.0,,0.0
129,20,3.00,7,10.30,20.40,20.40,0.0,0.00,0.0,0.0,,0.0
129,21,3.00,7,9.81,18.45,18.44,0.0,0.00,0.0,0.0,,0.0
129,22,3.00,7,8.91,16.67,16.67,0.0,0.00,0.0,0.0,,0.0
129,23,3.00,7,8.44,15.15,15.15,0.0,0.00,0.0,0.0,,0.0
129,24,3.00,7,8.02,13.82,13.82,0.0,0.00,0.0,0.0,,0.0
129,1,4.00,7,7.77,12.69,12.69,0.0,0.00,0.0,-0.0,,0.0
129,2,4.00,7,7.59,11.73,11.72,0.0,0.00,0.0,-0.0,,0.0
129,3,4.00,7,7.46,10.91,10.91,0.0,0.00,0.0,-0.0,,0.0
129,4,4.00,7,7.34,10.21,10.21,0.0,0.00,0.0,-0.0,,0.0
129,5,4.00,7,7.41,9.66,9.66,0.0,0.00,0.0,-0.0,,0.0
129,6,4.00,7,7.27,9.17,9.17,0.0,0.00,0.0,-0.0,,0.0
129,7,4.00,7,7.18,8.74,8.74,0.0,0.00,0.0,-0.0,,0.0
129,8,4.00,7,6.67,10.50,10.50,0.0,40.40,0.0,-0.0,,0.0
129,9,4.00,7,6.36,12.10,12.10,0.0,180.64,0.0,-0.0,,0.0
129,10,4.00,7,7.06,13.86,13.86,0.0,358.32,0.0,-0.0,,0.0
129,11,4.00,7,8.45,15.88,15.88,0.0,574.63,0.0,-0.0,,0.0
129,12,4.00,7,10.04,18.02,18.02,0.0,676.86,0.0,0.0,,0.0
129,13,4.00,7,10.45,19.88,19.88,0.0,760.68,0.0,0.0,,0.0
129,14,4.00,7,10.72,21.32,21.32,0.0,690.96,0.0,0.0,,0.0
129,15,4.00,7,10.79,22.45,22.45,0.0,666.63,0.0,0.0,,0.0
129,16,4.00,7,10.76,23.21,23.21,0.0,548.38,0.0,0.0,,0.0
129,17,4.00,7,10.14,23.53,23.53,0.0,385.48,0.0,0.0,,0.0
129,18,4.00,7,8.66,22.73,22.73,0.0,0.03,0.0,0.0,,0.0
129,19,4.00,7,7.26,19.66,19.66,0.0,0.00,0.0,0.0,,0.0
129,20,4.00,7,6.48,17.20,17.20,0.0,0.00,0.0,0.0,,0.0
129,21,4.00,7,5.99,15.15,15.15,0.0,0.00,0.0,0.0,,0.0
129,22,4.00,7,5.48,13.39,13.39,0.0,0.00,0.0,0.0,,0.0
129,23,4.00,7,5.16,11.88,11.88,0.0,0.00,0.0,0.0,,0.0
129,24,4.00,7,4.76,10.57,10.57,0.0,0.00,0.0,-0.0,,0.0
129,1,5.00,7,4.68,9.48,9.48,0.0,0.00,0.0,-0.0,,0.0
129,2,5.00,7,4.78,8.61,8.61,0.0,0.00,0.0,-0.0,,0.0
129,3,5.00,7,4.70,7.86,7.86,0.0,0.00,0.0,-0.0,,0.0
129,4,5.00,7,4.76,7.26,7.26,0.0,0.00,0.0,-0.0,,0.0
129,5,5.00,7,4.62,6.73,6.73,0.0,0.00,0.0,-0.0,,0.0
129,6,5.00,7,4.15,6.20,6.20,0.0,0.00,0.0,-0.0,,0.0
129,7,5.00,7,3.68,5.68,5.68,0.0,0.00,0.0,-0.0,,0.0
129,8,5.00,7,3.11,6.99,18.88,7471.85,40.40,78.07,0.0,,7549.92
129,9,5.00,7,2.49,8.08,18.88,2459.58,180.64,0.0,0.0,,2459.58
129,10,5.00,7,3.82,9.60,18.88,1380.02,358.32,0.0,0.0,,1380.02
129,11,5.00,7,6.39,11.71,18.88,423.08,574.63,0.0,0.0,,423.08
129,12,5.00,7,9.03,14.12,19.42,0.0,676.86,0.0,0.0,,0.0
129,13,5.00,7,10.75,16.39,20.47,0.0,760.68,0.0,0.0,,0.0
129,14,5.00,7,12.20,18.32,21.51,0.0,690.96,0.0,0.0,,0.0
129,15,5.00,7,12.63,19.81,22.31,0.0,666.63,0.0,0.0,,0.0
129,16,5.00,7,13.31,20.97,22.93,0.0,548.38,0.0,0.0,,0.0
129,17,5.00,7,12.45,21.44,22.98,0.0,385.48,0.0,0.0,,0.0
129,18,5.00,7,10.96,20.71,21.92,0.0,0.03,0.0,0.0,,0.0
129,19,5.00,7,10.16,18.72,19.75,0.0,0.00,0.0,0.0,,0.0
129,20,5.00,7,9.54,17.01,17.87,0.0,0.00,0.0,0.0,,0.0
129,21,5.00,7,9.04,15.52,16.24,0.0,0.00,0.0,0.0,,0.0
129,22,5.00,7,8.26,14.15,14.75,0.0,0.00,0.0,0.0,,0.0
129,23,5.00,7,7.60,12.92,13.41,0.0,0.00,0.0,0.0,,0.0
129,24,5.00,7,7.28,11.85,12.26,0.0,0.00,0.0,-0.0,,0.0
129,1,6.00,7,6.78,10.88,11.22,0.0,0.00,0.0,-0.0,,0.0
129,2,6.00,7,6.58,10.05,10.33,0.0,0.00,0.0,-0.0,,0.0
129,3,6.00,7,6.47,9.35,9.59,0.0,0.00,0.0,-0.0,,0.0
129,4,6.00,7,6.21,8.73,8.92,0.0,0.00,0.0,-0.0,,0.0
129,5,6.00,7,6.01,8.18,8.34,0.0,0.00,0.0,-0.0,,0.0
129,6,6.00,7,5.61,7.64,7.78,0.0,0.00,0.0,-0.0,,0.0
129,7,6.00,7,5.00,7.09,7.20,0.0,0.00,0.0,-0.0,,0.0
129,8,6.00,7,3.78,8.20,18.88,6660.87,40.40,119.72,0.0,,6780.59
129,9,6.00,7,3.37,9.22,18.88,2173.03,180.64,0.0,0.0,,2173.03
129,10,6.00,7,5.41,10.87,18.88,1041.33,358.32,0.0,0.0,,1041.33
129,11,6.00,7,8.64,13.24,18.88,0.0,574.63,0.0,0.0,,0.0
129,12,6.00,7,11.78,15.95,20.22,0.0,676.86,0.0,0.0,,0.0
129,13,6.00,7,14.21,18.61,21.93,0.0,760.68,0.0,0.0,,0.0
129,14,6.00,7,16.28,20.98,23.58,0.0,690.96,0.0,0.0,,0.0
129,15,6.00,7,17.62,23.03,23.88,-746.42,666.63,0.0,0.0,,-746.42
129,16,6.00,7,17.20,24.26,23.88,-818.0,548.38,0.0,0.0,,-818.0
129,17,6.00,7,16.47,24.87,23.88,-641.59,385.48,0.0,0.0,,-641.59
129,18,6.00,7,14.23,24.05,23.56,0.0,0.03,0.0,0.0,,0.0
129,19,6.00,7,12.39,21.81,21.47,0.0,0.00,0.0,0.0,,0.0
129,20,6.00,7,11.50,19.88,19.61,0.0,0.00,0.0,0.0,,0.0
129,21,6.00,7,10.82,18.19,17.97,0.0,0.00,0.0,0.0,,0.0
129,22,6.00,7,9.98,16.64,16.47,0.0,0.00,0.0,0.0,,0.0
129,23,6.00,7,9.38,15.28,15.13,0.0,0.00,0.0,0.0,,0.0
129,24,6.00,7,8.86,14.07,13.94,0.0,0.00,0.0,0.0,,0.0
129,1,7.00,7,8.00,12.90,12.80,0.0,0.00,0.0,0.0,,0.0
129,2,7.00,7,7.28,11.82,11.74,0.0,0.00,0.0,-0.0,,0.0
129,3,7.00,7,6.77,10.85,10.78,0.0,0.00,0.0,-0.0,,0.0
129,4,7.00,7,6.40,9.99,9.93,0.0,0.00,0.0,-0.0,,0.0
129,5,7.00,7,5.94,9.20,9.15,0.0,0.00,0.0,-0.0,,0.0
129,6,7.00,7,5.35,8.43,8.39,0.0,0.00,0.0,-0.0,,0.0
129,7,7.00,7,4.61,7.67,7.64,0.0,0.00,0.0,-0.0,,0.0
129,8,7.00,7,3.73,8.64,18.88,6452.25,40.40,113.24,0.0,,6565.49
129,9,7.00,7,3.17,9.51,18.88,2162.34,180.64,0.0,0.0,,2162.34
129,10,7.00,7,4.47,10.86,18.88,1184.94,358.32,0.0,0.0,,1184.94
129,11,7.00,7,7.21,12.88,18.88,240.9,574.63,0.0,0.0,,240.9
129,12,7.00,7,9.85,15.21,19.68,0.0,676.86,0.0,0.0,,0.0
129,13,7.00,7,12.02,17.55,21.00,0.0,760.68,0.0,0.0,,0.0
129,14,7.00,7,13.69,19.57,22.26,0.0,690.96,0.0,0.0,,0.0
129,15,7.00,7,14.98,21.34,23.46,0.0,666.63,0.0,0.0,,0.0
129,16,7.00,7,15.75,22.71,23.88,-307.88,548.38,0.0,0.0,,-307.88
129,17,7.00,7,15.29,23.43,23.88,-361.9,385.48,0.0,0.0,,-361.9
129,18,7.00,7,14.17,22.98,23.48,0.0,0.03,0.0,0.0,,0.0
129,19,7.00,7,12.14,20.87,21.33,0.0,0.00,0.0,0.0,,0.0
129,20,7.00,7,10.92,18.99,19.38,0.0,0.00,0.0,0.0,,0.0
129,21,7.00,7,10.36,17.37,17.70,0.0,0.00,0.0,0.0,,0.0
129,22,7.00,7,9.54,15.90,16.17,0.0,0.00,0.0,0.0,,0.0
129,23,7.00,7,8.72,14.54,14.76,0.0,0.00,0.0,0.0,,0.0
129,24,7.00,7,8.29,13.36,13.55,0.0,0.00,0.0,0.0,,0.0
129,1,1.00,7,7.77,12.29,12.45,0.0,0.00,0.0,-0.0,,0.0
129,2,1.00,7,7.39,11.35,11.48,0.0,0.00,0.0,-0.0,,0.0
129,3,1.00,7,7.07,10.52,10.63,0.0,0.00,0.0,-0.0,,0.0
129,4,1.00,7,6.73,9.78,9.86,0.0,0.00,0.0,-0.0,,0.0
129,5,1.00,7,6.38,9.10,9.17,0.0,0.00,0.0,-0.0,,0.0
129,6,1.00,7,6.08,8.49,8.55,0.0,0.00,0.0,-0.0,,0.0
129,7,1.00,7,5.59,7.89,7.94,0.0,0.00,0.0,-0.0,,0.0
129,8,1.00,7,4.99,9.12,18.88,6108.53,40.40,0.0,0.0,,6108.53
129,9,1.00,7,4.42,10.16,18.88,1920.91,180.64,0.0,0.0,,1920.91
129,10,1.00,7,5.44,11.56,18.88,998.64,358.32,0.0,0.0,,998.64
129,11,1.00,7,6.19,13.09,18.88,402.75,574.63,0.0,0.0,,402.75
129,12,1.00,7,7.92,14.88,19.15,0.0,676.86,0.0,0.0,,0.0
129,13,1.00,7,9.30,16.64,19.93,0.0,760.68,0.0,0.0,,0.0
129,14,1.00,7,10.00,17.99,20.56,0.0,690.96,0.0,0.0,,0.0
129,15,1.00,7,10.56,19.11,21.12,0.0,666.63,0.0,0.0,,0.0
129,16,1.00,7,10.12,19.67,21.25,0.0,548.38,0.0,0.0,,0.0
129,17,1.00,7,9.17,19.70,20.94,0.0,385.48,0.0,0.0,,0.0
129,18,1.00,7,8.42,18.84,19.82,0.0,0.03,0.0,0.0,,0.0
129,19,1.00,7,7.92,16.83,17.67,0.0,0.00,0.0,0.0,,0.0
129,20,1.00,7,8.07,15.24,15.94,0.0,0.00,0.0,0.0,,0.0
129,21,1.00,7,8.78,14.07,14.65,0.0,0.00,0.0,0.0,,0.0
129,22,1.00,7,8.53,13.04,13.52,0.0,0.00,0.0,0.0,,0.0
129,23,1.00,7,8.00,12.07,12.47,0.0,0.00,0.0,0.0,,0.0
129,24,1.00,7,7.63,11.21,11.54,0.0,0.00,0.0,-0.0,,0.0
129,1,2.00,7,6.97,10.37,10.65,0.0,0.00,0.0,-0.0,,0.0
129,2,2.00,7,6.66,9.64,9.87,0.0,0.00,0.0,-0.0,,0.0
129,3,2.00,7,6.44,9.00,9.19,0.0,0.00,0.0,-0.0,,0.0
129,4,2.00,7,6.40,8.48,8.63,0.0,0.00,0.0,-0.0,,0.0
129,5,2.00,7,6.42,8.05,8.18,0.0,0.00,0.0,-0.0,,0.0
129,6,2.00,7,6.45,7.70,7.81,0.0,0.00,0.0,-0.0,,0.0
129,7,2.00,7,6.35,7.39,7.48,0.0,0.00,0.0,-0.0,,0.0
129,8,2.00,7,5.73,8.91,18.88,6221.78,40.40,0.0,0.0,,6221.78
129,9,2.00,7,5.27,10.19,18.88,1822.27,180.64,0.0,0.0,,1822.27
129,10,2.00,7,6.37,11.79,18.88,854.5,358.32,0.0,0.0,,854.5
129,11,2.00,7,7.53,13.58,18.88,173.11,574.63,0.0,0.0,,173.11
129,12,2.00,7,9.64,15.67,19.64,0.0,676.86,0.0,0.0,,0.0
129,13,2.00,7,11.07,17.64,20.71,0.0,760.68,0.0,0.0,,0.0
129,14,2.00,7,11.83,19.17,21.58,0.0,690.96,0.0,0.0,,0.0
129,15,2.00,7,12.38,20.42,22.31,0.0,666.63,0.0,0.0,,0.0
129,16,2.00,7,12.65,21.28,22.76,0.0,548.38,0.0,0.0,,0.0
129,17,2.00,7,11.83,21.55,22.71,0.0,385.48,0.0,0.0,,0.0
129,18,2.00,7,10.01,20.57,21.49,0.0,0.03,0.0,0.0,,0.0
129,19,2.00,7,7.42,18.08,18.86,0.0,0.00,0.0,0.0,,0.0
129,20,2.00,7,6.48,15.93,16.59,0.0,0.00,0.0,0.0,,0.0
129,21,2.00,7,5.88,14.09,14.63,0.0,0.00,0.0,0.0,,0.0
129,22,2.00,7,5.39,12.49,12.94,0.0,0.00,0.0,0.0,,0.0
129,23,2.00,7,4.89,11.09,11.46,0.0,0.00,0.0,0.0,,0.0
129,24,2.00,7,4.67,9.90,10.21,0.0,0.00,0.0,-0.0,,0.0
129,1,3.00,7,3.80,8.74,9.00,0.0,0.00,0.0,-0.0,,0.0
129,2,3.00,7,3.21,7.69,7.91,0.0,0.00,0.0,-0.0,,0.0
129,3,3.00,7,2.78,6.76,6.94,0.0,0.00,0.0,-0.0,,0.0
129,4,3.00,7,2.23,5.89,6.03,0.0,0.00,0.0,-0.0,,0.0
129,5,3.00,7,1.72,5.08,5.20,0.0,0.00,0.0,-0.0,,0.0
129,6,3.00,7,1.28,4.34,4.44,0.0,0.00,0.0,-0.0,,0.0
129,7,3.00,7,0.79,3.65,3.73,0.0,0.00,0.0,-0.0,,0.0
129,8,3.00,7,-0.02,5.13,5.20,0.0,40.40,0.0,-0.0,,0.0
129,9,3.00,7,-0.43,6.50,6.55,0.0,180.64,0.0,-0.0,,0.0
129,10,3.00,7,2.15,8.46,8.51,0.0,358.32,0.0,-0.0,,0.0
129,11,3.00,7,5.08,10.92,10.96,0.0,574.63,0.0,-0.0,,0.0
129,12,3.00,7,8.81,13.81,13.84,0.0,676.86,0.0,-0.0,,0.0
129,13,3.00,7,11.69,16.74,16.76,0.0,760.68,0.0,0.0,,0.0
129,14,3.00,7,13.90,19.36,19.38,0.0,690.96,0.0,0.0,,0.0
129,15,3.00,7,15.84,21.78,21.80,0.0,666.63,0.0,0.0,,0.0
129,16,3.00,7,15.33,23.43,23.45,0.0,548.38,0.0,0.0,,0.0
129,17,3.00,7,14.19,24.38,24.39,0.0,385.48,0.0,0.0,,0.0
129,18,3.00,7,11.53,23.86,23.87,0.0,0.03,0.0,0.0,,0.0
129,19,3.00,7,8.50,20.73,20.74,0.0,0.00,0.0,0.0,,0.0
129,20,3.00,7,7.44,18.22,18.23,0.0,0.00,0.0,0.0,,0.0
129,21,3.00,7,6.26,16.00,16.01,0.0,0.00,0.0,0.0,,0.0
129,22,3.00,7,5.54,14.08,14.09,0.0,0.00,0.0,0.0,,0.0
129,23,3.00,7,4.70,12.35,12.36,0.0,0.00,0.0,0.0,,0.0
129,24,3.00,7,4.19,10.85,10.85,0.0,0.00,0.0,0.0,,0.0
129,1,4.00,7,3.13,9.40,9.41,0.0,0.00,0.0,-0.0,,0.0
129,2,4.00,7,2.50,8.12,8.12,0.0,0.00,0.0,-0.0,,0.0
129,3,4.00,7,1.99,6.97,6.97,0.0,0.00,0.0,-0.0,,0.0
129,4,4.00,7,1.52,5.95,5.95,0.0,0.00,0.0,-0.0,,0.0
129,5,4.00,7,1.16,5.04,5.04,0.0,0.00,0.0,-0.0,,0.0
129,6,4.00,7,0.76,4.22,4.23,0.0,0.00,0.0,-0.0,,0.0
129,7,4.00,7,0.19,3.44,3.45,0.0,0.00,0.0,-0.0,,0.0
129,8,4.00,7,-0.74,4.84,4.84,0.0,40.40,0.0,-0.0,,0.0
129,9,4.00,7,0.36,6.45,6.45,0.0,180.64,0.0,-0.0,,0.0
129,10,4.00,7,2.79,8.54,8.54,0.0,358.32,0.0,-0.0,,0.0
129,11,4.00,7,6.38,11.23,11.23,0.0,574.63,0.0,-0.0,,0.0
129,12,4.00,7,10.07,14.28,14.29,0.0,676.86,0.0,-0.0,,0.0
129,13,4.00,7,12.60,17.27,17.27,0.0,760.68,0.0,0.0,,0.0
129,14,4.00,7,14.85,19.96,19.96,0.0,690.96,0.0,0.0,,0.0
129,15,4.00,7,16.55,22.39,22.39,0.0,666.63,0.0,0.0,,0.0
129,16,4.00,7,16.02,24.05,24.05,0.0,548.38,0.0,0.0,,0.0
129,17,4.00,7,15.17,25.07,25.07,0.0,385.48,0.0,0.0,,0.0
129,18,4.00,7,11.98,24.49,24.49,0.0,0.03,0.0,0.0,,0.0
129,19,4.00,7,9.64,21.47,21.47,0.0,0.00,0.0,0.0,,0.0
129,20,4.00,7,8.46,19.00,19.00,0.0,0.00,0.0,0.0,,0.0
129,21,4.00,7,7.06,16.77,16.77,0.0,0.00,0.0,0.0,,0.0
129,22,4.00,7,5.89,14.76,14.76,0.0,0.00,0.0,0.0,,0.0
129,23,4.00,7,4.93,12.94,12.94,0.0,0.00,0.0,0.0,,0.0
129,24,4.00,7,4.16,11.32,11.32,0.0,0.00,0.0,0.0,,0.0
129,1,5.00,7,3.08,9.78,9.78,0.0,0.00,0.0,-0.0,,0.0
129,2,5.00,7,2.43,8.42,8.42,0.0,0.00,0.0,-0.0,,0.0
129,3,5.00,7,1.70,7.16,7.16,0.0,0.00,0.0,-0.0,,0.0
129,4,5.00,7,0.94,5.99,5.99,0.0,0.00,0.0,-0.0,,0.0
129,5,5.00,7,0.36,4.93,4.93,0.0,0.00,0.0,-0.0,,0.0
129,6,5.00,7,-0.18,3.97,3.97,0.0,0.00,0.0,-0.0,,0.0
129,7,5.00,7,0.98,3.43,3.43,0.0,0.00,0.0,-0.0,,0.0
129,8,5.00,7,1.97,5.09,18.88,8668.45,40.40,312.08,0.0,,8980.53
129,9,5.00,7,3.37,6.92,18.88,2495.99,180.64,0.0,0.0,,2495.99
129,10,5.00,7,5.41,9.10,18.88,1186.93,358.32,0.0,0.0,,1186.93
129,11,5.00,7,9.39,12.06,18.98,0.0,574.63,0.0,0.0,,0.0
129,12,5.00,7,13.16,15.36,20.62,0.0,676.86,0.0,0.0,,0.0
129,13,5.00,7,15.63,18.47,22.55,0.0,760.68,0.0,0.0,,0.0
129,14,5.00,7,17.93,21.24,23.88,-348.6,690.96,0.0,0.0,,-348.6
129,15,5.00,7,19.65,23.68,23.88,-1251.61,666.63,0.0,0.0,,-1251.61
129,16,5.00,7,20.79,25.64,23.88,-1483.52,548.38,0.0,0.0,,-1483.52
129,17,5.00,7,19.99,26.72,23.88,-1287.99,385.48,0.0,0.0,,-1287.99
129,18,5.00,7,17.03,26.05,23.88,-320.22,0.03,0.0,0.0,,-320.22
129,19,5.00,7,14.80,23.83,22.23,0.0,0.00,0.0,0.0,,0.0
129,20,5.00,7,13.12,21.78,20.50,0.0,0.00,0.0,0.0,,0.0
129,21,5.00,7,11.61,19.85,18.81,0.0,0.00,0.0,0.0,,0.0
129,22,5.00,7,10.06,18.00,17.14,0.0,0.00,0.0,0.0,,0.0
129,23,5.00,7,8.78,16.26,15.55,0.0,0.00,0.0,0.0,,0.0
129,24,5.00,7,7.60,14.63,14.04,0.0,0.00,0.0,0.0,,0.0
129,1,6.00,7,6.25,13.04,12.55,0.0,0.00,0.0,-0.0,,0.0
129,2,6.00,7,5.33,11.59,11.19,0.0,0.00,0.0,-0.0,,0.0
129,3,6.00,7,4.52,10.26,9.93,0.0,0.00,0.0,-0.0,,0.0
129,4,6.00,7,3.72,9.02,8.75,0.0,0.00,0.0,-0.0,,0.0
129,5,6.00,7,3.17,7.92,7.69,0.0,0.00,0.0,-0.0,,0.0
129,6,6.00,7,2.64,6.92,6.73,0.0,0.00,0.0,-0.0,,0.0
129,7,6.00,7,1.96,5.97,5.81,0.0,0.00,0.0,-0.0,,0.0
129,8,6.00,7,1.05,6.71,18.88,7723.47,40.40,373.8,0.0,,8097.27
129,9,6.00,7,1.45,7.69,18.88,2620.02,180.64,0.0,0.0,,2620.02
129,10,6.00,7,1.69,8.78,18.88,1747.68,358.32,0.0,0.0,,1747.68
129,11,6.00,7,3.76,10.46,18.88,888.84,574.63,0.0,0.0,,888.84
129,12,6.00,7,6.19,12.51,18.88,172.49,676.86,0.0,0.0,,172.49
129,13,6.00,7,7.67,14.46,19.27,0.0,760.68,0.0,0.0,,0.0
129,14,6.00,7,8.64,16.01,19.75,0.0,690.96,0.0,0.0,,0.0
129,15,6.00,7,9.29,17.29,20.22,0.0,666.63,0.0,0.0,,0.0
129,16,6.00,7,9.39,18.12,20.42,0.0,548.38,0.0,0.0,,0.0
129,17,6.00,7,9.04,18.50,20.31,0.0,385.48,0.0,0.0,,0.0
129,18,6.00,7,7.65,17.71,19.13,0.0,0.03,0.0,0.0,,0.0
129,19,6.00,7,5.98,15.50,16.71,0.0,0.00,0.0,0.0,,0.0
129,20,6.00,7,5.54,13.67,14.68,0.0,0.00,0.0,0.0,,0.0
129,21,6.00,7,5.11,12.09,12.93,0.0,0.00,0.0,0.0,,0.0
129,22,6.00,7,4.42,10.67,11.37,0.0,0.00,0.0,0.0,,0.0
129,23,6.00,7,3.63,9.35,9.93,0.0,0.00,0.0,0.0,,0.0
129,24,6.00,7,3.59,8.28,8.76,0.0,0.00,0.0,-0.0,,0.0
129,1,7.00,7,3.25,7.33,7.73,0.0,0.00,0.0,-0.0,,0.0
129,2,7.00,7,3.23,6.56,6.89,0.0,0.00,0.0,-0.0,,0.0
129,3,7.00,7,3.62,6.00,6.27,0.0,0.00,0.0,-0.0,,0.0
129,4,7.00,7,4.28,5.67,5.89,0.0,0.00,0.0,-0.0,,0.0
129,5,7.00,7,4.80,5.48,5.66,0.0,0.00,0.0,-0.0,,0.0
129,6,7.00,7,4.73,5.28,5.44,0.0,0.00,0.0,-0.0,,0.0
129,7,7.00,7,4.31,5.03,5.15,0.0,0.00,0.0,-0.0,,0.0
129,8,7.00,7,4.08,6.74,18.88,7570.21,40.40,169.8,0.0,,7740.01
129,9,7.00,7,4.62,8.42,18.88,2144.27,180.64,0.0,0.0,,2144.27
129,10,7.00,7,4.95,10.06,18.88,1198.84,358.32,0.0,0.0,,1198.84
129,11,7.00,7,6.44,12.00,18.88,414.58,574.63,0.0,0.0,,414.58
129,12,7.00,7,8.67,14.23,19.32,0.0,676.86,0.0,0.0,,0.0
129,13,7.00,7,10.34,16.38,20.30,0.0,760.68,0.0,0.0,,0.0
129,14,7.00,7,11.40,18.11,21.17,0.0,690.96,0.0,0.0,,0.0
129,15,7.00,7,11.84,19.47,21.87,0.0,666.63,0.0,0.0,,0.0
129,16,7.00,7,11.81,20.33,22.22,0.0,548.38,0.0,0.0,,0.0
129,17,7.00,7,11.56,20.77,22.26,0.0,385.48,0.0,0.0,,0.0
129,18,7.00,7,9.88,19.95,21.12,0.0,0.03,0.0,0.0,,0.0
129,19,7.00,7,8.52,17.80,18.79,0.0,0.00,0.0,0.0,,0.0
129,20,7.00,7,7.86,15.95,16.78,0.0,0.00,0.0,0.0,,0.0
129,21,7.00,7,7.44,14.38,15.07,0.0,0.00,0.0,0.0,,0.0
129,22,7.00,7,7.14,13.04,13.61,0.0,0.00,0.0,0.0,,0.0
129,23,7.00,7,6.94,11.90,12.38,0.0,0.00,0.0,0.0,,0.0
129,24,7.00,7,7.17,11.02,11.41,0.0,0.00,0.0,-0.0,,0.0
129,1,1.00,7,7.31,10.31,10.64,0.0,0.00,0.0,-0.0,,0.0
129,2,1.00,7,7.97,9.86,10.13,0.0,0.00,0.0,-0.0,,0.0
129,3,1.00,7,8.49,9.57,9.79,0.0,0.00,0.0,-0.0,,0.0
129,4,1.00,7,8.63,9.34,9.53,0.0,0.00,0.0,-0.0,,0.0
129,5,1.00,7,9.40,9.30,9.46,0.0,0.00,0.0,-0.0,,0.0
129,6,1.00,7,9.81,9.33,9.46,0.0,0.00,0.0,-0.0,,0.0
129,7,1.00,7,9.67,9.30,9.41,0.0,0.00,0.0,-0.0,,0.0
129,8,1.00,7,8.42,10.98,18.88,4914.41,40.40,0.0,0.0,,4914.41
129,9,1.00,7,7.74,12.33,18.88,1232.15,180.64,0.0,0.0,,1232.15
129,10,1.00,7,8.49,13.89,18.88,401.67,358.32,0.0,0.0,,401.67
129,11,1.00,7,7.84,15.17,18.88,69.85,574.63,0.0,0.0,,69.85
129,12,1.00,7,9.60,16.86,19.67,0.0,676.86,0.0,0.0,,0.0
129,13,1.00,7,10.95,18.54,20.72,0.0,760.68,0.0,0.0,,0.0
129,14,1.00,7,12.12,19.96,21.66,0.0,690.96,0.0,0.0,,0.0
129,15,1.00,7,12.85,21.15,22.49,0.0,666.63,0.0,0.0,,0.0
129,16,1.00,7,13.14,21.96,23.02,0.0,548.38,0.0,0.0,,0.0
129,17,1.00,7,12.49,22.23,23.06,0.0,385.48,0.0,0.0,,0.0
129,18,1.00,7,10.28,21.14,21.80,0.0,0.03,0.0,0.0,,0.0
129,19,1.00,7,8.72,18.82,19.38,0.0,0.00,0.0,0.0,,0.0
129,20,1.00,7,7.66,16.75,17.22,0.0,0.00,0.0,0.0,,0.0
129,21,1.00,7,7.00,14.95,15.34,0.0,0.00,0.0,0.0,,0.0
129,22,1.00,7,5.92,13.27,13.59,0.0,0.00,0.0,0.0,,0.0
129,23,1.00,7,5.24,11.78,12.04,0.0,0.00,0.0,0.0,,0.0
129,24,1.00,7,4.43,10.40,10.62,0.0,0.00,0.0,-0.0,,0.0
129,1,2.00,7,3.99,9.20,9.39,0.0,0.00,0.0,-0.0,,0.0
129,2,2.00,7,3.48,8.13,8.28,0.0,0.00,0.0,-0.0,,0.0
129,3,2.00,7,3.13,7.18,7.31,0.0,0.00,0.0,-0.0,,0.0
129,4,2.00,7,2.90,6.36,6.47,0.0,0.00,0.0,-0.0,,0.0
129,5,2.00,7,2.50,5.61,5.70,0.0,0.00,0.0,-0.0,,0.0
129,6,2.00,7,3.01,5.12,5.19,0.0,0.00,0.0,-0.0,,0.0
129,7,2.00,7,3.61,4.82,4.88,0.0,0.00,0.0,-0.0,,0.0
129,8,2.00,7,3.91,6.57,18.88,7709.01,40.40,119.31,0.0,,7828.320000000001
129,9,2.00,7,4.49,8.27,18.88,2184.02,180.64,0.0,0.0,,2184.02
129,10,2.00,7,5.54,10.11,18.88,1105.14,358.32,0.0,0.0,,1105.14
129,11,2.00,7,7.50,12.31,18.88,231.21,574.63,0.0,0.0,,231.21
129,12,2.00,7,10.15,14.82,19.73,0.0,676.86,0.0,0.0,,0.0
129,13,2.00,7,11.74,17.14,20.94,0.0,760.68,0.0,0.0,,0.0
129,14,2.00,7,13.32,19.15,22.12,0.0,690.96,0.0,0.0,,0.0
129,15,2.00,7,14.13,20.80,23.13,0.0,666.63,0.0,0.0,,0.0
129,16,2.00,7,14.70,22.04,23.87,0.0,548.38,0.0,0.0,,0.0
129,17,2.00,7,14.31,22.70,23.88,-165.04,385.48,0.0,0.0,,-165.04
129,18,2.00,7,12.76,22.08,23.06,0.0,0.03,0.0,0.0,,0.0
129,19,2.00,7,11.39,20.03,20.88,0.0,0.00,0.0,0.0,,0.0
129,20,2.00,7,10.77,18.29,19.01,0.0,0.00,0.0,0.0,,0.0
129,21,2.00,7,10.12,16.76,17.35,0.0,0.00,0.0,0.0,,0.0
129,22,2.00,7,9.58,15.41,15.90,0.0,0.00,0.0,0.0,,0.0
129,23,2.00,7,9.34,14.26,14.67,0.0,0.00,0.0,-0.0,,0.0
129,24,2.00,7,9.40,13.34,13.68,0.0,0.00,0.0,-0.0,,0.0
129,1,3.00,7,9.26,12.55,12.83,0.0,0.00,0.0,-0.0,,0.0
129,2,3.00,7,9.21,11.89,12.12,0.0,0.00,0.0,-0.0,,0.0
129,3,3.00,7,9.01,11.30,11.50,0.0,0.00,0.0,-0.0,,0.0
129,4,3.00,7,8.97,10.82,10.98,0.0,0.00,0.0,-0.0,,0.0
129,5,3.00,7,8.98,10.42,10.55,0.0,0.00,0.0,-0.0,,0.0
129,6,3.00,7,8.98,10.09,10.20,0.0,0.00,0.0,-0.0,,0.0
129,7,3.00,7,9.04,9.83,9.92,0.0,0.00,0.0,-0.0,,0.0
129,8,3.00,7,8.92,11.80,11.87,0.0,40.40,0.0,-0.0,,0.0
129,9,3.00,7,8.34,13.50,13.56,0.0,180.64,0.0,-0.0,,0.0
129,10,3.00,7,8.47,15.23,15.28,0.0,358.32,0.0,-0.0,,0.0
129,11,3.00,7,9.20,17.10,17.14,0.0,574.63,0.0,-0.0,,0.0
129,12,3.00,7,10.08,19.00,19.03,0.0,676.86,0.0,0.0,,0.0
129,13,3.00,7,10.68,20.73,20.76,0.0,760.68,0.0,0.0,,0.0
129,14,3.00,7,11.02,22.07,22.09,0.0,690.96,0.0,0.0,,0.0
129,15,3.00,7,11.24,23.15,23.18,0.0,666.63,0.0,0.0,,0.0
129,16,3.00,7,11.07,23.84,23.86,0.0,548.38,0.0,0.0,,0.0
129,17,3.00,7,10.54,24.12,24.13,0.0,385.48,0.0,0.0,,0.0
129,18,3.00,7,10.13,23.51,23.52,0.0,0.03,0.0,0.0,,0.0
129,19,3.00,7,9.37,20.70,20.71,0.0,0.00,0.0,0.0,,0.0
129,20,3.00,7,8.27,18.36,18.37,0.0,0.00,0.0,0.0,,0.0
129,21,3.00,7,7.44,16.34,16.35,0.0,0.00,0.0,0.0,,0.0
129,22,3.00,7,6.79,14.58,14.59,0.0,0.00,0.0,0.0,,0.0
129,23,3.00,7,6.09,13.01,13.01,0.0,0.00,0.0,-0.0,,0.0
129,24,3.00,7,5.55,11.62,11.63,0.0,0.00,0.0,-0.0,,0.0
129,1,4.00,7,5.37,10.46,10.46,0.0,0.00,0.0,-0.0,,0.0
129,2,4.00,7,5.06,9.44,9.45,0.0,0.00,0.0,-0.0,,0.0
129,3,4.00,7,4.99,8.60,8.60,0.0,0.00,0.0,-0.0,,0.0
129,4,4.00,7,4.97,7.90,7.91,0.0,0.00,0.0,-0.0,,0.0
129,5,4.00,7,5.35,7.41,7.41,0.0,0.00,0.0,-0.0,,0.0
129,6,4.00,7,5.88,7.10,7.10,0.0,0.00,0.0,-0.0,,0.0
129,7,4.00,7,6.12,6.87,6.87,0.0,0.00,0.0,-0.0,,0.0
129,8,4.00,7,5.78,8.81,8.81,0.0,40.40,0.0,-0.0,,0.0
129,9,4.00,7,5.39,10.53,10.53,0.0,180.64,0.0,-0.0,,0.0
129,10,4.00,7,6.72,12.53,12.53,0.0,358.32,0.0,-0.0,,0.0
129,11,4.00,7,7.60,14.61,14.61,0.0,574.63,0.0,-0.0,,0.0
129,12,4.00,7,9.32,16.84,16.85,0.0,676.86,0.0,-0.0,,0.0
129,13,4.00,7,10.30,18.91,18.91,0.0,760.68,0.0,0.0,,0.0
129,14,4.00,7,10.86,20.55,20.55,0.0,690.96,0.0,0.0,,0.0
129,15,4.00,7,11.63,21.99,21.99,0.0,666.63,0.0,0.0,,0.0
129,16,4.00,7,11.85,23.03,23.03,0.0,548.38,0.0,0.0,,0.0
129,17,4.00,7,11.08,23.53,23.53,0.0,385.48,0.0,0.0,,0.0
129,18,4.00,7,9.77,22.92,22.92,0.0,0.03,0.0,0.0,,0.0
129,19,4.00,7,8.88,20.12,20.12,0.0,0.00,0.0,0.0,,0.0
129,20,4.00,7,7.63,17.76,17.76,0.0,0.00,0.0,0.0,,0.0
129,21,4.00,7,6.78,15.73,15.73,0.0,0.00,0.0,0.0,,0.0
129,22,4.00,7,6.04,13.94,13.94,0.0,0.00,0.0,0.0,,0.0
129,23,4.00,7,5.45,12.37,12.37,0.0,0.00,0.0,0.0,,0.0
129,24,4.00,7,4.76,10.96,10.96,0.0,0.00,0.0,-0.0,,0.0
129,1,5.00,7,4.35,9.73,9.73,0.0,0.00,0.0,-0.0,,0.0
129,2,5.00,7,3.61,8.57,8.57,0.0,0.00,0.0,-0.0,,0.0
129,3,5.00,7,3.04,7.52,7.52,0.0,0.00,0.0,-0.0,,0.0
129,4,5.00,7,2.57,6.58,6.58,0.0,0.00,0.0,-0.0,,0.0
129,5,5.00,7,1.99,5.70,5.70,0.0,0.00,0.0,-0.0,,0.0
129,6,5.00,7,1.42,4.87,4.87,0.0,0.00,0.0,-0.0,,0.0
129,7,5.00,7,0.81,4.08,4.08,0.0,0.00,0.0,-0.0,,0.0
129,8,5.00,7,-0.15,4.98,18.88,8732.75,40.40,354.57,0.0,,9087.32
129,9,5.00,7,0.93,6.27,18.88,2869.05,180.64,0.0,0.0,,2869.05
129,10,5.00,7,3.52,8.21,18.88,1507.6,358.32,0.0,0.0,,1507.6
129,11,5.00,7,6.27,10.62,18.88,481.7,574.63,0.0,0.0,,481.7
129,12,5.00,7,9.12,13.30,19.41,0.0,676.86,0.0,0.0,,0.0
129,13,5.00,7,11.48,15.95,20.65,0.0,760.68,0.0,0.0,,0.0
129,14,5.00,7,13.18,18.20,21.88,0.0,690.96,0.0,0.0,,0.0
129,15,5.00,7,14.82,20.26,23.14,0.0,666.63,0.0,0.0,,0.0
129,16,5.00,7,15.97,21.93,23.88,-199.92,548.38,0.0,0.0,,-199.92
129,17,5.00,7,15.36,22.83,23.88,-347.25,385.48,0.0,0.0,,-347.25
129,18,5.00,7,12.73,22.11,23.06,0.0,0.03,0.0,0.0,,0.0
129,19,5.00,7,10.22,19.79,20.64,0.0,0.00,0.0,0.0,,0.0
129,20,5.00,7,9.23,17.81,18.52,0.0,0.00,0.0,0.0,,0.0
129,21,5.00,7,8.36,16.04,16.64,0.0,0.00,0.0,0.0,,0.0
129,22,5.00,7,7.68,14.48,14.98,0.0,0.00,0.0,0.0,,0.0
129,23,5.00,7,6.92,13.06,13.48,0.0,0.00,0.0,0.0,,0.0
129,24,5.00,7,6.09,11.75,12.09,0.0,0.00,0.0,0.0,,0.0
129,1,6.00,7,5.06,10.47,10.76,0.0,0.00,0.0,-0.0,,0.0
129,2,6.00,7,4.39,9.32,9.55,0.0,0.00,0.0,-0.0,,0.0
129,3,6.00,7,3.42,8.19,8.38,0.0,0.00,0.0,-0.0,,0.0
129,4,6.00,7,2.37,7.07,7.23,0.0,0.00,0.0,-0.0,,0.0
129,5,6.00,7,1.44,5.99,6.12,0.0,0.00,0.0,-0.0,,0.0
129,6,6.00,7,0.54,4.94,5.05,0.0,0.00,0.0,-0.0,,0.0
129,7,6.00,7,1.59,4.33,4.43,0.0,0.00,0.0,-0.0,,0.0
129,8,6.00,7,2.65,5.93,18.88,8093.23,40.40,349.82,0.0,,8443.05
129,9,6.00,7,4.06,7.73,18.88,2286.55,180.64,0.0,0.0,,2286.55
129,10,6.00,7,5.75,9.79,18.88,1084.4,358.32,0.0,0.0,,1084.4
129,11,6.00,7,9.49,12.60,19.05,0.0,574.63,0.0,0.0,,0.0
129,12,6.00,7,12.88,15.70,20.59,0.0,676.86,0.0,0.0,,0.0
129,13,6.00,7,15.28,18.65,22.45,0.0,760.68,0.0,0.0,,0.0
129,14,6.00,7,17.55,21.29,23.88,-245.12,690.96,0.0,0.0,,-245.12
129,15,6.00,7,18.99,23.56,23.88,-1130.25,666.63,0.0,0.0,,-1130.25
129,16,6.00,7,20.07,25.39,23.88,-1351.28,548.38,0.0,0.0,,-1351.28
129,17,6.00,7,21.17,26.89,23.88,-1484.57,385.48,0.0,0.0,,-1484.57
129,18,6.00,7,18.10,26.43,23.88,-506.13,0.03,0.0,0.0,,-506.13
129,19,6.00,7,16.15,24.37,22.52,0.0,0.00,0.0,0.0,,0.0
129,20,6.00,7,14.56,22.47,21.01,0.0,0.00,0.0,0.0,,0.0
129,21,6.00,7,13.24,20.71,19.52,0.0,0.00,0.0,0.0,,0.0
129,22,6.00,7,11.98,19.04,18.06,0.0,0.00,0.0,0.0,,0.0
129,23,6.00,7,10.89,17.49,16.68,0.0,0.00,0.0,0.0,,0.0
129,24,6.00,7,9.71,16.01,15.33,0.0,0.00,0.0,0.0,,0.0
129,1,7.00,7,8.70,14.61,14.06,0.0,0.00,0.0,-0.0,,0.0
129,2,7.00,7,7.58,13.27,12.80,0.0,0.00,0.0,-0.0,,0.0
129,3,7.00,7,6.65,12.00,11.62,0.0,0.00,0.0,-0.0,,0.0
129,4,7.00,7,5.70,10.79,10.48,0.0,0.00,0.0,-0.0,,0.0
129,5,7.00,7,4.85,9.65,9.39,0.0,0.00,0.0,-0.0,,0.0
129,6,7.00,7,4.04,8.57,8.36,0.0,0.00,0.0,-0.0,,0.0
129,7,7.00,7,3.13,7.52,7.34,0.0,0.00,0.0,-0.0,,0.0
129,8,7.00,7,1.70,8.02,18.88,6908.75,40.40,239.33,0.0,,7148.08
129,9,7.00,7,2.90,9.07,18.88,2232.9,180.64,0.0,0.0,,2232.9
129,10,7.00,7,5.21,10.75,18.88,1071.86,358.32,0.0,0.0,,1071.86
129,11,7.00,7,8.63,13.16,18.88,0.0,574.63,0.0,0.0,,0.0
129,12,7.00,7,12.11,15.98,20.31,0.0,676.86,0.0,0.0,,0.0
129,13,7.00,7,14.94,18.82,22.19,0.0,760.68,0.0,0.0,,0.0
129,14,7.00,7,17.24,21.37,23.88,-77.38,690.96,0.0,0.0,,-77.38
129,15,7.00,7,18.91,23.63,23.88,-1096.67,666.63,0.0,0.0,,-1096.67
129,16,7.00,7,20.09,25.45,23.88,-1345.52,548.38,0.0,0.0,,-1345.52
129,17,7.00,7,21.32,26.98,23.88,-1506.09,385.48,0.0,0.0,,-1506.09
129,18,7.00,7,18.75,26.67,23.88,-616.83,0.03,0.0,0.0,,-616.83
129,19,7.00,7,16.39,24.59,22.58,0.0,0.00,0.0,0.0,,0.0
129,20,7.00,7,14.65,22.66,21.07,0.0,0.00,0.0,0.0,,0.0
129,21,7.00,7,13.51,20.91,19.62,0.0,0.00,0.0,0.0,,0.0
129,22,7.00,7,12.16,19.24,18.17,0.0,0.00,0.0,0.0,,0.0
129,23,7.00,7,11.03,17.68,16.79,0.0,0.00,0.0,0.0,,0.0
129,24,7.00,7,10.07,16.23,15.50,0.0,0.00,0.0,-0.0,,0.0
129,1,1.00,7,9.20,14.89,14.28,0.0,0.00,0.0,-0.0,,0.0
129,2,1.00,7,8.30,13.63,13.13,0.0,0.00,0.0,-0.0,,0.0
129,3,1.00,7,7.38,12.43,12.01,0.0,0.00,0.0,-0.0,,0.0
129,4,1.00,7,6.57,11.30,10.95,0.0,0.00,0.0,-0.0,,0.0
129,5,1.00,7,5.77,10.23,9.94,0.0,0.00,0.0,-0.0,,0.0
129,6,1.00,7,4.89,9.19,8.96,0.0,0.00,0.0,-0.0,,0.0
129,7,1.00,7,3.75,8.13,7.93,0.0,0.00,0.0,-0.0,,0.0
129,8,1.00,7,2.61,8.71,18.88,6484.58,40.40,0.0,0.0,,6484.58
129,9,1.00,7,3.80,9.80,18.88,2024.69,180.64,0.0,0.0,,2024.69
129,10,1.00,7,6.00,11.48,18.88,905.58,358.32,0.0,0.0,,905.58
129,11,1.00,7,10.17,14.11,19.33,0.0,574.63,0.0,0.0,,0.0
129,12,1.00,7,13.48,17.01,20.97,0.0,676.86,0.0,0.0,,0.0
129,13,1.00,7,16.51,19.98,23.06,0.0,760.68,0.0,0.0,,0.0
129,14,1.00,7,18.86,22.63,23.88,-728.0,690.96,0.0,0.0,,-728.0
129,15,1.00,7,20.51,24.95,23.88,-1443.68,666.63,0.0,0.0,,-1443.68
129,16,1.00,7,21.69,26.84,23.88,-1662.41,548.38,0.0,0.0,,-1662.41
129,17,1.00,7,20.58,27.76,23.88,-1405.85,385.48,0.0,0.0,,-1405.85
129,18,1.00,7,17.75,27.03,23.88,-455.06,0.03,0.0,0.0,,-455.06
129,19,1.00,7,16.48,24.97,22.60,0.0,0.00,0.0,0.0,,0.0
129,20,1.00,7,14.94,23.04,21.14,0.0,0.00,0.0,0.0,,0.0
129,21,1.00,7,13.60,21.24,19.69,0.0,0.00,0.0,0.0,,0.0
129,22,1.00,7,12.27,19.53,18.25,0.0,0.00,0.0,0.0,,0.0
129,23,1.00,7,10.83,17.87,16.81,0.0,0.00,0.0,0.0,,0.0
129,24,1.00,7,9.48,16.27,15.39,0.0,0.00,0.0,0.0,,0.0
129,1,2.00,7,8.53,14.80,14.07,0.0,0.00,0.0,-0.0,,0.0
129,2,2.00,7,7.41,13.40,12.79,0.0,0.00,0.0,-0.0,,0.0
129,3,2.00,7,6.61,12.11,11.60,0.0,0.00,0.0,-0.0,,0.0
129,4,2.00,7,5.71,10.88,10.47,0.0,0.00,0.0,-0.0,,0.0
129,5,2.00,7,4.89,9.74,9.39,0.0,0.00,0.0,-0.0,,0.0
129,6,2.00,7,3.94,8.62,8.34,0.0,0.00,0.0,-0.0,,0.0
129,7,2.00,7,2.94,7.53,7.29,0.0,0.00,0.0,-0.0,,0.0
129,8,2.00,7,1.59,8.00,18.88,6948.81,40.40,102.18,0.0,,7050.990000000001
129,9,2.00,7,2.25,8.88,18.88,2350.33,180.64,0.0,0.0,,2350.33
129,10,2.00,7,4.32,10.39,18.88,1231.0,358.32,0.0,0.0,,1231.0
129,11,2.00,7,7.80,12.69,18.88,149.61,574.63,0.0,0.0,,149.61
129,12,2.00,7,11.11,15.39,20.02,0.0,676.86,0.0,0.0,,0.0
129,13,2.00,7,13.73,18.09,21.67,0.0,760.68,0.0,0.0,,0.0
129,14,2.00,7,15.36,20.35,23.15,0.0,690.96,0.0,0.0,,0.0
129,15,2.00,7,16.69,22.33,23.88,-405.28,666.63,0.0,0.0,,-405.28
129,16,2.00,7,16.56,23.59,23.88,-672.23,548.38,0.0,0.0,,-672.23
129,17,2.00,7,16.14,24.30,23.88,-563.15,385.48,0.0,0.0,,-563.15
129,18,2.00,7,13.68,23.47,23.39,0.0,0.03,0.0,0.0,,0.0
129,19,2.00,7,11.14,21.09,21.08,0.0,0.00,0.0,0.0,,0.0
129,20,2.00,7,10.26,19.06,19.07,0.0,0.00,0.0,0.0,,0.0
129,21,2.00,7,9.19,17.21,17.22,0.0,0.00,0.0,0.0,,0.0
129,22,2.00,7,8.37,15.56,15.57,0.0,0.00,0.0,0.0,,0.0
129,23,2.00,7,7.87,14.13,14.14,0.0,0.00,0.0,0.0,,0.0
129,24,2.00,7,7.80,12.95,12.96,0.0,0.00,0.0,-0.0,,0.0
129,1,3.00,7,7.43,11.90,11.91,0.0,0.00,0.0,-0.0,,0.0
129,2,3.00,7,7.31,11.03,11.03,0.0,0.00,0.0,-0.0,,0.0
129,3,3.00,7,7.06,10.25,10.26,0.0,0.00,0.0,-0.0,,0.0
129,4,3.00,7,6.76,9.56,9.57,0.0,0.00,0.0,-0.0,,0.0
129,5,3.00,7,6.43,8.93,8.93,0.0,0.00,0.0,-0.0,,0.0
129,6,3.00,7,5.97,8.32,8.33,0.0,0.00,0.0,-0.0,,0.0
129,7,3.00,7,5.51,7.74,7.74,0.0,0.00,0.0,-0.0,,0.0
129,8,3.00,7,5.22,9.43,9.43,0.0,40.40,0.0,-0.0,,0.0
129,9,3.00,7,5.06,11.00,11.00,0.0,180.64,0.0,-0.0,,0.0
129,10,3.00,7,5.01,12.56,12.57,0.0,358.32,0.0,-0.0,,0.0
129,11,3.00,7,6.37,14.44,14.45,0.0,574.63,0.0,-0.0,,0.0
129,12,3.00,7,8.30,16.54,16.54,0.0,676.86,0.0,0.0,,0.0
129,13,3.00,7,9.35,18.50,18.50,0.0,760.68,0.0,0.0,,0.0
129,14,3.00,7,9.51,19.97,19.97,0.0,690.96,0.0,0.0,,0.0
129,15,3.00,7,9.29,21.06,21.06,0.0,666.63,0.0,0.0,,0.0
129,16,3.00,7,9.40,21.83,21.83,0.0,548.38,0.0,0.0,,0.0
129,17,3.00,7,9.27,22.26,22.26,0.0,385.48,0.0,0.0,,0.0
129,18,3.00,7,7.48,21.47,21.47,0.0,0.03,0.0,0.0,,0.0
129,19,3.00,7,6.31,18.46,18.46,0.0,0.00,0.0,0.0,,0.0
129,20,3.00,7,5.99,16.15,16.15,0.0,0.00,0.0,0.0,,0.0
129,21,3.00,7,5.67,14.23,14.23,0.0,0.00,0.0,0.0,,0.0
129,22,3.00,7,5.26,12.59,12.59,0.0,0.00,0.0,0.0,,0.0
129,23,3.00,7,4.66,11.12,11.13,0.0,0.00,0.0,0.0,,0.0
129,24,3.00,7,4.83,9.97,9.97,0.0,0.00,0.0,-0.0,,0.0
129,1,4.00,7,4.72,8.99,8.99,0.0,0.00,0.0,-0.0,,0.0
129,2,4.00,7,4.84,8.21,8.21,0.0,0.00,0.0,-0.0,,0.0
129,3,4.00,7,4.98,7.59,7.59,0.0,0.00,0.0,-0.0,,0.0
129,4,4.00,7,4.84,7.04,7.04,0.0,0.00,0.0,-0.0,,0.0
129,5,4.00,7,4.64,6.55,6.55,0.0,0.00,0.0,-0.0,,0.0
129,6,4.00,7,4.43,6.10,6.10,0.0,0.00,0.0,-0.0,,0.0
129,7,4.00,7,4.37,5.73,5.73,0.0,0.00,0.0,-0.0,,0.0
129,8,4.00,7,4.10,7.58,7.58,0.0,40.40,0.0,-0.0,,0.0
129,9,4.00,7,5.22,9.55,9.55,0.0,180.64,0.0,-0.0,,0.0
129,10,4.00,7,7.61,11.92,11.92,0.0,358.32,0.0,-0.0,,0.0
129,11,4.00,7,9.65,14.52,14.52,0.0,574.63,0.0,-0.0,,0.0
129,12,4.00,7,12.13,17.29,17.29,0.0,676.86,0.0,-0.0,,0.0
129,13,4.00,7,13.90,19.93,19.93,0.0,760.68,0.0,0.0,,0.0
129,14,4.00,7,15.22,22.17,22.17,0.0,690.96,0.0,0.0,,0.0
129,15,4.00,7,16.32,24.14,24.14,0.0,666.63,0.0,0.0,,0.0
129,16,4.00,7,17.02,25.71,25.71,0.0,548.38,0.0,0.0,,0.0
129,17,4.00,7,17.55,26.91,26.91,0.0,385.48,0.0,0.0,,0.0
129,18,4.00,7,14.90,26.54,26.55,0.0,0.03,0.0,0.0,,0.0
129,19,4.00,7,13.46,23.86,23.86,0.0,0.00,0.0,0.0,,0.0
129,20,4.00,7,12.18,21.62,21.62,0.0,0.00,0.0,0.0,,0.0
129,21,4.00,7,11.04,19.63,19.63,0.0,0.00,0.0,0.0,,0.0
129,22,4.00,7,9.68,17.76,17.76,0.0,0.00,0.0,0.0,,0.0
129,23,4.00,7,8.89,16.10,16.10,0.0,0.00,0.0,0.0,,0.0
129,24,4.00,7,7.47,14.47,14.47,0.0,0.00,0.0,0.0,,0.0
129,1,5.00,7,6.39,12.94,12.94,0.0,0.00,0.0,-0.0,,0.0
129,2,5.00,7,5.60,11.56,11.56,0.0,0.00,0.0,-0.0,,0.0
129,3,5.00,7,5.33,10.39,10.39,0.0,0.00,0.0,-0.0,,0.0
129,4,5.00,7,5.15,9.41,9.41,0.0,0.00,0.0,-0.0,,0.0
129,5,5.00,7,4.41,8.44,8.44,0.0,0.00,0.0,-0.0,,0.0
129,6,5.00,7,3.42,7.46,7.46,0.0,0.00,0.0,-0.0,,0.0
129,7,5.00,7,2.67,6.53,6.53,0.0,0.00,0.0,-0.0,,0.0
129,8,5.00,7,1.70,7.29,18.88,7285.57,40.40,153.42,0.0,,7438.99
129,9,5.00,7,3.02,8.53,18.88,2285.79,180.64,0.0,0.0,,2285.79
129,10,5.00,7,5.76,10.47,18.88,1009.35,358.32,0.0,0.0,,1009.35
129,11,5.00,7,9.95,13.27,19.22,0.0,574.63,0.0,0.0,,0.0
129,12,5.00,7,13.35,16.34,20.85,0.0,676.86,0.0,0.0,,0.0
129,13,5.00,7,15.88,19.29,22.79,0.0,760.68,0.0,0.0,,0.0
129,14,5.00,7,18.17,21.93,23.88,-499.01,690.96,0.0,0.0,,-499.01
129,15,5.00,7,19.46,24.16,23.88,-1240.44,666.63,0.0,0.0,,-1240.44
129,16,5.00,7,19.23,25.59,23.88,-1222.67,548.38,0.0,0.0,,-1222.67
129,17,5.00,7,19.37,26.59,23.88,-1176.42,385.48,0.0,0.0,,-1176.42
129,18,5.00,7,17.14,26.02,23.88,-331.68,0.03,0.0,0.0,,-331.68
129,19,5.00,7,15.76,24.01,22.43,0.0,0.00,0.0,0.0,,0.0
129,20,5.00,7,14.64,22.22,20.95,0.0,0.00,0.0,0.0,,0.0
129,21,5.00,7,13.46,20.54,19.51,0.0,0.00,0.0,0.0,,0.0
129,22,5.00,7,12.35,18.98,18.13,0.0,0.00,0.0,-0.0,,0.0
129,23,5.00,7,11.73,17.60,16.90,0.0,0.00,0.0,-0.0,,0.0
129,24,5.00,7,11.65,16.48,15.89,0.0,0.00,0.0,-0.0,,0.0
129,1,6.00,7,11.44,15.51,15.03,0.0,0.00,0.0,-0.0,,0.0
129,2,6.00,7,11.67,14.77,14.37,0.0,0.00,0.0,-0.0,,0.0
129,3,6.00,7,11.87,14.19,13.86,0.0,0.00,0.0,-0.0,,0.0
129,4,6.00,7,12.13,13.76,13.48,0.0,0.00,0.0,-0.0,,0.0
129,5,6.00,7,12.33,13.43,13.20,0.0,0.00,0.0,-0.0,,0.0
129,6,6.00,7,12.37,13.16,12.97,0.0,0.00,0.0,-0.0,,0.0
129,7,6.00,7,11.86,12.82,12.67,0.0,0.00,0.0,-0.0,,0.0
129,8,6.00,7,10.85,14.24,18.88,2989.67,40.40,0.0,0.0,,2989.67
129,9,6.00,7,11.28,15.70,18.88,321.63,180.64,0.0,0.0,,321.63
129,10,6.00,7,11.88,17.26,19.41,0.0,358.32,0.0,0.0,,0.0
129,11,6.00,7,12.22,18.82,20.42,0.0,574.63,0.0,0.0,,0.0
129,12,6.00,7,12.99,20.39,21.63,0.0,676.86,0.0,0.0,,0.0
129,13,6.00,7,13.58,21.81,22.78,0.0,760.68,0.0,0.0,,0.0
129,14,6.00,7,12.96,22.58,23.34,0.0,690.96,0.0,0.0,,0.0
129,15,6.00,7,12.22,22.96,23.55,0.0,666.63,0.0,0.0,,0.0
129,16,6.00,7,11.18,22.85,23.32,0.0,548.38,0.0,0.0,,0.0
129,17,6.00,7,9.89,22.31,22.68,0.0,385.48,0.0,0.0,,0.0
129,18,6.00,7,8.58,20.89,21.18,0.0,0.03,0.0,0.0,,0.0
129,19,6.00,7,6.89,18.34,18.58,0.0,0.00,0.0,0.0,,0.0
129,20,6.00,7,6.16,16.12,16.33,0.0,0.00,0.0,0.0,,0.0
129,21,6.00,7,5.20,14.12,14.29,0.0,0.00,0.0,0.0,,0.0
129,22,6.00,7,5.77,12.62,12.76,0.0,0.00,0.0,0.0,,0.0
129,23,6.00,7,6.30,11.48,11.60,0.0,0.00,0.0,-0.0,,0.0
129,24,6.00,7,6.52,10.57,10.67,0.0,0.00,0.0,-0.0,,0.0
129,1,7.00,7,6.96,9.89,9.97,0.0,0.00,0.0,-0.0,,0.0
129,2,7.00,7,6.98,9.32,9.39,0.0,0.00,0.0,-0.0,,0.0
129,3,7.00,7,6.69,8.78,8.84,0.0,0.00,0.0,-0.0,,0.0
129,4,7.00,7,6.41,8.28,8.33,0.0,0.00,0.0,-0.0,,0.0
129,5,7.00,7,5.69,7.73,7.77,0.0,0.00,0.0,-0.0,,0.0
129,6,7.00,7,5.13,7.18,7.21,0.0,0.00,0.0,-0.0,,0.0
129,7,7.00,7,4.56,6.62,6.65,0.0,0.00,0.0,-0.0,,0.0
129,8,7.00,7,3.93,7.90,18.88,6888.96,40.40,67.79,0.0,,6956.75
129,9,7.00,7,4.22,9.21,18.88,2075.86,180.64,0.0,0.0,,2075.86
129,10,7.00,7,5.87,10.95,18.88,981.02,358.32,0.0,0.0,,981.02
129,11,7.00,7,7.84,13.05,18.88,142.91,574.63,0.0,0.0,,142.91
129,12,7.00,7,10.59,15.50,19.88,0.0,676.86,0.0,0.0,,0.0
129,13,7.00,7,11.63,17.62,21.01,0.0,760.68,0.0,0.0,,0.0
129,14,7.00,7,12.73,19.36,22.02,0.0,690.96,0.0,0.0,,0.0
129,15,7.00,7,12.60,20.57,22.66,0.0,666.63,0.0,0.0,,0.0
129,16,7.00,7,12.71,21.39,23.03,0.0,548.38,0.0,0.0,,0.0
129,17,7.00,7,12.15,21.71,23.00,0.0,385.48,0.0,0.0,,0.0
129,18,7.00,7,10.29,20.76,21.77,0.0,0.03,0.0,0.0,,0.0
129,19,7.00,7,8.89,18.53,19.39,0.0,0.00,0.0,0.0,,0.0
129,20,7.00,7,8.01,16.57,17.30,0.0,0.00,0.0,0.0,,0.0
129,21,7.00,7,7.47,14.89,15.49,0.0,0.00,0.0,0.0,,0.0
129,22,7.00,7,7.52,13.54,14.03,0.0,0.00,0.0,0.0,,0.0
129,23,7.00,7,8.47,12.62,13.03,0.0,0.00,0.0,0.0,,0.0
129,24,7.00,7,9.00,11.95,12.29,0.0,0.00,0.0,-0.0,,0.0
129,1,1.00,8,9.16,11.40,11.68,0.0,0.00,0.0,-0.0,,0.0
129,2,1.00,8,8.99,10.90,11.13,0.0,0.00,0.0,-0.0,,0.0
129,3,1.00,8,8.97,10.48,10.68,0.0,0.00,0.0,-0.0,,0.0
129,4,1.00,8,8.98,10.14,10.30,0.0,0.00,0.0,-0.0,,0.0
129,5,1.00,8,8.67,9.79,9.92,0.0,0.00,0.0,-0.0,,0.0
129,6,1.00,8,8.53,9.48,9.59,0.0,0.00,0.0,-0.0,,0.0
129,7,1.00,8,8.11,9.14,9.24,0.0,0.00,0.0,-0.0,,0.0
129,8,1.00,8,7.52,10.79,19.23,5263.58,66.02,0.0,0.0,,5263.58
129,9,1.00,8,7.29,12.16,19.23,1362.09,242.36,0.0,0.0,,1362.09
129,10,1.00,8,8.43,13.93,19.23,385.56,500.07,0.0,0.0,,385.56
129,11,1.00,8,10.50,16.12,19.95,0.0,728.00,0.0,0.0,,0.0
129,12,1.00,8,12.71,18.57,21.50,0.0,917.92,0.0,0.0,,0.0
129,13,1.00,8,14.09,20.68,22.95,0.0,874.04,0.0,0.0,,0.0
129,14,1.00,8,15.10,22.42,24.21,0.0,822.56,0.0,0.0,,0.0
129,15,1.00,8,15.69,23.80,24.23,-611.92,756.25,0.0,0.0,,-611.92
129,16,1.00,8,16.48,24.87,24.23,-739.41,609.82,0.0,0.0,,-739.41
129,17,1.00,8,17.04,25.57,24.23,-707.57,432.76,0.0,0.0,,-707.57
129,18,1.00,8,15.12,24.99,24.23,-10.27,92.56,0.0,0.0,,-10.27
129,19,1.00,8,13.34,22.77,22.20,0.0,0.00,0.0,0.0,,0.0
129,20,1.00,8,12.28,20.79,20.34,0.0,0.00,0.0,0.0,,0.0
129,21,1.00,8,11.66,19.09,18.72,0.0,0.00,0.0,0.0,,0.0
129,22,1.00,8,11.04,17.58,17.27,0.0,0.00,0.0,0.0,,0.0
129,23,1.00,8,10.44,16.23,15.98,0.0,0.00,0.0,-0.0,,0.0
129,24,1.00,8,10.03,15.05,14.84,0.0,0.00,0.0,-0.0,,0.0
129,1,2.00,8,9.35,13.95,13.78,0.0,0.00,0.0,-0.0,,0.0
129,2,2.00,8,8.95,12.99,12.84,0.0,0.00,0.0,-0.0,,0.0
129,3,2.00,8,8.46,12.10,11.98,0.0,0.00,0.0,-0.0,,0.0
129,4,2.00,8,7.82,11.25,11.15,0.0,0.00,0.0,-0.0,,0.0
129,5,2.00,8,7.36,10.48,10.40,0.0,0.00,0.0,-0.0,,0.0
129,6,2.00,8,6.79,9.73,9.67,0.0,0.00,0.0,-0.0,,0.0
129,7,2.00,8,5.61,8.90,8.84,0.0,0.00,0.0,-0.0,,0.0
129,8,2.00,8,4.21,9.78,19.23,5968.47,66.02,0.0,0.0,,5968.47
129,9,2.00,8,3.62,10.54,19.23,2027.29,242.36,0.0,0.0,,2027.29
129,10,2.00,8,5.49,12.07,19.23,927.43,500.07,0.0,0.0,,927.43
129,11,2.00,8,8.80,14.39,19.43,0.0,728.00,0.0,0.0,,0.0
129,12,2.00,8,11.96,17.13,20.95,0.0,917.92,0.0,0.0,,0.0
129,13,2.00,8,13.91,19.56,22.53,0.0,874.04,0.0,0.0,,0.0
129,14,2.00,8,16.09,21.84,24.16,0.0,822.56,0.0,0.0,,0.0
129,15,2.00,8,17.39,23.77,24.23,-856.03,756.25,0.0,0.0,,-856.03
129,16,2.00,8,18.76,25.38,24.23,-1125.81,609.82,0.0,0.0,,-1125.81
129,17,2.00,8,19.62,26.54,24.23,-1161.04,432.76,0.0,0.0,,-1161.04
129,18,2.00,8,16.71,26.04,24.23,-303.38,92.56,0.0,0.0,,-303.38
129,19,2.00,8,13.92,23.66,22.35,0.0,0.00,0.0,0.0,,0.0
129,20,2.00,8,12.61,21.57,20.52,0.0,0.00,0.0,0.0,,0.0
129,21,2.00,8,11.86,19.75,18.90,0.0,0.00,0.0,0.0,,0.0
129,22,2.00,8,10.85,18.07,17.37,0.0,0.00,0.0,0.0,,0.0
129,23,2.00,8,9.90,16.53,15.95,0.0,0.00,0.0,0.0,,0.0
129,24,2.00,8,9.33,15.17,14.69,0.0,0.00,0.0,0.0,,0.0
129,1,3.00,8,8.85,13.97,13.58,0.0,0.00,0.0,-0.0,,0.0
129,2,3.00,8,8.05,12.84,12.51,0.0,0.00,0.0,-0.0,,0.0
129,3,3.00,8,7.39,11.78,11.51,0.0,0.00,0.0,-0.0,,0.0
129,4,3.00,8,6.63,10.78,10.55,0.0,0.00,0.0,-0.0,,0.0
129,5,3.00,8,5.85,9.82,9.63,0.0,0.00,0.0,-0.0,,0.0
129,6,3.00,8,5.17,8.91,8.75,0.0,0.00,0.0,-0.0,,0.0
129,7,3.00,8,4.68,8.08,7.95,0.0,0.00,0.0,-0.0,,0.0
129,8,3.00,8,3.80,9.57,9.46,0.0,66.02,0.0,-0.0,,0.0
129,9,3.00,8,5.35,11.28,11.20,0.0,242.36,0.0,-0.0,,0.0
129,10,3.00,8,7.98,13.60,13.53,0.0,500.07,0.0,-0.0,,0.0
129,11,3.00,8,12.17,16.62,16.56,0.0,728.00,0.0,-0.0,,0.0
129,12,3.00,8,15.80,19.99,19.94,0.0,917.92,0.0,0.0,,0.0
129,13,3.00,8,19.08,23.24,23.20,0.0,874.04,0.0,0.0,,0.0
129,14,3.00,8,22.01,26.32,26.29,0.0,822.56,0.0,0.0,,0.0
129,15,3.00,8,23.52,28.97,28.94,0.0,756.25,0.0,0.0,,0.0
129,16,3.00,8,25.11,31.22,31.20,0.0,609.82,0.0,0.0,,0.0
129,17,3.00,8,24.14,32.54,32.52,0.0,432.76,0.0,0.0,,0.0
129,18,3.00,8,20.84,32.36,32.34,0.0,92.56,0.0,0.0,,0.0
129,19,3.00,8,19.56,29.71,29.69,0.0,0.00,0.0,0.0,,0.0
129,20,3.00,8,17.89,27.41,27.40,0.0,0.00,0.0,0.0,,0.0
129,21,3.00,8,16.35,25.30,25.29,0.0,0.00,0.0,0.0,,0.0
129,22,3.00,8,14.89,23.32,23.31,0.0,0.00,0.0,0.0,,0.0
129,23,3.00,8,13.57,21.48,21.47,0.0,0.00,0.0,0.0,,0.0
129,24,3.00,8,11.75,19.62,19.62,0.0,0.00,0.0,0.0,,0.0
129,1,4.00,8,11.02,18.00,18.00,0.0,0.00,0.0,0.0,,0.0
129,2,4.00,8,9.68,16.42,16.42,0.0,0.00,0.0,-0.0,,0.0
129,3,4.00,8,8.58,14.93,14.93,0.0,0.00,0.0,-0.0,,0.0
129,4,4.00,8,7.52,13.52,13.52,0.0,0.00,0.0,-0.0,,0.0
129,5,4.00,8,6.46,12.17,12.17,0.0,0.00,0.0,-0.0,,0.0
129,6,4.00,8,5.51,10.90,10.90,0.0,0.00,0.0,-0.0,,0.0
129,7,4.00,8,4.66,9.71,9.71,0.0,0.00,0.0,-0.0,,0.0
129,8,4.00,8,3.34,10.82,10.82,0.0,66.02,0.0,-0.0,,0.0
129,9,4.00,8,4.36,12.13,12.13,0.0,242.36,0.0,-0.0,,0.0
129,10,4.00,8,6.58,14.04,14.04,0.0,500.07,0.0,-0.0,,0.0
129,11,4.00,8,10.60,16.71,16.71,0.0,728.00,0.0,-0.0,,0.0
129,12,4.00,8,13.90,19.72,19.72,0.0,917.92,0.0,0.0,,0.0
129,13,4.00,8,16.85,22.62,22.62,0.0,874.04,0.0,0.0,,0.0
129,14,4.00,8,19.32,25.33,25.33,0.0,822.56,0.0,0.0,,0.0
129,15,4.00,8,20.65,27.65,27.65,0.0,756.25,0.0,0.0,,0.0
129,16,4.00,8,21.45,29.48,29.48,0.0,609.82,0.0,0.0,,0.0
129,17,4.00,8,22.40,30.88,30.88,0.0,432.76,0.0,0.0,,0.0
129,18,4.00,8,18.73,30.62,30.62,0.0,92.56,0.0,0.0,,0.0
129,19,4.00,8,16.57,27.73,27.73,0.0,0.00,0.0,0.0,,0.0
129,20,4.00,8,14.81,25.23,25.23,0.0,0.00,0.0,0.0,,0.0
129,21,4.00,8,13.29,22.98,22.98,0.0,0.00,0.0,0.0,,0.0
129,22,4.00,8,11.97,20.91,20.91,0.0,0.00,0.0,0.0,,0.0
129,23,4.00,8,10.61,18.98,18.98,0.0,0.00,0.0,0.0,,0.0
129,24,4.00,8,9.25,17.15,17.15,0.0,0.00,0.0,0.0,,0.0
129,1,5.00,8,8.45,15.52,15.52,0.0,0.00,0.0,0.0,,0.0
129,2,5.00,8,7.56,14.03,14.03,0.0,0.00,0.0,-0.0,,0.0
129,3,5.00,8,6.98,12.70,12.70,0.0,0.00,0.0,-0.0,,0.0
129,4,5.00,8,6.34,11.50,11.50,0.0,0.00,0.0,-0.0,,0.0
129,5,5.00,8,6.05,10.47,10.47,0.0,0.00,0.0,-0.0,,0.0
129,6,5.00,8,5.60,9.53,9.53,0.0,0.00,0.0,-0.0,,0.0
129,7,5.00,8,4.94,8.64,8.64,0.0,0.00,0.0,-0.0,,0.0
129,8,5.00,8,4.16,9.60,19.23,6053.72,66.02,0.0,0.0,,6053.72
129,9,5.00,8,3.73,10.44,19.23,2018.98,242.36,0.0,0.0,,2018.98
129,10,5.00,8,4.22,11.64,19.23,1150.86,500.07,0.0,0.0,,1150.86
129,11,5.00,8,6.78,13.56,19.23,230.88,728.00,0.0,0.0,,230.88
129,12,5.00,8,9.42,15.89,20.11,0.0,917.92,0.0,0.0,,0.0
129,13,5.00,8,10.77,17.87,21.13,0.0,874.04,0.0,0.0,,0.0
129,14,5.00,8,11.47,19.43,21.98,0.0,822.56,0.0,0.0,,0.0
129,15,5.00,8,11.47,20.52,22.52,0.0,756.25,0.0,0.0,,0.0
129,16,5.00,8,11.68,21.23,22.80,0.0,609.82,0.0,0.0,,0.0
129,17,5.00,8,11.67,21.52,22.75,0.0,432.76,0.0,0.0,,0.0
129,18,5.00,8,10.32,20.82,21.79,0.0,92.56,0.0,0.0,,0.0
129,19,5.00,8,8.14,18.44,19.26,0.0,0.00,0.0,0.0,,0.0
129,20,5.00,8,7.48,16.41,17.10,0.0,0.00,0.0,0.0,,0.0
129,21,5.00,8,6.97,14.67,15.25,0.0,0.00,0.0,0.0,,0.0
129,22,5.00,8,6.71,13.21,13.68,0.0,0.00,0.0,0.0,,0.0
129,23,5.00,8,6.32,11.93,12.32,0.0,0.00,0.0,0.0,,0.0
129,24,5.00,8,6.57,10.94,11.26,0.0,0.00,0.0,-0.0,,0.0
129,1,6.00,8,6.67,10.13,10.40,0.0,0.00,0.0,-0.0,,0.0
129,2,6.00,8,7.05,9.54,9.76,0.0,0.00,0.0,-0.0,,0.0
129,3,6.00,8,7.45,9.12,9.31,0.0,0.00,0.0,-0.0,,0.0
129,4,6.00,8,7.72,8.81,8.97,0.0,0.00,0.0,-0.0,,0.0
129,5,6.00,8,8.14,8.64,8.77,0.0,0.00,0.0,-0.0,,0.0
129,6,6.00,8,8.17,8.48,8.59,0.0,0.00,0.0,-0.0,,0.0
129,7,6.00,8,7.90,8.29,8.38,0.0,0.00,0.0,-0.0,,0.0
129,8,6.00,8,7.33,10.10,19.23,5701.01,66.02,0.0,0.0,,5701.01
129,9,6.00,8,7.00,11.55,19.23,1492.85,242.36,0.0,0.0,,1492.85
129,10,6.00,8,8.49,13.49,19.23,412.11,500.07,0.0,0.0,,412.11
129,11,6.00,8,9.55,15.51,19.66,0.0,728.00,0.0,0.0,,0.0
129,12,6.00,8,10.36,17.50,20.67,0.0,917.92,0.0,0.0,,0.0
129,13,6.00,8,11.25,19.18,21.64,0.0,874.04,0.0,0.0,,0.0
129,14,6.00,8,11.54,20.43,22.37,0.0,822.56,0.0,0.0,,0.0
129,15,6.00,8,11.67,21.35,22.86,0.0,756.25,0.0,0.0,,0.0
129,16,6.00,8,11.65,21.85,23.05,0.0,609.82,0.0,0.0,,0.0
129,17,6.00,8,11.48,21.96,22.90,0.0,432.76,0.0,0.0,,0.0
129,18,6.00,8,10.65,21.27,22.00,0.0,92.56,0.0,0.0,,0.0
129,19,6.00,8,9.68,19.12,19.75,0.0,0.00,0.0,0.0,,0.0
129,20,6.00,8,9.18,17.29,17.82,0.0,0.00,0.0,0.0,,0.0
129,21,6.00,8,9.13,15.79,16.23,0.0,0.00,0.0,0.0,,0.0
129,22,6.00,8,8.80,14.49,14.85,0.0,0.00,0.0,0.0,,0.0
129,23,6.00,8,8.66,13.39,13.70,0.0,0.00,0.0,-0.0,,0.0
129,24,6.00,8,8.70,12.50,12.75,0.0,0.00,0.0,-0.0,,0.0
129,1,7.00,8,8.49,11.72,11.93,0.0,0.00,0.0,-0.0,,0.0
129,2,7.00,8,8.41,11.07,11.24,0.0,0.00,0.0,-0.0,,0.0
129,3,7.00,8,8.42,10.53,10.67,0.0,0.00,0.0,-0.0,,0.0
129,4,7.00,8,8.57,10.11,10.23,0.0,0.00,0.0,-0.0,,0.0
129,5,7.00,8,8.57,9.77,9.86,0.0,0.00,0.0,-0.0,,0.0
129,6,7.00,8,8.45,9.45,9.53,0.0,0.00,0.0,-0.0,,0.0
129,7,7.00,8,8.00,9.10,9.17,0.0,0.00,0.0,-0.0,,0.0
129,8,7.00,8,7.36,10.71,19.23,5321.63,66.02,0.0,0.0,,5321.63
129,9,7.00,8,7.17,12.08,19.23,1390.17,242.36,0.0,0.0,,1390.17
129,10,7.00,8,7.49,13.61,19.23,551.78,500.07,0.0,0.0,,551.78
129,11,7.00,8,8.03,15.24,19.26,0.0,728.00,0.0,0.0,,0.0
129,12,7.00,8,9.02,17.00,20.06,0.0,917.92,0.0,0.0,,0.0
129,13,7.00,8,9.92,18.50,20.88,0.0,874.04,0.0,0.0,,0.0
129,14,7.00,8,9.84,19.52,21.39,0.0,822.56,0.0,0.0,,0.0
129,15,7.00,8,9.80,20.22,21.68,0.0,756.25,0.0,0.0,,0.0
129,16,7.00,8,9.82,20.58,21.73,0.0,609.82,0.0,0.0,,0.0
129,17,7.00,8,9.23,20.46,21.36,0.0,432.76,0.0,0.0,,0.0
129,18,7.00,8,8.98,19.76,20.48,0.0,92.56,0.0,0.0,,0.0
129,19,7.00,8,7.54,17.51,18.12,0.0,0.00,0.0,0.0,,0.0
129,20,7.00,8,6.70,15.52,16.03,0.0,0.00,0.0,0.0,,0.0
129,21,7.00,8,6.19,13.80,14.22,0.0,0.00,0.0,0.0,,0.0
129,22,7.00,8,5.83,12.33,12.68,0.0,0.00,0.0,0.0,,0.0
129,23,7.00,8,5.22,11.00,11.29,0.0,0.00,0.0,0.0,,0.0
129,24,7.00,8,4.97,9.88,10.12,0.0,0.00,0.0,-0.0,,0.0
129,1,1.00,8,4.82,8.93,9.12,0.0,0.00,0.0,-0.0,,0.0
129,2,1.00,8,4.59,8.10,8.26,0.0,0.00,0.0,-0.0,,0.0
129,3,1.00,8,4.59,7.42,7.56,0.0,0.00,0.0,-0.0,,0.0
129,4,1.00,8,4.70,6.88,7.00,0.0,0.00,0.0,-0.0,,0.0
129,5,1.00,8,4.82,6.46,6.55,0.0,0.00,0.0,-0.0,,0.0
129,6,1.00,8,4.82,6.10,6.18,0.0,0.00,0.0,-0.0,,0.0
129,7,1.00,8,4.70,5.79,5.85,0.0,0.00,0.0,-0.0,,0.0
129,8,1.00,8,4.14,7.44,19.23,7382.81,66.02,9.88,0.0,,7392.6900000000005
129,9,1.00,8,4.02,8.84,19.23,2230.65,242.36,0.0,0.0,,2230.65
129,10,1.00,8,5.77,10.80,19.23,999.57,500.07,0.0,0.0,,999.57
129,11,1.00,8,7.25,12.95,19.23,193.72,728.00,0.0,0.0,,193.72
129,12,1.00,8,9.13,15.29,20.01,0.0,917.92,0.0,0.0,,0.0
129,13,1.00,8,10.47,17.32,20.97,0.0,874.04,0.0,0.0,,0.0
129,14,1.00,8,11.37,18.99,21.84,0.0,822.56,0.0,0.0,,0.0
129,15,1.00,8,11.97,20.32,22.56,0.0,756.25,0.0,0.0,,0.0
129,16,1.00,8,12.30,21.22,22.98,0.0,609.82,0.0,0.0,,0.0
129,17,1.00,8,11.55,21.44,22.83,0.0,432.76,0.0,0.0,,0.0
129,18,1.00,8,10.19,20.72,21.81,0.0,92.56,0.0,0.0,,0.0
129,19,1.00,8,7.61,18.25,19.17,0.0,0.00,0.0,0.0,,0.0
129,20,1.00,8,6.30,16.03,16.80,0.0,0.00,0.0,0.0,,0.0
129,21,1.00,8,5.19,14.02,14.66,0.0,0.00,0.0,0.0,,0.0
129,22,1.00,8,4.54,12.28,12.81,0.0,0.00,0.0,0.0,,0.0
129,23,1.00,8,3.95,10.74,11.18,0.0,0.00,0.0,0.0,,0.0
129,24,1.00,8,3.43,9.38,9.75,0.0,0.00,0.0,0.0,,0.0
129,1,2.00,8,2.81,8.16,8.46,0.0,0.00,0.0,-0.0,,0.0
129,2,2.00,8,2.43,7.08,7.34,0.0,0.00,0.0,-0.0,,0.0
129,3,2.00,8,2.07,6.14,6.35,0.0,0.00,0.0,-0.0,,0.0
129,4,2.00,8,1.71,5.29,5.46,0.0,0.00,0.0,-0.0,,0.0
129,5,2.00,8,1.48,4.56,4.70,0.0,0.00,0.0,-0.0,,0.0
129,6,2.00,8,1.00,3.86,3.98,0.0,0.00,0.0,-0.0,,0.0
129,7,2.00,8,0.39,3.17,3.27,0.0,0.00,0.0,-0.0,,0.0
129,8,2.00,8,-0.61,4.30,19.23,9336.34,66.02,473.48,0.0,,9809.82
129,9,2.00,8,-1.07,5.26,19.23,3337.76,242.36,0.0,0.0,,3337.76
129,10,2.00,8,1.61,7.15,19.23,1847.9,500.07,0.0,0.0,,1847.9
129,11,2.00,8,5.12,9.77,19.23,645.2,728.00,0.0,0.0,,645.2
129,12,2.00,8,8.07,12.67,19.63,0.0,917.92,0.0,0.0,,0.0
129,13,2.00,8,10.70,15.42,20.77,0.0,874.04,0.0,0.0,,0.0
129,14,2.00,8,12.84,17.91,22.08,0.0,822.56,0.0,0.0,,0.0
129,15,2.00,8,14.60,20.12,23.39,0.0,756.25,0.0,0.0,,0.0
129,16,2.00,8,14.07,21.40,23.98,0.0,609.82,0.0,0.0,,0.0
129,17,2.00,8,13.21,21.93,23.95,0.0,432.76,0.0,0.0,,0.0
129,18,2.00,8,11.46,21.35,22.94,0.0,92.56,0.0,0.0,,0.0
129,19,2.00,8,9.33,19.05,20.41,0.0,0.00,0.0,0.0,,0.0
129,20,2.00,8,7.81,16.93,18.07,0.0,0.00,0.0,0.0,,0.0
129,21,2.00,8,6.90,15.07,16.01,0.0,0.00,0.0,0.0,,0.0
129,22,2.00,8,6.19,13.42,14.20,0.0,0.00,0.0,0.0,,0.0
129,23,2.00,8,5.51,11.95,12.59,0.0,0.00,0.0,0.0,,0.0
129,24,2.00,8,5.01,10.65,11.19,0.0,0.00,0.0,0.0,,0.0
129,1,3.00,8,4.46,9.48,9.93,0.0,0.00,0.0,0.0,,0.0
129,2,3.00,8,3.77,8.40,8.77,0.0,0.00,0.0,-0.0,,0.0
129,3,3.00,8,3.18,7.40,7.71,0.0,0.00,0.0,-0.0,,0.0
129,4,3.00,8,2.77,6.51,6.77,0.0,0.00,0.0,-0.0,,0.0
129,5,3.00,8,2.33,5.70,5.91,0.0,0.00,0.0,-0.0,,0.0
129,6,3.00,8,2.11,5.01,5.18,0.0,0.00,0.0,-0.0,,0.0
129,7,3.00,8,1.69,4.35,4.49,0.0,0.00,0.0,-0.0,,0.0
129,8,3.00,8,0.99,6.02,6.14,0.0,66.02,0.0,-0.0,,0.0
129,9,3.00,8,2.25,7.81,7.91,0.0,242.36,0.0,-0.0,,0.0
129,10,3.00,8,5.03,10.23,10.31,0.0,500.07,0.0,-0.0,,0.0
129,11,3.00,8,7.79,13.03,13.10,0.0,728.00,0.0,-0.0,,0.0
129,12,3.00,8,10.22,16.00,16.06,0.0,917.92,0.0,0.0,,0.0
129,13,3.00,8,12.26,18.72,18.77,0.0,874.04,0.0,0.0,,0.0
129,14,3.00,8,13.71,21.10,21.13,0.0,822.56,0.0,0.0,,0.0
129,15,3.00,8,15.15,23.21,23.24,0.0,756.25,0.0,0.0,,0.0
129,16,3.00,8,16.16,24.90,24.93,0.0,609.82,0.0,0.0,,0.0
129,17,3.00,8,15.15,25.78,25.80,0.0,432.76,0.0,0.0,,0.0
129,18,3.00,8,13.59,25.60,25.62,0.0,92.56,0.0,0.0,,0.0
129,19,3.00,8,11.36,22.70,22.72,0.0,0.00,0.0,0.0,,0.0
129,20,3.00,8,9.76,20.23,20.24,0.0,0.00,0.0,0.0,,0.0
129,21,3.00,8,9.21,18.18,18.20,0.0,0.00,0.0,0.0,,0.0
129,22,3.00,8,8.58,16.41,16.42,0.0,0.00,0.0,0.0,,0.0
129,23,3.00,8,7.64,14.77,14.78,0.0,0.00,0.0,0.0,,0.0
129,24,3.00,8,6.48,13.21,13.22,0.0,0.00,0.0,0.0,,0.0
129,1,4.00,8,5.45,11.75,11.75,0.0,0.00,0.0,-0.0,,0.0
129,2,4.00,8,4.07,10.29,10.29,0.0,0.00,0.0,-0.0,,0.0
129,3,4.00,8,2.94,8.89,8.90,0.0,0.00,0.0,-0.0,,0.0
129,4,4.00,8,2.46,7.69,7.69,0.0,0.00,0.0,-0.0,,0.0
129,5,4.00,8,1.64,6.54,6.54,0.0,0.00,0.0,-0.0,,0.0
129,6,4.00,8,2.26,5.76,5.76,0.0,0.00,0.0,-0.0,,0.0
129,7,4.00,8,3.09,5.27,5.27,0.0,0.00,0.0,-0.0,,0.0
129,8,4.00,8,3.87,7.34,7.34,0.0,66.02,0.0,-0.0,,0.0
129,9,4.00,8,4.21,9.21,9.22,0.0,242.36,0.0,-0.0,,0.0
129,10,4.00,8,5.84,11.48,11.48,0.0,500.07,0.0,-0.0,,0.0
129,11,4.00,8,8.44,14.15,14.16,0.0,728.00,0.0,-0.0,,0.0
129,12,4.00,8,10.97,17.06,17.06,0.0,917.92,0.0,0.0,,0.0
129,13,4.00,8,12.89,19.70,19.70,0.0,874.04,0.0,0.0,,0.0
129,14,4.00,8,14.24,21.99,21.99,0.0,822.56,0.0,0.0,,0.0
129,15,4.00,8,15.25,23.95,23.95,0.0,756.25,0.0,0.0,,0.0
129,16,4.00,8,15.05,25.27,25.27,0.0,609.82,0.0,0.0,,0.0
129,17,4.00,8,14.34,25.95,25.95,0.0,432.76,0.0,0.0,,0.0
129,18,4.00,8,13.22,25.70,25.70,0.0,92.56,0.0,0.0,,0.0
129,19,4.00,8,12.54,23.05,23.05,0.0,0.00,0.0,0.0,,0.0
129,20,4.00,8,12.23,21.00,21.00,0.0,0.00,0.0,0.0,,0.0
129,21,4.00,8,12.08,19.34,19.34,0.0,0.00,0.0,0.0,,0.0
129,22,4.00,8,11.37,17.85,17.85,0.0,0.00,0.0,0.0,,0.0
129,23,4.00,8,10.83,16.52,16.52,0.0,0.00,0.0,-0.0,,0.0
129,24,4.00,8,10.50,15.38,15.38,0.0,0.00,0.0,-0.0,,0.0
129,1,5.00,8,10.47,14.44,14.44,0.0,0.00,0.0,-0.0,,0.0
129,2,5.00,8,10.80,13.74,13.74,0.0,0.00,0.0,-0.0,,0.0
129,3,5.00,8,10.71,13.13,13.13,0.0,0.00,0.0,-0.0,,0.0
129,4,5.00,8,10.40,12.56,12.56,0.0,0.00,0.0,-0.0,,0.0
129,5,5.00,8,9.75,11.96,11.96,0.0,0.00,0.0,-0.0,,0.0
129,6,5.00,8,9.18,11.37,11.37,0.0,0.00,0.0,-0.0,,0.0
129,7,5.00,8,8.18,10.69,10.69,0.0,0.00,0.0,-0.0,,0.0
129,8,5.00,8,7.61,11.98,19.23,4558.79,66.02,0.0,0.0,,4558.79
129,9,5.00,8,8.71,13.47,19.23,980.96,242.36,0.0,0.0,,980.96
129,10,5.00,8,10.60,15.48,19.32,0.0,500.07,0.0,0.0,,0.0
129,11,5.00,8,12.51,17.77,20.62,0.0,728.00,0.0,-4.8,,-4.8
129,12,5.00,8,14.68,20.29,22.48,0.0,917.92,0.0,0.0,,0.0
129,13,5.00,8,16.62,22.59,24.23,-48.5,874.04,0.0,0.0,,-48.5
129,14,5.00,8,17.89,24.54,24.23,-1014.61,822.56,0.0,0.0,,-1014.61
129,15,5.00,8,17.59,25.82,24.23,-1056.99,756.25,0.0,0.0,,-1056.99
129,16,5.00,8,17.18,26.52,24.23,-922.25,609.82,0.0,0.0,,-922.25
129,17,5.00,8,16.99,26.78,24.23,-730.5,432.76,0.0,0.0,,-730.5
129,18,5.00,8,16.05,26.19,24.23,-186.27,92.56,0.0,0.0,,-186.27
129,19,5.00,8,15.45,24.18,22.66,0.0,0.00,0.0,0.0,,0.0
129,20,5.00,8,14.52,22.36,21.13,0.0,0.00,0.0,0.0,,0.0
129,21,5.00,8,13.70,20.73,19.71,0.0,0.00,0.0,0.0,,0.0
129,22,5.00,8,13.29,19.33,18.49,0.0,0.00,0.0,-0.0,,0.0
129,23,5.00,8,13.05,18.13,17.44,0.0,0.00,0.0,-0.0,,0.0
129,24,5.00,8,12.55,17.06,16.48,0.0,0.00,0.0,-0.0,,0.0
129,1,6.00,8,12.01,16.07,15.59,0.0,0.00,0.0,-0.0,,0.0
129,2,6.00,8,11.93,15.26,14.86,0.0,0.00,0.0,-0.0,,0.0
129,3,6.00,8,11.45,14.49,14.16,0.0,0.00,0.0,-0.0,,0.0
129,4,6.00,8,10.86,13.75,13.48,0.0,0.00,0.0,-0.0,,0.0
129,5,6.00,8,10.45,13.07,12.84,0.0,0.00,0.0,-0.0,,0.0
129,6,6.00,8,10.05,12.44,12.25,0.0,0.00,0.0,-0.0,,0.0
129,7,6.00,8,9.31,11.78,11.63,0.0,0.00,0.0,-0.0,,0.0
129,8,6.00,8,8.37,12.98,19.23,4004.35,66.02,0.0,0.0,,4004.35
129,9,6.00,8,7.88,13.98,19.23,1041.45,242.36,0.0,0.0,,1041.45
129,10,6.00,8,8.75,15.40,19.23,228.11,500.07,0.0,0.0,,228.11
129,11,6.00,8,10.38,17.22,20.00,0.0,728.00,0.0,0.0,,0.0
129,12,6.00,8,12.16,19.29,21.41,0.0,917.92,0.0,0.0,,0.0
129,13,6.00,8,14.28,21.32,22.97,0.0,874.04,0.0,0.0,,0.0
129,14,6.00,8,16.49,23.30,24.23,-230.2,822.56,0.0,0.0,,-230.2
129,15,6.00,8,18.06,25.08,24.23,-1037.02,756.25,0.0,0.0,,-1037.02
129,16,6.00,8,17.91,26.13,24.23,-1004.01,609.82,0.0,0.0,,-1004.01
129,17,6.00,8,17.47,26.58,24.23,-798.62,432.76,0.0,0.0,,-798.62
129,18,6.00,8,16.48,26.12,24.23,-255.29,92.56,0.0,0.0,,-255.29
129,19,6.00,8,15.35,24.07,22.64,0.0,0.00,0.0,0.0,,0.0
129,20,6.00,8,14.56,22.27,21.13,0.0,0.00,0.0,0.0,,0.0
129,21,6.00,8,14.15,20.75,19.80,0.0,0.00,0.0,0.0,,0.0
129,22,6.00,8,13.59,19.39,18.61,0.0,0.00,0.0,-0.0,,0.0
129,23,6.00,8,13.23,18.21,17.57,0.0,0.00,0.0,-0.0,,0.0
129,24,6.00,8,13.21,17.25,16.72,0.0,0.00,0.0,-0.0,,0.0
129,1,7.00,8,12.76,16.37,15.92,0.0,0.00,0.0,-0.0,,0.0
129,2,7.00,8,11.93,15.47,15.11,0.0,0.00,0.0,-0.0,,0.0
129,3,7.00,8,11.95,14.77,14.46,0.0,0.00,0.0,-0.0,,0.0
129,4,7.00,8,11.69,14.13,13.88,0.0,0.00,0.0,-0.0,,0.0
129,5,7.00,8,11.54,13.59,13.38,0.0,0.00,0.0,-0.0,,0.0
129,6,7.00,8,11.59,13.15,12.98,0.0,0.00,0.0,-0.0,,0.0
129,7,7.00,8,11.30,12.73,12.59,0.0,0.00,0.0,-0.0,,0.0
129,8,7.00,8,10.28,14.15,19.23,3261.37,66.02,0.0,0.0,,3261.37
129,9,7.00,8,9.25,15.16,19.23,724.02,242.36,0.0,0.0,,724.02
129,10,7.00,8,10.87,16.82,19.52,0.0,500.07,0.0,0.0,,0.0
129,11,7.00,8,12.55,18.81,20.81,0.0,728.00,0.0,0.0,,0.0
129,12,7.00,8,15.13,21.22,22.76,0.0,917.92,0.0,0.0,,0.0
129,13,7.00,8,17.21,23.46,24.23,-272.25,874.04,0.0,0.0,,-272.25
129,14,7.00,8,18.71,25.42,24.23,-1180.51,822.56,0.0,0.0,,-1180.51
129,15,7.00,8,19.71,27.04,24.23,-1439.78,756.25,0.0,0.0,,-1439.78
129,16,7.00,8,20.44,28.26,24.23,-1503.05,609.82,0.0,-242.91,,-1745.96
129,17,7.00,8,21.19,29.12,24.23,-1481.53,432.76,0.0,0.0,,-1481.53
129,18,7.00,8,19.99,28.86,24.23,-900.33,92.56,0.0,0.0,,-900.33
129,19,7.00,8,18.05,26.75,23.27,0.0,0.00,0.0,0.0,,0.0
129,20,7.00,8,16.31,24.74,21.95,0.0,0.00,0.0,0.0,,0.0
129,21,7.00,8,15.09,22.90,20.61,0.0,0.00,0.0,0.0,,0.0
129,22,7.00,8,14.32,21.28,19.39,0.0,0.00,0.0,0.0,,0.0
129,23,7.00,8,13.93,19.89,18.33,0.0,0.00,0.0,-0.0,,0.0
129,24,7.00,8,13.43,18.66,17.36,0.0,0.00,0.0,-0.0,,0.0
129,1,1.00,8,13.36,17.64,16.57,0.0,0.00,0.0,-0.0,,0.0
129,2,1.00,8,12.85,16.70,15.81,0.0,0.00,0.0,-0.0,,0.0
129,3,1.00,8,12.46,15.86,15.12,0.0,0.00,0.0,-0.0,,0.0
129,4,1.00,8,12.05,15.09,14.48,0.0,0.00,0.0,-0.0,,0.0
129,5,1.00,8,12.07,14.47,13.97,0.0,0.00,0.0,-0.0,,0.0
129,6,1.00,8,12.12,13.98,13.56,0.0,0.00,0.0,-0.0,,0.0
129,7,1.00,8,11.17,13.36,13.02,0.0,0.00,0.0,-0.0,,0.0
129,8,1.00,8,10.81,14.78,19.23,2962.31,66.02,0.0,0.0,,2962.31
129,9,1.00,8,9.79,15.77,19.23,587.47,242.36,0.0,0.0,,587.47
129,10,1.00,8,10.51,17.17,19.46,0.0,500.07,0.0,0.0,,0.0
129,11,1.00,8,11.86,18.90,20.60,0.0,728.00,0.0,0.0,,0.0
129,12,1.00,8,14.99,21.29,22.59,0.0,917.92,0.0,0.0,,0.0
129,13,1.00,8,16.51,23.34,24.23,-78.94,874.04,0.0,0.0,,-78.94
129,14,1.00,8,17.56,25.04,24.23,-966.69,822.56,0.0,0.0,,-966.69
129,15,1.00,8,17.54,26.22,24.23,-1050.26,756.25,0.0,0.0,,-1050.26
129,16,1.00,8,17.87,27.03,24.23,-1042.39,609.82,0.0,0.0,,-1042.39
129,17,1.00,8,17.36,27.25,24.23,-797.86,432.76,0.0,0.0,,-797.86
129,18,1.00,8,15.84,26.48,24.23,-153.14,92.56,0.0,0.0,,-153.14
129,19,1.00,8,14.36,24.20,22.43,0.0,0.00,0.0,0.0,,0.0
129,20,1.00,8,13.24,22.15,20.71,0.0,0.00,0.0,0.0,,0.0
129,21,1.00,8,12.47,20.34,19.15,0.0,0.00,0.0,0.0,,0.0
129,22,1.00,8,12.05,18.79,17.81,0.0,0.00,0.0,0.0,,0.0
129,23,1.00,8,11.35,17.39,16.58,0.0,0.00,0.0,-0.0,,0.0
129,24,1.00,8,10.79,16.13,15.46,0.0,0.00,0.0,-0.0,,0.0
129,1,2.00,8,10.58,15.08,14.52,0.0,0.00,0.0,-0.0,,0.0
129,2,2.00,8,10.72,14.24,13.78,0.0,0.00,0.0,-0.0,,0.0
129,3,2.00,8,10.90,13.59,13.20,0.0,0.00,0.0,-0.0,,0.0
129,4,2.00,8,11.22,13.10,12.79,0.0,0.00,0.0,-0.0,,0.0
129,5,2.00,8,10.87,12.62,12.36,0.0,0.00,0.0,-0.0,,0.0
129,6,2.00,8,10.79,12.21,11.99,0.0,0.00,0.0,-0.0,,0.0
129,7,2.00,8,9.91,11.69,11.51,0.0,0.00,0.0,-0.0,,0.0
129,8,2.00,8,9.68,13.25,19.23,3848.73,66.02,0.0,0.0,,3848.73
129,9,2.00,8,9.53,14.57,19.23,767.75,242.36,0.0,0.0,,767.75
129,10,2.00,8,10.29,16.19,19.30,0.0,500.07,0.0,0.0,,0.0
129,11,2.00,8,11.16,17.96,20.27,0.0,728.00,0.0,0.0,,0.0
129,12,2.00,8,12.43,19.88,21.66,0.0,917.92,0.0,0.0,,0.0
129,13,2.00,8,13.28,21.48,22.87,0.0,874.04,0.0,0.0,,0.0
129,14,2.00,8,14.38,22.90,23.98,0.0,822.56,0.0,0.0,,0.0
129,15,2.00,8,14.41,23.87,24.23,-307.61,756.25,0.0,0.0,,-307.61
129,16,2.00,8,14.60,24.48,24.23,-398.26,609.82,0.0,0.0,,-398.26
129,17,2.00,8,14.46,24.66,24.23,-242.71,432.76,0.0,0.0,,-242.71
129,18,2.00,8,13.04,23.86,23.64,0.0,92.56,0.0,0.0,,0.0
129,19,2.00,8,12.76,21.82,21.66,0.0,0.00,0.0,0.0,,0.0
129,20,2.00,8,11.92,19.98,19.86,0.0,0.00,0.0,0.0,,0.0
129,21,2.00,8,11.18,18.33,18.23,0.0,0.00,0.0,0.0,,0.0
129,22,2.00,8,10.45,16.85,16.77,0.0,0.00,0.0,0.0,,0.0
129,23,2.00,8,9.87,15.53,15.46,0.0,0.00,0.0,-0.0,,0.0
129,24,2.00,8,9.33,14.35,14.29,0.0,0.00,0.0,-0.0,,0.0
129,1,3.00,8,5.78,12.65,12.60,0.0,0.00,0.0,-0.0,,0.0
129,2,3.00,8,5.16,11.23,11.19,0.0,0.00,0.0,-0.0,,0.0
129,3,3.00,8,4.65,9.99,9.96,0.0,0.00,0.0,-0.0,,0.0
129,4,3.00,8,4.01,8.85,8.83,0.0,0.00,0.0,-0.0,,0.0
129,5,3.00,8,3.22,7.78,7.75,0.0,0.00,0.0,-0.0,,0.0
129,6,3.00,8,2.65,6.80,6.78,0.0,0.00,0.0,-0.0,,0.0
129,7,3.00,8,3.53,6.19,6.18,0.0,0.00,0.0,-0.0,,0.0
129,8,3.00,8,3.93,8.10,8.09,0.0,66.02,0.0,-0.0,,0.0
129,9,3.00,8,5.10,10.02,10.01,0.0,242.36,0.0,-0.0,,0.0
129,10,3.00,8,6.60,12.28,12.27,0.0,500.07,0.0,-0.0,,0.0
129,11,3.00,8,8.83,14.87,14.86,0.0,728.00,0.0,-0.0,,0.0
129,12,3.00,8,10.79,17.59,17.59,0.0,917.92,0.0,0.0,,0.0
129,13,3.00,8,12.89,20.14,20.14,0.0,874.04,0.0,0.0,,0.0
129,14,3.00,8,15.42,22.60,22.60,0.0,822.56,0.0,0.0,,0.0
129,15,3.00,8,16.74,24.73,24.73,0.0,756.25,0.0,0.0,,0.0
129,16,3.00,8,16.62,26.20,26.20,0.0,609.82,0.0,0.0,,0.0
129,17,3.00,8,15.41,26.88,26.88,0.0,432.76,0.0,0.0,,0.0
129,18,3.00,8,14.07,26.60,26.60,0.0,92.56,0.0,0.0,,0.0
129,19,3.00,8,13.27,23.91,23.91,0.0,0.00,0.0,0.0,,0.0
129,20,3.00,8,12.47,21.73,21.73,0.0,0.00,0.0,0.0,,0.0
129,21,3.00,8,11.27,19.76,19.76,0.0,0.00,0.0,0.0,,0.0
129,22,3.00,8,10.57,18.05,18.05,0.0,0.00,0.0,0.0,,0.0
129,23,3.00,8,9.90,16.52,16.52,0.0,0.00,0.0,0.0,,0.0
129,24,3.00,8,9.53,15.21,15.21,0.0,0.00,0.0,0.0,,0.0
129,1,4.00,8,9.01,14.03,14.03,0.0,0.00,0.0,-0.0,,0.0
129,2,4.00,8,8.64,13.00,13.00,0.0,0.00,0.0,-0.0,,0.0
129,3,4.00,8,8.32,12.10,12.10,0.0,0.00,0.0,-0.0,,0.0
129,4,4.00,8,7.99,11.29,11.29,0.0,0.00,0.0,-0.0,,0.0
129,5,4.00,8,7.64,10.56,10.56,0.0,0.00,0.0,-0.0,,0.0
129,6,4.00,8,7.18,9.88,9.88,0.0,0.00,0.0,-0.0,,0.0
129,7,4.00,8,7.01,9.29,9.29,0.0,0.00,0.0,-0.0,,0.0
129,8,4.00,8,6.59,11.07,11.07,0.0,66.02,0.0,-0.0,,0.0
129,9,4.00,8,6.15,12.59,12.59,0.0,242.36,0.0,-0.0,,0.0
129,10,4.00,8,7.78,14.59,14.59,0.0,500.07,0.0,-0.0,,0.0
129,11,4.00,8,10.02,16.98,16.98,0.0,728.00,0.0,-0.0,,0.0
129,12,4.00,8,12.10,19.57,19.57,0.0,917.92,0.0,0.0,,0.0
129,13,4.00,8,13.19,21.79,21.79,0.0,874.04,0.0,0.0,,0.0
129,14,4.00,8,14.64,23.78,23.78,0.0,822.56,0.0,0.0,,0.0
129,15,4.00,8,15.08,25.38,25.38,0.0,756.25,0.0,0.0,,0.0
129,16,4.00,8,15.54,26.56,26.57,0.0,609.82,0.0,0.0,,0.0
129,17,4.00,8,15.78,27.31,27.31,0.0,432.76,0.0,0.0,,0.0
129,18,4.00,8,14.35,27.01,27.01,0.0,92.56,0.0,0.0,,0.0
129,19,4.00,8,12.32,24.04,24.04,0.0,0.00,0.0,0.0,,0.0
129,20,4.00,8,11.19,21.60,21.60,0.0,0.00,0.0,0.0,,0.0
129,21,4.00,8,10.35,19.51,19.51,0.0,0.00,0.0,0.0,,0.0
129,22,4.00,8,9.54,17.66,17.66,0.0,0.00,0.0,0.0,,0.0
129,23,4.00,8,9.32,16.12,16.12,0.0,0.00,0.0,0.0,,0.0
129,24,4.00,8,9.34,14.87,14.87,0.0,0.00,0.0,-0.0,,0.0
129,1,5.00,8,9.08,13.78,13.78,0.0,0.00,0.0,-0.0,,0.0
129,2,5.00,8,8.79,12.82,12.82,0.0,0.00,0.0,-0.0,,0.0
129,3,5.00,8,8.67,12.02,12.02,0.0,0.00,0.0,-0.0,,0.0
129,4,5.00,8,8.33,11.29,11.29,0.0,0.00,0.0,-0.0,,0.0
129,5,5.00,8,8.02,10.63,10.63,0.0,0.00,0.0,-0.0,,0.0
129,6,5.00,8,7.56,10.00,10.00,0.0,0.00,0.0,-0.0,,0.0
129,7,5.00,8,7.51,9.48,9.48,0.0,0.00,0.0,-0.0,,0.0
129,8,5.00,8,7.01,10.93,19.23,5218.96,66.02,0.0,0.0,,5218.96
129,9,5.00,8,6.61,12.11,19.23,1453.33,242.36,0.0,0.0,,1453.33
129,10,5.00,8,7.16,13.58,19.23,595.75,500.07,0.0,0.0,,595.75
129,11,5.00,8,8.95,15.50,19.52,0.0,728.00,0.0,0.0,,0.0
129,12,5.00,8,11.66,17.88,20.94,0.0,917.92,0.0,0.0,,0.0
129,13,5.00,8,13.97,20.17,22.55,0.0,874.04,0.0,0.0,,0.0
129,14,5.00,8,16.21,22.35,24.22,0.0,822.56,0.0,0.0,,0.0
129,15,5.00,8,16.00,23.79,24.23,-639.22,756.25,0.0,0.0,,-639.22
129,16,5.00,8,15.63,24.60,24.23,-583.68,609.82,0.0,0.0,,-583.68
129,17,5.00,8,15.59,24.99,24.23,-447.8,432.76,0.0,0.0,,-447.8
129,18,5.00,8,14.49,24.44,24.06,0.0,92.56,0.0,0.0,,0.0
129,19,5.00,8,13.38,22.36,22.08,0.0,0.00,0.0,0.0,,0.0
129,20,5.00,8,12.31,20.47,20.25,0.0,0.00,0.0,0.0,,0.0
129,21,5.00,8,10.96,18.67,18.49,0.0,0.00,0.0,0.0,,0.0
129,22,5.00,8,10.06,17.05,16.90,0.0,0.00,0.0,0.0,,0.0
129,23,5.00,8,9.81,15.69,15.57,0.0,0.00,0.0,-0.0,,0.0
129,24,5.00,8,9.50,14.52,14.42,0.0,0.00,0.0,-0.0,,0.0
129,1,6.00,8,9.34,13.54,13.46,0.0,0.00,0.0,-0.0,,0.0
129,2,6.00,8,9.12,12.68,12.62,0.0,0.00,0.0,-0.0,,0.0
129,3,6.00,8,8.94,11.95,11.89,0.0,0.00,0.0,-0.0,,0.0
129,4,6.00,8,8.65,11.28,11.24,0.0,0.00,0.0,-0.0,,0.0
129,5,6.00,8,8.47,10.70,10.67,0.0,0.00,0.0,-0.0,,0.0
129,6,6.00,8,7.85,10.10,10.07,0.0,0.00,0.0,-0.0,,0.0
129,7,6.00,8,7.42,9.54,9.51,0.0,0.00,0.0,-0.0,,0.0
129,8,6.00,8,6.74,10.90,19.23,5249.91,66.02,0.0,0.0,,5249.91
129,9,6.00,8,6.40,12.05,19.23,1487.07,242.36,0.0,0.0,,1487.07
129,10,6.00,8,8.14,13.81,19.23,427.34,500.07,0.0,0.0,,427.34
129,11,6.00,8,10.34,16.01,19.91,0.0,728.00,0.0,0.0,,0.0
129,12,6.00,8,12.38,18.41,21.38,0.0,917.92,0.0,0.0,,0.0
129,13,6.00,8,14.12,20.58,22.89,0.0,874.04,0.0,0.0,,0.0
129,14,6.00,8,16.00,22.59,24.23,-109.3,822.56,0.0,0.0,,-109.3
129,15,6.00,8,16.25,24.05,24.23,-716.09,756.25,0.0,0.0,,-716.09
129,16,6.00,8,15.97,24.89,24.23,-656.47,609.82,0.0,0.0,,-656.47
129,17,6.00,8,15.83,25.26,24.23,-497.87,432.76,0.0,0.0,,-497.87
129,18,6.00,8,14.75,24.72,24.14,0.0,92.56,0.0,0.0,,0.0
129,19,6.00,8,13.30,22.55,22.12,0.0,0.00,0.0,0.0,,0.0
129,20,6.00,8,12.41,20.65,20.30,0.0,0.00,0.0,0.0,,0.0
129,21,6.00,8,11.64,18.96,18.68,0.0,0.00,0.0,0.0,,0.0
129,22,6.00,8,10.95,17.45,17.22,0.0,0.00,0.0,0.0,,0.0
129,23,6.00,8,10.41,16.13,15.93,0.0,0.00,0.0,0.0,,0.0
129,24,6.00,8,9.82,14.92,14.76,0.0,0.00,0.0,-0.0,,0.0
129,1,7.00,8,9.58,13.90,13.77,0.0,0.00,0.0,-0.0,,0.0
129,2,7.00,8,9.08,12.96,12.85,0.0,0.00,0.0,-0.0,,0.0
129,3,7.00,8,8.73,12.13,12.04,0.0,0.00,0.0,-0.0,,0.0
129,4,7.00,8,8.56,11.42,11.35,0.0,0.00,0.0,-0.0,,0.0
129,5,7.00,8,8.87,10.91,10.85,0.0,0.00,0.0,-0.0,,0.0
129,6,7.00,8,9.06,10.52,10.47,0.0,0.00,0.0,-0.0,,0.0
129,7,7.00,8,9.61,10.30,10.26,0.0,0.00,0.0,-0.0,,0.0
129,8,7.00,8,9.49,12.16,19.23,4465.33,66.02,0.0,0.0,,4465.33
129,9,7.00,8,9.89,13.84,19.23,819.06,242.36,0.0,0.0,,819.06
129,10,7.00,8,10.15,15.57,19.23,30.96,500.07,0.0,0.0,,30.96
129,11,7.00,8,10.74,17.36,20.08,0.0,728.00,0.0,0.0,,0.0
129,12,7.00,8,13.08,19.61,21.70,0.0,917.92,0.0,0.0,,0.0
129,13,7.00,8,15.29,21.79,23.43,0.0,874.04,0.0,0.0,,0.0
129,14,7.00,8,17.99,24.03,24.23,-678.04,822.56,0.0,0.0,,-678.04
129,15,7.00,8,18.37,25.64,24.23,-1127.96,756.25,0.0,0.0,,-1127.96
129,16,7.00,8,19.05,26.86,24.23,-1220.99,609.82,0.0,0.0,,-1220.99
129,17,7.00,8,18.17,27.28,24.23,-933.82,432.76,0.0,0.0,,-933.82
129,18,7.00,8,16.48,26.62,24.23,-266.98,92.56,0.0,0.0,,-266.98
129,19,7.00,8,14.89,24.39,22.55,0.0,0.00,0.0,0.0,,0.0
129,20,7.00,8,13.47,22.32,20.84,0.0,0.00,0.0,0.0,,0.0
129,21,7.00,8,12.76,20.53,19.31,0.0,0.00,0.0,0.0,,0.0
129,22,7.00,8,12.00,18.93,17.92,0.0,0.00,0.0,0.0,,0.0
129,23,7.00,8,11.17,17.46,16.63,0.0,0.00,0.0,-0.0,,0.0
129,24,7.00,8,10.69,16.18,15.49,0.0,0.00,0.0,-0.0,,0.0
129,1,1.00,8,10.30,15.06,14.49,0.0,0.00,0.0,-0.0,,0.0
129,2,1.00,8,10.12,14.11,13.64,0.0,0.00,0.0,-0.0,,0.0
129,3,1.00,8,9.78,13.26,12.87,0.0,0.00,0.0,-0.0,,0.0
129,4,1.00,8,9.21,12.45,12.13,0.0,0.00,0.0,-0.0,,0.0
129,5,1.00,8,8.69,11.70,11.43,0.0,0.00,0.0,-0.0,,0.0
129,6,1.00,8,7.92,10.93,10.70,0.0,0.00,0.0,-0.0,,0.0
129,7,1.00,8,7.66,10.26,10.08,0.0,0.00,0.0,-0.0,,0.0
129,8,1.00,8,6.87,11.48,19.23,4962.06,66.02,0.0,0.0,,4962.06
129,9,1.00,8,6.97,12.65,19.23,1335.96,242.36,0.0,0.0,,1335.96
129,10,1.00,8,8.50,14.35,19.23,338.51,500.07,0.0,0.0,,338.51
129,11,1.00,8,10.62,16.49,20.01,0.0,728.00,0.0,0.0,,0.0
129,12,1.00,8,12.30,18.74,21.43,0.0,917.92,0.0,0.0,,0.0
129,13,1.00,8,13.12,20.56,22.66,0.0,874.04,0.0,0.0,,0.0
129,14,1.00,8,13.71,22.01,23.65,0.0,822.56,0.0,0.0,,0.0
129,15,1.00,8,13.49,22.95,24.23,-3.54,756.25,0.0,0.0,,-3.54
129,16,1.00,8,13.12,23.40,24.23,-113.09,609.82,0.0,0.0,,-113.09
129,17,1.00,8,12.53,23.37,24.06,0.0,432.76,0.0,0.0,,0.0
129,18,1.00,8,11.88,22.64,23.19,0.0,92.56,0.0,0.0,,0.0
129,19,1.00,8,10.14,20.31,20.78,0.0,0.00,0.0,0.0,,0.0
129,20,1.00,8,8.85,18.18,18.57,0.0,0.00,0.0,0.0,,0.0
129,21,1.00,8,7.84,16.26,16.59,0.0,0.00,0.0,0.0,,0.0
129,22,1.00,8,8.04,14.76,15.03,0.0,0.00,0.0,0.0,,0.0
129,23,1.00,8,8.75,13.67,13.90,0.0,0.00,0.0,-0.0,,0.0
129,24,1.00,8,8.30,12.65,12.84,0.0,0.00,0.0,-0.0,,0.0
129,1,2.00,8,7.54,11.66,11.82,0.0,0.00,0.0,-0.0,,0.0
129,2,2.00,8,6.75,10.70,10.83,0.0,0.00,0.0,-0.0,,0.0
129,3,2.00,8,6.10,9.80,9.90,0.0,0.00,0.0,-0.0,,0.0
129,4,2.00,8,5.42,8.93,9.02,0.0,0.00,0.0,-0.0,,0.0
129,5,2.00,8,4.53,8.06,8.13,0.0,0.00,0.0,-0.0,,0.0
129,6,2.00,8,4.03,7.26,7.32,0.0,0.00,0.0,-0.0,,0.0
129,7,2.00,8,3.80,6.58,6.63,0.0,0.00,0.0,-0.0,,0.0
129,8,2.00,8,3.21,7.82,19.23,7149.45,66.02,21.46,0.0,,7170.91
129,9,2.00,8,4.14,9.22,19.23,2132.31,242.36,0.0,0.0,,2132.31
129,10,2.00,8,6.55,11.32,19.23,829.64,500.07,0.0,0.0,,829.64
129,11,2.00,8,9.38,13.90,19.54,0.0,728.00,0.0,0.0,,0.0
129,12,2.00,8,11.70,16.64,20.92,0.0,917.92,0.0,0.0,,0.0
129,13,2.00,8,13.21,18.98,22.31,0.0,874.04,0.0,0.0,,0.0
129,14,2.00,8,14.82,21.07,23.68,0.0,822.56,0.0,0.0,,0.0
129,15,2.00,8,14.41,22.42,24.23,-147.31,756.25,0.0,0.0,,-147.31
129,16,2.00,8,14.08,23.19,24.23,-272.41,609.82,0.0,0.0,,-272.41
129,17,2.00,8,13.37,23.37,24.23,-35.66,432.76,0.0,0.0,,-35.66
129,18,2.00,8,12.53,22.76,23.48,0.0,92.56,0.0,0.0,,0.0
129,19,2.00,8,10.07,20.36,20.97,0.0,0.00,0.0,0.0,,0.0
129,20,2.00,8,8.74,18.19,18.71,0.0,0.00,0.0,0.0,,0.0
129,21,2.00,8,7.52,16.20,16.63,0.0,0.00,0.0,0.0,,0.0
129,22,2.00,8,6.61,14.42,14.78,0.0,0.00,0.0,0.0,,0.0
129,23,2.00,8,5.61,12.77,13.07,0.0,0.00,0.0,0.0,,0.0
129,24,2.00,8,4.93,11.31,11.56,0.0,0.00,0.0,0.0,,0.0
129,1,3.00,8,4.31,10.00,10.21,0.0,0.00,0.0,-0.0,,0.0
129,2,3.00,8,3.99,8.88,9.05,0.0,0.00,0.0,-0.0,,0.0
129,3,3.00,8,3.59,7.88,8.02,0.0,0.00,0.0,-0.0,,0.0
129,4,3.00,8,3.27,7.00,7.12,0.0,0.00,0.0,-0.0,,0.0
129,5,3.00,8,3.48,6.33,6.43,0.0,0.00,0.0,-0.0,,0.0
129,6,3.00,8,4.11,5.91,5.99,0.0,0.00,0.0,-0.0,,0.0
129,7,3.00,8,4.77,5.67,5.74,0.0,0.00,0.0,-0.0,,0.0
129,8,3.00,8,4.80,7.80,7.85,0.0,66.02,0.0,-0.0,,0.0
129,9,3.00,8,5.17,9.75,9.80,0.0,242.36,0.0,-0.0,,0.0
129,10,3.00,8,6.48,12.01,12.05,0.0,500.07,0.0,-0.0,,0.0
129,11,3.00,8,8.75,14.63,14.66,0.0,728.00,0.0,-0.0,,0.0
129,12,3.00,8,10.41,17.32,17.35,0.0,917.92,0.0,0.0,,0.0
129,13,3.00,8,11.18,19.57,19.59,0.0,874.04,0.0,0.0,,0.0
129,14,3.00,8,11.95,21.46,21.47,0.0,822.56,0.0,0.0,,0.0
129,15,3.00,8,11.86,22.88,22.89,0.0,756.25,0.0,0.0,,0.0
129,16,3.00,8,11.76,23.82,23.84,0.0,609.82,0.0,0.0,,0.0
129,17,3.00,8,10.92,24.16,24.17,0.0,432.76,0.0,0.0,,0.0
129,18,3.00,8,10.21,23.73,23.73,0.0,92.56,0.0,0.0,,0.0
129,19,3.00,8,9.41,20.88,20.89,0.0,0.00,0.0,0.0,,0.0
129,20,3.00,8,8.99,18.66,18.66,0.0,0.00,0.0,0.0,,0.0
129,21,3.00,8,8.76,16.84,16.84,0.0,0.00,0.0,0.0,,0.0
129,22,3.00,8,8.81,15.37,15.37,0.0,0.00,0.0,0.0,,0.0
129,23,3.00,8,9.00,14.20,14.20,0.0,0.00,0.0,-0.0,,0.0
129,24,3.00,8,8.79,13.18,13.18,0.0,0.00,0.0,-0.0,,0.0
129,1,4.00,8,8.62,12.30,12.31,0.0,0.00,0.0,-0.0,,0.0
129,2,4.00,8,8.14,11.48,11.49,0.0,0.00,0.0,-0.0,,0.0
129,3,4.00,8,7.82,10.75,10.76,0.0,0.00,0.0,-0.0,,0.0
129,4,4.00,8,7.64,10.13,10.13,0.0,0.00,0.0,-0.0,,0.0
129,5,4.00,8,8.00,9.69,9.69,0.0,0.00,0.0,-0.0,,0.0
129,6,4.00,8,8.63,9.45,9.46,0.0,0.00,0.0,-0.0,,0.0
129,7,4.00,8,9.55,9.43,9.43,0.0,0.00,0.0,-0.0,,0.0
129,8,4.00,8,9.69,11.74,11.74,0.0,66.02,0.0,-0.0,,0.0
129,9,4.00,8,9.03,13.63,13.63,0.0,242.36,0.0,-0.0,,0.0
129,10,4.00,8,8.86,15.56,15.56,0.0,500.07,0.0,-0.0,,0.0
129,11,4.00,8,8.20,17.34,17.34,0.0,728.00,0.0,-0.0,,0.0
129,12,4.00,8,10.42,19.55,19.56,0.0,917.92,0.0,0.0,,0.0
129,13,4.00,8,11.17,21.41,21.41,0.0,874.04,0.0,0.0,,0.0
129,14,4.00,8,12.62,23.12,23.13,0.0,822.56,0.0,0.0,,0.0
129,15,4.00,8,13.05,24.49,24.49,0.0,756.25,0.0,0.0,,0.0
129,16,4.00,8,12.70,25.31,25.31,0.0,609.82,0.0,0.0,,0.0
129,17,4.00,8,12.17,25.62,25.62,0.0,432.76,0.0,0.0,,0.0
129,18,4.00,8,10.80,25.01,25.01,0.0,92.56,0.0,0.0,,0.0
129,19,4.00,8,9.33,21.90,21.90,0.0,0.00,0.0,0.0,,0.0
129,20,4.00,8,8.20,19.33,19.33,0.0,0.00,0.0,0.0,,0.0
129,21,4.00,8,7.14,17.08,17.08,0.0,0.00,0.0,0.0,,0.0
129,22,4.00,8,6.67,15.17,15.17,0.0,0.00,0.0,0.0,,0.0
129,23,4.00,8,5.79,13.44,13.44,0.0,0.00,0.0,0.0,,0.0
129,24,4.00,8,5.25,11.93,11.93,0.0,0.00,0.0,0.0,,0.0
129,1,5.00,8,5.26,10.70,10.70,0.0,0.00,0.0,-0.0,,0.0
129,2,5.00,8,5.52,9.75,9.75,0.0,0.00,0.0,-0.0,,0.0
129,3,5.00,8,5.74,8.99,8.99,0.0,0.00,0.0,-0.0,,0.0
129,4,5.00,8,6.10,8.44,8.44,0.0,0.00,0.0,-0.0,,0.0
129,5,5.00,8,6.48,8.04,8.04,0.0,0.00,0.0,-0.0,,0.0
129,6,5.00,8,6.76,7.76,7.76,0.0,0.00,0.0,-0.0,,0.0
129,7,5.00,8,6.99,7.56,7.56,0.0,0.00,0.0,-0.0,,0.0
129,8,5.00,8,7.27,9.56,19.23,6077.79,66.02,0.0,0.0,,6077.79
129,9,5.00,8,7.17,11.20,19.23,1530.69,242.36,0.0,0.0,,1530.69
129,10,5.00,8,7.85,13.03,19.23,552.33,500.07,0.0,0.0,,552.33
129,11,5.00,8,8.65,14.94,19.39,0.0,728.00,0.0,0.0,,0.0
129,12,5.00,8,9.89,16.96,20.36,0.0,917.92,0.0,0.0,,0.0
129,13,5.00,8,10.53,18.59,21.23,0.0,874.04,0.0,0.0,,0.0
129,14,5.00,8,11.53,20.01,22.08,0.0,822.56,0.0,0.0,,0.0
129,15,5.00,8,11.51,20.98,22.61,0.0,756.25,0.0,0.0,,0.0
129,16,5.00,8,11.35,21.50,22.77,0.0,609.82,0.0,0.0,,0.0
129,17,5.00,8,11.20,21.62,22.62,0.0,432.76,0.0,0.0,,0.0
129,18,5.00,8,10.70,21.03,21.82,0.0,92.56,0.0,0.0,,0.0
129,19,5.00,8,10.49,19.10,19.77,0.0,0.00,0.0,0.0,,0.0
129,20,5.00,8,10.46,17.51,18.07,0.0,0.00,0.0,0.0,,0.0
129,21,5.00,8,10.53,16.22,16.69,0.0,0.00,0.0,0.0,,0.0
129,22,5.00,8,10.46,15.14,15.53,0.0,0.00,0.0,-0.0,,0.0
129,23,5.00,8,10.86,14.33,14.65,0.0,0.00,0.0,-0.0,,0.0
129,24,5.00,8,10.57,13.59,13.85,0.0,0.00,0.0,-0.0,,0.0
129,1,6.00,8,10.25,12.91,13.13,0.0,0.00,0.0,-0.0,,0.0
129,2,6.00,8,10.13,12.33,12.52,0.0,0.00,0.0,-0.0,,0.0
129,3,6.00,8,10.08,11.86,12.01,0.0,0.00,0.0,-0.0,,0.0
129,4,6.00,8,10.33,11.51,11.64,0.0,0.00,0.0,-0.0,,0.0
129,5,6.00,8,10.59,11.28,11.38,0.0,0.00,0.0,-0.0,,0.0
129,6,6.00,8,10.78,11.12,11.20,0.0,0.00,0.0,-0.0,,0.0
129,7,6.00,8,10.83,10.98,11.05,0.0,0.00,0.0,-0.0,,0.0
129,8,6.00,8,10.38,12.87,19.23,3964.13,66.02,0.0,0.0,,3964.13
129,9,6.00,8,10.40,14.48,19.23,665.8,242.36,0.0,0.0,,665.8
129,10,6.00,8,10.25,16.06,19.26,0.0,500.07,0.0,0.0,,0.0
129,11,6.00,8,10.47,17.66,20.04,0.0,728.00,0.0,0.0,,0.0
129,12,6.00,8,11.88,19.52,21.36,0.0,917.92,0.0,0.0,,0.0
129,13,6.00,8,13.02,21.16,22.60,0.0,874.04,0.0,0.0,,0.0
129,14,6.00,8,14.09,22.59,23.71,0.0,822.56,0.0,0.0,,0.0
129,15,6.00,8,13.75,23.46,24.23,-72.84,756.25,0.0,0.0,,-72.84
129,16,6.00,8,13.25,23.82,24.23,-139.82,609.82,0.0,0.0,,-139.82
129,17,6.00,8,12.75,23.75,24.12,0.0,432.76,0.0,0.0,,0.0
129,18,6.00,8,12.16,23.00,23.31,0.0,92.56,0.0,0.0,,0.0
129,19,6.00,8,10.81,20.74,21.01,0.0,0.00,0.0,0.0,,0.0
129,20,6.00,8,9.83,18.72,18.94,0.0,0.00,0.0,0.0,,0.0
129,21,6.00,8,8.94,16.90,17.09,0.0,0.00,0.0,0.0,,0.0
129,22,6.00,8,8.58,15.36,15.52,0.0,0.00,0.0,-0.0,,0.0
129,23,6.00,8,7.87,13.96,14.08,0.0,0.00,0.0,-0.0,,0.0
129,24,6.00,8,6.94,12.63,12.73,0.0,0.00,0.0,-0.0,,0.0
129,1,7.00,8,7.28,11.63,11.72,0.0,0.00,0.0,-0.0,,0.0
129,2,7.00,8,7.59,10.87,10.94,0.0,0.00,0.0,-0.0,,0.0
129,3,7.00,8,7.83,10.28,10.34,0.0,0.00,0.0,-0.0,,0.0
129,4,7.00,8,7.81,9.78,9.83,0.0,0.00,0.0,-0.0,,0.0
129,5,7.00,8,8.05,9.41,9.45,0.0,0.00,0.0,-0.0,,0.0
129,6,7.00,8,8.06,9.10,9.13,0.0,0.00,0.0,-0.0,,0.0
129,7,7.00,8,8.17,8.86,8.89,0.0,0.00,0.0,-0.0,,0.0
129,8,7.00,8,8.17,10.75,19.23,5316.23,66.02,0.0,0.0,,5316.23
129,9,7.00,8,8.27,12.37,19.23,1223.21,242.36,0.0,0.0,,1223.21
129,10,7.00,8,9.59,14.36,19.23,192.13,500.07,0.0,0.0,,192.13
129,11,7.00,8,11.23,16.59,20.16,0.0,728.00,0.0,0.0,,0.0
129,12,7.00,8,13.39,19.08,21.81,0.0,917.92,0.0,0.0,,0.0
129,13,7.00,8,14.13,21.04,23.17,0.0,874.04,0.0,0.0,,0.0
129,14,7.00,8,15.09,22.70,24.23,-84.39,822.56,0.0,0.0,,-84.39
129,15,7.00,8,14.98,23.82,24.23,-516.17,756.25,0.0,0.0,,-516.17
129,16,7.00,8,14.84,24.47,24.23,-463.26,609.82,0.0,0.0,,-463.26
129,17,7.00,8,14.59,24.66,24.23,-277.49,432.76,0.0,0.0,,-277.49
129,18,7.00,8,13.49,23.97,23.77,0.0,92.56,0.0,0.0,,0.0
129,19,7.00,8,11.84,21.69,21.56,0.0,0.00,0.0,0.0,,0.0
129,20,7.00,8,10.82,19.67,19.56,0.0,0.00,0.0,0.0,,0.0
129,21,7.00,8,9.71,17.80,17.72,0.0,0.00,0.0,0.0,,0.0
129,22,7.00,8,8.81,16.12,16.05,0.0,0.00,0.0,0.0,,0.0
129,23,7.00,8,8.11,14.62,14.57,0.0,0.00,0.0,0.0,,0.0
129,24,7.00,8,7.94,13.38,13.33,0.0,0.00,0.0,-0.0,,0.0
129,1,1.00,9,7.58,12.28,12.24,0.0,0.00,0.0,-0.0,,0.0
129,2,1.00,9,7.32,11.33,11.30,0.0,0.00,0.0,-0.0,,0.0
129,3,1.00,9,7.07,10.51,10.48,0.0,0.00,0.0,-0.0,,0.0
129,4,1.00,9,6.99,9.82,9.80,0.0,0.00,0.0,-0.0,,0.0
129,5,1.00,9,6.97,9.25,9.23,0.0,0.00,0.0,-0.0,,0.0
129,6,1.00,9,7.05,8.79,8.78,0.0,0.00,0.0,-0.0,,0.0
129,7,1.00,9,7.28,8.46,8.45,0.0,0.00,0.0,-0.0,,0.0
129,8,1.00,9,6.90,10.10,19.67,6023.58,69.04,0.0,0.0,,6023.58
129,9,1.00,9,6.74,11.66,19.67,1555.82,343.67,0.0,0.0,,1555.82
129,10,1.00,9,7.68,13.56,19.67,504.21,639.54,0.0,0.0,,504.21
129,11,1.00,9,9.68,15.90,20.30,0.0,889.58,0.0,0.0,,0.0
129,12,1.00,9,11.01,18.15,21.50,0.0,1006.10,0.0,0.0,,0.0
129,13,1.00,9,12.54,20.77,23.38,0.0,1471.77,0.0,0.0,,0.0
129,14,1.00,9,13.16,22.53,24.57,0.0,1203.72,0.0,0.0,,0.0
129,15,1.00,9,13.05,23.72,24.67,-408.78,1097.84,0.0,0.0,,-408.78
129,16,1.00,9,12.64,24.50,24.67,-446.06,1045.43,0.0,0.0,,-446.06
129,17,1.00,9,11.82,24.52,24.67,-100.16,753.14,0.0,0.0,,-100.16
129,18,1.00,9,11.18,24.10,24.30,0.0,543.11,0.0,0.0,,0.0
129,19,1.00,9,10.18,22.10,22.29,0.0,236.12,0.0,0.0,,0.0
129,20,1.00,9,9.99,19.92,20.09,0.0,0.00,0.0,0.0,,0.0
129,21,1.00,9,9.71,18.06,18.20,0.0,0.00,0.0,0.0,,0.0
129,22,1.00,9,9.82,16.56,16.67,0.0,0.00,0.0,0.0,,0.0
129,23,1.00,9,9.76,15.30,15.39,0.0,0.00,0.0,-0.0,,0.0
129,24,1.00,9,9.52,14.21,14.29,0.0,0.00,0.0,-0.0,,0.0
129,1,2.00,9,9.25,13.26,13.33,0.0,0.00,0.0,-0.0,,0.0
129,2,2.00,9,8.93,12.42,12.47,0.0,0.00,0.0,-0.0,,0.0
129,3,2.00,9,8.45,11.63,11.67,0.0,0.00,0.0,-0.0,,0.0
129,4,2.00,9,8.15,10.93,10.97,0.0,0.00,0.0,-0.0,,0.0
129,5,2.00,9,7.90,10.31,10.34,0.0,0.00,0.0,-0.0,,0.0
129,6,2.00,9,7.52,9.73,9.76,0.0,0.00,0.0,-0.0,,0.0
129,7,2.00,9,7.12,9.18,9.21,0.0,0.00,0.0,-0.0,,0.0
129,8,2.00,9,6.55,10.55,19.67,5722.77,69.04,0.0,0.0,,5722.77
129,9,2.00,9,7.11,12.13,19.67,1420.49,343.67,0.0,0.0,,1420.49
129,10,2.00,9,8.99,14.28,19.67,244.86,639.54,0.0,0.0,,244.86
129,11,2.00,9,10.44,16.61,20.54,0.0,889.58,0.0,0.0,,0.0
129,12,2.00,9,11.93,18.90,21.92,0.0,1006.10,0.0,0.0,,0.0
129,13,2.00,9,13.02,21.44,23.79,0.0,1471.77,0.0,0.0,,0.0
129,14,2.00,9,13.89,23.22,24.67,-242.07,1203.72,0.0,0.0,,-242.07
129,15,2.00,9,13.92,24.45,24.67,-631.65,1097.84,0.0,0.0,,-631.65
129,16,2.00,9,13.90,25.37,24.67,-689.15,1045.43,0.0,0.0,,-689.15
129,17,2.00,9,13.20,25.51,24.67,-357.46,753.14,0.0,0.0,,-357.46
129,18,2.00,9,12.41,25.13,24.67,0.0,543.11,0.0,0.0,,0.0
129,19,2.00,9,10.59,22.98,22.63,0.0,236.12,0.0,0.0,,0.0
129,20,2.00,9,9.92,20.62,20.33,0.0,0.00,0.0,0.0,,0.0
129,21,2.00,9,9.19,18.52,18.29,0.0,0.00,0.0,0.0,,0.0
129,22,2.00,9,8.87,16.75,16.56,0.0,0.00,0.0,0.0,,0.0
129,23,2.00,9,8.45,15.22,15.06,0.0,0.00,0.0,0.0,,0.0
129,24,2.00,9,8.43,13.96,13.83,0.0,0.00,0.0,0.0,,0.0
129,1,3.00,9,7.87,12.81,12.70,0.0,0.00,0.0,0.0,,0.0
129,2,3.00,9,7.33,11.76,11.67,0.0,0.00,0.0,-0.0,,0.0
129,3,3.00,9,7.05,10.85,10.78,0.0,0.00,0.0,-0.0,,0.0
129,4,3.00,9,6.86,10.08,10.02,0.0,0.00,0.0,-0.0,,0.0
129,5,3.00,9,6.65,9.40,9.35,0.0,0.00,0.0,-0.0,,0.0
129,6,3.00,9,6.31,8.77,8.73,0.0,0.00,0.0,-0.0,,0.0
129,7,3.00,9,6.05,8.21,8.18,0.0,0.00,0.0,-0.0,,0.0
129,8,3.00,9,5.64,9.97,9.95,0.0,69.04,0.0,-0.0,,0.0
129,9,3.00,9,5.73,11.79,11.76,0.0,343.67,0.0,-0.0,,0.0
129,10,3.00,9,7.92,14.19,14.17,0.0,639.54,0.0,-0.0,,0.0
129,11,3.00,9,10.28,16.97,16.96,0.0,889.58,0.0,0.0,,0.0
129,12,3.00,9,12.51,19.82,19.81,0.0,1006.10,0.0,0.0,,0.0
129,13,3.00,9,14.24,23.02,23.01,0.0,1471.77,0.0,0.0,,0.0
129,14,3.00,9,15.64,25.49,25.48,0.0,1203.72,0.0,0.0,,0.0
129,15,3.00,9,15.80,27.38,27.38,0.0,1097.84,0.0,0.0,,0.0
129,16,3.00,9,15.80,28.89,28.89,0.0,1045.43,0.0,0.0,,0.0
129,17,3.00,9,15.16,29.59,29.58,0.0,753.14,0.0,0.0,,0.0
129,18,3.00,9,14.55,29.73,29.72,0.0,543.11,0.0,0.0,,0.0
129,19,3.00,9,12.21,26.76,26.76,0.0,236.12,0.0,0.0,,0.0
129,20,3.00,9,10.41,23.70,23.70,0.0,0.00,0.0,0.0,,0.0
129,21,3.00,9,9.28,21.04,21.04,0.0,0.00,0.0,0.0,,0.0
129,22,3.00,9,8.47,18.74,18.74,0.0,0.00,0.0,0.0,,0.0
129,23,3.00,9,7.65,16.71,16.71,0.0,0.00,0.0,0.0,,0.0
129,24,3.00,9,7.08,14.94,14.94,0.0,0.00,0.0,0.0,,0.0
129,1,4.00,9,6.35,13.35,13.35,0.0,0.00,0.0,0.0,,0.0
129,2,4.00,9,5.86,11.96,11.96,0.0,0.00,0.0,0.0,,0.0
129,3,4.00,9,5.35,10.72,10.72,0.0,0.00,0.0,-0.0,,0.0
129,4,4.00,9,4.79,9.60,9.60,0.0,0.00,0.0,-0.0,,0.0
129,5,4.00,9,4.35,8.60,8.60,0.0,0.00,0.0,-0.0,,0.0
129,6,4.00,9,4.09,7.74,7.74,0.0,0.00,0.0,-0.0,,0.0
129,7,4.00,9,3.64,6.94,6.94,0.0,0.00,0.0,-0.0,,0.0
129,8,4.00,9,2.94,8.45,8.45,0.0,69.04,0.0,-0.0,,0.0
129,9,4.00,9,3.96,10.26,10.26,0.0,343.67,0.0,-0.0,,0.0
129,10,4.00,9,6.58,12.73,12.73,0.0,639.54,0.0,-0.0,,0.0
129,11,4.00,9,8.90,15.53,15.53,0.0,889.58,0.0,-0.0,,0.0
129,12,4.00,9,11.28,18.43,18.43,0.0,1006.10,0.0,0.0,,0.0
129,13,4.00,9,13.35,21.74,21.74,0.0,1471.77,0.0,0.0,,0.0
129,14,4.00,9,15.07,24.34,24.34,0.0,1203.72,0.0,0.0,,0.0
129,15,4.00,9,16.08,26.52,26.52,0.0,1097.84,0.0,0.0,,0.0
129,16,4.00,9,16.62,28.35,28.35,0.0,1045.43,0.0,0.0,,0.0
129,17,4.00,9,15.92,29.27,29.27,0.0,753.14,0.0,0.0,,0.0
129,18,4.00,9,15.10,29.55,29.55,0.0,543.11,0.0,0.0,,0.0
129,19,4.00,9,13.23,26.81,26.81,0.0,236.12,0.0,0.0,,0.0
129,20,4.00,9,11.12,23.85,23.85,0.0,0.00,0.0,0.0,,0.0
129,21,4.00,9,9.76,21.23,21.24,0.0,0.00,0.0,0.0,,0.0
129,22,4.00,9,8.68,18.92,18.92,0.0,0.00,0.0,0.0,,0.0
129,23,4.00,9,7.67,16.85,16.85,0.0,0.00,0.0,0.0,,0.0
129,24,4.00,9,6.47,14.93,14.93,0.0,0.00,0.0,0.0,,0.0
129,1,5.00,9,5.66,13.21,13.21,0.0,0.00,0.0,0.0,,0.0
129,2,5.00,9,4.95,11.68,11.68,0.0,0.00,0.0,0.0,,0.0
129,3,5.00,9,4.37,10.32,10.32,0.0,0.00,0.0,0.0,,0.0
129,4,5.00,9,3.92,9.12,9.12,0.0,0.00,0.0,-0.0,,0.0
129,5,5.00,9,3.25,8.01,8.01,0.0,0.00,0.0,-0.0,,0.0
129,6,5.00,9,2.87,7.04,7.04,0.0,0.00,0.0,-0.0,,0.0
129,7,5.00,9,2.37,6.14,6.14,0.0,0.00,0.0,-0.0,,0.0
129,8,5.00,9,1.66,7.08,19.67,7917.36,69.04,251.87,0.0,,8169.23
129,9,5.00,9,3.31,8.65,19.67,2344.25,343.67,0.0,0.0,,2344.25
129,10,5.00,9,6.69,11.16,19.67,784.31,639.54,0.0,0.0,,784.31
129,11,5.00,9,9.69,14.12,20.21,0.0,889.58,0.0,0.0,,0.0
129,12,5.00,9,12.36,17.14,21.78,0.0,1006.10,0.0,0.0,,0.0
129,13,5.00,9,14.62,20.50,24.10,0.0,1471.77,0.0,0.0,,0.0
129,14,5.00,9,16.91,23.22,24.67,-863.77,1203.72,0.0,0.0,,-863.77
129,15,5.00,9,18.06,25.43,24.67,-1371.1,1097.84,0.0,0.0,,-1371.1
129,16,5.00,9,18.92,27.28,24.67,-1590.61,1045.43,0.0,0.0,,-1590.61
129,17,5.00,9,18.25,28.10,24.67,-1272.18,753.14,0.0,0.0,,-1272.18
129,18,5.00,9,16.57,28.00,24.67,-762.33,543.11,0.0,0.0,,-762.33
129,19,5.00,9,13.78,25.81,23.38,0.0,236.12,0.0,0.0,,0.0
129,20,5.00,9,12.23,23.29,21.36,0.0,0.00,0.0,0.0,,0.0
129,21,5.00,9,10.94,20.99,19.42,0.0,0.00,0.0,0.0,,0.0
129,22,5.00,9,9.92,18.94,17.64,0.0,0.00,0.0,0.0,,0.0
129,23,5.00,9,8.99,17.09,16.02,0.0,0.00,0.0,0.0,,0.0
129,24,5.00,9,7.92,15.38,14.49,0.0,0.00,0.0,0.0,,0.0
129,1,6.00,9,7.15,13.84,13.10,0.0,0.00,0.0,0.0,,0.0
129,2,6.00,9,6.37,12.44,11.83,0.0,0.00,0.0,0.0,,0.0
129,3,6.00,9,5.46,11.12,10.61,0.0,0.00,0.0,-0.0,,0.0
129,4,6.00,9,4.64,9.89,9.47,0.0,0.00,0.0,-0.0,,0.0
129,5,6.00,9,3.75,8.71,8.37,0.0,0.00,0.0,-0.0,,0.0
129,6,6.00,9,3.17,7.66,7.37,0.0,0.00,0.0,-0.0,,0.0
129,7,6.00,9,2.74,6.72,6.48,0.0,0.00,0.0,-0.0,,0.0
129,8,6.00,9,2.04,7.61,19.67,7698.98,69.04,423.29,0.0,,8122.2699999999995
129,9,6.00,9,3.99,9.23,19.67,2196.76,343.67,0.0,0.0,,2196.76
129,10,6.00,9,7.36,11.76,19.67,651.12,639.54,0.0,0.0,,651.12
129,11,6.00,9,11.20,14.97,20.64,0.0,889.58,0.0,0.0,,0.0
129,12,6.00,9,14.61,18.34,22.67,0.0,1006.10,0.0,0.0,,0.0
129,13,6.00,9,17.50,22.10,24.67,-497.47,1471.77,0.0,0.0,,-497.47
129,14,6.00,9,20.29,25.24,24.67,-1728.13,1203.72,0.0,0.0,,-1728.13
129,15,6.00,9,21.75,27.83,24.67,-2085.61,1097.84,0.0,0.0,,-2085.61
129,16,6.00,9,23.05,30.08,24.67,-2358.25,1045.43,0.0,0.0,,-2358.25
129,17,6.00,9,22.23,31.13,24.67,-2007.55,753.14,0.0,0.0,,-2007.55
129,18,6.00,9,20.52,31.22,24.67,-1488.84,543.11,0.0,0.0,,-1488.84
129,19,6.00,9,18.07,29.20,24.35,0.0,236.12,0.0,0.0,,0.0
129,20,6.00,9,15.95,26.70,22.84,0.0,0.00,0.0,0.0,,0.0
129,21,6.00,9,14.03,24.31,21.15,0.0,0.00,0.0,0.0,,0.0
129,22,6.00,9,12.75,22.14,19.54,0.0,0.00,0.0,0.0,,0.0
129,23,6.00,9,11.49,20.15,17.99,0.0,0.00,0.0,0.0,,0.0
129,24,6.00,9,10.36,18.32,16.53,0.0,0.00,0.0,0.0,,0.0
129,1,7.00,9,9.54,16.68,15.20,0.0,0.00,0.0,0.0,,0.0
129,2,7.00,9,8.77,15.19,13.96,0.0,0.00,0.0,-0.0,,0.0
129,3,7.00,9,8.00,13.83,12.82,0.0,0.00,0.0,-0.0,,0.0
129,4,7.00,9,7.31,12.59,11.75,0.0,0.00,0.0,-0.0,,0.0
129,5,7.00,9,6.64,11.46,10.76,0.0,0.00,0.0,-0.0,,0.0
129,6,7.00,9,5.86,10.38,9.80,0.0,0.00,0.0,-0.0,,0.0
129,7,7.00,9,4.69,9.27,8.79,0.0,0.00,0.0,-0.0,,0.0
129,8,7.00,9,3.68,9.92,19.67,6361.9,69.04,190.46,0.0,,6552.36
129,9,7.00,9,4.77,11.14,19.67,1856.45,343.67,0.0,0.0,,1856.45
129,10,7.00,9,8.11,13.41,19.67,424.83,639.54,0.0,0.0,,424.83
129,11,7.00,9,12.22,16.49,21.00,0.0,889.58,0.0,0.0,,0.0
129,12,7.00,9,14.86,19.55,22.99,0.0,1006.10,0.0,0.0,,0.0
129,13,7.00,9,16.97,22.88,24.67,-552.89,1471.77,0.0,0.0,,-552.89
129,14,7.00,9,19.48,25.65,24.67,-1613.54,1203.72,0.0,0.0,,-1613.54
129,15,7.00,9,20.63,27.89,24.67,-1898.24,1097.84,0.0,0.0,,-1898.24
129,16,7.00,9,22.05,29.91,24.67,-2182.48,1045.43,0.0,0.0,,-2182.48
129,17,7.00,9,23.33,31.37,24.67,-2191.93,753.14,0.0,0.0,,-2191.93
129,18,7.00,9,21.97,31.76,24.67,-1739.56,543.11,0.0,0.0,,-1739.56
129,19,7.00,9,19.24,29.83,24.61,0.0,236.12,0.0,0.0,,0.0
129,20,7.00,9,17.21,27.43,23.29,0.0,0.00,0.0,0.0,,0.0
129,21,7.00,9,15.94,25.26,21.87,0.0,0.00,0.0,0.0,,0.0
129,22,7.00,9,15.08,23.35,20.56,0.0,0.00,0.0,0.0,,0.0
129,23,7.00,9,13.99,21.59,19.28,0.0,0.00,0.0,0.0,,0.0
129,24,7.00,9,12.63,19.88,17.97,0.0,0.00,0.0,0.0,,0.0
129,1,1.00,9,11.67,18.33,16.74,0.0,0.00,0.0,-0.0,,0.0
129,2,1.00,9,10.55,16.84,15.53,0.0,0.00,0.0,-0.0,,0.0
129,3,1.00,9,9.63,15.47,14.38,0.0,0.00,0.0,-0.0,,0.0
129,4,1.00,9,8.69,14.17,13.27,0.0,0.00,0.0,-0.0,,0.0
129,5,1.00,9,7.80,12.94,12.20,0.0,0.00,0.0,-0.0,,0.0
129,6,1.00,9,7.19,11.84,11.22,0.0,0.00,0.0,-0.0,,0.0
129,7,1.00,9,6.38,10.78,10.27,0.0,0.00,0.0,-0.0,,0.0
129,8,1.00,9,5.29,11.45,19.67,5416.45,69.04,0.0,0.0,,5416.45
129,9,1.00,9,7.37,12.96,19.67,1274.05,343.67,0.0,0.0,,1274.05
129,10,1.00,9,11.01,15.49,19.91,0.0,639.54,0.0,0.0,,0.0
129,11,1.00,9,14.70,18.63,21.90,0.0,889.58,0.0,0.0,,0.0
129,12,1.00,9,17.96,21.92,24.43,0.0,1006.10,0.0,0.0,,0.0
129,13,1.00,9,20.51,25.52,24.67,-1768.09,1471.77,0.0,0.0,,-1768.09
129,14,1.00,9,23.12,28.52,24.67,-2361.89,1203.72,0.0,-290.69,,-2652.58
129,15,1.00,9,24.53,30.99,24.67,-2645.38,1097.84,0.0,-72.52,,-2717.9
129,16,1.00,9,25.79,33.13,24.67,-2884.29,1045.43,0.0,-103.82,,-2988.11
129,17,1.00,9,24.94,34.11,24.67,-2515.6,753.14,0.0,0.0,,-2515.6
129,18,1.00,9,23.50,34.20,24.67,-2036.89,543.11,0.0,0.0,,-2036.89
129,19,1.00,9,20.35,32.03,24.88,0.0,236.12,0.0,0.0,,0.0
129,20,1.00,9,18.09,29.40,23.67,0.0,0.00,0.0,0.0,,0.0
129,21,1.00,9,16.37,26.94,22.25,0.0,0.00,0.0,0.0,,0.0
129,22,1.00,9,15.25,24.76,20.89,0.0,0.00,0.0,0.0,,0.0
129,23,1.00,9,14.53,22.85,19.65,0.0,0.00,0.0,0.0,,0.0
129,24,1.00,9,13.51,21.10,18.44,0.0,0.00,0.0,-0.0,,0.0
129,1,2.00,9,13.01,19.58,17.38,0.0,0.00,0.0,-0.0,,0.0
129,2,2.00,9,12.20,18.18,16.36,0.0,0.00,0.0,-0.0,,0.0
129,3,2.00,9,11.48,16.90,15.39,0.0,0.00,0.0,-0.0,,0.0
129,4,2.00,9,10.74,15.71,14.46,0.0,0.00,0.0,-0.0,,0.0
129,5,2.00,9,10.00,14.60,13.57,0.0,0.00,0.0,-0.0,,0.0
129,6,2.00,9,8.99,13.50,12.64,0.0,0.00,0.0,-0.0,,0.0
129,7,2.00,9,7.74,12.37,11.66,0.0,0.00,0.0,-0.0,,0.0
129,8,2.00,9,6.85,13.03,19.67,4517.7,69.04,0.0,0.0,,4517.7
129,9,2.00,9,6.27,13.80,19.67,1339.26,343.67,0.0,0.0,,1339.26
129,10,2.00,9,10.04,15.91,19.73,0.0,639.54,0.0,0.0,,0.0
129,11,2.00,9,14.02,18.83,21.63,0.0,889.58,0.0,0.0,,0.0
129,12,2.00,9,17.77,22.07,24.22,0.0,1006.10,0.0,0.0,,0.0
129,13,2.00,9,20.73,25.72,24.67,-1714.74,1471.77,0.0,0.0,,-1714.74
129,14,2.00,9,24.01,28.92,24.67,-2500.73,1203.72,0.0,-246.51,,-2747.24
129,15,2.00,9,25.41,31.49,24.67,-2794.61,1097.84,0.0,-306.7,,-3101.31
129,16,2.00,9,25.01,33.26,24.67,-2753.68,1045.43,0.0,-124.85,,-2878.5299999999997
129,17,2.00,9,24.36,34.08,24.67,-2415.06,753.14,0.0,0.0,,-2415.06
129,18,2.00,9,23.04,34.09,24.67,-1953.57,543.11,0.0,0.0,,-1953.57
129,19,2.00,9,19.60,31.81,24.72,0.0,236.12,0.0,0.0,,0.0
129,20,2.00,9,17.56,29.13,23.44,0.0,0.00,0.0,0.0,,0.0
129,21,2.00,9,15.88,26.64,21.98,0.0,0.00,0.0,0.0,,0.0
129,22,2.00,9,14.80,24.43,20.59,0.0,0.00,0.0,0.0,,0.0
129,23,2.00,9,13.83,22.46,19.27,0.0,0.00,0.0,0.0,,0.0
129,24,2.00,9,12.97,20.69,18.05,0.0,0.00,0.0,-0.0,,0.0
129,1,3.00,9,11.97,19.04,16.86,0.0,0.00,0.0,-0.0,,0.0
129,2,3.00,9,11.23,17.57,15.76,0.0,0.00,0.0,-0.0,,0.0
129,3,3.00,9,10.49,16.23,14.73,0.0,0.00,0.0,-0.0,,0.0
129,4,3.00,9,9.67,14.97,13.73,0.0,0.00,0.0,-0.0,,0.0
129,5,3.00,9,9.02,13.83,12.80,0.0,0.00,0.0,-0.0,,0.0
129,6,3.00,9,8.53,12.81,11.95,0.0,0.00,0.0,-0.0,,0.0
129,7,3.00,9,7.81,11.83,11.12,0.0,0.00,0.0,-0.0,,0.0
129,8,3.00,9,7.11,13.20,12.62,0.0,69.04,0.0,-0.0,,0.0
129,9,3.00,9,6.67,14.59,14.11,0.0,343.67,0.0,-0.0,,0.0
129,10,3.00,9,10.14,16.94,16.53,0.0,639.54,0.0,-0.0,,0.0
129,11,3.00,9,15.01,20.16,19.83,0.0,889.58,0.0,-0.0,,0.0
129,12,3.00,9,18.01,23.45,23.17,0.0,1006.10,0.0,0.0,,0.0
129,13,3.00,9,20.78,27.20,26.97,0.0,1471.77,0.0,0.0,,0.0
129,14,3.00,9,24.04,30.46,30.27,0.0,1203.72,0.0,0.0,,0.0
129,15,3.00,9,25.29,33.17,33.01,0.0,1097.84,0.0,0.0,,0.0
129,16,3.00,9,25.07,35.26,35.13,0.0,1045.43,0.0,0.0,,0.0
129,17,3.00,9,24.56,36.46,36.35,0.0,753.14,0.0,0.0,,0.0
129,18,3.00,9,23.35,36.88,36.79,0.0,543.11,0.0,0.0,,0.0
129,19,3.00,9,20.14,33.99,33.92,0.0,236.12,0.0,0.0,,0.0
129,20,3.00,9,18.01,30.95,30.89,0.0,0.00,0.0,0.0,,0.0
129,21,3.00,9,16.37,28.22,28.17,0.0,0.00,0.0,0.0,,0.0
129,22,3.00,9,15.19,25.80,25.76,0.0,0.00,0.0,0.0,,0.0
129,23,3.00,9,14.03,23.61,23.58,0.0,0.00,0.0,0.0,,0.0
129,24,3.00,9,13.06,21.65,21.62,0.0,0.00,0.0,0.0,,0.0
129,1,4.00,9,12.32,19.91,19.89,0.0,0.00,0.0,0.0,,0.0
129,2,4.00,9,11.79,18.39,18.37,0.0,0.00,0.0,0.0,,0.0
129,3,4.00,9,11.38,17.07,17.06,0.0,0.00,0.0,-0.0,,0.0
129,4,4.00,9,10.77,15.87,15.86,0.0,0.00,0.0,-0.0,,0.0
129,5,4.00,9,10.56,14.86,14.85,0.0,0.00,0.0,-0.0,,0.0
129,6,4.00,9,10.06,13.92,13.91,0.0,0.00,0.0,-0.0,,0.0
129,7,4.00,9,9.47,13.04,13.03,0.0,0.00,0.0,-0.0,,0.0
129,8,4.00,9,8.71,14.48,14.47,0.0,69.04,0.0,-0.0,,0.0
129,9,4.00,9,7.94,15.85,15.84,0.0,343.67,0.0,-0.0,,0.0
129,10,4.00,9,10.16,17.93,17.92,0.0,639.54,0.0,-0.0,,0.0
129,11,4.00,9,13.01,20.55,20.54,0.0,889.58,0.0,0.0,,0.0
129,12,4.00,9,15.52,23.31,23.30,0.0,1006.10,0.0,0.0,,0.0
129,13,4.00,9,17.05,26.38,26.38,0.0,1471.77,0.0,0.0,,0.0
129,14,4.00,9,18.52,28.76,28.76,0.0,1203.72,0.0,0.0,,0.0
129,15,4.00,9,18.66,30.58,30.58,0.0,1097.84,0.0,0.0,,0.0
129,16,4.00,9,18.24,31.94,31.93,0.0,1045.43,0.0,0.0,,0.0
129,17,4.00,9,18.05,32.61,32.61,0.0,753.14,0.0,0.0,,0.0
129,18,4.00,9,16.89,32.61,32.61,0.0,543.11,0.0,0.0,,0.0
129,19,4.00,9,14.35,29.50,29.50,0.0,236.12,0.0,0.0,,0.0
129,20,4.00,9,12.72,26.36,26.36,0.0,0.00,0.0,0.0,,0.0
129,21,4.00,9,11.39,23.60,23.60,0.0,0.00,0.0,0.0,,0.0
129,22,4.00,9,10.63,21.22,21.22,0.0,0.00,0.0,0.0,,0.0
129,23,4.00,9,9.79,19.12,19.12,0.0,0.00,0.0,0.0,,0.0
129,24,4.00,9,8.97,17.25,17.25,0.0,0.00,0.0,0.0,,0.0
129,1,5.00,9,8.68,15.68,15.68,0.0,0.00,0.0,0.0,,0.0
129,2,5.00,9,8.56,14.36,14.36,0.0,0.00,0.0,-0.0,,0.0
129,3,5.00,9,8.55,13.28,13.28,0.0,0.00,0.0,-0.0,,0.0
129,4,5.00,9,8.54,12.38,12.38,0.0,0.00,0.0,-0.0,,0.0
129,5,5.00,9,9.23,11.78,11.78,0.0,0.00,0.0,-0.0,,0.0
129,6,5.00,9,9.28,11.28,11.28,0.0,0.00,0.0,-0.0,,0.0
129,7,5.00,9,9.28,10.85,10.85,0.0,0.00,0.0,-0.0,,0.0
129,8,5.00,9,9.37,12.52,19.67,4496.43,69.04,0.0,0.0,,4496.43
129,9,5.00,9,8.81,13.98,19.67,977.7,343.67,0.0,0.0,,977.7
129,10,5.00,9,10.56,16.04,19.84,0.0,639.54,0.0,0.0,,0.0
129,11,5.00,9,12.29,18.40,21.22,0.0,889.58,0.0,0.0,,0.0
129,12,5.00,9,13.78,20.70,22.88,0.0,1006.10,0.0,0.0,,0.0
129,13,5.00,9,14.55,23.16,24.67,-116.04,1471.77,0.0,0.0,,-116.04
129,14,5.00,9,15.28,24.85,24.67,-880.77,1203.72,0.0,0.0,,-880.77
129,15,5.00,9,15.29,26.03,24.67,-950.05,1097.84,0.0,0.0,,-950.05
129,16,5.00,9,15.17,26.87,24.67,-952.87,1045.43,0.0,0.0,,-952.87
129,17,5.00,9,14.81,27.04,24.67,-663.19,753.14,0.0,0.0,,-663.19
129,18,5.00,9,13.73,26.61,24.67,-243.94,543.11,0.0,0.0,,-243.94
129,19,5.00,9,11.51,24.35,22.86,0.0,236.12,0.0,0.0,,0.0
129,20,5.00,9,10.30,21.78,20.58,0.0,0.00,0.0,0.0,,0.0
129,21,5.00,9,9.35,19.50,18.51,0.0,0.00,0.0,0.0,,0.0
129,22,5.00,9,9.27,17.63,16.82,0.0,0.00,0.0,0.0,,0.0
129,23,5.00,9,9.24,16.10,15.43,0.0,0.00,0.0,0.0,,0.0
129,24,5.00,9,9.36,14.86,14.30,0.0,0.00,0.0,-0.0,,0.0
129,1,6.00,9,9.12,13.78,13.32,0.0,0.00,0.0,-0.0,,0.0
129,2,6.00,9,9.23,12.92,12.54,0.0,0.00,0.0,-0.0,,0.0
129,3,6.00,9,9.48,12.26,11.94,0.0,0.00,0.0,-0.0,,0.0
129,4,6.00,9,9.83,11.77,11.51,0.0,0.00,0.0,-0.0,,0.0
129,5,6.00,9,9.99,11.39,11.17,0.0,0.00,0.0,-0.0,,0.0
129,6,6.00,9,10.07,11.08,10.90,0.0,0.00,0.0,-0.0,,0.0
129,7,6.00,9,9.84,10.77,10.62,0.0,0.00,0.0,-0.0,,0.0
129,8,6.00,9,8.85,12.29,19.67,4712.15,69.04,0.0,0.0,,4712.15
129,9,6.00,9,8.19,13.65,19.67,1115.06,343.67,0.0,0.0,,1115.06
129,10,6.00,9,9.61,15.56,19.67,77.57,639.54,0.0,0.0,,77.57
129,11,6.00,9,11.59,17.88,20.91,0.0,889.58,0.0,0.0,,0.0
129,12,6.00,9,13.35,20.22,22.55,0.0,1006.10,0.0,0.0,,0.0
129,13,6.00,9,14.92,22.92,24.67,-37.85,1471.77,0.0,0.0,,-37.85
129,14,6.00,9,15.87,24.81,24.67,-959.38,1203.72,0.0,0.0,,-959.38
129,15,6.00,9,16.32,26.25,24.67,-1120.51,1097.84,0.0,0.0,,-1120.51
129,16,6.00,9,16.03,27.22,24.67,-1104.72,1045.43,0.0,0.0,,-1104.72
129,17,6.00,9,15.23,27.38,24.67,-742.63,753.14,0.0,0.0,,-742.63
129,18,6.00,9,14.68,27.10,24.67,-413.77,543.11,0.0,0.0,,-413.77
129,19,6.00,9,13.55,25.14,23.30,0.0,236.12,0.0,0.0,,0.0
129,20,6.00,9,12.45,22.82,21.34,0.0,0.00,0.0,0.0,,0.0
129,21,6.00,9,11.40,20.70,19.49,0.0,0.00,0.0,0.0,,0.0
129,22,6.00,9,11.45,19.01,18.00,0.0,0.00,0.0,0.0,,0.0
129,23,6.00,9,10.93,17.50,16.67,0.0,0.00,0.0,-0.0,,0.0
129,24,6.00,9,10.48,16.19,15.50,0.0,0.00,0.0,-0.0,,0.0
129,1,7.00,9,10.11,15.03,14.47,0.0,0.00,0.0,-0.0,,0.0
129,2,7.00,9,9.83,14.04,13.57,0.0,0.00,0.0,-0.0,,0.0
129,3,7.00,9,9.26,13.11,12.72,0.0,0.00,0.0,-0.0,,0.0
129,4,7.00,9,8.93,12.28,11.96,0.0,0.00,0.0,-0.0,,0.0
129,5,7.00,9,8.72,11.57,11.31,0.0,0.00,0.0,-0.0,,0.0
129,6,7.00,9,8.53,10.96,10.74,0.0,0.00,0.0,-0.0,,0.0
129,7,7.00,9,8.07,10.36,10.18,0.0,0.00,0.0,-0.0,,0.0
129,8,7.00,9,7.44,11.66,19.67,5127.3,69.04,0.0,0.0,,5127.3
129,9,7.00,9,8.46,13.31,19.67,1099.58,343.67,0.0,0.0,,1099.58
129,10,7.00,9,10.52,15.55,19.78,0.0,639.54,0.0,0.0,,0.0
129,11,7.00,9,12.82,18.16,21.30,0.0,889.58,0.0,0.0,,0.0
129,12,7.00,9,15.18,20.88,23.30,0.0,1006.10,0.0,0.0,,0.0
129,13,7.00,9,16.88,23.87,24.67,-680.79,1471.77,0.0,0.0,,-680.79
129,14,7.00,9,18.32,26.11,24.67,-1440.33,1203.72,0.0,0.0,,-1440.33
129,15,7.00,9,18.34,27.68,24.67,-1508.53,1097.84,0.0,0.0,,-1508.53
129,16,7.00,9,18.34,28.85,24.67,-1533.29,1045.43,0.0,0.0,,-1533.29
129,17,7.00,9,17.73,29.21,24.67,-1200.06,753.14,0.0,0.0,,-1200.06
129,18,7.00,9,17.09,29.04,24.67,-856.33,543.11,0.0,0.0,,-856.33
129,19,7.00,9,16.04,27.16,23.87,0.0,236.12,0.0,0.0,,0.0
129,20,7.00,9,14.64,24.84,22.20,0.0,0.00,0.0,0.0,,0.0
129,21,7.00,9,13.25,22.68,20.51,0.0,0.00,0.0,0.0,,0.0
129,22,7.00,9,12.92,20.87,19.08,0.0,0.00,0.0,0.0,,0.0
129,23,7.00,9,12.32,19.27,17.79,0.0,0.00,0.0,0.0,,0.0
129,24,7.00,9,11.78,17.87,16.64,0.0,0.00,0.0,-0.0,,0.0
129,1,1.00,9,11.21,16.60,15.59,0.0,0.00,0.0,-0.0,,0.0
129,2,1.00,9,10.83,15.50,14.66,0.0,0.00,0.0,-0.0,,0.0
129,3,1.00,9,10.30,14.49,13.80,0.0,0.00,0.0,-0.0,,0.0
129,4,1.00,9,9.89,13.59,13.01,0.0,0.00,0.0,-0.0,,0.0
129,5,1.00,9,9.68,12.82,12.34,0.0,0.00,0.0,-0.0,,0.0
129,6,1.00,9,9.46,12.15,11.75,0.0,0.00,0.0,-0.0,,0.0
129,7,1.00,9,9.25,11.55,11.22,0.0,0.00,0.0,-0.0,,0.0
129,8,1.00,9,9.06,12.96,19.67,4374.67,69.04,0.0,0.0,,4374.67
129,9,1.00,9,9.86,14.63,19.67,762.13,343.67,0.0,0.0,,762.13
129,10,1.00,9,12.22,16.96,20.33,0.0,639.54,0.0,-21.25,,-21.25
129,11,1.00,9,14.37,19.60,22.10,0.0,889.58,0.0,-38.58,,-38.58
129,12,1.00,9,15.94,22.12,24.05,0.0,1006.10,0.0,0.0,,0.0
129,13,1.00,9,17.43,24.93,24.67,-1109.27,1471.77,0.0,0.0,,-1109.27
129,14,1.00,9,18.86,27.06,24.67,-1597.49,1203.72,0.0,0.0,,-1597.49
129,15,1.00,9,19.00,28.57,24.67,-1654.95,1097.84,0.0,0.0,,-1654.95
129,16,1.00,9,19.14,29.73,24.67,-1689.34,1045.43,0.0,0.0,,-1689.34
129,17,1.00,9,18.56,30.08,24.67,-1356.37,753.14,0.0,0.0,,-1356.37
129,18,1.00,9,17.72,29.85,24.67,-975.97,543.11,0.0,0.0,,-975.97
129,19,1.00,9,15.47,27.68,23.76,0.0,236.12,0.0,0.0,,0.0
129,20,1.00,9,13.66,25.09,21.93,0.0,0.00,0.0,0.0,,0.0
129,21,1.00,9,12.01,22.65,20.06,0.0,0.00,0.0,0.0,,0.0
129,22,1.00,9,11.40,20.57,18.44,0.0,0.00,0.0,0.0,,0.0
129,23,1.00,9,10.47,18.70,16.93,0.0,0.00,0.0,0.0,,0.0
129,24,1.00,9,9.44,16.97,15.51,0.0,0.00,0.0,0.0,,0.0
129,1,2.00,9,8.67,15.42,14.21,0.0,0.00,0.0,-0.0,,0.0
129,2,2.00,9,7.90,14.01,13.00,0.0,0.00,0.0,-0.0,,0.0
129,3,2.00,9,7.38,12.76,11.92,0.0,0.00,0.0,-0.0,,0.0
129,4,2.00,9,6.89,11.64,10.95,0.0,0.00,0.0,-0.0,,0.0
129,5,2.00,9,6.17,10.59,10.02,0.0,0.00,0.0,-0.0,,0.0
129,6,2.00,9,5.72,9.65,9.18,0.0,0.00,0.0,-0.0,,0.0
129,7,2.00,9,5.14,8.77,8.38,0.0,0.00,0.0,-0.0,,0.0
129,8,2.00,9,4.63,9.79,19.67,6401.46,69.04,0.0,0.0,,6401.46
129,9,2.00,9,6.44,11.46,19.67,1604.71,343.67,0.0,0.0,,1604.71
129,10,2.00,9,10.80,14.30,19.72,0.0,639.54,0.0,0.0,,0.0
129,11,2.00,9,14.67,17.71,21.72,0.0,889.58,0.0,0.0,,0.0
129,12,2.00,9,17.62,21.11,24.20,0.0,1006.10,0.0,0.0,,0.0
129,13,2.00,9,20.35,24.87,24.67,-1634.29,1471.77,0.0,0.0,,-1634.29
129,14,2.00,9,22.87,27.95,24.67,-2296.76,1203.72,0.0,-10.65,,-2307.4100000000003
129,15,2.00,9,23.92,30.38,24.67,-2530.07,1097.84,0.0,0.0,,-2530.07
129,16,2.00,9,24.88,32.44,24.67,-2718.91,1045.43,0.0,0.0,,-2718.91
129,17,2.00,9,24.06,33.38,24.67,-2356.2,753.14,0.0,0.0,,-2356.2
129,18,2.00,9,22.95,33.53,24.67,-1932.39,543.11,0.0,0.0,,-1932.39
129,19,2.00,9,20.14,31.46,24.83,0.0,236.12,0.0,0.0,,0.0
129,20,2.00,9,17.52,28.81,23.51,0.0,0.00,0.0,0.0,,0.0
129,21,2.00,9,15.51,26.30,21.95,0.0,0.00,0.0,0.0,,0.0
129,22,2.00,9,14.39,24.08,20.49,0.0,0.00,0.0,0.0,,0.0
129,23,2.00,9,13.34,22.08,19.11,0.0,0.00,0.0,0.0,,0.0
129,24,2.00,9,12.01,20.18,17.73,0.0,0.00,0.0,0.0,,0.0
129,1,3.00,9,11.18,18.50,16.46,0.0,0.00,0.0,0.0,,0.0
129,2,3.00,9,10.30,16.96,15.27,0.0,0.00,0.0,-0.0,,0.0
129,3,3.00,9,9.57,15.56,14.16,0.0,0.00,0.0,-0.0,,0.0
129,4,3.00,9,8.96,14.31,13.15,0.0,0.00,0.0,-0.0,,0.0
129,5,3.00,9,8.41,13.18,12.22,0.0,0.00,0.0,-0.0,,0.0
129,6,3.00,9,8.02,12.19,11.40,0.0,0.00,0.0,-0.0,,0.0
129,7,3.00,9,7.45,11.27,10.61,0.0,0.00,0.0,-0.0,,0.0
129,8,3.00,9,6.94,12.72,12.17,0.0,69.04,0.0,-0.0,,0.0
129,9,3.00,9,6.81,14.23,13.78,0.0,343.67,0.0,-0.0,,0.0
129,10,3.00,9,9.38,16.48,16.10,0.0,639.54,0.0,-0.0,,0.0
129,11,3.00,9,11.10,18.98,18.67,0.0,889.58,0.0,0.0,,0.0
129,12,3.00,9,12.57,21.46,21.20,0.0,1006.10,0.0,0.0,,0.0
129,13,3.00,9,13.65,24.25,24.03,0.0,1471.77,0.0,0.0,,0.0
129,14,3.00,9,14.33,26.24,26.06,0.0,1203.72,0.0,0.0,,0.0
129,15,3.00,9,14.00,27.68,27.53,0.0,1097.84,0.0,0.0,,0.0
129,16,3.00,9,13.92,28.81,28.69,0.0,1045.43,0.0,0.0,,0.0
129,17,3.00,9,13.23,29.19,29.09,0.0,753.14,0.0,0.0,,0.0
129,18,3.00,9,12.18,28.98,28.89,0.0,543.11,0.0,0.0,,0.0
129,19,3.00,9,10.44,25.86,25.80,0.0,236.12,0.0,0.0,,0.0
129,20,3.00,9,9.43,22.83,22.77,0.0,0.00,0.0,0.0,,0.0
129,21,3.00,9,8.75,20.26,20.21,0.0,0.00,0.0,0.0,,0.0
129,22,3.00,9,8.57,18.14,18.11,0.0,0.00,0.0,0.0,,0.0
129,23,3.00,9,8.28,16.35,16.32,0.0,0.00,0.0,0.0,,0.0
129,24,3.00,9,8.06,14.83,14.81,0.0,0.00,0.0,-0.0,,0.0
129,1,4.00,9,7.93,13.56,13.54,0.0,0.00,0.0,-0.0,,0.0
129,2,4.00,9,7.89,12.50,12.48,0.0,0.00,0.0,-0.0,,0.0
129,3,4.00,9,7.72,11.59,11.58,0.0,0.00,0.0,-0.0,,0.0
129,4,4.00,9,7.69,10.84,10.83,0.0,0.00,0.0,-0.0,,0.0
129,5,4.00,9,7.64,10.21,10.20,0.0,0.00,0.0,-0.0,,0.0
129,6,4.00,9,7.63,9.68,9.68,0.0,0.00,0.0,-0.0,,0.0
129,7,4.00,9,7.63,9.25,9.24,0.0,0.00,0.0,-0.0,,0.0
129,8,4.00,9,7.31,11.13,11.12,0.0,69.04,0.0,-0.0,,0.0
129,9,4.00,9,7.75,13.10,13.09,0.0,343.67,0.0,-0.0,,0.0
129,10,4.00,9,9.27,15.48,15.48,0.0,639.54,0.0,-0.0,,0.0
129,11,4.00,9,10.83,18.10,18.09,0.0,889.58,0.0,-0.0,,0.0
129,12,4.00,9,12.24,20.66,20.66,0.0,1006.10,0.0,0.0,,0.0
129,13,4.00,9,13.40,23.55,23.55,0.0,1471.77,0.0,0.0,,0.0
129,14,4.00,9,13.65,25.53,25.53,0.0,1203.72,0.0,0.0,,0.0
129,15,4.00,9,13.88,27.09,27.08,0.0,1097.84,0.0,0.0,,0.0
129,16,4.00,9,13.91,28.33,28.33,0.0,1045.43,0.0,0.0,,0.0
129,17,4.00,9,13.55,28.86,28.86,0.0,753.14,0.0,0.0,,0.0
129,18,4.00,9,12.75,28.81,28.81,0.0,543.11,0.0,0.0,,0.0
129,19,4.00,9,11.76,25.99,25.99,0.0,236.12,0.0,0.0,,0.0
129,20,4.00,9,10.84,23.18,23.18,0.0,0.00,0.0,0.0,,0.0
129,21,4.00,9,9.77,20.71,20.71,0.0,0.00,0.0,0.0,,0.0
129,22,4.00,9,9.37,18.64,18.64,0.0,0.00,0.0,0.0,,0.0
129,23,4.00,9,8.77,16.83,16.83,0.0,0.00,0.0,0.0,,0.0
129,24,4.00,9,8.42,15.28,15.28,0.0,0.00,0.0,-0.0,,0.0
129,1,5.00,9,8.16,13.96,13.96,0.0,0.00,0.0,-0.0,,0.0
129,2,5.00,9,7.71,12.79,12.79,0.0,0.00,0.0,-0.0,,0.0
129,3,5.00,9,7.46,11.78,11.78,0.0,0.00,0.0,-0.0,,0.0
129,4,5.00,9,7.43,10.95,10.95,0.0,0.00,0.0,-0.0,,0.0
129,5,5.00,9,7.09,10.19,10.19,0.0,0.00,0.0,-0.0,,0.0
129,6,5.00,9,7.36,9.63,9.63,0.0,0.00,0.0,-0.0,,0.0
129,7,5.00,9,7.91,9.28,9.28,0.0,0.00,0.0,-0.0,,0.0
129,8,5.00,9,8.27,11.08,19.67,5403.34,69.04,0.0,0.0,,5403.34
129,9,5.00,9,8.79,12.91,19.67,1120.59,343.67,0.0,0.0,,1120.59
129,10,5.00,9,9.42,14.91,19.67,155.42,639.54,0.0,0.0,,155.42
129,11,5.00,9,10.66,17.12,20.62,0.0,889.58,0.0,0.0,,0.0
129,12,5.00,9,13.38,19.69,22.37,0.0,1006.10,0.0,0.0,,0.0
129,13,5.00,9,15.22,22.58,24.67,-2.99,1471.77,0.0,0.0,,-2.99
129,14,5.00,9,16.31,24.66,24.67,-1019.7,1203.72,0.0,0.0,,-1019.7
129,15,5.00,9,16.74,26.22,24.67,-1189.34,1097.84,0.0,0.0,,-1189.34
129,16,5.00,9,16.72,27.36,24.67,-1223.72,1045.43,0.0,0.0,,-1223.72
129,17,5.00,9,16.02,27.67,24.67,-882.93,753.14,0.0,0.0,,-882.93
129,18,5.00,9,15.45,27.49,24.67,-553.97,543.11,0.0,0.0,,-553.97
129,19,5.00,9,14.14,25.55,23.44,0.0,236.12,0.0,0.0,,0.0
129,20,5.00,9,13.01,23.25,21.56,0.0,0.00,0.0,0.0,,0.0
129,21,5.00,9,11.69,21.09,19.71,0.0,0.00,0.0,0.0,,0.0
129,22,5.00,9,11.08,19.24,18.10,0.0,0.00,0.0,0.0,,0.0
129,23,5.00,9,10.62,17.64,16.70,0.0,0.00,0.0,0.0,,0.0
129,24,5.00,9,10.86,16.39,15.61,0.0,0.00,0.0,-0.0,,0.0
129,1,6.00,9,8.50,14.85,14.21,0.0,0.00,0.0,-0.0,,0.0
129,2,6.00,9,7.78,13.51,12.97,0.0,0.00,0.0,-0.0,,0.0
129,3,6.00,9,7.33,12.34,11.89,0.0,0.00,0.0,-0.0,,0.0
129,4,6.00,9,6.58,11.23,10.87,0.0,0.00,0.0,-0.0,,0.0
129,5,6.00,9,6.37,10.30,10.00,0.0,0.00,0.0,-0.0,,0.0
129,6,6.00,9,5.87,9.44,9.19,0.0,0.00,0.0,-0.0,,0.0
129,7,6.00,9,5.25,8.62,8.41,0.0,0.00,0.0,-0.0,,0.0
129,8,6.00,9,5.93,10.02,19.67,6167.7,69.04,0.0,0.0,,6167.7
129,9,6.00,9,7.65,11.91,19.67,1387.72,343.67,0.0,0.0,,1387.72
129,10,6.00,9,10.14,14.40,19.67,71.2,639.54,0.0,0.0,,71.2
129,11,6.00,9,13.17,17.40,21.28,0.0,889.58,0.0,0.0,,0.0
129,12,6.00,9,15.75,20.43,23.42,0.0,1006.10,0.0,0.0,,0.0
129,13,6.00,9,17.70,23.71,24.67,-858.79,1471.77,0.0,0.0,,-858.79
129,14,6.00,9,19.32,26.21,24.67,-1619.95,1203.72,0.0,0.0,,-1619.95
129,15,6.00,9,19.92,28.13,24.67,-1791.13,1097.84,0.0,0.0,,-1791.13
129,16,6.00,9,19.51,29.44,24.67,-1747.66,1045.43,0.0,0.0,,-1747.66
129,17,6.00,9,18.92,29.92,24.67,-1419.44,753.14,0.0,0.0,,-1419.44
129,18,6.00,9,17.41,29.62,24.67,-923.97,543.11,0.0,0.0,,-923.97
129,19,6.00,9,15.43,27.49,23.75,0.0,236.12,0.0,0.0,,0.0
129,20,6.00,9,13.84,24.96,21.96,0.0,0.00,0.0,0.0,,0.0
129,21,6.00,9,12.42,22.63,20.17,0.0,0.00,0.0,0.0,,0.0
129,22,6.00,9,11.11,20.48,18.45,0.0,0.00,0.0,0.0,,0.0
129,23,6.00,9,10.47,18.63,16.95,0.0,0.00,0.0,0.0,,0.0
129,24,6.00,9,10.17,17.07,15.68,0.0,0.00,0.0,-0.0,,0.0
129,1,7.00,9,9.71,15.69,14.54,0.0,0.00,0.0,-0.0,,0.0
129,2,7.00,9,9.43,14.52,13.56,0.0,0.00,0.0,-0.0,,0.0
129,3,7.00,9,9.31,13.53,12.74,0.0,0.00,0.0,-0.0,,0.0
129,4,7.00,9,9.43,12.74,12.09,0.0,0.00,0.0,-0.0,,0.0
129,5,7.00,9,8.81,11.96,11.42,0.0,0.00,0.0,-0.0,,0.0
129,6,7.00,9,8.45,11.25,10.80,0.0,0.00,0.0,-0.0,,0.0
129,7,7.00,9,8.41,10.68,10.30,0.0,0.00,0.0,-0.0,,0.0
129,8,7.00,9,8.15,12.08,19.67,4950.12,69.04,0.0,0.0,,4950.12
129,9,7.00,9,7.57,13.36,19.67,1240.01,343.67,0.0,0.0,,1240.01
129,10,7.00,9,8.62,15.10,19.67,259.55,639.54,0.0,0.0,,259.55
129,11,7.00,9,10.31,17.23,20.54,0.0,889.58,0.0,0.0,,0.0
129,12,7.00,9,11.53,19.29,21.82,0.0,1006.10,0.0,0.0,,0.0
129,13,7.00,9,12.42,21.60,23.57,0.0,1471.77,0.0,0.0,,0.0
129,14,7.00,9,12.36,22.96,24.50,0.0,1203.72,0.0,0.0,,0.0
129,15,7.00,9,12.26,23.88,24.67,-263.23,1097.84,0.0,0.0,,-263.23
129,16,7.00,9,12.01,24.50,24.67,-337.55,1045.43,0.0,0.0,,-337.55
129,17,7.00,9,11.42,24.45,24.67,-28.72,753.14,0.0,0.0,,-28.72
129,18,7.00,9,9.87,23.72,23.94,0.0,543.11,0.0,0.0,,0.0
129,19,7.00,9,9.44,21.69,21.89,0.0,236.12,0.0,0.0,,0.0
129,20,7.00,9,8.27,19.26,19.43,0.0,0.00,0.0,0.0,,0.0
129,21,7.00,9,8.09,17.24,17.38,0.0,0.00,0.0,0.0,,0.0
129,22,7.00,9,7.62,15.48,15.60,0.0,0.00,0.0,0.0,,0.0
129,23,7.00,9,7.27,13.97,14.07,0.0,0.00,0.0,0.0,,0.0
129,24,7.00,9,6.94,12.67,12.75,0.0,0.00,0.0,0.0,,0.0
129,1,1.00,9,6.49,11.51,11.57,0.0,0.00,0.0,-0.0,,0.0
129,2,1.00,9,6.00,10.46,10.52,0.0,0.00,0.0,-0.0,,0.0
129,3,1.00,9,5.96,9.61,9.65,0.0,0.00,0.0,-0.0,,0.0
129,4,1.00,9,5.88,8.89,8.92,0.0,0.00,0.0,-0.0,,0.0
129,5,1.00,9,5.92,8.30,8.33,0.0,0.00,0.0,-0.0,,0.0
129,6,1.00,9,6.28,7.89,7.92,0.0,0.00,0.0,-0.0,,0.0
129,7,1.00,9,6.24,7.53,7.56,0.0,0.00,0.0,-0.0,,0.0
129,8,1.00,9,6.59,9.35,19.67,6480.98,69.04,0.0,0.0,,6480.98
129,9,1.00,9,6.89,11.14,19.67,1604.75,343.67,0.0,0.0,,1604.75
129,10,1.00,9,7.75,13.17,19.67,525.24,639.54,0.0,0.0,,525.24
129,11,1.00,9,9.10,15.44,20.12,0.0,889.58,0.0,0.0,,0.0
129,12,1.00,9,10.15,17.57,21.14,0.0,1006.10,0.0,0.0,,0.0
129,13,1.00,9,10.99,19.94,22.72,0.0,1471.77,0.0,0.0,,0.0
129,14,1.00,9,11.57,21.53,23.70,0.0,1203.72,0.0,0.0,,0.0
129,15,1.00,9,11.43,22.59,24.30,0.0,1097.84,0.0,0.0,,0.0
129,16,1.00,9,11.43,23.38,24.67,-30.98,1045.43,0.0,0.0,,-30.98
129,17,1.00,9,11.15,23.54,24.56,0.0,753.14,0.0,0.0,,0.0
129,18,1.00,9,10.47,23.19,24.00,0.0,543.11,0.0,0.0,,0.0
129,19,1.00,9,8.95,21.11,21.80,0.0,236.12,0.0,0.0,,0.0
129,20,1.00,9,7.78,18.69,19.27,0.0,0.00,0.0,0.0,,0.0
129,21,1.00,9,7.29,16.61,17.09,0.0,0.00,0.0,0.0,,0.0
129,22,1.00,9,6.65,14.78,15.18,0.0,0.00,0.0,0.0,,0.0
129,23,1.00,9,6.52,13.27,13.60,0.0,0.00,0.0,0.0,,0.0
129,24,1.00,9,6.59,12.05,12.32,0.0,0.00,0.0,0.0,,0.0
129,1,2.00,9,6.55,11.03,11.25,0.0,0.00,0.0,-0.0,,0.0
129,2,2.00,9,6.35,10.14,10.33,0.0,0.00,0.0,-0.0,,0.0
129,3,2.00,9,6.23,9.39,9.54,0.0,0.00,0.0,-0.0,,0.0
129,4,2.00,9,6.08,8.73,8.86,0.0,0.00,0.0,-0.0,,0.0
129,5,2.00,9,6.14,8.21,8.32,0.0,0.00,0.0,-0.0,,0.0
129,6,2.00,9,6.34,7.82,7.91,0.0,0.00,0.0,-0.0,,0.0
129,7,2.00,9,6.21,7.47,7.54,0.0,0.00,0.0,-0.0,,0.0
129,8,2.00,9,5.95,9.12,19.67,6599.92,69.04,0.0,0.0,,6599.92
129,9,2.00,9,6.80,10.96,19.67,1625.2,343.67,0.0,0.0,,1625.2
129,10,2.00,9,8.61,13.28,19.67,379.57,639.54,0.0,0.0,,379.57
129,11,2.00,9,10.78,15.94,20.58,0.0,889.58,0.0,0.0,,0.0
129,12,2.00,9,12.49,18.53,22.07,0.0,1006.10,0.0,0.0,,0.0
129,13,2.00,9,13.73,21.31,24.08,0.0,1471.77,0.0,0.0,,0.0
129,14,2.00,9,14.18,23.16,24.67,-406.97,1203.72,0.0,0.0,,-406.97
129,15,2.00,9,14.15,24.45,24.67,-691.55,1097.84,0.0,0.0,,-691.55
129,16,2.00,9,14.14,25.42,24.67,-742.46,1045.43,0.0,0.0,,-742.46
129,17,2.00,9,13.76,25.68,24.67,-460.34,753.14,0.0,0.0,,-460.34
129,18,2.00,9,13.27,25.48,24.67,-149.86,543.11,0.0,0.0,,-149.86
129,19,2.00,9,11.92,23.51,22.93,0.0,236.12,0.0,0.0,,0.0
129,20,2.00,9,10.97,21.22,20.76,0.0,0.00,0.0,0.0,,0.0
129,21,2.00,9,10.40,19.23,18.86,0.0,0.00,0.0,0.0,,0.0
129,22,2.00,9,9.78,17.48,17.18,0.0,0.00,0.0,0.0,,0.0
129,23,2.00,9,9.15,15.93,15.68,0.0,0.00,0.0,0.0,,0.0
129,24,2.00,9,8.66,14.57,14.36,0.0,0.00,0.0,-0.0,,0.0
129,1,3.00,9,8.47,13.43,13.26,0.0,0.00,0.0,-0.0,,0.0
129,2,3.00,9,8.53,12.50,12.36,0.0,0.00,0.0,-0.0,,0.0
129,3,3.00,9,8.54,11.74,11.62,0.0,0.00,0.0,-0.0,,0.0
129,4,3.00,9,8.31,11.06,10.96,0.0,0.00,0.0,-0.0,,0.0
129,5,3.00,9,8.04,10.45,10.37,0.0,0.00,0.0,-0.0,,0.0
129,6,3.00,9,7.75,9.89,9.82,0.0,0.00,0.0,-0.0,,0.0
129,7,3.00,9,7.35,9.36,9.30,0.0,0.00,0.0,-0.0,,0.0
129,8,3.00,9,7.39,11.24,11.19,0.0,69.04,0.0,-0.0,,0.0
129,9,3.00,9,7.91,13.22,13.18,0.0,343.67,0.0,-0.0,,0.0
129,10,3.00,9,8.83,15.48,15.45,0.0,639.54,0.0,-0.0,,0.0
129,11,3.00,9,10.55,18.06,18.03,0.0,889.58,0.0,0.0,,0.0
129,12,3.00,9,11.41,20.47,20.45,0.0,1006.10,0.0,0.0,,0.0
129,13,3.00,9,12.16,23.15,23.14,0.0,1471.77,0.0,0.0,,0.0
129,14,3.00,9,12.55,25.02,25.01,0.0,1203.72,0.0,0.0,,0.0
129,15,3.00,9,12.40,26.40,26.39,0.0,1097.84,0.0,0.0,,0.0
129,16,3.00,9,12.09,27.43,27.42,0.0,1045.43,0.0,0.0,,0.0
129,17,3.00,9,11.44,27.74,27.74,0.0,753.14,0.0,0.0,,0.0
129,18,3.00,9,10.20,27.44,27.43,0.0,543.11,0.0,0.0,,0.0
129,19,3.00,9,9.24,24.42,24.42,0.0,236.12,0.0,0.0,,0.0
129,20,3.00,9,7.95,21.38,21.38,0.0,0.00,0.0,0.0,,0.0
129,21,3.00,9,7.69,18.90,18.89,0.0,0.00,0.0,0.0,,0.0
129,22,3.00,9,6.87,16.70,16.70,0.0,0.00,0.0,0.0,,0.0
129,23,3.00,9,6.23,14.79,14.79,0.0,0.00,0.0,0.0,,0.0
129,24,3.00,9,5.70,13.12,13.12,0.0,0.00,0.0,0.0,,0.0
129,1,4.00,9,5.41,11.71,11.71,0.0,0.00,0.0,-0.0,,0.0
129,2,4.00,9,5.17,10.50,10.50,0.0,0.00,0.0,-0.0,,0.0
129,3,4.00,9,4.95,9.46,9.46,0.0,0.00,0.0,-0.0,,0.0
129,4,4.00,9,4.47,8.51,8.51,0.0,0.00,0.0,-0.0,,0.0
129,5,4.00,9,3.97,7.63,7.63,0.0,0.00,0.0,-0.0,,0.0
129,6,4.00,9,3.52,6.83,6.83,0.0,0.00,0.0,-0.0,,0.0
129,7,4.00,9,2.82,6.04,6.04,0.0,0.00,0.0,-0.0,,0.0
129,8,4.00,9,2.43,7.63,7.63,0.0,69.04,0.0,-0.0,,0.0
129,9,4.00,9,4.42,9.71,9.71,0.0,343.67,0.0,-0.0,,0.0
129,10,4.00,9,7.00,12.34,12.34,0.0,639.54,0.0,-0.0,,0.0
129,11,4.00,9,10.02,15.44,15.44,0.0,889.58,0.0,-0.0,,0.0
129,12,4.00,9,12.58,18.58,18.58,0.0,1006.10,0.0,0.0,,0.0
129,13,4.00,9,14.70,22.10,22.10,0.0,1471.77,0.0,0.0,,0.0
129,14,4.00,9,16.64,24.92,24.92,0.0,1203.72,0.0,0.0,,0.0
129,15,4.00,9,17.95,27.33,27.33,0.0,1097.84,0.0,0.0,,0.0
129,16,4.00,9,17.60,29.16,29.16,0.0,1045.43,0.0,0.0,,0.0
129,17,4.00,9,17.01,30.12,30.12,0.0,753.14,0.0,0.0,,0.0
129,18,4.00,9,16.16,30.43,30.43,0.0,543.11,0.0,0.0,,0.0
129,19,4.00,9,14.13,27.68,27.68,0.0,236.12,0.0,0.0,,0.0
129,20,4.00,9,12.42,24.81,24.81,0.0,0.00,0.0,0.0,,0.0
129,21,4.00,9,11.16,22.28,22.28,0.0,0.00,0.0,0.0,,0.0
129,22,4.00,9,10.27,20.07,20.07,0.0,0.00,0.0,0.0,,0.0
129,23,4.00,9,9.68,18.16,18.16,0.0,0.00,0.0,0.0,,0.0
129,24,4.00,9,8.93,16.45,16.45,0.0,0.00,0.0,0.0,,0.0
129,1,5.00,9,8.26,14.93,14.93,0.0,0.00,0.0,0.0,,0.0
129,2,5.00,9,7.74,13.58,13.58,0.0,0.00,0.0,-0.0,,0.0
129,3,5.00,9,7.16,12.37,12.37,0.0,0.00,0.0,-0.0,,0.0
129,4,5.00,9,6.62,11.28,11.28,0.0,0.00,0.0,-0.0,,0.0
129,5,5.00,9,6.06,10.28,10.28,0.0,0.00,0.0,-0.0,,0.0
129,6,5.00,9,5.45,9.34,9.34,0.0,0.00,0.0,-0.0,,0.0
129,7,5.00,9,5.16,8.53,8.53,0.0,0.00,0.0,-0.0,,0.0
129,8,5.00,9,4.86,9.67,19.67,6287.35,69.04,0.0,0.0,,6287.35
129,9,5.00,9,6.04,11.24,19.67,1657.58,343.67,0.0,0.0,,1657.58
129,10,5.00,9,8.26,13.46,19.67,400.57,639.54,0.0,0.0,,400.57
129,11,5.00,9,10.94,16.15,20.65,0.0,889.58,0.0,0.0,,0.0
129,12,5.00,9,13.02,18.83,22.27,0.0,1006.10,0.0,0.0,,0.0
129,13,5.00,9,14.86,21.84,24.52,0.0,1471.77,0.0,0.0,,0.0
129,14,5.00,9,16.36,24.11,24.67,-964.42,1203.72,0.0,0.0,,-964.42
129,15,5.00,9,17.23,25.93,24.67,-1263.92,1097.84,0.0,0.0,,-1263.92
129,16,5.00,9,16.48,27.04,24.67,-1180.88,1045.43,0.0,0.0,,-1180.88
129,17,5.00,9,15.96,27.41,24.67,-870.75,753.14,0.0,0.0,,-870.75
129,18,5.00,9,15.31,27.26,24.67,-528.76,543.11,0.0,0.0,,-528.76
129,19,5.00,9,13.77,25.28,23.36,0.0,236.12,0.0,0.0,,0.0
129,20,5.00,9,12.13,22.85,21.32,0.0,0.00,0.0,0.0,,0.0
129,21,5.00,9,10.98,20.64,19.39,0.0,0.00,0.0,0.0,,0.0
129,22,5.00,9,10.12,18.69,17.66,0.0,0.00,0.0,0.0,,0.0
129,23,5.00,9,9.50,16.99,16.14,0.0,0.00,0.0,0.0,,0.0
129,24,5.00,9,8.81,15.47,14.76,0.0,0.00,0.0,0.0,,0.0
129,1,6.00,9,8.18,14.10,13.51,0.0,0.00,0.0,-0.0,,0.0
129,2,6.00,9,7.52,12.86,12.37,0.0,0.00,0.0,-0.0,,0.0
129,3,6.00,9,6.91,11.72,11.32,0.0,0.00,0.0,-0.0,,0.0
129,4,6.00,9,6.12,10.65,10.31,0.0,0.00,0.0,-0.0,,0.0
129,5,6.00,9,5.45,9.64,9.37,0.0,0.00,0.0,-0.0,,0.0
129,6,6.00,9,4.92,8.73,8.50,0.0,0.00,0.0,-0.0,,0.0
129,7,6.00,9,4.30,7.87,7.68,0.0,0.00,0.0,-0.0,,0.0
129,8,6.00,9,5.01,9.24,19.67,6652.0,69.04,48.81,0.0,,6700.81
129,9,6.00,9,6.34,10.99,19.67,1677.56,343.67,0.0,0.0,,1677.56
129,10,6.00,9,8.91,13.42,19.67,319.47,639.54,0.0,0.0,,319.47
129,11,6.00,9,11.90,16.36,20.90,0.0,889.58,0.0,0.0,,0.0
129,12,6.00,9,14.14,19.24,22.72,0.0,1006.10,0.0,0.0,,0.0
129,13,6.00,9,15.82,22.36,24.67,-249.12,1471.77,0.0,0.0,,-249.12
129,14,6.00,9,17.47,24.76,24.67,-1245.75,1203.72,0.0,0.0,,-1245.75
129,15,6.00,9,18.68,26.77,24.67,-1541.81,1097.84,0.0,0.0,,-1541.81
129,16,6.00,9,19.58,28.47,24.67,-1736.88,1045.43,0.0,0.0,,-1736.88
129,17,6.00,9,18.87,29.16,24.67,-1398.94,753.14,0.0,0.0,,-1398.94
129,18,6.00,9,17.68,29.10,24.67,-966.68,543.11,0.0,0.0,,-966.68
129,19,6.00,9,15.96,27.15,23.86,0.0,236.12,0.0,0.0,,0.0
129,20,6.00,9,14.04,24.70,22.08,0.0,0.00,0.0,0.0,,0.0
129,21,6.00,9,12.87,22.50,20.35,0.0,0.00,0.0,0.0,,0.0
129,22,6.00,9,11.66,20.47,18.70,0.0,0.00,0.0,0.0,,0.0
129,23,6.00,9,10.83,18.68,17.21,0.0,0.00,0.0,0.0,,0.0
129,24,6.00,9,10.09,17.07,15.86,0.0,0.00,0.0,0.0,,0.0
129,1,7.00,9,9.49,15.65,14.65,0.0,0.00,0.0,-0.0,,0.0
129,2,7.00,9,9.05,14.41,13.58,0.0,0.00,0.0,-0.0,,0.0
129,3,7.00,9,8.71,13.33,12.64,0.0,0.00,0.0,-0.0,,0.0
129,4,7.00,9,8.37,12.38,11.80,0.0,0.00,0.0,-0.0,,0.0
129,5,7.00,9,7.69,11.46,10.99,0.0,0.00,0.0,-0.0,,0.0
129,6,7.00,9,7.36,10.66,10.26,0.0,0.00,0.0,-0.0,,0.0
129,7,7.00,9,7.17,9.97,9.64,0.0,0.00,0.0,-0.0,,0.0
129,8,7.00,9,6.71,11.19,19.67,5485.39,69.04,0.0,0.0,,5485.39
129,9,7.00,9,6.99,12.59,19.67,1397.88,343.67,0.0,0.0,,1397.88
129,10,7.00,9,8.16,14.41,19.67,368.66,639.54,0.0,0.0,,368.66
129,11,7.00,9,10.41,16.75,20.54,0.0,889.58,0.0,0.0,,0.0
129,12,7.00,9,12.34,19.14,22.03,0.0,1006.10,0.0,0.0,,0.0
129,13,7.00,9,13.92,21.86,24.11,0.0,1471.77,0.0,0.0,,0.0
129,14,7.00,9,15.65,23.98,24.67,-675.25,1203.72,0.0,0.0,,-675.25
129,15,7.00,9,16.41,25.64,24.67,-1091.03,1097.84,0.0,0.0,,-1091.03
129,16,7.00,9,16.66,26.92,24.67,-1193.49,1045.43,0.0,0.0,,-1193.49
129,17,7.00,9,16.15,27.37,24.67,-895.16,753.14,0.0,0.0,,-895.16
129,18,7.00,9,14.79,27.07,24.67,-436.23,543.11,0.0,0.0,,-436.23
129,19,7.00,9,13.45,25.08,23.29,0.0,236.12,0.0,0.0,,0.0
129,20,7.00,9,12.04,22.68,21.24,0.0,0.00,0.0,0.0,,0.0
129,21,7.00,9,10.87,20.49,19.31,0.0,0.00,0.0,0.0,,0.0
129,22,7.00,9,10.11,18.57,17.60,0.0,0.00,0.0,0.0,,0.0
129,23,7.00,9,9.60,16.91,16.11,0.0,0.00,0.0,0.0,,0.0
129,24,7.00,9,9.07,15.45,14.79,0.0,0.00,0.0,0.0,,0.0
129,1,1.00,10,8.53,14.15,13.60,0.0,0.00,0.0,-0.0,,0.0
129,2,1.00,10,8.24,13.04,12.58,0.0,0.00,0.0,-0.0,,0.0
129,3,1.00,10,8.14,12.11,11.73,0.0,0.00,0.0,-0.0,,0.0
129,4,1.00,10,7.98,11.31,11.00,0.0,0.00,0.0,-0.0,,0.0
129,5,1.00,10,7.78,10.61,10.35,0.0,0.00,0.0,-0.0,,0.0
129,6,1.00,10,7.56,10.00,9.78,0.0,0.00,0.0,-0.0,,0.0
129,7,1.00,10,7.23,9.44,9.26,0.0,6.73,0.0,-0.0,,0.0
129,8,1.00,10,7.60,12.10,20.19,5170.02,842.63,0.0,0.0,,5170.02
129,9,1.00,10,8.77,14.17,20.19,856.45,650.42,0.0,0.0,,856.45
129,10,1.00,10,10.76,16.85,20.89,0.0,1077.05,0.0,0.0,,0.0
129,11,1.00,10,12.88,19.75,22.75,0.0,1310.96,0.0,0.0,,0.0
129,12,1.00,10,14.69,22.70,25.01,0.0,1550.91,0.0,0.0,,0.0
129,13,1.00,10,16.36,25.39,25.19,-1259.51,1607.06,0.0,0.0,,-1259.51
129,14,1.00,10,17.74,27.58,25.19,-1667.4,1506.77,0.0,0.0,,-1667.4
129,15,1.00,10,18.34,29.24,25.19,-1767.89,1361.72,0.0,0.0,,-1767.89
129,16,1.00,10,18.03,30.14,25.19,-1580.02,1139.32,0.0,0.0,,-1580.02
129,17,1.00,10,17.37,30.48,25.19,-1319.1,983.16,0.0,0.0,,-1319.1
129,18,1.00,10,16.58,30.21,25.19,-919.4,744.08,0.0,0.0,,-919.4
129,19,1.00,10,14.68,28.18,24.37,0.0,408.75,0.0,0.0,,0.0
129,20,1.00,10,13.23,25.47,22.41,0.0,14.65,0.0,0.0,,0.0
129,21,1.00,10,12.11,23.01,20.50,0.0,0.00,0.0,0.0,,0.0
129,22,1.00,10,11.26,20.85,18.77,0.0,0.00,0.0,0.0,,0.0
129,23,1.00,10,10.39,18.92,17.20,0.0,0.00,0.0,0.0,,0.0
129,24,1.00,10,9.59,17.19,15.76,0.0,0.00,0.0,0.0,,0.0
129,1,2.00,10,8.87,15.64,14.46,0.0,0.00,0.0,-0.0,,0.0
129,2,2.00,10,8.10,14.22,13.24,0.0,0.00,0.0,-0.0,,0.0
129,3,2.00,10,7.37,12.93,12.12,0.0,0.00,0.0,-0.0,,0.0
129,4,2.00,10,6.67,11.74,11.07,0.0,0.00,0.0,-0.0,,0.0
129,5,2.00,10,5.79,10.60,10.04,0.0,0.00,0.0,-0.0,,0.0
129,6,2.00,10,5.02,9.52,9.06,0.0,0.00,0.0,-0.0,,0.0
129,7,2.00,10,4.23,8.51,8.13,0.0,6.73,0.0,-0.0,,0.0
129,8,2.00,10,3.41,10.36,20.19,6363.77,842.63,0.0,0.0,,6363.77
129,9,2.00,10,4.89,11.97,20.19,1626.15,650.42,0.0,0.0,,1626.15
129,10,2.00,10,7.64,14.50,20.19,166.71,1077.05,0.0,0.0,,166.71
129,11,2.00,10,10.26,17.39,21.55,0.0,1310.96,0.0,0.0,,0.0
129,12,2.00,10,12.74,20.48,23.67,0.0,1550.91,0.0,0.0,,0.0
129,13,2.00,10,14.98,23.40,25.19,-438.75,1607.06,0.0,0.0,,-438.75
129,14,2.00,10,17.23,25.98,25.19,-1470.09,1506.77,0.0,0.0,,-1470.09
129,15,2.00,10,18.30,28.01,25.19,-1708.73,1361.72,0.0,0.0,,-1708.73
129,16,2.00,10,19.02,29.47,25.19,-1727.78,1139.32,0.0,0.0,,-1727.78
129,17,2.00,10,18.56,30.24,25.19,-1519.19,983.16,0.0,0.0,,-1519.19
129,18,2.00,10,17.50,30.20,25.19,-1081.99,744.08,0.0,0.0,,-1081.99
129,19,2.00,10,15.06,28.19,24.46,0.0,408.75,0.0,0.0,,0.0
129,20,2.00,10,13.26,25.46,22.48,0.0,14.65,0.0,0.0,,0.0
129,21,2.00,10,11.96,22.96,20.52,0.0,0.00,0.0,0.0,,0.0
129,22,2.00,10,10.95,20.74,18.73,0.0,0.00,0.0,0.0,,0.0
129,23,2.00,10,10.04,18.77,17.10,0.0,0.00,0.0,0.0,,0.0
129,24,2.00,10,9.15,16.98,15.60,0.0,0.00,0.0,0.0,,0.0
129,1,3.00,10,8.32,15.37,14.23,0.0,0.00,0.0,-0.0,,0.0
129,2,3.00,10,7.62,13.92,12.97,0.0,0.00,0.0,-0.0,,0.0
129,3,3.00,10,6.87,12.59,11.81,0.0,0.00,0.0,-0.0,,0.0
129,4,3.00,10,6.08,11.36,10.71,0.0,0.00,0.0,-0.0,,0.0
129,5,3.00,10,5.12,10.16,9.63,0.0,0.00,0.0,-0.0,,0.0
129,6,3.00,10,4.33,9.05,8.60,0.0,0.00,0.0,-0.0,,0.0
129,7,3.00,10,3.45,7.98,7.61,0.0,6.73,0.0,-0.0,,0.0
129,8,3.00,10,2.92,10.47,10.16,0.0,842.63,0.0,-0.0,,0.0
129,9,3.00,10,5.05,12.62,12.37,0.0,650.42,0.0,-0.0,,0.0
129,10,3.00,10,8.64,15.71,15.50,0.0,1077.05,0.0,0.0,,0.0
129,11,3.00,10,12.02,19.19,19.02,0.0,1310.96,0.0,0.0,,0.0
129,12,3.00,10,14.85,22.87,22.72,0.0,1550.91,0.0,0.0,,0.0
129,13,3.00,10,17.25,26.33,26.21,0.0,1607.06,0.0,0.0,,0.0
129,14,3.00,10,19.62,29.39,29.29,0.0,1506.77,0.0,0.0,,0.0
129,15,3.00,10,21.16,31.99,31.91,0.0,1361.72,0.0,0.0,,0.0
129,16,3.00,10,22.33,34.05,33.98,0.0,1139.32,0.0,0.0,,0.0
129,17,3.00,10,21.60,35.32,35.27,0.0,983.16,0.0,0.0,,0.0
129,18,3.00,10,20.18,35.70,35.66,0.0,744.08,0.0,0.0,,0.0
129,19,3.00,10,17.62,32.90,32.86,0.0,408.75,0.0,0.0,,0.0
129,20,3.00,10,15.69,29.69,29.66,0.0,14.65,0.0,0.0,,0.0
129,21,3.00,10,14.30,26.84,26.81,0.0,0.00,0.0,0.0,,0.0
129,22,3.00,10,13.23,24.33,24.31,0.0,0.00,0.0,0.0,,0.0
129,23,3.00,10,11.99,22.05,22.03,0.0,0.00,0.0,0.0,,0.0
129,24,3.00,10,10.66,19.94,19.92,0.0,0.00,0.0,0.0,,0.0
129,1,4.00,10,9.45,17.99,17.97,0.0,0.00,0.0,0.0,,0.0
129,2,4.00,10,8.49,16.22,16.21,0.0,0.00,0.0,0.0,,0.0
129,3,4.00,10,7.52,14.60,14.59,0.0,0.00,0.0,0.0,,0.0
129,4,4.00,10,6.32,13.04,13.03,0.0,0.00,0.0,-0.0,,0.0
129,5,4.00,10,5.47,11.61,11.61,0.0,0.00,0.0,-0.0,,0.0
129,6,4.00,10,4.84,10.34,10.34,0.0,0.00,0.0,-0.0,,0.0
129,7,4.00,10,4.12,9.17,9.17,0.0,6.73,0.0,-0.0,,0.0
129,8,4.00,10,3.48,11.54,11.54,0.0,842.63,0.0,-0.0,,0.0
129,9,4.00,10,5.81,13.65,13.65,0.0,650.42,0.0,-0.0,,0.0
129,10,4.00,10,10.02,16.82,16.82,0.0,1077.05,0.0,0.0,,0.0
129,11,4.00,10,14.25,20.54,20.53,0.0,1310.96,0.0,0.0,,0.0
129,12,4.00,10,17.62,24.48,24.48,0.0,1550.91,0.0,0.0,,0.0
129,13,4.00,10,20.31,28.20,28.20,0.0,1607.06,0.0,0.0,,0.0
129,14,4.00,10,22.90,31.51,31.51,0.0,1506.77,0.0,0.0,,0.0
129,15,4.00,10,24.36,34.29,34.29,0.0,1361.72,0.0,0.0,,0.0
129,16,4.00,10,23.74,36.11,36.11,0.0,1139.32,0.0,0.0,,0.0
129,17,4.00,10,22.73,37.20,37.20,0.0,983.16,0.0,0.0,,0.0
129,18,4.00,10,21.15,37.41,37.41,0.0,744.08,0.0,0.0,,0.0
129,19,4.00,10,18.79,34.51,34.51,0.0,408.75,0.0,0.0,,0.0
129,20,4.00,10,16.83,31.22,31.22,0.0,14.65,0.0,0.0,,0.0
129,21,4.00,10,15.48,28.31,28.31,0.0,0.00,0.0,0.0,,0.0
129,22,4.00,10,14.30,25.72,25.72,0.0,0.00,0.0,0.0,,0.0
129,23,4.00,10,13.01,23.37,23.37,0.0,0.00,0.0,0.0,,0.0
129,24,4.00,10,12.04,21.28,21.28,0.0,0.00,0.0,0.0,,0.0
129,1,5.00,10,10.93,19.36,19.36,0.0,0.00,0.0,0.0,,0.0
129,2,5.00,10,9.99,17.61,17.61,0.0,0.00,0.0,0.0,,0.0
129,3,5.00,10,9.12,16.02,16.02,0.0,0.00,0.0,0.0,,0.0
129,4,5.00,10,8.16,14.54,14.54,0.0,0.00,0.0,-0.0,,0.0
129,5,5.00,10,7.49,13.21,13.21,0.0,0.00,0.0,-0.0,,0.0
129,6,5.00,10,6.76,11.99,11.99,0.0,0.00,0.0,-0.0,,0.0
129,7,5.00,10,5.81,10.81,10.81,0.0,6.73,0.0,-0.0,,0.0
129,8,5.00,10,5.14,12.52,20.19,4818.99,842.63,0.0,0.0,,4818.99
129,9,5.00,10,7.25,14.21,20.19,969.31,650.42,0.0,0.0,,969.31
129,10,5.00,10,10.99,17.05,21.05,0.0,1077.05,0.0,0.0,,0.0
129,11,5.00,10,14.37,20.33,23.30,0.0,1310.96,0.0,0.0,,0.0
129,12,5.00,10,17.03,23.72,25.19,-516.07,1550.91,0.0,0.0,,-516.07
129,13,5.00,10,19.44,26.91,25.19,-1904.34,1607.06,0.0,0.0,,-1904.34
129,14,5.00,10,21.87,29.74,25.19,-2427.42,1506.77,0.0,-4.24,,-2431.66
129,15,5.00,10,23.24,32.03,25.19,-2657.87,1361.72,0.0,-80.41,,-2738.2799999999997
129,16,5.00,10,24.29,33.77,25.19,-2709.82,1139.32,0.0,-72.81,,-2782.63
129,17,5.00,10,23.67,34.69,25.19,-2463.97,983.16,0.0,0.0,,-2463.97
129,18,5.00,10,22.35,34.71,25.19,-1978.28,744.08,0.0,0.0,,-1978.28
129,19,5.00,10,20.03,32.76,25.59,0.0,408.75,0.0,0.0,,0.0
129,20,5.00,10,18.02,30.04,24.29,0.0,14.65,0.0,0.0,,0.0
129,21,5.00,10,16.54,27.52,22.81,0.0,0.00,0.0,0.0,,0.0
129,22,5.00,10,15.52,25.29,21.40,0.0,0.00,0.0,0.0,,0.0
129,23,5.00,10,14.49,23.28,20.06,0.0,0.00,0.0,0.0,,0.0
129,24,5.00,10,13.46,21.44,18.77,0.0,0.00,0.0,0.0,,0.0
129,1,6.00,10,12.31,19.72,17.51,0.0,0.00,0.0,-0.0,,0.0
129,2,6.00,10,11.27,18.12,16.29,0.0,0.00,0.0,-0.0,,0.0
129,3,6.00,10,10.17,16.61,15.10,0.0,0.00,0.0,-0.0,,0.0
129,4,6.00,10,9.15,15.19,13.94,0.0,0.00,0.0,-0.0,,0.0
129,5,6.00,10,8.09,13.84,12.80,0.0,0.00,0.0,-0.0,,0.0
129,6,6.00,10,7.08,12.54,11.68,0.0,0.00,0.0,-0.0,,0.0
129,7,6.00,10,6.41,11.38,10.67,0.0,6.73,0.0,-0.0,,0.0
129,8,6.00,10,5.56,13.05,20.19,4830.14,842.63,0.0,0.0,,4830.14
129,9,6.00,10,7.56,14.68,20.19,934.5,650.42,0.0,0.0,,934.5
129,10,6.00,10,11.84,17.63,21.27,0.0,1077.05,0.0,0.0,,0.0
129,11,6.00,10,15.58,21.07,23.76,0.0,1310.96,0.0,0.0,,0.0
129,12,6.00,10,18.99,24.77,25.19,-1039.91,1550.91,0.0,0.0,,-1039.91
129,13,6.00,10,21.75,28.26,25.19,-2343.19,1607.06,0.0,0.0,,-2343.19
129,14,6.00,10,24.85,31.48,25.19,-2972.39,1506.77,0.0,-62.89,,-3035.2799999999997
129,15,6.00,10,26.27,34.06,25.19,-3211.26,1361.72,0.0,-132.58,,-3343.84
129,16,6.00,10,27.34,36.01,25.19,-3267.61,1139.32,0.0,0.0,,-3267.61
129,17,6.00,10,26.39,37.01,25.19,-2965.82,983.16,0.0,0.0,,-2965.82
129,18,6.00,10,24.93,37.06,25.19,-2452.55,744.08,0.0,0.0,,-2452.55
129,19,6.00,10,21.84,34.98,26.02,0.0,408.75,0.0,0.0,,0.0
129,20,6.00,10,19.47,32.09,24.90,0.0,14.65,0.0,0.0,,0.0
129,21,6.00,10,17.87,29.43,23.54,0.0,0.00,0.0,0.0,,0.0
129,22,6.00,10,16.45,27.01,22.15,0.0,0.00,0.0,0.0,,0.0
129,23,6.00,10,15.05,24.78,20.75,0.0,0.00,0.0,0.0,,0.0
129,24,6.00,10,13.81,22.73,19.40,0.0,0.00,0.0,0.0,,0.0
129,1,7.00,10,12.70,20.86,18.09,0.0,0.00,0.0,0.0,,0.0
129,2,7.00,10,11.85,19.17,16.88,0.0,0.00,0.0,-0.0,,0.0
129,3,7.00,10,10.98,17.63,15.73,0.0,0.00,0.0,-0.0,,0.0
129,4,7.00,10,9.94,16.17,14.60,0.0,0.00,0.0,-0.0,,0.0
129,5,7.00,10,8.75,14.75,13.45,0.0,0.00,0.0,-0.0,,0.0
129,6,7.00,10,7.80,13.43,12.34,0.0,0.00,0.0,-0.0,,0.0
129,7,7.00,10,6.80,12.17,11.27,0.0,6.73,0.0,-0.0,,0.0
129,8,7.00,10,6.10,13.78,20.19,4458.62,842.63,0.0,0.0,,4458.62
129,9,7.00,10,7.97,15.33,20.19,807.24,650.42,0.0,0.0,,807.24
129,10,7.00,10,12.00,18.15,21.36,0.0,1077.05,0.0,0.0,,0.0
129,11,7.00,10,15.59,21.47,23.84,0.0,1310.96,0.0,0.0,,0.0
129,12,7.00,10,18.78,25.03,25.19,-1042.04,1550.91,0.0,0.0,,-1042.04
129,13,7.00,10,21.36,28.36,25.19,-2281.46,1607.06,0.0,0.0,,-2281.46
129,14,7.00,10,23.82,31.30,25.19,-2796.18,1506.77,0.0,-93.5,,-2889.68
129,15,7.00,10,25.34,33.72,25.19,-3046.29,1361.72,0.0,-68.62,,-3114.91
129,16,7.00,10,24.88,35.13,25.19,-2834.93,1139.32,0.0,0.0,,-2834.93
129,17,7.00,10,24.02,35.80,25.19,-2540.35,983.16,0.0,0.0,,-2540.35
129,18,7.00,10,22.16,35.50,25.19,-1954.41,744.08,0.0,0.0,,-1954.41
129,19,7.00,10,20.18,33.46,25.63,0.0,408.75,0.0,0.0,,0.0
129,20,7.00,10,17.97,30.61,24.31,0.0,14.65,0.0,0.0,,0.0
129,21,7.00,10,16.33,27.95,22.78,0.0,0.00,0.0,0.0,,0.0
129,22,7.00,10,15.39,25.63,21.35,0.0,0.00,0.0,0.0,,0.0
129,23,7.00,10,14.53,23.57,20.04,0.0,0.00,0.0,0.0,,0.0
129,24,7.00,10,13.87,21.77,18.84,0.0,0.00,0.0,0.0,,0.0
129,1,1.00,10,13.21,20.17,17.75,0.0,0.00,0.0,-0.0,,0.0
129,2,1.00,10,12.61,18.75,16.74,0.0,0.00,0.0,-0.0,,0.0
129,3,1.00,10,12.20,17.51,15.84,0.0,0.00,0.0,-0.0,,0.0
129,4,1.00,10,11.66,16.39,15.01,0.0,0.00,0.0,-0.0,,0.0
129,5,1.00,10,10.83,15.31,14.16,0.0,0.00,0.0,-0.0,,0.0
129,6,1.00,10,10.13,14.29,13.34,0.0,0.00,0.0,-0.0,,0.0
129,7,1.00,10,9.28,13.32,12.53,0.0,6.73,0.0,-0.0,,0.0
129,8,1.00,10,8.84,15.31,20.19,3443.7,842.63,0.0,0.0,,3443.7
129,9,1.00,10,9.83,16.89,20.19,377.77,650.42,0.0,0.0,,377.77
129,10,1.00,10,11.26,19.05,21.25,0.0,1077.05,0.0,0.0,,0.0
129,11,1.00,10,13.14,21.51,23.14,0.0,1310.96,0.0,0.0,,0.0
129,12,1.00,10,15.07,24.16,25.19,-142.42,1550.91,0.0,0.0,,-142.42
129,13,1.00,10,16.75,26.62,25.19,-1431.92,1607.06,0.0,0.0,,-1431.92
129,14,1.00,10,18.24,28.67,25.19,-1782.48,1506.77,0.0,0.0,,-1782.48
129,15,1.00,10,18.93,30.22,25.19,-1886.13,1361.72,0.0,0.0,,-1886.13
129,16,1.00,10,19.17,31.20,25.19,-1788.89,1139.32,0.0,0.0,,-1788.89
129,17,1.00,10,18.92,31.67,25.19,-1598.43,983.16,0.0,0.0,,-1598.43
129,18,1.00,10,17.66,31.35,25.19,-1120.52,744.08,0.0,0.0,,-1120.52
129,19,1.00,10,15.96,29.35,24.66,0.0,408.75,0.0,0.0,,0.0
129,20,1.00,10,14.45,26.65,22.87,0.0,14.65,0.0,0.0,,0.0
129,21,1.00,10,13.47,24.22,21.12,0.0,0.00,0.0,0.0,,0.0
129,22,1.00,10,13.06,22.18,19.61,0.0,0.00,0.0,0.0,,0.0
129,23,1.00,10,12.59,20.41,18.29,0.0,0.00,0.0,0.0,,0.0
129,24,1.00,10,12.26,18.90,17.14,0.0,0.00,0.0,0.0,,0.0
129,1,2.00,10,12.09,17.63,16.17,0.0,0.00,0.0,-0.0,,0.0
129,2,2.00,10,11.96,16.56,15.35,0.0,0.00,0.0,-0.0,,0.0
129,3,2.00,10,11.98,15.68,14.68,0.0,0.00,0.0,-0.0,,0.0
129,4,2.00,10,11.84,14.93,14.10,0.0,0.00,0.0,-0.0,,0.0
129,5,2.00,10,11.83,14.30,13.62,0.0,0.00,0.0,-0.0,,0.0
129,6,2.00,10,11.49,13.72,13.15,0.0,0.00,0.0,-0.0,,0.0
129,7,2.00,10,11.01,13.15,12.68,0.0,6.73,0.0,-0.0,,0.0
129,8,2.00,10,10.18,15.49,20.19,3179.43,842.63,0.0,0.0,,3179.43
129,9,2.00,10,10.12,17.03,20.19,323.72,650.42,0.0,0.0,,323.72
129,10,2.00,10,10.90,19.03,21.15,0.0,1077.05,0.0,0.0,,0.0
129,11,2.00,10,12.17,21.24,22.82,0.0,1310.96,0.0,0.0,,0.0
129,12,2.00,10,13.30,23.51,24.73,0.0,1550.91,0.0,0.0,,0.0
129,13,2.00,10,14.26,25.52,25.19,-808.03,1607.06,0.0,0.0,,-808.03
129,14,2.00,10,15.36,27.16,25.19,-1237.95,1506.77,0.0,0.0,,-1237.95
129,15,2.00,10,15.27,28.20,25.19,-1217.85,1361.72,0.0,0.0,,-1217.85
129,16,2.00,10,14.94,28.67,25.19,-1021.56,1139.32,0.0,0.0,,-1021.56
129,17,2.00,10,14.67,28.77,25.19,-825.21,983.16,0.0,0.0,,-825.21
129,18,2.00,10,14.72,28.53,25.19,-569.44,744.08,0.0,0.0,,-569.44
129,19,2.00,10,13.34,26.60,24.05,0.0,408.75,0.0,0.0,,0.0
129,20,2.00,10,12.59,24.10,22.04,0.0,14.65,0.0,0.0,,0.0
129,21,2.00,10,11.71,21.83,20.13,0.0,0.00,0.0,0.0,,0.0
129,22,2.00,10,10.97,19.83,18.43,0.0,0.00,0.0,0.0,,0.0
129,23,2.00,10,10.49,18.11,16.95,0.0,0.00,0.0,0.0,,0.0
129,24,2.00,10,10.11,16.63,15.67,0.0,0.00,0.0,-0.0,,0.0
129,1,3.00,10,9.42,15.27,14.48,0.0,0.00,0.0,-0.0,,0.0
129,2,3.00,10,9.11,14.11,13.45,0.0,0.00,0.0,-0.0,,0.0
129,3,3.00,10,8.65,13.07,12.52,0.0,0.00,0.0,-0.0,,0.0
129,4,3.00,10,8.22,12.13,11.68,0.0,0.00,0.0,-0.0,,0.0
129,5,3.00,10,7.45,11.21,10.84,0.0,0.00,0.0,-0.0,,0.0
129,6,3.00,10,6.51,10.28,9.97,0.0,0.00,0.0,-0.0,,0.0
129,7,3.00,10,5.58,9.36,9.10,0.0,6.73,0.0,-0.0,,0.0
129,8,3.00,10,5.02,11.96,11.75,0.0,842.63,0.0,-0.0,,0.0
129,9,3.00,10,7.20,14.23,14.05,0.0,650.42,0.0,-0.0,,0.0
129,10,3.00,10,10.42,17.32,17.18,0.0,1077.05,0.0,0.0,,0.0
129,11,3.00,10,13.38,20.74,20.62,0.0,1310.96,0.0,0.0,,0.0
129,12,3.00,10,15.69,24.26,24.16,0.0,1550.91,0.0,0.0,,0.0
129,13,3.00,10,17.72,27.54,27.46,0.0,1607.06,0.0,0.0,,0.0
129,14,3.00,10,19.91,30.44,30.37,0.0,1506.77,0.0,0.0,,0.0
129,15,3.00,10,21.16,32.84,32.79,0.0,1361.72,0.0,0.0,,0.0
129,16,3.00,10,22.11,34.70,34.65,0.0,1139.32,0.0,0.0,,0.0
129,17,3.00,10,21.47,35.85,35.81,0.0,983.16,0.0,0.0,,0.0
129,18,3.00,10,20.05,36.12,36.08,0.0,744.08,0.0,0.0,,0.0
129,19,3.00,10,18.03,33.33,33.31,0.0,408.75,0.0,0.0,,0.0
129,20,3.00,10,15.85,30.08,30.05,0.0,14.65,0.0,0.0,,0.0
129,21,3.00,10,14.37,27.16,27.15,0.0,0.00,0.0,0.0,,0.0
129,22,3.00,10,13.53,24.66,24.65,0.0,0.00,0.0,0.0,,0.0
129,23,3.00,10,12.74,22.47,22.46,0.0,0.00,0.0,0.0,,0.0
129,24,3.00,10,11.97,20.54,20.53,0.0,0.00,0.0,0.0,,0.0
129,1,4.00,10,11.31,18.83,18.82,0.0,0.00,0.0,0.0,,0.0
129,2,4.00,10,10.58,17.29,17.28,0.0,0.00,0.0,0.0,,0.0
129,3,4.00,10,9.72,15.86,15.86,0.0,0.00,0.0,-0.0,,0.0
129,4,4.00,10,8.80,14.52,14.51,0.0,0.00,0.0,-0.0,,0.0
129,5,4.00,10,7.74,13.22,13.22,0.0,0.00,0.0,-0.0,,0.0
129,6,4.00,10,7.05,12.05,12.04,0.0,0.00,0.0,-0.0,,0.0
129,7,4.00,10,6.34,10.96,10.96,0.0,6.73,0.0,-0.0,,0.0
129,8,4.00,10,5.84,13.43,13.43,0.0,842.63,0.0,-0.0,,0.0
129,9,4.00,10,7.88,15.56,15.55,0.0,650.42,0.0,-0.0,,0.0
129,10,4.00,10,12.12,18.75,18.75,0.0,1077.05,0.0,0.0,,0.0
129,11,4.00,10,15.31,22.27,22.27,0.0,1310.96,0.0,0.0,,0.0
129,12,4.00,10,18.09,25.96,25.96,0.0,1550.91,0.0,0.0,,0.0
129,13,4.00,10,20.62,29.47,29.47,0.0,1607.06,0.0,0.0,,0.0
129,14,4.00,10,23.46,32.66,32.66,0.0,1506.77,0.0,0.0,,0.0
129,15,4.00,10,24.90,35.34,35.34,0.0,1361.72,0.0,0.0,,0.0
129,16,4.00,10,26.13,37.46,37.46,0.0,1139.32,0.0,0.0,,0.0
129,17,4.00,10,25.37,38.79,38.79,0.0,983.16,0.0,0.0,,0.0
129,18,4.00,10,24.14,39.26,39.25,0.0,744.08,0.0,0.0,,0.0
129,19,4.00,10,21.15,36.42,36.42,0.0,408.75,0.0,0.0,,0.0
129,20,4.00,10,18.71,33.10,33.10,0.0,14.65,0.0,0.0,,0.0
129,21,4.00,10,17.51,30.20,30.20,0.0,0.00,0.0,0.0,,0.0
129,22,4.00,10,16.15,27.60,27.60,0.0,0.00,0.0,0.0,,0.0
129,23,4.00,10,14.77,25.22,25.22,0.0,0.00,0.0,0.0,,0.0
129,24,4.00,10,13.36,23.02,23.02,0.0,0.00,0.0,0.0,,0.0
129,1,5.00,10,12.06,20.98,20.98,0.0,0.00,0.0,0.0,,0.0
129,2,5.00,10,10.93,19.10,19.10,0.0,0.00,0.0,0.0,,0.0
129,3,5.00,10,10.10,17.42,17.42,0.0,0.00,0.0,0.0,,0.0
129,4,5.00,10,9.21,15.88,15.88,0.0,0.00,0.0,-0.0,,0.0
129,5,5.00,10,8.60,14.51,14.51,0.0,0.00,0.0,-0.0,,0.0
129,6,5.00,10,7.99,13.28,13.28,0.0,0.00,0.0,-0.0,,0.0
129,7,5.00,10,7.28,12.15,12.15,0.0,6.73,0.0,-0.0,,0.0
129,8,5.00,10,8.63,14.45,20.19,3611.02,842.63,0.0,0.0,,3611.02
129,9,5.00,10,11.13,16.60,20.19,169.02,650.42,0.0,0.0,,169.02
129,10,5.00,10,15.59,19.95,22.44,0.0,1077.05,0.0,0.0,,0.0
129,11,5.00,10,19.03,23.62,25.19,-183.34,1310.96,0.0,0.0,,-183.34
129,12,5.00,10,22.26,27.46,25.19,-2226.85,1550.91,0.0,-50.21,,-2277.06
129,13,5.00,10,25.25,31.12,25.19,-3073.64,1607.06,0.0,-683.07,,-3756.71
129,14,5.00,10,28.49,34.51,25.19,-3676.86,1506.77,0.0,-978.17,,-4655.03
129,15,5.00,10,29.90,37.21,25.19,-3894.38,1361.72,0.0,-781.79,,-4676.17
129,16,5.00,10,29.41,38.83,25.19,-3670.8,1139.32,0.0,-633.12,,-4303.92
129,17,5.00,10,28.54,39.66,25.19,-3371.48,983.16,0.0,-223.64,,-3595.12
129,18,5.00,10,27.43,39.70,25.19,-2912.49,744.08,0.0,-77.64,,-2990.1299999999997
129,19,5.00,10,24.75,37.67,26.67,0.0,408.75,0.0,0.0,,0.0
129,20,5.00,10,21.90,34.73,25.88,0.0,14.65,0.0,0.0,,0.0
129,21,5.00,10,20.06,31.97,24.72,0.0,0.00,0.0,0.0,,0.0
129,22,5.00,10,18.67,29.49,23.50,0.0,0.00,0.0,0.0,,0.0
129,23,5.00,10,17.13,27.18,22.22,0.0,0.00,0.0,0.0,,0.0
129,24,5.00,10,15.95,25.08,20.97,0.0,0.00,0.0,0.0,,0.0
129,1,6.00,10,15.04,23.21,19.80,0.0,0.00,0.0,-0.0,,0.0
129,2,6.00,10,14.24,21.53,18.70,0.0,0.00,0.0,-0.0,,0.0
129,3,6.00,10,13.58,20.03,17.69,0.0,0.00,0.0,-0.0,,0.0
129,4,6.00,10,12.79,18.66,16.72,0.0,0.00,0.0,-0.0,,0.0
129,5,6.00,10,11.98,17.38,15.77,0.0,0.00,0.0,-0.0,,0.0
129,6,6.00,10,11.25,16.20,14.87,0.0,0.00,0.0,-0.0,,0.0
129,7,6.00,10,10.36,15.07,13.97,0.0,6.73,0.0,-0.0,,0.0
129,8,6.00,10,9.93,16.91,20.19,2590.38,842.63,0.0,0.0,,2590.38
129,9,6.00,10,10.94,18.37,20.19,54.86,650.42,0.0,0.0,,54.86
129,10,6.00,10,13.08,20.65,21.85,0.0,1077.05,0.0,0.0,,0.0
129,11,6.00,10,15.11,23.20,24.09,0.0,1310.96,0.0,0.0,,0.0
129,12,6.00,10,16.45,25.75,25.19,-784.14,1550.91,0.0,0.0,,-784.14
129,13,6.00,10,17.52,27.99,25.19,-1641.18,1607.06,0.0,0.0,,-1641.18
129,14,6.00,10,18.33,29.71,25.19,-1836.69,1506.77,0.0,0.0,,-1836.69
129,15,6.00,10,18.05,30.78,25.19,-1753.71,1361.72,0.0,0.0,,-1753.71
129,16,6.00,10,18.06,31.37,25.19,-1601.55,1139.32,0.0,0.0,,-1601.55
129,17,6.00,10,17.82,31.57,25.19,-1404.23,983.16,0.0,0.0,,-1404.23
129,18,6.00,10,16.39,30.99,25.19,-893.01,744.08,0.0,0.0,,-893.01
129,19,6.00,10,15.02,28.93,24.45,0.0,408.75,0.0,0.0,,0.0
129,20,6.00,10,13.29,26.10,22.47,0.0,14.65,0.0,0.0,,0.0
129,21,6.00,10,12.36,23.58,20.60,0.0,0.00,0.0,0.0,,0.0
129,22,6.00,10,12.06,21.48,19.02,0.0,0.00,0.0,0.0,,0.0
129,23,6.00,10,11.49,19.65,17.61,0.0,0.00,0.0,0.0,,0.0
129,24,6.00,10,11.19,18.09,16.40,0.0,0.00,0.0,0.0,,0.0
129,1,7.00,10,10.90,16.75,15.35,0.0,0.00,0.0,-0.0,,0.0
129,2,7.00,10,10.74,15.63,14.47,0.0,0.00,0.0,-0.0,,0.0
129,3,7.00,10,10.66,14.68,13.72,0.0,0.00,0.0,-0.0,,0.0
129,4,7.00,10,10.44,13.86,13.06,0.0,0.00,0.0,-0.0,,0.0
129,5,7.00,10,10.35,13.17,12.51,0.0,0.00,0.0,-0.0,,0.0
129,6,7.00,10,10.17,12.56,12.01,0.0,0.00,0.0,-0.0,,0.0
129,7,7.00,10,9.85,12.00,11.55,0.0,6.73,0.0,-0.0,,0.0
129,8,7.00,10,10.11,14.64,20.19,3703.74,842.63,0.0,0.0,,3703.74
129,9,7.00,10,11.34,16.72,20.19,208.68,650.42,0.0,0.0,,208.68
129,10,7.00,10,13.02,19.31,21.68,0.0,1077.05,0.0,0.0,,0.0
129,11,7.00,10,15.28,22.20,23.97,0.0,1310.96,0.0,0.0,,0.0
129,12,7.00,10,17.11,25.14,25.19,-826.26,1550.91,0.0,0.0,,-826.26
129,13,7.00,10,18.72,27.80,25.19,-1833.74,1607.06,0.0,0.0,,-1833.74
129,14,7.00,10,20.10,29.98,25.19,-2142.71,1506.77,0.0,-98.0,,-2240.71
129,15,7.00,10,20.84,31.66,25.19,-2243.93,1361.72,0.0,0.0,,-2243.93
129,16,7.00,10,21.28,32.79,25.19,-2177.41,1139.32,0.0,0.0,,-2177.41
129,17,7.00,10,20.91,33.34,25.19,-1965.86,983.16,0.0,0.0,,-1965.86
129,18,7.00,10,19.46,33.03,25.19,-1453.68,744.08,0.0,0.0,,-1453.68
129,19,7.00,10,17.66,31.02,25.05,0.0,408.75,0.0,0.0,,0.0
129,20,7.00,10,15.42,28.16,23.35,0.0,14.65,0.0,0.0,,0.0
129,21,7.00,10,13.94,25.53,21.58,0.0,0.00,0.0,0.0,,0.0
129,22,7.00,10,12.84,23.19,19.93,0.0,0.00,0.0,0.0,,0.0
129,23,7.00,10,11.66,21.05,18.35,0.0,0.00,0.0,0.0,,0.0
129,24,7.00,10,10.71,19.14,16.90,0.0,0.00,0.0,0.0,,0.0
129,1,1.00,10,9.83,17.41,15.55,0.0,0.00,0.0,-0.0,,0.0
129,2,1.00,10,9.32,15.90,14.37,0.0,0.00,0.0,-0.0,,0.0
129,3,1.00,10,8.87,14.59,13.32,0.0,0.00,0.0,-0.0,,0.0
129,4,1.00,10,8.34,13.41,12.35,0.0,0.00,0.0,-0.0,,0.0
129,5,1.00,10,7.48,12.27,11.40,0.0,0.00,0.0,-0.0,,0.0
129,6,1.00,10,6.75,11.21,10.48,0.0,0.00,0.0,-0.0,,0.0
129,7,1.00,10,6.15,10.24,9.64,0.0,6.73,0.0,-0.0,,0.0
129,8,1.00,10,7.35,12.69,20.19,5004.85,842.63,0.0,0.0,,5004.85
129,9,1.00,10,9.99,14.98,20.19,600.72,650.42,0.0,0.0,,600.72
129,10,1.00,10,13.60,18.21,21.71,0.0,1077.05,0.0,0.0,,0.0
129,11,1.00,10,17.17,21.85,24.45,0.0,1310.96,0.0,0.0,,0.0
129,12,1.00,10,20.29,25.64,25.19,-1547.71,1550.91,0.0,0.0,,-1547.71
129,13,1.00,10,22.94,29.18,25.19,-2600.02,1607.06,0.0,-301.51,,-2901.5299999999997
129,14,1.00,10,25.34,32.27,25.19,-3087.53,1506.77,0.0,-574.16,,-3661.69
129,15,1.00,10,26.84,34.79,25.19,-3328.37,1361.72,0.0,-414.53,,-3742.8999999999996
129,16,1.00,10,26.27,36.26,25.19,-3093.07,1139.32,0.0,-99.3,,-3192.3700000000003
129,17,1.00,10,25.39,36.97,25.19,-2793.39,983.16,0.0,0.0,,-2793.39
129,18,1.00,10,23.74,36.77,25.19,-2242.95,744.08,0.0,0.0,,-2242.95
129,19,1.00,10,21.35,34.70,25.90,0.0,408.75,0.0,0.0,,0.0
129,20,1.00,10,18.98,31.79,24.72,0.0,14.65,0.0,0.0,,0.0
129,21,1.00,10,17.30,29.09,23.28,0.0,0.00,0.0,0.0,,0.0
129,22,1.00,10,15.95,26.65,21.85,0.0,0.00,0.0,0.0,,0.0
129,23,1.00,10,14.54,24.39,20.43,0.0,0.00,0.0,0.0,,0.0
129,24,1.00,10,13.47,22.36,19.08,0.0,0.00,0.0,0.0,,0.0
129,1,2.00,10,12.55,20.53,17.81,0.0,0.00,0.0,0.0,,0.0
129,2,2.00,10,11.76,18.89,16.64,0.0,0.00,0.0,-0.0,,0.0
129,3,2.00,10,11.16,17.44,15.57,0.0,0.00,0.0,-0.0,,0.0
129,4,2.00,10,10.47,16.12,14.57,0.0,0.00,0.0,-0.0,,0.0
129,5,2.00,10,9.87,14.93,13.65,0.0,0.00,0.0,-0.0,,0.0
129,6,2.00,10,9.07,13.80,12.74,0.0,0.00,0.0,-0.0,,0.0
129,7,2.00,10,8.02,12.69,11.81,0.0,6.73,0.0,-0.0,,0.0
129,8,2.00,10,7.48,14.51,20.19,3993.28,842.63,0.0,0.0,,3993.28
129,9,2.00,10,9.34,16.20,20.19,524.9,650.42,0.0,0.0,,524.9
129,10,2.00,10,11.52,18.62,21.27,0.0,1077.05,0.0,0.0,,0.0
129,11,2.00,10,14.14,21.45,23.41,0.0,1310.96,0.0,0.0,,0.0
129,12,2.00,10,16.33,24.41,25.19,-457.36,1550.91,0.0,0.0,,-457.36
129,13,2.00,10,18.01,27.09,25.19,-1670.26,1607.06,0.0,0.0,,-1670.26
129,14,2.00,10,18.83,29.12,25.19,-1899.8,1506.77,0.0,0.0,,-1899.8
129,15,2.00,10,19.35,30.65,25.19,-1970.97,1361.72,0.0,0.0,,-1970.97
129,16,2.00,10,19.21,31.52,25.19,-1803.35,1139.32,0.0,0.0,,-1803.35
129,17,2.00,10,18.65,31.84,25.19,-1556.17,983.16,0.0,0.0,,-1556.17
129,18,2.00,10,17.00,31.31,25.19,-1007.78,744.08,0.0,0.0,,-1007.78
129,19,2.00,10,15.89,29.34,24.64,0.0,408.75,0.0,0.0,,0.0
129,20,2.00,10,13.79,26.51,22.72,0.0,14.65,0.0,0.0,,0.0
129,21,2.00,10,12.20,23.87,20.75,0.0,0.00,0.0,0.0,,0.0
129,22,2.00,10,11.79,21.66,19.08,0.0,0.00,0.0,0.0,,0.0
129,23,2.00,10,11.57,19.82,17.69,0.0,0.00,0.0,0.0,,0.0
129,24,2.00,10,11.27,18.25,16.48,0.0,0.00,0.0,0.0,,0.0
129,1,3.00,10,10.71,16.84,15.38,0.0,0.00,0.0,-0.0,,0.0
129,2,3.00,10,10.38,15.63,14.41,0.0,0.00,0.0,-0.0,,0.0
129,3,3.00,10,10.45,14.65,13.65,0.0,0.00,0.0,-0.0,,0.0
129,4,3.00,10,10.35,13.82,12.99,0.0,0.00,0.0,-0.0,,0.0
129,5,3.00,10,10.11,13.09,12.40,0.0,0.00,0.0,-0.0,,0.0
129,6,3.00,10,9.64,12.39,11.82,0.0,0.00,0.0,-0.0,,0.0
129,7,3.00,10,8.94,11.70,11.22,0.0,6.73,0.0,-0.0,,0.0
129,8,3.00,10,8.99,14.60,14.20,0.0,842.63,0.0,-0.0,,0.0
129,9,3.00,10,9.99,16.84,16.52,0.0,650.42,0.0,-0.0,,0.0
129,10,3.00,10,11.28,19.54,19.27,0.0,1077.05,0.0,0.0,,0.0
129,11,3.00,10,13.43,22.54,22.31,0.0,1310.96,0.0,0.0,,0.0
129,12,3.00,10,14.85,25.56,25.37,0.0,1550.91,0.0,0.0,,0.0
129,13,3.00,10,15.90,28.26,28.10,0.0,1607.06,0.0,0.0,,0.0
129,14,3.00,10,16.59,30.39,30.27,0.0,1506.77,0.0,0.0,,0.0
129,15,3.00,10,16.45,31.94,31.83,0.0,1361.72,0.0,0.0,,0.0
129,16,3.00,10,16.21,32.89,32.80,0.0,1139.32,0.0,0.0,,0.0
129,17,3.00,10,15.51,33.32,33.25,0.0,983.16,0.0,0.0,,0.0
129,18,3.00,10,13.89,32.97,32.91,0.0,744.08,0.0,0.0,,0.0
129,19,3.00,10,12.88,29.90,29.85,0.0,408.75,0.0,0.0,,0.0
129,20,3.00,10,11.58,26.56,26.51,0.0,14.65,0.0,0.0,,0.0
129,21,3.00,10,10.88,23.70,23.67,0.0,0.00,0.0,0.0,,0.0
129,22,3.00,10,10.26,21.26,21.23,0.0,0.00,0.0,0.0,,0.0
129,23,3.00,10,9.78,19.18,19.15,0.0,0.00,0.0,0.0,,0.0
129,24,3.00,10,9.22,17.36,17.34,0.0,0.00,0.0,0.0,,0.0
129,1,4.00,10,9.02,15.83,15.81,0.0,0.00,0.0,0.0,,0.0
129,2,4.00,10,8.89,14.55,14.54,0.0,0.00,0.0,-0.0,,0.0
129,3,4.00,10,9.07,13.53,13.52,0.0,0.00,0.0,-0.0,,0.0
129,4,4.00,10,9.10,12.69,12.68,0.0,0.00,0.0,-0.0,,0.0
129,5,4.00,10,9.07,11.99,11.98,0.0,0.00,0.0,-0.0,,0.0
129,6,4.00,10,9.03,11.40,11.39,0.0,0.00,0.0,-0.0,,0.0
129,7,4.00,10,8.86,10.89,10.88,0.0,6.73,0.0,-0.0,,0.0
129,8,4.00,10,8.81,13.90,13.89,0.0,842.63,0.0,-0.0,,0.0
129,9,4.00,10,10.04,16.28,16.28,0.0,650.42,0.0,-0.0,,0.0
129,10,4.00,10,11.70,19.17,19.16,0.0,1077.05,0.0,0.0,,0.0
129,11,4.00,10,13.72,22.27,22.27,0.0,1310.96,0.0,0.0,,0.0
129,12,4.00,10,15.38,25.44,25.44,0.0,1550.91,0.0,0.0,,0.0
129,13,4.00,10,16.90,28.35,28.35,0.0,1607.06,0.0,0.0,,0.0
129,14,4.00,10,18.44,30.82,30.82,0.0,1506.77,0.0,0.0,,0.0
129,15,4.00,10,18.86,32.73,32.73,0.0,1361.72,0.0,0.0,,0.0
129,16,4.00,10,19.25,34.10,34.09,0.0,1139.32,0.0,0.0,,0.0
129,17,4.00,10,18.75,34.88,34.88,0.0,983.16,0.0,0.0,,0.0
129,18,4.00,10,17.31,34.86,34.86,0.0,744.08,0.0,0.0,,0.0
129,19,4.00,10,15.87,31.95,31.95,0.0,408.75,0.0,0.0,,0.0
129,20,4.00,10,13.93,28.62,28.62,0.0,14.65,0.0,0.0,,0.0
129,21,4.00,10,12.53,25.66,25.66,0.0,0.00,0.0,0.0,,0.0
129,22,4.00,10,11.58,23.08,23.08,0.0,0.00,0.0,0.0,,0.0
129,23,4.00,10,10.87,20.85,20.85,0.0,0.00,0.0,0.0,,0.0
129,24,4.00,10,10.19,18.90,18.90,0.0,0.00,0.0,0.0,,0.0
129,1,5.00,10,9.61,17.19,17.19,0.0,0.00,0.0,0.0,,0.0
129,2,5.00,10,9.20,15.71,15.71,0.0,0.00,0.0,-0.0,,0.0
129,3,5.00,10,8.92,14.45,14.45,0.0,0.00,0.0,-0.0,,0.0
129,4,5.00,10,8.59,13.35,13.35,0.0,0.00,0.0,-0.0,,0.0
129,5,5.00,10,8.19,12.36,12.36,0.0,0.00,0.0,-0.0,,0.0
129,6,5.00,10,7.82,11.48,11.48,0.0,0.00,0.0,-0.0,,0.0
129,7,5.00,10,7.33,10.68,10.68,0.0,6.73,0.0,-0.0,,0.0
129,8,5.00,10,7.86,13.12,20.19,4445.23,842.63,0.0,0.0,,4445.23
129,9,5.00,10,9.65,15.19,20.19,567.91,650.42,0.0,0.0,,567.91
129,10,5.00,10,11.76,17.88,21.27,0.0,1077.05,0.0,0.0,,0.0
129,11,5.00,10,14.30,20.89,23.42,0.0,1310.96,0.0,0.0,,0.0
129,12,5.00,10,16.29,23.95,25.19,-450.28,1550.91,0.0,0.0,,-450.28
129,13,5.00,10,18.02,26.73,25.19,-1668.51,1607.06,0.0,0.0,,-1668.51
129,14,5.00,10,19.45,29.01,25.19,-2007.43,1506.77,0.0,0.0,,-2007.43
129,15,5.00,10,20.10,30.74,25.19,-2102.51,1361.72,0.0,0.0,,-2102.51
129,16,5.00,10,20.86,32.00,25.19,-2095.15,1139.32,0.0,0.0,,-2095.15
129,17,5.00,10,20.31,32.59,25.19,-1855.2,983.16,0.0,0.0,,-1855.2
129,18,5.00,10,19.06,32.36,25.19,-1377.22,744.08,0.0,0.0,,-1377.22
129,19,5.00,10,17.26,30.39,24.96,0.0,408.75,0.0,0.0,,0.0
129,20,5.00,10,15.12,27.60,23.23,0.0,14.65,0.0,0.0,,0.0
129,21,5.00,10,13.57,25.00,21.41,0.0,0.00,0.0,0.0,,0.0
129,22,5.00,10,12.40,22.67,19.71,0.0,0.00,0.0,0.0,,0.0
129,23,5.00,10,11.51,20.61,18.16,0.0,0.00,0.0,0.0,,0.0
129,24,5.00,10,10.57,18.75,16.72,0.0,0.00,0.0,0.0,,0.0
129,1,6.00,10,9.81,17.09,15.41,0.0,0.00,0.0,-0.0,,0.0
129,2,6.00,10,9.20,15.62,14.22,0.0,0.00,0.0,-0.0,,0.0
129,3,6.00,10,8.42,14.26,13.11,0.0,0.00,0.0,-0.0,,0.0
129,4,6.00,10,7.56,12.99,12.03,0.0,0.00,0.0,-0.0,,0.0
129,5,6.00,10,6.83,11.82,11.02,0.0,0.00,0.0,-0.0,,0.0
129,6,6.00,10,6.41,10.79,10.13,0.0,0.00,0.0,-0.0,,0.0
129,7,6.00,10,5.62,9.80,9.25,0.0,6.73,0.0,-0.0,,0.0
129,8,6.00,10,6.79,12.22,20.19,5272.64,842.63,0.0,0.0,,5272.64
129,9,6.00,10,9.50,14.52,20.19,717.79,650.42,0.0,0.0,,717.79
129,10,6.00,10,12.47,17.57,21.38,0.0,1077.05,0.0,0.0,,0.0
129,11,6.00,10,15.93,21.07,23.90,0.0,1310.96,0.0,0.0,,0.0
129,12,6.00,10,18.57,24.63,25.19,-1021.22,1550.91,0.0,0.0,,-1021.22
129,13,6.00,10,21.18,28.01,25.19,-2250.24,1607.06,0.0,0.0,,-2250.24
129,14,6.00,10,23.28,30.88,25.19,-2701.83,1506.77,0.0,-21.95,,-2723.7799999999997
129,15,6.00,10,24.65,33.23,25.19,-2924.64,1361.72,0.0,0.0,,-2924.64
129,16,6.00,10,24.28,34.62,25.19,-2726.06,1139.32,0.0,0.0,,-2726.06
129,17,6.00,10,23.51,35.30,25.19,-2446.52,983.16,0.0,0.0,,-2446.52
129,18,6.00,10,22.03,35.10,25.19,-1926.95,744.08,0.0,0.0,,-1926.95
129,19,6.00,10,19.88,33.08,25.56,0.0,408.75,0.0,0.0,,0.0
129,20,6.00,10,17.26,30.16,24.11,0.0,14.65,0.0,0.0,,0.0
129,21,6.00,10,15.54,27.44,22.47,0.0,0.00,0.0,0.0,,0.0
129,22,6.00,10,14.41,25.03,20.93,0.0,0.00,0.0,0.0,,0.0
129,23,6.00,10,13.68,22.94,19.55,0.0,0.00,0.0,0.0,,0.0
129,24,6.00,10,13.11,21.12,18.31,0.0,0.00,0.0,0.0,,0.0
129,1,7.00,10,12.44,19.51,17.18,0.0,0.00,0.0,-0.0,,0.0
129,2,7.00,10,11.90,18.08,16.15,0.0,0.00,0.0,-0.0,,0.0
129,3,7.00,10,11.55,16.85,15.25,0.0,0.00,0.0,-0.0,,0.0
129,4,7.00,10,11.15,15.77,14.44,0.0,0.00,0.0,-0.0,,0.0
129,5,7.00,10,11.02,14.86,13.76,0.0,0.00,0.0,-0.0,,0.0
129,6,7.00,10,10.90,14.08,13.17,0.0,0.00,0.0,-0.0,,0.0
129,7,7.00,10,9.94,13.26,12.50,0.0,6.73,0.0,-0.0,,0.0
129,8,7.00,10,9.66,15.47,20.19,3329.03,842.63,0.0,0.0,,3329.03
129,9,7.00,10,10.17,17.06,20.19,322.93,650.42,0.0,0.0,,322.93
129,10,7.00,10,11.45,19.21,21.30,0.0,1077.05,0.0,0.0,,0.0
129,11,7.00,10,12.69,21.50,23.05,0.0,1310.96,0.0,0.0,,0.0
129,12,7.00,10,13.17,23.65,24.85,0.0,1550.91,0.0,0.0,,0.0
129,13,7.00,10,13.45,25.41,25.19,-725.37,1607.06,0.0,0.0,,-725.37
129,14,7.00,10,13.80,26.68,25.19,-978.65,1506.77,0.0,0.0,,-978.65
129,15,7.00,10,13.56,27.45,25.19,-918.17,1361.72,0.0,0.0,,-918.17
129,16,7.00,10,13.62,27.81,25.19,-781.88,1139.32,0.0,0.0,,-781.88
129,17,7.00,10,13.24,27.80,25.19,-565.75,983.16,0.0,0.0,,-565.75
129,18,7.00,10,12.39,27.21,25.19,-154.57,744.08,0.0,0.0,,-154.57
129,19,7.00,10,11.59,25.26,23.65,0.0,408.75,0.0,0.0,,0.0
129,20,7.00,10,10.68,22.66,21.35,0.0,14.65,0.0,0.0,,0.0
129,21,7.00,10,10.25,20.41,19.33,0.0,0.00,0.0,0.0,,0.0
129,22,7.00,10,9.87,18.49,17.60,0.0,0.00,0.0,0.0,,0.0
129,23,7.00,10,9.47,16.84,16.10,0.0,0.00,0.0,0.0,,0.0
129,24,7.00,10,9.23,15.44,14.82,0.0,0.00,0.0,0.0,,0.0
129,1,1.00,10,8.35,14.10,13.59,0.0,0.00,0.0,-0.0,,0.0
129,2,1.00,10,8.07,12.97,12.55,0.0,0.00,0.0,-0.0,,0.0
129,3,1.00,10,8.03,12.04,11.69,0.0,0.00,0.0,-0.0,,0.0
129,4,1.00,10,7.83,11.23,10.94,0.0,0.00,0.0,-0.0,,0.0
129,5,1.00,10,7.28,10.45,10.21,0.0,0.00,0.0,-0.0,,0.0
129,6,1.00,10,7.55,9.88,9.68,0.0,0.00,0.0,-0.0,,0.0
129,7,1.00,10,7.54,9.41,9.25,0.0,6.73,0.0,-0.0,,0.0
129,8,1.00,10,8.39,12.29,20.19,5043.28,842.63,0.0,0.0,,5043.28
129,9,1.00,10,9.68,14.53,20.19,698.23,650.42,0.0,0.0,,698.23
129,10,1.00,10,11.37,17.25,21.07,0.0,1077.05,0.0,0.0,,0.0
129,11,1.00,10,14.34,20.43,23.27,0.0,1310.96,0.0,0.0,,0.0
129,12,1.00,10,16.59,23.67,25.19,-425.71,1550.91,0.0,-5.53,,-431.23999999999995
129,13,1.00,10,18.08,26.52,25.19,-1664.63,1607.06,0.0,-251.81,,-1916.44
129,14,1.00,10,19.13,28.75,25.19,-1945.9,1506.77,0.0,-238.77,,-2184.67
129,15,1.00,10,19.76,30.45,25.19,-2040.81,1361.72,0.0,0.0,,-2040.81
129,16,1.00,10,20.29,31.63,25.19,-1992.3,1139.32,0.0,0.0,,-1992.3
129,17,1.00,10,19.83,32.20,25.19,-1767.05,983.16,0.0,0.0,,-1767.05
129,18,1.00,10,18.45,31.92,25.19,-1267.02,744.08,0.0,0.0,,-1267.02
129,19,1.00,10,16.76,29.95,24.84,0.0,408.75,0.0,0.0,,0.0
129,20,1.00,10,14.06,27.03,22.92,0.0,14.65,0.0,0.0,,0.0
129,21,1.00,10,12.58,24.36,20.99,0.0,0.00,0.0,0.0,,0.0
129,22,1.00,10,11.43,21.98,19.19,0.0,0.00,0.0,0.0,,0.0
129,23,1.00,10,10.19,19.80,17.49,0.0,0.00,0.0,0.0,,0.0
129,24,1.00,10,9.07,17.81,15.90,0.0,0.00,0.0,0.0,,0.0
129,1,2.00,10,8.21,16.04,14.45,0.0,0.00,0.0,-0.0,,0.0
129,2,2.00,10,7.50,14.45,13.14,0.0,0.00,0.0,-0.0,,0.0
129,3,2.00,10,6.91,13.05,11.96,0.0,0.00,0.0,-0.0,,0.0
129,4,2.00,10,6.20,11.76,10.86,0.0,0.00,0.0,-0.0,,0.0
129,5,2.00,10,5.26,10.53,9.78,0.0,0.00,0.0,-0.0,,0.0
129,6,2.00,10,4.84,9.46,8.84,0.0,0.00,0.0,-0.0,,0.0
129,7,2.00,10,4.24,8.47,7.96,0.0,6.73,0.0,-0.0,,0.0
129,8,2.00,10,5.59,10.93,20.19,6066.73,842.63,0.0,0.0,,6066.73
129,9,2.00,10,8.48,13.30,20.19,1008.99,650.42,0.0,0.0,,1008.99
129,10,2.00,10,12.03,16.56,21.16,0.0,1077.05,0.0,0.0,,0.0
129,11,2.00,10,15.37,20.16,23.57,0.0,1310.96,0.0,0.0,,0.0
129,12,2.00,10,17.93,23.78,25.19,-766.41,1550.91,0.0,0.0,,-766.41
129,13,2.00,10,20.13,27.09,25.19,-2039.39,1607.06,0.0,0.0,,-2039.39
129,14,2.00,10,21.89,29.84,25.19,-2442.56,1506.77,0.0,0.0,,-2442.56
129,15,2.00,10,23.11,32.07,25.19,-2643.8,1361.72,0.0,0.0,,-2643.8
129,16,2.00,10,24.08,33.75,25.19,-2676.98,1139.32,0.0,0.0,,-2676.98
129,17,2.00,10,23.22,34.56,25.19,-2387.62,983.16,0.0,0.0,,-2387.62
129,18,2.00,10,21.75,34.47,25.19,-1873.6,744.08,0.0,0.0,,-1873.6
129,19,2.00,10,18.98,32.37,25.37,0.0,408.75,0.0,0.0,,0.0
129,20,2.00,10,16.01,29.34,23.71,0.0,14.65,0.0,0.0,,0.0
129,21,2.00,10,13.92,26.46,21.85,0.0,0.00,0.0,0.0,,0.0
129,22,2.00,10,12.52,23.89,20.08,0.0,0.00,0.0,0.0,,0.0
129,23,2.00,10,11.11,21.52,18.37,0.0,0.00,0.0,0.0,,0.0
129,24,2.00,10,10.03,19.40,16.79,0.0,0.00,0.0,0.0,,0.0
129,1,3.00,10,9.12,17.50,15.34,0.0,0.00,0.0,0.0,,0.0
129,2,3.00,10,8.13,15.76,13.97,0.0,0.00,0.0,-0.0,,0.0
129,3,3.00,10,7.58,14.25,12.76,0.0,0.00,0.0,-0.0,,0.0
129,4,3.00,10,7.04,12.91,11.68,0.0,0.00,0.0,-0.0,,0.0
129,5,3.00,10,6.44,11.69,10.67,0.0,0.00,0.0,-0.0,,0.0
129,6,3.00,10,6.93,10.81,9.97,0.0,0.00,0.0,-0.0,,0.0
129,7,3.00,10,7.30,10.16,9.46,0.0,6.73,0.0,-0.0,,0.0
129,8,3.00,10,8.37,13.28,12.70,0.0,842.63,0.0,-0.0,,0.0
129,9,3.00,10,10.52,15.90,15.42,0.0,650.42,0.0,-0.0,,0.0
129,10,3.00,10,12.48,19.01,18.61,0.0,1077.05,0.0,0.0,,0.0
129,11,3.00,10,14.70,22.32,21.99,0.0,1310.96,0.0,0.0,,0.0
129,12,3.00,10,16.74,25.73,25.46,0.0,1550.91,0.0,0.0,,0.0
129,13,3.00,10,18.64,28.91,28.68,0.0,1607.06,0.0,0.0,,0.0
129,14,3.00,10,19.81,31.51,31.32,0.0,1506.77,0.0,0.0,,0.0
129,15,3.00,10,20.65,33.62,33.46,0.0,1361.72,0.0,0.0,,0.0
129,16,3.00,10,21.19,35.17,35.04,0.0,1139.32,0.0,0.0,,0.0
129,17,3.00,10,21.65,36.30,36.20,0.0,983.16,0.0,0.0,,0.0
129,18,3.00,10,20.13,36.52,36.43,0.0,744.08,0.0,0.0,,0.0
129,19,3.00,10,18.20,33.70,33.63,0.0,408.75,0.0,0.0,,0.0
129,20,3.00,10,15.95,30.40,30.34,0.0,14.65,0.0,0.0,,0.0
129,21,3.00,10,14.74,27.51,27.46,0.0,0.00,0.0,0.0,,0.0
129,22,3.00,10,13.79,24.99,24.95,0.0,0.00,0.0,0.0,,0.0
129,23,3.00,10,13.19,22.83,22.80,0.0,0.00,0.0,0.0,,0.0
129,24,3.00,10,12.44,20.92,20.89,0.0,0.00,0.0,0.0,,0.0
129,1,4.00,10,11.85,19.24,19.22,0.0,0.00,0.0,0.0,,0.0
129,2,4.00,10,11.24,17.75,17.73,0.0,0.00,0.0,0.0,,0.0
129,3,4.00,10,10.80,16.44,16.43,0.0,0.00,0.0,-0.0,,0.0
129,4,4.00,10,10.14,15.25,15.23,0.0,0.00,0.0,-0.0,,0.0
129,5,4.00,10,9.41,14.13,14.11,0.0,0.00,0.0,-0.0,,0.0
129,6,4.00,10,9.25,13.19,13.18,0.0,0.00,0.0,-0.0,,0.0
129,7,4.00,10,9.14,12.42,12.41,0.0,6.73,0.0,-0.0,,0.0
129,8,4.00,10,9.58,15.32,15.31,0.0,842.63,0.0,-0.0,,0.0
129,9,4.00,10,10.67,17.56,17.56,0.0,650.42,0.0,-0.0,,0.0
129,10,4.00,10,12.48,20.37,20.37,0.0,1077.05,0.0,0.0,,0.0
129,11,4.00,10,13.88,23.27,23.27,0.0,1310.96,0.0,0.0,,0.0
129,12,4.00,10,15.85,26.36,26.35,0.0,1550.91,0.0,0.0,,0.0
129,13,4.00,10,17.50,29.22,29.22,0.0,1607.06,0.0,0.0,,0.0
129,14,4.00,10,18.54,31.54,31.54,0.0,1506.77,0.0,0.0,,0.0
129,15,4.00,10,18.95,33.34,33.34,0.0,1361.72,0.0,0.0,,0.0
129,16,4.00,10,18.84,34.51,34.51,0.0,1139.32,0.0,0.0,,0.0
129,17,4.00,10,18.29,35.14,35.14,0.0,983.16,0.0,0.0,,0.0
129,18,4.00,10,16.95,35.01,35.01,0.0,744.08,0.0,0.0,,0.0
129,19,4.00,10,15.66,32.05,32.05,0.0,408.75,0.0,0.0,,0.0
129,20,4.00,10,14.02,28.73,28.73,0.0,14.65,0.0,0.0,,0.0
129,21,4.00,10,12.88,25.82,25.82,0.0,0.00,0.0,0.0,,0.0
129,22,4.00,10,12.42,23.39,23.39,0.0,0.00,0.0,0.0,,0.0
129,23,4.00,10,12.00,21.32,21.31,0.0,0.00,0.0,0.0,,0.0
129,24,4.00,10,11.60,19.54,19.54,0.0,0.00,0.0,0.0,,0.0
129,1,5.00,10,11.22,18.00,18.00,0.0,0.00,0.0,0.0,,0.0
129,2,5.00,10,10.73,16.65,16.65,0.0,0.00,0.0,0.0,,0.0
129,3,5.00,10,10.53,15.50,15.50,0.0,0.00,0.0,-0.0,,0.0
129,4,5.00,10,10.47,14.55,14.55,0.0,0.00,0.0,-0.0,,0.0
129,5,5.00,10,10.47,13.76,13.76,0.0,0.00,0.0,-0.0,,0.0
129,6,5.00,10,10.27,13.07,13.07,0.0,0.00,0.0,-0.0,,0.0
129,7,5.00,10,9.96,12.45,12.45,0.0,6.73,0.0,-0.0,,0.0
129,8,5.00,10,9.91,14.93,20.19,3308.93,842.63,0.0,0.0,,3308.93
129,9,5.00,10,10.87,16.82,20.19,204.29,650.42,0.0,0.0,,204.29
129,10,5.00,10,12.35,19.23,21.55,0.0,1077.05,0.0,0.0,,0.0
129,11,5.00,10,14.58,21.98,23.73,0.0,1310.96,0.0,0.0,,0.0
129,12,5.00,10,16.05,24.72,25.19,-551.03,1550.91,0.0,0.0,,-551.03
129,13,5.00,10,17.20,27.12,25.19,-1554.08,1607.06,0.0,0.0,,-1554.08
129,14,5.00,10,17.78,28.90,25.19,-1726.92,1506.77,0.0,0.0,,-1726.92
129,15,5.00,10,18.22,30.22,25.19,-1774.2,1361.72,0.0,0.0,,-1774.2
129,16,5.00,10,18.03,30.93,25.19,-1593.18,1139.32,0.0,0.0,,-1593.18
129,17,5.00,10,17.43,31.12,25.19,-1336.33,983.16,0.0,0.0,,-1336.33
129,18,5.00,10,16.47,30.68,25.19,-905.52,744.08,0.0,0.0,,-905.52
129,19,5.00,10,14.90,28.63,24.42,0.0,408.75,0.0,0.0,,0.0
129,20,5.00,10,12.89,25.78,22.37,0.0,14.65,0.0,0.0,,0.0
129,21,5.00,10,11.78,23.21,20.41,0.0,0.00,0.0,0.0,,0.0
129,22,5.00,10,10.59,20.89,18.58,0.0,0.00,0.0,0.0,,0.0
129,23,5.00,10,9.88,18.87,16.96,0.0,0.00,0.0,0.0,,0.0
129,24,5.00,10,9.02,17.05,15.47,0.0,0.00,0.0,0.0,,0.0
129,1,6.00,10,8.00,15.37,14.05,0.0,0.00,0.0,0.0,,0.0
129,2,6.00,10,7.16,13.84,12.75,0.0,0.00,0.0,0.0,,0.0
129,3,6.00,10,6.94,12.56,11.66,0.0,0.00,0.0,-0.0,,0.0
129,4,6.00,10,6.47,11.42,10.67,0.0,0.00,0.0,-0.0,,0.0
129,5,6.00,10,5.87,10.36,9.74,0.0,0.00,0.0,-0.0,,0.0
129,6,6.00,10,5.37,9.41,8.89,0.0,0.00,0.0,-0.0,,0.0
129,7,6.00,10,4.95,8.56,8.13,0.0,6.73,0.0,-0.0,,0.0
129,8,6.00,10,6.28,11.16,20.19,5879.6,842.63,0.0,0.0,,5879.6
129,9,6.00,10,8.89,13.56,20.19,925.29,650.42,0.0,0.0,,925.29
129,10,6.00,10,11.88,16.69,21.14,0.0,1077.05,0.0,0.0,,0.0
129,11,6.00,10,14.33,19.98,23.28,0.0,1310.96,0.0,0.0,,0.0
129,12,6.00,10,16.96,23.42,25.19,-487.5,1550.91,0.0,0.0,,-487.5
129,13,6.00,10,19.21,26.61,25.19,-1859.69,1607.06,0.0,0.0,,-1859.69
129,14,6.00,10,21.35,29.37,25.19,-2334.44,1506.77,0.0,0.0,,-2334.44
129,15,6.00,10,22.75,31.64,25.19,-2570.95,1361.72,0.0,0.0,,-2570.95
129,16,6.00,10,23.71,33.34,25.19,-2606.76,1139.32,0.0,0.0,,-2606.76
129,17,6.00,10,23.06,34.22,25.19,-2354.64,983.16,0.0,0.0,,-2354.64
129,18,6.00,10,21.49,34.14,25.19,-1825.65,744.08,0.0,0.0,,-1825.65
129,19,6.00,10,19.21,32.16,25.41,0.0,408.75,0.0,0.0,,0.0
129,20,6.00,10,16.28,29.21,23.80,0.0,14.65,0.0,0.0,,0.0
129,21,6.00,10,14.35,26.44,22.00,0.0,0.00,0.0,0.0,,0.0
129,22,6.00,10,13.02,23.96,20.29,0.0,0.00,0.0,0.0,,0.0
129,23,6.00,10,12.12,21.78,18.74,0.0,0.00,0.0,0.0,,0.0
129,24,6.00,10,11.03,19.79,17.28,0.0,0.00,0.0,0.0,,0.0
129,1,7.00,10,9.87,17.94,15.86,0.0,0.00,0.0,0.0,,0.0
129,2,7.00,10,8.86,16.25,14.52,0.0,0.00,0.0,0.0,,0.0
129,3,7.00,10,8.14,14.74,13.31,0.0,0.00,0.0,0.0,,0.0
129,4,7.00,10,7.36,13.35,12.17,0.0,0.00,0.0,-0.0,,0.0
129,5,7.00,10,6.36,12.03,11.05,0.0,0.00,0.0,-0.0,,0.0
129,6,7.00,10,5.76,10.84,10.03,0.0,0.00,0.0,-0.0,,0.0
129,7,7.00,10,5.08,9.76,9.08,0.0,6.73,0.0,-0.0,,0.0
129,8,7.00,10,6.67,12.18,20.19,5361.44,842.63,0.0,0.0,,5361.44
129,9,7.00,10,9.50,14.49,20.19,728.32,650.42,0.0,0.0,,728.32
129,10,7.00,10,12.90,17.67,21.49,0.0,1077.05,0.0,0.0,,0.0
129,11,7.00,10,16.17,21.20,24.03,0.0,1310.96,0.0,0.0,,0.0
129,12,7.00,10,18.70,24.75,25.19,-1096.2,1550.91,0.0,0.0,,-1096.2
129,13,7.00,10,20.88,28.01,25.19,-2208.75,1607.06,0.0,0.0,,-2208.75
129,14,7.00,10,22.54,30.69,25.19,-2576.16,1506.77,0.0,0.0,,-2576.16
129,15,7.00,10,24.02,32.95,25.19,-2814.31,1361.72,0.0,0.0,,-2814.31
129,16,7.00,10,25.15,34.68,25.19,-2873.63,1139.32,0.0,0.0,,-2873.63
129,17,7.00,10,24.44,35.57,25.19,-2609.45,983.16,0.0,0.0,,-2609.45
129,18,7.00,10,23.20,35.58,25.19,-2135.3,744.08,0.0,0.0,,-2135.3
129,19,7.00,10,20.84,33.62,25.78,0.0,408.75,0.0,0.0,,0.0
129,20,7.00,10,18.07,30.73,24.44,0.0,14.65,0.0,0.0,,0.0
129,21,7.00,10,16.65,28.11,22.95,0.0,0.00,0.0,0.0,,0.0
129,22,7.00,10,15.32,25.74,21.47,0.0,0.00,0.0,0.0,,0.0
129,23,7.00,10,14.35,23.63,20.10,0.0,0.00,0.0,0.0,,0.0
129,24,7.00,10,13.32,21.71,18.79,0.0,0.00,0.0,0.0,,0.0
129,1,1.00,11,12.54,20.00,17.58,0.0,0.00,0.0,0.0,,0.0
129,2,1.00,11,11.68,18.44,16.43,0.0,0.00,0.0,0.0,,0.0
129,3,1.00,11,11.12,17.06,15.40,0.0,0.00,0.0,-0.0,,0.0
129,4,1.00,11,10.63,15.85,14.47,0.0,0.00,0.0,-0.0,,0.0
129,5,1.00,11,9.91,14.71,13.57,0.0,0.00,0.0,-0.0,,0.0
129,6,1.00,11,9.53,13.72,12.77,0.0,0.00,0.0,-0.0,,0.0
129,7,1.00,11,8.66,12.93,12.14,0.0,76.10,0.0,-0.0,,0.0
129,8,1.00,11,8.96,16.63,20.89,3048.72,2039.82,0.0,0.0,,3048.72
129,9,1.00,11,10.22,19.29,21.63,0.0,1644.41,0.0,0.0,,0.0
129,10,1.00,11,11.73,21.06,22.66,0.0,1119.69,0.0,0.0,,0.0
129,11,1.00,11,13.63,23.21,24.40,0.0,1349.83,0.0,0.0,,0.0
129,12,1.00,11,15.22,25.46,25.89,-312.42,1546.02,0.0,0.0,,-312.42
129,13,1.00,11,16.49,27.50,25.89,-1286.63,1591.79,0.0,0.0,,-1286.63
129,14,1.00,11,17.14,29.06,25.89,-1477.14,1526.49,0.0,0.0,,-1477.14
129,15,1.00,11,17.55,30.44,25.89,-1672.52,1570.85,0.0,0.0,,-1672.52
129,16,1.00,11,17.63,31.05,25.89,-1432.53,1193.82,0.0,0.0,,-1432.53
129,17,1.00,11,17.39,31.33,25.89,-1273.39,1091.79,0.0,0.0,,-1273.39
129,18,1.00,11,15.93,30.82,25.89,-772.14,849.04,0.0,0.0,,-772.14
129,19,1.00,11,14.96,30.12,26.32,0.0,1391.34,0.0,0.0,,0.0
129,20,1.00,11,13.04,28.81,25.74,0.0,1238.82,0.0,0.0,,0.0
129,21,1.00,11,11.87,25.72,23.19,0.0,0.00,0.0,0.0,,0.0
129,22,1.00,11,11.39,23.12,21.04,0.0,0.00,0.0,0.0,,0.0
129,23,1.00,11,10.84,20.89,19.16,0.0,0.00,0.0,0.0,,0.0
129,24,1.00,11,10.27,18.95,17.52,0.0,0.00,0.0,0.0,,0.0
129,1,2.00,11,9.66,17.24,16.06,0.0,0.00,0.0,0.0,,0.0
129,2,2.00,11,9.36,15.79,14.81,0.0,0.00,0.0,-0.0,,0.0
129,3,2.00,11,9.25,14.58,13.76,0.0,0.00,0.0,-0.0,,0.0
129,4,2.00,11,9.17,13.56,12.89,0.0,0.00,0.0,-0.0,,0.0
129,5,2.00,11,9.19,12.73,12.17,0.0,0.00,0.0,-0.0,,0.0
129,6,2.00,11,8.97,12.00,11.53,0.0,0.00,0.0,-0.0,,0.0
129,7,2.00,11,8.83,11.57,11.18,0.0,76.10,0.0,-0.0,,0.0
129,8,2.00,11,9.49,15.75,20.89,3415.15,2039.82,0.0,0.0,,3415.15
129,9,2.00,11,10.74,18.71,21.63,0.0,1644.41,0.0,0.0,,0.0
129,10,2.00,11,12.52,20.79,22.82,0.0,1119.69,0.0,0.0,,0.0
129,11,2.00,11,14.80,23.28,24.80,0.0,1349.83,0.0,0.0,,0.0
129,12,2.00,11,17.00,25.93,25.89,-769.37,1546.02,0.0,0.0,,-769.37
129,13,2.00,11,18.84,28.42,25.89,-1723.11,1591.79,0.0,0.0,,-1723.11
129,14,2.00,11,20.16,30.47,25.89,-2024.19,1526.49,0.0,0.0,,-2024.19
129,15,2.00,11,20.93,32.30,25.89,-2284.93,1570.85,0.0,0.0,,-2284.93
129,16,2.00,11,21.42,33.35,25.89,-2118.14,1193.82,0.0,0.0,,-2118.14
129,17,2.00,11,20.64,33.80,25.89,-1870.73,1091.79,0.0,0.0,,-1870.73
129,18,2.00,11,19.51,33.53,25.89,-1425.5,849.04,0.0,0.0,,-1425.5
129,19,2.00,11,17.50,32.74,26.92,0.0,1391.34,0.0,0.0,,0.0
129,20,2.00,11,15.24,31.32,26.63,0.0,1238.82,0.0,0.0,,0.0
129,21,2.00,11,13.44,28.03,24.18,0.0,0.00,0.0,0.0,,0.0
129,22,2.00,11,11.75,25.04,21.86,0.0,0.00,0.0,0.0,,0.0
129,23,2.00,11,10.67,22.41,19.78,0.0,0.00,0.0,0.0,,0.0
129,24,2.00,11,9.51,20.05,17.87,0.0,0.00,0.0,0.0,,0.0
129,1,3.00,11,8.58,17.95,16.14,0.0,0.00,0.0,0.0,,0.0
129,2,3.00,11,7.86,16.10,14.60,0.0,0.00,0.0,0.0,,0.0
129,3,3.00,11,7.16,14.45,13.21,0.0,0.00,0.0,-0.0,,0.0
129,4,3.00,11,6.59,13.00,11.97,0.0,0.00,0.0,-0.0,,0.0
129,5,3.00,11,5.90,11.67,10.82,0.0,0.00,0.0,-0.0,,0.0
129,6,3.00,11,5.47,10.51,9.80,0.0,0.00,0.0,-0.0,,0.0
129,7,3.00,11,4.86,9.64,9.06,0.0,76.10,0.0,-0.0,,0.0
129,8,3.00,11,5.97,14.11,13.62,0.0,2039.82,0.0,0.0,,0.0
129,9,3.00,11,8.24,17.56,17.16,0.0,1644.41,0.0,0.0,,0.0
129,10,3.00,11,11.01,20.20,19.87,0.0,1119.69,0.0,0.0,,0.0
129,11,3.00,11,13.61,23.16,22.89,0.0,1349.83,0.0,0.0,,0.0
129,12,3.00,11,15.97,26.27,26.04,0.0,1546.02,0.0,0.0,,0.0
129,13,3.00,11,17.94,29.18,28.99,0.0,1591.79,0.0,0.0,,0.0
129,14,3.00,11,19.71,31.73,31.57,0.0,1526.49,0.0,0.0,,0.0
129,15,3.00,11,20.79,34.10,33.97,0.0,1570.85,0.0,0.0,,0.0
129,16,3.00,11,21.70,35.70,35.59,0.0,1193.82,0.0,0.0,,0.0
129,17,3.00,11,21.07,36.71,36.62,0.0,1091.79,0.0,0.0,,0.0
129,18,3.00,11,19.70,36.90,36.83,0.0,849.04,0.0,0.0,,0.0
129,19,3.00,11,18.07,35.34,35.27,0.0,1391.34,0.0,0.0,,0.0
129,20,3.00,11,15.83,33.49,33.44,0.0,1238.82,0.0,0.0,,0.0
129,21,3.00,11,14.28,29.96,29.92,0.0,0.00,0.0,0.0,,0.0
129,22,3.00,11,13.03,26.87,26.84,0.0,0.00,0.0,0.0,,0.0
129,23,3.00,11,12.14,24.19,24.16,0.0,0.00,0.0,0.0,,0.0
129,24,3.00,11,11.27,21.84,21.81,0.0,0.00,0.0,0.0,,0.0
129,1,4.00,11,10.50,19.76,19.74,0.0,0.00,0.0,0.0,,0.0
129,2,4.00,11,9.86,17.95,17.93,0.0,0.00,0.0,0.0,,0.0
129,3,4.00,11,9.30,16.35,16.34,0.0,0.00,0.0,0.0,,0.0
129,4,4.00,11,8.88,14.97,14.95,0.0,0.00,0.0,-0.0,,0.0
129,5,4.00,11,8.41,13.74,13.73,0.0,0.00,0.0,-0.0,,0.0
129,6,4.00,11,7.88,12.63,12.62,0.0,0.00,0.0,-0.0,,0.0
129,7,4.00,11,7.35,11.82,11.82,0.0,76.10,0.0,-0.0,,0.0
129,8,4.00,11,8.10,16.26,16.25,0.0,2039.82,0.0,0.0,,0.0
129,9,4.00,11,10.03,19.63,19.63,0.0,1644.41,0.0,0.0,,0.0
129,10,4.00,11,12.07,22.06,22.06,0.0,1119.69,0.0,0.0,,0.0
129,11,4.00,11,13.96,24.73,24.72,0.0,1349.83,0.0,0.0,,0.0
129,12,4.00,11,15.63,27.46,27.46,0.0,1546.02,0.0,0.0,,0.0
129,13,4.00,11,17.12,30.00,30.00,0.0,1591.79,0.0,0.0,,0.0
129,14,4.00,11,18.30,32.14,32.14,0.0,1526.49,0.0,0.0,,0.0
129,15,4.00,11,19.09,34.14,34.13,0.0,1570.85,0.0,0.0,,0.0
129,16,4.00,11,19.68,35.36,35.36,0.0,1193.82,0.0,0.0,,0.0
129,17,4.00,11,19.08,36.10,36.10,0.0,1091.79,0.0,0.0,,0.0
129,18,4.00,11,18.44,36.21,36.21,0.0,849.04,0.0,0.0,,0.0
129,19,4.00,11,16.60,34.51,34.51,0.0,1391.34,0.0,0.0,,0.0
129,20,4.00,11,14.80,32.66,32.66,0.0,1238.82,0.0,0.0,,0.0
129,21,4.00,11,13.36,29.12,29.12,0.0,0.00,0.0,0.0,,0.0
129,22,4.00,11,11.77,25.95,25.95,0.0,0.00,0.0,0.0,,0.0
129,23,4.00,11,10.58,23.15,23.15,0.0,0.00,0.0,0.0,,0.0
129,24,4.00,11,9.71,20.71,20.71,0.0,0.00,0.0,0.0,,0.0
129,1,5.00,11,8.87,18.55,18.55,0.0,0.00,0.0,0.0,,0.0
129,2,5.00,11,7.96,16.61,16.61,0.0,0.00,0.0,0.0,,0.0
129,3,5.00,11,7.26,14.89,14.89,0.0,0.00,0.0,0.0,,0.0
129,4,5.00,11,6.60,13.36,13.36,0.0,0.00,0.0,-0.0,,0.0
129,5,5.00,11,6.00,11.99,11.99,0.0,0.00,0.0,-0.0,,0.0
129,6,5.00,11,5.57,10.79,10.79,0.0,0.00,0.0,-0.0,,0.0
129,7,5.00,11,4.96,9.89,9.89,0.0,76.10,0.0,-0.0,,0.0
129,8,5.00,11,6.58,13.82,20.89,4442.54,2039.82,0.0,0.0,,4442.54
129,9,5.00,11,8.85,16.86,20.95,0.0,1644.41,0.0,0.0,,0.0
129,10,5.00,11,11.60,19.22,22.09,0.0,1119.69,0.0,0.0,,0.0
129,11,5.00,11,14.04,21.91,24.07,0.0,1349.83,0.0,0.0,,0.0
129,12,5.00,11,16.29,24.72,25.89,-318.66,1546.02,0.0,0.0,,-318.66
129,13,5.00,11,18.36,27.38,25.89,-1575.63,1591.79,0.0,0.0,,-1575.63
129,14,5.00,11,19.86,29.60,25.89,-1942.12,1526.49,0.0,0.0,,-1942.12
129,15,5.00,11,21.11,31.70,25.89,-2300.97,1570.85,0.0,0.0,,-2300.97
129,16,5.00,11,22.19,33.08,25.89,-2244.46,1193.82,0.0,0.0,,-2244.46
129,17,5.00,11,21.88,33.89,25.89,-2086.45,1091.79,0.0,0.0,,-2086.45
129,18,5.00,11,20.71,33.86,25.89,-1639.84,849.04,0.0,0.0,,-1639.84
129,19,5.00,11,19.11,33.28,27.27,0.0,1391.34,0.0,0.0,,0.0
129,20,5.00,11,17.20,32.11,27.29,0.0,1238.82,0.0,0.0,,0.0
129,21,5.00,11,15.76,29.10,25.15,0.0,0.00,0.0,0.0,,0.0
129,22,5.00,11,14.74,26.46,23.20,0.0,0.00,0.0,0.0,,0.0
129,23,5.00,11,13.81,24.14,21.44,0.0,0.00,0.0,0.0,,0.0
129,24,5.00,11,12.56,22.00,19.76,0.0,0.00,0.0,0.0,,0.0
129,1,6.00,11,11.64,20.08,18.22,0.0,0.00,0.0,0.0,,0.0
129,2,6.00,11,10.96,18.39,16.85,0.0,0.00,0.0,0.0,,0.0
129,3,6.00,11,10.34,16.89,15.62,0.0,0.00,0.0,0.0,,0.0
129,4,6.00,11,9.74,15.55,14.49,0.0,0.00,0.0,-0.0,,0.0
129,5,6.00,11,9.26,14.36,13.49,0.0,0.00,0.0,-0.0,,0.0
129,6,6.00,11,8.89,13.32,12.60,0.0,0.00,0.0,-0.0,,0.0
129,7,6.00,11,8.14,12.52,11.92,0.0,76.10,0.0,-0.0,,0.0
129,8,6.00,11,8.57,16.24,20.89,3208.43,2039.82,0.0,0.0,,3208.43
129,9,6.00,11,9.86,18.90,21.50,0.0,1644.41,0.0,0.0,,0.0
129,10,6.00,11,11.24,20.65,22.44,0.0,1119.69,0.0,0.0,,0.0
129,11,6.00,11,13.04,22.75,24.10,0.0,1349.83,0.0,0.0,,0.0
129,12,6.00,11,14.40,24.91,25.89,-38.77,1546.02,0.0,0.0,,-38.77
129,13,6.00,11,15.55,26.86,25.89,-1097.36,1591.79,0.0,0.0,,-1097.36
129,14,6.00,11,16.11,28.32,25.89,-1281.63,1526.49,0.0,0.0,,-1281.63
129,15,6.00,11,16.56,29.66,25.89,-1487.82,1570.85,0.0,0.0,,-1487.82
129,16,6.00,11,16.73,30.25,25.89,-1265.07,1193.82,0.0,0.0,,-1265.07
129,17,6.00,11,16.41,30.49,25.89,-1094.75,1091.79,0.0,0.0,,-1094.75
129,18,6.00,11,15.71,30.16,25.89,-724.87,849.04,0.0,0.0,,-724.87
129,19,6.00,11,14.43,29.48,26.20,0.0,1391.34,0.0,0.0,,0.0
129,20,6.00,11,12.47,28.17,25.53,0.0,1238.82,0.0,0.0,,0.0
129,21,6.00,11,11.19,25.07,22.90,0.0,0.00,0.0,0.0,,0.0
129,22,6.00,11,10.04,22.33,20.54,0.0,0.00,0.0,0.0,,0.0
129,23,6.00,11,9.20,19.94,18.46,0.0,0.00,0.0,0.0,,0.0
129,24,6.00,11,8.52,17.86,16.63,0.0,0.00,0.0,0.0,,0.0
129,1,7.00,11,7.73,16.00,14.99,0.0,0.00,0.0,0.0,,0.0
129,2,7.00,11,7.10,14.37,13.52,0.0,0.00,0.0,0.0,,0.0
129,3,7.00,11,6.50,12.91,12.21,0.0,0.00,0.0,-0.0,,0.0
129,4,7.00,11,6.06,11.64,11.06,0.0,0.00,0.0,-0.0,,0.0
129,5,7.00,11,5.68,10.52,10.04,0.0,0.00,0.0,-0.0,,0.0
129,6,7.00,11,5.14,9.50,9.10,0.0,0.00,0.0,-0.0,,0.0
129,7,7.00,11,4.33,8.71,8.38,0.0,76.10,0.0,-0.0,,0.0
129,8,7.00,11,4.97,12.50,20.89,5431.99,2039.82,0.0,0.0,,5431.99
129,9,7.00,11,7.34,15.50,20.89,365.22,1644.41,0.0,0.0,,365.22
129,10,7.00,11,9.41,17.64,21.33,0.0,1119.69,0.0,0.0,,0.0
129,11,7.00,11,11.65,20.14,22.90,0.0,1349.83,0.0,0.0,,0.0
129,12,7.00,11,13.29,22.65,24.78,0.0,1546.02,0.0,0.0,,0.0
129,13,7.00,11,14.69,24.92,25.89,-440.37,1591.79,0.0,0.0,,-440.37
129,14,7.00,11,15.68,26.75,25.89,-1106.82,1526.49,0.0,0.0,,-1106.82
129,15,7.00,11,16.47,28.43,25.89,-1425.35,1570.85,0.0,0.0,,-1425.35
129,16,7.00,11,17.31,29.46,25.89,-1343.63,1193.82,0.0,0.0,,-1343.63
129,17,7.00,11,17.09,30.03,25.89,-1205.15,1091.79,0.0,0.0,,-1205.15
129,18,7.00,11,16.44,29.96,25.89,-850.89,849.04,0.0,0.0,,-850.89
129,19,7.00,11,14.89,29.35,26.31,0.0,1391.34,0.0,0.0,,0.0
129,20,7.00,11,12.82,28.12,25.68,0.0,1238.82,0.0,0.0,,0.0
129,21,7.00,11,11.42,25.06,23.06,0.0,0.00,0.0,0.0,,0.0
129,22,7.00,11,9.98,22.29,20.65,0.0,0.00,0.0,0.0,,0.0
129,23,7.00,11,8.86,19.84,18.47,0.0,0.00,0.0,0.0,,0.0
129,24,7.00,11,7.95,17.67,16.54,0.0,0.00,0.0,0.0,,0.0
129,1,1.00,11,7.12,15.74,14.80,0.0,0.00,0.0,0.0,,0.0
129,2,1.00,11,6.63,14.07,13.29,0.0,0.00,0.0,0.0,,0.0
129,3,1.00,11,6.26,12.64,11.99,0.0,0.00,0.0,0.0,,0.0
129,4,1.00,11,5.71,11.35,10.82,0.0,0.00,0.0,-0.0,,0.0
129,5,1.00,11,5.70,10.30,9.86,0.0,0.00,0.0,-0.0,,0.0
129,6,1.00,11,5.24,9.34,8.98,0.0,0.00,0.0,-0.0,,0.0
129,7,1.00,11,4.80,8.68,8.37,0.0,76.10,0.0,-0.0,,0.0
129,8,1.00,11,6.19,12.79,20.89,5234.51,2039.82,0.0,0.0,,5234.51
129,9,1.00,11,9.56,16.28,20.92,0.0,1644.41,0.0,0.0,,0.0
129,10,1.00,11,12.50,18.98,22.22,0.0,1119.69,0.0,0.0,,0.0
129,11,1.00,11,15.74,22.14,24.57,0.0,1349.83,0.0,0.0,,0.0
129,12,1.00,11,18.31,25.36,25.89,-856.3,1546.02,0.0,0.0,,-856.3
129,13,1.00,11,20.21,28.27,25.89,-1931.17,1591.79,0.0,0.0,,-1931.17
129,14,1.00,11,21.10,30.53,25.89,-2182.91,1526.49,0.0,0.0,,-2182.91
129,15,1.00,11,20.47,32.16,25.89,-2209.73,1570.85,0.0,0.0,,-2209.73
129,16,1.00,11,19.99,32.85,25.89,-1871.58,1193.82,0.0,0.0,,-1871.58
129,17,1.00,11,19.17,33.08,25.89,-1610.74,1091.79,0.0,0.0,,-1610.74
129,18,1.00,11,18.38,32.74,25.89,-1219.03,849.04,0.0,0.0,,-1219.03
129,19,1.00,11,17.03,32.04,26.80,0.0,1391.34,0.0,0.0,,0.0
129,20,1.00,11,14.64,30.65,26.42,0.0,1238.82,0.0,0.0,,0.0
129,21,1.00,11,12.99,27.41,23.93,0.0,0.00,0.0,0.0,,0.0
129,22,1.00,11,11.48,24.49,21.62,0.0,0.00,0.0,0.0,,0.0
129,23,1.00,11,10.93,22.03,19.65,0.0,0.00,0.0,0.0,,0.0
129,24,1.00,11,10.02,19.83,17.87,0.0,0.00,0.0,0.0,,0.0
129,1,2.00,11,9.03,17.85,16.22,0.0,0.00,0.0,0.0,,0.0
129,2,2.00,11,8.08,16.05,14.69,0.0,0.00,0.0,0.0,,0.0
129,3,2.00,11,6.98,14.36,13.24,0.0,0.00,0.0,0.0,,0.0
129,4,2.00,11,6.03,12.81,11.88,0.0,0.00,0.0,-0.0,,0.0
129,5,2.00,11,5.16,11.38,10.61,0.0,0.00,0.0,-0.0,,0.0
129,6,2.00,11,6.38,10.49,9.85,0.0,0.00,0.0,-0.0,,0.0
129,7,2.00,11,7.11,10.08,9.55,0.0,76.10,0.0,-0.0,,0.0
129,8,2.00,11,8.34,14.37,20.89,4348.12,2039.82,0.0,0.0,,4348.12
129,9,2.00,11,11.12,17.82,21.51,0.0,1644.41,0.0,0.0,,0.0
129,10,2.00,11,14.83,20.73,23.29,0.0,1119.69,0.0,0.0,,0.0
129,11,2.00,11,17.81,23.94,25.86,0.0,1349.83,0.0,0.0,,0.0
129,12,2.00,11,20.51,27.25,25.89,-1792.54,1546.02,0.0,0.0,,-1792.54
129,13,2.00,11,22.76,30.32,25.89,-2479.22,1591.79,0.0,0.0,,-2479.22
129,14,2.00,11,25.41,33.17,25.89,-2989.02,1526.49,0.0,0.0,,-2989.02
129,15,2.00,11,26.79,35.73,25.89,-3352.63,1570.85,0.0,0.0,,-3352.63
129,16,2.00,11,27.94,37.48,25.89,-3303.49,1193.82,0.0,0.0,,-3303.49
129,17,2.00,11,27.26,38.46,25.89,-3077.31,1091.79,0.0,0.0,,-3077.31
129,18,2.00,11,26.19,38.62,25.89,-2645.8,849.04,0.0,0.0,,-2645.8
129,19,2.00,11,22.82,37.76,28.14,0.0,1391.34,0.0,0.0,,0.0
129,20,2.00,11,19.68,36.17,28.45,0.0,1238.82,0.0,0.0,,0.0
129,21,2.00,11,17.12,32.62,26.29,0.0,0.00,0.0,0.0,,0.0
129,22,2.00,11,15.23,29.41,24.19,0.0,0.00,0.0,0.0,,0.0
129,23,2.00,11,13.81,26.55,22.23,0.0,0.00,0.0,0.0,,0.0
129,24,2.00,11,12.27,23.93,20.34,0.0,0.00,0.0,0.0,,0.0
129,1,3.00,11,10.95,21.54,18.57,0.0,0.00,0.0,0.0,,0.0
129,2,3.00,11,9.60,19.34,16.88,0.0,0.00,0.0,0.0,,0.0
129,3,3.00,11,8.70,17.38,15.34,0.0,0.00,0.0,0.0,,0.0
129,4,3.00,11,7.61,15.57,13.88,0.0,0.00,0.0,0.0,,0.0
129,5,3.00,11,6.51,13.88,12.48,0.0,0.00,0.0,-0.0,,0.0
129,6,3.00,11,7.71,12.79,11.63,0.0,0.00,0.0,-0.0,,0.0
129,7,3.00,11,8.36,12.19,11.23,0.0,76.10,0.0,-0.0,,0.0
129,8,3.00,11,9.43,16.82,16.02,0.0,2039.82,0.0,0.0,,0.0
129,9,3.00,11,11.90,20.44,19.78,0.0,1644.41,0.0,0.0,,0.0
129,10,3.00,11,15.05,23.29,22.74,0.0,1119.69,0.0,0.0,,0.0
129,11,3.00,11,17.76,26.43,25.98,0.0,1349.83,0.0,0.0,,0.0
129,12,3.00,11,19.72,29.59,29.22,0.0,1546.02,0.0,0.0,,0.0
129,13,3.00,11,21.90,32.61,32.30,0.0,1591.79,0.0,0.0,,0.0
129,14,3.00,11,23.23,35.15,34.89,0.0,1526.49,0.0,0.0,,0.0
129,15,3.00,11,24.54,37.57,37.36,0.0,1570.85,0.0,0.0,,0.0
129,16,3.00,11,25.40,39.20,39.02,0.0,1193.82,0.0,0.0,,0.0
129,17,3.00,11,26.88,40.68,40.54,0.0,1091.79,0.0,0.0,,0.0
129,18,3.00,11,25.49,41.19,41.07,0.0,849.04,0.0,0.0,,0.0
129,19,3.00,11,22.67,39.62,39.52,0.0,1391.34,0.0,0.0,,0.0
129,20,3.00,11,20.03,37.73,37.65,0.0,1238.82,0.0,0.0,,0.0
129,21,3.00,11,18.19,34.12,34.05,0.0,0.00,0.0,0.0,,0.0
129,22,3.00,11,16.30,30.84,30.78,0.0,0.00,0.0,0.0,,0.0
129,23,3.00,11,14.77,27.89,27.84,0.0,0.00,0.0,0.0,,0.0
129,24,3.00,11,12.87,25.12,25.08,0.0,0.00,0.0,0.0,,0.0
129,1,4.00,11,11.32,22.58,22.55,0.0,0.00,0.0,0.0,,0.0
129,2,4.00,11,9.93,20.25,20.22,0.0,0.00,0.0,0.0,,0.0
129,3,4.00,11,8.93,18.17,18.15,0.0,0.00,0.0,0.0,,0.0
129,4,4.00,11,8.15,16.33,16.31,0.0,0.00,0.0,0.0,,0.0
129,5,4.00,11,7.19,14.63,14.62,0.0,0.00,0.0,0.0,,0.0
129,6,4.00,11,8.32,13.51,13.50,0.0,0.00,0.0,-0.0,,0.0
129,7,4.00,11,9.15,12.93,12.92,0.0,76.10,0.0,-0.0,,0.0
129,8,4.00,11,10.27,17.58,17.57,0.0,2039.82,0.0,0.0,,0.0
129,9,4.00,11,12.52,21.17,21.16,0.0,1644.41,0.0,0.0,,0.0
129,10,4.00,11,15.96,24.05,24.05,0.0,1119.69,0.0,0.0,,0.0
129,11,4.00,11,18.75,27.24,27.23,0.0,1349.83,0.0,0.0,,0.0
129,12,4.00,11,22.15,30.73,30.73,0.0,1546.02,0.0,0.0,,0.0
129,13,4.00,11,24.56,34.03,34.02,0.0,1591.79,0.0,0.0,,0.0
129,14,4.00,11,26.21,36.85,36.84,0.0,1526.49,0.0,0.0,,0.0
129,15,4.00,11,27.47,39.48,39.47,0.0,1570.85,0.0,0.0,,0.0
129,16,4.00,11,28.52,41.31,41.31,0.0,1193.82,0.0,0.0,,0.0
129,17,4.00,11,27.22,42.37,42.37,0.0,1091.79,0.0,0.0,,0.0
129,18,4.00,11,25.68,42.60,42.59,0.0,849.04,0.0,0.0,,0.0
129,19,4.00,11,23.99,41.05,41.05,0.0,1391.34,0.0,0.0,,0.0
129,20,4.00,11,21.54,39.18,39.18,0.0,1238.82,0.0,0.0,,0.0
129,21,4.00,11,19.96,35.63,35.63,0.0,0.00,0.0,0.0,,0.0
129,22,4.00,11,18.72,32.53,32.53,0.0,0.00,0.0,0.0,,0.0
129,23,4.00,11,18.00,29.88,29.88,0.0,0.00,0.0,0.0,,0.0
129,24,4.00,11,17.23,27.56,27.56,0.0,0.00,0.0,0.0,,0.0
129,1,5.00,11,16.38,25.50,25.50,0.0,0.00,0.0,0.0,,0.0
129,2,5.00,11,15.38,23.62,23.62,0.0,0.00,0.0,0.0,,0.0
129,3,5.00,11,14.54,21.92,21.92,0.0,0.00,0.0,0.0,,0.0
129,4,5.00,11,13.89,20.41,20.41,0.0,0.00,0.0,0.0,,0.0
129,5,5.00,11,13.04,19.01,19.01,0.0,0.00,0.0,-0.0,,0.0
129,6,5.00,11,12.16,17.70,17.70,0.0,0.00,0.0,-0.0,,0.0
129,7,5.00,11,11.54,16.73,16.73,0.0,76.10,0.0,-0.0,,0.0
129,8,5.00,11,13.14,20.57,20.89,200.18,2039.82,0.0,0.0,,200.18
129,9,5.00,11,14.84,23.40,23.58,0.0,1644.41,0.0,0.0,,0.0
129,10,5.00,11,17.20,25.51,25.64,0.0,1119.69,0.0,0.0,,0.0
129,11,5.00,11,19.74,28.06,25.89,-1425.38,1349.83,0.0,0.0,,-1425.38
129,12,5.00,11,21.91,30.74,25.89,-2270.07,1546.02,0.0,-312.2,,-2582.27
129,13,5.00,11,23.43,33.14,25.89,-2706.53,1591.79,0.0,-135.32,,-2841.8500000000004
129,14,5.00,11,24.13,34.98,25.89,-2824.13,1526.49,0.0,0.0,,-2824.13
129,15,5.00,11,24.48,36.57,25.89,-2972.63,1570.85,0.0,-126.92,,-3099.55
129,16,5.00,11,23.77,37.12,25.89,-2579.97,1193.82,0.0,0.0,,-2579.97
129,17,5.00,11,22.75,37.17,25.89,-2275.16,1091.79,0.0,0.0,,-2275.16
129,18,5.00,11,20.82,36.40,25.89,-1682.97,849.04,0.0,0.0,,-1682.97
129,19,5.00,11,19.21,35.45,27.31,0.0,1391.34,0.0,0.0,,0.0
129,20,5.00,11,17.13,33.90,27.31,0.0,1238.82,0.0,0.0,,0.0
129,21,5.00,11,15.41,30.51,25.09,0.0,0.00,0.0,0.0,,0.0
129,22,5.00,11,14.30,27.55,23.08,0.0,0.00,0.0,0.0,,0.0
129,23,5.00,11,13.61,25.02,21.31,0.0,0.00,0.0,0.0,,0.0
129,24,5.00,11,12.46,22.72,19.65,0.0,0.00,0.0,0.0,,0.0
129,1,6.00,11,11.48,20.65,18.10,0.0,0.00,0.0,0.0,,0.0
129,2,6.00,11,10.71,18.82,16.71,0.0,0.00,0.0,0.0,,0.0
129,3,6.00,11,10.18,17.22,15.48,0.0,0.00,0.0,0.0,,0.0
129,4,6.00,11,9.58,15.80,14.35,0.0,0.00,0.0,-0.0,,0.0
129,5,6.00,11,9.18,14.56,13.36,0.0,0.00,0.0,-0.0,,0.0
129,6,6.00,11,8.83,13.48,12.49,0.0,0.00,0.0,-0.0,,0.0
129,7,6.00,11,8.35,12.70,11.88,0.0,76.10,0.0,-0.0,,0.0
129,8,6.00,11,10.14,16.81,20.89,2960.6,2039.82,0.0,0.0,,2960.6
129,9,6.00,11,12.70,20.05,22.29,0.0,1644.41,0.0,0.0,,0.0
129,10,6.00,11,15.31,22.51,24.04,0.0,1119.69,0.0,0.0,,0.0
129,11,6.00,11,17.72,25.27,25.89,-329.58,1349.83,0.0,0.0,,-329.58
129,12,6.00,11,20.05,28.16,25.89,-1793.01,1546.02,0.0,0.0,,-1793.01
129,13,6.00,11,22.14,30.89,25.89,-2403.71,1591.79,0.0,0.0,,-2403.71
129,14,6.00,11,23.67,33.17,25.89,-2699.45,1526.49,0.0,0.0,,-2699.45
129,15,6.00,11,25.08,35.35,25.89,-3053.98,1570.85,0.0,0.0,,-3053.98
129,16,6.00,11,26.07,36.77,25.89,-2968.7,1193.82,0.0,0.0,,-2968.7
129,17,6.00,11,25.42,37.52,25.89,-2745.09,1091.79,0.0,0.0,,-2745.09
129,18,6.00,11,24.04,37.41,25.89,-2257.84,849.04,0.0,0.0,,-2257.84
129,19,6.00,11,22.64,36.82,28.08,0.0,1391.34,0.0,0.0,,0.0
129,20,6.00,11,19.62,35.41,28.37,0.0,1238.82,0.0,0.0,,0.0
129,21,6.00,11,17.67,32.12,26.35,0.0,0.00,0.0,0.0,,0.0
129,22,6.00,11,16.16,29.18,24.41,0.0,0.00,0.0,0.0,,0.0
129,23,6.00,11,15.33,26.65,22.70,0.0,0.00,0.0,0.0,,0.0
129,24,6.00,11,14.05,24.33,21.06,0.0,0.00,0.0,0.0,,0.0
129,1,7.00,11,12.95,22.22,19.51,0.0,0.00,0.0,0.0,,0.0
129,2,7.00,11,11.77,20.28,18.04,0.0,0.00,0.0,0.0,,0.0
129,3,7.00,11,10.78,18.51,16.65,0.0,0.00,0.0,0.0,,0.0
129,4,7.00,11,9.90,16.90,15.36,0.0,0.00,0.0,-0.0,,0.0
129,5,7.00,11,8.94,15.41,14.13,0.0,0.00,0.0,-0.0,,0.0
129,6,7.00,11,8.30,14.07,13.02,0.0,0.00,0.0,-0.0,,0.0
129,7,7.00,11,9.20,13.39,12.51,0.0,76.10,0.0,-0.0,,0.0
129,8,7.00,11,11.13,17.58,20.89,2498.74,2039.82,0.0,0.0,,2498.74
129,9,7.00,11,13.67,20.87,22.65,0.0,1644.41,0.0,0.0,,0.0
129,10,7.00,11,16.74,23.49,24.69,0.0,1119.69,0.0,0.0,,0.0
129,11,7.00,11,19.72,26.51,25.89,-951.09,1349.83,0.0,0.0,,-951.09
129,12,7.00,11,22.49,29.69,25.89,-2271.58,1546.02,0.0,-1.93,,-2273.5099999999998
129,13,7.00,11,24.88,32.69,25.89,-2916.5,1591.79,0.0,-128.94,,-3045.44
129,14,7.00,11,26.55,35.22,25.89,-3230.1,1526.49,0.0,0.0,,-3230.1
129,15,7.00,11,27.95,37.57,25.89,-3581.48,1570.85,0.0,0.0,,-3581.48
129,16,7.00,11,28.99,39.14,25.89,-3503.75,1193.82,0.0,0.0,,-3503.75
129,17,7.00,11,28.02,39.91,25.89,-3224.98,1091.79,0.0,0.0,,-3224.98
129,18,7.00,11,26.11,39.69,25.89,-2644.98,849.04,0.0,0.0,,-2644.98
129,19,7.00,11,24.32,38.98,28.47,0.0,1391.34,0.0,0.0,,0.0
129,20,7.00,11,21.13,37.44,28.98,0.0,1238.82,0.0,0.0,,0.0
129,21,7.00,11,19.18,34.06,27.11,0.0,0.00,0.0,0.0,,0.0
129,22,7.00,11,17.64,31.03,25.30,0.0,0.00,0.0,0.0,,0.0
129,23,7.00,11,16.79,28.42,23.68,0.0,0.00,0.0,0.0,,0.0
129,24,7.00,11,15.67,26.08,22.14,0.0,0.00,0.0,0.0,,0.0
129,1,1.00,11,14.72,23.98,20.72,0.0,0.00,0.0,0.0,,0.0
129,2,1.00,11,13.56,22.04,19.34,0.0,0.00,0.0,0.0,,0.0
129,3,1.00,11,12.42,20.24,18.01,0.0,0.00,0.0,0.0,,0.0
129,4,1.00,11,11.19,18.54,16.69,0.0,0.00,0.0,0.0,,0.0
129,5,1.00,11,9.73,16.87,15.34,0.0,0.00,0.0,-0.0,,0.0
129,6,1.00,11,8.77,15.35,14.07,0.0,0.00,0.0,-0.0,,0.0
129,7,1.00,11,9.54,14.49,13.44,0.0,76.10,0.0,-0.0,,0.0
129,8,1.00,11,11.49,18.51,20.89,2003.42,2039.82,0.0,0.0,,2003.42
129,9,1.00,11,14.19,21.71,22.93,0.0,1644.41,0.0,0.0,,0.0
129,10,1.00,11,17.55,24.34,25.14,0.0,1119.69,0.0,0.0,,0.0
129,11,1.00,11,20.14,27.24,25.89,-1223.28,1349.83,0.0,0.0,,-1223.28
129,12,1.00,11,22.78,30.32,25.89,-2361.11,1546.02,0.0,-528.38,,-2889.4900000000002
129,13,1.00,11,24.81,33.15,25.89,-2922.84,1591.79,0.0,-32.03,,-2954.8700000000003
129,14,1.00,11,26.35,35.52,25.89,-3205.6,1526.49,0.0,-106.87,,-3312.47
129,15,1.00,11,27.30,37.64,25.89,-3471.44,1570.85,0.0,-185.77,,-3657.21
129,16,1.00,11,28.10,38.98,25.89,-3349.2,1193.82,0.0,0.0,,-3349.2
129,17,1.00,11,27.17,39.61,25.89,-3072.53,1091.79,0.0,0.0,,-3072.53
129,18,1.00,11,25.98,39.46,25.89,-2614.87,849.04,0.0,0.0,,-2614.87
129,19,1.00,11,23.95,38.73,28.39,0.0,1391.34,0.0,0.0,,0.0
129,20,1.00,11,21.27,37.28,28.95,0.0,1238.82,0.0,0.0,,0.0
129,21,1.00,11,19.63,34.02,27.18,0.0,0.00,0.0,0.0,,0.0
129,22,1.00,11,17.95,31.05,25.40,0.0,0.00,0.0,0.0,,0.0
129,23,1.00,11,16.70,28.41,23.73,0.0,0.00,0.0,0.0,,0.0
129,24,1.00,11,15.48,26.02,22.15,0.0,0.00,0.0,0.0,,0.0
129,1,2.00,11,14.45,23.89,20.68,0.0,0.00,0.0,0.0,,0.0
129,2,2.00,11,13.40,21.94,19.28,0.0,0.00,0.0,0.0,,0.0
129,3,2.00,11,12.48,20.18,17.98,0.0,0.00,0.0,0.0,,0.0
129,4,2.00,11,11.52,18.56,16.73,0.0,0.00,0.0,-0.0,,0.0
129,5,2.00,11,10.66,17.07,15.56,0.0,0.00,0.0,-0.0,,0.0
129,6,2.00,11,9.79,15.70,14.44,0.0,0.00,0.0,-0.0,,0.0
129,7,2.00,11,9.03,14.64,13.60,0.0,76.10,0.0,-0.0,,0.0
129,8,2.00,11,11.38,18.59,20.89,1941.86,2039.82,0.0,0.0,,1941.86
129,9,2.00,11,14.89,21.98,23.15,0.0,1644.41,0.0,0.0,,0.0
129,10,2.00,11,18.87,24.88,25.65,0.0,1119.69,0.0,0.0,,0.0
129,11,2.00,11,21.99,28.10,25.89,-1748.52,1349.83,0.0,-234.3,,-1982.82
129,12,2.00,11,25.48,31.63,25.89,-2869.24,1546.02,0.0,-947.28,,-3816.5199999999995
129,13,2.00,11,28.01,34.90,25.89,-3509.78,1591.79,0.0,-636.9,,-4146.68
129,14,2.00,11,30.01,37.71,25.89,-3869.92,1526.49,0.0,-484.79,,-4354.71
129,15,2.00,11,31.22,40.22,25.89,-4183.4,1570.85,0.0,-468.24,,-4651.639999999999
129,16,2.00,11,30.65,41.47,25.89,-3826.74,1193.82,0.0,0.0,,-3826.74
129,17,2.00,11,29.60,42.05,25.89,-3525.57,1091.79,0.0,0.0,,-3525.57
129,18,2.00,11,28.72,41.97,25.89,-3116.19,849.04,0.0,0.0,,-3116.19
129,19,2.00,11,26.00,41.12,28.86,0.0,1391.34,0.0,0.0,,0.0
129,20,2.00,11,22.63,39.46,29.58,0.0,1238.82,0.0,0.0,,0.0
129,21,2.00,11,20.35,35.91,27.80,0.0,0.00,0.0,0.0,,0.0
129,22,2.00,11,18.21,32.63,25.93,0.0,0.00,0.0,0.0,,0.0
129,23,2.00,11,16.78,29.72,24.17,0.0,0.00,0.0,0.0,,0.0
129,24,2.00,11,15.48,27.10,22.51,0.0,0.00,0.0,0.0,,0.0
129,1,3.00,11,14.42,24.77,20.97,0.0,0.00,0.0,0.0,,0.0
129,2,3.00,11,13.23,22.64,19.49,0.0,0.00,0.0,0.0,,0.0
129,3,3.00,11,12.28,20.72,18.11,0.0,0.00,0.0,0.0,,0.0
129,4,3.00,11,11.33,18.98,16.81,0.0,0.00,0.0,-0.0,,0.0
129,5,3.00,11,10.42,17.38,15.58,0.0,0.00,0.0,-0.0,,0.0
129,6,3.00,11,9.88,15.98,14.49,0.0,0.00,0.0,-0.0,,0.0
129,7,3.00,11,9.24,14.91,13.68,0.0,76.10,0.0,-0.0,,0.0
129,8,3.00,11,10.43,19.23,18.21,0.0,2039.82,0.0,0.0,,0.0
129,9,3.00,11,12.32,22.49,21.64,0.0,1644.41,0.0,0.0,,0.0
129,10,3.00,11,14.54,24.85,24.15,0.0,1119.69,0.0,0.0,,0.0
129,11,3.00,11,16.55,27.49,26.91,0.0,1349.83,0.0,0.0,,0.0
129,12,3.00,11,18.16,30.18,29.70,0.0,1546.02,0.0,0.0,,0.0
129,13,3.00,11,19.20,32.59,32.19,0.0,1591.79,0.0,0.0,,0.0
129,14,3.00,11,19.79,34.51,34.18,0.0,1526.49,0.0,0.0,,0.0
129,15,3.00,11,19.86,36.19,35.92,0.0,1570.85,0.0,0.0,,0.0
129,16,3.00,11,19.76,37.05,36.82,0.0,1193.82,0.0,0.0,,0.0
129,17,3.00,11,19.10,37.49,37.30,0.0,1091.79,0.0,0.0,,0.0
129,18,3.00,11,17.57,37.18,37.02,0.0,849.04,0.0,0.0,,0.0
129,19,3.00,11,16.95,35.42,35.29,0.0,1391.34,0.0,0.0,,0.0
129,20,3.00,11,15.29,33.51,33.40,0.0,1238.82,0.0,0.0,,0.0
129,21,3.00,11,13.76,29.90,29.81,0.0,0.00,0.0,0.0,,0.0
129,22,3.00,11,12.35,26.70,26.63,0.0,0.00,0.0,0.0,,0.0
129,23,3.00,11,11.52,23.95,23.89,0.0,0.00,0.0,0.0,,0.0
129,24,3.00,11,11.02,21.62,21.56,0.0,0.00,0.0,0.0,,0.0
129,1,4.00,11,10.48,19.59,19.55,0.0,0.00,0.0,0.0,,0.0
129,2,4.00,11,9.97,17.84,17.80,0.0,0.00,0.0,0.0,,0.0
129,3,4.00,11,9.63,16.33,16.30,0.0,0.00,0.0,0.0,,0.0
129,4,4.00,11,8.98,14.96,14.93,0.0,0.00,0.0,-0.0,,0.0
129,5,4.00,11,8.46,13.74,13.72,0.0,0.00,0.0,-0.0,,0.0
129,6,4.00,11,8.13,12.68,12.67,0.0,0.00,0.0,-0.0,,0.0
129,7,4.00,11,8.17,12.03,12.02,0.0,76.10,0.0,-0.0,,0.0
129,8,4.00,11,9.97,16.80,16.79,0.0,2039.82,0.0,0.0,,0.0
129,9,4.00,11,12.49,20.54,20.53,0.0,1644.41,0.0,0.0,,0.0
129,10,4.00,11,15.06,23.35,23.34,0.0,1119.69,0.0,0.0,,0.0
129,11,4.00,11,17.94,26.52,26.51,0.0,1349.83,0.0,0.0,,0.0
129,12,4.00,11,20.75,29.87,29.87,0.0,1546.02,0.0,0.0,,0.0
129,13,4.00,11,23.15,33.07,33.07,0.0,1591.79,0.0,0.0,,0.0
129,14,4.00,11,24.65,35.78,35.78,0.0,1526.49,0.0,0.0,,0.0
129,15,4.00,11,26.11,38.38,38.37,0.0,1570.85,0.0,0.0,,0.0
129,16,4.00,11,27.09,40.16,40.15,0.0,1193.82,0.0,0.0,,0.0
129,17,4.00,11,26.44,41.32,41.31,0.0,1091.79,0.0,0.0,,0.0
129,18,4.00,11,25.13,41.64,41.64,0.0,849.04,0.0,0.0,,0.0
129,19,4.00,11,23.34,40.15,40.15,0.0,1391.34,0.0,0.0,,0.0
129,20,4.00,11,19.98,38.14,38.14,0.0,1238.82,0.0,0.0,,0.0
129,21,4.00,11,17.92,34.40,34.39,0.0,0.00,0.0,0.0,,0.0
129,22,4.00,11,16.02,31.02,31.02,0.0,0.00,0.0,0.0,,0.0
129,23,4.00,11,15.15,28.13,28.13,0.0,0.00,0.0,0.0,,0.0
129,24,4.00,11,13.84,25.52,25.52,0.0,0.00,0.0,0.0,,0.0
129,1,5.00,11,12.69,23.17,23.16,0.0,0.00,0.0,0.0,,0.0
129,2,5.00,11,11.55,21.03,21.02,0.0,0.00,0.0,0.0,,0.0
129,3,5.00,11,10.69,19.12,19.12,0.0,0.00,0.0,0.0,,0.0
129,4,5.00,11,9.88,17.41,17.41,0.0,0.00,0.0,0.0,,0.0
129,5,5.00,11,8.95,15.84,15.83,0.0,0.00,0.0,0.0,,0.0
129,6,5.00,11,8.57,14.49,14.49,0.0,0.00,0.0,-0.0,,0.0
129,7,5.00,11,7.76,13.42,13.42,0.0,76.10,0.0,-0.0,,0.0
129,8,5.00,11,9.86,17.30,20.89,2255.9,2039.82,0.0,0.0,,2255.9
129,9,5.00,11,12.73,20.46,22.54,0.0,1644.41,0.0,0.0,,0.0
129,10,5.00,11,15.37,22.85,24.31,0.0,1119.69,0.0,0.0,,0.0
129,11,5.00,11,18.69,25.81,25.89,-639.42,1349.83,0.0,0.0,,-639.42
129,12,5.00,11,21.54,28.95,25.89,-2087.19,1546.02,0.0,0.0,,-2087.19
129,13,5.00,11,23.86,31.89,25.89,-2725.8,1591.79,0.0,-74.72,,-2800.52
129,14,5.00,11,25.38,34.33,25.89,-3017.27,1526.49,0.0,0.0,,-3017.27
129,15,5.00,11,26.88,36.65,25.89,-3384.47,1570.85,0.0,0.0,,-3384.47
129,16,5.00,11,28.13,38.25,25.89,-3344.41,1193.82,0.0,0.0,,-3344.41
129,17,5.00,11,27.49,39.12,25.89,-3122.58,1091.79,0.0,0.0,,-3122.58
129,18,5.00,11,26.02,39.08,25.89,-2621.98,849.04,0.0,0.0,,-2621.98
129,19,5.00,11,24.48,38.51,28.50,0.0,1391.34,0.0,0.0,,0.0
129,20,5.00,11,21.31,37.09,29.03,0.0,1238.82,0.0,0.0,,0.0
129,21,5.00,11,19.42,33.81,27.20,0.0,0.00,0.0,0.0,,0.0
129,22,5.00,11,17.79,30.85,25.39,0.0,0.00,0.0,0.0,,0.0
129,23,5.00,11,16.92,28.30,23.78,0.0,0.00,0.0,0.0,,0.0
129,24,5.00,11,15.56,25.94,22.20,0.0,0.00,0.0,0.0,,0.0
129,1,6.00,11,14.31,23.79,20.69,0.0,0.00,0.0,0.0,,0.0
129,2,6.00,11,12.85,21.75,19.18,0.0,0.00,0.0,0.0,,0.0
129,3,6.00,11,11.56,19.84,17.71,0.0,0.00,0.0,0.0,,0.0
129,4,6.00,11,10.42,18.08,16.32,0.0,0.00,0.0,0.0,,0.0
129,5,6.00,11,9.06,16.39,14.92,0.0,0.00,0.0,-0.0,,0.0
129,6,6.00,11,8.25,14.87,13.65,0.0,0.00,0.0,-0.0,,0.0
129,7,6.00,11,7.57,13.70,12.70,0.0,76.10,0.0,-0.0,,0.0
129,8,6.00,11,10.18,17.61,20.89,2542.16,2039.82,0.0,0.0,,2542.16
129,9,6.00,11,13.38,20.87,22.61,0.0,1644.41,0.0,0.0,,0.0
129,10,6.00,11,16.88,23.55,24.72,0.0,1119.69,0.0,0.0,,0.0
129,11,6.00,11,20.31,26.72,25.89,-1069.7,1349.83,0.0,0.0,,-1069.7
129,12,6.00,11,23.47,30.10,25.89,-2449.17,1546.02,0.0,0.0,,-2449.17
129,13,6.00,11,26.29,33.35,25.89,-3168.78,1591.79,0.0,0.0,,-3168.78
129,14,6.00,11,28.46,36.18,25.89,-3572.39,1526.49,0.0,-40.46,,-3612.85
129,15,6.00,11,30.16,38.83,25.89,-3979.82,1570.85,0.0,0.0,,-3979.82
129,16,6.00,11,29.38,40.10,25.89,-3592.37,1193.82,0.0,0.0,,-3592.37
129,17,6.00,11,28.16,40.66,25.89,-3261.73,1091.79,0.0,0.0,,-3261.73
129,18,6.00,11,25.91,40.20,25.89,-2616.78,849.04,0.0,0.0,,-2616.78
129,19,6.00,11,23.98,39.35,28.40,0.0,1391.34,0.0,0.0,,0.0
129,20,6.00,11,20.67,37.67,28.84,0.0,1238.82,0.0,0.0,,0.0
129,21,6.00,11,18.18,34.05,26.80,0.0,0.00,0.0,0.0,,0.0
129,22,6.00,11,16.19,30.76,24.77,0.0,0.00,0.0,0.0,,0.0
129,23,6.00,11,14.73,27.82,22.87,0.0,0.00,0.0,0.0,,0.0
129,24,6.00,11,13.37,25.18,21.07,0.0,0.00,0.0,0.0,,0.0
129,1,7.00,11,12.43,22.85,19.44,0.0,0.00,0.0,0.0,,0.0
129,2,7.00,11,11.53,20.77,17.95,0.0,0.00,0.0,0.0,,0.0
129,3,7.00,11,10.55,18.88,16.55,0.0,0.00,0.0,0.0,,0.0
129,4,7.00,11,9.55,17.15,15.21,0.0,0.00,0.0,0.0,,0.0
129,5,7.00,11,8.40,15.51,13.91,0.0,0.00,0.0,-0.0,,0.0
129,6,7.00,11,7.52,14.02,12.69,0.0,0.00,0.0,-0.0,,0.0
129,7,7.00,11,6.54,12.82,11.71,0.0,76.10,0.0,-0.0,,0.0
129,8,7.00,11,8.40,16.48,20.89,3298.36,2039.82,0.0,0.0,,3298.36
129,9,7.00,11,10.84,19.38,21.77,0.0,1644.41,0.0,0.0,,0.0
129,10,7.00,11,12.96,21.46,23.07,0.0,1119.69,0.0,0.0,,0.0
129,11,7.00,11,15.95,24.10,25.30,0.0,1349.83,0.0,0.0,,0.0
129,12,7.00,11,18.36,26.90,25.89,-1216.91,1546.02,0.0,0.0,,-1216.91
129,13,7.00,11,20.39,29.52,25.89,-2034.67,1591.79,0.0,0.0,,-2034.67
129,14,7.00,11,21.43,31.60,25.89,-2274.16,1526.49,0.0,0.0,,-2274.16
129,15,7.00,11,22.74,33.61,25.89,-2620.79,1570.85,0.0,0.0,,-2620.79
129,16,7.00,11,23.72,34.90,25.89,-2537.04,1193.82,0.0,0.0,,-2537.04
129,17,7.00,11,23.03,35.54,25.89,-2307.23,1091.79,0.0,0.0,,-2307.23
129,18,7.00,11,21.44,35.29,25.89,-1785.2,849.04,0.0,0.0,,-1785.2
129,19,7.00,11,20.18,34.67,27.52,0.0,1391.34,0.0,0.0,,0.0
129,20,7.00,11,17.47,33.28,27.53,0.0,1238.82,0.0,0.0,,0.0
129,21,7.00,11,15.58,30.02,25.29,0.0,0.00,0.0,0.0,,0.0
129,22,7.00,11,14.02,27.08,23.18,0.0,0.00,0.0,0.0,,0.0
129,23,7.00,11,13.32,24.57,21.34,0.0,0.00,0.0,0.0,,0.0
129,24,7.00,11,12.27,22.31,19.64,0.0,0.00,0.0,0.0,,0.0
129,1,1.00,11,11.33,20.29,18.08,0.0,0.00,0.0,0.0,,0.0
129,2,1.00,11,10.43,18.47,16.64,0.0,0.00,0.0,0.0,,0.0
129,3,1.00,11,9.43,16.79,15.27,0.0,0.00,0.0,0.0,,0.0
129,4,1.00,11,8.40,15.22,13.96,0.0,0.00,0.0,-0.0,,0.0
129,5,1.00,11,7.39,13.75,12.71,0.0,0.00,0.0,-0.0,,0.0
129,6,1.00,11,8.44,12.80,11.93,0.0,0.00,0.0,-0.0,,0.0
129,7,1.00,11,8.75,12.25,11.53,0.0,76.10,0.0,-0.0,,0.0
129,8,1.00,11,10.47,16.55,20.89,3072.36,2039.82,0.0,0.0,,3072.36
129,9,1.00,11,12.61,19.81,22.21,0.0,1644.41,0.0,0.0,,0.0
129,10,1.00,11,15.10,22.27,23.91,0.0,1119.69,0.0,0.0,,0.0
129,11,1.00,11,18.00,25.17,25.89,-321.9,1349.83,0.0,0.0,,-321.9
129,12,1.00,11,20.38,28.16,25.89,-1843.32,1546.02,0.0,0.0,,-1843.32
129,13,1.00,11,22.40,30.94,25.89,-2446.69,1591.79,0.0,0.0,,-2446.69
129,14,1.00,11,23.66,33.20,25.89,-2701.01,1526.49,0.0,0.0,,-2701.01
129,15,1.00,11,24.98,35.34,25.89,-3037.53,1570.85,0.0,0.0,,-3037.53
129,16,1.00,11,25.91,36.73,25.89,-2942.45,1193.82,0.0,0.0,,-2942.45
129,17,1.00,11,25.03,37.39,25.89,-2677.71,1091.79,0.0,0.0,,-2677.71
129,18,1.00,11,23.00,37.04,25.89,-2076.36,849.04,0.0,0.0,,-2076.36
129,19,1.00,11,21.51,36.33,27.83,0.0,1391.34,0.0,0.0,,0.0
129,20,1.00,11,18.51,34.82,27.97,0.0,1238.82,0.0,0.0,,0.0
129,21,1.00,11,16.25,31.38,25.76,0.0,0.00,0.0,0.0,,0.0
129,22,1.00,11,14.47,28.27,23.63,0.0,0.00,0.0,0.0,,0.0
129,23,1.00,11,13.53,25.58,21.74,0.0,0.00,0.0,0.0,,0.0
129,24,1.00,11,12.52,23.20,20.01,0.0,0.00,0.0,0.0,,0.0
129,1,2.00,11,11.58,21.07,18.43,0.0,0.00,0.0,0.0,,0.0
129,2,2.00,11,10.73,19.16,16.98,0.0,0.00,0.0,0.0,,0.0
129,3,2.00,11,9.74,17.42,15.61,0.0,0.00,0.0,0.0,,0.0
129,4,2.00,11,8.93,15.84,14.34,0.0,0.00,0.0,-0.0,,0.0
129,5,2.00,11,8.13,14.40,13.16,0.0,0.00,0.0,-0.0,,0.0
129,6,2.00,11,7.68,13.15,12.11,0.0,0.00,0.0,-0.0,,0.0
129,7,2.00,11,7.03,12.19,11.34,0.0,76.10,0.0,-0.0,,0.0
129,8,2.00,11,9.19,16.21,20.89,3350.73,2039.82,0.0,0.0,,3350.73
129,9,2.00,11,11.47,19.30,21.88,0.0,1644.41,0.0,0.0,,0.0
129,10,2.00,11,13.68,21.55,23.31,0.0,1119.69,0.0,0.0,,0.0
129,11,2.00,11,16.55,24.30,25.61,0.0,1349.83,0.0,0.0,,0.0
129,12,2.00,11,19.16,27.23,25.89,-1485.32,1546.02,0.0,0.0,,-1485.32
129,13,2.00,11,21.37,30.01,25.89,-2229.96,1591.79,0.0,0.0,,-2229.96
129,14,2.00,11,22.75,32.28,25.89,-2519.4,1526.49,0.0,0.0,,-2519.4
129,15,2.00,11,24.15,34.46,25.89,-2878.62,1570.85,0.0,0.0,,-2878.62
129,16,2.00,11,23.74,35.49,25.89,-2555.95,1193.82,0.0,0.0,,-2555.95
129,17,2.00,11,22.72,35.90,25.89,-2262.14,1091.79,0.0,0.0,,-2262.14
129,18,2.00,11,21.25,35.53,25.89,-1754.96,849.04,0.0,0.0,,-1754.96
129,19,2.00,11,19.58,34.76,27.39,0.0,1391.34,0.0,0.0,,0.0
129,20,2.00,11,17.65,33.42,27.48,0.0,1238.82,0.0,0.0,,0.0
129,21,2.00,11,15.82,30.18,25.30,0.0,0.00,0.0,0.0,,0.0
129,22,2.00,11,14.34,27.27,23.24,0.0,0.00,0.0,0.0,,0.0
129,23,2.00,11,13.26,24.71,21.37,0.0,0.00,0.0,0.0,,0.0
129,24,2.00,11,12.19,22.41,19.65,0.0,0.00,0.0,0.0,,0.0
129,1,3.00,11,11.28,20.37,18.08,0.0,0.00,0.0,0.0,,0.0
129,2,3.00,11,10.36,18.52,16.62,0.0,0.00,0.0,0.0,,0.0
129,3,3.00,11,9.80,16.91,15.34,0.0,0.00,0.0,0.0,,0.0
129,4,3.00,11,9.14,15.47,14.16,0.0,0.00,0.0,-0.0,,0.0
129,5,3.00,11,8.46,14.15,13.07,0.0,0.00,0.0,-0.0,,0.0
129,6,3.00,11,7.65,12.92,12.03,0.0,0.00,0.0,-0.0,,0.0
129,7,3.00,11,6.94,11.99,11.25,0.0,76.10,0.0,-0.0,,0.0
129,8,3.00,11,8.06,16.41,15.79,0.0,2039.82,0.0,0.0,,0.0
129,9,3.00,11,10.03,19.76,19.25,0.0,1644.41,0.0,0.0,,0.0
129,10,3.00,11,11.92,22.14,21.72,0.0,1119.69,0.0,0.0,,0.0
129,11,3.00,11,14.20,24.85,24.50,0.0,1349.83,0.0,0.0,,0.0
129,12,3.00,11,16.23,27.69,27.40,0.0,1546.02,0.0,0.0,,0.0
129,13,3.00,11,18.00,30.36,30.12,0.0,1591.79,0.0,0.0,,0.0
129,14,3.00,11,19.28,32.62,32.42,0.0,1526.49,0.0,0.0,,0.0
129,15,3.00,11,19.89,34.66,34.50,0.0,1570.85,0.0,0.0,,0.0
129,16,3.00,11,20.42,35.93,35.79,0.0,1193.82,0.0,0.0,,0.0
129,17,3.00,11,19.75,36.67,36.56,0.0,1091.79,0.0,0.0,,0.0
129,18,3.00,11,19.09,36.80,36.71,0.0,849.04,0.0,0.0,,0.0
129,19,3.00,11,17.62,35.20,35.12,0.0,1391.34,0.0,0.0,,0.0
129,20,3.00,11,16.11,33.46,33.40,0.0,1238.82,0.0,0.0,,0.0
129,21,3.00,11,14.76,30.04,29.98,0.0,0.00,0.0,0.0,,0.0
129,22,3.00,11,13.14,26.95,26.90,0.0,0.00,0.0,0.0,,0.0
129,23,3.00,11,12.26,24.28,24.24,0.0,0.00,0.0,0.0,,0.0
129,24,3.00,11,11.49,21.95,21.92,0.0,0.00,0.0,0.0,,0.0
129,1,4.00,11,12.02,20.18,20.15,0.0,0.00,0.0,0.0,,0.0
129,2,4.00,11,11.12,18.51,18.48,0.0,0.00,0.0,0.0,,0.0
129,3,4.00,11,10.34,16.99,16.97,0.0,0.00,0.0,0.0,,0.0
129,4,4.00,11,9.61,15.60,15.59,0.0,0.00,0.0,0.0,,0.0
129,5,4.00,11,8.89,14.34,14.33,0.0,0.00,0.0,-0.0,,0.0
129,6,4.00,11,8.38,13.21,13.20,0.0,0.00,0.0,-0.0,,0.0
129,7,4.00,11,7.80,12.38,12.37,0.0,76.10,0.0,-0.0,,0.0
129,8,4.00,11,9.51,17.00,17.00,0.0,2039.82,0.0,0.0,,0.0
129,9,4.00,11,11.73,20.56,20.56,0.0,1644.41,0.0,0.0,,0.0
129,10,4.00,11,14.16,23.21,23.21,0.0,1119.69,0.0,0.0,,0.0
129,11,4.00,11,16.23,26.08,26.07,0.0,1349.83,0.0,0.0,,0.0
129,12,4.00,11,18.45,29.09,29.09,0.0,1546.02,0.0,0.0,,0.0
129,13,4.00,11,20.32,31.92,31.91,0.0,1591.79,0.0,0.0,,0.0
129,14,4.00,11,21.49,34.27,34.27,0.0,1526.49,0.0,0.0,,0.0
129,15,4.00,11,22.41,36.47,36.47,0.0,1570.85,0.0,0.0,,0.0
129,16,4.00,11,22.08,37.67,37.67,0.0,1193.82,0.0,0.0,,0.0
129,17,4.00,11,21.30,38.37,38.37,0.0,1091.79,0.0,0.0,,0.0
129,18,4.00,11,19.76,38.28,38.28,0.0,849.04,0.0,0.0,,0.0
129,19,4.00,11,18.57,36.59,36.58,0.0,1391.34,0.0,0.0,,0.0
129,20,4.00,11,16.25,34.61,34.60,0.0,1238.82,0.0,0.0,,0.0
129,21,4.00,11,14.58,30.93,30.93,0.0,0.00,0.0,0.0,,0.0
129,22,4.00,11,13.45,27.76,27.75,0.0,0.00,0.0,0.0,,0.0
129,23,4.00,11,12.58,25.01,25.00,0.0,0.00,0.0,0.0,,0.0
129,24,4.00,11,11.60,22.57,22.57,0.0,0.00,0.0,0.0,,0.0
129,1,5.00,11,10.88,20.44,20.44,0.0,0.00,0.0,0.0,,0.0
129,2,5.00,11,10.04,18.53,18.53,0.0,0.00,0.0,0.0,,0.0
129,3,5.00,11,9.65,16.90,16.90,0.0,0.00,0.0,0.0,,0.0
129,4,5.00,11,9.16,15.47,15.47,0.0,0.00,0.0,0.0,,0.0
129,5,5.00,11,8.08,14.08,14.08,0.0,0.00,0.0,0.0,,0.0
129,6,5.00,11,7.33,12.81,12.81,0.0,0.00,0.0,-0.0,,0.0
129,7,5.00,11,7.05,11.93,11.93,0.0,76.10,0.0,-0.0,,0.0
129,8,5.00,11,7.89,15.65,20.89,3290.35,2039.82,0.0,0.0,,3290.35
129,9,5.00,11,10.42,18.65,21.68,0.0,1644.41,0.0,0.0,,0.0
129,10,5.00,11,12.89,20.88,23.00,0.0,1119.69,0.0,0.0,,0.0
129,11,5.00,11,15.29,23.48,25.08,0.0,1349.83,0.0,0.0,,0.0
129,12,5.00,11,17.64,26.24,25.89,-1004.8,1546.02,0.0,0.0,,-1004.8
129,13,5.00,11,19.60,28.83,25.89,-1881.41,1591.79,0.0,0.0,,-1881.41
129,14,5.00,11,20.81,30.93,25.89,-2155.35,1526.49,0.0,0.0,,-2155.35
129,15,5.00,11,21.95,32.91,25.89,-2475.5,1570.85,0.0,0.0,,-2475.5
129,16,5.00,11,22.44,34.05,25.89,-2307.83,1193.82,0.0,0.0,,-2307.83
129,17,5.00,11,21.55,34.54,25.89,-2041.31,1091.79,0.0,0.0,,-2041.31
129,18,5.00,11,19.70,34.11,25.89,-1472.54,849.04,0.0,0.0,,-1472.54
129,19,5.00,11,18.31,33.38,27.10,0.0,1391.34,0.0,0.0,,0.0
129,20,5.00,11,15.51,31.88,26.82,0.0,1238.82,0.0,0.0,,0.0
129,21,5.00,11,13.31,28.46,24.30,0.0,0.00,0.0,0.0,,0.0
129,22,5.00,11,11.77,25.41,21.97,0.0,0.00,0.0,0.0,,0.0
129,23,5.00,11,10.89,22.77,19.92,0.0,0.00,0.0,0.0,,0.0
129,24,5.00,11,9.94,20.43,18.08,0.0,0.00,0.0,0.0,,0.0
129,1,6.00,11,9.00,18.35,16.39,0.0,0.00,0.0,0.0,,0.0
129,2,6.00,11,8.10,16.47,14.85,0.0,0.00,0.0,0.0,,0.0
129,3,6.00,11,7.20,14.76,13.42,0.0,0.00,0.0,0.0,,0.0
129,4,6.00,11,6.37,13.20,12.09,0.0,0.00,0.0,0.0,,0.0
129,5,6.00,11,5.30,11.73,10.81,0.0,0.00,0.0,-0.0,,0.0
129,6,6.00,11,4.56,10.39,9.63,0.0,0.00,0.0,-0.0,,0.0
129,7,6.00,11,5.32,9.68,9.05,0.0,76.10,0.0,-0.0,,0.0
129,8,6.00,11,7.03,13.78,20.89,4771.39,2039.82,0.0,0.0,,4771.39
129,9,6.00,11,9.95,17.12,21.13,0.0,1644.41,0.0,0.0,,0.0
129,10,6.00,11,12.66,19.66,22.44,0.0,1119.69,0.0,0.0,,0.0
129,11,6.00,11,15.59,22.62,24.71,0.0,1349.83,0.0,0.0,,0.0
129,12,6.00,11,18.25,25.73,25.89,-916.57,1546.02,0.0,0.0,,-916.57
129,13,6.00,11,20.49,28.64,25.89,-1995.63,1591.79,0.0,0.0,,-1995.63
129,14,6.00,11,22.41,31.17,25.89,-2419.28,1526.49,0.0,0.0,,-2419.28
129,15,6.00,11,23.91,33.55,25.89,-2816.02,1570.85,0.0,0.0,,-2816.02
129,16,6.00,11,24.91,35.11,25.89,-2746.99,1193.82,0.0,0.0,,-2746.99
129,17,6.00,11,24.25,35.97,25.89,-2528.21,1091.79,0.0,0.0,,-2528.21
129,18,6.00,11,23.11,36.01,25.89,-2084.2,849.04,0.0,0.0,,-2084.2
129,19,6.00,11,21.57,35.47,27.83,0.0,1391.34,0.0,0.0,,0.0
129,20,6.00,11,18.58,34.12,27.99,0.0,1238.82,0.0,0.0,,0.0
129,21,6.00,11,16.39,30.83,25.80,0.0,0.00,0.0,0.0,,0.0
129,22,6.00,11,14.83,27.88,23.73,0.0,0.00,0.0,0.0,,0.0
129,23,6.00,11,13.78,25.30,21.86,0.0,0.00,0.0,0.0,,0.0
129,24,6.00,11,12.47,22.94,20.10,0.0,0.00,0.0,0.0,,0.0
129,1,7.00,11,11.23,20.78,18.42,0.0,0.00,0.0,0.0,,0.0
129,2,7.00,11,10.16,18.82,16.87,0.0,0.00,0.0,0.0,,0.0
129,3,7.00,11,9.26,17.05,15.43,0.0,0.00,0.0,0.0,,0.0
129,4,7.00,11,8.47,15.46,14.12,0.0,0.00,0.0,0.0,,0.0
129,5,7.00,11,7.32,13.93,12.82,0.0,0.00,0.0,0.0,,0.0
129,6,7.00,11,6.54,12.55,11.63,0.0,0.00,0.0,-0.0,,0.0
129,7,7.00,11,5.99,11.53,10.76,0.0,76.10,0.0,-0.0,,0.0
129,8,7.00,11,8.13,15.45,20.89,3782.35,2039.82,0.0,0.0,,3782.35
129,9,7.00,11,11.10,18.67,21.70,0.0,1644.41,0.0,0.0,,0.0
129,10,7.00,11,14.37,21.28,23.36,0.0,1119.69,0.0,0.0,,0.0
129,11,7.00,11,17.38,24.28,25.84,0.0,1349.83,0.0,0.0,,0.0
129,12,7.00,11,20.65,27.59,25.89,-1827.13,1546.02,0.0,0.0,,-1827.13
129,13,7.00,11,23.12,30.68,25.89,-2551.05,1591.79,0.0,0.0,,-2551.05
129,14,7.00,11,25.13,33.37,25.89,-2949.0,1526.49,0.0,0.0,,-2949.0
129,15,7.00,11,26.63,35.85,25.89,-3328.98,1570.85,0.0,0.0,,-3328.98
129,16,7.00,11,27.51,37.47,25.89,-3230.89,1193.82,0.0,0.0,,-3230.89
129,17,7.00,11,26.39,38.24,25.89,-2927.86,1091.79,0.0,0.0,,-2927.86
129,18,7.00,11,24.34,37.99,25.89,-2324.49,849.04,0.0,0.0,,-2324.49
129,19,7.00,11,22.70,37.31,28.10,0.0,1391.34,0.0,0.0,,0.0
129,20,7.00,11,19.42,35.77,28.36,0.0,1238.82,0.0,0.0,,0.0
129,21,7.00,11,16.87,32.26,26.18,0.0,0.00,0.0,0.0,,0.0
129,22,7.00,11,15.06,29.09,24.07,0.0,0.00,0.0,0.0,,0.0
129,23,7.00,11,14.04,26.34,22.19,0.0,0.00,0.0,0.0,,0.0
129,24,7.00,11,12.68,23.84,20.40,0.0,0.00,0.0,0.0,,0.0
129,1,1.00,12,11.47,21.57,18.71,0.0,0.00,0.0,0.0,,0.0
129,2,1.00,12,10.39,19.51,17.15,0.0,0.00,0.0,0.0,,0.0
129,3,1.00,12,9.16,17.59,15.63,0.0,0.00,0.0,0.0,,0.0
129,4,1.00,12,7.81,15.77,14.15,0.0,0.00,0.0,0.0,,0.0
129,5,1.00,12,6.68,14.08,12.73,0.0,0.00,0.0,-0.0,,0.0
129,6,1.00,12,6.00,12.58,11.47,0.0,0.00,0.0,-0.0,,0.0
129,7,1.00,12,5.44,11.50,10.58,0.0,75.78,0.0,-0.0,,0.0
129,8,1.00,12,7.59,16.39,21.43,3614.87,2882.96,0.0,0.0,,3614.87
129,9,1.00,12,10.14,20.28,23.06,0.0,2528.57,0.0,0.0,,0.0
129,10,1.00,12,12.80,22.89,24.79,0.0,1712.65,0.0,0.0,,0.0
129,11,1.00,12,15.94,25.05,26.43,-22.08,1225.19,0.0,0.0,,-22.08
129,12,1.00,12,18.78,27.31,26.43,-1229.05,1209.44,0.0,0.0,,-1229.05
129,13,1.00,12,21.08,29.75,26.43,-1901.77,1389.80,0.0,0.0,,-1901.77
129,14,1.00,12,22.54,31.93,26.43,-2269.96,1450.58,0.0,0.0,,-2269.96
129,15,1.00,12,24.00,34.09,26.43,-2677.89,1539.02,0.0,0.0,,-2677.89
129,16,1.00,12,24.93,35.84,26.43,-2829.77,1439.48,0.0,0.0,,-2829.77
129,17,1.00,12,23.88,36.59,26.43,-2487.26,1212.00,0.0,0.0,,-2487.26
129,18,1.00,12,22.37,37.07,26.43,-2370.87,1444.67,0.0,0.0,,-2370.87
129,19,1.00,12,20.84,37.10,29.11,0.0,1999.87,0.0,0.0,,0.0
129,20,1.00,12,18.10,37.01,30.61,0.0,2375.31,0.0,0.0,,0.0
129,21,1.00,12,15.75,33.09,27.85,0.0,0.00,0.0,0.0,,0.0
129,22,1.00,12,13.90,29.58,25.25,0.0,0.00,0.0,0.0,,0.0
129,23,1.00,12,12.78,26.53,22.95,0.0,0.00,0.0,0.0,,0.0
129,24,1.00,12,11.70,23.84,20.87,0.0,0.00,0.0,0.0,,0.0
129,1,2.00,12,10.33,21.37,18.91,0.0,0.00,0.0,0.0,,0.0
129,2,2.00,12,9.26,19.16,17.12,0.0,0.00,0.0,0.0,,0.0
129,3,2.00,12,8.46,17.20,15.51,0.0,0.00,0.0,0.0,,0.0
129,4,2.00,12,7.64,15.44,14.04,0.0,0.00,0.0,0.0,,0.0
129,5,2.00,12,6.66,13.82,12.66,0.0,0.00,0.0,0.0,,0.0
129,6,2.00,12,5.98,12.37,11.40,0.0,0.00,0.0,-0.0,,0.0
129,7,2.00,12,6.90,11.63,10.83,0.0,75.78,0.0,-0.0,,0.0
129,8,2.00,12,9.13,16.86,21.43,3253.51,2882.96,0.0,0.0,,3253.51
129,9,2.00,12,11.84,21.04,23.56,0.0,2528.57,0.0,0.0,,0.0
129,10,2.00,12,14.72,23.91,25.64,0.0,1712.65,0.0,0.0,,0.0
129,11,2.00,12,17.71,26.22,26.43,-678.7,1225.19,0.0,0.0,,-678.7
129,12,2.00,12,20.54,28.60,26.43,-1599.14,1209.44,0.0,0.0,,-1599.14
129,13,2.00,12,22.86,31.14,26.43,-2248.71,1389.80,0.0,0.0,,-2248.71
129,14,2.00,12,24.91,33.56,26.43,-2707.01,1450.58,0.0,0.0,,-2707.01
129,15,2.00,12,26.34,35.87,26.43,-3107.64,1539.02,0.0,0.0,,-3107.64
129,16,2.00,12,27.34,37.76,26.43,-3270.83,1439.48,0.0,0.0,,-3270.83
129,17,2.00,12,26.55,38.68,26.43,-2974.22,1212.00,0.0,0.0,,-2974.22
129,18,2.00,12,25.08,39.30,26.43,-2864.25,1444.67,0.0,0.0,,-2864.25
129,19,2.00,12,22.99,39.27,29.61,0.0,1999.87,0.0,0.0,,0.0
129,20,2.00,12,20.13,39.14,31.39,0.0,2375.31,0.0,0.0,,0.0
129,21,2.00,12,17.81,35.20,28.86,0.0,0.00,0.0,0.0,,0.0
129,22,2.00,12,16.15,31.72,26.48,0.0,0.00,0.0,0.0,,0.0
129,23,2.00,12,14.86,28.64,24.31,0.0,0.00,0.0,0.0,,0.0
129,24,2.00,12,13.68,25.92,22.33,0.0,0.00,0.0,0.0,,0.0
129,1,3.00,12,12.54,23.47,20.50,0.0,0.00,0.0,0.0,,0.0
129,2,3.00,12,11.62,21.30,18.84,0.0,0.00,0.0,0.0,,0.0
129,3,3.00,12,10.86,19.39,17.35,0.0,0.00,0.0,0.0,,0.0
129,4,3.00,12,10.22,17.70,16.01,0.0,0.00,0.0,0.0,,0.0
129,5,3.00,12,9.30,16.14,14.73,0.0,0.00,0.0,-0.0,,0.0
129,6,3.00,12,8.60,14.73,13.57,0.0,0.00,0.0,-0.0,,0.0
129,7,3.00,12,8.12,13.74,12.77,0.0,75.78,0.0,-0.0,,0.0
129,8,3.00,12,10.15,19.41,18.61,0.0,2882.96,0.0,0.0,,0.0
129,9,3.00,12,13.24,24.06,23.39,0.0,2528.57,0.0,0.0,,0.0
129,10,3.00,12,16.57,27.35,26.80,0.0,1712.65,0.0,0.0,,0.0
129,11,3.00,12,19.54,29.92,29.46,0.0,1225.19,0.0,0.0,,0.0
129,12,3.00,12,22.58,32.53,32.15,0.0,1209.44,0.0,0.0,,0.0
129,13,3.00,12,24.83,35.26,34.94,0.0,1389.80,0.0,0.0,,0.0
129,14,3.00,12,27.18,37.93,37.67,0.0,1450.58,0.0,0.0,,0.0
129,15,3.00,12,28.32,40.45,40.24,0.0,1539.02,0.0,0.0,,0.0
129,16,3.00,12,29.20,42.56,42.38,0.0,1439.48,0.0,0.0,,0.0
129,17,3.00,12,28.55,43.82,43.68,0.0,1212.00,0.0,0.0,,0.0
129,18,3.00,12,28.00,45.06,44.94,0.0,1444.67,0.0,0.0,,0.0
129,19,3.00,12,25.89,44.25,44.15,0.0,1999.87,0.0,0.0,,0.0
129,20,3.00,12,22.75,43.62,43.53,0.0,2375.31,0.0,0.0,,0.0
129,21,3.00,12,20.39,39.32,39.25,0.0,0.00,0.0,0.0,,0.0
129,22,3.00,12,18.40,35.49,35.43,0.0,0.00,0.0,0.0,,0.0
129,23,3.00,12,16.95,32.11,32.06,0.0,0.00,0.0,0.0,,0.0
129,24,3.00,12,15.46,29.08,29.03,0.0,0.00,0.0,0.0,,0.0
129,1,4.00,12,14.16,26.35,26.32,0.0,0.00,0.0,0.0,,0.0
129,2,4.00,12,13.16,23.95,23.92,0.0,0.00,0.0,0.0,,0.0
129,3,4.00,12,12.29,21.81,21.79,0.0,0.00,0.0,0.0,,0.0
129,4,4.00,12,11.53,19.93,19.91,0.0,0.00,0.0,0.0,,0.0
129,5,4.00,12,10.61,18.20,18.18,0.0,0.00,0.0,0.0,,0.0
129,6,4.00,12,10.01,16.68,16.67,0.0,0.00,0.0,-0.0,,0.0
129,7,4.00,12,9.55,15.60,15.58,0.0,75.78,0.0,-0.0,,0.0
129,8,4.00,12,11.67,21.22,21.21,0.0,2882.96,0.0,0.0,,0.0
129,9,4.00,12,14.69,25.79,25.78,0.0,2528.57,0.0,0.0,,0.0
129,10,4.00,12,17.93,29.01,29.01,0.0,1712.65,0.0,0.0,,0.0
129,11,4.00,12,21.37,31.62,31.62,0.0,1225.19,0.0,0.0,,0.0
129,12,4.00,12,24.78,34.33,34.33,0.0,1209.44,0.0,0.0,,0.0
129,13,4.00,12,27.15,37.16,37.15,0.0,1389.80,0.0,0.0,,0.0
129,14,4.00,12,29.25,39.85,39.84,0.0,1450.58,0.0,0.0,,0.0
129,15,4.00,12,30.31,42.37,42.37,0.0,1539.02,0.0,0.0,,0.0
129,16,4.00,12,29.73,44.18,44.18,0.0,1439.48,0.0,0.0,,0.0
129,17,4.00,12,28.70,45.16,45.16,0.0,1212.00,0.0,0.0,,0.0
129,18,4.00,12,27.59,46.07,46.07,0.0,1444.67,0.0,0.0,,0.0
129,19,4.00,12,25.60,45.03,45.03,0.0,1999.87,0.0,0.0,,0.0
129,20,4.00,12,22.67,44.26,44.26,0.0,2375.31,0.0,0.0,,0.0
129,21,4.00,12,20.38,39.86,39.86,0.0,0.00,0.0,0.0,,0.0
129,22,4.00,12,18.61,35.98,35.98,0.0,0.00,0.0,0.0,,0.0
129,23,4.00,12,17.50,32.63,32.63,0.0,0.00,0.0,0.0,,0.0
129,24,4.00,12,16.13,29.63,29.62,0.0,0.00,0.0,0.0,,0.0
129,1,5.00,12,14.94,26.95,26.95,0.0,0.00,0.0,0.0,,0.0
129,2,5.00,12,13.91,24.56,24.56,0.0,0.00,0.0,0.0,,0.0
129,3,5.00,12,12.90,22.42,22.42,0.0,0.00,0.0,0.0,,0.0
129,4,5.00,12,12.00,20.50,20.50,0.0,0.00,0.0,0.0,,0.0
129,5,5.00,12,11.09,18.76,18.76,0.0,0.00,0.0,0.0,,0.0
129,6,5.00,12,10.49,17.23,17.22,0.0,0.00,0.0,-0.0,,0.0
129,7,5.00,12,11.24,16.38,16.38,0.0,75.78,0.0,-0.0,,0.0
129,8,5.00,12,13.15,21.42,21.43,8.61,2882.96,0.0,0.0,,8.61
129,9,5.00,12,15.61,25.40,25.40,0.0,2528.57,0.0,0.0,,0.0
129,10,5.00,12,18.12,28.03,26.43,-1007.45,1712.65,0.0,0.0,,-1007.45
129,11,5.00,12,21.14,30.18,26.43,-1771.74,1225.19,0.0,-85.58,,-1857.32
129,12,5.00,12,24.36,32.54,26.43,-2408.73,1209.44,0.0,-361.15,,-2769.88
129,13,5.00,12,26.96,35.13,26.43,-3045.62,1389.80,0.0,-367.93,,-3413.5499999999997
129,14,5.00,12,28.91,37.54,26.43,-3462.2,1450.58,0.0,-529.62,,-3991.8199999999997
129,15,5.00,12,30.08,39.78,26.43,-3805.86,1539.02,0.0,-273.56,,-4079.42
129,16,5.00,12,29.53,41.19,26.43,-3694.05,1439.48,0.0,0.0,,-3694.05
129,17,5.00,12,28.48,41.75,26.43,-3343.05,1212.00,0.0,0.0,,-3343.05
129,18,5.00,12,26.82,42.05,26.43,-3192.64,1444.67,0.0,0.0,,-3192.64
129,19,5.00,12,24.76,41.88,30.02,0.0,1999.87,0.0,0.0,,0.0
129,20,5.00,12,21.67,41.55,32.01,0.0,2375.31,0.0,0.0,,0.0
129,21,5.00,12,19.00,37.39,29.56,0.0,0.00,0.0,0.0,,0.0
129,22,5.00,12,17.04,33.66,27.20,0.0,0.00,0.0,0.0,,0.0
129,23,5.00,12,15.87,30.43,25.08,0.0,0.00,0.0,0.0,,0.0
129,24,5.00,12,14.81,27.59,23.16,0.0,0.00,0.0,0.0,,0.0
129,1,6.00,12,13.85,25.09,21.42,0.0,0.00,0.0,0.0,,0.0
129,2,6.00,12,12.93,22.87,19.83,0.0,0.00,0.0,0.0,,0.0
129,3,6.00,12,12.04,20.88,18.36,0.0,0.00,0.0,0.0,,0.0
129,4,6.00,12,11.18,19.09,17.00,0.0,0.00,0.0,0.0,,0.0
129,5,6.00,12,10.24,17.45,15.71,0.0,0.00,0.0,-0.0,,0.0
129,6,6.00,12,9.33,15.93,14.49,0.0,0.00,0.0,-0.0,,0.0
129,7,6.00,12,8.50,14.78,13.59,0.0,75.78,0.0,-0.0,,0.0
129,8,6.00,12,10.13,19.46,21.43,1810.68,2882.96,0.0,0.0,,1810.68
129,9,6.00,12,12.94,23.30,24.26,0.0,2528.57,0.0,0.0,,0.0
129,10,6.00,12,15.55,25.84,26.43,-15.2,1712.65,0.0,0.0,,-15.2
129,11,6.00,12,18.69,27.95,26.43,-1224.15,1225.19,0.0,0.0,,-1224.15
129,12,6.00,12,21.64,30.20,26.43,-1870.04,1209.44,0.0,0.0,,-1870.04
129,13,6.00,12,23.90,32.62,26.43,-2470.3,1389.80,0.0,0.0,,-2470.3
129,14,6.00,12,25.52,34.82,26.43,-2838.71,1450.58,0.0,0.0,,-2838.71
129,15,6.00,12,26.88,36.97,26.43,-3217.21,1539.02,0.0,0.0,,-3217.21
129,16,6.00,12,28.05,38.79,26.43,-3404.82,1439.48,0.0,0.0,,-3404.82
129,17,6.00,12,27.30,39.65,26.43,-3113.48,1212.00,0.0,0.0,,-3113.48
129,18,6.00,12,25.61,40.16,26.43,-2964.48,1444.67,0.0,0.0,,-2964.48
129,19,6.00,12,24.32,40.25,29.90,0.0,1999.87,0.0,0.0,,0.0
129,20,6.00,12,21.61,40.22,31.91,0.0,2375.31,0.0,0.0,,0.0
129,21,6.00,12,19.17,36.32,29.52,0.0,0.00,0.0,0.0,,0.0
129,22,6.00,12,17.56,32.89,27.26,0.0,0.00,0.0,0.0,,0.0
129,23,6.00,12,16.78,29.96,25.31,0.0,0.00,0.0,0.0,,0.0
129,24,6.00,12,15.61,27.34,23.48,0.0,0.00,0.0,0.0,,0.0
129,1,7.00,12,14.31,24.95,21.75,0.0,0.00,0.0,0.0,,0.0
129,2,7.00,12,13.40,22.83,20.18,0.0,0.00,0.0,0.0,,0.0
129,3,7.00,12,12.47,20.92,18.72,0.0,0.00,0.0,0.0,,0.0
129,4,7.00,12,11.52,19.17,17.35,0.0,0.00,0.0,-0.0,,0.0
129,5,7.00,12,10.60,17.57,16.07,0.0,0.00,0.0,-0.0,,0.0
129,6,7.00,12,9.92,16.15,14.90,0.0,0.00,0.0,-0.0,,0.0
129,7,7.00,12,10.78,15.42,14.38,0.0,75.78,0.0,-0.0,,0.0
129,8,7.00,12,12.26,20.46,21.43,1109.7,2882.96,0.0,0.0,,1109.7
129,9,7.00,12,14.49,24.39,24.79,0.0,2528.57,0.0,0.0,,0.0
129,10,7.00,12,17.24,27.06,26.43,-541.04,1712.65,0.0,0.0,,-541.04
129,11,7.00,12,19.81,29.11,26.43,-1469.32,1225.19,0.0,0.0,,-1469.32
129,12,7.00,12,22.18,31.18,26.43,-1991.63,1209.44,0.0,0.0,,-1991.63
129,13,7.00,12,24.07,33.39,26.43,-2517.34,1389.80,0.0,0.0,,-2517.34
129,14,7.00,12,25.97,35.54,26.43,-2926.12,1450.58,0.0,0.0,,-2926.12
129,15,7.00,12,27.20,37.59,26.43,-3279.13,1539.02,0.0,0.0,,-3279.13
129,16,7.00,12,28.13,39.28,26.43,-3423.57,1439.48,0.0,0.0,,-3423.57
129,17,7.00,12,27.51,40.08,26.43,-3152.08,1212.00,0.0,0.0,,-3152.08
129,18,7.00,12,26.20,40.65,26.43,-3068.84,1444.67,0.0,0.0,,-3068.84
129,19,7.00,12,24.69,40.71,29.99,0.0,1999.87,0.0,0.0,,0.0
129,20,7.00,12,22.00,40.67,32.05,0.0,2375.31,0.0,0.0,,0.0
129,21,7.00,12,19.73,36.80,29.74,0.0,0.00,0.0,0.0,,0.0
129,22,7.00,12,18.15,33.38,27.55,0.0,0.00,0.0,0.0,,0.0
129,23,7.00,12,17.05,30.40,25.58,0.0,0.00,0.0,0.0,,0.0
129,24,7.00,12,15.97,27.77,23.77,0.0,0.00,0.0,0.0,,0.0
129,1,1.00,12,14.97,25.43,22.12,0.0,0.00,0.0,0.0,,0.0
129,2,1.00,12,14.05,23.34,20.59,0.0,0.00,0.0,0.0,,0.0
129,3,1.00,12,13.09,21.44,19.17,0.0,0.00,0.0,0.0,,0.0
129,4,1.00,12,12.20,19.73,17.84,0.0,0.00,0.0,0.0,,0.0
129,5,1.00,12,11.22,18.14,16.57,0.0,0.00,0.0,-0.0,,0.0
129,6,1.00,12,10.20,16.64,15.35,0.0,0.00,0.0,-0.0,,0.0
129,7,1.00,12,10.96,15.85,14.78,0.0,75.78,0.0,-0.0,,0.0
129,8,1.00,12,12.63,20.88,21.43,862.05,2882.96,0.0,0.0,,862.05
129,9,1.00,12,15.11,24.87,25.02,0.0,2528.57,0.0,0.0,,0.0
129,10,1.00,12,18.33,27.70,26.43,-832.04,1712.65,0.0,0.0,,-832.04
129,11,1.00,12,21.06,29.89,26.43,-1710.29,1225.19,0.0,0.0,,-1710.29
129,12,1.00,12,23.79,32.17,26.43,-2289.2,1209.44,0.0,0.0,,-2289.2
129,13,1.00,12,25.86,34.56,26.43,-2842.79,1389.80,0.0,0.0,,-2842.79
129,14,1.00,12,27.81,36.85,26.43,-3261.93,1450.58,0.0,-90.31,,-3352.24
129,15,1.00,12,28.86,38.97,26.43,-3583.81,1539.02,0.0,-147.04,,-3730.85
129,16,1.00,12,28.34,40.31,26.43,-3476.79,1439.48,0.0,0.0,,-3476.79
129,17,1.00,12,27.39,40.82,26.43,-3142.2,1212.00,0.0,0.0,,-3142.2
129,18,1.00,12,25.91,41.15,26.43,-3023.0,1444.67,0.0,0.0,,-3023.0
129,19,1.00,12,24.47,41.11,29.94,0.0,1999.87,0.0,0.0,,0.0
129,20,1.00,12,21.95,41.00,32.01,0.0,2375.31,0.0,0.0,,0.0
129,21,1.00,12,19.99,37.13,29.76,0.0,0.00,0.0,0.0,,0.0
129,22,1.00,12,18.63,33.75,27.66,0.0,0.00,0.0,0.0,,0.0
129,23,1.00,12,17.56,30.80,25.76,0.0,0.00,0.0,0.0,,0.0
129,24,1.00,12,16.32,28.15,23.98,0.0,0.00,0.0,0.0,,0.0
129,1,2.00,12,15.35,25.81,22.35,0.0,0.00,0.0,0.0,,0.0
129,2,2.00,12,14.43,23.72,20.85,0.0,0.00,0.0,0.0,,0.0
129,3,2.00,12,13.52,21.83,19.46,0.0,0.00,0.0,0.0,,0.0
129,4,2.00,12,12.64,20.13,18.16,0.0,0.00,0.0,0.0,,0.0
129,5,2.00,12,11.37,18.48,16.85,0.0,0.00,0.0,-0.0,,0.0
129,6,2.00,12,10.45,16.97,15.62,0.0,0.00,0.0,-0.0,,0.0
129,7,2.00,12,9.84,15.88,14.75,0.0,75.78,0.0,-0.0,,0.0
129,8,2.00,12,11.82,20.71,21.43,992.25,2882.96,0.0,0.0,,992.25
129,9,2.00,12,15.29,24.83,25.07,0.0,2528.57,0.0,0.0,,0.0
129,10,2.00,12,18.86,27.82,26.43,-943.13,1712.65,0.0,0.0,,-943.13
129,11,2.00,12,21.58,30.10,26.43,-1804.48,1225.19,0.0,0.0,,-1804.48
129,12,2.00,12,24.33,32.45,26.43,-2387.54,1209.44,0.0,0.0,,-2387.54
129,13,2.00,12,26.80,35.01,26.43,-3011.28,1389.80,0.0,0.0,,-3011.28
129,14,2.00,12,29.01,37.48,26.43,-3475.82,1450.58,0.0,0.0,,-3475.82
129,15,2.00,12,30.36,39.80,26.43,-3853.8,1539.02,0.0,0.0,,-3853.8
129,16,2.00,12,31.53,41.75,26.43,-4042.0,1439.48,0.0,0.0,,-4042.0
129,17,2.00,12,30.75,42.71,26.43,-3745.39,1212.00,0.0,0.0,,-3745.39
129,18,2.00,12,29.91,43.53,26.43,-3744.97,1444.67,0.0,0.0,,-3744.97
129,19,2.00,12,27.95,43.62,30.73,0.0,1999.87,0.0,0.0,,0.0
129,20,2.00,12,25.24,43.61,33.27,0.0,2375.31,0.0,0.0,,0.0
129,21,2.00,12,23.12,39.82,31.34,0.0,0.00,0.0,0.0,,0.0
129,22,2.00,12,21.51,36.45,29.45,0.0,0.00,0.0,0.0,,0.0
129,23,2.00,12,19.89,33.40,27.61,0.0,0.00,0.0,0.0,,0.0
129,24,2.00,12,18.20,30.60,25.80,0.0,0.00,0.0,0.0,,0.0
129,1,3.00,12,16.86,28.07,24.09,0.0,0.00,0.0,0.0,,0.0
129,2,3.00,12,15.43,25.73,22.44,0.0,0.00,0.0,0.0,,0.0
129,3,3.00,12,14.13,23.58,20.85,0.0,0.00,0.0,0.0,,0.0
129,4,3.00,12,13.06,21.63,19.37,0.0,0.00,0.0,0.0,,0.0
129,5,3.00,12,12.02,19.85,17.97,0.0,0.00,0.0,0.0,,0.0
129,6,3.00,12,11.02,18.20,16.64,0.0,0.00,0.0,-0.0,,0.0
129,7,3.00,12,11.67,17.25,15.97,0.0,75.78,0.0,-0.0,,0.0
129,8,3.00,12,13.37,22.87,21.80,0.0,2882.96,0.0,0.0,,0.0
129,9,3.00,12,16.16,27.40,26.51,0.0,2528.57,0.0,0.0,,0.0
129,10,3.00,12,19.21,30.55,29.82,0.0,1712.65,0.0,0.0,,0.0
129,11,3.00,12,21.70,32.91,32.30,0.0,1225.19,0.0,0.0,,0.0
129,12,3.00,12,24.35,35.29,34.78,0.0,1209.44,0.0,0.0,,0.0
129,13,3.00,12,26.53,37.82,37.41,0.0,1389.80,0.0,0.0,,0.0
129,14,3.00,12,28.36,40.24,39.89,0.0,1450.58,0.0,0.0,,0.0
129,15,3.00,12,29.28,42.51,42.23,0.0,1539.02,0.0,0.0,,0.0
129,16,3.00,12,29.93,44.38,44.14,0.0,1439.48,0.0,0.0,,0.0
129,17,3.00,12,28.86,45.36,45.16,0.0,1212.00,0.0,0.0,,0.0
129,18,3.00,12,27.99,46.32,46.16,0.0,1444.67,0.0,0.0,,0.0
129,19,3.00,12,25.72,45.25,45.12,0.0,1999.87,0.0,0.0,,0.0
129,20,3.00,12,23.69,44.65,44.54,0.0,2375.31,0.0,0.0,,0.0
129,21,3.00,12,21.54,40.40,40.30,0.0,0.00,0.0,0.0,,0.0
129,22,3.00,12,19.67,36.60,36.53,0.0,0.00,0.0,0.0,,0.0
129,23,3.00,12,18.50,33.31,33.25,0.0,0.00,0.0,0.0,,0.0
129,24,3.00,12,17.35,30.41,30.35,0.0,0.00,0.0,0.0,,0.0
129,1,4.00,12,16.18,27.81,27.77,0.0,0.00,0.0,0.0,,0.0
129,2,4.00,12,15.14,25.49,25.45,0.0,0.00,0.0,0.0,,0.0
129,3,4.00,12,14.03,23.38,23.35,0.0,0.00,0.0,0.0,,0.0
129,4,4.00,12,13.07,21.47,21.45,0.0,0.00,0.0,0.0,,0.0
129,5,4.00,12,12.37,19.79,19.77,0.0,0.00,0.0,0.0,,0.0
129,6,4.00,12,11.85,18.32,18.30,0.0,0.00,0.0,-0.0,,0.0
129,7,4.00,12,11.35,17.25,17.24,0.0,75.78,0.0,-0.0,,0.0
129,8,4.00,12,13.11,22.82,22.80,0.0,2882.96,0.0,0.0,,0.0
129,9,4.00,12,15.97,27.33,27.31,0.0,2528.57,0.0,0.0,,0.0
129,10,4.00,12,18.56,30.36,30.35,0.0,1712.65,0.0,0.0,,0.0
129,11,4.00,12,21.06,32.64,32.64,0.0,1225.19,0.0,0.0,,0.0
129,12,4.00,12,23.31,34.87,34.87,0.0,1209.44,0.0,0.0,,0.0
129,13,4.00,12,25.27,37.25,37.25,0.0,1389.80,0.0,0.0,,0.0
129,14,4.00,12,27.40,39.61,39.61,0.0,1450.58,0.0,0.0,,0.0
129,15,4.00,12,28.09,41.78,41.78,0.0,1539.02,0.0,0.0,,0.0
129,16,4.00,12,28.90,43.61,43.60,0.0,1439.48,0.0,0.0,,0.0
129,17,4.00,12,28.22,44.63,44.63,0.0,1212.00,0.0,0.0,,0.0
129,18,4.00,12,27.91,45.73,45.73,0.0,1444.67,0.0,0.0,,0.0
129,19,4.00,12,25.68,44.77,44.76,0.0,1999.87,0.0,0.0,,0.0
129,20,4.00,12,23.45,44.20,44.20,0.0,2375.31,0.0,0.0,,0.0
129,21,4.00,12,21.05,39.93,39.93,0.0,0.00,0.0,0.0,,0.0
129,22,4.00,12,19.37,36.17,36.17,0.0,0.00,0.0,0.0,,0.0
129,23,4.00,12,18.32,32.93,32.93,0.0,0.00,0.0,0.0,,0.0
129,24,4.00,12,17.18,30.07,30.06,0.0,0.00,0.0,0.0,,0.0
129,1,5.00,12,16.48,27.60,27.60,0.0,0.00,0.0,0.0,,0.0
129,2,5.00,12,15.49,25.38,25.38,0.0,0.00,0.0,0.0,,0.0
129,3,5.00,12,14.69,23.41,23.41,0.0,0.00,0.0,0.0,,0.0
129,4,5.00,12,14.07,21.69,21.69,0.0,0.00,0.0,0.0,,0.0
129,5,5.00,12,13.41,20.15,20.15,0.0,0.00,0.0,-0.0,,0.0
129,6,5.00,12,12.68,18.74,18.74,0.0,0.00,0.0,-0.0,,0.0
129,7,5.00,12,12.28,17.77,17.77,0.0,75.78,0.0,-0.0,,0.0
129,8,5.00,12,14.17,22.71,22.71,0.0,2882.96,0.0,0.0,,0.0
129,9,5.00,12,17.32,26.81,26.43,-236.22,2528.57,0.0,0.0,,-236.22
129,10,5.00,12,19.81,29.51,26.43,-1794.18,1712.65,0.0,-280.28,,-2074.46
129,11,5.00,12,22.54,31.62,26.43,-2124.03,1225.19,0.0,-584.75,,-2708.78
129,12,5.00,12,24.99,33.76,26.43,-2576.66,1209.44,0.0,-576.8,,-3153.46
129,13,5.00,12,27.03,36.05,26.43,-3088.66,1389.80,0.0,-267.3,,-3355.96
129,14,5.00,12,28.58,38.16,26.43,-3421.89,1450.58,0.0,-466.21,,-3888.1
129,15,5.00,12,29.58,40.14,26.43,-3724.99,1539.02,0.0,-29.0,,-3753.99
129,16,5.00,12,30.55,41.79,26.43,-3871.09,1439.48,0.0,-108.24,,-3979.33
129,17,5.00,12,29.88,42.55,26.43,-3588.67,1212.00,0.0,-227.86,,-3816.53
129,18,5.00,12,28.74,43.14,26.43,-3535.59,1444.67,0.0,-219.91,,-3755.5
129,19,5.00,12,27.19,43.20,30.56,0.0,1999.87,0.0,0.0,,0.0
129,20,5.00,12,24.67,43.19,33.02,0.0,2375.31,0.0,0.0,,0.0
129,21,5.00,12,22.55,39.37,31.03,0.0,0.00,0.0,0.0,,0.0
129,22,5.00,12,21.00,36.00,29.12,0.0,0.00,0.0,0.0,,0.0
129,23,5.00,12,19.80,33.04,27.34,0.0,0.00,0.0,0.0,,0.0
129,24,5.00,12,18.66,30.40,25.68,0.0,0.00,0.0,0.0,,0.0
129,1,6.00,12,17.91,28.12,24.20,0.0,0.00,0.0,0.0,,0.0
129,2,6.00,12,17.12,26.09,22.85,0.0,0.00,0.0,0.0,,0.0
129,3,6.00,12,16.49,24.32,21.63,0.0,0.00,0.0,-0.0,,0.0
129,4,6.00,12,15.63,22.69,20.46,0.0,0.00,0.0,-0.0,,0.0
129,5,6.00,12,14.75,21.19,19.35,0.0,0.00,0.0,-0.0,,0.0
129,6,6.00,12,13.86,19.80,18.27,0.0,0.00,0.0,-0.0,,0.0
129,7,6.00,12,13.00,18.75,17.48,0.0,75.78,0.0,-0.0,,0.0
129,8,6.00,12,14.83,23.60,22.63,0.0,2882.96,0.0,0.0,,0.0
129,9,6.00,12,17.37,27.48,26.43,-185.23,2528.57,0.0,0.0,,-185.23
129,10,6.00,12,19.30,29.88,26.43,-1687.61,1712.65,0.0,0.0,,-1687.61
129,11,6.00,12,21.85,31.74,26.43,-1993.44,1225.19,0.0,-240.36,,-2233.8
129,12,6.00,12,24.15,33.66,26.43,-2421.55,1209.44,0.0,-383.09,,-2804.6400000000003
129,13,6.00,12,25.96,35.73,26.43,-2895.22,1389.80,0.0,-216.09,,-3111.31
129,14,6.00,12,27.42,37.66,26.43,-3211.44,1450.58,0.0,-560.03,,-3771.4700000000003
129,15,6.00,12,28.13,39.42,26.43,-3463.96,1539.02,0.0,0.0,,-3463.96
129,16,6.00,12,27.96,40.60,26.43,-3411.84,1439.48,0.0,-76.02,,-3487.86
129,17,6.00,12,27.34,41.07,26.43,-3132.05,1212.00,0.0,-108.52,,-3240.57
129,18,6.00,12,26.29,41.46,26.43,-3089.05,1444.67,0.0,-71.36,,-3160.4100000000003
129,19,6.00,12,25.03,41.47,30.06,0.0,1999.87,0.0,0.0,,0.0
129,20,6.00,12,22.90,41.48,32.30,0.0,2375.31,0.0,0.0,,0.0
129,21,6.00,12,20.97,37.70,30.17,0.0,0.00,0.0,0.0,,0.0
129,22,6.00,12,19.31,34.33,28.11,0.0,0.00,0.0,0.0,,0.0
129,23,6.00,12,18.23,31.39,26.24,0.0,0.00,0.0,0.0,,0.0
129,24,6.00,12,17.44,28.85,24.58,0.0,0.00,0.0,0.0,,0.0
129,1,7.00,12,16.63,26.62,23.08,0.0,0.00,0.0,0.0,,0.0
129,2,7.00,12,16.44,24.76,21.83,0.0,0.00,0.0,-0.0,,0.0
129,3,7.00,12,16.30,23.21,20.78,0.0,0.00,0.0,-0.0,,0.0
129,4,7.00,12,15.90,21.84,19.83,0.0,0.00,0.0,-0.0,,0.0
129,5,7.00,12,15.53,20.65,18.98,0.0,0.00,0.0,-0.0,,0.0
129,6,7.00,12,14.96,19.56,18.18,0.0,0.00,0.0,-0.0,,0.0
129,7,7.00,12,14.53,18.83,17.68,0.0,75.78,0.0,-0.0,,0.0
129,8,7.00,12,14.88,23.62,22.74,0.0,2882.96,0.0,0.0,,0.0
129,9,7.00,12,16.08,27.13,26.43,-7.15,2528.57,0.0,0.0,,-7.15
129,10,7.00,12,16.86,28.99,26.43,-1266.83,1712.65,0.0,0.0,,-1266.83
129,11,7.00,12,18.78,30.33,26.43,-1451.73,1225.19,0.0,0.0,,-1451.73
129,12,7.00,12,20.48,31.73,26.43,-1766.13,1209.44,0.0,-4.2,,-1770.3300000000002
129,13,7.00,12,21.67,33.25,26.43,-2123.86,1389.80,0.0,0.0,,-2123.86
129,14,7.00,12,21.93,34.46,26.43,-2224.36,1450.58,0.0,0.0,,-2224.36
129,15,7.00,12,22.28,35.62,26.43,-2406.06,1539.02,0.0,0.0,,-2406.06
129,16,7.00,12,21.94,36.32,26.43,-2317.63,1439.48,0.0,0.0,,-2317.63
129,17,7.00,12,21.04,36.35,26.43,-1984.53,1212.00,0.0,0.0,,-1984.53
129,18,7.00,12,19.31,36.22,26.43,-1820.71,1444.67,0.0,0.0,,-1820.71
129,19,7.00,12,17.79,35.94,28.43,0.0,1999.87,0.0,0.0,,0.0
129,20,7.00,12,15.70,35.68,29.63,0.0,2375.31,0.0,0.0,,0.0
129,21,7.00,12,14.13,31.76,26.79,0.0,0.00,0.0,0.0,,0.0
129,22,7.00,12,13.36,28.45,24.34,0.0,0.00,0.0,0.0,,0.0
129,23,7.00,12,12.55,25.58,22.18,0.0,0.00,0.0,0.0,,0.0
129,24,7.00,12,11.44,23.01,20.20,0.0,0.00,0.0,0.0,,0.0
129,1,1.00,12,11.58,20.97,18.63,0.0,0.00,0.0,0.0,,0.0
129,2,1.00,12,12.15,19.39,17.46,0.0,0.00,0.0,0.0,,0.0
129,3,1.00,12,11.97,18.04,16.43,0.0,0.00,0.0,-0.0,,0.0
129,4,1.00,12,11.77,16.88,15.55,0.0,0.00,0.0,-0.0,,0.0
129,5,1.00,12,11.76,15.92,14.82,0.0,0.00,0.0,-0.0,,0.0
129,6,1.00,12,11.32,15.03,14.12,0.0,0.00,0.0,-0.0,,0.0
129,7,1.00,12,11.57,14.61,13.85,0.0,75.78,0.0,-0.0,,0.0
129,8,1.00,12,12.77,19.95,21.43,1298.25,2882.96,0.0,0.0,,1298.25
129,9,1.00,12,15.00,24.10,24.84,0.0,2528.57,0.0,0.0,,0.0
129,10,1.00,12,16.73,26.66,26.43,-447.86,1712.65,0.0,0.0,,-447.86
129,11,1.00,12,19.19,28.64,26.43,-1352.94,1225.19,0.0,0.0,,-1352.94
129,12,1.00,12,21.45,30.65,26.43,-1859.13,1209.44,0.0,0.0,,-1859.13
129,13,1.00,12,23.26,32.79,26.43,-2369.79,1389.80,0.0,-10.7,,-2380.49
129,14,1.00,12,24.42,34.69,26.43,-2650.11,1450.58,0.0,-46.2,,-2696.31
129,15,1.00,12,25.57,36.57,26.43,-2987.14,1539.02,0.0,-45.06,,-3032.2
129,16,1.00,12,26.23,38.05,26.43,-3080.65,1439.48,0.0,0.0,,-3080.65
129,17,1.00,12,25.40,38.65,26.43,-2772.44,1212.00,0.0,0.0,,-2772.44
129,18,1.00,12,23.72,38.98,26.43,-2623.6,1444.67,0.0,0.0,,-2623.6
129,19,1.00,12,22.58,39.00,29.51,0.0,1999.87,0.0,0.0,,0.0
129,20,1.00,12,20.23,38.97,31.34,0.0,2375.31,0.0,0.0,,0.0
129,21,1.00,12,17.82,35.07,28.81,0.0,0.00,0.0,0.0,,0.0
129,22,1.00,12,16.42,31.67,26.50,0.0,0.00,0.0,0.0,,0.0
129,23,1.00,12,15.50,28.74,24.46,0.0,0.00,0.0,0.0,,0.0
129,24,1.00,12,14.58,26.16,22.62,0.0,0.00,0.0,0.0,,0.0
129,1,2.00,12,13.59,23.87,20.93,0.0,0.00,0.0,0.0,,0.0
129,2,2.00,12,12.78,21.84,19.40,0.0,0.00,0.0,0.0,,0.0
129,3,2.00,12,11.99,20.03,18.01,0.0,0.00,0.0,0.0,,0.0
129,4,2.00,12,11.38,18.43,16.76,0.0,0.00,0.0,0.0,,0.0
129,5,2.00,12,10.58,16.96,15.58,0.0,0.00,0.0,-0.0,,0.0
129,6,2.00,12,9.69,15.60,14.45,0.0,0.00,0.0,-0.0,,0.0
129,7,2.00,12,9.17,14.63,13.68,0.0,75.78,0.0,-0.0,,0.0
129,8,2.00,12,10.79,19.51,21.43,1666.06,2882.96,0.0,0.0,,1666.06
129,9,2.00,12,12.90,23.29,24.26,0.0,2528.57,0.0,0.0,,0.0
129,10,2.00,12,14.78,25.62,26.25,0.0,1712.65,0.0,0.0,,0.0
129,11,2.00,12,17.15,27.39,26.43,-892.59,1225.19,0.0,0.0,,-892.59
129,12,2.00,12,19.37,29.23,26.43,-1462.45,1209.44,0.0,0.0,,-1462.45
129,13,2.00,12,21.35,31.28,26.43,-2012.53,1389.80,0.0,0.0,,-2012.53
129,14,2.00,12,22.90,33.21,26.43,-2364.07,1450.58,0.0,0.0,,-2364.07
129,15,2.00,12,24.21,35.13,26.43,-2731.18,1539.02,0.0,0.0,,-2731.18
129,16,2.00,12,24.98,36.67,26.43,-2849.51,1439.48,0.0,0.0,,-2849.51
129,17,2.00,12,24.21,37.32,26.43,-2551.32,1212.00,0.0,0.0,,-2551.32
129,18,2.00,12,22.91,37.78,26.43,-2470.12,1444.67,0.0,0.0,,-2470.12
129,19,2.00,12,21.38,37.79,29.24,0.0,1999.87,0.0,0.0,,0.0
129,20,2.00,12,19.34,37.83,30.96,0.0,2375.31,0.0,0.0,,0.0
129,21,2.00,12,17.17,34.03,28.40,0.0,0.00,0.0,0.0,,0.0
129,22,2.00,12,15.55,30.65,26.00,0.0,0.00,0.0,0.0,,0.0
129,23,2.00,12,14.31,27.68,23.83,0.0,0.00,0.0,0.0,,0.0
129,24,2.00,12,13.28,25.06,21.87,0.0,0.00,0.0,0.0,,0.0
129,1,3.00,12,12.21,22.71,20.07,0.0,0.00,0.0,0.0,,0.0
129,2,3.00,12,11.32,20.63,18.44,0.0,0.00,0.0,0.0,,0.0
129,3,3.00,12,10.50,18.77,16.96,0.0,0.00,0.0,0.0,,0.0
129,4,3.00,12,9.93,17.15,15.64,0.0,0.00,0.0,-0.0,,0.0
129,5,3.00,12,9.22,15.68,14.43,0.0,0.00,0.0,-0.0,,0.0
129,6,3.00,12,8.08,14.25,13.21,0.0,0.00,0.0,-0.0,,0.0
129,7,3.00,12,8.98,13.54,12.68,0.0,75.78,0.0,-0.0,,0.0
129,8,3.00,12,10.01,19.20,18.49,0.0,2882.96,0.0,0.0,,0.0
129,9,3.00,12,12.43,23.71,23.12,0.0,2528.57,0.0,0.0,,0.0
129,10,3.00,12,15.32,26.83,26.34,0.0,1712.65,0.0,0.0,,0.0
129,11,3.00,12,17.88,29.18,28.78,0.0,1225.19,0.0,0.0,,0.0
129,12,3.00,12,20.82,31.62,31.28,0.0,1209.44,0.0,0.0,,0.0
129,13,3.00,12,23.32,34.26,33.98,0.0,1389.80,0.0,0.0,,0.0
129,14,3.00,12,25.27,36.77,36.54,0.0,1450.58,0.0,0.0,,0.0
129,15,3.00,12,26.75,39.24,39.05,0.0,1539.02,0.0,0.0,,0.0
129,16,3.00,12,27.81,41.34,41.18,0.0,1439.48,0.0,0.0,,0.0
129,17,3.00,12,27.13,42.57,42.44,0.0,1212.00,0.0,0.0,,0.0
129,18,3.00,12,26.15,43.70,43.59,0.0,1444.67,0.0,0.0,,0.0
129,19,3.00,12,24.78,42.96,42.87,0.0,1999.87,0.0,0.0,,0.0
129,20,3.00,12,22.23,42.50,42.42,0.0,2375.31,0.0,0.0,,0.0
129,21,3.00,12,20.06,38.36,38.30,0.0,0.00,0.0,0.0,,0.0
129,22,3.00,12,18.20,34.67,34.62,0.0,0.00,0.0,0.0,,0.0
129,23,3.00,12,17.07,31.47,31.43,0.0,0.00,0.0,0.0,,0.0
129,24,3.00,12,15.83,28.62,28.59,0.0,0.00,0.0,0.0,,0.0
129,1,4.00,12,14.65,26.07,26.04,0.0,0.00,0.0,0.0,,0.0
129,2,4.00,12,13.47,23.76,23.74,0.0,0.00,0.0,0.0,,0.0
129,3,4.00,12,12.13,21.62,21.60,0.0,0.00,0.0,0.0,,0.0
129,4,4.00,12,11.24,19.71,19.69,0.0,0.00,0.0,0.0,,0.0
129,5,4.00,12,10.22,17.95,17.94,0.0,0.00,0.0,0.0,,0.0
129,6,4.00,12,9.38,16.36,16.35,0.0,0.00,0.0,-0.0,,0.0
129,7,4.00,12,10.43,15.54,15.53,0.0,75.78,0.0,-0.0,,0.0
129,8,4.00,12,12.11,21.24,21.23,0.0,2882.96,0.0,0.0,,0.0
129,9,4.00,12,15.29,25.92,25.92,0.0,2528.57,0.0,0.0,,0.0
129,10,4.00,12,18.20,29.16,29.15,0.0,1712.65,0.0,0.0,,0.0
129,11,4.00,12,21.14,31.68,31.68,0.0,1225.19,0.0,0.0,,0.0
129,12,4.00,12,24.27,34.28,34.28,0.0,1209.44,0.0,0.0,,0.0
129,13,4.00,12,26.83,37.07,37.06,0.0,1389.80,0.0,0.0,,0.0
129,14,4.00,12,28.43,39.62,39.61,0.0,1450.58,0.0,0.0,,0.0
129,15,4.00,12,29.94,42.14,42.13,0.0,1539.02,0.0,0.0,,0.0
129,16,4.00,12,29.43,43.94,43.94,0.0,1439.48,0.0,0.0,,0.0
129,17,4.00,12,28.39,44.91,44.91,0.0,1212.00,0.0,0.0,,0.0
129,18,4.00,12,26.51,45.66,45.65,0.0,1444.67,0.0,0.0,,0.0
129,19,4.00,12,24.94,44.59,44.59,0.0,1999.87,0.0,0.0,,0.0
129,20,4.00,12,22.33,43.86,43.85,0.0,2375.31,0.0,0.0,,0.0
129,21,4.00,12,20.11,39.49,39.49,0.0,0.00,0.0,0.0,,0.0
129,22,4.00,12,18.69,35.71,35.70,0.0,0.00,0.0,0.0,,0.0
129,23,4.00,12,17.82,32.47,32.47,0.0,0.00,0.0,0.0,,0.0
129,24,4.00,12,16.69,29.61,29.60,0.0,0.00,0.0,0.0,,0.0
129,1,5.00,12,15.84,27.11,27.10,0.0,0.00,0.0,0.0,,0.0
129,2,5.00,12,14.88,24.87,24.87,0.0,0.00,0.0,0.0,,0.0
129,3,5.00,12,13.81,22.83,22.83,0.0,0.00,0.0,0.0,,0.0
129,4,5.00,12,12.43,20.90,20.89,0.0,0.00,0.0,0.0,,0.0
129,5,5.00,12,11.00,19.05,19.05,0.0,0.00,0.0,0.0,,0.0
129,6,5.00,12,10.02,17.37,17.36,0.0,0.00,0.0,0.0,,0.0
129,7,5.00,12,9.50,16.15,16.15,0.0,75.78,0.0,-0.0,,0.0
129,8,5.00,12,10.90,20.68,21.43,471.69,2882.96,0.0,0.0,,471.69
129,9,5.00,12,13.76,24.44,24.87,0.0,2528.57,0.0,0.0,,0.0
129,10,5.00,12,15.58,26.69,26.43,-354.97,1712.65,0.0,0.0,,-354.97
129,11,5.00,12,18.61,28.58,26.43,-1290.69,1225.19,0.0,0.0,,-1290.69
129,12,5.00,12,21.43,30.65,26.43,-1870.22,1209.44,0.0,0.0,,-1870.22
129,13,5.00,12,23.57,32.89,26.43,-2430.35,1389.80,0.0,0.0,,-2430.35
129,14,5.00,12,24.37,34.74,26.43,-2647.26,1450.58,0.0,0.0,,-2647.26
129,15,5.00,12,25.40,36.56,26.43,-2960.08,1539.02,0.0,0.0,,-2960.08
129,16,5.00,12,25.12,37.75,26.43,-2890.37,1439.48,0.0,0.0,,-2890.37
129,17,5.00,12,23.67,38.00,26.43,-2468.98,1212.00,0.0,0.0,,-2468.98
129,18,5.00,12,21.72,38.01,26.43,-2266.32,1444.67,0.0,0.0,,-2266.32
129,19,5.00,12,20.38,37.84,29.02,0.0,1999.87,0.0,0.0,,0.0
129,20,5.00,12,18.95,37.83,30.73,0.0,2375.31,0.0,0.0,,0.0
129,21,5.00,12,17.76,34.18,28.35,0.0,0.00,0.0,0.0,,0.0
129,22,5.00,12,16.96,31.06,26.25,0.0,0.00,0.0,0.0,,0.0
129,23,5.00,12,15.34,28.19,24.20,0.0,0.00,0.0,0.0,,0.0
129,24,5.00,12,14.55,25.71,22.40,0.0,0.00,0.0,0.0,,0.0
129,1,6.00,12,14.23,23.63,20.89,0.0,0.00,0.0,0.0,,0.0
129,2,6.00,12,13.96,21.87,19.60,0.0,0.00,0.0,0.0,,0.0
129,3,6.00,12,13.20,20.26,18.38,0.0,0.00,0.0,0.0,,0.0
129,4,6.00,12,12.42,18.80,17.24,0.0,0.00,0.0,-0.0,,0.0
129,5,6.00,12,12.42,17.61,16.32,0.0,0.00,0.0,-0.0,,0.0
129,6,6.00,12,12.26,16.61,15.54,0.0,0.00,0.0,-0.0,,0.0
129,7,6.00,12,11.68,15.90,15.01,0.0,75.78,0.0,-0.0,,0.0
129,8,6.00,12,11.72,20.63,21.43,928.65,2882.96,0.0,0.0,,928.65
129,9,6.00,12,12.85,24.09,24.42,0.0,2528.57,0.0,0.0,,0.0
129,10,6.00,12,14.79,26.24,26.42,0.0,1712.65,0.0,0.0,,0.0
129,11,6.00,12,16.78,27.77,26.43,-919.45,1225.19,0.0,0.0,,-919.45
129,12,6.00,12,18.99,29.44,26.43,-1415.17,1209.44,0.0,0.0,,-1415.17
129,13,6.00,12,20.67,31.28,26.43,-1901.39,1389.80,0.0,0.0,,-1901.39
129,14,6.00,12,21.02,32.73,26.43,-2039.76,1450.58,0.0,0.0,,-2039.76
129,15,6.00,12,21.91,34.23,26.43,-2325.39,1539.02,0.0,0.0,,-2325.39
129,16,6.00,12,22.09,35.30,26.43,-2333.25,1439.48,0.0,0.0,,-2333.25
129,17,6.00,12,21.59,35.70,26.43,-2076.03,1212.00,0.0,0.0,,-2076.03
129,18,6.00,12,20.13,35.91,26.43,-1963.49,1444.67,0.0,0.0,,-1963.49
129,19,6.00,12,19.22,35.92,28.74,0.0,1999.87,0.0,0.0,,0.0
129,20,6.00,12,17.60,36.01,30.24,0.0,2375.31,0.0,0.0,,0.0
129,21,6.00,12,15.78,32.31,27.58,0.0,0.00,0.0,0.0,,0.0
129,22,6.00,12,14.78,29.13,25.22,0.0,0.00,0.0,0.0,,0.0
129,23,6.00,12,14.31,26.46,23.22,0.0,0.00,0.0,0.0,,0.0
129,24,6.00,12,13.88,24.18,21.50,0.0,0.00,0.0,0.0,,0.0
129,1,7.00,12,13.71,22.29,20.07,0.0,0.00,0.0,0.0,,0.0
129,2,7.00,12,13.41,20.67,18.83,0.0,0.00,0.0,0.0,,0.0
129,3,7.00,12,13.17,19.29,17.76,0.0,0.00,0.0,0.0,,0.0
129,4,7.00,12,12.96,18.11,16.84,0.0,0.00,0.0,-0.0,,0.0
129,5,7.00,12,12.70,17.09,16.04,0.0,0.00,0.0,-0.0,,0.0
129,6,7.00,12,12.50,16.21,15.34,0.0,0.00,0.0,-0.0,,0.0
129,7,7.00,12,12.21,15.67,14.95,0.0,75.78,0.0,-0.0,,0.0
129,8,7.00,12,13.37,20.89,21.43,685.07,2882.96,0.0,0.0,,685.07
129,9,7.00,12,15.43,24.92,25.12,0.0,2528.57,0.0,0.0,,0.0
129,10,7.00,12,17.52,27.49,26.43,-733.63,1712.65,0.0,0.0,,-733.63
129,11,7.00,12,19.70,29.39,26.43,-1479.33,1225.19,0.0,0.0,,-1479.33
129,12,7.00,12,21.56,31.24,26.43,-1899.34,1209.44,0.0,0.0,,-1899.34
129,13,7.00,12,23.18,33.22,26.43,-2367.48,1389.80,0.0,0.0,,-2367.48
129,14,7.00,12,24.56,35.07,26.43,-2679.94,1450.58,0.0,0.0,,-2679.94
129,15,7.00,12,25.28,36.78,26.43,-2939.76,1539.02,0.0,0.0,,-2939.76
129,16,7.00,12,25.87,38.13,26.43,-3019.74,1439.48,0.0,0.0,,-3019.74
129,17,7.00,12,25.13,38.66,26.43,-2723.33,1212.00,0.0,0.0,,-2723.33
129,18,7.00,12,23.79,39.02,26.43,-2632.69,1444.67,0.0,0.0,,-2632.69
129,19,7.00,12,21.98,38.92,29.38,0.0,1999.87,0.0,0.0,,0.0
129,20,7.00,12,19.64,38.80,31.13,0.0,2375.31,0.0,0.0,,0.0
129,21,7.00,12,17.12,34.81,28.52,0.0,0.00,0.0,0.0,,0.0
129,22,7.00,12,15.44,31.27,26.08,0.0,0.00,0.0,0.0,,0.0
129,23,7.00,12,14.32,28.20,23.90,0.0,0.00,0.0,0.0,,0.0
129,24,7.00,12,13.39,25.51,21.95,0.0,0.00,0.0,0.0,,0.0
129,1,1.00,12,12.39,23.13,20.18,0.0,0.00,0.0,0.0,,0.0
129,2,1.00,12,11.47,21.00,18.55,0.0,0.00,0.0,0.0,,0.0
129,3,1.00,12,10.38,19.05,17.02,0.0,0.00,0.0,0.0,,0.0
129,4,1.00,12,9.53,17.29,15.61,0.0,0.00,0.0,0.0,,0.0
129,5,1.00,12,8.49,15.66,14.27,0.0,0.00,0.0,-0.0,,0.0
129,6,1.00,12,7.45,14.13,12.98,0.0,0.00,0.0,-0.0,,0.0
129,7,1.00,12,8.63,13.39,12.44,0.0,75.78,0.0,-0.0,,0.0
129,8,1.00,12,10.92,18.64,21.43,2215.02,2882.96,0.0,0.0,,2215.02
129,9,1.00,12,13.77,22.86,24.33,0.0,2528.57,0.0,0.0,,0.0
129,10,1.00,12,16.56,25.73,26.43,-175.76,1712.65,0.0,0.0,,-175.76
129,11,1.00,12,19.46,28.01,26.43,-1349.59,1225.19,0.0,0.0,,-1349.59
129,12,1.00,12,22.69,30.50,26.43,-2053.8,1209.44,0.0,0.0,,-2053.8
129,13,1.00,12,25.23,33.15,26.43,-2707.92,1389.80,0.0,0.0,,-2707.92
129,14,1.00,12,27.74,35.78,26.43,-3234.35,1450.58,0.0,0.0,,-3234.35
129,15,1.00,12,29.28,38.26,26.43,-3649.9,1539.02,0.0,-124.45,,-3774.35
129,16,1.00,12,30.84,40.42,26.43,-3909.01,1439.48,0.0,0.0,,-3909.01
129,17,1.00,12,30.40,41.61,26.43,-3675.55,1212.00,0.0,0.0,,-3675.55
129,18,1.00,12,29.80,42.67,26.43,-3719.97,1444.67,0.0,0.0,,-3719.97
129,19,1.00,12,27.68,42.85,30.67,0.0,1999.87,0.0,0.0,,0.0
129,20,1.00,12,25.03,42.94,33.18,0.0,2375.31,0.0,0.0,,0.0
129,21,1.00,12,22.56,39.15,31.16,0.0,0.00,0.0,0.0,,0.0
129,22,1.00,12,20.55,35.72,29.12,0.0,0.00,0.0,0.0,,0.0
129,23,1.00,12,19.05,32.66,27.20,0.0,0.00,0.0,0.0,,0.0
129,24,1.00,12,17.62,29.90,25.38,0.0,0.00,0.0,0.0,,0.0
129,1,2.00,12,16.34,27.41,23.66,0.0,0.00,0.0,0.0,,0.0
129,2,2.00,12,15.05,25.13,22.03,0.0,0.00,0.0,0.0,,0.0
129,3,2.00,12,14.34,23.15,20.58,0.0,0.00,0.0,0.0,,0.0
129,4,2.00,12,13.86,21.44,19.31,0.0,0.00,0.0,0.0,,0.0
129,5,2.00,12,12.85,19.84,18.07,0.0,0.00,0.0,-0.0,,0.0
129,6,2.00,12,11.99,18.37,16.90,0.0,0.00,0.0,-0.0,,0.0
129,7,2.00,12,11.16,17.25,16.04,0.0,75.78,0.0,-0.0,,0.0
129,8,2.00,12,12.56,21.91,21.43,282.34,2882.96,0.0,0.0,,282.34
129,9,2.00,12,15.34,25.73,25.27,0.0,2528.57,0.0,0.0,,0.0
129,10,2.00,12,18.21,28.34,26.43,-956.45,1712.65,0.0,0.0,,-956.45
129,11,2.00,12,20.67,30.29,26.43,-1678.16,1225.19,0.0,0.0,,-1678.16
129,12,2.00,12,22.96,32.28,26.43,-2161.0,1209.44,0.0,0.0,,-2161.0
129,13,2.00,12,25.14,34.49,26.43,-2723.06,1389.80,0.0,0.0,,-2723.06
129,14,2.00,12,26.62,36.52,26.43,-3055.38,1450.58,0.0,0.0,,-3055.38
129,15,2.00,12,27.84,38.50,26.43,-3402.72,1539.02,0.0,-122.26,,-3524.98
129,16,2.00,12,28.64,40.09,26.43,-3522.03,1439.48,0.0,-115.79,,-3637.82
129,17,2.00,12,27.87,40.79,26.43,-3223.71,1212.00,0.0,0.0,,-3223.71
129,18,2.00,12,26.88,41.37,26.43,-3194.93,1444.67,0.0,0.0,,-3194.93
129,19,2.00,12,24.71,41.30,30.00,0.0,1999.87,0.0,0.0,,0.0
129,20,2.00,12,22.40,41.23,32.16,0.0,2375.31,0.0,0.0,,0.0
129,21,2.00,12,20.57,37.43,29.99,0.0,0.00,0.0,0.0,,0.0
129,22,2.00,12,18.96,34.05,27.91,0.0,0.00,0.0,0.0,,0.0
129,23,2.00,12,17.73,31.07,25.99,0.0,0.00,0.0,0.0,,0.0
129,24,2.00,12,16.22,28.35,24.14,0.0,0.00,0.0,0.0,,0.0
129,1,3.00,12,14.83,25.87,22.38,0.0,0.00,0.0,0.0,,0.0
129,2,3.00,12,13.87,23.67,20.78,0.0,0.00,0.0,0.0,,0.0
129,3,3.00,12,13.15,21.74,19.34,0.0,0.00,0.0,0.0,,0.0
129,4,3.00,12,12.28,19.99,18.00,0.0,0.00,0.0,0.0,,0.0
129,5,3.00,12,11.14,18.34,16.69,0.0,0.00,0.0,-0.0,,0.0
129,6,3.00,12,10.43,16.87,15.50,0.0,0.00,0.0,-0.0,,0.0
129,7,3.00,12,10.92,16.02,14.89,0.0,75.78,0.0,-0.0,,0.0
129,8,3.00,12,12.63,21.73,20.79,0.0,2882.96,0.0,0.0,,0.0
129,9,3.00,12,14.42,26.12,25.34,0.0,2528.57,0.0,0.0,,0.0
129,10,3.00,12,16.77,29.04,28.40,0.0,1712.65,0.0,0.0,,0.0
129,11,3.00,12,19.48,31.29,30.76,0.0,1225.19,0.0,0.0,,0.0
129,12,3.00,12,21.78,33.50,33.05,0.0,1209.44,0.0,0.0,,0.0
129,13,3.00,12,23.52,35.82,35.45,0.0,1389.80,0.0,0.0,,0.0
129,14,3.00,12,24.26,37.83,37.53,0.0,1450.58,0.0,0.0,,0.0
129,15,3.00,12,24.97,39.77,39.52,0.0,1539.02,0.0,0.0,,0.0
129,16,3.00,12,24.77,41.20,40.99,0.0,1439.48,0.0,0.0,,0.0
129,17,3.00,12,24.09,41.93,41.76,0.0,1212.00,0.0,0.0,,0.0
129,18,3.00,12,22.43,42.51,42.37,0.0,1444.67,0.0,0.0,,0.0
129,19,3.00,12,22.04,41.55,41.43,0.0,1999.87,0.0,0.0,,0.0
129,20,3.00,12,20.13,41.01,40.91,0.0,2375.31,0.0,0.0,,0.0
129,21,3.00,12,18.23,36.84,36.75,0.0,0.00,0.0,0.0,,0.0
129,22,3.00,12,16.40,33.11,33.04,0.0,0.00,0.0,0.0,,0.0
129,23,3.00,12,14.84,29.79,29.73,0.0,0.00,0.0,0.0,,0.0
129,24,3.00,12,14.19,26.98,26.93,0.0,0.00,0.0,0.0,,0.0
129,1,4.00,12,13.03,24.44,24.40,0.0,0.00,0.0,0.0,,0.0
129,2,4.00,12,13.42,22.47,22.44,0.0,0.00,0.0,0.0,,0.0
129,3,4.00,12,12.84,20.72,20.69,0.0,0.00,0.0,0.0,,0.0
129,4,4.00,12,12.62,19.23,19.21,0.0,0.00,0.0,0.0,,0.0
129,5,4.00,12,13.06,18.11,18.09,0.0,0.00,0.0,0.0,,0.0
129,6,4.00,12,12.91,17.13,17.12,0.0,0.00,0.0,-0.0,,0.0
129,7,4.00,12,12.12,16.40,16.39,0.0,75.78,0.0,-0.0,,0.0
129,8,4.00,12,11.89,21.83,21.81,0.0,2882.96,0.0,0.0,,0.0
129,9,4.00,12,12.04,25.71,25.70,0.0,2528.57,0.0,0.0,,0.0
129,10,4.00,12,11.97,27.77,27.76,0.0,1712.65,0.0,0.0,,0.0
129,11,4.00,12,13.01,29.05,29.04,0.0,1225.19,0.0,0.0,,0.0
129,12,4.00,12,14.67,30.39,30.38,0.0,1209.44,0.0,0.0,,0.0
129,13,4.00,12,15.84,31.90,31.90,0.0,1389.80,0.0,0.0,,0.0
129,14,4.00,12,15.75,33.11,33.10,0.0,1450.58,0.0,0.0,,0.0
129,15,4.00,12,16.22,34.37,34.36,0.0,1539.02,0.0,0.0,,0.0
129,16,4.00,12,15.98,35.23,35.23,0.0,1439.48,0.0,0.0,,0.0
129,17,4.00,12,15.57,35.56,35.55,0.0,1212.00,0.0,0.0,,0.0
129,18,4.00,12,14.36,35.89,35.89,0.0,1444.67,0.0,0.0,,0.0
129,19,4.00,12,13.29,34.56,34.56,0.0,1999.87,0.0,0.0,,0.0
129,20,4.00,12,11.72,33.81,33.81,0.0,2375.31,0.0,0.0,,0.0
129,21,4.00,12,10.69,29.64,29.64,0.0,0.00,0.0,0.0,,0.0
129,22,4.00,12,10.13,26.15,26.15,0.0,0.00,0.0,0.0,,0.0
129,23,4.00,12,9.96,23.27,23.27,0.0,0.00,0.0,0.0,,0.0
129,24,4.00,12,10.21,20.96,20.96,0.0,0.00,0.0,0.0,,0.0
129,1,5.00,12,10.27,19.06,19.06,0.0,0.00,0.0,0.0,,0.0
129,2,5.00,12,10.29,17.48,17.48,0.0,0.00,0.0,0.0,,0.0
129,3,5.00,12,9.36,15.98,15.98,0.0,0.00,0.0,0.0,,0.0
129,4,5.00,12,8.93,14.68,14.67,0.0,0.00,0.0,-0.0,,0.0
129,5,5.00,12,8.98,13.63,13.62,0.0,0.00,0.0,-0.0,,0.0
129,6,5.00,12,8.34,12.62,12.62,0.0,0.00,0.0,-0.0,,0.0
129,7,5.00,12,8.05,12.00,11.99,0.0,75.78,0.0,-0.0,,0.0
129,8,5.00,12,8.62,16.95,21.43,2816.97,2882.96,0.0,0.0,,2816.97
129,9,5.00,12,9.76,20.55,23.15,0.0,2528.57,0.0,0.0,,0.0
129,10,5.00,12,12.03,22.90,24.71,0.0,1712.65,0.0,0.0,,0.0
129,11,5.00,12,14.10,24.59,25.96,0.0,1225.19,0.0,0.0,,0.0
129,12,5.00,12,16.18,26.34,26.43,-607.91,1209.44,0.0,0.0,,-607.91
129,13,5.00,12,18.00,28.29,26.43,-1337.02,1389.80,0.0,0.0,,-1337.02
129,14,5.00,12,19.52,30.14,26.43,-1719.63,1450.58,0.0,0.0,,-1719.63
129,15,5.00,12,20.56,31.93,26.43,-2054.58,1539.02,0.0,0.0,,-2054.58
129,16,5.00,12,21.53,33.43,26.43,-2212.77,1439.48,0.0,0.0,,-2212.77
129,17,5.00,12,21.31,34.20,26.43,-2013.8,1212.00,0.0,0.0,,-2013.8
129,18,5.00,12,20.37,34.83,26.43,-1997.37,1444.67,0.0,0.0,,-1997.37
129,19,5.00,12,19.28,35.01,28.75,0.0,1999.87,0.0,0.0,,0.0
129,20,5.00,12,17.42,35.21,30.21,0.0,2375.31,0.0,0.0,,0.0
129,21,5.00,12,15.28,31.55,27.45,0.0,0.00,0.0,0.0,,0.0
129,22,5.00,12,13.93,28.33,24.96,0.0,0.00,0.0,0.0,,0.0
129,23,5.00,12,12.79,25.51,22.71,0.0,0.00,0.0,0.0,,0.0
129,24,5.00,12,11.96,23.05,20.74,0.0,0.00,0.0,0.0,,0.0
129,1,6.00,12,14.43,21.58,19.66,0.0,0.00,0.0,0.0,,0.0
129,2,6.00,12,13.88,20.17,18.58,0.0,0.00,0.0,0.0,,0.0
129,3,6.00,12,13.59,18.95,17.63,0.0,0.00,0.0,0.0,,0.0
129,4,6.00,12,13.19,17.86,16.77,0.0,0.00,0.0,-0.0,,0.0
129,5,6.00,12,12.28,16.79,15.88,0.0,0.00,0.0,-0.0,,0.0
129,6,6.00,12,11.49,15.76,15.01,0.0,0.00,0.0,-0.0,,0.0
129,7,6.00,12,11.26,15.13,14.51,0.0,75.78,0.0,-0.0,,0.0
129,8,6.00,12,11.68,20.77,20.25,0.0,2882.96,0.0,0.0,,0.0
129,9,6.00,12,13.59,25.18,24.75,0.0,2528.57,0.0,0.0,,0.0
129,10,6.00,12,15.11,27.95,27.59,0.0,1712.65,0.0,0.0,,0.0
129,11,6.00,12,16.96,29.91,29.62,0.0,1225.19,0.0,0.0,,0.0
129,12,6.00,12,18.97,31.86,31.61,0.0,1209.44,0.0,0.0,,0.0
129,13,6.00,12,19.84,33.79,33.59,0.0,1389.80,0.0,0.0,,0.0
129,14,6.00,12,20.82,35.57,35.41,0.0,1450.58,0.0,0.0,,0.0
129,15,6.00,12,21.61,37.34,37.20,0.0,1539.02,0.0,0.0,,0.0
129,16,6.00,12,21.85,38.71,38.59,0.0,1439.48,0.0,0.0,,0.0
129,17,6.00,12,21.22,39.39,39.30,0.0,1212.00,0.0,0.0,,0.0
129,18,6.00,12,20.26,40.07,39.99,0.0,1444.67,0.0,0.0,,0.0
129,19,6.00,12,19.10,39.01,38.94,0.0,1999.87,0.0,0.0,,0.0
129,20,6.00,12,16.69,38.30,38.24,0.0,2375.31,0.0,0.0,,0.0
129,21,6.00,12,14.78,34.00,33.96,0.0,0.00,0.0,0.0,,0.0
129,22,6.00,12,13.56,30.31,30.27,0.0,0.00,0.0,0.0,,0.0
129,23,6.00,12,12.73,27.15,27.11,0.0,0.00,0.0,0.0,,0.0
129,24,6.00,12,11.93,24.41,24.38,0.0,0.00,0.0,0.0,,0.0
129,1,7.00,12,10.95,21.97,21.95,0.0,0.00,0.0,0.0,,0.0
129,2,7.00,12,10.37,19.87,19.85,0.0,0.00,0.0,0.0,,0.0
129,3,7.00,12,9.85,18.05,18.04,0.0,0.00,0.0,0.0,,0.0
129,4,7.00,12,9.43,16.48,16.47,0.0,0.00,0.0,0.0,,0.0
129,5,7.00,12,8.76,15.05,15.04,0.0,0.00,0.0,0.0,,0.0
129,6,7.00,12,8.14,13.77,13.76,0.0,0.00,0.0,0.0,,0.0
129,7,7.00,12,9.28,13.21,13.20,0.0,75.78,0.0,-0.0,,0.0
129,8,7.00,12,10.33,18.98,18.98,0.0,2882.96,0.0,0.0,,0.0
129,9,7.00,12,12.85,23.61,23.60,0.0,2528.57,0.0,0.0,,0.0
129,10,7.00,12,15.74,26.82,26.82,0.0,1712.65,0.0,0.0,,0.0
129,11,7.00,12,18.55,29.30,29.30,0.0,1225.19,0.0,0.0,,0.0
129,12,7.00,12,21.17,31.77,31.76,0.0,1209.44,0.0,0.0,,0.0
129,13,7.00,12,23.62,34.43,34.43,0.0,1389.80,0.0,0.0,,0.0
129,14,7.00,12,25.49,36.95,36.94,0.0,1450.58,0.0,0.0,,0.0
129,15,7.00,12,27.15,39.46,39.46,0.0,1539.02,0.0,0.0,,0.0
129,16,7.00,12,27.98,41.54,41.54,0.0,1439.48,0.0,0.0,,0.0
129,17,7.00,12,27.13,42.74,42.73,0.0,1212.00,0.0,0.0,,0.0
129,18,7.00,12,25.79,43.76,43.76,0.0,1444.67,0.0,0.0,,0.0
129,19,7.00,12,24.06,42.87,42.87,0.0,1999.87,0.0,0.0,,0.0
129,20,7.00,12,21.17,42.23,42.23,0.0,2375.31,0.0,0.0,,0.0
129,21,7.00,12,18.43,37.83,37.83,0.0,0.00,0.0,0.0,,0.0
129,22,7.00,12,16.96,34.04,34.03,0.0,0.00,0.0,0.0,,0.0
129,23,7.00,12,15.70,30.71,30.71,0.0,0.00,0.0,0.0,,0.0
129,24,7.00,12,14.59,27.79,27.79,0.0,0.00,0.0,0.0,,0.0
129,1,1.00,1,13.46,25.19,25.19,0.0,0.00,0.0,0.0,,0.0
129,2,1.00,1,12.48,22.88,22.88,0.0,0.00,0.0,0.0,,0.0
129,3,1.00,1,11.84,20.87,20.87,0.0,0.00,0.0,0.0,,0.0
129,4,1.00,1,11.01,19.06,19.06,0.0,0.00,0.0,0.0,,0.0
129,5,1.00,1,9.92,17.36,17.36,0.0,0.00,0.0,0.0,,0.0
129,6,1.00,1,8.86,15.78,15.78,0.0,0.00,0.0,0.0,,0.0
129,7,1.00,1,9.98,14.78,14.78,0.0,25.84,0.0,0.0,,0.0
129,8,1.00,1,11.17,19.57,21.83,1423.54,2787.54,0.0,0.0,,1423.54
129,9,1.00,1,14.13,23.53,24.84,0.0,2429.36,0.0,0.0,,0.0
129,10,1.00,1,16.93,26.33,26.83,-261.53,1698.66,0.0,0.0,,-261.53
129,11,1.00,1,20.13,28.37,26.83,-1252.28,994.15,0.0,0.0,,-1252.28
129,12,1.00,1,23.36,30.95,26.83,-2095.24,1199.32,0.0,0.0,,-2095.24
129,13,1.00,1,26.07,33.55,26.83,-2688.28,1252.48,0.0,0.0,,-2688.28
129,14,1.00,1,28.00,35.87,26.83,-3035.54,1231.18,0.0,0.0,,-3035.54
129,15,1.00,1,29.47,37.95,26.83,-3317.85,1221.41,0.0,0.0,,-3317.85
129,16,1.00,1,30.52,39.76,26.83,-3513.43,1172.03,0.0,0.0,,-3513.43
129,17,1.00,1,29.71,40.84,26.83,-3357.69,1115.03,0.0,0.0,,-3357.69
129,18,1.00,1,28.44,41.13,26.83,-2992.11,942.68,0.0,0.0,,-2992.11
129,19,1.00,1,26.69,41.00,30.19,0.0,1661.41,0.0,0.0,,0.0
129,20,1.00,1,23.82,40.80,32.13,0.0,2068.12,0.0,0.0,,0.0
129,21,1.00,1,21.09,37.13,30.01,0.0,0.00,0.0,0.0,,0.0
129,22,1.00,1,19.22,33.83,27.95,0.0,0.00,0.0,0.0,,0.0
129,23,1.00,1,18.07,30.94,26.08,0.0,0.00,0.0,0.0,,0.0
129,24,1.00,1,16.87,28.37,24.34,0.0,0.00,0.0,0.0,,0.0
129,1,2.00,1,15.71,26.04,22.71,0.0,0.00,0.0,0.0,,0.0
129,2,2.00,1,14.53,23.92,21.15,0.0,0.00,0.0,0.0,,0.0
129,3,2.00,1,13.48,21.99,19.70,0.0,0.00,0.0,0.0,,0.0
129,4,2.00,1,12.58,20.24,18.34,0.0,0.00,0.0,0.0,,0.0
129,5,2.00,1,11.61,18.63,17.06,0.0,0.00,0.0,0.0,,0.0
129,6,2.00,1,10.75,17.16,15.85,0.0,0.00,0.0,0.0,,0.0
129,7,2.00,1,11.80,16.24,15.15,0.0,25.84,0.0,-0.0,,0.0
129,8,2.00,1,12.54,20.98,21.83,1056.71,2787.54,0.0,0.0,,1056.71
129,9,2.00,1,14.80,24.73,25.06,0.0,2429.36,0.0,0.0,,0.0
129,10,2.00,1,17.20,27.30,26.83,-403.27,1698.66,0.0,0.0,,-403.27
129,11,2.00,1,19.98,29.06,26.83,-1243.19,994.15,0.0,0.0,,-1243.19
129,12,2.00,1,23.09,31.42,26.83,-2055.34,1199.32,0.0,0.0,,-2055.34
129,13,2.00,1,25.64,33.82,26.83,-2616.16,1252.48,0.0,0.0,,-2616.16
129,14,2.00,1,27.47,35.95,26.83,-2942.2,1231.18,0.0,0.0,,-2942.2
129,15,2.00,1,28.87,37.88,26.83,-3210.31,1221.41,0.0,0.0,,-3210.31
129,16,2.00,1,28.29,39.13,26.83,-3123.15,1172.03,0.0,0.0,,-3123.15
129,17,2.00,1,27.36,39.82,26.83,-2937.56,1115.03,0.0,0.0,,-2937.56
129,18,2.00,1,25.91,39.77,26.83,-2534.14,942.68,0.0,0.0,,-2534.14
129,19,2.00,1,24.33,39.50,29.66,0.0,1661.41,0.0,0.0,,0.0
129,20,2.00,1,21.80,39.25,31.32,0.0,2068.12,0.0,0.0,,0.0
129,21,2.00,1,19.56,35.61,29.11,0.0,0.00,0.0,0.0,,0.0
129,22,2.00,1,18.21,32.42,27.05,0.0,0.00,0.0,0.0,,0.0
129,23,2.00,1,17.26,29.66,25.21,0.0,0.00,0.0,0.0,,0.0
129,24,2.00,1,16.33,27.23,23.54,0.0,0.00,0.0,0.0,,0.0
129,1,3.00,1,15.48,25.08,22.02,0.0,0.00,0.0,0.0,,0.0
129,2,3.00,1,14.68,23.16,20.63,0.0,0.00,0.0,0.0,,0.0
129,3,3.00,1,13.90,21.45,19.35,0.0,0.00,0.0,0.0,,0.0
129,4,3.00,1,13.10,19.90,18.16,0.0,0.00,0.0,0.0,,0.0
129,5,3.00,1,11.73,18.35,16.91,0.0,0.00,0.0,0.0,,0.0
129,6,3.00,1,10.83,16.93,15.74,0.0,0.00,0.0,-0.0,,0.0
129,7,3.00,1,11.60,16.00,15.01,0.0,25.84,0.0,-0.0,,0.0
129,8,3.00,1,12.86,20.89,21.83,1066.3,2787.54,0.0,0.0,,1066.3
129,9,3.00,1,14.97,24.69,25.09,0.0,2429.36,0.0,0.0,,0.0
129,10,3.00,1,17.93,27.46,26.83,-536.26,1698.66,0.0,0.0,,-536.26
129,11,3.00,1,20.85,29.39,26.83,-1397.49,994.15,0.0,0.0,,-1397.49
129,12,3.00,1,23.75,31.81,26.83,-2175.45,1199.32,0.0,0.0,,-2175.45
129,13,3.00,1,26.12,34.21,26.83,-2706.4,1252.48,0.0,0.0,,-2706.4
129,14,3.00,1,27.79,36.32,26.83,-3003.55,1231.18,0.0,0.0,,-3003.55
129,15,3.00,1,29.12,38.22,26.83,-3257.88,1221.41,0.0,0.0,,-3257.88
129,16,3.00,1,29.98,39.84,26.83,-3418.15,1172.03,0.0,0.0,,-3418.15
129,17,3.00,1,29.19,40.79,26.83,-3264.12,1115.03,0.0,0.0,,-3264.12
129,18,3.00,1,27.91,40.98,26.83,-2896.1,942.68,0.0,0.0,,-2896.1
129,19,3.00,1,26.20,40.80,30.08,0.0,1661.41,0.0,0.0,,0.0
129,20,3.00,1,23.32,40.56,31.94,0.0,2068.12,0.0,0.0,,0.0
129,21,3.00,1,20.58,36.84,29.77,0.0,0.00,0.0,0.0,,0.0
129,22,3.00,1,18.97,33.56,27.72,0.0,0.00,0.0,0.0,,0.0
129,23,3.00,1,17.97,30.71,25.88,0.0,0.00,0.0,0.0,,0.0
129,24,3.00,1,16.71,28.15,24.15,0.0,0.00,0.0,0.0,,0.0
129,1,4.00,1,15.50,25.82,22.51,0.0,0.00,0.0,0.0,,0.0
129,2,4.00,1,14.45,23.73,20.98,0.0,0.00,0.0,0.0,,0.0
129,3,4.00,1,13.00,21.74,19.46,0.0,0.00,0.0,0.0,,0.0
129,4,4.00,1,11.77,19.88,17.99,0.0,0.00,0.0,0.0,,0.0
129,5,4.00,1,12.70,18.59,17.03,0.0,0.00,0.0,0.0,,0.0
129,6,4.00,1,13.12,17.60,16.30,0.0,0.00,0.0,-0.0,,0.0
129,7,4.00,1,13.72,16.92,15.84,0.0,25.84,0.0,-0.0,,0.0
129,8,4.00,1,14.77,22.04,21.83,387.94,2787.54,0.0,0.0,,387.94
129,9,4.00,1,17.02,26.04,25.76,0.0,2429.36,0.0,0.0,,0.0
129,10,4.00,1,19.46,28.81,26.83,-1086.79,1698.66,0.0,0.0,,-1086.79
129,11,4.00,1,22.23,30.73,26.83,-1692.91,994.15,0.0,0.0,,-1692.91
129,12,4.00,1,24.82,33.07,26.83,-2394.99,1199.32,0.0,0.0,,-2394.99
129,13,4.00,1,26.90,35.34,26.83,-2861.36,1252.48,0.0,-68.83,,-2930.19
129,14,4.00,1,28.88,37.45,26.83,-3205.65,1231.18,0.0,0.0,,-3205.65
129,15,4.00,1,30.50,39.42,26.83,-3510.03,1221.41,0.0,-29.47,,-3539.5
129,16,4.00,1,31.20,41.04,26.83,-3642.51,1172.03,0.0,0.0,,-3642.51
129,17,4.00,1,30.59,42.04,26.83,-3519.59,1115.03,0.0,0.0,,-3519.59
129,18,4.00,1,29.56,42.33,26.83,-3194.6,942.68,0.0,0.0,,-3194.6
129,19,4.00,1,27.84,42.19,30.45,0.0,1661.41,0.0,0.0,,0.0
129,20,4.00,1,25.29,42.06,32.62,0.0,2068.12,0.0,0.0,,0.0
129,21,4.00,1,22.57,38.42,30.68,0.0,0.00,0.0,0.0,,0.0
129,22,4.00,1,20.91,35.19,28.80,0.0,0.00,0.0,0.0,,0.0
129,23,4.00,1,19.71,32.35,27.06,0.0,0.00,0.0,0.0,,0.0
129,24,4.00,1,18.81,29.88,25.49,0.0,0.00,0.0,0.0,,0.0
129,1,5.00,1,17.91,27.68,24.05,0.0,0.00,0.0,0.0,,0.0
129,2,5.00,1,16.96,25.70,22.69,0.0,0.00,0.0,0.0,,0.0
129,3,5.00,1,16.05,23.91,21.41,0.0,0.00,0.0,0.0,,0.0
129,4,5.00,1,15.16,22.27,20.20,0.0,0.00,0.0,0.0,,0.0
129,5,5.00,1,13.96,20.70,18.99,0.0,0.00,0.0,0.0,,0.0
129,6,5.00,1,12.96,19.24,17.82,0.0,0.00,0.0,-0.0,,0.0
129,7,5.00,1,12.55,18.02,16.84,0.0,25.84,0.0,-0.0,,0.0
129,8,5.00,1,13.61,22.59,21.83,88.7,2787.54,0.0,0.0,,88.7
129,9,5.00,1,16.00,26.25,25.63,0.0,2429.36,0.0,0.0,,0.0
129,10,5.00,1,18.54,28.79,26.83,-920.84,1698.66,0.0,0.0,,-920.84
129,11,5.00,1,21.46,30.56,26.83,-1567.55,994.15,0.0,0.0,,-1567.55
129,12,5.00,1,23.83,32.71,26.83,-2221.73,1199.32,0.0,0.0,,-2221.73
129,13,5.00,1,25.82,34.83,26.83,-2669.42,1252.48,0.0,0.0,,-2669.42
129,14,5.00,1,27.32,36.68,26.83,-2927.25,1231.18,0.0,0.0,,-2927.25
129,15,5.00,1,28.65,38.40,26.83,-3178.29,1221.41,0.0,0.0,,-3178.29
129,16,5.00,1,27.80,39.41,26.83,-3040.02,1172.03,0.0,0.0,,-3040.02
129,17,5.00,1,26.76,39.90,26.83,-2832.49,1115.03,0.0,0.0,,-2832.49
129,18,5.00,1,24.94,39.60,26.83,-2362.61,942.68,0.0,0.0,,-2362.61
129,19,5.00,1,22.65,39.07,29.29,0.0,1661.41,0.0,0.0,,0.0
129,20,5.00,1,19.93,38.56,30.68,0.0,2068.12,0.0,0.0,,0.0
129,21,5.00,1,18.11,34.81,28.34,0.0,0.00,0.0,0.0,,0.0
129,22,5.00,1,16.95,31.56,26.21,0.0,0.00,0.0,0.0,,0.0
129,23,5.00,1,16.25,28.79,24.36,0.0,0.00,0.0,0.0,,0.0
129,24,5.00,1,15.27,26.33,22.66,0.0,0.00,0.0,0.0,,0.0
129,1,6.00,1,14.55,24.18,21.14,0.0,0.00,0.0,0.0,,0.0
129,2,6.00,1,13.58,22.23,19.71,0.0,0.00,0.0,0.0,,0.0
129,3,6.00,1,12.68,20.47,18.38,0.0,0.00,0.0,0.0,,0.0
129,4,6.00,1,12.05,18.91,17.18,0.0,0.00,0.0,0.0,,0.0
129,5,6.00,1,10.69,17.36,15.93,0.0,0.00,0.0,-0.0,,0.0
129,6,6.00,1,9.82,15.95,14.76,0.0,0.00,0.0,-0.0,,0.0
129,7,6.00,1,11.13,15.13,14.14,0.0,25.84,0.0,-0.0,,0.0
129,8,6.00,1,11.26,20.54,19.72,0.0,2787.54,0.0,0.0,,0.0
129,9,6.00,1,13.47,24.84,24.16,0.0,2429.36,0.0,0.0,,0.0
129,10,6.00,1,16.00,27.86,27.30,0.0,1698.66,0.0,0.0,,0.0
129,11,6.00,1,19.02,29.95,29.49,0.0,994.15,0.0,0.0,,0.0
129,12,6.00,1,21.87,32.46,32.07,0.0,1199.32,0.0,0.0,,0.0
129,13,6.00,1,24.00,34.90,34.58,0.0,1252.48,0.0,0.0,,0.0
129,14,6.00,1,25.80,37.11,36.85,0.0,1231.18,0.0,0.0,,0.0
129,15,6.00,1,27.22,39.16,38.94,0.0,1221.41,0.0,0.0,,0.0
129,16,6.00,1,28.00,40.94,40.76,0.0,1172.03,0.0,0.0,,0.0
129,17,6.00,1,27.28,42.18,42.02,0.0,1115.03,0.0,0.0,,0.0
129,18,6.00,1,26.19,42.73,42.61,0.0,942.68,0.0,0.0,,0.0
129,19,6.00,1,24.63,41.72,41.61,0.0,1661.41,0.0,0.0,,0.0
129,20,6.00,1,22.21,41.08,40.99,0.0,2068.12,0.0,0.0,,0.0
129,21,6.00,1,19.60,37.10,37.03,0.0,0.00,0.0,0.0,,0.0
129,22,6.00,1,18.07,33.62,33.56,0.0,0.00,0.0,0.0,,0.0
129,23,6.00,1,16.99,30.60,30.55,0.0,0.00,0.0,0.0,,0.0
129,24,6.00,1,15.93,27.93,27.89,0.0,0.00,0.0,0.0,,0.0
129,1,7.00,1,14.96,25.56,25.53,0.0,0.00,0.0,0.0,,0.0
129,2,7.00,1,14.22,23.49,23.46,0.0,0.00,0.0,0.0,,0.0
129,3,7.00,1,13.51,21.66,21.64,0.0,0.00,0.0,0.0,,0.0
129,4,7.00,1,12.91,20.05,20.03,0.0,0.00,0.0,0.0,,0.0
129,5,7.00,1,12.07,18.56,18.54,0.0,0.00,0.0,0.0,,0.0
129,6,7.00,1,11.24,17.18,17.17,0.0,0.00,0.0,0.0,,0.0
129,7,7.00,1,11.98,16.28,16.26,0.0,25.84,0.0,-0.0,,0.0
129,8,7.00,1,13.07,21.83,21.82,0.0,2787.54,0.0,0.0,,0.0
129,9,7.00,1,15.37,26.24,26.23,0.0,2429.36,0.0,0.0,,0.0
129,10,7.00,1,18.08,29.39,29.38,0.0,1698.66,0.0,0.0,,0.0
129,11,7.00,1,20.99,31.54,31.54,0.0,994.15,0.0,0.0,,0.0
129,12,7.00,1,23.49,34.03,34.03,0.0,1199.32,0.0,0.0,,0.0
129,13,7.00,1,25.49,36.45,36.44,0.0,1252.48,0.0,0.0,,0.0
129,14,7.00,1,27.18,38.62,38.62,0.0,1231.18,0.0,0.0,,0.0
129,15,7.00,1,28.58,40.64,40.64,0.0,1221.41,0.0,0.0,,0.0
129,16,7.00,1,29.32,42.39,42.39,0.0,1172.03,0.0,0.0,,0.0
129,17,7.00,1,28.37,43.55,43.54,0.0,1115.03,0.0,0.0,,0.0
129,18,7.00,1,27.18,44.03,44.03,0.0,942.68,0.0,0.0,,0.0
129,19,7.00,1,25.45,42.92,42.92,0.0,1661.41,0.0,0.0,,0.0
129,20,7.00,1,22.89,42.19,42.18,0.0,2068.12,0.0,0.0,,0.0
129,21,7.00,1,20.34,38.14,38.14,0.0,0.00,0.0,0.0,,0.0
129,22,7.00,1,18.64,34.57,34.57,0.0,0.00,0.0,0.0,,0.0
129,23,7.00,1,17.53,31.47,31.47,0.0,0.00,0.0,0.0,,0.0
129,24,7.00,1,16.22,28.69,28.69,0.0,0.00,0.0,0.0,,0.0
129,1,1.00,1,15.31,26.26,26.25,0.0,0.00,0.0,0.0,,0.0
129,2,1.00,1,14.72,24.16,24.15,0.0,0.00,0.0,0.0,,0.0
129,3,1.00,1,14.03,22.30,22.30,0.0,0.00,0.0,0.0,,0.0
129,4,1.00,1,13.39,20.66,20.66,0.0,0.00,0.0,0.0,,0.0
129,5,1.00,1,12.23,19.08,19.08,0.0,0.00,0.0,0.0,,0.0
129,6,1.00,1,11.11,17.58,17.58,0.0,0.00,0.0,-0.0,,0.0
129,7,1.00,1,11.98,16.60,16.60,0.0,25.84,0.0,-0.0,,0.0
129,8,1.00,1,13.18,21.43,21.83,256.3,2787.54,0.0,0.0,,256.3
129,9,1.00,1,15.56,25.25,25.49,0.0,2429.36,0.0,0.0,,0.0
129,10,1.00,1,18.17,27.93,26.83,-795.48,1698.66,0.0,0.0,,-795.48
129,11,1.00,1,20.88,29.76,26.83,-1454.17,994.15,0.0,0.0,,-1454.17
129,12,1.00,1,23.12,31.91,26.83,-2090.52,1199.32,0.0,0.0,,-2090.52
129,13,1.00,1,25.37,34.12,26.83,-2583.98,1252.48,0.0,-175.93,,-2759.91
129,14,1.00,1,27.49,36.21,26.83,-2951.42,1231.18,0.0,-207.04,,-3158.46
129,15,1.00,1,29.15,38.16,26.83,-3261.99,1221.41,0.0,-174.14,,-3436.1299999999997
129,16,1.00,1,30.29,39.89,26.83,-3472.01,1172.03,0.0,-232.11,,-3704.1200000000003
129,17,1.00,1,29.46,40.89,26.83,-3312.6,1115.03,0.0,0.0,,-3312.6
129,18,1.00,1,28.23,41.13,26.83,-2954.31,942.68,0.0,0.0,,-2954.31
129,19,1.00,1,26.47,40.96,30.14,0.0,1661.41,0.0,0.0,,0.0
129,20,1.00,1,23.70,40.76,32.07,0.0,2068.12,0.0,0.0,,0.0
129,21,1.00,1,20.95,37.08,29.94,0.0,0.00,0.0,0.0,,0.0
129,22,1.00,1,19.41,33.83,27.94,0.0,0.00,0.0,0.0,,0.0
129,23,1.00,1,18.04,30.94,26.06,0.0,0.00,0.0,0.0,,0.0
129,24,1.00,1,16.85,28.36,24.32,0.0,0.00,0.0,0.0,,0.0
129,1,2.00,1,15.88,26.07,22.73,0.0,0.00,0.0,0.0,,0.0
129,2,2.00,1,15.23,24.09,21.31,0.0,0.00,0.0,0.0,,0.0
129,3,2.00,1,14.59,22.34,20.04,0.0,0.00,0.0,0.0,,0.0
129,4,2.00,1,13.92,20.78,18.87,0.0,0.00,0.0,0.0,,0.0
129,5,2.00,1,12.98,19.32,17.74,0.0,0.00,0.0,-0.0,,0.0
129,6,2.00,1,11.86,17.90,16.59,0.0,0.00,0.0,-0.0,,0.0
129,7,2.00,1,12.59,16.97,15.88,0.0,25.84,0.0,-0.0,,0.0
129,8,2.00,1,13.61,21.80,21.83,541.75,2787.54,0.0,0.0,,541.75
129,9,2.00,1,15.69,25.55,25.41,0.0,2429.36,0.0,0.0,,0.0
129,10,2.00,1,18.02,28.12,26.83,-708.3,1698.66,0.0,0.0,,-708.3
129,11,2.00,1,20.50,29.80,26.83,-1370.81,994.15,0.0,0.0,,-1370.81
129,12,2.00,1,23.08,31.96,26.83,-2073.88,1199.32,0.0,0.0,,-2073.88
129,13,2.00,1,25.22,34.12,26.83,-2554.09,1252.48,0.0,-221.76,,-2775.8500000000004
129,14,2.00,1,27.09,36.10,26.83,-2878.6,1231.18,0.0,-303.28,,-3181.88
129,15,2.00,1,28.35,37.88,26.83,-3120.76,1221.41,0.0,-244.32,,-3365.0800000000004
129,16,2.00,1,29.14,39.40,26.83,-3267.34,1172.03,0.0,-129.78,,-3397.1200000000003
129,17,2.00,1,28.22,40.23,26.83,-3089.64,1115.03,0.0,0.0,,-3089.64
129,18,2.00,1,26.79,40.29,26.83,-2694.61,942.68,0.0,0.0,,-2694.61
129,19,2.00,1,25.02,40.03,29.82,0.0,1661.41,0.0,0.0,,0.0
129,20,2.00,1,22.65,39.84,31.61,0.0,2068.12,0.0,0.0,,0.0
129,21,2.00,1,20.11,36.18,29.43,0.0,0.00,0.0,0.0,,0.0
129,22,2.00,1,18.43,32.92,27.35,0.0,0.00,0.0,0.0,,0.0
129,23,2.00,1,17.29,30.06,25.45,0.0,0.00,0.0,0.0,,0.0
129,24,2.00,1,16.23,27.54,23.72,0.0,0.00,0.0,0.0,,0.0
129,1,3.00,1,15.23,25.28,22.12,0.0,0.00,0.0,0.0,,0.0
129,2,3.00,1,14.36,23.28,20.65,0.0,0.00,0.0,0.0,,0.0
129,3,3.00,1,13.64,21.50,19.33,0.0,0.00,0.0,0.0,,0.0
129,4,3.00,1,12.75,19.88,18.08,0.0,0.00,0.0,0.0,,0.0
129,5,3.00,1,11.74,18.35,16.86,0.0,0.00,0.0,-0.0,,0.0
129,6,3.00,1,10.99,16.97,15.73,0.0,0.00,0.0,-0.0,,0.0
129,7,3.00,1,12.09,16.13,15.11,0.0,25.84,0.0,-0.0,,0.0
129,8,3.00,1,13.47,21.15,21.83,923.24,2787.54,0.0,0.0,,923.24
129,9,3.00,1,15.95,25.13,25.37,0.0,2429.36,0.0,0.0,,0.0
129,10,3.00,1,18.40,27.88,26.83,-731.45,1698.66,0.0,0.0,,-731.45
129,11,3.00,1,21.25,29.80,26.83,-1487.76,994.15,0.0,0.0,,-1487.76
129,12,3.00,1,24.36,32.27,26.83,-2293.27,1199.32,0.0,-28.68,,-2321.95
129,13,3.00,1,26.78,34.72,26.83,-2828.94,1252.48,0.0,-291.03,,-3119.9700000000003
129,14,3.00,1,28.63,36.91,26.83,-3156.78,1231.18,0.0,-224.37,,-3381.15
129,15,3.00,1,29.84,38.83,26.83,-3392.25,1221.41,0.0,-56.33,,-3448.58
129,16,3.00,1,29.37,40.11,26.83,-3321.22,1172.03,0.0,-32.86,,-3354.08
129,17,3.00,1,28.25,40.76,26.83,-3104.2,1115.03,0.0,0.0,,-3104.2
129,18,3.00,1,26.61,40.65,26.83,-2667.5,942.68,0.0,0.0,,-2667.5
129,19,3.00,1,24.60,40.26,29.73,0.0,1661.41,0.0,0.0,,0.0
129,20,3.00,1,21.88,39.88,31.40,0.0,2068.12,0.0,0.0,,0.0
129,21,3.00,1,19.72,36.16,29.20,0.0,0.00,0.0,0.0,,0.0
129,22,3.00,1,18.24,32.88,27.13,0.0,0.00,0.0,0.0,,0.0
129,23,3.00,1,17.37,30.06,25.30,0.0,0.00,0.0,0.0,,0.0
129,24,3.00,1,16.61,27.62,23.67,0.0,0.00,0.0,0.0,,0.0
129,1,4.00,1,15.85,25.47,22.20,0.0,0.00,0.0,0.0,,0.0
129,2,4.00,1,15.10,23.56,20.86,0.0,0.00,0.0,0.0,,0.0
129,3,4.00,1,14.32,21.86,19.61,0.0,0.00,0.0,0.0,,0.0
129,4,4.00,1,13.77,20.36,18.50,0.0,0.00,0.0,0.0,,0.0
129,5,4.00,1,12.73,18.92,17.38,0.0,0.00,0.0,-0.0,,0.0
129,6,4.00,1,11.80,17.57,16.29,0.0,0.00,0.0,-0.0,,0.0
129,7,4.00,1,12.60,16.70,15.64,0.0,25.84,0.0,-0.0,,0.0
129,8,4.00,1,13.63,21.60,21.83,653.3,2787.54,0.0,0.0,,653.3
129,9,4.00,1,15.22,25.27,25.24,0.0,2429.36,0.0,0.0,,0.0
129,10,4.00,1,16.97,27.63,26.83,-454.43,1698.66,0.0,0.0,,-454.43
129,11,4.00,1,18.98,29.06,26.83,-1090.18,994.15,0.0,0.0,,-1090.18
129,12,4.00,1,21.36,30.99,26.83,-1760.5,1199.32,0.0,0.0,,-1760.5
129,13,4.00,1,22.97,32.84,26.83,-2148.13,1252.48,0.0,-66.71,,-2214.84
129,14,4.00,1,24.72,34.58,26.83,-2450.1,1231.18,0.0,-127.35,,-2577.45
129,15,4.00,1,25.82,36.14,26.83,-2660.79,1221.41,0.0,-103.07,,-2763.86
129,16,4.00,1,25.43,37.16,26.83,-2601.88,1172.03,0.0,0.0,,-2601.88
129,17,4.00,1,24.46,37.66,26.83,-2409.85,1115.03,0.0,0.0,,-2409.85
129,18,4.00,1,23.12,37.49,26.83,-2025.07,942.68,0.0,0.0,,-2025.07
129,19,4.00,1,21.49,37.15,29.02,0.0,1661.41,0.0,0.0,,0.0
129,20,4.00,1,19.47,36.93,30.38,0.0,2068.12,0.0,0.0,,0.0
129,21,4.00,1,17.63,33.39,28.01,0.0,0.00,0.0,0.0,,0.0
129,22,4.00,1,16.19,30.25,25.80,0.0,0.00,0.0,0.0,,0.0
129,23,4.00,1,15.28,27.53,23.85,0.0,0.00,0.0,0.0,,0.0
129,24,4.00,1,14.30,25.12,22.07,0.0,0.00,0.0,0.0,,0.0
129,1,5.00,1,13.52,23.00,20.47,0.0,0.00,0.0,0.0,,0.0
129,2,5.00,1,12.85,21.14,19.05,0.0,0.00,0.0,0.0,,0.0
129,3,5.00,1,12.27,19.51,17.78,0.0,0.00,0.0,0.0,,0.0
129,4,5.00,1,11.73,18.07,16.63,0.0,0.00,0.0,-0.0,,0.0
129,5,5.00,1,11.26,16.80,15.61,0.0,0.00,0.0,-0.0,,0.0
129,6,5.00,1,10.60,15.63,14.65,0.0,0.00,0.0,-0.0,,0.0
129,7,5.00,1,11.50,14.92,14.10,0.0,25.84,0.0,-0.0,,0.0
129,8,5.00,1,12.75,20.05,21.83,1516.51,2787.54,0.0,0.0,,1516.51
129,9,5.00,1,14.88,24.02,24.93,0.0,2429.36,0.0,0.0,,0.0
129,10,5.00,1,17.18,26.73,26.83,-310.57,1698.66,0.0,0.0,,-310.57
129,11,5.00,1,20.08,28.65,26.83,-1237.81,994.15,0.0,0.0,,-1237.81
129,12,5.00,1,23.18,31.12,26.83,-2062.02,1199.32,0.0,0.0,,-2062.02
129,13,5.00,1,25.88,33.64,26.83,-2654.95,1252.48,0.0,-157.95,,-2812.8999999999996
129,14,5.00,1,27.61,35.84,26.83,-2966.27,1231.18,0.0,-90.85,,-3057.12
129,15,5.00,1,28.76,37.76,26.83,-3193.24,1221.41,0.0,0.0,,-3193.24
129,16,5.00,1,27.97,38.95,26.83,-3069.13,1172.03,0.0,0.0,,-3069.13
129,17,5.00,1,26.86,39.55,26.83,-2851.56,1115.03,0.0,0.0,,-2851.56
129,18,5.00,1,25.63,39.52,26.83,-2484.78,942.68,0.0,0.0,,-2484.78
129,19,5.00,1,23.61,39.16,29.50,0.0,1661.41,0.0,0.0,,0.0
129,20,5.00,1,21.04,38.83,31.06,0.0,2068.12,0.0,0.0,,0.0
129,21,5.00,1,18.71,35.12,28.74,0.0,0.00,0.0,0.0,,0.0
129,22,5.00,1,17.08,31.81,26.54,0.0,0.00,0.0,0.0,,0.0
129,23,5.00,1,15.48,28.82,24.46,0.0,0.00,0.0,0.0,,0.0
129,24,5.00,1,14.40,26.20,22.58,0.0,0.00,0.0,0.0,,0.0
129,1,6.00,1,13.15,23.81,20.82,0.0,0.00,0.0,0.0,,0.0
129,2,6.00,1,12.14,21.68,19.19,0.0,0.00,0.0,0.0,,0.0
129,3,6.00,1,10.90,19.69,17.63,0.0,0.00,0.0,0.0,,0.0
129,4,6.00,1,11.78,18.28,16.58,0.0,0.00,0.0,0.0,,0.0
129,5,6.00,1,12.62,17.27,15.86,0.0,0.00,0.0,-0.0,,0.0
129,6,6.00,1,13.03,16.49,15.32,0.0,0.00,0.0,-0.0,,0.0
129,7,6.00,1,13.65,16.00,15.03,0.0,25.84,0.0,-0.0,,0.0
129,8,6.00,1,14.87,21.92,21.11,0.0,2787.54,0.0,0.0,,0.0
129,9,6.00,1,16.54,26.49,25.82,0.0,2429.36,0.0,0.0,,0.0
129,10,6.00,1,18.61,29.65,29.09,0.0,1698.66,0.0,0.0,,0.0
129,11,6.00,1,20.80,31.69,31.23,0.0,994.15,0.0,0.0,,0.0
129,12,6.00,1,22.70,33.99,33.61,0.0,1199.32,0.0,0.0,,0.0
129,13,6.00,1,24.53,36.24,35.92,0.0,1252.48,0.0,0.0,,0.0
129,14,6.00,1,26.19,38.28,38.01,0.0,1231.18,0.0,0.0,,0.0
129,15,6.00,1,27.58,40.18,39.97,0.0,1221.41,0.0,0.0,,0.0
129,16,6.00,1,27.08,41.58,41.40,0.0,1172.03,0.0,0.0,,0.0
129,17,6.00,1,26.13,42.49,42.34,0.0,1115.03,0.0,0.0,,0.0
129,18,6.00,1,24.79,42.75,42.62,0.0,942.68,0.0,0.0,,0.0
129,19,6.00,1,22.69,41.38,41.27,0.0,1661.41,0.0,0.0,,0.0
129,20,6.00,1,20.70,40.55,40.47,0.0,2068.12,0.0,0.0,,0.0
129,21,6.00,1,18.89,36.58,36.51,0.0,0.00,0.0,0.0,,0.0
129,22,6.00,1,17.34,33.08,33.02,0.0,0.00,0.0,0.0,,0.0
129,23,6.00,1,15.74,29.92,29.87,0.0,0.00,0.0,0.0,,0.0
129,24,6.00,1,14.98,27.22,27.17,0.0,0.00,0.0,0.0,,0.0
129,1,7.00,1,14.13,24.84,24.81,0.0,0.00,0.0,0.0,,0.0
129,2,7.00,1,13.59,22.80,22.77,0.0,0.00,0.0,0.0,,0.0
129,3,7.00,1,13.14,21.04,21.01,0.0,0.00,0.0,0.0,,0.0
129,4,7.00,1,13.03,19.58,19.56,0.0,0.00,0.0,0.0,,0.0
129,5,7.00,1,12.93,18.35,18.34,0.0,0.00,0.0,0.0,,0.0
129,6,7.00,1,12.11,17.17,17.16,0.0,0.00,0.0,-0.0,,0.0
129,7,7.00,1,11.24,16.07,16.06,0.0,25.84,0.0,-0.0,,0.0
129,8,7.00,1,12.20,21.50,21.49,0.0,2787.54,0.0,0.0,,0.0
129,9,7.00,1,13.57,25.62,25.61,0.0,2429.36,0.0,0.0,,0.0
129,10,7.00,1,15.17,28.32,28.32,0.0,1698.66,0.0,0.0,,0.0
129,11,7.00,1,17.29,30.00,29.99,0.0,994.15,0.0,0.0,,0.0
129,12,7.00,1,19.97,32.15,32.15,0.0,1199.32,0.0,0.0,,0.0
129,13,7.00,1,21.30,34.16,34.15,0.0,1252.48,0.0,0.0,,0.0
129,14,7.00,1,23.19,36.05,36.05,0.0,1231.18,0.0,0.0,,0.0
129,15,7.00,1,24.40,37.80,37.80,0.0,1221.41,0.0,0.0,,0.0
129,16,7.00,1,25.05,39.31,39.31,0.0,1172.03,0.0,0.0,,0.0
129,17,7.00,1,25.65,40.61,40.60,0.0,1115.03,0.0,0.0,,0.0
129,18,7.00,1,24.70,41.20,41.20,0.0,942.68,0.0,0.0,,0.0
129,19,7.00,1,23.37,40.25,40.25,0.0,1661.41,0.0,0.0,,0.0
129,20,7.00,1,21.43,39.76,39.76,0.0,2068.12,0.0,0.0,,0.0
129,21,7.00,1,19.36,36.00,35.99,0.0,0.00,0.0,0.0,,0.0
129,22,7.00,1,18.03,32.72,32.71,0.0,0.00,0.0,0.0,,0.0
129,23,7.00,1,16.91,29.84,29.84,0.0,0.00,0.0,0.0,,0.0
129,24,7.00,1,16.20,27.36,27.36,0.0,0.00,0.0,0.0,,0.0
129,1,1.00,1,15.40,25.18,25.18,0.0,0.00,0.0,0.0,,0.0
129,2,1.00,1,14.67,23.26,23.25,0.0,0.00,0.0,0.0,,0.0
129,3,1.00,1,13.74,21.50,21.49,0.0,0.00,0.0,0.0,,0.0
129,4,1.00,1,13.25,19.97,19.97,0.0,0.00,0.0,0.0,,0.0
129,5,1.00,1,12.79,18.64,18.64,0.0,0.00,0.0,0.0,,0.0
129,6,1.00,1,11.61,17.30,17.30,0.0,0.00,0.0,-0.0,,0.0
129,7,1.00,1,10.97,16.14,16.14,0.0,25.84,0.0,-0.0,,0.0
129,8,1.00,1,12.22,20.84,21.83,625.55,2787.54,0.0,0.0,,625.55
129,9,1.00,1,14.96,24.68,25.26,0.0,2429.36,0.0,0.0,,0.0
129,10,1.00,1,17.56,27.36,26.83,-584.8,1698.66,0.0,0.0,,-584.8
129,11,1.00,1,20.04,29.12,26.83,-1286.98,994.15,0.0,0.0,,-1286.98
129,12,1.00,1,22.64,31.33,26.83,-1993.87,1199.32,0.0,0.0,,-1993.87
129,13,1.00,1,24.19,33.37,26.83,-2372.53,1252.48,0.0,0.0,,-2372.53
129,14,1.00,1,25.80,35.22,26.83,-2649.78,1231.18,0.0,0.0,,-2649.78
129,15,1.00,1,26.95,36.88,26.83,-2868.38,1221.41,0.0,0.0,,-2868.38
129,16,1.00,1,27.70,38.30,26.83,-3006.53,1172.03,0.0,0.0,,-3006.53
129,17,1.00,1,26.61,39.01,26.83,-2797.86,1115.03,0.0,0.0,,-2797.86
129,18,1.00,1,25.07,38.96,26.83,-2382.82,942.68,0.0,0.0,,-2382.82
129,19,1.00,1,23.48,38.69,29.47,0.0,1661.41,0.0,0.0,,0.0
129,20,1.00,1,21.14,38.47,31.05,0.0,2068.12,0.0,0.0,,0.0
129,21,1.00,1,18.80,34.84,28.75,0.0,0.00,0.0,0.0,,0.0
129,22,1.00,1,17.23,31.61,26.58,0.0,0.00,0.0,0.0,,0.0
129,23,1.00,1,16.00,28.76,24.60,0.0,0.00,0.0,0.0,,0.0
129,24,1.00,1,15.02,26.26,22.81,0.0,0.00,0.0,0.0,,0.0
129,1,2.00,1,14.17,24.05,21.20,0.0,0.00,0.0,0.0,,0.0
129,2,2.00,1,13.40,22.11,19.74,0.0,0.00,0.0,0.0,,0.0
129,3,2.00,1,12.29,20.29,18.33,0.0,0.00,0.0,0.0,,0.0
129,4,2.00,1,11.48,18.66,17.03,0.0,0.00,0.0,0.0,,0.0
129,5,2.00,1,10.88,17.22,15.87,0.0,0.00,0.0,0.0,,0.0
129,6,2.00,1,10.00,15.87,14.75,0.0,0.00,0.0,-0.0,,0.0
129,7,2.00,1,11.14,15.06,14.13,0.0,25.84,0.0,-0.0,,0.0
129,8,2.00,1,12.25,20.03,21.83,1577.33,2787.54,0.0,0.0,,1577.33
129,9,2.00,1,14.97,24.06,24.96,0.0,2429.36,0.0,0.0,,0.0
129,10,2.00,1,17.66,26.90,26.83,-408.37,1698.66,0.0,0.0,,-408.37
129,11,2.00,1,20.40,28.85,26.83,-1297.95,994.15,0.0,0.0,,-1297.95
129,12,2.00,1,22.93,31.18,26.83,-2023.75,1199.32,0.0,0.0,,-2023.75
129,13,2.00,1,24.90,33.43,26.83,-2486.31,1252.48,0.0,0.0,,-2486.31
129,14,2.00,1,26.50,35.42,26.83,-2771.38,1231.18,0.0,0.0,,-2771.38
129,15,2.00,1,27.85,37.25,26.83,-3029.0,1221.41,0.0,0.0,,-3029.0
129,16,2.00,1,28.85,38.85,26.83,-3211.7,1172.03,0.0,0.0,,-3211.7
129,17,2.00,1,28.03,39.76,26.83,-3053.67,1115.03,0.0,0.0,,-3053.67
129,18,2.00,1,27.06,40.01,26.83,-2738.14,942.68,0.0,0.0,,-2738.14
129,19,2.00,1,25.40,39.87,29.90,0.0,1661.41,0.0,0.0,,0.0
129,20,2.00,1,23.07,39.77,31.76,0.0,2068.12,0.0,0.0,,0.0
129,21,2.00,1,20.69,36.23,29.66,0.0,0.00,0.0,0.0,,0.0
129,22,2.00,1,19.14,33.09,27.67,0.0,0.00,0.0,0.0,,0.0
129,23,2.00,1,17.92,30.31,25.82,0.0,0.00,0.0,0.0,,0.0
129,24,2.00,1,16.88,27.86,24.14,0.0,0.00,0.0,0.0,,0.0
129,1,3.00,1,15.89,25.66,22.58,0.0,0.00,0.0,0.0,,0.0
129,2,3.00,1,14.83,23.66,21.11,0.0,0.00,0.0,0.0,,0.0
129,3,3.00,1,13.65,21.81,19.69,0.0,0.00,0.0,0.0,,0.0
129,4,3.00,1,12.67,20.11,18.35,0.0,0.00,0.0,0.0,,0.0
129,5,3.00,1,11.89,18.58,17.12,0.0,0.00,0.0,-0.0,,0.0
129,6,3.00,1,11.02,17.16,15.96,0.0,0.00,0.0,-0.0,,0.0
129,7,3.00,1,12.06,16.28,15.28,0.0,25.84,0.0,-0.0,,0.0
129,8,3.00,1,13.24,21.20,21.83,878.35,2787.54,0.0,0.0,,878.35
129,9,3.00,1,15.84,25.15,25.36,0.0,2429.36,0.0,0.0,,0.0
129,10,3.00,1,18.07,27.81,26.83,-679.15,1698.66,0.0,0.0,,-679.15
129,11,3.00,1,20.45,29.55,26.83,-1350.51,994.15,0.0,0.0,,-1350.51
129,12,3.00,1,22.87,31.71,26.83,-2033.22,1199.32,0.0,0.0,,-2033.22
129,13,3.00,1,24.32,33.69,26.83,-2395.81,1252.48,0.0,0.0,,-2395.81
129,14,3.00,1,25.52,35.38,26.83,-2602.79,1231.18,0.0,0.0,,-2602.79
129,15,3.00,1,26.56,36.91,26.83,-2801.24,1221.41,0.0,0.0,,-2801.24
129,16,3.00,1,27.21,38.21,26.83,-2919.96,1172.03,0.0,0.0,,-2919.96
129,17,3.00,1,26.47,38.93,26.83,-2771.5,1115.03,0.0,0.0,,-2771.5
129,18,3.00,1,25.31,38.98,26.83,-2421.68,942.68,0.0,0.0,,-2421.68
129,19,3.00,1,23.84,38.77,29.55,0.0,1661.41,0.0,0.0,,0.0
129,20,3.00,1,21.80,38.67,31.24,0.0,2068.12,0.0,0.0,,0.0
129,21,3.00,1,19.66,35.16,29.06,0.0,0.00,0.0,0.0,,0.0
129,22,3.00,1,18.09,32.03,26.99,0.0,0.00,0.0,0.0,,0.0
129,23,3.00,1,16.81,29.24,25.08,0.0,0.00,0.0,0.0,,0.0
129,24,3.00,1,15.78,26.78,23.33,0.0,0.00,0.0,0.0,,0.0
129,1,4.00,1,14.82,24.59,21.73,0.0,0.00,0.0,0.0,,0.0
129,2,4.00,1,14.31,22.72,20.35,0.0,0.00,0.0,0.0,,0.0
129,3,4.00,1,13.32,20.98,19.01,0.0,0.00,0.0,0.0,,0.0
129,4,4.00,1,12.64,19.43,17.80,0.0,0.00,0.0,0.0,,0.0
129,5,4.00,1,11.82,18.01,16.66,0.0,0.00,0.0,0.0,,0.0
129,6,4.00,1,11.16,16.72,15.61,0.0,0.00,0.0,-0.0,,0.0
129,7,4.00,1,12.22,15.95,15.02,0.0,25.84,0.0,-0.0,,0.0
129,8,4.00,1,13.20,20.93,21.83,1012.74,2787.54,0.0,0.0,,1012.74
129,9,4.00,1,16.72,25.18,25.57,0.0,2429.36,0.0,0.0,,0.0
129,10,4.00,1,19.64,28.23,26.83,-1014.99,1698.66,0.0,0.0,,-1014.99
129,11,4.00,1,22.69,30.40,26.83,-1752.3,994.15,0.0,0.0,,-1752.3
129,12,4.00,1,24.66,32.74,26.83,-2360.1,1199.32,0.0,0.0,,-2360.1
129,13,4.00,1,26.51,34.98,26.83,-2792.64,1252.48,0.0,0.0,,-2792.64
129,14,4.00,1,27.80,36.89,26.83,-3017.62,1231.18,0.0,0.0,,-3017.62
129,15,4.00,1,28.91,38.61,26.83,-3230.19,1221.41,0.0,0.0,,-3230.19
129,16,4.00,1,28.12,39.65,26.83,-3100.48,1172.03,0.0,0.0,,-3100.48
129,17,4.00,1,26.66,40.04,26.83,-2821.25,1115.03,0.0,0.0,,-2821.25
129,18,4.00,1,25.48,39.86,26.83,-2459.69,942.68,0.0,0.0,,-2459.69
129,19,4.00,1,23.24,39.38,29.43,0.0,1661.41,0.0,0.0,,0.0
129,20,4.00,1,21.09,39.05,31.01,0.0,2068.12,0.0,0.0,,0.0
129,21,4.00,1,18.90,35.34,28.75,0.0,0.00,0.0,0.0,,0.0
129,22,4.00,1,17.33,32.05,26.60,0.0,0.00,0.0,0.0,,0.0
129,23,4.00,1,15.94,29.11,24.60,0.0,0.00,0.0,0.0,,0.0
129,24,4.00,1,14.92,26.53,22.79,0.0,0.00,0.0,0.0,,0.0
129,1,5.00,1,13.97,24.24,21.14,0.0,0.00,0.0,0.0,,0.0
129,2,5.00,1,12.97,22.17,19.61,0.0,0.00,0.0,0.0,,0.0
129,3,5.00,1,12.41,20.39,18.26,0.0,0.00,0.0,0.0,,0.0
129,4,5.00,1,11.75,18.80,17.03,0.0,0.00,0.0,0.0,,0.0
129,5,5.00,1,10.66,17.28,15.82,0.0,0.00,0.0,-0.0,,0.0
129,6,5.00,1,9.77,15.87,14.66,0.0,0.00,0.0,-0.0,,0.0
129,7,5.00,1,11.21,15.09,14.08,0.0,25.84,0.0,-0.0,,0.0
129,8,5.00,1,12.19,20.04,21.83,1610.76,2787.54,0.0,0.0,,1610.76
129,9,5.00,1,15.36,24.17,25.06,0.0,2429.36,0.0,0.0,,0.0
129,10,5.00,1,17.84,27.02,26.83,-475.97,1698.66,0.0,0.0,,-475.97
129,11,5.00,1,20.32,28.91,26.83,-1289.69,994.15,0.0,0.0,,-1289.69
129,12,5.00,1,22.58,31.14,26.83,-1965.2,1199.32,0.0,0.0,,-1965.2
129,13,5.00,1,24.72,33.36,26.83,-2455.53,1252.48,0.0,0.0,,-2455.53
129,14,5.00,1,26.34,35.34,26.83,-2742.86,1231.18,0.0,0.0,,-2742.86
129,15,5.00,1,27.56,37.11,26.83,-2978.03,1221.41,0.0,0.0,,-2978.03
129,16,5.00,1,28.44,38.65,26.83,-3140.44,1172.03,0.0,0.0,,-3140.44
129,17,5.00,1,27.59,39.51,26.83,-2974.88,1115.03,0.0,0.0,,-2974.88
129,18,5.00,1,26.29,39.63,26.83,-2601.92,942.68,0.0,0.0,,-2601.92
129,19,5.00,1,24.83,39.47,29.77,0.0,1661.41,0.0,0.0,,0.0
129,20,5.00,1,22.34,39.31,31.51,0.0,2068.12,0.0,0.0,,0.0
129,21,5.00,1,19.93,35.72,29.33,0.0,0.00,0.0,0.0,,0.0
129,22,5.00,1,18.30,32.53,27.24,0.0,0.00,0.0,0.0,,0.0
129,23,5.00,1,17.27,29.74,25.37,0.0,0.00,0.0,0.0,,0.0
129,24,5.00,1,16.27,27.28,23.66,0.0,0.00,0.0,0.0,,0.0
129,1,6.00,1,15.27,25.08,22.08,0.0,0.00,0.0,0.0,,0.0
129,2,6.00,1,14.47,23.14,20.65,0.0,0.00,0.0,0.0,,0.0
129,3,6.00,1,13.43,21.34,19.28,0.0,0.00,0.0,0.0,,0.0
129,4,6.00,1,12.66,19.73,18.02,0.0,0.00,0.0,0.0,,0.0
129,5,6.00,1,11.69,18.23,16.81,0.0,0.00,0.0,0.0,,0.0
129,6,6.00,1,10.98,16.87,15.70,0.0,0.00,0.0,-0.0,,0.0
129,7,6.00,1,12.45,16.13,15.15,0.0,25.84,0.0,-0.0,,0.0
129,8,6.00,1,13.87,21.87,21.06,0.0,2787.54,0.0,0.0,,0.0
129,9,6.00,1,16.91,26.57,25.90,0.0,2429.36,0.0,0.0,,0.0
129,10,6.00,1,19.74,29.96,29.40,0.0,1698.66,0.0,0.0,,0.0
129,11,6.00,1,22.63,32.30,31.84,0.0,994.15,0.0,0.0,,0.0
129,12,6.00,1,25.23,34.96,34.58,0.0,1199.32,0.0,0.0,,0.0
129,13,6.00,1,27.31,37.53,37.21,0.0,1252.48,0.0,0.0,,0.0
129,14,6.00,1,28.95,39.82,39.56,0.0,1231.18,0.0,0.0,,0.0
129,15,6.00,1,30.12,41.89,41.67,0.0,1221.41,0.0,0.0,,0.0
129,16,6.00,1,29.64,43.42,43.24,0.0,1172.03,0.0,0.0,,0.0
129,17,6.00,1,28.75,44.46,44.31,0.0,1115.03,0.0,0.0,,0.0
129,18,6.00,1,27.44,44.83,44.71,0.0,942.68,0.0,0.0,,0.0
129,19,6.00,1,25.60,43.61,43.50,0.0,1661.41,0.0,0.0,,0.0
129,20,6.00,1,23.36,42.85,42.76,0.0,2068.12,0.0,0.0,,0.0
129,21,6.00,1,20.91,38.80,38.72,0.0,0.00,0.0,0.0,,0.0
129,22,6.00,1,19.43,35.26,35.20,0.0,0.00,0.0,0.0,,0.0
129,23,6.00,1,18.42,32.20,32.15,0.0,0.00,0.0,0.0,,0.0
129,24,6.00,1,17.42,29.52,29.48,0.0,0.00,0.0,0.0,,0.0
129,1,7.00,1,16.46,27.14,27.10,0.0,0.00,0.0,0.0,,0.0
129,2,7.00,1,15.48,25.00,24.97,0.0,0.00,0.0,0.0,,0.0
129,3,7.00,1,14.55,23.08,23.05,0.0,0.00,0.0,0.0,,0.0
129,4,7.00,1,13.72,21.35,21.33,0.0,0.00,0.0,0.0,,0.0
129,5,7.00,1,12.30,19.65,19.63,0.0,0.00,0.0,0.0,,0.0
129,6,7.00,1,11.49,18.13,18.11,0.0,0.00,0.0,0.0,,0.0
129,7,7.00,1,12.23,17.10,17.09,0.0,25.84,0.0,-0.0,,0.0
129,8,7.00,1,13.13,22.52,22.51,0.0,2787.54,0.0,0.0,,0.0
129,9,7.00,1,15.85,26.91,26.90,0.0,2429.36,0.0,0.0,,0.0
129,10,7.00,1,17.74,29.85,29.85,0.0,1698.66,0.0,0.0,,0.0
129,11,7.00,1,20.07,31.75,31.74,0.0,994.15,0.0,0.0,,0.0
129,12,7.00,1,22.28,33.98,33.98,0.0,1199.32,0.0,0.0,,0.0
129,13,7.00,1,23.48,36.03,36.03,0.0,1252.48,0.0,0.0,,0.0
129,14,7.00,1,24.48,37.79,37.78,0.0,1231.18,0.0,0.0,,0.0
129,15,7.00,1,24.88,39.28,39.27,0.0,1221.41,0.0,0.0,,0.0
129,16,7.00,1,24.81,40.45,40.45,0.0,1172.03,0.0,0.0,,0.0
129,17,7.00,1,24.20,41.25,41.24,0.0,1115.03,0.0,0.0,,0.0
129,18,7.00,1,23.55,41.54,41.54,0.0,942.68,0.0,0.0,,0.0
129,19,7.00,1,22.22,40.34,40.33,0.0,1661.41,0.0,0.0,,0.0
129,20,7.00,1,20.71,39.73,39.72,0.0,2068.12,0.0,0.0,,0.0
129,21,7.00,1,19.07,35.94,35.94,0.0,0.00,0.0,0.0,,0.0
129,22,7.00,1,18.13,32.71,32.71,0.0,0.00,0.0,0.0,,0.0
129,23,7.00,1,17.51,29.96,29.96,0.0,0.00,0.0,0.0,,0.0
129,24,7.00,1,17.17,27.65,27.65,0.0,0.00,0.0,0.0,,0.0
129,1,1.00,1,16.74,25.67,25.67,0.0,0.00,0.0,0.0,,0.0
129,2,1.00,1,16.05,23.90,23.90,0.0,0.00,0.0,0.0,,0.0
129,3,1.00,1,15.26,22.30,22.29,0.0,0.00,0.0,0.0,,0.0
129,4,1.00,1,14.94,20.93,20.93,0.0,0.00,0.0,0.0,,0.0
129,5,1.00,1,14.27,19.68,19.67,0.0,0.00,0.0,0.0,,0.0
129,6,1.00,1,13.74,18.55,18.55,0.0,0.00,0.0,-0.0,,0.0
129,7,1.00,1,13.56,17.64,17.64,0.0,25.84,0.0,-0.0,,0.0
129,8,1.00,1,14.51,22.51,22.51,0.0,2787.54,0.0,0.0,,0.0
129,9,1.00,1,16.60,26.31,26.31,0.0,2429.36,0.0,0.0,,0.0
129,10,1.00,1,18.85,28.88,26.83,-1288.08,1698.66,0.0,0.0,,-1288.08
129,11,1.00,1,21.18,30.54,26.83,-1582.19,994.15,0.0,0.0,,-1582.19
129,12,1.00,1,22.59,32.36,26.83,-2035.82,1199.32,0.0,0.0,,-2035.82
129,13,1.00,1,23.55,33.99,26.83,-2285.77,1252.48,0.0,0.0,,-2285.77
129,14,1.00,1,24.65,35.42,26.83,-2459.46,1231.18,0.0,0.0,,-2459.46
129,15,1.00,1,25.43,36.69,26.83,-2605.34,1221.41,0.0,0.0,,-2605.34
129,16,1.00,1,24.87,37.46,26.83,-2508.94,1172.03,0.0,0.0,,-2508.94
129,17,1.00,1,23.89,37.76,26.83,-2310.93,1115.03,0.0,0.0,,-2310.93
129,18,1.00,1,23.21,37.64,26.83,-2037.76,942.68,0.0,0.0,,-2037.76
129,19,1.00,1,21.47,37.27,29.01,0.0,1661.41,0.0,0.0,,0.0
129,20,1.00,1,19.87,37.12,30.46,0.0,2068.12,0.0,0.0,,0.0
129,21,1.00,1,18.11,33.64,28.17,0.0,0.00,0.0,0.0,,0.0
129,22,1.00,1,16.73,30.55,26.03,0.0,0.00,0.0,0.0,,0.0
129,23,1.00,1,15.41,27.79,24.05,0.0,0.00,0.0,0.0,,0.0
129,24,1.00,1,14.65,25.40,22.30,0.0,0.00,0.0,0.0,,0.0
129,1,2.00,1,13.71,23.27,20.70,0.0,0.00,0.0,0.0,,0.0
129,2,2.00,1,13.19,21.43,19.30,0.0,0.00,0.0,0.0,,0.0
129,3,2.00,1,12.23,19.73,17.96,0.0,0.00,0.0,0.0,,0.0
129,4,2.00,1,11.62,18.23,16.77,0.0,0.00,0.0,0.0,,0.0
129,5,2.00,1,11.20,16.93,15.71,0.0,0.00,0.0,-0.0,,0.0
129,6,2.00,1,10.34,15.69,14.68,0.0,0.00,0.0,-0.0,,0.0
129,7,2.00,1,11.81,15.04,14.20,0.0,25.84,0.0,-0.0,,0.0
129,8,2.00,1,12.89,20.17,21.83,1446.78,2787.54,0.0,0.0,,1446.78
129,9,2.00,1,15.42,24.25,25.09,0.0,2429.36,0.0,0.0,,0.0
129,10,2.00,1,18.45,27.24,26.83,-598.1,1698.66,0.0,0.0,,-598.1
129,11,2.00,1,21.85,29.47,26.83,-1561.62,994.15,0.0,0.0,,-1561.62
129,12,2.00,1,24.49,32.02,26.83,-2306.42,1199.32,0.0,0.0,,-2306.42
129,13,2.00,1,26.87,34.54,26.83,-2842.01,1252.48,0.0,0.0,,-2842.01
129,14,2.00,1,28.43,36.70,26.83,-3122.51,1231.18,0.0,0.0,,-3122.51
129,15,2.00,1,29.62,38.62,26.83,-3354.69,1221.41,0.0,0.0,,-3354.69
129,16,2.00,1,28.95,39.84,26.83,-3249.61,1172.03,0.0,0.0,,-3249.61
129,17,2.00,1,27.91,40.49,26.83,-3044.32,1115.03,0.0,0.0,,-3044.32
129,18,2.00,1,26.89,40.53,26.83,-2714.05,942.68,0.0,0.0,,-2714.05
129,19,2.00,1,25.10,40.26,29.84,0.0,1661.41,0.0,0.0,,0.0
129,20,2.00,1,22.65,40.02,31.63,0.0,2068.12,0.0,0.0,,0.0
129,21,2.00,1,20.23,36.36,29.48,0.0,0.00,0.0,0.0,,0.0
129,22,2.00,1,18.53,33.09,27.40,0.0,0.00,0.0,0.0,,0.0
129,23,2.00,1,17.06,30.16,25.45,0.0,0.00,0.0,0.0,,0.0
129,24,2.00,1,16.11,27.60,23.70,0.0,0.00,0.0,0.0,,0.0
129,1,3.00,1,15.11,25.32,22.09,0.0,0.00,0.0,0.0,,0.0
129,2,3.00,1,14.33,23.31,20.63,0.0,0.00,0.0,0.0,,0.0
129,3,3.00,1,13.46,21.49,19.27,0.0,0.00,0.0,0.0,,0.0
129,4,3.00,1,12.70,19.87,18.03,0.0,0.00,0.0,0.0,,0.0
129,5,3.00,1,12.01,18.41,16.88,0.0,0.00,0.0,0.0,,0.0
129,6,3.00,1,11.24,17.07,15.80,0.0,0.00,0.0,-0.0,,0.0
129,7,3.00,1,12.70,16.33,15.29,0.0,25.84,0.0,-0.0,,0.0
129,8,3.00,1,14.08,21.45,21.83,743.56,2787.54,0.0,0.0,,743.56
129,9,3.00,1,16.89,25.59,25.65,0.0,2429.36,0.0,0.0,,0.0
129,10,3.00,1,19.96,28.62,26.83,-1117.45,1698.66,0.0,0.0,,-1117.45
129,11,3.00,1,23.14,30.81,26.83,-1842.19,994.15,0.0,0.0,,-1842.19
129,12,3.00,1,25.60,33.30,26.83,-2531.92,1199.32,0.0,0.0,,-2531.92
129,13,3.00,1,27.71,35.70,26.83,-3008.73,1252.48,0.0,0.0,,-3008.73
129,14,3.00,1,29.19,37.77,26.83,-3269.7,1231.18,0.0,0.0,,-3269.7
129,15,3.00,1,30.35,39.61,26.83,-3490.9,1221.41,0.0,0.0,,-3490.9
129,16,3.00,1,31.29,41.21,26.83,-3662.52,1172.03,0.0,0.0,,-3662.52
129,17,3.00,1,30.48,42.14,26.83,-3504.08,1115.03,0.0,0.0,,-3504.08
129,18,3.00,1,29.31,42.35,26.83,-3153.33,942.68,0.0,0.0,,-3153.33
129,19,3.00,1,27.29,42.11,30.34,0.0,1661.41,0.0,0.0,,0.0
129,20,3.00,1,24.64,41.88,32.41,0.0,2068.12,0.0,0.0,,0.0
129,21,3.00,1,21.65,38.11,30.34,0.0,0.00,0.0,0.0,,0.0
129,22,3.00,1,19.91,34.76,28.35,0.0,0.00,0.0,0.0,,0.0
129,23,3.00,1,18.66,31.82,26.51,0.0,0.00,0.0,0.0,,0.0
129,24,3.00,1,17.58,29.22,24.82,0.0,0.00,0.0,0.0,,0.0
129,1,4.00,1,16.49,26.89,23.24,0.0,0.00,0.0,0.0,,0.0
129,2,4.00,1,15.62,24.82,21.80,0.0,0.00,0.0,0.0,,0.0
129,3,4.00,1,14.79,22.97,20.47,0.0,0.00,0.0,0.0,,0.0
129,4,4.00,1,14.11,21.34,19.26,0.0,0.00,0.0,0.0,,0.0
129,5,4.00,1,13.25,19.83,18.11,0.0,0.00,0.0,0.0,,0.0
129,6,4.00,1,12.55,18.47,17.04,0.0,0.00,0.0,-0.0,,0.0
129,7,4.00,1,14.25,17.76,16.58,0.0,25.84,0.0,-0.0,,0.0
129,8,4.00,1,15.50,22.87,21.97,0.0,2787.54,0.0,0.0,,0.0
129,9,4.00,1,18.46,27.05,26.35,0.0,2429.36,0.0,0.0,,0.0
129,10,4.00,1,20.82,29.90,26.83,-1583.25,1698.66,0.0,-47.45,,-1630.7
129,11,4.00,1,23.14,31.76,26.83,-1908.22,994.15,0.0,-128.1,,-2036.32
129,12,4.00,1,25.53,34.01,26.83,-2549.54,1199.32,0.0,-69.87,,-2619.41
129,13,4.00,1,27.82,36.29,26.83,-3041.35,1252.48,0.0,0.0,,-3041.35
129,14,4.00,1,29.63,38.35,26.83,-3351.88,1231.18,0.0,-146.62,,-3498.5
129,15,4.00,1,30.72,40.14,26.83,-3561.42,1221.41,0.0,-434.06,,-3995.48
129,16,4.00,1,31.89,41.78,26.83,-3771.28,1172.03,0.0,-168.16,,-3939.44
129,17,4.00,1,31.25,42.76,26.83,-3643.21,1115.03,0.0,0.0,,-3643.21
129,18,4.00,1,29.83,42.93,26.83,-3251.3,942.68,0.0,0.0,,-3251.3
129,19,4.00,1,28.39,42.80,30.58,0.0,1661.41,0.0,0.0,,0.0
129,20,4.00,1,26.04,42.71,32.87,0.0,2068.12,0.0,0.0,,0.0
129,21,4.00,1,23.57,39.15,31.08,0.0,0.00,0.0,0.0,,0.0
129,22,4.00,1,21.66,35.92,29.25,0.0,0.00,0.0,0.0,,0.0
129,23,4.00,1,20.42,33.08,27.56,0.0,0.00,0.0,0.0,,0.0
129,24,4.00,1,19.47,30.59,26.02,0.0,0.00,0.0,0.0,,0.0
129,1,5.00,1,18.41,28.35,24.56,0.0,0.00,0.0,0.0,,0.0
129,2,5.00,1,17.57,26.36,23.22,0.0,0.00,0.0,0.0,,0.0
129,3,5.00,1,16.80,24.59,21.99,0.0,0.00,0.0,0.0,,0.0
129,4,5.00,1,15.73,22.93,20.78,0.0,0.00,0.0,0.0,,0.0
129,5,5.00,1,13.90,21.22,19.43,0.0,0.00,0.0,-0.0,,0.0
129,6,5.00,1,12.93,19.66,18.18,0.0,0.00,0.0,-0.0,,0.0
129,7,5.00,1,14.16,18.71,17.48,0.0,25.84,0.0,-0.0,,0.0
129,8,5.00,1,15.47,23.58,22.65,0.0,2787.54,0.0,0.0,,0.0
129,9,5.00,1,18.44,27.60,26.83,-24.49,2429.36,0.0,0.0,,-24.49
129,10,5.00,1,21.23,30.45,26.83,-1899.71,1698.66,0.0,-52.37,,-1952.08
129,11,5.00,1,24.21,32.46,26.83,-2145.94,994.15,0.0,-152.12,,-2298.06
129,12,5.00,1,27.10,34.94,26.83,-2851.21,1199.32,0.0,-182.15,,-3033.36
129,13,5.00,1,29.35,37.35,26.83,-3327.8,1252.48,0.0,-169.89,,-3497.69
129,14,5.00,1,31.11,39.49,26.83,-3626.58,1231.18,0.0,-88.9,,-3715.48
129,15,5.00,1,32.39,41.40,26.83,-3865.71,1221.41,0.0,-419.03,,-4284.74
129,16,5.00,1,33.18,43.02,26.83,-4011.85,1172.03,0.0,-46.1,,-4057.95
129,17,5.00,1,32.36,43.96,26.83,-3849.45,1115.03,0.0,0.0,,-3849.45
129,18,5.00,1,31.04,44.13,26.83,-3472.75,942.68,0.0,0.0,,-3472.75
129,19,5.00,1,29.40,43.96,30.81,0.0,1661.41,0.0,0.0,,0.0
129,20,5.00,1,26.63,43.75,33.16,0.0,2068.12,0.0,0.0,,0.0
129,21,5.00,1,24.10,40.09,31.41,0.0,0.00,0.0,0.0,,0.0
129,22,5.00,1,22.40,36.83,29.66,0.0,0.00,0.0,0.0,,0.0
129,23,5.00,1,21.09,33.94,28.01,0.0,0.00,0.0,0.0,,0.0
129,24,5.00,1,19.88,31.36,26.44,0.0,0.00,0.0,0.0,,0.0
129,1,6.00,1,18.76,29.05,24.97,0.0,0.00,0.0,0.0,,0.0
129,2,6.00,1,17.92,27.00,23.62,0.0,0.00,0.0,0.0,,0.0
129,3,6.00,1,16.83,25.11,22.31,0.0,0.00,0.0,0.0,,0.0
129,4,6.00,1,15.89,23.39,21.07,0.0,0.00,0.0,0.0,,0.0
129,5,6.00,1,14.44,21.71,19.78,0.0,0.00,0.0,0.0,,0.0
129,6,6.00,1,13.74,20.22,18.62,0.0,0.00,0.0,-0.0,,0.0
129,7,6.00,1,14.96,19.31,17.99,0.0,25.84,0.0,-0.0,,0.0
129,8,6.00,1,16.29,24.91,23.81,0.0,2787.54,0.0,0.0,,0.0
129,9,6.00,1,19.28,29.49,28.58,0.0,2429.36,0.0,0.0,,0.0
129,10,6.00,1,22.30,32.81,32.06,0.0,1698.66,0.0,0.0,,0.0
129,11,6.00,1,25.36,35.14,34.51,0.0,994.15,0.0,0.0,,0.0
129,12,6.00,1,28.02,37.79,37.27,0.0,1199.32,0.0,0.0,,0.0
129,13,6.00,1,29.82,40.29,39.86,0.0,1252.48,0.0,0.0,,0.0
129,14,6.00,1,31.68,42.57,42.22,0.0,1231.18,0.0,0.0,,0.0
129,15,6.00,1,33.02,44.67,44.37,0.0,1221.41,0.0,0.0,,0.0
129,16,6.00,1,33.92,46.51,46.27,0.0,1172.03,0.0,0.0,,0.0
129,17,6.00,1,33.40,47.84,47.63,0.0,1115.03,0.0,0.0,,0.0
129,18,6.00,1,32.30,48.46,48.29,0.0,942.68,0.0,0.0,,0.0
129,19,6.00,1,31.09,47.57,47.43,0.0,1661.41,0.0,0.0,,0.0
129,20,6.00,1,28.99,47.10,46.98,0.0,2068.12,0.0,0.0,,0.0
129,21,6.00,1,26.44,43.25,43.15,0.0,0.00,0.0,0.0,,0.0
129,22,6.00,1,24.59,39.81,39.73,0.0,0.00,0.0,0.0,,0.0
129,23,6.00,1,22.89,36.69,36.63,0.0,0.00,0.0,0.0,,0.0
129,24,6.00,1,21.79,33.97,33.91,0.0,0.00,0.0,0.0,,0.0
129,1,7.00,1,20.88,31.57,31.52,0.0,0.00,0.0,0.0,,0.0
129,2,7.00,1,20.03,29.45,29.41,0.0,0.00,0.0,0.0,,0.0
129,3,7.00,1,18.87,27.48,27.45,0.0,0.00,0.0,0.0,,0.0
129,4,7.00,1,17.83,25.68,25.65,0.0,0.00,0.0,0.0,,0.0
129,5,7.00,1,16.69,23.99,23.97,0.0,0.00,0.0,0.0,,0.0
129,6,7.00,1,15.65,22.42,22.40,0.0,0.00,0.0,0.0,,0.0
129,7,7.00,1,16.40,21.36,21.35,0.0,25.84,0.0,-0.0,,0.0
129,8,7.00,1,18.18,26.94,26.93,0.0,2787.54,0.0,0.0,,0.0
129,9,7.00,1,20.82,31.42,31.41,0.0,2429.36,0.0,0.0,,0.0
129,10,7.00,1,23.52,34.60,34.59,0.0,1698.66,0.0,0.0,,0.0
129,11,7.00,1,25.96,36.69,36.68,0.0,994.15,0.0,0.0,,0.0
129,12,7.00,1,29.15,39.28,39.28,0.0,1199.32,0.0,0.0,,0.0
129,13,7.00,1,30.77,41.68,41.68,0.0,1252.48,0.0,0.0,,0.0
129,14,7.00,1,32.65,43.89,43.89,0.0,1231.18,0.0,0.0,,0.0
129,15,7.00,1,33.95,45.92,45.91,0.0,1221.41,0.0,0.0,,0.0
129,16,7.00,1,34.85,47.70,47.70,0.0,1172.03,0.0,0.0,,0.0
129,17,7.00,1,34.08,48.93,48.93,0.0,1115.03,0.0,0.0,,0.0
129,18,7.00,1,32.67,49.42,49.41,0.0,942.68,0.0,0.0,,0.0
129,19,7.00,1,31.31,48.39,48.39,0.0,1661.41,0.0,0.0,,0.0
129,20,7.00,1,28.85,47.73,47.73,0.0,2068.12,0.0,0.0,,0.0
129,21,7.00,1,25.88,43.66,43.66,0.0,0.00,0.0,0.0,,0.0
129,22,7.00,1,23.96,40.04,40.03,0.0,0.00,0.0,0.0,,0.0
129,23,7.00,1,22.45,36.82,36.81,0.0,0.00,0.0,0.0,,0.0
129,24,7.00,1,21.31,33.98,33.98,0.0,0.00,0.0,0.0,,0.0
129,1,1.00,2,20.17,31.46,31.45,0.0,0.00,0.0,0.0,,0.0
129,2,1.00,2,19.13,29.19,29.19,0.0,0.00,0.0,0.0,,0.0
129,3,1.00,2,18.05,27.13,27.13,0.0,0.00,0.0,0.0,,0.0
129,4,1.00,2,17.41,25.34,25.34,0.0,0.00,0.0,0.0,,0.0
129,5,1.00,2,16.56,23.70,23.70,0.0,0.00,0.0,0.0,,0.0
129,6,1.00,2,15.83,22.23,22.23,0.0,0.00,0.0,0.0,,0.0
129,7,1.00,2,17.23,21.34,21.33,0.0,0.00,0.0,-0.0,,0.0
129,8,1.00,2,18.56,24.43,24.43,0.0,1341.02,0.0,0.0,,0.0
129,9,1.00,2,21.05,27.28,26.85,-268.97,1222.61,0.0,-28.13,,-297.1
129,10,1.00,2,23.51,29.55,26.85,-1545.92,807.04,0.0,-498.69,,-2044.6100000000001
129,11,1.00,2,25.50,31.96,26.85,-2208.54,936.04,0.0,-484.79,,-2693.33
129,12,1.00,2,28.65,34.81,26.85,-3020.56,1114.55,0.0,-510.93,,-3531.49
129,13,1.00,2,30.08,37.41,26.85,-3460.89,1246.42,0.0,-574.15,,-4035.04
129,14,1.00,2,31.45,39.61,26.85,-3702.21,1211.36,0.0,-443.28,,-4145.49
129,15,1.00,2,32.23,41.41,26.85,-3836.87,1179.85,0.0,-471.12,,-4307.99
129,16,1.00,2,31.53,42.61,26.85,-3747.89,1164.45,0.0,-461.95,,-4209.84
129,17,1.00,2,30.64,43.31,26.85,-3587.35,1139.95,0.0,-309.03,,-3896.38
129,18,1.00,2,29.37,43.23,26.85,-3155.22,892.03,0.0,-83.39,,-3238.6099999999997
129,19,1.00,2,27.74,41.51,29.01,0.0,605.89,0.0,0.0,,0.0
129,20,1.00,2,25.50,39.95,29.88,0.0,907.64,0.0,0.0,,0.0
129,21,1.00,2,23.27,36.86,28.59,0.0,0.00,0.0,0.0,,0.0
129,22,1.00,2,21.43,33.99,27.16,0.0,0.00,0.0,0.0,,0.0
129,23,1.00,2,20.29,31.47,25.81,0.0,0.00,0.0,0.0,,0.0
129,24,1.00,2,19.35,29.24,24.55,0.0,0.00,0.0,0.0,,0.0
130,1,1.00,1,14.93,24.45,24.03,0.0,0.00,0.0,0.0,,0.0
130,2,1.00,1,14.00,23.45,23.07,0.0,0.00,0.0,0.0,,0.0
130,3,1.00,1,13.08,22.51,22.16,0.0,0.00,0.0,0.0,,0.0
130,4,1.00,1,12.32,21.62,21.31,0.0,0.00,0.0,0.0,,0.0
130,5,1.00,1,13.49,21.00,20.72,0.0,0.00,0.0,0.0,,0.0
130,6,1.00,1,13.74,20.44,20.19,0.0,0.00,0.0,0.0,,0.0
130,7,1.00,1,14.53,20.03,19.80,0.0,0.00,0.0,0.0,,0.0
130,8,1.00,1,15.95,20.40,21.83,1560.24,0.00,0.0,0.0,,1560.24
130,9,1.00,1,18.40,20.85,21.83,621.57,0.00,0.0,-160.55,,461.02000000000004
130,10,1.00,1,20.78,21.44,21.83,124.82,0.00,0.0,-401.15,,-276.33
130,11,1.00,1,23.31,22.23,22.35,0.0,0.00,0.0,-471.2,,-471.2
130,12,1.00,1,25.08,23.14,23.18,0.0,0.00,0.0,-361.21,,-361.21
130,13,1.00,1,26.47,24.15,24.17,0.0,0.00,0.0,-92.25,,-92.25
130,14,1.00,1,27.71,25.21,25.23,0.0,0.00,0.0,0.0,,0.0
130,15,1.00,1,29.22,26.32,26.34,0.0,0.00,0.0,0.0,,0.0
130,16,1.00,1,29.86,27.26,26.83,-423.57,0.00,0.0,0.0,,-423.57
130,17,1.00,1,28.94,27.77,26.83,-783.62,0.00,0.0,0.0,,-783.62
130,18,1.00,1,27.73,27.93,26.83,-763.71,0.00,0.0,0.0,,-763.71
130,19,1.00,1,25.92,27.05,26.64,0.0,0.00,0.0,0.0,,0.0
130,20,1.00,1,23.63,26.39,26.19,0.0,0.00,0.0,0.0,,0.0
130,21,1.00,1,20.98,25.63,25.49,0.0,0.00,0.0,0.0,,0.0
130,22,1.00,1,19.50,24.89,24.78,0.0,0.00,0.0,0.0,,0.0
130,23,1.00,1,17.68,24.08,23.99,0.0,0.00,0.0,0.0,,0.0
130,24,1.00,1,16.50,23.30,23.22,0.0,0.00,0.0,0.0,,0.0
130,1,2.00,1,15.06,22.49,22.42,0.0,0.00,0.0,0.0,,0.0
130,2,2.00,1,14.08,21.71,21.65,0.0,0.00,0.0,0.0,,0.0
130,3,2.00,1,13.29,20.97,20.92,0.0,0.00,0.0,0.0,,0.0
130,4,2.00,1,12.61,20.27,20.22,0.0,0.00,0.0,0.0,,0.0
130,5,2.00,1,13.29,19.75,19.71,0.0,0.00,0.0,0.0,,0.0
130,6,2.00,1,13.55,19.30,19.26,0.0,0.00,0.0,-0.0,,0.0
130,7,2.00,1,13.70,18.90,18.87,0.0,0.00,0.0,-0.0,,0.0
130,8,2.00,1,15.19,19.34,21.83,2412.08,0.00,0.0,0.0,,2412.08
130,9,2.00,1,16.96,19.72,21.83,1281.87,0.00,0.0,0.0,,1281.87
130,10,2.00,1,19.11,20.26,21.83,795.37,0.00,0.0,-369.97,,425.4
130,11,2.00,1,21.17,20.96,21.83,239.46,0.00,0.0,-585.68,,-346.2199999999999
130,12,2.00,1,23.42,21.89,22.34,0.0,0.00,0.0,-688.98,,-688.98
130,13,2.00,1,24.99,22.93,23.24,0.0,0.00,0.0,-758.59,,-758.59
130,14,2.00,1,25.87,23.94,24.20,0.0,0.00,0.0,-691.9,,-691.9
130,15,2.00,1,26.51,24.89,25.12,0.0,0.00,0.0,0.0,,0.0
130,16,2.00,1,26.00,25.55,25.76,0.0,0.00,0.0,0.0,,0.0
130,17,2.00,1,25.18,25.93,26.12,0.0,0.00,0.0,0.0,,0.0
130,18,2.00,1,23.87,25.95,26.13,0.0,0.00,0.0,0.0,,0.0
130,19,2.00,1,22.16,25.07,25.24,0.0,0.00,0.0,0.0,,0.0
130,20,2.00,1,19.84,24.35,24.51,0.0,0.00,0.0,0.0,,0.0
130,21,2.00,1,17.66,23.58,23.73,0.0,0.00,0.0,0.0,,0.0
130,22,2.00,1,16.19,22.80,22.94,0.0,0.00,0.0,0.0,,0.0
130,23,2.00,1,14.75,22.01,22.14,0.0,0.00,0.0,0.0,,0.0
130,24,2.00,1,13.86,21.26,21.38,0.0,0.00,0.0,0.0,,0.0
130,1,3.00,1,13.01,20.53,20.64,0.0,0.00,0.0,0.0,,0.0
130,2,3.00,1,12.43,19.85,19.96,0.0,0.00,0.0,0.0,,0.0
130,3,3.00,1,11.77,19.19,19.29,0.0,0.00,0.0,0.0,,0.0
130,4,3.00,1,12.30,18.70,18.79,0.0,0.00,0.0,0.0,,0.0
130,5,3.00,1,13.36,18.36,18.46,0.0,0.00,0.0,0.0,,0.0
130,6,3.00,1,13.61,18.06,18.14,0.0,0.00,0.0,-0.0,,0.0
130,7,3.00,1,14.32,17.85,17.93,0.0,0.00,0.0,-0.0,,0.0
130,8,3.00,1,15.84,18.70,18.78,0.0,0.00,0.0,-0.0,,0.0
130,9,3.00,1,17.80,19.26,19.33,0.0,0.00,0.0,-0.0,,0.0
130,10,3.00,1,19.78,19.84,19.91,0.0,0.00,0.0,-0.0,,0.0
130,11,3.00,1,21.70,20.53,20.60,0.0,0.00,0.0,-0.0,,0.0
130,12,3.00,1,23.83,21.44,21.51,0.0,0.00,0.0,-0.0,,0.0
130,13,3.00,1,25.32,22.48,22.54,0.0,0.00,0.0,-0.0,,0.0
130,14,3.00,1,26.73,23.59,23.65,0.0,0.00,0.0,-0.0,,0.0
130,15,3.00,1,28.08,24.72,24.78,0.0,0.00,0.0,0.0,,0.0
130,16,3.00,1,28.64,25.69,25.75,0.0,0.00,0.0,0.0,,0.0
130,17,3.00,1,27.96,26.35,26.41,0.0,0.00,0.0,0.0,,0.0
130,18,3.00,1,26.64,26.64,26.70,0.0,0.00,0.0,0.0,,0.0
130,19,3.00,1,25.12,25.81,25.87,0.0,0.00,0.0,0.0,,0.0
130,20,3.00,1,22.98,25.22,25.28,0.0,0.00,0.0,0.0,,0.0
130,21,3.00,1,20.55,24.55,24.60,0.0,0.00,0.0,0.0,,0.0
130,22,3.00,1,19.30,23.90,23.95,0.0,0.00,0.0,0.0,,0.0
130,23,3.00,1,18.21,23.26,23.31,0.0,0.00,0.0,0.0,,0.0
130,24,3.00,1,17.08,22.60,22.65,0.0,0.00,0.0,0.0,,0.0
130,1,4.00,1,16.19,21.96,22.01,0.0,0.00,0.0,0.0,,0.0
130,2,4.00,1,15.49,21.35,21.40,0.0,0.00,0.0,0.0,,0.0
130,3,4.00,1,14.74,20.75,20.79,0.0,0.00,0.0,0.0,,0.0
130,4,4.00,1,14.14,20.17,20.22,0.0,0.00,0.0,0.0,,0.0
130,5,4.00,1,14.08,19.68,19.72,0.0,0.00,0.0,-0.0,,0.0
130,6,4.00,1,13.48,19.17,19.22,0.0,0.00,0.0,-0.0,,0.0
130,7,4.00,1,14.10,18.82,18.86,0.0,0.00,0.0,-0.0,,0.0
130,8,4.00,1,15.11,19.49,19.53,0.0,0.00,0.0,-0.0,,0.0
130,9,4.00,1,16.14,19.79,19.84,0.0,0.00,0.0,-0.0,,0.0
130,10,4.00,1,17.63,20.13,20.17,0.0,0.00,0.0,-0.0,,0.0
130,11,4.00,1,18.74,20.53,20.57,0.0,0.00,0.0,-0.0,,0.0
130,12,4.00,1,21.12,21.25,21.29,0.0,0.00,0.0,-0.0,,0.0
130,13,4.00,1,22.02,22.04,22.08,0.0,0.00,0.0,-0.0,,0.0
130,14,4.00,1,23.62,22.97,23.02,0.0,0.00,0.0,0.0,,0.0
130,15,4.00,1,24.96,23.94,23.98,0.0,0.00,0.0,0.0,,0.0
130,16,4.00,1,26.01,24.83,24.87,0.0,0.00,0.0,0.0,,0.0
130,17,4.00,1,25.34,25.39,25.43,0.0,0.00,0.0,0.0,,0.0
130,18,4.00,1,23.86,25.58,25.62,0.0,0.00,0.0,0.0,,0.0
130,19,4.00,1,22.75,24.70,24.74,0.0,0.00,0.0,0.0,,0.0
130,20,4.00,1,20.70,24.07,24.11,0.0,0.00,0.0,0.0,,0.0
130,21,4.00,1,18.87,23.42,23.46,0.0,0.00,0.0,0.0,,0.0
130,22,4.00,1,17.55,22.77,22.81,0.0,0.00,0.0,0.0,,0.0
130,23,4.00,1,15.95,22.06,22.09,0.0,0.00,0.0,0.0,,0.0
130,24,4.00,1,14.76,21.35,21.39,0.0,0.00,0.0,0.0,,0.0
130,1,5.00,1,13.44,20.61,20.65,0.0,0.00,0.0,0.0,,0.0
130,2,5.00,1,12.79,19.94,19.98,0.0,0.00,0.0,0.0,,0.0
130,3,5.00,1,11.92,19.27,19.31,0.0,0.00,0.0,0.0,,0.0
130,4,5.00,1,11.12,18.61,18.65,0.0,0.00,0.0,0.0,,0.0
130,5,5.00,1,12.68,18.25,18.29,0.0,0.00,0.0,0.0,,0.0
130,6,5.00,1,13.05,17.91,17.95,0.0,0.00,0.0,0.0,,0.0
130,7,5.00,1,13.37,17.63,17.67,0.0,0.00,0.0,-0.0,,0.0
130,8,5.00,1,15.06,18.25,21.83,3400.82,0.00,0.0,0.0,,3400.82
130,9,5.00,1,17.27,18.81,21.83,1790.31,0.00,0.0,0.0,,1790.31
130,10,5.00,1,20.06,19.58,21.83,1109.63,0.00,0.0,0.0,,1109.63
130,11,5.00,1,23.32,20.62,21.83,267.07,0.00,0.0,-79.95,,187.12
130,12,5.00,1,24.92,21.68,22.32,0.0,0.00,0.0,0.0,,0.0
130,13,5.00,1,26.89,22.91,23.38,0.0,0.00,0.0,0.0,,0.0
130,14,5.00,1,28.42,24.18,24.57,0.0,0.00,0.0,0.0,,0.0
130,15,5.00,1,29.87,25.44,25.79,0.0,0.00,0.0,0.0,,0.0
130,16,5.00,1,30.79,26.55,26.83,-39.91,0.00,0.0,0.0,,-39.91
130,17,5.00,1,31.44,27.47,26.83,-876.34,0.00,0.0,0.0,,-876.34
130,18,5.00,1,30.32,27.88,26.83,-984.53,0.00,0.0,0.0,,-984.53
130,19,5.00,1,28.84,27.12,26.89,0.0,0.00,0.0,0.0,,0.0
130,20,5.00,1,26.00,26.57,26.57,0.0,0.00,0.0,0.0,,0.0
130,21,5.00,1,23.35,25.94,26.01,0.0,0.00,0.0,0.0,,0.0
130,22,5.00,1,21.48,25.28,25.36,0.0,0.00,0.0,0.0,,0.0
130,23,5.00,1,19.77,24.57,24.66,0.0,0.00,0.0,0.0,,0.0
130,24,5.00,1,18.12,23.83,23.91,0.0,0.00,0.0,0.0,,0.0
130,1,6.00,1,16.54,23.05,23.13,0.0,0.00,0.0,0.0,,0.0
130,2,6.00,1,15.38,22.29,22.37,0.0,0.00,0.0,0.0,,0.0
130,3,6.00,1,14.32,21.54,21.62,0.0,0.00,0.0,0.0,,0.0
130,4,6.00,1,13.58,20.84,20.91,0.0,0.00,0.0,0.0,,0.0
130,5,6.00,1,14.84,20.39,20.46,0.0,0.00,0.0,0.0,,0.0
130,6,6.00,1,15.25,20.00,20.07,0.0,0.00,0.0,0.0,,0.0
130,7,6.00,1,16.00,19.73,19.79,0.0,0.00,0.0,-0.0,,0.0
130,8,6.00,1,17.11,20.26,21.83,1445.11,0.00,0.0,0.0,,1445.11
130,9,6.00,1,19.29,20.77,21.83,502.44,0.00,0.0,-53.11,,449.33
130,10,6.00,1,21.68,21.44,21.86,0.0,0.00,0.0,-281.99,,-281.99
130,11,6.00,1,24.37,22.32,22.56,0.0,0.00,0.0,-209.07,,-209.07
130,12,6.00,1,26.12,23.30,23.48,0.0,0.00,0.0,-0.22,,-0.22
130,13,6.00,1,27.77,24.41,24.57,0.0,0.00,0.0,0.0,,0.0
130,14,6.00,1,29.11,25.56,25.71,0.0,0.00,0.0,0.0,,0.0
130,15,6.00,1,30.20,26.67,26.81,0.0,0.00,0.0,0.0,,0.0
130,16,6.00,1,29.62,27.44,26.83,-704.4,0.00,0.0,0.0,,-704.4
130,17,6.00,1,28.46,27.85,26.83,-868.36,0.00,0.0,0.0,,-868.36
130,18,6.00,1,26.91,27.89,26.83,-753.9,0.00,0.0,0.0,,-753.9
130,19,6.00,1,25.17,26.98,26.63,0.0,0.00,0.0,0.0,,0.0
130,20,6.00,1,22.62,26.25,26.11,0.0,0.00,0.0,0.0,,0.0
130,21,6.00,1,20.11,25.44,25.37,0.0,0.00,0.0,0.0,,0.0
130,22,6.00,1,18.54,24.65,24.60,0.0,0.00,0.0,0.0,,0.0
130,23,6.00,1,17.24,23.86,23.82,0.0,0.00,0.0,0.0,,0.0
130,24,6.00,1,16.22,23.09,23.06,0.0,0.00,0.0,0.0,,0.0
130,1,7.00,1,15.26,22.34,22.32,0.0,0.00,0.0,0.0,,0.0
130,2,7.00,1,14.43,21.62,21.60,0.0,0.00,0.0,0.0,,0.0
130,3,7.00,1,13.62,20.92,20.91,0.0,0.00,0.0,0.0,,0.0
130,4,7.00,1,13.04,20.26,20.25,0.0,0.00,0.0,0.0,,0.0
130,5,7.00,1,13.95,19.80,19.80,0.0,0.00,0.0,0.0,,0.0
130,6,7.00,1,14.34,19.41,19.41,0.0,0.00,0.0,-0.0,,0.0
130,7,7.00,1,15.17,19.15,19.15,0.0,0.00,0.0,-0.0,,0.0
130,8,7.00,1,15.66,19.57,21.83,2156.48,0.00,0.0,0.0,,2156.48
130,9,7.00,1,17.28,19.94,21.83,1120.55,0.00,0.0,0.0,,1120.55
130,10,7.00,1,19.15,20.44,21.83,681.3,0.00,0.0,0.0,,681.3
130,11,7.00,1,21.72,21.20,21.83,56.68,0.00,0.0,-172.36,,-115.68
130,12,7.00,1,23.59,22.10,22.47,0.0,0.00,0.0,-72.65,,-72.65
130,13,7.00,1,25.28,23.15,23.42,0.0,0.00,0.0,0.0,,0.0
130,14,7.00,1,26.56,24.23,24.47,0.0,0.00,0.0,0.0,,0.0
130,15,7.00,1,27.84,25.32,25.53,0.0,0.00,0.0,0.0,,0.0
130,16,7.00,1,28.40,26.23,26.43,0.0,0.00,0.0,0.0,,0.0
130,17,7.00,1,27.56,26.75,26.83,-96.45,0.00,0.0,0.0,,-96.45
130,18,7.00,1,26.22,26.88,26.83,-179.16,0.00,0.0,0.0,,-179.16
130,19,7.00,1,24.77,26.06,26.14,0.0,0.00,0.0,0.0,,0.0
130,20,7.00,1,22.43,25.42,25.54,0.0,0.00,0.0,0.0,,0.0
130,21,7.00,1,20.21,24.72,24.84,0.0,0.00,0.0,0.0,,0.0
130,22,7.00,1,18.66,24.01,24.13,0.0,0.00,0.0,0.0,,0.0
130,23,7.00,1,17.51,23.32,23.43,0.0,0.00,0.0,0.0,,0.0
130,24,7.00,1,16.52,22.63,22.74,0.0,0.00,0.0,0.0,,0.0
130,1,1.00,1,15.58,21.95,22.05,0.0,0.00,0.0,0.0,,0.0
130,2,1.00,1,14.84,21.30,21.40,0.0,0.00,0.0,0.0,,0.0
130,3,1.00,1,14.17,20.68,20.77,0.0,0.00,0.0,0.0,,0.0
130,4,1.00,1,13.55,20.08,20.17,0.0,0.00,0.0,0.0,,0.0
130,5,1.00,1,13.34,19.55,19.63,0.0,0.00,0.0,0.0,,0.0
130,6,1.00,1,12.61,18.99,19.07,0.0,0.00,0.0,0.0,,0.0
130,7,1.00,1,13.57,18.64,18.72,0.0,0.00,0.0,-0.0,,0.0
130,8,1.00,1,15.12,19.12,21.83,2528.12,0.00,0.0,0.0,,2528.12
130,9,1.00,1,17.47,19.62,21.83,1257.2,0.00,0.0,0.0,,1257.2
130,10,1.00,1,19.82,20.26,21.83,712.47,0.00,0.0,-168.12,,544.35
130,11,1.00,1,22.59,21.14,21.83,14.74,0.00,0.0,-331.12,,-316.38
130,12,1.00,1,25.10,22.23,22.66,0.0,0.00,0.0,-149.51,,-149.51
130,13,1.00,1,27.06,23.44,23.78,0.0,0.00,0.0,0.0,,0.0
130,14,1.00,1,28.76,24.71,25.01,0.0,0.00,0.0,0.0,,0.0
130,15,1.00,1,30.34,25.98,26.25,0.0,0.00,0.0,0.0,,0.0
130,16,1.00,1,31.26,27.09,26.83,-483.01,0.00,0.0,0.0,,-483.01
130,17,1.00,1,30.54,27.77,26.83,-966.01,0.00,0.0,0.0,,-966.01
130,18,1.00,1,29.17,28.03,26.83,-982.77,0.00,0.0,0.0,,-982.77
130,19,1.00,1,27.77,27.24,26.90,0.0,0.00,0.0,0.0,,0.0
130,20,1.00,1,25.23,26.66,26.57,0.0,0.00,0.0,0.0,,0.0
130,21,1.00,1,22.74,26.00,25.99,0.0,0.00,0.0,0.0,,0.0
130,22,1.00,1,21.00,25.32,25.33,0.0,0.00,0.0,0.0,,0.0
130,23,1.00,1,19.37,24.60,24.62,0.0,0.00,0.0,0.0,,0.0
130,24,1.00,1,18.10,23.88,23.90,0.0,0.00,0.0,0.0,,0.0
130,1,2.00,1,16.85,23.15,23.18,0.0,0.00,0.0,0.0,,0.0
130,2,2.00,1,15.89,22.45,22.48,0.0,0.00,0.0,0.0,,0.0
130,3,2.00,1,14.53,21.70,21.73,0.0,0.00,0.0,0.0,,0.0
130,4,2.00,1,13.61,20.98,21.01,0.0,0.00,0.0,0.0,,0.0
130,5,2.00,1,14.91,20.54,20.57,0.0,0.00,0.0,0.0,,0.0
130,6,2.00,1,14.94,20.10,20.14,0.0,0.00,0.0,0.0,,0.0
130,7,2.00,1,15.93,19.83,19.87,0.0,0.00,0.0,-0.0,,0.0
130,8,2.00,1,16.95,20.34,21.83,1396.63,0.00,0.0,0.0,,1396.63
130,9,2.00,1,19.40,20.88,21.83,438.58,0.00,0.0,-193.33,,245.24999999999997
130,10,2.00,1,23.33,21.81,22.18,0.0,0.00,0.0,-793.33,,-793.33
130,11,2.00,1,26.36,22.87,23.09,0.0,0.00,0.0,-870.99,,-870.99
130,12,2.00,1,28.35,24.01,24.18,0.0,0.00,0.0,-230.96,,-230.96
130,13,2.00,1,29.82,25.21,25.35,0.0,0.00,0.0,-249.41,,-249.41
130,14,2.00,1,30.58,26.36,26.49,0.0,0.00,0.0,0.0,,0.0
130,15,2.00,1,31.23,27.43,26.83,-688.77,0.00,0.0,-46.2,,-734.97
130,16,2.00,1,30.22,28.12,26.83,-1128.4,0.00,0.0,0.0,,-1128.4
130,17,2.00,1,29.08,28.51,26.83,-1263.06,0.00,0.0,0.0,,-1263.06
130,18,2.00,1,28.06,28.62,26.83,-1208.28,0.00,0.0,0.0,,-1208.28
130,19,2.00,1,26.21,27.71,27.04,0.0,0.00,0.0,0.0,,0.0
130,20,2.00,1,24.17,27.05,26.71,0.0,0.00,0.0,0.0,,0.0
130,21,2.00,1,21.88,26.31,26.09,0.0,0.00,0.0,0.0,,0.0
130,22,2.00,1,20.09,25.54,25.37,0.0,0.00,0.0,0.0,,0.0
130,23,2.00,1,18.68,24.77,24.62,0.0,0.00,0.0,0.0,,0.0
130,24,2.00,1,17.58,24.02,23.89,0.0,0.00,0.0,0.0,,0.0
130,1,3.00,1,16.65,23.29,23.17,0.0,0.00,0.0,0.0,,0.0
130,2,3.00,1,15.68,22.56,22.46,0.0,0.00,0.0,0.0,,0.0
130,3,3.00,1,14.36,21.80,21.72,0.0,0.00,0.0,0.0,,0.0
130,4,3.00,1,13.67,21.10,21.02,0.0,0.00,0.0,0.0,,0.0
130,5,3.00,1,13.22,20.45,20.39,0.0,0.00,0.0,0.0,,0.0
130,6,3.00,1,12.49,19.81,19.75,0.0,0.00,0.0,0.0,,0.0
130,7,3.00,1,14.04,19.45,19.40,0.0,0.00,0.0,0.0,,0.0
130,8,3.00,1,15.24,20.10,20.06,0.0,0.00,0.0,-0.0,,0.0
130,9,3.00,1,17.29,20.50,20.47,0.0,0.00,0.0,-0.0,,0.0
130,10,3.00,1,19.65,20.99,20.96,0.0,0.00,0.0,-0.0,,0.0
130,11,3.00,1,22.75,21.72,21.70,0.0,0.00,0.0,-0.0,,0.0
130,12,3.00,1,24.77,22.61,22.59,0.0,0.00,0.0,-0.0,,0.0
130,13,3.00,1,26.81,23.69,23.67,0.0,0.00,0.0,-0.0,,0.0
130,14,3.00,1,28.24,24.82,24.81,0.0,0.00,0.0,0.0,,0.0
130,15,3.00,1,29.64,25.97,25.96,0.0,0.00,0.0,0.0,,0.0
130,16,3.00,1,30.58,27.00,27.00,0.0,0.00,0.0,0.0,,0.0
130,17,3.00,1,29.62,27.67,27.66,0.0,0.00,0.0,0.0,,0.0
130,18,3.00,1,28.35,27.97,27.98,0.0,0.00,0.0,0.0,,0.0
130,19,3.00,1,26.55,27.13,27.13,0.0,0.00,0.0,0.0,,0.0
130,20,3.00,1,23.92,26.47,26.48,0.0,0.00,0.0,0.0,,0.0
130,21,3.00,1,21.24,25.73,25.73,0.0,0.00,0.0,0.0,,0.0
130,22,3.00,1,19.43,24.96,24.97,0.0,0.00,0.0,0.0,,0.0
130,23,3.00,1,18.10,24.21,24.22,0.0,0.00,0.0,0.0,,0.0
130,24,3.00,1,16.96,23.47,23.48,0.0,0.00,0.0,0.0,,0.0
130,1,4.00,1,16.00,22.74,22.76,0.0,0.00,0.0,0.0,,0.0
130,2,4.00,1,14.97,22.02,22.04,0.0,0.00,0.0,0.0,,0.0
130,3,4.00,1,13.95,21.30,21.32,0.0,0.00,0.0,0.0,,0.0
130,4,4.00,1,13.14,20.61,20.62,0.0,0.00,0.0,0.0,,0.0
130,5,4.00,1,12.57,19.95,19.97,0.0,0.00,0.0,0.0,,0.0
130,6,4.00,1,11.72,19.30,19.32,0.0,0.00,0.0,0.0,,0.0
130,7,4.00,1,13.03,18.90,18.93,0.0,0.00,0.0,0.0,,0.0
130,8,4.00,1,14.68,19.59,19.61,0.0,0.00,0.0,-0.0,,0.0
130,9,4.00,1,16.88,20.02,20.04,0.0,0.00,0.0,-0.0,,0.0
130,10,4.00,1,19.63,20.58,20.60,0.0,0.00,0.0,-0.0,,0.0
130,11,4.00,1,22.42,21.32,21.34,0.0,0.00,0.0,-0.0,,0.0
130,12,4.00,1,24.84,22.27,22.29,0.0,0.00,0.0,-0.0,,0.0
130,13,4.00,1,26.90,23.39,23.42,0.0,0.00,0.0,0.0,,0.0
130,14,4.00,1,28.56,24.59,24.62,0.0,0.00,0.0,0.0,,0.0
130,15,4.00,1,30.01,25.79,25.82,0.0,0.00,0.0,0.0,,0.0
130,16,4.00,1,31.18,26.90,26.93,0.0,0.00,0.0,0.0,,0.0
130,17,4.00,1,30.45,27.65,27.67,0.0,0.00,0.0,0.0,,0.0
130,18,4.00,1,29.11,28.01,28.04,0.0,0.00,0.0,0.0,,0.0
130,19,4.00,1,27.58,27.25,27.27,0.0,0.00,0.0,0.0,,0.0
130,20,4.00,1,24.96,26.66,26.69,0.0,0.00,0.0,0.0,,0.0
130,21,4.00,1,22.62,26.01,26.04,0.0,0.00,0.0,0.0,,0.0
130,22,4.00,1,20.70,25.31,25.34,0.0,0.00,0.0,0.0,,0.0
130,23,4.00,1,19.28,24.60,24.63,0.0,0.00,0.0,0.0,,0.0
130,24,4.00,1,17.92,23.88,23.91,0.0,0.00,0.0,0.0,,0.0
130,1,5.00,1,16.71,23.15,23.18,0.0,0.00,0.0,0.0,,0.0
130,2,5.00,1,15.81,22.45,22.48,0.0,0.00,0.0,0.0,,0.0
130,3,5.00,1,14.72,21.74,21.77,0.0,0.00,0.0,0.0,,0.0
130,4,5.00,1,13.97,21.07,21.09,0.0,0.00,0.0,0.0,,0.0
130,5,5.00,1,13.37,20.43,20.45,0.0,0.00,0.0,0.0,,0.0
130,6,5.00,1,12.69,19.80,19.83,0.0,0.00,0.0,0.0,,0.0
130,7,5.00,1,13.84,19.41,19.44,0.0,0.00,0.0,0.0,,0.0
130,8,5.00,1,14.99,19.76,21.83,1961.74,0.00,0.0,0.0,,1961.74
130,9,5.00,1,17.14,20.15,21.83,970.81,0.00,0.0,0.0,,970.81
130,10,5.00,1,20.22,20.83,21.83,368.33,0.00,0.0,-83.18,,285.15
130,11,5.00,1,23.13,21.72,22.17,0.0,0.00,0.0,-149.35,,-149.35
130,12,5.00,1,25.62,22.81,23.10,0.0,0.00,0.0,0.0,,0.0
130,13,5.00,1,27.77,24.05,24.28,0.0,0.00,0.0,0.0,,0.0
130,14,5.00,1,29.42,25.32,25.52,0.0,0.00,0.0,0.0,,0.0
130,15,5.00,1,30.89,26.57,26.76,0.0,0.00,0.0,0.0,,0.0
130,16,5.00,1,31.85,27.68,26.83,-976.06,0.00,0.0,0.0,,-976.06
130,17,5.00,1,30.96,28.34,26.83,-1282.14,0.00,0.0,0.0,,-1282.14
130,18,5.00,1,29.69,28.60,26.83,-1295.94,0.00,0.0,0.0,,-1295.94
130,19,5.00,1,28.09,27.78,27.17,0.0,0.00,0.0,0.0,,0.0
130,20,5.00,1,25.63,27.19,26.92,0.0,0.00,0.0,0.0,,0.0
130,21,5.00,1,23.16,26.52,26.37,0.0,0.00,0.0,0.0,,0.0
130,22,5.00,1,21.41,25.83,25.72,0.0,0.00,0.0,0.0,,0.0
130,23,5.00,1,20.02,25.13,25.04,0.0,0.00,0.0,0.0,,0.0
130,24,5.00,1,18.74,24.42,24.34,0.0,0.00,0.0,0.0,,0.0
130,1,6.00,1,17.64,23.72,23.65,0.0,0.00,0.0,0.0,,0.0
130,2,6.00,1,16.80,23.04,22.98,0.0,0.00,0.0,0.0,,0.0
130,3,6.00,1,15.69,22.35,22.29,0.0,0.00,0.0,0.0,,0.0
130,4,6.00,1,14.91,21.68,21.64,0.0,0.00,0.0,0.0,,0.0
130,5,6.00,1,13.94,21.01,20.97,0.0,0.00,0.0,0.0,,0.0
130,6,6.00,1,13.14,20.35,20.32,0.0,0.00,0.0,0.0,,0.0
130,7,6.00,1,14.09,19.92,19.89,0.0,0.00,0.0,0.0,,0.0
130,8,6.00,1,14.93,20.17,21.83,1611.93,0.00,0.0,0.0,,1611.93
130,9,6.00,1,17.38,20.56,21.83,729.72,0.00,0.0,0.0,,729.72
130,10,6.00,1,19.80,21.11,21.83,256.26,0.00,0.0,-1.19,,255.07
130,11,6.00,1,22.65,21.93,22.24,0.0,0.00,0.0,-109.07,,-109.07
130,12,6.00,1,24.65,22.88,23.07,0.0,0.00,0.0,0.0,,0.0
130,13,6.00,1,26.37,23.95,24.11,0.0,0.00,0.0,0.0,,0.0
130,14,6.00,1,27.65,25.06,25.19,0.0,0.00,0.0,0.0,,0.0
130,15,6.00,1,28.66,26.12,26.24,0.0,0.00,0.0,0.0,,0.0
130,16,6.00,1,29.44,27.06,26.83,-330.02,0.00,0.0,0.0,,-330.02
130,17,6.00,1,28.73,27.62,26.83,-749.04,0.00,0.0,0.0,,-749.04
130,18,6.00,1,27.56,27.80,26.83,-741.13,0.00,0.0,0.0,,-741.13
130,19,6.00,1,26.08,26.98,26.67,0.0,0.00,0.0,0.0,,0.0
130,20,6.00,1,23.76,26.36,26.24,0.0,0.00,0.0,0.0,,0.0
130,21,6.00,1,21.51,25.68,25.62,0.0,0.00,0.0,0.0,,0.0
130,22,6.00,1,20.27,25.03,24.99,0.0,0.00,0.0,0.0,,0.0
130,23,6.00,1,19.05,24.35,24.33,0.0,0.00,0.0,0.0,,0.0
130,24,6.00,1,18.02,23.69,23.67,0.0,0.00,0.0,0.0,,0.0
130,1,7.00,1,17.21,23.05,23.03,0.0,0.00,0.0,0.0,,0.0
130,2,7.00,1,16.52,22.43,22.42,0.0,0.00,0.0,0.0,,0.0
130,3,7.00,1,15.16,21.76,21.75,0.0,0.00,0.0,0.0,,0.0
130,4,7.00,1,14.49,21.13,21.12,0.0,0.00,0.0,0.0,,0.0
130,5,7.00,1,13.77,20.51,20.51,0.0,0.00,0.0,0.0,,0.0
130,6,7.00,1,13.07,19.91,19.91,0.0,0.00,0.0,0.0,,0.0
130,7,7.00,1,14.50,19.57,19.58,0.0,0.00,0.0,0.0,,0.0
130,8,7.00,1,15.08,19.89,21.83,1856.69,0.00,0.0,0.0,,1856.69
130,9,7.00,1,17.55,20.33,21.83,852.53,0.00,0.0,0.0,,852.53
130,10,7.00,1,20.36,20.99,21.83,287.08,0.00,0.0,-35.26,,251.82
130,11,7.00,1,22.82,21.80,22.18,0.0,0.00,0.0,-112.96,,-112.96
130,12,7.00,1,25.59,22.90,23.14,0.0,0.00,0.0,0.0,,0.0
130,13,7.00,1,27.55,24.10,24.29,0.0,0.00,0.0,0.0,,0.0
130,14,7.00,1,29.49,25.40,25.57,0.0,0.00,0.0,0.0,,0.0
130,15,7.00,1,30.95,26.66,26.81,0.0,0.00,0.0,0.0,,0.0
130,16,7.00,1,32.00,27.78,26.83,-1046.13,0.00,0.0,0.0,,-1046.13
130,17,7.00,1,31.41,28.49,26.83,-1387.31,0.00,0.0,0.0,,-1387.31
130,18,7.00,1,30.83,28.90,26.83,-1519.17,0.00,0.0,0.0,,-1519.17
130,19,7.00,1,29.53,28.15,27.42,0.0,0.00,0.0,0.0,,0.0
130,20,7.00,1,27.27,27.65,27.32,0.0,0.00,0.0,0.0,,0.0
130,21,7.00,1,25.29,27.12,26.92,0.0,0.00,0.0,0.0,,0.0
130,22,7.00,1,24.00,26.59,26.44,0.0,0.00,0.0,0.0,,0.0
130,23,7.00,1,23.47,26.12,25.99,0.0,0.00,0.0,0.0,,0.0
130,24,7.00,1,22.97,25.67,25.55,0.0,0.00,0.0,0.0,,0.0
130,1,1.00,1,22.59,25.25,25.15,0.0,0.00,0.0,0.0,,0.0
130,2,1.00,1,22.18,24.84,24.76,0.0,0.00,0.0,0.0,,0.0
130,3,1.00,1,21.68,24.44,24.37,0.0,0.00,0.0,0.0,,0.0
130,4,1.00,1,21.28,24.06,23.99,0.0,0.00,0.0,-0.0,,0.0
130,5,1.00,1,20.78,23.68,23.62,0.0,0.00,0.0,-0.0,,0.0
130,6,1.00,1,20.04,23.27,23.22,0.0,0.00,0.0,-0.0,,0.0
130,7,1.00,1,20.26,22.97,22.92,0.0,0.00,0.0,-0.0,,0.0
130,8,1.00,1,20.46,23.41,23.37,0.0,0.00,0.0,-467.15,,-467.15
130,9,1.00,1,22.22,23.80,23.77,0.0,0.00,0.0,-605.68,,-605.68
130,10,1.00,1,24.15,24.32,24.29,0.0,0.00,0.0,-459.18,,-459.18
130,11,1.00,1,25.94,24.96,24.93,0.0,0.00,0.0,-169.45,,-169.45
130,12,1.00,1,27.19,25.71,25.69,0.0,0.00,0.0,0.0,,0.0
130,13,1.00,1,27.95,26.51,26.50,0.0,0.00,0.0,0.0,,0.0
130,14,1.00,1,28.77,27.38,26.83,-515.34,0.00,0.0,0.0,,-515.34
130,15,1.00,1,29.19,28.18,26.83,-1124.88,0.00,0.0,0.0,,-1124.88
130,16,1.00,1,29.19,28.82,26.83,-1476.52,0.00,0.0,0.0,,-1476.52
130,17,1.00,1,27.87,29.06,26.83,-1478.39,0.00,0.0,0.0,,-1478.39
130,18,1.00,1,26.06,28.91,26.83,-1211.5,0.00,0.0,0.0,,-1211.5
130,19,1.00,1,23.93,27.90,27.01,0.0,0.00,0.0,0.0,,0.0
130,20,1.00,1,21.10,27.01,26.48,0.0,0.00,0.0,0.0,,0.0
130,21,1.00,1,17.93,25.97,25.58,0.0,0.00,0.0,0.0,,0.0
130,22,1.00,1,15.64,24.91,24.58,0.0,0.00,0.0,0.0,,0.0
130,23,1.00,1,13.83,23.85,23.55,0.0,0.00,0.0,0.0,,0.0
130,24,1.00,1,12.21,22.79,22.53,0.0,0.00,0.0,0.0,,0.0
130,1,2.00,1,11.57,21.85,21.61,0.0,0.00,0.0,0.0,,0.0
130,2,2.00,1,11.09,20.98,20.76,0.0,0.00,0.0,0.0,,0.0
130,3,2.00,1,11.08,20.23,20.04,0.0,0.00,0.0,0.0,,0.0
130,4,2.00,1,10.89,19.54,19.37,0.0,0.00,0.0,0.0,,0.0
130,5,2.00,1,10.57,18.90,18.74,0.0,0.00,0.0,0.0,,0.0
130,6,2.00,1,9.92,18.25,18.11,0.0,0.00,0.0,0.0,,0.0
130,7,2.00,1,10.80,17.81,17.68,0.0,0.00,0.0,0.0,,0.0
130,8,2.00,1,11.75,18.01,21.83,3768.57,0.00,0.0,0.0,,3768.57
130,9,2.00,1,13.98,18.34,21.83,2254.24,0.00,0.0,0.0,,2254.24
130,10,2.00,1,16.45,18.88,21.83,1708.48,0.00,0.0,0.0,,1708.48
130,11,2.00,1,19.79,19.75,21.83,932.69,0.00,0.0,0.0,,932.69
130,12,2.00,1,22.78,20.89,21.83,43.75,0.00,0.0,0.0,,43.75
130,13,2.00,1,24.87,22.11,22.69,0.0,0.00,0.0,0.0,,0.0
130,14,2.00,1,26.34,23.34,23.79,0.0,0.00,0.0,0.0,,0.0
130,15,2.00,1,27.51,24.52,24.91,0.0,0.00,0.0,0.0,,0.0
130,16,2.00,1,28.51,25.59,25.93,0.0,0.00,0.0,0.0,,0.0
130,17,2.00,1,27.77,26.23,26.54,0.0,0.00,0.0,0.0,,0.0
130,18,2.00,1,26.70,26.51,26.79,0.0,0.00,0.0,0.0,,0.0
130,19,2.00,1,24.85,25.70,25.97,0.0,0.00,0.0,0.0,,0.0
130,20,2.00,1,22.66,25.13,25.38,0.0,0.00,0.0,0.0,,0.0
130,21,2.00,1,20.33,24.49,24.72,0.0,0.00,0.0,0.0,,0.0
130,22,2.00,1,18.98,23.85,24.07,0.0,0.00,0.0,0.0,,0.0
130,23,2.00,1,17.65,23.19,23.39,0.0,0.00,0.0,0.0,,0.0
130,24,2.00,1,16.76,22.56,22.74,0.0,0.00,0.0,0.0,,0.0
130,1,3.00,1,15.91,21.94,22.11,0.0,0.00,0.0,0.0,,0.0
130,2,3.00,1,14.90,21.30,21.46,0.0,0.00,0.0,0.0,,0.0
130,3,3.00,1,13.61,20.63,20.77,0.0,0.00,0.0,0.0,,0.0
130,4,3.00,1,12.71,19.97,20.11,0.0,0.00,0.0,0.0,,0.0
130,5,3.00,1,11.64,19.30,19.42,0.0,0.00,0.0,0.0,,0.0
130,6,3.00,1,10.74,18.64,18.76,0.0,0.00,0.0,0.0,,0.0
130,7,3.00,1,12.24,18.27,18.38,0.0,0.00,0.0,0.0,,0.0
130,8,3.00,1,13.50,18.92,19.02,0.0,0.00,0.0,-0.0,,0.0
130,9,3.00,1,15.95,19.37,19.46,0.0,0.00,0.0,-0.0,,0.0
130,10,3.00,1,18.92,19.95,20.04,0.0,0.00,0.0,-0.0,,0.0
130,11,3.00,1,21.83,20.73,20.81,0.0,0.00,0.0,-0.0,,0.0
130,12,3.00,1,24.50,21.73,21.81,0.0,0.00,0.0,0.0,,0.0
130,13,3.00,1,26.53,22.89,22.97,0.0,0.00,0.0,0.0,,0.0
130,14,3.00,1,28.50,24.16,24.23,0.0,0.00,0.0,0.0,,0.0
130,15,3.00,1,29.94,25.41,25.48,0.0,0.00,0.0,0.0,,0.0
130,16,3.00,1,31.25,26.58,26.64,0.0,0.00,0.0,0.0,,0.0
130,17,3.00,1,30.59,27.38,27.44,0.0,0.00,0.0,0.0,,0.0
130,18,3.00,1,29.58,27.83,27.89,0.0,0.00,0.0,0.0,,0.0
130,19,3.00,1,27.72,27.09,27.14,0.0,0.00,0.0,0.0,,0.0
130,20,3.00,1,24.84,26.50,26.55,0.0,0.00,0.0,0.0,,0.0
130,21,3.00,1,22.57,25.87,25.92,0.0,0.00,0.0,0.0,,0.0
130,22,3.00,1,20.70,25.19,25.24,0.0,0.00,0.0,0.0,,0.0
130,23,3.00,1,19.36,24.52,24.57,0.0,0.00,0.0,0.0,,0.0
130,24,3.00,1,18.03,23.82,23.87,0.0,0.00,0.0,0.0,,0.0
130,1,4.00,1,16.92,23.13,23.17,0.0,0.00,0.0,0.0,,0.0
130,2,4.00,1,15.86,22.43,22.48,0.0,0.00,0.0,0.0,,0.0
130,3,4.00,1,14.59,21.71,21.76,0.0,0.00,0.0,0.0,,0.0
130,4,4.00,1,13.53,21.00,21.04,0.0,0.00,0.0,0.0,,0.0
130,5,4.00,1,12.40,20.28,20.32,0.0,0.00,0.0,0.0,,0.0
130,6,4.00,1,11.64,19.59,19.63,0.0,0.00,0.0,0.0,,0.0
130,7,4.00,1,12.83,19.15,19.19,0.0,0.00,0.0,0.0,,0.0
130,8,4.00,1,14.65,19.83,19.86,0.0,0.00,0.0,0.0,,0.0
130,9,4.00,1,17.46,20.31,20.35,0.0,0.00,0.0,-0.0,,0.0
130,10,4.00,1,20.71,20.96,20.99,0.0,0.00,0.0,-0.0,,0.0
130,11,4.00,1,23.92,21.80,21.84,0.0,0.00,0.0,-0.0,,0.0
130,12,4.00,1,26.22,22.82,22.85,0.0,0.00,0.0,0.0,,0.0
130,13,4.00,1,28.24,23.99,24.02,0.0,0.00,0.0,0.0,,0.0
130,14,4.00,1,29.63,25.21,25.24,0.0,0.00,0.0,0.0,,0.0
130,15,4.00,1,31.16,26.44,26.47,0.0,0.00,0.0,0.0,,0.0
130,16,4.00,1,30.56,27.37,27.40,0.0,0.00,0.0,0.0,,0.0
130,17,4.00,1,29.48,27.98,28.01,0.0,0.00,0.0,0.0,,0.0
130,18,4.00,1,27.98,28.22,28.25,0.0,0.00,0.0,0.0,,0.0
130,19,4.00,1,26.43,27.36,27.39,0.0,0.00,0.0,0.0,,0.0
130,20,4.00,1,23.73,26.68,26.71,0.0,0.00,0.0,0.0,,0.0
130,21,4.00,1,21.26,25.93,25.96,0.0,0.00,0.0,0.0,,0.0
130,22,4.00,1,19.64,25.19,25.21,0.0,0.00,0.0,0.0,,0.0
130,23,4.00,1,18.29,24.44,24.47,0.0,0.00,0.0,0.0,,0.0
130,24,4.00,1,17.17,23.70,23.73,0.0,0.00,0.0,0.0,,0.0
130,1,5.00,1,16.27,22.99,23.02,0.0,0.00,0.0,0.0,,0.0
130,2,5.00,1,15.31,22.28,22.31,0.0,0.00,0.0,0.0,,0.0
130,3,5.00,1,14.15,21.56,21.59,0.0,0.00,0.0,0.0,,0.0
130,4,5.00,1,13.18,20.85,20.87,0.0,0.00,0.0,0.0,,0.0
130,5,5.00,1,11.90,20.10,20.13,0.0,0.00,0.0,0.0,,0.0
130,6,5.00,1,10.75,19.35,19.38,0.0,0.00,0.0,0.0,,0.0
130,7,5.00,1,11.90,18.87,18.90,0.0,0.00,0.0,0.0,,0.0
130,8,5.00,1,12.78,19.03,21.83,2661.64,0.00,0.0,0.0,,2661.64
130,9,5.00,1,15.94,19.48,21.83,1393.96,0.00,0.0,0.0,,1393.96
130,10,5.00,1,18.55,20.09,21.83,860.25,0.00,0.0,0.0,,860.25
130,11,5.00,1,20.98,20.85,21.83,250.09,0.00,0.0,0.0,,250.09
130,12,5.00,1,23.46,21.86,22.37,0.0,0.00,0.0,0.0,,0.0
130,13,5.00,1,25.51,23.02,23.38,0.0,0.00,0.0,0.0,,0.0
130,14,5.00,1,27.10,24.22,24.53,0.0,0.00,0.0,0.0,,0.0
130,15,5.00,1,28.34,25.38,25.65,0.0,0.00,0.0,0.0,,0.0
130,16,5.00,1,29.44,26.44,26.69,0.0,0.00,0.0,0.0,,0.0
130,17,5.00,1,30.04,27.29,26.83,-653.02,0.00,0.0,0.0,,-653.02
130,18,5.00,1,28.67,27.61,26.83,-735.11,0.00,0.0,0.0,,-735.11
130,19,5.00,1,27.35,26.86,26.70,0.0,0.00,0.0,0.0,,0.0
130,20,5.00,1,25.15,26.36,26.36,0.0,0.00,0.0,0.0,,0.0
130,21,5.00,1,23.05,25.80,25.85,0.0,0.00,0.0,0.0,,0.0
130,22,5.00,1,21.24,25.18,25.24,0.0,0.00,0.0,0.0,,0.0
130,23,5.00,1,19.67,24.52,24.59,0.0,0.00,0.0,0.0,,0.0
130,24,5.00,1,18.21,23.83,23.90,0.0,0.00,0.0,0.0,,0.0
130,1,6.00,1,16.93,23.14,23.20,0.0,0.00,0.0,0.0,,0.0
130,2,6.00,1,15.80,22.44,22.50,0.0,0.00,0.0,0.0,,0.0
130,3,6.00,1,14.80,21.75,21.81,0.0,0.00,0.0,0.0,,0.0
130,4,6.00,1,13.93,21.07,21.13,0.0,0.00,0.0,0.0,,0.0
130,5,6.00,1,13.38,20.45,20.50,0.0,0.00,0.0,0.0,,0.0
130,6,6.00,1,12.69,19.83,19.88,0.0,0.00,0.0,0.0,,0.0
130,7,6.00,1,14.01,19.47,19.52,0.0,0.00,0.0,0.0,,0.0
130,8,6.00,1,15.33,19.87,21.83,1839.77,0.00,0.0,0.0,,1839.77
130,9,6.00,1,17.98,20.37,21.83,780.55,0.00,0.0,0.0,,780.55
130,10,6.00,1,20.65,21.05,21.83,220.19,0.00,0.0,-33.78,,186.41
130,11,6.00,1,23.38,21.93,22.30,0.0,0.00,0.0,-126.79,,-126.79
130,12,6.00,1,25.72,23.00,23.25,0.0,0.00,0.0,0.0,,0.0
130,13,6.00,1,27.76,24.21,24.42,0.0,0.00,0.0,0.0,,0.0
130,14,6.00,1,29.30,25.46,25.64,0.0,0.00,0.0,0.0,,0.0
130,15,6.00,1,30.61,26.67,26.83,-3.58,0.00,0.0,0.0,,-3.58
130,16,6.00,1,31.50,27.74,26.83,-1017.18,0.00,0.0,0.0,,-1017.18
130,17,6.00,1,30.69,28.38,26.83,-1299.6,0.00,0.0,0.0,,-1299.6
130,18,6.00,1,29.49,28.64,26.83,-1314.11,0.00,0.0,0.0,,-1314.11
130,19,6.00,1,27.34,27.76,27.13,0.0,0.00,0.0,0.0,,0.0
130,20,6.00,1,24.80,27.12,26.84,0.0,0.00,0.0,0.0,,0.0
130,21,6.00,1,22.34,26.41,26.24,0.0,0.00,0.0,0.0,,0.0
130,22,6.00,1,20.53,25.67,25.55,0.0,0.00,0.0,0.0,,0.0
130,23,6.00,1,19.20,24.94,24.84,0.0,0.00,0.0,0.0,,0.0
130,24,6.00,1,17.91,24.21,24.12,0.0,0.00,0.0,0.0,,0.0
130,1,7.00,1,16.78,23.47,23.39,0.0,0.00,0.0,0.0,,0.0
130,2,7.00,1,15.74,22.74,22.68,0.0,0.00,0.0,0.0,,0.0
130,3,7.00,1,14.93,22.05,21.99,0.0,0.00,0.0,0.0,,0.0
130,4,7.00,1,14.08,21.36,21.31,0.0,0.00,0.0,0.0,,0.0
130,5,7.00,1,13.35,20.70,20.66,0.0,0.00,0.0,0.0,,0.0
130,6,7.00,1,12.49,20.04,20.00,0.0,0.00,0.0,0.0,,0.0
130,7,7.00,1,13.32,19.59,19.56,0.0,0.00,0.0,0.0,,0.0
130,8,7.00,1,14.75,19.91,21.83,1872.6,0.00,0.0,0.0,,1872.6
130,9,7.00,1,17.28,20.34,21.83,866.23,0.00,0.0,0.0,,866.23
130,10,7.00,1,20.25,21.01,21.83,282.54,0.00,0.0,0.0,,282.54
130,11,7.00,1,22.98,21.87,22.23,0.0,0.00,0.0,-69.12,,-69.12
130,12,7.00,1,25.26,22.91,23.13,0.0,0.00,0.0,0.0,,0.0
130,13,7.00,1,27.17,24.08,24.25,0.0,0.00,0.0,0.0,,0.0
130,14,7.00,1,28.77,25.30,25.45,0.0,0.00,0.0,0.0,,0.0
130,15,7.00,1,29.89,26.46,26.60,0.0,0.00,0.0,0.0,,0.0
130,16,7.00,1,30.68,27.48,26.83,-744.6,0.00,0.0,0.0,,-744.6
130,17,7.00,1,30.03,28.11,26.83,-1103.85,0.00,0.0,0.0,,-1103.85
130,18,7.00,1,29.03,28.38,26.83,-1145.21,0.00,0.0,0.0,,-1145.21
130,19,7.00,1,27.44,27.58,27.04,0.0,0.00,0.0,0.0,,0.0
130,20,7.00,1,25.01,26.99,26.75,0.0,0.00,0.0,0.0,,0.0
130,21,7.00,1,22.91,26.36,26.21,0.0,0.00,0.0,0.0,,0.0
130,22,7.00,1,21.56,25.73,25.63,0.0,0.00,0.0,0.0,,0.0
130,23,7.00,1,20.42,25.10,25.02,0.0,0.00,0.0,0.0,,0.0
130,24,7.00,1,19.20,24.45,24.38,0.0,0.00,0.0,0.0,,0.0
130,1,1.00,1,17.90,23.77,23.71,0.0,0.00,0.0,0.0,,0.0
130,2,1.00,1,16.71,23.08,23.02,0.0,0.00,0.0,0.0,,0.0
130,3,1.00,1,15.73,22.40,22.35,0.0,0.00,0.0,0.0,,0.0
130,4,1.00,1,14.72,21.72,21.68,0.0,0.00,0.0,0.0,,0.0
130,5,1.00,1,14.26,21.10,21.06,0.0,0.00,0.0,0.0,,0.0
130,6,1.00,1,13.56,20.49,20.46,0.0,0.00,0.0,0.0,,0.0
130,7,1.00,1,13.02,19.91,19.88,0.0,0.00,0.0,0.0,,0.0
130,8,1.00,1,15.01,20.23,21.83,1560.8,0.00,0.0,0.0,,1560.8
130,9,1.00,1,18.37,20.78,21.83,534.03,0.00,0.0,0.0,,534.03
130,10,1.00,1,21.68,21.57,21.95,0.0,0.00,0.0,-394.91,,-394.91
130,11,1.00,1,24.61,22.53,22.72,0.0,0.00,0.0,-258.52,,-258.52
130,12,1.00,1,27.04,23.66,23.80,0.0,0.00,0.0,0.0,,0.0
130,13,1.00,1,29.11,24.92,25.04,0.0,0.00,0.0,0.0,,0.0
130,14,1.00,1,30.89,26.25,26.35,0.0,0.00,0.0,0.0,,0.0
130,15,1.00,1,32.19,27.51,26.83,-739.81,0.00,0.0,0.0,,-739.81
130,16,1.00,1,33.00,28.61,26.83,-1558.23,0.00,0.0,0.0,,-1558.23
130,17,1.00,1,32.26,29.30,26.83,-1851.15,0.00,0.0,0.0,,-1851.15
130,18,1.00,1,31.12,29.60,26.83,-1876.79,0.00,0.0,0.0,,-1876.79
130,19,1.00,1,29.57,28.79,27.72,0.0,0.00,0.0,0.0,,0.0
130,20,1.00,1,26.75,28.18,27.62,0.0,0.00,0.0,0.0,,0.0
130,21,1.00,1,24.08,27.49,27.10,0.0,0.00,0.0,0.0,,0.0
130,22,1.00,1,22.72,26.83,26.51,0.0,0.00,0.0,0.0,,0.0
130,23,1.00,1,21.50,26.16,25.89,0.0,0.00,0.0,0.0,,0.0
130,24,1.00,1,20.25,25.48,25.24,0.0,0.00,0.0,0.0,,0.0
130,1,2.00,1,19.23,24.81,24.59,0.0,0.00,0.0,0.0,,0.0
130,2,2.00,1,18.49,24.17,23.98,0.0,0.00,0.0,0.0,,0.0
130,3,2.00,1,17.32,23.50,23.32,0.0,0.00,0.0,0.0,,0.0
130,4,2.00,1,16.73,22.88,22.72,0.0,0.00,0.0,0.0,,0.0
130,5,2.00,1,15.92,22.26,22.11,0.0,0.00,0.0,0.0,,0.0
130,6,2.00,1,15.22,21.65,21.52,0.0,0.00,0.0,0.0,,0.0
130,7,2.00,1,15.78,21.21,21.09,0.0,0.00,0.0,-0.0,,0.0
130,8,2.00,1,16.80,21.52,21.83,393.59,0.00,0.0,-51.91,,341.67999999999995
130,9,2.00,1,20.64,22.17,22.21,0.0,0.00,0.0,-469.09,,-469.09
130,10,2.00,1,23.37,22.91,22.88,0.0,0.00,0.0,-613.19,,-613.19
130,11,2.00,1,26.00,23.81,23.77,0.0,0.00,0.0,-469.06,,-469.06
130,12,2.00,1,28.20,24.88,24.84,0.0,0.00,0.0,-108.18,,-108.18
130,13,2.00,1,30.04,26.07,26.03,0.0,0.00,0.0,-28.19,,-28.19
130,14,2.00,1,31.03,27.21,26.83,-334.64,0.00,0.0,0.0,,-334.64
130,15,2.00,1,31.60,28.26,26.83,-1234.09,0.00,0.0,-99.36,,-1333.4499999999998
130,16,2.00,1,30.78,28.96,26.83,-1580.05,0.00,0.0,0.0,,-1580.05
130,17,2.00,1,29.43,29.30,26.83,-1658.1,0.00,0.0,0.0,,-1658.1
130,18,2.00,1,27.99,29.32,26.83,-1513.35,0.00,0.0,0.0,,-1513.35
130,19,2.00,1,26.24,28.40,27.35,0.0,0.00,0.0,0.0,,0.0
130,20,2.00,1,24.67,27.77,27.16,0.0,0.00,0.0,0.0,,0.0
130,21,2.00,1,23.31,27.15,26.69,0.0,0.00,0.0,0.0,,0.0
130,22,2.00,1,21.92,26.49,26.10,0.0,0.00,0.0,0.0,,0.0
130,23,2.00,1,20.84,25.83,25.49,0.0,0.00,0.0,0.0,,0.0
130,24,2.00,1,19.76,25.17,24.86,0.0,0.00,0.0,0.0,,0.0
130,1,3.00,1,18.89,24.52,24.24,0.0,0.00,0.0,0.0,,0.0
130,2,3.00,1,18.63,23.96,23.70,0.0,0.00,0.0,0.0,,0.0
130,3,3.00,1,18.27,23.42,23.19,0.0,0.00,0.0,-0.0,,0.0
130,4,3.00,1,17.59,22.88,22.67,0.0,0.00,0.0,-0.0,,0.0
130,5,3.00,1,16.45,22.30,22.10,0.0,0.00,0.0,-0.0,,0.0
130,6,3.00,1,15.60,21.71,21.54,0.0,0.00,0.0,-0.0,,0.0
130,7,3.00,1,14.90,21.15,20.99,0.0,0.00,0.0,-0.0,,0.0
130,8,3.00,1,16.42,21.74,21.60,0.0,0.00,0.0,-0.0,,0.0
130,9,3.00,1,18.75,22.12,21.99,0.0,0.00,0.0,-0.0,,0.0
130,10,3.00,1,20.89,22.56,22.43,0.0,0.00,0.0,-0.0,,0.0
130,11,3.00,1,23.72,23.22,23.11,0.0,0.00,0.0,-0.0,,0.0
130,12,3.00,1,26.14,24.10,24.00,0.0,0.00,0.0,-0.0,,0.0
130,13,3.00,1,27.77,25.11,25.02,0.0,0.00,0.0,-0.0,,0.0
130,14,3.00,1,29.38,26.22,26.14,0.0,0.00,0.0,-0.0,,0.0
130,15,3.00,1,30.69,27.33,27.25,0.0,0.00,0.0,-0.0,,0.0
130,16,3.00,1,30.27,28.18,28.11,0.0,0.00,0.0,0.0,,0.0
130,17,3.00,1,29.45,28.74,28.67,0.0,0.00,0.0,0.0,,0.0
130,18,3.00,1,27.96,28.93,28.87,0.0,0.00,0.0,0.0,,0.0
130,19,3.00,1,26.61,28.04,27.98,0.0,0.00,0.0,0.0,,0.0
130,20,3.00,1,24.73,27.42,27.37,0.0,0.00,0.0,0.0,,0.0
130,21,3.00,1,23.10,26.80,26.76,0.0,0.00,0.0,0.0,,0.0
130,22,3.00,1,21.83,26.18,26.13,0.0,0.00,0.0,0.0,,0.0
130,23,3.00,1,21.17,25.60,25.56,0.0,0.00,0.0,0.0,,0.0
130,24,3.00,1,20.27,25.01,24.97,0.0,0.00,0.0,0.0,,0.0
130,1,4.00,1,19.25,24.40,24.37,0.0,0.00,0.0,0.0,,0.0
130,2,4.00,1,18.30,23.79,23.76,0.0,0.00,0.0,0.0,,0.0
130,3,4.00,1,17.59,23.21,23.18,0.0,0.00,0.0,0.0,,0.0
130,4,4.00,1,16.97,22.64,22.62,0.0,0.00,0.0,-0.0,,0.0
130,5,4.00,1,16.73,22.14,22.12,0.0,0.00,0.0,-0.0,,0.0
130,6,4.00,1,15.87,21.60,21.58,0.0,0.00,0.0,-0.0,,0.0
130,7,4.00,1,15.30,21.09,21.07,0.0,0.00,0.0,-0.0,,0.0
130,8,4.00,1,16.95,21.73,21.72,0.0,0.00,0.0,-0.0,,0.0
130,9,4.00,1,19.05,22.13,22.11,0.0,0.00,0.0,-0.0,,0.0
130,10,4.00,1,21.03,22.57,22.55,0.0,0.00,0.0,-0.0,,0.0
130,11,4.00,1,23.69,23.21,23.20,0.0,0.00,0.0,-0.0,,0.0
130,12,4.00,1,25.79,24.06,24.05,0.0,0.00,0.0,-0.0,,0.0
130,13,4.00,1,27.65,25.07,25.06,0.0,0.00,0.0,-0.0,,0.0
130,14,4.00,1,29.15,26.17,26.16,0.0,0.00,0.0,-0.0,,0.0
130,15,4.00,1,30.31,27.25,27.24,0.0,0.00,0.0,-0.0,,0.0
130,16,4.00,1,31.24,28.23,28.23,0.0,0.00,0.0,0.0,,0.0
130,17,4.00,1,30.59,28.89,28.88,0.0,0.00,0.0,0.0,,0.0
130,18,4.00,1,29.43,29.20,29.19,0.0,0.00,0.0,0.0,,0.0
130,19,4.00,1,28.03,28.38,28.38,0.0,0.00,0.0,0.0,,0.0
130,20,4.00,1,25.96,27.82,27.81,0.0,0.00,0.0,0.0,,0.0
130,21,4.00,1,24.06,27.22,27.21,0.0,0.00,0.0,0.0,,0.0
130,22,4.00,1,22.41,26.57,26.57,0.0,0.00,0.0,0.0,,0.0
130,23,4.00,1,21.21,25.93,25.93,0.0,0.00,0.0,0.0,,0.0
130,24,4.00,1,20.19,25.29,25.29,0.0,0.00,0.0,0.0,,0.0
130,1,5.00,1,19.29,24.66,24.66,0.0,0.00,0.0,0.0,,0.0
130,2,5.00,1,18.53,24.05,24.05,0.0,0.00,0.0,0.0,,0.0
130,3,5.00,1,17.60,23.44,23.43,0.0,0.00,0.0,0.0,,0.0
130,4,5.00,1,16.98,22.85,22.85,0.0,0.00,0.0,0.0,,0.0
130,5,5.00,1,16.38,22.28,22.28,0.0,0.00,0.0,-0.0,,0.0
130,6,5.00,1,15.45,21.70,21.70,0.0,0.00,0.0,-0.0,,0.0
130,7,5.00,1,16.26,21.31,21.31,0.0,0.00,0.0,-0.0,,0.0
130,8,5.00,1,16.96,21.62,21.83,203.22,0.00,0.0,-239.84,,-36.620000000000005
130,9,5.00,1,19.05,21.99,22.05,0.0,0.00,0.0,-416.63,,-416.63
130,10,5.00,1,21.16,22.50,22.53,0.0,0.00,0.0,-420.38,,-420.38
130,11,5.00,1,23.99,23.29,23.31,0.0,0.00,0.0,-352.59,,-352.59
130,12,5.00,1,26.41,24.29,24.31,0.0,0.00,0.0,-358.18,,-358.18
130,13,5.00,1,28.58,25.46,25.48,0.0,0.00,0.0,-53.47,,-53.47
130,14,5.00,1,29.99,26.64,26.65,0.0,0.00,0.0,0.0,,0.0
130,15,5.00,1,30.79,27.72,26.83,-859.36,0.00,0.0,-99.37,,-958.73
130,16,5.00,1,31.55,28.68,26.83,-1514.14,0.00,0.0,-177.08,,-1691.22
130,17,5.00,1,30.63,29.23,26.83,-1714.71,0.00,0.0,0.0,,-1714.71
130,18,5.00,1,29.31,29.39,26.83,-1650.2,0.00,0.0,-41.26,,-1691.46
130,19,5.00,1,27.95,28.57,27.54,0.0,0.00,0.0,0.0,,0.0
130,20,5.00,1,25.90,27.99,27.42,0.0,0.00,0.0,0.0,,0.0
130,21,5.00,1,23.86,27.35,26.94,0.0,0.00,0.0,0.0,,0.0
130,22,5.00,1,22.31,26.69,26.35,0.0,0.00,0.0,0.0,,0.0
130,23,5.00,1,21.21,26.05,25.74,0.0,0.00,0.0,0.0,,0.0
130,24,5.00,1,20.14,25.39,25.12,0.0,0.00,0.0,0.0,,0.0
130,1,6.00,1,19.29,24.76,24.51,0.0,0.00,0.0,0.0,,0.0
130,2,6.00,1,18.42,24.13,23.91,0.0,0.00,0.0,0.0,,0.0
130,3,6.00,1,17.56,23.51,23.31,0.0,0.00,0.0,0.0,,0.0
130,4,6.00,1,16.65,22.88,22.70,0.0,0.00,0.0,0.0,,0.0
130,5,6.00,1,15.36,22.21,22.04,0.0,0.00,0.0,0.0,,0.0
130,6,6.00,1,14.43,21.55,21.40,0.0,0.00,0.0,0.0,,0.0
130,7,6.00,1,15.56,21.14,21.00,0.0,0.00,0.0,-0.0,,0.0
130,8,6.00,1,17.02,21.52,21.83,413.99,0.00,0.0,0.0,,413.99
130,9,6.00,1,19.42,21.97,21.99,0.0,0.00,0.0,-238.79,,-238.79
130,10,6.00,1,21.65,22.54,22.50,0.0,0.00,0.0,-248.85,,-248.85
130,11,6.00,1,24.59,23.39,23.33,0.0,0.00,0.0,-95.42,,-95.42
130,12,6.00,1,26.84,24.41,24.35,0.0,0.00,0.0,0.0,,0.0
130,13,6.00,1,28.88,25.58,25.53,0.0,0.00,0.0,0.0,,0.0
130,14,6.00,1,30.12,26.74,26.69,0.0,0.00,0.0,0.0,,0.0
130,15,6.00,1,31.21,27.87,26.83,-948.16,0.00,0.0,0.0,,-948.16
130,16,6.00,1,32.12,28.88,26.83,-1625.74,0.00,0.0,0.0,,-1625.74
130,17,6.00,1,31.52,29.51,26.83,-1889.8,0.00,0.0,0.0,,-1889.8
130,18,6.00,1,30.27,29.73,26.83,-1858.68,0.00,0.0,0.0,,-1858.68
130,19,6.00,1,29.12,28.95,27.76,0.0,0.00,0.0,0.0,,0.0
130,20,6.00,1,26.79,28.38,27.71,0.0,0.00,0.0,0.0,,0.0
130,21,6.00,1,24.46,27.74,27.24,0.0,0.00,0.0,0.0,,0.0
130,22,6.00,1,22.94,27.08,26.67,0.0,0.00,0.0,0.0,,0.0
130,23,6.00,1,21.63,26.42,26.05,0.0,0.00,0.0,0.0,,0.0
130,24,6.00,1,20.22,25.72,25.39,0.0,0.00,0.0,0.0,,0.0
130,1,7.00,1,19.10,25.03,24.72,0.0,0.00,0.0,0.0,,0.0
130,2,7.00,1,18.35,24.37,24.09,0.0,0.00,0.0,0.0,,0.0
130,3,7.00,1,17.24,23.69,23.44,0.0,0.00,0.0,0.0,,0.0
130,4,7.00,1,16.12,23.00,22.77,0.0,0.00,0.0,0.0,,0.0
130,5,7.00,1,15.31,22.33,22.12,0.0,0.00,0.0,0.0,,0.0
130,6,7.00,1,14.45,21.67,21.48,0.0,0.00,0.0,0.0,,0.0
130,7,7.00,1,15.37,21.23,21.05,0.0,0.00,0.0,0.0,,0.0
130,8,7.00,1,17.54,21.69,21.83,282.44,0.00,0.0,0.0,,282.44
130,9,7.00,1,21.01,22.35,22.30,0.0,0.00,0.0,-200.74,,-200.74
130,10,7.00,1,23.88,23.14,23.05,0.0,0.00,0.0,-295.97,,-295.97
130,11,7.00,1,26.59,24.08,23.99,0.0,0.00,0.0,-52.52,,-52.52
130,12,7.00,1,29.00,25.22,25.13,0.0,0.00,0.0,0.0,,0.0
130,13,7.00,1,31.12,26.50,26.42,0.0,0.00,0.0,0.0,,0.0
130,14,7.00,1,32.71,27.80,26.83,-856.02,0.00,0.0,0.0,,-856.02
130,15,7.00,1,33.82,29.03,26.83,-1770.96,0.00,0.0,0.0,,-1770.96
130,16,7.00,1,33.14,29.88,26.83,-2182.62,0.00,0.0,0.0,,-2182.62
130,17,7.00,1,32.11,30.38,26.83,-2353.01,0.00,0.0,0.0,,-2353.01
130,18,7.00,1,30.68,30.52,26.83,-2253.96,0.00,0.0,0.0,,-2253.96
130,19,7.00,1,28.93,29.63,28.05,0.0,0.00,0.0,0.0,,0.0
130,20,7.00,1,26.26,28.94,28.00,0.0,0.00,0.0,0.0,,0.0
130,21,7.00,1,23.48,28.14,27.44,0.0,0.00,0.0,0.0,,0.0
130,22,7.00,1,21.87,27.36,26.76,0.0,0.00,0.0,0.0,,0.0
130,23,7.00,1,20.60,26.60,26.06,0.0,0.00,0.0,0.0,,0.0
130,24,7.00,1,19.22,25.81,25.33,0.0,0.00,0.0,0.0,,0.0
130,1,1.00,2,17.91,25.02,24.58,0.0,0.00,0.0,0.0,,0.0
130,2,1.00,2,16.86,24.24,23.84,0.0,0.00,0.0,0.0,,0.0
130,3,1.00,2,16.01,23.50,23.13,0.0,0.00,0.0,0.0,,0.0
130,4,1.00,2,15.08,22.77,22.43,0.0,0.00,0.0,0.0,,0.0
130,5,1.00,2,14.56,22.09,21.78,0.0,0.00,0.0,0.0,,0.0
130,6,1.00,2,13.65,21.40,21.11,0.0,0.00,0.0,0.0,,0.0
130,7,1.00,2,14.41,20.91,20.65,0.0,0.00,0.0,0.0,,0.0
130,8,1.00,2,15.84,21.18,21.85,863.46,0.00,0.0,0.0,,863.46
130,9,1.00,2,18.29,21.55,21.85,213.38,0.00,0.0,-19.11,,194.26999999999998
130,10,1.00,2,21.02,22.17,22.17,0.0,0.00,0.0,-292.83,,-292.83
130,11,1.00,2,23.85,23.11,23.03,0.0,0.00,0.0,-103.87,,-103.87
130,12,1.00,2,26.52,24.32,24.23,0.0,0.00,0.0,0.0,,0.0
130,13,1.00,2,28.85,25.73,25.64,0.0,0.00,0.0,0.0,,0.0
130,14,1.00,2,30.17,27.10,26.85,-158.39,0.00,0.0,0.0,,-158.39
130,15,1.00,2,29.56,28.11,26.85,-1086.28,0.00,0.0,0.0,,-1086.28
130,16,1.00,2,28.98,28.90,26.85,-1535.54,0.00,0.0,0.0,,-1535.54
130,17,1.00,2,27.85,29.35,26.85,-1690.15,0.00,0.0,0.0,,-1690.15
130,18,1.00,2,26.42,29.43,26.85,-1581.74,0.00,0.0,0.0,,-1581.74
130,19,1.00,2,24.77,28.57,27.46,0.0,0.00,0.0,0.0,,0.0
130,20,1.00,2,22.62,27.80,27.14,0.0,0.00,0.0,0.0,,0.0
130,21,1.00,2,20.65,26.96,26.47,0.0,0.00,0.0,0.0,,0.0
130,22,1.00,2,19.22,26.13,25.71,0.0,0.00,0.0,0.0,,0.0
130,23,1.00,2,18.43,25.36,24.98,0.0,0.00,0.0,0.0,,0.0
130,24,1.00,2,17.55,24.60,24.26,0.0,0.00,0.0,0.0,,0.0
130,1,2.00,2,16.78,23.88,23.56,0.0,0.00,0.0,0.0,,0.0
130,2,2.00,2,16.15,23.19,22.90,0.0,0.00,0.0,0.0,,0.0
130,3,2.00,2,15.16,22.49,22.23,0.0,0.00,0.0,0.0,,0.0
130,4,2.00,2,14.32,21.81,21.57,0.0,0.00,0.0,0.0,,0.0
130,5,2.00,2,13.15,21.10,20.87,0.0,0.00,0.0,0.0,,0.0
130,6,2.00,2,12.34,20.41,20.21,0.0,0.00,0.0,0.0,,0.0
130,7,2.00,2,13.21,19.94,19.75,0.0,0.00,0.0,0.0,,0.0
130,8,2.00,2,14.56,20.19,21.85,1751.72,0.00,0.0,0.0,,1751.72
130,9,2.00,2,17.29,20.60,21.85,787.63,0.00,0.0,0.0,,787.63
130,10,2.00,2,19.87,21.22,21.85,255.14,0.00,0.0,-205.42,,49.72
130,11,2.00,2,22.63,22.15,22.36,0.0,0.00,0.0,-97.55,,-97.55
130,12,2.00,2,24.86,23.30,23.39,0.0,0.00,0.0,0.0,,0.0
130,13,2.00,2,26.80,24.61,24.66,0.0,0.00,0.0,0.0,,0.0
130,14,2.00,2,28.33,25.95,25.99,0.0,0.00,0.0,0.0,,0.0
130,15,2.00,2,29.44,27.22,26.85,-389.89,0.00,0.0,0.0,,-389.89
130,16,2.00,2,30.30,28.36,26.85,-1352.9,0.00,0.0,0.0,,-1352.9
130,17,2.00,2,29.61,29.07,26.85,-1674.82,0.00,0.0,0.0,,-1674.82
130,18,2.00,2,28.25,29.35,26.85,-1677.27,0.00,0.0,0.0,,-1677.27
130,19,2.00,2,26.63,28.56,27.57,0.0,0.00,0.0,0.0,,0.0
130,20,2.00,2,24.11,27.85,27.32,0.0,0.00,0.0,0.0,,0.0
130,21,2.00,2,21.81,27.07,26.69,0.0,0.00,0.0,0.0,,0.0
130,22,2.00,2,20.49,26.32,26.00,0.0,0.00,0.0,0.0,,0.0
130,23,2.00,2,19.50,25.59,25.31,0.0,0.00,0.0,0.0,,0.0
130,24,2.00,2,18.31,24.84,24.59,0.0,0.00,0.0,0.0,,0.0
130,1,3.00,2,17.39,24.13,23.89,0.0,0.00,0.0,0.0,,0.0
130,2,3.00,2,16.69,23.45,23.23,0.0,0.00,0.0,0.0,,0.0
130,3,3.00,2,15.68,22.75,22.55,0.0,0.00,0.0,0.0,,0.0
130,4,3.00,2,14.70,22.06,21.88,0.0,0.00,0.0,0.0,,0.0
130,5,3.00,2,13.81,21.38,21.21,0.0,0.00,0.0,0.0,,0.0
130,6,3.00,2,13.11,20.72,20.57,0.0,0.00,0.0,0.0,,0.0
130,7,3.00,2,12.49,20.10,19.95,0.0,0.00,0.0,0.0,,0.0
130,8,3.00,2,13.65,20.57,20.44,0.0,0.00,0.0,0.0,,0.0
130,9,3.00,2,16.03,20.86,20.74,0.0,0.00,0.0,-0.0,,0.0
130,10,3.00,2,18.63,21.30,21.18,0.0,0.00,0.0,-0.0,,0.0
130,11,3.00,2,21.77,22.07,21.97,0.0,0.00,0.0,-0.0,,0.0
130,12,3.00,2,24.27,23.11,23.01,0.0,0.00,0.0,0.0,,0.0
130,13,3.00,2,26.55,24.38,24.28,0.0,0.00,0.0,0.0,,0.0
130,14,3.00,2,27.82,25.66,25.57,0.0,0.00,0.0,0.0,,0.0
130,15,3.00,2,29.10,26.92,26.84,0.0,0.00,0.0,0.0,,0.0
130,16,3.00,2,30.34,28.11,28.03,0.0,0.00,0.0,0.0,,0.0
130,17,3.00,2,31.16,29.10,29.03,0.0,0.00,0.0,0.0,,0.0
130,18,3.00,2,29.92,29.63,29.56,0.0,0.00,0.0,0.0,,0.0
130,19,3.00,2,28.02,28.85,28.78,0.0,0.00,0.0,0.0,,0.0
130,20,3.00,2,25.48,28.20,28.14,0.0,0.00,0.0,0.0,,0.0
130,21,3.00,2,23.28,27.49,27.43,0.0,0.00,0.0,0.0,,0.0
130,22,3.00,2,21.25,26.72,26.66,0.0,0.00,0.0,0.0,,0.0
130,23,3.00,2,19.79,25.94,25.89,0.0,0.00,0.0,0.0,,0.0
130,24,3.00,2,18.62,25.18,25.13,0.0,0.00,0.0,0.0,,0.0
130,1,4.00,2,16.53,24.31,24.26,0.0,0.00,0.0,0.0,,0.0
130,2,4.00,2,15.85,23.54,23.49,0.0,0.00,0.0,0.0,,0.0
130,3,4.00,2,15.02,22.79,22.75,0.0,0.00,0.0,0.0,,0.0
130,4,4.00,2,14.30,22.08,22.03,0.0,0.00,0.0,0.0,,0.0
130,5,4.00,2,13.42,21.37,21.33,0.0,0.00,0.0,0.0,,0.0
130,6,4.00,2,12.73,20.69,20.65,0.0,0.00,0.0,0.0,,0.0
130,7,4.00,2,13.96,20.26,20.22,0.0,0.00,0.0,0.0,,0.0
130,8,4.00,2,15.52,20.89,20.85,0.0,0.00,0.0,-0.0,,0.0
130,9,4.00,2,18.19,21.33,21.29,0.0,0.00,0.0,-0.0,,0.0
130,10,4.00,2,21.14,21.92,21.89,0.0,0.00,0.0,-0.0,,0.0
130,11,4.00,2,23.93,22.78,22.75,0.0,0.00,0.0,-0.0,,0.0
130,12,4.00,2,26.33,23.90,23.87,0.0,0.00,0.0,-0.0,,0.0
130,13,4.00,2,28.27,25.19,25.16,0.0,0.00,0.0,-0.0,,0.0
130,14,4.00,2,29.97,26.56,26.53,0.0,0.00,0.0,-0.0,,0.0
130,15,4.00,2,29.34,27.67,27.64,0.0,0.00,0.0,0.0,,0.0
130,16,4.00,2,28.78,28.57,28.55,0.0,0.00,0.0,0.0,,0.0
130,17,4.00,2,27.54,29.14,29.11,0.0,0.00,0.0,0.0,,0.0
130,18,4.00,2,26.02,29.34,29.31,0.0,0.00,0.0,0.0,,0.0
130,19,4.00,2,24.20,28.30,28.28,0.0,0.00,0.0,0.0,,0.0
130,20,4.00,2,22.36,27.51,27.49,0.0,0.00,0.0,0.0,,0.0
130,21,4.00,2,20.73,26.72,26.69,0.0,0.00,0.0,0.0,,0.0
130,22,4.00,2,19.31,25.91,25.89,0.0,0.00,0.0,0.0,,0.0
130,23,4.00,2,17.70,25.07,25.05,0.0,0.00,0.0,0.0,,0.0
130,24,4.00,2,16.50,24.24,24.22,0.0,0.00,0.0,0.0,,0.0
130,1,5.00,2,15.41,23.44,23.41,0.0,0.00,0.0,0.0,,0.0
130,2,5.00,2,14.52,22.66,22.64,0.0,0.00,0.0,0.0,,0.0
130,3,5.00,2,13.72,21.91,21.89,0.0,0.00,0.0,0.0,,0.0
130,4,5.00,2,14.21,21.34,21.32,0.0,0.00,0.0,0.0,,0.0
130,5,5.00,2,15.20,20.93,20.91,0.0,0.00,0.0,0.0,,0.0
130,6,5.00,2,15.57,20.58,20.56,0.0,0.00,0.0,-0.0,,0.0
130,7,5.00,2,16.30,20.33,20.30,0.0,0.00,0.0,-0.0,,0.0
130,8,5.00,2,17.27,20.83,21.85,994.3,0.00,0.0,-130.99,,863.31
130,9,5.00,2,19.89,21.40,21.85,134.94,0.00,0.0,-675.53,,-540.5899999999999
130,10,5.00,2,22.76,22.19,22.35,0.0,0.00,0.0,-798.26,,-798.26
130,11,5.00,2,25.40,23.23,23.32,0.0,0.00,0.0,-605.8,,-605.8
130,12,5.00,2,27.72,24.50,24.55,0.0,0.00,0.0,-130.92,,-130.92
130,13,5.00,2,28.74,25.75,25.80,0.0,0.00,0.0,0.0,,0.0
130,14,5.00,2,30.17,27.10,26.85,-277.39,0.00,0.0,0.0,,-277.39
130,15,5.00,2,31.32,28.39,26.85,-1426.99,0.00,0.0,0.0,,-1426.99
130,16,5.00,2,30.81,29.33,26.85,-1922.51,0.00,0.0,0.0,,-1922.51
130,17,5.00,2,30.06,29.94,26.85,-2175.71,0.00,0.0,0.0,,-2175.71
130,18,5.00,2,28.29,30.09,26.85,-2058.18,0.00,0.0,0.0,,-2058.18
130,19,5.00,2,26.56,29.23,27.90,0.0,0.00,0.0,0.0,,0.0
130,20,5.00,2,23.88,28.44,27.69,0.0,0.00,0.0,0.0,,0.0
130,21,5.00,2,21.69,27.60,27.05,0.0,0.00,0.0,0.0,,0.0
130,22,5.00,2,21.04,26.86,26.40,0.0,0.00,0.0,0.0,,0.0
130,23,5.00,2,20.02,26.12,25.71,0.0,0.00,0.0,0.0,,0.0
130,24,5.00,2,19.07,25.40,25.03,0.0,0.00,0.0,0.0,,0.0
130,1,6.00,2,18.23,24.69,24.36,0.0,0.00,0.0,0.0,,0.0
130,2,6.00,2,17.73,24.05,23.74,0.0,0.00,0.0,0.0,,0.0
130,3,6.00,2,16.92,23.40,23.12,0.0,0.00,0.0,0.0,,0.0
130,4,6.00,2,16.15,22.76,22.50,0.0,0.00,0.0,0.0,,0.0
130,5,6.00,2,15.82,22.19,21.95,0.0,0.00,0.0,0.0,,0.0
130,6,6.00,2,15.16,21.62,21.40,0.0,0.00,0.0,-0.0,,0.0
130,7,6.00,2,14.53,21.06,20.85,0.0,0.00,0.0,-0.0,,0.0
130,8,6.00,2,15.71,21.26,21.85,731.15,0.00,0.0,0.0,,731.15
130,9,6.00,2,19.14,21.77,21.85,0.0,0.00,0.0,-370.15,,-370.15
130,10,6.00,2,21.96,22.46,22.42,0.0,0.00,0.0,-450.48,,-450.48
130,11,6.00,2,24.41,23.39,23.31,0.0,0.00,0.0,-249.12,,-249.12
130,12,6.00,2,26.45,24.51,24.43,0.0,0.00,0.0,0.0,,0.0
130,13,6.00,2,27.98,25.75,25.67,0.0,0.00,0.0,0.0,,0.0
130,14,6.00,2,29.38,27.04,26.85,-115.24,0.00,0.0,0.0,,-115.24
130,15,6.00,2,30.32,28.25,26.85,-1243.83,0.00,0.0,0.0,,-1243.83
130,16,6.00,2,29.91,29.14,26.85,-1731.99,0.00,0.0,0.0,,-1731.99
130,17,6.00,2,28.98,29.68,26.85,-1939.19,0.00,0.0,0.0,,-1939.19
130,18,6.00,2,27.66,29.84,26.85,-1872.97,0.00,0.0,0.0,,-1872.97
130,19,6.00,2,26.13,29.02,27.75,0.0,0.00,0.0,0.0,,0.0
130,20,6.00,2,23.50,28.24,27.50,0.0,0.00,0.0,0.0,,0.0
130,21,6.00,2,21.43,27.41,26.86,0.0,0.00,0.0,0.0,,0.0
130,22,6.00,2,19.95,26.58,26.11,0.0,0.00,0.0,0.0,,0.0
130,23,6.00,2,18.77,25.77,25.35,0.0,0.00,0.0,0.0,,0.0
130,24,6.00,2,17.75,24.98,24.60,0.0,0.00,0.0,0.0,,0.0
130,1,7.00,2,16.86,24.22,23.87,0.0,0.00,0.0,0.0,,0.0
130,2,7.00,2,16.02,23.48,23.17,0.0,0.00,0.0,0.0,,0.0
130,3,7.00,2,15.52,22.80,22.51,0.0,0.00,0.0,0.0,,0.0
130,4,7.00,2,15.12,22.18,21.91,0.0,0.00,0.0,0.0,,0.0
130,5,7.00,2,14.84,21.60,21.35,0.0,0.00,0.0,0.0,,0.0
130,6,7.00,2,14.31,21.03,20.80,0.0,0.00,0.0,0.0,,0.0
130,7,7.00,2,15.10,20.64,20.43,0.0,0.00,0.0,-0.0,,0.0
130,8,7.00,2,15.75,20.90,21.85,1081.86,0.00,0.0,0.0,,1081.86
130,9,7.00,2,17.69,21.21,21.85,429.2,0.00,0.0,-113.56,,315.64
130,10,7.00,2,20.13,21.77,21.90,0.0,0.00,0.0,-380.56,,-380.56
130,11,7.00,2,22.85,22.65,22.66,0.0,0.00,0.0,-226.44,,-226.44
130,12,7.00,2,25.05,23.76,23.73,0.0,0.00,0.0,-118.83,,-118.83
130,13,7.00,2,27.21,25.07,25.03,0.0,0.00,0.0,-246.6,,-246.6
130,14,7.00,2,28.62,26.39,26.35,0.0,0.00,0.0,-336.72,,-336.72
130,15,7.00,2,28.66,27.46,26.85,-552.29,0.00,0.0,-104.99,,-657.28
130,16,7.00,2,28.60,28.35,26.85,-1227.84,0.00,0.0,-139.57,,-1367.4099999999999
130,17,7.00,2,27.88,28.90,26.85,-1475.68,0.00,0.0,0.0,,-1475.68
130,18,7.00,2,26.72,29.09,26.85,-1447.02,0.00,0.0,0.0,,-1447.02
130,19,7.00,2,25.38,28.31,27.38,0.0,0.00,0.0,0.0,,0.0
130,20,7.00,2,23.56,27.65,27.12,0.0,0.00,0.0,0.0,,0.0
130,21,7.00,2,22.62,27.03,26.64,0.0,0.00,0.0,0.0,,0.0
130,22,7.00,2,22.09,26.45,26.12,0.0,0.00,0.0,0.0,,0.0
130,23,7.00,2,21.76,25.92,25.63,0.0,0.00,0.0,0.0,,0.0
130,24,7.00,2,21.29,25.41,25.14,0.0,0.00,0.0,0.0,,0.0
130,1,1.00,2,20.90,24.93,24.68,0.0,0.00,0.0,-0.0,,0.0
130,2,1.00,2,20.99,24.53,24.31,0.0,0.00,0.0,-0.0,,0.0
130,3,1.00,2,21.04,24.19,23.98,0.0,0.00,0.0,-0.0,,0.0
130,4,1.00,2,20.95,23.86,23.67,0.0,0.00,0.0,-0.0,,0.0
130,5,1.00,2,21.06,23.59,23.41,0.0,0.00,0.0,-0.0,,0.0
130,6,1.00,2,21.06,23.35,23.18,0.0,0.00,0.0,-0.0,,0.0
130,7,1.00,2,21.13,23.13,22.98,0.0,0.00,0.0,-0.0,,0.0
130,8,1.00,2,21.18,23.65,23.51,0.0,0.00,0.0,-681.67,,-681.67
130,9,1.00,2,22.52,24.02,23.90,0.0,0.00,0.0,-778.54,,-778.54
130,10,1.00,2,23.92,24.48,24.37,0.0,0.00,0.0,-842.1,,-842.1
130,11,1.00,2,25.71,25.21,25.10,0.0,0.00,0.0,-638.18,,-638.18
130,12,1.00,2,26.78,26.06,25.96,0.0,0.00,0.0,-325.93,,-325.93
130,13,1.00,2,27.89,27.07,26.85,-121.95,0.00,0.0,-190.79,,-312.74
130,14,1.00,2,28.69,28.10,26.85,-1079.48,0.00,0.0,-592.31,,-1671.79
130,15,1.00,2,29.37,29.09,26.85,-1715.48,0.00,0.0,-224.38,,-1939.8600000000001
130,16,1.00,2,29.56,29.91,26.85,-2168.66,0.00,0.0,-195.9,,-2364.56
130,17,1.00,2,28.34,30.30,26.85,-2239.4,0.00,0.0,0.0,,-2239.4
130,18,1.00,2,26.80,30.32,26.85,-2057.49,0.00,0.0,0.0,,-2057.49
130,19,1.00,2,24.56,29.36,27.83,0.0,0.00,0.0,0.0,,0.0
130,20,1.00,2,21.62,28.40,27.48,0.0,0.00,0.0,0.0,,0.0
130,21,1.00,2,19.17,27.38,26.68,0.0,0.00,0.0,0.0,,0.0
130,22,1.00,2,17.51,26.38,25.77,0.0,0.00,0.0,0.0,,0.0
130,23,1.00,2,15.61,25.33,24.79,0.0,0.00,0.0,0.0,,0.0
130,24,1.00,2,14.32,24.32,23.83,0.0,0.00,0.0,0.0,,0.0
130,1,2.00,2,14.52,23.51,23.06,0.0,0.00,0.0,0.0,,0.0
130,2,2.00,2,14.80,22.82,22.41,0.0,0.00,0.0,0.0,,0.0
130,3,2.00,2,14.68,22.19,21.81,0.0,0.00,0.0,0.0,,0.0
130,4,2.00,2,14.95,21.65,21.30,0.0,0.00,0.0,0.0,,0.0
130,5,2.00,2,14.68,21.14,20.81,0.0,0.00,0.0,0.0,,0.0
130,6,2.00,2,14.57,20.67,20.37,0.0,0.00,0.0,0.0,,0.0
130,7,2.00,2,14.34,20.22,19.95,0.0,0.00,0.0,-0.0,,0.0
130,8,2.00,2,15.35,20.51,21.85,1509.92,0.00,0.0,0.0,,1509.92
130,9,2.00,2,17.05,20.80,21.85,738.8,0.00,0.0,-108.45,,630.3499999999999
130,10,2.00,2,19.02,21.27,21.85,315.99,0.00,0.0,-466.91,,-150.92000000000002
130,11,2.00,2,21.39,22.06,22.20,0.0,0.00,0.0,-526.61,,-526.61
130,12,2.00,2,23.20,23.04,23.07,0.0,0.00,0.0,-388.22,,-388.22
130,13,2.00,2,24.46,24.13,24.12,0.0,0.00,0.0,-185.59,,-185.59
130,14,2.00,2,25.84,25.31,25.29,0.0,0.00,0.0,-235.92,,-235.92
130,15,2.00,2,26.74,26.42,26.39,0.0,0.00,0.0,0.0,,0.0
130,16,2.00,2,27.30,27.38,26.85,-485.18,0.00,0.0,0.0,,-485.18
130,17,2.00,2,26.49,27.93,26.85,-865.22,0.00,0.0,0.0,,-865.22
130,18,2.00,2,25.21,28.10,26.85,-840.76,0.00,0.0,0.0,,-840.76
130,19,2.00,2,24.08,27.36,26.85,0.0,0.00,0.0,0.0,,0.0
130,20,2.00,2,22.22,26.70,26.42,0.0,0.00,0.0,0.0,,0.0
130,21,2.00,2,20.67,26.01,25.80,0.0,0.00,0.0,0.0,,0.0
130,22,2.00,2,19.70,25.34,25.16,0.0,0.00,0.0,0.0,,0.0
130,23,2.00,2,18.78,24.67,24.51,0.0,0.00,0.0,0.0,,0.0
130,24,2.00,2,17.82,24.01,23.86,0.0,0.00,0.0,0.0,,0.0
130,1,3.00,2,16.90,23.35,23.21,0.0,0.00,0.0,0.0,,0.0
130,2,3.00,2,16.44,22.75,22.62,0.0,0.00,0.0,0.0,,0.0
130,3,3.00,2,15.52,22.13,22.01,0.0,0.00,0.0,0.0,,0.0
130,4,3.00,2,14.73,21.52,21.40,0.0,0.00,0.0,0.0,,0.0
130,5,3.00,2,14.18,20.94,20.83,0.0,0.00,0.0,0.0,,0.0
130,6,3.00,2,13.44,20.36,20.26,0.0,0.00,0.0,0.0,,0.0
130,7,3.00,2,13.20,19.85,19.75,0.0,0.00,0.0,-0.0,,0.0
130,8,3.00,2,15.23,20.51,20.42,0.0,0.00,0.0,-0.0,,0.0
130,9,3.00,2,18.40,21.02,20.94,0.0,0.00,0.0,-0.0,,0.0
130,10,3.00,2,21.96,21.74,21.66,0.0,0.00,0.0,-0.0,,0.0
130,11,3.00,2,25.28,22.76,22.68,0.0,0.00,0.0,-0.0,,0.0
130,12,3.00,2,27.23,23.93,23.85,0.0,0.00,0.0,-0.0,,0.0
130,13,3.00,2,28.79,25.24,25.17,0.0,0.00,0.0,-0.0,,0.0
130,14,3.00,2,29.73,26.55,26.48,0.0,0.00,0.0,-0.0,,0.0
130,15,3.00,2,28.89,27.61,27.55,0.0,0.00,0.0,-0.0,,0.0
130,16,3.00,2,28.60,28.52,28.46,0.0,0.00,0.0,0.0,,0.0
130,17,3.00,2,27.87,29.14,29.08,0.0,0.00,0.0,0.0,,0.0
130,18,3.00,2,26.91,29.44,29.38,0.0,0.00,0.0,0.0,,0.0
130,19,3.00,2,25.41,28.50,28.45,0.0,0.00,0.0,0.0,,0.0
130,20,3.00,2,23.89,27.82,27.77,0.0,0.00,0.0,0.0,,0.0
130,21,3.00,2,21.98,27.09,27.03,0.0,0.00,0.0,0.0,,0.0
130,22,3.00,2,20.62,26.35,26.29,0.0,0.00,0.0,0.0,,0.0
130,23,3.00,2,18.93,25.55,25.50,0.0,0.00,0.0,0.0,,0.0
130,24,3.00,2,17.72,24.77,24.72,0.0,0.00,0.0,0.0,,0.0
130,1,4.00,2,16.61,24.00,23.95,0.0,0.00,0.0,0.0,,0.0
130,2,4.00,2,15.76,23.26,23.21,0.0,0.00,0.0,0.0,,0.0
130,3,4.00,2,14.80,22.53,22.48,0.0,0.00,0.0,0.0,,0.0
130,4,4.00,2,14.18,21.84,21.80,0.0,0.00,0.0,0.0,,0.0
130,5,4.00,2,15.40,21.40,21.36,0.0,0.00,0.0,0.0,,0.0
130,6,4.00,2,15.76,21.01,20.97,0.0,0.00,0.0,-0.0,,0.0
130,7,4.00,2,16.55,20.74,20.70,0.0,0.00,0.0,-0.0,,0.0
130,8,4.00,2,17.42,21.44,21.40,0.0,0.00,0.0,-0.0,,0.0
130,9,4.00,2,18.96,21.82,21.78,0.0,0.00,0.0,-0.0,,0.0
130,10,4.00,2,21.52,22.37,22.33,0.0,0.00,0.0,-0.0,,0.0
130,11,4.00,2,23.90,23.17,23.13,0.0,0.00,0.0,-0.0,,0.0
130,12,4.00,2,25.58,24.15,24.11,0.0,0.00,0.0,-0.0,,0.0
130,13,4.00,2,26.97,25.29,25.26,0.0,0.00,0.0,-0.0,,0.0
130,14,4.00,2,27.79,26.45,26.42,0.0,0.00,0.0,0.0,,0.0
130,15,4.00,2,28.76,27.60,27.56,0.0,0.00,0.0,0.0,,0.0
130,16,4.00,2,29.20,28.60,28.57,0.0,0.00,0.0,0.0,,0.0
130,17,4.00,2,28.25,29.24,29.21,0.0,0.00,0.0,0.0,,0.0
130,18,4.00,2,27.15,29.55,29.51,0.0,0.00,0.0,0.0,,0.0
130,19,4.00,2,25.57,28.61,28.58,0.0,0.00,0.0,0.0,,0.0
130,20,4.00,2,23.16,27.83,27.80,0.0,0.00,0.0,0.0,,0.0
130,21,4.00,2,21.23,27.03,27.00,0.0,0.00,0.0,0.0,,0.0
130,22,4.00,2,19.47,26.20,26.16,0.0,0.00,0.0,0.0,,0.0
130,23,4.00,2,18.19,25.38,25.34,0.0,0.00,0.0,0.0,,0.0
130,24,4.00,2,16.99,24.56,24.53,0.0,0.00,0.0,0.0,,0.0
130,1,5.00,2,16.04,23.78,23.75,0.0,0.00,0.0,0.0,,0.0
130,2,5.00,2,15.31,23.04,23.01,0.0,0.00,0.0,0.0,,0.0
130,3,5.00,2,14.78,22.35,22.32,0.0,0.00,0.0,0.0,,0.0
130,4,5.00,2,14.27,21.70,21.67,0.0,0.00,0.0,0.0,,0.0
130,5,5.00,2,13.96,21.11,21.08,0.0,0.00,0.0,0.0,,0.0
130,6,5.00,2,13.07,20.49,20.46,0.0,0.00,0.0,0.0,,0.0
130,7,5.00,2,12.15,19.86,19.83,0.0,0.00,0.0,0.0,,0.0
130,8,5.00,2,13.38,19.96,21.85,1834.2,0.00,0.0,0.0,,1834.2
130,9,5.00,2,15.67,20.22,21.85,1003.72,0.00,0.0,0.0,,1003.72
130,10,5.00,2,18.53,20.79,21.85,476.82,0.00,0.0,-33.08,,443.74
130,11,5.00,2,21.09,21.63,22.06,0.0,0.00,0.0,-247.92,,-247.92
130,12,5.00,2,23.32,22.71,22.95,0.0,0.00,0.0,0.0,,0.0
130,13,5.00,2,25.20,23.96,24.14,0.0,0.00,0.0,0.0,,0.0
130,14,5.00,2,27.17,25.32,25.47,0.0,0.00,0.0,0.0,,0.0
130,15,5.00,2,28.95,26.69,26.82,0.0,0.00,0.0,0.0,,0.0
130,16,5.00,2,30.30,27.94,26.85,-1165.18,0.00,0.0,0.0,,-1165.18
130,17,5.00,2,29.48,28.70,26.85,-1506.81,0.00,0.0,0.0,,-1506.81
130,18,5.00,2,28.66,29.10,26.85,-1619.25,0.00,0.0,0.0,,-1619.25
130,19,5.00,2,27.20,28.37,27.55,0.0,0.00,0.0,0.0,,0.0
130,20,5.00,2,24.55,27.72,27.31,0.0,0.00,0.0,0.0,,0.0
130,21,5.00,2,22.63,27.03,26.76,0.0,0.00,0.0,0.0,,0.0
130,22,5.00,2,21.35,26.35,26.14,0.0,0.00,0.0,0.0,,0.0
130,23,5.00,2,20.34,25.69,25.50,0.0,0.00,0.0,0.0,,0.0
130,24,5.00,2,18.98,24.98,24.81,0.0,0.00,0.0,0.0,,0.0
130,1,6.00,2,17.73,24.26,24.11,0.0,0.00,0.0,0.0,,0.0
130,2,6.00,2,16.89,23.58,23.43,0.0,0.00,0.0,0.0,,0.0
130,3,6.00,2,16.16,22.92,22.79,0.0,0.00,0.0,0.0,,0.0
130,4,6.00,2,15.34,22.27,22.15,0.0,0.00,0.0,0.0,,0.0
130,5,6.00,2,14.36,21.61,21.50,0.0,0.00,0.0,0.0,,0.0
130,6,6.00,2,13.66,20.98,20.87,0.0,0.00,0.0,0.0,,0.0
130,7,6.00,2,12.94,20.36,20.26,0.0,0.00,0.0,0.0,,0.0
130,8,6.00,2,14.02,20.46,21.85,1412.19,0.00,0.0,0.0,,1412.19
130,9,6.00,2,17.58,20.93,21.85,511.6,0.00,0.0,0.0,,511.6
130,10,6.00,2,21.62,21.79,22.08,0.0,0.00,0.0,-97.93,,-97.93
130,11,6.00,2,24.71,22.88,23.00,0.0,0.00,0.0,0.0,,0.0
130,12,6.00,2,27.39,24.21,24.28,0.0,0.00,0.0,0.0,,0.0
130,13,6.00,2,29.83,25.72,25.77,0.0,0.00,0.0,0.0,,0.0
130,14,6.00,2,31.57,27.24,26.85,-415.69,0.00,0.0,0.0,,-415.69
130,15,6.00,2,33.08,28.71,26.85,-1689.25,0.00,0.0,0.0,,-1689.25
130,16,6.00,2,34.18,30.03,26.85,-2497.49,0.00,0.0,0.0,,-2497.49
130,17,6.00,2,33.35,30.87,26.85,-2833.87,0.00,0.0,0.0,,-2833.87
130,18,6.00,2,31.81,31.23,26.85,-2835.78,0.00,0.0,0.0,,-2835.78
130,19,6.00,2,29.79,30.39,28.60,0.0,0.00,0.0,0.0,,0.0
130,20,6.00,2,26.35,29.61,28.61,0.0,0.00,0.0,0.0,,0.0
130,21,6.00,2,24.16,28.82,28.09,0.0,0.00,0.0,0.0,,0.0
130,22,6.00,2,22.92,28.07,27.46,0.0,0.00,0.0,0.0,,0.0
130,23,6.00,2,21.46,27.29,26.75,0.0,0.00,0.0,0.0,,0.0
130,24,6.00,2,19.86,26.48,25.98,0.0,0.00,0.0,0.0,,0.0
130,1,7.00,2,18.45,25.65,25.20,0.0,0.00,0.0,0.0,,0.0
130,2,7.00,2,17.38,24.85,24.44,0.0,0.00,0.0,0.0,,0.0
130,3,7.00,2,16.46,24.08,23.71,0.0,0.00,0.0,0.0,,0.0
130,4,7.00,2,15.61,23.34,22.99,0.0,0.00,0.0,0.0,,0.0
130,5,7.00,2,15.00,22.64,22.32,0.0,0.00,0.0,0.0,,0.0
130,6,7.00,2,14.13,21.94,21.65,0.0,0.00,0.0,0.0,,0.0
130,7,7.00,2,13.05,21.22,20.95,0.0,0.00,0.0,0.0,,0.0
130,8,7.00,2,14.77,21.32,21.85,735.59,0.00,0.0,0.0,,735.59
130,9,7.00,2,18.32,21.76,21.85,56.14,0.00,0.0,-39.35,,16.79
130,10,7.00,2,21.69,22.49,22.41,0.0,0.00,0.0,-185.4,,-185.4
130,11,7.00,2,24.65,23.49,23.38,0.0,0.00,0.0,-18.5,,-18.5
130,12,7.00,2,26.84,24.67,24.55,0.0,0.00,0.0,0.0,,0.0
130,13,7.00,2,28.97,26.03,25.92,0.0,0.00,0.0,0.0,,0.0
130,14,7.00,2,30.87,27.48,26.85,-503.84,0.00,0.0,0.0,,-503.84
130,15,7.00,2,32.51,28.90,26.85,-1712.13,0.00,0.0,-38.73,,-1750.8600000000001
130,16,7.00,2,31.70,29.85,26.85,-2185.23,0.00,0.0,-28.21,,-2213.44
130,17,7.00,2,30.62,30.44,26.85,-2404.01,0.00,0.0,0.0,,-2404.01
130,18,7.00,2,29.01,30.61,26.85,-2314.42,0.00,0.0,0.0,,-2314.42
130,19,7.00,2,26.83,29.71,28.09,0.0,0.00,0.0,0.0,,0.0
130,20,7.00,2,24.06,28.89,27.93,0.0,0.00,0.0,0.0,,0.0
130,21,7.00,2,21.90,28.03,27.30,0.0,0.00,0.0,0.0,,0.0
130,22,7.00,2,20.39,27.17,26.55,0.0,0.00,0.0,0.0,,0.0
130,23,7.00,2,19.19,26.34,25.78,0.0,0.00,0.0,0.0,,0.0
130,24,7.00,2,18.39,25.55,25.05,0.0,0.00,0.0,0.0,,0.0
130,1,1.00,2,17.82,24.83,24.37,0.0,0.00,0.0,0.0,,0.0
130,2,1.00,2,17.24,24.14,23.72,0.0,0.00,0.0,0.0,,0.0
130,3,1.00,2,16.28,23.44,23.05,0.0,0.00,0.0,0.0,,0.0
130,4,1.00,2,15.84,22.81,22.45,0.0,0.00,0.0,0.0,,0.0
130,5,1.00,2,15.47,22.22,21.88,0.0,0.00,0.0,0.0,,0.0
130,6,1.00,2,14.64,21.61,21.30,0.0,0.00,0.0,0.0,,0.0
130,7,1.00,2,13.62,20.97,20.69,0.0,0.00,0.0,0.0,,0.0
130,8,1.00,2,15.04,21.13,21.85,929.89,0.00,0.0,0.0,,929.89
130,9,1.00,2,17.45,21.43,21.85,323.54,0.00,0.0,-153.5,,170.04000000000002
130,10,1.00,2,20.22,22.01,22.03,0.0,0.00,0.0,-309.49,,-309.49
130,11,1.00,2,22.88,22.88,22.81,0.0,0.00,0.0,-231.79,,-231.79
130,12,1.00,2,25.52,24.05,23.95,0.0,0.00,0.0,-25.39,,-25.39
130,13,1.00,2,27.40,25.34,25.24,0.0,0.00,0.0,0.0,,0.0
130,14,1.00,2,29.30,26.73,26.63,0.0,0.00,0.0,0.0,,0.0
130,15,1.00,2,30.84,28.09,26.85,-1101.8,0.00,0.0,-34.76,,-1136.56
130,16,1.00,2,31.92,29.30,26.85,-1925.52,0.00,0.0,-313.29,,-2238.81
130,17,1.00,2,30.91,30.01,26.85,-2201.99,0.00,0.0,-84.58,,-2286.5699999999997
130,18,1.00,2,29.66,30.32,26.85,-2218.84,0.00,0.0,0.0,,-2218.84
130,19,1.00,2,27.78,29.50,28.05,0.0,0.00,0.0,0.0,,0.0
130,20,1.00,2,25.36,28.81,27.97,0.0,0.00,0.0,0.0,,0.0
130,21,1.00,2,23.28,28.06,27.43,0.0,0.00,0.0,0.0,,0.0
130,22,1.00,2,21.69,27.30,26.76,0.0,0.00,0.0,0.0,,0.0
130,23,1.00,2,20.24,26.51,26.04,0.0,0.00,0.0,0.0,,0.0
130,24,1.00,2,19.12,25.75,25.32,0.0,0.00,0.0,0.0,,0.0
130,1,2.00,2,18.15,25.01,24.61,0.0,0.00,0.0,0.0,,0.0
130,2,2.00,2,17.26,24.28,23.92,0.0,0.00,0.0,0.0,,0.0
130,3,2.00,2,16.17,23.55,23.21,0.0,0.00,0.0,0.0,,0.0
130,4,2.00,2,15.48,22.86,22.55,0.0,0.00,0.0,0.0,,0.0
130,5,2.00,2,15.05,22.23,21.94,0.0,0.00,0.0,0.0,,0.0
130,6,2.00,2,14.14,21.57,21.30,0.0,0.00,0.0,0.0,,0.0
130,7,2.00,2,13.38,20.94,20.69,0.0,0.00,0.0,0.0,,0.0
130,8,2.00,2,14.70,21.05,21.85,973.9,0.00,0.0,0.0,,973.9
130,9,2.00,2,16.84,21.29,21.85,420.41,0.00,0.0,-120.01,,300.40000000000003
130,10,2.00,2,19.38,21.79,21.88,0.0,0.00,0.0,-372.77,,-372.77
130,11,2.00,2,21.78,22.57,22.54,0.0,0.00,0.0,-280.31,,-280.31
130,12,2.00,2,24.38,23.67,23.61,0.0,0.00,0.0,-124.36,,-124.36
130,13,2.00,2,26.39,24.93,24.86,0.0,0.00,0.0,-3.22,,-3.22
130,14,2.00,2,28.08,26.25,26.18,0.0,0.00,0.0,0.0,,0.0
130,15,2.00,2,29.50,27.54,26.85,-596.91,0.00,0.0,0.0,,-596.91
130,16,2.00,2,30.64,28.72,26.85,-1538.76,0.00,0.0,-68.7,,-1607.46
130,17,2.00,2,29.65,29.39,26.85,-1809.81,0.00,0.0,0.0,,-1809.81
130,18,2.00,2,28.50,29.68,26.85,-1834.86,0.00,0.0,0.0,,-1834.86
130,19,2.00,2,26.66,28.87,27.70,0.0,0.00,0.0,0.0,,0.0
130,20,2.00,2,23.86,28.12,27.45,0.0,0.00,0.0,0.0,,0.0
130,21,2.00,2,21.78,27.33,26.83,0.0,0.00,0.0,0.0,,0.0
130,22,2.00,2,20.42,26.56,26.14,0.0,0.00,0.0,0.0,,0.0
130,23,2.00,2,19.31,25.80,25.42,0.0,0.00,0.0,0.0,,0.0
130,24,2.00,2,18.28,25.06,24.71,0.0,0.00,0.0,0.0,,0.0
130,1,3.00,2,17.59,24.36,24.04,0.0,0.00,0.0,0.0,,0.0
130,2,3.00,2,16.85,23.68,23.39,0.0,0.00,0.0,0.0,,0.0
130,3,3.00,2,15.92,23.00,22.73,0.0,0.00,0.0,0.0,,0.0
130,4,3.00,2,15.08,22.33,22.08,0.0,0.00,0.0,0.0,,0.0
130,5,3.00,2,14.06,21.65,21.41,0.0,0.00,0.0,0.0,,0.0
130,6,3.00,2,13.10,20.97,20.75,0.0,0.00,0.0,0.0,,0.0
130,7,3.00,2,12.47,20.33,20.13,0.0,0.00,0.0,0.0,,0.0
130,8,3.00,2,13.97,20.83,20.64,0.0,0.00,0.0,-0.0,,0.0
130,9,3.00,2,16.38,21.14,20.96,0.0,0.00,0.0,-0.0,,0.0
130,10,3.00,2,19.26,21.62,21.45,0.0,0.00,0.0,-0.0,,0.0
130,11,3.00,2,22.24,22.41,22.25,0.0,0.00,0.0,-0.0,,0.0
130,12,3.00,2,25.06,23.50,23.35,0.0,0.00,0.0,-0.0,,0.0
130,13,3.00,2,27.24,24.78,24.64,0.0,0.00,0.0,-0.0,,0.0
130,14,3.00,2,29.15,26.16,26.03,0.0,0.00,0.0,0.0,,0.0
130,15,3.00,2,30.67,27.52,27.40,0.0,0.00,0.0,0.0,,0.0
130,16,3.00,2,31.94,28.79,28.67,0.0,0.00,0.0,0.0,,0.0
130,17,3.00,2,31.12,29.65,29.53,0.0,0.00,0.0,0.0,,0.0
130,18,3.00,2,30.12,30.14,30.03,0.0,0.00,0.0,0.0,,0.0
130,19,3.00,2,28.28,29.35,29.24,0.0,0.00,0.0,0.0,,0.0
130,20,3.00,2,25.63,28.66,28.56,0.0,0.00,0.0,0.0,,0.0
130,21,3.00,2,23.51,27.94,27.84,0.0,0.00,0.0,0.0,,0.0
130,22,3.00,2,21.87,27.20,27.10,0.0,0.00,0.0,0.0,,0.0
130,23,3.00,2,20.43,26.44,26.35,0.0,0.00,0.0,0.0,,0.0
130,24,3.00,2,19.10,25.67,25.58,0.0,0.00,0.0,0.0,,0.0
130,1,4.00,2,18.08,24.92,24.84,0.0,0.00,0.0,0.0,,0.0
130,2,4.00,2,17.14,24.19,24.11,0.0,0.00,0.0,0.0,,0.0
130,3,4.00,2,16.25,23.48,23.40,0.0,0.00,0.0,0.0,,0.0
130,4,4.00,2,15.51,22.80,22.72,0.0,0.00,0.0,0.0,,0.0
130,5,4.00,2,14.93,22.15,22.08,0.0,0.00,0.0,0.0,,0.0
130,6,4.00,2,14.20,21.52,21.45,0.0,0.00,0.0,0.0,,0.0
130,7,4.00,2,13.51,20.90,20.83,0.0,0.00,0.0,0.0,,0.0
130,8,4.00,2,15.15,21.44,21.37,0.0,0.00,0.0,-0.0,,0.0
130,9,4.00,2,17.48,21.76,21.70,0.0,0.00,0.0,-0.0,,0.0
130,10,4.00,2,20.33,22.26,22.19,0.0,0.00,0.0,-0.0,,0.0
130,11,4.00,2,23.01,23.02,22.96,0.0,0.00,0.0,-0.0,,0.0
130,12,4.00,2,25.54,24.07,24.01,0.0,0.00,0.0,-0.0,,0.0
130,13,4.00,2,27.88,25.35,25.29,0.0,0.00,0.0,0.0,,0.0
130,14,4.00,2,29.85,26.73,26.67,0.0,0.00,0.0,0.0,,0.0
130,15,4.00,2,31.38,28.09,28.03,0.0,0.00,0.0,0.0,,0.0
130,16,4.00,2,32.57,29.34,29.28,0.0,0.00,0.0,0.0,,0.0
130,17,4.00,2,31.64,30.18,30.12,0.0,0.00,0.0,0.0,,0.0
130,18,4.00,2,30.33,30.62,30.57,0.0,0.00,0.0,0.0,,0.0
130,19,4.00,2,28.60,29.80,29.75,0.0,0.00,0.0,0.0,,0.0
130,20,4.00,2,25.77,29.08,29.03,0.0,0.00,0.0,0.0,,0.0
130,21,4.00,2,23.48,28.31,28.25,0.0,0.00,0.0,0.0,,0.0
130,22,4.00,2,21.97,27.54,27.49,0.0,0.00,0.0,0.0,,0.0
130,23,4.00,2,20.72,26.78,26.73,0.0,0.00,0.0,0.0,,0.0
130,24,4.00,2,19.63,26.03,25.98,0.0,0.00,0.0,0.0,,0.0
130,1,5.00,2,18.69,25.30,25.25,0.0,0.00,0.0,0.0,,0.0
130,2,5.00,2,17.58,24.56,24.51,0.0,0.00,0.0,0.0,,0.0
130,3,5.00,2,16.72,23.85,23.80,0.0,0.00,0.0,0.0,,0.0
130,4,5.00,2,15.87,23.15,23.11,0.0,0.00,0.0,0.0,,0.0
130,5,5.00,2,15.04,22.47,22.43,0.0,0.00,0.0,0.0,,0.0
130,6,5.00,2,14.00,21.78,21.73,0.0,0.00,0.0,0.0,,0.0
130,7,5.00,2,13.23,21.11,21.06,0.0,0.00,0.0,0.0,,0.0
130,8,5.00,2,14.62,21.19,21.85,666.83,0.00,0.0,0.0,,666.83
130,9,5.00,2,16.66,21.39,21.85,263.55,0.00,0.0,-34.76,,228.79000000000002
130,10,5.00,2,19.10,21.85,21.99,0.0,0.00,0.0,-236.46,,-236.46
130,11,5.00,2,21.60,22.62,22.67,0.0,0.00,0.0,-169.76,,-169.76
130,12,5.00,2,24.34,23.72,23.75,0.0,0.00,0.0,-42.32,,-42.32
130,13,5.00,2,26.84,25.06,25.08,0.0,0.00,0.0,0.0,,0.0
130,14,5.00,2,28.79,26.46,26.47,0.0,0.00,0.0,0.0,,0.0
130,15,5.00,2,30.30,27.81,26.85,-926.37,0.00,0.0,0.0,,-926.37
130,16,5.00,2,31.34,29.01,26.85,-1783.5,0.00,0.0,0.0,,-1783.5
130,17,5.00,2,31.06,29.82,26.85,-2168.87,0.00,0.0,0.0,,-2168.87
130,18,5.00,2,30.10,30.23,26.85,-2245.76,0.00,0.0,0.0,,-2245.76
130,19,5.00,2,28.94,29.53,28.16,0.0,0.00,0.0,0.0,,0.0
130,20,5.00,2,26.78,28.95,28.20,0.0,0.00,0.0,0.0,,0.0
130,21,5.00,2,25.15,28.35,27.81,0.0,0.00,0.0,0.0,,0.0
130,22,5.00,2,24.54,27.82,27.36,0.0,0.00,0.0,0.0,,0.0
130,23,5.00,2,23.91,27.30,26.90,0.0,0.00,0.0,0.0,,0.0
130,24,5.00,2,23.25,26.80,26.43,0.0,0.00,0.0,0.0,,0.0
130,1,6.00,2,22.65,26.30,25.97,0.0,0.00,0.0,0.0,,0.0
130,2,6.00,2,22.48,25.87,25.56,0.0,0.00,0.0,0.0,,0.0
130,3,6.00,2,22.52,25.50,25.22,0.0,0.00,0.0,0.0,,0.0
130,4,6.00,2,22.54,25.18,24.92,0.0,0.00,0.0,-0.0,,0.0
130,5,6.00,2,22.88,24.93,24.69,0.0,0.00,0.0,-0.0,,0.0
130,6,6.00,2,22.47,24.65,24.42,0.0,0.00,0.0,-0.0,,0.0
130,7,6.00,2,22.20,24.37,24.16,0.0,0.00,0.0,-0.0,,0.0
130,8,6.00,2,22.14,24.82,24.64,0.0,0.00,0.0,-408.7,,-408.7
130,9,6.00,2,21.84,24.89,24.72,0.0,0.00,0.0,-300.58,,-300.58
130,10,6.00,2,23.28,25.20,25.04,0.0,0.00,0.0,-221.49,,-221.49
130,11,6.00,2,24.95,25.78,25.63,0.0,0.00,0.0,-103.32,,-103.32
130,12,6.00,2,26.52,26.60,26.46,0.0,0.00,0.0,-92.07,,-92.07
130,13,6.00,2,27.71,27.57,26.85,-566.75,0.00,0.0,0.0,,-566.75
130,14,6.00,2,29.09,28.64,26.85,-1429.28,0.00,0.0,0.0,,-1429.28
130,15,6.00,2,29.90,29.65,26.85,-2057.28,0.00,0.0,0.0,,-2057.28
130,16,6.00,2,28.68,30.24,26.85,-2272.21,0.00,0.0,0.0,,-2272.21
130,17,6.00,2,27.83,30.58,26.85,-2350.52,0.00,0.0,0.0,,-2350.52
130,18,6.00,2,26.16,30.52,26.85,-2107.61,0.00,0.0,0.0,,-2107.61
130,19,6.00,2,23.80,29.52,27.86,0.0,0.00,0.0,0.0,,0.0
130,20,6.00,2,20.50,28.48,27.45,0.0,0.00,0.0,0.0,,0.0
130,21,6.00,2,18.42,27.43,26.63,0.0,0.00,0.0,0.0,,0.0
130,22,6.00,2,17.37,26.45,25.76,0.0,0.00,0.0,0.0,,0.0
130,23,6.00,2,15.72,25.44,24.81,0.0,0.00,0.0,0.0,,0.0
130,24,6.00,2,14.19,24.42,23.85,0.0,0.00,0.0,0.0,,0.0
130,1,7.00,2,13.59,23.51,22.98,0.0,0.00,0.0,0.0,,0.0
130,2,7.00,2,13.65,22.73,22.25,0.0,0.00,0.0,0.0,,0.0
130,3,7.00,2,13.76,22.06,21.62,0.0,0.00,0.0,0.0,,0.0
130,4,7.00,2,14.46,21.54,21.13,0.0,0.00,0.0,0.0,,0.0
130,5,7.00,2,15.91,21.22,20.84,0.0,0.00,0.0,0.0,,0.0
130,6,7.00,2,16.45,20.93,20.59,0.0,0.00,0.0,0.0,,0.0
130,7,7.00,2,16.86,20.70,20.38,0.0,0.00,0.0,0.0,,0.0
130,8,7.00,2,17.57,21.20,21.85,895.28,0.00,0.0,0.0,,895.28
130,9,7.00,2,19.18,21.60,21.85,200.49,0.00,0.0,-121.97,,78.52000000000001
130,10,7.00,2,21.97,22.31,22.26,0.0,0.00,0.0,-268.47,,-268.47
130,11,7.00,2,25.11,23.37,23.25,0.0,0.00,0.0,-148.58,,-148.58
130,12,7.00,2,27.16,24.58,24.45,0.0,0.00,0.0,0.0,,0.0
130,13,7.00,2,29.18,25.96,25.83,0.0,0.00,0.0,0.0,,0.0
130,14,7.00,2,30.68,27.37,26.85,-379.35,0.00,0.0,0.0,,-379.35
130,15,7.00,2,31.94,28.72,26.85,-1560.05,0.00,0.0,0.0,,-1560.05
130,16,7.00,2,32.72,29.90,26.85,-2280.78,0.00,0.0,0.0,,-2280.78
130,17,7.00,2,31.88,30.64,26.85,-2573.93,0.00,0.0,0.0,,-2573.93
130,18,7.00,2,30.58,30.95,26.85,-2577.5,0.00,0.0,0.0,,-2577.5
130,19,7.00,2,28.44,30.10,28.35,0.0,0.00,0.0,0.0,,0.0
130,20,7.00,2,25.38,29.32,28.29,0.0,0.00,0.0,0.0,,0.0
130,21,7.00,2,23.25,28.51,27.74,0.0,0.00,0.0,0.0,,0.0
130,22,7.00,2,21.84,27.72,27.06,0.0,0.00,0.0,0.0,,0.0
130,23,7.00,2,20.48,26.93,26.33,0.0,0.00,0.0,0.0,,0.0
130,24,7.00,2,19.19,26.13,25.59,0.0,0.00,0.0,0.0,,0.0
130,1,1.00,2,18.23,25.36,24.86,0.0,0.00,0.0,0.0,,0.0
130,2,1.00,2,17.56,24.64,24.18,0.0,0.00,0.0,0.0,,0.0
130,3,1.00,2,16.39,23.89,23.47,0.0,0.00,0.0,0.0,,0.0
130,4,1.00,2,15.76,23.20,22.81,0.0,0.00,0.0,0.0,,0.0
130,5,1.00,2,14.93,22.51,22.15,0.0,0.00,0.0,0.0,,0.0
130,6,1.00,2,13.91,21.81,21.47,0.0,0.00,0.0,0.0,,0.0
130,7,1.00,2,13.23,21.15,20.83,0.0,0.00,0.0,0.0,,0.0
130,8,1.00,2,14.77,21.26,21.85,829.8,0.00,0.0,0.0,,829.8
130,9,1.00,2,16.74,21.46,21.85,352.71,0.00,0.0,0.0,,352.71
130,10,1.00,2,19.53,21.98,21.98,0.0,0.00,0.0,-155.99,,-155.99
130,11,1.00,2,22.95,22.93,22.83,0.0,0.00,0.0,-138.63,,-138.63
130,12,1.00,2,25.63,24.12,24.00,0.0,0.00,0.0,0.0,,0.0
130,13,1.00,2,27.97,25.50,25.38,0.0,0.00,0.0,0.0,,0.0
130,14,1.00,2,30.13,26.98,26.85,-14.9,0.00,0.0,0.0,,-14.9
130,15,1.00,2,31.80,28.42,26.85,-1389.15,0.00,0.0,0.0,,-1389.15
130,16,1.00,2,33.00,29.71,26.85,-2197.1,0.00,0.0,0.0,,-2197.1
130,17,1.00,2,32.13,30.49,26.85,-2515.77,0.00,0.0,0.0,,-2515.77
130,18,1.00,2,31.00,30.88,26.85,-2573.4,0.00,0.0,0.0,,-2573.4
130,19,1.00,2,28.48,30.00,28.31,0.0,0.00,0.0,0.0,,0.0
130,20,1.00,2,25.31,29.21,28.23,0.0,0.00,0.0,0.0,,0.0
130,21,1.00,2,23.36,28.44,27.70,0.0,0.00,0.0,0.0,,0.0
130,22,1.00,2,21.79,27.65,27.02,0.0,0.00,0.0,0.0,,0.0
130,23,1.00,2,20.60,26.87,26.31,0.0,0.00,0.0,0.0,,0.0
130,24,1.00,2,19.42,26.10,25.59,0.0,0.00,0.0,0.0,,0.0
130,1,2.00,2,18.48,25.36,24.88,0.0,0.00,0.0,0.0,,0.0
130,2,2.00,2,17.49,24.62,24.18,0.0,0.00,0.0,0.0,,0.0
130,3,2.00,2,16.52,23.89,23.49,0.0,0.00,0.0,0.0,,0.0
130,4,2.00,2,15.78,23.20,22.82,0.0,0.00,0.0,0.0,,0.0
130,5,2.00,2,14.91,22.51,22.16,0.0,0.00,0.0,0.0,,0.0
130,6,2.00,2,14.08,21.83,21.51,0.0,0.00,0.0,0.0,,0.0
130,7,2.00,2,13.17,21.15,20.85,0.0,0.00,0.0,0.0,,0.0
130,8,2.00,2,14.29,21.18,21.85,891.89,0.00,0.0,0.0,,891.89
130,9,2.00,2,16.49,21.38,21.85,397.06,0.00,0.0,0.0,,397.06
130,10,2.00,2,18.96,21.84,21.87,0.0,0.00,0.0,-147.62,,-147.62
130,11,2.00,2,21.67,22.64,22.56,0.0,0.00,0.0,-102.87,,-102.87
130,12,2.00,2,24.06,23.70,23.59,0.0,0.00,0.0,0.0,,0.0
130,13,2.00,2,26.12,24.95,24.83,0.0,0.00,0.0,0.0,,0.0
130,14,2.00,2,28.06,26.29,26.18,0.0,0.00,0.0,0.0,,0.0
130,15,2.00,2,29.36,27.57,26.85,-590.96,0.00,0.0,0.0,,-590.96
130,16,2.00,2,28.83,28.46,26.85,-1266.2,0.00,0.0,0.0,,-1266.2
130,17,2.00,2,27.99,29.02,26.85,-1513.18,0.00,0.0,0.0,,-1513.18
130,18,2.00,2,26.95,29.24,26.85,-1513.02,0.00,0.0,0.0,,-1513.02
130,19,2.00,2,24.94,28.40,27.38,0.0,0.00,0.0,0.0,,0.0
130,20,2.00,2,22.85,27.67,27.07,0.0,0.00,0.0,0.0,,0.0
130,21,2.00,2,21.08,26.91,26.45,0.0,0.00,0.0,0.0,,0.0
130,22,2.00,2,19.73,26.14,25.75,0.0,0.00,0.0,0.0,,0.0
130,23,2.00,2,18.71,25.40,25.04,0.0,0.00,0.0,0.0,,0.0
130,24,2.00,2,17.94,24.69,24.36,0.0,0.00,0.0,0.0,,0.0
130,1,3.00,2,17.48,24.04,23.74,0.0,0.00,0.0,0.0,,0.0
130,2,3.00,2,16.79,23.40,23.12,0.0,0.00,0.0,0.0,,0.0
130,3,3.00,2,15.87,22.76,22.49,0.0,0.00,0.0,0.0,,0.0
130,4,3.00,2,15.25,22.14,21.90,0.0,0.00,0.0,0.0,,0.0
130,5,3.00,2,14.55,21.54,21.31,0.0,0.00,0.0,0.0,,0.0
130,6,3.00,2,13.64,20.92,20.71,0.0,0.00,0.0,0.0,,0.0
130,7,3.00,2,12.81,20.31,20.11,0.0,0.00,0.0,0.0,,0.0
130,8,3.00,2,12.27,20.60,20.41,0.0,0.00,0.0,-0.0,,0.0
130,9,3.00,2,14.92,20.82,20.64,0.0,0.00,0.0,-0.0,,0.0
130,10,3.00,2,17.77,21.23,21.06,0.0,0.00,0.0,-0.0,,0.0
130,11,3.00,2,20.97,21.98,21.81,0.0,0.00,0.0,-0.0,,0.0
130,12,3.00,2,23.20,22.95,22.80,0.0,0.00,0.0,-0.0,,0.0
130,13,3.00,2,25.16,24.13,23.98,0.0,0.00,0.0,-0.0,,0.0
130,14,3.00,2,27.05,25.42,25.28,0.0,0.00,0.0,0.0,,0.0
130,15,3.00,2,28.61,26.71,26.58,0.0,0.00,0.0,0.0,,0.0
130,16,3.00,2,28.08,27.70,27.57,0.0,0.00,0.0,0.0,,0.0
130,17,3.00,2,27.20,28.37,28.25,0.0,0.00,0.0,0.0,,0.0
130,18,3.00,2,25.98,28.68,28.57,0.0,0.00,0.0,0.0,,0.0
130,19,3.00,2,24.31,27.75,27.64,0.0,0.00,0.0,0.0,,0.0
130,20,3.00,2,22.05,26.99,26.88,0.0,0.00,0.0,0.0,,0.0
130,21,3.00,2,20.14,26.21,26.11,0.0,0.00,0.0,0.0,,0.0
130,22,3.00,2,18.91,25.45,25.35,0.0,0.00,0.0,0.0,,0.0
130,23,3.00,2,17.69,24.69,24.59,0.0,0.00,0.0,0.0,,0.0
130,24,3.00,2,16.49,23.92,23.82,0.0,0.00,0.0,0.0,,0.0
130,1,4.00,2,15.55,23.17,23.08,0.0,0.00,0.0,0.0,,0.0
130,2,4.00,2,14.79,22.46,22.38,0.0,0.00,0.0,0.0,,0.0
130,3,4.00,2,14.13,21.79,21.70,0.0,0.00,0.0,0.0,,0.0
130,4,4.00,2,13.43,21.13,21.05,0.0,0.00,0.0,0.0,,0.0
130,5,4.00,2,12.99,20.53,20.44,0.0,0.00,0.0,0.0,,0.0
130,6,4.00,2,12.34,19.93,19.84,0.0,0.00,0.0,0.0,,0.0
130,7,4.00,2,13.24,19.52,19.44,0.0,0.00,0.0,0.0,,0.0
130,8,4.00,2,14.19,20.11,20.04,0.0,0.00,0.0,-0.0,,0.0
130,9,4.00,2,16.45,20.49,20.41,0.0,0.00,0.0,-0.0,,0.0
130,10,4.00,2,19.37,21.05,20.97,0.0,0.00,0.0,-0.0,,0.0
130,11,4.00,2,22.01,21.86,21.79,0.0,0.00,0.0,-0.0,,0.0
130,12,4.00,2,24.78,22.98,22.91,0.0,0.00,0.0,-0.0,,0.0
130,13,4.00,2,26.98,24.30,24.23,0.0,0.00,0.0,-0.0,,0.0
130,14,4.00,2,28.74,25.69,25.62,0.0,0.00,0.0,-0.0,,0.0
130,15,4.00,2,29.95,27.03,26.96,0.0,0.00,0.0,0.0,,0.0
130,16,4.00,2,29.36,28.07,28.00,0.0,0.00,0.0,0.0,,0.0
130,17,4.00,2,28.34,28.77,28.70,0.0,0.00,0.0,0.0,,0.0
130,18,4.00,2,27.11,29.11,29.05,0.0,0.00,0.0,0.0,,0.0
130,19,4.00,2,25.67,28.24,28.18,0.0,0.00,0.0,0.0,,0.0
130,20,4.00,2,23.40,27.53,27.46,0.0,0.00,0.0,0.0,,0.0
130,21,4.00,2,21.67,26.81,26.74,0.0,0.00,0.0,0.0,,0.0
130,22,4.00,2,20.49,26.10,26.04,0.0,0.00,0.0,0.0,,0.0
130,23,4.00,2,19.30,25.39,25.32,0.0,0.00,0.0,0.0,,0.0
130,24,4.00,2,18.30,24.68,24.62,0.0,0.00,0.0,0.0,,0.0
130,1,5.00,2,17.55,24.02,23.96,0.0,0.00,0.0,0.0,,0.0
130,2,5.00,2,16.71,23.36,23.30,0.0,0.00,0.0,0.0,,0.0
130,3,5.00,2,16.07,22.73,22.67,0.0,0.00,0.0,0.0,,0.0
130,4,5.00,2,15.31,22.11,22.05,0.0,0.00,0.0,0.0,,0.0
130,5,5.00,2,14.45,21.49,21.43,0.0,0.00,0.0,0.0,,0.0
130,6,5.00,2,13.64,20.87,20.82,0.0,0.00,0.0,0.0,,0.0
130,7,5.00,2,12.83,20.26,20.21,0.0,0.00,0.0,0.0,,0.0
130,8,5.00,2,12.37,20.11,21.85,1710.07,0.00,0.0,0.0,,1710.07
130,9,5.00,2,14.72,20.27,21.85,1021.49,0.00,0.0,0.0,,1021.49
130,10,5.00,2,17.46,20.74,21.85,563.7,0.00,0.0,0.0,,563.7
130,11,5.00,2,20.13,21.52,21.94,0.0,0.00,0.0,-219.0,,-219.0
130,12,5.00,2,22.80,22.61,22.84,0.0,0.00,0.0,-81.0,,-81.0
130,13,5.00,2,25.05,23.90,24.06,0.0,0.00,0.0,0.0,,0.0
130,14,5.00,2,26.95,25.26,25.39,0.0,0.00,0.0,0.0,,0.0
130,15,5.00,2,28.42,26.57,26.68,0.0,0.00,0.0,0.0,,0.0
130,16,5.00,2,29.50,27.76,26.85,-966.13,0.00,0.0,0.0,,-966.13
130,17,5.00,2,28.65,28.46,26.85,-1324.2,0.00,0.0,0.0,,-1324.2
130,18,5.00,2,27.36,28.75,26.85,-1349.77,0.00,0.0,0.0,,-1349.77
130,19,5.00,2,25.34,27.94,27.23,0.0,0.00,0.0,0.0,,0.0
130,20,5.00,2,22.51,27.18,26.83,0.0,0.00,0.0,0.0,,0.0
130,21,5.00,2,20.50,26.39,26.16,0.0,0.00,0.0,0.0,,0.0
130,22,5.00,2,19.26,25.63,25.44,0.0,0.00,0.0,0.0,,0.0
130,23,5.00,2,18.34,24.91,24.73,0.0,0.00,0.0,0.0,,0.0
130,24,5.00,2,17.40,24.19,24.03,0.0,0.00,0.0,0.0,,0.0
130,1,6.00,2,16.64,23.51,23.36,0.0,0.00,0.0,0.0,,0.0
130,2,6.00,2,15.63,22.81,22.67,0.0,0.00,0.0,0.0,,0.0
130,3,6.00,2,15.06,22.17,22.04,0.0,0.00,0.0,0.0,,0.0
130,4,6.00,2,14.29,21.53,21.41,0.0,0.00,0.0,0.0,,0.0
130,5,6.00,2,13.83,20.94,20.82,0.0,0.00,0.0,0.0,,0.0
130,6,6.00,2,12.88,20.32,20.21,0.0,0.00,0.0,0.0,,0.0
130,7,6.00,2,11.94,19.69,19.59,0.0,0.00,0.0,0.0,,0.0
130,8,6.00,2,12.94,19.76,21.85,2090.99,0.00,0.0,0.0,,2090.99
130,9,6.00,2,15.13,19.99,21.85,1205.2,0.00,0.0,0.0,,1205.2
130,10,6.00,2,17.78,20.51,21.85,706.9,0.00,0.0,0.0,,706.9
130,11,6.00,2,20.42,21.33,21.85,18.39,0.00,0.0,0.0,,18.39
130,12,6.00,2,22.66,22.39,22.66,0.0,0.00,0.0,0.0,,0.0
130,13,6.00,2,24.78,23.66,23.84,0.0,0.00,0.0,0.0,,0.0
130,14,6.00,2,26.53,24.99,25.14,0.0,0.00,0.0,0.0,,0.0
130,15,6.00,2,27.76,26.26,26.39,0.0,0.00,0.0,0.0,,0.0
130,16,6.00,2,28.72,27.40,26.85,-632.59,0.00,0.0,0.0,,-632.59
130,17,6.00,2,27.91,28.08,26.85,-1072.03,0.00,0.0,0.0,,-1072.03
130,18,6.00,2,26.80,28.37,26.85,-1122.96,0.00,0.0,0.0,,-1122.96
130,19,6.00,2,24.73,27.56,27.01,0.0,0.00,0.0,0.0,,0.0
130,20,6.00,2,22.60,26.87,26.62,0.0,0.00,0.0,0.0,,0.0
130,21,6.00,2,20.91,26.17,26.00,0.0,0.00,0.0,0.0,,0.0
130,22,6.00,2,19.77,25.48,25.34,0.0,0.00,0.0,0.0,,0.0
130,23,6.00,2,18.93,24.81,24.69,0.0,0.00,0.0,0.0,,0.0
130,24,6.00,2,17.88,24.14,24.03,0.0,0.00,0.0,0.0,,0.0
130,1,7.00,2,17.02,23.48,23.38,0.0,0.00,0.0,0.0,,0.0
130,2,7.00,2,15.92,22.80,22.70,0.0,0.00,0.0,0.0,,0.0
130,3,7.00,2,14.91,22.12,22.03,0.0,0.00,0.0,0.0,,0.0
130,4,7.00,2,13.85,21.43,21.35,0.0,0.00,0.0,0.0,,0.0
130,5,7.00,2,13.10,20.78,20.70,0.0,0.00,0.0,0.0,,0.0
130,6,7.00,2,12.28,20.13,20.05,0.0,0.00,0.0,0.0,,0.0
130,7,7.00,2,11.60,19.50,19.43,0.0,0.00,0.0,0.0,,0.0
130,8,7.00,2,12.59,19.56,21.85,2257.86,0.00,0.0,0.0,,2257.86
130,9,7.00,2,15.17,19.84,21.85,1270.29,0.00,0.0,0.0,,1270.29
130,10,7.00,2,18.08,20.42,21.85,722.22,0.00,0.0,0.0,,722.22
130,11,7.00,2,20.95,21.32,21.87,0.0,0.00,0.0,-86.78,,-86.78
130,12,7.00,2,23.56,22.49,22.79,0.0,0.00,0.0,0.0,,0.0
130,13,7.00,2,25.87,23.86,24.07,0.0,0.00,0.0,0.0,,0.0
130,14,7.00,2,27.84,25.30,25.47,0.0,0.00,0.0,0.0,,0.0
130,15,7.00,2,29.24,26.67,26.82,0.0,0.00,0.0,0.0,,0.0
130,16,7.00,2,30.21,27.88,26.85,-1121.14,0.00,0.0,0.0,,-1121.14
130,17,7.00,2,29.28,28.61,26.85,-1449.32,0.00,0.0,0.0,,-1449.32
130,18,7.00,2,28.19,28.96,26.85,-1519.67,0.00,0.0,0.0,,-1519.67
130,19,7.00,2,26.53,28.20,27.43,0.0,0.00,0.0,0.0,,0.0
130,20,7.00,2,24.35,27.57,27.20,0.0,0.00,0.0,0.0,,0.0
130,21,7.00,2,22.40,26.89,26.64,0.0,0.00,0.0,0.0,,0.0
130,22,7.00,2,21.11,26.21,26.01,0.0,0.00,0.0,0.0,,0.0
130,23,7.00,2,19.97,25.53,25.35,0.0,0.00,0.0,0.0,,0.0
130,24,7.00,2,18.87,24.84,24.69,0.0,0.00,0.0,0.0,,0.0
130,1,1.00,3,17.95,24.17,24.03,0.0,0.00,0.0,0.0,,0.0
130,2,1.00,3,16.93,23.50,23.37,0.0,0.00,0.0,0.0,,0.0
130,3,1.00,3,16.02,22.84,22.71,0.0,0.00,0.0,0.0,,0.0
130,4,1.00,3,15.10,22.18,22.06,0.0,0.00,0.0,0.0,,0.0
130,5,1.00,3,14.51,21.56,21.45,0.0,0.00,0.0,0.0,,0.0
130,6,1.00,3,13.60,20.92,20.82,0.0,0.00,0.0,0.0,,0.0
130,7,1.00,3,12.44,20.26,20.16,0.0,0.00,0.0,-0.0,,0.0
130,8,1.00,3,13.56,20.31,21.19,928.52,0.00,0.0,0.0,,928.52
130,9,1.00,3,16.20,20.59,21.19,358.26,0.00,0.0,-88.97,,269.28999999999996
130,10,1.00,3,19.01,21.21,21.38,0.0,0.00,0.0,-365.41,,-365.41
130,11,1.00,3,22.47,22.28,22.34,0.0,0.00,0.0,-316.42,,-316.42
130,12,1.00,3,24.84,23.54,23.57,0.0,0.00,0.0,-127.81,,-127.81
130,13,1.00,3,27.30,25.01,25.02,0.0,0.00,0.0,-462.19,,-462.19
130,14,1.00,3,28.78,26.46,26.19,-262.28,0.00,0.0,-656.21,,-918.49
130,15,1.00,3,28.34,27.56,26.19,-1229.97,0.00,0.0,-487.31,,-1717.28
130,16,1.00,3,27.82,28.41,26.19,-1704.47,0.00,0.0,-288.27,,-1992.74
130,17,1.00,3,26.72,28.92,26.19,-1889.11,0.00,0.0,0.0,,-1889.11
130,18,1.00,3,25.54,29.09,26.19,-1837.33,0.00,0.0,0.0,,-1837.33
130,19,1.00,3,23.84,28.30,27.10,0.0,0.00,0.0,0.0,,0.0
130,20,1.00,3,22.27,27.58,26.89,0.0,0.00,0.0,0.0,,0.0
130,21,1.00,3,20.88,26.82,26.31,0.0,0.00,0.0,0.0,,0.0
130,22,1.00,3,19.96,26.09,25.66,0.0,0.00,0.0,0.0,,0.0
130,23,1.00,3,18.88,25.35,24.97,0.0,0.00,0.0,0.0,,0.0
130,24,1.00,3,17.53,24.58,24.23,0.0,0.00,0.0,0.0,,0.0
130,1,2.00,3,16.53,23.84,23.51,0.0,0.00,0.0,0.0,,0.0
130,2,2.00,3,15.81,23.13,22.83,0.0,0.00,0.0,0.0,,0.0
130,3,2.00,3,15.02,22.44,22.17,0.0,0.00,0.0,0.0,,0.0
130,4,2.00,3,14.44,21.79,21.54,0.0,0.00,0.0,0.0,,0.0
130,5,2.00,3,14.35,21.23,21.00,0.0,0.00,0.0,0.0,,0.0
130,6,2.00,3,13.81,20.67,20.45,0.0,0.00,0.0,-0.0,,0.0
130,7,2.00,3,13.21,20.12,19.92,0.0,0.00,0.0,-0.0,,0.0
130,8,2.00,3,12.70,20.03,21.19,1286.76,0.00,0.0,0.0,,1286.76
130,9,2.00,3,14.57,20.13,21.19,768.24,0.00,0.0,0.0,,768.24
130,10,2.00,3,16.97,20.59,21.19,313.06,0.00,0.0,-106.89,,206.17000000000002
130,11,2.00,3,19.56,21.41,21.58,0.0,0.00,0.0,-131.65,,-131.65
130,12,2.00,3,22.01,22.52,22.58,0.0,0.00,0.0,0.0,,0.0
130,13,2.00,3,23.91,23.78,23.80,0.0,0.00,0.0,0.0,,0.0
130,14,2.00,3,25.54,25.10,25.11,0.0,0.00,0.0,0.0,,0.0
130,15,2.00,3,26.94,26.39,26.19,-194.24,0.00,0.0,0.0,,-194.24
130,16,2.00,3,27.85,27.52,26.19,-1213.78,0.00,0.0,0.0,,-1213.78
130,17,2.00,3,27.02,28.21,26.19,-1516.45,0.00,0.0,0.0,,-1516.45
130,18,2.00,3,25.86,28.49,26.19,-1544.97,0.00,0.0,0.0,,-1544.97
130,19,2.00,3,24.51,27.80,26.88,0.0,0.00,0.0,0.0,,0.0
130,20,2.00,3,22.50,27.12,26.62,0.0,0.00,0.0,0.0,,0.0
130,21,2.00,3,20.90,26.39,26.03,0.0,0.00,0.0,0.0,,0.0
130,22,2.00,3,19.81,25.68,25.38,0.0,0.00,0.0,0.0,,0.0
130,23,2.00,3,18.70,24.97,24.70,0.0,0.00,0.0,0.0,,0.0
130,24,2.00,3,17.89,24.28,24.04,0.0,0.00,0.0,0.0,,0.0
130,1,3.00,3,17.18,23.63,23.40,0.0,0.00,0.0,0.0,,0.0
130,2,3.00,3,16.50,23.00,22.79,0.0,0.00,0.0,0.0,,0.0
130,3,3.00,3,15.90,22.39,22.20,0.0,0.00,0.0,0.0,,0.0
130,4,3.00,3,15.40,21.82,21.64,0.0,0.00,0.0,0.0,,0.0
130,5,3.00,3,14.70,21.26,21.09,0.0,0.00,0.0,-0.0,,0.0
130,6,3.00,3,13.91,20.68,20.52,0.0,0.00,0.0,-0.0,,0.0
130,7,3.00,3,12.95,20.09,19.94,0.0,0.00,0.0,-0.0,,0.0
130,8,3.00,3,14.35,20.62,20.48,0.0,0.00,0.0,-0.0,,0.0
130,9,3.00,3,17.02,20.99,20.86,0.0,0.00,0.0,-0.0,,0.0
130,10,3.00,3,19.76,21.56,21.44,0.0,0.00,0.0,-0.0,,0.0
130,11,3.00,3,22.55,22.45,22.34,0.0,0.00,0.0,-0.0,,0.0
130,12,3.00,3,24.92,23.61,23.49,0.0,0.00,0.0,-0.0,,0.0
130,13,3.00,3,26.98,24.94,24.84,0.0,0.00,0.0,-0.0,,0.0
130,14,3.00,3,28.96,26.39,26.29,0.0,0.00,0.0,0.0,,0.0
130,15,3.00,3,30.42,27.79,27.70,0.0,0.00,0.0,0.0,,0.0
130,16,3.00,3,31.50,29.07,28.98,0.0,0.00,0.0,0.0,,0.0
130,17,3.00,3,30.49,29.93,29.84,0.0,0.00,0.0,0.0,,0.0
130,18,3.00,3,29.27,30.41,30.33,0.0,0.00,0.0,0.0,,0.0
130,19,3.00,3,27.17,29.56,29.48,0.0,0.00,0.0,0.0,,0.0
130,20,3.00,3,24.57,28.79,28.71,0.0,0.00,0.0,0.0,,0.0
130,21,3.00,3,22.64,27.99,27.91,0.0,0.00,0.0,0.0,,0.0
130,22,3.00,3,21.07,27.18,27.11,0.0,0.00,0.0,0.0,,0.0
130,23,3.00,3,19.85,26.38,26.31,0.0,0.00,0.0,0.0,,0.0
130,24,3.00,3,18.72,25.60,25.53,0.0,0.00,0.0,0.0,,0.0
130,1,4.00,3,15.15,24.53,24.46,0.0,0.00,0.0,0.0,,0.0
130,2,4.00,3,13.94,23.57,23.51,0.0,0.00,0.0,0.0,,0.0
130,3,4.00,3,12.87,22.66,22.60,0.0,0.00,0.0,0.0,,0.0
130,4,4.00,3,12.00,21.79,21.73,0.0,0.00,0.0,0.0,,0.0
130,5,4.00,3,11.10,20.95,20.89,0.0,0.00,0.0,0.0,,0.0
130,6,4.00,3,10.06,20.11,20.06,0.0,0.00,0.0,0.0,,0.0
130,7,4.00,3,8.99,19.28,19.23,0.0,0.00,0.0,0.0,,0.0
130,8,4.00,3,10.66,19.65,19.59,0.0,0.00,0.0,0.0,,0.0
130,9,4.00,3,12.67,19.77,19.72,0.0,0.00,0.0,0.0,,0.0
130,10,4.00,3,15.11,20.12,20.07,0.0,0.00,0.0,-0.0,,0.0
130,11,4.00,3,17.70,20.79,20.74,0.0,0.00,0.0,-0.0,,0.0
130,12,4.00,3,19.73,21.72,21.67,0.0,0.00,0.0,-0.0,,0.0
130,13,4.00,3,21.99,22.89,22.84,0.0,0.00,0.0,0.0,,0.0
130,14,4.00,3,23.72,24.16,24.11,0.0,0.00,0.0,0.0,,0.0
130,15,4.00,3,25.01,25.39,25.34,0.0,0.00,0.0,0.0,,0.0
130,16,4.00,3,24.00,26.27,26.22,0.0,0.00,0.0,0.0,,0.0
130,17,4.00,3,22.88,26.84,26.79,0.0,0.00,0.0,0.0,,0.0
130,18,4.00,3,21.62,27.07,27.02,0.0,0.00,0.0,0.0,,0.0
130,19,4.00,3,20.42,26.10,26.06,0.0,0.00,0.0,0.0,,0.0
130,20,4.00,3,18.36,25.25,25.21,0.0,0.00,0.0,0.0,,0.0
130,21,4.00,3,17.23,24.46,24.42,0.0,0.00,0.0,0.0,,0.0
130,22,4.00,3,15.92,23.65,23.61,0.0,0.00,0.0,0.0,,0.0
130,23,4.00,3,14.96,22.87,22.83,0.0,0.00,0.0,0.0,,0.0
130,24,4.00,3,13.74,22.08,22.04,0.0,0.00,0.0,0.0,,0.0
130,1,5.00,3,12.50,21.28,21.24,0.0,0.00,0.0,0.0,,0.0
130,2,5.00,3,11.51,20.50,20.46,0.0,0.00,0.0,0.0,,0.0
130,3,5.00,3,10.22,19.69,19.65,0.0,0.00,0.0,0.0,,0.0
130,4,5.00,3,9.82,18.98,18.94,0.0,0.00,0.0,0.0,,0.0
130,5,5.00,3,9.24,18.30,18.26,0.0,0.00,0.0,0.0,,0.0
130,6,5.00,3,8.52,17.63,17.59,0.0,0.00,0.0,0.0,,0.0
130,7,5.00,3,7.85,16.98,16.94,0.0,0.00,0.0,0.0,,0.0
130,8,5.00,3,10.50,17.22,21.19,3845.58,0.00,0.0,0.0,,3845.58
130,9,5.00,3,12.74,17.53,21.19,2337.28,0.00,0.0,0.0,,2337.28
130,10,5.00,3,16.28,18.31,21.19,1556.25,0.00,0.0,0.0,,1556.25
130,11,5.00,3,19.56,19.44,21.19,604.23,0.00,0.0,0.0,,604.23
130,12,5.00,3,22.96,20.93,21.75,0.0,0.00,0.0,0.0,,0.0
130,13,5.00,3,26.01,22.64,23.18,0.0,0.00,0.0,0.0,,0.0
130,14,5.00,3,28.55,24.41,24.84,0.0,0.00,0.0,0.0,,0.0
130,15,5.00,3,30.75,26.15,26.19,-323.4,0.00,0.0,0.0,,-323.4
130,16,5.00,3,30.12,27.37,26.19,-1345.09,0.00,0.0,0.0,,-1345.09
130,17,5.00,3,29.21,28.20,26.19,-1743.6,0.00,0.0,0.0,,-1743.6
130,18,5.00,3,27.91,28.62,26.19,-1830.13,0.00,0.0,0.0,,-1830.13
130,19,5.00,3,25.79,27.87,27.06,0.0,0.00,0.0,0.0,,0.0
130,20,5.00,3,22.80,27.11,26.77,0.0,0.00,0.0,0.0,,0.0
130,21,5.00,3,20.70,26.32,26.13,0.0,0.00,0.0,0.0,,0.0
130,22,5.00,3,19.21,25.52,25.38,0.0,0.00,0.0,0.0,,0.0
130,23,5.00,3,17.88,24.73,24.61,0.0,0.00,0.0,0.0,,0.0
130,24,5.00,3,16.63,23.94,23.83,0.0,0.00,0.0,0.0,,0.0
130,1,6.00,3,15.57,23.17,23.07,0.0,0.00,0.0,0.0,,0.0
130,2,6.00,3,14.54,22.40,22.31,0.0,0.00,0.0,0.0,,0.0
130,3,6.00,3,13.20,21.61,21.53,0.0,0.00,0.0,0.0,,0.0
130,4,6.00,3,12.52,20.88,20.81,0.0,0.00,0.0,0.0,,0.0
130,5,6.00,3,11.91,20.19,20.12,0.0,0.00,0.0,0.0,,0.0
130,6,6.00,3,11.11,19.51,19.44,0.0,0.00,0.0,0.0,,0.0
130,7,6.00,3,10.21,18.83,18.76,0.0,0.00,0.0,0.0,,0.0
130,8,6.00,3,12.31,18.97,21.19,2180.3,0.00,0.0,0.0,,2180.3
130,9,6.00,3,14.26,19.19,21.19,1286.32,0.00,0.0,0.0,,1286.32
130,10,6.00,3,17.14,19.80,21.19,694.14,0.00,0.0,0.0,,694.14
130,11,6.00,3,19.67,20.70,21.24,0.0,0.00,0.0,0.0,,0.0
130,12,6.00,3,22.73,21.99,22.29,0.0,0.00,0.0,0.0,,0.0
130,13,6.00,3,25.10,23.44,23.66,0.0,0.00,0.0,0.0,,0.0
130,14,6.00,3,27.19,24.97,25.15,0.0,0.00,0.0,0.0,,0.0
130,15,6.00,3,28.91,26.46,26.19,-407.03,0.00,0.0,0.0,,-407.03
130,16,6.00,3,30.10,27.78,26.19,-1530.85,0.00,0.0,0.0,,-1530.85
130,17,6.00,3,29.31,28.62,26.19,-1909.02,0.00,0.0,0.0,,-1909.02
130,18,6.00,3,27.90,29.00,26.19,-1958.25,0.00,0.0,0.0,,-1958.25
130,19,6.00,3,26.03,28.26,27.21,0.0,0.00,0.0,0.0,,0.0
130,20,6.00,3,23.28,27.52,26.99,0.0,0.00,0.0,0.0,,0.0
130,21,6.00,3,21.38,26.75,26.39,0.0,0.00,0.0,0.0,,0.0
130,22,6.00,3,20.04,25.99,25.70,0.0,0.00,0.0,0.0,,0.0
130,23,6.00,3,18.80,25.23,24.97,0.0,0.00,0.0,0.0,,0.0
130,24,6.00,3,17.53,24.45,24.22,0.0,0.00,0.0,0.0,,0.0
130,1,7.00,3,16.40,23.69,23.48,0.0,0.00,0.0,0.0,,0.0
130,2,7.00,3,15.42,22.94,22.75,0.0,0.00,0.0,0.0,,0.0
130,3,7.00,3,14.37,22.20,22.02,0.0,0.00,0.0,0.0,,0.0
130,4,7.00,3,13.86,21.52,21.36,0.0,0.00,0.0,0.0,,0.0
130,5,7.00,3,13.01,20.84,20.69,0.0,0.00,0.0,0.0,,0.0
130,6,7.00,3,12.35,20.19,20.05,0.0,0.00,0.0,0.0,,0.0
130,7,7.00,3,11.27,19.51,19.38,0.0,0.00,0.0,0.0,,0.0
130,8,7.00,3,13.32,19.67,21.19,1565.35,0.00,0.0,0.0,,1565.35
130,9,7.00,3,14.73,19.81,21.19,935.03,0.00,0.0,0.0,,935.03
130,10,7.00,3,17.67,20.39,21.19,361.62,0.00,0.0,0.0,,361.62
130,11,7.00,3,20.53,21.33,21.62,0.0,0.00,0.0,-189.31,,-189.31
130,12,7.00,3,23.44,22.61,22.75,0.0,0.00,0.0,0.0,,0.0
130,13,7.00,3,26.05,24.09,24.18,0.0,0.00,0.0,0.0,,0.0
130,14,7.00,3,28.11,25.62,25.70,0.0,0.00,0.0,0.0,,0.0
130,15,7.00,3,29.84,27.12,26.19,-948.36,0.00,0.0,0.0,,-948.36
130,16,7.00,3,31.16,28.47,26.19,-1936.89,0.00,0.0,0.0,,-1936.89
130,17,7.00,3,30.36,29.32,26.19,-2306.86,0.00,0.0,0.0,,-2306.86
130,18,7.00,3,29.14,29.74,26.19,-2380.63,0.00,0.0,0.0,,-2380.63
130,19,7.00,3,27.17,28.99,27.59,0.0,0.00,0.0,0.0,,0.0
130,20,7.00,3,24.34,28.24,27.49,0.0,0.00,0.0,0.0,,0.0
130,21,7.00,3,22.24,27.46,26.92,0.0,0.00,0.0,0.0,,0.0
130,22,7.00,3,20.62,26.65,26.21,0.0,0.00,0.0,0.0,,0.0
130,23,7.00,3,19.27,25.85,25.46,0.0,0.00,0.0,0.0,,0.0
130,24,7.00,3,18.06,25.06,24.70,0.0,0.00,0.0,0.0,,0.0
130,1,1.00,3,16.87,24.27,23.94,0.0,0.00,0.0,0.0,,0.0
130,2,1.00,3,15.71,23.48,23.17,0.0,0.00,0.0,0.0,,0.0
130,3,1.00,3,14.55,22.69,22.41,0.0,0.00,0.0,0.0,,0.0
130,4,1.00,3,13.65,21.92,21.67,0.0,0.00,0.0,0.0,,0.0
130,5,1.00,3,12.60,21.16,20.93,0.0,0.00,0.0,0.0,,0.0
130,6,1.00,3,12.01,20.46,20.24,0.0,0.00,0.0,0.0,,0.0
130,7,1.00,3,10.94,19.73,19.52,0.0,0.00,0.0,0.0,,0.0
130,8,1.00,3,12.79,19.79,21.19,1512.42,0.00,0.0,0.0,,1512.42
130,9,1.00,3,14.24,19.87,21.19,946.14,0.00,0.0,0.0,,946.14
130,10,1.00,3,16.81,20.35,21.19,456.45,0.00,0.0,0.0,,456.45
130,11,1.00,3,19.45,21.19,21.45,0.0,0.00,0.0,-81.34,,-81.34
130,12,1.00,3,21.89,22.31,22.42,0.0,0.00,0.0,0.0,,0.0
130,13,1.00,3,23.99,23.61,23.67,0.0,0.00,0.0,0.0,,0.0
130,14,1.00,3,25.65,24.96,25.00,0.0,0.00,0.0,0.0,,0.0
130,15,1.00,3,26.60,26.19,26.19,-27.62,0.00,0.0,0.0,,-27.62
130,16,1.00,3,26.06,27.06,26.19,-848.62,0.00,0.0,0.0,,-848.62
130,17,1.00,3,25.15,27.60,26.19,-1099.44,0.00,0.0,0.0,,-1099.44
130,18,1.00,3,23.61,27.73,26.19,-1025.07,0.00,0.0,0.0,,-1025.07
130,19,1.00,3,21.76,26.93,26.33,0.0,0.00,0.0,0.0,,0.0
130,20,1.00,3,19.62,26.12,25.80,0.0,0.00,0.0,0.0,,0.0
130,21,1.00,3,17.87,25.26,25.03,0.0,0.00,0.0,0.0,,0.0
130,22,1.00,3,16.73,24.43,24.24,0.0,0.00,0.0,0.0,,0.0
130,23,1.00,3,15.67,23.61,23.44,0.0,0.00,0.0,0.0,,0.0
130,24,1.00,3,14.80,22.83,22.67,0.0,0.00,0.0,0.0,,0.0
130,1,2.00,3,13.86,22.06,21.91,0.0,0.00,0.0,0.0,,0.0
130,2,2.00,3,13.37,21.35,21.22,0.0,0.00,0.0,0.0,,0.0
130,3,2.00,3,12.09,20.60,20.47,0.0,0.00,0.0,0.0,,0.0
130,4,2.00,3,12.23,19.99,19.88,0.0,0.00,0.0,0.0,,0.0
130,5,2.00,3,11.35,19.35,19.24,0.0,0.00,0.0,0.0,,0.0
130,6,2.00,3,10.53,18.71,18.61,0.0,0.00,0.0,0.0,,0.0
130,7,2.00,3,9.38,18.04,17.94,0.0,0.00,0.0,0.0,,0.0
130,8,2.00,3,10.92,18.11,21.19,3041.79,0.00,0.0,0.0,,3041.79
130,9,2.00,3,12.90,18.29,21.19,1899.8,0.00,0.0,0.0,,1899.8
130,10,2.00,3,15.86,18.89,21.19,1275.4,0.00,0.0,0.0,,1275.4
130,11,2.00,3,18.43,19.80,21.19,507.32,0.00,0.0,0.0,,507.32
130,12,2.00,3,20.72,20.96,21.59,0.0,0.00,0.0,0.0,,0.0
130,13,2.00,3,23.13,22.35,22.75,0.0,0.00,0.0,0.0,,0.0
130,14,2.00,3,24.93,23.78,24.10,0.0,0.00,0.0,0.0,,0.0
130,15,2.00,3,26.21,25.13,25.40,0.0,0.00,0.0,0.0,,0.0
130,16,2.00,3,27.37,26.36,26.19,-393.12,0.00,0.0,0.0,,-393.12
130,17,2.00,3,26.82,27.16,26.19,-1011.32,0.00,0.0,0.0,,-1011.32
130,18,2.00,3,25.85,27.57,26.19,-1130.82,0.00,0.0,0.0,,-1130.82
130,19,2.00,3,24.30,26.89,26.47,0.0,0.00,0.0,0.0,,0.0
130,20,2.00,3,22.01,26.22,26.08,0.0,0.00,0.0,0.0,,0.0
130,21,2.00,3,20.26,25.51,25.45,0.0,0.00,0.0,0.0,,0.0
130,22,2.00,3,19.05,24.81,24.77,0.0,0.00,0.0,0.0,,0.0
130,23,2.00,3,17.98,24.11,24.08,0.0,0.00,0.0,0.0,,0.0
130,24,2.00,3,16.98,23.42,23.39,0.0,0.00,0.0,0.0,,0.0
130,1,3.00,3,16.01,22.73,22.71,0.0,0.00,0.0,0.0,,0.0
130,2,3.00,3,15.17,22.07,22.04,0.0,0.00,0.0,0.0,,0.0
130,3,3.00,3,14.26,21.40,21.38,0.0,0.00,0.0,0.0,,0.0
130,4,3.00,3,13.56,20.77,20.74,0.0,0.00,0.0,0.0,,0.0
130,5,3.00,3,13.26,20.20,20.17,0.0,0.00,0.0,0.0,,0.0
130,6,3.00,3,12.77,19.64,19.62,0.0,0.00,0.0,0.0,,0.0
130,7,3.00,3,12.34,19.12,19.10,0.0,0.00,0.0,0.0,,0.0
130,8,3.00,3,13.76,19.70,19.68,0.0,0.00,0.0,0.0,,0.0
130,9,3.00,3,15.30,19.97,19.94,0.0,0.00,0.0,-0.0,,0.0
130,10,3.00,3,17.25,20.40,20.38,0.0,0.00,0.0,-0.0,,0.0
130,11,3.00,3,19.40,21.12,21.10,0.0,0.00,0.0,-0.0,,0.0
130,12,3.00,3,21.41,22.11,22.08,0.0,0.00,0.0,-0.0,,0.0
130,13,3.00,3,23.08,23.27,23.25,0.0,0.00,0.0,0.0,,0.0
130,14,3.00,3,24.36,24.49,24.47,0.0,0.00,0.0,0.0,,0.0
130,15,3.00,3,25.20,25.65,25.63,0.0,0.00,0.0,0.0,,0.0
130,16,3.00,3,26.03,26.71,26.69,0.0,0.00,0.0,0.0,,0.0
130,17,3.00,3,25.74,27.47,27.45,0.0,0.00,0.0,0.0,,0.0
130,18,3.00,3,24.80,27.88,27.85,0.0,0.00,0.0,0.0,,0.0
130,19,3.00,3,23.22,27.00,26.98,0.0,0.00,0.0,0.0,,0.0
130,20,3.00,3,21.34,26.27,26.25,0.0,0.00,0.0,0.0,,0.0
130,21,3.00,3,19.96,25.55,25.53,0.0,0.00,0.0,0.0,,0.0
130,22,3.00,3,18.93,24.84,24.82,0.0,0.00,0.0,0.0,,0.0
130,23,3.00,3,18.27,24.18,24.16,0.0,0.00,0.0,0.0,,0.0
130,24,3.00,3,17.70,23.56,23.54,0.0,0.00,0.0,0.0,,0.0
130,1,4.00,3,17.03,22.96,22.94,0.0,0.00,0.0,0.0,,0.0
130,2,4.00,3,16.44,22.38,22.36,0.0,0.00,0.0,0.0,,0.0
130,3,4.00,3,15.82,21.81,21.79,0.0,0.00,0.0,0.0,,0.0
130,4,4.00,3,15.22,21.27,21.25,0.0,0.00,0.0,0.0,,0.0
130,5,4.00,3,15.01,20.78,20.76,0.0,0.00,0.0,0.0,,0.0
130,6,4.00,3,14.82,20.33,20.31,0.0,0.00,0.0,0.0,,0.0
130,7,4.00,3,14.20,19.87,19.85,0.0,0.00,0.0,0.0,,0.0
130,8,4.00,3,15.43,20.49,20.46,0.0,0.00,0.0,-0.0,,0.0
130,9,4.00,3,16.64,20.75,20.73,0.0,0.00,0.0,-0.0,,0.0
130,10,4.00,3,19.03,21.25,21.23,0.0,0.00,0.0,-0.0,,0.0
130,11,4.00,3,21.56,22.06,22.04,0.0,0.00,0.0,-0.0,,0.0
130,12,4.00,3,23.76,23.14,23.12,0.0,0.00,0.0,-0.0,,0.0
130,13,4.00,3,25.82,24.42,24.39,0.0,0.00,0.0,-0.0,,0.0
130,14,4.00,3,27.37,25.76,25.74,0.0,0.00,0.0,0.0,,0.0
130,15,4.00,3,28.09,27.00,26.98,0.0,0.00,0.0,0.0,,0.0
130,16,4.00,3,28.62,28.10,28.08,0.0,0.00,0.0,0.0,,0.0
130,17,4.00,3,27.84,28.85,28.83,0.0,0.00,0.0,0.0,,0.0
130,18,4.00,3,26.72,29.24,29.22,0.0,0.00,0.0,0.0,,0.0
130,19,4.00,3,24.74,28.32,28.30,0.0,0.00,0.0,0.0,,0.0
130,20,4.00,3,22.00,27.46,27.44,0.0,0.00,0.0,0.0,,0.0
130,21,4.00,3,20.03,26.59,26.56,0.0,0.00,0.0,0.0,,0.0
130,22,4.00,3,18.75,25.74,25.72,0.0,0.00,0.0,0.0,,0.0
130,23,4.00,3,17.75,24.94,24.92,0.0,0.00,0.0,0.0,,0.0
130,24,4.00,3,16.90,24.16,24.14,0.0,0.00,0.0,0.0,,0.0
130,1,5.00,3,15.90,23.40,23.38,0.0,0.00,0.0,0.0,,0.0
130,2,5.00,3,14.95,22.65,22.63,0.0,0.00,0.0,0.0,,0.0
130,3,5.00,3,14.08,21.92,21.90,0.0,0.00,0.0,0.0,,0.0
130,4,5.00,3,13.05,21.18,21.16,0.0,0.00,0.0,0.0,,0.0
130,5,5.00,3,12.25,20.47,20.45,0.0,0.00,0.0,0.0,,0.0
130,6,5.00,3,11.62,19.80,19.78,0.0,0.00,0.0,0.0,,0.0
130,7,5.00,3,10.84,19.14,19.12,0.0,0.00,0.0,0.0,,0.0
130,8,5.00,3,12.71,19.28,21.19,1854.41,0.00,0.0,0.0,,1854.41
130,9,5.00,3,14.69,19.49,21.19,1067.0,0.00,0.0,0.0,,1067.0
130,10,5.00,3,17.90,20.15,21.19,437.73,0.00,0.0,-109.9,,327.83000000000004
130,11,5.00,3,20.88,21.16,21.58,0.0,0.00,0.0,-402.32,,-402.32
130,12,5.00,3,23.45,22.42,22.67,0.0,0.00,0.0,0.0,,0.0
130,13,5.00,3,26.26,23.94,24.13,0.0,0.00,0.0,0.0,,0.0
130,14,5.00,3,28.42,25.52,25.68,0.0,0.00,0.0,0.0,,0.0
130,15,5.00,3,29.93,27.01,26.19,-919.61,0.00,0.0,0.0,,-919.61
130,16,5.00,3,31.06,28.34,26.19,-1889.9,0.00,0.0,0.0,,-1889.9
130,17,5.00,3,30.04,29.15,26.19,-2223.78,0.00,0.0,0.0,,-2223.78
130,18,5.00,3,28.71,29.53,26.19,-2272.3,0.00,0.0,0.0,,-2272.3
130,19,5.00,3,26.54,28.74,27.46,0.0,0.00,0.0,0.0,,0.0
130,20,5.00,3,23.90,27.99,27.32,0.0,0.00,0.0,0.0,,0.0
130,21,5.00,3,21.96,27.21,26.74,0.0,0.00,0.0,0.0,,0.0
130,22,5.00,3,20.48,26.42,26.04,0.0,0.00,0.0,0.0,,0.0
130,23,5.00,3,19.31,25.65,25.31,0.0,0.00,0.0,0.0,,0.0
130,24,5.00,3,18.12,24.88,24.57,0.0,0.00,0.0,0.0,,0.0
130,1,6.00,3,16.88,24.09,23.81,0.0,0.00,0.0,0.0,,0.0
130,2,6.00,3,15.76,23.32,23.06,0.0,0.00,0.0,0.0,,0.0
130,3,6.00,3,14.66,22.55,22.31,0.0,0.00,0.0,0.0,,0.0
130,4,6.00,3,13.52,21.77,21.56,0.0,0.00,0.0,0.0,,0.0
130,5,6.00,3,12.43,21.00,20.80,0.0,0.00,0.0,0.0,,0.0
130,6,6.00,3,11.54,20.26,20.07,0.0,0.00,0.0,0.0,,0.0
130,7,6.00,3,10.68,19.53,19.36,0.0,0.00,0.0,0.0,,0.0
130,8,6.00,3,12.63,19.60,21.19,1668.24,0.00,0.0,0.0,,1668.24
130,9,6.00,3,14.87,19.81,21.19,928.45,0.00,0.0,0.0,,928.45
130,10,6.00,3,17.95,20.43,21.19,333.34,0.00,0.0,0.0,,333.34
130,11,6.00,3,21.35,21.48,21.74,0.0,0.00,0.0,-16.03,,-16.03
130,12,6.00,3,23.87,22.75,22.87,0.0,0.00,0.0,0.0,,0.0
130,13,6.00,3,26.66,24.27,24.35,0.0,0.00,0.0,0.0,,0.0
130,14,6.00,3,28.77,25.84,25.90,0.0,0.00,0.0,0.0,,0.0
130,15,6.00,3,30.45,27.35,26.19,-1161.54,0.00,0.0,0.0,,-1161.54
130,16,6.00,3,31.58,28.69,26.19,-2070.87,0.00,0.0,0.0,,-2070.87
130,17,6.00,3,30.43,29.48,26.19,-2385.86,0.00,0.0,0.0,,-2385.86
130,18,6.00,3,28.87,29.82,26.19,-2393.6,0.00,0.0,0.0,,-2393.6
130,19,6.00,3,26.46,28.99,27.54,0.0,0.00,0.0,0.0,,0.0
130,20,6.00,3,23.74,28.20,27.41,0.0,0.00,0.0,0.0,,0.0
130,21,6.00,3,21.57,27.36,26.79,0.0,0.00,0.0,0.0,,0.0
130,22,6.00,3,20.16,26.54,26.06,0.0,0.00,0.0,0.0,,0.0
130,23,6.00,3,18.87,25.72,25.29,0.0,0.00,0.0,0.0,,0.0
130,24,6.00,3,17.75,24.91,24.53,0.0,0.00,0.0,0.0,,0.0
130,1,7.00,3,16.76,24.13,23.78,0.0,0.00,0.0,0.0,,0.0
130,2,7.00,3,15.74,23.36,23.04,0.0,0.00,0.0,0.0,,0.0
130,3,7.00,3,14.73,22.60,22.30,0.0,0.00,0.0,0.0,,0.0
130,4,7.00,3,13.76,21.84,21.57,0.0,0.00,0.0,0.0,,0.0
130,5,7.00,3,12.72,21.09,20.84,0.0,0.00,0.0,0.0,,0.0
130,6,7.00,3,11.68,20.34,20.11,0.0,0.00,0.0,0.0,,0.0
130,7,7.00,3,10.42,19.57,19.35,0.0,0.00,0.0,0.0,,0.0
130,8,7.00,3,11.87,19.52,21.19,1783.6,0.00,0.0,0.0,,1783.6
130,9,7.00,3,13.86,19.63,21.19,1104.16,0.00,0.0,0.0,,1104.16
130,10,7.00,3,16.67,20.14,21.19,580.07,0.00,0.0,0.0,,580.07
130,11,7.00,3,19.28,20.98,21.32,0.0,0.00,0.0,-67.46,,-67.46
130,12,7.00,3,21.62,22.09,22.24,0.0,0.00,0.0,0.0,,0.0
130,13,7.00,3,23.87,23.41,23.50,0.0,0.00,0.0,0.0,,0.0
130,14,7.00,3,25.78,24.80,24.87,0.0,0.00,0.0,0.0,,0.0
130,15,7.00,3,27.19,26.14,26.19,-0.2,0.00,0.0,0.0,,-0.2
130,16,7.00,3,28.32,27.34,26.19,-1143.41,0.00,0.0,0.0,,-1143.41
130,17,7.00,3,27.53,28.08,26.19,-1481.57,0.00,0.0,0.0,,-1481.57
130,18,7.00,3,26.24,28.38,26.19,-1513.75,0.00,0.0,0.0,,-1513.75
130,19,7.00,3,24.46,27.64,26.80,0.0,0.00,0.0,0.0,,0.0
130,20,7.00,3,22.17,26.91,26.47,0.0,0.00,0.0,0.0,,0.0
130,21,7.00,3,20.41,26.14,25.84,0.0,0.00,0.0,0.0,,0.0
130,22,7.00,3,19.18,25.39,25.13,0.0,0.00,0.0,0.0,,0.0
130,23,7.00,3,18.05,24.63,24.41,0.0,0.00,0.0,0.0,,0.0
130,24,7.00,3,16.99,23.89,23.69,0.0,0.00,0.0,0.0,,0.0
130,1,1.00,3,16.07,23.16,22.98,0.0,0.00,0.0,0.0,,0.0
130,2,1.00,3,15.11,22.45,22.27,0.0,0.00,0.0,0.0,,0.0
130,3,1.00,3,14.28,21.75,21.59,0.0,0.00,0.0,0.0,,0.0
130,4,1.00,3,13.39,21.06,20.91,0.0,0.00,0.0,0.0,,0.0
130,5,1.00,3,12.41,20.37,20.23,0.0,0.00,0.0,0.0,,0.0
130,6,1.00,3,11.68,19.70,19.57,0.0,0.00,0.0,0.0,,0.0
130,7,1.00,3,10.78,19.03,18.91,0.0,0.00,0.0,0.0,,0.0
130,8,1.00,3,12.44,19.14,21.19,2068.66,0.00,0.0,0.0,,2068.66
130,9,1.00,3,13.89,19.25,21.19,1301.69,0.00,0.0,0.0,,1301.69
130,10,1.00,3,16.74,19.80,21.19,736.6,0.00,0.0,-26.6,,710.0
130,11,1.00,3,19.56,20.72,21.22,0.0,0.00,0.0,-438.4,,-438.4
130,12,1.00,3,22.09,21.91,22.17,0.0,0.00,0.0,-48.93,,-48.93
130,13,1.00,3,24.08,23.24,23.42,0.0,0.00,0.0,0.0,,0.0
130,14,1.00,3,25.90,24.65,24.79,0.0,0.00,0.0,0.0,,0.0
130,15,1.00,3,27.35,26.00,26.13,0.0,0.00,0.0,0.0,,0.0
130,16,1.00,3,28.28,27.20,26.19,-1069.42,0.00,0.0,0.0,,-1069.42
130,17,1.00,3,27.23,27.89,26.19,-1386.91,0.00,0.0,0.0,,-1386.91
130,18,1.00,3,25.93,28.18,26.19,-1415.33,0.00,0.0,0.0,,-1415.33
130,19,1.00,3,24.13,27.43,26.70,0.0,0.00,0.0,0.0,,0.0
130,20,1.00,3,21.89,26.70,26.34,0.0,0.00,0.0,0.0,,0.0
130,21,1.00,3,20.03,25.92,25.68,0.0,0.00,0.0,0.0,,0.0
130,22,1.00,3,18.89,25.16,24.97,0.0,0.00,0.0,0.0,,0.0
130,23,1.00,3,17.84,24.42,24.25,0.0,0.00,0.0,0.0,,0.0
130,24,1.00,3,16.82,23.68,23.53,0.0,0.00,0.0,0.0,,0.0
130,1,2.00,3,15.97,22.97,22.83,0.0,0.00,0.0,0.0,,0.0
130,2,2.00,3,15.01,22.26,22.13,0.0,0.00,0.0,0.0,,0.0
130,3,2.00,3,14.08,21.56,21.44,0.0,0.00,0.0,0.0,,0.0
130,4,2.00,3,13.23,20.88,20.76,0.0,0.00,0.0,0.0,,0.0
130,5,2.00,3,12.19,20.18,20.07,0.0,0.00,0.0,0.0,,0.0
130,6,2.00,3,11.18,19.48,19.38,0.0,0.00,0.0,0.0,,0.0
130,7,2.00,3,9.96,18.75,18.66,0.0,0.00,0.0,0.0,,0.0
130,8,2.00,3,11.27,18.74,21.19,2427.67,0.00,0.0,0.0,,2427.67
130,9,2.00,3,13.47,18.91,21.19,1496.75,0.00,0.0,0.0,,1496.75
130,10,2.00,3,16.07,19.43,21.19,967.22,0.00,0.0,0.0,,967.22
130,11,2.00,3,18.62,20.28,21.19,243.72,0.00,0.0,-228.24,,15.47999999999999
130,12,2.00,3,21.16,21.43,21.86,0.0,0.00,0.0,0.0,,0.0
130,13,2.00,3,23.28,22.76,23.04,0.0,0.00,0.0,0.0,,0.0
130,14,2.00,3,25.18,24.17,24.39,0.0,0.00,0.0,0.0,,0.0
130,15,2.00,3,26.88,25.56,25.75,0.0,0.00,0.0,0.0,,0.0
130,16,2.00,3,27.87,26.77,26.19,-721.83,0.00,0.0,0.0,,-721.83
130,17,2.00,3,26.87,27.49,26.19,-1163.39,0.00,0.0,0.0,,-1163.39
130,18,2.00,3,25.51,27.78,26.19,-1196.74,0.00,0.0,0.0,,-1196.74
130,19,2.00,3,23.58,27.02,26.48,0.0,0.00,0.0,0.0,,0.0
130,20,2.00,3,21.23,26.28,26.05,0.0,0.00,0.0,0.0,,0.0
130,21,2.00,3,19.43,25.49,25.36,0.0,0.00,0.0,0.0,,0.0
130,22,2.00,3,18.10,24.71,24.60,0.0,0.00,0.0,0.0,,0.0
130,23,2.00,3,16.88,23.93,23.84,0.0,0.00,0.0,0.0,,0.0
130,24,2.00,3,15.59,23.13,23.05,0.0,0.00,0.0,0.0,,0.0
130,1,3.00,3,14.45,22.34,22.27,0.0,0.00,0.0,0.0,,0.0
130,2,3.00,3,13.38,21.57,21.50,0.0,0.00,0.0,0.0,,0.0
130,3,3.00,3,12.04,20.76,20.70,0.0,0.00,0.0,0.0,,0.0
130,4,3.00,3,11.35,20.02,19.96,0.0,0.00,0.0,0.0,,0.0
130,5,3.00,3,10.50,19.29,19.24,0.0,0.00,0.0,0.0,,0.0
130,6,3.00,3,9.52,18.56,18.51,0.0,0.00,0.0,0.0,,0.0
130,7,3.00,3,8.69,17.85,17.80,0.0,0.00,0.0,0.0,,0.0
130,8,3.00,3,10.23,18.29,18.24,0.0,0.00,0.0,0.0,,0.0
130,9,3.00,3,11.96,18.46,18.42,0.0,0.00,0.0,-0.0,,0.0
130,10,3.00,3,14.71,18.89,18.85,0.0,0.00,0.0,-0.0,,0.0
130,11,3.00,3,17.39,19.64,19.60,0.0,0.00,0.0,-0.0,,0.0
130,12,3.00,3,20.31,20.74,20.70,0.0,0.00,0.0,-0.0,,0.0
130,13,3.00,3,22.97,22.08,22.04,0.0,0.00,0.0,-0.0,,0.0
130,14,3.00,3,25.13,23.53,23.49,0.0,0.00,0.0,0.0,,0.0
130,15,3.00,3,26.96,24.97,24.93,0.0,0.00,0.0,0.0,,0.0
130,16,3.00,3,28.18,26.27,26.24,0.0,0.00,0.0,0.0,,0.0
130,17,3.00,3,27.39,27.18,27.14,0.0,0.00,0.0,0.0,,0.0
130,18,3.00,3,26.24,27.69,27.66,0.0,0.00,0.0,0.0,,0.0
130,19,3.00,3,24.27,26.89,26.86,0.0,0.00,0.0,0.0,,0.0
130,20,3.00,3,21.81,26.16,26.13,0.0,0.00,0.0,0.0,,0.0
130,21,3.00,3,19.84,25.39,25.36,0.0,0.00,0.0,0.0,,0.0
130,22,3.00,3,18.37,24.63,24.60,0.0,0.00,0.0,0.0,,0.0
130,23,3.00,3,17.09,23.86,23.83,0.0,0.00,0.0,0.0,,0.0
130,24,3.00,3,15.82,23.08,23.05,0.0,0.00,0.0,0.0,,0.0
130,1,4.00,3,14.51,22.29,22.26,0.0,0.00,0.0,0.0,,0.0
130,2,4.00,3,13.52,21.52,21.50,0.0,0.00,0.0,0.0,,0.0
130,3,4.00,3,12.12,20.72,20.70,0.0,0.00,0.0,0.0,,0.0
130,4,4.00,3,11.44,19.99,19.96,0.0,0.00,0.0,0.0,,0.0
130,5,4.00,3,10.08,19.20,19.18,0.0,0.00,0.0,0.0,,0.0
130,6,4.00,3,9.06,18.43,18.41,0.0,0.00,0.0,0.0,,0.0
130,7,4.00,3,8.38,17.71,17.69,0.0,0.00,0.0,0.0,,0.0
130,8,4.00,3,10.44,18.21,18.18,0.0,0.00,0.0,0.0,,0.0
130,9,4.00,3,13.52,18.56,18.53,0.0,0.00,0.0,0.0,,0.0
130,10,4.00,3,17.05,19.19,19.17,0.0,0.00,0.0,-0.0,,0.0
130,11,4.00,3,20.51,20.19,20.16,0.0,0.00,0.0,-0.0,,0.0
130,12,4.00,3,23.93,21.52,21.50,0.0,0.00,0.0,0.0,,0.0
130,13,4.00,3,26.69,23.07,23.04,0.0,0.00,0.0,0.0,,0.0
130,14,4.00,3,29.07,24.71,24.69,0.0,0.00,0.0,0.0,,0.0
130,15,4.00,3,31.12,26.34,26.32,0.0,0.00,0.0,0.0,,0.0
130,16,4.00,3,32.45,27.82,27.80,0.0,0.00,0.0,0.0,,0.0
130,17,4.00,3,31.22,28.83,28.81,0.0,0.00,0.0,0.0,,0.0
130,18,4.00,3,29.76,29.42,29.39,0.0,0.00,0.0,0.0,,0.0
130,19,4.00,3,26.87,28.58,28.55,0.0,0.00,0.0,0.0,,0.0
130,20,4.00,3,23.92,27.80,27.77,0.0,0.00,0.0,0.0,,0.0
130,21,4.00,3,21.41,26.95,26.92,0.0,0.00,0.0,0.0,,0.0
130,22,4.00,3,19.51,26.07,26.05,0.0,0.00,0.0,0.0,,0.0
130,23,4.00,3,17.68,25.16,25.14,0.0,0.00,0.0,0.0,,0.0
130,24,4.00,3,16.15,24.26,24.24,0.0,0.00,0.0,0.0,,0.0
130,1,5.00,3,14.70,23.35,23.33,0.0,0.00,0.0,0.0,,0.0
130,2,5.00,3,13.30,22.44,22.42,0.0,0.00,0.0,0.0,,0.0
130,3,5.00,3,11.86,21.52,21.50,0.0,0.00,0.0,0.0,,0.0
130,4,5.00,3,10.71,20.63,20.60,0.0,0.00,0.0,0.0,,0.0
130,5,5.00,3,11.39,19.96,19.94,0.0,0.00,0.0,0.0,,0.0
130,6,5.00,3,12.09,19.44,19.41,0.0,0.00,0.0,0.0,,0.0
130,7,5.00,3,12.62,19.00,18.98,0.0,0.00,0.0,0.0,,0.0
130,8,5.00,3,13.26,19.18,21.19,1952.06,0.00,0.0,0.0,,1952.06
130,9,5.00,3,15.53,19.48,21.19,1041.34,0.00,0.0,0.0,,1041.34
130,10,5.00,3,18.18,20.12,21.19,464.74,0.00,0.0,0.0,,464.74
130,11,5.00,3,20.68,21.05,21.49,0.0,0.00,0.0,-89.6,,-89.6
130,12,5.00,3,23.10,22.27,22.52,0.0,0.00,0.0,0.0,,0.0
130,13,5.00,3,25.27,23.66,23.85,0.0,0.00,0.0,0.0,,0.0
130,14,5.00,3,26.87,25.07,25.24,0.0,0.00,0.0,0.0,,0.0
130,15,5.00,3,28.03,26.40,26.19,-342.56,0.00,0.0,0.0,,-342.56
130,16,5.00,3,28.68,27.55,26.19,-1315.19,0.00,0.0,0.0,,-1315.19
130,17,5.00,3,27.74,28.24,26.19,-1615.61,0.00,0.0,0.0,,-1615.61
130,18,5.00,3,26.38,28.52,26.19,-1621.72,0.00,0.0,0.0,,-1621.72
130,19,5.00,3,23.82,27.66,26.79,0.0,0.00,0.0,0.0,,0.0
130,20,5.00,3,21.23,26.83,26.40,0.0,0.00,0.0,0.0,,0.0
130,21,5.00,3,19.23,25.96,25.67,0.0,0.00,0.0,0.0,,0.0
130,22,5.00,3,17.86,25.10,24.86,0.0,0.00,0.0,0.0,,0.0
130,23,5.00,3,16.63,24.25,24.05,0.0,0.00,0.0,0.0,,0.0
130,24,5.00,3,15.64,23.44,23.25,0.0,0.00,0.0,0.0,,0.0
130,1,6.00,3,14.59,22.63,22.46,0.0,0.00,0.0,0.0,,0.0
130,2,6.00,3,13.53,21.84,21.68,0.0,0.00,0.0,0.0,,0.0
130,3,6.00,3,12.41,21.04,20.90,0.0,0.00,0.0,0.0,,0.0
130,4,6.00,3,11.50,20.27,20.14,0.0,0.00,0.0,0.0,,0.0
130,5,6.00,3,10.62,19.52,19.40,0.0,0.00,0.0,0.0,,0.0
130,6,6.00,3,9.87,18.80,18.69,0.0,0.00,0.0,0.0,,0.0
130,7,6.00,3,9.20,18.11,18.01,0.0,0.00,0.0,0.0,,0.0
130,8,6.00,3,11.34,18.24,21.19,2920.94,0.00,0.0,0.0,,2920.94
130,9,6.00,3,13.21,18.42,21.19,1819.45,0.00,0.0,0.0,,1819.45
130,10,6.00,3,16.42,19.06,21.19,1157.79,0.00,0.0,0.0,,1157.79
130,11,6.00,3,19.61,20.09,21.19,287.73,0.00,0.0,0.0,,287.73
130,12,6.00,3,22.51,21.41,21.94,0.0,0.00,0.0,0.0,,0.0
130,13,6.00,3,24.98,22.91,23.26,0.0,0.00,0.0,0.0,,0.0
130,14,6.00,3,27.08,24.47,24.75,0.0,0.00,0.0,0.0,,0.0
130,15,6.00,3,28.69,25.96,26.19,-17.57,0.00,0.0,0.0,,-17.57
130,16,6.00,3,27.91,26.98,26.19,-959.27,0.00,0.0,0.0,,-959.27
130,17,6.00,3,26.74,27.61,26.19,-1244.75,0.00,0.0,0.0,,-1244.75
130,18,6.00,3,25.20,27.84,26.19,-1224.64,0.00,0.0,0.0,,-1224.64
130,19,6.00,3,22.84,27.00,26.45,0.0,0.00,0.0,0.0,,0.0
130,20,6.00,3,20.35,26.17,25.95,0.0,0.00,0.0,0.0,,0.0
130,21,6.00,3,18.33,25.30,25.17,0.0,0.00,0.0,0.0,,0.0
130,22,6.00,3,16.77,24.42,24.32,0.0,0.00,0.0,0.0,,0.0
130,23,6.00,3,15.54,23.55,23.47,0.0,0.00,0.0,0.0,,0.0
130,24,6.00,3,14.34,22.70,22.63,0.0,0.00,0.0,0.0,,0.0
130,1,7.00,3,13.00,21.84,21.77,0.0,0.00,0.0,0.0,,0.0
130,2,7.00,3,11.67,20.97,20.91,0.0,0.00,0.0,0.0,,0.0
130,3,7.00,3,10.28,20.08,20.03,0.0,0.00,0.0,0.0,,0.0
130,4,7.00,3,10.76,19.41,19.36,0.0,0.00,0.0,0.0,,0.0
130,5,7.00,3,11.27,18.87,18.82,0.0,0.00,0.0,0.0,,0.0
130,6,7.00,3,11.81,18.42,18.38,0.0,0.00,0.0,0.0,,0.0
130,7,7.00,3,12.26,18.06,18.02,0.0,0.00,0.0,0.0,,0.0
130,8,7.00,3,13.33,18.39,21.19,2717.81,0.00,0.0,0.0,,2717.81
130,9,7.00,3,14.48,18.61,21.19,1648.62,0.00,0.0,0.0,,1648.62
130,10,7.00,3,16.88,19.19,21.19,1069.71,0.00,0.0,0.0,,1069.71
130,11,7.00,3,19.08,20.06,21.19,343.48,0.00,0.0,0.0,,343.48
130,12,7.00,3,21.24,21.19,21.74,0.0,0.00,0.0,0.0,,0.0
130,13,7.00,3,22.76,22.43,22.79,0.0,0.00,0.0,0.0,,0.0
130,14,7.00,3,24.24,23.74,24.03,0.0,0.00,0.0,0.0,,0.0
130,15,7.00,3,25.01,24.92,25.18,0.0,0.00,0.0,0.0,,0.0
130,16,7.00,3,25.53,25.95,26.18,0.0,0.00,0.0,0.0,,0.0
130,17,7.00,3,24.71,26.57,26.19,-558.55,0.00,0.0,0.0,,-558.55
130,18,7.00,3,23.45,26.79,26.19,-579.51,0.00,0.0,0.0,,-579.51
130,19,7.00,3,21.83,26.05,25.94,0.0,0.00,0.0,0.0,,0.0
130,20,7.00,3,20.00,25.34,25.36,0.0,0.00,0.0,0.0,,0.0
130,21,7.00,3,18.23,24.56,24.62,0.0,0.00,0.0,0.0,,0.0
130,22,7.00,3,17.20,23.81,23.87,0.0,0.00,0.0,0.0,,0.0
130,23,7.00,3,16.20,23.07,23.13,0.0,0.00,0.0,0.0,,0.0
130,24,7.00,3,15.14,22.34,22.39,0.0,0.00,0.0,0.0,,0.0
130,1,1.00,3,14.27,21.62,21.67,0.0,0.00,0.0,0.0,,0.0
130,2,1.00,3,13.39,20.92,20.96,0.0,0.00,0.0,0.0,,0.0
130,3,1.00,3,12.47,20.23,20.26,0.0,0.00,0.0,0.0,,0.0
130,4,1.00,3,11.93,19.58,19.62,0.0,0.00,0.0,0.0,,0.0
130,5,1.00,3,11.32,18.96,18.99,0.0,0.00,0.0,0.0,,0.0
130,6,1.00,3,10.36,18.31,18.34,0.0,0.00,0.0,0.0,,0.0
130,7,1.00,3,9.47,17.67,17.70,0.0,0.00,0.0,0.0,,0.0
130,8,1.00,3,10.86,17.76,21.19,3268.43,0.00,0.0,0.0,,3268.43
130,9,1.00,3,12.26,17.86,21.19,2144.21,0.00,0.0,0.0,,2144.21
130,10,1.00,3,15.20,18.42,21.19,1529.32,0.00,0.0,0.0,,1529.32
130,11,1.00,3,17.70,19.29,21.19,781.14,0.00,0.0,-15.54,,765.6
130,12,1.00,3,20.48,20.50,21.37,0.0,0.00,0.0,-106.7,,-106.7
130,13,1.00,3,22.72,21.88,22.44,0.0,0.00,0.0,-229.04,,-229.04
130,14,1.00,3,24.49,23.30,23.75,0.0,0.00,0.0,0.0,,0.0
130,15,1.00,3,25.93,24.67,25.07,0.0,0.00,0.0,0.0,,0.0
130,16,1.00,3,25.56,25.66,26.01,0.0,0.00,0.0,0.0,,0.0
130,17,1.00,3,24.84,26.31,26.19,-422.25,0.00,0.0,0.0,,-422.25
130,18,1.00,3,23.77,26.60,26.19,-538.99,0.00,0.0,0.0,,-538.99
130,19,1.00,3,22.01,25.87,25.88,0.0,0.00,0.0,0.0,,0.0
130,20,1.00,3,19.99,25.16,25.28,0.0,0.00,0.0,0.0,,0.0
130,21,1.00,3,18.27,24.39,24.54,0.0,0.00,0.0,0.0,,0.0
130,22,1.00,3,17.21,23.65,23.80,0.0,0.00,0.0,0.0,,0.0
130,23,1.00,3,16.07,22.91,23.05,0.0,0.00,0.0,0.0,,0.0
130,24,1.00,3,14.89,22.16,22.28,0.0,0.00,0.0,0.0,,0.0
130,1,2.00,3,13.87,21.42,21.54,0.0,0.00,0.0,0.0,,0.0
130,2,2.00,3,13.11,20.72,20.82,0.0,0.00,0.0,0.0,,0.0
130,3,2.00,3,12.36,20.04,20.14,0.0,0.00,0.0,0.0,,0.0
130,4,2.00,3,11.76,19.39,19.48,0.0,0.00,0.0,0.0,,0.0
130,5,2.00,3,11.20,18.78,18.86,0.0,0.00,0.0,0.0,,0.0
130,6,2.00,3,10.50,18.17,18.25,0.0,0.00,0.0,0.0,,0.0
130,7,2.00,3,9.81,17.57,17.65,0.0,0.00,0.0,0.0,,0.0
130,8,2.00,3,10.90,17.67,21.19,3318.99,0.00,0.0,0.0,,3318.99
130,9,2.00,3,13.00,17.89,21.19,2063.14,0.00,0.0,0.0,,2063.14
130,10,2.00,3,15.65,18.47,21.19,1470.33,0.00,0.0,0.0,,1470.33
130,11,2.00,3,18.06,19.35,21.19,720.19,0.00,0.0,0.0,,720.19
130,12,2.00,3,20.41,20.51,21.37,0.0,0.00,0.0,-34.03,,-34.03
130,13,2.00,3,22.23,21.79,22.37,0.0,0.00,0.0,0.0,,0.0
130,14,2.00,3,23.61,23.11,23.58,0.0,0.00,0.0,0.0,,0.0
130,15,2.00,3,24.54,24.33,24.74,0.0,0.00,0.0,0.0,,0.0
130,16,2.00,3,25.42,25.44,25.80,0.0,0.00,0.0,0.0,,0.0
130,17,2.00,3,24.78,26.13,26.19,-262.74,0.00,0.0,0.0,,-262.74
130,18,2.00,3,23.63,26.43,26.19,-431.75,0.00,0.0,0.0,,-431.75
130,19,2.00,3,21.61,25.66,25.76,0.0,0.00,0.0,0.0,,0.0
130,20,2.00,3,19.62,24.94,25.12,0.0,0.00,0.0,0.0,,0.0
130,21,2.00,3,17.78,24.15,24.34,0.0,0.00,0.0,0.0,,0.0
130,22,2.00,3,16.60,23.38,23.56,0.0,0.00,0.0,0.0,,0.0
130,23,2.00,3,15.48,22.62,22.79,0.0,0.00,0.0,0.0,,0.0
130,24,2.00,3,14.57,21.88,22.04,0.0,0.00,0.0,0.0,,0.0
130,1,3.00,3,13.61,21.15,21.30,0.0,0.00,0.0,0.0,,0.0
130,2,3.00,3,12.73,20.44,20.58,0.0,0.00,0.0,0.0,,0.0
130,3,3.00,3,11.88,19.75,19.87,0.0,0.00,0.0,0.0,,0.0
130,4,3.00,3,11.12,19.07,19.19,0.0,0.00,0.0,0.0,,0.0
130,5,3.00,3,10.28,18.41,18.51,0.0,0.00,0.0,0.0,,0.0
130,6,3.00,3,9.61,17.77,17.86,0.0,0.00,0.0,0.0,,0.0
130,7,3.00,3,8.83,17.13,17.22,0.0,0.00,0.0,0.0,,0.0
130,8,3.00,3,10.73,17.68,17.77,0.0,0.00,0.0,0.0,,0.0
130,9,3.00,3,12.52,17.94,18.02,0.0,0.00,0.0,-0.0,,0.0
130,10,3.00,3,15.60,18.48,18.56,0.0,0.00,0.0,-0.0,,0.0
130,11,3.00,3,19.03,19.41,19.48,0.0,0.00,0.0,-0.0,,0.0
130,12,3.00,3,21.75,20.62,20.68,0.0,0.00,0.0,-0.0,,0.0
130,13,3.00,3,24.30,22.05,22.10,0.0,0.00,0.0,-0.0,,0.0
130,14,3.00,3,26.33,23.56,23.61,0.0,0.00,0.0,0.0,,0.0
130,15,3.00,3,27.94,25.03,25.09,0.0,0.00,0.0,0.0,,0.0
130,16,3.00,3,29.17,26.38,26.43,0.0,0.00,0.0,0.0,,0.0
130,17,3.00,3,28.25,27.31,27.36,0.0,0.00,0.0,0.0,,0.0
130,18,3.00,3,26.94,27.84,27.88,0.0,0.00,0.0,0.0,,0.0
130,19,3.00,3,24.36,26.98,27.02,0.0,0.00,0.0,0.0,,0.0
130,20,3.00,3,21.85,26.22,26.25,0.0,0.00,0.0,0.0,,0.0
130,21,3.00,3,19.57,25.39,25.43,0.0,0.00,0.0,0.0,,0.0
130,22,3.00,3,18.02,24.57,24.60,0.0,0.00,0.0,0.0,,0.0
130,23,3.00,3,16.58,23.74,23.77,0.0,0.00,0.0,0.0,,0.0
130,24,3.00,3,15.31,22.92,22.95,0.0,0.00,0.0,0.0,,0.0
130,1,4.00,3,14.09,22.10,22.13,0.0,0.00,0.0,0.0,,0.0
130,2,4.00,3,12.99,21.30,21.32,0.0,0.00,0.0,0.0,,0.0
130,3,4.00,3,11.94,20.51,20.53,0.0,0.00,0.0,0.0,,0.0
130,4,4.00,3,11.00,19.74,19.76,0.0,0.00,0.0,0.0,,0.0
130,5,4.00,3,10.12,18.98,19.01,0.0,0.00,0.0,0.0,,0.0
130,6,4.00,3,11.18,18.48,18.50,0.0,0.00,0.0,0.0,,0.0
130,7,4.00,3,11.89,18.08,18.10,0.0,0.00,0.0,0.0,,0.0
130,8,4.00,3,13.40,18.73,18.75,0.0,0.00,0.0,-0.0,,0.0
130,9,4.00,3,14.91,19.04,19.06,0.0,0.00,0.0,-0.0,,0.0
130,10,4.00,3,17.45,19.59,19.61,0.0,0.00,0.0,-0.0,,0.0
130,11,4.00,3,20.38,20.48,20.50,0.0,0.00,0.0,-0.0,,0.0
130,12,4.00,3,22.97,21.66,21.67,0.0,0.00,0.0,-0.0,,0.0
130,13,4.00,3,25.25,23.03,23.05,0.0,0.00,0.0,-0.0,,0.0
130,14,4.00,3,27.12,24.49,24.51,0.0,0.00,0.0,0.0,,0.0
130,15,4.00,3,28.32,25.88,25.90,0.0,0.00,0.0,0.0,,0.0
130,16,4.00,3,27.80,26.96,26.98,0.0,0.00,0.0,0.0,,0.0
130,17,4.00,3,26.87,27.72,27.73,0.0,0.00,0.0,0.0,,0.0
130,18,4.00,3,25.79,28.13,28.14,0.0,0.00,0.0,0.0,,0.0
130,19,4.00,3,23.63,27.20,27.22,0.0,0.00,0.0,0.0,,0.0
130,20,4.00,3,21.39,26.41,26.42,0.0,0.00,0.0,0.0,,0.0
130,21,4.00,3,19.41,25.57,25.58,0.0,0.00,0.0,0.0,,0.0
130,22,4.00,3,18.03,24.75,24.76,0.0,0.00,0.0,0.0,,0.0
130,23,4.00,3,16.79,23.93,23.94,0.0,0.00,0.0,0.0,,0.0
130,24,4.00,3,15.67,23.13,23.14,0.0,0.00,0.0,0.0,,0.0
130,1,5.00,3,14.65,22.35,22.36,0.0,0.00,0.0,0.0,,0.0
130,2,5.00,3,13.81,21.60,21.60,0.0,0.00,0.0,0.0,,0.0
130,3,5.00,3,13.00,20.87,20.88,0.0,0.00,0.0,0.0,,0.0
130,4,5.00,3,12.20,20.16,20.17,0.0,0.00,0.0,0.0,,0.0
130,5,5.00,3,11.38,19.47,19.48,0.0,0.00,0.0,0.0,,0.0
130,6,5.00,3,10.59,18.79,18.80,0.0,0.00,0.0,0.0,,0.0
130,7,5.00,3,9.82,18.13,18.13,0.0,0.00,0.0,0.0,,0.0
130,8,5.00,3,11.08,18.17,21.19,2894.48,0.00,0.0,0.0,,2894.48
130,9,5.00,3,12.87,18.30,21.19,1854.81,0.00,0.0,0.0,,1854.81
130,10,5.00,3,15.71,18.85,21.19,1273.18,0.00,0.0,0.0,,1273.18
130,11,5.00,3,18.55,19.76,21.19,485.8,0.00,0.0,0.0,,485.8
130,12,5.00,3,20.96,20.93,21.62,0.0,0.00,0.0,0.0,,0.0
130,13,5.00,3,22.85,22.24,22.69,0.0,0.00,0.0,0.0,,0.0
130,14,5.00,3,24.66,23.63,24.00,0.0,0.00,0.0,0.0,,0.0
130,15,5.00,3,26.30,25.00,25.33,0.0,0.00,0.0,0.0,,0.0
130,16,5.00,3,27.31,26.21,26.19,-299.95,0.00,0.0,0.0,,-299.95
130,17,5.00,3,26.51,26.96,26.19,-893.03,0.00,0.0,0.0,,-893.03
130,18,5.00,3,25.25,27.28,26.19,-955.57,0.00,0.0,0.0,,-955.57
130,19,5.00,3,22.99,26.49,26.21,0.0,0.00,0.0,0.0,,0.0
130,20,5.00,3,21.03,25.77,25.73,0.0,0.00,0.0,0.0,,0.0
130,21,5.00,3,19.23,25.01,25.03,0.0,0.00,0.0,0.0,,0.0
130,22,5.00,3,18.11,24.26,24.30,0.0,0.00,0.0,0.0,,0.0
130,23,5.00,3,17.17,23.54,23.58,0.0,0.00,0.0,0.0,,0.0
130,24,5.00,3,16.20,22.83,22.87,0.0,0.00,0.0,0.0,,0.0
130,1,6.00,3,15.32,22.13,22.17,0.0,0.00,0.0,0.0,,0.0
130,2,6.00,3,14.37,21.44,21.48,0.0,0.00,0.0,0.0,,0.0
130,3,6.00,3,13.29,20.73,20.77,0.0,0.00,0.0,0.0,,0.0
130,4,6.00,3,12.53,20.06,20.10,0.0,0.00,0.0,0.0,,0.0
130,5,6.00,3,12.06,19.44,19.47,0.0,0.00,0.0,0.0,,0.0
130,6,6.00,3,11.40,18.83,18.86,0.0,0.00,0.0,0.0,,0.0
130,7,6.00,3,10.33,18.19,18.21,0.0,0.00,0.0,0.0,,0.0
130,8,6.00,3,9.78,17.97,21.19,3058.28,0.00,0.0,0.0,,3058.28
130,9,6.00,3,12.00,18.07,21.19,2009.01,0.00,0.0,0.0,,2009.01
130,10,6.00,3,15.24,18.64,21.19,1391.46,0.00,0.0,0.0,,1391.46
130,11,6.00,3,18.26,19.57,21.19,586.63,0.00,0.0,0.0,,586.63
130,12,6.00,3,21.01,20.79,21.56,0.0,0.00,0.0,0.0,,0.0
130,13,6.00,3,23.46,22.21,22.73,0.0,0.00,0.0,0.0,,0.0
130,14,6.00,3,25.09,23.63,24.05,0.0,0.00,0.0,0.0,,0.0
130,15,6.00,3,26.36,24.98,25.35,0.0,0.00,0.0,0.0,,0.0
130,16,6.00,3,27.81,26.26,26.19,-382.72,0.00,0.0,0.0,,-382.72
130,17,6.00,3,26.85,27.02,26.19,-958.64,0.00,0.0,0.0,,-958.64
130,18,6.00,3,25.79,27.39,26.19,-1061.33,0.00,0.0,0.0,,-1061.33
130,19,6.00,3,23.97,26.66,26.36,0.0,0.00,0.0,0.0,,0.0
130,20,6.00,3,21.93,25.99,25.95,0.0,0.00,0.0,0.0,,0.0
130,21,6.00,3,20.22,25.28,25.31,0.0,0.00,0.0,0.0,,0.0
130,22,6.00,3,19.11,24.58,24.63,0.0,0.00,0.0,0.0,,0.0
130,23,6.00,3,17.74,23.85,23.90,0.0,0.00,0.0,0.0,,0.0
130,24,6.00,3,16.68,23.13,23.18,0.0,0.00,0.0,0.0,,0.0
130,1,7.00,3,15.66,22.42,22.46,0.0,0.00,0.0,0.0,,0.0
130,2,7.00,3,14.56,21.70,21.74,0.0,0.00,0.0,0.0,,0.0
130,3,7.00,3,13.49,20.98,21.02,0.0,0.00,0.0,0.0,,0.0
130,4,7.00,3,12.80,20.30,20.34,0.0,0.00,0.0,0.0,,0.0
130,5,7.00,3,11.74,19.60,19.65,0.0,0.00,0.0,0.0,,0.0
130,6,7.00,3,10.70,18.90,18.94,0.0,0.00,0.0,0.0,,0.0
130,7,7.00,3,9.83,18.22,18.25,0.0,0.00,0.0,0.0,,0.0
130,8,7.00,3,11.41,18.29,21.19,2747.32,0.00,0.0,0.0,,2747.32
130,9,7.00,3,13.34,18.46,21.19,1722.14,0.00,0.0,0.0,,1722.14
130,10,7.00,3,16.84,19.14,21.19,1032.83,0.00,0.0,0.0,,1032.83
130,11,7.00,3,20.11,20.19,21.19,156.95,0.00,0.0,0.0,,156.95
130,12,7.00,3,23.16,21.56,22.10,0.0,0.00,0.0,0.0,,0.0
130,13,7.00,3,25.56,23.06,23.46,0.0,0.00,0.0,0.0,,0.0
130,14,7.00,3,27.55,24.62,24.96,0.0,0.00,0.0,0.0,,0.0
130,15,7.00,3,29.24,26.14,26.19,-231.43,0.00,0.0,0.0,,-231.43
130,16,7.00,3,30.39,27.48,26.19,-1422.08,0.00,0.0,0.0,,-1422.08
130,17,7.00,3,29.59,28.34,26.19,-1813.4,0.00,0.0,0.0,,-1813.4
130,18,7.00,3,28.35,28.76,26.19,-1901.94,0.00,0.0,0.0,,-1901.94
130,19,7.00,3,25.92,27.96,27.07,0.0,0.00,0.0,0.0,,0.0
130,20,7.00,3,23.56,27.24,26.85,0.0,0.00,0.0,0.0,,0.0
130,21,7.00,3,21.75,26.50,26.27,0.0,0.00,0.0,0.0,,0.0
130,22,7.00,3,20.29,25.74,25.57,0.0,0.00,0.0,0.0,,0.0
130,23,7.00,3,18.89,24.97,24.83,0.0,0.00,0.0,0.0,,0.0
130,24,7.00,3,17.59,24.19,24.07,0.0,0.00,0.0,0.0,,0.0
130,1,1.00,4,16.35,23.41,23.30,0.0,0.00,0.0,0.0,,0.0
130,2,1.00,4,15.10,22.62,22.53,0.0,0.00,0.0,0.0,,0.0
130,3,1.00,4,14.09,21.86,21.77,0.0,0.00,0.0,0.0,,0.0
130,4,1.00,4,12.98,21.09,21.01,0.0,0.00,0.0,0.0,,0.0
130,5,1.00,4,11.97,20.33,20.26,0.0,0.00,0.0,0.0,,0.0
130,6,1.00,4,11.21,19.61,19.55,0.0,0.00,0.0,0.0,,0.0
130,7,1.00,4,10.26,18.88,18.83,0.0,0.00,0.0,0.0,,0.0
130,8,1.00,4,11.92,18.97,20.30,1322.55,0.00,0.0,0.0,,1322.55
130,9,1.00,4,14.95,19.45,20.30,442.23,0.00,0.0,0.0,,442.23
130,10,1.00,4,19.22,20.52,20.82,0.0,0.00,0.0,-330.77,,-330.77
130,11,1.00,4,22.78,21.95,22.09,0.0,0.00,0.0,-311.58,,-311.58
130,12,1.00,4,26.26,23.65,23.75,0.0,0.00,0.0,0.0,,0.0
130,13,1.00,4,28.56,25.40,25.30,-168.19,0.00,0.0,0.0,,-168.19
130,14,1.00,4,30.79,27.16,25.30,-1792.35,0.00,0.0,-109.22,,-1901.57
130,15,1.00,4,32.78,28.82,25.30,-2848.94,0.00,0.0,-356.45,,-3205.39
130,16,1.00,4,32.09,29.95,25.30,-3366.38,0.00,0.0,-259.77,,-3626.15
130,17,1.00,4,31.06,30.65,25.30,-3588.95,0.00,0.0,0.0,,-3588.95
130,18,1.00,4,29.85,30.85,25.30,-3439.08,0.00,0.0,0.0,,-3439.08
130,19,1.00,4,26.77,29.73,27.39,0.0,0.00,0.0,0.0,,0.0
130,20,1.00,4,24.29,28.80,27.46,0.0,0.00,0.0,0.0,,0.0
130,21,1.00,4,22.18,27.89,26.89,0.0,0.00,0.0,0.0,,0.0
130,22,1.00,4,20.60,27.01,26.17,0.0,0.00,0.0,0.0,,0.0
130,23,1.00,4,19.25,26.14,25.39,0.0,0.00,0.0,0.0,,0.0
130,24,1.00,4,17.98,25.28,24.61,0.0,0.00,0.0,0.0,,0.0
130,1,2.00,4,16.83,24.44,23.83,0.0,0.00,0.0,0.0,,0.0
130,2,2.00,4,15.71,23.61,23.05,0.0,0.00,0.0,0.0,,0.0
130,3,2.00,4,14.63,22.79,22.28,0.0,0.00,0.0,0.0,,0.0
130,4,2.00,4,13.69,22.00,21.53,0.0,0.00,0.0,0.0,,0.0
130,5,2.00,4,12.66,21.21,20.78,0.0,0.00,0.0,0.0,,0.0
130,6,2.00,4,11.66,20.43,20.04,0.0,0.00,0.0,0.0,,0.0
130,7,2.00,4,10.65,19.66,19.30,0.0,0.00,0.0,0.0,,0.0
130,8,2.00,4,11.74,19.59,20.30,981.93,0.00,0.0,0.0,,981.93
130,9,2.00,4,14.15,19.88,20.30,363.91,0.00,0.0,0.0,,363.91
130,10,2.00,4,18.16,20.80,20.80,0.0,0.00,0.0,-256.52,,-256.52
130,11,2.00,4,21.37,22.05,21.95,0.0,0.00,0.0,-200.09,,-200.09
130,12,2.00,4,24.23,23.53,23.41,0.0,0.00,0.0,0.0,,0.0
130,13,2.00,4,26.98,25.20,25.08,0.0,0.00,0.0,0.0,,0.0
130,14,2.00,4,29.22,26.87,25.30,-1393.89,0.00,0.0,0.0,,-1393.89
130,15,2.00,4,30.96,28.41,25.30,-2438.16,0.00,0.0,0.0,,-2438.16
130,16,2.00,4,30.32,29.45,25.30,-2931.28,0.00,0.0,-23.63,,-2954.9100000000003
130,17,2.00,4,29.39,30.08,25.30,-3141.74,0.00,0.0,0.0,,-3141.74
130,18,2.00,4,28.14,30.21,25.30,-2966.11,0.00,0.0,0.0,,-2966.11
130,19,2.00,4,25.52,29.14,27.01,0.0,0.00,0.0,0.0,,0.0
130,20,2.00,4,22.99,28.20,26.93,0.0,0.00,0.0,0.0,,0.0
130,21,2.00,4,21.08,27.29,26.33,0.0,0.00,0.0,0.0,,0.0
130,22,2.00,4,19.76,26.43,25.61,0.0,0.00,0.0,0.0,,0.0
130,23,2.00,4,18.45,25.57,24.84,0.0,0.00,0.0,0.0,,0.0
130,24,2.00,4,17.24,24.73,24.06,0.0,0.00,0.0,0.0,,0.0
130,1,3.00,4,16.19,23.90,23.30,0.0,0.00,0.0,0.0,,0.0
130,2,3.00,4,15.24,23.11,22.55,0.0,0.00,0.0,0.0,,0.0
130,3,3.00,4,14.34,22.33,21.83,0.0,0.00,0.0,0.0,,0.0
130,4,3.00,4,13.61,21.60,21.13,0.0,0.00,0.0,0.0,,0.0
130,5,3.00,4,12.78,20.87,20.44,0.0,0.00,0.0,0.0,,0.0
130,6,3.00,4,12.01,20.17,19.78,0.0,0.00,0.0,0.0,,0.0
130,7,3.00,4,11.10,19.47,19.10,0.0,0.00,0.0,0.0,,0.0
130,8,3.00,4,11.86,19.87,19.53,0.0,0.00,0.0,0.0,,0.0
130,9,3.00,4,13.78,20.17,19.86,0.0,0.00,0.0,-0.0,,0.0
130,10,3.00,4,16.88,20.83,20.55,0.0,0.00,0.0,-0.0,,0.0
130,11,3.00,4,19.72,21.84,21.57,0.0,0.00,0.0,-0.0,,0.0
130,12,3.00,4,22.17,23.07,22.83,0.0,0.00,0.0,-0.0,,0.0
130,13,3.00,4,24.26,24.47,24.24,0.0,0.00,0.0,0.0,,0.0
130,14,3.00,4,25.86,25.87,25.66,0.0,0.00,0.0,0.0,,0.0
130,15,3.00,4,26.89,27.13,26.93,0.0,0.00,0.0,0.0,,0.0
130,16,3.00,4,26.57,28.10,27.92,0.0,0.00,0.0,0.0,,0.0
130,17,3.00,4,25.74,28.72,28.54,0.0,0.00,0.0,0.0,,0.0
130,18,3.00,4,24.71,28.86,28.70,0.0,0.00,0.0,0.0,,0.0
130,19,3.00,4,22.46,27.62,27.47,0.0,0.00,0.0,0.0,,0.0
130,20,3.00,4,20.36,26.64,26.50,0.0,0.00,0.0,0.0,,0.0
130,21,3.00,4,18.76,25.74,25.61,0.0,0.00,0.0,0.0,,0.0
130,22,3.00,4,17.59,24.88,24.76,0.0,0.00,0.0,0.0,,0.0
130,23,3.00,4,16.54,24.06,23.94,0.0,0.00,0.0,0.0,,0.0
130,24,3.00,4,15.67,23.27,23.16,0.0,0.00,0.0,0.0,,0.0
130,1,4.00,4,14.85,22.51,22.41,0.0,0.00,0.0,0.0,,0.0
130,2,4.00,4,14.11,21.79,21.69,0.0,0.00,0.0,0.0,,0.0
130,3,4.00,4,13.38,21.09,20.99,0.0,0.00,0.0,0.0,,0.0
130,4,4.00,4,12.78,20.42,20.33,0.0,0.00,0.0,0.0,,0.0
130,5,4.00,4,12.20,19.79,19.70,0.0,0.00,0.0,0.0,,0.0
130,6,4.00,4,11.71,19.18,19.10,0.0,0.00,0.0,0.0,,0.0
130,7,4.00,4,11.20,18.61,18.53,0.0,0.00,0.0,0.0,,0.0
130,8,4.00,4,12.05,19.11,19.04,0.0,0.00,0.0,-0.0,,0.0
130,9,4.00,4,13.74,19.47,19.41,0.0,0.00,0.0,-0.0,,0.0
130,10,4.00,4,16.57,20.17,20.10,0.0,0.00,0.0,-0.0,,0.0
130,11,4.00,4,19.24,21.19,21.13,0.0,0.00,0.0,-0.0,,0.0
130,12,4.00,4,21.45,22.42,22.36,0.0,0.00,0.0,-0.0,,0.0
130,13,4.00,4,23.33,23.80,23.74,0.0,0.00,0.0,0.0,,0.0
130,14,4.00,4,24.95,25.19,25.13,0.0,0.00,0.0,0.0,,0.0
130,15,4.00,4,25.81,26.43,26.37,0.0,0.00,0.0,0.0,,0.0
130,16,4.00,4,25.38,27.37,27.32,0.0,0.00,0.0,0.0,,0.0
130,17,4.00,4,24.62,27.97,27.92,0.0,0.00,0.0,0.0,,0.0
130,18,4.00,4,23.56,28.10,28.05,0.0,0.00,0.0,0.0,,0.0
130,19,4.00,4,21.72,26.90,26.85,0.0,0.00,0.0,0.0,,0.0
130,20,4.00,4,19.95,25.98,25.93,0.0,0.00,0.0,0.0,,0.0
130,21,4.00,4,18.09,25.07,25.03,0.0,0.00,0.0,0.0,,0.0
130,22,4.00,4,16.71,24.21,24.16,0.0,0.00,0.0,0.0,,0.0
130,23,4.00,4,15.36,23.34,23.30,0.0,0.00,0.0,0.0,,0.0
130,24,4.00,4,14.40,22.52,22.48,0.0,0.00,0.0,0.0,,0.0
130,1,5.00,4,13.74,21.76,21.72,0.0,0.00,0.0,0.0,,0.0
130,2,5.00,4,13.24,21.05,21.02,0.0,0.00,0.0,0.0,,0.0
130,3,5.00,4,12.65,20.38,20.34,0.0,0.00,0.0,0.0,,0.0
130,4,5.00,4,12.21,19.75,19.71,0.0,0.00,0.0,0.0,,0.0
130,5,5.00,4,11.43,19.11,19.07,0.0,0.00,0.0,0.0,,0.0
130,6,5.00,4,10.96,18.52,18.48,0.0,0.00,0.0,0.0,,0.0
130,7,5.00,4,10.28,17.92,17.89,0.0,0.00,0.0,0.0,,0.0
130,8,5.00,4,10.96,18.00,20.30,2236.97,0.00,0.0,0.0,,2236.97
130,9,5.00,4,12.17,18.20,20.30,1337.73,0.00,0.0,0.0,,1337.73
130,10,5.00,4,14.17,18.78,20.30,764.95,0.00,0.0,0.0,,764.95
130,11,5.00,4,16.92,19.81,20.40,0.0,0.00,0.0,-54.48,,-54.48
130,12,5.00,4,19.09,21.03,21.36,0.0,0.00,0.0,-33.94,,-33.94
130,13,5.00,4,20.92,22.37,22.62,0.0,0.00,0.0,0.0,,0.0
130,14,5.00,4,22.24,23.68,23.89,0.0,0.00,0.0,0.0,,0.0
130,15,5.00,4,22.82,24.78,24.96,0.0,0.00,0.0,0.0,,0.0
130,16,5.00,4,22.50,25.57,25.30,-414.74,0.00,0.0,0.0,,-414.74
130,17,5.00,4,21.72,26.01,25.30,-686.75,0.00,0.0,0.0,,-686.75
130,18,5.00,4,20.59,25.97,25.30,-491.23,0.00,0.0,0.0,,-491.23
130,19,5.00,4,19.35,25.06,24.87,0.0,0.00,0.0,0.0,,0.0
130,20,5.00,4,18.14,24.29,24.23,0.0,0.00,0.0,0.0,,0.0
130,21,5.00,4,17.06,23.53,23.51,0.0,0.00,0.0,0.0,,0.0
130,22,5.00,4,16.34,22.83,22.82,0.0,0.00,0.0,0.0,,0.0
130,23,5.00,4,15.84,22.18,22.18,0.0,0.00,0.0,0.0,,0.0
130,24,5.00,4,15.43,21.58,21.58,0.0,0.00,0.0,0.0,,0.0
130,1,6.00,4,15.12,21.03,21.03,0.0,0.00,0.0,0.0,,0.0
130,2,6.00,4,14.94,20.54,20.53,0.0,0.00,0.0,0.0,,0.0
130,3,6.00,4,14.69,20.07,20.07,0.0,0.00,0.0,0.0,,0.0
130,4,6.00,4,14.51,19.65,19.64,0.0,0.00,0.0,-0.0,,0.0
130,5,6.00,4,14.34,19.26,19.25,0.0,0.00,0.0,-0.0,,0.0
130,6,6.00,4,14.00,18.87,18.86,0.0,0.00,0.0,-0.0,,0.0
130,7,6.00,4,13.30,18.46,18.45,0.0,0.00,0.0,-0.0,,0.0
130,8,6.00,4,12.71,18.60,20.30,1642.46,0.00,0.0,0.0,,1642.46
130,9,6.00,4,13.28,18.76,20.30,965.64,0.00,0.0,0.0,,965.64
130,10,6.00,4,14.42,19.21,20.30,530.51,0.00,0.0,0.0,,530.51
130,11,6.00,4,16.09,20.01,20.44,0.0,0.00,0.0,-66.78,,-66.78
130,12,6.00,4,18.24,21.10,21.35,0.0,0.00,0.0,-243.13,,-243.13
130,13,6.00,4,19.47,22.26,22.44,0.0,0.00,0.0,0.0,,0.0
130,14,6.00,4,20.73,23.43,23.58,0.0,0.00,0.0,0.0,,0.0
130,15,6.00,4,21.67,24.48,24.62,0.0,0.00,0.0,0.0,,0.0
130,16,6.00,4,21.22,25.19,25.30,-11.73,0.00,0.0,0.0,,-11.73
130,17,6.00,4,20.52,25.57,25.30,-362.16,0.00,0.0,0.0,,-362.16
130,18,6.00,4,19.79,25.54,25.30,-210.16,0.00,0.0,0.0,,-210.16
130,19,6.00,4,18.57,24.64,24.61,0.0,0.00,0.0,0.0,,0.0
130,20,6.00,4,17.54,23.87,23.89,0.0,0.00,0.0,0.0,,0.0
130,21,6.00,4,16.40,23.11,23.14,0.0,0.00,0.0,0.0,,0.0
130,22,6.00,4,15.69,22.40,22.43,0.0,0.00,0.0,0.0,,0.0
130,23,6.00,4,15.09,21.73,21.76,0.0,0.00,0.0,0.0,,0.0
130,24,6.00,4,14.55,21.10,21.13,0.0,0.00,0.0,-0.0,,0.0
130,1,7.00,4,13.98,20.50,20.52,0.0,0.00,0.0,0.0,,0.0
130,2,7.00,4,12.82,19.85,19.87,0.0,0.00,0.0,0.0,,0.0
130,3,7.00,4,11.50,19.16,19.18,0.0,0.00,0.0,0.0,,0.0
130,4,7.00,4,10.49,18.48,18.49,0.0,0.00,0.0,0.0,,0.0
130,5,7.00,4,9.72,17.82,17.84,0.0,0.00,0.0,0.0,,0.0
130,6,7.00,4,8.89,17.17,17.18,0.0,0.00,0.0,0.0,,0.0
130,7,7.00,4,8.18,16.54,16.55,0.0,0.00,0.0,0.0,,0.0
130,8,7.00,4,9.36,16.63,20.30,3510.44,0.00,0.0,0.0,,3510.44
130,9,7.00,4,11.08,16.92,20.30,2130.35,0.00,0.0,0.0,,2130.35
130,10,7.00,4,14.06,17.71,20.30,1346.58,0.00,0.0,0.0,,1346.58
130,11,7.00,4,17.41,18.94,20.30,315.61,0.00,0.0,0.0,,315.61
130,12,7.00,4,20.46,20.44,21.14,0.0,0.00,0.0,0.0,,0.0
130,13,7.00,4,22.65,22.02,22.51,0.0,0.00,0.0,0.0,,0.0
130,14,7.00,4,24.59,23.60,24.00,0.0,0.00,0.0,0.0,,0.0
130,15,7.00,4,26.35,25.09,25.30,-135.23,0.00,0.0,0.0,,-135.23
130,16,7.00,4,27.45,26.37,25.30,-1291.41,0.00,0.0,0.0,,-1291.41
130,17,7.00,4,26.82,27.16,25.30,-1634.25,0.00,0.0,0.0,,-1634.25
130,18,7.00,4,25.82,27.42,25.30,-1586.23,0.00,0.0,0.0,,-1586.23
130,19,7.00,4,23.03,26.40,25.71,0.0,0.00,0.0,0.0,,0.0
130,20,7.00,4,20.99,25.59,25.31,0.0,0.00,0.0,0.0,,0.0
130,21,7.00,4,18.98,24.76,24.62,0.0,0.00,0.0,0.0,,0.0
130,22,7.00,4,17.44,23.95,23.85,0.0,0.00,0.0,0.0,,0.0
130,23,7.00,4,15.97,23.13,23.04,0.0,0.00,0.0,0.0,,0.0
130,24,7.00,4,14.71,22.31,22.24,0.0,0.00,0.0,0.0,,0.0
130,1,1.00,4,13.58,21.51,21.45,0.0,0.00,0.0,0.0,,0.0
130,2,1.00,4,12.53,20.73,20.67,0.0,0.00,0.0,0.0,,0.0
130,3,1.00,4,11.51,19.95,19.90,0.0,0.00,0.0,0.0,,0.0
130,4,1.00,4,10.69,19.21,19.16,0.0,0.00,0.0,0.0,,0.0
130,5,1.00,4,9.92,18.49,18.45,0.0,0.00,0.0,0.0,,0.0
130,6,1.00,4,8.98,17.77,17.74,0.0,0.00,0.0,0.0,,0.0
130,7,1.00,4,8.19,17.08,17.04,0.0,0.00,0.0,0.0,,0.0
130,8,1.00,4,9.61,17.13,20.30,3073.0,0.00,0.0,0.0,,3073.0
130,9,1.00,4,11.84,17.46,20.30,1780.29,0.00,0.0,0.0,,1780.29
130,10,1.00,4,15.88,18.43,20.30,845.57,0.00,0.0,0.0,,845.57
130,11,1.00,4,19.39,19.78,20.54,0.0,0.00,0.0,-246.36,,-246.36
130,12,1.00,4,22.51,21.37,21.81,0.0,0.00,0.0,0.0,,0.0
130,13,1.00,4,25.05,23.08,23.41,0.0,0.00,0.0,0.0,,0.0
130,14,1.00,4,27.05,24.75,25.04,0.0,0.00,0.0,0.0,,0.0
130,15,1.00,4,28.53,26.27,25.30,-1171.32,0.00,0.0,0.0,,-1171.32
130,16,1.00,4,27.93,27.32,25.30,-1784.74,0.00,0.0,0.0,,-1784.74
130,17,1.00,4,26.96,27.96,25.30,-2029.01,0.00,0.0,0.0,,-2029.01
130,18,1.00,4,25.51,28.06,25.30,-1852.59,0.00,0.0,0.0,,-1852.59
130,19,1.00,4,22.83,26.99,25.96,0.0,0.00,0.0,0.0,,0.0
130,20,1.00,4,20.75,26.10,25.59,0.0,0.00,0.0,0.0,,0.0
130,21,1.00,4,18.86,25.22,24.88,0.0,0.00,0.0,0.0,,0.0
130,22,1.00,4,17.42,24.37,24.09,0.0,0.00,0.0,0.0,,0.0
130,23,1.00,4,16.09,23.52,23.28,0.0,0.00,0.0,0.0,,0.0
130,24,1.00,4,14.95,22.69,22.48,0.0,0.00,0.0,0.0,,0.0
130,1,2.00,4,13.94,21.89,21.69,0.0,0.00,0.0,0.0,,0.0
130,2,2.00,4,12.89,21.09,20.92,0.0,0.00,0.0,0.0,,0.0
130,3,2.00,4,11.76,20.30,20.14,0.0,0.00,0.0,0.0,,0.0
130,4,2.00,4,11.12,19.56,19.41,0.0,0.00,0.0,0.0,,0.0
130,5,2.00,4,10.30,18.83,18.70,0.0,0.00,0.0,0.0,,0.0
130,6,2.00,4,9.49,18.12,18.00,0.0,0.00,0.0,0.0,,0.0
130,7,2.00,4,8.32,17.39,17.27,0.0,0.00,0.0,0.0,,0.0
130,8,2.00,4,9.73,17.40,20.30,2873.7,0.00,0.0,0.0,,2873.7
130,9,2.00,4,11.81,17.69,20.30,1680.05,0.00,0.0,0.0,,1680.05
130,10,2.00,4,15.16,18.52,20.30,873.92,0.00,0.0,0.0,,873.92
130,11,2.00,4,18.45,19.75,20.44,0.0,0.00,0.0,-4.75,,-4.75
130,12,2.00,4,21.36,21.23,21.61,0.0,0.00,0.0,0.0,,0.0
130,13,2.00,4,23.81,22.84,23.12,0.0,0.00,0.0,0.0,,0.0
130,14,2.00,4,25.82,24.44,24.67,0.0,0.00,0.0,0.0,,0.0
130,15,2.00,4,27.48,25.92,25.30,-791.25,0.00,0.0,0.0,,-791.25
130,16,2.00,4,26.87,26.93,25.30,-1485.15,0.00,0.0,0.0,,-1485.15
130,17,2.00,4,25.96,27.53,25.30,-1727.12,0.00,0.0,0.0,,-1727.12
130,18,2.00,4,24.73,27.63,25.30,-1577.03,0.00,0.0,0.0,,-1577.03
130,19,2.00,4,22.24,26.60,25.73,0.0,0.00,0.0,0.0,,0.0
130,20,2.00,4,19.99,25.69,25.26,0.0,0.00,0.0,0.0,,0.0
130,21,2.00,4,18.27,24.82,24.53,0.0,0.00,0.0,0.0,,0.0
130,22,2.00,4,16.94,23.98,23.75,0.0,0.00,0.0,0.0,,0.0
130,23,2.00,4,15.84,23.16,22.96,0.0,0.00,0.0,0.0,,0.0
130,24,2.00,4,14.81,22.37,22.19,0.0,0.00,0.0,0.0,,0.0
130,1,3.00,4,13.89,21.60,21.43,0.0,0.00,0.0,0.0,,0.0
130,2,3.00,4,12.98,20.84,20.70,0.0,0.00,0.0,0.0,,0.0
130,3,3.00,4,11.94,20.09,19.96,0.0,0.00,0.0,0.0,,0.0
130,4,3.00,4,11.24,19.38,19.26,0.0,0.00,0.0,0.0,,0.0
130,5,3.00,4,10.26,18.66,18.55,0.0,0.00,0.0,0.0,,0.0
130,6,3.00,4,9.71,17.99,17.89,0.0,0.00,0.0,0.0,,0.0
130,7,3.00,4,8.82,17.32,17.22,0.0,0.00,0.0,0.0,,0.0
130,8,3.00,4,10.21,17.81,17.73,0.0,0.00,0.0,-0.0,,0.0
130,9,3.00,4,12.24,18.19,18.11,0.0,0.00,0.0,-0.0,,0.0
130,10,3.00,4,15.45,18.93,18.86,0.0,0.00,0.0,-0.0,,0.0
130,11,3.00,4,18.49,20.02,19.95,0.0,0.00,0.0,-0.0,,0.0
130,12,3.00,4,21.18,21.35,21.29,0.0,0.00,0.0,0.0,,0.0
130,13,3.00,4,23.55,22.86,22.80,0.0,0.00,0.0,0.0,,0.0
130,14,3.00,4,25.61,24.39,24.34,0.0,0.00,0.0,0.0,,0.0
130,15,3.00,4,27.42,25.86,25.81,0.0,0.00,0.0,0.0,,0.0
130,16,3.00,4,28.53,27.14,27.10,0.0,0.00,0.0,0.0,,0.0
130,17,3.00,4,27.69,27.98,27.94,0.0,0.00,0.0,0.0,,0.0
130,18,3.00,4,26.58,28.31,28.27,0.0,0.00,0.0,0.0,,0.0
130,19,3.00,4,23.84,27.18,27.14,0.0,0.00,0.0,0.0,,0.0
130,20,3.00,4,21.73,26.31,26.27,0.0,0.00,0.0,0.0,,0.0
130,21,3.00,4,19.95,25.48,25.45,0.0,0.00,0.0,0.0,,0.0
130,22,3.00,4,18.50,24.68,24.65,0.0,0.00,0.0,0.0,,0.0
130,23,3.00,4,17.32,23.89,23.86,0.0,0.00,0.0,0.0,,0.0
130,24,3.00,4,16.37,23.14,23.11,0.0,0.00,0.0,0.0,,0.0
130,1,4.00,4,15.53,22.41,22.38,0.0,0.00,0.0,0.0,,0.0
130,2,4.00,4,14.57,21.69,21.66,0.0,0.00,0.0,0.0,,0.0
130,3,4.00,4,13.48,20.96,20.93,0.0,0.00,0.0,0.0,,0.0
130,4,4.00,4,12.82,20.27,20.25,0.0,0.00,0.0,0.0,,0.0
130,5,4.00,4,11.93,19.59,19.57,0.0,0.00,0.0,0.0,,0.0
130,6,4.00,4,11.19,18.93,18.91,0.0,0.00,0.0,0.0,,0.0
130,7,4.00,4,10.34,18.27,18.25,0.0,0.00,0.0,0.0,,0.0
130,8,4.00,4,11.45,18.74,18.73,0.0,0.00,0.0,0.0,,0.0
130,9,4.00,4,13.30,19.10,19.08,0.0,0.00,0.0,-0.0,,0.0
130,10,4.00,4,15.86,19.74,19.73,0.0,0.00,0.0,-0.0,,0.0
130,11,4.00,4,18.92,20.77,20.76,0.0,0.00,0.0,-0.0,,0.0
130,12,4.00,4,21.71,22.07,22.06,0.0,0.00,0.0,0.0,,0.0
130,13,4.00,4,24.01,23.53,23.52,0.0,0.00,0.0,0.0,,0.0
130,14,4.00,4,25.97,25.02,25.01,0.0,0.00,0.0,0.0,,0.0
130,15,4.00,4,27.53,26.42,26.41,0.0,0.00,0.0,0.0,,0.0
130,16,4.00,4,28.58,27.65,27.64,0.0,0.00,0.0,0.0,,0.0
130,17,4.00,4,27.76,28.44,28.43,0.0,0.00,0.0,0.0,,0.0
130,18,4.00,4,26.43,28.70,28.69,0.0,0.00,0.0,0.0,,0.0
130,19,4.00,4,23.52,27.50,27.49,0.0,0.00,0.0,0.0,,0.0
130,20,4.00,4,21.51,26.59,26.58,0.0,0.00,0.0,0.0,,0.0
130,21,4.00,4,19.76,25.72,25.71,0.0,0.00,0.0,0.0,,0.0
130,22,4.00,4,18.66,24.92,24.91,0.0,0.00,0.0,0.0,,0.0
130,23,4.00,4,17.64,24.15,24.14,0.0,0.00,0.0,0.0,,0.0
130,24,4.00,4,16.66,23.39,23.38,0.0,0.00,0.0,0.0,,0.0
130,1,5.00,4,15.66,22.65,22.64,0.0,0.00,0.0,0.0,,0.0
130,2,5.00,4,14.86,21.93,21.92,0.0,0.00,0.0,0.0,,0.0
130,3,5.00,4,13.72,21.19,21.18,0.0,0.00,0.0,0.0,,0.0
130,4,5.00,4,12.99,20.50,20.49,0.0,0.00,0.0,0.0,,0.0
130,5,5.00,4,11.91,19.78,19.77,0.0,0.00,0.0,0.0,,0.0
130,6,5.00,4,11.13,19.09,19.09,0.0,0.00,0.0,0.0,,0.0
130,7,5.00,4,10.32,18.42,18.41,0.0,0.00,0.0,0.0,,0.0
130,8,5.00,4,11.38,18.46,20.30,1769.03,0.00,0.0,0.0,,1769.03
130,9,5.00,4,13.49,18.78,20.30,907.0,0.00,0.0,0.0,,907.0
130,10,5.00,4,16.52,19.58,20.30,182.06,0.00,0.0,-151.86,,30.19999999999999
130,11,5.00,4,19.33,20.72,21.05,0.0,0.00,0.0,0.0,,0.0
130,12,5.00,4,21.65,22.05,22.26,0.0,0.00,0.0,0.0,,0.0
130,13,5.00,4,24.10,23.59,23.75,0.0,0.00,0.0,0.0,,0.0
130,14,5.00,4,25.87,25.08,25.23,0.0,0.00,0.0,0.0,,0.0
130,15,5.00,4,27.18,26.44,25.30,-1212.33,0.00,0.0,0.0,,-1212.33
130,16,5.00,4,28.35,27.65,25.30,-1979.17,0.00,0.0,0.0,,-1979.17
130,17,5.00,4,27.71,28.37,25.30,-2257.53,0.00,0.0,0.0,,-2257.53
130,18,5.00,4,26.59,28.55,25.30,-2136.42,0.00,0.0,0.0,,-2136.42
130,19,5.00,4,24.54,27.58,26.30,0.0,0.00,0.0,0.0,,0.0
130,20,5.00,4,23.04,26.83,26.15,0.0,0.00,0.0,0.0,,0.0
130,21,5.00,4,21.50,26.09,25.61,0.0,0.00,0.0,0.0,,0.0
130,22,5.00,4,20.56,25.41,25.01,0.0,0.00,0.0,0.0,,0.0
130,23,5.00,4,19.60,24.73,24.38,0.0,0.00,0.0,0.0,,0.0
130,24,5.00,4,18.78,24.08,23.77,0.0,0.00,0.0,0.0,,0.0
130,1,6.00,4,18.06,23.46,23.17,0.0,0.00,0.0,0.0,,0.0
130,2,6.00,4,17.30,22.84,22.58,0.0,0.00,0.0,0.0,,0.0
130,3,6.00,4,16.63,22.25,22.01,0.0,0.00,0.0,0.0,,0.0
130,4,6.00,4,15.93,21.66,21.45,0.0,0.00,0.0,0.0,,0.0
130,5,6.00,4,14.84,21.05,20.85,0.0,0.00,0.0,0.0,,0.0
130,6,6.00,4,13.81,20.41,20.23,0.0,0.00,0.0,-0.0,,0.0
130,7,6.00,4,12.37,19.72,19.56,0.0,0.00,0.0,-0.0,,0.0
130,8,6.00,4,11.61,19.52,20.30,889.61,0.00,0.0,0.0,,889.61
130,9,6.00,4,12.64,19.54,20.30,575.97,0.00,0.0,0.0,,575.97
130,10,6.00,4,15.27,20.10,20.30,14.61,0.00,0.0,-25.31,,-10.7
130,11,6.00,4,17.69,21.01,21.05,0.0,0.00,0.0,-146.68,,-146.68
130,12,6.00,4,19.68,22.11,22.12,0.0,0.00,0.0,0.0,,0.0
130,13,6.00,4,21.59,23.39,23.38,0.0,0.00,0.0,0.0,,0.0
130,14,6.00,4,23.21,24.67,24.66,0.0,0.00,0.0,0.0,,0.0
130,15,6.00,4,24.51,25.85,25.30,-518.17,0.00,0.0,0.0,,-518.17
130,16,6.00,4,25.63,26.91,25.30,-1364.21,0.00,0.0,0.0,,-1364.21
130,17,6.00,4,24.86,27.47,25.30,-1569.9,0.00,0.0,0.0,,-1569.9
130,18,6.00,4,23.79,27.53,25.30,-1409.18,0.00,0.0,0.0,,-1409.18
130,19,6.00,4,21.63,26.52,25.61,0.0,0.00,0.0,0.0,,0.0
130,20,6.00,4,19.86,25.66,25.14,0.0,0.00,0.0,0.0,,0.0
130,21,6.00,4,18.37,24.82,24.45,0.0,0.00,0.0,0.0,,0.0
130,22,6.00,4,17.19,24.01,23.70,0.0,0.00,0.0,0.0,,0.0
130,23,6.00,4,16.03,23.21,22.93,0.0,0.00,0.0,0.0,,0.0
130,24,6.00,4,14.77,22.40,22.15,0.0,0.00,0.0,0.0,,0.0
130,1,7.00,4,13.47,21.58,21.35,0.0,0.00,0.0,0.0,,0.0
130,2,7.00,4,12.36,20.77,20.56,0.0,0.00,0.0,0.0,,0.0
130,3,7.00,4,11.37,19.99,19.79,0.0,0.00,0.0,0.0,,0.0
130,4,7.00,4,10.35,19.21,19.03,0.0,0.00,0.0,0.0,,0.0
130,5,7.00,4,9.13,18.41,18.24,0.0,0.00,0.0,0.0,,0.0
130,6,7.00,4,8.15,17.63,17.48,0.0,0.00,0.0,0.0,,0.0
130,7,7.00,4,7.25,16.87,16.73,0.0,0.00,0.0,0.0,,0.0
130,8,7.00,4,8.71,16.84,20.30,3437.78,0.00,0.0,0.0,,3437.78
130,9,7.00,4,11.11,17.15,20.30,2042.82,0.00,0.0,0.0,,2042.82
130,10,7.00,4,14.84,18.05,20.30,1162.31,0.00,0.0,0.0,,1162.31
130,11,7.00,4,18.18,19.32,20.30,125.51,0.00,0.0,0.0,,125.51
130,12,7.00,4,20.94,20.79,21.29,0.0,0.00,0.0,0.0,,0.0
130,13,7.00,4,23.35,22.40,22.75,0.0,0.00,0.0,0.0,,0.0
130,14,7.00,4,25.35,24.00,24.29,0.0,0.00,0.0,0.0,,0.0
130,15,7.00,4,27.43,25.56,25.30,-489.93,0.00,0.0,0.0,,-489.93
130,16,7.00,4,28.66,26.90,25.30,-1598.38,0.00,0.0,0.0,,-1598.38
130,17,7.00,4,27.84,27.70,25.30,-1925.26,0.00,0.0,0.0,,-1925.26
130,18,7.00,4,26.53,27.92,25.30,-1832.31,0.00,0.0,0.0,,-1832.31
130,19,7.00,4,23.51,26.86,25.91,0.0,0.00,0.0,0.0,,0.0
130,20,7.00,4,21.41,26.01,25.56,0.0,0.00,0.0,0.0,,0.0
130,21,7.00,4,19.40,25.17,24.87,0.0,0.00,0.0,0.0,,0.0
130,22,7.00,4,17.86,24.34,24.10,0.0,0.00,0.0,0.0,,0.0
130,23,7.00,4,16.46,23.51,23.30,0.0,0.00,0.0,0.0,,0.0
130,24,7.00,4,15.15,22.68,22.50,0.0,0.00,0.0,0.0,,0.0
130,1,1.00,4,13.82,21.84,21.68,0.0,0.00,0.0,0.0,,0.0
130,2,1.00,4,12.61,21.01,20.86,0.0,0.00,0.0,0.0,,0.0
130,3,1.00,4,11.39,20.18,20.04,0.0,0.00,0.0,0.0,,0.0
130,4,1.00,4,10.34,19.37,19.24,0.0,0.00,0.0,0.0,,0.0
130,5,1.00,4,9.30,18.57,18.45,0.0,0.00,0.0,0.0,,0.0
130,6,1.00,4,8.33,17.78,17.67,0.0,0.00,0.0,0.0,,0.0
130,7,1.00,4,7.41,17.01,16.91,0.0,0.00,0.0,0.0,,0.0
130,8,1.00,4,8.94,16.99,20.30,3261.89,0.00,0.0,0.0,,3261.89
130,9,1.00,4,11.73,17.37,20.30,1864.9,0.00,0.0,0.0,,1864.9
130,10,1.00,4,15.18,18.24,20.30,1024.94,0.00,0.0,0.0,,1024.94
130,11,1.00,4,18.48,19.50,20.30,0.0,0.00,0.0,-126.06,,-126.06
130,12,1.00,4,21.15,20.96,21.41,0.0,0.00,0.0,0.0,,0.0
130,13,1.00,4,23.50,22.56,22.88,0.0,0.00,0.0,0.0,,0.0
130,14,1.00,4,25.36,24.13,24.40,0.0,0.00,0.0,0.0,,0.0
130,15,1.00,4,26.85,25.57,25.30,-487.76,0.00,0.0,0.0,,-487.76
130,16,1.00,4,28.19,26.87,25.30,-1558.05,0.00,0.0,0.0,,-1558.05
130,17,1.00,4,27.38,27.63,25.30,-1862.52,0.00,0.0,0.0,,-1862.52
130,18,1.00,4,25.92,27.80,25.30,-1729.53,0.00,0.0,0.0,,-1729.53
130,19,1.00,4,23.13,26.74,25.84,0.0,0.00,0.0,0.0,,0.0
130,20,1.00,4,20.91,25.87,25.44,0.0,0.00,0.0,0.0,,0.0
130,21,1.00,4,19.20,25.04,24.76,0.0,0.00,0.0,0.0,,0.0
130,22,1.00,4,17.91,24.23,24.01,0.0,0.00,0.0,0.0,,0.0
130,23,1.00,4,16.62,23.43,23.24,0.0,0.00,0.0,0.0,,0.0
130,24,1.00,4,15.51,22.65,22.47,0.0,0.00,0.0,0.0,,0.0
130,1,2.00,4,14.39,21.86,21.71,0.0,0.00,0.0,0.0,,0.0
130,2,2.00,4,13.21,21.08,20.93,0.0,0.00,0.0,0.0,,0.0
130,3,2.00,4,12.17,20.31,20.17,0.0,0.00,0.0,0.0,,0.0
130,4,2.00,4,10.96,19.52,19.40,0.0,0.00,0.0,0.0,,0.0
130,5,2.00,4,9.76,18.73,18.62,0.0,0.00,0.0,0.0,,0.0
130,6,2.00,4,8.68,17.94,17.84,0.0,0.00,0.0,0.0,,0.0
130,7,2.00,4,7.66,17.16,17.07,0.0,0.00,0.0,0.0,,0.0
130,8,2.00,4,8.68,17.06,20.30,3187.21,0.00,0.0,0.0,,3187.21
130,9,2.00,4,11.11,17.34,20.30,1909.55,0.00,0.0,0.0,,1909.55
130,10,2.00,4,14.01,18.07,20.30,1183.91,0.00,0.0,0.0,,1183.91
130,11,2.00,4,16.55,19.12,20.30,317.48,0.00,0.0,0.0,,317.48
130,12,2.00,4,18.70,20.36,20.93,0.0,0.00,0.0,-7.57,,-7.57
130,13,2.00,4,21.09,21.81,22.20,0.0,0.00,0.0,0.0,,0.0
130,14,2.00,4,22.90,23.25,23.57,0.0,0.00,0.0,0.0,,0.0
130,15,2.00,4,24.22,24.56,24.83,0.0,0.00,0.0,0.0,,0.0
130,16,2.00,4,25.20,25.69,25.30,-611.31,0.00,0.0,0.0,,-611.31
130,17,2.00,4,24.32,26.32,25.30,-995.52,0.00,0.0,0.0,,-995.52
130,18,2.00,4,22.84,26.38,25.30,-825.55,0.00,0.0,0.0,,-825.55
130,19,2.00,4,20.37,25.34,25.03,0.0,0.00,0.0,0.0,,0.0
130,20,2.00,4,18.36,24.46,24.36,0.0,0.00,0.0,0.0,,0.0
130,21,2.00,4,16.92,23.62,23.59,0.0,0.00,0.0,0.0,,0.0
130,22,2.00,4,15.84,22.82,22.81,0.0,0.00,0.0,0.0,,0.0
130,23,2.00,4,14.87,22.05,22.04,0.0,0.00,0.0,0.0,,0.0
130,24,2.00,4,14.19,21.32,21.32,0.0,0.00,0.0,0.0,,0.0
130,1,3.00,4,13.20,20.60,20.60,0.0,0.00,0.0,0.0,,0.0
130,2,3.00,4,12.36,19.89,19.89,0.0,0.00,0.0,0.0,,0.0
130,3,3.00,4,11.61,19.21,19.21,0.0,0.00,0.0,0.0,,0.0
130,4,3.00,4,11.05,18.57,18.57,0.0,0.00,0.0,0.0,,0.0
130,5,3.00,4,10.42,17.95,17.95,0.0,0.00,0.0,0.0,,0.0
130,6,3.00,4,11.01,17.49,17.49,0.0,0.00,0.0,0.0,,0.0
130,7,3.00,4,11.08,17.07,17.07,0.0,0.00,0.0,0.0,,0.0
130,8,3.00,4,11.70,17.66,17.66,0.0,0.00,0.0,-0.0,,0.0
130,9,3.00,4,12.85,18.05,18.04,0.0,0.00,0.0,-0.0,,0.0
130,10,3.00,4,14.24,18.61,18.60,0.0,0.00,0.0,-0.0,,0.0
130,11,3.00,4,16.06,19.46,19.46,0.0,0.00,0.0,-0.0,,0.0
130,12,3.00,4,17.62,20.50,20.50,0.0,0.00,0.0,0.0,,0.0
130,13,3.00,4,19.08,21.70,21.69,0.0,0.00,0.0,0.0,,0.0
130,14,3.00,4,19.75,22.83,22.83,0.0,0.00,0.0,0.0,,0.0
130,15,3.00,4,19.81,23.78,23.78,0.0,0.00,0.0,0.0,,0.0
130,16,3.00,4,19.38,24.50,24.50,0.0,0.00,0.0,0.0,,0.0
130,17,3.00,4,18.87,24.94,24.94,0.0,0.00,0.0,0.0,,0.0
130,18,3.00,4,18.30,24.98,24.97,0.0,0.00,0.0,0.0,,0.0
130,19,3.00,4,17.28,23.77,23.77,0.0,0.00,0.0,0.0,,0.0
130,20,3.00,4,16.42,22.92,22.92,0.0,0.00,0.0,0.0,,0.0
130,21,3.00,4,16.22,22.24,22.24,0.0,0.00,0.0,0.0,,0.0
130,22,3.00,4,15.90,21.63,21.63,0.0,0.00,0.0,0.0,,0.0
130,23,3.00,4,15.84,21.10,21.09,0.0,0.00,0.0,0.0,,0.0
130,24,3.00,4,15.62,20.61,20.60,0.0,0.00,0.0,0.0,,0.0
130,1,4.00,4,15.48,20.16,20.16,0.0,0.00,0.0,0.0,,0.0
130,2,4.00,4,15.24,19.75,19.74,0.0,0.00,0.0,0.0,,0.0
130,3,4.00,4,15.10,19.37,19.36,0.0,0.00,0.0,0.0,,0.0
130,4,4.00,4,14.89,19.01,19.01,0.0,0.00,0.0,0.0,,0.0
130,5,4.00,4,14.87,18.70,18.69,0.0,0.00,0.0,-0.0,,0.0
130,6,4.00,4,15.07,18.44,18.44,0.0,0.00,0.0,-0.0,,0.0
130,7,4.00,4,15.02,18.20,18.19,0.0,0.00,0.0,-0.0,,0.0
130,8,4.00,4,15.07,18.89,18.88,0.0,0.00,0.0,-0.0,,0.0
130,9,4.00,4,15.36,19.28,19.27,0.0,0.00,0.0,-0.0,,0.0
130,10,4.00,4,16.63,19.86,19.86,0.0,0.00,0.0,-0.0,,0.0
130,11,4.00,4,17.93,20.69,20.69,0.0,0.00,0.0,-0.0,,0.0
130,12,4.00,4,18.82,21.65,21.65,0.0,0.00,0.0,-0.0,,0.0
130,13,4.00,4,19.60,22.72,22.72,0.0,0.00,0.0,0.0,,0.0
130,14,4.00,4,19.96,23.74,23.73,0.0,0.00,0.0,0.0,,0.0
130,15,4.00,4,20.49,24.65,24.65,0.0,0.00,0.0,0.0,,0.0
130,16,4.00,4,19.61,25.28,25.27,0.0,0.00,0.0,0.0,,0.0
130,17,4.00,4,18.39,25.57,25.56,0.0,0.00,0.0,0.0,,0.0
130,18,4.00,4,17.18,25.41,25.41,0.0,0.00,0.0,0.0,,0.0
130,19,4.00,4,15.38,23.98,23.98,0.0,0.00,0.0,0.0,,0.0
130,20,4.00,4,13.85,22.88,22.87,0.0,0.00,0.0,0.0,,0.0
130,21,4.00,4,12.45,21.86,21.86,0.0,0.00,0.0,0.0,,0.0
130,22,4.00,4,11.20,20.89,20.88,0.0,0.00,0.0,0.0,,0.0
130,23,4.00,4,9.98,19.94,19.93,0.0,0.00,0.0,0.0,,0.0
130,24,4.00,4,8.66,18.99,18.98,0.0,0.00,0.0,0.0,,0.0
130,1,5.00,4,8.28,18.16,18.15,0.0,0.00,0.0,0.0,,0.0
130,2,5.00,4,7.92,17.40,17.39,0.0,0.00,0.0,0.0,,0.0
130,3,5.00,4,7.66,16.70,16.70,0.0,0.00,0.0,0.0,,0.0
130,4,5.00,4,7.66,16.09,16.09,0.0,0.00,0.0,0.0,,0.0
130,5,5.00,4,7.61,15.54,15.54,0.0,0.00,0.0,0.0,,0.0
130,6,5.00,4,7.58,15.05,15.05,0.0,0.00,0.0,0.0,,0.0
130,7,5.00,4,7.27,14.57,14.57,0.0,0.00,0.0,0.0,,0.0
130,8,5.00,4,7.00,14.58,20.30,5484.64,0.00,0.0,0.0,,5484.64
130,9,5.00,4,8.19,14.78,20.30,3572.96,0.00,0.0,0.0,,3572.96
130,10,5.00,4,10.52,15.42,20.30,2836.49,0.00,0.0,0.0,,2836.49
130,11,5.00,4,12.87,16.40,20.30,1937.46,0.00,0.0,0.0,,1937.46
130,12,5.00,4,14.61,17.54,20.30,1038.73,0.00,0.0,0.0,,1038.73
130,13,5.00,4,16.37,18.84,20.30,86.72,0.00,0.0,0.0,,86.72
130,14,5.00,4,17.83,20.13,21.11,0.0,0.00,0.0,0.0,,0.0
130,15,5.00,4,19.05,21.32,22.11,0.0,0.00,0.0,0.0,,0.0
130,16,5.00,4,19.99,22.35,23.05,0.0,0.00,0.0,0.0,,0.0
130,17,5.00,4,20.58,23.14,23.76,0.0,0.00,0.0,0.0,,0.0
130,18,5.00,4,19.48,23.30,23.86,0.0,0.00,0.0,0.0,,0.0
130,19,5.00,4,17.06,22.34,22.88,0.0,0.00,0.0,0.0,,0.0
130,20,5.00,4,15.24,21.52,22.02,0.0,0.00,0.0,0.0,,0.0
130,21,5.00,4,13.84,20.74,21.20,0.0,0.00,0.0,0.0,,0.0
130,22,5.00,4,12.78,19.99,20.41,0.0,0.00,0.0,0.0,,0.0
130,23,5.00,4,11.76,19.25,19.64,0.0,0.00,0.0,0.0,,0.0
130,24,5.00,4,10.58,18.50,18.86,0.0,0.00,0.0,0.0,,0.0
130,1,6.00,4,9.41,17.75,18.07,0.0,0.00,0.0,0.0,,0.0
130,2,6.00,4,8.23,16.99,17.29,0.0,0.00,0.0,0.0,,0.0
130,3,6.00,4,6.85,16.20,16.47,0.0,0.00,0.0,0.0,,0.0
130,4,6.00,4,5.98,15.45,15.70,0.0,0.00,0.0,0.0,,0.0
130,5,6.00,4,5.28,14.73,14.97,0.0,0.00,0.0,0.0,,0.0
130,6,6.00,4,4.34,14.01,14.23,0.0,0.00,0.0,0.0,,0.0
130,7,6.00,4,3.63,13.33,13.53,0.0,0.00,0.0,0.0,,0.0
130,8,6.00,4,5.45,13.41,20.30,6442.71,0.00,272.84,0.0,,6715.55
130,9,6.00,4,8.12,13.84,20.30,4015.1,0.00,0.0,0.0,,4015.1
130,10,6.00,4,11.41,14.74,20.30,3072.14,0.00,0.0,0.0,,3072.14
130,11,6.00,4,15.00,16.09,20.30,1898.52,0.00,0.0,0.0,,1898.52
130,12,6.00,4,18.76,17.78,20.30,575.75,0.00,0.0,0.0,,575.75
130,13,6.00,4,21.42,19.56,21.00,0.0,0.00,0.0,0.0,,0.0
130,14,6.00,4,23.17,21.24,22.32,0.0,0.00,0.0,0.0,,0.0
130,15,6.00,4,24.91,22.82,23.74,0.0,0.00,0.0,0.0,,0.0
130,16,6.00,4,24.20,23.89,24.72,0.0,0.00,0.0,0.0,,0.0
130,17,6.00,4,23.34,24.57,25.30,-14.4,0.00,0.0,0.0,,-14.4
130,18,6.00,4,21.73,24.67,25.30,-41.18,0.00,100.04,0.0,,58.86000000000001
130,19,6.00,4,18.66,23.60,24.23,0.0,0.00,0.0,0.0,,0.0
130,20,6.00,4,16.44,22.69,23.28,0.0,0.00,0.0,0.0,,0.0
130,21,6.00,4,14.72,21.81,22.36,0.0,0.00,0.0,0.0,,0.0
130,22,6.00,4,13.56,20.99,21.49,0.0,0.00,0.0,0.0,,0.0
130,23,6.00,4,12.38,20.17,20.64,0.0,0.00,0.0,0.0,,0.0
130,24,6.00,4,11.18,19.36,19.79,0.0,0.00,0.0,0.0,,0.0
130,1,7.00,4,9.86,18.53,18.93,0.0,0.00,0.0,0.0,,0.0
130,2,7.00,4,8.66,17.71,18.08,0.0,0.00,0.0,0.0,,0.0
130,3,7.00,4,7.20,16.86,17.21,0.0,0.00,0.0,0.0,,0.0
130,4,7.00,4,6.41,16.07,16.39,0.0,0.00,0.0,0.0,,0.0
130,5,7.00,4,5.87,15.34,15.63,0.0,0.00,0.0,0.0,,0.0
130,6,7.00,4,4.93,14.60,14.87,0.0,0.00,0.0,0.0,,0.0
130,7,7.00,4,5.74,14.07,14.33,0.0,0.00,0.0,0.0,,0.0
130,8,7.00,4,6.89,14.19,20.30,5638.68,0.00,49.55,0.0,,5688.2300000000005
130,9,7.00,4,9.00,14.57,20.30,3524.27,0.00,0.0,0.0,,3524.27
130,10,7.00,4,11.40,15.31,20.30,2749.57,0.00,0.0,0.0,,2749.57
130,11,7.00,4,13.78,16.37,20.30,1816.06,0.00,0.0,0.0,,1816.06
130,12,7.00,4,15.94,17.64,20.30,824.98,0.00,0.0,0.0,,824.98
130,13,7.00,4,18.14,19.10,20.54,0.0,0.00,0.0,0.0,,0.0
130,14,7.00,4,20.07,20.58,21.63,0.0,0.00,0.0,0.0,,0.0
130,15,7.00,4,21.58,21.94,22.83,0.0,0.00,0.0,0.0,,0.0
130,16,7.00,4,22.43,23.09,23.89,0.0,0.00,0.0,0.0,,0.0
130,17,7.00,4,21.61,23.74,24.47,0.0,0.00,0.0,0.0,,0.0
130,18,7.00,4,20.39,23.86,24.52,0.0,0.00,0.0,0.0,,0.0
130,19,7.00,4,17.92,22.87,23.51,0.0,0.00,0.0,0.0,,0.0
130,20,7.00,4,16.10,22.04,22.63,0.0,0.00,0.0,0.0,,0.0
130,21,7.00,4,14.85,21.27,21.82,0.0,0.00,0.0,0.0,,0.0
130,22,7.00,4,13.81,20.53,21.03,0.0,0.00,0.0,0.0,,0.0
130,23,7.00,4,12.68,19.78,20.25,0.0,0.00,0.0,0.0,,0.0
130,24,7.00,4,11.53,19.04,19.47,0.0,0.00,0.0,0.0,,0.0
130,1,1.00,4,10.35,18.29,18.69,0.0,0.00,0.0,0.0,,0.0
130,2,1.00,4,9.23,17.53,17.91,0.0,0.00,0.0,0.0,,0.0
130,3,1.00,4,8.02,16.77,17.12,0.0,0.00,0.0,0.0,,0.0
130,4,1.00,4,7.20,16.04,16.36,0.0,0.00,0.0,0.0,,0.0
130,5,1.00,4,6.62,15.36,15.66,0.0,0.00,0.0,0.0,,0.0
130,6,1.00,4,5.65,14.66,14.94,0.0,0.00,0.0,0.0,,0.0
130,7,1.00,4,5.04,14.01,14.27,0.0,0.00,0.0,0.0,,0.0
130,8,1.00,4,6.49,14.09,20.30,5733.66,0.00,0.0,0.0,,5733.66
130,9,1.00,4,9.01,14.50,20.30,3553.97,0.00,0.0,0.0,,3553.97
130,10,1.00,4,11.99,15.34,20.30,2687.64,0.00,0.0,0.0,,2687.64
130,11,1.00,4,15.00,16.56,20.30,1637.41,0.00,0.0,0.0,,1637.41
130,12,1.00,4,17.55,17.98,20.30,548.84,0.00,0.0,0.0,,548.84
130,13,1.00,4,19.87,19.55,20.89,0.0,0.00,0.0,0.0,,0.0
130,14,1.00,4,21.95,21.14,22.16,0.0,0.00,0.0,0.0,,0.0
130,15,1.00,4,23.84,22.66,23.53,0.0,0.00,0.0,0.0,,0.0
130,16,1.00,4,25.16,23.99,24.77,0.0,0.00,0.0,0.0,,0.0
130,17,1.00,4,24.21,24.75,25.30,-154.65,0.00,0.0,0.0,,-154.65
130,18,1.00,4,22.65,24.91,25.30,-201.92,0.00,0.0,0.0,,-201.92
130,19,1.00,4,19.59,23.85,24.38,0.0,0.00,0.0,0.0,,0.0
130,20,1.00,4,17.57,22.99,23.53,0.0,0.00,0.0,0.0,,0.0
130,21,1.00,4,15.87,22.16,22.68,0.0,0.00,0.0,0.0,,0.0
130,22,1.00,4,14.53,21.36,21.84,0.0,0.00,0.0,0.0,,0.0
130,23,1.00,4,13.22,20.55,21.00,0.0,0.00,0.0,0.0,,0.0
130,24,1.00,4,11.88,19.74,20.15,0.0,0.00,0.0,0.0,,0.0
130,1,2.00,4,10.53,18.92,19.30,0.0,0.00,0.0,0.0,,0.0
130,2,2.00,4,9.32,18.10,18.46,0.0,0.00,0.0,0.0,,0.0
130,3,2.00,4,8.03,17.27,17.60,0.0,0.00,0.0,0.0,,0.0
130,4,2.00,4,7.08,16.47,16.78,0.0,0.00,0.0,0.0,,0.0
130,5,2.00,4,6.15,15.69,15.99,0.0,0.00,0.0,0.0,,0.0
130,6,2.00,4,7.24,15.17,15.44,0.0,0.00,0.0,0.0,,0.0
130,7,2.00,4,8.53,14.82,15.08,0.0,0.00,0.0,0.0,,0.0
130,8,2.00,4,9.96,15.21,20.30,4657.38,0.00,0.0,0.0,,4657.38
130,9,2.00,4,11.87,15.71,20.30,2728.87,0.00,0.0,0.0,,2728.87
130,10,2.00,4,15.48,16.76,20.30,1732.15,0.00,0.0,0.0,,1732.15
130,11,2.00,4,19.07,18.21,20.30,551.32,0.00,0.0,-66.16,,485.1600000000001
130,12,2.00,4,22.30,19.90,21.03,0.0,0.00,0.0,-53.92,,-53.92
130,13,2.00,4,24.94,21.72,22.54,0.0,0.00,0.0,0.0,,0.0
130,14,2.00,4,27.05,23.50,24.19,0.0,0.00,0.0,0.0,,0.0
130,15,2.00,4,28.96,25.17,25.30,-468.65,0.00,0.0,0.0,,-468.65
130,16,2.00,4,30.03,26.60,25.30,-1642.38,0.00,0.0,0.0,,-1642.38
130,17,2.00,4,28.75,27.42,25.30,-1944.42,0.00,0.0,0.0,,-1944.42
130,18,2.00,4,26.64,27.56,25.30,-1752.12,0.00,0.0,0.0,,-1752.12
130,19,2.00,4,23.16,26.40,25.76,0.0,0.00,0.0,0.0,,0.0
130,20,2.00,4,20.90,25.50,25.33,0.0,0.00,0.0,0.0,,0.0
130,21,2.00,4,18.75,24.60,24.57,0.0,0.00,0.0,0.0,,0.0
130,22,2.00,4,17.05,23.71,23.72,0.0,0.00,0.0,0.0,,0.0
130,23,2.00,4,15.44,22.81,22.84,0.0,0.00,0.0,0.0,,0.0
130,24,2.00,4,13.97,21.91,21.95,0.0,0.00,0.0,0.0,,0.0
130,1,3.00,4,12.53,21.01,21.06,0.0,0.00,0.0,0.0,,0.0
130,2,3.00,4,11.28,20.12,20.17,0.0,0.00,0.0,0.0,,0.0
130,3,3.00,4,9.83,19.22,19.27,0.0,0.00,0.0,0.0,,0.0
130,4,3.00,4,8.98,18.37,18.43,0.0,0.00,0.0,0.0,,0.0
130,5,3.00,4,8.02,17.54,17.60,0.0,0.00,0.0,0.0,,0.0
130,6,3.00,4,7.01,16.72,16.78,0.0,0.00,0.0,0.0,,0.0
130,7,3.00,4,8.10,16.17,16.22,0.0,0.00,0.0,0.0,,0.0
130,8,3.00,4,9.41,16.69,16.75,0.0,0.00,0.0,0.0,,0.0
130,9,3.00,4,11.73,17.12,17.18,0.0,0.00,0.0,-0.0,,0.0
130,10,3.00,4,15.07,17.91,17.97,0.0,0.00,0.0,-0.0,,0.0
130,11,3.00,4,18.53,19.08,19.14,0.0,0.00,0.0,-0.0,,0.0
130,12,3.00,4,21.63,20.53,20.59,0.0,0.00,0.0,-0.0,,0.0
130,13,3.00,4,24.15,22.13,22.19,0.0,0.00,0.0,0.0,,0.0
130,14,3.00,4,26.10,23.73,23.79,0.0,0.00,0.0,0.0,,0.0
130,15,3.00,4,27.80,25.24,25.30,0.0,0.00,0.0,0.0,,0.0
130,16,3.00,4,29.03,26.59,26.65,0.0,0.00,0.0,0.0,,0.0
130,17,3.00,4,27.97,27.45,27.52,0.0,0.00,0.0,0.0,,0.0
130,18,3.00,4,26.04,27.71,27.77,0.0,0.00,0.0,0.0,,0.0
130,19,3.00,4,22.85,26.50,26.56,0.0,0.00,0.0,0.0,,0.0
130,20,3.00,4,20.50,25.55,25.61,0.0,0.00,0.0,0.0,,0.0
130,21,3.00,4,18.54,24.65,24.71,0.0,0.00,0.0,0.0,,0.0
130,22,3.00,4,16.96,23.76,23.82,0.0,0.00,0.0,0.0,,0.0
130,23,3.00,4,15.50,22.88,22.94,0.0,0.00,0.0,0.0,,0.0
130,24,3.00,4,14.19,22.01,22.07,0.0,0.00,0.0,0.0,,0.0
130,1,4.00,4,12.82,21.13,21.19,0.0,0.00,0.0,0.0,,0.0
130,2,4.00,4,11.67,20.27,20.33,0.0,0.00,0.0,0.0,,0.0
130,3,4.00,4,10.42,19.41,19.47,0.0,0.00,0.0,0.0,,0.0
130,4,4.00,4,9.36,18.57,18.63,0.0,0.00,0.0,0.0,,0.0
130,5,4.00,4,8.39,17.75,17.81,0.0,0.00,0.0,0.0,,0.0
130,6,4.00,4,7.48,16.96,17.01,0.0,0.00,0.0,0.0,,0.0
130,7,4.00,4,6.72,16.19,16.25,0.0,0.00,0.0,0.0,,0.0
130,8,4.00,4,8.47,16.66,16.71,0.0,0.00,0.0,0.0,,0.0
130,9,4.00,4,10.48,16.99,17.04,0.0,0.00,0.0,-0.0,,0.0
130,10,4.00,4,14.00,17.72,17.77,0.0,0.00,0.0,-0.0,,0.0
130,11,4.00,4,17.75,18.87,18.92,0.0,0.00,0.0,-0.0,,0.0
130,12,4.00,4,21.31,20.34,20.39,0.0,0.00,0.0,-0.0,,0.0
130,13,4.00,4,24.47,22.02,22.07,0.0,0.00,0.0,0.0,,0.0
130,14,4.00,4,26.80,23.72,23.77,0.0,0.00,0.0,0.0,,0.0
130,15,4.00,4,28.81,25.32,25.38,0.0,0.00,0.0,0.0,,0.0
130,16,4.00,4,30.48,26.80,26.85,0.0,0.00,0.0,0.0,,0.0
130,17,4.00,4,29.44,27.76,27.81,0.0,0.00,0.0,0.0,,0.0
130,18,4.00,4,27.40,28.08,28.13,0.0,0.00,0.0,0.0,,0.0
130,19,4.00,4,24.31,26.95,27.00,0.0,0.00,0.0,0.0,,0.0
130,20,4.00,4,22.20,26.10,26.14,0.0,0.00,0.0,0.0,,0.0
130,21,4.00,4,19.95,25.23,25.28,0.0,0.00,0.0,0.0,,0.0
130,22,4.00,4,18.15,24.36,24.41,0.0,0.00,0.0,0.0,,0.0
130,23,4.00,4,16.47,23.48,23.53,0.0,0.00,0.0,0.0,,0.0
130,24,4.00,4,15.05,22.60,22.65,0.0,0.00,0.0,0.0,,0.0
130,1,5.00,4,13.71,21.73,21.78,0.0,0.00,0.0,0.0,,0.0
130,2,5.00,4,12.50,20.87,20.91,0.0,0.00,0.0,0.0,,0.0
130,3,5.00,4,11.26,20.01,20.05,0.0,0.00,0.0,0.0,,0.0
130,4,5.00,4,10.30,19.18,19.23,0.0,0.00,0.0,0.0,,0.0
130,5,5.00,4,9.28,18.37,18.41,0.0,0.00,0.0,0.0,,0.0
130,6,5.00,4,8.38,17.58,17.62,0.0,0.00,0.0,0.0,,0.0
130,7,5.00,4,7.35,16.79,16.83,0.0,0.00,0.0,0.0,,0.0
130,8,5.00,4,8.60,16.71,20.30,3400.21,0.00,0.0,0.0,,3400.21
130,9,5.00,4,11.24,17.04,20.30,2020.91,0.00,0.0,0.0,,2020.91
130,10,5.00,4,14.09,17.78,20.30,1293.61,0.00,0.0,0.0,,1293.61
130,11,5.00,4,17.39,18.96,20.30,298.56,0.00,0.0,0.0,,298.56
130,12,5.00,4,20.85,20.49,21.19,0.0,0.00,0.0,0.0,,0.0
130,13,5.00,4,23.67,22.17,22.68,0.0,0.00,0.0,0.0,,0.0
130,14,5.00,4,25.99,23.86,24.28,0.0,0.00,0.0,0.0,,0.0
130,15,5.00,4,28.04,25.45,25.30,-506.34,0.00,0.0,0.0,,-506.34
130,16,5.00,4,27.35,26.51,25.30,-1329.83,0.00,0.0,0.0,,-1329.83
130,17,5.00,4,26.29,27.14,25.30,-1579.15,0.00,0.0,0.0,,-1579.15
130,18,5.00,4,24.43,27.17,25.30,-1353.5,0.00,0.0,0.0,,-1353.5
130,19,5.00,4,21.55,26.05,25.46,0.0,0.00,0.0,0.0,,0.0
130,20,5.00,4,19.23,25.10,24.88,0.0,0.00,0.0,0.0,,0.0
130,21,5.00,4,17.64,24.21,24.10,0.0,0.00,0.0,0.0,,0.0
130,22,5.00,4,16.20,23.33,23.26,0.0,0.00,0.0,0.0,,0.0
130,23,5.00,4,15.00,22.47,22.43,0.0,0.00,0.0,0.0,,0.0
130,24,5.00,4,14.19,21.67,21.64,0.0,0.00,0.0,0.0,,0.0
130,1,6.00,4,13.23,20.89,20.86,0.0,0.00,0.0,0.0,,0.0
130,2,6.00,4,12.41,20.13,20.11,0.0,0.00,0.0,0.0,,0.0
130,3,6.00,4,11.63,19.40,19.39,0.0,0.00,0.0,0.0,,0.0
130,4,6.00,4,10.85,18.69,18.68,0.0,0.00,0.0,0.0,,0.0
130,5,6.00,4,10.02,18.00,17.99,0.0,0.00,0.0,0.0,,0.0
130,6,6.00,4,9.32,17.32,17.32,0.0,0.00,0.0,0.0,,0.0
130,7,6.00,4,8.32,16.64,16.64,0.0,0.00,0.0,0.0,,0.0
130,8,6.00,4,7.30,16.33,20.30,3805.07,0.00,0.0,0.0,,3805.07
130,9,6.00,4,8.82,16.37,20.30,2558.45,0.00,0.0,0.0,,2558.45
130,10,6.00,4,10.66,16.80,20.30,2036.68,0.00,0.0,0.0,,2036.68
130,11,6.00,4,13.38,17.69,20.30,1204.95,0.00,0.0,0.0,,1204.95
130,12,6.00,4,16.41,18.94,20.30,198.46,0.00,0.0,0.0,,198.46
130,13,6.00,4,18.52,20.31,21.10,0.0,0.00,0.0,0.0,,0.0
130,14,6.00,4,19.94,21.61,22.22,0.0,0.00,0.0,0.0,,0.0
130,15,6.00,4,20.89,22.76,23.28,0.0,0.00,0.0,0.0,,0.0
130,16,6.00,4,20.47,23.55,24.02,0.0,0.00,0.0,0.0,,0.0
130,17,6.00,4,19.97,24.04,24.46,0.0,0.00,0.0,0.0,,0.0
130,18,6.00,4,19.07,24.06,24.45,0.0,0.00,0.0,0.0,,0.0
130,19,6.00,4,17.26,23.10,23.48,0.0,0.00,0.0,0.0,,0.0
130,20,6.00,4,16.13,22.32,22.67,0.0,0.00,0.0,0.0,,0.0
130,21,6.00,4,14.98,21.55,21.88,0.0,0.00,0.0,0.0,,0.0
130,22,6.00,4,14.13,20.83,21.13,0.0,0.00,0.0,0.0,,0.0
130,23,6.00,4,13.39,20.13,20.41,0.0,0.00,0.0,0.0,,0.0
130,24,6.00,4,12.80,19.48,19.74,0.0,0.00,0.0,0.0,,0.0
130,1,7.00,4,12.14,18.85,19.09,0.0,0.00,0.0,0.0,,0.0
130,2,7.00,4,11.74,18.27,18.49,0.0,0.00,0.0,0.0,,0.0
130,3,7.00,4,11.40,17.73,17.94,0.0,0.00,0.0,0.0,,0.0
130,4,7.00,4,11.25,17.25,17.44,0.0,0.00,0.0,0.0,,0.0
130,5,7.00,4,11.03,16.80,16.98,0.0,0.00,0.0,0.0,,0.0
130,6,7.00,4,10.79,16.37,16.54,0.0,0.00,0.0,-0.0,,0.0
130,7,7.00,4,10.35,15.95,16.11,0.0,0.00,0.0,-0.0,,0.0
130,8,7.00,4,9.81,16.06,20.30,3926.32,0.00,0.0,0.0,,3926.32
130,9,7.00,4,11.00,16.31,20.30,2461.17,0.00,0.0,0.0,,2461.17
130,10,7.00,4,12.57,16.87,20.30,1878.91,0.00,0.0,0.0,,1878.91
130,11,7.00,4,15.36,17.90,20.30,958.81,0.00,0.0,0.0,,958.81
130,12,7.00,4,17.36,19.11,20.30,50.64,0.00,0.0,0.0,,50.64
130,13,7.00,4,19.15,20.44,21.23,0.0,0.00,0.0,0.0,,0.0
130,14,7.00,4,20.42,21.74,22.37,0.0,0.00,0.0,0.0,,0.0
130,15,7.00,4,21.22,22.87,23.43,0.0,0.00,0.0,0.0,,0.0
130,16,7.00,4,21.81,23.83,24.34,0.0,0.00,0.0,0.0,,0.0
130,17,7.00,4,21.04,24.35,24.82,0.0,0.00,0.0,0.0,,0.0
130,18,7.00,4,19.66,24.34,24.76,0.0,0.00,0.0,0.0,,0.0
130,19,7.00,4,17.14,23.28,23.69,0.0,0.00,0.0,0.0,,0.0
130,20,7.00,4,15.41,22.37,22.76,0.0,0.00,0.0,0.0,,0.0
130,21,7.00,4,14.33,21.54,21.90,0.0,0.00,0.0,0.0,,0.0
130,22,7.00,4,13.37,20.75,21.08,0.0,0.00,0.0,0.0,,0.0
130,23,7.00,4,12.40,19.97,20.28,0.0,0.00,0.0,0.0,,0.0
130,24,7.00,4,11.53,19.22,19.51,0.0,0.00,0.0,0.0,,0.0
130,1,1.00,5,10.73,18.50,18.76,0.0,0.00,0.0,0.0,,0.0
130,2,1.00,5,10.04,17.80,18.05,0.0,0.00,0.0,0.0,,0.0
130,3,1.00,5,9.35,17.14,17.37,0.0,0.00,0.0,0.0,,0.0
130,4,1.00,5,8.78,16.51,16.72,0.0,0.00,0.0,0.0,,0.0
130,5,1.00,5,8.03,15.88,16.08,0.0,0.00,0.0,0.0,,0.0
130,6,1.00,5,7.79,15.32,15.51,0.0,0.00,0.0,0.0,,0.0
130,7,1.00,5,6.95,14.73,14.91,0.0,0.00,0.0,0.0,,0.0
130,8,1.00,5,6.45,14.62,19.71,4718.38,0.00,0.0,0.0,,4718.38
130,9,1.00,5,8.28,14.82,19.71,3055.81,0.00,0.0,0.0,,3055.81
130,10,1.00,5,10.25,15.32,19.71,2482.44,0.00,0.0,0.0,,2482.44
130,11,1.00,5,13.33,16.27,19.71,1604.82,0.00,0.0,0.0,,1604.82
130,12,1.00,5,15.97,17.48,19.71,643.73,0.00,0.0,0.0,,643.73
130,13,1.00,5,18.42,18.88,20.10,0.0,0.00,0.0,0.0,,0.0
130,14,1.00,5,20.49,20.32,21.22,0.0,0.00,0.0,0.0,,0.0
130,15,1.00,5,21.99,21.59,22.36,0.0,0.00,0.0,0.0,,0.0
130,16,1.00,5,22.98,22.66,23.34,0.0,0.00,0.0,0.0,,0.0
130,17,1.00,5,22.26,23.38,24.00,0.0,0.00,0.0,0.0,,0.0
130,18,1.00,5,20.66,23.40,23.97,0.0,0.00,0.0,0.0,,0.0
130,19,1.00,5,18.02,22.34,22.88,0.0,0.00,0.0,0.0,,0.0
130,20,1.00,5,16.14,21.51,22.03,0.0,0.00,0.0,0.0,,0.0
130,21,1.00,5,15.02,20.80,21.27,0.0,0.00,0.0,0.0,,0.0
130,22,1.00,5,14.04,20.11,20.55,0.0,0.00,0.0,0.0,,0.0
130,23,1.00,5,13.01,19.43,19.84,0.0,0.00,0.0,0.0,,0.0
130,24,1.00,5,12.11,18.77,19.15,0.0,0.00,0.0,0.0,,0.0
130,1,2.00,5,11.25,18.12,18.47,0.0,0.00,0.0,0.0,,0.0
130,2,2.00,5,10.46,17.48,17.81,0.0,0.00,0.0,0.0,,0.0
130,3,2.00,5,9.77,16.87,17.18,0.0,0.00,0.0,0.0,,0.0
130,4,2.00,5,9.10,16.27,16.56,0.0,0.00,0.0,0.0,,0.0
130,5,2.00,5,8.19,15.66,15.93,0.0,0.00,0.0,0.0,,0.0
130,6,2.00,5,7.44,15.06,15.31,0.0,0.00,0.0,0.0,,0.0
130,7,2.00,5,6.54,14.45,14.69,0.0,0.00,0.0,0.0,,0.0
130,8,2.00,5,6.00,14.32,19.71,4961.3,0.00,0.0,0.0,,4961.3
130,9,2.00,5,8.34,14.58,19.71,3160.29,0.00,0.0,0.0,,3160.29
130,10,2.00,5,11.00,15.23,19.71,2464.42,0.00,0.0,0.0,,2464.42
130,11,2.00,5,14.59,16.34,19.71,1472.98,0.00,0.0,0.0,,1472.98
130,12,2.00,5,17.58,17.70,19.71,414.16,0.00,0.0,0.0,,414.16
130,13,2.00,5,20.21,19.24,20.42,0.0,0.00,0.0,0.0,,0.0
130,14,2.00,5,22.20,20.77,21.67,0.0,0.00,0.0,0.0,,0.0
130,15,2.00,5,23.63,22.11,22.90,0.0,0.00,0.0,0.0,,0.0
130,16,2.00,5,23.18,23.01,23.71,0.0,0.00,0.0,0.0,,0.0
130,17,2.00,5,22.46,23.68,24.32,0.0,0.00,0.0,0.0,,0.0
130,18,2.00,5,20.89,23.67,24.26,0.0,0.00,0.0,0.0,,0.0
130,19,2.00,5,18.52,22.62,23.19,0.0,0.00,0.0,0.0,,0.0
130,20,2.00,5,16.71,21.81,22.34,0.0,0.00,0.0,0.0,,0.0
130,21,2.00,5,15.69,21.11,21.61,0.0,0.00,0.0,0.0,,0.0
130,22,2.00,5,14.80,20.45,20.91,0.0,0.00,0.0,0.0,,0.0
130,23,2.00,5,13.92,19.81,20.23,0.0,0.00,0.0,0.0,,0.0
130,24,2.00,5,13.18,19.19,19.59,0.0,0.00,0.0,0.0,,0.0
130,1,3.00,5,12.44,18.58,18.95,0.0,0.00,0.0,0.0,,0.0
130,2,3.00,5,11.75,18.00,18.34,0.0,0.00,0.0,0.0,,0.0
130,3,3.00,5,11.34,17.46,17.78,0.0,0.00,0.0,0.0,,0.0
130,4,3.00,5,10.85,16.93,17.24,0.0,0.00,0.0,0.0,,0.0
130,5,3.00,5,10.29,16.42,16.71,0.0,0.00,0.0,0.0,,0.0
130,6,3.00,5,10.53,16.02,16.29,0.0,0.00,0.0,0.0,,0.0
130,7,3.00,5,9.75,15.56,15.81,0.0,0.00,0.0,0.0,,0.0
130,8,3.00,5,9.18,16.02,16.26,0.0,0.00,0.0,-0.0,,0.0
130,9,3.00,5,9.34,16.18,16.41,0.0,0.00,0.0,-0.0,,0.0
130,10,3.00,5,9.81,16.44,16.65,0.0,0.00,0.0,-0.0,,0.0
130,11,3.00,5,10.97,16.92,17.13,0.0,0.00,0.0,-0.0,,0.0
130,12,3.00,5,12.30,17.64,17.84,0.0,0.00,0.0,-0.0,,0.0
130,13,3.00,5,13.02,18.47,18.66,0.0,0.00,0.0,0.0,,0.0
130,14,3.00,5,13.33,19.28,19.45,0.0,0.00,0.0,0.0,,0.0
130,15,3.00,5,13.28,19.90,20.07,0.0,0.00,0.0,0.0,,0.0
130,16,3.00,5,13.07,20.33,20.49,0.0,0.00,0.0,0.0,,0.0
130,17,3.00,5,12.46,20.64,20.79,0.0,0.00,0.0,0.0,,0.0
130,18,3.00,5,11.41,20.40,20.55,0.0,0.00,0.0,0.0,,0.0
130,19,3.00,5,10.30,19.02,19.16,0.0,0.00,0.0,0.0,,0.0
130,20,3.00,5,9.35,18.05,18.19,0.0,0.00,0.0,0.0,,0.0
130,21,3.00,5,9.18,17.30,17.43,0.0,0.00,0.0,0.0,,0.0
130,22,3.00,5,8.98,16.64,16.77,0.0,0.00,0.0,0.0,,0.0
130,23,3.00,5,8.64,16.03,16.16,0.0,0.00,0.0,0.0,,0.0
130,24,3.00,5,8.34,15.47,15.59,0.0,0.00,0.0,0.0,,0.0
130,1,4.00,5,8.38,14.99,15.10,0.0,0.00,0.0,0.0,,0.0
130,2,4.00,5,8.51,14.57,14.68,0.0,0.00,0.0,-0.0,,0.0
130,3,4.00,5,8.49,14.19,14.30,0.0,0.00,0.0,0.0,,0.0
130,4,4.00,5,9.09,13.93,14.03,0.0,0.00,0.0,-0.0,,0.0
130,5,4.00,5,9.16,13.67,13.77,0.0,0.00,0.0,-0.0,,0.0
130,6,4.00,5,9.37,13.46,13.56,0.0,0.00,0.0,-0.0,,0.0
130,7,4.00,5,9.20,13.24,13.33,0.0,0.00,0.0,-0.0,,0.0
130,8,4.00,5,9.44,13.98,14.08,0.0,0.00,0.0,-0.0,,0.0
130,9,4.00,5,10.06,14.43,14.52,0.0,0.00,0.0,-0.0,,0.0
130,10,4.00,5,11.58,15.03,15.12,0.0,0.00,0.0,-0.0,,0.0
130,11,4.00,5,13.96,15.93,16.02,0.0,0.00,0.0,-0.0,,0.0
130,12,4.00,5,16.02,17.05,17.14,0.0,0.00,0.0,-0.0,,0.0
130,13,4.00,5,17.67,18.32,18.40,0.0,0.00,0.0,-0.0,,0.0
130,14,4.00,5,18.64,19.55,19.63,0.0,0.00,0.0,0.0,,0.0
130,15,4.00,5,19.30,20.61,20.69,0.0,0.00,0.0,0.0,,0.0
130,16,4.00,5,19.66,21.47,21.55,0.0,0.00,0.0,0.0,,0.0
130,17,4.00,5,19.10,22.14,22.22,0.0,0.00,0.0,0.0,,0.0
130,18,4.00,5,17.72,22.18,22.26,0.0,0.00,0.0,0.0,,0.0
130,19,4.00,5,15.74,20.96,21.03,0.0,0.00,0.0,0.0,,0.0
130,20,4.00,5,14.45,20.13,20.20,0.0,0.00,0.0,0.0,,0.0
130,21,4.00,5,14.01,19.48,19.55,0.0,0.00,0.0,0.0,,0.0
130,22,4.00,5,13.56,18.90,18.97,0.0,0.00,0.0,0.0,,0.0
130,23,4.00,5,13.04,18.36,18.43,0.0,0.00,0.0,0.0,,0.0
130,24,4.00,5,12.21,17.80,17.87,0.0,0.00,0.0,0.0,,0.0
130,1,5.00,5,11.72,17.28,17.35,0.0,0.00,0.0,0.0,,0.0
130,2,5.00,5,10.97,16.75,16.82,0.0,0.00,0.0,0.0,,0.0
130,3,5.00,5,10.29,16.23,16.30,0.0,0.00,0.0,0.0,,0.0
130,4,5.00,5,9.86,15.75,15.82,0.0,0.00,0.0,0.0,,0.0
130,5,5.00,5,9.48,15.29,15.36,0.0,0.00,0.0,0.0,,0.0
130,6,5.00,5,9.14,14.85,14.92,0.0,0.00,0.0,0.0,,0.0
130,7,5.00,5,8.50,14.40,14.47,0.0,0.00,0.0,0.0,,0.0
130,8,5.00,5,8.19,14.53,19.71,4897.85,0.00,0.0,0.0,,4897.85
130,9,5.00,5,8.91,14.69,19.71,3207.17,0.00,0.0,0.0,,3207.17
130,10,5.00,5,10.40,15.14,19.71,2665.6,0.00,0.0,0.0,,2665.6
130,11,5.00,5,12.03,15.84,19.71,1995.59,0.00,0.0,0.0,,1995.59
130,12,5.00,5,13.53,16.75,19.71,1239.64,0.00,0.0,0.0,,1239.64
130,13,5.00,5,14.79,17.79,19.71,461.26,0.00,0.0,0.0,,461.26
130,14,5.00,5,15.60,18.79,19.92,0.0,0.00,0.0,0.0,,0.0
130,15,5.00,5,15.95,19.59,20.46,0.0,0.00,0.0,0.0,,0.0
130,16,5.00,5,15.45,20.09,20.84,0.0,0.00,0.0,0.0,,0.0
130,17,5.00,5,14.81,20.44,21.12,0.0,0.00,0.0,0.0,,0.0
130,18,5.00,5,14.07,20.29,20.90,0.0,0.00,0.0,0.0,,0.0
130,19,5.00,5,12.87,19.36,19.95,0.0,0.00,0.0,0.0,,0.0
130,20,5.00,5,12.17,18.64,19.19,0.0,0.00,0.0,0.0,,0.0
130,21,5.00,5,12.13,18.05,18.56,0.0,0.00,0.0,0.0,,0.0
130,22,5.00,5,11.24,17.44,17.92,0.0,0.00,0.0,0.0,,0.0
130,23,5.00,5,10.45,16.84,17.28,0.0,0.00,0.0,0.0,,0.0
130,24,5.00,5,9.82,16.27,16.68,0.0,0.00,0.0,0.0,,0.0
130,1,6.00,5,10.23,15.83,16.21,0.0,0.00,0.0,0.0,,0.0
130,2,6.00,5,9.67,15.37,15.72,0.0,0.00,0.0,0.0,,0.0
130,3,6.00,5,12.56,15.32,15.65,0.0,0.00,0.0,0.0,,0.0
130,4,6.00,5,10.32,14.90,15.21,0.0,0.00,0.0,0.0,,0.0
130,5,6.00,5,9.82,14.54,14.83,0.0,0.00,0.0,-0.0,,0.0
130,6,6.00,5,10.06,14.27,14.54,0.0,0.00,0.0,-0.0,,0.0
130,7,6.00,5,9.94,14.01,14.26,0.0,0.00,0.0,-0.0,,0.0
130,8,6.00,5,9.49,14.34,19.71,4923.34,0.00,0.0,0.0,,4923.34
130,9,6.00,5,10.15,14.62,19.71,3121.0,0.00,0.0,0.0,,3121.0
130,10,6.00,5,10.57,14.99,19.71,2694.43,0.00,0.0,0.0,,2694.43
130,11,6.00,5,12.08,15.68,19.71,2028.34,0.00,0.0,0.0,,2028.34
130,12,6.00,5,13.38,16.56,19.71,1299.22,0.00,0.0,0.0,,1299.22
130,13,6.00,5,15.10,17.67,19.71,450.05,0.00,0.0,0.0,,450.05
130,14,6.00,5,16.36,18.78,20.02,0.0,0.00,0.0,0.0,,0.0
130,15,6.00,5,17.39,19.75,20.73,0.0,0.00,0.0,0.0,,0.0
130,16,6.00,5,18.42,20.61,21.45,0.0,0.00,0.0,-211.18,,-211.18
130,17,6.00,5,18.04,21.21,21.97,0.0,0.00,0.0,-60.73,,-60.73
130,18,6.00,5,17.09,21.20,21.89,0.0,0.00,0.0,0.0,,0.0
130,19,6.00,5,15.53,20.26,20.93,0.0,0.00,0.0,0.0,,0.0
130,20,6.00,5,14.10,19.52,20.15,0.0,0.00,0.0,0.0,,0.0
130,21,6.00,5,13.06,18.84,19.43,0.0,0.00,0.0,0.0,,0.0
130,22,6.00,5,12.27,18.21,18.75,0.0,0.00,0.0,0.0,,0.0
130,23,6.00,5,11.61,17.61,18.11,0.0,0.00,0.0,0.0,,0.0
130,24,6.00,5,10.90,17.03,17.49,0.0,0.00,0.0,0.0,,0.0
130,1,7.00,5,10.13,16.45,16.88,0.0,0.00,0.0,-0.0,,0.0
130,2,7.00,5,9.49,15.89,16.29,0.0,0.00,0.0,-0.0,,0.0
130,3,7.00,5,8.72,15.33,15.70,0.0,0.00,0.0,0.0,,0.0
130,4,7.00,5,8.16,14.79,15.15,0.0,0.00,0.0,-0.0,,0.0
130,5,7.00,5,7.74,14.29,14.62,0.0,0.00,0.0,0.0,,0.0
130,6,7.00,5,6.90,13.76,14.07,0.0,0.00,0.0,0.0,,0.0
130,7,7.00,5,6.46,13.27,13.56,0.0,0.00,0.0,0.0,,0.0
130,8,7.00,5,5.75,13.24,19.71,5945.02,0.00,0.0,0.0,,5945.02
130,9,7.00,5,7.06,13.41,19.71,3930.32,0.00,0.0,0.0,,3930.32
130,10,7.00,5,10.07,14.09,19.71,3140.48,0.00,0.0,0.0,,3140.48
130,11,7.00,5,13.26,15.15,19.71,2177.23,0.00,0.0,0.0,,2177.23
130,12,7.00,5,15.56,16.39,19.71,1204.48,0.00,0.0,0.0,,1204.48
130,13,7.00,5,17.06,17.68,19.71,285.05,0.00,0.0,0.0,,285.05
130,14,7.00,5,18.42,18.96,20.30,0.0,0.00,0.0,0.0,,0.0
130,15,7.00,5,19.68,20.12,21.21,0.0,0.00,0.0,0.0,,0.0
130,16,7.00,5,19.05,20.85,21.80,0.0,0.00,0.0,0.0,,0.0
130,17,7.00,5,18.43,21.40,22.26,0.0,0.00,0.0,0.0,,0.0
130,18,7.00,5,17.25,21.35,22.14,0.0,0.00,0.0,0.0,,0.0
130,19,7.00,5,15.37,20.36,21.12,0.0,0.00,0.0,0.0,,0.0
130,20,7.00,5,14.21,19.61,20.33,0.0,0.00,0.0,0.0,,0.0
130,21,7.00,5,13.19,18.93,19.60,0.0,0.00,0.0,0.0,,0.0
130,22,7.00,5,12.46,18.30,18.92,0.0,0.00,0.0,0.0,,0.0
130,23,7.00,5,11.70,17.69,18.26,0.0,0.00,0.0,0.0,,0.0
130,24,7.00,5,11.09,17.11,17.64,0.0,0.00,0.0,0.0,,0.0
130,1,1.00,5,10.52,16.56,17.05,0.0,0.00,0.0,0.0,,0.0
130,2,1.00,5,9.90,16.01,16.48,0.0,0.00,0.0,0.0,,0.0
130,3,1.00,5,9.24,15.48,15.91,0.0,0.00,0.0,0.0,,0.0
130,4,1.00,5,8.79,14.98,15.38,0.0,0.00,0.0,0.0,,0.0
130,5,1.00,5,8.37,14.50,14.88,0.0,0.00,0.0,-0.0,,0.0
130,6,1.00,5,8.33,14.08,14.44,0.0,0.00,0.0,-0.0,,0.0
130,7,1.00,5,8.16,13.69,14.03,0.0,0.00,0.0,-0.0,,0.0
130,8,1.00,5,7.47,13.81,19.71,5358.66,0.00,0.0,0.0,,5358.66
130,9,1.00,5,8.04,13.95,19.71,3563.73,0.00,0.0,0.0,,3563.73
130,10,1.00,5,8.84,14.27,19.71,3125.88,0.00,0.0,0.0,,3125.88
130,11,1.00,5,10.72,14.96,19.71,2431.75,0.00,0.0,0.0,,2431.75
130,12,1.00,5,12.53,15.89,19.71,1637.28,0.00,0.0,0.0,,1637.28
130,13,1.00,5,13.72,16.92,19.71,868.59,0.00,0.0,0.0,,868.59
130,14,1.00,5,14.74,17.95,19.71,165.61,0.00,0.0,0.0,,165.61
130,15,1.00,5,15.58,18.84,20.09,0.0,0.00,0.0,0.0,,0.0
130,16,1.00,5,15.19,19.40,20.45,0.0,0.00,0.0,0.0,,0.0
130,17,1.00,5,14.60,19.80,20.74,0.0,0.00,0.0,0.0,,0.0
130,18,1.00,5,13.40,19.61,20.47,0.0,0.00,0.0,0.0,,0.0
130,19,1.00,5,12.47,18.71,19.54,0.0,0.00,0.0,0.0,,0.0
130,20,1.00,5,11.88,18.02,18.79,0.0,0.00,0.0,0.0,,0.0
130,21,1.00,5,10.93,17.35,18.07,0.0,0.00,0.0,0.0,,0.0
130,22,1.00,5,10.14,16.71,17.38,0.0,0.00,0.0,0.0,,0.0
130,23,1.00,5,9.31,16.08,16.70,0.0,0.00,0.0,0.0,,0.0
130,24,1.00,5,8.62,15.48,16.05,0.0,0.00,0.0,0.0,,0.0
130,1,2.00,5,8.66,14.97,15.51,0.0,0.00,0.0,0.0,,0.0
130,2,2.00,5,8.08,14.46,14.96,0.0,0.00,0.0,0.0,,0.0
130,3,2.00,5,7.28,13.93,14.40,0.0,0.00,0.0,0.0,,0.0
130,4,2.00,5,7.14,13.47,13.91,0.0,0.00,0.0,0.0,,0.0
130,5,2.00,5,6.48,12.99,13.40,0.0,0.00,0.0,0.0,,0.0
130,6,2.00,5,6.19,12.55,12.94,0.0,0.00,0.0,0.0,,0.0
130,7,2.00,5,5.69,12.11,12.48,0.0,0.00,0.0,-0.0,,0.0
130,8,2.00,5,7.04,12.49,19.71,6598.0,0.00,0.0,0.0,,6598.0
130,9,2.00,5,8.53,12.90,19.71,4152.14,0.00,0.0,0.0,,4152.14
130,10,2.00,5,11.38,13.73,19.71,3275.24,0.00,0.0,0.0,,3275.24
130,11,2.00,5,14.45,14.90,19.71,2240.09,0.00,0.0,0.0,,2240.09
130,12,2.00,5,17.41,16.35,19.71,1092.46,0.00,0.0,0.0,,1092.46
130,13,2.00,5,19.31,17.85,19.71,33.97,0.00,0.0,0.0,,33.97
130,14,2.00,5,21.01,19.35,20.69,0.0,0.00,0.0,0.0,,0.0
130,15,2.00,5,22.52,20.71,21.85,0.0,0.00,0.0,0.0,,0.0
130,16,2.00,5,23.86,21.92,22.93,0.0,0.00,0.0,0.0,,0.0
130,17,2.00,5,24.96,23.04,23.97,0.0,0.00,0.0,0.0,,0.0
130,18,2.00,5,23.05,23.25,24.09,0.0,0.00,0.0,0.0,,0.0
130,19,2.00,5,20.35,22.21,23.03,0.0,0.00,0.0,0.0,,0.0
130,20,2.00,5,17.97,21.43,22.20,0.0,0.00,0.0,0.0,,0.0
130,21,2.00,5,16.02,20.69,21.41,0.0,0.00,0.0,0.0,,0.0
130,22,2.00,5,14.20,19.93,20.60,0.0,0.00,0.0,0.0,,0.0
130,23,2.00,5,12.52,19.15,19.77,0.0,0.00,0.0,0.0,,0.0
130,24,2.00,5,11.09,18.36,18.94,0.0,0.00,0.0,0.0,,0.0
130,1,3.00,5,9.68,17.55,18.09,0.0,0.00,0.0,0.0,,0.0
130,2,3.00,5,8.45,16.75,17.26,0.0,0.00,0.0,0.0,,0.0
130,3,3.00,5,7.16,15.94,16.42,0.0,0.00,0.0,0.0,,0.0
130,4,3.00,5,6.26,15.17,15.61,0.0,0.00,0.0,0.0,,0.0
130,5,3.00,5,5.09,14.38,14.80,0.0,0.00,0.0,0.0,,0.0
130,6,3.00,5,5.46,13.77,14.17,0.0,0.00,0.0,0.0,,0.0
130,7,3.00,5,5.54,13.23,13.60,0.0,0.00,0.0,0.0,,0.0
130,8,3.00,5,5.84,13.69,14.04,0.0,0.00,0.0,0.0,,0.0
130,9,3.00,5,6.93,13.93,14.26,0.0,0.00,0.0,-0.0,,0.0
130,10,3.00,5,9.11,14.41,14.73,0.0,0.00,0.0,-0.0,,0.0
130,11,3.00,5,11.29,15.15,15.46,0.0,0.00,0.0,-0.0,,0.0
130,12,3.00,5,13.71,16.19,16.47,0.0,0.00,0.0,-0.0,,0.0
130,13,3.00,5,15.44,17.36,17.64,0.0,0.00,0.0,-0.0,,0.0
130,14,3.00,5,16.32,18.50,18.76,0.0,0.00,0.0,0.0,,0.0
130,15,3.00,5,16.00,19.36,19.61,0.0,0.00,0.0,0.0,,0.0
130,16,3.00,5,16.47,20.09,20.33,0.0,0.00,0.0,0.0,,0.0
130,17,3.00,5,16.46,20.71,20.94,0.0,0.00,0.0,0.0,,0.0
130,18,3.00,5,14.69,20.64,20.86,0.0,0.00,0.0,0.0,,0.0
130,19,3.00,5,12.46,19.30,19.51,0.0,0.00,0.0,0.0,,0.0
130,20,3.00,5,11.41,18.40,18.60,0.0,0.00,0.0,0.0,,0.0
130,21,3.00,5,10.61,17.64,17.84,0.0,0.00,0.0,0.0,,0.0
130,22,3.00,5,10.04,16.96,17.15,0.0,0.00,0.0,0.0,,0.0
130,23,3.00,5,9.46,16.32,16.51,0.0,0.00,0.0,0.0,,0.0
130,24,3.00,5,9.17,15.75,15.93,0.0,0.00,0.0,0.0,,0.0
130,1,4.00,5,8.86,15.21,15.39,0.0,0.00,0.0,0.0,,0.0
130,2,4.00,5,8.69,14.73,14.90,0.0,0.00,0.0,0.0,,0.0
130,3,4.00,5,8.62,14.30,14.47,0.0,0.00,0.0,0.0,,0.0
130,4,4.00,5,8.38,13.89,14.05,0.0,0.00,0.0,0.0,,0.0
130,5,4.00,5,7.91,13.48,13.64,0.0,0.00,0.0,-0.0,,0.0
130,6,4.00,5,7.95,13.13,13.29,0.0,0.00,0.0,-0.0,,0.0
130,7,4.00,5,7.49,12.77,12.92,0.0,0.00,0.0,-0.0,,0.0
130,8,4.00,5,8.00,13.43,13.58,0.0,0.00,0.0,-0.0,,0.0
130,9,4.00,5,9.32,13.87,14.02,0.0,0.00,0.0,-0.0,,0.0
130,10,4.00,5,10.46,14.41,14.55,0.0,0.00,0.0,-0.0,,0.0
130,11,4.00,5,12.81,15.25,15.39,0.0,0.00,0.0,-0.0,,0.0
130,12,4.00,5,14.82,16.32,16.46,0.0,0.00,0.0,-0.0,,0.0
130,13,4.00,5,16.70,17.57,17.70,0.0,0.00,0.0,-0.0,,0.0
130,14,4.00,5,18.07,18.82,18.95,0.0,0.00,0.0,-0.0,,0.0
130,15,4.00,5,17.81,19.78,19.91,0.0,0.00,0.0,0.0,,0.0
130,16,4.00,5,17.45,20.49,20.61,0.0,0.00,0.0,0.0,,0.0
130,17,4.00,5,16.50,21.01,21.14,0.0,0.00,0.0,0.0,,0.0
130,18,4.00,5,15.02,20.93,21.05,0.0,0.00,0.0,0.0,,0.0
130,19,4.00,5,13.62,19.67,19.79,0.0,0.00,0.0,0.0,,0.0
130,20,4.00,5,12.71,18.83,18.95,0.0,0.00,0.0,0.0,,0.0
130,21,4.00,5,12.28,18.16,18.28,0.0,0.00,0.0,0.0,,0.0
130,22,4.00,5,12.00,17.58,17.70,0.0,0.00,0.0,0.0,,0.0
130,23,4.00,5,11.51,17.03,17.15,0.0,0.00,0.0,0.0,,0.0
130,24,4.00,5,11.33,16.54,16.66,0.0,0.00,0.0,0.0,,0.0
130,1,5.00,5,11.25,16.11,16.22,0.0,0.00,0.0,-0.0,,0.0
130,2,5.00,5,11.16,15.72,15.83,0.0,0.00,0.0,-0.0,,0.0
130,3,5.00,5,11.13,15.37,15.48,0.0,0.00,0.0,-0.0,,0.0
130,4,5.00,5,11.41,15.09,15.20,0.0,0.00,0.0,-0.0,,0.0
130,5,5.00,5,10.72,14.75,14.86,0.0,0.00,0.0,-0.0,,0.0
130,6,5.00,5,10.13,14.40,14.51,0.0,0.00,0.0,-0.0,,0.0
130,7,5.00,5,8.86,13.96,14.07,0.0,0.00,0.0,-0.0,,0.0
130,8,5.00,5,7.57,14.00,19.71,5370.67,0.00,0.0,0.0,,5370.67
130,9,5.00,5,7.46,13.99,19.71,3697.06,0.00,0.0,0.0,,3697.06
130,10,5.00,5,9.51,14.44,19.71,3085.8,0.00,0.0,0.0,,3085.8
130,11,5.00,5,12.43,15.33,19.71,2217.96,0.00,0.0,0.0,,2217.96
130,12,5.00,5,14.82,16.46,19.71,1288.4,0.00,0.0,0.0,,1288.4
130,13,5.00,5,16.98,17.77,19.71,309.67,0.00,0.0,0.0,,309.67
130,14,5.00,5,18.72,19.09,20.31,0.0,0.00,0.0,0.0,,0.0
130,15,5.00,5,20.00,20.26,21.23,0.0,0.00,0.0,0.0,,0.0
130,16,5.00,5,20.76,21.20,22.06,0.0,0.00,0.0,0.0,,0.0
130,17,5.00,5,20.00,21.84,22.61,0.0,0.00,0.0,0.0,,0.0
130,18,5.00,5,18.10,21.74,22.44,0.0,0.00,0.0,0.0,,0.0
130,19,5.00,5,15.66,20.65,21.33,0.0,0.00,0.0,0.0,,0.0
130,20,5.00,5,13.76,19.78,20.42,0.0,0.00,0.0,0.0,,0.0
130,21,5.00,5,12.71,19.02,19.61,0.0,0.00,0.0,0.0,,0.0
130,22,5.00,5,11.77,18.30,18.85,0.0,0.00,0.0,0.0,,0.0
130,23,5.00,5,10.71,17.58,18.09,0.0,0.00,0.0,0.0,,0.0
130,24,5.00,5,9.58,16.86,17.33,0.0,0.00,0.0,0.0,,0.0
130,1,6.00,5,8.42,16.12,16.57,0.0,0.00,0.0,0.0,,0.0
130,2,6.00,5,7.32,15.39,15.81,0.0,0.00,0.0,0.0,,0.0
130,3,6.00,5,6.32,14.66,15.06,0.0,0.00,0.0,0.0,,0.0
130,4,6.00,5,5.23,13.93,14.30,0.0,0.00,0.0,0.0,,0.0
130,5,6.00,5,4.08,13.19,13.53,0.0,0.00,0.0,0.0,,0.0
130,6,6.00,5,5.37,12.73,13.05,0.0,0.00,0.0,0.0,,0.0
130,7,6.00,5,6.72,12.43,12.74,0.0,0.00,0.0,0.0,,0.0
130,8,6.00,5,8.42,12.95,19.71,6206.14,0.00,0.0,0.0,,6206.14
130,9,6.00,5,10.41,13.52,19.71,3730.63,0.00,0.0,0.0,,3730.63
130,10,6.00,5,14.09,14.57,19.71,2692.69,0.00,0.0,0.0,,2692.69
130,11,6.00,5,17.51,15.94,19.71,1551.91,0.00,0.0,0.0,,1551.91
130,12,6.00,5,20.80,17.58,19.71,299.01,0.00,0.0,0.0,,299.01
130,13,6.00,5,23.62,19.38,20.71,0.0,0.00,0.0,0.0,,0.0
130,14,6.00,5,25.73,21.14,22.19,0.0,0.00,0.0,0.0,,0.0
130,15,6.00,5,24.91,22.31,23.23,0.0,0.00,0.0,0.0,,0.0
130,16,6.00,5,24.61,23.22,24.05,0.0,0.00,0.0,0.0,,0.0
130,17,6.00,5,23.52,23.86,24.62,0.0,0.00,0.0,0.0,,0.0
130,18,6.00,5,21.36,23.76,24.46,0.0,0.00,0.0,0.0,,0.0
130,19,6.00,5,18.86,22.64,23.32,0.0,0.00,0.0,0.0,,0.0
130,20,6.00,5,17.21,21.81,22.45,0.0,0.00,0.0,0.0,,0.0
130,21,6.00,5,15.99,21.07,21.66,0.0,0.00,0.0,0.0,,0.0
130,22,6.00,5,14.72,20.33,20.89,0.0,0.00,0.0,0.0,,0.0
130,23,6.00,5,13.56,19.61,20.12,0.0,0.00,0.0,0.0,,0.0
130,24,6.00,5,12.51,18.89,19.38,0.0,0.00,0.0,0.0,,0.0
130,1,7.00,5,11.40,18.17,18.62,0.0,0.00,0.0,0.0,,0.0
130,2,7.00,5,10.53,17.47,17.90,0.0,0.00,0.0,0.0,,0.0
130,3,7.00,5,9.59,16.78,17.18,0.0,0.00,0.0,0.0,,0.0
130,4,7.00,5,9.00,16.14,16.51,0.0,0.00,0.0,0.0,,0.0
130,5,7.00,5,7.79,15.44,15.80,0.0,0.00,0.0,0.0,,0.0
130,6,7.00,5,7.20,14.80,15.14,0.0,0.00,0.0,0.0,,0.0
130,7,7.00,5,6.08,14.13,14.45,0.0,0.00,0.0,0.0,,0.0
130,8,7.00,5,6.42,14.08,19.71,5115.25,0.00,0.0,0.0,,5115.25
130,9,7.00,5,7.86,14.23,19.71,3386.99,0.00,0.0,0.0,,3386.99
130,10,7.00,5,10.06,14.74,19.71,2777.86,0.00,0.0,0.0,,2777.86
130,11,7.00,5,12.59,15.59,19.71,1982.42,0.00,0.0,0.0,,1982.42
130,12,7.00,5,15.14,16.74,19.71,1045.36,0.00,0.0,0.0,,1045.36
130,13,7.00,5,17.05,18.01,19.71,121.11,0.00,0.0,0.0,,121.11
130,14,7.00,5,18.26,19.23,20.40,0.0,0.00,0.0,0.0,,0.0
130,15,7.00,5,18.88,20.23,21.21,0.0,0.00,0.0,0.0,,0.0
130,16,7.00,5,18.07,20.82,21.69,0.0,0.00,0.0,0.0,,0.0
130,17,7.00,5,16.92,21.19,21.99,0.0,0.00,0.0,0.0,,0.0
130,18,7.00,5,14.98,20.90,21.62,0.0,0.00,0.0,0.0,,0.0
130,19,7.00,5,12.79,19.79,20.50,0.0,0.00,0.0,0.0,,0.0
130,20,7.00,5,11.36,18.88,19.54,0.0,0.00,0.0,0.0,,0.0
130,21,7.00,5,10.54,18.08,18.70,0.0,0.00,0.0,0.0,,0.0
130,22,7.00,5,9.78,17.32,17.90,0.0,0.00,0.0,0.0,,0.0
130,23,7.00,5,9.00,16.60,17.14,0.0,0.00,0.0,0.0,,0.0
130,24,7.00,5,8.27,15.90,16.40,0.0,0.00,0.0,0.0,,0.0
130,1,1.00,5,7.66,15.24,15.71,0.0,0.00,0.0,0.0,,0.0
130,2,1.00,5,7.10,14.61,15.05,0.0,0.00,0.0,0.0,,0.0
130,3,1.00,5,6.54,14.01,14.42,0.0,0.00,0.0,0.0,,0.0
130,4,1.00,5,6.16,13.45,13.84,0.0,0.00,0.0,0.0,,0.0
130,5,1.00,5,5.60,12.90,13.27,0.0,0.00,0.0,0.0,,0.0
130,6,1.00,5,6.06,12.48,12.83,0.0,0.00,0.0,0.0,,0.0
130,7,1.00,5,6.30,12.13,12.46,0.0,0.00,0.0,0.0,,0.0
130,8,1.00,5,6.43,12.37,19.71,6739.55,0.00,0.0,0.0,,6739.55
130,9,1.00,5,6.93,12.56,19.71,4457.13,0.00,0.0,0.0,,4457.13
130,10,1.00,5,8.54,13.06,19.71,3820.67,0.00,0.0,0.0,,3820.67
130,11,1.00,5,10.74,13.90,19.71,2995.54,0.00,0.0,0.0,,2995.54
130,12,1.00,5,12.52,14.93,19.71,2125.91,0.00,0.0,0.0,,2125.91
130,13,1.00,5,14.05,16.10,19.71,1237.27,0.00,0.0,0.0,,1237.27
130,14,1.00,5,15.06,17.22,19.71,471.24,0.00,0.0,0.0,,471.24
130,15,1.00,5,15.55,18.14,19.77,0.0,0.00,0.0,0.0,,0.0
130,16,1.00,5,16.00,18.88,20.21,0.0,0.00,0.0,0.0,,0.0
130,17,1.00,5,15.47,19.41,20.58,0.0,0.00,0.0,0.0,,0.0
130,18,1.00,5,13.90,19.25,20.31,0.0,0.00,0.0,0.0,,0.0
130,19,1.00,5,11.65,18.20,19.22,0.0,0.00,0.0,0.0,,0.0
130,20,1.00,5,10.32,17.36,18.32,0.0,0.00,0.0,0.0,,0.0
130,21,1.00,5,9.54,16.63,17.52,0.0,0.00,0.0,0.0,,0.0
130,22,1.00,5,9.00,15.96,16.79,0.0,0.00,0.0,0.0,,0.0
130,23,1.00,5,8.26,15.31,16.08,0.0,0.00,0.0,0.0,,0.0
130,24,1.00,5,7.55,14.68,15.40,0.0,0.00,0.0,0.0,,0.0
130,1,2.00,5,6.80,14.06,14.73,0.0,0.00,0.0,0.0,,0.0
130,2,2.00,5,6.13,13.46,14.09,0.0,0.00,0.0,0.0,,0.0
130,3,2.00,5,5.38,12.87,13.45,0.0,0.00,0.0,0.0,,0.0
130,4,2.00,5,5.04,12.33,12.87,0.0,0.00,0.0,0.0,,0.0
130,5,2.00,5,4.64,11.82,12.33,0.0,0.00,0.0,0.0,,0.0
130,6,2.00,5,4.26,11.33,11.81,0.0,0.00,0.0,0.0,,0.0
130,7,2.00,5,3.95,10.87,11.33,0.0,0.00,0.0,0.0,,0.0
130,8,2.00,5,5.42,11.22,19.71,7739.62,0.00,40.98,0.0,,7780.599999999999
130,9,2.00,5,7.20,11.66,19.71,4912.17,0.00,0.0,0.0,,4912.17
130,10,2.00,5,9.91,12.47,19.71,4023.48,0.00,0.0,0.0,,4023.48
130,11,2.00,5,13.04,13.65,19.71,2951.77,0.00,0.0,0.0,,2951.77
130,12,2.00,5,16.25,15.14,19.71,1742.95,0.00,0.0,0.0,,1742.95
130,13,2.00,5,18.86,16.78,19.71,545.83,0.00,0.0,0.0,,545.83
130,14,2.00,5,20.88,18.40,20.26,0.0,0.00,0.0,0.0,,0.0
130,15,2.00,5,22.52,19.86,21.35,0.0,0.00,0.0,0.0,,0.0
130,16,2.00,5,23.99,21.15,22.46,0.0,0.00,0.0,0.0,,0.0
130,17,2.00,5,23.28,22.05,23.24,0.0,0.00,0.0,0.0,,0.0
130,18,2.00,5,21.62,22.21,23.30,0.0,0.00,0.0,0.0,,0.0
130,19,2.00,5,19.35,21.22,22.27,0.0,0.00,0.0,0.0,,0.0
130,20,2.00,5,17.75,20.54,21.52,0.0,0.00,0.0,0.0,,0.0
130,21,2.00,5,16.71,19.97,20.88,0.0,0.00,0.0,0.0,,0.0
130,22,2.00,5,15.69,19.41,20.26,0.0,0.00,0.0,0.0,,0.0
130,23,2.00,5,14.57,18.84,19.63,0.0,0.00,0.0,0.0,,0.0
130,24,2.00,5,13.62,18.27,19.01,0.0,0.00,0.0,0.0,,0.0
130,1,3.00,5,12.84,17.71,18.40,0.0,0.00,0.0,0.0,,0.0
130,2,3.00,5,12.14,17.17,17.82,0.0,0.00,0.0,0.0,,0.0
130,3,3.00,5,11.50,16.65,17.25,0.0,0.00,0.0,-0.0,,0.0
130,4,3.00,5,10.68,16.11,16.68,0.0,0.00,0.0,-0.0,,0.0
130,5,3.00,5,9.52,15.53,16.07,0.0,0.00,0.0,-0.0,,0.0
130,6,3.00,5,8.59,14.95,15.45,0.0,0.00,0.0,-0.0,,0.0
130,7,3.00,5,7.52,14.34,14.82,0.0,0.00,0.0,-0.0,,0.0
130,8,3.00,5,6.72,14.67,15.12,0.0,0.00,0.0,-0.0,,0.0
130,9,3.00,5,8.21,14.88,15.31,0.0,0.00,0.0,-0.0,,0.0
130,10,3.00,5,10.13,15.30,15.71,0.0,0.00,0.0,-0.0,,0.0
130,11,3.00,5,12.96,16.08,16.46,0.0,0.00,0.0,-0.0,,0.0
130,12,3.00,5,16.25,17.22,17.59,0.0,0.00,0.0,-0.0,,0.0
130,13,3.00,5,19.13,18.60,18.95,0.0,0.00,0.0,-0.0,,0.0
130,14,3.00,5,21.23,20.02,20.35,0.0,0.00,0.0,-0.0,,0.0
130,15,3.00,5,20.55,21.03,21.35,0.0,0.00,0.0,0.0,,0.0
130,16,3.00,5,19.68,21.75,22.05,0.0,0.00,0.0,0.0,,0.0
130,17,3.00,5,19.15,22.34,22.64,0.0,0.00,0.0,0.0,,0.0
130,18,3.00,5,17.71,22.32,22.60,0.0,0.00,0.0,0.0,,0.0
130,19,3.00,5,15.40,21.00,21.27,0.0,0.00,0.0,0.0,,0.0
130,20,3.00,5,14.30,20.11,20.38,0.0,0.00,0.0,0.0,,0.0
130,21,3.00,5,13.23,19.34,19.59,0.0,0.00,0.0,0.0,,0.0
130,22,3.00,5,12.14,18.60,18.84,0.0,0.00,0.0,0.0,,0.0
130,23,3.00,5,11.19,17.88,18.12,0.0,0.00,0.0,0.0,,0.0
130,24,3.00,5,10.80,17.24,17.47,0.0,0.00,0.0,0.0,,0.0
130,1,4.00,5,10.15,16.61,16.84,0.0,0.00,0.0,0.0,,0.0
130,2,4.00,5,9.68,16.03,16.25,0.0,0.00,0.0,0.0,,0.0
130,3,4.00,5,8.85,15.43,15.64,0.0,0.00,0.0,0.0,,0.0
130,4,4.00,5,8.42,14.88,15.09,0.0,0.00,0.0,0.0,,0.0
130,5,4.00,5,7.78,14.33,14.53,0.0,0.00,0.0,0.0,,0.0
130,6,4.00,5,7.25,13.80,14.00,0.0,0.00,0.0,0.0,,0.0
130,7,4.00,5,6.29,13.24,13.44,0.0,0.00,0.0,0.0,,0.0
130,8,4.00,5,5.45,13.59,13.78,0.0,0.00,0.0,-0.0,,0.0
130,9,4.00,5,6.64,13.79,13.97,0.0,0.00,0.0,-0.0,,0.0
130,10,4.00,5,9.12,14.28,14.46,0.0,0.00,0.0,-0.0,,0.0
130,11,4.00,5,11.51,15.04,15.21,0.0,0.00,0.0,-0.0,,0.0
130,12,4.00,5,14.50,16.14,16.32,0.0,0.00,0.0,-0.0,,0.0
130,13,4.00,5,16.74,17.42,17.60,0.0,0.00,0.0,-0.0,,0.0
130,14,4.00,5,18.07,18.69,18.85,0.0,0.00,0.0,-0.0,,0.0
130,15,4.00,5,19.22,19.81,19.98,0.0,0.00,0.0,0.0,,0.0
130,16,4.00,5,18.71,20.61,20.77,0.0,0.00,0.0,0.0,,0.0
130,17,4.00,5,17.98,21.23,21.39,0.0,0.00,0.0,0.0,,0.0
130,18,4.00,5,16.09,21.17,21.33,0.0,0.00,0.0,0.0,,0.0
130,19,4.00,5,14.46,19.93,20.08,0.0,0.00,0.0,0.0,,0.0
130,20,4.00,5,13.53,19.11,19.26,0.0,0.00,0.0,0.0,,0.0
130,21,4.00,5,13.46,18.50,18.65,0.0,0.00,0.0,0.0,,0.0
130,22,4.00,5,13.05,17.94,18.09,0.0,0.00,0.0,0.0,,0.0
130,23,4.00,5,12.82,17.45,17.60,0.0,0.00,0.0,0.0,,0.0
130,24,4.00,5,12.57,16.99,17.14,0.0,0.00,0.0,0.0,,0.0
130,1,5.00,5,12.34,16.57,16.72,0.0,0.00,0.0,0.0,,0.0
130,2,5.00,5,12.04,16.18,16.32,0.0,0.00,0.0,0.0,,0.0
130,3,5.00,5,11.85,15.81,15.95,0.0,0.00,0.0,-0.0,,0.0
130,4,5.00,5,11.28,15.42,15.56,0.0,0.00,0.0,-0.0,,0.0
130,5,5.00,5,10.97,15.06,15.20,0.0,0.00,0.0,-0.0,,0.0
130,6,5.00,5,10.98,14.76,14.90,0.0,0.00,0.0,-0.0,,0.0
130,7,5.00,5,10.64,14.45,14.58,0.0,0.00,0.0,-0.0,,0.0
130,8,5.00,5,10.11,14.75,19.71,4629.12,0.00,0.0,0.0,,4629.12
130,9,5.00,5,10.79,15.00,19.71,2931.7,0.00,0.0,0.0,,2931.7
130,10,5.00,5,12.42,15.55,19.71,2333.76,0.00,0.0,0.0,,2333.76
130,11,5.00,5,14.21,16.35,19.71,1606.6,0.00,0.0,0.0,,1606.6
130,12,5.00,5,16.70,17.50,19.71,663.24,0.00,0.0,0.0,,663.24
130,13,5.00,5,18.04,18.70,19.90,0.0,0.00,0.0,0.0,,0.0
130,14,5.00,5,18.76,19.81,20.69,0.0,0.00,0.0,-86.33,,-86.33
130,15,5.00,5,19.86,20.84,21.59,0.0,0.00,0.0,-24.98,,-24.98
130,16,5.00,5,19.22,21.46,22.14,0.0,0.00,0.0,0.0,,0.0
130,17,5.00,5,18.34,21.89,22.51,0.0,0.00,0.0,0.0,,0.0
130,18,5.00,5,17.12,21.74,22.31,0.0,0.00,0.0,0.0,,0.0
130,19,5.00,5,15.87,20.76,21.32,0.0,0.00,0.0,0.0,,0.0
130,20,5.00,5,14.88,20.01,20.54,0.0,0.00,0.0,0.0,,0.0
130,21,5.00,5,14.47,19.39,19.88,0.0,0.00,0.0,0.0,,0.0
130,22,5.00,5,13.59,18.77,19.23,0.0,0.00,0.0,0.0,,0.0
130,23,5.00,5,13.01,18.18,18.62,0.0,0.00,0.0,0.0,,0.0
130,24,5.00,5,12.60,17.65,18.05,0.0,0.00,0.0,0.0,,0.0
130,1,6.00,5,12.29,17.15,17.53,0.0,0.00,0.0,0.0,,0.0
130,2,6.00,5,11.70,16.66,17.02,0.0,0.00,0.0,0.0,,0.0
130,3,6.00,5,11.14,16.17,16.51,0.0,0.00,0.0,-0.0,,0.0
130,4,6.00,5,11.03,15.75,16.07,0.0,0.00,0.0,-0.0,,0.0
130,5,6.00,5,10.80,15.35,15.66,0.0,0.00,0.0,-0.0,,0.0
130,6,6.00,5,10.90,15.02,15.31,0.0,0.00,0.0,-0.0,,0.0
130,7,6.00,5,9.96,14.61,14.89,0.0,0.00,0.0,-0.0,,0.0
130,8,6.00,5,9.25,14.77,19.71,4487.29,0.00,0.0,0.0,,4487.29
130,9,6.00,5,10.28,15.00,19.71,2868.42,0.00,0.0,0.0,,2868.42
130,10,6.00,5,12.51,15.61,19.71,2213.28,0.00,0.0,0.0,,2213.28
130,11,6.00,5,14.85,16.52,19.71,1412.68,0.00,0.0,0.0,,1412.68
130,12,6.00,5,17.10,17.68,19.71,500.27,0.00,0.0,0.0,,500.27
130,13,6.00,5,19.11,19.00,20.18,0.0,0.00,0.0,0.0,,0.0
130,14,6.00,5,20.26,20.25,21.15,0.0,0.00,0.0,-85.24,,-85.24
130,15,6.00,5,19.42,21.04,21.82,0.0,0.00,0.0,-222.0,,-222.0
130,16,6.00,5,18.69,21.57,22.27,0.0,0.00,0.0,0.0,,0.0
130,17,6.00,5,17.94,21.95,22.60,0.0,0.00,0.0,0.0,,0.0
130,18,6.00,5,17.54,21.90,22.49,0.0,0.00,0.0,0.0,,0.0
130,19,6.00,5,16.90,21.02,21.60,0.0,0.00,0.0,0.0,,0.0
130,20,6.00,5,15.70,20.30,20.85,0.0,0.00,0.0,0.0,,0.0
130,21,6.00,5,15.62,19.75,20.26,0.0,0.00,0.0,0.0,,0.0
130,22,6.00,5,15.02,19.21,19.69,0.0,0.00,0.0,0.0,,0.0
130,23,6.00,5,15.06,18.77,19.22,0.0,0.00,0.0,-0.0,,0.0
130,24,6.00,5,15.00,18.37,18.80,0.0,0.00,0.0,-0.0,,0.0
130,1,7.00,5,15.51,18.08,18.48,0.0,0.00,0.0,-0.0,,0.0
130,2,7.00,5,15.19,17.77,18.15,0.0,0.00,0.0,-0.0,,0.0
130,3,7.00,5,15.99,17.59,17.95,0.0,0.00,0.0,-0.0,,0.0
130,4,7.00,5,15.49,17.35,17.69,0.0,0.00,0.0,-0.0,,0.0
130,5,7.00,5,14.95,17.08,17.41,0.0,0.00,0.0,-0.0,,0.0
130,6,7.00,5,15.15,16.89,17.20,0.0,0.00,0.0,-0.0,,0.0
130,7,7.00,5,14.21,16.60,16.89,0.0,0.00,0.0,-0.0,,0.0
130,8,7.00,5,13.54,16.99,19.71,2349.85,0.00,0.0,0.0,,2349.85
130,9,7.00,5,13.45,17.17,19.71,1456.19,0.00,0.0,0.0,,1456.19
130,10,7.00,5,13.02,17.35,19.71,1264.74,0.00,0.0,0.0,,1264.74
130,11,7.00,5,13.95,17.83,19.71,800.35,0.00,0.0,0.0,,800.35
130,12,7.00,5,15.65,18.65,19.71,119.61,0.00,0.0,-276.96,,-157.34999999999997
130,13,7.00,5,17.14,19.65,20.34,0.0,0.00,0.0,0.0,,0.0
130,14,7.00,5,18.09,20.63,21.19,0.0,0.00,0.0,0.0,,0.0
130,15,7.00,5,18.89,21.47,21.97,0.0,0.00,0.0,-93.38,,-93.38
130,16,7.00,5,18.51,22.00,22.46,0.0,0.00,0.0,-336.46,,-336.46
130,17,7.00,5,18.04,22.39,22.81,0.0,0.00,0.0,0.0,,0.0
130,18,7.00,5,17.47,22.28,22.68,0.0,0.00,0.0,-55.41,,-55.41
130,19,7.00,5,16.68,21.36,21.75,0.0,0.00,0.0,-0.0,,0.0
130,20,7.00,5,15.91,20.66,21.03,0.0,0.00,0.0,0.0,,0.0
130,21,7.00,5,15.34,20.04,20.39,0.0,0.00,0.0,0.0,,0.0
130,22,7.00,5,14.61,19.44,19.78,0.0,0.00,0.0,-0.0,,0.0
130,23,7.00,5,13.99,18.87,19.19,0.0,0.00,0.0,-0.0,,0.0
130,24,7.00,5,13.68,18.35,18.66,0.0,0.00,0.0,-0.0,,0.0
130,1,1.00,5,13.44,17.88,18.17,0.0,0.00,0.0,-0.0,,0.0
130,2,1.00,5,13.07,17.43,17.71,0.0,0.00,0.0,-0.0,,0.0
130,3,1.00,5,12.71,17.00,17.26,0.0,0.00,0.0,-0.0,,0.0
130,4,1.00,5,12.47,16.60,16.86,0.0,0.00,0.0,-0.0,,0.0
130,5,1.00,5,11.40,16.13,16.37,0.0,0.00,0.0,-0.0,,0.0
130,6,1.00,5,10.94,15.70,15.93,0.0,0.00,0.0,-0.0,,0.0
130,7,1.00,5,10.25,15.25,15.47,0.0,0.00,0.0,-0.0,,0.0
130,8,1.00,5,10.67,15.54,19.71,3793.19,0.00,0.0,0.0,,3793.19
130,9,1.00,5,11.05,15.72,19.71,2441.18,0.00,0.0,0.0,,2441.18
130,10,1.00,5,12.02,16.10,19.71,2004.43,0.00,0.0,0.0,,2004.43
130,11,1.00,5,13.65,16.79,19.71,1369.64,0.00,0.0,0.0,,1369.64
130,12,1.00,5,16.28,17.87,19.71,465.68,0.00,0.0,0.0,,465.68
130,13,1.00,5,17.89,19.05,20.09,0.0,0.00,0.0,0.0,,0.0
130,14,1.00,5,18.88,20.17,20.96,0.0,0.00,0.0,0.0,,0.0
130,15,1.00,5,19.18,21.05,21.73,0.0,0.00,0.0,0.0,,0.0
130,16,1.00,5,19.60,21.76,22.38,0.0,0.00,0.0,0.0,,0.0
130,17,1.00,5,19.21,22.29,22.86,0.0,0.00,0.0,0.0,,0.0
130,18,1.00,5,17.45,22.10,22.62,0.0,0.00,0.0,0.0,,0.0
130,19,1.00,5,15.68,21.05,21.56,0.0,0.00,0.0,0.0,,0.0
130,20,1.00,5,14.54,20.24,20.73,0.0,0.00,0.0,0.0,,0.0
130,21,1.00,5,14.41,19.61,20.06,0.0,0.00,0.0,0.0,,0.0
130,22,1.00,5,13.82,19.00,19.43,0.0,0.00,0.0,0.0,,0.0
130,23,1.00,5,13.24,18.42,18.82,0.0,0.00,0.0,0.0,,0.0
130,24,1.00,5,12.63,17.86,18.24,0.0,0.00,0.0,0.0,,0.0
130,1,2.00,5,12.26,17.34,17.70,0.0,0.00,0.0,0.0,,0.0
130,2,2.00,5,11.79,16.84,17.18,0.0,0.00,0.0,0.0,,0.0
130,3,2.00,5,11.23,16.35,16.67,0.0,0.00,0.0,0.0,,0.0
130,4,2.00,5,11.16,15.93,16.23,0.0,0.00,0.0,0.0,,0.0
130,5,2.00,5,10.22,15.44,15.73,0.0,0.00,0.0,0.0,,0.0
130,6,2.00,5,10.03,15.02,15.30,0.0,0.00,0.0,-0.0,,0.0
130,7,2.00,5,9.07,14.54,14.81,0.0,0.00,0.0,-0.0,,0.0
130,8,2.00,5,8.28,14.60,19.71,4661.98,0.00,0.0,0.0,,4661.98
130,9,2.00,5,9.72,14.83,19.71,2985.54,0.00,0.0,0.0,,2985.54
130,10,2.00,5,11.85,15.41,19.71,2357.73,0.00,0.0,0.0,,2357.73
130,11,2.00,5,14.36,16.31,19.71,1542.57,0.00,0.0,0.0,,1542.57
130,12,2.00,5,17.11,17.55,19.71,555.46,0.00,0.0,0.0,,555.46
130,13,2.00,5,19.00,18.87,20.11,0.0,0.00,0.0,0.0,,0.0
130,14,2.00,5,20.60,20.21,21.14,0.0,0.00,0.0,0.0,,0.0
130,15,2.00,5,22.21,21.44,22.25,0.0,0.00,0.0,0.0,,0.0
130,16,2.00,5,21.68,22.23,22.96,0.0,0.00,0.0,0.0,,0.0
130,17,2.00,5,20.98,22.81,23.48,0.0,0.00,0.0,0.0,,0.0
130,18,2.00,5,19.36,22.71,23.33,0.0,0.00,0.0,0.0,,0.0
130,19,2.00,5,17.58,21.69,22.29,0.0,0.00,0.0,0.0,,0.0
130,20,2.00,5,16.37,20.93,21.49,0.0,0.00,0.0,0.0,,0.0
130,21,2.00,5,16.00,20.32,20.85,0.0,0.00,0.0,0.0,,0.0
130,22,2.00,5,15.52,19.76,20.26,0.0,0.00,0.0,0.0,,0.0
130,23,2.00,5,14.94,19.22,19.69,0.0,0.00,0.0,0.0,,0.0
130,24,2.00,5,14.34,18.70,19.14,0.0,0.00,0.0,0.0,,0.0
130,1,3.00,5,13.87,18.21,18.62,0.0,0.00,0.0,0.0,,0.0
130,2,3.00,5,13.21,17.72,18.11,0.0,0.00,0.0,0.0,,0.0
130,3,3.00,5,12.40,17.21,17.57,0.0,0.00,0.0,0.0,,0.0
130,4,3.00,5,11.97,16.73,17.08,0.0,0.00,0.0,-0.0,,0.0
130,5,3.00,5,11.35,16.26,16.59,0.0,0.00,0.0,-0.0,,0.0
130,6,3.00,5,10.59,15.77,16.09,0.0,0.00,0.0,-0.0,,0.0
130,7,3.00,5,9.39,15.22,15.52,0.0,0.00,0.0,-0.0,,0.0
130,8,3.00,5,8.42,15.58,15.87,0.0,0.00,0.0,-0.0,,0.0
130,9,3.00,5,7.94,15.60,15.87,0.0,0.00,0.0,-0.0,,0.0
130,10,3.00,5,10.29,15.97,16.23,0.0,0.00,0.0,-0.0,,0.0
130,11,3.00,5,12.54,16.62,16.87,0.0,0.00,0.0,-0.0,,0.0
130,12,3.00,5,14.93,17.57,17.81,0.0,0.00,0.0,-0.0,,0.0
130,13,3.00,5,16.75,18.68,18.92,0.0,0.00,0.0,0.0,,0.0
130,14,3.00,5,18.03,19.81,20.04,0.0,0.00,0.0,0.0,,0.0
130,15,3.00,5,19.03,20.81,21.02,0.0,0.00,0.0,0.0,,0.0
130,16,3.00,5,18.63,21.50,21.71,0.0,0.00,0.0,0.0,,0.0
130,17,3.00,5,18.11,22.05,22.26,0.0,0.00,0.0,0.0,,0.0
130,18,3.00,5,16.75,22.00,22.19,0.0,0.00,0.0,0.0,,0.0
130,19,3.00,5,15.67,20.79,20.98,0.0,0.00,0.0,0.0,,0.0
130,20,3.00,5,15.02,20.02,20.20,0.0,0.00,0.0,0.0,,0.0
130,21,3.00,5,14.55,19.39,19.57,0.0,0.00,0.0,0.0,,0.0
130,22,3.00,5,14.19,18.83,19.01,0.0,0.00,0.0,0.0,,0.0
130,23,3.00,5,13.76,18.32,18.49,0.0,0.00,0.0,0.0,,0.0
130,24,3.00,5,13.64,17.86,18.03,0.0,0.00,0.0,0.0,,0.0
130,1,4.00,5,13.46,17.44,17.61,0.0,0.00,0.0,0.0,,0.0
130,2,4.00,5,13.14,17.04,17.20,0.0,0.00,0.0,-0.0,,0.0
130,3,4.00,5,12.80,16.66,16.82,0.0,0.00,0.0,-0.0,,0.0
130,4,4.00,5,12.89,16.34,16.49,0.0,0.00,0.0,-0.0,,0.0
130,5,4.00,5,12.31,15.98,16.13,0.0,0.00,0.0,-0.0,,0.0
130,6,4.00,5,12.35,15.69,15.84,0.0,0.00,0.0,-0.0,,0.0
130,7,4.00,5,11.71,15.35,15.50,0.0,0.00,0.0,-0.0,,0.0
130,8,4.00,5,11.06,15.91,16.05,0.0,0.00,0.0,-0.0,,0.0
130,9,4.00,5,11.70,16.22,16.36,0.0,0.00,0.0,-0.0,,0.0
130,10,4.00,5,12.80,16.66,16.80,0.0,0.00,0.0,-0.0,,0.0
130,11,4.00,5,14.35,17.33,17.47,0.0,0.00,0.0,-0.0,,0.0
130,12,4.00,5,16.20,18.27,18.41,0.0,0.00,0.0,-0.0,,0.0
130,13,4.00,5,17.20,19.30,19.43,0.0,0.00,0.0,0.0,,0.0
130,14,4.00,5,18.01,20.33,20.46,0.0,0.00,0.0,-0.0,,0.0
130,15,4.00,5,18.67,21.22,21.35,0.0,0.00,0.0,-0.0,,0.0
130,16,4.00,5,18.48,21.86,21.99,0.0,0.00,0.0,-0.0,,0.0
130,17,4.00,5,18.20,22.39,22.52,0.0,0.00,0.0,0.0,,0.0
130,18,4.00,5,17.14,22.34,22.47,0.0,0.00,0.0,-0.0,,0.0
130,19,4.00,5,15.97,21.12,21.25,0.0,0.00,0.0,-0.0,,0.0
130,20,4.00,5,15.14,20.31,20.44,0.0,0.00,0.0,0.0,,0.0
130,21,4.00,5,14.75,19.67,19.79,0.0,0.00,0.0,-0.0,,0.0
130,22,4.00,5,14.35,19.10,19.22,0.0,0.00,0.0,-0.0,,0.0
130,23,4.00,5,13.95,18.57,18.69,0.0,0.00,0.0,-0.0,,0.0
130,24,4.00,5,13.54,18.07,18.19,0.0,0.00,0.0,-0.0,,0.0
130,1,5.00,5,13.23,17.60,17.72,0.0,0.00,0.0,-0.0,,0.0
130,2,5.00,5,12.89,17.16,17.28,0.0,0.00,0.0,-0.0,,0.0
130,3,5.00,5,12.62,16.76,16.87,0.0,0.00,0.0,-0.0,,0.0
130,4,5.00,5,12.27,16.36,16.48,0.0,0.00,0.0,-0.0,,0.0
130,5,5.00,5,11.72,15.96,16.08,0.0,0.00,0.0,-0.0,,0.0
130,6,5.00,5,11.39,15.58,15.70,0.0,0.00,0.0,-0.0,,0.0
130,7,5.00,5,10.61,15.16,15.28,0.0,0.00,0.0,-0.0,,0.0
130,8,5.00,5,9.74,15.30,19.71,4118.16,0.00,0.0,0.0,,4118.16
130,9,5.00,5,10.43,15.46,19.71,2672.84,0.00,0.0,0.0,,2672.84
130,10,5.00,5,12.14,15.94,19.71,2122.4,0.00,0.0,0.0,,2122.4
130,11,5.00,5,14.61,16.80,19.71,1337.47,0.00,0.0,0.0,,1337.47
130,12,5.00,5,17.34,17.99,19.71,376.48,0.00,0.0,-227.08,,149.4
130,13,5.00,5,19.11,19.27,20.26,0.0,0.00,0.0,-63.89,,-63.89
130,14,5.00,5,20.26,20.49,21.24,0.0,0.00,0.0,0.0,,0.0
130,15,5.00,5,21.58,21.61,22.26,0.0,0.00,0.0,0.0,,0.0
130,16,5.00,5,22.00,22.48,23.06,0.0,0.00,0.0,0.0,,0.0
130,17,5.00,5,21.01,23.02,23.56,0.0,0.00,0.0,0.0,,0.0
130,18,5.00,5,19.07,22.85,23.35,0.0,0.00,0.0,0.0,,0.0
130,19,5.00,5,17.17,21.79,22.27,0.0,0.00,0.0,0.0,,0.0
130,20,5.00,5,15.55,20.94,21.40,0.0,0.00,0.0,0.0,,0.0
130,21,5.00,5,14.29,20.17,20.59,0.0,0.00,0.0,0.0,,0.0
130,22,5.00,5,12.90,19.38,19.78,0.0,0.00,0.0,0.0,,0.0
130,23,5.00,5,11.90,18.63,19.01,0.0,0.00,0.0,0.0,,0.0
130,24,5.00,5,10.92,17.90,18.25,0.0,0.00,0.0,0.0,,0.0
130,1,6.00,5,9.76,17.15,17.48,0.0,0.00,0.0,0.0,,0.0
130,2,6.00,5,8.79,16.42,16.73,0.0,0.00,0.0,0.0,,0.0
130,3,6.00,5,7.97,15.71,16.01,0.0,0.00,0.0,0.0,,0.0
130,4,6.00,5,7.50,15.06,15.34,0.0,0.00,0.0,0.0,,0.0
130,5,6.00,5,6.74,14.41,14.68,0.0,0.00,0.0,0.0,,0.0
130,6,6.00,5,6.11,13.79,14.04,0.0,0.00,0.0,0.0,,0.0
130,7,6.00,5,5.32,13.16,13.41,0.0,0.00,0.0,0.0,,0.0
130,8,6.00,5,4.49,12.97,19.71,6247.95,0.00,174.97,0.0,,6422.92
130,9,6.00,5,5.93,13.05,19.71,4217.67,0.00,59.31,0.0,,4276.9800000000005
130,10,6.00,5,8.61,13.59,19.71,3518.28,0.00,0.0,0.0,,3518.28
130,11,6.00,5,12.14,14.61,19.71,2538.14,0.00,0.0,0.0,,2538.14
130,12,6.00,5,15.51,15.97,19.71,1422.16,0.00,0.0,0.0,,1422.16
130,13,6.00,5,18.39,17.52,19.71,276.49,0.00,0.0,0.0,,276.49
130,14,6.00,5,20.56,19.06,20.49,0.0,0.00,0.0,0.0,,0.0
130,15,6.00,5,22.18,20.43,21.59,0.0,0.00,0.0,0.0,,0.0
130,16,6.00,5,23.63,21.65,22.67,0.0,0.00,0.0,0.0,,0.0
130,17,6.00,5,22.71,22.44,23.37,0.0,0.00,0.0,0.0,,0.0
130,18,6.00,5,20.18,22.38,23.22,0.0,0.00,0.0,0.0,,0.0
130,19,6.00,5,17.72,21.29,22.11,0.0,0.00,0.0,0.0,,0.0
130,20,6.00,5,16.08,20.50,21.27,0.0,0.00,0.0,0.0,,0.0
130,21,6.00,5,14.73,19.78,20.50,0.0,0.00,0.0,0.0,,0.0
130,22,6.00,5,13.55,19.09,19.75,0.0,0.00,0.0,0.0,,0.0
130,23,6.00,5,12.32,18.38,19.00,0.0,0.00,0.0,0.0,,0.0
130,24,6.00,5,11.36,17.69,18.27,0.0,0.00,0.0,0.0,,0.0
130,1,7.00,5,10.35,17.01,17.55,0.0,0.00,0.0,0.0,,0.0
130,2,7.00,5,9.42,16.33,16.84,0.0,0.00,0.0,0.0,,0.0
130,3,7.00,5,8.55,15.67,16.14,0.0,0.00,0.0,0.0,,0.0
130,4,7.00,5,7.70,15.01,15.46,0.0,0.00,0.0,0.0,,0.0
130,5,7.00,5,6.87,14.36,14.78,0.0,0.00,0.0,0.0,,0.0
130,6,7.00,5,5.98,13.72,14.11,0.0,0.00,0.0,0.0,,0.0
130,7,7.00,5,5.04,13.06,13.44,0.0,0.00,0.0,0.0,,0.0
130,8,7.00,5,4.22,12.84,19.71,6259.49,0.00,116.3,0.0,,6375.79
130,9,7.00,5,6.02,12.96,19.71,4194.46,0.00,0.0,0.0,,4194.46
130,10,7.00,5,9.28,13.62,19.71,3403.82,0.00,0.0,0.0,,3403.82
130,11,7.00,5,13.11,14.75,19.71,2361.65,0.00,0.0,0.0,,2361.65
130,12,7.00,5,16.60,16.19,19.71,1202.42,0.00,0.0,0.0,,1202.42
130,13,7.00,5,19.57,17.81,19.71,17.79,0.00,0.0,0.0,,17.79
130,14,7.00,5,21.92,19.45,20.82,0.0,0.00,0.0,0.0,,0.0
130,15,7.00,5,23.81,20.93,22.09,0.0,0.00,0.0,0.0,,0.0
130,16,7.00,5,23.08,21.87,22.90,0.0,0.00,0.0,0.0,,0.0
130,17,7.00,5,21.93,22.52,23.46,0.0,0.00,0.0,0.0,,0.0
130,18,7.00,5,19.62,22.40,23.27,0.0,0.00,0.0,0.0,,0.0
130,19,7.00,5,17.66,21.36,22.19,0.0,0.00,0.0,0.0,,0.0
130,20,7.00,5,15.73,20.53,21.32,0.0,0.00,0.0,0.0,,0.0
130,21,7.00,5,14.49,19.79,20.53,0.0,0.00,0.0,0.0,,0.0
130,22,7.00,5,13.63,19.11,19.80,0.0,0.00,0.0,0.0,,0.0
130,23,7.00,5,12.63,18.43,19.07,0.0,0.00,0.0,0.0,,0.0
130,24,7.00,5,11.64,17.76,18.36,0.0,0.00,0.0,0.0,,0.0
130,1,1.00,6,10.69,17.10,17.66,0.0,0.00,0.0,0.0,,0.0
130,2,1.00,6,10.01,16.46,16.99,0.0,0.00,0.0,0.0,,0.0
130,3,1.00,6,8.83,15.79,16.29,0.0,0.00,0.0,0.0,,0.0
130,4,1.00,6,8.36,15.19,15.65,0.0,0.00,0.0,0.0,,0.0
130,5,1.00,6,7.32,14.54,14.98,0.0,0.00,0.0,0.0,,0.0
130,6,1.00,6,6.60,13.93,14.34,0.0,0.00,0.0,0.0,,0.0
130,7,1.00,6,5.49,13.28,13.67,0.0,0.00,0.0,0.0,,0.0
130,8,1.00,6,4.57,13.00,18.60,5023.73,0.00,0.0,0.0,,5023.73
130,9,1.00,6,6.56,13.15,18.60,3320.93,0.00,0.0,0.0,,3320.93
130,10,1.00,6,9.82,13.84,18.60,2552.64,0.00,0.0,0.0,,2552.64
130,11,1.00,6,13.78,15.00,18.60,1525.37,0.00,0.0,0.0,,1525.37
130,12,1.00,6,17.39,16.43,18.60,420.09,0.00,0.0,0.0,,420.09
130,13,1.00,6,20.52,17.99,19.31,0.0,0.00,0.0,0.0,,0.0
130,14,1.00,6,22.99,19.53,20.56,0.0,0.00,0.0,-23.55,,-23.55
130,15,1.00,6,25.00,20.98,21.88,0.0,0.00,0.0,0.0,,0.0
130,16,1.00,6,26.67,22.30,23.12,0.0,0.00,0.0,0.0,,0.0
130,17,1.00,6,25.36,23.08,23.60,-224.4,0.00,0.0,0.0,,-224.4
130,18,1.00,6,22.61,23.05,23.60,-75.29,0.00,0.0,0.0,,-75.29
130,19,1.00,6,20.13,21.98,22.60,0.0,0.00,0.0,0.0,,0.0
130,20,1.00,6,18.19,21.23,21.84,0.0,0.00,0.0,0.0,,0.0
130,21,1.00,6,17.09,20.61,21.19,0.0,0.00,0.0,0.0,,0.0
130,22,1.00,6,15.87,19.99,20.54,0.0,0.00,0.0,0.0,,0.0
130,23,1.00,6,14.57,19.35,19.86,0.0,0.00,0.0,0.0,,0.0
130,24,1.00,6,13.34,18.70,19.18,0.0,0.00,0.0,0.0,,0.0
130,1,2.00,6,12.15,18.03,18.48,0.0,0.00,0.0,0.0,,0.0
130,2,2.00,6,11.15,17.36,17.79,0.0,0.00,0.0,0.0,,0.0
130,3,2.00,6,10.28,16.72,17.12,0.0,0.00,0.0,0.0,,0.0
130,4,2.00,6,9.68,16.11,16.49,0.0,0.00,0.0,0.0,,0.0
130,5,2.00,6,8.86,15.49,15.86,0.0,0.00,0.0,0.0,,0.0
130,6,2.00,6,7.96,14.87,15.22,0.0,0.00,0.0,0.0,,0.0
130,7,2.00,6,6.58,14.19,14.52,0.0,0.00,0.0,0.0,,0.0
130,8,2.00,6,4.99,13.80,18.60,4306.97,0.00,0.0,0.0,,4306.97
130,9,2.00,6,6.79,13.86,18.60,2914.29,0.00,0.0,0.0,,2914.29
130,10,2.00,6,10.83,14.61,18.60,2075.19,0.00,0.0,0.0,,2075.19
130,11,2.00,6,14.88,15.80,18.60,1058.03,0.00,0.0,0.0,,1058.03
130,12,2.00,6,18.86,17.30,18.69,0.0,0.00,0.0,0.0,,0.0
130,13,2.00,6,22.21,18.93,19.91,0.0,0.00,0.0,-55.93,,-55.93
130,14,2.00,6,24.82,20.53,21.35,0.0,0.00,0.0,0.0,,0.0
130,15,2.00,6,26.83,22.03,22.76,0.0,0.00,0.0,-103.12,,-103.12
130,16,2.00,6,26.04,22.98,23.60,-55.86,0.00,0.0,0.0,,-55.86
130,17,2.00,6,24.85,23.62,23.60,-598.53,0.00,0.0,0.0,,-598.53
130,18,2.00,6,22.30,23.52,23.60,-284.89,0.00,0.0,0.0,,-284.89
130,19,2.00,6,20.20,22.46,22.82,0.0,0.00,0.0,0.0,,0.0
130,20,2.00,6,18.32,21.69,22.12,0.0,0.00,0.0,0.0,,0.0
130,21,2.00,6,17.23,21.04,21.47,0.0,0.00,0.0,0.0,,0.0
130,22,2.00,6,15.87,20.37,20.79,0.0,0.00,0.0,0.0,,0.0
130,23,2.00,6,14.58,19.70,20.09,0.0,0.00,0.0,0.0,,0.0
130,24,2.00,6,13.47,19.03,19.40,0.0,0.00,0.0,0.0,,0.0
130,1,3.00,6,12.41,18.35,18.71,0.0,0.00,0.0,0.0,,0.0
130,2,3.00,6,11.44,17.68,18.02,0.0,0.00,0.0,-0.0,,0.0
130,3,3.00,6,10.33,17.00,17.32,0.0,0.00,0.0,0.0,,0.0
130,4,3.00,6,9.62,16.36,16.66,0.0,0.00,0.0,-0.0,,0.0
130,5,3.00,6,8.53,15.68,15.98,0.0,0.00,0.0,-0.0,,0.0
130,6,3.00,6,7.61,15.02,15.30,0.0,0.00,0.0,-0.0,,0.0
130,7,3.00,6,6.50,14.33,14.60,0.0,0.00,0.0,0.0,,0.0
130,8,3.00,6,5.70,14.53,14.79,0.0,0.00,0.0,-0.0,,0.0
130,9,3.00,6,7.33,14.68,14.94,0.0,0.00,0.0,-0.0,,0.0
130,10,3.00,6,9.80,15.13,15.38,0.0,0.00,0.0,-0.0,,0.0
130,11,3.00,6,12.53,15.89,16.12,0.0,0.00,0.0,-0.0,,0.0
130,12,3.00,6,16.32,17.01,17.24,0.0,0.00,0.0,-0.0,,0.0
130,13,3.00,6,19.44,18.32,18.54,0.0,0.00,0.0,-0.0,,0.0
130,14,3.00,6,22.19,19.68,19.89,0.0,0.00,0.0,-0.0,,0.0
130,15,3.00,6,24.16,20.98,21.19,0.0,0.00,0.0,-0.0,,0.0
130,16,3.00,6,23.72,21.93,22.13,0.0,0.00,0.0,0.0,,0.0
130,17,3.00,6,22.66,22.61,22.81,0.0,0.00,0.0,0.0,,0.0
130,18,3.00,6,21.01,22.73,22.92,0.0,0.00,0.0,0.0,,0.0
130,19,3.00,6,19.48,21.68,21.86,0.0,0.00,0.0,0.0,,0.0
130,20,3.00,6,18.48,21.03,21.22,0.0,0.00,0.0,0.0,,0.0
130,21,3.00,6,17.63,20.50,20.68,0.0,0.00,0.0,0.0,,0.0
130,22,3.00,6,16.79,19.99,20.16,0.0,0.00,0.0,0.0,,0.0
130,23,3.00,6,16.38,19.53,19.70,0.0,0.00,0.0,0.0,,0.0
130,24,3.00,6,16.02,19.11,19.28,0.0,0.00,0.0,-0.0,,0.0
130,1,4.00,6,15.37,18.67,18.84,0.0,0.00,0.0,-0.0,,0.0
130,2,4.00,6,14.87,18.25,18.41,0.0,0.00,0.0,-0.0,,0.0
130,3,4.00,6,14.41,17.84,18.01,0.0,0.00,0.0,-0.0,,0.0
130,4,4.00,6,14.01,17.45,17.61,0.0,0.00,0.0,-0.0,,0.0
130,5,4.00,6,13.10,17.01,17.17,0.0,0.00,0.0,-0.0,,0.0
130,6,4.00,6,12.67,16.61,16.76,0.0,0.00,0.0,-0.0,,0.0
130,7,4.00,6,11.48,16.12,16.28,0.0,0.00,0.0,-0.0,,0.0
130,8,4.00,6,10.63,16.49,16.65,0.0,0.00,0.0,-0.0,,0.0
130,9,4.00,6,9.78,16.51,16.66,0.0,0.00,0.0,-0.0,,0.0
130,10,4.00,6,10.17,16.69,16.84,0.0,0.00,0.0,-0.0,,0.0
130,11,4.00,6,12.87,17.28,17.42,0.0,0.00,0.0,-0.0,,0.0
130,12,4.00,6,15.41,18.13,18.27,0.0,0.00,0.0,-0.0,,0.0
130,13,4.00,6,16.40,18.98,19.13,0.0,0.00,0.0,-0.0,,0.0
130,14,4.00,6,17.26,19.81,19.95,0.0,0.00,0.0,-0.0,,0.0
130,15,4.00,6,17.99,20.56,20.70,0.0,0.00,0.0,0.0,,0.0
130,16,4.00,6,17.68,21.10,21.24,0.0,0.00,0.0,0.0,,0.0
130,17,4.00,6,17.13,21.48,21.62,0.0,0.00,0.0,0.0,,0.0
130,18,4.00,6,16.05,21.38,21.51,0.0,0.00,0.0,0.0,,0.0
130,19,4.00,6,14.99,20.16,20.30,0.0,0.00,0.0,0.0,,0.0
130,20,4.00,6,13.87,19.34,19.48,0.0,0.00,0.0,0.0,,0.0
130,21,4.00,6,13.71,18.73,18.86,0.0,0.00,0.0,0.0,,0.0
130,22,4.00,6,13.33,18.18,18.31,0.0,0.00,0.0,0.0,,0.0
130,23,4.00,6,13.27,17.70,17.83,0.0,0.00,0.0,0.0,,0.0
130,24,4.00,6,13.47,17.31,17.44,0.0,0.00,0.0,-0.0,,0.0
130,1,5.00,6,13.50,16.96,17.09,0.0,0.00,0.0,-0.0,,0.0
130,2,5.00,6,13.26,16.62,16.75,0.0,0.00,0.0,-0.0,,0.0
130,3,5.00,6,13.46,16.35,16.48,0.0,0.00,0.0,-0.0,,0.0
130,4,5.00,6,13.14,16.06,16.18,0.0,0.00,0.0,-0.0,,0.0
130,5,5.00,6,12.62,15.75,15.87,0.0,0.00,0.0,-0.0,,0.0
130,6,5.00,6,12.88,15.52,15.65,0.0,0.00,0.0,-0.0,,0.0
130,7,5.00,6,12.33,15.24,15.37,0.0,0.00,0.0,-0.0,,0.0
130,8,5.00,6,11.47,15.52,18.60,2838.88,0.00,0.0,0.0,,2838.88
130,9,5.00,6,10.84,15.57,18.60,1897.41,0.00,0.0,0.0,,1897.41
130,10,5.00,6,11.32,15.85,18.60,1552.42,0.00,0.0,0.0,,1552.42
130,11,5.00,6,12.13,16.33,18.60,1097.34,0.00,0.0,0.0,,1097.34
130,12,5.00,6,13.02,16.97,18.60,578.98,0.00,0.0,0.0,,578.98
130,13,5.00,6,13.95,17.69,18.60,43.52,0.00,0.0,0.0,,43.52
130,14,5.00,6,14.36,18.34,18.98,0.0,0.00,0.0,0.0,,0.0
130,15,5.00,6,14.26,18.83,19.37,0.0,0.00,0.0,0.0,,0.0
130,16,5.00,6,14.18,19.18,19.67,0.0,0.00,0.0,0.0,,0.0
130,17,5.00,6,14.05,19.45,19.89,0.0,0.00,0.0,0.0,,0.0
130,18,5.00,6,13.62,19.30,19.71,0.0,0.00,0.0,0.0,,0.0
130,19,5.00,6,13.35,18.47,18.87,0.0,0.00,0.0,-0.0,,0.0
130,20,5.00,6,12.48,17.80,18.19,0.0,0.00,0.0,0.0,,0.0
130,21,5.00,6,12.16,17.25,17.60,0.0,0.00,0.0,0.0,,0.0
130,22,5.00,6,11.84,16.74,17.08,0.0,0.00,0.0,-0.0,,0.0
130,23,5.00,6,11.71,16.29,16.61,0.0,0.00,0.0,-0.0,,0.0
130,24,5.00,6,11.38,15.86,16.16,0.0,0.00,0.0,-0.0,,0.0
130,1,6.00,6,11.25,15.47,15.76,0.0,0.00,0.0,-0.0,,0.0
130,2,6.00,6,11.10,15.12,15.39,0.0,0.00,0.0,-0.0,,0.0
130,3,6.00,6,11.18,14.81,15.07,0.0,0.00,0.0,-0.0,,0.0
130,4,6.00,6,10.97,14.52,14.76,0.0,0.00,0.0,-0.0,,0.0
130,5,6.00,6,10.41,14.19,14.43,0.0,0.00,0.0,-0.0,,0.0
130,6,6.00,6,10.02,13.87,14.10,0.0,0.00,0.0,-0.0,,0.0
130,7,6.00,6,9.41,13.53,13.75,0.0,0.00,0.0,-0.0,,0.0
130,8,6.00,6,8.87,13.75,18.60,4457.18,0.00,0.0,0.0,,4457.18
130,9,6.00,6,8.68,13.84,18.60,2978.43,0.00,0.0,0.0,,2978.43
130,10,6.00,6,9.78,14.23,18.60,2489.46,0.00,0.0,0.0,,2489.46
130,11,6.00,6,11.81,14.97,18.60,1782.81,0.00,0.0,0.0,,1782.81
130,12,6.00,6,13.32,15.84,18.60,1083.75,0.00,0.0,0.0,,1083.75
130,13,6.00,6,14.79,16.80,18.60,370.17,0.00,0.0,0.0,,370.17
130,14,6.00,6,15.83,17.72,18.84,0.0,0.00,0.0,0.0,,0.0
130,15,6.00,6,16.27,18.49,19.38,0.0,0.00,0.0,0.0,,0.0
130,16,6.00,6,16.69,19.12,19.90,0.0,0.00,0.0,0.0,,0.0
130,17,6.00,6,16.06,19.51,20.22,0.0,0.00,0.0,0.0,,0.0
130,18,6.00,6,14.24,19.27,19.92,0.0,0.00,0.0,0.0,,0.0
130,19,6.00,6,12.63,18.27,18.90,0.0,0.00,0.0,0.0,,0.0
130,20,6.00,6,11.10,17.45,18.04,0.0,0.00,0.0,0.0,,0.0
130,21,6.00,6,10.28,16.74,17.29,0.0,0.00,0.0,0.0,,0.0
130,22,6.00,6,9.59,16.08,16.60,0.0,0.00,0.0,0.0,,0.0
130,23,6.00,6,8.85,15.44,15.93,0.0,0.00,0.0,0.0,,0.0
130,24,6.00,6,7.99,14.81,15.26,0.0,0.00,0.0,0.0,,0.0
130,1,7.00,6,7.32,14.20,14.62,0.0,0.00,0.0,0.0,,0.0
130,2,7.00,6,6.63,13.60,14.00,0.0,0.00,0.0,0.0,,0.0
130,3,7.00,6,5.85,13.01,13.38,0.0,0.00,0.0,0.0,,0.0
130,4,7.00,6,5.44,12.46,12.82,0.0,0.00,0.0,0.0,,0.0
130,5,7.00,6,4.56,11.89,12.22,0.0,0.00,0.0,0.0,,0.0
130,6,7.00,6,3.74,11.31,11.63,0.0,0.00,0.0,0.0,,0.0
130,7,7.00,6,2.84,10.72,11.03,0.0,0.00,0.0,0.0,,0.0
130,8,7.00,6,1.90,10.49,18.60,7511.54,0.00,281.39,0.0,,7792.93
130,9,7.00,6,3.16,10.55,18.60,5102.9,0.00,129.49,0.0,,5232.389999999999
130,10,7.00,6,4.67,10.92,18.60,4524.85,0.00,1.23,0.0,,4526.08
130,11,7.00,6,6.97,11.65,18.60,3738.29,0.00,0.0,0.0,,3738.29
130,12,7.00,6,9.98,12.74,18.60,2761.34,0.00,0.0,0.0,,2761.34
130,13,7.00,6,12.14,13.90,18.60,1864.1,0.00,0.0,0.0,,1864.1
130,14,7.00,6,13.96,15.05,18.60,1052.95,0.00,0.0,0.0,,1052.95
130,15,7.00,6,15.71,16.18,18.60,304.65,0.00,0.0,0.0,,304.65
130,16,7.00,6,15.31,16.90,18.62,0.0,0.00,0.0,0.0,,0.0
130,17,7.00,6,14.62,17.38,18.83,0.0,0.00,0.0,0.0,,0.0
130,18,7.00,6,13.20,17.31,18.60,2.4,0.00,0.0,0.0,,2.4
130,19,7.00,6,12.10,16.44,17.67,0.0,0.00,0.0,0.0,,0.0
130,20,7.00,6,11.40,15.85,17.00,0.0,0.00,0.0,0.0,,0.0
130,21,7.00,6,10.76,15.33,16.40,0.0,0.00,0.0,0.0,,0.0
130,22,7.00,6,10.17,14.85,15.84,0.0,0.00,0.0,0.0,,0.0
130,23,7.00,6,9.88,14.42,15.33,0.0,0.00,0.0,0.0,,0.0
130,24,7.00,6,9.43,13.99,14.85,0.0,0.00,0.0,0.0,,0.0
130,1,1.00,6,8.94,13.58,14.37,0.0,0.00,0.0,0.0,,0.0
130,2,1.00,6,8.58,13.19,13.93,0.0,0.00,0.0,0.0,,0.0
130,3,1.00,6,8.07,12.80,13.49,0.0,0.00,0.0,0.0,,0.0
130,4,1.00,6,7.73,12.43,13.07,0.0,0.00,0.0,-0.0,,0.0
130,5,1.00,6,6.91,12.01,12.62,0.0,0.00,0.0,-0.0,,0.0
130,6,1.00,6,6.39,11.62,12.18,0.0,0.00,0.0,-0.0,,0.0
130,7,1.00,6,5.59,11.19,11.72,0.0,0.00,0.0,-0.0,,0.0
130,8,1.00,6,4.85,11.23,18.60,6606.5,0.00,0.0,0.0,,6606.5
130,9,1.00,6,4.49,11.20,18.60,4593.79,0.00,0.0,0.0,,4593.79
130,10,1.00,6,6.67,11.68,18.60,3918.94,0.00,0.0,0.0,,3918.94
130,11,1.00,6,9.50,12.56,18.60,3045.25,0.00,0.0,0.0,,3045.25
130,12,1.00,6,12.48,13.74,18.60,2052.78,0.00,0.0,0.0,,2052.78
130,13,1.00,6,14.65,14.99,18.60,1134.4,0.00,0.0,0.0,,1134.4
130,14,1.00,6,16.15,16.16,18.60,356.74,0.00,0.0,0.0,,356.74
130,15,1.00,6,15.59,16.94,18.63,0.0,0.00,0.0,0.0,,0.0
130,16,1.00,6,15.11,17.50,18.91,0.0,0.00,0.0,0.0,,0.0
130,17,1.00,6,14.55,17.91,19.16,0.0,0.00,0.0,0.0,,0.0
130,18,1.00,6,13.44,17.80,18.94,0.0,0.00,0.0,0.0,,0.0
130,19,1.00,6,12.04,16.87,17.97,0.0,0.00,0.0,0.0,,0.0
130,20,1.00,6,11.04,16.19,17.22,0.0,0.00,0.0,0.0,,0.0
130,21,1.00,6,10.66,15.63,16.59,0.0,0.00,0.0,0.0,,0.0
130,22,1.00,6,10.31,15.13,16.03,0.0,0.00,0.0,0.0,,0.0
130,23,1.00,6,10.05,14.68,15.51,0.0,0.00,0.0,0.0,,0.0
130,24,1.00,6,9.92,14.28,15.05,0.0,0.00,0.0,0.0,,0.0
130,1,2.00,6,9.84,13.91,14.64,0.0,0.00,0.0,0.0,,0.0
130,2,2.00,6,9.64,13.57,14.25,0.0,0.00,0.0,0.0,,0.0
130,3,2.00,6,9.26,13.23,13.87,0.0,0.00,0.0,-0.0,,0.0
130,4,2.00,6,9.23,12.94,13.53,0.0,0.00,0.0,-0.0,,0.0
130,5,2.00,6,8.36,12.57,13.14,0.0,0.00,0.0,-0.0,,0.0
130,6,2.00,6,8.56,12.30,12.83,0.0,0.00,0.0,-0.0,,0.0
130,7,2.00,6,8.02,11.99,12.50,0.0,0.00,0.0,-0.0,,0.0
130,8,2.00,6,6.98,12.16,18.60,5739.27,0.00,0.0,0.0,,5739.27
130,9,2.00,6,6.51,12.19,18.60,3938.93,0.00,0.0,0.0,,3938.93
130,10,2.00,6,5.94,12.27,18.60,3691.83,0.00,0.0,0.0,,3691.83
130,11,2.00,6,7.13,12.71,18.60,3146.45,0.00,0.0,0.0,,3146.45
130,12,2.00,6,8.96,13.45,18.60,2450.2,0.00,0.0,0.0,,2450.2
130,13,2.00,6,11.05,14.39,18.60,1678.67,0.00,0.0,0.0,,1678.67
130,14,2.00,6,12.43,15.30,18.60,1040.27,0.00,0.0,0.0,,1040.27
130,15,2.00,6,13.21,16.09,18.60,542.37,0.00,0.0,0.0,,542.37
130,16,2.00,6,14.17,16.81,18.60,111.37,0.00,0.0,0.0,,111.37
130,17,2.00,6,14.13,17.32,18.73,0.0,0.00,0.0,0.0,,0.0
130,18,2.00,6,13.19,17.29,18.60,68.93,0.00,0.0,-127.36,,-58.42999999999999
130,19,2.00,6,12.67,16.49,17.70,0.0,0.00,0.0,-0.0,,0.0
130,20,2.00,6,12.27,15.97,17.08,0.0,0.00,0.0,-0.0,,0.0
130,21,2.00,6,12.24,15.57,16.60,0.0,0.00,0.0,-0.0,,0.0
130,22,2.00,6,11.99,15.21,16.17,0.0,0.00,0.0,-0.0,,0.0
130,23,2.00,6,12.07,14.91,15.80,0.0,0.00,0.0,-0.0,,0.0
130,24,2.00,6,12.00,14.63,15.47,0.0,0.00,0.0,-0.0,,0.0
130,1,3.00,6,12.07,14.40,15.18,0.0,0.00,0.0,-0.0,,0.0
130,2,3.00,6,12.02,14.19,14.92,0.0,0.00,0.0,-0.0,,0.0
130,3,3.00,6,12.71,14.08,14.76,0.0,0.00,0.0,-0.0,,0.0
130,4,3.00,6,12.04,13.88,14.52,0.0,0.00,0.0,-0.0,,0.0
130,5,3.00,6,11.36,13.64,14.24,0.0,0.00,0.0,-0.0,,0.0
130,6,3.00,6,11.59,13.48,14.05,0.0,0.00,0.0,-0.0,,0.0
130,7,3.00,6,10.39,13.19,13.73,0.0,0.00,0.0,-0.0,,0.0
130,8,3.00,6,8.99,13.66,14.17,0.0,0.00,0.0,-0.0,,0.0
130,9,3.00,6,9.26,13.93,14.41,0.0,0.00,0.0,-0.0,,0.0
130,10,3.00,6,10.15,14.34,14.80,0.0,0.00,0.0,-0.0,,0.0
130,11,3.00,6,11.80,15.00,15.44,0.0,0.00,0.0,-0.0,,0.0
130,12,3.00,6,13.18,15.81,16.22,0.0,0.00,0.0,-0.0,,0.0
130,13,3.00,6,14.27,16.68,17.08,0.0,0.00,0.0,-0.0,,0.0
130,14,3.00,6,14.91,17.50,17.88,0.0,0.00,0.0,0.0,,0.0
130,15,3.00,6,14.89,18.18,18.54,0.0,0.00,0.0,0.0,,0.0
130,16,3.00,6,15.19,18.74,19.09,0.0,0.00,0.0,0.0,,0.0
130,17,3.00,6,14.78,19.15,19.48,0.0,0.00,0.0,0.0,,0.0
130,18,3.00,6,13.44,19.03,19.35,0.0,0.00,0.0,-0.0,,0.0
130,19,3.00,6,12.35,17.81,18.12,0.0,0.00,0.0,-0.0,,0.0
130,20,3.00,6,11.53,17.02,17.32,0.0,0.00,0.0,0.0,,0.0
130,21,3.00,6,10.76,16.35,16.64,0.0,0.00,0.0,0.0,,0.0
130,22,3.00,6,9.92,15.72,16.00,0.0,0.00,0.0,0.0,,0.0
130,23,3.00,6,9.21,15.12,15.39,0.0,0.00,0.0,0.0,,0.0
130,24,3.00,6,8.44,14.52,14.79,0.0,0.00,0.0,0.0,,0.0
130,1,4.00,6,7.91,13.96,14.22,0.0,0.00,0.0,0.0,,0.0
130,2,4.00,6,7.19,13.40,13.65,0.0,0.00,0.0,0.0,,0.0
130,3,4.00,6,6.75,12.88,13.13,0.0,0.00,0.0,0.0,,0.0
130,4,4.00,6,5.87,12.33,12.57,0.0,0.00,0.0,-0.0,,0.0
130,5,4.00,6,4.96,11.77,12.00,0.0,0.00,0.0,0.0,,0.0
130,6,4.00,6,4.59,11.26,11.49,0.0,0.00,0.0,0.0,,0.0
130,7,4.00,6,3.78,10.73,10.95,0.0,0.00,0.0,-0.0,,0.0
130,8,4.00,6,3.35,11.09,11.31,0.0,0.00,0.0,-0.0,,0.0
130,9,4.00,6,2.71,11.10,11.32,0.0,0.00,0.0,-0.0,,0.0
130,10,4.00,6,4.97,11.49,11.70,0.0,0.00,0.0,-0.0,,0.0
130,11,4.00,6,7.79,12.21,12.41,0.0,0.00,0.0,-0.0,,0.0
130,12,4.00,6,10.74,13.20,13.41,0.0,0.00,0.0,-0.0,,0.0
130,13,4.00,6,13.39,14.37,14.57,0.0,0.00,0.0,-0.0,,0.0
130,14,4.00,6,15.67,15.57,15.77,0.0,0.00,0.0,0.0,,0.0
130,15,4.00,6,17.68,16.76,16.95,0.0,0.00,0.0,0.0,,0.0
130,16,4.00,6,19.43,17.86,18.06,0.0,0.00,0.0,0.0,,0.0
130,17,4.00,6,20.82,18.90,19.09,0.0,0.00,0.0,0.0,,0.0
130,18,4.00,6,17.97,19.09,19.27,0.0,0.00,0.0,0.0,,0.0
130,19,4.00,6,15.31,18.00,18.18,0.0,0.00,0.0,0.0,,0.0
130,20,4.00,6,12.91,17.19,17.37,0.0,0.00,0.0,0.0,,0.0
130,21,4.00,6,11.26,16.48,16.66,0.0,0.00,0.0,0.0,,0.0
130,22,4.00,6,9.17,15.69,15.87,0.0,0.00,0.0,0.0,,0.0
130,23,4.00,6,7.37,14.88,15.06,0.0,0.00,0.0,0.0,,0.0
130,24,4.00,6,5.47,14.02,14.19,0.0,0.00,0.0,0.0,,0.0
130,1,5.00,6,6.25,13.42,13.59,0.0,0.00,0.0,0.0,,0.0
130,2,5.00,6,5.44,12.78,12.95,0.0,0.00,0.0,0.0,,0.0
130,3,5.00,6,4.79,12.16,12.32,0.0,0.00,0.0,0.0,,0.0
130,4,5.00,6,3.98,11.54,11.70,0.0,0.00,0.0,0.0,,0.0
130,5,5.00,6,2.98,10.89,11.06,0.0,0.00,0.0,0.0,,0.0
130,6,5.00,6,2.38,10.29,10.45,0.0,0.00,0.0,0.0,,0.0
130,7,5.00,6,1.89,9.72,9.88,0.0,0.00,0.0,0.0,,0.0
130,8,5.00,6,1.09,9.51,18.60,8562.92,0.00,293.23,0.0,,8856.15
130,9,5.00,6,2.77,9.66,18.60,5732.66,0.00,41.36,0.0,,5774.0199999999995
130,10,5.00,6,5.31,10.24,18.60,4936.99,0.00,0.0,0.0,,4936.99
130,11,5.00,6,8.82,11.28,18.60,3883.48,0.00,0.0,0.0,,3883.48
130,12,5.00,6,11.88,12.55,18.60,2796.28,0.00,0.0,0.0,,2796.28
130,13,5.00,6,14.61,13.96,18.60,1718.05,0.00,0.0,0.0,,1718.05
130,14,5.00,6,16.99,15.37,18.60,724.86,0.00,0.0,0.0,,724.86
130,15,5.00,6,18.72,16.69,18.72,0.0,0.00,0.0,0.0,,0.0
130,16,5.00,6,20.03,17.85,19.46,0.0,0.00,0.0,0.0,,0.0
130,17,5.00,6,19.10,18.57,19.98,0.0,0.00,0.0,0.0,,0.0
130,18,5.00,6,16.00,18.42,19.69,0.0,0.00,0.0,0.0,,0.0
130,19,5.00,6,13.42,17.34,18.56,0.0,0.00,0.0,0.0,,0.0
130,20,5.00,6,11.32,16.51,17.66,0.0,0.00,0.0,0.0,,0.0
130,21,5.00,6,9.56,15.74,16.80,0.0,0.00,0.0,0.0,,0.0
130,22,5.00,6,7.87,14.94,15.93,0.0,0.00,0.0,0.0,,0.0
130,23,5.00,6,6.59,14.17,15.08,0.0,0.00,0.0,0.0,,0.0
130,24,5.00,6,5.52,13.41,14.26,0.0,0.00,0.0,0.0,,0.0
130,1,6.00,6,4.29,12.64,13.44,0.0,0.00,0.0,0.0,,0.0
130,2,6.00,6,3.26,11.89,12.63,0.0,0.00,0.0,0.0,,0.0
130,3,6.00,6,2.46,11.17,11.86,0.0,0.00,0.0,0.0,,0.0
130,4,6.00,6,3.04,10.63,11.28,0.0,0.00,0.0,0.0,,0.0
130,5,6.00,6,3.62,10.20,10.81,0.0,0.00,0.0,0.0,,0.0
130,6,6.00,6,4.35,9.88,10.45,0.0,0.00,0.0,0.0,,0.0
130,7,6.00,6,5.09,9.65,10.19,0.0,0.00,0.0,0.0,,0.0
130,8,6.00,6,5.58,10.06,18.60,7721.95,0.00,128.21,0.0,,7850.16
130,9,6.00,6,6.02,10.35,18.60,5043.26,0.00,0.0,0.0,,5043.26
130,10,6.00,6,7.42,10.92,18.60,4349.02,0.00,0.0,0.0,,4349.02
130,11,6.00,6,10.12,11.89,18.60,3393.7,0.00,0.0,0.0,,3393.7
130,12,6.00,6,13.22,13.19,18.60,2306.1,0.00,0.0,0.0,,2306.1
130,13,6.00,6,15.23,14.50,18.60,1347.85,0.00,0.0,0.0,,1347.85
130,14,6.00,6,16.42,15.69,18.60,567.45,0.00,0.0,0.0,,567.45
130,15,6.00,6,17.02,16.70,18.64,0.0,0.00,0.0,0.0,,0.0
130,16,6.00,6,16.16,17.33,18.91,0.0,0.00,0.0,0.0,,0.0
130,17,6.00,6,15.36,17.77,19.17,0.0,0.00,0.0,0.0,,0.0
130,18,6.00,6,12.97,17.50,18.78,0.0,0.00,0.0,0.0,,0.0
130,19,6.00,6,10.90,16.44,17.67,0.0,0.00,0.0,0.0,,0.0
130,20,6.00,6,9.52,15.63,16.78,0.0,0.00,0.0,0.0,,0.0
130,21,6.00,6,7.96,14.85,15.92,0.0,0.00,0.0,0.0,,0.0
130,22,6.00,6,6.80,14.09,15.09,0.0,0.00,0.0,0.0,,0.0
130,23,6.00,6,5.61,13.34,14.27,0.0,0.00,0.0,0.0,,0.0
130,24,6.00,6,4.78,12.62,13.49,0.0,0.00,0.0,0.0,,0.0
130,1,7.00,6,3.86,11.91,12.72,0.0,0.00,0.0,0.0,,0.0
130,2,7.00,6,3.09,11.23,11.99,0.0,0.00,0.0,0.0,,0.0
130,3,7.00,6,2.44,10.58,11.29,0.0,0.00,0.0,0.0,,0.0
130,4,7.00,6,3.01,10.10,10.76,0.0,0.00,0.0,0.0,,0.0
130,5,7.00,6,3.71,9.73,10.36,0.0,0.00,0.0,0.0,,0.0
130,6,7.00,6,4.27,9.44,10.03,0.0,0.00,0.0,0.0,,0.0
130,7,7.00,6,4.94,9.23,9.79,0.0,0.00,0.0,0.0,,0.0
130,8,7.00,6,5.08,9.62,18.60,8127.53,0.00,224.45,0.0,,8351.98
130,9,7.00,6,6.26,10.03,18.60,5208.13,0.00,0.0,0.0,,5208.13
130,10,7.00,6,7.74,10.67,18.60,4466.35,0.00,0.0,0.0,,4466.35
130,11,7.00,6,9.52,11.54,18.60,3623.79,0.00,0.0,0.0,,3623.79
130,12,7.00,6,11.50,12.61,18.60,2708.48,0.00,0.0,0.0,,2708.48
130,13,7.00,6,13.35,13.79,18.60,1805.42,0.00,0.0,0.0,,1805.42
130,14,7.00,6,14.40,14.87,18.60,1082.35,0.00,0.0,0.0,,1082.35
130,15,7.00,6,13.80,15.60,18.60,701.08,0.00,0.0,0.0,,701.08
130,16,7.00,6,13.12,16.09,18.60,481.7,0.00,0.0,0.0,,481.7
130,17,7.00,6,11.91,16.34,18.60,434.64,0.00,0.0,0.0,,434.64
130,18,7.00,6,10.83,16.15,18.60,744.3,0.00,0.0,0.0,,744.3
130,19,7.00,6,9.05,15.15,16.93,0.0,0.00,0.0,0.0,,0.0
130,20,7.00,6,8.73,14.47,15.98,0.0,0.00,0.0,0.0,,0.0
130,21,7.00,6,8.34,13.89,15.24,0.0,0.00,0.0,0.0,,0.0
130,22,7.00,6,8.04,13.37,14.61,0.0,0.00,0.0,0.0,,0.0
130,23,7.00,6,8.75,13.01,14.16,0.0,0.00,0.0,0.0,,0.0
130,24,7.00,6,8.95,12.69,13.76,0.0,0.00,0.0,-0.0,,0.0
130,1,1.00,6,8.94,12.40,13.39,0.0,0.00,0.0,-0.0,,0.0
130,2,1.00,6,8.91,12.13,13.06,0.0,0.00,0.0,-0.0,,0.0
130,3,1.00,6,8.38,11.83,12.70,0.0,0.00,0.0,-0.0,,0.0
130,4,1.00,6,8.32,11.58,12.39,0.0,0.00,0.0,-0.0,,0.0
130,5,1.00,6,8.39,11.36,12.12,0.0,0.00,0.0,-0.0,,0.0
130,6,1.00,6,8.60,11.19,11.90,0.0,0.00,0.0,-0.0,,0.0
130,7,1.00,6,8.89,11.06,11.73,0.0,0.00,0.0,-0.0,,0.0
130,8,1.00,6,8.99,11.63,18.60,6101.29,0.00,0.0,0.0,,6101.29
130,9,1.00,6,8.84,11.93,18.60,3934.79,0.00,0.0,0.0,,3934.79
130,10,1.00,6,9.25,12.37,18.60,3423.03,0.00,0.0,0.0,,3423.03
130,11,1.00,6,10.97,13.13,18.60,2675.08,0.00,0.0,0.0,,2675.08
130,12,1.00,6,11.51,13.90,18.60,2063.21,0.00,0.0,0.0,,2063.21
130,13,1.00,6,11.62,14.62,18.60,1537.6,0.00,0.0,0.0,,1537.6
130,14,1.00,6,12.52,15.40,18.60,976.49,0.00,0.0,0.0,,976.49
130,15,1.00,6,12.96,16.08,18.60,557.6,0.00,0.0,0.0,,557.6
130,16,1.00,6,13.08,16.59,18.60,292.53,0.00,0.0,0.0,,292.53
130,17,1.00,6,13.23,17.02,18.60,70.7,0.00,0.0,0.0,,70.7
130,18,1.00,6,11.81,16.84,18.60,426.03,0.00,0.0,0.0,,426.03
130,19,1.00,6,10.89,15.93,17.33,0.0,0.00,0.0,0.0,,0.0
130,20,1.00,6,9.21,15.15,16.38,0.0,0.00,0.0,0.0,,0.0
130,21,1.00,6,7.83,14.41,15.53,0.0,0.00,0.0,0.0,,0.0
130,22,1.00,6,6.30,13.64,14.68,0.0,0.00,0.0,0.0,,0.0
130,23,1.00,6,5.12,12.89,13.85,0.0,0.00,0.0,0.0,,0.0
130,24,1.00,6,3.47,12.08,12.98,0.0,0.00,0.0,0.0,,0.0
130,1,2.00,6,3.18,11.39,12.23,0.0,0.00,0.0,0.0,,0.0
130,2,2.00,6,2.73,10.74,11.53,0.0,0.00,0.0,0.0,,0.0
130,3,2.00,6,2.46,10.15,10.90,0.0,0.00,0.0,0.0,,0.0
130,4,2.00,6,2.42,9.63,10.34,0.0,0.00,0.0,0.0,,0.0
130,5,2.00,6,2.17,9.14,9.81,0.0,0.00,0.0,0.0,,0.0
130,6,2.00,6,2.20,8.72,9.34,0.0,0.00,0.0,0.0,,0.0
130,7,2.00,6,3.11,8.44,9.04,0.0,0.00,0.0,-0.0,,0.0
130,8,2.00,6,3.39,8.74,18.60,8940.25,0.00,228.7,0.0,,9168.95
130,9,2.00,6,4.50,9.08,18.60,5833.6,0.00,0.0,0.0,,5833.6
130,10,2.00,6,6.22,9.70,18.60,5057.25,0.00,0.0,0.0,,5057.25
130,11,2.00,6,8.33,10.60,18.60,4158.45,0.00,0.0,0.0,,4158.45
130,12,2.00,6,10.44,11.70,18.60,3209.48,0.00,0.0,0.0,,3209.48
130,13,2.00,6,11.82,12.81,18.60,2363.21,0.00,0.0,0.0,,2363.21
130,14,2.00,6,13.36,13.93,18.60,1562.04,0.00,0.0,0.0,,1562.04
130,15,2.00,6,14.18,14.91,18.60,943.47,0.00,0.0,0.0,,943.47
130,16,2.00,6,13.80,15.56,18.60,626.34,0.00,0.0,0.0,,626.34
130,17,2.00,6,13.44,16.06,18.60,388.75,0.00,0.0,0.0,,388.75
130,18,2.00,6,12.06,15.99,18.60,674.52,0.00,0.0,0.0,,674.52
130,19,2.00,6,10.75,15.08,17.06,0.0,0.00,0.0,0.0,,0.0
130,20,2.00,6,8.79,14.31,16.02,0.0,0.00,0.0,0.0,,0.0
130,21,2.00,6,7.97,13.67,15.21,0.0,0.00,0.0,0.0,,0.0
130,22,2.00,6,6.85,13.03,14.44,0.0,0.00,0.0,0.0,,0.0
130,23,2.00,6,6.61,12.48,13.79,0.0,0.00,0.0,0.0,,0.0
130,24,2.00,6,6.01,11.94,13.16,0.0,0.00,0.0,0.0,,0.0
130,1,3.00,6,5.04,11.37,12.51,0.0,0.00,0.0,0.0,,0.0
130,2,3.00,6,4.37,10.82,11.88,0.0,0.00,0.0,0.0,,0.0
130,3,3.00,6,3.91,10.31,11.30,0.0,0.00,0.0,0.0,,0.0
130,4,3.00,6,3.85,9.86,10.79,0.0,0.00,0.0,0.0,,0.0
130,5,3.00,6,2.71,9.34,10.21,0.0,0.00,0.0,0.0,,0.0
130,6,3.00,6,1.98,8.82,9.64,0.0,0.00,0.0,0.0,,0.0
130,7,3.00,6,2.92,8.50,9.28,0.0,0.00,0.0,0.0,,0.0
130,8,3.00,6,3.41,9.11,9.83,0.0,0.00,0.0,-0.0,,0.0
130,9,3.00,6,4.07,9.45,10.14,0.0,0.00,0.0,-0.0,,0.0
130,10,3.00,6,5.78,10.00,10.66,0.0,0.00,0.0,-0.0,,0.0
130,11,3.00,6,8.39,10.87,11.48,0.0,0.00,0.0,-0.0,,0.0
130,12,3.00,6,10.01,11.84,12.43,0.0,0.00,0.0,-0.0,,0.0
130,13,3.00,6,11.43,12.89,13.45,0.0,0.00,0.0,-0.0,,0.0
130,14,3.00,6,12.40,13.89,14.42,0.0,0.00,0.0,-0.0,,0.0
130,15,3.00,6,12.96,14.77,15.28,0.0,0.00,0.0,-0.0,,0.0
130,16,3.00,6,12.71,15.43,15.92,0.0,0.00,0.0,-0.0,,0.0
130,17,3.00,6,11.96,15.91,16.37,0.0,0.00,0.0,-0.0,,0.0
130,18,3.00,6,11.64,15.98,16.43,0.0,0.00,0.0,-0.0,,0.0
130,19,3.00,6,10.30,14.86,15.30,0.0,0.00,0.0,0.0,,0.0
130,20,3.00,6,9.71,14.20,14.62,0.0,0.00,0.0,0.0,,0.0
130,21,3.00,6,9.56,13.71,14.11,0.0,0.00,0.0,0.0,,0.0
130,22,3.00,6,9.06,13.25,13.64,0.0,0.00,0.0,-0.0,,0.0
130,23,3.00,6,8.73,12.83,13.21,0.0,0.00,0.0,-0.0,,0.0
130,24,3.00,6,8.15,12.41,12.78,0.0,0.00,0.0,-0.0,,0.0
130,1,4.00,6,7.85,12.02,12.38,0.0,0.00,0.0,-0.0,,0.0
130,2,4.00,6,7.93,11.70,12.05,0.0,0.00,0.0,-0.0,,0.0
130,3,4.00,6,7.86,11.41,11.74,0.0,0.00,0.0,-0.0,,0.0
130,4,4.00,6,8.06,11.17,11.50,0.0,0.00,0.0,-0.0,,0.0
130,5,4.00,6,8.00,10.95,11.27,0.0,0.00,0.0,-0.0,,0.0
130,6,4.00,6,8.01,10.75,11.06,0.0,0.00,0.0,-0.0,,0.0
130,7,4.00,6,8.60,10.64,10.94,0.0,0.00,0.0,-0.0,,0.0
130,8,4.00,6,8.58,11.37,11.67,0.0,0.00,0.0,-0.0,,0.0
130,9,4.00,6,7.97,11.70,12.00,0.0,0.00,0.0,-0.0,,0.0
130,10,4.00,6,7.88,12.08,12.37,0.0,0.00,0.0,-0.0,,0.0
130,11,4.00,6,7.31,12.49,12.76,0.0,0.00,0.0,-0.0,,0.0
130,12,4.00,6,7.93,13.06,13.33,0.0,0.00,0.0,-0.0,,0.0
130,13,4.00,6,8.30,13.68,13.95,0.0,0.00,0.0,-0.0,,0.0
130,14,4.00,6,8.80,14.29,14.56,0.0,0.00,0.0,-0.0,,0.0
130,15,4.00,6,8.99,14.82,15.08,0.0,0.00,0.0,-0.0,,0.0
130,16,4.00,6,8.96,15.20,15.46,0.0,0.00,0.0,-0.0,,0.0
130,17,4.00,6,8.81,15.49,15.74,0.0,0.00,0.0,-0.0,,0.0
130,18,4.00,6,8.87,15.43,15.67,0.0,0.00,0.0,-0.0,,0.0
130,19,4.00,6,8.47,14.28,14.53,0.0,0.00,0.0,-0.0,,0.0
130,20,4.00,6,7.61,13.52,13.76,0.0,0.00,0.0,0.0,,0.0
130,21,4.00,6,6.59,12.85,13.08,0.0,0.00,0.0,-0.0,,0.0
130,22,4.00,6,5.47,12.18,12.42,0.0,0.00,0.0,-0.0,,0.0
130,23,4.00,6,4.29,11.50,11.74,0.0,0.00,0.0,-0.0,,0.0
130,24,4.00,6,3.44,10.85,11.08,0.0,0.00,0.0,-0.0,,0.0
130,1,5.00,6,2.44,10.19,10.42,0.0,0.00,0.0,-0.0,,0.0
130,2,5.00,6,2.81,9.69,9.91,0.0,0.00,0.0,-0.0,,0.0
130,3,5.00,6,2.98,9.25,9.48,0.0,0.00,0.0,-0.0,,0.0
130,4,5.00,6,3.25,8.89,9.11,0.0,0.00,0.0,-0.0,,0.0
130,5,5.00,6,3.40,8.57,8.79,0.0,0.00,0.0,-0.0,,0.0
130,6,5.00,6,3.73,8.31,8.53,0.0,0.00,0.0,-0.0,,0.0
130,7,5.00,6,4.81,8.20,8.41,0.0,0.00,0.0,-0.0,,0.0
130,8,5.00,6,5.40,8.77,18.60,9231.11,0.00,202.68,0.0,,9433.79
130,9,5.00,6,4.84,9.00,18.60,6110.06,0.00,17.93,0.0,,6127.990000000001
130,10,5.00,6,5.08,9.37,18.60,5514.61,0.00,0.0,0.0,,5514.61
130,11,5.00,6,5.07,9.82,18.60,4953.61,0.00,0.0,0.0,,4953.61
130,12,5.00,6,6.84,10.62,18.60,4122.62,0.00,0.0,0.0,,4122.62
130,13,5.00,6,6.76,11.28,18.60,3581.66,0.00,0.0,0.0,,3581.66
130,14,5.00,6,7.60,11.99,18.60,2989.45,0.00,0.0,0.0,,2989.45
130,15,5.00,6,8.16,12.63,18.60,2521.1,0.00,0.0,0.0,,2521.1
130,16,5.00,6,8.65,13.17,18.60,2165.17,0.00,0.0,0.0,,2165.17
130,17,5.00,6,9.47,13.70,18.60,1801.22,0.00,0.0,0.0,,1801.22
130,18,5.00,6,8.75,13.67,18.60,1997.08,0.00,0.0,0.0,,1997.08
130,19,5.00,6,8.41,12.92,15.93,0.0,0.00,0.0,0.0,,0.0
130,20,5.00,6,8.23,12.42,14.76,0.0,0.00,0.0,0.0,,0.0
130,21,5.00,6,7.49,11.95,13.97,0.0,0.00,0.0,0.0,,0.0
130,22,5.00,6,7.07,11.52,13.35,0.0,0.00,0.0,0.0,,0.0
130,23,5.00,6,6.67,11.11,12.79,0.0,0.00,0.0,-0.0,,0.0
130,24,5.00,6,6.13,10.70,12.25,0.0,0.00,0.0,-0.0,,0.0
130,1,6.00,6,5.51,10.29,11.72,0.0,0.00,0.0,-0.0,,0.0
130,2,6.00,6,4.92,9.88,11.21,0.0,0.00,0.0,-0.0,,0.0
130,3,6.00,6,4.42,9.48,10.71,0.0,0.00,0.0,-0.0,,0.0
130,4,6.00,6,3.88,9.08,10.23,0.0,0.00,0.0,-0.0,,0.0
130,5,6.00,6,3.24,8.67,9.74,0.0,0.00,0.0,-0.0,,0.0
130,6,6.00,6,2.43,8.23,9.23,0.0,0.00,0.0,-0.0,,0.0
130,7,6.00,6,2.11,7.83,8.77,0.0,0.00,0.0,-0.0,,0.0
130,8,6.00,6,1.40,7.89,18.60,9468.64,0.00,488.08,0.0,,9956.72
130,9,6.00,6,2.57,8.11,18.60,6333.98,0.00,188.91,0.0,,6522.889999999999
130,10,6.00,6,4.65,8.71,18.60,5548.41,0.00,0.0,0.0,,5548.41
130,11,6.00,6,8.14,9.79,18.60,4459.23,0.00,0.0,0.0,,4459.23
130,12,6.00,6,11.49,11.16,18.60,3299.19,0.00,0.0,0.0,,3299.19
130,13,6.00,6,13.85,12.57,18.60,2246.19,0.00,0.0,0.0,,2246.19
130,14,6.00,6,16.78,14.10,18.60,1148.49,0.00,0.0,0.0,,1148.49
130,15,6.00,6,17.68,15.35,18.60,411.61,0.00,0.0,0.0,,411.61
130,16,6.00,6,18.88,16.48,18.86,0.0,0.00,0.0,0.0,,0.0
130,17,6.00,6,18.43,17.28,19.31,0.0,0.00,0.0,0.0,,0.0
130,18,6.00,6,15.16,17.14,18.96,0.0,0.00,0.0,0.0,,0.0
130,19,6.00,6,13.65,16.18,17.93,0.0,0.00,0.0,0.0,,0.0
130,20,6.00,6,12.59,15.56,17.20,0.0,0.00,0.0,0.0,,0.0
130,21,6.00,6,11.23,14.98,16.50,0.0,0.00,0.0,0.0,,0.0
130,22,6.00,6,10.01,14.40,15.81,0.0,0.00,0.0,0.0,,0.0
130,23,6.00,6,9.24,13.85,15.17,0.0,0.00,0.0,0.0,,0.0
130,24,6.00,6,9.05,13.38,14.61,0.0,0.00,0.0,0.0,,0.0
130,1,7.00,6,8.51,12.91,14.06,0.0,0.00,0.0,0.0,,0.0
130,2,7.00,6,7.92,12.45,13.52,0.0,0.00,0.0,0.0,,0.0
130,3,7.00,6,7.36,12.00,13.01,0.0,0.00,0.0,-0.0,,0.0
130,4,7.00,6,6.76,11.55,12.49,0.0,0.00,0.0,-0.0,,0.0
130,5,7.00,6,6.37,11.13,12.02,0.0,0.00,0.0,-0.0,,0.0
130,6,7.00,6,6.00,10.73,11.56,0.0,0.00,0.0,-0.0,,0.0
130,7,7.00,6,5.52,10.33,11.12,0.0,0.00,0.0,-0.0,,0.0
130,8,7.00,6,4.35,10.35,18.60,7225.91,0.00,119.95,0.0,,7345.86
130,9,7.00,6,3.87,10.28,18.60,5063.59,0.00,76.41,0.0,,5140.0
130,10,7.00,6,5.73,10.69,18.60,4434.86,0.00,0.0,0.0,,4434.86
130,11,7.00,6,8.50,11.52,18.60,3576.8,0.00,0.0,0.0,,3576.8
130,12,7.00,6,11.31,12.64,18.60,2618.85,0.00,0.0,0.0,,2618.85
130,13,7.00,6,12.88,13.74,18.60,1806.32,0.00,0.0,0.0,,1806.32
130,14,7.00,6,14.58,14.85,18.60,1022.31,0.00,0.0,0.0,,1022.31
130,15,7.00,6,15.26,15.79,18.60,456.27,0.00,0.0,0.0,,456.27
130,16,7.00,6,15.05,16.45,18.60,140.5,0.00,0.0,0.0,,140.5
130,17,7.00,6,15.02,17.00,18.73,0.0,0.00,0.0,0.0,,0.0
130,18,7.00,6,12.32,16.72,18.60,332.16,0.00,0.0,0.0,,332.16
130,19,7.00,6,11.01,15.73,17.33,0.0,0.00,0.0,0.0,,0.0
130,20,7.00,6,10.29,15.05,16.49,0.0,0.00,0.0,0.0,,0.0
130,21,7.00,6,9.95,14.49,15.82,0.0,0.00,0.0,0.0,,0.0
130,22,7.00,6,8.86,13.90,15.13,0.0,0.00,0.0,0.0,,0.0
130,23,7.00,6,8.03,13.33,14.47,0.0,0.00,0.0,0.0,,0.0
130,24,7.00,6,7.84,12.83,13.91,0.0,0.00,0.0,-0.0,,0.0
130,1,1.00,6,7.86,12.41,13.41,0.0,0.00,0.0,-0.0,,0.0
130,2,1.00,6,7.72,12.01,12.96,0.0,0.00,0.0,-0.0,,0.0
130,3,1.00,6,7.44,11.64,12.52,0.0,0.00,0.0,-0.0,,0.0
130,4,1.00,6,7.39,11.30,12.14,0.0,0.00,0.0,-0.0,,0.0
130,5,1.00,6,7.53,11.02,11.82,0.0,0.00,0.0,-0.0,,0.0
130,6,1.00,6,7.15,10.73,11.47,0.0,0.00,0.0,-0.0,,0.0
130,7,1.00,6,6.70,10.42,11.13,0.0,0.00,0.0,-0.0,,0.0
130,8,1.00,6,7.19,10.85,18.60,6815.09,0.00,0.0,0.0,,6815.09
130,9,1.00,6,8.05,11.22,18.60,4356.61,0.00,0.0,0.0,,4356.61
130,10,1.00,6,8.22,11.61,18.60,3879.21,0.00,0.0,0.0,,3879.21
130,11,1.00,6,8.94,12.19,18.60,3285.06,0.00,0.0,0.0,,3285.06
130,12,1.00,6,9.52,12.86,18.60,2692.61,0.00,0.0,0.0,,2692.61
130,13,1.00,6,10.81,13.70,18.60,2005.88,0.00,0.0,0.0,,2005.88
130,14,1.00,6,12.34,14.61,18.60,1334.99,0.00,0.0,0.0,,1334.99
130,15,1.00,6,12.73,15.34,18.60,892.73,0.00,0.0,0.0,,892.73
130,16,1.00,6,12.02,15.75,18.60,728.69,0.00,0.0,0.0,,728.69
130,17,1.00,6,10.86,15.93,18.60,712.95,0.00,0.0,0.0,,712.95
130,18,1.00,6,9.82,15.68,18.60,1045.77,0.00,0.0,0.0,,1045.77
130,19,1.00,6,8.93,14.76,16.73,0.0,0.00,0.0,0.0,,0.0
130,20,1.00,6,8.60,14.09,15.72,0.0,0.00,0.0,0.0,,0.0
130,21,1.00,6,7.91,13.48,14.93,0.0,0.00,0.0,0.0,,0.0
130,22,1.00,6,7.86,12.97,14.30,0.0,0.00,0.0,0.0,,0.0
130,23,1.00,6,7.74,12.51,13.75,0.0,0.00,0.0,-0.0,,0.0
130,24,1.00,6,7.82,12.12,13.27,0.0,0.00,0.0,-0.0,,0.0
130,1,2.00,6,7.64,11.74,12.82,0.0,0.00,0.0,-0.0,,0.0
130,2,2.00,6,7.49,11.40,12.41,0.0,0.00,0.0,-0.0,,0.0
130,3,2.00,6,6.19,10.95,11.90,0.0,0.00,0.0,-0.0,,0.0
130,4,2.00,6,6.41,10.61,11.51,0.0,0.00,0.0,-0.0,,0.0
130,5,2.00,6,6.40,10.32,11.16,0.0,0.00,0.0,-0.0,,0.0
130,6,2.00,6,6.50,10.06,10.85,0.0,0.00,0.0,-0.0,,0.0
130,7,2.00,6,6.90,9.87,10.62,0.0,0.00,0.0,-0.0,,0.0
130,8,2.00,6,6.65,10.29,18.60,7314.96,0.00,0.0,0.0,,7314.96
130,9,2.00,6,6.37,10.48,18.60,4872.1,0.00,0.0,0.0,,4872.1
130,10,2.00,6,6.55,10.80,18.60,4400.43,0.00,0.0,0.0,,4400.43
130,11,2.00,6,6.99,11.28,18.60,3862.4,0.00,0.0,0.0,,3862.4
130,12,2.00,6,7.88,11.93,18.60,3238.35,0.00,0.0,0.0,,3238.35
130,13,2.00,6,7.74,12.50,18.60,2783.42,0.00,0.0,0.0,,2783.42
130,14,2.00,6,8.24,13.09,18.60,2318.08,0.00,0.0,0.0,,2318.08
130,15,2.00,6,8.23,13.56,18.60,2008.22,0.00,0.0,0.0,,2008.22
130,16,2.00,6,8.29,13.91,18.60,1795.8,0.00,0.0,0.0,,1795.8
130,17,2.00,6,8.23,14.18,18.60,1647.17,0.00,0.0,0.0,,1647.17
130,18,2.00,6,7.69,14.01,18.60,1903.46,0.00,0.0,0.0,,1903.46
130,19,2.00,6,7.81,13.24,16.06,0.0,0.00,0.0,0.0,,0.0
130,20,2.00,6,6.88,12.59,14.79,0.0,0.00,0.0,0.0,,0.0
130,21,2.00,6,6.06,11.99,13.90,0.0,0.00,0.0,0.0,,0.0
130,22,2.00,6,5.74,11.46,13.19,0.0,0.00,0.0,0.0,,0.0
130,23,2.00,6,5.77,11.01,12.61,0.0,0.00,0.0,-0.0,,0.0
130,24,2.00,6,5.18,10.54,12.02,0.0,0.00,0.0,-0.0,,0.0
130,1,3.00,6,4.27,10.03,11.41,0.0,0.00,0.0,-0.0,,0.0
130,2,3.00,6,2.98,9.47,10.75,0.0,0.00,0.0,-0.0,,0.0
130,3,3.00,6,2.12,8.91,10.12,0.0,0.00,0.0,-0.0,,0.0
130,4,3.00,6,1.39,8.37,9.49,0.0,0.00,0.0,-0.0,,0.0
130,5,3.00,6,0.68,7.83,8.89,0.0,0.00,0.0,-0.0,,0.0
130,6,3.00,6,0.17,7.32,8.31,0.0,0.00,0.0,-0.0,,0.0
130,7,3.00,6,1.38,7.02,7.96,0.0,0.00,0.0,-0.0,,0.0
130,8,3.00,6,2.10,7.66,8.55,0.0,0.00,0.0,-0.0,,0.0
130,9,3.00,6,3.28,8.09,8.93,0.0,0.00,0.0,-0.0,,0.0
130,10,3.00,6,4.76,8.68,9.47,0.0,0.00,0.0,-0.0,,0.0
130,11,3.00,6,7.42,9.57,10.33,0.0,0.00,0.0,-0.0,,0.0
130,12,3.00,6,10.63,10.77,11.48,0.0,0.00,0.0,-0.0,,0.0
130,13,3.00,6,11.51,11.89,12.57,0.0,0.00,0.0,-0.0,,0.0
130,14,3.00,6,13.45,13.08,13.73,0.0,0.00,0.0,-0.0,,0.0
130,15,3.00,6,12.96,13.98,14.60,0.0,0.00,0.0,-0.0,,0.0
130,16,3.00,6,12.99,14.72,15.31,0.0,0.00,0.0,-0.0,,0.0
130,17,3.00,6,12.71,15.31,15.88,0.0,0.00,0.0,-0.0,,0.0
130,18,3.00,6,10.40,15.23,15.78,0.0,0.00,0.0,0.0,,0.0
130,19,3.00,6,8.77,14.02,14.55,0.0,0.00,0.0,0.0,,0.0
130,20,3.00,6,7.94,13.26,13.77,0.0,0.00,0.0,0.0,,0.0
130,21,3.00,6,7.14,12.62,13.12,0.0,0.00,0.0,0.0,,0.0
130,22,3.00,6,6.24,12.01,12.49,0.0,0.00,0.0,0.0,,0.0
130,23,3.00,6,5.64,11.45,11.91,0.0,0.00,0.0,0.0,,0.0
130,24,3.00,6,5.49,10.95,11.40,0.0,0.00,0.0,0.0,,0.0
130,1,4.00,6,4.70,10.44,10.87,0.0,0.00,0.0,0.0,,0.0
130,2,4.00,6,4.21,9.94,10.36,0.0,0.00,0.0,0.0,,0.0
130,3,4.00,6,4.35,9.55,9.96,0.0,0.00,0.0,0.0,,0.0
130,4,4.00,6,4.87,9.25,9.65,0.0,0.00,0.0,-0.0,,0.0
130,5,4.00,6,4.96,8.98,9.37,0.0,0.00,0.0,-0.0,,0.0
130,6,4.00,6,4.97,8.73,9.11,0.0,0.00,0.0,-0.0,,0.0
130,7,4.00,6,5.86,8.61,8.98,0.0,0.00,0.0,-0.0,,0.0
130,8,4.00,6,6.35,9.38,9.75,0.0,0.00,0.0,-0.0,,0.0
130,9,4.00,6,7.28,9.91,10.27,0.0,0.00,0.0,-0.0,,0.0
130,10,4.00,6,7.57,10.45,10.80,0.0,0.00,0.0,-0.0,,0.0
130,11,4.00,6,9.56,11.28,11.62,0.0,0.00,0.0,-0.0,,0.0
130,12,4.00,6,12.33,12.39,12.73,0.0,0.00,0.0,-0.0,,0.0
130,13,4.00,6,13.45,13.49,13.82,0.0,0.00,0.0,-0.0,,0.0
130,14,4.00,6,15.36,14.65,14.97,0.0,0.00,0.0,-0.0,,0.0
130,15,4.00,6,15.30,15.57,15.89,0.0,0.00,0.0,-0.0,,0.0
130,16,4.00,6,15.66,16.36,16.67,0.0,0.00,0.0,-0.0,,0.0
130,17,4.00,6,15.99,17.05,17.36,0.0,0.00,0.0,-0.0,,0.0
130,18,4.00,6,13.57,17.03,17.34,0.0,0.00,0.0,0.0,,0.0
130,19,4.00,6,11.89,15.86,16.17,0.0,0.00,0.0,0.0,,0.0
130,20,4.00,6,10.50,15.08,15.38,0.0,0.00,0.0,0.0,,0.0
130,21,4.00,6,9.31,14.39,14.69,0.0,0.00,0.0,0.0,,0.0
130,22,4.00,6,8.59,13.78,14.07,0.0,0.00,0.0,0.0,,0.0
130,23,4.00,6,7.97,13.20,13.49,0.0,0.00,0.0,0.0,,0.0
130,24,4.00,6,7.80,12.70,12.98,0.0,0.00,0.0,-0.0,,0.0
130,1,5.00,6,7.32,12.21,12.49,0.0,0.00,0.0,-0.0,,0.0
130,2,5.00,6,6.98,11.75,12.03,0.0,0.00,0.0,-0.0,,0.0
130,3,5.00,6,6.46,11.30,11.58,0.0,0.00,0.0,-0.0,,0.0
130,4,5.00,6,5.74,10.83,11.10,0.0,0.00,0.0,-0.0,,0.0
130,5,5.00,6,5.06,10.36,10.63,0.0,0.00,0.0,-0.0,,0.0
130,6,5.00,6,4.53,9.91,10.18,0.0,0.00,0.0,-0.0,,0.0
130,7,5.00,6,4.25,9.49,9.76,0.0,0.00,0.0,-0.0,,0.0
130,8,5.00,6,3.28,9.51,18.60,8473.45,0.00,167.08,0.0,,8640.53
130,9,5.00,6,2.80,9.43,18.60,5886.15,0.00,74.57,0.0,,5960.719999999999
130,10,5.00,6,4.85,9.86,18.60,5169.84,0.00,0.0,0.0,,5169.84
130,11,5.00,6,8.15,10.79,18.60,4174.45,0.00,0.0,0.0,,4174.45
130,12,5.00,6,11.97,12.12,18.60,2998.02,0.00,0.0,0.0,,2998.02
130,13,5.00,6,14.20,13.44,18.60,2000.78,0.00,0.0,0.0,,2000.78
130,14,5.00,6,16.49,14.80,18.60,1034.96,0.00,0.0,0.0,,1034.96
130,15,5.00,6,17.63,15.97,18.60,302.61,0.00,0.0,0.0,,302.61
130,16,5.00,6,18.93,17.04,18.96,0.0,0.00,0.0,-68.43,,-68.43
130,17,5.00,6,20.14,18.06,19.68,0.0,0.00,0.0,0.0,,0.0
130,18,5.00,6,17.03,18.02,19.48,0.0,0.00,0.0,0.0,,0.0
130,19,5.00,6,15.29,17.04,18.44,0.0,0.00,0.0,0.0,,0.0
130,20,5.00,6,14.10,16.42,17.74,0.0,0.00,0.0,0.0,,0.0
130,21,5.00,6,13.60,15.96,17.18,0.0,0.00,0.0,-0.0,,0.0
130,22,5.00,6,12.52,15.46,16.61,0.0,0.00,0.0,-0.0,,0.0
130,23,5.00,6,11.66,14.98,16.04,0.0,0.00,0.0,-0.0,,0.0
130,24,5.00,6,10.61,14.46,15.46,0.0,0.00,0.0,-0.0,,0.0
130,1,6.00,6,9.76,13.94,14.88,0.0,0.00,0.0,-0.0,,0.0
130,2,6.00,6,8.85,13.42,14.29,0.0,0.00,0.0,-0.0,,0.0
130,3,6.00,6,8.07,12.90,13.72,0.0,0.00,0.0,-0.0,,0.0
130,4,6.00,6,7.14,12.36,13.13,0.0,0.00,0.0,-0.0,,0.0
130,5,6.00,6,6.09,11.79,12.52,0.0,0.00,0.0,-0.0,,0.0
130,6,6.00,6,5.00,11.20,11.89,0.0,0.00,0.0,-0.0,,0.0
130,7,6.00,6,4.14,10.61,11.27,0.0,0.00,0.0,-0.0,,0.0
130,8,6.00,6,3.24,10.46,18.60,7235.49,0.00,136.59,0.0,,7372.08
130,9,6.00,6,4.61,10.57,18.60,4885.0,0.00,33.96,0.0,,4918.96
130,10,6.00,6,6.68,11.07,18.60,4226.18,0.00,0.0,0.0,,4226.18
130,11,6.00,6,10.54,12.12,18.60,3184.22,0.00,0.0,0.0,,3184.22
130,12,6.00,6,13.66,13.39,18.60,2137.69,0.00,0.0,0.0,,2137.69
130,13,6.00,6,16.34,14.79,18.60,1103.75,0.00,0.0,0.0,,1103.75
130,14,6.00,6,19.22,16.28,18.60,63.72,0.00,0.0,0.0,,63.72
130,15,6.00,6,20.23,17.51,19.27,0.0,0.00,0.0,0.0,,0.0
130,16,6.00,6,21.29,18.59,20.12,0.0,0.00,0.0,0.0,,0.0
130,17,6.00,6,22.24,19.59,20.97,0.0,0.00,0.0,0.0,,0.0
130,18,6.00,6,18.90,19.52,20.79,0.0,0.00,0.0,0.0,,0.0
130,19,6.00,6,17.44,18.54,19.78,0.0,0.00,0.0,0.0,,0.0
130,20,6.00,6,15.69,17.87,19.03,0.0,0.00,0.0,0.0,,0.0
130,21,6.00,6,14.21,17.25,18.34,0.0,0.00,0.0,0.0,,0.0
130,22,6.00,6,13.22,16.68,17.70,0.0,0.00,0.0,0.0,,0.0
130,23,6.00,6,12.39,16.13,17.09,0.0,0.00,0.0,0.0,,0.0
130,24,6.00,6,11.13,15.53,16.43,0.0,0.00,0.0,-0.0,,0.0
130,1,7.00,6,10.45,14.97,15.82,0.0,0.00,0.0,-0.0,,0.0
130,2,7.00,6,9.51,14.39,15.19,0.0,0.00,0.0,-0.0,,0.0
130,3,7.00,6,8.34,13.78,14.54,0.0,0.00,0.0,-0.0,,0.0
130,4,7.00,6,7.22,13.15,13.87,0.0,0.00,0.0,-0.0,,0.0
130,5,7.00,6,6.43,12.55,13.22,0.0,0.00,0.0,-0.0,,0.0
130,6,7.00,6,5.55,11.94,12.58,0.0,0.00,0.0,0.0,,0.0
130,7,7.00,6,4.95,11.36,11.97,0.0,0.00,0.0,-0.0,,0.0
130,8,7.00,6,3.61,11.13,18.60,6626.53,0.00,58.68,0.0,,6685.21
130,9,7.00,6,4.97,11.20,18.60,4504.47,0.00,0.0,0.0,,4504.47
130,10,7.00,6,7.52,11.74,18.60,3805.81,0.00,0.0,0.0,,3805.81
130,11,7.00,6,11.46,12.82,18.60,2769.08,0.00,0.0,0.0,,2769.08
130,12,7.00,6,14.88,14.15,18.60,1684.76,0.00,0.0,0.0,,1684.76
130,13,7.00,6,17.50,15.57,18.60,660.94,0.00,0.0,0.0,,660.94
130,14,7.00,6,20.34,17.07,18.98,0.0,0.00,0.0,0.0,,0.0
130,15,7.00,6,21.47,18.33,19.87,0.0,0.00,0.0,0.0,,0.0
130,16,7.00,6,22.84,19.49,20.84,0.0,0.00,0.0,0.0,,0.0
130,17,7.00,6,24.42,20.63,21.86,0.0,0.00,0.0,0.0,,0.0
130,18,7.00,6,21.37,20.68,21.82,0.0,0.00,0.0,0.0,,0.0
130,19,7.00,6,19.72,19.71,20.83,0.0,0.00,0.0,0.0,,0.0
130,20,7.00,6,17.60,19.03,20.09,0.0,0.00,0.0,0.0,,0.0
130,21,7.00,6,16.21,18.45,19.44,0.0,0.00,0.0,0.0,,0.0
130,22,7.00,6,14.77,17.85,18.78,0.0,0.00,0.0,0.0,,0.0
130,23,7.00,6,13.48,17.24,18.12,0.0,0.00,0.0,0.0,,0.0
130,24,7.00,6,12.15,16.60,17.43,0.0,0.00,0.0,0.0,,0.0
130,1,1.00,7,11.16,15.98,16.75,0.0,0.00,0.0,0.0,,0.0
130,2,1.00,7,10.02,15.33,16.06,0.0,0.00,0.0,-0.0,,0.0
130,3,1.00,7,8.86,14.67,15.36,0.0,0.00,0.0,-0.0,,0.0
130,4,1.00,7,7.88,14.01,14.67,0.0,0.00,0.0,-0.0,,0.0
130,5,1.00,7,6.98,13.36,13.98,0.0,0.00,0.0,0.0,,0.0
130,6,1.00,7,6.07,12.71,13.31,0.0,0.00,0.0,0.0,,0.0
130,7,1.00,7,5.35,12.08,12.65,0.0,0.00,0.0,0.0,,0.0
130,8,1.00,7,4.18,11.84,18.88,6249.34,0.00,0.0,0.0,,6249.34
130,9,1.00,7,5.82,11.95,18.88,4209.18,0.00,0.0,0.0,,4209.18
130,10,1.00,7,8.63,12.54,18.88,3474.7,0.00,0.0,0.0,,3474.7
130,11,1.00,7,12.48,13.63,18.88,2455.68,0.00,0.0,0.0,,2455.68
130,12,1.00,7,15.50,14.97,18.88,1386.59,0.00,0.0,0.0,,1386.59
130,13,1.00,7,18.09,16.40,18.88,350.37,0.00,0.0,0.0,,350.37
130,14,1.00,7,20.46,17.87,19.54,0.0,0.00,0.0,0.0,,0.0
130,15,1.00,7,21.64,19.11,20.49,0.0,0.00,0.0,0.0,,0.0
130,16,1.00,7,22.71,20.19,21.42,0.0,0.00,0.0,0.0,,0.0
130,17,1.00,7,23.93,21.22,22.35,0.0,0.00,0.0,0.0,,0.0
130,18,1.00,7,20.89,21.20,22.25,0.0,0.00,0.0,0.0,,0.0
130,19,1.00,7,18.70,20.13,21.15,0.0,0.00,0.0,0.0,,0.0
130,20,1.00,7,16.68,19.36,20.33,0.0,0.00,0.0,0.0,,0.0
130,21,1.00,7,14.88,18.64,19.55,0.0,0.00,0.0,0.0,,0.0
130,22,1.00,7,13.37,17.92,18.78,0.0,0.00,0.0,0.0,,0.0
130,23,1.00,7,12.03,17.20,18.01,0.0,0.00,0.0,0.0,,0.0
130,24,1.00,7,10.84,16.48,17.25,0.0,0.00,0.0,0.0,,0.0
130,1,2.00,7,9.90,15.79,16.51,0.0,0.00,0.0,0.0,,0.0
130,2,2.00,7,8.93,15.09,15.78,0.0,0.00,0.0,0.0,,0.0
130,3,2.00,7,8.01,14.41,15.06,0.0,0.00,0.0,0.0,,0.0
130,4,2.00,7,7.03,13.73,14.34,0.0,0.00,0.0,-0.0,,0.0
130,5,2.00,7,6.04,13.04,13.63,0.0,0.00,0.0,0.0,,0.0
130,6,2.00,7,5.27,12.38,12.94,0.0,0.00,0.0,0.0,,0.0
130,7,2.00,7,4.31,11.71,12.25,0.0,0.00,0.0,0.0,,0.0
130,8,2.00,7,3.03,11.38,18.88,6716.37,0.00,0.0,0.0,,6716.37
130,9,2.00,7,3.80,11.30,18.88,4708.19,0.00,0.0,0.0,,4708.19
130,10,2.00,7,5.92,11.68,18.88,4108.57,0.00,0.0,0.0,,4108.57
130,11,2.00,7,8.85,12.48,18.88,3278.77,0.00,0.0,0.0,,3278.77
130,12,2.00,7,11.44,13.56,18.88,2341.82,0.00,0.0,0.0,,2341.82
130,13,2.00,7,13.70,14.76,18.88,1427.87,0.00,0.0,0.0,,1427.87
130,14,2.00,7,15.37,15.93,18.88,625.11,0.00,0.0,0.0,,625.11
130,15,2.00,7,15.85,16.84,18.88,97.95,0.00,0.0,0.0,,97.95
130,16,2.00,7,16.19,17.57,19.17,0.0,0.00,0.0,0.0,,0.0
130,17,2.00,7,16.70,18.24,19.64,0.0,0.00,0.0,0.0,,0.0
130,18,2.00,7,13.80,17.96,19.24,0.0,0.00,0.0,0.0,,0.0
130,19,2.00,7,11.74,16.88,18.12,0.0,0.00,0.0,0.0,,0.0
130,20,2.00,7,10.44,16.06,17.23,0.0,0.00,0.0,0.0,,0.0
130,21,2.00,7,9.48,15.34,16.44,0.0,0.00,0.0,0.0,,0.0
130,22,2.00,7,8.52,14.64,15.67,0.0,0.00,0.0,0.0,,0.0
130,23,2.00,7,7.93,14.00,14.96,0.0,0.00,0.0,0.0,,0.0
130,24,2.00,7,7.53,13.41,14.31,0.0,0.00,0.0,0.0,,0.0
130,1,3.00,7,7.19,12.86,13.71,0.0,0.00,0.0,0.0,,0.0
130,2,3.00,7,7.06,12.37,13.18,0.0,0.00,0.0,0.0,,0.0
130,3,3.00,7,6.86,11.92,12.68,0.0,0.00,0.0,0.0,,0.0
130,4,3.00,7,6.57,11.49,12.21,0.0,0.00,0.0,-0.0,,0.0
130,5,3.00,7,6.25,11.08,11.77,0.0,0.00,0.0,-0.0,,0.0
130,6,3.00,7,5.88,10.69,11.33,0.0,0.00,0.0,-0.0,,0.0
130,7,3.00,7,5.40,10.29,10.91,0.0,0.00,0.0,-0.0,,0.0
130,8,3.00,7,4.54,10.71,11.30,0.0,0.00,0.0,-0.0,,0.0
130,9,3.00,7,4.84,10.92,11.48,0.0,0.00,0.0,-0.0,,0.0
130,10,3.00,7,6.41,11.36,11.90,0.0,0.00,0.0,-0.0,,0.0
130,11,3.00,7,9.23,12.14,12.66,0.0,0.00,0.0,-0.0,,0.0
130,12,3.00,7,11.92,13.23,13.72,0.0,0.00,0.0,-0.0,,0.0
130,13,3.00,7,13.52,14.36,14.84,0.0,0.00,0.0,-0.0,,0.0
130,14,3.00,7,14.87,15.47,15.93,0.0,0.00,0.0,-0.0,,0.0
130,15,3.00,7,15.23,16.40,16.84,0.0,0.00,0.0,-0.0,,0.0
130,16,3.00,7,15.23,17.11,17.54,0.0,0.00,0.0,0.0,,0.0
130,17,3.00,7,15.22,17.72,18.14,0.0,0.00,0.0,0.0,,0.0
130,18,3.00,7,13.05,17.64,18.05,0.0,0.00,0.0,0.0,,0.0
130,19,3.00,7,11.34,16.40,16.79,0.0,0.00,0.0,0.0,,0.0
130,20,3.00,7,10.30,15.58,15.96,0.0,0.00,0.0,0.0,,0.0
130,21,3.00,7,9.81,14.93,15.30,0.0,0.00,0.0,0.0,,0.0
130,22,3.00,7,8.91,14.30,14.66,0.0,0.00,0.0,0.0,,0.0
130,23,3.00,7,8.44,13.72,14.08,0.0,0.00,0.0,0.0,,0.0
130,24,3.00,7,8.02,13.19,13.54,0.0,0.00,0.0,-0.0,,0.0
130,1,4.00,7,7.77,12.71,13.05,0.0,0.00,0.0,-0.0,,0.0
130,2,4.00,7,7.59,12.27,12.60,0.0,0.00,0.0,-0.0,,0.0
130,3,4.00,7,7.46,11.87,12.19,0.0,0.00,0.0,-0.0,,0.0
130,4,4.00,7,7.34,11.50,11.82,0.0,0.00,0.0,-0.0,,0.0
130,5,4.00,7,7.41,11.19,11.51,0.0,0.00,0.0,-0.0,,0.0
130,6,4.00,7,7.27,10.89,11.20,0.0,0.00,0.0,-0.0,,0.0
130,7,4.00,7,7.18,10.62,10.92,0.0,0.00,0.0,-0.0,,0.0
130,8,4.00,7,6.67,11.18,11.48,0.0,0.00,0.0,-0.0,,0.0
130,9,4.00,7,6.36,11.42,11.71,0.0,0.00,0.0,-0.0,,0.0
130,10,4.00,7,7.06,11.81,12.10,0.0,0.00,0.0,-0.0,,0.0
130,11,4.00,7,8.45,12.41,12.70,0.0,0.00,0.0,-0.0,,0.0
130,12,4.00,7,10.04,13.26,13.54,0.0,0.00,0.0,-0.0,,0.0
130,13,4.00,7,10.45,14.09,14.37,0.0,0.00,0.0,-0.0,,0.0
130,14,4.00,7,10.72,14.86,15.13,0.0,0.00,0.0,-0.0,,0.0
130,15,4.00,7,10.79,15.49,15.76,0.0,0.00,0.0,-0.0,,0.0
130,16,4.00,7,10.76,15.95,16.23,0.0,0.00,0.0,-0.0,,0.0
130,17,4.00,7,10.14,16.27,16.54,0.0,0.00,0.0,-0.0,,0.0
130,18,4.00,7,8.66,16.04,16.31,0.0,0.00,0.0,-0.0,,0.0
130,19,4.00,7,7.26,14.67,14.94,0.0,0.00,0.0,0.0,,0.0
130,20,4.00,7,6.48,13.76,14.02,0.0,0.00,0.0,0.0,,0.0
130,21,4.00,7,5.99,13.02,13.28,0.0,0.00,0.0,0.0,,0.0
130,22,4.00,7,5.48,12.35,12.61,0.0,0.00,0.0,0.0,,0.0
130,23,4.00,7,5.16,11.74,12.00,0.0,0.00,0.0,0.0,,0.0
130,24,4.00,7,4.76,11.18,11.43,0.0,0.00,0.0,-0.0,,0.0
130,1,5.00,7,4.68,10.68,10.93,0.0,0.00,0.0,-0.0,,0.0
130,2,5.00,7,4.78,10.25,10.50,0.0,0.00,0.0,-0.0,,0.0
130,3,5.00,7,4.70,9.85,10.10,0.0,0.00,0.0,-0.0,,0.0
130,4,5.00,7,4.76,9.51,9.75,0.0,0.00,0.0,-0.0,,0.0
130,5,5.00,7,4.62,9.18,9.42,0.0,0.00,0.0,-0.0,,0.0
130,6,5.00,7,4.15,8.84,9.08,0.0,0.00,0.0,-0.0,,0.0
130,7,5.00,7,3.68,8.49,8.73,0.0,0.00,0.0,-0.0,,0.0
130,8,5.00,7,3.11,8.66,18.88,9575.1,0.00,321.39,0.0,,9896.49
130,9,5.00,7,2.49,8.67,18.88,6563.08,0.00,109.44,0.0,,6672.5199999999995
130,10,5.00,7,3.82,9.06,18.88,5873.7,0.00,0.0,0.0,,5873.7
130,11,5.00,7,6.39,9.87,18.88,4951.59,0.00,0.0,0.0,,4951.59
130,12,5.00,7,9.03,11.00,18.88,3894.28,0.00,0.0,0.0,,3894.28
130,13,5.00,7,10.75,12.17,18.88,2970.04,0.00,0.0,0.0,,2970.04
130,14,5.00,7,12.20,13.30,18.88,2136.73,0.00,0.0,0.0,,2136.73
130,15,5.00,7,12.63,14.21,18.88,1569.94,0.00,0.0,0.0,,1569.94
130,16,5.00,7,13.31,14.98,18.88,1096.37,0.00,0.0,0.0,,1096.37
130,17,5.00,7,12.45,15.45,18.88,905.53,0.00,0.0,0.0,,905.53
130,18,5.00,7,10.96,15.32,18.88,1216.07,0.00,0.0,0.0,,1216.07
130,19,5.00,7,10.16,14.45,16.86,0.0,0.00,0.0,0.0,,0.0
130,20,5.00,7,9.54,13.84,15.82,0.0,0.00,0.0,0.0,,0.0
130,21,5.00,7,9.04,13.31,15.07,0.0,0.00,0.0,0.0,,0.0
130,22,5.00,7,8.26,12.80,14.40,0.0,0.00,0.0,0.0,,0.0
130,23,5.00,7,7.60,12.29,13.77,0.0,0.00,0.0,0.0,,0.0
130,24,5.00,7,7.28,11.84,13.21,0.0,0.00,0.0,0.0,,0.0
130,1,6.00,7,6.78,11.39,12.67,0.0,0.00,0.0,-0.0,,0.0
130,2,6.00,7,6.58,10.99,12.18,0.0,0.00,0.0,-0.0,,0.0
130,3,6.00,7,6.47,10.63,11.74,0.0,0.00,0.0,-0.0,,0.0
130,4,6.00,7,6.21,10.29,11.32,0.0,0.00,0.0,-0.0,,0.0
130,5,6.00,7,6.01,9.97,10.93,0.0,0.00,0.0,-0.0,,0.0
130,6,6.00,7,5.61,9.64,10.55,0.0,0.00,0.0,-0.0,,0.0
130,7,6.00,7,5.00,9.29,10.14,0.0,0.00,0.0,-0.0,,0.0
130,8,6.00,7,3.78,9.39,18.88,8366.52,0.00,290.86,0.0,,8657.380000000001
130,9,6.00,7,3.37,9.39,18.88,5786.46,0.00,183.69,0.0,,5970.15
130,10,6.00,7,5.41,9.88,18.88,5060.31,0.00,16.3,0.0,,5076.610000000001
130,11,6.00,7,8.64,10.84,18.88,4076.27,0.00,0.0,0.0,,4076.27
130,12,6.00,7,11.78,12.15,18.88,2954.51,0.00,0.0,0.0,,2954.51
130,13,6.00,7,14.21,13.53,18.88,1915.65,0.00,0.0,0.0,,1915.65
130,14,6.00,7,16.28,14.91,18.88,959.4,0.00,0.0,0.0,,959.4
130,15,6.00,7,17.62,16.13,18.88,209.69,0.00,0.0,0.0,,209.69
130,16,6.00,7,17.20,16.93,19.03,0.0,0.00,0.0,0.0,,0.0
130,17,6.00,7,16.47,17.51,19.33,0.0,0.00,0.0,0.0,,0.0
130,18,6.00,7,14.23,17.35,19.00,0.0,0.00,0.0,0.0,,0.0
130,19,6.00,7,12.39,16.32,17.91,0.0,0.00,0.0,0.0,,0.0
130,20,6.00,7,11.50,15.62,17.11,0.0,0.00,0.0,0.0,,0.0
130,21,6.00,7,10.82,15.03,16.42,0.0,0.00,0.0,0.0,,0.0
130,22,6.00,7,9.98,14.45,15.75,0.0,0.00,0.0,0.0,,0.0
130,23,6.00,7,9.38,13.91,15.12,0.0,0.00,0.0,0.0,,0.0
130,24,6.00,7,8.86,13.40,14.53,0.0,0.00,0.0,0.0,,0.0
130,1,7.00,7,8.00,12.86,13.92,0.0,0.00,0.0,0.0,,0.0
130,2,7.00,7,7.28,12.34,13.33,0.0,0.00,0.0,0.0,,0.0
130,3,7.00,7,6.77,11.84,12.78,0.0,0.00,0.0,0.0,,0.0
130,4,7.00,7,6.40,11.38,12.26,0.0,0.00,0.0,-0.0,,0.0
130,5,7.00,7,5.94,10.93,11.76,0.0,0.00,0.0,-0.0,,0.0
130,6,7.00,7,5.35,10.48,11.26,0.0,0.00,0.0,-0.0,,0.0
130,7,7.00,7,4.61,10.01,10.75,0.0,0.00,0.0,-0.0,,0.0
130,8,7.00,7,3.73,10.01,18.88,7857.17,0.00,238.98,0.0,,8096.15
130,9,7.00,7,3.17,9.91,18.88,5518.67,0.00,186.42,0.0,,5705.09
130,10,7.00,7,4.47,10.21,18.88,4960.48,0.00,77.48,0.0,,5037.959999999999
130,11,7.00,7,7.21,10.98,18.88,4116.53,0.00,0.0,0.0,,4116.53
130,12,7.00,7,9.85,12.06,18.88,3141.79,0.00,0.0,0.0,,3141.79
130,13,7.00,7,12.02,13.25,18.88,2216.76,0.00,0.0,0.0,,2216.76
130,14,7.00,7,13.69,14.42,18.88,1394.23,0.00,0.0,0.0,,1394.23
130,15,7.00,7,14.98,15.47,18.88,723.36,0.00,0.0,0.0,,723.36
130,16,7.00,7,15.75,16.33,18.88,238.28,0.00,0.0,0.0,,238.28
130,17,7.00,7,15.29,16.92,18.90,0.0,0.00,0.0,0.0,,0.0
130,18,7.00,7,14.17,16.93,18.88,213.5,0.00,0.0,0.0,,213.5
130,19,7.00,7,12.14,15.93,17.65,0.0,0.00,0.0,0.0,,0.0
130,20,7.00,7,10.92,15.22,16.79,0.0,0.00,0.0,0.0,,0.0
130,21,7.00,7,10.36,14.64,16.09,0.0,0.00,0.0,0.0,,0.0
130,22,7.00,7,9.54,14.07,15.43,0.0,0.00,0.0,0.0,,0.0
130,23,7.00,7,8.72,13.51,14.78,0.0,0.00,0.0,0.0,,0.0
130,24,7.00,7,8.29,13.00,14.18,0.0,0.00,0.0,0.0,,0.0
130,1,1.00,7,7.77,12.51,13.62,0.0,0.00,0.0,0.0,,0.0
130,2,1.00,7,7.39,12.05,13.09,0.0,0.00,0.0,-0.0,,0.0
130,3,1.00,7,7.07,11.62,12.59,0.0,0.00,0.0,-0.0,,0.0
130,4,1.00,7,6.73,11.21,12.13,0.0,0.00,0.0,-0.0,,0.0
130,5,1.00,7,6.38,10.81,11.68,0.0,0.00,0.0,-0.0,,0.0
130,6,1.00,7,6.08,10.44,11.26,0.0,0.00,0.0,-0.0,,0.0
130,7,1.00,7,5.59,10.06,10.84,0.0,0.00,0.0,-0.0,,0.0
130,8,1.00,7,4.99,10.22,18.88,7625.54,0.00,0.0,0.0,,7625.54
130,9,1.00,7,4.42,10.22,18.88,5275.5,0.00,0.0,0.0,,5275.5
130,10,1.00,7,5.44,10.54,18.88,4729.31,0.00,0.0,0.0,,4729.31
130,11,1.00,7,6.19,11.01,18.88,4180.01,0.00,0.0,0.0,,4180.01
130,12,1.00,7,7.92,11.83,18.88,3386.67,0.00,0.0,0.0,,3386.67
130,13,1.00,7,9.30,12.73,18.88,2652.74,0.00,0.0,0.0,,2652.74
130,14,1.00,7,10.00,13.56,18.88,2063.85,0.00,0.0,0.0,,2063.85
130,15,1.00,7,10.56,14.26,18.88,1604.52,0.00,0.0,0.0,,1604.52
130,16,1.00,7,10.12,14.68,18.88,1413.63,0.00,0.0,0.0,,1413.63
130,17,1.00,7,9.17,14.89,18.88,1355.53,0.00,0.0,0.0,,1355.53
130,18,1.00,7,8.42,14.67,18.88,1655.01,0.00,0.0,0.0,,1655.01
130,19,1.00,7,7.92,13.80,16.48,0.0,0.00,0.0,0.0,,0.0
130,20,1.00,7,8.07,13.22,15.35,0.0,0.00,0.0,0.0,,0.0
130,21,1.00,7,8.78,12.81,14.68,0.0,0.00,0.0,0.0,,0.0
130,22,1.00,7,8.53,12.40,14.11,0.0,0.00,0.0,0.0,,0.0
130,23,1.00,7,8.00,11.98,13.56,0.0,0.00,0.0,0.0,,0.0
130,24,1.00,7,7.63,11.59,13.06,0.0,0.00,0.0,0.0,,0.0
130,1,2.00,7,6.97,11.18,12.54,0.0,0.00,0.0,-0.0,,0.0
130,2,2.00,7,6.66,10.80,12.08,0.0,0.00,0.0,-0.0,,0.0
130,3,2.00,7,6.44,10.45,11.65,0.0,0.00,0.0,-0.0,,0.0
130,4,2.00,7,6.40,10.14,11.27,0.0,0.00,0.0,-0.0,,0.0
130,5,2.00,7,6.42,9.88,10.93,0.0,0.00,0.0,-0.0,,0.0
130,6,2.00,7,6.45,9.64,10.63,0.0,0.00,0.0,-0.0,,0.0
130,7,2.00,7,6.35,9.41,10.35,0.0,0.00,0.0,-0.0,,0.0
130,8,2.00,7,5.73,9.75,18.88,7939.15,0.00,0.0,0.0,,7939.15
130,9,2.00,7,5.27,9.88,18.88,5372.35,0.00,0.0,0.0,,5372.35
130,10,2.00,7,6.37,10.32,18.88,4751.59,0.00,0.0,0.0,,4751.59
130,11,2.00,7,7.53,10.96,18.88,4083.64,0.00,0.0,0.0,,4083.64
130,12,2.00,7,9.64,11.95,18.88,3174.93,0.00,0.0,0.0,,3174.93
130,13,2.00,7,11.07,12.99,18.88,2374.1,0.00,0.0,0.0,,2374.1
130,14,2.00,7,11.83,13.93,18.88,1723.54,0.00,0.0,0.0,,1723.54
130,15,2.00,7,12.38,14.73,18.88,1220.34,0.00,0.0,0.0,,1220.34
130,16,2.00,7,12.65,15.36,18.88,879.9,0.00,0.0,0.0,,879.9
130,17,2.00,7,11.83,15.72,18.88,751.24,0.00,0.0,0.0,,751.24
130,18,2.00,7,10.01,15.45,18.88,1170.07,0.00,0.0,0.0,,1170.07
130,19,2.00,7,7.42,14.32,16.69,0.0,0.00,0.0,0.0,,0.0
130,20,2.00,7,6.48,13.47,15.44,0.0,0.00,0.0,0.0,,0.0
130,21,2.00,7,5.88,12.74,14.50,0.0,0.00,0.0,0.0,,0.0
130,22,2.00,7,5.39,12.07,13.69,0.0,0.00,0.0,0.0,,0.0
130,23,2.00,7,4.89,11.45,12.95,0.0,0.00,0.0,0.0,,0.0
130,24,2.00,7,4.67,10.89,12.29,0.0,0.00,0.0,0.0,,0.0
130,1,3.00,7,3.80,10.30,11.61,0.0,0.00,0.0,0.0,,0.0
130,2,3.00,7,3.21,9.74,10.97,0.0,0.00,0.0,0.0,,0.0
130,3,3.00,7,2.78,9.22,10.37,0.0,0.00,0.0,0.0,,0.0
130,4,3.00,7,2.23,8.71,9.79,0.0,0.00,0.0,0.0,,0.0
130,5,3.00,7,1.72,8.21,9.23,0.0,0.00,0.0,-0.0,,0.0
130,6,3.00,7,1.28,7.73,8.69,0.0,0.00,0.0,-0.0,,0.0
130,7,3.00,7,0.79,7.27,8.18,0.0,0.00,0.0,-0.0,,0.0
130,8,3.00,7,-0.02,7.64,8.50,0.0,0.00,0.0,-0.0,,0.0
130,9,3.00,7,-0.43,7.71,8.53,0.0,0.00,0.0,-0.0,,0.0
130,10,3.00,7,2.15,8.18,8.96,0.0,0.00,0.0,-0.0,,0.0
130,11,3.00,7,5.08,8.96,9.71,0.0,0.00,0.0,-0.0,,0.0
130,12,3.00,7,8.81,10.17,10.88,0.0,0.00,0.0,-0.0,,0.0
130,13,3.00,7,11.69,11.51,12.19,0.0,0.00,0.0,-0.0,,0.0
130,14,3.00,7,13.90,12.87,13.52,0.0,0.00,0.0,-0.0,,0.0
130,15,3.00,7,15.84,14.16,14.79,0.0,0.00,0.0,-0.0,,0.0
130,16,3.00,7,15.33,15.08,15.68,0.0,0.00,0.0,-0.0,,0.0
130,17,3.00,7,14.19,15.74,16.32,0.0,0.00,0.0,0.0,,0.0
130,18,3.00,7,11.53,15.69,16.25,0.0,0.00,0.0,0.0,,0.0
130,19,3.00,7,8.50,14.34,14.88,0.0,0.00,0.0,0.0,,0.0
130,20,3.00,7,7.44,13.48,14.00,0.0,0.00,0.0,0.0,,0.0
130,21,3.00,7,6.26,12.71,13.22,0.0,0.00,0.0,0.0,,0.0
130,22,3.00,7,5.54,12.03,12.52,0.0,0.00,0.0,0.0,,0.0
130,23,3.00,7,4.70,11.37,11.84,0.0,0.00,0.0,0.0,,0.0
130,24,3.00,7,4.19,10.75,11.22,0.0,0.00,0.0,0.0,,0.0
130,1,4.00,7,3.13,10.11,10.56,0.0,0.00,0.0,0.0,,0.0
130,2,4.00,7,2.50,9.50,9.94,0.0,0.00,0.0,0.0,,0.0
130,3,4.00,7,1.99,8.93,9.36,0.0,0.00,0.0,0.0,,0.0
130,4,4.00,7,1.52,8.39,8.81,0.0,0.00,0.0,0.0,,0.0
130,5,4.00,7,1.16,7.88,8.29,0.0,0.00,0.0,0.0,,0.0
130,6,4.00,7,0.76,7.39,7.80,0.0,0.00,0.0,0.0,,0.0
130,7,4.00,7,0.19,6.91,7.30,0.0,0.00,0.0,-0.0,,0.0
130,8,4.00,7,-0.74,7.25,7.64,0.0,0.00,0.0,-0.0,,0.0
130,9,4.00,7,0.36,7.48,7.86,0.0,0.00,0.0,-0.0,,0.0
130,10,4.00,7,2.79,8.02,8.39,0.0,0.00,0.0,-0.0,,0.0
130,11,4.00,7,6.38,8.95,9.31,0.0,0.00,0.0,-0.0,,0.0
130,12,4.00,7,10.07,10.24,10.60,0.0,0.00,0.0,-0.0,,0.0
130,13,4.00,7,12.60,11.63,11.98,0.0,0.00,0.0,-0.0,,0.0
130,14,4.00,7,14.85,13.04,13.39,0.0,0.00,0.0,-0.0,,0.0
130,15,4.00,7,16.55,14.35,14.69,0.0,0.00,0.0,-0.0,,0.0
130,16,4.00,7,16.02,15.29,15.63,0.0,0.00,0.0,-0.0,,0.0
130,17,4.00,7,15.17,16.00,16.34,0.0,0.00,0.0,0.0,,0.0
130,18,4.00,7,11.98,15.93,16.27,0.0,0.00,0.0,0.0,,0.0
130,19,4.00,7,9.64,14.66,14.99,0.0,0.00,0.0,0.0,,0.0
130,20,4.00,7,8.46,13.83,14.16,0.0,0.00,0.0,0.0,,0.0
130,21,4.00,7,7.06,13.08,13.40,0.0,0.00,0.0,0.0,,0.0
130,22,4.00,7,5.89,12.36,12.67,0.0,0.00,0.0,0.0,,0.0
130,23,4.00,7,4.93,11.66,11.98,0.0,0.00,0.0,0.0,,0.0
130,24,4.00,7,4.16,11.00,11.31,0.0,0.00,0.0,0.0,,0.0
130,1,5.00,7,3.08,10.32,10.62,0.0,0.00,0.0,0.0,,0.0
130,2,5.00,7,2.43,9.68,9.98,0.0,0.00,0.0,0.0,,0.0
130,3,5.00,7,1.70,9.05,9.35,0.0,0.00,0.0,0.0,,0.0
130,4,5.00,7,0.94,8.43,8.73,0.0,0.00,0.0,0.0,,0.0
130,5,5.00,7,0.36,7.85,8.14,0.0,0.00,0.0,0.0,,0.0
130,6,5.00,7,-0.18,7.28,7.58,0.0,0.00,0.0,0.0,,0.0
130,7,5.00,7,0.98,6.94,7.23,0.0,0.00,0.0,0.0,,0.0
130,8,5.00,7,1.97,7.27,18.88,10867.0,0.00,600.29,0.0,,11467.29
130,9,5.00,7,3.37,7.66,18.88,7078.99,0.00,99.39,0.0,,7178.38
130,10,5.00,7,5.41,8.36,18.88,6163.0,0.00,0.0,0.0,,6163.0
130,11,5.00,7,9.39,9.61,18.88,4894.6,0.00,0.0,0.0,,4894.6
130,12,5.00,7,13.16,11.21,18.88,3513.84,0.00,0.0,0.0,,3513.84
130,13,5.00,7,15.63,12.81,18.88,2315.05,0.00,0.0,0.0,,2315.05
130,14,5.00,7,17.93,14.41,18.88,1189.74,0.00,0.0,0.0,,1189.74
130,15,5.00,7,19.65,15.86,18.88,264.52,0.00,0.0,0.0,,264.52
130,16,5.00,7,20.79,17.10,19.35,0.0,0.00,0.0,0.0,,0.0
130,17,5.00,7,19.99,17.95,19.87,0.0,0.00,0.0,0.0,,0.0
130,18,5.00,7,17.03,17.90,19.62,0.0,0.00,0.0,0.0,,0.0
130,19,5.00,7,14.80,16.84,18.51,0.0,0.00,0.0,0.0,,0.0
130,20,5.00,7,13.12,16.12,17.68,0.0,0.00,0.0,0.0,,0.0
130,21,5.00,7,11.61,15.46,16.91,0.0,0.00,0.0,0.0,,0.0
130,22,5.00,7,10.06,14.78,16.13,0.0,0.00,0.0,0.0,,0.0
130,23,5.00,7,8.78,14.10,15.36,0.0,0.00,0.0,0.0,,0.0
130,24,5.00,7,7.60,13.42,14.59,0.0,0.00,0.0,0.0,,0.0
130,1,6.00,7,6.25,12.71,13.81,0.0,0.00,0.0,0.0,,0.0
130,2,6.00,7,5.33,12.02,13.05,0.0,0.00,0.0,0.0,,0.0
130,3,6.00,7,4.52,11.36,12.33,0.0,0.00,0.0,0.0,,0.0
130,4,6.00,7,3.72,10.71,11.62,0.0,0.00,0.0,0.0,,0.0
130,5,6.00,7,3.17,10.10,10.96,0.0,0.00,0.0,0.0,,0.0
130,6,6.00,7,2.64,9.52,10.33,0.0,0.00,0.0,0.0,,0.0
130,7,6.00,7,1.96,8.94,9.71,0.0,0.00,0.0,0.0,,0.0
130,8,6.00,7,1.05,8.76,18.88,9031.88,0.00,513.35,0.0,,9545.23
130,9,6.00,7,1.45,8.72,18.88,6280.17,0.00,277.59,0.0,,6557.76
130,10,6.00,7,1.69,8.83,18.88,5873.47,0.00,224.23,0.0,,6097.7
130,11,6.00,7,3.76,9.38,18.88,5146.25,0.00,128.15,0.0,,5274.4
130,12,6.00,7,6.19,10.30,18.88,4236.9,0.00,10.93,0.0,,4247.83
130,13,6.00,7,7.67,11.25,18.88,3455.55,0.00,0.0,0.0,,3455.55
130,14,6.00,7,8.64,12.15,18.88,2791.91,0.00,0.0,0.0,,2791.91
130,15,6.00,7,9.29,12.90,18.88,2282.96,0.00,0.0,0.0,,2282.96
130,16,6.00,7,9.39,13.45,18.88,1975.03,0.00,0.0,0.0,,1975.03
130,17,6.00,7,9.04,13.83,18.88,1781.85,0.00,0.0,0.0,,1781.85
130,18,6.00,7,7.65,13.61,18.88,2129.32,0.00,14.55,0.0,,2143.8700000000003
130,19,6.00,7,5.98,12.62,15.91,0.0,0.00,0.0,0.0,,0.0
130,20,6.00,7,5.54,11.91,14.49,0.0,0.00,0.0,0.0,,0.0
130,21,6.00,7,5.11,11.29,13.54,0.0,0.00,0.0,0.0,,0.0
130,22,6.00,7,4.42,10.69,12.73,0.0,0.00,0.0,0.0,,0.0
130,23,6.00,7,3.63,10.09,11.97,0.0,0.00,0.0,0.0,,0.0
130,24,6.00,7,3.59,9.59,11.33,0.0,0.00,0.0,0.0,,0.0
130,1,7.00,7,3.25,9.10,10.73,0.0,0.00,0.0,0.0,,0.0
130,2,7.00,7,3.23,8.68,10.20,0.0,0.00,0.0,0.0,,0.0
130,3,7.00,7,3.62,8.36,9.77,0.0,0.00,0.0,-0.0,,0.0
130,4,7.00,7,4.28,8.13,9.45,0.0,0.00,0.0,-0.0,,0.0
130,5,7.00,7,4.80,7.97,9.20,0.0,0.00,0.0,-0.0,,0.0
130,6,7.00,7,4.73,7.78,8.94,0.0,0.00,0.0,-0.0,,0.0
130,7,7.00,7,4.31,7.57,8.66,0.0,0.00,0.0,-0.0,,0.0
130,8,7.00,7,4.08,7.98,18.88,9508.76,0.00,391.4,0.0,,9900.16
130,9,7.00,7,4.62,8.32,18.88,6258.76,0.00,62.0,0.0,,6320.76
130,10,7.00,7,4.95,8.75,18.88,5665.17,0.00,41.56,0.0,,5706.7300000000005
130,11,7.00,7,6.44,9.47,18.88,4883.45,0.00,0.0,0.0,,4883.45
130,12,7.00,7,8.67,10.54,18.88,3897.36,0.00,0.0,0.0,,3897.36
130,13,7.00,7,10.34,11.67,18.88,3006.18,0.00,0.0,0.0,,3006.18
130,14,7.00,7,11.40,12.74,18.88,2256.47,0.00,0.0,0.0,,2256.47
130,15,7.00,7,11.84,13.60,18.88,1717.84,0.00,0.0,0.0,,1717.84
130,16,7.00,7,11.81,14.23,18.88,1383.31,0.00,0.0,0.0,,1383.31
130,17,7.00,7,11.56,14.72,18.88,1138.5,0.00,0.0,0.0,,1138.5
130,18,7.00,7,9.88,14.55,18.88,1499.71,0.00,0.0,0.0,,1499.71
130,19,7.00,7,8.52,13.60,16.53,0.0,0.00,0.0,0.0,,0.0
130,20,7.00,7,7.86,12.92,15.33,0.0,0.00,0.0,0.0,,0.0
130,21,7.00,7,7.44,12.35,14.49,0.0,0.00,0.0,0.0,,0.0
130,22,7.00,7,7.14,11.85,13.80,0.0,0.00,0.0,0.0,,0.0
130,23,7.00,7,6.94,11.39,13.21,0.0,0.00,0.0,0.0,,0.0
130,24,7.00,7,7.17,11.03,12.71,0.0,0.00,0.0,0.0,,0.0
130,1,1.00,7,7.31,10.72,12.29,0.0,0.00,0.0,-0.0,,0.0
130,2,1.00,7,7.97,10.51,11.98,0.0,0.00,0.0,-0.0,,0.0
130,3,1.00,7,8.49,10.36,11.74,0.0,0.00,0.0,-0.0,,0.0
130,4,1.00,7,8.63,10.23,11.52,0.0,0.00,0.0,-0.0,,0.0
130,5,1.00,7,9.40,10.19,11.40,0.0,0.00,0.0,-0.0,,0.0
130,6,1.00,7,9.81,10.17,11.31,0.0,0.00,0.0,-0.0,,0.0
130,7,1.00,7,9.67,10.12,11.19,0.0,0.00,0.0,-0.0,,0.0
130,8,1.00,7,8.42,10.63,18.88,6976.16,0.00,0.0,0.0,,6976.16
130,9,1.00,7,7.74,10.85,18.88,4640.62,0.00,0.0,0.0,,4640.62
130,10,1.00,7,8.49,11.31,18.88,4062.87,0.00,0.0,0.0,,4062.87
130,11,1.00,7,7.84,11.68,18.88,3681.48,0.00,0.0,0.0,,3681.48
130,12,1.00,7,9.60,12.51,18.88,2877.41,0.00,0.0,0.0,,2877.41
130,13,1.00,7,10.95,13.44,18.88,2148.04,0.00,0.0,0.0,,2148.04
130,14,1.00,7,12.12,14.37,18.88,1485.94,0.00,0.0,0.0,,1485.94
130,15,1.00,7,12.85,15.17,18.88,986.5,0.00,0.0,0.0,,986.5
130,16,1.00,7,13.14,15.78,18.88,664.34,0.00,0.0,0.0,,664.34
130,17,1.00,7,12.49,16.15,18.88,523.6,0.00,0.0,0.0,,523.6
130,18,1.00,7,10.28,15.82,18.88,1012.35,0.00,0.0,0.0,,1012.35
130,19,1.00,7,8.72,14.77,16.95,0.0,0.00,0.0,0.0,,0.0
130,20,1.00,7,7.66,13.95,15.79,0.0,0.00,0.0,0.0,,0.0
130,21,1.00,7,7.00,13.24,14.90,0.0,0.00,0.0,0.0,,0.0
130,22,1.00,7,5.92,12.53,14.05,0.0,0.00,0.0,0.0,,0.0
130,23,1.00,7,5.24,11.86,13.28,0.0,0.00,0.0,0.0,,0.0
130,24,1.00,7,4.43,11.20,12.53,0.0,0.00,0.0,0.0,,0.0
130,1,2.00,7,3.99,10.59,11.84,0.0,0.00,0.0,0.0,,0.0
130,2,2.00,7,3.48,10.02,11.19,0.0,0.00,0.0,-0.0,,0.0
130,3,2.00,7,3.13,9.48,10.59,0.0,0.00,0.0,-0.0,,0.0
130,4,2.00,7,2.90,9.00,10.04,0.0,0.00,0.0,-0.0,,0.0
130,5,2.00,7,2.50,8.52,9.51,0.0,0.00,0.0,-0.0,,0.0
130,6,2.00,7,3.01,8.18,9.11,0.0,0.00,0.0,-0.0,,0.0
130,7,2.00,7,3.61,7.92,8.81,0.0,0.00,0.0,-0.0,,0.0
130,8,2.00,7,3.91,8.30,18.88,9368.03,0.00,301.87,0.0,,9669.900000000001
130,9,2.00,7,4.49,8.60,18.88,6177.51,0.00,0.0,0.0,,6177.51
130,10,2.00,7,5.54,9.12,18.88,5487.15,0.00,0.0,0.0,,5487.15
130,11,2.00,7,7.50,9.94,18.88,4624.73,0.00,0.0,0.0,,4624.73
130,12,2.00,7,10.15,11.13,18.88,3553.75,0.00,0.0,0.0,,3553.75
130,13,2.00,7,11.74,12.32,18.88,2644.14,0.00,0.0,0.0,,2644.14
130,14,2.00,7,13.32,13.52,18.88,1788.85,0.00,0.0,0.0,,1788.85
130,15,2.00,7,14.13,14.53,18.88,1158.8,0.00,0.0,0.0,,1158.8
130,16,2.00,7,14.70,15.36,18.88,689.48,0.00,0.0,0.0,,689.48
130,17,2.00,7,14.31,15.95,18.88,415.36,0.00,0.0,0.0,,415.36
130,18,2.00,7,12.76,15.89,18.88,715.1,0.00,0.0,0.0,,715.1
130,19,2.00,7,11.39,14.95,17.26,0.0,0.00,0.0,0.0,,0.0
130,20,2.00,7,10.77,14.34,16.35,0.0,0.00,0.0,0.0,,0.0
130,21,2.00,7,10.12,13.81,15.64,0.0,0.00,0.0,0.0,,0.0
130,22,2.00,7,9.58,13.32,15.02,0.0,0.00,0.0,0.0,,0.0
130,23,2.00,7,9.34,12.89,14.47,0.0,0.00,0.0,-0.0,,0.0
130,24,2.00,7,9.40,12.53,14.01,0.0,0.00,0.0,-0.0,,0.0
130,1,3.00,7,9.26,12.20,13.58,0.0,0.00,0.0,-0.0,,0.0
130,2,3.00,7,9.21,11.90,13.19,0.0,0.00,0.0,-0.0,,0.0
130,3,3.00,7,9.01,11.61,12.83,0.0,0.00,0.0,-0.0,,0.0
130,4,3.00,7,8.97,11.36,12.51,0.0,0.00,0.0,-0.0,,0.0
130,5,3.00,7,8.98,11.14,12.22,0.0,0.00,0.0,-0.0,,0.0
130,6,3.00,7,8.98,10.94,11.97,0.0,0.00,0.0,-0.0,,0.0
130,7,3.00,7,9.04,10.77,11.74,0.0,0.00,0.0,-0.0,,0.0
130,8,3.00,7,8.92,11.47,12.39,0.0,0.00,0.0,-0.0,,0.0
130,9,3.00,7,8.34,11.78,12.66,0.0,0.00,0.0,-0.0,,0.0
130,10,3.00,7,8.47,12.17,13.01,0.0,0.00,0.0,-0.0,,0.0
130,11,3.00,7,9.20,12.73,13.52,0.0,0.00,0.0,-0.0,,0.0
130,12,3.00,7,10.08,13.48,14.24,0.0,0.00,0.0,-0.0,,0.0
130,13,3.00,7,10.68,14.27,15.00,0.0,0.00,0.0,-0.0,,0.0
130,14,3.00,7,11.02,15.01,15.72,0.0,0.00,0.0,-0.0,,0.0
130,15,3.00,7,11.24,15.64,16.31,0.0,0.00,0.0,-0.0,,0.0
130,16,3.00,7,11.07,16.08,16.73,0.0,0.00,0.0,-0.0,,0.0
130,17,3.00,7,10.54,16.39,17.01,0.0,0.00,0.0,-0.0,,0.0
130,18,3.00,7,10.13,16.27,16.88,0.0,0.00,0.0,-0.0,,0.0
130,19,3.00,7,9.37,15.05,15.64,0.0,0.00,0.0,-0.0,,0.0
130,20,3.00,7,8.27,14.20,14.77,0.0,0.00,0.0,-0.0,,0.0
130,21,3.00,7,7.44,13.48,14.03,0.0,0.00,0.0,-0.0,,0.0
130,22,3.00,7,6.79,12.82,13.36,0.0,0.00,0.0,-0.0,,0.0
130,23,3.00,7,6.09,12.19,12.71,0.0,0.00,0.0,-0.0,,0.0
130,24,3.00,7,5.55,11.60,12.11,0.0,0.00,0.0,-0.0,,0.0
130,1,4.00,7,5.37,11.08,11.57,0.0,0.00,0.0,-0.0,,0.0
130,2,4.00,7,5.06,10.58,11.07,0.0,0.00,0.0,-0.0,,0.0
130,3,4.00,7,4.99,10.15,10.62,0.0,0.00,0.0,-0.0,,0.0
130,4,4.00,7,4.97,9.76,10.23,0.0,0.00,0.0,-0.0,,0.0
130,5,4.00,7,5.35,9.46,9.92,0.0,0.00,0.0,-0.0,,0.0
130,6,4.00,7,5.88,9.24,9.69,0.0,0.00,0.0,-0.0,,0.0
130,7,4.00,7,6.12,9.05,9.49,0.0,0.00,0.0,-0.0,,0.0
130,8,4.00,7,5.78,9.69,10.12,0.0,0.00,0.0,-0.0,,0.0
130,9,4.00,7,5.39,9.98,10.40,0.0,0.00,0.0,-0.0,,0.0
130,10,4.00,7,6.72,10.49,10.91,0.0,0.00,0.0,-0.0,,0.0
130,11,4.00,7,7.60,11.12,11.53,0.0,0.00,0.0,-0.0,,0.0
130,12,4.00,7,9.32,12.02,12.42,0.0,0.00,0.0,-0.0,,0.0
130,13,4.00,7,10.30,12.96,13.36,0.0,0.00,0.0,-0.0,,0.0
130,14,4.00,7,10.86,13.84,14.23,0.0,0.00,0.0,-0.0,,0.0
130,15,4.00,7,11.63,14.65,15.03,0.0,0.00,0.0,-0.0,,0.0
130,16,4.00,7,11.85,15.27,15.65,0.0,0.00,0.0,-0.0,,0.0
130,17,4.00,7,11.08,15.69,16.07,0.0,0.00,0.0,-0.0,,0.0
130,18,4.00,7,9.77,15.58,15.95,0.0,0.00,0.0,-0.0,,0.0
130,19,4.00,7,8.88,14.37,14.74,0.0,0.00,0.0,0.0,,0.0
130,20,4.00,7,7.63,13.53,13.89,0.0,0.00,0.0,0.0,,0.0
130,21,4.00,7,6.78,12.82,13.18,0.0,0.00,0.0,0.0,,0.0
130,22,4.00,7,6.04,12.17,12.52,0.0,0.00,0.0,0.0,,0.0
130,23,4.00,7,5.45,11.55,11.91,0.0,0.00,0.0,0.0,,0.0
130,24,4.00,7,4.76,10.96,11.31,0.0,0.00,0.0,0.0,,0.0
130,1,5.00,7,4.35,10.41,10.75,0.0,0.00,0.0,-0.0,,0.0
130,2,5.00,7,3.61,9.85,10.19,0.0,0.00,0.0,-0.0,,0.0
130,3,5.00,7,3.04,9.32,9.65,0.0,0.00,0.0,-0.0,,0.0
130,4,5.00,7,2.57,8.81,9.14,0.0,0.00,0.0,-0.0,,0.0
130,5,5.00,7,1.99,8.31,8.64,0.0,0.00,0.0,-0.0,,0.0
130,6,5.00,7,1.42,7.81,8.14,0.0,0.00,0.0,-0.0,,0.0
130,7,5.00,7,0.81,7.32,7.65,0.0,0.00,0.0,-0.0,,0.0
130,8,5.00,7,-0.15,7.23,18.88,10867.94,0.00,626.56,0.0,,11494.5
130,9,5.00,7,0.93,7.36,18.88,7332.57,0.00,200.63,0.0,,7533.2
130,10,5.00,7,3.52,7.97,18.88,6427.33,0.00,0.0,0.0,,6427.33
130,11,5.00,7,6.27,8.90,18.88,5419.17,0.00,0.0,0.0,,5419.17
130,12,5.00,7,9.12,10.16,18.88,4269.24,0.00,0.0,0.0,,4269.24
130,13,5.00,7,11.48,11.51,18.88,3189.35,0.00,0.0,0.0,,3189.35
130,14,5.00,7,13.18,12.80,18.88,2251.21,0.00,0.0,0.0,,2251.21
130,15,5.00,7,14.82,14.02,18.88,1430.53,0.00,0.0,0.0,,1430.53
130,16,5.00,7,15.97,15.07,18.88,795.77,0.00,0.0,0.0,,795.77
130,17,5.00,7,15.36,15.77,18.88,475.85,0.00,0.0,0.0,,475.85
130,18,5.00,7,12.73,15.64,18.88,881.64,0.00,0.0,0.0,,881.64
130,19,5.00,7,10.22,14.56,16.97,0.0,0.00,0.0,0.0,,0.0
130,20,5.00,7,9.23,13.83,15.90,0.0,0.00,0.0,0.0,,0.0
130,21,5.00,7,8.36,13.21,15.07,0.0,0.00,0.0,0.0,,0.0
130,22,5.00,7,7.68,12.63,14.34,0.0,0.00,0.0,0.0,,0.0
130,23,5.00,7,6.92,12.06,13.65,0.0,0.00,0.0,0.0,,0.0
130,24,5.00,7,6.09,11.49,12.97,0.0,0.00,0.0,0.0,,0.0
130,1,6.00,7,5.06,10.90,12.28,0.0,0.00,0.0,0.0,,0.0
130,2,6.00,7,4.39,10.34,11.63,0.0,0.00,0.0,0.0,,0.0
130,3,6.00,7,3.42,9.76,10.96,0.0,0.00,0.0,0.0,,0.0
130,4,6.00,7,2.37,9.15,10.28,0.0,0.00,0.0,-0.0,,0.0
130,5,6.00,7,1.44,8.54,9.61,0.0,0.00,0.0,0.0,,0.0
130,6,6.00,7,0.54,7.93,8.94,0.0,0.00,0.0,0.0,,0.0
130,7,6.00,7,1.59,7.55,8.50,0.0,0.00,0.0,-0.0,,0.0
130,8,6.00,7,2.65,7.86,18.88,9742.09,0.00,537.6,0.0,,10279.69
130,9,6.00,7,4.06,8.24,18.88,6371.05,0.00,139.09,0.0,,6510.14
130,10,6.00,7,5.75,8.87,18.88,5580.46,0.00,0.0,0.0,,5580.46
130,11,6.00,7,9.49,10.04,18.88,4417.2,0.00,0.0,0.0,,4417.2
130,12,6.00,7,12.88,11.53,18.88,3161.38,0.00,0.0,0.0,,3161.38
130,13,6.00,7,15.28,13.05,18.88,2039.34,0.00,0.0,0.0,,2039.34
130,14,6.00,7,17.55,14.58,18.88,979.82,0.00,0.0,0.0,,979.82
130,15,6.00,7,18.99,15.94,18.88,149.07,0.00,0.0,0.0,,149.07
130,16,6.00,7,20.07,17.10,19.40,0.0,0.00,0.0,0.0,,0.0
130,17,6.00,7,21.17,18.19,20.21,0.0,0.00,0.0,0.0,,0.0
130,18,6.00,7,18.10,18.22,20.05,0.0,0.00,0.0,0.0,,0.0
130,19,6.00,7,16.15,17.22,18.99,0.0,0.00,0.0,0.0,,0.0
130,20,6.00,7,14.56,16.56,18.23,0.0,0.00,0.0,0.0,,0.0
130,21,6.00,7,13.24,15.98,17.54,0.0,0.00,0.0,0.0,,0.0
130,22,6.00,7,11.98,15.40,16.85,0.0,0.00,0.0,0.0,,0.0
130,23,6.00,7,10.89,14.82,16.18,0.0,0.00,0.0,0.0,,0.0
130,24,6.00,7,9.71,14.21,15.49,0.0,0.00,0.0,0.0,,0.0
130,1,7.00,7,8.70,13.61,14.81,0.0,0.00,0.0,-0.0,,0.0
130,2,7.00,7,7.58,12.99,14.12,0.0,0.00,0.0,-0.0,,0.0
130,3,7.00,7,6.65,12.37,13.44,0.0,0.00,0.0,-0.0,,0.0
130,4,7.00,7,5.70,11.75,12.76,0.0,0.00,0.0,-0.0,,0.0
130,5,7.00,7,4.85,11.14,12.09,0.0,0.00,0.0,-0.0,,0.0
130,6,7.00,7,4.04,10.53,11.44,0.0,0.00,0.0,-0.0,,0.0
130,7,7.00,7,3.13,9.92,10.78,0.0,0.00,0.0,-0.0,,0.0
130,8,7.00,7,1.70,9.65,18.88,8105.61,0.00,340.36,0.0,,8445.97
130,9,7.00,7,2.90,9.68,18.88,5573.44,0.00,151.59,0.0,,5725.03
130,10,7.00,7,5.21,10.16,18.88,4875.87,0.00,0.0,0.0,,4875.87
130,11,7.00,7,8.63,11.11,18.88,3905.19,0.00,0.0,0.0,,3905.19
130,12,7.00,7,12.11,12.43,18.88,2760.47,0.00,0.0,0.0,,2760.47
130,13,7.00,7,14.94,13.88,18.88,1673.99,0.00,0.0,0.0,,1673.99
130,14,7.00,7,17.24,15.32,18.88,682.88,0.00,0.0,0.0,,682.88
130,15,7.00,7,18.91,16.62,19.01,0.0,0.00,0.0,0.0,,0.0
130,16,7.00,7,20.09,17.73,19.70,0.0,0.00,0.0,0.0,,0.0
130,17,7.00,7,21.32,18.80,20.55,0.0,0.00,0.0,0.0,,0.0
130,18,7.00,7,18.75,18.87,20.47,0.0,0.00,0.0,0.0,,0.0
130,19,7.00,7,16.39,17.82,19.38,0.0,0.00,0.0,0.0,,0.0
130,20,7.00,7,14.65,17.11,18.59,0.0,0.00,0.0,0.0,,0.0
130,21,7.00,7,13.51,16.51,17.90,0.0,0.00,0.0,0.0,,0.0
130,22,7.00,7,12.16,15.90,17.20,0.0,0.00,0.0,0.0,,0.0
130,23,7.00,7,11.03,15.29,16.51,0.0,0.00,0.0,0.0,,0.0
130,24,7.00,7,10.07,14.68,15.83,0.0,0.00,0.0,-0.0,,0.0
130,1,1.00,7,9.20,14.09,15.17,0.0,0.00,0.0,-0.0,,0.0
130,2,1.00,7,8.30,13.49,14.51,0.0,0.00,0.0,-0.0,,0.0
130,3,1.00,7,7.38,12.89,13.85,0.0,0.00,0.0,-0.0,,0.0
130,4,1.00,7,6.57,12.29,13.21,0.0,0.00,0.0,-0.0,,0.0
130,5,1.00,7,5.77,11.71,12.57,0.0,0.00,0.0,-0.0,,0.0
130,6,1.00,7,4.89,11.11,11.94,0.0,0.00,0.0,-0.0,,0.0
130,7,1.00,7,3.75,10.48,11.27,0.0,0.00,0.0,-0.0,,0.0
130,8,1.00,7,2.61,10.25,18.88,7581.54,0.00,79.41,0.0,,7660.95
130,9,1.00,7,3.80,10.30,18.88,5191.51,0.00,0.0,0.0,,5191.51
130,10,1.00,7,6.00,10.78,18.88,4517.26,0.00,0.0,0.0,,4517.26
130,11,1.00,7,10.17,11.85,18.88,3438.6,0.00,0.0,0.0,,3438.6
130,12,1.00,7,13.48,13.21,18.88,2307.88,0.00,0.0,0.0,,2307.88
130,13,1.00,7,16.51,14.72,18.88,1181.94,0.00,0.0,0.0,,1181.94
130,14,1.00,7,18.86,16.21,18.88,171.45,0.00,0.0,0.0,,171.45
130,15,1.00,7,20.51,17.56,19.55,0.0,0.00,0.0,0.0,,0.0
130,16,1.00,7,21.69,18.71,20.43,0.0,0.00,0.0,0.0,,0.0
130,17,1.00,7,20.58,19.41,20.97,0.0,0.00,0.0,0.0,,0.0
130,18,1.00,7,17.75,19.28,20.72,0.0,0.00,0.0,0.0,,0.0
130,19,1.00,7,16.48,18.30,19.70,0.0,0.00,0.0,0.0,,0.0
130,20,1.00,7,14.94,17.60,18.93,0.0,0.00,0.0,0.0,,0.0
130,21,1.00,7,13.60,16.96,18.21,0.0,0.00,0.0,0.0,,0.0
130,22,1.00,7,12.27,16.32,17.49,0.0,0.00,0.0,0.0,,0.0
130,23,1.00,7,10.83,15.64,16.75,0.0,0.00,0.0,0.0,,0.0
130,24,1.00,7,9.48,14.95,15.99,0.0,0.00,0.0,0.0,,0.0
130,1,2.00,7,8.53,14.27,15.26,0.0,0.00,0.0,0.0,,0.0
130,2,2.00,7,7.41,13.59,14.52,0.0,0.00,0.0,0.0,,0.0
130,3,2.00,7,6.61,12.93,13.81,0.0,0.00,0.0,0.0,,0.0
130,4,2.00,7,5.71,12.27,13.11,0.0,0.00,0.0,-0.0,,0.0
130,5,2.00,7,4.89,11.63,12.43,0.0,0.00,0.0,-0.0,,0.0
130,6,2.00,7,3.94,10.97,11.74,0.0,0.00,0.0,-0.0,,0.0
130,7,2.00,7,2.94,10.31,11.04,0.0,0.00,0.0,0.0,,0.0
130,8,2.00,7,1.59,9.98,18.88,7888.33,0.00,170.58,0.0,,8058.91
130,9,2.00,7,2.25,9.89,18.88,5534.98,0.00,26.76,0.0,,5561.74
130,10,2.00,7,4.32,10.25,18.88,4908.09,0.00,0.0,0.0,,4908.09
130,11,2.00,7,7.80,11.14,18.88,3965.17,0.00,0.0,0.0,,3965.17
130,12,2.00,7,11.11,12.38,18.88,2877.26,0.00,0.0,0.0,,2877.26
130,13,2.00,7,13.73,13.72,18.88,1852.86,0.00,0.0,0.0,,1852.86
130,14,2.00,7,15.36,14.98,18.88,998.66,0.00,0.0,0.0,,998.66
130,15,2.00,7,16.69,16.11,18.88,288.9,0.00,0.0,0.0,,288.9
130,16,2.00,7,16.56,16.89,18.96,0.0,0.00,0.0,0.0,,0.0
130,17,2.00,7,16.14,17.47,19.26,0.0,0.00,0.0,0.0,,0.0
130,18,2.00,7,13.68,17.26,18.88,0.0,0.00,0.0,0.0,,0.0
130,19,2.00,7,11.14,16.13,17.70,0.0,0.00,0.0,0.0,,0.0
130,20,2.00,7,10.26,15.36,16.84,0.0,0.00,0.0,0.0,,0.0
130,21,2.00,7,9.19,14.65,16.04,0.0,0.00,0.0,0.0,,0.0
130,22,2.00,7,8.37,13.99,15.29,0.0,0.00,0.0,0.0,,0.0
130,23,2.00,7,7.87,13.38,14.60,0.0,0.00,0.0,0.0,,0.0
130,24,2.00,7,7.80,12.86,14.01,0.0,0.00,0.0,0.0,,0.0
130,1,3.00,7,7.43,12.36,13.44,0.0,0.00,0.0,-0.0,,0.0
130,2,3.00,7,7.31,11.92,12.94,0.0,0.00,0.0,-0.0,,0.0
130,3,3.00,7,7.06,11.50,12.46,0.0,0.00,0.0,-0.0,,0.0
130,4,3.00,7,6.76,11.10,12.01,0.0,0.00,0.0,-0.0,,0.0
130,5,3.00,7,6.43,10.71,11.58,0.0,0.00,0.0,-0.0,,0.0
130,6,3.00,7,5.97,10.33,11.16,0.0,0.00,0.0,-0.0,,0.0
130,7,3.00,7,5.51,9.95,10.74,0.0,0.00,0.0,-0.0,,0.0
130,8,3.00,7,5.22,10.46,11.21,0.0,0.00,0.0,-0.0,,0.0
130,9,3.00,7,5.06,10.66,11.38,0.0,0.00,0.0,-0.0,,0.0
130,10,3.00,7,5.01,10.92,11.62,0.0,0.00,0.0,-0.0,,0.0
130,11,3.00,7,6.37,11.44,12.10,0.0,0.00,0.0,-0.0,,0.0
130,12,3.00,7,8.30,12.25,12.89,0.0,0.00,0.0,-0.0,,0.0
130,13,3.00,7,9.35,13.11,13.73,0.0,0.00,0.0,-0.0,,0.0
130,14,3.00,7,9.51,13.87,14.47,0.0,0.00,0.0,-0.0,,0.0
130,15,3.00,7,9.29,14.46,15.04,0.0,0.00,0.0,-0.0,,0.0
130,16,3.00,7,9.40,14.92,15.47,0.0,0.00,0.0,0.0,,0.0
130,17,3.00,7,9.27,15.28,15.82,0.0,0.00,0.0,0.0,,0.0
130,18,3.00,7,7.48,15.03,15.56,0.0,0.00,0.0,0.0,,0.0
130,19,3.00,7,6.31,13.69,14.20,0.0,0.00,0.0,0.0,,0.0
130,20,3.00,7,5.99,12.84,13.34,0.0,0.00,0.0,0.0,,0.0
130,21,3.00,7,5.67,12.16,12.65,0.0,0.00,0.0,0.0,,0.0
130,22,3.00,7,5.26,11.55,12.02,0.0,0.00,0.0,0.0,,0.0
130,23,3.00,7,4.66,10.96,11.42,0.0,0.00,0.0,0.0,,0.0
130,24,3.00,7,4.83,10.48,10.93,0.0,0.00,0.0,-0.0,,0.0
130,1,4.00,7,4.72,10.03,10.47,0.0,0.00,0.0,-0.0,,0.0
130,2,4.00,7,4.84,9.65,10.09,0.0,0.00,0.0,-0.0,,0.0
130,3,4.00,7,4.98,9.33,9.75,0.0,0.00,0.0,-0.0,,0.0
130,4,4.00,7,4.84,9.02,9.43,0.0,0.00,0.0,-0.0,,0.0
130,5,4.00,7,4.64,8.71,9.12,0.0,0.00,0.0,-0.0,,0.0
130,6,4.00,7,4.43,8.43,8.83,0.0,0.00,0.0,-0.0,,0.0
130,7,4.00,7,4.37,8.17,8.57,0.0,0.00,0.0,-0.0,,0.0
130,8,4.00,7,4.10,8.77,9.16,0.0,0.00,0.0,-0.0,,0.0
130,9,4.00,7,5.22,9.21,9.60,0.0,0.00,0.0,-0.0,,0.0
130,10,4.00,7,7.61,9.92,10.31,0.0,0.00,0.0,-0.0,,0.0
130,11,4.00,7,9.65,10.82,11.20,0.0,0.00,0.0,-0.0,,0.0
130,12,4.00,7,12.13,12.01,12.38,0.0,0.00,0.0,-0.0,,0.0
130,13,4.00,7,13.90,13.26,13.63,0.0,0.00,0.0,-0.0,,0.0
130,14,4.00,7,15.22,14.48,14.84,0.0,0.00,0.0,-0.0,,0.0
130,15,4.00,7,16.32,15.58,15.94,0.0,0.00,0.0,-0.0,,0.0
130,16,4.00,7,17.02,16.51,16.87,0.0,0.00,0.0,-0.0,,0.0
130,17,4.00,7,17.55,17.35,17.70,0.0,0.00,0.0,-0.0,,0.0
130,18,4.00,7,14.90,17.39,17.74,0.0,0.00,0.0,0.0,,0.0
130,19,4.00,7,13.46,16.30,16.65,0.0,0.00,0.0,0.0,,0.0
130,20,4.00,7,12.18,15.59,15.93,0.0,0.00,0.0,0.0,,0.0
130,21,4.00,7,11.04,14.96,15.30,0.0,0.00,0.0,0.0,,0.0
130,22,4.00,7,9.68,14.32,14.66,0.0,0.00,0.0,-0.0,,0.0
130,23,4.00,7,8.89,13.73,14.06,0.0,0.00,0.0,-0.0,,0.0
130,24,4.00,7,7.47,13.07,13.40,0.0,0.00,0.0,-0.0,,0.0
130,1,5.00,7,6.39,12.42,12.74,0.0,0.00,0.0,-0.0,,0.0
130,2,5.00,7,5.60,11.79,12.11,0.0,0.00,0.0,-0.0,,0.0
130,3,5.00,7,5.33,11.24,11.56,0.0,0.00,0.0,-0.0,,0.0
130,4,5.00,7,5.15,10.74,11.06,0.0,0.00,0.0,-0.0,,0.0
130,5,5.00,7,4.41,10.22,10.53,0.0,0.00,0.0,-0.0,,0.0
130,6,5.00,7,3.42,9.66,9.97,0.0,0.00,0.0,-0.0,,0.0
130,7,5.00,7,2.67,9.11,9.42,0.0,0.00,0.0,-0.0,,0.0
130,8,5.00,7,1.70,8.98,18.88,9201.34,0.00,363.95,0.0,,9565.29
130,9,5.00,7,3.02,9.12,18.88,6184.25,0.00,63.79,0.0,,6248.04
130,10,5.00,7,5.76,9.74,18.88,5320.93,0.00,0.0,0.0,,5320.93
130,11,5.00,7,9.95,10.92,18.88,4136.19,0.00,0.0,0.0,,4136.19
130,12,5.00,7,13.35,12.37,18.88,2902.35,0.00,0.0,0.0,,2902.35
130,13,5.00,7,15.88,13.88,18.88,1775.41,0.00,0.0,0.0,,1775.41
130,14,5.00,7,18.17,15.39,18.88,722.45,0.00,0.0,0.0,,722.45
130,15,5.00,7,19.46,16.69,18.96,0.0,0.00,0.0,-94.51,,-94.51
130,16,5.00,7,19.23,17.61,19.44,0.0,0.00,0.0,0.0,,0.0
130,17,5.00,7,19.37,18.41,20.03,0.0,0.00,0.0,0.0,,0.0
130,18,5.00,7,17.14,18.39,19.87,0.0,0.00,0.0,0.0,,0.0
130,19,5.00,7,15.76,17.44,18.87,0.0,0.00,0.0,0.0,,0.0
130,20,5.00,7,14.64,16.82,18.17,0.0,0.00,0.0,-0.0,,0.0
130,21,5.00,7,13.46,16.25,17.51,0.0,0.00,0.0,-0.0,,0.0
130,22,5.00,7,12.35,15.69,16.87,0.0,0.00,0.0,-0.0,,0.0
130,23,5.00,7,11.73,15.18,16.29,0.0,0.00,0.0,-0.0,,0.0
130,24,5.00,7,11.65,14.75,15.79,0.0,0.00,0.0,-0.0,,0.0
130,1,6.00,7,11.44,14.35,15.32,0.0,0.00,0.0,-0.0,,0.0
130,2,6.00,7,11.67,14.03,14.95,0.0,0.00,0.0,-0.0,,0.0
130,3,6.00,7,11.87,13.77,14.64,0.0,0.00,0.0,-0.0,,0.0
130,4,6.00,7,12.13,13.56,14.38,0.0,0.00,0.0,-0.0,,0.0
130,5,6.00,7,12.33,13.38,14.16,0.0,0.00,0.0,-0.0,,0.0
130,6,6.00,7,12.37,13.22,13.96,0.0,0.00,0.0,-0.0,,0.0
130,7,6.00,7,11.86,13.01,13.71,0.0,0.00,0.0,-0.0,,0.0
130,8,6.00,7,10.85,13.42,18.88,4625.19,0.00,0.0,0.0,,4625.19
130,9,6.00,7,11.28,13.72,18.88,2913.83,0.00,0.0,0.0,,2913.83
130,10,6.00,7,11.88,14.17,18.88,2442.84,0.00,0.0,0.0,,2442.84
130,11,6.00,7,12.22,14.69,18.88,1969.59,0.00,0.0,0.0,,1969.59
130,12,6.00,7,12.99,15.43,18.88,1352.73,0.00,0.0,0.0,,1352.73
130,13,6.00,7,13.58,16.20,18.88,789.3,0.00,0.0,0.0,,789.3
130,14,6.00,7,12.96,16.75,18.88,473.82,0.00,0.0,0.0,,473.82
130,15,6.00,7,12.22,17.11,18.88,313.61,0.00,0.0,0.0,,313.61
130,16,6.00,7,11.18,17.22,18.88,336.88,0.00,0.0,0.0,,336.88
130,17,6.00,7,9.89,17.17,18.88,453.14,0.00,0.0,0.0,,453.14
130,18,6.00,7,8.58,16.66,18.88,954.11,0.00,0.0,0.0,,954.11
130,19,6.00,7,6.89,15.52,16.97,0.0,0.00,0.0,0.0,,0.0
130,20,6.00,7,6.16,14.59,15.76,0.0,0.00,0.0,0.0,,0.0
130,21,6.00,7,5.20,13.70,14.74,0.0,0.00,0.0,0.0,,0.0
130,22,6.00,7,5.77,13.02,13.99,0.0,0.00,0.0,0.0,,0.0
130,23,6.00,7,6.30,12.47,13.37,0.0,0.00,0.0,0.0,,0.0
130,24,6.00,7,6.52,11.98,12.84,0.0,0.00,0.0,0.0,,0.0
130,1,7.00,7,6.96,11.59,12.40,0.0,0.00,0.0,-0.0,,0.0
130,2,7.00,7,6.98,11.23,11.99,0.0,0.00,0.0,-0.0,,0.0
130,3,7.00,7,6.69,10.86,11.59,0.0,0.00,0.0,-0.0,,0.0
130,4,7.00,7,6.41,10.51,11.20,0.0,0.00,0.0,-0.0,,0.0
130,5,7.00,7,5.69,10.12,10.78,0.0,0.00,0.0,-0.0,,0.0
130,6,7.00,7,5.13,9.73,10.36,0.0,0.00,0.0,-0.0,,0.0
130,7,7.00,7,4.56,9.34,9.94,0.0,0.00,0.0,-0.0,,0.0
130,8,7.00,7,3.93,9.47,18.88,8489.85,0.00,227.13,0.0,,8716.98
130,9,7.00,7,4.22,9.59,18.88,5730.88,0.00,20.88,0.0,,5751.76
130,10,7.00,7,5.87,10.08,18.88,5031.71,0.00,0.0,0.0,,5031.71
130,11,7.00,7,7.84,10.84,18.88,4225.64,0.00,0.0,0.0,,4225.64
130,12,7.00,7,10.59,12.00,18.88,3182.14,0.00,0.0,0.0,,3182.14
130,13,7.00,7,11.63,13.06,18.88,2392.71,0.00,0.0,0.0,,2392.71
130,14,7.00,7,12.73,14.09,18.88,1654.98,0.00,0.0,0.0,,1654.98
130,15,7.00,7,12.60,14.84,18.88,1224.54,0.00,0.0,0.0,,1224.54
130,16,7.00,7,12.71,15.43,18.88,896.69,0.00,0.0,0.0,,896.69
130,17,7.00,7,12.15,15.83,18.88,724.97,0.00,0.0,0.0,,724.97
130,18,7.00,7,10.29,15.57,18.88,1142.43,0.00,0.0,0.0,,1142.43
130,19,7.00,7,8.89,14.57,16.85,0.0,0.00,0.0,0.0,,0.0
130,20,7.00,7,8.01,13.82,15.71,0.0,0.00,0.0,0.0,,0.0
130,21,7.00,7,7.47,13.17,14.86,0.0,0.00,0.0,0.0,,0.0
130,22,7.00,7,7.52,12.64,14.19,0.0,0.00,0.0,0.0,,0.0
130,23,7.00,7,8.47,12.29,13.72,0.0,0.00,0.0,0.0,,0.0
130,24,7.00,7,9.00,12.00,13.34,0.0,0.00,0.0,-0.0,,0.0
130,1,1.00,8,9.16,11.75,13.00,0.0,0.00,0.0,-0.0,,0.0
130,2,1.00,8,8.99,11.49,12.67,0.0,0.00,0.0,-0.0,,0.0
130,3,1.00,8,8.97,11.26,12.37,0.0,0.00,0.0,-0.0,,0.0
130,4,1.00,8,8.98,11.06,12.10,0.0,0.00,0.0,-0.0,,0.0
130,5,1.00,8,8.67,10.85,11.82,0.0,0.00,0.0,-0.0,,0.0
130,6,1.00,8,8.53,10.64,11.57,0.0,0.00,0.0,-0.0,,0.0
130,7,1.00,8,8.11,10.42,11.29,0.0,0.00,0.0,-0.0,,0.0
130,8,1.00,8,7.52,10.86,19.23,7273.0,0.00,0.0,0.0,,7273.0
130,9,1.00,8,7.29,11.01,19.23,4890.77,0.00,0.0,0.0,,4890.77
130,10,1.00,8,8.43,11.43,19.23,4317.62,0.00,0.0,0.0,,4317.62
130,11,1.00,8,10.50,12.18,19.23,3541.07,0.00,0.0,0.0,,3541.07
130,12,1.00,8,12.71,13.17,19.23,2687.88,0.00,0.0,0.0,,2687.88
130,13,1.00,8,14.09,14.19,19.23,1914.47,0.00,0.0,0.0,,1914.47
130,14,1.00,8,15.10,15.22,19.23,1193.26,0.00,0.0,0.0,,1193.26
130,15,1.00,8,15.69,16.14,19.23,606.7,0.00,0.0,0.0,,606.7
130,16,1.00,8,16.48,16.97,19.23,119.58,0.00,0.0,0.0,,119.58
130,17,1.00,8,17.04,17.61,19.44,0.0,0.00,0.0,-77.15,,-77.15
130,18,1.00,8,15.12,17.58,19.23,33.04,0.00,0.0,0.0,,33.04
130,19,1.00,8,13.34,16.59,18.16,0.0,0.00,0.0,-0.0,,0.0
130,20,1.00,8,12.28,15.91,17.39,0.0,0.00,0.0,0.0,,0.0
130,21,1.00,8,11.66,15.35,16.72,0.0,0.00,0.0,-0.0,,0.0
130,22,1.00,8,11.04,14.82,16.11,0.0,0.00,0.0,-0.0,,0.0
130,23,1.00,8,10.44,14.32,15.52,0.0,0.00,0.0,-0.0,,0.0
130,24,1.00,8,10.03,13.85,14.98,0.0,0.00,0.0,-0.0,,0.0
130,1,2.00,8,9.35,13.37,14.43,0.0,0.00,0.0,-0.0,,0.0
130,2,2.00,8,8.95,12.92,13.93,0.0,0.00,0.0,-0.0,,0.0
130,3,2.00,8,8.46,12.49,13.44,0.0,0.00,0.0,-0.0,,0.0
130,4,2.00,8,7.82,12.04,12.94,0.0,0.00,0.0,-0.0,,0.0
130,5,2.00,8,7.36,11.62,12.47,0.0,0.00,0.0,-0.0,,0.0
130,6,2.00,8,6.79,11.19,12.00,0.0,0.00,0.0,-0.0,,0.0
130,7,2.00,8,5.61,10.70,11.47,0.0,0.00,0.0,-0.0,,0.0
130,8,2.00,8,4.21,10.66,19.23,7549.82,0.00,0.0,0.0,,7549.82
130,9,2.00,8,3.62,10.47,19.23,5398.15,0.00,0.0,0.0,,5398.15
130,10,2.00,8,5.49,10.76,19.23,4828.56,0.00,0.0,0.0,,4828.56
130,11,2.00,8,8.80,11.57,19.23,3937.38,0.00,0.0,0.0,,3937.38
130,12,2.00,8,11.96,12.67,19.23,2967.61,0.00,0.0,0.0,,2967.61
130,13,2.00,8,13.91,13.81,19.23,2098.45,0.00,0.0,0.0,,2098.45
130,14,2.00,8,16.09,15.08,19.23,1169.37,0.00,0.0,0.0,,1169.37
130,15,2.00,8,17.39,16.25,19.23,418.5,0.00,0.0,0.0,,418.5
130,16,2.00,8,18.76,17.32,19.47,0.0,0.00,0.0,0.0,,0.0
130,17,2.00,8,19.62,18.18,20.00,0.0,0.00,0.0,0.0,,0.0
130,18,2.00,8,16.71,18.14,19.79,0.0,0.00,0.0,0.0,,0.0
130,19,2.00,8,13.92,17.04,18.63,0.0,0.00,0.0,0.0,,0.0
130,20,2.00,8,12.61,16.31,17.81,0.0,0.00,0.0,0.0,,0.0
130,21,2.00,8,11.86,15.71,17.11,0.0,0.00,0.0,0.0,,0.0
130,22,2.00,8,10.85,15.11,16.42,0.0,0.00,0.0,0.0,,0.0
130,23,2.00,8,9.90,14.52,15.75,0.0,0.00,0.0,0.0,,0.0
130,24,2.00,8,9.33,13.97,15.12,0.0,0.00,0.0,0.0,,0.0
130,1,3.00,8,8.85,13.45,14.54,0.0,0.00,0.0,0.0,,0.0
130,2,3.00,8,8.05,12.91,13.94,0.0,0.00,0.0,-0.0,,0.0
130,3,3.00,8,7.39,12.39,13.36,0.0,0.00,0.0,-0.0,,0.0
130,4,3.00,8,6.63,11.87,12.78,0.0,0.00,0.0,-0.0,,0.0
130,5,3.00,8,5.85,11.34,12.21,0.0,0.00,0.0,-0.0,,0.0
130,6,3.00,8,5.17,10.81,11.64,0.0,0.00,0.0,-0.0,,0.0
130,7,3.00,8,4.68,10.32,11.11,0.0,0.00,0.0,-0.0,,0.0
130,8,3.00,8,3.80,10.70,11.45,0.0,0.00,0.0,-0.0,,0.0
130,9,3.00,8,5.35,10.93,11.65,0.0,0.00,0.0,-0.0,,0.0
130,10,3.00,8,7.98,11.45,12.14,0.0,0.00,0.0,-0.0,,0.0
130,11,3.00,8,12.17,12.42,13.08,0.0,0.00,0.0,-0.0,,0.0
130,12,3.00,8,15.80,13.65,14.29,0.0,0.00,0.0,-0.0,,0.0
130,13,3.00,8,19.08,15.09,15.70,0.0,0.00,0.0,-0.0,,0.0
130,14,3.00,8,22.01,16.65,17.24,0.0,0.00,0.0,-0.0,,0.0
130,15,3.00,8,23.52,18.10,18.67,0.0,0.00,0.0,-0.0,,0.0
130,16,3.00,8,25.11,19.45,20.00,0.0,0.00,0.0,-0.0,,0.0
130,17,3.00,8,24.14,20.33,20.86,0.0,0.00,0.0,0.0,,0.0
130,18,3.00,8,20.84,20.50,21.02,0.0,0.00,0.0,0.0,,0.0
130,19,3.00,8,19.56,19.58,20.08,0.0,0.00,0.0,0.0,,0.0
130,20,3.00,8,17.89,18.95,19.44,0.0,0.00,0.0,0.0,,0.0
130,21,3.00,8,16.35,18.37,18.84,0.0,0.00,0.0,0.0,,0.0
130,22,3.00,8,14.89,17.77,18.23,0.0,0.00,0.0,-0.0,,0.0
130,23,3.00,8,13.57,17.15,17.61,0.0,0.00,0.0,-0.0,,0.0
130,24,3.00,8,11.75,16.45,16.90,0.0,0.00,0.0,-0.0,,0.0
130,1,4.00,8,11.02,15.82,16.25,0.0,0.00,0.0,-0.0,,0.0
130,2,4.00,8,9.68,15.14,15.56,0.0,0.00,0.0,-0.0,,0.0
130,3,4.00,8,8.58,14.46,14.87,0.0,0.00,0.0,-0.0,,0.0
130,4,4.00,8,7.52,13.77,14.18,0.0,0.00,0.0,-0.0,,0.0
130,5,4.00,8,6.46,13.08,13.48,0.0,0.00,0.0,0.0,,0.0
130,6,4.00,8,5.51,12.40,12.80,0.0,0.00,0.0,-0.0,,0.0
130,7,4.00,8,4.66,11.73,12.12,0.0,0.00,0.0,0.0,,0.0
130,8,4.00,8,3.34,11.92,12.30,0.0,0.00,0.0,-0.0,,0.0
130,9,4.00,8,4.36,11.94,12.31,0.0,0.00,0.0,-0.0,,0.0
130,10,4.00,8,6.58,12.24,12.61,0.0,0.00,0.0,-0.0,,0.0
130,11,4.00,8,10.60,13.01,13.38,0.0,0.00,0.0,-0.0,,0.0
130,12,4.00,8,13.90,14.04,14.40,0.0,0.00,0.0,-0.0,,0.0
130,13,4.00,8,16.85,15.26,15.62,0.0,0.00,0.0,-0.0,,0.0
130,14,4.00,8,19.32,16.60,16.95,0.0,0.00,0.0,-0.0,,0.0
130,15,4.00,8,20.65,17.85,18.20,0.0,0.00,0.0,-0.0,,0.0
130,16,4.00,8,21.45,18.92,19.27,0.0,0.00,0.0,-0.0,,0.0
130,17,4.00,8,22.40,19.82,20.16,0.0,0.00,0.0,0.0,,0.0
130,18,4.00,8,18.73,19.90,20.24,0.0,0.00,0.0,0.0,,0.0
130,19,4.00,8,16.57,18.79,19.13,0.0,0.00,0.0,0.0,,0.0
130,20,4.00,8,14.81,18.02,18.35,0.0,0.00,0.0,0.0,,0.0
130,21,4.00,8,13.29,17.32,17.65,0.0,0.00,0.0,0.0,,0.0
130,22,4.00,8,11.97,16.63,16.96,0.0,0.00,0.0,0.0,,0.0
130,23,4.00,8,10.61,15.92,16.25,0.0,0.00,0.0,0.0,,0.0
130,24,4.00,8,9.25,15.20,15.51,0.0,0.00,0.0,-0.0,,0.0
130,1,5.00,8,8.45,14.51,14.83,0.0,0.00,0.0,-0.0,,0.0
130,2,5.00,8,7.56,13.84,14.15,0.0,0.00,0.0,-0.0,,0.0
130,3,5.00,8,6.98,13.21,13.52,0.0,0.00,0.0,-0.0,,0.0
130,4,5.00,8,6.34,12.60,12.90,0.0,0.00,0.0,-0.0,,0.0
130,5,5.00,8,6.05,12.04,12.35,0.0,0.00,0.0,-0.0,,0.0
130,6,5.00,8,5.60,11.51,11.82,0.0,0.00,0.0,-0.0,,0.0
130,7,5.00,8,4.94,10.97,11.28,0.0,0.00,0.0,-0.0,,0.0
130,8,5.00,8,4.16,10.94,19.23,7677.41,0.00,42.11,0.0,,7719.5199999999995
130,9,5.00,8,3.73,10.76,19.23,5439.9,0.00,0.0,0.0,,5439.9
130,10,5.00,8,4.22,10.82,19.23,5072.15,0.00,0.0,0.0,,5072.15
130,11,5.00,8,6.78,11.39,19.23,4323.21,0.00,0.0,0.0,,4323.21
130,12,5.00,8,9.42,12.27,19.23,3479.77,0.00,0.0,0.0,,3479.77
130,13,5.00,8,10.77,13.15,19.23,2760.71,0.00,0.0,0.0,,2760.71
130,14,5.00,8,11.47,13.99,19.23,2129.96,0.00,0.0,0.0,,2129.96
130,15,5.00,8,11.47,14.68,19.23,1680.64,0.00,0.0,0.0,,1680.64
130,16,5.00,8,11.68,15.24,19.23,1336.54,0.00,0.0,0.0,,1336.54
130,17,5.00,8,11.67,15.59,19.23,1173.87,0.00,0.0,0.0,,1173.87
130,18,5.00,8,10.32,15.45,19.23,1445.68,0.00,0.0,0.0,,1445.68
130,19,5.00,8,8.14,14.41,16.85,0.0,0.00,0.0,0.0,,0.0
130,20,5.00,8,7.48,13.67,15.62,0.0,0.00,0.0,0.0,,0.0
130,21,5.00,8,6.97,13.02,14.74,0.0,0.00,0.0,0.0,,0.0
130,22,5.00,8,6.71,12.45,14.02,0.0,0.00,0.0,0.0,,0.0
130,23,5.00,8,6.32,11.91,13.36,0.0,0.00,0.0,0.0,,0.0
130,24,5.00,8,6.57,11.48,12.82,0.0,0.00,0.0,0.0,,0.0
130,1,6.00,8,6.67,11.10,12.35,0.0,0.00,0.0,-0.0,,0.0
130,2,6.00,8,7.05,10.80,11.97,0.0,0.00,0.0,-0.0,,0.0
130,3,6.00,8,7.45,10.57,11.66,0.0,0.00,0.0,-0.0,,0.0
130,4,6.00,8,7.72,10.37,11.40,0.0,0.00,0.0,-0.0,,0.0
130,5,6.00,8,8.14,10.23,11.20,0.0,0.00,0.0,-0.0,,0.0
130,6,6.00,8,8.17,10.09,11.01,0.0,0.00,0.0,-0.0,,0.0
130,7,6.00,8,7.90,9.93,10.79,0.0,0.00,0.0,-0.0,,0.0
130,8,6.00,8,7.33,10.43,19.23,7692.94,0.00,0.0,0.0,,7692.94
130,9,6.00,8,7.00,10.61,19.23,5153.79,0.00,0.0,0.0,,5153.79
130,10,6.00,8,8.49,11.11,19.23,4492.96,0.00,0.0,0.0,,4492.96
130,11,6.00,8,9.55,11.76,19.23,3840.76,0.00,0.0,0.0,,3840.76
130,12,6.00,8,10.36,12.47,19.23,3205.52,0.00,0.0,0.0,,3205.52
130,13,6.00,8,11.25,13.28,19.23,2547.09,0.00,0.0,0.0,,2547.09
130,14,6.00,8,11.54,14.05,19.23,1991.48,0.00,0.0,0.0,,1991.48
130,15,6.00,8,11.67,14.73,19.23,1544.28,0.00,0.0,0.0,,1544.28
130,16,6.00,8,11.65,15.24,19.23,1253.76,0.00,0.0,0.0,,1253.76
130,17,6.00,8,11.48,15.55,19.23,1134.97,0.00,0.0,0.0,,1134.97
130,18,6.00,8,10.65,15.46,19.23,1345.28,0.00,0.0,0.0,,1345.28
130,19,6.00,8,9.68,14.58,17.08,0.0,0.00,0.0,0.0,,0.0
130,20,6.00,8,9.18,13.95,15.99,0.0,0.00,0.0,0.0,,0.0
130,21,6.00,8,9.13,13.45,15.25,0.0,0.00,0.0,0.0,,0.0
130,22,6.00,8,8.80,12.98,14.63,0.0,0.00,0.0,0.0,,0.0
130,23,6.00,8,8.66,12.56,14.09,0.0,0.00,0.0,-0.0,,0.0
130,24,6.00,8,8.70,12.20,13.63,0.0,0.00,0.0,-0.0,,0.0
130,1,7.00,8,8.49,11.86,13.19,0.0,0.00,0.0,-0.0,,0.0
130,2,7.00,8,8.41,11.55,12.80,0.0,0.00,0.0,-0.0,,0.0
130,3,7.00,8,8.42,11.29,12.45,0.0,0.00,0.0,-0.0,,0.0
130,4,7.00,8,8.57,11.06,12.16,0.0,0.00,0.0,-0.0,,0.0
130,5,7.00,8,8.57,10.86,11.89,0.0,0.00,0.0,-0.0,,0.0
130,6,7.00,8,8.45,10.66,11.64,0.0,0.00,0.0,-0.0,,0.0
130,7,7.00,8,8.00,10.43,11.35,0.0,0.00,0.0,-0.0,,0.0
130,8,7.00,8,7.36,10.85,19.23,7237.62,0.00,0.0,0.0,,7237.62
130,9,7.00,8,7.17,11.00,19.23,4872.49,0.00,0.0,0.0,,4872.49
130,10,7.00,8,7.49,11.28,19.23,4432.97,0.00,0.0,0.0,,4432.97
130,11,7.00,8,8.03,11.72,19.23,3922.63,0.00,0.0,0.0,,3922.63
130,12,7.00,8,9.02,12.33,19.23,3328.69,0.00,0.0,0.0,,3328.69
130,13,7.00,8,9.92,13.05,19.23,2725.47,0.00,0.0,0.0,,2725.47
130,14,7.00,8,9.84,13.67,19.23,2272.82,0.00,0.0,0.0,,2272.82
130,15,7.00,8,9.80,14.22,19.23,1899.84,0.00,0.0,0.0,,1899.84
130,16,7.00,8,9.82,14.65,19.23,1647.66,0.00,0.0,0.0,,1647.66
130,17,7.00,8,9.23,14.80,19.23,1632.97,0.00,0.0,0.0,,1632.97
130,18,7.00,8,8.98,14.70,19.23,1794.38,0.00,0.0,0.0,,1794.38
130,19,7.00,8,7.54,13.76,16.61,0.0,0.00,0.0,0.0,,0.0
130,20,7.00,8,6.70,13.03,15.27,0.0,0.00,0.0,0.0,,0.0
130,21,7.00,8,6.19,12.38,14.35,0.0,0.00,0.0,0.0,,0.0
130,22,7.00,8,5.83,11.80,13.59,0.0,0.00,0.0,0.0,,0.0
130,23,7.00,8,5.22,11.22,12.88,0.0,0.00,0.0,0.0,,0.0
130,24,7.00,8,4.97,10.71,12.25,0.0,0.00,0.0,0.0,,0.0
130,1,1.00,8,4.82,10.25,11.69,0.0,0.00,0.0,0.0,,0.0
130,2,1.00,8,4.59,9.82,11.16,0.0,0.00,0.0,-0.0,,0.0
130,3,1.00,8,4.59,9.44,10.70,0.0,0.00,0.0,-0.0,,0.0
130,4,1.00,8,4.70,9.12,10.30,0.0,0.00,0.0,-0.0,,0.0
130,5,1.00,8,4.82,8.84,9.96,0.0,0.00,0.0,-0.0,,0.0
130,6,1.00,8,4.82,8.58,9.64,0.0,0.00,0.0,-0.0,,0.0
130,7,1.00,8,4.70,8.34,9.33,0.0,0.00,0.0,-0.0,,0.0
130,8,1.00,8,4.14,8.68,19.23,9252.5,0.00,219.88,0.0,,9472.38
130,9,1.00,8,4.02,8.81,19.23,6284.18,0.00,0.0,0.0,,6284.18
130,10,1.00,8,5.77,9.30,19.23,5568.27,0.00,0.0,0.0,,5568.27
130,11,1.00,8,7.25,9.98,19.23,4828.55,0.00,0.0,0.0,,4828.55
130,12,1.00,8,9.13,10.88,19.23,3996.46,0.00,0.0,0.0,,3996.46
130,13,1.00,8,10.47,11.85,19.23,3211.85,0.00,0.0,0.0,,3211.85
130,14,1.00,8,11.37,12.82,19.23,2496.52,0.00,0.0,0.0,,2496.52
130,15,1.00,8,11.97,13.70,19.23,1903.51,0.00,0.0,0.0,,1903.51
130,16,1.00,8,12.30,14.41,19.23,1483.76,0.00,0.0,0.0,,1483.76
130,17,1.00,8,11.55,14.77,19.23,1381.91,0.00,0.0,0.0,,1381.91
130,18,1.00,8,10.19,14.66,19.23,1629.17,0.00,0.0,0.0,,1629.17
130,19,1.00,8,7.61,13.60,16.64,0.0,0.00,0.0,0.0,,0.0
130,20,1.00,8,6.30,12.79,15.26,0.0,0.00,0.0,0.0,,0.0
130,21,1.00,8,5.19,12.04,14.23,0.0,0.00,0.0,0.0,,0.0
130,22,1.00,8,4.54,11.37,13.37,0.0,0.00,0.0,0.0,,0.0
130,23,1.00,8,3.95,10.73,12.58,0.0,0.00,0.0,0.0,,0.0
130,24,1.00,8,3.43,10.13,11.85,0.0,0.00,0.0,0.0,,0.0
130,1,2.00,8,2.81,9.55,11.15,0.0,0.00,0.0,0.0,,0.0
130,2,2.00,8,2.43,9.01,10.51,0.0,0.00,0.0,0.0,,0.0
130,3,2.00,8,2.07,8.50,9.91,0.0,0.00,0.0,0.0,,0.0
130,4,2.00,8,1.71,8.02,9.34,0.0,0.00,0.0,0.0,,0.0
130,5,2.00,8,1.48,7.58,8.82,0.0,0.00,0.0,-0.0,,0.0
130,6,2.00,8,1.00,7.14,8.31,0.0,0.00,0.0,-0.0,,0.0
130,7,2.00,8,0.39,6.69,7.80,0.0,0.00,0.0,-0.0,,0.0
130,8,2.00,8,-0.61,6.68,19.23,11082.87,0.00,702.5,0.0,,11785.37
130,9,2.00,8,-1.07,6.53,19.23,7799.73,0.00,356.15,0.0,,8155.879999999999
130,10,2.00,8,1.61,6.99,19.23,6976.92,0.00,143.13,0.0,,7120.05
130,11,2.00,8,5.12,7.93,19.23,5928.45,0.00,0.0,0.0,,5928.45
130,12,2.00,8,8.07,9.09,19.23,4877.39,0.00,0.0,0.0,,4877.39
130,13,2.00,8,10.70,10.40,19.23,3809.68,0.00,0.0,0.0,,3809.68
130,14,2.00,8,12.84,11.77,19.23,2793.52,0.00,0.0,0.0,,2793.52
130,15,2.00,8,14.60,13.09,19.23,1890.78,0.00,0.0,0.0,,1890.78
130,16,2.00,8,14.07,13.96,19.23,1463.4,0.00,0.0,0.0,,1463.4
130,17,2.00,8,13.21,14.47,19.23,1277.6,0.00,0.0,0.0,,1277.6
130,18,2.00,8,11.46,14.46,19.23,1508.27,0.00,0.0,0.0,,1508.27
130,19,2.00,8,9.33,13.48,16.81,0.0,0.00,0.0,0.0,,0.0
130,20,2.00,8,7.81,12.76,15.52,0.0,0.00,0.0,0.0,,0.0
130,21,2.00,8,6.90,12.13,14.60,0.0,0.00,0.0,0.0,,0.0
130,22,2.00,8,6.19,11.55,13.82,0.0,0.00,0.0,0.0,,0.0
130,23,2.00,8,5.51,11.00,13.09,0.0,0.00,0.0,0.0,,0.0
130,24,2.00,8,5.01,10.48,12.43,0.0,0.00,0.0,0.0,,0.0
130,1,3.00,8,4.46,9.97,11.79,0.0,0.00,0.0,0.0,,0.0
130,2,3.00,8,3.77,9.46,11.16,0.0,0.00,0.0,0.0,,0.0
130,3,3.00,8,3.18,8.97,10.56,0.0,0.00,0.0,0.0,,0.0
130,4,3.00,8,2.77,8.51,10.00,0.0,0.00,0.0,0.0,,0.0
130,5,3.00,8,2.33,8.06,9.46,0.0,0.00,0.0,0.0,,0.0
130,6,3.00,8,2.11,7.65,8.97,0.0,0.00,0.0,-0.0,,0.0
130,7,3.00,8,1.69,7.25,8.49,0.0,0.00,0.0,-0.0,,0.0
130,8,3.00,8,0.99,7.72,8.90,0.0,0.00,0.0,-0.0,,0.0
130,9,3.00,8,2.25,8.00,9.11,0.0,0.00,0.0,-0.0,,0.0
130,10,3.00,8,5.03,8.59,9.64,0.0,0.00,0.0,-0.0,,0.0
130,11,3.00,8,7.79,9.44,10.44,0.0,0.00,0.0,-0.0,,0.0
130,12,3.00,8,10.22,10.48,11.44,0.0,0.00,0.0,-0.0,,0.0
130,13,3.00,8,12.26,11.65,12.56,0.0,0.00,0.0,-0.0,,0.0
130,14,3.00,8,13.71,12.85,13.72,0.0,0.00,0.0,-0.0,,0.0
130,15,3.00,8,15.15,14.03,14.87,0.0,0.00,0.0,-0.0,,0.0
130,16,3.00,8,16.16,15.08,15.88,0.0,0.00,0.0,-0.0,,0.0
130,17,3.00,8,15.15,15.72,16.48,0.0,0.00,0.0,0.0,,0.0
130,18,3.00,8,13.59,15.88,16.62,0.0,0.00,0.0,-0.0,,0.0
130,19,3.00,8,11.36,14.77,15.49,0.0,0.00,0.0,0.0,,0.0
130,20,3.00,8,9.76,14.02,14.71,0.0,0.00,0.0,0.0,,0.0
130,21,3.00,8,9.21,13.44,14.10,0.0,0.00,0.0,0.0,,0.0
130,22,3.00,8,8.58,12.91,13.55,0.0,0.00,0.0,0.0,,0.0
130,23,3.00,8,7.64,12.36,12.98,0.0,0.00,0.0,-0.0,,0.0
130,24,3.00,8,6.48,11.77,12.38,0.0,0.00,0.0,-0.0,,0.0
130,1,4.00,8,5.45,11.18,11.77,0.0,0.00,0.0,-0.0,,0.0
130,2,4.00,8,4.07,10.54,11.11,0.0,0.00,0.0,-0.0,,0.0
130,3,4.00,8,2.94,9.88,10.44,0.0,0.00,0.0,-0.0,,0.0
130,4,4.00,8,2.46,9.30,9.84,0.0,0.00,0.0,-0.0,,0.0
130,5,4.00,8,1.64,8.70,9.23,0.0,0.00,0.0,-0.0,,0.0
130,6,4.00,8,2.26,8.27,8.79,0.0,0.00,0.0,-0.0,,0.0
130,7,4.00,8,3.09,7.97,8.48,0.0,0.00,0.0,-0.0,,0.0
130,8,4.00,8,3.87,8.67,9.17,0.0,0.00,0.0,-0.0,,0.0
130,9,4.00,8,4.21,8.97,9.46,0.0,0.00,0.0,-0.0,,0.0
130,10,4.00,8,5.84,9.47,9.94,0.0,0.00,0.0,-0.0,,0.0
130,11,4.00,8,8.44,10.27,10.73,0.0,0.00,0.0,-0.0,,0.0
130,12,4.00,8,10.97,11.28,11.74,0.0,0.00,0.0,-0.0,,0.0
130,13,4.00,8,12.89,12.41,12.86,0.0,0.00,0.0,-0.0,,0.0
130,14,4.00,8,14.24,13.57,14.01,0.0,0.00,0.0,-0.0,,0.0
130,15,4.00,8,15.25,14.67,15.11,0.0,0.00,0.0,-0.0,,0.0
130,16,4.00,8,15.05,15.51,15.95,0.0,0.00,0.0,-0.0,,0.0
130,17,4.00,8,14.34,16.05,16.48,0.0,0.00,0.0,-0.0,,0.0
130,18,4.00,8,13.22,16.18,16.60,0.0,0.00,0.0,-0.0,,0.0
130,19,4.00,8,12.54,15.21,15.62,0.0,0.00,0.0,0.0,,0.0
130,20,4.00,8,12.23,14.66,15.07,0.0,0.00,0.0,-0.0,,0.0
130,21,4.00,8,12.08,14.27,14.67,0.0,0.00,0.0,-0.0,,0.0
130,22,4.00,8,11.37,13.86,14.26,0.0,0.00,0.0,-0.0,,0.0
130,23,4.00,8,10.83,13.47,13.87,0.0,0.00,0.0,-0.0,,0.0
130,24,4.00,8,10.50,13.12,13.51,0.0,0.00,0.0,-0.0,,0.0
130,1,5.00,8,10.47,12.81,13.20,0.0,0.00,0.0,-0.0,,0.0
130,2,5.00,8,10.80,12.59,12.97,0.0,0.00,0.0,-0.0,,0.0
130,3,5.00,8,10.71,12.36,12.74,0.0,0.00,0.0,-0.0,,0.0
130,4,5.00,8,10.40,12.13,12.51,0.0,0.00,0.0,-0.0,,0.0
130,5,5.00,8,9.75,11.86,12.23,0.0,0.00,0.0,-0.0,,0.0
130,6,5.00,8,9.18,11.57,11.94,0.0,0.00,0.0,-0.0,,0.0
130,7,5.00,8,8.18,11.22,11.59,0.0,0.00,0.0,-0.0,,0.0
130,8,5.00,8,7.61,11.54,19.23,7043.26,0.00,0.0,0.0,,7043.26
130,9,5.00,8,8.71,11.83,19.23,4557.68,0.00,0.0,0.0,,4557.68
130,10,5.00,8,10.60,12.41,19.23,3853.79,0.00,0.0,0.0,,3853.79
130,11,5.00,8,12.51,13.23,19.23,3065.48,0.00,0.0,0.0,,3065.48
130,12,5.00,8,14.68,14.26,19.23,2188.53,0.00,0.0,0.0,,2188.53
130,13,5.00,8,16.62,15.41,19.23,1301.42,0.00,0.0,-13.41,,1288.01
130,14,5.00,8,17.89,16.56,19.23,502.84,0.00,0.0,0.0,,502.84
130,15,5.00,8,17.59,17.43,19.23,19.06,0.00,0.0,0.0,,19.06
130,16,5.00,8,17.18,18.06,19.54,0.0,0.00,0.0,-25.46,,-25.46
130,17,5.00,8,16.99,18.49,19.81,0.0,0.00,0.0,0.0,,0.0
130,18,5.00,8,16.05,18.50,19.71,0.0,0.00,0.0,0.0,,0.0
130,19,5.00,8,15.45,17.64,18.82,0.0,0.00,0.0,-0.0,,0.0
130,20,5.00,8,14.52,17.04,18.16,0.0,0.00,0.0,-0.0,,0.0
130,21,5.00,8,13.70,16.51,17.56,0.0,0.00,0.0,-0.0,,0.0
130,22,5.00,8,13.29,16.04,17.03,0.0,0.00,0.0,-0.0,,0.0
130,23,5.00,8,13.05,15.62,16.55,0.0,0.00,0.0,-0.0,,0.0
130,24,5.00,8,12.55,15.20,16.09,0.0,0.00,0.0,-0.0,,0.0
130,1,6.00,8,12.01,14.79,15.63,0.0,0.00,0.0,-0.0,,0.0
130,2,6.00,8,11.93,14.44,15.23,0.0,0.00,0.0,-0.0,,0.0
130,3,6.00,8,11.45,14.07,14.83,0.0,0.00,0.0,-0.0,,0.0
130,4,6.00,8,10.86,13.70,14.41,0.0,0.00,0.0,-0.0,,0.0
130,5,6.00,8,10.45,13.34,14.02,0.0,0.00,0.0,-0.0,,0.0
130,6,6.00,8,10.05,12.99,13.64,0.0,0.00,0.0,-0.0,,0.0
130,7,6.00,8,9.31,12.61,13.23,0.0,0.00,0.0,-0.0,,0.0
130,8,6.00,8,8.37,12.81,19.23,5604.84,0.00,0.0,0.0,,5604.84
130,9,6.00,8,7.88,12.77,19.23,3909.24,0.00,0.0,0.0,,3909.24
130,10,6.00,8,8.75,13.01,19.23,3498.7,0.00,0.0,0.0,,3498.7
130,11,6.00,8,10.38,13.56,19.23,2900.13,0.00,0.0,0.0,,2900.13
130,12,6.00,8,12.16,14.32,19.23,2218.87,0.00,0.0,0.0,,2218.87
130,13,6.00,8,14.28,15.30,19.23,1428.85,0.00,0.0,0.0,,1428.85
130,14,6.00,8,16.49,16.44,19.23,583.85,0.00,0.0,0.0,,583.85
130,15,6.00,8,18.06,17.55,19.37,0.0,0.00,0.0,-5.66,,-5.66
130,16,6.00,8,17.91,18.29,19.79,0.0,0.00,0.0,-246.4,,-246.4
130,17,6.00,8,17.47,18.75,20.08,0.0,0.00,0.0,-59.77,,-59.77
130,18,6.00,8,16.48,18.78,20.00,0.0,0.00,0.0,0.0,,0.0
130,19,6.00,8,15.35,17.87,19.06,0.0,0.00,0.0,-0.0,,0.0
130,20,6.00,8,14.56,17.26,18.39,0.0,0.00,0.0,-0.0,,0.0
130,21,6.00,8,14.15,16.77,17.83,0.0,0.00,0.0,-0.0,,0.0
130,22,6.00,8,13.59,16.30,17.30,0.0,0.00,0.0,-0.0,,0.0
130,23,6.00,8,13.23,15.87,16.82,0.0,0.00,0.0,-0.0,,0.0
130,24,6.00,8,13.21,15.51,16.40,0.0,0.00,0.0,-0.0,,0.0
130,1,7.00,8,12.76,15.14,15.99,0.0,0.00,0.0,-0.0,,0.0
130,2,7.00,8,11.93,14.73,15.53,0.0,0.00,0.0,-0.0,,0.0
130,3,7.00,8,11.95,14.40,15.16,0.0,0.00,0.0,-0.0,,0.0
130,4,7.00,8,11.69,14.08,14.80,0.0,0.00,0.0,-0.0,,0.0
130,5,7.00,8,11.54,13.78,14.48,0.0,0.00,0.0,-0.0,,0.0
130,6,7.00,8,11.59,13.53,14.20,0.0,0.00,0.0,-0.0,,0.0
130,7,7.00,8,11.30,13.27,13.91,0.0,0.00,0.0,-0.0,,0.0
130,8,7.00,8,10.28,13.62,19.23,4822.28,0.00,0.0,0.0,,4822.28
130,9,7.00,8,9.25,13.58,19.23,3375.28,0.00,0.0,0.0,,3375.28
130,10,7.00,8,10.87,13.96,19.23,2847.87,0.00,0.0,0.0,,2847.87
130,11,7.00,8,12.55,14.61,19.23,2225.19,0.00,0.0,0.0,,2225.19
130,12,7.00,8,15.13,15.57,19.23,1400.88,0.00,0.0,0.0,,1400.88
130,13,7.00,8,17.21,16.67,19.23,580.98,0.00,0.0,-277.64,,303.34000000000003
130,14,7.00,8,18.71,17.80,19.42,0.0,0.00,0.0,-156.41,,-156.41
130,15,7.00,8,19.71,18.84,20.15,0.0,0.00,0.0,-31.91,,-31.91
130,16,7.00,8,20.44,19.72,20.89,0.0,0.00,0.0,-332.28,,-332.28
130,17,7.00,8,21.19,20.44,21.51,0.0,0.00,0.0,0.0,,0.0
130,18,7.00,8,19.99,20.58,21.58,0.0,0.00,0.0,0.0,,0.0
130,19,7.00,8,18.05,19.58,20.57,0.0,0.00,0.0,0.0,,0.0
130,20,7.00,8,16.31,18.87,19.81,0.0,0.00,0.0,0.0,,0.0
130,21,7.00,8,15.09,18.24,19.12,0.0,0.00,0.0,-0.0,,0.0
130,22,7.00,8,14.32,17.66,18.50,0.0,0.00,0.0,-0.0,,0.0
130,23,7.00,8,13.93,17.15,17.95,0.0,0.00,0.0,-0.0,,0.0
130,24,7.00,8,13.43,16.66,17.42,0.0,0.00,0.0,-0.0,,0.0
130,1,1.00,8,13.36,16.24,16.96,0.0,0.00,0.0,-0.0,,0.0
130,2,1.00,8,12.85,15.81,16.50,0.0,0.00,0.0,-0.0,,0.0
130,3,1.00,8,12.46,15.40,16.06,0.0,0.00,0.0,-0.0,,0.0
130,4,1.00,8,12.05,15.01,15.64,0.0,0.00,0.0,-0.0,,0.0
130,5,1.00,8,12.07,14.67,15.28,0.0,0.00,0.0,-0.0,,0.0
130,6,1.00,8,12.12,14.38,14.96,0.0,0.00,0.0,-0.0,,0.0
130,7,1.00,8,11.17,14.01,14.57,0.0,0.00,0.0,-0.0,,0.0
130,8,1.00,8,10.81,14.35,19.23,4188.42,0.00,0.0,0.0,,4188.42
130,9,1.00,8,9.79,14.29,19.23,2956.17,0.00,0.0,0.0,,2956.17
130,10,1.00,8,10.51,14.50,19.23,2601.42,0.00,0.0,0.0,,2601.42
130,11,1.00,8,11.86,15.00,19.23,2082.47,0.00,0.0,0.0,,2082.47
130,12,1.00,8,14.99,15.96,19.23,1225.5,0.00,0.0,-37.22,,1188.28
130,13,1.00,8,16.51,16.93,19.23,526.68,0.00,0.0,-284.27,,242.40999999999997
130,14,1.00,8,17.56,17.90,19.37,0.0,0.00,0.0,-166.96,,-166.96
130,15,1.00,8,17.54,18.67,19.85,0.0,0.00,0.0,-2.9,,-2.9
130,16,1.00,8,17.87,19.32,20.38,0.0,0.00,0.0,-98.48,,-98.48
130,17,1.00,8,17.36,19.67,20.64,0.0,0.00,0.0,0.0,,0.0
130,18,1.00,8,15.84,19.52,20.42,0.0,0.00,0.0,0.0,,0.0
130,19,1.00,8,14.36,18.51,19.40,0.0,0.00,0.0,0.0,,0.0
130,20,1.00,8,13.24,17.75,18.60,0.0,0.00,0.0,0.0,,0.0
130,21,1.00,8,12.47,17.09,17.90,0.0,0.00,0.0,0.0,,0.0
130,22,1.00,8,12.05,16.50,17.27,0.0,0.00,0.0,-0.0,,0.0
130,23,1.00,8,11.35,15.92,16.65,0.0,0.00,0.0,-0.0,,0.0
130,24,1.00,8,10.79,15.37,16.06,0.0,0.00,0.0,-0.0,,0.0
130,1,2.00,8,10.58,14.88,15.54,0.0,0.00,0.0,-0.0,,0.0
130,2,2.00,8,10.72,14.47,15.10,0.0,0.00,0.0,-0.0,,0.0
130,3,2.00,8,10.90,14.12,14.73,0.0,0.00,0.0,-0.0,,0.0
130,4,2.00,8,11.22,13.84,14.42,0.0,0.00,0.0,-0.0,,0.0
130,5,2.00,8,10.87,13.54,14.10,0.0,0.00,0.0,-0.0,,0.0
130,6,2.00,8,10.79,13.26,13.80,0.0,0.00,0.0,-0.0,,0.0
130,7,2.00,8,9.91,12.92,13.44,0.0,0.00,0.0,-0.0,,0.0
130,8,2.00,8,9.68,13.30,19.23,5232.74,0.00,0.0,0.0,,5232.74
130,9,2.00,8,9.53,13.40,19.23,3505.79,0.00,0.0,0.0,,3505.79
130,10,2.00,8,10.29,13.72,19.23,3073.53,0.00,0.0,0.0,,3073.53
130,11,2.00,8,11.16,14.21,19.23,2563.1,0.00,0.0,0.0,,2563.1
130,12,2.00,8,12.43,14.88,19.23,1958.71,0.00,0.0,0.0,,1958.71
130,13,2.00,8,13.28,15.63,19.23,1382.12,0.00,0.0,0.0,,1382.12
130,14,2.00,8,14.38,16.47,19.23,760.58,0.00,0.0,0.0,,760.58
130,15,2.00,8,14.41,17.14,19.23,358.75,0.00,0.0,0.0,,358.75
130,16,2.00,8,14.60,17.68,19.23,59.75,0.00,0.0,0.0,,59.75
130,17,2.00,8,14.46,18.00,19.28,0.0,0.00,0.0,0.0,,0.0
130,18,2.00,8,13.04,17.82,19.23,253.1,0.00,0.0,0.0,,253.1
130,19,2.00,8,12.76,16.97,18.17,0.0,0.00,0.0,0.0,,0.0
130,20,2.00,8,11.92,16.31,17.40,0.0,0.00,0.0,0.0,,0.0
130,21,2.00,8,11.18,15.71,16.73,0.0,0.00,0.0,0.0,,0.0
130,22,2.00,8,10.45,15.13,16.09,0.0,0.00,0.0,-0.0,,0.0
130,23,2.00,8,9.87,14.59,15.48,0.0,0.00,0.0,-0.0,,0.0
130,24,2.00,8,9.33,14.06,14.91,0.0,0.00,0.0,-0.0,,0.0
130,1,3.00,8,5.78,13.20,14.00,0.0,0.00,0.0,0.0,,0.0
130,2,3.00,8,5.16,12.49,13.25,0.0,0.00,0.0,0.0,,0.0
130,3,3.00,8,4.65,11.84,12.56,0.0,0.00,0.0,0.0,,0.0
130,4,3.00,8,4.01,11.20,11.89,0.0,0.00,0.0,0.0,,0.0
130,5,3.00,8,3.22,10.57,11.23,0.0,0.00,0.0,0.0,,0.0
130,6,3.00,8,2.65,9.97,10.60,0.0,0.00,0.0,0.0,,0.0
130,7,3.00,8,3.53,9.57,10.17,0.0,0.00,0.0,0.0,,0.0
130,8,3.00,8,3.93,10.12,10.70,0.0,0.00,0.0,-0.0,,0.0
130,9,3.00,8,5.10,10.42,10.97,0.0,0.00,0.0,-0.0,,0.0
130,10,3.00,8,6.60,10.86,11.39,0.0,0.00,0.0,-0.0,,0.0
130,11,3.00,8,8.83,11.57,12.08,0.0,0.00,0.0,-0.0,,0.0
130,12,3.00,8,10.79,12.44,12.94,0.0,0.00,0.0,-0.0,,0.0
130,13,3.00,8,12.89,13.49,13.97,0.0,0.00,0.0,-0.0,,0.0
130,14,3.00,8,15.42,14.72,15.19,0.0,0.00,0.0,-0.0,,0.0
130,15,3.00,8,16.74,15.87,16.33,0.0,0.00,0.0,-0.0,,0.0
130,16,3.00,8,16.62,16.76,17.20,0.0,0.00,0.0,-0.0,,0.0
130,17,3.00,8,15.41,17.26,17.69,0.0,0.00,0.0,-0.0,,0.0
130,18,3.00,8,14.07,17.35,17.77,0.0,0.00,0.0,-0.0,,0.0
130,19,3.00,8,13.27,16.34,16.75,0.0,0.00,0.0,-0.0,,0.0
130,20,3.00,8,12.47,15.71,16.11,0.0,0.00,0.0,-0.0,,0.0
130,21,3.00,8,11.27,15.12,15.52,0.0,0.00,0.0,-0.0,,0.0
130,22,3.00,8,10.57,14.60,14.98,0.0,0.00,0.0,-0.0,,0.0
130,23,3.00,8,9.90,14.09,14.46,0.0,0.00,0.0,-0.0,,0.0
130,24,3.00,8,9.53,13.62,13.99,0.0,0.00,0.0,-0.0,,0.0
130,1,4.00,8,9.01,13.17,13.53,0.0,0.00,0.0,-0.0,,0.0
130,2,4.00,8,8.64,12.74,13.10,0.0,0.00,0.0,-0.0,,0.0
130,3,4.00,8,8.32,12.34,12.69,0.0,0.00,0.0,-0.0,,0.0
130,4,4.00,8,7.99,11.96,12.31,0.0,0.00,0.0,-0.0,,0.0
130,5,4.00,8,7.64,11.59,11.93,0.0,0.00,0.0,-0.0,,0.0
130,6,4.00,8,7.18,11.22,11.56,0.0,0.00,0.0,-0.0,,0.0
130,7,4.00,8,7.01,10.89,11.22,0.0,0.00,0.0,-0.0,,0.0
130,8,4.00,8,6.59,11.45,11.78,0.0,0.00,0.0,-0.0,,0.0
130,9,4.00,8,6.15,11.60,11.92,0.0,0.00,0.0,-0.0,,0.0
130,10,4.00,8,7.78,11.99,12.31,0.0,0.00,0.0,-0.0,,0.0
130,11,4.00,8,10.02,12.66,12.97,0.0,0.00,0.0,-0.0,,0.0
130,12,4.00,8,12.10,13.52,13.83,0.0,0.00,0.0,-0.0,,0.0
130,13,4.00,8,13.19,14.42,14.74,0.0,0.00,0.0,-0.0,,0.0
130,14,4.00,8,14.64,15.44,15.74,0.0,0.00,0.0,-0.0,,0.0
130,15,4.00,8,15.08,16.34,16.65,0.0,0.00,0.0,-0.0,,0.0
130,16,4.00,8,15.54,17.11,17.41,0.0,0.00,0.0,-0.0,,0.0
130,17,4.00,8,15.78,17.67,17.97,0.0,0.00,0.0,-0.0,,0.0
130,18,4.00,8,14.35,17.74,18.04,0.0,0.00,0.0,-0.0,,0.0
130,19,4.00,8,12.32,16.57,16.86,0.0,0.00,0.0,-0.0,,0.0
130,20,4.00,8,11.19,15.80,16.09,0.0,0.00,0.0,-0.0,,0.0
130,21,4.00,8,10.35,15.15,15.44,0.0,0.00,0.0,-0.0,,0.0
130,22,4.00,8,9.54,14.54,14.83,0.0,0.00,0.0,-0.0,,0.0
130,23,4.00,8,9.32,14.02,14.30,0.0,0.00,0.0,-0.0,,0.0
130,24,4.00,8,9.34,13.57,13.85,0.0,0.00,0.0,-0.0,,0.0
130,1,5.00,8,9.08,13.14,13.43,0.0,0.00,0.0,-0.0,,0.0
130,2,5.00,8,8.79,12.74,13.02,0.0,0.00,0.0,-0.0,,0.0
130,3,5.00,8,8.67,12.38,12.66,0.0,0.00,0.0,-0.0,,0.0
130,4,5.00,8,8.33,12.02,12.30,0.0,0.00,0.0,-0.0,,0.0
130,5,5.00,8,8.02,11.68,11.95,0.0,0.00,0.0,-0.0,,0.0
130,6,5.00,8,7.56,11.33,11.60,0.0,0.00,0.0,-0.0,,0.0
130,7,5.00,8,7.51,11.03,11.30,0.0,0.00,0.0,-0.0,,0.0
130,8,5.00,8,7.01,11.34,19.23,7314.63,0.00,0.0,0.0,,7314.63
130,9,5.00,8,6.61,11.38,19.23,4978.67,0.00,0.0,0.0,,4978.67
130,10,5.00,8,7.16,11.63,19.23,4514.61,0.00,0.0,0.0,,4514.61
130,11,5.00,8,8.95,12.23,19.23,3812.41,0.00,0.0,0.0,,3812.41
130,12,5.00,8,11.66,13.18,19.23,2917.83,0.00,0.0,0.0,,2917.83
130,13,5.00,8,13.97,14.30,19.23,2014.72,0.00,0.0,0.0,,2014.72
130,14,5.00,8,16.21,15.55,19.23,1087.18,0.00,0.0,0.0,,1087.18
130,15,5.00,8,16.00,16.45,19.23,579.43,0.00,0.0,0.0,,579.43
130,16,5.00,8,15.63,17.09,19.23,249.51,0.00,0.0,0.0,,249.51
130,17,5.00,8,15.59,17.55,19.23,43.15,0.00,0.0,0.0,,43.15
130,18,5.00,8,14.49,17.55,19.23,239.45,0.00,0.0,0.0,,239.45
130,19,5.00,8,13.38,16.66,18.10,0.0,0.00,0.0,0.0,,0.0
130,20,5.00,8,12.31,16.01,17.32,0.0,0.00,0.0,0.0,,0.0
130,21,5.00,8,10.96,15.38,16.58,0.0,0.00,0.0,0.0,,0.0
130,22,5.00,8,10.06,14.78,15.90,0.0,0.00,0.0,-0.0,,0.0
130,23,5.00,8,9.81,14.26,15.31,0.0,0.00,0.0,-0.0,,0.0
130,24,5.00,8,9.50,13.79,14.77,0.0,0.00,0.0,-0.0,,0.0
130,1,6.00,8,9.34,13.36,14.28,0.0,0.00,0.0,-0.0,,0.0
130,2,6.00,8,9.12,12.96,13.82,0.0,0.00,0.0,-0.0,,0.0
130,3,6.00,8,8.94,12.59,13.41,0.0,0.00,0.0,-0.0,,0.0
130,4,6.00,8,8.65,12.24,13.01,0.0,0.00,0.0,-0.0,,0.0
130,5,6.00,8,8.47,11.91,12.64,0.0,0.00,0.0,-0.0,,0.0
130,6,6.00,8,7.85,11.55,12.24,0.0,0.00,0.0,-0.0,,0.0
130,7,6.00,8,7.42,11.21,11.86,0.0,0.00,0.0,-0.0,,0.0
130,8,6.00,8,6.74,11.45,19.23,6889.35,0.00,0.0,0.0,,6889.35
130,9,6.00,8,6.40,11.47,19.23,4745.44,0.00,0.0,0.0,,4745.44
130,10,6.00,8,8.14,11.88,19.23,4139.57,0.00,0.0,0.0,,4139.57
130,11,6.00,8,10.34,12.62,19.23,3378.09,0.00,0.0,0.0,,3378.09
130,12,6.00,8,12.38,13.55,19.23,2577.08,0.00,0.0,0.0,,2577.08
130,13,6.00,8,14.12,14.58,19.23,1770.52,0.00,0.0,0.0,,1770.52
130,14,6.00,8,16.00,15.74,19.23,924.36,0.00,0.0,0.0,,924.36
130,15,6.00,8,16.25,16.67,19.23,376.69,0.00,0.0,0.0,,376.69
130,16,6.00,8,15.97,17.33,19.23,49.93,0.00,0.0,0.0,,49.93
130,17,6.00,8,15.83,17.78,19.37,0.0,0.00,0.0,0.0,,0.0
130,18,6.00,8,14.75,17.78,19.23,32.03,0.00,0.0,0.0,,32.03
130,19,6.00,8,13.30,16.84,18.22,0.0,0.00,0.0,0.0,,0.0
130,20,6.00,8,12.41,16.19,17.48,0.0,0.00,0.0,0.0,,0.0
130,21,6.00,8,11.64,15.61,16.82,0.0,0.00,0.0,0.0,,0.0
130,22,6.00,8,10.95,15.07,16.20,0.0,0.00,0.0,0.0,,0.0
130,23,6.00,8,10.41,14.56,15.62,0.0,0.00,0.0,-0.0,,0.0
130,24,6.00,8,9.82,14.07,15.06,0.0,0.00,0.0,-0.0,,0.0
130,1,7.00,8,9.58,13.62,14.56,0.0,0.00,0.0,-0.0,,0.0
130,2,7.00,8,9.08,13.18,14.06,0.0,0.00,0.0,-0.0,,0.0
130,3,7.00,8,8.73,12.77,13.60,0.0,0.00,0.0,-0.0,,0.0
130,4,7.00,8,8.56,12.39,13.18,0.0,0.00,0.0,-0.0,,0.0
130,5,7.00,8,8.87,12.10,12.85,0.0,0.00,0.0,-0.0,,0.0
130,6,7.00,8,9.06,11.86,12.56,0.0,0.00,0.0,-0.0,,0.0
130,7,7.00,8,9.61,11.69,12.37,0.0,0.00,0.0,-0.0,,0.0
130,8,7.00,8,9.49,12.24,19.23,6122.23,0.00,0.0,0.0,,6122.23
130,9,7.00,8,9.89,12.54,19.23,3942.07,0.00,0.0,0.0,,3942.07
130,10,7.00,8,10.15,12.90,19.23,3502.36,0.00,0.0,0.0,,3502.36
130,11,7.00,8,10.74,13.40,19.23,2976.6,0.00,0.0,0.0,,2976.6
130,12,7.00,8,13.08,14.30,19.23,2161.62,0.00,0.0,0.0,,2161.62
130,13,7.00,8,15.29,15.39,19.23,1309.73,0.00,0.0,0.0,,1309.73
130,14,7.00,8,17.99,16.70,19.23,344.0,0.00,0.0,0.0,,344.0
130,15,7.00,8,18.37,17.72,19.48,0.0,0.00,0.0,-31.52,,-31.52
130,16,7.00,8,19.05,18.60,20.08,0.0,0.00,0.0,-42.37,,-42.37
130,17,7.00,8,18.17,19.06,20.39,0.0,0.00,0.0,0.0,,0.0
130,18,7.00,8,16.48,19.00,20.22,0.0,0.00,0.0,0.0,,0.0
130,19,7.00,8,14.89,18.02,19.21,0.0,0.00,0.0,0.0,,0.0
130,20,7.00,8,13.47,17.29,18.42,0.0,0.00,0.0,0.0,,0.0
130,21,7.00,8,12.76,16.69,17.74,0.0,0.00,0.0,-0.0,,0.0
130,22,7.00,8,12.00,16.11,17.10,0.0,0.00,0.0,-0.0,,0.0
130,23,7.00,8,11.17,15.54,16.48,0.0,0.00,0.0,-0.0,,0.0
130,24,7.00,8,10.69,15.01,15.89,0.0,0.00,0.0,-0.0,,0.0
130,1,1.00,8,10.30,14.52,15.36,0.0,0.00,0.0,-0.0,,0.0
130,2,1.00,8,10.12,14.09,14.87,0.0,0.00,0.0,-0.0,,0.0
130,3,1.00,8,9.78,13.66,14.41,0.0,0.00,0.0,-0.0,,0.0
130,4,1.00,8,9.21,13.23,13.94,0.0,0.00,0.0,-0.0,,0.0
130,5,1.00,8,8.69,12.81,13.48,0.0,0.00,0.0,-0.0,,0.0
130,6,1.00,8,7.92,12.36,13.01,0.0,0.00,0.0,-0.0,,0.0
130,7,1.00,8,7.66,11.96,12.58,0.0,0.00,0.0,-0.0,,0.0
130,8,1.00,8,6.87,12.11,19.23,6285.94,0.00,0.0,0.0,,6285.94
130,9,1.00,8,6.97,12.14,19.23,4314.81,0.00,0.0,0.0,,4314.81
130,10,1.00,8,8.50,12.51,19.23,3775.58,0.00,0.0,0.0,,3775.58
130,11,1.00,8,10.62,13.20,19.23,3058.68,0.00,0.0,0.0,,3058.68
130,12,1.00,8,12.30,14.03,19.23,2344.08,0.00,0.0,0.0,,2344.08
130,13,1.00,8,13.12,14.86,19.23,1717.24,0.00,0.0,0.0,,1717.24
130,14,1.00,8,13.71,15.69,19.23,1129.04,0.00,0.0,0.0,,1129.04
130,15,1.00,8,13.49,16.34,19.23,742.0,0.00,0.0,0.0,,742.0
130,16,1.00,8,13.12,16.80,19.23,518.99,0.00,0.0,0.0,,518.99
130,17,1.00,8,12.53,17.00,19.23,488.67,0.00,0.0,0.0,,488.67
130,18,1.00,8,11.88,16.89,19.23,703.86,0.00,0.0,0.0,,703.86
130,19,1.00,8,10.14,15.89,17.59,0.0,0.00,0.0,0.0,,0.0
130,20,1.00,8,8.85,15.09,16.53,0.0,0.00,0.0,0.0,,0.0
130,21,1.00,8,7.84,14.35,15.65,0.0,0.00,0.0,0.0,,0.0
130,22,1.00,8,8.04,13.77,14.97,0.0,0.00,0.0,0.0,,0.0
130,23,1.00,8,8.75,13.34,14.47,0.0,0.00,0.0,-0.0,,0.0
130,24,1.00,8,8.30,12.88,13.94,0.0,0.00,0.0,-0.0,,0.0
130,1,2.00,8,7.54,12.40,13.39,0.0,0.00,0.0,-0.0,,0.0
130,2,2.00,8,6.75,11.90,12.83,0.0,0.00,0.0,-0.0,,0.0
130,3,2.00,8,6.10,11.41,12.29,0.0,0.00,0.0,-0.0,,0.0
130,4,2.00,8,5.42,10.92,11.76,0.0,0.00,0.0,-0.0,,0.0
130,5,2.00,8,4.53,10.41,11.20,0.0,0.00,0.0,-0.0,,0.0
130,6,2.00,8,4.03,9.93,10.68,0.0,0.00,0.0,-0.0,,0.0
130,7,2.00,8,3.80,9.49,10.20,0.0,0.00,0.0,-0.0,,0.0
130,8,2.00,8,3.21,9.57,19.23,8640.46,0.00,170.09,0.0,,8810.55
130,9,2.00,8,4.14,9.70,19.23,5840.66,0.00,0.0,0.0,,5840.66
130,10,2.00,8,6.55,10.25,19.23,5078.79,0.00,0.0,0.0,,5078.79
130,11,2.00,8,9.38,11.16,19.23,4153.71,0.00,0.0,0.0,,4153.71
130,12,2.00,8,11.70,12.23,19.23,3234.83,0.00,0.0,0.0,,3234.83
130,13,2.00,8,13.21,13.33,19.23,2391.54,0.00,0.0,0.0,,2391.54
130,14,2.00,8,14.82,14.50,19.23,1532.3,0.00,0.0,0.0,,1532.3
130,15,2.00,8,14.41,15.35,19.23,1051.54,0.00,0.0,0.0,,1051.54
130,16,2.00,8,14.08,15.98,19.23,720.94,0.00,0.0,0.0,,720.94
130,17,2.00,8,13.37,16.33,19.23,624.56,0.00,0.0,0.0,,624.56
130,18,2.00,8,12.53,16.31,19.23,799.67,0.00,0.0,0.0,,799.67
130,19,2.00,8,10.07,15.27,17.42,0.0,0.00,0.0,0.0,,0.0
130,20,2.00,8,8.74,14.49,16.33,0.0,0.00,0.0,0.0,,0.0
130,21,2.00,8,7.52,13.76,15.42,0.0,0.00,0.0,0.0,,0.0
130,22,2.00,8,6.61,13.07,14.60,0.0,0.00,0.0,0.0,,0.0
130,23,2.00,8,5.61,12.38,13.81,0.0,0.00,0.0,0.0,,0.0
130,24,2.00,8,4.93,11.74,13.06,0.0,0.00,0.0,0.0,,0.0
130,1,3.00,8,4.31,11.12,12.36,0.0,0.00,0.0,0.0,,0.0
130,2,3.00,8,3.99,10.56,11.72,0.0,0.00,0.0,0.0,,0.0
130,3,3.00,8,3.59,10.03,11.12,0.0,0.00,0.0,0.0,,0.0
130,4,3.00,8,3.27,9.54,10.56,0.0,0.00,0.0,0.0,,0.0
130,5,3.00,8,3.48,9.13,10.10,0.0,0.00,0.0,0.0,,0.0
130,6,3.00,8,4.11,8.84,9.76,0.0,0.00,0.0,-0.0,,0.0
130,7,3.00,8,4.77,8.63,9.50,0.0,0.00,0.0,-0.0,,0.0
130,8,3.00,8,4.80,9.32,10.15,0.0,0.00,0.0,-0.0,,0.0
130,9,3.00,8,5.17,9.65,10.44,0.0,0.00,0.0,-0.0,,0.0
130,10,3.00,8,6.48,10.14,10.88,0.0,0.00,0.0,-0.0,,0.0
130,11,3.00,8,8.75,10.90,11.61,0.0,0.00,0.0,-0.0,,0.0
130,12,3.00,8,10.41,11.79,12.47,0.0,0.00,0.0,-0.0,,0.0
130,13,3.00,8,11.18,12.70,13.35,0.0,0.00,0.0,-0.0,,0.0
130,14,3.00,8,11.95,13.65,14.28,0.0,0.00,0.0,-0.0,,0.0
130,15,3.00,8,11.86,14.47,15.06,0.0,0.00,0.0,-0.0,,0.0
130,16,3.00,8,11.76,15.11,15.68,0.0,0.00,0.0,-0.0,,0.0
130,17,3.00,8,10.92,15.45,16.01,0.0,0.00,0.0,-0.0,,0.0
130,18,3.00,8,10.21,15.46,16.00,0.0,0.00,0.0,-0.0,,0.0
130,19,3.00,8,9.41,14.35,14.87,0.0,0.00,0.0,-0.0,,0.0
130,20,3.00,8,8.99,13.68,14.18,0.0,0.00,0.0,-0.0,,0.0
130,21,3.00,8,8.76,13.16,13.65,0.0,0.00,0.0,-0.0,,0.0
130,22,3.00,8,8.81,12.74,13.21,0.0,0.00,0.0,-0.0,,0.0
130,23,3.00,8,9.00,12.39,12.85,0.0,0.00,0.0,-0.0,,0.0
130,24,3.00,8,8.79,12.06,12.51,0.0,0.00,0.0,-0.0,,0.0
130,1,4.00,8,8.62,11.75,12.19,0.0,0.00,0.0,-0.0,,0.0
130,2,4.00,8,8.14,11.42,11.85,0.0,0.00,0.0,-0.0,,0.0
130,3,4.00,8,7.82,11.11,11.53,0.0,0.00,0.0,-0.0,,0.0
130,4,4.00,8,7.64,10.83,11.24,0.0,0.00,0.0,-0.0,,0.0
130,5,4.00,8,8.00,10.62,11.02,0.0,0.00,0.0,-0.0,,0.0
130,6,4.00,8,8.63,10.51,10.90,0.0,0.00,0.0,-0.0,,0.0
130,7,4.00,8,9.55,10.48,10.87,0.0,0.00,0.0,-0.0,,0.0
130,8,4.00,8,9.69,11.35,11.72,0.0,0.00,0.0,-0.0,,0.0
130,9,4.00,8,9.03,11.70,12.07,0.0,0.00,0.0,-0.0,,0.0
130,10,4.00,8,8.86,12.07,12.43,0.0,0.00,0.0,-0.0,,0.0
130,11,4.00,8,8.20,12.44,12.80,0.0,0.00,0.0,-0.0,,0.0
130,12,4.00,8,10.42,13.17,13.52,0.0,0.00,0.0,-0.0,,0.0
130,13,4.00,8,11.17,13.93,14.28,0.0,0.00,0.0,-0.0,,0.0
130,14,4.00,8,12.62,14.82,15.17,0.0,0.00,0.0,-0.0,,0.0
130,15,4.00,8,13.05,15.63,15.97,0.0,0.00,0.0,-0.0,,0.0
130,16,4.00,8,12.70,16.21,16.55,0.0,0.00,0.0,-0.0,,0.0
130,17,4.00,8,12.17,16.55,16.88,0.0,0.00,0.0,-0.0,,0.0
130,18,4.00,8,10.80,16.46,16.79,0.0,0.00,0.0,-0.0,,0.0
130,19,4.00,8,9.33,15.21,15.54,0.0,0.00,0.0,-0.0,,0.0
130,20,4.00,8,8.20,14.36,14.68,0.0,0.00,0.0,0.0,,0.0
130,21,4.00,8,7.14,13.61,13.92,0.0,0.00,0.0,0.0,,0.0
130,22,4.00,8,6.67,12.95,13.27,0.0,0.00,0.0,0.0,,0.0
130,23,4.00,8,5.79,12.30,12.61,0.0,0.00,0.0,0.0,,0.0
130,24,4.00,8,5.25,11.69,12.00,0.0,0.00,0.0,0.0,,0.0
130,1,5.00,8,5.26,11.18,11.48,0.0,0.00,0.0,0.0,,0.0
130,2,5.00,8,5.52,10.75,11.06,0.0,0.00,0.0,0.0,,0.0
130,3,5.00,8,5.74,10.39,10.69,0.0,0.00,0.0,-0.0,,0.0
130,4,5.00,8,6.10,10.10,10.40,0.0,0.00,0.0,-0.0,,0.0
130,5,5.00,8,6.48,9.87,10.17,0.0,0.00,0.0,-0.0,,0.0
130,6,5.00,8,6.76,9.69,9.98,0.0,0.00,0.0,-0.0,,0.0
130,7,5.00,8,6.99,9.53,9.82,0.0,0.00,0.0,-0.0,,0.0
130,8,5.00,8,7.27,10.13,19.23,8462.33,0.00,31.04,0.0,,8493.37
130,9,5.00,8,7.17,10.39,19.23,5556.45,0.00,0.0,0.0,,5556.45
130,10,5.00,8,7.85,10.81,19.23,4952.52,0.00,0.0,0.0,,4952.52
130,11,5.00,8,8.65,11.39,19.23,4301.93,0.00,0.0,0.0,,4301.93
130,12,5.00,8,9.89,12.14,19.23,3576.07,0.00,0.0,0.0,,3576.07
130,13,5.00,8,10.53,12.92,19.23,2928.14,0.00,0.0,0.0,,2928.14
130,14,5.00,8,11.53,13.79,19.23,2240.84,0.00,0.0,0.0,,2240.84
130,15,5.00,8,11.51,14.49,19.23,1782.09,0.00,0.0,0.0,,1782.09
130,16,5.00,8,11.35,15.00,19.23,1483.56,0.00,0.0,0.0,,1483.56
130,17,5.00,8,11.20,15.32,19.23,1341.63,0.00,0.0,0.0,,1341.63
130,18,5.00,8,10.70,15.29,19.23,1482.53,0.00,0.0,0.0,,1482.53
130,19,5.00,8,10.49,14.52,17.05,0.0,0.00,0.0,0.0,,0.0
130,20,5.00,8,10.46,14.02,16.04,0.0,0.00,0.0,0.0,,0.0
130,21,5.00,8,10.53,13.63,15.40,0.0,0.00,0.0,-0.0,,0.0
130,22,5.00,8,10.46,13.29,14.90,0.0,0.00,0.0,-0.0,,0.0
130,23,5.00,8,10.86,13.03,14.52,0.0,0.00,0.0,-0.0,,0.0
130,24,5.00,8,10.57,12.76,14.14,0.0,0.00,0.0,-0.0,,0.0
130,1,6.00,8,10.25,12.49,13.78,0.0,0.00,0.0,-0.0,,0.0
130,2,6.00,8,10.13,12.25,13.45,0.0,0.00,0.0,-0.0,,0.0
130,3,6.00,8,10.08,12.03,13.15,0.0,0.00,0.0,-0.0,,0.0
130,4,6.00,8,10.33,11.87,12.92,0.0,0.00,0.0,-0.0,,0.0
130,5,6.00,8,10.59,11.75,12.74,0.0,0.00,0.0,-0.0,,0.0
130,6,6.00,8,10.78,11.65,12.58,0.0,0.00,0.0,-0.0,,0.0
130,7,6.00,8,10.83,11.57,12.44,0.0,0.00,0.0,-0.0,,0.0
130,8,6.00,8,10.38,12.20,19.23,5987.39,0.00,0.0,0.0,,5987.39
130,9,6.00,8,10.40,12.51,19.23,3861.49,0.00,0.0,0.0,,3861.49
130,10,6.00,8,10.25,12.83,19.23,3476.21,0.00,0.0,0.0,,3476.21
130,11,6.00,8,10.47,13.27,19.23,3012.48,0.00,0.0,0.0,,3012.48
130,12,6.00,8,11.88,13.98,19.23,2360.32,0.00,0.0,0.0,,2360.32
130,13,6.00,8,13.02,14.80,19.23,1714.91,0.00,0.0,0.0,,1714.91
130,14,6.00,8,14.09,15.69,19.23,1070.71,0.00,0.0,0.0,,1070.71
130,15,6.00,8,13.75,16.34,19.23,702.88,0.00,0.0,0.0,,702.88
130,16,6.00,8,13.25,16.78,19.23,501.62,0.00,0.0,0.0,,501.62
130,17,6.00,8,12.75,17.00,19.23,461.17,0.00,0.0,0.0,,461.17
130,18,6.00,8,12.16,16.90,19.23,667.65,0.00,0.0,0.0,,667.65
130,19,6.00,8,10.81,15.94,17.66,0.0,0.00,0.0,0.0,,0.0
130,20,6.00,8,9.83,15.20,16.68,0.0,0.00,0.0,-0.0,,0.0
130,21,6.00,8,8.94,14.53,15.86,0.0,0.00,0.0,-0.0,,0.0
130,22,6.00,8,8.58,13.94,15.17,0.0,0.00,0.0,-0.0,,0.0
130,23,6.00,8,7.87,13.35,14.50,0.0,0.00,0.0,-0.0,,0.0
130,24,6.00,8,6.94,12.74,13.82,0.0,0.00,0.0,-0.0,,0.0
130,1,7.00,8,7.28,12.28,13.30,0.0,0.00,0.0,-0.0,,0.0
130,2,7.00,8,7.59,11.91,12.86,0.0,0.00,0.0,-0.0,,0.0
130,3,7.00,8,7.83,11.59,12.49,0.0,0.00,0.0,-0.0,,0.0
130,4,7.00,8,7.81,11.29,12.14,0.0,0.00,0.0,-0.0,,0.0
130,5,7.00,8,8.05,11.05,11.85,0.0,0.00,0.0,-0.0,,0.0
130,6,7.00,8,8.06,10.82,11.59,0.0,0.00,0.0,-0.0,,0.0
130,7,7.00,8,8.17,10.63,11.36,0.0,0.00,0.0,-0.0,,0.0
130,8,7.00,8,8.17,11.17,19.23,7101.1,0.00,0.0,0.0,,7101.1
130,9,7.00,8,8.27,11.42,19.23,4664.49,0.00,0.0,0.0,,4664.49
130,10,7.00,8,9.59,11.93,19.23,4033.25,0.00,0.0,0.0,,4033.25
130,11,7.00,8,11.23,12.68,19.23,3295.82,0.00,0.0,0.0,,3295.82
130,12,7.00,8,13.39,13.67,19.23,2436.79,0.00,0.0,0.0,,2436.79
130,13,7.00,8,14.13,14.61,19.23,1755.28,0.00,0.0,0.0,,1755.28
130,14,7.00,8,15.09,15.59,19.23,1052.92,0.00,0.0,0.0,,1052.92
130,15,7.00,8,14.98,16.37,19.23,592.6,0.00,0.0,0.0,,592.6
130,16,7.00,8,14.84,16.97,19.23,280.73,0.00,0.0,0.0,,280.73
130,17,7.00,8,14.59,17.34,19.23,147.09,0.00,0.0,0.0,,147.09
130,18,7.00,8,13.49,17.28,19.23,380.67,0.00,0.0,0.0,,380.67
130,19,7.00,8,11.84,16.30,17.90,0.0,0.00,0.0,0.0,,0.0
130,20,7.00,8,10.82,15.58,17.01,0.0,0.00,0.0,0.0,,0.0
130,21,7.00,8,9.71,14.91,16.23,0.0,0.00,0.0,0.0,,0.0
130,22,7.00,8,8.81,14.26,15.49,0.0,0.00,0.0,0.0,,0.0
130,23,7.00,8,8.11,13.65,14.80,0.0,0.00,0.0,0.0,,0.0
130,24,7.00,8,7.94,13.12,14.20,0.0,0.00,0.0,0.0,,0.0
130,1,1.00,9,7.58,12.62,13.63,0.0,0.00,0.0,0.0,,0.0
130,2,1.00,9,7.32,12.16,13.11,0.0,0.00,0.0,0.0,,0.0
130,3,1.00,9,7.07,11.73,12.63,0.0,0.00,0.0,-0.0,,0.0
130,4,1.00,9,6.99,11.35,12.20,0.0,0.00,0.0,-0.0,,0.0
130,5,1.00,9,6.97,11.01,11.82,0.0,0.00,0.0,-0.0,,0.0
130,6,1.00,9,7.05,10.72,11.48,0.0,0.00,0.0,-0.0,,0.0
130,7,1.00,9,7.28,10.48,11.21,0.0,0.00,0.0,-0.0,,0.0
130,8,1.00,9,6.90,10.83,19.67,7843.2,0.00,0.0,0.0,,7843.2
130,9,1.00,9,6.74,10.93,19.67,5317.37,0.00,0.0,0.0,,5317.37
130,10,1.00,9,7.68,11.27,19.67,4776.63,0.00,0.0,0.0,,4776.63
130,11,1.00,9,9.68,12.00,19.67,3983.84,0.00,0.0,0.0,,3983.84
130,12,1.00,9,11.01,12.87,19.67,3209.01,0.00,0.0,0.0,,3209.01
130,13,1.00,9,12.54,13.82,19.67,2455.24,0.00,0.0,0.0,,2455.24
130,14,1.00,9,13.16,14.69,19.67,1844.23,0.00,0.0,0.0,,1844.23
130,15,1.00,9,13.05,15.40,19.67,1397.54,0.00,0.0,0.0,,1397.54
130,16,1.00,9,12.64,15.93,19.67,1104.14,0.00,0.0,0.0,,1104.14
130,17,1.00,9,11.82,16.20,19.67,1036.1,0.00,0.0,0.0,,1036.1
130,18,1.00,9,11.18,16.24,19.67,1108.72,0.00,0.0,0.0,,1108.72
130,19,1.00,9,10.18,15.52,17.87,0.0,0.00,0.0,0.0,,0.0
130,20,1.00,9,9.99,14.96,16.91,0.0,0.00,0.0,0.0,,0.0
130,21,1.00,9,9.71,14.43,16.17,0.0,0.00,0.0,0.0,,0.0
130,22,1.00,9,9.82,13.97,15.57,0.0,0.00,0.0,-0.0,,0.0
130,23,1.00,9,9.76,13.56,15.04,0.0,0.00,0.0,-0.0,,0.0
130,24,1.00,9,9.52,13.16,14.54,0.0,0.00,0.0,-0.0,,0.0
130,1,2.00,9,9.25,12.78,14.07,0.0,0.00,0.0,-0.0,,0.0
130,2,2.00,9,8.93,12.42,13.62,0.0,0.00,0.0,-0.0,,0.0
130,3,2.00,9,8.45,12.05,13.18,0.0,0.00,0.0,-0.0,,0.0
130,4,2.00,9,8.15,11.70,12.77,0.0,0.00,0.0,-0.0,,0.0
130,5,2.00,9,7.90,11.38,12.39,0.0,0.00,0.0,-0.0,,0.0
130,6,2.00,9,7.52,11.06,12.01,0.0,0.00,0.0,-0.0,,0.0
130,7,2.00,9,7.12,10.74,11.63,0.0,0.00,0.0,-0.0,,0.0
130,8,2.00,9,6.55,10.99,19.67,7546.19,0.00,0.0,0.0,,7546.19
130,9,2.00,9,7.11,11.16,19.67,5066.78,0.00,0.0,0.0,,5066.78
130,10,2.00,9,8.99,11.67,19.67,4400.49,0.00,0.0,0.0,,4400.49
130,11,2.00,9,10.44,12.38,19.67,3683.49,0.00,0.0,0.0,,3683.49
130,12,2.00,9,11.93,13.30,19.67,2885.68,0.00,0.0,0.0,,2885.68
130,13,2.00,9,13.02,14.20,19.67,2200.07,0.00,0.0,0.0,,2200.07
130,14,2.00,9,13.89,15.10,19.67,1561.19,0.00,0.0,0.0,,1561.19
130,15,2.00,9,13.92,15.85,19.67,1097.58,0.00,0.0,0.0,,1097.58
130,16,2.00,9,13.90,16.47,19.67,740.95,0.00,0.0,0.0,,740.95
130,17,2.00,9,13.20,16.81,19.67,641.56,0.00,0.0,0.0,,641.56
130,18,2.00,9,12.41,16.88,19.67,722.6,0.00,0.0,0.0,,722.6
130,19,2.00,9,10.59,16.05,18.14,0.0,0.00,0.0,0.0,,0.0
130,20,2.00,9,9.92,15.40,17.19,0.0,0.00,0.0,0.0,,0.0
130,21,2.00,9,9.19,14.76,16.38,0.0,0.00,0.0,0.0,,0.0
130,22,2.00,9,8.87,14.17,15.67,0.0,0.00,0.0,0.0,,0.0
130,23,2.00,9,8.45,13.62,15.01,0.0,0.00,0.0,0.0,,0.0
130,24,2.00,9,8.43,13.14,14.44,0.0,0.00,0.0,0.0,,0.0
130,1,3.00,9,7.87,12.65,13.87,0.0,0.00,0.0,0.0,,0.0
130,2,3.00,9,7.33,12.17,13.32,0.0,0.00,0.0,0.0,,0.0
130,3,3.00,9,7.05,11.73,12.81,0.0,0.00,0.0,0.0,,0.0
130,4,3.00,9,6.86,11.34,12.35,0.0,0.00,0.0,-0.0,,0.0
130,5,3.00,9,6.65,10.96,11.93,0.0,0.00,0.0,-0.0,,0.0
130,6,3.00,9,6.31,10.60,11.51,0.0,0.00,0.0,-0.0,,0.0
130,7,3.00,9,6.05,10.25,11.12,0.0,0.00,0.0,-0.0,,0.0
130,8,3.00,9,5.64,10.77,11.60,0.0,0.00,0.0,-0.0,,0.0
130,9,3.00,9,5.73,10.94,11.73,0.0,0.00,0.0,-0.0,,0.0
130,10,3.00,9,7.92,11.41,12.15,0.0,0.00,0.0,-0.0,,0.0
130,11,3.00,9,10.28,12.17,12.89,0.0,0.00,0.0,-0.0,,0.0
130,12,3.00,9,12.51,13.18,13.87,0.0,0.00,0.0,-0.0,,0.0
130,13,3.00,9,14.24,14.23,14.89,0.0,0.00,0.0,-0.0,,0.0
130,14,3.00,9,15.64,15.31,15.94,0.0,0.00,0.0,-0.0,,0.0
130,15,3.00,9,15.80,16.25,16.86,0.0,0.00,0.0,-0.0,,0.0
130,16,3.00,9,15.80,17.05,17.64,0.0,0.00,0.0,-0.0,,0.0
130,17,3.00,9,15.16,17.58,18.15,0.0,0.00,0.0,0.0,,0.0
130,18,3.00,9,14.55,17.86,18.40,0.0,0.00,0.0,0.0,,0.0
130,19,3.00,9,12.21,16.83,17.36,0.0,0.00,0.0,0.0,,0.0
130,20,3.00,9,10.41,16.02,16.54,0.0,0.00,0.0,0.0,,0.0
130,21,3.00,9,9.28,15.28,15.78,0.0,0.00,0.0,0.0,,0.0
130,22,3.00,9,8.47,14.58,15.06,0.0,0.00,0.0,0.0,,0.0
130,23,3.00,9,7.65,13.90,14.37,0.0,0.00,0.0,0.0,,0.0
130,24,3.00,9,7.08,13.26,13.72,0.0,0.00,0.0,0.0,,0.0
130,1,4.00,9,6.35,12.63,13.08,0.0,0.00,0.0,0.0,,0.0
130,2,4.00,9,5.86,12.05,12.49,0.0,0.00,0.0,0.0,,0.0
130,3,4.00,9,5.35,11.49,11.92,0.0,0.00,0.0,-0.0,,0.0
130,4,4.00,9,4.79,10.94,11.37,0.0,0.00,0.0,-0.0,,0.0
130,5,4.00,9,4.35,10.43,10.84,0.0,0.00,0.0,-0.0,,0.0
130,6,4.00,9,4.09,9.96,10.36,0.0,0.00,0.0,-0.0,,0.0
130,7,4.00,9,3.64,9.50,9.89,0.0,0.00,0.0,-0.0,,0.0
130,8,4.00,9,2.94,9.88,10.27,0.0,0.00,0.0,-0.0,,0.0
130,9,4.00,9,3.96,10.06,10.44,0.0,0.00,0.0,-0.0,,0.0
130,10,4.00,9,6.58,10.54,10.92,0.0,0.00,0.0,-0.0,,0.0
130,11,4.00,9,8.90,11.30,11.67,0.0,0.00,0.0,-0.0,,0.0
130,12,4.00,9,11.28,12.32,12.68,0.0,0.00,0.0,-0.0,,0.0
130,13,4.00,9,13.35,13.41,13.77,0.0,0.00,0.0,-0.0,,0.0
130,14,4.00,9,15.07,14.55,14.90,0.0,0.00,0.0,-0.0,,0.0
130,15,4.00,9,16.08,15.63,15.98,0.0,0.00,0.0,-0.0,,0.0
130,16,4.00,9,16.62,16.59,16.94,0.0,0.00,0.0,-0.0,,0.0
130,17,4.00,9,15.92,17.23,17.57,0.0,0.00,0.0,0.0,,0.0
130,18,4.00,9,15.10,17.57,17.91,0.0,0.00,0.0,0.0,,0.0
130,19,4.00,9,13.23,16.67,17.01,0.0,0.00,0.0,0.0,,0.0
130,20,4.00,9,11.12,15.92,16.25,0.0,0.00,0.0,0.0,,0.0
130,21,4.00,9,9.76,15.21,15.54,0.0,0.00,0.0,0.0,,0.0
130,22,4.00,9,8.68,14.51,14.84,0.0,0.00,0.0,0.0,,0.0
130,23,4.00,9,7.67,13.83,14.15,0.0,0.00,0.0,0.0,,0.0
130,24,4.00,9,6.47,13.12,13.44,0.0,0.00,0.0,0.0,,0.0
130,1,5.00,9,5.66,12.44,12.76,0.0,0.00,0.0,0.0,,0.0
130,2,5.00,9,4.95,11.80,12.11,0.0,0.00,0.0,0.0,,0.0
130,3,5.00,9,4.37,11.18,11.49,0.0,0.00,0.0,0.0,,0.0
130,4,5.00,9,3.92,10.61,10.92,0.0,0.00,0.0,0.0,,0.0
130,5,5.00,9,3.25,10.03,10.34,0.0,0.00,0.0,0.0,,0.0
130,6,5.00,9,2.87,9.51,9.81,0.0,0.00,0.0,0.0,,0.0
130,7,5.00,9,2.37,8.99,9.29,0.0,0.00,0.0,-0.0,,0.0
130,8,5.00,9,1.66,8.91,19.67,10041.67,0.00,515.22,0.0,,10556.89
130,9,5.00,9,3.31,9.06,19.67,6750.86,0.00,146.55,0.0,,6897.41
130,10,5.00,9,6.69,9.75,19.67,5800.2,0.00,0.0,0.0,,5800.2
130,11,5.00,9,9.69,10.77,19.67,4754.88,0.00,0.0,0.0,,4754.88
130,12,5.00,9,12.36,12.03,19.67,3650.25,0.00,0.0,0.0,,3650.25
130,13,5.00,9,14.62,13.33,19.67,2641.01,0.00,0.0,0.0,,2641.01
130,14,5.00,9,16.91,14.71,19.67,1625.4,0.00,0.0,0.0,,1625.4
130,15,5.00,9,18.06,15.96,19.67,813.86,0.00,0.0,0.0,,813.86
130,16,5.00,9,18.92,17.07,19.67,138.82,0.00,0.0,0.0,,138.82
130,17,5.00,9,18.25,17.77,19.82,0.0,0.00,0.0,0.0,,0.0
130,18,5.00,9,16.57,18.00,19.80,0.0,0.00,0.0,0.0,,0.0
130,19,5.00,9,13.78,17.11,18.82,0.0,0.00,0.0,0.0,,0.0
130,20,5.00,9,12.23,16.43,18.03,0.0,0.00,0.0,0.0,,0.0
130,21,5.00,9,10.94,15.76,17.25,0.0,0.00,0.0,0.0,,0.0
130,22,5.00,9,9.92,15.10,16.49,0.0,0.00,0.0,0.0,,0.0
130,23,5.00,9,8.99,14.45,15.75,0.0,0.00,0.0,0.0,,0.0
130,24,5.00,9,7.92,13.79,15.00,0.0,0.00,0.0,0.0,,0.0
130,1,6.00,9,7.15,13.16,14.29,0.0,0.00,0.0,0.0,,0.0
130,2,6.00,9,6.37,12.54,13.60,0.0,0.00,0.0,0.0,,0.0
130,3,6.00,9,5.46,11.91,12.91,0.0,0.00,0.0,0.0,,0.0
130,4,6.00,9,4.64,11.30,12.23,0.0,0.00,0.0,0.0,,0.0
130,5,6.00,9,3.75,10.68,11.56,0.0,0.00,0.0,0.0,,0.0
130,6,6.00,9,3.17,10.09,10.93,0.0,0.00,0.0,0.0,,0.0
130,7,6.00,9,2.74,9.55,10.34,0.0,0.00,0.0,0.0,,0.0
130,8,6.00,9,2.04,9.43,19.67,9134.94,0.00,598.96,0.0,,9733.900000000001
130,9,6.00,9,3.99,9.60,19.67,6145.83,0.00,217.42,0.0,,6363.25
130,10,6.00,9,7.36,10.29,19.67,5250.27,0.00,0.0,0.0,,5250.27
130,11,6.00,9,11.20,11.45,19.67,4116.24,0.00,0.0,0.0,,4116.24
130,12,6.00,9,14.61,12.89,19.67,2910.33,0.00,0.0,0.0,,2910.33
130,13,6.00,9,17.50,14.40,19.67,1792.06,0.00,0.0,0.0,,1792.06
130,14,6.00,9,20.29,16.00,19.67,668.2,0.00,0.0,0.0,,668.2
130,15,6.00,9,21.75,17.45,19.92,0.0,0.00,0.0,0.0,,0.0
130,16,6.00,9,23.05,18.78,20.81,0.0,0.00,0.0,0.0,,0.0
130,17,6.00,9,22.23,19.61,21.42,0.0,0.00,0.0,0.0,,0.0
130,18,6.00,9,20.52,19.96,21.61,0.0,0.00,0.0,0.0,,0.0
130,19,6.00,9,18.07,19.12,20.72,0.0,0.00,0.0,0.0,,0.0
130,20,6.00,9,15.95,18.47,19.97,0.0,0.00,0.0,0.0,,0.0
130,21,6.00,9,14.03,17.78,19.19,0.0,0.00,0.0,0.0,,0.0
130,22,6.00,9,12.75,17.11,18.42,0.0,0.00,0.0,0.0,,0.0
130,23,6.00,9,11.49,16.42,17.65,0.0,0.00,0.0,0.0,,0.0
130,24,6.00,9,10.36,15.74,16.89,0.0,0.00,0.0,0.0,,0.0
130,1,7.00,9,9.54,15.08,16.16,0.0,0.00,0.0,0.0,,0.0
130,2,7.00,9,8.77,14.44,15.47,0.0,0.00,0.0,0.0,,0.0
130,3,7.00,9,8.00,13.82,14.78,0.0,0.00,0.0,0.0,,0.0
130,4,7.00,9,7.31,13.22,14.13,0.0,0.00,0.0,0.0,,0.0
130,5,7.00,9,6.64,12.63,13.49,0.0,0.00,0.0,0.0,,0.0
130,6,7.00,9,5.86,12.05,12.86,0.0,0.00,0.0,0.0,,0.0
130,7,7.00,9,4.69,11.42,12.19,0.0,0.00,0.0,0.0,,0.0
130,8,7.00,9,3.68,11.21,19.67,7438.3,0.00,272.21,0.0,,7710.51
130,9,7.00,9,4.77,11.18,19.67,5171.2,0.00,62.22,0.0,,5233.42
130,10,7.00,9,8.11,11.75,19.67,4385.31,0.00,0.0,0.0,,4385.31
130,11,7.00,9,12.22,12.86,19.67,3299.86,0.00,0.0,0.0,,3299.86
130,12,7.00,9,14.86,14.12,19.67,2286.19,0.00,0.0,0.0,,2286.19
130,13,7.00,9,16.97,15.39,19.67,1367.44,0.00,0.0,0.0,,1367.44
130,14,7.00,9,19.48,16.79,19.67,377.51,0.00,0.0,0.0,,377.51
130,15,7.00,9,20.63,18.04,20.08,0.0,0.00,0.0,0.0,,0.0
130,16,7.00,9,22.05,19.24,20.96,0.0,0.00,0.0,0.0,,0.0
130,17,7.00,9,23.33,20.30,21.85,0.0,0.00,0.0,0.0,,0.0
130,18,7.00,9,21.97,20.77,22.19,0.0,0.00,0.0,0.0,,0.0
130,19,7.00,9,19.24,19.92,21.30,0.0,0.00,0.0,0.0,,0.0
130,20,7.00,9,17.21,19.29,20.60,0.0,0.00,0.0,0.0,,0.0
130,21,7.00,9,15.94,18.70,19.93,0.0,0.00,0.0,0.0,,0.0
130,22,7.00,9,15.08,18.14,19.29,0.0,0.00,0.0,0.0,,0.0
130,23,7.00,9,13.99,17.56,18.64,0.0,0.00,0.0,0.0,,0.0
130,24,7.00,9,12.63,16.92,17.94,0.0,0.00,0.0,0.0,,0.0
130,1,1.00,9,11.67,16.31,17.27,0.0,0.00,0.0,-0.0,,0.0
130,2,1.00,9,10.55,15.67,16.58,0.0,0.00,0.0,-0.0,,0.0
130,3,1.00,9,9.63,15.04,15.90,0.0,0.00,0.0,-0.0,,0.0
130,4,1.00,9,8.69,14.41,15.23,0.0,0.00,0.0,-0.0,,0.0
130,5,1.00,9,7.80,13.79,14.56,0.0,0.00,0.0,-0.0,,0.0
130,6,1.00,9,7.19,13.19,13.93,0.0,0.00,0.0,-0.0,,0.0
130,7,1.00,9,6.38,12.60,13.30,0.0,0.00,0.0,-0.0,,0.0
130,8,1.00,9,5.29,12.42,19.67,6339.62,0.00,0.0,0.0,,6339.62
130,9,1.00,9,7.37,12.56,19.67,4242.42,0.00,0.0,0.0,,4242.42
130,10,1.00,9,11.01,13.27,19.67,3412.3,0.00,0.0,0.0,,3412.3
130,11,1.00,9,14.70,14.40,19.67,2383.05,0.00,0.0,0.0,,2383.05
130,12,1.00,9,17.96,15.80,19.67,1272.89,0.00,0.0,0.0,,1272.89
130,13,1.00,9,20.51,17.23,19.67,272.62,0.00,0.0,-96.23,,176.39
130,14,1.00,9,23.12,18.75,20.47,0.0,0.00,0.0,-313.78,,-313.78
130,15,1.00,9,24.53,20.14,21.58,0.0,0.00,0.0,0.0,,0.0
130,16,1.00,9,25.79,21.42,22.72,0.0,0.00,0.0,0.0,,0.0
130,17,1.00,9,24.94,22.20,23.40,0.0,0.00,0.0,0.0,,0.0
130,18,1.00,9,23.50,22.56,23.67,0.0,0.00,0.0,0.0,,0.0
130,19,1.00,9,20.35,21.60,22.69,0.0,0.00,0.0,0.0,,0.0
130,20,1.00,9,18.09,20.86,21.90,0.0,0.00,0.0,0.0,,0.0
130,21,1.00,9,16.37,20.13,21.11,0.0,0.00,0.0,0.0,,0.0
130,22,1.00,9,15.25,19.43,20.35,0.0,0.00,0.0,0.0,,0.0
130,23,1.00,9,14.53,18.78,19.65,0.0,0.00,0.0,0.0,,0.0
130,24,1.00,9,13.51,18.11,18.94,0.0,0.00,0.0,0.0,,0.0
130,1,2.00,9,13.01,17.51,18.30,0.0,0.00,0.0,-0.0,,0.0
130,2,2.00,9,12.20,16.90,17.65,0.0,0.00,0.0,-0.0,,0.0
130,3,2.00,9,11.48,16.31,17.03,0.0,0.00,0.0,-0.0,,0.0
130,4,2.00,9,10.74,15.73,16.41,0.0,0.00,0.0,-0.0,,0.0
130,5,2.00,9,10.00,15.15,15.81,0.0,0.00,0.0,-0.0,,0.0
130,6,2.00,9,8.99,14.55,15.18,0.0,0.00,0.0,-0.0,,0.0
130,7,2.00,9,7.74,13.91,14.51,0.0,0.00,0.0,-0.0,,0.0
130,8,2.00,9,6.85,13.74,19.67,5160.05,0.00,0.0,0.0,,5160.05
130,9,2.00,9,6.27,13.45,19.67,3846.27,0.00,0.0,0.0,,3846.27
130,10,2.00,9,10.04,13.96,19.67,3105.22,0.00,0.0,0.0,,3105.22
130,11,2.00,9,14.02,14.99,19.67,2130.09,0.00,0.0,0.0,,2130.09
130,12,2.00,9,17.77,16.37,19.67,1016.76,0.00,0.0,0.0,,1016.76
130,13,2.00,9,20.73,17.81,19.67,0.0,0.00,0.0,-102.8,,-102.8
130,14,2.00,9,24.01,19.42,20.83,0.0,0.00,0.0,-203.86,,-203.86
130,15,2.00,9,25.41,20.83,22.06,0.0,0.00,0.0,-24.7,,-24.7
130,16,2.00,9,25.01,21.85,22.97,0.0,0.00,0.0,0.0,,0.0
130,17,2.00,9,24.36,22.55,23.58,0.0,0.00,0.0,0.0,,0.0
130,18,2.00,9,23.04,22.85,23.81,0.0,0.00,0.0,0.0,,0.0
130,19,2.00,9,19.60,21.83,22.79,0.0,0.00,0.0,0.0,,0.0
130,20,2.00,9,17.56,21.06,21.97,0.0,0.00,0.0,0.0,,0.0
130,21,2.00,9,15.88,20.29,21.15,0.0,0.00,0.0,0.0,,0.0
130,22,2.00,9,14.80,19.56,20.37,0.0,0.00,0.0,0.0,,0.0
130,23,2.00,9,13.83,18.84,19.62,0.0,0.00,0.0,0.0,,0.0
130,24,2.00,9,12.97,18.15,18.89,0.0,0.00,0.0,0.0,,0.0
130,1,3.00,9,11.97,17.46,18.16,0.0,0.00,0.0,-0.0,,0.0
130,2,3.00,9,11.23,16.80,17.46,0.0,0.00,0.0,-0.0,,0.0
130,3,3.00,9,10.49,16.15,16.79,0.0,0.00,0.0,-0.0,,0.0
130,4,3.00,9,9.67,15.51,16.13,0.0,0.00,0.0,-0.0,,0.0
130,5,3.00,9,9.02,14.90,15.49,0.0,0.00,0.0,-0.0,,0.0
130,6,3.00,9,8.53,14.33,14.89,0.0,0.00,0.0,-0.0,,0.0
130,7,3.00,9,7.81,13.75,14.29,0.0,0.00,0.0,-0.0,,0.0
130,8,3.00,9,7.11,14.05,14.57,0.0,0.00,0.0,-0.0,,0.0
130,9,3.00,9,6.67,13.97,14.47,0.0,0.00,0.0,-0.0,,0.0
130,10,3.00,9,10.14,14.38,14.87,0.0,0.00,0.0,-0.0,,0.0
130,11,3.00,9,15.01,15.36,15.83,0.0,0.00,0.0,-0.0,,0.0
130,12,3.00,9,18.01,16.55,17.01,0.0,0.00,0.0,-0.0,,0.0
130,13,3.00,9,20.78,17.84,18.29,0.0,0.00,0.0,-0.0,,0.0
130,14,3.00,9,24.04,19.31,19.74,0.0,0.00,0.0,-0.0,,0.0
130,15,3.00,9,25.29,20.65,21.08,0.0,0.00,0.0,-0.0,,0.0
130,16,3.00,9,25.07,21.73,22.15,0.0,0.00,0.0,0.0,,0.0
130,17,3.00,9,24.56,22.53,22.94,0.0,0.00,0.0,0.0,,0.0
130,18,3.00,9,23.35,22.97,23.36,0.0,0.00,0.0,0.0,,0.0
130,19,3.00,9,20.14,22.00,22.39,0.0,0.00,0.0,0.0,,0.0
130,20,3.00,9,18.01,21.24,21.62,0.0,0.00,0.0,0.0,,0.0
130,21,3.00,9,16.37,20.50,20.87,0.0,0.00,0.0,0.0,,0.0
130,22,3.00,9,15.19,19.78,20.14,0.0,0.00,0.0,0.0,,0.0
130,23,3.00,9,14.03,19.05,19.41,0.0,0.00,0.0,0.0,,0.0
130,24,3.00,9,13.06,18.35,18.70,0.0,0.00,0.0,0.0,,0.0
130,1,4.00,9,12.32,17.67,18.02,0.0,0.00,0.0,-0.0,,0.0
130,2,4.00,9,11.79,17.05,17.39,0.0,0.00,0.0,-0.0,,0.0
130,3,4.00,9,11.38,16.47,16.81,0.0,0.00,0.0,-0.0,,0.0
130,4,4.00,9,10.77,15.90,16.23,0.0,0.00,0.0,-0.0,,0.0
130,5,4.00,9,10.56,15.39,15.72,0.0,0.00,0.0,-0.0,,0.0
130,6,4.00,9,10.06,14.89,15.21,0.0,0.00,0.0,-0.0,,0.0
130,7,4.00,9,9.47,14.39,14.71,0.0,0.00,0.0,-0.0,,0.0
130,8,4.00,9,8.71,14.74,15.06,0.0,0.00,0.0,-0.0,,0.0
130,9,4.00,9,7.94,14.68,14.99,0.0,0.00,0.0,-0.0,,0.0
130,10,4.00,9,10.16,14.97,15.28,0.0,0.00,0.0,-0.0,,0.0
130,11,4.00,9,13.01,15.64,15.95,0.0,0.00,0.0,-0.0,,0.0
130,12,4.00,9,15.52,16.58,16.89,0.0,0.00,0.0,-0.0,,0.0
130,13,4.00,9,17.05,17.53,17.84,0.0,0.00,0.0,-0.0,,0.0
130,14,4.00,9,18.52,18.54,18.84,0.0,0.00,0.0,-0.0,,0.0
130,15,4.00,9,18.66,19.41,19.71,0.0,0.00,0.0,0.0,,0.0
130,16,4.00,9,18.24,20.10,20.40,0.0,0.00,0.0,0.0,,0.0
130,17,4.00,9,18.05,20.60,20.90,0.0,0.00,0.0,0.0,,0.0
130,18,4.00,9,16.89,20.77,21.06,0.0,0.00,0.0,0.0,,0.0
130,19,4.00,9,14.35,19.64,19.93,0.0,0.00,0.0,0.0,,0.0
130,20,4.00,9,12.72,18.77,19.06,0.0,0.00,0.0,0.0,,0.0
130,21,4.00,9,11.39,17.94,18.23,0.0,0.00,0.0,0.0,,0.0
130,22,4.00,9,10.63,17.18,17.46,0.0,0.00,0.0,0.0,,0.0
130,23,4.00,9,9.79,16.44,16.72,0.0,0.00,0.0,0.0,,0.0
130,24,4.00,9,8.97,15.71,15.99,0.0,0.00,0.0,0.0,,0.0
130,1,5.00,9,8.68,15.07,15.35,0.0,0.00,0.0,0.0,,0.0
130,2,5.00,9,8.56,14.50,14.78,0.0,0.00,0.0,-0.0,,0.0
130,3,5.00,9,8.55,14.00,14.28,0.0,0.00,0.0,-0.0,,0.0
130,4,5.00,9,8.54,13.56,13.83,0.0,0.00,0.0,-0.0,,0.0
130,5,5.00,9,9.23,13.24,13.51,0.0,0.00,0.0,-0.0,,0.0
130,6,5.00,9,9.28,12.93,13.20,0.0,0.00,0.0,-0.0,,0.0
130,7,5.00,9,9.28,12.65,12.92,0.0,0.00,0.0,-0.0,,0.0
130,8,5.00,9,9.37,13.05,19.67,6107.35,0.00,0.0,0.0,,6107.35
130,9,5.00,9,8.81,13.09,19.67,4146.92,0.00,0.0,0.0,,4146.92
130,10,5.00,9,10.56,13.54,19.67,3529.27,0.00,0.0,0.0,,3529.27
130,11,5.00,9,12.29,14.27,19.67,2800.56,0.00,0.0,0.0,,2800.56
130,12,5.00,9,13.78,15.18,19.67,2023.33,0.00,0.0,0.0,,2023.33
130,13,5.00,9,14.55,16.02,19.67,1405.95,0.00,0.0,0.0,,1405.95
130,14,5.00,9,15.28,16.86,19.67,811.29,0.00,0.0,0.0,,811.29
130,15,5.00,9,15.29,17.57,19.67,375.59,0.00,0.0,0.0,,375.59
130,16,5.00,9,15.17,18.14,19.67,57.31,0.00,0.0,0.0,,57.31
130,17,5.00,9,14.81,18.49,19.75,0.0,0.00,0.0,0.0,,0.0
130,18,5.00,9,13.73,18.51,19.67,40.03,0.00,0.0,0.0,,40.03
130,19,5.00,9,11.51,17.62,18.72,0.0,0.00,0.0,0.0,,0.0
130,20,5.00,9,10.30,16.86,17.88,0.0,0.00,0.0,0.0,,0.0
130,21,5.00,9,9.35,16.11,17.06,0.0,0.00,0.0,0.0,,0.0
130,22,5.00,9,9.27,15.46,16.36,0.0,0.00,0.0,0.0,,0.0
130,23,5.00,9,9.24,14.89,15.73,0.0,0.00,0.0,0.0,,0.0
130,24,5.00,9,9.36,14.40,15.19,0.0,0.00,0.0,-0.0,,0.0
130,1,6.00,9,9.12,13.94,14.68,0.0,0.00,0.0,-0.0,,0.0
130,2,6.00,9,9.23,13.54,14.24,0.0,0.00,0.0,-0.0,,0.0
130,3,6.00,9,9.48,13.21,13.88,0.0,0.00,0.0,-0.0,,0.0
130,4,6.00,9,9.83,12.95,13.58,0.0,0.00,0.0,-0.0,,0.0
130,5,6.00,9,9.99,12.72,13.32,0.0,0.00,0.0,-0.0,,0.0
130,6,6.00,9,10.07,12.52,13.09,0.0,0.00,0.0,-0.0,,0.0
130,7,6.00,9,9.84,12.30,12.85,0.0,0.00,0.0,-0.0,,0.0
130,8,6.00,9,8.85,12.63,19.67,6275.8,0.00,0.0,0.0,,6275.8
130,9,6.00,9,8.19,12.65,19.67,4314.1,0.00,0.0,0.0,,4314.1
130,10,6.00,9,9.61,13.02,19.67,3758.72,0.00,0.0,0.0,,3758.72
130,11,6.00,9,11.59,13.76,19.67,3007.67,0.00,0.0,0.0,,3007.67
130,12,6.00,9,13.35,14.70,19.67,2197.6,0.00,0.0,0.0,,2197.6
130,13,6.00,9,14.92,15.69,19.67,1452.53,0.00,0.0,0.0,,1452.53
130,14,6.00,9,15.87,16.64,19.67,799.47,0.00,0.0,0.0,,799.47
130,15,6.00,9,16.32,17.49,19.67,265.38,0.00,0.0,0.0,,265.38
130,16,6.00,9,16.03,18.13,19.74,0.0,0.00,0.0,0.0,,0.0
130,17,6.00,9,15.23,18.48,19.86,0.0,0.00,0.0,0.0,,0.0
130,18,6.00,9,14.68,18.61,19.85,0.0,0.00,0.0,0.0,,0.0
130,19,6.00,9,13.55,17.87,19.08,0.0,0.00,0.0,0.0,,0.0
130,20,6.00,9,12.45,17.24,18.38,0.0,0.00,0.0,0.0,,0.0
130,21,6.00,9,11.40,16.59,17.66,0.0,0.00,0.0,0.0,,0.0
130,22,6.00,9,11.45,16.06,17.06,0.0,0.00,0.0,0.0,,0.0
130,23,6.00,9,10.93,15.53,16.46,0.0,0.00,0.0,-0.0,,0.0
130,24,6.00,9,10.48,15.02,15.90,0.0,0.00,0.0,-0.0,,0.0
130,1,7.00,9,10.11,14.55,15.38,0.0,0.00,0.0,-0.0,,0.0
130,2,7.00,9,9.83,14.11,14.89,0.0,0.00,0.0,-0.0,,0.0
130,3,7.00,9,9.26,13.66,14.40,0.0,0.00,0.0,-0.0,,0.0
130,4,7.00,9,8.93,13.25,13.95,0.0,0.00,0.0,-0.0,,0.0
130,5,7.00,9,8.72,12.87,13.53,0.0,0.00,0.0,-0.0,,0.0
130,6,7.00,9,8.53,12.51,13.15,0.0,0.00,0.0,-0.0,,0.0
130,7,7.00,9,8.07,12.15,12.76,0.0,0.00,0.0,-0.0,,0.0
130,8,7.00,9,7.44,12.34,19.67,6503.76,0.00,0.0,0.0,,6503.76
130,9,7.00,9,8.46,12.54,19.67,4299.09,0.00,0.0,0.0,,4299.09
130,10,7.00,9,10.52,13.08,19.67,3636.52,0.00,0.0,0.0,,3636.52
130,11,7.00,9,12.82,13.95,19.67,2805.21,0.00,0.0,0.0,,2805.21
130,12,7.00,9,15.18,15.08,19.67,1862.65,0.00,0.0,0.0,,1862.65
130,13,7.00,9,16.88,16.21,19.67,1048.29,0.00,0.0,0.0,,1048.29
130,14,7.00,9,18.32,17.35,19.67,272.12,0.00,0.0,0.0,,272.12
130,15,7.00,9,18.34,18.26,19.93,0.0,0.00,0.0,0.0,,0.0
130,16,7.00,9,18.34,19.02,20.44,0.0,0.00,0.0,0.0,,0.0
130,17,7.00,9,17.73,19.49,20.77,0.0,0.00,0.0,0.0,,0.0
130,18,7.00,9,17.09,19.70,20.87,0.0,0.00,0.0,0.0,,0.0
130,19,7.00,9,16.04,18.99,20.13,0.0,0.00,0.0,0.0,,0.0
130,20,7.00,9,14.64,18.37,19.45,0.0,0.00,0.0,0.0,,0.0
130,21,7.00,9,13.25,17.72,18.74,0.0,0.00,0.0,0.0,,0.0
130,22,7.00,9,12.92,17.16,18.12,0.0,0.00,0.0,0.0,,0.0
130,23,7.00,9,12.32,16.61,17.51,0.0,0.00,0.0,-0.0,,0.0
130,24,7.00,9,11.78,16.08,16.93,0.0,0.00,0.0,-0.0,,0.0
130,1,1.00,9,11.21,15.57,16.37,0.0,0.00,0.0,-0.0,,0.0
130,2,1.00,9,10.83,15.10,15.85,0.0,0.00,0.0,-0.0,,0.0
130,3,1.00,9,10.30,14.63,15.34,0.0,0.00,0.0,-0.0,,0.0
130,4,1.00,9,9.89,14.18,14.86,0.0,0.00,0.0,-0.0,,0.0
130,5,1.00,9,9.68,13.78,14.42,0.0,0.00,0.0,-0.0,,0.0
130,6,1.00,9,9.46,13.40,14.02,0.0,0.00,0.0,-0.0,,0.0
130,7,1.00,9,9.25,13.05,13.64,0.0,0.00,0.0,-0.0,,0.0
130,8,1.00,9,9.06,13.33,19.67,5570.76,0.00,0.0,0.0,,5570.76
130,9,1.00,9,9.86,13.53,19.67,3655.41,0.00,0.0,0.0,,3655.41
130,10,1.00,9,12.22,14.13,19.67,2966.27,0.00,0.0,0.0,,2966.27
130,11,1.00,9,14.37,15.01,19.67,2169.95,0.00,0.0,0.0,,2169.95
130,12,1.00,9,15.94,16.02,19.67,1363.64,0.00,0.0,0.0,,1363.64
130,13,1.00,9,17.43,17.07,19.67,615.19,0.00,0.0,-52.38,,562.8100000000001
130,14,1.00,9,18.86,18.15,19.80,0.0,0.00,0.0,-26.51,,-26.51
130,15,1.00,9,19.00,19.05,20.37,0.0,0.00,0.0,0.0,,0.0
130,16,1.00,9,19.14,19.81,20.98,0.0,0.00,0.0,0.0,,0.0
130,17,1.00,9,18.56,20.27,21.34,0.0,0.00,0.0,0.0,,0.0
130,18,1.00,9,17.72,20.44,21.43,0.0,0.00,0.0,0.0,,0.0
130,19,1.00,9,15.47,19.56,20.53,0.0,0.00,0.0,0.0,,0.0
130,20,1.00,9,13.66,18.79,19.72,0.0,0.00,0.0,0.0,,0.0
130,21,1.00,9,12.01,18.00,18.87,0.0,0.00,0.0,0.0,,0.0
130,22,1.00,9,11.40,17.28,18.11,0.0,0.00,0.0,0.0,,0.0
130,23,1.00,9,10.47,16.57,17.35,0.0,0.00,0.0,0.0,,0.0
130,24,1.00,9,9.44,15.86,16.59,0.0,0.00,0.0,0.0,,0.0
130,1,2.00,9,8.67,15.17,15.87,0.0,0.00,0.0,0.0,,0.0
130,2,2.00,9,7.90,14.51,15.17,0.0,0.00,0.0,0.0,,0.0
130,3,2.00,9,7.38,13.89,14.52,0.0,0.00,0.0,-0.0,,0.0
130,4,2.00,9,6.89,13.30,13.90,0.0,0.00,0.0,-0.0,,0.0
130,5,2.00,9,6.17,12.71,13.29,0.0,0.00,0.0,-0.0,,0.0
130,6,2.00,9,5.72,12.16,12.71,0.0,0.00,0.0,-0.0,,0.0
130,7,2.00,9,5.14,11.62,12.15,0.0,0.00,0.0,-0.0,,0.0
130,8,2.00,9,4.63,11.56,19.67,7311.77,0.00,0.0,0.0,,7311.77
130,9,2.00,9,6.44,11.73,19.67,4871.9,0.00,0.0,0.0,,4871.9
130,10,2.00,9,10.80,12.59,19.67,3865.13,0.00,0.0,0.0,,3865.13
130,11,2.00,9,14.67,13.85,19.67,2736.71,0.00,0.0,0.0,,2736.71
130,12,2.00,9,17.62,15.28,19.67,1607.16,0.00,0.0,0.0,,1607.16
130,13,2.00,9,20.35,16.78,19.67,530.62,0.00,0.0,0.0,,530.62
130,14,2.00,9,22.87,18.34,20.23,0.0,0.00,0.0,-105.0,,-105.0
130,15,2.00,9,23.92,19.72,21.25,0.0,0.00,0.0,0.0,,0.0
130,16,2.00,9,24.88,20.96,22.31,0.0,0.00,0.0,0.0,,0.0
130,17,2.00,9,24.06,21.74,22.98,0.0,0.00,0.0,0.0,,0.0
130,18,2.00,9,22.95,22.14,23.29,0.0,0.00,0.0,0.0,,0.0
130,19,2.00,9,20.14,21.26,22.37,0.0,0.00,0.0,0.0,,0.0
130,20,2.00,9,17.52,20.52,21.57,0.0,0.00,0.0,0.0,,0.0
130,21,2.00,9,15.51,19.76,20.76,0.0,0.00,0.0,0.0,,0.0
130,22,2.00,9,14.39,19.05,19.99,0.0,0.00,0.0,0.0,,0.0
130,23,2.00,9,13.34,18.36,19.24,0.0,0.00,0.0,0.0,,0.0
130,24,2.00,9,12.01,17.63,18.46,0.0,0.00,0.0,0.0,,0.0
130,1,3.00,9,11.18,16.94,17.73,0.0,0.00,0.0,0.0,,0.0
130,2,3.00,9,10.30,16.27,17.01,0.0,0.00,0.0,0.0,,0.0
130,3,3.00,9,9.57,15.62,16.32,0.0,0.00,0.0,-0.0,,0.0
130,4,3.00,9,8.96,15.00,15.67,0.0,0.00,0.0,-0.0,,0.0
130,5,3.00,9,8.41,14.41,15.04,0.0,0.00,0.0,-0.0,,0.0
130,6,3.00,9,8.02,13.86,14.47,0.0,0.00,0.0,-0.0,,0.0
130,7,3.00,9,7.45,13.32,13.90,0.0,0.00,0.0,-0.0,,0.0
130,8,3.00,9,6.94,13.67,14.22,0.0,0.00,0.0,-0.0,,0.0
130,9,3.00,9,6.81,13.66,14.20,0.0,0.00,0.0,-0.0,,0.0
130,10,3.00,9,9.38,14.02,14.54,0.0,0.00,0.0,-0.0,,0.0
130,11,3.00,9,11.10,14.61,15.10,0.0,0.00,0.0,-0.0,,0.0
130,12,3.00,9,12.57,15.39,15.86,0.0,0.00,0.0,-0.0,,0.0
130,13,3.00,9,13.65,16.18,16.65,0.0,0.00,0.0,-0.0,,0.0
130,14,3.00,9,14.33,16.98,17.42,0.0,0.00,0.0,-0.0,,0.0
130,15,3.00,9,14.00,17.64,18.07,0.0,0.00,0.0,-0.0,,0.0
130,16,3.00,9,13.92,18.21,18.63,0.0,0.00,0.0,-0.0,,0.0
130,17,3.00,9,13.23,18.53,18.94,0.0,0.00,0.0,0.0,,0.0
130,18,3.00,9,12.18,18.56,18.96,0.0,0.00,0.0,0.0,,0.0
130,19,3.00,9,10.44,17.41,17.80,0.0,0.00,0.0,0.0,,0.0
130,20,3.00,9,9.43,16.56,16.94,0.0,0.00,0.0,0.0,,0.0
130,21,3.00,9,8.75,15.81,16.18,0.0,0.00,0.0,0.0,,0.0
130,22,3.00,9,8.57,15.15,15.51,0.0,0.00,0.0,0.0,,0.0
130,23,3.00,9,8.28,14.53,14.89,0.0,0.00,0.0,-0.0,,0.0
130,24,3.00,9,8.06,13.98,14.32,0.0,0.00,0.0,-0.0,,0.0
130,1,4.00,9,7.93,13.47,13.81,0.0,0.00,0.0,-0.0,,0.0
130,2,4.00,9,7.89,13.03,13.36,0.0,0.00,0.0,-0.0,,0.0
130,3,4.00,9,7.72,12.61,12.94,0.0,0.00,0.0,-0.0,,0.0
130,4,4.00,9,7.69,12.24,12.56,0.0,0.00,0.0,-0.0,,0.0
130,5,4.00,9,7.64,11.90,12.22,0.0,0.00,0.0,-0.0,,0.0
130,6,4.00,9,7.63,11.61,11.92,0.0,0.00,0.0,-0.0,,0.0
130,7,4.00,9,7.63,11.34,11.64,0.0,0.00,0.0,-0.0,,0.0
130,8,4.00,9,7.31,11.92,12.23,0.0,0.00,0.0,-0.0,,0.0
130,9,4.00,9,7.75,12.19,12.49,0.0,0.00,0.0,-0.0,,0.0
130,10,4.00,9,9.27,12.64,12.93,0.0,0.00,0.0,-0.0,,0.0
130,11,4.00,9,10.83,13.32,13.61,0.0,0.00,0.0,-0.0,,0.0
130,12,4.00,9,12.24,14.19,14.48,0.0,0.00,0.0,-0.0,,0.0
130,13,4.00,9,13.40,15.08,15.37,0.0,0.00,0.0,-0.0,,0.0
130,14,4.00,9,13.65,15.91,16.19,0.0,0.00,0.0,-0.0,,0.0
130,15,4.00,9,13.88,16.68,16.96,0.0,0.00,0.0,-0.0,,0.0
130,16,4.00,9,13.91,17.34,17.62,0.0,0.00,0.0,-0.0,,0.0
130,17,4.00,9,13.55,17.78,18.05,0.0,0.00,0.0,-0.0,,0.0
130,18,4.00,9,12.75,17.93,18.21,0.0,0.00,0.0,-0.0,,0.0
130,19,4.00,9,11.76,16.97,17.24,0.0,0.00,0.0,-0.0,,0.0
130,20,4.00,9,10.84,16.27,16.54,0.0,0.00,0.0,-0.0,,0.0
130,21,4.00,9,9.77,15.59,15.86,0.0,0.00,0.0,-0.0,,0.0
130,22,4.00,9,9.37,14.99,15.25,0.0,0.00,0.0,-0.0,,0.0
130,23,4.00,9,8.77,14.40,14.67,0.0,0.00,0.0,-0.0,,0.0
130,24,4.00,9,8.42,13.87,14.13,0.0,0.00,0.0,-0.0,,0.0
130,1,5.00,9,8.16,13.37,13.63,0.0,0.00,0.0,-0.0,,0.0
130,2,5.00,9,7.71,12.90,13.15,0.0,0.00,0.0,-0.0,,0.0
130,3,5.00,9,7.46,12.46,12.71,0.0,0.00,0.0,-0.0,,0.0
130,4,5.00,9,7.43,12.07,12.33,0.0,0.00,0.0,-0.0,,0.0
130,5,5.00,9,7.09,11.69,11.94,0.0,0.00,0.0,-0.0,,0.0
130,6,5.00,9,7.36,11.40,11.65,0.0,0.00,0.0,-0.0,,0.0
130,7,5.00,9,7.91,11.19,11.44,0.0,0.00,0.0,-0.0,,0.0
130,8,5.00,9,8.27,11.67,19.67,7443.61,0.00,0.0,0.0,,7443.61
130,9,5.00,9,8.79,11.95,19.67,4836.62,0.00,0.0,0.0,,4836.62
130,10,5.00,9,9.42,12.35,19.67,4294.4,0.00,0.0,0.0,,4294.4
130,11,5.00,9,10.66,13.01,19.67,3584.05,0.00,0.0,0.0,,3584.05
130,12,5.00,9,13.38,14.11,19.67,2581.49,0.00,0.0,0.0,,2581.49
130,13,5.00,9,15.22,15.22,19.67,1738.14,0.00,0.0,0.0,,1738.14
130,14,5.00,9,16.31,16.27,19.67,1004.02,0.00,0.0,0.0,,1004.02
130,15,5.00,9,16.74,17.20,19.67,417.69,0.00,0.0,0.0,,417.69
130,16,5.00,9,16.72,17.95,19.67,0.0,0.00,0.0,0.0,,0.0
130,17,5.00,9,16.02,18.39,19.83,0.0,0.00,0.0,0.0,,0.0
130,18,5.00,9,15.45,18.59,19.88,0.0,0.00,0.0,0.0,,0.0
130,19,5.00,9,14.14,17.86,19.10,0.0,0.00,0.0,0.0,,0.0
130,20,5.00,9,13.01,17.26,18.42,0.0,0.00,0.0,0.0,,0.0
130,21,5.00,9,11.69,16.62,17.70,0.0,0.00,0.0,0.0,,0.0
130,22,5.00,9,11.08,16.02,17.03,0.0,0.00,0.0,0.0,,0.0
130,23,5.00,9,10.62,15.46,16.41,0.0,0.00,0.0,0.0,,0.0
130,24,5.00,9,10.86,15.02,15.91,0.0,0.00,0.0,-0.0,,0.0
130,1,6.00,9,8.50,14.34,15.18,0.0,0.00,0.0,-0.0,,0.0
130,2,6.00,9,7.78,13.74,14.52,0.0,0.00,0.0,-0.0,,0.0
130,3,6.00,9,7.33,13.19,13.93,0.0,0.00,0.0,-0.0,,0.0
130,4,6.00,9,6.58,12.63,13.33,0.0,0.00,0.0,-0.0,,0.0
130,5,6.00,9,6.37,12.14,12.79,0.0,0.00,0.0,-0.0,,0.0
130,6,6.00,9,5.87,11.65,12.27,0.0,0.00,0.0,-0.0,,0.0
130,7,6.00,9,5.25,11.16,11.75,0.0,0.00,0.0,-0.0,,0.0
130,8,6.00,9,5.93,11.37,19.67,7444.8,0.00,68.58,0.0,,7513.38
130,9,6.00,9,7.65,11.67,19.67,4846.02,0.00,0.0,0.0,,4846.02
130,10,6.00,9,10.14,12.33,19.67,4074.53,0.00,0.0,0.0,,4074.53
130,11,6.00,9,13.17,13.38,19.67,3078.56,0.00,0.0,0.0,,3078.56
130,12,6.00,9,15.75,14.66,19.67,2038.86,0.00,0.0,0.0,,2038.86
130,13,6.00,9,17.70,15.93,19.67,1124.66,0.00,0.0,0.0,,1124.66
130,14,6.00,9,19.32,17.20,19.67,261.13,0.00,0.0,0.0,,261.13
130,15,6.00,9,19.92,18.31,20.10,0.0,0.00,0.0,0.0,,0.0
130,16,6.00,9,19.51,19.14,20.65,0.0,0.00,0.0,0.0,,0.0
130,17,6.00,9,18.92,19.69,21.05,0.0,0.00,0.0,0.0,,0.0
130,18,6.00,9,17.41,19.83,21.08,0.0,0.00,0.0,0.0,,0.0
130,19,6.00,9,15.43,18.99,20.20,0.0,0.00,0.0,0.0,,0.0
130,20,6.00,9,13.84,18.30,19.44,0.0,0.00,0.0,0.0,,0.0
130,21,6.00,9,12.42,17.59,18.66,0.0,0.00,0.0,0.0,,0.0
130,22,6.00,9,11.11,16.86,17.86,0.0,0.00,0.0,0.0,,0.0
130,23,6.00,9,10.47,16.19,17.14,0.0,0.00,0.0,0.0,,0.0
130,24,6.00,9,10.17,15.60,16.48,0.0,0.00,0.0,0.0,,0.0
130,1,7.00,9,9.71,15.03,15.86,0.0,0.00,0.0,-0.0,,0.0
130,2,7.00,9,9.43,14.52,15.30,0.0,0.00,0.0,-0.0,,0.0
130,3,7.00,9,9.31,14.06,14.80,0.0,0.00,0.0,-0.0,,0.0
130,4,7.00,9,9.43,13.67,14.37,0.0,0.00,0.0,-0.0,,0.0
130,5,7.00,9,8.81,13.24,13.91,0.0,0.00,0.0,-0.0,,0.0
130,6,7.00,9,8.45,12.84,13.47,0.0,0.00,0.0,-0.0,,0.0
130,7,7.00,9,8.41,12.49,13.10,0.0,0.00,0.0,-0.0,,0.0
130,8,7.00,9,8.15,12.74,19.67,6121.45,0.00,0.0,0.0,,6121.45
130,9,7.00,9,7.57,12.70,19.67,4263.48,0.00,0.0,0.0,,4263.48
130,10,7.00,9,8.62,12.97,19.67,3805.2,0.00,0.0,0.0,,3805.2
130,11,7.00,9,10.31,13.58,19.67,3141.74,0.00,0.0,0.0,,3141.74
130,12,7.00,9,11.53,14.36,19.67,2460.79,0.00,0.0,0.0,,2460.79
130,13,7.00,9,12.42,15.12,19.67,1874.88,0.00,0.0,0.0,,1874.88
130,14,7.00,9,12.36,15.76,19.67,1446.48,0.00,0.0,0.0,,1446.48
130,15,7.00,9,12.26,16.32,19.67,1082.82,0.00,0.0,0.0,,1082.82
130,16,7.00,9,12.01,16.75,19.67,836.23,0.00,0.0,0.0,,836.23
130,17,7.00,9,11.42,16.96,19.67,788.3,0.00,0.0,0.0,,788.3
130,18,7.00,9,9.87,16.79,19.67,1045.43,0.00,0.0,0.0,,1045.43
130,19,7.00,9,9.44,16.09,18.01,0.0,0.00,0.0,0.0,,0.0
130,20,7.00,9,8.27,15.37,16.94,0.0,0.00,0.0,0.0,,0.0
130,21,7.00,9,8.09,14.73,16.12,0.0,0.00,0.0,0.0,,0.0
130,22,7.00,9,7.62,14.10,15.38,0.0,0.00,0.0,0.0,,0.0
130,23,7.00,9,7.27,13.51,14.70,0.0,0.00,0.0,0.0,,0.0
130,24,7.00,9,6.94,12.96,14.07,0.0,0.00,0.0,0.0,,0.0
130,1,1.00,9,6.49,12.43,13.47,0.0,0.00,0.0,0.0,,0.0
130,2,1.00,9,6.00,11.92,12.89,0.0,0.00,0.0,-0.0,,0.0
130,3,1.00,9,5.96,11.48,12.40,0.0,0.00,0.0,-0.0,,0.0
130,4,1.00,9,5.88,11.08,11.94,0.0,0.00,0.0,-0.0,,0.0
130,5,1.00,9,5.92,10.73,11.55,0.0,0.00,0.0,-0.0,,0.0
130,6,1.00,9,6.28,10.46,11.23,0.0,0.00,0.0,-0.0,,0.0
130,7,1.00,9,6.24,10.20,10.93,0.0,0.00,0.0,-0.0,,0.0
130,8,1.00,9,6.59,10.62,19.67,8045.8,0.00,0.0,0.0,,8045.8
130,9,1.00,9,6.89,10.84,19.67,5350.34,0.00,0.0,0.0,,5350.34
130,10,1.00,9,7.75,11.23,19.67,4789.39,0.00,0.0,0.0,,4789.39
130,11,1.00,9,9.10,11.90,19.67,4070.05,0.00,0.0,0.0,,4070.05
130,12,1.00,9,10.15,12.71,19.67,3335.23,0.00,0.0,0.0,,3335.23
130,13,1.00,9,10.99,13.52,19.67,2695.88,0.00,0.0,0.0,,2695.88
130,14,1.00,9,11.57,14.30,19.67,2116.0,0.00,0.0,0.0,,2116.0
130,15,1.00,9,11.43,14.95,19.67,1699.71,0.00,0.0,0.0,,1699.71
130,16,1.00,9,11.43,15.50,19.67,1362.73,0.00,0.0,0.0,,1362.73
130,17,1.00,9,11.15,15.84,19.67,1216.86,0.00,0.0,0.0,,1216.86
130,18,1.00,9,10.47,15.91,19.67,1287.03,0.00,0.0,0.0,,1287.03
130,19,1.00,9,8.95,15.15,17.67,0.0,0.00,0.0,0.0,,0.0
130,20,1.00,9,7.78,14.46,16.51,0.0,0.00,0.0,0.0,,0.0
130,21,1.00,9,7.29,13.82,15.64,0.0,0.00,0.0,0.0,,0.0
130,22,1.00,9,6.65,13.19,14.85,0.0,0.00,0.0,0.0,,0.0
130,23,1.00,9,6.52,12.63,14.17,0.0,0.00,0.0,0.0,,0.0
130,24,1.00,9,6.59,12.15,13.58,0.0,0.00,0.0,0.0,,0.0
130,1,2.00,9,6.55,11.72,13.05,0.0,0.00,0.0,0.0,,0.0
130,2,2.00,9,6.35,11.32,12.56,0.0,0.00,0.0,-0.0,,0.0
130,3,2.00,9,6.23,10.95,12.11,0.0,0.00,0.0,-0.0,,0.0
130,4,2.00,9,6.08,10.61,11.70,0.0,0.00,0.0,-0.0,,0.0
130,5,2.00,9,6.14,10.31,11.34,0.0,0.00,0.0,-0.0,,0.0
130,6,2.00,9,6.34,10.07,11.04,0.0,0.00,0.0,-0.0,,0.0
130,7,2.00,9,6.21,9.83,10.74,0.0,0.00,0.0,-0.0,,0.0
130,8,2.00,9,5.95,10.20,19.67,8302.39,0.00,0.0,0.0,,8302.39
130,9,2.00,9,6.80,10.48,19.67,5473.7,0.00,0.0,0.0,,5473.7
130,10,2.00,9,8.61,11.06,19.67,4752.57,0.00,0.0,0.0,,4752.57
130,11,2.00,9,10.78,11.96,19.67,3868.84,0.00,0.0,0.0,,3868.84
130,12,2.00,9,12.49,13.02,19.67,2971.65,0.00,0.0,0.0,,2971.65
130,13,2.00,9,13.73,14.05,19.67,2200.57,0.00,0.0,0.0,,2200.57
130,14,2.00,9,14.18,14.98,19.67,1571.09,0.00,0.0,0.0,,1571.09
130,15,2.00,9,14.15,15.78,19.67,1080.12,0.00,0.0,0.0,,1080.12
130,16,2.00,9,14.14,16.45,19.67,693.93,0.00,0.0,0.0,,693.93
130,17,2.00,9,13.76,16.88,19.67,523.16,0.00,0.0,0.0,,523.16
130,18,2.00,9,13.27,17.07,19.67,529.55,0.00,0.0,0.0,,529.55
130,19,2.00,9,11.92,16.35,18.39,0.0,0.00,0.0,0.0,,0.0
130,20,2.00,9,10.97,15.76,17.54,0.0,0.00,0.0,0.0,,0.0
130,21,2.00,9,10.40,15.20,16.83,0.0,0.00,0.0,0.0,,0.0
130,22,2.00,9,9.78,14.65,16.15,0.0,0.00,0.0,0.0,,0.0
130,23,2.00,9,9.15,14.11,15.51,0.0,0.00,0.0,0.0,,0.0
130,24,2.00,9,8.66,13.60,14.91,0.0,0.00,0.0,-0.0,,0.0
130,1,3.00,9,8.47,13.14,14.37,0.0,0.00,0.0,-0.0,,0.0
130,2,3.00,9,8.53,12.76,13.91,0.0,0.00,0.0,-0.0,,0.0
130,3,3.00,9,8.54,12.41,13.50,0.0,0.00,0.0,-0.0,,0.0
130,4,3.00,9,8.31,12.08,13.10,0.0,0.00,0.0,-0.0,,0.0
130,5,3.00,9,8.04,11.76,12.72,0.0,0.00,0.0,-0.0,,0.0
130,6,3.00,9,7.75,11.45,12.36,0.0,0.00,0.0,-0.0,,0.0
130,7,3.00,9,7.35,11.14,11.99,0.0,0.00,0.0,-0.0,,0.0
130,8,3.00,9,7.39,11.74,12.56,0.0,0.00,0.0,-0.0,,0.0
130,9,3.00,9,7.91,12.02,12.80,0.0,0.00,0.0,-0.0,,0.0
130,10,3.00,9,8.83,12.42,13.15,0.0,0.00,0.0,-0.0,,0.0
130,11,3.00,9,10.55,13.09,13.79,0.0,0.00,0.0,-0.0,,0.0
130,12,3.00,9,11.41,13.88,14.56,0.0,0.00,0.0,-0.0,,0.0
130,13,3.00,9,12.16,14.68,15.32,0.0,0.00,0.0,-0.0,,0.0
130,14,3.00,9,12.55,15.45,16.07,0.0,0.00,0.0,-0.0,,0.0
130,15,3.00,9,12.40,16.13,16.73,0.0,0.00,0.0,-0.0,,0.0
130,16,3.00,9,12.09,16.68,17.25,0.0,0.00,0.0,-0.0,,0.0
130,17,3.00,9,11.44,17.00,17.55,0.0,0.00,0.0,-0.0,,0.0
130,18,3.00,9,10.20,17.02,17.55,0.0,0.00,0.0,-0.0,,0.0
130,19,3.00,9,9.24,15.94,16.46,0.0,0.00,0.0,0.0,,0.0
130,20,3.00,9,7.95,15.11,15.61,0.0,0.00,0.0,0.0,,0.0
130,21,3.00,9,7.69,14.42,14.90,0.0,0.00,0.0,0.0,,0.0
130,22,3.00,9,6.87,13.73,14.20,0.0,0.00,0.0,0.0,,0.0
130,23,3.00,9,6.23,13.07,13.53,0.0,0.00,0.0,0.0,,0.0
130,24,3.00,9,5.70,12.45,12.90,0.0,0.00,0.0,0.0,,0.0
130,1,4.00,9,5.41,11.89,12.32,0.0,0.00,0.0,-0.0,,0.0
130,2,4.00,9,5.17,11.38,11.80,0.0,0.00,0.0,-0.0,,0.0
130,3,4.00,9,4.95,10.90,11.31,0.0,0.00,0.0,-0.0,,0.0
130,4,4.00,9,4.47,10.43,10.83,0.0,0.00,0.0,-0.0,,0.0
130,5,4.00,9,3.97,9.97,10.36,0.0,0.00,0.0,-0.0,,0.0
130,6,4.00,9,3.52,9.52,9.91,0.0,0.00,0.0,-0.0,,0.0
130,7,4.00,9,2.82,9.06,9.44,0.0,0.00,0.0,-0.0,,0.0
130,8,4.00,9,2.43,9.49,9.86,0.0,0.00,0.0,-0.0,,0.0
130,9,4.00,9,4.42,9.81,10.17,0.0,0.00,0.0,-0.0,,0.0
130,10,4.00,9,7.00,10.38,10.74,0.0,0.00,0.0,-0.0,,0.0
130,11,4.00,9,10.02,11.29,11.65,0.0,0.00,0.0,-0.0,,0.0
130,12,4.00,9,12.58,12.45,12.79,0.0,0.00,0.0,-0.0,,0.0
130,13,4.00,9,14.70,13.65,14.00,0.0,0.00,0.0,-0.0,,0.0
130,14,4.00,9,16.64,14.92,15.26,0.0,0.00,0.0,-0.0,,0.0
130,15,4.00,9,17.95,16.14,16.47,0.0,0.00,0.0,-0.0,,0.0
130,16,4.00,9,17.60,17.11,17.44,0.0,0.00,0.0,-0.0,,0.0
130,17,4.00,9,17.01,17.80,18.12,0.0,0.00,0.0,-0.0,,0.0
130,18,4.00,9,16.16,18.18,18.50,0.0,0.00,0.0,0.0,,0.0
130,19,4.00,9,14.13,17.30,17.61,0.0,0.00,0.0,0.0,,0.0
130,20,4.00,9,12.42,16.62,16.93,0.0,0.00,0.0,0.0,,0.0
130,21,4.00,9,11.16,15.97,16.28,0.0,0.00,0.0,0.0,,0.0
130,22,4.00,9,10.27,15.35,15.66,0.0,0.00,0.0,0.0,,0.0
130,23,4.00,9,9.68,14.77,15.07,0.0,0.00,0.0,0.0,,0.0
130,24,4.00,9,8.93,14.19,14.49,0.0,0.00,0.0,0.0,,0.0
130,1,5.00,9,8.26,13.64,13.93,0.0,0.00,0.0,-0.0,,0.0
130,2,5.00,9,7.74,13.11,13.40,0.0,0.00,0.0,-0.0,,0.0
130,3,5.00,9,7.16,12.59,12.88,0.0,0.00,0.0,-0.0,,0.0
130,4,5.00,9,6.62,12.09,12.38,0.0,0.00,0.0,-0.0,,0.0
130,5,5.00,9,6.06,11.61,11.89,0.0,0.00,0.0,-0.0,,0.0
130,6,5.00,9,5.45,11.12,11.41,0.0,0.00,0.0,-0.0,,0.0
130,7,5.00,9,5.16,10.68,10.97,0.0,0.00,0.0,-0.0,,0.0
130,8,5.00,9,4.86,10.78,19.67,8265.28,0.00,73.37,0.0,,8338.650000000001
130,9,5.00,9,6.04,10.95,19.67,5512.84,0.00,0.0,0.0,,5512.84
130,10,5.00,9,8.26,11.49,19.67,4774.14,0.00,0.0,0.0,,4774.14
130,11,5.00,9,10.94,12.40,19.67,3835.12,0.00,0.0,0.0,,3835.12
130,12,5.00,9,13.02,13.50,19.67,2885.37,0.00,0.0,0.0,,2885.37
130,13,5.00,9,14.86,14.64,19.67,2011.54,0.00,0.0,0.0,,2011.54
130,14,5.00,9,16.36,15.79,19.67,1190.76,0.00,0.0,0.0,,1190.76
130,15,5.00,9,17.23,16.84,19.67,506.47,0.00,0.0,0.0,,506.47
130,16,5.00,9,16.48,17.55,19.67,165.86,0.00,0.0,0.0,,165.86
130,17,5.00,9,15.96,18.03,19.70,0.0,0.00,0.0,0.0,,0.0
130,18,5.00,9,15.31,18.24,19.71,0.0,0.00,0.0,0.0,,0.0
130,19,5.00,9,13.77,17.49,18.90,0.0,0.00,0.0,0.0,,0.0
130,20,5.00,9,12.13,16.82,18.14,0.0,0.00,0.0,0.0,,0.0
130,21,5.00,9,10.98,16.16,17.39,0.0,0.00,0.0,0.0,,0.0
130,22,5.00,9,10.12,15.52,16.67,0.0,0.00,0.0,0.0,,0.0
130,23,5.00,9,9.50,14.92,15.99,0.0,0.00,0.0,0.0,,0.0
130,24,5.00,9,8.81,14.33,15.33,0.0,0.00,0.0,0.0,,0.0
130,1,6.00,9,8.18,13.76,14.70,0.0,0.00,0.0,0.0,,0.0
130,2,6.00,9,7.52,13.20,14.08,0.0,0.00,0.0,0.0,,0.0
130,3,6.00,9,6.91,12.66,13.49,0.0,0.00,0.0,0.0,,0.0
130,4,6.00,9,6.12,12.11,12.89,0.0,0.00,0.0,0.0,,0.0
130,5,6.00,9,5.45,11.57,12.31,0.0,0.00,0.0,-0.0,,0.0
130,6,6.00,9,4.92,11.06,11.76,0.0,0.00,0.0,-0.0,,0.0
130,7,6.00,9,4.30,10.55,11.22,0.0,0.00,0.0,-0.0,,0.0
130,8,6.00,9,5.01,10.74,19.67,7990.43,0.00,172.19,0.0,,8162.62
130,9,6.00,9,6.34,10.96,19.67,5301.94,0.00,0.0,0.0,,5301.94
130,10,6.00,9,8.91,11.58,19.67,4520.0,0.00,0.0,0.0,,4520.0
130,11,6.00,9,11.90,12.60,19.67,3530.27,0.00,0.0,0.0,,3530.27
130,12,6.00,9,14.14,13.79,19.67,2546.66,0.00,0.0,0.0,,2546.66
130,13,6.00,9,15.82,14.97,19.67,1683.67,0.00,0.0,0.0,,1683.67
130,14,6.00,9,17.47,16.18,19.67,832.25,0.00,0.0,0.0,,832.25
130,15,6.00,9,18.68,17.35,19.67,85.59,0.00,0.0,0.0,,85.59
130,16,6.00,9,19.58,18.40,20.23,0.0,0.00,0.0,0.0,,0.0
130,17,6.00,9,18.87,19.03,20.64,0.0,0.00,0.0,0.0,,0.0
130,18,6.00,9,17.68,19.29,20.75,0.0,0.00,0.0,0.0,,0.0
130,19,6.00,9,15.96,18.52,19.93,0.0,0.00,0.0,0.0,,0.0
130,20,6.00,9,14.04,17.86,19.19,0.0,0.00,0.0,0.0,,0.0
130,21,6.00,9,12.87,17.23,18.47,0.0,0.00,0.0,0.0,,0.0
130,22,6.00,9,11.66,16.57,17.74,0.0,0.00,0.0,0.0,,0.0
130,23,6.00,9,10.83,15.95,17.04,0.0,0.00,0.0,0.0,,0.0
130,24,6.00,9,10.09,15.34,16.36,0.0,0.00,0.0,0.0,,0.0
130,1,7.00,9,9.49,14.76,15.72,0.0,0.00,0.0,0.0,,0.0
130,2,7.00,9,9.05,14.23,15.13,0.0,0.00,0.0,-0.0,,0.0
130,3,7.00,9,8.71,13.73,14.58,0.0,0.00,0.0,-0.0,,0.0
130,4,7.00,9,8.37,13.26,14.07,0.0,0.00,0.0,-0.0,,0.0
130,5,7.00,9,7.69,12.78,13.54,0.0,0.00,0.0,-0.0,,0.0
130,6,7.00,9,7.36,12.34,13.06,0.0,0.00,0.0,-0.0,,0.0
130,7,7.00,9,7.17,11.94,12.62,0.0,0.00,0.0,-0.0,,0.0
130,8,7.00,9,6.71,12.08,19.67,6685.66,0.00,0.0,0.0,,6685.66
130,9,7.00,9,6.99,12.12,19.67,4580.49,0.00,0.0,0.0,,4580.49
130,10,7.00,9,8.16,12.43,19.67,4090.67,0.00,0.0,0.0,,4090.67
130,11,7.00,9,10.41,13.15,19.67,3322.05,0.00,0.0,0.0,,3322.05
130,12,7.00,9,12.34,14.10,19.67,2498.3,0.00,0.0,0.0,,2498.3
130,13,7.00,9,13.92,15.07,19.67,1757.39,0.00,0.0,0.0,,1757.39
130,14,7.00,9,15.65,16.14,19.67,984.79,0.00,0.0,0.0,,984.79
130,15,7.00,9,16.41,17.09,19.67,384.57,0.00,0.0,0.0,,384.57
130,16,7.00,9,16.66,17.88,19.73,0.0,0.00,0.0,0.0,,0.0
130,17,7.00,9,16.15,18.36,19.93,0.0,0.00,0.0,0.0,,0.0
130,18,7.00,9,14.79,18.45,19.86,0.0,0.00,0.0,0.0,,0.0
130,19,7.00,9,13.45,17.69,19.06,0.0,0.00,0.0,0.0,,0.0
130,20,7.00,9,12.04,17.02,18.31,0.0,0.00,0.0,0.0,,0.0
130,21,7.00,9,10.87,16.35,17.55,0.0,0.00,0.0,0.0,,0.0
130,22,7.00,9,10.11,15.70,16.83,0.0,0.00,0.0,0.0,,0.0
130,23,7.00,9,9.60,15.10,16.16,0.0,0.00,0.0,0.0,,0.0
130,24,7.00,9,9.07,14.52,15.52,0.0,0.00,0.0,0.0,,0.0
130,1,1.00,10,8.53,13.97,14.91,0.0,0.00,0.0,0.0,,0.0
130,2,1.00,10,8.24,13.47,14.35,0.0,0.00,0.0,0.0,,0.0
130,3,1.00,10,8.14,13.02,13.86,0.0,0.00,0.0,-0.0,,0.0
130,4,1.00,10,7.98,12.61,13.41,0.0,0.00,0.0,-0.0,,0.0
130,5,1.00,10,7.78,12.23,12.98,0.0,0.00,0.0,-0.0,,0.0
130,6,1.00,10,7.56,11.87,12.58,0.0,0.00,0.0,-0.0,,0.0
130,7,1.00,10,7.23,11.52,12.20,0.0,0.00,0.0,-0.0,,0.0
130,8,1.00,10,7.60,11.88,20.19,7380.32,0.00,0.0,0.0,,7380.32
130,9,1.00,10,8.77,12.16,20.19,4826.32,0.00,0.0,0.0,,4826.32
130,10,1.00,10,10.76,12.73,20.19,4133.18,0.00,0.0,0.0,,4133.18
130,11,1.00,10,12.88,13.60,20.19,3286.75,0.00,0.0,0.0,,3286.75
130,12,1.00,10,14.69,14.67,20.19,2391.05,0.00,0.0,0.0,,2391.05
130,13,1.00,10,16.36,15.86,20.19,1486.51,0.00,0.0,0.0,,1486.51
130,14,1.00,10,17.74,17.07,20.19,645.63,0.00,0.0,0.0,,645.63
130,15,1.00,10,18.34,18.11,20.19,9.6,0.00,0.0,0.0,,9.6
130,16,1.00,10,18.03,18.86,20.56,0.0,0.00,0.0,0.0,,0.0
130,17,1.00,10,17.37,19.30,20.80,0.0,0.00,0.0,0.0,,0.0
130,18,1.00,10,16.58,19.42,20.80,0.0,0.00,0.0,0.0,,0.0
130,19,1.00,10,14.68,18.52,19.86,0.0,0.00,0.0,0.0,,0.0
130,20,1.00,10,13.23,17.80,19.06,0.0,0.00,0.0,0.0,,0.0
130,21,1.00,10,12.11,17.12,18.31,0.0,0.00,0.0,0.0,,0.0
130,22,1.00,10,11.26,16.47,17.58,0.0,0.00,0.0,0.0,,0.0
130,23,1.00,10,10.39,15.83,16.87,0.0,0.00,0.0,0.0,,0.0
130,24,1.00,10,9.59,15.21,16.19,0.0,0.00,0.0,0.0,,0.0
130,1,2.00,10,8.87,14.60,15.53,0.0,0.00,0.0,-0.0,,0.0
130,2,2.00,10,8.10,14.00,14.88,0.0,0.00,0.0,-0.0,,0.0
130,3,2.00,10,7.37,13.42,14.24,0.0,0.00,0.0,-0.0,,0.0
130,4,2.00,10,6.67,12.84,13.63,0.0,0.00,0.0,-0.0,,0.0
130,5,2.00,10,5.79,12.26,13.00,0.0,0.00,0.0,-0.0,,0.0
130,6,2.00,10,5.02,11.68,12.39,0.0,0.00,0.0,-0.0,,0.0
130,7,2.00,10,4.23,11.10,11.77,0.0,0.00,0.0,-0.0,,0.0
130,8,2.00,10,3.41,10.96,20.19,8261.4,0.00,134.51,0.0,,8395.91
130,9,2.00,10,4.89,11.01,20.19,5651.72,0.00,0.0,0.0,,5651.72
130,10,2.00,10,7.64,11.51,20.19,4922.22,0.00,0.0,0.0,,4922.22
130,11,2.00,10,10.26,12.37,20.19,4044.62,0.00,0.0,0.0,,4044.62
130,12,2.00,10,12.74,13.48,20.19,3066.61,0.00,0.0,0.0,,3066.61
130,13,2.00,10,14.98,14.76,20.19,2070.67,0.00,0.0,0.0,,2070.67
130,14,2.00,10,17.23,16.13,20.19,1073.19,0.00,0.0,0.0,,1073.19
130,15,2.00,10,18.30,17.34,20.19,321.12,0.00,0.0,0.0,,321.12
130,16,2.00,10,19.02,18.35,20.45,0.0,0.00,0.0,0.0,,0.0
130,17,2.00,10,18.56,18.98,20.78,0.0,0.00,0.0,0.0,,0.0
130,18,2.00,10,17.50,19.20,20.82,0.0,0.00,0.0,0.0,,0.0
130,19,2.00,10,15.06,18.28,19.84,0.0,0.00,0.0,0.0,,0.0
130,20,2.00,10,13.26,17.55,19.02,0.0,0.00,0.0,0.0,,0.0
130,21,2.00,10,11.96,16.87,18.25,0.0,0.00,0.0,0.0,,0.0
130,22,2.00,10,10.95,16.21,17.50,0.0,0.00,0.0,0.0,,0.0
130,23,2.00,10,10.04,15.57,16.77,0.0,0.00,0.0,0.0,,0.0
130,24,2.00,10,9.15,14.93,16.06,0.0,0.00,0.0,0.0,,0.0
130,1,3.00,10,8.32,14.31,15.37,0.0,0.00,0.0,0.0,,0.0
130,2,3.00,10,7.62,13.70,14.70,0.0,0.00,0.0,0.0,,0.0
130,3,3.00,10,6.87,13.11,14.05,0.0,0.00,0.0,0.0,,0.0
130,4,3.00,10,6.08,12.52,13.41,0.0,0.00,0.0,-0.0,,0.0
130,5,3.00,10,5.12,11.91,12.75,0.0,0.00,0.0,-0.0,,0.0
130,6,3.00,10,4.33,11.31,12.11,0.0,0.00,0.0,-0.0,,0.0
130,7,3.00,10,3.45,10.71,11.47,0.0,0.00,0.0,-0.0,,0.0
130,8,3.00,10,2.92,11.02,11.75,0.0,0.00,0.0,-0.0,,0.0
130,9,3.00,10,5.05,11.23,11.92,0.0,0.00,0.0,-0.0,,0.0
130,10,3.00,10,8.64,11.80,12.46,0.0,0.00,0.0,-0.0,,0.0
130,11,3.00,10,12.02,12.73,13.36,0.0,0.00,0.0,-0.0,,0.0
130,12,3.00,10,14.85,13.92,14.53,0.0,0.00,0.0,-0.0,,0.0
130,13,3.00,10,17.25,15.27,15.85,0.0,0.00,0.0,-0.0,,0.0
130,14,3.00,10,19.62,16.72,17.28,0.0,0.00,0.0,-0.0,,0.0
130,15,3.00,10,21.16,18.09,18.63,0.0,0.00,0.0,-0.0,,0.0
130,16,3.00,10,22.33,19.31,19.83,0.0,0.00,0.0,0.0,,0.0
130,17,3.00,10,21.60,20.12,20.62,0.0,0.00,0.0,0.0,,0.0
130,18,3.00,10,20.18,20.50,20.99,0.0,0.00,0.0,0.0,,0.0
130,19,3.00,10,17.62,19.54,20.01,0.0,0.00,0.0,0.0,,0.0
130,20,3.00,10,15.69,18.83,19.29,0.0,0.00,0.0,0.0,,0.0
130,21,3.00,10,14.30,18.18,18.62,0.0,0.00,0.0,0.0,,0.0
130,22,3.00,10,13.23,17.55,17.98,0.0,0.00,0.0,0.0,,0.0
130,23,3.00,10,11.99,16.89,17.32,0.0,0.00,0.0,0.0,,0.0
130,24,3.00,10,10.66,16.21,16.62,0.0,0.00,0.0,0.0,,0.0
130,1,4.00,10,9.45,15.52,15.92,0.0,0.00,0.0,0.0,,0.0
130,2,4.00,10,8.49,14.84,15.23,0.0,0.00,0.0,0.0,,0.0
130,3,4.00,10,7.52,14.17,14.55,0.0,0.00,0.0,0.0,,0.0
130,4,4.00,10,6.32,13.46,13.84,0.0,0.00,0.0,0.0,,0.0
130,5,4.00,10,5.47,12.79,13.16,0.0,0.00,0.0,0.0,,0.0
130,6,4.00,10,4.84,12.15,12.52,0.0,0.00,0.0,0.0,,0.0
130,7,4.00,10,4.12,11.52,11.88,0.0,0.00,0.0,-0.0,,0.0
130,8,4.00,10,3.48,11.80,12.15,0.0,0.00,0.0,-0.0,,0.0
130,9,4.00,10,5.81,11.99,12.34,0.0,0.00,0.0,-0.0,,0.0
130,10,4.00,10,10.02,12.62,12.96,0.0,0.00,0.0,-0.0,,0.0
130,11,4.00,10,14.25,13.68,14.02,0.0,0.00,0.0,-0.0,,0.0
130,12,4.00,10,17.62,15.02,15.35,0.0,0.00,0.0,-0.0,,0.0
130,13,4.00,10,20.31,16.51,16.84,0.0,0.00,0.0,-0.0,,0.0
130,14,4.00,10,22.90,18.09,18.42,0.0,0.00,0.0,-0.0,,0.0
130,15,4.00,10,24.36,19.56,19.88,0.0,0.00,0.0,-0.0,,0.0
130,16,4.00,10,23.74,20.66,20.98,0.0,0.00,0.0,0.0,,0.0
130,17,4.00,10,22.73,21.39,21.71,0.0,0.00,0.0,0.0,,0.0
130,18,4.00,10,21.15,21.71,22.02,0.0,0.00,0.0,0.0,,0.0
130,19,4.00,10,18.79,20.72,21.03,0.0,0.00,0.0,0.0,,0.0
130,20,4.00,10,16.83,19.98,20.28,0.0,0.00,0.0,0.0,,0.0
130,21,4.00,10,15.48,19.30,19.60,0.0,0.00,0.0,0.0,,0.0
130,22,4.00,10,14.30,18.64,18.94,0.0,0.00,0.0,0.0,,0.0
130,23,4.00,10,13.01,17.95,18.25,0.0,0.00,0.0,0.0,,0.0
130,24,4.00,10,12.04,17.28,17.58,0.0,0.00,0.0,0.0,,0.0
130,1,5.00,10,10.93,16.60,16.89,0.0,0.00,0.0,0.0,,0.0
130,2,5.00,10,9.99,15.94,16.22,0.0,0.00,0.0,0.0,,0.0
130,3,5.00,10,9.12,15.28,15.57,0.0,0.00,0.0,0.0,,0.0
130,4,5.00,10,8.16,14.62,14.90,0.0,0.00,0.0,0.0,,0.0
130,5,5.00,10,7.49,14.00,14.28,0.0,0.00,0.0,-0.0,,0.0
130,6,5.00,10,6.76,13.38,13.66,0.0,0.00,0.0,-0.0,,0.0
130,7,5.00,10,5.81,12.75,13.03,0.0,0.00,0.0,-0.0,,0.0
130,8,5.00,10,5.14,12.59,20.19,7034.11,0.00,0.0,0.0,,7034.11
130,9,5.00,10,7.25,12.72,20.19,4702.82,0.00,0.0,0.0,,4702.82
130,10,5.00,10,10.99,13.42,20.19,3839.66,0.00,0.0,0.0,,3839.66
130,11,5.00,10,14.37,14.49,20.19,2832.03,0.00,0.0,0.0,,2832.03
130,12,5.00,10,17.03,15.77,20.19,1792.38,0.00,0.0,0.0,,1792.38
130,13,5.00,10,19.44,17.19,20.19,733.49,0.00,0.0,0.0,,733.49
130,14,5.00,10,21.87,18.72,20.53,0.0,0.00,0.0,-85.11,,-85.11
130,15,5.00,10,23.24,20.08,21.51,0.0,0.00,0.0,0.0,,0.0
130,16,5.00,10,24.29,21.27,22.52,0.0,0.00,0.0,0.0,,0.0
130,17,5.00,10,23.67,22.00,23.14,0.0,0.00,0.0,0.0,,0.0
130,18,5.00,10,22.35,22.28,23.33,0.0,0.00,0.0,0.0,,0.0
130,19,5.00,10,20.03,21.35,22.37,0.0,0.00,0.0,0.0,,0.0
130,20,5.00,10,18.02,20.65,21.61,0.0,0.00,0.0,0.0,,0.0
130,21,5.00,10,16.54,19.98,20.89,0.0,0.00,0.0,0.0,,0.0
130,22,5.00,10,15.52,19.35,20.21,0.0,0.00,0.0,0.0,,0.0
130,23,5.00,10,14.49,18.73,19.53,0.0,0.00,0.0,0.0,,0.0
130,24,5.00,10,13.46,18.09,18.85,0.0,0.00,0.0,0.0,,0.0
130,1,6.00,10,12.31,17.44,18.15,0.0,0.00,0.0,0.0,,0.0
130,2,6.00,10,11.27,16.78,17.46,0.0,0.00,0.0,-0.0,,0.0
130,3,6.00,10,10.17,16.12,16.76,0.0,0.00,0.0,-0.0,,0.0
130,4,6.00,10,9.15,15.45,16.06,0.0,0.00,0.0,-0.0,,0.0
130,5,6.00,10,8.09,14.77,15.35,0.0,0.00,0.0,-0.0,,0.0
130,6,6.00,10,7.08,14.09,14.64,0.0,0.00,0.0,-0.0,,0.0
130,7,6.00,10,6.41,13.45,13.98,0.0,0.00,0.0,-0.0,,0.0
130,8,6.00,10,5.56,13.24,20.19,6202.69,0.00,0.0,0.0,,6202.69
130,9,6.00,10,7.56,13.32,20.19,4202.23,0.00,0.0,0.0,,4202.23
130,10,6.00,10,11.84,14.07,20.19,3309.85,0.00,0.0,0.0,,3309.85
130,11,6.00,10,15.58,15.22,20.19,2276.96,0.00,0.0,0.0,,2276.96
130,12,6.00,10,18.99,16.66,20.19,1134.79,0.00,0.0,0.0,,1134.79
130,13,6.00,10,21.75,18.22,20.19,10.73,0.00,0.0,0.0,,10.73
130,14,6.00,10,24.85,19.95,21.42,0.0,0.00,0.0,0.0,,0.0
130,15,6.00,10,26.27,21.45,22.72,0.0,0.00,0.0,0.0,,0.0
130,16,6.00,10,27.34,22.75,23.90,0.0,0.00,0.0,0.0,,0.0
130,17,6.00,10,26.39,23.52,24.58,0.0,0.00,0.0,0.0,,0.0
130,18,6.00,10,24.93,23.83,24.81,0.0,0.00,0.0,0.0,,0.0
130,19,6.00,10,21.84,22.81,23.76,0.0,0.00,0.0,0.0,,0.0
130,20,6.00,10,19.47,22.03,22.94,0.0,0.00,0.0,0.0,,0.0
130,21,6.00,10,17.87,21.32,22.18,0.0,0.00,0.0,0.0,,0.0
130,22,6.00,10,16.45,20.61,21.42,0.0,0.00,0.0,0.0,,0.0
130,23,6.00,10,15.05,19.88,20.64,0.0,0.00,0.0,0.0,,0.0
130,24,6.00,10,13.81,19.15,19.87,0.0,0.00,0.0,0.0,,0.0
130,1,7.00,10,12.70,18.43,19.11,0.0,0.00,0.0,0.0,,0.0
130,2,7.00,10,11.85,17.73,18.38,0.0,0.00,0.0,0.0,,0.0
130,3,7.00,10,10.98,17.05,17.66,0.0,0.00,0.0,0.0,,0.0
130,4,7.00,10,9.94,16.35,16.94,0.0,0.00,0.0,-0.0,,0.0
130,5,7.00,10,8.75,15.64,16.20,0.0,0.00,0.0,-0.0,,0.0
130,6,7.00,10,7.80,14.94,15.47,0.0,0.00,0.0,-0.0,,0.0
130,7,7.00,10,6.80,14.23,14.75,0.0,0.00,0.0,-0.0,,0.0
130,8,7.00,10,6.10,13.99,20.19,5498.54,0.00,0.0,0.0,,5498.54
130,9,7.00,10,7.97,14.02,20.19,3764.87,0.00,0.0,0.0,,3764.87
130,10,7.00,10,12.00,14.69,20.19,2952.54,0.00,0.0,0.0,,2952.54
130,11,7.00,10,15.59,15.77,20.19,1983.68,0.00,0.0,0.0,,1983.68
130,12,7.00,10,18.78,17.12,20.19,915.81,0.00,0.0,0.0,,915.81
130,13,7.00,10,21.36,18.59,20.34,0.0,0.00,0.0,0.0,,0.0
130,14,7.00,10,23.82,20.15,21.47,0.0,0.00,0.0,0.0,,0.0
130,15,7.00,10,25.34,21.57,22.71,0.0,0.00,0.0,0.0,,0.0
130,16,7.00,10,24.88,22.54,23.58,0.0,0.00,0.0,0.0,,0.0
130,17,7.00,10,24.02,23.13,24.10,0.0,0.00,0.0,0.0,,0.0
130,18,7.00,10,22.16,23.23,24.13,0.0,0.00,0.0,0.0,,0.0
130,19,7.00,10,20.18,22.29,23.17,0.0,0.00,0.0,0.0,,0.0
130,20,7.00,10,17.97,21.51,22.34,0.0,0.00,0.0,0.0,,0.0
130,21,7.00,10,16.33,20.75,21.54,0.0,0.00,0.0,0.0,,0.0
130,22,7.00,10,15.39,20.06,20.80,0.0,0.00,0.0,0.0,,0.0
130,23,7.00,10,14.53,19.39,20.09,0.0,0.00,0.0,0.0,,0.0
130,24,7.00,10,13.87,18.75,19.42,0.0,0.00,0.0,0.0,,0.0
130,1,1.00,10,13.21,18.14,18.78,0.0,0.00,0.0,0.0,,0.0
130,2,1.00,10,12.61,17.56,18.16,0.0,0.00,0.0,-0.0,,0.0
130,3,1.00,10,12.20,17.02,17.59,0.0,0.00,0.0,-0.0,,0.0
130,4,1.00,10,11.66,16.49,17.04,0.0,0.00,0.0,-0.0,,0.0
130,5,1.00,10,10.83,15.94,16.47,0.0,0.00,0.0,-0.0,,0.0
130,6,1.00,10,10.13,15.40,15.91,0.0,0.00,0.0,-0.0,,0.0
130,7,1.00,10,9.28,14.85,15.34,0.0,0.00,0.0,-0.0,,0.0
130,8,1.00,10,8.84,14.86,20.19,4682.73,0.00,0.0,0.0,,4682.73
130,9,1.00,10,9.83,14.90,20.19,3193.64,0.00,0.0,0.0,,3193.64
130,10,1.00,10,11.26,15.20,20.19,2772.49,0.00,0.0,0.0,,2772.49
130,11,1.00,10,13.14,15.84,20.19,2130.74,0.00,0.0,0.0,,2130.74
130,12,1.00,10,15.07,16.74,20.19,1366.67,0.00,0.0,0.0,,1366.67
130,13,1.00,10,16.75,17.78,20.19,584.37,0.00,0.0,0.0,,584.37
130,14,1.00,10,18.24,18.88,20.37,0.0,0.00,0.0,0.0,,0.0
130,15,1.00,10,18.93,19.83,21.02,0.0,0.00,0.0,0.0,,0.0
130,16,1.00,10,19.17,20.57,21.62,0.0,0.00,0.0,0.0,,0.0
130,17,1.00,10,18.92,21.03,22.00,0.0,0.00,0.0,0.0,,0.0
130,18,1.00,10,17.66,21.07,21.96,0.0,0.00,0.0,0.0,,0.0
130,19,1.00,10,15.96,20.16,21.04,0.0,0.00,0.0,0.0,,0.0
130,20,1.00,10,14.45,19.41,20.24,0.0,0.00,0.0,0.0,,0.0
130,21,1.00,10,13.47,18.72,19.50,0.0,0.00,0.0,0.0,,0.0
130,22,1.00,10,13.06,18.10,18.84,0.0,0.00,0.0,0.0,,0.0
130,23,1.00,10,12.59,17.52,18.22,0.0,0.00,0.0,0.0,,0.0
130,24,1.00,10,12.26,16.98,17.64,0.0,0.00,0.0,0.0,,0.0
130,1,2.00,10,12.09,16.50,17.13,0.0,0.00,0.0,0.0,,0.0
130,2,2.00,10,11.96,16.07,16.66,0.0,0.00,0.0,-0.0,,0.0
130,3,2.00,10,11.98,15.69,16.26,0.0,0.00,0.0,-0.0,,0.0
130,4,2.00,10,11.84,15.33,15.88,0.0,0.00,0.0,-0.0,,0.0
130,5,2.00,10,11.83,15.02,15.54,0.0,0.00,0.0,-0.0,,0.0
130,6,2.00,10,11.49,14.70,15.20,0.0,0.00,0.0,-0.0,,0.0
130,7,2.00,10,11.01,14.37,14.85,0.0,0.00,0.0,-0.0,,0.0
130,8,2.00,10,10.18,14.60,20.19,4939.26,0.00,0.0,0.0,,4939.26
130,9,2.00,10,10.12,14.62,20.19,3391.26,0.00,0.0,0.0,,3391.26
130,10,2.00,10,10.90,14.85,20.19,3021.45,0.00,0.0,0.0,,3021.45
130,11,2.00,10,12.17,15.37,20.19,2455.37,0.00,0.0,0.0,,2455.37
130,12,2.00,10,13.30,16.10,20.19,1819.51,0.00,0.0,0.0,,1819.51
130,13,2.00,10,14.26,16.93,20.19,1176.22,0.00,0.0,0.0,,1176.22
130,14,2.00,10,15.36,17.83,20.19,527.58,0.00,0.0,-79.18,,448.40000000000003
130,15,2.00,10,15.27,18.52,20.19,132.02,0.00,0.0,-71.15,,60.870000000000005
130,16,2.00,10,14.94,19.00,20.29,0.0,0.00,0.0,-11.77,,-11.77
130,17,2.00,10,14.67,19.27,20.40,0.0,0.00,0.0,0.0,,0.0
130,18,2.00,10,14.72,19.36,20.39,0.0,0.00,0.0,0.0,,0.0
130,19,2.00,10,13.34,18.52,19.52,0.0,0.00,0.0,0.0,,0.0
130,20,2.00,10,12.59,17.86,18.80,0.0,0.00,0.0,0.0,,0.0
130,21,2.00,10,11.71,17.21,18.10,0.0,0.00,0.0,0.0,,0.0
130,22,2.00,10,10.97,16.58,17.42,0.0,0.00,0.0,0.0,,0.0
130,23,2.00,10,10.49,15.99,16.78,0.0,0.00,0.0,-0.0,,0.0
130,24,2.00,10,10.11,15.45,16.20,0.0,0.00,0.0,-0.0,,0.0
130,1,3.00,10,9.42,14.90,15.61,0.0,0.00,0.0,-0.0,,0.0
130,2,3.00,10,9.11,14.41,15.07,0.0,0.00,0.0,-0.0,,0.0
130,3,3.00,10,8.65,13.93,14.56,0.0,0.00,0.0,-0.0,,0.0
130,4,3.00,10,8.22,13.46,14.07,0.0,0.00,0.0,-0.0,,0.0
130,5,3.00,10,7.45,12.98,13.55,0.0,0.00,0.0,-0.0,,0.0
130,6,3.00,10,6.51,12.46,13.01,0.0,0.00,0.0,-0.0,,0.0
130,7,3.00,10,5.58,11.93,12.45,0.0,0.00,0.0,-0.0,,0.0
130,8,3.00,10,5.02,12.30,12.80,0.0,0.00,0.0,-0.0,,0.0
130,9,3.00,10,7.20,12.56,13.05,0.0,0.00,0.0,-0.0,,0.0
130,10,3.00,10,10.42,13.14,13.61,0.0,0.00,0.0,-0.0,,0.0
130,11,3.00,10,13.38,14.05,14.49,0.0,0.00,0.0,-0.0,,0.0
130,12,3.00,10,15.69,15.17,15.60,0.0,0.00,0.0,-0.0,,0.0
130,13,3.00,10,17.72,16.43,16.85,0.0,0.00,0.0,-0.0,,0.0
130,14,3.00,10,19.91,17.80,18.21,0.0,0.00,0.0,-0.0,,0.0
130,15,3.00,10,21.16,19.07,19.47,0.0,0.00,0.0,-0.0,,0.0
130,16,3.00,10,22.11,20.19,20.57,0.0,0.00,0.0,-0.0,,0.0
130,17,3.00,10,21.47,20.93,21.30,0.0,0.00,0.0,0.0,,0.0
130,18,3.00,10,20.05,21.25,21.61,0.0,0.00,0.0,0.0,,0.0
130,19,3.00,10,18.03,20.30,20.65,0.0,0.00,0.0,0.0,,0.0
130,20,3.00,10,15.85,19.55,19.89,0.0,0.00,0.0,0.0,,0.0
130,21,3.00,10,14.37,18.85,19.19,0.0,0.00,0.0,0.0,,0.0
130,22,3.00,10,13.53,18.21,18.54,0.0,0.00,0.0,0.0,,0.0
130,23,3.00,10,12.74,17.60,17.92,0.0,0.00,0.0,0.0,,0.0
130,24,3.00,10,11.97,17.00,17.32,0.0,0.00,0.0,0.0,,0.0
130,1,4.00,10,11.31,16.42,16.73,0.0,0.00,0.0,0.0,,0.0
130,2,4.00,10,10.58,15.85,16.16,0.0,0.00,0.0,-0.0,,0.0
130,3,4.00,10,9.72,15.28,15.58,0.0,0.00,0.0,-0.0,,0.0
130,4,4.00,10,8.80,14.69,14.99,0.0,0.00,0.0,-0.0,,0.0
130,5,4.00,10,7.74,14.08,14.37,0.0,0.00,0.0,-0.0,,0.0
130,6,4.00,10,7.05,13.50,13.78,0.0,0.00,0.0,-0.0,,0.0
130,7,4.00,10,6.34,12.92,13.21,0.0,0.00,0.0,-0.0,,0.0
130,8,4.00,10,5.84,13.26,13.54,0.0,0.00,0.0,-0.0,,0.0
130,9,4.00,10,7.88,13.47,13.75,0.0,0.00,0.0,-0.0,,0.0
130,10,4.00,10,12.12,14.13,14.41,0.0,0.00,0.0,-0.0,,0.0
130,11,4.00,10,15.31,15.10,15.37,0.0,0.00,0.0,-0.0,,0.0
130,12,4.00,10,18.09,16.32,16.58,0.0,0.00,0.0,-0.0,,0.0
130,13,4.00,10,20.62,17.71,17.97,0.0,0.00,0.0,-0.0,,0.0
130,14,4.00,10,23.46,19.25,19.51,0.0,0.00,0.0,-0.0,,0.0
130,15,4.00,10,24.90,20.67,20.93,0.0,0.00,0.0,-0.0,,0.0
130,16,4.00,10,26.13,21.94,22.20,0.0,0.00,0.0,0.0,,0.0
130,17,4.00,10,25.37,22.79,23.04,0.0,0.00,0.0,0.0,,0.0
130,18,4.00,10,24.14,23.23,23.49,0.0,0.00,0.0,0.0,,0.0
130,19,4.00,10,21.15,22.27,22.52,0.0,0.00,0.0,0.0,,0.0
130,20,4.00,10,18.71,21.51,21.76,0.0,0.00,0.0,0.0,,0.0
130,21,4.00,10,17.51,20.86,21.11,0.0,0.00,0.0,0.0,,0.0
130,22,4.00,10,16.15,20.19,20.44,0.0,0.00,0.0,0.0,,0.0
130,23,4.00,10,14.77,19.50,19.74,0.0,0.00,0.0,0.0,,0.0
130,24,4.00,10,13.36,18.78,19.02,0.0,0.00,0.0,0.0,,0.0
130,1,5.00,10,12.06,18.05,18.29,0.0,0.00,0.0,0.0,,0.0
130,2,5.00,10,10.93,17.32,17.56,0.0,0.00,0.0,0.0,,0.0
130,3,5.00,10,10.10,16.62,16.86,0.0,0.00,0.0,0.0,,0.0
130,4,5.00,10,9.21,15.93,16.17,0.0,0.00,0.0,-0.0,,0.0
130,5,5.00,10,8.60,15.29,15.52,0.0,0.00,0.0,-0.0,,0.0
130,6,5.00,10,7.99,14.67,14.90,0.0,0.00,0.0,-0.0,,0.0
130,7,5.00,10,7.28,14.06,14.29,0.0,0.00,0.0,-0.0,,0.0
130,8,5.00,10,8.63,14.24,20.19,5491.82,0.00,0.0,0.0,,5491.82
130,9,5.00,10,11.13,14.60,20.19,3422.98,0.00,0.0,0.0,,3422.98
130,10,5.00,10,15.59,15.57,20.19,2420.45,0.00,0.0,0.0,,2420.45
130,11,5.00,10,19.03,16.84,20.19,1359.0,0.00,0.0,0.0,,1359.0
130,12,5.00,10,22.26,18.37,20.19,188.66,0.00,0.0,-203.22,,-14.560000000000002
130,13,5.00,10,25.25,20.07,21.24,0.0,0.00,0.0,-487.14,,-487.14
130,14,5.00,10,28.49,21.92,22.88,0.0,0.00,0.0,-480.49,,-480.49
130,15,5.00,10,29.90,23.53,24.38,0.0,0.00,0.0,-85.34,,-85.34
130,16,5.00,10,29.41,24.66,25.19,-236.78,0.00,0.0,0.0,,-236.78
130,17,5.00,10,28.54,25.40,25.19,-815.51,0.00,0.0,0.0,,-815.51
130,18,5.00,10,27.43,25.75,25.19,-891.79,0.00,0.0,0.0,,-891.79
130,19,5.00,10,24.75,24.76,24.96,0.0,0.00,0.0,0.0,,0.0
130,20,5.00,10,21.90,23.97,24.36,0.0,0.00,0.0,0.0,,0.0
130,21,5.00,10,20.06,23.22,23.66,0.0,0.00,0.0,0.0,,0.0
130,22,5.00,10,18.67,22.50,22.94,0.0,0.00,0.0,0.0,,0.0
130,23,5.00,10,17.13,21.75,22.17,0.0,0.00,0.0,0.0,,0.0
130,24,5.00,10,15.95,21.01,21.41,0.0,0.00,0.0,0.0,,0.0
130,1,6.00,10,15.04,20.30,20.69,0.0,0.00,0.0,-0.0,,0.0
130,2,6.00,10,14.24,19.62,19.99,0.0,0.00,0.0,-0.0,,0.0
130,3,6.00,10,13.58,18.97,19.33,0.0,0.00,0.0,-0.0,,0.0
130,4,6.00,10,12.79,18.33,18.68,0.0,0.00,0.0,-0.0,,0.0
130,5,6.00,10,11.98,17.69,18.03,0.0,0.00,0.0,-0.0,,0.0
130,6,6.00,10,11.25,17.07,17.40,0.0,0.00,0.0,-0.0,,0.0
130,7,6.00,10,10.36,16.45,16.77,0.0,0.00,0.0,-0.0,,0.0
130,8,6.00,10,9.93,16.37,20.19,3374.53,0.00,0.0,0.0,,3374.53
130,9,6.00,10,10.94,16.36,20.19,2342.68,0.00,0.0,0.0,,2342.68
130,10,6.00,10,13.08,16.73,20.19,1875.49,0.00,0.0,0.0,,1875.49
130,11,6.00,10,15.11,17.40,20.19,1247.7,0.00,0.0,0.0,,1247.7
130,12,6.00,10,16.45,18.23,20.19,599.58,0.00,0.0,0.0,,599.58
130,13,6.00,10,17.52,19.13,20.25,0.0,0.00,0.0,0.0,,0.0
130,14,6.00,10,18.33,20.04,20.89,0.0,0.00,0.0,0.0,,0.0
130,15,6.00,10,18.05,20.72,21.46,0.0,0.00,0.0,0.0,,0.0
130,16,6.00,10,18.06,21.26,21.94,0.0,0.00,0.0,0.0,,0.0
130,17,6.00,10,17.82,21.57,22.20,0.0,0.00,0.0,0.0,,0.0
130,18,6.00,10,16.39,21.45,22.04,0.0,0.00,0.0,0.0,,0.0
130,19,6.00,10,15.02,20.54,21.12,0.0,0.00,0.0,0.0,,0.0
130,20,6.00,10,13.29,19.70,20.25,0.0,0.00,0.0,0.0,,0.0
130,21,6.00,10,12.36,18.92,19.45,0.0,0.00,0.0,0.0,,0.0
130,22,6.00,10,12.06,18.24,18.74,0.0,0.00,0.0,0.0,,0.0
130,23,6.00,10,11.49,17.58,18.06,0.0,0.00,0.0,0.0,,0.0
130,24,6.00,10,11.19,16.98,17.44,0.0,0.00,0.0,0.0,,0.0
130,1,7.00,10,10.90,16.43,16.86,0.0,0.00,0.0,0.0,,0.0
130,2,7.00,10,10.74,15.93,16.35,0.0,0.00,0.0,-0.0,,0.0
130,3,7.00,10,10.66,15.49,15.88,0.0,0.00,0.0,-0.0,,0.0
130,4,7.00,10,10.44,15.07,15.45,0.0,0.00,0.0,-0.0,,0.0
130,5,7.00,10,10.35,14.69,15.05,0.0,0.00,0.0,-0.0,,0.0
130,6,7.00,10,10.17,14.33,14.68,0.0,0.00,0.0,-0.0,,0.0
130,7,7.00,10,9.85,13.98,14.32,0.0,0.00,0.0,-0.0,,0.0
130,8,7.00,10,10.11,14.33,20.19,5319.87,0.00,0.0,0.0,,5319.87
130,9,7.00,10,11.34,14.61,20.19,3390.58,0.00,0.0,0.0,,3390.58
130,10,7.00,10,13.02,15.13,20.19,2806.94,0.00,0.0,0.0,,2806.94
130,11,7.00,10,15.28,16.00,20.19,1996.32,0.00,0.0,0.0,,1996.32
130,12,7.00,10,17.11,17.06,20.19,1144.99,0.00,0.0,0.0,,1144.99
130,13,7.00,10,18.72,18.23,20.19,289.19,0.00,0.0,-81.7,,207.49
130,14,7.00,10,20.10,19.42,20.73,0.0,0.00,0.0,-210.59,,-210.59
130,15,7.00,10,20.84,20.48,21.56,0.0,0.00,0.0,0.0,,0.0
130,16,7.00,10,21.28,21.35,22.31,0.0,0.00,0.0,0.0,,0.0
130,17,7.00,10,20.91,21.90,22.77,0.0,0.00,0.0,0.0,,0.0
130,18,7.00,10,19.46,21.98,22.79,0.0,0.00,0.0,0.0,,0.0
130,19,7.00,10,17.66,21.07,21.86,0.0,0.00,0.0,0.0,,0.0
130,20,7.00,10,15.42,20.27,21.02,0.0,0.00,0.0,0.0,,0.0
130,21,7.00,10,13.94,19.50,20.20,0.0,0.00,0.0,0.0,,0.0
130,22,7.00,10,12.84,18.76,19.42,0.0,0.00,0.0,0.0,,0.0
130,23,7.00,10,11.66,18.01,18.64,0.0,0.00,0.0,0.0,,0.0
130,24,7.00,10,10.71,17.29,17.88,0.0,0.00,0.0,0.0,,0.0
130,1,1.00,10,9.83,16.59,17.15,0.0,0.00,0.0,0.0,,0.0
130,2,1.00,10,9.32,15.94,16.47,0.0,0.00,0.0,0.0,,0.0
130,3,1.00,10,8.87,15.33,15.84,0.0,0.00,0.0,-0.0,,0.0
130,4,1.00,10,8.34,14.75,15.23,0.0,0.00,0.0,-0.0,,0.0
130,5,1.00,10,7.48,14.15,14.61,0.0,0.00,0.0,-0.0,,0.0
130,6,1.00,10,6.75,13.56,14.00,0.0,0.00,0.0,-0.0,,0.0
130,7,1.00,10,6.15,12.99,13.41,0.0,0.00,0.0,-0.0,,0.0
130,8,1.00,10,7.35,13.19,20.19,6342.22,0.00,0.0,0.0,,6342.22
130,9,1.00,10,9.99,13.59,20.19,3984.13,0.00,0.0,0.0,,3984.13
130,10,1.00,10,13.60,14.45,20.19,3080.56,0.00,0.0,0.0,,3080.56
130,11,1.00,10,17.17,15.69,20.19,1992.04,0.00,0.0,0.0,,1992.04
130,12,1.00,10,20.29,17.18,20.19,833.94,0.00,0.0,-53.03,,780.9100000000001
130,13,1.00,10,22.94,18.80,20.52,0.0,0.00,0.0,-335.11,,-335.11
130,14,1.00,10,25.34,20.46,21.77,0.0,0.00,0.0,-326.13,,-326.13
130,15,1.00,10,26.84,21.98,23.12,0.0,0.00,0.0,0.0,,0.0
130,16,1.00,10,26.27,23.02,24.05,0.0,0.00,0.0,0.0,,0.0
130,17,1.00,10,25.39,23.69,24.63,0.0,0.00,0.0,0.0,,0.0
130,18,1.00,10,23.74,23.89,24.76,0.0,0.00,0.0,0.0,,0.0
130,19,1.00,10,21.35,22.93,23.78,0.0,0.00,0.0,0.0,,0.0
130,20,1.00,10,18.98,22.15,22.96,0.0,0.00,0.0,0.0,,0.0
130,21,1.00,10,17.30,21.41,22.18,0.0,0.00,0.0,0.0,,0.0
130,22,1.00,10,15.95,20.69,21.41,0.0,0.00,0.0,0.0,,0.0
130,23,1.00,10,14.54,19.94,20.62,0.0,0.00,0.0,0.0,,0.0
130,24,1.00,10,13.47,19.22,19.86,0.0,0.00,0.0,0.0,,0.0
130,1,2.00,10,12.55,18.51,19.12,0.0,0.00,0.0,0.0,,0.0
130,2,2.00,10,11.76,17.83,18.41,0.0,0.00,0.0,0.0,,0.0
130,3,2.00,10,11.16,17.20,17.74,0.0,0.00,0.0,-0.0,,0.0
130,4,2.00,10,10.47,16.57,17.09,0.0,0.00,0.0,-0.0,,0.0
130,5,2.00,10,9.87,15.97,16.47,0.0,0.00,0.0,-0.0,,0.0
130,6,2.00,10,9.07,15.37,15.84,0.0,0.00,0.0,-0.0,,0.0
130,7,2.00,10,8.02,14.74,15.19,0.0,0.00,0.0,-0.0,,0.0
130,8,2.00,10,7.48,14.62,20.19,4945.92,0.00,0.0,0.0,,4945.92
130,9,2.00,10,9.34,14.73,20.19,3310.45,0.00,0.0,0.0,,3310.45
130,10,2.00,10,11.52,15.16,20.19,2771.66,0.00,0.0,0.0,,2771.66
130,11,2.00,10,14.14,15.98,20.19,1989.85,0.00,0.0,0.0,,1989.85
130,12,2.00,10,16.33,17.03,20.19,1142.34,0.00,0.0,0.0,,1142.34
130,13,2.00,10,18.01,18.17,20.19,312.52,0.00,0.0,-46.07,,266.45
130,14,2.00,10,18.83,19.24,20.58,0.0,0.00,0.0,-163.14,,-163.14
130,15,2.00,10,19.35,20.18,21.29,0.0,0.00,0.0,0.0,,0.0
130,16,2.00,10,19.21,20.87,21.86,0.0,0.00,0.0,0.0,,0.0
130,17,2.00,10,18.65,21.26,22.17,0.0,0.00,0.0,0.0,,0.0
130,18,2.00,10,17.00,21.20,22.04,0.0,0.00,0.0,0.0,,0.0
130,19,2.00,10,15.89,20.35,21.17,0.0,0.00,0.0,0.0,,0.0
130,20,2.00,10,13.79,19.53,20.31,0.0,0.00,0.0,0.0,,0.0
130,21,2.00,10,12.20,18.72,19.45,0.0,0.00,0.0,0.0,,0.0
130,22,2.00,10,11.79,18.02,18.71,0.0,0.00,0.0,0.0,,0.0
130,23,2.00,10,11.57,17.40,18.06,0.0,0.00,0.0,0.0,,0.0
130,24,2.00,10,11.27,16.83,17.45,0.0,0.00,0.0,0.0,,0.0
130,1,3.00,10,10.71,16.27,16.85,0.0,0.00,0.0,0.0,,0.0
130,2,3.00,10,10.38,15.75,16.30,0.0,0.00,0.0,-0.0,,0.0
130,3,3.00,10,10.45,15.31,15.84,0.0,0.00,0.0,-0.0,,0.0
130,4,3.00,10,10.35,14.91,15.41,0.0,0.00,0.0,-0.0,,0.0
130,5,3.00,10,10.11,14.52,15.00,0.0,0.00,0.0,-0.0,,0.0
130,6,3.00,10,9.64,14.13,14.59,0.0,0.00,0.0,-0.0,,0.0
130,7,3.00,10,8.94,13.71,14.15,0.0,0.00,0.0,-0.0,,0.0
130,8,3.00,10,8.99,14.25,14.67,0.0,0.00,0.0,-0.0,,0.0
130,9,3.00,10,9.99,14.50,14.90,0.0,0.00,0.0,-0.0,,0.0
130,10,3.00,10,11.28,14.87,15.26,0.0,0.00,0.0,-0.0,,0.0
130,11,3.00,10,13.43,15.57,15.95,0.0,0.00,0.0,-0.0,,0.0
130,12,3.00,10,14.85,16.45,16.81,0.0,0.00,0.0,-0.0,,0.0
130,13,3.00,10,15.90,17.42,17.77,0.0,0.00,0.0,-0.0,,0.0
130,14,3.00,10,16.59,18.39,18.73,0.0,0.00,0.0,-0.0,,0.0
130,15,3.00,10,16.45,19.20,19.53,0.0,0.00,0.0,-0.0,,0.0
130,16,3.00,10,16.21,19.82,20.14,0.0,0.00,0.0,-0.0,,0.0
130,17,3.00,10,15.51,20.17,20.48,0.0,0.00,0.0,-0.0,,0.0
130,18,3.00,10,13.89,20.13,20.43,0.0,0.00,0.0,-0.0,,0.0
130,19,3.00,10,12.88,18.98,19.28,0.0,0.00,0.0,-0.0,,0.0
130,20,3.00,10,11.58,18.12,18.42,0.0,0.00,0.0,0.0,,0.0
130,21,3.00,10,10.88,17.39,17.67,0.0,0.00,0.0,0.0,,0.0
130,22,3.00,10,10.26,16.71,16.99,0.0,0.00,0.0,0.0,,0.0
130,23,3.00,10,9.78,16.07,16.35,0.0,0.00,0.0,0.0,,0.0
130,24,3.00,10,9.22,15.47,15.74,0.0,0.00,0.0,0.0,,0.0
130,1,4.00,10,9.02,14.93,15.20,0.0,0.00,0.0,-0.0,,0.0
130,2,4.00,10,8.89,14.45,14.71,0.0,0.00,0.0,-0.0,,0.0
130,3,4.00,10,9.07,14.04,14.30,0.0,0.00,0.0,-0.0,,0.0
130,4,4.00,10,9.10,13.68,13.93,0.0,0.00,0.0,-0.0,,0.0
130,5,4.00,10,9.07,13.35,13.60,0.0,0.00,0.0,-0.0,,0.0
130,6,4.00,10,9.03,13.05,13.29,0.0,0.00,0.0,-0.0,,0.0
130,7,4.00,10,8.86,12.76,13.00,0.0,0.00,0.0,-0.0,,0.0
130,8,4.00,10,8.81,13.38,13.61,0.0,0.00,0.0,-0.0,,0.0
130,9,4.00,10,10.04,13.72,13.96,0.0,0.00,0.0,-0.0,,0.0
130,10,4.00,10,11.70,14.22,14.45,0.0,0.00,0.0,-0.0,,0.0
130,11,4.00,10,13.72,15.00,15.23,0.0,0.00,0.0,-0.0,,0.0
130,12,4.00,10,15.38,15.98,16.21,0.0,0.00,0.0,-0.0,,0.0
130,13,4.00,10,16.90,17.08,17.31,0.0,0.00,0.0,-0.0,,0.0
130,14,4.00,10,18.44,18.26,18.48,0.0,0.00,0.0,-0.0,,0.0
130,15,4.00,10,18.86,19.29,19.51,0.0,0.00,0.0,-0.0,,0.0
130,16,4.00,10,19.25,20.15,20.37,0.0,0.00,0.0,0.0,,0.0
130,17,4.00,10,18.75,20.72,20.93,0.0,0.00,0.0,-0.0,,0.0
130,18,4.00,10,17.31,20.87,21.09,0.0,0.00,0.0,0.0,,0.0
130,19,4.00,10,15.87,19.85,20.06,0.0,0.00,0.0,0.0,,0.0
130,20,4.00,10,13.93,19.04,19.25,0.0,0.00,0.0,0.0,,0.0
130,21,4.00,10,12.53,18.28,18.49,0.0,0.00,0.0,0.0,,0.0
130,22,4.00,10,11.58,17.58,17.79,0.0,0.00,0.0,0.0,,0.0
130,23,4.00,10,10.87,16.92,17.12,0.0,0.00,0.0,0.0,,0.0
130,24,4.00,10,10.19,16.28,16.49,0.0,0.00,0.0,0.0,,0.0
130,1,5.00,10,9.61,15.68,15.88,0.0,0.00,0.0,-0.0,,0.0
130,2,5.00,10,9.20,15.12,15.32,0.0,0.00,0.0,-0.0,,0.0
130,3,5.00,10,8.92,14.61,14.81,0.0,0.00,0.0,-0.0,,0.0
130,4,5.00,10,8.59,14.12,14.32,0.0,0.00,0.0,-0.0,,0.0
130,5,5.00,10,8.19,13.66,13.86,0.0,0.00,0.0,-0.0,,0.0
130,6,5.00,10,7.82,13.22,13.41,0.0,0.00,0.0,-0.0,,0.0
130,7,5.00,10,7.33,12.78,12.98,0.0,0.00,0.0,-0.0,,0.0
130,8,5.00,10,7.86,13.04,20.19,6678.42,0.00,0.0,0.0,,6678.42
130,9,5.00,10,9.65,13.35,20.19,4277.17,0.00,0.0,0.0,,4277.17
130,10,5.00,10,11.76,13.95,20.19,3584.46,0.00,0.0,0.0,,3584.46
130,11,5.00,10,14.30,14.89,20.19,2681.55,0.00,0.0,0.0,,2681.55
130,12,5.00,10,16.29,16.02,20.19,1754.65,0.00,0.0,0.0,,1754.65
130,13,5.00,10,18.02,17.26,20.19,831.3,0.00,0.0,0.0,,831.3
130,14,5.00,10,19.45,18.51,20.22,0.0,0.00,0.0,-179.63,,-179.63
130,15,5.00,10,20.10,19.60,20.91,0.0,0.00,0.0,0.0,,0.0
130,16,5.00,10,20.86,20.56,21.69,0.0,0.00,0.0,0.0,,0.0
130,17,5.00,10,20.31,21.12,22.15,0.0,0.00,0.0,0.0,,0.0
130,18,5.00,10,19.06,21.26,22.21,0.0,0.00,0.0,0.0,,0.0
130,19,5.00,10,17.26,20.39,21.30,0.0,0.00,0.0,0.0,,0.0
130,20,5.00,10,15.12,19.63,20.49,0.0,0.00,0.0,0.0,,0.0
130,21,5.00,10,13.57,18.89,19.70,0.0,0.00,0.0,0.0,,0.0
130,22,5.00,10,12.40,18.17,18.93,0.0,0.00,0.0,0.0,,0.0
130,23,5.00,10,11.51,17.49,18.19,0.0,0.00,0.0,0.0,,0.0
130,24,5.00,10,10.57,16.81,17.47,0.0,0.00,0.0,0.0,,0.0
130,1,6.00,10,9.81,16.15,16.78,0.0,0.00,0.0,0.0,,0.0
130,2,6.00,10,9.20,15.53,16.12,0.0,0.00,0.0,0.0,,0.0
130,3,6.00,10,8.42,14.92,15.47,0.0,0.00,0.0,-0.0,,0.0
130,4,6.00,10,7.56,14.30,14.82,0.0,0.00,0.0,-0.0,,0.0
130,5,6.00,10,6.83,13.70,14.19,0.0,0.00,0.0,-0.0,,0.0
130,6,6.00,10,6.41,13.14,13.61,0.0,0.00,0.0,-0.0,,0.0
130,7,6.00,10,5.62,12.57,13.02,0.0,0.00,0.0,-0.0,,0.0
130,8,6.00,10,6.79,12.76,20.19,6733.9,0.00,0.0,0.0,,6733.9
130,9,6.00,10,9.50,13.17,20.19,4246.33,0.00,0.0,0.0,,4246.33
130,10,6.00,10,12.47,13.93,20.19,3430.24,0.00,0.0,0.0,,3430.24
130,11,6.00,10,15.93,15.10,20.19,2364.72,0.00,0.0,0.0,,2364.72
130,12,6.00,10,18.57,16.47,20.19,1293.13,0.00,0.0,0.0,,1293.13
130,13,6.00,10,21.18,18.01,20.19,174.36,0.00,0.0,0.0,,174.36
130,14,6.00,10,23.28,19.57,21.09,0.0,0.00,0.0,0.0,,0.0
130,15,6.00,10,24.65,20.98,22.26,0.0,0.00,0.0,0.0,,0.0
130,16,6.00,10,24.28,21.99,23.13,0.0,0.00,0.0,0.0,,0.0
130,17,6.00,10,23.51,22.62,23.67,0.0,0.00,0.0,0.0,,0.0
130,18,6.00,10,22.03,22.82,23.78,0.0,0.00,0.0,0.0,,0.0
130,19,6.00,10,19.88,21.89,22.83,0.0,0.00,0.0,0.0,,0.0
130,20,6.00,10,17.26,21.10,21.98,0.0,0.00,0.0,0.0,,0.0
130,21,6.00,10,15.54,20.34,21.17,0.0,0.00,0.0,0.0,,0.0
130,22,6.00,10,14.41,19.62,20.40,0.0,0.00,0.0,0.0,,0.0
130,23,6.00,10,13.68,18.95,19.68,0.0,0.00,0.0,0.0,,0.0
130,24,6.00,10,13.11,18.33,19.01,0.0,0.00,0.0,0.0,,0.0
130,1,7.00,10,12.44,17.72,18.37,0.0,0.00,0.0,0.0,,0.0
130,2,7.00,10,11.90,17.15,17.76,0.0,0.00,0.0,-0.0,,0.0
130,3,7.00,10,11.55,16.62,17.20,0.0,0.00,0.0,-0.0,,0.0
130,4,7.00,10,11.15,16.12,16.67,0.0,0.00,0.0,-0.0,,0.0
130,5,7.00,10,11.02,15.68,16.20,0.0,0.00,0.0,-0.0,,0.0
130,6,7.00,10,10.90,15.28,15.77,0.0,0.00,0.0,-0.0,,0.0
130,7,7.00,10,9.94,14.81,15.28,0.0,0.00,0.0,-0.0,,0.0
130,8,7.00,10,9.66,14.95,20.19,4615.63,0.00,0.0,0.0,,4615.63
130,9,7.00,10,10.17,15.00,20.19,3144.21,0.00,0.0,0.0,,3144.21
130,10,7.00,10,11.45,15.30,20.19,2723.53,0.00,0.0,0.0,,2723.53
130,11,7.00,10,12.69,15.85,20.19,2169.3,0.00,0.0,0.0,,2169.3
130,12,7.00,10,13.17,16.48,20.19,1640.65,0.00,0.0,0.0,,1640.65
130,13,7.00,10,13.45,17.16,20.19,1126.81,0.00,0.0,0.0,,1126.81
130,14,7.00,10,13.80,17.86,20.19,633.55,0.00,0.0,0.0,,633.55
130,15,7.00,10,13.56,18.40,20.19,319.45,0.00,0.0,0.0,,319.45
130,16,7.00,10,13.62,18.83,20.19,87.24,0.00,0.0,0.0,,87.24
130,17,7.00,10,13.24,19.02,20.19,65.43,0.00,0.0,0.0,,65.43
130,18,7.00,10,12.39,18.90,20.19,282.3,0.00,0.0,0.0,,282.3
130,19,7.00,10,11.59,18.09,19.14,0.0,0.00,0.0,0.0,,0.0
130,20,7.00,10,10.68,17.37,18.30,0.0,0.00,0.0,0.0,,0.0
130,21,7.00,10,10.25,16.71,17.57,0.0,0.00,0.0,0.0,,0.0
130,22,7.00,10,9.87,16.09,16.89,0.0,0.00,0.0,0.0,,0.0
130,23,7.00,10,9.47,15.51,16.26,0.0,0.00,0.0,0.0,,0.0
130,24,7.00,10,9.23,14.98,15.69,0.0,0.00,0.0,0.0,,0.0
130,1,1.00,10,8.35,14.42,15.09,0.0,0.00,0.0,0.0,,0.0
130,2,1.00,10,8.07,13.92,14.55,0.0,0.00,0.0,-0.0,,0.0
130,3,1.00,10,8.03,13.48,14.08,0.0,0.00,0.0,-0.0,,0.0
130,4,1.00,10,7.83,13.07,13.63,0.0,0.00,0.0,-0.0,,0.0
130,5,1.00,10,7.28,12.65,13.18,0.0,0.00,0.0,-0.0,,0.0
130,6,1.00,10,7.55,12.32,12.82,0.0,0.00,0.0,-0.0,,0.0
130,7,1.00,10,7.54,12.01,12.50,0.0,0.00,0.0,-0.0,,0.0
130,8,1.00,10,8.39,12.47,20.19,6982.24,0.00,0.0,0.0,,6982.24
130,9,1.00,10,9.68,12.82,20.19,4470.15,0.00,0.0,0.0,,4470.15
130,10,1.00,10,11.37,13.40,20.19,3802.37,0.00,0.0,0.0,,3802.37
130,11,1.00,10,14.34,14.44,20.19,2810.85,0.00,0.0,0.0,,2810.85
130,12,1.00,10,16.59,15.67,20.19,1818.44,0.00,0.0,-94.85,,1723.5900000000001
130,13,1.00,10,18.08,16.93,20.19,902.37,0.00,0.0,-313.34,,589.03
130,14,1.00,10,19.13,18.16,20.19,83.67,0.00,0.0,-417.63,,-333.96
130,15,1.00,10,19.76,19.25,20.79,0.0,0.00,0.0,0.0,,0.0
130,16,1.00,10,20.29,20.17,21.50,0.0,0.00,0.0,0.0,,0.0
130,17,1.00,10,19.83,20.74,21.94,0.0,0.00,0.0,0.0,,0.0
130,18,1.00,10,18.45,20.86,21.97,0.0,0.00,0.0,0.0,,0.0
130,19,1.00,10,16.76,20.00,21.07,0.0,0.00,0.0,0.0,,0.0
130,20,1.00,10,14.06,19.18,20.19,0.0,0.00,0.0,0.0,,0.0
130,21,1.00,10,12.58,18.41,19.36,0.0,0.00,0.0,0.0,,0.0
130,22,1.00,10,11.43,17.67,18.56,0.0,0.00,0.0,0.0,,0.0
130,23,1.00,10,10.19,16.92,17.75,0.0,0.00,0.0,0.0,,0.0
130,24,1.00,10,9.07,16.18,16.96,0.0,0.00,0.0,0.0,,0.0
130,1,2.00,10,8.21,15.46,16.20,0.0,0.00,0.0,0.0,,0.0
130,2,2.00,10,7.50,14.78,15.47,0.0,0.00,0.0,0.0,,0.0
130,3,2.00,10,6.91,14.14,14.79,0.0,0.00,0.0,0.0,,0.0
130,4,2.00,10,6.20,13.51,14.12,0.0,0.00,0.0,0.0,,0.0
130,5,2.00,10,5.26,12.86,13.45,0.0,0.00,0.0,-0.0,,0.0
130,6,2.00,10,4.84,12.27,12.83,0.0,0.00,0.0,-0.0,,0.0
130,7,2.00,10,4.24,11.70,12.22,0.0,0.00,0.0,-0.0,,0.0
130,8,2.00,10,5.59,11.88,20.19,7510.7,0.00,0.0,0.0,,7510.7
130,9,2.00,10,8.48,12.31,20.19,4758.75,0.00,0.0,0.0,,4758.75
130,10,2.00,10,12.03,13.18,20.19,3824.96,0.00,0.0,0.0,,3824.96
130,11,2.00,10,15.37,14.39,20.19,2739.45,0.00,0.0,0.0,,2739.45
130,12,2.00,10,17.93,15.78,20.19,1648.43,0.00,0.0,0.0,,1648.43
130,13,2.00,10,20.13,17.26,20.19,570.06,0.00,0.0,0.0,,570.06
130,14,2.00,10,21.89,18.75,20.63,0.0,0.00,0.0,0.0,,0.0
130,15,2.00,10,23.11,20.11,21.63,0.0,0.00,0.0,0.0,,0.0
130,16,2.00,10,24.08,21.30,22.64,0.0,0.00,0.0,0.0,,0.0
130,17,2.00,10,23.22,22.00,23.22,0.0,0.00,0.0,0.0,,0.0
130,18,2.00,10,21.75,22.24,23.36,0.0,0.00,0.0,0.0,,0.0
130,19,2.00,10,18.98,21.27,22.36,0.0,0.00,0.0,0.0,,0.0
130,20,2.00,10,16.01,20.42,21.45,0.0,0.00,0.0,0.0,,0.0
130,21,2.00,10,13.92,19.58,20.55,0.0,0.00,0.0,0.0,,0.0
130,22,2.00,10,12.52,18.78,19.69,0.0,0.00,0.0,0.0,,0.0
130,23,2.00,10,11.11,17.97,18.82,0.0,0.00,0.0,0.0,,0.0
130,24,2.00,10,10.03,17.19,17.99,0.0,0.00,0.0,0.0,,0.0
130,1,3.00,10,9.12,16.44,17.19,0.0,0.00,0.0,0.0,,0.0
130,2,3.00,10,8.13,15.69,16.40,0.0,0.00,0.0,0.0,,0.0
130,3,3.00,10,7.58,15.00,15.67,0.0,0.00,0.0,0.0,,0.0
130,4,3.00,10,7.04,14.35,14.99,0.0,0.00,0.0,0.0,,0.0
130,5,3.00,10,6.44,13.73,14.33,0.0,0.00,0.0,0.0,,0.0
130,6,3.00,10,6.93,13.25,13.82,0.0,0.00,0.0,-0.0,,0.0
130,7,3.00,10,7.30,12.86,13.40,0.0,0.00,0.0,-0.0,,0.0
130,8,3.00,10,8.37,13.49,14.01,0.0,0.00,0.0,-0.0,,0.0
130,9,3.00,10,10.52,13.92,14.41,0.0,0.00,0.0,-0.0,,0.0
130,10,3.00,10,12.48,14.48,14.96,0.0,0.00,0.0,-0.0,,0.0
130,11,3.00,10,14.70,15.33,15.78,0.0,0.00,0.0,-0.0,,0.0
130,12,3.00,10,16.74,16.40,16.84,0.0,0.00,0.0,-0.0,,0.0
130,13,3.00,10,18.64,17.62,18.04,0.0,0.00,0.0,-0.0,,0.0
130,14,3.00,10,19.81,18.83,19.24,0.0,0.00,0.0,-0.0,,0.0
130,15,3.00,10,20.65,19.96,20.35,0.0,0.00,0.0,0.0,,0.0
130,16,3.00,10,21.19,20.92,21.29,0.0,0.00,0.0,0.0,,0.0
130,17,3.00,10,21.65,21.66,22.03,0.0,0.00,0.0,0.0,,0.0
130,18,3.00,10,20.13,21.94,22.29,0.0,0.00,0.0,0.0,,0.0
130,19,3.00,10,18.20,20.96,21.30,0.0,0.00,0.0,0.0,,0.0
130,20,3.00,10,15.95,20.17,20.51,0.0,0.00,0.0,0.0,,0.0
130,21,3.00,10,14.74,19.48,19.80,0.0,0.00,0.0,0.0,,0.0
130,22,3.00,10,13.79,18.82,19.13,0.0,0.00,0.0,0.0,,0.0
130,23,3.00,10,13.19,18.21,18.52,0.0,0.00,0.0,0.0,,0.0
130,24,3.00,10,12.44,17.61,17.91,0.0,0.00,0.0,0.0,,0.0
130,1,4.00,10,11.85,17.04,17.33,0.0,0.00,0.0,0.0,,0.0
130,2,4.00,10,11.24,16.48,16.77,0.0,0.00,0.0,0.0,,0.0
130,3,4.00,10,10.80,15.97,16.25,0.0,0.00,0.0,-0.0,,0.0
130,4,4.00,10,10.14,15.45,15.73,0.0,0.00,0.0,-0.0,,0.0
130,5,4.00,10,9.41,14.92,15.20,0.0,0.00,0.0,-0.0,,0.0
130,6,4.00,10,9.25,14.47,14.74,0.0,0.00,0.0,-0.0,,0.0
130,7,4.00,10,9.14,14.06,14.32,0.0,0.00,0.0,-0.0,,0.0
130,8,4.00,10,9.58,14.63,14.89,0.0,0.00,0.0,-0.0,,0.0
130,9,4.00,10,10.67,14.90,15.15,0.0,0.00,0.0,-0.0,,0.0
130,10,4.00,10,12.48,15.35,15.60,0.0,0.00,0.0,-0.0,,0.0
130,11,4.00,10,13.88,16.00,16.25,0.0,0.00,0.0,-0.0,,0.0
130,12,4.00,10,15.85,16.93,17.18,0.0,0.00,0.0,-0.0,,0.0
130,13,4.00,10,17.50,18.00,18.24,0.0,0.00,0.0,-0.0,,0.0
130,14,4.00,10,18.54,19.08,19.32,0.0,0.00,0.0,-0.0,,0.0
130,15,4.00,10,18.95,20.04,20.27,0.0,0.00,0.0,0.0,,0.0
130,16,4.00,10,18.84,20.78,21.02,0.0,0.00,0.0,0.0,,0.0
130,17,4.00,10,18.29,21.25,21.48,0.0,0.00,0.0,0.0,,0.0
130,18,4.00,10,16.95,21.34,21.57,0.0,0.00,0.0,0.0,,0.0
130,19,4.00,10,15.66,20.26,20.49,0.0,0.00,0.0,0.0,,0.0
130,20,4.00,10,14.02,19.44,19.67,0.0,0.00,0.0,0.0,,0.0
130,21,4.00,10,12.88,18.70,18.92,0.0,0.00,0.0,0.0,,0.0
130,22,4.00,10,12.42,18.05,18.27,0.0,0.00,0.0,0.0,,0.0
130,23,4.00,10,12.00,17.45,17.67,0.0,0.00,0.0,0.0,,0.0
130,24,4.00,10,11.60,16.89,17.11,0.0,0.00,0.0,0.0,,0.0
130,1,5.00,10,11.22,16.37,16.58,0.0,0.00,0.0,0.0,,0.0
130,2,5.00,10,10.73,15.86,16.07,0.0,0.00,0.0,-0.0,,0.0
130,3,5.00,10,10.53,15.40,15.61,0.0,0.00,0.0,-0.0,,0.0
130,4,5.00,10,10.47,15.00,15.21,0.0,0.00,0.0,-0.0,,0.0
130,5,5.00,10,10.47,14.64,14.85,0.0,0.00,0.0,-0.0,,0.0
130,6,5.00,10,10.27,14.30,14.51,0.0,0.00,0.0,-0.0,,0.0
130,7,5.00,10,9.96,13.96,14.17,0.0,0.00,0.0,-0.0,,0.0
130,8,5.00,10,9.91,14.28,20.19,5483.48,0.00,0.0,0.0,,5483.48
130,9,5.00,10,10.87,14.50,20.19,3545.91,0.00,0.0,0.0,,3545.91
130,10,5.00,10,12.35,14.96,20.19,2993.59,0.00,0.0,0.0,,2993.59
130,11,5.00,10,14.58,15.79,20.19,2194.64,0.00,0.0,0.0,,2194.64
130,12,5.00,10,16.05,16.76,20.19,1407.75,0.00,0.0,0.0,,1407.75
130,13,5.00,10,17.20,17.80,20.19,638.96,0.00,0.0,0.0,,638.96
130,14,5.00,10,17.78,18.78,20.21,0.0,0.00,0.0,0.0,,0.0
130,15,5.00,10,18.22,19.66,20.77,0.0,0.00,0.0,0.0,,0.0
130,16,5.00,10,18.03,20.30,21.27,0.0,0.00,0.0,0.0,,0.0
130,17,5.00,10,17.43,20.65,21.53,0.0,0.00,0.0,0.0,,0.0
130,18,5.00,10,16.47,20.67,21.47,0.0,0.00,0.0,0.0,,0.0
130,19,5.00,10,14.90,19.78,20.57,0.0,0.00,0.0,0.0,,0.0
130,20,5.00,10,12.89,18.96,19.71,0.0,0.00,0.0,0.0,,0.0
130,21,5.00,10,11.78,18.20,18.90,0.0,0.00,0.0,0.0,,0.0
130,22,5.00,10,10.59,17.44,18.10,0.0,0.00,0.0,0.0,,0.0
130,23,5.00,10,9.88,16.73,17.34,0.0,0.00,0.0,0.0,,0.0
130,24,5.00,10,9.02,16.03,16.61,0.0,0.00,0.0,0.0,,0.0
130,1,6.00,10,8.00,15.32,15.87,0.0,0.00,0.0,0.0,,0.0
130,2,6.00,10,7.16,14.63,15.15,0.0,0.00,0.0,0.0,,0.0
130,3,6.00,10,6.94,14.03,14.52,0.0,0.00,0.0,0.0,,0.0
130,4,6.00,10,6.47,13.45,13.92,0.0,0.00,0.0,0.0,,0.0
130,5,6.00,10,5.87,12.88,13.33,0.0,0.00,0.0,0.0,,0.0
130,6,6.00,10,5.37,12.34,12.76,0.0,0.00,0.0,-0.0,,0.0
130,7,6.00,10,4.95,11.83,12.23,0.0,0.00,0.0,-0.0,,0.0
130,8,6.00,10,6.28,12.08,20.19,7425.04,0.00,9.57,0.0,,7434.61
130,9,6.00,10,8.89,12.51,20.19,4692.86,0.00,0.0,0.0,,4692.86
130,10,6.00,10,11.88,13.30,20.19,3831.93,0.00,0.0,0.0,,3831.93
130,11,6.00,10,14.33,14.33,20.19,2890.7,0.00,0.0,0.0,,2890.7
130,12,6.00,10,16.96,15.64,20.19,1819.69,0.00,0.0,0.0,,1819.69
130,13,6.00,10,19.21,17.08,20.19,760.84,0.00,0.0,0.0,,760.84
130,14,6.00,10,21.35,18.58,20.47,0.0,0.00,0.0,0.0,,0.0
130,15,6.00,10,22.75,19.95,21.44,0.0,0.00,0.0,0.0,,0.0
130,16,6.00,10,23.71,21.14,22.44,0.0,0.00,0.0,0.0,,0.0
130,17,6.00,10,23.06,21.86,23.04,0.0,0.00,0.0,0.0,,0.0
130,18,6.00,10,21.49,22.10,23.18,0.0,0.00,0.0,0.0,,0.0
130,19,6.00,10,19.21,21.19,22.24,0.0,0.00,0.0,0.0,,0.0
130,20,6.00,10,16.28,20.38,21.37,0.0,0.00,0.0,0.0,,0.0
130,21,6.00,10,14.35,19.59,20.52,0.0,0.00,0.0,0.0,,0.0
130,22,6.00,10,13.02,18.84,19.70,0.0,0.00,0.0,0.0,,0.0
130,23,6.00,10,12.12,18.13,18.93,0.0,0.00,0.0,0.0,,0.0
130,24,6.00,10,11.03,17.41,18.17,0.0,0.00,0.0,0.0,,0.0
130,1,7.00,10,9.87,16.68,17.39,0.0,0.00,0.0,0.0,,0.0
130,2,7.00,10,8.86,15.97,16.64,0.0,0.00,0.0,0.0,,0.0
130,3,7.00,10,8.14,15.29,15.92,0.0,0.00,0.0,0.0,,0.0
130,4,7.00,10,7.36,14.63,15.22,0.0,0.00,0.0,0.0,,0.0
130,5,7.00,10,6.36,13.95,14.51,0.0,0.00,0.0,0.0,,0.0
130,6,7.00,10,5.76,13.31,13.85,0.0,0.00,0.0,0.0,,0.0
130,7,7.00,10,5.08,12.70,13.20,0.0,0.00,0.0,0.0,,0.0
130,8,7.00,10,6.67,12.88,20.19,6571.69,0.00,0.0,0.0,,6571.69
130,9,7.00,10,9.50,13.29,20.19,4134.53,0.00,0.0,0.0,,4134.53
130,10,7.00,10,12.90,14.11,20.19,3263.87,0.00,0.0,0.0,,3263.87
130,11,7.00,10,16.17,15.29,20.19,2227.52,0.00,0.0,0.0,,2227.52
130,12,7.00,10,18.70,16.64,20.19,1175.37,0.00,0.0,0.0,,1175.37
130,13,7.00,10,20.88,18.11,20.19,128.53,0.00,0.0,0.0,,128.53
130,14,7.00,10,22.54,19.55,21.05,0.0,0.00,0.0,0.0,,0.0
130,15,7.00,10,24.02,20.93,22.19,0.0,0.00,0.0,0.0,,0.0
130,16,7.00,10,25.15,22.14,23.28,0.0,0.00,0.0,0.0,,0.0
130,17,7.00,10,24.44,22.87,23.91,0.0,0.00,0.0,0.0,,0.0
130,18,7.00,10,23.20,23.17,24.13,0.0,0.00,0.0,0.0,,0.0
130,19,7.00,10,20.84,22.25,23.18,0.0,0.00,0.0,0.0,,0.0
130,20,7.00,10,18.07,21.47,22.35,0.0,0.00,0.0,0.0,,0.0
130,21,7.00,10,16.65,20.77,21.60,0.0,0.00,0.0,0.0,,0.0
130,22,7.00,10,15.32,20.07,20.85,0.0,0.00,0.0,0.0,,0.0
130,23,7.00,10,14.35,19.40,20.13,0.0,0.00,0.0,0.0,,0.0
130,24,7.00,10,13.32,18.73,19.42,0.0,0.00,0.0,0.0,,0.0
130,1,1.00,11,12.54,18.09,18.74,0.0,0.00,0.0,0.0,,0.0
130,2,1.00,11,11.68,17.45,18.06,0.0,0.00,0.0,0.0,,0.0
130,3,1.00,11,11.12,16.85,17.43,0.0,0.00,0.0,0.0,,0.0
130,4,1.00,11,10.63,16.29,16.84,0.0,0.00,0.0,0.0,,0.0
130,5,1.00,11,9.91,15.73,16.25,0.0,0.00,0.0,0.0,,0.0
130,6,1.00,11,9.53,15.21,15.71,0.0,0.00,0.0,-0.0,,0.0
130,7,1.00,11,8.66,14.66,15.14,0.0,0.00,0.0,-0.0,,0.0
130,8,1.00,11,8.96,14.79,20.89,5425.42,0.00,0.0,0.0,,5425.42
130,9,1.00,11,10.22,14.93,20.89,3610.57,0.00,0.0,0.0,,3610.57
130,10,1.00,11,11.73,15.23,20.89,3201.63,0.00,0.0,0.0,,3201.63
130,11,1.00,11,13.63,15.80,20.89,2604.94,0.00,0.0,0.0,,2604.94
130,12,1.00,11,15.22,16.56,20.89,1945.24,0.00,0.0,0.0,,1945.24
130,13,1.00,11,16.49,17.42,20.89,1275.18,0.00,0.0,0.0,,1275.18
130,14,1.00,11,17.14,18.25,20.89,703.62,0.00,0.0,0.0,,703.62
130,15,1.00,11,17.55,18.99,20.89,242.12,0.00,0.0,0.0,,242.12
130,16,1.00,11,17.63,19.53,20.92,0.0,0.00,0.0,0.0,,0.0
130,17,1.00,11,17.39,19.83,21.02,0.0,0.00,0.0,0.0,,0.0
130,18,1.00,11,15.93,19.71,20.89,92.73,0.00,0.0,0.0,,92.73
130,19,1.00,11,14.96,18.88,19.96,0.0,0.00,0.0,0.0,,0.0
130,20,1.00,11,13.04,18.17,19.17,0.0,0.00,0.0,0.0,,0.0
130,21,1.00,11,11.87,17.51,18.44,0.0,0.00,0.0,0.0,,0.0
130,22,1.00,11,11.39,16.92,17.78,0.0,0.00,0.0,0.0,,0.0
130,23,1.00,11,10.84,16.35,17.16,0.0,0.00,0.0,0.0,,0.0
130,24,1.00,11,10.27,15.80,16.57,0.0,0.00,0.0,0.0,,0.0
130,1,2.00,11,9.66,15.27,15.99,0.0,0.00,0.0,0.0,,0.0
130,2,2.00,11,9.36,14.78,15.46,0.0,0.00,0.0,0.0,,0.0
130,3,2.00,11,9.25,14.35,14.99,0.0,0.00,0.0,-0.0,,0.0
130,4,2.00,11,9.17,13.96,14.56,0.0,0.00,0.0,-0.0,,0.0
130,5,2.00,11,9.19,13.62,14.19,0.0,0.00,0.0,-0.0,,0.0
130,6,2.00,11,8.97,13.28,13.83,0.0,0.00,0.0,-0.0,,0.0
130,7,2.00,11,8.83,12.98,13.50,0.0,0.00,0.0,-0.0,,0.0
130,8,2.00,11,9.49,13.44,20.89,6685.46,0.00,0.0,0.0,,6685.46
130,9,2.00,11,10.74,13.79,20.89,4280.29,0.00,0.0,0.0,,4280.29
130,10,2.00,11,12.52,14.29,20.89,3693.96,0.00,0.0,0.0,,3693.96
130,11,2.00,11,14.80,15.08,20.89,2918.39,0.00,0.0,0.0,,2918.39
130,12,2.00,11,17.00,16.11,20.89,2051.77,0.00,0.0,0.0,,2051.77
130,13,2.00,11,18.84,17.26,20.89,1180.07,0.00,0.0,0.0,,1180.07
130,14,2.00,11,20.16,18.41,20.89,393.52,0.00,0.0,0.0,,393.52
130,15,2.00,11,20.93,19.44,21.14,0.0,0.00,0.0,0.0,,0.0
130,16,2.00,11,21.42,20.27,21.68,0.0,0.00,0.0,0.0,,0.0
130,17,2.00,11,20.64,20.70,21.96,0.0,0.00,0.0,0.0,,0.0
130,18,2.00,11,19.51,20.79,21.95,0.0,0.00,0.0,0.0,,0.0
130,19,2.00,11,17.50,19.88,21.00,0.0,0.00,0.0,0.0,,0.0
130,20,2.00,11,15.24,19.17,20.23,0.0,0.00,0.0,0.0,,0.0
130,21,2.00,11,13.44,18.47,19.46,0.0,0.00,0.0,0.0,,0.0
130,22,2.00,11,11.75,17.74,18.66,0.0,0.00,0.0,0.0,,0.0
130,23,2.00,11,10.67,17.03,17.89,0.0,0.00,0.0,0.0,,0.0
130,24,2.00,11,9.51,16.31,17.13,0.0,0.00,0.0,0.0,,0.0
130,1,3.00,11,8.58,15.62,16.38,0.0,0.00,0.0,0.0,,0.0
130,2,3.00,11,7.86,14.96,15.68,0.0,0.00,0.0,0.0,,0.0
130,3,3.00,11,7.16,14.32,14.99,0.0,0.00,0.0,0.0,,0.0
130,4,3.00,11,6.59,13.71,14.35,0.0,0.00,0.0,0.0,,0.0
130,5,3.00,11,5.90,13.11,13.72,0.0,0.00,0.0,0.0,,0.0
130,6,3.00,11,5.47,12.55,13.13,0.0,0.00,0.0,0.0,,0.0
130,7,3.00,11,4.86,12.01,12.56,0.0,0.00,0.0,-0.0,,0.0
130,8,3.00,11,5.97,12.57,13.09,0.0,0.00,0.0,-0.0,,0.0
130,9,3.00,11,8.24,12.93,13.43,0.0,0.00,0.0,-0.0,,0.0
130,10,3.00,11,11.01,13.45,13.92,0.0,0.00,0.0,-0.0,,0.0
130,11,3.00,11,13.61,14.20,14.66,0.0,0.00,0.0,-0.0,,0.0
130,12,3.00,11,15.97,15.19,15.63,0.0,0.00,0.0,-0.0,,0.0
130,13,3.00,11,17.94,16.32,16.74,0.0,0.00,0.0,-0.0,,0.0
130,14,3.00,11,19.71,17.52,17.93,0.0,0.00,0.0,-0.0,,0.0
130,15,3.00,11,20.79,18.64,19.04,0.0,0.00,0.0,0.0,,0.0
130,16,3.00,11,21.70,19.61,19.99,0.0,0.00,0.0,0.0,,0.0
130,17,3.00,11,21.07,20.23,20.59,0.0,0.00,0.0,0.0,,0.0
130,18,3.00,11,19.70,20.47,20.82,0.0,0.00,0.0,0.0,,0.0
130,19,3.00,11,18.07,19.57,19.92,0.0,0.00,0.0,0.0,,0.0
130,20,3.00,11,15.83,18.92,19.26,0.0,0.00,0.0,0.0,,0.0
130,21,3.00,11,14.28,18.31,18.64,0.0,0.00,0.0,0.0,,0.0
130,22,3.00,11,13.03,17.70,18.02,0.0,0.00,0.0,0.0,,0.0
130,23,3.00,11,12.14,17.12,17.43,0.0,0.00,0.0,0.0,,0.0
130,24,3.00,11,11.27,16.54,16.84,0.0,0.00,0.0,0.0,,0.0
130,1,4.00,11,10.50,15.97,16.26,0.0,0.00,0.0,0.0,,0.0
130,2,4.00,11,9.86,15.42,15.71,0.0,0.00,0.0,0.0,,0.0
130,3,4.00,11,9.30,14.89,15.18,0.0,0.00,0.0,-0.0,,0.0
130,4,4.00,11,8.88,14.40,14.68,0.0,0.00,0.0,-0.0,,0.0
130,5,4.00,11,8.41,13.92,14.19,0.0,0.00,0.0,-0.0,,0.0
130,6,4.00,11,7.88,13.45,13.72,0.0,0.00,0.0,-0.0,,0.0
130,7,4.00,11,7.35,13.00,13.26,0.0,0.00,0.0,-0.0,,0.0
130,8,4.00,11,8.10,13.60,13.86,0.0,0.00,0.0,-0.0,,0.0
130,9,4.00,11,10.03,13.96,14.22,0.0,0.00,0.0,-0.0,,0.0
130,10,4.00,11,12.07,14.41,14.67,0.0,0.00,0.0,-0.0,,0.0
130,11,4.00,11,13.96,15.06,15.31,0.0,0.00,0.0,-0.0,,0.0
130,12,4.00,11,15.63,15.89,16.13,0.0,0.00,0.0,-0.0,,0.0
130,13,4.00,11,17.12,16.85,17.10,0.0,0.00,0.0,-0.0,,0.0
130,14,4.00,11,18.30,17.86,18.10,0.0,0.00,0.0,-0.0,,0.0
130,15,4.00,11,19.09,18.81,19.04,0.0,0.00,0.0,-0.0,,0.0
130,16,4.00,11,19.68,19.59,19.82,0.0,0.00,0.0,0.0,,0.0
130,17,4.00,11,19.08,20.06,20.29,0.0,0.00,0.0,0.0,,0.0
130,18,4.00,11,18.44,20.26,20.49,0.0,0.00,0.0,0.0,,0.0
130,19,4.00,11,16.60,19.28,19.50,0.0,0.00,0.0,0.0,,0.0
130,20,4.00,11,14.80,18.60,18.82,0.0,0.00,0.0,0.0,,0.0
130,21,4.00,11,13.36,17.97,18.19,0.0,0.00,0.0,0.0,,0.0
130,22,4.00,11,11.77,17.29,17.51,0.0,0.00,0.0,0.0,,0.0
130,23,4.00,11,10.58,16.62,16.84,0.0,0.00,0.0,0.0,,0.0
130,24,4.00,11,9.71,15.97,16.19,0.0,0.00,0.0,0.0,,0.0
130,1,5.00,11,8.87,15.34,15.55,0.0,0.00,0.0,0.0,,0.0
130,2,5.00,11,7.96,14.71,14.92,0.0,0.00,0.0,0.0,,0.0
130,3,5.00,11,7.26,14.10,14.31,0.0,0.00,0.0,-0.0,,0.0
130,4,5.00,11,6.60,13.50,13.71,0.0,0.00,0.0,-0.0,,0.0
130,5,5.00,11,6.00,12.93,13.14,0.0,0.00,0.0,-0.0,,0.0
130,6,5.00,11,5.57,12.40,12.61,0.0,0.00,0.0,-0.0,,0.0
130,7,5.00,11,4.96,11.88,12.08,0.0,0.00,0.0,-0.0,,0.0
130,8,5.00,11,6.58,12.19,20.89,8154.27,0.00,4.11,0.0,,8158.38
130,9,5.00,11,8.85,12.58,20.89,5211.67,0.00,0.0,0.0,,5211.67
130,10,5.00,11,11.60,13.24,20.89,4437.63,0.00,0.0,0.0,,4437.63
130,11,5.00,11,14.04,14.12,20.89,3577.67,0.00,0.0,0.0,,3577.67
130,12,5.00,11,16.29,15.20,20.89,2644.32,0.00,0.0,0.0,,2644.32
130,13,5.00,11,18.36,16.43,20.89,1684.84,0.00,0.0,0.0,,1684.84
130,14,5.00,11,19.86,17.66,20.89,818.65,0.00,0.0,0.0,,818.65
130,15,5.00,11,21.11,18.83,20.89,63.62,0.00,0.0,0.0,,63.62
130,16,5.00,11,22.19,19.84,21.44,0.0,0.00,0.0,0.0,,0.0
130,17,5.00,11,21.88,20.47,21.86,0.0,0.00,0.0,0.0,,0.0
130,18,5.00,11,20.71,20.69,21.94,0.0,0.00,0.0,0.0,,0.0
130,19,5.00,11,19.11,19.87,21.08,0.0,0.00,0.0,0.0,,0.0
130,20,5.00,11,17.20,19.31,20.44,0.0,0.00,0.0,0.0,,0.0
130,21,5.00,11,15.76,18.78,19.83,0.0,0.00,0.0,0.0,,0.0
130,22,5.00,11,14.74,18.26,19.24,0.0,0.00,0.0,0.0,,0.0
130,23,5.00,11,13.81,17.74,18.65,0.0,0.00,0.0,0.0,,0.0
130,24,5.00,11,12.56,17.17,18.02,0.0,0.00,0.0,0.0,,0.0
130,1,6.00,11,11.64,16.61,17.41,0.0,0.00,0.0,0.0,,0.0
130,2,6.00,11,10.96,16.07,16.82,0.0,0.00,0.0,0.0,,0.0
130,3,6.00,11,10.34,15.55,16.25,0.0,0.00,0.0,0.0,,0.0
130,4,6.00,11,9.74,15.04,15.71,0.0,0.00,0.0,0.0,,0.0
130,5,6.00,11,9.26,14.56,15.18,0.0,0.00,0.0,-0.0,,0.0
130,6,6.00,11,8.89,14.11,14.70,0.0,0.00,0.0,-0.0,,0.0
130,7,6.00,11,8.14,13.64,14.19,0.0,0.00,0.0,-0.0,,0.0
130,8,6.00,11,8.57,13.87,20.89,6242.77,0.00,0.0,0.0,,6242.77
130,9,6.00,11,9.86,14.08,20.89,4108.67,0.00,0.0,0.0,,4108.67
130,10,6.00,11,11.24,14.41,20.89,3663.44,0.00,0.0,0.0,,3663.44
130,11,6.00,11,13.04,15.01,20.89,3039.45,0.00,0.0,0.0,,3039.45
130,12,6.00,11,14.40,15.75,20.89,2383.88,0.00,0.0,0.0,,2383.88
130,13,6.00,11,15.55,16.60,20.89,1711.04,0.00,0.0,0.0,,1711.04
130,14,6.00,11,16.11,17.42,20.89,1139.71,0.00,0.0,0.0,,1139.71
130,15,6.00,11,16.56,18.16,20.89,662.53,0.00,0.0,0.0,,662.53
130,16,6.00,11,16.73,18.72,20.89,365.63,0.00,0.0,0.0,,365.63
130,17,6.00,11,16.41,19.02,20.89,281.28,0.00,0.0,0.0,,281.28
130,18,6.00,11,15.71,19.03,20.89,405.75,0.00,0.0,0.0,,405.75
130,19,6.00,11,14.43,18.20,19.66,0.0,0.00,0.0,0.0,,0.0
130,20,6.00,11,12.47,17.51,18.79,0.0,0.00,0.0,0.0,,0.0
130,21,6.00,11,11.19,16.85,18.02,0.0,0.00,0.0,0.0,,0.0
130,22,6.00,11,10.04,16.19,17.27,0.0,0.00,0.0,0.0,,0.0
130,23,6.00,11,9.20,15.55,16.56,0.0,0.00,0.0,0.0,,0.0
130,24,6.00,11,8.52,14.95,15.88,0.0,0.00,0.0,0.0,,0.0
130,1,7.00,11,7.73,14.34,15.21,0.0,0.00,0.0,0.0,,0.0
130,2,7.00,11,7.10,13.76,14.58,0.0,0.00,0.0,0.0,,0.0
130,3,7.00,11,6.50,13.20,13.97,0.0,0.00,0.0,0.0,,0.0
130,4,7.00,11,6.06,12.67,13.40,0.0,0.00,0.0,0.0,,0.0
130,5,7.00,11,5.68,12.18,12.86,0.0,0.00,0.0,0.0,,0.0
130,6,7.00,11,5.14,11.68,12.33,0.0,0.00,0.0,-0.0,,0.0
130,7,7.00,11,4.33,11.18,11.79,0.0,0.00,0.0,-0.0,,0.0
130,8,7.00,11,4.97,11.35,20.89,8614.1,0.00,330.92,0.0,,8945.02
130,9,7.00,11,7.34,11.71,20.89,5597.04,0.00,0.0,0.0,,5597.04
130,10,7.00,11,9.41,12.21,20.89,4947.48,0.00,0.0,0.0,,4947.48
130,11,7.00,11,11.65,12.98,20.89,4152.32,0.00,0.0,0.0,,4152.32
130,12,7.00,11,13.29,13.89,20.89,3351.24,0.00,0.0,0.0,,3351.24
130,13,7.00,11,14.69,14.89,20.89,2544.79,0.00,0.0,0.0,,2544.79
130,14,7.00,11,15.68,15.89,20.89,1819.49,0.00,0.0,0.0,,1819.49
130,15,7.00,11,16.47,16.82,20.89,1203.89,0.00,0.0,0.0,,1203.89
130,16,7.00,11,17.31,17.63,20.89,720.11,0.00,0.0,0.0,,720.11
130,17,7.00,11,17.09,18.11,20.89,532.94,0.00,0.0,0.0,,532.94
130,18,7.00,11,16.44,18.28,20.89,571.89,0.00,0.0,0.0,,571.89
130,19,7.00,11,14.89,17.48,19.49,0.0,0.00,0.0,0.0,,0.0
130,20,7.00,11,12.82,16.85,18.59,0.0,0.00,0.0,0.0,,0.0
130,21,7.00,11,11.42,16.26,17.83,0.0,0.00,0.0,0.0,,0.0
130,22,7.00,11,9.98,15.63,17.08,0.0,0.00,0.0,0.0,,0.0
130,23,7.00,11,8.86,15.00,16.34,0.0,0.00,0.0,0.0,,0.0
130,24,7.00,11,7.95,14.38,15.63,0.0,0.00,0.0,0.0,,0.0
130,1,1.00,11,7.12,13.77,14.94,0.0,0.00,0.0,0.0,,0.0
130,2,1.00,11,6.63,13.21,14.30,0.0,0.00,0.0,0.0,,0.0
130,3,1.00,11,6.26,12.69,13.71,0.0,0.00,0.0,0.0,,0.0
130,4,1.00,11,5.71,12.18,13.13,0.0,0.00,0.0,0.0,,0.0
130,5,1.00,11,5.70,11.74,12.64,0.0,0.00,0.0,0.0,,0.0
130,6,1.00,11,5.24,11.30,12.14,0.0,0.00,0.0,-0.0,,0.0
130,7,1.00,11,4.80,10.88,11.67,0.0,0.00,0.0,-0.0,,0.0
130,8,1.00,11,6.19,11.27,20.89,8536.43,0.00,78.93,0.0,,8615.36
130,9,1.00,11,9.56,11.91,20.89,5282.35,0.00,0.0,0.0,,5282.35
130,10,1.00,11,12.50,12.74,20.89,4426.75,0.00,0.0,0.0,,4426.75
130,11,1.00,11,15.74,13.87,20.89,3387.24,0.00,0.0,0.0,,3387.24
130,12,1.00,11,18.31,15.18,20.89,2337.25,0.00,0.0,0.0,,2337.25
130,13,1.00,11,20.21,16.55,20.89,1337.71,0.00,0.0,0.0,,1337.71
130,14,1.00,11,21.10,17.81,20.89,515.56,0.00,0.0,0.0,,515.56
130,15,1.00,11,20.47,18.73,20.89,30.65,0.00,0.0,0.0,,30.65
130,16,1.00,11,19.99,19.40,21.18,0.0,0.00,0.0,0.0,,0.0
130,17,1.00,11,19.17,19.78,21.36,0.0,0.00,0.0,0.0,,0.0
130,18,1.00,11,18.38,19.89,21.33,0.0,0.00,0.0,0.0,,0.0
130,19,1.00,11,17.03,19.07,20.47,0.0,0.00,0.0,0.0,,0.0
130,20,1.00,11,14.64,18.39,19.71,0.0,0.00,0.0,0.0,,0.0
130,21,1.00,11,12.99,17.73,18.96,0.0,0.00,0.0,0.0,,0.0
130,22,1.00,11,11.48,17.05,18.20,0.0,0.00,0.0,0.0,,0.0
130,23,1.00,11,10.93,16.45,17.53,0.0,0.00,0.0,0.0,,0.0
130,24,1.00,11,10.02,15.84,16.85,0.0,0.00,0.0,0.0,,0.0
130,1,2.00,11,9.03,15.22,16.17,0.0,0.00,0.0,0.0,,0.0
130,2,2.00,11,8.08,14.59,15.49,0.0,0.00,0.0,0.0,,0.0
130,3,2.00,11,6.98,13.95,14.79,0.0,0.00,0.0,0.0,,0.0
130,4,2.00,11,6.03,13.31,14.10,0.0,0.00,0.0,0.0,,0.0
130,5,2.00,11,5.16,12.68,13.43,0.0,0.00,0.0,0.0,,0.0
130,6,2.00,11,6.38,12.29,13.00,0.0,0.00,0.0,0.0,,0.0
130,7,2.00,11,7.11,12.01,12.68,0.0,0.00,0.0,-0.0,,0.0
130,8,2.00,11,8.34,12.50,20.89,7453.97,0.00,0.0,0.0,,7453.97
130,9,2.00,11,11.12,13.10,20.89,4568.61,0.00,0.0,0.0,,4568.61
130,10,2.00,11,14.83,14.05,20.89,3614.03,0.00,0.0,0.0,,3614.03
130,11,2.00,11,17.81,15.21,20.89,2616.52,0.00,0.0,0.0,,2616.52
130,12,2.00,11,20.51,16.56,20.89,1551.09,0.00,0.0,0.0,,1551.09
130,13,2.00,11,22.76,18.02,20.89,498.28,0.00,0.0,0.0,,498.28
130,14,2.00,11,25.41,19.63,21.52,0.0,0.00,0.0,0.0,,0.0
130,15,2.00,11,26.79,21.06,22.62,0.0,0.00,0.0,0.0,,0.0
130,16,2.00,11,27.94,22.31,23.69,0.0,0.00,0.0,0.0,,0.0
130,17,2.00,11,27.26,23.08,24.34,0.0,0.00,0.0,0.0,,0.0
130,18,2.00,11,26.19,23.45,24.62,0.0,0.00,0.0,0.0,,0.0
130,19,2.00,11,22.82,22.43,23.57,0.0,0.00,0.0,0.0,,0.0
130,20,2.00,11,19.68,21.69,22.76,0.0,0.00,0.0,0.0,,0.0
130,21,2.00,11,17.12,20.93,21.94,0.0,0.00,0.0,0.0,,0.0
130,22,2.00,11,15.23,20.18,21.13,0.0,0.00,0.0,0.0,,0.0
130,23,2.00,11,13.81,19.43,20.32,0.0,0.00,0.0,0.0,,0.0
130,24,2.00,11,12.27,18.64,19.49,0.0,0.00,0.0,0.0,,0.0
130,1,3.00,11,10.95,17.86,18.65,0.0,0.00,0.0,0.0,,0.0
130,2,3.00,11,9.60,17.07,17.81,0.0,0.00,0.0,0.0,,0.0
130,3,3.00,11,8.70,16.31,17.02,0.0,0.00,0.0,0.0,,0.0
130,4,3.00,11,7.61,15.55,16.22,0.0,0.00,0.0,0.0,,0.0
130,5,3.00,11,6.51,14.78,15.42,0.0,0.00,0.0,0.0,,0.0
130,6,3.00,11,7.71,14.29,14.90,0.0,0.00,0.0,0.0,,0.0
130,7,3.00,11,8.36,13.90,14.48,0.0,0.00,0.0,0.0,,0.0
130,8,3.00,11,9.43,14.54,15.10,0.0,0.00,0.0,-0.0,,0.0
130,9,3.00,11,11.90,14.99,15.53,0.0,0.00,0.0,-0.0,,0.0
130,10,3.00,11,15.05,15.63,16.14,0.0,0.00,0.0,-0.0,,0.0
130,11,3.00,11,17.76,16.49,16.98,0.0,0.00,0.0,-0.0,,0.0
130,12,3.00,11,19.72,17.51,17.98,0.0,0.00,0.0,-0.0,,0.0
130,13,3.00,11,21.90,18.71,19.16,0.0,0.00,0.0,-0.0,,0.0
130,14,3.00,11,23.23,19.92,20.36,0.0,0.00,0.0,-0.0,,0.0
130,15,3.00,11,24.54,21.09,21.51,0.0,0.00,0.0,0.0,,0.0
130,16,3.00,11,25.40,22.09,22.50,0.0,0.00,0.0,0.0,,0.0
130,17,3.00,11,26.88,22.98,23.38,0.0,0.00,0.0,0.0,,0.0
130,18,3.00,11,25.49,23.39,23.78,0.0,0.00,0.0,0.0,,0.0
130,19,3.00,11,22.67,22.50,22.88,0.0,0.00,0.0,0.0,,0.0
130,20,3.00,11,20.03,21.85,22.22,0.0,0.00,0.0,0.0,,0.0
130,21,3.00,11,18.19,21.22,21.58,0.0,0.00,0.0,0.0,,0.0
130,22,3.00,11,16.30,20.53,20.89,0.0,0.00,0.0,0.0,,0.0
130,23,3.00,11,14.77,19.83,20.17,0.0,0.00,0.0,0.0,,0.0
130,24,3.00,11,12.87,19.05,19.38,0.0,0.00,0.0,0.0,,0.0
130,1,4.00,11,11.32,18.25,18.58,0.0,0.00,0.0,0.0,,0.0
130,2,4.00,11,9.93,17.44,17.77,0.0,0.00,0.0,0.0,,0.0
130,3,4.00,11,8.93,16.67,16.99,0.0,0.00,0.0,0.0,,0.0
130,4,4.00,11,8.15,15.93,16.25,0.0,0.00,0.0,0.0,,0.0
130,5,4.00,11,7.19,15.20,15.51,0.0,0.00,0.0,0.0,,0.0
130,6,4.00,11,8.32,14.72,15.02,0.0,0.00,0.0,0.0,,0.0
130,7,4.00,11,9.15,14.36,14.66,0.0,0.00,0.0,-0.0,,0.0
130,8,4.00,11,10.27,15.03,15.32,0.0,0.00,0.0,-0.0,,0.0
130,9,4.00,11,12.52,15.48,15.76,0.0,0.00,0.0,-0.0,,0.0
130,10,4.00,11,15.96,16.15,16.43,0.0,0.00,0.0,-0.0,,0.0
130,11,4.00,11,18.75,17.04,17.32,0.0,0.00,0.0,-0.0,,0.0
130,12,4.00,11,22.15,18.26,18.53,0.0,0.00,0.0,-0.0,,0.0
130,13,4.00,11,24.56,19.61,19.88,0.0,0.00,0.0,-0.0,,0.0
130,14,4.00,11,26.21,20.97,21.24,0.0,0.00,0.0,-0.0,,0.0
130,15,4.00,11,27.47,22.26,22.53,0.0,0.00,0.0,-0.0,,0.0
130,16,4.00,11,28.52,23.39,23.65,0.0,0.00,0.0,0.0,,0.0
130,17,4.00,11,27.22,24.06,24.32,0.0,0.00,0.0,0.0,,0.0
130,18,4.00,11,25.68,24.35,24.61,0.0,0.00,0.0,0.0,,0.0
130,19,4.00,11,23.99,23.51,23.77,0.0,0.00,0.0,0.0,,0.0
130,20,4.00,11,21.54,22.89,23.14,0.0,0.00,0.0,0.0,,0.0
130,21,4.00,11,19.96,22.30,22.55,0.0,0.00,0.0,0.0,,0.0
130,22,4.00,11,18.72,21.73,21.97,0.0,0.00,0.0,0.0,,0.0
130,23,4.00,11,18.00,21.19,21.44,0.0,0.00,0.0,0.0,,0.0
130,24,4.00,11,17.23,20.66,20.90,0.0,0.00,0.0,0.0,,0.0
130,1,5.00,11,16.38,20.12,20.36,0.0,0.00,0.0,0.0,,0.0
130,2,5.00,11,15.38,19.56,19.80,0.0,0.00,0.0,0.0,,0.0
130,3,5.00,11,14.54,19.01,19.24,0.0,0.00,0.0,-0.0,,0.0
130,4,5.00,11,13.89,18.47,18.71,0.0,0.00,0.0,-0.0,,0.0
130,5,5.00,11,13.04,17.92,18.16,0.0,0.00,0.0,-0.0,,0.0
130,6,5.00,11,12.16,17.37,17.60,0.0,0.00,0.0,-0.0,,0.0
130,7,5.00,11,11.54,16.84,17.07,0.0,0.00,0.0,-0.0,,0.0
130,8,5.00,11,13.14,17.23,20.89,3296.44,0.00,0.0,0.0,,3296.44
130,9,5.00,11,14.84,17.56,20.89,1945.07,0.00,0.0,0.0,,1945.07
130,10,5.00,11,17.20,18.12,20.89,1405.36,0.00,0.0,0.0,,1405.36
130,11,5.00,11,19.74,18.96,20.89,684.3,0.00,0.0,-127.52,,556.78
130,12,5.00,11,21.91,20.00,21.00,0.0,0.00,0.0,-436.9,,-436.9
130,13,5.00,11,23.43,21.11,21.83,0.0,0.00,0.0,-30.14,,-30.14
130,14,5.00,11,24.13,22.13,22.75,0.0,0.00,0.0,0.0,,0.0
130,15,5.00,11,24.48,23.03,23.59,0.0,0.00,0.0,0.0,,0.0
130,16,5.00,11,23.77,23.58,24.11,0.0,0.00,0.0,0.0,,0.0
130,17,5.00,11,22.75,23.82,24.31,0.0,0.00,0.0,0.0,,0.0
130,18,5.00,11,20.82,23.64,24.10,0.0,0.00,0.0,0.0,,0.0
130,19,5.00,11,19.21,22.66,23.12,0.0,0.00,0.0,0.0,,0.0
130,20,5.00,11,17.13,21.86,22.31,0.0,0.00,0.0,0.0,,0.0
130,21,5.00,11,15.41,21.08,21.50,0.0,0.00,0.0,0.0,,0.0
130,22,5.00,11,14.30,20.33,20.73,0.0,0.00,0.0,0.0,,0.0
130,23,5.00,11,13.61,19.63,20.02,0.0,0.00,0.0,0.0,,0.0
130,24,5.00,11,12.46,18.91,19.28,0.0,0.00,0.0,0.0,,0.0
130,1,6.00,11,11.48,18.19,18.55,0.0,0.00,0.0,0.0,,0.0
130,2,6.00,11,10.71,17.51,17.86,0.0,0.00,0.0,0.0,,0.0
130,3,6.00,11,10.18,16.88,17.21,0.0,0.00,0.0,0.0,,0.0
130,4,6.00,11,9.58,16.26,16.58,0.0,0.00,0.0,0.0,,0.0
130,5,6.00,11,9.18,15.69,16.00,0.0,0.00,0.0,0.0,,0.0
130,6,6.00,11,8.83,15.16,15.46,0.0,0.00,0.0,-0.0,,0.0
130,7,6.00,11,8.35,14.64,14.94,0.0,0.00,0.0,-0.0,,0.0
130,8,6.00,11,10.14,15.02,20.89,5365.41,0.00,0.0,0.0,,5365.41
130,9,6.00,11,12.70,15.49,20.89,3235.79,0.00,0.0,0.0,,3235.79
130,10,6.00,11,15.31,16.16,20.89,2564.94,0.00,0.0,0.0,,2564.94
130,11,6.00,11,17.72,17.05,20.89,1778.77,0.00,0.0,0.0,,1778.77
130,12,6.00,11,20.05,18.16,20.89,894.33,0.00,0.0,0.0,,894.33
130,13,6.00,11,22.14,19.41,20.91,0.0,0.00,0.0,0.0,,0.0
130,14,6.00,11,23.67,20.67,21.78,0.0,0.00,0.0,0.0,,0.0
130,15,6.00,11,25.08,21.88,22.83,0.0,0.00,0.0,0.0,,0.0
130,16,6.00,11,26.07,22.90,23.76,0.0,0.00,0.0,0.0,,0.0
130,17,6.00,11,25.42,23.50,24.29,0.0,0.00,0.0,0.0,,0.0
130,18,6.00,11,24.04,23.66,24.40,0.0,0.00,0.0,0.0,,0.0
130,19,6.00,11,22.64,22.83,23.55,0.0,0.00,0.0,0.0,,0.0
130,20,6.00,11,19.62,22.12,22.80,0.0,0.00,0.0,0.0,,0.0
130,21,6.00,11,17.67,21.44,22.09,0.0,0.00,0.0,0.0,,0.0
130,22,6.00,11,16.16,20.76,21.37,0.0,0.00,0.0,0.0,,0.0
130,23,6.00,11,15.33,20.13,20.70,0.0,0.00,0.0,0.0,,0.0
130,24,6.00,11,14.05,19.46,20.00,0.0,0.00,0.0,0.0,,0.0
130,1,7.00,11,12.95,18.79,19.30,0.0,0.00,0.0,0.0,,0.0
130,2,7.00,11,11.77,18.10,18.59,0.0,0.00,0.0,0.0,,0.0
130,3,7.00,11,10.78,17.42,17.88,0.0,0.00,0.0,0.0,,0.0
130,4,7.00,11,9.90,16.75,17.19,0.0,0.00,0.0,0.0,,0.0
130,5,7.00,11,8.94,16.08,16.51,0.0,0.00,0.0,0.0,,0.0
130,6,7.00,11,8.30,15.45,15.85,0.0,0.00,0.0,0.0,,0.0
130,7,7.00,11,9.20,15.03,15.42,0.0,0.00,0.0,-0.0,,0.0
130,8,7.00,11,11.13,15.48,20.89,4843.9,0.00,0.0,0.0,,4843.9
130,9,7.00,11,13.67,15.99,20.89,2850.32,0.00,0.0,0.0,,2850.32
130,10,7.00,11,16.74,16.76,20.89,2112.45,0.00,0.0,0.0,,2112.45
130,11,7.00,11,19.72,17.81,20.89,1229.45,0.00,0.0,0.0,,1229.45
130,12,7.00,11,22.49,19.08,20.89,251.08,0.00,0.0,-118.77,,132.31
130,13,7.00,11,24.88,20.50,21.66,0.0,0.00,0.0,-6.56,,-6.56
130,14,7.00,11,26.55,21.89,22.83,0.0,0.00,0.0,0.0,,0.0
130,15,7.00,11,27.95,23.20,24.04,0.0,0.00,0.0,0.0,,0.0
130,16,7.00,11,28.99,24.33,25.10,0.0,0.00,0.0,0.0,,0.0
130,17,7.00,11,28.02,24.95,25.67,0.0,0.00,0.0,0.0,,0.0
130,18,7.00,11,26.11,25.09,25.75,0.0,0.00,0.0,0.0,,0.0
130,19,7.00,11,24.32,24.18,24.83,0.0,0.00,0.0,0.0,,0.0
130,20,7.00,11,21.13,23.42,24.05,0.0,0.00,0.0,0.0,,0.0
130,21,7.00,11,19.18,22.72,23.31,0.0,0.00,0.0,0.0,,0.0
130,22,7.00,11,17.64,22.02,22.58,0.0,0.00,0.0,0.0,,0.0
130,23,7.00,11,16.79,21.37,21.90,0.0,0.00,0.0,0.0,,0.0
130,24,7.00,11,15.67,20.71,21.21,0.0,0.00,0.0,0.0,,0.0
130,1,1.00,11,14.72,20.05,20.53,0.0,0.00,0.0,0.0,,0.0
130,2,1.00,11,13.56,19.38,19.83,0.0,0.00,0.0,0.0,,0.0
130,3,1.00,11,12.42,18.69,19.12,0.0,0.00,0.0,0.0,,0.0
130,4,1.00,11,11.19,17.98,18.39,0.0,0.00,0.0,0.0,,0.0
130,5,1.00,11,9.73,17.22,17.62,0.0,0.00,0.0,0.0,,0.0
130,6,1.00,11,8.77,16.49,16.87,0.0,0.00,0.0,0.0,,0.0
130,7,1.00,11,9.54,15.99,16.35,0.0,0.00,0.0,-0.0,,0.0
130,8,1.00,11,11.49,16.35,20.89,4030.4,0.00,0.0,0.0,,4030.4
130,9,1.00,11,14.19,16.82,20.89,2326.44,0.00,0.0,0.0,,2326.44
130,10,1.00,11,17.55,17.60,20.89,1593.61,0.00,0.0,0.0,,1593.61
130,11,1.00,11,20.14,18.57,20.89,806.43,0.00,0.0,-52.79,,753.64
130,12,1.00,11,22.78,19.78,21.01,0.0,0.00,0.0,-659.97,,-659.97
130,13,1.00,11,24.81,21.09,21.98,0.0,0.00,0.0,0.0,,0.0
130,14,1.00,11,26.35,22.39,23.16,0.0,0.00,0.0,0.0,,0.0
130,15,1.00,11,27.30,23.57,24.26,0.0,0.00,0.0,0.0,,0.0
130,16,1.00,11,28.10,24.57,25.21,0.0,0.00,0.0,0.0,,0.0
130,17,1.00,11,27.17,25.10,25.70,0.0,0.00,0.0,0.0,,0.0
130,18,1.00,11,25.98,25.28,25.84,0.0,0.00,0.0,0.0,,0.0
130,19,1.00,11,23.95,24.35,24.90,0.0,0.00,0.0,0.0,,0.0
130,20,1.00,11,21.27,23.62,24.15,0.0,0.00,0.0,0.0,,0.0
130,21,1.00,11,19.63,22.97,23.47,0.0,0.00,0.0,0.0,,0.0
130,22,1.00,11,17.95,22.27,22.75,0.0,0.00,0.0,0.0,,0.0
130,23,1.00,11,16.70,21.58,22.04,0.0,0.00,0.0,0.0,,0.0
130,24,1.00,11,15.48,20.88,21.32,0.0,0.00,0.0,0.0,,0.0
130,1,2.00,11,14.45,20.19,20.61,0.0,0.00,0.0,0.0,,0.0
130,2,2.00,11,13.40,19.50,19.90,0.0,0.00,0.0,0.0,,0.0
130,3,2.00,11,12.48,18.82,19.20,0.0,0.00,0.0,0.0,,0.0
130,4,2.00,11,11.52,18.14,18.51,0.0,0.00,0.0,0.0,,0.0
130,5,2.00,11,10.66,17.48,17.83,0.0,0.00,0.0,0.0,,0.0
130,6,2.00,11,9.79,16.82,17.16,0.0,0.00,0.0,-0.0,,0.0
130,7,2.00,11,9.03,16.18,16.51,0.0,0.00,0.0,-0.0,,0.0
130,8,2.00,11,11.38,16.51,20.89,3904.44,0.00,0.0,0.0,,3904.44
130,9,2.00,11,14.89,17.09,20.89,2131.93,0.00,0.0,0.0,,2131.93
130,10,2.00,11,18.87,18.02,20.89,1294.18,0.00,0.0,-42.38,,1251.8
130,11,2.00,11,21.99,19.16,20.89,395.48,0.00,0.0,-448.81,,-53.329999999999984
130,12,2.00,11,25.48,20.62,21.61,0.0,0.00,0.0,-815.49,,-815.49
130,13,2.00,11,28.01,22.16,22.93,0.0,0.00,0.0,-234.72,,-234.72
130,14,2.00,11,30.01,23.70,24.37,0.0,0.00,0.0,0.0,,0.0
130,15,2.00,11,31.22,25.09,25.70,0.0,0.00,0.0,0.0,,0.0
130,16,2.00,11,30.65,26.02,25.89,-676.16,0.00,0.0,0.0,,-676.16
130,17,2.00,11,29.60,26.57,25.89,-956.34,0.00,0.0,0.0,,-956.34
130,18,2.00,11,28.72,26.83,25.89,-996.51,0.00,0.0,0.0,,-996.51
130,19,2.00,11,26.00,25.82,25.75,0.0,0.00,0.0,0.0,,0.0
130,20,2.00,11,22.63,25.01,25.19,0.0,0.00,0.0,0.0,,0.0
130,21,2.00,11,20.35,24.22,24.47,0.0,0.00,0.0,0.0,,0.0
130,22,2.00,11,18.21,23.40,23.66,0.0,0.00,0.0,0.0,,0.0
130,23,2.00,11,16.78,22.59,22.86,0.0,0.00,0.0,0.0,,0.0
130,24,2.00,11,15.48,21.79,22.05,0.0,0.00,0.0,0.0,,0.0
130,1,3.00,11,14.42,21.01,21.27,0.0,0.00,0.0,0.0,,0.0
130,2,3.00,11,13.23,20.22,20.48,0.0,0.00,0.0,0.0,,0.0
130,3,3.00,11,12.28,19.46,19.71,0.0,0.00,0.0,0.0,,0.0
130,4,3.00,11,11.33,18.71,18.96,0.0,0.00,0.0,0.0,,0.0
130,5,3.00,11,10.42,17.98,18.22,0.0,0.00,0.0,0.0,,0.0
130,6,3.00,11,9.88,17.30,17.53,0.0,0.00,0.0,0.0,,0.0
130,7,3.00,11,9.24,16.65,16.88,0.0,0.00,0.0,-0.0,,0.0
130,8,3.00,11,10.43,17.12,17.35,0.0,0.00,0.0,-0.0,,0.0
130,9,3.00,11,12.32,17.37,17.59,0.0,0.00,0.0,-0.0,,0.0
130,10,3.00,11,14.54,17.72,17.95,0.0,0.00,0.0,-0.0,,0.0
130,11,3.00,11,16.55,18.29,18.51,0.0,0.00,0.0,-0.0,,0.0
130,12,3.00,11,18.16,19.04,19.26,0.0,0.00,0.0,-0.0,,0.0
130,13,3.00,11,19.20,19.88,20.10,0.0,0.00,0.0,-0.0,,0.0
130,14,3.00,11,19.79,20.72,20.94,0.0,0.00,0.0,0.0,,0.0
130,15,3.00,11,19.86,21.45,21.66,0.0,0.00,0.0,0.0,,0.0
130,16,3.00,11,19.76,22.00,22.20,0.0,0.00,0.0,0.0,,0.0
130,17,3.00,11,19.10,22.27,22.48,0.0,0.00,0.0,0.0,,0.0
130,18,3.00,11,17.57,22.20,22.40,0.0,0.00,0.0,0.0,,0.0
130,19,3.00,11,16.95,21.15,21.35,0.0,0.00,0.0,0.0,,0.0
130,20,3.00,11,15.29,20.39,20.59,0.0,0.00,0.0,0.0,,0.0
130,21,3.00,11,13.76,19.67,19.86,0.0,0.00,0.0,0.0,,0.0
130,22,3.00,11,12.35,18.93,19.12,0.0,0.00,0.0,0.0,,0.0
130,23,3.00,11,11.52,18.24,18.43,0.0,0.00,0.0,0.0,,0.0
130,24,3.00,11,11.02,17.60,17.79,0.0,0.00,0.0,0.0,,0.0
130,1,4.00,11,10.48,17.00,17.19,0.0,0.00,0.0,0.0,,0.0
130,2,4.00,11,9.97,16.42,16.61,0.0,0.00,0.0,0.0,,0.0
130,3,4.00,11,9.63,15.88,16.07,0.0,0.00,0.0,0.0,,0.0
130,4,4.00,11,8.98,15.35,15.53,0.0,0.00,0.0,-0.0,,0.0
130,5,4.00,11,8.46,14.83,15.02,0.0,0.00,0.0,-0.0,,0.0
130,6,4.00,11,8.13,14.35,14.53,0.0,0.00,0.0,-0.0,,0.0
130,7,4.00,11,8.17,13.95,14.13,0.0,0.00,0.0,-0.0,,0.0
130,8,4.00,11,9.97,14.69,14.87,0.0,0.00,0.0,-0.0,,0.0
130,9,4.00,11,12.49,15.22,15.40,0.0,0.00,0.0,-0.0,,0.0
130,10,4.00,11,15.06,15.84,16.02,0.0,0.00,0.0,-0.0,,0.0
130,11,4.00,11,17.94,16.73,16.91,0.0,0.00,0.0,-0.0,,0.0
130,12,4.00,11,20.75,17.88,18.06,0.0,0.00,0.0,-0.0,,0.0
130,13,4.00,11,23.15,19.19,19.37,0.0,0.00,0.0,-0.0,,0.0
130,14,4.00,11,24.65,20.50,20.68,0.0,0.00,0.0,-0.0,,0.0
130,15,4.00,11,26.11,21.78,21.95,0.0,0.00,0.0,0.0,,0.0
130,16,4.00,11,27.09,22.87,23.05,0.0,0.00,0.0,0.0,,0.0
130,17,4.00,11,26.44,23.60,23.77,0.0,0.00,0.0,0.0,,0.0
130,18,4.00,11,25.13,23.94,24.12,0.0,0.00,0.0,0.0,,0.0
130,19,4.00,11,23.34,23.13,23.30,0.0,0.00,0.0,0.0,,0.0
130,20,4.00,11,19.98,22.41,22.58,0.0,0.00,0.0,0.0,,0.0
130,21,4.00,11,17.92,21.73,21.90,0.0,0.00,0.0,0.0,,0.0
130,22,4.00,11,16.02,21.00,21.17,0.0,0.00,0.0,0.0,,0.0
130,23,4.00,11,15.15,20.34,20.51,0.0,0.00,0.0,0.0,,0.0
130,24,4.00,11,13.84,19.65,19.82,0.0,0.00,0.0,0.0,,0.0
130,1,5.00,11,12.69,18.95,19.12,0.0,0.00,0.0,0.0,,0.0
130,2,5.00,11,11.55,18.24,18.41,0.0,0.00,0.0,0.0,,0.0
130,3,5.00,11,10.69,17.56,17.73,0.0,0.00,0.0,0.0,,0.0
130,4,5.00,11,9.88,16.90,17.06,0.0,0.00,0.0,0.0,,0.0
130,5,5.00,11,8.95,16.23,16.40,0.0,0.00,0.0,0.0,,0.0
130,6,5.00,11,8.57,15.63,15.80,0.0,0.00,0.0,0.0,,0.0
130,7,5.00,11,7.76,15.03,15.19,0.0,0.00,0.0,0.0,,0.0
130,8,5.00,11,9.86,15.33,20.89,5174.64,0.00,0.0,0.0,,5174.64
130,9,5.00,11,12.73,15.81,20.89,3092.91,0.00,0.0,0.0,,3092.91
130,10,5.00,11,15.37,16.47,20.89,2431.93,0.00,0.0,0.0,,2431.93
130,11,5.00,11,18.69,17.50,20.89,1512.99,0.00,0.0,0.0,,1512.99
130,12,5.00,11,21.54,18.76,20.89,530.44,0.00,0.0,0.0,,530.44
130,13,5.00,11,23.86,20.14,21.36,0.0,0.00,0.0,-75.08,,-75.08
130,14,5.00,11,25.38,21.48,22.40,0.0,0.00,0.0,0.0,,0.0
130,15,5.00,11,26.88,22.77,23.57,0.0,0.00,0.0,0.0,,0.0
130,16,5.00,11,28.13,23.91,24.63,0.0,0.00,0.0,0.0,,0.0
130,17,5.00,11,27.49,24.58,25.25,0.0,0.00,0.0,0.0,,0.0
130,18,5.00,11,26.02,24.81,25.42,0.0,0.00,0.0,0.0,,0.0
130,19,5.00,11,24.48,23.96,24.57,0.0,0.00,0.0,0.0,,0.0
130,20,5.00,11,21.31,23.26,23.84,0.0,0.00,0.0,0.0,,0.0
130,21,5.00,11,19.42,22.62,23.16,0.0,0.00,0.0,0.0,,0.0
130,22,5.00,11,17.79,21.95,22.46,0.0,0.00,0.0,0.0,,0.0
130,23,5.00,11,16.92,21.33,21.81,0.0,0.00,0.0,0.0,,0.0
130,24,5.00,11,15.56,20.67,21.12,0.0,0.00,0.0,0.0,,0.0
130,1,6.00,11,14.31,19.98,20.41,0.0,0.00,0.0,0.0,,0.0
130,2,6.00,11,12.85,19.26,19.66,0.0,0.00,0.0,0.0,,0.0
130,3,6.00,11,11.56,18.52,18.90,0.0,0.00,0.0,0.0,,0.0
130,4,6.00,11,10.42,17.78,18.15,0.0,0.00,0.0,0.0,,0.0
130,5,6.00,11,9.06,17.02,17.37,0.0,0.00,0.0,0.0,,0.0
130,6,6.00,11,8.25,16.29,16.63,0.0,0.00,0.0,0.0,,0.0
130,7,6.00,11,7.57,15.61,15.93,0.0,0.00,0.0,0.0,,0.0
130,8,6.00,11,10.18,15.90,20.89,4501.32,0.00,0.0,0.0,,4501.32
130,9,6.00,11,13.38,16.40,20.89,2620.32,0.00,0.0,0.0,,2620.32
130,10,6.00,11,16.88,17.20,20.89,1859.17,0.00,0.0,0.0,,1859.17
130,11,6.00,11,20.31,18.32,20.89,927.91,0.00,0.0,0.0,,927.91
130,12,6.00,11,23.47,19.69,21.00,0.0,0.00,0.0,0.0,,0.0
130,13,6.00,11,26.29,21.21,22.15,0.0,0.00,0.0,0.0,,0.0
130,14,6.00,11,28.46,22.75,23.54,0.0,0.00,0.0,0.0,,0.0
130,15,6.00,11,30.16,24.21,24.92,0.0,0.00,0.0,0.0,,0.0
130,16,6.00,11,29.38,25.14,25.79,0.0,0.00,0.0,0.0,,0.0
130,17,6.00,11,28.16,25.66,25.89,-359.71,0.00,0.0,0.0,,-359.71
130,18,6.00,11,25.91,25.68,25.89,-225.9,0.00,0.0,0.0,,-225.9
130,19,6.00,11,23.98,24.72,25.14,0.0,0.00,0.0,0.0,,0.0
130,20,6.00,11,20.67,23.90,24.36,0.0,0.00,0.0,0.0,,0.0
130,21,6.00,11,18.18,23.07,23.52,0.0,0.00,0.0,0.0,,0.0
130,22,6.00,11,16.19,22.23,22.66,0.0,0.00,0.0,0.0,,0.0
130,23,6.00,11,14.73,21.40,21.81,0.0,0.00,0.0,0.0,,0.0
130,24,6.00,11,13.37,20.56,20.95,0.0,0.00,0.0,0.0,,0.0
130,1,7.00,11,12.43,19.77,20.14,0.0,0.00,0.0,0.0,,0.0
130,2,7.00,11,11.53,19.01,19.36,0.0,0.00,0.0,0.0,,0.0
130,3,7.00,11,10.55,18.25,18.59,0.0,0.00,0.0,0.0,,0.0
130,4,7.00,11,9.55,17.49,17.82,0.0,0.00,0.0,0.0,,0.0
130,5,7.00,11,8.40,16.73,17.04,0.0,0.00,0.0,0.0,,0.0
130,6,7.00,11,7.52,15.99,16.29,0.0,0.00,0.0,0.0,,0.0
130,7,7.00,11,6.54,15.26,15.55,0.0,0.00,0.0,0.0,,0.0
130,8,7.00,11,8.40,15.35,20.89,5048.14,0.00,0.0,0.0,,5048.14
130,9,7.00,11,10.84,15.63,20.89,3205.16,0.00,0.0,0.0,,3205.16
130,10,7.00,11,12.96,16.08,20.89,2702.56,0.00,0.0,0.0,,2702.56
130,11,7.00,11,15.95,16.90,20.89,1915.98,0.00,0.0,0.0,,1915.98
130,12,7.00,11,18.36,17.94,20.89,1080.84,0.00,0.0,0.0,,1080.84
130,13,7.00,11,20.39,19.10,20.89,225.09,0.00,0.0,0.0,,225.09
130,14,7.00,11,21.43,20.20,21.39,0.0,0.00,0.0,0.0,,0.0
130,15,7.00,11,22.74,21.28,22.26,0.0,0.00,0.0,0.0,,0.0
130,16,7.00,11,23.72,22.21,23.08,0.0,0.00,0.0,0.0,,0.0
130,17,7.00,11,23.03,22.71,23.51,0.0,0.00,0.0,0.0,,0.0
130,18,7.00,11,21.44,22.76,23.50,0.0,0.00,0.0,0.0,,0.0
130,19,7.00,11,20.18,21.94,22.65,0.0,0.00,0.0,0.0,,0.0
130,20,7.00,11,17.47,21.22,21.90,0.0,0.00,0.0,0.0,,0.0
130,21,7.00,11,15.58,20.52,21.16,0.0,0.00,0.0,0.0,,0.0
130,22,7.00,11,14.02,19.81,20.41,0.0,0.00,0.0,0.0,,0.0
130,23,7.00,11,13.32,19.16,19.72,0.0,0.00,0.0,0.0,,0.0
130,24,7.00,11,12.27,18.50,19.03,0.0,0.00,0.0,0.0,,0.0
130,1,1.00,11,11.33,17.84,18.34,0.0,0.00,0.0,0.0,,0.0
130,2,1.00,11,10.43,17.19,17.66,0.0,0.00,0.0,0.0,,0.0
130,3,1.00,11,9.43,16.53,16.97,0.0,0.00,0.0,0.0,,0.0
130,4,1.00,11,8.40,15.86,16.28,0.0,0.00,0.0,0.0,,0.0
130,5,1.00,11,7.39,15.19,15.59,0.0,0.00,0.0,0.0,,0.0
130,6,1.00,11,8.44,14.75,15.14,0.0,0.00,0.0,0.0,,0.0
130,7,1.00,11,8.75,14.38,14.74,0.0,0.00,0.0,-0.0,,0.0
130,8,1.00,11,10.47,14.86,20.89,5460.46,0.00,0.0,0.0,,5460.46
130,9,1.00,11,12.61,15.33,20.89,3306.21,0.00,0.0,0.0,,3306.21
130,10,1.00,11,15.10,16.00,20.89,2632.19,0.00,0.0,0.0,,2632.19
130,11,1.00,11,18.00,16.99,20.89,1756.14,0.00,0.0,0.0,,1756.14
130,12,1.00,11,20.38,18.17,20.89,838.11,0.00,0.0,0.0,,838.11
130,13,1.00,11,22.40,19.46,20.98,0.0,0.00,0.0,-32.54,,-32.54
130,14,1.00,11,23.66,20.71,21.84,0.0,0.00,0.0,0.0,,0.0
130,15,1.00,11,24.98,21.91,22.89,0.0,0.00,0.0,0.0,,0.0
130,16,1.00,11,25.91,22.93,23.82,0.0,0.00,0.0,0.0,,0.0
130,17,1.00,11,25.03,23.49,24.30,0.0,0.00,0.0,0.0,,0.0
130,18,1.00,11,23.00,23.54,24.29,0.0,0.00,0.0,0.0,,0.0
130,19,1.00,11,21.51,22.67,23.40,0.0,0.00,0.0,0.0,,0.0
130,20,1.00,11,18.51,21.93,22.62,0.0,0.00,0.0,0.0,,0.0
130,21,1.00,11,16.25,21.17,21.83,0.0,0.00,0.0,0.0,,0.0
130,22,1.00,11,14.47,20.40,21.02,0.0,0.00,0.0,0.0,,0.0
130,23,1.00,11,13.53,19.69,20.27,0.0,0.00,0.0,0.0,,0.0
130,24,1.00,11,12.52,18.99,19.53,0.0,0.00,0.0,0.0,,0.0
130,1,2.00,11,11.58,18.29,18.81,0.0,0.00,0.0,0.0,,0.0
130,2,2.00,11,10.73,17.62,18.10,0.0,0.00,0.0,0.0,,0.0
130,3,2.00,11,9.74,16.94,17.40,0.0,0.00,0.0,0.0,,0.0
130,4,2.00,11,8.93,16.27,16.71,0.0,0.00,0.0,0.0,,0.0
130,5,2.00,11,8.13,15.62,16.04,0.0,0.00,0.0,0.0,,0.0
130,6,2.00,11,7.68,15.02,15.42,0.0,0.00,0.0,0.0,,0.0
130,7,2.00,11,7.03,14.44,14.82,0.0,0.00,0.0,0.0,,0.0
130,8,2.00,11,9.19,14.76,20.89,5541.32,0.00,0.0,0.0,,5541.32
130,9,2.00,11,11.47,15.15,20.89,3441.16,0.00,0.0,0.0,,3441.16
130,10,2.00,11,13.68,15.71,20.89,2853.63,0.00,0.0,0.0,,2853.63
130,11,2.00,11,16.55,16.61,20.89,2023.57,0.00,0.0,0.0,,2023.57
130,12,2.00,11,19.16,17.75,20.89,1107.89,0.00,0.0,0.0,,1107.89
130,13,2.00,11,21.37,19.02,20.89,177.78,0.00,0.0,0.0,,177.78
130,14,2.00,11,22.75,20.25,21.54,0.0,0.00,0.0,0.0,,0.0
130,15,2.00,11,24.15,21.45,22.53,0.0,0.00,0.0,0.0,,0.0
130,16,2.00,11,23.74,22.24,23.20,0.0,0.00,0.0,0.0,,0.0
130,17,2.00,11,22.72,22.65,23.53,0.0,0.00,0.0,0.0,,0.0
130,18,2.00,11,21.25,22.69,23.50,0.0,0.00,0.0,0.0,,0.0
130,19,2.00,11,19.58,21.81,22.60,0.0,0.00,0.0,0.0,,0.0
130,20,2.00,11,17.65,21.15,21.89,0.0,0.00,0.0,0.0,,0.0
130,21,2.00,11,15.82,20.48,21.18,0.0,0.00,0.0,0.0,,0.0
130,22,2.00,11,14.34,19.79,20.45,0.0,0.00,0.0,0.0,,0.0
130,23,2.00,11,13.26,19.12,19.74,0.0,0.00,0.0,0.0,,0.0
130,24,2.00,11,12.19,18.45,19.03,0.0,0.00,0.0,0.0,,0.0
130,1,3.00,11,11.28,17.79,18.33,0.0,0.00,0.0,0.0,,0.0
130,2,3.00,11,10.36,17.13,17.65,0.0,0.00,0.0,0.0,,0.0
130,3,3.00,11,9.80,16.52,17.01,0.0,0.00,0.0,0.0,,0.0
130,4,3.00,11,9.14,15.93,16.39,0.0,0.00,0.0,0.0,,0.0
130,5,3.00,11,8.46,15.34,15.78,0.0,0.00,0.0,0.0,,0.0
130,6,3.00,11,7.65,14.75,15.17,0.0,0.00,0.0,0.0,,0.0
130,7,3.00,11,6.94,14.18,14.58,0.0,0.00,0.0,0.0,,0.0
130,8,3.00,11,8.06,14.73,15.11,0.0,0.00,0.0,-0.0,,0.0
130,9,3.00,11,10.03,15.04,15.41,0.0,0.00,0.0,-0.0,,0.0
130,10,3.00,11,11.92,15.42,15.77,0.0,0.00,0.0,-0.0,,0.0
130,11,3.00,11,14.20,16.05,16.39,0.0,0.00,0.0,-0.0,,0.0
130,12,3.00,11,16.23,16.90,17.22,0.0,0.00,0.0,-0.0,,0.0
130,13,3.00,11,18.00,17.90,18.21,0.0,0.00,0.0,-0.0,,0.0
130,14,3.00,11,19.28,18.94,19.24,0.0,0.00,0.0,-0.0,,0.0
130,15,3.00,11,19.89,19.88,20.17,0.0,0.00,0.0,0.0,,0.0
130,16,3.00,11,20.42,20.66,20.94,0.0,0.00,0.0,0.0,,0.0
130,17,3.00,11,19.75,21.12,21.39,0.0,0.00,0.0,0.0,,0.0
130,18,3.00,11,19.09,21.30,21.57,0.0,0.00,0.0,0.0,,0.0
130,19,3.00,11,17.62,20.36,20.62,0.0,0.00,0.0,0.0,,0.0
130,20,3.00,11,16.11,19.74,19.99,0.0,0.00,0.0,0.0,,0.0
130,21,3.00,11,14.76,19.15,19.40,0.0,0.00,0.0,0.0,,0.0
130,22,3.00,11,13.14,18.51,18.75,0.0,0.00,0.0,0.0,,0.0
130,23,3.00,11,12.26,17.90,18.14,0.0,0.00,0.0,0.0,,0.0
130,24,3.00,11,11.49,17.31,17.55,0.0,0.00,0.0,0.0,,0.0
130,1,4.00,11,12.02,16.89,17.12,0.0,0.00,0.0,0.0,,0.0
130,2,4.00,11,11.12,16.39,16.62,0.0,0.00,0.0,0.0,,0.0
130,3,4.00,11,10.34,15.89,16.11,0.0,0.00,0.0,0.0,,0.0
130,4,4.00,11,9.61,15.38,15.60,0.0,0.00,0.0,0.0,,0.0
130,5,4.00,11,8.89,14.88,15.09,0.0,0.00,0.0,0.0,,0.0
130,6,4.00,11,8.38,14.39,14.60,0.0,0.00,0.0,0.0,,0.0
130,7,4.00,11,7.80,13.93,14.13,0.0,0.00,0.0,-0.0,,0.0
130,8,4.00,11,9.51,14.62,14.83,0.0,0.00,0.0,-0.0,,0.0
130,9,4.00,11,11.73,15.08,15.28,0.0,0.00,0.0,-0.0,,0.0
130,10,4.00,11,14.16,15.64,15.84,0.0,0.00,0.0,-0.0,,0.0
130,11,4.00,11,16.23,16.39,16.59,0.0,0.00,0.0,-0.0,,0.0
130,12,4.00,11,18.45,17.37,17.56,0.0,0.00,0.0,-0.0,,0.0
130,13,4.00,11,20.32,18.49,18.68,0.0,0.00,0.0,-0.0,,0.0
130,14,4.00,11,21.49,19.62,19.81,0.0,0.00,0.0,0.0,,0.0
130,15,4.00,11,22.41,20.69,20.87,0.0,0.00,0.0,-0.0,,0.0
130,16,4.00,11,22.08,21.46,21.65,0.0,0.00,0.0,0.0,,0.0
130,17,4.00,11,21.30,21.94,22.12,0.0,0.00,0.0,0.0,,0.0
130,18,4.00,11,19.76,22.04,22.22,0.0,0.00,0.0,0.0,,0.0
130,19,4.00,11,18.57,21.09,21.27,0.0,0.00,0.0,0.0,,0.0
130,20,4.00,11,16.25,20.36,20.54,0.0,0.00,0.0,0.0,,0.0
130,21,4.00,11,14.58,19.67,19.85,0.0,0.00,0.0,0.0,,0.0
130,22,4.00,11,13.45,19.01,19.19,0.0,0.00,0.0,0.0,,0.0
130,23,4.00,11,12.58,18.38,18.55,0.0,0.00,0.0,0.0,,0.0
130,24,4.00,11,11.60,17.74,17.91,0.0,0.00,0.0,0.0,,0.0
130,1,5.00,11,10.88,17.13,17.30,0.0,0.00,0.0,0.0,,0.0
130,2,5.00,11,10.04,16.52,16.69,0.0,0.00,0.0,0.0,,0.0
130,3,5.00,11,9.65,15.96,16.13,0.0,0.00,0.0,0.0,,0.0
130,4,5.00,11,9.16,15.43,15.60,0.0,0.00,0.0,0.0,,0.0
130,5,5.00,11,8.08,14.85,15.01,0.0,0.00,0.0,0.0,,0.0
130,6,5.00,11,7.33,14.28,14.44,0.0,0.00,0.0,0.0,,0.0
130,7,5.00,11,7.05,13.78,13.94,0.0,0.00,0.0,0.0,,0.0
130,8,5.00,11,7.89,13.98,20.89,6474.29,0.00,0.0,0.0,,6474.29
130,9,5.00,11,10.42,14.37,20.89,4066.72,0.00,0.0,0.0,,4066.72
130,10,5.00,11,12.89,14.96,20.89,3406.55,0.00,0.0,0.0,,3406.55
130,11,5.00,11,15.29,15.79,20.89,2615.9,0.00,0.0,0.0,,2615.9
130,12,5.00,11,17.64,16.86,20.89,1722.92,0.00,0.0,0.0,,1722.92
130,13,5.00,11,19.60,18.05,20.89,826.01,0.00,0.0,0.0,,826.01
130,14,5.00,11,20.81,19.21,20.89,46.06,0.00,0.0,0.0,,46.06
130,15,5.00,11,21.95,20.31,21.56,0.0,0.00,0.0,0.0,,0.0
130,16,5.00,11,22.44,21.18,22.26,0.0,0.00,0.0,0.0,,0.0
130,17,5.00,11,21.55,21.63,22.60,0.0,0.00,0.0,0.0,,0.0
130,18,5.00,11,19.70,21.62,22.51,0.0,0.00,0.0,0.0,,0.0
130,19,5.00,11,18.31,20.77,21.63,0.0,0.00,0.0,0.0,,0.0
130,20,5.00,11,15.51,20.02,20.83,0.0,0.00,0.0,0.0,,0.0
130,21,5.00,11,13.31,19.25,20.00,0.0,0.00,0.0,0.0,,0.0
130,22,5.00,11,11.77,18.48,19.19,0.0,0.00,0.0,0.0,,0.0
130,23,5.00,11,10.89,17.77,18.43,0.0,0.00,0.0,0.0,,0.0
130,24,5.00,11,9.94,17.07,17.69,0.0,0.00,0.0,0.0,,0.0
130,1,6.00,11,9.00,16.38,16.96,0.0,0.00,0.0,0.0,,0.0
130,2,6.00,11,8.10,15.69,16.24,0.0,0.00,0.0,0.0,,0.0
130,3,6.00,11,7.20,15.02,15.53,0.0,0.00,0.0,0.0,,0.0
130,4,6.00,11,6.37,14.35,14.84,0.0,0.00,0.0,0.0,,0.0
130,5,6.00,11,5.30,13.67,14.13,0.0,0.00,0.0,0.0,,0.0
130,6,6.00,11,4.56,13.02,13.45,0.0,0.00,0.0,0.0,,0.0
130,7,6.00,11,5.32,12.56,12.97,0.0,0.00,0.0,0.0,,0.0
130,8,6.00,11,7.03,12.88,20.89,7316.23,0.00,122.79,0.0,,7439.0199999999995
130,9,6.00,11,9.95,13.40,20.89,4546.39,0.00,0.0,0.0,,4546.39
130,10,6.00,11,12.66,14.10,20.89,3794.67,0.00,0.0,0.0,,3794.67
130,11,6.00,11,15.59,15.10,20.89,2868.81,0.00,0.0,0.0,,2868.81
130,12,6.00,11,18.25,16.32,20.89,1869.07,0.00,0.0,0.0,,1869.07
130,13,6.00,11,20.49,17.67,20.89,869.15,0.00,0.0,0.0,,869.15
130,14,6.00,11,22.41,19.06,20.97,0.0,0.00,0.0,0.0,,0.0
130,15,6.00,11,23.91,20.37,21.85,0.0,0.00,0.0,0.0,,0.0
130,16,6.00,11,24.91,21.48,22.77,0.0,0.00,0.0,0.0,,0.0
130,17,6.00,11,24.25,22.14,23.31,0.0,0.00,0.0,0.0,,0.0
130,18,6.00,11,23.11,22.41,23.48,0.0,0.00,82.94,0.0,,82.94
130,19,6.00,11,21.57,21.62,22.65,0.0,0.00,0.0,0.0,,0.0
130,20,6.00,11,18.58,20.96,21.93,0.0,0.00,0.0,0.0,,0.0
130,21,6.00,11,16.39,20.31,21.21,0.0,0.00,0.0,0.0,,0.0
130,22,6.00,11,14.83,19.65,20.49,0.0,0.00,0.0,0.0,,0.0
130,23,6.00,11,13.78,19.02,19.81,0.0,0.00,0.0,0.0,,0.0
130,24,6.00,11,12.47,18.35,19.09,0.0,0.00,0.0,0.0,,0.0
130,1,7.00,11,11.23,17.67,18.36,0.0,0.00,0.0,0.0,,0.0
130,2,7.00,11,10.16,16.99,17.64,0.0,0.00,0.0,0.0,,0.0
130,3,7.00,11,9.26,16.33,16.93,0.0,0.00,0.0,0.0,,0.0
130,4,7.00,11,8.47,15.68,16.25,0.0,0.00,0.0,0.0,,0.0
130,5,7.00,11,7.32,15.00,15.54,0.0,0.00,0.0,0.0,,0.0
130,6,7.00,11,6.54,14.36,14.87,0.0,0.00,0.0,0.0,,0.0
130,7,7.00,11,5.99,13.75,14.24,0.0,0.00,0.0,0.0,,0.0
130,8,7.00,11,8.13,14.04,20.89,6145.66,0.00,0.0,0.0,,6145.66
130,9,7.00,11,11.10,14.52,20.89,3776.4,0.00,0.0,0.0,,3776.4
130,10,7.00,11,14.37,15.29,20.89,2995.42,0.00,0.0,0.0,,2995.42
130,11,7.00,11,17.38,16.32,20.89,2091.24,0.00,0.0,0.0,,2091.24
130,12,7.00,11,20.65,17.67,20.89,1016.84,0.00,0.0,0.0,,1016.84
130,13,7.00,11,23.12,19.12,20.90,0.0,0.00,0.0,0.0,,0.0
130,14,7.00,11,25.13,20.58,21.92,0.0,0.00,0.0,0.0,,0.0
130,15,7.00,11,26.63,21.96,23.11,0.0,0.00,0.0,0.0,,0.0
130,16,7.00,11,27.51,23.10,24.14,0.0,0.00,0.0,0.0,,0.0
130,17,7.00,11,26.39,23.72,24.67,0.0,0.00,0.0,0.0,,0.0
130,18,7.00,11,24.34,23.84,24.72,0.0,0.00,3.64,0.0,,3.64
130,19,7.00,11,22.70,22.97,23.83,0.0,0.00,0.0,0.0,,0.0
130,20,7.00,11,19.42,22.23,23.04,0.0,0.00,0.0,0.0,,0.0
130,21,7.00,11,16.87,21.46,22.22,0.0,0.00,0.0,0.0,,0.0
130,22,7.00,11,15.06,20.70,21.41,0.0,0.00,0.0,0.0,,0.0
130,23,7.00,11,14.04,19.98,20.65,0.0,0.00,0.0,0.0,,0.0
130,24,7.00,11,12.68,19.23,19.86,0.0,0.00,0.0,0.0,,0.0
130,1,1.00,12,11.47,18.49,19.08,0.0,0.00,0.0,0.0,,0.0
130,2,1.00,12,10.39,17.75,18.30,0.0,0.00,0.0,0.0,,0.0
130,3,1.00,12,9.16,16.99,17.52,0.0,0.00,0.0,0.0,,0.0
130,4,1.00,12,7.81,16.21,16.71,0.0,0.00,0.0,0.0,,0.0
130,5,1.00,12,6.68,15.43,15.91,0.0,0.00,0.0,0.0,,0.0
130,6,1.00,12,6.00,14.71,15.16,0.0,0.00,0.0,0.0,,0.0
130,7,1.00,12,5.44,14.04,14.47,0.0,0.00,0.0,0.0,,0.0
130,8,1.00,12,7.59,14.22,21.43,6534.78,0.00,0.0,0.0,,6534.78
130,9,1.00,12,10.14,14.58,21.43,4162.98,0.00,0.0,0.0,,4162.98
130,10,1.00,12,12.80,15.14,21.43,3521.88,0.00,0.0,0.0,,3521.88
130,11,1.00,12,15.94,16.00,21.43,2709.66,0.00,0.0,0.0,,2709.66
130,12,1.00,12,18.78,17.08,21.43,1816.6,0.00,0.0,0.0,,1816.6
130,13,1.00,12,21.08,18.29,21.43,908.36,0.00,0.0,0.0,,908.36
130,14,1.00,12,22.54,19.47,21.43,107.96,0.00,0.0,0.0,,107.96
130,15,1.00,12,24.00,20.65,22.11,0.0,0.00,0.0,0.0,,0.0
130,16,1.00,12,24.93,21.66,22.92,0.0,0.00,0.0,0.0,,0.0
130,17,1.00,12,23.88,22.20,23.32,0.0,0.00,0.0,0.0,,0.0
130,18,1.00,12,22.37,22.37,23.40,0.0,0.00,0.0,0.0,,0.0
130,19,1.00,12,20.84,21.57,22.57,0.0,0.00,0.0,0.0,,0.0
130,20,1.00,12,18.10,20.93,21.88,0.0,0.00,0.0,0.0,,0.0
130,21,1.00,12,15.75,20.25,21.14,0.0,0.00,0.0,0.0,,0.0
130,22,1.00,12,13.90,19.53,20.36,0.0,0.00,0.0,0.0,,0.0
130,23,1.00,12,12.78,18.84,19.62,0.0,0.00,0.0,0.0,,0.0
130,24,1.00,12,11.70,18.16,18.88,0.0,0.00,0.0,0.0,,0.0
130,1,2.00,12,10.33,17.43,18.11,0.0,0.00,0.0,0.0,,0.0
130,2,2.00,12,9.26,16.72,17.36,0.0,0.00,0.0,0.0,,0.0
130,3,2.00,12,8.46,16.03,16.64,0.0,0.00,0.0,0.0,,0.0
130,4,2.00,12,7.64,15.36,15.93,0.0,0.00,0.0,0.0,,0.0
130,5,2.00,12,6.66,14.68,15.22,0.0,0.00,0.0,0.0,,0.0
130,6,2.00,12,5.98,14.04,14.55,0.0,0.00,0.0,0.0,,0.0
130,7,2.00,12,6.90,13.61,14.09,0.0,0.00,0.0,0.0,,0.0
130,8,2.00,12,9.13,14.06,21.43,6647.59,0.00,0.0,0.0,,6647.59
130,9,2.00,12,11.84,14.60,21.43,4063.43,0.00,0.0,0.0,,4063.43
130,10,2.00,12,14.72,15.34,21.43,3308.45,0.00,0.0,0.0,,3308.45
130,11,2.00,12,17.71,16.31,21.43,2446.8,0.00,0.0,0.0,,2446.8
130,12,2.00,12,20.54,17.49,21.43,1499.04,0.00,0.0,0.0,,1499.04
130,13,2.00,12,22.86,18.79,21.43,541.11,0.00,0.0,0.0,,541.11
130,14,2.00,12,24.91,20.16,21.84,0.0,0.00,0.0,0.0,,0.0
130,15,2.00,12,26.34,21.45,22.80,0.0,0.00,0.0,0.0,,0.0
130,16,2.00,12,27.34,22.58,23.77,0.0,0.00,0.0,0.0,,0.0
130,17,2.00,12,26.55,23.25,24.33,0.0,0.00,0.0,0.0,,0.0
130,18,2.00,12,25.08,23.53,24.52,0.0,0.00,0.0,0.0,,0.0
130,19,2.00,12,22.99,22.68,23.65,0.0,0.00,0.0,0.0,,0.0
130,20,2.00,12,20.13,22.05,22.97,0.0,0.00,0.0,0.0,,0.0
130,21,2.00,12,17.81,21.40,22.26,0.0,0.00,0.0,0.0,,0.0
130,22,2.00,12,16.15,20.73,21.54,0.0,0.00,0.0,0.0,,0.0
130,23,2.00,12,14.86,20.07,20.82,0.0,0.00,0.0,0.0,,0.0
130,24,2.00,12,13.68,19.39,20.10,0.0,0.00,0.0,0.0,,0.0
130,1,3.00,12,12.54,18.71,19.38,0.0,0.00,0.0,0.0,,0.0
130,2,3.00,12,11.62,18.05,18.67,0.0,0.00,0.0,0.0,,0.0
130,3,3.00,12,10.86,17.41,18.00,0.0,0.00,0.0,0.0,,0.0
130,4,3.00,12,10.22,16.80,17.36,0.0,0.00,0.0,0.0,,0.0
130,5,3.00,12,9.30,16.17,16.70,0.0,0.00,0.0,0.0,,0.0
130,6,3.00,12,8.60,15.57,16.07,0.0,0.00,0.0,0.0,,0.0
130,7,3.00,12,8.12,15.01,15.49,0.0,0.00,0.0,-0.0,,0.0
130,8,3.00,12,10.15,15.67,16.13,0.0,0.00,0.0,-0.0,,0.0
130,9,3.00,12,13.24,16.18,16.62,0.0,0.00,0.0,-0.0,,0.0
130,10,3.00,12,16.57,16.85,17.27,0.0,0.00,0.0,-0.0,,0.0
130,11,3.00,12,19.54,17.69,18.09,0.0,0.00,0.0,-0.0,,0.0
130,12,3.00,12,22.58,18.76,19.15,0.0,0.00,0.0,-0.0,,0.0
130,13,3.00,12,24.83,19.98,20.35,0.0,0.00,0.0,-0.0,,0.0
130,14,3.00,12,27.18,21.32,21.68,0.0,0.00,0.0,0.0,,0.0
130,15,3.00,12,28.32,22.57,22.91,0.0,0.00,0.0,0.0,,0.0
130,16,3.00,12,29.20,23.67,24.00,0.0,0.00,0.0,0.0,,0.0
130,17,3.00,12,28.55,24.42,24.74,0.0,0.00,0.0,0.0,,0.0
130,18,3.00,12,28.00,24.93,25.24,0.0,0.00,0.0,0.0,,0.0
130,19,3.00,12,25.89,24.21,24.52,0.0,0.00,0.0,0.0,,0.0
130,20,3.00,12,22.75,23.63,23.93,0.0,0.00,0.0,0.0,,0.0
130,21,3.00,12,20.39,23.02,23.30,0.0,0.00,0.0,0.0,,0.0
130,22,3.00,12,18.40,22.34,22.62,0.0,0.00,0.0,0.0,,0.0
130,23,3.00,12,16.95,21.66,21.94,0.0,0.00,0.0,0.0,,0.0
130,24,3.00,12,15.46,20.95,21.22,0.0,0.00,0.0,0.0,,0.0
130,1,4.00,12,14.16,20.23,20.49,0.0,0.00,0.0,0.0,,0.0
130,2,4.00,12,13.16,19.52,19.78,0.0,0.00,0.0,0.0,,0.0
130,3,4.00,12,12.29,18.84,19.09,0.0,0.00,0.0,0.0,,0.0
130,4,4.00,12,11.53,18.18,18.43,0.0,0.00,0.0,0.0,,0.0
130,5,4.00,12,10.61,17.52,17.76,0.0,0.00,0.0,0.0,,0.0
130,6,4.00,12,10.01,16.89,17.13,0.0,0.00,0.0,0.0,,0.0
130,7,4.00,12,9.55,16.31,16.55,0.0,0.00,0.0,-0.0,,0.0
130,8,4.00,12,11.67,16.96,17.19,0.0,0.00,0.0,-0.0,,0.0
130,9,4.00,12,14.69,17.46,17.69,0.0,0.00,0.0,-0.0,,0.0
130,10,4.00,12,17.93,18.10,18.32,0.0,0.00,0.0,-0.0,,0.0
130,11,4.00,12,21.37,18.98,19.20,0.0,0.00,0.0,-0.0,,0.0
130,12,4.00,12,24.78,20.12,20.33,0.0,0.00,0.0,-0.0,,0.0
130,13,4.00,12,27.15,21.38,21.60,0.0,0.00,0.0,-0.0,,0.0
130,14,4.00,12,29.25,22.73,22.94,0.0,0.00,0.0,-0.0,,0.0
130,15,4.00,12,30.31,23.99,24.20,0.0,0.00,0.0,0.0,,0.0
130,16,4.00,12,29.73,24.93,25.14,0.0,0.00,0.0,0.0,,0.0
130,17,4.00,12,28.70,25.54,25.75,0.0,0.00,0.0,0.0,,0.0
130,18,4.00,12,27.59,25.88,26.09,0.0,0.00,0.0,0.0,,0.0
130,19,4.00,12,25.60,25.06,25.26,0.0,0.00,0.0,0.0,,0.0
130,20,4.00,12,22.67,24.41,24.60,0.0,0.00,0.0,0.0,,0.0
130,21,4.00,12,20.38,23.72,23.92,0.0,0.00,0.0,0.0,,0.0
130,22,4.00,12,18.61,23.02,23.21,0.0,0.00,0.0,0.0,,0.0
130,23,4.00,12,17.50,22.34,22.53,0.0,0.00,0.0,0.0,,0.0
130,24,4.00,12,16.13,21.62,21.81,0.0,0.00,0.0,0.0,,0.0
130,1,5.00,12,14.94,20.91,21.10,0.0,0.00,0.0,0.0,,0.0
130,2,5.00,12,13.91,20.20,20.39,0.0,0.00,0.0,0.0,,0.0
130,3,5.00,12,12.90,19.50,19.68,0.0,0.00,0.0,0.0,,0.0
130,4,5.00,12,12.00,18.81,18.99,0.0,0.00,0.0,0.0,,0.0
130,5,5.00,12,11.09,18.13,18.31,0.0,0.00,0.0,0.0,,0.0
130,6,5.00,12,10.49,17.49,17.67,0.0,0.00,0.0,0.0,,0.0
130,7,5.00,12,11.24,17.04,17.22,0.0,0.00,0.0,-0.0,,0.0
130,8,5.00,12,13.15,17.47,21.43,3632.39,0.00,0.0,0.0,,3632.39
130,9,5.00,12,15.61,17.96,21.43,2029.86,0.00,0.0,0.0,,2029.86
130,10,5.00,12,18.12,18.60,21.43,1440.87,0.00,0.0,0.0,,1440.87
130,11,5.00,12,21.14,19.51,21.43,676.34,0.00,0.0,-206.21,,470.13
130,12,5.00,12,24.36,20.71,21.69,0.0,0.00,0.0,-414.38,,-414.38
130,13,5.00,12,26.96,22.05,22.75,0.0,0.00,0.0,-132.37,,-132.37
130,14,5.00,12,28.91,23.41,24.01,0.0,0.00,0.0,-70.04,,-70.04
130,15,5.00,12,30.08,24.66,25.20,0.0,0.00,0.0,0.0,,0.0
130,16,5.00,12,29.53,25.51,26.01,0.0,0.00,0.0,0.0,,0.0
130,17,5.00,12,28.48,26.00,26.43,-27.44,0.00,0.0,0.0,,-27.44
130,18,5.00,12,26.82,26.12,26.43,-107.07,0.00,0.0,0.0,,-107.07
130,19,5.00,12,24.76,25.19,25.58,0.0,0.00,0.0,0.0,,0.0
130,20,5.00,12,21.67,24.45,24.84,0.0,0.00,0.0,0.0,,0.0
130,21,5.00,12,19.00,23.65,24.03,0.0,0.00,0.0,0.0,,0.0
130,22,5.00,12,17.04,22.83,23.19,0.0,0.00,0.0,0.0,,0.0
130,23,5.00,12,15.87,22.05,22.40,0.0,0.00,0.0,0.0,,0.0
130,24,5.00,12,14.81,21.29,21.63,0.0,0.00,0.0,0.0,,0.0
130,1,6.00,12,13.85,20.55,20.87,0.0,0.00,0.0,0.0,,0.0
130,2,6.00,12,12.93,19.83,20.13,0.0,0.00,0.0,0.0,,0.0
130,3,6.00,12,12.04,19.12,19.41,0.0,0.00,0.0,0.0,,0.0
130,4,6.00,12,11.18,18.42,18.70,0.0,0.00,0.0,0.0,,0.0
130,5,6.00,12,10.24,17.72,17.99,0.0,0.00,0.0,0.0,,0.0
130,6,6.00,12,9.33,17.03,17.30,0.0,0.00,0.0,0.0,,0.0
130,7,6.00,12,8.50,16.36,16.62,0.0,0.00,0.0,0.0,,0.0
130,8,6.00,12,10.13,16.52,21.43,4489.01,0.00,0.0,0.0,,4489.01
130,9,6.00,12,12.94,16.89,21.43,2725.13,0.00,0.0,0.0,,2725.13
130,10,6.00,12,15.55,17.46,21.43,2154.23,0.00,0.0,0.0,,2154.23
130,11,6.00,12,18.69,18.31,21.43,1395.76,0.00,0.0,0.0,,1395.76
130,12,6.00,12,21.64,19.41,21.43,529.96,0.00,0.0,0.0,,529.96
130,13,6.00,12,23.90,20.62,21.78,0.0,0.00,0.0,0.0,,0.0
130,14,6.00,12,25.52,21.83,22.72,0.0,0.00,0.0,0.0,,0.0
130,15,6.00,12,26.88,23.00,23.78,0.0,0.00,0.0,0.0,,0.0
130,16,6.00,12,28.05,24.07,24.77,0.0,0.00,0.0,0.0,,0.0
130,17,6.00,12,27.30,24.67,25.32,0.0,0.00,0.0,0.0,,0.0
130,18,6.00,12,25.61,24.85,25.45,0.0,0.00,0.0,0.0,,0.0
130,19,6.00,12,24.32,24.06,24.65,0.0,0.00,0.0,0.0,,0.0
130,20,6.00,12,21.61,23.45,24.01,0.0,0.00,0.0,0.0,,0.0
130,21,6.00,12,19.17,22.79,23.31,0.0,0.00,0.0,0.0,,0.0
130,22,6.00,12,17.56,22.12,22.61,0.0,0.00,0.0,0.0,,0.0
130,23,6.00,12,16.78,21.50,21.97,0.0,0.00,0.0,0.0,,0.0
130,24,6.00,12,15.61,20.86,21.30,0.0,0.00,0.0,0.0,,0.0
130,1,7.00,12,14.31,20.18,20.60,0.0,0.00,0.0,0.0,,0.0
130,2,7.00,12,13.40,19.53,19.92,0.0,0.00,0.0,0.0,,0.0
130,3,7.00,12,12.47,18.88,19.25,0.0,0.00,0.0,0.0,,0.0
130,4,7.00,12,11.52,18.22,18.58,0.0,0.00,0.0,0.0,,0.0
130,5,7.00,12,10.60,17.57,17.91,0.0,0.00,0.0,0.0,,0.0
130,6,7.00,12,9.92,16.95,17.28,0.0,0.00,0.0,0.0,,0.0
130,7,7.00,12,10.78,16.53,16.85,0.0,0.00,0.0,-0.0,,0.0
130,8,7.00,12,12.26,16.92,21.43,4047.54,0.00,0.0,0.0,,4047.54
130,9,7.00,12,14.49,17.35,21.43,2375.69,0.00,0.0,0.0,,2375.69
130,10,7.00,12,17.24,18.01,21.43,1749.08,0.00,0.0,0.0,,1749.08
130,11,7.00,12,19.81,18.85,21.43,1050.14,0.00,0.0,0.0,,1050.14
130,12,7.00,12,22.18,19.87,21.43,268.02,0.00,0.0,0.0,,268.02
130,13,7.00,12,24.07,21.00,21.99,0.0,0.00,0.0,0.0,,0.0
130,14,7.00,12,25.97,22.22,23.02,0.0,0.00,0.0,0.0,,0.0
130,15,7.00,12,27.20,23.37,24.07,0.0,0.00,0.0,0.0,,0.0
130,16,7.00,12,28.13,24.38,25.02,0.0,0.00,0.0,0.0,,0.0
130,17,7.00,12,27.51,24.97,25.57,0.0,0.00,0.0,0.0,,0.0
130,18,7.00,12,26.20,25.20,25.75,0.0,0.00,0.0,0.0,,0.0
130,19,7.00,12,24.69,24.39,24.93,0.0,0.00,0.0,0.0,,0.0
130,20,7.00,12,22.00,23.78,24.30,0.0,0.00,0.0,0.0,,0.0
130,21,7.00,12,19.73,23.13,23.62,0.0,0.00,0.0,0.0,,0.0
130,22,7.00,12,18.15,22.48,22.94,0.0,0.00,0.0,0.0,,0.0
130,23,7.00,12,17.05,21.83,22.27,0.0,0.00,0.0,0.0,,0.0
130,24,7.00,12,15.97,21.19,21.60,0.0,0.00,0.0,0.0,,0.0
130,1,1.00,12,14.97,20.54,20.93,0.0,0.00,0.0,0.0,,0.0
130,2,1.00,12,14.05,19.90,20.28,0.0,0.00,0.0,0.0,,0.0
130,3,1.00,12,13.09,19.26,19.62,0.0,0.00,0.0,0.0,,0.0
130,4,1.00,12,12.20,18.62,18.96,0.0,0.00,0.0,0.0,,0.0
130,5,1.00,12,11.22,17.98,18.30,0.0,0.00,0.0,0.0,,0.0
130,6,1.00,12,10.20,17.32,17.63,0.0,0.00,0.0,0.0,,0.0
130,7,1.00,12,10.96,16.88,17.18,0.0,0.00,0.0,-0.0,,0.0
130,8,1.00,12,12.63,17.27,21.43,3725.8,0.00,0.0,0.0,,3725.8
130,9,1.00,12,15.11,17.74,21.43,2117.16,0.00,0.0,0.0,,2117.16
130,10,1.00,12,18.33,18.49,21.43,1423.25,0.00,0.0,0.0,,1423.25
130,11,1.00,12,21.06,19.40,21.43,689.39,0.00,0.0,0.0,,689.39
130,12,1.00,12,23.79,20.53,21.60,0.0,0.00,0.0,-54.23,,-54.23
130,13,1.00,12,25.86,21.76,22.54,0.0,0.00,0.0,0.0,,0.0
130,14,1.00,12,27.81,23.07,23.73,0.0,0.00,0.0,0.0,,0.0
130,15,1.00,12,28.86,24.25,24.85,0.0,0.00,0.0,0.0,,0.0
130,16,1.00,12,28.34,25.05,25.61,0.0,0.00,0.0,0.0,,0.0
130,17,1.00,12,27.39,25.52,26.04,0.0,0.00,0.0,0.0,,0.0
130,18,1.00,12,25.91,25.64,26.13,0.0,0.00,0.0,0.0,,0.0
130,19,1.00,12,24.47,24.80,25.28,0.0,0.00,0.0,0.0,,0.0
130,20,1.00,12,21.95,24.17,24.62,0.0,0.00,0.0,0.0,,0.0
130,21,1.00,12,19.99,23.52,23.95,0.0,0.00,0.0,0.0,,0.0
130,22,1.00,12,18.63,22.88,23.29,0.0,0.00,0.0,0.0,,0.0
130,23,1.00,12,17.56,22.24,22.63,0.0,0.00,0.0,0.0,,0.0
130,24,1.00,12,16.32,21.58,21.95,0.0,0.00,0.0,0.0,,0.0
130,1,2.00,12,15.35,20.93,21.28,0.0,0.00,0.0,0.0,,0.0
130,2,2.00,12,14.43,20.28,20.62,0.0,0.00,0.0,0.0,,0.0
130,3,2.00,12,13.52,19.64,19.96,0.0,0.00,0.0,0.0,,0.0
130,4,2.00,12,12.64,19.00,19.31,0.0,0.00,0.0,0.0,,0.0
130,5,2.00,12,11.37,18.32,18.62,0.0,0.00,0.0,0.0,,0.0
130,6,2.00,12,10.45,17.66,17.95,0.0,0.00,0.0,0.0,,0.0
130,7,2.00,12,9.84,17.04,17.32,0.0,0.00,0.0,-0.0,,0.0
130,8,2.00,12,11.82,17.32,21.43,3698.82,0.00,0.0,0.0,,3698.82
130,9,2.00,12,15.29,17.88,21.43,2013.77,0.00,0.0,0.0,,2013.77
130,10,2.00,12,18.86,18.70,21.43,1272.66,0.00,0.0,0.0,,1272.66
130,11,2.00,12,21.58,19.65,21.43,534.11,0.00,0.0,0.0,,534.11
130,12,2.00,12,24.33,20.80,21.78,0.0,0.00,0.0,0.0,,0.0
130,13,2.00,12,26.80,22.12,22.84,0.0,0.00,0.0,0.0,,0.0
130,14,2.00,12,29.01,23.52,24.14,0.0,0.00,0.0,0.0,,0.0
130,15,2.00,12,30.36,24.81,25.37,0.0,0.00,0.0,0.0,,0.0
130,16,2.00,12,31.53,25.97,26.43,-54.22,0.00,0.0,0.0,,-54.22
130,17,2.00,12,30.75,26.65,26.43,-660.07,0.00,0.0,0.0,,-660.07
130,18,2.00,12,29.91,27.05,26.43,-810.79,0.00,0.0,0.0,,-810.79
130,19,2.00,12,27.95,26.21,26.26,0.0,0.00,0.0,0.0,,0.0
130,20,2.00,12,25.24,25.63,25.87,0.0,0.00,0.0,0.0,,0.0
130,21,2.00,12,23.12,25.06,25.34,0.0,0.00,0.0,0.0,,0.0
130,22,2.00,12,21.51,24.46,24.74,0.0,0.00,0.0,0.0,,0.0
130,23,2.00,12,19.89,23.81,24.09,0.0,0.00,0.0,0.0,,0.0
130,24,2.00,12,18.20,23.10,23.37,0.0,0.00,0.0,0.0,,0.0
130,1,3.00,12,16.86,22.39,22.65,0.0,0.00,0.0,0.0,,0.0
130,2,3.00,12,15.43,21.65,21.90,0.0,0.00,0.0,0.0,,0.0
130,3,3.00,12,14.13,20.89,21.14,0.0,0.00,0.0,0.0,,0.0
130,4,3.00,12,13.06,20.15,20.39,0.0,0.00,0.0,0.0,,0.0
130,5,3.00,12,12.02,19.42,19.65,0.0,0.00,0.0,0.0,,0.0
130,6,3.00,12,11.02,18.69,18.91,0.0,0.00,0.0,0.0,,0.0
130,7,3.00,12,11.67,18.16,18.38,0.0,0.00,0.0,0.0,,0.0
130,8,3.00,12,13.37,18.77,18.99,0.0,0.00,0.0,-0.0,,0.0
130,9,3.00,12,16.16,19.22,19.43,0.0,0.00,0.0,-0.0,,0.0
130,10,3.00,12,19.21,19.79,20.00,0.0,0.00,0.0,-0.0,,0.0
130,11,3.00,12,21.70,20.51,20.71,0.0,0.00,0.0,-0.0,,0.0
130,12,3.00,12,24.35,21.45,21.65,0.0,0.00,0.0,-0.0,,0.0
130,13,3.00,12,26.53,22.56,22.75,0.0,0.00,0.0,-0.0,,0.0
130,14,3.00,12,28.36,23.74,23.93,0.0,0.00,0.0,0.0,,0.0
130,15,3.00,12,29.28,24.84,25.03,0.0,0.00,0.0,0.0,,0.0
130,16,3.00,12,29.93,25.80,25.98,0.0,0.00,0.0,0.0,,0.0
130,17,3.00,12,28.86,26.38,26.56,0.0,0.00,0.0,0.0,,0.0
130,18,3.00,12,27.99,26.71,26.89,0.0,0.00,0.0,0.0,,0.0
130,19,3.00,12,25.72,25.83,26.01,0.0,0.00,0.0,0.0,,0.0
130,20,3.00,12,23.69,25.25,25.42,0.0,0.00,0.0,0.0,,0.0
130,21,3.00,12,21.54,24.62,24.79,0.0,0.00,0.0,0.0,,0.0
130,22,3.00,12,19.67,23.93,24.10,0.0,0.00,0.0,0.0,,0.0
130,23,3.00,12,18.50,23.26,23.43,0.0,0.00,0.0,0.0,,0.0
130,24,3.00,12,17.35,22.58,22.75,0.0,0.00,0.0,0.0,,0.0
130,1,4.00,12,16.18,21.90,22.06,0.0,0.00,0.0,0.0,,0.0
130,2,4.00,12,15.14,21.21,21.38,0.0,0.00,0.0,0.0,,0.0
130,3,4.00,12,14.03,20.52,20.68,0.0,0.00,0.0,0.0,,0.0
130,4,4.00,12,13.07,19.83,19.99,0.0,0.00,0.0,0.0,,0.0
130,5,4.00,12,12.37,19.18,19.34,0.0,0.00,0.0,0.0,,0.0
130,6,4.00,12,11.85,18.57,18.72,0.0,0.00,0.0,0.0,,0.0
130,7,4.00,12,11.35,17.99,18.15,0.0,0.00,0.0,-0.0,,0.0
130,8,4.00,12,13.11,18.60,18.75,0.0,0.00,0.0,-0.0,,0.0
130,9,4.00,12,15.97,19.05,19.21,0.0,0.00,0.0,-0.0,,0.0
130,10,4.00,12,18.56,19.58,19.74,0.0,0.00,0.0,-0.0,,0.0
130,11,4.00,12,21.06,20.28,20.43,0.0,0.00,0.0,-0.0,,0.0
130,12,4.00,12,23.31,21.15,21.30,0.0,0.00,0.0,-0.0,,0.0
130,13,4.00,12,25.27,22.18,22.33,0.0,0.00,0.0,-0.0,,0.0
130,14,4.00,12,27.40,23.35,23.50,0.0,0.00,0.0,-0.0,,0.0
130,15,4.00,12,28.09,24.40,24.54,0.0,0.00,0.0,0.0,,0.0
130,16,4.00,12,28.90,25.33,25.48,0.0,0.00,0.0,0.0,,0.0
130,17,4.00,12,28.22,25.94,26.08,0.0,0.00,0.0,0.0,,0.0
130,18,4.00,12,27.91,26.34,26.48,0.0,0.00,0.0,0.0,,0.0
130,19,4.00,12,25.68,25.51,25.65,0.0,0.00,0.0,0.0,,0.0
130,20,4.00,12,23.45,24.94,25.08,0.0,0.00,0.0,0.0,,0.0
130,21,4.00,12,21.05,24.29,24.43,0.0,0.00,0.0,0.0,,0.0
130,22,4.00,12,19.37,23.63,23.77,0.0,0.00,0.0,0.0,,0.0
130,23,4.00,12,18.32,22.98,23.12,0.0,0.00,0.0,0.0,,0.0
130,24,4.00,12,17.18,22.33,22.47,0.0,0.00,0.0,0.0,,0.0
130,1,5.00,12,16.48,21.72,21.85,0.0,0.00,0.0,0.0,,0.0
130,2,5.00,12,15.49,21.08,21.22,0.0,0.00,0.0,0.0,,0.0
130,3,5.00,12,14.69,20.47,20.61,0.0,0.00,0.0,0.0,,0.0
130,4,5.00,12,14.07,19.88,20.02,0.0,0.00,0.0,-0.0,,0.0
130,5,5.00,12,13.41,19.31,19.45,0.0,0.00,0.0,-0.0,,0.0
130,6,5.00,12,12.68,18.74,18.87,0.0,0.00,0.0,-0.0,,0.0
130,7,5.00,12,12.28,18.22,18.36,0.0,0.00,0.0,-0.0,,0.0
130,8,5.00,12,14.17,18.62,21.43,2570.53,0.00,0.0,0.0,,2570.53
130,9,5.00,12,17.32,19.20,21.43,1208.23,0.00,0.0,-67.8,,1140.43
130,10,5.00,12,19.81,19.89,21.43,644.28,0.00,0.0,-423.66,,220.61999999999995
130,11,5.00,12,22.54,20.78,21.49,0.0,0.00,0.0,-722.63,,-722.63
130,12,5.00,12,24.99,21.85,22.33,0.0,0.00,0.0,-489.04,,-489.04
130,13,5.00,12,27.03,23.05,23.44,0.0,0.00,0.0,0.0,,0.0
130,14,5.00,12,28.58,24.26,24.62,0.0,0.00,0.0,0.0,,0.0
130,15,5.00,12,29.58,25.38,25.71,0.0,0.00,0.0,0.0,,0.0
130,16,5.00,12,30.55,26.39,26.43,-251.34,0.00,0.0,0.0,,-251.34
130,17,5.00,12,29.88,26.98,26.43,-720.23,0.00,0.0,0.0,,-720.23
130,18,5.00,12,28.74,27.24,26.43,-771.73,0.00,0.0,0.0,,-771.73
130,19,5.00,12,27.19,26.41,26.27,0.0,0.00,0.0,0.0,,0.0
130,20,5.00,12,24.67,25.82,25.87,0.0,0.00,0.0,0.0,,0.0
130,21,5.00,12,22.55,25.20,25.31,0.0,0.00,0.0,0.0,,0.0
130,22,5.00,12,21.00,24.57,24.70,0.0,0.00,0.0,0.0,,0.0
130,23,5.00,12,19.80,23.94,24.07,0.0,0.00,0.0,0.0,,0.0
130,24,5.00,12,18.66,23.30,23.44,0.0,0.00,0.0,0.0,,0.0
130,1,6.00,12,17.91,22.70,22.83,0.0,0.00,0.0,0.0,,0.0
130,2,6.00,12,17.12,22.10,22.23,0.0,0.00,0.0,-0.0,,0.0
130,3,6.00,12,16.49,21.53,21.66,0.0,0.00,0.0,-0.0,,0.0
130,4,6.00,12,15.63,20.95,21.08,0.0,0.00,0.0,-0.0,,0.0
130,5,6.00,12,14.75,20.36,20.49,0.0,0.00,0.0,-0.0,,0.0
130,6,6.00,12,13.86,19.76,19.89,0.0,0.00,0.0,-0.0,,0.0
130,7,6.00,12,13.00,19.18,19.31,0.0,0.00,0.0,-0.0,,0.0
130,8,6.00,12,14.83,19.52,21.43,1717.78,0.00,0.0,0.0,,1717.78
130,9,6.00,12,17.37,19.96,21.43,759.03,0.00,0.0,0.0,,759.03
130,10,6.00,12,19.30,20.46,21.43,348.36,0.00,0.0,-152.52,,195.84
130,11,6.00,12,21.85,21.22,21.70,0.0,0.00,0.0,-411.69,,-411.69
130,12,6.00,12,24.15,22.17,22.50,0.0,0.00,0.0,-304.63,,-304.63
130,13,6.00,12,25.96,23.23,23.51,0.0,0.00,0.0,0.0,,0.0
130,14,6.00,12,27.42,24.32,24.59,0.0,0.00,0.0,-69.77,,-69.77
130,15,6.00,12,28.13,25.30,25.55,0.0,0.00,0.0,0.0,,0.0
130,16,6.00,12,27.96,26.02,26.25,0.0,0.00,0.0,0.0,,0.0
130,17,6.00,12,27.34,26.43,26.43,-214.63,0.00,0.0,0.0,,-214.63
130,18,6.00,12,26.29,26.57,26.43,-262.74,0.00,0.0,0.0,,-262.74
130,19,6.00,12,25.03,25.74,25.83,0.0,0.00,0.0,0.0,,0.0
130,20,6.00,12,22.90,25.14,25.28,0.0,0.00,0.0,0.0,,0.0
130,21,6.00,12,20.97,24.50,24.66,0.0,0.00,0.0,0.0,,0.0
130,22,6.00,12,19.31,23.83,23.99,0.0,0.00,0.0,0.0,,0.0
130,23,6.00,12,18.23,23.17,23.33,0.0,0.00,0.0,0.0,,0.0
130,24,6.00,12,17.44,22.55,22.70,0.0,0.00,0.0,0.0,,0.0
130,1,7.00,12,16.63,21.93,22.09,0.0,0.00,0.0,-0.0,,0.0
130,2,7.00,12,16.44,21.40,21.55,0.0,0.00,0.0,-0.0,,0.0
130,3,7.00,12,16.30,20.92,21.07,0.0,0.00,0.0,-0.0,,0.0
130,4,7.00,12,15.90,20.45,20.59,0.0,0.00,0.0,-0.0,,0.0
130,5,7.00,12,15.53,20.00,20.15,0.0,0.00,0.0,-0.0,,0.0
130,6,7.00,12,14.96,19.55,19.69,0.0,0.00,0.0,-0.0,,0.0
130,7,7.00,12,14.53,19.13,19.27,0.0,0.00,0.0,-0.0,,0.0
130,8,7.00,12,14.88,19.42,21.43,1800.7,0.00,0.0,0.0,,1800.7
130,9,7.00,12,16.08,19.65,21.43,1018.71,0.00,0.0,0.0,,1018.71
130,10,7.00,12,16.86,19.88,21.43,812.8,0.00,0.0,0.0,,812.8
130,11,7.00,12,18.78,20.37,21.43,363.26,0.00,0.0,-259.06,,104.19999999999999
130,12,7.00,12,20.48,21.05,21.60,0.0,0.00,0.0,-201.62,,-201.62
130,13,7.00,12,21.67,21.82,22.22,0.0,0.00,0.0,0.0,,0.0
130,14,7.00,12,21.93,22.51,22.86,0.0,0.00,0.0,0.0,,0.0
130,15,7.00,12,22.28,23.16,23.48,0.0,0.00,0.0,0.0,,0.0
130,16,7.00,12,21.94,23.60,23.89,0.0,0.00,0.0,0.0,,0.0
130,17,7.00,12,21.04,23.75,24.02,0.0,0.00,0.0,0.0,,0.0
130,18,7.00,12,19.31,23.54,23.80,0.0,0.00,0.0,0.0,,0.0
130,19,7.00,12,17.79,22.64,22.90,0.0,0.00,0.0,0.0,,0.0
130,20,7.00,12,15.70,21.87,22.11,0.0,0.00,0.0,0.0,,0.0
130,21,7.00,12,14.13,21.09,21.33,0.0,0.00,0.0,0.0,,0.0
130,22,7.00,12,13.36,20.38,20.60,0.0,0.00,0.0,0.0,,0.0
130,23,7.00,12,12.55,19.68,19.90,0.0,0.00,0.0,0.0,,0.0
130,24,7.00,12,11.44,18.96,19.17,0.0,0.00,0.0,0.0,,0.0
130,1,1.00,12,11.58,18.38,18.58,0.0,0.00,0.0,0.0,,0.0
130,2,1.00,12,12.15,17.94,18.13,0.0,0.00,0.0,0.0,,0.0
130,3,1.00,12,11.97,17.50,17.68,0.0,0.00,0.0,0.0,,0.0
130,4,1.00,12,11.77,17.08,17.26,0.0,0.00,0.0,-0.0,,0.0
130,5,1.00,12,11.76,16.72,16.89,0.0,0.00,0.0,-0.0,,0.0
130,6,1.00,12,11.32,16.34,16.51,0.0,0.00,0.0,-0.0,,0.0
130,7,1.00,12,11.57,16.05,16.22,0.0,0.00,0.0,-0.0,,0.0
130,8,1.00,12,12.77,16.58,21.43,4499.32,0.00,0.0,0.0,,4499.32
130,9,1.00,12,15.00,17.13,21.43,2569.87,0.00,0.0,0.0,,2569.87
130,10,1.00,12,16.73,17.71,21.43,2032.02,0.00,0.0,0.0,,2032.02
130,11,1.00,12,19.19,18.52,21.43,1316.02,0.00,0.0,0.0,,1316.02
130,12,1.00,12,21.45,19.53,21.43,530.0,0.00,0.0,-62.65,,467.35
130,13,1.00,12,23.26,20.64,21.71,0.0,0.00,0.0,-97.64,,-97.64
130,14,1.00,12,24.42,21.74,22.54,0.0,0.00,0.0,0.0,,0.0
130,15,1.00,12,25.57,22.81,23.50,0.0,0.00,0.0,0.0,,0.0
130,16,1.00,12,26.23,23.71,24.34,0.0,0.00,0.0,0.0,,0.0
130,17,1.00,12,25.40,24.21,24.79,0.0,0.00,0.0,0.0,,0.0
130,18,1.00,12,23.72,24.31,24.84,0.0,0.00,0.0,0.0,,0.0
130,19,1.00,12,22.58,23.53,24.05,0.0,0.00,0.0,0.0,,0.0
130,20,1.00,12,20.23,22.94,23.42,0.0,0.00,0.0,0.0,,0.0
130,21,1.00,12,17.82,22.26,22.72,0.0,0.00,0.0,0.0,,0.0
130,22,1.00,12,16.42,21.60,22.03,0.0,0.00,0.0,0.0,,0.0
130,23,1.00,12,15.50,20.97,21.37,0.0,0.00,0.0,0.0,,0.0
130,24,1.00,12,14.58,20.34,20.72,0.0,0.00,0.0,0.0,,0.0
130,1,2.00,12,13.59,19.70,20.06,0.0,0.00,0.0,0.0,,0.0
130,2,2.00,12,12.78,19.09,19.42,0.0,0.00,0.0,0.0,,0.0
130,3,2.00,12,11.99,18.48,18.80,0.0,0.00,0.0,0.0,,0.0
130,4,2.00,12,11.38,17.90,18.20,0.0,0.00,0.0,0.0,,0.0
130,5,2.00,12,10.58,17.31,17.60,0.0,0.00,0.0,0.0,,0.0
130,6,2.00,12,9.69,16.72,16.99,0.0,0.00,0.0,0.0,,0.0
130,7,2.00,12,9.17,16.17,16.43,0.0,0.00,0.0,0.0,,0.0
130,8,2.00,12,10.79,16.45,21.43,4544.52,0.00,0.0,0.0,,4544.52
130,9,2.00,12,12.90,16.81,21.43,2788.95,0.00,0.0,0.0,,2788.95
130,10,2.00,12,14.78,17.27,21.43,2308.66,0.00,0.0,0.0,,2308.66
130,11,2.00,12,17.15,17.96,21.43,1673.04,0.00,0.0,0.0,,1673.04
130,12,2.00,12,19.37,18.86,21.43,947.94,0.00,0.0,0.0,,947.94
130,13,2.00,12,21.35,19.90,21.43,169.17,0.00,0.0,0.0,,169.17
130,14,2.00,12,22.90,20.99,22.02,0.0,0.00,0.0,0.0,,0.0
130,15,2.00,12,24.21,22.05,22.91,0.0,0.00,0.0,0.0,,0.0
130,16,2.00,12,24.98,22.96,23.71,0.0,0.00,0.0,0.0,,0.0
130,17,2.00,12,24.21,23.45,24.14,0.0,0.00,0.0,0.0,,0.0
130,18,2.00,12,22.91,23.60,24.23,0.0,0.00,0.0,0.0,,0.0
130,19,2.00,12,21.38,22.80,23.41,0.0,0.00,0.0,0.0,,0.0
130,20,2.00,12,19.34,22.23,22.81,0.0,0.00,0.0,0.0,,0.0
130,21,2.00,12,17.17,21.59,22.13,0.0,0.00,0.0,0.0,,0.0
130,22,2.00,12,15.55,20.92,21.43,0.0,0.00,0.0,0.0,,0.0
130,23,2.00,12,14.31,20.25,20.73,0.0,0.00,0.0,0.0,,0.0
130,24,2.00,12,13.28,19.59,20.04,0.0,0.00,0.0,0.0,,0.0
130,1,3.00,12,12.21,18.93,19.35,0.0,0.00,0.0,0.0,,0.0
130,2,3.00,12,11.32,18.27,18.67,0.0,0.00,0.0,0.0,,0.0
130,3,3.00,12,10.50,17.63,18.01,0.0,0.00,0.0,0.0,,0.0
130,4,3.00,12,9.93,17.03,17.39,0.0,0.00,0.0,0.0,,0.0
130,5,3.00,12,9.22,16.43,16.77,0.0,0.00,0.0,0.0,,0.0
130,6,3.00,12,8.08,15.80,16.12,0.0,0.00,0.0,0.0,,0.0
130,7,3.00,12,8.98,15.39,15.69,0.0,0.00,0.0,-0.0,,0.0
130,8,3.00,12,10.01,16.01,16.30,0.0,0.00,0.0,-0.0,,0.0
130,9,3.00,12,12.43,16.44,16.72,0.0,0.00,0.0,-0.0,,0.0
130,10,3.00,12,15.32,17.01,17.27,0.0,0.00,0.0,-0.0,,0.0
130,11,3.00,12,17.88,17.73,17.98,0.0,0.00,0.0,-0.0,,0.0
130,12,3.00,12,20.82,18.71,18.95,0.0,0.00,0.0,-0.0,,0.0
130,13,3.00,12,23.32,19.87,20.11,0.0,0.00,0.0,-0.0,,0.0
130,14,3.00,12,25.27,21.11,21.34,0.0,0.00,0.0,0.0,,0.0
130,15,3.00,12,26.75,22.32,22.54,0.0,0.00,0.0,0.0,,0.0
130,16,3.00,12,27.81,23.40,23.62,0.0,0.00,0.0,0.0,,0.0
130,17,3.00,12,27.13,24.12,24.33,0.0,0.00,0.0,0.0,,0.0
130,18,3.00,12,26.15,24.55,24.75,0.0,0.00,0.0,0.0,,0.0
130,19,3.00,12,24.78,23.87,24.06,0.0,0.00,0.0,0.0,,0.0
130,20,3.00,12,22.23,23.36,23.55,0.0,0.00,0.0,0.0,,0.0
130,21,3.00,12,20.06,22.80,22.99,0.0,0.00,0.0,0.0,,0.0
130,22,3.00,12,18.20,22.19,22.37,0.0,0.00,0.0,0.0,,0.0
130,23,3.00,12,17.07,21.59,21.77,0.0,0.00,0.0,0.0,,0.0
130,24,3.00,12,15.83,20.97,21.14,0.0,0.00,0.0,0.0,,0.0
130,1,4.00,12,14.65,20.33,20.50,0.0,0.00,0.0,0.0,,0.0
130,2,4.00,12,13.47,19.68,19.84,0.0,0.00,0.0,0.0,,0.0
130,3,4.00,12,12.13,18.98,19.14,0.0,0.00,0.0,0.0,,0.0
130,4,4.00,12,11.24,18.32,18.48,0.0,0.00,0.0,0.0,,0.0
130,5,4.00,12,10.22,17.65,17.80,0.0,0.00,0.0,0.0,,0.0
130,6,4.00,12,9.38,16.99,17.14,0.0,0.00,0.0,0.0,,0.0
130,7,4.00,12,10.43,16.57,16.72,0.0,0.00,0.0,-0.0,,0.0
130,8,4.00,12,12.11,17.26,17.41,0.0,0.00,0.0,-0.0,,0.0
130,9,4.00,12,15.29,17.81,17.96,0.0,0.00,0.0,-0.0,,0.0
130,10,4.00,12,18.20,18.46,18.61,0.0,0.00,0.0,-0.0,,0.0
130,11,4.00,12,21.14,19.30,19.44,0.0,0.00,0.0,-0.0,,0.0
130,12,4.00,12,24.27,20.39,20.53,0.0,0.00,0.0,-0.0,,0.0
130,13,4.00,12,26.83,21.65,21.79,0.0,0.00,0.0,-0.0,,0.0
130,14,4.00,12,28.43,22.93,23.06,0.0,0.00,0.0,0.0,,0.0
130,15,4.00,12,29.94,24.19,24.32,0.0,0.00,0.0,0.0,,0.0
130,16,4.00,12,29.43,25.13,25.26,0.0,0.00,0.0,0.0,,0.0
130,17,4.00,12,28.39,25.74,25.87,0.0,0.00,0.0,0.0,,0.0
130,18,4.00,12,26.51,25.98,26.12,0.0,0.00,0.0,0.0,,0.0
130,19,4.00,12,24.94,25.15,25.28,0.0,0.00,0.0,0.0,,0.0
130,20,4.00,12,22.33,24.52,24.65,0.0,0.00,0.0,0.0,,0.0
130,21,4.00,12,20.11,23.85,23.98,0.0,0.00,0.0,0.0,,0.0
130,22,4.00,12,18.69,23.19,23.32,0.0,0.00,0.0,0.0,,0.0
130,23,4.00,12,17.82,22.57,22.69,0.0,0.00,0.0,0.0,,0.0
130,24,4.00,12,16.69,21.92,22.05,0.0,0.00,0.0,0.0,,0.0
130,1,5.00,12,15.84,21.30,21.42,0.0,0.00,0.0,0.0,,0.0
130,2,5.00,12,14.88,20.67,20.79,0.0,0.00,0.0,0.0,,0.0
130,3,5.00,12,13.81,20.02,20.14,0.0,0.00,0.0,0.0,,0.0
130,4,5.00,12,12.43,19.33,19.45,0.0,0.00,0.0,0.0,,0.0
130,5,5.00,12,11.00,18.60,18.72,0.0,0.00,0.0,0.0,,0.0
130,6,5.00,12,10.02,17.89,18.01,0.0,0.00,0.0,0.0,,0.0
130,7,5.00,12,9.50,17.24,17.36,0.0,0.00,0.0,0.0,,0.0
130,8,5.00,12,10.90,17.38,21.43,3779.96,0.00,0.0,0.0,,3779.96
130,9,5.00,12,13.76,17.76,21.43,2227.91,0.00,0.0,0.0,,2227.91
130,10,5.00,12,15.58,18.19,21.43,1803.26,0.00,0.0,0.0,,1803.26
130,11,5.00,12,18.61,18.97,21.43,1098.19,0.00,0.0,0.0,,1098.19
130,12,5.00,12,21.43,19.99,21.43,290.42,0.00,0.0,0.0,,290.42
130,13,5.00,12,23.57,21.12,21.98,0.0,0.00,0.0,0.0,,0.0
130,14,5.00,12,24.37,22.15,22.81,0.0,0.00,0.0,0.0,,0.0
130,15,5.00,12,25.40,23.16,23.73,0.0,0.00,0.0,0.0,,0.0
130,16,5.00,12,25.12,23.86,24.38,0.0,0.00,0.0,0.0,,0.0
130,17,5.00,12,23.67,24.14,24.62,0.0,0.00,0.0,0.0,,0.0
130,18,5.00,12,21.72,24.06,24.50,0.0,0.00,0.0,0.0,,0.0
130,19,5.00,12,20.38,23.21,23.64,0.0,0.00,0.0,0.0,,0.0
130,20,5.00,12,18.95,22.61,23.02,0.0,0.00,0.0,0.0,,0.0
130,21,5.00,12,17.76,22.04,22.43,0.0,0.00,0.0,0.0,,0.0
130,22,5.00,12,16.96,21.49,21.85,0.0,0.00,0.0,0.0,,0.0
130,23,5.00,12,15.34,20.84,21.18,0.0,0.00,0.0,0.0,,0.0
130,24,5.00,12,14.55,20.23,20.55,0.0,0.00,0.0,0.0,,0.0
130,1,6.00,12,14.23,19.69,20.00,0.0,0.00,0.0,0.0,,0.0
130,2,6.00,12,13.96,19.20,19.48,0.0,0.00,0.0,0.0,,0.0
130,3,6.00,12,13.20,18.68,18.95,0.0,0.00,0.0,0.0,,0.0
130,4,6.00,12,12.42,18.15,18.41,0.0,0.00,0.0,0.0,,0.0
130,5,6.00,12,12.42,17.72,17.96,0.0,0.00,0.0,0.0,,0.0
130,6,6.00,12,12.26,17.31,17.55,0.0,0.00,0.0,-0.0,,0.0
130,7,6.00,12,11.68,16.90,17.12,0.0,0.00,0.0,-0.0,,0.0
130,8,6.00,12,11.72,17.12,21.43,3936.01,0.00,0.0,0.0,,3936.01
130,9,6.00,12,12.85,17.31,21.43,2526.15,0.00,0.0,0.0,,2526.15
130,10,6.00,12,14.79,17.71,21.43,2078.26,0.00,0.0,0.0,,2078.26
130,11,6.00,12,16.78,18.29,21.43,1538.69,0.00,0.0,0.0,,1538.69
130,12,6.00,12,18.99,19.11,21.43,857.53,0.00,0.0,0.0,,857.53
130,13,6.00,12,20.67,20.05,21.43,162.01,0.00,0.0,0.0,,162.01
130,14,6.00,12,21.02,20.87,21.80,0.0,0.00,0.0,0.0,,0.0
130,15,6.00,12,21.91,21.71,22.47,0.0,0.00,0.0,0.0,,0.0
130,16,6.00,12,22.09,22.36,23.03,0.0,0.00,0.0,0.0,,0.0
130,17,6.00,12,21.59,22.71,23.33,0.0,0.00,0.0,0.0,,0.0
130,18,6.00,12,20.13,22.71,23.28,0.0,0.00,0.0,0.0,,0.0
130,19,6.00,12,19.22,21.95,22.50,0.0,0.00,0.0,0.0,,0.0
130,20,6.00,12,17.60,21.39,21.91,0.0,0.00,0.0,0.0,,0.0
130,21,6.00,12,15.78,20.76,21.25,0.0,0.00,0.0,0.0,,0.0
130,22,6.00,12,14.78,20.16,20.62,0.0,0.00,0.0,0.0,,0.0
130,23,6.00,12,14.31,19.62,20.05,0.0,0.00,0.0,0.0,,0.0
130,24,6.00,12,13.88,19.11,19.51,0.0,0.00,0.0,0.0,,0.0
130,1,7.00,12,13.71,18.65,19.03,0.0,0.00,0.0,0.0,,0.0
130,2,7.00,12,13.41,18.22,18.58,0.0,0.00,0.0,0.0,,0.0
130,3,7.00,12,13.17,17.82,18.16,0.0,0.00,0.0,0.0,,0.0
130,4,7.00,12,12.96,17.45,17.77,0.0,0.00,0.0,0.0,,0.0
130,5,7.00,12,12.70,17.09,17.40,0.0,0.00,0.0,0.0,,0.0
130,6,7.00,12,12.50,16.76,17.05,0.0,0.00,0.0,-0.0,,0.0
130,7,7.00,12,12.21,16.45,16.72,0.0,0.00,0.0,-0.0,,0.0
130,8,7.00,12,13.37,16.98,21.43,4026.66,0.00,0.0,0.0,,4026.66
130,9,7.00,12,15.43,17.50,21.43,2281.74,0.00,0.0,0.0,,2281.74
130,10,7.00,12,17.52,18.12,21.43,1710.81,0.00,0.0,0.0,,1710.81
130,11,7.00,12,19.70,18.91,21.43,1050.29,0.00,0.0,0.0,,1050.29
130,12,7.00,12,21.56,19.84,21.43,341.74,0.00,0.0,0.0,,341.74
130,13,7.00,12,23.18,20.89,21.85,0.0,0.00,0.0,0.0,,0.0
130,14,7.00,12,24.56,21.98,22.74,0.0,0.00,0.0,0.0,,0.0
130,15,7.00,12,25.28,22.97,23.63,0.0,0.00,0.0,0.0,,0.0
130,16,7.00,12,25.87,23.81,24.41,0.0,0.00,0.0,0.0,,0.0
130,17,7.00,12,25.13,24.28,24.83,0.0,0.00,0.0,0.0,,0.0
130,18,7.00,12,23.79,24.40,24.92,0.0,0.00,0.0,0.0,,0.0
130,19,7.00,12,21.98,23.55,24.05,0.0,0.00,0.0,0.0,,0.0
130,20,7.00,12,19.64,22.91,23.38,0.0,0.00,0.0,0.0,,0.0
130,21,7.00,12,17.12,22.18,22.62,0.0,0.00,0.0,0.0,,0.0
130,22,7.00,12,15.44,21.44,21.85,0.0,0.00,0.0,0.0,,0.0
130,23,7.00,12,14.32,20.72,21.12,0.0,0.00,0.0,0.0,,0.0
130,24,7.00,12,13.39,20.03,20.40,0.0,0.00,0.0,0.0,,0.0
130,1,1.00,12,12.39,19.34,19.69,0.0,0.00,0.0,0.0,,0.0
130,2,1.00,12,11.47,18.66,18.99,0.0,0.00,0.0,0.0,,0.0
130,3,1.00,12,10.38,17.96,18.28,0.0,0.00,0.0,0.0,,0.0
130,4,1.00,12,9.53,17.29,17.58,0.0,0.00,0.0,0.0,,0.0
130,5,1.00,12,8.49,16.60,16.88,0.0,0.00,0.0,0.0,,0.0
130,6,1.00,12,7.45,15.90,16.17,0.0,0.00,0.0,0.0,,0.0
130,7,1.00,12,8.63,15.47,15.73,0.0,0.00,0.0,0.0,,0.0
130,8,1.00,12,10.92,15.92,21.43,5057.33,0.00,0.0,0.0,,5057.33
130,9,1.00,12,13.77,16.48,21.43,2941.83,0.00,0.0,0.0,,2941.83
130,10,1.00,12,16.56,17.21,21.43,2246.56,0.00,0.0,0.0,,2246.56
130,11,1.00,12,19.46,18.16,21.43,1438.89,0.00,0.0,0.0,,1438.89
130,12,1.00,12,22.69,19.40,21.43,462.7,0.00,0.0,0.0,,462.7
130,13,1.00,12,25.23,20.77,21.96,0.0,0.00,0.0,0.0,,0.0
130,14,1.00,12,27.74,22.25,23.17,0.0,0.00,0.0,0.0,,0.0
130,15,1.00,12,29.28,23.62,24.42,0.0,0.00,0.0,0.0,,0.0
130,16,1.00,12,30.84,24.90,25.63,0.0,0.00,0.0,0.0,,0.0
130,17,1.00,12,30.40,25.72,26.39,0.0,0.00,0.0,0.0,,0.0
130,18,1.00,12,29.80,26.25,26.43,-410.29,0.00,0.0,0.0,,-410.29
130,19,1.00,12,27.68,25.45,25.90,0.0,0.00,0.0,0.0,,0.0
130,20,1.00,12,25.03,24.95,25.45,0.0,0.00,0.0,0.0,,0.0
130,21,1.00,12,22.56,24.40,24.88,0.0,0.00,0.0,0.0,,0.0
130,22,1.00,12,20.55,23.78,24.25,0.0,0.00,0.0,0.0,,0.0
130,23,1.00,12,19.05,23.16,23.59,0.0,0.00,0.0,0.0,,0.0
130,24,1.00,12,17.62,22.50,22.91,0.0,0.00,0.0,0.0,,0.0
130,1,2.00,12,16.34,21.83,22.21,0.0,0.00,0.0,0.0,,0.0
130,2,2.00,12,15.05,21.13,21.50,0.0,0.00,0.0,0.0,,0.0
130,3,2.00,12,14.34,20.49,20.84,0.0,0.00,0.0,0.0,,0.0
130,4,2.00,12,13.86,19.89,20.22,0.0,0.00,0.0,0.0,,0.0
130,5,2.00,12,12.85,19.26,19.58,0.0,0.00,0.0,0.0,,0.0
130,6,2.00,12,11.99,18.64,18.94,0.0,0.00,0.0,-0.0,,0.0
130,7,2.00,12,11.16,18.03,18.32,0.0,0.00,0.0,-0.0,,0.0
130,8,2.00,12,12.56,18.25,21.43,2802.82,0.00,0.0,0.0,,2802.82
130,9,2.00,12,15.34,18.67,21.43,1534.89,0.00,0.0,0.0,,1534.89
130,10,2.00,12,18.21,19.30,21.43,963.54,0.00,0.0,0.0,,963.54
130,11,2.00,12,20.67,20.10,21.43,337.34,0.00,0.0,-63.9,,273.44
130,12,2.00,12,22.96,21.07,21.83,0.0,0.00,0.0,-96.81,,-96.81
130,13,2.00,12,25.14,22.21,22.80,0.0,0.00,0.0,0.0,,0.0
130,14,2.00,12,26.62,23.36,23.87,0.0,0.00,0.0,0.0,,0.0
130,15,2.00,12,27.84,24.46,24.93,0.0,0.00,0.0,0.0,,0.0
130,16,2.00,12,28.64,25.41,25.84,0.0,0.00,0.0,0.0,,0.0
130,17,2.00,12,27.87,25.94,26.34,0.0,0.00,0.0,0.0,,0.0
130,18,2.00,12,26.88,26.18,26.43,-119.05,0.00,0.0,0.0,,-119.05
130,19,2.00,12,24.71,25.29,25.62,0.0,0.00,0.0,0.0,,0.0
130,20,2.00,12,22.40,24.67,25.01,0.0,0.00,0.0,0.0,,0.0
130,21,2.00,12,20.57,24.05,24.38,0.0,0.00,0.0,0.0,,0.0
130,22,2.00,12,18.96,23.40,23.71,0.0,0.00,0.0,0.0,,0.0
130,23,2.00,12,17.73,22.74,23.04,0.0,0.00,0.0,0.0,,0.0
130,24,2.00,12,16.22,22.04,22.32,0.0,0.00,0.0,0.0,,0.0
130,1,3.00,12,14.83,21.31,21.58,0.0,0.00,0.0,0.0,,0.0
130,2,3.00,12,13.87,20.61,20.87,0.0,0.00,0.0,0.0,,0.0
130,3,3.00,12,13.15,19.94,20.19,0.0,0.00,0.0,0.0,,0.0
130,4,3.00,12,12.28,19.28,19.52,0.0,0.00,0.0,0.0,,0.0
130,5,3.00,12,11.14,18.59,18.82,0.0,0.00,0.0,0.0,,0.0
130,6,3.00,12,10.43,17.94,18.16,0.0,0.00,0.0,0.0,,0.0
130,7,3.00,12,10.92,17.45,17.66,0.0,0.00,0.0,0.0,,0.0
130,8,3.00,12,12.63,18.10,18.30,0.0,0.00,0.0,-0.0,,0.0
130,9,3.00,12,14.42,18.46,18.66,0.0,0.00,0.0,-0.0,,0.0
130,10,3.00,12,16.77,18.91,19.11,0.0,0.00,0.0,-0.0,,0.0
130,11,3.00,12,19.48,19.58,19.76,0.0,0.00,0.0,-0.0,,0.0
130,12,3.00,12,21.78,20.43,20.61,0.0,0.00,0.0,-0.0,,0.0
130,13,3.00,12,23.52,21.41,21.59,0.0,0.00,0.0,-0.0,,0.0
130,14,3.00,12,24.26,22.37,22.55,0.0,0.00,0.0,0.0,,0.0
130,15,3.00,12,24.97,23.29,23.46,0.0,0.00,0.0,0.0,,0.0
130,16,3.00,12,24.77,24.01,24.17,0.0,0.00,0.0,0.0,,0.0
130,17,3.00,12,24.09,24.44,24.61,0.0,0.00,0.0,0.0,,0.0
130,18,3.00,12,22.43,24.55,24.71,0.0,0.00,0.0,0.0,,0.0
130,19,3.00,12,22.04,23.72,23.87,0.0,0.00,0.0,0.0,,0.0
130,20,3.00,12,20.13,23.13,23.28,0.0,0.00,0.0,0.0,,0.0
130,21,3.00,12,18.23,22.50,22.65,0.0,0.00,0.0,0.0,,0.0
130,22,3.00,12,16.40,21.81,21.96,0.0,0.00,0.0,0.0,,0.0
130,23,3.00,12,14.84,21.09,21.24,0.0,0.00,0.0,0.0,,0.0
130,24,3.00,12,14.19,20.44,20.59,0.0,0.00,0.0,0.0,,0.0
130,1,4.00,12,13.03,19.76,19.90,0.0,0.00,0.0,0.0,,0.0
130,2,4.00,12,13.42,19.25,19.39,0.0,0.00,0.0,0.0,,0.0
130,3,4.00,12,12.84,18.72,18.86,0.0,0.00,0.0,0.0,,0.0
130,4,4.00,12,12.62,18.24,18.37,0.0,0.00,0.0,0.0,,0.0
130,5,4.00,12,13.06,17.87,18.01,0.0,0.00,0.0,0.0,,0.0
130,6,4.00,12,12.91,17.51,17.65,0.0,0.00,0.0,-0.0,,0.0
130,7,4.00,12,12.12,17.11,17.24,0.0,0.00,0.0,-0.0,,0.0
130,8,4.00,12,11.89,17.64,17.77,0.0,0.00,0.0,-0.0,,0.0
130,9,4.00,12,12.04,17.78,17.90,0.0,0.00,0.0,-0.0,,0.0
130,10,4.00,12,11.97,17.81,17.94,0.0,0.00,0.0,-0.0,,0.0
130,11,4.00,12,13.01,18.01,18.13,0.0,0.00,0.0,-0.0,,0.0
130,12,4.00,12,14.67,18.44,18.57,0.0,0.00,0.0,-0.0,,0.0
130,13,4.00,12,15.84,19.02,19.14,0.0,0.00,0.0,-0.0,,0.0
130,14,4.00,12,15.75,19.55,19.67,0.0,0.00,0.0,-0.0,,0.0
130,15,4.00,12,16.22,20.09,20.21,0.0,0.00,0.0,-0.0,,0.0
130,16,4.00,12,15.98,20.47,20.59,0.0,0.00,0.0,-0.0,,0.0
130,17,4.00,12,15.57,20.65,20.77,0.0,0.00,0.0,0.0,,0.0
130,18,4.00,12,14.36,20.57,20.69,0.0,0.00,0.0,0.0,,0.0
130,19,4.00,12,13.29,19.48,19.59,0.0,0.00,0.0,0.0,,0.0
130,20,4.00,12,11.72,18.71,18.82,0.0,0.00,0.0,0.0,,0.0
130,21,4.00,12,10.69,18.02,18.13,0.0,0.00,0.0,0.0,,0.0
130,22,4.00,12,10.13,17.39,17.50,0.0,0.00,0.0,0.0,,0.0
130,23,4.00,12,9.96,16.83,16.95,0.0,0.00,0.0,0.0,,0.0
130,24,4.00,12,10.21,16.38,16.49,0.0,0.00,0.0,0.0,,0.0
130,1,5.00,12,10.27,15.97,16.08,0.0,0.00,0.0,0.0,,0.0
130,2,5.00,12,10.29,15.60,15.72,0.0,0.00,0.0,0.0,,0.0
130,3,5.00,12,9.36,15.17,15.28,0.0,0.00,0.0,-0.0,,0.0
130,4,5.00,12,8.93,14.76,14.87,0.0,0.00,0.0,-0.0,,0.0
130,5,5.00,12,8.98,14.42,14.53,0.0,0.00,0.0,-0.0,,0.0
130,6,5.00,12,8.34,14.03,14.14,0.0,0.00,0.0,-0.0,,0.0
130,7,5.00,12,8.05,13.69,13.80,0.0,0.00,0.0,-0.0,,0.0
130,8,5.00,12,8.62,14.03,21.43,6997.01,0.00,0.0,0.0,,6997.01
130,9,5.00,12,9.76,14.30,21.43,4539.18,0.00,0.0,0.0,,4539.18
130,10,5.00,12,12.03,14.82,21.43,3892.57,0.00,0.0,0.0,,3892.57
130,11,5.00,12,14.10,15.50,21.43,3211.6,0.00,0.0,0.0,,3211.6
130,12,5.00,12,16.18,16.37,21.43,2438.45,0.00,0.0,0.0,,2438.45
130,13,5.00,12,18.00,17.39,21.43,1629.37,0.00,0.0,0.0,,1629.37
130,14,5.00,12,19.52,18.46,21.43,854.05,0.00,0.0,0.0,,854.05
130,15,5.00,12,20.56,19.47,21.43,196.93,0.00,0.0,0.0,,196.93
130,16,5.00,12,21.53,20.37,21.80,0.0,0.00,0.0,0.0,,0.0
130,17,5.00,12,21.31,20.95,22.15,0.0,0.00,0.0,0.0,,0.0
130,18,5.00,12,20.37,21.19,22.26,0.0,0.00,0.0,0.0,,0.0
130,19,5.00,12,19.28,20.51,21.53,0.0,0.00,0.0,0.0,,0.0
130,20,5.00,12,17.42,20.03,20.99,0.0,0.00,0.0,0.0,,0.0
130,21,5.00,12,15.28,19.47,20.36,0.0,0.00,0.0,0.0,,0.0
130,22,5.00,12,13.93,18.91,19.73,0.0,0.00,0.0,0.0,,0.0
130,23,5.00,12,12.79,18.33,19.09,0.0,0.00,0.0,0.0,,0.0
130,24,5.00,12,11.96,17.77,18.48,0.0,0.00,0.0,0.0,,0.0
130,1,6.00,12,14.43,17.60,18.26,0.0,0.00,0.0,0.0,,0.0
130,2,6.00,12,13.88,17.31,17.92,0.0,0.00,0.0,0.0,,0.0
130,3,6.00,12,13.59,17.02,17.59,0.0,0.00,0.0,0.0,,0.0
130,4,6.00,12,13.19,16.73,17.26,0.0,0.00,0.0,-0.0,,0.0
130,5,6.00,12,12.28,16.37,16.87,0.0,0.00,0.0,-0.0,,0.0
130,6,6.00,12,11.49,16.00,16.46,0.0,0.00,0.0,-0.0,,0.0
130,7,6.00,12,11.26,15.67,16.11,0.0,0.00,0.0,-0.0,,0.0
130,8,6.00,12,11.68,16.34,16.75,0.0,0.00,0.0,0.0,,0.0
130,9,6.00,12,13.59,16.78,17.17,0.0,0.00,0.0,0.0,,0.0
130,10,6.00,12,15.11,17.22,17.59,0.0,0.00,0.0,0.0,,0.0
130,11,6.00,12,16.96,17.79,18.14,0.0,0.00,0.0,0.0,,0.0
130,12,6.00,12,18.97,18.57,18.90,0.0,0.00,0.0,0.0,,0.0
130,13,6.00,12,19.84,19.40,19.71,0.0,0.00,0.0,0.0,,0.0
130,14,6.00,12,20.82,20.29,20.59,0.0,0.00,0.0,0.0,,0.0
130,15,6.00,12,21.61,21.15,21.44,0.0,0.00,0.0,0.0,,0.0
130,16,6.00,12,21.85,21.86,22.13,0.0,0.00,0.0,0.0,,0.0
130,17,6.00,12,21.22,22.29,22.55,0.0,0.00,0.0,0.0,,0.0
130,18,6.00,12,20.26,22.46,22.71,0.0,0.00,0.0,0.0,,0.0
130,19,6.00,12,19.10,21.58,21.82,0.0,0.00,0.0,0.0,,0.0
130,20,6.00,12,16.69,20.91,21.14,0.0,0.00,0.0,0.0,,0.0
130,21,6.00,12,14.78,20.22,20.45,0.0,0.00,0.0,0.0,,0.0
130,22,6.00,12,13.56,19.56,19.78,0.0,0.00,0.0,0.0,,0.0
130,23,6.00,12,12.73,18.93,19.14,0.0,0.00,0.0,0.0,,0.0
130,24,6.00,12,11.93,18.32,18.52,0.0,0.00,0.0,0.0,,0.0
130,1,7.00,12,10.95,17.69,17.89,0.0,0.00,0.0,0.0,,0.0
130,2,7.00,12,10.37,17.10,17.29,0.0,0.00,0.0,0.0,,0.0
130,3,7.00,12,9.85,16.55,16.73,0.0,0.00,0.0,0.0,,0.0
130,4,7.00,12,9.43,16.02,16.20,0.0,0.00,0.0,0.0,,0.0
130,5,7.00,12,8.76,15.50,15.67,0.0,0.00,0.0,0.0,,0.0
130,6,7.00,12,8.14,14.98,15.15,0.0,0.00,0.0,0.0,,0.0
130,7,7.00,12,9.28,14.68,14.85,0.0,0.00,0.0,0.0,,0.0
130,8,7.00,12,10.33,15.40,15.56,0.0,0.00,0.0,0.0,,0.0
130,9,7.00,12,12.85,15.92,16.08,0.0,0.00,0.0,0.0,,0.0
130,10,7.00,12,15.74,16.56,16.72,0.0,0.00,0.0,0.0,,0.0
130,11,7.00,12,18.55,17.39,17.54,0.0,0.00,0.0,0.0,,0.0
130,12,7.00,12,21.17,18.41,18.56,0.0,0.00,0.0,0.0,,0.0
130,13,7.00,12,23.62,19.61,19.76,0.0,0.00,0.0,0.0,,0.0
130,14,7.00,12,25.49,20.88,21.03,0.0,0.00,0.0,0.0,,0.0
130,15,7.00,12,27.15,22.15,22.29,0.0,0.00,0.0,0.0,,0.0
130,16,7.00,12,27.98,23.24,23.38,0.0,0.00,0.0,0.0,,0.0
130,17,7.00,12,27.13,23.96,24.10,0.0,0.00,0.0,0.0,,0.0
130,18,7.00,12,25.79,24.35,24.49,0.0,0.00,0.0,0.0,,0.0
130,19,7.00,12,24.06,23.61,23.75,0.0,0.00,0.0,0.0,,0.0
130,20,7.00,12,21.17,23.03,23.16,0.0,0.00,0.0,0.0,,0.0
130,21,7.00,12,18.43,22.35,22.48,0.0,0.00,0.0,0.0,,0.0
130,22,7.00,12,16.96,21.70,21.83,0.0,0.00,0.0,0.0,,0.0
130,23,7.00,12,15.70,21.04,21.17,0.0,0.00,0.0,0.0,,0.0
130,24,7.00,12,14.59,20.39,20.51,0.0,0.00,0.0,0.0,,0.0
130,1,1.00,1,13.46,19.72,19.84,0.0,0.00,0.0,0.0,,0.0
130,2,1.00,1,12.48,19.06,19.18,0.0,0.00,0.0,0.0,,0.0
130,3,1.00,1,11.84,18.44,18.56,0.0,0.00,0.0,0.0,,0.0
130,4,1.00,1,11.01,17.82,17.94,0.0,0.00,0.0,0.0,,0.0
130,5,1.00,1,9.92,17.17,17.29,0.0,0.00,0.0,0.0,,0.0
130,6,1.00,1,8.86,16.51,16.63,0.0,0.00,0.0,0.0,,0.0
130,7,1.00,1,9.98,16.11,16.22,0.0,0.00,0.0,0.0,,0.0
130,8,1.00,1,11.17,16.42,21.83,5079.81,0.00,0.0,0.0,,5079.81
130,9,1.00,1,14.13,16.93,21.83,2995.92,0.00,0.0,0.0,,2995.92
130,10,1.00,1,16.93,17.62,21.83,2316.75,0.00,0.0,0.0,,2316.75
130,11,1.00,1,20.13,18.58,21.83,1481.64,0.00,0.0,0.0,,1481.64
130,12,1.00,1,23.36,19.84,21.83,488.02,0.00,0.0,0.0,,488.02
130,13,1.00,1,26.07,21.26,22.39,0.0,0.00,0.0,0.0,,0.0
130,14,1.00,1,28.00,22.69,23.55,0.0,0.00,0.0,0.0,,0.0
130,15,1.00,1,29.47,24.06,24.80,0.0,0.00,0.0,0.0,,0.0
130,16,1.00,1,30.52,25.29,25.95,0.0,0.00,0.0,0.0,,0.0
130,17,1.00,1,29.71,26.05,26.65,0.0,0.00,0.0,0.0,,0.0
130,18,1.00,1,28.44,26.40,26.83,-118.32,0.00,0.0,0.0,,-118.32
130,19,1.00,1,26.69,25.59,26.09,0.0,0.00,0.0,0.0,,0.0
130,20,1.00,1,23.82,25.00,25.49,0.0,0.00,0.0,0.0,,0.0
130,21,1.00,1,21.09,24.32,24.79,0.0,0.00,0.0,0.0,,0.0
130,22,1.00,1,19.22,23.63,24.07,0.0,0.00,0.0,0.0,,0.0
130,23,1.00,1,18.07,22.96,23.37,0.0,0.00,0.0,0.0,,0.0
130,24,1.00,1,16.87,22.28,22.66,0.0,0.00,0.0,0.0,,0.0
130,1,2.00,1,15.71,21.59,21.95,0.0,0.00,0.0,0.0,,0.0
130,2,2.00,1,14.53,20.89,21.23,0.0,0.00,0.0,0.0,,0.0
130,3,2.00,1,13.48,20.19,20.51,0.0,0.00,0.0,0.0,,0.0
130,4,2.00,1,12.58,19.51,19.81,0.0,0.00,0.0,0.0,,0.0
130,5,2.00,1,11.61,18.82,19.12,0.0,0.00,0.0,0.0,,0.0
130,6,2.00,1,10.75,18.16,18.43,0.0,0.00,0.0,0.0,,0.0
130,7,2.00,1,11.80,17.72,17.99,0.0,0.00,0.0,0.0,,0.0
130,8,2.00,1,12.54,17.96,21.83,3488.62,0.00,0.0,0.0,,3488.62
130,9,2.00,1,14.80,18.30,21.83,2075.0,0.00,0.0,0.0,,2075.0
130,10,2.00,1,17.20,18.83,21.83,1557.58,0.00,0.0,0.0,,1557.58
130,11,2.00,1,19.98,19.62,21.83,888.12,0.00,0.0,0.0,,888.12
130,12,2.00,1,23.09,20.73,21.83,8.26,0.00,0.0,0.0,,8.26
130,13,2.00,1,25.64,22.01,22.78,0.0,0.00,0.0,0.0,,0.0
130,14,2.00,1,27.47,23.32,23.96,0.0,0.00,0.0,0.0,,0.0
130,15,2.00,1,28.87,24.58,25.15,0.0,0.00,0.0,0.0,,0.0
130,16,2.00,1,28.29,25.44,25.97,0.0,0.00,0.0,0.0,,0.0
130,17,2.00,1,27.36,25.97,26.45,0.0,0.00,0.0,0.0,,0.0
130,18,2.00,1,25.91,26.11,26.56,0.0,0.00,0.0,0.0,,0.0
130,19,2.00,1,24.33,25.27,25.71,0.0,0.00,0.0,0.0,,0.0
130,20,2.00,1,21.80,24.61,25.03,0.0,0.00,0.0,0.0,,0.0
130,21,2.00,1,19.56,23.91,24.30,0.0,0.00,0.0,0.0,,0.0
130,22,2.00,1,18.21,23.22,23.59,0.0,0.00,0.0,0.0,,0.0
130,23,2.00,1,17.26,22.56,22.91,0.0,0.00,0.0,0.0,,0.0
130,24,2.00,1,16.33,21.91,22.24,0.0,0.00,0.0,0.0,,0.0
130,1,3.00,1,15.48,21.27,21.58,0.0,0.00,0.0,0.0,,0.0
130,2,3.00,1,14.68,20.64,20.94,0.0,0.00,0.0,0.0,,0.0
130,3,3.00,1,13.90,20.03,20.31,0.0,0.00,0.0,0.0,,0.0
130,4,3.00,1,13.10,19.42,19.69,0.0,0.00,0.0,0.0,,0.0
130,5,3.00,1,11.73,18.75,19.00,0.0,0.00,0.0,0.0,,0.0
130,6,3.00,1,10.83,18.09,18.34,0.0,0.00,0.0,0.0,,0.0
130,7,3.00,1,11.60,17.65,17.88,0.0,0.00,0.0,0.0,,0.0
130,8,3.00,1,12.86,17.95,21.83,3513.78,0.00,0.0,0.0,,3513.78
130,9,3.00,1,14.97,18.31,21.83,2076.19,0.00,0.0,0.0,,2076.19
130,10,3.00,1,17.93,18.95,21.83,1457.64,0.00,0.0,0.0,,1457.64
130,11,3.00,1,20.85,19.82,21.83,739.14,0.00,0.0,0.0,,739.14
130,12,3.00,1,23.75,20.95,21.97,0.0,0.00,0.0,-4.8,,-4.8
130,13,3.00,1,26.12,22.24,22.96,0.0,0.00,0.0,0.0,,0.0
130,14,3.00,1,27.79,23.54,24.15,0.0,0.00,0.0,0.0,,0.0
130,15,3.00,1,29.12,24.79,25.33,0.0,0.00,0.0,0.0,,0.0
130,16,3.00,1,29.98,25.89,26.39,0.0,0.00,0.0,0.0,,0.0
130,17,3.00,1,29.19,26.55,26.83,-174.8,0.00,0.0,0.0,,-174.8
130,18,3.00,1,27.91,26.82,26.83,-344.49,0.00,0.0,0.0,,-344.49
130,19,3.00,1,26.20,25.99,26.26,0.0,0.00,0.0,0.0,,0.0
130,20,3.00,1,23.32,25.35,25.68,0.0,0.00,0.0,0.0,,0.0
130,21,3.00,1,20.58,24.62,24.95,0.0,0.00,0.0,0.0,,0.0
130,22,3.00,1,18.97,23.90,24.22,0.0,0.00,0.0,0.0,,0.0
130,23,3.00,1,17.97,23.22,23.53,0.0,0.00,0.0,0.0,,0.0
130,24,3.00,1,16.71,22.52,22.81,0.0,0.00,0.0,0.0,,0.0
130,1,4.00,1,15.50,21.80,22.08,0.0,0.00,0.0,0.0,,0.0
130,2,4.00,1,14.45,21.09,21.35,0.0,0.00,0.0,0.0,,0.0
130,3,4.00,1,13.00,20.34,20.59,0.0,0.00,0.0,0.0,,0.0
130,4,4.00,1,11.77,19.58,19.82,0.0,0.00,0.0,0.0,,0.0
130,5,4.00,1,12.70,19.06,19.29,0.0,0.00,0.0,0.0,,0.0
130,6,4.00,1,13.12,18.63,18.85,0.0,0.00,0.0,0.0,,0.0
130,7,4.00,1,13.72,18.30,18.51,0.0,0.00,0.0,0.0,,0.0
130,8,4.00,1,14.77,18.74,21.83,2779.63,0.00,0.0,0.0,,2779.63
130,9,4.00,1,17.02,19.21,21.83,1464.33,0.00,0.0,0.0,,1464.33
130,10,4.00,1,19.46,19.84,21.83,908.9,0.00,0.0,0.0,,908.9
130,11,4.00,1,22.23,20.71,21.83,211.43,0.00,0.0,0.0,,211.43
130,12,4.00,1,24.82,21.81,22.47,0.0,0.00,0.0,0.0,,0.0
130,13,4.00,1,26.90,23.04,23.55,0.0,0.00,0.0,0.0,,0.0
130,14,4.00,1,28.88,24.36,24.81,0.0,0.00,0.0,0.0,,0.0
130,15,4.00,1,30.50,25.67,26.08,0.0,0.00,0.0,0.0,,0.0
130,16,4.00,1,31.20,26.77,26.83,-302.04,0.00,0.0,0.0,,-302.04
130,17,4.00,1,30.59,27.47,26.83,-857.11,0.00,0.0,0.0,,-857.11
130,18,4.00,1,29.56,27.80,26.83,-937.2,0.00,0.0,0.0,,-937.2
130,19,4.00,1,27.84,26.98,26.81,0.0,0.00,0.0,0.0,,0.0
130,20,4.00,1,25.29,26.40,26.46,0.0,0.00,0.0,0.0,,0.0
130,21,4.00,1,22.57,25.71,25.84,0.0,0.00,0.0,0.0,,0.0
130,22,4.00,1,20.91,25.03,25.17,0.0,0.00,0.0,0.0,,0.0
130,23,4.00,1,19.71,24.36,24.51,0.0,0.00,0.0,0.0,,0.0
130,24,4.00,1,18.81,23.72,23.86,0.0,0.00,0.0,0.0,,0.0
130,1,5.00,1,17.91,23.08,23.22,0.0,0.00,0.0,0.0,,0.0
130,2,5.00,1,16.96,22.44,22.58,0.0,0.00,0.0,0.0,,0.0
130,3,5.00,1,16.05,21.80,21.94,0.0,0.00,0.0,0.0,,0.0
130,4,5.00,1,15.16,21.17,21.31,0.0,0.00,0.0,0.0,,0.0
130,5,5.00,1,13.96,20.50,20.64,0.0,0.00,0.0,0.0,,0.0
130,6,5.00,1,12.96,19.84,19.97,0.0,0.00,0.0,0.0,,0.0
130,7,5.00,1,12.55,19.24,19.38,0.0,0.00,0.0,0.0,,0.0
130,8,5.00,1,13.61,19.40,21.83,2212.27,0.00,0.0,0.0,,2212.27
130,9,5.00,1,16.00,19.71,21.83,1221.22,0.00,0.0,0.0,,1221.22
130,10,5.00,1,18.54,20.23,21.83,744.1,0.00,0.0,0.0,,744.1
130,11,5.00,1,21.46,21.02,21.83,97.1,0.00,0.0,-59.21,,37.88999999999999
130,12,5.00,1,23.83,22.00,22.49,0.0,0.00,0.0,-14.84,,-14.84
130,13,5.00,1,25.82,23.12,23.51,0.0,0.00,0.0,0.0,,0.0
130,14,5.00,1,27.32,24.28,24.62,0.0,0.00,0.0,0.0,,0.0
130,15,5.00,1,28.65,25.42,25.74,0.0,0.00,0.0,0.0,,0.0
130,16,5.00,1,27.80,26.15,26.44,0.0,0.00,0.0,0.0,,0.0
130,17,5.00,1,26.76,26.56,26.83,0.0,0.00,0.0,0.0,,0.0
130,18,5.00,1,24.94,26.54,26.80,0.0,0.00,0.0,0.0,,0.0
130,19,5.00,1,22.65,25.57,25.83,0.0,0.00,0.0,0.0,,0.0
130,20,5.00,1,19.93,24.77,25.02,0.0,0.00,0.0,0.0,,0.0
130,21,5.00,1,18.11,23.98,24.22,0.0,0.00,0.0,0.0,,0.0
130,22,5.00,1,16.95,23.23,23.45,0.0,0.00,0.0,0.0,,0.0
130,23,5.00,1,16.25,22.53,22.74,0.0,0.00,0.0,0.0,,0.0
130,24,5.00,1,15.27,21.82,22.02,0.0,0.00,0.0,0.0,,0.0
130,1,6.00,1,14.55,21.15,21.34,0.0,0.00,0.0,0.0,,0.0
130,2,6.00,1,13.58,20.46,20.66,0.0,0.00,0.0,0.0,,0.0
130,3,6.00,1,12.68,19.79,19.97,0.0,0.00,0.0,0.0,,0.0
130,4,6.00,1,12.05,19.15,19.33,0.0,0.00,0.0,0.0,,0.0
130,5,6.00,1,10.69,18.45,18.62,0.0,0.00,0.0,0.0,,0.0
130,6,6.00,1,9.82,17.78,17.94,0.0,0.00,0.0,0.0,,0.0
130,7,6.00,1,11.13,17.37,17.53,0.0,0.00,0.0,0.0,,0.0
130,8,6.00,1,11.26,17.86,18.02,0.0,0.00,0.0,0.0,,0.0
130,9,6.00,1,13.47,18.18,18.33,0.0,0.00,0.0,0.0,,0.0
130,10,6.00,1,16.00,18.61,18.76,0.0,0.00,0.0,0.0,,0.0
130,11,6.00,1,19.02,19.28,19.42,0.0,0.00,0.0,0.0,,0.0
130,12,6.00,1,21.87,20.21,20.35,0.0,0.00,0.0,0.0,,0.0
130,13,6.00,1,24.00,21.31,21.45,0.0,0.00,0.0,0.0,,0.0
130,14,6.00,1,25.80,22.50,22.63,0.0,0.00,0.0,0.0,,0.0
130,15,6.00,1,27.22,23.68,23.81,0.0,0.00,0.0,0.0,,0.0
130,16,6.00,1,28.00,24.72,24.85,0.0,0.00,0.0,0.0,,0.0
130,17,6.00,1,27.28,25.43,25.55,0.0,0.00,0.0,0.0,,0.0
130,18,6.00,1,26.19,25.78,25.91,0.0,0.00,0.0,0.0,,0.0
130,19,6.00,1,24.63,25.00,25.12,0.0,0.00,0.0,0.0,,0.0
130,20,6.00,1,22.21,24.42,24.54,0.0,0.00,0.0,0.0,,0.0
130,21,6.00,1,19.60,23.74,23.86,0.0,0.00,0.0,0.0,,0.0
130,22,6.00,1,18.07,23.06,23.18,0.0,0.00,0.0,0.0,,0.0
130,23,6.00,1,16.99,22.40,22.52,0.0,0.00,0.0,0.0,,0.0
130,24,6.00,1,15.93,21.74,21.86,0.0,0.00,0.0,0.0,,0.0
130,1,7.00,1,14.96,21.09,21.20,0.0,0.00,0.0,0.0,,0.0
130,2,7.00,1,14.22,20.46,20.57,0.0,0.00,0.0,0.0,,0.0
130,3,7.00,1,13.51,19.85,19.96,0.0,0.00,0.0,0.0,,0.0
130,4,7.00,1,12.91,19.27,19.38,0.0,0.00,0.0,0.0,,0.0
130,5,7.00,1,12.07,18.68,18.79,0.0,0.00,0.0,0.0,,0.0
130,6,7.00,1,11.24,18.08,18.19,0.0,0.00,0.0,0.0,,0.0
130,7,7.00,1,11.98,17.68,17.79,0.0,0.00,0.0,0.0,,0.0
130,8,7.00,1,13.07,18.31,18.41,0.0,0.00,0.0,0.0,,0.0
130,9,7.00,1,15.37,18.73,18.83,0.0,0.00,0.0,0.0,,0.0
130,10,7.00,1,18.08,19.26,19.37,0.0,0.00,0.0,-0.0,,0.0
130,11,7.00,1,20.99,20.00,20.11,0.0,0.00,0.0,-0.0,,0.0
130,12,7.00,1,23.49,20.96,21.07,0.0,0.00,0.0,0.0,,0.0
130,13,7.00,1,25.49,22.08,22.18,0.0,0.00,0.0,0.0,,0.0
130,14,7.00,1,27.18,23.28,23.39,0.0,0.00,0.0,0.0,,0.0
130,15,7.00,1,28.58,24.48,24.58,0.0,0.00,0.0,0.0,,0.0
130,16,7.00,1,29.32,25.53,25.63,0.0,0.00,0.0,0.0,,0.0
130,17,7.00,1,28.37,26.22,26.32,0.0,0.00,0.0,0.0,,0.0
130,18,7.00,1,27.18,26.57,26.67,0.0,0.00,0.0,0.0,,0.0
130,19,7.00,1,25.45,25.75,25.85,0.0,0.00,0.0,0.0,,0.0
130,20,7.00,1,22.89,25.14,25.23,0.0,0.00,0.0,0.0,,0.0
130,21,7.00,1,20.34,24.44,24.53,0.0,0.00,0.0,0.0,,0.0
130,22,7.00,1,18.64,23.73,23.82,0.0,0.00,0.0,0.0,,0.0
130,23,7.00,1,17.53,23.04,23.13,0.0,0.00,0.0,0.0,,0.0
130,24,7.00,1,16.22,22.32,22.42,0.0,0.00,0.0,0.0,,0.0
130,1,1.00,1,15.31,21.64,21.73,0.0,0.00,0.0,0.0,,0.0
130,2,1.00,1,14.72,21.00,21.10,0.0,0.00,0.0,0.0,,0.0
130,3,1.00,1,14.03,20.38,20.47,0.0,0.00,0.0,0.0,,0.0
130,4,1.00,1,13.39,19.78,19.88,0.0,0.00,0.0,0.0,,0.0
130,5,1.00,1,12.23,19.14,19.23,0.0,0.00,0.0,0.0,,0.0
130,6,1.00,1,11.11,18.47,18.57,0.0,0.00,0.0,0.0,,0.0
130,7,1.00,1,11.98,18.04,18.13,0.0,0.00,0.0,-0.0,,0.0
130,8,1.00,1,13.18,18.34,21.83,3264.84,0.00,0.0,0.0,,3264.84
130,9,1.00,1,15.56,18.74,21.83,1853.67,0.00,0.0,0.0,,1853.67
130,10,1.00,1,18.17,19.35,21.83,1287.06,0.00,0.0,0.0,,1287.06
130,11,1.00,1,20.88,20.17,21.83,607.15,0.00,0.0,-75.84,,531.31
130,12,1.00,1,23.12,21.17,21.99,0.0,0.00,0.0,-163.53,,-163.53
130,13,1.00,1,25.37,22.36,22.93,0.0,0.00,0.0,-61.62,,-61.62
130,14,1.00,1,27.49,23.67,24.15,0.0,0.00,0.0,0.0,,0.0
130,15,1.00,1,29.15,24.96,25.39,0.0,0.00,0.0,0.0,,0.0
130,16,1.00,1,30.29,26.11,26.50,0.0,0.00,0.0,0.0,,0.0
130,17,1.00,1,29.46,26.79,26.83,-308.22,0.00,0.0,0.0,,-308.22
130,18,1.00,1,28.23,27.08,26.83,-462.2,0.00,0.0,0.0,,-462.2
130,19,1.00,1,26.47,26.26,26.38,0.0,0.00,0.0,0.0,,0.0
130,20,1.00,1,23.70,25.64,25.85,0.0,0.00,0.0,0.0,,0.0
130,21,1.00,1,20.95,24.92,25.15,0.0,0.00,0.0,0.0,,0.0
130,22,1.00,1,19.41,24.23,24.45,0.0,0.00,0.0,0.0,,0.0
130,23,1.00,1,18.04,23.52,23.73,0.0,0.00,0.0,0.0,,0.0
130,24,1.00,1,16.85,22.81,23.01,0.0,0.00,0.0,0.0,,0.0
130,1,2.00,1,15.88,22.12,22.31,0.0,0.00,0.0,0.0,,0.0
130,2,2.00,1,15.23,21.47,21.66,0.0,0.00,0.0,0.0,,0.0
130,3,2.00,1,14.59,20.85,21.03,0.0,0.00,0.0,0.0,,0.0
130,4,2.00,1,13.92,20.24,20.41,0.0,0.00,0.0,0.0,,0.0
130,5,2.00,1,12.98,19.62,19.78,0.0,0.00,0.0,0.0,,0.0
130,6,2.00,1,11.86,18.97,19.13,0.0,0.00,0.0,0.0,,0.0
130,7,2.00,1,12.59,18.52,18.68,0.0,0.00,0.0,0.0,,0.0
130,8,2.00,1,13.61,18.80,21.83,2770.31,0.00,0.0,0.0,,2770.31
130,9,2.00,1,15.69,19.14,21.83,1580.25,0.00,0.0,0.0,,1580.25
130,10,2.00,1,18.02,19.67,21.83,1088.83,0.00,0.0,0.0,,1088.83
130,11,2.00,1,20.50,20.40,21.83,480.73,0.00,0.0,-91.76,,388.97
130,12,2.00,1,23.08,21.40,22.14,0.0,0.00,0.0,-115.76,,-115.76
130,13,2.00,1,25.22,22.56,23.09,0.0,0.00,0.0,-108.59,,-108.59
130,14,2.00,1,27.09,23.80,24.24,0.0,0.00,0.0,0.0,,0.0
130,15,2.00,1,28.35,24.98,25.38,0.0,0.00,0.0,0.0,,0.0
130,16,2.00,1,29.14,26.00,26.37,0.0,0.00,0.0,0.0,,0.0
130,17,2.00,1,28.22,26.58,26.83,-88.91,0.00,0.0,0.0,,-88.91
130,18,2.00,1,26.79,26.76,26.83,-209.84,0.00,0.0,0.0,,-209.84
130,19,2.00,1,25.02,25.91,26.14,0.0,0.00,0.0,0.0,,0.0
130,20,2.00,1,22.65,25.28,25.54,0.0,0.00,0.0,0.0,,0.0
130,21,2.00,1,20.11,24.56,24.82,0.0,0.00,0.0,0.0,,0.0
130,22,2.00,1,18.43,23.83,24.08,0.0,0.00,0.0,0.0,,0.0
130,23,2.00,1,17.29,23.13,23.36,0.0,0.00,0.0,0.0,,0.0
130,24,2.00,1,16.23,22.42,22.64,0.0,0.00,0.0,0.0,,0.0
130,1,3.00,1,15.23,21.73,21.94,0.0,0.00,0.0,0.0,,0.0
130,2,3.00,1,14.36,21.05,21.25,0.0,0.00,0.0,0.0,,0.0
130,3,3.00,1,13.64,20.40,20.59,0.0,0.00,0.0,0.0,,0.0
130,4,3.00,1,12.75,19.75,19.93,0.0,0.00,0.0,0.0,,0.0
130,5,3.00,1,11.74,19.08,19.26,0.0,0.00,0.0,0.0,,0.0
130,6,3.00,1,10.99,18.44,18.61,0.0,0.00,0.0,0.0,,0.0
130,7,3.00,1,12.09,18.04,18.20,0.0,0.00,0.0,0.0,,0.0
130,8,3.00,1,13.47,18.39,21.83,3156.53,0.00,0.0,0.0,,3156.53
130,9,3.00,1,15.95,18.84,21.83,1741.41,0.00,0.0,0.0,,1741.41
130,10,3.00,1,18.40,19.45,21.83,1190.12,0.00,0.0,0.0,,1190.12
130,11,3.00,1,21.25,20.30,21.83,484.19,0.00,0.0,-51.72,,432.47
130,12,3.00,1,24.36,21.47,22.27,0.0,0.00,0.0,-136.66,,-136.66
130,13,3.00,1,26.78,22.78,23.36,0.0,0.00,0.0,-65.54,,-65.54
130,14,3.00,1,28.63,24.13,24.61,0.0,0.00,0.0,0.0,,0.0
130,15,3.00,1,29.84,25.39,25.83,0.0,0.00,0.0,0.0,,0.0
130,16,3.00,1,29.37,26.28,26.68,0.0,0.00,0.0,0.0,,0.0
130,17,3.00,1,28.25,26.80,26.83,-323.16,0.00,0.0,0.0,,-323.16
130,18,3.00,1,26.61,26.91,26.83,-306.54,0.00,0.0,0.0,,-306.54
130,19,3.00,1,24.60,26.02,26.19,0.0,0.00,0.0,0.0,,0.0
130,20,3.00,1,21.88,25.30,25.55,0.0,0.00,0.0,0.0,,0.0
130,21,3.00,1,19.72,24.57,24.82,0.0,0.00,0.0,0.0,,0.0
130,22,3.00,1,18.24,23.84,24.08,0.0,0.00,0.0,0.0,,0.0
130,23,3.00,1,17.37,23.15,23.38,0.0,0.00,0.0,0.0,,0.0
130,24,3.00,1,16.61,22.49,22.71,0.0,0.00,0.0,0.0,,0.0
130,1,4.00,1,15.85,21.85,22.06,0.0,0.00,0.0,0.0,,0.0
130,2,4.00,1,15.10,21.22,21.43,0.0,0.00,0.0,0.0,,0.0
130,3,4.00,1,14.32,20.61,20.80,0.0,0.00,0.0,0.0,,0.0
130,4,4.00,1,13.77,20.03,20.21,0.0,0.00,0.0,0.0,,0.0
130,5,4.00,1,12.73,19.41,19.59,0.0,0.00,0.0,0.0,,0.0
130,6,4.00,1,11.80,18.79,18.96,0.0,0.00,0.0,0.0,,0.0
130,7,4.00,1,12.60,18.37,18.54,0.0,0.00,0.0,-0.0,,0.0
130,8,4.00,1,13.63,18.68,21.83,2876.15,0.00,0.0,0.0,,2876.15
130,9,4.00,1,15.22,18.96,21.83,1710.16,0.00,0.0,0.0,,1710.16
130,10,4.00,1,16.97,19.37,21.83,1311.3,0.00,0.0,0.0,,1311.3
130,11,4.00,1,18.98,19.97,21.83,794.52,0.00,0.0,0.0,,794.52
130,12,4.00,1,21.36,20.85,21.83,81.74,0.00,0.0,-86.61,,-4.8700000000000045
130,13,4.00,1,22.97,21.84,22.48,0.0,0.00,0.0,-177.2,,-177.2
130,14,4.00,1,24.72,22.95,23.47,0.0,0.00,0.0,0.0,,0.0
130,15,4.00,1,25.82,24.00,24.46,0.0,0.00,0.0,0.0,,0.0
130,16,4.00,1,25.43,24.73,25.15,0.0,0.00,0.0,0.0,,0.0
130,17,4.00,1,24.46,25.13,25.51,0.0,0.00,0.0,0.0,,0.0
130,18,4.00,1,23.12,25.17,25.53,0.0,0.00,0.0,0.0,,0.0
130,19,4.00,1,21.49,24.32,24.67,0.0,0.00,0.0,0.0,,0.0
130,20,4.00,1,19.47,23.67,24.00,0.0,0.00,0.0,0.0,,0.0
130,21,4.00,1,17.63,22.98,23.29,0.0,0.00,0.0,0.0,,0.0
130,22,4.00,1,16.19,22.27,22.56,0.0,0.00,0.0,0.0,,0.0
130,23,4.00,1,15.28,21.59,21.87,0.0,0.00,0.0,0.0,,0.0
130,24,4.00,1,14.30,20.91,21.17,0.0,0.00,0.0,0.0,,0.0
130,1,5.00,1,13.52,20.26,20.51,0.0,0.00,0.0,0.0,,0.0
130,2,5.00,1,12.85,19.63,19.87,0.0,0.00,0.0,0.0,,0.0
130,3,5.00,1,12.27,19.04,19.26,0.0,0.00,0.0,0.0,,0.0
130,4,5.00,1,11.73,18.47,18.68,0.0,0.00,0.0,0.0,,0.0
130,5,5.00,1,11.26,17.93,18.13,0.0,0.00,0.0,0.0,,0.0
130,6,5.00,1,10.60,17.38,17.58,0.0,0.00,0.0,0.0,,0.0
130,7,5.00,1,11.50,17.04,17.22,0.0,0.00,0.0,-0.0,,0.0
130,8,5.00,1,12.75,17.44,21.83,4044.05,0.00,0.0,0.0,,4044.05
130,9,5.00,1,14.88,17.88,21.83,2365.35,0.00,0.0,0.0,,2365.35
130,10,5.00,1,17.18,18.47,21.83,1795.89,0.00,0.0,0.0,,1795.89
130,11,5.00,1,20.08,19.33,21.83,1052.61,0.00,0.0,0.0,,1052.61
130,12,5.00,1,23.18,20.51,21.83,127.46,0.00,0.0,-129.85,,-2.3900000000000006
130,13,5.00,1,25.88,21.87,22.72,0.0,0.00,0.0,-76.04,,-76.04
130,14,5.00,1,27.61,23.22,23.91,0.0,0.00,0.0,0.0,,0.0
130,15,5.00,1,28.76,24.48,25.08,0.0,0.00,0.0,0.0,,0.0
130,16,5.00,1,27.97,25.33,25.88,0.0,0.00,0.0,0.0,,0.0
130,17,5.00,1,26.86,25.83,26.33,0.0,0.00,0.0,0.0,,0.0
130,18,5.00,1,25.63,26.00,26.46,0.0,0.00,0.0,0.0,,0.0
130,19,5.00,1,23.61,25.13,25.58,0.0,0.00,0.0,0.0,,0.0
130,20,5.00,1,21.04,24.45,24.88,0.0,0.00,0.0,0.0,,0.0
130,21,5.00,1,18.71,23.72,24.12,0.0,0.00,0.0,0.0,,0.0
130,22,5.00,1,17.08,22.98,23.35,0.0,0.00,0.0,0.0,,0.0
130,23,5.00,1,15.48,22.20,22.55,0.0,0.00,0.0,0.0,,0.0
130,24,5.00,1,14.40,21.45,21.78,0.0,0.00,0.0,0.0,,0.0
130,1,6.00,1,13.15,20.69,21.00,0.0,0.00,0.0,0.0,,0.0
130,2,6.00,1,12.14,19.95,20.24,0.0,0.00,0.0,0.0,,0.0
130,3,6.00,1,10.90,19.18,19.46,0.0,0.00,0.0,0.0,,0.0
130,4,6.00,1,11.78,18.65,18.92,0.0,0.00,0.0,0.0,,0.0
130,5,6.00,1,12.62,18.26,18.51,0.0,0.00,0.0,0.0,,0.0
130,6,6.00,1,13.03,17.92,18.16,0.0,0.00,0.0,0.0,,0.0
130,7,6.00,1,13.65,17.68,17.90,0.0,0.00,0.0,-0.0,,0.0
130,8,6.00,1,14.87,18.46,18.68,0.0,0.00,0.0,0.0,,0.0
130,9,6.00,1,16.54,18.93,19.14,0.0,0.00,0.0,-0.0,,0.0
130,10,6.00,1,18.61,19.47,19.66,0.0,0.00,0.0,-0.0,,0.0
130,11,6.00,1,20.80,20.14,20.33,0.0,0.00,0.0,-0.0,,0.0
130,12,6.00,1,22.70,21.00,21.19,0.0,0.00,0.0,0.0,,0.0
130,13,6.00,1,24.53,22.04,22.22,0.0,0.00,0.0,0.0,,0.0
130,14,6.00,1,26.19,23.18,23.35,0.0,0.00,0.0,0.0,,0.0
130,15,6.00,1,27.58,24.32,24.48,0.0,0.00,0.0,0.0,,0.0
130,16,6.00,1,27.08,25.17,25.33,0.0,0.00,0.0,0.0,,0.0
130,17,6.00,1,26.13,25.73,25.89,0.0,0.00,0.0,0.0,,0.0
130,18,6.00,1,24.79,25.95,26.10,0.0,0.00,0.0,0.0,,0.0
130,19,6.00,1,22.69,24.99,25.13,0.0,0.00,0.0,0.0,,0.0
130,20,6.00,1,20.70,24.32,24.46,0.0,0.00,0.0,0.0,,0.0
130,21,6.00,1,18.89,23.64,23.78,0.0,0.00,0.0,0.0,,0.0
130,22,6.00,1,17.34,22.94,23.07,0.0,0.00,0.0,0.0,,0.0
130,23,6.00,1,15.74,22.19,22.32,0.0,0.00,0.0,0.0,,0.0
130,24,6.00,1,14.98,21.50,21.63,0.0,0.00,0.0,0.0,,0.0
130,1,7.00,1,14.13,20.83,20.96,0.0,0.00,0.0,0.0,,0.0
130,2,7.00,1,13.59,20.21,20.33,0.0,0.00,0.0,0.0,,0.0
130,3,7.00,1,13.14,19.62,19.74,0.0,0.00,0.0,0.0,,0.0
130,4,7.00,1,13.03,19.11,19.23,0.0,0.00,0.0,0.0,,0.0
130,5,7.00,1,12.93,18.65,18.76,0.0,0.00,0.0,0.0,,0.0
130,6,7.00,1,12.11,18.14,18.25,0.0,0.00,0.0,0.0,,0.0
130,7,7.00,1,11.24,17.61,17.73,0.0,0.00,0.0,0.0,,0.0
130,8,7.00,1,12.20,18.18,18.29,0.0,0.00,0.0,0.0,,0.0
130,9,7.00,1,13.57,18.44,18.55,0.0,0.00,0.0,0.0,,0.0
130,10,7.00,1,15.17,18.75,18.85,0.0,0.00,0.0,0.0,,0.0
130,11,7.00,1,17.29,19.23,19.34,0.0,0.00,0.0,0.0,,0.0
130,12,7.00,1,19.97,20.02,20.12,0.0,0.00,0.0,0.0,,0.0
130,13,7.00,1,21.30,20.90,21.01,0.0,0.00,0.0,0.0,,0.0
130,14,7.00,1,23.19,21.95,22.05,0.0,0.00,0.0,0.0,,0.0
130,15,7.00,1,24.40,22.97,23.07,0.0,0.00,0.0,0.0,,0.0
130,16,7.00,1,25.05,23.87,23.97,0.0,0.00,0.0,0.0,,0.0
130,17,7.00,1,25.65,24.61,24.71,0.0,0.00,0.0,0.0,,0.0
130,18,7.00,1,24.70,24.97,25.07,0.0,0.00,0.0,0.0,,0.0
130,19,7.00,1,23.37,24.20,24.30,0.0,0.00,0.0,0.0,,0.0
130,20,7.00,1,21.43,23.68,23.78,0.0,0.00,0.0,0.0,,0.0
130,21,7.00,1,19.36,23.10,23.19,0.0,0.00,0.0,0.0,,0.0
130,22,7.00,1,18.03,22.51,22.60,0.0,0.00,0.0,0.0,,0.0
130,23,7.00,1,16.91,21.91,22.01,0.0,0.00,0.0,0.0,,0.0
130,24,7.00,1,16.20,21.35,21.44,0.0,0.00,0.0,0.0,,0.0
130,1,1.00,1,15.40,20.79,20.88,0.0,0.00,0.0,0.0,,0.0
130,2,1.00,1,14.67,20.24,20.33,0.0,0.00,0.0,0.0,,0.0
130,3,1.00,1,13.74,19.67,19.76,0.0,0.00,0.0,0.0,,0.0
130,4,1.00,1,13.25,19.14,19.23,0.0,0.00,0.0,0.0,,0.0
130,5,1.00,1,12.79,18.64,18.73,0.0,0.00,0.0,0.0,,0.0
130,6,1.00,1,11.61,18.07,18.16,0.0,0.00,0.0,0.0,,0.0
130,7,1.00,1,10.97,17.54,17.63,0.0,0.00,0.0,0.0,,0.0
130,8,1.00,1,12.22,17.79,21.83,3791.83,0.00,0.0,0.0,,3791.83
130,9,1.00,1,14.96,18.23,21.83,2179.39,0.00,0.0,0.0,,2179.39
130,10,1.00,1,17.56,18.85,21.83,1594.6,0.00,0.0,0.0,,1594.6
130,11,1.00,1,20.04,19.64,21.83,932.76,0.00,0.0,0.0,,932.76
130,12,1.00,1,22.64,20.69,21.83,108.57,0.00,0.0,-30.96,,77.60999999999999
130,13,1.00,1,24.19,21.79,22.52,0.0,0.00,0.0,0.0,,0.0
130,14,1.00,1,25.80,22.98,23.56,0.0,0.00,0.0,0.0,,0.0
130,15,1.00,1,26.95,24.11,24.62,0.0,0.00,0.0,0.0,,0.0
130,16,1.00,1,27.70,25.10,25.57,0.0,0.00,0.0,0.0,,0.0
130,17,1.00,1,26.61,25.64,26.06,0.0,0.00,0.0,0.0,,0.0
130,18,1.00,1,25.07,25.77,26.16,0.0,0.00,0.0,0.0,,0.0
130,19,1.00,1,23.48,24.94,25.32,0.0,0.00,0.0,0.0,,0.0
130,20,1.00,1,21.14,24.31,24.67,0.0,0.00,0.0,0.0,,0.0
130,21,1.00,1,18.80,23.61,23.94,0.0,0.00,0.0,0.0,,0.0
130,22,1.00,1,17.23,22.89,23.21,0.0,0.00,0.0,0.0,,0.0
130,23,1.00,1,16.00,22.18,22.48,0.0,0.00,0.0,0.0,,0.0
130,24,1.00,1,15.02,21.49,21.77,0.0,0.00,0.0,0.0,,0.0
130,1,2.00,1,14.17,20.82,21.09,0.0,0.00,0.0,0.0,,0.0
130,2,2.00,1,13.40,20.17,20.42,0.0,0.00,0.0,0.0,,0.0
130,3,2.00,1,12.29,19.50,19.73,0.0,0.00,0.0,0.0,,0.0
130,4,2.00,1,11.48,18.85,19.07,0.0,0.00,0.0,0.0,,0.0
130,5,2.00,1,10.88,18.23,18.44,0.0,0.00,0.0,0.0,,0.0
130,6,2.00,1,10.00,17.60,17.80,0.0,0.00,0.0,0.0,,0.0
130,7,2.00,1,11.14,17.21,17.40,0.0,0.00,0.0,0.0,,0.0
130,8,2.00,1,12.25,17.53,21.83,3957.67,0.00,0.0,0.0,,3957.67
130,9,2.00,1,14.97,18.01,21.83,2266.51,0.00,0.0,0.0,,2266.51
130,10,2.00,1,17.66,18.67,21.83,1648.73,0.00,0.0,0.0,,1648.73
130,11,2.00,1,20.40,19.53,21.83,928.13,0.00,0.0,0.0,,928.13
130,12,2.00,1,22.93,20.62,21.83,92.2,0.00,0.0,0.0,,92.2
130,13,2.00,1,24.90,21.82,22.62,0.0,0.00,0.0,0.0,,0.0
130,14,2.00,1,26.50,23.07,23.72,0.0,0.00,0.0,0.0,,0.0
130,15,2.00,1,27.85,24.29,24.86,0.0,0.00,0.0,0.0,,0.0
130,16,2.00,1,28.85,25.38,25.90,0.0,0.00,0.0,0.0,,0.0
130,17,2.00,1,28.03,26.03,26.51,0.0,0.00,0.0,0.0,,0.0
130,18,2.00,1,27.06,26.33,26.77,0.0,0.00,0.0,0.0,,0.0
130,19,2.00,1,25.40,25.54,25.97,0.0,0.00,0.0,0.0,,0.0
130,20,2.00,1,23.07,24.97,25.38,0.0,0.00,0.0,0.0,,0.0
130,21,2.00,1,20.69,24.34,24.72,0.0,0.00,0.0,0.0,,0.0
130,22,2.00,1,19.14,23.69,24.04,0.0,0.00,0.0,0.0,,0.0
130,23,2.00,1,17.92,23.04,23.37,0.0,0.00,0.0,0.0,,0.0
130,24,2.00,1,16.88,22.40,22.71,0.0,0.00,0.0,0.0,,0.0
130,1,3.00,1,15.89,21.75,22.05,0.0,0.00,0.0,0.0,,0.0
130,2,3.00,1,14.83,21.10,21.38,0.0,0.00,0.0,0.0,,0.0
130,3,3.00,1,13.65,20.42,20.69,0.0,0.00,0.0,0.0,,0.0
130,4,3.00,1,12.67,19.76,20.00,0.0,0.00,0.0,0.0,,0.0
130,5,3.00,1,11.89,19.11,19.35,0.0,0.00,0.0,0.0,,0.0
130,6,3.00,1,11.02,18.47,18.69,0.0,0.00,0.0,0.0,,0.0
130,7,3.00,1,12.06,18.05,18.27,0.0,0.00,0.0,0.0,,0.0
130,8,3.00,1,13.24,18.37,21.83,3131.97,0.00,0.0,0.0,,3131.97
130,9,3.00,1,15.84,18.82,21.83,1727.53,0.00,0.0,0.0,,1727.53
130,10,3.00,1,18.07,19.39,21.83,1217.33,0.00,0.0,0.0,,1217.33
130,11,3.00,1,20.45,20.15,21.83,596.54,0.00,0.0,0.0,,596.54
130,12,3.00,1,22.87,21.15,22.01,0.0,0.00,0.0,0.0,,0.0
130,13,3.00,1,24.32,22.20,22.82,0.0,0.00,0.0,0.0,,0.0
130,14,3.00,1,25.52,23.29,23.81,0.0,0.00,0.0,0.0,,0.0
130,15,3.00,1,26.56,24.35,24.82,0.0,0.00,0.0,0.0,,0.0
130,16,3.00,1,27.21,25.27,25.70,0.0,0.00,0.0,0.0,,0.0
130,17,3.00,1,26.47,25.81,26.21,0.0,0.00,0.0,0.0,,0.0
130,18,3.00,1,25.31,25.98,26.35,0.0,0.00,0.0,0.0,,0.0
130,19,3.00,1,23.84,25.18,25.54,0.0,0.00,0.0,0.0,,0.0
130,20,3.00,1,21.80,24.60,24.94,0.0,0.00,0.0,0.0,,0.0
130,21,3.00,1,19.66,23.94,24.27,0.0,0.00,0.0,0.0,,0.0
130,22,3.00,1,18.09,23.27,23.57,0.0,0.00,0.0,0.0,,0.0
130,23,3.00,1,16.81,22.58,22.87,0.0,0.00,0.0,0.0,,0.0
130,24,3.00,1,15.78,21.91,22.18,0.0,0.00,0.0,0.0,,0.0
130,1,4.00,1,14.82,21.25,21.50,0.0,0.00,0.0,0.0,,0.0
130,2,4.00,1,14.31,20.64,20.88,0.0,0.00,0.0,0.0,,0.0
130,3,4.00,1,13.32,20.00,20.23,0.0,0.00,0.0,0.0,,0.0
130,4,4.00,1,12.64,19.39,19.61,0.0,0.00,0.0,0.0,,0.0
130,5,4.00,1,11.82,18.78,18.99,0.0,0.00,0.0,0.0,,0.0
130,6,4.00,1,11.16,18.20,18.40,0.0,0.00,0.0,0.0,,0.0
130,7,4.00,1,12.22,17.83,18.02,0.0,0.00,0.0,0.0,,0.0
130,8,4.00,1,13.20,18.17,21.83,3343.58,0.00,0.0,0.0,,3343.58
130,9,4.00,1,16.72,18.79,21.83,1705.52,0.00,0.0,0.0,,1705.52
130,10,4.00,1,19.64,19.56,21.83,1044.31,0.00,0.0,0.0,,1044.31
130,11,4.00,1,22.69,20.56,21.83,258.05,0.00,0.0,0.0,,258.05
130,12,4.00,1,24.66,21.63,22.36,0.0,0.00,0.0,0.0,,0.0
130,13,4.00,1,26.51,22.84,23.40,0.0,0.00,0.0,0.0,,0.0
130,14,4.00,1,27.80,24.06,24.54,0.0,0.00,0.0,0.0,,0.0
130,15,4.00,1,28.91,25.24,25.67,0.0,0.00,0.0,0.0,,0.0
130,16,4.00,1,28.12,26.01,26.42,0.0,0.00,0.0,0.0,,0.0
130,17,4.00,1,26.66,26.40,26.78,0.0,0.00,0.0,0.0,,0.0
130,18,4.00,1,25.48,26.51,26.83,-19.21,0.00,0.0,0.0,,-19.21
130,19,4.00,1,23.24,25.58,25.91,0.0,0.00,0.0,0.0,,0.0
130,20,4.00,1,21.09,24.89,25.21,0.0,0.00,0.0,0.0,,0.0
130,21,4.00,1,18.90,24.15,24.45,0.0,0.00,0.0,0.0,,0.0
130,22,4.00,1,17.33,23.40,23.68,0.0,0.00,0.0,0.0,,0.0
130,23,4.00,1,15.94,22.63,22.90,0.0,0.00,0.0,0.0,,0.0
130,24,4.00,1,14.92,21.89,22.15,0.0,0.00,0.0,0.0,,0.0
130,1,5.00,1,13.97,21.17,21.41,0.0,0.00,0.0,0.0,,0.0
130,2,5.00,1,12.97,20.45,20.68,0.0,0.00,0.0,0.0,,0.0
130,3,5.00,1,12.41,19.78,20.00,0.0,0.00,0.0,0.0,,0.0
130,4,5.00,1,11.75,19.14,19.35,0.0,0.00,0.0,0.0,,0.0
130,5,5.00,1,10.66,18.46,18.66,0.0,0.00,0.0,0.0,,0.0
130,6,5.00,1,9.77,17.80,17.99,0.0,0.00,0.0,0.0,,0.0
130,7,5.00,1,11.21,17.42,17.60,0.0,0.00,0.0,0.0,,0.0
130,8,5.00,1,12.19,17.70,21.83,3799.63,0.00,0.0,0.0,,3799.63
130,9,5.00,1,15.36,18.23,21.83,2104.56,0.00,0.0,0.0,,2104.56
130,10,5.00,1,17.84,18.88,21.83,1520.48,0.00,0.0,0.0,,1520.48
130,11,5.00,1,20.32,19.70,21.83,846.02,0.00,0.0,0.0,,846.02
130,12,5.00,1,22.58,20.72,21.83,64.82,0.00,0.0,0.0,,64.82
130,13,5.00,1,24.72,21.91,22.66,0.0,0.00,0.0,0.0,,0.0
130,14,5.00,1,26.34,23.15,23.76,0.0,0.00,0.0,0.0,,0.0
130,15,5.00,1,27.56,24.33,24.87,0.0,0.00,0.0,0.0,,0.0
130,16,5.00,1,28.44,25.38,25.87,0.0,0.00,0.0,0.0,,0.0
130,17,5.00,1,27.59,25.99,26.45,0.0,0.00,0.0,0.0,,0.0
130,18,5.00,1,26.29,26.21,26.63,0.0,0.00,0.0,0.0,,0.0
130,19,5.00,1,24.83,25.43,25.84,0.0,0.00,0.0,0.0,,0.0
130,20,5.00,1,22.34,24.83,25.22,0.0,0.00,0.0,0.0,,0.0
130,21,5.00,1,19.93,24.15,24.52,0.0,0.00,0.0,0.0,,0.0
130,22,5.00,1,18.30,23.47,23.81,0.0,0.00,0.0,0.0,,0.0
130,23,5.00,1,17.27,22.81,23.13,0.0,0.00,0.0,0.0,,0.0
130,24,5.00,1,16.27,22.15,22.45,0.0,0.00,0.0,0.0,,0.0
130,1,6.00,1,15.27,21.49,21.78,0.0,0.00,0.0,0.0,,0.0
130,2,6.00,1,14.47,20.86,21.13,0.0,0.00,0.0,0.0,,0.0
130,3,6.00,1,13.43,20.20,20.46,0.0,0.00,0.0,0.0,,0.0
130,4,6.00,1,12.66,19.57,19.82,0.0,0.00,0.0,0.0,,0.0
130,5,6.00,1,11.69,18.93,19.16,0.0,0.00,0.0,0.0,,0.0
130,6,6.00,1,10.98,18.31,18.53,0.0,0.00,0.0,0.0,,0.0
130,7,6.00,1,12.45,17.97,18.18,0.0,0.00,0.0,0.0,,0.0
130,8,6.00,1,13.87,18.67,18.87,0.0,0.00,0.0,0.0,,0.0
130,9,6.00,1,16.91,19.22,19.41,0.0,0.00,0.0,0.0,,0.0
130,10,6.00,1,19.74,19.86,20.04,0.0,0.00,0.0,0.0,,0.0
130,11,6.00,1,22.63,20.68,20.86,0.0,0.00,0.0,0.0,,0.0
130,12,6.00,1,25.23,21.72,21.90,0.0,0.00,0.0,0.0,,0.0
130,13,6.00,1,27.31,22.92,23.09,0.0,0.00,0.0,0.0,,0.0
130,14,6.00,1,28.95,24.18,24.34,0.0,0.00,0.0,0.0,,0.0
130,15,6.00,1,30.12,25.41,25.56,0.0,0.00,0.0,0.0,,0.0
130,16,6.00,1,29.64,26.35,26.50,0.0,0.00,0.0,0.0,,0.0
130,17,6.00,1,28.75,27.00,27.14,0.0,0.00,0.0,0.0,,0.0
130,18,6.00,1,27.44,27.29,27.43,0.0,0.00,0.0,0.0,,0.0
130,19,6.00,1,25.60,26.42,26.56,0.0,0.00,0.0,0.0,,0.0
130,20,6.00,1,23.36,25.80,25.94,0.0,0.00,0.0,0.0,,0.0
130,21,6.00,1,20.91,25.10,25.23,0.0,0.00,0.0,0.0,,0.0
130,22,6.00,1,19.43,24.41,24.54,0.0,0.00,0.0,0.0,,0.0
130,23,6.00,1,18.42,23.74,23.87,0.0,0.00,0.0,0.0,,0.0
130,24,6.00,1,17.42,23.08,23.20,0.0,0.00,0.0,0.0,,0.0
130,1,7.00,1,16.46,22.42,22.54,0.0,0.00,0.0,0.0,,0.0
130,2,7.00,1,15.48,21.76,21.88,0.0,0.00,0.0,0.0,,0.0
130,3,7.00,1,14.55,21.11,21.22,0.0,0.00,0.0,0.0,,0.0
130,4,7.00,1,13.72,20.47,20.58,0.0,0.00,0.0,0.0,,0.0
130,5,7.00,1,12.30,19.76,19.87,0.0,0.00,0.0,0.0,,0.0
130,6,7.00,1,11.49,19.10,19.21,0.0,0.00,0.0,0.0,,0.0
130,7,7.00,1,12.23,18.63,18.74,0.0,0.00,0.0,0.0,,0.0
130,8,7.00,1,13.13,19.18,19.28,0.0,0.00,0.0,0.0,,0.0
130,9,7.00,1,15.85,19.58,19.69,0.0,0.00,0.0,0.0,,0.0
130,10,7.00,1,17.74,20.00,20.10,0.0,0.00,0.0,0.0,,0.0
130,11,7.00,1,20.07,20.59,20.69,0.0,0.00,0.0,0.0,,0.0
130,12,7.00,1,22.28,21.40,21.51,0.0,0.00,0.0,0.0,,0.0
130,13,7.00,1,23.48,22.31,22.41,0.0,0.00,0.0,0.0,,0.0
130,14,7.00,1,24.48,23.28,23.38,0.0,0.00,0.0,0.0,,0.0
130,15,7.00,1,24.88,24.17,24.27,0.0,0.00,0.0,0.0,,0.0
130,16,7.00,1,24.81,24.91,25.00,0.0,0.00,0.0,0.0,,0.0
130,17,7.00,1,24.20,25.38,25.48,0.0,0.00,0.0,0.0,,0.0
130,18,7.00,1,23.55,25.59,25.69,0.0,0.00,0.0,0.0,,0.0
130,19,7.00,1,22.22,24.69,24.78,0.0,0.00,0.0,0.0,,0.0
130,20,7.00,1,20.71,24.10,24.19,0.0,0.00,0.0,0.0,,0.0
130,21,7.00,1,19.07,23.49,23.58,0.0,0.00,0.0,0.0,,0.0
130,22,7.00,1,18.13,22.90,22.99,0.0,0.00,0.0,0.0,,0.0
130,23,7.00,1,17.51,22.35,22.44,0.0,0.00,0.0,0.0,,0.0
130,24,7.00,1,17.17,21.85,21.94,0.0,0.00,0.0,0.0,,0.0
130,1,1.00,1,16.74,21.38,21.47,0.0,0.00,0.0,0.0,,0.0
130,2,1.00,1,16.05,20.89,20.98,0.0,0.00,0.0,0.0,,0.0
130,3,1.00,1,15.26,20.39,20.47,0.0,0.00,0.0,0.0,,0.0
130,4,1.00,1,14.94,19.94,20.02,0.0,0.00,0.0,0.0,,0.0
130,5,1.00,1,14.27,19.47,19.56,0.0,0.00,0.0,0.0,,0.0
130,6,1.00,1,13.74,19.02,19.10,0.0,0.00,0.0,0.0,,0.0
130,7,1.00,1,13.56,18.61,18.70,0.0,0.00,0.0,-0.0,,0.0
130,8,1.00,1,14.51,18.99,21.83,2646.72,0.00,0.0,0.0,,2646.72
130,9,1.00,1,16.60,19.40,21.83,1422.09,0.00,0.0,0.0,,1422.09
130,10,1.00,1,18.85,19.97,21.83,911.37,0.00,0.0,0.0,,911.37
130,11,1.00,1,21.18,20.72,21.83,302.59,0.00,0.0,-82.6,,219.98999999999998
130,12,1.00,1,22.59,21.56,22.15,0.0,0.00,0.0,0.0,,0.0
130,13,1.00,1,23.55,22.46,22.89,0.0,0.00,0.0,0.0,,0.0
130,14,1.00,1,24.65,23.43,23.80,0.0,0.00,0.0,0.0,,0.0
130,15,1.00,1,25.43,24.37,24.70,0.0,0.00,0.0,0.0,,0.0
130,16,1.00,1,24.87,25.00,25.30,0.0,0.00,0.0,0.0,,0.0
130,17,1.00,1,23.89,25.32,25.60,0.0,0.00,0.0,0.0,,0.0
130,18,1.00,1,23.21,25.42,25.68,0.0,0.00,0.0,0.0,,0.0
130,19,1.00,1,21.47,24.56,24.82,0.0,0.00,0.0,0.0,,0.0
130,20,1.00,1,19.87,23.95,24.19,0.0,0.00,0.0,0.0,,0.0
130,21,1.00,1,18.11,23.28,23.51,0.0,0.00,0.0,0.0,,0.0
130,22,1.00,1,16.73,22.59,22.81,0.0,0.00,0.0,0.0,,0.0
130,23,1.00,1,15.41,21.89,22.09,0.0,0.00,0.0,0.0,,0.0
130,24,1.00,1,14.65,21.22,21.42,0.0,0.00,0.0,0.0,,0.0
130,1,2.00,1,13.71,20.56,20.75,0.0,0.00,0.0,0.0,,0.0
130,2,2.00,1,13.19,19.95,20.12,0.0,0.00,0.0,0.0,,0.0
130,3,2.00,1,12.23,19.31,19.48,0.0,0.00,0.0,0.0,,0.0
130,4,2.00,1,11.62,18.71,18.87,0.0,0.00,0.0,0.0,,0.0
130,5,2.00,1,11.20,18.15,18.31,0.0,0.00,0.0,0.0,,0.0
130,6,2.00,1,10.34,17.57,17.72,0.0,0.00,0.0,0.0,,0.0
130,7,2.00,1,11.81,17.26,17.40,0.0,0.00,0.0,0.0,,0.0
130,8,2.00,1,12.89,17.66,21.83,3874.61,0.00,0.0,0.0,,3874.61
130,9,2.00,1,15.42,18.16,21.83,2185.14,0.00,0.0,0.0,,2185.14
130,10,2.00,1,18.45,18.90,21.83,1494.61,0.00,0.0,0.0,,1494.61
130,11,2.00,1,21.85,19.93,21.83,646.6,0.00,0.0,0.0,,646.6
130,12,2.00,1,24.49,21.13,22.09,0.0,0.00,0.0,-69.28,,-69.28
130,13,2.00,1,26.87,22.48,23.16,0.0,0.00,0.0,0.0,,0.0
130,14,2.00,1,28.43,23.82,24.39,0.0,0.00,0.0,0.0,,0.0
130,15,2.00,1,29.62,25.10,25.60,0.0,0.00,0.0,0.0,,0.0
130,16,2.00,1,28.95,25.98,26.44,0.0,0.00,0.0,0.0,,0.0
130,17,2.00,1,27.91,26.51,26.83,-99.81,0.00,0.0,0.0,,-99.81
130,18,2.00,1,26.89,26.74,26.83,-256.07,0.00,0.0,0.0,,-256.07
130,19,2.00,1,25.10,25.91,26.18,0.0,0.00,0.0,0.0,,0.0
130,20,2.00,1,22.65,25.28,25.59,0.0,0.00,0.0,0.0,,0.0
130,21,2.00,1,20.23,24.59,24.89,0.0,0.00,0.0,0.0,,0.0
130,22,2.00,1,18.53,23.87,24.16,0.0,0.00,0.0,0.0,,0.0
130,23,2.00,1,17.06,23.14,23.41,0.0,0.00,0.0,0.0,,0.0
130,24,2.00,1,16.11,22.44,22.70,0.0,0.00,0.0,0.0,,0.0
130,1,3.00,1,15.11,21.74,21.99,0.0,0.00,0.0,0.0,,0.0
130,2,3.00,1,14.33,21.08,21.31,0.0,0.00,0.0,0.0,,0.0
130,3,3.00,1,13.46,20.42,20.64,0.0,0.00,0.0,0.0,,0.0
130,4,3.00,1,12.70,19.78,19.98,0.0,0.00,0.0,0.0,,0.0
130,5,3.00,1,12.01,19.15,19.35,0.0,0.00,0.0,0.0,,0.0
130,6,3.00,1,11.24,18.54,18.73,0.0,0.00,0.0,0.0,,0.0
130,7,3.00,1,12.70,18.20,18.38,0.0,0.00,0.0,0.0,,0.0
130,8,3.00,1,14.08,18.62,21.83,2924.03,0.00,0.0,0.0,,2924.03
130,9,3.00,1,16.89,19.16,21.83,1492.92,0.00,0.0,0.0,,1492.92
130,10,3.00,1,19.96,19.93,21.83,823.65,0.00,0.0,0.0,,823.65
130,11,3.00,1,23.14,20.94,21.83,31.5,0.00,0.0,-126.44,,-94.94
130,12,3.00,1,25.60,22.10,22.68,0.0,0.00,0.0,0.0,,0.0
130,13,3.00,1,27.71,23.40,23.86,0.0,0.00,0.0,0.0,,0.0
130,14,3.00,1,29.19,24.70,25.10,0.0,0.00,0.0,0.0,,0.0
130,15,3.00,1,30.35,25.93,26.31,0.0,0.00,0.0,0.0,,0.0
130,16,3.00,1,31.29,27.05,26.83,-537.45,0.00,0.0,0.0,,-537.45
130,17,3.00,1,30.48,27.73,26.83,-993.41,0.00,0.0,0.0,,-993.41
130,18,3.00,1,29.31,28.02,26.83,-1040.11,0.00,0.0,0.0,,-1040.11
130,19,3.00,1,27.29,27.17,26.89,0.0,0.00,0.0,0.0,,0.0
130,20,3.00,1,24.64,26.54,26.52,0.0,0.00,0.0,0.0,,0.0
130,21,3.00,1,21.65,25.79,25.85,0.0,0.00,0.0,0.0,,0.0
130,22,3.00,1,19.91,25.05,25.13,0.0,0.00,0.0,0.0,,0.0
130,23,3.00,1,18.66,24.33,24.42,0.0,0.00,0.0,0.0,,0.0
130,24,3.00,1,17.58,23.62,23.71,0.0,0.00,0.0,0.0,,0.0
130,1,4.00,1,16.49,22.90,23.00,0.0,0.00,0.0,0.0,,0.0
130,2,4.00,1,15.62,22.22,22.31,0.0,0.00,0.0,0.0,,0.0
130,3,4.00,1,14.79,21.54,21.63,0.0,0.00,0.0,0.0,,0.0
130,4,4.00,1,14.11,20.90,20.99,0.0,0.00,0.0,0.0,,0.0
130,5,4.00,1,13.25,20.25,20.35,0.0,0.00,0.0,0.0,,0.0
130,6,4.00,1,12.55,19.63,19.72,0.0,0.00,0.0,0.0,,0.0
130,7,4.00,1,14.25,19.31,19.40,0.0,0.00,0.0,0.0,,0.0
130,8,4.00,1,15.50,19.74,21.83,1925.23,0.00,0.0,0.0,,1925.23
130,9,4.00,1,18.46,20.31,21.83,773.55,0.00,0.0,-6.86,,766.6899999999999
130,10,4.00,1,20.82,20.98,21.83,243.34,0.00,0.0,-390.68,,-147.34
130,11,4.00,1,23.14,21.79,22.22,0.0,0.00,0.0,-239.14,,-239.14
130,12,4.00,1,25.53,22.84,23.15,0.0,0.00,0.0,0.0,,0.0
130,13,4.00,1,27.82,24.09,24.34,0.0,0.00,0.0,0.0,,0.0
130,14,4.00,1,29.63,25.38,25.62,0.0,0.00,0.0,0.0,,0.0
130,15,4.00,1,30.72,26.59,26.80,0.0,0.00,0.0,0.0,,0.0
130,16,4.00,1,31.89,27.71,26.83,-1031.6,0.00,0.0,0.0,,-1031.6
130,17,4.00,1,31.25,28.40,26.83,-1361.55,0.00,0.0,0.0,,-1361.55
130,18,4.00,1,29.83,28.66,26.83,-1356.14,0.00,0.0,0.0,,-1356.14
130,19,4.00,1,28.39,27.86,27.25,0.0,0.00,0.0,0.0,,0.0
130,20,4.00,1,26.04,27.29,27.05,0.0,0.00,0.0,0.0,,0.0
130,21,4.00,1,23.57,26.64,26.52,0.0,0.00,0.0,0.0,,0.0
130,22,4.00,1,21.66,25.95,25.87,0.0,0.00,0.0,0.0,,0.0
130,23,4.00,1,20.42,25.27,25.21,0.0,0.00,0.0,0.0,,0.0
130,24,4.00,1,19.47,24.62,24.57,0.0,0.00,0.0,0.0,,0.0
130,1,5.00,1,18.41,23.95,23.92,0.0,0.00,0.0,0.0,,0.0
130,2,5.00,1,17.57,23.31,23.29,0.0,0.00,0.0,0.0,,0.0
130,3,5.00,1,16.80,22.68,22.67,0.0,0.00,0.0,0.0,,0.0
130,4,5.00,1,15.73,22.03,22.03,0.0,0.00,0.0,0.0,,0.0
130,5,5.00,1,13.90,21.28,21.28,0.0,0.00,0.0,0.0,,0.0
130,6,5.00,1,12.93,20.57,20.57,0.0,0.00,0.0,0.0,,0.0
130,7,5.00,1,14.16,20.12,20.14,0.0,0.00,0.0,0.0,,0.0
130,8,5.00,1,15.47,20.43,21.83,1323.6,0.00,0.0,0.0,,1323.6
130,9,5.00,1,18.44,20.93,21.83,429.99,0.00,0.0,-130.05,,299.94
130,10,5.00,1,21.23,21.60,21.95,0.0,0.00,0.0,-345.55,,-345.55
130,11,5.00,1,24.21,22.51,22.71,0.0,0.00,0.0,-141.16,,-141.16
130,12,5.00,1,27.10,23.67,23.83,0.0,0.00,0.0,0.0,,0.0
130,13,5.00,1,29.35,24.96,25.10,0.0,0.00,0.0,0.0,,0.0
130,14,5.00,1,31.11,26.29,26.42,0.0,0.00,0.0,0.0,,0.0
130,15,5.00,1,32.39,27.55,26.83,-805.86,0.00,0.0,0.0,,-805.86
130,16,5.00,1,33.18,28.65,26.83,-1602.18,0.00,0.0,0.0,,-1602.18
130,17,5.00,1,32.36,29.32,26.83,-1881.03,0.00,0.0,0.0,,-1881.03
130,18,5.00,1,31.04,29.59,26.83,-1873.73,0.00,0.0,0.0,,-1873.73
130,19,5.00,1,29.40,28.75,27.71,0.0,0.00,0.0,0.0,,0.0
130,20,5.00,1,26.63,28.12,27.59,0.0,0.00,0.0,0.0,,0.0
130,21,5.00,1,24.10,27.43,27.08,0.0,0.00,0.0,0.0,,0.0
130,22,5.00,1,22.40,26.73,26.45,0.0,0.00,0.0,0.0,,0.0
130,23,5.00,1,21.09,26.03,25.79,0.0,0.00,0.0,0.0,,0.0
130,24,5.00,1,19.88,25.32,25.11,0.0,0.00,0.0,0.0,,0.0
130,1,6.00,1,18.76,24.62,24.43,0.0,0.00,0.0,0.0,,0.0
130,2,6.00,1,17.92,23.94,23.78,0.0,0.00,0.0,0.0,,0.0
130,3,6.00,1,16.83,23.24,23.10,0.0,0.00,0.0,0.0,,0.0
130,4,6.00,1,15.89,22.56,22.44,0.0,0.00,0.0,0.0,,0.0
130,5,6.00,1,14.44,21.82,21.71,0.0,0.00,0.0,0.0,,0.0
130,6,6.00,1,13.74,21.13,21.04,0.0,0.00,0.0,0.0,,0.0
130,7,6.00,1,14.96,20.70,20.62,0.0,0.00,0.0,0.0,,0.0
130,8,6.00,1,16.29,21.32,21.25,0.0,0.00,0.0,0.0,,0.0
130,9,6.00,1,19.28,21.80,21.74,0.0,0.00,0.0,0.0,,0.0
130,10,6.00,1,22.30,22.40,22.35,0.0,0.00,0.0,0.0,,0.0
130,11,6.00,1,25.36,23.20,23.16,0.0,0.00,0.0,0.0,,0.0
130,12,6.00,1,28.02,24.23,24.20,0.0,0.00,0.0,0.0,,0.0
130,13,6.00,1,29.82,25.37,25.35,0.0,0.00,0.0,0.0,,0.0
130,14,6.00,1,31.68,26.62,26.61,0.0,0.00,0.0,0.0,,0.0
130,15,6.00,1,33.02,27.85,27.84,0.0,0.00,0.0,0.0,,0.0
130,16,6.00,1,33.92,28.95,28.95,0.0,0.00,0.0,0.0,,0.0
130,17,6.00,1,33.40,29.73,29.73,0.0,0.00,0.0,0.0,,0.0
130,18,6.00,1,32.30,30.15,30.15,0.0,0.00,0.0,0.0,,0.0
130,19,6.00,1,31.09,29.46,29.46,0.0,0.00,0.0,0.0,,0.0
130,20,6.00,1,28.99,28.98,29.00,0.0,0.00,0.0,0.0,,0.0
130,21,6.00,1,26.44,28.39,28.41,0.0,0.00,0.0,0.0,,0.0
130,22,6.00,1,24.59,27.76,27.78,0.0,0.00,0.0,0.0,,0.0
130,23,6.00,1,22.89,27.07,27.09,0.0,0.00,0.0,0.0,,0.0
130,24,6.00,1,21.79,26.41,26.43,0.0,0.00,0.0,0.0,,0.0
130,1,7.00,1,20.88,25.76,25.79,0.0,0.00,0.0,0.0,,0.0
130,2,7.00,1,20.03,25.13,25.16,0.0,0.00,0.0,0.0,,0.0
130,3,7.00,1,18.87,24.47,24.50,0.0,0.00,0.0,0.0,,0.0
130,4,7.00,1,17.83,23.80,23.84,0.0,0.00,0.0,0.0,,0.0
130,5,7.00,1,16.69,23.12,23.16,0.0,0.00,0.0,0.0,,0.0
130,6,7.00,1,15.65,22.44,22.48,0.0,0.00,0.0,0.0,,0.0
130,7,7.00,1,16.40,21.97,22.00,0.0,0.00,0.0,0.0,,0.0
130,8,7.00,1,18.18,22.62,22.66,0.0,0.00,0.0,0.0,,0.0
130,9,7.00,1,20.82,23.07,23.11,0.0,0.00,0.0,-0.0,,0.0
130,10,7.00,1,23.52,23.63,23.67,0.0,0.00,0.0,-0.0,,0.0
130,11,7.00,1,25.96,24.32,24.36,0.0,0.00,0.0,-0.0,,0.0
130,12,7.00,1,29.15,25.34,25.38,0.0,0.00,0.0,0.0,,0.0
130,13,7.00,1,30.77,26.45,26.49,0.0,0.00,0.0,0.0,,0.0
130,14,7.00,1,32.65,27.67,27.71,0.0,0.00,0.0,0.0,,0.0
130,15,7.00,1,33.95,28.87,28.91,0.0,0.00,0.0,0.0,,0.0
130,16,7.00,1,34.85,29.94,29.99,0.0,0.00,0.0,0.0,,0.0
130,17,7.00,1,34.08,30.67,30.72,0.0,0.00,0.0,0.0,,0.0
130,18,7.00,1,32.67,31.01,31.06,0.0,0.00,0.0,0.0,,0.0
130,19,7.00,1,31.31,30.25,30.29,0.0,0.00,0.0,0.0,,0.0
130,20,7.00,1,28.85,29.68,29.72,0.0,0.00,0.0,0.0,,0.0
130,21,7.00,1,25.88,28.96,29.01,0.0,0.00,0.0,0.0,,0.0
130,22,7.00,1,23.96,28.22,28.27,0.0,0.00,0.0,0.0,,0.0
130,23,7.00,1,22.45,27.48,27.53,0.0,0.00,0.0,0.0,,0.0
130,24,7.00,1,21.31,26.75,26.80,0.0,0.00,0.0,0.0,,0.0
130,1,1.00,2,20.17,26.02,26.06,0.0,0.00,0.0,0.0,,0.0
130,2,1.00,2,19.13,25.29,25.34,0.0,0.00,0.0,0.0,,0.0
130,3,1.00,2,18.05,24.57,24.62,0.0,0.00,0.0,0.0,,0.0
130,4,1.00,2,17.41,23.89,23.94,0.0,0.00,0.0,0.0,,0.0
130,5,1.00,2,16.56,23.22,23.27,0.0,0.00,0.0,0.0,,0.0
130,6,1.00,2,15.83,22.57,22.61,0.0,0.00,0.0,0.0,,0.0
130,7,1.00,2,17.23,22.18,22.23,0.0,0.00,0.0,0.0,,0.0
130,8,1.00,2,18.56,22.57,22.62,0.0,0.00,0.0,-262.56,,-262.56
130,9,1.00,2,21.05,23.02,23.07,0.0,0.00,0.0,-487.54,,-487.54
130,10,1.00,2,23.51,23.65,23.70,0.0,0.00,0.0,-452.34,,-452.34
130,11,1.00,2,25.50,24.48,24.52,0.0,0.00,0.0,-230.09,,-230.09
130,12,1.00,2,28.65,25.73,25.77,0.0,0.00,0.0,0.0,,0.0
130,13,1.00,2,30.08,27.00,26.85,-190.03,0.00,0.0,0.0,,-190.03
130,14,1.00,2,31.45,28.31,26.85,-1386.23,0.00,0.0,-14.83,,-1401.06
130,15,1.00,2,32.23,29.51,26.85,-2137.91,0.00,0.0,-233.28,,-2371.19
130,16,1.00,2,31.53,30.36,26.85,-2539.22,0.00,0.0,-308.86,,-2848.08
130,17,1.00,2,30.64,30.89,26.85,-2711.83,0.00,0.0,-204.97,,-2916.7999999999997
130,18,1.00,2,29.37,31.05,26.85,-2617.21,0.00,0.0,-30.98,,-2648.19
130,19,1.00,2,27.74,30.18,28.42,0.0,0.00,0.0,0.0,,0.0
130,20,1.00,2,25.50,29.43,28.42,0.0,0.00,0.0,0.0,,0.0
130,21,1.00,2,23.27,28.60,27.85,0.0,0.00,0.0,0.0,,0.0
130,22,1.00,2,21.43,27.73,27.10,0.0,0.00,0.0,0.0,,0.0
130,23,1.00,2,20.29,26.90,26.35,0.0,0.00,0.0,0.0,,0.0
130,24,1.00,2,19.35,26.10,25.61,0.0,0.00,0.0,0.0,,0.0
