ID_Recinto,Hora,Dia,Mes,Temperatura_exterior,Temperatura_operativa_free_float,Temperatura_operativa_con_clima,Demanda,Sol,G_HU,G_DHU,x_int_aire,demanda_total
161,1,1.00,1,18.97,28.88,26.67,0.0,0.00,0.0,0.0,,0.0
161,2,1.00,1,18.43,28.50,26.36,0.0,0.00,0.0,0.0,,0.0
161,3,1.00,1,17.89,28.12,26.07,0.0,0.00,0.0,0.0,,0.0
161,4,1.00,1,18.44,27.83,25.84,0.0,0.00,0.0,0.0,,0.0
161,5,1.00,1,18.59,27.55,25.62,0.0,0.00,0.0,0.0,,0.0
161,6,1.00,1,19.25,27.31,25.45,0.0,0.00,0.0,0.0,,0.0
161,7,1.00,1,19.96,27.11,25.31,0.0,0.00,0.0,0.0,,0.0
161,8,1.00,1,20.74,28.35,26.78,0.0,19.50,0.0,0.0,,0.0
161,9,1.00,1,22.89,29.09,27.41,-529.27,73.95,0.0,0.0,,-529.27
161,10,1.00,1,24.44,29.72,27.41,-2194.59,112.56,0.0,0.0,,-2194.59
161,11,1.00,1,25.80,30.37,27.41,-3490.52,136.75,0.0,-564.5,,-4055.02
161,12,1.00,1,27.16,31.08,27.41,-4818.72,157.40,0.0,-1382.2,,-6200.92
161,13,1.00,1,26.70,31.54,27.41,-5396.94,163.96,0.0,-2455.53,,-7852.469999999999
161,14,1.00,1,25.91,31.89,27.41,-5765.21,161.16,0.0,-2315.34,,-8080.55
161,15,1.00,1,25.56,32.26,27.41,-6213.98,160.49,0.0,-1019.05,,-7233.03
161,16,1.00,1,25.00,32.55,27.41,-6451.1,163.71,0.0,-1235.61,,-7686.71
161,17,1.00,1,24.59,32.79,27.41,-6578.16,151.59,0.0,-8.8,,-6586.96
161,18,1.00,1,24.07,32.92,27.41,-6485.41,129.48,0.0,-187.32,,-6672.73
161,19,1.00,1,23.35,31.80,28.26,0.0,83.16,0.0,0.0,,0.0
161,20,1.00,1,22.69,31.29,28.30,0.0,29.62,0.0,0.0,,0.0
161,21,1.00,1,22.27,30.90,28.11,0.0,0.00,0.0,0.0,,0.0
161,22,1.00,1,21.70,30.51,27.85,0.0,0.00,0.0,0.0,,0.0
161,23,1.00,1,21.51,30.16,27.60,0.0,0.00,0.0,0.0,,0.0
161,24,1.00,1,20.74,29.79,27.32,0.0,0.00,0.0,0.0,,0.0
161,1,2.00,1,20.37,29.43,27.05,0.0,0.00,0.0,0.0,,0.0
161,2,2.00,1,19.85,29.07,26.78,0.0,0.00,0.0,0.0,,0.0
161,3,2.00,1,19.16,28.71,26.49,0.0,0.00,0.0,0.0,,0.0
161,4,2.00,1,18.59,28.35,26.21,0.0,0.00,0.0,0.0,,0.0
161,5,2.00,1,18.36,28.02,25.94,0.0,0.00,0.0,0.0,,0.0
161,6,2.00,1,18.16,27.70,25.69,0.0,0.00,0.0,0.0,,0.0
161,7,2.00,1,17.94,27.38,25.45,0.0,0.00,0.0,0.0,,0.0
161,8,2.00,1,18.89,28.36,26.67,0.0,19.50,0.0,0.0,,0.0
161,9,2.00,1,21.01,28.99,27.41,0.0,73.95,0.0,0.0,,0.0
161,10,2.00,1,22.59,29.56,27.41,-1644.4,112.56,0.0,0.0,,-1644.4
161,11,2.00,1,23.70,30.11,27.41,-2771.19,136.75,0.0,0.0,,-2771.19
161,12,2.00,1,24.29,30.62,27.41,-3718.8,157.40,0.0,-12.66,,-3731.46
161,13,2.00,1,25.31,31.23,27.41,-4841.93,163.96,0.0,-1597.14,,-6439.070000000001
161,14,2.00,1,26.02,31.82,27.41,-5790.46,161.16,0.0,-1997.48,,-7787.9400000000005
161,15,2.00,1,26.67,32.39,27.41,-6654.81,160.49,0.0,-1514.15,,-8168.960000000001
161,16,2.00,1,27.40,32.96,27.41,-7454.81,163.71,0.0,-1989.77,,-9444.58
161,17,2.00,1,26.97,33.30,27.41,-7621.36,151.59,0.0,-2048.74,,-9670.099999999999
161,18,2.00,1,25.92,33.43,27.41,-7358.54,129.48,0.0,-1234.91,,-8593.45
161,19,2.00,1,25.63,32.23,28.48,0.0,83.16,0.0,0.0,,0.0
161,20,2.00,1,24.53,31.70,28.57,0.0,29.62,0.0,0.0,,0.0
161,21,2.00,1,23.72,31.30,28.39,0.0,0.00,0.0,0.0,,0.0
161,22,2.00,1,22.87,30.92,28.14,0.0,0.00,0.0,0.0,,0.0
161,23,2.00,1,22.36,30.56,27.89,0.0,0.00,0.0,0.0,,0.0
161,24,2.00,1,21.21,30.16,27.58,0.0,0.00,0.0,0.0,,0.0
161,1,3.00,1,20.48,29.78,27.29,0.0,0.00,0.0,0.0,,0.0
161,2,3.00,1,19.93,29.41,27.01,0.0,0.00,0.0,0.0,,0.0
161,3,3.00,1,19.74,29.06,26.74,0.0,0.00,0.0,0.0,,0.0
161,4,3.00,1,19.00,28.70,26.46,0.0,0.00,0.0,0.0,,0.0
161,5,3.00,1,18.30,28.33,26.17,0.0,0.00,0.0,0.0,,0.0
161,6,3.00,1,17.77,27.98,25.88,0.0,0.00,0.0,0.0,,0.0
161,7,3.00,1,17.39,27.63,25.60,0.0,0.00,0.0,0.0,,0.0
161,8,3.00,1,18.49,29.76,27.80,0.0,19.50,0.0,0.0,,0.0
161,9,3.00,1,20.42,30.59,28.68,0.0,73.95,0.0,0.0,,0.0
161,10,3.00,1,22.69,31.22,29.38,0.0,112.56,0.0,0.0,,0.0
161,11,3.00,1,23.77,31.80,30.01,0.0,136.75,0.0,0.0,,0.0
161,12,3.00,1,24.96,32.42,30.69,0.0,157.40,0.0,0.0,,0.0
161,13,3.00,1,25.82,33.07,31.39,0.0,163.96,0.0,0.0,,0.0
161,14,3.00,1,26.46,33.71,32.08,0.0,161.16,0.0,0.0,,0.0
161,15,3.00,1,26.98,34.34,32.76,0.0,160.49,0.0,0.0,,0.0
161,16,3.00,1,27.47,34.95,33.41,0.0,163.71,0.0,0.0,,0.0
161,17,3.00,1,26.86,35.42,33.93,0.0,151.59,0.0,0.0,,0.0
161,18,3.00,1,25.87,35.76,34.31,0.0,129.48,0.0,0.0,,0.0
161,19,3.00,1,25.08,33.65,32.24,0.0,83.16,0.0,0.0,,0.0
161,20,3.00,1,24.16,32.88,31.51,0.0,29.62,0.0,0.0,,0.0
161,21,3.00,1,23.24,32.37,31.04,0.0,0.00,0.0,0.0,,0.0
161,22,3.00,1,22.35,31.92,30.63,0.0,0.00,0.0,0.0,,0.0
161,23,3.00,1,21.36,31.48,30.21,0.0,0.00,0.0,0.0,,0.0
161,24,3.00,1,21.01,31.07,29.84,0.0,0.00,0.0,0.0,,0.0
161,1,4.00,1,20.07,30.64,29.44,0.0,0.00,0.0,0.0,,0.0
161,2,4.00,1,19.51,30.22,29.06,0.0,0.00,0.0,0.0,,0.0
161,3,4.00,1,19.02,29.82,28.68,0.0,0.00,0.0,0.0,,0.0
161,4,4.00,1,17.55,29.36,28.25,0.0,0.00,0.0,0.0,,0.0
161,5,4.00,1,17.86,29.00,27.91,0.0,0.00,0.0,0.0,,0.0
161,6,4.00,1,19.61,28.76,27.71,0.0,0.00,0.0,0.0,,0.0
161,7,4.00,1,20.41,28.54,27.50,0.0,0.00,0.0,0.0,,0.0
161,8,4.00,1,20.77,30.67,29.66,0.0,19.50,0.0,0.0,,0.0
161,9,4.00,1,22.25,31.49,30.50,0.0,73.95,0.0,0.0,,0.0
161,10,4.00,1,24.22,32.10,31.14,0.0,112.56,0.0,0.0,,0.0
161,11,4.00,1,26.09,32.74,31.80,0.0,136.75,0.0,0.0,,0.0
161,12,4.00,1,27.11,33.38,32.46,0.0,157.40,0.0,0.0,,0.0
161,13,4.00,1,25.97,33.91,33.01,0.0,163.96,0.0,0.0,,0.0
161,14,4.00,1,26.04,34.47,33.59,0.0,161.16,0.0,0.0,,0.0
161,15,4.00,1,25.82,35.01,34.15,0.0,160.49,0.0,0.0,,0.0
161,16,4.00,1,24.64,35.45,34.60,0.0,163.71,0.0,0.0,,0.0
161,17,4.00,1,24.20,35.83,35.00,0.0,151.59,0.0,0.0,,0.0
161,18,4.00,1,24.00,36.14,35.33,0.0,129.48,0.0,0.0,,0.0
161,19,4.00,1,22.85,33.96,33.16,0.0,83.16,0.0,0.0,,0.0
161,20,4.00,1,22.21,33.15,32.36,0.0,29.62,0.0,0.0,,0.0
161,21,4.00,1,21.60,32.61,31.84,0.0,0.00,0.0,0.0,,0.0
161,22,4.00,1,20.90,32.13,31.37,0.0,0.00,0.0,0.0,,0.0
161,23,4.00,1,20.63,31.69,30.95,0.0,0.00,0.0,0.0,,0.0
161,24,4.00,1,20.44,31.28,30.55,0.0,0.00,0.0,0.0,,0.0
161,1,5.00,1,20.28,30.89,30.17,0.0,0.00,0.0,0.0,,0.0
161,2,5.00,1,20.08,30.50,29.80,0.0,0.00,0.0,0.0,,0.0
161,3,5.00,1,20.00,30.14,29.45,0.0,0.00,0.0,0.0,,0.0
161,4,5.00,1,19.94,29.80,29.12,0.0,0.00,0.0,0.0,,0.0
161,5,5.00,1,19.91,29.47,28.80,0.0,0.00,0.0,0.0,,0.0
161,6,5.00,1,19.59,29.13,28.48,0.0,0.00,0.0,0.0,,0.0
161,7,5.00,1,19.10,28.79,28.15,0.0,0.00,0.0,0.0,,0.0
161,8,5.00,1,19.85,29.70,27.41,-4401.09,19.50,0.0,0.0,,-4401.09
161,9,5.00,1,21.53,30.22,27.41,-4593.79,73.95,0.0,-581.09,,-5174.88
161,10,5.00,1,23.47,30.80,27.41,-5484.12,112.56,0.0,-1494.06,,-6978.18
161,11,5.00,1,24.36,31.30,27.41,-6088.6,136.75,0.0,-1088.95,,-7177.55
161,12,5.00,1,25.29,31.84,27.41,-6807.04,157.40,0.0,-1335.5,,-8142.54
161,13,5.00,1,26.04,32.40,27.41,-7506.7,163.96,0.0,-3078.66,,-10585.36
161,14,5.00,1,26.69,32.95,27.41,-8156.24,161.16,0.0,-1871.0,,-10027.24
161,15,5.00,1,27.34,33.50,27.41,-8782.93,160.49,0.0,-1731.85,,-10514.78
161,16,5.00,1,28.02,34.04,27.41,-9357.62,163.71,0.0,-878.46,,-10236.080000000002
161,17,5.00,1,27.53,34.34,27.41,-9322.48,151.59,0.0,-2442.52,,-11765.0
161,18,5.00,1,26.97,34.52,27.41,-9107.8,129.48,0.0,-1170.74,,-10278.539999999999
161,19,5.00,1,26.12,33.30,29.00,0.0,83.16,0.0,0.0,,0.0
161,20,5.00,1,24.81,32.74,29.21,0.0,29.62,0.0,0.0,,0.0
161,21,5.00,1,23.91,32.31,29.05,0.0,0.00,0.0,0.0,,0.0
161,22,5.00,1,23.11,31.90,28.80,0.0,0.00,0.0,0.0,,0.0
161,23,5.00,1,23.40,31.57,28.60,0.0,0.00,0.0,0.0,,0.0
161,24,5.00,1,22.64,31.21,28.34,0.0,0.00,0.0,0.0,,0.0
161,1,6.00,1,21.92,30.83,28.07,0.0,0.00,0.0,0.0,,0.0
161,2,6.00,1,21.01,30.45,27.78,0.0,0.00,0.0,0.0,,0.0
161,3,6.00,1,20.24,30.06,27.49,0.0,0.00,0.0,0.0,,0.0
161,4,6.00,1,19.60,29.68,27.20,0.0,0.00,0.0,0.0,,0.0
161,5,6.00,1,20.15,29.38,26.99,0.0,0.00,0.0,0.0,,0.0
161,6,6.00,1,20.69,29.12,26.81,0.0,0.00,0.0,0.0,,0.0
161,7,6.00,1,20.95,28.87,26.63,0.0,0.00,0.0,0.0,,0.0
161,8,6.00,1,21.71,30.00,27.41,-1649.62,19.50,0.0,-90.71,,-1740.33
161,9,6.00,1,23.26,30.59,27.41,-3035.33,73.95,0.0,-579.81,,-3615.14
161,10,6.00,1,24.66,31.14,27.41,-4058.46,112.56,0.0,-974.08,,-5032.54
161,11,6.00,1,25.48,31.65,27.41,-4928.48,136.75,0.0,-393.04,,-5321.5199999999995
161,12,6.00,1,25.78,32.11,27.41,-5631.3,157.40,0.0,-93.05,,-5724.35
161,13,6.00,1,26.39,32.63,27.41,-6470.92,163.96,0.0,-1938.64,,-8409.56
161,14,6.00,1,26.73,33.13,27.41,-7165.4,161.16,0.0,-793.35,,-7958.75
161,15,6.00,1,27.21,33.64,27.41,-7860.17,160.49,0.0,-918.63,,-8778.8
161,16,6.00,1,26.84,33.99,27.41,-8113.42,163.71,0.0,0.0,,-8113.42
161,17,6.00,1,26.31,34.23,27.41,-8141.66,151.59,0.0,-314.05,,-8455.71
161,18,6.00,1,25.54,34.33,27.41,-7902.72,129.48,0.0,0.0,,-7902.72
161,19,6.00,1,25.21,33.22,28.71,0.0,83.16,0.0,0.0,,0.0
161,20,6.00,1,24.45,32.72,28.87,0.0,29.62,0.0,0.0,,0.0
161,21,6.00,1,23.80,32.31,28.73,0.0,0.00,0.0,0.0,,0.0
161,22,6.00,1,23.43,31.94,28.51,0.0,0.00,0.0,0.0,,0.0
161,23,6.00,1,23.29,31.59,28.30,0.0,0.00,0.0,0.0,,0.0
161,24,6.00,1,22.74,31.23,28.07,0.0,0.00,0.0,0.0,,0.0
161,1,7.00,1,22.11,30.87,27.82,0.0,0.00,0.0,0.0,,0.0
161,2,7.00,1,21.56,30.52,27.57,0.0,0.00,0.0,0.0,,0.0
161,3,7.00,1,21.09,30.17,27.32,0.0,0.00,0.0,0.0,,0.0
161,4,7.00,1,20.52,29.81,27.07,0.0,0.00,0.0,0.0,,0.0
161,5,7.00,1,19.87,29.46,26.80,0.0,0.00,0.0,0.0,,0.0
161,6,7.00,1,19.44,29.12,26.55,0.0,0.00,0.0,0.0,,0.0
161,7,7.00,1,19.04,28.78,26.30,0.0,0.00,0.0,0.0,,0.0
161,8,7.00,1,20.12,29.74,27.41,-433.64,19.50,0.0,0.0,,-433.64
161,9,7.00,1,22.08,30.33,27.41,-2185.73,73.95,0.0,0.0,,-2185.73
161,10,7.00,1,23.38,30.84,27.41,-3192.24,112.56,0.0,0.0,,-3192.24
161,11,7.00,1,24.49,31.36,27.41,-4194.66,136.75,0.0,0.0,,-4194.66
161,12,7.00,1,25.35,31.90,27.41,-5151.51,157.40,0.0,-245.09,,-5396.6
161,13,7.00,1,26.00,32.44,27.41,-6038.71,163.96,0.0,-1433.33,,-7472.04
161,14,7.00,1,26.56,32.98,27.41,-6851.94,161.16,0.0,-999.51,,-7851.45
161,15,7.00,1,27.15,33.51,27.41,-7621.11,160.49,0.0,-573.01,,-8194.119999999999
161,16,7.00,1,27.72,34.03,27.41,-8286.78,163.71,0.0,-525.12,,-8811.900000000001
161,17,7.00,1,27.28,34.34,27.41,-8398.07,151.59,0.0,-998.15,,-9396.22
161,18,7.00,1,26.68,34.51,27.41,-8268.86,129.48,0.0,-291.53,,-8560.390000000001
161,19,7.00,1,26.13,33.32,28.74,0.0,83.16,0.0,0.0,,0.0
161,20,7.00,1,25.24,32.81,28.92,0.0,29.62,0.0,0.0,,0.0
161,21,7.00,1,24.58,32.41,28.79,0.0,0.00,0.0,0.0,,0.0
161,22,7.00,1,23.95,32.04,28.58,0.0,0.00,0.0,0.0,,0.0
161,23,7.00,1,24.06,31.72,28.39,0.0,0.00,0.0,0.0,,0.0
161,24,7.00,1,23.72,31.40,28.19,0.0,0.00,0.0,0.0,,0.0
161,1,1.00,1,23.51,31.08,27.99,0.0,0.00,0.0,0.0,,0.0
161,2,1.00,1,23.08,30.77,27.78,0.0,0.00,0.0,0.0,,0.0
161,3,1.00,1,22.62,30.45,27.56,0.0,0.00,0.0,0.0,,0.0
161,4,1.00,1,22.23,30.14,27.35,0.0,0.00,0.0,0.0,,0.0
161,5,1.00,1,21.66,29.82,27.12,0.0,0.00,0.0,0.0,,0.0
161,6,1.00,1,21.38,29.52,26.91,0.0,0.00,0.0,0.0,,0.0
161,7,1.00,1,20.90,29.22,26.69,0.0,0.00,0.0,0.0,,0.0
161,8,1.00,1,21.88,30.33,27.41,-1832.99,19.50,0.0,-203.16,,-2036.15
161,9,1.00,1,24.02,31.01,27.41,-3423.87,73.95,0.0,-1570.82,,-4994.69
161,10,1.00,1,24.96,31.50,27.41,-4262.52,112.56,0.0,-1365.32,,-5627.84
161,11,1.00,1,26.22,32.07,27.41,-5309.08,136.75,0.0,-1672.7,,-6981.78
161,12,1.00,1,27.21,32.66,27.41,-6307.12,157.40,0.0,-2129.7,,-8436.82
161,13,1.00,1,27.85,33.24,27.41,-7178.65,163.96,0.0,-2832.69,,-10011.34
161,14,1.00,1,28.45,33.81,27.41,-7996.74,161.16,0.0,-2729.36,,-10726.1
161,15,1.00,1,29.17,34.40,27.41,-8813.08,160.49,0.0,-2536.94,,-11350.02
161,16,1.00,1,28.59,34.76,27.41,-9003.96,163.71,0.0,-2874.12,,-11878.079999999998
161,17,1.00,1,28.15,35.04,27.41,-9090.29,151.59,0.0,-2314.68,,-11404.970000000001
161,18,1.00,1,27.32,35.17,27.41,-8845.0,129.48,0.0,-1682.69,,-10527.69
161,19,1.00,1,26.10,33.93,28.86,0.0,83.16,0.0,0.0,,0.0
161,20,1.00,1,25.20,33.38,29.06,0.0,29.62,0.0,0.0,,0.0
161,21,1.00,1,24.85,32.98,28.95,0.0,0.00,0.0,0.0,,0.0
161,22,1.00,1,24.19,32.60,28.75,0.0,0.00,0.0,0.0,,0.0
161,23,1.00,1,24.19,32.26,28.55,0.0,0.00,0.0,0.0,,0.0
161,24,1.00,1,23.56,31.90,28.32,0.0,0.00,0.0,0.0,,0.0
161,1,2.00,1,23.17,31.55,28.10,0.0,0.00,0.0,0.0,,0.0
161,2,2.00,1,22.80,31.21,27.88,0.0,0.00,0.0,0.0,,0.0
161,3,2.00,1,22.46,30.88,27.66,0.0,0.00,0.0,0.0,,0.0
161,4,2.00,1,22.30,30.56,27.46,0.0,0.00,0.0,0.0,,0.0
161,5,2.00,1,22.11,30.26,27.26,0.0,0.00,0.0,0.0,,0.0
161,6,2.00,1,21.12,29.91,27.01,0.0,0.00,0.0,0.0,,0.0
161,7,2.00,1,20.23,29.56,26.75,0.0,0.00,0.0,0.0,,0.0
161,8,2.00,1,21.43,30.57,27.41,-1832.89,19.50,0.0,0.0,,-1832.89
161,9,2.00,1,24.02,31.29,27.41,-3550.47,73.95,0.0,-1166.42,,-4716.889999999999
161,10,2.00,1,25.31,31.83,27.41,-4515.53,112.56,0.0,-707.61,,-5223.139999999999
161,11,2.00,1,26.60,32.41,27.41,-5568.49,136.75,0.0,-2010.87,,-7579.36
161,12,2.00,1,27.48,32.99,27.41,-6514.61,157.40,0.0,-1998.11,,-8512.72
161,13,2.00,1,28.19,33.57,27.41,-7411.21,163.96,0.0,-3084.67,,-10495.880000000001
161,14,2.00,1,27.47,33.93,27.41,-7685.37,161.16,0.0,-2158.25,,-9843.619999999999
161,15,2.00,1,26.89,34.24,27.41,-7938.84,160.49,0.0,-744.51,,-8683.35
161,16,2.00,1,26.36,34.51,27.41,-8098.31,163.71,0.0,-722.47,,-8820.78
161,17,2.00,1,25.96,34.72,27.41,-8150.55,151.59,0.0,0.0,,-8150.55
161,18,2.00,1,25.38,34.82,27.41,-7963.25,129.48,0.0,0.0,,-7963.25
161,19,2.00,1,24.31,33.71,28.70,0.0,83.16,0.0,0.0,,0.0
161,20,2.00,1,23.22,33.16,28.82,0.0,29.62,0.0,0.0,,0.0
161,21,2.00,1,22.34,32.69,28.63,0.0,0.00,0.0,0.0,,0.0
161,22,2.00,1,21.35,32.24,28.35,0.0,0.00,0.0,0.0,,0.0
161,23,2.00,1,20.74,31.80,28.06,0.0,0.00,0.0,0.0,,0.0
161,24,2.00,1,19.86,31.36,27.75,0.0,0.00,0.0,0.0,,0.0
161,1,3.00,1,19.20,30.93,27.44,0.0,0.00,0.0,0.0,,0.0
161,2,3.00,1,18.52,30.50,27.13,0.0,0.00,0.0,0.0,,0.0
161,3,3.00,1,19.37,30.17,26.91,0.0,0.00,0.0,0.0,,0.0
161,4,3.00,1,19.54,29.85,26.70,0.0,0.00,0.0,0.0,,0.0
161,5,3.00,1,20.07,29.56,26.52,0.0,0.00,0.0,0.0,,0.0
161,6,3.00,1,20.46,29.30,26.35,0.0,0.00,0.0,0.0,,0.0
161,7,3.00,1,20.97,29.06,26.21,0.0,0.00,0.0,0.0,,0.0
161,8,3.00,1,21.50,31.22,28.45,0.0,19.50,0.0,0.0,,0.0
161,9,3.00,1,23.46,32.08,29.40,0.0,73.95,0.0,0.0,,0.0
161,10,3.00,1,24.75,32.69,30.09,0.0,112.56,0.0,0.0,,0.0
161,11,3.00,1,25.77,33.27,30.76,0.0,136.75,0.0,0.0,,0.0
161,12,3.00,1,26.38,33.87,31.43,0.0,157.40,0.0,0.0,,0.0
161,13,3.00,1,27.04,34.50,32.13,0.0,163.96,0.0,0.0,,0.0
161,14,3.00,1,26.66,35.07,32.77,0.0,161.16,0.0,0.0,,0.0
161,15,3.00,1,26.31,35.61,33.38,0.0,160.49,0.0,0.0,,0.0
161,16,3.00,1,25.92,36.10,33.94,0.0,163.71,0.0,0.0,,0.0
161,17,3.00,1,25.70,36.53,34.43,0.0,151.59,0.0,0.0,,0.0
161,18,3.00,1,25.31,36.86,34.82,0.0,129.48,0.0,0.0,,0.0
161,19,3.00,1,24.65,34.73,32.74,0.0,83.16,0.0,0.0,,0.0
161,20,3.00,1,23.61,33.93,31.99,0.0,29.62,0.0,0.0,,0.0
161,21,3.00,1,23.04,33.41,31.53,0.0,0.00,0.0,0.0,,0.0
161,22,3.00,1,22.04,32.94,31.10,0.0,0.00,0.0,0.0,,0.0
161,23,3.00,1,21.91,32.52,30.74,0.0,0.00,0.0,0.0,,0.0
161,24,3.00,1,21.55,32.12,30.38,0.0,0.00,0.0,0.0,,0.0
161,1,4.00,1,21.14,31.72,30.02,0.0,0.00,0.0,0.0,,0.0
161,2,4.00,1,20.56,31.31,29.66,0.0,0.00,0.0,0.0,,0.0
161,3,4.00,1,20.12,30.92,29.31,0.0,0.00,0.0,0.0,,0.0
161,4,4.00,1,19.41,30.52,28.95,0.0,0.00,0.0,0.0,,0.0
161,5,4.00,1,19.18,30.15,28.61,0.0,0.00,0.0,0.0,,0.0
161,6,4.00,1,18.74,29.78,28.28,0.0,0.00,0.0,0.0,,0.0
161,7,4.00,1,19.48,29.49,28.02,0.0,0.00,0.0,0.0,,0.0
161,8,4.00,1,20.09,31.60,30.17,0.0,19.50,0.0,0.0,,0.0
161,9,4.00,1,22.45,32.45,31.05,0.0,73.95,0.0,0.0,,0.0
161,10,4.00,1,23.73,33.02,31.65,0.0,112.56,0.0,0.0,,0.0
161,11,4.00,1,24.68,33.56,32.22,0.0,136.75,0.0,0.0,,0.0
161,12,4.00,1,25.94,34.17,32.86,0.0,157.40,0.0,0.0,,0.0
161,13,4.00,1,26.36,34.76,33.48,0.0,163.96,0.0,0.0,,0.0
161,14,4.00,1,26.86,35.37,34.11,0.0,161.16,0.0,0.0,,0.0
161,15,4.00,1,27.42,35.97,34.74,0.0,160.49,0.0,0.0,,0.0
161,16,4.00,1,28.29,36.58,35.37,0.0,163.71,0.0,0.0,,0.0
161,17,4.00,1,27.64,37.03,35.85,0.0,151.59,0.0,0.0,,0.0
161,18,4.00,1,26.89,37.37,36.21,0.0,129.48,0.0,0.0,,0.0
161,19,4.00,1,25.86,35.23,34.09,0.0,83.16,0.0,0.0,,0.0
161,20,4.00,1,24.94,34.45,33.33,0.0,29.62,0.0,0.0,,0.0
161,21,4.00,1,24.43,33.95,32.85,0.0,0.00,0.0,0.0,,0.0
161,22,4.00,1,24.28,33.54,32.47,0.0,0.00,0.0,0.0,,0.0
161,23,4.00,1,24.34,33.18,32.13,0.0,0.00,0.0,0.0,,0.0
161,24,4.00,1,23.85,32.81,31.77,0.0,0.00,0.0,0.0,,0.0
161,1,5.00,1,23.06,32.41,31.39,0.0,0.00,0.0,0.0,,0.0
161,2,5.00,1,22.04,32.00,31.00,0.0,0.00,0.0,0.0,,0.0
161,3,5.00,1,21.19,31.59,30.60,0.0,0.00,0.0,0.0,,0.0
161,4,5.00,1,20.53,31.19,30.22,0.0,0.00,0.0,0.0,,0.0
161,5,5.00,1,20.21,30.81,29.86,0.0,0.00,0.0,0.0,,0.0
161,6,5.00,1,19.82,30.45,29.50,0.0,0.00,0.0,0.0,,0.0
161,7,5.00,1,19.23,30.07,29.14,0.0,0.00,0.0,0.0,,0.0
161,8,5.00,1,20.91,30.99,27.41,-7080.84,19.50,0.0,-1252.81,,-8333.65
161,9,5.00,1,23.08,31.59,27.41,-6742.39,73.95,0.0,-1206.3,,-7948.6900000000005
161,10,5.00,1,24.35,32.08,27.41,-7211.23,112.56,0.0,-2523.91,,-9735.14
161,11,5.00,1,25.02,32.52,27.41,-7591.59,136.75,0.0,-1672.79,,-9264.380000000001
161,12,5.00,1,25.60,32.97,27.41,-8041.34,157.40,0.0,-1629.81,,-9671.15
161,13,5.00,1,26.01,33.44,27.41,-8490.41,163.96,0.0,-1624.72,,-10115.13
161,14,5.00,1,26.72,33.95,27.41,-9061.2,161.16,0.0,-1657.06,,-10718.26
161,15,5.00,1,27.43,34.48,27.41,-9623.32,160.49,0.0,-1923.43,,-11546.75
161,16,5.00,1,27.93,34.96,27.41,-10047.66,163.71,0.0,-1846.16,,-11893.82
161,17,5.00,1,27.51,35.25,27.41,-9970.67,151.59,0.0,-2592.11,,-12562.78
161,18,5.00,1,27.11,35.43,27.41,-9764.81,129.48,0.0,-2064.35,,-11829.16
161,19,5.00,1,26.63,34.28,29.27,0.0,83.16,0.0,0.0,,0.0
161,20,5.00,1,25.75,33.77,29.57,0.0,29.62,0.0,0.0,,0.0
161,21,5.00,1,25.20,33.38,29.48,0.0,0.00,0.0,0.0,,0.0
161,22,5.00,1,25.11,33.03,29.32,0.0,0.00,0.0,0.0,,0.0
161,23,5.00,1,25.23,32.72,29.15,0.0,0.00,0.0,0.0,,0.0
161,24,5.00,1,25.06,32.42,28.97,0.0,0.00,0.0,0.0,,0.0
161,1,6.00,1,25.31,32.15,28.82,0.0,0.00,0.0,0.0,,0.0
161,2,6.00,1,25.24,31.87,28.66,0.0,0.00,0.0,-0.0,,0.0
161,3,6.00,1,25.43,31.63,28.52,0.0,0.00,0.0,-0.0,,0.0
161,4,6.00,1,25.24,31.37,28.37,0.0,0.00,0.0,-0.0,,0.0
161,5,6.00,1,25.16,31.13,28.23,0.0,0.00,0.0,-0.0,,0.0
161,6,6.00,1,24.57,30.86,28.06,0.0,0.00,0.0,-0.0,,0.0
161,7,6.00,1,24.35,30.61,27.90,0.0,0.00,0.0,-0.0,,0.0
161,8,6.00,1,24.89,31.90,27.41,-5453.4,19.50,0.0,-3341.08,,-8794.48
161,9,6.00,1,26.17,32.51,27.41,-5886.57,73.95,0.0,-2858.0,,-8744.57
161,10,6.00,1,26.65,32.93,27.41,-6393.19,112.56,0.0,-2360.29,,-8753.48
161,11,6.00,1,27.14,33.37,27.41,-6994.36,136.75,0.0,-2397.77,,-9392.13
161,12,6.00,1,27.49,33.82,27.41,-7601.73,157.40,0.0,-2309.93,,-9911.66
161,13,6.00,1,26.97,34.15,27.41,-7869.16,163.96,0.0,-1424.16,,-9293.32
161,14,6.00,1,26.45,34.44,27.41,-8096.03,161.16,0.0,-764.78,,-8860.81
161,15,6.00,1,25.85,34.70,27.41,-8227.43,160.49,0.0,0.0,,-8227.43
161,16,6.00,1,25.17,34.88,27.41,-8231.2,163.71,0.0,0.0,,-8231.2
161,17,6.00,1,24.12,34.93,27.41,-7925.99,151.59,0.0,0.0,,-7925.99
161,18,6.00,1,23.15,34.89,27.41,-7493.88,129.48,0.0,0.0,,-7493.88
161,19,6.00,1,22.03,33.92,28.70,0.0,83.16,0.0,0.0,,0.0
161,20,6.00,1,20.57,33.34,28.76,0.0,29.62,0.0,0.0,,0.0
161,21,6.00,1,19.57,32.82,28.52,0.0,0.00,0.0,0.0,,0.0
161,22,6.00,1,19.69,32.38,28.26,0.0,0.00,0.0,0.0,,0.0
161,23,6.00,1,20.23,32.00,28.03,0.0,0.00,0.0,0.0,,0.0
161,24,6.00,1,20.27,31.62,27.79,0.0,0.00,0.0,0.0,,0.0
161,1,7.00,1,20.16,31.24,27.55,0.0,0.00,0.0,0.0,,0.0
161,2,7.00,1,19.95,30.88,27.31,0.0,0.00,0.0,0.0,,0.0
161,3,7.00,1,19.72,30.52,27.07,0.0,0.00,0.0,0.0,,0.0
161,4,7.00,1,19.39,30.16,26.83,0.0,0.00,0.0,0.0,,0.0
161,5,7.00,1,19.24,29.82,26.60,0.0,0.00,0.0,0.0,,0.0
161,6,7.00,1,19.08,29.50,26.38,0.0,0.00,0.0,0.0,,0.0
161,7,7.00,1,18.96,29.18,26.17,0.0,0.00,0.0,0.0,,0.0
161,8,7.00,1,20.39,30.16,27.41,-299.76,19.50,0.0,0.0,,-299.76
161,9,7.00,1,22.62,30.81,27.41,-2297.44,73.95,0.0,0.0,,-2297.44
161,10,7.00,1,23.84,31.32,27.41,-3326.66,112.56,0.0,0.0,,-3326.66
161,11,7.00,1,25.02,31.87,27.41,-4405.69,136.75,0.0,-415.74,,-4821.429999999999
161,12,7.00,1,25.72,32.40,27.41,-5340.55,157.40,0.0,-829.01,,-6169.56
161,13,7.00,1,26.40,32.95,27.41,-6267.97,163.96,0.0,-633.32,,-6901.29
161,14,7.00,1,26.25,33.38,27.41,-6815.58,161.16,0.0,0.0,,-6815.58
161,15,7.00,1,26.01,33.75,27.41,-7251.82,160.49,0.0,0.0,,-7251.82
161,16,7.00,1,25.86,34.10,27.41,-7616.24,163.71,0.0,0.0,,-7616.24
161,17,7.00,1,25.33,34.31,27.41,-7661.91,151.59,0.0,0.0,,-7661.91
161,18,7.00,1,24.72,34.42,27.41,-7503.79,129.48,0.0,0.0,,-7503.79
161,19,7.00,1,23.96,33.37,28.61,0.0,83.16,0.0,0.0,,0.0
161,20,7.00,1,22.83,32.84,28.72,0.0,29.62,0.0,0.0,,0.0
161,21,7.00,1,22.01,32.40,28.53,0.0,0.00,0.0,0.0,,0.0
161,22,7.00,1,21.82,32.02,28.31,0.0,0.00,0.0,0.0,,0.0
161,23,7.00,1,21.63,31.66,28.08,0.0,0.00,0.0,0.0,,0.0
161,24,7.00,1,21.91,31.34,27.88,0.0,0.00,0.0,0.0,,0.0
161,1,1.00,1,22.07,31.04,27.69,0.0,0.00,0.0,0.0,,0.0
161,2,1.00,1,22.15,30.75,27.51,0.0,0.00,0.0,0.0,,0.0
161,3,1.00,1,21.93,30.45,27.32,0.0,0.00,0.0,0.0,,0.0
161,4,1.00,1,21.32,30.13,27.10,0.0,0.00,0.0,0.0,,0.0
161,5,1.00,1,20.61,29.81,26.87,0.0,0.00,0.0,0.0,,0.0
161,6,1.00,1,20.42,29.51,26.66,0.0,0.00,0.0,0.0,,0.0
161,7,1.00,1,21.30,29.29,26.53,0.0,0.00,0.0,0.0,,0.0
161,8,1.00,1,22.51,30.51,27.41,-1771.28,19.50,0.0,-824.46,,-2595.74
161,9,1.00,1,24.93,31.28,27.41,-3635.6,73.95,0.0,-1833.29,,-5468.889999999999
161,10,1.00,1,26.14,31.87,27.41,-4653.01,112.56,0.0,-2459.93,,-7112.9400000000005
161,11,1.00,1,27.50,32.50,27.41,-5805.29,136.75,0.0,-2901.08,,-8706.369999999999
161,12,1.00,1,27.45,32.98,27.41,-6430.91,157.40,0.0,-2601.91,,-9032.82
161,13,1.00,1,27.37,33.42,27.41,-7038.33,163.96,0.0,-1282.85,,-8321.18
161,14,1.00,1,27.41,33.88,27.41,-7636.8,161.16,0.0,-1248.26,,-8885.06
161,15,1.00,1,27.05,34.25,27.41,-7999.37,160.49,0.0,-1587.46,,-9586.83
161,16,1.00,1,26.59,34.56,27.41,-8214.73,163.71,0.0,-1242.04,,-9456.77
161,17,1.00,1,25.91,34.75,27.41,-8175.64,151.59,0.0,-737.47,,-8913.11
161,18,1.00,1,24.89,34.78,27.41,-7822.79,129.48,0.0,-905.88,,-8728.67
161,19,1.00,1,23.81,33.70,28.69,0.0,83.16,0.0,0.0,,0.0
161,20,1.00,1,22.94,33.18,28.83,0.0,29.62,0.0,0.0,,0.0
161,21,1.00,1,22.54,32.76,28.68,0.0,0.00,0.0,0.0,,0.0
161,22,1.00,1,22.95,32.42,28.50,0.0,0.00,0.0,0.0,,0.0
161,23,1.00,1,23.28,32.11,28.33,0.0,0.00,0.0,0.0,,0.0
161,24,1.00,1,23.17,31.79,28.14,0.0,0.00,0.0,0.0,,0.0
161,1,2.00,1,23.35,31.50,27.97,0.0,0.00,0.0,0.0,,0.0
161,2,2.00,1,23.37,31.22,27.81,0.0,0.00,0.0,0.0,,0.0
161,3,2.00,1,22.79,30.91,27.61,0.0,0.00,0.0,0.0,,0.0
161,4,2.00,1,22.25,30.59,27.40,0.0,0.00,0.0,0.0,,0.0
161,5,2.00,1,21.73,30.28,27.19,0.0,0.00,0.0,0.0,,0.0
161,6,2.00,1,21.50,29.99,27.00,0.0,0.00,0.0,0.0,,0.0
161,7,2.00,1,21.20,29.71,26.80,0.0,0.00,0.0,0.0,,0.0
161,8,2.00,1,22.14,30.80,27.41,-2198.43,19.50,0.0,-902.39,,-3100.8199999999997
161,9,2.00,1,24.10,31.45,27.41,-3659.96,73.95,0.0,-1046.65,,-4706.610000000001
161,10,2.00,1,25.70,32.05,27.41,-4768.74,112.56,0.0,-2087.74,,-6856.48
161,11,2.00,1,26.45,32.57,27.41,-5620.87,136.75,0.0,-1826.65,,-7447.52
161,12,2.00,1,27.25,33.12,27.41,-6538.44,157.40,0.0,-2434.91,,-8973.349999999999
161,13,2.00,1,28.21,33.74,27.41,-7540.4,163.96,0.0,-3109.21,,-10649.61
161,14,2.00,1,27.92,34.18,27.41,-7997.2,161.16,0.0,-2038.86,,-10036.06
161,15,2.00,1,27.46,34.54,27.41,-8311.6,160.49,0.0,-2667.07,,-10978.67
161,16,2.00,1,27.09,34.86,27.41,-8555.73,163.71,0.0,-1059.04,,-9614.77
161,17,2.00,1,26.61,35.09,27.41,-8589.52,151.59,0.0,-2200.91,,-10790.43
161,18,2.00,1,25.76,35.17,27.41,-8306.91,129.48,0.0,-2071.13,,-10378.04
161,19,2.00,1,25.00,34.08,28.82,0.0,83.16,0.0,0.0,,0.0
161,20,2.00,1,23.88,33.54,28.99,0.0,29.62,0.0,0.0,,0.0
161,21,2.00,1,23.19,33.11,28.84,0.0,0.00,0.0,0.0,,0.0
161,22,2.00,1,23.06,32.74,28.64,0.0,0.00,0.0,0.0,,0.0
161,23,2.00,1,22.92,32.38,28.43,0.0,0.00,0.0,0.0,,0.0
161,24,2.00,1,22.47,32.02,28.20,0.0,0.00,0.0,0.0,,0.0
161,1,3.00,1,21.98,31.65,27.97,0.0,0.00,0.0,0.0,,0.0
161,2,3.00,1,21.54,31.30,27.73,0.0,0.00,0.0,0.0,,0.0
161,3,3.00,1,21.26,30.95,27.50,0.0,0.00,0.0,0.0,,0.0
161,4,3.00,1,20.97,30.62,27.28,0.0,0.00,0.0,0.0,,0.0
161,5,3.00,1,20.37,30.28,27.04,0.0,0.00,0.0,0.0,,0.0
161,6,3.00,1,19.78,29.93,26.80,0.0,0.00,0.0,0.0,,0.0
161,7,3.00,1,20.43,29.67,26.63,0.0,0.00,0.0,0.0,,0.0
161,8,3.00,1,21.89,31.86,28.92,0.0,19.50,0.0,0.0,,0.0
161,9,3.00,1,24.20,32.76,29.90,0.0,73.95,0.0,0.0,,0.0
161,10,3.00,1,25.62,33.38,30.61,0.0,112.56,0.0,0.0,,0.0
161,11,3.00,1,26.69,33.98,31.29,0.0,136.75,0.0,0.0,,0.0
161,12,3.00,1,27.58,34.61,31.99,0.0,157.40,0.0,0.0,,0.0
161,13,3.00,1,28.41,35.27,32.72,0.0,163.96,0.0,0.0,,0.0
161,14,3.00,1,28.00,35.85,33.38,0.0,161.16,0.0,0.0,,0.0
161,15,3.00,1,27.37,36.39,33.99,0.0,160.49,0.0,0.0,,0.0
161,16,3.00,1,26.81,36.89,34.55,0.0,163.71,0.0,0.0,,0.0
161,17,3.00,1,26.24,37.30,35.02,0.0,151.59,0.0,0.0,,0.0
161,18,3.00,1,25.45,37.60,35.38,0.0,129.48,0.0,0.0,,0.0
161,19,3.00,1,24.76,35.45,33.29,0.0,83.16,0.0,0.0,,0.0
161,20,3.00,1,23.74,34.64,32.54,0.0,29.62,0.0,0.0,,0.0
161,21,3.00,1,23.08,34.11,32.06,0.0,0.00,0.0,0.0,,0.0
161,22,3.00,1,22.54,33.65,31.65,0.0,0.00,0.0,0.0,,0.0
161,23,3.00,1,22.16,33.22,31.27,0.0,0.00,0.0,0.0,,0.0
161,24,3.00,1,21.46,32.78,30.88,0.0,0.00,0.0,0.0,,0.0
161,1,4.00,1,21.05,32.37,30.51,0.0,0.00,0.0,0.0,,0.0
161,2,4.00,1,20.50,31.96,30.14,0.0,0.00,0.0,0.0,,0.0
161,3,4.00,1,20.25,31.57,29.80,0.0,0.00,0.0,0.0,,0.0
161,4,4.00,1,19.77,31.18,29.44,0.0,0.00,0.0,0.0,,0.0
161,5,4.00,1,19.40,30.80,29.10,0.0,0.00,0.0,0.0,,0.0
161,6,4.00,1,18.93,30.42,28.76,0.0,0.00,0.0,0.0,,0.0
161,7,4.00,1,19.71,30.13,28.51,0.0,0.00,0.0,0.0,,0.0
161,8,4.00,1,20.99,32.28,30.69,0.0,19.50,0.0,0.0,,0.0
161,9,4.00,1,23.22,33.13,31.58,0.0,73.95,0.0,0.0,,0.0
161,10,4.00,1,24.79,33.73,32.21,0.0,112.56,0.0,0.0,,0.0
161,11,4.00,1,25.74,34.29,32.80,0.0,136.75,0.0,0.0,,0.0
161,12,4.00,1,26.46,34.87,33.41,0.0,157.40,0.0,0.0,,0.0
161,13,4.00,1,27.50,35.51,34.07,0.0,163.96,0.0,0.0,,0.0
161,14,4.00,1,27.26,36.08,34.68,0.0,161.16,0.0,0.0,,0.0
161,15,4.00,1,26.90,36.62,35.24,0.0,160.49,0.0,0.0,,0.0
161,16,4.00,1,26.57,37.11,35.75,0.0,163.71,0.0,0.0,,0.0
161,17,4.00,1,26.09,37.51,36.19,0.0,151.59,0.0,0.0,,0.0
161,18,4.00,1,25.19,37.80,36.49,0.0,129.48,0.0,0.0,,0.0
161,19,4.00,1,24.79,35.66,34.38,0.0,83.16,0.0,0.0,,0.0
161,20,4.00,1,23.85,34.85,33.59,0.0,29.62,0.0,0.0,,0.0
161,21,4.00,1,23.38,34.33,33.09,0.0,0.00,0.0,0.0,,0.0
161,22,4.00,1,22.80,33.88,32.66,0.0,0.00,0.0,0.0,,0.0
161,23,4.00,1,22.59,33.46,32.26,0.0,0.00,0.0,0.0,,0.0
161,24,4.00,1,22.31,33.06,31.88,0.0,0.00,0.0,0.0,,0.0
161,1,5.00,1,22.17,32.68,31.52,0.0,0.00,0.0,0.0,,0.0
161,2,5.00,1,21.73,32.29,31.15,0.0,0.00,0.0,0.0,,0.0
161,3,5.00,1,21.08,31.90,30.77,0.0,0.00,0.0,0.0,,0.0
161,4,5.00,1,20.47,31.51,30.39,0.0,0.00,0.0,0.0,,0.0
161,5,5.00,1,19.81,31.11,30.02,0.0,0.00,0.0,0.0,,0.0
161,6,5.00,1,19.68,30.75,29.67,0.0,0.00,0.0,0.0,,0.0
161,7,5.00,1,19.29,30.40,29.33,0.0,0.00,0.0,0.0,,0.0
161,8,5.00,1,20.32,31.19,27.41,-7277.89,19.50,0.0,-1027.86,,-8305.75
161,9,5.00,1,22.20,31.70,27.41,-6684.15,73.95,0.0,-1076.23,,-7760.379999999999
161,10,5.00,1,23.36,32.14,27.41,-7066.42,112.56,0.0,-967.99,,-8034.41
161,11,5.00,1,24.01,32.55,27.41,-7404.6,136.75,0.0,-1503.11,,-8907.710000000001
161,12,5.00,1,24.37,32.94,27.41,-7731.4,157.40,0.0,-1251.87,,-8983.27
161,13,5.00,1,25.15,33.43,27.41,-8297.53,163.96,0.0,-2320.29,,-10617.82
161,14,5.00,1,25.47,33.87,27.41,-8690.85,161.16,0.0,-1793.77,,-10484.62
161,15,5.00,1,25.89,34.32,27.41,-9109.85,160.49,0.0,-1965.23,,-11075.08
161,16,5.00,1,26.43,34.77,27.41,-9516.85,163.71,0.0,-1587.28,,-11104.130000000001
161,17,5.00,1,25.99,35.01,27.41,-9410.21,151.59,0.0,-2409.66,,-11819.869999999999
161,18,5.00,1,25.25,35.11,27.41,-9041.49,129.48,0.0,-1774.48,,-10815.97
161,19,5.00,1,24.62,34.07,29.14,0.0,83.16,0.0,0.0,,0.0
161,20,5.00,1,23.47,33.54,29.37,0.0,29.62,0.0,0.0,,0.0
161,21,5.00,1,22.57,33.10,29.22,0.0,0.00,0.0,0.0,,0.0
161,22,5.00,1,22.26,32.70,28.99,0.0,0.00,0.0,0.0,,0.0
161,23,5.00,1,22.12,32.34,28.76,0.0,0.00,0.0,0.0,,0.0
161,24,5.00,1,21.86,31.98,28.52,0.0,0.00,0.0,0.0,,0.0
161,1,6.00,1,21.20,31.60,28.26,0.0,0.00,0.0,0.0,,0.0
161,2,6.00,1,20.30,31.20,27.98,0.0,0.00,0.0,0.0,,0.0
161,3,6.00,1,19.59,30.81,27.69,0.0,0.00,0.0,0.0,,0.0
161,4,6.00,1,19.24,30.45,27.43,0.0,0.00,0.0,0.0,,0.0
161,5,6.00,1,19.59,30.14,27.21,0.0,0.00,0.0,0.0,,0.0
161,6,6.00,1,20.12,29.87,27.04,0.0,0.00,0.0,0.0,,0.0
161,7,6.00,1,20.51,29.62,26.87,0.0,0.00,0.0,0.0,,0.0
161,8,6.00,1,21.13,30.61,27.41,-2064.36,19.50,0.0,0.0,,-2064.36
161,9,6.00,1,23.28,31.26,27.41,-3530.67,73.95,0.0,0.0,,-3530.67
161,10,6.00,1,24.56,31.80,27.41,-4487.16,112.56,0.0,0.0,,-4487.16
161,11,6.00,1,25.45,32.31,27.41,-5367.83,136.75,0.0,-613.4,,-5981.23
161,12,6.00,1,25.92,32.80,27.41,-6129.49,157.40,0.0,-627.5,,-6756.99
161,13,6.00,1,26.63,33.35,27.41,-7003.42,163.96,0.0,-1980.56,,-8983.98
161,14,6.00,1,26.81,33.83,27.41,-7624.19,161.16,0.0,-1272.88,,-8897.07
161,15,6.00,1,27.11,34.30,27.41,-8237.83,160.49,0.0,-1590.9,,-9828.73
161,16,6.00,1,27.73,34.81,27.41,-8887.84,163.71,0.0,-547.78,,-9435.62
161,17,6.00,1,27.37,35.12,27.41,-8996.65,151.59,0.0,-2353.67,,-11350.32
161,18,6.00,1,26.66,35.26,27.41,-8795.42,129.48,0.0,-1575.02,,-10370.44
161,19,6.00,1,25.99,34.14,28.95,0.0,83.16,0.0,0.0,,0.0
161,20,6.00,1,25.20,33.64,29.19,0.0,29.62,0.0,0.0,,0.0
161,21,6.00,1,24.64,33.26,29.09,0.0,0.00,0.0,0.0,,0.0
161,22,6.00,1,24.10,32.89,28.90,0.0,0.00,0.0,0.0,,0.0
161,23,6.00,1,23.95,32.56,28.71,0.0,0.00,0.0,0.0,,0.0
161,24,6.00,1,23.47,32.22,28.51,0.0,0.00,0.0,0.0,,0.0
161,1,7.00,1,23.13,31.89,28.30,0.0,0.00,0.0,0.0,,0.0
161,2,7.00,1,22.39,31.54,28.07,0.0,0.00,0.0,0.0,,0.0
161,3,7.00,1,21.57,31.18,27.82,0.0,0.00,0.0,0.0,,0.0
161,4,7.00,1,20.77,30.82,27.57,0.0,0.00,0.0,0.0,,0.0
161,5,7.00,1,20.06,30.46,27.31,0.0,0.00,0.0,0.0,,0.0
161,6,7.00,1,20.64,30.18,27.13,0.0,0.00,0.0,0.0,,0.0
161,7,7.00,1,21.19,29.94,26.98,0.0,0.00,0.0,0.0,,0.0
161,8,7.00,1,21.85,30.98,27.41,-2527.12,19.50,0.0,0.0,,-2527.12
161,9,7.00,1,23.55,31.57,27.41,-3745.01,73.95,0.0,0.0,,-3745.01
161,10,7.00,1,25.38,32.18,27.41,-4913.78,112.56,0.0,-431.18,,-5344.96
161,11,7.00,1,26.29,32.72,27.41,-5803.6,136.75,0.0,-1400.63,,-7204.2300000000005
161,12,7.00,1,27.11,33.27,27.41,-6713.2,157.40,0.0,-1728.44,,-8441.64
161,13,7.00,1,27.96,33.87,27.41,-7652.27,163.96,0.0,-2757.21,,-10409.48
161,14,7.00,1,27.70,34.31,27.41,-8104.84,161.16,0.0,-2411.52,,-10516.36
161,15,7.00,1,27.40,34.69,27.41,-8473.44,160.49,0.0,-1128.45,,-9601.890000000001
161,16,7.00,1,27.34,35.06,27.41,-8833.57,163.71,0.0,-1317.73,,-10151.3
161,17,7.00,1,26.96,35.32,27.41,-8909.79,151.59,0.0,-2024.94,,-10934.730000000001
161,18,7.00,1,26.28,35.44,27.41,-8700.61,129.48,0.0,-641.51,,-9342.12
161,19,7.00,1,25.75,34.36,28.95,0.0,83.16,0.0,0.0,,0.0
161,20,7.00,1,24.71,33.85,29.17,0.0,29.62,0.0,0.0,,0.0
161,21,7.00,1,23.90,33.42,29.04,0.0,0.00,0.0,0.0,,0.0
161,22,7.00,1,23.32,33.03,28.83,0.0,0.00,0.0,0.0,,0.0
161,23,7.00,1,23.29,32.68,28.63,0.0,0.00,0.0,0.0,,0.0
161,24,7.00,1,23.13,32.35,28.43,0.0,0.00,0.0,0.0,,0.0
161,1,1.00,1,22.77,32.01,28.22,0.0,0.00,0.0,0.0,,0.0
161,2,1.00,1,22.18,31.66,27.99,0.0,0.00,0.0,0.0,,0.0
161,3,1.00,1,21.49,31.30,27.75,0.0,0.00,0.0,0.0,,0.0
161,4,1.00,1,20.32,30.91,27.47,0.0,0.00,0.0,0.0,,0.0
161,5,1.00,1,19.49,30.52,27.20,0.0,0.00,0.0,0.0,,0.0
161,6,1.00,1,19.91,30.22,27.00,0.0,0.00,0.0,0.0,,0.0
161,7,1.00,1,20.19,29.94,26.81,0.0,0.00,0.0,0.0,,0.0
161,8,1.00,1,21.05,30.88,27.41,-1916.67,19.50,0.0,0.0,,-1916.67
161,9,1.00,1,23.23,31.52,27.41,-3431.09,73.95,0.0,-584.25,,-4015.34
161,10,1.00,1,24.38,32.01,27.41,-4334.18,112.56,0.0,-631.36,,-4965.54
161,11,1.00,1,25.21,32.50,27.41,-5190.85,136.75,0.0,-986.38,,-6177.2300000000005
161,12,1.00,1,26.45,33.09,27.41,-6272.01,157.40,0.0,-1425.21,,-7697.22
161,13,1.00,1,27.17,33.66,27.41,-7162.06,163.96,0.0,-2895.04,,-10057.1
161,14,1.00,1,27.62,34.20,27.41,-7913.89,161.16,0.0,-2825.47,,-10739.36
161,15,1.00,1,28.48,34.78,27.41,-8776.59,160.49,0.0,-2949.0,,-11725.59
161,16,1.00,1,27.72,35.11,27.41,-8885.51,163.71,0.0,-2546.03,,-11431.54
161,17,1.00,1,27.02,35.32,27.41,-8854.48,151.59,0.0,-3230.43,,-12084.91
161,18,1.00,1,25.87,35.36,27.41,-8463.58,129.48,0.0,-1944.31,,-10407.89
161,19,1.00,1,25.00,34.27,28.87,0.0,83.16,0.0,0.0,,0.0
161,20,1.00,1,23.91,33.74,29.06,0.0,29.62,0.0,0.0,,0.0
161,21,1.00,1,22.96,33.29,28.90,0.0,0.00,0.0,0.0,,0.0
161,22,1.00,1,22.68,32.90,28.69,0.0,0.00,0.0,0.0,,0.0
161,23,1.00,1,22.61,32.55,28.48,0.0,0.00,0.0,0.0,,0.0
161,24,1.00,1,22.31,32.19,28.26,0.0,0.00,0.0,0.0,,0.0
161,1,2.00,1,21.68,31.82,28.02,0.0,0.00,0.0,0.0,,0.0
161,2,2.00,1,21.12,31.45,27.77,0.0,0.00,0.0,0.0,,0.0
161,3,2.00,1,20.60,31.09,27.53,0.0,0.00,0.0,0.0,,0.0
161,4,2.00,1,21.09,30.80,27.35,0.0,0.00,0.0,0.0,,0.0
161,5,2.00,1,21.57,30.54,27.19,0.0,0.00,0.0,0.0,,0.0
161,6,2.00,1,21.85,30.29,27.05,0.0,0.00,0.0,0.0,,0.0
161,7,2.00,1,22.14,30.06,26.91,0.0,0.00,0.0,0.0,,0.0
161,8,2.00,1,23.10,31.24,27.41,-2790.19,19.50,0.0,-1113.49,,-3903.6800000000003
161,9,2.00,1,24.93,31.91,27.41,-4153.79,73.95,0.0,-1811.22,,-5965.01
161,10,2.00,1,25.75,32.40,27.41,-4957.39,112.56,0.0,-1993.22,,-6950.610000000001
161,11,2.00,1,26.75,32.94,27.41,-5909.67,136.75,0.0,-1733.04,,-7642.71
161,12,2.00,1,27.21,33.44,27.41,-6687.83,157.40,0.0,-1722.79,,-8410.619999999999
161,13,2.00,1,28.15,34.04,27.41,-7677.39,163.96,0.0,-3881.42,,-11558.810000000001
161,14,2.00,1,28.63,34.60,27.41,-8445.5,161.16,0.0,-2916.75,,-11362.25
161,15,2.00,1,28.23,35.01,27.41,-8795.33,160.49,0.0,-2622.53,,-11417.86
161,16,2.00,1,27.78,35.33,27.41,-9014.01,163.71,0.0,-1845.22,,-10859.23
161,17,2.00,1,27.14,35.55,27.41,-8992.52,151.59,0.0,-1816.44,,-10808.960000000001
161,18,2.00,1,26.33,35.64,27.41,-8731.27,129.48,0.0,-1496.0,,-10227.27
161,19,2.00,1,25.84,34.56,28.96,0.0,83.16,0.0,0.0,,0.0
161,20,2.00,1,24.91,34.05,29.19,0.0,29.62,0.0,0.0,,0.0
161,21,2.00,1,24.28,33.64,29.07,0.0,0.00,0.0,0.0,,0.0
161,22,2.00,1,23.45,33.24,28.86,0.0,0.00,0.0,0.0,,0.0
161,23,2.00,1,23.95,32.92,28.69,0.0,0.00,0.0,0.0,,0.0
161,24,2.00,1,23.58,32.58,28.49,0.0,0.00,0.0,0.0,,0.0
161,1,3.00,1,23.05,32.23,28.28,0.0,0.00,0.0,0.0,,0.0
161,2,3.00,1,22.41,31.88,28.05,0.0,0.00,0.0,0.0,,0.0
161,3,3.00,1,22.24,31.55,27.85,0.0,0.00,0.0,0.0,,0.0
161,4,3.00,1,21.73,31.22,27.63,0.0,0.00,0.0,0.0,,0.0
161,5,3.00,1,21.01,30.87,27.39,0.0,0.00,0.0,0.0,,0.0
161,6,3.00,1,20.52,30.53,27.16,0.0,0.00,0.0,0.0,,0.0
161,7,3.00,1,20.28,30.22,26.95,0.0,0.00,0.0,0.0,,0.0
161,8,3.00,1,21.19,32.36,29.18,0.0,19.50,0.0,0.0,,0.0
161,9,3.00,1,23.75,33.24,30.16,0.0,73.95,0.0,0.0,,0.0
161,10,3.00,1,25.26,33.85,30.86,0.0,112.56,0.0,0.0,,0.0
161,11,3.00,1,26.27,34.43,31.52,0.0,136.75,0.0,0.0,,0.0
161,12,3.00,1,27.34,35.05,32.23,0.0,157.40,0.0,0.0,,0.0
161,13,3.00,1,28.11,35.69,32.95,0.0,163.96,0.0,0.0,,0.0
161,14,3.00,1,28.74,36.34,33.67,0.0,161.16,0.0,0.0,,0.0
161,15,3.00,1,28.39,36.92,34.32,0.0,160.49,0.0,0.0,,0.0
161,16,3.00,1,27.96,37.44,34.91,0.0,163.71,0.0,0.0,,0.0
161,17,3.00,1,27.56,37.88,35.41,0.0,151.59,0.0,0.0,,0.0
161,18,3.00,1,26.98,38.21,35.81,0.0,129.48,0.0,0.0,,0.0
161,19,3.00,1,26.23,36.09,33.75,0.0,83.16,0.0,0.0,,0.0
161,20,3.00,1,25.05,35.29,33.01,0.0,29.62,0.0,0.0,,0.0
161,21,3.00,1,24.41,34.78,32.55,0.0,0.00,0.0,0.0,,0.0
161,22,3.00,1,23.45,34.31,32.14,0.0,0.00,0.0,0.0,,0.0
161,23,3.00,1,23.94,33.94,31.82,0.0,0.00,0.0,0.0,,0.0
161,24,3.00,1,23.50,33.55,31.49,0.0,0.00,0.0,0.0,,0.0
161,1,4.00,1,22.84,33.16,31.14,0.0,0.00,0.0,0.0,,0.0
161,2,4.00,1,21.92,32.74,30.77,0.0,0.00,0.0,0.0,,0.0
161,3,4.00,1,20.97,32.32,30.38,0.0,0.00,0.0,0.0,,0.0
161,4,4.00,1,20.25,31.90,30.01,0.0,0.00,0.0,0.0,,0.0
161,5,4.00,1,19.51,31.49,29.64,0.0,0.00,0.0,0.0,,0.0
161,6,4.00,1,19.05,31.09,29.28,0.0,0.00,0.0,0.0,,0.0
161,7,4.00,1,19.76,30.78,29.01,0.0,0.00,0.0,0.0,,0.0
161,8,4.00,1,20.69,32.90,31.16,0.0,19.50,0.0,0.0,,0.0
161,9,4.00,1,23.02,33.73,32.03,0.0,73.95,0.0,0.0,,0.0
161,10,4.00,1,24.55,34.31,32.64,0.0,112.56,0.0,0.0,,0.0
161,11,4.00,1,25.75,34.87,33.23,0.0,136.75,0.0,0.0,,0.0
161,12,4.00,1,26.74,35.46,33.86,0.0,157.40,0.0,0.0,,0.0
161,13,4.00,1,27.54,36.07,34.50,0.0,163.96,0.0,0.0,,0.0
161,14,4.00,1,28.25,36.70,35.16,0.0,161.16,0.0,0.0,,0.0
161,15,4.00,1,28.95,37.33,35.81,0.0,160.49,0.0,0.0,,0.0
161,16,4.00,1,29.63,37.93,36.44,0.0,163.71,0.0,0.0,,0.0
161,17,4.00,1,29.01,38.39,36.92,0.0,151.59,0.0,0.0,,0.0
161,18,4.00,1,28.13,38.72,37.28,0.0,129.48,0.0,0.0,,0.0
161,19,4.00,1,27.32,36.60,35.19,0.0,83.16,0.0,0.0,,0.0
161,20,4.00,1,25.94,35.80,34.41,0.0,29.62,0.0,0.0,,0.0
161,21,4.00,1,24.79,35.25,33.88,0.0,0.00,0.0,0.0,,0.0
161,22,4.00,1,24.01,34.78,33.44,0.0,0.00,0.0,0.0,,0.0
161,23,4.00,1,23.40,34.34,33.02,0.0,0.00,0.0,0.0,,0.0
161,24,4.00,1,22.45,33.89,32.58,0.0,0.00,0.0,0.0,,0.0
161,1,5.00,1,21.60,33.43,32.15,0.0,0.00,0.0,0.0,,0.0
161,2,5.00,1,20.72,32.98,31.71,0.0,0.00,0.0,0.0,,0.0
161,3,5.00,1,19.72,32.52,31.27,0.0,0.00,0.0,0.0,,0.0
161,4,5.00,1,18.90,32.06,30.83,0.0,0.00,0.0,0.0,,0.0
161,5,5.00,1,18.08,31.60,30.39,0.0,0.00,0.0,0.0,,0.0
161,6,5.00,1,18.92,31.26,30.06,0.0,0.00,0.0,0.0,,0.0
161,7,5.00,1,19.72,30.96,29.77,0.0,0.00,0.0,0.0,,0.0
161,8,5.00,1,20.93,31.78,27.41,-8519.14,19.50,0.0,-897.48,,-9416.619999999999
161,9,5.00,1,23.35,32.39,27.41,-7827.53,73.95,0.0,-1780.97,,-9608.5
161,10,5.00,1,25.05,32.94,27.41,-8381.07,112.56,0.0,-2282.44,,-10663.51
161,11,5.00,1,26.22,33.48,27.41,-8898.8,136.75,0.0,-2790.63,,-11689.43
161,12,5.00,1,27.33,34.05,27.41,-9521.56,157.40,0.0,-2843.13,,-12364.689999999999
161,13,5.00,1,28.21,34.64,27.41,-10131.66,163.96,0.0,-4799.78,,-14931.439999999999
161,14,5.00,1,27.89,35.05,27.41,-10268.46,161.16,0.0,-4127.22,,-14395.68
161,15,5.00,1,27.42,35.38,27.41,-10312.92,160.49,0.0,-2384.99,,-12697.91
161,16,5.00,1,27.11,35.68,27.41,-10348.05,163.71,0.0,-2315.69,,-12663.74
161,17,5.00,1,26.44,35.86,27.41,-10106.98,151.59,0.0,-1703.56,,-11810.539999999999
161,18,5.00,1,25.54,35.90,27.41,-9625.7,129.48,0.0,-1332.35,,-10958.050000000001
161,19,5.00,1,24.84,34.88,29.34,0.0,83.16,0.0,0.0,,0.0
161,20,5.00,1,23.83,34.36,29.63,0.0,29.62,0.0,0.0,,0.0
161,21,5.00,1,22.99,33.91,29.49,0.0,0.00,0.0,0.0,,0.0
161,22,5.00,1,22.83,33.51,29.28,0.0,0.00,0.0,0.0,,0.0
161,23,5.00,1,22.30,33.11,29.04,0.0,0.00,0.0,0.0,,0.0
161,24,5.00,1,21.82,32.72,28.79,0.0,0.00,0.0,0.0,,0.0
161,1,6.00,1,21.25,32.33,28.53,0.0,0.00,0.0,0.0,,0.0
161,2,6.00,1,20.87,31.95,28.27,0.0,0.00,0.0,0.0,,0.0
161,3,6.00,1,20.17,31.56,28.00,0.0,0.00,0.0,0.0,,0.0
161,4,6.00,1,19.51,31.17,27.73,0.0,0.00,0.0,0.0,,0.0
161,5,6.00,1,18.80,30.78,27.44,0.0,0.00,0.0,0.0,,0.0
161,6,6.00,1,18.47,30.41,27.18,0.0,0.00,0.0,0.0,,0.0
161,7,6.00,1,18.05,30.05,26.92,0.0,0.00,0.0,0.0,,0.0
161,8,6.00,1,19.23,30.78,27.41,-1621.41,19.50,0.0,0.0,,-1621.41
161,9,6.00,1,21.78,31.38,27.41,-3158.44,73.95,0.0,0.0,,-3158.44
161,10,6.00,1,23.79,31.98,27.41,-4357.12,112.56,0.0,0.0,,-4357.12
161,11,6.00,1,25.10,32.55,27.41,-5380.57,136.75,0.0,-285.25,,-5665.82
161,12,6.00,1,26.58,33.20,27.41,-6543.91,157.40,0.0,-1050.09,,-7594.0
161,13,6.00,1,27.75,33.86,27.41,-7614.49,163.96,0.0,-2789.16,,-10403.65
161,14,6.00,1,28.63,34.50,27.41,-8543.53,161.16,0.0,-3816.53,,-12360.060000000001
161,15,6.00,1,28.63,34.99,27.41,-9063.52,160.49,0.0,-2080.17,,-11143.69
161,16,6.00,1,28.54,35.41,27.41,-9446.29,163.71,0.0,-3589.66,,-13035.95
161,17,6.00,1,28.25,35.72,27.41,-9587.62,151.59,0.0,-1721.87,,-11309.490000000002
161,18,6.00,1,27.92,35.94,27.41,-9547.67,129.48,0.0,-2151.04,,-11698.71
161,19,6.00,1,27.36,34.80,29.14,0.0,83.16,0.0,0.0,,0.0
161,20,6.00,1,26.68,34.32,29.46,0.0,29.62,0.0,0.0,,0.0
161,21,6.00,1,26.00,33.94,29.39,0.0,0.00,0.0,0.0,,0.0
161,22,6.00,1,25.69,33.61,29.25,0.0,0.00,0.0,0.0,,0.0
161,23,6.00,1,25.34,33.28,29.08,0.0,0.00,0.0,0.0,,0.0
161,24,6.00,1,25.18,32.98,28.92,0.0,0.00,0.0,0.0,,0.0
161,1,7.00,1,25.21,32.70,28.77,0.0,0.00,0.0,-0.0,,0.0
161,2,7.00,1,24.77,32.41,28.60,0.0,0.00,0.0,-0.0,,0.0
161,3,7.00,1,24.15,32.10,28.42,0.0,0.00,0.0,-0.0,,0.0
161,4,7.00,1,23.75,31.80,28.24,0.0,0.00,0.0,-0.0,,0.0
161,5,7.00,1,23.60,31.52,28.07,0.0,0.00,0.0,-0.0,,0.0
161,6,7.00,1,23.60,31.27,27.92,0.0,0.00,0.0,-0.0,,0.0
161,7,7.00,1,23.60,31.02,27.78,0.0,0.00,0.0,-0.0,,0.0
161,8,7.00,1,23.64,32.11,27.41,-4790.41,19.50,0.0,-685.55,,-5475.96
161,9,7.00,1,25.12,32.69,27.41,-5384.98,73.95,0.0,-1130.38,,-6515.36
161,10,7.00,1,26.37,33.21,27.41,-6227.53,112.56,0.0,-1161.27,,-7388.799999999999
161,11,7.00,1,26.59,33.62,27.41,-6744.42,136.75,0.0,-1911.41,,-8655.83
161,12,7.00,1,27.25,34.10,27.41,-7499.66,157.40,0.0,-1828.92,,-9328.58
161,13,7.00,1,27.84,34.62,27.41,-8248.67,163.96,0.0,-2979.3,,-11227.970000000001
161,14,7.00,1,27.30,34.97,27.41,-8509.07,161.16,0.0,-3112.6,,-11621.67
161,15,7.00,1,26.63,35.25,27.41,-8655.13,160.49,0.0,-379.23,,-9034.359999999999
161,16,7.00,1,26.06,35.48,27.41,-8736.16,163.71,0.0,-1354.32,,-10090.48
161,17,7.00,1,25.08,35.57,27.41,-8493.31,151.59,0.0,0.0,,-8493.31
161,18,7.00,1,23.90,35.52,27.41,-7999.74,129.48,0.0,0.0,,-7999.74
161,19,7.00,1,22.92,34.56,28.84,0.0,83.16,0.0,0.0,,0.0
161,20,7.00,1,21.82,34.02,29.00,0.0,29.62,0.0,0.0,,0.0
161,21,7.00,1,20.69,33.52,28.79,0.0,0.00,0.0,0.0,,0.0
161,22,7.00,1,19.93,33.05,28.50,0.0,0.00,0.0,0.0,,0.0
161,23,7.00,1,18.75,32.55,28.16,0.0,0.00,0.0,0.0,,0.0
161,24,7.00,1,17.51,32.04,27.80,0.0,0.00,0.0,0.0,,0.0
161,1,1.00,2,17.69,31.61,27.51,0.0,0.00,0.0,0.0,,0.0
161,2,1.00,2,17.87,31.22,27.25,0.0,0.00,0.0,0.0,,0.0
161,3,1.00,2,18.03,30.85,27.01,0.0,0.00,0.0,0.0,,0.0
161,4,1.00,2,18.46,30.52,26.80,0.0,0.00,0.0,0.0,,0.0
161,5,1.00,2,18.97,30.23,26.62,0.0,0.00,0.0,0.0,,0.0
161,6,1.00,2,19.48,29.95,26.45,0.0,0.00,0.0,0.0,,0.0
161,7,1.00,2,20.11,29.72,26.32,0.0,0.00,0.0,0.0,,0.0
161,8,1.00,2,20.58,30.63,26.98,-1778.01,9.88,0.0,0.0,,-1778.01
161,9,1.00,2,23.40,31.36,26.98,-3607.93,62.56,0.0,-24.68,,-3632.6099999999997
161,10,1.00,2,25.12,31.98,26.98,-4779.24,102.57,0.0,-1054.89,,-5834.13
161,11,1.00,2,25.98,32.52,26.98,-5690.26,128.58,0.0,-1928.47,,-7618.7300000000005
161,12,1.00,2,26.92,33.11,26.98,-6714.35,208.35,0.0,-2299.49,,-9013.84
161,13,1.00,2,27.44,33.68,26.98,-7588.01,275.88,0.0,-3497.35,,-11085.36
161,14,1.00,2,27.95,34.25,26.98,-8417.93,304.51,0.0,-4477.19,,-12895.119999999999
161,15,1.00,2,28.37,34.80,26.98,-9130.03,300.19,0.0,-3026.93,,-12156.960000000001
161,16,1.00,2,27.90,35.17,26.98,-9368.73,262.73,0.0,-4372.63,,-13741.36
161,17,1.00,2,27.18,35.39,26.98,-9334.15,193.22,0.0,-2343.31,,-11677.46
161,18,1.00,2,25.87,35.42,26.98,-8881.61,121.90,0.0,-1110.62,,-9992.23
161,19,1.00,2,24.97,34.33,28.56,0.0,78.82,0.0,0.0,,0.0
161,20,1.00,2,23.78,33.79,28.78,0.0,19.25,0.0,0.0,,0.0
161,21,1.00,2,22.71,33.34,28.63,0.0,0.00,0.0,0.0,,0.0
161,22,1.00,2,22.38,32.95,28.42,0.0,0.00,0.0,0.0,,0.0
161,23,1.00,2,21.22,32.52,28.15,0.0,0.00,0.0,0.0,,0.0
161,24,1.00,2,20.31,32.09,27.87,0.0,0.00,0.0,0.0,,0.0
161,1,2.00,2,19.37,31.66,27.57,0.0,0.00,0.0,0.0,,0.0
161,2,2.00,2,19.11,31.27,27.31,0.0,0.00,0.0,0.0,,0.0
161,3,2.00,2,18.41,30.87,27.03,0.0,0.00,0.0,0.0,,0.0
161,4,2.00,2,17.73,30.46,26.75,0.0,0.00,0.0,0.0,,0.0
161,5,2.00,2,17.19,30.07,26.47,0.0,0.00,0.0,0.0,,0.0
161,6,2.00,2,17.82,29.76,26.26,0.0,0.00,0.0,0.0,,0.0
161,7,2.00,2,18.48,29.49,26.10,0.0,0.00,0.0,0.0,,0.0
161,8,2.00,2,19.50,30.33,26.98,-988.21,9.88,0.0,0.0,,-988.21
161,9,2.00,2,22.57,31.06,26.98,-3048.36,62.56,0.0,0.0,,-3048.36
161,10,2.00,2,24.43,31.69,26.98,-4280.22,102.57,0.0,-390.4,,-4670.62
161,11,2.00,2,25.51,32.25,26.98,-5291.16,128.58,0.0,-1636.15,,-6927.3099999999995
161,12,2.00,2,26.58,32.87,26.98,-6381.6,208.35,0.0,-1815.98,,-8197.58
161,13,2.00,2,27.34,33.48,26.98,-7369.38,275.88,0.0,-3906.39,,-11275.77
161,14,2.00,2,27.88,34.07,26.98,-8226.82,304.51,0.0,-4389.25,,-12616.07
161,15,2.00,2,27.39,34.48,26.98,-8583.39,300.19,0.0,-1718.52,,-10301.91
161,16,2.00,2,27.13,34.84,26.98,-8903.48,262.73,0.0,-3066.94,,-11970.42
161,17,2.00,2,26.30,35.04,26.98,-8824.54,193.22,0.0,-901.83,,-9726.37
161,18,2.00,2,25.53,35.13,26.98,-8591.34,121.90,0.0,-404.54,,-8995.880000000001
161,19,2.00,2,24.79,34.08,28.49,0.0,78.82,0.0,0.0,,0.0
161,20,2.00,2,23.86,33.57,28.70,0.0,19.25,0.0,0.0,,0.0
161,21,2.00,2,22.95,33.14,28.57,0.0,0.00,0.0,0.0,,0.0
161,22,2.00,2,22.18,32.74,28.34,0.0,0.00,0.0,0.0,,0.0
161,23,2.00,2,21.43,32.33,28.09,0.0,0.00,0.0,0.0,,0.0
161,24,2.00,2,20.72,31.93,27.83,0.0,0.00,0.0,0.0,,0.0
161,1,3.00,2,20.22,31.55,27.58,0.0,0.00,0.0,0.0,,0.0
161,2,3.00,2,19.44,31.15,27.30,0.0,0.00,0.0,0.0,,0.0
161,3,3.00,2,18.54,30.75,27.01,0.0,0.00,0.0,0.0,,0.0
161,4,3.00,2,18.26,30.38,26.76,0.0,0.00,0.0,0.0,,0.0
161,5,3.00,2,17.66,30.00,26.49,0.0,0.00,0.0,0.0,,0.0
161,6,3.00,2,18.20,29.69,26.29,0.0,0.00,0.0,0.0,,0.0
161,7,3.00,2,18.70,29.42,26.11,0.0,0.00,0.0,0.0,,0.0
161,8,3.00,2,19.70,31.57,28.36,0.0,9.88,0.0,0.0,,0.0
161,9,3.00,2,22.16,32.44,29.32,0.0,62.56,0.0,0.0,,0.0
161,10,3.00,2,23.89,33.06,30.03,0.0,102.57,0.0,0.0,,0.0
161,11,3.00,2,25.25,33.67,30.71,0.0,128.58,0.0,0.0,,0.0
161,12,3.00,2,26.48,34.32,31.45,0.0,208.35,0.0,0.0,,0.0
161,13,3.00,2,27.15,34.99,32.19,0.0,275.88,0.0,0.0,,0.0
161,14,3.00,2,27.64,35.66,32.93,0.0,304.51,0.0,0.0,,0.0
161,15,3.00,2,28.18,36.31,33.66,0.0,300.19,0.0,0.0,,0.0
161,16,3.00,2,28.69,36.93,34.35,0.0,262.73,0.0,0.0,,0.0
161,17,3.00,2,27.64,37.39,34.86,0.0,193.22,0.0,0.0,,0.0
161,18,3.00,2,26.66,37.72,35.26,0.0,121.90,0.0,0.0,,0.0
161,19,3.00,2,25.59,35.59,33.19,0.0,78.82,0.0,0.0,,0.0
161,20,3.00,2,24.71,34.81,32.47,0.0,19.25,0.0,0.0,,0.0
161,21,3.00,2,23.44,34.28,31.99,0.0,0.00,0.0,0.0,,0.0
161,22,3.00,2,22.53,33.81,31.57,0.0,0.00,0.0,0.0,,0.0
161,23,3.00,2,21.57,33.35,31.17,0.0,0.00,0.0,0.0,,0.0
161,24,3.00,2,20.59,32.89,30.76,0.0,0.00,0.0,0.0,,0.0
161,1,4.00,2,21.27,32.54,30.45,0.0,0.00,0.0,0.0,,0.0
161,2,4.00,2,20.29,32.12,30.08,0.0,0.00,0.0,0.0,,0.0
161,3,4.00,2,19.38,31.70,29.70,0.0,0.00,0.0,0.0,,0.0
161,4,4.00,2,19.13,31.31,29.35,0.0,0.00,0.0,0.0,,0.0
161,5,4.00,2,18.78,30.93,29.01,0.0,0.00,0.0,0.0,,0.0
161,6,4.00,2,18.00,30.53,28.65,0.0,0.00,0.0,0.0,,0.0
161,7,4.00,2,17.60,30.15,28.31,0.0,0.00,0.0,0.0,,0.0
161,8,4.00,2,18.66,32.24,30.43,0.0,9.88,0.0,0.0,,0.0
161,9,4.00,2,20.83,33.04,31.26,0.0,62.56,0.0,0.0,,0.0
161,10,4.00,2,22.78,33.61,31.87,0.0,102.57,0.0,0.0,,0.0
161,11,4.00,2,24.58,34.20,32.49,0.0,128.58,0.0,0.0,,0.0
161,12,4.00,2,25.60,34.81,33.13,0.0,208.35,0.0,0.0,,0.0
161,13,4.00,2,26.42,35.44,33.79,0.0,275.88,0.0,0.0,,0.0
161,14,4.00,2,27.25,36.10,34.48,0.0,304.51,0.0,0.0,,0.0
161,15,4.00,2,26.78,36.66,35.07,0.0,300.19,0.0,0.0,,0.0
161,16,4.00,2,26.30,37.16,35.60,0.0,262.73,0.0,0.0,,0.0
161,17,4.00,2,25.76,37.57,36.03,0.0,193.22,0.0,0.0,,0.0
161,18,4.00,2,24.87,37.87,36.35,0.0,121.90,0.0,0.0,,0.0
161,19,4.00,2,24.12,35.71,34.22,0.0,78.82,0.0,0.0,,0.0
161,20,4.00,2,23.17,34.89,33.42,0.0,19.25,0.0,0.0,,0.0
161,21,4.00,2,22.50,34.36,32.91,0.0,0.00,0.0,0.0,,0.0
161,22,4.00,2,21.56,33.87,32.44,0.0,0.00,0.0,0.0,,0.0
161,23,4.00,2,21.48,33.45,32.04,0.0,0.00,0.0,0.0,,0.0
161,24,4.00,2,20.73,33.01,31.62,0.0,0.00,0.0,0.0,,0.0
161,1,5.00,2,20.16,32.58,31.21,0.0,0.00,0.0,0.0,,0.0
161,2,5.00,2,19.42,32.14,30.79,0.0,0.00,0.0,0.0,,0.0
161,3,5.00,2,18.79,31.71,30.38,0.0,0.00,0.0,0.0,,0.0
161,4,5.00,2,18.27,31.30,29.98,0.0,0.00,0.0,0.0,,0.0
161,5,5.00,2,17.72,30.88,29.59,0.0,0.00,0.0,0.0,,0.0
161,6,5.00,2,17.22,30.48,29.20,0.0,0.00,0.0,0.0,,0.0
161,7,5.00,2,16.84,30.09,28.83,0.0,0.00,0.0,0.0,,0.0
161,8,5.00,2,18.10,30.68,26.98,-6625.19,9.88,0.0,0.0,,-6625.19
161,9,5.00,2,20.45,31.19,26.98,-6217.21,62.56,0.0,0.0,,-6217.21
161,10,5.00,2,22.25,31.70,26.98,-6839.14,102.57,0.0,-1061.87,,-7901.01
161,11,5.00,2,24.26,32.33,26.98,-7726.56,128.58,0.0,-941.35,,-8667.91
161,12,5.00,2,25.67,32.97,26.98,-8541.72,208.35,0.0,-1708.73,,-10250.449999999999
161,13,5.00,2,26.48,33.56,26.98,-9202.04,275.88,0.0,-1220.17,,-10422.210000000001
161,14,5.00,2,27.70,34.23,26.98,-10042.42,304.51,0.0,-1614.99,,-11657.41
161,15,5.00,2,27.12,34.63,26.98,-10117.23,300.19,0.0,-2927.67,,-13044.9
161,16,5.00,2,26.67,34.95,26.98,-10150.21,262.73,0.0,-1949.05,,-12099.259999999998
161,17,5.00,2,25.81,35.12,26.98,-9871.3,193.22,0.0,-1620.15,,-11491.449999999999
161,18,5.00,2,24.77,35.15,26.98,-9365.58,121.90,0.0,-1643.87,,-11009.45
161,19,5.00,2,23.94,34.13,28.83,0.0,78.82,0.0,0.0,,0.0
161,20,5.00,2,22.91,33.61,29.09,0.0,19.25,0.0,0.0,,0.0
161,21,5.00,2,22.20,33.18,28.96,0.0,0.00,0.0,0.0,,0.0
161,22,5.00,2,21.28,32.75,28.71,0.0,0.00,0.0,0.0,,0.0
161,23,5.00,2,21.41,32.39,28.48,0.0,0.00,0.0,0.0,,0.0
161,24,5.00,2,20.91,32.01,28.24,0.0,0.00,0.0,0.0,,0.0
161,1,6.00,2,20.42,31.63,27.98,0.0,0.00,0.0,0.0,,0.0
161,2,6.00,2,19.85,31.26,27.72,0.0,0.00,0.0,0.0,,0.0
161,3,6.00,2,19.24,30.88,27.46,0.0,0.00,0.0,0.0,,0.0
161,4,6.00,2,18.84,30.52,27.20,0.0,0.00,0.0,0.0,,0.0
161,5,6.00,2,17.85,30.12,26.91,0.0,0.00,0.0,0.0,,0.0
161,6,6.00,2,16.76,29.71,26.59,0.0,0.00,0.0,0.0,,0.0
161,7,6.00,2,17.35,29.40,26.37,0.0,0.00,0.0,0.0,,0.0
161,8,6.00,2,18.34,30.11,26.98,-1246.84,9.88,0.0,0.0,,-1246.84
161,9,6.00,2,20.75,30.68,26.98,-2787.54,62.56,0.0,0.0,,-2787.54
161,10,6.00,2,22.13,31.17,26.98,-3728.18,102.57,0.0,0.0,,-3728.18
161,11,6.00,2,23.45,31.70,26.98,-4744.17,128.58,0.0,0.0,,-4744.17
161,12,6.00,2,24.21,32.22,26.98,-5631.71,208.35,0.0,0.0,,-5631.71
161,13,6.00,2,24.74,32.74,26.98,-6452.66,275.88,0.0,0.0,,-6452.66
161,14,6.00,2,25.38,33.28,26.98,-7284.76,304.51,0.0,0.0,,-7284.76
161,15,6.00,2,26.19,33.85,26.98,-8119.61,300.19,0.0,-352.35,,-8471.96
161,16,6.00,2,26.90,34.39,26.98,-8817.06,262.73,0.0,-1129.55,,-9946.609999999999
161,17,6.00,2,26.28,34.66,26.98,-8824.0,193.22,0.0,-1284.23,,-10108.23
161,18,6.00,2,25.36,34.77,26.98,-8536.88,121.90,0.0,-719.86,,-9256.74
161,19,6.00,2,24.48,33.69,28.48,0.0,78.82,0.0,0.0,,0.0
161,20,6.00,2,23.44,33.18,28.68,0.0,19.25,0.0,0.0,,0.0
161,21,6.00,2,22.79,32.78,28.55,0.0,0.00,0.0,0.0,,0.0
161,22,6.00,2,21.97,32.39,28.33,0.0,0.00,0.0,0.0,,0.0
161,23,6.00,2,22.12,32.06,28.14,0.0,0.00,0.0,0.0,,0.0
161,24,6.00,2,21.79,31.72,27.93,0.0,0.00,0.0,0.0,,0.0
161,1,7.00,2,20.99,31.36,27.69,0.0,0.00,0.0,0.0,,0.0
161,2,7.00,2,20.12,30.98,27.43,0.0,0.00,0.0,0.0,,0.0
161,3,7.00,2,19.12,30.59,27.15,0.0,0.00,0.0,0.0,,0.0
161,4,7.00,2,17.92,30.18,26.84,0.0,0.00,0.0,0.0,,0.0
161,5,7.00,2,17.14,29.78,26.54,0.0,0.00,0.0,0.0,,0.0
161,6,7.00,2,16.47,29.40,26.25,0.0,0.00,0.0,0.0,,0.0
161,7,7.00,2,15.95,29.02,25.96,0.0,0.00,0.0,0.0,,0.0
161,8,7.00,2,16.90,29.59,26.92,0.0,9.88,0.0,0.0,,0.0
161,9,7.00,2,19.38,30.13,26.98,-1649.94,62.56,0.0,0.0,,-1649.94
161,10,7.00,2,21.14,30.66,26.98,-2816.91,102.57,0.0,0.0,,-2816.91
161,11,7.00,2,23.14,31.29,26.98,-4150.84,128.58,0.0,0.0,,-4150.84
161,12,7.00,2,23.93,31.84,26.98,-5099.01,208.35,0.0,0.0,,-5099.01
161,13,7.00,2,24.49,32.38,26.98,-5975.08,275.88,0.0,0.0,,-5975.08
161,14,7.00,2,24.97,32.90,26.98,-6779.22,304.51,0.0,0.0,,-6779.22
161,15,7.00,2,25.81,33.47,26.98,-7658.88,300.19,0.0,-307.18,,-7966.06
161,16,7.00,2,26.60,34.03,26.98,-8415.5,262.73,0.0,-1253.78,,-9669.28
161,17,7.00,2,25.93,34.31,26.98,-8427.55,193.22,0.0,-918.67,,-9346.22
161,18,7.00,2,25.04,34.42,26.98,-8174.51,121.90,0.0,-620.33,,-8794.84
161,19,7.00,2,23.93,33.33,28.35,0.0,78.82,0.0,0.0,,0.0
161,20,7.00,2,22.78,32.81,28.51,0.0,19.25,0.0,0.0,,0.0
161,21,7.00,2,21.73,32.38,28.34,0.0,0.00,0.0,0.0,,0.0
161,22,7.00,2,21.03,31.98,28.10,0.0,0.00,0.0,0.0,,0.0
161,23,7.00,2,20.37,31.59,27.84,0.0,0.00,0.0,0.0,,0.0
161,24,7.00,2,19.74,31.20,27.57,0.0,0.00,0.0,0.0,,0.0
161,1,1.00,2,19.49,30.84,27.32,0.0,0.00,0.0,0.0,,0.0
161,2,1.00,2,19.15,30.49,27.08,0.0,0.00,0.0,0.0,,0.0
161,3,1.00,2,18.98,30.16,26.85,0.0,0.00,0.0,0.0,,0.0
161,4,1.00,2,18.59,29.82,26.61,0.0,0.00,0.0,0.0,,0.0
161,5,1.00,2,17.68,29.45,26.33,0.0,0.00,0.0,0.0,,0.0
161,6,1.00,2,16.98,29.09,26.06,0.0,0.00,0.0,0.0,,0.0
161,7,1.00,2,16.58,28.74,25.80,0.0,0.00,0.0,0.0,,0.0
161,8,1.00,2,15.96,29.18,26.60,0.0,9.88,0.0,0.0,,0.0
161,9,1.00,2,17.79,29.58,26.98,-447.09,62.56,0.0,0.0,,-447.09
161,10,1.00,2,19.77,30.09,26.98,-1892.89,102.57,0.0,0.0,,-1892.89
161,11,1.00,2,21.13,30.60,26.98,-2977.85,128.58,0.0,0.0,,-2977.85
161,12,1.00,2,22.20,31.14,26.98,-4040.64,208.35,0.0,0.0,,-4040.64
161,13,1.00,2,23.10,31.70,26.98,-5058.82,275.88,0.0,0.0,,-5058.82
161,14,1.00,2,24.16,32.31,26.98,-6114.62,304.51,0.0,0.0,,-6114.62
161,15,1.00,2,25.14,32.92,26.98,-7071.39,300.19,0.0,-572.03,,-7643.42
161,16,1.00,2,26.08,33.51,26.98,-7911.81,262.73,0.0,-1162.45,,-9074.26
161,17,1.00,2,25.82,33.86,26.98,-8112.39,193.22,0.0,-1383.16,,-9495.550000000001
161,18,1.00,2,25.22,34.05,26.98,-8010.3,121.90,0.0,-1269.66,,-9279.960000000001
161,19,1.00,2,24.41,32.96,28.29,0.0,78.82,0.0,0.0,,0.0
161,20,1.00,2,23.79,32.49,28.48,0.0,19.25,0.0,0.0,,0.0
161,21,1.00,2,23.33,32.14,28.38,0.0,0.00,0.0,0.0,,0.0
161,22,1.00,2,23.37,31.84,28.23,0.0,0.00,0.0,0.0,,0.0
161,23,1.00,2,23.11,31.54,28.05,0.0,0.00,0.0,0.0,,0.0
161,24,1.00,2,22.98,31.26,27.88,0.0,0.00,0.0,0.0,,0.0
161,1,2.00,2,22.67,30.98,27.69,0.0,0.00,0.0,0.0,,0.0
161,2,2.00,2,22.75,30.73,27.54,0.0,0.00,0.0,0.0,,0.0
161,3,2.00,2,22.76,30.48,27.39,0.0,0.00,0.0,0.0,,0.0
161,4,2.00,2,22.77,30.25,27.24,0.0,0.00,0.0,-0.0,,0.0
161,5,2.00,2,22.50,30.01,27.09,0.0,0.00,0.0,0.0,,0.0
161,6,2.00,2,22.25,29.77,26.93,0.0,0.00,0.0,0.0,,0.0
161,7,2.00,2,22.34,29.56,26.80,0.0,0.00,0.0,-0.0,,0.0
161,8,2.00,2,22.49,30.71,26.98,-3372.73,9.88,0.0,-1497.06,,-4869.79
161,9,2.00,2,24.22,31.36,26.98,-4452.76,62.56,0.0,-2188.53,,-6641.290000000001
161,10,2.00,2,25.27,31.88,26.98,-5291.2,102.57,0.0,-1962.34,,-7253.54
161,11,2.00,2,25.68,32.34,26.98,-5951.32,128.58,0.0,-1085.64,,-7036.96
161,12,2.00,2,25.77,32.77,26.98,-6559.89,208.35,0.0,-1756.73,,-8316.62
161,13,2.00,2,25.91,33.23,26.98,-7201.27,275.88,0.0,-1459.39,,-8660.66
161,14,2.00,2,25.40,33.59,26.98,-7539.37,304.51,0.0,-1247.23,,-8786.6
161,15,2.00,2,24.57,33.84,26.98,-7654.76,300.19,0.0,-775.53,,-8430.29
161,16,2.00,2,23.88,34.05,26.98,-7698.24,262.73,0.0,0.0,,-7698.24
161,17,2.00,2,22.87,34.12,26.98,-7452.44,193.22,0.0,0.0,,-7452.44
161,18,2.00,2,21.54,34.04,26.98,-6903.66,121.90,0.0,0.0,,-6903.66
161,19,2.00,2,20.47,33.15,28.15,0.0,78.82,0.0,0.0,,0.0
161,20,2.00,2,19.21,32.60,28.19,0.0,19.25,0.0,0.0,,0.0
161,21,2.00,2,18.22,32.10,27.94,0.0,0.00,0.0,0.0,,0.0
161,22,2.00,2,17.67,31.64,27.64,0.0,0.00,0.0,0.0,,0.0
161,23,2.00,2,16.71,31.16,27.29,0.0,0.00,0.0,0.0,,0.0
161,24,2.00,2,15.99,30.69,26.95,0.0,0.00,0.0,0.0,,0.0
161,1,3.00,2,15.09,30.22,26.59,0.0,0.00,0.0,0.0,,0.0
161,2,3.00,2,15.73,29.84,26.32,0.0,0.00,0.0,0.0,,0.0
161,3,3.00,2,16.24,29.50,26.09,0.0,0.00,0.0,0.0,,0.0
161,4,3.00,2,17.04,29.21,25.89,0.0,0.00,0.0,0.0,,0.0
161,5,3.00,2,17.52,28.93,25.71,0.0,0.00,0.0,0.0,,0.0
161,6,3.00,2,17.93,28.67,25.54,0.0,0.00,0.0,0.0,,0.0
161,7,3.00,2,18.65,28.45,25.41,0.0,0.00,0.0,0.0,,0.0
161,8,3.00,2,19.08,30.60,27.65,0.0,9.88,0.0,0.0,,0.0
161,9,3.00,2,21.51,31.49,28.62,0.0,62.56,0.0,0.0,,0.0
161,10,3.00,2,23.14,32.13,29.33,0.0,102.57,0.0,0.0,,0.0
161,11,3.00,2,24.20,32.73,30.01,0.0,128.58,0.0,0.0,,0.0
161,12,3.00,2,25.25,33.38,30.73,0.0,208.35,0.0,0.0,,0.0
161,13,3.00,2,26.01,34.06,31.48,0.0,275.88,0.0,0.0,,0.0
161,14,3.00,2,25.61,34.67,32.16,0.0,304.51,0.0,0.0,,0.0
161,15,3.00,2,25.04,35.24,32.79,0.0,300.19,0.0,0.0,,0.0
161,16,3.00,2,24.63,35.75,33.36,0.0,262.73,0.0,0.0,,0.0
161,17,3.00,2,23.75,36.16,33.82,0.0,193.22,0.0,0.0,,0.0
161,18,3.00,2,22.86,36.45,34.17,0.0,121.90,0.0,0.0,,0.0
161,19,3.00,2,22.02,34.29,32.07,0.0,78.82,0.0,0.0,,0.0
161,20,3.00,2,20.78,33.46,31.28,0.0,19.25,0.0,0.0,,0.0
161,21,3.00,2,19.71,32.89,30.76,0.0,0.00,0.0,0.0,,0.0
161,22,3.00,2,19.04,32.40,30.32,0.0,0.00,0.0,0.0,,0.0
161,23,3.00,2,18.35,31.94,29.90,0.0,0.00,0.0,0.0,,0.0
161,24,3.00,2,17.86,31.49,29.50,0.0,0.00,0.0,0.0,,0.0
161,1,4.00,2,17.24,31.05,29.10,0.0,0.00,0.0,0.0,,0.0
161,2,4.00,2,16.57,30.60,28.69,0.0,0.00,0.0,0.0,,0.0
161,3,4.00,2,15.76,30.15,28.28,0.0,0.00,0.0,0.0,,0.0
161,4,4.00,2,15.06,29.71,27.88,0.0,0.00,0.0,0.0,,0.0
161,5,4.00,2,14.48,29.28,27.48,0.0,0.00,0.0,0.0,,0.0
161,6,4.00,2,14.04,28.86,27.10,0.0,0.00,0.0,0.0,,0.0
161,7,4.00,2,14.98,28.54,26.81,0.0,0.00,0.0,0.0,,0.0
161,8,4.00,2,16.21,30.65,28.95,0.0,9.88,0.0,0.0,,0.0
161,9,4.00,2,18.51,31.47,29.80,0.0,62.56,0.0,0.0,,0.0
161,10,4.00,2,20.74,32.07,30.43,0.0,102.57,0.0,0.0,,0.0
161,11,4.00,2,22.01,32.63,31.02,0.0,128.58,0.0,0.0,,0.0
161,12,4.00,2,23.48,33.27,31.68,0.0,208.35,0.0,0.0,,0.0
161,13,4.00,2,24.48,33.93,32.37,0.0,275.88,0.0,0.0,,0.0
161,14,4.00,2,25.30,34.60,33.07,0.0,304.51,0.0,0.0,,0.0
161,15,4.00,2,24.65,35.16,33.66,0.0,300.19,0.0,0.0,,0.0
161,16,4.00,2,24.19,35.67,34.19,0.0,262.73,0.0,0.0,,0.0
161,17,4.00,2,23.21,36.06,34.60,0.0,193.22,0.0,0.0,,0.0
161,18,4.00,2,22.06,36.33,34.89,0.0,121.90,0.0,0.0,,0.0
161,19,4.00,2,21.22,34.16,32.74,0.0,78.82,0.0,0.0,,0.0
161,20,4.00,2,20.18,33.32,31.92,0.0,19.25,0.0,0.0,,0.0
161,21,4.00,2,19.21,32.75,31.37,0.0,0.00,0.0,0.0,,0.0
161,22,4.00,2,18.66,32.27,30.91,0.0,0.00,0.0,0.0,,0.0
161,23,4.00,2,18.07,31.81,30.47,0.0,0.00,0.0,0.0,,0.0
161,24,4.00,2,17.25,31.34,30.02,0.0,0.00,0.0,0.0,,0.0
161,1,5.00,2,16.40,30.87,29.57,0.0,0.00,0.0,0.0,,0.0
161,2,5.00,2,15.47,30.40,29.11,0.0,0.00,0.0,0.0,,0.0
161,3,5.00,2,14.67,29.93,28.65,0.0,0.00,0.0,0.0,,0.0
161,4,5.00,2,14.21,29.48,28.22,0.0,0.00,0.0,0.0,,0.0
161,5,5.00,2,14.87,29.12,27.88,0.0,0.00,0.0,0.0,,0.0
161,6,5.00,2,15.58,28.81,27.58,0.0,0.00,0.0,0.0,,0.0
161,7,5.00,2,16.30,28.53,27.31,0.0,0.00,0.0,0.0,,0.0
161,8,5.00,2,16.79,29.15,26.98,-2808.55,9.88,0.0,0.0,,-2808.55
161,9,5.00,2,18.74,29.63,26.98,-3368.23,62.56,0.0,0.0,,-3368.23
161,10,5.00,2,21.15,30.25,26.98,-4494.18,102.57,0.0,0.0,,-4494.18
161,11,5.00,2,22.53,30.82,26.98,-5344.98,128.58,0.0,0.0,,-5344.98
161,12,5.00,2,23.72,31.42,26.98,-6250.18,208.35,0.0,-146.75,,-6396.93
161,13,5.00,2,24.60,32.02,26.98,-7086.71,275.88,0.0,0.0,,-7086.71
161,14,5.00,2,25.41,32.63,26.98,-7888.96,304.51,0.0,-754.73,,-8643.69
161,15,5.00,2,25.05,33.05,26.98,-8159.77,300.19,0.0,-1039.67,,-9199.44
161,16,5.00,2,24.67,33.38,26.98,-8311.74,262.73,0.0,-298.05,,-8609.789999999999
161,17,5.00,2,24.08,33.60,26.98,-8226.48,193.22,0.0,-439.21,,-8665.689999999999
161,18,5.00,2,23.21,33.68,26.98,-7869.99,121.90,0.0,-48.46,,-7918.45
161,19,5.00,2,22.37,32.69,28.39,0.0,78.82,0.0,0.0,,0.0
161,20,5.00,2,21.37,32.19,28.54,0.0,19.25,0.0,0.0,,0.0
161,21,5.00,2,20.53,31.76,28.36,0.0,0.00,0.0,0.0,,0.0
161,22,5.00,2,19.85,31.36,28.09,0.0,0.00,0.0,0.0,,0.0
161,23,5.00,2,19.36,30.97,27.82,0.0,0.00,0.0,0.0,,0.0
161,24,5.00,2,18.81,30.59,27.54,0.0,0.00,0.0,0.0,,0.0
161,1,6.00,2,18.30,30.22,27.25,0.0,0.00,0.0,0.0,,0.0
161,2,6.00,2,17.62,29.83,26.96,0.0,0.00,0.0,0.0,,0.0
161,3,6.00,2,16.96,29.45,26.66,0.0,0.00,0.0,0.0,,0.0
161,4,6.00,2,16.51,29.08,26.37,0.0,0.00,0.0,0.0,,0.0
161,5,6.00,2,16.08,28.72,26.09,0.0,0.00,0.0,0.0,,0.0
161,6,6.00,2,15.76,28.38,25.81,0.0,0.00,0.0,0.0,,0.0
161,7,6.00,2,16.37,28.10,25.61,0.0,0.00,0.0,0.0,,0.0
161,8,6.00,2,16.92,28.79,26.61,0.0,9.88,0.0,0.0,,0.0
161,9,6.00,2,19.24,29.36,26.98,-837.25,62.56,0.0,0.0,,-837.25
161,10,6.00,2,21.14,29.94,26.98,-2307.61,102.57,0.0,0.0,,-2307.61
161,11,6.00,2,22.92,30.58,26.98,-3622.8,128.58,0.0,0.0,,-3622.8
161,12,6.00,2,24.28,31.24,26.98,-4856.64,208.35,0.0,0.0,,-4856.64
161,13,6.00,2,25.05,31.86,26.98,-5874.94,275.88,0.0,0.0,,-5874.94
161,14,6.00,2,25.76,32.47,26.98,-6826.22,304.51,0.0,0.0,,-6826.22
161,15,6.00,2,25.28,32.89,26.98,-7213.13,300.19,0.0,-20.43,,-7233.56
161,16,6.00,2,24.40,33.15,26.98,-7297.68,262.73,0.0,0.0,,-7297.68
161,17,6.00,2,23.77,33.35,26.98,-7309.75,193.22,0.0,0.0,,-7309.75
161,18,6.00,2,22.64,33.38,26.98,-6935.38,121.90,0.0,0.0,,-6935.38
161,19,6.00,2,21.89,32.42,28.10,0.0,78.82,0.0,0.0,,0.0
161,20,6.00,2,20.94,31.92,28.18,0.0,19.25,0.0,0.0,,0.0
161,21,6.00,2,20.09,31.50,27.99,0.0,0.00,0.0,0.0,,0.0
161,22,6.00,2,19.55,31.10,27.73,0.0,0.00,0.0,0.0,,0.0
161,23,6.00,2,19.29,30.73,27.47,0.0,0.00,0.0,0.0,,0.0
161,24,6.00,2,18.48,30.34,27.18,0.0,0.00,0.0,0.0,,0.0
161,1,7.00,2,17.81,29.96,26.89,0.0,0.00,0.0,0.0,,0.0
161,2,7.00,2,17.26,29.58,26.60,0.0,0.00,0.0,0.0,,0.0
161,3,7.00,2,16.83,29.21,26.32,0.0,0.00,0.0,0.0,,0.0
161,4,7.00,2,16.34,28.85,26.04,0.0,0.00,0.0,0.0,,0.0
161,5,7.00,2,15.83,28.48,25.76,0.0,0.00,0.0,0.0,,0.0
161,6,7.00,2,16.60,28.21,25.56,0.0,0.00,0.0,0.0,,0.0
161,7,7.00,2,17.52,27.99,25.41,0.0,0.00,0.0,0.0,,0.0
161,8,7.00,2,17.83,28.80,26.54,0.0,9.88,0.0,0.0,,0.0
161,9,7.00,2,19.94,29.39,26.98,-714.16,62.56,0.0,0.0,,-714.16
161,10,7.00,2,22.07,30.02,26.98,-2378.82,102.57,0.0,0.0,,-2378.82
161,11,7.00,2,24.09,30.73,26.98,-3846.69,128.58,0.0,0.0,,-3846.69
161,12,7.00,2,25.17,31.39,26.98,-5022.81,208.35,0.0,0.0,,-5022.81
161,13,7.00,2,26.01,32.04,26.98,-6109.92,275.88,0.0,-201.33,,-6311.25
161,14,7.00,2,26.66,32.67,26.98,-7077.07,304.51,0.0,-259.58,,-7336.65
161,15,7.00,2,26.25,33.12,26.98,-7524.15,300.19,0.0,-936.92,,-8461.07
161,16,7.00,2,25.61,33.45,26.98,-7737.63,262.73,0.0,0.0,,-7737.63
161,17,7.00,2,25.04,33.69,26.98,-7802.12,193.22,0.0,0.0,,-7802.12
161,18,7.00,2,23.95,33.76,26.98,-7470.53,121.90,0.0,0.0,,-7470.53
161,19,7.00,2,23.05,32.71,28.19,0.0,78.82,0.0,0.0,,0.0
161,20,7.00,2,21.79,32.19,28.29,0.0,19.25,0.0,0.0,,0.0
161,21,7.00,2,20.78,31.75,28.09,0.0,0.00,0.0,0.0,,0.0
161,22,7.00,2,20.64,31.39,27.87,0.0,0.00,0.0,0.0,,0.0
161,23,7.00,2,20.01,31.01,27.61,0.0,0.00,0.0,0.0,,0.0
161,24,7.00,2,19.61,30.65,27.35,0.0,0.00,0.0,0.0,,0.0
161,1,1.00,2,18.96,30.28,27.08,0.0,0.00,0.0,0.0,,0.0
161,2,1.00,2,18.03,29.89,26.79,0.0,0.00,0.0,0.0,,0.0
161,3,1.00,2,17.29,29.50,26.49,0.0,0.00,0.0,0.0,,0.0
161,4,1.00,2,16.48,29.11,26.19,0.0,0.00,0.0,0.0,,0.0
161,5,1.00,2,15.86,28.73,25.89,0.0,0.00,0.0,0.0,,0.0
161,6,1.00,2,16.48,28.43,25.67,0.0,0.00,0.0,0.0,,0.0
161,7,1.00,2,17.21,28.18,25.50,0.0,0.00,0.0,0.0,,0.0
161,8,1.00,2,17.87,28.98,26.63,0.0,9.88,0.0,0.0,,0.0
161,9,1.00,2,20.18,29.59,26.98,-1013.6,62.56,0.0,0.0,,-1013.6
161,10,1.00,2,22.34,30.23,26.98,-2622.12,102.57,0.0,0.0,,-2622.12
161,11,1.00,2,24.05,30.89,26.98,-3945.54,128.58,0.0,0.0,,-3945.54
161,12,1.00,2,25.47,31.58,26.98,-5241.43,208.35,0.0,-747.98,,-5989.41
161,13,1.00,2,26.34,32.25,26.98,-6333.24,275.88,0.0,-929.96,,-7263.2
161,14,1.00,2,26.97,32.87,26.98,-7281.74,304.51,0.0,-1063.52,,-8345.26
161,15,1.00,2,26.51,33.31,26.98,-7700.4,300.19,0.0,-1912.42,,-9612.82
161,16,1.00,2,26.11,33.68,26.98,-8005.11,262.73,0.0,-896.45,,-8901.56
161,17,1.00,2,25.21,33.88,26.98,-7932.83,193.22,0.0,-828.0,,-8760.83
161,18,1.00,2,23.99,33.91,26.98,-7539.86,121.90,0.0,-977.91,,-8517.77
161,19,1.00,2,22.99,32.86,28.20,0.0,78.82,0.0,0.0,,0.0
161,20,1.00,2,21.92,32.34,28.31,0.0,19.25,0.0,0.0,,0.0
161,21,1.00,2,21.15,31.92,28.14,0.0,0.00,0.0,0.0,,0.0
161,22,1.00,2,20.42,31.52,27.88,0.0,0.00,0.0,0.0,,0.0
161,23,1.00,2,19.49,31.11,27.59,0.0,0.00,0.0,0.0,,0.0
161,24,1.00,2,18.83,30.71,27.30,0.0,0.00,0.0,0.0,,0.0
161,1,2.00,2,17.95,30.30,26.99,0.0,0.00,0.0,0.0,,0.0
161,2,2.00,2,17.14,29.88,26.68,0.0,0.00,0.0,0.0,,0.0
161,3,2.00,2,16.35,29.47,26.37,0.0,0.00,0.0,0.0,,0.0
161,4,2.00,2,15.98,29.09,26.07,0.0,0.00,0.0,0.0,,0.0
161,5,2.00,2,15.48,28.70,25.77,0.0,0.00,0.0,0.0,,0.0
161,6,2.00,2,15.02,28.33,25.48,0.0,0.00,0.0,0.0,,0.0
161,7,2.00,2,16.06,28.06,25.29,0.0,0.00,0.0,0.0,,0.0
161,8,2.00,2,17.11,28.80,26.38,0.0,9.88,0.0,0.0,,0.0
161,9,2.00,2,19.75,29.43,26.98,-431.2,62.56,0.0,0.0,,-431.2
161,10,2.00,2,22.13,30.11,26.98,-2296.01,102.57,0.0,0.0,,-2296.01
161,11,2.00,2,23.73,30.75,26.98,-3601.1,128.58,0.0,0.0,,-3601.1
161,12,2.00,2,25.17,31.44,26.98,-4923.76,208.35,0.0,-540.64,,-5464.400000000001
161,13,2.00,2,26.30,32.14,26.98,-6136.16,275.88,0.0,-472.74,,-6608.9
161,14,2.00,2,27.13,32.81,26.98,-7188.66,304.51,0.0,-1446.93,,-8635.59
161,15,2.00,2,26.50,33.24,26.98,-7561.36,300.19,0.0,-1731.98,,-9293.34
161,16,2.00,2,26.05,33.60,26.98,-7860.02,262.73,0.0,-495.63,,-8355.65
161,17,2.00,2,25.34,33.83,26.98,-7878.01,193.22,0.0,-470.62,,-8348.630000000001
161,18,2.00,2,24.21,33.89,26.98,-7538.19,121.90,0.0,-507.47,,-8045.66
161,19,2.00,2,23.36,32.83,28.19,0.0,78.82,0.0,0.0,,0.0
161,20,2.00,2,22.09,32.31,28.30,0.0,19.25,0.0,0.0,,0.0
161,21,2.00,2,21.02,31.87,28.10,0.0,0.00,0.0,0.0,,0.0
161,22,2.00,2,20.60,31.48,27.86,0.0,0.00,0.0,0.0,,0.0
161,23,2.00,2,19.66,31.08,27.58,0.0,0.00,0.0,0.0,,0.0
161,24,2.00,2,19.00,30.68,27.29,0.0,0.00,0.0,0.0,,0.0
161,1,3.00,2,18.32,30.29,27.00,0.0,0.00,0.0,0.0,,0.0
161,2,3.00,2,17.62,29.89,26.70,0.0,0.00,0.0,0.0,,0.0
161,3,3.00,2,16.79,29.49,26.39,0.0,0.00,0.0,0.0,,0.0
161,4,3.00,2,15.80,29.07,26.07,0.0,0.00,0.0,0.0,,0.0
161,5,3.00,2,15.08,28.67,25.75,0.0,0.00,0.0,0.0,,0.0
161,6,3.00,2,15.75,28.36,25.51,0.0,0.00,0.0,0.0,,0.0
161,7,3.00,2,16.52,28.09,25.33,0.0,0.00,0.0,0.0,,0.0
161,8,3.00,2,17.15,30.21,27.53,0.0,9.88,0.0,0.0,,0.0
161,9,3.00,2,19.31,31.05,28.43,0.0,62.56,0.0,0.0,,0.0
161,10,3.00,2,21.77,31.69,29.15,0.0,102.57,0.0,0.0,,0.0
161,11,3.00,2,23.10,32.30,29.82,0.0,128.58,0.0,0.0,,0.0
161,12,3.00,2,24.11,32.94,30.52,0.0,208.35,0.0,0.0,,0.0
161,13,3.00,2,25.42,33.64,31.28,0.0,275.88,0.0,0.0,,0.0
161,14,3.00,2,26.23,34.34,32.04,0.0,304.51,0.0,0.0,,0.0
161,15,3.00,2,26.77,35.01,32.76,0.0,300.19,0.0,0.0,,0.0
161,16,3.00,2,27.37,35.64,33.45,0.0,262.73,0.0,0.0,,0.0
161,17,3.00,2,26.61,36.13,33.99,0.0,193.22,0.0,0.0,,0.0
161,18,3.00,2,25.51,36.48,34.39,0.0,121.90,0.0,0.0,,0.0
161,19,3.00,2,24.50,34.37,32.33,0.0,78.82,0.0,0.0,,0.0
161,20,3.00,2,23.44,33.60,31.60,0.0,19.25,0.0,0.0,,0.0
161,21,3.00,2,22.59,33.10,31.14,0.0,0.00,0.0,0.0,,0.0
161,22,3.00,2,21.76,32.66,30.74,0.0,0.00,0.0,0.0,,0.0
161,23,3.00,2,21.24,32.25,30.38,0.0,0.00,0.0,0.0,,0.0
161,24,3.00,2,20.44,31.84,30.00,0.0,0.00,0.0,0.0,,0.0
161,1,4.00,2,19.72,31.43,29.63,0.0,0.00,0.0,0.0,,0.0
161,2,4.00,2,18.95,31.01,29.25,0.0,0.00,0.0,0.0,,0.0
161,3,4.00,2,18.04,30.59,28.86,0.0,0.00,0.0,0.0,,0.0
161,4,4.00,2,17.20,30.17,28.47,0.0,0.00,0.0,0.0,,0.0
161,5,4.00,2,16.22,29.73,28.07,0.0,0.00,0.0,0.0,,0.0
161,6,4.00,2,16.99,29.41,27.78,0.0,0.00,0.0,0.0,,0.0
161,7,4.00,2,17.63,29.12,27.52,0.0,0.00,0.0,0.0,,0.0
161,8,4.00,2,18.31,31.23,29.66,0.0,9.88,0.0,0.0,,0.0
161,9,4.00,2,20.76,32.07,30.53,0.0,62.56,0.0,0.0,,0.0
161,10,4.00,2,22.78,32.69,31.16,0.0,102.57,0.0,0.0,,0.0
161,11,4.00,2,24.14,33.27,31.78,0.0,128.58,0.0,0.0,,0.0
161,12,4.00,2,25.37,33.91,32.44,0.0,208.35,0.0,0.0,,0.0
161,13,4.00,2,26.17,34.57,33.12,0.0,275.88,0.0,0.0,,0.0
161,14,4.00,2,26.78,35.23,33.81,0.0,304.51,0.0,0.0,,0.0
161,15,4.00,2,26.55,35.83,34.42,0.0,300.19,0.0,0.0,,0.0
161,16,4.00,2,26.47,36.37,34.99,0.0,262.73,0.0,0.0,,0.0
161,17,4.00,2,26.11,36.83,35.47,0.0,193.22,0.0,0.0,,0.0
161,18,4.00,2,25.51,37.17,35.83,0.0,121.90,0.0,0.0,,0.0
161,19,4.00,2,24.71,35.05,33.73,0.0,78.82,0.0,0.0,,0.0
161,20,4.00,2,23.62,34.26,32.95,0.0,19.25,0.0,0.0,,0.0
161,21,4.00,2,22.94,33.75,32.46,0.0,0.00,0.0,0.0,,0.0
161,22,4.00,2,22.96,33.35,32.08,0.0,0.00,0.0,0.0,,0.0
161,23,4.00,2,22.65,32.97,31.71,0.0,0.00,0.0,0.0,,0.0
161,24,4.00,2,22.19,32.58,31.35,0.0,0.00,0.0,0.0,,0.0
161,1,5.00,2,21.71,32.21,30.98,0.0,0.00,0.0,0.0,,0.0
161,2,5.00,2,21.21,31.83,30.62,0.0,0.00,0.0,0.0,,0.0
161,3,5.00,2,20.74,31.46,30.27,0.0,0.00,0.0,0.0,,0.0
161,4,5.00,2,20.24,31.10,29.92,0.0,0.00,0.0,0.0,,0.0
161,5,5.00,2,19.97,30.75,29.59,0.0,0.00,0.0,0.0,,0.0
161,6,5.00,2,19.70,30.42,29.26,0.0,0.00,0.0,0.0,,0.0
161,7,5.00,2,19.28,30.08,28.94,0.0,0.00,0.0,0.0,,0.0
161,8,5.00,2,20.42,30.94,26.98,-7569.64,9.88,0.0,-1028.2,,-8597.84
161,9,5.00,2,22.93,31.58,26.98,-7215.74,62.56,0.0,-2270.59,,-9486.33
161,10,5.00,2,24.59,32.15,26.98,-7821.87,102.57,0.0,-2696.81,,-10518.68
161,11,5.00,2,25.82,32.70,26.98,-8424.35,128.58,0.0,-2572.13,,-10996.48
161,12,5.00,2,26.69,33.27,26.98,-9034.99,208.35,0.0,-2503.58,,-11538.57
161,13,5.00,2,27.44,33.85,26.98,-9671.72,275.88,0.0,-3061.29,,-12733.009999999998
161,14,5.00,2,27.23,34.30,26.98,-9918.45,304.51,0.0,-2105.23,,-12023.68
161,15,5.00,2,26.94,34.68,26.98,-10087.65,300.19,0.0,-2556.3,,-12643.95
161,16,5.00,2,26.76,35.02,26.98,-10203.71,262.73,0.0,-2065.19,,-12268.9
161,17,5.00,2,26.20,35.24,26.98,-10035.77,193.22,0.0,-2596.75,,-12632.52
161,18,5.00,2,25.13,35.27,26.98,-9513.61,121.90,0.0,-2645.33,,-12158.94
161,19,5.00,2,24.15,34.22,28.84,0.0,78.82,0.0,0.0,,0.0
161,20,5.00,2,23.06,33.68,29.10,0.0,19.25,0.0,0.0,,0.0
161,21,5.00,2,22.42,33.25,28.97,0.0,0.00,0.0,0.0,,0.0
161,22,5.00,2,22.35,32.87,28.77,0.0,0.00,0.0,0.0,,0.0
161,23,5.00,2,21.72,32.47,28.52,0.0,0.00,0.0,0.0,,0.0
161,24,5.00,2,21.31,32.09,28.28,0.0,0.00,0.0,0.0,,0.0
161,1,6.00,2,21.02,31.73,28.04,0.0,0.00,0.0,0.0,,0.0
161,2,6.00,2,20.70,31.37,27.80,0.0,0.00,0.0,0.0,,0.0
161,3,6.00,2,20.56,31.04,27.58,0.0,0.00,0.0,0.0,,0.0
161,4,6.00,2,19.82,30.67,27.32,0.0,0.00,0.0,0.0,,0.0
161,5,6.00,2,19.32,30.32,27.07,0.0,0.00,0.0,0.0,,0.0
161,6,6.00,2,19.69,30.03,26.88,0.0,0.00,0.0,0.0,,0.0
161,7,6.00,2,19.99,29.76,26.71,0.0,0.00,0.0,0.0,,0.0
161,8,6.00,2,20.83,30.71,26.98,-2738.28,9.88,0.0,0.0,,-2738.28
161,9,6.00,2,22.27,31.22,26.98,-3700.17,62.56,0.0,0.0,,-3700.17
161,10,6.00,2,23.50,31.69,26.98,-4564.2,102.57,0.0,0.0,,-4564.2
161,11,6.00,2,24.90,32.25,26.98,-5594.84,128.58,0.0,-293.01,,-5887.85
161,12,6.00,2,25.63,32.78,26.98,-6457.95,208.35,0.0,-807.48,,-7265.43
161,13,6.00,2,26.07,33.30,26.98,-7229.47,275.88,0.0,-1013.02,,-8242.49
161,14,6.00,2,26.43,33.81,26.98,-7932.89,304.51,0.0,-801.74,,-8734.630000000001
161,15,6.00,2,26.95,34.33,26.98,-8633.5,300.19,0.0,-1734.09,,-10367.59
161,16,6.00,2,27.30,34.79,26.98,-9160.54,262.73,0.0,-1848.71,,-11009.25
161,17,6.00,2,27.08,35.11,26.98,-9307.94,193.22,0.0,-2332.04,,-11639.98
161,18,6.00,2,26.05,35.21,26.98,-8961.86,121.90,0.0,-2643.46,,-11605.32
161,19,6.00,2,25.05,34.10,28.57,0.0,78.82,0.0,0.0,,0.0
161,20,6.00,2,24.23,33.58,28.81,0.0,19.25,0.0,0.0,,0.0
161,21,6.00,2,23.94,33.20,28.72,0.0,0.00,0.0,0.0,,0.0
161,22,6.00,2,24.26,32.89,28.59,0.0,0.00,0.0,0.0,,0.0
161,23,6.00,2,23.87,32.56,28.42,0.0,0.00,0.0,0.0,,0.0
161,24,6.00,2,23.72,32.25,28.24,0.0,0.00,0.0,0.0,,0.0
161,1,7.00,2,23.54,31.95,28.07,0.0,0.00,0.0,0.0,,0.0
161,2,7.00,2,23.73,31.68,27.93,0.0,0.00,0.0,0.0,,0.0
161,3,7.00,2,23.82,31.42,27.79,0.0,0.00,0.0,-0.0,,0.0
161,4,7.00,2,23.71,31.17,27.65,0.0,0.00,0.0,-0.0,,0.0
161,5,7.00,2,23.83,30.94,27.52,0.0,0.00,0.0,-0.0,,0.0
161,6,7.00,2,23.64,30.70,27.39,0.0,0.00,0.0,0.0,,0.0
161,7,7.00,2,23.89,30.49,27.28,0.0,0.00,0.0,-0.0,,0.0
161,8,7.00,2,23.37,31.59,26.98,-4640.76,9.88,0.0,-844.56,,-5485.32
161,9,7.00,2,24.88,32.18,26.98,-5298.54,62.56,0.0,-1449.86,,-6748.4
161,10,7.00,2,25.98,32.68,26.98,-6089.17,102.57,0.0,-970.15,,-7059.32
161,11,7.00,2,26.27,33.10,26.98,-6644.77,128.58,0.0,-659.97,,-7304.740000000001
161,12,7.00,2,25.73,33.41,26.98,-6945.74,208.35,0.0,-786.94,,-7732.68
161,13,7.00,2,25.29,33.72,26.98,-7293.15,275.88,0.0,-654.45,,-7947.599999999999
161,14,7.00,2,24.70,34.00,26.98,-7534.21,304.51,0.0,0.0,,-7534.21
161,15,7.00,2,24.54,34.31,26.98,-7871.57,300.19,0.0,-82.97,,-7954.54
161,16,7.00,2,24.25,34.56,26.98,-8047.21,262.73,0.0,0.0,,-8047.21
161,17,7.00,2,23.71,34.71,26.98,-7971.84,193.22,0.0,-125.0,,-8096.84
161,18,7.00,2,22.65,34.68,26.98,-7524.38,121.90,0.0,-35.71,,-7560.09
161,19,7.00,2,21.58,33.76,28.29,0.0,78.82,0.0,0.0,,0.0
161,20,7.00,2,20.46,33.21,28.39,0.0,19.25,0.0,0.0,,0.0
161,21,7.00,2,19.62,32.73,28.18,0.0,0.00,0.0,0.0,,0.0
161,22,7.00,2,19.29,32.29,27.92,0.0,0.00,0.0,0.0,,0.0
161,23,7.00,2,18.18,31.81,27.59,0.0,0.00,0.0,0.0,,0.0
161,24,7.00,2,17.55,31.35,27.27,0.0,0.00,0.0,0.0,,0.0
161,1,1.00,2,17.45,30.94,26.99,0.0,0.00,0.0,0.0,,0.0
161,2,1.00,2,17.35,30.55,26.72,0.0,0.00,0.0,0.0,,0.0
161,3,1.00,2,17.50,30.19,26.48,0.0,0.00,0.0,0.0,,0.0
161,4,1.00,2,17.49,29.84,26.24,0.0,0.00,0.0,0.0,,0.0
161,5,1.00,2,17.46,29.50,26.01,0.0,0.00,0.0,0.0,,0.0
161,6,1.00,2,17.48,29.18,25.80,0.0,0.00,0.0,0.0,,0.0
161,7,1.00,2,18.20,28.92,25.64,0.0,0.00,0.0,0.0,,0.0
161,8,1.00,2,18.98,29.77,26.89,0.0,9.88,0.0,0.0,,0.0
161,9,1.00,2,21.15,30.36,26.98,-1746.58,62.56,0.0,0.0,,-1746.58
161,10,1.00,2,23.54,31.03,26.98,-3303.32,102.57,0.0,-27.59,,-3330.9100000000003
161,11,1.00,2,26.03,31.83,26.98,-4950.41,128.58,0.0,-1275.77,,-6226.18
161,12,1.00,2,28.18,32.69,26.98,-6560.23,208.35,0.0,-3103.21,,-9663.439999999999
161,13,1.00,2,27.43,33.16,26.98,-7012.88,275.88,0.0,-1604.99,,-8617.87
161,14,1.00,2,26.93,33.57,26.98,-7495.38,304.51,0.0,-1077.12,,-8572.5
161,15,1.00,2,26.07,33.88,26.98,-7720.07,300.19,0.0,-1348.71,,-9068.779999999999
161,16,1.00,2,24.74,34.03,26.98,-7607.58,262.73,0.0,-1442.05,,-9049.63
161,17,1.00,2,23.94,34.16,26.98,-7525.36,193.22,0.0,-1579.66,,-9105.02
161,18,1.00,2,23.39,34.24,26.98,-7368.29,121.90,0.0,-948.3,,-8316.59
161,19,1.00,2,22.31,33.25,28.18,0.0,78.82,0.0,0.0,,0.0
161,20,1.00,2,21.84,32.77,28.31,0.0,19.25,0.0,0.0,,0.0
161,21,1.00,2,21.43,32.36,28.16,0.0,0.00,0.0,0.0,,0.0
161,22,1.00,2,21.45,32.01,27.97,0.0,0.00,0.0,0.0,,0.0
161,23,1.00,2,20.85,31.63,27.72,0.0,0.00,0.0,0.0,,0.0
161,24,1.00,2,20.57,31.28,27.49,0.0,0.00,0.0,0.0,,0.0
161,1,2.00,2,20.58,30.95,27.28,0.0,0.00,0.0,0.0,,0.0
161,2,2.00,2,20.34,30.62,27.07,0.0,0.00,0.0,0.0,,0.0
161,3,2.00,2,20.05,30.30,26.85,0.0,0.00,0.0,0.0,,0.0
161,4,2.00,2,20.04,30.01,26.66,0.0,0.00,0.0,0.0,,0.0
161,5,2.00,2,19.77,29.71,26.45,0.0,0.00,0.0,0.0,,0.0
161,6,2.00,2,19.25,29.40,26.24,0.0,0.00,0.0,0.0,,0.0
161,7,2.00,2,18.82,29.09,26.02,0.0,0.00,0.0,0.0,,0.0
161,8,2.00,2,20.04,30.04,26.98,-961.89,9.88,0.0,0.0,,-961.89
161,9,2.00,2,22.96,30.79,26.98,-3030.03,62.56,0.0,-1469.99,,-4500.02
161,10,2.00,2,25.21,31.51,26.98,-4450.66,102.57,0.0,-1842.44,,-6293.1
161,11,2.00,2,27.16,32.26,26.98,-5842.42,128.58,0.0,-2154.11,,-7996.530000000001
161,12,2.00,2,27.18,32.78,26.98,-6543.77,208.35,0.0,-2234.93,,-8778.7
161,13,2.00,2,27.11,33.26,26.98,-7203.58,275.88,0.0,-1525.28,,-8728.86
161,14,2.00,2,27.01,33.73,26.98,-7794.27,304.51,0.0,-1502.81,,-9297.08
161,15,2.00,2,27.19,34.20,26.98,-8407.54,300.19,0.0,-1915.77,,-10323.310000000001
161,16,2.00,2,27.05,34.60,26.98,-8773.73,262.73,0.0,-2479.09,,-11252.82
161,17,2.00,2,26.95,34.92,26.98,-8992.59,193.22,0.0,-2968.31,,-11960.9
161,18,2.00,2,26.72,35.15,26.98,-8998.46,121.90,0.0,-3310.84,,-12309.3
161,19,2.00,2,25.86,34.02,28.53,0.0,78.82,0.0,0.0,,0.0
161,20,2.00,2,24.63,33.49,28.75,0.0,19.25,0.0,0.0,,0.0
161,21,2.00,2,24.24,33.11,28.66,0.0,0.00,0.0,0.0,,0.0
161,22,2.00,2,24.25,32.78,28.51,0.0,0.00,0.0,0.0,,0.0
161,23,2.00,2,23.88,32.46,28.33,0.0,0.00,0.0,0.0,,0.0
161,24,2.00,2,23.82,32.15,28.16,0.0,0.00,0.0,0.0,,0.0
161,1,3.00,2,23.72,31.86,28.00,0.0,0.00,0.0,0.0,,0.0
161,2,3.00,2,23.65,31.59,27.84,0.0,0.00,0.0,0.0,,0.0
161,3,3.00,2,23.49,31.31,27.68,0.0,0.00,0.0,0.0,,0.0
161,4,3.00,2,23.55,31.06,27.54,0.0,0.00,0.0,-0.0,,0.0
161,5,3.00,2,23.16,30.80,27.37,0.0,0.00,0.0,-0.0,,0.0
161,6,3.00,2,22.93,30.54,27.22,0.0,0.00,0.0,-0.0,,0.0
161,7,3.00,2,22.86,30.30,27.07,0.0,0.00,0.0,-0.0,,0.0
161,8,3.00,2,23.02,32.45,29.31,0.0,9.88,0.0,0.0,,0.0
161,9,3.00,2,24.63,33.29,30.24,0.0,62.56,0.0,-0.0,,0.0
161,10,3.00,2,25.59,33.87,30.90,0.0,102.57,0.0,-0.0,,0.0
161,11,3.00,2,26.64,34.45,31.56,0.0,128.58,0.0,0.0,,0.0
161,12,3.00,2,26.99,35.03,32.22,0.0,208.35,0.0,0.0,,0.0
161,13,3.00,2,27.21,35.64,32.90,0.0,275.88,0.0,0.0,,0.0
161,14,3.00,2,27.30,36.24,33.58,0.0,304.51,0.0,0.0,,0.0
161,15,3.00,2,26.64,36.78,34.18,0.0,300.19,0.0,0.0,,0.0
161,16,3.00,2,25.80,37.23,34.70,0.0,262.73,0.0,0.0,,0.0
161,17,3.00,2,24.81,37.59,35.12,0.0,193.22,0.0,0.0,,0.0
161,18,3.00,2,23.49,37.82,35.40,0.0,121.90,0.0,0.0,,0.0
161,19,3.00,2,22.39,35.59,33.24,0.0,78.82,0.0,0.0,,0.0
161,20,3.00,2,20.89,34.69,32.39,0.0,19.25,0.0,0.0,,0.0
161,21,3.00,2,19.61,34.05,31.80,0.0,0.00,0.0,0.0,,0.0
161,22,3.00,2,18.70,33.50,31.30,0.0,0.00,0.0,0.0,,0.0
161,23,3.00,2,17.90,32.96,30.81,0.0,0.00,0.0,0.0,,0.0
161,24,3.00,2,16.94,32.43,30.33,0.0,0.00,0.0,0.0,,0.0
161,1,4.00,2,16.56,31.93,29.88,0.0,0.00,0.0,0.0,,0.0
161,2,4.00,2,16.60,31.48,29.47,0.0,0.00,0.0,0.0,,0.0
161,3,4.00,2,16.86,31.07,29.10,0.0,0.00,0.0,0.0,,0.0
161,4,4.00,2,16.85,30.67,28.74,0.0,0.00,0.0,0.0,,0.0
161,5,4.00,2,16.86,30.29,28.40,0.0,0.00,0.0,0.0,,0.0
161,6,4.00,2,17.45,29.96,28.10,0.0,0.00,0.0,0.0,,0.0
161,7,4.00,2,18.18,29.68,27.85,0.0,0.00,0.0,0.0,,0.0
161,8,4.00,2,19.04,31.79,30.01,0.0,9.88,0.0,0.0,,0.0
161,9,4.00,2,21.15,32.61,30.86,0.0,62.56,0.0,0.0,,0.0
161,10,4.00,2,22.87,33.20,31.47,0.0,102.57,0.0,0.0,,0.0
161,11,4.00,2,24.16,33.76,32.07,0.0,128.58,0.0,0.0,,0.0
161,12,4.00,2,24.94,34.36,32.69,0.0,208.35,0.0,0.0,,0.0
161,13,4.00,2,25.91,35.00,33.36,0.0,275.88,0.0,0.0,,0.0
161,14,4.00,2,26.64,35.65,34.04,0.0,304.51,0.0,0.0,,0.0
161,15,4.00,2,27.23,36.29,34.70,0.0,300.19,0.0,0.0,,0.0
161,16,4.00,2,27.85,36.89,35.33,0.0,262.73,0.0,0.0,,0.0
161,17,4.00,2,26.97,37.33,35.80,0.0,193.22,0.0,0.0,,0.0
161,18,4.00,2,25.72,37.64,36.13,0.0,121.90,0.0,0.0,,0.0
161,19,4.00,2,24.37,35.47,33.98,0.0,78.82,0.0,0.0,,0.0
161,20,4.00,2,22.73,34.61,33.14,0.0,19.25,0.0,0.0,,0.0
161,21,4.00,2,21.15,34.00,32.56,0.0,0.00,0.0,0.0,,0.0
161,22,4.00,2,20.09,33.47,32.05,0.0,0.00,0.0,0.0,,0.0
161,23,4.00,2,19.09,32.96,31.56,0.0,0.00,0.0,0.0,,0.0
161,24,4.00,2,18.09,32.46,31.07,0.0,0.00,0.0,0.0,,0.0
161,1,5.00,2,17.00,31.94,30.58,0.0,0.00,0.0,0.0,,0.0
161,2,5.00,2,15.97,31.43,30.08,0.0,0.00,0.0,0.0,,0.0
161,3,5.00,2,16.52,31.02,29.68,0.0,0.00,0.0,0.0,,0.0
161,4,5.00,2,17.23,30.66,29.34,0.0,0.00,0.0,0.0,,0.0
161,5,5.00,2,17.75,30.33,29.03,0.0,0.00,0.0,0.0,,0.0
161,6,5.00,2,18.05,30.01,28.72,0.0,0.00,0.0,0.0,,0.0
161,7,5.00,2,18.65,29.72,28.46,0.0,0.00,0.0,0.0,,0.0
161,8,5.00,2,20.03,30.61,26.98,-6435.21,9.88,0.0,0.0,,-6435.21
161,9,5.00,2,22.28,31.22,26.98,-6330.56,62.56,0.0,-1292.08,,-7622.64
161,10,5.00,2,23.88,31.77,26.98,-6990.02,102.57,0.0,-522.99,,-7513.01
161,11,5.00,2,25.58,32.40,26.98,-7847.97,128.58,0.0,-1473.44,,-9321.41
161,12,5.00,2,26.30,32.96,26.98,-8457.08,208.35,0.0,-2102.49,,-10559.57
161,13,5.00,2,26.91,33.53,26.98,-9086.54,275.88,0.0,-2710.22,,-11796.76
161,14,5.00,2,27.43,34.09,26.98,-9678.84,304.51,0.0,-2182.75,,-11861.59
161,15,5.00,2,27.02,34.49,26.98,-9844.36,300.19,0.0,-2269.74,,-12114.1
161,16,5.00,2,26.75,34.84,26.98,-9968.96,262.73,0.0,-1582.69,,-11551.65
161,17,5.00,2,26.22,35.07,26.98,-9848.48,193.22,0.0,-1775.25,,-11623.73
161,18,5.00,2,25.58,35.19,26.98,-9530.25,121.90,0.0,-1736.16,,-11266.41
161,19,5.00,2,24.74,34.12,28.82,0.0,78.82,0.0,0.0,,0.0
161,20,5.00,2,23.69,33.60,29.09,0.0,19.25,0.0,0.0,,0.0
161,21,5.00,2,23.02,33.18,28.97,0.0,0.00,0.0,0.0,,0.0
161,22,5.00,2,21.95,32.76,28.72,0.0,0.00,0.0,0.0,,0.0
161,23,5.00,2,21.81,32.39,28.50,0.0,0.00,0.0,0.0,,0.0
161,24,5.00,2,21.01,31.99,28.23,0.0,0.00,0.0,0.0,,0.0
161,1,6.00,2,20.26,31.60,27.95,0.0,0.00,0.0,0.0,,0.0
161,2,6.00,2,19.98,31.23,27.70,0.0,0.00,0.0,0.0,,0.0
161,3,6.00,2,19.76,30.88,27.46,0.0,0.00,0.0,0.0,,0.0
161,4,6.00,2,19.73,30.55,27.24,0.0,0.00,0.0,0.0,,0.0
161,5,6.00,2,18.76,30.18,26.96,0.0,0.00,0.0,0.0,,0.0
161,6,6.00,2,17.95,29.80,26.68,0.0,0.00,0.0,0.0,,0.0
161,7,6.00,2,17.48,29.44,26.41,0.0,0.00,0.0,0.0,,0.0
161,8,6.00,2,18.84,30.21,26.98,-1499.19,9.88,0.0,0.0,,-1499.19
161,9,6.00,2,21.14,30.78,26.98,-2967.76,62.56,0.0,0.0,,-2967.76
161,10,6.00,2,22.75,31.31,26.98,-3999.92,102.57,0.0,0.0,,-3999.92
161,11,6.00,2,24.35,31.91,26.98,-5128.91,128.58,0.0,0.0,,-5128.91
161,12,6.00,2,25.03,32.44,26.98,-5990.01,208.35,0.0,0.0,,-5990.01
161,13,6.00,2,25.81,33.01,26.98,-6920.75,275.88,0.0,-721.4,,-7642.15
161,14,6.00,2,26.67,33.61,26.98,-7851.23,304.51,0.0,-873.53,,-8724.76
161,15,6.00,2,26.45,34.05,26.98,-8274.92,300.19,0.0,-1022.34,,-9297.26
161,16,6.00,2,26.10,34.39,26.98,-8527.24,262.73,0.0,-777.95,,-9305.19
161,17,6.00,2,25.64,34.63,26.98,-8572.16,193.22,0.0,-788.83,,-9360.99
161,18,6.00,2,24.90,34.73,26.98,-8332.7,121.90,0.0,-606.05,,-8938.75
161,19,6.00,2,24.21,33.70,28.44,0.0,78.82,0.0,0.0,,0.0
161,20,6.00,2,23.11,33.19,28.63,0.0,19.25,0.0,0.0,,0.0
161,21,6.00,2,22.50,32.77,28.49,0.0,0.00,0.0,0.0,,0.0
161,22,6.00,2,22.05,32.39,28.28,0.0,0.00,0.0,0.0,,0.0
161,23,6.00,2,22.00,32.05,28.08,0.0,0.00,0.0,0.0,,0.0
161,24,6.00,2,21.59,31.70,27.86,0.0,0.00,0.0,0.0,,0.0
161,1,7.00,2,21.32,31.37,27.65,0.0,0.00,0.0,0.0,,0.0
161,2,7.00,2,21.05,31.04,27.43,0.0,0.00,0.0,0.0,,0.0
161,3,7.00,2,21.11,30.74,27.25,0.0,0.00,0.0,0.0,,0.0
161,4,7.00,2,20.75,30.43,27.04,0.0,0.00,0.0,0.0,,0.0
161,5,7.00,2,20.34,30.12,26.83,0.0,0.00,0.0,0.0,,0.0
161,6,7.00,2,20.23,29.84,26.64,0.0,0.00,0.0,0.0,,0.0
161,7,7.00,2,20.12,29.56,26.46,0.0,0.00,0.0,0.0,,0.0
161,8,7.00,2,20.82,30.53,26.98,-2149.77,9.88,0.0,0.0,,-2149.77
161,9,7.00,2,22.91,31.15,26.98,-3575.52,62.56,0.0,-418.36,,-3993.88
161,10,7.00,2,24.31,31.70,26.98,-4572.67,102.57,0.0,0.0,,-4572.67
161,11,7.00,2,25.84,32.31,26.98,-5714.96,128.58,0.0,-45.33,,-5760.29
161,12,7.00,2,26.44,32.86,26.98,-6575.36,208.35,0.0,-684.38,,-7259.74
161,13,7.00,2,27.24,33.47,26.98,-7537.09,275.88,0.0,-1412.43,,-8949.52
161,14,7.00,2,27.21,33.96,26.98,-8126.24,304.51,0.0,-1197.8,,-9324.039999999999
161,15,7.00,2,27.09,34.39,26.98,-8592.02,300.19,0.0,-1143.01,,-9735.03
161,16,7.00,2,26.62,34.71,26.98,-8796.66,262.73,0.0,-1368.78,,-10165.44
161,17,7.00,2,26.30,34.97,26.98,-8895.08,193.22,0.0,-1533.88,,-10428.96
161,18,7.00,2,25.44,35.07,26.98,-8609.22,121.90,0.0,-1201.79,,-9811.009999999998
161,19,7.00,2,24.57,34.00,28.49,0.0,78.82,0.0,0.0,,0.0
161,20,7.00,2,23.73,33.49,28.71,0.0,19.25,0.0,0.0,,0.0
161,21,7.00,2,23.10,33.08,28.58,0.0,0.00,0.0,0.0,,0.0
161,22,7.00,2,22.64,32.70,28.38,0.0,0.00,0.0,0.0,,0.0
161,23,7.00,2,22.31,32.34,28.17,0.0,0.00,0.0,0.0,,0.0
161,24,7.00,2,22.47,32.02,27.99,0.0,0.00,0.0,0.0,,0.0
161,1,1.00,3,22.44,31.71,27.80,0.0,0.00,0.0,0.0,,0.0
161,2,1.00,3,22.48,31.42,27.63,0.0,0.00,0.0,0.0,,0.0
161,3,1.00,3,22.32,31.13,27.46,0.0,0.00,0.0,0.0,,0.0
161,4,1.00,3,22.31,30.85,27.30,0.0,0.00,0.0,0.0,,0.0
161,5,1.00,3,22.03,30.58,27.12,0.0,0.00,0.0,0.0,,0.0
161,6,1.00,3,22.10,30.32,26.97,0.0,0.00,0.0,0.0,,0.0
161,7,1.00,3,22.34,30.10,26.84,0.0,0.00,0.0,-0.0,,0.0
161,8,1.00,3,22.72,31.21,27.15,-3121.66,9.43,0.0,-1689.5,,-4811.16
161,9,1.00,3,23.89,31.74,27.15,-4040.06,54.63,0.0,-2143.72,,-6183.78
161,10,1.00,3,24.98,32.21,27.15,-4890.91,127.09,0.0,-1646.16,,-6537.07
161,11,1.00,3,26.04,32.74,27.15,-5843.47,248.27,0.0,-1519.74,,-7363.21
161,12,1.00,3,25.92,33.15,27.15,-6383.29,350.18,0.0,-909.72,,-7293.01
161,13,1.00,3,26.35,33.64,27.15,-7154.22,419.59,0.0,-2191.65,,-9345.87
161,14,1.00,3,26.06,34.03,27.15,-7590.84,445.77,0.0,-1198.32,,-8789.16
161,15,1.00,3,25.45,34.32,27.15,-7791.16,429.71,0.0,-750.15,,-8541.31
161,16,1.00,3,24.80,34.53,27.15,-7852.51,388.18,0.0,-542.06,,-8394.57
161,17,1.00,3,24.05,34.64,27.15,-7718.53,308.56,0.0,-409.94,,-8128.469999999999
161,18,1.00,3,23.03,34.61,27.15,-7292.69,191.52,0.0,0.0,,-7292.69
161,19,1.00,3,22.18,33.65,28.35,0.0,72.91,0.0,0.0,,0.0
161,20,1.00,3,21.21,33.11,28.43,0.0,0.41,0.0,0.0,,0.0
161,21,1.00,3,20.25,32.63,28.21,0.0,0.00,0.0,0.0,,0.0
161,22,1.00,3,19.79,32.20,27.95,0.0,0.00,0.0,0.0,,0.0
161,23,1.00,3,18.99,31.76,27.65,0.0,0.00,0.0,0.0,,0.0
161,24,1.00,3,18.21,31.31,27.34,0.0,0.00,0.0,0.0,,0.0
161,1,2.00,3,18.40,30.94,27.08,0.0,0.00,0.0,0.0,,0.0
161,2,2.00,3,18.68,30.60,26.86,0.0,0.00,0.0,0.0,,0.0
161,3,2.00,3,18.77,30.27,26.64,0.0,0.00,0.0,0.0,,0.0
161,4,2.00,3,18.74,29.95,26.43,0.0,0.00,0.0,0.0,,0.0
161,5,2.00,3,18.90,29.65,26.23,0.0,0.00,0.0,0.0,,0.0
161,6,2.00,3,18.91,29.36,26.04,0.0,0.00,0.0,0.0,,0.0
161,7,2.00,3,19.08,29.09,25.87,0.0,0.00,0.0,0.0,,0.0
161,8,2.00,3,19.34,29.93,27.11,0.0,9.43,0.0,0.0,,0.0
161,9,2.00,3,21.12,30.46,27.15,-1682.24,54.63,0.0,0.0,,-1682.24
161,10,2.00,3,22.63,30.97,27.15,-2824.31,127.09,0.0,0.0,,-2824.31
161,11,2.00,3,23.61,31.48,27.15,-3839.94,248.27,0.0,0.0,,-3839.94
161,12,2.00,3,24.00,31.94,27.15,-4672.16,350.18,0.0,0.0,,-4672.16
161,13,2.00,3,24.19,32.40,27.15,-5424.77,419.59,0.0,0.0,,-5424.77
161,14,2.00,3,24.62,32.88,27.15,-6219.92,445.77,0.0,0.0,,-6219.92
161,15,2.00,3,24.23,33.23,27.15,-6581.9,429.71,0.0,-195.67,,-6777.57
161,16,2.00,3,23.74,33.49,27.15,-6774.19,388.18,0.0,0.0,,-6774.19
161,17,2.00,3,23.32,33.68,27.15,-6840.36,308.56,0.0,0.0,,-6840.36
161,18,2.00,3,22.67,33.74,27.15,-6624.17,191.52,0.0,0.0,,-6624.17
161,19,2.00,3,21.50,32.74,28.11,0.0,72.91,0.0,0.0,,0.0
161,20,2.00,3,20.12,32.18,28.10,0.0,0.41,0.0,0.0,,0.0
161,21,2.00,3,19.18,31.71,27.86,0.0,0.00,0.0,0.0,,0.0
161,22,2.00,3,18.52,31.28,27.56,0.0,0.00,0.0,0.0,,0.0
161,23,2.00,3,17.82,30.85,27.25,0.0,0.00,0.0,0.0,,0.0
161,24,2.00,3,17.39,30.44,26.95,0.0,0.00,0.0,0.0,,0.0
161,1,3.00,3,17.34,30.07,26.68,0.0,0.00,0.0,0.0,,0.0
161,2,3.00,3,17.20,29.71,26.42,0.0,0.00,0.0,0.0,,0.0
161,3,3.00,3,16.99,29.35,26.16,0.0,0.00,0.0,0.0,,0.0
161,4,3.00,3,16.93,29.02,25.91,0.0,0.00,0.0,0.0,,0.0
161,5,3.00,3,16.69,28.69,25.67,0.0,0.00,0.0,0.0,,0.0
161,6,3.00,3,16.65,28.38,25.44,0.0,0.00,0.0,0.0,,0.0
161,7,3.00,3,17.43,28.14,25.28,0.0,0.00,0.0,0.0,,0.0
161,8,3.00,3,18.11,30.29,27.50,0.0,9.43,0.0,0.0,,0.0
161,9,3.00,3,20.31,31.14,28.43,0.0,54.63,0.0,0.0,,0.0
161,10,3.00,3,22.91,31.81,29.17,0.0,127.09,0.0,0.0,,0.0
161,11,3.00,3,24.57,32.47,29.89,0.0,248.27,0.0,0.0,,0.0
161,12,3.00,3,25.38,33.13,30.62,0.0,350.18,0.0,0.0,,0.0
161,13,3.00,3,26.01,33.81,31.36,0.0,419.59,0.0,0.0,,0.0
161,14,3.00,3,26.82,34.51,32.12,0.0,445.77,0.0,0.0,,0.0
161,15,3.00,3,26.43,35.12,32.78,0.0,429.71,0.0,0.0,,0.0
161,16,3.00,3,25.77,35.64,33.36,0.0,388.18,0.0,0.0,,0.0
161,17,3.00,3,25.21,36.09,33.85,0.0,308.56,0.0,0.0,,0.0
161,18,3.00,3,24.22,36.39,34.21,0.0,191.52,0.0,0.0,,0.0
161,19,3.00,3,22.99,34.21,32.08,0.0,72.91,0.0,0.0,,0.0
161,20,3.00,3,21.76,33.38,31.29,0.0,0.41,0.0,0.0,,0.0
161,21,3.00,3,20.71,32.83,30.78,0.0,0.00,0.0,0.0,,0.0
161,22,3.00,3,20.07,32.37,30.36,0.0,0.00,0.0,0.0,,0.0
161,23,3.00,3,19.16,31.91,29.94,0.0,0.00,0.0,0.0,,0.0
161,24,3.00,3,18.52,31.47,29.54,0.0,0.00,0.0,0.0,,0.0
161,1,4.00,3,19.68,31.16,29.27,0.0,0.00,0.0,0.0,,0.0
161,2,4.00,3,19.10,30.79,28.93,0.0,0.00,0.0,0.0,,0.0
161,3,4.00,3,18.77,30.42,28.60,0.0,0.00,0.0,0.0,,0.0
161,4,4.00,3,18.32,30.06,28.28,0.0,0.00,0.0,0.0,,0.0
161,5,4.00,3,17.77,29.69,27.94,0.0,0.00,0.0,0.0,,0.0
161,6,4.00,3,17.24,29.33,27.61,0.0,0.00,0.0,0.0,,0.0
161,7,4.00,3,16.78,28.98,27.28,0.0,0.00,0.0,0.0,,0.0
161,8,4.00,3,18.22,31.11,29.45,0.0,9.43,0.0,0.0,,0.0
161,9,4.00,3,20.33,31.93,30.29,0.0,54.63,0.0,0.0,,0.0
161,10,4.00,3,22.24,32.53,30.92,0.0,127.09,0.0,0.0,,0.0
161,11,4.00,3,24.07,33.14,31.56,0.0,248.27,0.0,0.0,,0.0
161,12,4.00,3,25.24,33.79,32.23,0.0,350.18,0.0,0.0,,0.0
161,13,4.00,3,26.60,34.49,32.95,0.0,419.59,0.0,0.0,,0.0
161,14,4.00,3,27.44,35.18,33.67,0.0,445.77,0.0,0.0,,0.0
161,15,4.00,3,28.39,35.87,34.38,0.0,429.71,0.0,0.0,,0.0
161,16,4.00,3,27.90,36.43,34.96,0.0,388.18,0.0,0.0,,0.0
161,17,4.00,3,26.98,36.87,35.42,0.0,308.56,0.0,0.0,,0.0
161,18,4.00,3,25.91,37.18,35.76,0.0,191.52,0.0,0.0,,0.0
161,19,4.00,3,24.88,35.03,33.62,0.0,72.91,0.0,0.0,,0.0
161,20,4.00,3,23.89,34.22,32.83,0.0,0.41,0.0,0.0,,0.0
161,21,4.00,3,23.03,33.70,32.33,0.0,0.00,0.0,0.0,,0.0
161,22,4.00,3,22.01,33.24,31.88,0.0,0.00,0.0,0.0,,0.0
161,23,4.00,3,21.31,32.80,31.47,0.0,0.00,0.0,0.0,,0.0
161,24,4.00,3,20.60,32.38,31.06,0.0,0.00,0.0,0.0,,0.0
161,1,5.00,3,20.22,31.97,30.67,0.0,0.00,0.0,0.0,,0.0
161,2,5.00,3,19.75,31.58,30.29,0.0,0.00,0.0,0.0,,0.0
161,3,5.00,3,19.33,31.19,29.92,0.0,0.00,0.0,0.0,,0.0
161,4,5.00,3,18.87,30.81,29.55,0.0,0.00,0.0,0.0,,0.0
161,5,5.00,3,18.43,30.43,29.19,0.0,0.00,0.0,0.0,,0.0
161,6,5.00,3,18.07,30.07,28.84,0.0,0.00,0.0,0.0,,0.0
161,7,5.00,3,17.36,29.69,28.47,0.0,0.00,0.0,0.0,,0.0
161,8,5.00,3,18.17,30.31,27.15,-5341.11,9.43,0.0,0.0,,-5341.11
161,9,5.00,3,19.43,30.66,27.15,-4867.33,54.63,0.0,-479.58,,-5346.91
161,10,5.00,3,21.72,31.21,27.15,-5752.15,127.09,0.0,0.0,,-5752.15
161,11,5.00,3,23.40,31.79,27.15,-6592.99,248.27,0.0,-1820.15,,-8413.14
161,12,5.00,3,24.80,32.41,27.15,-7458.13,350.18,0.0,-607.2,,-8065.33
161,13,5.00,3,26.17,33.09,27.15,-8391.91,419.59,0.0,-1429.13,,-9821.04
161,14,5.00,3,26.94,33.70,27.15,-9089.24,445.77,0.0,-2354.02,,-11443.26
161,15,5.00,3,26.77,34.14,27.15,-9346.22,429.71,0.0,-1655.82,,-11002.039999999999
161,16,5.00,3,26.44,34.48,27.15,-9442.34,388.18,0.0,-1358.89,,-10801.23
161,17,5.00,3,25.77,34.68,27.15,-9270.24,308.56,0.0,-1195.29,,-10465.529999999999
161,18,5.00,3,25.04,34.77,27.15,-8897.72,191.52,0.0,-1140.39,,-10038.109999999999
161,19,5.00,3,24.18,33.69,28.78,0.0,72.91,0.0,0.0,,0.0
161,20,5.00,3,23.20,33.15,28.99,0.0,0.41,0.0,0.0,,0.0
161,21,5.00,3,22.76,32.75,28.86,0.0,0.00,0.0,0.0,,0.0
161,22,5.00,3,22.20,32.37,28.64,0.0,0.00,0.0,0.0,,0.0
161,23,5.00,3,22.00,32.02,28.42,0.0,0.00,0.0,0.0,,0.0
161,24,5.00,3,21.45,31.66,28.18,0.0,0.00,0.0,0.0,,0.0
161,1,6.00,3,21.13,31.31,27.94,0.0,0.00,0.0,0.0,,0.0
161,2,6.00,3,20.88,30.98,27.72,0.0,0.00,0.0,0.0,,0.0
161,3,6.00,3,20.63,30.66,27.49,0.0,0.00,0.0,0.0,,0.0
161,4,6.00,3,20.40,30.35,27.28,0.0,0.00,0.0,0.0,,0.0
161,5,6.00,3,19.98,30.04,27.05,0.0,0.00,0.0,0.0,,0.0
161,6,6.00,3,19.69,29.73,26.83,0.0,0.00,0.0,0.0,,0.0
161,7,6.00,3,19.15,29.42,26.60,0.0,0.00,0.0,0.0,,0.0
161,8,6.00,3,19.89,30.29,27.15,-1736.32,9.43,0.0,0.0,,-1736.32
161,9,6.00,3,21.25,30.75,27.15,-2819.79,54.63,0.0,-655.36,,-3475.15
161,10,6.00,3,23.32,31.34,27.15,-4039.3,127.09,0.0,-416.5,,-4455.8
161,11,6.00,3,24.89,31.96,27.15,-5194.11,248.27,0.0,-980.28,,-6174.389999999999
161,12,6.00,3,25.77,32.54,27.15,-6149.54,350.18,0.0,-36.9,,-6186.44
161,13,6.00,3,26.64,33.15,27.15,-7126.55,419.59,0.0,-569.46,,-7696.01
161,14,6.00,3,27.09,33.71,27.15,-7901.19,445.77,0.0,-1423.38,,-9324.57
161,15,6.00,3,27.66,34.26,27.15,-8630.2,429.71,0.0,-619.1,,-9249.300000000001
161,16,6.00,3,27.28,34.63,27.15,-8867.88,388.18,0.0,-1169.48,,-10037.359999999999
161,17,6.00,3,26.54,34.85,27.15,-8802.33,308.56,0.0,-945.88,,-9748.21
161,18,6.00,3,25.77,34.95,27.15,-8530.4,191.52,0.0,-955.21,,-9485.61
161,19,6.00,3,24.53,33.80,28.57,0.0,72.91,0.0,0.0,,0.0
161,20,6.00,3,23.38,33.25,28.73,0.0,0.41,0.0,0.0,,0.0
161,21,6.00,3,22.51,32.81,28.57,0.0,0.00,0.0,0.0,,0.0
161,22,6.00,3,21.98,32.42,28.35,0.0,0.00,0.0,0.0,,0.0
161,23,6.00,3,21.40,32.03,28.10,0.0,0.00,0.0,0.0,,0.0
161,24,6.00,3,20.89,31.66,27.85,0.0,0.00,0.0,0.0,,0.0
161,1,7.00,3,20.39,31.29,27.60,0.0,0.00,0.0,0.0,,0.0
161,2,7.00,3,19.98,30.93,27.36,0.0,0.00,0.0,0.0,,0.0
161,3,7.00,3,19.49,30.57,27.11,0.0,0.00,0.0,0.0,,0.0
161,4,7.00,3,19.09,30.22,26.87,0.0,0.00,0.0,0.0,,0.0
161,5,7.00,3,18.54,29.87,26.61,0.0,0.00,0.0,0.0,,0.0
161,6,7.00,3,18.09,29.52,26.36,0.0,0.00,0.0,0.0,,0.0
161,7,7.00,3,17.58,29.18,26.11,0.0,0.00,0.0,0.0,,0.0
161,8,7.00,3,18.63,29.94,27.15,-274.41,9.43,0.0,0.0,,-274.41
161,9,7.00,3,20.76,30.48,27.15,-2004.71,54.63,0.0,0.0,,-2004.71
161,10,7.00,3,22.88,31.08,27.15,-3311.9,127.09,0.0,0.0,,-3311.9
161,11,7.00,3,24.17,31.66,27.15,-4410.3,248.27,0.0,0.0,,-4410.3
161,12,7.00,3,25.02,32.22,27.15,-5401.64,350.18,0.0,0.0,,-5401.64
161,13,7.00,3,25.59,32.77,27.15,-6295.73,419.59,0.0,0.0,,-6295.73
161,14,7.00,3,26.24,33.34,27.15,-7178.34,445.77,0.0,-485.1,,-7663.4400000000005
161,15,7.00,3,26.10,33.76,27.15,-7640.76,429.71,0.0,0.0,,-7640.76
161,16,7.00,3,25.63,34.07,27.15,-7849.72,388.18,0.0,0.0,,-7849.72
161,17,7.00,3,25.06,34.28,27.15,-7860.3,308.56,0.0,0.0,,-7860.3
161,18,7.00,3,24.38,34.37,27.15,-7634.32,191.52,0.0,0.0,,-7634.32
161,19,7.00,3,23.62,33.32,28.38,0.0,72.91,0.0,0.0,,0.0
161,20,7.00,3,22.56,32.79,28.48,0.0,0.41,0.0,0.0,,0.0
161,21,7.00,3,21.93,32.37,28.32,0.0,0.00,0.0,0.0,,0.0
161,22,7.00,3,21.40,31.99,28.09,0.0,0.00,0.0,0.0,,0.0
161,23,7.00,3,21.40,31.65,27.88,0.0,0.00,0.0,0.0,,0.0
161,24,7.00,3,21.17,31.31,27.66,0.0,0.00,0.0,0.0,,0.0
161,1,1.00,3,21.10,30.99,27.46,0.0,0.00,0.0,0.0,,0.0
161,2,1.00,3,21.17,30.70,27.27,0.0,0.00,0.0,0.0,,0.0
161,3,1.00,3,20.97,30.40,27.08,0.0,0.00,0.0,0.0,,0.0
161,4,1.00,3,20.66,30.11,26.88,0.0,0.00,0.0,0.0,,0.0
161,5,1.00,3,20.55,29.83,26.69,0.0,0.00,0.0,0.0,,0.0
161,6,1.00,3,20.56,29.57,26.52,0.0,0.00,0.0,0.0,,0.0
161,7,1.00,3,20.15,29.29,26.33,0.0,0.00,0.0,0.0,,0.0
161,8,1.00,3,20.72,30.28,27.15,-1369.77,9.43,0.0,0.0,,-1369.77
161,9,1.00,3,21.59,30.71,27.15,-2488.99,54.63,0.0,-717.13,,-3206.12
161,10,1.00,3,23.12,31.21,27.15,-3554.8,127.09,0.0,0.0,,-3554.8
161,11,1.00,3,24.88,31.84,27.15,-4828.05,248.27,0.0,-1715.08,,-6543.13
161,12,1.00,3,26.01,32.47,27.15,-5928.47,350.18,0.0,-941.62,,-6870.09
161,13,1.00,3,27.00,33.12,27.15,-6996.92,419.59,0.0,-1588.7,,-8585.62
161,14,1.00,3,26.73,33.59,27.15,-7510.84,445.77,0.0,-1760.95,,-9271.79
161,15,1.00,3,26.31,33.96,27.15,-7855.03,429.71,0.0,-568.11,,-8423.14
161,16,1.00,3,25.89,34.26,27.15,-8069.23,388.18,0.0,-1052.84,,-9122.07
161,17,1.00,3,25.32,34.47,27.15,-8066.08,308.56,0.0,-1158.36,,-9224.44
161,18,1.00,3,24.27,34.50,27.15,-7679.32,191.52,0.0,-303.53,,-7982.849999999999
161,19,1.00,3,23.21,33.43,28.38,0.0,72.91,0.0,0.0,,0.0
161,20,1.00,3,22.28,32.89,28.49,0.0,0.41,0.0,0.0,,0.0
161,21,1.00,3,21.85,32.48,28.33,0.0,0.00,0.0,0.0,,0.0
161,22,1.00,3,21.53,32.10,28.12,0.0,0.00,0.0,0.0,,0.0
161,23,1.00,3,21.12,31.73,27.88,0.0,0.00,0.0,0.0,,0.0
161,24,1.00,3,20.80,31.38,27.65,0.0,0.00,0.0,0.0,,0.0
161,1,2.00,3,20.64,31.04,27.42,0.0,0.00,0.0,0.0,,0.0
161,2,2.00,3,20.28,30.70,27.20,0.0,0.00,0.0,0.0,,0.0
161,3,2.00,3,20.06,30.38,26.98,0.0,0.00,0.0,0.0,,0.0
161,4,2.00,3,19.69,30.06,26.75,0.0,0.00,0.0,0.0,,0.0
161,5,2.00,3,19.24,29.73,26.52,0.0,0.00,0.0,0.0,,0.0
161,6,2.00,3,18.92,29.42,26.30,0.0,0.00,0.0,0.0,,0.0
161,7,2.00,3,18.15,29.08,26.05,0.0,0.00,0.0,0.0,,0.0
161,8,2.00,3,19.35,29.95,27.15,-378.3,9.43,0.0,0.0,,-378.3
161,9,2.00,3,21.54,30.54,27.15,-2199.49,54.63,0.0,0.0,,-2199.49
161,10,2.00,3,23.52,31.15,27.15,-3477.55,127.09,0.0,-288.1,,-3765.65
161,11,2.00,3,24.77,31.74,27.15,-4583.73,248.27,0.0,0.0,,-4583.73
161,12,2.00,3,25.76,32.34,27.15,-5647.87,350.18,0.0,-648.49,,-6296.36
161,13,2.00,3,26.42,32.93,27.15,-6599.63,419.59,0.0,-813.56,,-7413.1900000000005
161,14,2.00,3,27.07,33.52,27.15,-7499.88,445.77,0.0,-1691.27,,-9191.15
161,15,2.00,3,26.73,33.94,27.15,-7901.0,429.71,0.0,-575.56,,-8476.56
161,16,2.00,3,26.33,34.27,27.15,-8146.91,388.18,0.0,-1091.56,,-9238.47
161,17,2.00,3,25.78,34.49,27.15,-8173.2,308.56,0.0,-943.82,,-9117.02
161,18,2.00,3,25.01,34.58,27.15,-7919.87,191.52,0.0,-509.81,,-8429.68
161,19,2.00,3,24.00,33.48,28.42,0.0,72.91,0.0,0.0,,0.0
161,20,2.00,3,22.98,32.95,28.54,0.0,0.41,0.0,0.0,,0.0
161,21,2.00,3,22.39,32.53,28.39,0.0,0.00,0.0,0.0,,0.0
161,22,2.00,3,21.94,32.15,28.17,0.0,0.00,0.0,0.0,,0.0
161,23,2.00,3,21.58,31.80,27.94,0.0,0.00,0.0,0.0,,0.0
161,24,2.00,3,21.16,31.44,27.71,0.0,0.00,0.0,0.0,,0.0
161,1,3.00,3,20.79,31.10,27.48,0.0,0.00,0.0,0.0,,0.0
161,2,3.00,3,20.43,30.76,27.25,0.0,0.00,0.0,0.0,,0.0
161,3,3.00,3,20.11,30.43,27.02,0.0,0.00,0.0,0.0,,0.0
161,4,3.00,3,19.76,30.11,26.80,0.0,0.00,0.0,0.0,,0.0
161,5,3.00,3,19.43,29.79,26.58,0.0,0.00,0.0,0.0,,0.0
161,6,3.00,3,19.13,29.48,26.36,0.0,0.00,0.0,0.0,,0.0
161,7,3.00,3,18.53,29.16,26.12,0.0,0.00,0.0,0.0,,0.0
161,8,3.00,3,19.54,31.30,28.35,0.0,9.43,0.0,0.0,,0.0
161,9,3.00,3,21.90,32.15,29.28,0.0,54.63,0.0,0.0,,0.0
161,10,3.00,3,23.70,32.77,29.98,0.0,127.09,0.0,0.0,,0.0
161,11,3.00,3,24.91,33.37,30.65,0.0,248.27,0.0,0.0,,0.0
161,12,3.00,3,25.64,33.99,31.34,0.0,350.18,0.0,0.0,,0.0
161,13,3.00,3,26.30,34.65,32.06,0.0,419.59,0.0,0.0,,0.0
161,14,3.00,3,26.11,35.25,32.73,0.0,445.77,0.0,0.0,,0.0
161,15,3.00,3,25.81,35.81,33.35,0.0,429.71,0.0,0.0,,0.0
161,16,3.00,3,25.38,36.30,33.90,0.0,388.18,0.0,0.0,,0.0
161,17,3.00,3,24.89,36.71,34.37,0.0,308.56,0.0,0.0,,0.0
161,18,3.00,3,24.02,37.00,34.70,0.0,191.52,0.0,0.0,,0.0
161,19,3.00,3,23.14,34.81,32.57,0.0,72.91,0.0,0.0,,0.0
161,20,3.00,3,22.18,33.98,31.79,0.0,0.41,0.0,0.0,,0.0
161,21,3.00,3,21.67,33.45,31.31,0.0,0.00,0.0,0.0,,0.0
161,22,3.00,3,21.36,33.01,30.92,0.0,0.00,0.0,0.0,,0.0
161,23,3.00,3,21.09,32.61,30.56,0.0,0.00,0.0,0.0,,0.0
161,24,3.00,3,20.70,32.21,30.20,0.0,0.00,0.0,0.0,,0.0
161,1,4.00,3,20.38,31.83,29.86,0.0,0.00,0.0,0.0,,0.0
161,2,4.00,3,19.94,31.44,29.52,0.0,0.00,0.0,0.0,,0.0
161,3,4.00,3,19.59,31.07,29.18,0.0,0.00,0.0,0.0,,0.0
161,4,4.00,3,19.34,30.72,28.87,0.0,0.00,0.0,0.0,,0.0
161,5,4.00,3,19.13,30.38,28.56,0.0,0.00,0.0,0.0,,0.0
161,6,4.00,3,18.82,30.04,28.25,0.0,0.00,0.0,0.0,,0.0
161,7,4.00,3,18.44,29.70,27.95,0.0,0.00,0.0,0.0,,0.0
161,8,4.00,3,19.44,31.82,30.10,0.0,9.43,0.0,0.0,,0.0
161,9,4.00,3,21.44,32.63,30.94,0.0,54.63,0.0,0.0,,0.0
161,10,4.00,3,23.11,33.21,31.54,0.0,127.09,0.0,0.0,,0.0
161,11,4.00,3,24.22,33.77,32.13,0.0,248.27,0.0,0.0,,0.0
161,12,4.00,3,24.99,34.36,32.75,0.0,350.18,0.0,0.0,,0.0
161,13,4.00,3,25.59,34.98,33.40,0.0,419.59,0.0,0.0,,0.0
161,14,4.00,3,26.16,35.60,34.05,0.0,445.77,0.0,0.0,,0.0
161,15,4.00,3,26.61,36.20,34.67,0.0,429.71,0.0,0.0,,0.0
161,16,4.00,3,26.10,36.70,35.20,0.0,388.18,0.0,0.0,,0.0
161,17,4.00,3,25.47,37.11,35.63,0.0,308.56,0.0,0.0,,0.0
161,18,4.00,3,24.63,37.39,35.93,0.0,191.52,0.0,0.0,,0.0
161,19,4.00,3,23.75,35.21,33.77,0.0,72.91,0.0,0.0,,0.0
161,20,4.00,3,22.81,34.38,32.95,0.0,0.41,0.0,0.0,,0.0
161,21,4.00,3,22.11,33.84,32.44,0.0,0.00,0.0,0.0,,0.0
161,22,4.00,3,21.62,33.39,32.00,0.0,0.00,0.0,0.0,,0.0
161,23,4.00,3,21.30,32.97,31.60,0.0,0.00,0.0,0.0,,0.0
161,24,4.00,3,20.96,32.56,31.22,0.0,0.00,0.0,0.0,,0.0
161,1,5.00,3,20.59,32.17,30.84,0.0,0.00,0.0,0.0,,0.0
161,2,5.00,3,20.25,31.79,30.47,0.0,0.00,0.0,0.0,,0.0
161,3,5.00,3,19.85,31.41,30.11,0.0,0.00,0.0,0.0,,0.0
161,4,5.00,3,19.53,31.04,29.76,0.0,0.00,0.0,0.0,,0.0
161,5,5.00,3,19.16,30.68,29.41,0.0,0.00,0.0,0.0,,0.0
161,6,5.00,3,18.88,30.33,29.08,0.0,0.00,0.0,0.0,,0.0
161,7,5.00,3,18.43,29.98,28.74,0.0,0.00,0.0,0.0,,0.0
161,8,5.00,3,19.28,30.71,27.15,-6314.51,9.43,0.0,0.0,,-6314.51
161,9,5.00,3,21.31,31.22,27.15,-5981.51,54.63,0.0,-1047.7,,-7029.21
161,10,5.00,3,23.00,31.73,27.15,-6617.16,127.09,0.0,-1064.82,,-7681.98
161,11,5.00,3,24.16,32.25,27.15,-7231.81,248.27,0.0,-415.55,,-7647.360000000001
161,12,5.00,3,25.09,32.78,27.15,-7881.3,350.18,0.0,-832.99,,-8714.29
161,13,5.00,3,25.79,33.33,27.15,-8509.98,419.59,0.0,-847.97,,-9357.949999999999
161,14,5.00,3,26.52,33.89,27.15,-9152.25,445.77,0.0,-1456.28,,-10608.53
161,15,5.00,3,26.39,34.31,27.15,-9391.27,429.71,0.0,-783.69,,-10174.960000000001
161,16,5.00,3,26.01,34.62,27.15,-9435.08,388.18,0.0,-981.14,,-10416.22
161,17,5.00,3,25.61,34.84,27.15,-9344.3,308.56,0.0,-638.22,,-9982.519999999999
161,18,5.00,3,24.96,34.93,27.15,-8984.41,191.52,0.0,-454.52,,-9438.93
161,19,5.00,3,24.13,33.87,28.82,0.0,72.91,0.0,0.0,,0.0
161,20,5.00,3,23.11,33.34,29.04,0.0,0.41,0.0,0.0,,0.0
161,21,5.00,3,22.53,32.92,28.90,0.0,0.00,0.0,0.0,,0.0
161,22,5.00,3,22.24,32.54,28.69,0.0,0.00,0.0,0.0,,0.0
161,23,5.00,3,21.85,32.18,28.46,0.0,0.00,0.0,0.0,,0.0
161,24,5.00,3,21.52,31.82,28.23,0.0,0.00,0.0,0.0,,0.0
161,1,6.00,3,21.20,31.48,28.00,0.0,0.00,0.0,0.0,,0.0
161,2,6.00,3,20.81,31.14,27.76,0.0,0.00,0.0,0.0,,0.0
161,3,6.00,3,20.53,30.81,27.54,0.0,0.00,0.0,0.0,,0.0
161,4,6.00,3,20.19,30.49,27.31,0.0,0.00,0.0,0.0,,0.0
161,5,6.00,3,19.94,30.17,27.09,0.0,0.00,0.0,0.0,,0.0
161,6,6.00,3,19.66,29.86,26.87,0.0,0.00,0.0,0.0,,0.0
161,7,6.00,3,19.26,29.56,26.65,0.0,0.00,0.0,0.0,,0.0
161,8,6.00,3,20.19,30.45,27.15,-1968.51,9.43,0.0,0.0,,-1968.51
161,9,6.00,3,22.27,31.04,27.15,-3319.51,54.63,0.0,0.0,,-3319.51
161,10,6.00,3,24.16,31.64,27.15,-4480.71,127.09,0.0,0.0,,-4480.71
161,11,6.00,3,25.31,32.21,27.15,-5469.35,248.27,0.0,0.0,,-5469.35
161,12,6.00,3,26.13,32.78,27.15,-6398.35,350.18,0.0,0.0,,-6398.35
161,13,6.00,3,26.83,33.36,27.15,-7308.49,419.59,0.0,-351.51,,-7660.0
161,14,6.00,3,27.55,33.96,27.15,-8187.03,445.77,0.0,-1397.51,,-9584.539999999999
161,15,6.00,3,28.12,34.52,27.15,-8916.21,429.71,0.0,-301.23,,-9217.439999999999
161,16,6.00,3,27.77,34.90,27.15,-9166.1,388.18,0.0,-1150.32,,-10316.42
161,17,6.00,3,27.39,35.19,27.15,-9247.76,308.56,0.0,-1047.67,,-10295.43
161,18,6.00,3,26.63,35.31,27.15,-8993.64,191.52,0.0,-829.73,,-9823.369999999999
161,19,6.00,3,25.56,34.14,28.69,0.0,72.91,0.0,0.0,,0.0
161,20,6.00,3,24.41,33.59,28.89,0.0,0.41,0.0,0.0,,0.0
161,21,6.00,3,23.61,33.17,28.76,0.0,0.00,0.0,0.0,,0.0
161,22,6.00,3,23.08,32.79,28.56,0.0,0.00,0.0,0.0,,0.0
161,23,6.00,3,22.45,32.41,28.33,0.0,0.00,0.0,0.0,,0.0
161,24,6.00,3,21.81,32.04,28.09,0.0,0.00,0.0,0.0,,0.0
161,1,7.00,3,21.43,31.69,27.86,0.0,0.00,0.0,0.0,,0.0
161,2,7.00,3,20.99,31.34,27.63,0.0,0.00,0.0,0.0,,0.0
161,3,7.00,3,20.62,31.00,27.41,0.0,0.00,0.0,0.0,,0.0
161,4,7.00,3,20.29,30.67,27.18,0.0,0.00,0.0,0.0,,0.0
161,5,7.00,3,20.00,30.34,26.97,0.0,0.00,0.0,0.0,,0.0
161,6,7.00,3,19.84,30.04,26.76,0.0,0.00,0.0,0.0,,0.0
161,7,7.00,3,19.43,29.73,26.54,0.0,0.00,0.0,0.0,,0.0
161,8,7.00,3,20.35,30.62,27.15,-1766.4,9.43,0.0,0.0,,-1766.4
161,9,7.00,3,22.35,31.19,27.15,-3174.61,54.63,0.0,0.0,,-3174.61
161,10,7.00,3,24.14,31.76,27.15,-4313.86,127.09,0.0,0.0,,-4313.86
161,11,7.00,3,25.34,32.33,27.15,-5340.39,248.27,0.0,0.0,,-5340.39
161,12,7.00,3,26.18,32.90,27.15,-6293.37,350.18,0.0,-157.33,,-6450.7
161,13,7.00,3,26.89,33.48,27.15,-7220.27,419.59,0.0,-436.46,,-7656.7300000000005
161,14,7.00,3,27.34,34.03,27.15,-7999.41,445.77,0.0,-1497.63,,-9497.04
161,15,7.00,3,27.79,34.55,27.15,-8686.05,429.71,0.0,-435.59,,-9121.64
161,16,7.00,3,27.38,34.91,27.15,-8910.5,388.18,0.0,-946.25,,-9856.75
161,17,7.00,3,26.89,35.16,27.15,-8949.21,308.56,0.0,-874.05,,-9823.259999999998
161,18,7.00,3,26.15,35.26,27.15,-8697.82,191.52,0.0,-648.71,,-9346.529999999999
161,19,7.00,3,25.26,34.14,28.63,0.0,72.91,0.0,0.0,,0.0
161,20,7.00,3,24.25,33.60,28.81,0.0,0.41,0.0,0.0,,0.0
161,21,7.00,3,23.56,33.18,28.69,0.0,0.00,0.0,0.0,,0.0
161,22,7.00,3,23.24,32.82,28.50,0.0,0.00,0.0,0.0,,0.0
161,23,7.00,3,22.69,32.45,28.29,0.0,0.00,0.0,0.0,,0.0
161,24,7.00,3,22.26,32.10,28.07,0.0,0.00,0.0,0.0,,0.0
161,1,1.00,3,21.89,31.76,27.85,0.0,0.00,0.0,0.0,,0.0
161,2,1.00,3,21.40,31.41,27.63,0.0,0.00,0.0,0.0,,0.0
161,3,1.00,3,20.97,31.07,27.41,0.0,0.00,0.0,0.0,,0.0
161,4,1.00,3,20.47,30.74,27.18,0.0,0.00,0.0,0.0,,0.0
161,5,1.00,3,19.98,30.40,26.95,0.0,0.00,0.0,0.0,,0.0
161,6,1.00,3,19.68,30.08,26.73,0.0,0.00,0.0,0.0,,0.0
161,7,1.00,3,19.18,29.76,26.50,0.0,0.00,0.0,0.0,,0.0
161,8,1.00,3,20.12,30.62,27.15,-1600.17,9.43,0.0,0.0,,-1600.17
161,9,1.00,3,22.21,31.19,27.15,-3065.78,54.63,0.0,0.0,,-3065.78
161,10,1.00,3,24.17,31.79,27.15,-4275.83,127.09,0.0,-107.79,,-4383.62
161,11,1.00,3,25.45,32.37,27.15,-5340.23,248.27,0.0,0.0,,-5340.23
161,12,1.00,3,26.44,32.96,27.15,-6359.04,350.18,0.0,-1229.84,,-7588.88
161,13,1.00,3,27.41,33.60,27.15,-7402.05,419.59,0.0,-1504.47,,-8906.52
161,14,1.00,3,27.79,34.16,27.15,-8161.52,445.77,0.0,-2526.26,,-10687.78
161,15,1.00,3,28.31,34.70,27.15,-8888.83,429.71,0.0,-1821.14,,-10709.97
161,16,1.00,3,28.76,35.21,27.15,-9478.24,388.18,0.0,-2762.62,,-12240.86
161,17,1.00,3,28.18,35.50,27.15,-9506.25,308.56,0.0,-2683.72,,-12189.97
161,18,1.00,3,27.40,35.63,27.15,-9260.23,191.52,0.0,-2311.79,,-11572.02
161,19,1.00,3,26.32,34.43,28.72,0.0,72.91,0.0,0.0,,0.0
161,20,1.00,3,25.24,33.88,28.95,0.0,0.41,0.0,0.0,,0.0
161,21,1.00,3,24.30,33.45,28.83,0.0,0.00,0.0,0.0,,0.0
161,22,1.00,3,23.77,33.08,28.64,0.0,0.00,0.0,0.0,,0.0
161,23,1.00,3,22.96,32.70,28.41,0.0,0.00,0.0,0.0,,0.0
161,24,1.00,3,22.58,32.34,28.19,0.0,0.00,0.0,0.0,,0.0
161,1,2.00,3,22.05,31.98,27.96,0.0,0.00,0.0,0.0,,0.0
161,2,2.00,3,21.47,31.63,27.73,0.0,0.00,0.0,0.0,,0.0
161,3,2.00,3,21.08,31.28,27.51,0.0,0.00,0.0,0.0,,0.0
161,4,2.00,3,20.67,30.95,27.28,0.0,0.00,0.0,0.0,,0.0
161,5,2.00,3,20.23,30.61,27.06,0.0,0.00,0.0,0.0,,0.0
161,6,2.00,3,19.92,30.29,26.84,0.0,0.00,0.0,0.0,,0.0
161,7,2.00,3,19.33,29.96,26.60,0.0,0.00,0.0,0.0,,0.0
161,8,2.00,3,20.40,30.83,27.15,-1920.69,9.43,0.0,0.0,,-1920.69
161,9,2.00,3,22.76,31.45,27.15,-3422.3,54.63,0.0,0.0,,-3422.3
161,10,2.00,3,24.85,32.08,27.15,-4677.92,127.09,0.0,-686.83,,-5364.75
161,11,2.00,3,25.99,32.65,27.15,-5678.88,248.27,0.0,0.0,,-5678.88
161,12,2.00,3,26.71,33.21,27.15,-6584.85,350.18,0.0,-1468.26,,-8053.110000000001
161,13,2.00,3,27.57,33.81,27.15,-7568.39,419.59,0.0,-1852.18,,-9420.57
161,14,2.00,3,27.30,34.26,27.15,-8053.92,445.77,0.0,-2064.71,,-10118.630000000001
161,15,2.00,3,27.09,34.65,27.15,-8454.94,429.71,0.0,-569.74,,-9024.68
161,16,2.00,3,26.77,34.97,27.15,-8690.42,388.18,0.0,-1571.88,,-10262.3
161,17,2.00,3,26.32,35.20,27.15,-8725.07,308.56,0.0,-1747.79,,-10472.86
161,18,2.00,3,25.62,35.29,27.15,-8472.43,191.52,0.0,-1210.21,,-9682.64
161,19,2.00,3,24.62,34.19,28.57,0.0,72.91,0.0,0.0,,0.0
161,20,2.00,3,23.67,33.65,28.74,0.0,0.41,0.0,0.0,,0.0
161,21,2.00,3,23.06,33.23,28.61,0.0,0.00,0.0,0.0,,0.0
161,22,2.00,3,22.53,32.84,28.40,0.0,0.00,0.0,0.0,,0.0
161,23,2.00,3,22.03,32.46,28.17,0.0,0.00,0.0,0.0,,0.0
161,24,2.00,3,21.41,32.08,27.92,0.0,0.00,0.0,0.0,,0.0
161,1,3.00,3,21.03,31.71,27.69,0.0,0.00,0.0,0.0,,0.0
161,2,3.00,3,20.73,31.36,27.46,0.0,0.00,0.0,0.0,,0.0
161,3,3.00,3,20.45,31.02,27.24,0.0,0.00,0.0,0.0,,0.0
161,4,3.00,3,20.19,30.69,27.02,0.0,0.00,0.0,0.0,,0.0
161,5,3.00,3,19.96,30.37,26.81,0.0,0.00,0.0,0.0,,0.0
161,6,3.00,3,20.30,30.10,26.64,0.0,0.00,0.0,0.0,,0.0
161,7,3.00,3,20.56,29.85,26.49,0.0,0.00,0.0,0.0,,0.0
161,8,3.00,3,21.04,31.99,28.72,0.0,9.43,0.0,0.0,,0.0
161,9,3.00,3,22.27,32.78,29.60,0.0,54.63,0.0,0.0,,0.0
161,10,3.00,3,23.62,33.34,30.25,0.0,127.09,0.0,0.0,,0.0
161,11,3.00,3,24.66,33.90,30.90,0.0,248.27,0.0,0.0,,0.0
161,12,3.00,3,25.33,34.49,31.57,0.0,350.18,0.0,0.0,,0.0
161,13,3.00,3,26.16,35.13,32.28,0.0,419.59,0.0,0.0,,0.0
161,14,3.00,3,26.63,35.76,32.99,0.0,445.77,0.0,0.0,,0.0
161,15,3.00,3,27.06,36.37,33.66,0.0,429.71,0.0,0.0,,0.0
161,16,3.00,3,26.80,36.89,34.25,0.0,388.18,0.0,0.0,,0.0
161,17,3.00,3,26.35,37.32,34.75,0.0,308.56,0.0,0.0,,0.0
161,18,3.00,3,25.62,37.63,35.12,0.0,191.52,0.0,0.0,,0.0
161,19,3.00,3,24.61,35.46,33.00,0.0,72.91,0.0,0.0,,0.0
161,20,3.00,3,23.65,34.63,32.23,0.0,0.41,0.0,0.0,,0.0
161,21,3.00,3,22.89,34.10,31.76,0.0,0.00,0.0,0.0,,0.0
161,22,3.00,3,22.68,33.68,31.39,0.0,0.00,0.0,0.0,,0.0
161,23,3.00,3,22.05,33.26,31.02,0.0,0.00,0.0,0.0,,0.0
161,24,3.00,3,21.72,32.86,30.67,0.0,0.00,0.0,0.0,,0.0
161,1,4.00,3,21.38,32.48,30.33,0.0,0.00,0.0,0.0,,0.0
161,2,4.00,3,20.83,32.09,29.99,0.0,0.00,0.0,0.0,,0.0
161,3,4.00,3,20.52,31.72,29.66,0.0,0.00,0.0,0.0,,0.0
161,4,4.00,3,20.07,31.35,29.33,0.0,0.00,0.0,0.0,,0.0
161,5,4.00,3,19.71,30.99,29.01,0.0,0.00,0.0,0.0,,0.0
161,6,4.00,3,19.50,30.65,28.71,0.0,0.00,0.0,0.0,,0.0
161,7,4.00,3,19.21,30.31,28.41,0.0,0.00,0.0,0.0,,0.0
161,8,4.00,3,19.88,32.41,30.54,0.0,9.43,0.0,0.0,,0.0
161,9,4.00,3,21.48,33.18,31.35,0.0,54.63,0.0,0.0,,0.0
161,10,4.00,3,23.08,33.73,31.93,0.0,127.09,0.0,0.0,,0.0
161,11,4.00,3,24.40,34.29,32.52,0.0,248.27,0.0,0.0,,0.0
161,12,4.00,3,24.96,34.85,33.11,0.0,350.18,0.0,0.0,,0.0
161,13,4.00,3,25.70,35.46,33.75,0.0,419.59,0.0,0.0,,0.0
161,14,4.00,3,26.25,36.07,34.39,0.0,445.77,0.0,0.0,,0.0
161,15,4.00,3,26.53,36.65,35.00,0.0,429.71,0.0,0.0,,0.0
161,16,4.00,3,26.40,37.16,35.53,0.0,388.18,0.0,0.0,,0.0
161,17,4.00,3,25.90,37.57,35.97,0.0,308.56,0.0,0.0,,0.0
161,18,4.00,3,25.12,37.85,36.28,0.0,191.52,0.0,0.0,,0.0
161,19,4.00,3,23.97,35.65,34.10,0.0,72.91,0.0,0.0,,0.0
161,20,4.00,3,23.15,34.81,33.28,0.0,0.41,0.0,0.0,,0.0
161,21,4.00,3,22.89,34.30,32.79,0.0,0.00,0.0,0.0,,0.0
161,22,4.00,3,22.86,33.88,32.40,0.0,0.00,0.0,0.0,,0.0
161,23,4.00,3,22.53,33.48,32.02,0.0,0.00,0.0,0.0,,0.0
161,24,4.00,3,22.42,33.11,31.66,0.0,0.00,0.0,0.0,,0.0
161,1,5.00,3,22.24,32.75,31.32,0.0,0.00,0.0,0.0,,0.0
161,2,5.00,3,21.74,32.38,30.97,0.0,0.00,0.0,0.0,,0.0
161,3,5.00,3,21.40,32.02,30.63,0.0,0.00,0.0,0.0,,0.0
161,4,5.00,3,20.91,31.66,30.28,0.0,0.00,0.0,0.0,,0.0
161,5,5.00,3,20.49,31.30,29.95,0.0,0.00,0.0,0.0,,0.0
161,6,5.00,3,20.20,30.96,29.62,0.0,0.00,0.0,0.0,,0.0
161,7,5.00,3,19.23,30.59,29.26,0.0,0.00,0.0,0.0,,0.0
161,8,5.00,3,20.33,31.36,27.15,-7817.49,9.43,0.0,-673.7,,-8491.19
161,9,5.00,3,22.62,31.93,27.15,-7225.41,54.63,0.0,-1710.73,,-8936.14
161,10,5.00,3,24.52,32.50,27.15,-7882.2,127.09,0.0,-1948.94,,-9831.14
161,11,5.00,3,25.47,33.01,27.15,-8361.39,248.27,0.0,-790.56,,-9151.949999999999
161,12,5.00,3,26.11,33.51,27.15,-8844.81,350.18,0.0,-1695.87,,-10540.68
161,13,5.00,3,26.43,33.99,27.15,-9273.24,419.59,0.0,-1419.53,,-10692.77
161,14,5.00,3,26.66,34.46,27.15,-9661.46,445.77,0.0,-2051.42,,-11712.88
161,15,5.00,3,26.42,34.82,27.15,-9801.25,429.71,0.0,-1333.29,,-11134.54
161,16,5.00,3,25.95,35.09,27.15,-9762.21,388.18,0.0,-1088.88,,-10851.09
161,17,5.00,3,25.33,35.25,27.15,-9535.11,308.56,0.0,-1187.33,,-10722.44
161,18,5.00,3,24.43,35.27,27.15,-9031.95,191.52,0.0,-568.38,,-9600.33
161,19,5.00,3,23.30,34.24,28.86,0.0,72.91,0.0,0.0,,0.0
161,20,5.00,3,22.41,33.69,29.08,0.0,0.41,0.0,0.0,,0.0
161,21,5.00,3,21.78,33.24,28.92,0.0,0.00,0.0,0.0,,0.0
161,22,5.00,3,21.29,32.83,28.69,0.0,0.00,0.0,0.0,,0.0
161,23,5.00,3,21.01,32.44,28.44,0.0,0.00,0.0,0.0,,0.0
161,24,5.00,3,20.66,32.06,28.19,0.0,0.00,0.0,0.0,,0.0
161,1,6.00,3,20.36,31.69,27.94,0.0,0.00,0.0,0.0,,0.0
161,2,6.00,3,20.05,31.33,27.70,0.0,0.00,0.0,0.0,,0.0
161,3,6.00,3,19.86,30.98,27.47,0.0,0.00,0.0,0.0,,0.0
161,4,6.00,3,19.60,30.65,27.24,0.0,0.00,0.0,0.0,,0.0
161,5,6.00,3,19.31,30.32,27.01,0.0,0.00,0.0,0.0,,0.0
161,6,6.00,3,18.98,29.99,26.78,0.0,0.00,0.0,0.0,,0.0
161,7,6.00,3,18.43,29.65,26.54,0.0,0.00,0.0,0.0,,0.0
161,8,6.00,3,19.37,30.44,27.15,-1458.18,9.43,0.0,0.0,,-1458.18
161,9,6.00,3,21.32,30.97,27.15,-2822.85,54.63,0.0,0.0,,-2822.85
161,10,6.00,3,23.30,31.54,27.15,-4017.18,127.09,0.0,0.0,,-4017.18
161,11,6.00,3,24.62,32.12,27.15,-5076.41,248.27,0.0,0.0,,-5076.41
161,12,6.00,3,25.60,32.70,27.15,-6076.03,350.18,0.0,0.0,,-6076.03
161,13,6.00,3,26.32,33.28,27.15,-6999.72,419.59,0.0,-119.64,,-7119.360000000001
161,14,6.00,3,27.08,33.87,27.15,-7899.24,445.77,0.0,-994.58,,-8893.82
161,15,6.00,3,26.81,34.29,27.15,-8291.36,429.71,0.0,-553.8,,-8845.16
161,16,6.00,3,26.45,34.62,27.15,-8523.2,388.18,0.0,-338.57,,-8861.77
161,17,6.00,3,25.84,34.83,27.15,-8500.8,308.56,0.0,-443.65,,-8944.449999999999
161,18,6.00,3,25.17,34.93,27.15,-8267.97,191.52,0.0,0.0,,-8267.97
161,19,6.00,3,24.25,33.85,28.54,0.0,72.91,0.0,0.0,,0.0
161,20,6.00,3,23.38,33.33,28.71,0.0,0.41,0.0,0.0,,0.0
161,21,6.00,3,23.00,32.93,28.59,0.0,0.00,0.0,0.0,,0.0
161,22,6.00,3,22.65,32.57,28.40,0.0,0.00,0.0,0.0,,0.0
161,23,6.00,3,22.26,32.21,28.19,0.0,0.00,0.0,0.0,,0.0
161,24,6.00,3,21.90,31.87,27.97,0.0,0.00,0.0,0.0,,0.0
161,1,7.00,3,21.82,31.55,27.78,0.0,0.00,0.0,0.0,,0.0
161,2,7.00,3,21.47,31.23,27.57,0.0,0.00,0.0,0.0,,0.0
161,3,7.00,3,21.11,30.91,27.36,0.0,0.00,0.0,0.0,,0.0
161,4,7.00,3,20.73,30.60,27.15,0.0,0.00,0.0,0.0,,0.0
161,5,7.00,3,20.47,30.30,26.95,0.0,0.00,0.0,0.0,,0.0
161,6,7.00,3,20.25,30.00,26.76,0.0,0.00,0.0,0.0,,0.0
161,7,7.00,3,20.04,29.72,26.57,0.0,0.00,0.0,0.0,,0.0
161,8,7.00,3,20.77,30.66,27.15,-1938.17,9.43,0.0,0.0,,-1938.17
161,9,7.00,3,22.73,31.25,27.15,-3331.52,54.63,0.0,0.0,,-3331.52
161,10,7.00,3,24.69,31.87,27.15,-4550.79,127.09,0.0,0.0,,-4550.79
161,11,7.00,3,25.88,32.45,27.15,-5586.78,248.27,0.0,0.0,,-5586.78
161,12,7.00,3,26.94,33.07,27.15,-6647.31,350.18,0.0,-824.52,,-7471.83
161,13,7.00,3,27.76,33.70,27.15,-7629.35,419.59,0.0,-1142.4,,-8771.75
161,14,7.00,3,28.52,34.32,27.15,-8550.68,445.77,0.0,-1262.76,,-9813.44
161,15,7.00,3,29.04,34.90,27.15,-9288.04,429.71,0.0,-2232.38,,-11520.420000000002
161,16,7.00,3,28.64,35.30,27.15,-9536.48,388.18,0.0,-1853.76,,-11390.24
161,17,7.00,3,28.03,35.56,27.15,-9544.39,308.56,0.0,-1707.42,,-11251.81
161,18,7.00,3,27.32,35.69,27.15,-9314.65,191.52,0.0,-1109.14,,-10423.789999999999
161,19,7.00,3,26.30,34.50,28.76,0.0,72.91,0.0,0.0,,0.0
161,20,7.00,3,25.37,33.96,29.00,0.0,0.41,0.0,0.0,,0.0
161,21,7.00,3,24.69,33.56,28.90,0.0,0.00,0.0,0.0,,0.0
161,22,7.00,3,24.27,33.20,28.73,0.0,0.00,0.0,0.0,,0.0
161,23,7.00,3,23.57,32.84,28.52,0.0,0.00,0.0,0.0,,0.0
161,24,7.00,3,23.22,32.50,28.32,0.0,0.00,0.0,0.0,,0.0
161,1,1.00,3,22.60,32.15,28.10,0.0,0.00,0.0,0.0,,0.0
161,2,1.00,3,21.97,31.79,27.87,0.0,0.00,0.0,0.0,,0.0
161,3,1.00,3,21.65,31.46,27.66,0.0,0.00,0.0,0.0,,0.0
161,4,1.00,3,21.30,31.14,27.45,0.0,0.00,0.0,0.0,,0.0
161,5,1.00,3,20.91,30.82,27.24,0.0,0.00,0.0,0.0,,0.0
161,6,1.00,3,20.60,30.51,27.04,0.0,0.00,0.0,0.0,,0.0
161,7,1.00,3,20.23,30.20,26.83,0.0,0.00,0.0,0.0,,0.0
161,8,1.00,3,21.27,31.14,27.15,-2695.06,9.43,0.0,0.0,,-2695.06
161,9,1.00,3,23.36,31.75,27.15,-3948.57,54.63,0.0,-2071.35,,-6019.92
161,10,1.00,3,25.20,32.35,27.15,-5078.52,127.09,0.0,-1085.47,,-6163.990000000001
161,11,1.00,3,26.48,32.94,27.15,-6119.62,248.27,0.0,-1151.52,,-7271.139999999999
161,12,1.00,3,27.48,33.55,27.15,-7122.91,350.18,0.0,-2142.35,,-9265.26
161,13,1.00,3,28.24,34.16,27.15,-8057.27,419.59,0.0,-2349.71,,-10406.98
161,14,1.00,3,28.96,34.77,27.15,-8937.51,445.77,0.0,-3084.09,,-12021.6
161,15,1.00,3,29.52,35.34,27.15,-9669.02,429.71,0.0,-2707.23,,-12376.25
161,16,1.00,3,29.00,35.71,27.15,-9852.37,388.18,0.0,-2782.6,,-12634.970000000001
161,17,1.00,3,28.23,35.94,27.15,-9774.82,308.56,0.0,-2605.9,,-12380.72
161,18,1.00,3,27.34,36.02,27.15,-9457.73,191.52,0.0,-2199.04,,-11656.77
161,19,1.00,3,26.20,34.84,28.80,0.0,72.91,0.0,0.0,,0.0
161,20,1.00,3,25.03,34.27,29.03,0.0,0.41,0.0,0.0,,0.0
161,21,1.00,3,24.13,33.83,28.91,0.0,0.00,0.0,0.0,,0.0
161,22,1.00,3,23.63,33.44,28.71,0.0,0.00,0.0,0.0,,0.0
161,23,1.00,3,22.74,33.04,28.47,0.0,0.00,0.0,0.0,,0.0
161,24,1.00,3,22.32,32.66,28.25,0.0,0.00,0.0,0.0,,0.0
161,1,2.00,3,21.72,32.29,28.01,0.0,0.00,0.0,0.0,,0.0
161,2,2.00,3,21.08,31.91,27.76,0.0,0.00,0.0,0.0,,0.0
161,3,2.00,3,20.49,31.53,27.52,0.0,0.00,0.0,0.0,,0.0
161,4,2.00,3,19.79,31.15,27.26,0.0,0.00,0.0,0.0,,0.0
161,5,2.00,3,19.16,30.78,27.00,0.0,0.00,0.0,0.0,,0.0
161,6,2.00,3,18.79,30.42,26.75,0.0,0.00,0.0,0.0,,0.0
161,7,2.00,3,18.23,30.06,26.50,0.0,0.00,0.0,0.0,,0.0
161,8,2.00,3,19.34,30.79,27.15,-1361.11,9.43,0.0,0.0,,-1361.11
161,9,2.00,3,21.33,31.30,27.15,-2755.9,54.63,0.0,-312.42,,-3068.32
161,10,2.00,3,23.65,31.91,27.15,-4089.34,127.09,0.0,-194.56,,-4283.900000000001
161,11,2.00,3,24.97,32.48,27.15,-5154.73,248.27,0.0,-35.75,,-5190.48
161,12,2.00,3,26.11,33.08,27.15,-6225.41,350.18,0.0,-1285.87,,-7511.28
161,13,2.00,3,27.11,33.71,27.15,-7272.44,419.59,0.0,-1635.79,,-8908.23
161,14,2.00,3,26.87,34.16,27.15,-7776.37,445.77,0.0,-1923.5,,-9699.869999999999
161,15,2.00,3,26.71,34.55,27.15,-8205.15,429.71,0.0,-813.77,,-9018.92
161,16,2.00,3,26.33,34.86,27.15,-8426.54,388.18,0.0,-1283.41,,-9709.95
161,17,2.00,3,25.70,35.05,27.15,-8390.83,308.56,0.0,-1181.16,,-9571.99
161,18,2.00,3,24.95,35.11,27.15,-8117.86,191.52,0.0,-759.92,,-8877.779999999999
161,19,2.00,3,24.05,34.06,28.50,0.0,72.91,0.0,0.0,,0.0
161,20,2.00,3,23.12,33.52,28.65,0.0,0.41,0.0,0.0,,0.0
161,21,2.00,3,22.55,33.10,28.51,0.0,0.00,0.0,0.0,,0.0
161,22,2.00,3,22.03,32.71,28.29,0.0,0.00,0.0,0.0,,0.0
161,23,2.00,3,21.43,32.32,28.05,0.0,0.00,0.0,0.0,,0.0
161,24,2.00,3,21.11,31.95,27.81,0.0,0.00,0.0,0.0,,0.0
161,1,3.00,3,20.71,31.59,27.58,0.0,0.00,0.0,0.0,,0.0
161,2,3.00,3,20.15,31.22,27.33,0.0,0.00,0.0,0.0,,0.0
161,3,3.00,3,19.70,30.87,27.09,0.0,0.00,0.0,0.0,,0.0
161,4,3.00,3,19.32,30.52,26.86,0.0,0.00,0.0,0.0,,0.0
161,5,3.00,3,18.97,30.18,26.62,0.0,0.00,0.0,0.0,,0.0
161,6,3.00,3,18.65,29.85,26.39,0.0,0.00,0.0,0.0,,0.0
161,7,3.00,3,18.30,29.52,26.16,0.0,0.00,0.0,0.0,,0.0
161,8,3.00,3,19.28,31.65,28.38,0.0,9.43,0.0,0.0,,0.0
161,9,3.00,3,21.11,32.46,29.28,0.0,54.63,0.0,0.0,,0.0
161,10,3.00,3,23.05,33.06,29.96,0.0,127.09,0.0,0.0,,0.0
161,11,3.00,3,24.28,33.64,30.63,0.0,248.27,0.0,0.0,,0.0
161,12,3.00,3,25.22,34.25,31.32,0.0,350.18,0.0,0.0,,0.0
161,13,3.00,3,25.79,34.89,32.03,0.0,419.59,0.0,0.0,,0.0
161,14,3.00,3,26.47,35.54,32.75,0.0,445.77,0.0,0.0,,0.0
161,15,3.00,3,26.95,36.16,33.44,0.0,429.71,0.0,0.0,,0.0
161,16,3.00,3,26.44,36.67,34.02,0.0,388.18,0.0,0.0,,0.0
161,17,3.00,3,25.83,37.09,34.51,0.0,308.56,0.0,0.0,,0.0
161,18,3.00,3,25.09,37.40,34.87,0.0,191.52,0.0,0.0,,0.0
161,19,3.00,3,24.16,35.23,32.76,0.0,72.91,0.0,0.0,,0.0
161,20,3.00,3,23.13,34.40,31.99,0.0,0.41,0.0,0.0,,0.0
161,21,3.00,3,22.41,33.88,31.52,0.0,0.00,0.0,0.0,,0.0
161,22,3.00,3,21.76,33.42,31.12,0.0,0.00,0.0,0.0,,0.0
161,23,3.00,3,21.05,32.98,30.73,0.0,0.00,0.0,0.0,,0.0
161,24,3.00,3,20.57,32.57,30.36,0.0,0.00,0.0,0.0,,0.0
161,1,4.00,3,20.19,32.16,30.00,0.0,0.00,0.0,0.0,,0.0
161,2,4.00,3,19.79,31.77,29.65,0.0,0.00,0.0,0.0,,0.0
161,3,4.00,3,19.43,31.39,29.31,0.0,0.00,0.0,0.0,,0.0
161,4,4.00,3,19.10,31.02,28.98,0.0,0.00,0.0,0.0,,0.0
161,5,4.00,3,18.80,30.66,28.66,0.0,0.00,0.0,0.0,,0.0
161,6,4.00,3,18.50,30.30,28.35,0.0,0.00,0.0,0.0,,0.0
161,7,4.00,3,18.16,29.96,28.04,0.0,0.00,0.0,0.0,,0.0
161,8,4.00,3,19.07,32.06,30.17,0.0,9.43,0.0,0.0,,0.0
161,9,4.00,3,21.00,32.85,31.00,0.0,54.63,0.0,0.0,,0.0
161,10,4.00,3,23.17,33.45,31.63,0.0,127.09,0.0,0.0,,0.0
161,11,4.00,3,24.43,34.02,32.23,0.0,248.27,0.0,0.0,,0.0
161,12,4.00,3,25.22,34.62,32.86,0.0,350.18,0.0,0.0,,0.0
161,13,4.00,3,25.97,35.25,33.52,0.0,419.59,0.0,0.0,,0.0
161,14,4.00,3,25.80,35.83,34.13,0.0,445.77,0.0,0.0,,0.0
161,15,4.00,3,25.64,36.37,34.70,0.0,429.71,0.0,0.0,,0.0
161,16,4.00,3,25.20,36.85,35.20,0.0,388.18,0.0,0.0,,0.0
161,17,4.00,3,24.70,37.24,35.62,0.0,308.56,0.0,0.0,,0.0
161,18,4.00,3,23.95,37.51,35.91,0.0,191.52,0.0,0.0,,0.0
161,19,4.00,3,23.00,35.31,33.74,0.0,72.91,0.0,0.0,,0.0
161,20,4.00,3,21.93,34.45,32.90,0.0,0.41,0.0,0.0,,0.0
161,21,4.00,3,21.21,33.89,32.36,0.0,0.00,0.0,0.0,,0.0
161,22,4.00,3,20.73,33.42,31.91,0.0,0.00,0.0,0.0,,0.0
161,23,4.00,3,20.38,32.99,31.50,0.0,0.00,0.0,0.0,,0.0
161,24,4.00,3,19.95,32.56,31.09,0.0,0.00,0.0,0.0,,0.0
161,1,5.00,3,19.54,32.14,30.69,0.0,0.00,0.0,0.0,,0.0
161,2,5.00,3,19.05,31.73,30.30,0.0,0.00,0.0,0.0,,0.0
161,3,5.00,3,18.81,31.34,29.93,0.0,0.00,0.0,0.0,,0.0
161,4,5.00,3,18.53,30.96,29.57,0.0,0.00,0.0,0.0,,0.0
161,5,5.00,3,18.13,30.59,29.20,0.0,0.00,0.0,0.0,,0.0
161,6,5.00,3,17.87,30.22,28.86,0.0,0.00,0.0,0.0,,0.0
161,7,5.00,3,17.46,29.86,28.51,0.0,0.00,0.0,0.0,,0.0
161,8,5.00,3,18.29,30.49,27.15,-5504.44,9.43,0.0,0.0,,-5504.44
161,9,5.00,3,20.43,30.98,27.15,-5366.1,54.63,0.0,0.0,,-5366.1
161,10,5.00,3,22.84,31.60,27.15,-6317.36,127.09,0.0,0.0,,-6317.36
161,11,5.00,3,24.12,32.15,27.15,-7013.1,248.27,0.0,0.0,,-7013.1
161,12,5.00,3,25.06,32.71,27.15,-7702.06,350.18,0.0,-872.75,,-8574.810000000001
161,13,5.00,3,25.83,33.28,27.15,-8388.45,419.59,0.0,-1025.07,,-9413.52
161,14,5.00,3,26.36,33.82,27.15,-8973.96,445.77,0.0,-1878.02,,-10851.98
161,15,5.00,3,26.84,34.33,27.15,-9477.37,429.71,0.0,-1740.46,,-11217.830000000002
161,16,5.00,3,26.44,34.67,27.15,-9543.98,388.18,0.0,-1412.07,,-10956.05
161,17,5.00,3,25.92,34.90,27.15,-9427.28,308.56,0.0,-1444.17,,-10871.45
161,18,5.00,3,25.13,34.98,27.15,-9027.78,191.52,0.0,-1083.86,,-10111.640000000001
161,19,5.00,3,24.05,33.89,28.81,0.0,72.91,0.0,0.0,,0.0
161,20,5.00,3,23.08,33.36,29.03,0.0,0.41,0.0,0.0,,0.0
161,21,5.00,3,22.42,32.93,28.89,0.0,0.00,0.0,0.0,,0.0
161,22,5.00,3,21.88,32.54,28.66,0.0,0.00,0.0,0.0,,0.0
161,23,5.00,3,21.46,32.17,28.42,0.0,0.00,0.0,0.0,,0.0
161,24,5.00,3,20.98,31.80,28.17,0.0,0.00,0.0,0.0,,0.0
161,1,6.00,3,20.50,31.44,27.92,0.0,0.00,0.0,0.0,,0.0
161,2,6.00,3,20.03,31.08,27.67,0.0,0.00,0.0,0.0,,0.0
161,3,6.00,3,19.74,30.74,27.43,0.0,0.00,0.0,0.0,,0.0
161,4,6.00,3,19.30,30.40,27.19,0.0,0.00,0.0,0.0,,0.0
161,5,6.00,3,18.95,30.06,26.95,0.0,0.00,0.0,0.0,,0.0
161,6,6.00,3,18.65,29.74,26.71,0.0,0.00,0.0,0.0,,0.0
161,7,6.00,3,18.14,29.41,26.47,0.0,0.00,0.0,0.0,,0.0
161,8,6.00,3,19.08,30.20,27.15,-1211.23,9.43,0.0,0.0,,-1211.23
161,9,6.00,3,21.02,30.72,27.15,-2616.48,54.63,0.0,0.0,,-2616.48
161,10,6.00,3,23.14,31.33,27.15,-3873.46,127.09,0.0,0.0,,-3873.46
161,11,6.00,3,24.29,31.88,27.15,-4868.5,248.27,0.0,0.0,,-4868.5
161,12,6.00,3,25.07,32.42,27.15,-5789.31,350.18,0.0,0.0,,-5789.31
161,13,6.00,3,25.66,32.97,27.15,-6656.88,419.59,0.0,0.0,,-6656.88
161,14,6.00,3,26.30,33.54,27.15,-7502.34,445.77,0.0,-581.81,,-8084.15
161,15,6.00,3,26.68,34.05,27.15,-8157.52,429.71,0.0,-298.3,,-8455.82
161,16,6.00,3,26.33,34.40,27.15,-8399.04,388.18,0.0,-525.88,,-8924.92
161,17,6.00,3,25.80,34.64,27.15,-8417.74,308.56,0.0,-571.47,,-8989.21
161,18,6.00,3,25.14,34.74,27.15,-8194.05,191.52,0.0,-68.91,,-8262.96
161,19,6.00,3,24.19,33.66,28.52,0.0,72.91,0.0,0.0,,0.0
161,20,6.00,3,23.27,33.13,28.68,0.0,0.41,0.0,0.0,,0.0
161,21,6.00,3,22.55,32.72,28.53,0.0,0.00,0.0,0.0,,0.0
161,22,6.00,3,22.10,32.35,28.32,0.0,0.00,0.0,0.0,,0.0
161,23,6.00,3,21.34,31.96,28.07,0.0,0.00,0.0,0.0,,0.0
161,24,6.00,3,20.91,31.60,27.83,0.0,0.00,0.0,0.0,,0.0
161,1,7.00,3,20.41,31.24,27.59,0.0,0.00,0.0,0.0,,0.0
161,2,7.00,3,19.97,30.89,27.35,0.0,0.00,0.0,0.0,,0.0
161,3,7.00,3,19.57,30.54,27.11,0.0,0.00,0.0,0.0,,0.0
161,4,7.00,3,19.19,30.21,26.87,0.0,0.00,0.0,0.0,,0.0
161,5,7.00,3,18.80,29.88,26.64,0.0,0.00,0.0,0.0,,0.0
161,6,7.00,3,18.56,29.56,26.41,0.0,0.00,0.0,0.0,,0.0
161,7,7.00,3,18.21,29.24,26.18,0.0,0.00,0.0,0.0,,0.0
161,8,7.00,3,19.05,30.05,27.15,-566.95,9.43,0.0,0.0,,-566.95
161,9,7.00,3,21.01,30.58,27.15,-2191.7,54.63,0.0,0.0,,-2191.7
161,10,7.00,3,23.16,31.20,27.15,-3514.08,127.09,0.0,0.0,,-3514.08
161,11,7.00,3,24.33,31.76,27.15,-4564.88,248.27,0.0,0.0,,-4564.88
161,12,7.00,3,25.15,32.32,27.15,-5542.31,350.18,0.0,0.0,,-5542.31
161,13,7.00,3,25.74,32.88,27.15,-6443.05,419.59,0.0,0.0,,-6443.05
161,14,7.00,3,26.40,33.45,27.15,-7328.6,445.77,0.0,-657.31,,-7985.91
161,15,7.00,3,26.31,33.89,27.15,-7813.26,429.71,0.0,-133.59,,-7946.85
161,16,7.00,3,25.98,34.23,27.15,-8079.47,388.18,0.0,-185.0,,-8264.470000000001
161,17,7.00,3,25.48,34.47,27.15,-8121.99,308.56,0.0,-353.13,,-8475.119999999999
161,18,7.00,3,24.85,34.58,27.15,-7922.65,191.52,0.0,-144.82,,-8067.469999999999
161,19,7.00,3,23.95,33.51,28.44,0.0,72.91,0.0,0.0,,0.0
161,20,7.00,3,23.06,32.98,28.58,0.0,0.41,0.0,0.0,,0.0
161,21,7.00,3,22.49,32.58,28.44,0.0,0.00,0.0,0.0,,0.0
161,22,7.00,3,21.98,32.21,28.22,0.0,0.00,0.0,0.0,,0.0
161,23,7.00,3,21.71,31.86,28.01,0.0,0.00,0.0,0.0,,0.0
161,24,7.00,3,21.29,31.51,27.78,0.0,0.00,0.0,0.0,,0.0
161,1,1.00,4,21.09,31.19,27.57,0.0,0.00,0.0,0.0,,0.0
161,2,1.00,4,20.88,30.87,27.36,0.0,0.00,0.0,0.0,,0.0
161,3,1.00,4,20.80,30.57,27.16,0.0,0.00,0.0,0.0,,0.0
161,4,1.00,4,20.74,30.29,26.98,0.0,0.00,0.0,0.0,,0.0
161,5,1.00,4,20.65,30.01,26.80,0.0,0.00,0.0,0.0,,0.0
161,6,1.00,4,20.64,29.75,26.62,0.0,0.00,0.0,0.0,,0.0
161,7,1.00,4,20.12,29.47,26.43,0.0,2.28,0.0,0.0,,0.0
161,8,1.00,4,20.48,30.40,26.68,-2714.12,31.70,0.0,0.0,,-2714.12
161,9,1.00,4,22.08,30.94,26.68,-3739.91,138.71,0.0,0.0,,-3739.91
161,10,1.00,4,24.15,31.56,26.68,-4941.99,285.21,0.0,0.0,,-4941.99
161,11,1.00,4,25.15,32.11,26.68,-5851.24,501.90,0.0,0.0,,-5851.24
161,12,1.00,4,25.77,32.65,26.68,-6696.68,673.86,0.0,-1153.51,,-7850.1900000000005
161,13,1.00,4,26.21,33.18,26.68,-7476.88,762.92,0.0,-1245.13,,-8722.01
161,14,1.00,4,26.64,33.71,26.68,-8197.4,778.02,0.0,-2058.36,,-10255.76
161,15,1.00,4,26.90,34.18,26.68,-8747.92,734.18,0.0,-1824.22,,-10572.14
161,16,1.00,4,26.47,34.50,26.68,-8883.99,652.75,0.0,-1862.27,,-10746.26
161,17,1.00,4,25.75,34.66,26.68,-8725.2,517.25,0.0,-2031.51,,-10756.710000000001
161,18,1.00,4,24.97,34.67,26.68,-8299.75,273.50,0.0,-1565.75,,-9865.5
161,19,1.00,4,23.78,33.47,27.97,0.0,8.82,0.0,0.0,,0.0
161,20,1.00,4,22.62,32.89,28.09,0.0,0.00,0.0,0.0,,0.0
161,21,1.00,4,21.75,32.44,27.93,0.0,0.00,0.0,0.0,,0.0
161,22,1.00,4,20.94,32.03,27.69,0.0,0.00,0.0,0.0,,0.0
161,23,1.00,4,20.52,31.65,27.45,0.0,0.00,0.0,0.0,,0.0
161,24,1.00,4,19.87,31.27,27.20,0.0,0.00,0.0,0.0,,0.0
161,1,2.00,4,19.37,30.89,26.96,0.0,0.00,0.0,0.0,,0.0
161,2,2.00,4,18.92,30.53,26.71,0.0,0.00,0.0,0.0,,0.0
161,3,2.00,4,18.55,30.17,26.47,0.0,0.00,0.0,0.0,,0.0
161,4,2.00,4,18.01,29.82,26.23,0.0,0.00,0.0,0.0,,0.0
161,5,2.00,4,17.37,29.45,25.97,0.0,0.00,0.0,0.0,,0.0
161,6,2.00,4,17.05,29.11,25.72,0.0,0.00,0.0,0.0,,0.0
161,7,2.00,4,16.47,28.76,25.47,0.0,2.28,0.0,0.0,,0.0
161,8,2.00,4,17.51,29.46,26.58,0.0,31.70,0.0,0.0,,0.0
161,9,2.00,4,19.70,30.00,26.68,-1544.73,138.71,0.0,0.0,,-1544.73
161,10,2.00,4,22.43,30.68,26.68,-3178.86,285.21,0.0,0.0,,-3178.86
161,11,2.00,4,23.82,31.30,26.68,-4353.7,501.90,0.0,0.0,,-4353.7
161,12,2.00,4,24.79,31.90,26.68,-5434.19,673.86,0.0,-275.71,,-5709.9
161,13,2.00,4,25.55,32.49,26.68,-6439.97,762.92,0.0,-755.63,,-7195.6
161,14,2.00,4,26.07,33.06,26.68,-7283.8,778.02,0.0,-1820.02,,-9103.82
161,15,2.00,4,26.50,33.58,26.68,-7979.31,734.18,0.0,-1196.11,,-9175.42
161,16,2.00,4,26.07,33.91,26.68,-8187.54,652.75,0.0,-1381.04,,-9568.58
161,17,2.00,4,25.44,34.11,26.68,-8124.15,517.25,0.0,-1578.05,,-9702.199999999999
161,18,2.00,4,24.59,34.13,26.68,-7727.26,273.50,0.0,-1156.76,,-8884.02
161,19,2.00,4,23.41,32.92,27.79,0.0,8.82,0.0,0.0,,0.0
161,20,2.00,4,22.30,32.36,27.87,0.0,0.00,0.0,0.0,,0.0
161,21,2.00,4,21.48,31.93,27.70,0.0,0.00,0.0,0.0,,0.0
161,22,2.00,4,20.92,31.55,27.48,0.0,0.00,0.0,0.0,,0.0
161,23,2.00,4,20.61,31.19,27.26,0.0,0.00,0.0,0.0,,0.0
161,24,2.00,4,20.09,30.84,27.03,0.0,0.00,0.0,0.0,,0.0
161,1,3.00,4,19.31,30.47,26.77,0.0,0.00,0.0,0.0,,0.0
161,2,3.00,4,18.58,30.10,26.51,0.0,0.00,0.0,0.0,,0.0
161,3,3.00,4,18.07,29.74,26.26,0.0,0.00,0.0,0.0,,0.0
161,4,3.00,4,17.56,29.39,26.01,0.0,0.00,0.0,0.0,,0.0
161,5,3.00,4,17.18,29.05,25.76,0.0,0.00,0.0,0.0,,0.0
161,6,3.00,4,16.92,28.73,25.53,0.0,0.00,0.0,0.0,,0.0
161,7,3.00,4,16.43,28.39,25.28,0.0,2.28,0.0,0.0,,0.0
161,8,3.00,4,17.44,30.53,27.50,0.0,31.70,0.0,0.0,,0.0
161,9,3.00,4,19.54,31.37,28.42,0.0,138.71,0.0,0.0,,0.0
161,10,3.00,4,21.99,32.00,29.13,0.0,285.21,0.0,0.0,,0.0
161,11,3.00,4,23.40,32.62,29.82,0.0,501.90,0.0,0.0,,0.0
161,12,3.00,4,24.38,33.26,30.54,0.0,673.86,0.0,0.0,,0.0
161,13,3.00,4,25.23,33.93,31.28,0.0,762.92,0.0,0.0,,0.0
161,14,3.00,4,25.75,34.59,32.00,0.0,778.02,0.0,0.0,,0.0
161,15,3.00,4,26.21,35.22,32.69,0.0,734.18,0.0,0.0,,0.0
161,16,3.00,4,25.91,35.74,33.27,0.0,652.75,0.0,0.0,,0.0
161,17,3.00,4,25.31,36.14,33.73,0.0,517.25,0.0,0.0,,0.0
161,18,3.00,4,24.48,36.39,34.03,0.0,273.50,0.0,0.0,,0.0
161,19,3.00,4,23.35,34.13,31.82,0.0,8.82,0.0,0.0,,0.0
161,20,3.00,4,22.23,33.28,31.03,0.0,0.00,0.0,0.0,,0.0
161,21,3.00,4,21.35,32.75,30.55,0.0,0.00,0.0,0.0,,0.0
161,22,3.00,4,20.64,32.31,30.15,0.0,0.00,0.0,0.0,,0.0
161,23,3.00,4,20.32,31.91,29.80,0.0,0.00,0.0,0.0,,0.0
161,24,3.00,4,19.74,31.51,29.44,0.0,0.00,0.0,0.0,,0.0
161,1,4.00,4,19.14,31.12,29.09,0.0,0.00,0.0,0.0,,0.0
161,2,4.00,4,18.43,30.72,28.73,0.0,0.00,0.0,0.0,,0.0
161,3,4.00,4,17.82,30.33,28.37,0.0,0.00,0.0,0.0,,0.0
161,4,4.00,4,17.28,29.94,28.03,0.0,0.00,0.0,0.0,,0.0
161,5,4.00,4,16.99,29.58,27.70,0.0,0.00,0.0,0.0,,0.0
161,6,4.00,4,16.82,29.23,27.38,0.0,0.00,0.0,0.0,,0.0
161,7,4.00,4,16.52,28.89,27.08,0.0,2.28,0.0,0.0,,0.0
161,8,4.00,4,17.37,31.00,29.22,0.0,31.70,0.0,0.0,,0.0
161,9,4.00,4,19.34,31.80,30.05,0.0,138.71,0.0,0.0,,0.0
161,10,4.00,4,21.90,32.42,30.70,0.0,285.21,0.0,0.0,,0.0
161,11,4.00,4,23.46,33.03,31.33,0.0,501.90,0.0,0.0,,0.0
161,12,4.00,4,24.54,33.66,32.00,0.0,673.86,0.0,0.0,,0.0
161,13,4.00,4,25.60,34.34,32.70,0.0,762.92,0.0,0.0,,0.0
161,14,4.00,4,25.84,34.97,33.36,0.0,778.02,0.0,0.0,,0.0
161,15,4.00,4,26.41,35.59,34.00,0.0,734.18,0.0,0.0,,0.0
161,16,4.00,4,26.06,36.10,34.53,0.0,652.75,0.0,0.0,,0.0
161,17,4.00,4,25.41,36.48,34.94,0.0,517.25,0.0,0.0,,0.0
161,18,4.00,4,24.47,36.71,35.19,0.0,273.50,0.0,0.0,,0.0
161,19,4.00,4,23.25,34.43,32.93,0.0,8.82,0.0,0.0,,0.0
161,20,4.00,4,22.09,33.57,32.09,0.0,0.00,0.0,0.0,,0.0
161,21,4.00,4,21.24,33.03,31.57,0.0,0.00,0.0,0.0,,0.0
161,22,4.00,4,20.79,32.58,31.15,0.0,0.00,0.0,0.0,,0.0
161,23,4.00,4,20.38,32.18,30.76,0.0,0.00,0.0,0.0,,0.0
161,24,4.00,4,19.66,31.76,30.36,0.0,0.00,0.0,0.0,,0.0
161,1,5.00,4,19.11,31.36,29.97,0.0,0.00,0.0,0.0,,0.0
161,2,5.00,4,18.53,30.96,29.59,0.0,0.00,0.0,0.0,,0.0
161,3,5.00,4,18.08,30.57,29.21,0.0,0.00,0.0,0.0,,0.0
161,4,5.00,4,17.62,30.18,28.85,0.0,0.00,0.0,0.0,,0.0
161,5,5.00,4,17.08,29.80,28.48,0.0,0.00,0.0,0.0,,0.0
161,6,5.00,4,16.72,29.43,28.13,0.0,0.00,0.0,0.0,,0.0
161,7,5.00,4,16.32,29.07,27.78,0.0,2.28,0.0,0.0,,0.0
161,8,5.00,4,17.07,29.66,26.68,-4701.07,31.70,0.0,0.0,,-4701.07
161,9,5.00,4,19.00,30.12,26.68,-4680.24,138.71,0.0,0.0,,-4680.24
161,10,5.00,4,21.57,30.74,26.68,-5718.24,285.21,0.0,0.0,,-5718.24
161,11,5.00,4,23.27,31.36,26.68,-6615.21,501.90,0.0,0.0,,-6615.21
161,12,5.00,4,24.33,31.95,26.68,-7394.5,673.86,0.0,-567.75,,-7962.25
161,13,5.00,4,25.28,32.56,26.68,-8183.85,762.92,0.0,-934.51,,-9118.36
161,14,5.00,4,25.78,33.11,26.68,-8772.84,778.02,0.0,-2025.92,,-10798.76
161,15,5.00,4,26.27,33.63,26.68,-9280.65,734.18,0.0,-1833.53,,-11114.18
161,16,5.00,4,25.75,33.94,26.68,-9268.06,652.75,0.0,-1736.45,,-11004.51
161,17,5.00,4,24.96,34.09,26.68,-8979.08,517.25,0.0,-2054.63,,-11033.71
161,18,5.00,4,23.83,34.05,26.68,-8323.83,273.50,0.0,-1105.57,,-9429.4
161,19,5.00,4,22.49,32.87,28.05,0.0,8.82,0.0,0.0,,0.0
161,20,5.00,4,21.27,32.29,28.17,0.0,0.00,0.0,0.0,,0.0
161,21,5.00,4,20.28,31.82,27.97,0.0,0.00,0.0,0.0,,0.0
161,22,5.00,4,19.58,31.41,27.71,0.0,0.00,0.0,0.0,,0.0
161,23,5.00,4,18.84,31.00,27.42,0.0,0.00,0.0,0.0,,0.0
161,24,5.00,4,18.01,30.58,27.12,0.0,0.00,0.0,0.0,,0.0
161,1,6.00,4,17.38,30.18,26.83,0.0,0.00,0.0,0.0,,0.0
161,2,6.00,4,16.89,29.79,26.54,0.0,0.00,0.0,0.0,,0.0
161,3,6.00,4,16.47,29.41,26.26,0.0,0.00,0.0,0.0,,0.0
161,4,6.00,4,15.92,29.03,25.97,0.0,0.00,0.0,0.0,,0.0
161,5,6.00,4,15.45,28.66,25.69,0.0,0.00,0.0,0.0,,0.0
161,6,6.00,4,15.01,28.30,25.41,0.0,0.00,0.0,0.0,,0.0
161,7,6.00,4,14.60,27.94,25.13,0.0,2.28,0.0,0.0,,0.0
161,8,6.00,4,15.76,28.54,26.08,0.0,31.70,0.0,0.0,,0.0
161,9,6.00,4,17.81,29.03,26.68,-58.76,138.71,0.0,0.0,,-58.76
161,10,6.00,4,20.22,29.64,26.68,-1857.81,285.21,0.0,0.0,,-1857.81
161,11,6.00,4,21.87,30.25,26.68,-3150.86,501.90,0.0,0.0,,-3150.86
161,12,6.00,4,22.96,30.85,26.68,-4297.41,673.86,0.0,0.0,,-4297.41
161,13,6.00,4,23.93,31.47,26.68,-5403.17,762.92,0.0,0.0,,-5403.17
161,14,6.00,4,24.66,32.07,26.68,-6350.6,778.02,0.0,0.0,,-6350.6
161,15,6.00,4,25.35,32.63,26.68,-7175.74,734.18,0.0,0.0,,-7175.74
161,16,6.00,4,24.84,32.97,26.68,-7369.76,652.75,0.0,0.0,,-7369.76
161,17,6.00,4,24.13,33.15,26.68,-7295.54,517.25,0.0,-227.93,,-7523.47
161,18,6.00,4,23.08,33.14,26.68,-6826.05,273.50,0.0,0.0,,-6826.05
161,19,6.00,4,21.80,31.96,27.57,0.0,8.82,0.0,0.0,,0.0
161,20,6.00,4,20.62,31.40,27.57,0.0,0.00,0.0,0.0,,0.0
161,21,6.00,4,19.84,30.97,27.37,0.0,0.00,0.0,0.0,,0.0
161,22,6.00,4,19.42,30.60,27.13,0.0,0.00,0.0,0.0,,0.0
161,23,6.00,4,18.77,30.22,26.87,0.0,0.00,0.0,0.0,,0.0
161,24,6.00,4,18.20,29.86,26.60,0.0,0.00,0.0,0.0,,0.0
161,1,7.00,4,18.29,29.54,26.38,0.0,0.00,0.0,0.0,,0.0
161,2,7.00,4,17.84,29.20,26.14,0.0,0.00,0.0,0.0,,0.0
161,3,7.00,4,17.39,28.87,25.89,0.0,0.00,0.0,0.0,,0.0
161,4,7.00,4,17.03,28.55,25.65,0.0,0.00,0.0,0.0,,0.0
161,5,7.00,4,16.54,28.22,25.40,0.0,0.00,0.0,0.0,,0.0
161,6,7.00,4,16.11,27.90,25.16,0.0,0.00,0.0,0.0,,0.0
161,7,7.00,4,15.44,27.56,24.90,0.0,2.28,0.0,0.0,,0.0
161,8,7.00,4,16.46,28.29,25.95,0.0,31.70,0.0,0.0,,0.0
161,9,7.00,4,18.44,28.82,26.61,0.0,138.71,0.0,0.0,,0.0
161,10,7.00,4,20.79,29.45,26.68,-1670.48,285.21,0.0,0.0,,-1670.48
161,11,7.00,4,22.22,30.06,26.68,-2973.22,501.90,0.0,0.0,,-2973.22
161,12,7.00,4,23.35,30.69,26.68,-4182.55,673.86,0.0,0.0,,-4182.55
161,13,7.00,4,24.33,31.33,26.68,-5327.55,762.92,0.0,0.0,,-5327.55
161,14,7.00,4,24.83,31.90,26.68,-6216.4,778.02,0.0,-793.36,,-7009.759999999999
161,15,7.00,4,25.56,32.48,26.68,-7078.85,734.18,0.0,-28.75,,-7107.6
161,16,7.00,4,25.21,32.85,26.68,-7362.99,652.75,0.0,-447.99,,-7810.98
161,17,7.00,4,24.38,33.04,26.68,-7259.54,517.25,0.0,0.0,,-7259.54
161,18,7.00,4,23.44,33.05,26.68,-6853.32,273.50,0.0,0.0,,-6853.32
161,19,7.00,4,22.16,31.85,27.55,0.0,8.82,0.0,0.0,,0.0
161,20,7.00,4,21.08,31.30,27.56,0.0,0.00,0.0,0.0,,0.0
161,21,7.00,4,20.42,30.89,27.37,0.0,0.00,0.0,0.0,,0.0
161,22,7.00,4,20.03,30.53,27.15,0.0,0.00,0.0,0.0,,0.0
161,23,7.00,4,19.45,30.18,26.90,0.0,0.00,0.0,0.0,,0.0
161,24,7.00,4,18.89,29.83,26.65,0.0,0.00,0.0,0.0,,0.0
161,1,1.00,4,18.49,29.49,26.40,0.0,0.00,0.0,0.0,,0.0
161,2,1.00,4,17.84,29.14,26.14,0.0,0.00,0.0,0.0,,0.0
161,3,1.00,4,17.22,28.79,25.88,0.0,0.00,0.0,0.0,,0.0
161,4,1.00,4,16.70,28.45,25.62,0.0,0.00,0.0,0.0,,0.0
161,5,1.00,4,16.25,28.12,25.36,0.0,0.00,0.0,0.0,,0.0
161,6,1.00,4,15.88,27.80,25.11,0.0,0.00,0.0,0.0,,0.0
161,7,1.00,4,15.56,27.48,24.87,0.0,2.28,0.0,0.0,,0.0
161,8,1.00,4,16.47,28.22,25.92,0.0,31.70,0.0,0.0,,0.0
161,9,1.00,4,18.12,28.69,26.53,0.0,138.71,0.0,0.0,,0.0
161,10,1.00,4,20.32,29.29,26.68,-1354.68,285.21,0.0,0.0,,-1354.68
161,11,1.00,4,21.74,29.88,26.68,-2690.44,501.90,0.0,0.0,,-2690.44
161,12,1.00,4,22.91,30.50,26.68,-3911.59,673.86,0.0,0.0,,-3911.59
161,13,1.00,4,23.74,31.11,26.68,-4996.95,762.92,0.0,0.0,,-4996.95
161,14,1.00,4,24.45,31.70,26.68,-5962.71,778.02,0.0,-995.87,,-6958.58
161,15,1.00,4,25.20,32.28,26.68,-6835.45,734.18,0.0,-480.04,,-7315.49
161,16,1.00,4,24.99,32.67,26.68,-7174.83,652.75,0.0,-669.19,,-7844.02
161,17,1.00,4,24.47,32.91,26.68,-7203.71,517.25,0.0,-440.01,,-7643.72
161,18,1.00,4,23.73,32.97,26.68,-6887.27,273.50,0.0,0.0,,-6887.27
161,19,1.00,4,22.66,31.77,27.55,0.0,8.82,0.0,0.0,,0.0
161,20,1.00,4,21.83,31.24,27.59,0.0,0.00,0.0,0.0,,0.0
161,21,1.00,4,21.60,30.87,27.44,0.0,0.00,0.0,0.0,,0.0
161,22,1.00,4,21.28,30.55,27.25,0.0,0.00,0.0,0.0,,0.0
161,23,1.00,4,21.12,30.25,27.06,0.0,0.00,0.0,0.0,,0.0
161,24,1.00,4,20.91,29.97,26.86,0.0,0.00,0.0,0.0,,0.0
161,1,2.00,4,20.74,29.69,26.67,0.0,0.00,0.0,0.0,,0.0
161,2,2.00,4,20.47,29.41,26.48,0.0,0.00,0.0,0.0,,0.0
161,3,2.00,4,20.28,29.15,26.30,0.0,0.00,0.0,0.0,,0.0
161,4,2.00,4,20.09,28.89,26.12,0.0,0.00,0.0,0.0,,0.0
161,5,2.00,4,19.99,28.65,25.95,0.0,0.00,0.0,0.0,,0.0
161,6,2.00,4,19.71,28.40,25.77,0.0,0.00,0.0,0.0,,0.0
161,7,2.00,4,19.74,28.17,25.62,0.0,2.28,0.0,0.0,,0.0
161,8,2.00,4,19.86,29.19,26.68,-683.73,31.70,0.0,0.0,,-683.73
161,9,2.00,4,20.79,29.67,26.68,-2034.27,138.71,0.0,0.0,,-2034.27
161,10,2.00,4,22.47,30.22,26.68,-3196.12,285.21,0.0,-959.91,,-4156.03
161,11,2.00,4,23.34,30.74,26.68,-4147.63,501.90,0.0,0.0,,-4147.63
161,12,2.00,4,23.89,31.25,26.68,-5036.97,673.86,0.0,-39.5,,-5076.47
161,13,2.00,4,24.15,31.75,26.68,-5804.61,762.92,0.0,-351.62,,-6156.23
161,14,2.00,4,24.28,32.21,26.68,-6455.5,778.02,0.0,-64.64,,-6520.14
161,15,2.00,4,24.14,32.60,26.68,-6876.39,734.18,0.0,-421.49,,-7297.88
161,16,2.00,4,23.71,32.87,26.68,-7037.45,652.75,0.0,0.0,,-7037.45
161,17,2.00,4,23.19,33.03,26.68,-6980.19,517.25,0.0,0.0,,-6980.19
161,18,2.00,4,22.42,33.03,26.68,-6578.12,273.50,0.0,0.0,,-6578.12
161,19,2.00,4,21.43,31.92,27.54,0.0,8.82,0.0,0.0,,0.0
161,20,2.00,4,20.60,31.38,27.55,0.0,0.00,0.0,0.0,,0.0
161,21,2.00,4,20.34,30.98,27.37,0.0,0.00,0.0,0.0,,0.0
161,22,2.00,4,19.82,30.61,27.14,0.0,0.00,0.0,0.0,,0.0
161,23,2.00,4,19.73,30.28,26.91,0.0,0.00,0.0,0.0,,0.0
161,24,2.00,4,19.34,29.94,26.68,0.0,0.00,0.0,0.0,,0.0
161,1,3.00,4,19.24,29.63,26.46,0.0,0.00,0.0,0.0,,0.0
161,2,3.00,4,19.39,29.35,26.27,0.0,0.00,0.0,0.0,,0.0
161,3,3.00,4,19.19,29.06,26.07,0.0,0.00,0.0,0.0,,0.0
161,4,3.00,4,18.96,28.78,25.87,0.0,0.00,0.0,0.0,,0.0
161,5,3.00,4,18.79,28.50,25.68,0.0,0.00,0.0,0.0,,0.0
161,6,3.00,4,18.65,28.24,25.49,0.0,0.00,0.0,0.0,,0.0
161,7,3.00,4,18.29,27.97,25.29,0.0,2.28,0.0,0.0,,0.0
161,8,3.00,4,18.80,30.13,27.52,0.0,31.70,0.0,0.0,,0.0
161,9,3.00,4,20.51,30.97,28.43,0.0,138.71,0.0,0.0,,0.0
161,10,3.00,4,22.42,31.60,29.12,0.0,285.21,0.0,0.0,,0.0
161,11,3.00,4,23.41,32.20,29.78,0.0,501.90,0.0,0.0,,0.0
161,12,3.00,4,24.20,32.83,30.48,0.0,673.86,0.0,0.0,,0.0
161,13,3.00,4,24.81,33.49,31.19,0.0,762.92,0.0,0.0,,0.0
161,14,3.00,4,25.13,34.13,31.88,0.0,778.02,0.0,0.0,,0.0
161,15,3.00,4,24.93,34.70,32.51,0.0,734.18,0.0,0.0,,0.0
161,16,3.00,4,24.50,35.19,33.04,0.0,652.75,0.0,0.0,,0.0
161,17,3.00,4,23.90,35.57,33.47,0.0,517.25,0.0,0.0,,0.0
161,18,3.00,4,22.88,35.78,33.73,0.0,273.50,0.0,0.0,,0.0
161,19,3.00,4,21.94,33.51,31.50,0.0,8.82,0.0,0.0,,0.0
161,20,3.00,4,21.07,32.66,30.70,0.0,0.00,0.0,0.0,,0.0
161,21,3.00,4,20.73,32.16,30.23,0.0,0.00,0.0,0.0,,0.0
161,22,3.00,4,20.24,31.73,29.85,0.0,0.00,0.0,0.0,,0.0
161,23,3.00,4,19.95,31.34,29.49,0.0,0.00,0.0,0.0,,0.0
161,24,3.00,4,19.59,30.96,29.15,0.0,0.00,0.0,0.0,,0.0
161,1,4.00,4,19.24,30.60,28.82,0.0,0.00,0.0,0.0,,0.0
161,2,4.00,4,19.01,30.25,28.50,0.0,0.00,0.0,0.0,,0.0
161,3,4.00,4,18.84,29.91,28.20,0.0,0.00,0.0,0.0,,0.0
161,4,4.00,4,18.54,29.58,27.90,0.0,0.00,0.0,0.0,,0.0
161,5,4.00,4,18.27,29.25,27.60,0.0,0.00,0.0,0.0,,0.0
161,6,4.00,4,18.09,28.94,27.32,0.0,0.00,0.0,0.0,,0.0
161,7,4.00,4,17.87,28.64,27.04,0.0,2.28,0.0,0.0,,0.0
161,8,4.00,4,18.32,30.75,29.19,0.0,31.70,0.0,0.0,,0.0
161,9,4.00,4,19.60,31.53,29.99,0.0,138.71,0.0,0.0,,0.0
161,10,4.00,4,21.45,32.11,30.59,0.0,285.21,0.0,0.0,,0.0
161,11,4.00,4,22.65,32.67,31.18,0.0,501.90,0.0,0.0,,0.0
161,12,4.00,4,23.31,33.26,31.79,0.0,673.86,0.0,0.0,,0.0
161,13,4.00,4,24.07,33.89,32.44,0.0,762.92,0.0,0.0,,0.0
161,14,4.00,4,24.47,34.50,33.07,0.0,778.02,0.0,0.0,,0.0
161,15,4.00,4,24.97,35.09,33.68,0.0,734.18,0.0,0.0,,0.0
161,16,4.00,4,24.74,35.58,34.19,0.0,652.75,0.0,0.0,,0.0
161,17,4.00,4,24.24,35.96,34.59,0.0,517.25,0.0,0.0,,0.0
161,18,4.00,4,23.40,36.18,34.83,0.0,273.50,0.0,0.0,,0.0
161,19,4.00,4,22.44,33.91,32.57,0.0,8.82,0.0,0.0,,0.0
161,20,4.00,4,21.77,33.07,31.75,0.0,0.00,0.0,0.0,,0.0
161,21,4.00,4,21.57,32.58,31.28,0.0,0.00,0.0,0.0,,0.0
161,22,4.00,4,21.10,32.16,30.87,0.0,0.00,0.0,0.0,,0.0
161,23,4.00,4,20.95,31.78,30.52,0.0,0.00,0.0,0.0,,0.0
161,24,4.00,4,20.60,31.42,30.16,0.0,0.00,0.0,0.0,,0.0
161,1,5.00,4,20.71,31.09,29.85,0.0,0.00,0.0,0.0,,0.0
161,2,5.00,4,20.50,30.76,29.53,0.0,0.00,0.0,0.0,,0.0
161,3,5.00,4,20.28,30.43,29.22,0.0,0.00,0.0,0.0,,0.0
161,4,5.00,4,19.97,30.11,28.92,0.0,0.00,0.0,0.0,,0.0
161,5,5.00,4,19.58,29.79,28.61,0.0,0.00,0.0,0.0,,0.0
161,6,5.00,4,19.37,29.49,28.32,0.0,0.00,0.0,0.0,,0.0
161,7,5.00,4,18.96,29.18,28.02,0.0,2.28,0.0,0.0,,0.0
161,8,5.00,4,19.48,30.03,26.68,-5947.72,31.70,0.0,-18.47,,-5966.1900000000005
161,9,5.00,4,21.02,30.52,26.68,-5657.99,138.71,0.0,-454.95,,-6112.94
161,10,5.00,4,22.98,31.09,26.68,-6461.03,285.21,0.0,-1042.19,,-7503.219999999999
161,11,5.00,4,24.03,31.62,26.68,-7090.68,501.90,0.0,0.0,,-7090.68
161,12,5.00,4,24.90,32.17,26.68,-7773.29,673.86,0.0,-507.79,,-8281.08
161,13,5.00,4,25.21,32.67,26.68,-8281.3,762.92,0.0,-1105.19,,-9386.49
161,14,5.00,4,25.64,33.18,26.68,-8814.9,778.02,0.0,-1513.47,,-10328.369999999999
161,15,5.00,4,25.22,33.52,26.68,-8915.93,734.18,0.0,-987.8,,-9903.73
161,16,5.00,4,24.64,33.76,26.68,-8837.75,652.75,0.0,-991.6,,-9829.35
161,17,5.00,4,24.05,33.90,26.68,-8594.39,517.25,0.0,-1051.85,,-9646.24
161,18,5.00,4,23.18,33.87,26.68,-8014.21,273.50,0.0,0.0,,-8014.21
161,19,5.00,4,22.18,32.74,28.01,0.0,8.82,0.0,0.0,,0.0
161,20,5.00,4,21.23,32.18,28.12,0.0,0.00,0.0,0.0,,0.0
161,21,5.00,4,20.76,31.75,27.95,0.0,0.00,0.0,0.0,,0.0
161,22,5.00,4,20.15,31.35,27.70,0.0,0.00,0.0,0.0,,0.0
161,23,5.00,4,19.77,30.98,27.45,0.0,0.00,0.0,0.0,,0.0
161,24,5.00,4,19.32,30.61,27.20,0.0,0.00,0.0,0.0,,0.0
161,1,6.00,4,18.84,30.24,26.94,0.0,0.00,0.0,0.0,,0.0
161,2,6.00,4,18.46,29.88,26.68,0.0,0.00,0.0,0.0,,0.0
161,3,6.00,4,18.04,29.53,26.43,0.0,0.00,0.0,0.0,,0.0
161,4,6.00,4,17.69,29.19,26.18,0.0,0.00,0.0,0.0,,0.0
161,5,6.00,4,17.38,28.86,25.94,0.0,0.00,0.0,0.0,,0.0
161,6,6.00,4,17.07,28.54,25.70,0.0,0.00,0.0,0.0,,0.0
161,7,6.00,4,16.67,28.21,25.46,0.0,2.28,0.0,0.0,,0.0
161,8,6.00,4,17.43,28.96,26.54,0.0,31.70,0.0,0.0,,0.0
161,9,6.00,4,19.18,29.44,26.68,-1256.88,138.71,0.0,0.0,,-1256.88
161,10,6.00,4,20.94,29.97,26.68,-2504.03,285.21,0.0,0.0,,-2504.03
161,11,6.00,4,22.25,30.52,26.68,-3614.37,501.90,0.0,0.0,,-3614.37
161,12,6.00,4,23.01,31.05,26.68,-4582.25,673.86,0.0,0.0,,-4582.25
161,13,6.00,4,23.56,31.57,26.68,-5469.26,762.92,0.0,0.0,,-5469.26
161,14,6.00,4,24.16,32.11,26.68,-6316.18,778.02,0.0,0.0,,-6316.18
161,15,6.00,4,24.14,32.52,26.68,-6801.89,734.18,0.0,0.0,,-6801.89
161,16,6.00,4,23.88,32.83,26.68,-7048.44,652.75,0.0,0.0,,-7048.44
161,17,6.00,4,23.57,33.04,26.68,-7093.12,517.25,0.0,0.0,,-7093.12
161,18,6.00,4,22.92,33.08,26.68,-6761.99,273.50,0.0,0.0,,-6761.99
161,19,6.00,4,22.06,31.95,27.58,0.0,8.82,0.0,0.0,,0.0
161,20,6.00,4,21.33,31.43,27.62,0.0,0.00,0.0,0.0,,0.0
161,21,6.00,4,21.06,31.04,27.46,0.0,0.00,0.0,0.0,,0.0
161,22,6.00,4,20.72,30.70,27.25,0.0,0.00,0.0,0.0,,0.0
161,23,6.00,4,20.61,30.38,27.05,0.0,0.00,0.0,0.0,,0.0
161,24,6.00,4,20.46,30.08,26.85,0.0,0.00,0.0,0.0,,0.0
161,1,7.00,4,20.39,29.79,26.66,0.0,0.00,0.0,0.0,,0.0
161,2,7.00,4,20.02,29.50,26.45,0.0,0.00,0.0,0.0,,0.0
161,3,7.00,4,19.68,29.20,26.25,0.0,0.00,0.0,0.0,,0.0
161,4,7.00,4,19.26,28.91,26.04,0.0,0.00,0.0,0.0,,0.0
161,5,7.00,4,18.97,28.63,25.84,0.0,0.00,0.0,0.0,,0.0
161,6,7.00,4,18.58,28.34,25.63,0.0,0.00,0.0,0.0,,0.0
161,7,7.00,4,18.47,28.08,25.44,0.0,2.28,0.0,0.0,,0.0
161,8,7.00,4,19.02,29.03,26.68,-82.26,31.70,0.0,0.0,,-82.26
161,9,7.00,4,20.43,29.55,26.68,-1729.87,138.71,0.0,0.0,,-1729.87
161,10,7.00,4,22.04,30.08,26.68,-2874.45,285.21,0.0,0.0,,-2874.45
161,11,7.00,4,23.12,30.62,26.68,-3921.28,501.90,0.0,0.0,,-3921.28
161,12,7.00,4,23.52,31.12,26.68,-4763.26,673.86,0.0,0.0,,-4763.26
161,13,7.00,4,24.03,31.64,26.68,-5642.77,762.92,0.0,0.0,,-5642.77
161,14,7.00,4,24.21,32.12,26.68,-6324.64,778.02,0.0,0.0,,-6324.64
161,15,7.00,4,24.35,32.55,26.68,-6871.93,734.18,0.0,0.0,,-6871.93
161,16,7.00,4,24.07,32.86,26.68,-7109.65,652.75,0.0,0.0,,-7109.65
161,17,7.00,4,23.60,33.05,26.68,-7091.66,517.25,0.0,0.0,,-7091.66
161,18,7.00,4,22.71,33.04,26.68,-6655.46,273.50,0.0,0.0,,-6655.46
161,19,7.00,4,21.62,31.90,27.54,0.0,8.82,0.0,0.0,,0.0
161,20,7.00,4,20.80,31.36,27.55,0.0,0.00,0.0,0.0,,0.0
161,21,7.00,4,20.41,30.96,27.37,0.0,0.00,0.0,0.0,,0.0
161,22,7.00,4,20.04,30.59,27.15,0.0,0.00,0.0,0.0,,0.0
161,23,7.00,4,19.72,30.25,26.91,0.0,0.00,0.0,0.0,,0.0
161,24,7.00,4,19.31,29.91,26.67,0.0,0.00,0.0,0.0,,0.0
161,1,1.00,4,19.05,29.58,26.45,0.0,0.00,0.0,0.0,,0.0
161,2,1.00,4,18.83,29.27,26.22,0.0,0.00,0.0,0.0,,0.0
161,3,1.00,4,18.62,28.96,26.01,0.0,0.00,0.0,0.0,,0.0
161,4,1.00,4,18.41,28.67,25.80,0.0,0.00,0.0,0.0,,0.0
161,5,1.00,4,18.25,28.38,25.59,0.0,0.00,0.0,0.0,,0.0
161,6,1.00,4,17.90,28.10,25.38,0.0,0.00,0.0,0.0,,0.0
161,7,1.00,4,18.25,27.86,25.21,0.0,2.28,0.0,0.0,,0.0
161,8,1.00,4,18.80,28.81,26.49,0.0,31.70,0.0,0.0,,0.0
161,9,1.00,4,19.70,29.25,26.68,-971.18,138.71,0.0,0.0,,-971.18
161,10,1.00,4,21.44,29.78,26.68,-2305.2,285.21,0.0,0.0,,-2305.2
161,11,1.00,4,22.71,30.34,26.68,-3456.51,501.90,0.0,0.0,,-3456.51
161,12,1.00,4,23.56,30.91,26.68,-4511.29,673.86,0.0,0.0,,-4511.29
161,13,1.00,4,24.46,31.52,26.68,-5582.59,762.92,0.0,0.0,,-5582.59
161,14,1.00,4,24.82,32.06,26.68,-6372.35,778.02,0.0,0.0,,-6372.35
161,15,1.00,4,24.67,32.47,26.68,-6838.35,734.18,0.0,0.0,,-6838.35
161,16,1.00,4,24.36,32.79,26.68,-7089.16,652.75,0.0,-172.24,,-7261.4
161,17,1.00,4,23.82,32.98,26.68,-7065.51,517.25,0.0,-198.99,,-7264.5
161,18,1.00,4,23.07,33.01,26.68,-6705.01,273.50,0.0,0.0,,-6705.01
161,19,1.00,4,21.91,31.84,27.52,0.0,8.82,0.0,0.0,,0.0
161,20,1.00,4,21.05,31.29,27.54,0.0,0.00,0.0,0.0,,0.0
161,21,1.00,4,20.55,30.88,27.35,0.0,0.00,0.0,0.0,,0.0
161,22,1.00,4,20.25,30.53,27.13,0.0,0.00,0.0,0.0,,0.0
161,23,1.00,4,19.93,30.19,26.90,0.0,0.00,0.0,0.0,,0.0
161,24,1.00,4,19.49,29.85,26.66,0.0,0.00,0.0,0.0,,0.0
161,1,2.00,4,19.25,29.54,26.44,0.0,0.00,0.0,0.0,,0.0
161,2,2.00,4,19.04,29.23,26.22,0.0,0.00,0.0,0.0,,0.0
161,3,2.00,4,18.82,28.93,26.01,0.0,0.00,0.0,0.0,,0.0
161,4,2.00,4,18.47,28.63,25.79,0.0,0.00,0.0,0.0,,0.0
161,5,2.00,4,18.12,28.33,25.57,0.0,0.00,0.0,0.0,,0.0
161,6,2.00,4,17.75,28.04,25.35,0.0,0.00,0.0,0.0,,0.0
161,7,2.00,4,17.54,27.76,25.14,0.0,2.28,0.0,0.0,,0.0
161,8,2.00,4,17.98,28.61,26.32,0.0,31.70,0.0,0.0,,0.0
161,9,2.00,4,18.76,28.99,26.68,-381.11,138.71,0.0,0.0,,-381.11
161,10,2.00,4,20.54,29.51,26.68,-1819.2,285.21,0.0,0.0,,-1819.2
161,11,2.00,4,22.07,30.09,26.68,-3072.42,501.90,0.0,0.0,,-3072.42
161,12,2.00,4,22.94,30.66,26.68,-4127.79,673.86,0.0,0.0,,-4127.79
161,13,2.00,4,23.48,31.20,26.68,-5051.36,762.92,0.0,0.0,,-5051.36
161,14,2.00,4,23.98,31.73,26.68,-5895.6,778.02,0.0,-880.96,,-6776.56
161,15,2.00,4,24.32,32.21,26.68,-6556.1,734.18,0.0,-43.36,,-6599.46
161,16,2.00,4,24.20,32.57,26.68,-6894.36,652.75,0.0,-315.87,,-7210.23
161,17,2.00,4,23.84,32.80,26.68,-6950.15,517.25,0.0,-89.61,,-7039.759999999999
161,18,2.00,4,23.30,32.87,26.68,-6692.42,273.50,0.0,0.0,,-6692.42
161,19,2.00,4,22.26,31.69,27.51,0.0,8.82,0.0,0.0,,0.0
161,20,2.00,4,21.63,31.17,27.54,0.0,0.00,0.0,0.0,,0.0
161,21,2.00,4,21.26,30.79,27.37,0.0,0.00,0.0,0.0,,0.0
161,22,2.00,4,20.98,30.46,27.17,0.0,0.00,0.0,0.0,,0.0
161,23,2.00,4,20.45,30.12,26.94,0.0,0.00,0.0,0.0,,0.0
161,24,2.00,4,20.21,29.81,26.73,0.0,0.00,0.0,0.0,,0.0
161,1,3.00,4,19.90,29.51,26.51,0.0,0.00,0.0,0.0,,0.0
161,2,3.00,4,19.69,29.22,26.30,0.0,0.00,0.0,0.0,,0.0
161,3,3.00,4,19.73,28.95,26.12,0.0,0.00,0.0,0.0,,0.0
161,4,3.00,4,19.63,28.69,25.93,0.0,0.00,0.0,0.0,,0.0
161,5,3.00,4,19.49,28.43,25.75,0.0,0.00,0.0,0.0,,0.0
161,6,3.00,4,19.32,28.18,25.57,0.0,0.00,0.0,0.0,,0.0
161,7,3.00,4,19.18,27.94,25.40,0.0,2.28,0.0,0.0,,0.0
161,8,3.00,4,19.43,30.10,27.62,0.0,31.70,0.0,0.0,,0.0
161,9,3.00,4,20.69,30.92,28.51,0.0,138.71,0.0,0.0,,0.0
161,10,3.00,4,22.41,31.53,29.18,0.0,285.21,0.0,0.0,,0.0
161,11,3.00,4,23.46,32.13,29.84,0.0,501.90,0.0,0.0,,0.0
161,12,3.00,4,23.96,32.74,30.50,0.0,673.86,0.0,0.0,,0.0
161,13,3.00,4,24.40,33.37,31.19,0.0,762.92,0.0,0.0,,0.0
161,14,3.00,4,24.36,33.98,31.85,0.0,778.02,0.0,0.0,,0.0
161,15,3.00,4,24.42,34.54,32.46,0.0,734.18,0.0,0.0,,0.0
161,16,3.00,4,24.22,35.03,33.00,0.0,652.75,0.0,0.0,,0.0
161,17,3.00,4,23.85,35.42,33.43,0.0,517.25,0.0,0.0,,0.0
161,18,3.00,4,23.20,35.66,33.72,0.0,273.50,0.0,0.0,,0.0
161,19,3.00,4,22.18,33.39,31.49,0.0,8.82,0.0,0.0,,0.0
161,20,3.00,4,21.48,32.56,30.70,0.0,0.00,0.0,0.0,,0.0
161,21,3.00,4,21.00,32.06,30.23,0.0,0.00,0.0,0.0,,0.0
161,22,3.00,4,20.38,31.63,29.84,0.0,0.00,0.0,0.0,,0.0
161,23,3.00,4,20.15,31.25,29.49,0.0,0.00,0.0,0.0,,0.0
161,24,3.00,4,19.69,30.87,29.14,0.0,0.00,0.0,0.0,,0.0
161,1,4.00,4,19.56,30.51,28.82,0.0,0.00,0.0,0.0,,0.0
161,2,4.00,4,19.43,30.18,28.52,0.0,0.00,0.0,0.0,,0.0
161,3,4.00,4,19.27,29.85,28.22,0.0,0.00,0.0,0.0,,0.0
161,4,4.00,4,18.95,29.52,27.92,0.0,0.00,0.0,0.0,,0.0
161,5,4.00,4,18.58,29.20,27.63,0.0,0.00,0.0,0.0,,0.0
161,6,4.00,4,18.11,28.87,27.32,0.0,0.00,0.0,0.0,,0.0
161,7,4.00,4,17.69,28.55,27.03,0.0,2.28,0.0,0.0,,0.0
161,8,4.00,4,18.20,30.66,29.17,0.0,31.70,0.0,0.0,,0.0
161,9,4.00,4,19.45,31.43,29.96,0.0,138.71,0.0,0.0,,0.0
161,10,4.00,4,21.38,32.01,30.56,0.0,285.21,0.0,0.0,,0.0
161,11,4.00,4,22.70,32.58,31.15,0.0,501.90,0.0,0.0,,0.0
161,12,4.00,4,23.18,33.16,31.75,0.0,673.86,0.0,0.0,,0.0
161,13,4.00,4,23.74,33.76,32.38,0.0,762.92,0.0,0.0,,0.0
161,14,4.00,4,24.01,34.36,33.00,0.0,778.02,0.0,0.0,,0.0
161,15,4.00,4,23.93,34.89,33.55,0.0,734.18,0.0,0.0,,0.0
161,16,4.00,4,23.87,35.37,34.04,0.0,652.75,0.0,0.0,,0.0
161,17,4.00,4,23.38,35.73,34.42,0.0,517.25,0.0,0.0,,0.0
161,18,4.00,4,22.59,35.94,34.65,0.0,273.50,0.0,0.0,,0.0
161,19,4.00,4,21.53,33.64,32.37,0.0,8.82,0.0,0.0,,0.0
161,20,4.00,4,20.78,32.78,31.53,0.0,0.00,0.0,0.0,,0.0
161,21,4.00,4,20.61,32.27,31.03,0.0,0.00,0.0,0.0,,0.0
161,22,4.00,4,20.28,31.85,30.62,0.0,0.00,0.0,0.0,,0.0
161,23,4.00,4,19.95,31.45,30.24,0.0,0.00,0.0,0.0,,0.0
161,24,4.00,4,19.46,31.06,29.86,0.0,0.00,0.0,0.0,,0.0
161,1,5.00,4,19.29,30.69,29.51,0.0,0.00,0.0,0.0,,0.0
161,2,5.00,4,19.10,30.33,29.17,0.0,0.00,0.0,0.0,,0.0
161,3,5.00,4,19.01,30.00,28.84,0.0,0.00,0.0,0.0,,0.0
161,4,5.00,4,19.01,29.68,28.54,0.0,0.00,0.0,0.0,,0.0
161,5,5.00,4,18.90,29.37,28.24,0.0,0.00,0.0,0.0,,0.0
161,6,5.00,4,18.63,29.06,27.94,0.0,0.00,0.0,0.0,,0.0
161,7,5.00,4,18.51,28.77,27.66,0.0,2.28,0.0,0.0,,0.0
161,8,5.00,4,19.01,29.61,26.68,-4991.66,31.70,0.0,0.0,,-4991.66
161,9,5.00,4,20.05,30.03,26.68,-4760.09,138.71,0.0,0.0,,-4760.09
161,10,5.00,4,21.85,30.54,26.68,-5537.87,285.21,0.0,-138.87,,-5676.74
161,11,5.00,4,22.76,31.02,26.68,-6136.85,501.90,0.0,0.0,,-6136.85
161,12,5.00,4,23.31,31.50,26.68,-6713.7,673.86,0.0,0.0,,-6713.7
161,13,5.00,4,23.55,31.95,26.68,-7205.06,762.92,0.0,-145.95,,-7351.01
161,14,5.00,4,23.74,32.39,26.68,-7646.88,778.02,0.0,-566.5,,-8213.380000000001
161,15,5.00,4,23.79,32.77,26.68,-7949.25,734.18,0.0,-174.9,,-8124.15
161,16,5.00,4,23.68,33.07,26.68,-8073.16,652.75,0.0,-816.0,,-8889.16
161,17,5.00,4,23.44,33.27,26.68,-7992.59,517.25,0.0,-683.86,,-8676.45
161,18,5.00,4,22.93,33.31,26.68,-7586.53,273.50,0.0,-37.91,,-7624.44
161,19,5.00,4,22.09,32.19,27.88,0.0,8.82,0.0,0.0,,0.0
161,20,5.00,4,21.34,31.66,27.97,0.0,0.00,0.0,0.0,,0.0
161,21,5.00,4,20.99,31.26,27.81,0.0,0.00,0.0,0.0,,0.0
161,22,5.00,4,20.88,30.91,27.60,0.0,0.00,0.0,0.0,,0.0
161,23,5.00,4,20.64,30.58,27.39,0.0,0.00,0.0,0.0,,0.0
161,24,5.00,4,20.31,30.25,27.16,0.0,0.00,0.0,0.0,,0.0
161,1,6.00,4,20.11,29.94,26.94,0.0,0.00,0.0,0.0,,0.0
161,2,6.00,4,19.94,29.64,26.73,0.0,0.00,0.0,0.0,,0.0
161,3,6.00,4,19.86,29.35,26.53,0.0,0.00,0.0,0.0,,0.0
161,4,6.00,4,19.76,29.08,26.34,0.0,0.00,0.0,0.0,,0.0
161,5,6.00,4,19.57,28.81,26.15,0.0,0.00,0.0,0.0,,0.0
161,6,6.00,4,19.24,28.53,25.95,0.0,0.00,0.0,0.0,,0.0
161,7,6.00,4,19.11,28.27,25.76,0.0,2.28,0.0,0.0,,0.0
161,8,6.00,4,19.39,29.22,26.68,-872.49,31.70,0.0,0.0,,-872.49
161,9,6.00,4,20.30,29.66,26.68,-2082.17,138.71,0.0,0.0,,-2082.17
161,10,6.00,4,21.83,30.16,26.68,-3135.06,285.21,0.0,0.0,,-3135.06
161,11,6.00,4,22.91,30.68,26.68,-4131.42,501.90,0.0,0.0,,-4131.42
161,12,6.00,4,23.54,31.20,26.68,-5020.65,673.86,0.0,0.0,,-5020.65
161,13,6.00,4,24.05,31.72,26.68,-5863.88,762.92,0.0,0.0,,-5863.88
161,14,6.00,4,24.13,32.17,26.68,-6472.73,778.02,0.0,0.0,,-6472.73
161,15,6.00,4,24.30,32.60,26.68,-7008.58,734.18,0.0,-150.83,,-7159.41
161,16,6.00,4,24.13,32.92,26.68,-7268.88,652.75,0.0,0.0,,-7268.88
161,17,6.00,4,23.79,33.13,26.68,-7283.79,517.25,0.0,0.0,,-7283.79
161,18,6.00,4,23.12,33.16,26.68,-6928.49,273.50,0.0,-57.87,,-6986.36
161,19,6.00,4,22.39,32.02,27.63,0.0,8.82,0.0,0.0,,0.0
161,20,6.00,4,21.69,31.50,27.68,0.0,0.00,0.0,0.0,,0.0
161,21,6.00,4,21.27,31.10,27.52,0.0,0.00,0.0,0.0,,0.0
161,22,6.00,4,21.20,30.77,27.33,0.0,0.00,0.0,0.0,,0.0
161,23,6.00,4,20.93,30.45,27.12,0.0,0.00,0.0,0.0,,0.0
161,24,6.00,4,20.62,30.13,26.91,0.0,0.00,0.0,0.0,,0.0
161,1,7.00,4,20.27,29.82,26.70,0.0,0.00,0.0,0.0,,0.0
161,2,7.00,4,20.08,29.53,26.49,0.0,0.00,0.0,0.0,,0.0
161,3,7.00,4,19.91,29.24,26.30,0.0,0.00,0.0,0.0,,0.0
161,4,7.00,4,19.70,28.96,26.11,0.0,0.00,0.0,0.0,,0.0
161,5,7.00,4,19.51,28.69,25.92,0.0,0.00,0.0,0.0,,0.0
161,6,7.00,4,19.26,28.42,25.73,0.0,0.00,0.0,0.0,,0.0
161,7,7.00,4,19.16,28.17,25.55,0.0,2.28,0.0,0.0,,0.0
161,8,7.00,4,19.40,29.13,26.68,-394.97,31.70,0.0,0.0,,-394.97
161,9,7.00,4,20.31,29.58,26.68,-1766.93,138.71,0.0,0.0,,-1766.93
161,10,7.00,4,22.10,30.12,26.68,-2964.43,285.21,0.0,0.0,,-2964.43
161,11,7.00,4,23.41,30.70,26.68,-4091.33,501.90,0.0,0.0,,-4091.33
161,12,7.00,4,23.77,31.19,26.68,-4910.29,673.86,0.0,0.0,,-4910.29
161,13,7.00,4,23.99,31.67,26.68,-5663.91,762.92,0.0,0.0,,-5663.91
161,14,7.00,4,24.03,32.11,26.68,-6274.85,778.02,0.0,0.0,,-6274.85
161,15,7.00,4,24.05,32.51,26.68,-6760.87,734.18,0.0,0.0,,-6760.87
161,16,7.00,4,23.96,32.83,26.68,-7060.98,652.75,0.0,0.0,,-7060.98
161,17,7.00,4,23.64,33.04,26.68,-7094.02,517.25,0.0,0.0,,-7094.02
161,18,7.00,4,23.00,33.08,26.68,-6761.15,273.50,0.0,0.0,,-6761.15
161,19,7.00,4,22.16,31.94,27.57,0.0,8.82,0.0,0.0,,0.0
161,20,7.00,4,21.57,31.41,27.61,0.0,0.00,0.0,0.0,,0.0
161,21,7.00,4,21.14,31.02,27.44,0.0,0.00,0.0,0.0,,0.0
161,22,7.00,4,21.17,30.69,27.25,0.0,0.00,0.0,0.0,,0.0
161,23,7.00,4,20.90,30.37,27.05,0.0,0.00,0.0,0.0,,0.0
161,24,7.00,4,20.50,30.05,26.83,0.0,0.00,0.0,0.0,,0.0
161,1,1.00,4,20.62,29.77,26.65,0.0,0.00,0.0,0.0,,0.0
161,2,1.00,4,20.68,29.50,26.47,0.0,0.00,0.0,0.0,,0.0
161,3,1.00,4,20.18,29.21,26.27,0.0,0.00,0.0,0.0,,0.0
161,4,1.00,4,19.65,28.92,26.06,0.0,0.00,0.0,0.0,,0.0
161,5,1.00,4,19.27,28.63,25.85,0.0,0.00,0.0,0.0,,0.0
161,6,1.00,4,19.16,28.37,25.67,0.0,0.00,0.0,0.0,,0.0
161,7,1.00,4,19.43,28.14,25.51,0.0,2.28,0.0,0.0,,0.0
161,8,1.00,4,19.63,29.13,26.68,-376.31,31.70,0.0,0.0,,-376.31
161,9,1.00,4,20.35,29.56,26.68,-1705.55,138.71,0.0,0.0,,-1705.55
161,10,1.00,4,22.14,30.10,26.68,-2912.75,285.21,0.0,0.0,,-2912.75
161,11,1.00,4,23.58,30.70,26.68,-4101.44,501.90,0.0,-1125.03,,-5226.469999999999
161,12,1.00,4,24.26,31.25,26.68,-5055.55,673.86,0.0,-927.12,,-5982.67
161,13,1.00,4,24.55,31.76,26.68,-5852.16,762.92,0.0,-899.89,,-6752.05
161,14,1.00,4,24.49,32.20,26.68,-6437.25,778.02,0.0,-296.73,,-6733.98
161,15,1.00,4,24.57,32.62,26.68,-6958.51,734.18,0.0,-890.4,,-7848.91
161,16,1.00,4,24.17,32.91,26.68,-7144.17,652.75,0.0,0.0,,-7144.17
161,17,1.00,4,23.63,33.08,26.68,-7087.06,517.25,0.0,0.0,,-7087.06
161,18,1.00,4,22.75,33.07,26.68,-6650.31,273.50,0.0,-1127.96,,-7778.27
161,19,1.00,4,21.78,31.93,27.54,0.0,8.82,0.0,0.0,,0.0
161,20,1.00,4,20.95,31.38,27.55,0.0,0.00,0.0,0.0,,0.0
161,21,1.00,4,20.50,30.97,27.36,0.0,0.00,0.0,0.0,,0.0
161,22,1.00,4,20.09,30.60,27.13,0.0,0.00,0.0,0.0,,0.0
161,23,1.00,4,19.75,30.25,26.89,0.0,0.00,0.0,0.0,,0.0
161,24,1.00,4,19.46,29.91,26.66,0.0,0.00,0.0,0.0,,0.0
161,1,2.00,4,19.21,29.58,26.43,0.0,0.00,0.0,0.0,,0.0
161,2,2.00,4,18.73,29.25,26.19,0.0,0.00,0.0,0.0,,0.0
161,3,2.00,4,18.37,28.93,25.96,0.0,0.00,0.0,0.0,,0.0
161,4,2.00,4,18.22,28.62,25.74,0.0,0.00,0.0,0.0,,0.0
161,5,2.00,4,17.97,28.32,25.52,0.0,0.00,0.0,0.0,,0.0
161,6,2.00,4,17.71,28.03,25.30,0.0,0.00,0.0,0.0,,0.0
161,7,2.00,4,17.24,27.73,25.08,0.0,2.28,0.0,0.0,,0.0
161,8,2.00,4,17.26,28.48,26.16,0.0,31.70,0.0,0.0,,0.0
161,9,2.00,4,18.24,28.86,26.67,0.0,138.71,0.0,0.0,,0.0
161,10,2.00,4,19.94,29.34,26.68,-1435.82,285.21,0.0,0.0,,-1435.82
161,11,2.00,4,21.02,29.83,26.68,-2511.24,501.90,0.0,0.0,,-2511.24
161,12,2.00,4,21.46,30.29,26.68,-3382.58,673.86,0.0,0.0,,-3382.58
161,13,2.00,4,21.71,30.73,26.68,-4167.66,762.92,0.0,0.0,,-4167.66
161,14,2.00,4,21.86,31.15,26.68,-4844.09,778.02,0.0,0.0,,-4844.09
161,15,2.00,4,21.77,31.50,26.68,-5299.84,734.18,0.0,0.0,,-5299.84
161,16,2.00,4,21.66,31.79,26.68,-5609.15,652.75,0.0,0.0,,-5609.15
161,17,2.00,4,21.22,31.94,26.68,-5603.04,517.25,0.0,0.0,,-5603.04
161,18,2.00,4,20.53,31.93,26.68,-5253.54,273.50,0.0,0.0,,-5253.54
161,19,2.00,4,19.63,30.89,27.20,0.0,8.82,0.0,0.0,,0.0
161,20,2.00,4,19.07,30.37,27.12,0.0,0.00,0.0,0.0,,0.0
161,21,2.00,4,18.79,29.98,26.90,0.0,0.00,0.0,0.0,,0.0
161,22,2.00,4,18.75,29.64,26.67,0.0,0.00,0.0,0.0,,0.0
161,23,2.00,4,18.55,29.31,26.43,0.0,0.00,0.0,0.0,,0.0
161,24,2.00,4,18.15,28.97,26.18,0.0,0.00,0.0,0.0,,0.0
161,1,3.00,4,18.05,28.66,25.95,0.0,0.00,0.0,0.0,,0.0
161,2,3.00,4,18.14,28.38,25.74,0.0,0.00,0.0,0.0,,0.0
161,3,3.00,4,17.92,28.09,25.52,0.0,0.00,0.0,0.0,,0.0
161,4,3.00,4,17.71,27.81,25.31,0.0,0.00,0.0,0.0,,0.0
161,5,3.00,4,17.49,27.53,25.09,0.0,0.00,0.0,0.0,,0.0
161,6,3.00,4,17.32,27.26,24.89,0.0,0.00,0.0,0.0,,0.0
161,7,3.00,4,17.51,27.03,24.72,0.0,2.28,0.0,0.0,,0.0
161,8,3.00,4,18.04,29.20,26.95,0.0,31.70,0.0,0.0,,0.0
161,9,3.00,4,19.26,30.03,27.83,0.0,138.71,0.0,0.0,,0.0
161,10,3.00,4,21.40,30.66,28.52,0.0,285.21,0.0,0.0,,0.0
161,11,3.00,4,22.79,31.29,29.20,0.0,501.90,0.0,0.0,,0.0
161,12,3.00,4,23.48,31.94,29.89,0.0,673.86,0.0,0.0,,0.0
161,13,3.00,4,23.91,32.59,30.59,0.0,762.92,0.0,0.0,,0.0
161,14,3.00,4,24.18,33.23,31.28,0.0,778.02,0.0,0.0,,0.0
161,15,3.00,4,24.36,33.83,31.92,0.0,734.18,0.0,0.0,,0.0
161,16,3.00,4,24.05,34.34,32.47,0.0,652.75,0.0,0.0,,0.0
161,17,3.00,4,23.39,34.73,32.90,0.0,517.25,0.0,0.0,,0.0
161,18,3.00,4,22.39,34.96,33.17,0.0,273.50,0.0,0.0,,0.0
161,19,3.00,4,21.43,32.70,30.94,0.0,8.82,0.0,0.0,,0.0
161,20,3.00,4,20.87,31.88,30.16,0.0,0.00,0.0,0.0,,0.0
161,21,3.00,4,20.38,31.39,29.70,0.0,0.00,0.0,0.0,,0.0
161,22,3.00,4,19.76,30.96,29.31,0.0,0.00,0.0,0.0,,0.0
161,23,3.00,4,19.41,30.58,28.95,0.0,0.00,0.0,0.0,,0.0
161,24,3.00,4,18.94,30.20,28.61,0.0,0.00,0.0,0.0,,0.0
161,1,4.00,4,18.57,29.84,28.27,0.0,0.00,0.0,0.0,,0.0
161,2,4.00,4,18.32,29.49,27.95,0.0,0.00,0.0,0.0,,0.0
161,3,4.00,4,18.17,29.16,27.65,0.0,0.00,0.0,0.0,,0.0
161,4,4.00,4,17.96,28.84,27.35,0.0,0.00,0.0,0.0,,0.0
161,5,4.00,4,17.77,28.52,27.06,0.0,0.00,0.0,0.0,,0.0
161,6,4.00,4,17.38,28.21,26.77,0.0,0.00,0.0,0.0,,0.0
161,7,4.00,4,17.14,27.90,26.49,0.0,2.28,0.0,0.0,,0.0
161,8,4.00,4,17.56,30.02,28.63,0.0,31.70,0.0,0.0,,0.0
161,9,4.00,4,18.73,30.79,29.42,0.0,138.71,0.0,0.0,,0.0
161,10,4.00,4,20.50,31.36,30.01,0.0,285.21,0.0,0.0,,0.0
161,11,4.00,4,21.62,31.91,30.59,0.0,501.90,0.0,0.0,,0.0
161,12,4.00,4,22.25,32.50,31.19,0.0,673.86,0.0,0.0,,0.0
161,13,4.00,4,22.94,33.11,31.82,0.0,762.92,0.0,0.0,,0.0
161,14,4.00,4,23.26,33.71,32.44,0.0,778.02,0.0,0.0,,0.0
161,15,4.00,4,23.62,34.28,33.03,0.0,734.18,0.0,0.0,,0.0
161,16,4.00,4,23.53,34.77,33.53,0.0,652.75,0.0,0.0,,0.0
161,17,4.00,4,23.05,35.15,33.92,0.0,517.25,0.0,0.0,,0.0
161,18,4.00,4,22.35,35.37,34.16,0.0,273.50,0.0,0.0,,0.0
161,19,4.00,4,21.20,33.08,31.89,0.0,8.82,0.0,0.0,,0.0
161,20,4.00,4,20.56,32.24,31.06,0.0,0.00,0.0,0.0,,0.0
161,21,4.00,4,20.15,31.73,30.56,0.0,0.00,0.0,0.0,,0.0
161,22,4.00,4,19.86,31.31,30.16,0.0,0.00,0.0,0.0,,0.0
161,23,4.00,4,19.44,30.91,29.77,0.0,0.00,0.0,0.0,,0.0
161,24,4.00,4,19.13,30.53,29.41,0.0,0.00,0.0,0.0,,0.0
161,1,5.00,4,19.34,30.20,29.09,0.0,0.00,0.0,0.0,,0.0
161,2,5.00,4,19.26,29.87,28.77,0.0,0.00,0.0,0.0,,0.0
161,3,5.00,4,18.99,29.54,28.46,0.0,0.00,0.0,0.0,,0.0
161,4,5.00,4,18.80,29.23,28.15,0.0,0.00,0.0,0.0,,0.0
161,5,5.00,4,18.69,28.92,27.86,0.0,0.00,0.0,0.0,,0.0
161,6,5.00,4,18.34,28.62,27.56,0.0,0.00,0.0,0.0,,0.0
161,7,5.00,4,18.14,28.32,27.28,0.0,2.28,0.0,0.0,,0.0
161,8,5.00,4,18.39,29.14,26.68,-3910.33,31.70,0.0,0.0,,-3910.33
161,9,5.00,4,19.36,29.53,26.68,-3922.55,138.71,0.0,-755.33,,-4677.88
161,10,5.00,4,21.16,30.04,26.68,-4753.71,285.21,0.0,0.0,,-4753.71
161,11,5.00,4,22.19,30.53,26.68,-5451.85,501.90,0.0,0.0,,-5451.85
161,12,5.00,4,22.53,30.98,26.68,-5983.58,673.86,0.0,0.0,,-5983.58
161,13,5.00,4,23.03,31.46,26.68,-6611.04,762.92,0.0,0.0,,-6611.04
161,14,5.00,4,22.96,31.86,26.68,-6977.92,778.02,0.0,0.0,,-6977.92
161,15,5.00,4,23.04,32.24,26.68,-7313.79,734.18,0.0,0.0,,-7313.79
161,16,5.00,4,23.04,32.55,26.68,-7500.28,652.75,0.0,0.0,,-7500.28
161,17,5.00,4,22.86,32.76,26.68,-7464.27,517.25,0.0,0.0,,-7464.27
161,18,5.00,4,22.28,32.80,26.68,-7048.88,273.50,0.0,-475.85,,-7524.7300000000005
161,19,5.00,4,21.30,31.68,27.72,0.0,8.82,0.0,0.0,,0.0
161,20,5.00,4,20.78,31.15,27.78,0.0,0.00,0.0,0.0,,0.0
161,21,5.00,4,20.39,30.76,27.60,0.0,0.00,0.0,0.0,,0.0
161,22,5.00,4,20.54,30.43,27.40,0.0,0.00,0.0,0.0,,0.0
161,23,5.00,4,20.08,30.09,27.16,0.0,0.00,0.0,0.0,,0.0
161,24,5.00,4,20.08,29.79,26.95,0.0,0.00,0.0,0.0,,0.0
161,1,6.00,4,19.92,29.49,26.74,0.0,0.00,0.0,0.0,,0.0
161,2,6.00,4,19.57,29.18,26.52,0.0,0.00,0.0,0.0,,0.0
161,3,6.00,4,19.25,28.88,26.30,0.0,0.00,0.0,0.0,,0.0
161,4,6.00,4,18.95,28.59,26.08,0.0,0.00,0.0,0.0,,0.0
161,5,6.00,4,18.78,28.32,25.87,0.0,0.00,0.0,0.0,,0.0
161,6,6.00,4,18.63,28.05,25.67,0.0,0.00,0.0,0.0,,0.0
161,7,6.00,4,18.68,27.80,25.49,0.0,2.28,0.0,0.0,,0.0
161,8,6.00,4,18.92,28.75,26.68,-118.39,31.70,0.0,0.0,,-118.39
161,9,6.00,4,19.39,29.12,26.68,-1336.06,138.71,0.0,0.0,,-1336.06
161,10,6.00,4,20.79,29.58,26.68,-2360.79,285.21,0.0,0.0,,-2360.79
161,11,6.00,4,22.17,30.13,26.68,-3499.41,501.90,0.0,0.0,,-3499.41
161,12,6.00,4,22.65,30.63,26.68,-4345.35,673.86,0.0,0.0,,-4345.35
161,13,6.00,4,23.22,31.15,26.68,-5230.86,762.92,0.0,0.0,,-5230.86
161,14,6.00,4,23.32,31.60,26.68,-5861.15,778.02,0.0,0.0,,-5861.15
161,15,6.00,4,23.70,32.05,26.68,-6496.23,734.18,0.0,0.0,,-6496.23
161,16,6.00,4,23.60,32.39,26.68,-6798.77,652.75,0.0,0.0,,-6798.77
161,17,6.00,4,23.14,32.59,26.68,-6779.85,517.25,0.0,0.0,,-6779.85
161,18,6.00,4,22.23,32.58,26.68,-6334.8,273.50,0.0,0.0,,-6334.8
161,19,6.00,4,20.89,31.42,27.44,0.0,8.82,0.0,0.0,,0.0
161,20,6.00,4,20.25,30.88,27.43,0.0,0.00,0.0,0.0,,0.0
161,21,6.00,4,19.84,30.47,27.23,0.0,0.00,0.0,0.0,,0.0
161,22,6.00,4,19.81,30.13,27.01,0.0,0.00,0.0,0.0,,0.0
161,23,6.00,4,19.49,29.79,26.78,0.0,0.00,0.0,0.0,,0.0
161,24,6.00,4,19.30,29.47,26.55,0.0,0.00,0.0,0.0,,0.0
161,1,7.00,4,19.21,29.17,26.33,0.0,0.00,0.0,0.0,,0.0
161,2,7.00,4,18.91,28.86,26.11,0.0,0.00,0.0,0.0,,0.0
161,3,7.00,4,18.40,28.55,25.88,0.0,0.00,0.0,0.0,,0.0
161,4,7.00,4,17.82,28.23,25.64,0.0,0.00,0.0,0.0,,0.0
161,5,7.00,4,17.35,27.92,25.39,0.0,0.00,0.0,0.0,,0.0
161,6,7.00,4,17.03,27.61,25.16,0.0,0.00,0.0,0.0,,0.0
161,7,7.00,4,16.67,27.32,24.93,0.0,2.28,0.0,0.0,,0.0
161,8,7.00,4,17.43,28.17,26.08,0.0,31.70,0.0,0.0,,0.0
161,9,7.00,4,18.94,28.67,26.68,-36.06,138.71,0.0,0.0,,-36.06
161,10,7.00,4,20.87,29.24,26.68,-1697.64,285.21,0.0,0.0,,-1697.64
161,11,7.00,4,21.99,29.78,26.68,-2820.88,501.90,0.0,0.0,,-2820.88
161,12,7.00,4,22.58,30.30,26.68,-3787.31,673.86,0.0,0.0,,-3787.31
161,13,7.00,4,23.20,30.85,26.68,-4759.14,762.92,0.0,0.0,,-4759.14
161,14,7.00,4,23.61,31.36,26.68,-5576.77,778.02,0.0,0.0,,-5576.77
161,15,7.00,4,23.26,31.73,26.68,-5962.71,734.18,0.0,0.0,,-5962.71
161,16,7.00,4,22.90,32.01,26.68,-6195.54,652.75,0.0,0.0,,-6195.54
161,17,7.00,4,22.27,32.16,26.68,-6129.37,517.25,0.0,0.0,,-6129.37
161,18,7.00,4,21.44,32.15,26.68,-5735.06,273.50,0.0,0.0,,-5735.06
161,19,7.00,4,20.37,31.04,27.29,0.0,8.82,0.0,0.0,,0.0
161,20,7.00,4,19.51,30.50,27.23,0.0,0.00,0.0,0.0,,0.0
161,21,7.00,4,18.87,30.07,27.00,0.0,0.00,0.0,0.0,,0.0
161,22,7.00,4,18.80,29.72,26.75,0.0,0.00,0.0,0.0,,0.0
161,23,7.00,4,18.17,29.35,26.48,0.0,0.00,0.0,0.0,,0.0
161,24,7.00,4,17.64,28.99,26.21,0.0,0.00,0.0,0.0,,0.0
161,1,1.00,5,17.08,28.63,25.93,0.0,0.00,0.0,0.0,,0.0
161,2,1.00,5,16.50,28.27,25.65,0.0,0.00,0.0,0.0,,0.0
161,3,1.00,5,15.96,27.91,25.37,0.0,0.00,0.0,0.0,,0.0
161,4,1.00,5,15.61,27.57,25.10,0.0,0.00,0.0,0.0,,0.0
161,5,1.00,5,15.25,27.24,24.83,0.0,0.00,0.0,0.0,,0.0
161,6,1.00,5,14.87,26.91,24.57,0.0,0.00,0.0,0.0,,0.0
161,7,1.00,5,14.48,26.59,24.31,0.0,0.10,0.0,0.0,,0.0
161,8,1.00,5,15.40,27.30,25.30,0.0,46.62,0.0,0.0,,0.0
161,9,1.00,5,17.20,27.83,25.94,0.0,349.15,0.0,0.0,,0.0
161,10,1.00,5,19.68,28.48,26.10,-1456.08,482.36,0.0,0.0,,-1456.08
161,11,1.00,5,21.28,29.10,26.10,-2821.21,621.41,0.0,0.0,,-2821.21
161,12,1.00,5,22.43,29.71,26.10,-3954.07,740.98,0.0,0.0,,-3954.07
161,13,1.00,5,23.27,30.29,26.10,-4965.28,827.39,0.0,0.0,,-4965.28
161,14,1.00,5,23.95,30.85,26.10,-5833.59,827.68,0.0,-1320.96,,-7154.55
161,15,1.00,5,23.65,31.23,26.10,-6228.27,815.16,0.0,0.0,,-6228.27
161,16,1.00,5,23.27,31.52,26.10,-6424.18,711.57,0.0,0.0,,-6424.18
161,17,1.00,5,22.61,31.67,26.10,-6333.12,565.27,0.0,0.0,,-6333.12
161,18,1.00,5,21.76,31.63,26.10,-5850.43,175.19,0.0,0.0,,-5850.43
161,19,1.00,5,20.47,30.44,26.68,0.0,0.00,0.0,0.0,,0.0
161,20,1.00,5,19.69,29.90,26.63,0.0,0.00,0.0,0.0,,0.0
161,21,1.00,5,19.03,29.50,26.42,0.0,0.00,0.0,0.0,,0.0
161,22,1.00,5,18.76,29.15,26.19,0.0,0.00,0.0,0.0,,0.0
161,23,1.00,5,17.98,28.80,25.93,0.0,0.00,0.0,0.0,,0.0
161,24,1.00,5,17.46,28.45,25.67,0.0,0.00,0.0,0.0,,0.0
161,1,2.00,5,17.02,28.11,25.42,0.0,0.00,0.0,0.0,,0.0
161,2,2.00,5,16.63,27.79,25.17,0.0,0.00,0.0,0.0,,0.0
161,3,2.00,5,16.24,27.47,24.92,0.0,0.00,0.0,0.0,,0.0
161,4,2.00,5,15.89,27.15,24.67,0.0,0.00,0.0,0.0,,0.0
161,5,2.00,5,15.53,26.84,24.43,0.0,0.00,0.0,0.0,,0.0
161,6,2.00,5,15.09,26.53,24.19,0.0,0.00,0.0,0.0,,0.0
161,7,2.00,5,14.62,26.22,23.94,0.0,0.10,0.0,0.0,,0.0
161,8,2.00,5,15.70,27.03,25.02,0.0,46.62,0.0,0.0,,0.0
161,9,2.00,5,17.47,27.58,25.69,0.0,349.15,0.0,0.0,,0.0
161,10,2.00,5,20.08,28.28,26.10,-933.85,482.36,0.0,0.0,,-933.85
161,11,2.00,5,21.60,28.92,26.10,-2484.54,621.41,0.0,0.0,,-2484.54
161,12,2.00,5,22.86,29.56,26.10,-3729.09,740.98,0.0,0.0,,-3729.09
161,13,2.00,5,23.88,30.19,26.10,-4872.77,827.39,0.0,-36.28,,-4909.05
161,14,2.00,5,24.69,30.80,26.10,-5851.39,827.68,0.0,-1032.31,,-6883.700000000001
161,15,2.00,5,24.53,31.25,26.10,-6355.96,815.16,0.0,-375.84,,-6731.8
161,16,2.00,5,24.24,31.58,26.10,-6631.67,711.57,0.0,-820.22,,-7451.89
161,17,2.00,5,23.65,31.77,26.10,-6615.22,565.27,0.0,0.0,,-6615.22
161,18,2.00,5,22.90,31.78,26.10,-6209.76,175.19,0.0,-765.1,,-6974.860000000001
161,19,2.00,5,21.91,30.55,26.75,0.0,0.00,0.0,0.0,,0.0
161,20,2.00,5,21.19,30.02,26.74,0.0,0.00,0.0,0.0,,0.0
161,21,2.00,5,20.74,29.66,26.57,0.0,0.00,0.0,0.0,,0.0
161,22,2.00,5,20.42,29.34,26.37,0.0,0.00,0.0,0.0,,0.0
161,23,2.00,5,19.80,29.03,26.15,0.0,0.00,0.0,0.0,,0.0
161,24,2.00,5,19.39,28.72,25.93,0.0,0.00,0.0,0.0,,0.0
161,1,3.00,5,19.05,28.43,25.72,0.0,0.00,0.0,0.0,,0.0
161,2,3.00,5,18.63,28.13,25.50,0.0,0.00,0.0,0.0,,0.0
161,3,3.00,5,18.04,27.83,25.27,0.0,0.00,0.0,0.0,,0.0
161,4,3.00,5,17.45,27.52,25.04,0.0,0.00,0.0,0.0,,0.0
161,5,3.00,5,17.00,27.22,24.81,0.0,0.00,0.0,0.0,,0.0
161,6,3.00,5,16.67,26.94,24.59,0.0,0.00,0.0,0.0,,0.0
161,7,3.00,5,16.37,26.66,24.37,0.0,0.10,0.0,0.0,,0.0
161,8,3.00,5,16.81,28.80,26.57,0.0,46.62,0.0,0.0,,0.0
161,9,3.00,5,18.35,29.66,27.49,0.0,349.15,0.0,0.0,,0.0
161,10,3.00,5,20.28,30.29,28.18,0.0,482.36,0.0,0.0,,0.0
161,11,3.00,5,21.62,30.89,28.83,0.0,621.41,0.0,0.0,,0.0
161,12,3.00,5,22.61,31.50,29.49,0.0,740.98,0.0,0.0,,0.0
161,13,3.00,5,23.32,32.13,30.16,0.0,827.39,0.0,0.0,,0.0
161,14,3.00,5,23.47,32.71,30.79,0.0,827.68,0.0,0.0,,0.0
161,15,3.00,5,23.78,33.27,31.40,0.0,815.16,0.0,0.0,,0.0
161,16,3.00,5,23.59,33.75,31.91,0.0,711.57,0.0,0.0,,0.0
161,17,3.00,5,23.08,34.11,32.32,0.0,565.27,0.0,0.0,,0.0
161,18,3.00,5,22.42,34.31,32.55,0.0,175.19,0.0,0.0,,0.0
161,19,3.00,5,21.37,32.05,30.33,0.0,0.00,0.0,0.0,,0.0
161,20,3.00,5,20.71,31.24,29.56,0.0,0.00,0.0,0.0,,0.0
161,21,3.00,5,20.36,30.77,29.12,0.0,0.00,0.0,0.0,,0.0
161,22,3.00,5,20.13,30.39,28.78,0.0,0.00,0.0,0.0,,0.0
161,23,3.00,5,19.81,30.04,28.45,0.0,0.00,0.0,0.0,,0.0
161,24,3.00,5,19.45,29.69,28.14,0.0,0.00,0.0,0.0,,0.0
161,1,4.00,5,19.07,29.36,27.83,0.0,0.00,0.0,0.0,,0.0
161,2,4.00,5,18.82,29.03,27.54,0.0,0.00,0.0,0.0,,0.0
161,3,4.00,5,18.67,28.73,27.26,0.0,0.00,0.0,0.0,,0.0
161,4,4.00,5,18.63,28.44,27.00,0.0,0.00,0.0,0.0,,0.0
161,5,4.00,5,18.63,28.17,26.75,0.0,0.00,0.0,0.0,,0.0
161,6,4.00,5,18.60,27.90,26.51,0.0,0.00,0.0,0.0,,0.0
161,7,4.00,5,18.41,27.64,26.27,0.0,0.10,0.0,0.0,,0.0
161,8,4.00,5,18.54,29.78,28.43,0.0,46.62,0.0,0.0,,0.0
161,9,4.00,5,19.79,30.62,29.30,0.0,349.15,0.0,0.0,,0.0
161,10,4.00,5,21.32,31.21,29.91,0.0,482.36,0.0,0.0,,0.0
161,11,4.00,5,22.22,31.77,30.48,0.0,621.41,0.0,0.0,,0.0
161,12,4.00,5,23.00,32.34,31.08,0.0,740.98,0.0,0.0,,0.0
161,13,4.00,5,23.29,32.91,31.66,0.0,827.39,0.0,0.0,,0.0
161,14,4.00,5,23.34,33.44,32.22,0.0,827.68,0.0,0.0,,0.0
161,15,4.00,5,23.59,33.97,32.76,0.0,815.16,0.0,0.0,,0.0
161,16,4.00,5,23.52,34.42,33.23,0.0,711.57,0.0,0.0,,0.0
161,17,4.00,5,23.18,34.77,33.59,0.0,565.27,0.0,0.0,,0.0
161,18,4.00,5,22.52,34.94,33.78,0.0,175.19,0.0,0.0,,0.0
161,19,4.00,5,21.53,32.66,31.51,0.0,0.00,0.0,0.0,,0.0
161,20,4.00,5,21.01,31.84,30.71,0.0,0.00,0.0,0.0,,0.0
161,21,4.00,5,20.62,31.35,30.23,0.0,0.00,0.0,0.0,,0.0
161,22,4.00,5,20.42,30.95,29.85,0.0,0.00,0.0,0.0,,0.0
161,23,4.00,5,19.96,30.58,29.49,0.0,0.00,0.0,0.0,,0.0
161,24,4.00,5,19.63,30.22,29.14,0.0,0.00,0.0,0.0,,0.0
161,1,5.00,5,19.22,29.86,28.80,0.0,0.00,0.0,0.0,,0.0
161,2,5.00,5,18.83,29.51,28.46,0.0,0.00,0.0,0.0,,0.0
161,3,5.00,5,18.46,29.17,28.13,0.0,0.00,0.0,0.0,,0.0
161,4,5.00,5,18.38,28.86,27.83,0.0,0.00,0.0,0.0,,0.0
161,5,5.00,5,18.21,28.55,27.53,0.0,0.00,0.0,0.0,,0.0
161,6,5.00,5,18.18,28.26,27.25,0.0,0.00,0.0,0.0,,0.0
161,7,5.00,5,18.14,27.98,26.99,0.0,0.10,0.0,0.0,,0.0
161,8,5.00,5,18.39,28.84,26.10,-4753.05,46.62,0.0,0.0,,-4753.05
161,9,5.00,5,19.63,29.33,26.10,-4771.36,349.15,0.0,-241.07,,-5012.429999999999
161,10,5.00,5,21.16,29.83,26.10,-5473.18,482.36,0.0,0.0,,-5473.18
161,11,5.00,5,22.31,30.34,26.10,-6146.92,621.41,0.0,-2713.07,,-8859.99
161,12,5.00,5,22.99,30.82,26.10,-6716.06,740.98,0.0,-161.27,,-6877.330000000001
161,13,5.00,5,23.25,31.26,26.10,-7159.94,827.39,0.0,-863.46,,-8023.4
161,14,5.00,5,23.40,31.66,26.10,-7520.47,827.68,0.0,-2030.06,,-9550.53
161,15,5.00,5,23.49,32.02,26.10,-7807.16,815.16,0.0,-455.57,,-8262.73
161,16,5.00,5,23.30,32.29,26.10,-7855.37,711.57,0.0,-702.47,,-8557.84
161,17,5.00,5,22.82,32.43,26.10,-7653.77,565.27,0.0,0.0,,-7653.77
161,18,5.00,5,22.13,32.39,26.10,-7077.4,175.19,0.0,-1956.83,,-9034.23
161,19,5.00,5,21.20,31.24,27.12,0.0,0.00,0.0,0.0,,0.0
161,20,5.00,5,20.56,30.70,27.19,0.0,0.00,0.0,0.0,,0.0
161,21,5.00,5,20.34,30.32,27.03,0.0,0.00,0.0,0.0,,0.0
161,22,5.00,5,20.16,29.98,26.82,0.0,0.00,0.0,0.0,,0.0
161,23,5.00,5,19.90,29.66,26.61,0.0,0.00,0.0,0.0,,0.0
161,24,5.00,5,19.68,29.34,26.39,0.0,0.00,0.0,0.0,,0.0
161,1,6.00,5,19.40,29.04,26.18,0.0,0.00,0.0,0.0,,0.0
161,2,6.00,5,19.05,28.73,25.96,0.0,0.00,0.0,0.0,,0.0
161,3,6.00,5,18.78,28.44,25.75,0.0,0.00,0.0,0.0,,0.0
161,4,6.00,5,18.60,28.15,25.55,0.0,0.00,0.0,0.0,,0.0
161,5,6.00,5,18.41,27.88,25.35,0.0,0.00,0.0,0.0,,0.0
161,6,6.00,5,18.18,27.61,25.15,0.0,0.00,0.0,0.0,,0.0
161,7,6.00,5,17.96,27.34,24.96,0.0,0.10,0.0,0.0,,0.0
161,8,6.00,5,18.46,28.31,26.10,-294.6,46.62,0.0,0.0,,-294.6
161,9,6.00,5,19.73,28.84,26.10,-1905.4,349.15,0.0,0.0,,-1905.4
161,10,6.00,5,21.68,29.44,26.10,-3179.94,482.36,0.0,0.0,,-3179.94
161,11,6.00,5,22.70,29.98,26.10,-4148.06,621.41,0.0,0.0,,-4148.06
161,12,6.00,5,23.24,30.47,26.10,-4957.83,740.98,0.0,0.0,,-4957.83
161,13,6.00,5,23.62,30.95,26.10,-5704.6,827.39,0.0,0.0,,-5704.6
161,14,6.00,5,23.69,31.37,26.10,-6248.43,827.68,0.0,-57.96,,-6306.39
161,15,6.00,5,23.55,31.72,26.10,-6630.6,815.16,0.0,0.0,,-6630.6
161,16,6.00,5,23.37,32.00,26.10,-6841.32,711.57,0.0,0.0,,-6841.32
161,17,6.00,5,22.83,32.15,26.10,-6747.25,565.27,0.0,0.0,,-6747.25
161,18,6.00,5,21.95,32.09,26.10,-6209.77,175.19,0.0,0.0,,-6209.77
161,19,6.00,5,20.97,30.93,26.82,0.0,0.00,0.0,0.0,,0.0
161,20,6.00,5,20.43,30.40,26.82,0.0,0.00,0.0,0.0,,0.0
161,21,6.00,5,20.04,30.01,26.64,0.0,0.00,0.0,0.0,,0.0
161,22,6.00,5,20.11,29.69,26.45,0.0,0.00,0.0,0.0,,0.0
161,23,6.00,5,19.63,29.36,26.23,0.0,0.00,0.0,0.0,,0.0
161,24,6.00,5,19.28,29.05,26.01,0.0,0.00,0.0,0.0,,0.0
161,1,7.00,5,18.97,28.74,25.80,0.0,0.00,0.0,0.0,,0.0
161,2,7.00,5,18.78,28.44,25.59,0.0,0.00,0.0,0.0,,0.0
161,3,7.00,5,18.51,28.15,25.39,0.0,0.00,0.0,0.0,,0.0
161,4,7.00,5,18.26,27.87,25.19,0.0,0.00,0.0,0.0,,0.0
161,5,7.00,5,18.13,27.60,24.99,0.0,0.00,0.0,0.0,,0.0
161,6,7.00,5,18.26,27.35,24.82,0.0,0.00,0.0,0.0,,0.0
161,7,7.00,5,18.37,27.12,24.67,0.0,0.10,0.0,0.0,,0.0
161,8,7.00,5,18.83,28.16,26.01,0.0,46.62,0.0,0.0,,0.0
161,9,7.00,5,19.85,28.69,26.10,-1432.98,349.15,0.0,0.0,,-1432.98
161,10,7.00,5,21.26,29.21,26.10,-2601.86,482.36,0.0,0.0,,-2601.86
161,11,7.00,5,22.23,29.72,26.10,-3590.74,621.41,0.0,0.0,,-3590.74
161,12,7.00,5,23.02,30.24,26.10,-4537.97,740.98,0.0,0.0,,-4537.97
161,13,7.00,5,23.35,30.72,26.10,-5293.16,827.39,0.0,0.0,,-5293.16
161,14,7.00,5,23.62,31.17,26.10,-5948.32,827.68,0.0,0.0,,-5948.32
161,15,7.00,5,23.71,31.57,26.10,-6452.63,815.16,0.0,0.0,,-6452.63
161,16,7.00,5,23.41,31.85,26.10,-6644.75,711.57,0.0,0.0,,-6644.75
161,17,7.00,5,22.87,32.01,26.10,-6574.51,565.27,0.0,0.0,,-6574.51
161,18,7.00,5,22.14,31.98,26.10,-6116.16,175.19,0.0,0.0,,-6116.16
161,19,7.00,5,21.33,30.81,26.78,0.0,0.00,0.0,0.0,,0.0
161,20,7.00,5,20.74,30.29,26.77,0.0,0.00,0.0,0.0,,0.0
161,21,7.00,5,20.48,29.92,26.61,0.0,0.00,0.0,0.0,,0.0
161,22,7.00,5,20.06,29.58,26.40,0.0,0.00,0.0,0.0,,0.0
161,23,7.00,5,19.69,29.25,26.18,0.0,0.00,0.0,0.0,,0.0
161,24,7.00,5,19.40,28.94,25.96,0.0,0.00,0.0,0.0,,0.0
161,1,1.00,5,19.40,28.66,25.77,0.0,0.00,0.0,0.0,,0.0
161,2,1.00,5,19.32,28.39,25.58,0.0,0.00,0.0,0.0,,0.0
161,3,1.00,5,19.06,28.11,25.39,0.0,0.00,0.0,0.0,,0.0
161,4,1.00,5,18.84,27.84,25.20,0.0,0.00,0.0,0.0,,0.0
161,5,1.00,5,18.69,27.59,25.02,0.0,0.00,0.0,0.0,,0.0
161,6,1.00,5,18.55,27.34,24.84,0.0,0.00,0.0,0.0,,0.0
161,7,1.00,5,18.30,27.09,24.66,0.0,0.10,0.0,0.0,,0.0
161,8,1.00,5,18.62,28.09,25.97,0.0,46.62,0.0,0.0,,0.0
161,9,1.00,5,19.84,28.64,26.10,-1373.03,349.15,0.0,0.0,,-1373.03
161,10,1.00,5,21.85,29.26,26.10,-2807.72,482.36,0.0,0.0,,-2807.72
161,11,1.00,5,23.03,29.84,26.10,-3895.42,621.41,0.0,0.0,,-3895.42
161,12,1.00,5,23.45,30.33,26.10,-4704.05,740.98,0.0,0.0,,-4704.05
161,13,1.00,5,23.58,30.78,26.10,-5387.53,827.39,0.0,0.0,,-5387.53
161,14,1.00,5,23.83,31.23,26.10,-6033.41,827.68,0.0,-1412.95,,-7446.36
161,15,1.00,5,23.41,31.55,26.10,-6330.79,815.16,0.0,0.0,,-6330.79
161,16,1.00,5,22.78,31.75,26.10,-6375.43,711.57,0.0,0.0,,-6375.43
161,17,1.00,5,22.06,31.85,26.10,-6215.62,565.27,0.0,0.0,,-6215.62
161,18,1.00,5,21.09,31.75,26.10,-5638.12,175.19,0.0,0.0,,-5638.12
161,19,1.00,5,20.03,30.61,26.66,0.0,0.00,0.0,0.0,,0.0
161,20,1.00,5,19.41,30.08,26.61,0.0,0.00,0.0,0.0,,0.0
161,21,1.00,5,18.99,29.67,26.40,0.0,0.00,0.0,0.0,,0.0
161,22,1.00,5,18.71,29.32,26.17,0.0,0.00,0.0,0.0,,0.0
161,23,1.00,5,18.07,28.95,25.91,0.0,0.00,0.0,0.0,,0.0
161,24,1.00,5,17.71,28.61,25.65,0.0,0.00,0.0,0.0,,0.0
161,1,2.00,5,16.94,28.24,25.38,0.0,0.00,0.0,0.0,,0.0
161,2,2.00,5,16.43,27.89,25.11,0.0,0.00,0.0,0.0,,0.0
161,3,2.00,5,16.04,27.55,24.85,0.0,0.00,0.0,0.0,,0.0
161,4,2.00,5,15.68,27.22,24.60,0.0,0.00,0.0,0.0,,0.0
161,5,2.00,5,15.35,26.89,24.35,0.0,0.00,0.0,0.0,,0.0
161,6,2.00,5,15.03,26.58,24.10,0.0,0.00,0.0,0.0,,0.0
161,7,2.00,5,14.71,26.27,23.86,0.0,0.10,0.0,0.0,,0.0
161,8,2.00,5,15.14,26.97,24.86,0.0,46.62,0.0,0.0,,0.0
161,9,2.00,5,16.46,27.42,25.42,0.0,349.15,0.0,0.0,,0.0
161,10,2.00,5,18.86,28.03,26.10,-45.62,482.36,0.0,0.0,,-45.62
161,11,2.00,5,20.27,28.60,26.10,-1687.62,621.41,0.0,0.0,,-1687.62
161,12,2.00,5,20.84,29.09,26.10,-2642.4,740.98,0.0,0.0,,-2642.4
161,13,2.00,5,21.27,29.55,26.10,-3520.34,827.39,0.0,0.0,,-3520.34
161,14,2.00,5,21.68,30.01,26.10,-4303.53,827.68,0.0,0.0,,-4303.53
161,15,2.00,5,22.07,30.45,26.10,-4994.31,815.16,0.0,0.0,,-4994.31
161,16,2.00,5,21.76,30.73,26.10,-5241.76,711.57,0.0,0.0,,-5241.76
161,17,2.00,5,21.19,30.87,26.10,-5210.94,565.27,0.0,0.0,,-5210.94
161,18,2.00,5,20.31,30.81,26.10,-4735.72,175.19,0.0,0.0,,-4735.72
161,19,2.00,5,19.58,29.70,26.41,0.0,0.00,0.0,0.0,,0.0
161,20,2.00,5,19.06,29.20,26.31,0.0,0.00,0.0,0.0,,0.0
161,21,2.00,5,18.54,28.82,26.08,0.0,0.00,0.0,0.0,,0.0
161,22,2.00,5,17.89,28.46,25.82,0.0,0.00,0.0,0.0,,0.0
161,23,2.00,5,17.77,28.14,25.58,0.0,0.00,0.0,0.0,,0.0
161,24,2.00,5,17.34,27.82,25.33,0.0,0.00,0.0,0.0,,0.0
161,1,3.00,5,17.23,27.52,25.10,0.0,0.00,0.0,0.0,,0.0
161,2,3.00,5,17.09,27.23,24.88,0.0,0.00,0.0,0.0,,0.0
161,3,3.00,5,16.61,26.93,24.64,0.0,0.00,0.0,0.0,,0.0
161,4,3.00,5,16.09,26.63,24.40,0.0,0.00,0.0,0.0,,0.0
161,5,3.00,5,15.97,26.35,24.18,0.0,0.00,0.0,0.0,,0.0
161,6,3.00,5,15.76,26.08,23.96,0.0,0.00,0.0,0.0,,0.0
161,7,3.00,5,16.01,25.84,23.78,0.0,0.10,0.0,0.0,,0.0
161,8,3.00,5,16.33,28.00,25.99,0.0,46.62,0.0,0.0,,0.0
161,9,3.00,5,17.13,28.83,26.86,0.0,349.15,0.0,0.0,,0.0
161,10,3.00,5,19.30,29.46,27.55,0.0,482.36,0.0,0.0,,0.0
161,11,3.00,5,20.79,30.08,28.20,0.0,621.41,0.0,0.0,,0.0
161,12,3.00,5,21.37,30.67,28.84,0.0,740.98,0.0,0.0,,0.0
161,13,3.00,5,21.71,31.26,29.47,0.0,827.39,0.0,0.0,,0.0
161,14,3.00,5,21.81,31.82,30.08,0.0,827.68,0.0,0.0,,0.0
161,15,3.00,5,21.98,32.37,30.66,0.0,815.16,0.0,0.0,,0.0
161,16,3.00,5,21.67,32.82,31.14,0.0,711.57,0.0,0.0,,0.0
161,17,3.00,5,21.23,33.17,31.53,0.0,565.27,0.0,0.0,,0.0
161,18,3.00,5,20.49,33.34,31.74,0.0,175.19,0.0,0.0,,0.0
161,19,3.00,5,19.46,31.07,29.50,0.0,0.00,0.0,0.0,,0.0
161,20,3.00,5,18.79,30.25,28.70,0.0,0.00,0.0,0.0,,0.0
161,21,3.00,5,18.18,29.74,28.23,0.0,0.00,0.0,0.0,,0.0
161,22,3.00,5,17.89,29.34,27.86,0.0,0.00,0.0,0.0,,0.0
161,23,3.00,5,17.52,28.96,27.51,0.0,0.00,0.0,0.0,,0.0
161,24,3.00,5,17.15,28.60,27.17,0.0,0.00,0.0,0.0,,0.0
161,1,4.00,5,16.80,28.25,26.84,0.0,0.00,0.0,0.0,,0.0
161,2,4.00,5,16.80,27.92,26.54,0.0,0.00,0.0,0.0,,0.0
161,3,4.00,5,16.62,27.60,26.25,0.0,0.00,0.0,0.0,,0.0
161,4,4.00,5,16.22,27.28,25.95,0.0,0.00,0.0,0.0,,0.0
161,5,4.00,5,15.80,26.96,25.65,0.0,0.00,0.0,0.0,,0.0
161,6,4.00,5,15.54,26.65,25.36,0.0,0.00,0.0,0.0,,0.0
161,7,4.00,5,15.09,26.33,25.06,0.0,0.10,0.0,0.0,,0.0
161,8,4.00,5,14.97,28.41,27.16,0.0,46.62,0.0,0.0,,0.0
161,9,4.00,5,16.06,29.20,27.97,0.0,349.15,0.0,0.0,,0.0
161,10,4.00,5,18.43,29.81,28.60,0.0,482.36,0.0,0.0,,0.0
161,11,4.00,5,19.82,30.38,29.19,0.0,621.41,0.0,0.0,,0.0
161,12,4.00,5,20.59,30.95,29.77,0.0,740.98,0.0,0.0,,0.0
161,13,4.00,5,21.22,31.53,30.37,0.0,827.39,0.0,0.0,,0.0
161,14,4.00,5,21.16,32.06,30.92,0.0,827.68,0.0,0.0,,0.0
161,15,4.00,5,21.19,32.57,31.44,0.0,815.16,0.0,0.0,,0.0
161,16,4.00,5,21.13,33.01,31.89,0.0,711.57,0.0,0.0,,0.0
161,17,4.00,5,20.66,33.34,32.24,0.0,565.27,0.0,0.0,,0.0
161,18,4.00,5,19.95,33.49,32.40,0.0,175.19,0.0,0.0,,0.0
161,19,4.00,5,18.99,31.20,30.13,0.0,0.00,0.0,0.0,,0.0
161,20,4.00,5,18.51,30.38,29.31,0.0,0.00,0.0,0.0,,0.0
161,21,4.00,5,18.09,29.87,28.83,0.0,0.00,0.0,0.0,,0.0
161,22,4.00,5,18.22,29.49,28.46,0.0,0.00,0.0,0.0,,0.0
161,23,4.00,5,17.79,29.12,28.09,0.0,0.00,0.0,0.0,,0.0
161,24,4.00,5,17.48,28.76,27.74,0.0,0.00,0.0,0.0,,0.0
161,1,5.00,5,17.21,28.41,27.41,0.0,0.00,0.0,0.0,,0.0
161,2,5.00,5,17.20,28.09,27.10,0.0,0.00,0.0,0.0,,0.0
161,3,5.00,5,17.08,27.78,26.80,0.0,0.00,0.0,0.0,,0.0
161,4,5.00,5,17.00,27.48,26.51,0.0,0.00,0.0,0.0,,0.0
161,5,5.00,5,16.95,27.19,26.23,0.0,0.00,0.0,0.0,,0.0
161,6,5.00,5,16.90,26.92,25.97,0.0,0.00,0.0,0.0,,0.0
161,7,5.00,5,16.71,26.65,25.70,0.0,0.10,0.0,0.0,,0.0
161,8,5.00,5,16.79,27.48,26.10,-1367.17,46.62,0.0,0.0,,-1367.17
161,9,5.00,5,17.45,27.87,26.10,-2081.4,349.15,0.0,0.0,,-2081.4
161,10,5.00,5,19.24,28.39,26.10,-3070.86,482.36,0.0,0.0,,-3070.86
161,11,5.00,5,20.29,28.88,26.10,-3863.3,621.41,0.0,0.0,,-3863.3
161,12,5.00,5,20.74,29.31,26.10,-4473.74,740.98,0.0,0.0,,-4473.74
161,13,5.00,5,20.79,29.69,26.10,-4940.6,827.39,0.0,0.0,,-4940.6
161,14,5.00,5,20.78,30.04,26.10,-5322.29,827.68,0.0,0.0,,-5322.29
161,15,5.00,5,20.63,30.34,26.10,-5586.57,815.16,0.0,0.0,,-5586.57
161,16,5.00,5,20.45,30.58,26.10,-5698.6,711.57,0.0,0.0,,-5698.6
161,17,5.00,5,19.97,30.69,26.10,-5544.03,565.27,0.0,0.0,,-5544.03
161,18,5.00,5,19.26,30.62,26.10,-5003.47,175.19,0.0,0.0,,-5003.47
161,19,5.00,5,18.29,29.55,26.57,0.0,0.00,0.0,0.0,,0.0
161,20,5.00,5,17.81,29.04,26.48,0.0,0.00,0.0,0.0,,0.0
161,21,5.00,5,17.57,28.65,26.24,0.0,0.00,0.0,0.0,,0.0
161,22,5.00,5,17.41,28.31,25.99,0.0,0.00,0.0,0.0,,0.0
161,23,5.00,5,17.00,27.97,25.72,0.0,0.00,0.0,0.0,,0.0
161,24,5.00,5,16.89,27.65,25.47,0.0,0.00,0.0,0.0,,0.0
161,1,6.00,5,16.78,27.34,25.23,0.0,0.00,0.0,0.0,,0.0
161,2,6.00,5,16.49,27.04,24.98,0.0,0.00,0.0,0.0,,0.0
161,3,6.00,5,16.10,26.73,24.73,0.0,0.00,0.0,0.0,,0.0
161,4,6.00,5,15.71,26.43,24.48,0.0,0.00,0.0,0.0,,0.0
161,5,6.00,5,15.30,26.13,24.23,0.0,0.00,0.0,0.0,,0.0
161,6,6.00,5,14.96,25.83,23.99,0.0,0.00,0.0,0.0,,0.0
161,7,6.00,5,14.63,25.55,23.75,0.0,0.10,0.0,0.0,,0.0
161,8,6.00,5,14.91,26.31,24.73,0.0,46.62,0.0,0.0,,0.0
161,9,6.00,5,16.11,26.76,25.27,0.0,349.15,0.0,0.0,,0.0
161,10,6.00,5,18.12,27.33,25.89,0.0,482.36,0.0,0.0,,0.0
161,11,6.00,5,19.44,27.88,26.10,-1012.04,621.41,0.0,0.0,,-1012.04
161,12,6.00,5,20.12,28.38,26.10,-2134.08,740.98,0.0,0.0,,-2134.08
161,13,6.00,5,20.66,28.87,26.10,-3069.87,827.39,0.0,0.0,,-3069.87
161,14,6.00,5,20.94,29.32,26.10,-3808.16,827.68,0.0,0.0,,-3808.16
161,15,6.00,5,21.17,29.73,26.10,-4441.01,815.16,0.0,0.0,,-4441.01
161,16,6.00,5,20.96,30.02,26.10,-4730.17,711.57,0.0,0.0,,-4730.17
161,17,6.00,5,20.56,30.20,26.10,-4770.94,565.27,0.0,0.0,,-4770.94
161,18,6.00,5,19.86,30.17,26.10,-4379.16,175.19,0.0,0.0,,-4379.16
161,19,6.00,5,18.82,29.04,26.29,0.0,0.00,0.0,0.0,,0.0
161,20,6.00,5,18.15,28.52,26.14,0.0,0.00,0.0,0.0,,0.0
161,21,6.00,5,17.77,28.15,25.90,0.0,0.00,0.0,0.0,,0.0
161,22,6.00,5,17.85,27.84,25.67,0.0,0.00,0.0,0.0,,0.0
161,23,6.00,5,17.23,27.51,25.41,0.0,0.00,0.0,0.0,,0.0
161,24,6.00,5,17.21,27.22,25.18,0.0,0.00,0.0,0.0,,0.0
161,1,7.00,5,16.91,26.93,24.94,0.0,0.00,0.0,0.0,,0.0
161,2,7.00,5,16.57,26.63,24.70,0.0,0.00,0.0,0.0,,0.0
161,3,7.00,5,16.10,26.34,24.45,0.0,0.00,0.0,0.0,,0.0
161,4,7.00,5,15.74,26.05,24.21,0.0,0.00,0.0,0.0,,0.0
161,5,7.00,5,15.54,25.77,23.98,0.0,0.00,0.0,0.0,,0.0
161,6,7.00,5,15.19,25.50,23.75,0.0,0.00,0.0,0.0,,0.0
161,7,7.00,5,15.63,25.28,23.57,0.0,0.10,0.0,0.0,,0.0
161,8,7.00,5,16.20,26.24,24.75,0.0,46.62,0.0,0.0,,0.0
161,9,7.00,5,17.17,26.74,25.33,0.0,349.15,0.0,0.0,,0.0
161,10,7.00,5,19.21,27.35,25.99,0.0,482.36,0.0,0.0,,0.0
161,11,7.00,5,20.86,27.99,26.10,-1480.87,621.41,0.0,0.0,,-1480.87
161,12,7.00,5,21.68,28.57,26.10,-2656.37,740.98,0.0,0.0,,-2656.37
161,13,7.00,5,22.41,29.14,26.10,-3713.86,827.39,0.0,0.0,,-3713.86
161,14,7.00,5,22.79,29.66,26.10,-4534.29,827.68,0.0,0.0,,-4534.29
161,15,7.00,5,23.21,30.15,26.10,-5285.65,815.16,0.0,0.0,,-5285.65
161,16,7.00,5,22.76,30.46,26.10,-5516.4,711.57,0.0,0.0,,-5516.4
161,17,7.00,5,22.26,30.66,26.10,-5544.15,565.27,0.0,0.0,,-5544.15
161,18,7.00,5,21.22,30.61,26.10,-5034.84,175.19,0.0,0.0,,-5034.84
161,19,7.00,5,19.89,29.38,26.41,0.0,0.00,0.0,0.0,,0.0
161,20,7.00,5,19.03,28.84,26.29,0.0,0.00,0.0,0.0,,0.0
161,21,7.00,5,18.38,28.44,26.04,0.0,0.00,0.0,0.0,,0.0
161,22,7.00,5,18.22,28.11,25.80,0.0,0.00,0.0,0.0,,0.0
161,23,7.00,5,17.63,27.78,25.54,0.0,0.00,0.0,0.0,,0.0
161,24,7.00,5,17.16,27.45,25.28,0.0,0.00,0.0,0.0,,0.0
161,1,1.00,5,16.80,27.14,25.02,0.0,0.00,0.0,0.0,,0.0
161,2,1.00,5,16.43,26.83,24.77,0.0,0.00,0.0,0.0,,0.0
161,3,1.00,5,15.96,26.51,24.52,0.0,0.00,0.0,0.0,,0.0
161,4,1.00,5,15.45,26.20,24.26,0.0,0.00,0.0,0.0,,0.0
161,5,1.00,5,15.06,25.90,24.00,0.0,0.00,0.0,0.0,,0.0
161,6,1.00,5,14.45,25.58,23.74,0.0,0.00,0.0,0.0,,0.0
161,7,1.00,5,13.89,25.27,23.47,0.0,0.10,0.0,0.0,,0.0
161,8,1.00,5,14.77,26.06,24.48,0.0,46.62,0.0,0.0,,0.0
161,9,1.00,5,16.18,26.56,25.07,0.0,349.15,0.0,0.0,,0.0
161,10,1.00,5,18.28,27.16,25.72,0.0,482.36,0.0,0.0,,0.0
161,11,1.00,5,20.17,27.81,26.10,-837.4,621.41,0.0,0.0,,-837.4
161,12,1.00,5,21.28,28.42,26.10,-2287.01,740.98,0.0,0.0,,-2287.01
161,13,1.00,5,22.22,29.03,26.10,-3446.93,827.39,0.0,0.0,,-3446.93
161,14,1.00,5,22.94,29.60,26.10,-4423.46,827.68,0.0,0.0,,-4423.46
161,15,1.00,5,22.69,30.00,26.10,-4918.34,815.16,0.0,0.0,,-4918.34
161,16,1.00,5,22.37,30.30,26.10,-5208.56,711.57,0.0,0.0,,-5208.56
161,17,1.00,5,21.75,30.47,26.10,-5196.88,565.27,0.0,0.0,,-5196.88
161,18,1.00,5,20.79,30.43,26.10,-4723.43,175.19,0.0,0.0,,-4723.43
161,19,1.00,5,19.74,29.24,26.35,0.0,0.00,0.0,0.0,,0.0
161,20,1.00,5,19.15,28.72,26.22,0.0,0.00,0.0,0.0,,0.0
161,21,1.00,5,18.72,28.34,26.00,0.0,0.00,0.0,0.0,,0.0
161,22,1.00,5,18.94,28.05,25.79,0.0,0.00,0.0,0.0,,0.0
161,23,1.00,5,18.26,27.73,25.54,0.0,0.00,0.0,0.0,,0.0
161,24,1.00,5,18.16,27.45,25.32,0.0,0.00,0.0,0.0,,0.0
161,1,2.00,5,17.79,27.16,25.09,0.0,0.00,0.0,0.0,,0.0
161,2,2.00,5,17.21,26.85,24.84,0.0,0.00,0.0,0.0,,0.0
161,3,2.00,5,16.48,26.54,24.58,0.0,0.00,0.0,0.0,,0.0
161,4,2.00,5,15.90,26.23,24.32,0.0,0.00,0.0,0.0,,0.0
161,5,2.00,5,15.48,25.93,24.07,0.0,0.00,0.0,0.0,,0.0
161,6,2.00,5,14.93,25.62,23.81,0.0,0.00,0.0,0.0,,0.0
161,7,2.00,5,14.46,25.32,23.56,0.0,0.10,0.0,0.0,,0.0
161,8,2.00,5,15.04,26.13,24.58,0.0,46.62,0.0,0.0,,0.0
161,9,2.00,5,16.28,26.61,25.14,0.0,349.15,0.0,0.0,,0.0
161,10,2.00,5,18.54,27.22,25.82,0.0,482.36,0.0,0.0,,0.0
161,11,2.00,5,20.61,27.92,26.10,-1164.78,621.41,0.0,0.0,,-1164.78
161,12,2.00,5,21.42,28.49,26.10,-2433.25,740.98,0.0,0.0,,-2433.25
161,13,2.00,5,22.26,29.07,26.10,-3537.21,827.39,0.0,0.0,,-3537.21
161,14,2.00,5,22.61,29.58,26.10,-4350.65,827.68,0.0,0.0,,-4350.65
161,15,2.00,5,23.24,30.10,26.10,-5192.53,815.16,0.0,0.0,,-5192.53
161,16,2.00,5,23.09,30.47,26.10,-5552.17,711.57,0.0,-404.35,,-5956.52
161,17,2.00,5,22.65,30.69,26.10,-5617.67,565.27,0.0,-499.76,,-6117.43
161,18,2.00,5,21.80,30.69,26.10,-5197.77,175.19,0.0,-401.58,,-5599.35
161,19,2.00,5,20.73,29.44,26.44,0.0,0.00,0.0,0.0,,0.0
161,20,2.00,5,20.10,28.92,26.35,0.0,0.00,0.0,0.0,,0.0
161,21,2.00,5,19.73,28.56,26.15,0.0,0.00,0.0,0.0,,0.0
161,22,2.00,5,19.87,28.27,25.96,0.0,0.00,0.0,0.0,,0.0
161,23,2.00,5,19.12,27.96,25.71,0.0,0.00,0.0,0.0,,0.0
161,24,2.00,5,18.88,27.67,25.49,0.0,0.00,0.0,0.0,,0.0
161,1,3.00,5,18.55,27.39,25.27,0.0,0.00,0.0,0.0,,0.0
161,2,3.00,5,18.26,27.11,25.05,0.0,0.00,0.0,0.0,,0.0
161,3,3.00,5,17.99,26.84,24.84,0.0,0.00,0.0,0.0,,0.0
161,4,3.00,5,17.70,26.58,24.63,0.0,0.00,0.0,0.0,,0.0
161,5,3.00,5,17.39,26.32,24.42,0.0,0.00,0.0,0.0,,0.0
161,6,3.00,5,17.24,26.07,24.22,0.0,0.00,0.0,0.0,,0.0
161,7,3.00,5,17.02,25.82,24.02,0.0,0.10,0.0,0.0,,0.0
161,8,3.00,5,17.25,27.99,26.23,0.0,46.62,0.0,0.0,,0.0
161,9,3.00,5,18.31,28.84,27.12,0.0,349.15,0.0,0.0,,0.0
161,10,3.00,5,20.09,29.46,27.79,0.0,482.36,0.0,0.0,,0.0
161,11,3.00,5,21.49,30.07,28.44,0.0,621.41,0.0,0.0,,0.0
161,12,3.00,5,22.13,30.67,29.07,0.0,740.98,0.0,0.0,,0.0
161,13,3.00,5,22.61,31.28,29.72,0.0,827.39,0.0,0.0,,0.0
161,14,3.00,5,22.73,31.85,30.33,0.0,827.68,0.0,0.0,,0.0
161,15,3.00,5,22.95,32.40,30.91,0.0,815.16,0.0,0.0,,0.0
161,16,3.00,5,22.74,32.87,31.41,0.0,711.57,0.0,0.0,,0.0
161,17,3.00,5,22.33,33.24,31.81,0.0,565.27,0.0,0.0,,0.0
161,18,3.00,5,21.54,33.42,32.02,0.0,175.19,0.0,0.0,,0.0
161,19,3.00,5,20.65,31.16,29.79,0.0,0.00,0.0,0.0,,0.0
161,20,3.00,5,20.12,30.36,29.02,0.0,0.00,0.0,0.0,,0.0
161,21,3.00,5,19.73,29.89,28.57,0.0,0.00,0.0,0.0,,0.0
161,22,3.00,5,19.88,29.54,28.24,0.0,0.00,0.0,0.0,,0.0
161,23,3.00,5,19.39,29.18,27.92,0.0,0.00,0.0,0.0,,0.0
161,24,3.00,5,19.19,28.85,27.61,0.0,0.00,0.0,0.0,,0.0
161,1,4.00,5,19.00,28.54,27.32,0.0,0.00,0.0,0.0,,0.0
161,2,4.00,5,18.64,28.22,27.02,0.0,0.00,0.0,0.0,,0.0
161,3,4.00,5,18.43,27.92,26.74,0.0,0.00,0.0,0.0,,0.0
161,4,4.00,5,18.28,27.63,26.47,0.0,0.00,0.0,0.0,,0.0
161,5,4.00,5,18.14,27.35,26.21,0.0,0.00,0.0,0.0,,0.0
161,6,4.00,5,17.91,27.07,25.95,0.0,0.00,0.0,0.0,,0.0
161,7,4.00,5,17.68,26.80,25.70,0.0,0.10,0.0,0.0,,0.0
161,8,4.00,5,17.60,28.92,27.83,0.0,46.62,0.0,0.0,,0.0
161,9,4.00,5,18.72,29.74,28.67,0.0,349.15,0.0,0.0,,0.0
161,10,4.00,5,20.52,30.34,29.29,0.0,482.36,0.0,0.0,,0.0
161,11,4.00,5,21.70,30.91,29.87,0.0,621.41,0.0,0.0,,0.0
161,12,4.00,5,22.12,31.46,30.44,0.0,740.98,0.0,0.0,,0.0
161,13,4.00,5,22.55,32.03,31.02,0.0,827.39,0.0,0.0,,0.0
161,14,4.00,5,22.53,32.56,31.57,0.0,827.68,0.0,0.0,,0.0
161,15,4.00,5,22.48,33.06,32.08,0.0,815.16,0.0,0.0,,0.0
161,16,4.00,5,22.29,33.49,32.52,0.0,711.57,0.0,0.0,,0.0
161,17,4.00,5,21.99,33.83,32.87,0.0,565.27,0.0,0.0,,0.0
161,18,4.00,5,21.31,33.99,33.04,0.0,175.19,0.0,0.0,,0.0
161,19,4.00,5,20.36,31.70,30.77,0.0,0.00,0.0,0.0,,0.0
161,20,4.00,5,19.87,30.87,29.95,0.0,0.00,0.0,0.0,,0.0
161,21,4.00,5,19.49,30.38,29.46,0.0,0.00,0.0,0.0,,0.0
161,22,4.00,5,19.36,29.98,29.08,0.0,0.00,0.0,0.0,,0.0
161,23,4.00,5,19.26,29.62,28.73,0.0,0.00,0.0,0.0,,0.0
161,24,4.00,5,19.00,29.27,28.39,0.0,0.00,0.0,0.0,,0.0
161,1,5.00,5,18.67,28.93,28.05,0.0,0.00,0.0,0.0,,0.0
161,2,5.00,5,18.27,28.58,27.72,0.0,0.00,0.0,0.0,,0.0
161,3,5.00,5,18.11,28.26,27.41,0.0,0.00,0.0,0.0,,0.0
161,4,5.00,5,18.08,27.96,27.11,0.0,0.00,0.0,0.0,,0.0
161,5,5.00,5,18.05,27.67,26.83,0.0,0.00,0.0,0.0,,0.0
161,6,5.00,5,17.90,27.39,26.56,0.0,0.00,0.0,0.0,,0.0
161,7,5.00,5,17.86,27.12,26.29,0.0,0.10,0.0,0.0,,0.0
161,8,5.00,5,17.95,28.02,26.10,-3028.02,46.62,0.0,0.0,,-3028.02
161,9,5.00,5,18.74,28.45,26.10,-3363.59,349.15,0.0,0.0,,-3363.59
161,10,5.00,5,20.31,28.94,26.10,-4176.89,482.36,0.0,0.0,,-4176.89
161,11,5.00,5,21.24,29.41,26.10,-4841.7,621.41,0.0,0.0,,-4841.7
161,12,5.00,5,21.53,29.81,26.10,-5318.09,740.98,0.0,0.0,,-5318.09
161,13,5.00,5,21.82,30.23,26.10,-5820.47,827.39,0.0,0.0,,-5820.47
161,14,5.00,5,21.75,30.57,26.10,-6128.35,827.68,0.0,0.0,,-6128.35
161,15,5.00,5,21.67,30.88,26.10,-6376.24,815.16,0.0,0.0,,-6376.24
161,16,5.00,5,21.54,31.13,26.10,-6473.36,711.57,0.0,0.0,,-6473.36
161,17,5.00,5,21.24,31.28,26.10,-6365.35,565.27,0.0,0.0,,-6365.35
161,18,5.00,5,20.52,31.21,26.10,-5795.94,175.19,0.0,0.0,,-5795.94
161,19,5.00,5,19.54,30.09,26.76,0.0,0.00,0.0,0.0,,0.0
161,20,5.00,5,19.05,29.56,26.72,0.0,0.00,0.0,0.0,,0.0
161,21,5.00,5,18.87,29.17,26.52,0.0,0.00,0.0,0.0,,0.0
161,22,5.00,5,18.48,28.81,26.27,0.0,0.00,0.0,0.0,,0.0
161,23,5.00,5,18.32,28.48,26.02,0.0,0.00,0.0,0.0,,0.0
161,24,5.00,5,18.12,28.16,25.78,0.0,0.00,0.0,0.0,,0.0
161,1,6.00,5,17.96,27.86,25.55,0.0,0.00,0.0,0.0,,0.0
161,2,6.00,5,18.02,27.57,25.33,0.0,0.00,0.0,0.0,,0.0
161,3,6.00,5,18.04,27.30,25.13,0.0,0.00,0.0,0.0,,0.0
161,4,6.00,5,18.01,27.04,24.93,0.0,0.00,0.0,0.0,,0.0
161,5,6.00,5,17.88,26.78,24.74,0.0,0.00,0.0,0.0,,0.0
161,6,6.00,5,17.46,26.51,24.53,0.0,0.00,0.0,0.0,,0.0
161,7,6.00,5,17.40,26.27,24.34,0.0,0.10,0.0,0.0,,0.0
161,8,6.00,5,17.72,27.26,25.57,0.0,46.62,0.0,0.0,,0.0
161,9,6.00,5,18.82,27.79,26.10,-226.52,349.15,0.0,0.0,,-226.52
161,10,6.00,5,20.54,28.35,26.10,-1794.32,482.36,0.0,0.0,,-1794.32
161,11,6.00,5,21.49,28.87,26.10,-2807.39,621.41,0.0,0.0,,-2807.39
161,12,6.00,5,21.99,29.35,26.10,-3661.51,740.98,0.0,0.0,,-3661.51
161,13,6.00,5,22.46,29.84,26.10,-4497.08,827.39,0.0,0.0,,-4497.08
161,14,6.00,5,22.08,30.18,26.10,-4900.61,827.68,0.0,0.0,,-4900.61
161,15,6.00,5,21.78,30.48,26.10,-5246.58,815.16,0.0,0.0,,-5246.58
161,16,6.00,5,21.51,30.72,26.10,-5441.61,711.57,0.0,0.0,,-5441.61
161,17,6.00,5,20.94,30.84,26.10,-5353.62,565.27,0.0,0.0,,-5353.62
161,18,6.00,5,19.98,30.75,26.10,-4795.16,175.19,0.0,0.0,,-4795.16
161,19,6.00,5,18.80,29.61,26.42,0.0,0.00,0.0,0.0,,0.0
161,20,6.00,5,18.15,29.07,26.29,0.0,0.00,0.0,0.0,,0.0
161,21,6.00,5,17.68,28.66,26.04,0.0,0.00,0.0,0.0,,0.0
161,22,6.00,5,17.16,28.28,25.76,0.0,0.00,0.0,0.0,,0.0
161,23,6.00,5,16.81,27.92,25.49,0.0,0.00,0.0,0.0,,0.0
161,24,6.00,5,16.51,27.58,25.22,0.0,0.00,0.0,0.0,,0.0
161,1,7.00,5,16.09,27.24,24.95,0.0,0.00,0.0,0.0,,0.0
161,2,7.00,5,15.59,26.89,24.67,0.0,0.00,0.0,0.0,,0.0
161,3,7.00,5,15.43,26.57,24.42,0.0,0.00,0.0,0.0,,0.0
161,4,7.00,5,15.27,26.27,24.17,0.0,0.00,0.0,0.0,,0.0
161,5,7.00,5,15.05,25.97,23.93,0.0,0.00,0.0,0.0,,0.0
161,6,7.00,5,14.62,25.66,23.68,0.0,0.00,0.0,0.0,,0.0
161,7,7.00,5,14.02,25.34,23.42,0.0,0.10,0.0,0.0,,0.0
161,8,7.00,5,13.62,25.94,24.25,0.0,46.62,0.0,0.0,,0.0
161,9,7.00,5,15.27,26.40,24.81,0.0,349.15,0.0,0.0,,0.0
161,10,7.00,5,17.45,26.98,25.46,0.0,482.36,0.0,0.0,,0.0
161,11,7.00,5,19.36,27.62,26.10,-113.42,621.41,0.0,0.0,,-113.42
161,12,7.00,5,20.82,28.26,26.10,-1869.95,740.98,0.0,0.0,,-1869.95
161,13,7.00,5,21.97,28.89,26.10,-3130.95,827.39,0.0,0.0,,-3130.95
161,14,7.00,5,21.68,29.30,26.10,-3711.3,827.68,0.0,0.0,,-3711.3
161,15,7.00,5,21.33,29.64,26.10,-4163.9,815.16,0.0,0.0,,-4163.9
161,16,7.00,5,20.98,29.89,26.10,-4433.4,711.57,0.0,0.0,,-4433.4
161,17,7.00,5,20.36,30.02,26.10,-4412.7,565.27,0.0,0.0,,-4412.7
161,18,7.00,5,19.46,29.96,26.10,-3956.34,175.19,0.0,0.0,,-3956.34
161,19,7.00,5,18.36,28.82,26.16,0.0,0.00,0.0,0.0,,0.0
161,20,7.00,5,17.67,28.29,25.97,0.0,0.00,0.0,0.0,,0.0
161,21,7.00,5,17.30,27.91,25.71,0.0,0.00,0.0,0.0,,0.0
161,22,7.00,5,16.91,27.56,25.44,0.0,0.00,0.0,0.0,,0.0
161,23,7.00,5,16.41,27.21,25.16,0.0,0.00,0.0,0.0,,0.0
161,24,7.00,5,16.16,26.89,24.89,0.0,0.00,0.0,0.0,,0.0
161,1,1.00,5,15.84,26.57,24.63,0.0,0.00,0.0,0.0,,0.0
161,2,1.00,5,15.40,26.25,24.36,0.0,0.00,0.0,0.0,,0.0
161,3,1.00,5,15.16,25.95,24.11,0.0,0.00,0.0,0.0,,0.0
161,4,1.00,5,15.02,25.66,23.87,0.0,0.00,0.0,0.0,,0.0
161,5,1.00,5,14.73,25.37,23.63,0.0,0.00,0.0,0.0,,0.0
161,6,1.00,5,14.22,25.07,23.37,0.0,0.00,0.0,0.0,,0.0
161,7,1.00,5,13.54,24.76,23.10,0.0,0.10,0.0,0.0,,0.0
161,8,1.00,5,13.28,25.39,23.94,0.0,46.62,0.0,0.0,,0.0
161,9,1.00,5,14.96,25.89,24.51,0.0,349.15,0.0,0.0,,0.0
161,10,1.00,5,17.07,26.47,25.14,0.0,482.36,0.0,0.0,,0.0
161,11,1.00,5,18.65,27.06,25.78,0.0,621.41,0.0,0.0,,0.0
161,12,1.00,5,19.86,27.65,26.10,-811.22,740.98,0.0,0.0,,-811.22
161,13,1.00,5,20.79,28.24,26.10,-2199.63,827.39,0.0,0.0,,-2199.63
161,14,1.00,5,21.48,28.79,26.10,-3216.93,827.68,0.0,0.0,,-3216.93
161,15,1.00,5,22.31,29.35,26.10,-4196.28,815.16,0.0,0.0,,-4196.28
161,16,1.00,5,22.17,29.72,26.10,-4617.56,711.57,0.0,0.0,,-4617.56
161,17,1.00,5,21.71,29.94,26.10,-4727.13,565.27,0.0,0.0,,-4727.13
161,18,1.00,5,20.99,29.96,26.10,-4401.41,175.19,0.0,0.0,,-4401.41
161,19,1.00,5,20.07,28.74,26.22,0.0,0.00,0.0,0.0,,0.0
161,20,1.00,5,19.62,28.24,26.08,0.0,0.00,0.0,0.0,,0.0
161,21,1.00,5,19.41,27.91,25.88,0.0,0.00,0.0,0.0,,0.0
161,22,1.00,5,19.42,27.63,25.67,0.0,0.00,0.0,0.0,,0.0
161,23,1.00,5,19.08,27.35,25.46,0.0,0.00,0.0,0.0,,0.0
161,24,1.00,5,18.95,27.10,25.25,0.0,0.00,0.0,0.0,,0.0
161,1,2.00,5,18.69,26.84,25.05,0.0,0.00,0.0,0.0,,0.0
161,2,2.00,5,18.49,26.59,24.85,0.0,0.00,0.0,0.0,,0.0
161,3,2.00,5,18.26,26.35,24.65,0.0,0.00,0.0,0.0,,0.0
161,4,2.00,5,18.26,26.12,24.47,0.0,0.00,0.0,0.0,,0.0
161,5,2.00,5,18.40,25.92,24.31,0.0,0.00,0.0,0.0,,0.0
161,6,2.00,5,18.22,25.71,24.13,0.0,0.00,0.0,0.0,,0.0
161,7,2.00,5,17.87,25.49,23.95,0.0,0.10,0.0,0.0,,0.0
161,8,2.00,5,17.74,26.57,25.22,0.0,46.62,0.0,0.0,,0.0
161,9,2.00,5,18.70,27.11,25.83,0.0,349.15,0.0,0.0,,0.0
161,10,2.00,5,20.34,27.69,26.10,-907.19,482.36,0.0,0.0,,-907.19
161,11,2.00,5,21.03,28.18,26.10,-2035.01,621.41,0.0,0.0,,-2035.01
161,12,2.00,5,21.43,28.65,26.10,-2902.65,740.98,0.0,0.0,,-2902.65
161,13,2.00,5,21.77,29.12,26.10,-3729.91,827.39,0.0,0.0,,-3729.91
161,14,2.00,5,21.92,29.55,26.10,-4385.64,827.68,0.0,0.0,,-4385.64
161,15,2.00,5,22.13,29.97,26.10,-4984.5,815.16,0.0,0.0,,-4984.5
161,16,2.00,5,21.73,30.24,26.10,-5174.97,711.57,0.0,0.0,,-5174.97
161,17,2.00,5,21.25,30.40,26.10,-5162.13,565.27,0.0,0.0,,-5162.13
161,18,2.00,5,20.47,30.36,26.10,-4713.32,175.19,0.0,0.0,,-4713.32
161,19,2.00,5,19.34,29.18,26.36,0.0,0.00,0.0,0.0,,0.0
161,20,2.00,5,18.66,28.65,26.21,0.0,0.00,0.0,0.0,,0.0
161,21,2.00,5,18.46,28.27,25.99,0.0,0.00,0.0,0.0,,0.0
161,22,2.00,5,17.80,27.91,25.71,0.0,0.00,0.0,0.0,,0.0
161,23,2.00,5,17.72,27.59,25.46,0.0,0.00,0.0,0.0,,0.0
161,24,2.00,5,17.35,27.28,25.21,0.0,0.00,0.0,0.0,,0.0
161,1,3.00,5,17.05,26.97,24.96,0.0,0.00,0.0,0.0,,0.0
161,2,3.00,5,17.04,26.68,24.73,0.0,0.00,0.0,0.0,,0.0
161,3,3.00,5,16.86,26.40,24.51,0.0,0.00,0.0,0.0,,0.0
161,4,3.00,5,16.46,26.12,24.27,0.0,0.00,0.0,0.0,,0.0
161,5,3.00,5,16.04,25.83,24.03,0.0,0.00,0.0,0.0,,0.0
161,6,3.00,5,15.65,25.54,23.80,0.0,0.00,0.0,0.0,,0.0
161,7,3.00,5,16.40,25.34,23.64,0.0,0.10,0.0,0.0,,0.0
161,8,3.00,5,16.59,27.50,25.84,0.0,46.62,0.0,0.0,,0.0
161,9,3.00,5,17.08,28.32,26.70,0.0,349.15,0.0,0.0,,0.0
161,10,3.00,5,19.12,28.94,27.36,0.0,482.36,0.0,0.0,,0.0
161,11,3.00,5,20.66,29.55,28.01,0.0,621.41,0.0,0.0,,0.0
161,12,3.00,5,21.04,30.13,28.62,0.0,740.98,0.0,0.0,,0.0
161,13,3.00,5,21.52,30.72,29.25,0.0,827.39,0.0,0.0,,0.0
161,14,3.00,5,21.87,31.30,29.87,0.0,827.68,0.0,0.0,,0.0
161,15,3.00,5,22.26,31.86,30.46,0.0,815.16,0.0,0.0,,0.0
161,16,3.00,5,21.90,32.32,30.95,0.0,711.57,0.0,0.0,,0.0
161,17,3.00,5,21.19,32.66,31.32,0.0,565.27,0.0,0.0,,0.0
161,18,3.00,5,20.40,32.83,31.52,0.0,175.19,0.0,0.0,,0.0
161,19,3.00,5,19.50,30.56,29.28,0.0,0.00,0.0,0.0,,0.0
161,20,3.00,5,18.94,29.75,28.49,0.0,0.00,0.0,0.0,,0.0
161,21,3.00,5,19.13,29.31,28.07,0.0,0.00,0.0,0.0,,0.0
161,22,3.00,5,18.67,28.92,27.71,0.0,0.00,0.0,0.0,,0.0
161,23,3.00,5,18.49,28.57,27.38,0.0,0.00,0.0,0.0,,0.0
161,24,3.00,5,18.21,28.24,27.07,0.0,0.00,0.0,0.0,,0.0
161,1,4.00,5,18.23,27.93,26.79,0.0,0.00,0.0,0.0,,0.0
161,2,4.00,5,18.28,27.64,26.52,0.0,0.00,0.0,0.0,,0.0
161,3,4.00,5,16.87,27.27,26.17,0.0,0.00,0.0,0.0,,0.0
161,4,4.00,5,16.72,26.96,25.87,0.0,0.00,0.0,0.0,,0.0
161,5,4.00,5,16.71,26.67,25.60,0.0,0.00,0.0,0.0,,0.0
161,6,4.00,5,16.02,26.35,25.30,0.0,0.00,0.0,0.0,,0.0
161,7,4.00,5,16.91,26.12,25.09,0.0,0.10,0.0,0.0,,0.0
161,8,4.00,5,17.47,28.29,27.28,0.0,46.62,0.0,0.0,,0.0
161,9,4.00,5,18.21,29.11,28.11,0.0,349.15,0.0,0.0,,0.0
161,10,4.00,5,20.38,29.75,28.76,0.0,482.36,0.0,0.0,,0.0
161,11,4.00,5,22.26,30.38,29.41,0.0,621.41,0.0,0.0,,0.0
161,12,4.00,5,22.52,30.96,30.00,0.0,740.98,0.0,0.0,,0.0
161,13,4.00,5,23.52,31.59,30.64,0.0,827.39,0.0,0.0,,0.0
161,14,4.00,5,23.17,32.14,31.21,0.0,827.68,0.0,0.0,,0.0
161,15,4.00,5,23.05,32.66,31.74,0.0,815.16,0.0,0.0,,0.0
161,16,4.00,5,22.96,33.11,32.21,0.0,711.57,0.0,0.0,,0.0
161,17,4.00,5,22.54,33.47,32.58,0.0,565.27,0.0,0.0,,0.0
161,18,4.00,5,21.93,33.65,32.77,0.0,175.19,0.0,0.0,,0.0
161,19,4.00,5,20.96,31.39,30.51,0.0,0.00,0.0,0.0,,0.0
161,20,4.00,5,20.33,30.57,29.71,0.0,0.00,0.0,0.0,,0.0
161,21,4.00,5,20.13,30.10,29.25,0.0,0.00,0.0,0.0,,0.0
161,22,4.00,5,19.53,29.69,28.85,0.0,0.00,0.0,0.0,,0.0
161,23,4.00,5,19.54,29.35,28.52,0.0,0.00,0.0,0.0,,0.0
161,24,4.00,5,19.10,29.00,28.17,0.0,0.00,0.0,0.0,,0.0
161,1,5.00,5,19.12,28.68,27.87,0.0,0.00,0.0,0.0,,0.0
161,2,5.00,5,19.41,28.40,27.59,0.0,0.00,0.0,0.0,,0.0
161,3,5.00,5,19.32,28.11,27.32,0.0,0.00,0.0,0.0,,0.0
161,4,5.00,5,19.36,27.85,27.06,0.0,0.00,0.0,0.0,,0.0
161,5,5.00,5,19.28,27.58,26.80,0.0,0.00,0.0,0.0,,0.0
161,6,5.00,5,18.91,27.31,26.54,0.0,0.00,0.0,0.0,,0.0
161,7,5.00,5,18.41,27.03,26.27,0.0,0.10,0.0,0.0,,0.0
161,8,5.00,5,18.23,27.95,26.10,-2998.72,46.62,0.0,0.0,,-2998.72
161,9,5.00,5,18.64,28.33,26.10,-3209.32,349.15,0.0,0.0,,-3209.32
161,10,5.00,5,19.66,28.73,26.10,-3802.08,482.36,0.0,0.0,,-3802.08
161,11,5.00,5,21.12,29.24,26.10,-4674.47,621.41,0.0,0.0,,-4674.47
161,12,5.00,5,21.21,29.63,26.10,-5070.84,740.98,0.0,0.0,,-5070.84
161,13,5.00,5,21.43,30.01,26.10,-5545.41,827.39,0.0,0.0,,-5545.41
161,14,5.00,5,21.36,30.35,26.10,-5848.15,827.68,0.0,0.0,,-5848.15
161,15,5.00,5,21.33,30.66,26.10,-6117.43,815.16,0.0,0.0,,-6117.43
161,16,5.00,5,21.07,30.88,26.10,-6158.24,711.57,0.0,0.0,,-6158.24
161,17,5.00,5,20.54,30.97,26.10,-5950.46,565.27,0.0,0.0,,-5950.46
161,18,5.00,5,19.89,30.90,26.10,-5402.41,175.19,0.0,0.0,,-5402.41
161,19,5.00,5,19.15,29.81,26.68,0.0,0.00,0.0,0.0,,0.0
161,20,5.00,5,18.60,29.28,26.61,0.0,0.00,0.0,0.0,,0.0
161,21,5.00,5,18.49,28.90,26.39,0.0,0.00,0.0,0.0,,0.0
161,22,5.00,5,18.43,28.55,26.15,0.0,0.00,0.0,0.0,,0.0
161,23,5.00,5,18.20,28.22,25.90,0.0,0.00,0.0,0.0,,0.0
161,24,5.00,5,17.57,27.88,25.63,0.0,0.00,0.0,0.0,,0.0
161,1,6.00,5,17.15,27.54,25.36,0.0,0.00,0.0,0.0,,0.0
161,2,6.00,5,16.99,27.23,25.12,0.0,0.00,0.0,0.0,,0.0
161,3,6.00,5,16.95,26.93,24.89,0.0,0.00,0.0,0.0,,0.0
161,4,6.00,5,16.97,26.66,24.67,0.0,0.00,0.0,0.0,,0.0
161,5,6.00,5,16.79,26.38,24.45,0.0,0.00,0.0,0.0,,0.0
161,6,6.00,5,16.66,26.11,24.24,0.0,0.00,0.0,0.0,,0.0
161,7,6.00,5,16.29,25.84,24.02,0.0,0.10,0.0,0.0,,0.0
161,8,6.00,5,16.20,26.68,25.09,0.0,46.62,0.0,0.0,,0.0
161,9,6.00,5,17.36,27.16,25.67,0.0,349.15,0.0,0.0,,0.0
161,10,6.00,5,19.67,27.79,26.10,-651.07,482.36,0.0,0.0,,-651.07
161,11,6.00,5,21.66,28.48,26.10,-2382.31,621.41,0.0,0.0,,-2382.31
161,12,6.00,5,22.33,29.03,26.10,-3367.99,740.98,0.0,0.0,,-3367.99
161,13,6.00,5,22.90,29.57,26.10,-4301.58,827.39,0.0,0.0,,-4301.58
161,14,6.00,5,22.69,29.97,26.10,-4824.35,827.68,0.0,0.0,,-4824.35
161,15,6.00,5,22.40,30.31,26.10,-5225.74,815.16,0.0,0.0,,-5225.74
161,16,6.00,5,22.05,30.57,26.10,-5431.54,711.57,0.0,0.0,,-5431.54
161,17,6.00,5,21.47,30.70,26.10,-5372.64,565.27,0.0,0.0,,-5372.64
161,18,6.00,5,20.63,30.65,26.10,-4896.45,175.19,0.0,0.0,,-4896.45
161,19,6.00,5,19.80,29.49,26.43,0.0,0.00,0.0,0.0,,0.0
161,20,6.00,5,19.02,28.95,26.31,0.0,0.00,0.0,0.0,,0.0
161,21,6.00,5,18.69,28.56,26.08,0.0,0.00,0.0,0.0,,0.0
161,22,6.00,5,18.33,28.22,25.83,0.0,0.00,0.0,0.0,,0.0
161,23,6.00,5,18.22,27.90,25.59,0.0,0.00,0.0,0.0,,0.0
161,24,6.00,5,17.86,27.58,25.35,0.0,0.00,0.0,0.0,,0.0
161,1,7.00,5,17.43,27.27,25.10,0.0,0.00,0.0,0.0,,0.0
161,2,7.00,5,17.00,26.95,24.85,0.0,0.00,0.0,0.0,,0.0
161,3,7.00,5,16.48,26.63,24.59,0.0,0.00,0.0,0.0,,0.0
161,4,7.00,5,16.16,26.33,24.35,0.0,0.00,0.0,0.0,,0.0
161,5,7.00,5,15.87,26.03,24.11,0.0,0.00,0.0,0.0,,0.0
161,6,7.00,5,15.54,25.74,23.87,0.0,0.00,0.0,0.0,,0.0
161,7,7.00,5,15.78,25.49,23.67,0.0,0.10,0.0,0.0,,0.0
161,8,7.00,5,16.23,26.42,24.82,0.0,46.62,0.0,0.0,,0.0
161,9,7.00,5,17.51,26.94,25.44,0.0,349.15,0.0,0.0,,0.0
161,10,7.00,5,18.95,27.45,26.01,0.0,482.36,0.0,0.0,,0.0
161,11,7.00,5,20.15,27.98,26.10,-1265.41,621.41,0.0,0.0,,-1265.41
161,12,7.00,5,20.62,28.45,26.10,-2245.73,740.98,0.0,0.0,,-2245.73
161,13,7.00,5,20.84,28.88,26.10,-3050.1,827.39,0.0,0.0,,-3050.1
161,14,7.00,5,21.19,29.32,26.10,-3809.53,827.68,0.0,0.0,,-3809.53
161,15,7.00,5,21.37,29.72,26.10,-4418.51,815.16,0.0,0.0,,-4418.51
161,16,7.00,5,21.16,30.00,26.10,-4702.5,711.57,0.0,0.0,,-4702.5
161,17,7.00,5,20.84,30.19,26.10,-4776.61,565.27,0.0,0.0,,-4776.61
161,18,7.00,5,20.17,30.17,26.10,-4392.52,175.19,0.0,0.0,,-4392.52
161,19,7.00,5,19.39,29.02,26.29,0.0,0.00,0.0,0.0,,0.0
161,20,7.00,5,18.90,28.51,26.14,0.0,0.00,0.0,0.0,,0.0
161,21,7.00,5,18.76,28.15,25.93,0.0,0.00,0.0,0.0,,0.0
161,22,7.00,5,18.73,27.85,25.70,0.0,0.00,0.0,0.0,,0.0
161,23,7.00,5,18.62,27.56,25.48,0.0,0.00,0.0,0.0,,0.0
161,24,7.00,5,18.63,27.29,25.27,0.0,0.00,0.0,0.0,,0.0
161,1,1.00,6,18.54,27.03,25.07,0.0,0.00,0.0,0.0,,0.0
161,2,1.00,6,18.50,26.78,24.88,0.0,0.00,0.0,0.0,,0.0
161,3,1.00,6,18.53,26.54,24.69,0.0,0.00,0.0,0.0,,0.0
161,4,1.00,6,18.51,26.31,24.52,0.0,0.00,0.0,0.0,,0.0
161,5,1.00,6,18.46,26.09,24.35,0.0,0.00,0.0,0.0,,0.0
161,6,1.00,6,18.31,25.88,24.18,0.0,0.00,0.0,0.0,,0.0
161,7,1.00,6,17.89,25.64,23.99,0.0,0.00,0.0,0.0,,0.0
161,8,1.00,6,17.74,26.69,25.24,0.0,10.05,0.0,0.0,,0.0
161,9,1.00,6,18.26,27.13,25.75,0.0,242.17,0.0,0.0,,0.0
161,10,1.00,6,19.14,27.53,25.99,-563.54,373.00,0.0,0.0,,-563.54
161,11,1.00,6,19.65,27.91,25.99,-1514.6,553.68,0.0,0.0,,-1514.6
161,12,1.00,6,19.73,28.28,25.99,-2236.39,788.91,0.0,0.0,,-2236.39
161,13,1.00,6,19.51,28.60,25.99,-2785.5,894.13,0.0,0.0,,-2785.5
161,14,1.00,6,19.51,28.94,25.99,-3373.96,949.55,0.0,0.0,,-3373.96
161,15,1.00,6,19.44,29.26,25.99,-3838.13,946.43,0.0,0.0,,-3838.13
161,16,1.00,6,19.21,29.49,25.99,-4066.72,825.30,0.0,0.0,,-4066.72
161,17,1.00,6,18.92,29.63,25.99,-4104.68,661.28,0.0,0.0,,-4104.68
161,18,1.00,6,18.37,29.57,25.99,-3689.93,182.45,0.0,0.0,,-3689.93
161,19,1.00,6,17.73,28.52,26.05,0.0,0.00,0.0,0.0,,0.0
161,20,1.00,6,17.37,28.02,25.86,0.0,0.00,0.0,0.0,,0.0
161,21,1.00,6,17.43,27.67,25.62,0.0,0.00,0.0,0.0,,0.0
161,22,1.00,6,17.42,27.35,25.38,0.0,0.00,0.0,0.0,,0.0
161,23,1.00,6,17.35,27.05,25.15,0.0,0.00,0.0,0.0,,0.0
161,24,1.00,6,17.33,26.77,24.92,0.0,0.00,0.0,0.0,,0.0
161,1,2.00,6,17.36,26.51,24.70,0.0,0.00,0.0,0.0,,0.0
161,2,2.00,6,17.45,26.26,24.50,0.0,0.00,0.0,0.0,,0.0
161,3,2.00,6,17.49,26.02,24.31,0.0,0.00,0.0,0.0,,0.0
161,4,2.00,6,17.57,25.79,24.13,0.0,0.00,0.0,0.0,,0.0
161,5,2.00,6,17.60,25.58,23.96,0.0,0.00,0.0,0.0,,0.0
161,6,2.00,6,17.36,25.35,23.78,0.0,0.00,0.0,0.0,,0.0
161,7,2.00,6,17.11,25.13,23.59,0.0,0.00,0.0,0.0,,0.0
161,8,2.00,6,17.08,26.17,24.82,0.0,10.05,0.0,0.0,,0.0
161,9,2.00,6,17.81,26.64,25.37,0.0,242.17,0.0,0.0,,0.0
161,10,2.00,6,19.12,27.12,25.90,0.0,373.00,0.0,0.0,,0.0
161,11,2.00,6,20.07,27.61,25.99,-1114.73,553.68,0.0,0.0,,-1114.73
161,12,2.00,6,20.20,28.03,25.99,-1986.48,788.91,0.0,0.0,,-1986.48
161,13,2.00,6,20.35,28.44,25.99,-2756.96,894.13,0.0,0.0,,-2756.96
161,14,2.00,6,20.56,28.86,25.99,-3496.76,949.55,0.0,0.0,,-3496.76
161,15,2.00,6,20.37,29.21,25.99,-3975.99,946.43,0.0,0.0,,-3975.99
161,16,2.00,6,20.11,29.47,25.99,-4243.45,825.30,0.0,0.0,,-4243.45
161,17,2.00,6,19.72,29.63,25.99,-4282.64,661.28,0.0,0.0,,-4282.64
161,18,2.00,6,18.99,29.57,25.99,-3828.73,182.45,0.0,0.0,,-3828.73
161,19,2.00,6,18.40,28.47,26.06,0.0,0.00,0.0,0.0,,0.0
161,20,2.00,6,18.14,27.98,25.89,0.0,0.00,0.0,0.0,,0.0
161,21,2.00,6,18.15,27.64,25.67,0.0,0.00,0.0,0.0,,0.0
161,22,2.00,6,17.97,27.33,25.43,0.0,0.00,0.0,0.0,,0.0
161,23,2.00,6,17.94,27.05,25.20,0.0,0.00,0.0,0.0,,0.0
161,24,2.00,6,17.83,26.77,24.98,0.0,0.00,0.0,0.0,,0.0
161,1,3.00,6,17.84,26.51,24.77,0.0,0.00,0.0,0.0,,0.0
161,2,3.00,6,18.18,26.29,24.59,0.0,0.00,0.0,0.0,,0.0
161,3,3.00,6,18.32,26.07,24.42,0.0,0.00,0.0,0.0,,0.0
161,4,3.00,6,18.28,25.86,24.25,0.0,0.00,0.0,0.0,,0.0
161,5,3.00,6,18.25,25.65,24.08,0.0,0.00,0.0,0.0,,0.0
161,6,3.00,6,18.19,25.45,23.92,0.0,0.00,0.0,0.0,,0.0
161,7,3.00,6,17.87,25.24,23.75,0.0,0.00,0.0,0.0,,0.0
161,8,3.00,6,17.79,27.40,25.95,0.0,10.05,0.0,0.0,,0.0
161,9,3.00,6,18.57,28.23,26.81,0.0,242.17,0.0,0.0,,0.0
161,10,3.00,6,19.55,28.79,27.41,0.0,373.00,0.0,0.0,,0.0
161,11,3.00,6,20.25,29.32,27.97,0.0,553.68,0.0,0.0,,0.0
161,12,3.00,6,20.52,29.88,28.55,0.0,788.91,0.0,0.0,,0.0
161,13,3.00,6,20.45,30.42,29.12,0.0,894.13,0.0,0.0,,0.0
161,14,3.00,6,20.39,30.96,29.69,0.0,949.55,0.0,0.0,,0.0
161,15,3.00,6,20.17,31.46,30.22,0.0,946.43,0.0,0.0,,0.0
161,16,3.00,6,19.91,31.89,30.67,0.0,825.30,0.0,0.0,,0.0
161,17,3.00,6,19.52,32.22,31.03,0.0,661.28,0.0,0.0,,0.0
161,18,3.00,6,18.75,32.35,31.19,0.0,182.45,0.0,0.0,,0.0
161,19,3.00,6,17.84,30.05,28.91,0.0,0.00,0.0,0.0,,0.0
161,20,3.00,6,17.44,29.23,28.11,0.0,0.00,0.0,0.0,,0.0
161,21,3.00,6,17.27,28.74,27.64,0.0,0.00,0.0,0.0,,0.0
161,22,3.00,6,16.89,28.33,27.25,0.0,0.00,0.0,0.0,,0.0
161,23,3.00,6,16.83,27.97,26.91,0.0,0.00,0.0,0.0,,0.0
161,24,3.00,6,16.40,27.60,26.56,0.0,0.00,0.0,0.0,,0.0
161,1,4.00,6,16.30,27.26,26.24,0.0,0.00,0.0,0.0,,0.0
161,2,4.00,6,16.23,26.94,25.94,0.0,0.00,0.0,0.0,,0.0
161,3,4.00,6,16.23,26.64,25.65,0.0,0.00,0.0,0.0,,0.0
161,4,4.00,6,16.50,26.37,25.39,0.0,0.00,0.0,0.0,,0.0
161,5,4.00,6,16.69,26.11,25.15,0.0,0.00,0.0,0.0,,0.0
161,6,4.00,6,16.48,25.84,24.90,0.0,0.00,0.0,0.0,,0.0
161,7,4.00,6,16.34,25.58,24.66,0.0,0.00,0.0,0.0,,0.0
161,8,4.00,6,16.60,27.72,26.81,0.0,10.05,0.0,0.0,,0.0
161,9,4.00,6,17.17,28.50,27.60,0.0,242.17,0.0,0.0,,0.0
161,10,4.00,6,18.84,29.06,28.18,0.0,373.00,0.0,0.0,,0.0
161,11,4.00,6,20.32,29.62,28.75,0.0,553.68,0.0,0.0,,0.0
161,12,4.00,6,20.62,30.17,29.31,0.0,788.91,0.0,0.0,,0.0
161,13,4.00,6,20.98,30.74,29.89,0.0,894.13,0.0,0.0,,0.0
161,14,4.00,6,20.87,31.28,30.44,0.0,949.55,0.0,0.0,,0.0
161,15,4.00,6,20.88,31.79,30.97,0.0,946.43,0.0,0.0,,0.0
161,16,4.00,6,20.79,32.24,31.42,0.0,825.30,0.0,0.0,,0.0
161,17,4.00,6,20.45,32.59,31.78,0.0,661.28,0.0,0.0,,0.0
161,18,4.00,6,19.64,32.72,31.93,0.0,182.45,0.0,0.0,,0.0
161,19,4.00,6,18.55,30.42,29.63,0.0,0.00,0.0,0.0,,0.0
161,20,4.00,6,18.15,29.59,28.82,0.0,0.00,0.0,0.0,,0.0
161,21,4.00,6,17.83,29.10,28.33,0.0,0.00,0.0,0.0,,0.0
161,22,4.00,6,17.81,28.71,27.95,0.0,0.00,0.0,0.0,,0.0
161,23,4.00,6,17.46,28.34,27.59,0.0,0.00,0.0,0.0,,0.0
161,24,4.00,6,17.17,27.98,27.24,0.0,0.00,0.0,0.0,,0.0
161,1,5.00,6,16.99,27.64,26.91,0.0,0.00,0.0,0.0,,0.0
161,2,5.00,6,16.86,27.32,26.59,0.0,0.00,0.0,0.0,,0.0
161,3,5.00,6,16.70,27.00,26.28,0.0,0.00,0.0,0.0,,0.0
161,4,5.00,6,16.51,26.70,25.98,0.0,0.00,0.0,0.0,,0.0
161,5,5.00,6,16.37,26.40,25.69,0.0,0.00,0.0,0.0,,0.0
161,6,5.00,6,16.02,26.10,25.40,0.0,0.00,0.0,0.0,,0.0
161,7,5.00,6,15.69,25.81,25.11,0.0,0.00,0.0,0.0,,0.0
161,8,5.00,6,16.01,26.64,25.99,-65.08,10.05,0.0,0.0,,-65.08
161,9,5.00,6,16.88,27.04,25.99,-1138.66,242.17,0.0,0.0,,-1138.66
161,10,5.00,6,18.35,27.48,25.99,-2014.7,373.00,0.0,0.0,,-2014.7
161,11,5.00,6,19.52,27.96,25.99,-2866.27,553.68,0.0,0.0,,-2866.27
161,12,5.00,6,20.06,28.41,25.99,-3583.2,788.91,0.0,0.0,,-3583.2
161,13,5.00,6,20.43,28.84,25.99,-4222.37,894.13,0.0,0.0,,-4222.37
161,14,5.00,6,20.72,29.27,25.99,-4809.47,949.55,0.0,0.0,,-4809.47
161,15,5.00,6,21.02,29.68,25.99,-5329.33,946.43,0.0,0.0,,-5329.33
161,16,5.00,6,20.72,29.94,25.99,-5454.35,825.30,0.0,0.0,,-5454.35
161,17,5.00,6,20.17,30.07,25.99,-5321.18,661.28,0.0,0.0,,-5321.18
161,18,5.00,6,19.37,29.99,25.99,-4739.95,182.45,0.0,0.0,,-4739.95
161,19,5.00,6,18.49,28.87,26.34,0.0,0.00,0.0,0.0,,0.0
161,20,5.00,6,18.07,28.36,26.22,0.0,0.00,0.0,0.0,,0.0
161,21,5.00,6,17.92,27.98,25.99,0.0,0.00,0.0,0.0,,0.0
161,22,5.00,6,17.95,27.67,25.76,0.0,0.00,0.0,0.0,,0.0
161,23,5.00,6,17.72,27.36,25.51,0.0,0.00,0.0,0.0,,0.0
161,24,5.00,6,17.60,27.06,25.27,0.0,0.00,0.0,0.0,,0.0
161,1,6.00,6,17.45,26.77,25.04,0.0,0.00,0.0,0.0,,0.0
161,2,6.00,6,17.40,26.50,24.82,0.0,0.00,0.0,0.0,,0.0
161,3,6.00,6,17.29,26.24,24.60,0.0,0.00,0.0,0.0,,0.0
161,4,6.00,6,17.21,25.99,24.39,0.0,0.00,0.0,0.0,,0.0
161,5,6.00,6,17.21,25.75,24.20,0.0,0.00,0.0,0.0,,0.0
161,6,6.00,6,17.07,25.51,24.00,0.0,0.00,0.0,0.0,,0.0
161,7,6.00,6,16.93,25.28,23.81,0.0,0.00,0.0,0.0,,0.0
161,8,6.00,6,16.73,26.25,24.96,0.0,10.05,0.0,0.0,,0.0
161,9,6.00,6,17.42,26.69,25.47,0.0,242.17,0.0,0.0,,0.0
161,10,6.00,6,18.27,27.07,25.91,0.0,373.00,0.0,0.0,,0.0
161,11,6.00,6,19.14,27.50,25.99,-997.99,553.68,0.0,0.0,,-997.99
161,12,6.00,6,19.82,27.97,25.99,-2035.44,788.91,0.0,0.0,,-2035.44
161,13,6.00,6,19.93,28.38,25.99,-2755.8,894.13,0.0,0.0,,-2755.8
161,14,6.00,6,20.09,28.78,25.99,-3445.32,949.55,0.0,0.0,,-3445.32
161,15,6.00,6,20.01,29.13,25.99,-3942.89,946.43,0.0,0.0,,-3942.89
161,16,6.00,6,19.66,29.36,25.99,-4151.07,825.30,0.0,0.0,,-4151.07
161,17,6.00,6,19.11,29.48,25.99,-4105.12,661.28,0.0,0.0,,-4105.12
161,18,6.00,6,18.34,29.40,25.99,-3614.17,182.45,0.0,0.0,,-3614.17
161,19,6.00,6,17.67,28.32,26.02,0.0,0.00,0.0,0.0,,0.0
161,20,6.00,6,17.36,27.83,25.83,0.0,0.00,0.0,0.0,,0.0
161,21,6.00,6,17.22,27.46,25.58,0.0,0.00,0.0,0.0,,0.0
161,22,6.00,6,16.95,27.13,25.32,0.0,0.00,0.0,0.0,,0.0
161,23,6.00,6,16.82,26.82,25.06,0.0,0.00,0.0,0.0,,0.0
161,24,6.00,6,16.53,26.51,24.81,0.0,0.00,0.0,0.0,,0.0
161,1,7.00,6,16.49,26.22,24.57,0.0,0.00,0.0,0.0,,0.0
161,2,7.00,6,16.58,25.96,24.35,0.0,0.00,0.0,0.0,,0.0
161,3,7.00,6,16.74,25.72,24.15,0.0,0.00,0.0,0.0,,0.0
161,4,7.00,6,16.56,25.47,23.94,0.0,0.00,0.0,0.0,,0.0
161,5,7.00,6,16.58,25.23,23.75,0.0,0.00,0.0,0.0,,0.0
161,6,7.00,6,16.31,24.99,23.55,0.0,0.00,0.0,0.0,,0.0
161,7,7.00,6,16.11,24.76,23.35,0.0,0.00,0.0,0.0,,0.0
161,8,7.00,6,15.90,25.70,24.46,0.0,10.05,0.0,0.0,,0.0
161,9,7.00,6,16.98,26.19,25.02,0.0,242.17,0.0,0.0,,0.0
161,10,7.00,6,18.33,26.67,25.55,0.0,373.00,0.0,0.0,,0.0
161,11,7.00,6,19.57,27.19,25.99,-307.91,553.68,0.0,0.0,,-307.91
161,12,7.00,6,20.43,27.73,25.99,-1714.71,788.91,0.0,0.0,,-1714.71
161,13,7.00,6,20.72,28.21,25.99,-2595.47,894.13,0.0,0.0,,-2595.47
161,14,7.00,6,21.02,28.68,25.99,-3422.51,949.55,0.0,0.0,,-3422.51
161,15,7.00,6,21.21,29.11,25.99,-4102.63,946.43,0.0,0.0,,-4102.63
161,16,7.00,6,20.68,29.37,25.99,-4305.25,825.30,0.0,0.0,,-4305.25
161,17,7.00,6,19.88,29.48,25.99,-4211.42,661.28,0.0,0.0,,-4211.42
161,18,7.00,6,18.81,29.37,25.99,-3636.85,182.45,0.0,0.0,,-3636.85
161,19,7.00,6,17.76,28.23,25.97,0.0,0.00,0.0,0.0,,0.0
161,20,7.00,6,17.11,27.70,25.75,0.0,0.00,0.0,0.0,,0.0
161,21,7.00,6,16.61,27.30,25.46,0.0,0.00,0.0,0.0,,0.0
161,22,7.00,6,16.10,26.93,25.16,0.0,0.00,0.0,0.0,,0.0
161,23,7.00,6,15.41,26.57,24.85,0.0,0.00,0.0,0.0,,0.0
161,24,7.00,6,14.93,26.22,24.55,0.0,0.00,0.0,0.0,,0.0
161,1,1.00,6,14.44,25.87,24.25,0.0,0.00,0.0,0.0,,0.0
161,2,1.00,6,13.94,25.53,23.95,0.0,0.00,0.0,0.0,,0.0
161,3,1.00,6,13.62,25.20,23.67,0.0,0.00,0.0,0.0,,0.0
161,4,1.00,6,13.36,24.88,23.39,0.0,0.00,0.0,0.0,,0.0
161,5,1.00,6,13.06,24.57,23.12,0.0,0.00,0.0,0.0,,0.0
161,6,1.00,6,12.61,24.25,22.84,0.0,0.00,0.0,0.0,,0.0
161,7,1.00,6,12.29,23.94,22.57,0.0,0.00,0.0,0.0,,0.0
161,8,1.00,6,11.96,24.51,23.30,0.0,10.05,0.0,0.0,,0.0
161,9,1.00,6,13.53,24.94,23.80,0.0,242.17,0.0,0.0,,0.0
161,10,1.00,6,15.20,25.41,24.31,0.0,373.00,0.0,0.0,,0.0
161,11,1.00,6,16.82,25.94,24.88,0.0,553.68,0.0,0.0,,0.0
161,12,1.00,6,18.08,26.52,25.50,0.0,788.91,0.0,0.0,,0.0
161,13,1.00,6,18.85,27.06,25.99,-203.03,894.13,0.0,0.0,,-203.03
161,14,1.00,6,19.62,27.60,25.99,-1634.96,949.55,0.0,0.0,,-1634.96
161,15,1.00,6,20.30,28.13,25.99,-2650.51,946.43,0.0,0.0,,-2650.51
161,16,1.00,6,19.95,28.45,25.99,-3045.37,825.30,0.0,0.0,,-3045.37
161,17,1.00,6,19.47,28.64,25.99,-3193.15,661.28,0.0,0.0,,-3193.15
161,18,1.00,6,18.60,28.60,25.99,-2806.51,182.45,0.0,0.0,,-2806.51
161,19,1.00,6,17.51,27.43,25.68,0.0,0.00,0.0,0.0,,0.0
161,20,1.00,6,16.81,26.92,25.39,0.0,0.00,0.0,0.0,,0.0
161,21,1.00,6,16.28,26.54,25.09,0.0,0.00,0.0,0.0,,0.0
161,22,1.00,6,15.99,26.21,24.81,0.0,0.00,0.0,0.0,,0.0
161,23,1.00,6,15.52,25.88,24.53,0.0,0.00,0.0,0.0,,0.0
161,24,1.00,6,15.11,25.57,24.24,0.0,0.00,0.0,0.0,,0.0
161,1,2.00,6,14.46,25.24,23.95,0.0,0.00,0.0,0.0,,0.0
161,2,2.00,6,14.21,24.93,23.68,0.0,0.00,0.0,0.0,,0.0
161,3,2.00,6,13.98,24.64,23.41,0.0,0.00,0.0,0.0,,0.0
161,4,2.00,6,13.70,24.35,23.15,0.0,0.00,0.0,0.0,,0.0
161,5,2.00,6,13.22,24.06,22.89,0.0,0.00,0.0,0.0,,0.0
161,6,2.00,6,12.90,23.77,22.63,0.0,0.00,0.0,0.0,,0.0
161,7,2.00,6,12.50,23.48,22.36,0.0,0.00,0.0,0.0,,0.0
161,8,2.00,6,13.24,24.31,23.32,0.0,10.05,0.0,0.0,,0.0
161,9,2.00,6,14.84,24.83,23.90,0.0,242.17,0.0,0.0,,0.0
161,10,2.00,6,16.90,25.42,24.52,0.0,373.00,0.0,0.0,,0.0
161,11,2.00,6,18.62,26.05,25.17,0.0,553.68,0.0,0.0,,0.0
161,12,2.00,6,19.81,26.68,25.83,0.0,788.91,0.0,0.0,,0.0
161,13,2.00,6,20.67,27.29,25.99,-1218.66,894.13,0.0,0.0,,-1218.66
161,14,2.00,6,20.28,27.70,25.99,-2013.84,949.55,0.0,0.0,,-2013.84
161,15,2.00,6,19.88,28.05,25.99,-2578.76,946.43,0.0,0.0,,-2578.76
161,16,2.00,6,19.43,28.31,25.99,-2912.48,825.30,0.0,0.0,,-2912.48
161,17,2.00,6,18.78,28.45,25.99,-2961.94,661.28,0.0,0.0,,-2961.94
161,18,2.00,6,17.75,28.35,25.99,-2481.04,182.45,0.0,0.0,,-2481.04
161,19,2.00,6,16.54,27.22,25.61,0.0,0.00,0.0,0.0,,0.0
161,20,2.00,6,15.96,26.70,25.30,0.0,0.00,0.0,0.0,,0.0
161,21,2.00,6,15.56,26.32,24.99,0.0,0.00,0.0,0.0,,0.0
161,22,2.00,6,15.50,25.99,24.71,0.0,0.00,0.0,0.0,,0.0
161,23,2.00,6,14.90,25.66,24.41,0.0,0.00,0.0,0.0,,0.0
161,24,2.00,6,14.76,25.35,24.13,0.0,0.00,0.0,0.0,,0.0
161,1,3.00,6,14.23,25.03,23.84,0.0,0.00,0.0,0.0,,0.0
161,2,3.00,6,13.68,24.71,23.55,0.0,0.00,0.0,0.0,,0.0
161,3,3.00,6,13.25,24.39,23.26,0.0,0.00,0.0,0.0,,0.0
161,4,3.00,6,12.97,24.09,22.98,0.0,0.00,0.0,0.0,,0.0
161,5,3.00,6,12.74,23.80,22.72,0.0,0.00,0.0,0.0,,0.0
161,6,3.00,6,12.37,23.51,22.45,0.0,0.00,0.0,0.0,,0.0
161,7,3.00,6,11.85,23.21,22.17,0.0,0.00,0.0,0.0,,0.0
161,8,3.00,6,11.31,25.27,24.26,0.0,10.05,0.0,0.0,,0.0
161,9,3.00,6,12.73,26.06,25.07,0.0,242.17,0.0,0.0,,0.0
161,10,3.00,6,15.12,26.66,25.69,0.0,373.00,0.0,0.0,,0.0
161,11,3.00,6,17.36,27.28,26.32,0.0,553.68,0.0,0.0,,0.0
161,12,3.00,6,18.62,27.92,26.98,0.0,788.91,0.0,0.0,,0.0
161,13,3.00,6,19.66,28.57,27.65,0.0,894.13,0.0,0.0,,0.0
161,14,3.00,6,19.55,29.17,28.26,0.0,949.55,0.0,0.0,,0.0
161,15,3.00,6,19.40,29.72,28.83,0.0,946.43,0.0,0.0,,0.0
161,16,3.00,6,19.22,30.20,29.33,0.0,825.30,0.0,0.0,,0.0
161,17,3.00,6,18.73,30.57,29.71,0.0,661.28,0.0,0.0,,0.0
161,18,3.00,6,17.77,30.73,29.89,0.0,182.45,0.0,0.0,,0.0
161,19,3.00,6,16.95,28.47,27.64,0.0,0.00,0.0,0.0,,0.0
161,20,3.00,6,16.65,27.68,26.87,0.0,0.00,0.0,0.0,,0.0
161,21,3.00,6,16.75,27.25,26.45,0.0,0.00,0.0,0.0,,0.0
161,22,3.00,6,17.07,26.93,26.14,0.0,0.00,0.0,0.0,,0.0
161,23,3.00,6,16.79,26.61,25.83,0.0,0.00,0.0,0.0,,0.0
161,24,3.00,6,17.18,26.35,25.58,0.0,0.00,0.0,0.0,,0.0
161,1,4.00,6,17.26,26.09,25.33,0.0,0.00,0.0,0.0,,0.0
161,2,4.00,6,17.15,25.83,25.08,0.0,0.00,0.0,0.0,,0.0
161,3,4.00,6,17.16,25.58,24.85,0.0,0.00,0.0,0.0,,0.0
161,4,4.00,6,17.02,25.34,24.61,0.0,0.00,0.0,0.0,,0.0
161,5,4.00,6,16.92,25.11,24.39,0.0,0.00,0.0,0.0,,0.0
161,6,4.00,6,16.64,24.87,24.16,0.0,0.00,0.0,0.0,,0.0
161,7,4.00,6,16.21,24.62,23.92,0.0,0.00,0.0,0.0,,0.0
161,8,4.00,6,16.01,26.75,26.06,0.0,10.05,0.0,0.0,,0.0
161,9,4.00,6,16.67,27.55,26.86,0.0,242.17,0.0,0.0,,0.0
161,10,4.00,6,17.88,28.09,27.42,0.0,373.00,0.0,0.0,,0.0
161,11,4.00,6,19.53,28.67,28.00,0.0,553.68,0.0,0.0,,0.0
161,12,4.00,6,20.24,29.26,28.60,0.0,788.91,0.0,0.0,,0.0
161,13,4.00,6,20.52,29.84,29.18,0.0,894.13,0.0,0.0,,0.0
161,14,4.00,6,20.65,30.41,29.76,0.0,949.55,0.0,0.0,,0.0
161,15,4.00,6,20.32,30.92,30.28,0.0,946.43,0.0,0.0,,0.0
161,16,4.00,6,19.86,31.35,30.72,0.0,825.30,0.0,0.0,,0.0
161,17,4.00,6,19.25,31.68,31.05,0.0,661.28,0.0,0.0,,0.0
161,18,4.00,6,18.30,31.80,31.18,0.0,182.45,0.0,0.0,,0.0
161,19,4.00,6,17.14,29.49,28.87,0.0,0.00,0.0,0.0,,0.0
161,20,4.00,6,16.81,28.66,28.05,0.0,0.00,0.0,0.0,,0.0
161,21,4.00,6,16.82,28.18,27.58,0.0,0.00,0.0,0.0,,0.0
161,22,4.00,6,17.16,27.82,27.22,0.0,0.00,0.0,0.0,,0.0
161,23,4.00,6,16.51,27.45,26.85,0.0,0.00,0.0,0.0,,0.0
161,24,4.00,6,16.55,27.11,26.52,0.0,0.00,0.0,0.0,,0.0
161,1,5.00,6,21.20,27.10,26.52,0.0,0.00,0.0,0.0,,0.0
161,2,5.00,6,21.22,26.94,26.37,0.0,0.00,0.0,0.0,,0.0
161,3,5.00,6,21.26,26.76,26.19,0.0,0.00,0.0,0.0,,0.0
161,4,5.00,6,21.29,26.58,26.02,0.0,0.00,0.0,0.0,,0.0
161,5,5.00,6,21.07,26.40,25.83,0.0,0.00,0.0,0.0,,0.0
161,6,5.00,6,20.82,26.21,25.65,0.0,0.00,0.0,0.0,,0.0
161,7,5.00,6,20.90,26.04,25.49,0.0,0.00,0.0,0.0,,0.0
161,8,5.00,6,20.59,27.36,25.99,-2250.14,10.05,0.0,-38.22,,-2288.3599999999997
161,9,5.00,6,21.05,27.89,25.99,-3023.65,242.17,0.0,-612.82,,-3636.4700000000003
161,10,5.00,6,21.47,28.27,25.99,-3523.95,373.00,0.0,-148.89,,-3672.8399999999997
161,11,5.00,6,22.58,28.78,25.99,-4381.06,553.68,0.0,-934.42,,-5315.4800000000005
161,12,5.00,6,22.70,29.22,25.99,-4943.1,788.91,0.0,-1384.93,,-6328.030000000001
161,13,5.00,6,22.55,29.61,25.99,-5379.22,894.13,0.0,-1404.69,,-6783.91
161,14,5.00,6,22.41,29.98,25.99,-5782.23,949.55,0.0,-929.69,,-6711.92
161,15,5.00,6,22.28,30.33,25.99,-6117.56,946.43,0.0,-680.54,,-6798.1
161,16,5.00,6,21.96,30.58,25.99,-6210.47,825.30,0.0,-631.23,,-6841.700000000001
161,17,5.00,6,21.54,30.73,25.99,-6108.85,661.28,0.0,-800.86,,-6909.71
161,18,5.00,6,20.99,30.70,25.99,-5620.07,182.45,0.0,-575.82,,-6195.889999999999
161,19,5.00,6,20.26,29.51,26.55,0.0,0.00,0.0,0.0,,0.0
161,20,5.00,6,19.88,28.99,26.50,0.0,0.00,0.0,0.0,,0.0
161,21,5.00,6,19.54,28.61,26.29,0.0,0.00,0.0,0.0,,0.0
161,22,5.00,6,19.48,28.28,26.07,0.0,0.00,0.0,0.0,,0.0
161,23,5.00,6,19.56,27.99,25.85,0.0,0.00,0.0,0.0,,0.0
161,24,5.00,6,19.78,27.73,25.66,0.0,0.00,0.0,0.0,,0.0
161,1,6.00,6,19.96,27.48,25.49,0.0,0.00,0.0,0.0,,0.0
161,2,6.00,6,20.11,27.25,25.32,0.0,0.00,0.0,0.0,,0.0
161,3,6.00,6,20.15,27.02,25.15,0.0,0.00,0.0,0.0,,0.0
161,4,6.00,6,20.31,26.82,25.00,0.0,0.00,0.0,0.0,,0.0
161,5,6.00,6,19.84,26.58,24.82,0.0,0.00,0.0,0.0,,0.0
161,6,6.00,6,19.52,26.35,24.64,0.0,0.00,0.0,0.0,,0.0
161,7,6.00,6,19.32,26.12,24.47,0.0,0.00,0.0,0.0,,0.0
161,8,6.00,6,19.29,27.28,25.84,0.0,10.05,0.0,0.0,,0.0
161,9,6.00,6,19.48,27.70,25.99,-909.61,242.17,0.0,0.0,,-909.61
161,10,6.00,6,20.46,28.12,25.99,-1880.02,373.00,0.0,0.0,,-1880.02
161,11,6.00,6,21.21,28.55,25.99,-2730.72,553.68,0.0,0.0,,-2730.72
161,12,6.00,6,21.35,28.94,25.99,-3417.44,788.91,0.0,0.0,,-3417.44
161,13,6.00,6,21.25,29.30,25.99,-3971.53,894.13,0.0,0.0,,-3971.53
161,14,6.00,6,20.99,29.63,25.99,-4416.76,949.55,0.0,0.0,,-4416.76
161,15,6.00,6,20.97,29.95,25.99,-4864.52,946.43,0.0,0.0,,-4864.52
161,16,6.00,6,20.93,30.22,25.99,-5141.48,825.30,0.0,0.0,,-5141.48
161,17,6.00,6,20.68,30.39,25.99,-5170.55,661.28,0.0,0.0,,-5170.55
161,18,6.00,6,20.08,30.34,25.99,-4717.37,182.45,0.0,0.0,,-4717.37
161,19,6.00,6,19.51,29.21,26.30,0.0,0.00,0.0,0.0,,0.0
161,20,6.00,6,19.29,28.71,26.19,0.0,0.00,0.0,0.0,,0.0
161,21,6.00,6,19.32,28.35,26.00,0.0,0.00,0.0,0.0,,0.0
161,22,6.00,6,19.49,28.05,25.79,0.0,0.00,0.0,0.0,,0.0
161,23,6.00,6,19.49,27.77,25.59,0.0,0.00,0.0,0.0,,0.0
161,24,6.00,6,19.22,27.48,25.37,0.0,0.00,0.0,0.0,,0.0
161,1,7.00,6,19.37,27.23,25.19,0.0,0.00,0.0,0.0,,0.0
161,2,7.00,6,19.31,26.98,25.00,0.0,0.00,0.0,0.0,,0.0
161,3,7.00,6,19.03,26.72,24.80,0.0,0.00,0.0,0.0,,0.0
161,4,7.00,6,18.92,26.48,24.62,0.0,0.00,0.0,0.0,,0.0
161,5,7.00,6,18.50,26.22,24.42,0.0,0.00,0.0,0.0,,0.0
161,6,7.00,6,18.26,25.98,24.23,0.0,0.00,0.0,0.0,,0.0
161,7,7.00,6,18.16,25.75,24.05,0.0,0.00,0.0,0.0,,0.0
161,8,7.00,6,18.32,26.85,25.37,0.0,10.05,0.0,0.0,,0.0
161,9,7.00,6,18.71,27.28,25.89,0.0,242.17,0.0,0.0,,0.0
161,10,7.00,6,19.90,27.73,25.99,-1030.18,373.00,0.0,0.0,,-1030.18
161,11,7.00,6,21.08,28.23,25.99,-2180.9,553.68,0.0,0.0,,-2180.9
161,12,7.00,6,21.47,28.69,25.99,-3031.13,788.91,0.0,0.0,,-3031.13
161,13,7.00,6,21.78,29.14,25.99,-3815.79,894.13,0.0,0.0,,-3815.79
161,14,7.00,6,21.94,29.57,25.99,-4493.08,949.55,0.0,0.0,,-4493.08
161,15,7.00,6,21.64,29.91,25.99,-4886.12,946.43,0.0,0.0,,-4886.12
161,16,7.00,6,21.59,30.20,25.99,-5207.38,825.30,0.0,0.0,,-5207.38
161,17,7.00,6,21.11,30.35,25.99,-5186.08,661.28,0.0,0.0,,-5186.08
161,18,7.00,6,20.56,30.33,25.99,-4779.71,182.45,0.0,0.0,,-4779.71
161,19,7.00,6,20.04,29.17,26.29,0.0,0.00,0.0,0.0,,0.0
161,20,7.00,6,19.73,28.66,26.19,0.0,0.00,0.0,0.0,,0.0
161,21,7.00,6,19.67,28.31,25.99,0.0,0.00,0.0,0.0,,0.0
161,22,7.00,6,19.66,28.01,25.78,0.0,0.00,0.0,0.0,,0.0
161,23,7.00,6,19.53,27.72,25.57,0.0,0.00,0.0,0.0,,0.0
161,24,7.00,6,19.32,27.44,25.36,0.0,0.00,0.0,0.0,,0.0
161,1,1.00,6,19.31,27.18,25.16,0.0,0.00,0.0,0.0,,0.0
161,2,1.00,6,19.17,26.92,24.97,0.0,0.00,0.0,0.0,,0.0
161,3,1.00,6,18.85,26.66,24.77,0.0,0.00,0.0,0.0,,0.0
161,4,1.00,6,18.77,26.42,24.58,0.0,0.00,0.0,0.0,,0.0
161,5,1.00,6,18.45,26.17,24.38,0.0,0.00,0.0,0.0,,0.0
161,6,1.00,6,18.33,25.93,24.20,0.0,0.00,0.0,0.0,,0.0
161,7,1.00,6,18.12,25.70,24.02,0.0,0.00,0.0,0.0,,0.0
161,8,1.00,6,18.07,26.77,25.30,0.0,10.05,0.0,0.0,,0.0
161,9,1.00,6,18.72,27.23,25.84,0.0,242.17,0.0,0.0,,0.0
161,10,1.00,6,19.88,27.68,25.99,-932.14,373.00,0.0,0.0,,-932.14
161,11,1.00,6,21.33,28.23,25.99,-2220.47,553.68,0.0,0.0,,-2220.47
161,12,1.00,6,21.71,28.70,25.99,-3080.3,788.91,0.0,0.0,,-3080.3
161,13,1.00,6,21.75,29.12,25.99,-3765.48,894.13,0.0,0.0,,-3765.48
161,14,1.00,6,21.86,29.54,25.99,-4425.19,949.55,0.0,0.0,,-4425.19
161,15,1.00,6,21.91,29.92,25.99,-4963.48,946.43,0.0,0.0,,-4963.48
161,16,1.00,6,21.73,30.21,25.99,-5239.83,825.30,0.0,0.0,,-5239.83
161,17,1.00,6,21.44,30.40,25.99,-5300.42,661.28,0.0,0.0,,-5300.42
161,18,1.00,6,20.93,30.40,25.99,-4920.13,182.45,0.0,0.0,,-4920.13
161,19,1.00,6,20.24,29.20,26.30,0.0,0.00,0.0,0.0,,0.0
161,20,1.00,6,19.87,28.69,26.20,0.0,0.00,0.0,0.0,,0.0
161,21,1.00,6,19.63,28.33,25.99,0.0,0.00,0.0,0.0,,0.0
161,22,1.00,6,19.43,28.01,25.77,0.0,0.00,0.0,0.0,,0.0
161,23,1.00,6,19.29,27.71,25.55,0.0,0.00,0.0,0.0,,0.0
161,24,1.00,6,19.36,27.44,25.35,0.0,0.00,0.0,0.0,,0.0
161,1,2.00,6,19.35,27.19,25.15,0.0,0.00,0.0,0.0,,0.0
161,2,2.00,6,19.25,26.93,24.96,0.0,0.00,0.0,0.0,,0.0
161,3,2.00,6,19.06,26.68,24.77,0.0,0.00,0.0,0.0,,0.0
161,4,2.00,6,18.67,26.42,24.57,0.0,0.00,0.0,0.0,,0.0
161,5,2.00,6,18.52,26.18,24.38,0.0,0.00,0.0,0.0,,0.0
161,6,2.00,6,18.46,25.95,24.20,0.0,0.00,0.0,0.0,,0.0
161,7,2.00,6,18.32,25.73,24.03,0.0,0.00,0.0,0.0,,0.0
161,8,2.00,6,18.34,26.83,25.34,0.0,10.05,0.0,0.0,,0.0
161,9,2.00,6,18.68,27.25,25.85,0.0,242.17,0.0,0.0,,0.0
161,10,2.00,6,19.52,27.64,25.99,-797.77,373.00,0.0,0.0,,-797.77
161,11,2.00,6,20.48,28.09,25.99,-1869.99,553.68,0.0,0.0,,-1869.99
161,12,2.00,6,20.67,28.50,25.99,-2633.0,788.91,0.0,0.0,,-2633.0
161,13,2.00,6,20.78,28.89,25.99,-3321.05,894.13,0.0,0.0,,-3321.05
161,14,2.00,6,20.69,29.25,25.99,-3883.67,949.55,0.0,0.0,,-3883.67
161,15,2.00,6,20.68,29.59,25.99,-4378.85,946.43,0.0,0.0,,-4378.85
161,16,2.00,6,20.35,29.82,25.99,-4575.18,825.30,0.0,0.0,,-4575.18
161,17,2.00,6,19.95,29.96,25.99,-4569.98,661.28,0.0,0.0,,-4569.98
161,18,2.00,6,19.30,29.89,25.99,-4113.15,182.45,0.0,0.0,,-4113.15
161,19,2.00,6,18.55,28.78,26.12,0.0,0.00,0.0,0.0,,0.0
161,20,2.00,6,18.19,28.26,25.96,0.0,0.00,0.0,0.0,,0.0
161,21,2.00,6,18.04,27.89,25.72,0.0,0.00,0.0,0.0,,0.0
161,22,2.00,6,17.89,27.56,25.47,0.0,0.00,0.0,0.0,,0.0
161,23,2.00,6,17.61,27.23,25.21,0.0,0.00,0.0,0.0,,0.0
161,24,2.00,6,17.33,26.92,24.96,0.0,0.00,0.0,0.0,,0.0
161,1,3.00,6,17.13,26.62,24.72,0.0,0.00,0.0,0.0,,0.0
161,2,3.00,6,16.91,26.32,24.48,0.0,0.00,0.0,0.0,,0.0
161,3,3.00,6,16.62,26.03,24.24,0.0,0.00,0.0,0.0,,0.0
161,4,3.00,6,16.40,25.75,24.01,0.0,0.00,0.0,0.0,,0.0
161,5,3.00,6,16.04,25.47,23.78,0.0,0.00,0.0,0.0,,0.0
161,6,3.00,6,15.99,25.21,23.57,0.0,0.00,0.0,0.0,,0.0
161,7,3.00,6,15.82,24.95,23.36,0.0,0.00,0.0,0.0,,0.0
161,8,3.00,6,15.85,27.08,25.52,0.0,10.05,0.0,0.0,,0.0
161,9,3.00,6,16.82,27.88,26.37,0.0,242.17,0.0,0.0,,0.0
161,10,3.00,6,17.66,28.40,26.93,0.0,373.00,0.0,0.0,,0.0
161,11,3.00,6,19.05,28.93,27.50,0.0,553.68,0.0,0.0,,0.0
161,12,3.00,6,19.83,29.50,28.11,0.0,788.91,0.0,0.0,,0.0
161,13,3.00,6,20.37,30.08,28.72,0.0,894.13,0.0,0.0,,0.0
161,14,3.00,6,20.58,30.65,29.32,0.0,949.55,0.0,0.0,,0.0
161,15,3.00,6,20.33,31.16,29.86,0.0,946.43,0.0,0.0,,0.0
161,16,3.00,6,19.98,31.59,30.32,0.0,825.30,0.0,0.0,,0.0
161,17,3.00,6,19.50,31.92,30.68,0.0,661.28,0.0,0.0,,0.0
161,18,3.00,6,18.77,32.06,30.85,0.0,182.45,0.0,0.0,,0.0
161,19,3.00,6,17.98,29.77,28.59,0.0,0.00,0.0,0.0,,0.0
161,20,3.00,6,17.40,28.94,27.78,0.0,0.00,0.0,0.0,,0.0
161,21,3.00,6,17.09,28.45,27.31,0.0,0.00,0.0,0.0,,0.0
161,22,3.00,6,16.86,28.04,26.93,0.0,0.00,0.0,0.0,,0.0
161,23,3.00,6,16.57,27.67,26.58,0.0,0.00,0.0,0.0,,0.0
161,24,3.00,6,16.14,27.30,26.24,0.0,0.00,0.0,0.0,,0.0
161,1,4.00,6,15.62,26.93,25.89,0.0,0.00,0.0,0.0,,0.0
161,2,4.00,6,15.19,26.57,25.55,0.0,0.00,0.0,0.0,,0.0
161,3,4.00,6,14.96,26.23,25.23,0.0,0.00,0.0,0.0,,0.0
161,4,4.00,6,15.04,25.92,24.93,0.0,0.00,0.0,0.0,,0.0
161,5,4.00,6,14.78,25.60,24.64,0.0,0.00,0.0,0.0,,0.0
161,6,4.00,6,14.41,25.29,24.34,0.0,0.00,0.0,0.0,,0.0
161,7,4.00,6,13.96,24.97,24.04,0.0,0.00,0.0,0.0,,0.0
161,8,4.00,6,13.59,27.02,26.11,0.0,10.05,0.0,0.0,,0.0
161,9,4.00,6,14.93,27.79,26.89,0.0,242.17,0.0,0.0,,0.0
161,10,4.00,6,16.33,28.31,27.42,0.0,373.00,0.0,0.0,,0.0
161,11,4.00,6,18.67,28.88,28.01,0.0,553.68,0.0,0.0,,0.0
161,12,4.00,6,20.20,29.50,28.65,0.0,788.91,0.0,0.0,,0.0
161,13,4.00,6,20.68,30.10,29.26,0.0,894.13,0.0,0.0,,0.0
161,14,4.00,6,21.42,30.71,29.88,0.0,949.55,0.0,0.0,,0.0
161,15,4.00,6,21.26,31.25,30.43,0.0,946.43,0.0,0.0,,0.0
161,16,4.00,6,20.79,31.69,30.89,0.0,825.30,0.0,0.0,,0.0
161,17,4.00,6,20.06,32.02,31.23,0.0,661.28,0.0,0.0,,0.0
161,18,4.00,6,19.15,32.16,31.38,0.0,182.45,0.0,0.0,,0.0
161,19,4.00,6,18.33,29.87,29.10,0.0,0.00,0.0,0.0,,0.0
161,20,4.00,6,17.82,29.05,28.29,0.0,0.00,0.0,0.0,,0.0
161,21,4.00,6,17.59,28.56,27.82,0.0,0.00,0.0,0.0,,0.0
161,22,4.00,6,17.31,28.17,27.43,0.0,0.00,0.0,0.0,,0.0
161,23,4.00,6,16.93,27.79,27.06,0.0,0.00,0.0,0.0,,0.0
161,24,4.00,6,16.61,27.43,26.71,0.0,0.00,0.0,0.0,,0.0
161,1,5.00,6,16.34,27.09,26.38,0.0,0.00,0.0,0.0,,0.0
161,2,5.00,6,16.00,26.75,26.04,0.0,0.00,0.0,0.0,,0.0
161,3,5.00,6,15.74,26.42,25.72,0.0,0.00,0.0,0.0,,0.0
161,4,5.00,6,15.59,26.10,25.42,0.0,0.00,0.0,0.0,,0.0
161,5,5.00,6,15.23,25.79,25.11,0.0,0.00,0.0,0.0,,0.0
161,6,5.00,6,15.00,25.48,24.81,0.0,0.00,0.0,0.0,,0.0
161,7,5.00,6,14.73,25.18,24.52,0.0,0.00,0.0,0.0,,0.0
161,8,5.00,6,14.46,25.88,25.29,0.0,10.05,0.0,0.0,,0.0
161,9,5.00,6,15.19,26.21,25.64,0.0,242.17,0.0,0.0,,0.0
161,10,5.00,6,16.39,26.58,25.99,-87.8,373.00,0.0,0.0,,-87.8
161,11,5.00,6,18.01,27.08,25.99,-1388.6,553.68,0.0,0.0,,-1388.6
161,12,5.00,6,19.47,27.67,25.99,-2550.71,788.91,0.0,0.0,,-2550.71
161,13,5.00,6,20.68,28.27,25.99,-3616.5,894.13,0.0,0.0,,-3616.5
161,14,5.00,6,21.36,28.81,25.99,-4447.63,949.55,0.0,0.0,,-4447.63
161,15,5.00,6,21.40,29.24,25.99,-4946.92,946.43,0.0,0.0,,-4946.92
161,16,5.00,6,21.39,29.57,25.99,-5259.56,825.30,0.0,0.0,,-5259.56
161,17,5.00,6,20.87,29.75,25.99,-5202.68,661.28,0.0,0.0,,-5202.68
161,18,5.00,6,20.25,29.74,25.99,-4751.97,182.45,0.0,0.0,,-4751.97
161,19,5.00,6,19.65,28.56,26.29,0.0,0.00,0.0,0.0,,0.0
161,20,5.00,6,19.41,28.07,26.19,0.0,0.00,0.0,0.0,,0.0
161,21,5.00,6,19.21,27.72,25.98,0.0,0.00,0.0,0.0,,0.0
161,22,5.00,6,19.06,27.42,25.76,0.0,0.00,0.0,0.0,,0.0
161,23,5.00,6,18.88,27.14,25.53,0.0,0.00,0.0,0.0,,0.0
161,24,5.00,6,18.79,26.88,25.31,0.0,0.00,0.0,0.0,,0.0
161,1,6.00,6,18.60,26.61,25.10,0.0,0.00,0.0,0.0,,0.0
161,2,6.00,6,18.35,26.35,24.88,0.0,0.00,0.0,0.0,,0.0
161,3,6.00,6,18.06,26.10,24.66,0.0,0.00,0.0,0.0,,0.0
161,4,6.00,6,17.91,25.85,24.46,0.0,0.00,0.0,0.0,,0.0
161,5,6.00,6,17.76,25.61,24.26,0.0,0.00,0.0,0.0,,0.0
161,6,6.00,6,17.65,25.39,24.07,0.0,0.00,0.0,0.0,,0.0
161,7,6.00,6,17.35,25.15,23.87,0.0,0.00,0.0,0.0,,0.0
161,8,6.00,6,17.10,26.17,25.05,0.0,10.05,0.0,0.0,,0.0
161,9,6.00,6,17.49,26.58,25.52,0.0,242.17,0.0,0.0,,0.0
161,10,6.00,6,18.69,27.01,25.99,-7.37,373.00,0.0,0.0,,-7.37
161,11,6.00,6,19.95,27.52,25.99,-1410.47,553.68,0.0,0.0,,-1410.47
161,12,6.00,6,20.37,27.98,25.99,-2292.66,788.91,0.0,0.0,,-2292.66
161,13,6.00,6,20.25,28.36,25.99,-2912.17,894.13,0.0,0.0,,-2912.17
161,14,6.00,6,20.48,28.77,25.99,-3620.75,949.55,0.0,0.0,,-3620.75
161,15,6.00,6,20.49,29.14,25.99,-4148.48,946.43,0.0,0.0,,-4148.48
161,16,6.00,6,20.51,29.45,25.99,-4505.1,825.30,0.0,0.0,,-4505.1
161,17,6.00,6,19.94,29.59,25.99,-4456.36,661.28,0.0,0.0,,-4456.36
161,18,6.00,6,19.48,29.57,25.99,-4096.53,182.45,0.0,0.0,,-4096.53
161,19,6.00,6,19.04,28.45,26.12,0.0,0.00,0.0,0.0,,0.0
161,20,6.00,6,18.92,27.97,25.98,0.0,0.00,0.0,0.0,,0.0
161,21,6.00,6,19.11,27.64,25.79,0.0,0.00,0.0,0.0,,0.0
161,22,6.00,6,19.28,27.37,25.58,0.0,0.00,0.0,0.0,,0.0
161,23,6.00,6,19.17,27.10,25.37,0.0,0.00,0.0,0.0,,0.0
161,24,6.00,6,19.01,26.84,25.17,0.0,0.00,0.0,0.0,,0.0
161,1,7.00,6,19.05,26.60,24.97,0.0,0.00,0.0,0.0,,0.0
161,2,7.00,6,19.04,26.36,24.79,0.0,0.00,0.0,0.0,,0.0
161,3,7.00,6,18.89,26.13,24.60,0.0,0.00,0.0,0.0,,0.0
161,4,7.00,6,18.81,25.91,24.43,0.0,0.00,0.0,0.0,,0.0
161,5,7.00,6,18.59,25.69,24.24,0.0,0.00,0.0,0.0,,0.0
161,6,7.00,6,18.57,25.48,24.08,0.0,0.00,0.0,0.0,,0.0
161,7,7.00,6,18.56,25.29,23.92,0.0,0.00,0.0,0.0,,0.0
161,8,7.00,6,18.67,26.49,25.30,0.0,10.05,0.0,0.0,,0.0
161,9,7.00,6,18.89,26.94,25.81,0.0,242.17,0.0,0.0,,0.0
161,10,7.00,6,19.70,27.34,25.99,-695.14,373.00,0.0,0.0,,-695.14
161,11,7.00,6,20.86,27.85,25.99,-1899.91,553.68,0.0,0.0,,-1899.91
161,12,7.00,6,21.27,28.32,25.99,-2779.78,788.91,0.0,0.0,,-2779.78
161,13,7.00,6,20.99,28.68,25.99,-3333.33,894.13,0.0,0.0,,-3333.33
161,14,7.00,6,20.97,29.06,25.99,-3937.34,949.55,0.0,0.0,,-3937.34
161,15,7.00,6,21.01,29.43,25.99,-4471.21,946.43,0.0,0.0,,-4471.21
161,16,7.00,6,20.88,29.72,25.99,-4759.0,825.30,0.0,0.0,,-4759.0
161,17,7.00,6,20.33,29.86,25.99,-4710.26,661.28,0.0,0.0,,-4710.26
161,18,7.00,6,19.72,29.81,25.99,-4279.81,182.45,0.0,0.0,,-4279.81
161,19,7.00,6,19.00,28.66,26.15,0.0,0.00,0.0,0.0,,0.0
161,20,7.00,6,18.59,28.15,26.00,0.0,0.00,0.0,0.0,,0.0
161,21,7.00,6,18.58,27.79,25.78,0.0,0.00,0.0,0.0,,0.0
161,22,7.00,6,18.59,27.48,25.55,0.0,0.00,0.0,0.0,,0.0
161,23,7.00,6,18.57,27.20,25.33,0.0,0.00,0.0,0.0,,0.0
161,24,7.00,6,18.39,26.91,25.10,0.0,0.00,0.0,0.0,,0.0
161,1,1.00,6,18.40,26.65,24.90,0.0,0.00,0.0,0.0,,0.0
161,2,1.00,6,18.29,26.39,24.69,0.0,0.00,0.0,0.0,,0.0
161,3,1.00,6,18.14,26.14,24.49,0.0,0.00,0.0,0.0,,0.0
161,4,1.00,6,18.16,25.91,24.30,0.0,0.00,0.0,0.0,,0.0
161,5,1.00,6,17.88,25.67,24.11,0.0,0.00,0.0,0.0,,0.0
161,6,1.00,6,17.81,25.44,23.92,0.0,0.00,0.0,0.0,,0.0
161,7,1.00,6,17.74,25.22,23.75,0.0,0.00,0.0,0.0,,0.0
161,8,1.00,6,17.69,26.31,25.02,0.0,10.05,0.0,0.0,,0.0
161,9,1.00,6,18.04,26.73,25.52,0.0,242.17,0.0,0.0,,0.0
161,10,1.00,6,18.62,27.08,25.91,0.0,373.00,0.0,0.0,,0.0
161,11,1.00,6,19.82,27.56,25.99,-1143.58,553.68,0.0,0.0,,-1143.58
161,12,1.00,6,20.19,28.00,25.99,-2063.25,788.91,0.0,0.0,,-2063.25
161,13,1.00,6,20.51,28.43,25.99,-2878.8,894.13,0.0,0.0,,-2878.8
161,14,1.00,6,20.49,28.82,25.99,-3505.36,949.55,0.0,0.0,,-3505.36
161,15,1.00,6,20.45,29.17,25.99,-4023.29,946.43,0.0,0.0,,-4023.29
161,16,1.00,6,20.33,29.45,25.99,-4332.44,825.30,0.0,0.0,,-4332.44
161,17,1.00,6,19.93,29.61,25.99,-4355.88,661.28,0.0,0.0,,-4355.88
161,18,1.00,6,19.23,29.55,25.99,-3906.11,182.45,0.0,0.0,,-3906.11
161,19,1.00,6,18.47,28.42,26.05,0.0,0.00,0.0,0.0,,0.0
161,20,1.00,6,18.12,27.91,25.87,0.0,0.00,0.0,0.0,,0.0
161,21,1.00,6,18.09,27.55,25.63,0.0,0.00,0.0,0.0,,0.0
161,22,1.00,6,18.09,27.24,25.40,0.0,0.00,0.0,0.0,,0.0
161,23,1.00,6,17.96,26.94,25.16,0.0,0.00,0.0,0.0,,0.0
161,24,1.00,6,17.77,26.65,24.93,0.0,0.00,0.0,0.0,,0.0
161,1,2.00,6,17.70,26.38,24.71,0.0,0.00,0.0,0.0,,0.0
161,2,2.00,6,17.52,26.11,24.49,0.0,0.00,0.0,0.0,,0.0
161,3,2.00,6,17.29,25.85,24.27,0.0,0.00,0.0,0.0,,0.0
161,4,2.00,6,17.16,25.59,24.06,0.0,0.00,0.0,0.0,,0.0
161,5,2.00,6,16.97,25.34,23.85,0.0,0.00,0.0,0.0,,0.0
161,6,2.00,6,16.96,25.11,23.66,0.0,0.00,0.0,0.0,,0.0
161,7,2.00,6,16.95,24.89,23.48,0.0,0.00,0.0,0.0,,0.0
161,8,2.00,6,16.88,25.93,24.69,0.0,10.05,0.0,0.0,,0.0
161,9,2.00,6,17.37,26.35,25.18,0.0,242.17,0.0,0.0,,0.0
161,10,2.00,6,18.02,26.71,25.59,0.0,373.00,0.0,0.0,,0.0
161,11,2.00,6,19.22,27.18,25.99,-293.22,553.68,0.0,0.0,,-293.22
161,12,2.00,6,19.91,27.67,25.99,-1568.99,788.91,0.0,0.0,,-1568.99
161,13,2.00,6,20.46,28.16,25.99,-2523.01,894.13,0.0,0.0,,-2523.01
161,14,2.00,6,20.49,28.57,25.99,-3210.43,949.55,0.0,0.0,,-3210.43
161,15,2.00,6,20.56,28.96,25.99,-3811.08,946.43,0.0,0.0,,-3811.08
161,16,2.00,6,20.30,29.23,25.99,-4097.7,825.30,0.0,0.0,,-4097.7
161,17,2.00,6,19.98,29.41,25.99,-4185.45,661.28,0.0,0.0,,-4185.45
161,18,2.00,6,19.13,29.34,25.99,-3697.7,182.45,0.0,0.0,,-3697.7
161,19,2.00,6,18.25,28.19,25.97,0.0,0.00,0.0,0.0,,0.0
161,20,2.00,6,17.83,27.68,25.77,0.0,0.00,0.0,0.0,,0.0
161,21,2.00,6,17.54,27.30,25.51,0.0,0.00,0.0,0.0,,0.0
161,22,2.00,6,17.30,26.97,25.24,0.0,0.00,0.0,0.0,,0.0
161,23,2.00,6,16.90,26.64,24.97,0.0,0.00,0.0,0.0,,0.0
161,24,2.00,6,16.60,26.33,24.71,0.0,0.00,0.0,0.0,,0.0
161,1,3.00,6,16.37,26.03,24.45,0.0,0.00,0.0,0.0,,0.0
161,2,3.00,6,16.16,25.74,24.21,0.0,0.00,0.0,0.0,,0.0
161,3,3.00,6,15.93,25.45,23.97,0.0,0.00,0.0,0.0,,0.0
161,4,3.00,6,15.77,25.18,23.73,0.0,0.00,0.0,0.0,,0.0
161,5,3.00,6,15.59,24.91,23.51,0.0,0.00,0.0,0.0,,0.0
161,6,3.00,6,15.48,24.66,23.29,0.0,0.00,0.0,0.0,,0.0
161,7,3.00,6,15.53,24.42,23.09,0.0,0.00,0.0,0.0,,0.0
161,8,3.00,6,15.71,26.57,25.27,0.0,10.05,0.0,0.0,,0.0
161,9,3.00,6,16.27,27.36,26.09,0.0,242.17,0.0,0.0,,0.0
161,10,3.00,6,17.03,27.87,26.64,0.0,373.00,0.0,0.0,,0.0
161,11,3.00,6,18.22,28.40,27.19,0.0,553.68,0.0,0.0,,0.0
161,12,3.00,6,18.82,28.95,27.78,0.0,788.91,0.0,0.0,,0.0
161,13,3.00,6,19.35,29.52,28.37,0.0,894.13,0.0,0.0,,0.0
161,14,3.00,6,19.43,30.07,28.95,0.0,949.55,0.0,0.0,,0.0
161,15,3.00,6,19.65,30.61,29.51,0.0,946.43,0.0,0.0,,0.0
161,16,3.00,6,19.42,31.05,29.98,0.0,825.30,0.0,0.0,,0.0
161,17,3.00,6,19.15,31.40,30.35,0.0,661.28,0.0,0.0,,0.0
161,18,3.00,6,18.43,31.55,30.52,0.0,182.45,0.0,0.0,,0.0
161,19,3.00,6,17.62,29.27,28.27,0.0,0.00,0.0,0.0,,0.0
161,20,3.00,6,17.29,28.46,27.48,0.0,0.00,0.0,0.0,,0.0
161,21,3.00,6,16.98,27.98,27.02,0.0,0.00,0.0,0.0,,0.0
161,22,3.00,6,16.71,27.59,26.65,0.0,0.00,0.0,0.0,,0.0
161,23,3.00,6,16.42,27.23,26.30,0.0,0.00,0.0,0.0,,0.0
161,24,3.00,6,16.36,26.89,25.98,0.0,0.00,0.0,0.0,,0.0
161,1,4.00,6,16.06,26.56,25.67,0.0,0.00,0.0,0.0,,0.0
161,2,4.00,6,15.84,26.24,25.36,0.0,0.00,0.0,0.0,,0.0
161,3,4.00,6,15.75,25.93,25.07,0.0,0.00,0.0,0.0,,0.0
161,4,4.00,6,15.62,25.64,24.79,0.0,0.00,0.0,0.0,,0.0
161,5,4.00,6,15.55,25.36,24.53,0.0,0.00,0.0,0.0,,0.0
161,6,4.00,6,15.54,25.09,24.27,0.0,0.00,0.0,0.0,,0.0
161,7,4.00,6,15.34,24.82,24.02,0.0,0.00,0.0,0.0,,0.0
161,8,4.00,6,15.36,26.94,26.15,0.0,10.05,0.0,0.0,,0.0
161,9,4.00,6,16.14,27.72,26.94,0.0,242.17,0.0,0.0,,0.0
161,10,4.00,6,16.81,28.21,27.44,0.0,373.00,0.0,0.0,,0.0
161,11,4.00,6,18.26,28.73,27.98,0.0,553.68,0.0,0.0,,0.0
161,12,4.00,6,18.93,29.28,28.54,0.0,788.91,0.0,0.0,,0.0
161,13,4.00,6,19.54,29.84,29.11,0.0,894.13,0.0,0.0,,0.0
161,14,4.00,6,19.56,30.38,29.66,0.0,949.55,0.0,0.0,,0.0
161,15,4.00,6,19.60,30.90,30.18,0.0,946.43,0.0,0.0,,0.0
161,16,4.00,6,19.55,31.34,30.64,0.0,825.30,0.0,0.0,,0.0
161,17,4.00,6,19.32,31.68,30.99,0.0,661.28,0.0,0.0,,0.0
161,18,4.00,6,18.72,31.83,31.15,0.0,182.45,0.0,0.0,,0.0
161,19,4.00,6,18.16,29.57,28.90,0.0,0.00,0.0,0.0,,0.0
161,20,4.00,6,17.84,28.77,28.10,0.0,0.00,0.0,0.0,,0.0
161,21,4.00,6,17.79,28.30,27.65,0.0,0.00,0.0,0.0,,0.0
161,22,4.00,6,17.65,27.93,27.28,0.0,0.00,0.0,0.0,,0.0
161,23,4.00,6,17.49,27.59,26.94,0.0,0.00,0.0,0.0,,0.0
161,24,4.00,6,17.38,27.26,26.63,0.0,0.00,0.0,0.0,,0.0
161,1,5.00,6,17.14,26.94,26.31,0.0,0.00,0.0,0.0,,0.0
161,2,5.00,6,16.90,26.63,26.01,0.0,0.00,0.0,0.0,,0.0
161,3,5.00,6,16.74,26.33,25.72,0.0,0.00,0.0,0.0,,0.0
161,4,5.00,6,16.72,26.05,25.44,0.0,0.00,0.0,0.0,,0.0
161,5,5.00,6,16.70,25.78,25.18,0.0,0.00,0.0,0.0,,0.0
161,6,5.00,6,16.79,25.53,24.94,0.0,0.00,0.0,0.0,,0.0
161,7,5.00,6,16.70,25.29,24.70,0.0,0.00,0.0,0.0,,0.0
161,8,5.00,6,16.66,26.24,25.72,0.0,10.05,0.0,0.0,,0.0
161,9,5.00,6,17.26,26.65,25.99,-398.03,242.17,0.0,0.0,,-398.03
161,10,5.00,6,17.55,26.93,25.99,-1029.38,373.00,0.0,0.0,,-1029.38
161,11,5.00,6,18.62,27.34,25.99,-1899.01,553.68,0.0,0.0,,-1899.01
161,12,5.00,6,19.09,27.76,25.99,-2629.16,788.91,0.0,0.0,,-2629.16
161,13,5.00,6,19.49,28.18,25.99,-3317.29,894.13,0.0,0.0,,-3317.29
161,14,5.00,6,19.55,28.56,25.99,-3838.13,949.55,0.0,0.0,,-3838.13
161,15,5.00,6,19.58,28.90,25.99,-4270.7,946.43,0.0,0.0,,-4270.7
161,16,5.00,6,19.60,29.19,25.99,-4541.6,825.30,0.0,0.0,,-4541.6
161,17,5.00,6,19.16,29.33,25.99,-4469.73,661.28,0.0,0.0,,-4469.73
161,18,5.00,6,18.67,29.29,25.99,-4032.0,182.45,0.0,0.0,,-4032.0
161,19,5.00,6,18.25,28.20,26.16,0.0,0.00,0.0,0.0,,0.0
161,20,5.00,6,18.09,27.72,26.01,0.0,0.00,0.0,0.0,,0.0
161,21,5.00,6,18.17,27.38,25.79,0.0,0.00,0.0,0.0,,0.0
161,22,5.00,6,18.24,27.08,25.56,0.0,0.00,0.0,0.0,,0.0
161,23,5.00,6,18.27,26.81,25.33,0.0,0.00,0.0,0.0,,0.0
161,24,5.00,6,18.20,26.54,25.11,0.0,0.00,0.0,0.0,,0.0
161,1,6.00,6,17.88,26.27,24.88,0.0,0.00,0.0,0.0,,0.0
161,2,6.00,6,17.80,26.01,24.66,0.0,0.00,0.0,0.0,,0.0
161,3,6.00,6,17.67,25.76,24.45,0.0,0.00,0.0,0.0,,0.0
161,4,6.00,6,17.40,25.51,24.24,0.0,0.00,0.0,0.0,,0.0
161,5,6.00,6,17.26,25.27,24.03,0.0,0.00,0.0,0.0,,0.0
161,6,6.00,6,17.28,25.05,23.85,0.0,0.00,0.0,0.0,,0.0
161,7,6.00,6,17.08,24.83,23.66,0.0,0.00,0.0,0.0,,0.0
161,8,6.00,6,17.11,25.90,24.87,0.0,10.05,0.0,0.0,,0.0
161,9,6.00,6,17.30,26.30,25.32,0.0,242.17,0.0,0.0,,0.0
161,10,6.00,6,18.07,26.66,25.73,0.0,373.00,0.0,0.0,,0.0
161,11,6.00,6,18.77,27.06,25.99,-446.71,553.68,0.0,0.0,,-446.71
161,12,6.00,6,18.96,27.45,25.99,-1396.22,788.91,0.0,0.0,,-1396.22
161,13,6.00,6,19.34,27.87,25.99,-2231.56,894.13,0.0,0.0,,-2231.56
161,14,6.00,6,19.17,28.22,25.99,-2793.0,949.55,0.0,0.0,,-2793.0
161,15,6.00,6,19.08,28.54,25.99,-3287.45,946.43,0.0,0.0,,-3287.45
161,16,6.00,6,19.04,28.81,25.99,-3621.96,825.30,0.0,0.0,,-3621.96
161,17,6.00,6,18.49,28.93,25.99,-3582.0,661.28,0.0,0.0,,-3582.0
161,18,6.00,6,17.81,28.85,25.99,-3131.86,182.45,0.0,0.0,,-3131.86
161,19,6.00,6,17.19,27.78,25.88,0.0,0.00,0.0,0.0,,0.0
161,20,6.00,6,16.79,27.28,25.64,0.0,0.00,0.0,0.0,,0.0
161,21,6.00,6,16.76,26.91,25.38,0.0,0.00,0.0,0.0,,0.0
161,22,6.00,6,16.46,26.58,25.10,0.0,0.00,0.0,0.0,,0.0
161,23,6.00,6,16.26,26.26,24.83,0.0,0.00,0.0,0.0,,0.0
161,24,6.00,6,16.06,25.95,24.56,0.0,0.00,0.0,0.0,,0.0
161,1,7.00,6,15.67,25.64,24.30,0.0,0.00,0.0,0.0,,0.0
161,2,7.00,6,15.43,25.35,24.04,0.0,0.00,0.0,0.0,,0.0
161,3,7.00,6,15.23,25.06,23.79,0.0,0.00,0.0,0.0,,0.0
161,4,7.00,6,15.01,24.78,23.54,0.0,0.00,0.0,0.0,,0.0
161,5,7.00,6,14.69,24.50,23.30,0.0,0.00,0.0,0.0,,0.0
161,6,7.00,6,14.69,24.25,23.07,0.0,0.00,0.0,0.0,,0.0
161,7,7.00,6,14.19,23.97,22.83,0.0,0.00,0.0,0.0,,0.0
161,8,7.00,6,13.98,24.78,23.77,0.0,10.05,0.0,0.0,,0.0
161,9,7.00,6,14.71,25.16,24.20,0.0,242.17,0.0,0.0,,0.0
161,10,7.00,6,15.81,25.54,24.63,0.0,373.00,0.0,0.0,,0.0
161,11,7.00,6,17.40,26.07,25.18,0.0,553.68,0.0,0.0,,0.0
161,12,7.00,6,18.19,26.57,25.72,0.0,788.91,0.0,0.0,,0.0
161,13,7.00,6,18.94,27.08,25.99,-701.58,894.13,0.0,0.0,,-701.58
161,14,7.00,6,19.24,27.55,25.99,-1762.13,949.55,0.0,0.0,,-1762.13
161,15,7.00,6,19.24,27.93,25.99,-2433.75,946.43,0.0,0.0,,-2433.75
161,16,7.00,6,19.29,28.26,25.99,-2934.19,825.30,0.0,0.0,,-2934.19
161,17,7.00,6,18.98,28.46,25.99,-3102.69,661.28,0.0,0.0,,-3102.69
161,18,7.00,6,18.43,28.45,25.99,-2804.44,182.45,0.0,0.0,,-2804.44
161,19,7.00,6,17.82,27.32,25.72,0.0,0.00,0.0,0.0,,0.0
161,20,7.00,6,17.61,26.84,25.47,0.0,0.00,0.0,0.0,,0.0
161,21,7.00,6,17.58,26.51,25.22,0.0,0.00,0.0,0.0,,0.0
161,22,7.00,6,17.45,26.22,24.98,0.0,0.00,0.0,0.0,,0.0
161,23,7.00,6,17.24,25.94,24.73,0.0,0.00,0.0,0.0,,0.0
161,24,7.00,6,17.09,25.68,24.50,0.0,0.00,0.0,0.0,,0.0
161,1,1.00,7,16.71,25.40,24.26,0.0,0.00,0.0,0.0,,0.0
161,2,1.00,7,16.64,25.15,24.03,0.0,0.00,0.0,0.0,,0.0
161,3,1.00,7,16.66,24.92,23.83,0.0,0.00,0.0,0.0,,0.0
161,4,1.00,7,16.65,24.69,23.63,0.0,0.00,0.0,0.0,,0.0
161,5,1.00,7,16.56,24.47,23.43,0.0,0.00,0.0,0.0,,0.0
161,6,1.00,7,16.58,24.26,23.25,0.0,0.00,0.0,0.0,,0.0
161,7,1.00,7,16.34,24.05,23.06,0.0,0.00,0.0,0.0,,0.0
161,8,1.00,7,16.40,25.14,24.27,0.0,10.67,0.0,0.0,,0.0
161,9,1.00,7,16.87,25.57,24.75,0.0,165.71,0.0,0.0,,0.0
161,10,1.00,7,17.76,25.97,25.17,0.0,272.74,0.0,0.0,,0.0
161,11,1.00,7,18.76,26.43,25.66,0.0,476.75,0.0,0.0,,0.0
161,12,1.00,7,19.15,26.87,25.78,-884.65,695.20,0.0,0.0,,-884.65
161,13,1.00,7,19.50,27.29,25.78,-1797.74,759.40,0.0,0.0,,-1797.74
161,14,1.00,7,19.53,27.69,25.78,-2512.43,862.58,0.0,0.0,,-2512.43
161,15,1.00,7,19.38,28.02,25.78,-3005.74,822.84,0.0,0.0,,-3005.74
161,16,1.00,7,19.27,28.30,25.78,-3370.51,731.04,0.0,0.0,,-3370.51
161,17,1.00,7,18.85,28.48,25.78,-3472.53,635.89,0.0,0.0,,-3472.53
161,18,1.00,7,18.23,28.48,25.78,-3182.95,274.88,0.0,0.0,,-3182.95
161,19,1.00,7,17.62,27.36,25.63,0.0,0.00,0.0,0.0,,0.0
161,20,1.00,7,17.35,26.87,25.41,0.0,0.00,0.0,0.0,,0.0
161,21,1.00,7,17.22,26.53,25.16,0.0,0.00,0.0,0.0,,0.0
161,22,1.00,7,17.15,26.23,24.91,0.0,0.00,0.0,0.0,,0.0
161,23,1.00,7,17.06,25.95,24.67,0.0,0.00,0.0,0.0,,0.0
161,24,1.00,7,17.00,25.68,24.44,0.0,0.00,0.0,0.0,,0.0
161,1,2.00,7,16.85,25.42,24.21,0.0,0.00,0.0,0.0,,0.0
161,2,2.00,7,16.74,25.17,23.99,0.0,0.00,0.0,0.0,,0.0
161,3,2.00,7,16.59,24.92,23.78,0.0,0.00,0.0,0.0,,0.0
161,4,2.00,7,16.38,24.68,23.56,0.0,0.00,0.0,0.0,,0.0
161,5,2.00,7,16.09,24.44,23.35,0.0,0.00,0.0,0.0,,0.0
161,6,2.00,7,15.91,24.20,23.14,0.0,0.00,0.0,0.0,,0.0
161,7,2.00,7,15.23,23.94,22.91,0.0,0.00,0.0,0.0,,0.0
161,8,2.00,7,14.89,24.85,23.93,0.0,10.67,0.0,0.0,,0.0
161,9,2.00,7,15.41,25.21,24.35,0.0,165.71,0.0,0.0,,0.0
161,10,2.00,7,16.65,25.62,24.79,0.0,272.74,0.0,0.0,,0.0
161,11,2.00,7,18.33,26.17,25.37,0.0,476.75,0.0,0.0,,0.0
161,12,2.00,7,18.79,26.64,25.78,-214.91,695.20,0.0,0.0,,-214.91
161,13,2.00,7,19.58,27.14,25.78,-1508.86,759.40,0.0,0.0,,-1508.86
161,14,2.00,7,19.81,27.59,25.78,-2348.67,862.58,0.0,0.0,,-2348.67
161,15,2.00,7,20.04,28.00,25.78,-3039.74,822.84,0.0,0.0,,-3039.74
161,16,2.00,7,19.86,28.31,25.78,-3417.94,731.04,0.0,0.0,,-3417.94
161,17,2.00,7,19.51,28.51,25.78,-3588.07,635.89,0.0,0.0,,-3588.07
161,18,2.00,7,18.74,28.52,25.78,-3272.19,274.88,0.0,0.0,,-3272.19
161,19,2.00,7,17.90,27.34,25.61,0.0,0.00,0.0,0.0,,0.0
161,20,2.00,7,17.46,26.84,25.38,0.0,0.00,0.0,0.0,,0.0
161,21,2.00,7,17.17,26.48,25.11,0.0,0.00,0.0,0.0,,0.0
161,22,2.00,7,17.02,26.17,24.86,0.0,0.00,0.0,0.0,,0.0
161,23,2.00,7,16.73,25.88,24.60,0.0,0.00,0.0,0.0,,0.0
161,24,2.00,7,16.55,25.59,24.35,0.0,0.00,0.0,0.0,,0.0
161,1,3.00,7,16.26,25.31,24.11,0.0,0.00,0.0,0.0,,0.0
161,2,3.00,7,15.91,25.03,23.86,0.0,0.00,0.0,0.0,,0.0
161,3,3.00,7,15.54,24.75,23.61,0.0,0.00,0.0,0.0,,0.0
161,4,3.00,7,15.17,24.48,23.37,0.0,0.00,0.0,0.0,,0.0
161,5,3.00,7,14.99,24.22,23.13,0.0,0.00,0.0,0.0,,0.0
161,6,3.00,7,14.78,23.96,22.91,0.0,0.00,0.0,0.0,,0.0
161,7,3.00,7,14.46,23.71,22.68,0.0,0.00,0.0,0.0,,0.0
161,8,3.00,7,14.23,25.82,24.82,0.0,10.67,0.0,0.0,,0.0
161,9,3.00,7,15.08,26.59,25.61,0.0,165.71,0.0,0.0,,0.0
161,10,3.00,7,16.13,27.10,26.14,0.0,272.74,0.0,0.0,,0.0
161,11,3.00,7,17.89,27.66,26.72,0.0,476.75,0.0,0.0,,0.0
161,12,3.00,7,18.93,28.24,27.32,0.0,695.20,0.0,0.0,,0.0
161,13,3.00,7,19.76,28.83,27.93,0.0,759.40,0.0,0.0,,0.0
161,14,3.00,7,20.05,29.41,28.53,0.0,862.58,0.0,0.0,,0.0
161,15,3.00,7,19.98,29.94,29.08,0.0,822.84,0.0,0.0,,0.0
161,16,3.00,7,19.83,30.40,29.56,0.0,731.04,0.0,0.0,,0.0
161,17,3.00,7,19.49,30.78,29.96,0.0,635.89,0.0,0.0,,0.0
161,18,3.00,7,18.76,30.99,30.18,0.0,274.88,0.0,0.0,,0.0
161,19,3.00,7,17.98,28.74,27.94,0.0,0.00,0.0,0.0,,0.0
161,20,3.00,7,17.61,27.95,27.17,0.0,0.00,0.0,0.0,,0.0
161,21,3.00,7,17.54,27.51,26.75,0.0,0.00,0.0,0.0,,0.0
161,22,3.00,7,17.59,27.17,26.42,0.0,0.00,0.0,0.0,,0.0
161,23,3.00,7,17.48,26.85,26.12,0.0,0.00,0.0,0.0,,0.0
161,24,3.00,7,17.29,26.55,25.82,0.0,0.00,0.0,0.0,,0.0
161,1,4.00,7,17.09,26.25,25.54,0.0,0.00,0.0,0.0,,0.0
161,2,4.00,7,16.96,25.96,25.26,0.0,0.00,0.0,0.0,,0.0
161,3,4.00,7,16.84,25.69,25.00,0.0,0.00,0.0,0.0,,0.0
161,4,4.00,7,16.69,25.42,24.75,0.0,0.00,0.0,0.0,,0.0
161,5,4.00,7,16.53,25.16,24.50,0.0,0.00,0.0,0.0,,0.0
161,6,4.00,7,16.52,24.92,24.27,0.0,0.00,0.0,0.0,,0.0
161,7,4.00,7,16.48,24.69,24.04,0.0,0.00,0.0,0.0,,0.0
161,8,4.00,7,16.48,26.83,26.19,0.0,10.67,0.0,0.0,,0.0
161,9,4.00,7,17.25,27.61,26.98,0.0,165.71,0.0,0.0,,0.0
161,10,4.00,7,17.84,28.10,27.48,0.0,272.74,0.0,0.0,,0.0
161,11,4.00,7,19.10,28.62,28.01,0.0,476.75,0.0,0.0,,0.0
161,12,4.00,7,19.62,29.15,28.55,0.0,695.20,0.0,0.0,,0.0
161,13,4.00,7,19.92,29.68,29.08,0.0,759.40,0.0,0.0,,0.0
161,14,4.00,7,19.91,30.21,29.62,0.0,862.58,0.0,0.0,,0.0
161,15,4.00,7,19.94,30.70,30.12,0.0,822.84,0.0,0.0,,0.0
161,16,4.00,7,19.96,31.14,30.57,0.0,731.04,0.0,0.0,,0.0
161,17,4.00,7,19.69,31.50,30.93,0.0,635.89,0.0,0.0,,0.0
161,18,4.00,7,19.09,31.69,31.13,0.0,274.88,0.0,0.0,,0.0
161,19,4.00,7,18.45,29.43,28.88,0.0,0.00,0.0,0.0,,0.0
161,20,4.00,7,18.17,28.63,28.09,0.0,0.00,0.0,0.0,,0.0
161,21,4.00,7,18.16,28.18,27.64,0.0,0.00,0.0,0.0,,0.0
161,22,4.00,7,18.21,27.83,27.30,0.0,0.00,0.0,0.0,,0.0
161,23,4.00,7,18.08,27.50,26.97,0.0,0.00,0.0,0.0,,0.0
161,24,4.00,7,17.88,27.18,26.66,0.0,0.00,0.0,0.0,,0.0
161,1,5.00,7,17.75,26.88,26.36,0.0,0.00,0.0,0.0,,0.0
161,2,5.00,7,17.65,26.59,26.08,0.0,0.00,0.0,0.0,,0.0
161,3,5.00,7,17.65,26.31,25.81,0.0,0.00,0.0,0.0,,0.0
161,4,5.00,7,17.80,26.06,25.56,0.0,0.00,0.0,0.0,,0.0
161,5,5.00,7,17.78,25.82,25.32,0.0,0.00,0.0,0.0,,0.0
161,6,5.00,7,17.76,25.58,25.09,0.0,0.00,0.0,0.0,,0.0
161,7,5.00,7,17.82,25.36,24.87,0.0,0.00,0.0,0.0,,0.0
161,8,5.00,7,17.86,26.45,25.78,-591.7,10.67,0.0,0.0,,-591.7
161,9,5.00,7,18.21,26.84,25.78,-1489.37,165.71,0.0,0.0,,-1489.37
161,10,5.00,7,18.48,27.12,25.78,-1886.88,272.74,0.0,0.0,,-1886.88
161,11,5.00,7,19.33,27.50,25.78,-2618.14,476.75,0.0,0.0,,-2618.14
161,12,5.00,7,19.87,27.92,25.78,-3311.73,695.20,0.0,0.0,,-3311.73
161,13,5.00,7,20.14,28.31,25.78,-3862.74,759.40,0.0,0.0,,-3862.74
161,14,5.00,7,19.87,28.63,25.78,-4227.76,862.58,0.0,0.0,,-4227.76
161,15,5.00,7,19.73,28.92,25.78,-4524.75,822.84,0.0,0.0,,-4524.75
161,16,5.00,7,19.67,29.17,25.78,-4732.95,731.04,0.0,0.0,,-4732.95
161,17,5.00,7,19.50,29.35,25.78,-4792.04,635.89,0.0,0.0,,-4792.04
161,18,5.00,7,18.92,29.34,25.78,-4392.62,274.88,0.0,0.0,,-4392.62
161,19,5.00,7,18.26,28.22,26.02,0.0,0.00,0.0,0.0,,0.0
161,20,5.00,7,17.98,27.72,25.88,0.0,0.00,0.0,0.0,,0.0
161,21,5.00,7,17.92,27.36,25.65,0.0,0.00,0.0,0.0,,0.0
161,22,5.00,7,17.95,27.05,25.42,0.0,0.00,0.0,0.0,,0.0
161,23,5.00,7,17.98,26.76,25.19,0.0,0.00,0.0,0.0,,0.0
161,24,5.00,7,17.95,26.48,24.96,0.0,0.00,0.0,0.0,,0.0
161,1,6.00,7,17.89,26.22,24.75,0.0,0.00,0.0,0.0,,0.0
161,2,6.00,7,17.76,25.96,24.53,0.0,0.00,0.0,0.0,,0.0
161,3,6.00,7,17.62,25.70,24.32,0.0,0.00,0.0,0.0,,0.0
161,4,6.00,7,17.53,25.46,24.12,0.0,0.00,0.0,0.0,,0.0
161,5,6.00,7,17.59,25.24,23.94,0.0,0.00,0.0,0.0,,0.0
161,6,6.00,7,17.58,25.02,23.76,0.0,0.00,0.0,0.0,,0.0
161,7,6.00,7,17.50,24.81,23.58,0.0,0.00,0.0,0.0,,0.0
161,8,6.00,7,17.44,25.92,24.85,0.0,10.67,0.0,0.0,,0.0
161,9,6.00,7,17.90,26.35,25.34,0.0,165.71,0.0,0.0,,0.0
161,10,6.00,7,17.90,26.59,25.63,0.0,272.74,0.0,0.0,,0.0
161,11,6.00,7,19.07,27.03,25.78,-838.06,476.75,0.0,0.0,,-838.06
161,12,6.00,7,19.73,27.49,25.78,-1876.28,695.20,0.0,0.0,,-1876.28
161,13,6.00,7,20.13,27.92,25.78,-2660.65,759.40,0.0,0.0,,-2660.65
161,14,6.00,7,19.92,28.27,25.78,-3207.08,862.58,0.0,0.0,,-3207.08
161,15,6.00,7,19.82,28.59,25.78,-3662.31,822.84,0.0,0.0,,-3662.31
161,16,6.00,7,19.54,28.83,25.78,-3899.43,731.04,0.0,0.0,,-3899.43
161,17,6.00,7,19.25,29.00,25.78,-4007.22,635.89,0.0,0.0,,-4007.22
161,18,6.00,7,18.60,28.99,25.78,-3663.81,274.88,0.0,0.0,,-3663.81
161,19,6.00,7,17.83,27.85,25.77,0.0,0.00,0.0,0.0,,0.0
161,20,6.00,7,17.67,27.36,25.58,0.0,0.00,0.0,0.0,,0.0
161,21,6.00,7,17.70,27.01,25.35,0.0,0.00,0.0,0.0,,0.0
161,22,6.00,7,17.80,26.72,25.12,0.0,0.00,0.0,0.0,,0.0
161,23,6.00,7,17.97,26.45,24.91,0.0,0.00,0.0,0.0,,0.0
161,24,6.00,7,18.07,26.20,24.70,0.0,0.00,0.0,0.0,,0.0
161,1,7.00,7,18.05,25.95,24.50,0.0,0.00,0.0,0.0,,0.0
161,2,7.00,7,18.12,25.72,24.31,0.0,0.00,0.0,0.0,,0.0
161,3,7.00,7,18.19,25.50,24.14,0.0,0.00,0.0,0.0,,0.0
161,4,7.00,7,18.51,25.31,23.98,0.0,0.00,0.0,0.0,,0.0
161,5,7.00,7,18.13,25.09,23.80,0.0,0.00,0.0,0.0,,0.0
161,6,7.00,7,17.57,24.85,23.60,0.0,0.00,0.0,0.0,,0.0
161,7,7.00,7,17.70,24.65,23.44,0.0,0.00,0.0,0.0,,0.0
161,8,7.00,7,17.43,25.77,24.71,0.0,10.67,0.0,0.0,,0.0
161,9,7.00,7,17.67,26.17,25.17,0.0,165.71,0.0,0.0,,0.0
161,10,7.00,7,16.89,26.29,25.33,0.0,272.74,0.0,0.0,,0.0
161,11,7.00,7,17.84,26.65,25.73,0.0,476.75,0.0,0.0,,0.0
161,12,7.00,7,18.38,27.06,25.78,-998.31,695.20,0.0,0.0,,-998.31
161,13,7.00,7,19.18,27.52,25.78,-1986.68,759.40,0.0,0.0,,-1986.68
161,14,7.00,7,19.36,27.92,25.78,-2705.52,862.58,0.0,0.0,,-2705.52
161,15,7.00,7,19.37,28.27,25.78,-3223.14,822.84,0.0,0.0,,-3223.14
161,16,7.00,7,19.24,28.53,25.78,-3542.99,731.04,0.0,0.0,,-3542.99
161,17,7.00,7,19.01,28.72,25.78,-3697.23,635.89,0.0,0.0,,-3697.23
161,18,7.00,7,18.42,28.72,25.78,-3396.75,274.88,0.0,0.0,,-3396.75
161,19,7.00,7,17.62,27.59,25.68,0.0,0.00,0.0,0.0,,0.0
161,20,7.00,7,17.44,27.10,25.47,0.0,0.00,0.0,0.0,,0.0
161,21,7.00,7,17.39,26.75,25.23,0.0,0.00,0.0,0.0,,0.0
161,22,7.00,7,17.38,26.45,24.99,0.0,0.00,0.0,0.0,,0.0
161,23,7.00,7,17.33,26.16,24.75,0.0,0.00,0.0,0.0,,0.0
161,24,7.00,7,17.31,25.89,24.53,0.0,0.00,0.0,0.0,,0.0
161,1,1.00,7,17.31,25.64,24.31,0.0,0.00,0.0,0.0,,0.0
161,2,1.00,7,17.31,25.40,24.11,0.0,0.00,0.0,0.0,,0.0
161,3,1.00,7,17.38,25.17,23.91,0.0,0.00,0.0,0.0,,0.0
161,4,1.00,7,17.45,24.95,23.73,0.0,0.00,0.0,0.0,,0.0
161,5,1.00,7,17.45,24.74,23.56,0.0,0.00,0.0,0.0,,0.0
161,6,1.00,7,17.21,24.53,23.37,0.0,0.00,0.0,0.0,,0.0
161,7,1.00,7,16.99,24.31,23.19,0.0,0.00,0.0,0.0,,0.0
161,8,1.00,7,16.80,25.40,24.42,0.0,10.67,0.0,0.0,,0.0
161,9,1.00,7,17.29,25.84,24.91,0.0,165.71,0.0,0.0,,0.0
161,10,1.00,7,17.53,26.12,25.23,0.0,272.74,0.0,0.0,,0.0
161,11,1.00,7,18.68,26.57,25.71,0.0,476.75,0.0,0.0,,0.0
161,12,1.00,7,18.97,26.98,25.78,-962.3,695.20,0.0,0.0,,-962.3
161,13,1.00,7,19.32,27.39,25.78,-1820.14,759.40,0.0,0.0,,-1820.14
161,14,1.00,7,19.15,27.74,25.78,-2428.91,862.58,0.0,0.0,,-2428.91
161,15,1.00,7,19.05,28.06,25.78,-2921.21,822.84,0.0,0.0,,-2921.21
161,16,1.00,7,18.72,28.28,25.78,-3174.1,731.04,0.0,0.0,,-3174.1
161,17,1.00,7,18.37,28.44,25.78,-3286.4,635.89,0.0,0.0,,-3286.4
161,18,1.00,7,17.65,28.41,25.78,-2935.83,274.88,0.0,0.0,,-2935.83
161,19,1.00,7,16.85,27.30,25.57,0.0,0.00,0.0,0.0,,0.0
161,20,1.00,7,16.64,26.81,25.32,0.0,0.00,0.0,0.0,,0.0
161,21,1.00,7,16.48,26.45,25.05,0.0,0.00,0.0,0.0,,0.0
161,22,1.00,7,16.35,26.13,24.78,0.0,0.00,0.0,0.0,,0.0
161,23,1.00,7,16.14,25.82,24.52,0.0,0.00,0.0,0.0,,0.0
161,24,1.00,7,16.01,25.52,24.26,0.0,0.00,0.0,0.0,,0.0
161,1,2.00,7,15.65,25.23,24.00,0.0,0.00,0.0,0.0,,0.0
161,2,2.00,7,15.48,24.95,23.75,0.0,0.00,0.0,0.0,,0.0
161,3,2.00,7,15.48,24.68,23.52,0.0,0.00,0.0,0.0,,0.0
161,4,2.00,7,15.46,24.43,23.30,0.0,0.00,0.0,0.0,,0.0
161,5,2.00,7,15.67,24.21,23.11,0.0,0.00,0.0,0.0,,0.0
161,6,2.00,7,15.50,23.98,22.91,0.0,0.00,0.0,0.0,,0.0
161,7,2.00,7,15.38,23.75,22.71,0.0,0.00,0.0,0.0,,0.0
161,8,2.00,7,15.30,24.74,23.82,0.0,10.67,0.0,0.0,,0.0
161,9,2.00,7,15.48,25.09,24.22,0.0,165.71,0.0,0.0,,0.0
161,10,2.00,7,16.62,25.48,24.64,0.0,272.74,0.0,0.0,,0.0
161,11,2.00,7,17.81,25.95,25.15,0.0,476.75,0.0,0.0,,0.0
161,12,2.00,7,18.24,26.39,25.61,0.0,695.20,0.0,0.0,,0.0
161,13,2.00,7,18.43,26.78,25.78,-642.1,759.40,0.0,0.0,,-642.1
161,14,2.00,7,18.67,27.19,25.78,-1588.45,862.58,0.0,0.0,,-1588.45
161,15,2.00,7,18.36,27.49,25.78,-2068.52,822.84,0.0,0.0,,-2068.52
161,16,2.00,7,18.12,27.73,25.78,-2417.95,731.04,0.0,0.0,,-2417.95
161,17,2.00,7,17.69,27.88,25.78,-2551.1,635.89,0.0,0.0,,-2551.1
161,18,2.00,7,17.04,27.86,25.78,-2275.32,274.88,0.0,0.0,,-2275.32
161,19,2.00,7,16.43,26.78,25.39,0.0,0.00,0.0,0.0,,0.0
161,20,2.00,7,16.23,26.30,25.10,0.0,0.00,0.0,0.0,,0.0
161,21,2.00,7,16.26,25.96,24.83,0.0,0.00,0.0,0.0,,0.0
161,22,2.00,7,16.28,25.67,24.57,0.0,0.00,0.0,0.0,,0.0
161,23,2.00,7,16.30,25.39,24.32,0.0,0.00,0.0,0.0,,0.0
161,24,2.00,7,16.38,25.13,24.10,0.0,0.00,0.0,0.0,,0.0
161,1,3.00,7,16.58,24.90,23.89,0.0,0.00,0.0,0.0,,0.0
161,2,3.00,7,16.81,24.68,23.70,0.0,0.00,0.0,0.0,,0.0
161,3,3.00,7,16.80,24.47,23.50,0.0,0.00,0.0,0.0,,0.0
161,4,3.00,7,16.64,24.25,23.31,0.0,0.00,0.0,0.0,,0.0
161,5,3.00,7,16.37,24.03,23.11,0.0,0.00,0.0,0.0,,0.0
161,6,3.00,7,16.23,23.81,22.92,0.0,0.00,0.0,0.0,,0.0
161,7,3.00,7,15.76,23.59,22.71,0.0,0.00,0.0,0.0,,0.0
161,8,3.00,7,15.42,25.73,24.87,0.0,10.67,0.0,0.0,,0.0
161,9,3.00,7,16.06,26.51,25.67,0.0,165.71,0.0,0.0,,0.0
161,10,3.00,7,16.90,27.03,26.21,0.0,272.74,0.0,0.0,,0.0
161,11,3.00,7,18.28,27.57,26.77,0.0,476.75,0.0,0.0,,0.0
161,12,3.00,7,19.20,28.15,27.37,0.0,695.20,0.0,0.0,,0.0
161,13,3.00,7,20.03,28.74,27.97,0.0,759.40,0.0,0.0,,0.0
161,14,3.00,7,19.81,29.30,28.54,0.0,862.58,0.0,0.0,,0.0
161,15,3.00,7,19.71,29.81,29.07,0.0,822.84,0.0,0.0,,0.0
161,16,3.00,7,19.37,30.25,29.53,0.0,731.04,0.0,0.0,,0.0
161,17,3.00,7,18.96,30.62,29.91,0.0,635.89,0.0,0.0,,0.0
161,18,3.00,7,18.07,30.81,30.11,0.0,274.88,0.0,0.0,,0.0
161,19,3.00,7,16.98,28.52,27.83,0.0,0.00,0.0,0.0,,0.0
161,20,3.00,7,16.42,27.70,27.02,0.0,0.00,0.0,0.0,,0.0
161,21,3.00,7,16.05,27.21,26.55,0.0,0.00,0.0,0.0,,0.0
161,22,3.00,7,15.78,26.81,26.16,0.0,0.00,0.0,0.0,,0.0
161,23,3.00,7,15.48,26.45,25.81,0.0,0.00,0.0,0.0,,0.0
161,24,3.00,7,15.21,26.10,25.47,0.0,0.00,0.0,0.0,,0.0
161,1,4.00,7,15.04,25.76,25.14,0.0,0.00,0.0,0.0,,0.0
161,2,4.00,7,14.76,25.44,24.82,0.0,0.00,0.0,0.0,,0.0
161,3,4.00,7,14.35,25.11,24.50,0.0,0.00,0.0,0.0,,0.0
161,4,4.00,7,14.01,24.78,24.19,0.0,0.00,0.0,0.0,,0.0
161,5,4.00,7,13.91,24.48,23.90,0.0,0.00,0.0,0.0,,0.0
161,6,4.00,7,13.63,24.18,23.61,0.0,0.00,0.0,0.0,,0.0
161,7,4.00,7,13.57,23.90,23.33,0.0,0.00,0.0,0.0,,0.0
161,8,4.00,7,13.29,25.98,25.42,0.0,10.67,0.0,0.0,,0.0
161,9,4.00,7,14.64,26.75,26.20,0.0,165.71,0.0,0.0,,0.0
161,10,4.00,7,14.78,27.18,26.64,0.0,272.74,0.0,0.0,,0.0
161,11,4.00,7,16.50,27.69,27.15,0.0,476.75,0.0,0.0,,0.0
161,12,4.00,7,17.38,28.22,27.69,0.0,695.20,0.0,0.0,,0.0
161,13,4.00,7,18.44,28.78,28.25,0.0,759.40,0.0,0.0,,0.0
161,14,4.00,7,18.86,29.34,28.82,0.0,862.58,0.0,0.0,,0.0
161,15,4.00,7,19.23,29.87,29.35,0.0,822.84,0.0,0.0,,0.0
161,16,4.00,7,18.76,30.29,29.78,0.0,731.04,0.0,0.0,,0.0
161,17,4.00,7,18.48,30.65,30.15,0.0,635.89,0.0,0.0,,0.0
161,18,4.00,7,17.60,30.83,30.33,0.0,274.88,0.0,0.0,,0.0
161,19,4.00,7,16.55,28.53,28.04,0.0,0.00,0.0,0.0,,0.0
161,20,4.00,7,16.25,27.72,27.23,0.0,0.00,0.0,0.0,,0.0
161,21,4.00,7,16.18,27.25,26.77,0.0,0.00,0.0,0.0,,0.0
161,22,4.00,7,16.21,26.88,26.40,0.0,0.00,0.0,0.0,,0.0
161,23,4.00,7,16.22,26.55,26.07,0.0,0.00,0.0,0.0,,0.0
161,24,4.00,7,16.09,26.22,25.75,0.0,0.00,0.0,0.0,,0.0
161,1,5.00,7,16.08,25.92,25.46,0.0,0.00,0.0,0.0,,0.0
161,2,5.00,7,15.93,25.62,25.16,0.0,0.00,0.0,0.0,,0.0
161,3,5.00,7,15.86,25.34,24.88,0.0,0.00,0.0,0.0,,0.0
161,4,5.00,7,15.85,25.07,24.62,0.0,0.00,0.0,0.0,,0.0
161,5,5.00,7,15.82,24.81,24.36,0.0,0.00,0.0,0.0,,0.0
161,6,5.00,7,15.53,24.54,24.10,0.0,0.00,0.0,0.0,,0.0
161,7,5.00,7,15.41,24.29,23.85,0.0,0.00,0.0,0.0,,0.0
161,8,5.00,7,15.21,25.19,24.79,0.0,10.67,0.0,0.0,,0.0
161,9,5.00,7,16.21,25.62,25.24,0.0,165.71,0.0,0.0,,0.0
161,10,5.00,7,16.30,25.86,25.49,0.0,272.74,0.0,0.0,,0.0
161,11,5.00,7,17.49,26.28,25.78,-357.21,476.75,0.0,0.0,,-357.21
161,12,5.00,7,18.21,26.73,25.78,-1420.96,695.20,0.0,0.0,,-1420.96
161,13,5.00,7,18.92,27.19,25.78,-2275.69,759.40,0.0,0.0,,-2275.69
161,14,5.00,7,19.09,27.60,25.78,-2930.34,862.58,0.0,0.0,,-2930.34
161,15,5.00,7,19.11,27.94,25.78,-3396.23,822.84,0.0,0.0,,-3396.23
161,16,5.00,7,18.84,28.19,25.78,-3616.29,731.04,0.0,0.0,,-3616.29
161,17,5.00,7,18.68,28.39,25.78,-3755.15,635.89,0.0,0.0,,-3755.15
161,18,5.00,7,18.01,28.38,25.78,-3389.71,274.88,0.0,0.0,,-3389.71
161,19,5.00,7,17.11,27.24,25.70,0.0,0.00,0.0,0.0,,0.0
161,20,5.00,7,16.68,26.73,25.47,0.0,0.00,0.0,0.0,,0.0
161,21,5.00,7,16.59,26.37,25.20,0.0,0.00,0.0,0.0,,0.0
161,22,5.00,7,16.61,26.06,24.94,0.0,0.00,0.0,0.0,,0.0
161,23,5.00,7,16.55,25.77,24.69,0.0,0.00,0.0,0.0,,0.0
161,24,5.00,7,16.52,25.50,24.45,0.0,0.00,0.0,0.0,,0.0
161,1,6.00,7,16.56,25.24,24.22,0.0,0.00,0.0,0.0,,0.0
161,2,6.00,7,16.45,24.98,23.99,0.0,0.00,0.0,0.0,,0.0
161,3,6.00,7,16.39,24.74,23.77,0.0,0.00,0.0,0.0,,0.0
161,4,6.00,7,16.48,24.51,23.57,0.0,0.00,0.0,0.0,,0.0
161,5,6.00,7,16.45,24.29,23.38,0.0,0.00,0.0,0.0,,0.0
161,6,6.00,7,16.19,24.07,23.17,0.0,0.00,0.0,0.0,,0.0
161,7,6.00,7,16.07,23.85,22.98,0.0,0.00,0.0,0.0,,0.0
161,8,6.00,7,15.90,24.89,24.13,0.0,10.67,0.0,0.0,,0.0
161,9,6.00,7,16.86,25.38,24.66,0.0,165.71,0.0,0.0,,0.0
161,10,6.00,7,16.70,25.62,24.93,0.0,272.74,0.0,0.0,,0.0
161,11,6.00,7,18.37,26.14,25.47,0.0,476.75,0.0,0.0,,0.0
161,12,6.00,7,18.71,26.57,25.78,-380.23,695.20,0.0,0.0,,-380.23
161,13,6.00,7,18.91,26.97,25.78,-1348.47,759.40,0.0,0.0,,-1348.47
161,14,6.00,7,19.00,27.36,25.78,-2094.74,862.58,0.0,0.0,,-2094.74
161,15,6.00,7,18.71,27.66,25.78,-2539.42,822.84,0.0,0.0,,-2539.42
161,16,6.00,7,18.27,27.87,25.78,-2770.9,731.04,0.0,0.0,,-2770.9
161,17,6.00,7,17.81,28.01,25.78,-2852.74,635.89,0.0,0.0,,-2852.74
161,18,6.00,7,16.93,27.95,25.78,-2453.42,274.88,0.0,0.0,,-2453.42
161,19,6.00,7,15.80,26.83,25.43,0.0,0.00,0.0,0.0,,0.0
161,20,6.00,7,15.22,26.31,25.11,0.0,0.00,0.0,0.0,,0.0
161,21,6.00,7,14.92,25.92,24.79,0.0,0.00,0.0,0.0,,0.0
161,22,6.00,7,14.78,25.57,24.49,0.0,0.00,0.0,0.0,,0.0
161,23,6.00,7,14.50,25.24,24.19,0.0,0.00,0.0,0.0,,0.0
161,24,6.00,7,14.38,24.93,23.90,0.0,0.00,0.0,0.0,,0.0
161,1,7.00,7,16.01,24.74,23.75,0.0,0.00,0.0,0.0,,0.0
161,2,7.00,7,15.73,24.49,23.53,0.0,0.00,0.0,0.0,,0.0
161,3,7.00,7,15.55,24.24,23.30,0.0,0.00,0.0,0.0,,0.0
161,4,7.00,7,15.30,23.99,23.08,0.0,0.00,0.0,0.0,,0.0
161,5,7.00,7,15.18,23.76,22.86,0.0,0.00,0.0,0.0,,0.0
161,6,7.00,7,14.94,23.52,22.65,0.0,0.00,0.0,0.0,,0.0
161,7,7.00,7,14.59,23.28,22.43,0.0,0.00,0.0,0.0,,0.0
161,8,7.00,7,14.21,24.18,23.44,0.0,10.67,0.0,0.0,,0.0
161,9,7.00,7,15.16,24.62,23.92,0.0,165.71,0.0,0.0,,0.0
161,10,7.00,7,16.44,25.06,24.38,0.0,272.74,0.0,0.0,,0.0
161,11,7.00,7,18.29,25.66,25.01,0.0,476.75,0.0,0.0,,0.0
161,12,7.00,7,19.37,26.24,25.61,0.0,695.20,0.0,0.0,,0.0
161,13,7.00,7,19.97,26.76,25.78,-962.2,759.40,0.0,0.0,,-962.2
161,14,7.00,7,20.62,27.31,25.78,-2154.68,862.58,0.0,0.0,,-2154.68
161,15,7.00,7,20.44,27.71,25.78,-2757.02,822.84,0.0,0.0,,-2757.02
161,16,7.00,7,20.15,28.01,25.78,-3153.15,731.04,0.0,0.0,,-3153.15
161,17,7.00,7,19.59,28.20,25.78,-3287.37,635.89,0.0,0.0,,-3287.37
161,18,7.00,7,18.81,28.21,25.78,-3003.95,274.88,0.0,0.0,,-3003.95
161,19,7.00,7,17.98,27.00,25.51,0.0,0.00,0.0,0.0,,0.0
161,20,7.00,7,17.48,26.50,25.25,0.0,0.00,0.0,0.0,,0.0
161,21,7.00,7,17.28,26.15,24.98,0.0,0.00,0.0,0.0,,0.0
161,22,7.00,7,17.14,25.85,24.73,0.0,0.00,0.0,0.0,,0.0
161,23,7.00,7,16.86,25.56,24.48,0.0,0.00,0.0,0.0,,0.0
161,24,7.00,7,16.65,25.28,24.23,0.0,0.00,0.0,0.0,,0.0
161,1,1.00,7,16.51,25.02,24.00,0.0,0.00,0.0,0.0,,0.0
161,2,1.00,7,16.14,24.75,23.75,0.0,0.00,0.0,0.0,,0.0
161,3,1.00,7,15.79,24.48,23.51,0.0,0.00,0.0,0.0,,0.0
161,4,1.00,7,15.62,24.23,23.28,0.0,0.00,0.0,0.0,,0.0
161,5,1.00,7,15.69,24.00,23.08,0.0,0.00,0.0,0.0,,0.0
161,6,1.00,7,15.54,23.77,22.87,0.0,0.00,0.0,0.0,,0.0
161,7,1.00,7,15.26,23.53,22.66,0.0,0.00,0.0,0.0,,0.0
161,8,1.00,7,14.98,24.50,23.73,0.0,10.67,0.0,0.0,,0.0
161,9,1.00,7,16.01,24.97,24.25,0.0,165.71,0.0,0.0,,0.0
161,10,1.00,7,17.00,25.38,24.68,0.0,272.74,0.0,0.0,,0.0
161,11,1.00,7,18.64,25.94,25.27,0.0,476.75,0.0,0.0,,0.0
161,12,1.00,7,19.58,26.49,25.78,-170.22,695.20,0.0,0.0,,-170.22
161,13,1.00,7,20.13,26.99,25.78,-1466.57,759.40,0.0,0.0,,-1466.57
161,14,1.00,7,20.61,27.50,25.78,-2447.96,862.58,0.0,0.0,,-2447.96
161,15,1.00,7,20.39,27.88,25.78,-2990.9,822.84,0.0,0.0,,-2990.9
161,16,1.00,7,20.01,28.15,25.78,-3312.55,731.04,0.0,0.0,,-3312.55
161,17,1.00,7,19.55,28.34,25.78,-3451.13,635.89,0.0,0.0,,-3451.13
161,18,1.00,7,18.78,28.34,25.78,-3143.15,274.88,0.0,0.0,,-3143.15
161,19,1.00,7,17.92,27.14,25.56,0.0,0.00,0.0,0.0,,0.0
161,20,1.00,7,17.48,26.63,25.31,0.0,0.00,0.0,0.0,,0.0
161,21,1.00,7,17.30,26.28,25.05,0.0,0.00,0.0,0.0,,0.0
161,22,1.00,7,17.08,25.97,24.78,0.0,0.00,0.0,0.0,,0.0
161,23,1.00,7,16.79,25.67,24.52,0.0,0.00,0.0,0.0,,0.0
161,24,1.00,7,16.50,25.38,24.27,0.0,0.00,0.0,0.0,,0.0
161,1,2.00,7,16.31,25.10,24.02,0.0,0.00,0.0,0.0,,0.0
161,2,2.00,7,16.03,24.83,23.78,0.0,0.00,0.0,0.0,,0.0
161,3,2.00,7,15.90,24.57,23.55,0.0,0.00,0.0,0.0,,0.0
161,4,2.00,7,15.81,24.32,23.33,0.0,0.00,0.0,0.0,,0.0
161,5,2.00,7,15.81,24.09,23.12,0.0,0.00,0.0,0.0,,0.0
161,6,2.00,7,15.48,23.84,22.90,0.0,0.00,0.0,0.0,,0.0
161,7,2.00,7,15.18,23.60,22.68,0.0,0.00,0.0,0.0,,0.0
161,8,2.00,7,14.76,24.53,23.72,0.0,10.67,0.0,0.0,,0.0
161,9,2.00,7,15.38,24.92,24.16,0.0,165.71,0.0,0.0,,0.0
161,10,2.00,7,16.21,25.26,24.53,0.0,272.74,0.0,0.0,,0.0
161,11,2.00,7,17.81,25.79,25.09,0.0,476.75,0.0,0.0,,0.0
161,12,2.00,7,18.80,26.32,25.64,0.0,695.20,0.0,0.0,,0.0
161,13,2.00,7,19.45,26.82,25.78,-992.48,759.40,0.0,0.0,,-992.48
161,14,2.00,7,19.85,27.30,25.78,-2014.08,862.58,0.0,0.0,,-2014.08
161,15,2.00,7,20.19,27.74,25.78,-2786.63,822.84,0.0,0.0,,-2786.63
161,16,2.00,7,20.00,28.06,25.78,-3191.63,731.04,0.0,0.0,,-3191.63
161,17,2.00,7,19.55,28.26,25.78,-3347.78,635.89,0.0,0.0,,-3347.78
161,18,2.00,7,18.80,28.27,25.78,-3063.28,274.88,0.0,0.0,,-3063.28
161,19,2.00,7,18.26,27.09,25.55,0.0,0.00,0.0,0.0,,0.0
161,20,2.00,7,17.81,26.59,25.30,0.0,0.00,0.0,0.0,,0.0
161,21,2.00,7,17.73,26.25,25.05,0.0,0.00,0.0,0.0,,0.0
161,22,2.00,7,17.67,25.97,24.81,0.0,0.00,0.0,0.0,,0.0
161,23,2.00,7,17.50,25.69,24.57,0.0,0.00,0.0,0.0,,0.0
161,24,2.00,7,17.35,25.43,24.34,0.0,0.00,0.0,0.0,,0.0
161,1,3.00,7,17.33,25.18,24.13,0.0,0.00,0.0,0.0,,0.0
161,2,3.00,7,17.23,24.94,23.91,0.0,0.00,0.0,0.0,,0.0
161,3,3.00,7,17.11,24.71,23.71,0.0,0.00,0.0,0.0,,0.0
161,4,3.00,7,16.97,24.48,23.51,0.0,0.00,0.0,0.0,,0.0
161,5,3.00,7,16.94,24.26,23.32,0.0,0.00,0.0,0.0,,0.0
161,6,3.00,7,16.79,24.05,23.13,0.0,0.00,0.0,0.0,,0.0
161,7,3.00,7,16.56,23.84,22.94,0.0,0.00,0.0,0.0,,0.0
161,8,3.00,7,16.19,25.97,25.10,0.0,10.67,0.0,0.0,,0.0
161,9,3.00,7,16.61,26.75,25.90,0.0,165.71,0.0,0.0,,0.0
161,10,3.00,7,17.18,27.24,26.41,0.0,272.74,0.0,0.0,,0.0
161,11,3.00,7,18.25,27.75,26.94,0.0,476.75,0.0,0.0,,0.0
161,12,3.00,7,18.74,28.29,27.50,0.0,695.20,0.0,0.0,,0.0
161,13,3.00,7,19.39,28.84,28.07,0.0,759.40,0.0,0.0,,0.0
161,14,3.00,7,19.67,29.40,28.64,0.0,862.58,0.0,0.0,,0.0
161,15,3.00,7,19.91,29.93,29.19,0.0,822.84,0.0,0.0,,0.0
161,16,3.00,7,19.66,30.37,29.65,0.0,731.04,0.0,0.0,,0.0
161,17,3.00,7,19.22,30.73,30.03,0.0,635.89,0.0,0.0,,0.0
161,18,3.00,7,18.39,30.92,30.23,0.0,274.88,0.0,0.0,,0.0
161,19,3.00,7,17.60,28.65,27.97,0.0,0.00,0.0,0.0,,0.0
161,20,3.00,7,17.12,27.84,27.17,0.0,0.00,0.0,0.0,,0.0
161,21,3.00,7,17.01,27.38,26.72,0.0,0.00,0.0,0.0,,0.0
161,22,3.00,7,17.08,27.02,26.38,0.0,0.00,0.0,0.0,,0.0
161,23,3.00,7,16.94,26.68,26.06,0.0,0.00,0.0,0.0,,0.0
161,24,3.00,7,16.75,26.36,25.74,0.0,0.00,0.0,0.0,,0.0
161,1,4.00,7,16.66,26.06,25.45,0.0,0.00,0.0,0.0,,0.0
161,2,4.00,7,16.49,25.76,25.16,0.0,0.00,0.0,0.0,,0.0
161,3,4.00,7,16.31,25.47,24.88,0.0,0.00,0.0,0.0,,0.0
161,4,4.00,7,16.15,25.19,24.61,0.0,0.00,0.0,0.0,,0.0
161,5,4.00,7,16.02,24.92,24.35,0.0,0.00,0.0,0.0,,0.0
161,6,4.00,7,15.76,24.65,24.09,0.0,0.00,0.0,0.0,,0.0
161,7,4.00,7,15.53,24.38,23.83,0.0,0.00,0.0,0.0,,0.0
161,8,4.00,7,15.27,26.48,25.94,0.0,10.67,0.0,0.0,,0.0
161,9,4.00,7,16.04,27.24,26.71,0.0,165.71,0.0,0.0,,0.0
161,10,4.00,7,17.00,27.73,27.20,0.0,272.74,0.0,0.0,,0.0
161,11,4.00,7,18.46,28.25,27.73,0.0,476.75,0.0,0.0,,0.0
161,12,4.00,7,19.20,28.79,28.28,0.0,695.20,0.0,0.0,,0.0
161,13,4.00,7,19.73,29.32,28.82,0.0,759.40,0.0,0.0,,0.0
161,14,4.00,7,20.33,29.90,29.40,0.0,862.58,0.0,0.0,,0.0
161,15,4.00,7,20.29,30.40,29.92,0.0,822.84,0.0,0.0,,0.0
161,16,4.00,7,20.15,30.84,30.36,0.0,731.04,0.0,0.0,,0.0
161,17,4.00,7,19.67,31.20,30.73,0.0,635.89,0.0,0.0,,0.0
161,18,4.00,7,19.02,31.39,30.92,0.0,274.88,0.0,0.0,,0.0
161,19,4.00,7,18.39,29.13,28.66,0.0,0.00,0.0,0.0,,0.0
161,20,4.00,7,18.03,28.33,27.87,0.0,0.00,0.0,0.0,,0.0
161,21,4.00,7,18.00,27.88,27.42,0.0,0.00,0.0,0.0,,0.0
161,22,4.00,7,17.98,27.52,27.07,0.0,0.00,0.0,0.0,,0.0
161,23,4.00,7,17.83,27.18,26.74,0.0,0.00,0.0,0.0,,0.0
161,24,4.00,7,17.69,26.87,26.43,0.0,0.00,0.0,0.0,,0.0
161,1,5.00,7,17.59,26.56,26.13,0.0,0.00,0.0,0.0,,0.0
161,2,5.00,7,17.38,26.27,25.84,0.0,0.00,0.0,0.0,,0.0
161,3,5.00,7,17.29,25.98,25.56,0.0,0.00,0.0,0.0,,0.0
161,4,5.00,7,17.17,25.71,25.29,0.0,0.00,0.0,0.0,,0.0
161,5,5.00,7,17.01,25.44,25.03,0.0,0.00,0.0,0.0,,0.0
161,6,5.00,7,16.83,25.18,24.77,0.0,0.00,0.0,0.0,,0.0
161,7,5.00,7,16.47,24.91,24.51,0.0,0.00,0.0,0.0,,0.0
161,8,5.00,7,16.17,25.83,25.47,0.0,10.67,0.0,0.0,,0.0
161,9,5.00,7,16.64,26.19,25.78,-145.58,165.71,0.0,0.0,,-145.58
161,10,5.00,7,17.27,26.48,25.78,-886.13,272.74,0.0,0.0,,-886.13
161,11,5.00,7,18.54,26.92,25.78,-1820.5,476.75,0.0,0.0,,-1820.5
161,12,5.00,7,18.94,27.32,25.78,-2492.13,695.20,0.0,0.0,,-2492.13
161,13,5.00,7,19.23,27.70,25.78,-3076.14,759.40,0.0,0.0,,-3076.14
161,14,5.00,7,19.34,28.07,25.78,-3619.96,862.58,0.0,0.0,,-3619.96
161,15,5.00,7,19.14,28.36,25.78,-3921.61,822.84,0.0,0.0,,-3921.61
161,16,5.00,7,18.98,28.59,25.78,-4110.77,731.04,0.0,0.0,,-4110.77
161,17,5.00,7,18.48,28.72,25.78,-4049.99,635.89,0.0,0.0,,-4049.99
161,18,5.00,7,17.80,28.67,25.78,-3622.1,274.88,0.0,0.0,,-3622.1
161,19,5.00,7,17.07,27.57,25.81,0.0,0.00,0.0,0.0,,0.0
161,20,5.00,7,16.70,27.06,25.60,0.0,0.00,0.0,0.0,,0.0
161,21,5.00,7,16.60,26.69,25.34,0.0,0.00,0.0,0.0,,0.0
161,22,5.00,7,16.61,26.36,25.07,0.0,0.00,0.0,0.0,,0.0
161,23,5.00,7,16.50,26.05,24.81,0.0,0.00,0.0,0.0,,0.0
161,24,5.00,7,16.35,25.75,24.55,0.0,0.00,0.0,0.0,,0.0
161,1,6.00,7,16.32,25.47,24.30,0.0,0.00,0.0,0.0,,0.0
161,2,6.00,7,16.24,25.20,24.07,0.0,0.00,0.0,0.0,,0.0
161,3,6.00,7,16.07,24.93,23.83,0.0,0.00,0.0,0.0,,0.0
161,4,6.00,7,15.80,24.66,23.59,0.0,0.00,0.0,0.0,,0.0
161,5,6.00,7,15.71,24.40,23.37,0.0,0.00,0.0,0.0,,0.0
161,6,6.00,7,15.56,24.16,23.16,0.0,0.00,0.0,0.0,,0.0
161,7,6.00,7,15.26,23.91,22.93,0.0,0.00,0.0,0.0,,0.0
161,8,6.00,7,15.09,24.84,23.99,0.0,10.67,0.0,0.0,,0.0
161,9,6.00,7,15.92,25.26,24.46,0.0,165.71,0.0,0.0,,0.0
161,10,6.00,7,16.54,25.59,24.82,0.0,272.74,0.0,0.0,,0.0
161,11,6.00,7,18.02,26.09,25.35,0.0,476.75,0.0,0.0,,0.0
161,12,6.00,7,18.74,26.57,25.78,-198.71,695.20,0.0,0.0,,-198.71
161,13,6.00,7,19.40,27.04,25.78,-1438.91,759.40,0.0,0.0,,-1438.91
161,14,6.00,7,19.61,27.48,25.78,-2259.26,862.58,0.0,0.0,,-2259.26
161,15,6.00,7,19.81,27.88,25.78,-2927.83,822.84,0.0,0.0,,-2927.83
161,16,6.00,7,19.49,28.15,25.78,-3238.24,731.04,0.0,0.0,,-3238.24
161,17,6.00,7,19.04,28.32,25.78,-3350.77,635.89,0.0,0.0,,-3350.77
161,18,6.00,7,18.10,28.28,25.78,-2949.98,274.88,0.0,0.0,,-2949.98
161,19,6.00,7,17.16,27.12,25.53,0.0,0.00,0.0,0.0,,0.0
161,20,6.00,7,16.84,26.61,25.27,0.0,0.00,0.0,0.0,,0.0
161,21,6.00,7,16.78,26.26,25.01,0.0,0.00,0.0,0.0,,0.0
161,22,6.00,7,16.77,25.95,24.75,0.0,0.00,0.0,0.0,,0.0
161,23,6.00,7,16.58,25.65,24.50,0.0,0.00,0.0,0.0,,0.0
161,24,6.00,7,16.50,25.38,24.25,0.0,0.00,0.0,0.0,,0.0
161,1,7.00,7,16.56,25.12,24.03,0.0,0.00,0.0,0.0,,0.0
161,2,7.00,7,16.28,24.85,23.79,0.0,0.00,0.0,0.0,,0.0
161,3,7.00,7,15.84,24.58,23.55,0.0,0.00,0.0,0.0,,0.0
161,4,7.00,7,15.60,24.31,23.32,0.0,0.00,0.0,0.0,,0.0
161,5,7.00,7,15.45,24.07,23.10,0.0,0.00,0.0,0.0,,0.0
161,6,7.00,7,15.56,23.84,22.90,0.0,0.00,0.0,0.0,,0.0
161,7,7.00,7,15.41,23.61,22.70,0.0,0.00,0.0,0.0,,0.0
161,8,7.00,7,15.10,24.58,23.78,0.0,10.67,0.0,0.0,,0.0
161,9,7.00,7,15.60,24.97,24.21,0.0,165.71,0.0,0.0,,0.0
161,10,7.00,7,15.66,25.20,24.47,0.0,272.74,0.0,0.0,,0.0
161,11,7.00,7,17.51,25.73,25.03,0.0,476.75,0.0,0.0,,0.0
161,12,7.00,7,18.41,26.24,25.57,0.0,695.20,0.0,0.0,,0.0
161,13,7.00,7,19.23,26.76,25.78,-838.05,759.40,0.0,0.0,,-838.05
161,14,7.00,7,19.62,27.24,25.78,-1895.03,862.58,0.0,0.0,,-1895.03
161,15,7.00,7,19.57,27.61,25.78,-2506.17,822.84,0.0,0.0,,-2506.17
161,16,7.00,7,19.26,27.88,25.78,-2855.21,731.04,0.0,0.0,,-2855.21
161,17,7.00,7,18.94,28.08,25.78,-3055.46,635.89,0.0,0.0,,-3055.46
161,18,7.00,7,18.29,28.09,25.78,-2805.21,274.88,0.0,0.0,,-2805.21
161,19,7.00,7,17.56,26.93,25.48,0.0,0.00,0.0,0.0,,0.0
161,20,7.00,7,17.21,26.43,25.21,0.0,0.00,0.0,0.0,,0.0
161,21,7.00,7,17.24,26.10,24.96,0.0,0.00,0.0,0.0,,0.0
161,22,7.00,7,17.40,25.82,24.72,0.0,0.00,0.0,0.0,,0.0
161,23,7.00,7,17.35,25.55,24.49,0.0,0.00,0.0,0.0,,0.0
161,24,7.00,7,17.17,25.29,24.26,0.0,0.00,0.0,0.0,,0.0
161,1,1.00,7,16.99,25.03,24.04,0.0,0.00,0.0,0.0,,0.0
161,2,1.00,7,16.66,24.77,23.80,0.0,0.00,0.0,0.0,,0.0
161,3,1.00,7,16.39,24.52,23.58,0.0,0.00,0.0,0.0,,0.0
161,4,1.00,7,16.22,24.28,23.36,0.0,0.00,0.0,0.0,,0.0
161,5,1.00,7,16.08,24.04,23.15,0.0,0.00,0.0,0.0,,0.0
161,6,1.00,7,15.95,23.82,22.95,0.0,0.00,0.0,0.0,,0.0
161,7,1.00,7,16.04,23.62,22.77,0.0,0.00,0.0,0.0,,0.0
161,8,1.00,7,15.97,24.70,23.95,0.0,10.67,0.0,0.0,,0.0
161,9,1.00,7,16.58,25.14,24.44,0.0,165.71,0.0,0.0,,0.0
161,10,1.00,7,16.71,25.42,24.74,0.0,272.74,0.0,0.0,,0.0
161,11,1.00,7,18.40,25.95,25.30,0.0,476.75,0.0,0.0,,0.0
161,12,1.00,7,18.69,26.38,25.76,0.0,695.20,0.0,0.0,,0.0
161,13,1.00,7,18.75,26.76,25.78,-969.07,759.40,0.0,0.0,,-969.07
161,14,1.00,7,18.75,27.14,25.78,-1719.46,862.58,0.0,0.0,,-1719.46
161,15,1.00,7,18.78,27.48,25.78,-2317.18,822.84,0.0,0.0,,-2317.18
161,16,1.00,7,18.69,27.76,25.78,-2718.25,731.04,0.0,0.0,,-2718.25
161,17,1.00,7,18.39,27.95,25.78,-2895.32,635.89,0.0,0.0,,-2895.32
161,18,1.00,7,17.84,27.97,25.78,-2661.59,274.88,0.0,0.0,,-2661.59
161,19,1.00,7,17.30,26.84,25.47,0.0,0.00,0.0,0.0,,0.0
161,20,1.00,7,17.06,26.36,25.20,0.0,0.00,0.0,0.0,,0.0
161,21,1.00,7,17.13,26.02,24.95,0.0,0.00,0.0,0.0,,0.0
161,22,1.00,7,17.22,25.74,24.71,0.0,0.00,0.0,0.0,,0.0
161,23,1.00,7,17.11,25.47,24.47,0.0,0.00,0.0,0.0,,0.0
161,24,1.00,7,17.04,25.21,24.24,0.0,0.00,0.0,0.0,,0.0
161,1,2.00,7,16.97,24.96,24.02,0.0,0.00,0.0,0.0,,0.0
161,2,2.00,7,16.79,24.71,23.79,0.0,0.00,0.0,0.0,,0.0
161,3,2.00,7,16.55,24.47,23.57,0.0,0.00,0.0,0.0,,0.0
161,4,2.00,7,16.49,24.24,23.37,0.0,0.00,0.0,0.0,,0.0
161,5,2.00,7,16.21,24.01,23.16,0.0,0.00,0.0,0.0,,0.0
161,6,2.00,7,15.90,23.77,22.94,0.0,0.00,0.0,0.0,,0.0
161,7,2.00,7,15.95,23.56,22.76,0.0,0.00,0.0,0.0,,0.0
161,8,2.00,7,15.92,24.65,23.94,0.0,10.67,0.0,0.0,,0.0
161,9,2.00,7,16.70,25.12,24.45,0.0,165.71,0.0,0.0,,0.0
161,10,2.00,7,17.67,25.54,24.89,0.0,272.74,0.0,0.0,,0.0
161,11,2.00,7,18.91,26.05,25.43,0.0,476.75,0.0,0.0,,0.0
161,12,2.00,7,18.91,26.44,25.78,-159.82,695.20,0.0,0.0,,-159.82
161,13,2.00,7,19.33,26.87,25.78,-1274.74,759.40,0.0,0.0,,-1274.74
161,14,2.00,7,19.48,27.29,25.78,-2078.7,862.58,0.0,0.0,,-2078.7
161,15,2.00,7,19.47,27.66,25.78,-2665.71,822.84,0.0,0.0,,-2665.71
161,16,2.00,7,19.36,27.95,25.78,-3064.29,731.04,0.0,0.0,,-3064.29
161,17,2.00,7,18.93,28.13,25.78,-3192.58,635.89,0.0,0.0,,-3192.58
161,18,2.00,7,18.28,28.14,25.78,-2915.3,274.88,0.0,0.0,,-2915.3
161,19,2.00,7,17.56,26.97,25.52,0.0,0.00,0.0,0.0,,0.0
161,20,2.00,7,17.20,26.47,25.26,0.0,0.00,0.0,0.0,,0.0
161,21,2.00,7,17.18,26.13,25.00,0.0,0.00,0.0,0.0,,0.0
161,22,2.00,7,17.17,25.84,24.75,0.0,0.00,0.0,0.0,,0.0
161,23,2.00,7,17.06,25.56,24.50,0.0,0.00,0.0,0.0,,0.0
161,24,2.00,7,16.88,25.28,24.26,0.0,0.00,0.0,0.0,,0.0
161,1,3.00,7,16.70,25.02,24.03,0.0,0.00,0.0,0.0,,0.0
161,2,3.00,7,16.51,24.76,23.80,0.0,0.00,0.0,0.0,,0.0
161,3,3.00,7,16.41,24.51,23.58,0.0,0.00,0.0,0.0,,0.0
161,4,3.00,7,16.37,24.28,23.37,0.0,0.00,0.0,0.0,,0.0
161,5,3.00,7,16.34,24.06,23.17,0.0,0.00,0.0,0.0,,0.0
161,6,3.00,7,16.14,23.83,22.97,0.0,0.00,0.0,0.0,,0.0
161,7,3.00,7,16.20,23.63,22.79,0.0,0.00,0.0,0.0,,0.0
161,8,3.00,7,16.13,25.79,24.97,0.0,10.67,0.0,0.0,,0.0
161,9,3.00,7,16.64,26.57,25.77,0.0,165.71,0.0,0.0,,0.0
161,10,3.00,7,16.54,27.03,26.25,0.0,272.74,0.0,0.0,,0.0
161,11,3.00,7,17.68,27.53,26.77,0.0,476.75,0.0,0.0,,0.0
161,12,3.00,7,18.27,28.07,27.32,0.0,695.20,0.0,0.0,,0.0
161,13,3.00,7,18.68,28.60,27.87,0.0,759.40,0.0,0.0,,0.0
161,14,3.00,7,18.70,29.13,28.42,0.0,862.58,0.0,0.0,,0.0
161,15,3.00,7,18.47,29.61,28.91,0.0,822.84,0.0,0.0,,0.0
161,16,3.00,7,18.23,30.02,29.35,0.0,731.04,0.0,0.0,,0.0
161,17,3.00,7,18.08,30.38,29.72,0.0,635.89,0.0,0.0,,0.0
161,18,3.00,7,17.52,30.57,29.92,0.0,274.88,0.0,0.0,,0.0
161,19,3.00,7,17.00,28.31,27.68,0.0,0.00,0.0,0.0,,0.0
161,20,3.00,7,16.69,27.51,26.89,0.0,0.00,0.0,0.0,,0.0
161,21,3.00,7,16.70,27.06,26.45,0.0,0.00,0.0,0.0,,0.0
161,22,3.00,7,16.86,26.71,26.11,0.0,0.00,0.0,0.0,,0.0
161,23,3.00,7,16.99,26.40,25.81,0.0,0.00,0.0,0.0,,0.0
161,24,3.00,7,16.94,26.10,25.53,0.0,0.00,0.0,0.0,,0.0
161,1,4.00,7,17.02,25.82,25.26,0.0,0.00,0.0,0.0,,0.0
161,2,4.00,7,17.02,25.55,25.00,0.0,0.00,0.0,0.0,,0.0
161,3,4.00,7,17.08,25.30,24.75,0.0,0.00,0.0,0.0,,0.0
161,4,4.00,7,16.98,25.05,24.51,0.0,0.00,0.0,0.0,,0.0
161,5,4.00,7,16.92,24.80,24.28,0.0,0.00,0.0,0.0,,0.0
161,6,4.00,7,16.68,24.56,24.04,0.0,0.00,0.0,0.0,,0.0
161,7,4.00,7,16.51,24.32,23.81,0.0,0.00,0.0,0.0,,0.0
161,8,4.00,7,16.15,26.44,25.94,0.0,10.67,0.0,0.0,,0.0
161,9,4.00,7,16.52,27.19,26.70,0.0,165.71,0.0,0.0,,0.0
161,10,4.00,7,17.75,27.70,27.22,0.0,272.74,0.0,0.0,,0.0
161,11,4.00,7,18.75,28.21,27.73,0.0,476.75,0.0,0.0,,0.0
161,12,4.00,7,19.44,28.75,28.28,0.0,695.20,0.0,0.0,,0.0
161,13,4.00,7,20.36,29.32,28.85,0.0,759.40,0.0,0.0,,0.0
161,14,4.00,7,20.68,29.89,29.43,0.0,862.58,0.0,0.0,,0.0
161,15,4.00,7,20.55,30.39,29.94,0.0,822.84,0.0,0.0,,0.0
161,16,4.00,7,20.27,30.83,30.38,0.0,731.04,0.0,0.0,,0.0
161,17,4.00,7,19.70,31.17,30.73,0.0,635.89,0.0,0.0,,0.0
161,18,4.00,7,18.98,31.36,30.92,0.0,274.88,0.0,0.0,,0.0
161,19,4.00,7,18.28,29.09,28.66,0.0,0.00,0.0,0.0,,0.0
161,20,4.00,7,17.73,28.27,27.85,0.0,0.00,0.0,0.0,,0.0
161,21,4.00,7,17.47,27.79,27.37,0.0,0.00,0.0,0.0,,0.0
161,22,4.00,7,17.44,27.42,27.01,0.0,0.00,0.0,0.0,,0.0
161,23,4.00,7,17.17,27.07,26.66,0.0,0.00,0.0,0.0,,0.0
161,24,4.00,7,16.85,26.72,26.32,0.0,0.00,0.0,0.0,,0.0
161,1,5.00,7,16.64,26.39,25.99,0.0,0.00,0.0,0.0,,0.0
161,2,5.00,7,16.36,26.07,25.67,0.0,0.00,0.0,0.0,,0.0
161,3,5.00,7,16.16,25.76,25.37,0.0,0.00,0.0,0.0,,0.0
161,4,5.00,7,15.91,25.45,25.07,0.0,0.00,0.0,0.0,,0.0
161,5,5.00,7,15.58,25.15,24.77,0.0,0.00,0.0,0.0,,0.0
161,6,5.00,7,15.01,24.84,24.46,0.0,0.00,0.0,0.0,,0.0
161,7,5.00,7,14.84,24.55,24.17,0.0,0.00,0.0,0.0,,0.0
161,8,5.00,7,14.68,25.34,25.00,0.0,10.67,0.0,0.0,,0.0
161,9,5.00,7,15.45,25.69,25.37,0.0,165.71,0.0,0.0,,0.0
161,10,5.00,7,16.63,26.06,25.74,0.0,272.74,0.0,0.0,,0.0
161,11,5.00,7,17.70,26.48,25.78,-994.83,476.75,0.0,0.0,,-994.83
161,12,5.00,7,18.54,26.93,25.78,-1912.23,695.20,0.0,0.0,,-1912.23
161,13,5.00,7,19.16,27.38,25.78,-2677.36,759.40,0.0,0.0,,-2677.36
161,14,5.00,7,19.60,27.82,25.78,-3400.96,862.58,0.0,0.0,,-3400.96
161,15,5.00,7,19.75,28.20,25.78,-3893.46,822.84,0.0,0.0,,-3893.46
161,16,5.00,7,19.66,28.48,25.78,-4160.38,731.04,0.0,0.0,,-4160.38
161,17,5.00,7,19.24,28.65,25.78,-4175.1,635.89,0.0,0.0,,-4175.1
161,18,5.00,7,18.90,28.69,25.78,-3927.61,274.88,0.0,0.0,,-3927.61
161,19,5.00,7,18.34,27.54,25.85,0.0,0.00,0.0,0.0,,0.0
161,20,5.00,7,17.95,27.04,25.67,0.0,0.00,0.0,0.0,,0.0
161,21,5.00,7,17.80,26.68,25.43,0.0,0.00,0.0,0.0,,0.0
161,22,5.00,7,17.81,26.38,25.18,0.0,0.00,0.0,0.0,,0.0
161,23,5.00,7,17.78,26.10,24.95,0.0,0.00,0.0,0.0,,0.0
161,24,5.00,7,17.93,25.85,24.73,0.0,0.00,0.0,0.0,,0.0
161,1,6.00,7,18.10,25.61,24.53,0.0,0.00,0.0,0.0,,0.0
161,2,6.00,7,18.42,25.40,24.36,0.0,0.00,0.0,0.0,,0.0
161,3,6.00,7,18.39,25.19,24.17,0.0,0.00,0.0,0.0,,0.0
161,4,6.00,7,18.31,24.98,23.99,0.0,0.00,0.0,0.0,,0.0
161,5,6.00,7,17.83,24.75,23.79,0.0,0.00,0.0,0.0,,0.0
161,6,6.00,7,17.43,24.51,23.58,0.0,0.00,0.0,0.0,,0.0
161,7,6.00,7,17.43,24.31,23.40,0.0,0.00,0.0,0.0,,0.0
161,8,6.00,7,17.44,25.47,24.68,0.0,10.67,0.0,0.0,,0.0
161,9,6.00,7,18.09,25.95,25.21,0.0,165.71,0.0,0.0,,0.0
161,10,6.00,7,18.70,26.32,25.61,0.0,272.74,0.0,0.0,,0.0
161,11,6.00,7,19.23,26.71,25.78,-630.59,476.75,0.0,0.0,,-630.59
161,12,6.00,7,19.62,27.12,25.78,-1592.48,695.20,0.0,0.0,,-1592.48
161,13,6.00,7,19.91,27.53,25.78,-2350.82,759.40,0.0,0.0,,-2350.82
161,14,6.00,7,19.78,27.90,25.78,-2941.02,862.58,0.0,0.0,,-2941.02
161,15,6.00,7,19.54,28.20,25.78,-3346.32,822.84,0.0,0.0,,-3346.32
161,16,6.00,7,19.06,28.40,25.78,-3507.93,731.04,0.0,0.0,,-3507.93
161,17,6.00,7,18.67,28.54,25.78,-3575.66,635.89,0.0,0.0,,-3575.66
161,18,6.00,7,17.90,28.50,25.78,-3183.79,274.88,0.0,0.0,,-3183.79
161,19,6.00,7,17.03,27.36,25.64,0.0,0.00,0.0,0.0,,0.0
161,20,6.00,7,16.47,26.84,25.38,0.0,0.00,0.0,0.0,,0.0
161,21,6.00,7,16.18,26.45,25.08,0.0,0.00,0.0,0.0,,0.0
161,22,6.00,7,16.15,26.11,24.81,0.0,0.00,0.0,0.0,,0.0
161,23,6.00,7,16.07,25.80,24.54,0.0,0.00,0.0,0.0,,0.0
161,24,6.00,7,15.71,25.48,24.26,0.0,0.00,0.0,0.0,,0.0
161,1,7.00,7,15.50,25.18,24.00,0.0,0.00,0.0,0.0,,0.0
161,2,7.00,7,15.04,24.86,23.72,0.0,0.00,0.0,0.0,,0.0
161,3,7.00,7,14.65,24.56,23.45,0.0,0.00,0.0,0.0,,0.0
161,4,7.00,7,14.38,24.26,23.19,0.0,0.00,0.0,0.0,,0.0
161,5,7.00,7,14.13,23.98,22.94,0.0,0.00,0.0,0.0,,0.0
161,6,7.00,7,14.07,23.71,22.70,0.0,0.00,0.0,0.0,,0.0
161,7,7.00,7,13.77,23.44,22.46,0.0,0.00,0.0,0.0,,0.0
161,8,7.00,7,13.35,24.21,23.35,0.0,10.67,0.0,0.0,,0.0
161,9,7.00,7,13.19,24.42,23.61,0.0,165.71,0.0,0.0,,0.0
161,10,7.00,7,14.20,24.72,23.94,0.0,272.74,0.0,0.0,,0.0
161,11,7.00,7,15.98,25.22,24.48,0.0,476.75,0.0,0.0,,0.0
161,12,7.00,7,17.46,25.80,25.08,0.0,695.20,0.0,0.0,,0.0
161,13,7.00,7,18.96,26.42,25.73,0.0,759.40,0.0,0.0,,0.0
161,14,7.00,7,19.70,26.98,25.78,-1378.58,862.58,0.0,0.0,,-1378.58
161,15,7.00,7,20.32,27.49,25.78,-2366.15,822.84,0.0,0.0,,-2366.15
161,16,7.00,7,20.22,27.84,25.78,-2877.57,731.04,0.0,0.0,,-2877.57
161,17,7.00,7,19.84,28.08,25.78,-3120.02,635.89,0.0,0.0,,-3120.02
161,18,7.00,7,19.07,28.10,25.78,-2878.74,274.88,0.0,0.0,,-2878.74
161,19,7.00,7,18.41,26.89,25.45,0.0,0.00,0.0,0.0,,0.0
161,20,7.00,7,18.13,26.40,25.20,0.0,0.00,0.0,0.0,,0.0
161,21,7.00,7,18.04,26.08,24.96,0.0,0.00,0.0,0.0,,0.0
161,22,7.00,7,17.99,25.80,24.73,0.0,0.00,0.0,0.0,,0.0
161,23,7.00,7,17.90,25.54,24.51,0.0,0.00,0.0,0.0,,0.0
161,24,7.00,7,17.83,25.30,24.29,0.0,0.00,0.0,0.0,,0.0
161,1,1.00,8,17.93,25.08,24.10,0.0,0.00,0.0,0.0,,0.0
161,2,1.00,8,17.84,24.85,23.90,0.0,0.00,0.0,0.0,,0.0
161,3,1.00,8,17.60,24.63,23.70,0.0,0.00,0.0,0.0,,0.0
161,4,1.00,8,17.37,24.41,23.51,0.0,0.00,0.0,0.0,,0.0
161,5,1.00,8,17.14,24.19,23.31,0.0,0.00,0.0,0.0,,0.0
161,6,1.00,8,17.13,23.99,23.14,0.0,0.00,0.0,0.0,,0.0
161,7,1.00,8,17.12,23.80,22.97,0.0,1.34,0.0,0.0,,0.0
161,8,1.00,8,17.12,25.00,24.27,0.0,36.82,0.0,0.0,,0.0
161,9,1.00,8,17.14,25.41,24.73,0.0,233.92,0.0,0.0,,0.0
161,10,1.00,8,17.08,25.69,25.03,0.0,396.04,0.0,0.0,,0.0
161,11,1.00,8,18.13,26.15,25.51,0.0,549.70,0.0,0.0,,0.0
161,12,1.00,8,18.77,26.61,26.00,0.0,644.96,0.0,0.0,,0.0
161,13,1.00,8,19.72,27.15,26.23,-861.66,725.48,0.0,0.0,,-861.66
161,14,1.00,8,19.60,27.56,26.23,-1720.61,779.28,0.0,0.0,,-1720.61
161,15,1.00,8,19.46,27.91,26.23,-2302.93,742.69,0.0,0.0,,-2302.93
161,16,1.00,8,19.31,28.20,26.23,-2739.5,683.76,0.0,0.0,,-2739.5
161,17,1.00,8,19.24,28.44,26.23,-3028.07,561.14,0.0,0.0,,-3028.07
161,18,1.00,8,18.66,28.49,26.23,-2862.46,312.91,0.0,0.0,,-2862.46
161,19,1.00,8,17.95,27.33,25.95,0.0,0.00,0.0,0.0,,0.0
161,20,1.00,8,17.71,26.84,25.69,0.0,0.00,0.0,0.0,,0.0
161,21,1.00,8,17.57,26.49,25.41,0.0,0.00,0.0,0.0,,0.0
161,22,1.00,8,17.65,26.19,25.16,0.0,0.00,0.0,0.0,,0.0
161,23,1.00,8,17.83,25.93,24.93,0.0,0.00,0.0,0.0,,0.0
161,24,1.00,8,17.92,25.67,24.71,0.0,0.00,0.0,0.0,,0.0
161,1,2.00,8,17.92,25.43,24.49,0.0,0.00,0.0,0.0,,0.0
161,2,2.00,8,17.74,25.19,24.27,0.0,0.00,0.0,0.0,,0.0
161,3,2.00,8,17.79,24.96,24.07,0.0,0.00,0.0,0.0,,0.0
161,4,2.00,8,17.80,24.75,23.88,0.0,0.00,0.0,0.0,,0.0
161,5,2.00,8,17.49,24.52,23.68,0.0,0.00,0.0,0.0,,0.0
161,6,2.00,8,16.93,24.28,23.46,0.0,0.00,0.0,0.0,,0.0
161,7,2.00,8,16.52,24.04,23.24,0.0,1.34,0.0,0.0,,0.0
161,8,2.00,8,16.11,25.07,24.37,0.0,36.82,0.0,0.0,,0.0
161,9,2.00,8,16.42,25.46,24.80,0.0,233.92,0.0,0.0,,0.0
161,10,2.00,8,17.40,25.87,25.24,0.0,396.04,0.0,0.0,,0.0
161,11,2.00,8,18.41,26.35,25.74,0.0,549.70,0.0,0.0,,0.0
161,12,2.00,8,18.88,26.79,26.20,0.0,644.96,0.0,0.0,,0.0
161,13,2.00,8,19.36,27.25,26.23,-1157.46,725.48,0.0,0.0,,-1157.46
161,14,2.00,8,19.45,27.66,26.23,-1939.91,779.28,0.0,0.0,,-1939.91
161,15,2.00,8,19.30,27.99,26.23,-2474.35,742.69,0.0,0.0,,-2474.35
161,16,2.00,8,19.04,28.26,26.23,-2832.35,683.76,0.0,0.0,,-2832.35
161,17,2.00,8,18.75,28.44,26.23,-2993.65,561.14,0.0,0.0,,-2993.65
161,18,2.00,8,18.14,28.47,26.23,-2782.42,312.91,0.0,0.0,,-2782.42
161,19,2.00,8,17.47,27.35,25.96,0.0,0.00,0.0,0.0,,0.0
161,20,2.00,8,17.15,26.84,25.69,0.0,0.00,0.0,0.0,,0.0
161,21,2.00,8,16.95,26.48,25.40,0.0,0.00,0.0,0.0,,0.0
161,22,2.00,8,17.01,26.16,25.13,0.0,0.00,0.0,0.0,,0.0
161,23,2.00,8,17.26,25.89,24.89,0.0,0.00,0.0,0.0,,0.0
161,24,2.00,8,17.43,25.63,24.66,0.0,0.00,0.0,0.0,,0.0
161,1,3.00,8,17.42,25.38,24.44,0.0,0.00,0.0,0.0,,0.0
161,2,3.00,8,17.29,25.13,24.21,0.0,0.00,0.0,0.0,,0.0
161,3,3.00,8,17.04,24.87,23.98,0.0,0.00,0.0,0.0,,0.0
161,4,3.00,8,17.07,24.64,23.78,0.0,0.00,0.0,0.0,,0.0
161,5,3.00,8,16.79,24.40,23.56,0.0,0.00,0.0,0.0,,0.0
161,6,3.00,8,16.46,24.16,23.34,0.0,0.00,0.0,0.0,,0.0
161,7,3.00,8,16.35,23.94,23.14,0.0,1.34,0.0,0.0,,0.0
161,8,3.00,8,16.20,26.09,25.31,0.0,36.82,0.0,0.0,,0.0
161,9,3.00,8,16.77,26.89,26.13,0.0,233.92,0.0,0.0,,0.0
161,10,3.00,8,17.08,27.41,26.67,0.0,396.04,0.0,0.0,,0.0
161,11,3.00,8,17.77,27.92,27.20,0.0,549.70,0.0,0.0,,0.0
161,12,3.00,8,17.88,28.42,27.72,0.0,644.96,0.0,0.0,,0.0
161,13,3.00,8,18.40,28.96,28.27,0.0,725.48,0.0,0.0,,0.0
161,14,3.00,8,18.55,29.50,28.83,0.0,779.28,0.0,0.0,,0.0
161,15,3.00,8,18.27,29.98,29.32,0.0,742.69,0.0,0.0,,0.0
161,16,3.00,8,18.23,30.41,29.77,0.0,683.76,0.0,0.0,,0.0
161,17,3.00,8,17.89,30.76,30.13,0.0,561.14,0.0,0.0,,0.0
161,18,3.00,8,17.34,30.97,30.35,0.0,312.91,0.0,0.0,,0.0
161,19,3.00,8,16.78,28.69,28.09,0.0,0.00,0.0,0.0,,0.0
161,20,3.00,8,16.54,27.88,27.29,0.0,0.00,0.0,0.0,,0.0
161,21,3.00,8,16.61,27.42,26.84,0.0,0.00,0.0,0.0,,0.0
161,22,3.00,8,16.72,27.05,26.48,0.0,0.00,0.0,0.0,,0.0
161,23,3.00,8,16.77,26.71,26.16,0.0,0.00,0.0,0.0,,0.0
161,24,3.00,8,16.61,26.38,25.84,0.0,0.00,0.0,0.0,,0.0
161,1,4.00,8,16.73,26.09,25.55,0.0,0.00,0.0,0.0,,0.0
161,2,4.00,8,16.79,25.80,25.28,0.0,0.00,0.0,0.0,,0.0
161,3,4.00,8,16.59,25.51,25.00,0.0,0.00,0.0,0.0,,0.0
161,4,4.00,8,16.60,25.25,24.74,0.0,0.00,0.0,0.0,,0.0
161,5,4.00,8,16.29,24.97,24.47,0.0,0.00,0.0,0.0,,0.0
161,6,4.00,8,16.17,24.71,24.22,0.0,0.00,0.0,0.0,,0.0
161,7,4.00,8,16.07,24.46,23.98,0.0,1.34,0.0,0.0,,0.0
161,8,4.00,8,16.17,26.60,26.13,0.0,36.82,0.0,0.0,,0.0
161,9,4.00,8,16.48,27.37,26.90,0.0,233.92,0.0,0.0,,0.0
161,10,4.00,8,16.78,27.85,27.39,0.0,396.04,0.0,0.0,,0.0
161,11,4.00,8,17.50,28.34,27.89,0.0,549.70,0.0,0.0,,0.0
161,12,4.00,8,17.92,28.84,28.40,0.0,644.96,0.0,0.0,,0.0
161,13,4.00,8,18.29,29.36,28.92,0.0,725.48,0.0,0.0,,0.0
161,14,4.00,8,18.28,29.87,29.44,0.0,779.28,0.0,0.0,,0.0
161,15,4.00,8,18.08,30.33,29.90,0.0,742.69,0.0,0.0,,0.0
161,16,4.00,8,18.08,30.75,30.33,0.0,683.76,0.0,0.0,,0.0
161,17,4.00,8,17.64,31.08,30.66,0.0,561.14,0.0,0.0,,0.0
161,18,4.00,8,17.08,31.27,30.86,0.0,312.91,0.0,0.0,,0.0
161,19,4.00,8,16.63,28.99,28.58,0.0,0.00,0.0,0.0,,0.0
161,20,4.00,8,16.48,28.17,27.77,0.0,0.00,0.0,0.0,,0.0
161,21,4.00,8,16.43,27.68,27.29,0.0,0.00,0.0,0.0,,0.0
161,22,4.00,8,16.49,27.30,26.90,0.0,0.00,0.0,0.0,,0.0
161,23,4.00,8,16.78,26.96,26.58,0.0,0.00,0.0,0.0,,0.0
161,24,4.00,8,16.89,26.65,26.26,0.0,0.00,0.0,0.0,,0.0
161,1,5.00,8,16.92,26.34,25.96,0.0,0.00,0.0,0.0,,0.0
161,2,5.00,8,16.96,26.05,25.68,0.0,0.00,0.0,0.0,,0.0
161,3,5.00,8,16.95,25.77,25.40,0.0,0.00,0.0,0.0,,0.0
161,4,5.00,8,17.11,25.52,25.15,0.0,0.00,0.0,0.0,,0.0
161,5,5.00,8,17.31,25.28,24.92,0.0,0.00,0.0,0.0,,0.0
161,6,5.00,8,17.48,25.06,24.70,0.0,0.00,0.0,0.0,,0.0
161,7,5.00,8,17.40,24.83,24.47,0.0,1.34,0.0,0.0,,0.0
161,8,5.00,8,17.08,25.88,25.56,0.0,36.82,0.0,0.0,,0.0
161,9,5.00,8,17.02,26.21,25.91,0.0,233.92,0.0,0.0,,0.0
161,10,5.00,8,16.48,26.36,26.07,0.0,396.04,0.0,0.0,,0.0
161,11,5.00,8,17.10,26.68,26.23,-419.08,549.70,0.0,0.0,,-419.08
161,12,5.00,8,17.75,27.07,26.23,-1314.85,644.96,0.0,0.0,,-1314.85
161,13,5.00,8,17.81,27.41,26.23,-1891.05,725.48,0.0,0.0,,-1891.05
161,14,5.00,8,18.45,27.83,26.23,-2674.04,779.28,0.0,0.0,,-2674.04
161,15,5.00,8,18.36,28.15,26.23,-3065.72,742.69,0.0,0.0,,-3065.72
161,16,5.00,8,18.48,28.44,26.23,-3435.15,683.76,0.0,0.0,,-3435.15
161,17,5.00,8,18.01,28.57,26.23,-3407.76,561.14,0.0,0.0,,-3407.76
161,18,5.00,8,17.73,28.62,26.23,-3229.38,312.91,0.0,0.0,,-3229.38
161,19,5.00,8,16.94,27.53,26.15,0.0,0.00,0.0,0.0,,0.0
161,20,5.00,8,16.49,27.02,25.90,0.0,0.00,0.0,0.0,,0.0
161,21,5.00,8,16.29,26.63,25.60,0.0,0.00,0.0,0.0,,0.0
161,22,5.00,8,16.10,26.28,25.30,0.0,0.00,0.0,0.0,,0.0
161,23,5.00,8,16.10,25.97,25.02,0.0,0.00,0.0,0.0,,0.0
161,24,5.00,8,16.04,25.66,24.74,0.0,0.00,0.0,0.0,,0.0
161,1,6.00,8,16.26,25.39,24.50,0.0,0.00,0.0,0.0,,0.0
161,2,6.00,8,16.41,25.14,24.27,0.0,0.00,0.0,0.0,,0.0
161,3,6.00,8,16.39,24.88,24.04,0.0,0.00,0.0,0.0,,0.0
161,4,6.00,8,15.93,24.61,23.79,0.0,0.00,0.0,0.0,,0.0
161,5,6.00,8,15.91,24.36,23.57,0.0,0.00,0.0,0.0,,0.0
161,6,6.00,8,16.18,24.15,23.38,0.0,0.00,0.0,0.0,,0.0
161,7,6.00,8,16.20,23.94,23.18,0.0,1.34,0.0,0.0,,0.0
161,8,6.00,8,16.11,25.00,24.34,0.0,36.82,0.0,0.0,,0.0
161,9,6.00,8,16.43,25.41,24.79,0.0,233.92,0.0,0.0,,0.0
161,10,6.00,8,17.71,25.88,25.28,0.0,396.04,0.0,0.0,,0.0
161,11,6.00,8,18.80,26.39,25.82,0.0,549.70,0.0,0.0,,0.0
161,12,6.00,8,19.72,26.92,26.23,-355.08,644.96,0.0,0.0,,-355.08
161,13,6.00,8,19.22,27.26,26.23,-1183.09,725.48,0.0,0.0,,-1183.09
161,14,6.00,8,19.72,27.71,26.23,-2122.1,779.28,0.0,0.0,,-2122.1
161,15,6.00,8,19.65,28.08,26.23,-2691.87,742.69,0.0,0.0,,-2691.87
161,16,6.00,8,19.73,28.41,26.23,-3194.32,683.76,0.0,0.0,,-3194.32
161,17,6.00,8,19.10,28.57,26.23,-3232.68,561.14,0.0,0.0,,-3232.68
161,18,6.00,8,18.49,28.60,26.23,-3024.95,312.91,0.0,0.0,,-3024.95
161,19,6.00,8,17.82,27.46,26.03,0.0,0.00,0.0,0.0,,0.0
161,20,6.00,8,17.50,26.96,25.78,0.0,0.00,0.0,0.0,,0.0
161,21,6.00,8,17.31,26.60,25.50,0.0,0.00,0.0,0.0,,0.0
161,22,6.00,8,17.31,26.29,25.24,0.0,0.00,0.0,0.0,,0.0
161,23,6.00,8,17.06,25.99,24.97,0.0,0.00,0.0,0.0,,0.0
161,24,6.00,8,16.76,25.69,24.70,0.0,0.00,0.0,0.0,,0.0
161,1,7.00,8,16.23,25.38,24.42,0.0,0.00,0.0,0.0,,0.0
161,2,7.00,8,15.63,25.07,24.14,0.0,0.00,0.0,0.0,,0.0
161,3,7.00,8,15.15,24.76,23.86,0.0,0.00,0.0,0.0,,0.0
161,4,7.00,8,14.78,24.46,23.59,0.0,0.00,0.0,0.0,,0.0
161,5,7.00,8,14.32,24.16,23.31,0.0,0.00,0.0,0.0,,0.0
161,6,7.00,8,13.99,23.87,23.05,0.0,0.00,0.0,0.0,,0.0
161,7,7.00,8,13.54,23.58,22.78,0.0,1.34,0.0,0.0,,0.0
161,8,7.00,8,13.14,24.31,23.61,0.0,36.82,0.0,0.0,,0.0
161,9,7.00,8,14.03,24.69,24.03,0.0,233.92,0.0,0.0,,0.0
161,10,7.00,8,15.82,25.19,24.56,0.0,396.04,0.0,0.0,,0.0
161,11,7.00,8,17.40,25.76,25.15,0.0,549.70,0.0,0.0,,0.0
161,12,7.00,8,18.16,26.26,25.67,0.0,644.96,0.0,0.0,,0.0
161,13,7.00,8,18.70,26.74,26.17,0.0,725.48,0.0,0.0,,0.0
161,14,7.00,8,19.48,27.27,26.23,-1269.05,779.28,0.0,0.0,,-1269.05
161,15,7.00,8,19.56,27.68,26.23,-2027.84,742.69,0.0,0.0,,-2027.84
161,16,7.00,8,19.62,28.04,26.23,-2602.26,683.76,0.0,0.0,,-2602.26
161,17,7.00,8,19.07,28.23,26.23,-2744.58,561.14,0.0,0.0,,-2744.58
161,18,7.00,8,18.47,28.28,26.23,-2603.66,312.91,0.0,0.0,,-2603.66
161,19,7.00,8,17.76,27.12,25.87,0.0,0.00,0.0,0.0,,0.0
161,20,7.00,8,17.40,26.62,25.59,0.0,0.00,0.0,0.0,,0.0
161,21,7.00,8,17.35,26.28,25.32,0.0,0.00,0.0,0.0,,0.0
161,22,7.00,8,17.40,25.99,25.06,0.0,0.00,0.0,0.0,,0.0
161,23,7.00,8,17.28,25.71,24.81,0.0,0.00,0.0,0.0,,0.0
161,24,7.00,8,16.91,25.42,24.55,0.0,0.00,0.0,0.0,,0.0
161,1,1.00,8,16.79,25.15,24.31,0.0,0.00,0.0,0.0,,0.0
161,2,1.00,8,16.53,24.89,24.07,0.0,0.00,0.0,0.0,,0.0
161,3,1.00,8,16.17,24.62,23.82,0.0,0.00,0.0,0.0,,0.0
161,4,1.00,8,16.07,24.37,23.60,0.0,0.00,0.0,0.0,,0.0
161,5,1.00,8,15.81,24.12,23.37,0.0,0.00,0.0,0.0,,0.0
161,6,1.00,8,15.87,23.90,23.16,0.0,0.00,0.0,0.0,,0.0
161,7,1.00,8,15.75,23.68,22.96,0.0,1.34,0.0,0.0,,0.0
161,8,1.00,8,15.80,24.74,24.11,0.0,36.82,0.0,0.0,,0.0
161,9,1.00,8,16.47,25.20,24.61,0.0,233.92,0.0,0.0,,0.0
161,10,1.00,8,17.49,25.65,25.08,0.0,396.04,0.0,0.0,,0.0
161,11,1.00,8,18.65,26.17,25.62,0.0,549.70,0.0,0.0,,0.0
161,12,1.00,8,19.09,26.63,26.10,0.0,644.96,0.0,0.0,,0.0
161,13,1.00,8,19.10,27.03,26.23,-750.29,725.48,0.0,0.0,,-750.29
161,14,1.00,8,19.42,27.47,26.23,-1721.21,779.28,0.0,0.0,,-1721.21
161,15,1.00,8,19.27,27.82,26.23,-2289.89,742.69,0.0,0.0,,-2289.89
161,16,1.00,8,19.20,28.13,26.23,-2753.27,683.76,0.0,0.0,,-2753.27
161,17,1.00,8,18.67,28.30,26.23,-2844.45,561.14,0.0,0.0,,-2844.45
161,18,1.00,8,18.03,28.32,26.23,-2642.38,312.91,0.0,0.0,,-2642.38
161,19,1.00,8,17.25,27.19,25.91,0.0,0.00,0.0,0.0,,0.0
161,20,1.00,8,16.78,26.68,25.62,0.0,0.00,0.0,0.0,,0.0
161,21,1.00,8,16.59,26.31,25.32,0.0,0.00,0.0,0.0,,0.0
161,22,1.00,8,16.48,25.98,25.04,0.0,0.00,0.0,0.0,,0.0
161,23,1.00,8,16.20,25.67,24.76,0.0,0.00,0.0,0.0,,0.0
161,24,1.00,8,15.93,25.36,24.48,0.0,0.00,0.0,0.0,,0.0
161,1,2.00,8,15.72,25.07,24.21,0.0,0.00,0.0,0.0,,0.0
161,2,2.00,8,15.33,24.77,23.93,0.0,0.00,0.0,0.0,,0.0
161,3,2.00,8,14.90,24.47,23.66,0.0,0.00,0.0,0.0,,0.0
161,4,2.00,8,14.54,24.18,23.39,0.0,0.00,0.0,0.0,,0.0
161,5,2.00,8,14.10,23.89,23.12,0.0,0.00,0.0,0.0,,0.0
161,6,2.00,8,13.89,23.61,22.86,0.0,0.00,0.0,0.0,,0.0
161,7,2.00,8,13.79,23.35,22.62,0.0,1.34,0.0,0.0,,0.0
161,8,2.00,8,13.60,24.18,23.54,0.0,36.82,0.0,0.0,,0.0
161,9,2.00,8,14.20,24.55,23.95,0.0,233.92,0.0,0.0,,0.0
161,10,2.00,8,15.60,25.00,24.42,0.0,396.04,0.0,0.0,,0.0
161,11,2.00,8,17.60,25.62,25.06,0.0,549.70,0.0,0.0,,0.0
161,12,2.00,8,18.62,26.19,25.65,0.0,644.96,0.0,0.0,,0.0
161,13,2.00,8,18.97,26.67,26.15,0.0,725.48,0.0,0.0,,0.0
161,14,2.00,8,19.35,27.14,26.23,-1056.52,779.28,0.0,0.0,,-1056.52
161,15,2.00,8,19.26,27.52,26.23,-1776.63,742.69,0.0,0.0,,-1776.63
161,16,2.00,8,19.09,27.83,26.23,-2266.89,683.76,0.0,0.0,,-2266.89
161,17,2.00,8,18.52,28.00,26.23,-2401.86,561.14,0.0,0.0,,-2401.86
161,18,2.00,8,17.86,28.03,26.23,-2238.64,312.91,0.0,0.0,,-2238.64
161,19,2.00,8,16.97,26.88,25.77,0.0,0.00,0.0,0.0,,0.0
161,20,2.00,8,16.38,26.37,25.44,0.0,0.00,0.0,0.0,,0.0
161,21,2.00,8,16.16,25.99,25.13,0.0,0.00,0.0,0.0,,0.0
161,22,2.00,8,15.92,25.66,24.83,0.0,0.00,0.0,0.0,,0.0
161,23,2.00,8,15.51,25.34,24.53,0.0,0.00,0.0,0.0,,0.0
161,24,2.00,8,15.03,25.01,24.23,0.0,0.00,0.0,0.0,,0.0
161,1,3.00,8,14.95,24.72,23.96,0.0,0.00,0.0,0.0,,0.0
161,2,3.00,8,14.84,24.44,23.69,0.0,0.00,0.0,0.0,,0.0
161,3,3.00,8,14.62,24.16,23.43,0.0,0.00,0.0,0.0,,0.0
161,4,3.00,8,14.48,23.89,23.18,0.0,0.00,0.0,0.0,,0.0
161,5,3.00,8,14.13,23.61,22.93,0.0,0.00,0.0,0.0,,0.0
161,6,3.00,8,14.15,23.36,22.70,0.0,0.00,0.0,0.0,,0.0
161,7,3.00,8,14.11,23.13,22.47,0.0,1.34,0.0,0.0,,0.0
161,8,3.00,8,14.17,25.27,24.64,0.0,36.82,0.0,0.0,,0.0
161,9,3.00,8,14.61,26.05,25.43,0.0,233.92,0.0,0.0,,0.0
161,10,3.00,8,15.22,26.57,25.97,0.0,396.04,0.0,0.0,,0.0
161,11,3.00,8,16.70,27.13,26.54,0.0,549.70,0.0,0.0,,0.0
161,12,3.00,8,17.27,27.68,27.10,0.0,644.96,0.0,0.0,,0.0
161,13,3.00,8,17.54,28.23,27.66,0.0,725.48,0.0,0.0,,0.0
161,14,3.00,8,17.77,28.78,28.22,0.0,779.28,0.0,0.0,,0.0
161,15,3.00,8,17.65,29.28,28.74,0.0,742.69,0.0,0.0,,0.0
161,16,3.00,8,17.70,29.74,29.21,0.0,683.76,0.0,0.0,,0.0
161,17,3.00,8,17.36,30.11,29.58,0.0,561.14,0.0,0.0,,0.0
161,18,3.00,8,17.00,30.34,29.83,0.0,312.91,0.0,0.0,,0.0
161,19,3.00,8,16.38,28.09,27.58,0.0,0.00,0.0,0.0,,0.0
161,20,3.00,8,16.03,27.28,26.79,0.0,0.00,0.0,0.0,,0.0
161,21,3.00,8,15.93,26.82,26.33,0.0,0.00,0.0,0.0,,0.0
161,22,3.00,8,15.85,26.44,25.97,0.0,0.00,0.0,0.0,,0.0
161,23,3.00,8,15.66,26.10,25.63,0.0,0.00,0.0,0.0,,0.0
161,24,3.00,8,15.49,25.77,25.31,0.0,0.00,0.0,0.0,,0.0
161,1,4.00,8,15.52,25.46,25.01,0.0,0.00,0.0,0.0,,0.0
161,2,4.00,8,15.29,25.15,24.71,0.0,0.00,0.0,0.0,,0.0
161,3,4.00,8,15.11,24.86,24.42,0.0,0.00,0.0,0.0,,0.0
161,4,4.00,8,15.02,24.57,24.15,0.0,0.00,0.0,0.0,,0.0
161,5,4.00,8,14.89,24.30,23.88,0.0,0.00,0.0,0.0,,0.0
161,6,4.00,8,14.93,24.05,23.63,0.0,0.00,0.0,0.0,,0.0
161,7,4.00,8,14.95,23.80,23.40,0.0,1.34,0.0,0.0,,0.0
161,8,4.00,8,14.62,25.92,25.52,0.0,36.82,0.0,0.0,,0.0
161,9,4.00,8,15.16,26.69,26.29,0.0,233.92,0.0,0.0,,0.0
161,10,4.00,8,14.87,27.14,26.74,0.0,396.04,0.0,0.0,,0.0
161,11,4.00,8,16.19,27.65,27.26,0.0,549.70,0.0,0.0,,0.0
161,12,4.00,8,16.96,28.17,27.79,0.0,644.96,0.0,0.0,,0.0
161,13,4.00,8,17.12,28.68,28.31,0.0,725.48,0.0,0.0,,0.0
161,14,4.00,8,17.08,29.19,28.82,0.0,779.28,0.0,0.0,,0.0
161,15,4.00,8,17.13,29.67,29.30,0.0,742.69,0.0,0.0,,0.0
161,16,4.00,8,17.08,30.09,29.73,0.0,683.76,0.0,0.0,,0.0
161,17,4.00,8,16.72,30.43,30.07,0.0,561.14,0.0,0.0,,0.0
161,18,4.00,8,16.21,30.63,30.28,0.0,312.91,0.0,0.0,,0.0
161,19,4.00,8,15.72,28.35,28.00,0.0,0.00,0.0,0.0,,0.0
161,20,4.00,8,15.33,27.52,27.17,0.0,0.00,0.0,0.0,,0.0
161,21,4.00,8,15.32,27.03,26.69,0.0,0.00,0.0,0.0,,0.0
161,22,4.00,8,15.43,26.65,26.31,0.0,0.00,0.0,0.0,,0.0
161,23,4.00,8,15.33,26.30,25.96,0.0,0.00,0.0,0.0,,0.0
161,24,4.00,8,15.18,25.95,25.62,0.0,0.00,0.0,0.0,,0.0
161,1,5.00,8,15.03,25.62,25.29,0.0,0.00,0.0,0.0,,0.0
161,2,5.00,8,15.12,25.32,24.99,0.0,0.00,0.0,0.0,,0.0
161,3,5.00,8,15.01,25.02,24.70,0.0,0.00,0.0,0.0,,0.0
161,4,5.00,8,15.03,24.74,24.42,0.0,0.00,0.0,0.0,,0.0
161,5,5.00,8,14.84,24.45,24.14,0.0,0.00,0.0,0.0,,0.0
161,6,5.00,8,15.04,24.20,23.89,0.0,0.00,0.0,0.0,,0.0
161,7,5.00,8,14.71,23.94,23.63,0.0,1.34,0.0,0.0,,0.0
161,8,5.00,8,14.65,24.82,24.55,0.0,36.82,0.0,0.0,,0.0
161,9,5.00,8,15.37,25.23,24.96,0.0,233.92,0.0,0.0,,0.0
161,10,5.00,8,14.88,25.39,25.13,0.0,396.04,0.0,0.0,,0.0
161,11,5.00,8,15.94,25.77,25.52,0.0,549.70,0.0,0.0,,0.0
161,12,5.00,8,17.81,26.37,26.12,0.0,644.96,0.0,0.0,,0.0
161,13,5.00,8,17.63,26.74,26.23,-688.17,725.48,0.0,0.0,,-688.17
161,14,5.00,8,17.86,27.13,26.23,-1508.41,779.28,0.0,0.0,,-1508.41
161,15,5.00,8,17.82,27.46,26.23,-2039.47,742.69,0.0,0.0,,-2039.47
161,16,5.00,8,17.91,27.76,26.23,-2493.22,683.76,0.0,0.0,,-2493.22
161,17,5.00,8,17.33,27.89,26.23,-2510.29,561.14,0.0,0.0,,-2510.29
161,18,5.00,8,16.67,27.89,26.23,-2247.69,312.91,0.0,0.0,,-2247.69
161,19,5.00,8,16.05,26.83,25.88,0.0,0.00,0.0,0.0,,0.0
161,20,5.00,8,15.78,26.34,25.58,0.0,0.00,0.0,0.0,,0.0
161,21,5.00,8,15.87,25.99,25.28,0.0,0.00,0.0,0.0,,0.0
161,22,5.00,8,16.03,25.69,25.01,0.0,0.00,0.0,0.0,,0.0
161,23,5.00,8,15.99,25.39,24.74,0.0,0.00,0.0,0.0,,0.0
161,24,5.00,8,15.92,25.11,24.47,0.0,0.00,0.0,0.0,,0.0
161,1,6.00,8,15.88,24.84,24.22,0.0,0.00,0.0,0.0,,0.0
161,2,6.00,8,15.80,24.58,23.98,0.0,0.00,0.0,0.0,,0.0
161,3,6.00,8,15.79,24.34,23.75,0.0,0.00,0.0,0.0,,0.0
161,4,6.00,8,15.96,24.11,23.54,0.0,0.00,0.0,0.0,,0.0
161,5,6.00,8,16.04,23.90,23.34,0.0,0.00,0.0,0.0,,0.0
161,6,6.00,8,15.95,23.68,23.14,0.0,0.00,0.0,0.0,,0.0
161,7,6.00,8,15.95,23.48,22.95,0.0,1.34,0.0,0.0,,0.0
161,8,6.00,8,15.97,24.60,24.13,0.0,36.82,0.0,0.0,,0.0
161,9,6.00,8,16.80,25.11,24.66,0.0,233.92,0.0,0.0,,0.0
161,10,6.00,8,16.60,25.38,24.96,0.0,396.04,0.0,0.0,,0.0
161,11,6.00,8,18.07,25.91,25.49,0.0,549.70,0.0,0.0,,0.0
161,12,6.00,8,18.81,26.41,26.01,0.0,644.96,0.0,0.0,,0.0
161,13,6.00,8,18.85,26.83,26.23,-542.78,725.48,0.0,0.0,,-542.78
161,14,6.00,8,18.91,27.23,26.23,-1461.5,779.28,0.0,0.0,,-1461.5
161,15,6.00,8,18.81,27.58,26.23,-2051.66,742.69,0.0,0.0,,-2051.66
161,16,6.00,8,18.70,27.87,26.23,-2501.64,683.76,0.0,0.0,,-2501.64
161,17,6.00,8,18.27,28.05,26.23,-2633.62,561.14,0.0,0.0,,-2633.62
161,18,6.00,8,17.65,28.08,26.23,-2444.29,312.91,0.0,0.0,,-2444.29
161,19,6.00,8,16.94,26.96,25.88,0.0,0.00,0.0,0.0,,0.0
161,20,6.00,8,16.55,26.46,25.57,0.0,0.00,0.0,0.0,,0.0
161,21,6.00,8,16.66,26.12,25.30,0.0,0.00,0.0,0.0,,0.0
161,22,6.00,8,16.75,25.82,25.03,0.0,0.00,0.0,0.0,,0.0
161,23,6.00,8,16.73,25.54,24.78,0.0,0.00,0.0,0.0,,0.0
161,24,6.00,8,16.64,25.27,24.53,0.0,0.00,0.0,0.0,,0.0
161,1,7.00,8,16.66,25.01,24.30,0.0,0.00,0.0,0.0,,0.0
161,2,7.00,8,16.59,24.77,24.07,0.0,0.00,0.0,0.0,,0.0
161,3,7.00,8,16.61,24.53,23.85,0.0,0.00,0.0,0.0,,0.0
161,4,7.00,8,16.57,24.31,23.65,0.0,0.00,0.0,0.0,,0.0
161,5,7.00,8,16.50,24.09,23.44,0.0,0.00,0.0,0.0,,0.0
161,6,7.00,8,16.17,23.86,23.23,0.0,0.00,0.0,0.0,,0.0
161,7,7.00,8,16.07,23.64,23.03,0.0,1.34,0.0,0.0,,0.0
161,8,7.00,8,15.87,24.71,24.17,0.0,36.82,0.0,0.0,,0.0
161,9,7.00,8,16.35,25.15,24.64,0.0,233.92,0.0,0.0,,0.0
161,10,7.00,8,16.29,25.42,24.93,0.0,396.04,0.0,0.0,,0.0
161,11,7.00,8,17.67,25.92,25.45,0.0,549.70,0.0,0.0,,0.0
161,12,7.00,8,18.36,26.39,25.94,0.0,644.96,0.0,0.0,,0.0
161,13,7.00,8,18.48,26.80,26.23,-350.22,725.48,0.0,0.0,,-350.22
161,14,7.00,8,18.42,27.17,26.23,-1248.8,779.28,0.0,0.0,,-1248.8
161,15,7.00,8,18.49,27.53,26.23,-1899.98,742.69,0.0,0.0,,-1899.98
161,16,7.00,8,18.42,27.83,26.23,-2359.38,683.76,0.0,0.0,,-2359.38
161,17,7.00,8,18.02,28.00,26.23,-2503.59,561.14,0.0,0.0,,-2503.59
161,18,7.00,8,17.46,28.03,26.23,-2332.24,312.91,0.0,0.0,,-2332.24
161,19,7.00,8,16.73,26.93,25.85,0.0,0.00,0.0,0.0,,0.0
161,20,7.00,8,16.32,26.43,25.54,0.0,0.00,0.0,0.0,,0.0
161,21,7.00,8,16.37,26.07,25.25,0.0,0.00,0.0,0.0,,0.0
161,22,7.00,8,16.46,25.77,24.98,0.0,0.00,0.0,0.0,,0.0
161,23,7.00,8,16.60,25.50,24.73,0.0,0.00,0.0,0.0,,0.0
161,24,7.00,8,16.57,25.23,24.48,0.0,0.00,0.0,0.0,,0.0
161,1,1.00,8,16.68,24.98,24.26,0.0,0.00,0.0,0.0,,0.0
161,2,1.00,8,16.71,24.74,24.04,0.0,0.00,0.0,0.0,,0.0
161,3,1.00,8,16.90,24.52,23.84,0.0,0.00,0.0,0.0,,0.0
161,4,1.00,8,17.12,24.32,23.66,0.0,0.00,0.0,0.0,,0.0
161,5,1.00,8,17.22,24.13,23.48,0.0,0.00,0.0,0.0,,0.0
161,6,1.00,8,17.01,23.92,23.29,0.0,0.00,0.0,0.0,,0.0
161,7,1.00,8,16.85,23.72,23.11,0.0,1.34,0.0,0.0,,0.0
161,8,1.00,8,16.71,24.88,24.35,0.0,36.82,0.0,0.0,,0.0
161,9,1.00,8,17.27,25.37,24.86,0.0,233.92,0.0,0.0,,0.0
161,10,1.00,8,17.74,25.75,25.26,0.0,396.04,0.0,0.0,,0.0
161,11,1.00,8,18.69,26.23,25.76,0.0,549.70,0.0,0.0,,0.0
161,12,1.00,8,19.08,26.67,26.22,0.0,644.96,0.0,0.0,,0.0
161,13,1.00,8,19.08,27.07,26.23,-1030.28,725.48,0.0,0.0,,-1030.28
161,14,1.00,8,19.12,27.46,26.23,-1791.91,779.28,0.0,0.0,,-1791.91
161,15,1.00,8,19.11,27.82,26.23,-2387.8,742.69,0.0,0.0,,-2387.8
161,16,1.00,8,18.94,28.10,26.23,-2785.74,683.76,0.0,0.0,,-2785.74
161,17,1.00,8,18.38,28.25,26.23,-2845.23,561.14,0.0,0.0,,-2845.23
161,18,1.00,8,17.71,28.26,26.23,-2612.21,312.91,0.0,0.0,,-2612.21
161,19,1.00,8,16.91,27.15,25.93,0.0,0.00,0.0,0.0,,0.0
161,20,1.00,8,16.54,26.64,25.64,0.0,0.00,0.0,0.0,,0.0
161,21,1.00,8,16.48,26.28,25.35,0.0,0.00,0.0,0.0,,0.0
161,22,1.00,8,16.51,25.96,25.07,0.0,0.00,0.0,0.0,,0.0
161,23,1.00,8,16.48,25.67,24.81,0.0,0.00,0.0,0.0,,0.0
161,24,1.00,8,16.41,25.38,24.55,0.0,0.00,0.0,0.0,,0.0
161,1,2.00,8,16.44,25.12,24.31,0.0,0.00,0.0,0.0,,0.0
161,2,2.00,8,16.26,24.85,24.07,0.0,0.00,0.0,0.0,,0.0
161,3,2.00,8,16.08,24.59,23.83,0.0,0.00,0.0,0.0,,0.0
161,4,2.00,8,16.06,24.35,23.61,0.0,0.00,0.0,0.0,,0.0
161,5,2.00,8,15.98,24.11,23.40,0.0,0.00,0.0,0.0,,0.0
161,6,2.00,8,15.94,23.89,23.19,0.0,0.00,0.0,0.0,,0.0
161,7,2.00,8,15.84,23.67,22.99,0.0,1.34,0.0,0.0,,0.0
161,8,2.00,8,15.68,24.71,24.12,0.0,36.82,0.0,0.0,,0.0
161,9,2.00,8,16.41,25.18,24.62,0.0,233.92,0.0,0.0,,0.0
161,10,2.00,8,16.73,25.52,24.98,0.0,396.04,0.0,0.0,,0.0
161,11,2.00,8,18.06,26.03,25.51,0.0,549.70,0.0,0.0,,0.0
161,12,2.00,8,18.36,26.45,25.95,0.0,644.96,0.0,0.0,,0.0
161,13,2.00,8,18.29,26.82,26.23,-276.25,725.48,0.0,0.0,,-276.25
161,14,2.00,8,18.45,27.21,26.23,-1257.17,779.28,0.0,0.0,,-1257.17
161,15,2.00,8,18.35,27.54,26.23,-1837.86,742.69,0.0,0.0,,-1837.86
161,16,2.00,8,18.16,27.81,26.23,-2241.99,683.76,0.0,0.0,,-2241.99
161,17,2.00,8,17.65,27.96,26.23,-2335.92,561.14,0.0,0.0,,-2335.92
161,18,2.00,8,17.05,27.96,26.23,-2142.96,312.91,0.0,0.0,,-2142.96
161,19,2.00,8,16.42,26.89,25.82,0.0,0.00,0.0,0.0,,0.0
161,20,2.00,8,16.07,26.39,25.50,0.0,0.00,0.0,0.0,,0.0
161,21,2.00,8,15.98,26.03,25.19,0.0,0.00,0.0,0.0,,0.0
161,22,2.00,8,16.11,25.72,24.92,0.0,0.00,0.0,0.0,,0.0
161,23,2.00,8,16.21,25.44,24.66,0.0,0.00,0.0,0.0,,0.0
161,24,2.00,8,16.04,25.15,24.40,0.0,0.00,0.0,0.0,,0.0
161,1,3.00,8,16.96,24.95,24.21,0.0,0.00,0.0,0.0,,0.0
161,2,3.00,8,16.58,24.69,23.98,0.0,0.00,0.0,0.0,,0.0
161,3,3.00,8,16.24,24.44,23.75,0.0,0.00,0.0,0.0,,0.0
161,4,3.00,8,16.05,24.19,23.52,0.0,0.00,0.0,0.0,,0.0
161,5,3.00,8,15.88,23.96,23.30,0.0,0.00,0.0,0.0,,0.0
161,6,3.00,8,15.80,23.73,23.09,0.0,0.00,0.0,0.0,,0.0
161,7,3.00,8,15.87,23.53,22.91,0.0,1.34,0.0,0.0,,0.0
161,8,3.00,8,15.86,25.70,25.09,0.0,36.82,0.0,0.0,,0.0
161,9,3.00,8,16.29,26.50,25.91,0.0,233.92,0.0,0.0,,0.0
161,10,3.00,8,17.24,27.07,26.49,0.0,396.04,0.0,0.0,,0.0
161,11,3.00,8,18.58,27.65,27.09,0.0,549.70,0.0,0.0,,0.0
161,12,3.00,8,19.37,28.23,27.68,0.0,644.96,0.0,0.0,,0.0
161,13,3.00,8,19.70,28.82,28.28,0.0,725.48,0.0,0.0,,0.0
161,14,3.00,8,20.17,29.41,28.89,0.0,779.28,0.0,0.0,,0.0
161,15,3.00,8,20.57,29.98,29.47,0.0,742.69,0.0,0.0,,0.0
161,16,3.00,8,20.82,30.51,30.00,0.0,683.76,0.0,0.0,,0.0
161,17,3.00,8,20.65,30.93,30.44,0.0,561.14,0.0,0.0,,0.0
161,18,3.00,8,20.36,31.22,30.74,0.0,312.91,0.0,0.0,,0.0
161,19,3.00,8,19.59,29.00,28.53,0.0,0.00,0.0,0.0,,0.0
161,20,3.00,8,19.50,28.25,27.79,0.0,0.00,0.0,0.0,,0.0
161,21,3.00,8,19.58,27.85,27.39,0.0,0.00,0.0,0.0,,0.0
161,22,3.00,8,19.61,27.53,27.09,0.0,0.00,0.0,0.0,,0.0
161,23,3.00,8,19.72,27.25,26.81,0.0,0.00,0.0,0.0,,0.0
161,24,3.00,8,20.09,27.01,26.58,0.0,0.00,0.0,0.0,,0.0
161,1,4.00,8,19.26,26.71,26.29,0.0,0.00,0.0,0.0,,0.0
161,2,4.00,8,18.51,26.40,25.99,0.0,0.00,0.0,0.0,,0.0
161,3,4.00,8,17.91,26.10,25.70,0.0,0.00,0.0,0.0,,0.0
161,4,4.00,8,17.16,25.79,25.39,0.0,0.00,0.0,0.0,,0.0
161,5,4.00,8,16.74,25.49,25.10,0.0,0.00,0.0,0.0,,0.0
161,6,4.00,8,16.21,25.19,24.80,0.0,0.00,0.0,0.0,,0.0
161,7,4.00,8,15.52,24.88,24.50,0.0,1.34,0.0,0.0,,0.0
161,8,4.00,8,15.49,26.98,26.60,0.0,36.82,0.0,0.0,,0.0
161,9,4.00,8,16.06,27.73,27.36,0.0,233.92,0.0,0.0,,0.0
161,10,4.00,8,16.69,28.22,27.85,0.0,396.04,0.0,0.0,,0.0
161,11,4.00,8,18.19,28.75,28.39,0.0,549.70,0.0,0.0,,0.0
161,12,4.00,8,18.80,29.27,28.91,0.0,644.96,0.0,0.0,,0.0
161,13,4.00,8,19.06,29.79,29.44,0.0,725.48,0.0,0.0,,0.0
161,14,4.00,8,19.08,30.30,29.96,0.0,779.28,0.0,0.0,,0.0
161,15,4.00,8,18.85,30.76,30.43,0.0,742.69,0.0,0.0,,0.0
161,16,4.00,8,18.82,31.19,30.86,0.0,683.76,0.0,0.0,,0.0
161,17,4.00,8,18.67,31.54,31.21,0.0,561.14,0.0,0.0,,0.0
161,18,4.00,8,18.27,31.75,31.42,0.0,312.91,0.0,0.0,,0.0
161,19,4.00,8,17.35,29.45,29.13,0.0,0.00,0.0,0.0,,0.0
161,20,4.00,8,17.08,28.62,28.30,0.0,0.00,0.0,0.0,,0.0
161,21,4.00,8,16.99,28.13,27.81,0.0,0.00,0.0,0.0,,0.0
161,22,4.00,8,17.09,27.74,27.43,0.0,0.00,0.0,0.0,,0.0
161,23,4.00,8,17.10,27.39,27.08,0.0,0.00,0.0,0.0,,0.0
161,24,4.00,8,17.22,27.06,26.76,0.0,0.00,0.0,0.0,,0.0
161,1,5.00,8,17.20,26.75,26.45,0.0,0.00,0.0,0.0,,0.0
161,2,5.00,8,17.21,26.45,26.16,0.0,0.00,0.0,0.0,,0.0
161,3,5.00,8,17.35,26.17,25.88,0.0,0.00,0.0,0.0,,0.0
161,4,5.00,8,17.33,25.90,25.61,0.0,0.00,0.0,0.0,,0.0
161,5,5.00,8,17.77,25.67,25.39,0.0,0.00,0.0,0.0,,0.0
161,6,5.00,8,18.07,25.46,25.17,0.0,0.00,0.0,0.0,,0.0
161,7,5.00,8,17.99,25.24,24.95,0.0,1.34,0.0,0.0,,0.0
161,8,5.00,8,18.20,26.39,26.14,0.0,36.82,0.0,0.0,,0.0
161,9,5.00,8,18.10,26.75,26.23,-718.14,233.92,0.0,0.0,,-718.14
161,10,5.00,8,18.31,27.04,26.23,-1273.92,396.04,0.0,0.0,,-1273.92
161,11,5.00,8,19.16,27.45,26.23,-2094.52,549.70,0.0,0.0,,-2094.52
161,12,5.00,8,19.38,27.82,26.23,-2676.21,644.96,0.0,0.0,,-2676.21
161,13,5.00,8,19.14,28.12,26.23,-3086.44,725.48,0.0,0.0,,-3086.44
161,14,5.00,8,18.93,28.42,26.23,-3475.37,779.28,0.0,0.0,,-3475.37
161,15,5.00,8,19.05,28.74,26.23,-3893.58,742.69,0.0,0.0,,-3893.58
161,16,5.00,8,19.00,29.00,26.23,-4143.57,683.76,0.0,0.0,,-4143.57
161,17,5.00,8,18.73,29.15,26.23,-4155.54,561.14,0.0,0.0,,-4155.54
161,18,5.00,8,18.29,29.18,26.23,-3878.25,312.91,0.0,0.0,,-3878.25
161,19,5.00,8,17.39,28.08,26.34,0.0,0.00,0.0,0.0,,0.0
161,20,5.00,8,17.09,27.56,26.15,0.0,0.00,0.0,0.0,,0.0
161,21,5.00,8,16.97,27.18,25.88,0.0,0.00,0.0,0.0,,0.0
161,22,5.00,8,17.29,26.86,25.63,0.0,0.00,0.0,0.0,,0.0
161,23,5.00,8,17.54,26.58,25.39,0.0,0.00,0.0,0.0,,0.0
161,24,5.00,8,17.77,26.31,25.16,0.0,0.00,0.0,0.0,,0.0
161,1,6.00,8,17.99,26.06,24.95,0.0,0.00,0.0,0.0,,0.0
161,2,6.00,8,18.06,25.82,24.75,0.0,0.00,0.0,0.0,,0.0
161,3,6.00,8,18.13,25.59,24.55,0.0,0.00,0.0,0.0,,0.0
161,4,6.00,8,18.18,25.36,24.36,0.0,0.00,0.0,0.0,,0.0
161,5,6.00,8,18.57,25.18,24.21,0.0,0.00,0.0,0.0,,0.0
161,6,6.00,8,18.72,24.99,24.05,0.0,0.00,0.0,0.0,,0.0
161,7,6.00,8,18.53,24.80,23.89,0.0,1.34,0.0,0.0,,0.0
161,8,6.00,8,18.20,25.99,25.20,0.0,36.82,0.0,0.0,,0.0
161,9,6.00,8,18.31,26.41,25.67,0.0,233.92,0.0,0.0,,0.0
161,10,6.00,8,19.22,26.84,26.13,0.0,396.04,0.0,0.0,,0.0
161,11,6.00,8,19.79,27.27,26.23,-934.28,549.70,0.0,0.0,,-934.28
161,12,6.00,8,20.14,27.69,26.23,-1826.78,644.96,0.0,0.0,,-1826.78
161,13,6.00,8,20.14,28.08,26.23,-2507.25,725.48,0.0,0.0,,-2507.25
161,14,6.00,8,20.17,28.46,26.23,-3151.3,779.28,0.0,0.0,,-3151.3
161,15,6.00,8,20.17,28.80,26.23,-3659.16,742.69,0.0,0.0,,-3659.16
161,16,6.00,8,19.94,29.07,26.23,-3954.31,683.76,0.0,0.0,,-3954.31
161,17,6.00,8,19.66,29.26,26.23,-4061.06,561.14,0.0,0.0,,-4061.06
161,18,6.00,8,19.16,29.30,26.23,-3840.52,312.91,0.0,0.0,,-3840.52
161,19,6.00,8,18.43,28.16,26.28,0.0,0.00,0.0,0.0,,0.0
161,20,6.00,8,18.01,27.64,26.08,0.0,0.00,0.0,0.0,,0.0
161,21,6.00,8,17.86,27.27,25.82,0.0,0.00,0.0,0.0,,0.0
161,22,6.00,8,18.11,26.97,25.59,0.0,0.00,0.0,0.0,,0.0
161,23,6.00,8,18.22,26.69,25.36,0.0,0.00,0.0,0.0,,0.0
161,24,6.00,8,18.20,26.41,25.13,0.0,0.00,0.0,0.0,,0.0
161,1,7.00,8,18.23,26.16,24.92,0.0,0.00,0.0,0.0,,0.0
161,2,7.00,8,18.05,25.90,24.70,0.0,0.00,0.0,0.0,,0.0
161,3,7.00,8,18.16,25.66,24.50,0.0,0.00,0.0,0.0,,0.0
161,4,7.00,8,18.23,25.44,24.32,0.0,0.00,0.0,0.0,,0.0
161,5,7.00,8,18.48,25.24,24.16,0.0,0.00,0.0,0.0,,0.0
161,6,7.00,8,18.60,25.05,24.00,0.0,0.00,0.0,0.0,,0.0
161,7,7.00,8,18.31,24.84,23.82,0.0,1.34,0.0,0.0,,0.0
161,8,7.00,8,18.11,26.02,25.13,0.0,36.82,0.0,0.0,,0.0
161,9,7.00,8,18.18,26.43,25.59,0.0,233.92,0.0,0.0,,0.0
161,10,7.00,8,18.99,26.84,26.04,0.0,396.04,0.0,0.0,,0.0
161,11,7.00,8,20.03,27.33,26.23,-875.34,549.70,0.0,0.0,,-875.34
161,12,7.00,8,19.99,27.70,26.23,-1674.4,644.96,0.0,0.0,,-1674.4
161,13,7.00,8,19.81,28.05,26.23,-2290.02,725.48,0.0,0.0,,-2290.02
161,14,7.00,8,19.68,28.39,26.23,-2871.19,779.28,0.0,0.0,,-2871.19
161,15,7.00,8,19.78,28.73,26.23,-3418.45,742.69,0.0,0.0,,-3418.45
161,16,7.00,8,19.81,29.03,26.23,-3819.65,683.76,0.0,0.0,,-3819.65
161,17,7.00,8,19.61,29.23,26.23,-3965.71,561.14,0.0,0.0,,-3965.71
161,18,7.00,8,19.14,29.28,26.23,-3767.91,312.91,0.0,0.0,,-3767.91
161,19,7.00,8,18.57,28.15,26.26,0.0,0.00,0.0,0.0,,0.0
161,20,7.00,8,18.33,27.65,26.07,0.0,0.00,0.0,0.0,,0.0
161,21,7.00,8,18.54,27.32,25.85,0.0,0.00,0.0,0.0,,0.0
161,22,7.00,8,18.79,27.03,25.63,0.0,0.00,0.0,0.0,,0.0
161,23,7.00,8,18.90,26.77,25.42,0.0,0.00,0.0,0.0,,0.0
161,24,7.00,8,18.83,26.50,25.20,0.0,0.00,0.0,0.0,,0.0
161,1,1.00,8,18.88,26.26,25.00,0.0,0.00,0.0,0.0,,0.0
161,2,1.00,8,18.88,26.02,24.80,0.0,0.00,0.0,0.0,,0.0
161,3,1.00,8,18.98,25.80,24.63,0.0,0.00,0.0,0.0,,0.0
161,4,1.00,8,18.97,25.59,24.45,0.0,0.00,0.0,0.0,,0.0
161,5,1.00,8,19.02,25.39,24.29,0.0,0.00,0.0,0.0,,0.0
161,6,1.00,8,19.09,25.20,24.13,0.0,0.00,0.0,0.0,,0.0
161,7,1.00,8,19.04,25.01,23.98,0.0,1.34,0.0,0.0,,0.0
161,8,1.00,8,19.20,26.31,25.41,0.0,36.82,0.0,0.0,,0.0
161,9,1.00,8,18.94,26.71,25.86,0.0,233.92,0.0,0.0,,0.0
161,10,1.00,8,19.44,27.08,26.23,-114.01,396.04,0.0,0.0,,-114.01
161,11,1.00,8,20.21,27.53,26.23,-1317.55,549.70,0.0,0.0,,-1317.55
161,12,1.00,8,20.33,27.92,26.23,-2045.67,644.96,0.0,0.0,,-2045.67
161,13,1.00,8,20.43,28.31,26.23,-2750.1,725.48,0.0,0.0,,-2750.1
161,14,1.00,8,20.19,28.65,26.23,-3270.5,779.28,0.0,0.0,,-3270.5
161,15,1.00,8,19.78,28.91,26.23,-3591.49,742.69,0.0,0.0,,-3591.49
161,16,1.00,8,19.81,29.20,26.23,-3973.16,683.76,0.0,0.0,,-3973.16
161,17,1.00,8,19.71,29.40,26.23,-4139.66,561.14,0.0,0.0,,-4139.66
161,18,1.00,8,19.36,29.47,26.23,-3971.76,312.91,0.0,0.0,,-3971.76
161,19,1.00,8,18.77,28.33,26.32,0.0,0.00,0.0,0.0,,0.0
161,20,1.00,8,18.57,27.84,26.15,0.0,0.00,0.0,0.0,,0.0
161,21,1.00,8,18.60,27.49,25.92,0.0,0.00,0.0,0.0,,0.0
161,22,1.00,8,18.79,27.19,25.69,0.0,0.00,0.0,0.0,,0.0
161,23,1.00,8,18.95,26.92,25.48,0.0,0.00,0.0,0.0,,0.0
161,24,1.00,8,19.19,26.67,25.28,0.0,0.00,0.0,0.0,,0.0
161,1,2.00,8,19.32,26.44,25.09,0.0,0.00,0.0,0.0,,0.0
161,2,2.00,8,19.45,26.22,24.92,0.0,0.00,0.0,0.0,,0.0
161,3,2.00,8,19.68,26.01,24.76,0.0,0.00,0.0,0.0,,0.0
161,4,2.00,8,19.91,25.83,24.61,0.0,0.00,0.0,0.0,,0.0
161,5,2.00,8,20.25,25.66,24.48,0.0,0.00,0.0,0.0,,0.0
161,6,2.00,8,20.26,25.49,24.35,0.0,0.00,0.0,0.0,,0.0
161,7,2.00,8,20.08,25.31,24.20,0.0,1.34,0.0,0.0,,0.0
161,8,2.00,8,20.21,26.69,25.73,0.0,36.82,0.0,0.0,,0.0
161,9,2.00,8,19.87,27.11,26.20,0.0,233.92,0.0,0.0,,0.0
161,10,2.00,8,19.56,27.37,26.23,-695.19,396.04,0.0,0.0,,-695.19
161,11,2.00,8,19.93,27.72,26.23,-1504.96,549.70,0.0,0.0,,-1504.96
161,12,2.00,8,20.42,28.13,26.23,-2339.64,644.96,0.0,0.0,,-2339.64
161,13,2.00,8,20.53,28.52,26.23,-3012.5,725.48,0.0,0.0,,-3012.5
161,14,2.00,8,20.06,28.82,26.23,-3408.81,779.28,0.0,0.0,,-3408.81
161,15,2.00,8,19.48,29.04,26.23,-3634.3,742.69,0.0,0.0,,-3634.3
161,16,2.00,8,19.19,29.25,26.23,-3854.0,683.76,0.0,0.0,,-3854.0
161,17,2.00,8,18.83,29.38,26.23,-3878.79,561.14,0.0,0.0,,-3878.79
161,18,2.00,8,18.35,29.38,26.23,-3626.77,312.91,0.0,0.0,,-3626.77
161,19,2.00,8,17.57,28.30,26.25,0.0,0.00,0.0,0.0,,0.0
161,20,2.00,8,17.18,27.78,26.04,0.0,0.00,0.0,0.0,,0.0
161,21,2.00,8,17.05,27.39,25.77,0.0,0.00,0.0,0.0,,0.0
161,22,2.00,8,16.98,27.04,25.49,0.0,0.00,0.0,0.0,,0.0
161,23,2.00,8,17.03,26.73,25.23,0.0,0.00,0.0,0.0,,0.0
161,24,2.00,8,17.17,26.43,24.99,0.0,0.00,0.0,0.0,,0.0
161,1,3.00,8,17.18,26.15,24.75,0.0,0.00,0.0,0.0,,0.0
161,2,3.00,8,17.48,25.90,24.55,0.0,0.00,0.0,0.0,,0.0
161,3,3.00,8,17.82,25.67,24.37,0.0,0.00,0.0,0.0,,0.0
161,4,3.00,8,17.91,25.45,24.18,0.0,0.00,0.0,0.0,,0.0
161,5,3.00,8,18.64,25.27,24.05,0.0,0.00,0.0,0.0,,0.0
161,6,3.00,8,18.30,25.06,23.87,0.0,0.00,0.0,0.0,,0.0
161,7,3.00,8,18.50,24.88,23.73,0.0,1.34,0.0,0.0,,0.0
161,8,3.00,8,18.93,27.09,25.98,0.0,36.82,0.0,0.0,,0.0
161,9,3.00,8,19.23,27.92,26.83,0.0,233.92,0.0,0.0,,0.0
161,10,3.00,8,20.01,28.49,27.44,0.0,396.04,0.0,0.0,,0.0
161,11,3.00,8,20.16,29.01,27.99,0.0,549.70,0.0,0.0,,0.0
161,12,3.00,8,20.34,29.53,28.54,0.0,644.96,0.0,0.0,,0.0
161,13,3.00,8,19.92,30.03,29.07,0.0,725.48,0.0,0.0,,0.0
161,14,3.00,8,20.30,30.58,29.65,0.0,779.28,0.0,0.0,,0.0
161,15,3.00,8,20.33,31.09,30.18,0.0,742.69,0.0,0.0,,0.0
161,16,3.00,8,20.24,31.54,30.65,0.0,683.76,0.0,0.0,,0.0
161,17,3.00,8,19.95,31.90,31.04,0.0,561.14,0.0,0.0,,0.0
161,18,3.00,8,19.58,32.13,31.30,0.0,312.91,0.0,0.0,,0.0
161,19,3.00,8,19.09,29.88,29.07,0.0,0.00,0.0,0.0,,0.0
161,20,3.00,8,19.12,29.11,28.31,0.0,0.00,0.0,0.0,,0.0
161,21,3.00,8,19.60,28.69,27.91,0.0,0.00,0.0,0.0,,0.0
161,22,3.00,8,19.79,28.36,27.60,0.0,0.00,0.0,0.0,,0.0
161,23,3.00,8,19.87,28.06,27.32,0.0,0.00,0.0,0.0,,0.0
161,24,3.00,8,19.75,27.76,27.04,0.0,0.00,0.0,0.0,,0.0
161,1,4.00,8,19.70,27.48,26.78,0.0,0.00,0.0,0.0,,0.0
161,2,4.00,8,19.68,27.22,26.53,0.0,0.00,0.0,0.0,,0.0
161,3,4.00,8,19.97,26.98,26.31,0.0,0.00,0.0,0.0,,0.0
161,4,4.00,8,20.08,26.76,26.10,0.0,0.00,0.0,0.0,,0.0
161,5,4.00,8,20.14,26.54,25.90,0.0,0.00,0.0,0.0,,0.0
161,6,4.00,8,19.87,26.31,25.68,0.0,0.00,0.0,0.0,,0.0
161,7,4.00,8,19.36,26.06,25.45,0.0,1.34,0.0,0.0,,0.0
161,8,4.00,8,19.30,28.21,27.61,0.0,36.82,0.0,0.0,,0.0
161,9,4.00,8,19.34,28.98,28.39,0.0,233.92,0.0,0.0,,0.0
161,10,4.00,8,19.39,29.46,28.88,0.0,396.04,0.0,0.0,,0.0
161,11,4.00,8,19.97,29.95,29.38,0.0,549.70,0.0,0.0,,0.0
161,12,4.00,8,19.97,30.42,29.86,0.0,644.96,0.0,0.0,,0.0
161,13,4.00,8,19.66,30.88,30.34,0.0,725.48,0.0,0.0,,0.0
161,14,4.00,8,19.40,31.35,30.82,0.0,779.28,0.0,0.0,,0.0
161,15,4.00,8,19.34,31.79,31.27,0.0,742.69,0.0,0.0,,0.0
161,16,4.00,8,19.09,32.18,31.66,0.0,683.76,0.0,0.0,,0.0
161,17,4.00,8,18.85,32.49,31.99,0.0,561.14,0.0,0.0,,0.0
161,18,4.00,8,18.37,32.67,32.17,0.0,312.91,0.0,0.0,,0.0
161,19,4.00,8,17.74,30.36,29.87,0.0,0.00,0.0,0.0,,0.0
161,20,4.00,8,17.43,29.51,29.03,0.0,0.00,0.0,0.0,,0.0
161,21,4.00,8,17.32,28.99,28.52,0.0,0.00,0.0,0.0,,0.0
161,22,4.00,8,17.48,28.59,28.13,0.0,0.00,0.0,0.0,,0.0
161,23,4.00,8,17.71,28.24,27.78,0.0,0.00,0.0,0.0,,0.0
161,24,4.00,8,18.07,27.92,27.47,0.0,0.00,0.0,0.0,,0.0
161,1,5.00,8,18.13,27.60,27.16,0.0,0.00,0.0,0.0,,0.0
161,2,5.00,8,18.28,27.31,26.87,0.0,0.00,0.0,0.0,,0.0
161,3,5.00,8,18.32,27.03,26.60,0.0,0.00,0.0,0.0,,0.0
161,4,5.00,8,18.31,26.75,26.33,0.0,0.00,0.0,0.0,,0.0
161,5,5.00,8,18.65,26.51,26.09,0.0,0.00,0.0,0.0,,0.0
161,6,5.00,8,18.52,26.26,25.85,0.0,0.00,0.0,0.0,,0.0
161,7,5.00,8,17.98,25.99,25.58,0.0,1.34,0.0,0.0,,0.0
161,8,5.00,8,17.69,26.96,26.23,-950.48,36.82,0.0,0.0,,-950.48
161,9,5.00,8,17.25,27.20,26.23,-1345.02,233.92,0.0,0.0,,-1345.02
161,10,5.00,8,18.08,27.53,26.23,-1971.74,396.04,0.0,0.0,,-1971.74
161,11,5.00,8,18.64,27.87,26.23,-2563.94,549.70,0.0,0.0,,-2563.94
161,12,5.00,8,18.69,28.18,26.23,-2985.61,644.96,0.0,0.0,,-2985.61
161,13,5.00,8,18.47,28.44,26.23,-3316.38,725.48,0.0,0.0,,-3316.38
161,14,5.00,8,18.03,28.67,26.23,-3534.95,779.28,0.0,0.0,,-3534.95
161,15,5.00,8,18.36,28.97,26.23,-3975.45,742.69,0.0,0.0,,-3975.45
161,16,5.00,8,18.38,29.21,26.23,-4199.49,683.76,0.0,0.0,,-4199.49
161,17,5.00,8,18.40,29.39,26.23,-4286.32,561.14,0.0,0.0,,-4286.32
161,18,5.00,8,17.99,29.41,26.23,-3987.09,312.91,0.0,0.0,,-3987.09
161,19,5.00,8,17.32,28.36,26.42,0.0,0.00,0.0,0.0,,0.0
161,20,5.00,8,17.17,27.87,26.26,0.0,0.00,0.0,0.0,,0.0
161,21,5.00,8,17.23,27.50,26.01,0.0,0.00,0.0,0.0,,0.0
161,22,5.00,8,17.59,27.19,25.77,0.0,0.00,0.0,0.0,,0.0
161,23,5.00,8,17.99,26.91,25.55,0.0,0.00,0.0,0.0,,0.0
161,24,5.00,8,18.29,26.66,25.34,0.0,0.00,0.0,0.0,,0.0
161,1,6.00,8,18.57,26.42,25.14,0.0,0.00,0.0,0.0,,0.0
161,2,6.00,8,18.88,26.20,24.97,0.0,0.00,0.0,0.0,,0.0
161,3,6.00,8,19.11,25.99,24.80,0.0,0.00,0.0,0.0,,0.0
161,4,6.00,8,19.19,25.79,24.64,0.0,0.00,0.0,0.0,,0.0
161,5,6.00,8,19.56,25.62,24.50,0.0,0.00,0.0,0.0,,0.0
161,6,6.00,8,19.90,25.46,24.38,0.0,0.00,0.0,0.0,,0.0
161,7,6.00,8,19.77,25.29,24.24,0.0,1.34,0.0,0.0,,0.0
161,8,6.00,8,19.88,26.64,25.72,0.0,36.82,0.0,0.0,,0.0
161,9,6.00,8,19.37,27.02,26.16,0.0,233.92,0.0,0.0,,0.0
161,10,6.00,8,19.80,27.38,26.23,-848.42,396.04,0.0,0.0,,-848.42
161,11,6.00,8,19.84,27.71,26.23,-1548.18,549.70,0.0,0.0,,-1548.18
161,12,6.00,8,19.53,27.99,26.23,-2054.02,644.96,0.0,0.0,,-2054.02
161,13,6.00,8,18.87,28.22,26.23,-2393.63,725.48,0.0,0.0,,-2393.63
161,14,6.00,8,18.27,28.44,26.23,-2705.8,779.28,0.0,0.0,,-2705.8
161,15,6.00,8,18.40,28.72,26.23,-3190.25,742.69,0.0,0.0,,-3190.25
161,16,6.00,8,18.30,28.95,26.23,-3472.88,683.76,0.0,0.0,,-3472.88
161,17,6.00,8,18.07,29.10,26.23,-3545.49,561.14,0.0,0.0,,-3545.49
161,18,6.00,8,17.59,29.10,26.23,-3287.21,312.91,0.0,0.0,,-3287.21
161,19,6.00,8,17.14,28.08,26.21,0.0,0.00,0.0,0.0,,0.0
161,20,6.00,8,16.95,27.59,26.00,0.0,0.00,0.0,0.0,,0.0
161,21,6.00,8,17.05,27.22,25.74,0.0,0.00,0.0,0.0,,0.0
161,22,6.00,8,17.39,26.92,25.50,0.0,0.00,0.0,0.0,,0.0
161,23,6.00,8,17.70,26.65,25.28,0.0,0.00,0.0,0.0,,0.0
161,24,6.00,8,17.98,26.39,25.07,0.0,0.00,0.0,0.0,,0.0
161,1,7.00,8,18.26,26.16,24.88,0.0,0.00,0.0,0.0,,0.0
161,2,7.00,8,18.35,25.92,24.69,0.0,0.00,0.0,0.0,,0.0
161,3,7.00,8,18.31,25.70,24.50,0.0,0.00,0.0,0.0,,0.0
161,4,7.00,8,18.45,25.49,24.33,0.0,0.00,0.0,0.0,,0.0
161,5,7.00,8,18.69,25.30,24.17,0.0,0.00,0.0,0.0,,0.0
161,6,7.00,8,18.56,25.10,24.01,0.0,0.00,0.0,0.0,,0.0
161,7,7.00,8,18.40,24.90,23.84,0.0,1.34,0.0,0.0,,0.0
161,8,7.00,8,18.53,26.14,25.22,0.0,36.82,0.0,0.0,,0.0
161,9,7.00,8,18.57,26.57,25.70,0.0,233.92,0.0,0.0,,0.0
161,10,7.00,8,18.95,26.93,26.10,0.0,396.04,0.0,0.0,,0.0
161,11,7.00,8,20.07,27.42,26.23,-1019.95,549.70,0.0,0.0,,-1019.95
161,12,7.00,8,20.65,27.90,26.23,-2038.92,644.96,0.0,0.0,,-2038.92
161,13,7.00,8,20.37,28.26,26.23,-2621.57,725.48,0.0,0.0,,-2621.57
161,14,7.00,8,20.42,28.64,26.23,-3283.86,779.28,0.0,0.0,,-3283.86
161,15,7.00,8,20.53,29.01,26.23,-3845.59,742.69,0.0,0.0,,-3845.59
161,16,7.00,8,20.55,29.33,26.23,-4251.58,683.76,0.0,0.0,,-4251.58
161,17,7.00,8,20.27,29.54,26.23,-4371.41,561.14,0.0,0.0,,-4371.41
161,18,7.00,8,19.78,29.60,26.23,-4167.81,312.91,0.0,0.0,,-4167.81
161,19,7.00,8,19.20,28.44,26.36,0.0,0.00,0.0,0.0,,0.0
161,20,7.00,8,18.95,27.95,26.21,0.0,0.00,0.0,0.0,,0.0
161,21,7.00,8,19.09,27.61,26.00,0.0,0.00,0.0,0.0,,0.0
161,22,7.00,8,19.32,27.33,25.79,0.0,0.00,0.0,0.0,,0.0
161,23,7.00,8,19.41,27.07,25.59,0.0,0.00,0.0,0.0,,0.0
161,24,7.00,8,19.47,26.82,25.39,0.0,0.00,0.0,0.0,,0.0
161,1,1.00,9,19.67,26.60,25.21,0.0,0.00,0.0,0.0,,0.0
161,2,1.00,9,19.81,26.38,25.04,0.0,0.00,0.0,0.0,,0.0
161,3,1.00,9,19.91,26.18,24.88,0.0,0.00,0.0,0.0,,0.0
161,4,1.00,9,20.05,25.99,24.73,0.0,0.00,0.0,0.0,,0.0
161,5,1.00,9,20.16,25.81,24.59,0.0,0.00,0.0,0.0,,0.0
161,6,1.00,9,20.37,25.64,24.46,0.0,0.00,0.0,0.0,,0.0
161,7,1.00,9,20.15,25.46,24.32,0.0,0.14,0.0,0.0,,0.0
161,8,1.00,9,19.76,26.75,25.75,0.0,9.79,0.0,0.0,,0.0
161,9,1.00,9,19.73,27.15,25.81,-1043.08,91.64,0.0,0.0,,-1043.08
161,10,1.00,9,20.34,27.53,25.81,-1831.61,210.75,0.0,0.0,,-1831.61
161,11,1.00,9,20.78,27.92,25.81,-2572.51,343.81,0.0,0.0,,-2572.51
161,12,1.00,9,20.82,28.29,25.81,-3180.1,456.20,0.0,0.0,,-3180.1
161,13,1.00,9,20.38,28.63,25.81,-3697.8,629.22,0.0,0.0,,-3697.8
161,14,1.00,9,20.27,28.99,25.81,-4261.56,654.68,0.0,0.0,,-4261.56
161,15,1.00,9,20.46,29.39,25.81,-4851.52,636.53,0.0,0.0,,-4851.52
161,16,1.00,9,20.60,29.74,25.81,-5277.94,566.15,0.0,0.0,,-5277.94
161,17,1.00,9,20.24,29.95,25.81,-5338.35,455.09,0.0,0.0,,-5338.35
161,18,1.00,9,19.83,30.05,25.81,-5196.94,309.19,0.0,0.0,,-5196.94
161,19,1.00,9,19.36,29.00,26.36,0.0,144.30,0.0,0.0,,0.0
161,20,1.00,9,19.18,28.51,26.30,0.0,0.00,0.0,0.0,,0.0
161,21,1.00,9,19.29,28.16,26.11,0.0,0.00,0.0,0.0,,0.0
161,22,1.00,9,19.59,27.87,25.91,0.0,0.00,0.0,0.0,,0.0
161,23,1.00,9,19.64,27.59,25.71,0.0,0.00,0.0,0.0,,0.0
161,24,1.00,9,19.65,27.32,25.51,0.0,0.00,0.0,0.0,,0.0
161,1,2.00,9,19.78,27.07,25.32,0.0,0.00,0.0,0.0,,0.0
161,2,2.00,9,19.93,26.84,25.15,0.0,0.00,0.0,0.0,,0.0
161,3,2.00,9,19.80,26.61,24.97,0.0,0.00,0.0,0.0,,0.0
161,4,2.00,9,19.67,26.38,24.79,0.0,0.00,0.0,0.0,,0.0
161,5,2.00,9,19.90,26.18,24.65,0.0,0.00,0.0,0.0,,0.0
161,6,2.00,9,20.34,26.01,24.53,0.0,0.00,0.0,0.0,,0.0
161,7,2.00,9,20.13,25.81,24.38,0.0,0.14,0.0,0.0,,0.0
161,8,2.00,9,19.55,27.02,25.77,0.0,9.79,0.0,0.0,,0.0
161,9,2.00,9,19.59,27.40,25.81,-1078.33,91.64,0.0,0.0,,-1078.33
161,10,2.00,9,20.28,27.77,25.81,-1878.43,210.75,0.0,0.0,,-1878.43
161,11,2.00,9,20.99,28.20,25.81,-2716.03,343.81,0.0,0.0,,-2716.03
161,12,2.00,9,21.01,28.56,25.81,-3312.81,456.20,0.0,0.0,,-3312.81
161,13,2.00,9,20.34,28.85,25.81,-3728.55,629.22,0.0,0.0,,-3728.55
161,14,2.00,9,20.07,29.18,25.81,-4221.16,654.68,0.0,0.0,,-4221.16
161,15,2.00,9,20.14,29.53,25.81,-4749.9,636.53,0.0,0.0,,-4749.9
161,16,2.00,9,20.10,29.83,25.81,-5091.32,566.15,0.0,0.0,,-5091.32
161,17,2.00,9,19.72,30.01,25.81,-5128.81,455.09,0.0,0.0,,-5128.81
161,18,2.00,9,19.15,30.06,25.81,-4910.12,309.19,0.0,0.0,,-4910.12
161,19,2.00,9,18.46,29.04,26.29,0.0,144.30,0.0,0.0,,0.0
161,20,2.00,9,18.18,28.53,26.20,0.0,0.00,0.0,0.0,,0.0
161,21,2.00,9,18.27,28.16,25.98,0.0,0.00,0.0,0.0,,0.0
161,22,2.00,9,18.37,27.83,25.75,0.0,0.00,0.0,0.0,,0.0
161,23,2.00,9,18.43,27.52,25.52,0.0,0.00,0.0,0.0,,0.0
161,24,2.00,9,18.37,27.22,25.29,0.0,0.00,0.0,0.0,,0.0
161,1,3.00,9,18.37,26.94,25.07,0.0,0.00,0.0,0.0,,0.0
161,2,3.00,9,18.36,26.67,24.87,0.0,0.00,0.0,0.0,,0.0
161,3,3.00,9,18.30,26.41,24.66,0.0,0.00,0.0,0.0,,0.0
161,4,3.00,9,18.28,26.16,24.47,0.0,0.00,0.0,0.0,,0.0
161,5,3.00,9,18.38,25.93,24.29,0.0,0.00,0.0,0.0,,0.0
161,6,3.00,9,18.55,25.71,24.13,0.0,0.00,0.0,0.0,,0.0
161,7,3.00,9,18.35,25.49,23.96,0.0,0.14,0.0,0.0,,0.0
161,8,3.00,9,18.09,27.62,26.14,0.0,9.79,0.0,0.0,,0.0
161,9,3.00,9,18.35,28.37,26.93,0.0,91.64,0.0,0.0,,0.0
161,10,3.00,9,18.83,28.86,27.46,0.0,210.75,0.0,0.0,,0.0
161,11,3.00,9,19.72,29.36,28.01,0.0,343.81,0.0,0.0,,0.0
161,12,3.00,9,20.02,29.86,28.55,0.0,456.20,0.0,0.0,,0.0
161,13,3.00,9,19.75,30.40,29.13,0.0,629.22,0.0,0.0,,0.0
161,14,3.00,9,19.63,30.94,29.71,0.0,654.68,0.0,0.0,,0.0
161,15,3.00,9,19.84,31.48,30.28,0.0,636.53,0.0,0.0,,0.0
161,16,3.00,9,19.95,31.96,30.80,0.0,566.15,0.0,0.0,,0.0
161,17,3.00,9,19.67,32.35,31.21,0.0,455.09,0.0,0.0,,0.0
161,18,3.00,9,19.31,32.62,31.52,0.0,309.19,0.0,0.0,,0.0
161,19,3.00,9,18.73,30.42,29.35,0.0,144.30,0.0,0.0,,0.0
161,20,3.00,9,18.51,29.61,28.57,0.0,0.00,0.0,0.0,,0.0
161,21,3.00,9,18.55,29.14,28.12,0.0,0.00,0.0,0.0,,0.0
161,22,3.00,9,18.65,28.76,27.77,0.0,0.00,0.0,0.0,,0.0
161,23,3.00,9,18.77,28.42,27.46,0.0,0.00,0.0,0.0,,0.0
161,24,3.00,9,18.82,28.10,27.16,0.0,0.00,0.0,0.0,,0.0
161,1,4.00,9,18.86,27.80,26.88,0.0,0.00,0.0,0.0,,0.0
161,2,4.00,9,18.98,27.51,26.62,0.0,0.00,0.0,0.0,,0.0
161,3,4.00,9,19.17,27.25,26.38,0.0,0.00,0.0,0.0,,0.0
161,4,4.00,9,19.29,27.00,26.15,0.0,0.00,0.0,0.0,,0.0
161,5,4.00,9,19.23,26.75,25.92,0.0,0.00,0.0,0.0,,0.0
161,6,4.00,9,19.26,26.51,25.70,0.0,0.00,0.0,0.0,,0.0
161,7,4.00,9,19.04,26.27,25.48,0.0,0.14,0.0,0.0,,0.0
161,8,4.00,9,18.57,28.38,27.60,0.0,9.79,0.0,0.0,,0.0
161,9,4.00,9,18.78,29.10,28.34,0.0,91.64,0.0,0.0,,0.0
161,10,4.00,9,19.53,29.58,28.84,0.0,210.75,0.0,0.0,,0.0
161,11,4.00,9,20.21,30.06,29.33,0.0,343.81,0.0,0.0,,0.0
161,12,4.00,9,20.37,30.54,29.83,0.0,456.20,0.0,0.0,,0.0
161,13,4.00,9,20.05,31.06,30.36,0.0,629.22,0.0,0.0,,0.0
161,14,4.00,9,19.98,31.58,30.90,0.0,654.68,0.0,0.0,,0.0
161,15,4.00,9,20.11,32.10,31.43,0.0,636.53,0.0,0.0,,0.0
161,16,4.00,9,20.13,32.56,31.90,0.0,566.15,0.0,0.0,,0.0
161,17,4.00,9,19.81,32.92,32.27,0.0,455.09,0.0,0.0,,0.0
161,18,4.00,9,19.47,33.18,32.54,0.0,309.19,0.0,0.0,,0.0
161,19,4.00,9,18.91,30.96,30.34,0.0,144.30,0.0,0.0,,0.0
161,20,4.00,9,18.70,30.13,29.52,0.0,0.00,0.0,0.0,,0.0
161,21,4.00,9,18.69,29.64,29.04,0.0,0.00,0.0,0.0,,0.0
161,22,4.00,9,18.83,29.25,28.67,0.0,0.00,0.0,0.0,,0.0
161,23,4.00,9,19.02,28.91,28.33,0.0,0.00,0.0,0.0,,0.0
161,24,4.00,9,19.10,28.58,28.01,0.0,0.00,0.0,0.0,,0.0
161,1,5.00,9,19.16,28.26,27.70,0.0,0.00,0.0,0.0,,0.0
161,2,5.00,9,19.27,27.97,27.42,0.0,0.00,0.0,0.0,,0.0
161,3,5.00,9,19.34,27.69,27.14,0.0,0.00,0.0,0.0,,0.0
161,4,5.00,9,19.22,27.41,26.87,0.0,0.00,0.0,0.0,,0.0
161,5,5.00,9,19.02,27.13,26.60,0.0,0.00,0.0,0.0,,0.0
161,6,5.00,9,19.14,26.88,26.36,0.0,0.00,0.0,0.0,,0.0
161,7,5.00,9,19.06,26.63,26.12,0.0,0.14,0.0,0.0,,0.0
161,8,5.00,9,18.53,27.60,25.81,-3448.12,9.79,0.0,0.0,,-3448.12
161,9,5.00,9,18.79,27.93,25.81,-3379.62,91.64,0.0,0.0,,-3379.62
161,10,5.00,9,19.82,28.30,25.81,-3925.03,210.75,0.0,0.0,,-3925.03
161,11,5.00,9,20.49,28.68,25.81,-4437.93,343.81,0.0,0.0,,-4437.93
161,12,5.00,9,20.48,29.00,25.81,-4764.58,456.20,0.0,0.0,,-4764.58
161,13,5.00,9,19.97,29.28,25.81,-5020.64,629.22,0.0,0.0,,-5020.64
161,14,5.00,9,19.89,29.61,25.81,-5398.4,654.68,0.0,0.0,,-5398.4
161,15,5.00,9,19.89,29.93,25.81,-5738.54,636.53,0.0,0.0,,-5738.54
161,16,5.00,9,19.89,30.21,25.81,-5956.35,566.15,0.0,0.0,,-5956.35
161,17,5.00,9,19.51,30.37,25.81,-5872.64,455.09,0.0,0.0,,-5872.64
161,18,5.00,9,18.99,30.40,25.81,-5568.87,309.19,0.0,0.0,,-5568.87
161,19,5.00,9,18.36,29.42,26.55,0.0,144.30,0.0,0.0,,0.0
161,20,5.00,9,18.08,28.91,26.51,0.0,0.00,0.0,0.0,,0.0
161,21,5.00,9,18.08,28.52,26.30,0.0,0.00,0.0,0.0,,0.0
161,22,5.00,9,18.29,28.19,26.06,0.0,0.00,0.0,0.0,,0.0
161,23,5.00,9,18.44,27.88,25.83,0.0,0.00,0.0,0.0,,0.0
161,24,5.00,9,18.26,27.56,25.59,0.0,0.00,0.0,0.0,,0.0
161,1,6.00,9,18.21,27.26,25.36,0.0,0.00,0.0,0.0,,0.0
161,2,6.00,9,18.10,26.97,25.13,0.0,0.00,0.0,0.0,,0.0
161,3,6.00,9,18.05,26.69,24.92,0.0,0.00,0.0,0.0,,0.0
161,4,6.00,9,18.14,26.44,24.72,0.0,0.00,0.0,0.0,,0.0
161,5,6.00,9,18.08,26.19,24.53,0.0,0.00,0.0,0.0,,0.0
161,6,6.00,9,18.40,25.97,24.37,0.0,0.00,0.0,0.0,,0.0
161,7,6.00,9,18.33,25.74,24.19,0.0,0.14,0.0,0.0,,0.0
161,8,6.00,9,18.44,26.86,25.51,0.0,9.79,0.0,0.0,,0.0
161,9,6.00,9,18.81,27.26,25.81,-459.61,91.64,0.0,0.0,,-459.61
161,10,6.00,9,19.93,27.68,25.81,-1586.56,210.75,0.0,0.0,,-1586.56
161,11,6.00,9,20.41,28.07,25.81,-2350.46,343.81,0.0,0.0,,-2350.46
161,12,6.00,9,20.51,28.44,25.81,-2996.5,456.20,0.0,0.0,,-2996.5
161,13,6.00,9,20.29,28.80,25.81,-3614.03,629.22,0.0,0.0,,-3614.03
161,14,6.00,9,20.41,29.20,25.81,-4283.14,654.68,0.0,0.0,,-4283.14
161,15,6.00,9,20.64,29.61,25.81,-4904.84,636.53,0.0,0.0,,-4904.84
161,16,6.00,9,20.73,29.96,25.81,-5327.55,566.15,0.0,0.0,,-5327.55
161,17,6.00,9,20.43,30.17,25.81,-5420.26,455.09,0.0,0.0,,-5420.26
161,18,6.00,9,20.12,30.29,25.81,-5333.34,309.19,0.0,0.0,,-5333.34
161,19,6.00,9,19.65,29.24,26.39,0.0,144.30,0.0,0.0,,0.0
161,20,6.00,9,19.42,28.75,26.34,0.0,0.00,0.0,0.0,,0.0
161,21,6.00,9,19.49,28.40,26.16,0.0,0.00,0.0,0.0,,0.0
161,22,6.00,9,19.66,28.10,25.96,0.0,0.00,0.0,0.0,,0.0
161,23,6.00,9,19.74,27.82,25.76,0.0,0.00,0.0,0.0,,0.0
161,24,6.00,9,19.65,27.54,25.55,0.0,0.00,0.0,0.0,,0.0
161,1,7.00,9,19.81,27.29,25.37,0.0,0.00,0.0,0.0,,0.0
161,2,7.00,9,19.97,27.06,25.20,0.0,0.00,0.0,0.0,,0.0
161,3,7.00,9,19.84,26.82,25.02,0.0,0.00,0.0,0.0,,0.0
161,4,7.00,9,19.69,26.58,24.85,0.0,0.00,0.0,0.0,,0.0
161,5,7.00,9,19.72,26.37,24.69,0.0,0.00,0.0,0.0,,0.0
161,6,7.00,9,20.22,26.19,24.56,0.0,0.00,0.0,0.0,,0.0
161,7,7.00,9,20.12,26.00,24.43,0.0,0.14,0.0,0.0,,0.0
161,8,7.00,9,19.89,27.24,25.81,-134.38,9.79,0.0,0.0,,-134.38
161,9,7.00,9,20.23,27.68,25.81,-1460.46,91.64,0.0,0.0,,-1460.46
161,10,7.00,9,21.36,28.15,25.81,-2417.65,210.75,0.0,0.0,,-2417.65
161,11,7.00,9,21.58,28.52,25.81,-3066.77,343.81,0.0,0.0,,-3066.77
161,12,7.00,9,21.40,28.86,25.81,-3588.09,456.20,0.0,0.0,,-3588.09
161,13,7.00,9,20.77,29.16,25.81,-4022.17,629.22,0.0,0.0,,-4022.17
161,14,7.00,9,20.68,29.51,25.81,-4583.73,654.68,0.0,0.0,,-4583.73
161,15,7.00,9,20.79,29.89,25.81,-5132.7,636.53,0.0,0.0,,-5132.7
161,16,7.00,9,20.76,30.20,25.81,-5482.82,566.15,0.0,0.0,,-5482.82
161,17,7.00,9,20.46,30.40,25.81,-5554.55,455.09,0.0,0.0,,-5554.55
161,18,7.00,9,20.08,30.49,25.81,-5414.88,309.19,0.0,0.0,,-5414.88
161,19,7.00,9,19.45,29.45,26.41,0.0,144.30,0.0,0.0,,0.0
161,20,7.00,9,19.15,28.94,26.36,0.0,0.00,0.0,0.0,,0.0
161,21,7.00,9,19.19,28.57,26.16,0.0,0.00,0.0,0.0,,0.0
161,22,7.00,9,19.33,28.25,25.95,0.0,0.00,0.0,0.0,,0.0
161,23,7.00,9,19.40,27.96,25.74,0.0,0.00,0.0,0.0,,0.0
161,24,7.00,9,19.43,27.67,25.53,0.0,0.00,0.0,0.0,,0.0
161,1,1.00,9,19.59,27.41,25.35,0.0,0.00,0.0,0.0,,0.0
161,2,1.00,9,19.80,27.17,25.17,0.0,0.00,0.0,0.0,,0.0
161,3,1.00,9,19.87,26.94,25.00,0.0,0.00,0.0,0.0,,0.0
161,4,1.00,9,19.99,26.72,24.85,0.0,0.00,0.0,0.0,,0.0
161,5,1.00,9,20.12,26.51,24.70,0.0,0.00,0.0,0.0,,0.0
161,6,1.00,9,20.03,26.30,24.55,0.0,0.00,0.0,0.0,,0.0
161,7,1.00,9,19.27,26.05,24.36,0.0,0.14,0.0,0.0,,0.0
161,8,1.00,9,19.18,27.20,25.72,0.0,9.79,0.0,0.0,,0.0
161,9,1.00,9,19.31,27.57,25.81,-957.88,91.64,0.0,0.0,,-957.88
161,10,1.00,9,20.28,27.97,25.81,-1889.54,210.75,0.0,0.0,,-1889.54
161,11,1.00,9,20.69,28.34,25.81,-2602.91,343.81,0.0,0.0,,-2602.91
161,12,1.00,9,20.83,28.70,25.81,-3244.51,456.20,0.0,0.0,,-3244.51
161,13,1.00,9,20.71,29.08,25.81,-3883.25,629.22,0.0,0.0,,-3883.25
161,14,1.00,9,20.58,29.45,25.81,-4442.46,654.68,0.0,0.0,,-4442.46
161,15,1.00,9,20.81,29.84,25.81,-5047.42,636.53,0.0,0.0,,-5047.42
161,16,1.00,9,20.91,30.18,25.81,-5459.83,566.15,0.0,0.0,,-5459.83
161,17,1.00,9,20.63,30.39,25.81,-5552.39,455.09,0.0,0.0,,-5552.39
161,18,1.00,9,20.22,30.49,25.81,-5412.19,309.19,0.0,0.0,,-5412.19
161,19,1.00,9,19.60,29.43,26.40,0.0,144.30,0.0,0.0,,0.0
161,20,1.00,9,19.31,28.93,26.35,0.0,0.00,0.0,0.0,,0.0
161,21,1.00,9,19.34,28.56,26.16,0.0,0.00,0.0,0.0,,0.0
161,22,1.00,9,19.43,28.25,25.94,0.0,0.00,0.0,0.0,,0.0
161,23,1.00,9,19.53,27.95,25.73,0.0,0.00,0.0,0.0,,0.0
161,24,1.00,9,19.51,27.67,25.53,0.0,0.00,0.0,0.0,,0.0
161,1,2.00,9,19.60,27.41,25.33,0.0,0.00,0.0,0.0,,0.0
161,2,2.00,9,19.71,27.16,25.15,0.0,0.00,0.0,0.0,,0.0
161,3,2.00,9,19.70,26.92,24.98,0.0,0.00,0.0,0.0,,0.0
161,4,2.00,9,19.80,26.69,24.81,0.0,0.00,0.0,0.0,,0.0
161,5,2.00,9,19.81,26.47,24.66,0.0,0.00,0.0,0.0,,0.0
161,6,2.00,9,20.14,26.28,24.52,0.0,0.00,0.0,0.0,,0.0
161,7,2.00,9,20.06,26.09,24.38,0.0,0.14,0.0,0.0,,0.0
161,8,2.00,9,19.51,27.25,25.76,0.0,9.79,0.0,0.0,,0.0
161,9,2.00,9,19.51,27.62,25.81,-1055.43,91.64,0.0,0.0,,-1055.43
161,10,2.00,9,20.42,28.01,25.81,-1943.12,210.75,0.0,0.0,,-1943.12
161,11,2.00,9,20.68,28.36,25.81,-2593.32,343.81,0.0,0.0,,-2593.32
161,12,2.00,9,20.60,28.68,25.81,-3142.68,456.20,0.0,0.0,,-3142.68
161,13,2.00,9,19.91,28.95,25.81,-3546.12,629.22,0.0,0.0,,-3546.12
161,14,2.00,9,19.58,29.25,25.81,-4000.53,654.68,0.0,0.0,,-4000.53
161,15,2.00,9,19.71,29.59,25.81,-4546.75,636.53,0.0,0.0,,-4546.75
161,16,2.00,9,19.85,29.91,25.81,-4958.98,566.15,0.0,0.0,,-4958.98
161,17,2.00,9,19.46,30.08,25.81,-4986.91,455.09,0.0,0.0,,-4986.91
161,18,2.00,9,19.11,30.15,25.81,-4855.61,309.19,0.0,0.0,,-4855.61
161,19,2.00,9,18.43,29.15,26.28,0.0,144.30,0.0,0.0,,0.0
161,20,2.00,9,18.12,28.64,26.17,0.0,0.00,0.0,0.0,,0.0
161,21,2.00,9,18.19,28.27,25.96,0.0,0.00,0.0,0.0,,0.0
161,22,2.00,9,18.38,27.94,25.73,0.0,0.00,0.0,0.0,,0.0
161,23,2.00,9,18.44,27.63,25.50,0.0,0.00,0.0,0.0,,0.0
161,24,2.00,9,18.40,27.34,25.27,0.0,0.00,0.0,0.0,,0.0
161,1,3.00,9,18.47,27.06,25.06,0.0,0.00,0.0,0.0,,0.0
161,2,3.00,9,18.63,26.80,24.87,0.0,0.00,0.0,0.0,,0.0
161,3,3.00,9,18.69,26.55,24.68,0.0,0.00,0.0,0.0,,0.0
161,4,3.00,9,18.75,26.31,24.50,0.0,0.00,0.0,0.0,,0.0
161,5,3.00,9,18.94,26.10,24.34,0.0,0.00,0.0,0.0,,0.0
161,6,3.00,9,19.50,25.92,24.22,0.0,0.00,0.0,0.0,,0.0
161,7,3.00,9,19.25,25.72,24.07,0.0,0.14,0.0,0.0,,0.0
161,8,3.00,9,19.33,27.89,26.29,0.0,9.79,0.0,0.0,,0.0
161,9,3.00,9,19.51,28.65,27.10,0.0,91.64,0.0,0.0,,0.0
161,10,3.00,9,20.41,29.19,27.68,0.0,210.75,0.0,0.0,,0.0
161,11,3.00,9,20.56,29.67,28.21,0.0,343.81,0.0,0.0,,0.0
161,12,3.00,9,20.58,30.16,28.74,0.0,456.20,0.0,0.0,,0.0
161,13,3.00,9,20.43,30.71,29.33,0.0,629.22,0.0,0.0,,0.0
161,14,3.00,9,20.21,31.25,29.91,0.0,654.68,0.0,0.0,,0.0
161,15,3.00,9,19.80,31.75,30.44,0.0,636.53,0.0,0.0,,0.0
161,16,3.00,9,20.02,32.23,30.95,0.0,566.15,0.0,0.0,,0.0
161,17,3.00,9,19.74,32.60,31.36,0.0,455.09,0.0,0.0,,0.0
161,18,3.00,9,19.43,32.88,31.67,0.0,309.19,0.0,0.0,,0.0
161,19,3.00,9,18.80,30.67,29.49,0.0,144.30,0.0,0.0,,0.0
161,20,3.00,9,18.41,29.84,28.69,0.0,0.00,0.0,0.0,,0.0
161,21,3.00,9,18.44,29.35,28.23,0.0,0.00,0.0,0.0,,0.0
161,22,3.00,9,18.48,28.96,27.87,0.0,0.00,0.0,0.0,,0.0
161,23,3.00,9,18.53,28.61,27.54,0.0,0.00,0.0,0.0,,0.0
161,24,3.00,9,18.60,28.28,27.24,0.0,0.00,0.0,0.0,,0.0
161,1,4.00,9,18.68,27.97,26.95,0.0,0.00,0.0,0.0,,0.0
161,2,4.00,9,18.78,27.67,26.68,0.0,0.00,0.0,0.0,,0.0
161,3,4.00,9,18.86,27.39,26.42,0.0,0.00,0.0,0.0,,0.0
161,4,4.00,9,18.90,27.12,26.17,0.0,0.00,0.0,0.0,,0.0
161,5,4.00,9,19.05,26.87,25.95,0.0,0.00,0.0,0.0,,0.0
161,6,4.00,9,19.32,26.65,25.74,0.0,0.00,0.0,0.0,,0.0
161,7,4.00,9,19.16,26.41,25.52,0.0,0.14,0.0,0.0,,0.0
161,8,4.00,9,18.85,28.53,27.66,0.0,9.79,0.0,0.0,,0.0
161,9,4.00,9,18.80,29.24,28.38,0.0,91.64,0.0,0.0,,0.0
161,10,4.00,9,19.81,29.74,28.90,0.0,210.75,0.0,0.0,,0.0
161,11,4.00,9,20.47,30.22,29.40,0.0,343.81,0.0,0.0,,0.0
161,12,4.00,9,20.76,30.71,29.90,0.0,456.20,0.0,0.0,,0.0
161,13,4.00,9,20.34,31.22,30.43,0.0,629.22,0.0,0.0,,0.0
161,14,4.00,9,20.32,31.75,30.98,0.0,654.68,0.0,0.0,,0.0
161,15,4.00,9,19.85,32.23,31.47,0.0,636.53,0.0,0.0,,0.0
161,16,4.00,9,20.04,32.69,31.94,0.0,566.15,0.0,0.0,,0.0
161,17,4.00,9,19.75,33.05,32.31,0.0,455.09,0.0,0.0,,0.0
161,18,4.00,9,19.40,33.30,32.58,0.0,309.19,0.0,0.0,,0.0
161,19,4.00,9,18.67,31.07,30.36,0.0,144.30,0.0,0.0,,0.0
161,20,4.00,9,18.45,30.23,29.54,0.0,0.00,0.0,0.0,,0.0
161,21,4.00,9,18.43,29.73,29.05,0.0,0.00,0.0,0.0,,0.0
161,22,4.00,9,18.49,29.33,28.65,0.0,0.00,0.0,0.0,,0.0
161,23,4.00,9,18.54,28.96,28.30,0.0,0.00,0.0,0.0,,0.0
161,24,4.00,9,18.61,28.62,27.96,0.0,0.00,0.0,0.0,,0.0
161,1,5.00,9,18.76,28.30,27.65,0.0,0.00,0.0,0.0,,0.0
161,2,5.00,9,18.86,28.00,27.36,0.0,0.00,0.0,0.0,,0.0
161,3,5.00,9,18.93,27.71,27.08,0.0,0.00,0.0,0.0,,0.0
161,4,5.00,9,18.98,27.43,26.81,0.0,0.00,0.0,0.0,,0.0
161,5,5.00,9,19.16,27.17,26.56,0.0,0.00,0.0,0.0,,0.0
161,6,5.00,9,19.45,26.94,26.34,0.0,0.00,0.0,0.0,,0.0
161,7,5.00,9,19.34,26.70,26.11,0.0,0.14,0.0,0.0,,0.0
161,8,5.00,9,18.92,27.72,25.81,-3552.42,9.79,0.0,0.0,,-3552.42
161,9,5.00,9,18.91,28.02,25.81,-3393.61,91.64,0.0,0.0,,-3393.61
161,10,5.00,9,19.62,28.34,25.81,-3812.42,210.75,0.0,0.0,,-3812.42
161,11,5.00,9,20.28,28.70,25.81,-4321.14,343.81,0.0,0.0,,-4321.14
161,12,5.00,9,20.45,29.04,25.81,-4717.6,456.20,0.0,0.0,,-4717.6
161,13,5.00,9,19.94,29.32,25.81,-4978.29,629.22,0.0,0.0,,-4978.29
161,14,5.00,9,19.72,29.63,25.81,-5299.93,654.68,0.0,0.0,,-5299.93
161,15,5.00,9,19.68,29.93,25.81,-5619.06,636.53,0.0,0.0,,-5619.06
161,16,5.00,9,19.59,30.19,25.81,-5797.44,566.15,0.0,0.0,,-5797.44
161,17,5.00,9,19.05,30.31,25.81,-5645.44,455.09,0.0,0.0,,-5645.44
161,18,5.00,9,18.36,30.30,25.81,-5265.66,309.19,0.0,0.0,,-5265.66
161,19,5.00,9,17.45,29.33,26.47,0.0,144.30,0.0,0.0,,0.0
161,20,5.00,9,16.91,28.79,26.37,0.0,0.00,0.0,0.0,,0.0
161,21,5.00,9,16.74,28.37,26.12,0.0,0.00,0.0,0.0,,0.0
161,22,5.00,9,16.70,28.00,25.84,0.0,0.00,0.0,0.0,,0.0
161,23,5.00,9,16.50,27.63,25.56,0.0,0.00,0.0,0.0,,0.0
161,24,5.00,9,16.08,27.26,25.26,0.0,0.00,0.0,0.0,,0.0
161,1,6.00,9,15.70,26.90,24.96,0.0,0.00,0.0,0.0,,0.0
161,2,6.00,9,15.62,26.56,24.69,0.0,0.00,0.0,0.0,,0.0
161,3,6.00,9,15.61,26.24,24.44,0.0,0.00,0.0,0.0,,0.0
161,4,6.00,9,15.45,25.93,24.18,0.0,0.00,0.0,0.0,,0.0
161,5,6.00,9,15.42,25.64,23.94,0.0,0.00,0.0,0.0,,0.0
161,6,6.00,9,15.65,25.37,23.73,0.0,0.00,0.0,0.0,,0.0
161,7,6.00,9,15.24,25.09,23.50,0.0,0.14,0.0,0.0,,0.0
161,8,6.00,9,15.04,25.86,24.48,0.0,9.79,0.0,0.0,,0.0
161,9,6.00,9,15.42,26.14,24.84,0.0,91.64,0.0,0.0,,0.0
161,10,6.00,9,16.52,26.49,25.25,0.0,210.75,0.0,0.0,,0.0
161,11,6.00,9,17.74,26.93,25.74,0.0,343.81,0.0,0.0,,0.0
161,12,6.00,9,18.64,27.40,25.81,-1153.99,456.20,0.0,0.0,,-1153.99
161,13,6.00,9,18.65,27.81,25.81,-1997.75,629.22,0.0,0.0,,-1997.75
161,14,6.00,9,18.76,28.21,25.81,-2754.52,654.68,0.0,0.0,,-2754.52
161,15,6.00,9,19.14,28.64,25.81,-3511.53,636.53,0.0,0.0,,-3511.53
161,16,6.00,9,19.48,29.03,25.81,-4104.66,566.15,0.0,0.0,,-4104.66
161,17,6.00,9,19.28,29.27,25.81,-4306.43,455.09,0.0,0.0,,-4306.43
161,18,6.00,9,18.93,29.39,25.81,-4260.56,309.19,0.0,0.0,,-4260.56
161,19,6.00,9,18.36,28.37,26.08,0.0,144.30,0.0,0.0,,0.0
161,20,6.00,9,18.13,27.89,25.95,0.0,0.00,0.0,0.0,,0.0
161,21,6.00,9,18.17,27.54,25.73,0.0,0.00,0.0,0.0,,0.0
161,22,6.00,9,18.34,27.25,25.51,0.0,0.00,0.0,0.0,,0.0
161,23,6.00,9,18.44,26.97,25.29,0.0,0.00,0.0,0.0,,0.0
161,24,6.00,9,18.59,26.72,25.09,0.0,0.00,0.0,0.0,,0.0
161,1,7.00,9,18.49,26.46,24.89,0.0,0.00,0.0,0.0,,0.0
161,2,7.00,9,18.66,26.23,24.70,0.0,0.00,0.0,0.0,,0.0
161,3,7.00,9,18.81,26.01,24.53,0.0,0.00,0.0,0.0,,0.0
161,4,7.00,9,18.82,25.80,24.36,0.0,0.00,0.0,0.0,,0.0
161,5,7.00,9,19.12,25.61,24.22,0.0,0.00,0.0,0.0,,0.0
161,6,7.00,9,18.82,25.40,24.05,0.0,0.00,0.0,0.0,,0.0
161,7,7.00,9,18.22,25.17,23.86,0.0,0.14,0.0,0.0,,0.0
161,8,7.00,9,18.27,26.33,25.18,0.0,9.79,0.0,0.0,,0.0
161,9,7.00,9,18.36,26.71,25.63,0.0,91.64,0.0,0.0,,0.0
161,10,7.00,9,19.08,27.09,25.81,-605.7,210.75,0.0,0.0,,-605.7
161,11,7.00,9,19.79,27.50,25.81,-1611.88,343.81,0.0,0.0,,-1611.88
161,12,7.00,9,20.17,27.92,25.81,-2414.41,456.20,0.0,0.0,,-2414.41
161,13,7.00,9,20.15,28.33,25.81,-3156.83,629.22,0.0,0.0,,-3156.83
161,14,7.00,9,19.85,28.69,25.81,-3696.94,654.68,0.0,0.0,,-3696.94
161,15,7.00,9,19.36,28.98,25.81,-4050.5,636.53,0.0,0.0,,-4050.5
161,16,7.00,9,19.52,29.31,25.81,-4510.69,566.15,0.0,0.0,,-4510.69
161,17,7.00,9,19.37,29.53,25.81,-4675.08,455.09,0.0,0.0,,-4675.08
161,18,7.00,9,18.90,29.62,25.81,-4531.09,309.19,0.0,0.0,,-4531.09
161,19,7.00,9,18.28,28.60,26.18,0.0,144.30,0.0,0.0,,0.0
161,20,7.00,9,18.00,28.11,26.05,0.0,0.00,0.0,0.0,,0.0
161,21,7.00,9,18.12,27.75,25.84,0.0,0.00,0.0,0.0,,0.0
161,22,7.00,9,18.24,27.44,25.61,0.0,0.00,0.0,0.0,,0.0
161,23,7.00,9,18.59,27.17,25.40,0.0,0.00,0.0,0.0,,0.0
161,24,7.00,9,18.71,26.91,25.19,0.0,0.00,0.0,0.0,,0.0
161,1,1.00,9,18.61,26.64,24.98,0.0,0.00,0.0,0.0,,0.0
161,2,1.00,9,18.82,26.41,24.80,0.0,0.00,0.0,0.0,,0.0
161,3,1.00,9,18.91,26.18,24.62,0.0,0.00,0.0,0.0,,0.0
161,4,1.00,9,18.94,25.96,24.45,0.0,0.00,0.0,0.0,,0.0
161,5,1.00,9,19.22,25.77,24.30,0.0,0.00,0.0,0.0,,0.0
161,6,1.00,9,19.18,25.57,24.15,0.0,0.00,0.0,0.0,,0.0
161,7,1.00,9,18.67,25.35,23.97,0.0,0.14,0.0,0.0,,0.0
161,8,1.00,9,18.74,26.55,25.33,0.0,9.79,0.0,0.0,,0.0
161,9,1.00,9,18.71,26.92,25.78,0.0,91.64,0.0,0.0,,0.0
161,10,1.00,9,19.64,27.32,25.81,-1075.13,210.75,0.0,0.0,,-1075.13
161,11,1.00,9,20.02,27.70,25.81,-1850.4,343.81,0.0,0.0,,-1850.4
161,12,1.00,9,20.17,28.06,25.81,-2543.99,456.20,0.0,0.0,,-2543.99
161,13,1.00,9,20.32,28.49,25.81,-3336.95,629.22,0.0,0.0,,-3336.95
161,14,1.00,9,20.25,28.89,25.81,-3956.09,654.68,0.0,0.0,,-3956.09
161,15,1.00,9,19.88,29.21,25.81,-4349.93,636.53,0.0,0.0,,-4349.93
161,16,1.00,9,19.91,29.52,25.81,-4755.38,566.15,0.0,0.0,,-4755.38
161,17,1.00,9,19.52,29.71,25.81,-4814.99,455.09,0.0,0.0,,-4814.99
161,18,1.00,9,18.93,29.76,25.81,-4609.13,309.19,0.0,0.0,,-4609.13
161,19,1.00,9,18.22,28.74,26.20,0.0,144.30,0.0,0.0,,0.0
161,20,1.00,9,17.92,28.24,26.08,0.0,0.00,0.0,0.0,,0.0
161,21,1.00,9,17.88,27.87,25.85,0.0,0.00,0.0,0.0,,0.0
161,22,1.00,9,17.78,27.53,25.59,0.0,0.00,0.0,0.0,,0.0
161,23,1.00,9,17.84,27.22,25.35,0.0,0.00,0.0,0.0,,0.0
161,24,1.00,9,17.77,26.92,25.11,0.0,0.00,0.0,0.0,,0.0
161,1,2.00,9,17.71,26.63,24.88,0.0,0.00,0.0,0.0,,0.0
161,2,2.00,9,17.67,26.36,24.66,0.0,0.00,0.0,0.0,,0.0
161,3,2.00,9,17.68,26.10,24.45,0.0,0.00,0.0,0.0,,0.0
161,4,2.00,9,17.93,25.86,24.27,0.0,0.00,0.0,0.0,,0.0
161,5,2.00,9,17.94,25.63,24.09,0.0,0.00,0.0,0.0,,0.0
161,6,2.00,9,17.97,25.41,23.91,0.0,0.00,0.0,0.0,,0.0
161,7,2.00,9,18.13,25.21,23.76,0.0,0.14,0.0,0.0,,0.0
161,8,2.00,9,18.22,26.37,25.09,0.0,9.79,0.0,0.0,,0.0
161,9,2.00,9,18.37,26.75,25.55,0.0,91.64,0.0,0.0,,0.0
161,10,2.00,9,18.94,27.10,25.81,-356.74,210.75,0.0,0.0,,-356.74
161,11,2.00,9,19.70,27.51,25.81,-1437.5,343.81,0.0,0.0,,-1437.5
161,12,2.00,9,19.84,27.88,25.81,-2155.13,456.20,0.0,0.0,,-2155.13
161,13,2.00,9,19.83,28.28,25.81,-2908.72,629.22,0.0,0.0,,-2908.72
161,14,2.00,9,20.03,28.71,25.81,-3657.71,654.68,0.0,0.0,,-3657.71
161,15,2.00,9,20.05,29.10,25.81,-4233.94,636.53,0.0,0.0,,-4233.94
161,16,2.00,9,20.08,29.43,25.81,-4663.71,566.15,0.0,0.0,,-4663.71
161,17,2.00,9,19.65,29.62,25.81,-4730.29,455.09,0.0,0.0,,-4730.29
161,18,2.00,9,19.20,29.71,25.81,-4606.06,309.19,0.0,0.0,,-4606.06
161,19,2.00,9,18.58,28.68,26.18,0.0,144.30,0.0,0.0,,0.0
161,20,2.00,9,18.27,28.18,26.06,0.0,0.00,0.0,0.0,,0.0
161,21,2.00,9,18.29,27.82,25.84,0.0,0.00,0.0,0.0,,0.0
161,22,2.00,9,18.43,27.51,25.61,0.0,0.00,0.0,0.0,,0.0
161,23,2.00,9,18.58,27.23,25.39,0.0,0.00,0.0,0.0,,0.0
161,24,2.00,9,18.67,26.95,25.18,0.0,0.00,0.0,0.0,,0.0
161,1,3.00,9,18.48,26.68,24.96,0.0,0.00,0.0,0.0,,0.0
161,2,3.00,9,18.44,26.42,24.75,0.0,0.00,0.0,0.0,,0.0
161,3,3.00,9,18.29,26.16,24.55,0.0,0.00,0.0,0.0,,0.0
161,4,3.00,9,18.21,25.92,24.35,0.0,0.00,0.0,0.0,,0.0
161,5,3.00,9,17.97,25.67,24.15,0.0,0.00,0.0,0.0,,0.0
161,6,3.00,9,18.08,25.46,23.98,0.0,0.00,0.0,0.0,,0.0
161,7,3.00,9,17.62,25.21,23.78,0.0,0.14,0.0,0.0,,0.0
161,8,3.00,9,18.00,27.38,25.99,0.0,9.79,0.0,0.0,,0.0
161,9,3.00,9,17.94,28.12,26.76,0.0,91.64,0.0,0.0,,0.0
161,10,3.00,9,18.60,28.62,27.30,0.0,210.75,0.0,0.0,,0.0
161,11,3.00,9,19.37,29.12,27.83,0.0,343.81,0.0,0.0,,0.0
161,12,3.00,9,19.73,29.63,28.38,0.0,456.20,0.0,0.0,,0.0
161,13,3.00,9,19.78,30.19,28.98,0.0,629.22,0.0,0.0,,0.0
161,14,3.00,9,20.06,30.77,29.59,0.0,654.68,0.0,0.0,,0.0
161,15,3.00,9,20.25,31.33,30.17,0.0,636.53,0.0,0.0,,0.0
161,16,3.00,9,20.33,31.83,30.70,0.0,566.15,0.0,0.0,,0.0
161,17,3.00,9,20.05,32.22,31.13,0.0,455.09,0.0,0.0,,0.0
161,18,3.00,9,19.75,32.52,31.45,0.0,309.19,0.0,0.0,,0.0
161,19,3.00,9,19.16,30.33,29.29,0.0,144.30,0.0,0.0,,0.0
161,20,3.00,9,18.88,29.53,28.51,0.0,0.00,0.0,0.0,,0.0
161,21,3.00,9,18.72,29.06,28.06,0.0,0.00,0.0,0.0,,0.0
161,22,3.00,9,18.83,28.69,27.71,0.0,0.00,0.0,0.0,,0.0
161,23,3.00,9,18.97,28.36,27.40,0.0,0.00,0.0,0.0,,0.0
161,24,3.00,9,19.18,28.06,27.12,0.0,0.00,0.0,0.0,,0.0
161,1,4.00,9,19.25,27.76,26.85,0.0,0.00,0.0,0.0,,0.0
161,2,4.00,9,19.28,27.49,26.59,0.0,0.00,0.0,0.0,,0.0
161,3,4.00,9,19.28,27.22,26.34,0.0,0.00,0.0,0.0,,0.0
161,4,4.00,9,19.11,26.95,26.09,0.0,0.00,0.0,0.0,,0.0
161,5,4.00,9,19.19,26.70,25.86,0.0,0.00,0.0,0.0,,0.0
161,6,4.00,9,19.54,26.49,25.66,0.0,0.00,0.0,0.0,,0.0
161,7,4.00,9,19.31,26.26,25.45,0.0,0.14,0.0,0.0,,0.0
161,8,4.00,9,18.91,28.38,27.58,0.0,9.79,0.0,0.0,,0.0
161,9,4.00,9,18.66,29.08,28.30,0.0,91.64,0.0,0.0,,0.0
161,10,4.00,9,19.00,29.53,28.76,0.0,210.75,0.0,0.0,,0.0
161,11,4.00,9,19.86,30.00,29.25,0.0,343.81,0.0,0.0,,0.0
161,12,4.00,9,20.28,30.49,29.76,0.0,456.20,0.0,0.0,,0.0
161,13,4.00,9,20.34,31.04,30.31,0.0,629.22,0.0,0.0,,0.0
161,14,4.00,9,20.23,31.57,30.86,0.0,654.68,0.0,0.0,,0.0
161,15,4.00,9,19.82,32.06,31.35,0.0,636.53,0.0,0.0,,0.0
161,16,4.00,9,19.78,32.50,31.81,0.0,566.15,0.0,0.0,,0.0
161,17,4.00,9,19.53,32.86,32.18,0.0,455.09,0.0,0.0,,0.0
161,18,4.00,9,19.07,33.11,32.44,0.0,309.19,0.0,0.0,,0.0
161,19,4.00,9,18.21,30.86,30.20,0.0,144.30,0.0,0.0,,0.0
161,20,4.00,9,17.78,30.01,29.36,0.0,0.00,0.0,0.0,,0.0
161,21,4.00,9,17.42,29.47,28.83,0.0,0.00,0.0,0.0,,0.0
161,22,4.00,9,17.22,29.03,28.40,0.0,0.00,0.0,0.0,,0.0
161,23,4.00,9,17.06,28.63,28.01,0.0,0.00,0.0,0.0,,0.0
161,24,4.00,9,16.94,28.24,27.63,0.0,0.00,0.0,0.0,,0.0
161,1,5.00,9,16.79,27.88,27.27,0.0,0.00,0.0,0.0,,0.0
161,2,5.00,9,16.52,27.51,26.91,0.0,0.00,0.0,0.0,,0.0
161,3,5.00,9,16.37,27.16,26.57,0.0,0.00,0.0,0.0,,0.0
161,4,5.00,9,16.13,26.82,26.24,0.0,0.00,0.0,0.0,,0.0
161,5,5.00,9,16.04,26.50,25.92,0.0,0.00,0.0,0.0,,0.0
161,6,5.00,9,16.26,26.21,25.64,0.0,0.00,0.0,0.0,,0.0
161,7,5.00,9,16.11,25.92,25.36,0.0,0.14,0.0,0.0,,0.0
161,8,5.00,9,16.26,26.74,25.81,-1103.46,9.79,0.0,0.0,,-1103.46
161,9,5.00,9,16.64,27.03,25.81,-1584.63,91.64,0.0,0.0,,-1584.63
161,10,5.00,9,17.76,27.38,25.81,-2238.98,210.75,0.0,0.0,,-2238.98
161,11,5.00,9,18.98,27.82,25.81,-3043.73,343.81,0.0,0.0,,-3043.73
161,12,5.00,9,19.62,28.24,25.81,-3697.07,456.20,0.0,0.0,,-3697.07
161,13,5.00,9,19.86,28.67,25.81,-4335.67,629.22,0.0,0.0,,-4335.67
161,14,5.00,9,20.02,29.09,25.81,-4888.53,654.68,0.0,0.0,,-4888.53
161,15,5.00,9,19.92,29.43,25.81,-5257.65,636.53,0.0,0.0,,-5257.65
161,16,5.00,9,19.77,29.72,25.81,-5475.46,566.15,0.0,0.0,,-5475.46
161,17,5.00,9,19.30,29.88,25.81,-5406.77,455.09,0.0,0.0,,-5406.77
161,18,5.00,9,18.72,29.92,25.81,-5119.69,309.19,0.0,0.0,,-5119.69
161,19,5.00,9,17.62,28.90,26.37,0.0,144.30,0.0,0.0,,0.0
161,20,5.00,9,17.04,28.36,26.26,0.0,0.00,0.0,0.0,,0.0
161,21,5.00,9,16.73,27.94,26.00,0.0,0.00,0.0,0.0,,0.0
161,22,5.00,9,16.65,27.58,25.72,0.0,0.00,0.0,0.0,,0.0
161,23,5.00,9,16.47,27.22,25.43,0.0,0.00,0.0,0.0,,0.0
161,24,5.00,9,16.51,26.90,25.17,0.0,0.00,0.0,0.0,,0.0
161,1,6.00,9,16.13,26.56,24.89,0.0,0.00,0.0,0.0,,0.0
161,2,6.00,9,15.70,26.23,24.60,0.0,0.00,0.0,0.0,,0.0
161,3,6.00,9,15.27,25.89,24.32,0.0,0.00,0.0,0.0,,0.0
161,4,6.00,9,15.30,25.59,24.07,0.0,0.00,0.0,0.0,,0.0
161,5,6.00,9,14.87,25.28,23.81,0.0,0.00,0.0,0.0,,0.0
161,6,6.00,9,14.81,24.99,23.56,0.0,0.00,0.0,0.0,,0.0
161,7,6.00,9,14.97,24.73,23.35,0.0,0.14,0.0,0.0,,0.0
161,8,6.00,9,14.98,25.56,24.35,0.0,9.79,0.0,0.0,,0.0
161,9,6.00,9,15.24,25.84,24.70,0.0,91.64,0.0,0.0,,0.0
161,10,6.00,9,16.82,26.27,25.18,0.0,210.75,0.0,0.0,,0.0
161,11,6.00,9,18.35,26.79,25.75,0.0,343.81,0.0,0.0,,0.0
161,12,6.00,9,19.25,27.30,25.81,-1240.7,456.20,0.0,0.0,,-1240.7
161,13,6.00,9,19.43,27.76,25.81,-2187.11,629.22,0.0,0.0,,-2187.11
161,14,6.00,9,19.72,28.23,25.81,-3045.71,654.68,0.0,0.0,,-3045.71
161,15,6.00,9,19.63,28.62,25.81,-3644.22,636.53,0.0,0.0,,-3644.22
161,16,6.00,9,19.50,28.94,25.81,-4062.3,566.15,0.0,0.0,,-4062.3
161,17,6.00,9,19.15,29.15,25.81,-4205.19,455.09,0.0,0.0,,-4205.19
161,18,6.00,9,18.66,29.24,25.81,-4101.8,309.19,0.0,0.0,,-4101.8
161,19,6.00,9,17.25,28.16,25.99,0.0,144.30,0.0,0.0,,0.0
161,20,6.00,9,16.43,27.62,25.77,0.0,0.00,0.0,0.0,,0.0
161,21,6.00,9,16.26,27.22,25.50,0.0,0.00,0.0,0.0,,0.0
161,22,6.00,9,15.90,26.85,25.20,0.0,0.00,0.0,0.0,,0.0
161,23,6.00,9,16.01,26.52,24.93,0.0,0.00,0.0,0.0,,0.0
161,24,6.00,9,15.85,26.20,24.66,0.0,0.00,0.0,0.0,,0.0
161,1,7.00,9,15.53,25.88,24.39,0.0,0.00,0.0,0.0,,0.0
161,2,7.00,9,15.44,25.58,24.13,0.0,0.00,0.0,0.0,,0.0
161,3,7.00,9,15.30,25.29,23.88,0.0,0.00,0.0,0.0,,0.0
161,4,7.00,9,15.20,25.00,23.64,0.0,0.00,0.0,0.0,,0.0
161,5,7.00,9,15.24,24.74,23.42,0.0,0.00,0.0,0.0,,0.0
161,6,7.00,9,15.36,24.50,23.21,0.0,0.00,0.0,0.0,,0.0
161,7,7.00,9,15.36,24.26,23.01,0.0,0.14,0.0,0.0,,0.0
161,8,7.00,9,15.46,25.22,24.12,0.0,9.79,0.0,0.0,,0.0
161,9,7.00,9,16.10,25.61,24.57,0.0,91.64,0.0,0.0,,0.0
161,10,7.00,9,17.92,26.13,25.14,0.0,210.75,0.0,0.0,,0.0
161,11,7.00,9,19.50,26.72,25.77,0.0,343.81,0.0,0.0,,0.0
161,12,7.00,9,20.26,27.25,25.81,-1336.34,456.20,0.0,0.0,,-1336.34
161,13,7.00,9,20.46,27.75,25.81,-2345.03,629.22,0.0,0.0,,-2345.03
161,14,7.00,9,20.68,28.24,25.81,-3230.59,654.68,0.0,0.0,,-3230.59
161,15,7.00,9,20.72,28.68,25.81,-3926.53,636.53,0.0,0.0,,-3926.53
161,16,7.00,9,20.64,29.05,25.81,-4405.9,566.15,0.0,0.0,,-4405.9
161,17,7.00,9,20.27,29.29,25.81,-4580.91,455.09,0.0,0.0,,-4580.91
161,18,7.00,9,19.71,29.40,25.81,-4477.35,309.19,0.0,0.0,,-4477.35
161,19,7.00,9,18.55,28.29,26.06,0.0,144.30,0.0,0.0,,0.0
161,20,7.00,9,17.82,27.75,25.89,0.0,0.00,0.0,0.0,,0.0
161,21,7.00,9,17.61,27.37,25.64,0.0,0.00,0.0,0.0,,0.0
161,22,7.00,9,17.64,27.05,25.39,0.0,0.00,0.0,0.0,,0.0
161,23,7.00,9,17.50,26.74,25.14,0.0,0.00,0.0,0.0,,0.0
161,24,7.00,9,17.35,26.45,24.90,0.0,0.00,0.0,0.0,,0.0
161,1,1.00,9,17.08,26.15,24.65,0.0,0.00,0.0,0.0,,0.0
161,2,1.00,9,17.10,25.88,24.42,0.0,0.00,0.0,0.0,,0.0
161,3,1.00,9,16.89,25.61,24.19,0.0,0.00,0.0,0.0,,0.0
161,4,1.00,9,16.56,25.34,23.96,0.0,0.00,0.0,0.0,,0.0
161,5,1.00,9,16.07,25.05,23.72,0.0,0.00,0.0,0.0,,0.0
161,6,1.00,9,15.96,24.80,23.50,0.0,0.00,0.0,0.0,,0.0
161,7,1.00,9,15.64,24.54,23.27,0.0,0.14,0.0,0.0,,0.0
161,8,1.00,9,15.47,25.43,24.33,0.0,9.79,0.0,0.0,,0.0
161,9,1.00,9,15.47,25.70,24.66,0.0,91.64,0.0,0.0,,0.0
161,10,1.00,9,16.77,26.10,25.10,0.0,210.75,0.0,0.0,,0.0
161,11,1.00,9,17.68,26.52,25.56,0.0,343.81,0.0,0.0,,0.0
161,12,1.00,9,18.23,26.94,25.81,-517.14,456.20,0.0,0.0,,-517.14
161,13,1.00,9,18.13,27.32,25.81,-1445.49,629.22,0.0,0.0,,-1445.49
161,14,1.00,9,18.51,27.76,25.81,-2336.26,654.68,0.0,0.0,,-2336.26
161,15,1.00,9,18.20,28.09,25.81,-2832.74,636.53,0.0,0.0,,-2832.74
161,16,1.00,9,18.37,28.42,25.81,-3365.66,566.15,0.0,0.0,,-3365.66
161,17,1.00,9,18.23,28.65,25.81,-3591.5,455.09,0.0,0.0,,-3591.5
161,18,1.00,9,17.79,28.74,25.81,-3508.0,309.19,0.0,0.0,,-3508.0
161,19,1.00,9,16.97,27.74,25.87,0.0,144.30,0.0,0.0,,0.0
161,20,1.00,9,16.23,27.22,25.63,0.0,0.00,0.0,0.0,,0.0
161,21,1.00,9,16.38,26.85,25.37,0.0,0.00,0.0,0.0,,0.0
161,22,1.00,9,16.35,26.53,25.10,0.0,0.00,0.0,0.0,,0.0
161,23,1.00,9,16.25,26.21,24.83,0.0,0.00,0.0,0.0,,0.0
161,24,1.00,9,16.21,25.91,24.57,0.0,0.00,0.0,0.0,,0.0
161,1,2.00,9,16.00,25.62,24.32,0.0,0.00,0.0,0.0,,0.0
161,2,2.00,9,15.99,25.34,24.08,0.0,0.00,0.0,0.0,,0.0
161,3,2.00,9,15.99,25.08,23.85,0.0,0.00,0.0,0.0,,0.0
161,4,2.00,9,16.17,24.84,23.64,0.0,0.00,0.0,0.0,,0.0
161,5,2.00,9,16.31,24.61,23.45,0.0,0.00,0.0,0.0,,0.0
161,6,2.00,9,16.76,24.42,23.29,0.0,0.00,0.0,0.0,,0.0
161,7,2.00,9,16.99,24.24,23.13,0.0,0.14,0.0,0.0,,0.0
161,8,2.00,9,17.10,25.39,24.42,0.0,9.79,0.0,0.0,,0.0
161,9,2.00,9,17.54,25.83,24.91,0.0,91.64,0.0,0.0,,0.0
161,10,2.00,9,18.32,26.23,25.35,0.0,210.75,0.0,0.0,,0.0
161,11,2.00,9,18.87,26.63,25.78,0.0,343.81,0.0,0.0,,0.0
161,12,2.00,9,19.35,27.07,25.81,-1124.97,456.20,0.0,0.0,,-1124.97
161,13,2.00,9,19.92,27.59,25.81,-2229.82,629.22,0.0,0.0,,-2229.82
161,14,2.00,9,20.30,28.10,25.81,-3146.15,654.68,0.0,0.0,,-3146.15
161,15,2.00,9,20.34,28.53,25.81,-3816.34,636.53,0.0,0.0,,-3816.34
161,16,2.00,9,20.25,28.89,25.81,-4270.95,566.15,0.0,0.0,,-4270.95
161,17,2.00,9,20.35,29.20,25.81,-4619.83,455.09,0.0,0.0,,-4619.83
161,18,2.00,9,19.67,29.30,25.81,-4458.45,309.19,0.0,0.0,,-4458.45
161,19,2.00,9,19.00,28.21,26.09,0.0,144.30,0.0,0.0,,0.0
161,20,2.00,9,18.14,27.68,25.92,0.0,0.00,0.0,0.0,,0.0
161,21,2.00,9,18.07,27.32,25.68,0.0,0.00,0.0,0.0,,0.0
161,22,2.00,9,17.96,27.00,25.43,0.0,0.00,0.0,0.0,,0.0
161,23,2.00,9,17.53,26.68,25.17,0.0,0.00,0.0,0.0,,0.0
161,24,2.00,9,17.37,26.38,24.91,0.0,0.00,0.0,0.0,,0.0
161,1,3.00,9,17.03,26.08,24.66,0.0,0.00,0.0,0.0,,0.0
161,2,3.00,9,17.07,25.81,24.43,0.0,0.00,0.0,0.0,,0.0
161,3,3.00,9,17.27,25.56,24.22,0.0,0.00,0.0,0.0,,0.0
161,4,3.00,9,17.18,25.32,24.01,0.0,0.00,0.0,0.0,,0.0
161,5,3.00,9,17.33,25.09,23.83,0.0,0.00,0.0,0.0,,0.0
161,6,3.00,9,17.21,24.87,23.64,0.0,0.00,0.0,0.0,,0.0
161,7,3.00,9,16.04,24.58,23.38,0.0,0.14,0.0,0.0,,0.0
161,8,3.00,9,15.93,26.69,25.52,0.0,9.79,0.0,0.0,,0.0
161,9,3.00,9,16.27,27.42,26.29,0.0,91.64,0.0,0.0,,0.0
161,10,3.00,9,17.72,27.96,26.85,0.0,210.75,0.0,0.0,,0.0
161,11,3.00,9,18.33,28.46,27.38,0.0,343.81,0.0,0.0,,0.0
161,12,3.00,9,18.80,28.97,27.92,0.0,456.20,0.0,0.0,,0.0
161,13,3.00,9,19.58,29.59,28.56,0.0,629.22,0.0,0.0,,0.0
161,14,3.00,9,20.13,30.21,29.21,0.0,654.68,0.0,0.0,,0.0
161,15,3.00,9,20.40,30.79,29.82,0.0,636.53,0.0,0.0,,0.0
161,16,3.00,9,20.14,31.29,30.34,0.0,566.15,0.0,0.0,,0.0
161,17,3.00,9,19.80,31.70,30.77,0.0,455.09,0.0,0.0,,0.0
161,18,3.00,9,19.25,31.99,31.08,0.0,309.19,0.0,0.0,,0.0
161,19,3.00,9,18.28,29.78,28.89,0.0,144.30,0.0,0.0,,0.0
161,20,3.00,9,17.62,28.95,28.08,0.0,0.00,0.0,0.0,,0.0
161,21,3.00,9,17.37,28.45,27.60,0.0,0.00,0.0,0.0,,0.0
161,22,3.00,9,17.20,28.05,27.22,0.0,0.00,0.0,0.0,,0.0
161,23,3.00,9,17.03,27.68,26.86,0.0,0.00,0.0,0.0,,0.0
161,24,3.00,9,16.68,27.31,26.51,0.0,0.00,0.0,0.0,,0.0
161,1,4.00,9,16.40,26.96,26.18,0.0,0.00,0.0,0.0,,0.0
161,2,4.00,9,15.94,26.61,25.84,0.0,0.00,0.0,0.0,,0.0
161,3,4.00,9,15.55,26.26,25.50,0.0,0.00,0.0,0.0,,0.0
161,4,4.00,9,15.40,25.93,25.19,0.0,0.00,0.0,0.0,,0.0
161,5,4.00,9,15.07,25.61,24.88,0.0,0.00,0.0,0.0,,0.0
161,6,4.00,9,15.22,25.32,24.60,0.0,0.00,0.0,0.0,,0.0
161,7,4.00,9,15.29,25.04,24.34,0.0,0.14,0.0,0.0,,0.0
161,8,4.00,9,15.51,27.15,26.46,0.0,9.79,0.0,0.0,,0.0
161,9,4.00,9,16.02,27.87,27.19,0.0,91.64,0.0,0.0,,0.0
161,10,4.00,9,17.07,28.36,27.70,0.0,210.75,0.0,0.0,,0.0
161,11,4.00,9,17.67,28.82,28.17,0.0,343.81,0.0,0.0,,0.0
161,12,4.00,9,18.31,29.32,28.68,0.0,456.20,0.0,0.0,,0.0
161,13,4.00,9,18.68,29.89,29.25,0.0,629.22,0.0,0.0,,0.0
161,14,4.00,9,18.88,30.45,29.82,0.0,654.68,0.0,0.0,,0.0
161,15,4.00,9,18.71,30.96,30.35,0.0,636.53,0.0,0.0,,0.0
161,16,4.00,9,18.70,31.43,30.82,0.0,566.15,0.0,0.0,,0.0
161,17,4.00,9,18.43,31.80,31.20,0.0,455.09,0.0,0.0,,0.0
161,18,4.00,9,18.07,32.07,31.48,0.0,309.19,0.0,0.0,,0.0
161,19,4.00,9,16.98,29.82,29.24,0.0,144.30,0.0,0.0,,0.0
161,20,4.00,9,16.25,28.95,28.38,0.0,0.00,0.0,0.0,,0.0
161,21,4.00,9,16.02,28.43,27.86,0.0,0.00,0.0,0.0,,0.0
161,22,4.00,9,16.10,28.01,27.45,0.0,0.00,0.0,0.0,,0.0
161,23,4.00,9,16.01,27.63,27.07,0.0,0.00,0.0,0.0,,0.0
161,24,4.00,9,15.85,27.25,26.71,0.0,0.00,0.0,0.0,,0.0
161,1,5.00,9,15.48,26.88,26.34,0.0,0.00,0.0,0.0,,0.0
161,2,5.00,9,15.28,26.52,25.99,0.0,0.00,0.0,0.0,,0.0
161,3,5.00,9,15.08,26.18,25.65,0.0,0.00,0.0,0.0,,0.0
161,4,5.00,9,15.08,25.86,25.34,0.0,0.00,0.0,0.0,,0.0
161,5,5.00,9,14.90,25.54,25.03,0.0,0.00,0.0,0.0,,0.0
161,6,5.00,9,15.50,25.29,24.78,0.0,0.00,0.0,0.0,,0.0
161,7,5.00,9,15.71,25.03,24.53,0.0,0.14,0.0,0.0,,0.0
161,8,5.00,9,15.97,25.95,25.50,0.0,9.79,0.0,0.0,,0.0
161,9,5.00,9,16.39,26.28,25.81,-88.49,91.64,0.0,0.0,,-88.49
161,10,5.00,9,17.26,26.62,25.81,-969.79,210.75,0.0,0.0,,-969.79
161,11,5.00,9,17.88,26.98,25.81,-1654.76,343.81,0.0,0.0,,-1654.76
161,12,5.00,9,18.60,27.40,25.81,-2440.95,456.20,0.0,0.0,,-2440.95
161,13,5.00,9,18.87,27.83,25.81,-3172.11,629.22,0.0,0.0,,-3172.11
161,14,5.00,9,19.13,28.26,25.81,-3837.47,654.68,0.0,0.0,,-3837.47
161,15,5.00,9,19.13,28.64,25.81,-4313.5,636.53,0.0,0.0,,-4313.5
161,16,5.00,9,19.05,28.94,25.81,-4619.34,566.15,0.0,0.0,,-4619.34
161,17,5.00,9,18.90,29.17,25.81,-4734.06,455.09,0.0,0.0,,-4734.06
161,18,5.00,9,18.56,29.27,25.81,-4596.03,309.19,0.0,0.0,,-4596.03
161,19,5.00,9,17.40,28.23,26.19,0.0,144.30,0.0,0.0,,0.0
161,20,5.00,9,16.59,27.68,26.02,0.0,0.00,0.0,0.0,,0.0
161,21,5.00,9,16.20,27.27,25.73,0.0,0.00,0.0,0.0,,0.0
161,22,5.00,9,16.18,26.91,25.44,0.0,0.00,0.0,0.0,,0.0
161,23,5.00,9,15.99,26.57,25.15,0.0,0.00,0.0,0.0,,0.0
161,24,5.00,9,16.07,26.26,24.89,0.0,0.00,0.0,0.0,,0.0
161,1,6.00,9,15.80,25.94,24.61,0.0,0.00,0.0,0.0,,0.0
161,2,6.00,9,15.42,25.62,24.33,0.0,0.00,0.0,0.0,,0.0
161,3,6.00,9,15.21,25.32,24.07,0.0,0.00,0.0,0.0,,0.0
161,4,6.00,9,15.18,25.03,23.82,0.0,0.00,0.0,0.0,,0.0
161,5,6.00,9,14.91,24.75,23.57,0.0,0.00,0.0,0.0,,0.0
161,6,6.00,9,15.01,24.49,23.34,0.0,0.00,0.0,0.0,,0.0
161,7,6.00,9,14.79,24.23,23.11,0.0,0.14,0.0,0.0,,0.0
161,8,6.00,9,14.98,25.12,24.15,0.0,9.79,0.0,0.0,,0.0
161,9,6.00,9,14.82,25.36,24.44,0.0,91.64,0.0,0.0,,0.0
161,10,6.00,9,15.64,25.67,24.79,0.0,210.75,0.0,0.0,,0.0
161,11,6.00,9,16.85,26.10,25.26,0.0,343.81,0.0,0.0,,0.0
161,12,6.00,9,18.30,26.66,25.81,-91.89,456.20,0.0,0.0,,-91.89
161,13,6.00,9,18.71,27.16,25.81,-1439.11,629.22,0.0,0.0,,-1439.11
161,14,6.00,9,18.99,27.64,25.81,-2333.77,654.68,0.0,0.0,,-2333.77
161,15,6.00,9,18.95,28.03,25.81,-2980.87,636.53,0.0,0.0,,-2980.87
161,16,6.00,9,18.99,28.38,25.81,-3498.89,566.15,0.0,0.0,,-3498.89
161,17,6.00,9,18.74,28.62,25.81,-3713.94,455.09,0.0,0.0,,-3713.94
161,18,6.00,9,18.52,28.76,25.81,-3748.19,309.19,0.0,0.0,,-3748.19
161,19,6.00,9,17.20,27.68,25.87,0.0,144.30,0.0,0.0,,0.0
161,20,6.00,9,16.00,27.12,25.61,0.0,0.00,0.0,0.0,,0.0
161,21,6.00,9,15.61,26.71,25.30,0.0,0.00,0.0,0.0,,0.0
161,22,6.00,9,15.75,26.37,25.02,0.0,0.00,0.0,0.0,,0.0
161,23,6.00,9,15.79,26.05,24.75,0.0,0.00,0.0,0.0,,0.0
161,24,6.00,9,15.58,25.74,24.48,0.0,0.00,0.0,0.0,,0.0
161,1,7.00,9,15.51,25.44,24.21,0.0,0.00,0.0,0.0,,0.0
161,2,7.00,9,15.29,25.14,23.95,0.0,0.00,0.0,0.0,,0.0
161,3,7.00,9,15.07,24.85,23.70,0.0,0.00,0.0,0.0,,0.0
161,4,7.00,9,15.01,24.58,23.46,0.0,0.00,0.0,0.0,,0.0
161,5,7.00,9,14.98,24.32,23.23,0.0,0.00,0.0,0.0,,0.0
161,6,7.00,9,15.06,24.08,23.02,0.0,0.00,0.0,0.0,,0.0
161,7,7.00,9,15.10,23.86,22.82,0.0,0.14,0.0,0.0,,0.0
161,8,7.00,9,15.59,24.89,23.98,0.0,9.79,0.0,0.0,,0.0
161,9,7.00,9,16.19,25.30,24.44,0.0,91.64,0.0,0.0,,0.0
161,10,7.00,9,17.12,25.70,24.88,0.0,210.75,0.0,0.0,,0.0
161,11,7.00,9,18.14,26.17,25.37,0.0,343.81,0.0,0.0,,0.0
161,12,7.00,9,18.88,26.65,25.81,-191.12,456.20,0.0,0.0,,-191.12
161,13,7.00,9,19.16,27.14,25.81,-1459.63,629.22,0.0,0.0,,-1459.63
161,14,7.00,9,19.31,27.60,25.81,-2328.21,654.68,0.0,0.0,,-2328.21
161,15,7.00,9,19.31,28.01,25.81,-3017.29,636.53,0.0,0.0,,-3017.29
161,16,7.00,9,19.16,28.34,25.81,-3474.24,566.15,0.0,0.0,,-3474.24
161,17,7.00,9,18.89,28.57,25.81,-3696.18,455.09,0.0,0.0,,-3696.18
161,18,7.00,9,18.55,28.70,25.81,-3689.52,309.19,0.0,0.0,,-3689.52
161,19,7.00,9,17.70,27.65,25.88,0.0,144.30,0.0,0.0,,0.0
161,20,7.00,9,17.28,27.15,25.67,0.0,0.00,0.0,0.0,,0.0
161,21,7.00,9,17.11,26.78,25.41,0.0,0.00,0.0,0.0,,0.0
161,22,7.00,9,17.01,26.46,25.15,0.0,0.00,0.0,0.0,,0.0
161,23,7.00,9,16.77,26.15,24.88,0.0,0.00,0.0,0.0,,0.0
161,24,7.00,9,16.65,25.86,24.63,0.0,0.00,0.0,0.0,,0.0
161,1,1.00,10,16.56,25.58,24.38,0.0,0.00,0.0,0.0,,0.0
161,2,1.00,10,16.16,25.29,24.13,0.0,0.00,0.0,0.0,,0.0
161,3,1.00,10,16.10,25.02,23.89,0.0,0.00,0.0,0.0,,0.0
161,4,1.00,10,16.22,24.78,23.68,0.0,0.00,0.0,0.0,,0.0
161,5,1.00,10,16.18,24.54,23.47,0.0,0.00,0.0,0.0,,0.0
161,6,1.00,10,16.21,24.32,23.27,0.0,0.00,0.0,0.0,,0.0
161,7,1.00,10,16.02,24.09,23.07,0.0,0.00,0.0,0.0,,0.0
161,8,1.00,10,16.07,25.13,24.24,0.0,23.91,0.0,0.0,,0.0
161,9,1.00,10,16.49,25.53,24.69,0.0,73.88,0.0,0.0,,0.0
161,10,1.00,10,17.54,25.95,25.14,0.0,124.81,0.0,0.0,,0.0
161,11,1.00,10,18.41,26.40,25.62,0.0,213.56,0.0,0.0,,0.0
161,12,1.00,10,19.20,26.92,25.68,-1274.71,325.58,0.0,0.0,,-1274.71
161,13,1.00,10,19.68,27.44,25.68,-2310.35,384.64,0.0,0.0,,-2310.35
161,14,1.00,10,19.74,27.89,25.68,-3078.51,401.41,0.0,0.0,,-3078.51
161,15,1.00,10,19.65,28.28,25.68,-3673.0,383.46,0.0,0.0,,-3673.0
161,16,1.00,10,19.21,28.57,25.68,-3971.19,325.43,0.0,0.0,,-3971.19
161,17,1.00,10,18.62,28.74,25.68,-4019.48,230.95,0.0,0.0,,-4019.48
161,18,1.00,10,18.08,28.81,25.68,-3888.54,115.15,0.0,0.0,,-3888.54
161,19,1.00,10,16.96,27.79,25.85,0.0,52.75,0.0,0.0,,0.0
161,20,1.00,10,16.29,27.28,25.65,0.0,0.00,0.0,0.0,,0.0
161,21,1.00,10,15.78,26.87,25.35,0.0,0.00,0.0,0.0,,0.0
161,22,1.00,10,15.22,26.48,25.03,0.0,0.00,0.0,0.0,,0.0
161,23,1.00,10,14.94,26.11,24.71,0.0,0.00,0.0,0.0,,0.0
161,24,1.00,10,14.93,25.78,24.43,0.0,0.00,0.0,0.0,,0.0
161,1,2.00,10,14.73,25.45,24.14,0.0,0.00,0.0,0.0,,0.0
161,2,2.00,10,14.70,25.15,23.87,0.0,0.00,0.0,0.0,,0.0
161,3,2.00,10,14.41,24.84,23.60,0.0,0.00,0.0,0.0,,0.0
161,4,2.00,10,14.23,24.54,23.33,0.0,0.00,0.0,0.0,,0.0
161,5,2.00,10,14.40,24.27,23.10,0.0,0.00,0.0,0.0,,0.0
161,6,2.00,10,14.52,24.02,22.88,0.0,0.00,0.0,0.0,,0.0
161,7,2.00,10,14.55,23.78,22.67,0.0,0.00,0.0,0.0,,0.0
161,8,2.00,10,14.86,24.73,23.76,0.0,23.91,0.0,0.0,,0.0
161,9,2.00,10,15.62,25.14,24.23,0.0,73.88,0.0,0.0,,0.0
161,10,2.00,10,16.95,25.60,24.72,0.0,124.81,0.0,0.0,,0.0
161,11,2.00,10,18.39,26.15,25.30,0.0,213.56,0.0,0.0,,0.0
161,12,2.00,10,19.43,26.73,25.68,-630.19,325.58,0.0,0.0,,-630.19
161,13,2.00,10,19.54,27.22,25.68,-1770.67,384.64,0.0,0.0,,-1770.67
161,14,2.00,10,19.49,27.65,25.68,-2558.31,401.41,0.0,0.0,,-2558.31
161,15,2.00,10,19.51,28.06,25.68,-3244.91,383.46,0.0,0.0,,-3244.91
161,16,2.00,10,19.41,28.41,25.68,-3732.43,325.43,0.0,0.0,,-3732.43
161,17,2.00,10,19.02,28.63,25.68,-3906.22,230.95,0.0,0.0,,-3906.22
161,18,2.00,10,18.53,28.74,25.68,-3840.54,115.15,0.0,0.0,,-3840.54
161,19,2.00,10,17.34,27.68,25.79,0.0,52.75,0.0,0.0,,0.0
161,20,2.00,10,16.59,27.17,25.59,0.0,0.00,0.0,0.0,,0.0
161,21,2.00,10,16.50,26.79,25.32,0.0,0.00,0.0,0.0,,0.0
161,22,2.00,10,16.64,26.47,25.06,0.0,0.00,0.0,0.0,,0.0
161,23,2.00,10,16.57,26.16,24.80,0.0,0.00,0.0,0.0,,0.0
161,24,2.00,10,16.46,25.86,24.54,0.0,0.00,0.0,0.0,,0.0
161,1,3.00,10,16.36,25.57,24.29,0.0,0.00,0.0,0.0,,0.0
161,2,3.00,10,16.16,25.29,24.04,0.0,0.00,0.0,0.0,,0.0
161,3,3.00,10,15.85,25.00,23.80,0.0,0.00,0.0,0.0,,0.0
161,4,3.00,10,15.86,24.75,23.57,0.0,0.00,0.0,0.0,,0.0
161,5,3.00,10,15.76,24.49,23.35,0.0,0.00,0.0,0.0,,0.0
161,6,3.00,10,15.99,24.27,23.16,0.0,0.00,0.0,0.0,,0.0
161,7,3.00,10,15.82,24.04,22.96,0.0,0.00,0.0,0.0,,0.0
161,8,3.00,10,16.46,26.23,25.18,0.0,23.91,0.0,0.0,,0.0
161,9,3.00,10,16.73,27.00,25.98,0.0,73.88,0.0,0.0,,0.0
161,10,3.00,10,17.25,27.51,26.51,0.0,124.81,0.0,0.0,,0.0
161,11,3.00,10,17.80,28.01,27.04,0.0,213.56,0.0,0.0,,0.0
161,12,3.00,10,18.40,28.58,27.63,0.0,325.58,0.0,0.0,,0.0
161,13,3.00,10,18.59,29.15,28.23,0.0,384.64,0.0,0.0,,0.0
161,14,3.00,10,18.82,29.74,28.83,0.0,401.41,0.0,0.0,,0.0
161,15,3.00,10,18.83,30.29,29.40,0.0,383.46,0.0,0.0,,0.0
161,16,3.00,10,18.93,30.79,29.93,0.0,325.43,0.0,0.0,,0.0
161,17,3.00,10,18.65,31.20,30.35,0.0,230.95,0.0,0.0,,0.0
161,18,3.00,10,18.00,31.47,30.65,0.0,115.15,0.0,0.0,,0.0
161,19,3.00,10,16.90,29.27,28.46,0.0,52.75,0.0,0.0,,0.0
161,20,3.00,10,16.37,28.45,27.66,0.0,0.00,0.0,0.0,,0.0
161,21,3.00,10,16.14,27.95,27.17,0.0,0.00,0.0,0.0,,0.0
161,22,3.00,10,16.33,27.56,26.80,0.0,0.00,0.0,0.0,,0.0
161,23,3.00,10,16.37,27.20,26.46,0.0,0.00,0.0,0.0,,0.0
161,24,3.00,10,16.25,26.85,26.12,0.0,0.00,0.0,0.0,,0.0
161,1,4.00,10,16.02,26.50,25.79,0.0,0.00,0.0,0.0,,0.0
161,2,4.00,10,16.00,26.18,25.48,0.0,0.00,0.0,0.0,,0.0
161,3,4.00,10,15.61,25.85,25.17,0.0,0.00,0.0,0.0,,0.0
161,4,4.00,10,15.74,25.56,24.89,0.0,0.00,0.0,0.0,,0.0
161,5,4.00,10,15.69,25.28,24.61,0.0,0.00,0.0,0.0,,0.0
161,6,4.00,10,16.15,25.03,24.38,0.0,0.00,0.0,0.0,,0.0
161,7,4.00,10,15.75,24.76,24.12,0.0,0.00,0.0,0.0,,0.0
161,8,4.00,10,16.00,26.90,26.27,0.0,23.91,0.0,0.0,,0.0
161,9,4.00,10,15.86,27.60,26.98,0.0,73.88,0.0,0.0,,0.0
161,10,4.00,10,16.81,28.09,27.48,0.0,124.81,0.0,0.0,,0.0
161,11,4.00,10,17.65,28.58,27.98,0.0,213.56,0.0,0.0,,0.0
161,12,4.00,10,18.51,29.14,28.55,0.0,325.58,0.0,0.0,,0.0
161,13,4.00,10,18.68,29.70,29.12,0.0,384.64,0.0,0.0,,0.0
161,14,4.00,10,18.94,30.26,29.69,0.0,401.41,0.0,0.0,,0.0
161,15,4.00,10,18.85,30.79,30.23,0.0,383.46,0.0,0.0,,0.0
161,16,4.00,10,18.78,31.26,30.71,0.0,325.43,0.0,0.0,,0.0
161,17,4.00,10,18.55,31.65,31.10,0.0,230.95,0.0,0.0,,0.0
161,18,4.00,10,18.05,31.92,31.38,0.0,115.15,0.0,0.0,,0.0
161,19,4.00,10,16.90,29.69,29.16,0.0,52.75,0.0,0.0,,0.0
161,20,4.00,10,16.09,28.84,28.31,0.0,0.00,0.0,0.0,,0.0
161,21,4.00,10,16.05,28.32,27.81,0.0,0.00,0.0,0.0,,0.0
161,22,4.00,10,15.90,27.90,27.38,0.0,0.00,0.0,0.0,,0.0
161,23,4.00,10,15.86,27.51,27.00,0.0,0.00,0.0,0.0,,0.0
161,24,4.00,10,15.73,27.13,26.63,0.0,0.00,0.0,0.0,,0.0
161,1,5.00,10,15.49,26.76,26.27,0.0,0.00,0.0,0.0,,0.0
161,2,5.00,10,15.25,26.41,25.92,0.0,0.00,0.0,0.0,,0.0
161,3,5.00,10,15.06,26.06,25.58,0.0,0.00,0.0,0.0,,0.0
161,4,5.00,10,15.11,25.74,25.27,0.0,0.00,0.0,0.0,,0.0
161,5,5.00,10,15.12,25.44,24.97,0.0,0.00,0.0,0.0,,0.0
161,6,5.00,10,15.27,25.16,24.69,0.0,0.00,0.0,0.0,,0.0
161,7,5.00,10,15.16,24.88,24.42,0.0,0.00,0.0,0.0,,0.0
161,8,5.00,10,15.27,25.72,25.31,0.0,23.91,0.0,0.0,,0.0
161,9,5.00,10,15.75,26.04,25.64,0.0,73.88,0.0,0.0,,0.0
161,10,5.00,10,17.09,26.45,25.68,-981.49,124.81,0.0,0.0,,-981.49
161,11,5.00,10,18.33,26.92,25.68,-1958.19,213.56,0.0,0.0,,-1958.19
161,12,5.00,10,19.32,27.45,25.68,-2941.94,325.58,0.0,0.0,,-2941.94
161,13,5.00,10,19.27,27.87,25.68,-3517.1,384.64,0.0,0.0,,-3517.1
161,14,5.00,10,19.36,28.28,25.68,-4110.85,401.41,0.0,0.0,,-4110.85
161,15,5.00,10,19.25,28.63,25.68,-4532.53,383.46,0.0,0.0,,-4532.53
161,16,5.00,10,19.09,28.93,25.68,-4805.29,325.43,0.0,0.0,,-4805.29
161,17,5.00,10,18.64,29.10,25.68,-4790.98,230.95,0.0,0.0,,-4790.98
161,18,5.00,10,18.27,29.19,25.68,-4633.11,115.15,0.0,0.0,,-4633.11
161,19,5.00,10,16.94,28.17,26.09,0.0,52.75,0.0,0.0,,0.0
161,20,5.00,10,16.06,27.63,25.93,0.0,0.00,0.0,0.0,,0.0
161,21,5.00,10,15.56,27.20,25.63,0.0,0.00,0.0,0.0,,0.0
161,22,5.00,10,15.41,26.82,25.32,0.0,0.00,0.0,0.0,,0.0
161,23,5.00,10,15.36,26.47,25.02,0.0,0.00,0.0,0.0,,0.0
161,24,5.00,10,15.55,26.14,24.75,0.0,0.00,0.0,0.0,,0.0
161,1,6.00,10,15.39,25.82,24.47,0.0,0.00,0.0,0.0,,0.0
161,2,6.00,10,15.17,25.50,24.20,0.0,0.00,0.0,0.0,,0.0
161,3,6.00,10,15.20,25.21,23.95,0.0,0.00,0.0,0.0,,0.0
161,4,6.00,10,15.24,24.93,23.71,0.0,0.00,0.0,0.0,,0.0
161,5,6.00,10,15.15,24.66,23.47,0.0,0.00,0.0,0.0,,0.0
161,6,6.00,10,15.24,24.41,23.25,0.0,0.00,0.0,0.0,,0.0
161,7,6.00,10,15.06,24.15,23.03,0.0,0.00,0.0,0.0,,0.0
161,8,6.00,10,15.15,25.08,24.10,0.0,23.91,0.0,0.0,,0.0
161,9,6.00,10,15.63,25.44,24.51,0.0,73.88,0.0,0.0,,0.0
161,10,6.00,10,16.85,25.85,24.97,0.0,124.81,0.0,0.0,,0.0
161,11,6.00,10,18.00,26.33,25.49,0.0,213.56,0.0,0.0,,0.0
161,12,6.00,10,19.09,26.90,25.68,-1041.01,325.58,0.0,0.0,,-1041.01
161,13,6.00,10,19.37,27.39,25.68,-2083.3,384.64,0.0,0.0,,-2083.3
161,14,6.00,10,19.52,27.84,25.68,-2901.01,401.41,0.0,0.0,,-2901.01
161,15,6.00,10,19.67,28.27,25.68,-3601.83,383.46,0.0,0.0,,-3601.83
161,16,6.00,10,19.31,28.57,25.68,-3945.22,325.43,0.0,0.0,,-3945.22
161,17,6.00,10,18.71,28.75,25.68,-4001.08,230.95,0.0,0.0,,-4001.08
161,18,6.00,10,18.10,28.81,25.68,-3853.72,115.15,0.0,0.0,,-3853.72
161,19,6.00,10,16.84,27.78,25.82,0.0,52.75,0.0,0.0,,0.0
161,20,6.00,10,15.96,27.25,25.61,0.0,0.00,0.0,0.0,,0.0
161,21,6.00,10,15.45,26.83,25.30,0.0,0.00,0.0,0.0,,0.0
161,22,6.00,10,15.19,26.45,24.99,0.0,0.00,0.0,0.0,,0.0
161,23,6.00,10,14.85,26.09,24.68,0.0,0.00,0.0,0.0,,0.0
161,24,6.00,10,14.57,25.73,24.37,0.0,0.00,0.0,0.0,,0.0
161,1,7.00,10,14.23,25.39,24.06,0.0,0.00,0.0,0.0,,0.0
161,2,7.00,10,13.84,25.04,23.76,0.0,0.00,0.0,0.0,,0.0
161,3,7.00,10,13.61,24.72,23.47,0.0,0.00,0.0,0.0,,0.0
161,4,7.00,10,13.50,24.41,23.20,0.0,0.00,0.0,0.0,,0.0
161,5,7.00,10,13.28,24.10,22.93,0.0,0.00,0.0,0.0,,0.0
161,6,7.00,10,13.72,23.85,22.71,0.0,0.00,0.0,0.0,,0.0
161,7,7.00,10,13.96,23.61,22.50,0.0,0.00,0.0,0.0,,0.0
161,8,7.00,10,14.19,24.50,23.53,0.0,23.91,0.0,0.0,,0.0
161,9,7.00,10,14.46,24.81,23.90,0.0,73.88,0.0,0.0,,0.0
161,10,7.00,10,15.46,25.18,24.30,0.0,124.81,0.0,0.0,,0.0
161,11,7.00,10,16.87,25.67,24.83,0.0,213.56,0.0,0.0,,0.0
161,12,7.00,10,18.22,26.28,25.47,0.0,325.58,0.0,0.0,,0.0
161,13,7.00,10,19.04,26.86,25.68,-1025.62,384.64,0.0,0.0,,-1025.62
161,14,7.00,10,19.43,27.38,25.68,-2153.6,401.41,0.0,0.0,,-2153.6
161,15,7.00,10,19.40,27.81,25.68,-2872.12,383.46,0.0,0.0,,-2872.12
161,16,7.00,10,19.25,28.15,25.68,-3379.19,325.43,0.0,0.0,,-3379.19
161,17,7.00,10,19.12,28.43,25.68,-3694.45,230.95,0.0,0.0,,-3694.45
161,18,7.00,10,18.51,28.53,25.68,-3615.93,115.15,0.0,0.0,,-3615.93
161,19,7.00,10,17.50,27.48,25.72,0.0,52.75,0.0,0.0,,0.0
161,20,7.00,10,16.83,26.97,25.51,0.0,0.00,0.0,0.0,,0.0
161,21,7.00,10,16.76,26.61,25.25,0.0,0.00,0.0,0.0,,0.0
161,22,7.00,10,16.45,26.28,24.97,0.0,0.00,0.0,0.0,,0.0
161,23,7.00,10,16.16,25.95,24.69,0.0,0.00,0.0,0.0,,0.0
161,24,7.00,10,15.89,25.64,24.41,0.0,0.00,0.0,0.0,,0.0
161,1,1.00,10,15.99,25.35,24.17,0.0,0.00,0.0,0.0,,0.0
161,2,1.00,10,16.11,25.09,23.94,0.0,0.00,0.0,0.0,,0.0
161,3,1.00,10,16.14,24.84,23.72,0.0,0.00,0.0,0.0,,0.0
161,4,1.00,10,16.09,24.59,23.50,0.0,0.00,0.0,0.0,,0.0
161,5,1.00,10,16.04,24.35,23.29,0.0,0.00,0.0,0.0,,0.0
161,6,1.00,10,16.27,24.14,23.11,0.0,0.00,0.0,0.0,,0.0
161,7,1.00,10,16.14,23.92,22.92,0.0,0.00,0.0,0.0,,0.0
161,8,1.00,10,16.26,25.01,24.13,0.0,23.91,0.0,0.0,,0.0
161,9,1.00,10,16.37,25.37,24.54,0.0,73.88,0.0,0.0,,0.0
161,10,1.00,10,17.38,25.78,24.98,0.0,124.81,0.0,0.0,,0.0
161,11,1.00,10,17.99,26.19,25.42,0.0,213.56,0.0,0.0,,0.0
161,12,1.00,10,18.60,26.67,25.68,-642.37,325.58,0.0,0.0,,-642.37
161,13,1.00,10,19.02,27.15,25.68,-1783.32,384.64,0.0,0.0,,-1783.32
161,14,1.00,10,19.51,27.66,25.68,-2742.43,401.41,0.0,0.0,,-2742.43
161,15,1.00,10,19.37,28.06,25.68,-3336.19,383.46,0.0,0.0,,-3336.19
161,16,1.00,10,19.27,28.39,25.68,-3795.8,325.43,0.0,0.0,,-3795.8
161,17,1.00,10,19.14,28.65,25.68,-4052.91,230.95,0.0,0.0,,-4052.91
161,18,1.00,10,19.10,28.84,25.68,-4155.68,115.15,0.0,0.0,,-4155.68
161,19,1.00,10,17.87,27.75,25.86,0.0,52.75,0.0,0.0,,0.0
161,20,1.00,10,17.05,27.23,25.67,0.0,0.00,0.0,0.0,,0.0
161,21,1.00,10,16.81,26.85,25.40,0.0,0.00,0.0,0.0,,0.0
161,22,1.00,10,16.62,26.51,25.12,0.0,0.00,0.0,0.0,,0.0
161,23,1.00,10,16.51,26.19,24.85,0.0,0.00,0.0,0.0,,0.0
161,24,1.00,10,16.76,25.91,24.61,0.0,0.00,0.0,0.0,,0.0
161,1,2.00,10,16.56,25.62,24.36,0.0,0.00,0.0,0.0,,0.0
161,2,2.00,10,16.42,25.34,24.11,0.0,0.00,0.0,0.0,,0.0
161,3,2.00,10,16.70,25.09,23.91,0.0,0.00,0.0,0.0,,0.0
161,4,2.00,10,16.92,24.87,23.71,0.0,0.00,0.0,0.0,,0.0
161,5,2.00,10,17.00,24.64,23.53,0.0,0.00,0.0,0.0,,0.0
161,6,2.00,10,16.95,24.43,23.34,0.0,0.00,0.0,0.0,,0.0
161,7,2.00,10,16.81,24.21,23.15,0.0,0.00,0.0,0.0,,0.0
161,8,2.00,10,17.21,25.38,24.46,0.0,23.91,0.0,0.0,,0.0
161,9,2.00,10,17.78,25.85,24.97,0.0,73.88,0.0,0.0,,0.0
161,10,2.00,10,18.56,26.26,25.42,0.0,124.81,0.0,0.0,,0.0
161,11,2.00,10,19.14,26.68,25.68,-501.82,213.56,0.0,0.0,,-501.82
161,12,2.00,10,19.66,27.16,25.68,-1668.16,325.58,0.0,0.0,,-1668.16
161,13,2.00,10,19.70,27.59,25.68,-2468.36,384.64,0.0,0.0,,-2468.36
161,14,2.00,10,19.62,28.00,25.68,-3155.18,401.41,0.0,0.0,,-3155.18
161,15,2.00,10,19.63,28.39,25.68,-3761.02,383.46,0.0,0.0,,-3761.02
161,16,2.00,10,19.66,28.74,25.68,-4233.16,325.43,0.0,0.0,,-4233.16
161,17,2.00,10,19.50,28.99,25.68,-4446.33,230.95,0.0,0.0,,-4446.33
161,18,2.00,10,19.24,29.14,25.68,-4433.39,115.15,0.0,0.0,,-4433.39
161,19,2.00,10,18.01,28.05,25.95,0.0,52.75,0.0,0.0,,0.0
161,20,2.00,10,17.20,27.53,25.78,0.0,0.00,0.0,0.0,,0.0
161,21,2.00,10,16.78,27.12,25.50,0.0,0.00,0.0,0.0,,0.0
161,22,2.00,10,16.81,26.78,25.23,0.0,0.00,0.0,0.0,,0.0
161,23,2.00,10,16.84,26.46,24.97,0.0,0.00,0.0,0.0,,0.0
161,24,2.00,10,16.88,26.17,24.72,0.0,0.00,0.0,0.0,,0.0
161,1,3.00,10,16.63,25.86,24.46,0.0,0.00,0.0,0.0,,0.0
161,2,3.00,10,16.48,25.57,24.21,0.0,0.00,0.0,0.0,,0.0
161,3,3.00,10,16.38,25.29,23.98,0.0,0.00,0.0,0.0,,0.0
161,4,3.00,10,16.28,25.03,23.75,0.0,0.00,0.0,0.0,,0.0
161,5,3.00,10,16.05,24.76,23.52,0.0,0.00,0.0,0.0,,0.0
161,6,3.00,10,16.03,24.51,23.31,0.0,0.00,0.0,0.0,,0.0
161,7,3.00,10,15.81,24.26,23.09,0.0,0.00,0.0,0.0,,0.0
161,8,3.00,10,16.19,26.42,25.28,0.0,23.91,0.0,0.0,,0.0
161,9,3.00,10,16.60,27.18,26.08,0.0,73.88,0.0,0.0,,0.0
161,10,3.00,10,17.90,27.73,26.65,0.0,124.81,0.0,0.0,,0.0
161,11,3.00,10,18.81,28.26,27.22,0.0,213.56,0.0,0.0,,0.0
161,12,3.00,10,19.33,28.84,27.82,0.0,325.58,0.0,0.0,,0.0
161,13,3.00,10,19.83,29.45,28.45,0.0,384.64,0.0,0.0,,0.0
161,14,3.00,10,19.76,30.03,29.06,0.0,401.41,0.0,0.0,,0.0
161,15,3.00,10,19.79,30.59,29.64,0.0,383.46,0.0,0.0,,0.0
161,16,3.00,10,19.81,31.09,30.17,0.0,325.43,0.0,0.0,,0.0
161,17,3.00,10,19.70,31.51,30.61,0.0,230.95,0.0,0.0,,0.0
161,18,3.00,10,19.27,31.82,30.94,0.0,115.15,0.0,0.0,,0.0
161,19,3.00,10,18.32,29.63,28.78,0.0,52.75,0.0,0.0,,0.0
161,20,3.00,10,17.68,28.82,27.99,0.0,0.00,0.0,0.0,,0.0
161,21,3.00,10,17.32,28.33,27.51,0.0,0.00,0.0,0.0,,0.0
161,22,3.00,10,17.33,27.93,27.13,0.0,0.00,0.0,0.0,,0.0
161,23,3.00,10,17.40,27.58,26.80,0.0,0.00,0.0,0.0,,0.0
161,24,3.00,10,17.69,27.27,26.50,0.0,0.00,0.0,0.0,,0.0
161,1,4.00,10,17.90,26.97,26.22,0.0,0.00,0.0,0.0,,0.0
161,2,4.00,10,17.84,26.67,25.94,0.0,0.00,0.0,0.0,,0.0
161,3,4.00,10,17.50,26.37,25.65,0.0,0.00,0.0,0.0,,0.0
161,4,4.00,10,17.24,26.07,25.37,0.0,0.00,0.0,0.0,,0.0
161,5,4.00,10,15.97,25.71,25.02,0.0,0.00,0.0,0.0,,0.0
161,6,4.00,10,16.58,25.46,24.78,0.0,0.00,0.0,0.0,,0.0
161,7,4.00,10,16.93,25.22,24.56,0.0,0.00,0.0,0.0,,0.0
161,8,4.00,10,17.51,27.39,26.74,0.0,23.91,0.0,0.0,,0.0
161,9,4.00,10,17.75,28.14,27.50,0.0,73.88,0.0,0.0,,0.0
161,10,4.00,10,18.22,28.62,27.99,0.0,124.81,0.0,0.0,,0.0
161,11,4.00,10,19.08,29.11,28.49,0.0,213.56,0.0,0.0,,0.0
161,12,4.00,10,19.22,29.63,29.03,0.0,325.58,0.0,0.0,,0.0
161,13,4.00,10,19.61,30.20,29.60,0.0,384.64,0.0,0.0,,0.0
161,14,4.00,10,19.28,30.72,30.14,0.0,401.41,0.0,0.0,,0.0
161,15,4.00,10,19.15,31.23,30.65,0.0,383.46,0.0,0.0,,0.0
161,16,4.00,10,19.17,31.69,31.12,0.0,325.43,0.0,0.0,,0.0
161,17,4.00,10,19.03,32.07,31.51,0.0,230.95,0.0,0.0,,0.0
161,18,4.00,10,18.20,32.31,31.76,0.0,115.15,0.0,0.0,,0.0
161,19,4.00,10,17.18,30.08,29.53,0.0,52.75,0.0,0.0,,0.0
161,20,4.00,10,16.80,29.24,28.70,0.0,0.00,0.0,0.0,,0.0
161,21,4.00,10,16.32,28.70,28.17,0.0,0.00,0.0,0.0,,0.0
161,22,4.00,10,16.42,28.27,27.75,0.0,0.00,0.0,0.0,,0.0
161,23,4.00,10,16.34,27.88,27.36,0.0,0.00,0.0,0.0,,0.0
161,24,4.00,10,16.00,27.48,26.97,0.0,0.00,0.0,0.0,,0.0
161,1,5.00,10,15.75,27.10,26.60,0.0,0.00,0.0,0.0,,0.0
161,2,5.00,10,15.94,26.76,26.27,0.0,0.00,0.0,0.0,,0.0
161,3,5.00,10,15.69,26.42,25.93,0.0,0.00,0.0,0.0,,0.0
161,4,5.00,10,15.65,26.09,25.61,0.0,0.00,0.0,0.0,,0.0
161,5,5.00,10,15.71,25.79,25.31,0.0,0.00,0.0,0.0,,0.0
161,6,5.00,10,16.11,25.52,25.05,0.0,0.00,0.0,0.0,,0.0
161,7,5.00,10,15.90,25.24,24.77,0.0,0.00,0.0,0.0,,0.0
161,8,5.00,10,16.12,26.14,25.68,-110.4,23.91,0.0,0.0,,-110.4
161,9,5.00,10,16.43,26.45,25.68,-917.16,73.88,0.0,0.0,,-917.16
161,10,5.00,10,17.90,26.87,25.68,-1799.75,124.81,0.0,0.0,,-1799.75
161,11,5.00,10,19.28,27.38,25.68,-2762.89,213.56,0.0,0.0,,-2762.89
161,12,5.00,10,19.99,27.88,25.68,-3595.24,325.58,0.0,0.0,,-3595.24
161,13,5.00,10,20.49,28.38,25.68,-4357.34,384.64,0.0,0.0,,-4357.34
161,14,5.00,10,21.05,28.89,25.68,-5118.68,401.41,0.0,0.0,,-5118.68
161,15,5.00,10,21.65,29.40,25.68,-5826.86,383.46,0.0,0.0,,-5826.86
161,16,5.00,10,21.81,29.81,25.68,-6236.13,325.43,0.0,0.0,,-6236.13
161,17,5.00,10,21.18,30.02,25.68,-6162.7,230.95,0.0,0.0,,-6162.7
161,18,5.00,10,20.11,30.05,25.68,-5731.33,115.15,0.0,0.0,,-5731.33
161,19,5.00,10,18.72,28.92,26.35,0.0,52.75,0.0,0.0,,0.0
161,20,5.00,10,17.64,28.35,26.26,0.0,0.00,0.0,0.0,,0.0
161,21,5.00,10,16.94,27.91,25.98,0.0,0.00,0.0,0.0,,0.0
161,22,5.00,10,16.63,27.52,25.68,0.0,0.00,0.0,0.0,,0.0
161,23,5.00,10,16.29,27.14,25.37,0.0,0.00,0.0,0.0,,0.0
161,24,5.00,10,15.97,26.78,25.07,0.0,0.00,0.0,0.0,,0.0
161,1,6.00,10,15.63,26.42,24.77,0.0,0.00,0.0,0.0,,0.0
161,2,6.00,10,15.37,26.08,24.48,0.0,0.00,0.0,0.0,,0.0
161,3,6.00,10,15.03,25.74,24.19,0.0,0.00,0.0,0.0,,0.0
161,4,6.00,10,14.89,25.41,23.92,0.0,0.00,0.0,0.0,,0.0
161,5,6.00,10,14.69,25.10,23.66,0.0,0.00,0.0,0.0,,0.0
161,6,6.00,10,14.44,24.79,23.40,0.0,0.00,0.0,0.0,,0.0
161,7,6.00,10,14.18,24.49,23.14,0.0,0.00,0.0,0.0,,0.0
161,8,6.00,10,14.47,25.30,24.11,0.0,23.91,0.0,0.0,,0.0
161,9,6.00,10,14.81,25.58,24.47,0.0,73.88,0.0,0.0,,0.0
161,10,6.00,10,16.04,25.95,24.89,0.0,124.81,0.0,0.0,,0.0
161,11,6.00,10,17.21,26.39,25.38,0.0,213.56,0.0,0.0,,0.0
161,12,6.00,10,18.03,26.88,25.68,-585.75,325.58,0.0,0.0,,-585.75
161,13,6.00,10,18.28,27.31,25.68,-1642.39,384.64,0.0,0.0,,-1642.39
161,14,6.00,10,18.41,27.73,25.68,-2423.88,401.41,0.0,0.0,,-2423.88
161,15,6.00,10,18.51,28.11,25.68,-3078.27,383.46,0.0,0.0,,-3078.27
161,16,6.00,10,18.61,28.45,25.68,-3590.31,325.43,0.0,0.0,,-3590.31
161,17,6.00,10,18.44,28.68,25.68,-3814.32,230.95,0.0,0.0,,-3814.32
161,18,6.00,10,18.19,28.81,25.68,-3814.75,115.15,0.0,0.0,,-3814.75
161,19,6.00,10,17.33,27.80,25.83,0.0,52.75,0.0,0.0,,0.0
161,20,6.00,10,16.52,27.29,25.62,0.0,0.00,0.0,0.0,,0.0
161,21,6.00,10,16.31,26.90,25.35,0.0,0.00,0.0,0.0,,0.0
161,22,6.00,10,16.22,26.56,25.07,0.0,0.00,0.0,0.0,,0.0
161,23,6.00,10,16.10,26.23,24.79,0.0,0.00,0.0,0.0,,0.0
161,24,6.00,10,16.31,25.94,24.54,0.0,0.00,0.0,0.0,,0.0
161,1,7.00,10,16.08,25.63,24.28,0.0,0.00,0.0,0.0,,0.0
161,2,7.00,10,16.05,25.35,24.04,0.0,0.00,0.0,0.0,,0.0
161,3,7.00,10,16.16,25.09,23.82,0.0,0.00,0.0,0.0,,0.0
161,4,7.00,10,15.98,24.82,23.59,0.0,0.00,0.0,0.0,,0.0
161,5,7.00,10,15.86,24.57,23.37,0.0,0.00,0.0,0.0,,0.0
161,6,7.00,10,15.77,24.32,23.16,0.0,0.00,0.0,0.0,,0.0
161,7,7.00,10,15.46,24.07,22.94,0.0,0.00,0.0,0.0,,0.0
161,8,7.00,10,15.83,25.10,24.11,0.0,23.91,0.0,0.0,,0.0
161,9,7.00,10,15.81,25.41,24.48,0.0,73.88,0.0,0.0,,0.0
161,10,7.00,10,16.98,25.81,24.92,0.0,124.81,0.0,0.0,,0.0
161,11,7.00,10,18.02,26.28,25.42,0.0,213.56,0.0,0.0,,0.0
161,12,7.00,10,18.72,26.78,25.68,-712.16,325.58,0.0,0.0,,-712.16
161,13,7.00,10,19.13,27.27,25.68,-1844.5,384.64,0.0,0.0,,-1844.5
161,14,7.00,10,19.31,27.72,25.68,-2681.48,401.41,0.0,0.0,,-2681.48
161,15,7.00,10,19.37,28.13,25.68,-3350.18,383.46,0.0,0.0,,-3350.18
161,16,7.00,10,19.14,28.45,25.68,-3753.88,325.43,0.0,0.0,,-3753.88
161,17,7.00,10,18.71,28.65,25.68,-3882.0,230.95,0.0,0.0,,-3882.0
161,18,7.00,10,17.96,28.70,25.68,-3688.4,115.15,0.0,0.0,,-3688.4
161,19,7.00,10,17.20,27.70,25.80,0.0,52.75,0.0,0.0,,0.0
161,20,7.00,10,16.65,27.20,25.61,0.0,0.00,0.0,0.0,,0.0
161,21,7.00,10,16.28,26.81,25.33,0.0,0.00,0.0,0.0,,0.0
161,22,7.00,10,16.10,26.46,25.04,0.0,0.00,0.0,0.0,,0.0
161,23,7.00,10,15.97,26.13,24.75,0.0,0.00,0.0,0.0,,0.0
161,24,7.00,10,15.93,25.82,24.49,0.0,0.00,0.0,0.0,,0.0
161,1,1.00,10,15.52,25.49,24.20,0.0,0.00,0.0,0.0,,0.0
161,2,1.00,10,15.30,25.19,23.93,0.0,0.00,0.0,0.0,,0.0
161,3,1.00,10,15.32,24.90,23.69,0.0,0.00,0.0,0.0,,0.0
161,4,1.00,10,15.34,24.63,23.46,0.0,0.00,0.0,0.0,,0.0
161,5,1.00,10,15.20,24.37,23.22,0.0,0.00,0.0,0.0,,0.0
161,6,1.00,10,15.73,24.15,23.04,0.0,0.00,0.0,0.0,,0.0
161,7,1.00,10,15.75,23.93,22.85,0.0,0.00,0.0,0.0,,0.0
161,8,1.00,10,15.90,24.98,24.03,0.0,23.91,0.0,0.0,,0.0
161,9,1.00,10,16.46,25.40,24.50,0.0,73.88,0.0,0.0,,0.0
161,10,1.00,10,17.38,25.80,24.94,0.0,124.81,0.0,0.0,,0.0
161,11,1.00,10,18.14,26.23,25.41,0.0,213.56,0.0,0.0,,0.0
161,12,1.00,10,18.54,26.68,25.68,-540.33,325.58,0.0,0.0,,-540.33
161,13,1.00,10,18.91,27.15,25.68,-1672.13,384.64,0.0,0.0,,-1672.13
161,14,1.00,10,19.09,27.60,25.68,-2511.04,401.41,0.0,0.0,,-2511.04
161,15,1.00,10,19.04,27.99,25.68,-3138.67,383.46,0.0,0.0,,-3138.67
161,16,1.00,10,18.96,28.32,25.68,-3604.4,325.43,0.0,0.0,,-3604.4
161,17,1.00,10,18.90,28.58,25.68,-3890.38,230.95,0.0,0.0,,-3890.38
161,18,1.00,10,18.08,28.64,25.68,-3673.76,115.15,0.0,0.0,,-3673.76
161,19,1.00,10,17.45,27.63,25.80,0.0,52.75,0.0,0.0,,0.0
161,20,1.00,10,16.83,27.14,25.60,0.0,0.00,0.0,0.0,,0.0
161,21,1.00,10,16.20,26.73,25.30,0.0,0.00,0.0,0.0,,0.0
161,22,1.00,10,16.17,26.39,25.02,0.0,0.00,0.0,0.0,,0.0
161,23,1.00,10,16.05,26.06,24.74,0.0,0.00,0.0,0.0,,0.0
161,24,1.00,10,16.25,25.77,24.49,0.0,0.00,0.0,0.0,,0.0
161,1,2.00,10,15.96,25.47,24.22,0.0,0.00,0.0,0.0,,0.0
161,2,2.00,10,15.67,25.17,23.96,0.0,0.00,0.0,0.0,,0.0
161,3,2.00,10,15.67,24.89,23.72,0.0,0.00,0.0,0.0,,0.0
161,4,2.00,10,15.75,24.63,23.49,0.0,0.00,0.0,0.0,,0.0
161,5,2.00,10,15.66,24.38,23.27,0.0,0.00,0.0,0.0,,0.0
161,6,2.00,10,15.64,24.14,23.06,0.0,0.00,0.0,0.0,,0.0
161,7,2.00,10,15.57,23.91,22.85,0.0,0.00,0.0,0.0,,0.0
161,8,2.00,10,15.98,24.97,24.05,0.0,23.91,0.0,0.0,,0.0
161,9,2.00,10,16.26,25.35,24.48,0.0,73.88,0.0,0.0,,0.0
161,10,2.00,10,17.15,25.73,24.90,0.0,124.81,0.0,0.0,,0.0
161,11,2.00,10,18.07,26.19,25.38,0.0,213.56,0.0,0.0,,0.0
161,12,2.00,10,18.94,26.71,25.68,-675.72,325.58,0.0,0.0,,-675.72
161,13,2.00,10,19.33,27.21,25.68,-1839.64,384.64,0.0,0.0,,-1839.64
161,14,2.00,10,19.45,27.66,25.68,-2659.5,401.41,0.0,0.0,,-2659.5
161,15,2.00,10,19.35,28.05,25.68,-3272.68,383.46,0.0,0.0,,-3272.68
161,16,2.00,10,19.22,28.38,25.68,-3720.46,325.43,0.0,0.0,,-3720.46
161,17,2.00,10,18.98,28.62,25.68,-3933.93,230.95,0.0,0.0,,-3933.93
161,18,2.00,10,18.31,28.70,25.68,-3778.54,115.15,0.0,0.0,,-3778.54
161,19,2.00,10,17.52,27.67,25.81,0.0,52.75,0.0,0.0,,0.0
161,20,2.00,10,16.74,27.16,25.60,0.0,0.00,0.0,0.0,,0.0
161,21,2.00,10,16.27,26.76,25.31,0.0,0.00,0.0,0.0,,0.0
161,22,2.00,10,15.94,26.39,25.01,0.0,0.00,0.0,0.0,,0.0
161,23,2.00,10,15.67,26.05,24.71,0.0,0.00,0.0,0.0,,0.0
161,24,2.00,10,15.75,25.74,24.44,0.0,0.00,0.0,0.0,,0.0
161,1,3.00,10,15.16,25.40,24.14,0.0,0.00,0.0,0.0,,0.0
161,2,3.00,10,14.89,25.08,23.86,0.0,0.00,0.0,0.0,,0.0
161,3,3.00,10,14.81,24.78,23.59,0.0,0.00,0.0,0.0,,0.0
161,4,3.00,10,14.86,24.50,23.35,0.0,0.00,0.0,0.0,,0.0
161,5,3.00,10,14.95,24.24,23.12,0.0,0.00,0.0,0.0,,0.0
161,6,3.00,10,14.94,23.99,22.90,0.0,0.00,0.0,0.0,,0.0
161,7,3.00,10,14.56,23.73,22.67,0.0,0.00,0.0,0.0,,0.0
161,8,3.00,10,14.82,25.87,24.84,0.0,23.91,0.0,0.0,,0.0
161,9,3.00,10,15.37,26.63,25.62,0.0,73.88,0.0,0.0,,0.0
161,10,3.00,10,16.74,27.17,26.19,0.0,124.81,0.0,0.0,,0.0
161,11,3.00,10,17.81,27.71,26.76,0.0,213.56,0.0,0.0,,0.0
161,12,3.00,10,18.79,28.31,27.38,0.0,325.58,0.0,0.0,,0.0
161,13,3.00,10,19.30,28.93,28.03,0.0,384.64,0.0,0.0,,0.0
161,14,3.00,10,19.36,29.53,28.65,0.0,401.41,0.0,0.0,,0.0
161,15,3.00,10,19.36,30.10,29.23,0.0,383.46,0.0,0.0,,0.0
161,16,3.00,10,19.45,30.62,29.77,0.0,325.43,0.0,0.0,,0.0
161,17,3.00,10,19.39,31.05,30.23,0.0,230.95,0.0,0.0,,0.0
161,18,3.00,10,18.99,31.37,30.56,0.0,115.15,0.0,0.0,,0.0
161,19,3.00,10,18.15,29.20,28.41,0.0,52.75,0.0,0.0,,0.0
161,20,3.00,10,17.39,28.40,27.63,0.0,0.00,0.0,0.0,,0.0
161,21,3.00,10,17.45,27.94,27.18,0.0,0.00,0.0,0.0,,0.0
161,22,3.00,10,17.47,27.56,26.83,0.0,0.00,0.0,0.0,,0.0
161,23,3.00,10,17.53,27.23,26.50,0.0,0.00,0.0,0.0,,0.0
161,24,3.00,10,17.30,26.89,26.18,0.0,0.00,0.0,0.0,,0.0
161,1,4.00,10,17.07,26.57,25.87,0.0,0.00,0.0,0.0,,0.0
161,2,4.00,10,16.88,26.25,25.57,0.0,0.00,0.0,0.0,,0.0
161,3,4.00,10,16.80,25.95,25.29,0.0,0.00,0.0,0.0,,0.0
161,4,4.00,10,16.93,25.68,25.03,0.0,0.00,0.0,0.0,,0.0
161,5,4.00,10,16.71,25.41,24.76,0.0,0.00,0.0,0.0,,0.0
161,6,4.00,10,16.71,25.15,24.51,0.0,0.00,0.0,0.0,,0.0
161,7,4.00,10,16.68,24.90,24.28,0.0,0.00,0.0,0.0,,0.0
161,8,4.00,10,16.79,27.04,26.43,0.0,23.91,0.0,0.0,,0.0
161,9,4.00,10,17.06,27.77,27.17,0.0,73.88,0.0,0.0,,0.0
161,10,4.00,10,18.04,28.28,27.69,0.0,124.81,0.0,0.0,,0.0
161,11,4.00,10,18.85,28.79,28.21,0.0,213.56,0.0,0.0,,0.0
161,12,4.00,10,19.25,29.33,28.76,0.0,325.58,0.0,0.0,,0.0
161,13,4.00,10,19.26,29.88,29.32,0.0,384.64,0.0,0.0,,0.0
161,14,4.00,10,19.27,30.43,29.88,0.0,401.41,0.0,0.0,,0.0
161,15,4.00,10,19.21,30.95,30.41,0.0,383.46,0.0,0.0,,0.0
161,16,4.00,10,19.26,31.43,30.89,0.0,325.43,0.0,0.0,,0.0
161,17,4.00,10,19.30,31.83,31.30,0.0,230.95,0.0,0.0,,0.0
161,18,4.00,10,19.09,32.13,31.60,0.0,115.15,0.0,0.0,,0.0
161,19,4.00,10,18.07,29.92,29.41,0.0,52.75,0.0,0.0,,0.0
161,20,4.00,10,17.17,29.08,28.57,0.0,0.00,0.0,0.0,,0.0
161,21,4.00,10,17.31,28.59,28.09,0.0,0.00,0.0,0.0,,0.0
161,22,4.00,10,17.12,28.18,27.68,0.0,0.00,0.0,0.0,,0.0
161,23,4.00,10,17.15,27.80,27.31,0.0,0.00,0.0,0.0,,0.0
161,24,4.00,10,17.10,27.45,26.96,0.0,0.00,0.0,0.0,,0.0
161,1,5.00,10,16.74,27.09,26.61,0.0,0.00,0.0,0.0,,0.0
161,2,5.00,10,16.30,26.73,26.26,0.0,0.00,0.0,0.0,,0.0
161,3,5.00,10,16.06,26.39,25.92,0.0,0.00,0.0,0.0,,0.0
161,4,5.00,10,16.21,26.08,25.62,0.0,0.00,0.0,0.0,,0.0
161,5,5.00,10,15.92,25.77,25.31,0.0,0.00,0.0,0.0,,0.0
161,6,5.00,10,16.17,25.49,25.04,0.0,0.00,0.0,0.0,,0.0
161,7,5.00,10,15.76,25.19,24.75,0.0,0.00,0.0,0.0,,0.0
161,8,5.00,10,15.45,25.99,25.59,0.0,23.91,0.0,0.0,,0.0
161,9,5.00,10,15.54,26.23,25.68,-434.23,73.88,0.0,0.0,,-434.23
161,10,5.00,10,16.48,26.54,25.68,-1131.67,124.81,0.0,0.0,,-1131.67
161,11,5.00,10,17.35,26.91,25.68,-1861.34,213.56,0.0,0.0,,-1861.34
161,12,5.00,10,18.56,27.43,25.68,-2865.16,325.58,0.0,0.0,,-2865.16
161,13,5.00,10,19.02,27.89,25.68,-3593.03,384.64,0.0,0.0,,-3593.03
161,14,5.00,10,19.18,28.31,25.68,-4173.67,401.41,0.0,0.0,,-4173.67
161,15,5.00,10,19.11,28.66,25.68,-4581.31,383.46,0.0,0.0,,-4581.31
161,16,5.00,10,19.06,28.97,25.68,-4875.47,325.43,0.0,0.0,,-4875.47
161,17,5.00,10,18.91,29.18,25.68,-4967.8,230.95,0.0,0.0,,-4967.8
161,18,5.00,10,18.68,29.30,25.68,-4856.28,115.15,0.0,0.0,,-4856.28
161,19,5.00,10,18.27,28.32,26.20,0.0,52.75,0.0,0.0,,0.0
161,20,5.00,10,17.49,27.81,26.09,0.0,0.00,0.0,0.0,,0.0
161,21,5.00,10,17.02,27.41,25.82,0.0,0.00,0.0,0.0,,0.0
161,22,5.00,10,16.77,27.05,25.53,0.0,0.00,0.0,0.0,,0.0
161,23,5.00,10,16.88,26.72,25.26,0.0,0.00,0.0,0.0,,0.0
161,24,5.00,10,17.18,26.43,25.02,0.0,0.00,0.0,0.0,,0.0
161,1,6.00,10,16.96,26.13,24.76,0.0,0.00,0.0,0.0,,0.0
161,2,6.00,10,16.73,25.83,24.51,0.0,0.00,0.0,0.0,,0.0
161,3,6.00,10,16.65,25.55,24.27,0.0,0.00,0.0,0.0,,0.0
161,4,6.00,10,16.86,25.30,24.06,0.0,0.00,0.0,0.0,,0.0
161,5,6.00,10,16.79,25.05,23.85,0.0,0.00,0.0,0.0,,0.0
161,6,6.00,10,16.62,24.80,23.63,0.0,0.00,0.0,0.0,,0.0
161,7,6.00,10,16.27,24.55,23.41,0.0,0.00,0.0,0.0,,0.0
161,8,6.00,10,16.82,25.63,24.64,0.0,23.91,0.0,0.0,,0.0
161,9,6.00,10,17.22,26.03,25.10,0.0,73.88,0.0,0.0,,0.0
161,10,6.00,10,18.15,26.43,25.53,0.0,124.81,0.0,0.0,,0.0
161,11,6.00,10,19.12,26.89,25.68,-916.32,213.56,0.0,0.0,,-916.32
161,12,6.00,10,19.81,27.39,25.68,-2041.39,325.58,0.0,0.0,,-2041.39
161,13,6.00,10,20.07,27.86,25.68,-2896.14,384.64,0.0,0.0,,-2896.14
161,14,6.00,10,19.78,28.24,25.68,-3467.96,401.41,0.0,0.0,,-3467.96
161,15,6.00,10,19.71,28.61,25.68,-4016.04,383.46,0.0,0.0,,-4016.04
161,16,6.00,10,19.55,28.92,25.68,-4385.12,325.43,0.0,0.0,,-4385.12
161,17,6.00,10,19.48,29.17,25.68,-4608.39,230.95,0.0,0.0,,-4608.39
161,18,6.00,10,19.46,29.34,25.68,-4673.5,115.15,0.0,0.0,,-4673.5
161,19,6.00,10,18.59,28.28,26.04,0.0,52.75,0.0,0.0,,0.0
161,20,6.00,10,17.62,27.75,25.89,0.0,0.00,0.0,0.0,,0.0
161,21,6.00,10,17.55,27.37,25.65,0.0,0.00,0.0,0.0,,0.0
161,22,6.00,10,17.37,27.03,25.38,0.0,0.00,0.0,0.0,,0.0
161,23,6.00,10,17.43,26.72,25.13,0.0,0.00,0.0,0.0,,0.0
161,24,6.00,10,17.36,26.42,24.88,0.0,0.00,0.0,0.0,,0.0
161,1,7.00,10,17.28,26.13,24.64,0.0,0.00,0.0,0.0,,0.0
161,2,7.00,10,17.38,25.86,24.42,0.0,0.00,0.0,0.0,,0.0
161,3,7.00,10,17.19,25.58,24.19,0.0,0.00,0.0,0.0,,0.0
161,4,7.00,10,17.25,25.33,23.99,0.0,0.00,0.0,0.0,,0.0
161,5,7.00,10,17.05,25.08,23.77,0.0,0.00,0.0,0.0,,0.0
161,6,7.00,10,16.85,24.83,23.56,0.0,0.00,0.0,0.0,,0.0
161,7,7.00,10,16.79,24.60,23.37,0.0,0.00,0.0,0.0,,0.0
161,8,7.00,10,17.85,25.82,24.75,0.0,23.91,0.0,0.0,,0.0
161,9,7.00,10,18.74,26.35,25.34,0.0,73.88,0.0,0.0,,0.0
161,10,7.00,10,19.43,26.76,25.68,-295.4,124.81,0.0,0.0,,-295.4
161,11,7.00,10,19.97,27.18,25.68,-1395.53,213.56,0.0,0.0,,-1395.53
161,12,7.00,10,20.74,27.70,25.68,-2487.25,325.58,0.0,0.0,,-2487.25
161,13,7.00,10,20.93,28.18,25.68,-3320.93,384.64,0.0,0.0,,-3320.93
161,14,7.00,10,20.82,28.60,25.68,-3973.44,401.41,0.0,0.0,,-3973.44
161,15,7.00,10,20.61,28.97,25.68,-4471.96,383.46,0.0,0.0,,-4471.96
161,16,7.00,10,20.45,29.29,25.68,-4846.6,325.43,0.0,0.0,,-4846.6
161,17,7.00,10,19.89,29.47,25.68,-4875.68,230.95,0.0,0.0,,-4875.68
161,18,7.00,10,19.24,29.53,25.68,-4675.65,115.15,0.0,0.0,,-4675.65
161,19,7.00,10,18.31,28.48,26.06,0.0,52.75,0.0,0.0,,0.0
161,20,7.00,10,17.29,27.93,25.90,0.0,0.00,0.0,0.0,,0.0
161,21,7.00,10,17.21,27.54,25.65,0.0,0.00,0.0,0.0,,0.0
161,22,7.00,10,17.15,27.19,25.38,0.0,0.00,0.0,0.0,,0.0
161,23,7.00,10,17.06,26.85,25.11,0.0,0.00,0.0,0.0,,0.0
161,24,7.00,10,17.06,26.54,24.85,0.0,0.00,0.0,0.0,,0.0
161,1,1.00,10,15.04,26.11,24.48,0.0,0.00,0.0,0.0,,0.0
161,2,1.00,10,14.70,25.74,24.16,0.0,0.00,0.0,0.0,,0.0
161,3,1.00,10,14.42,25.39,23.87,0.0,0.00,0.0,0.0,,0.0
161,4,1.00,10,14.43,25.08,23.60,0.0,0.00,0.0,0.0,,0.0
161,5,1.00,10,14.21,24.76,23.33,0.0,0.00,0.0,0.0,,0.0
161,6,1.00,10,14.14,24.47,23.08,0.0,0.00,0.0,0.0,,0.0
161,7,1.00,10,14.18,24.19,22.84,0.0,0.00,0.0,0.0,,0.0
161,8,1.00,10,14.94,25.11,23.93,0.0,23.91,0.0,0.0,,0.0
161,9,1.00,10,15.29,25.43,24.32,0.0,73.88,0.0,0.0,,0.0
161,10,1.00,10,16.50,25.82,24.77,0.0,124.81,0.0,0.0,,0.0
161,11,1.00,10,17.73,26.30,25.28,0.0,213.56,0.0,0.0,,0.0
161,12,1.00,10,18.32,26.77,25.68,-310.59,325.58,0.0,0.0,,-310.59
161,13,1.00,10,18.41,27.19,25.68,-1399.06,384.64,0.0,0.0,,-1399.06
161,14,1.00,10,18.45,27.59,25.68,-2176.64,401.41,0.0,0.0,,-2176.64
161,15,1.00,10,18.31,27.94,25.68,-2761.89,383.46,0.0,0.0,,-2761.89
161,16,1.00,10,18.13,28.23,25.68,-3178.65,325.43,0.0,0.0,,-3178.65
161,17,1.00,10,17.76,28.41,25.68,-3325.94,230.95,0.0,0.0,,-3325.94
161,18,1.00,10,17.36,28.49,25.68,-3273.83,115.15,0.0,0.0,,-3273.83
161,19,1.00,10,16.44,27.51,25.69,0.0,52.75,0.0,0.0,,0.0
161,20,1.00,10,15.97,27.02,25.46,0.0,0.00,0.0,0.0,,0.0
161,21,1.00,10,16.03,26.65,25.19,0.0,0.00,0.0,0.0,,0.0
161,22,1.00,10,15.90,26.30,24.90,0.0,0.00,0.0,0.0,,0.0
161,23,1.00,10,15.62,25.96,24.61,0.0,0.00,0.0,0.0,,0.0
161,24,1.00,10,15.61,25.65,24.33,0.0,0.00,0.0,0.0,,0.0
161,1,2.00,10,15.80,25.36,24.09,0.0,0.00,0.0,0.0,,0.0
161,2,2.00,10,15.59,25.07,23.83,0.0,0.00,0.0,0.0,,0.0
161,3,2.00,10,15.52,24.80,23.59,0.0,0.00,0.0,0.0,,0.0
161,4,2.00,10,15.36,24.52,23.35,0.0,0.00,0.0,0.0,,0.0
161,5,2.00,10,15.13,24.25,23.12,0.0,0.00,0.0,0.0,,0.0
161,6,2.00,10,15.14,24.00,22.90,0.0,0.00,0.0,0.0,,0.0
161,7,2.00,10,14.97,23.76,22.68,0.0,0.00,0.0,0.0,,0.0
161,8,2.00,10,15.19,24.74,23.80,0.0,23.91,0.0,0.0,,0.0
161,9,2.00,10,15.15,25.04,24.15,0.0,73.88,0.0,0.0,,0.0
161,10,2.00,10,16.15,25.40,24.55,0.0,124.81,0.0,0.0,,0.0
161,11,2.00,10,17.31,25.87,25.05,0.0,213.56,0.0,0.0,,0.0
161,12,2.00,10,18.02,26.37,25.57,0.0,325.58,0.0,0.0,,0.0
161,13,2.00,10,18.32,26.83,25.68,-1001.56,384.64,0.0,0.0,,-1001.56
161,14,2.00,10,18.23,27.23,25.68,-1820.38,401.41,0.0,0.0,,-1820.38
161,15,2.00,10,18.24,27.61,25.68,-2497.17,383.46,0.0,0.0,,-2497.17
161,16,2.00,10,17.88,27.88,25.68,-2863.52,325.43,0.0,0.0,,-2863.52
161,17,2.00,10,17.74,28.11,25.68,-3129.7,230.95,0.0,0.0,,-3129.7
161,18,2.00,10,17.75,28.27,25.68,-3264.61,115.15,0.0,0.0,,-3264.61
161,19,2.00,10,16.82,27.27,25.65,0.0,52.75,0.0,0.0,,0.0
161,20,2.00,10,15.86,26.75,25.39,0.0,0.00,0.0,0.0,,0.0
161,21,2.00,10,15.70,26.36,25.10,0.0,0.00,0.0,0.0,,0.0
161,22,2.00,10,15.76,26.03,24.81,0.0,0.00,0.0,0.0,,0.0
161,23,2.00,10,15.80,25.72,24.54,0.0,0.00,0.0,0.0,,0.0
161,24,2.00,10,15.69,25.41,24.27,0.0,0.00,0.0,0.0,,0.0
161,1,3.00,10,15.68,25.13,24.01,0.0,0.00,0.0,0.0,,0.0
161,2,3.00,10,15.24,24.82,23.74,0.0,0.00,0.0,0.0,,0.0
161,3,3.00,10,15.17,24.54,23.49,0.0,0.00,0.0,0.0,,0.0
161,4,3.00,10,15.04,24.27,23.25,0.0,0.00,0.0,0.0,,0.0
161,5,3.00,10,14.47,23.98,22.98,0.0,0.00,0.0,0.0,,0.0
161,6,3.00,10,15.51,23.79,22.82,0.0,0.00,0.0,0.0,,0.0
161,7,3.00,10,15.65,23.59,22.64,0.0,0.00,0.0,0.0,,0.0
161,8,3.00,10,16.10,25.78,24.86,0.0,23.91,0.0,0.0,,0.0
161,9,3.00,10,16.06,26.54,25.63,0.0,73.88,0.0,0.0,,0.0
161,10,3.00,10,16.70,27.05,26.17,0.0,124.81,0.0,0.0,,0.0
161,11,3.00,10,17.52,27.56,26.71,0.0,213.56,0.0,0.0,,0.0
161,12,3.00,10,18.21,28.14,27.31,0.0,325.58,0.0,0.0,,0.0
161,13,3.00,10,18.21,28.72,27.90,0.0,384.64,0.0,0.0,,0.0
161,14,3.00,10,18.06,29.28,28.48,0.0,401.41,0.0,0.0,,0.0
161,15,3.00,10,17.94,29.81,29.03,0.0,383.46,0.0,0.0,,0.0
161,16,3.00,10,17.93,30.30,29.53,0.0,325.43,0.0,0.0,,0.0
161,17,3.00,10,17.68,30.69,29.94,0.0,230.95,0.0,0.0,,0.0
161,18,3.00,10,17.36,30.98,30.25,0.0,115.15,0.0,0.0,,0.0
161,19,3.00,10,16.39,28.78,28.06,0.0,52.75,0.0,0.0,,0.0
161,20,3.00,10,15.36,27.93,27.23,0.0,0.00,0.0,0.0,,0.0
161,21,3.00,10,14.95,27.41,26.72,0.0,0.00,0.0,0.0,,0.0
161,22,3.00,10,14.76,26.98,26.30,0.0,0.00,0.0,0.0,,0.0
161,23,3.00,10,14.72,26.59,25.92,0.0,0.00,0.0,0.0,,0.0
161,24,3.00,10,14.84,26.23,25.58,0.0,0.00,0.0,0.0,,0.0
161,1,4.00,10,14.42,25.86,25.22,0.0,0.00,0.0,0.0,,0.0
161,2,4.00,10,14.34,25.52,24.89,0.0,0.00,0.0,0.0,,0.0
161,3,4.00,10,14.12,25.18,24.56,0.0,0.00,0.0,0.0,,0.0
161,4,4.00,10,14.16,24.87,24.26,0.0,0.00,0.0,0.0,,0.0
161,5,4.00,10,14.07,24.56,23.97,0.0,0.00,0.0,0.0,,0.0
161,6,4.00,10,14.13,24.28,23.69,0.0,0.00,0.0,0.0,,0.0
161,7,4.00,10,13.91,23.99,23.41,0.0,0.00,0.0,0.0,,0.0
161,8,4.00,10,13.92,26.09,25.52,0.0,23.91,0.0,0.0,,0.0
161,9,4.00,10,14.45,26.81,26.25,0.0,73.88,0.0,0.0,,0.0
161,10,4.00,10,15.40,27.30,26.75,0.0,124.81,0.0,0.0,,0.0
161,11,4.00,10,16.25,27.78,27.24,0.0,213.56,0.0,0.0,,0.0
161,12,4.00,10,17.35,28.35,27.81,0.0,325.58,0.0,0.0,,0.0
161,13,4.00,10,17.76,28.92,28.40,0.0,384.64,0.0,0.0,,0.0
161,14,4.00,10,17.79,29.48,28.96,0.0,401.41,0.0,0.0,,0.0
161,15,4.00,10,17.78,30.01,29.50,0.0,383.46,0.0,0.0,,0.0
161,16,4.00,10,17.72,30.48,29.98,0.0,325.43,0.0,0.0,,0.0
161,17,4.00,10,17.36,30.86,30.36,0.0,230.95,0.0,0.0,,0.0
161,18,4.00,10,17.18,31.15,30.65,0.0,115.15,0.0,0.0,,0.0
161,19,4.00,10,16.04,28.93,28.44,0.0,52.75,0.0,0.0,,0.0
161,20,4.00,10,14.89,28.06,27.57,0.0,0.00,0.0,0.0,,0.0
161,21,4.00,10,14.72,27.53,27.05,0.0,0.00,0.0,0.0,,0.0
161,22,4.00,10,14.60,27.10,26.62,0.0,0.00,0.0,0.0,,0.0
161,23,4.00,10,14.56,26.70,26.23,0.0,0.00,0.0,0.0,,0.0
161,24,4.00,10,14.91,26.35,25.89,0.0,0.00,0.0,0.0,,0.0
161,1,5.00,10,14.62,25.99,25.54,0.0,0.00,0.0,0.0,,0.0
161,2,5.00,10,14.43,25.64,25.19,0.0,0.00,0.0,0.0,,0.0
161,3,5.00,10,14.23,25.30,24.86,0.0,0.00,0.0,0.0,,0.0
161,4,5.00,10,14.45,25.00,24.56,0.0,0.00,0.0,0.0,,0.0
161,5,5.00,10,14.58,24.71,24.28,0.0,0.00,0.0,0.0,,0.0
161,6,5.00,10,14.77,24.45,24.01,0.0,0.00,0.0,0.0,,0.0
161,7,5.00,10,14.37,24.16,23.73,0.0,0.00,0.0,0.0,,0.0
161,8,5.00,10,14.55,25.01,24.62,0.0,23.91,0.0,0.0,,0.0
161,9,5.00,10,15.41,25.39,25.02,0.0,73.88,0.0,0.0,,0.0
161,10,5.00,10,16.37,25.76,25.40,0.0,124.81,0.0,0.0,,0.0
161,11,5.00,10,17.08,26.15,25.68,-304.08,213.56,0.0,0.0,,-304.08
161,12,5.00,10,17.81,26.61,25.68,-1433.52,325.58,0.0,0.0,,-1433.52
161,13,5.00,10,17.99,27.03,25.68,-2178.16,384.64,0.0,0.0,,-2178.16
161,14,5.00,10,17.92,27.41,25.68,-2772.13,401.41,0.0,0.0,,-2772.13
161,15,5.00,10,17.57,27.71,25.68,-3151.63,383.46,0.0,0.0,,-3151.63
161,16,5.00,10,17.58,28.00,25.68,-3537.79,325.43,0.0,0.0,,-3537.79
161,17,5.00,10,17.46,28.22,25.68,-3702.82,230.95,0.0,0.0,,-3702.82
161,18,5.00,10,17.13,28.32,25.68,-3604.37,115.15,0.0,0.0,,-3604.37
161,19,5.00,10,16.01,27.33,25.81,0.0,52.75,0.0,0.0,,0.0
161,20,5.00,10,15.13,26.81,25.57,0.0,0.00,0.0,0.0,,0.0
161,21,5.00,10,15.10,26.41,25.28,0.0,0.00,0.0,0.0,,0.0
161,22,5.00,10,15.04,26.06,24.97,0.0,0.00,0.0,0.0,,0.0
161,23,5.00,10,15.03,25.73,24.67,0.0,0.00,0.0,0.0,,0.0
161,24,5.00,10,14.98,25.40,24.38,0.0,0.00,0.0,0.0,,0.0
161,1,6.00,10,14.89,25.09,24.10,0.0,0.00,0.0,0.0,,0.0
161,2,6.00,10,14.73,24.79,23.83,0.0,0.00,0.0,0.0,,0.0
161,3,6.00,10,14.54,24.50,23.56,0.0,0.00,0.0,0.0,,0.0
161,4,6.00,10,14.64,24.23,23.32,0.0,0.00,0.0,0.0,,0.0
161,5,6.00,10,14.35,23.95,23.06,0.0,0.00,0.0,0.0,,0.0
161,6,6.00,10,14.38,23.69,22.83,0.0,0.00,0.0,0.0,,0.0
161,7,6.00,10,14.19,23.44,22.60,0.0,0.00,0.0,0.0,,0.0
161,8,6.00,10,14.41,24.37,23.63,0.0,23.91,0.0,0.0,,0.0
161,9,6.00,10,15.00,24.75,24.05,0.0,73.88,0.0,0.0,,0.0
161,10,6.00,10,15.84,25.11,24.44,0.0,124.81,0.0,0.0,,0.0
161,11,6.00,10,16.64,25.52,24.88,0.0,213.56,0.0,0.0,,0.0
161,12,6.00,10,17.42,26.01,25.39,0.0,325.58,0.0,0.0,,0.0
161,13,6.00,10,18.10,26.53,25.68,-654.32,384.64,0.0,0.0,,-654.32
161,14,6.00,10,18.34,27.00,25.68,-1727.18,401.41,0.0,0.0,,-1727.18
161,15,6.00,10,18.36,27.40,25.68,-2431.12,383.46,0.0,0.0,,-2431.12
161,16,6.00,10,18.22,27.73,25.68,-2912.28,325.43,0.0,0.0,,-2912.28
161,17,6.00,10,17.79,27.93,25.68,-3078.87,230.95,0.0,0.0,,-3078.87
161,18,6.00,10,17.35,28.03,25.68,-3040.93,115.15,0.0,0.0,,-3040.93
161,19,6.00,10,16.19,27.01,25.59,0.0,52.75,0.0,0.0,,0.0
161,20,6.00,10,15.42,26.50,25.31,0.0,0.00,0.0,0.0,,0.0
161,21,6.00,10,15.14,26.10,25.01,0.0,0.00,0.0,0.0,,0.0
161,22,6.00,10,14.86,25.74,24.69,0.0,0.00,0.0,0.0,,0.0
161,23,6.00,10,14.83,25.41,24.39,0.0,0.00,0.0,0.0,,0.0
161,24,6.00,10,14.45,25.07,24.09,0.0,0.00,0.0,0.0,,0.0
161,1,7.00,10,14.29,24.76,23.80,0.0,0.00,0.0,0.0,,0.0
161,2,7.00,10,14.20,24.45,23.52,0.0,0.00,0.0,0.0,,0.0
161,3,7.00,10,14.21,24.17,23.26,0.0,0.00,0.0,0.0,,0.0
161,4,7.00,10,14.56,23.92,23.04,0.0,0.00,0.0,0.0,,0.0
161,5,7.00,10,14.55,23.67,22.81,0.0,0.00,0.0,0.0,,0.0
161,6,7.00,10,14.60,23.44,22.60,0.0,0.00,0.0,0.0,,0.0
161,7,7.00,10,14.12,23.18,22.36,0.0,0.00,0.0,0.0,,0.0
161,8,7.00,10,15.21,24.27,23.56,0.0,23.91,0.0,0.0,,0.0
161,9,7.00,10,16.20,24.77,24.10,0.0,73.88,0.0,0.0,,0.0
161,10,7.00,10,17.02,25.19,24.54,0.0,124.81,0.0,0.0,,0.0
161,11,7.00,10,17.16,25.53,24.91,0.0,213.56,0.0,0.0,,0.0
161,12,7.00,10,17.61,25.97,25.37,0.0,325.58,0.0,0.0,,0.0
161,13,7.00,10,18.09,26.46,25.68,-504.28,384.64,0.0,0.0,,-504.28
161,14,7.00,10,18.66,26.97,25.68,-1742.17,401.41,0.0,0.0,,-1742.17
161,15,7.00,10,18.62,27.39,25.68,-2438.55,383.46,0.0,0.0,,-2438.55
161,16,7.00,10,18.56,27.74,25.68,-2968.39,325.43,0.0,0.0,,-2968.39
161,17,7.00,10,18.56,28.02,25.68,-3325.83,230.95,0.0,0.0,,-3325.83
161,18,7.00,10,18.01,28.13,25.68,-3267.35,115.15,0.0,0.0,,-3267.35
161,19,7.00,10,16.82,27.07,25.62,0.0,52.75,0.0,0.0,,0.0
161,20,7.00,10,15.81,26.54,25.34,0.0,0.00,0.0,0.0,,0.0
161,21,7.00,10,15.45,26.14,25.03,0.0,0.00,0.0,0.0,,0.0
161,22,7.00,10,15.27,25.79,24.73,0.0,0.00,0.0,0.0,,0.0
161,23,7.00,10,15.01,25.45,24.42,0.0,0.00,0.0,0.0,,0.0
161,24,7.00,10,15.11,25.14,24.15,0.0,0.00,0.0,0.0,,0.0
161,1,1.00,11,14.80,24.83,23.86,0.0,0.00,0.0,0.0,,0.0
161,2,1.00,11,14.68,24.53,23.59,0.0,0.00,0.0,0.0,,0.0
161,3,1.00,11,14.69,24.26,23.34,0.0,0.00,0.0,0.0,,0.0
161,4,1.00,11,15.13,24.02,23.13,0.0,0.00,0.0,0.0,,0.0
161,5,1.00,11,14.96,23.77,22.90,0.0,0.00,0.0,0.0,,0.0
161,6,1.00,11,14.79,23.52,22.68,0.0,0.00,0.0,0.0,,0.0
161,7,1.00,11,14.68,23.28,22.46,0.0,0.26,0.0,0.0,,0.0
161,8,1.00,11,15.04,24.32,23.60,0.0,38.27,0.0,0.0,,0.0
161,9,1.00,11,15.21,24.68,23.99,0.0,79.88,0.0,0.0,,0.0
161,10,1.00,11,16.19,25.08,24.42,0.0,139.60,0.0,0.0,,0.0
161,11,1.00,11,16.85,25.49,24.85,0.0,145.39,0.0,0.0,,0.0
161,12,1.00,11,17.61,25.98,25.37,0.0,159.94,0.0,0.0,,0.0
161,13,1.00,11,18.55,26.55,25.96,0.0,166.99,0.0,0.0,,0.0
161,14,1.00,11,19.26,27.11,26.20,-885.41,167.62,0.0,0.0,,-885.41
161,15,1.00,11,19.25,27.55,26.20,-1818.32,164.61,0.0,0.0,,-1818.32
161,16,1.00,11,19.45,27.96,26.20,-2543.63,154.15,0.0,0.0,,-2543.63
161,17,1.00,11,19.47,28.29,26.20,-3015.75,137.39,0.0,0.0,,-3015.75
161,18,1.00,11,19.18,28.50,26.20,-3181.1,104.15,0.0,0.0,,-3181.1
161,19,1.00,11,18.16,27.42,26.08,0.0,62.88,0.0,0.0,,0.0
161,20,1.00,11,16.63,26.86,25.77,0.0,0.03,0.0,0.0,,0.0
161,21,1.00,11,16.00,26.45,25.44,0.0,0.00,0.0,0.0,,0.0
161,22,1.00,11,15.55,26.07,25.11,0.0,0.00,0.0,0.0,,0.0
161,23,1.00,11,15.41,25.73,24.79,0.0,0.00,0.0,0.0,,0.0
161,24,1.00,11,15.86,25.45,24.54,0.0,0.00,0.0,0.0,,0.0
161,1,2.00,11,15.39,25.13,24.24,0.0,0.00,0.0,0.0,,0.0
161,2,2.00,11,15.07,24.82,23.96,0.0,0.00,0.0,0.0,,0.0
161,3,2.00,11,15.05,24.53,23.69,0.0,0.00,0.0,0.0,,0.0
161,4,2.00,11,14.99,24.26,23.44,0.0,0.00,0.0,0.0,,0.0
161,5,2.00,11,15.12,24.01,23.21,0.0,0.00,0.0,0.0,,0.0
161,6,2.00,11,15.11,23.77,22.99,0.0,0.00,0.0,0.0,,0.0
161,7,2.00,11,14.81,23.51,22.76,0.0,0.26,0.0,0.0,,0.0
161,8,2.00,11,15.30,24.55,23.89,0.0,38.27,0.0,0.0,,0.0
161,9,2.00,11,16.07,25.00,24.37,0.0,79.88,0.0,0.0,,0.0
161,10,2.00,11,17.33,25.47,24.87,0.0,139.60,0.0,0.0,,0.0
161,11,2.00,11,18.36,25.97,25.39,0.0,145.39,0.0,0.0,,0.0
161,12,2.00,11,19.04,26.49,25.93,0.0,159.94,0.0,0.0,,0.0
161,13,2.00,11,18.96,26.92,26.20,-464.41,166.99,0.0,0.0,,-464.41
161,14,2.00,11,18.75,27.31,26.20,-1378.09,167.62,0.0,0.0,,-1378.09
161,15,2.00,11,18.66,27.68,26.20,-2054.88,164.61,0.0,0.0,,-2054.88
161,16,2.00,11,18.50,28.00,26.20,-2553.77,154.15,0.0,0.0,,-2553.77
161,17,2.00,11,18.12,28.22,26.20,-2787.11,137.39,0.0,0.0,,-2787.11
161,18,2.00,11,18.02,28.39,26.20,-2951.68,104.15,0.0,0.0,,-2951.68
161,19,2.00,11,16.95,27.38,26.08,0.0,62.88,0.0,0.0,,0.0
161,20,2.00,11,16.28,26.88,25.81,0.0,0.03,0.0,0.0,,0.0
161,21,2.00,11,16.11,26.50,25.50,0.0,0.00,0.0,0.0,,0.0
161,22,2.00,11,16.02,26.15,25.20,0.0,0.00,0.0,0.0,,0.0
161,23,2.00,11,15.78,25.82,24.89,0.0,0.00,0.0,0.0,,0.0
161,24,2.00,11,15.68,25.50,24.60,0.0,0.00,0.0,0.0,,0.0
161,1,3.00,11,15.34,25.18,24.31,0.0,0.00,0.0,0.0,,0.0
161,2,3.00,11,15.04,24.87,24.02,0.0,0.00,0.0,0.0,,0.0
161,3,3.00,11,15.17,24.59,23.76,0.0,0.00,0.0,0.0,,0.0
161,4,3.00,11,15.13,24.32,23.51,0.0,0.00,0.0,0.0,,0.0
161,5,3.00,11,14.90,24.05,23.26,0.0,0.00,0.0,0.0,,0.0
161,6,3.00,11,14.68,23.78,23.01,0.0,0.00,0.0,0.0,,0.0
161,7,3.00,11,14.47,23.52,22.77,0.0,0.26,0.0,0.0,,0.0
161,8,3.00,11,14.78,25.67,24.94,0.0,38.27,0.0,0.0,,0.0
161,9,3.00,11,15.63,26.46,25.74,0.0,79.88,0.0,0.0,,0.0
161,10,3.00,11,16.77,27.01,26.31,0.0,139.60,0.0,0.0,,0.0
161,11,3.00,11,17.79,27.55,26.87,0.0,145.39,0.0,0.0,,0.0
161,12,3.00,11,18.88,28.17,27.50,0.0,159.94,0.0,0.0,,0.0
161,13,3.00,11,19.44,28.80,28.14,0.0,166.99,0.0,0.0,,0.0
161,14,3.00,11,19.46,29.40,28.76,0.0,167.62,0.0,0.0,,0.0
161,15,3.00,11,19.32,29.96,29.33,0.0,164.61,0.0,0.0,,0.0
161,16,3.00,11,19.18,30.47,29.86,0.0,154.15,0.0,0.0,,0.0
161,17,3.00,11,18.78,30.89,30.29,0.0,137.39,0.0,0.0,,0.0
161,18,3.00,11,18.49,31.23,30.64,0.0,104.15,0.0,0.0,,0.0
161,19,3.00,11,17.47,29.06,28.49,0.0,62.88,0.0,0.0,,0.0
161,20,3.00,11,16.30,28.22,27.66,0.0,0.03,0.0,0.0,,0.0
161,21,3.00,11,15.81,27.70,27.15,0.0,0.00,0.0,0.0,,0.0
161,22,3.00,11,15.42,27.26,26.72,0.0,0.00,0.0,0.0,,0.0
161,23,3.00,11,15.27,26.86,26.33,0.0,0.00,0.0,0.0,,0.0
161,24,3.00,11,15.45,26.51,25.98,0.0,0.00,0.0,0.0,,0.0
161,1,4.00,11,14.99,26.13,25.62,0.0,0.00,0.0,0.0,,0.0
161,2,4.00,11,14.83,25.78,25.27,0.0,0.00,0.0,0.0,,0.0
161,3,4.00,11,14.96,25.46,24.96,0.0,0.00,0.0,0.0,,0.0
161,4,4.00,11,15.02,25.16,24.67,0.0,0.00,0.0,0.0,,0.0
161,5,4.00,11,14.90,24.86,24.37,0.0,0.00,0.0,0.0,,0.0
161,6,4.00,11,14.74,24.56,24.09,0.0,0.00,0.0,0.0,,0.0
161,7,4.00,11,14.69,24.28,23.81,0.0,0.26,0.0,0.0,,0.0
161,8,4.00,11,14.97,26.41,25.95,0.0,38.27,0.0,0.0,,0.0
161,9,4.00,11,15.56,27.15,26.70,0.0,79.88,0.0,0.0,,0.0
161,10,4.00,11,16.61,27.67,27.22,0.0,139.60,0.0,0.0,,0.0
161,11,4.00,11,17.25,28.16,27.71,0.0,145.39,0.0,0.0,,0.0
161,12,4.00,11,17.96,28.70,28.27,0.0,159.94,0.0,0.0,,0.0
161,13,4.00,11,18.26,29.27,28.84,0.0,166.99,0.0,0.0,,0.0
161,14,4.00,11,18.45,29.83,29.41,0.0,167.62,0.0,0.0,,0.0
161,15,4.00,11,18.46,30.36,29.94,0.0,164.61,0.0,0.0,,0.0
161,16,4.00,11,18.53,30.85,30.44,0.0,154.15,0.0,0.0,,0.0
161,17,4.00,11,18.48,31.27,30.86,0.0,137.39,0.0,0.0,,0.0
161,18,4.00,11,17.76,31.56,31.16,0.0,104.15,0.0,0.0,,0.0
161,19,4.00,11,16.53,29.35,28.95,0.0,62.88,0.0,0.0,,0.0
161,20,4.00,11,15.84,28.51,28.11,0.0,0.03,0.0,0.0,,0.0
161,21,4.00,11,15.77,28.00,27.60,0.0,0.00,0.0,0.0,,0.0
161,22,4.00,11,15.53,27.56,27.17,0.0,0.00,0.0,0.0,,0.0
161,23,4.00,11,15.59,27.17,26.79,0.0,0.00,0.0,0.0,,0.0
161,24,4.00,11,15.67,26.81,26.43,0.0,0.00,0.0,0.0,,0.0
161,1,5.00,11,15.69,26.46,26.09,0.0,0.00,0.0,0.0,,0.0
161,2,5.00,11,15.39,26.11,25.74,0.0,0.00,0.0,0.0,,0.0
161,3,5.00,11,15.31,25.78,25.41,0.0,0.00,0.0,0.0,,0.0
161,4,5.00,11,15.42,25.47,25.11,0.0,0.00,0.0,0.0,,0.0
161,5,5.00,11,15.24,25.17,24.81,0.0,0.00,0.0,0.0,,0.0
161,6,5.00,11,15.09,24.87,24.51,0.0,0.00,0.0,0.0,,0.0
161,7,5.00,11,14.97,24.58,24.23,0.0,0.26,0.0,0.0,,0.0
161,8,5.00,11,15.52,25.51,25.19,0.0,38.27,0.0,0.0,,0.0
161,9,5.00,11,16.32,25.91,25.60,0.0,79.88,0.0,0.0,,0.0
161,10,5.00,11,17.28,26.30,26.00,0.0,139.60,0.0,0.0,,0.0
161,11,5.00,11,17.81,26.67,26.20,-455.22,145.39,0.0,0.0,,-455.22
161,12,5.00,11,17.92,27.02,26.20,-1267.57,159.94,0.0,0.0,,-1267.57
161,13,5.00,11,17.99,27.40,26.20,-1952.87,166.99,0.0,0.0,,-1952.87
161,14,5.00,11,18.33,27.82,26.20,-2695.14,167.62,0.0,0.0,,-2695.14
161,15,5.00,11,18.15,28.15,26.20,-3133.16,164.61,0.0,0.0,,-3133.16
161,16,5.00,11,18.26,28.46,26.20,-3565.07,154.15,0.0,0.0,,-3565.07
161,17,5.00,11,18.18,28.71,26.20,-3775.89,137.39,0.0,0.0,,-3775.89
161,18,5.00,11,17.59,28.79,26.20,-3621.06,104.15,0.0,0.0,,-3621.06
161,19,5.00,11,16.65,27.83,26.36,0.0,62.88,0.0,0.0,,0.0
161,20,5.00,11,15.66,27.30,26.13,0.0,0.03,0.0,0.0,,0.0
161,21,5.00,11,15.76,26.91,25.83,0.0,0.00,0.0,0.0,,0.0
161,22,5.00,11,15.69,26.55,25.52,0.0,0.00,0.0,0.0,,0.0
161,23,5.00,11,15.61,26.20,25.21,0.0,0.00,0.0,0.0,,0.0
161,24,5.00,11,15.56,25.88,24.91,0.0,0.00,0.0,0.0,,0.0
161,1,6.00,11,15.38,25.55,24.62,0.0,0.00,0.0,0.0,,0.0
161,2,6.00,11,15.10,25.23,24.33,0.0,0.00,0.0,0.0,,0.0
161,3,6.00,11,15.11,24.94,24.06,0.0,0.00,0.0,0.0,,0.0
161,4,6.00,11,15.23,24.67,23.81,0.0,0.00,0.0,0.0,,0.0
161,5,6.00,11,15.01,24.39,23.56,0.0,0.00,0.0,0.0,,0.0
161,6,6.00,11,15.15,24.14,23.33,0.0,0.00,0.0,0.0,,0.0
161,7,6.00,11,14.98,23.88,23.10,0.0,0.26,0.0,0.0,,0.0
161,8,6.00,11,15.17,24.85,24.16,0.0,38.27,0.0,0.0,,0.0
161,9,6.00,11,16.36,25.34,24.69,0.0,79.88,0.0,0.0,,0.0
161,10,6.00,11,17.84,25.85,25.23,0.0,139.60,0.0,0.0,,0.0
161,11,6.00,11,18.86,26.36,25.76,0.0,145.39,0.0,0.0,,0.0
161,12,6.00,11,19.02,26.80,26.20,-59.73,159.94,0.0,0.0,,-59.73
161,13,6.00,11,18.71,27.17,26.20,-1048.2,166.99,0.0,0.0,,-1048.2
161,14,6.00,11,18.94,27.60,26.20,-1924.66,167.62,0.0,0.0,,-1924.66
161,15,6.00,11,18.90,27.98,26.20,-2572.82,164.61,0.0,0.0,,-2572.82
161,16,6.00,11,19.00,28.34,26.20,-3132.83,154.15,0.0,0.0,,-3132.83
161,17,6.00,11,18.66,28.57,26.20,-3352.6,137.39,0.0,0.0,,-3352.6
161,18,6.00,11,18.32,28.71,26.20,-3394.72,104.15,0.0,0.0,,-3394.72
161,19,6.00,11,17.65,27.73,26.25,0.0,62.88,0.0,0.0,,0.0
161,20,6.00,11,16.68,27.21,26.00,0.0,0.03,0.0,0.0,,0.0
161,21,6.00,11,16.26,26.81,25.69,0.0,0.00,0.0,0.0,,0.0
161,22,6.00,11,15.91,26.44,25.37,0.0,0.00,0.0,0.0,,0.0
161,23,6.00,11,15.55,26.08,25.05,0.0,0.00,0.0,0.0,,0.0
161,24,6.00,11,15.52,25.76,24.76,0.0,0.00,0.0,0.0,,0.0
161,1,7.00,11,15.40,25.44,24.47,0.0,0.00,0.0,0.0,,0.0
161,2,7.00,11,15.17,25.13,24.19,0.0,0.00,0.0,0.0,,0.0
161,3,7.00,11,15.12,24.84,23.92,0.0,0.00,0.0,0.0,,0.0
161,4,7.00,11,15.17,24.56,23.68,0.0,0.00,0.0,0.0,,0.0
161,5,7.00,11,15.03,24.29,23.43,0.0,0.00,0.0,0.0,,0.0
161,6,7.00,11,15.24,24.05,23.21,0.0,0.00,0.0,0.0,,0.0
161,7,7.00,11,15.28,23.81,23.00,0.0,0.26,0.0,0.0,,0.0
161,8,7.00,11,15.41,24.82,24.11,0.0,38.27,0.0,0.0,,0.0
161,9,7.00,11,15.81,25.20,24.52,0.0,79.88,0.0,0.0,,0.0
161,10,7.00,11,16.89,25.61,24.97,0.0,139.60,0.0,0.0,,0.0
161,11,7.00,11,17.67,26.04,25.42,0.0,145.39,0.0,0.0,,0.0
161,12,7.00,11,18.35,26.53,25.93,0.0,159.94,0.0,0.0,,0.0
161,13,7.00,11,18.44,26.96,26.20,-489.26,166.99,0.0,0.0,,-489.26
161,14,7.00,11,18.72,27.41,26.20,-1563.37,167.62,0.0,0.0,,-1563.37
161,15,7.00,11,19.05,27.86,26.20,-2392.54,164.61,0.0,0.0,,-2392.54
161,16,7.00,11,19.11,28.23,26.20,-2974.47,154.15,0.0,0.0,,-2974.47
161,17,7.00,11,18.91,28.50,26.20,-3277.93,137.39,0.0,0.0,,-3277.93
161,18,7.00,11,18.11,28.59,26.20,-3159.08,104.15,0.0,0.0,,-3159.08
161,19,7.00,11,17.35,27.59,26.17,0.0,62.88,0.0,0.0,,0.0
161,20,7.00,11,16.70,27.09,25.93,0.0,0.03,0.0,0.0,,0.0
161,21,7.00,11,16.27,26.70,25.62,0.0,0.00,0.0,0.0,,0.0
161,22,7.00,11,16.08,26.34,25.31,0.0,0.00,0.0,0.0,,0.0
161,23,7.00,11,15.98,26.01,25.02,0.0,0.00,0.0,0.0,,0.0
161,24,7.00,11,15.63,25.68,24.71,0.0,0.00,0.0,0.0,,0.0
161,1,1.00,11,15.53,25.37,24.43,0.0,0.00,0.0,0.0,,0.0
161,2,1.00,11,15.49,25.07,24.16,0.0,0.00,0.0,0.0,,0.0
161,3,1.00,11,15.50,24.80,23.91,0.0,0.00,0.0,0.0,,0.0
161,4,1.00,11,15.23,24.51,23.65,0.0,0.00,0.0,0.0,,0.0
161,5,1.00,11,15.13,24.24,23.41,0.0,0.00,0.0,0.0,,0.0
161,6,1.00,11,15.15,23.99,23.18,0.0,0.00,0.0,0.0,,0.0
161,7,1.00,11,15.17,23.76,22.97,0.0,0.26,0.0,0.0,,0.0
161,8,1.00,11,15.60,24.80,24.11,0.0,38.27,0.0,0.0,,0.0
161,9,1.00,11,16.16,25.22,24.56,0.0,79.88,0.0,0.0,,0.0
161,10,1.00,11,17.35,25.67,25.04,0.0,139.60,0.0,0.0,,0.0
161,11,1.00,11,18.06,26.11,25.50,0.0,145.39,0.0,0.0,,0.0
161,12,1.00,11,18.63,26.59,26.00,0.0,159.94,0.0,0.0,,0.0
161,13,1.00,11,18.89,27.05,26.20,-750.1,166.99,0.0,0.0,,-750.1
161,14,1.00,11,18.96,27.48,26.20,-1704.68,167.62,0.0,0.0,,-1704.68
161,15,1.00,11,19.12,27.90,26.20,-2466.21,164.61,0.0,0.0,,-2466.21
161,16,1.00,11,18.89,28.22,26.20,-2919.52,154.15,0.0,0.0,,-2919.52
161,17,1.00,11,18.87,28.50,26.20,-3290.78,137.39,0.0,0.0,,-3290.78
161,18,1.00,11,17.99,28.58,26.20,-3134.1,104.15,0.0,0.0,,-3134.1
161,19,1.00,11,17.14,27.58,26.16,0.0,62.88,0.0,0.0,,0.0
161,20,1.00,11,16.03,27.05,25.89,0.0,0.03,0.0,0.0,,0.0
161,21,1.00,11,15.79,26.65,25.57,0.0,0.00,0.0,0.0,,0.0
161,22,1.00,11,15.48,26.28,25.25,0.0,0.00,0.0,0.0,,0.0
161,23,1.00,11,15.25,25.93,24.93,0.0,0.00,0.0,0.0,,0.0
161,24,1.00,11,15.15,25.60,24.63,0.0,0.00,0.0,0.0,,0.0
161,1,2.00,11,14.76,25.26,24.32,0.0,0.00,0.0,0.0,,0.0
161,2,2.00,11,14.68,24.94,24.03,0.0,0.00,0.0,0.0,,0.0
161,3,2.00,11,14.81,24.66,23.77,0.0,0.00,0.0,0.0,,0.0
161,4,2.00,11,14.70,24.38,23.52,0.0,0.00,0.0,0.0,,0.0
161,5,2.00,11,14.73,24.11,23.27,0.0,0.00,0.0,0.0,,0.0
161,6,2.00,11,14.91,23.87,23.05,0.0,0.00,0.0,0.0,,0.0
161,7,2.00,11,14.77,23.62,22.83,0.0,0.26,0.0,0.0,,0.0
161,8,2.00,11,14.89,24.59,23.89,0.0,38.27,0.0,0.0,,0.0
161,9,2.00,11,15.69,25.02,24.36,0.0,79.88,0.0,0.0,,0.0
161,10,2.00,11,16.86,25.46,24.83,0.0,139.60,0.0,0.0,,0.0
161,11,2.00,11,17.50,25.88,25.27,0.0,145.39,0.0,0.0,,0.0
161,12,2.00,11,17.80,26.30,25.72,0.0,159.94,0.0,0.0,,0.0
161,13,2.00,11,18.27,26.78,26.20,-46.3,166.99,0.0,0.0,,-46.3
161,14,2.00,11,18.59,27.25,26.20,-1283.58,167.62,0.0,0.0,,-1283.58
161,15,2.00,11,18.82,27.68,26.20,-2100.97,164.61,0.0,0.0,,-2100.97
161,16,2.00,11,18.51,27.99,26.20,-2549.1,154.15,0.0,0.0,,-2549.1
161,17,2.00,11,18.34,28.25,26.20,-2879.86,137.39,0.0,0.0,,-2879.86
161,18,2.00,11,17.27,28.28,26.20,-2659.52,104.15,0.0,0.0,,-2659.52
161,19,2.00,11,16.58,27.32,26.06,0.0,62.88,0.0,0.0,,0.0
161,20,2.00,11,15.70,26.81,25.76,0.0,0.03,0.0,0.0,,0.0
161,21,2.00,11,15.51,26.42,25.44,0.0,0.00,0.0,0.0,,0.0
161,22,2.00,11,15.56,26.08,25.14,0.0,0.00,0.0,0.0,,0.0
161,23,2.00,11,15.46,25.75,24.84,0.0,0.00,0.0,0.0,,0.0
161,24,2.00,11,15.57,25.44,24.56,0.0,0.00,0.0,0.0,,0.0
161,1,3.00,11,15.59,25.15,24.30,0.0,0.00,0.0,0.0,,0.0
161,2,3.00,11,15.73,24.88,24.05,0.0,0.00,0.0,0.0,,0.0
161,3,3.00,11,15.63,24.61,23.80,0.0,0.00,0.0,0.0,,0.0
161,4,3.00,11,15.29,24.34,23.55,0.0,0.00,0.0,0.0,,0.0
161,5,3.00,11,15.22,24.08,23.31,0.0,0.00,0.0,0.0,,0.0
161,6,3.00,11,15.70,23.87,23.12,0.0,0.00,0.0,0.0,,0.0
161,7,3.00,11,15.90,23.66,22.94,0.0,0.26,0.0,0.0,,0.0
161,8,3.00,11,16.17,25.85,25.14,0.0,38.27,0.0,0.0,,0.0
161,9,3.00,11,16.82,26.65,25.96,0.0,79.88,0.0,0.0,,0.0
161,10,3.00,11,18.50,27.27,26.59,0.0,139.60,0.0,0.0,,0.0
161,11,3.00,11,19.11,27.82,27.16,0.0,145.39,0.0,0.0,,0.0
161,12,3.00,11,19.46,28.40,27.76,0.0,159.94,0.0,0.0,,0.0
161,13,3.00,11,19.36,28.99,28.36,0.0,166.99,0.0,0.0,,0.0
161,14,3.00,11,19.32,29.57,28.96,0.0,167.62,0.0,0.0,,0.0
161,15,3.00,11,19.05,30.12,29.51,0.0,164.61,0.0,0.0,,0.0
161,16,3.00,11,19.06,30.62,30.03,0.0,154.15,0.0,0.0,,0.0
161,17,3.00,11,18.65,31.04,30.46,0.0,137.39,0.0,0.0,,0.0
161,18,3.00,11,17.70,31.33,30.76,0.0,104.15,0.0,0.0,,0.0
161,19,3.00,11,17.15,29.17,28.61,0.0,62.88,0.0,0.0,,0.0
161,20,3.00,11,16.70,28.37,27.83,0.0,0.03,0.0,0.0,,0.0
161,21,3.00,11,16.25,27.86,27.33,0.0,0.00,0.0,0.0,,0.0
161,22,3.00,11,15.76,27.42,26.90,0.0,0.00,0.0,0.0,,0.0
161,23,3.00,11,15.60,27.03,26.52,0.0,0.00,0.0,0.0,,0.0
161,24,3.00,11,15.86,26.68,26.18,0.0,0.00,0.0,0.0,,0.0
161,1,4.00,11,15.79,26.34,25.85,0.0,0.00,0.0,0.0,,0.0
161,2,4.00,11,15.86,26.02,25.54,0.0,0.00,0.0,0.0,,0.0
161,3,4.00,11,15.80,25.71,25.23,0.0,0.00,0.0,0.0,,0.0
161,4,4.00,11,15.60,25.40,24.93,0.0,0.00,0.0,0.0,,0.0
161,5,4.00,11,15.51,25.11,24.65,0.0,0.00,0.0,0.0,,0.0
161,6,4.00,11,15.39,24.82,24.37,0.0,0.00,0.0,0.0,,0.0
161,7,4.00,11,15.15,24.54,24.09,0.0,0.26,0.0,0.0,,0.0
161,8,4.00,11,15.18,26.65,26.21,0.0,38.27,0.0,0.0,,0.0
161,9,4.00,11,15.65,27.38,26.95,0.0,79.88,0.0,0.0,,0.0
161,10,4.00,11,16.74,27.90,27.47,0.0,139.60,0.0,0.0,,0.0
161,11,4.00,11,17.35,28.38,27.96,0.0,145.39,0.0,0.0,,0.0
161,12,4.00,11,17.87,28.91,28.50,0.0,159.94,0.0,0.0,,0.0
161,13,4.00,11,18.22,29.47,29.06,0.0,166.99,0.0,0.0,,0.0
161,14,4.00,11,18.52,30.03,29.63,0.0,167.62,0.0,0.0,,0.0
161,15,4.00,11,18.63,30.57,30.17,0.0,164.61,0.0,0.0,,0.0
161,16,4.00,11,18.42,31.04,30.65,0.0,154.15,0.0,0.0,,0.0
161,17,4.00,11,18.03,31.42,31.04,0.0,137.39,0.0,0.0,,0.0
161,18,4.00,11,17.70,31.72,31.34,0.0,104.15,0.0,0.0,,0.0
161,19,4.00,11,16.73,29.53,29.15,0.0,62.88,0.0,0.0,,0.0
161,20,4.00,11,16.32,28.71,28.33,0.0,0.03,0.0,0.0,,0.0
161,21,4.00,11,16.37,28.21,27.85,0.0,0.00,0.0,0.0,,0.0
161,22,4.00,11,16.42,27.81,27.44,0.0,0.00,0.0,0.0,,0.0
161,23,4.00,11,16.34,27.43,27.07,0.0,0.00,0.0,0.0,,0.0
161,24,4.00,11,15.82,27.04,26.68,0.0,0.00,0.0,0.0,,0.0
161,1,5.00,11,15.86,26.68,26.33,0.0,0.00,0.0,0.0,,0.0
161,2,5.00,11,15.56,26.33,25.98,0.0,0.00,0.0,0.0,,0.0
161,3,5.00,11,15.34,25.99,25.64,0.0,0.00,0.0,0.0,,0.0
161,4,5.00,11,15.34,25.67,25.33,0.0,0.00,0.0,0.0,,0.0
161,5,5.00,11,15.22,25.36,25.02,0.0,0.00,0.0,0.0,,0.0
161,6,5.00,11,15.20,25.07,24.73,0.0,0.00,0.0,0.0,,0.0
161,7,5.00,11,15.03,24.78,24.44,0.0,0.26,0.0,0.0,,0.0
161,8,5.00,11,15.48,25.67,25.37,0.0,38.27,0.0,0.0,,0.0
161,9,5.00,11,15.80,25.98,25.69,0.0,79.88,0.0,0.0,,0.0
161,10,5.00,11,16.75,26.33,26.05,0.0,139.60,0.0,0.0,,0.0
161,11,5.00,11,17.52,26.72,26.20,-643.57,145.39,0.0,0.0,,-643.57
161,12,5.00,11,18.08,27.15,26.20,-1574.1,159.94,0.0,0.0,,-1574.1
161,13,5.00,11,18.55,27.60,26.20,-2404.49,166.99,0.0,0.0,,-2404.49
161,14,5.00,11,18.61,27.99,26.20,-3017.17,167.62,0.0,0.0,,-3017.17
161,15,5.00,11,18.65,28.36,26.20,-3534.04,164.61,0.0,0.0,,-3534.04
161,16,5.00,11,18.57,28.66,26.20,-3880.51,154.15,0.0,0.0,,-3880.51
161,17,5.00,11,18.35,28.88,26.20,-4021.84,137.39,0.0,0.0,,-4021.84
161,18,5.00,11,18.04,29.01,26.20,-3975.42,104.15,0.0,0.0,,-3975.42
161,19,5.00,11,17.24,28.05,26.47,0.0,62.88,0.0,0.0,,0.0
161,20,5.00,11,16.59,27.55,26.29,0.0,0.03,0.0,0.0,,0.0
161,21,5.00,11,16.56,27.17,26.02,0.0,0.00,0.0,0.0,,0.0
161,22,5.00,11,16.68,26.83,25.73,0.0,0.00,0.0,0.0,,0.0
161,23,5.00,11,16.61,26.50,25.45,0.0,0.00,0.0,0.0,,0.0
161,24,5.00,11,16.00,26.16,25.13,0.0,0.00,0.0,0.0,,0.0
161,1,6.00,11,15.97,25.84,24.85,0.0,0.00,0.0,0.0,,0.0
161,2,6.00,11,15.76,25.53,24.57,0.0,0.00,0.0,0.0,,0.0
161,3,6.00,11,15.57,25.23,24.30,0.0,0.00,0.0,0.0,,0.0
161,4,6.00,11,15.42,24.94,24.04,0.0,0.00,0.0,0.0,,0.0
161,5,6.00,11,15.25,24.66,23.79,0.0,0.00,0.0,0.0,,0.0
161,6,6.00,11,15.19,24.39,23.55,0.0,0.00,0.0,0.0,,0.0
161,7,6.00,11,15.11,24.14,23.31,0.0,0.26,0.0,0.0,,0.0
161,8,6.00,11,15.27,25.09,24.36,0.0,38.27,0.0,0.0,,0.0
161,9,6.00,11,15.91,25.48,24.80,0.0,79.88,0.0,0.0,,0.0
161,10,6.00,11,16.98,25.89,25.24,0.0,139.60,0.0,0.0,,0.0
161,11,6.00,11,17.83,26.33,25.70,0.0,145.39,0.0,0.0,,0.0
161,12,6.00,11,18.26,26.77,26.17,0.0,159.94,0.0,0.0,,0.0
161,13,6.00,11,18.52,27.21,26.20,-1120.51,166.99,0.0,0.0,,-1120.51
161,14,6.00,11,18.65,27.63,26.20,-1950.88,167.62,0.0,0.0,,-1950.88
161,15,6.00,11,18.57,28.00,26.20,-2564.56,164.61,0.0,0.0,,-2564.56
161,16,6.00,11,18.48,28.32,26.20,-3030.86,154.15,0.0,0.0,,-3030.86
161,17,6.00,11,18.23,28.54,26.20,-3268.49,137.39,0.0,0.0,,-3268.49
161,18,6.00,11,17.86,28.67,26.20,-3287.5,104.15,0.0,0.0,,-3287.5
161,19,6.00,11,17.04,27.71,26.23,0.0,62.88,0.0,0.0,,0.0
161,20,6.00,11,15.99,27.18,25.98,0.0,0.03,0.0,0.0,,0.0
161,21,6.00,11,15.45,26.76,25.65,0.0,0.00,0.0,0.0,,0.0
161,22,6.00,11,15.64,26.42,25.35,0.0,0.00,0.0,0.0,,0.0
161,23,6.00,11,15.79,26.10,25.06,0.0,0.00,0.0,0.0,,0.0
161,24,6.00,11,16.23,25.81,24.82,0.0,0.00,0.0,0.0,,0.0
161,1,7.00,11,15.45,25.48,24.51,0.0,0.00,0.0,0.0,,0.0
161,2,7.00,11,15.21,25.16,24.23,0.0,0.00,0.0,0.0,,0.0
161,3,7.00,11,15.80,24.92,24.01,0.0,0.00,0.0,0.0,,0.0
161,4,7.00,11,16.67,24.72,23.84,0.0,0.00,0.0,0.0,,0.0
161,5,7.00,11,16.80,24.51,23.65,0.0,0.00,0.0,0.0,,0.0
161,6,7.00,11,16.23,24.26,23.42,0.0,0.00,0.0,0.0,,0.0
161,7,7.00,11,15.77,24.00,23.19,0.0,0.26,0.0,0.0,,0.0
161,8,7.00,11,15.88,25.04,24.33,0.0,38.27,0.0,0.0,,0.0
161,9,7.00,11,16.17,25.41,24.74,0.0,79.88,0.0,0.0,,0.0
161,10,7.00,11,16.91,25.77,25.13,0.0,139.60,0.0,0.0,,0.0
161,11,7.00,11,17.58,26.18,25.56,0.0,145.39,0.0,0.0,,0.0
161,12,7.00,11,18.09,26.62,26.03,0.0,159.94,0.0,0.0,,0.0
161,13,7.00,11,18.34,27.06,26.20,-765.47,166.99,0.0,0.0,,-765.47
161,14,7.00,11,18.56,27.50,26.20,-1729.97,167.62,0.0,0.0,,-1729.97
161,15,7.00,11,18.65,27.90,26.20,-2436.34,164.61,0.0,0.0,,-2436.34
161,16,7.00,11,18.66,28.24,26.20,-2963.59,154.15,0.0,0.0,,-2963.59
161,17,7.00,11,18.76,28.54,26.20,-3368.79,137.39,0.0,0.0,,-3368.79
161,18,7.00,11,18.32,28.69,26.20,-3382.42,104.15,0.0,0.0,,-3382.42
161,19,7.00,11,17.40,27.69,26.23,0.0,62.88,0.0,0.0,,0.0
161,20,7.00,11,16.46,27.17,25.98,0.0,0.03,0.0,0.0,,0.0
161,21,7.00,11,15.97,26.76,25.67,0.0,0.00,0.0,0.0,,0.0
161,22,7.00,11,16.01,26.42,25.37,0.0,0.00,0.0,0.0,,0.0
161,23,7.00,11,15.82,26.08,25.07,0.0,0.00,0.0,0.0,,0.0
161,24,7.00,11,15.10,25.72,24.74,0.0,0.00,0.0,0.0,,0.0
161,1,1.00,11,14.55,25.37,24.41,0.0,0.00,0.0,0.0,,0.0
161,2,1.00,11,13.66,24.99,24.07,0.0,0.00,0.0,0.0,,0.0
161,3,1.00,11,12.72,24.60,23.71,0.0,0.00,0.0,0.0,,0.0
161,4,1.00,11,11.89,24.22,23.35,0.0,0.00,0.0,0.0,,0.0
161,5,1.00,11,11.21,23.84,22.99,0.0,0.00,0.0,0.0,,0.0
161,6,1.00,11,11.71,23.54,22.72,0.0,0.00,0.0,0.0,,0.0
161,7,1.00,11,12.11,23.27,22.47,0.0,0.26,0.0,0.0,,0.0
161,8,1.00,11,12.73,24.05,23.35,0.0,38.27,0.0,0.0,,0.0
161,9,1.00,11,14.03,24.48,23.82,0.0,79.88,0.0,0.0,,0.0
161,10,1.00,11,15.63,24.97,24.34,0.0,139.60,0.0,0.0,,0.0
161,11,1.00,11,16.89,25.48,24.88,0.0,145.39,0.0,0.0,,0.0
161,12,1.00,11,17.90,26.04,25.45,0.0,159.94,0.0,0.0,,0.0
161,13,1.00,11,18.78,26.62,26.06,0.0,166.99,0.0,0.0,,0.0
161,14,1.00,11,19.39,27.18,26.20,-1128.35,167.62,0.0,0.0,,-1128.35
161,15,1.00,11,19.89,27.71,26.20,-2217.41,164.61,0.0,0.0,,-2217.41
161,16,1.00,11,20.39,28.20,26.20,-3074.29,154.15,0.0,0.0,,-3074.29
161,17,1.00,11,19.99,28.50,26.20,-3389.22,137.39,0.0,0.0,,-3389.22
161,18,1.00,11,19.35,28.65,26.20,-3413.86,104.15,0.0,0.0,,-3413.86
161,19,1.00,11,18.11,27.55,26.14,0.0,62.88,0.0,0.0,,0.0
161,20,1.00,11,16.71,27.00,25.86,0.0,0.03,0.0,0.0,,0.0
161,21,1.00,11,16.15,26.59,25.54,0.0,0.00,0.0,0.0,,0.0
161,22,1.00,11,15.67,26.22,25.22,0.0,0.00,0.0,0.0,,0.0
161,23,1.00,11,15.40,25.87,24.91,0.0,0.00,0.0,0.0,,0.0
161,24,1.00,11,14.87,25.52,24.58,0.0,0.00,0.0,0.0,,0.0
161,1,2.00,11,14.17,25.16,24.25,0.0,0.00,0.0,0.0,,0.0
161,2,2.00,11,13.46,24.79,23.91,0.0,0.00,0.0,0.0,,0.0
161,3,2.00,11,12.90,24.44,23.58,0.0,0.00,0.0,0.0,,0.0
161,4,2.00,11,12.30,24.08,23.25,0.0,0.00,0.0,0.0,,0.0
161,5,2.00,11,11.66,23.72,22.91,0.0,0.00,0.0,0.0,,0.0
161,6,2.00,11,11.25,23.38,22.59,0.0,0.00,0.0,0.0,,0.0
161,7,2.00,11,11.78,23.10,22.34,0.0,0.26,0.0,0.0,,0.0
161,8,2.00,11,12.48,23.88,23.21,0.0,38.27,0.0,0.0,,0.0
161,9,2.00,11,13.48,24.26,23.62,0.0,79.88,0.0,0.0,,0.0
161,10,2.00,11,15.15,24.74,24.13,0.0,139.60,0.0,0.0,,0.0
161,11,2.00,11,16.79,25.31,24.72,0.0,145.39,0.0,0.0,,0.0
161,12,2.00,11,18.12,25.93,25.36,0.0,159.94,0.0,0.0,,0.0
161,13,2.00,11,19.04,26.54,26.00,0.0,166.99,0.0,0.0,,0.0
161,14,2.00,11,19.73,27.13,26.20,-1045.48,167.62,0.0,0.0,,-1045.48
161,15,2.00,11,19.62,27.57,26.20,-1945.03,164.61,0.0,0.0,,-1945.03
161,16,2.00,11,19.72,27.98,26.20,-2656.42,154.15,0.0,0.0,,-2656.42
161,17,2.00,11,19.63,28.31,26.20,-3102.29,137.39,0.0,0.0,,-3102.29
161,18,2.00,11,19.36,28.52,26.20,-3292.18,104.15,0.0,0.0,,-3292.18
161,19,2.00,11,18.28,27.43,26.11,0.0,62.88,0.0,0.0,,0.0
161,20,2.00,11,17.28,26.92,25.85,0.0,0.03,0.0,0.0,,0.0
161,21,2.00,11,16.87,26.54,25.55,0.0,0.00,0.0,0.0,,0.0
161,22,2.00,11,17.19,26.24,25.30,0.0,0.00,0.0,0.0,,0.0
161,23,2.00,11,17.25,25.96,25.05,0.0,0.00,0.0,0.0,,0.0
161,24,2.00,11,16.83,25.66,24.78,0.0,0.00,0.0,0.0,,0.0
161,1,3.00,11,16.54,25.37,24.51,0.0,0.00,0.0,0.0,,0.0
161,2,3.00,11,16.25,25.08,24.25,0.0,0.00,0.0,0.0,,0.0
161,3,3.00,11,15.88,24.80,23.99,0.0,0.00,0.0,0.0,,0.0
161,4,3.00,11,15.48,24.51,23.72,0.0,0.00,0.0,0.0,,0.0
161,5,3.00,11,14.95,24.22,23.45,0.0,0.00,0.0,0.0,,0.0
161,6,3.00,11,14.62,23.94,23.20,0.0,0.00,0.0,0.0,,0.0
161,7,3.00,11,14.14,23.66,22.93,0.0,0.26,0.0,0.0,,0.0
161,8,3.00,11,14.09,25.78,25.07,0.0,38.27,0.0,0.0,,0.0
161,9,3.00,11,15.42,26.57,25.88,0.0,79.88,0.0,0.0,,0.0
161,10,3.00,11,17.16,27.17,26.49,0.0,139.60,0.0,0.0,,0.0
161,11,3.00,11,17.94,27.71,27.05,0.0,145.39,0.0,0.0,,0.0
161,12,3.00,11,18.64,28.30,27.66,0.0,159.94,0.0,0.0,,0.0
161,13,3.00,11,19.10,28.91,28.28,0.0,166.99,0.0,0.0,,0.0
161,14,3.00,11,19.25,29.51,28.90,0.0,167.62,0.0,0.0,,0.0
161,15,3.00,11,19.08,30.07,29.47,0.0,164.61,0.0,0.0,,0.0
161,16,3.00,11,19.29,30.59,30.01,0.0,154.15,0.0,0.0,,0.0
161,17,3.00,11,19.27,31.05,30.48,0.0,137.39,0.0,0.0,,0.0
161,18,3.00,11,19.31,31.42,30.86,0.0,104.15,0.0,0.0,,0.0
161,19,3.00,11,18.15,29.27,28.72,0.0,62.88,0.0,0.0,,0.0
161,20,3.00,11,16.75,28.43,27.89,0.0,0.03,0.0,0.0,,0.0
161,21,3.00,11,16.21,27.91,27.38,0.0,0.00,0.0,0.0,,0.0
161,22,3.00,11,16.65,27.53,27.01,0.0,0.00,0.0,0.0,,0.0
161,23,3.00,11,17.05,27.20,26.69,0.0,0.00,0.0,0.0,,0.0
161,24,3.00,11,17.04,26.87,26.38,0.0,0.00,0.0,0.0,,0.0
161,1,4.00,11,16.48,26.52,26.03,0.0,0.00,0.0,0.0,,0.0
161,2,4.00,11,16.35,26.19,25.72,0.0,0.00,0.0,0.0,,0.0
161,3,4.00,11,16.45,25.90,25.43,0.0,0.00,0.0,0.0,,0.0
161,4,4.00,11,16.48,25.61,25.15,0.0,0.00,0.0,0.0,,0.0
161,5,4.00,11,16.34,25.33,24.88,0.0,0.00,0.0,0.0,,0.0
161,6,4.00,11,16.52,25.08,24.64,0.0,0.00,0.0,0.0,,0.0
161,7,4.00,11,16.44,24.83,24.39,0.0,0.26,0.0,0.0,,0.0
161,8,4.00,11,16.66,26.98,26.55,0.0,38.27,0.0,0.0,,0.0
161,9,4.00,11,17.65,27.77,27.35,0.0,79.88,0.0,0.0,,0.0
161,10,4.00,11,18.58,28.32,27.90,0.0,139.60,0.0,0.0,,0.0
161,11,4.00,11,19.24,28.83,28.42,0.0,145.39,0.0,0.0,,0.0
161,12,4.00,11,19.58,29.38,28.97,0.0,159.94,0.0,0.0,,0.0
161,13,4.00,11,19.74,29.95,29.55,0.0,166.99,0.0,0.0,,0.0
161,14,4.00,11,20.23,30.54,30.15,0.0,167.62,0.0,0.0,,0.0
161,15,4.00,11,20.18,31.09,30.71,0.0,164.61,0.0,0.0,,0.0
161,16,4.00,11,20.20,31.59,31.21,0.0,154.15,0.0,0.0,,0.0
161,17,4.00,11,19.94,32.01,31.64,0.0,137.39,0.0,0.0,,0.0
161,18,4.00,11,19.53,32.33,31.96,0.0,104.15,0.0,0.0,,0.0
161,19,4.00,11,18.61,30.16,29.79,0.0,62.88,0.0,0.0,,0.0
161,20,4.00,11,17.72,29.33,28.97,0.0,0.03,0.0,0.0,,0.0
161,21,4.00,11,17.39,28.82,28.46,0.0,0.00,0.0,0.0,,0.0
161,22,4.00,11,17.34,28.40,28.05,0.0,0.00,0.0,0.0,,0.0
161,23,4.00,11,17.15,28.01,27.66,0.0,0.00,0.0,0.0,,0.0
161,24,4.00,11,16.81,27.63,27.28,0.0,0.00,0.0,0.0,,0.0
161,1,5.00,11,16.44,27.25,26.91,0.0,0.00,0.0,0.0,,0.0
161,2,5.00,11,16.27,26.90,26.56,0.0,0.00,0.0,0.0,,0.0
161,3,5.00,11,15.79,26.53,26.20,0.0,0.00,0.0,0.0,,0.0
161,4,5.00,11,15.93,26.21,25.88,0.0,0.00,0.0,0.0,,0.0
161,5,5.00,11,15.72,25.89,25.57,0.0,0.00,0.0,0.0,,0.0
161,6,5.00,11,16.03,25.61,25.29,0.0,0.00,0.0,0.0,,0.0
161,7,5.00,11,15.54,25.30,24.98,0.0,0.26,0.0,0.0,,0.0
161,8,5.00,11,15.36,26.09,25.80,0.0,38.27,0.0,0.0,,0.0
161,9,5.00,11,16.60,26.51,26.20,-87.76,79.88,0.0,0.0,,-87.76
161,10,5.00,11,17.69,26.90,26.20,-1106.14,139.60,0.0,0.0,,-1106.14
161,11,5.00,11,18.18,27.26,26.20,-1740.43,145.39,0.0,0.0,,-1740.43
161,12,5.00,11,18.72,27.68,26.20,-2504.93,159.94,0.0,0.0,,-2504.93
161,13,5.00,11,19.01,28.10,26.20,-3189.49,166.99,0.0,0.0,,-3189.49
161,14,5.00,11,19.47,28.55,26.20,-3904.69,167.62,0.0,0.0,,-3904.69
161,15,5.00,11,19.39,28.91,26.20,-4324.1,164.61,0.0,0.0,,-4324.1
161,16,5.00,11,19.98,29.32,26.20,-4902.43,154.15,0.0,0.0,,-4902.43
161,17,5.00,11,20.19,29.64,26.20,-5203.34,137.39,0.0,0.0,,-5203.34
161,18,5.00,11,20.42,29.90,26.20,-5365.45,104.15,0.0,0.0,,-5365.45
161,19,5.00,11,19.32,28.83,26.78,0.0,62.88,0.0,0.0,,0.0
161,20,5.00,11,18.34,28.30,26.68,0.0,0.03,0.0,0.0,,0.0
161,21,5.00,11,17.80,27.89,26.42,0.0,0.00,0.0,0.0,,0.0
161,22,5.00,11,17.94,27.55,26.15,0.0,0.00,0.0,0.0,,0.0
161,23,5.00,11,18.15,27.24,25.90,0.0,0.00,0.0,0.0,,0.0
161,24,5.00,11,18.31,26.96,25.66,0.0,0.00,0.0,0.0,,0.0
161,1,6.00,11,17.73,26.64,25.39,0.0,0.00,0.0,0.0,,0.0
161,2,6.00,11,17.57,26.34,25.13,0.0,0.00,0.0,0.0,,0.0
161,3,6.00,11,17.48,26.06,24.89,0.0,0.00,0.0,0.0,,0.0
161,4,6.00,11,17.35,25.79,24.66,0.0,0.00,0.0,0.0,,0.0
161,5,6.00,11,16.94,25.51,24.41,0.0,0.00,0.0,0.0,,0.0
161,6,6.00,11,17.33,25.28,24.22,0.0,0.00,0.0,0.0,,0.0
161,7,6.00,11,17.02,25.03,24.00,0.0,0.26,0.0,0.0,,0.0
161,8,6.00,11,17.17,26.09,25.19,0.0,38.27,0.0,0.0,,0.0
161,9,6.00,11,18.20,26.58,25.74,0.0,79.88,0.0,0.0,,0.0
161,10,6.00,11,18.81,26.96,26.16,0.0,139.60,0.0,0.0,,0.0
161,11,6.00,11,19.34,27.35,26.20,-995.94,145.39,0.0,0.0,,-995.94
161,12,6.00,11,19.53,27.75,26.20,-1829.09,159.94,0.0,0.0,,-1829.09
161,13,6.00,11,19.87,28.20,26.20,-2688.49,166.99,0.0,0.0,,-2688.49
161,14,6.00,11,20.58,28.71,26.20,-3642.16,167.62,0.0,0.0,,-3642.16
161,15,6.00,11,20.40,29.10,26.20,-4139.36,164.61,0.0,0.0,,-4139.36
161,16,6.00,11,20.37,29.44,26.20,-4567.25,154.15,0.0,0.0,,-4567.25
161,17,6.00,11,20.10,29.68,26.20,-4742.99,137.39,0.0,0.0,,-4742.99
161,18,6.00,11,20.07,29.88,26.20,-4853.39,104.15,0.0,0.0,,-4853.39
161,19,6.00,11,18.85,28.81,26.62,0.0,62.88,0.0,0.0,,0.0
161,20,6.00,11,17.63,28.26,26.46,0.0,0.03,0.0,0.0,,0.0
161,21,6.00,11,16.67,27.80,26.14,0.0,0.00,0.0,0.0,,0.0
161,22,6.00,11,16.87,27.44,25.86,0.0,0.00,0.0,0.0,,0.0
161,23,6.00,11,17.00,27.11,25.59,0.0,0.00,0.0,0.0,,0.0
161,24,6.00,11,17.26,26.80,25.34,0.0,0.00,0.0,0.0,,0.0
161,1,7.00,11,16.01,26.42,25.01,0.0,0.00,0.0,0.0,,0.0
161,2,7.00,11,15.70,26.08,24.71,0.0,0.00,0.0,0.0,,0.0
161,3,7.00,11,16.15,25.80,24.47,0.0,0.00,0.0,0.0,,0.0
161,4,7.00,11,16.04,25.51,24.23,0.0,0.00,0.0,0.0,,0.0
161,5,7.00,11,15.67,25.21,23.97,0.0,0.00,0.0,0.0,,0.0
161,6,7.00,11,15.96,24.96,23.76,0.0,0.00,0.0,0.0,,0.0
161,7,7.00,11,15.65,24.69,23.53,0.0,0.26,0.0,0.0,,0.0
161,8,7.00,11,16.02,25.66,24.65,0.0,38.27,0.0,0.0,,0.0
161,9,7.00,11,16.83,26.09,25.14,0.0,79.88,0.0,0.0,,0.0
161,10,7.00,11,17.74,26.48,25.58,0.0,139.60,0.0,0.0,,0.0
161,11,7.00,11,18.41,26.89,26.02,0.0,145.39,0.0,0.0,,0.0
161,12,7.00,11,18.91,27.33,26.20,-783.51,159.94,0.0,0.0,,-783.51
161,13,7.00,11,19.18,27.77,26.20,-1789.65,166.99,0.0,0.0,,-1789.65
161,14,7.00,11,19.74,28.27,26.20,-2748.66,167.62,0.0,0.0,,-2748.66
161,15,7.00,11,19.62,28.65,26.20,-3327.26,164.61,0.0,0.0,,-3327.26
161,16,7.00,11,19.91,29.03,26.20,-3933.52,154.15,0.0,0.0,,-3933.52
161,17,7.00,11,19.90,29.33,26.20,-4266.47,137.39,0.0,0.0,,-4266.47
161,18,7.00,11,19.85,29.54,26.20,-4416.35,104.15,0.0,0.0,,-4416.35
161,19,7.00,11,18.54,28.47,26.47,0.0,62.88,0.0,0.0,,0.0
161,20,7.00,11,17.44,27.93,26.28,0.0,0.03,0.0,0.0,,0.0
161,21,7.00,11,16.98,27.52,25.99,0.0,0.00,0.0,0.0,,0.0
161,22,7.00,11,16.40,27.13,25.67,0.0,0.00,0.0,0.0,,0.0
161,23,7.00,11,15.98,26.75,25.35,0.0,0.00,0.0,0.0,,0.0
161,24,7.00,11,16.53,26.46,25.10,0.0,0.00,0.0,0.0,,0.0
161,1,1.00,11,16.12,26.13,24.82,0.0,0.00,0.0,0.0,,0.0
161,2,1.00,11,15.78,25.80,24.54,0.0,0.00,0.0,0.0,,0.0
161,3,1.00,11,15.99,25.52,24.30,0.0,0.00,0.0,0.0,,0.0
161,4,1.00,11,16.61,25.29,24.10,0.0,0.00,0.0,0.0,,0.0
161,5,1.00,11,16.82,25.06,23.91,0.0,0.00,0.0,0.0,,0.0
161,6,1.00,11,16.02,24.77,23.66,0.0,0.00,0.0,0.0,,0.0
161,7,1.00,11,15.34,24.48,23.40,0.0,0.26,0.0,0.0,,0.0
161,8,1.00,11,15.78,25.45,24.51,0.0,38.27,0.0,0.0,,0.0
161,9,1.00,11,16.88,25.92,25.04,0.0,79.88,0.0,0.0,,0.0
161,10,1.00,11,18.14,26.39,25.55,0.0,139.60,0.0,0.0,,0.0
161,11,1.00,11,18.84,26.83,26.02,0.0,145.39,0.0,0.0,,0.0
161,12,1.00,11,19.59,27.34,26.20,-931.84,159.94,0.0,0.0,,-931.84
161,13,1.00,11,19.84,27.81,26.20,-1963.36,166.99,0.0,0.0,,-1963.36
161,14,1.00,11,20.50,28.34,26.20,-2990.87,167.62,0.0,0.0,,-2990.87
161,15,1.00,11,20.18,28.72,26.20,-3510.87,164.61,0.0,0.0,,-3510.87
161,16,1.00,11,19.48,28.96,26.20,-3730.49,154.15,0.0,0.0,,-3730.49
161,17,1.00,11,19.27,29.19,26.20,-3975.01,137.39,0.0,0.0,,-3975.01
161,18,1.00,11,18.80,29.31,26.20,-3941.22,104.15,0.0,0.0,,-3941.22
161,19,1.00,11,18.08,28.32,26.41,0.0,62.88,0.0,0.0,,0.0
161,20,1.00,11,17.40,27.82,26.23,0.0,0.03,0.0,0.0,,0.0
161,21,1.00,11,16.65,27.40,25.93,0.0,0.00,0.0,0.0,,0.0
161,22,1.00,11,16.21,27.01,25.61,0.0,0.00,0.0,0.0,,0.0
161,23,1.00,11,15.50,26.62,25.27,0.0,0.00,0.0,0.0,,0.0
161,24,1.00,11,14.68,26.23,24.91,0.0,0.00,0.0,0.0,,0.0
161,1,2.00,11,13.97,25.83,24.56,0.0,0.00,0.0,0.0,,0.0
161,2,2.00,11,13.29,25.44,24.21,0.0,0.00,0.0,0.0,,0.0
161,3,2.00,11,12.88,25.07,23.88,0.0,0.00,0.0,0.0,,0.0
161,4,2.00,11,12.49,24.71,23.55,0.0,0.00,0.0,0.0,,0.0
161,5,2.00,11,12.86,24.40,23.28,0.0,0.00,0.0,0.0,,0.0
161,6,2.00,11,13.18,24.12,23.03,0.0,0.00,0.0,0.0,,0.0
161,7,2.00,11,13.48,23.86,22.81,0.0,0.26,0.0,0.0,,0.0
161,8,2.00,11,13.83,24.69,23.77,0.0,38.27,0.0,0.0,,0.0
161,9,2.00,11,14.83,25.09,24.22,0.0,79.88,0.0,0.0,,0.0
161,10,2.00,11,16.28,25.55,24.72,0.0,139.60,0.0,0.0,,0.0
161,11,2.00,11,17.00,25.97,25.18,0.0,145.39,0.0,0.0,,0.0
161,12,2.00,11,18.33,26.55,25.78,0.0,159.94,0.0,0.0,,0.0
161,13,2.00,11,19.34,27.15,26.20,-559.59,166.99,0.0,0.0,,-559.59
161,14,2.00,11,20.21,27.75,26.20,-2022.86,167.62,0.0,0.0,,-2022.86
161,15,2.00,11,20.66,28.28,26.20,-2969.46,164.61,0.0,0.0,,-2969.46
161,16,2.00,11,20.99,28.75,26.20,-3720.58,154.15,0.0,0.0,,-3720.58
161,17,2.00,11,20.96,29.10,26.20,-4154.88,137.39,0.0,0.0,,-4154.88
161,18,2.00,11,20.62,29.32,26.20,-4284.11,104.15,0.0,0.0,,-4284.11
161,19,2.00,11,19.81,28.21,26.39,0.0,62.88,0.0,0.0,,0.0
161,20,2.00,11,18.94,27.71,26.23,0.0,0.03,0.0,0.0,,0.0
161,21,2.00,11,18.91,27.37,26.01,0.0,0.00,0.0,0.0,,0.0
161,22,2.00,11,18.80,27.06,25.76,0.0,0.00,0.0,0.0,,0.0
161,23,2.00,11,18.46,26.76,25.51,0.0,0.00,0.0,0.0,,0.0
161,24,2.00,11,18.23,26.47,25.26,0.0,0.00,0.0,0.0,,0.0
161,1,3.00,11,17.81,26.18,25.00,0.0,0.00,0.0,0.0,,0.0
161,2,3.00,11,17.94,25.92,24.78,0.0,0.00,0.0,0.0,,0.0
161,3,3.00,11,17.64,25.66,24.55,0.0,0.00,0.0,0.0,,0.0
161,4,3.00,11,17.49,25.40,24.33,0.0,0.00,0.0,0.0,,0.0
161,5,3.00,11,17.81,25.19,24.15,0.0,0.00,0.0,0.0,,0.0
161,6,3.00,11,17.61,24.96,23.95,0.0,0.00,0.0,0.0,,0.0
161,7,3.00,11,17.41,24.73,23.75,0.0,0.26,0.0,0.0,,0.0
161,8,3.00,11,17.38,26.90,25.94,0.0,38.27,0.0,0.0,,0.0
161,9,3.00,11,18.12,27.70,26.77,0.0,79.88,0.0,0.0,,0.0
161,10,3.00,11,19.26,28.27,27.37,0.0,139.60,0.0,0.0,,0.0
161,11,3.00,11,20.18,28.82,27.94,0.0,145.39,0.0,0.0,,0.0
161,12,3.00,11,20.86,29.42,28.57,0.0,159.94,0.0,0.0,,0.0
161,13,3.00,11,21.39,30.05,29.22,0.0,166.99,0.0,0.0,,0.0
161,14,3.00,11,21.83,30.69,29.88,0.0,167.62,0.0,0.0,,0.0
161,15,3.00,11,21.89,31.28,30.49,0.0,164.61,0.0,0.0,,0.0
161,16,3.00,11,22.04,31.83,31.06,0.0,154.15,0.0,0.0,,0.0
161,17,3.00,11,21.97,32.30,31.55,0.0,137.39,0.0,0.0,,0.0
161,18,3.00,11,21.76,32.68,31.94,0.0,104.15,0.0,0.0,,0.0
161,19,3.00,11,20.71,30.54,29.82,0.0,62.88,0.0,0.0,,0.0
161,20,3.00,11,19.51,29.73,29.03,0.0,0.03,0.0,0.0,,0.0
161,21,3.00,11,19.14,29.24,28.56,0.0,0.00,0.0,0.0,,0.0
161,22,3.00,11,19.35,28.87,28.20,0.0,0.00,0.0,0.0,,0.0
161,23,3.00,11,19.38,28.53,27.87,0.0,0.00,0.0,0.0,,0.0
161,24,3.00,11,19.32,28.20,27.56,0.0,0.00,0.0,0.0,,0.0
161,1,4.00,11,19.12,27.88,27.25,0.0,0.00,0.0,0.0,,0.0
161,2,4.00,11,19.01,27.57,26.96,0.0,0.00,0.0,0.0,,0.0
161,3,4.00,11,18.26,27.23,26.63,0.0,0.00,0.0,0.0,,0.0
161,4,4.00,11,18.17,26.93,26.34,0.0,0.00,0.0,0.0,,0.0
161,5,4.00,11,18.29,26.65,26.08,0.0,0.00,0.0,0.0,,0.0
161,6,4.00,11,18.12,26.38,25.81,0.0,0.00,0.0,0.0,,0.0
161,7,4.00,11,17.84,26.10,25.55,0.0,0.26,0.0,0.0,,0.0
161,8,4.00,11,18.12,28.24,27.70,0.0,38.27,0.0,0.0,,0.0
161,9,4.00,11,18.94,29.01,28.48,0.0,79.88,0.0,0.0,,0.0
161,10,4.00,11,19.80,29.53,29.01,0.0,139.60,0.0,0.0,,0.0
161,11,4.00,11,20.66,30.04,29.53,0.0,145.39,0.0,0.0,,0.0
161,12,4.00,11,21.18,30.60,30.09,0.0,159.94,0.0,0.0,,0.0
161,13,4.00,11,21.33,31.16,30.67,0.0,166.99,0.0,0.0,,0.0
161,14,4.00,11,21.62,31.74,31.25,0.0,167.62,0.0,0.0,,0.0
161,15,4.00,11,21.37,32.26,31.78,0.0,164.61,0.0,0.0,,0.0
161,16,4.00,11,21.36,32.75,32.27,0.0,154.15,0.0,0.0,,0.0
161,17,4.00,11,21.27,33.16,32.70,0.0,137.39,0.0,0.0,,0.0
161,18,4.00,11,21.11,33.49,33.03,0.0,104.15,0.0,0.0,,0.0
161,19,4.00,11,20.10,31.31,30.86,0.0,62.88,0.0,0.0,,0.0
161,20,4.00,11,19.25,30.48,30.03,0.0,0.03,0.0,0.0,,0.0
161,21,4.00,11,19.06,29.97,29.53,0.0,0.00,0.0,0.0,,0.0
161,22,4.00,11,19.08,29.56,29.13,0.0,0.00,0.0,0.0,,0.0
161,23,4.00,11,18.83,29.17,28.74,0.0,0.00,0.0,0.0,,0.0
161,24,4.00,11,18.83,28.81,28.39,0.0,0.00,0.0,0.0,,0.0
161,1,5.00,11,18.15,28.42,28.01,0.0,0.00,0.0,0.0,,0.0
161,2,5.00,11,17.87,28.06,27.65,0.0,0.00,0.0,0.0,,0.0
161,3,5.00,11,17.72,27.71,27.31,0.0,0.00,0.0,0.0,,0.0
161,4,5.00,11,17.87,27.40,27.00,0.0,0.00,0.0,0.0,,0.0
161,5,5.00,11,17.40,27.07,26.67,0.0,0.00,0.0,0.0,,0.0
161,6,5.00,11,17.20,26.75,26.36,0.0,0.00,0.0,0.0,,0.0
161,7,5.00,11,16.98,26.44,26.06,0.0,0.26,0.0,0.0,,0.0
161,8,5.00,11,17.36,27.34,26.20,-2061.36,38.27,0.0,0.0,,-2061.36
161,9,5.00,11,18.90,27.84,26.20,-2805.78,79.88,0.0,0.0,,-2805.78
161,10,5.00,11,19.91,28.26,26.20,-3417.78,139.60,0.0,0.0,,-3417.78
161,11,5.00,11,20.64,28.67,26.20,-4021.06,145.39,0.0,0.0,,-4021.06
161,12,5.00,11,20.87,29.07,26.20,-4549.73,159.94,0.0,0.0,,-4549.73
161,13,5.00,11,21.11,29.49,26.20,-5115.62,166.99,0.0,0.0,,-5115.62
161,14,5.00,11,21.26,29.90,26.20,-5618.39,167.62,0.0,0.0,,-5618.39
161,15,5.00,11,21.20,30.26,26.20,-5967.8,164.61,0.0,0.0,,-5967.8
161,16,5.00,11,21.07,30.55,26.20,-6183.03,154.15,0.0,0.0,,-6183.03
161,17,5.00,11,20.94,30.79,26.20,-6266.55,137.39,0.0,0.0,,-6266.55
161,18,5.00,11,20.16,30.85,26.20,-5940.49,104.15,0.0,0.0,,-5940.49
161,19,5.00,11,19.54,29.85,27.05,0.0,62.88,0.0,0.0,,0.0
161,20,5.00,11,18.73,29.32,27.02,0.0,0.03,0.0,0.0,,0.0
161,21,5.00,11,18.27,28.90,26.77,0.0,0.00,0.0,0.0,,0.0
161,22,5.00,11,18.15,28.52,26.50,0.0,0.00,0.0,0.0,,0.0
161,23,5.00,11,18.18,28.18,26.23,0.0,0.00,0.0,0.0,,0.0
161,24,5.00,11,18.15,27.85,25.97,0.0,0.00,0.0,0.0,,0.0
161,1,6.00,11,17.87,27.51,25.71,0.0,0.00,0.0,0.0,,0.0
161,2,6.00,11,17.74,27.19,25.45,0.0,0.00,0.0,0.0,,0.0
161,3,6.00,11,17.48,26.88,25.20,0.0,0.00,0.0,0.0,,0.0
161,4,6.00,11,17.13,26.56,24.94,0.0,0.00,0.0,0.0,,0.0
161,5,6.00,11,16.96,26.27,24.70,0.0,0.00,0.0,0.0,,0.0
161,6,6.00,11,17.07,26.00,24.48,0.0,0.00,0.0,0.0,,0.0
161,7,6.00,11,17.05,25.74,24.27,0.0,0.26,0.0,0.0,,0.0
161,8,6.00,11,17.08,26.69,25.41,0.0,38.27,0.0,0.0,,0.0
161,9,6.00,11,18.05,27.13,25.93,0.0,79.88,0.0,0.0,,0.0
161,10,6.00,11,18.73,27.49,26.20,-399.63,139.60,0.0,0.0,,-399.63
161,11,6.00,11,19.23,27.85,26.20,-1353.16,145.39,0.0,0.0,,-1353.16
161,12,6.00,11,19.51,28.24,26.20,-2156.46,159.94,0.0,0.0,,-2156.46
161,13,6.00,11,19.80,28.66,26.20,-2958.98,166.99,0.0,0.0,,-2958.98
161,14,6.00,11,20.17,29.10,26.20,-3741.41,167.62,0.0,0.0,,-3741.41
161,15,6.00,11,20.20,29.48,26.20,-4291.23,164.61,0.0,0.0,,-4291.23
161,16,6.00,11,19.95,29.77,26.20,-4600.48,154.15,0.0,0.0,,-4600.48
161,17,6.00,11,19.47,29.95,26.20,-4666.2,137.39,0.0,0.0,,-4666.2
161,18,6.00,11,18.81,30.01,26.20,-4488.43,104.15,0.0,0.0,,-4488.43
161,19,6.00,11,18.22,29.06,26.62,0.0,62.88,0.0,0.0,,0.0
161,20,6.00,11,17.66,28.56,26.50,0.0,0.03,0.0,0.0,,0.0
161,21,6.00,11,17.63,28.18,26.26,0.0,0.00,0.0,0.0,,0.0
161,22,6.00,11,17.70,27.83,26.00,0.0,0.00,0.0,0.0,,0.0
161,23,6.00,11,17.49,27.49,25.72,0.0,0.00,0.0,0.0,,0.0
161,24,6.00,11,17.09,27.15,25.44,0.0,0.00,0.0,0.0,,0.0
161,1,7.00,11,16.62,26.80,25.15,0.0,0.00,0.0,0.0,,0.0
161,2,7.00,11,16.47,26.48,24.89,0.0,0.00,0.0,0.0,,0.0
161,3,7.00,11,16.08,26.16,24.61,0.0,0.00,0.0,0.0,,0.0
161,4,7.00,11,16.06,25.86,24.37,0.0,0.00,0.0,0.0,,0.0
161,5,7.00,11,16.02,25.58,24.13,0.0,0.00,0.0,0.0,,0.0
161,6,7.00,11,16.00,25.31,23.91,0.0,0.00,0.0,0.0,,0.0
161,7,7.00,11,16.09,25.05,23.70,0.0,0.26,0.0,0.0,,0.0
161,8,7.00,11,16.17,25.99,24.81,0.0,38.27,0.0,0.0,,0.0
161,9,7.00,11,17.35,26.47,25.36,0.0,79.88,0.0,0.0,,0.0
161,10,7.00,11,18.32,26.89,25.83,0.0,139.60,0.0,0.0,,0.0
161,11,7.00,11,19.13,27.32,26.20,-293.25,145.39,0.0,0.0,,-293.25
161,12,7.00,11,19.68,27.79,26.20,-1518.71,159.94,0.0,0.0,,-1518.71
161,13,7.00,11,19.77,28.22,26.20,-2338.46,166.99,0.0,0.0,,-2338.46
161,14,7.00,11,19.86,28.63,26.20,-3085.24,167.62,0.0,0.0,,-3085.24
161,15,7.00,11,19.72,28.99,26.20,-3625.99,164.61,0.0,0.0,,-3625.99
161,16,7.00,11,19.42,29.27,26.20,-3966.79,154.15,0.0,0.0,,-3966.79
161,17,7.00,11,18.81,29.43,26.20,-4017.59,137.39,0.0,0.0,,-4017.59
161,18,7.00,11,18.14,29.49,26.20,-3872.29,104.15,0.0,0.0,,-3872.29
161,19,7.00,11,17.08,28.53,26.42,0.0,62.88,0.0,0.0,,0.0
161,20,7.00,11,15.96,27.99,26.20,0.0,0.03,0.0,0.0,,0.0
161,21,7.00,11,15.62,27.56,25.89,0.0,0.00,0.0,0.0,,0.0
161,22,7.00,11,15.21,27.16,25.56,0.0,0.00,0.0,0.0,,0.0
161,23,7.00,11,14.74,26.76,25.22,0.0,0.00,0.0,0.0,,0.0
161,24,7.00,11,14.09,26.36,24.86,0.0,0.00,0.0,0.0,,0.0
161,1,1.00,12,13.38,25.95,24.51,0.0,0.00,0.0,0.0,,0.0
161,2,1.00,12,12.49,25.54,24.14,0.0,0.00,0.0,0.0,,0.0
161,3,1.00,12,12.12,25.15,23.79,0.0,0.00,0.0,0.0,,0.0
161,4,1.00,12,11.96,24.79,23.47,0.0,0.00,0.0,0.0,,0.0
161,5,1.00,12,11.72,24.43,23.16,0.0,0.00,0.0,0.0,,0.0
161,6,1.00,12,12.33,24.15,22.91,0.0,0.00,0.0,0.0,,0.0
161,7,1.00,12,12.78,23.88,22.68,0.0,0.09,0.0,0.0,,0.0
161,8,1.00,12,13.73,24.73,23.68,0.0,40.88,0.0,0.0,,0.0
161,9,1.00,12,15.16,25.23,24.24,0.0,88.39,0.0,0.0,,0.0
161,10,1.00,12,17.02,25.81,24.87,0.0,119.60,0.0,0.0,,0.0
161,11,1.00,12,18.33,26.39,25.48,0.0,143.20,0.0,0.0,,0.0
161,12,1.00,12,18.93,26.91,26.04,0.0,161.40,0.0,0.0,,0.0
161,13,1.00,12,19.14,27.37,26.54,0.0,163.57,0.0,0.0,,0.0
161,14,1.00,12,19.74,27.89,26.78,-787.6,162.33,0.0,0.0,,-787.6
161,15,1.00,12,19.60,28.29,26.78,-1684.31,164.96,0.0,0.0,,-1684.31
161,16,1.00,12,19.58,28.66,26.78,-2342.28,156.32,0.0,0.0,,-2342.28
161,17,1.00,12,19.44,28.95,26.78,-2771.98,138.23,0.0,0.0,,-2771.98
161,18,1.00,12,18.94,29.11,26.78,-2868.99,115.59,0.0,0.0,,-2868.99
161,19,1.00,12,17.81,28.09,26.62,0.0,74.23,0.0,0.0,,0.0
161,20,1.00,12,16.54,27.56,26.32,0.0,15.30,0.0,0.0,,0.0
161,21,1.00,12,16.22,27.17,26.01,0.0,0.00,0.0,0.0,,0.0
161,22,1.00,12,15.56,26.78,25.66,0.0,0.00,0.0,0.0,,0.0
161,23,1.00,12,15.02,26.40,25.32,0.0,0.00,0.0,0.0,,0.0
161,24,1.00,12,15.03,26.06,25.01,0.0,0.00,0.0,0.0,,0.0
161,1,2.00,12,14.19,25.68,24.66,0.0,0.00,0.0,0.0,,0.0
161,2,2.00,12,13.65,25.32,24.33,0.0,0.00,0.0,0.0,,0.0
161,3,2.00,12,13.74,25.00,24.03,0.0,0.00,0.0,0.0,,0.0
161,4,2.00,12,14.00,24.71,23.77,0.0,0.00,0.0,0.0,,0.0
161,5,2.00,12,14.12,24.44,23.52,0.0,0.00,0.0,0.0,,0.0
161,6,2.00,12,14.07,24.17,23.28,0.0,0.00,0.0,0.0,,0.0
161,7,2.00,12,14.13,23.91,23.04,0.0,0.09,0.0,0.0,,0.0
161,8,2.00,12,14.86,24.88,24.12,0.0,40.88,0.0,0.0,,0.0
161,9,2.00,12,16.56,25.47,24.75,0.0,88.39,0.0,0.0,,0.0
161,10,2.00,12,18.06,26.04,25.35,0.0,119.60,0.0,0.0,,0.0
161,11,2.00,12,19.45,26.65,25.98,0.0,143.20,0.0,0.0,,0.0
161,12,2.00,12,20.26,27.23,26.59,0.0,161.40,0.0,0.0,,0.0
161,13,2.00,12,20.56,27.75,26.78,-888.05,163.57,0.0,0.0,,-888.05
161,14,2.00,12,20.75,28.24,26.78,-1946.3,162.33,0.0,0.0,,-1946.3
161,15,2.00,12,20.90,28.70,26.78,-2765.98,164.96,0.0,0.0,,-2765.98
161,16,2.00,12,20.64,29.05,26.78,-3274.14,156.32,0.0,0.0,,-3274.14
161,17,2.00,12,20.10,29.29,26.78,-3496.56,138.23,0.0,0.0,,-3496.56
161,18,2.00,12,19.67,29.45,26.78,-3571.35,115.59,0.0,0.0,,-3571.35
161,19,2.00,12,18.88,28.43,26.84,0.0,74.23,0.0,0.0,,0.0
161,20,2.00,12,17.51,27.90,26.60,0.0,15.30,0.0,0.0,,0.0
161,21,2.00,12,16.90,27.49,26.29,0.0,0.00,0.0,0.0,,0.0
161,22,2.00,12,16.52,27.12,25.96,0.0,0.00,0.0,0.0,,0.0
161,23,2.00,12,16.52,26.78,25.67,0.0,0.00,0.0,0.0,,0.0
161,24,2.00,12,16.56,26.47,25.39,0.0,0.00,0.0,0.0,,0.0
161,1,3.00,12,15.94,26.13,25.08,0.0,0.00,0.0,0.0,,0.0
161,2,3.00,12,15.56,25.80,24.78,0.0,0.00,0.0,0.0,,0.0
161,3,3.00,12,15.52,25.50,24.51,0.0,0.00,0.0,0.0,,0.0
161,4,3.00,12,15.41,25.21,24.24,0.0,0.00,0.0,0.0,,0.0
161,5,3.00,12,15.41,24.94,24.00,0.0,0.00,0.0,0.0,,0.0
161,6,3.00,12,15.76,24.70,23.78,0.0,0.00,0.0,0.0,,0.0
161,7,3.00,12,15.71,24.46,23.57,0.0,0.09,0.0,0.0,,0.0
161,8,3.00,12,16.53,26.66,25.80,0.0,40.88,0.0,0.0,,0.0
161,9,3.00,12,17.41,27.50,26.65,0.0,88.39,0.0,0.0,,0.0
161,10,3.00,12,18.07,28.07,27.25,0.0,119.60,0.0,0.0,,0.0
161,11,3.00,12,18.70,28.63,27.82,0.0,143.20,0.0,0.0,,0.0
161,12,3.00,12,19.30,29.21,28.42,0.0,161.40,0.0,0.0,,0.0
161,13,3.00,12,19.67,29.80,29.04,0.0,163.57,0.0,0.0,,0.0
161,14,3.00,12,19.88,30.38,29.64,0.0,162.33,0.0,0.0,,0.0
161,15,3.00,12,20.04,30.95,30.22,0.0,164.96,0.0,0.0,,0.0
161,16,3.00,12,19.91,31.46,30.74,0.0,156.32,0.0,0.0,,0.0
161,17,3.00,12,19.53,31.88,31.19,0.0,138.23,0.0,0.0,,0.0
161,18,3.00,12,18.77,32.20,31.51,0.0,115.59,0.0,0.0,,0.0
161,19,3.00,12,18.14,30.05,29.38,0.0,74.23,0.0,0.0,,0.0
161,20,3.00,12,16.88,29.22,28.56,0.0,15.30,0.0,0.0,,0.0
161,21,3.00,12,16.42,28.69,28.05,0.0,0.00,0.0,0.0,,0.0
161,22,3.00,12,16.37,28.26,27.64,0.0,0.00,0.0,0.0,,0.0
161,23,3.00,12,16.31,27.87,27.26,0.0,0.00,0.0,0.0,,0.0
161,24,3.00,12,16.31,27.51,26.90,0.0,0.00,0.0,0.0,,0.0
161,1,4.00,12,15.94,27.13,26.54,0.0,0.00,0.0,0.0,,0.0
161,2,4.00,12,15.45,26.76,26.18,0.0,0.00,0.0,0.0,,0.0
161,3,4.00,12,15.44,26.42,25.85,0.0,0.00,0.0,0.0,,0.0
161,4,4.00,12,15.44,26.09,25.53,0.0,0.00,0.0,0.0,,0.0
161,5,4.00,12,15.52,25.79,25.24,0.0,0.00,0.0,0.0,,0.0
161,6,4.00,12,15.42,25.50,24.96,0.0,0.00,0.0,0.0,,0.0
161,7,4.00,12,15.17,25.20,24.67,0.0,0.09,0.0,0.0,,0.0
161,8,4.00,12,15.43,27.32,26.80,0.0,40.88,0.0,0.0,,0.0
161,9,4.00,12,16.52,28.11,27.60,0.0,88.39,0.0,0.0,,0.0
161,10,4.00,12,17.57,28.67,28.16,0.0,119.60,0.0,0.0,,0.0
161,11,4.00,12,18.33,29.20,28.70,0.0,143.20,0.0,0.0,,0.0
161,12,4.00,12,19.16,29.77,29.28,0.0,161.40,0.0,0.0,,0.0
161,13,4.00,12,19.74,30.35,29.87,0.0,163.57,0.0,0.0,,0.0
161,14,4.00,12,20.22,30.94,30.46,0.0,162.33,0.0,0.0,,0.0
161,15,4.00,12,20.34,31.49,31.02,0.0,164.96,0.0,0.0,,0.0
161,16,4.00,12,20.25,31.99,31.53,0.0,156.32,0.0,0.0,,0.0
161,17,4.00,12,20.07,32.42,31.96,0.0,138.23,0.0,0.0,,0.0
161,18,4.00,12,19.56,32.74,32.29,0.0,115.59,0.0,0.0,,0.0
161,19,4.00,12,18.87,30.60,30.15,0.0,74.23,0.0,0.0,,0.0
161,20,4.00,12,18.01,29.78,29.35,0.0,15.30,0.0,0.0,,0.0
161,21,4.00,12,18.12,29.31,28.87,0.0,0.00,0.0,0.0,,0.0
161,22,4.00,12,17.97,28.90,28.47,0.0,0.00,0.0,0.0,,0.0
161,23,4.00,12,17.73,28.51,28.09,0.0,0.00,0.0,0.0,,0.0
161,24,4.00,12,17.45,28.14,27.72,0.0,0.00,0.0,0.0,,0.0
161,1,5.00,12,17.32,27.78,27.37,0.0,0.00,0.0,0.0,,0.0
161,2,5.00,12,17.23,27.44,27.03,0.0,0.00,0.0,0.0,,0.0
161,3,5.00,12,17.30,27.13,26.72,0.0,0.00,0.0,0.0,,0.0
161,4,5.00,12,17.07,26.81,26.41,0.0,0.00,0.0,0.0,,0.0
161,5,5.00,12,16.82,26.50,26.10,0.0,0.00,0.0,0.0,,0.0
161,6,5.00,12,16.93,26.21,25.82,0.0,0.00,0.0,0.0,,0.0
161,7,5.00,12,17.06,25.95,25.57,0.0,0.09,0.0,0.0,,0.0
161,8,5.00,12,17.30,26.92,26.57,0.0,40.88,0.0,0.0,,0.0
161,9,5.00,12,18.27,27.38,26.78,-696.42,88.39,0.0,0.0,,-696.42
161,10,5.00,12,19.01,27.78,26.78,-1547.48,119.60,0.0,0.0,,-1547.48
161,11,5.00,12,19.58,28.18,26.78,-2274.98,143.20,0.0,0.0,,-2274.98
161,12,5.00,12,20.17,28.63,26.78,-3058.09,161.40,0.0,0.0,,-3058.09
161,13,5.00,12,20.30,29.04,26.78,-3650.4,163.57,0.0,0.0,,-3650.4
161,14,5.00,12,20.42,29.43,26.78,-4203.4,162.33,0.0,0.0,,-4203.4
161,15,5.00,12,20.44,29.80,26.78,-4648.29,164.96,0.0,0.0,,-4648.29
161,16,5.00,12,20.46,30.12,26.78,-4993.28,156.32,0.0,0.0,,-4993.28
161,17,5.00,12,20.32,30.37,26.78,-5144.78,138.23,0.0,0.0,,-5144.78
161,18,5.00,12,19.65,30.46,26.78,-4930.99,115.59,0.0,0.0,,-4930.99
161,19,5.00,12,18.81,29.48,27.34,0.0,74.23,0.0,0.0,,0.0
161,20,5.00,12,18.01,28.97,27.24,0.0,15.30,0.0,0.0,,0.0
161,21,5.00,12,18.16,28.60,27.00,0.0,0.00,0.0,0.0,,0.0
161,22,5.00,12,18.09,28.24,26.72,0.0,0.00,0.0,0.0,,0.0
161,23,5.00,12,18.03,27.91,26.44,0.0,0.00,0.0,0.0,,0.0
161,24,5.00,12,17.42,27.55,26.13,0.0,0.00,0.0,0.0,,0.0
161,1,6.00,12,17.23,27.21,25.84,0.0,0.00,0.0,0.0,,0.0
161,2,6.00,12,16.86,26.88,25.56,0.0,0.00,0.0,0.0,,0.0
161,3,6.00,12,16.71,26.56,25.28,0.0,0.00,0.0,0.0,,0.0
161,4,6.00,12,16.41,26.25,25.01,0.0,0.00,0.0,0.0,,0.0
161,5,6.00,12,16.14,25.94,24.75,0.0,0.00,0.0,0.0,,0.0
161,6,6.00,12,16.23,25.67,24.51,0.0,0.00,0.0,0.0,,0.0
161,7,6.00,12,16.77,25.44,24.32,0.0,0.09,0.0,0.0,,0.0
161,8,6.00,12,17.03,26.45,25.47,0.0,40.88,0.0,0.0,,0.0
161,9,6.00,12,17.38,26.83,25.91,0.0,88.39,0.0,0.0,,0.0
161,10,6.00,12,18.25,27.24,26.36,0.0,119.60,0.0,0.0,,0.0
161,11,6.00,12,18.89,27.65,26.78,-81.87,143.20,0.0,0.0,,-81.87
161,12,6.00,12,19.21,28.07,26.78,-1202.39,161.40,0.0,0.0,,-1202.39
161,13,6.00,12,20.04,28.57,26.78,-2266.84,163.57,0.0,0.0,,-2266.84
161,14,6.00,12,20.90,29.12,26.78,-3288.44,162.33,0.0,0.0,,-3288.44
161,15,6.00,12,21.14,29.57,26.78,-3984.64,164.96,0.0,0.0,,-3984.64
161,16,6.00,12,21.12,29.94,26.78,-4455.82,156.32,0.0,0.0,,-4455.82
161,17,6.00,12,20.74,30.19,26.78,-4632.44,138.23,0.0,0.0,,-4632.44
161,18,6.00,12,20.10,30.30,26.78,-4531.21,115.59,0.0,0.0,,-4531.21
161,19,6.00,12,19.37,29.30,27.17,0.0,74.23,0.0,0.0,,0.0
161,20,6.00,12,18.87,28.82,27.06,0.0,15.30,0.0,0.0,,0.0
161,21,6.00,12,18.72,28.45,26.82,0.0,0.00,0.0,0.0,,0.0
161,22,6.00,12,18.45,28.10,26.55,0.0,0.00,0.0,0.0,,0.0
161,23,6.00,12,18.24,27.77,26.27,0.0,0.00,0.0,0.0,,0.0
161,24,6.00,12,17.71,27.42,25.98,0.0,0.00,0.0,0.0,,0.0
161,1,7.00,12,17.58,27.10,25.71,0.0,0.00,0.0,0.0,,0.0
161,2,7.00,12,17.39,26.79,25.44,0.0,0.00,0.0,0.0,,0.0
161,3,7.00,12,17.28,26.50,25.19,0.0,0.00,0.0,0.0,,0.0
161,4,7.00,12,17.13,26.22,24.95,0.0,0.00,0.0,0.0,,0.0
161,5,7.00,12,17.24,25.96,24.73,0.0,0.00,0.0,0.0,,0.0
161,6,7.00,12,17.74,25.74,24.55,0.0,0.00,0.0,0.0,,0.0
161,7,7.00,12,17.43,25.49,24.34,0.0,0.09,0.0,0.0,,0.0
161,8,7.00,12,17.78,26.59,25.58,0.0,40.88,0.0,0.0,,0.0
161,9,7.00,12,19.10,27.16,26.21,0.0,88.39,0.0,0.0,,0.0
161,10,7.00,12,19.89,27.62,26.71,0.0,119.60,0.0,0.0,,0.0
161,11,7.00,12,20.43,28.07,26.78,-1079.93,143.20,0.0,0.0,,-1079.93
161,12,7.00,12,20.97,28.55,26.78,-2105.73,161.40,0.0,0.0,,-2105.73
161,13,7.00,12,21.06,28.98,26.78,-2873.71,163.57,0.0,0.0,,-2873.71
161,14,7.00,12,21.36,29.44,26.78,-3663.24,162.33,0.0,0.0,,-3663.24
161,15,7.00,12,21.38,29.84,26.78,-4258.15,164.96,0.0,0.0,,-4258.15
161,16,7.00,12,21.44,30.21,26.78,-4744.56,156.32,0.0,0.0,,-4744.56
161,17,7.00,12,20.84,30.42,26.78,-4814.85,138.23,0.0,0.0,,-4814.85
161,18,7.00,12,20.19,30.52,26.78,-4694.97,115.59,0.0,0.0,,-4694.97
161,19,7.00,12,19.00,29.49,27.19,0.0,74.23,0.0,0.0,,0.0
161,20,7.00,12,18.25,28.98,27.07,0.0,15.30,0.0,0.0,,0.0
161,21,7.00,12,17.66,28.55,26.78,0.0,0.00,0.0,0.0,,0.0
161,22,7.00,12,17.03,28.15,26.46,0.0,0.00,0.0,0.0,,0.0
161,23,7.00,12,16.40,27.75,26.12,0.0,0.00,0.0,0.0,,0.0
161,24,7.00,12,15.61,27.34,25.76,0.0,0.00,0.0,0.0,,0.0
161,1,1.00,12,15.06,26.94,25.42,0.0,0.00,0.0,0.0,,0.0
161,2,1.00,12,14.30,26.54,25.06,0.0,0.00,0.0,0.0,,0.0
161,3,1.00,12,13.95,26.16,24.73,0.0,0.00,0.0,0.0,,0.0
161,4,1.00,12,13.56,25.79,24.41,0.0,0.00,0.0,0.0,,0.0
161,5,1.00,12,13.24,25.43,24.09,0.0,0.00,0.0,0.0,,0.0
161,6,1.00,12,13.88,25.14,23.85,0.0,0.00,0.0,0.0,,0.0
161,7,1.00,12,14.38,24.88,23.63,0.0,0.09,0.0,0.0,,0.0
161,8,1.00,12,15.09,25.76,24.66,0.0,40.88,0.0,0.0,,0.0
161,9,1.00,12,16.46,26.25,25.22,0.0,88.39,0.0,0.0,,0.0
161,10,1.00,12,17.81,26.75,25.76,0.0,119.60,0.0,0.0,,0.0
161,11,1.00,12,19.19,27.31,26.37,0.0,143.20,0.0,0.0,,0.0
161,12,1.00,12,20.11,27.87,26.78,-467.41,161.40,0.0,0.0,,-467.41
161,13,1.00,12,20.24,28.32,26.78,-1608.11,163.57,0.0,0.0,,-1608.11
161,14,1.00,12,20.90,28.85,26.78,-2657.3,162.33,0.0,0.0,,-2657.3
161,15,1.00,12,21.14,29.31,26.78,-3443.03,164.96,0.0,0.0,,-3443.03
161,16,1.00,12,21.63,29.78,26.78,-4197.48,156.32,0.0,0.0,,-4197.48
161,17,1.00,12,20.85,30.00,26.78,-4283.57,138.23,0.0,0.0,,-4283.57
161,18,1.00,12,20.02,30.09,26.78,-4161.82,115.59,0.0,0.0,,-4161.82
161,19,1.00,12,18.94,29.06,27.02,0.0,74.23,0.0,0.0,,0.0
161,20,1.00,12,17.88,28.53,26.84,0.0,15.30,0.0,0.0,,0.0
161,21,1.00,12,17.34,28.12,26.55,0.0,0.00,0.0,0.0,,0.0
161,22,1.00,12,16.61,27.72,26.21,0.0,0.00,0.0,0.0,,0.0
161,23,1.00,12,15.92,27.32,25.87,0.0,0.00,0.0,0.0,,0.0
161,24,1.00,12,15.79,26.96,25.56,0.0,0.00,0.0,0.0,,0.0
161,1,2.00,12,14.66,26.55,25.19,0.0,0.00,0.0,0.0,,0.0
161,2,2.00,12,13.70,26.14,24.82,0.0,0.00,0.0,0.0,,0.0
161,3,2.00,12,13.28,25.76,24.48,0.0,0.00,0.0,0.0,,0.0
161,4,2.00,12,13.62,25.44,24.19,0.0,0.00,0.0,0.0,,0.0
161,5,2.00,12,14.02,25.15,23.94,0.0,0.00,0.0,0.0,,0.0
161,6,2.00,12,14.51,24.89,23.72,0.0,0.00,0.0,0.0,,0.0
161,7,2.00,12,14.74,24.64,23.50,0.0,0.09,0.0,0.0,,0.0
161,8,2.00,12,15.34,25.57,24.58,0.0,40.88,0.0,0.0,,0.0
161,9,2.00,12,17.05,26.14,25.21,0.0,88.39,0.0,0.0,,0.0
161,10,2.00,12,18.87,26.75,25.86,0.0,119.60,0.0,0.0,,0.0
161,11,2.00,12,20.23,27.37,26.51,0.0,143.20,0.0,0.0,,0.0
161,12,2.00,12,20.98,27.94,26.78,-851.71,161.40,0.0,0.0,,-851.71
161,13,2.00,12,21.26,28.44,26.78,-2004.48,163.57,0.0,0.0,,-2004.48
161,14,2.00,12,21.85,28.99,26.78,-3048.77,162.33,0.0,0.0,,-3048.77
161,15,2.00,12,21.77,29.43,26.78,-3722.13,164.96,0.0,0.0,,-3722.13
161,16,2.00,12,21.68,29.81,26.78,-4252.75,156.32,0.0,0.0,,-4252.75
161,17,2.00,12,21.17,30.07,26.78,-4446.33,138.23,0.0,0.0,,-4446.33
161,18,2.00,12,20.40,30.18,26.78,-4353.98,115.59,0.0,0.0,,-4353.98
161,19,2.00,12,19.73,29.15,27.09,0.0,74.23,0.0,0.0,,0.0
161,20,2.00,12,18.84,28.65,26.94,0.0,15.30,0.0,0.0,,0.0
161,21,2.00,12,18.36,28.27,26.68,0.0,0.00,0.0,0.0,,0.0
161,22,2.00,12,18.23,27.92,26.41,0.0,0.00,0.0,0.0,,0.0
161,23,2.00,12,17.67,27.57,26.11,0.0,0.00,0.0,0.0,,0.0
161,24,2.00,12,17.96,27.27,25.86,0.0,0.00,0.0,0.0,,0.0
161,1,3.00,12,17.47,26.95,25.58,0.0,0.00,0.0,0.0,,0.0
161,2,3.00,12,16.82,26.61,25.29,0.0,0.00,0.0,0.0,,0.0
161,3,3.00,12,16.62,26.31,25.02,0.0,0.00,0.0,0.0,,0.0
161,4,3.00,12,16.38,26.01,24.76,0.0,0.00,0.0,0.0,,0.0
161,5,3.00,12,16.45,25.73,24.52,0.0,0.00,0.0,0.0,,0.0
161,6,3.00,12,16.84,25.50,24.32,0.0,0.00,0.0,0.0,,0.0
161,7,3.00,12,16.81,25.26,24.12,0.0,0.09,0.0,0.0,,0.0
161,8,3.00,12,16.76,27.41,26.30,0.0,40.88,0.0,0.0,,0.0
161,9,3.00,12,17.95,28.24,27.16,0.0,88.39,0.0,0.0,,0.0
161,10,3.00,12,18.98,28.83,27.79,0.0,119.60,0.0,0.0,,0.0
161,11,3.00,12,20.16,29.43,28.41,0.0,143.20,0.0,0.0,,0.0
161,12,3.00,12,20.63,30.02,29.02,0.0,161.40,0.0,0.0,,0.0
161,13,3.00,12,20.59,30.59,29.62,0.0,163.57,0.0,0.0,,0.0
161,14,3.00,12,21.01,31.18,30.24,0.0,162.33,0.0,0.0,,0.0
161,15,3.00,12,20.99,31.74,30.82,0.0,164.96,0.0,0.0,,0.0
161,16,3.00,12,20.56,32.22,31.33,0.0,156.32,0.0,0.0,,0.0
161,17,3.00,12,20.02,32.63,31.76,0.0,138.23,0.0,0.0,,0.0
161,18,3.00,12,19.71,32.96,32.11,0.0,115.59,0.0,0.0,,0.0
161,19,3.00,12,19.03,30.81,29.98,0.0,74.23,0.0,0.0,,0.0
161,20,3.00,12,18.52,30.03,29.22,0.0,15.30,0.0,0.0,,0.0
161,21,3.00,12,18.45,29.55,28.76,0.0,0.00,0.0,0.0,,0.0
161,22,3.00,12,17.97,29.12,28.35,0.0,0.00,0.0,0.0,,0.0
161,23,3.00,12,17.80,28.73,27.98,0.0,0.00,0.0,0.0,,0.0
161,24,3.00,12,17.49,28.35,27.61,0.0,0.00,0.0,0.0,,0.0
161,1,4.00,12,17.10,27.98,27.25,0.0,0.00,0.0,0.0,,0.0
161,2,4.00,12,16.51,27.60,26.89,0.0,0.00,0.0,0.0,,0.0
161,3,4.00,12,16.51,27.25,26.56,0.0,0.00,0.0,0.0,,0.0
161,4,4.00,12,16.89,26.96,26.28,0.0,0.00,0.0,0.0,,0.0
161,5,4.00,12,16.95,26.67,26.00,0.0,0.00,0.0,0.0,,0.0
161,6,4.00,12,16.90,26.38,25.73,0.0,0.00,0.0,0.0,,0.0
161,7,4.00,12,17.00,26.11,25.47,0.0,0.09,0.0,0.0,,0.0
161,8,4.00,12,17.55,28.28,27.65,0.0,40.88,0.0,0.0,,0.0
161,9,4.00,12,18.81,29.10,28.49,0.0,88.39,0.0,0.0,,0.0
161,10,4.00,12,19.08,29.63,29.03,0.0,119.60,0.0,0.0,,0.0
161,11,4.00,12,19.46,30.14,29.54,0.0,143.20,0.0,0.0,,0.0
161,12,4.00,12,19.99,30.68,30.10,0.0,161.40,0.0,0.0,,0.0
161,13,4.00,12,20.52,31.25,30.67,0.0,163.57,0.0,0.0,,0.0
161,14,4.00,12,21.05,31.83,31.26,0.0,162.33,0.0,0.0,,0.0
161,15,4.00,12,21.22,32.38,31.82,0.0,164.96,0.0,0.0,,0.0
161,16,4.00,12,21.36,32.88,32.34,0.0,156.32,0.0,0.0,,0.0
161,17,4.00,12,20.97,33.30,32.76,0.0,138.23,0.0,0.0,,0.0
161,18,4.00,12,20.61,33.62,33.10,0.0,115.59,0.0,0.0,,0.0
161,19,4.00,12,20.12,31.49,30.97,0.0,74.23,0.0,0.0,,0.0
161,20,4.00,12,19.14,30.68,30.16,0.0,15.30,0.0,0.0,,0.0
161,21,4.00,12,18.77,30.16,29.66,0.0,0.00,0.0,0.0,,0.0
161,22,4.00,12,18.68,29.75,29.25,0.0,0.00,0.0,0.0,,0.0
161,23,4.00,12,18.37,29.35,28.85,0.0,0.00,0.0,0.0,,0.0
161,24,4.00,12,18.67,29.00,28.51,0.0,0.00,0.0,0.0,,0.0
161,1,5.00,12,17.75,28.60,28.12,0.0,0.00,0.0,0.0,,0.0
161,2,5.00,12,17.36,28.22,27.75,0.0,0.00,0.0,0.0,,0.0
161,3,5.00,12,17.45,27.88,27.42,0.0,0.00,0.0,0.0,,0.0
161,4,5.00,12,17.64,27.57,27.12,0.0,0.00,0.0,0.0,,0.0
161,5,5.00,12,18.01,27.30,26.84,0.0,0.00,0.0,0.0,,0.0
161,6,5.00,12,17.80,27.01,26.56,0.0,0.00,0.0,0.0,,0.0
161,7,5.00,12,17.73,26.73,26.28,0.0,0.09,0.0,0.0,,0.0
161,8,5.00,12,17.68,27.63,26.78,-1173.45,40.88,0.0,0.0,,-1173.45
161,9,5.00,12,18.21,28.00,26.78,-1836.64,88.39,0.0,0.0,,-1836.64
161,10,5.00,12,19.26,28.41,26.78,-2571.58,119.60,0.0,0.0,,-2571.58
161,11,5.00,12,20.06,28.84,26.78,-3290.25,143.20,0.0,0.0,,-3290.25
161,12,5.00,12,20.30,29.23,26.78,-3842.4,161.40,0.0,0.0,,-3842.4
161,13,5.00,12,20.52,29.62,26.78,-4395.26,163.57,0.0,0.0,,-4395.26
161,14,5.00,12,20.69,30.01,26.78,-4899.43,162.33,0.0,0.0,,-4899.43
161,15,5.00,12,20.69,30.36,26.78,-5282.52,164.96,0.0,0.0,,-5282.52
161,16,5.00,12,20.32,30.61,26.78,-5415.82,156.32,0.0,0.0,,-5415.82
161,17,5.00,12,19.67,30.75,26.78,-5306.08,138.23,0.0,0.0,,-5306.08
161,18,5.00,12,19.46,30.86,26.78,-5227.93,115.59,0.0,0.0,,-5227.93
161,19,5.00,12,18.71,29.94,27.47,0.0,74.23,0.0,0.0,,0.0
161,20,5.00,12,18.41,29.47,27.43,0.0,15.30,0.0,0.0,,0.0
161,21,5.00,12,18.00,29.06,27.18,0.0,0.00,0.0,0.0,,0.0
161,22,5.00,12,17.63,28.67,26.88,0.0,0.00,0.0,0.0,,0.0
161,23,5.00,12,17.25,28.29,26.57,0.0,0.00,0.0,0.0,,0.0
161,24,5.00,12,17.19,27.94,26.28,0.0,0.00,0.0,0.0,,0.0
161,1,6.00,12,16.46,27.56,25.95,0.0,0.00,0.0,0.0,,0.0
161,2,6.00,12,16.38,27.22,25.67,0.0,0.00,0.0,0.0,,0.0
161,3,6.00,12,16.41,26.90,25.40,0.0,0.00,0.0,0.0,,0.0
161,4,6.00,12,16.34,26.60,25.14,0.0,0.00,0.0,0.0,,0.0
161,5,6.00,12,16.36,26.31,24.90,0.0,0.00,0.0,0.0,,0.0
161,6,6.00,12,16.41,26.03,24.67,0.0,0.00,0.0,0.0,,0.0
161,7,6.00,12,16.67,25.78,24.47,0.0,0.09,0.0,0.0,,0.0
161,8,6.00,12,16.55,26.68,25.53,0.0,40.88,0.0,0.0,,0.0
161,9,6.00,12,17.16,27.07,25.99,0.0,88.39,0.0,0.0,,0.0
161,10,6.00,12,18.41,27.52,26.50,0.0,119.60,0.0,0.0,,0.0
161,11,6.00,12,19.11,27.96,26.78,-505.19,143.20,0.0,0.0,,-505.19
161,12,6.00,12,19.42,28.37,26.78,-1527.93,161.40,0.0,0.0,,-1527.93
161,13,6.00,12,20.07,28.85,26.78,-2504.11,163.57,0.0,0.0,,-2504.11
161,14,6.00,12,20.45,29.31,26.78,-3314.64,162.33,0.0,0.0,,-3314.64
161,15,6.00,12,20.36,29.68,26.78,-3853.95,164.96,0.0,0.0,,-3853.95
161,16,6.00,12,20.04,29.97,26.78,-4176.69,156.32,0.0,0.0,,-4176.69
161,17,6.00,12,19.47,30.14,26.78,-4244.44,138.23,0.0,0.0,,-4244.44
161,18,6.00,12,18.74,30.20,26.78,-4077.29,115.59,0.0,0.0,,-4077.29
161,19,6.00,12,18.39,29.31,27.14,0.0,74.23,0.0,0.0,,0.0
161,20,6.00,12,17.61,28.82,26.99,0.0,15.30,0.0,0.0,,0.0
161,21,6.00,12,16.93,28.40,26.70,0.0,0.00,0.0,0.0,,0.0
161,22,6.00,12,17.71,28.09,26.45,0.0,0.00,0.0,0.0,,0.0
161,23,6.00,12,17.60,27.76,26.19,0.0,0.00,0.0,0.0,,0.0
161,24,6.00,12,17.81,27.46,25.94,0.0,0.00,0.0,0.0,,0.0
161,1,7.00,12,17.28,27.14,25.66,0.0,0.00,0.0,0.0,,0.0
161,2,7.00,12,17.30,26.84,25.41,0.0,0.00,0.0,0.0,,0.0
161,3,7.00,12,17.36,26.56,25.18,0.0,0.00,0.0,0.0,,0.0
161,4,7.00,12,17.36,26.30,24.96,0.0,0.00,0.0,0.0,,0.0
161,5,7.00,12,17.50,26.06,24.76,0.0,0.00,0.0,0.0,,0.0
161,6,7.00,12,17.39,25.81,24.55,0.0,0.00,0.0,0.0,,0.0
161,7,7.00,12,17.01,25.55,24.33,0.0,0.09,0.0,0.0,,0.0
161,8,7.00,12,17.00,26.54,25.47,0.0,40.88,0.0,0.0,,0.0
161,9,7.00,12,18.16,27.05,26.05,0.0,88.39,0.0,0.0,,0.0
161,10,7.00,12,19.02,27.49,26.53,0.0,119.60,0.0,0.0,,0.0
161,11,7.00,12,19.44,27.90,26.78,-525.85,143.20,0.0,0.0,,-525.85
161,12,7.00,12,19.67,28.31,26.78,-1522.78,161.40,0.0,0.0,,-1522.78
161,13,7.00,12,19.96,28.74,26.78,-2369.33,163.57,0.0,0.0,,-2369.33
161,14,7.00,12,20.26,29.18,26.78,-3155.13,162.33,0.0,0.0,,-3155.13
161,15,7.00,12,20.05,29.53,26.78,-3648.62,164.96,0.0,0.0,,-3648.62
161,16,7.00,12,19.83,29.82,26.78,-4014.45,156.32,0.0,0.0,,-4014.45
161,17,7.00,12,19.32,30.01,26.78,-4110.1,138.23,0.0,0.0,,-4110.1
161,18,7.00,12,18.79,30.10,26.78,-4027.93,115.59,0.0,0.0,,-4027.93
161,19,7.00,12,18.20,29.19,27.10,0.0,74.23,0.0,0.0,,0.0
161,20,7.00,12,17.85,28.73,26.97,0.0,15.30,0.0,0.0,,0.0
161,21,7.00,12,17.48,28.34,26.70,0.0,0.00,0.0,0.0,,0.0
161,22,7.00,12,17.72,28.01,26.44,0.0,0.00,0.0,0.0,,0.0
161,23,7.00,12,17.77,27.69,26.18,0.0,0.00,0.0,0.0,,0.0
161,24,7.00,12,17.71,27.38,25.92,0.0,0.00,0.0,0.0,,0.0
161,1,1.00,12,18.02,27.11,25.69,0.0,0.00,0.0,0.0,,0.0
161,2,1.00,12,17.90,26.83,25.46,0.0,0.00,0.0,0.0,,0.0
161,3,1.00,12,17.48,26.54,25.21,0.0,0.00,0.0,0.0,,0.0
161,4,1.00,12,17.19,26.25,24.96,0.0,0.00,0.0,0.0,,0.0
161,5,1.00,12,17.40,26.01,24.76,0.0,0.00,0.0,0.0,,0.0
161,6,1.00,12,17.54,25.78,24.56,0.0,0.00,0.0,0.0,,0.0
161,7,1.00,12,17.68,25.56,24.38,0.0,0.09,0.0,0.0,,0.0
161,8,1.00,12,17.76,26.65,25.61,0.0,40.88,0.0,0.0,,0.0
161,9,1.00,12,18.71,27.16,26.19,0.0,88.39,0.0,0.0,,0.0
161,10,1.00,12,19.76,27.65,26.72,0.0,119.60,0.0,0.0,,0.0
161,11,1.00,12,20.59,28.15,26.78,-1228.26,143.20,0.0,0.0,,-1228.26
161,12,1.00,12,20.95,28.62,26.78,-2179.5,161.40,0.0,0.0,,-2179.5
161,13,1.00,12,21.07,29.06,26.78,-2966.2,163.57,0.0,0.0,,-2966.2
161,14,1.00,12,21.02,29.46,26.78,-3613.76,162.33,0.0,0.0,,-3613.76
161,15,1.00,12,20.42,29.75,26.78,-3942.54,164.96,0.0,0.0,,-3942.54
161,16,1.00,12,20.34,30.06,26.78,-4354.92,156.32,0.0,0.0,,-4354.92
161,17,1.00,12,20.49,30.36,26.78,-4719.4,138.23,0.0,0.0,,-4719.4
161,18,1.00,12,20.31,30.55,26.78,-4788.86,115.59,0.0,0.0,,-4788.86
161,19,1.00,12,19.53,29.56,27.25,0.0,74.23,0.0,0.0,,0.0
161,20,1.00,12,18.75,29.07,27.14,0.0,15.30,0.0,0.0,,0.0
161,21,1.00,12,18.33,28.67,26.89,0.0,0.00,0.0,0.0,,0.0
161,22,1.00,12,18.50,28.34,26.64,0.0,0.00,0.0,0.0,,0.0
161,23,1.00,12,18.57,28.03,26.39,0.0,0.00,0.0,0.0,,0.0
161,24,1.00,12,18.91,27.75,26.16,0.0,0.00,0.0,0.0,,0.0
161,1,2.00,12,18.32,27.44,25.90,0.0,0.00,0.0,0.0,,0.0
161,2,2.00,12,18.75,27.18,25.69,0.0,0.00,0.0,0.0,,0.0
161,3,2.00,12,18.54,26.91,25.47,0.0,0.00,0.0,0.0,,0.0
161,4,2.00,12,18.37,26.65,25.25,0.0,0.00,0.0,0.0,,0.0
161,5,2.00,12,18.61,26.42,25.07,0.0,0.00,0.0,0.0,,0.0
161,6,2.00,12,18.80,26.21,24.89,0.0,0.00,0.0,0.0,,0.0
161,7,2.00,12,18.53,25.98,24.70,0.0,0.09,0.0,0.0,,0.0
161,8,2.00,12,18.01,27.00,25.89,0.0,40.88,0.0,0.0,,0.0
161,9,2.00,12,18.43,27.42,26.37,0.0,88.39,0.0,0.0,,0.0
161,10,2.00,12,19.98,27.95,26.78,-429.17,119.60,0.0,0.0,,-429.17
161,11,2.00,12,21.27,28.52,26.78,-1894.37,143.20,0.0,0.0,,-1894.37
161,12,2.00,12,21.69,29.02,26.78,-2805.07,161.40,0.0,0.0,,-2805.07
161,13,2.00,12,22.34,29.56,26.78,-3777.73,163.57,0.0,0.0,,-3777.73
161,14,2.00,12,22.23,29.99,26.78,-4390.0,162.33,0.0,0.0,,-4390.0
161,15,2.00,12,21.74,30.31,26.78,-4754.38,164.96,0.0,0.0,,-4754.38
161,16,2.00,12,21.21,30.57,26.78,-4974.48,156.32,0.0,0.0,,-4974.48
161,17,2.00,12,21.50,30.89,26.78,-5381.05,138.23,0.0,0.0,,-5381.05
161,18,2.00,12,22.16,31.22,26.78,-5788.13,115.59,0.0,0.0,,-5788.13
161,19,2.00,12,21.09,30.15,27.45,0.0,74.23,0.0,0.0,,0.0
161,20,2.00,12,20.06,29.63,27.40,0.0,15.30,0.0,0.0,,0.0
161,21,2.00,12,19.68,29.25,27.18,0.0,0.00,0.0,0.0,,0.0
161,22,2.00,12,19.96,28.93,26.96,0.0,0.00,0.0,0.0,,0.0
161,23,2.00,12,20.13,28.64,26.74,0.0,0.00,0.0,0.0,,0.0
161,24,2.00,12,20.64,28.38,26.55,0.0,0.00,0.0,0.0,,0.0
161,1,3.00,12,19.59,28.06,26.28,0.0,0.00,0.0,0.0,,0.0
161,2,3.00,12,19.36,27.76,26.04,0.0,0.00,0.0,0.0,,0.0
161,3,3.00,12,18.59,27.44,25.78,0.0,0.00,0.0,0.0,,0.0
161,4,3.00,12,18.40,27.15,25.54,0.0,0.00,0.0,0.0,,0.0
161,5,3.00,12,18.59,26.89,25.34,0.0,0.00,0.0,0.0,,0.0
161,6,3.00,12,18.32,26.63,25.12,0.0,0.00,0.0,0.0,,0.0
161,7,3.00,12,18.01,26.36,24.90,0.0,0.09,0.0,0.0,,0.0
161,8,3.00,12,18.35,28.53,27.11,0.0,40.88,0.0,0.0,,0.0
161,9,3.00,12,19.09,29.33,27.96,0.0,88.39,0.0,0.0,,0.0
161,10,3.00,12,20.12,29.91,28.58,0.0,119.60,0.0,0.0,,0.0
161,11,3.00,12,20.68,30.45,29.16,0.0,143.20,0.0,0.0,,0.0
161,12,3.00,12,21.66,31.05,29.79,0.0,161.40,0.0,0.0,,0.0
161,13,3.00,12,22.32,31.66,30.44,0.0,163.57,0.0,0.0,,0.0
161,14,3.00,12,22.28,32.24,31.05,0.0,162.33,0.0,0.0,,0.0
161,15,3.00,12,21.60,32.75,31.59,0.0,164.96,0.0,0.0,,0.0
161,16,3.00,12,20.93,33.19,32.07,0.0,156.32,0.0,0.0,,0.0
161,17,3.00,12,20.94,33.61,32.51,0.0,138.23,0.0,0.0,,0.0
161,18,3.00,12,21.47,33.99,32.92,0.0,115.59,0.0,0.0,,0.0
161,19,3.00,12,20.66,31.85,30.81,0.0,74.23,0.0,0.0,,0.0
161,20,3.00,12,19.56,31.03,30.02,0.0,15.30,0.0,0.0,,0.0
161,21,3.00,12,18.70,30.49,29.50,0.0,0.00,0.0,0.0,,0.0
161,22,3.00,12,18.66,30.06,29.10,0.0,0.00,0.0,0.0,,0.0
161,23,3.00,12,18.30,29.65,28.71,0.0,0.00,0.0,0.0,,0.0
161,24,3.00,12,19.12,29.32,28.41,0.0,0.00,0.0,0.0,,0.0
161,1,4.00,12,17.59,28.89,28.00,0.0,0.00,0.0,0.0,,0.0
161,2,4.00,12,17.48,28.52,27.64,0.0,0.00,0.0,0.0,,0.0
161,3,4.00,12,17.26,28.16,27.30,0.0,0.00,0.0,0.0,,0.0
161,4,4.00,12,17.24,27.82,26.99,0.0,0.00,0.0,0.0,,0.0
161,5,4.00,12,17.17,27.50,26.69,0.0,0.00,0.0,0.0,,0.0
161,6,4.00,12,18.53,27.29,26.49,0.0,0.00,0.0,0.0,,0.0
161,7,4.00,12,19.61,27.11,26.33,0.0,0.09,0.0,0.0,,0.0
161,8,4.00,12,20.25,29.32,28.55,0.0,40.88,0.0,0.0,,0.0
161,9,4.00,12,20.26,30.10,29.35,0.0,88.39,0.0,0.0,,0.0
161,10,4.00,12,21.05,30.66,29.92,0.0,119.60,0.0,0.0,,0.0
161,11,4.00,12,21.73,31.20,30.48,0.0,143.20,0.0,0.0,,0.0
161,12,4.00,12,22.32,31.77,31.06,0.0,161.40,0.0,0.0,,0.0
161,13,4.00,12,22.47,32.33,31.64,0.0,163.57,0.0,0.0,,0.0
161,14,4.00,12,22.67,32.90,32.22,0.0,162.33,0.0,0.0,,0.0
161,15,4.00,12,22.50,33.43,32.76,0.0,164.96,0.0,0.0,,0.0
161,16,4.00,12,22.60,33.93,33.27,0.0,156.32,0.0,0.0,,0.0
161,17,4.00,12,22.52,34.36,33.71,0.0,138.23,0.0,0.0,,0.0
161,18,4.00,12,23.07,34.75,34.11,0.0,115.59,0.0,0.0,,0.0
161,19,4.00,12,22.17,32.62,32.00,0.0,74.23,0.0,0.0,,0.0
161,20,4.00,12,21.29,31.82,31.21,0.0,15.30,0.0,0.0,,0.0
161,21,4.00,12,20.85,31.32,30.72,0.0,0.00,0.0,0.0,,0.0
161,22,4.00,12,20.95,30.92,30.33,0.0,0.00,0.0,0.0,,0.0
161,23,4.00,12,20.61,30.54,29.96,0.0,0.00,0.0,0.0,,0.0
161,24,4.00,12,20.72,30.19,29.62,0.0,0.00,0.0,0.0,,0.0
161,1,5.00,12,19.50,29.78,29.22,0.0,0.00,0.0,0.0,,0.0
161,2,5.00,12,18.83,29.38,28.83,0.0,0.00,0.0,0.0,,0.0
161,3,5.00,12,19.00,29.05,28.50,0.0,0.00,0.0,0.0,,0.0
161,4,5.00,12,19.14,28.73,28.19,0.0,0.00,0.0,0.0,,0.0
161,5,5.00,12,19.60,28.46,27.93,0.0,0.00,0.0,0.0,,0.0
161,6,5.00,12,19.85,28.20,27.67,0.0,0.00,0.0,0.0,,0.0
161,7,5.00,12,19.31,27.90,27.38,0.0,0.09,0.0,0.0,,0.0
161,8,5.00,12,19.35,28.86,26.78,-4153.44,40.88,0.0,0.0,,-4153.44
161,9,5.00,12,20.58,29.35,26.78,-4318.7,88.39,0.0,0.0,,-4318.7
161,10,5.00,12,21.75,29.82,26.78,-4960.43,119.60,0.0,0.0,,-4960.43
161,11,5.00,12,22.34,30.25,26.78,-5477.98,143.20,0.0,0.0,,-5477.98
161,12,5.00,12,23.20,30.76,26.78,-6183.5,161.40,0.0,-172.71,,-6356.21
161,13,5.00,12,23.19,31.17,26.78,-6565.09,163.57,0.0,0.0,,-6565.09
161,14,5.00,12,22.99,31.52,26.78,-6847.9,162.33,0.0,0.0,,-6847.9
161,15,5.00,12,22.68,31.83,26.78,-7036.44,164.96,0.0,0.0,,-7036.44
161,16,5.00,12,22.94,32.18,26.78,-7364.2,156.32,0.0,0.0,,-7364.2
161,17,5.00,12,22.93,32.45,26.78,-7476.12,138.23,0.0,0.0,,-7476.12
161,18,5.00,12,22.97,32.67,26.78,-7473.62,115.59,0.0,0.0,,-7473.62
161,19,5.00,12,21.91,31.60,28.02,0.0,74.23,0.0,0.0,,0.0
161,20,5.00,12,21.26,31.09,28.12,0.0,15.30,0.0,0.0,,0.0
161,21,5.00,12,20.86,30.68,27.94,0.0,0.00,0.0,0.0,,0.0
161,22,5.00,12,20.76,30.32,27.71,0.0,0.00,0.0,0.0,,0.0
161,23,5.00,12,20.75,29.99,27.48,0.0,0.00,0.0,0.0,,0.0
161,24,5.00,12,20.47,29.65,27.23,0.0,0.00,0.0,0.0,,0.0
161,1,6.00,12,20.37,29.33,27.00,0.0,0.00,0.0,0.0,,0.0
161,2,6.00,12,20.32,29.02,26.78,0.0,0.00,0.0,0.0,,0.0
161,3,6.00,12,20.47,28.75,26.58,0.0,0.00,0.0,0.0,,0.0
161,4,6.00,12,20.41,28.47,26.38,0.0,0.00,0.0,0.0,,0.0
161,5,6.00,12,20.87,28.24,26.22,0.0,0.00,0.0,0.0,,0.0
161,6,6.00,12,20.71,28.00,26.04,0.0,0.00,0.0,0.0,,0.0
161,7,6.00,12,20.70,27.76,25.88,0.0,0.09,0.0,0.0,,0.0
161,8,6.00,12,21.05,28.96,26.78,-1376.54,40.88,0.0,0.0,,-1376.54
161,9,6.00,12,21.91,29.49,26.78,-2623.48,88.39,0.0,0.0,,-2623.48
161,10,6.00,12,22.19,29.86,26.78,-3241.11,119.60,0.0,0.0,,-3241.11
161,11,6.00,12,22.62,30.26,26.78,-3965.13,143.20,0.0,0.0,,-3965.13
161,12,6.00,12,23.36,30.75,26.78,-4848.19,161.40,0.0,0.0,,-4848.19
161,13,6.00,12,23.64,31.21,26.78,-5541.15,163.57,0.0,0.0,,-5541.15
161,14,6.00,12,23.98,31.68,26.78,-6219.17,162.33,0.0,0.0,,-6219.17
161,15,6.00,12,24.12,32.10,26.78,-6748.38,164.96,0.0,0.0,,-6748.38
161,16,6.00,12,24.24,32.48,26.78,-7169.19,156.32,0.0,0.0,,-7169.19
161,17,6.00,12,23.70,32.71,26.78,-7185.67,138.23,0.0,0.0,,-7185.67
161,18,6.00,12,23.05,32.81,26.78,-7000.93,115.59,0.0,0.0,,-7000.93
161,19,6.00,12,21.83,31.72,27.83,0.0,74.23,0.0,0.0,,0.0
161,20,6.00,12,20.41,31.15,27.84,0.0,15.30,0.0,0.0,,0.0
161,21,6.00,12,19.75,30.70,27.62,0.0,0.00,0.0,0.0,,0.0
161,22,6.00,12,19.31,30.28,27.34,0.0,0.00,0.0,0.0,,0.0
161,23,6.00,12,18.72,29.87,27.05,0.0,0.00,0.0,0.0,,0.0
161,24,6.00,12,18.18,29.47,26.74,0.0,0.00,0.0,0.0,,0.0
161,1,7.00,12,18.01,29.09,26.46,0.0,0.00,0.0,0.0,,0.0
161,2,7.00,12,17.83,28.73,26.20,0.0,0.00,0.0,0.0,,0.0
161,3,7.00,12,17.77,28.39,25.95,0.0,0.00,0.0,0.0,,0.0
161,4,7.00,12,17.25,28.04,25.67,0.0,0.00,0.0,0.0,,0.0
161,5,7.00,12,17.53,27.74,25.45,0.0,0.00,0.0,0.0,,0.0
161,6,7.00,12,17.06,27.41,25.20,0.0,0.00,0.0,0.0,,0.0
161,7,7.00,12,17.27,27.13,24.99,0.0,0.09,0.0,0.0,,0.0
161,8,7.00,12,17.82,28.03,26.17,0.0,40.88,0.0,0.0,,0.0
161,9,7.00,12,18.72,28.45,26.71,0.0,88.39,0.0,0.0,,0.0
161,10,7.00,12,19.58,28.85,26.78,-1049.74,119.60,0.0,0.0,,-1049.74
161,11,7.00,12,20.27,29.26,26.78,-2003.9,143.20,0.0,0.0,,-2003.9
161,12,7.00,12,21.20,29.76,26.78,-3048.81,161.40,0.0,0.0,,-3048.81
161,13,7.00,12,21.71,30.23,26.78,-3909.16,163.57,0.0,0.0,,-3909.16
161,14,7.00,12,22.43,30.74,26.78,-4808.89,162.33,0.0,0.0,,-4808.89
161,15,7.00,12,22.62,31.18,26.78,-5428.01,164.96,0.0,0.0,,-5428.01
161,16,7.00,12,22.90,31.58,26.78,-5972.24,156.32,0.0,0.0,,-5972.24
161,17,7.00,12,22.68,31.86,26.78,-6180.76,138.23,0.0,0.0,,-6180.76
161,18,7.00,12,22.24,32.02,26.78,-6132.15,115.59,0.0,0.0,,-6132.15
161,19,7.00,12,21.37,30.97,27.59,0.0,74.23,0.0,0.0,,0.0
161,20,7.00,12,20.56,30.47,27.60,0.0,15.30,0.0,0.0,,0.0
161,21,7.00,12,19.91,30.05,27.38,0.0,0.00,0.0,0.0,,0.0
161,22,7.00,12,20.01,29.71,27.15,0.0,0.00,0.0,0.0,,0.0
161,23,7.00,12,19.53,29.35,26.89,0.0,0.00,0.0,0.0,,0.0
161,24,7.00,12,19.45,29.02,26.64,0.0,0.00,0.0,0.0,,0.0
161,1,1.00,12,18.80,28.67,26.37,0.0,0.00,0.0,0.0,,0.0
161,2,1.00,12,18.05,28.31,26.08,0.0,0.00,0.0,0.0,,0.0
161,3,1.00,12,17.96,27.99,25.83,0.0,0.00,0.0,0.0,,0.0
161,4,1.00,12,17.12,27.63,25.55,0.0,0.00,0.0,0.0,,0.0
161,5,1.00,12,17.09,27.32,25.30,0.0,0.00,0.0,0.0,,0.0
161,6,1.00,12,17.05,27.03,25.07,0.0,0.00,0.0,0.0,,0.0
161,7,1.00,12,17.44,26.77,24.88,0.0,0.09,0.0,0.0,,0.0
161,8,1.00,12,17.42,27.66,26.01,0.0,40.88,0.0,0.0,,0.0
161,9,1.00,12,18.32,28.08,26.53,0.0,88.39,0.0,0.0,,0.0
161,10,1.00,12,20.61,28.71,26.78,-1160.62,119.60,0.0,0.0,,-1160.62
161,11,1.00,12,22.12,29.33,26.78,-2600.1,143.20,0.0,0.0,,-2600.1
161,12,1.00,12,22.87,29.89,26.78,-3627.49,161.40,0.0,0.0,,-3627.49
161,13,1.00,12,22.81,30.33,26.78,-4304.39,163.57,0.0,0.0,,-4304.39
161,14,1.00,12,22.87,30.76,26.78,-4965.83,162.33,0.0,0.0,,-4965.83
161,15,1.00,12,22.66,31.13,26.78,-5435.3,164.96,0.0,0.0,,-5435.3
161,16,1.00,12,22.37,31.44,26.78,-5748.86,156.32,0.0,0.0,,-5748.86
161,17,1.00,12,21.88,31.65,26.78,-5832.64,138.23,0.0,0.0,,-5832.64
161,18,1.00,12,21.43,31.77,26.78,-5764.82,115.59,0.0,0.0,,-5764.82
161,19,1.00,12,20.33,30.75,27.50,0.0,74.23,0.0,0.0,,0.0
161,20,1.00,12,18.98,30.20,27.44,0.0,15.30,0.0,0.0,,0.0
161,21,1.00,12,18.35,29.76,27.18,0.0,0.00,0.0,0.0,,0.0
161,22,1.00,12,17.72,29.34,26.87,0.0,0.00,0.0,0.0,,0.0
161,23,1.00,12,16.99,28.92,26.54,0.0,0.00,0.0,0.0,,0.0
161,24,1.00,12,17.24,28.57,26.26,0.0,0.00,0.0,0.0,,0.0
161,1,2.00,12,16.77,28.20,25.97,0.0,0.00,0.0,0.0,,0.0
161,2,2.00,12,16.21,27.82,25.66,0.0,0.00,0.0,0.0,,0.0
161,3,2.00,12,15.79,27.45,25.37,0.0,0.00,0.0,0.0,,0.0
161,4,2.00,12,15.45,27.10,25.08,0.0,0.00,0.0,0.0,,0.0
161,5,2.00,12,15.57,26.78,24.82,0.0,0.00,0.0,0.0,,0.0
161,6,2.00,12,14.70,26.42,24.52,0.0,0.00,0.0,0.0,,0.0
161,7,2.00,12,14.34,26.08,24.24,0.0,0.09,0.0,0.0,,0.0
161,8,2.00,12,15.07,26.80,25.19,0.0,40.88,0.0,0.0,,0.0
161,9,2.00,12,16.81,27.29,25.78,0.0,88.39,0.0,0.0,,0.0
161,10,2.00,12,18.42,27.81,26.37,0.0,119.60,0.0,0.0,,0.0
161,11,2.00,12,20.06,28.41,26.78,-629.05,143.20,0.0,0.0,,-629.05
161,12,2.00,12,21.03,28.97,26.78,-2054.03,161.40,0.0,0.0,,-2054.03
161,13,2.00,12,21.48,29.48,26.78,-3009.65,163.57,0.0,0.0,,-3009.65
161,14,2.00,12,22.02,30.00,26.78,-3939.91,162.33,0.0,0.0,,-3939.91
161,15,2.00,12,22.40,30.48,26.78,-4721.69,164.96,0.0,0.0,,-4721.69
161,16,2.00,12,22.73,30.93,26.78,-5362.95,156.32,0.0,0.0,,-5362.95
161,17,2.00,12,22.55,31.24,26.78,-5655.11,138.23,0.0,0.0,,-5655.11
161,18,2.00,12,21.95,31.41,26.78,-5601.82,115.59,0.0,0.0,,-5601.82
161,19,2.00,12,21.29,30.36,27.44,0.0,74.23,0.0,0.0,,0.0
161,20,2.00,12,20.23,29.86,27.39,0.0,15.30,0.0,0.0,,0.0
161,21,2.00,12,19.53,29.45,27.16,0.0,0.00,0.0,0.0,,0.0
161,22,2.00,12,19.62,29.12,26.92,0.0,0.00,0.0,0.0,,0.0
161,23,2.00,12,19.37,28.80,26.67,0.0,0.00,0.0,0.0,,0.0
161,24,2.00,12,19.48,28.50,26.45,0.0,0.00,0.0,0.0,,0.0
161,1,3.00,12,19.38,28.21,26.22,0.0,0.00,0.0,0.0,,0.0
161,2,3.00,12,19.26,27.93,26.00,0.0,0.00,0.0,0.0,,0.0
161,3,3.00,12,19.40,27.67,25.80,0.0,0.00,0.0,0.0,,0.0
161,4,3.00,12,19.00,27.40,25.58,0.0,0.00,0.0,0.0,,0.0
161,5,3.00,12,19.40,27.17,25.42,0.0,0.00,0.0,0.0,,0.0
161,6,3.00,12,18.13,26.87,25.16,0.0,0.00,0.0,0.0,,0.0
161,7,3.00,12,17.33,26.56,24.90,0.0,0.09,0.0,0.0,,0.0
161,8,3.00,12,17.35,28.68,27.07,0.0,40.88,0.0,0.0,,0.0
161,9,3.00,12,18.95,29.52,27.96,0.0,88.39,0.0,0.0,,0.0
161,10,3.00,12,20.32,30.13,28.61,0.0,119.60,0.0,0.0,,0.0
161,11,3.00,12,21.60,30.73,29.25,0.0,143.20,0.0,0.0,,0.0
161,12,3.00,12,22.09,31.32,29.88,0.0,161.40,0.0,0.0,,0.0
161,13,3.00,12,22.03,31.89,30.49,0.0,163.57,0.0,0.0,,0.0
161,14,3.00,12,22.16,32.47,31.10,0.0,162.33,0.0,0.0,,0.0
161,15,3.00,12,22.05,33.01,31.68,0.0,164.96,0.0,0.0,,0.0
161,16,3.00,12,21.78,33.50,32.20,0.0,156.32,0.0,0.0,,0.0
161,17,3.00,12,21.21,33.90,32.64,0.0,138.23,0.0,0.0,,0.0
161,18,3.00,12,20.58,34.20,32.97,0.0,115.59,0.0,0.0,,0.0
161,19,3.00,12,19.92,32.05,30.85,0.0,74.23,0.0,0.0,,0.0
161,20,3.00,12,19.31,31.24,30.07,0.0,15.30,0.0,0.0,,0.0
161,21,3.00,12,19.00,30.74,29.59,0.0,0.00,0.0,0.0,,0.0
161,22,3.00,12,19.19,30.34,29.22,0.0,0.00,0.0,0.0,,0.0
161,23,3.00,12,19.37,29.97,28.88,0.0,0.00,0.0,0.0,,0.0
161,24,3.00,12,18.88,29.59,28.52,0.0,0.00,0.0,0.0,,0.0
161,1,4.00,12,19.19,29.27,28.22,0.0,0.00,0.0,0.0,,0.0
161,2,4.00,12,18.79,28.92,27.90,0.0,0.00,0.0,0.0,,0.0
161,3,4.00,12,18.63,28.59,27.59,0.0,0.00,0.0,0.0,,0.0
161,4,4.00,12,18.11,28.25,27.27,0.0,0.00,0.0,0.0,,0.0
161,5,4.00,12,18.51,27.97,27.01,0.0,0.00,0.0,0.0,,0.0
161,6,4.00,12,18.35,27.68,26.74,0.0,0.00,0.0,0.0,,0.0
161,7,4.00,12,18.44,27.41,26.49,0.0,0.09,0.0,0.0,,0.0
161,8,4.00,12,18.89,29.57,28.66,0.0,40.88,0.0,0.0,,0.0
161,9,4.00,12,20.16,30.39,29.51,0.0,88.39,0.0,0.0,,0.0
161,10,4.00,12,20.83,30.95,30.08,0.0,119.60,0.0,0.0,,0.0
161,11,4.00,12,21.55,31.49,30.63,0.0,143.20,0.0,0.0,,0.0
161,12,4.00,12,22.03,32.04,31.20,0.0,161.40,0.0,0.0,,0.0
161,13,4.00,12,22.02,32.59,31.76,0.0,163.57,0.0,0.0,,0.0
161,14,4.00,12,22.34,33.15,32.34,0.0,162.33,0.0,0.0,,0.0
161,15,4.00,12,21.94,33.65,32.86,0.0,164.96,0.0,0.0,,0.0
161,16,4.00,12,21.76,34.12,33.33,0.0,156.32,0.0,0.0,,0.0
161,17,4.00,12,21.12,34.49,33.72,0.0,138.23,0.0,0.0,,0.0
161,18,4.00,12,20.52,34.77,34.01,0.0,115.59,0.0,0.0,,0.0
161,19,4.00,12,19.96,32.60,31.85,0.0,74.23,0.0,0.0,,0.0
161,20,4.00,12,19.64,31.80,31.06,0.0,15.30,0.0,0.0,,0.0
161,21,4.00,12,19.11,31.26,30.54,0.0,0.00,0.0,0.0,,0.0
161,22,4.00,12,19.00,30.83,30.11,0.0,0.00,0.0,0.0,,0.0
161,23,4.00,12,18.68,30.41,29.70,0.0,0.00,0.0,0.0,,0.0
161,24,4.00,12,17.93,29.97,29.28,0.0,0.00,0.0,0.0,,0.0
161,1,5.00,12,18.11,29.60,28.91,0.0,0.00,0.0,0.0,,0.0
161,2,5.00,12,17.39,29.19,28.52,0.0,0.00,0.0,0.0,,0.0
161,3,5.00,12,16.99,28.80,28.14,0.0,0.00,0.0,0.0,,0.0
161,4,5.00,12,16.44,28.41,27.75,0.0,0.00,0.0,0.0,,0.0
161,5,5.00,12,16.22,28.04,27.40,0.0,0.00,0.0,0.0,,0.0
161,6,5.00,12,15.79,27.67,27.04,0.0,0.00,0.0,0.0,,0.0
161,7,5.00,12,15.58,27.32,26.69,0.0,0.09,0.0,0.0,,0.0
161,8,5.00,12,15.46,27.89,26.78,-1413.28,40.88,0.0,0.0,,-1413.28
161,9,5.00,12,17.32,28.34,26.78,-2246.64,88.39,0.0,0.0,,-2246.64
161,10,5.00,12,18.83,28.81,26.78,-3069.59,119.60,0.0,0.0,,-3069.59
161,11,5.00,12,20.18,29.32,26.78,-3935.67,143.20,0.0,0.0,,-3935.67
161,12,5.00,12,21.30,29.87,26.78,-4798.3,161.40,0.0,0.0,,-4798.3
161,13,5.00,12,21.89,30.37,26.78,-5474.47,163.57,0.0,0.0,,-5474.47
161,14,5.00,12,22.78,30.91,26.78,-6263.2,162.33,0.0,0.0,,-6263.2
161,15,5.00,12,22.21,31.24,26.78,-6413.68,164.96,0.0,0.0,,-6413.68
161,16,5.00,12,21.83,31.51,26.78,-6536.04,156.32,0.0,0.0,,-6536.04
161,17,5.00,12,21.26,31.68,26.78,-6452.79,138.23,0.0,0.0,,-6452.79
161,18,5.00,12,20.45,31.73,26.78,-6124.26,115.59,0.0,0.0,,-6124.26
161,19,5.00,12,19.91,30.80,27.75,0.0,74.23,0.0,0.0,,0.0
161,20,5.00,12,19.50,30.33,27.79,0.0,15.30,0.0,0.0,,0.0
161,21,5.00,12,19.17,29.94,27.58,0.0,0.00,0.0,0.0,,0.0
161,22,5.00,12,18.69,29.55,27.30,0.0,0.00,0.0,0.0,,0.0
161,23,5.00,12,18.16,29.17,27.00,0.0,0.00,0.0,0.0,,0.0
161,24,5.00,12,17.28,28.76,26.67,0.0,0.00,0.0,0.0,,0.0
161,1,6.00,12,17.90,28.45,26.43,0.0,0.00,0.0,0.0,,0.0
161,2,6.00,12,17.60,28.12,26.17,0.0,0.00,0.0,0.0,,0.0
161,3,6.00,12,17.25,27.79,25.90,0.0,0.00,0.0,0.0,,0.0
161,4,6.00,12,16.15,27.41,25.58,0.0,0.00,0.0,0.0,,0.0
161,5,6.00,12,15.60,27.06,25.28,0.0,0.00,0.0,0.0,,0.0
161,6,6.00,12,16.35,26.79,25.07,0.0,0.00,0.0,0.0,,0.0
161,7,6.00,12,16.89,26.55,24.88,0.0,0.09,0.0,0.0,,0.0
161,8,6.00,12,17.72,28.74,27.12,0.0,40.88,0.0,0.0,,0.0
161,9,6.00,12,20.20,29.66,28.09,0.0,88.39,0.0,0.0,,0.0
161,10,6.00,12,21.15,30.28,28.76,0.0,119.60,0.0,0.0,,0.0
161,11,6.00,12,21.93,30.86,29.38,0.0,143.20,0.0,0.0,,0.0
161,12,6.00,12,23.22,31.51,30.08,0.0,161.40,0.0,0.0,,0.0
161,13,6.00,12,23.37,32.13,30.74,0.0,163.57,0.0,0.0,,0.0
161,14,6.00,12,23.79,32.75,31.40,0.0,162.33,0.0,0.0,,0.0
161,15,6.00,12,24.08,33.36,32.04,0.0,164.96,0.0,0.0,,0.0
161,16,6.00,12,24.33,33.93,32.64,0.0,156.32,0.0,0.0,,0.0
161,17,6.00,12,23.46,34.36,33.11,0.0,138.23,0.0,0.0,,0.0
161,18,6.00,12,22.74,34.70,33.48,0.0,115.59,0.0,0.0,,0.0
161,19,6.00,12,21.82,32.56,31.38,0.0,74.23,0.0,0.0,,0.0
161,20,6.00,12,20.59,31.74,30.59,0.0,15.30,0.0,0.0,,0.0
161,21,6.00,12,19.64,31.20,30.08,0.0,0.00,0.0,0.0,,0.0
161,22,6.00,12,19.25,30.76,29.66,0.0,0.00,0.0,0.0,,0.0
161,23,6.00,12,19.04,30.35,29.28,0.0,0.00,0.0,0.0,,0.0
161,24,6.00,12,18.44,29.94,28.89,0.0,0.00,0.0,0.0,,0.0
161,1,7.00,12,18.22,29.56,28.53,0.0,0.00,0.0,0.0,,0.0
161,2,7.00,12,17.62,29.16,28.16,0.0,0.00,0.0,0.0,,0.0
161,3,7.00,12,16.94,28.76,27.78,0.0,0.00,0.0,0.0,,0.0
161,4,7.00,12,16.33,28.36,27.41,0.0,0.00,0.0,0.0,,0.0
161,5,7.00,12,16.02,27.99,27.06,0.0,0.00,0.0,0.0,,0.0
161,6,7.00,12,15.64,27.62,26.71,0.0,0.00,0.0,0.0,,0.0
161,7,7.00,12,15.23,27.26,26.37,0.0,0.09,0.0,0.0,,0.0
161,8,7.00,12,16.42,29.39,28.52,0.0,40.88,0.0,0.0,,0.0
161,9,7.00,12,18.61,30.24,29.38,0.0,88.39,0.0,0.0,,0.0
161,10,7.00,12,20.35,30.85,30.00,0.0,119.60,0.0,0.0,,0.0
161,11,7.00,12,21.91,31.45,30.62,0.0,143.20,0.0,0.0,,0.0
161,12,7.00,12,22.93,32.06,31.25,0.0,161.40,0.0,0.0,,0.0
161,13,7.00,12,23.47,32.68,31.88,0.0,163.57,0.0,0.0,,0.0
161,14,7.00,12,24.52,33.33,32.55,0.0,162.33,0.0,0.0,,0.0
161,15,7.00,12,24.45,33.91,33.14,0.0,164.96,0.0,0.0,,0.0
161,16,7.00,12,24.39,34.45,33.69,0.0,156.32,0.0,0.0,,0.0
161,17,7.00,12,24.13,34.90,34.16,0.0,138.23,0.0,0.0,,0.0
161,18,7.00,12,23.68,35.26,34.53,0.0,115.59,0.0,0.0,,0.0
161,19,7.00,12,23.06,33.14,32.43,0.0,74.23,0.0,0.0,,0.0
161,20,7.00,12,22.22,32.36,31.66,0.0,15.30,0.0,0.0,,0.0
161,21,7.00,12,21.94,31.89,31.19,0.0,0.00,0.0,0.0,,0.0
161,22,7.00,12,21.33,31.46,30.78,0.0,0.00,0.0,0.0,,0.0
161,23,7.00,12,22.18,31.15,30.48,0.0,0.00,0.0,0.0,,0.0
161,24,7.00,12,21.73,30.80,30.14,0.0,0.00,0.0,0.0,,0.0
161,1,1.00,1,21.77,30.48,29.83,0.0,0.00,0.0,0.0,,0.0
161,2,1.00,1,22.13,30.20,29.56,0.0,0.00,0.0,0.0,,0.0
161,3,1.00,1,21.44,29.88,29.25,0.0,0.00,0.0,0.0,,0.0
161,4,1.00,1,20.83,29.55,28.93,0.0,0.00,0.0,0.0,,0.0
161,5,1.00,1,21.15,29.28,28.66,0.0,0.00,0.0,0.0,,0.0
161,6,1.00,1,20.72,28.99,28.38,0.0,0.00,0.0,0.0,,0.0
161,7,1.00,1,20.53,28.71,28.11,0.0,0.00,0.0,0.0,,0.0
161,8,1.00,1,20.78,29.73,27.41,-4594.24,19.50,0.0,0.0,,-4594.24
161,9,1.00,1,21.96,30.24,27.41,-4662.99,73.95,0.0,0.0,,-4662.99
161,10,1.00,1,22.88,30.67,27.41,-5176.04,112.56,0.0,0.0,,-5176.04
161,11,1.00,1,23.84,31.15,27.41,-5826.24,136.75,0.0,0.0,,-5826.24
161,12,1.00,1,23.69,31.51,27.41,-6112.04,157.40,0.0,0.0,,-6112.04
161,13,1.00,1,23.55,31.86,27.41,-6428.58,163.96,0.0,0.0,,-6428.58
161,14,1.00,1,23.78,32.26,27.41,-6879.09,161.16,0.0,-415.05,,-7294.14
161,15,1.00,1,23.94,32.65,27.41,-7266.89,160.49,0.0,-64.02,,-7330.910000000001
161,16,1.00,1,24.05,33.01,27.41,-7561.8,163.71,0.0,-802.93,,-8364.73
161,17,1.00,1,22.71,33.08,27.41,-7126.2,151.59,0.0,-329.17,,-7455.37
161,18,1.00,1,21.22,32.98,27.41,-6466.67,129.48,0.0,0.0,,-6466.67
161,19,1.00,1,19.30,31.96,28.41,0.0,83.16,0.0,0.0,,0.0
161,20,1.00,1,17.29,31.33,28.33,0.0,29.62,0.0,0.0,,0.0
161,21,1.00,1,15.74,30.75,27.96,0.0,0.00,0.0,0.0,,0.0
161,22,1.00,1,14.48,30.19,27.53,0.0,0.00,0.0,0.0,,0.0
161,23,1.00,1,15.24,29.76,27.20,0.0,0.00,0.0,0.0,,0.0
161,24,1.00,1,15.48,29.35,26.88,0.0,0.00,0.0,0.0,,0.0
161,1,2.00,1,15.80,28.97,26.58,0.0,0.00,0.0,0.0,,0.0
161,2,2.00,1,16.02,28.60,26.30,0.0,0.00,0.0,0.0,,0.0
161,3,2.00,1,16.17,28.25,26.03,0.0,0.00,0.0,0.0,,0.0
161,4,2.00,1,16.90,27.96,25.81,0.0,0.00,0.0,0.0,,0.0
161,5,2.00,1,17.50,27.70,25.62,0.0,0.00,0.0,0.0,,0.0
161,6,2.00,1,17.57,27.43,25.42,0.0,0.00,0.0,0.0,,0.0
161,7,2.00,1,17.95,27.18,25.24,0.0,0.00,0.0,0.0,,0.0
161,8,2.00,1,17.87,28.06,26.37,0.0,19.50,0.0,0.0,,0.0
161,9,2.00,1,19.02,28.52,26.93,0.0,73.95,0.0,0.0,,0.0
161,10,2.00,1,20.71,29.05,27.41,-312.54,112.56,0.0,0.0,,-312.54
161,11,2.00,1,22.04,29.61,27.41,-1841.75,136.75,0.0,0.0,,-1841.75
161,12,2.00,1,23.02,30.18,27.41,-2994.53,157.40,0.0,0.0,,-2994.53
161,13,2.00,1,23.24,30.67,27.41,-3826.75,163.96,0.0,0.0,,-3826.75
161,14,2.00,1,23.92,31.21,27.41,-4788.95,161.16,0.0,0.0,,-4788.95
161,15,2.00,1,23.36,31.56,27.41,-5167.88,160.49,0.0,0.0,,-5167.88
161,16,2.00,1,22.39,31.77,27.41,-5257.08,163.71,0.0,0.0,,-5257.08
161,17,2.00,1,21.59,31.90,27.41,-5227.31,151.59,0.0,0.0,,-5227.31
161,18,2.00,1,20.66,31.92,27.41,-4961.41,129.48,0.0,0.0,,-4961.41
161,19,2.00,1,19.04,30.92,27.92,0.0,83.16,0.0,0.0,,0.0
161,20,2.00,1,17.49,30.36,27.77,0.0,29.62,0.0,0.0,,0.0
161,21,2.00,1,16.27,29.85,27.43,0.0,0.00,0.0,0.0,,0.0
161,22,2.00,1,15.60,29.38,27.06,0.0,0.00,0.0,0.0,,0.0
161,23,2.00,1,16.15,29.00,26.77,0.0,0.00,0.0,0.0,,0.0
161,24,2.00,1,16.70,28.66,26.50,0.0,0.00,0.0,0.0,,0.0
161,1,3.00,1,17.11,28.35,26.26,0.0,0.00,0.0,0.0,,0.0
161,2,3.00,1,17.30,28.04,26.02,0.0,0.00,0.0,0.0,,0.0
161,3,3.00,1,17.45,27.75,25.79,0.0,0.00,0.0,0.0,,0.0
161,4,3.00,1,17.48,27.46,25.57,0.0,0.00,0.0,0.0,,0.0
161,5,3.00,1,17.65,27.20,25.36,0.0,0.00,0.0,0.0,,0.0
161,6,3.00,1,17.70,26.94,25.16,0.0,0.00,0.0,0.0,,0.0
161,7,3.00,1,17.64,26.69,24.96,0.0,0.00,0.0,0.0,,0.0
161,8,3.00,1,18.05,27.67,26.16,0.0,19.50,0.0,0.0,,0.0
161,9,3.00,1,19.23,28.18,26.76,0.0,73.95,0.0,0.0,,0.0
161,10,3.00,1,20.91,28.74,27.38,0.0,112.56,0.0,0.0,,0.0
161,11,3.00,1,22.67,29.39,27.41,-1744.57,136.75,0.0,0.0,,-1744.57
161,12,3.00,1,23.25,29.94,27.41,-2804.81,157.40,0.0,0.0,,-2804.81
161,13,3.00,1,23.23,30.40,27.41,-3580.44,163.96,0.0,0.0,,-3580.44
161,14,3.00,1,23.60,30.90,27.41,-4442.91,161.16,0.0,0.0,,-4442.91
161,15,3.00,1,23.31,31.29,27.41,-4955.42,160.49,0.0,0.0,,-4955.42
161,16,3.00,1,22.99,31.62,27.41,-5328.53,163.71,0.0,0.0,,-5328.53
161,17,3.00,1,22.67,31.87,27.41,-5531.62,151.59,0.0,0.0,,-5531.62
161,18,3.00,1,21.95,31.98,27.41,-5390.17,129.48,0.0,0.0,,-5390.17
161,19,3.00,1,21.40,30.98,28.05,0.0,83.16,0.0,0.0,,0.0
161,20,3.00,1,20.71,30.51,28.02,0.0,29.62,0.0,0.0,,0.0
161,21,3.00,1,20.27,30.13,27.81,0.0,0.00,0.0,0.0,,0.0
161,22,3.00,1,20.00,29.78,27.56,0.0,0.00,0.0,0.0,,0.0
161,23,3.00,1,20.63,29.50,27.36,0.0,0.00,0.0,0.0,,0.0
161,24,3.00,1,20.66,29.22,27.14,0.0,0.00,0.0,0.0,,0.0
161,1,4.00,1,20.25,28.91,26.91,0.0,0.00,0.0,0.0,,0.0
161,2,4.00,1,19.74,28.61,26.66,0.0,0.00,0.0,0.0,,0.0
161,3,4.00,1,19.35,28.30,26.42,0.0,0.00,0.0,0.0,,0.0
161,4,4.00,1,19.21,28.02,26.20,0.0,0.00,0.0,0.0,,0.0
161,5,4.00,1,18.83,27.74,25.97,0.0,0.00,0.0,0.0,,0.0
161,6,4.00,1,18.50,27.46,25.74,0.0,0.00,0.0,0.0,,0.0
161,7,4.00,1,18.21,27.18,25.51,0.0,0.00,0.0,0.0,,0.0
161,8,4.00,1,18.83,28.19,26.74,0.0,19.50,0.0,0.0,,0.0
161,9,4.00,1,20.45,28.77,27.40,0.0,73.95,0.0,0.0,,0.0
161,10,4.00,1,21.64,29.28,27.41,-1423.99,112.56,0.0,0.0,,-1423.99
161,11,4.00,1,22.56,29.79,27.41,-2474.71,136.75,0.0,0.0,,-2474.71
161,12,4.00,1,23.04,30.28,27.41,-3368.55,157.40,0.0,0.0,,-3368.55
161,13,4.00,1,23.37,30.76,27.41,-4192.76,163.96,0.0,0.0,,-4192.76
161,14,4.00,1,23.49,31.21,27.41,-4875.19,161.16,0.0,0.0,,-4875.19
161,15,4.00,1,23.50,31.62,27.41,-5443.5,160.49,0.0,0.0,,-5443.5
161,16,4.00,1,23.79,32.04,27.41,-6014.47,163.71,0.0,-258.36,,-6272.83
161,17,4.00,1,23.14,32.27,27.41,-6046.01,151.59,0.0,0.0,,-6046.01
161,18,4.00,1,22.23,32.34,27.41,-5792.54,129.48,0.0,-75.68,,-5868.22
161,19,4.00,1,21.18,31.30,28.14,0.0,83.16,0.0,0.0,,0.0
161,20,4.00,1,20.06,30.78,28.10,0.0,29.62,0.0,0.0,,0.0
161,21,4.00,1,18.91,30.32,27.82,0.0,0.00,0.0,0.0,,0.0
161,22,4.00,1,18.21,29.89,27.50,0.0,0.00,0.0,0.0,,0.0
161,23,4.00,1,18.31,29.52,27.22,0.0,0.00,0.0,0.0,,0.0
161,24,4.00,1,17.68,29.13,26.91,0.0,0.00,0.0,0.0,,0.0
161,1,5.00,1,16.94,28.73,26.58,0.0,0.00,0.0,0.0,,0.0
161,2,5.00,1,16.36,28.34,26.26,0.0,0.00,0.0,0.0,,0.0
161,3,5.00,1,15.94,27.97,25.95,0.0,0.00,0.0,0.0,,0.0
161,4,5.00,1,15.37,27.59,25.63,0.0,0.00,0.0,0.0,,0.0
161,5,5.00,1,16.02,27.29,25.40,0.0,0.00,0.0,0.0,,0.0
161,6,5.00,1,16.80,27.05,25.21,0.0,0.00,0.0,0.0,,0.0
161,7,5.00,1,17.70,26.84,25.05,0.0,0.00,0.0,0.0,,0.0
161,8,5.00,1,18.54,27.88,26.33,0.0,19.50,0.0,0.0,,0.0
161,9,5.00,1,20.04,28.46,26.99,0.0,73.95,0.0,0.0,,0.0
161,10,5.00,1,21.65,29.03,27.41,-555.37,112.56,0.0,0.0,,-555.37
161,11,5.00,1,23.32,29.68,27.41,-2229.2,136.75,0.0,0.0,,-2229.2
161,12,5.00,1,23.17,30.12,27.41,-2956.45,157.40,0.0,0.0,,-2956.45
161,13,5.00,1,23.01,30.53,27.41,-3649.55,163.96,0.0,0.0,,-3649.55
161,14,5.00,1,22.85,30.92,27.41,-4265.4,161.16,0.0,0.0,,-4265.4
161,15,5.00,1,22.55,31.27,27.41,-4740.09,160.49,0.0,0.0,,-4740.09
161,16,5.00,1,22.52,31.62,27.41,-5202.86,163.71,0.0,0.0,,-5202.86
161,17,5.00,1,22.75,31.95,27.41,-5609.89,151.59,0.0,0.0,,-5609.89
161,18,5.00,1,22.21,32.10,27.41,-5536.39,129.48,0.0,-250.16,,-5786.55
161,19,5.00,1,21.19,31.06,28.05,0.0,83.16,0.0,0.0,,0.0
161,20,5.00,1,20.06,30.55,27.99,0.0,29.62,0.0,0.0,,0.0
161,21,5.00,1,19.44,30.14,27.75,0.0,0.00,0.0,0.0,,0.0
161,22,5.00,1,19.47,29.78,27.50,0.0,0.00,0.0,0.0,,0.0
161,23,5.00,1,18.98,29.42,27.21,0.0,0.00,0.0,0.0,,0.0
161,24,5.00,1,19.23,29.11,26.97,0.0,0.00,0.0,0.0,,0.0
161,1,6.00,1,19.27,28.81,26.74,0.0,0.00,0.0,0.0,,0.0
161,2,6.00,1,19.08,28.50,26.50,0.0,0.00,0.0,0.0,,0.0
161,3,6.00,1,18.60,28.19,26.25,0.0,0.00,0.0,0.0,,0.0
161,4,6.00,1,17.80,27.85,25.97,0.0,0.00,0.0,0.0,,0.0
161,5,6.00,1,17.50,27.54,25.71,0.0,0.00,0.0,0.0,,0.0
161,6,6.00,1,17.31,27.25,25.47,0.0,0.00,0.0,0.0,,0.0
161,7,6.00,1,17.74,27.00,25.28,0.0,0.00,0.0,0.0,,0.0
161,8,6.00,1,18.66,29.19,27.51,0.0,19.50,0.0,0.0,,0.0
161,9,6.00,1,20.45,30.05,28.43,0.0,73.95,0.0,0.0,,0.0
161,10,6.00,1,21.89,30.67,29.09,0.0,112.56,0.0,0.0,,0.0
161,11,6.00,1,23.22,31.29,29.75,0.0,136.75,0.0,0.0,,0.0
161,12,6.00,1,23.70,31.90,30.40,0.0,157.40,0.0,0.0,,0.0
161,13,6.00,1,23.71,32.49,31.04,0.0,163.96,0.0,0.0,,0.0
161,14,6.00,1,23.49,33.07,31.65,0.0,161.16,0.0,0.0,,0.0
161,15,6.00,1,23.33,33.62,32.24,0.0,160.49,0.0,0.0,,0.0
161,16,6.00,1,22.94,34.12,32.78,0.0,163.71,0.0,0.0,,0.0
161,17,6.00,1,22.80,34.56,33.25,0.0,151.59,0.0,0.0,,0.0
161,18,6.00,1,22.21,34.89,33.61,0.0,129.48,0.0,0.0,,0.0
161,19,6.00,1,21.66,32.77,31.52,0.0,83.16,0.0,0.0,,0.0
161,20,6.00,1,20.81,31.98,30.76,0.0,29.62,0.0,0.0,,0.0
161,21,6.00,1,20.76,31.51,30.32,0.0,0.00,0.0,0.0,,0.0
161,22,6.00,1,20.92,31.13,29.97,0.0,0.00,0.0,0.0,,0.0
161,23,6.00,1,21.63,30.83,29.69,0.0,0.00,0.0,0.0,,0.0
161,24,6.00,1,21.68,30.52,29.41,0.0,0.00,0.0,0.0,,0.0
161,1,7.00,1,21.98,30.24,29.15,0.0,0.00,0.0,0.0,,0.0
161,2,7.00,1,21.97,29.96,28.89,0.0,0.00,0.0,0.0,,0.0
161,3,7.00,1,21.91,29.68,28.64,0.0,0.00,0.0,0.0,,0.0
161,4,7.00,1,21.75,29.41,28.39,0.0,0.00,0.0,0.0,,0.0
161,5,7.00,1,21.65,29.15,28.15,0.0,0.00,0.0,0.0,,0.0
161,6,7.00,1,21.64,28.91,27.93,0.0,0.00,0.0,0.0,,0.0
161,7,7.00,1,21.85,28.69,27.73,0.0,0.00,0.0,0.0,,0.0
161,8,7.00,1,21.66,30.83,29.89,0.0,19.50,0.0,0.0,,0.0
161,9,7.00,1,22.21,31.61,30.69,0.0,73.95,0.0,0.0,,0.0
161,10,7.00,1,22.89,32.15,31.24,0.0,112.56,0.0,0.0,,0.0
161,11,7.00,1,23.70,32.69,31.80,0.0,136.75,0.0,0.0,,0.0
161,12,7.00,1,23.61,33.21,32.33,0.0,157.40,0.0,0.0,,0.0
161,13,7.00,1,23.83,33.76,32.90,0.0,163.96,0.0,0.0,,0.0
161,14,7.00,1,23.65,34.29,33.44,0.0,161.16,0.0,0.0,,0.0
161,15,7.00,1,23.50,34.80,33.97,0.0,160.49,0.0,0.0,,0.0
161,16,7.00,1,22.96,35.25,34.43,0.0,163.71,0.0,0.0,,0.0
161,17,7.00,1,22.18,35.60,34.80,0.0,151.59,0.0,0.0,,0.0
161,18,7.00,1,21.26,35.84,35.05,0.0,129.48,0.0,0.0,,0.0
161,19,7.00,1,20.52,33.64,32.86,0.0,83.16,0.0,0.0,,0.0
161,20,7.00,1,19.69,32.80,32.03,0.0,29.62,0.0,0.0,,0.0
161,21,7.00,1,19.07,32.23,31.47,0.0,0.00,0.0,0.0,,0.0
161,22,7.00,1,18.93,31.76,31.02,0.0,0.00,0.0,0.0,,0.0
161,23,7.00,1,18.23,31.29,30.55,0.0,0.00,0.0,0.0,,0.0
161,24,7.00,1,17.70,30.83,30.11,0.0,0.00,0.0,0.0,,0.0
161,1,1.00,1,17.43,30.40,29.68,0.0,0.00,0.0,0.0,,0.0
161,2,1.00,1,17.08,29.97,29.27,0.0,0.00,0.0,0.0,,0.0
161,3,1.00,1,17.51,29.61,28.92,0.0,0.00,0.0,0.0,,0.0
161,4,1.00,1,18.22,29.30,28.62,0.0,0.00,0.0,0.0,,0.0
161,5,1.00,1,18.65,29.01,28.33,0.0,0.00,0.0,0.0,,0.0
161,6,1.00,1,18.95,28.73,28.06,0.0,0.00,0.0,0.0,,0.0
161,7,1.00,1,18.86,28.44,27.78,0.0,0.00,0.0,0.0,,0.0
161,8,1.00,1,19.03,29.30,27.41,-3341.14,19.50,0.0,0.0,,-3341.14
161,9,1.00,1,19.99,29.71,27.41,-3524.7,73.95,0.0,0.0,,-3524.7
161,10,1.00,1,21.35,30.16,27.41,-4235.65,112.56,0.0,0.0,,-4235.65
161,11,1.00,1,22.54,30.67,27.41,-5001.07,136.75,0.0,0.0,,-5001.07
161,12,1.00,1,22.73,31.07,27.41,-5449.54,157.40,0.0,0.0,,-5449.54
161,13,1.00,1,23.22,31.53,27.41,-6055.64,163.96,0.0,0.0,,-6055.64
161,14,1.00,1,23.76,32.01,27.41,-6669.08,161.16,0.0,0.0,,-6669.08
161,15,1.00,1,23.99,32.44,27.41,-7125.96,160.49,0.0,-1190.79,,-8316.75
161,16,1.00,1,23.85,32.79,27.41,-7354.33,163.71,0.0,-95.47,,-7449.8
161,17,1.00,1,23.53,33.03,27.41,-7367.46,151.59,0.0,-1056.14,,-8423.6
161,18,1.00,1,22.85,33.12,27.41,-7082.91,129.48,0.0,-791.43,,-7874.34
161,19,1.00,1,22.04,32.11,28.59,0.0,83.16,0.0,0.0,,0.0
161,20,1.00,1,21.29,31.62,28.68,0.0,29.62,0.0,0.0,,0.0
161,21,1.00,1,20.87,31.21,28.50,0.0,0.00,0.0,0.0,,0.0
161,22,1.00,1,20.88,30.86,28.27,0.0,0.00,0.0,0.0,,0.0
161,23,1.00,1,20.40,30.50,28.00,0.0,0.00,0.0,0.0,,0.0
161,24,1.00,1,20.95,30.20,27.79,0.0,0.00,0.0,0.0,,0.0
161,1,2.00,1,21.03,29.91,27.58,0.0,0.00,0.0,0.0,,0.0
161,2,2.00,1,21.25,29.64,27.39,0.0,0.00,0.0,0.0,,0.0
161,3,2.00,1,21.55,29.40,27.22,0.0,0.00,0.0,0.0,,0.0
161,4,2.00,1,21.73,29.16,27.06,0.0,0.00,0.0,0.0,,0.0
161,5,2.00,1,21.42,28.91,26.87,0.0,0.00,0.0,0.0,,0.0
161,6,2.00,1,21.31,28.67,26.70,0.0,0.00,0.0,0.0,,0.0
161,7,2.00,1,21.26,28.44,26.53,0.0,0.00,0.0,0.0,,0.0
161,8,2.00,1,21.12,29.54,27.41,-1177.63,19.50,0.0,0.0,,-1177.63
161,9,2.00,1,22.18,30.06,27.41,-2461.32,73.95,0.0,0.0,,-2461.32
161,10,2.00,1,22.95,30.50,27.41,-3250.29,112.56,0.0,-236.44,,-3486.73
161,11,2.00,1,23.35,30.91,27.41,-3951.69,136.75,0.0,-274.07,,-4225.76
161,12,2.00,1,23.98,31.38,27.41,-4787.98,157.40,0.0,-28.69,,-4816.669999999999
161,13,2.00,1,24.26,31.84,27.41,-5489.27,163.96,0.0,0.0,,-5489.27
161,14,2.00,1,24.53,32.30,27.41,-6148.19,161.16,0.0,0.0,,-6148.19
161,15,2.00,1,24.56,32.71,27.41,-6650.93,160.49,0.0,-1807.28,,-8458.210000000001
161,16,2.00,1,24.76,33.11,27.41,-7124.07,163.71,0.0,-570.03,,-7694.099999999999
161,17,2.00,1,23.91,33.29,27.41,-7016.91,151.59,0.0,-1167.2,,-8184.11
161,18,2.00,1,23.04,33.34,27.41,-6728.78,129.48,0.0,-651.8,,-7380.58
161,19,2.00,1,21.79,32.29,28.42,0.0,83.16,0.0,0.0,,0.0
161,20,2.00,1,20.38,31.74,28.43,0.0,29.62,0.0,0.0,,0.0
161,21,2.00,1,19.13,31.25,28.16,0.0,0.00,0.0,0.0,,0.0
161,22,2.00,1,18.17,30.78,27.83,0.0,0.00,0.0,0.0,,0.0
161,23,2.00,1,17.35,30.32,27.48,0.0,0.00,0.0,0.0,,0.0
161,24,2.00,1,16.63,29.87,27.13,0.0,0.00,0.0,0.0,,0.0
161,1,3.00,1,16.85,29.49,26.84,0.0,0.00,0.0,0.0,,0.0
161,2,3.00,1,16.93,29.12,26.56,0.0,0.00,0.0,0.0,,0.0
161,3,3.00,1,16.85,28.77,26.29,0.0,0.00,0.0,0.0,,0.0
161,4,3.00,1,16.98,28.44,26.04,0.0,0.00,0.0,0.0,,0.0
161,5,3.00,1,16.95,28.12,25.80,0.0,0.00,0.0,0.0,,0.0
161,6,3.00,1,16.82,27.81,25.56,0.0,0.00,0.0,0.0,,0.0
161,7,3.00,1,17.59,27.56,25.39,0.0,0.00,0.0,0.0,,0.0
161,8,3.00,1,18.51,28.52,26.62,0.0,19.50,0.0,0.0,,0.0
161,9,3.00,1,20.62,29.15,27.36,0.0,73.95,0.0,0.0,,0.0
161,10,3.00,1,22.15,29.71,27.41,-1548.43,112.56,0.0,0.0,,-1548.43
161,11,3.00,1,23.56,30.32,27.41,-2855.59,136.75,0.0,0.0,,-2855.59
161,12,3.00,1,24.72,30.95,27.41,-4074.8,157.40,0.0,-92.67,,-4167.47
161,13,3.00,1,24.45,31.39,27.41,-4704.86,163.96,0.0,0.0,,-4704.86
161,14,3.00,1,24.30,31.80,27.41,-5311.81,161.16,0.0,0.0,,-5311.81
161,15,3.00,1,24.17,32.20,27.41,-5844.62,160.49,0.0,-1497.42,,-7342.04
161,16,3.00,1,23.68,32.49,27.41,-6110.56,163.71,0.0,-114.78,,-6225.34
161,17,3.00,1,22.99,32.68,27.41,-6122.54,151.59,0.0,0.0,,-6122.54
161,18,3.00,1,21.91,32.70,27.41,-5796.97,129.48,0.0,-106.17,,-5903.14
161,19,3.00,1,21.09,31.71,28.19,0.0,83.16,0.0,0.0,,0.0
161,20,3.00,1,20.18,31.21,28.18,0.0,29.62,0.0,0.0,,0.0
161,21,3.00,1,19.69,30.80,27.95,0.0,0.00,0.0,0.0,,0.0
161,22,3.00,1,19.71,30.44,27.71,0.0,0.00,0.0,0.0,,0.0
161,23,3.00,1,19.30,30.07,27.44,0.0,0.00,0.0,0.0,,0.0
161,24,3.00,1,18.93,29.71,27.17,0.0,0.00,0.0,0.0,,0.0
161,1,4.00,1,18.94,29.38,26.92,0.0,0.00,0.0,0.0,,0.0
161,2,4.00,1,18.68,29.05,26.67,0.0,0.00,0.0,0.0,,0.0
161,3,4.00,1,18.33,28.72,26.41,0.0,0.00,0.0,0.0,,0.0
161,4,4.00,1,18.11,28.40,26.17,0.0,0.00,0.0,0.0,,0.0
161,5,4.00,1,17.64,28.08,25.92,0.0,0.00,0.0,0.0,,0.0
161,6,4.00,1,17.08,27.75,25.66,0.0,0.00,0.0,0.0,,0.0
161,7,4.00,1,16.91,27.45,25.42,0.0,0.00,0.0,0.0,,0.0
161,8,4.00,1,17.94,28.34,26.57,0.0,19.50,0.0,0.0,,0.0
161,9,4.00,1,20.05,28.95,27.28,0.0,73.95,0.0,0.0,,0.0
161,10,4.00,1,21.55,29.50,27.41,-1273.41,112.56,0.0,0.0,,-1273.41
161,11,4.00,1,22.93,30.09,27.41,-2596.48,136.75,0.0,0.0,,-2596.48
161,12,4.00,1,24.00,30.69,27.41,-3762.83,157.40,0.0,0.0,,-3762.83
161,13,4.00,1,24.53,31.25,27.41,-4704.98,163.96,0.0,0.0,,-4704.98
161,14,4.00,1,25.38,31.85,27.41,-5726.18,161.16,0.0,-162.99,,-5889.17
161,15,4.00,1,26.06,32.44,27.41,-6618.44,160.49,0.0,-2051.72,,-8670.16
161,16,4.00,1,25.69,32.84,27.41,-6972.48,163.71,0.0,-1189.49,,-8161.969999999999
161,17,4.00,1,25.04,33.09,27.41,-7039.58,151.59,0.0,-808.71,,-7848.29
161,18,4.00,1,24.20,33.21,27.41,-6846.58,129.48,0.0,-1577.37,,-8423.95
161,19,4.00,1,23.52,32.12,28.41,0.0,83.16,0.0,0.0,,0.0
161,20,4.00,1,22.60,31.62,28.49,0.0,29.62,0.0,0.0,,0.0
161,21,4.00,1,21.76,31.22,28.29,0.0,0.00,0.0,0.0,,0.0
161,22,4.00,1,21.51,30.87,28.07,0.0,0.00,0.0,0.0,,0.0
161,23,4.00,1,20.67,30.50,27.79,0.0,0.00,0.0,0.0,,0.0
161,24,4.00,1,19.88,30.12,27.51,0.0,0.00,0.0,0.0,,0.0
161,1,5.00,1,19.84,29.78,27.26,0.0,0.00,0.0,0.0,,0.0
161,2,5.00,1,19.49,29.45,27.01,0.0,0.00,0.0,0.0,,0.0
161,3,5.00,1,18.94,29.11,26.75,0.0,0.00,0.0,0.0,,0.0
161,4,5.00,1,18.74,28.79,26.50,0.0,0.00,0.0,0.0,,0.0
161,5,5.00,1,18.71,28.50,26.28,0.0,0.00,0.0,0.0,,0.0
161,6,5.00,1,18.26,28.19,26.04,0.0,0.00,0.0,0.0,,0.0
161,7,5.00,1,17.95,27.89,25.80,0.0,0.00,0.0,0.0,,0.0
161,8,5.00,1,19.17,28.88,27.06,0.0,19.50,0.0,0.0,,0.0
161,9,5.00,1,21.29,29.53,27.41,-1018.26,73.95,0.0,0.0,,-1018.26
161,10,5.00,1,22.23,30.01,27.41,-2166.7,112.56,0.0,0.0,,-2166.7
161,11,5.00,1,23.15,30.51,27.41,-3168.98,136.75,0.0,0.0,,-3168.98
161,12,5.00,1,23.84,31.02,27.41,-4118.75,157.40,0.0,0.0,,-4118.75
161,13,5.00,1,24.44,31.55,27.41,-5030.0,163.96,0.0,0.0,,-5030.0
161,14,5.00,1,25.10,32.11,27.41,-5923.99,161.16,0.0,0.0,,-5923.99
161,15,5.00,1,24.81,32.51,27.41,-6364.99,160.49,0.0,-1579.98,,-7944.969999999999
161,16,5.00,1,24.49,32.84,27.41,-6679.13,163.71,0.0,-113.84,,-6792.97
161,17,5.00,1,23.96,33.07,27.41,-6742.74,151.59,0.0,-489.62,,-7232.36
161,18,5.00,1,23.30,33.18,27.41,-6579.45,129.48,0.0,-814.39,,-7393.84
161,19,5.00,1,22.84,32.16,28.39,0.0,83.16,0.0,0.0,,0.0
161,20,5.00,1,22.19,31.69,28.47,0.0,29.62,0.0,0.0,,0.0
161,21,5.00,1,21.64,31.30,28.29,0.0,0.00,0.0,0.0,,0.0
161,22,5.00,1,21.43,30.95,28.07,0.0,0.00,0.0,0.0,,0.0
161,23,5.00,1,20.88,30.59,27.81,0.0,0.00,0.0,0.0,,0.0
161,24,5.00,1,20.62,30.26,27.57,0.0,0.00,0.0,0.0,,0.0
161,1,6.00,1,20.49,29.94,27.34,0.0,0.00,0.0,0.0,,0.0
161,2,6.00,1,20.23,29.62,27.10,0.0,0.00,0.0,0.0,,0.0
161,3,6.00,1,19.77,29.30,26.86,0.0,0.00,0.0,0.0,,0.0
161,4,6.00,1,19.12,28.97,26.61,0.0,0.00,0.0,0.0,,0.0
161,5,6.00,1,18.62,28.64,26.35,0.0,0.00,0.0,0.0,,0.0
161,6,6.00,1,18.35,28.33,26.11,0.0,0.00,0.0,0.0,,0.0
161,7,6.00,1,19.03,28.10,25.94,0.0,0.00,0.0,0.0,,0.0
161,8,6.00,1,19.05,30.22,28.13,0.0,19.50,0.0,0.0,,0.0
161,9,6.00,1,20.95,31.07,29.04,0.0,73.95,0.0,0.0,,0.0
161,10,6.00,1,22.19,31.66,29.68,0.0,112.56,0.0,0.0,,0.0
161,11,6.00,1,22.79,32.20,30.28,0.0,136.75,0.0,0.0,,0.0
161,12,6.00,1,23.50,32.78,30.92,0.0,157.40,0.0,0.0,,0.0
161,13,6.00,1,23.75,33.36,31.55,0.0,163.96,0.0,0.0,,0.0
161,14,6.00,1,24.09,33.95,32.19,0.0,161.16,0.0,0.0,,0.0
161,15,6.00,1,24.34,34.53,32.82,0.0,160.49,0.0,0.0,,0.0
161,16,6.00,1,24.79,35.09,33.42,0.0,163.71,0.0,0.0,,0.0
161,17,6.00,1,24.24,35.53,33.90,0.0,151.59,0.0,0.0,,0.0
161,18,6.00,1,23.90,35.88,34.29,0.0,129.48,0.0,0.0,,0.0
161,19,6.00,1,23.27,33.76,32.22,0.0,83.16,0.0,0.0,,0.0
161,20,6.00,1,22.42,32.99,31.48,0.0,29.62,0.0,0.0,,0.0
161,21,6.00,1,21.72,32.48,31.01,0.0,0.00,0.0,0.0,,0.0
161,22,6.00,1,21.36,32.06,30.63,0.0,0.00,0.0,0.0,,0.0
161,23,6.00,1,20.83,31.65,30.25,0.0,0.00,0.0,0.0,,0.0
161,24,6.00,1,20.24,31.25,29.88,0.0,0.00,0.0,0.0,,0.0
161,1,7.00,1,20.23,30.89,29.55,0.0,0.00,0.0,0.0,,0.0
161,2,7.00,1,20.10,30.54,29.23,0.0,0.00,0.0,0.0,,0.0
161,3,7.00,1,19.54,30.17,28.89,0.0,0.00,0.0,0.0,,0.0
161,4,7.00,1,19.12,29.81,28.56,0.0,0.00,0.0,0.0,,0.0
161,5,7.00,1,18.79,29.47,28.24,0.0,0.00,0.0,0.0,,0.0
161,6,7.00,1,18.61,29.14,27.94,0.0,0.00,0.0,0.0,,0.0
161,7,7.00,1,18.43,28.82,27.65,0.0,0.00,0.0,0.0,,0.0
161,8,7.00,1,19.07,30.94,29.79,0.0,19.50,0.0,0.0,,0.0
161,9,7.00,1,20.82,31.75,30.62,0.0,73.95,0.0,0.0,,0.0
161,10,7.00,1,21.96,32.30,31.20,0.0,112.56,0.0,0.0,,0.0
161,11,7.00,1,23.04,32.85,31.77,0.0,136.75,0.0,0.0,,0.0
161,12,7.00,1,23.78,33.42,32.35,0.0,157.40,0.0,0.0,,0.0
161,13,7.00,1,24.08,33.99,32.94,0.0,163.96,0.0,0.0,,0.0
161,14,7.00,1,24.46,34.57,33.54,0.0,161.16,0.0,0.0,,0.0
161,15,7.00,1,24.70,35.13,34.13,0.0,160.49,0.0,0.0,,0.0
161,16,7.00,1,24.98,35.67,34.68,0.0,163.71,0.0,0.0,,0.0
161,17,7.00,1,24.43,36.09,35.12,0.0,151.59,0.0,0.0,,0.0
161,18,7.00,1,23.92,36.41,35.45,0.0,129.48,0.0,0.0,,0.0
161,19,7.00,1,23.08,34.26,33.32,0.0,83.16,0.0,0.0,,0.0
161,20,7.00,1,21.88,33.44,32.52,0.0,29.62,0.0,0.0,,0.0
161,21,7.00,1,21.01,32.89,31.98,0.0,0.00,0.0,0.0,,0.0
161,22,7.00,1,20.44,32.42,31.53,0.0,0.00,0.0,0.0,,0.0
161,23,7.00,1,20.36,32.01,31.13,0.0,0.00,0.0,0.0,,0.0
161,24,7.00,1,19.62,31.58,30.71,0.0,0.00,0.0,0.0,,0.0
161,1,1.00,1,18.94,31.14,30.29,0.0,0.00,0.0,0.0,,0.0
161,2,1.00,1,18.45,30.72,29.88,0.0,0.00,0.0,0.0,,0.0
161,3,1.00,1,17.93,30.31,29.48,0.0,0.00,0.0,0.0,,0.0
161,4,1.00,1,16.90,29.87,29.05,0.0,0.00,0.0,0.0,,0.0
161,5,1.00,1,16.31,29.45,28.64,0.0,0.00,0.0,0.0,,0.0
161,6,1.00,1,15.44,29.02,28.22,0.0,0.00,0.0,0.0,,0.0
161,7,1.00,1,15.94,28.67,27.88,0.0,0.00,0.0,0.0,,0.0
161,8,1.00,1,16.74,29.26,27.41,-2939.68,19.50,0.0,0.0,,-2939.68
161,9,1.00,1,18.93,29.75,27.41,-3470.49,73.95,0.0,0.0,,-3470.49
161,10,1.00,1,20.37,30.21,27.41,-4148.44,112.56,0.0,0.0,,-4148.44
161,11,1.00,1,21.98,30.75,27.41,-5036.55,136.75,0.0,0.0,,-5036.55
161,12,1.00,1,23.02,31.29,27.41,-5802.32,157.40,0.0,0.0,,-5802.32
161,13,1.00,1,23.67,31.80,27.41,-6462.06,163.96,0.0,0.0,,-6462.06
161,14,1.00,1,24.34,32.33,27.41,-7125.65,161.16,0.0,0.0,,-7125.65
161,15,1.00,1,24.87,32.83,27.41,-7706.99,160.49,0.0,-726.88,,-8433.869999999999
161,16,1.00,1,24.63,33.19,27.41,-7896.27,163.71,0.0,-248.31,,-8144.580000000001
161,17,1.00,1,24.14,33.42,27.41,-7846.74,151.59,0.0,-716.57,,-8563.31
161,18,1.00,1,23.77,33.57,27.41,-7688.72,129.48,0.0,-1581.1,,-9269.82
161,19,1.00,1,23.24,32.56,28.76,0.0,83.16,0.0,0.0,,0.0
161,20,1.00,1,22.34,32.07,28.91,0.0,29.62,0.0,0.0,,0.0
161,21,1.00,1,21.77,31.68,28.75,0.0,0.00,0.0,0.0,,0.0
161,22,1.00,1,21.03,31.29,28.49,0.0,0.00,0.0,0.0,,0.0
161,23,1.00,1,21.44,30.97,28.28,0.0,0.00,0.0,0.0,,0.0
161,24,1.00,1,21.08,30.64,28.04,0.0,0.00,0.0,0.0,,0.0
161,1,2.00,1,20.52,30.30,27.78,0.0,0.00,0.0,0.0,,0.0
161,2,2.00,1,19.91,29.95,27.52,0.0,0.00,0.0,0.0,,0.0
161,3,2.00,1,19.07,29.59,27.23,0.0,0.00,0.0,0.0,,0.0
161,4,2.00,1,18.51,29.23,26.96,0.0,0.00,0.0,0.0,,0.0
161,5,2.00,1,18.29,28.91,26.70,0.0,0.00,0.0,0.0,,0.0
161,6,2.00,1,17.96,28.59,26.45,0.0,0.00,0.0,0.0,,0.0
161,7,2.00,1,17.32,28.25,26.18,0.0,0.00,0.0,0.0,,0.0
161,8,2.00,1,17.99,29.03,27.23,0.0,19.50,0.0,0.0,,0.0
161,9,2.00,1,19.81,29.55,27.41,-1140.09,73.95,0.0,0.0,,-1140.09
161,10,2.00,1,21.01,30.01,27.41,-2202.08,112.56,0.0,0.0,,-2202.08
161,11,2.00,1,22.56,30.58,27.41,-3381.82,136.75,0.0,0.0,,-3381.82
161,12,2.00,1,24.07,31.22,27.41,-4609.33,157.40,0.0,0.0,,-4609.33
161,13,2.00,1,24.56,31.76,27.41,-5441.08,163.96,0.0,0.0,,-5441.08
161,14,2.00,1,25.17,32.31,27.41,-6283.52,161.16,0.0,-12.75,,-6296.27
161,15,2.00,1,25.44,32.80,27.41,-6931.76,160.49,0.0,-2885.62,,-9817.380000000001
161,16,2.00,1,24.44,33.06,27.41,-6957.43,163.71,0.0,-800.53,,-7757.96
161,17,2.00,1,23.94,33.27,27.41,-7010.32,151.59,0.0,-312.37,,-7322.69
161,18,2.00,1,23.42,33.39,27.41,-6885.99,129.48,0.0,-1351.13,,-8237.119999999999
161,19,2.00,1,22.83,32.39,28.49,0.0,83.16,0.0,0.0,,0.0
161,20,2.00,1,22.57,31.94,28.62,0.0,29.62,0.0,0.0,,0.0
161,21,2.00,1,22.44,31.59,28.49,0.0,0.00,0.0,0.0,,0.0
161,22,2.00,1,22.09,31.25,28.29,0.0,0.00,0.0,0.0,,0.0
161,23,2.00,1,22.08,30.94,28.08,0.0,0.00,0.0,0.0,,0.0
161,24,2.00,1,21.93,30.64,27.88,0.0,0.00,0.0,0.0,,0.0
161,1,3.00,1,21.81,30.34,27.67,0.0,0.00,0.0,0.0,,0.0
161,2,3.00,1,21.91,30.08,27.49,0.0,0.00,0.0,0.0,,0.0
161,3,3.00,1,21.92,29.82,27.32,0.0,0.00,0.0,0.0,,0.0
161,4,3.00,1,21.87,29.57,27.15,0.0,0.00,0.0,0.0,,0.0
161,5,3.00,1,21.93,29.34,26.99,0.0,0.00,0.0,0.0,,0.0
161,6,3.00,1,21.37,29.07,26.80,0.0,0.00,0.0,0.0,,0.0
161,7,3.00,1,21.45,28.85,26.64,0.0,0.00,0.0,0.0,,0.0
161,8,3.00,1,21.30,29.92,27.41,-1507.27,19.50,0.0,0.0,,-1507.27
161,9,3.00,1,22.53,30.46,27.41,-2784.62,73.95,0.0,0.0,,-2784.62
161,10,3.00,1,23.36,30.91,27.41,-3592.06,112.56,0.0,-215.5,,-3807.56
161,11,3.00,1,24.30,31.41,27.41,-4515.09,136.75,0.0,-403.07,,-4918.16
161,12,3.00,1,24.35,31.83,27.41,-5119.87,157.40,0.0,-517.16,,-5637.03
161,13,3.00,1,24.56,32.27,27.41,-5792.54,163.96,0.0,-292.34,,-6084.88
161,14,3.00,1,24.67,32.69,27.41,-6378.82,161.16,0.0,0.0,,-6378.82
161,15,3.00,1,24.82,33.11,27.41,-6924.71,160.49,0.0,-1867.06,,-8791.77
161,16,3.00,1,24.22,33.38,27.41,-7061.89,163.71,0.0,-131.45,,-7193.34
161,17,3.00,1,23.46,33.54,27.41,-6975.34,151.59,0.0,-560.02,,-7535.360000000001
161,18,3.00,1,22.65,33.58,27.41,-6695.45,129.48,0.0,-690.28,,-7385.73
161,19,3.00,1,21.51,32.59,28.44,0.0,83.16,0.0,0.0,,0.0
161,20,3.00,1,20.04,32.03,28.46,0.0,29.62,0.0,0.0,,0.0
161,21,3.00,1,18.74,31.53,28.18,0.0,0.00,0.0,0.0,,0.0
161,22,3.00,1,17.86,31.06,27.85,0.0,0.00,0.0,0.0,,0.0
161,23,3.00,1,17.13,30.60,27.51,0.0,0.00,0.0,0.0,,0.0
161,24,3.00,1,17.75,30.24,27.25,0.0,0.00,0.0,0.0,,0.0
161,1,4.00,1,18.07,29.89,27.00,0.0,0.00,0.0,0.0,,0.0
161,2,4.00,1,18.49,29.58,26.78,0.0,0.00,0.0,0.0,,0.0
161,3,4.00,1,18.94,29.29,26.59,0.0,0.00,0.0,0.0,,0.0
161,4,4.00,1,19.26,29.02,26.40,0.0,0.00,0.0,0.0,,0.0
161,5,4.00,1,19.71,28.78,26.24,0.0,0.00,0.0,0.0,,0.0
161,6,4.00,1,19.54,28.52,26.06,0.0,0.00,0.0,0.0,,0.0
161,7,4.00,1,19.77,28.29,25.90,0.0,0.00,0.0,0.0,,0.0
161,8,4.00,1,20.24,29.34,27.26,0.0,19.50,0.0,0.0,,0.0
161,9,4.00,1,21.95,29.95,27.41,-1499.13,73.95,0.0,0.0,,-1499.13
161,10,4.00,1,23.45,30.52,27.41,-2784.78,112.56,0.0,0.0,,-2784.78
161,11,4.00,1,24.44,31.07,27.41,-3841.32,136.75,0.0,0.0,,-3841.32
161,12,4.00,1,25.39,31.66,27.41,-4920.49,157.40,0.0,-433.59,,-5354.08
161,13,4.00,1,24.78,32.04,27.41,-5361.8,163.96,0.0,0.0,,-5361.8
161,14,4.00,1,24.24,32.37,27.41,-5757.36,161.16,0.0,0.0,,-5757.36
161,15,4.00,1,23.62,32.65,27.41,-6037.48,160.49,0.0,-281.64,,-6319.12
161,16,4.00,1,23.16,32.90,27.41,-6260.83,163.71,0.0,0.0,,-6260.83
161,17,4.00,1,22.29,33.02,27.41,-6153.5,151.59,0.0,0.0,,-6153.5
161,18,4.00,1,21.33,33.02,27.41,-5831.29,129.48,0.0,0.0,,-5831.29
161,19,4.00,1,20.25,32.09,28.23,0.0,83.16,0.0,0.0,,0.0
161,20,4.00,1,18.94,31.56,28.19,0.0,29.62,0.0,0.0,,0.0
161,21,4.00,1,17.84,31.07,27.90,0.0,0.00,0.0,0.0,,0.0
161,22,4.00,1,17.41,30.63,27.59,0.0,0.00,0.0,0.0,,0.0
161,23,4.00,1,16.95,30.20,27.27,0.0,0.00,0.0,0.0,,0.0
161,24,4.00,1,16.40,29.77,26.94,0.0,0.00,0.0,0.0,,0.0
161,1,5.00,1,16.66,29.40,26.66,0.0,0.00,0.0,0.0,,0.0
161,2,5.00,1,16.43,29.03,26.38,0.0,0.00,0.0,0.0,,0.0
161,3,5.00,1,16.03,28.66,26.08,0.0,0.00,0.0,0.0,,0.0
161,4,5.00,1,15.80,28.30,25.80,0.0,0.00,0.0,0.0,,0.0
161,5,5.00,1,15.95,27.98,25.56,0.0,0.00,0.0,0.0,,0.0
161,6,5.00,1,16.08,27.67,25.33,0.0,0.00,0.0,0.0,,0.0
161,7,5.00,1,16.26,27.39,25.12,0.0,0.00,0.0,0.0,,0.0
161,8,5.00,1,16.95,28.18,26.19,0.0,19.50,0.0,0.0,,0.0
161,9,5.00,1,18.76,28.71,26.83,0.0,73.95,0.0,0.0,,0.0
161,10,5.00,1,20.22,29.21,27.41,-29.15,112.56,0.0,0.0,,-29.15
161,11,5.00,1,21.70,29.79,27.41,-1686.98,136.75,0.0,0.0,,-1686.98
161,12,5.00,1,22.91,30.39,27.41,-2953.28,157.40,0.0,0.0,,-2953.28
161,13,5.00,1,23.65,30.97,27.41,-4022.61,163.96,0.0,0.0,,-4022.61
161,14,5.00,1,24.56,31.58,27.41,-5105.48,161.16,0.0,0.0,,-5105.48
161,15,5.00,1,25.22,32.16,27.41,-6018.0,160.49,0.0,-425.44,,-6443.44
161,16,5.00,1,24.87,32.56,27.41,-6412.06,163.71,0.0,0.0,,-6412.06
161,17,5.00,1,24.18,32.80,27.41,-6486.84,151.59,0.0,-193.22,,-6680.06
161,18,5.00,1,23.11,32.87,27.41,-6222.22,129.48,0.0,-720.46,,-6942.68
161,19,5.00,1,22.09,31.82,28.25,0.0,83.16,0.0,0.0,,0.0
161,20,5.00,1,21.28,31.33,28.28,0.0,29.62,0.0,0.0,,0.0
161,21,5.00,1,20.60,30.93,28.07,0.0,0.00,0.0,0.0,,0.0
161,22,5.00,1,20.12,30.56,27.82,0.0,0.00,0.0,0.0,,0.0
161,23,5.00,1,20.17,30.24,27.58,0.0,0.00,0.0,0.0,,0.0
161,24,5.00,1,19.99,29.91,27.35,0.0,0.00,0.0,0.0,,0.0
161,1,6.00,1,19.73,29.60,27.11,0.0,0.00,0.0,0.0,,0.0
161,2,6.00,1,19.25,29.27,26.86,0.0,0.00,0.0,0.0,,0.0
161,3,6.00,1,18.87,28.95,26.61,0.0,0.00,0.0,0.0,,0.0
161,4,6.00,1,18.18,28.62,26.35,0.0,0.00,0.0,0.0,,0.0
161,5,6.00,1,17.38,28.27,26.07,0.0,0.00,0.0,0.0,,0.0
161,6,6.00,1,16.82,27.94,25.80,0.0,0.00,0.0,0.0,,0.0
161,7,6.00,1,16.39,27.61,25.53,0.0,0.00,0.0,0.0,,0.0
161,8,6.00,1,17.32,29.75,27.73,0.0,19.50,0.0,0.0,,0.0
161,9,6.00,1,19.15,30.58,28.62,0.0,73.95,0.0,0.0,,0.0
161,10,6.00,1,20.26,31.15,29.24,0.0,112.56,0.0,0.0,,0.0
161,11,6.00,1,22.44,31.78,29.92,0.0,136.75,0.0,0.0,,0.0
161,12,6.00,1,23.37,32.40,30.59,0.0,157.40,0.0,0.0,,0.0
161,13,6.00,1,24.18,33.05,31.29,0.0,163.96,0.0,0.0,,0.0
161,14,6.00,1,24.81,33.70,31.98,0.0,161.16,0.0,0.0,,0.0
161,15,6.00,1,25.68,34.36,32.68,0.0,160.49,0.0,0.0,,0.0
161,16,6.00,1,25.30,34.92,33.28,0.0,163.71,0.0,0.0,,0.0
161,17,6.00,1,24.74,35.38,33.78,0.0,151.59,0.0,0.0,,0.0
161,18,6.00,1,24.08,35.73,34.17,0.0,129.48,0.0,0.0,,0.0
161,19,6.00,1,23.52,33.63,32.11,0.0,83.16,0.0,0.0,,0.0
161,20,6.00,1,22.57,32.87,31.39,0.0,29.62,0.0,0.0,,0.0
161,21,6.00,1,21.71,32.37,30.92,0.0,0.00,0.0,0.0,,0.0
161,22,6.00,1,21.07,31.94,30.53,0.0,0.00,0.0,0.0,,0.0
161,23,6.00,1,20.63,31.55,30.16,0.0,0.00,0.0,0.0,,0.0
161,24,6.00,1,20.17,31.16,29.80,0.0,0.00,0.0,0.0,,0.0
161,1,7.00,1,19.88,30.79,29.46,0.0,0.00,0.0,0.0,,0.0
161,2,7.00,1,19.27,30.40,29.10,0.0,0.00,0.0,0.0,,0.0
161,3,7.00,1,18.88,30.04,28.76,0.0,0.00,0.0,0.0,,0.0
161,4,7.00,1,18.52,29.68,28.43,0.0,0.00,0.0,0.0,,0.0
161,5,7.00,1,18.22,29.34,28.11,0.0,0.00,0.0,0.0,,0.0
161,6,7.00,1,17.79,28.99,27.79,0.0,0.00,0.0,0.0,,0.0
161,7,7.00,1,17.35,28.65,27.47,0.0,0.00,0.0,0.0,,0.0
161,8,7.00,1,18.50,30.78,29.63,0.0,19.50,0.0,0.0,,0.0
161,9,7.00,1,20.52,31.62,30.48,0.0,73.95,0.0,0.0,,0.0
161,10,7.00,1,21.74,32.19,31.07,0.0,112.56,0.0,0.0,,0.0
161,11,7.00,1,22.90,32.74,31.65,0.0,136.75,0.0,0.0,,0.0
161,12,7.00,1,23.35,33.30,32.23,0.0,157.40,0.0,0.0,,0.0
161,13,7.00,1,24.32,33.92,32.86,0.0,163.96,0.0,0.0,,0.0
161,14,7.00,1,25.05,34.54,33.50,0.0,161.16,0.0,0.0,,0.0
161,15,7.00,1,25.73,35.16,34.14,0.0,160.49,0.0,0.0,,0.0
161,16,7.00,1,25.71,35.71,34.71,0.0,163.71,0.0,0.0,,0.0
161,17,7.00,1,25.59,36.18,35.19,0.0,151.59,0.0,0.0,,0.0
161,18,7.00,1,25.09,36.54,35.56,0.0,129.48,0.0,0.0,,0.0
161,19,7.00,1,24.60,34.45,33.48,0.0,83.16,0.0,0.0,,0.0
161,20,7.00,1,23.71,33.69,32.74,0.0,29.62,0.0,0.0,,0.0
161,21,7.00,1,23.13,33.20,32.27,0.0,0.00,0.0,0.0,,0.0
161,22,7.00,1,22.69,32.79,31.87,0.0,0.00,0.0,0.0,,0.0
161,23,7.00,1,23.39,32.48,31.57,0.0,0.00,0.0,0.0,,0.0
161,24,7.00,1,23.57,32.17,31.28,0.0,0.00,0.0,0.0,,0.0
161,1,1.00,1,23.50,31.86,30.98,0.0,0.00,0.0,0.0,,0.0
161,2,1.00,1,23.26,31.56,30.69,0.0,0.00,0.0,0.0,,0.0
161,3,1.00,1,23.10,31.26,30.40,0.0,0.00,0.0,0.0,,0.0
161,4,1.00,1,22.96,30.98,30.13,0.0,0.00,0.0,0.0,,0.0
161,5,1.00,1,22.85,30.70,29.87,0.0,0.00,0.0,0.0,,0.0
161,6,1.00,1,22.64,30.43,29.61,0.0,0.00,0.0,0.0,,0.0
161,7,1.00,1,22.41,30.17,29.35,0.0,0.00,0.0,0.0,,0.0
161,8,1.00,1,22.67,31.25,27.41,-7983.97,19.50,0.0,-921.38,,-8905.35
161,9,1.00,1,24.13,31.82,27.41,-7302.68,73.95,0.0,-1496.82,,-8799.5
161,10,1.00,1,24.48,32.19,27.41,-7425.1,112.56,0.0,-1866.52,,-9291.62
161,11,1.00,1,25.62,32.69,27.41,-8005.08,136.75,0.0,-1308.38,,-9313.46
161,12,1.00,1,25.64,33.09,27.41,-8244.08,157.40,0.0,-1554.48,,-9798.56
161,13,1.00,1,25.53,33.46,27.41,-8475.38,163.96,0.0,-177.74,,-8653.119999999999
161,14,1.00,1,25.60,33.85,27.41,-8776.99,161.16,0.0,-1083.27,,-9860.26
161,15,1.00,1,25.87,34.27,27.41,-9134.3,160.49,0.0,-3046.96,,-12181.259999999998
161,16,1.00,1,25.16,34.51,27.41,-9027.13,163.71,0.0,-1440.04,,-10467.169999999998
161,17,1.00,1,24.30,34.62,27.41,-8718.64,151.59,0.0,-1066.33,,-9784.97
161,18,1.00,1,23.21,34.60,27.41,-8169.09,129.48,0.0,-1324.98,,-9494.07
161,19,1.00,1,22.17,33.62,28.95,0.0,83.16,0.0,0.0,,0.0
161,20,1.00,1,20.89,33.07,29.10,0.0,29.62,0.0,0.0,,0.0
161,21,1.00,1,19.86,32.58,28.87,0.0,0.00,0.0,0.0,,0.0
161,22,1.00,1,18.94,32.10,28.55,0.0,0.00,0.0,0.0,,0.0
161,23,1.00,1,18.43,31.64,28.23,0.0,0.00,0.0,0.0,,0.0
161,24,1.00,1,17.49,31.17,27.88,0.0,0.00,0.0,0.0,,0.0
161,1,2.00,1,17.30,30.74,27.57,0.0,0.00,0.0,0.0,,0.0
161,2,2.00,1,17.50,30.36,27.29,0.0,0.00,0.0,0.0,,0.0
161,3,2.00,1,17.36,29.98,27.02,0.0,0.00,0.0,0.0,,0.0
161,4,2.00,1,17.74,29.65,26.78,0.0,0.00,0.0,0.0,,0.0
161,5,2.00,1,17.69,29.32,26.54,0.0,0.00,0.0,0.0,,0.0
161,6,2.00,1,17.76,29.00,26.32,0.0,0.00,0.0,0.0,,0.0
161,7,2.00,1,18.08,28.72,26.12,0.0,0.00,0.0,0.0,,0.0
161,8,2.00,1,18.80,29.56,27.29,0.0,19.50,0.0,0.0,,0.0
161,9,2.00,1,20.56,30.09,27.41,-1409.47,73.95,0.0,0.0,,-1409.47
161,10,2.00,1,21.65,30.54,27.41,-2428.41,112.56,0.0,0.0,,-2428.41
161,11,2.00,1,22.55,31.00,27.41,-3370.51,136.75,0.0,0.0,,-3370.51
161,12,2.00,1,23.11,31.46,27.41,-4217.93,157.40,0.0,0.0,,-4217.93
161,13,2.00,1,23.75,31.96,27.41,-5107.85,163.96,0.0,0.0,,-5107.85
161,14,2.00,1,24.05,32.42,27.41,-5815.04,161.16,0.0,0.0,,-5815.04
161,15,2.00,1,24.53,32.90,27.41,-6536.28,160.49,0.0,-541.65,,-7077.929999999999
161,16,2.00,1,24.96,33.35,27.41,-7140.47,163.71,0.0,-232.78,,-7373.25
161,17,2.00,1,24.65,33.64,27.41,-7294.88,151.59,0.0,-806.58,,-8101.46
161,18,2.00,1,24.13,33.79,27.41,-7196.7,129.48,0.0,-1252.35,,-8449.05
161,19,2.00,1,23.42,32.76,28.55,0.0,83.16,0.0,0.0,,0.0
161,20,2.00,1,22.45,32.27,28.66,0.0,29.62,0.0,0.0,,0.0
161,21,2.00,1,21.81,31.87,28.49,0.0,0.00,0.0,0.0,,0.0
161,22,2.00,1,21.20,31.49,28.25,0.0,0.00,0.0,0.0,,0.0
161,23,2.00,1,21.03,31.14,28.02,0.0,0.00,0.0,0.0,,0.0
161,24,2.00,1,20.19,30.76,27.75,0.0,0.00,0.0,0.0,,0.0
161,1,3.00,1,19.21,30.37,27.45,0.0,0.00,0.0,0.0,,0.0
161,2,3.00,1,18.55,29.99,27.16,0.0,0.00,0.0,0.0,,0.0
161,3,3.00,1,18.62,29.66,26.92,0.0,0.00,0.0,0.0,,0.0
161,4,3.00,1,18.71,29.35,26.70,0.0,0.00,0.0,0.0,,0.0
161,5,3.00,1,17.95,29.00,26.44,0.0,0.00,0.0,0.0,,0.0
161,6,3.00,1,17.49,28.67,26.18,0.0,0.00,0.0,0.0,,0.0
161,7,3.00,1,17.88,28.39,25.98,0.0,0.00,0.0,0.0,,0.0
161,8,3.00,1,18.48,29.23,27.12,0.0,19.50,0.0,0.0,,0.0
161,9,3.00,1,20.38,29.78,27.41,-1001.71,73.95,0.0,0.0,,-1001.71
161,10,3.00,1,21.72,30.29,27.41,-2242.68,112.56,0.0,0.0,,-2242.68
161,11,3.00,1,22.69,30.78,27.41,-3238.19,136.75,0.0,0.0,,-3238.19
161,12,3.00,1,23.48,31.30,27.41,-4205.66,157.40,0.0,0.0,,-4205.66
161,13,3.00,1,24.12,31.83,27.41,-5119.78,163.96,0.0,0.0,,-5119.78
161,14,3.00,1,24.90,32.39,27.41,-6050.47,161.16,0.0,0.0,,-6050.47
161,15,3.00,1,25.81,32.98,27.41,-6976.14,160.49,0.0,-2242.42,,-9218.560000000001
161,16,3.00,1,25.13,33.31,27.41,-7161.68,163.71,0.0,-517.63,,-7679.31
161,17,3.00,1,24.73,33.57,27.41,-7285.51,151.59,0.0,-937.73,,-8223.24
161,18,3.00,1,23.91,33.67,27.41,-7069.32,129.48,0.0,-1556.26,,-8625.58
161,19,3.00,1,22.84,32.62,28.49,0.0,83.16,0.0,0.0,,0.0
161,20,3.00,1,22.38,32.15,28.61,0.0,29.62,0.0,0.0,,0.0
161,21,3.00,1,22.31,31.79,28.49,0.0,0.00,0.0,0.0,,0.0
161,22,3.00,1,21.65,31.43,28.26,0.0,0.00,0.0,0.0,,0.0
161,23,3.00,1,21.96,31.13,28.07,0.0,0.00,0.0,0.0,,0.0
161,24,3.00,1,21.85,30.82,27.87,0.0,0.00,0.0,0.0,,0.0
161,1,4.00,1,21.83,30.54,27.68,0.0,0.00,0.0,0.0,,0.0
161,2,4.00,1,21.66,30.25,27.48,0.0,0.00,0.0,0.0,,0.0
161,3,4.00,1,21.08,29.95,27.27,0.0,0.00,0.0,0.0,,0.0
161,4,4.00,1,20.17,29.62,27.02,0.0,0.00,0.0,0.0,,0.0
161,5,4.00,1,19.28,29.28,26.76,0.0,0.00,0.0,0.0,,0.0
161,6,4.00,1,18.52,28.94,26.49,0.0,0.00,0.0,0.0,,0.0
161,7,4.00,1,18.27,28.63,26.26,0.0,0.00,0.0,0.0,,0.0
161,8,4.00,1,18.91,29.48,27.41,0.0,19.50,0.0,0.0,,0.0
161,9,4.00,1,20.84,30.05,27.41,-1754.66,73.95,0.0,0.0,,-1754.66
161,10,4.00,1,22.05,30.53,27.41,-2733.9,112.56,0.0,0.0,,-2733.9
161,11,4.00,1,23.22,31.06,27.41,-3770.42,136.75,0.0,0.0,,-3770.42
161,12,4.00,1,24.12,31.60,27.41,-4747.48,157.40,0.0,0.0,,-4747.48
161,13,4.00,1,25.00,32.18,27.41,-5735.69,163.96,0.0,0.0,,-5735.69
161,14,4.00,1,25.76,32.76,27.41,-6637.22,161.16,0.0,-23.5,,-6660.72
161,15,4.00,1,26.36,33.31,27.41,-7421.81,160.49,0.0,-2660.62,,-10082.43
161,16,4.00,1,25.88,33.67,27.41,-7668.89,163.71,0.0,-1333.81,,-9002.7
161,17,4.00,1,25.52,33.95,27.41,-7801.29,151.59,0.0,-1344.61,,-9145.9
161,18,4.00,1,24.93,34.10,27.41,-7668.6,129.48,0.0,-2152.06,,-9820.66
161,19,4.00,1,24.41,33.04,28.67,0.0,83.16,0.0,0.0,,0.0
161,20,4.00,1,23.07,32.53,28.80,0.0,29.62,0.0,0.0,,0.0
161,21,4.00,1,22.27,32.11,28.63,0.0,0.00,0.0,0.0,,0.0
161,22,4.00,1,21.21,31.70,28.36,0.0,0.00,0.0,0.0,,0.0
161,23,4.00,1,20.83,31.33,28.10,0.0,0.00,0.0,0.0,,0.0
161,24,4.00,1,20.35,30.96,27.84,0.0,0.00,0.0,0.0,,0.0
161,1,5.00,1,19.86,30.59,27.58,0.0,0.00,0.0,0.0,,0.0
161,2,5.00,1,19.48,30.24,27.32,0.0,0.00,0.0,0.0,,0.0
161,3,5.00,1,19.11,29.90,27.07,0.0,0.00,0.0,0.0,,0.0
161,4,5.00,1,19.74,29.62,26.88,0.0,0.00,0.0,0.0,,0.0
161,5,5.00,1,19.79,29.35,26.69,0.0,0.00,0.0,0.0,,0.0
161,6,5.00,1,20.24,29.11,26.54,0.0,0.00,0.0,0.0,,0.0
161,7,5.00,1,20.42,28.88,26.38,0.0,0.00,0.0,0.0,,0.0
161,8,5.00,1,20.86,29.93,27.41,-856.82,19.50,0.0,0.0,,-856.82
161,9,5.00,1,22.60,30.54,27.41,-2531.1,73.95,0.0,0.0,,-2531.1
161,10,5.00,1,23.73,31.06,27.41,-3509.63,112.56,0.0,-504.88,,-4014.51
161,11,5.00,1,24.73,31.59,27.41,-4498.88,136.75,0.0,-342.84,,-4841.72
161,12,5.00,1,25.19,32.09,27.41,-5318.9,157.40,0.0,-778.13,,-6097.03
161,13,5.00,1,25.57,32.59,27.41,-6103.08,163.96,0.0,-637.79,,-6740.87
161,14,5.00,1,26.00,33.10,27.41,-6866.65,161.16,0.0,-1364.61,,-8231.26
161,15,5.00,1,26.33,33.60,27.41,-7529.85,160.49,0.0,-3341.77,,-10871.62
161,16,5.00,1,25.85,33.93,27.41,-7759.63,163.71,0.0,-1783.45,,-9543.08
161,17,5.00,1,25.12,34.13,27.41,-7723.3,151.59,0.0,-1265.96,,-8989.26
161,18,5.00,1,24.06,34.18,27.41,-7375.32,129.48,0.0,-1465.8,,-8841.119999999999
161,19,5.00,1,23.46,33.16,28.63,0.0,83.16,0.0,0.0,,0.0
161,20,5.00,1,22.30,32.65,28.74,0.0,29.62,0.0,0.0,,0.0
161,21,5.00,1,21.40,32.21,28.54,0.0,0.00,0.0,0.0,,0.0
161,22,5.00,1,20.80,31.80,28.29,0.0,0.00,0.0,0.0,,0.0
161,23,5.00,1,20.59,31.43,28.04,0.0,0.00,0.0,0.0,,0.0
161,24,5.00,1,20.04,31.05,27.77,0.0,0.00,0.0,0.0,,0.0
161,1,6.00,1,19.51,30.67,27.50,0.0,0.00,0.0,0.0,,0.0
161,2,6.00,1,18.66,30.28,27.21,0.0,0.00,0.0,0.0,,0.0
161,3,6.00,1,17.77,29.87,26.90,0.0,0.00,0.0,0.0,,0.0
161,4,6.00,1,17.22,29.49,26.61,0.0,0.00,0.0,0.0,,0.0
161,5,6.00,1,17.69,29.17,26.38,0.0,0.00,0.0,0.0,,0.0
161,6,6.00,1,18.03,28.89,26.18,0.0,0.00,0.0,0.0,,0.0
161,7,6.00,1,18.69,28.64,26.02,0.0,0.00,0.0,0.0,,0.0
161,8,6.00,1,19.43,30.80,28.25,0.0,19.50,0.0,0.0,,0.0
161,9,6.00,1,21.14,31.64,29.17,0.0,73.95,0.0,0.0,,0.0
161,10,6.00,1,22.08,32.21,29.80,0.0,112.56,0.0,0.0,,0.0
161,11,6.00,1,22.67,32.74,30.41,0.0,136.75,0.0,0.0,,0.0
161,12,6.00,1,23.49,33.32,31.05,0.0,157.40,0.0,0.0,,0.0
161,13,6.00,1,24.25,33.93,31.72,0.0,163.96,0.0,0.0,,0.0
161,14,6.00,1,24.90,34.55,32.40,0.0,161.16,0.0,0.0,,0.0
161,15,6.00,1,25.93,35.20,33.11,0.0,160.49,0.0,0.0,,0.0
161,16,6.00,1,24.84,35.69,33.65,0.0,163.71,0.0,0.0,,0.0
161,17,6.00,1,23.64,36.07,34.08,0.0,151.59,0.0,0.0,,0.0
161,18,6.00,1,22.52,36.34,34.40,0.0,129.48,0.0,0.0,,0.0
161,19,6.00,1,21.25,34.14,32.25,0.0,83.16,0.0,0.0,,0.0
161,20,6.00,1,20.19,33.30,31.46,0.0,29.62,0.0,0.0,,0.0
161,21,6.00,1,19.55,32.74,30.95,0.0,0.00,0.0,0.0,,0.0
161,22,6.00,1,19.11,32.27,30.52,0.0,0.00,0.0,0.0,,0.0
161,23,6.00,1,18.44,31.80,30.09,0.0,0.00,0.0,0.0,,0.0
161,24,6.00,1,17.65,31.34,29.66,0.0,0.00,0.0,0.0,,0.0
161,1,7.00,1,16.82,30.87,29.23,0.0,0.00,0.0,0.0,,0.0
161,2,7.00,1,16.42,30.43,28.83,0.0,0.00,0.0,0.0,,0.0
161,3,7.00,1,15.76,29.98,28.42,0.0,0.00,0.0,0.0,,0.0
161,4,7.00,1,16.26,29.62,28.09,0.0,0.00,0.0,0.0,,0.0
161,5,7.00,1,17.07,29.31,27.81,0.0,0.00,0.0,0.0,,0.0
161,6,7.00,1,17.49,29.01,27.55,0.0,0.00,0.0,0.0,,0.0
161,7,7.00,1,18.02,28.75,27.31,0.0,0.00,0.0,0.0,,0.0
161,8,7.00,1,18.42,30.86,29.46,0.0,19.50,0.0,0.0,,0.0
161,9,7.00,1,20.39,31.69,30.32,0.0,73.95,0.0,0.0,,0.0
161,10,7.00,1,21.59,32.26,30.91,0.0,112.56,0.0,0.0,,0.0
161,11,7.00,1,22.62,32.82,31.49,0.0,136.75,0.0,0.0,,0.0
161,12,7.00,1,23.16,33.38,32.08,0.0,157.40,0.0,0.0,,0.0
161,13,7.00,1,23.53,33.95,32.68,0.0,163.96,0.0,0.0,,0.0
161,14,7.00,1,24.02,34.55,33.29,0.0,161.16,0.0,0.0,,0.0
161,15,7.00,1,24.62,35.14,33.91,0.0,160.49,0.0,0.0,,0.0
161,16,7.00,1,25.21,35.72,34.50,0.0,163.71,0.0,0.0,,0.0
161,17,7.00,1,25.78,36.23,35.04,0.0,151.59,0.0,0.0,,0.0
161,18,7.00,1,24.48,36.55,35.38,0.0,129.48,0.0,0.0,,0.0
161,19,7.00,1,23.30,34.40,33.25,0.0,83.16,0.0,0.0,,0.0
161,20,7.00,1,22.11,33.59,32.46,0.0,29.62,0.0,0.0,,0.0
161,21,7.00,1,21.27,33.06,31.95,0.0,0.00,0.0,0.0,,0.0
161,22,7.00,1,20.55,32.60,31.50,0.0,0.00,0.0,0.0,,0.0
161,23,7.00,1,20.21,32.18,31.10,0.0,0.00,0.0,0.0,,0.0
161,24,7.00,1,19.74,31.76,30.70,0.0,0.00,0.0,0.0,,0.0
161,1,1.00,2,19.06,31.34,30.29,0.0,0.00,0.0,0.0,,0.0
161,2,1.00,2,18.60,30.94,29.90,0.0,0.00,0.0,0.0,,0.0
161,3,1.00,2,17.66,30.51,29.49,0.0,0.00,0.0,0.0,,0.0
161,4,1.00,2,16.64,30.06,29.06,0.0,0.00,0.0,0.0,,0.0
161,5,1.00,2,15.66,29.62,28.62,0.0,0.00,0.0,0.0,,0.0
161,6,1.00,2,14.94,29.18,28.20,0.0,0.00,0.0,0.0,,0.0
161,7,1.00,2,15.78,28.86,27.89,0.0,0.00,0.0,0.0,,0.0
161,8,1.00,2,16.85,29.45,26.98,-4153.35,9.88,0.0,0.0,,-4153.35
161,9,1.00,2,19.30,29.99,26.98,-4464.14,62.56,0.0,0.0,,-4464.14
161,10,1.00,2,20.60,30.43,26.98,-5021.83,102.57,0.0,0.0,,-5021.83
161,11,1.00,2,22.05,30.95,26.98,-5791.27,128.58,0.0,0.0,,-5791.27
161,12,1.00,2,23.05,31.49,26.98,-6520.47,208.35,0.0,-633.99,,-7154.46
161,13,1.00,2,23.88,32.04,26.98,-7251.59,275.88,0.0,-835.02,,-8086.610000000001
161,14,1.00,2,24.66,32.61,26.98,-7964.1,304.51,0.0,0.0,,-7964.1
161,15,1.00,2,25.68,33.21,26.98,-8736.53,300.19,0.0,-3354.15,,-12090.68
161,16,1.00,2,26.51,33.78,26.98,-9355.65,262.73,0.0,-1690.14,,-11045.789999999999
161,17,1.00,2,26.08,34.10,26.98,-9336.41,193.22,0.0,-2146.14,,-11482.55
161,18,1.00,2,25.21,34.23,26.98,-8985.46,121.90,0.0,-2744.91,,-11730.369999999999
161,19,1.00,2,24.31,33.13,28.65,0.0,78.82,0.0,0.0,,0.0
161,20,1.00,2,23.14,32.61,28.87,0.0,19.25,0.0,0.0,,0.0
161,21,1.00,2,22.17,32.18,28.72,0.0,0.00,0.0,0.0,,0.0
161,22,1.00,2,21.31,31.78,28.47,0.0,0.00,0.0,0.0,,0.0
161,23,1.00,2,21.10,31.42,28.23,0.0,0.00,0.0,0.0,,0.0
161,24,1.00,2,20.91,31.08,28.00,0.0,0.00,0.0,0.0,,0.0
162,1,1.00,1,18.97,26.25,25.62,0.0,0.00,0.0,0.0,,0.0
162,2,1.00,1,18.43,25.83,25.24,0.0,0.00,0.0,0.0,,0.0
162,3,1.00,1,17.89,25.43,24.86,0.0,0.00,0.0,0.0,,0.0
162,4,1.00,1,18.44,25.10,24.56,0.0,0.00,0.0,0.0,,0.0
162,5,1.00,1,18.59,24.80,24.28,0.0,0.00,0.0,0.0,,0.0
162,6,1.00,1,19.25,24.56,24.07,0.0,0.00,0.0,0.0,,0.0
162,7,1.00,1,19.96,24.37,23.90,0.0,0.00,0.0,0.0,,0.0
162,8,1.00,1,20.74,25.36,24.95,0.0,0.00,0.0,0.0,,0.0
162,9,1.00,1,22.89,26.04,25.66,0.0,0.00,0.0,0.0,,0.0
162,10,1.00,1,24.44,26.67,26.32,0.0,0.00,0.0,0.0,,0.0
162,11,1.00,1,25.80,27.35,27.01,0.0,0.00,0.0,0.0,,0.0
162,12,1.00,1,27.16,28.08,27.41,-1014.83,0.00,0.0,0.0,,-1014.83
162,13,1.00,1,26.70,28.60,27.41,-2286.14,0.00,0.0,-1488.45,,-3774.59
162,14,1.00,1,25.91,28.99,27.41,-3006.37,0.00,0.0,-1489.68,,-4496.05
162,15,1.00,1,25.56,29.37,27.41,-3721.94,0.00,0.0,-283.12,,-4005.06
162,16,1.00,1,25.00,29.67,27.41,-4158.25,0.00,0.0,-564.19,,-4722.4400000000005
162,17,1.00,1,24.59,29.91,27.41,-4436.74,0.00,0.0,0.0,,-4436.74
162,18,1.00,1,24.07,30.04,27.41,-4446.06,0.00,0.0,0.0,,-4446.06
162,19,1.00,1,23.35,29.16,27.81,0.0,0.00,0.0,0.0,,0.0
162,20,1.00,1,22.69,28.70,27.65,0.0,0.00,0.0,0.0,,0.0
162,21,1.00,1,22.27,28.30,27.37,0.0,0.00,0.0,0.0,,0.0
162,22,1.00,1,21.70,27.91,27.04,0.0,0.00,0.0,0.0,,0.0
162,23,1.00,1,21.51,27.55,26.72,0.0,0.00,0.0,0.0,,0.0
162,24,1.00,1,20.74,27.16,26.37,0.0,0.00,0.0,0.0,,0.0
162,1,2.00,1,20.37,26.79,26.04,0.0,0.00,0.0,0.0,,0.0
162,2,2.00,1,19.85,26.42,25.70,0.0,0.00,0.0,0.0,,0.0
162,3,2.00,1,19.16,26.03,25.35,0.0,0.00,0.0,0.0,,0.0
162,4,2.00,1,18.59,25.65,25.00,0.0,0.00,0.0,0.0,,0.0
162,5,2.00,1,18.36,25.30,24.68,0.0,0.00,0.0,0.0,,0.0
162,6,2.00,1,18.16,24.96,24.37,0.0,0.00,0.0,0.0,,0.0
162,7,2.00,1,17.94,24.63,24.06,0.0,0.00,0.0,0.0,,0.0
162,8,2.00,1,18.89,25.35,24.86,0.0,0.00,0.0,0.0,,0.0
162,9,2.00,1,21.01,25.91,25.45,0.0,0.00,0.0,0.0,,0.0
162,10,2.00,1,22.59,26.45,26.02,0.0,0.00,0.0,0.0,,0.0
162,11,2.00,1,23.70,27.01,26.60,0.0,0.00,0.0,0.0,,0.0
162,12,2.00,1,24.29,27.54,27.15,0.0,0.00,0.0,0.0,,0.0
162,13,2.00,1,25.31,28.16,27.41,-1103.89,0.00,0.0,-24.02,,-1127.91
162,14,2.00,1,26.02,28.77,27.41,-2628.21,0.00,0.0,-1043.93,,-3672.1400000000003
162,15,2.00,1,26.67,29.36,27.41,-3874.25,0.00,0.0,-694.3,,-4568.55
162,16,2.00,1,27.40,29.96,27.41,-5024.3,0.00,0.0,-1288.55,,-6312.85
162,17,2.00,1,26.97,30.33,27.41,-5478.07,0.00,0.0,-1436.99,,-6915.0599999999995
162,18,2.00,1,25.92,30.49,27.41,-5410.18,0.00,0.0,-676.49,,-6086.67
162,19,2.00,1,25.63,29.58,28.06,0.0,0.00,0.0,0.0,,0.0
162,20,2.00,1,24.53,29.13,27.99,0.0,0.00,0.0,0.0,,0.0
162,21,2.00,1,23.72,28.76,27.74,0.0,0.00,0.0,0.0,,0.0
162,22,2.00,1,22.87,28.38,27.42,0.0,0.00,0.0,0.0,,0.0
162,23,2.00,1,22.36,28.01,27.11,0.0,0.00,0.0,0.0,,0.0
162,24,2.00,1,21.21,27.60,26.74,0.0,0.00,0.0,0.0,,0.0
162,1,3.00,1,20.48,27.20,26.38,0.0,0.00,0.0,0.0,,0.0
162,2,3.00,1,19.93,26.80,26.02,0.0,0.00,0.0,0.0,,0.0
162,3,3.00,1,19.74,26.44,25.69,0.0,0.00,0.0,0.0,,0.0
162,4,3.00,1,19.00,26.05,25.34,0.0,0.00,0.0,0.0,,0.0
162,5,3.00,1,18.30,25.65,24.97,0.0,0.00,0.0,0.0,,0.0
162,6,3.00,1,17.77,25.27,24.62,0.0,0.00,0.0,0.0,,0.0
162,7,3.00,1,17.39,24.89,24.27,0.0,0.00,0.0,0.0,,0.0
162,8,3.00,1,18.49,26.34,25.75,0.0,0.00,0.0,0.0,,0.0
162,9,3.00,1,20.42,26.94,26.38,0.0,0.00,0.0,0.0,,0.0
162,10,3.00,1,22.69,27.48,26.94,0.0,0.00,0.0,-0.0,,0.0
162,11,3.00,1,23.77,28.01,27.49,0.0,0.00,0.0,-0.0,,0.0
162,12,3.00,1,24.96,28.61,28.11,0.0,0.00,0.0,-0.0,,0.0
162,13,3.00,1,25.82,29.24,28.76,0.0,0.00,0.0,-0.0,,0.0
162,14,3.00,1,26.46,29.87,29.42,0.0,0.00,0.0,-0.0,,0.0
162,15,3.00,1,26.98,30.49,30.06,0.0,0.00,0.0,0.0,,0.0
162,16,3.00,1,27.47,31.08,30.66,0.0,0.00,0.0,0.0,,0.0
162,17,3.00,1,26.86,31.54,31.14,0.0,0.00,0.0,0.0,,0.0
162,18,3.00,1,25.87,31.86,31.48,0.0,0.00,0.0,0.0,,0.0
162,19,3.00,1,25.08,30.37,30.00,0.0,0.00,0.0,0.0,,0.0
162,20,3.00,1,24.16,29.77,29.42,0.0,0.00,0.0,0.0,,0.0
162,21,3.00,1,23.24,29.32,28.98,0.0,0.00,0.0,0.0,,0.0
162,22,3.00,1,22.35,28.89,28.56,0.0,0.00,0.0,0.0,,0.0
162,23,3.00,1,21.36,28.44,28.12,0.0,0.00,0.0,0.0,,0.0
162,24,3.00,1,21.01,28.02,27.72,0.0,0.00,0.0,0.0,,0.0
162,1,4.00,1,20.07,27.58,27.29,0.0,0.00,0.0,0.0,,0.0
162,2,4.00,1,19.51,27.15,26.87,0.0,0.00,0.0,0.0,,0.0
162,3,4.00,1,19.02,26.73,26.46,0.0,0.00,0.0,0.0,,0.0
162,4,4.00,1,17.55,26.25,25.99,0.0,0.00,0.0,0.0,,0.0
162,5,4.00,1,17.86,25.86,25.61,0.0,0.00,0.0,0.0,,0.0
162,6,4.00,1,19.61,25.62,25.37,0.0,0.00,0.0,0.0,,0.0
162,7,4.00,1,20.41,25.40,25.17,0.0,0.00,0.0,0.0,,0.0
162,8,4.00,1,20.77,26.92,26.69,0.0,0.00,0.0,0.0,,0.0
162,9,4.00,1,22.25,27.55,27.33,0.0,0.00,0.0,-0.0,,0.0
162,10,4.00,1,24.22,28.11,27.89,0.0,0.00,0.0,-0.0,,0.0
162,11,4.00,1,26.09,28.73,28.52,0.0,0.00,0.0,-0.0,,0.0
162,12,4.00,1,27.11,29.37,29.17,0.0,0.00,0.0,-0.0,,0.0
162,13,4.00,1,25.97,29.91,29.71,0.0,0.00,0.0,-0.0,,0.0
162,14,4.00,1,26.04,30.46,30.27,0.0,0.00,0.0,-0.0,,0.0
162,15,4.00,1,25.82,30.97,30.79,0.0,0.00,0.0,0.0,,0.0
162,16,4.00,1,24.64,31.36,31.19,0.0,0.00,0.0,0.0,,0.0
162,17,4.00,1,24.20,31.69,31.52,0.0,0.00,0.0,0.0,,0.0
162,18,4.00,1,24.00,31.95,31.78,0.0,0.00,0.0,0.0,,0.0
162,19,4.00,1,22.85,30.36,30.19,0.0,0.00,0.0,0.0,,0.0
162,20,4.00,1,22.21,29.69,29.53,0.0,0.00,0.0,0.0,,0.0
162,21,4.00,1,21.60,29.20,29.04,0.0,0.00,0.0,0.0,,0.0
162,22,4.00,1,20.90,28.72,28.58,0.0,0.00,0.0,0.0,,0.0
162,23,4.00,1,20.63,28.29,28.14,0.0,0.00,0.0,0.0,,0.0
162,24,4.00,1,20.44,27.88,27.73,0.0,0.00,0.0,0.0,,0.0
162,1,5.00,1,20.28,27.49,27.35,0.0,0.00,0.0,0.0,,0.0
162,2,5.00,1,20.08,27.11,26.98,0.0,0.00,0.0,0.0,,0.0
162,3,5.00,1,20.00,26.76,26.63,0.0,0.00,0.0,0.0,,0.0
162,4,5.00,1,19.94,26.43,26.30,0.0,0.00,0.0,0.0,,0.0
162,5,5.00,1,19.91,26.12,25.99,0.0,0.00,0.0,0.0,,0.0
162,6,5.00,1,19.59,25.80,25.68,0.0,0.00,0.0,0.0,,0.0
162,7,5.00,1,19.10,25.48,25.36,0.0,0.00,0.0,0.0,,0.0
162,8,5.00,1,19.85,26.21,26.10,0.0,0.00,0.0,0.0,,0.0
162,9,5.00,1,21.53,26.70,26.60,0.0,0.00,0.0,0.0,,0.0
162,10,5.00,1,23.47,27.28,27.18,0.0,0.00,0.0,0.0,,0.0
162,11,5.00,1,24.36,27.80,27.41,-850.73,0.00,0.0,0.0,,-850.73
162,12,5.00,1,25.29,28.38,27.41,-2295.73,0.00,0.0,0.0,,-2295.73
162,13,5.00,1,26.04,28.97,27.41,-3534.42,0.00,0.0,-1895.73,,-5430.15
162,14,5.00,1,26.69,29.55,27.41,-4665.96,0.00,0.0,-883.48,,-5549.4400000000005
162,15,5.00,1,27.34,30.14,27.41,-5722.96,0.00,0.0,-880.76,,-6603.72
162,16,5.00,1,28.02,30.72,27.41,-6690.4,0.00,0.0,-148.72,,-6839.12
162,17,5.00,1,27.53,31.08,27.41,-6978.46,0.00,0.0,-1805.18,,-8783.64
162,18,5.00,1,26.97,31.30,27.41,-7007.57,0.00,0.0,-597.17,,-7604.74
162,19,5.00,1,26.12,30.34,28.48,0.0,0.00,0.0,0.0,,0.0
162,20,5.00,1,24.81,29.87,28.49,0.0,0.00,0.0,0.0,,0.0
162,21,5.00,1,23.91,29.46,28.24,0.0,0.00,0.0,0.0,,0.0
162,22,5.00,1,23.11,29.06,27.92,0.0,0.00,0.0,0.0,,0.0
162,23,5.00,1,23.40,28.74,27.66,0.0,0.00,0.0,0.0,,0.0
162,24,5.00,1,22.64,28.37,27.34,0.0,0.00,0.0,0.0,,0.0
162,1,6.00,1,21.92,28.00,27.02,0.0,0.00,0.0,0.0,,0.0
162,2,6.00,1,21.01,27.60,26.67,0.0,0.00,0.0,0.0,,0.0
162,3,6.00,1,20.24,27.20,26.32,0.0,0.00,0.0,0.0,,0.0
162,4,6.00,1,19.60,26.80,25.96,0.0,0.00,0.0,0.0,,0.0
162,5,6.00,1,20.15,26.49,25.69,0.0,0.00,0.0,0.0,,0.0
162,6,6.00,1,20.69,26.22,25.46,0.0,0.00,0.0,0.0,,0.0
162,7,6.00,1,20.95,25.98,25.25,0.0,0.00,0.0,0.0,,0.0
162,8,6.00,1,21.71,26.88,26.24,0.0,0.00,0.0,-246.51,,-246.51
162,9,6.00,1,23.26,27.42,26.83,0.0,0.00,0.0,0.0,,0.0
162,10,6.00,1,24.66,27.96,27.40,0.0,0.00,0.0,0.0,,0.0
162,11,6.00,1,25.48,28.48,27.41,-1577.81,0.00,0.0,0.0,,-1577.81
162,12,6.00,1,25.78,28.97,27.41,-2652.75,0.00,0.0,0.0,,-2652.75
162,13,6.00,1,26.39,29.51,27.41,-3826.54,0.00,0.0,-895.84,,-4722.38
162,14,6.00,1,26.73,30.03,27.41,-4816.24,0.00,0.0,-108.4,,-4924.639999999999
162,15,6.00,1,27.21,30.55,27.41,-5773.68,0.00,0.0,-321.66,,-6095.34
162,16,6.00,1,26.84,30.93,27.41,-6238.76,0.00,0.0,0.0,,-6238.76
162,17,6.00,1,26.31,31.19,27.41,-6426.21,0.00,0.0,0.0,,-6426.21
162,18,6.00,1,25.54,31.30,27.41,-6284.2,0.00,0.0,0.0,,-6284.2
162,19,6.00,1,25.21,30.43,28.35,0.0,0.00,0.0,0.0,,0.0
162,20,6.00,1,24.45,29.98,28.35,0.0,0.00,0.0,0.0,,0.0
162,21,6.00,1,23.80,29.59,28.12,0.0,0.00,0.0,0.0,,0.0
162,22,6.00,1,23.43,29.22,27.84,0.0,0.00,0.0,0.0,,0.0
162,23,6.00,1,23.29,28.87,27.56,0.0,0.00,0.0,0.0,,0.0
162,24,6.00,1,22.74,28.51,27.27,0.0,0.00,0.0,0.0,,0.0
162,1,7.00,1,22.11,28.15,26.96,0.0,0.00,0.0,0.0,,0.0
162,2,7.00,1,21.56,27.78,26.65,0.0,0.00,0.0,0.0,,0.0
162,3,7.00,1,21.09,27.42,26.35,0.0,0.00,0.0,0.0,,0.0
162,4,7.00,1,20.52,27.06,26.03,0.0,0.00,0.0,0.0,,0.0
162,5,7.00,1,19.87,26.69,25.71,0.0,0.00,0.0,0.0,,0.0
162,6,7.00,1,19.44,26.33,25.39,0.0,0.00,0.0,0.0,,0.0
162,7,7.00,1,19.04,25.97,25.08,0.0,0.00,0.0,0.0,,0.0
162,8,7.00,1,20.12,26.68,25.91,0.0,0.00,0.0,0.0,,0.0
162,9,7.00,1,22.08,27.20,26.48,0.0,0.00,0.0,0.0,,0.0
162,10,7.00,1,23.38,27.68,27.00,0.0,0.00,0.0,0.0,,0.0
162,11,7.00,1,24.49,28.20,27.41,-425.52,0.00,0.0,0.0,,-425.52
162,12,7.00,1,25.35,28.75,27.41,-2000.16,0.00,0.0,0.0,,-2000.16
162,13,7.00,1,26.00,29.31,27.41,-3243.58,0.00,0.0,-307.82,,-3551.4
162,14,7.00,1,26.56,29.86,27.41,-4377.75,0.00,0.0,-271.03,,-4648.78
162,15,7.00,1,27.15,30.41,27.41,-5435.97,0.00,0.0,0.0,,-5435.97
162,16,7.00,1,27.72,30.95,27.41,-6368.19,0.00,0.0,0.0,,-6368.19
162,17,7.00,1,27.28,31.29,27.41,-6695.49,0.00,0.0,-512.89,,-7208.38
162,18,7.00,1,26.68,31.49,27.41,-6717.0,0.00,0.0,0.0,,-6717.0
162,19,7.00,1,26.13,30.57,28.42,0.0,0.00,0.0,0.0,,0.0
162,20,7.00,1,25.24,30.13,28.45,0.0,0.00,0.0,0.0,,0.0
162,21,7.00,1,24.58,29.75,28.25,0.0,0.00,0.0,0.0,,0.0
162,22,7.00,1,23.95,29.39,27.97,0.0,0.00,0.0,0.0,,0.0
162,23,7.00,1,24.06,29.07,27.73,0.0,0.00,0.0,0.0,,0.0
162,24,7.00,1,23.72,28.75,27.47,0.0,0.00,0.0,0.0,,0.0
162,1,1.00,1,23.51,28.44,27.23,0.0,0.00,0.0,-0.0,,0.0
162,2,1.00,1,23.08,28.13,26.97,0.0,0.00,0.0,-0.0,,0.0
162,3,1.00,1,22.62,27.82,26.71,0.0,0.00,0.0,-0.0,,0.0
162,4,1.00,1,22.23,27.51,26.45,0.0,0.00,0.0,-0.0,,0.0
162,5,1.00,1,21.66,27.19,26.18,0.0,0.00,0.0,-0.0,,0.0
162,6,1.00,1,21.38,26.89,25.92,0.0,0.00,0.0,-0.0,,0.0
162,7,1.00,1,20.90,26.58,25.66,0.0,0.00,0.0,-0.0,,0.0
162,8,1.00,1,21.88,27.42,26.62,0.0,0.00,0.0,0.0,,0.0
162,9,1.00,1,24.02,28.02,27.28,0.0,0.00,0.0,-321.97,,-321.97
162,10,1.00,1,24.96,28.50,27.41,-1109.67,0.00,0.0,-321.15,,-1430.8200000000002
162,11,1.00,1,26.22,29.06,27.41,-2569.06,0.00,0.0,-823.53,,-3392.59
162,12,1.00,1,27.21,29.67,27.41,-3900.35,0.00,0.0,-1404.38,,-5304.73
162,13,1.00,1,27.85,30.26,27.41,-5085.72,0.00,0.0,-2219.09,,-7304.81
162,14,1.00,1,28.45,30.85,27.41,-6190.94,0.00,0.0,-2213.43,,-8404.369999999999
162,15,1.00,1,29.17,31.46,27.41,-7272.34,0.00,0.0,-2108.3,,-9380.64
162,16,1.00,1,28.59,31.85,27.41,-7670.42,0.00,0.0,-2509.04,,-10179.46
162,17,1.00,1,28.15,32.16,27.41,-7912.01,0.00,0.0,-1993.83,,-9905.84
162,18,1.00,1,27.32,32.30,27.41,-7757.38,0.00,0.0,-1383.35,,-9140.73
162,19,1.00,1,26.10,31.33,28.67,0.0,0.00,0.0,0.0,,0.0
162,20,1.00,1,25.20,30.84,28.74,0.0,0.00,0.0,0.0,,0.0
162,21,1.00,1,24.85,30.45,28.54,0.0,0.00,0.0,0.0,,0.0
162,22,1.00,1,24.19,30.05,28.27,0.0,0.00,0.0,0.0,,0.0
162,23,1.00,1,24.19,29.70,28.01,0.0,0.00,0.0,0.0,,0.0
162,24,1.00,1,23.56,29.33,27.72,0.0,0.00,0.0,0.0,,0.0
162,1,2.00,1,23.17,28.97,27.44,0.0,0.00,0.0,0.0,,0.0
162,2,2.00,1,22.80,28.62,27.16,0.0,0.00,0.0,0.0,,0.0
162,3,2.00,1,22.46,28.28,26.89,0.0,0.00,0.0,-0.0,,0.0
162,4,2.00,1,22.30,27.96,26.63,0.0,0.00,0.0,-0.0,,0.0
162,5,2.00,1,22.11,27.65,26.38,0.0,0.00,0.0,-0.0,,0.0
162,6,2.00,1,21.12,27.30,26.09,0.0,0.00,0.0,0.0,,0.0
162,7,2.00,1,20.23,26.93,25.77,0.0,0.00,0.0,0.0,,0.0
162,8,2.00,1,21.43,27.67,26.66,0.0,0.00,0.0,0.0,,0.0
162,9,2.00,1,24.02,28.30,27.36,0.0,0.00,0.0,0.0,,0.0
162,10,2.00,1,25.31,28.82,27.41,-1518.09,0.00,0.0,0.0,,-1518.09
162,11,2.00,1,26.60,29.40,27.41,-2940.35,0.00,0.0,-1120.06,,-4060.41
162,12,2.00,1,27.48,29.99,27.41,-4219.07,0.00,0.0,-1309.36,,-5528.429999999999
162,13,2.00,1,28.19,30.59,27.41,-5429.86,0.00,0.0,-2506.96,,-7936.82
162,14,2.00,1,27.47,30.98,27.41,-5945.63,0.00,0.0,-1659.63,,-7605.26
162,15,2.00,1,26.89,31.31,27.41,-6368.5,0.00,0.0,-298.97,,-6667.47
162,16,2.00,1,26.36,31.58,27.41,-6643.8,0.00,0.0,-312.12,,-6955.92
162,17,2.00,1,25.96,31.79,27.41,-6776.61,0.00,0.0,0.0,,-6776.61
162,18,2.00,1,25.38,31.89,27.41,-6628.62,0.00,0.0,0.0,,-6628.62
162,19,2.00,1,24.31,31.00,28.42,0.0,0.00,0.0,0.0,,0.0
162,20,2.00,1,23.22,30.47,28.38,0.0,0.00,0.0,0.0,,0.0
162,21,2.00,1,22.34,29.99,28.09,0.0,0.00,0.0,0.0,,0.0
162,22,2.00,1,21.35,29.50,27.71,0.0,0.00,0.0,0.0,,0.0
162,23,2.00,1,20.74,29.03,27.32,0.0,0.00,0.0,0.0,,0.0
162,24,2.00,1,19.86,28.54,26.92,0.0,0.00,0.0,0.0,,0.0
162,1,3.00,1,19.20,28.06,26.51,0.0,0.00,0.0,0.0,,0.0
162,2,3.00,1,18.52,27.59,26.11,0.0,0.00,0.0,0.0,,0.0
162,3,3.00,1,19.37,27.22,25.81,0.0,0.00,0.0,0.0,,0.0
162,4,3.00,1,19.54,26.87,25.53,0.0,0.00,0.0,0.0,,0.0
162,5,3.00,1,20.07,26.58,25.29,0.0,0.00,0.0,0.0,,0.0
162,6,3.00,1,20.46,26.32,25.09,0.0,0.00,0.0,0.0,,0.0
162,7,3.00,1,20.97,26.09,24.92,0.0,0.00,0.0,0.0,,0.0
162,8,3.00,1,21.50,27.62,26.50,0.0,0.00,0.0,0.0,,0.0
162,9,3.00,1,23.46,28.30,27.22,0.0,0.00,0.0,-0.0,,0.0
162,10,3.00,1,24.75,28.84,27.81,0.0,0.00,0.0,-0.0,,0.0
162,11,3.00,1,25.77,29.39,28.41,0.0,0.00,0.0,-0.0,,0.0
162,12,3.00,1,26.38,29.97,29.03,0.0,0.00,0.0,-0.0,,0.0
162,13,3.00,1,27.04,30.58,29.68,0.0,0.00,0.0,0.0,,0.0
162,14,3.00,1,26.66,31.13,30.27,0.0,0.00,0.0,0.0,,0.0
162,15,3.00,1,26.31,31.64,30.81,0.0,0.00,0.0,0.0,,0.0
162,16,3.00,1,25.92,32.09,31.29,0.0,0.00,0.0,0.0,,0.0
162,17,3.00,1,25.70,32.47,31.70,0.0,0.00,0.0,0.0,,0.0
162,18,3.00,1,25.31,32.75,32.02,0.0,0.00,0.0,0.0,,0.0
162,19,3.00,1,24.65,31.22,30.51,0.0,0.00,0.0,0.0,,0.0
162,20,3.00,1,23.61,30.57,29.89,0.0,0.00,0.0,0.0,,0.0
162,21,3.00,1,23.04,30.11,29.45,0.0,0.00,0.0,0.0,,0.0
162,22,3.00,1,22.04,29.64,29.01,0.0,0.00,0.0,0.0,,0.0
162,23,3.00,1,21.91,29.22,28.61,0.0,0.00,0.0,0.0,,0.0
162,24,3.00,1,21.55,28.81,28.23,0.0,0.00,0.0,0.0,,0.0
162,1,4.00,1,21.14,28.41,27.85,0.0,0.00,0.0,0.0,,0.0
162,2,4.00,1,20.56,28.01,27.46,0.0,0.00,0.0,0.0,,0.0
162,3,4.00,1,20.12,27.61,27.09,0.0,0.00,0.0,0.0,,0.0
162,4,4.00,1,19.41,27.20,26.70,0.0,0.00,0.0,0.0,,0.0
162,5,4.00,1,19.18,26.82,26.33,0.0,0.00,0.0,0.0,,0.0
162,6,4.00,1,18.74,26.44,25.97,0.0,0.00,0.0,0.0,,0.0
162,7,4.00,1,19.48,26.15,25.69,0.0,0.00,0.0,0.0,,0.0
162,8,4.00,1,20.09,27.62,27.18,0.0,0.00,0.0,0.0,,0.0
162,9,4.00,1,22.45,28.27,27.84,0.0,0.00,0.0,0.0,,0.0
162,10,4.00,1,23.73,28.77,28.36,0.0,0.00,0.0,-0.0,,0.0
162,11,4.00,1,24.68,29.29,28.88,0.0,0.00,0.0,-0.0,,0.0
162,12,4.00,1,25.94,29.88,29.49,0.0,0.00,0.0,-0.0,,0.0
162,13,4.00,1,26.36,30.47,30.09,0.0,0.00,0.0,0.0,,0.0
162,14,4.00,1,26.86,31.07,30.70,0.0,0.00,0.0,0.0,,0.0
162,15,4.00,1,27.42,31.66,31.30,0.0,0.00,0.0,0.0,,0.0
162,16,4.00,1,28.29,32.26,31.91,0.0,0.00,0.0,0.0,,0.0
162,17,4.00,1,27.64,32.71,32.37,0.0,0.00,0.0,0.0,,0.0
162,18,4.00,1,26.89,33.03,32.71,0.0,0.00,0.0,0.0,,0.0
162,19,4.00,1,25.86,31.53,31.21,0.0,0.00,0.0,0.0,,0.0
162,20,4.00,1,24.94,30.92,30.61,0.0,0.00,0.0,0.0,,0.0
162,21,4.00,1,24.43,30.49,30.19,0.0,0.00,0.0,0.0,,0.0
162,22,4.00,1,24.28,30.12,29.82,0.0,0.00,0.0,0.0,,0.0
162,23,4.00,1,24.34,29.78,29.50,0.0,0.00,0.0,0.0,,0.0
162,24,4.00,1,23.85,29.44,29.16,0.0,0.00,0.0,0.0,,0.0
162,1,5.00,1,23.06,29.07,28.79,0.0,0.00,0.0,0.0,,0.0
162,2,5.00,1,22.04,28.67,28.40,0.0,0.00,0.0,0.0,,0.0
162,3,5.00,1,21.19,28.26,28.00,0.0,0.00,0.0,0.0,,0.0
162,4,5.00,1,20.53,27.86,27.61,0.0,0.00,0.0,0.0,,0.0
162,5,5.00,1,20.21,27.48,27.23,0.0,0.00,0.0,0.0,,0.0
162,6,5.00,1,19.82,27.11,26.86,0.0,0.00,0.0,0.0,,0.0
162,7,5.00,1,19.23,26.73,26.49,0.0,0.00,0.0,0.0,,0.0
162,8,5.00,1,20.91,27.46,27.25,0.0,0.00,0.0,0.0,,0.0
162,9,5.00,1,23.08,28.02,27.41,-1153.17,0.00,0.0,0.0,,-1153.17
162,10,5.00,1,24.35,28.51,27.41,-2299.52,0.00,0.0,-917.25,,-3216.77
162,11,5.00,1,25.02,28.97,27.41,-3218.83,0.00,0.0,-417.76,,-3636.59
162,12,5.00,1,25.60,29.46,27.41,-4157.6,0.00,0.0,-530.44,,-4688.040000000001
162,13,5.00,1,26.01,29.95,27.41,-5043.95,0.00,0.0,-662.7,,-5706.65
162,14,5.00,1,26.72,30.49,27.41,-6011.31,0.00,0.0,-817.65,,-6828.96
162,15,5.00,1,27.43,31.05,27.41,-6935.23,0.00,0.0,-1194.15,,-8129.379999999999
162,16,5.00,1,27.93,31.56,27.41,-7689.95,0.00,0.0,-1214.98,,-8904.93
162,17,5.00,1,27.51,31.88,27.41,-7885.12,0.00,0.0,-2035.79,,-9920.91
162,18,5.00,1,27.11,32.10,27.41,-7886.75,0.00,0.0,-1560.39,,-9447.14
162,19,5.00,1,26.63,31.20,28.78,0.0,0.00,0.0,0.0,,0.0
162,20,5.00,1,25.75,30.76,28.90,0.0,0.00,0.0,0.0,,0.0
162,21,5.00,1,25.20,30.40,28.73,0.0,0.00,0.0,0.0,,0.0
162,22,5.00,1,25.11,30.08,28.51,0.0,0.00,0.0,0.0,,0.0
162,23,5.00,1,25.23,29.79,28.30,0.0,0.00,0.0,0.0,,0.0
162,24,5.00,1,25.06,29.50,28.09,0.0,0.00,0.0,0.0,,0.0
162,1,6.00,1,25.31,29.26,27.91,0.0,0.00,0.0,-0.0,,0.0
162,2,6.00,1,25.24,29.01,27.73,0.0,0.00,0.0,-0.0,,0.0
162,3,6.00,1,25.43,28.80,27.58,0.0,0.00,0.0,-0.0,,0.0
162,4,6.00,1,25.24,28.58,27.41,0.0,0.00,0.0,-0.0,,0.0
162,5,6.00,1,25.16,28.38,27.26,0.0,0.00,0.0,-0.0,,0.0
162,6,6.00,1,24.57,28.14,27.08,0.0,0.00,0.0,-0.0,,0.0
162,7,6.00,1,24.35,27.92,26.90,0.0,0.00,0.0,-0.0,,0.0
162,8,6.00,1,24.89,28.95,27.41,-1881.76,0.00,0.0,-1896.45,,-3778.21
162,9,6.00,1,26.17,29.51,27.41,-3179.71,0.00,0.0,-2029.42,,-5209.13
162,10,6.00,1,26.65,29.92,27.41,-3949.69,0.00,0.0,-1626.25,,-5575.9400000000005
162,11,6.00,1,27.14,30.36,27.41,-4805.29,0.00,0.0,-1752.67,,-6557.96
162,12,6.00,1,27.49,30.82,27.41,-5650.72,0.00,0.0,-1746.71,,-7397.43
162,13,6.00,1,26.97,31.16,27.41,-6107.84,0.00,0.0,-922.98,,-7030.82
162,14,6.00,1,26.45,31.46,27.41,-6470.63,0.00,0.0,-306.07,,-6776.7
162,15,6.00,1,25.85,31.70,27.41,-6686.42,0.00,0.0,0.0,,-6686.42
162,16,6.00,1,25.17,31.87,27.41,-6733.82,0.00,0.0,0.0,,-6733.82
162,17,6.00,1,24.12,31.90,27.41,-6428.01,0.00,0.0,0.0,,-6428.01
162,18,6.00,1,23.15,31.83,27.41,-5950.71,0.00,0.0,0.0,,-5950.71
162,19,6.00,1,22.03,31.02,28.32,0.0,0.00,0.0,0.0,,0.0
162,20,6.00,1,20.57,30.42,28.17,0.0,0.00,0.0,0.0,,0.0
162,21,6.00,1,19.57,29.85,27.78,0.0,0.00,0.0,0.0,,0.0
162,22,6.00,1,19.69,29.35,27.39,0.0,0.00,0.0,0.0,,0.0
162,23,6.00,1,20.23,28.91,27.06,0.0,0.00,0.0,0.0,,0.0
162,24,6.00,1,20.27,28.50,26.73,0.0,0.00,0.0,0.0,,0.0
162,1,7.00,1,20.16,28.10,26.42,0.0,0.00,0.0,0.0,,0.0
162,2,7.00,1,19.95,27.72,26.11,0.0,0.00,0.0,0.0,,0.0
162,3,7.00,1,19.72,27.35,25.81,0.0,0.00,0.0,0.0,,0.0
162,4,7.00,1,19.39,26.98,25.52,0.0,0.00,0.0,0.0,,0.0
162,5,7.00,1,19.24,26.63,25.24,0.0,0.00,0.0,0.0,,0.0
162,6,7.00,1,19.08,26.30,24.97,0.0,0.00,0.0,0.0,,0.0
162,7,7.00,1,18.96,25.98,24.71,0.0,0.00,0.0,0.0,,0.0
162,8,7.00,1,20.39,26.76,25.65,0.0,0.00,0.0,0.0,,0.0
162,9,7.00,1,22.62,27.36,26.32,0.0,0.00,0.0,0.0,,0.0
162,10,7.00,1,23.84,27.87,26.90,0.0,0.00,0.0,0.0,,0.0
162,11,7.00,1,25.02,28.44,27.41,-286.35,0.00,0.0,0.0,,-286.35
162,12,7.00,1,25.72,29.00,27.41,-1964.27,0.00,0.0,0.0,,-1964.27
162,13,7.00,1,26.40,29.58,27.41,-3300.58,0.00,0.0,0.0,,-3300.58
162,14,7.00,1,26.25,30.04,27.41,-4187.4,0.00,0.0,0.0,,-4187.4
162,15,7.00,1,26.01,30.44,27.41,-4892.12,0.00,0.0,0.0,,-4892.12
162,16,7.00,1,25.86,30.80,27.41,-5473.01,0.00,0.0,0.0,,-5473.01
162,17,7.00,1,25.33,31.04,27.41,-5682.95,0.00,0.0,0.0,,-5682.95
162,18,7.00,1,24.72,31.16,27.41,-5632.2,0.00,0.0,0.0,,-5632.2
162,19,7.00,1,23.96,30.31,28.17,0.0,0.00,0.0,0.0,,0.0
162,20,7.00,1,22.83,29.82,28.09,0.0,0.00,0.0,0.0,,0.0
162,21,7.00,1,22.01,29.38,27.80,0.0,0.00,0.0,0.0,,0.0
162,22,7.00,1,21.82,28.99,27.49,0.0,0.00,0.0,0.0,,0.0
162,23,7.00,1,21.63,28.61,27.18,0.0,0.00,0.0,0.0,,0.0
162,24,7.00,1,21.91,28.28,26.91,0.0,0.00,0.0,0.0,,0.0
162,1,1.00,1,22.07,27.97,26.67,0.0,0.00,0.0,0.0,,0.0
162,2,1.00,1,22.15,27.69,26.45,0.0,0.00,0.0,0.0,,0.0
162,3,1.00,1,21.93,27.41,26.22,0.0,0.00,0.0,0.0,,0.0
162,4,1.00,1,21.32,27.10,25.96,0.0,0.00,0.0,0.0,,0.0
162,5,1.00,1,20.61,26.78,25.69,0.0,0.00,0.0,0.0,,0.0
162,6,1.00,1,20.42,26.48,25.44,0.0,0.00,0.0,-0.0,,0.0
162,7,1.00,1,21.30,26.27,25.27,0.0,0.00,0.0,-0.0,,0.0
162,8,1.00,1,22.51,27.27,26.40,0.0,0.00,0.0,-789.74,,-789.74
162,9,1.00,1,24.93,27.99,27.18,0.0,0.00,0.0,-551.55,,-551.55
162,10,1.00,1,26.14,28.59,27.41,-1163.26,0.00,0.0,-1285.7,,-2448.96
162,11,1.00,1,27.50,29.25,27.41,-2885.04,0.00,0.0,-2007.13,,-4892.17
162,12,1.00,1,27.45,29.77,27.41,-3890.85,0.00,0.0,-1844.19,,-5735.04
162,13,1.00,1,27.37,30.25,27.41,-4815.33,0.00,0.0,-634.46,,-5449.79
162,14,1.00,1,27.41,30.73,27.41,-5675.86,0.00,0.0,-687.05,,-6362.91
162,15,1.00,1,27.05,31.12,27.41,-6239.26,0.00,0.0,-1090.37,,-7329.63
162,16,1.00,1,26.59,31.44,27.41,-6603.38,0.00,0.0,-790.62,,-7394.0
162,17,1.00,1,25.91,31.64,27.41,-6664.42,0.00,0.0,-313.55,,-6977.97
162,18,1.00,1,24.89,31.68,27.41,-6349.89,0.00,0.0,-487.2,,-6837.09
162,19,1.00,1,23.81,30.80,28.36,0.0,0.00,0.0,0.0,,0.0
162,20,1.00,1,22.94,30.30,28.32,0.0,0.00,0.0,0.0,,0.0
162,21,1.00,1,22.54,29.86,28.06,0.0,0.00,0.0,0.0,,0.0
162,22,1.00,1,22.95,29.50,27.80,0.0,0.00,0.0,0.0,,0.0
162,23,1.00,1,23.28,29.18,27.56,0.0,0.00,0.0,0.0,,0.0
162,24,1.00,1,23.17,28.86,27.32,0.0,0.00,0.0,0.0,,0.0
162,1,2.00,1,23.35,28.58,27.11,0.0,0.00,0.0,0.0,,0.0
162,2,2.00,1,23.37,28.31,26.90,0.0,0.00,0.0,-0.0,,0.0
162,3,2.00,1,22.79,28.02,26.67,0.0,0.00,0.0,-0.0,,0.0
162,4,2.00,1,22.25,27.72,26.43,0.0,0.00,0.0,-0.0,,0.0
162,5,2.00,1,21.73,27.41,26.18,0.0,0.00,0.0,-0.0,,0.0
162,6,2.00,1,21.50,27.12,25.94,0.0,0.00,0.0,-0.0,,0.0
162,7,2.00,1,21.20,26.84,25.70,0.0,0.00,0.0,0.0,,0.0
162,8,2.00,1,22.14,27.69,26.71,0.0,0.00,0.0,-432.33,,-432.33
162,9,2.00,1,24.10,28.28,27.36,0.0,0.00,0.0,0.0,,0.0
162,10,2.00,1,25.70,28.86,27.41,-1671.42,0.00,0.0,-1020.87,,-2692.29
162,11,2.00,1,26.45,29.39,27.41,-2902.24,0.00,0.0,-992.65,,-3894.89
162,12,2.00,1,27.25,29.97,27.41,-4153.13,0.00,0.0,-1722.64,,-5875.77
162,13,2.00,1,28.21,30.60,27.41,-5477.59,0.00,0.0,-2510.93,,-7988.52
162,14,2.00,1,27.92,31.08,27.41,-6200.69,0.00,0.0,-1528.53,,-7729.219999999999
162,15,2.00,1,27.46,31.46,27.41,-6713.87,0.00,0.0,-2219.22,,-8933.09
162,16,2.00,1,27.09,31.79,27.41,-7105.92,0.00,0.0,-656.25,,-7762.17
162,17,2.00,1,26.61,32.02,27.41,-7245.58,0.00,0.0,-1827.72,,-9073.3
162,18,2.00,1,25.76,32.11,27.41,-7013.21,0.00,0.0,-1707.54,,-8720.75
162,19,2.00,1,25.00,31.24,28.55,0.0,0.00,0.0,0.0,,0.0
162,20,2.00,1,23.88,30.74,28.56,0.0,0.00,0.0,0.0,,0.0
162,21,2.00,1,23.19,30.30,28.31,0.0,0.00,0.0,0.0,,0.0
162,22,2.00,1,23.06,29.90,28.03,0.0,0.00,0.0,0.0,,0.0
162,23,2.00,1,22.92,29.52,27.74,0.0,0.00,0.0,0.0,,0.0
162,24,2.00,1,22.47,29.15,27.45,0.0,0.00,0.0,0.0,,0.0
162,1,3.00,1,21.98,28.77,27.15,0.0,0.00,0.0,0.0,,0.0
162,2,3.00,1,21.54,28.40,26.85,0.0,0.00,0.0,0.0,,0.0
162,3,3.00,1,21.26,28.04,26.56,0.0,0.00,0.0,0.0,,0.0
162,4,3.00,1,20.97,27.69,26.28,0.0,0.00,0.0,0.0,,0.0
162,5,3.00,1,20.37,27.34,25.98,0.0,0.00,0.0,0.0,,0.0
162,6,3.00,1,19.78,26.97,25.68,0.0,0.00,0.0,0.0,,0.0
162,7,3.00,1,20.43,26.70,25.45,0.0,0.00,0.0,0.0,,0.0
162,8,3.00,1,21.89,28.24,27.05,0.0,0.00,0.0,0.0,,0.0
162,9,3.00,1,24.20,28.94,27.80,0.0,0.00,0.0,-0.0,,0.0
162,10,3.00,1,25.62,29.49,28.40,0.0,0.00,0.0,-0.0,,0.0
162,11,3.00,1,26.69,30.06,29.01,0.0,0.00,0.0,-0.0,,0.0
162,12,3.00,1,27.58,30.68,29.67,0.0,0.00,0.0,-0.0,,0.0
162,13,3.00,1,28.41,31.33,30.36,0.0,0.00,0.0,-0.0,,0.0
162,14,3.00,1,28.00,31.90,30.97,0.0,0.00,0.0,-0.0,,0.0
162,15,3.00,1,27.37,32.41,31.52,0.0,0.00,0.0,0.0,,0.0
162,16,3.00,1,26.81,32.86,32.00,0.0,0.00,0.0,0.0,,0.0
162,17,3.00,1,26.24,33.22,32.39,0.0,0.00,0.0,0.0,,0.0
162,18,3.00,1,25.45,33.46,32.67,0.0,0.00,0.0,0.0,,0.0
162,19,3.00,1,24.76,31.90,31.14,0.0,0.00,0.0,0.0,,0.0
162,20,3.00,1,23.74,31.24,30.50,0.0,0.00,0.0,0.0,,0.0
162,21,3.00,1,23.08,30.74,30.03,0.0,0.00,0.0,0.0,,0.0
162,22,3.00,1,22.54,30.28,29.59,0.0,0.00,0.0,0.0,,0.0
162,23,3.00,1,22.16,29.85,29.18,0.0,0.00,0.0,0.0,,0.0
162,24,3.00,1,21.46,29.40,28.76,0.0,0.00,0.0,0.0,,0.0
162,1,4.00,1,21.05,28.98,28.36,0.0,0.00,0.0,0.0,,0.0
162,2,4.00,1,20.50,28.55,27.95,0.0,0.00,0.0,0.0,,0.0
162,3,4.00,1,20.25,28.15,27.57,0.0,0.00,0.0,0.0,,0.0
162,4,4.00,1,19.77,27.75,27.19,0.0,0.00,0.0,0.0,,0.0
162,5,4.00,1,19.40,27.36,26.81,0.0,0.00,0.0,0.0,,0.0
162,6,4.00,1,18.93,26.97,26.44,0.0,0.00,0.0,0.0,,0.0
162,7,4.00,1,19.71,26.68,26.16,0.0,0.00,0.0,0.0,,0.0
162,8,4.00,1,20.99,28.18,27.69,0.0,0.00,0.0,0.0,,0.0
162,9,4.00,1,23.22,28.85,28.37,0.0,0.00,0.0,0.0,,0.0
162,10,4.00,1,24.79,29.39,28.92,0.0,0.00,0.0,-0.0,,0.0
162,11,4.00,1,25.74,29.93,29.47,0.0,0.00,0.0,-0.0,,0.0
162,12,4.00,1,26.46,30.50,30.06,0.0,0.00,0.0,-0.0,,0.0
162,13,4.00,1,27.50,31.13,30.70,0.0,0.00,0.0,-0.0,,0.0
162,14,4.00,1,27.26,31.70,31.28,0.0,0.00,0.0,0.0,,0.0
162,15,4.00,1,26.90,32.22,31.81,0.0,0.00,0.0,0.0,,0.0
162,16,4.00,1,26.57,32.68,32.28,0.0,0.00,0.0,0.0,,0.0
162,17,4.00,1,26.09,33.06,32.67,0.0,0.00,0.0,0.0,,0.0
162,18,4.00,1,25.19,33.30,32.92,0.0,0.00,0.0,0.0,,0.0
162,19,4.00,1,24.79,31.76,31.39,0.0,0.00,0.0,0.0,,0.0
162,20,4.00,1,23.85,31.12,30.75,0.0,0.00,0.0,0.0,,0.0
162,21,4.00,1,23.38,30.65,30.30,0.0,0.00,0.0,0.0,,0.0
162,22,4.00,1,22.80,30.21,29.87,0.0,0.00,0.0,0.0,,0.0
162,23,4.00,1,22.59,29.81,29.47,0.0,0.00,0.0,0.0,,0.0
162,24,4.00,1,22.31,29.42,29.09,0.0,0.00,0.0,0.0,,0.0
162,1,5.00,1,22.17,29.05,28.72,0.0,0.00,0.0,0.0,,0.0
162,2,5.00,1,21.73,28.68,28.36,0.0,0.00,0.0,0.0,,0.0
162,3,5.00,1,21.08,28.30,27.98,0.0,0.00,0.0,0.0,,0.0
162,4,5.00,1,20.47,27.91,27.60,0.0,0.00,0.0,0.0,,0.0
162,5,5.00,1,19.81,27.52,27.22,0.0,0.00,0.0,0.0,,0.0
162,6,5.00,1,19.68,27.16,26.87,0.0,0.00,0.0,0.0,,0.0
162,7,5.00,1,19.29,26.80,26.51,0.0,0.00,0.0,0.0,,0.0
162,8,5.00,1,20.32,27.45,27.19,0.0,0.00,0.0,0.0,,0.0
162,9,5.00,1,22.20,27.93,27.41,-780.97,0.00,0.0,0.0,,-780.97
162,10,5.00,1,23.36,28.37,27.41,-1874.62,0.00,0.0,0.0,,-1874.62
162,11,5.00,1,24.01,28.80,27.41,-2751.08,0.00,0.0,0.0,,-2751.08
162,12,5.00,1,24.37,29.22,27.41,-3559.18,0.00,0.0,-59.08,,-3618.2599999999998
162,13,5.00,1,25.15,29.73,27.41,-4567.66,0.00,0.0,-1275.31,,-5842.969999999999
162,14,5.00,1,25.47,30.20,27.41,-5352.68,0.00,0.0,-869.1,,-6221.780000000001
162,15,5.00,1,25.89,30.67,27.41,-6117.18,0.00,0.0,-1144.83,,-7262.01
162,16,5.00,1,26.43,31.14,27.41,-6839.49,0.00,0.0,-860.52,,-7700.01
162,17,5.00,1,25.99,31.42,27.41,-6992.72,0.00,0.0,-1754.16,,-8746.880000000001
162,18,5.00,1,25.25,31.55,27.41,-6810.15,0.00,0.0,-1163.86,,-7974.009999999999
162,19,5.00,1,24.62,30.71,28.53,0.0,0.00,0.0,0.0,,0.0
162,20,5.00,1,23.47,30.23,28.54,0.0,0.00,0.0,0.0,,0.0
162,21,5.00,1,22.57,29.80,28.27,0.0,0.00,0.0,0.0,,0.0
162,22,5.00,1,22.26,29.40,27.96,0.0,0.00,0.0,0.0,,0.0
162,23,5.00,1,22.12,29.03,27.66,0.0,0.00,0.0,0.0,,0.0
162,24,5.00,1,21.86,28.66,27.36,0.0,0.00,0.0,0.0,,0.0
162,1,6.00,1,21.20,28.28,27.04,0.0,0.00,0.0,0.0,,0.0
162,2,6.00,1,20.30,27.88,26.69,0.0,0.00,0.0,0.0,,0.0
162,3,6.00,1,19.59,27.48,26.34,0.0,0.00,0.0,0.0,,0.0
162,4,6.00,1,19.24,27.09,26.01,0.0,0.00,0.0,0.0,,0.0
162,5,6.00,1,19.59,26.77,25.73,0.0,0.00,0.0,0.0,,0.0
162,6,6.00,1,20.12,26.50,25.50,0.0,0.00,0.0,0.0,,0.0
162,7,6.00,1,20.51,26.26,25.30,0.0,0.00,0.0,0.0,,0.0
162,8,6.00,1,21.13,27.08,26.24,0.0,0.00,0.0,0.0,,0.0
162,9,6.00,1,23.28,27.69,26.91,0.0,0.00,0.0,0.0,,0.0
162,10,6.00,1,24.56,28.23,27.41,-235.19,0.00,0.0,0.0,,-235.19
162,11,6.00,1,25.45,28.77,27.41,-1841.91,0.00,0.0,0.0,,-1841.91
162,12,6.00,1,25.92,29.29,27.41,-3004.41,0.00,0.0,0.0,,-3004.41
162,13,6.00,1,26.63,29.87,27.41,-4245.39,0.00,0.0,-1035.46,,-5280.85
162,14,6.00,1,26.81,30.38,27.41,-5183.85,0.00,0.0,-571.59,,-5755.4400000000005
162,15,6.00,1,27.11,30.89,27.41,-6070.9,0.00,0.0,-978.98,,-7049.879999999999
162,16,6.00,1,27.73,31.41,27.41,-6973.85,0.00,0.0,-16.85,,-6990.700000000001
162,17,6.00,1,27.37,31.75,27.41,-7290.93,0.00,0.0,-1884.06,,-9174.99
162,18,6.00,1,26.66,31.93,27.41,-7231.94,0.00,0.0,-1142.08,,-8374.02
162,19,6.00,1,25.99,31.04,28.59,0.0,0.00,0.0,0.0,,0.0
162,20,6.00,1,25.20,30.61,28.67,0.0,0.00,0.0,0.0,,0.0
162,21,6.00,1,24.64,30.24,28.49,0.0,0.00,0.0,0.0,,0.0
162,22,6.00,1,24.10,29.88,28.23,0.0,0.00,0.0,0.0,,0.0
162,23,6.00,1,23.95,29.55,27.98,0.0,0.00,0.0,0.0,,0.0
162,24,6.00,1,23.47,29.22,27.72,0.0,0.00,0.0,0.0,,0.0
162,1,7.00,1,23.13,28.89,27.46,0.0,0.00,0.0,0.0,,0.0
162,2,7.00,1,22.39,28.54,27.17,0.0,0.00,0.0,0.0,,0.0
162,3,7.00,1,21.57,28.17,26.87,0.0,0.00,0.0,0.0,,0.0
162,4,7.00,1,20.77,27.80,26.55,0.0,0.00,0.0,0.0,,0.0
162,5,7.00,1,20.06,27.41,26.22,0.0,0.00,0.0,0.0,,0.0
162,6,7.00,1,20.64,27.12,25.97,0.0,0.00,0.0,0.0,,0.0
162,7,7.00,1,21.19,26.87,25.77,0.0,0.00,0.0,0.0,,0.0
162,8,7.00,1,21.85,27.69,26.73,0.0,0.00,0.0,0.0,,0.0
162,9,7.00,1,23.55,28.23,27.34,0.0,0.00,0.0,0.0,,0.0
162,10,7.00,1,25.38,28.82,27.41,-1633.7,0.00,0.0,0.0,,-1633.7
162,11,7.00,1,26.29,29.38,27.41,-2932.15,0.00,0.0,-273.27,,-3205.42
162,12,7.00,1,27.11,29.96,27.41,-4191.04,0.00,0.0,-977.87,,-5168.91
162,13,7.00,1,27.96,30.58,27.41,-5462.35,0.00,0.0,-2123.25,,-7585.6
162,14,7.00,1,27.70,31.05,27.41,-6189.14,0.00,0.0,-1867.81,,-8056.950000000001
162,15,7.00,1,27.40,31.46,27.41,-6768.87,0.00,0.0,-651.36,,-7420.23
162,16,7.00,1,27.34,31.84,27.41,-7299.24,0.00,0.0,-893.23,,-8192.47
162,17,7.00,1,26.96,32.12,27.41,-7506.52,0.00,0.0,-1637.89,,-9144.41
162,18,7.00,1,26.28,32.25,27.41,-7375.73,0.00,0.0,-272.75,,-7648.48
162,19,7.00,1,25.75,31.39,28.66,0.0,0.00,0.0,0.0,,0.0
162,20,7.00,1,24.71,30.92,28.73,0.0,0.00,0.0,0.0,,0.0
162,21,7.00,1,23.90,30.51,28.50,0.0,0.00,0.0,0.0,,0.0
162,22,7.00,1,23.32,30.10,28.21,0.0,0.00,0.0,0.0,,0.0
162,23,7.00,1,23.29,29.74,27.94,0.0,0.00,0.0,0.0,,0.0
162,24,7.00,1,23.13,29.39,27.67,0.0,0.00,0.0,0.0,,0.0
162,1,1.00,1,22.77,29.04,27.41,0.0,0.00,0.0,0.0,,0.0
162,2,1.00,1,22.18,28.68,27.12,0.0,0.00,0.0,0.0,,0.0
162,3,1.00,1,21.49,28.31,26.82,0.0,0.00,0.0,0.0,,0.0
162,4,1.00,1,20.32,27.90,26.48,0.0,0.00,0.0,0.0,,0.0
162,5,1.00,1,19.49,27.49,26.12,0.0,0.00,0.0,0.0,,0.0
162,6,1.00,1,19.91,27.16,25.85,0.0,0.00,0.0,0.0,,0.0
162,7,1.00,1,20.19,26.86,25.61,0.0,0.00,0.0,0.0,,0.0
162,8,1.00,1,21.05,27.59,26.50,0.0,0.00,0.0,0.0,,0.0
162,9,1.00,1,23.23,28.16,27.14,0.0,0.00,0.0,0.0,,0.0
162,10,1.00,1,24.38,28.64,27.41,-772.36,0.00,0.0,0.0,,-772.36
162,11,1.00,1,25.21,29.14,27.41,-2137.0,0.00,0.0,0.0,,-2137.0
162,12,1.00,1,26.45,29.74,27.41,-3570.3,0.00,0.0,-576.37,,-4146.67
162,13,1.00,1,27.17,30.33,27.41,-4793.96,0.00,0.0,-2200.91,,-6994.87
162,14,1.00,1,27.62,30.89,27.41,-5845.55,0.00,0.0,-2233.19,,-8078.74
162,15,1.00,1,28.48,31.50,27.41,-6987.45,0.00,0.0,-2449.06,,-9436.51
162,16,1.00,1,27.72,31.86,27.41,-7310.13,0.00,0.0,-2111.51,,-9421.64
162,17,1.00,1,27.02,32.10,27.41,-7429.19,0.00,0.0,-2837.82,,-10267.01
162,18,1.00,1,25.87,32.16,27.41,-7110.95,0.00,0.0,-1566.62,,-8677.57
162,19,1.00,1,25.00,31.28,28.58,0.0,0.00,0.0,0.0,,0.0
162,20,1.00,1,23.91,30.79,28.60,0.0,0.00,0.0,0.0,,0.0
162,21,1.00,1,22.96,30.34,28.34,0.0,0.00,0.0,0.0,,0.0
162,22,1.00,1,22.68,29.92,28.04,0.0,0.00,0.0,0.0,,0.0
162,23,1.00,1,22.61,29.54,27.75,0.0,0.00,0.0,0.0,,0.0
162,24,1.00,1,22.31,29.17,27.46,0.0,0.00,0.0,0.0,,0.0
162,1,2.00,1,21.68,28.78,27.15,0.0,0.00,0.0,0.0,,0.0
162,2,2.00,1,21.12,28.40,26.84,0.0,0.00,0.0,0.0,,0.0
162,3,2.00,1,20.60,28.02,26.52,0.0,0.00,0.0,0.0,,0.0
162,4,2.00,1,21.09,27.71,26.28,0.0,0.00,0.0,0.0,,0.0
162,5,2.00,1,21.57,27.44,26.07,0.0,0.00,0.0,0.0,,0.0
162,6,2.00,1,21.85,27.20,25.89,0.0,0.00,0.0,-0.0,,0.0
162,7,2.00,1,22.14,26.99,25.73,0.0,0.00,0.0,-0.0,,0.0
162,8,2.00,1,23.10,27.96,26.87,0.0,0.00,0.0,-378.58,,-378.58
162,9,2.00,1,24.93,28.59,27.41,-440.42,0.00,0.0,-456.7,,-897.12
162,10,2.00,1,25.75,29.08,27.41,-1915.18,0.00,0.0,-1043.19,,-2958.37
162,11,2.00,1,26.75,29.64,27.41,-3223.58,0.00,0.0,-915.12,,-4138.7
162,12,2.00,1,27.21,30.17,27.41,-4329.6,0.00,0.0,-1022.9,,-5352.5
162,13,2.00,1,28.15,30.79,27.41,-5633.57,0.00,0.0,-3291.73,,-8925.3
162,14,2.00,1,28.63,31.38,27.41,-6687.53,0.00,0.0,-2422.5,,-9110.029999999999
162,15,2.00,1,28.23,31.81,27.41,-7261.93,0.00,0.0,-2198.84,,-9460.77
162,16,2.00,1,27.78,32.16,27.41,-7648.35,0.00,0.0,-1471.88,,-9120.23
162,17,2.00,1,27.14,32.39,27.41,-7742.63,0.00,0.0,-1474.73,,-9217.36
162,18,2.00,1,26.33,32.49,27.41,-7539.18,0.00,0.0,-1165.9,,-8705.08
162,19,2.00,1,25.84,31.64,28.71,0.0,0.00,0.0,0.0,,0.0
162,20,2.00,1,24.91,31.17,28.80,0.0,0.00,0.0,0.0,,0.0
162,21,2.00,1,24.28,30.76,28.59,0.0,0.00,0.0,0.0,,0.0
162,22,2.00,1,23.45,30.34,28.29,0.0,0.00,0.0,0.0,,0.0
162,23,2.00,1,23.95,30.01,28.06,0.0,0.00,0.0,0.0,,0.0
162,24,2.00,1,23.58,29.66,27.80,0.0,0.00,0.0,0.0,,0.0
162,1,3.00,1,23.05,29.31,27.53,0.0,0.00,0.0,0.0,,0.0
162,2,3.00,1,22.41,28.94,27.25,0.0,0.00,0.0,0.0,,0.0
162,3,3.00,1,22.24,28.61,26.98,0.0,0.00,0.0,0.0,,0.0
162,4,3.00,1,21.73,28.26,26.71,0.0,0.00,0.0,0.0,,0.0
162,5,3.00,1,21.01,27.90,26.42,0.0,0.00,0.0,0.0,,0.0
162,6,3.00,1,20.52,27.55,26.13,0.0,0.00,0.0,0.0,,0.0
162,7,3.00,1,20.28,27.21,25.85,0.0,0.00,0.0,0.0,,0.0
162,8,3.00,1,21.19,28.68,27.38,0.0,0.00,0.0,0.0,,0.0
162,9,3.00,1,23.75,29.35,28.10,0.0,0.00,0.0,0.0,,0.0
162,10,3.00,1,25.26,29.88,28.68,0.0,0.00,0.0,-0.0,,0.0
162,11,3.00,1,26.27,30.42,29.26,0.0,0.00,0.0,-0.0,,0.0
162,12,3.00,1,27.34,31.02,29.91,0.0,0.00,0.0,-0.0,,0.0
162,13,3.00,1,28.11,31.64,30.58,0.0,0.00,0.0,-0.0,,0.0
162,14,3.00,1,28.74,32.27,31.25,0.0,0.00,0.0,-0.0,,0.0
162,15,3.00,1,28.39,32.83,31.85,0.0,0.00,0.0,0.0,,0.0
162,16,3.00,1,27.96,33.32,32.37,0.0,0.00,0.0,0.0,,0.0
162,17,3.00,1,27.56,33.73,32.81,0.0,0.00,0.0,0.0,,0.0
162,18,3.00,1,26.98,34.02,33.14,0.0,0.00,0.0,0.0,,0.0
162,19,3.00,1,26.23,32.50,31.65,0.0,0.00,0.0,0.0,,0.0
162,20,3.00,1,25.05,31.86,31.04,0.0,0.00,0.0,0.0,,0.0
162,21,3.00,1,24.41,31.39,30.60,0.0,0.00,0.0,0.0,,0.0
162,22,3.00,1,23.45,30.93,30.16,0.0,0.00,0.0,0.0,,0.0
162,23,3.00,1,23.94,30.56,29.82,0.0,0.00,0.0,0.0,,0.0
162,24,3.00,1,23.50,30.18,29.47,0.0,0.00,0.0,0.0,,0.0
162,1,4.00,1,22.84,29.79,29.10,0.0,0.00,0.0,0.0,,0.0
162,2,4.00,1,21.92,29.37,28.70,0.0,0.00,0.0,0.0,,0.0
162,3,4.00,1,20.97,28.94,28.29,0.0,0.00,0.0,0.0,,0.0
162,4,4.00,1,20.25,28.51,27.88,0.0,0.00,0.0,0.0,,0.0
162,5,4.00,1,19.51,28.07,27.46,0.0,0.00,0.0,0.0,,0.0
162,6,4.00,1,19.05,27.65,27.06,0.0,0.00,0.0,0.0,,0.0
162,7,4.00,1,19.76,27.32,26.75,0.0,0.00,0.0,0.0,,0.0
162,8,4.00,1,20.69,28.78,28.22,0.0,0.00,0.0,0.0,,0.0
162,9,4.00,1,23.02,29.41,28.87,0.0,0.00,0.0,0.0,,0.0
162,10,4.00,1,24.55,29.91,29.39,0.0,0.00,0.0,0.0,,0.0
162,11,4.00,1,25.75,30.44,29.93,0.0,0.00,0.0,0.0,,0.0
162,12,4.00,1,26.74,31.02,30.52,0.0,0.00,0.0,0.0,,0.0
162,13,4.00,1,27.54,31.63,31.14,0.0,0.00,0.0,-0.0,,0.0
162,14,4.00,1,28.25,32.25,31.77,0.0,0.00,0.0,-0.0,,0.0
162,15,4.00,1,28.95,32.87,32.41,0.0,0.00,0.0,0.0,,0.0
162,16,4.00,1,29.63,33.47,33.02,0.0,0.00,0.0,0.0,,0.0
162,17,4.00,1,29.01,33.93,33.49,0.0,0.00,0.0,0.0,,0.0
162,18,4.00,1,28.13,34.26,33.83,0.0,0.00,0.0,0.0,,0.0
162,19,4.00,1,27.32,32.77,32.35,0.0,0.00,0.0,0.0,,0.0
162,20,4.00,1,25.94,32.15,31.73,0.0,0.00,0.0,0.0,,0.0
162,21,4.00,1,24.79,31.66,31.26,0.0,0.00,0.0,0.0,,0.0
162,22,4.00,1,24.01,31.21,30.82,0.0,0.00,0.0,0.0,,0.0
162,23,4.00,1,23.40,30.78,30.39,0.0,0.00,0.0,0.0,,0.0
162,24,4.00,1,22.45,30.32,29.94,0.0,0.00,0.0,0.0,,0.0
162,1,5.00,1,21.60,29.86,29.49,0.0,0.00,0.0,0.0,,0.0
162,2,5.00,1,20.72,29.39,29.02,0.0,0.00,0.0,0.0,,0.0
162,3,5.00,1,19.72,28.90,28.54,0.0,0.00,0.0,0.0,,0.0
162,4,5.00,1,18.90,28.41,28.07,0.0,0.00,0.0,0.0,,0.0
162,5,5.00,1,18.08,27.93,27.58,0.0,0.00,0.0,0.0,,0.0
162,6,5.00,1,18.92,27.55,27.21,0.0,0.00,0.0,0.0,,0.0
162,7,5.00,1,19.72,27.24,26.91,0.0,0.00,0.0,0.0,,0.0
162,8,5.00,1,20.93,27.92,27.41,-618.38,0.00,0.0,0.0,,-618.38
162,9,5.00,1,23.35,28.51,27.41,-2185.69,0.00,0.0,0.0,,-2185.69
162,10,5.00,1,25.05,29.08,27.41,-3374.2,0.00,0.0,-808.78,,-4182.98
162,11,5.00,1,26.22,29.65,27.41,-4494.79,0.00,0.0,-1561.93,,-6056.72
162,12,5.00,1,27.33,30.27,27.41,-5682.81,0.00,0.0,-1790.45,,-7473.26
162,13,5.00,1,28.21,30.91,27.41,-6814.16,0.00,0.0,-3907.05,,-10721.21
162,14,5.00,1,27.89,31.38,27.41,-7385.48,0.00,0.0,-3361.34,,-10746.82
162,15,5.00,1,27.42,31.76,27.41,-7771.64,0.00,0.0,-1714.87,,-9486.51
162,16,5.00,1,27.11,32.09,27.41,-8078.48,0.00,0.0,-1719.61,,-9798.09
162,17,5.00,1,26.44,32.30,27.41,-8043.16,0.00,0.0,-1159.2,,-9202.36
162,18,5.00,1,25.54,32.37,27.41,-7694.15,0.00,0.0,-815.44,,-8509.59
162,19,5.00,1,24.84,31.53,28.80,0.0,0.00,0.0,0.0,,0.0
162,20,5.00,1,23.83,31.04,28.86,0.0,0.00,0.0,0.0,,0.0
162,21,5.00,1,22.99,30.59,28.61,0.0,0.00,0.0,0.0,,0.0
162,22,5.00,1,22.83,30.18,28.32,0.0,0.00,0.0,0.0,,0.0
162,23,5.00,1,22.30,29.77,28.00,0.0,0.00,0.0,0.0,,0.0
162,24,5.00,1,21.82,29.37,27.68,0.0,0.00,0.0,0.0,,0.0
162,1,6.00,1,21.25,28.96,27.35,0.0,0.00,0.0,0.0,,0.0
162,2,6.00,1,20.87,28.57,27.03,0.0,0.00,0.0,0.0,,0.0
162,3,6.00,1,20.17,28.16,26.69,0.0,0.00,0.0,0.0,,0.0
162,4,6.00,1,19.51,27.75,26.35,0.0,0.00,0.0,0.0,,0.0
162,5,6.00,1,18.80,27.34,25.99,0.0,0.00,0.0,0.0,,0.0
162,6,6.00,1,18.47,26.95,25.66,0.0,0.00,0.0,0.0,,0.0
162,7,6.00,1,18.05,26.56,25.33,0.0,0.00,0.0,0.0,,0.0
162,8,6.00,1,19.23,27.11,26.04,0.0,0.00,0.0,0.0,,0.0
162,9,6.00,1,21.78,27.67,26.67,0.0,0.00,0.0,0.0,,0.0
162,10,6.00,1,23.79,28.26,27.31,0.0,0.00,0.0,0.0,,0.0
162,11,6.00,1,25.10,28.85,27.41,-1533.4,0.00,0.0,0.0,,-1533.4
162,12,6.00,1,26.58,29.52,27.41,-3225.62,0.00,0.0,0.0,,-3225.62
162,13,6.00,1,27.75,30.22,27.41,-4745.44,0.00,0.0,-1884.55,,-6629.99
162,14,6.00,1,28.63,30.91,27.41,-6089.18,0.00,0.0,-3123.5,,-9212.68
162,15,6.00,1,28.63,31.45,27.41,-6958.14,0.00,0.0,-1498.49,,-8456.630000000001
162,16,6.00,1,28.54,31.92,27.41,-7628.15,0.00,0.0,-3095.75,,-10723.9
162,17,6.00,1,28.25,32.28,27.41,-7999.58,0.00,0.0,-1293.98,,-9293.56
162,18,6.00,1,27.92,32.54,27.41,-8131.61,0.00,0.0,-1768.68,,-9900.289999999999
162,19,6.00,1,27.36,31.64,28.83,0.0,0.00,0.0,0.0,,0.0
162,20,6.00,1,26.68,31.23,29.00,0.0,0.00,0.0,0.0,,0.0
162,21,6.00,1,26.00,30.89,28.86,0.0,0.00,0.0,0.0,,0.0
162,22,6.00,1,25.69,30.58,28.67,0.0,0.00,0.0,0.0,,0.0
162,23,6.00,1,25.34,30.27,28.45,0.0,0.00,0.0,0.0,,0.0
162,24,6.00,1,25.18,29.98,28.24,0.0,0.00,0.0,-0.0,,0.0
162,1,7.00,1,25.21,29.71,28.05,0.0,0.00,0.0,-0.0,,0.0
162,2,7.00,1,24.77,29.43,27.85,0.0,0.00,0.0,-0.0,,0.0
162,3,7.00,1,24.15,29.14,27.62,0.0,0.00,0.0,-0.0,,0.0
162,4,7.00,1,23.75,28.85,27.40,0.0,0.00,0.0,-0.0,,0.0
162,5,7.00,1,23.60,28.58,27.19,0.0,0.00,0.0,-0.0,,0.0
162,6,7.00,1,23.60,28.33,27.00,0.0,0.00,0.0,-0.0,,0.0
162,7,7.00,1,23.60,28.10,26.83,0.0,0.00,0.0,-0.0,,0.0
162,8,7.00,1,23.64,28.96,27.41,-1251.83,0.00,0.0,0.0,,-1251.83
162,9,7.00,1,25.12,29.48,27.41,-2647.68,0.00,0.0,-91.94,,-2739.62
162,10,7.00,1,26.37,29.98,27.41,-3749.4,0.00,0.0,-409.87,,-4159.27
162,11,7.00,1,26.59,30.40,27.41,-4514.95,0.00,0.0,-1248.67,,-5763.62
162,12,7.00,1,27.25,30.89,27.41,-5511.99,0.00,0.0,-1251.26,,-6763.25
162,13,7.00,1,27.84,31.42,27.41,-6494.05,0.00,0.0,-2481.22,,-8975.27
162,14,7.00,1,27.30,31.78,27.41,-6935.35,0.00,0.0,-2672.07,,-9607.42
162,15,7.00,1,26.63,32.06,27.41,-7200.83,0.00,0.0,0.0,,-7200.83
162,16,7.00,1,26.06,32.29,27.41,-7355.97,0.00,0.0,-965.01,,-8320.98
162,17,7.00,1,25.08,32.37,27.41,-7139.67,0.00,0.0,0.0,,-7139.67
162,18,7.00,1,23.90,32.31,27.41,-6615.3,0.00,0.0,0.0,,-6615.3
162,19,7.00,1,22.92,31.51,28.51,0.0,0.00,0.0,0.0,,0.0
162,20,7.00,1,21.82,30.96,28.46,0.0,0.00,0.0,0.0,,0.0
162,21,7.00,1,20.69,30.41,28.12,0.0,0.00,0.0,0.0,,0.0
162,22,7.00,1,19.93,29.88,27.71,0.0,0.00,0.0,0.0,,0.0
162,23,7.00,1,18.75,29.32,27.26,0.0,0.00,0.0,0.0,,0.0
162,24,7.00,1,17.51,28.74,26.77,0.0,0.00,0.0,0.0,,0.0
162,1,1.00,2,17.69,28.25,26.36,0.0,0.00,0.0,0.0,,0.0
162,2,1.00,2,17.87,27.80,26.00,0.0,0.00,0.0,0.0,,0.0
162,3,1.00,2,18.03,27.39,25.67,0.0,0.00,0.0,0.0,,0.0
162,4,1.00,2,18.46,27.03,25.38,0.0,0.00,0.0,0.0,,0.0
162,5,1.00,2,18.97,26.72,25.14,0.0,0.00,0.0,0.0,,0.0
162,6,1.00,2,19.48,26.44,24.93,0.0,0.00,0.0,0.0,,0.0
162,7,1.00,2,20.11,26.22,24.77,0.0,0.00,0.0,0.0,,0.0
162,8,1.00,2,20.58,26.98,25.72,0.0,0.00,0.0,0.0,,0.0
162,9,1.00,2,23.40,27.68,26.50,0.0,0.00,0.0,0.0,,0.0
162,10,1.00,2,25.12,28.31,26.98,-617.89,0.00,0.0,0.0,,-617.89
162,11,1.00,2,25.98,28.88,26.98,-2283.54,0.00,0.0,-754.35,,-3037.89
162,12,1.00,2,26.92,29.52,26.98,-3769.58,0.00,0.0,-1450.14,,-5219.72
162,13,1.00,2,27.44,30.16,26.98,-5101.02,0.00,0.0,-2807.65,,-7908.67
162,14,1.00,2,27.95,30.80,26.98,-6371.58,0.00,0.0,-3932.35,,-10303.93
162,15,1.00,2,28.37,31.42,26.98,-7480.91,0.00,0.0,-2604.43,,-10085.34
162,16,1.00,2,27.90,31.87,26.98,-8025.98,0.00,0.0,-4036.08,,-12062.06
162,17,1.00,2,27.18,32.15,26.98,-8183.34,0.00,0.0,-2053.08,,-10236.42
162,18,1.00,2,25.87,32.21,26.98,-7789.21,0.00,0.0,-824.74,,-8613.95
162,19,1.00,2,24.97,31.33,28.33,0.0,0.00,0.0,0.0,,0.0
162,20,1.00,2,23.78,30.81,28.39,0.0,0.00,0.0,0.0,,0.0
162,21,1.00,2,22.71,30.34,28.13,0.0,0.00,0.0,0.0,,0.0
162,22,1.00,2,22.38,29.92,27.82,0.0,0.00,0.0,0.0,,0.0
162,23,1.00,2,21.22,29.45,27.46,0.0,0.00,0.0,0.0,,0.0
162,24,1.00,2,20.31,28.98,27.08,0.0,0.00,0.0,0.0,,0.0
162,1,2.00,2,19.37,28.50,26.68,0.0,0.00,0.0,0.0,,0.0
162,2,2.00,2,19.11,28.06,26.32,0.0,0.00,0.0,0.0,,0.0
162,3,2.00,2,18.41,27.61,25.95,0.0,0.00,0.0,0.0,,0.0
162,4,2.00,2,17.73,27.16,25.57,0.0,0.00,0.0,0.0,,0.0
162,5,2.00,2,17.19,26.72,25.19,0.0,0.00,0.0,0.0,,0.0
162,6,2.00,2,17.82,26.37,24.90,0.0,0.00,0.0,0.0,,0.0
162,7,2.00,2,18.48,26.07,24.67,0.0,0.00,0.0,0.0,,0.0
162,8,2.00,2,19.50,26.73,25.51,0.0,0.00,0.0,0.0,,0.0
162,9,2.00,2,22.57,27.41,26.26,0.0,0.00,0.0,0.0,,0.0
162,10,2.00,2,24.43,28.04,26.95,0.0,0.00,0.0,0.0,,0.0
162,11,2.00,2,25.51,28.63,26.98,-1798.84,0.00,0.0,-247.95,,-2046.79
162,12,2.00,2,26.58,29.29,26.98,-3367.53,0.00,0.0,-937.56,,-4305.09
162,13,2.00,2,27.34,29.96,26.98,-4824.12,0.00,0.0,-3194.0,,-8018.12
162,14,2.00,2,27.88,30.63,26.98,-6134.07,0.00,0.0,-3827.29,,-9961.36
162,15,2.00,2,27.39,31.12,26.98,-6866.29,0.00,0.0,-1271.34,,-8137.63
162,16,2.00,2,27.13,31.55,26.98,-7472.94,0.00,0.0,-2700.7,,-10173.64
162,17,2.00,2,26.30,31.80,26.98,-7566.37,0.00,0.0,-576.73,,-8143.1
162,18,2.00,2,25.53,31.91,26.98,-7393.45,0.00,0.0,-85.81,,-7479.26
162,19,2.00,2,24.79,31.06,28.23,0.0,0.00,0.0,0.0,,0.0
162,20,2.00,2,23.86,30.58,28.29,0.0,0.00,0.0,0.0,,0.0
162,21,2.00,2,22.95,30.14,28.05,0.0,0.00,0.0,0.0,,0.0
162,22,2.00,2,22.18,29.71,27.73,0.0,0.00,0.0,0.0,,0.0
162,23,2.00,2,21.43,29.27,27.39,0.0,0.00,0.0,0.0,,0.0
162,24,2.00,2,20.72,28.84,27.04,0.0,0.00,0.0,0.0,,0.0
162,1,3.00,2,20.22,28.41,26.69,0.0,0.00,0.0,0.0,,0.0
162,2,3.00,2,19.44,27.98,26.33,0.0,0.00,0.0,0.0,,0.0
162,3,3.00,2,18.54,27.53,25.95,0.0,0.00,0.0,0.0,,0.0
162,4,3.00,2,18.26,27.12,25.60,0.0,0.00,0.0,0.0,,0.0
162,5,3.00,2,17.66,26.70,25.25,0.0,0.00,0.0,0.0,,0.0
162,6,3.00,2,18.20,26.36,24.97,0.0,0.00,0.0,0.0,,0.0
162,7,3.00,2,18.70,26.06,24.73,0.0,0.00,0.0,0.0,,0.0
162,8,3.00,2,19.70,27.56,26.27,0.0,0.00,0.0,0.0,,0.0
162,9,3.00,2,22.16,28.22,26.99,0.0,0.00,0.0,0.0,,0.0
162,10,3.00,2,23.89,28.76,27.58,0.0,0.00,0.0,0.0,,0.0
162,11,3.00,2,25.25,29.34,28.20,0.0,0.00,0.0,-0.0,,0.0
162,12,3.00,2,26.48,29.98,28.89,0.0,0.00,0.0,-0.0,,0.0
162,13,3.00,2,27.15,30.67,29.61,0.0,0.00,0.0,-0.0,,0.0
162,14,3.00,2,27.64,31.36,30.35,0.0,0.00,0.0,-0.0,,0.0
162,15,3.00,2,28.18,32.05,31.07,0.0,0.00,0.0,0.0,,0.0
162,16,3.00,2,28.69,32.71,31.76,0.0,0.00,0.0,0.0,,0.0
162,17,3.00,2,27.64,33.17,32.26,0.0,0.00,0.0,0.0,,0.0
162,18,3.00,2,26.66,33.49,32.61,0.0,0.00,0.0,0.0,,0.0
162,19,3.00,2,25.59,31.96,31.11,0.0,0.00,0.0,0.0,,0.0
162,20,3.00,2,24.71,31.33,30.51,0.0,0.00,0.0,0.0,,0.0
162,21,3.00,2,23.44,30.83,30.03,0.0,0.00,0.0,0.0,,0.0
162,22,3.00,2,22.53,30.36,29.59,0.0,0.00,0.0,0.0,,0.0
162,23,3.00,2,21.57,29.89,29.14,0.0,0.00,0.0,0.0,,0.0
162,24,3.00,2,20.59,29.40,28.67,0.0,0.00,0.0,0.0,,0.0
162,1,4.00,2,21.27,29.02,28.32,0.0,0.00,0.0,0.0,,0.0
162,2,4.00,2,20.29,28.59,27.91,0.0,0.00,0.0,0.0,,0.0
162,3,4.00,2,19.38,28.14,27.48,0.0,0.00,0.0,0.0,,0.0
162,4,4.00,2,19.13,27.73,27.09,0.0,0.00,0.0,0.0,,0.0
162,5,4.00,2,18.78,27.33,26.70,0.0,0.00,0.0,0.0,,0.0
162,6,4.00,2,18.00,26.91,26.30,0.0,0.00,0.0,0.0,,0.0
162,7,4.00,2,17.60,26.50,25.91,0.0,0.00,0.0,0.0,,0.0
162,8,4.00,2,18.66,27.92,27.35,0.0,0.00,0.0,0.0,,0.0
162,9,4.00,2,20.83,28.50,27.94,0.0,0.00,0.0,0.0,,0.0
162,10,4.00,2,22.78,28.99,28.44,0.0,0.00,0.0,0.0,,0.0
162,11,4.00,2,24.58,29.54,29.00,0.0,0.00,0.0,-0.0,,0.0
162,12,4.00,2,25.60,30.14,29.62,0.0,0.00,0.0,0.0,,0.0
162,13,4.00,2,26.42,30.79,30.28,0.0,0.00,0.0,0.0,,0.0
162,14,4.00,2,27.25,31.48,30.98,0.0,0.00,0.0,0.0,,0.0
162,15,4.00,2,26.78,32.08,31.59,0.0,0.00,0.0,0.0,,0.0
162,16,4.00,2,26.30,32.60,32.12,0.0,0.00,0.0,0.0,,0.0
162,17,4.00,2,25.76,33.01,32.54,0.0,0.00,0.0,0.0,,0.0
162,18,4.00,2,24.87,33.27,32.81,0.0,0.00,0.0,0.0,,0.0
162,19,4.00,2,24.12,31.70,31.26,0.0,0.00,0.0,0.0,,0.0
162,20,4.00,2,23.17,31.03,30.60,0.0,0.00,0.0,0.0,,0.0
162,21,4.00,2,22.50,30.53,30.11,0.0,0.00,0.0,0.0,,0.0
162,22,4.00,2,21.56,30.05,29.63,0.0,0.00,0.0,0.0,,0.0
162,23,4.00,2,21.48,29.62,29.21,0.0,0.00,0.0,0.0,,0.0
162,24,4.00,2,20.73,29.17,28.77,0.0,0.00,0.0,0.0,,0.0
162,1,5.00,2,20.16,28.73,28.34,0.0,0.00,0.0,0.0,,0.0
162,2,5.00,2,19.42,28.29,27.90,0.0,0.00,0.0,0.0,,0.0
162,3,5.00,2,18.79,27.84,27.46,0.0,0.00,0.0,0.0,,0.0
162,4,5.00,2,18.27,27.41,27.03,0.0,0.00,0.0,0.0,,0.0
162,5,5.00,2,17.72,26.98,26.61,0.0,0.00,0.0,0.0,,0.0
162,6,5.00,2,17.22,26.56,26.19,0.0,0.00,0.0,0.0,,0.0
162,7,5.00,2,16.84,26.15,25.79,0.0,0.00,0.0,0.0,,0.0
162,8,5.00,2,18.10,26.62,26.30,0.0,0.00,0.0,0.0,,0.0
162,9,5.00,2,20.45,27.10,26.79,0.0,0.00,0.0,0.0,,0.0
162,10,5.00,2,22.25,27.62,26.98,-976.1,0.00,0.0,0.0,,-976.1
162,11,5.00,2,24.26,28.26,26.98,-2618.05,0.00,0.0,0.0,,-2618.05
162,12,5.00,2,25.67,28.95,26.98,-4070.28,0.00,0.0,-279.77,,-4350.05
162,13,5.00,2,26.48,29.62,26.98,-5357.93,0.00,0.0,-194.92,,-5552.85
162,14,5.00,2,27.70,30.37,26.98,-6813.44,0.00,0.0,-780.25,,-7593.69
162,15,5.00,2,27.12,30.87,26.98,-7407.01,0.00,0.0,-2241.83,,-9648.84
162,16,5.00,2,26.67,31.28,26.98,-7842.6,0.00,0.0,-1370.6,,-9213.2
162,17,5.00,2,25.81,31.52,26.98,-7832.27,0.00,0.0,-1104.46,,-8936.73
162,18,5.00,2,24.77,31.59,26.98,-7459.31,0.00,0.0,-1149.47,,-8608.78
162,19,5.00,2,23.94,30.75,28.29,0.0,0.00,0.0,0.0,,0.0
162,20,5.00,2,22.91,30.25,28.33,0.0,0.00,0.0,0.0,,0.0
162,21,5.00,2,22.20,29.81,28.07,0.0,0.00,0.0,0.0,,0.0
162,22,5.00,2,21.28,29.36,27.72,0.0,0.00,0.0,0.0,,0.0
162,23,5.00,2,21.41,28.97,27.41,0.0,0.00,0.0,0.0,,0.0
162,24,5.00,2,20.91,28.57,27.08,0.0,0.00,0.0,0.0,,0.0
162,1,6.00,2,20.42,28.18,26.76,0.0,0.00,0.0,0.0,,0.0
162,2,6.00,2,19.85,27.79,26.42,0.0,0.00,0.0,0.0,,0.0
162,3,6.00,2,19.24,27.39,26.08,0.0,0.00,0.0,0.0,,0.0
162,4,6.00,2,18.84,27.01,25.76,0.0,0.00,0.0,0.0,,0.0
162,5,6.00,2,17.85,26.59,25.39,0.0,0.00,0.0,0.0,,0.0
162,6,6.00,2,16.76,26.15,25.00,0.0,0.00,0.0,0.0,,0.0
162,7,6.00,2,17.35,25.80,24.70,0.0,0.00,0.0,0.0,,0.0
162,8,6.00,2,18.34,26.35,25.38,0.0,0.00,0.0,0.0,,0.0
162,9,6.00,2,20.75,26.87,25.97,0.0,0.00,0.0,0.0,,0.0
162,10,6.00,2,22.13,27.35,26.50,0.0,0.00,0.0,0.0,,0.0
162,11,6.00,2,23.45,27.90,26.98,-297.72,0.00,0.0,0.0,,-297.72
162,12,6.00,2,24.21,28.45,26.98,-1920.15,0.00,0.0,0.0,,-1920.15
162,13,6.00,2,24.74,29.01,26.98,-3201.54,0.00,0.0,0.0,,-3201.54
162,14,6.00,2,25.38,29.61,26.98,-4482.03,0.00,0.0,0.0,,-4482.03
162,15,6.00,2,26.19,30.24,26.98,-5737.23,0.00,0.0,0.0,,-5737.23
162,16,6.00,2,26.90,30.85,26.98,-6806.65,0.00,0.0,-456.79,,-7263.44
162,17,6.00,2,26.28,31.19,26.98,-7076.12,0.00,0.0,-824.65,,-7900.7699999999995
162,18,6.00,2,25.36,31.33,26.98,-6922.2,0.00,0.0,-286.93,,-7209.13
162,19,6.00,2,24.48,30.46,28.09,0.0,0.00,0.0,0.0,,0.0
162,20,6.00,2,23.44,29.99,28.11,0.0,0.00,0.0,0.0,,0.0
162,21,6.00,2,22.79,29.58,27.87,0.0,0.00,0.0,0.0,,0.0
162,22,6.00,2,21.97,29.18,27.56,0.0,0.00,0.0,0.0,,0.0
162,23,6.00,2,22.12,28.83,27.29,0.0,0.00,0.0,0.0,,0.0
162,24,6.00,2,21.79,28.48,27.01,0.0,0.00,0.0,0.0,,0.0
162,1,7.00,2,20.99,28.10,26.70,0.0,0.00,0.0,0.0,,0.0
162,2,7.00,2,20.12,27.71,26.36,0.0,0.00,0.0,0.0,,0.0
162,3,7.00,2,19.12,27.29,26.00,0.0,0.00,0.0,0.0,,0.0
162,4,7.00,2,17.92,26.85,25.61,0.0,0.00,0.0,0.0,,0.0
162,5,7.00,2,17.14,26.41,25.22,0.0,0.00,0.0,0.0,,0.0
162,6,7.00,2,16.47,25.97,24.83,0.0,0.00,0.0,0.0,,0.0
162,7,7.00,2,15.95,25.55,24.45,0.0,0.00,0.0,0.0,,0.0
162,8,7.00,2,16.90,25.94,24.98,0.0,0.00,0.0,0.0,,0.0
162,9,7.00,2,19.38,26.41,25.51,0.0,0.00,0.0,0.0,,0.0
162,10,7.00,2,21.14,26.90,26.05,0.0,0.00,0.0,0.0,,0.0
162,11,7.00,2,23.14,27.53,26.72,0.0,0.00,0.0,0.0,,0.0
162,12,7.00,2,23.93,28.11,26.98,-1031.06,0.00,0.0,0.0,,-1031.06
162,13,7.00,2,24.49,28.69,26.98,-2545.78,0.00,0.0,0.0,,-2545.78
162,14,7.00,2,24.97,29.28,26.98,-3819.37,0.00,0.0,0.0,,-3819.37
162,15,7.00,2,25.81,29.91,26.98,-5135.19,0.00,0.0,0.0,,-5135.19
162,16,7.00,2,26.60,30.53,26.98,-6279.08,0.00,0.0,-512.86,,-6791.94
162,17,7.00,2,25.93,30.87,26.98,-6565.1,0.00,0.0,-423.32,,-6988.42
162,18,7.00,2,25.04,31.02,26.98,-6455.28,0.00,0.0,-154.92,,-6610.2
162,19,7.00,2,23.93,30.14,27.94,0.0,0.00,0.0,0.0,,0.0
162,20,7.00,2,22.78,29.65,27.91,0.0,0.00,0.0,0.0,,0.0
162,21,7.00,2,21.73,29.21,27.62,0.0,0.00,0.0,0.0,,0.0
162,22,7.00,2,21.03,28.78,27.29,0.0,0.00,0.0,0.0,,0.0
162,23,7.00,2,20.37,28.36,26.93,0.0,0.00,0.0,0.0,,0.0
162,24,7.00,2,19.74,27.94,26.57,0.0,0.00,0.0,0.0,,0.0
162,1,1.00,2,19.49,27.54,26.24,0.0,0.00,0.0,0.0,,0.0
162,2,1.00,2,19.15,27.16,25.91,0.0,0.00,0.0,0.0,,0.0
162,3,1.00,2,18.98,26.80,25.60,0.0,0.00,0.0,0.0,,0.0
162,4,1.00,2,18.59,26.44,25.29,0.0,0.00,0.0,0.0,,0.0
162,5,1.00,2,17.68,26.05,24.94,0.0,0.00,0.0,0.0,,0.0
162,6,1.00,2,16.98,25.66,24.59,0.0,0.00,0.0,0.0,,0.0
162,7,1.00,2,16.58,25.28,24.25,0.0,0.00,0.0,0.0,,0.0
162,8,1.00,2,15.96,25.55,24.65,0.0,0.00,0.0,0.0,,0.0
162,9,1.00,2,17.79,25.88,25.03,0.0,0.00,0.0,0.0,,0.0
162,10,1.00,2,19.77,26.34,25.54,0.0,0.00,0.0,0.0,,0.0
162,11,1.00,2,21.13,26.83,26.07,0.0,0.00,0.0,0.0,,0.0
162,12,1.00,2,22.20,27.38,26.65,0.0,0.00,0.0,0.0,,0.0
162,13,1.00,2,23.10,27.97,26.98,-860.72,0.00,0.0,0.0,,-860.72
162,14,1.00,2,24.16,28.63,26.98,-2628.15,0.00,0.0,0.0,,-2628.15
162,15,1.00,2,25.14,29.30,26.98,-4079.98,0.00,0.0,0.0,,-4079.98
162,16,1.00,2,26.08,29.95,26.98,-5363.77,0.00,0.0,-316.25,,-5680.02
162,17,1.00,2,25.82,30.37,26.98,-5900.6,0.00,0.0,-787.5,,-6688.1
162,18,1.00,2,25.22,30.60,26.98,-6007.75,0.00,0.0,-724.59,,-6732.34
162,19,1.00,2,24.41,29.73,27.81,0.0,0.00,0.0,0.0,,0.0
162,20,1.00,2,23.79,29.32,27.81,0.0,0.00,0.0,0.0,,0.0
162,21,1.00,2,23.33,28.98,27.61,0.0,0.00,0.0,0.0,,0.0
162,22,1.00,2,23.37,28.69,27.40,0.0,0.00,0.0,0.0,,0.0
162,23,1.00,2,23.11,28.40,27.17,0.0,0.00,0.0,0.0,,0.0
162,24,1.00,2,22.98,28.12,26.94,0.0,0.00,0.0,0.0,,0.0
162,1,2.00,2,22.67,27.85,26.72,0.0,0.00,0.0,-0.0,,0.0
162,2,2.00,2,22.75,27.61,26.52,0.0,0.00,0.0,-0.0,,0.0
162,3,2.00,2,22.76,27.38,26.33,0.0,0.00,0.0,-0.0,,0.0
162,4,2.00,2,22.77,27.16,26.16,0.0,0.00,0.0,-0.0,,0.0
162,5,2.00,2,22.50,26.94,25.98,0.0,0.00,0.0,-0.0,,0.0
162,6,2.00,2,22.25,26.73,25.79,0.0,0.00,0.0,-0.0,,0.0
162,7,2.00,2,22.34,26.53,25.64,0.0,0.00,0.0,-0.0,,0.0
162,8,2.00,2,22.49,27.46,26.68,0.0,0.00,0.0,-296.49,,-296.49
162,9,2.00,2,24.22,28.06,26.98,-987.44,0.00,0.0,-1030.19,,-2017.63
162,10,2.00,2,25.27,28.57,26.98,-2317.62,0.00,0.0,-1065.26,,-3382.88
162,11,2.00,2,25.68,29.04,26.98,-3285.02,0.00,0.0,-298.06,,-3583.08
162,12,2.00,2,25.77,29.49,26.98,-4178.48,0.00,0.0,-1071.86,,-5250.339999999999
162,13,2.00,2,25.91,29.98,26.98,-5112.24,0.00,0.0,-877.57,,-5989.8099999999995
162,14,2.00,2,25.40,30.38,26.98,-5716.39,0.00,0.0,-752.82,,-6469.21
162,15,2.00,2,24.57,30.67,26.98,-6033.42,0.00,0.0,-341.83,,-6375.25
162,16,2.00,2,23.88,30.89,26.98,-6202.63,0.00,0.0,0.0,,-6202.63
162,17,2.00,2,22.87,30.97,26.98,-5988.39,0.00,0.0,0.0,,-5988.39
162,18,2.00,2,21.54,30.87,26.98,-5364.6,0.00,0.0,0.0,,-5364.6
162,19,2.00,2,20.47,30.10,27.76,0.0,0.00,0.0,0.0,,0.0
162,20,2.00,2,19.21,29.51,27.58,0.0,0.00,0.0,0.0,,0.0
162,21,2.00,2,18.22,28.95,27.17,0.0,0.00,0.0,0.0,,0.0
162,22,2.00,2,17.67,28.41,26.72,0.0,0.00,0.0,0.0,,0.0
162,23,2.00,2,16.71,27.85,26.24,0.0,0.00,0.0,0.0,,0.0
162,24,2.00,2,15.99,27.30,25.77,0.0,0.00,0.0,0.0,,0.0
162,1,3.00,2,15.09,26.75,25.28,0.0,0.00,0.0,0.0,,0.0
162,2,3.00,2,15.73,26.31,24.90,0.0,0.00,0.0,0.0,,0.0
162,3,3.00,2,16.24,25.91,24.56,0.0,0.00,0.0,0.0,,0.0
162,4,3.00,2,17.04,25.59,24.30,0.0,0.00,0.0,0.0,,0.0
162,5,3.00,2,17.52,25.30,24.06,0.0,0.00,0.0,0.0,,0.0
162,6,3.00,2,17.93,25.04,23.85,0.0,0.00,0.0,0.0,,0.0
162,7,3.00,2,18.65,24.83,23.69,0.0,0.00,0.0,0.0,,0.0
162,8,3.00,2,19.08,26.35,25.25,0.0,0.00,0.0,0.0,,0.0
162,9,3.00,2,21.51,27.06,26.00,0.0,0.00,0.0,0.0,,0.0
162,10,3.00,2,23.14,27.63,26.62,0.0,0.00,0.0,-0.0,,0.0
162,11,3.00,2,24.20,28.22,27.24,0.0,0.00,0.0,-0.0,,0.0
162,12,3.00,2,25.25,28.87,27.92,0.0,0.00,0.0,-0.0,,0.0
162,13,3.00,2,26.01,29.56,28.65,0.0,0.00,0.0,0.0,,0.0
162,14,3.00,2,25.61,30.21,29.33,0.0,0.00,0.0,0.0,,0.0
162,15,3.00,2,25.04,30.79,29.95,0.0,0.00,0.0,0.0,,0.0
162,16,3.00,2,24.63,31.31,30.49,0.0,0.00,0.0,0.0,,0.0
162,17,3.00,2,23.75,31.69,30.90,0.0,0.00,0.0,0.0,,0.0
162,18,3.00,2,22.86,31.93,31.17,0.0,0.00,0.0,0.0,,0.0
162,19,3.00,2,22.02,30.35,29.61,0.0,0.00,0.0,0.0,,0.0
162,20,3.00,2,20.78,29.64,28.92,0.0,0.00,0.0,0.0,,0.0
162,21,3.00,2,19.71,29.09,28.39,0.0,0.00,0.0,0.0,,0.0
162,22,3.00,2,19.04,28.58,27.91,0.0,0.00,0.0,0.0,,0.0
162,23,3.00,2,18.35,28.08,27.43,0.0,0.00,0.0,0.0,,0.0
162,24,3.00,2,17.86,27.60,26.97,0.0,0.00,0.0,0.0,,0.0
162,1,4.00,2,17.24,27.13,26.52,0.0,0.00,0.0,0.0,,0.0
162,2,4.00,2,16.57,26.65,26.06,0.0,0.00,0.0,0.0,,0.0
162,3,4.00,2,15.76,26.17,25.59,0.0,0.00,0.0,0.0,,0.0
162,4,4.00,2,15.06,25.69,25.13,0.0,0.00,0.0,0.0,,0.0
162,5,4.00,2,14.48,25.22,24.67,0.0,0.00,0.0,0.0,,0.0
162,6,4.00,2,14.04,24.77,24.23,0.0,0.00,0.0,0.0,,0.0
162,7,4.00,2,14.98,24.42,23.90,0.0,0.00,0.0,0.0,,0.0
162,8,4.00,2,16.21,25.87,25.36,0.0,0.00,0.0,0.0,,0.0
162,9,4.00,2,18.51,26.48,25.98,0.0,0.00,0.0,0.0,,0.0
162,10,4.00,2,20.74,27.01,26.52,0.0,0.00,0.0,0.0,,0.0
162,11,4.00,2,22.01,27.55,27.08,0.0,0.00,0.0,0.0,,0.0
162,12,4.00,2,23.48,28.18,27.72,0.0,0.00,0.0,0.0,,0.0
162,13,4.00,2,24.48,28.87,28.42,0.0,0.00,0.0,0.0,,0.0
162,14,4.00,2,25.30,29.59,29.15,0.0,0.00,0.0,0.0,,0.0
162,15,4.00,2,24.65,30.20,29.77,0.0,0.00,0.0,0.0,,0.0
162,16,4.00,2,24.19,30.74,30.32,0.0,0.00,0.0,0.0,,0.0
162,17,4.00,2,23.21,31.13,30.72,0.0,0.00,0.0,0.0,,0.0
162,18,4.00,2,22.06,31.37,30.96,0.0,0.00,0.0,0.0,,0.0
162,19,4.00,2,21.22,29.78,29.39,0.0,0.00,0.0,0.0,,0.0
162,20,4.00,2,20.18,29.09,28.70,0.0,0.00,0.0,0.0,,0.0
162,21,4.00,2,19.21,28.55,28.17,0.0,0.00,0.0,0.0,,0.0
162,22,4.00,2,18.66,28.06,27.69,0.0,0.00,0.0,0.0,,0.0
162,23,4.00,2,18.07,27.59,27.22,0.0,0.00,0.0,0.0,,0.0
162,24,4.00,2,17.25,27.11,26.74,0.0,0.00,0.0,0.0,,0.0
162,1,5.00,2,16.40,26.62,26.26,0.0,0.00,0.0,0.0,,0.0
162,2,5.00,2,15.47,26.12,25.77,0.0,0.00,0.0,0.0,,0.0
162,3,5.00,2,14.67,25.62,25.27,0.0,0.00,0.0,0.0,,0.0
162,4,5.00,2,14.21,25.14,24.80,0.0,0.00,0.0,0.0,,0.0
162,5,5.00,2,14.87,24.75,24.42,0.0,0.00,0.0,0.0,,0.0
162,6,5.00,2,15.58,24.43,24.10,0.0,0.00,0.0,0.0,,0.0
162,7,5.00,2,16.30,24.16,23.83,0.0,0.00,0.0,0.0,,0.0
162,8,5.00,2,16.79,24.73,24.44,0.0,0.00,0.0,0.0,,0.0
162,9,5.00,2,18.74,25.22,24.93,0.0,0.00,0.0,0.0,,0.0
162,10,5.00,2,21.15,25.85,25.58,0.0,0.00,0.0,0.0,,0.0
162,11,5.00,2,22.53,26.47,26.20,0.0,0.00,0.0,0.0,,0.0
162,12,5.00,2,23.72,27.13,26.87,0.0,0.00,0.0,0.0,,0.0
162,13,5.00,2,24.60,27.82,26.98,-1685.58,0.00,0.0,0.0,,-1685.58
162,14,5.00,2,25.41,28.52,26.98,-3302.27,0.00,0.0,0.0,,-3302.27
162,15,5.00,2,25.05,29.05,26.98,-4210.73,0.00,0.0,0.0,,-4210.73
162,16,5.00,2,24.67,29.47,26.98,-4869.84,0.00,0.0,0.0,,-4869.84
162,17,5.00,2,24.08,29.76,26.98,-5152.72,0.00,0.0,0.0,,-5152.72
162,18,5.00,2,23.21,29.89,26.98,-5022.72,0.00,0.0,0.0,,-5022.72
162,19,5.00,2,22.37,29.06,27.59,0.0,0.00,0.0,0.0,,0.0
162,20,5.00,2,21.37,28.58,27.47,0.0,0.00,0.0,0.0,,0.0
162,21,5.00,2,20.53,28.16,27.15,0.0,0.00,0.0,0.0,,0.0
162,22,5.00,2,19.85,27.74,26.79,0.0,0.00,0.0,0.0,,0.0
162,23,5.00,2,19.36,27.34,26.43,0.0,0.00,0.0,0.0,,0.0
162,24,5.00,2,18.81,26.93,26.06,0.0,0.00,0.0,0.0,,0.0
162,1,6.00,2,18.30,26.54,25.70,0.0,0.00,0.0,0.0,,0.0
162,2,6.00,2,17.62,26.13,25.32,0.0,0.00,0.0,0.0,,0.0
162,3,6.00,2,16.96,25.72,24.95,0.0,0.00,0.0,0.0,,0.0
162,4,6.00,2,16.51,25.33,24.58,0.0,0.00,0.0,0.0,,0.0
162,5,6.00,2,16.08,24.94,24.22,0.0,0.00,0.0,0.0,,0.0
162,6,6.00,2,15.76,24.57,23.88,0.0,0.00,0.0,0.0,,0.0
162,7,6.00,2,16.37,24.27,23.60,0.0,0.00,0.0,0.0,,0.0
162,8,6.00,2,16.92,24.84,24.25,0.0,0.00,0.0,0.0,,0.0
162,9,6.00,2,19.24,25.37,24.82,0.0,0.00,0.0,0.0,,0.0
162,10,6.00,2,21.14,25.94,25.41,0.0,0.00,0.0,0.0,,0.0
162,11,6.00,2,22.92,26.60,26.09,0.0,0.00,0.0,0.0,,0.0
162,12,6.00,2,24.28,27.30,26.82,0.0,0.00,0.0,0.0,,0.0
162,13,6.00,2,25.05,27.99,26.98,-1580.15,0.00,0.0,0.0,,-1580.15
162,14,6.00,2,25.76,28.69,26.98,-3234.5,0.00,0.0,0.0,,-3234.5
162,15,6.00,2,25.28,29.20,26.98,-4132.7,0.00,0.0,0.0,,-4132.7
162,16,6.00,2,24.40,29.54,26.98,-4596.86,0.00,0.0,0.0,,-4596.86
162,17,6.00,2,23.77,29.79,26.98,-4862.06,0.00,0.0,0.0,,-4862.06
162,18,6.00,2,22.64,29.85,26.98,-4605.89,0.00,0.0,0.0,,-4605.89
162,19,6.00,2,21.89,29.04,27.49,0.0,0.00,0.0,0.0,,0.0
162,20,6.00,2,20.94,28.56,27.34,0.0,0.00,0.0,0.0,,0.0
162,21,6.00,2,20.09,28.12,27.00,0.0,0.00,0.0,0.0,,0.0
162,22,6.00,2,19.55,27.69,26.64,0.0,0.00,0.0,0.0,,0.0
162,23,6.00,2,19.29,27.29,26.28,0.0,0.00,0.0,0.0,,0.0
162,24,6.00,2,18.48,26.87,25.91,0.0,0.00,0.0,0.0,,0.0
162,1,7.00,2,17.81,26.45,25.52,0.0,0.00,0.0,0.0,,0.0
162,2,7.00,2,17.26,26.04,25.15,0.0,0.00,0.0,0.0,,0.0
162,3,7.00,2,16.83,25.64,24.78,0.0,0.00,0.0,0.0,,0.0
162,4,7.00,2,16.34,25.24,24.42,0.0,0.00,0.0,0.0,,0.0
162,5,7.00,2,15.83,24.84,24.05,0.0,0.00,0.0,0.0,,0.0
162,6,7.00,2,16.60,24.54,23.78,0.0,0.00,0.0,0.0,,0.0
162,7,7.00,2,17.52,24.31,23.58,0.0,0.00,0.0,0.0,,0.0
162,8,7.00,2,17.83,24.98,24.34,0.0,0.00,0.0,0.0,,0.0
162,9,7.00,2,19.94,25.53,24.92,0.0,0.00,0.0,0.0,,0.0
162,10,7.00,2,22.07,26.16,25.58,0.0,0.00,0.0,0.0,,0.0
162,11,7.00,2,24.09,26.89,26.34,0.0,0.00,0.0,0.0,,0.0
162,12,7.00,2,25.17,27.60,26.98,-258.53,0.00,0.0,0.0,,-258.53
162,13,7.00,2,26.01,28.32,26.98,-2332.17,0.00,0.0,0.0,,-2332.17
162,14,7.00,2,26.66,29.03,26.98,-3886.31,0.00,0.0,0.0,,-3886.31
162,15,7.00,2,26.25,29.57,26.98,-4824.69,0.00,0.0,0.0,,-4824.69
162,16,7.00,2,25.61,29.98,26.98,-5409.64,0.00,0.0,0.0,,-5409.64
162,17,7.00,2,25.04,30.28,26.98,-5723.99,0.00,0.0,0.0,,-5723.99
162,18,7.00,2,23.95,30.37,26.98,-5509.16,0.00,0.0,0.0,,-5509.16
162,19,7.00,2,23.05,29.51,27.70,0.0,0.00,0.0,0.0,,0.0
162,20,7.00,2,21.79,29.01,27.59,0.0,0.00,0.0,0.0,,0.0
162,21,7.00,2,20.78,28.56,27.27,0.0,0.00,0.0,0.0,,0.0
162,22,7.00,2,20.64,28.16,26.94,0.0,0.00,0.0,0.0,,0.0
162,23,7.00,2,20.01,27.75,26.59,0.0,0.00,0.0,0.0,,0.0
162,24,7.00,2,19.61,27.35,26.24,0.0,0.00,0.0,0.0,,0.0
162,1,1.00,2,18.96,26.95,25.89,0.0,0.00,0.0,0.0,,0.0
162,2,1.00,2,18.03,26.53,25.51,0.0,0.00,0.0,0.0,,0.0
162,3,1.00,2,17.29,26.11,25.12,0.0,0.00,0.0,0.0,,0.0
162,4,1.00,2,16.48,25.67,24.73,0.0,0.00,0.0,0.0,,0.0
162,5,1.00,2,15.86,25.25,24.34,0.0,0.00,0.0,0.0,,0.0
162,6,1.00,2,16.48,24.91,24.04,0.0,0.00,0.0,0.0,,0.0
162,7,1.00,2,17.21,24.63,23.80,0.0,0.00,0.0,0.0,,0.0
162,8,1.00,2,17.87,25.27,24.54,0.0,0.00,0.0,0.0,,0.0
162,9,1.00,2,20.18,25.83,25.14,0.0,0.00,0.0,0.0,,0.0
162,10,1.00,2,22.34,26.46,25.80,0.0,0.00,0.0,0.0,,0.0
162,11,1.00,2,24.05,27.14,26.51,0.0,0.00,0.0,0.0,,0.0
162,12,1.00,2,25.47,27.87,26.98,-849.72,0.00,0.0,0.0,,-849.72
162,13,1.00,2,26.34,28.60,26.98,-2804.74,0.00,0.0,0.0,,-2804.74
162,14,1.00,2,26.97,29.31,26.98,-4318.01,0.00,0.0,-153.04,,-4471.05
162,15,1.00,2,26.51,29.84,26.98,-5207.31,0.00,0.0,-1238.92,,-6446.2300000000005
162,16,1.00,2,26.11,30.28,26.98,-5873.54,0.00,0.0,-329.15,,-6202.69
162,17,1.00,2,25.21,30.53,26.98,-6033.05,0.00,0.0,-319.84,,-6352.89
162,18,1.00,2,23.99,30.60,26.98,-5733.89,0.00,0.0,-483.65,,-6217.54
162,19,1.00,2,22.99,29.73,27.76,0.0,0.00,0.0,0.0,,0.0
162,20,1.00,2,21.92,29.23,27.67,0.0,0.00,0.0,0.0,,0.0
162,21,1.00,2,21.15,28.79,27.37,0.0,0.00,0.0,0.0,,0.0
162,22,1.00,2,20.42,28.35,27.01,0.0,0.00,0.0,0.0,,0.0
162,23,1.00,2,19.49,27.89,26.62,0.0,0.00,0.0,0.0,,0.0
162,24,1.00,2,18.83,27.45,26.23,0.0,0.00,0.0,0.0,,0.0
162,1,2.00,2,17.95,26.99,25.82,0.0,0.00,0.0,0.0,,0.0
162,2,2.00,2,17.14,26.53,25.41,0.0,0.00,0.0,0.0,,0.0
162,3,2.00,2,16.35,26.07,24.99,0.0,0.00,0.0,0.0,,0.0
162,4,2.00,2,15.98,25.63,24.60,0.0,0.00,0.0,0.0,,0.0
162,5,2.00,2,15.48,25.20,24.21,0.0,0.00,0.0,0.0,,0.0
162,6,2.00,2,15.02,24.77,23.82,0.0,0.00,0.0,0.0,,0.0
162,7,2.00,2,16.06,24.46,23.55,0.0,0.00,0.0,0.0,,0.0
162,8,2.00,2,17.11,25.04,24.24,0.0,0.00,0.0,0.0,,0.0
162,9,2.00,2,19.75,25.62,24.87,0.0,0.00,0.0,0.0,,0.0
162,10,2.00,2,22.13,26.28,25.57,0.0,0.00,0.0,0.0,,0.0
162,11,2.00,2,23.73,26.95,26.27,0.0,0.00,0.0,0.0,,0.0
162,12,2.00,2,25.17,27.69,26.98,-167.72,0.00,0.0,0.0,,-167.72
162,13,2.00,2,26.30,28.45,26.98,-2415.92,0.00,0.0,0.0,,-2415.92
162,14,2.00,2,27.13,29.20,26.98,-4073.65,0.00,0.0,-338.05,,-4411.7
162,15,2.00,2,26.50,29.73,26.98,-4946.24,0.00,0.0,-1022.27,,-5968.51
162,16,2.00,2,26.05,30.17,26.98,-5627.08,0.00,0.0,0.0,,-5627.08
162,17,2.00,2,25.34,30.46,26.98,-5899.44,0.00,0.0,0.0,,-5899.44
162,18,2.00,2,24.21,30.55,26.98,-5676.91,0.00,0.0,0.0,,-5676.91
162,19,2.00,2,23.36,29.69,27.75,0.0,0.00,0.0,0.0,,0.0
162,20,2.00,2,22.09,29.19,27.65,0.0,0.00,0.0,0.0,,0.0
162,21,2.00,2,21.02,28.73,27.33,0.0,0.00,0.0,0.0,,0.0
162,22,2.00,2,20.60,28.31,26.99,0.0,0.00,0.0,0.0,,0.0
162,23,2.00,2,19.66,27.86,26.60,0.0,0.00,0.0,0.0,,0.0
162,24,2.00,2,19.00,27.43,26.22,0.0,0.00,0.0,0.0,,0.0
162,1,3.00,2,18.32,26.99,25.84,0.0,0.00,0.0,0.0,,0.0
162,2,3.00,2,17.62,26.55,25.45,0.0,0.00,0.0,0.0,,0.0
162,3,3.00,2,16.79,26.11,25.04,0.0,0.00,0.0,0.0,,0.0
162,4,3.00,2,15.80,25.64,24.62,0.0,0.00,0.0,0.0,,0.0
162,5,3.00,2,15.08,25.18,24.20,0.0,0.00,0.0,0.0,,0.0
162,6,3.00,2,15.75,24.82,23.87,0.0,0.00,0.0,0.0,,0.0
162,7,3.00,2,16.52,24.52,23.61,0.0,0.00,0.0,0.0,,0.0
162,8,3.00,2,17.15,25.98,25.10,0.0,0.00,0.0,0.0,,0.0
162,9,3.00,2,19.31,26.59,25.75,0.0,0.00,0.0,0.0,,0.0
162,10,3.00,2,21.77,27.15,26.34,0.0,0.00,0.0,0.0,,0.0
162,11,3.00,2,23.10,27.72,26.94,0.0,0.00,0.0,0.0,,0.0
162,12,3.00,2,24.11,28.35,27.59,0.0,0.00,0.0,-0.0,,0.0
162,13,3.00,2,25.42,29.06,28.34,0.0,0.00,0.0,0.0,,0.0
162,14,3.00,2,26.23,29.80,29.10,0.0,0.00,0.0,0.0,,0.0
162,15,3.00,2,26.77,30.51,29.83,0.0,0.00,0.0,0.0,,0.0
162,16,3.00,2,27.37,31.19,30.53,0.0,0.00,0.0,0.0,,0.0
162,17,3.00,2,26.61,31.70,31.07,0.0,0.00,0.0,0.0,,0.0
162,18,3.00,2,25.51,32.05,31.43,0.0,0.00,0.0,0.0,,0.0
162,19,3.00,2,24.50,30.55,29.95,0.0,0.00,0.0,0.0,,0.0
162,20,3.00,2,23.44,29.93,29.35,0.0,0.00,0.0,0.0,,0.0
162,21,3.00,2,22.59,29.47,28.91,0.0,0.00,0.0,0.0,,0.0
162,22,3.00,2,21.76,29.04,28.50,0.0,0.00,0.0,0.0,,0.0
162,23,3.00,2,21.24,28.63,28.10,0.0,0.00,0.0,0.0,,0.0
162,24,3.00,2,20.44,28.21,27.69,0.0,0.00,0.0,0.0,,0.0
162,1,4.00,2,19.72,27.78,27.28,0.0,0.00,0.0,0.0,,0.0
162,2,4.00,2,18.95,27.35,26.87,0.0,0.00,0.0,0.0,,0.0
162,3,4.00,2,18.04,26.91,26.43,0.0,0.00,0.0,0.0,,0.0
162,4,4.00,2,17.20,26.45,25.99,0.0,0.00,0.0,0.0,,0.0
162,5,4.00,2,16.22,25.99,25.54,0.0,0.00,0.0,0.0,,0.0
162,6,4.00,2,16.99,25.63,25.19,0.0,0.00,0.0,0.0,,0.0
162,7,4.00,2,17.63,25.33,24.90,0.0,0.00,0.0,0.0,,0.0
162,8,4.00,2,18.31,26.78,26.36,0.0,0.00,0.0,0.0,,0.0
162,9,4.00,2,20.76,27.42,27.01,0.0,0.00,0.0,0.0,,0.0
162,10,4.00,2,22.78,27.96,27.56,0.0,0.00,0.0,0.0,,0.0
162,11,4.00,2,24.14,28.53,28.13,0.0,0.00,0.0,0.0,,0.0
162,12,4.00,2,25.37,29.16,28.78,0.0,0.00,0.0,0.0,,0.0
162,13,4.00,2,26.17,29.85,29.47,0.0,0.00,0.0,0.0,,0.0
162,14,4.00,2,26.78,30.55,30.19,0.0,0.00,0.0,0.0,,0.0
162,15,4.00,2,26.55,31.19,30.83,0.0,0.00,0.0,0.0,,0.0
162,16,4.00,2,26.47,31.77,31.41,0.0,0.00,0.0,0.0,,0.0
162,17,4.00,2,26.11,32.23,31.89,0.0,0.00,0.0,0.0,,0.0
162,18,4.00,2,25.51,32.56,32.22,0.0,0.00,0.0,0.0,,0.0
162,19,4.00,2,24.71,31.05,30.71,0.0,0.00,0.0,0.0,,0.0
162,20,4.00,2,23.62,30.41,30.09,0.0,0.00,0.0,0.0,,0.0
162,21,4.00,2,22.94,29.95,29.63,0.0,0.00,0.0,0.0,,0.0
162,22,4.00,2,22.96,29.57,29.26,0.0,0.00,0.0,0.0,,0.0
162,23,4.00,2,22.65,29.20,28.89,0.0,0.00,0.0,0.0,,0.0
162,24,4.00,2,22.19,28.84,28.53,0.0,0.00,0.0,0.0,,0.0
162,1,5.00,2,21.71,28.47,28.17,0.0,0.00,0.0,0.0,,0.0
162,2,5.00,2,21.21,28.10,27.81,0.0,0.00,0.0,0.0,,0.0
162,3,5.00,2,20.74,27.74,27.45,0.0,0.00,0.0,0.0,,0.0
162,4,5.00,2,20.24,27.38,27.09,0.0,0.00,0.0,0.0,,0.0
162,5,5.00,2,19.97,27.04,26.75,0.0,0.00,0.0,0.0,,0.0
162,6,5.00,2,19.70,26.71,26.43,0.0,0.00,0.0,0.0,,0.0
162,7,5.00,2,19.28,26.37,26.10,0.0,0.00,0.0,0.0,,0.0
162,8,5.00,2,20.42,27.09,26.84,0.0,0.00,0.0,0.0,,0.0
162,9,5.00,2,22.93,27.70,26.98,-1387.79,0.00,0.0,-266.88,,-1654.67
162,10,5.00,2,24.59,28.27,26.98,-2706.25,0.00,0.0,-1263.66,,-3969.91
162,11,5.00,2,25.82,28.86,26.98,-3915.18,0.00,0.0,-1327.42,,-5242.6
162,12,5.00,2,26.69,29.48,26.98,-5100.71,0.00,0.0,-1441.38,,-6542.09
162,13,5.00,2,27.44,30.13,26.98,-6305.31,0.00,0.0,-2177.79,,-8483.1
162,14,5.00,2,27.23,30.66,26.98,-7067.08,0.00,0.0,-1375.49,,-8442.57
162,15,5.00,2,26.94,31.12,26.98,-7669.66,0.00,0.0,-1948.71,,-9618.369999999999
162,16,5.00,2,26.76,31.53,26.98,-8128.78,0.00,0.0,-1548.2,,-9676.98
162,17,5.00,2,26.20,31.79,26.98,-8195.03,0.00,0.0,-2134.04,,-10329.07
162,18,5.00,2,25.13,31.85,26.98,-7780.86,0.00,0.0,-2197.76,,-9978.619999999999
162,19,5.00,2,24.15,30.98,28.36,0.0,0.00,0.0,0.0,,0.0
162,20,5.00,2,23.06,30.46,28.40,0.0,0.00,0.0,0.0,,0.0
162,21,5.00,2,22.42,30.01,28.14,0.0,0.00,0.0,0.0,,0.0
162,22,5.00,2,22.35,29.60,27.84,0.0,0.00,0.0,0.0,,0.0
162,23,5.00,2,21.72,29.19,27.51,0.0,0.00,0.0,0.0,,0.0
162,24,5.00,2,21.31,28.78,27.19,0.0,0.00,0.0,0.0,,0.0
162,1,6.00,2,21.02,28.40,26.88,0.0,0.00,0.0,0.0,,0.0
162,2,6.00,2,20.70,28.03,26.57,0.0,0.00,0.0,0.0,,0.0
162,3,6.00,2,20.56,27.67,26.29,0.0,0.00,0.0,0.0,,0.0
162,4,6.00,2,19.82,27.30,25.97,0.0,0.00,0.0,0.0,,0.0
162,5,6.00,2,19.32,26.93,25.66,0.0,0.00,0.0,0.0,,0.0
162,6,6.00,2,19.69,26.62,25.41,0.0,0.00,0.0,0.0,,0.0
162,7,6.00,2,19.99,26.35,25.19,0.0,0.00,0.0,0.0,,0.0
162,8,6.00,2,20.83,27.12,26.10,0.0,0.00,0.0,0.0,,0.0
162,9,6.00,2,22.27,27.59,26.64,0.0,0.00,0.0,0.0,,0.0
162,10,6.00,2,23.50,28.06,26.98,-524.22,0.00,0.0,0.0,,-524.22
162,11,6.00,2,24.90,28.62,26.98,-2147.37,0.00,0.0,0.0,,-2147.37
162,12,6.00,2,25.63,29.18,26.98,-3407.55,0.00,0.0,0.0,,-3407.55
162,13,6.00,2,26.07,29.75,26.98,-4581.97,0.00,0.0,-177.07,,-4759.04
162,14,6.00,2,26.43,30.31,26.98,-5676.16,0.00,0.0,-188.81,,-5864.97
162,15,6.00,2,26.95,30.89,26.98,-6736.46,0.00,0.0,-1233.79,,-7970.25
162,16,6.00,2,27.30,31.42,26.98,-7569.23,0.00,0.0,-1437.61,,-9006.84
162,17,6.00,2,27.08,31.79,26.98,-7934.38,0.00,0.0,-1977.34,,-9911.72
162,18,6.00,2,26.05,31.91,26.98,-7684.21,0.00,0.0,-2305.11,,-9989.32
162,19,6.00,2,25.05,31.01,28.28,0.0,0.00,0.0,0.0,,0.0
162,20,6.00,2,24.23,30.53,28.36,0.0,0.00,0.0,0.0,,0.0
162,21,6.00,2,23.94,30.15,28.17,0.0,0.00,0.0,0.0,,0.0
162,22,6.00,2,24.26,29.83,27.96,0.0,0.00,0.0,0.0,,0.0
162,23,6.00,2,23.87,29.50,27.72,0.0,0.00,0.0,0.0,,0.0
162,24,6.00,2,23.72,29.18,27.49,0.0,0.00,0.0,0.0,,0.0
162,1,7.00,2,23.54,28.89,27.27,0.0,0.00,0.0,-0.0,,0.0
162,2,7.00,2,23.73,28.62,27.08,0.0,0.00,0.0,-0.0,,0.0
162,3,7.00,2,23.82,28.38,26.90,0.0,0.00,0.0,-0.0,,0.0
162,4,7.00,2,23.71,28.14,26.73,0.0,0.00,0.0,-0.0,,0.0
162,5,7.00,2,23.83,27.93,26.57,0.0,0.00,0.0,-0.0,,0.0
162,6,7.00,2,23.64,27.71,26.41,0.0,0.00,0.0,0.0,,0.0
162,7,7.00,2,23.89,27.53,26.29,0.0,0.00,0.0,-0.0,,0.0
162,8,7.00,2,23.37,28.41,26.98,-997.7,0.00,0.0,0.0,,-997.7
162,9,7.00,2,24.88,28.94,26.98,-2494.34,0.00,0.0,-445.91,,-2940.25
162,10,7.00,2,25.98,29.43,26.98,-3548.43,0.00,0.0,-215.52,,-3763.95
162,11,7.00,2,26.27,29.85,26.98,-4358.59,0.00,0.0,0.0,,-4358.59
162,12,7.00,2,25.73,30.18,26.98,-4878.53,0.00,0.0,-197.23,,-5075.759999999999
162,13,7.00,2,25.29,30.52,26.98,-5437.68,0.00,0.0,-140.0,,-5577.68
162,14,7.00,2,24.70,30.82,26.98,-5868.9,0.00,0.0,0.0,,-5868.9
162,15,7.00,2,24.54,31.14,26.98,-6367.54,0.00,0.0,0.0,,-6367.54
162,16,7.00,2,24.25,31.40,26.98,-6656.79,0.00,0.0,0.0,,-6656.79
162,17,7.00,2,23.71,31.55,26.98,-6624.47,0.00,0.0,0.0,,-6624.47
162,18,7.00,2,22.65,31.50,26.98,-6125.77,0.00,0.0,0.0,,-6125.77
162,19,7.00,2,21.58,30.71,27.95,0.0,0.00,0.0,0.0,,0.0
162,20,7.00,2,20.46,30.14,27.84,0.0,0.00,0.0,0.0,,0.0
162,21,7.00,2,19.62,29.60,27.48,0.0,0.00,0.0,0.0,,0.0
162,22,7.00,2,19.29,29.09,27.09,0.0,0.00,0.0,0.0,,0.0
162,23,7.00,2,18.18,28.55,26.64,0.0,0.00,0.0,0.0,,0.0
162,24,7.00,2,17.55,28.03,26.21,0.0,0.00,0.0,0.0,,0.0
162,1,1.00,2,17.45,27.55,25.81,0.0,0.00,0.0,0.0,,0.0
162,2,1.00,2,17.35,27.11,25.44,0.0,0.00,0.0,0.0,,0.0
162,3,1.00,2,17.50,26.70,25.11,0.0,0.00,0.0,0.0,,0.0
162,4,1.00,2,17.49,26.32,24.79,0.0,0.00,0.0,0.0,,0.0
162,5,1.00,2,17.46,25.96,24.50,0.0,0.00,0.0,0.0,,0.0
162,6,1.00,2,17.48,25.62,24.22,0.0,0.00,0.0,0.0,,0.0
162,7,1.00,2,18.20,25.35,24.01,0.0,0.00,0.0,0.0,,0.0
162,8,1.00,2,18.98,26.04,24.87,0.0,0.00,0.0,0.0,,0.0
162,9,1.00,2,21.15,26.60,25.50,0.0,0.00,0.0,0.0,,0.0
162,10,1.00,2,23.54,27.27,26.23,0.0,0.00,0.0,0.0,,0.0
162,11,1.00,2,26.03,28.09,26.98,-351.67,0.00,0.0,0.0,,-351.67
162,12,1.00,2,28.18,28.99,26.98,-3017.31,0.00,0.0,-1928.02,,-4945.33
162,13,1.00,2,27.43,29.55,26.98,-4038.64,0.00,0.0,-766.52,,-4805.16
162,14,1.00,2,26.93,30.06,26.98,-5005.55,0.00,0.0,-397.93,,-5403.4800000000005
162,15,1.00,2,26.07,30.46,26.98,-5606.95,0.00,0.0,-784.62,,-6391.57
162,16,1.00,2,24.74,30.68,26.98,-5740.39,0.00,0.0,-945.02,,-6685.41
162,17,1.00,2,23.94,30.83,26.98,-5788.96,0.00,0.0,-1111.23,,-6900.1900000000005
162,18,1.00,2,23.39,30.91,26.98,-5666.68,0.00,0.0,-478.67,,-6145.35
162,19,1.00,2,22.31,30.09,27.76,0.0,0.00,0.0,0.0,,0.0
162,20,1.00,2,21.84,29.60,27.69,0.0,0.00,0.0,0.0,,0.0
162,21,1.00,2,21.43,29.17,27.42,0.0,0.00,0.0,0.0,,0.0
162,22,1.00,2,21.45,28.79,27.13,0.0,0.00,0.0,0.0,,0.0
162,23,1.00,2,20.85,28.39,26.80,0.0,0.00,0.0,0.0,,0.0
162,24,1.00,2,20.57,28.01,26.49,0.0,0.00,0.0,0.0,,0.0
162,1,2.00,2,20.58,27.66,26.21,0.0,0.00,0.0,0.0,,0.0
162,2,2.00,2,20.34,27.32,25.93,0.0,0.00,0.0,0.0,,0.0
162,3,2.00,2,20.05,26.99,25.66,0.0,0.00,0.0,0.0,,0.0
162,4,2.00,2,20.04,26.69,25.41,0.0,0.00,0.0,0.0,,0.0
162,5,2.00,2,19.77,26.38,25.15,0.0,0.00,0.0,0.0,,0.0
162,6,2.00,2,19.25,26.07,24.89,0.0,0.00,0.0,0.0,,0.0
162,7,2.00,2,18.82,25.75,24.62,0.0,0.00,0.0,0.0,,0.0
162,8,2.00,2,20.04,26.51,25.52,0.0,0.00,0.0,0.0,,0.0
162,9,2.00,2,22.96,27.21,26.28,0.0,0.00,0.0,-797.52,,-797.52
162,10,2.00,2,25.21,27.92,26.98,-173.0,0.00,0.0,-309.05,,-482.05
162,11,2.00,2,27.16,28.69,26.98,-2477.81,0.00,0.0,-1146.71,,-3624.52
162,12,2.00,2,27.18,29.27,26.98,-3650.98,0.00,0.0,-1397.22,,-5048.2
162,13,2.00,2,27.11,29.82,26.98,-4748.4,0.00,0.0,-839.62,,-5588.0199999999995
162,14,2.00,2,27.01,30.36,26.98,-5734.51,0.00,0.0,-946.93,,-6681.4400000000005
162,15,2.00,2,27.19,30.90,26.98,-6692.83,0.00,0.0,-1466.74,,-8159.57
162,16,2.00,2,27.05,31.35,26.98,-7331.31,0.00,0.0,-2107.95,,-9439.26
162,17,2.00,2,26.95,31.71,26.98,-7739.33,0.00,0.0,-2645.36,,-10384.69
162,18,2.00,2,26.72,31.96,26.98,-7846.32,0.00,0.0,-3007.96,,-10854.279999999999
162,19,2.00,2,25.86,31.05,28.31,0.0,0.00,0.0,0.0,,0.0
162,20,2.00,2,24.63,30.57,28.38,0.0,0.00,0.0,0.0,,0.0
162,21,2.00,2,24.24,30.19,28.19,0.0,0.00,0.0,0.0,,0.0
162,22,2.00,2,24.25,29.85,27.97,0.0,0.00,0.0,0.0,,0.0
162,23,2.00,2,23.88,29.52,27.72,0.0,0.00,0.0,0.0,,0.0
162,24,2.00,2,23.82,29.21,27.49,0.0,0.00,0.0,0.0,,0.0
162,1,3.00,2,23.72,28.91,27.28,0.0,0.00,0.0,0.0,,0.0
162,2,3.00,2,23.65,28.64,27.07,0.0,0.00,0.0,-0.0,,0.0
162,3,3.00,2,23.49,28.37,26.87,0.0,0.00,0.0,-0.0,,0.0
162,4,3.00,2,23.55,28.13,26.69,0.0,0.00,0.0,-0.0,,0.0
162,5,3.00,2,23.16,27.87,26.49,0.0,0.00,0.0,-0.0,,0.0
162,6,3.00,2,22.93,27.63,26.30,0.0,0.00,0.0,-0.0,,0.0
162,7,3.00,2,22.86,27.40,26.13,0.0,0.00,0.0,-0.0,,0.0
162,8,3.00,2,23.02,28.90,27.68,0.0,0.00,0.0,-0.0,,0.0
162,9,3.00,2,24.63,29.54,28.37,0.0,0.00,0.0,-0.0,,0.0
162,10,3.00,2,25.59,30.03,28.90,0.0,0.00,0.0,-0.0,,0.0
162,11,3.00,2,26.64,30.56,29.47,0.0,0.00,0.0,-0.0,,0.0
162,12,3.00,2,26.99,31.11,30.06,0.0,0.00,0.0,-0.0,,0.0
162,13,3.00,2,27.21,31.69,30.69,0.0,0.00,0.0,-0.0,,0.0
162,14,3.00,2,27.30,32.29,31.32,0.0,0.00,0.0,0.0,,0.0
162,15,3.00,2,26.64,32.81,31.87,0.0,0.00,0.0,0.0,,0.0
162,16,3.00,2,25.80,33.24,32.34,0.0,0.00,0.0,0.0,,0.0
162,17,3.00,2,24.81,33.54,32.67,0.0,0.00,0.0,0.0,,0.0
162,18,3.00,2,23.49,33.68,32.84,0.0,0.00,0.0,0.0,,0.0
162,19,3.00,2,22.39,32.00,31.19,0.0,0.00,0.0,0.0,,0.0
162,20,3.00,2,20.89,31.19,30.40,0.0,0.00,0.0,0.0,,0.0
162,21,3.00,2,19.61,30.53,29.77,0.0,0.00,0.0,0.0,,0.0
162,22,3.00,2,18.70,29.92,29.18,0.0,0.00,0.0,0.0,,0.0
162,23,3.00,2,17.90,29.32,28.61,0.0,0.00,0.0,0.0,,0.0
162,24,3.00,2,16.94,28.72,28.03,0.0,0.00,0.0,0.0,,0.0
162,1,4.00,2,16.56,28.16,27.49,0.0,0.00,0.0,0.0,,0.0
162,2,4.00,2,16.60,27.65,27.00,0.0,0.00,0.0,0.0,,0.0
162,3,4.00,2,16.86,27.20,26.57,0.0,0.00,0.0,0.0,,0.0
162,4,4.00,2,16.85,26.77,26.15,0.0,0.00,0.0,0.0,,0.0
162,5,4.00,2,16.86,26.36,25.76,0.0,0.00,0.0,0.0,,0.0
162,6,4.00,2,17.45,26.02,25.44,0.0,0.00,0.0,0.0,,0.0
162,7,4.00,2,18.18,25.74,25.17,0.0,0.00,0.0,0.0,,0.0
162,8,4.00,2,19.04,27.22,26.67,0.0,0.00,0.0,0.0,,0.0
162,9,4.00,2,21.15,27.86,27.32,0.0,0.00,0.0,0.0,,0.0
162,10,4.00,2,22.87,28.38,27.85,0.0,0.00,0.0,0.0,,0.0
162,11,4.00,2,24.16,28.92,28.41,0.0,0.00,0.0,0.0,,0.0
162,12,4.00,2,24.94,29.52,29.02,0.0,0.00,0.0,0.0,,0.0
162,13,4.00,2,25.91,30.18,29.70,0.0,0.00,0.0,0.0,,0.0
162,14,4.00,2,26.64,30.87,30.40,0.0,0.00,0.0,0.0,,0.0
162,15,4.00,2,27.23,31.55,31.09,0.0,0.00,0.0,0.0,,0.0
162,16,4.00,2,27.85,32.20,31.75,0.0,0.00,0.0,0.0,,0.0
162,17,4.00,2,26.97,32.67,32.23,0.0,0.00,0.0,0.0,,0.0
162,18,4.00,2,25.72,32.97,32.54,0.0,0.00,0.0,0.0,,0.0
162,19,4.00,2,24.37,31.41,30.98,0.0,0.00,0.0,0.0,,0.0
162,20,4.00,2,22.73,30.70,30.28,0.0,0.00,0.0,0.0,,0.0
162,21,4.00,2,21.15,30.13,29.72,0.0,0.00,0.0,0.0,,0.0
162,22,4.00,2,20.09,29.58,29.18,0.0,0.00,0.0,0.0,,0.0
162,23,4.00,2,19.09,29.04,28.65,0.0,0.00,0.0,0.0,,0.0
162,24,4.00,2,18.09,28.50,28.11,0.0,0.00,0.0,0.0,,0.0
162,1,5.00,2,17.00,27.94,27.56,0.0,0.00,0.0,0.0,,0.0
162,2,5.00,2,15.97,27.38,27.01,0.0,0.00,0.0,0.0,,0.0
162,3,5.00,2,16.52,26.92,26.55,0.0,0.00,0.0,0.0,,0.0
162,4,5.00,2,17.23,26.54,26.17,0.0,0.00,0.0,0.0,,0.0
162,5,5.00,2,17.75,26.19,25.84,0.0,0.00,0.0,0.0,,0.0
162,6,5.00,2,18.05,25.88,25.53,0.0,0.00,0.0,0.0,,0.0
162,7,5.00,2,18.65,25.62,25.27,0.0,0.00,0.0,0.0,,0.0
162,8,5.00,2,20.03,26.42,26.11,0.0,0.00,0.0,0.0,,0.0
162,9,5.00,2,22.28,27.03,26.73,0.0,0.00,0.0,0.0,,0.0
162,10,5.00,2,23.88,27.61,26.98,-1005.32,0.00,0.0,0.0,,-1005.32
162,11,5.00,2,25.58,28.29,26.98,-2722.7,0.00,0.0,0.0,,-2722.7
162,12,5.00,2,26.30,28.92,26.98,-3998.69,0.00,0.0,-788.0,,-4786.6900000000005
162,13,5.00,2,26.91,29.57,26.98,-5265.16,0.00,0.0,-1688.99,,-6954.15
162,14,5.00,2,27.43,30.23,26.98,-6453.38,0.00,0.0,-1345.26,,-7798.64
162,15,5.00,2,27.02,30.73,26.98,-7121.37,0.00,0.0,-1577.2,,-8698.57
162,16,5.00,2,26.75,31.16,26.98,-7642.98,0.00,0.0,-997.19,,-8640.17
162,17,5.00,2,26.22,31.46,26.98,-7801.24,0.00,0.0,-1256.88,,-9058.119999999999
162,18,5.00,2,25.58,31.61,26.98,-7642.45,0.00,0.0,-1248.14,,-8890.59
162,19,5.00,2,24.74,30.74,28.30,0.0,0.00,0.0,0.0,,0.0
162,20,5.00,2,23.69,30.25,28.36,0.0,0.00,0.0,0.0,,0.0
162,21,5.00,2,23.02,29.84,28.12,0.0,0.00,0.0,0.0,,0.0
162,22,5.00,2,21.95,29.40,27.78,0.0,0.00,0.0,0.0,,0.0
162,23,5.00,2,21.81,29.01,27.47,0.0,0.00,0.0,0.0,,0.0
162,24,5.00,2,21.01,28.59,27.13,0.0,0.00,0.0,0.0,,0.0
162,1,6.00,2,20.26,28.17,26.77,0.0,0.00,0.0,0.0,,0.0
162,2,6.00,2,19.98,27.78,26.44,0.0,0.00,0.0,0.0,,0.0
162,3,6.00,2,19.76,27.41,26.13,0.0,0.00,0.0,0.0,,0.0
162,4,6.00,2,19.73,27.07,25.84,0.0,0.00,0.0,0.0,,0.0
162,5,6.00,2,18.76,26.68,25.50,0.0,0.00,0.0,0.0,,0.0
162,6,6.00,2,17.95,26.28,25.15,0.0,0.00,0.0,0.0,,0.0
162,7,6.00,2,17.48,25.90,24.81,0.0,0.00,0.0,0.0,,0.0
162,8,6.00,2,18.84,26.49,25.54,0.0,0.00,0.0,0.0,,0.0
162,9,6.00,2,21.14,27.02,26.13,0.0,0.00,0.0,0.0,,0.0
162,10,6.00,2,22.75,27.53,26.69,0.0,0.00,0.0,0.0,,0.0
162,11,6.00,2,24.35,28.14,26.98,-1033.55,0.00,0.0,0.0,,-1033.55
162,12,6.00,2,25.03,28.70,26.98,-2512.28,0.00,0.0,0.0,,-2512.28
162,13,6.00,2,25.81,29.33,26.98,-3906.11,0.00,0.0,0.0,,-3906.11
162,14,6.00,2,26.67,29.99,26.98,-5296.9,0.00,0.0,-49.45,,-5346.349999999999
162,15,6.00,2,26.45,30.51,26.98,-6116.93,0.00,0.0,-447.48,,-6564.41
162,16,6.00,2,26.10,30.91,26.98,-6674.44,0.00,0.0,-290.67,,-6965.11
162,17,6.00,2,25.64,31.20,26.98,-6920.68,0.00,0.0,-352.24,,-7272.92
162,18,6.00,2,24.90,31.33,26.98,-6770.58,0.00,0.0,-184.05,,-6954.63
162,19,6.00,2,24.21,30.49,28.07,0.0,0.00,0.0,0.0,,0.0
162,20,6.00,2,23.11,30.00,28.07,0.0,0.00,0.0,0.0,,0.0
162,21,6.00,2,22.50,29.58,27.82,0.0,0.00,0.0,0.0,,0.0
162,22,6.00,2,22.05,29.18,27.52,0.0,0.00,0.0,0.0,,0.0
162,23,6.00,2,22.00,28.82,27.23,0.0,0.00,0.0,0.0,,0.0
162,24,6.00,2,21.59,28.45,26.94,0.0,0.00,0.0,0.0,,0.0
162,1,7.00,2,21.32,28.10,26.65,0.0,0.00,0.0,0.0,,0.0
162,2,7.00,2,21.05,27.76,26.38,0.0,0.00,0.0,0.0,,0.0
162,3,7.00,2,21.11,27.46,26.13,0.0,0.00,0.0,0.0,,0.0
162,4,7.00,2,20.75,27.15,25.87,0.0,0.00,0.0,0.0,,0.0
162,5,7.00,2,20.34,26.83,25.61,0.0,0.00,0.0,0.0,,0.0
162,6,7.00,2,20.23,26.54,25.37,0.0,0.00,0.0,0.0,,0.0
162,7,7.00,2,20.12,26.27,25.14,0.0,0.00,0.0,0.0,,0.0
162,8,7.00,2,20.82,27.04,26.06,0.0,0.00,0.0,0.0,,0.0
162,9,7.00,2,22.91,27.62,26.70,0.0,0.00,0.0,0.0,,0.0
162,10,7.00,2,24.31,28.15,26.98,-865.35,0.00,0.0,0.0,,-865.35
162,11,7.00,2,25.84,28.78,26.98,-2569.48,0.00,0.0,0.0,,-2569.48
162,12,7.00,2,26.44,29.36,26.98,-3821.53,0.00,0.0,0.0,,-3821.53
162,13,7.00,2,27.24,30.01,26.98,-5191.86,0.00,0.0,-650.57,,-5842.429999999999
162,14,7.00,2,27.21,30.57,26.98,-6165.25,0.00,0.0,-671.0,,-6836.25
162,15,7.00,2,27.09,31.06,26.98,-6958.63,0.00,0.0,-716.55,,-7675.18
162,16,7.00,2,26.62,31.44,26.98,-7406.62,0.00,0.0,-1010.33,,-8416.95
162,17,7.00,2,26.30,31.74,26.98,-7658.54,0.00,0.0,-1212.5,,-8871.04
162,18,7.00,2,25.44,31.85,26.98,-7419.49,0.00,0.0,-883.39,,-8302.88
162,19,7.00,2,24.57,30.98,28.23,0.0,0.00,0.0,0.0,,0.0
162,20,7.00,2,23.73,30.49,28.28,0.0,0.00,0.0,0.0,,0.0
162,21,7.00,2,23.10,30.07,28.05,0.0,0.00,0.0,0.0,,0.0
162,22,7.00,2,22.64,29.66,27.76,0.0,0.00,0.0,0.0,,0.0
162,23,7.00,2,22.31,29.28,27.46,0.0,0.00,0.0,0.0,,0.0
162,24,7.00,2,22.47,28.94,27.20,0.0,0.00,0.0,0.0,,0.0
162,1,1.00,3,22.44,28.61,26.96,0.0,0.00,0.0,0.0,,0.0
162,2,1.00,3,22.48,28.31,26.73,0.0,0.00,0.0,0.0,,0.0
162,3,1.00,3,22.32,28.02,26.51,0.0,0.00,0.0,0.0,,0.0
162,4,1.00,3,22.31,27.75,26.30,0.0,0.00,0.0,-0.0,,0.0
162,5,1.00,3,22.03,27.48,26.09,0.0,0.00,0.0,-0.0,,0.0
162,6,1.00,3,22.10,27.24,25.90,0.0,0.00,0.0,-0.0,,0.0
162,7,1.00,3,22.34,27.02,25.74,0.0,0.00,0.0,-0.0,,0.0
162,8,1.00,3,22.72,27.92,26.80,0.0,0.00,0.0,-597.01,,-597.01
162,9,1.00,3,23.89,28.40,27.15,-601.04,0.00,0.0,-956.37,,-1557.4099999999999
162,10,1.00,3,24.98,28.87,27.15,-1951.37,0.00,0.0,-741.59,,-2692.96
162,11,1.00,3,26.04,29.42,27.15,-3255.37,0.00,0.0,-750.85,,-4006.22
162,12,1.00,3,25.92,29.88,27.15,-4169.97,0.00,0.0,-278.27,,-4448.24
162,13,1.00,3,26.35,30.44,27.15,-5329.08,0.00,0.0,-1695.14,,-7024.22
162,14,1.00,3,26.06,30.91,27.15,-6120.38,0.00,0.0,-815.94,,-6936.32
162,15,1.00,3,25.45,31.27,27.15,-6600.08,0.00,0.0,-450.04,,-7050.12
162,16,1.00,3,24.80,31.54,27.15,-6845.82,0.00,0.0,-290.71,,-7136.53
162,17,1.00,3,24.05,31.69,27.15,-6793.44,0.00,0.0,-173.11,,-6966.549999999999
162,18,1.00,3,23.03,31.67,27.15,-6330.29,0.00,0.0,0.0,,-6330.29
162,19,1.00,3,22.18,30.87,28.17,0.0,0.00,0.0,0.0,,0.0
162,20,1.00,3,21.21,30.30,28.07,0.0,0.00,0.0,0.0,,0.0
162,21,1.00,3,20.25,29.75,27.70,0.0,0.00,0.0,0.0,,0.0
162,22,1.00,3,19.79,29.24,27.30,0.0,0.00,0.0,0.0,,0.0
162,23,1.00,3,18.99,28.73,26.88,0.0,0.00,0.0,0.0,,0.0
162,24,1.00,3,18.21,28.21,26.45,0.0,0.00,0.0,0.0,,0.0
162,1,2.00,3,18.40,27.77,26.08,0.0,0.00,0.0,0.0,,0.0
162,2,2.00,3,18.68,27.38,25.76,0.0,0.00,0.0,0.0,,0.0
162,3,2.00,3,18.77,27.01,25.46,0.0,0.00,0.0,0.0,,0.0
162,4,2.00,3,18.74,26.66,25.17,0.0,0.00,0.0,0.0,,0.0
162,5,2.00,3,18.90,26.34,24.92,0.0,0.00,0.0,0.0,,0.0
162,6,2.00,3,18.91,26.04,24.67,0.0,0.00,0.0,0.0,,0.0
162,7,2.00,3,19.08,25.76,24.46,0.0,0.00,0.0,0.0,,0.0
162,8,2.00,3,19.34,26.42,25.27,0.0,0.00,0.0,0.0,,0.0
162,9,2.00,3,21.12,26.90,25.83,0.0,0.00,0.0,0.0,,0.0
162,10,2.00,3,22.63,27.39,26.38,0.0,0.00,0.0,0.0,,0.0
162,11,2.00,3,23.61,27.92,26.96,0.0,0.00,0.0,0.0,,0.0
162,12,2.00,3,24.00,28.45,27.15,-1090.49,0.00,0.0,0.0,,-1090.49
162,13,2.00,3,24.19,28.98,27.15,-2464.19,0.00,0.0,0.0,,-2464.19
162,14,2.00,3,24.62,29.55,27.15,-3739.02,0.00,0.0,0.0,,-3739.02
162,15,2.00,3,24.23,29.98,27.15,-4497.96,0.00,0.0,0.0,,-4497.96
162,16,2.00,3,23.74,30.31,27.15,-4980.82,0.00,0.0,0.0,,-4980.82
162,17,2.00,3,23.32,30.54,27.15,-5230.24,0.00,0.0,0.0,,-5230.24
162,18,2.00,3,22.67,30.62,27.15,-5076.91,0.00,0.0,0.0,,-5076.91
162,19,2.00,3,21.50,29.80,27.77,0.0,0.00,0.0,0.0,,0.0
162,20,2.00,3,20.12,29.22,27.56,0.0,0.00,0.0,0.0,,0.0
162,21,2.00,3,19.18,28.69,27.16,0.0,0.00,0.0,0.0,,0.0
162,22,2.00,3,18.52,28.19,26.73,0.0,0.00,0.0,0.0,,0.0
162,23,2.00,3,17.82,27.69,26.29,0.0,0.00,0.0,0.0,,0.0
162,24,2.00,3,17.39,27.21,25.88,0.0,0.00,0.0,0.0,,0.0
162,1,3.00,3,17.34,26.77,25.49,0.0,0.00,0.0,0.0,,0.0
162,2,3.00,3,17.20,26.36,25.13,0.0,0.00,0.0,0.0,,0.0
162,3,3.00,3,16.99,25.96,24.78,0.0,0.00,0.0,0.0,,0.0
162,4,3.00,3,16.93,25.59,24.46,0.0,0.00,0.0,0.0,,0.0
162,5,3.00,3,16.69,25.23,24.14,0.0,0.00,0.0,0.0,,0.0
162,6,3.00,3,16.65,24.89,23.84,0.0,0.00,0.0,0.0,,0.0
162,7,3.00,3,17.43,24.63,23.62,0.0,0.00,0.0,0.0,,0.0
162,8,3.00,3,18.11,26.13,25.15,0.0,0.00,0.0,0.0,,0.0
162,9,3.00,3,20.31,26.78,25.84,0.0,0.00,0.0,0.0,,0.0
162,10,3.00,3,22.91,27.38,26.47,0.0,0.00,0.0,-0.0,,0.0
162,11,3.00,3,24.57,28.03,27.15,0.0,0.00,0.0,-0.0,,0.0
162,12,3.00,3,25.38,28.73,27.88,0.0,0.00,0.0,-0.0,,0.0
162,13,3.00,3,26.01,29.48,28.66,0.0,0.00,0.0,0.0,,0.0
162,14,3.00,3,26.82,30.26,29.47,0.0,0.00,0.0,0.0,,0.0
162,15,3.00,3,26.43,30.94,30.18,0.0,0.00,0.0,0.0,,0.0
162,16,3.00,3,25.77,31.51,30.77,0.0,0.00,0.0,0.0,,0.0
162,17,3.00,3,25.21,31.98,31.26,0.0,0.00,0.0,0.0,,0.0
162,18,3.00,3,24.22,32.27,31.57,0.0,0.00,0.0,0.0,,0.0
162,19,3.00,3,22.99,30.68,30.00,0.0,0.00,0.0,0.0,,0.0
162,20,3.00,3,21.76,29.96,29.31,0.0,0.00,0.0,0.0,,0.0
162,21,3.00,3,20.71,29.41,28.77,0.0,0.00,0.0,0.0,,0.0
162,22,3.00,3,20.07,28.91,28.29,0.0,0.00,0.0,0.0,,0.0
162,23,3.00,3,19.16,28.41,27.81,0.0,0.00,0.0,0.0,,0.0
162,24,3.00,3,18.52,27.92,27.34,0.0,0.00,0.0,0.0,,0.0
162,1,4.00,3,19.68,27.57,27.00,0.0,0.00,0.0,0.0,,0.0
162,2,4.00,3,19.10,27.18,26.63,0.0,0.00,0.0,0.0,,0.0
162,3,4.00,3,18.77,26.80,26.26,0.0,0.00,0.0,0.0,,0.0
162,4,4.00,3,18.32,26.42,25.90,0.0,0.00,0.0,0.0,,0.0
162,5,4.00,3,17.77,26.04,25.53,0.0,0.00,0.0,0.0,,0.0
162,6,4.00,3,17.24,25.66,25.16,0.0,0.00,0.0,0.0,,0.0
162,7,4.00,3,16.78,25.29,24.80,0.0,0.00,0.0,0.0,,0.0
162,8,4.00,3,18.22,26.76,26.28,0.0,0.00,0.0,0.0,,0.0
162,9,4.00,3,20.33,27.37,26.90,0.0,0.00,0.0,0.0,,0.0
162,10,4.00,3,22.24,27.88,27.43,0.0,0.00,0.0,-0.0,,0.0
162,11,4.00,3,24.07,28.49,28.04,0.0,0.00,0.0,-0.0,,0.0
162,12,4.00,3,25.24,29.16,28.73,0.0,0.00,0.0,0.0,,0.0
162,13,4.00,3,26.60,29.93,29.50,0.0,0.00,0.0,0.0,,0.0
162,14,4.00,3,27.44,30.72,30.30,0.0,0.00,0.0,0.0,,0.0
162,15,4.00,3,28.39,31.50,31.09,0.0,0.00,0.0,0.0,,0.0
162,16,4.00,3,27.90,32.15,31.74,0.0,0.00,0.0,0.0,,0.0
162,17,4.00,3,26.98,32.64,32.24,0.0,0.00,0.0,0.0,,0.0
162,18,4.00,3,25.91,32.96,32.57,0.0,0.00,0.0,0.0,,0.0
162,19,4.00,3,24.88,31.41,31.03,0.0,0.00,0.0,0.0,,0.0
162,20,4.00,3,23.89,30.75,30.37,0.0,0.00,0.0,0.0,,0.0
162,21,4.00,3,23.03,30.25,29.88,0.0,0.00,0.0,0.0,,0.0
162,22,4.00,3,22.01,29.77,29.41,0.0,0.00,0.0,0.0,,0.0
162,23,4.00,3,21.31,29.32,28.96,0.0,0.00,0.0,0.0,,0.0
162,24,4.00,3,20.60,28.86,28.51,0.0,0.00,0.0,0.0,,0.0
162,1,5.00,3,20.22,28.43,28.08,0.0,0.00,0.0,0.0,,0.0
162,2,5.00,3,19.75,28.01,27.66,0.0,0.00,0.0,0.0,,0.0
162,3,5.00,3,19.33,27.60,27.26,0.0,0.00,0.0,0.0,,0.0
162,4,5.00,3,18.87,27.19,26.86,0.0,0.00,0.0,0.0,,0.0
162,5,5.00,3,18.43,26.79,26.46,0.0,0.00,0.0,0.0,,0.0
162,6,5.00,3,18.07,26.41,26.08,0.0,0.00,0.0,0.0,,0.0
162,7,5.00,3,17.36,26.01,25.69,0.0,0.00,0.0,0.0,,0.0
162,8,5.00,3,18.17,26.48,26.20,0.0,0.00,0.0,0.0,,0.0
162,9,5.00,3,19.43,26.79,26.52,0.0,0.00,0.0,0.0,,0.0
162,10,5.00,3,21.72,27.32,27.05,0.0,0.00,0.0,0.0,,0.0
162,11,5.00,3,23.40,27.92,27.15,-1467.5,0.00,0.0,0.0,,-1467.5
162,12,5.00,3,24.80,28.60,27.15,-3076.48,0.00,0.0,0.0,,-3076.48
162,13,5.00,3,26.17,29.37,27.15,-4709.76,0.00,0.0,-267.22,,-4976.9800000000005
162,14,5.00,3,26.94,30.10,27.15,-6071.49,0.00,0.0,-1570.65,,-7642.139999999999
162,15,5.00,3,26.77,30.66,27.15,-6894.04,0.00,0.0,-1037.86,,-7931.9
162,16,5.00,3,26.44,31.11,27.15,-7429.95,0.00,0.0,-860.7,,-8290.65
162,17,5.00,3,25.77,31.40,27.15,-7558.61,0.00,0.0,-770.14,,-8328.75
162,18,5.00,3,25.04,31.53,27.15,-7341.75,0.00,0.0,-741.83,,-8083.58
162,19,5.00,3,24.18,30.66,28.40,0.0,0.00,0.0,0.0,,0.0
162,20,5.00,3,23.20,30.15,28.40,0.0,0.00,0.0,0.0,,0.0
162,21,5.00,3,22.76,29.72,28.14,0.0,0.00,0.0,0.0,,0.0
162,22,5.00,3,22.20,29.30,27.82,0.0,0.00,0.0,0.0,,0.0
162,23,5.00,3,22.00,28.92,27.51,0.0,0.00,0.0,0.0,,0.0
162,24,5.00,3,21.45,28.53,27.18,0.0,0.00,0.0,0.0,,0.0
162,1,6.00,3,21.13,28.17,26.87,0.0,0.00,0.0,0.0,,0.0
162,2,6.00,3,20.88,27.81,26.58,0.0,0.00,0.0,0.0,,0.0
162,3,6.00,3,20.63,27.47,26.29,0.0,0.00,0.0,0.0,,0.0
162,4,6.00,3,20.40,27.15,26.01,0.0,0.00,0.0,0.0,,0.0
162,5,6.00,3,19.98,26.82,25.73,0.0,0.00,0.0,0.0,,0.0
162,6,6.00,3,19.69,26.50,25.45,0.0,0.00,0.0,0.0,,0.0
162,7,6.00,3,19.15,26.17,25.17,0.0,0.00,0.0,0.0,,0.0
162,8,6.00,3,19.89,26.84,25.96,0.0,0.00,0.0,0.0,,0.0
162,9,6.00,3,21.25,27.25,26.42,0.0,0.00,0.0,-28.28,,-28.28
162,10,6.00,3,23.32,27.80,27.02,0.0,0.00,0.0,0.0,,0.0
162,11,6.00,3,24.89,28.44,27.15,-1571.72,0.00,0.0,0.0,,-1571.72
162,12,6.00,3,25.77,29.08,27.15,-3114.24,0.00,0.0,0.0,,-3114.24
162,13,6.00,3,26.64,29.77,27.15,-4621.36,0.00,0.0,0.0,,-4621.36
162,14,6.00,3,27.09,30.43,27.15,-5899.09,0.00,0.0,-804.87,,-6703.96
162,15,6.00,3,27.66,31.08,27.15,-7078.28,0.00,0.0,-229.63,,-7307.91
162,16,6.00,3,27.28,31.55,27.15,-7662.44,0.00,0.0,-877.23,,-8539.67
162,17,6.00,3,26.54,31.84,27.15,-7815.79,0.00,0.0,-706.75,,-8522.54
162,18,6.00,3,25.77,31.98,27.15,-7627.1,0.00,0.0,-725.54,,-8352.64
162,19,6.00,3,24.53,31.06,28.42,0.0,0.00,0.0,0.0,,0.0
162,20,6.00,3,23.38,30.51,28.42,0.0,0.00,0.0,0.0,,0.0
162,21,6.00,3,22.51,30.04,28.13,0.0,0.00,0.0,0.0,,0.0
162,22,6.00,3,21.98,29.59,27.80,0.0,0.00,0.0,0.0,,0.0
162,23,6.00,3,21.40,29.16,27.45,0.0,0.00,0.0,0.0,,0.0
162,24,6.00,3,20.89,28.73,27.10,0.0,0.00,0.0,0.0,,0.0
162,1,7.00,3,20.39,28.31,26.75,0.0,0.00,0.0,0.0,,0.0
162,2,7.00,3,19.98,27.91,26.42,0.0,0.00,0.0,0.0,,0.0
162,3,7.00,3,19.49,27.51,26.08,0.0,0.00,0.0,0.0,,0.0
162,4,7.00,3,19.09,27.12,25.75,0.0,0.00,0.0,0.0,,0.0
162,5,7.00,3,18.54,26.73,25.42,0.0,0.00,0.0,0.0,,0.0
162,6,7.00,3,18.09,26.35,25.09,0.0,0.00,0.0,0.0,,0.0
162,7,7.00,3,17.58,25.97,24.76,0.0,0.00,0.0,0.0,,0.0
162,8,7.00,3,18.63,26.51,25.46,0.0,0.00,0.0,0.0,,0.0
162,9,7.00,3,20.76,26.99,26.00,0.0,0.00,0.0,0.0,,0.0
162,10,7.00,3,22.88,27.56,26.62,0.0,0.00,0.0,0.0,,0.0
162,11,7.00,3,24.17,28.15,27.15,-320.61,0.00,0.0,0.0,,-320.61
162,12,7.00,3,25.02,28.76,27.15,-2143.57,0.00,0.0,0.0,,-2143.57
162,13,7.00,3,25.59,29.40,27.15,-3572.03,0.00,0.0,0.0,,-3572.03
162,14,7.00,3,26.24,30.06,27.15,-4963.64,0.00,0.0,0.0,,-4963.64
162,15,7.00,3,26.10,30.58,27.15,-5857.36,0.00,0.0,0.0,,-5857.36
162,16,7.00,3,25.63,30.98,27.15,-6387.3,0.00,0.0,0.0,,-6387.3
162,17,7.00,3,25.06,31.24,27.15,-6600.05,0.00,0.0,0.0,,-6600.05
162,18,7.00,3,24.38,31.36,27.15,-6448.66,0.00,0.0,0.0,,-6448.66
162,19,7.00,3,23.62,30.52,28.15,0.0,0.00,0.0,0.0,,0.0
162,20,7.00,3,22.56,29.99,28.09,0.0,0.00,0.0,0.0,,0.0
162,21,7.00,3,21.93,29.54,27.79,0.0,0.00,0.0,0.0,,0.0
162,22,7.00,3,21.40,29.10,27.46,0.0,0.00,0.0,0.0,,0.0
162,23,7.00,3,21.40,28.72,27.14,0.0,0.00,0.0,0.0,,0.0
162,24,7.00,3,21.17,28.34,26.84,0.0,0.00,0.0,0.0,,0.0
162,1,1.00,3,21.10,27.99,26.56,0.0,0.00,0.0,0.0,,0.0
162,2,1.00,3,21.17,27.68,26.30,0.0,0.00,0.0,0.0,,0.0
162,3,1.00,3,20.97,27.36,26.04,0.0,0.00,0.0,0.0,,0.0
162,4,1.00,3,20.66,27.06,25.79,0.0,0.00,0.0,0.0,,0.0
162,5,1.00,3,20.55,26.77,25.55,0.0,0.00,0.0,0.0,,0.0
162,6,1.00,3,20.56,26.50,25.33,0.0,0.00,0.0,0.0,,0.0
162,7,1.00,3,20.15,26.22,25.10,0.0,0.00,0.0,0.0,,0.0
162,8,1.00,3,20.72,26.98,26.00,0.0,0.00,0.0,0.0,,0.0
162,9,1.00,3,21.59,27.36,26.44,0.0,0.00,0.0,-204.53,,-204.53
162,10,1.00,3,23.12,27.84,26.96,0.0,0.00,0.0,0.0,,0.0
162,11,1.00,3,24.88,28.47,27.15,-1423.14,0.00,0.0,-326.21,,-1749.3500000000001
162,12,1.00,3,26.01,29.15,27.15,-3118.51,0.00,0.0,-123.67,,-3242.1800000000003
162,13,1.00,3,27.00,29.87,27.15,-4702.72,0.00,0.0,-954.21,,-5656.93
162,14,1.00,3,26.73,30.44,27.15,-5683.65,0.00,0.0,-1279.1,,-6962.75
162,15,1.00,3,26.31,30.90,27.15,-6406.84,0.00,0.0,-200.3,,-6607.14
162,16,1.00,3,25.89,31.28,27.15,-6896.36,0.00,0.0,-761.29,,-7657.65
162,17,1.00,3,25.32,31.54,27.15,-7057.58,0.00,0.0,-905.36,,-7962.94
162,18,1.00,3,24.27,31.59,27.15,-6701.85,0.00,0.0,-45.04,,-6746.89
162,19,1.00,3,23.21,30.73,28.21,0.0,0.00,0.0,0.0,,0.0
162,20,1.00,3,22.28,30.18,28.15,0.0,0.00,0.0,0.0,,0.0
162,21,1.00,3,21.85,29.72,27.86,0.0,0.00,0.0,0.0,,0.0
162,22,1.00,3,21.53,29.29,27.53,0.0,0.00,0.0,0.0,,0.0
162,23,1.00,3,21.12,28.87,27.19,0.0,0.00,0.0,0.0,,0.0
162,24,1.00,3,20.80,28.46,26.86,0.0,0.00,0.0,0.0,,0.0
162,1,2.00,3,20.64,28.09,26.56,0.0,0.00,0.0,0.0,,0.0
162,2,2.00,3,20.28,27.72,26.25,0.0,0.00,0.0,0.0,,0.0
162,3,2.00,3,20.06,27.36,25.96,0.0,0.00,0.0,0.0,,0.0
162,4,2.00,3,19.69,27.01,25.66,0.0,0.00,0.0,0.0,,0.0
162,5,2.00,3,19.24,26.66,25.37,0.0,0.00,0.0,0.0,,0.0
162,6,2.00,3,18.92,26.32,25.08,0.0,0.00,0.0,0.0,,0.0
162,7,2.00,3,18.15,25.96,24.76,0.0,0.00,0.0,0.0,,0.0
162,8,2.00,3,19.35,26.60,25.56,0.0,0.00,0.0,0.0,,0.0
162,9,2.00,3,21.54,27.12,26.15,0.0,0.00,0.0,0.0,,0.0
162,10,2.00,3,23.52,27.71,26.78,0.0,0.00,0.0,0.0,,0.0
162,11,2.00,3,24.77,28.31,27.15,-812.59,0.00,0.0,0.0,,-812.59
162,12,2.00,3,25.76,28.97,27.15,-2615.5,0.00,0.0,0.0,,-2615.5
162,13,2.00,3,26.42,29.64,27.15,-4102.16,0.00,0.0,0.0,,-4102.16
162,14,2.00,3,27.07,30.33,27.15,-5512.78,0.00,0.0,-1153.19,,-6665.969999999999
162,15,2.00,3,26.73,30.85,27.15,-6339.58,0.00,0.0,-177.52,,-6517.1
162,16,2.00,3,26.33,31.26,27.15,-6901.84,0.00,0.0,-782.4,,-7684.24
162,17,2.00,3,25.78,31.55,27.15,-7126.96,0.00,0.0,-683.15,,-7810.11
162,18,2.00,3,25.01,31.67,27.15,-6942.39,0.00,0.0,-254.91,,-7197.3
162,19,2.00,3,24.00,30.79,28.26,0.0,0.00,0.0,0.0,,0.0
162,20,2.00,3,22.98,30.26,28.22,0.0,0.00,0.0,0.0,,0.0
162,21,2.00,3,22.39,29.80,27.94,0.0,0.00,0.0,0.0,,0.0
162,22,2.00,3,21.94,29.38,27.62,0.0,0.00,0.0,0.0,,0.0
162,23,2.00,3,21.58,28.97,27.29,0.0,0.00,0.0,0.0,,0.0
162,24,2.00,3,21.16,28.57,26.97,0.0,0.00,0.0,0.0,,0.0
162,1,3.00,3,20.79,28.19,26.65,0.0,0.00,0.0,0.0,,0.0
162,2,3.00,3,20.43,27.81,26.34,0.0,0.00,0.0,0.0,,0.0
162,3,3.00,3,20.11,27.45,26.04,0.0,0.00,0.0,0.0,,0.0
162,4,3.00,3,19.76,27.10,25.75,0.0,0.00,0.0,0.0,,0.0
162,5,3.00,3,19.43,26.75,25.46,0.0,0.00,0.0,0.0,,0.0
162,6,3.00,3,19.13,26.42,25.17,0.0,0.00,0.0,0.0,,0.0
162,7,3.00,3,18.53,26.07,24.87,0.0,0.00,0.0,0.0,,0.0
162,8,3.00,3,19.54,27.53,26.38,0.0,0.00,0.0,0.0,,0.0
162,9,3.00,3,21.90,28.17,27.06,0.0,0.00,0.0,0.0,,0.0
162,10,3.00,3,23.70,28.69,27.63,0.0,0.00,0.0,-0.0,,0.0
162,11,3.00,3,24.91,29.26,28.24,0.0,0.00,0.0,-0.0,,0.0
162,12,3.00,3,25.64,29.89,28.91,0.0,0.00,0.0,-0.0,,0.0
162,13,3.00,3,26.30,30.58,29.63,0.0,0.00,0.0,0.0,,0.0
162,14,3.00,3,26.11,31.24,30.32,0.0,0.00,0.0,0.0,,0.0
162,15,3.00,3,25.81,31.84,30.96,0.0,0.00,0.0,0.0,,0.0
162,16,3.00,3,25.38,32.36,31.50,0.0,0.00,0.0,0.0,,0.0
162,17,3.00,3,24.89,32.76,31.94,0.0,0.00,0.0,0.0,,0.0
162,18,3.00,3,24.02,33.01,32.21,0.0,0.00,0.0,0.0,,0.0
162,19,3.00,3,23.14,31.40,30.63,0.0,0.00,0.0,0.0,,0.0
162,20,3.00,3,22.18,30.67,29.92,0.0,0.00,0.0,0.0,,0.0
162,21,3.00,3,21.67,30.14,29.42,0.0,0.00,0.0,0.0,,0.0
162,22,3.00,3,21.36,29.67,28.97,0.0,0.00,0.0,0.0,,0.0
162,23,3.00,3,21.09,29.24,28.56,0.0,0.00,0.0,0.0,,0.0
162,24,3.00,3,20.70,28.81,28.15,0.0,0.00,0.0,0.0,,0.0
162,1,4.00,3,20.38,28.40,27.76,0.0,0.00,0.0,0.0,,0.0
162,2,4.00,3,19.94,28.00,27.37,0.0,0.00,0.0,0.0,,0.0
162,3,4.00,3,19.59,27.61,27.00,0.0,0.00,0.0,0.0,,0.0
162,4,4.00,3,19.34,27.23,26.64,0.0,0.00,0.0,0.0,,0.0
162,5,4.00,3,19.13,26.88,26.30,0.0,0.00,0.0,0.0,,0.0
162,6,4.00,3,18.82,26.53,25.97,0.0,0.00,0.0,0.0,,0.0
162,7,4.00,3,18.44,26.18,25.63,0.0,0.00,0.0,0.0,,0.0
162,8,4.00,3,19.44,27.64,27.11,0.0,0.00,0.0,0.0,,0.0
162,9,4.00,3,21.44,28.24,27.72,0.0,0.00,0.0,0.0,,0.0
162,10,4.00,3,23.11,28.73,28.23,0.0,0.00,0.0,0.0,,0.0
162,11,4.00,3,24.22,29.27,28.78,0.0,0.00,0.0,0.0,,0.0
162,12,4.00,3,24.99,29.88,29.40,0.0,0.00,0.0,0.0,,0.0
162,13,4.00,3,25.59,30.54,30.07,0.0,0.00,0.0,0.0,,0.0
162,14,4.00,3,26.16,31.23,30.77,0.0,0.00,0.0,0.0,,0.0
162,15,4.00,3,26.61,31.89,31.44,0.0,0.00,0.0,0.0,,0.0
162,16,4.00,3,26.10,32.44,32.00,0.0,0.00,0.0,0.0,,0.0
162,17,4.00,3,25.47,32.87,32.43,0.0,0.00,0.0,0.0,,0.0
162,18,4.00,3,24.63,33.14,32.71,0.0,0.00,0.0,0.0,,0.0
162,19,4.00,3,23.75,31.55,31.13,0.0,0.00,0.0,0.0,,0.0
162,20,4.00,3,22.81,30.84,30.43,0.0,0.00,0.0,0.0,,0.0
162,21,4.00,3,22.11,30.31,29.91,0.0,0.00,0.0,0.0,,0.0
162,22,4.00,3,21.62,29.84,29.45,0.0,0.00,0.0,0.0,,0.0
162,23,4.00,3,21.30,29.40,29.01,0.0,0.00,0.0,0.0,,0.0
162,24,4.00,3,20.96,28.98,28.60,0.0,0.00,0.0,0.0,,0.0
162,1,5.00,3,20.59,28.56,28.19,0.0,0.00,0.0,0.0,,0.0
162,2,5.00,3,20.25,28.17,27.80,0.0,0.00,0.0,0.0,,0.0
162,3,5.00,3,19.85,27.78,27.42,0.0,0.00,0.0,0.0,,0.0
162,4,5.00,3,19.53,27.40,27.04,0.0,0.00,0.0,0.0,,0.0
162,5,5.00,3,19.16,27.03,26.68,0.0,0.00,0.0,0.0,,0.0
162,6,5.00,3,18.88,26.67,26.33,0.0,0.00,0.0,0.0,,0.0
162,7,5.00,3,18.43,26.31,25.97,0.0,0.00,0.0,0.0,,0.0
162,8,5.00,3,19.28,26.89,26.59,0.0,0.00,0.0,0.0,,0.0
162,9,5.00,3,21.31,27.37,27.07,0.0,0.00,0.0,0.0,,0.0
162,10,5.00,3,23.00,27.87,27.15,-1273.75,0.00,0.0,0.0,,-1273.75
162,11,5.00,3,24.16,28.42,27.15,-2546.65,0.00,0.0,0.0,,-2546.65
162,12,5.00,3,25.09,29.03,27.15,-3833.89,0.00,0.0,0.0,,-3833.89
162,13,5.00,3,25.79,29.67,27.15,-5093.92,0.00,0.0,0.0,,-5093.92
162,14,5.00,3,26.52,30.34,27.15,-6336.32,0.00,0.0,-680.44,,-7016.76
162,15,5.00,3,26.39,30.87,27.15,-7088.66,0.00,0.0,-207.63,,-7296.29
162,16,5.00,3,26.01,31.27,27.15,-7528.46,0.00,0.0,-511.22,,-8039.68
162,17,5.00,3,25.61,31.57,27.15,-7711.82,0.00,0.0,-234.17,,-7945.99
162,18,5.00,3,24.96,31.71,27.15,-7491.34,0.00,0.0,-73.03,,-7564.37
162,19,5.00,3,24.13,30.85,28.45,0.0,0.00,0.0,0.0,,0.0
162,20,5.00,3,23.11,30.33,28.46,0.0,0.00,0.0,0.0,,0.0
162,21,5.00,3,22.53,29.88,28.19,0.0,0.00,0.0,0.0,,0.0
162,22,5.00,3,22.24,29.47,27.88,0.0,0.00,0.0,0.0,,0.0
162,23,5.00,3,21.85,29.07,27.56,0.0,0.00,0.0,0.0,,0.0
162,24,5.00,3,21.52,28.69,27.24,0.0,0.00,0.0,0.0,,0.0
162,1,6.00,3,21.20,28.32,26.94,0.0,0.00,0.0,0.0,,0.0
162,2,6.00,3,20.81,27.95,26.63,0.0,0.00,0.0,0.0,,0.0
162,3,6.00,3,20.53,27.61,26.34,0.0,0.00,0.0,0.0,,0.0
162,4,6.00,3,20.19,27.26,26.05,0.0,0.00,0.0,0.0,,0.0
162,5,6.00,3,19.94,26.93,25.77,0.0,0.00,0.0,0.0,,0.0
162,6,6.00,3,19.66,26.61,25.49,0.0,0.00,0.0,0.0,,0.0
162,7,6.00,3,19.26,26.29,25.22,0.0,0.00,0.0,0.0,,0.0
162,8,6.00,3,20.19,26.99,26.05,0.0,0.00,0.0,0.0,,0.0
162,9,6.00,3,22.27,27.52,26.64,0.0,0.00,0.0,0.0,,0.0
162,10,6.00,3,24.16,28.10,27.15,-349.24,0.00,0.0,0.0,,-349.24
162,11,6.00,3,25.31,28.69,27.15,-2090.4,0.00,0.0,0.0,,-2090.4
162,12,6.00,3,26.13,29.32,27.15,-3524.37,0.00,0.0,0.0,,-3524.37
162,13,6.00,3,26.83,30.00,27.15,-4948.37,0.00,0.0,0.0,,-4948.37
162,14,6.00,3,27.55,30.69,27.15,-6324.08,0.00,0.0,-762.19,,-7086.27
162,15,6.00,3,28.12,31.36,27.15,-7500.77,0.00,0.0,0.0,,-7500.77
162,16,6.00,3,27.77,31.84,27.15,-8096.12,0.00,0.0,-885.97,,-8982.09
162,17,6.00,3,27.39,32.19,27.15,-8408.26,0.00,0.0,-852.18,,-9260.44
162,18,6.00,3,26.63,32.36,27.15,-8250.93,0.00,0.0,-647.96,,-8898.89
162,19,6.00,3,25.56,31.44,28.59,0.0,0.00,0.0,0.0,,0.0
162,20,6.00,3,24.41,30.91,28.65,0.0,0.00,0.0,0.0,,0.0
162,21,6.00,3,23.61,30.45,28.40,0.0,0.00,0.0,0.0,,0.0
162,22,6.00,3,23.08,30.03,28.10,0.0,0.00,0.0,0.0,,0.0
162,23,6.00,3,22.45,29.61,27.77,0.0,0.00,0.0,0.0,,0.0
162,24,6.00,3,21.81,29.20,27.44,0.0,0.00,0.0,0.0,,0.0
162,1,7.00,3,21.43,28.80,27.12,0.0,0.00,0.0,0.0,,0.0
162,2,7.00,3,20.99,28.41,26.81,0.0,0.00,0.0,0.0,,0.0
162,3,7.00,3,20.62,28.04,26.50,0.0,0.00,0.0,0.0,,0.0
162,4,7.00,3,20.29,27.67,26.20,0.0,0.00,0.0,0.0,,0.0
162,5,7.00,3,20.00,27.32,25.91,0.0,0.00,0.0,0.0,,0.0
162,6,7.00,3,19.84,26.98,25.63,0.0,0.00,0.0,0.0,,0.0
162,7,7.00,3,19.43,26.65,25.35,0.0,0.00,0.0,0.0,,0.0
162,8,7.00,3,20.35,27.31,26.18,0.0,0.00,0.0,0.0,,0.0
162,9,7.00,3,22.35,27.82,26.76,0.0,0.00,0.0,0.0,,0.0
162,10,7.00,3,24.14,28.37,27.15,-633.92,0.00,0.0,0.0,,-633.92
162,11,7.00,3,25.34,28.95,27.15,-2291.93,0.00,0.0,0.0,,-2291.93
162,12,7.00,3,26.18,29.57,27.15,-3706.67,0.00,0.0,0.0,,-3706.67
162,13,7.00,3,26.89,30.23,27.15,-5111.58,0.00,0.0,0.0,,-5111.58
162,14,7.00,3,27.34,30.87,27.15,-6348.13,0.00,0.0,-974.17,,-7322.3
162,15,7.00,3,27.79,31.49,27.15,-7442.0,0.00,0.0,-130.3,,-7572.3
162,16,7.00,3,27.38,31.93,27.15,-7974.19,0.00,0.0,-726.33,,-8700.52
162,17,7.00,3,26.89,32.25,27.15,-8207.32,0.00,0.0,-700.96,,-8908.279999999999
162,18,7.00,3,26.15,32.39,27.15,-8021.95,0.00,0.0,-481.16,,-8503.11
162,19,7.00,3,25.26,31.49,28.55,0.0,0.00,0.0,0.0,,0.0
162,20,7.00,3,24.25,30.97,28.60,0.0,0.00,0.0,0.0,,0.0
162,21,7.00,3,23.56,30.52,28.36,0.0,0.00,0.0,0.0,,0.0
162,22,7.00,3,23.24,30.11,28.08,0.0,0.00,0.0,0.0,,0.0
162,23,7.00,3,22.69,29.71,27.77,0.0,0.00,0.0,0.0,,0.0
162,24,7.00,3,22.26,29.31,27.46,0.0,0.00,0.0,0.0,,0.0
162,1,1.00,3,21.89,28.93,27.16,0.0,0.00,0.0,0.0,,0.0
162,2,1.00,3,21.40,28.55,26.86,0.0,0.00,0.0,0.0,,0.0
162,3,1.00,3,20.97,28.18,26.56,0.0,0.00,0.0,0.0,,0.0
162,4,1.00,3,20.47,27.81,26.26,0.0,0.00,0.0,0.0,,0.0
162,5,1.00,3,19.98,27.44,25.96,0.0,0.00,0.0,0.0,,0.0
162,6,1.00,3,19.68,27.09,25.67,0.0,0.00,0.0,0.0,,0.0
162,7,1.00,3,19.18,26.73,25.37,0.0,0.00,0.0,0.0,,0.0
162,8,1.00,3,20.12,27.36,26.17,0.0,0.00,0.0,0.0,,0.0
162,9,1.00,3,22.21,27.86,26.75,0.0,0.00,0.0,0.0,,0.0
162,10,1.00,3,24.17,28.43,27.15,-641.8,0.00,0.0,0.0,,-641.8
162,11,1.00,3,25.45,29.02,27.15,-2346.75,0.00,0.0,0.0,,-2346.75
162,12,1.00,3,26.44,29.67,27.15,-3832.47,0.00,0.0,-185.69,,-4018.16
162,13,1.00,3,27.41,30.38,27.15,-5368.04,0.00,0.0,-949.51,,-6317.55
162,14,1.00,3,27.79,31.04,27.15,-6596.51,0.00,0.0,-2123.75,,-8720.26
162,15,1.00,3,28.31,31.68,27.15,-7742.31,0.00,0.0,-1545.32,,-9287.630000000001
162,16,1.00,3,28.76,32.27,27.15,-8678.74,0.00,0.0,-2585.08,,-11263.82
162,17,1.00,3,28.18,32.63,27.15,-8938.27,0.00,0.0,-2563.55,,-11501.82
162,18,1.00,3,27.40,32.81,27.15,-8787.06,0.00,0.0,-2205.12,,-10992.18
162,19,1.00,3,26.32,31.87,28.72,0.0,0.00,0.0,0.0,,0.0
162,20,1.00,3,25.24,31.35,28.83,0.0,0.00,0.0,0.0,,0.0
162,21,1.00,3,24.30,30.90,28.60,0.0,0.00,0.0,0.0,,0.0
162,22,1.00,3,23.77,30.48,28.31,0.0,0.00,0.0,0.0,,0.0
162,23,1.00,3,22.96,30.05,27.99,0.0,0.00,0.0,0.0,,0.0
162,24,1.00,3,22.58,29.65,27.68,0.0,0.00,0.0,0.0,,0.0
162,1,2.00,3,22.05,29.25,27.37,0.0,0.00,0.0,0.0,,0.0
162,2,2.00,3,21.47,28.85,27.05,0.0,0.00,0.0,0.0,,0.0
162,3,2.00,3,21.08,28.47,26.74,0.0,0.00,0.0,0.0,,0.0
162,4,2.00,3,20.67,28.09,26.44,0.0,0.00,0.0,0.0,,0.0
162,5,2.00,3,20.23,27.72,26.14,0.0,0.00,0.0,0.0,,0.0
162,6,2.00,3,19.92,27.36,25.85,0.0,0.00,0.0,0.0,,0.0
162,7,2.00,3,19.33,26.99,25.54,0.0,0.00,0.0,0.0,,0.0
162,8,2.00,3,20.40,27.62,26.35,0.0,0.00,0.0,0.0,,0.0
162,9,2.00,3,22.76,28.16,26.98,0.0,0.00,0.0,0.0,,0.0
162,10,2.00,3,24.85,28.76,27.15,-1421.36,0.00,0.0,0.0,,-1421.36
162,11,2.00,3,25.99,29.35,27.15,-2919.24,0.00,0.0,0.0,,-2919.24
162,12,2.00,3,26.71,29.96,27.15,-4270.57,0.00,0.0,-553.89,,-4824.46
162,13,2.00,3,27.57,30.65,27.15,-5721.87,0.00,0.0,-1353.15,,-7075.02
162,14,2.00,3,27.30,31.19,27.15,-6631.93,0.00,0.0,-1701.44,,-8333.37
162,15,2.00,3,27.09,31.68,27.15,-7382.68,0.00,0.0,-309.89,,-7692.570000000001
162,16,2.00,3,26.77,32.07,27.15,-7873.81,0.00,0.0,-1381.63,,-9255.44
162,17,2.00,3,26.32,32.35,27.15,-8061.42,0.00,0.0,-1592.86,,-9654.28
162,18,2.00,3,25.62,32.46,27.15,-7843.0,0.00,0.0,-1052.36,,-8895.36
162,19,2.00,3,24.62,31.58,28.51,0.0,0.00,0.0,0.0,,0.0
162,20,2.00,3,23.67,31.04,28.54,0.0,0.00,0.0,0.0,,0.0
162,21,2.00,3,23.06,30.58,28.29,0.0,0.00,0.0,0.0,,0.0
162,22,2.00,3,22.53,30.13,27.97,0.0,0.00,0.0,0.0,,0.0
162,23,2.00,3,22.03,29.70,27.64,0.0,0.00,0.0,0.0,,0.0
162,24,2.00,3,21.41,29.27,27.30,0.0,0.00,0.0,0.0,,0.0
162,1,3.00,3,21.03,28.86,26.98,0.0,0.00,0.0,0.0,,0.0
162,2,3.00,3,20.73,28.47,26.67,0.0,0.00,0.0,0.0,,0.0
162,3,3.00,3,20.45,28.09,26.36,0.0,0.00,0.0,0.0,,0.0
162,4,3.00,3,20.19,27.73,26.07,0.0,0.00,0.0,0.0,,0.0
162,5,3.00,3,19.96,27.37,25.79,0.0,0.00,0.0,0.0,,0.0
162,6,3.00,3,20.30,27.08,25.56,0.0,0.00,0.0,0.0,,0.0
162,7,3.00,3,20.56,26.81,25.35,0.0,0.00,0.0,0.0,,0.0
162,8,3.00,3,21.04,28.29,26.89,0.0,0.00,0.0,0.0,,0.0
162,9,3.00,3,22.27,28.87,27.52,0.0,0.00,0.0,-0.0,,0.0
162,10,3.00,3,23.62,29.33,28.04,0.0,0.00,0.0,-0.0,,0.0
162,11,3.00,3,24.66,29.85,28.61,0.0,0.00,0.0,-0.0,,0.0
162,12,3.00,3,25.33,30.44,29.24,0.0,0.00,0.0,0.0,,0.0
162,13,3.00,3,26.16,31.10,29.95,0.0,0.00,0.0,0.0,,0.0
162,14,3.00,3,26.63,31.77,30.66,0.0,0.00,0.0,0.0,,0.0
162,15,3.00,3,27.06,32.43,31.36,0.0,0.00,0.0,0.0,,0.0
162,16,3.00,3,26.80,32.98,31.95,0.0,0.00,0.0,0.0,,0.0
162,17,3.00,3,26.35,33.42,32.43,0.0,0.00,0.0,0.0,,0.0
162,18,3.00,3,25.62,33.71,32.75,0.0,0.00,0.0,0.0,,0.0
162,19,3.00,3,24.61,32.12,31.19,0.0,0.00,0.0,0.0,,0.0
162,20,3.00,3,23.65,31.42,30.52,0.0,0.00,0.0,0.0,,0.0
162,21,3.00,3,22.89,30.89,30.02,0.0,0.00,0.0,0.0,,0.0
162,22,3.00,3,22.68,30.44,29.60,0.0,0.00,0.0,0.0,,0.0
162,23,3.00,3,22.05,29.99,29.18,0.0,0.00,0.0,0.0,,0.0
162,24,3.00,3,21.72,29.57,28.78,0.0,0.00,0.0,0.0,,0.0
162,1,4.00,3,21.38,29.16,28.40,0.0,0.00,0.0,0.0,,0.0
162,2,4.00,3,20.83,28.75,28.01,0.0,0.00,0.0,0.0,,0.0
162,3,4.00,3,20.52,28.36,27.64,0.0,0.00,0.0,0.0,,0.0
162,4,4.00,3,20.07,27.97,27.27,0.0,0.00,0.0,0.0,,0.0
162,5,4.00,3,19.71,27.59,26.91,0.0,0.00,0.0,0.0,,0.0
162,6,4.00,3,19.50,27.23,26.57,0.0,0.00,0.0,0.0,,0.0
162,7,4.00,3,19.21,26.88,26.24,0.0,0.00,0.0,0.0,,0.0
162,8,4.00,3,19.88,28.32,27.69,0.0,0.00,0.0,0.0,,0.0
162,9,4.00,3,21.48,28.87,28.26,0.0,0.00,0.0,0.0,,0.0
162,10,4.00,3,23.08,29.33,28.73,0.0,0.00,0.0,0.0,,0.0
162,11,4.00,3,24.40,29.85,29.27,0.0,0.00,0.0,0.0,,0.0
162,12,4.00,3,24.96,30.42,29.86,0.0,0.00,0.0,0.0,,0.0
162,13,4.00,3,25.70,31.07,30.52,0.0,0.00,0.0,0.0,,0.0
162,14,4.00,3,26.25,31.73,31.19,0.0,0.00,0.0,0.0,,0.0
162,15,4.00,3,26.53,32.36,31.84,0.0,0.00,0.0,0.0,,0.0
162,16,4.00,3,26.40,32.91,32.40,0.0,0.00,0.0,0.0,,0.0
162,17,4.00,3,25.90,33.34,32.84,0.0,0.00,0.0,0.0,,0.0
162,18,4.00,3,25.12,33.61,33.12,0.0,0.00,0.0,0.0,,0.0
162,19,4.00,3,23.97,32.00,31.52,0.0,0.00,0.0,0.0,,0.0
162,20,4.00,3,23.15,31.29,30.82,0.0,0.00,0.0,0.0,,0.0
162,21,4.00,3,22.89,30.79,30.33,0.0,0.00,0.0,0.0,,0.0
162,22,4.00,3,22.86,30.36,29.91,0.0,0.00,0.0,0.0,,0.0
162,23,4.00,3,22.53,29.95,29.51,0.0,0.00,0.0,0.0,,0.0
162,24,4.00,3,22.42,29.57,29.13,0.0,0.00,0.0,0.0,,0.0
162,1,5.00,3,22.24,29.21,28.78,0.0,0.00,0.0,0.0,,0.0
162,2,5.00,3,21.74,28.84,28.41,0.0,0.00,0.0,0.0,,0.0
162,3,5.00,3,21.40,28.48,28.06,0.0,0.00,0.0,0.0,,0.0
162,4,5.00,3,20.91,28.12,27.71,0.0,0.00,0.0,0.0,,0.0
162,5,5.00,3,20.49,27.76,27.36,0.0,0.00,0.0,0.0,,0.0
162,6,5.00,3,20.20,27.42,27.02,0.0,0.00,0.0,0.0,,0.0
162,7,5.00,3,19.23,27.04,26.65,0.0,0.00,0.0,0.0,,0.0
162,8,5.00,3,20.33,27.65,27.15,-451.7,0.00,0.0,0.0,,-451.7
162,9,5.00,3,22.62,28.18,27.15,-1893.26,0.00,0.0,0.0,,-1893.26
162,10,5.00,3,24.52,28.74,27.15,-3120.63,0.00,0.0,-555.96,,-3676.59
162,11,5.00,3,25.47,29.29,27.15,-4183.92,0.00,0.0,0.0,,-4183.92
162,12,5.00,3,26.11,29.86,27.15,-5267.9,0.00,0.0,-648.09,,-5915.99
162,13,5.00,3,26.43,30.44,27.15,-6280.5,0.00,0.0,-644.96,,-6925.46
162,14,5.00,3,26.66,31.00,27.15,-7207.98,0.00,0.0,-1437.36,,-8645.34
162,15,5.00,3,26.42,31.47,27.15,-7801.32,0.00,0.0,-845.71,,-8647.029999999999
162,16,5.00,3,25.95,31.83,27.15,-8104.42,0.00,0.0,-689.77,,-8794.19
162,17,5.00,3,25.33,32.05,27.15,-8098.68,0.00,0.0,-837.81,,-8936.49
162,18,5.00,3,24.43,32.10,27.15,-7681.18,0.00,0.0,-225.64,,-7906.820000000001
162,19,5.00,3,23.30,31.25,28.52,0.0,0.00,0.0,0.0,,0.0
162,20,5.00,3,22.41,30.70,28.52,0.0,0.00,0.0,0.0,,0.0
162,21,5.00,3,21.78,30.20,28.22,0.0,0.00,0.0,0.0,,0.0
162,22,5.00,3,21.29,29.74,27.87,0.0,0.00,0.0,0.0,,0.0
162,23,5.00,3,21.01,29.30,27.52,0.0,0.00,0.0,0.0,,0.0
162,24,5.00,3,20.66,28.87,27.17,0.0,0.00,0.0,0.0,,0.0
162,1,6.00,3,20.36,28.47,26.84,0.0,0.00,0.0,0.0,,0.0
162,2,6.00,3,20.05,28.07,26.52,0.0,0.00,0.0,0.0,,0.0
162,3,6.00,3,19.86,27.70,26.21,0.0,0.00,0.0,0.0,,0.0
162,4,6.00,3,19.60,27.34,25.91,0.0,0.00,0.0,0.0,,0.0
162,5,6.00,3,19.31,26.99,25.62,0.0,0.00,0.0,0.0,,0.0
162,6,6.00,3,18.98,26.64,25.33,0.0,0.00,0.0,0.0,,0.0
162,7,6.00,3,18.43,26.28,25.03,0.0,0.00,0.0,0.0,,0.0
162,8,6.00,3,19.37,26.89,25.79,0.0,0.00,0.0,0.0,,0.0
162,9,6.00,3,21.32,27.36,26.33,0.0,0.00,0.0,0.0,,0.0
162,10,6.00,3,23.30,27.92,26.94,0.0,0.00,0.0,0.0,,0.0
162,11,6.00,3,24.62,28.51,27.15,-1261.88,0.00,0.0,0.0,,-1261.88
162,12,6.00,3,25.60,29.15,27.15,-2914.38,0.00,0.0,0.0,,-2914.38
162,13,6.00,3,26.32,29.82,27.15,-4380.83,0.00,0.0,0.0,,-4380.83
162,14,6.00,3,27.08,30.51,27.15,-5802.75,0.00,0.0,-203.78,,-6006.53
162,15,6.00,3,26.81,31.04,27.15,-6634.7,0.00,0.0,-133.37,,-6768.07
162,16,6.00,3,26.45,31.46,27.15,-7197.26,0.00,0.0,-10.44,,-7207.7
162,17,6.00,3,25.84,31.74,27.15,-7384.45,0.00,0.0,-166.35,,-7550.8
162,18,6.00,3,25.17,31.87,27.15,-7232.7,0.00,0.0,0.0,,-7232.7
162,19,6.00,3,24.25,31.01,28.35,0.0,0.00,0.0,0.0,,0.0
162,20,6.00,3,23.38,30.50,28.35,0.0,0.00,0.0,0.0,,0.0
162,21,6.00,3,23.00,30.07,28.11,0.0,0.00,0.0,0.0,,0.0
162,22,6.00,3,22.65,29.67,27.82,0.0,0.00,0.0,0.0,,0.0
162,23,6.00,3,22.26,29.28,27.52,0.0,0.00,0.0,0.0,,0.0
162,24,6.00,3,21.90,28.90,27.22,0.0,0.00,0.0,0.0,,0.0
162,1,7.00,3,21.82,28.56,26.95,0.0,0.00,0.0,0.0,,0.0
162,2,7.00,3,21.47,28.21,26.67,0.0,0.00,0.0,0.0,,0.0
162,3,7.00,3,21.11,27.87,26.40,0.0,0.00,0.0,0.0,,0.0
162,4,7.00,3,20.73,27.54,26.12,0.0,0.00,0.0,0.0,,0.0
162,5,7.00,3,20.47,27.22,25.86,0.0,0.00,0.0,0.0,,0.0
162,6,7.00,3,20.25,26.91,25.61,0.0,0.00,0.0,0.0,,0.0
162,7,7.00,3,20.04,26.61,25.36,0.0,0.00,0.0,0.0,,0.0
162,8,7.00,3,20.77,27.34,26.24,0.0,0.00,0.0,0.0,,0.0
162,9,7.00,3,22.73,27.86,26.84,0.0,0.00,0.0,0.0,,0.0
162,10,7.00,3,24.69,28.46,27.15,-971.05,0.00,0.0,0.0,,-971.05
162,11,7.00,3,25.88,29.06,27.15,-2608.6,0.00,0.0,0.0,,-2608.6
162,12,7.00,3,26.94,29.74,27.15,-4149.34,0.00,0.0,0.0,,-4149.34
162,13,7.00,3,27.76,30.45,27.15,-5630.36,0.00,0.0,-549.36,,-6179.719999999999
162,14,7.00,3,28.52,31.18,27.15,-7038.3,0.00,0.0,-880.13,,-7918.43
162,15,7.00,3,29.04,31.86,27.15,-8212.48,0.00,0.0,-1981.04,,-10193.52
162,16,7.00,3,28.64,32.35,27.15,-8794.3,0.00,0.0,-1693.86,,-10488.16
162,17,7.00,3,28.03,32.68,27.15,-9013.5,0.00,0.0,-1597.93,,-10611.43
162,18,7.00,3,27.32,32.85,27.15,-8862.93,0.00,0.0,-1008.62,,-9871.550000000001
162,19,7.00,3,26.30,31.92,28.75,0.0,0.00,0.0,0.0,,0.0
162,20,7.00,3,25.37,31.41,28.88,0.0,0.00,0.0,0.0,,0.0
162,21,7.00,3,24.69,30.98,28.67,0.0,0.00,0.0,0.0,,0.0
162,22,7.00,3,24.27,30.59,28.41,0.0,0.00,0.0,0.0,,0.0
162,23,7.00,3,23.57,30.18,28.11,0.0,0.00,0.0,0.0,,0.0
162,24,7.00,3,23.22,29.80,27.82,0.0,0.00,0.0,0.0,,0.0
162,1,1.00,3,22.60,29.42,27.53,0.0,0.00,0.0,0.0,,0.0
162,2,1.00,3,21.97,29.03,27.22,0.0,0.00,0.0,0.0,,0.0
162,3,1.00,3,21.65,28.66,26.93,0.0,0.00,0.0,0.0,,0.0
162,4,1.00,3,21.30,28.31,26.65,0.0,0.00,0.0,0.0,,0.0
162,5,1.00,3,20.91,27.95,26.36,0.0,0.00,0.0,0.0,,0.0
162,6,1.00,3,20.60,27.61,26.09,0.0,0.00,0.0,0.0,,0.0
162,7,1.00,3,20.23,27.27,25.81,0.0,0.00,0.0,0.0,,0.0
162,8,1.00,3,21.27,27.97,26.70,0.0,0.00,0.0,0.0,,0.0
162,9,1.00,3,23.36,28.51,27.15,-475.84,0.00,0.0,-667.3,,-1143.1399999999999
162,10,1.00,3,25.20,29.07,27.15,-2172.07,0.00,0.0,-189.96,,-2362.03
162,11,1.00,3,26.48,29.68,27.15,-3588.37,0.00,0.0,-400.99,,-3989.3599999999997
162,12,1.00,3,27.48,30.34,27.15,-5027.12,0.00,0.0,-1551.59,,-6578.71
162,13,1.00,3,28.24,31.03,27.15,-6420.92,0.00,0.0,-1916.4,,-8337.32
162,14,1.00,3,28.96,31.74,27.15,-7752.24,0.00,0.0,-2794.62,,-10546.86
162,15,1.00,3,29.52,32.41,27.15,-8891.24,0.00,0.0,-2538.47,,-11429.71
162,16,1.00,3,29.00,32.87,27.15,-9379.33,0.00,0.0,-2695.75,,-12075.08
162,17,1.00,3,28.23,33.16,27.15,-9482.04,0.00,0.0,-2560.03,,-12042.070000000002
162,18,1.00,3,27.34,33.28,27.15,-9210.42,0.00,0.0,-2152.72,,-11363.14
162,19,1.00,3,26.20,32.35,28.85,0.0,0.00,0.0,0.0,,0.0
162,20,1.00,3,25.03,31.80,28.97,0.0,0.00,0.0,0.0,,0.0
162,21,1.00,3,24.13,31.32,28.73,0.0,0.00,0.0,0.0,,0.0
162,22,1.00,3,23.63,30.88,28.44,0.0,0.00,0.0,0.0,,0.0
162,23,1.00,3,22.74,30.42,28.10,0.0,0.00,0.0,0.0,,0.0
162,24,1.00,3,22.32,29.99,27.77,0.0,0.00,0.0,0.0,,0.0
162,1,2.00,3,21.72,29.56,27.44,0.0,0.00,0.0,0.0,,0.0
162,2,2.00,3,21.08,29.13,27.10,0.0,0.00,0.0,0.0,,0.0
162,3,2.00,3,20.49,28.70,26.76,0.0,0.00,0.0,0.0,,0.0
162,4,2.00,3,19.79,28.27,26.42,0.0,0.00,0.0,0.0,,0.0
162,5,2.00,3,19.16,27.84,26.07,0.0,0.00,0.0,0.0,,0.0
162,6,2.00,3,18.79,27.43,25.73,0.0,0.00,0.0,0.0,,0.0
162,7,2.00,3,18.23,27.02,25.39,0.0,0.00,0.0,0.0,,0.0
162,8,2.00,3,19.34,27.52,26.10,0.0,0.00,0.0,0.0,,0.0
162,9,2.00,3,21.33,27.95,26.61,0.0,0.00,0.0,0.0,,0.0
162,10,2.00,3,23.65,28.52,27.15,-312.05,0.00,0.0,0.0,,-312.05
162,11,2.00,3,24.97,29.10,27.15,-2089.93,0.00,0.0,0.0,,-2089.93
162,12,2.00,3,26.11,29.75,27.15,-3631.66,0.00,0.0,-229.86,,-3861.52
162,13,2.00,3,27.11,30.45,27.15,-5176.59,0.00,0.0,-1060.55,,-6237.14
162,14,2.00,3,26.87,31.00,27.15,-6132.8,0.00,0.0,-1494.7,,-7627.5
162,15,2.00,3,26.71,31.49,27.15,-6936.25,0.00,0.0,-497.25,,-7433.5
162,16,2.00,3,26.33,31.87,27.15,-7432.32,0.00,0.0,-1042.63,,-8474.95
162,17,2.00,3,25.70,32.12,27.15,-7558.14,0.00,0.0,-977.89,,-8536.03
162,18,2.00,3,24.95,32.21,27.15,-7322.63,0.00,0.0,-554.12,,-7876.75
162,19,2.00,3,24.05,31.36,28.39,0.0,0.00,0.0,0.0,,0.0
162,20,2.00,3,23.12,30.82,28.39,0.0,0.00,0.0,0.0,,0.0
162,21,2.00,3,22.55,30.36,28.12,0.0,0.00,0.0,0.0,,0.0
162,22,2.00,3,22.03,29.91,27.80,0.0,0.00,0.0,0.0,,0.0
162,23,2.00,3,21.43,29.47,27.45,0.0,0.00,0.0,0.0,,0.0
162,24,2.00,3,21.11,29.06,27.12,0.0,0.00,0.0,0.0,,0.0
162,1,3.00,3,20.71,28.65,26.80,0.0,0.00,0.0,0.0,,0.0
162,2,3.00,3,20.15,28.24,26.47,0.0,0.00,0.0,0.0,,0.0
162,3,3.00,3,19.70,27.84,26.15,0.0,0.00,0.0,0.0,,0.0
162,4,3.00,3,19.32,27.46,25.83,0.0,0.00,0.0,0.0,,0.0
162,5,3.00,3,18.97,27.08,25.52,0.0,0.00,0.0,0.0,,0.0
162,6,3.00,3,18.65,26.71,25.22,0.0,0.00,0.0,0.0,,0.0
162,7,3.00,3,18.30,26.36,24.92,0.0,0.00,0.0,0.0,,0.0
162,8,3.00,3,19.28,27.81,26.42,0.0,0.00,0.0,0.0,,0.0
162,9,3.00,3,21.11,28.39,27.06,0.0,0.00,0.0,0.0,,0.0
162,10,3.00,3,23.05,28.88,27.60,0.0,0.00,0.0,0.0,,0.0
162,11,3.00,3,24.28,29.43,28.19,0.0,0.00,0.0,0.0,,0.0
162,12,3.00,3,25.22,30.05,28.86,0.0,0.00,0.0,0.0,,0.0
162,13,3.00,3,25.79,30.72,29.57,0.0,0.00,0.0,0.0,,0.0
162,14,3.00,3,26.47,31.42,30.31,0.0,0.00,0.0,0.0,,0.0
162,15,3.00,3,26.95,32.09,31.03,0.0,0.00,0.0,0.0,,0.0
162,16,3.00,3,26.44,32.65,31.62,0.0,0.00,0.0,0.0,,0.0
162,17,3.00,3,25.83,33.09,32.09,0.0,0.00,0.0,0.0,,0.0
162,18,3.00,3,25.09,33.37,32.41,0.0,0.00,0.0,0.0,,0.0
162,19,3.00,3,24.16,31.79,30.86,0.0,0.00,0.0,0.0,,0.0
162,20,3.00,3,23.13,31.09,30.19,0.0,0.00,0.0,0.0,,0.0
162,21,3.00,3,22.41,30.56,29.69,0.0,0.00,0.0,0.0,,0.0
162,22,3.00,3,21.76,30.08,29.24,0.0,0.00,0.0,0.0,,0.0
162,23,3.00,3,21.05,29.61,28.79,0.0,0.00,0.0,0.0,,0.0
162,24,3.00,3,20.57,29.16,28.36,0.0,0.00,0.0,0.0,,0.0
162,1,4.00,3,20.19,28.73,27.95,0.0,0.00,0.0,0.0,,0.0
162,2,4.00,3,19.79,28.30,27.55,0.0,0.00,0.0,0.0,,0.0
162,3,4.00,3,19.43,27.89,27.17,0.0,0.00,0.0,0.0,,0.0
162,4,4.00,3,19.10,27.50,26.79,0.0,0.00,0.0,0.0,,0.0
162,5,4.00,3,18.80,27.12,26.43,0.0,0.00,0.0,0.0,,0.0
162,6,4.00,3,18.50,26.75,26.08,0.0,0.00,0.0,0.0,,0.0
162,7,4.00,3,18.16,26.38,25.73,0.0,0.00,0.0,0.0,,0.0
162,8,4.00,3,19.07,27.82,27.19,0.0,0.00,0.0,0.0,,0.0
162,9,4.00,3,21.00,28.40,27.78,0.0,0.00,0.0,0.0,,0.0
162,10,4.00,3,23.17,28.91,28.31,0.0,0.00,0.0,0.0,,0.0
162,11,4.00,3,24.43,29.46,28.87,0.0,0.00,0.0,0.0,,0.0
162,12,4.00,3,25.22,30.08,29.50,0.0,0.00,0.0,0.0,,0.0
162,13,4.00,3,25.97,30.76,30.20,0.0,0.00,0.0,0.0,,0.0
162,14,4.00,3,25.80,31.41,30.86,0.0,0.00,0.0,0.0,,0.0
162,15,4.00,3,25.64,32.01,31.47,0.0,0.00,0.0,0.0,,0.0
162,16,4.00,3,25.20,32.52,31.99,0.0,0.00,0.0,0.0,,0.0
162,17,4.00,3,24.70,32.92,32.40,0.0,0.00,0.0,0.0,,0.0
162,18,4.00,3,23.95,33.16,32.66,0.0,0.00,0.0,0.0,,0.0
162,19,4.00,3,23.00,31.55,31.05,0.0,0.00,0.0,0.0,,0.0
162,20,4.00,3,21.93,30.81,30.32,0.0,0.00,0.0,0.0,,0.0
162,21,4.00,3,21.21,30.25,29.77,0.0,0.00,0.0,0.0,,0.0
162,22,4.00,3,20.73,29.75,29.29,0.0,0.00,0.0,0.0,,0.0
162,23,4.00,3,20.38,29.29,28.83,0.0,0.00,0.0,0.0,,0.0
162,24,4.00,3,19.95,28.84,28.38,0.0,0.00,0.0,0.0,,0.0
162,1,5.00,3,19.54,28.40,27.95,0.0,0.00,0.0,0.0,,0.0
162,2,5.00,3,19.05,27.96,27.53,0.0,0.00,0.0,0.0,,0.0
162,3,5.00,3,18.81,27.55,27.12,0.0,0.00,0.0,0.0,,0.0
162,4,5.00,3,18.53,27.16,26.74,0.0,0.00,0.0,0.0,,0.0
162,5,5.00,3,18.13,26.77,26.35,0.0,0.00,0.0,0.0,,0.0
162,6,5.00,3,17.87,26.39,25.98,0.0,0.00,0.0,0.0,,0.0
162,7,5.00,3,17.46,26.02,25.62,0.0,0.00,0.0,0.0,,0.0
162,8,5.00,3,18.29,26.52,26.16,0.0,0.00,0.0,0.0,,0.0
162,9,5.00,3,20.43,26.99,26.64,0.0,0.00,0.0,0.0,,0.0
162,10,5.00,3,22.84,27.59,27.15,-304.43,0.00,0.0,0.0,,-304.43
162,11,5.00,3,24.12,28.19,27.15,-1975.46,0.00,0.0,0.0,,-1975.46
162,12,5.00,3,25.06,28.83,27.15,-3364.13,0.00,0.0,0.0,,-3364.13
162,13,5.00,3,25.83,29.50,27.15,-4734.87,0.00,0.0,0.0,,-4734.87
162,14,5.00,3,26.36,30.16,27.15,-5957.62,0.00,0.0,-1054.71,,-7012.33
162,15,5.00,3,26.84,30.79,27.15,-7023.7,0.00,0.0,-1124.61,,-8148.3099999999995
162,16,5.00,3,26.44,31.24,27.15,-7532.06,0.00,0.0,-916.38,,-8448.44
162,17,5.00,3,25.92,31.55,27.15,-7723.61,0.00,0.0,-1023.74,,-8747.35
162,18,5.00,3,25.13,31.68,27.15,-7485.36,0.00,0.0,-691.39,,-8176.75
162,19,5.00,3,24.05,30.80,28.43,0.0,0.00,0.0,0.0,,0.0
162,20,5.00,3,23.08,30.28,28.43,0.0,0.00,0.0,0.0,,0.0
162,21,5.00,3,22.42,29.84,28.16,0.0,0.00,0.0,0.0,,0.0
162,22,5.00,3,21.88,29.41,27.83,0.0,0.00,0.0,0.0,,0.0
162,23,5.00,3,21.46,29.00,27.50,0.0,0.00,0.0,0.0,,0.0
162,24,5.00,3,20.98,28.60,27.16,0.0,0.00,0.0,0.0,,0.0
162,1,6.00,3,20.50,28.21,26.83,0.0,0.00,0.0,0.0,,0.0
162,2,6.00,3,20.03,27.82,26.50,0.0,0.00,0.0,0.0,,0.0
162,3,6.00,3,19.74,27.45,26.18,0.0,0.00,0.0,0.0,,0.0
162,4,6.00,3,19.30,27.08,25.86,0.0,0.00,0.0,0.0,,0.0
162,5,6.00,3,18.95,26.72,25.55,0.0,0.00,0.0,0.0,,0.0
162,6,6.00,3,18.65,26.37,25.25,0.0,0.00,0.0,0.0,,0.0
162,7,6.00,3,18.14,26.02,24.94,0.0,0.00,0.0,0.0,,0.0
162,8,6.00,3,19.08,26.62,25.68,0.0,0.00,0.0,0.0,,0.0
162,9,6.00,3,21.02,27.09,26.21,0.0,0.00,0.0,0.0,,0.0
162,10,6.00,3,23.14,27.67,26.83,0.0,0.00,0.0,0.0,,0.0
162,11,6.00,3,24.29,28.25,27.15,-868.77,0.00,0.0,0.0,,-868.77
162,12,6.00,3,25.07,28.86,27.15,-2503.63,0.00,0.0,0.0,,-2503.63
162,13,6.00,3,25.66,29.49,27.15,-3906.28,0.00,0.0,0.0,,-3906.28
162,14,6.00,3,26.30,30.15,27.15,-5262.24,0.00,0.0,0.0,,-5262.24
162,15,6.00,3,26.68,30.76,27.15,-6369.24,0.00,0.0,0.0,,-6369.24
162,16,6.00,3,26.33,31.21,27.15,-6958.27,0.00,0.0,-104.7,,-7062.97
162,17,6.00,3,25.80,31.51,27.15,-7204.54,0.00,0.0,-266.88,,-7471.42
162,18,6.00,3,25.14,31.66,27.15,-7077.71,0.00,0.0,0.0,,-7077.71
162,19,6.00,3,24.19,30.79,28.30,0.0,0.00,0.0,0.0,,0.0
162,20,6.00,3,23.27,30.28,28.29,0.0,0.00,0.0,0.0,,0.0
162,21,6.00,3,22.55,29.84,28.03,0.0,0.00,0.0,0.0,,0.0
162,22,6.00,3,22.10,29.42,27.71,0.0,0.00,0.0,0.0,,0.0
162,23,6.00,3,21.34,29.00,27.36,0.0,0.00,0.0,0.0,,0.0
162,24,6.00,3,20.91,28.59,27.03,0.0,0.00,0.0,0.0,,0.0
162,1,7.00,3,20.41,28.19,26.70,0.0,0.00,0.0,0.0,,0.0
162,2,7.00,3,19.97,27.80,26.37,0.0,0.00,0.0,0.0,,0.0
162,3,7.00,3,19.57,27.42,26.05,0.0,0.00,0.0,0.0,,0.0
162,4,7.00,3,19.19,27.05,25.73,0.0,0.00,0.0,0.0,,0.0
162,5,7.00,3,18.80,26.68,25.42,0.0,0.00,0.0,0.0,,0.0
162,6,7.00,3,18.56,26.34,25.12,0.0,0.00,0.0,0.0,,0.0
162,7,7.00,3,18.21,25.99,24.83,0.0,0.00,0.0,0.0,,0.0
162,8,7.00,3,19.05,26.59,25.57,0.0,0.00,0.0,0.0,,0.0
162,9,7.00,3,21.01,27.07,26.11,0.0,0.00,0.0,0.0,,0.0
162,10,7.00,3,23.16,27.65,26.74,0.0,0.00,0.0,0.0,,0.0
162,11,7.00,3,24.33,28.24,27.15,-638.47,0.00,0.0,0.0,,-638.47
162,12,7.00,3,25.15,28.85,27.15,-2371.41,0.00,0.0,0.0,,-2371.41
162,13,7.00,3,25.74,29.49,27.15,-3799.04,0.00,0.0,0.0,,-3799.04
162,14,7.00,3,26.40,30.16,27.15,-5188.24,0.00,0.0,0.0,,-5188.24
162,15,7.00,3,26.31,30.70,27.15,-6101.97,0.00,0.0,0.0,,-6101.97
162,16,7.00,3,25.98,31.13,27.15,-6692.75,0.00,0.0,0.0,,-6692.75
162,17,7.00,3,25.48,31.42,27.15,-6944.2,0.00,0.0,0.0,,-6944.2
162,18,7.00,3,24.85,31.56,27.15,-6827.69,0.00,0.0,0.0,,-6827.69
162,19,7.00,3,23.95,30.71,28.24,0.0,0.00,0.0,0.0,,0.0
162,20,7.00,3,23.06,30.19,28.21,0.0,0.00,0.0,0.0,,0.0
162,21,7.00,3,22.49,29.76,27.95,0.0,0.00,0.0,0.0,,0.0
162,22,7.00,3,21.98,29.34,27.63,0.0,0.00,0.0,0.0,,0.0
162,23,7.00,3,21.71,28.95,27.32,0.0,0.00,0.0,0.0,,0.0
162,24,7.00,3,21.29,28.57,27.00,0.0,0.00,0.0,0.0,,0.0
162,1,1.00,4,21.09,28.20,26.71,0.0,0.00,0.0,0.0,,0.0
162,2,1.00,4,20.88,27.86,26.43,0.0,0.00,0.0,0.0,,0.0
162,3,1.00,4,20.80,27.54,26.16,0.0,0.00,0.0,0.0,,0.0
162,4,1.00,4,20.74,27.23,25.91,0.0,0.00,0.0,0.0,,0.0
162,5,1.00,4,20.65,26.95,25.68,0.0,0.00,0.0,0.0,,0.0
162,6,1.00,4,20.64,26.68,25.46,0.0,0.00,0.0,0.0,,0.0
162,7,1.00,4,20.12,26.39,25.22,0.0,0.00,0.0,0.0,,0.0
162,8,1.00,4,20.48,27.11,26.09,0.0,0.00,0.0,0.0,,0.0
162,9,1.00,4,22.08,27.60,26.64,0.0,0.00,0.0,0.0,,0.0
162,10,1.00,4,24.15,28.22,26.68,-1808.41,0.00,0.0,0.0,,-1808.41
162,11,1.00,4,25.15,28.84,26.68,-3256.13,0.00,0.0,0.0,,-3256.13
162,12,1.00,4,25.77,29.51,26.68,-4704.31,0.00,0.0,-377.97,,-5082.280000000001
162,13,1.00,4,26.21,30.21,26.68,-6109.76,0.00,0.0,-934.91,,-7044.67
162,14,1.00,4,26.64,30.91,26.68,-7412.87,0.00,0.0,-1919.83,,-9332.7
162,15,1.00,4,26.90,31.55,26.68,-8452.67,0.00,0.0,-1818.28,,-10270.95
162,16,1.00,4,26.47,32.00,26.68,-8936.01,0.00,0.0,-1941.04,,-10877.05
162,17,1.00,4,25.75,32.26,26.68,-8960.86,0.00,0.0,-2145.28,,-11106.140000000001
162,18,1.00,4,24.97,32.32,26.68,-8530.93,0.00,0.0,-1657.59,,-10188.52
162,19,1.00,4,23.78,31.37,28.19,0.0,0.00,0.0,0.0,,0.0
162,20,1.00,4,22.62,30.75,28.19,0.0,0.00,0.0,0.0,,0.0
162,21,1.00,4,21.75,30.21,27.87,0.0,0.00,0.0,0.0,,0.0
162,22,1.00,4,20.94,29.69,27.49,0.0,0.00,0.0,0.0,,0.0
162,23,1.00,4,20.52,29.21,27.11,0.0,0.00,0.0,0.0,,0.0
162,24,1.00,4,19.87,28.74,26.73,0.0,0.00,0.0,0.0,,0.0
162,1,2.00,4,19.37,28.28,26.36,0.0,0.00,0.0,0.0,,0.0
162,2,2.00,4,18.92,27.84,26.00,0.0,0.00,0.0,0.0,,0.0
162,3,2.00,4,18.55,27.41,25.66,0.0,0.00,0.0,0.0,,0.0
162,4,2.00,4,18.01,26.99,25.31,0.0,0.00,0.0,0.0,,0.0
162,5,2.00,4,17.37,26.56,24.95,0.0,0.00,0.0,0.0,,0.0
162,6,2.00,4,17.05,26.15,24.61,0.0,0.00,0.0,0.0,,0.0
162,7,2.00,4,16.47,25.74,24.26,0.0,0.00,0.0,0.0,,0.0
162,8,2.00,4,17.51,26.21,24.91,0.0,0.00,0.0,0.0,,0.0
162,9,2.00,4,19.70,26.67,25.46,0.0,0.00,0.0,0.0,,0.0
162,10,2.00,4,22.43,27.34,26.19,0.0,0.00,0.0,0.0,,0.0
162,11,2.00,4,23.82,28.01,26.68,-671.74,0.00,0.0,0.0,,-671.74
162,12,2.00,4,24.79,28.73,26.68,-2738.26,0.00,0.0,0.0,,-2738.26
162,13,2.00,4,25.55,29.50,26.68,-4467.97,0.00,0.0,-60.94,,-4528.91
162,14,2.00,4,26.07,30.24,26.68,-5980.44,0.00,0.0,-1537.03,,-7517.469999999999
162,15,2.00,4,26.50,30.92,26.68,-7242.23,0.00,0.0,-1072.84,,-8315.07
162,16,2.00,4,26.07,31.41,26.68,-7862.37,0.00,0.0,-1362.67,,-9225.04
162,17,2.00,4,25.44,31.70,26.68,-8038.42,0.00,0.0,-1610.22,,-9648.64
162,18,2.00,4,24.59,31.78,26.68,-7681.15,0.00,0.0,-1177.3,,-8858.449999999999
162,19,2.00,4,23.41,30.83,27.94,0.0,0.00,0.0,0.0,,0.0
162,20,2.00,4,22.30,30.23,27.89,0.0,0.00,0.0,0.0,,0.0
162,21,2.00,4,21.48,29.71,27.57,0.0,0.00,0.0,0.0,,0.0
162,22,2.00,4,20.92,29.23,27.21,0.0,0.00,0.0,0.0,,0.0
162,23,2.00,4,20.61,28.79,26.86,0.0,0.00,0.0,0.0,,0.0
162,24,2.00,4,20.09,28.35,26.51,0.0,0.00,0.0,0.0,,0.0
162,1,3.00,4,19.31,27.90,26.14,0.0,0.00,0.0,0.0,,0.0
162,2,3.00,4,18.58,27.46,25.77,0.0,0.00,0.0,0.0,,0.0
162,3,3.00,4,18.07,27.03,25.41,0.0,0.00,0.0,0.0,,0.0
162,4,3.00,4,17.56,26.60,25.05,0.0,0.00,0.0,0.0,,0.0
162,5,3.00,4,17.18,26.20,24.71,0.0,0.00,0.0,0.0,,0.0
162,6,3.00,4,16.92,25.81,24.38,0.0,0.00,0.0,0.0,,0.0
162,7,3.00,4,16.43,25.42,24.05,0.0,0.00,0.0,0.0,,0.0
162,8,3.00,4,17.44,26.86,25.54,0.0,0.00,0.0,0.0,,0.0
162,9,3.00,4,19.54,27.46,26.19,0.0,0.00,0.0,0.0,,0.0
162,10,3.00,4,21.99,28.02,26.80,0.0,0.00,0.0,0.0,,0.0
162,11,3.00,4,23.40,28.64,27.47,0.0,0.00,0.0,0.0,,0.0
162,12,3.00,4,24.38,29.37,28.24,0.0,0.00,0.0,0.0,,0.0
162,13,3.00,4,25.23,30.17,29.08,0.0,0.00,0.0,0.0,,0.0
162,14,3.00,4,25.75,30.98,29.92,0.0,0.00,0.0,0.0,,0.0
162,15,3.00,4,26.21,31.74,30.72,0.0,0.00,0.0,0.0,,0.0
162,16,3.00,4,25.91,32.38,31.39,0.0,0.00,0.0,0.0,,0.0
162,17,3.00,4,25.31,32.85,31.90,0.0,0.00,0.0,0.0,,0.0
162,18,3.00,4,24.48,33.10,32.18,0.0,0.00,0.0,0.0,,0.0
162,19,3.00,4,23.35,31.42,30.53,0.0,0.00,0.0,0.0,,0.0
162,20,3.00,4,22.23,30.64,29.78,0.0,0.00,0.0,0.0,,0.0
162,21,3.00,4,21.35,30.06,29.23,0.0,0.00,0.0,0.0,,0.0
162,22,3.00,4,20.64,29.54,28.73,0.0,0.00,0.0,0.0,,0.0
162,23,3.00,4,20.32,29.07,28.28,0.0,0.00,0.0,0.0,,0.0
162,24,3.00,4,19.74,28.60,27.84,0.0,0.00,0.0,0.0,,0.0
162,1,4.00,4,19.14,28.14,27.40,0.0,0.00,0.0,0.0,,0.0
162,2,4.00,4,18.43,27.67,26.96,0.0,0.00,0.0,0.0,,0.0
162,3,4.00,4,17.82,27.22,26.52,0.0,0.00,0.0,0.0,,0.0
162,4,4.00,4,17.28,26.77,26.10,0.0,0.00,0.0,0.0,,0.0
162,5,4.00,4,16.99,26.35,25.69,0.0,0.00,0.0,0.0,,0.0
162,6,4.00,4,16.82,25.96,25.31,0.0,0.00,0.0,0.0,,0.0
162,7,4.00,4,16.52,25.57,24.94,0.0,0.00,0.0,0.0,,0.0
162,8,4.00,4,17.37,27.00,26.39,0.0,0.00,0.0,0.0,,0.0
162,9,4.00,4,19.34,27.58,26.99,0.0,0.00,0.0,0.0,,0.0
162,10,4.00,4,21.90,28.13,27.55,0.0,0.00,0.0,0.0,,0.0
162,11,4.00,4,23.46,28.76,28.19,0.0,0.00,0.0,0.0,,0.0
162,12,4.00,4,24.54,29.49,28.94,0.0,0.00,0.0,0.0,,0.0
162,13,4.00,4,25.60,30.31,29.77,0.0,0.00,0.0,0.0,,0.0
162,14,4.00,4,25.84,31.10,30.58,0.0,0.00,0.0,0.0,,0.0
162,15,4.00,4,26.41,31.87,31.35,0.0,0.00,0.0,0.0,,0.0
162,16,4.00,4,26.06,32.50,32.00,0.0,0.00,0.0,0.0,,0.0
162,17,4.00,4,25.41,32.97,32.47,0.0,0.00,0.0,0.0,,0.0
162,18,4.00,4,24.47,33.22,32.73,0.0,0.00,0.0,0.0,,0.0
162,19,4.00,4,23.25,31.52,31.04,0.0,0.00,0.0,0.0,,0.0
162,20,4.00,4,22.09,30.73,30.26,0.0,0.00,0.0,0.0,,0.0
162,21,4.00,4,21.24,30.14,29.68,0.0,0.00,0.0,0.0,,0.0
162,22,4.00,4,20.79,29.63,29.18,0.0,0.00,0.0,0.0,,0.0
162,23,4.00,4,20.38,29.15,28.71,0.0,0.00,0.0,0.0,,0.0
162,24,4.00,4,19.66,28.67,28.23,0.0,0.00,0.0,0.0,,0.0
162,1,5.00,4,19.11,28.20,27.78,0.0,0.00,0.0,0.0,,0.0
162,2,5.00,4,18.53,27.75,27.33,0.0,0.00,0.0,0.0,,0.0
162,3,5.00,4,18.08,27.30,26.89,0.0,0.00,0.0,0.0,,0.0
162,4,5.00,4,17.62,26.87,26.46,0.0,0.00,0.0,0.0,,0.0
162,5,5.00,4,17.08,26.44,26.04,0.0,0.00,0.0,0.0,,0.0
162,6,5.00,4,16.72,26.03,25.63,0.0,0.00,0.0,0.0,,0.0
162,7,5.00,4,16.32,25.63,25.24,0.0,0.00,0.0,0.0,,0.0
162,8,5.00,4,17.07,26.04,25.69,0.0,0.00,0.0,0.0,,0.0
162,9,5.00,4,19.00,26.45,26.11,0.0,0.00,0.0,0.0,,0.0
162,10,5.00,4,21.57,27.06,26.68,-149.45,0.00,0.0,0.0,,-149.45
162,11,5.00,4,23.27,27.75,26.68,-2119.87,0.00,0.0,0.0,,-2119.87
162,12,5.00,4,24.33,28.48,26.68,-3723.79,0.00,0.0,0.0,,-3723.79
162,13,5.00,4,25.28,29.27,26.68,-5348.63,0.00,0.0,-33.34,,-5381.97
162,14,5.00,4,25.78,30.01,26.68,-6705.85,0.00,0.0,-1560.04,,-8265.89
162,15,5.00,4,26.27,30.71,26.68,-7868.83,0.00,0.0,-1546.34,,-9415.17
162,16,5.00,4,25.75,31.18,26.68,-8342.43,0.00,0.0,-1570.29,,-9912.720000000001
162,17,5.00,4,24.96,31.45,26.68,-8350.83,0.00,0.0,-1951.41,,-10302.24
162,18,5.00,4,23.83,31.47,26.68,-7774.07,0.00,0.0,-998.13,,-8772.199999999999
162,19,5.00,4,22.49,30.53,28.00,0.0,0.00,0.0,0.0,,0.0
162,20,5.00,4,21.27,29.90,27.92,0.0,0.00,0.0,0.0,,0.0
162,21,5.00,4,20.28,29.35,27.56,0.0,0.00,0.0,0.0,,0.0
162,22,5.00,4,19.58,28.83,27.14,0.0,0.00,0.0,0.0,,0.0
162,23,5.00,4,18.84,28.32,26.72,0.0,0.00,0.0,0.0,,0.0
162,24,5.00,4,18.01,27.81,26.28,0.0,0.00,0.0,0.0,,0.0
162,1,6.00,4,17.38,27.32,25.85,0.0,0.00,0.0,0.0,,0.0
162,2,6.00,4,16.89,26.85,25.44,0.0,0.00,0.0,0.0,,0.0
162,3,6.00,4,16.47,26.39,25.04,0.0,0.00,0.0,0.0,,0.0
162,4,6.00,4,15.92,25.94,24.64,0.0,0.00,0.0,0.0,,0.0
162,5,6.00,4,15.45,25.49,24.26,0.0,0.00,0.0,0.0,,0.0
162,6,6.00,4,15.01,25.06,23.87,0.0,0.00,0.0,0.0,,0.0
162,7,6.00,4,14.60,24.64,23.50,0.0,0.00,0.0,0.0,,0.0
162,8,6.00,4,15.76,25.05,24.05,0.0,0.00,0.0,0.0,,0.0
162,9,6.00,4,17.81,25.47,24.53,0.0,0.00,0.0,0.0,,0.0
162,10,6.00,4,20.22,26.06,25.17,0.0,0.00,0.0,0.0,,0.0
162,11,6.00,4,21.87,26.74,25.89,0.0,0.00,0.0,0.0,,0.0
162,12,6.00,4,22.96,27.47,26.66,0.0,0.00,0.0,0.0,,0.0
162,13,6.00,4,23.93,28.25,26.68,-2298.92,0.00,0.0,0.0,,-2298.92
162,14,6.00,4,24.66,29.03,26.68,-4044.54,0.00,0.0,0.0,,-4044.54
162,15,6.00,4,25.35,29.77,26.68,-5541.49,0.00,0.0,0.0,,-5541.49
162,16,6.00,4,24.84,30.26,26.68,-6235.67,0.00,0.0,0.0,,-6235.67
162,17,6.00,4,24.13,30.56,26.68,-6472.22,0.00,0.0,0.0,,-6472.22
162,18,6.00,4,23.08,30.61,26.68,-6094.36,0.00,0.0,0.0,,-6094.36
162,19,6.00,4,21.80,29.68,27.50,0.0,0.00,0.0,0.0,,0.0
162,20,6.00,4,20.62,29.07,27.33,0.0,0.00,0.0,0.0,,0.0
162,21,6.00,4,19.84,28.55,26.97,0.0,0.00,0.0,0.0,,0.0
162,22,6.00,4,19.42,28.08,26.58,0.0,0.00,0.0,0.0,,0.0
162,23,6.00,4,18.77,27.61,26.18,0.0,0.00,0.0,0.0,,0.0
162,24,6.00,4,18.20,27.16,25.79,0.0,0.00,0.0,0.0,,0.0
162,1,7.00,4,18.29,26.76,25.45,0.0,0.00,0.0,0.0,,0.0
162,2,7.00,4,17.84,26.36,25.10,0.0,0.00,0.0,0.0,,0.0
162,3,7.00,4,17.39,25.97,24.76,0.0,0.00,0.0,0.0,,0.0
162,4,7.00,4,17.03,25.59,24.43,0.0,0.00,0.0,0.0,,0.0
162,5,7.00,4,16.54,25.21,24.09,0.0,0.00,0.0,0.0,,0.0
162,6,7.00,4,16.11,24.83,23.76,0.0,0.00,0.0,0.0,,0.0
162,7,7.00,4,15.44,24.45,23.41,0.0,0.00,0.0,0.0,,0.0
162,8,7.00,4,16.46,24.96,24.05,0.0,0.00,0.0,0.0,,0.0
162,9,7.00,4,18.44,25.42,24.56,0.0,0.00,0.0,0.0,,0.0
162,10,7.00,4,20.79,26.03,25.22,0.0,0.00,0.0,0.0,,0.0
162,11,7.00,4,22.22,26.70,25.93,0.0,0.00,0.0,0.0,,0.0
162,12,7.00,4,23.35,27.45,26.68,-61.08,0.00,0.0,0.0,,-61.08
162,13,7.00,4,24.33,28.25,26.68,-2461.31,0.00,0.0,0.0,,-2461.31
162,14,7.00,4,24.83,29.01,26.68,-4106.31,0.00,0.0,0.0,,-4106.31
162,15,7.00,4,25.56,29.75,26.68,-5617.91,0.00,0.0,0.0,,-5617.91
162,16,7.00,4,25.21,30.28,26.68,-6389.18,0.00,0.0,-181.89,,-6571.070000000001
162,17,7.00,4,24.38,30.57,26.68,-6583.0,0.00,0.0,0.0,,-6583.0
162,18,7.00,4,23.44,30.65,26.68,-6260.12,0.00,0.0,0.0,,-6260.12
162,19,7.00,4,22.16,29.70,27.54,0.0,0.00,0.0,0.0,,0.0
162,20,7.00,4,21.08,29.10,27.39,0.0,0.00,0.0,0.0,,0.0
162,21,7.00,4,20.42,28.60,27.04,0.0,0.00,0.0,0.0,,0.0
162,22,7.00,4,20.03,28.15,26.67,0.0,0.00,0.0,0.0,,0.0
162,23,7.00,4,19.45,27.71,26.30,0.0,0.00,0.0,0.0,,0.0
162,24,7.00,4,18.89,27.28,25.92,0.0,0.00,0.0,0.0,,0.0
162,1,1.00,4,18.49,26.86,25.57,0.0,0.00,0.0,0.0,,0.0
162,2,1.00,4,17.84,26.44,25.20,0.0,0.00,0.0,0.0,,0.0
162,3,1.00,4,17.22,26.03,24.83,0.0,0.00,0.0,0.0,,0.0
162,4,1.00,4,16.70,25.62,24.47,0.0,0.00,0.0,0.0,,0.0
162,5,1.00,4,16.25,25.22,24.12,0.0,0.00,0.0,0.0,,0.0
162,6,1.00,4,15.88,24.84,23.77,0.0,0.00,0.0,0.0,,0.0
162,7,1.00,4,15.56,24.46,23.44,0.0,0.00,0.0,0.0,,0.0
162,8,1.00,4,16.47,24.97,24.07,0.0,0.00,0.0,0.0,,0.0
162,9,1.00,4,18.12,25.37,24.53,0.0,0.00,0.0,0.0,,0.0
162,10,1.00,4,20.32,25.95,25.14,0.0,0.00,0.0,0.0,,0.0
162,11,1.00,4,21.74,26.58,25.82,0.0,0.00,0.0,0.0,,0.0
162,12,1.00,4,22.91,27.32,26.58,0.0,0.00,0.0,0.0,,0.0
162,13,1.00,4,23.74,28.08,26.68,-2015.02,0.00,0.0,0.0,,-2015.02
162,14,1.00,4,24.45,28.85,26.68,-3788.53,0.00,0.0,-164.17,,-3952.7000000000003
162,15,1.00,4,25.20,29.59,26.68,-5308.6,0.00,0.0,-137.25,,-5445.85
162,16,1.00,4,24.99,30.13,26.68,-6138.67,0.00,0.0,-458.89,,-6597.56
162,17,1.00,4,24.47,30.47,26.68,-6479.96,0.00,0.0,-302.29,,-6782.25
162,18,1.00,4,23.73,30.59,26.68,-6269.23,0.00,0.0,0.0,,-6269.23
162,19,1.00,4,22.66,29.65,27.54,0.0,0.00,0.0,0.0,,0.0
162,20,1.00,4,21.83,29.09,27.42,0.0,0.00,0.0,0.0,,0.0
162,21,1.00,4,21.60,28.66,27.14,0.0,0.00,0.0,0.0,,0.0
162,22,1.00,4,21.28,28.26,26.82,0.0,0.00,0.0,0.0,,0.0
162,23,1.00,4,21.12,27.89,26.52,0.0,0.00,0.0,0.0,,0.0
162,24,1.00,4,20.91,27.54,26.23,0.0,0.00,0.0,0.0,,0.0
162,1,2.00,4,20.74,27.21,25.95,0.0,0.00,0.0,0.0,,0.0
162,2,2.00,4,20.47,26.89,25.68,0.0,0.00,0.0,0.0,,0.0
162,3,2.00,4,20.28,26.59,25.42,0.0,0.00,0.0,0.0,,0.0
162,4,2.00,4,20.09,26.29,25.18,0.0,0.00,0.0,0.0,,0.0
162,5,2.00,4,19.99,26.02,24.94,0.0,0.00,0.0,0.0,,0.0
162,6,2.00,4,19.71,25.75,24.71,0.0,0.00,0.0,0.0,,0.0
162,7,2.00,4,19.74,25.50,24.50,0.0,0.00,0.0,-0.0,,0.0
162,8,2.00,4,19.86,26.26,25.38,0.0,0.00,0.0,0.0,,0.0
162,9,2.00,4,20.79,26.66,25.84,0.0,0.00,0.0,0.0,,0.0
162,10,2.00,4,22.47,27.20,26.41,0.0,0.00,0.0,0.0,,0.0
162,11,2.00,4,23.34,27.76,26.68,-950.11,0.00,0.0,0.0,,-950.11
162,12,2.00,4,23.89,28.38,26.68,-2592.47,0.00,0.0,0.0,,-2592.47
162,13,2.00,4,24.15,29.02,26.68,-3975.9,0.00,0.0,0.0,,-3975.9
162,14,2.00,4,24.28,29.63,26.68,-5189.99,0.00,0.0,0.0,,-5189.99
162,15,2.00,4,24.14,30.16,26.68,-6068.09,0.00,0.0,-191.79,,-6259.88
162,16,2.00,4,23.71,30.54,26.68,-6547.02,0.00,0.0,0.0,,-6547.02
162,17,2.00,4,23.19,30.78,26.68,-6656.85,0.00,0.0,0.0,,-6656.85
162,18,2.00,4,22.42,30.80,26.68,-6240.09,0.00,0.0,0.0,,-6240.09
162,19,2.00,4,21.43,29.92,27.60,0.0,0.00,0.0,0.0,,0.0
162,20,2.00,4,20.60,29.32,27.45,0.0,0.00,0.0,0.0,,0.0
162,21,2.00,4,20.34,28.82,27.11,0.0,0.00,0.0,0.0,,0.0
162,22,2.00,4,19.82,28.35,26.73,0.0,0.00,0.0,0.0,,0.0
162,23,2.00,4,19.73,27.92,26.38,0.0,0.00,0.0,0.0,,0.0
162,24,2.00,4,19.34,27.51,26.03,0.0,0.00,0.0,0.0,,0.0
162,1,3.00,4,19.24,27.12,25.71,0.0,0.00,0.0,0.0,,0.0
162,2,3.00,4,19.39,26.78,25.42,0.0,0.00,0.0,0.0,,0.0
162,3,3.00,4,19.19,26.44,25.14,0.0,0.00,0.0,0.0,,0.0
162,4,3.00,4,18.96,26.11,24.86,0.0,0.00,0.0,0.0,,0.0
162,5,3.00,4,18.79,25.80,24.60,0.0,0.00,0.0,0.0,,0.0
162,6,3.00,4,18.65,25.51,24.35,0.0,0.00,0.0,0.0,,0.0
162,7,3.00,4,18.29,25.21,24.10,0.0,0.00,0.0,0.0,,0.0
162,8,3.00,4,18.80,26.69,25.62,0.0,0.00,0.0,0.0,,0.0
162,9,3.00,4,20.51,27.32,26.29,0.0,0.00,0.0,-0.0,,0.0
162,10,3.00,4,22.42,27.87,26.88,0.0,0.00,0.0,-0.0,,0.0
162,11,3.00,4,23.41,28.47,27.52,0.0,0.00,0.0,0.0,,0.0
162,12,3.00,4,24.20,29.18,28.26,0.0,0.00,0.0,0.0,,0.0
162,13,3.00,4,24.81,29.96,29.07,0.0,0.00,0.0,0.0,,0.0
162,14,3.00,4,25.13,30.73,29.87,0.0,0.00,0.0,0.0,,0.0
162,15,3.00,4,24.93,31.42,30.59,0.0,0.00,0.0,0.0,,0.0
162,16,3.00,4,24.50,31.99,31.19,0.0,0.00,0.0,0.0,,0.0
162,17,3.00,4,23.90,32.42,31.64,0.0,0.00,0.0,0.0,,0.0
162,18,3.00,4,22.88,32.62,31.86,0.0,0.00,0.0,0.0,,0.0
162,19,3.00,4,21.94,30.90,30.17,0.0,0.00,0.0,0.0,,0.0
162,20,3.00,4,21.07,30.10,29.39,0.0,0.00,0.0,0.0,,0.0
162,21,3.00,4,20.73,29.54,28.85,0.0,0.00,0.0,0.0,,0.0
162,22,3.00,4,20.24,29.04,28.37,0.0,0.00,0.0,0.0,,0.0
162,23,3.00,4,19.95,28.57,27.92,0.0,0.00,0.0,0.0,,0.0
162,24,3.00,4,19.59,28.13,27.50,0.0,0.00,0.0,0.0,,0.0
162,1,4.00,4,19.24,27.70,27.09,0.0,0.00,0.0,0.0,,0.0
162,2,4.00,4,19.01,27.30,26.70,0.0,0.00,0.0,0.0,,0.0
162,3,4.00,4,18.84,26.91,26.33,0.0,0.00,0.0,0.0,,0.0
162,4,4.00,4,18.54,26.54,25.98,0.0,0.00,0.0,0.0,,0.0
162,5,4.00,4,18.27,26.18,25.63,0.0,0.00,0.0,0.0,,0.0
162,6,4.00,4,18.09,25.84,25.30,0.0,0.00,0.0,0.0,,0.0
162,7,4.00,4,17.87,25.51,24.99,0.0,0.00,0.0,0.0,,0.0
162,8,4.00,4,18.32,26.96,26.45,0.0,0.00,0.0,0.0,,0.0
162,9,4.00,4,19.60,27.52,27.02,0.0,0.00,0.0,0.0,,0.0
162,10,4.00,4,21.45,28.02,27.53,0.0,0.00,0.0,0.0,,0.0
162,11,4.00,4,22.65,28.59,28.11,0.0,0.00,0.0,0.0,,0.0
162,12,4.00,4,23.31,29.26,28.79,0.0,0.00,0.0,0.0,,0.0
162,13,4.00,4,24.07,30.01,29.55,0.0,0.00,0.0,0.0,,0.0
162,14,4.00,4,24.47,30.75,30.30,0.0,0.00,0.0,0.0,,0.0
162,15,4.00,4,24.97,31.47,31.03,0.0,0.00,0.0,0.0,,0.0
162,16,4.00,4,24.74,32.07,31.63,0.0,0.00,0.0,0.0,,0.0
162,17,4.00,4,24.24,32.51,32.08,0.0,0.00,0.0,0.0,,0.0
162,18,4.00,4,23.40,32.73,32.32,0.0,0.00,0.0,0.0,,0.0
162,19,4.00,4,22.44,31.03,30.62,0.0,0.00,0.0,0.0,,0.0
162,20,4.00,4,21.77,30.26,29.86,0.0,0.00,0.0,0.0,,0.0
162,21,4.00,4,21.57,29.73,29.34,0.0,0.00,0.0,0.0,,0.0
162,22,4.00,4,21.10,29.26,28.87,0.0,0.00,0.0,0.0,,0.0
162,23,4.00,4,20.95,28.83,28.45,0.0,0.00,0.0,0.0,,0.0
162,24,4.00,4,20.60,28.41,28.04,0.0,0.00,0.0,0.0,,0.0
162,1,5.00,4,20.71,28.04,27.67,0.0,0.00,0.0,0.0,,0.0
162,2,5.00,4,20.50,27.68,27.32,0.0,0.00,0.0,0.0,,0.0
162,3,5.00,4,20.28,27.34,26.98,0.0,0.00,0.0,0.0,,0.0
162,4,5.00,4,19.97,27.00,26.65,0.0,0.00,0.0,0.0,,0.0
162,5,5.00,4,19.58,26.66,26.31,0.0,0.00,0.0,0.0,,0.0
162,6,5.00,4,19.37,26.34,26.00,0.0,0.00,0.0,0.0,,0.0
162,7,5.00,4,18.96,26.02,25.68,0.0,0.00,0.0,0.0,,0.0
162,8,5.00,4,19.48,26.67,26.36,0.0,0.00,0.0,0.0,,0.0
162,9,5.00,4,21.02,27.11,26.68,-391.93,0.00,0.0,0.0,,-391.93
162,10,5.00,4,22.98,27.68,26.68,-1960.58,0.00,0.0,0.0,,-1960.58
162,11,5.00,4,24.03,28.28,26.68,-3249.28,0.00,0.0,0.0,,-3249.28
162,12,5.00,4,24.90,28.96,26.68,-4667.63,0.00,0.0,0.0,,-4667.63
162,13,5.00,4,25.21,29.63,26.68,-5914.09,0.00,0.0,-396.71,,-6310.8
162,14,5.00,4,25.64,30.31,26.68,-7127.93,0.00,0.0,-1147.96,,-8275.89
162,15,5.00,4,25.22,30.82,26.68,-7778.83,0.00,0.0,-767.91,,-8546.74
162,16,5.00,4,24.64,31.20,26.68,-8089.98,0.00,0.0,-865.5,,-8955.48
162,17,5.00,4,24.05,31.43,26.68,-8070.58,0.00,0.0,-969.92,,-9040.5
162,18,5.00,4,23.18,31.44,26.68,-7520.37,0.00,0.0,0.0,,-7520.37
162,19,5.00,4,22.18,30.54,27.97,0.0,0.00,0.0,0.0,,0.0
162,20,5.00,4,21.23,29.92,27.89,0.0,0.00,0.0,0.0,,0.0
162,21,5.00,4,20.76,29.40,27.56,0.0,0.00,0.0,0.0,,0.0
162,22,5.00,4,20.15,28.91,27.17,0.0,0.00,0.0,0.0,,0.0
162,23,5.00,4,19.77,28.44,26.79,0.0,0.00,0.0,0.0,,0.0
162,24,5.00,4,19.32,27.99,26.41,0.0,0.00,0.0,0.0,,0.0
162,1,6.00,4,18.84,27.55,26.04,0.0,0.00,0.0,0.0,,0.0
162,2,6.00,4,18.46,27.12,25.68,0.0,0.00,0.0,0.0,,0.0
162,3,6.00,4,18.04,26.71,25.33,0.0,0.00,0.0,0.0,,0.0
162,4,6.00,4,17.69,26.31,24.99,0.0,0.00,0.0,0.0,,0.0
162,5,6.00,4,17.38,25.93,24.66,0.0,0.00,0.0,0.0,,0.0
162,6,6.00,4,17.07,25.55,24.34,0.0,0.00,0.0,0.0,,0.0
162,7,6.00,4,16.67,25.18,24.02,0.0,0.00,0.0,0.0,,0.0
162,8,6.00,4,17.43,25.70,24.68,0.0,0.00,0.0,0.0,,0.0
162,9,6.00,4,19.18,26.12,25.17,0.0,0.00,0.0,0.0,,0.0
162,10,6.00,4,20.94,26.64,25.73,0.0,0.00,0.0,0.0,,0.0
162,11,6.00,4,22.25,27.23,26.37,0.0,0.00,0.0,0.0,,0.0
162,12,6.00,4,23.01,27.88,26.68,-1090.95,0.00,0.0,0.0,,-1090.95
162,13,6.00,4,23.56,28.56,26.68,-2883.95,0.00,0.0,0.0,,-2883.95
162,14,6.00,4,24.16,29.26,26.68,-4407.92,0.00,0.0,0.0,,-4407.92
162,15,6.00,4,24.14,29.84,26.68,-5453.45,0.00,0.0,0.0,,-5453.45
162,16,6.00,4,23.88,30.28,26.68,-6110.3,0.00,0.0,0.0,,-6110.3
162,17,6.00,4,23.57,30.58,26.68,-6407.3,0.00,0.0,0.0,,-6407.3
162,18,6.00,4,22.92,30.66,26.68,-6138.29,0.00,0.0,0.0,,-6138.29
162,19,6.00,4,22.06,29.77,27.55,0.0,0.00,0.0,0.0,,0.0
162,20,6.00,4,21.33,29.21,27.43,0.0,0.00,0.0,0.0,,0.0
162,21,6.00,4,21.06,28.75,27.12,0.0,0.00,0.0,0.0,,0.0
162,22,6.00,4,20.72,28.32,26.78,0.0,0.00,0.0,0.0,,0.0
162,23,6.00,4,20.61,27.93,26.46,0.0,0.00,0.0,0.0,,0.0
162,24,6.00,4,20.46,27.57,26.16,0.0,0.00,0.0,0.0,,0.0
162,1,7.00,4,20.39,27.23,25.88,0.0,0.00,0.0,0.0,,0.0
162,2,7.00,4,20.02,26.88,25.60,0.0,0.00,0.0,0.0,,0.0
162,3,7.00,4,19.68,26.55,25.32,0.0,0.00,0.0,0.0,,0.0
162,4,7.00,4,19.26,26.22,25.03,0.0,0.00,0.0,0.0,,0.0
162,5,7.00,4,18.97,25.90,24.76,0.0,0.00,0.0,0.0,,0.0
162,6,7.00,4,18.58,25.58,24.49,0.0,0.00,0.0,0.0,,0.0
162,7,7.00,4,18.47,25.29,24.24,0.0,0.00,0.0,0.0,,0.0
162,8,7.00,4,19.02,25.98,25.06,0.0,0.00,0.0,0.0,,0.0
162,9,7.00,4,20.43,26.43,25.57,0.0,0.00,0.0,0.0,,0.0
162,10,7.00,4,22.04,26.96,26.14,0.0,0.00,0.0,0.0,,0.0
162,11,7.00,4,23.12,27.55,26.68,-235.47,0.00,0.0,0.0,,-235.47
162,12,7.00,4,23.52,28.16,26.68,-2027.66,0.00,0.0,0.0,,-2027.66
162,13,7.00,4,24.03,28.82,26.68,-3563.97,0.00,0.0,0.0,,-3563.97
162,14,7.00,4,24.21,29.46,26.68,-4846.12,0.00,0.0,0.0,,-4846.12
162,15,7.00,4,24.35,30.03,26.68,-5891.6,0.00,0.0,0.0,,-5891.6
162,16,7.00,4,24.07,30.47,26.68,-6488.9,0.00,0.0,0.0,,-6488.9
162,17,7.00,4,23.60,30.74,26.68,-6676.01,0.00,0.0,0.0,,-6676.01
162,18,7.00,4,22.71,30.77,26.68,-6252.76,0.00,0.0,0.0,,-6252.76
162,19,7.00,4,21.62,29.87,27.58,0.0,0.00,0.0,0.0,,0.0
162,20,7.00,4,20.80,29.27,27.44,0.0,0.00,0.0,0.0,,0.0
162,21,7.00,4,20.41,28.77,27.10,0.0,0.00,0.0,0.0,,0.0
162,22,7.00,4,20.04,28.31,26.73,0.0,0.00,0.0,0.0,,0.0
162,23,7.00,4,19.72,27.88,26.37,0.0,0.00,0.0,0.0,,0.0
162,24,7.00,4,19.31,27.46,26.01,0.0,0.00,0.0,0.0,,0.0
162,1,1.00,4,19.05,27.06,25.68,0.0,0.00,0.0,0.0,,0.0
162,2,1.00,4,18.83,26.68,25.36,0.0,0.00,0.0,0.0,,0.0
162,3,1.00,4,18.62,26.32,25.05,0.0,0.00,0.0,0.0,,0.0
162,4,1.00,4,18.41,25.98,24.76,0.0,0.00,0.0,0.0,,0.0
162,5,1.00,4,18.25,25.65,24.48,0.0,0.00,0.0,0.0,,0.0
162,6,1.00,4,17.90,25.32,24.19,0.0,0.00,0.0,0.0,,0.0
162,7,1.00,4,18.25,25.05,23.97,0.0,0.00,0.0,0.0,,0.0
162,8,1.00,4,18.80,25.75,24.80,0.0,0.00,0.0,0.0,,0.0
162,9,1.00,4,19.70,26.13,25.24,0.0,0.00,0.0,0.0,,0.0
162,10,1.00,4,21.44,26.65,25.80,0.0,0.00,0.0,0.0,,0.0
162,11,1.00,4,22.71,27.26,26.45,0.0,0.00,0.0,0.0,,0.0
162,12,1.00,4,23.56,27.94,26.68,-1394.6,0.00,0.0,0.0,,-1394.6
162,13,1.00,4,24.46,28.69,26.68,-3314.15,0.00,0.0,0.0,,-3314.15
162,14,1.00,4,24.82,29.39,26.68,-4764.28,0.00,0.0,0.0,,-4764.28
162,15,1.00,4,24.67,29.97,26.68,-5769.49,0.00,0.0,0.0,,-5769.49
162,16,1.00,4,24.36,30.41,26.68,-6409.53,0.00,0.0,0.0,,-6409.53
162,17,1.00,4,23.82,30.69,26.68,-6611.98,0.00,0.0,-117.83,,-6729.8099999999995
162,18,1.00,4,23.07,30.75,26.68,-6285.76,0.00,0.0,0.0,,-6285.76
162,19,1.00,4,21.91,29.83,27.57,0.0,0.00,0.0,0.0,,0.0
162,20,1.00,4,21.05,29.24,27.43,0.0,0.00,0.0,0.0,,0.0
162,21,1.00,4,20.55,28.74,27.09,0.0,0.00,0.0,0.0,,0.0
162,22,1.00,4,20.25,28.29,26.73,0.0,0.00,0.0,0.0,,0.0
162,23,1.00,4,19.93,27.87,26.37,0.0,0.00,0.0,0.0,,0.0
162,24,1.00,4,19.49,27.45,26.02,0.0,0.00,0.0,0.0,,0.0
162,1,2.00,4,19.25,27.06,25.69,0.0,0.00,0.0,0.0,,0.0
162,2,2.00,4,19.04,26.69,25.38,0.0,0.00,0.0,0.0,,0.0
162,3,2.00,4,18.82,26.34,25.08,0.0,0.00,0.0,0.0,,0.0
162,4,2.00,4,18.47,25.99,24.78,0.0,0.00,0.0,0.0,,0.0
162,5,2.00,4,18.12,25.64,24.48,0.0,0.00,0.0,0.0,,0.0
162,6,2.00,4,17.75,25.31,24.19,0.0,0.00,0.0,0.0,,0.0
162,7,2.00,4,17.54,24.99,23.91,0.0,0.00,0.0,0.0,,0.0
162,8,2.00,4,17.98,25.59,24.65,0.0,0.00,0.0,0.0,,0.0
162,9,2.00,4,18.76,25.90,25.02,0.0,0.00,0.0,0.0,,0.0
162,10,2.00,4,20.54,26.39,25.55,0.0,0.00,0.0,0.0,,0.0
162,11,2.00,4,22.07,27.01,26.21,0.0,0.00,0.0,0.0,,0.0
162,12,2.00,4,22.94,27.67,26.68,-645.44,0.00,0.0,0.0,,-645.44
162,13,2.00,4,23.48,28.36,26.68,-2557.18,0.00,0.0,0.0,,-2557.18
162,14,2.00,4,23.98,29.05,26.68,-4064.11,0.00,0.0,-189.36,,-4253.47
162,15,2.00,4,24.32,29.68,26.68,-5283.32,0.00,0.0,0.0,,-5283.32
162,16,2.00,4,24.20,30.16,26.68,-6038.89,0.00,0.0,-88.9,,-6127.79
162,17,2.00,4,23.84,30.48,26.68,-6352.58,0.00,0.0,0.0,,-6352.58
162,18,2.00,4,23.30,30.60,26.68,-6164.81,0.00,0.0,0.0,,-6164.81
162,19,2.00,4,22.26,29.68,27.53,0.0,0.00,0.0,0.0,,0.0
162,20,2.00,4,21.63,29.12,27.41,0.0,0.00,0.0,0.0,,0.0
162,21,2.00,4,21.26,28.66,27.10,0.0,0.00,0.0,0.0,,0.0
162,22,2.00,4,20.98,28.25,26.77,0.0,0.00,0.0,0.0,,0.0
162,23,2.00,4,20.45,27.84,26.43,0.0,0.00,0.0,0.0,,0.0
162,24,2.00,4,20.21,27.46,26.11,0.0,0.00,0.0,0.0,,0.0
162,1,3.00,4,19.90,27.09,25.80,0.0,0.00,0.0,0.0,,0.0
162,2,3.00,4,19.69,26.74,25.50,0.0,0.00,0.0,0.0,,0.0
162,3,3.00,4,19.73,26.43,25.24,0.0,0.00,0.0,0.0,,0.0
162,4,3.00,4,19.63,26.13,24.98,0.0,0.00,0.0,0.0,,0.0
162,5,3.00,4,19.49,25.84,24.74,0.0,0.00,0.0,0.0,,0.0
162,6,3.00,4,19.32,25.56,24.50,0.0,0.00,0.0,0.0,,0.0
162,7,3.00,4,19.18,25.29,24.27,0.0,0.00,0.0,0.0,,0.0
162,8,3.00,4,19.43,26.79,25.81,0.0,0.00,0.0,0.0,,0.0
162,9,3.00,4,20.69,27.40,26.45,0.0,0.00,0.0,0.0,,0.0
162,10,3.00,4,22.41,27.93,27.01,0.0,0.00,0.0,0.0,,0.0
162,11,3.00,4,23.46,28.52,27.64,0.0,0.00,0.0,-0.0,,0.0
162,12,3.00,4,23.96,29.20,28.35,0.0,0.00,0.0,0.0,,0.0
162,13,3.00,4,24.40,29.95,29.12,0.0,0.00,0.0,0.0,,0.0
162,14,3.00,4,24.36,30.67,29.87,0.0,0.00,0.0,0.0,,0.0
162,15,3.00,4,24.42,31.34,30.57,0.0,0.00,0.0,0.0,,0.0
162,16,3.00,4,24.22,31.91,31.17,0.0,0.00,0.0,0.0,,0.0
162,17,3.00,4,23.85,32.34,31.62,0.0,0.00,0.0,0.0,,0.0
162,18,3.00,4,23.20,32.57,31.87,0.0,0.00,0.0,0.0,,0.0
162,19,3.00,4,22.18,30.86,30.18,0.0,0.00,0.0,0.0,,0.0
162,20,3.00,4,21.48,30.08,29.42,0.0,0.00,0.0,0.0,,0.0
162,21,3.00,4,21.00,29.52,28.88,0.0,0.00,0.0,0.0,,0.0
162,22,3.00,4,20.38,29.02,28.40,0.0,0.00,0.0,0.0,,0.0
162,23,3.00,4,20.15,28.56,27.96,0.0,0.00,0.0,0.0,,0.0
162,24,3.00,4,19.69,28.11,27.53,0.0,0.00,0.0,0.0,,0.0
162,1,4.00,4,19.56,27.70,27.13,0.0,0.00,0.0,0.0,,0.0
162,2,4.00,4,19.43,27.32,26.76,0.0,0.00,0.0,0.0,,0.0
162,3,4.00,4,19.27,26.95,26.41,0.0,0.00,0.0,0.0,,0.0
162,4,4.00,4,18.95,26.59,26.06,0.0,0.00,0.0,0.0,,0.0
162,5,4.00,4,18.58,26.23,25.71,0.0,0.00,0.0,0.0,,0.0
162,6,4.00,4,18.11,25.87,25.37,0.0,0.00,0.0,0.0,,0.0
162,7,4.00,4,17.69,25.52,25.03,0.0,0.00,0.0,0.0,,0.0
162,8,4.00,4,18.20,26.96,26.48,0.0,0.00,0.0,0.0,,0.0
162,9,4.00,4,19.45,27.51,27.04,0.0,0.00,0.0,0.0,,0.0
162,10,4.00,4,21.38,28.00,27.54,0.0,0.00,0.0,0.0,,0.0
162,11,4.00,4,22.70,28.58,28.13,0.0,0.00,0.0,0.0,,0.0
162,12,4.00,4,23.18,29.23,28.79,0.0,0.00,0.0,0.0,,0.0
162,13,4.00,4,23.74,29.95,29.52,0.0,0.00,0.0,0.0,,0.0
162,14,4.00,4,24.01,30.68,30.25,0.0,0.00,0.0,0.0,,0.0
162,15,4.00,4,23.93,31.33,30.92,0.0,0.00,0.0,0.0,,0.0
162,16,4.00,4,23.87,31.90,31.49,0.0,0.00,0.0,0.0,,0.0
162,17,4.00,4,23.38,32.31,31.91,0.0,0.00,0.0,0.0,,0.0
162,18,4.00,4,22.59,32.51,32.12,0.0,0.00,0.0,0.0,,0.0
162,19,4.00,4,21.53,30.78,30.39,0.0,0.00,0.0,0.0,,0.0
162,20,4.00,4,20.78,29.98,29.60,0.0,0.00,0.0,0.0,,0.0
162,21,4.00,4,20.61,29.43,29.05,0.0,0.00,0.0,0.0,,0.0
162,22,4.00,4,20.28,28.94,28.57,0.0,0.00,0.0,0.0,,0.0
162,23,4.00,4,19.95,28.48,28.11,0.0,0.00,0.0,0.0,,0.0
162,24,4.00,4,19.46,28.03,27.67,0.0,0.00,0.0,0.0,,0.0
162,1,5.00,4,19.29,27.61,27.26,0.0,0.00,0.0,0.0,,0.0
162,2,5.00,4,19.10,27.22,26.87,0.0,0.00,0.0,0.0,,0.0
162,3,5.00,4,19.01,26.85,26.51,0.0,0.00,0.0,0.0,,0.0
162,4,5.00,4,19.01,26.50,26.17,0.0,0.00,0.0,0.0,,0.0
162,5,5.00,4,18.90,26.18,25.84,0.0,0.00,0.0,0.0,,0.0
162,6,5.00,4,18.63,25.85,25.52,0.0,0.00,0.0,0.0,,0.0
162,7,5.00,4,18.51,25.55,25.22,0.0,0.00,0.0,0.0,,0.0
162,8,5.00,4,19.01,26.20,25.91,0.0,0.00,0.0,0.0,,0.0
162,9,5.00,4,20.05,26.58,26.30,0.0,0.00,0.0,0.0,,0.0
162,10,5.00,4,21.85,27.10,26.68,-400.52,0.00,0.0,0.0,,-400.52
162,11,5.00,4,22.76,27.64,26.68,-1895.12,0.00,0.0,0.0,,-1895.12
162,12,5.00,4,23.31,28.24,26.68,-3209.6,0.00,0.0,0.0,,-3209.6
162,13,5.00,4,23.55,28.86,26.68,-4435.2,0.00,0.0,0.0,,-4435.2
162,14,5.00,4,23.74,29.46,26.68,-5544.91,0.00,0.0,0.0,,-5544.91
162,15,5.00,4,23.79,30.00,26.68,-6402.25,0.00,0.0,0.0,,-6402.25
162,16,5.00,4,23.68,30.43,26.68,-6941.12,0.00,0.0,-533.33,,-7474.45
162,17,5.00,4,23.44,30.72,26.68,-7123.63,0.00,0.0,-508.11,,-7631.74
162,18,5.00,4,22.93,30.81,26.68,-6796.77,0.00,0.0,0.0,,-6796.77
162,19,5.00,4,22.09,29.92,27.76,0.0,0.00,0.0,0.0,,0.0
162,20,5.00,4,21.34,29.35,27.67,0.0,0.00,0.0,0.0,,0.0
162,21,5.00,4,20.99,28.87,27.35,0.0,0.00,0.0,0.0,,0.0
162,22,5.00,4,20.88,28.45,27.02,0.0,0.00,0.0,0.0,,0.0
162,23,5.00,4,20.64,28.05,26.68,0.0,0.00,0.0,0.0,,0.0
162,24,5.00,4,20.31,27.66,26.36,0.0,0.00,0.0,0.0,,0.0
162,1,6.00,4,20.11,27.29,26.05,0.0,0.00,0.0,0.0,,0.0
162,2,6.00,4,19.94,26.95,25.76,0.0,0.00,0.0,0.0,,0.0
162,3,6.00,4,19.86,26.63,25.48,0.0,0.00,0.0,0.0,,0.0
162,4,6.00,4,19.76,26.32,25.22,0.0,0.00,0.0,0.0,,0.0
162,5,6.00,4,19.57,26.02,24.97,0.0,0.00,0.0,0.0,,0.0
162,6,6.00,4,19.24,25.73,24.71,0.0,0.00,0.0,0.0,,0.0
162,7,6.00,4,19.11,25.45,24.48,0.0,0.00,0.0,0.0,,0.0
162,8,6.00,4,19.39,26.16,25.31,0.0,0.00,0.0,0.0,,0.0
162,9,6.00,4,20.30,26.53,25.74,0.0,0.00,0.0,0.0,,0.0
162,10,6.00,4,21.83,27.02,26.27,0.0,0.00,0.0,0.0,,0.0
162,11,6.00,4,22.91,27.59,26.68,-538.83,0.00,0.0,0.0,,-538.83
162,12,6.00,4,23.54,28.22,26.68,-2295.25,0.00,0.0,0.0,,-2295.25
162,13,6.00,4,24.05,28.88,26.68,-3789.74,0.00,0.0,0.0,,-3789.74
162,14,6.00,4,24.13,29.49,26.68,-4991.85,0.00,0.0,0.0,,-4991.85
162,15,6.00,4,24.30,30.06,26.68,-6020.96,0.00,0.0,0.0,,-6020.96
162,16,6.00,4,24.13,30.51,26.68,-6641.16,0.00,0.0,0.0,,-6641.16
162,17,6.00,4,23.79,30.80,26.68,-6867.09,0.00,0.0,0.0,,-6867.09
162,18,6.00,4,23.12,30.87,26.68,-6539.06,0.00,0.0,0.0,,-6539.06
162,19,6.00,4,22.39,29.98,27.68,0.0,0.00,0.0,0.0,,0.0
162,20,6.00,4,21.69,29.42,27.58,0.0,0.00,0.0,0.0,,0.0
162,21,6.00,4,21.27,28.94,27.27,0.0,0.00,0.0,0.0,,0.0
162,22,6.00,4,21.20,28.53,26.95,0.0,0.00,0.0,0.0,,0.0
162,23,6.00,4,20.93,28.13,26.62,0.0,0.00,0.0,0.0,,0.0
162,24,6.00,4,20.62,27.75,26.31,0.0,0.00,0.0,0.0,,0.0
162,1,7.00,4,20.27,27.38,26.00,0.0,0.00,0.0,0.0,,0.0
162,2,7.00,4,20.08,27.03,25.71,0.0,0.00,0.0,0.0,,0.0
162,3,7.00,4,19.91,26.70,25.44,0.0,0.00,0.0,0.0,,0.0
162,4,7.00,4,19.70,26.38,25.17,0.0,0.00,0.0,0.0,,0.0
162,5,7.00,4,19.51,26.08,24.92,0.0,0.00,0.0,0.0,,0.0
162,6,7.00,4,19.26,25.78,24.66,0.0,0.00,0.0,0.0,,0.0
162,7,7.00,4,19.16,25.50,24.43,0.0,0.00,0.0,0.0,,0.0
162,8,7.00,4,19.40,26.20,25.26,0.0,0.00,0.0,0.0,,0.0
162,9,7.00,4,20.31,26.57,25.70,0.0,0.00,0.0,0.0,,0.0
162,10,7.00,4,22.10,27.10,26.27,0.0,0.00,0.0,0.0,,0.0
162,11,7.00,4,23.41,27.72,26.68,-688.36,0.00,0.0,0.0,,-688.36
162,12,7.00,4,23.77,28.32,26.68,-2362.88,0.00,0.0,0.0,,-2362.88
162,13,7.00,4,23.99,28.94,26.68,-3745.12,0.00,0.0,0.0,,-3745.12
162,14,7.00,4,24.03,29.54,26.68,-4925.26,0.00,0.0,0.0,,-4925.26
162,15,7.00,4,24.05,30.07,26.68,-5877.84,0.00,0.0,0.0,,-5877.84
162,16,7.00,4,23.96,30.51,26.68,-6516.5,0.00,0.0,0.0,,-6516.5
162,17,7.00,4,23.64,30.80,26.68,-6744.01,0.00,0.0,0.0,,-6744.01
162,18,7.00,4,23.00,30.86,26.68,-6426.12,0.00,0.0,0.0,,-6426.12
162,19,7.00,4,22.16,29.97,27.64,0.0,0.00,0.0,0.0,,0.0
162,20,7.00,4,21.57,29.41,27.53,0.0,0.00,0.0,0.0,,0.0
162,21,7.00,4,21.14,28.93,27.22,0.0,0.00,0.0,0.0,,0.0
162,22,7.00,4,21.17,28.51,26.90,0.0,0.00,0.0,0.0,,0.0
162,23,7.00,4,20.90,28.12,26.58,0.0,0.00,0.0,0.0,,0.0
162,24,7.00,4,20.50,27.73,26.26,0.0,0.00,0.0,0.0,,0.0
162,1,1.00,4,20.62,27.39,25.98,0.0,0.00,0.0,0.0,,0.0
162,2,1.00,4,20.68,27.08,25.73,0.0,0.00,0.0,0.0,,0.0
162,3,1.00,4,20.18,26.75,25.45,0.0,0.00,0.0,-0.0,,0.0
162,4,1.00,4,19.65,26.41,25.17,0.0,0.00,0.0,-0.0,,0.0
162,5,1.00,4,19.27,26.09,24.90,0.0,0.00,0.0,0.0,,0.0
162,6,1.00,4,19.16,25.78,24.64,0.0,0.00,0.0,0.0,,0.0
162,7,1.00,4,19.43,25.53,24.43,0.0,0.00,0.0,0.0,,0.0
162,8,1.00,4,19.63,26.25,25.29,0.0,0.00,0.0,0.0,,0.0
162,9,1.00,4,20.35,26.61,25.71,0.0,0.00,0.0,0.0,,0.0
162,10,1.00,4,22.14,27.13,26.27,0.0,0.00,0.0,0.0,,0.0
162,11,1.00,4,23.58,27.77,26.68,-773.04,0.00,0.0,0.0,,-773.04
162,12,1.00,4,24.26,28.43,26.68,-2587.26,0.00,0.0,-212.67,,-2799.9300000000003
162,13,1.00,4,24.55,29.08,26.68,-4025.69,0.00,0.0,-445.81,,-4471.5
162,14,1.00,4,24.49,29.68,26.68,-5188.35,0.00,0.0,-19.91,,-5208.26
162,15,1.00,4,24.57,30.24,26.68,-6183.89,0.00,0.0,-747.33,,-6931.22
162,16,1.00,4,24.17,30.65,26.68,-6703.95,0.00,0.0,0.0,,-6703.95
162,17,1.00,4,23.63,30.90,26.68,-6826.85,0.00,0.0,0.0,,-6826.85
162,18,1.00,4,22.75,30.91,26.68,-6381.81,0.00,0.0,-1071.41,,-7453.22
162,19,1.00,4,21.78,30.01,27.62,0.0,0.00,0.0,0.0,,0.0
162,20,1.00,4,20.95,29.42,27.49,0.0,0.00,0.0,0.0,,0.0
162,21,1.00,4,20.50,28.91,27.15,0.0,0.00,0.0,0.0,,0.0
162,22,1.00,4,20.09,28.44,26.77,0.0,0.00,0.0,0.0,,0.0
162,23,1.00,4,19.75,27.99,26.40,0.0,0.00,0.0,0.0,,0.0
162,24,1.00,4,19.46,27.57,26.05,0.0,0.00,0.0,0.0,,0.0
162,1,2.00,4,19.21,27.17,25.72,0.0,0.00,0.0,0.0,,0.0
162,2,2.00,4,18.73,26.77,25.38,0.0,0.00,0.0,0.0,,0.0
162,3,2.00,4,18.37,26.39,25.05,0.0,0.00,0.0,0.0,,0.0
162,4,2.00,4,18.22,26.03,24.75,0.0,0.00,0.0,0.0,,0.0
162,5,2.00,4,17.97,25.68,24.45,0.0,0.00,0.0,0.0,,0.0
162,6,2.00,4,17.71,25.34,24.16,0.0,0.00,0.0,0.0,,0.0
162,7,2.00,4,17.24,25.00,23.86,0.0,0.00,0.0,0.0,,0.0
162,8,2.00,4,17.26,25.49,24.50,0.0,0.00,0.0,0.0,,0.0
162,9,2.00,4,18.24,25.79,24.86,0.0,0.00,0.0,0.0,,0.0
162,10,2.00,4,19.94,26.24,25.36,0.0,0.00,0.0,0.0,,0.0
162,11,2.00,4,21.02,26.77,25.93,0.0,0.00,0.0,0.0,,0.0
162,12,2.00,4,21.46,27.32,26.52,0.0,0.00,0.0,0.0,,0.0
162,13,2.00,4,21.71,27.90,26.68,-1293.54,0.00,0.0,0.0,,-1293.54
162,14,2.00,4,21.86,28.46,26.68,-2686.15,0.00,0.0,0.0,,-2686.15
162,15,2.00,4,21.77,28.94,26.68,-3649.94,0.00,0.0,0.0,,-3649.94
162,16,2.00,4,21.66,29.34,26.68,-4331.35,0.00,0.0,0.0,,-4331.35
162,17,2.00,4,21.22,29.56,26.68,-4543.92,0.00,0.0,0.0,,-4543.92
162,18,2.00,4,20.53,29.58,26.68,-4227.22,0.00,0.0,0.0,,-4227.22
162,19,2.00,4,19.63,28.75,27.06,0.0,0.00,0.0,0.0,,0.0
162,20,2.00,4,19.07,28.17,26.79,0.0,0.00,0.0,0.0,,0.0
162,21,2.00,4,18.79,27.68,26.41,0.0,0.00,0.0,0.0,,0.0
162,22,2.00,4,18.75,27.24,26.03,0.0,0.00,0.0,0.0,,0.0
162,23,2.00,4,18.55,26.83,25.67,0.0,0.00,0.0,0.0,,0.0
162,24,2.00,4,18.15,26.42,25.31,0.0,0.00,0.0,0.0,,0.0
162,1,3.00,4,18.05,26.04,24.98,0.0,0.00,0.0,0.0,,0.0
162,2,3.00,4,18.14,25.70,24.68,0.0,0.00,0.0,0.0,,0.0
162,3,3.00,4,17.92,25.37,24.38,0.0,0.00,0.0,0.0,,0.0
162,4,3.00,4,17.71,25.05,24.10,0.0,0.00,0.0,0.0,,0.0
162,5,3.00,4,17.49,24.74,23.82,0.0,0.00,0.0,0.0,,0.0
162,6,3.00,4,17.32,24.44,23.55,0.0,0.00,0.0,0.0,,0.0
162,7,3.00,4,17.51,24.18,23.33,0.0,0.00,0.0,0.0,,0.0
162,8,3.00,4,18.04,25.69,24.87,0.0,0.00,0.0,0.0,,0.0
162,9,3.00,4,19.26,26.30,25.51,0.0,0.00,0.0,-0.0,,0.0
162,10,3.00,4,21.40,26.86,26.09,0.0,0.00,0.0,-0.0,,0.0
162,11,3.00,4,22.79,27.51,26.76,0.0,0.00,0.0,-0.0,,0.0
162,12,3.00,4,23.48,28.23,27.51,0.0,0.00,0.0,0.0,,0.0
162,13,3.00,4,23.91,29.01,28.31,0.0,0.00,0.0,0.0,,0.0
162,14,3.00,4,24.18,29.79,29.11,0.0,0.00,0.0,0.0,,0.0
162,15,3.00,4,24.36,30.51,29.86,0.0,0.00,0.0,0.0,,0.0
162,16,3.00,4,24.05,31.12,30.48,0.0,0.00,0.0,0.0,,0.0
162,17,3.00,4,23.39,31.56,30.94,0.0,0.00,0.0,0.0,,0.0
162,18,3.00,4,22.39,31.78,31.18,0.0,0.00,0.0,0.0,,0.0
162,19,3.00,4,21.43,30.08,29.50,0.0,0.00,0.0,0.0,,0.0
162,20,3.00,4,20.87,29.32,28.76,0.0,0.00,0.0,0.0,,0.0
162,21,3.00,4,20.38,28.78,28.23,0.0,0.00,0.0,0.0,,0.0
162,22,3.00,4,19.76,28.29,27.75,0.0,0.00,0.0,0.0,,0.0
162,23,3.00,4,19.41,27.83,27.31,0.0,0.00,0.0,0.0,,0.0
162,24,3.00,4,18.94,27.39,26.88,0.0,0.00,0.0,0.0,,0.0
162,1,4.00,4,18.57,26.97,26.47,0.0,0.00,0.0,0.0,,0.0
162,2,4.00,4,18.32,26.57,26.08,0.0,0.00,0.0,0.0,,0.0
162,3,4.00,4,18.17,26.19,25.72,0.0,0.00,0.0,0.0,,0.0
162,4,4.00,4,17.96,25.83,25.36,0.0,0.00,0.0,0.0,,0.0
162,5,4.00,4,17.77,25.48,25.03,0.0,0.00,0.0,0.0,,0.0
162,6,4.00,4,17.38,25.14,24.69,0.0,0.00,0.0,0.0,,0.0
162,7,4.00,4,17.14,24.81,24.37,0.0,0.00,0.0,0.0,,0.0
162,8,4.00,4,17.56,26.26,25.83,0.0,0.00,0.0,0.0,,0.0
162,9,4.00,4,18.73,26.81,26.39,0.0,0.00,0.0,0.0,,0.0
162,10,4.00,4,20.50,27.30,26.89,0.0,0.00,0.0,0.0,,0.0
162,11,4.00,4,21.62,27.86,27.46,0.0,0.00,0.0,0.0,,0.0
162,12,4.00,4,22.25,28.51,28.12,0.0,0.00,0.0,0.0,,0.0
162,13,4.00,4,22.94,29.24,28.86,0.0,0.00,0.0,0.0,,0.0
162,14,4.00,4,23.26,29.97,29.59,0.0,0.00,0.0,0.0,,0.0
162,15,4.00,4,23.62,30.66,30.29,0.0,0.00,0.0,0.0,,0.0
162,16,4.00,4,23.53,31.25,30.88,0.0,0.00,0.0,0.0,,0.0
162,17,4.00,4,23.05,31.68,31.32,0.0,0.00,0.0,0.0,,0.0
162,18,4.00,4,22.35,31.91,31.56,0.0,0.00,0.0,0.0,,0.0
162,19,4.00,4,21.20,30.19,29.84,0.0,0.00,0.0,0.0,,0.0
162,20,4.00,4,20.56,29.42,29.07,0.0,0.00,0.0,0.0,,0.0
162,21,4.00,4,20.15,28.86,28.52,0.0,0.00,0.0,0.0,,0.0
162,22,4.00,4,19.86,28.38,28.05,0.0,0.00,0.0,0.0,,0.0
162,23,4.00,4,19.44,27.92,27.60,0.0,0.00,0.0,0.0,,0.0
162,24,4.00,4,19.13,27.49,27.17,0.0,0.00,0.0,0.0,,0.0
162,1,5.00,4,19.34,27.11,26.80,0.0,0.00,0.0,0.0,,0.0
162,2,5.00,4,19.26,26.76,26.44,0.0,0.00,0.0,0.0,,0.0
162,3,5.00,4,18.99,26.40,26.09,0.0,0.00,0.0,0.0,,0.0
162,4,5.00,4,18.80,26.06,25.76,0.0,0.00,0.0,0.0,,0.0
162,5,5.00,4,18.69,25.75,25.44,0.0,0.00,0.0,0.0,,0.0
162,6,5.00,4,18.34,25.43,25.13,0.0,0.00,0.0,0.0,,0.0
162,7,5.00,4,18.14,25.12,24.83,0.0,0.00,0.0,0.0,,0.0
162,8,5.00,4,18.39,25.75,25.48,0.0,0.00,0.0,0.0,,0.0
162,9,5.00,4,19.36,26.10,25.84,0.0,0.00,0.0,0.0,,0.0
162,10,5.00,4,21.16,26.61,26.35,0.0,0.00,0.0,0.0,,0.0
162,11,5.00,4,22.19,27.16,26.68,-671.92,0.00,0.0,0.0,,-671.92
162,12,5.00,4,22.53,27.73,26.68,-2153.67,0.00,0.0,0.0,,-2153.67
162,13,5.00,4,23.03,28.37,26.68,-3543.68,0.00,0.0,0.0,,-3543.68
162,14,5.00,4,22.96,28.94,26.68,-4594.93,0.00,0.0,0.0,,-4594.93
162,15,5.00,4,23.04,29.46,26.68,-5498.68,0.00,0.0,0.0,,-5498.68
162,16,5.00,4,23.04,29.90,26.68,-6114.91,0.00,0.0,0.0,,-6114.91
162,17,5.00,4,22.86,30.20,26.68,-6357.96,0.00,0.0,0.0,,-6357.96
162,18,5.00,4,22.28,30.28,26.68,-6033.92,0.00,0.0,-143.95,,-6177.87
162,19,5.00,4,21.30,29.39,27.54,0.0,0.00,0.0,0.0,,0.0
162,20,5.00,4,20.78,28.83,27.40,0.0,0.00,0.0,0.0,,0.0
162,21,5.00,4,20.39,28.35,27.07,0.0,0.00,0.0,0.0,,0.0
162,22,5.00,4,20.54,27.95,26.74,0.0,0.00,0.0,0.0,,0.0
162,23,5.00,4,20.08,27.55,26.39,0.0,0.00,0.0,0.0,,0.0
162,24,5.00,4,20.08,27.18,26.07,0.0,0.00,0.0,0.0,,0.0
162,1,6.00,4,19.92,26.84,25.77,0.0,0.00,0.0,0.0,,0.0
162,2,6.00,4,19.57,26.49,25.47,0.0,0.00,0.0,0.0,,0.0
162,3,6.00,4,19.25,26.16,25.18,0.0,0.00,0.0,0.0,,0.0
162,4,6.00,4,18.95,25.83,24.90,0.0,0.00,0.0,0.0,,0.0
162,5,6.00,4,18.78,25.53,24.62,0.0,0.00,0.0,0.0,,0.0
162,6,6.00,4,18.63,25.23,24.37,0.0,0.00,0.0,0.0,,0.0
162,7,6.00,4,18.68,24.97,24.13,0.0,0.00,0.0,0.0,,0.0
162,8,6.00,4,18.92,25.68,24.95,0.0,0.00,0.0,0.0,,0.0
162,9,6.00,4,19.39,25.99,25.31,0.0,0.00,0.0,0.0,,0.0
162,10,6.00,4,20.79,26.44,25.78,0.0,0.00,0.0,0.0,,0.0
162,11,6.00,4,22.17,27.03,26.41,0.0,0.00,0.0,0.0,,0.0
162,12,6.00,4,22.65,27.63,26.68,-1009.75,0.00,0.0,0.0,,-1009.75
162,13,6.00,4,23.22,28.29,26.68,-2740.65,0.00,0.0,0.0,,-2740.65
162,14,6.00,4,23.32,28.90,26.68,-3996.66,0.00,0.0,0.0,,-3996.66
162,15,6.00,4,23.70,29.50,26.68,-5159.46,0.00,0.0,0.0,,-5159.46
162,16,6.00,4,23.60,29.96,26.68,-5855.33,0.00,0.0,0.0,,-5855.33
162,17,6.00,4,23.14,30.24,26.68,-6072.42,0.00,0.0,0.0,,-6072.42
162,18,6.00,4,22.23,30.27,26.68,-5666.22,0.00,0.0,0.0,,-5666.22
162,19,6.00,4,20.89,29.35,27.40,0.0,0.00,0.0,0.0,,0.0
162,20,6.00,4,20.25,28.76,27.21,0.0,0.00,0.0,0.0,,0.0
162,21,6.00,4,19.84,28.26,26.85,0.0,0.00,0.0,0.0,,0.0
162,22,6.00,4,19.81,27.82,26.49,0.0,0.00,0.0,0.0,,0.0
162,23,6.00,4,19.49,27.40,26.14,0.0,0.00,0.0,0.0,,0.0
162,24,6.00,4,19.30,27.01,25.80,0.0,0.00,0.0,0.0,,0.0
162,1,7.00,4,19.21,26.64,25.48,0.0,0.00,0.0,0.0,,0.0
162,2,7.00,4,18.91,26.28,25.17,0.0,0.00,0.0,0.0,,0.0
162,3,7.00,4,18.40,25.92,24.85,0.0,0.00,0.0,0.0,,0.0
162,4,7.00,4,17.82,25.55,24.53,0.0,0.00,0.0,0.0,,0.0
162,5,7.00,4,17.35,25.19,24.21,0.0,0.00,0.0,0.0,,0.0
162,6,7.00,4,17.03,24.84,23.90,0.0,0.00,0.0,0.0,,0.0
162,7,7.00,4,16.67,24.50,23.60,0.0,0.00,0.0,0.0,,0.0
162,8,7.00,4,17.43,25.11,24.31,0.0,0.00,0.0,0.0,,0.0
162,9,7.00,4,18.94,25.53,24.78,0.0,0.00,0.0,0.0,,0.0
162,10,7.00,4,20.87,26.08,25.37,0.0,0.00,0.0,0.0,,0.0
162,11,7.00,4,21.99,26.68,26.00,0.0,0.00,0.0,0.0,,0.0
162,12,7.00,4,22.58,27.31,26.66,0.0,0.00,0.0,0.0,,0.0
162,13,7.00,4,23.20,28.00,26.68,-2014.36,0.00,0.0,0.0,,-2014.36
162,14,7.00,4,23.61,28.68,26.68,-3527.98,0.00,0.0,0.0,,-3527.98
162,15,7.00,4,23.26,29.20,26.68,-4464.18,0.00,0.0,0.0,,-4464.18
162,16,7.00,4,22.90,29.60,26.68,-5092.71,0.00,0.0,0.0,,-5092.71
162,17,7.00,4,22.27,29.84,26.68,-5254.84,0.00,0.0,0.0,,-5254.84
162,18,7.00,4,21.44,29.86,26.68,-4894.07,0.00,0.0,0.0,,-4894.07
162,19,7.00,4,20.37,28.97,27.21,0.0,0.00,0.0,0.0,,0.0
162,20,7.00,4,19.51,28.37,26.96,0.0,0.00,0.0,0.0,,0.0
162,21,7.00,4,18.87,27.85,26.56,0.0,0.00,0.0,0.0,,0.0
162,22,7.00,4,18.80,27.39,26.17,0.0,0.00,0.0,0.0,,0.0
162,23,7.00,4,18.17,26.93,25.77,0.0,0.00,0.0,0.0,,0.0
162,24,7.00,4,17.64,26.48,25.37,0.0,0.00,0.0,0.0,,0.0
162,1,1.00,5,17.08,26.04,24.97,0.0,0.00,0.0,0.0,,0.0
162,2,1.00,5,16.50,25.61,24.58,0.0,0.00,0.0,0.0,,0.0
162,3,1.00,5,15.96,25.18,24.19,0.0,0.00,0.0,0.0,,0.0
162,4,1.00,5,15.61,24.77,23.82,0.0,0.00,0.0,0.0,,0.0
162,5,1.00,5,15.25,24.37,23.46,0.0,0.00,0.0,0.0,,0.0
162,6,1.00,5,14.87,23.98,23.11,0.0,0.00,0.0,0.0,,0.0
162,7,1.00,5,14.48,23.60,22.76,0.0,0.00,0.0,0.0,,0.0
162,8,1.00,5,15.40,24.11,23.37,0.0,0.00,0.0,0.0,,0.0
162,9,1.00,5,17.20,24.59,23.90,0.0,0.00,0.0,0.0,,0.0
162,10,1.00,5,19.68,25.28,24.62,0.0,0.00,0.0,0.0,,0.0
162,11,1.00,5,21.28,26.00,25.36,0.0,0.00,0.0,0.0,,0.0
162,12,1.00,5,22.43,26.75,26.10,-104.87,0.00,0.0,0.0,,-104.87
162,13,1.00,5,23.27,27.51,26.10,-2353.46,0.00,0.0,0.0,,-2353.46
162,14,1.00,5,23.95,28.25,26.10,-3970.41,0.00,0.0,-645.87,,-4616.28
162,15,1.00,5,23.65,28.82,26.10,-4971.52,0.00,0.0,0.0,,-4971.52
162,16,1.00,5,23.27,29.25,26.10,-5620.27,0.00,0.0,0.0,,-5620.27
162,17,1.00,5,22.61,29.51,26.10,-5789.08,0.00,0.0,0.0,,-5789.08
162,18,1.00,5,21.76,29.51,26.10,-5326.67,0.00,0.0,0.0,,-5326.67
162,19,1.00,5,20.47,28.55,26.69,0.0,0.00,0.0,0.0,,0.0
162,20,1.00,5,19.69,27.95,26.47,0.0,0.00,0.0,0.0,,0.0
162,21,1.00,5,19.03,27.45,26.10,0.0,0.00,0.0,0.0,,0.0
162,22,1.00,5,18.76,27.00,25.72,0.0,0.00,0.0,0.0,,0.0
162,23,1.00,5,17.98,26.54,25.32,0.0,0.00,0.0,0.0,,0.0
162,24,1.00,5,17.46,26.10,24.93,0.0,0.00,0.0,0.0,,0.0
162,1,2.00,5,17.02,25.68,24.56,0.0,0.00,0.0,0.0,,0.0
162,2,2.00,5,16.63,25.27,24.20,0.0,0.00,0.0,0.0,,0.0
162,3,2.00,5,16.24,24.87,23.84,0.0,0.00,0.0,0.0,,0.0
162,4,2.00,5,15.89,24.49,23.50,0.0,0.00,0.0,0.0,,0.0
162,5,2.00,5,15.53,24.12,23.17,0.0,0.00,0.0,0.0,,0.0
162,6,2.00,5,15.09,23.75,22.83,0.0,0.00,0.0,0.0,,0.0
162,7,2.00,5,14.62,23.38,22.50,0.0,0.00,0.0,0.0,,0.0
162,8,2.00,5,15.70,23.96,23.19,0.0,0.00,0.0,0.0,,0.0
162,9,2.00,5,17.47,24.46,23.74,0.0,0.00,0.0,0.0,,0.0
162,10,2.00,5,20.08,25.19,24.50,0.0,0.00,0.0,0.0,,0.0
162,11,2.00,5,21.60,25.93,25.27,0.0,0.00,0.0,0.0,,0.0
162,12,2.00,5,22.86,26.71,26.08,0.0,0.00,0.0,0.0,,0.0
162,13,2.00,5,23.88,27.52,26.10,-2352.83,0.00,0.0,0.0,,-2352.83
162,14,2.00,5,24.69,28.31,26.10,-4110.05,0.00,0.0,-408.77,,-4518.82
162,15,2.00,5,24.53,28.94,26.10,-5239.64,0.00,0.0,-163.0,,-5402.64
162,16,2.00,5,24.24,29.42,26.10,-5987.24,0.00,0.0,-727.59,,-6714.83
162,17,2.00,5,23.65,29.73,26.10,-6249.47,0.00,0.0,0.0,,-6249.47
162,18,2.00,5,22.90,29.79,26.10,-5883.37,0.00,0.0,-701.49,,-6584.86
162,19,2.00,5,21.91,28.81,26.83,0.0,0.00,0.0,0.0,,0.0
162,20,2.00,5,21.19,28.24,26.68,0.0,0.00,0.0,0.0,,0.0
162,21,2.00,5,20.74,27.79,26.37,0.0,0.00,0.0,0.0,,0.0
162,22,2.00,5,20.42,27.38,26.04,0.0,0.00,0.0,0.0,,0.0
162,23,2.00,5,19.80,26.98,25.70,0.0,0.00,0.0,0.0,,0.0
162,24,2.00,5,19.39,26.59,25.37,0.0,0.00,0.0,0.0,,0.0
162,1,3.00,5,19.05,26.22,25.05,0.0,0.00,0.0,0.0,,0.0
162,2,3.00,5,18.63,25.86,24.74,0.0,0.00,0.0,0.0,,0.0
162,3,3.00,5,18.04,25.50,24.41,0.0,0.00,0.0,0.0,,0.0
162,4,3.00,5,17.45,25.13,24.09,0.0,0.00,0.0,0.0,,0.0
162,5,3.00,5,17.00,24.77,23.77,0.0,0.00,0.0,0.0,,0.0
162,6,3.00,5,16.67,24.42,23.46,0.0,0.00,0.0,0.0,,0.0
162,7,3.00,5,16.37,24.09,23.17,0.0,0.00,0.0,0.0,,0.0
162,8,3.00,5,16.81,25.57,24.68,0.0,0.00,0.0,0.0,,0.0
162,9,3.00,5,18.35,26.22,25.36,0.0,0.00,0.0,0.0,,0.0
162,10,3.00,5,20.28,26.81,25.98,0.0,0.00,0.0,0.0,,0.0
162,11,3.00,5,21.62,27.45,26.65,0.0,0.00,0.0,-0.0,,0.0
162,12,3.00,5,22.61,28.16,27.39,0.0,0.00,0.0,0.0,,0.0
162,13,3.00,5,23.32,28.91,28.17,0.0,0.00,0.0,0.0,,0.0
162,14,3.00,5,23.47,29.63,28.92,0.0,0.00,0.0,-0.0,,0.0
162,15,3.00,5,23.78,30.32,29.63,0.0,0.00,0.0,0.0,,0.0
162,16,3.00,5,23.59,30.90,30.23,0.0,0.00,0.0,0.0,,0.0
162,17,3.00,5,23.08,31.32,30.68,0.0,0.00,0.0,0.0,,0.0
162,18,3.00,5,22.42,31.51,30.88,0.0,0.00,0.0,0.0,,0.0
162,19,3.00,5,21.37,29.78,29.17,0.0,0.00,0.0,0.0,,0.0
162,20,3.00,5,20.71,29.01,28.42,0.0,0.00,0.0,0.0,,0.0
162,21,3.00,5,20.36,28.47,27.90,0.0,0.00,0.0,0.0,,0.0
162,22,3.00,5,20.13,28.02,27.46,0.0,0.00,0.0,0.0,,0.0
162,23,3.00,5,19.81,27.59,27.05,0.0,0.00,0.0,0.0,,0.0
162,24,3.00,5,19.45,27.18,26.65,0.0,0.00,0.0,0.0,,0.0
162,1,4.00,5,19.07,26.78,26.27,0.0,0.00,0.0,0.0,,0.0
162,2,4.00,5,18.82,26.40,25.91,0.0,0.00,0.0,0.0,,0.0
162,3,4.00,5,18.67,26.05,25.57,0.0,0.00,0.0,0.0,,0.0
162,4,4.00,5,18.63,25.72,25.25,0.0,0.00,0.0,0.0,,0.0
162,5,4.00,5,18.63,25.42,24.96,0.0,0.00,0.0,0.0,,0.0
162,6,4.00,5,18.60,25.13,24.68,0.0,0.00,0.0,0.0,,0.0
162,7,4.00,5,18.41,24.85,24.41,0.0,0.00,0.0,0.0,,0.0
162,8,4.00,5,18.54,26.35,25.93,0.0,0.00,0.0,0.0,,0.0
162,9,4.00,5,19.79,27.01,26.59,0.0,0.00,0.0,0.0,,0.0
162,10,4.00,5,21.32,27.58,27.17,0.0,0.00,0.0,0.0,,0.0
162,11,4.00,5,22.22,28.18,27.79,0.0,0.00,0.0,-0.0,,0.0
162,12,4.00,5,23.00,28.86,28.47,0.0,0.00,0.0,0.0,,0.0
162,13,4.00,5,23.29,29.55,29.17,0.0,0.00,0.0,0.0,,0.0
162,14,4.00,5,23.34,30.23,29.85,0.0,0.00,0.0,0.0,,0.0
162,15,4.00,5,23.59,30.87,30.50,0.0,0.00,0.0,0.0,,0.0
162,16,4.00,5,23.52,31.42,31.06,0.0,0.00,0.0,0.0,,0.0
162,17,4.00,5,23.18,31.82,31.47,0.0,0.00,0.0,0.0,,0.0
162,18,4.00,5,22.52,31.98,31.63,0.0,0.00,0.0,0.0,,0.0
162,19,4.00,5,21.53,30.24,29.90,0.0,0.00,0.0,0.0,,0.0
162,20,4.00,5,21.01,29.46,29.12,0.0,0.00,0.0,0.0,,0.0
162,21,4.00,5,20.62,28.91,28.58,0.0,0.00,0.0,0.0,,0.0
162,22,4.00,5,20.42,28.44,28.12,0.0,0.00,0.0,0.0,,0.0
162,23,4.00,5,19.96,27.99,27.67,0.0,0.00,0.0,0.0,,0.0
162,24,4.00,5,19.63,27.57,27.25,0.0,0.00,0.0,0.0,,0.0
162,1,5.00,5,19.22,27.16,26.85,0.0,0.00,0.0,0.0,,0.0
162,2,5.00,5,18.83,26.76,26.45,0.0,0.00,0.0,0.0,,0.0
162,3,5.00,5,18.46,26.37,26.07,0.0,0.00,0.0,0.0,,0.0
162,4,5.00,5,18.38,26.01,25.71,0.0,0.00,0.0,0.0,,0.0
162,5,5.00,5,18.21,25.67,25.38,0.0,0.00,0.0,0.0,,0.0
162,6,5.00,5,18.18,25.35,25.06,0.0,0.00,0.0,0.0,,0.0
162,7,5.00,5,18.14,25.05,24.76,0.0,0.00,0.0,0.0,,0.0
162,8,5.00,5,18.39,25.71,25.46,0.0,0.00,0.0,0.0,,0.0
162,9,5.00,5,19.63,26.17,25.92,0.0,0.00,0.0,0.0,,0.0
162,10,5.00,5,21.16,26.72,26.10,-1072.16,0.00,0.0,0.0,,-1072.16
162,11,5.00,5,22.31,27.32,26.10,-2568.13,0.00,0.0,-1389.2,,-3957.33
162,12,5.00,5,22.99,27.95,26.10,-3863.31,0.00,0.0,0.0,,-3863.31
162,13,5.00,5,23.25,28.55,26.10,-5003.02,0.00,0.0,-235.54,,-5238.56
162,14,5.00,5,23.40,29.12,26.10,-5991.74,0.00,0.0,-1712.29,,-7704.03
162,15,5.00,5,23.49,29.65,26.10,-6798.13,0.00,0.0,-274.36,,-7072.49
162,16,5.00,5,23.30,30.05,26.10,-7240.14,0.00,0.0,-615.38,,-7855.52
162,17,5.00,5,22.82,30.28,26.10,-7261.03,0.00,0.0,0.0,,-7261.03
162,18,5.00,5,22.13,30.27,26.10,-6683.5,0.00,0.0,-1870.39,,-8553.89
162,19,5.00,5,21.20,29.34,27.12,0.0,0.00,0.0,0.0,,0.0
162,20,5.00,5,20.56,28.75,27.01,0.0,0.00,0.0,0.0,,0.0
162,21,5.00,5,20.34,28.27,26.69,0.0,0.00,0.0,0.0,,0.0
162,22,5.00,5,20.16,27.83,26.35,0.0,0.00,0.0,0.0,,0.0
162,23,5.00,5,19.90,27.43,26.01,0.0,0.00,0.0,0.0,,0.0
162,24,5.00,5,19.68,27.04,25.69,0.0,0.00,0.0,0.0,,0.0
162,1,6.00,5,19.40,26.67,25.38,0.0,0.00,0.0,0.0,,0.0
162,2,6.00,5,19.05,26.31,25.08,0.0,0.00,0.0,0.0,,0.0
162,3,6.00,5,18.78,25.96,24.78,0.0,0.00,0.0,0.0,,0.0
162,4,6.00,5,18.60,25.63,24.50,0.0,0.00,0.0,0.0,,0.0
162,5,6.00,5,18.41,25.31,24.23,0.0,0.00,0.0,0.0,,0.0
162,6,6.00,5,18.18,25.01,23.97,0.0,0.00,0.0,0.0,,0.0
162,7,6.00,5,17.96,24.71,23.71,0.0,0.00,0.0,0.0,,0.0
162,8,6.00,5,18.46,25.43,24.56,0.0,0.00,0.0,0.0,,0.0
162,9,6.00,5,19.73,25.92,25.11,0.0,0.00,0.0,0.0,,0.0
162,10,6.00,5,21.68,26.55,25.78,0.0,0.00,0.0,0.0,,0.0
162,11,6.00,5,22.70,27.19,26.10,-1004.48,0.00,0.0,0.0,,-1004.48
162,12,6.00,5,23.24,27.81,26.10,-2661.01,0.00,0.0,0.0,,-2661.01
162,13,6.00,5,23.62,28.45,26.10,-4050.43,0.00,0.0,0.0,,-4050.43
162,14,6.00,5,23.69,29.04,26.10,-5171.89,0.00,0.0,0.0,,-5171.89
162,15,6.00,5,23.55,29.54,26.10,-6020.35,0.00,0.0,0.0,,-6020.35
162,16,6.00,5,23.37,29.95,26.10,-6576.45,0.00,0.0,0.0,,-6576.45
162,17,6.00,5,22.83,30.18,26.10,-6660.28,0.00,0.0,0.0,,-6660.28
162,18,6.00,5,21.95,30.14,26.10,-6076.07,0.00,0.0,0.0,,-6076.07
162,19,6.00,5,20.97,29.21,26.93,0.0,0.00,0.0,0.0,,0.0
162,20,6.00,5,20.43,28.62,26.79,0.0,0.00,0.0,0.0,,0.0
162,21,6.00,5,20.04,28.13,26.45,0.0,0.00,0.0,0.0,,0.0
162,22,6.00,5,20.11,27.70,26.12,0.0,0.00,0.0,0.0,,0.0
162,23,6.00,5,19.63,27.28,25.78,0.0,0.00,0.0,0.0,,0.0
162,24,6.00,5,19.28,26.88,25.44,0.0,0.00,0.0,0.0,,0.0
162,1,7.00,5,18.97,26.50,25.12,0.0,0.00,0.0,0.0,,0.0
162,2,7.00,5,18.78,26.14,24.82,0.0,0.00,0.0,0.0,,0.0
162,3,7.00,5,18.51,25.79,24.53,0.0,0.00,0.0,0.0,,0.0
162,4,7.00,5,18.26,25.45,24.25,0.0,0.00,0.0,0.0,,0.0
162,5,7.00,5,18.13,25.14,23.98,0.0,0.00,0.0,0.0,,0.0
162,6,7.00,5,18.26,24.85,23.74,0.0,0.00,0.0,0.0,,0.0
162,7,7.00,5,18.37,24.59,23.53,0.0,0.00,0.0,0.0,,0.0
162,8,7.00,5,18.83,25.38,24.45,0.0,0.00,0.0,0.0,,0.0
162,9,7.00,5,19.85,25.86,24.98,0.0,0.00,0.0,0.0,,0.0
162,10,7.00,5,21.26,26.41,25.59,0.0,0.00,0.0,0.0,,0.0
162,11,7.00,5,22.23,27.02,26.10,-358.67,0.00,0.0,0.0,,-358.67
162,12,7.00,5,23.02,27.66,26.10,-2252.28,0.00,0.0,0.0,,-2252.28
162,13,7.00,5,23.35,28.30,26.10,-3641.9,0.00,0.0,0.0,,-3641.9
162,14,7.00,5,23.62,28.91,26.10,-4874.23,0.00,0.0,0.0,,-4874.23
162,15,7.00,5,23.71,29.45,26.10,-5854.04,0.00,0.0,0.0,,-5854.04
162,16,7.00,5,23.41,29.86,26.10,-6397.3,0.00,0.0,0.0,,-6397.3
162,17,7.00,5,22.87,30.10,26.10,-6508.59,0.00,0.0,0.0,,-6508.59
162,18,7.00,5,22.14,30.09,26.10,-6010.89,0.00,0.0,0.0,,-6010.89
162,19,7.00,5,21.33,29.16,26.91,0.0,0.00,0.0,0.0,,0.0
162,20,7.00,5,20.74,28.58,26.77,0.0,0.00,0.0,0.0,,0.0
162,21,7.00,5,20.48,28.11,26.46,0.0,0.00,0.0,0.0,,0.0
162,22,7.00,5,20.06,27.67,26.11,0.0,0.00,0.0,0.0,,0.0
162,23,7.00,5,19.69,27.25,25.76,0.0,0.00,0.0,0.0,,0.0
162,24,7.00,5,19.40,26.86,25.44,0.0,0.00,0.0,0.0,,0.0
162,1,1.00,5,19.40,26.50,25.14,0.0,0.00,0.0,0.0,,0.0
162,2,1.00,5,19.32,26.17,24.86,0.0,0.00,0.0,0.0,,0.0
162,3,1.00,5,19.06,25.84,24.59,0.0,0.00,0.0,0.0,,0.0
162,4,1.00,5,18.84,25.52,24.32,0.0,0.00,0.0,0.0,,0.0
162,5,1.00,5,18.69,25.22,24.07,0.0,0.00,0.0,0.0,,0.0
162,6,1.00,5,18.55,24.94,23.83,0.0,0.00,0.0,0.0,,0.0
162,7,1.00,5,18.30,24.65,23.59,0.0,0.00,0.0,0.0,,0.0
162,8,1.00,5,18.62,25.40,24.47,0.0,0.00,0.0,0.0,,0.0
162,9,1.00,5,19.84,25.88,25.02,0.0,0.00,0.0,0.0,,0.0
162,10,1.00,5,21.85,26.53,25.71,0.0,0.00,0.0,0.0,,0.0
162,11,1.00,5,23.03,27.20,26.10,-896.75,0.00,0.0,0.0,,-896.75
162,12,1.00,5,23.45,27.83,26.10,-2580.72,0.00,0.0,0.0,,-2580.72
162,13,1.00,5,23.58,28.43,26.10,-3886.34,0.00,0.0,0.0,,-3886.34
162,14,1.00,5,23.83,29.03,26.10,-5095.67,0.00,0.0,-1096.03,,-6191.7
162,15,1.00,5,23.41,29.50,26.10,-5838.91,0.00,0.0,0.0,,-5838.91
162,16,1.00,5,22.78,29.83,26.10,-6193.61,0.00,0.0,0.0,,-6193.61
162,17,1.00,5,22.06,30.00,26.10,-6171.5,0.00,0.0,0.0,,-6171.5
162,18,1.00,5,21.09,29.91,26.10,-5508.21,0.00,0.0,0.0,,-5508.21
162,19,1.00,5,20.03,28.99,26.79,0.0,0.00,0.0,0.0,,0.0
162,20,1.00,5,19.41,28.38,26.58,0.0,0.00,0.0,0.0,,0.0
162,21,1.00,5,18.99,27.85,26.20,0.0,0.00,0.0,0.0,,0.0
162,22,1.00,5,18.71,27.38,25.82,0.0,0.00,0.0,0.0,,0.0
162,23,1.00,5,18.07,26.90,25.41,0.0,0.00,0.0,0.0,,0.0
162,24,1.00,5,17.71,26.46,25.03,0.0,0.00,0.0,0.0,,0.0
162,1,2.00,5,16.94,26.00,24.64,0.0,0.00,0.0,0.0,,0.0
162,2,2.00,5,16.43,25.56,24.25,0.0,0.00,0.0,0.0,,0.0
162,3,2.00,5,16.04,25.13,23.88,0.0,0.00,0.0,0.0,,0.0
162,4,2.00,5,15.68,24.72,23.52,0.0,0.00,0.0,0.0,,0.0
162,5,2.00,5,15.35,24.33,23.18,0.0,0.00,0.0,0.0,,0.0
162,6,2.00,5,15.03,23.94,22.84,0.0,0.00,0.0,0.0,,0.0
162,7,2.00,5,14.71,23.57,22.51,0.0,0.00,0.0,0.0,,0.0
162,8,2.00,5,15.14,24.03,23.10,0.0,0.00,0.0,0.0,,0.0
162,9,2.00,5,16.46,24.42,23.55,0.0,0.00,0.0,0.0,,0.0
162,10,2.00,5,18.86,25.05,24.22,0.0,0.00,0.0,0.0,,0.0
162,11,2.00,5,20.27,25.70,24.92,0.0,0.00,0.0,0.0,,0.0
162,12,2.00,5,20.84,26.32,25.57,0.0,0.00,0.0,0.0,,0.0
162,13,2.00,5,21.27,26.94,26.10,-351.1,0.00,0.0,0.0,,-351.1
162,14,2.00,5,21.68,27.56,26.10,-2139.64,0.00,0.0,0.0,,-2139.64
162,15,2.00,5,22.07,28.15,26.10,-3419.44,0.00,0.0,0.0,,-3419.44
162,16,2.00,5,21.76,28.56,26.10,-4113.76,0.00,0.0,0.0,,-4113.76
162,17,2.00,5,21.19,28.80,26.10,-4343.25,0.00,0.0,0.0,,-4343.25
162,18,2.00,5,20.31,28.77,26.10,-3888.86,0.00,0.0,0.0,,-3888.86
162,19,2.00,5,19.58,27.88,26.34,0.0,0.00,0.0,0.0,,0.0
162,20,2.00,5,19.06,27.32,26.06,0.0,0.00,0.0,0.0,,0.0
162,21,2.00,5,18.54,26.83,25.67,0.0,0.00,0.0,0.0,,0.0
162,22,2.00,5,17.89,26.37,25.27,0.0,0.00,0.0,0.0,,0.0
162,23,2.00,5,17.77,25.95,24.90,0.0,0.00,0.0,0.0,,0.0
162,24,2.00,5,17.34,25.54,24.53,0.0,0.00,0.0,0.0,,0.0
162,1,3.00,5,17.23,25.17,24.19,0.0,0.00,0.0,0.0,,0.0
162,2,3.00,5,17.09,24.81,23.88,0.0,0.00,0.0,0.0,,0.0
162,3,3.00,5,16.61,24.45,23.55,0.0,0.00,0.0,0.0,,0.0
162,4,3.00,5,16.09,24.09,23.22,0.0,0.00,0.0,0.0,,0.0
162,5,3.00,5,15.97,23.76,22.92,0.0,0.00,0.0,0.0,,0.0
162,6,3.00,5,15.76,23.43,22.63,0.0,0.00,0.0,0.0,,0.0
162,7,3.00,5,16.01,23.16,22.38,0.0,0.00,0.0,0.0,,0.0
162,8,3.00,5,16.33,24.67,23.92,0.0,0.00,0.0,0.0,,0.0
162,9,3.00,5,17.13,25.29,24.57,0.0,0.00,0.0,0.0,,0.0
162,10,3.00,5,19.30,25.90,25.19,0.0,0.00,0.0,-0.0,,0.0
162,11,3.00,5,20.79,26.55,25.88,0.0,0.00,0.0,-0.0,,0.0
162,12,3.00,5,21.37,27.25,26.59,0.0,0.00,0.0,-0.0,,0.0
162,13,3.00,5,21.71,27.97,27.33,0.0,0.00,0.0,0.0,,0.0
162,14,3.00,5,21.81,28.66,28.05,0.0,0.00,0.0,0.0,,0.0
162,15,3.00,5,21.98,29.32,28.73,0.0,0.00,0.0,0.0,,0.0
162,16,3.00,5,21.67,29.87,29.29,0.0,0.00,0.0,0.0,,0.0
162,17,3.00,5,21.23,30.27,29.71,0.0,0.00,0.0,0.0,,0.0
162,18,3.00,5,20.49,30.43,29.88,0.0,0.00,0.0,0.0,,0.0
162,19,3.00,5,19.46,28.68,28.15,0.0,0.00,0.0,0.0,,0.0
162,20,3.00,5,18.79,27.88,27.37,0.0,0.00,0.0,0.0,,0.0
162,21,3.00,5,18.18,27.31,26.81,0.0,0.00,0.0,0.0,,0.0
162,22,3.00,5,17.89,26.82,26.33,0.0,0.00,0.0,0.0,,0.0
162,23,3.00,5,17.52,26.36,25.88,0.0,0.00,0.0,0.0,,0.0
162,24,3.00,5,17.15,25.92,25.45,0.0,0.00,0.0,0.0,,0.0
162,1,4.00,5,16.80,25.50,25.04,0.0,0.00,0.0,0.0,,0.0
162,2,4.00,5,16.80,25.11,24.67,0.0,0.00,0.0,0.0,,0.0
162,3,4.00,5,16.62,24.74,24.31,0.0,0.00,0.0,0.0,,0.0
162,4,4.00,5,16.22,24.38,23.95,0.0,0.00,0.0,0.0,,0.0
162,5,4.00,5,15.80,24.01,23.60,0.0,0.00,0.0,0.0,,0.0
162,6,4.00,5,15.54,23.66,23.26,0.0,0.00,0.0,0.0,,0.0
162,7,4.00,5,15.09,23.31,22.92,0.0,0.00,0.0,0.0,,0.0
162,8,4.00,5,14.97,24.75,24.36,0.0,0.00,0.0,0.0,,0.0
162,9,4.00,5,16.06,25.33,24.95,0.0,0.00,0.0,0.0,,0.0
162,10,4.00,5,18.43,25.90,25.52,0.0,0.00,0.0,0.0,,0.0
162,11,4.00,5,19.82,26.51,26.15,0.0,0.00,0.0,0.0,,0.0
162,12,4.00,5,20.59,27.18,26.82,0.0,0.00,0.0,0.0,,0.0
162,13,4.00,5,21.22,27.90,27.54,0.0,0.00,0.0,0.0,,0.0
162,14,4.00,5,21.16,28.57,28.22,0.0,0.00,0.0,0.0,,0.0
162,15,4.00,5,21.19,29.20,28.86,0.0,0.00,0.0,0.0,,0.0
162,16,4.00,5,21.13,29.74,29.40,0.0,0.00,0.0,0.0,,0.0
162,17,4.00,5,20.66,30.13,29.80,0.0,0.00,0.0,0.0,,0.0
162,18,4.00,5,19.95,30.27,29.95,0.0,0.00,0.0,0.0,,0.0
162,19,4.00,5,18.99,28.51,28.20,0.0,0.00,0.0,0.0,,0.0
162,20,4.00,5,18.51,27.73,27.41,0.0,0.00,0.0,0.0,,0.0
162,21,4.00,5,18.09,27.17,26.86,0.0,0.00,0.0,0.0,,0.0
162,22,4.00,5,18.22,26.71,26.41,0.0,0.00,0.0,0.0,,0.0
162,23,4.00,5,17.79,26.27,25.97,0.0,0.00,0.0,0.0,,0.0
162,24,4.00,5,17.48,25.85,25.55,0.0,0.00,0.0,0.0,,0.0
162,1,5.00,5,17.21,25.45,25.16,0.0,0.00,0.0,0.0,,0.0
162,2,5.00,5,17.20,25.09,24.80,0.0,0.00,0.0,0.0,,0.0
162,3,5.00,5,17.08,24.74,24.45,0.0,0.00,0.0,0.0,,0.0
162,4,5.00,5,17.00,24.41,24.13,0.0,0.00,0.0,0.0,,0.0
162,5,5.00,5,16.95,24.11,23.83,0.0,0.00,0.0,0.0,,0.0
162,6,5.00,5,16.90,23.82,23.54,0.0,0.00,0.0,0.0,,0.0
162,7,5.00,5,16.71,23.53,23.26,0.0,0.00,0.0,0.0,,0.0
162,8,5.00,5,16.79,24.19,23.95,0.0,0.00,0.0,0.0,,0.0
162,9,5.00,5,17.45,24.57,24.33,0.0,0.00,0.0,0.0,,0.0
162,10,5.00,5,19.24,25.13,24.90,0.0,0.00,0.0,0.0,,0.0
162,11,5.00,5,20.29,25.72,25.49,0.0,0.00,0.0,0.0,,0.0
162,12,5.00,5,20.74,26.30,26.08,0.0,0.00,0.0,0.0,,0.0
162,13,5.00,5,20.79,26.85,26.10,-1524.06,0.00,0.0,0.0,,-1524.06
162,14,5.00,5,20.78,27.37,26.10,-2636.19,0.00,0.0,0.0,,-2636.19
162,15,5.00,5,20.63,27.82,26.10,-3483.32,0.00,0.0,0.0,,-3483.32
162,16,5.00,5,20.45,28.18,26.10,-4041.68,0.00,0.0,0.0,,-4041.68
162,17,5.00,5,19.97,28.38,26.10,-4155.17,0.00,0.0,0.0,,-4155.17
162,18,5.00,5,19.26,28.34,26.10,-3652.91,0.00,0.0,0.0,,-3652.91
162,19,5.00,5,18.29,27.46,26.30,0.0,0.00,0.0,0.0,,0.0
162,20,5.00,5,17.81,26.88,25.97,0.0,0.00,0.0,0.0,,0.0
162,21,5.00,5,17.57,26.38,25.56,0.0,0.00,0.0,0.0,,0.0
162,22,5.00,5,17.41,25.94,25.16,0.0,0.00,0.0,0.0,,0.0
162,23,5.00,5,17.00,25.50,24.76,0.0,0.00,0.0,0.0,,0.0
162,24,5.00,5,16.89,25.11,24.39,0.0,0.00,0.0,0.0,,0.0
162,1,6.00,5,16.78,24.74,24.05,0.0,0.00,0.0,0.0,,0.0
162,2,6.00,5,16.49,24.37,23.71,0.0,0.00,0.0,0.0,,0.0
162,3,6.00,5,16.10,24.01,23.38,0.0,0.00,0.0,0.0,,0.0
162,4,6.00,5,15.71,23.66,23.05,0.0,0.00,0.0,0.0,,0.0
162,5,6.00,5,15.30,23.31,22.72,0.0,0.00,0.0,0.0,,0.0
162,6,6.00,5,14.96,22.98,22.40,0.0,0.00,0.0,0.0,,0.0
162,7,6.00,5,14.63,22.64,22.09,0.0,0.00,0.0,0.0,,0.0
162,8,6.00,5,14.91,23.20,22.71,0.0,0.00,0.0,0.0,,0.0
162,9,6.00,5,16.11,23.61,23.15,0.0,0.00,0.0,0.0,,0.0
162,10,6.00,5,18.12,24.20,23.76,0.0,0.00,0.0,0.0,,0.0
162,11,6.00,5,19.44,24.85,24.42,0.0,0.00,0.0,0.0,,0.0
162,12,6.00,5,20.12,25.48,25.07,0.0,0.00,0.0,0.0,,0.0
162,13,6.00,5,20.66,26.13,25.74,0.0,0.00,0.0,0.0,,0.0
162,14,6.00,5,20.94,26.74,26.10,-762.12,0.00,0.0,0.0,,-762.12
162,15,6.00,5,21.17,27.31,26.10,-2249.72,0.00,0.0,0.0,,-2249.72
162,16,6.00,5,20.96,27.74,26.10,-3038.33,0.00,0.0,0.0,,-3038.33
162,17,6.00,5,20.56,28.01,26.10,-3390.26,0.00,0.0,0.0,,-3390.26
162,18,6.00,5,19.86,28.02,26.10,-3071.15,0.00,0.0,0.0,,-3071.15
162,19,6.00,5,18.82,27.11,26.08,0.0,0.00,0.0,0.0,,0.0
162,20,6.00,5,18.15,26.53,25.72,0.0,0.00,0.0,0.0,,0.0
162,21,6.00,5,17.77,26.05,25.31,0.0,0.00,0.0,0.0,,0.0
162,22,6.00,5,17.85,25.64,24.94,0.0,0.00,0.0,0.0,,0.0
162,23,6.00,5,17.23,25.23,24.55,0.0,0.00,0.0,0.0,,0.0
162,24,6.00,5,17.21,24.85,24.20,0.0,0.00,0.0,0.0,,0.0
162,1,7.00,5,16.91,24.49,23.87,0.0,0.00,0.0,0.0,,0.0
162,2,7.00,5,16.57,24.14,23.53,0.0,0.00,0.0,0.0,,0.0
162,3,7.00,5,16.10,23.79,23.20,0.0,0.00,0.0,0.0,,0.0
162,4,7.00,5,15.74,23.44,22.88,0.0,0.00,0.0,0.0,,0.0
162,5,7.00,5,15.54,23.12,22.57,0.0,0.00,0.0,0.0,,0.0
162,6,7.00,5,15.19,22.80,22.27,0.0,0.00,0.0,0.0,,0.0
162,7,7.00,5,15.63,22.54,22.03,0.0,0.00,0.0,0.0,,0.0
162,8,7.00,5,16.20,23.27,22.82,0.0,0.00,0.0,0.0,,0.0
162,9,7.00,5,17.17,23.73,23.30,0.0,0.00,0.0,0.0,,0.0
162,10,7.00,5,19.21,24.37,23.97,0.0,0.00,0.0,0.0,,0.0
162,11,7.00,5,20.86,25.11,24.72,0.0,0.00,0.0,0.0,,0.0
162,12,7.00,5,21.68,25.82,25.45,0.0,0.00,0.0,0.0,,0.0
162,13,7.00,5,22.41,26.56,26.10,-275.75,0.00,0.0,0.0,,-275.75
162,14,7.00,5,22.79,27.25,26.10,-2238.59,0.00,0.0,0.0,,-2238.59
162,15,7.00,5,23.21,27.91,26.10,-3637.28,0.00,0.0,0.0,,-3637.28
162,16,7.00,5,22.76,28.37,26.10,-4358.77,0.00,0.0,0.0,,-4358.77
162,17,7.00,5,22.26,28.66,26.10,-4684.38,0.00,0.0,0.0,,-4684.38
162,18,7.00,5,21.22,28.66,26.10,-4222.56,0.00,0.0,0.0,,-4222.56
162,19,7.00,5,19.89,27.68,26.35,0.0,0.00,0.0,0.0,,0.0
162,20,7.00,5,19.03,27.08,26.05,0.0,0.00,0.0,0.0,,0.0
162,21,7.00,5,18.38,26.57,25.64,0.0,0.00,0.0,0.0,,0.0
162,22,7.00,5,18.22,26.13,25.25,0.0,0.00,0.0,0.0,,0.0
162,23,7.00,5,17.63,25.70,24.86,0.0,0.00,0.0,0.0,,0.0
162,24,7.00,5,17.16,25.28,24.47,0.0,0.00,0.0,0.0,,0.0
162,1,1.00,5,16.80,24.88,24.10,0.0,0.00,0.0,0.0,,0.0
162,2,1.00,5,16.43,24.49,23.75,0.0,0.00,0.0,0.0,,0.0
162,3,1.00,5,15.96,24.11,23.39,0.0,0.00,0.0,0.0,,0.0
162,4,1.00,5,15.45,23.73,23.04,0.0,0.00,0.0,0.0,,0.0
162,5,1.00,5,15.06,23.36,22.69,0.0,0.00,0.0,0.0,,0.0
162,6,1.00,5,14.45,22.98,22.34,0.0,0.00,0.0,0.0,,0.0
162,7,1.00,5,13.89,22.60,21.99,0.0,0.00,0.0,0.0,,0.0
162,8,1.00,5,14.77,23.15,22.61,0.0,0.00,0.0,0.0,,0.0
162,9,1.00,5,16.18,23.59,23.08,0.0,0.00,0.0,0.0,,0.0
162,10,1.00,5,18.28,24.20,23.72,0.0,0.00,0.0,0.0,,0.0
162,11,1.00,5,20.17,24.94,24.47,0.0,0.00,0.0,0.0,,0.0
162,12,1.00,5,21.28,25.68,25.23,0.0,0.00,0.0,0.0,,0.0
162,13,1.00,5,22.22,26.45,26.02,0.0,0.00,0.0,0.0,,0.0
162,14,1.00,5,22.94,27.19,26.10,-1962.03,0.00,0.0,0.0,,-1962.03
162,15,1.00,5,22.69,27.77,26.10,-3161.89,0.00,0.0,0.0,,-3161.89
162,16,1.00,5,22.37,28.22,26.10,-3948.03,0.00,0.0,0.0,,-3948.03
162,17,1.00,5,21.75,28.48,26.10,-4234.1,0.00,0.0,0.0,,-4234.1
162,18,1.00,5,20.79,28.48,26.10,-3809.49,0.00,0.0,0.0,,-3809.49
162,19,1.00,5,19.74,27.53,26.26,0.0,0.00,0.0,0.0,,0.0
162,20,1.00,5,19.15,26.95,25.96,0.0,0.00,0.0,0.0,,0.0
162,21,1.00,5,18.72,26.48,25.57,0.0,0.00,0.0,0.0,,0.0
162,22,1.00,5,18.94,26.09,25.23,0.0,0.00,0.0,0.0,,0.0
162,23,1.00,5,18.26,25.68,24.86,0.0,0.00,0.0,0.0,,0.0
162,24,1.00,5,18.16,25.32,24.53,0.0,0.00,0.0,0.0,,0.0
162,1,2.00,5,17.79,24.96,24.20,0.0,0.00,0.0,0.0,,0.0
162,2,2.00,5,17.21,24.59,23.86,0.0,0.00,0.0,0.0,,0.0
162,3,2.00,5,16.48,24.21,23.51,0.0,0.00,0.0,0.0,,0.0
162,4,2.00,5,15.90,23.84,23.16,0.0,0.00,0.0,0.0,,0.0
162,5,2.00,5,15.48,23.47,22.82,0.0,0.00,0.0,0.0,,0.0
162,6,2.00,5,14.93,23.11,22.48,0.0,0.00,0.0,0.0,,0.0
162,7,2.00,5,14.46,22.75,22.14,0.0,0.00,0.0,0.0,,0.0
162,8,2.00,5,15.04,23.30,22.77,0.0,0.00,0.0,0.0,,0.0
162,9,2.00,5,16.28,23.71,23.21,0.0,0.00,0.0,0.0,,0.0
162,10,2.00,5,18.54,24.34,23.87,0.0,0.00,0.0,0.0,,0.0
162,11,2.00,5,20.61,25.11,24.65,0.0,0.00,0.0,0.0,,0.0
162,12,2.00,5,21.42,25.82,25.38,0.0,0.00,0.0,0.0,,0.0
162,13,2.00,5,22.26,26.56,26.10,-98.48,0.00,0.0,0.0,,-98.48
162,14,2.00,5,22.61,27.24,26.10,-2087.11,0.00,0.0,0.0,,-2087.11
162,15,2.00,5,23.24,27.92,26.10,-3577.83,0.00,0.0,0.0,,-3577.83
162,16,2.00,5,23.09,28.43,26.10,-4440.93,0.00,0.0,-36.17,,-4477.1
162,17,2.00,5,22.65,28.75,26.10,-4819.36,0.00,0.0,-347.34,,-5166.7
162,18,2.00,5,21.80,28.79,26.10,-4466.11,0.00,0.0,-233.6,,-4699.71
162,19,2.00,5,20.73,27.81,26.42,0.0,0.00,0.0,0.0,,0.0
162,20,2.00,5,20.10,27.25,26.17,0.0,0.00,0.0,0.0,,0.0
162,21,2.00,5,19.73,26.79,25.82,0.0,0.00,0.0,0.0,,0.0
162,22,2.00,5,19.87,26.42,25.49,0.0,0.00,0.0,0.0,,0.0
162,23,2.00,5,19.12,26.02,25.14,0.0,0.00,0.0,0.0,,0.0
162,24,2.00,5,18.88,25.66,24.81,0.0,0.00,0.0,0.0,,0.0
162,1,3.00,5,18.55,25.31,24.50,0.0,0.00,0.0,0.0,,0.0
162,2,3.00,5,18.26,24.97,24.19,0.0,0.00,0.0,0.0,,0.0
162,3,3.00,5,17.99,24.64,23.89,0.0,0.00,0.0,0.0,,0.0
162,4,3.00,5,17.70,24.33,23.61,0.0,0.00,0.0,0.0,,0.0
162,5,3.00,5,17.39,24.02,23.33,0.0,0.00,0.0,0.0,,0.0
162,6,3.00,5,17.24,23.73,23.06,0.0,0.00,0.0,0.0,,0.0
162,7,3.00,5,17.02,23.44,22.80,0.0,0.00,0.0,0.0,,0.0
162,8,3.00,5,17.25,24.96,24.34,0.0,0.00,0.0,0.0,,0.0
162,9,3.00,5,18.31,25.60,25.00,0.0,0.00,0.0,0.0,,0.0
162,10,3.00,5,20.09,26.19,25.61,0.0,0.00,0.0,-0.0,,0.0
162,11,3.00,5,21.49,26.84,26.28,0.0,0.00,0.0,-0.0,,0.0
162,12,3.00,5,22.13,27.54,26.99,0.0,0.00,0.0,-0.0,,0.0
162,13,3.00,5,22.61,28.27,27.74,0.0,0.00,0.0,0.0,,0.0
162,14,3.00,5,22.73,28.97,28.46,0.0,0.00,0.0,0.0,,0.0
162,15,3.00,5,22.95,29.64,29.15,0.0,0.00,0.0,0.0,,0.0
162,16,3.00,5,22.74,30.20,29.73,0.0,0.00,0.0,0.0,,0.0
162,17,3.00,5,22.33,30.62,30.16,0.0,0.00,0.0,0.0,,0.0
162,18,3.00,5,21.54,30.78,30.34,0.0,0.00,0.0,0.0,,0.0
162,19,3.00,5,20.65,29.05,28.62,0.0,0.00,0.0,0.0,,0.0
162,20,3.00,5,20.12,28.28,27.86,0.0,0.00,0.0,0.0,,0.0
162,21,3.00,5,19.73,27.75,27.33,0.0,0.00,0.0,0.0,,0.0
162,22,3.00,5,19.88,27.31,26.91,0.0,0.00,0.0,0.0,,0.0
162,23,3.00,5,19.39,26.89,26.50,0.0,0.00,0.0,0.0,,0.0
162,24,3.00,5,19.19,26.49,26.11,0.0,0.00,0.0,0.0,,0.0
162,1,4.00,5,19.00,26.12,25.75,0.0,0.00,0.0,0.0,,0.0
162,2,4.00,5,18.64,25.76,25.39,0.0,0.00,0.0,0.0,,0.0
162,3,4.00,5,18.43,25.41,25.06,0.0,0.00,0.0,0.0,,0.0
162,4,4.00,5,18.28,25.08,24.74,0.0,0.00,0.0,0.0,,0.0
162,5,4.00,5,18.14,24.77,24.43,0.0,0.00,0.0,0.0,,0.0
162,6,4.00,5,17.91,24.46,24.14,0.0,0.00,0.0,0.0,,0.0
162,7,4.00,5,17.68,24.17,23.85,0.0,0.00,0.0,0.0,,0.0
162,8,4.00,5,17.60,25.65,25.33,0.0,0.00,0.0,0.0,,0.0
162,9,4.00,5,18.72,26.27,25.97,0.0,0.00,0.0,0.0,,0.0
162,10,4.00,5,20.52,26.85,26.54,0.0,0.00,0.0,0.0,,0.0
162,11,4.00,5,21.70,27.46,27.17,0.0,0.00,0.0,0.0,,0.0
162,12,4.00,5,22.12,28.11,27.82,0.0,0.00,0.0,0.0,,0.0
162,13,4.00,5,22.55,28.81,28.52,0.0,0.00,0.0,0.0,,0.0
162,14,4.00,5,22.53,29.47,29.19,0.0,0.00,0.0,0.0,,0.0
162,15,4.00,5,22.48,30.09,29.81,0.0,0.00,0.0,0.0,,0.0
162,16,4.00,5,22.29,30.60,30.33,0.0,0.00,0.0,0.0,,0.0
162,17,4.00,5,21.99,30.99,30.72,0.0,0.00,0.0,0.0,,0.0
162,18,4.00,5,21.31,31.13,30.87,0.0,0.00,0.0,0.0,,0.0
162,19,4.00,5,20.36,29.37,29.11,0.0,0.00,0.0,0.0,,0.0
162,20,4.00,5,19.87,28.58,28.32,0.0,0.00,0.0,0.0,,0.0
162,21,4.00,5,19.49,28.02,27.77,0.0,0.00,0.0,0.0,,0.0
162,22,4.00,5,19.36,27.54,27.30,0.0,0.00,0.0,0.0,,0.0
162,23,4.00,5,19.26,27.11,26.87,0.0,0.00,0.0,0.0,,0.0
162,24,4.00,5,19.00,26.70,26.46,0.0,0.00,0.0,0.0,,0.0
162,1,5.00,5,18.67,26.30,26.06,0.0,0.00,0.0,0.0,,0.0
162,2,5.00,5,18.27,25.91,25.68,0.0,0.00,0.0,0.0,,0.0
162,3,5.00,5,18.11,25.55,25.32,0.0,0.00,0.0,0.0,,0.0
162,4,5.00,5,18.08,25.21,24.98,0.0,0.00,0.0,0.0,,0.0
162,5,5.00,5,18.05,24.89,24.67,0.0,0.00,0.0,0.0,,0.0
162,6,5.00,5,17.90,24.59,24.37,0.0,0.00,0.0,0.0,,0.0
162,7,5.00,5,17.86,24.30,24.08,0.0,0.00,0.0,0.0,,0.0
162,8,5.00,5,17.95,24.99,24.80,0.0,0.00,0.0,0.0,,0.0
162,9,5.00,5,18.74,25.39,25.20,0.0,0.00,0.0,0.0,,0.0
162,10,5.00,5,20.31,25.93,25.74,0.0,0.00,0.0,0.0,,0.0
162,11,5.00,5,21.24,26.49,26.10,-596.09,0.00,0.0,0.0,,-596.09
162,12,5.00,5,21.53,27.04,26.10,-2020.33,0.00,0.0,0.0,,-2020.33
162,13,5.00,5,21.82,27.60,26.10,-3229.27,0.00,0.0,0.0,,-3229.27
162,14,5.00,5,21.75,28.11,26.10,-4166.22,0.00,0.0,0.0,,-4166.22
162,15,5.00,5,21.67,28.57,26.10,-4927.61,0.00,0.0,0.0,,-4927.61
162,16,5.00,5,21.54,28.94,26.10,-5414.98,0.00,0.0,0.0,,-5414.98
162,17,5.00,5,21.24,29.17,26.10,-5534.32,0.00,0.0,0.0,,-5534.32
162,18,5.00,5,20.52,29.13,26.10,-4969.46,0.00,0.0,0.0,,-4969.46
162,19,5.00,5,19.54,28.22,26.65,0.0,0.00,0.0,0.0,,0.0
162,20,5.00,5,19.05,27.63,26.41,0.0,0.00,0.0,0.0,,0.0
162,21,5.00,5,18.87,27.14,26.04,0.0,0.00,0.0,0.0,,0.0
162,22,5.00,5,18.48,26.68,25.64,0.0,0.00,0.0,0.0,,0.0
162,23,5.00,5,18.32,26.26,25.27,0.0,0.00,0.0,0.0,,0.0
162,24,5.00,5,18.12,25.86,24.92,0.0,0.00,0.0,0.0,,0.0
162,1,6.00,5,17.96,25.49,24.58,0.0,0.00,0.0,0.0,,0.0
162,2,6.00,5,18.02,25.15,24.28,0.0,0.00,0.0,0.0,,0.0
162,3,6.00,5,18.04,24.83,24.00,0.0,0.00,0.0,0.0,,0.0
162,4,6.00,5,18.01,24.53,23.74,0.0,0.00,0.0,0.0,,0.0
162,5,6.00,5,17.88,24.24,23.48,0.0,0.00,0.0,0.0,,0.0
162,6,6.00,5,17.46,23.95,23.22,0.0,0.00,0.0,0.0,,0.0
162,7,6.00,5,17.40,23.68,22.98,0.0,0.00,0.0,0.0,,0.0
162,8,6.00,5,17.72,24.43,23.82,0.0,0.00,0.0,0.0,,0.0
162,9,6.00,5,18.82,24.91,24.33,0.0,0.00,0.0,0.0,,0.0
162,10,6.00,5,20.54,25.51,24.96,0.0,0.00,0.0,0.0,,0.0
162,11,6.00,5,21.49,26.12,25.60,0.0,0.00,0.0,0.0,,0.0
162,12,6.00,5,21.99,26.73,26.10,-381.96,0.00,0.0,0.0,,-381.96
162,13,6.00,5,22.46,27.38,26.10,-2207.68,0.00,0.0,0.0,,-2207.68
162,14,6.00,5,22.08,27.89,26.10,-3226.27,0.00,0.0,0.0,,-3226.27
162,15,6.00,5,21.78,28.34,26.10,-4059.74,0.00,0.0,0.0,,-4059.74
162,16,6.00,5,21.51,28.70,26.10,-4613.43,0.00,0.0,0.0,,-4613.43
162,17,6.00,5,20.94,28.89,26.10,-4713.74,0.00,0.0,0.0,,-4713.74
162,18,6.00,5,19.98,28.81,26.10,-4115.33,0.00,0.0,0.0,,-4115.33
162,19,6.00,5,18.80,27.90,26.39,0.0,0.00,0.0,0.0,,0.0
162,20,6.00,5,18.15,27.28,26.07,0.0,0.00,0.0,0.0,,0.0
162,21,6.00,5,17.68,26.74,25.64,0.0,0.00,0.0,0.0,,0.0
162,22,6.00,5,17.16,26.25,25.20,0.0,0.00,0.0,0.0,,0.0
162,23,6.00,5,16.81,25.78,24.78,0.0,0.00,0.0,0.0,,0.0
162,24,6.00,5,16.51,25.34,24.39,0.0,0.00,0.0,0.0,,0.0
162,1,7.00,5,16.09,24.90,23.99,0.0,0.00,0.0,0.0,,0.0
162,2,7.00,5,15.59,24.48,23.61,0.0,0.00,0.0,0.0,,0.0
162,3,7.00,5,15.43,24.08,23.25,0.0,0.00,0.0,0.0,,0.0
162,4,7.00,5,15.27,23.71,22.91,0.0,0.00,0.0,0.0,,0.0
162,5,7.00,5,15.05,23.35,22.58,0.0,0.00,0.0,0.0,,0.0
162,6,7.00,5,14.62,22.99,22.25,0.0,0.00,0.0,0.0,,0.0
162,7,7.00,5,14.02,22.62,21.91,0.0,0.00,0.0,0.0,,0.0
162,8,7.00,5,13.62,22.98,22.36,0.0,0.00,0.0,0.0,,0.0
162,9,7.00,5,15.27,23.39,22.80,0.0,0.00,0.0,0.0,,0.0
162,10,7.00,5,17.45,23.98,23.42,0.0,0.00,0.0,0.0,,0.0
162,11,7.00,5,19.36,24.69,24.16,0.0,0.00,0.0,0.0,,0.0
162,12,7.00,5,20.82,25.46,24.95,0.0,0.00,0.0,0.0,,0.0
162,13,7.00,5,21.97,26.25,25.77,0.0,0.00,0.0,0.0,,0.0
162,14,7.00,5,21.68,26.85,26.10,-815.7,0.00,0.0,0.0,,-815.7
162,15,7.00,5,21.33,27.35,26.10,-2106.2,0.00,0.0,0.0,,-2106.2
162,16,7.00,5,20.98,27.74,26.10,-2861.93,0.00,0.0,0.0,,-2861.93
162,17,7.00,5,20.36,27.97,26.10,-3130.48,0.00,0.0,0.0,,-3130.48
162,18,7.00,5,19.46,27.93,26.10,-2718.69,0.00,0.0,0.0,,-2718.69
162,19,7.00,5,18.36,27.01,25.98,0.0,0.00,0.0,0.0,,0.0
162,20,7.00,5,17.67,26.42,25.58,0.0,0.00,0.0,0.0,,0.0
162,21,7.00,5,17.30,25.92,25.15,0.0,0.00,0.0,0.0,,0.0
162,22,7.00,5,16.91,25.46,24.73,0.0,0.00,0.0,0.0,,0.0
162,23,7.00,5,16.41,25.01,24.31,0.0,0.00,0.0,0.0,,0.0
162,24,7.00,5,16.16,24.60,23.92,0.0,0.00,0.0,0.0,,0.0
162,1,1.00,5,15.84,24.20,23.55,0.0,0.00,0.0,0.0,,0.0
162,2,1.00,5,15.40,23.81,23.18,0.0,0.00,0.0,0.0,,0.0
162,3,1.00,5,15.16,23.43,22.83,0.0,0.00,0.0,0.0,,0.0
162,4,1.00,5,15.02,23.08,22.50,0.0,0.00,0.0,0.0,,0.0
162,5,1.00,5,14.73,22.74,22.18,0.0,0.00,0.0,0.0,,0.0
162,6,1.00,5,14.22,22.39,21.85,0.0,0.00,0.0,0.0,,0.0
162,7,1.00,5,13.54,22.03,21.50,0.0,0.00,0.0,0.0,,0.0
162,8,1.00,5,13.28,22.43,21.97,0.0,0.00,0.0,0.0,,0.0
162,9,1.00,5,14.96,22.86,22.43,0.0,0.00,0.0,0.0,,0.0
162,10,1.00,5,17.07,23.46,23.04,0.0,0.00,0.0,0.0,,0.0
162,11,1.00,5,18.65,24.13,23.73,0.0,0.00,0.0,0.0,,0.0
162,12,1.00,5,19.86,24.85,24.47,0.0,0.00,0.0,0.0,,0.0
162,13,1.00,5,20.79,25.59,25.23,0.0,0.00,0.0,0.0,,0.0
162,14,1.00,5,21.48,26.31,25.96,0.0,0.00,0.0,0.0,,0.0
162,15,1.00,5,22.31,27.03,26.10,-1702.61,0.00,0.0,0.0,,-1702.61
162,16,1.00,5,22.17,27.55,26.10,-2800.83,0.00,0.0,0.0,,-2800.83
162,17,1.00,5,21.71,27.88,26.10,-3298.58,0.00,0.0,0.0,,-3298.58
162,18,1.00,5,20.99,27.95,26.10,-3106.08,0.00,0.0,0.0,,-3106.08
162,19,1.00,5,20.07,26.99,26.04,0.0,0.00,0.0,0.0,,0.0
162,20,1.00,5,19.62,26.46,25.72,0.0,0.00,0.0,0.0,,0.0
162,21,1.00,5,19.41,26.04,25.37,0.0,0.00,0.0,0.0,,0.0
162,22,1.00,5,19.42,25.68,25.04,0.0,0.00,0.0,0.0,,0.0
162,23,1.00,5,19.08,25.34,24.72,0.0,0.00,0.0,0.0,,0.0
162,24,1.00,5,18.95,25.02,24.43,0.0,0.00,0.0,0.0,,0.0
162,1,2.00,5,18.69,24.71,24.14,0.0,0.00,0.0,0.0,,0.0
162,2,2.00,5,18.49,24.41,23.86,0.0,0.00,0.0,0.0,,0.0
162,3,2.00,5,18.26,24.13,23.60,0.0,0.00,0.0,0.0,,0.0
162,4,2.00,5,18.26,23.87,23.35,0.0,0.00,0.0,0.0,,0.0
162,5,2.00,5,18.40,23.63,23.14,0.0,0.00,0.0,0.0,,0.0
162,6,2.00,5,18.22,23.40,22.92,0.0,0.00,0.0,0.0,,0.0
162,7,2.00,5,17.87,23.16,22.70,0.0,0.00,0.0,0.0,,0.0
162,8,2.00,5,17.74,23.97,23.56,0.0,0.00,0.0,0.0,,0.0
162,9,2.00,5,18.70,24.45,24.07,0.0,0.00,0.0,0.0,,0.0
162,10,2.00,5,20.34,25.05,24.69,0.0,0.00,0.0,0.0,,0.0
162,11,2.00,5,21.03,25.63,25.28,0.0,0.00,0.0,0.0,,0.0
162,12,2.00,5,21.43,26.22,25.88,0.0,0.00,0.0,0.0,,0.0
162,13,2.00,5,21.77,26.84,26.10,-1179.79,0.00,0.0,0.0,,-1179.79
162,14,2.00,5,21.92,27.42,26.10,-2587.75,0.00,0.0,0.0,,-2587.75
162,15,2.00,5,22.13,27.97,26.10,-3707.28,0.00,0.0,0.0,,-3707.28
162,16,2.00,5,21.73,28.36,26.10,-4285.04,0.00,0.0,0.0,,-4285.04
162,17,2.00,5,21.25,28.60,26.10,-4486.64,0.00,0.0,0.0,,-4486.64
162,18,2.00,5,20.47,28.58,26.10,-4026.11,0.00,0.0,0.0,,-4026.11
162,19,2.00,5,19.34,27.63,26.34,0.0,0.00,0.0,0.0,,0.0
162,20,2.00,5,18.66,27.03,26.02,0.0,0.00,0.0,0.0,,0.0
162,21,2.00,5,18.46,26.54,25.63,0.0,0.00,0.0,0.0,,0.0
162,22,2.00,5,17.80,26.07,25.20,0.0,0.00,0.0,0.0,,0.0
162,23,2.00,5,17.72,25.65,24.82,0.0,0.00,0.0,0.0,,0.0
162,24,2.00,5,17.35,25.24,24.45,0.0,0.00,0.0,0.0,,0.0
162,1,3.00,5,17.05,24.85,24.09,0.0,0.00,0.0,0.0,,0.0
162,2,3.00,5,17.04,24.49,23.77,0.0,0.00,0.0,0.0,,0.0
162,3,3.00,5,16.86,24.15,23.45,0.0,0.00,0.0,0.0,,0.0
162,4,3.00,5,16.46,23.81,23.14,0.0,0.00,0.0,0.0,,0.0
162,5,3.00,5,16.04,23.47,22.82,0.0,0.00,0.0,0.0,,0.0
162,6,3.00,5,15.65,23.13,22.51,0.0,0.00,0.0,0.0,,0.0
162,7,3.00,5,16.40,22.88,22.28,0.0,0.00,0.0,0.0,,0.0
162,8,3.00,5,16.59,24.40,23.83,0.0,0.00,0.0,0.0,,0.0
162,9,3.00,5,17.08,25.01,24.46,0.0,0.00,0.0,0.0,,0.0
162,10,3.00,5,19.12,25.60,25.06,0.0,0.00,0.0,-0.0,,0.0
162,11,3.00,5,20.66,26.25,25.73,0.0,0.00,0.0,0.0,,0.0
162,12,3.00,5,21.04,26.92,26.42,0.0,0.00,0.0,0.0,,0.0
162,13,3.00,5,21.52,27.64,27.15,0.0,0.00,0.0,0.0,,0.0
162,14,3.00,5,21.87,28.35,27.88,0.0,0.00,0.0,0.0,,0.0
162,15,3.00,5,22.26,29.03,28.57,0.0,0.00,0.0,0.0,,0.0
162,16,3.00,5,21.90,29.58,29.14,0.0,0.00,0.0,0.0,,0.0
162,17,3.00,5,21.19,29.97,29.55,0.0,0.00,0.0,0.0,,0.0
162,18,3.00,5,20.40,30.12,29.71,0.0,0.00,0.0,0.0,,0.0
162,19,3.00,5,19.50,28.38,27.97,0.0,0.00,0.0,0.0,,0.0
162,20,3.00,5,18.94,27.59,27.20,0.0,0.00,0.0,0.0,,0.0
162,21,3.00,5,19.13,27.08,26.70,0.0,0.00,0.0,0.0,,0.0
162,22,3.00,5,18.67,26.62,26.25,0.0,0.00,0.0,0.0,,0.0
162,23,3.00,5,18.49,26.20,25.84,0.0,0.00,0.0,0.0,,0.0
162,24,3.00,5,18.21,25.80,25.45,0.0,0.00,0.0,0.0,,0.0
162,1,4.00,5,18.23,25.43,25.09,0.0,0.00,0.0,0.0,,0.0
162,2,4.00,5,18.28,25.10,24.77,0.0,0.00,0.0,0.0,,0.0
162,3,4.00,5,16.87,24.69,24.37,0.0,0.00,0.0,0.0,,0.0
162,4,4.00,5,16.72,24.33,24.01,0.0,0.00,0.0,0.0,,0.0
162,5,4.00,5,16.71,24.00,23.69,0.0,0.00,0.0,0.0,,0.0
162,6,4.00,5,16.02,23.64,23.34,0.0,0.00,0.0,0.0,,0.0
162,7,4.00,5,16.91,23.39,23.09,0.0,0.00,0.0,0.0,,0.0
162,8,4.00,5,17.47,24.93,24.64,0.0,0.00,0.0,0.0,,0.0
162,9,4.00,5,18.21,25.56,25.28,0.0,0.00,0.0,0.0,,0.0
162,10,4.00,5,20.38,26.18,25.90,0.0,0.00,0.0,-0.0,,0.0
162,11,4.00,5,22.26,26.87,26.60,0.0,0.00,0.0,0.0,,0.0
162,12,4.00,5,22.52,27.57,27.30,0.0,0.00,0.0,-0.0,,0.0
162,13,4.00,5,23.52,28.35,28.08,0.0,0.00,0.0,0.0,,0.0
162,14,4.00,5,23.17,29.05,28.79,0.0,0.00,0.0,0.0,,0.0
162,15,4.00,5,23.05,29.70,29.45,0.0,0.00,0.0,0.0,,0.0
162,16,4.00,5,22.96,30.26,30.02,0.0,0.00,0.0,0.0,,0.0
162,17,4.00,5,22.54,30.68,30.44,0.0,0.00,0.0,0.0,,0.0
162,18,4.00,5,21.93,30.86,30.62,0.0,0.00,0.0,0.0,,0.0
162,19,4.00,5,20.96,29.13,28.90,0.0,0.00,0.0,0.0,,0.0
162,20,4.00,5,20.33,28.36,28.13,0.0,0.00,0.0,0.0,,0.0
162,21,4.00,5,20.13,27.83,27.60,0.0,0.00,0.0,0.0,,0.0
162,22,4.00,5,19.53,27.35,27.13,0.0,0.00,0.0,0.0,,0.0
162,23,4.00,5,19.54,26.94,26.71,0.0,0.00,0.0,0.0,,0.0
162,24,4.00,5,19.10,26.52,26.31,0.0,0.00,0.0,0.0,,0.0
162,1,5.00,5,19.12,26.15,25.94,0.0,0.00,0.0,0.0,,0.0
162,2,5.00,5,19.41,25.83,25.62,0.0,0.00,0.0,0.0,,0.0
162,3,5.00,5,19.32,25.52,25.31,0.0,0.00,0.0,0.0,,0.0
162,4,5.00,5,19.36,25.23,25.03,0.0,0.00,0.0,0.0,,0.0
162,5,5.00,5,19.28,24.96,24.76,0.0,0.00,0.0,0.0,,0.0
162,6,5.00,5,18.91,24.68,24.47,0.0,0.00,0.0,0.0,,0.0
162,7,5.00,5,18.41,24.38,24.19,0.0,0.00,0.0,0.0,,0.0
162,8,5.00,5,18.23,25.08,24.90,0.0,0.00,0.0,0.0,,0.0
162,9,5.00,5,18.64,25.42,25.25,0.0,0.00,0.0,0.0,,0.0
162,10,5.00,5,19.66,25.85,25.68,0.0,0.00,0.0,0.0,,0.0
162,11,5.00,5,21.12,26.45,26.10,-517.06,0.00,0.0,0.0,,-517.06
162,12,5.00,5,21.21,26.96,26.10,-1860.24,0.00,0.0,0.0,,-1860.24
162,13,5.00,5,21.43,27.49,26.10,-3010.02,0.00,0.0,0.0,,-3010.02
162,14,5.00,5,21.36,27.98,26.10,-3915.28,0.00,0.0,0.0,,-3915.28
162,15,5.00,5,21.33,28.43,26.10,-4678.29,0.00,0.0,0.0,,-4678.29
162,16,5.00,5,21.07,28.76,26.10,-5089.19,0.00,0.0,0.0,,-5089.19
162,17,5.00,5,20.54,28.93,26.10,-5083.0,0.00,0.0,0.0,,-5083.0
162,18,5.00,5,19.89,28.88,26.10,-4518.44,0.00,0.0,0.0,,-4518.44
162,19,5.00,5,19.15,28.00,26.55,0.0,0.00,0.0,0.0,,0.0
162,20,5.00,5,18.60,27.40,26.28,0.0,0.00,0.0,0.0,,0.0
162,21,5.00,5,18.49,26.91,25.89,0.0,0.00,0.0,0.0,,0.0
162,22,5.00,5,18.43,26.46,25.51,0.0,0.00,0.0,0.0,,0.0
162,23,5.00,5,18.20,26.05,25.14,0.0,0.00,0.0,0.0,,0.0
162,24,5.00,5,17.57,25.62,24.75,0.0,0.00,0.0,0.0,,0.0
162,1,6.00,5,17.15,25.21,24.38,0.0,0.00,0.0,0.0,,0.0
162,2,6.00,5,16.99,24.83,24.03,0.0,0.00,0.0,0.0,,0.0
162,3,6.00,5,16.95,24.48,23.72,0.0,0.00,0.0,0.0,,0.0
162,4,6.00,5,16.97,24.15,23.42,0.0,0.00,0.0,0.0,,0.0
162,5,6.00,5,16.79,23.84,23.14,0.0,0.00,0.0,0.0,,0.0
162,6,6.00,5,16.66,23.54,22.86,0.0,0.00,0.0,0.0,,0.0
162,7,6.00,5,16.29,23.23,22.58,0.0,0.00,0.0,0.0,,0.0
162,8,6.00,5,16.20,23.84,23.27,0.0,0.00,0.0,0.0,,0.0
162,9,6.00,5,17.36,24.27,23.74,0.0,0.00,0.0,0.0,,0.0
162,10,6.00,5,19.67,24.92,24.42,0.0,0.00,0.0,0.0,,0.0
162,11,6.00,5,21.66,25.69,25.21,0.0,0.00,0.0,0.0,,0.0
162,12,6.00,5,22.33,26.38,25.93,0.0,0.00,0.0,0.0,,0.0
162,13,6.00,5,22.90,27.09,26.10,-1586.26,0.00,0.0,0.0,,-1586.26
162,14,6.00,5,22.69,27.67,26.10,-2905.52,0.00,0.0,0.0,,-2905.52
162,15,6.00,5,22.40,28.17,26.10,-3862.8,0.00,0.0,0.0,,-3862.8
162,16,6.00,5,22.05,28.56,26.10,-4480.3,0.00,0.0,0.0,,-4480.3
162,17,6.00,5,21.47,28.78,26.10,-4651.67,0.00,0.0,0.0,,-4651.67
162,18,6.00,5,20.63,28.75,26.10,-4173.99,0.00,0.0,0.0,,-4173.99
162,19,6.00,5,19.80,27.83,26.40,0.0,0.00,0.0,0.0,,0.0
162,20,6.00,5,19.02,27.23,26.10,0.0,0.00,0.0,0.0,,0.0
162,21,6.00,5,18.69,26.74,25.71,0.0,0.00,0.0,0.0,,0.0
162,22,6.00,5,18.33,26.28,25.31,0.0,0.00,0.0,0.0,,0.0
162,23,6.00,5,18.22,25.87,24.95,0.0,0.00,0.0,0.0,,0.0
162,24,6.00,5,17.86,25.47,24.59,0.0,0.00,0.0,0.0,,0.0
162,1,7.00,5,17.43,25.08,24.23,0.0,0.00,0.0,0.0,,0.0
162,2,7.00,5,17.00,24.70,23.89,0.0,0.00,0.0,0.0,,0.0
162,3,7.00,5,16.48,24.31,23.54,0.0,0.00,0.0,0.0,,0.0
162,4,7.00,5,16.16,23.95,23.20,0.0,0.00,0.0,0.0,,0.0
162,5,7.00,5,15.87,23.60,22.88,0.0,0.00,0.0,0.0,,0.0
162,6,7.00,5,15.54,23.25,22.56,0.0,0.00,0.0,0.0,,0.0
162,7,7.00,5,15.78,22.96,22.30,0.0,0.00,0.0,0.0,,0.0
162,8,7.00,5,16.23,23.62,23.05,0.0,0.00,0.0,0.0,,0.0
162,9,7.00,5,17.51,24.09,23.55,0.0,0.00,0.0,0.0,,0.0
162,10,7.00,5,18.95,24.63,24.12,0.0,0.00,0.0,0.0,,0.0
162,11,7.00,5,20.15,25.25,24.76,0.0,0.00,0.0,0.0,,0.0
162,12,7.00,5,20.62,25.84,25.38,0.0,0.00,0.0,0.0,,0.0
162,13,7.00,5,20.84,26.43,25.98,0.0,0.00,0.0,0.0,,0.0
162,14,7.00,5,21.19,27.02,26.10,-1424.87,0.00,0.0,0.0,,-1424.87
162,15,7.00,5,21.37,27.57,26.10,-2678.78,0.00,0.0,0.0,,-2678.78
162,16,7.00,5,21.16,27.97,26.10,-3401.97,0.00,0.0,0.0,,-3401.97
162,17,7.00,5,20.84,28.24,26.10,-3740.45,0.00,0.0,0.0,,-3740.45
162,18,7.00,5,20.17,28.24,26.10,-3391.41,0.00,0.0,0.0,,-3391.41
162,19,7.00,5,19.39,27.33,26.18,0.0,0.00,0.0,0.0,,0.0
162,20,7.00,5,18.90,26.77,25.85,0.0,0.00,0.0,0.0,,0.0
162,21,7.00,5,18.76,26.31,25.48,0.0,0.00,0.0,0.0,,0.0
162,22,7.00,5,18.73,25.91,25.12,0.0,0.00,0.0,0.0,,0.0
162,23,7.00,5,18.62,25.54,24.79,0.0,0.00,0.0,0.0,,0.0
162,24,7.00,5,18.63,25.20,24.48,0.0,0.00,0.0,0.0,,0.0
162,1,1.00,6,18.54,24.88,24.19,0.0,0.00,0.0,0.0,,0.0
162,2,1.00,6,18.50,24.59,23.92,0.0,0.00,0.0,0.0,,0.0
162,3,1.00,6,18.53,24.31,23.67,0.0,0.00,0.0,0.0,,0.0
162,4,1.00,6,18.51,24.05,23.44,0.0,0.00,0.0,0.0,,0.0
162,5,1.00,6,18.46,23.81,23.22,0.0,0.00,0.0,0.0,,0.0
162,6,1.00,6,18.31,23.57,23.00,0.0,0.00,0.0,0.0,,0.0
162,7,1.00,6,17.89,23.32,22.77,0.0,0.00,0.0,0.0,,0.0
162,8,1.00,6,17.74,24.07,23.59,0.0,0.00,0.0,0.0,,0.0
162,9,1.00,6,18.26,24.43,23.98,0.0,0.00,0.0,0.0,,0.0
162,10,1.00,6,19.14,24.83,24.40,0.0,0.00,0.0,0.0,,0.0
162,11,1.00,6,19.65,25.27,24.86,0.0,0.00,0.0,0.0,,0.0
162,12,1.00,6,19.73,25.75,25.35,0.0,0.00,0.0,0.0,,0.0
162,13,1.00,6,19.51,26.22,25.84,0.0,0.00,0.0,0.0,,0.0
162,14,1.00,6,19.51,26.73,25.99,-1074.33,0.00,0.0,0.0,,-1074.33
162,15,1.00,6,19.44,27.20,25.99,-2203.39,0.00,0.0,0.0,,-2203.39
162,16,1.00,6,19.21,27.56,25.99,-2873.06,0.00,0.0,0.0,,-2873.06
162,17,1.00,6,18.92,27.79,25.99,-3164.03,0.00,0.0,0.0,,-3164.03
162,18,1.00,6,18.37,27.76,25.99,-2750.09,0.00,0.0,0.0,,-2750.09
162,19,1.00,6,17.73,26.92,25.95,0.0,0.00,0.0,0.0,,0.0
162,20,1.00,6,17.37,26.33,25.56,0.0,0.00,0.0,0.0,,0.0
162,21,1.00,6,17.43,25.86,25.15,0.0,0.00,0.0,0.0,,0.0
162,22,1.00,6,17.42,25.43,24.76,0.0,0.00,0.0,0.0,,0.0
162,23,1.00,6,17.35,25.04,24.40,0.0,0.00,0.0,0.0,,0.0
162,24,1.00,6,17.33,24.67,24.06,0.0,0.00,0.0,0.0,,0.0
162,1,2.00,6,17.36,24.34,23.75,0.0,0.00,0.0,0.0,,0.0
162,2,2.00,6,17.45,24.04,23.47,0.0,0.00,0.0,0.0,,0.0
162,3,2.00,6,17.49,23.75,23.20,0.0,0.00,0.0,0.0,,0.0
162,4,2.00,6,17.57,23.49,22.96,0.0,0.00,0.0,0.0,,0.0
162,5,2.00,6,17.60,23.25,22.74,0.0,0.00,0.0,0.0,,0.0
162,6,2.00,6,17.36,23.00,22.51,0.0,0.00,0.0,0.0,,0.0
162,7,2.00,6,17.11,22.76,22.28,0.0,0.00,0.0,0.0,,0.0
162,8,2.00,6,17.08,23.51,23.09,0.0,0.00,0.0,0.0,,0.0
162,9,2.00,6,17.81,23.90,23.51,0.0,0.00,0.0,0.0,,0.0
162,10,2.00,6,19.12,24.39,24.01,0.0,0.00,0.0,0.0,,0.0
162,11,2.00,6,20.07,24.93,24.57,0.0,0.00,0.0,0.0,,0.0
162,12,2.00,6,20.20,25.47,25.12,0.0,0.00,0.0,0.0,,0.0
162,13,2.00,6,20.35,26.05,25.71,0.0,0.00,0.0,0.0,,0.0
162,14,2.00,6,20.56,26.65,25.99,-973.75,0.00,0.0,0.0,,-973.75
162,15,2.00,6,20.37,27.17,25.99,-2256.84,0.00,0.0,0.0,,-2256.84
162,16,2.00,6,20.11,27.57,25.99,-3018.3,0.00,0.0,0.0,,-3018.3
162,17,2.00,6,19.72,27.83,25.99,-3349.26,0.00,0.0,0.0,,-3349.26
162,18,2.00,6,18.99,27.80,25.99,-2920.39,0.00,0.0,0.0,,-2920.39
162,19,2.00,6,18.40,26.94,25.97,0.0,0.00,0.0,0.0,,0.0
162,20,2.00,6,18.14,26.37,25.62,0.0,0.00,0.0,0.0,,0.0
162,21,2.00,6,18.15,25.92,25.23,0.0,0.00,0.0,0.0,,0.0
162,22,2.00,6,17.97,25.50,24.85,0.0,0.00,0.0,0.0,,0.0
162,23,2.00,6,17.94,25.12,24.50,0.0,0.00,0.0,0.0,,0.0
162,24,2.00,6,17.83,24.77,24.17,0.0,0.00,0.0,0.0,,0.0
162,1,3.00,6,17.84,24.44,23.87,0.0,0.00,0.0,0.0,,0.0
162,2,3.00,6,18.18,24.17,23.61,0.0,0.00,0.0,0.0,,0.0
162,3,3.00,6,18.32,23.91,23.38,0.0,0.00,0.0,0.0,,0.0
162,4,3.00,6,18.28,23.66,23.15,0.0,0.00,0.0,0.0,,0.0
162,5,3.00,6,18.25,23.43,22.94,0.0,0.00,0.0,0.0,,0.0
162,6,3.00,6,18.19,23.21,22.73,0.0,0.00,0.0,0.0,,0.0
162,7,3.00,6,17.87,22.98,22.52,0.0,0.00,0.0,0.0,,0.0
162,8,3.00,6,17.79,24.49,24.04,0.0,0.00,0.0,0.0,,0.0
162,9,3.00,6,18.57,25.10,24.67,0.0,0.00,0.0,0.0,,0.0
162,10,3.00,6,19.55,25.60,25.18,0.0,0.00,0.0,-0.0,,0.0
162,11,3.00,6,20.25,26.14,25.74,0.0,0.00,0.0,-0.0,,0.0
162,12,3.00,6,20.52,26.76,26.37,0.0,0.00,0.0,0.0,,0.0
162,13,3.00,6,20.45,27.43,27.05,0.0,0.00,0.0,0.0,,0.0
162,14,3.00,6,20.39,28.10,27.73,0.0,0.00,0.0,0.0,,0.0
162,15,3.00,6,20.17,28.73,28.38,0.0,0.00,0.0,0.0,,0.0
162,16,3.00,6,19.91,29.27,28.92,0.0,0.00,0.0,0.0,,0.0
162,17,3.00,6,19.52,29.66,29.32,0.0,0.00,0.0,0.0,,0.0
162,18,3.00,6,18.75,29.77,29.44,0.0,0.00,0.0,0.0,,0.0
162,19,3.00,6,17.84,27.97,27.65,0.0,0.00,0.0,0.0,,0.0
162,20,3.00,6,17.44,27.15,26.84,0.0,0.00,0.0,0.0,,0.0
162,21,3.00,6,17.27,26.57,26.27,0.0,0.00,0.0,0.0,,0.0
162,22,3.00,6,16.89,26.06,25.76,0.0,0.00,0.0,0.0,,0.0
162,23,3.00,6,16.83,25.60,25.31,0.0,0.00,0.0,0.0,,0.0
162,24,3.00,6,16.40,25.15,24.87,0.0,0.00,0.0,0.0,,0.0
162,1,4.00,6,16.30,24.74,24.47,0.0,0.00,0.0,0.0,,0.0
162,2,4.00,6,16.23,24.36,24.09,0.0,0.00,0.0,0.0,,0.0
162,3,4.00,6,16.23,24.00,23.74,0.0,0.00,0.0,0.0,,0.0
162,4,4.00,6,16.50,23.69,23.43,0.0,0.00,0.0,0.0,,0.0
162,5,4.00,6,16.69,23.40,23.15,0.0,0.00,0.0,0.0,,0.0
162,6,4.00,6,16.48,23.12,22.87,0.0,0.00,0.0,0.0,,0.0
162,7,4.00,6,16.34,22.84,22.60,0.0,0.00,0.0,0.0,,0.0
162,8,4.00,6,16.60,24.32,24.09,0.0,0.00,0.0,0.0,,0.0
162,9,4.00,6,17.17,24.89,24.66,0.0,0.00,0.0,0.0,,0.0
162,10,4.00,6,18.84,25.40,25.17,0.0,0.00,0.0,0.0,,0.0
162,11,4.00,6,20.32,25.99,25.76,0.0,0.00,0.0,0.0,,0.0
162,12,4.00,6,20.62,26.64,26.42,0.0,0.00,0.0,0.0,,0.0
162,13,4.00,6,20.98,27.35,27.13,0.0,0.00,0.0,0.0,,0.0
162,14,4.00,6,20.87,28.05,27.84,0.0,0.00,0.0,0.0,,0.0
162,15,4.00,6,20.88,28.73,28.52,0.0,0.00,0.0,0.0,,0.0
162,16,4.00,6,20.79,29.31,29.10,0.0,0.00,0.0,0.0,,0.0
162,17,4.00,6,20.45,29.74,29.53,0.0,0.00,0.0,0.0,,0.0
162,18,4.00,6,19.64,29.88,29.68,0.0,0.00,0.0,0.0,,0.0
162,19,4.00,6,18.55,28.11,27.91,0.0,0.00,0.0,0.0,,0.0
162,20,4.00,6,18.15,27.30,27.11,0.0,0.00,0.0,0.0,,0.0
162,21,4.00,6,17.83,26.73,26.54,0.0,0.00,0.0,0.0,,0.0
162,22,4.00,6,17.81,26.26,26.07,0.0,0.00,0.0,0.0,,0.0
162,23,4.00,6,17.46,25.81,25.62,0.0,0.00,0.0,0.0,,0.0
162,24,4.00,6,17.17,25.38,25.20,0.0,0.00,0.0,0.0,,0.0
162,1,5.00,6,16.99,24.98,24.80,0.0,0.00,0.0,0.0,,0.0
162,2,5.00,6,16.86,24.61,24.43,0.0,0.00,0.0,0.0,,0.0
162,3,5.00,6,16.70,24.25,24.07,0.0,0.00,0.0,0.0,,0.0
162,4,5.00,6,16.51,23.91,23.73,0.0,0.00,0.0,0.0,,0.0
162,5,5.00,6,16.37,23.58,23.41,0.0,0.00,0.0,0.0,,0.0
162,6,5.00,6,16.02,23.26,23.08,0.0,0.00,0.0,0.0,,0.0
162,7,5.00,6,15.69,22.94,22.76,0.0,0.00,0.0,0.0,,0.0
162,8,5.00,6,16.01,23.54,23.38,0.0,0.00,0.0,0.0,,0.0
162,9,5.00,6,16.88,23.88,23.73,0.0,0.00,0.0,0.0,,0.0
162,10,5.00,6,18.35,24.34,24.20,0.0,0.00,0.0,0.0,,0.0
162,11,5.00,6,19.52,24.89,24.75,0.0,0.00,0.0,0.0,,0.0
162,12,5.00,6,20.06,25.47,25.33,0.0,0.00,0.0,0.0,,0.0
162,13,5.00,6,20.43,26.09,25.95,0.0,0.00,0.0,0.0,,0.0
162,14,5.00,6,20.72,26.71,25.99,-1690.26,0.00,0.0,0.0,,-1690.26
162,15,5.00,6,21.02,27.31,25.99,-3001.39,0.00,0.0,0.0,,-3001.39
162,16,5.00,6,20.72,27.75,25.99,-3726.19,0.00,0.0,0.0,,-3726.19
162,17,5.00,6,20.17,28.01,25.99,-3969.72,0.00,0.0,0.0,,-3969.72
162,18,5.00,6,19.37,27.98,25.99,-3481.4,0.00,0.0,0.0,,-3481.4
162,19,5.00,6,18.49,27.08,26.11,0.0,0.00,0.0,0.0,,0.0
162,20,5.00,6,18.07,26.49,25.77,0.0,0.00,0.0,0.0,,0.0
162,21,5.00,6,17.92,26.02,25.37,0.0,0.00,0.0,0.0,,0.0
162,22,5.00,6,17.95,25.60,24.99,0.0,0.00,0.0,0.0,,0.0
162,23,5.00,6,17.72,25.20,24.62,0.0,0.00,0.0,0.0,,0.0
162,24,5.00,6,17.60,24.83,24.27,0.0,0.00,0.0,0.0,,0.0
162,1,6.00,6,17.45,24.48,23.94,0.0,0.00,0.0,0.0,,0.0
162,2,6.00,6,17.40,24.15,23.64,0.0,0.00,0.0,0.0,,0.0
162,3,6.00,6,17.29,23.84,23.35,0.0,0.00,0.0,0.0,,0.0
162,4,6.00,6,17.21,23.55,23.08,0.0,0.00,0.0,0.0,,0.0
162,5,6.00,6,17.21,23.28,22.83,0.0,0.00,0.0,0.0,,0.0
162,6,6.00,6,17.07,23.02,22.58,0.0,0.00,0.0,0.0,,0.0
162,7,6.00,6,16.93,22.77,22.35,0.0,0.00,0.0,0.0,,0.0
162,8,6.00,6,16.73,23.47,23.10,0.0,0.00,0.0,0.0,,0.0
162,9,6.00,6,17.42,23.83,23.48,0.0,0.00,0.0,0.0,,0.0
162,10,6.00,6,18.27,24.23,23.89,0.0,0.00,0.0,0.0,,0.0
162,11,6.00,6,19.14,24.71,24.40,0.0,0.00,0.0,0.0,,0.0
162,12,6.00,6,19.82,25.30,24.99,0.0,0.00,0.0,0.0,,0.0
162,13,6.00,6,19.93,25.87,25.57,0.0,0.00,0.0,0.0,,0.0
162,14,6.00,6,20.09,26.45,25.99,-517.3,0.00,0.0,0.0,,-517.3
162,15,6.00,6,20.01,26.97,25.99,-1927.51,0.00,0.0,0.0,,-1927.51
162,16,6.00,6,19.66,27.36,25.99,-2653.07,0.00,0.0,0.0,,-2653.07
162,17,6.00,6,19.11,27.58,25.99,-2912.37,0.00,0.0,0.0,,-2912.37
162,18,6.00,6,18.34,27.53,25.99,-2455.19,0.00,0.0,0.0,,-2455.19
162,19,6.00,6,17.67,26.67,25.85,0.0,0.00,0.0,0.0,,0.0
162,20,6.00,6,17.36,26.09,25.45,0.0,0.00,0.0,0.0,,0.0
162,21,6.00,6,17.22,25.61,25.03,0.0,0.00,0.0,0.0,,0.0
162,22,6.00,6,16.95,25.17,24.61,0.0,0.00,0.0,0.0,,0.0
162,23,6.00,6,16.82,24.75,24.22,0.0,0.00,0.0,0.0,,0.0
162,24,6.00,6,16.53,24.36,23.85,0.0,0.00,0.0,0.0,,0.0
162,1,7.00,6,16.49,24.00,23.51,0.0,0.00,0.0,0.0,,0.0
162,2,7.00,6,16.58,23.67,23.20,0.0,0.00,0.0,0.0,,0.0
162,3,7.00,6,16.74,23.38,22.92,0.0,0.00,0.0,0.0,,0.0
162,4,7.00,6,16.56,23.09,22.65,0.0,0.00,0.0,0.0,,0.0
162,5,7.00,6,16.58,22.82,22.40,0.0,0.00,0.0,0.0,,0.0
162,6,7.00,6,16.31,22.55,22.14,0.0,0.00,0.0,0.0,,0.0
162,7,7.00,6,16.11,22.29,21.89,0.0,0.00,0.0,0.0,,0.0
162,8,7.00,6,15.90,22.95,22.60,0.0,0.00,0.0,0.0,,0.0
162,9,7.00,6,16.98,23.36,23.03,0.0,0.00,0.0,0.0,,0.0
162,10,7.00,6,18.33,23.84,23.53,0.0,0.00,0.0,0.0,,0.0
162,11,7.00,6,19.57,24.43,24.13,0.0,0.00,0.0,0.0,,0.0
162,12,7.00,6,20.43,25.09,24.80,0.0,0.00,0.0,0.0,,0.0
162,13,7.00,6,20.72,25.74,25.46,0.0,0.00,0.0,0.0,,0.0
162,14,7.00,6,21.02,26.39,25.99,-402.46,0.00,0.0,0.0,,-402.46
162,15,7.00,6,21.21,27.01,25.99,-2118.14,0.00,0.0,0.0,,-2118.14
162,16,7.00,6,20.68,27.44,25.99,-2881.8,0.00,0.0,0.0,,-2881.8
162,17,7.00,6,19.88,27.67,25.99,-3118.03,0.00,0.0,0.0,,-3118.03
162,18,7.00,6,18.81,27.59,25.99,-2583.59,0.00,0.0,0.0,,-2583.59
162,19,7.00,6,17.76,26.68,25.84,0.0,0.00,0.0,0.0,,0.0
162,20,7.00,6,17.11,26.07,25.41,0.0,0.00,0.0,0.0,,0.0
162,21,7.00,6,16.61,25.54,24.95,0.0,0.00,0.0,0.0,,0.0
162,22,7.00,6,16.10,25.05,24.49,0.0,0.00,0.0,0.0,,0.0
162,23,7.00,6,15.41,24.57,24.03,0.0,0.00,0.0,0.0,,0.0
162,24,7.00,6,14.93,24.10,23.59,0.0,0.00,0.0,0.0,,0.0
162,1,1.00,6,14.44,23.65,23.16,0.0,0.00,0.0,0.0,,0.0
162,2,1.00,6,13.94,23.22,22.74,0.0,0.00,0.0,0.0,,0.0
162,3,1.00,6,13.62,22.80,22.34,0.0,0.00,0.0,0.0,,0.0
162,4,1.00,6,13.36,22.40,21.96,0.0,0.00,0.0,0.0,,0.0
162,5,1.00,6,13.06,22.02,21.59,0.0,0.00,0.0,0.0,,0.0
162,6,1.00,6,12.61,21.63,21.22,0.0,0.00,0.0,0.0,,0.0
162,7,1.00,6,12.29,21.26,20.87,0.0,0.00,0.0,0.0,,0.0
162,8,1.00,6,11.96,21.57,21.22,0.0,0.00,0.0,0.0,,0.0
162,9,1.00,6,13.53,21.91,21.58,0.0,0.00,0.0,0.0,,0.0
162,10,1.00,6,15.20,22.36,22.05,0.0,0.00,0.0,0.0,,0.0
162,11,1.00,6,16.82,22.95,22.65,0.0,0.00,0.0,0.0,,0.0
162,12,1.00,6,18.08,23.64,23.35,0.0,0.00,0.0,0.0,,0.0
162,13,1.00,6,18.85,24.35,24.07,0.0,0.00,0.0,0.0,,0.0
162,14,1.00,6,19.62,25.09,24.82,0.0,0.00,0.0,0.0,,0.0
162,15,1.00,6,20.30,25.81,25.56,0.0,0.00,0.0,0.0,,0.0
162,16,1.00,6,19.95,26.31,25.99,-217.49,0.00,0.0,0.0,,-217.49
162,17,1.00,6,19.47,26.63,25.99,-1116.71,0.00,0.0,0.0,,-1116.71
162,18,1.00,6,18.60,26.65,25.99,-924.3,0.00,0.0,0.0,,-924.3
162,19,1.00,6,17.51,25.73,25.33,0.0,0.00,0.0,0.0,,0.0
162,20,1.00,6,16.81,25.14,24.81,0.0,0.00,0.0,0.0,,0.0
162,21,1.00,6,16.28,24.65,24.34,0.0,0.00,0.0,0.0,,0.0
162,22,1.00,6,15.99,24.21,23.91,0.0,0.00,0.0,0.0,,0.0
162,23,1.00,6,15.52,23.79,23.49,0.0,0.00,0.0,0.0,,0.0
162,24,1.00,6,15.11,23.38,23.09,0.0,0.00,0.0,0.0,,0.0
162,1,2.00,6,14.46,22.96,22.69,0.0,0.00,0.0,0.0,,0.0
162,2,2.00,6,14.21,22.58,22.31,0.0,0.00,0.0,0.0,,0.0
162,3,2.00,6,13.98,22.21,21.95,0.0,0.00,0.0,0.0,,0.0
162,4,2.00,6,13.70,21.86,21.60,0.0,0.00,0.0,0.0,,0.0
162,5,2.00,6,13.22,21.50,21.25,0.0,0.00,0.0,0.0,,0.0
162,6,2.00,6,12.90,21.16,20.91,0.0,0.00,0.0,0.0,,0.0
162,7,2.00,6,12.50,20.82,20.58,0.0,0.00,0.0,0.0,,0.0
162,8,2.00,6,13.24,21.37,21.16,0.0,0.00,0.0,0.0,,0.0
162,9,2.00,6,14.84,21.82,21.62,0.0,0.00,0.0,0.0,,0.0
162,10,2.00,6,16.90,22.41,22.21,0.0,0.00,0.0,0.0,,0.0
162,11,2.00,6,18.62,23.10,22.91,0.0,0.00,0.0,0.0,,0.0
162,12,2.00,6,19.81,23.86,23.68,0.0,0.00,0.0,0.0,,0.0
162,13,2.00,6,20.67,24.66,24.48,0.0,0.00,0.0,0.0,,0.0
162,14,2.00,6,20.28,25.29,25.12,0.0,0.00,0.0,0.0,,0.0
162,15,2.00,6,19.88,25.84,25.67,0.0,0.00,0.0,0.0,,0.0
162,16,2.00,6,19.43,26.27,25.99,-344.95,0.00,0.0,0.0,,-344.95
162,17,2.00,6,18.78,26.53,25.99,-1009.9,0.00,0.0,0.0,,-1009.9
162,18,2.00,6,17.75,26.48,25.99,-660.08,0.00,0.0,0.0,,-660.08
162,19,2.00,6,16.54,25.57,25.27,0.0,0.00,0.0,0.0,,0.0
162,20,2.00,6,15.96,24.97,24.72,0.0,0.00,0.0,0.0,,0.0
162,21,2.00,6,15.56,24.46,24.22,0.0,0.00,0.0,0.0,,0.0
162,22,2.00,6,15.50,24.01,23.79,0.0,0.00,0.0,0.0,,0.0
162,23,2.00,6,14.90,23.57,23.35,0.0,0.00,0.0,0.0,,0.0
162,24,2.00,6,14.76,23.16,22.95,0.0,0.00,0.0,0.0,,0.0
162,1,3.00,6,14.23,22.75,22.54,0.0,0.00,0.0,0.0,,0.0
162,2,3.00,6,13.68,22.35,22.14,0.0,0.00,0.0,0.0,,0.0
162,3,3.00,6,13.25,21.96,21.76,0.0,0.00,0.0,0.0,,0.0
162,4,3.00,6,12.97,21.58,21.39,0.0,0.00,0.0,0.0,,0.0
162,5,3.00,6,12.74,21.23,21.03,0.0,0.00,0.0,0.0,,0.0
162,6,3.00,6,12.37,20.87,20.69,0.0,0.00,0.0,0.0,,0.0
162,7,3.00,6,11.85,20.52,20.33,0.0,0.00,0.0,0.0,,0.0
162,8,3.00,6,11.31,21.88,21.70,0.0,0.00,0.0,0.0,,0.0
162,9,3.00,6,12.73,22.42,22.24,0.0,0.00,0.0,0.0,,0.0
162,10,3.00,6,15.12,22.93,22.75,0.0,0.00,0.0,0.0,,0.0
162,11,3.00,6,17.36,23.56,23.39,0.0,0.00,0.0,0.0,,0.0
162,12,3.00,6,18.62,24.29,24.12,0.0,0.00,0.0,-0.0,,0.0
162,13,3.00,6,19.66,25.11,24.94,0.0,0.00,0.0,0.0,,0.0
162,14,3.00,6,19.55,25.88,25.72,0.0,0.00,0.0,0.0,,0.0
162,15,3.00,6,19.40,26.61,26.45,0.0,0.00,0.0,0.0,,0.0
162,16,3.00,6,19.22,27.24,27.08,0.0,0.00,0.0,0.0,,0.0
162,17,3.00,6,18.73,27.70,27.55,0.0,0.00,0.0,0.0,,0.0
162,18,3.00,6,17.77,27.87,27.72,0.0,0.00,0.0,0.0,,0.0
162,19,3.00,6,16.95,26.14,25.99,0.0,0.00,0.0,0.0,,0.0
162,20,3.00,6,16.65,25.38,25.23,0.0,0.00,0.0,0.0,,0.0
162,21,3.00,6,16.75,24.88,24.73,0.0,0.00,0.0,0.0,,0.0
162,22,3.00,6,17.07,24.48,24.34,0.0,0.00,0.0,0.0,,0.0
162,23,3.00,6,16.79,24.10,23.95,0.0,0.00,0.0,0.0,,0.0
162,24,3.00,6,17.18,23.78,23.64,0.0,0.00,0.0,0.0,,0.0
162,1,4.00,6,17.26,23.48,23.34,0.0,0.00,0.0,0.0,,0.0
162,2,4.00,6,17.15,23.20,23.06,0.0,0.00,0.0,0.0,,0.0
162,3,4.00,6,17.16,22.93,22.79,0.0,0.00,0.0,0.0,,0.0
162,4,4.00,6,17.02,22.67,22.54,0.0,0.00,0.0,0.0,,0.0
162,5,4.00,6,16.92,22.43,22.29,0.0,0.00,0.0,0.0,,0.0
162,6,4.00,6,16.64,22.18,22.05,0.0,0.00,0.0,0.0,,0.0
162,7,4.00,6,16.21,21.93,21.79,0.0,0.00,0.0,0.0,,0.0
162,8,4.00,6,16.01,23.41,23.27,0.0,0.00,0.0,0.0,,0.0
162,9,4.00,6,16.67,23.99,23.86,0.0,0.00,0.0,0.0,,0.0
162,10,4.00,6,17.88,24.48,24.35,0.0,0.00,0.0,-0.0,,0.0
162,11,4.00,6,19.53,25.07,24.95,0.0,0.00,0.0,-0.0,,0.0
162,12,4.00,6,20.24,25.76,25.63,0.0,0.00,0.0,-0.0,,0.0
162,13,4.00,6,20.52,26.49,26.36,0.0,0.00,0.0,0.0,,0.0
162,14,4.00,6,20.65,27.22,27.10,0.0,0.00,0.0,0.0,,0.0
162,15,4.00,6,20.32,27.90,27.78,0.0,0.00,0.0,0.0,,0.0
162,16,4.00,6,19.86,28.46,28.34,0.0,0.00,0.0,0.0,,0.0
162,17,4.00,6,19.25,28.87,28.74,0.0,0.00,0.0,0.0,,0.0
162,18,4.00,6,18.30,28.99,28.87,0.0,0.00,0.0,0.0,,0.0
162,19,4.00,6,17.14,27.19,27.07,0.0,0.00,0.0,0.0,,0.0
162,20,4.00,6,16.81,26.37,26.25,0.0,0.00,0.0,0.0,,0.0
162,21,4.00,6,16.82,25.81,25.69,0.0,0.00,0.0,0.0,,0.0
162,22,4.00,6,17.16,25.36,25.24,0.0,0.00,0.0,0.0,,0.0
162,23,4.00,6,16.51,24.91,24.79,0.0,0.00,0.0,0.0,,0.0
162,24,4.00,6,16.55,24.50,24.39,0.0,0.00,0.0,0.0,,0.0
162,1,5.00,6,21.20,24.47,24.35,0.0,0.00,0.0,0.0,,0.0
162,2,5.00,6,21.22,24.32,24.20,0.0,0.00,0.0,0.0,,0.0
162,3,5.00,6,21.26,24.17,24.06,0.0,0.00,0.0,0.0,,0.0
162,4,5.00,6,21.29,24.03,23.91,0.0,0.00,0.0,-0.0,,0.0
162,5,5.00,6,21.07,23.88,23.76,0.0,0.00,0.0,-0.0,,0.0
162,6,5.00,6,20.82,23.72,23.61,0.0,0.00,0.0,-0.0,,0.0
162,7,5.00,6,20.90,23.58,23.47,0.0,0.00,0.0,-0.0,,0.0
162,8,5.00,6,20.59,24.64,24.54,0.0,0.00,0.0,-59.74,,-59.74
162,9,5.00,6,21.05,25.12,25.02,0.0,0.00,0.0,-91.23,,-91.23
162,10,5.00,6,21.47,25.54,25.44,0.0,0.00,0.0,0.0,,0.0
162,11,5.00,6,22.58,26.12,25.99,-107.09,0.00,0.0,0.0,,-107.09
162,12,5.00,6,22.70,26.69,25.99,-1730.77,0.00,0.0,-417.1,,-2147.87
162,13,5.00,6,22.55,27.26,25.99,-2932.16,0.00,0.0,-821.86,,-3754.02
162,14,5.00,6,22.41,27.82,25.99,-4029.9,0.00,0.0,-552.21,,-4582.110000000001
162,15,5.00,6,22.28,28.34,25.99,-4961.61,0.00,0.0,-467.81,,-5429.42
162,16,5.00,6,21.96,28.75,25.99,-5507.77,0.00,0.0,-530.41,,-6038.18
162,17,5.00,6,21.54,29.00,25.99,-5665.32,0.00,0.0,-751.64,,-6416.96
162,18,5.00,6,20.99,29.00,25.99,-5182.32,0.00,0.0,-491.24,,-5673.5599999999995
162,19,5.00,6,20.26,28.07,26.57,0.0,0.00,0.0,0.0,,0.0
162,20,5.00,6,19.88,27.48,26.35,0.0,0.00,0.0,0.0,,0.0
162,21,5.00,6,19.54,26.99,25.98,0.0,0.00,0.0,0.0,,0.0
162,22,5.00,6,19.48,26.56,25.62,0.0,0.00,0.0,0.0,,0.0
162,23,5.00,6,19.56,26.18,25.29,0.0,0.00,0.0,0.0,,0.0
162,24,5.00,6,19.78,25.84,24.99,0.0,0.00,0.0,0.0,,0.0
162,1,6.00,6,19.96,25.54,24.73,0.0,0.00,0.0,0.0,,0.0
162,2,6.00,6,20.11,25.26,24.49,0.0,0.00,0.0,0.0,,0.0
162,3,6.00,6,20.15,25.01,24.26,0.0,0.00,0.0,0.0,,0.0
162,4,6.00,6,20.31,24.77,24.07,0.0,0.00,0.0,0.0,,0.0
162,5,6.00,6,19.84,24.52,23.84,0.0,0.00,0.0,0.0,,0.0
162,6,6.00,6,19.52,24.27,23.62,0.0,0.00,0.0,0.0,,0.0
162,7,6.00,6,19.32,24.03,23.41,0.0,0.00,0.0,0.0,,0.0
162,8,6.00,6,19.29,24.87,24.32,0.0,0.00,0.0,0.0,,0.0
162,9,6.00,6,19.48,25.20,24.70,0.0,0.00,0.0,0.0,,0.0
162,10,6.00,6,20.46,25.62,25.14,0.0,0.00,0.0,0.0,,0.0
162,11,6.00,6,21.21,26.10,25.65,0.0,0.00,0.0,0.0,,0.0
162,12,6.00,6,21.35,26.60,25.99,-522.82,0.00,0.0,0.0,,-522.82
162,13,6.00,6,21.25,27.11,25.99,-1927.52,0.00,0.0,0.0,,-1927.52
162,14,6.00,6,20.99,27.60,25.99,-2969.94,0.00,0.0,0.0,,-2969.94
162,15,6.00,6,20.97,28.09,25.99,-3932.04,0.00,0.0,0.0,,-3932.04
162,16,6.00,6,20.93,28.49,25.99,-4602.52,0.00,0.0,0.0,,-4602.52
162,17,6.00,6,20.68,28.75,25.99,-4847.78,0.00,0.0,0.0,,-4847.78
162,18,6.00,6,20.08,28.72,25.99,-4362.89,0.00,0.0,0.0,,-4362.89
162,19,6.00,6,19.51,27.83,26.37,0.0,0.00,0.0,0.0,,0.0
162,20,6.00,6,19.29,27.26,26.11,0.0,0.00,0.0,0.0,,0.0
162,21,6.00,6,19.32,26.79,25.76,0.0,0.00,0.0,0.0,,0.0
162,22,6.00,6,19.49,26.39,25.42,0.0,0.00,0.0,0.0,,0.0
162,23,6.00,6,19.49,26.02,25.09,0.0,0.00,0.0,0.0,,0.0
162,24,6.00,6,19.22,25.66,24.78,0.0,0.00,0.0,0.0,,0.0
162,1,7.00,6,19.37,25.34,24.50,0.0,0.00,0.0,0.0,,0.0
162,2,7.00,6,19.31,25.04,24.24,0.0,0.00,0.0,0.0,,0.0
162,3,7.00,6,19.03,24.74,23.97,0.0,0.00,0.0,0.0,,0.0
162,4,7.00,6,18.92,24.46,23.72,0.0,0.00,0.0,0.0,,0.0
162,5,7.00,6,18.50,24.17,23.47,0.0,0.00,0.0,0.0,,0.0
162,6,7.00,6,18.26,23.89,23.22,0.0,0.00,0.0,0.0,,0.0
162,7,7.00,6,18.16,23.63,22.98,0.0,0.00,0.0,0.0,,0.0
162,8,7.00,6,18.32,24.41,23.85,0.0,0.00,0.0,0.0,,0.0
162,9,7.00,6,18.71,24.76,24.23,0.0,0.00,0.0,0.0,,0.0
162,10,7.00,6,19.90,25.20,24.70,0.0,0.00,0.0,0.0,,0.0
162,11,7.00,6,21.08,25.75,25.28,0.0,0.00,0.0,0.0,,0.0
162,12,7.00,6,21.47,26.32,25.87,0.0,0.00,0.0,0.0,,0.0
162,13,7.00,6,21.78,26.93,25.99,-1476.05,0.00,0.0,0.0,,-1476.05
162,14,7.00,6,21.94,27.54,25.99,-2901.68,0.00,0.0,0.0,,-2901.68
162,15,7.00,6,21.64,28.04,25.99,-3870.55,0.00,0.0,0.0,,-3870.55
162,16,7.00,6,21.59,28.48,25.99,-4632.34,0.00,0.0,0.0,,-4632.34
162,17,7.00,6,21.11,28.74,25.99,-4856.91,0.00,0.0,0.0,,-4856.91
162,18,7.00,6,20.56,28.74,25.99,-4441.87,0.00,0.0,0.0,,-4441.87
162,19,7.00,6,20.04,27.84,26.38,0.0,0.00,0.0,0.0,,0.0
162,20,7.00,6,19.73,27.27,26.13,0.0,0.00,0.0,0.0,,0.0
162,21,7.00,6,19.67,26.81,25.78,0.0,0.00,0.0,0.0,,0.0
162,22,7.00,6,19.66,26.41,25.44,0.0,0.00,0.0,0.0,,0.0
162,23,7.00,6,19.53,26.03,25.11,0.0,0.00,0.0,0.0,,0.0
162,24,7.00,6,19.32,25.68,24.79,0.0,0.00,0.0,0.0,,0.0
162,1,1.00,6,19.31,25.35,24.51,0.0,0.00,0.0,0.0,,0.0
162,2,1.00,6,19.17,25.04,24.23,0.0,0.00,0.0,0.0,,0.0
162,3,1.00,6,18.85,24.73,23.96,0.0,0.00,0.0,0.0,,0.0
162,4,1.00,6,18.77,24.44,23.70,0.0,0.00,0.0,0.0,,0.0
162,5,1.00,6,18.45,24.16,23.45,0.0,0.00,0.0,0.0,,0.0
162,6,1.00,6,18.33,23.89,23.21,0.0,0.00,0.0,0.0,,0.0
162,7,1.00,6,18.12,23.62,22.97,0.0,0.00,0.0,0.0,,0.0
162,8,1.00,6,18.07,24.37,23.80,0.0,0.00,0.0,0.0,,0.0
162,9,1.00,6,18.72,24.73,24.20,0.0,0.00,0.0,0.0,,0.0
162,10,1.00,6,19.88,25.18,24.67,0.0,0.00,0.0,0.0,,0.0
162,11,1.00,6,21.33,25.77,25.29,0.0,0.00,0.0,0.0,,0.0
162,12,1.00,6,21.71,26.36,25.90,0.0,0.00,0.0,0.0,,0.0
162,13,1.00,6,21.75,26.94,25.99,-1487.8,0.00,0.0,0.0,,-1487.8
162,14,1.00,6,21.86,27.53,25.99,-2869.18,0.00,0.0,0.0,,-2869.18
162,15,1.00,6,21.91,28.09,25.99,-3988.11,0.00,0.0,0.0,,-3988.11
162,16,1.00,6,21.73,28.52,25.99,-4707.72,0.00,0.0,0.0,,-4707.72
162,17,1.00,6,21.44,28.81,25.99,-5022.06,0.00,0.0,0.0,,-5022.06
162,18,1.00,6,20.93,28.84,25.99,-4642.59,0.00,0.0,0.0,,-4642.59
162,19,1.00,6,20.24,27.91,26.41,0.0,0.00,0.0,0.0,,0.0
162,20,1.00,6,19.87,27.34,26.17,0.0,0.00,0.0,0.0,,0.0
162,21,1.00,6,19.63,26.87,25.81,0.0,0.00,0.0,0.0,,0.0
162,22,1.00,6,19.43,26.44,25.45,0.0,0.00,0.0,0.0,,0.0
162,23,1.00,6,19.29,26.05,25.11,0.0,0.00,0.0,0.0,,0.0
162,24,1.00,6,19.36,25.70,24.80,0.0,0.00,0.0,0.0,,0.0
162,1,2.00,6,19.35,25.38,24.52,0.0,0.00,0.0,0.0,,0.0
162,2,2.00,6,19.25,25.07,24.25,0.0,0.00,0.0,0.0,,0.0
162,3,2.00,6,19.06,24.77,23.98,0.0,0.00,0.0,0.0,,0.0
162,4,2.00,6,18.67,24.47,23.72,0.0,0.00,0.0,0.0,,0.0
162,5,2.00,6,18.52,24.19,23.46,0.0,0.00,0.0,0.0,,0.0
162,6,2.00,6,18.46,23.93,23.23,0.0,0.00,0.0,0.0,,0.0
162,7,2.00,6,18.32,23.67,23.00,0.0,0.00,0.0,0.0,,0.0
162,8,2.00,6,18.34,24.44,23.86,0.0,0.00,0.0,0.0,,0.0
162,9,2.00,6,18.68,24.78,24.23,0.0,0.00,0.0,0.0,,0.0
162,10,2.00,6,19.52,25.16,24.65,0.0,0.00,0.0,0.0,,0.0
162,11,2.00,6,20.48,25.66,25.17,0.0,0.00,0.0,0.0,,0.0
162,12,2.00,6,20.67,26.17,25.70,0.0,0.00,0.0,0.0,,0.0
162,13,2.00,6,20.78,26.71,25.99,-792.52,0.00,0.0,0.0,,-792.52
162,14,2.00,6,20.69,27.24,25.99,-2165.69,0.00,0.0,0.0,,-2165.69
162,15,2.00,6,20.68,27.74,25.99,-3217.49,0.00,0.0,0.0,,-3217.49
162,16,2.00,6,20.35,28.11,25.99,-3831.6,0.00,0.0,0.0,,-3831.6
162,17,2.00,6,19.95,28.33,25.99,-4054.29,0.00,0.0,0.0,,-4054.29
162,18,2.00,6,19.30,28.29,25.99,-3571.46,0.00,0.0,0.0,,-3571.46
162,19,2.00,6,18.55,27.41,26.15,0.0,0.00,0.0,0.0,,0.0
162,20,2.00,6,18.19,26.81,25.81,0.0,0.00,0.0,0.0,,0.0
162,21,2.00,6,18.04,26.32,25.41,0.0,0.00,0.0,0.0,,0.0
162,22,2.00,6,17.89,25.87,25.01,0.0,0.00,0.0,0.0,,0.0
162,23,2.00,6,17.61,25.44,24.62,0.0,0.00,0.0,0.0,,0.0
162,24,2.00,6,17.33,25.04,24.25,0.0,0.00,0.0,0.0,,0.0
162,1,3.00,6,17.13,24.65,23.90,0.0,0.00,0.0,0.0,,0.0
162,2,3.00,6,16.91,24.29,23.57,0.0,0.00,0.0,0.0,,0.0
162,3,3.00,6,16.62,23.93,23.25,0.0,0.00,0.0,0.0,,0.0
162,4,3.00,6,16.40,23.60,22.93,0.0,0.00,0.0,0.0,,0.0
162,5,3.00,6,16.04,23.26,22.62,0.0,0.00,0.0,0.0,,0.0
162,6,3.00,6,15.99,22.95,22.34,0.0,0.00,0.0,0.0,,0.0
162,7,3.00,6,15.82,22.65,22.07,0.0,0.00,0.0,0.0,,0.0
162,8,3.00,6,15.85,24.10,23.54,0.0,0.00,0.0,0.0,,0.0
162,9,3.00,6,16.82,24.67,24.13,0.0,0.00,0.0,0.0,,0.0
162,10,3.00,6,17.66,25.11,24.59,0.0,0.00,0.0,0.0,,0.0
162,11,3.00,6,19.05,25.65,25.14,0.0,0.00,0.0,-0.0,,0.0
162,12,3.00,6,19.83,26.29,25.80,0.0,0.00,0.0,-0.0,,0.0
162,13,3.00,6,20.37,27.00,26.53,0.0,0.00,0.0,0.0,,0.0
162,14,3.00,6,20.58,27.71,27.26,0.0,0.00,0.0,0.0,,0.0
162,15,3.00,6,20.33,28.38,27.94,0.0,0.00,0.0,0.0,,0.0
162,16,3.00,6,19.98,28.93,28.51,0.0,0.00,0.0,0.0,,0.0
162,17,3.00,6,19.50,29.33,28.92,0.0,0.00,0.0,0.0,,0.0
162,18,3.00,6,18.77,29.46,29.06,0.0,0.00,0.0,0.0,,0.0
162,19,3.00,6,17.98,27.68,27.30,0.0,0.00,0.0,0.0,,0.0
162,20,3.00,6,17.40,26.86,26.49,0.0,0.00,0.0,0.0,,0.0
162,21,3.00,6,17.09,26.28,25.93,0.0,0.00,0.0,0.0,,0.0
162,22,3.00,6,16.86,25.78,25.44,0.0,0.00,0.0,0.0,,0.0
162,23,3.00,6,16.57,25.32,24.98,0.0,0.00,0.0,0.0,,0.0
162,24,3.00,6,16.14,24.87,24.54,0.0,0.00,0.0,0.0,,0.0
162,1,4.00,6,15.62,24.42,24.11,0.0,0.00,0.0,0.0,,0.0
162,2,4.00,6,15.19,23.99,23.69,0.0,0.00,0.0,0.0,,0.0
162,3,4.00,6,14.96,23.59,23.29,0.0,0.00,0.0,0.0,,0.0
162,4,4.00,6,15.04,23.23,22.93,0.0,0.00,0.0,0.0,,0.0
162,5,4.00,6,14.78,22.87,22.58,0.0,0.00,0.0,0.0,,0.0
162,6,4.00,6,14.41,22.51,22.23,0.0,0.00,0.0,0.0,,0.0
162,7,4.00,6,13.96,22.15,21.88,0.0,0.00,0.0,0.0,,0.0
162,8,4.00,6,13.59,23.52,23.26,0.0,0.00,0.0,0.0,,0.0
162,9,4.00,6,14.93,24.06,23.80,0.0,0.00,0.0,0.0,,0.0
162,10,4.00,6,16.33,24.50,24.25,0.0,0.00,0.0,0.0,,0.0
162,11,4.00,6,18.67,25.10,24.85,0.0,0.00,0.0,0.0,,0.0
162,12,4.00,6,20.20,25.82,25.58,0.0,0.00,0.0,-0.0,,0.0
162,13,4.00,6,20.68,26.57,26.34,0.0,0.00,0.0,-0.0,,0.0
162,14,4.00,6,21.42,27.37,27.14,0.0,0.00,0.0,0.0,,0.0
162,15,4.00,6,21.26,28.10,27.87,0.0,0.00,0.0,0.0,,0.0
162,16,4.00,6,20.79,28.70,28.48,0.0,0.00,0.0,0.0,,0.0
162,17,4.00,6,20.06,29.13,28.91,0.0,0.00,0.0,0.0,,0.0
162,18,4.00,6,19.15,29.28,29.06,0.0,0.00,0.0,0.0,,0.0
162,19,4.00,6,18.33,27.52,27.32,0.0,0.00,0.0,0.0,,0.0
162,20,4.00,6,17.82,26.73,26.53,0.0,0.00,0.0,0.0,,0.0
162,21,4.00,6,17.59,26.18,25.98,0.0,0.00,0.0,0.0,,0.0
162,22,4.00,6,17.31,25.70,25.50,0.0,0.00,0.0,0.0,,0.0
162,23,4.00,6,16.93,25.25,25.06,0.0,0.00,0.0,0.0,,0.0
162,24,4.00,6,16.61,24.82,24.63,0.0,0.00,0.0,0.0,,0.0
162,1,5.00,6,16.34,24.41,24.23,0.0,0.00,0.0,0.0,,0.0
162,2,5.00,6,16.00,24.02,23.84,0.0,0.00,0.0,0.0,,0.0
162,3,5.00,6,15.74,23.65,23.47,0.0,0.00,0.0,0.0,,0.0
162,4,5.00,6,15.59,23.29,23.11,0.0,0.00,0.0,0.0,,0.0
162,5,5.00,6,15.23,22.94,22.76,0.0,0.00,0.0,0.0,,0.0
162,6,5.00,6,15.00,22.60,22.43,0.0,0.00,0.0,0.0,,0.0
162,7,5.00,6,14.73,22.28,22.11,0.0,0.00,0.0,0.0,,0.0
162,8,5.00,6,14.46,22.75,22.60,0.0,0.00,0.0,0.0,,0.0
162,9,5.00,6,15.19,23.02,22.88,0.0,0.00,0.0,0.0,,0.0
162,10,5.00,6,16.39,23.40,23.26,0.0,0.00,0.0,0.0,,0.0
162,11,5.00,6,18.01,23.97,23.83,0.0,0.00,0.0,0.0,,0.0
162,12,5.00,6,19.47,24.67,24.53,0.0,0.00,0.0,0.0,,0.0
162,13,5.00,6,20.68,25.45,25.32,0.0,0.00,0.0,0.0,,0.0
162,14,5.00,6,21.36,26.20,25.99,-235.12,0.00,0.0,0.0,,-235.12
162,15,5.00,6,21.40,26.84,25.99,-2023.5,0.00,0.0,0.0,,-2023.5
162,16,5.00,6,21.39,27.37,25.99,-3059.34,0.00,0.0,0.0,,-3059.34
162,17,5.00,6,20.87,27.69,25.99,-3482.98,0.00,0.0,0.0,,-3482.98
162,18,5.00,6,20.25,27.74,25.99,-3217.58,0.00,0.0,0.0,,-3217.58
162,19,5.00,6,19.65,26.81,26.00,0.0,0.00,0.0,0.0,,0.0
162,20,5.00,6,19.41,26.28,25.69,0.0,0.00,0.0,0.0,,0.0
162,21,5.00,6,19.21,25.85,25.33,0.0,0.00,0.0,0.0,,0.0
162,22,5.00,6,19.06,25.47,24.98,0.0,0.00,0.0,0.0,,0.0
162,23,5.00,6,18.88,25.12,24.64,0.0,0.00,0.0,0.0,,0.0
162,24,5.00,6,18.79,24.79,24.34,0.0,0.00,0.0,0.0,,0.0
162,1,6.00,6,18.60,24.48,24.04,0.0,0.00,0.0,0.0,,0.0
162,2,6.00,6,18.35,24.17,23.75,0.0,0.00,0.0,0.0,,0.0
162,3,6.00,6,18.06,23.88,23.47,0.0,0.00,0.0,0.0,,0.0
162,4,6.00,6,17.91,23.60,23.21,0.0,0.00,0.0,0.0,,0.0
162,5,6.00,6,17.76,23.33,22.96,0.0,0.00,0.0,0.0,,0.0
162,6,6.00,6,17.65,23.08,22.72,0.0,0.00,0.0,0.0,,0.0
162,7,6.00,6,17.35,22.82,22.47,0.0,0.00,0.0,0.0,,0.0
162,8,6.00,6,17.10,23.55,23.24,0.0,0.00,0.0,0.0,,0.0
162,9,6.00,6,17.49,23.88,23.59,0.0,0.00,0.0,0.0,,0.0
162,10,6.00,6,18.69,24.31,24.03,0.0,0.00,0.0,0.0,,0.0
162,11,6.00,6,19.95,24.87,24.61,0.0,0.00,0.0,0.0,,0.0
162,12,6.00,6,20.37,25.44,25.19,0.0,0.00,0.0,0.0,,0.0
162,13,6.00,6,20.25,25.98,25.74,0.0,0.00,0.0,0.0,,0.0
162,14,6.00,6,20.48,26.57,25.99,-1011.61,0.00,0.0,0.0,,-1011.61
162,15,6.00,6,20.49,27.11,25.99,-2338.26,0.00,0.0,0.0,,-2338.26
162,16,6.00,6,20.51,27.57,25.99,-3210.2,0.00,0.0,0.0,,-3210.2
162,17,6.00,6,19.94,27.82,25.99,-3468.35,0.00,0.0,0.0,,-3468.35
162,18,6.00,6,19.48,27.83,25.99,-3154.45,0.00,0.0,0.0,,-3154.45
162,19,6.00,6,19.04,26.95,26.03,0.0,0.00,0.0,0.0,,0.0
162,20,6.00,6,18.92,26.41,25.71,0.0,0.00,0.0,0.0,,0.0
162,21,6.00,6,19.11,25.99,25.35,0.0,0.00,0.0,0.0,,0.0
162,22,6.00,6,19.28,25.62,25.02,0.0,0.00,0.0,0.0,,0.0
162,23,6.00,6,19.17,25.27,24.71,0.0,0.00,0.0,0.0,,0.0
162,24,6.00,6,19.01,24.95,24.40,0.0,0.00,0.0,0.0,,0.0
162,1,7.00,6,19.05,24.65,24.13,0.0,0.00,0.0,0.0,,0.0
162,2,7.00,6,19.04,24.38,23.88,0.0,0.00,0.0,0.0,,0.0
162,3,7.00,6,18.89,24.11,23.63,0.0,0.00,0.0,0.0,,0.0
162,4,7.00,6,18.81,23.86,23.40,0.0,0.00,0.0,0.0,,0.0
162,5,7.00,6,18.59,23.61,23.16,0.0,0.00,0.0,0.0,,0.0
162,6,7.00,6,18.57,23.38,22.95,0.0,0.00,0.0,0.0,,0.0
162,7,7.00,6,18.56,23.17,22.75,0.0,0.00,0.0,0.0,,0.0
162,8,7.00,6,18.67,24.05,23.69,0.0,0.00,0.0,0.0,,0.0
162,9,7.00,6,18.89,24.42,24.08,0.0,0.00,0.0,0.0,,0.0
162,10,7.00,6,19.70,24.83,24.51,0.0,0.00,0.0,0.0,,0.0
162,11,7.00,6,20.86,25.38,25.07,0.0,0.00,0.0,0.0,,0.0
162,12,7.00,6,21.27,25.96,25.67,0.0,0.00,0.0,0.0,,0.0
162,13,7.00,6,20.99,26.49,25.99,-628.85,0.00,0.0,0.0,,-628.85
162,14,7.00,6,20.97,27.04,25.99,-2090.44,0.00,0.0,0.0,,-2090.44
162,15,7.00,6,21.01,27.57,25.99,-3207.26,0.00,0.0,0.0,,-3207.26
162,16,7.00,6,20.88,28.00,25.99,-3942.27,0.00,0.0,0.0,,-3942.27
162,17,7.00,6,20.33,28.24,25.99,-4143.23,0.00,0.0,0.0,,-4143.23
162,18,7.00,6,19.72,28.22,25.99,-3705.48,0.00,0.0,0.0,,-3705.48
162,19,7.00,6,19.00,27.31,26.17,0.0,0.00,0.0,0.0,,0.0
162,20,7.00,6,18.59,26.73,25.85,0.0,0.00,0.0,0.0,,0.0
162,21,7.00,6,18.58,26.26,25.46,0.0,0.00,0.0,0.0,,0.0
162,22,7.00,6,18.59,25.84,25.09,0.0,0.00,0.0,0.0,,0.0
162,23,7.00,6,18.57,25.46,24.75,0.0,0.00,0.0,0.0,,0.0
162,24,7.00,6,18.39,25.09,24.41,0.0,0.00,0.0,0.0,,0.0
162,1,1.00,6,18.40,24.76,24.11,0.0,0.00,0.0,0.0,,0.0
162,2,1.00,6,18.29,24.45,23.83,0.0,0.00,0.0,0.0,,0.0
162,3,1.00,6,18.14,24.15,23.55,0.0,0.00,0.0,0.0,,0.0
162,4,1.00,6,18.16,23.87,23.30,0.0,0.00,0.0,0.0,,0.0
162,5,1.00,6,17.88,23.59,23.04,0.0,0.00,0.0,0.0,,0.0
162,6,1.00,6,17.81,23.33,22.81,0.0,0.00,0.0,0.0,,0.0
162,7,1.00,6,17.74,23.09,22.58,0.0,0.00,0.0,0.0,,0.0
162,8,1.00,6,17.69,23.86,23.42,0.0,0.00,0.0,0.0,,0.0
162,9,1.00,6,18.04,24.20,23.78,0.0,0.00,0.0,0.0,,0.0
162,10,1.00,6,18.62,24.54,24.15,0.0,0.00,0.0,0.0,,0.0
162,11,1.00,6,19.82,25.06,24.69,0.0,0.00,0.0,0.0,,0.0
162,12,1.00,6,20.19,25.61,25.25,0.0,0.00,0.0,0.0,,0.0
162,13,1.00,6,20.51,26.20,25.85,0.0,0.00,0.0,0.0,,0.0
162,14,1.00,6,20.49,26.75,25.99,-1264.85,0.00,0.0,0.0,,-1264.85
162,15,1.00,6,20.45,27.27,25.99,-2477.4,0.00,0.0,0.0,,-2477.4
162,16,1.00,6,20.33,27.69,25.99,-3261.36,0.00,0.0,0.0,,-3261.36
162,17,1.00,6,19.93,27.95,25.99,-3561.73,0.00,0.0,0.0,,-3561.73
162,18,1.00,6,19.23,27.92,25.99,-3125.56,0.00,0.0,0.0,,-3125.56
162,19,1.00,6,18.47,27.02,26.01,0.0,0.00,0.0,0.0,,0.0
162,20,1.00,6,18.12,26.44,25.65,0.0,0.00,0.0,0.0,,0.0
162,21,1.00,6,18.09,25.97,25.25,0.0,0.00,0.0,0.0,,0.0
162,22,1.00,6,18.09,25.55,24.87,0.0,0.00,0.0,0.0,,0.0
162,23,1.00,6,17.96,25.15,24.51,0.0,0.00,0.0,0.0,,0.0
162,24,1.00,6,17.77,24.78,24.17,0.0,0.00,0.0,0.0,,0.0
162,1,2.00,6,17.70,24.44,23.85,0.0,0.00,0.0,0.0,,0.0
162,2,2.00,6,17.52,24.11,23.54,0.0,0.00,0.0,0.0,,0.0
162,3,2.00,6,17.29,23.79,23.25,0.0,0.00,0.0,0.0,,0.0
162,4,2.00,6,17.16,23.49,22.97,0.0,0.00,0.0,0.0,,0.0
162,5,2.00,6,16.97,23.20,22.70,0.0,0.00,0.0,0.0,,0.0
162,6,2.00,6,16.96,22.93,22.45,0.0,0.00,0.0,0.0,,0.0
162,7,2.00,6,16.95,22.68,22.21,0.0,0.00,0.0,0.0,,0.0
162,8,2.00,6,16.88,23.41,23.00,0.0,0.00,0.0,0.0,,0.0
162,9,2.00,6,17.37,23.75,23.37,0.0,0.00,0.0,0.0,,0.0
162,10,2.00,6,18.02,24.10,23.74,0.0,0.00,0.0,0.0,,0.0
162,11,2.00,6,19.22,24.62,24.28,0.0,0.00,0.0,0.0,,0.0
162,12,2.00,6,19.91,25.22,24.89,0.0,0.00,0.0,0.0,,0.0
162,13,2.00,6,20.46,25.86,25.54,0.0,0.00,0.0,0.0,,0.0
162,14,2.00,6,20.49,26.45,25.99,-454.03,0.00,0.0,0.0,,-454.03
162,15,2.00,6,20.56,27.01,25.99,-1986.86,0.00,0.0,0.0,,-1986.86
162,16,2.00,6,20.30,27.43,25.99,-2794.97,0.00,0.0,0.0,,-2794.97
162,17,2.00,6,19.98,27.71,25.99,-3199.37,0.00,0.0,0.0,,-3199.37
162,18,2.00,6,19.13,27.68,25.99,-2753.29,0.00,0.0,0.0,,-2753.29
162,19,2.00,6,18.25,26.77,25.89,0.0,0.00,0.0,0.0,,0.0
162,20,2.00,6,17.83,26.18,25.50,0.0,0.00,0.0,0.0,,0.0
162,21,2.00,6,17.54,25.69,25.07,0.0,0.00,0.0,0.0,,0.0
162,22,2.00,6,17.30,25.25,24.66,0.0,0.00,0.0,0.0,,0.0
162,23,2.00,6,16.90,24.82,24.25,0.0,0.00,0.0,0.0,,0.0
162,24,2.00,6,16.60,24.41,23.87,0.0,0.00,0.0,0.0,,0.0
162,1,3.00,6,16.37,24.02,23.51,0.0,0.00,0.0,0.0,,0.0
162,2,3.00,6,16.16,23.66,23.16,0.0,0.00,0.0,0.0,,0.0
162,3,3.00,6,15.93,23.31,22.83,0.0,0.00,0.0,0.0,,0.0
162,4,3.00,6,15.77,22.98,22.52,0.0,0.00,0.0,0.0,,0.0
162,5,3.00,6,15.59,22.66,22.22,0.0,0.00,0.0,0.0,,0.0
162,6,3.00,6,15.48,22.36,21.93,0.0,0.00,0.0,0.0,,0.0
162,7,3.00,6,15.53,22.08,21.67,0.0,0.00,0.0,0.0,,0.0
162,8,3.00,6,15.71,23.56,23.16,0.0,0.00,0.0,0.0,,0.0
162,9,3.00,6,16.27,24.12,23.74,0.0,0.00,0.0,0.0,,0.0
162,10,3.00,6,17.03,24.56,24.19,0.0,0.00,0.0,0.0,,0.0
162,11,3.00,6,18.22,25.08,24.73,0.0,0.00,0.0,-0.0,,0.0
162,12,3.00,6,18.82,25.70,25.36,0.0,0.00,0.0,-0.0,,0.0
162,13,3.00,6,19.35,26.40,26.06,0.0,0.00,0.0,0.0,,0.0
162,14,3.00,6,19.43,27.09,26.77,0.0,0.00,0.0,0.0,,0.0
162,15,3.00,6,19.65,27.77,27.46,0.0,0.00,0.0,0.0,,0.0
162,16,3.00,6,19.42,28.34,28.03,0.0,0.00,0.0,0.0,,0.0
162,17,3.00,6,19.15,28.76,28.47,0.0,0.00,0.0,0.0,,0.0
162,18,3.00,6,18.43,28.91,28.62,0.0,0.00,0.0,0.0,,0.0
162,19,3.00,6,17.62,27.14,26.87,0.0,0.00,0.0,0.0,,0.0
162,20,3.00,6,17.29,26.36,26.09,0.0,0.00,0.0,0.0,,0.0
162,21,3.00,6,16.98,25.80,25.54,0.0,0.00,0.0,0.0,,0.0
162,22,3.00,6,16.71,25.31,25.06,0.0,0.00,0.0,0.0,,0.0
162,23,3.00,6,16.42,24.87,24.62,0.0,0.00,0.0,0.0,,0.0
162,24,3.00,6,16.36,24.46,24.21,0.0,0.00,0.0,0.0,,0.0
162,1,4.00,6,16.06,24.06,23.82,0.0,0.00,0.0,0.0,,0.0
162,2,4.00,6,15.84,23.68,23.45,0.0,0.00,0.0,0.0,,0.0
162,3,4.00,6,15.75,23.33,23.10,0.0,0.00,0.0,0.0,,0.0
162,4,4.00,6,15.62,22.99,22.77,0.0,0.00,0.0,0.0,,0.0
162,5,4.00,6,15.55,22.68,22.46,0.0,0.00,0.0,0.0,,0.0
162,6,4.00,6,15.54,22.38,22.17,0.0,0.00,0.0,0.0,,0.0
162,7,4.00,6,15.34,22.09,21.89,0.0,0.00,0.0,0.0,,0.0
162,8,4.00,6,15.36,23.55,23.35,0.0,0.00,0.0,0.0,,0.0
162,9,4.00,6,16.14,24.11,23.92,0.0,0.00,0.0,0.0,,0.0
162,10,4.00,6,16.81,24.54,24.35,0.0,0.00,0.0,0.0,,0.0
162,11,4.00,6,18.26,25.08,24.89,0.0,0.00,0.0,-0.0,,0.0
162,12,4.00,6,18.93,25.71,25.52,0.0,0.00,0.0,-0.0,,0.0
162,13,4.00,6,19.54,26.41,26.23,0.0,0.00,0.0,0.0,,0.0
162,14,4.00,6,19.56,27.11,26.93,0.0,0.00,0.0,0.0,,0.0
162,15,4.00,6,19.60,27.78,27.61,0.0,0.00,0.0,0.0,,0.0
162,16,4.00,6,19.55,28.36,28.18,0.0,0.00,0.0,0.0,,0.0
162,17,4.00,6,19.32,28.79,28.62,0.0,0.00,0.0,0.0,,0.0
162,18,4.00,6,18.72,28.95,28.78,0.0,0.00,0.0,0.0,,0.0
162,19,4.00,6,18.16,27.21,27.05,0.0,0.00,0.0,0.0,,0.0
162,20,4.00,6,17.84,26.45,26.29,0.0,0.00,0.0,0.0,,0.0
162,21,4.00,6,17.79,25.92,25.77,0.0,0.00,0.0,0.0,,0.0
162,22,4.00,6,17.65,25.48,25.32,0.0,0.00,0.0,0.0,,0.0
162,23,4.00,6,17.49,25.07,24.91,0.0,0.00,0.0,0.0,,0.0
162,24,4.00,6,17.38,24.69,24.54,0.0,0.00,0.0,0.0,,0.0
162,1,5.00,6,17.14,24.32,24.17,0.0,0.00,0.0,0.0,,0.0
162,2,5.00,6,16.90,23.97,23.82,0.0,0.00,0.0,0.0,,0.0
162,3,5.00,6,16.74,23.64,23.49,0.0,0.00,0.0,0.0,,0.0
162,4,5.00,6,16.72,23.33,23.19,0.0,0.00,0.0,0.0,,0.0
162,5,5.00,6,16.70,23.04,22.90,0.0,0.00,0.0,0.0,,0.0
162,6,5.00,6,16.79,22.78,22.64,0.0,0.00,0.0,0.0,,0.0
162,7,5.00,6,16.70,22.53,22.39,0.0,0.00,0.0,0.0,,0.0
162,8,5.00,6,16.66,23.25,23.12,0.0,0.00,0.0,0.0,,0.0
162,9,5.00,6,17.26,23.61,23.49,0.0,0.00,0.0,0.0,,0.0
162,10,5.00,6,17.55,23.91,23.79,0.0,0.00,0.0,0.0,,0.0
162,11,5.00,6,18.62,24.39,24.28,0.0,0.00,0.0,0.0,,0.0
162,12,5.00,6,19.09,24.93,24.82,0.0,0.00,0.0,0.0,,0.0
162,13,5.00,6,19.49,25.52,25.41,0.0,0.00,0.0,0.0,,0.0
162,14,5.00,6,19.55,26.08,25.97,0.0,0.00,0.0,0.0,,0.0
162,15,5.00,6,19.58,26.61,25.99,-1479.08,0.00,0.0,0.0,,-1479.08
162,16,5.00,6,19.60,27.05,25.99,-2378.82,0.00,0.0,0.0,,-2378.82
162,17,5.00,6,19.16,27.31,25.99,-2706.65,0.00,0.0,0.0,,-2706.65
162,18,5.00,6,18.67,27.31,25.99,-2394.12,0.00,0.0,0.0,,-2394.12
162,19,5.00,6,18.25,26.45,25.83,0.0,0.00,0.0,0.0,,0.0
162,20,5.00,6,18.09,25.91,25.45,0.0,0.00,0.0,0.0,,0.0
162,21,5.00,6,18.17,25.47,25.06,0.0,0.00,0.0,0.0,,0.0
162,22,5.00,6,18.24,25.09,24.70,0.0,0.00,0.0,0.0,,0.0
162,23,5.00,6,18.27,24.74,24.37,0.0,0.00,0.0,0.0,,0.0
162,24,5.00,6,18.20,24.41,24.06,0.0,0.00,0.0,0.0,,0.0
162,1,6.00,6,17.88,24.09,23.75,0.0,0.00,0.0,0.0,,0.0
162,2,6.00,6,17.80,23.79,23.46,0.0,0.00,0.0,0.0,,0.0
162,3,6.00,6,17.67,23.50,23.19,0.0,0.00,0.0,0.0,,0.0
162,4,6.00,6,17.40,23.22,22.92,0.0,0.00,0.0,0.0,,0.0
162,5,6.00,6,17.26,22.95,22.66,0.0,0.00,0.0,0.0,,0.0
162,6,6.00,6,17.28,22.71,22.43,0.0,0.00,0.0,0.0,,0.0
162,7,6.00,6,17.08,22.47,22.19,0.0,0.00,0.0,0.0,,0.0
162,8,6.00,6,17.11,23.25,23.01,0.0,0.00,0.0,0.0,,0.0
162,9,6.00,6,17.30,23.57,23.34,0.0,0.00,0.0,0.0,,0.0
162,10,6.00,6,18.07,23.94,23.73,0.0,0.00,0.0,0.0,,0.0
162,11,6.00,6,18.77,24.40,24.19,0.0,0.00,0.0,0.0,,0.0
162,12,6.00,6,18.96,24.89,24.69,0.0,0.00,0.0,0.0,,0.0
162,13,6.00,6,19.34,25.47,25.27,0.0,0.00,0.0,0.0,,0.0
162,14,6.00,6,19.17,25.99,25.80,0.0,0.00,0.0,0.0,,0.0
162,15,6.00,6,19.08,26.47,25.99,-881.18,0.00,0.0,0.0,,-881.18
162,16,6.00,6,19.04,26.88,25.99,-1855.25,0.00,0.0,0.0,,-1855.25
162,17,6.00,6,18.49,27.10,25.99,-2136.18,0.00,0.0,0.0,,-2136.18
162,18,6.00,6,17.81,27.05,25.99,-1736.49,0.00,0.0,0.0,,-1736.49
162,19,6.00,6,17.19,26.20,25.65,0.0,0.00,0.0,0.0,,0.0
162,20,6.00,6,16.79,25.61,25.19,0.0,0.00,0.0,0.0,,0.0
162,21,6.00,6,16.76,25.13,24.75,0.0,0.00,0.0,0.0,,0.0
162,22,6.00,6,16.46,24.68,24.32,0.0,0.00,0.0,0.0,,0.0
162,23,6.00,6,16.26,24.26,23.92,0.0,0.00,0.0,0.0,,0.0
162,24,6.00,6,16.06,23.87,23.53,0.0,0.00,0.0,0.0,,0.0
162,1,7.00,6,15.67,23.48,23.16,0.0,0.00,0.0,0.0,,0.0
162,2,7.00,6,15.43,23.12,22.81,0.0,0.00,0.0,0.0,,0.0
162,3,7.00,6,15.23,22.77,22.47,0.0,0.00,0.0,0.0,,0.0
162,4,7.00,6,15.01,22.43,22.14,0.0,0.00,0.0,0.0,,0.0
162,5,7.00,6,14.69,22.10,21.82,0.0,0.00,0.0,0.0,,0.0
162,6,7.00,6,14.69,21.80,21.53,0.0,0.00,0.0,0.0,,0.0
162,7,7.00,6,14.19,21.49,21.22,0.0,0.00,0.0,0.0,,0.0
162,8,7.00,6,13.98,22.01,21.78,0.0,0.00,0.0,0.0,,0.0
162,9,7.00,6,14.71,22.31,22.09,0.0,0.00,0.0,0.0,,0.0
162,10,7.00,6,15.81,22.69,22.48,0.0,0.00,0.0,0.0,,0.0
162,11,7.00,6,17.40,23.25,23.05,0.0,0.00,0.0,0.0,,0.0
162,12,7.00,6,18.19,23.87,23.67,0.0,0.00,0.0,0.0,,0.0
162,13,7.00,6,18.94,24.54,24.36,0.0,0.00,0.0,0.0,,0.0
162,14,7.00,6,19.24,25.19,25.01,0.0,0.00,0.0,0.0,,0.0
162,15,7.00,6,19.24,25.76,25.59,0.0,0.00,0.0,0.0,,0.0
162,16,7.00,6,19.29,26.25,25.99,-260.3,0.00,0.0,0.0,,-260.3
162,17,7.00,6,18.98,26.56,25.99,-1112.64,0.00,0.0,0.0,,-1112.64
162,18,7.00,6,18.43,26.60,25.99,-981.81,0.00,0.0,0.0,,-981.81
162,19,7.00,6,17.82,25.71,25.38,0.0,0.00,0.0,0.0,,0.0
162,20,7.00,6,17.61,25.18,24.91,0.0,0.00,0.0,0.0,,0.0
162,21,7.00,6,17.58,24.75,24.51,0.0,0.00,0.0,0.0,,0.0
162,22,7.00,6,17.45,24.37,24.13,0.0,0.00,0.0,0.0,,0.0
162,23,7.00,6,17.24,24.00,23.78,0.0,0.00,0.0,0.0,,0.0
162,24,7.00,6,17.09,23.66,23.44,0.0,0.00,0.0,0.0,,0.0
162,1,1.00,7,16.71,23.33,23.11,0.0,0.00,0.0,0.0,,0.0
162,2,1.00,7,16.64,23.02,22.81,0.0,0.00,0.0,0.0,,0.0
162,3,1.00,7,16.66,22.74,22.54,0.0,0.00,0.0,0.0,,0.0
162,4,1.00,7,16.65,22.48,22.28,0.0,0.00,0.0,0.0,,0.0
162,5,1.00,7,16.56,22.22,22.03,0.0,0.00,0.0,0.0,,0.0
162,6,1.00,7,16.58,21.99,21.80,0.0,0.00,0.0,0.0,,0.0
162,7,1.00,7,16.34,21.75,21.57,0.0,0.00,0.0,0.0,,0.0
162,8,1.00,7,16.40,22.54,22.38,0.0,0.00,0.0,0.0,,0.0
162,9,1.00,7,16.87,22.89,22.73,0.0,0.00,0.0,0.0,,0.0
162,10,1.00,7,17.76,23.26,23.12,0.0,0.00,0.0,0.0,,0.0
162,11,1.00,7,18.76,23.76,23.61,0.0,0.00,0.0,0.0,,0.0
162,12,1.00,7,19.15,24.29,24.15,0.0,0.00,0.0,0.0,,0.0
162,13,1.00,7,19.50,24.85,24.72,0.0,0.00,0.0,0.0,,0.0
162,14,1.00,7,19.53,25.41,25.27,0.0,0.00,0.0,0.0,,0.0
162,15,1.00,7,19.38,25.89,25.76,0.0,0.00,0.0,0.0,,0.0
162,16,1.00,7,19.27,26.30,25.78,-1143.47,0.00,0.0,0.0,,-1143.47
162,17,1.00,7,18.85,26.56,25.78,-1622.75,0.00,0.0,0.0,,-1622.75
162,18,1.00,7,18.23,26.61,25.78,-1487.1,0.00,0.0,0.0,,-1487.1
162,19,1.00,7,17.62,25.74,25.35,0.0,0.00,0.0,0.0,,0.0
162,20,1.00,7,17.35,25.20,24.90,0.0,0.00,0.0,0.0,,0.0
162,21,1.00,7,17.22,24.76,24.49,0.0,0.00,0.0,0.0,,0.0
162,22,1.00,7,17.15,24.36,24.11,0.0,0.00,0.0,0.0,,0.0
162,23,1.00,7,17.06,24.00,23.75,0.0,0.00,0.0,0.0,,0.0
162,24,1.00,7,17.00,23.66,23.42,0.0,0.00,0.0,0.0,,0.0
162,1,2.00,7,16.85,23.34,23.11,0.0,0.00,0.0,0.0,,0.0
162,2,2.00,7,16.74,23.03,22.81,0.0,0.00,0.0,0.0,,0.0
162,3,2.00,7,16.59,22.74,22.53,0.0,0.00,0.0,0.0,,0.0
162,4,2.00,7,16.38,22.46,22.25,0.0,0.00,0.0,0.0,,0.0
162,5,2.00,7,16.09,22.18,21.98,0.0,0.00,0.0,0.0,,0.0
162,6,2.00,7,15.91,21.92,21.72,0.0,0.00,0.0,0.0,,0.0
162,7,2.00,7,15.23,21.62,21.43,0.0,0.00,0.0,0.0,,0.0
162,8,2.00,7,14.89,22.22,22.05,0.0,0.00,0.0,0.0,,0.0
162,9,2.00,7,15.41,22.50,22.34,0.0,0.00,0.0,0.0,,0.0
162,10,2.00,7,16.65,22.87,22.72,0.0,0.00,0.0,0.0,,0.0
162,11,2.00,7,18.33,23.45,23.30,0.0,0.00,0.0,0.0,,0.0
162,12,2.00,7,18.79,24.00,23.85,0.0,0.00,0.0,0.0,,0.0
162,13,2.00,7,19.58,24.64,24.50,0.0,0.00,0.0,0.0,,0.0
162,14,2.00,7,19.81,25.25,25.11,0.0,0.00,0.0,0.0,,0.0
162,15,2.00,7,20.04,25.83,25.69,0.0,0.00,0.0,0.0,,0.0
162,16,2.00,7,19.86,26.27,25.78,-1047.62,0.00,0.0,0.0,,-1047.62
162,17,2.00,7,19.51,26.58,25.78,-1682.82,0.00,0.0,0.0,,-1682.82
162,18,2.00,7,18.74,26.63,25.78,-1555.23,0.00,0.0,0.0,,-1555.23
162,19,2.00,7,17.90,25.73,25.33,0.0,0.00,0.0,0.0,,0.0
162,20,2.00,7,17.46,25.18,24.88,0.0,0.00,0.0,0.0,,0.0
162,21,2.00,7,17.17,24.73,24.45,0.0,0.00,0.0,0.0,,0.0
162,22,2.00,7,17.02,24.32,24.06,0.0,0.00,0.0,0.0,,0.0
162,23,2.00,7,16.73,23.94,23.69,0.0,0.00,0.0,0.0,,0.0
162,24,2.00,7,16.55,23.57,23.33,0.0,0.00,0.0,0.0,,0.0
162,1,3.00,7,16.26,23.23,22.99,0.0,0.00,0.0,0.0,,0.0
162,2,3.00,7,15.91,22.88,22.66,0.0,0.00,0.0,0.0,,0.0
162,3,3.00,7,15.54,22.55,22.33,0.0,0.00,0.0,0.0,,0.0
162,4,3.00,7,15.17,22.22,22.01,0.0,0.00,0.0,0.0,,0.0
162,5,3.00,7,14.99,21.91,21.71,0.0,0.00,0.0,0.0,,0.0
162,6,3.00,7,14.78,21.61,21.41,0.0,0.00,0.0,0.0,,0.0
162,7,3.00,7,14.46,21.32,21.12,0.0,0.00,0.0,0.0,,0.0
162,8,3.00,7,14.23,22.74,22.55,0.0,0.00,0.0,0.0,,0.0
162,9,3.00,7,15.08,23.27,23.09,0.0,0.00,0.0,0.0,,0.0
162,10,3.00,7,16.13,23.68,23.50,0.0,0.00,0.0,0.0,,0.0
162,11,3.00,7,17.89,24.21,24.04,0.0,0.00,0.0,-0.0,,0.0
162,12,3.00,7,18.93,24.85,24.68,0.0,0.00,0.0,-0.0,,0.0
162,13,3.00,7,19.76,25.55,25.39,0.0,0.00,0.0,-0.0,,0.0
162,14,3.00,7,20.05,26.28,26.11,0.0,0.00,0.0,-0.0,,0.0
162,15,3.00,7,19.98,26.94,26.79,0.0,0.00,0.0,0.0,,0.0
162,16,3.00,7,19.83,27.52,27.37,0.0,0.00,0.0,0.0,,0.0
162,17,3.00,7,19.49,27.98,27.83,0.0,0.00,0.0,0.0,,0.0
162,18,3.00,7,18.76,28.20,28.05,0.0,0.00,0.0,0.0,,0.0
162,19,3.00,7,17.98,26.51,26.36,0.0,0.00,0.0,0.0,,0.0
162,20,3.00,7,17.61,25.77,25.63,0.0,0.00,0.0,0.0,,0.0
162,21,3.00,7,17.54,25.27,25.13,0.0,0.00,0.0,0.0,,0.0
162,22,3.00,7,17.59,24.86,24.72,0.0,0.00,0.0,0.0,,0.0
162,23,3.00,7,17.48,24.48,24.34,0.0,0.00,0.0,0.0,,0.0
162,24,3.00,7,17.29,24.12,23.99,0.0,0.00,0.0,0.0,,0.0
162,1,4.00,7,17.09,23.78,23.65,0.0,0.00,0.0,0.0,,0.0
162,2,4.00,7,16.96,23.45,23.33,0.0,0.00,0.0,0.0,,0.0
162,3,4.00,7,16.84,23.15,23.03,0.0,0.00,0.0,0.0,,0.0
162,4,4.00,7,16.69,22.86,22.74,0.0,0.00,0.0,0.0,,0.0
162,5,4.00,7,16.53,22.58,22.46,0.0,0.00,0.0,0.0,,0.0
162,6,4.00,7,16.52,22.32,22.20,0.0,0.00,0.0,0.0,,0.0
162,7,4.00,7,16.48,22.08,21.96,0.0,0.00,0.0,0.0,,0.0
162,8,4.00,7,16.48,23.56,23.45,0.0,0.00,0.0,0.0,,0.0
162,9,4.00,7,17.25,24.13,24.02,0.0,0.00,0.0,0.0,,0.0
162,10,4.00,7,17.84,24.54,24.43,0.0,0.00,0.0,-0.0,,0.0
162,11,4.00,7,19.10,25.06,24.95,0.0,0.00,0.0,-0.0,,0.0
162,12,4.00,7,19.62,25.65,25.55,0.0,0.00,0.0,-0.0,,0.0
162,13,4.00,7,19.92,26.30,26.19,0.0,0.00,0.0,-0.0,,0.0
162,14,4.00,7,19.91,26.95,26.85,0.0,0.00,0.0,0.0,,0.0
162,15,4.00,7,19.94,27.58,27.47,0.0,0.00,0.0,0.0,,0.0
162,16,4.00,7,19.96,28.13,28.02,0.0,0.00,0.0,0.0,,0.0
162,17,4.00,7,19.69,28.56,28.45,0.0,0.00,0.0,0.0,,0.0
162,18,4.00,7,19.09,28.77,28.66,0.0,0.00,0.0,0.0,,0.0
162,19,4.00,7,18.45,27.06,26.96,0.0,0.00,0.0,0.0,,0.0
162,20,4.00,7,18.17,26.32,26.22,0.0,0.00,0.0,0.0,,0.0
162,21,4.00,7,18.16,25.82,25.72,0.0,0.00,0.0,0.0,,0.0
162,22,4.00,7,18.21,25.40,25.31,0.0,0.00,0.0,0.0,,0.0
162,23,4.00,7,18.08,25.02,24.92,0.0,0.00,0.0,0.0,,0.0
162,24,4.00,7,17.88,24.65,24.56,0.0,0.00,0.0,0.0,,0.0
162,1,5.00,7,17.75,24.31,24.22,0.0,0.00,0.0,0.0,,0.0
162,2,5.00,7,17.65,23.99,23.90,0.0,0.00,0.0,0.0,,0.0
162,3,5.00,7,17.65,23.69,23.60,0.0,0.00,0.0,0.0,,0.0
162,4,5.00,7,17.80,23.43,23.33,0.0,0.00,0.0,0.0,,0.0
162,5,5.00,7,17.78,23.17,23.08,0.0,0.00,0.0,0.0,,0.0
162,6,5.00,7,17.76,22.93,22.84,0.0,0.00,0.0,0.0,,0.0
162,7,5.00,7,17.82,22.71,22.62,0.0,0.00,0.0,0.0,,0.0
162,8,5.00,7,17.86,23.55,23.46,0.0,0.00,0.0,0.0,,0.0
162,9,5.00,7,18.21,23.89,23.81,0.0,0.00,0.0,0.0,,0.0
162,10,5.00,7,18.48,24.17,24.10,0.0,0.00,0.0,0.0,,0.0
162,11,5.00,7,19.33,24.61,24.53,0.0,0.00,0.0,0.0,,0.0
162,12,5.00,7,19.87,25.13,25.05,0.0,0.00,0.0,0.0,,0.0
162,13,5.00,7,20.14,25.66,25.59,0.0,0.00,0.0,0.0,,0.0
162,14,5.00,7,19.87,26.14,25.78,-845.81,0.00,0.0,0.0,,-845.81
162,15,5.00,7,19.73,26.59,25.78,-1930.17,0.00,0.0,0.0,,-1930.17
162,16,5.00,7,19.67,26.98,25.78,-2657.45,0.00,0.0,0.0,,-2657.45
162,17,5.00,7,19.50,27.26,25.78,-3071.25,0.00,0.0,0.0,,-3071.25
162,18,5.00,7,18.92,27.30,25.78,-2820.85,0.00,0.0,0.0,,-2820.85
162,19,5.00,7,18.26,26.42,25.73,0.0,0.00,0.0,0.0,,0.0
162,20,5.00,7,17.98,25.87,25.37,0.0,0.00,0.0,0.0,,0.0
162,21,5.00,7,17.92,25.42,24.98,0.0,0.00,0.0,0.0,,0.0
162,22,5.00,7,17.95,25.02,24.61,0.0,0.00,0.0,0.0,,0.0
162,23,5.00,7,17.98,24.66,24.27,0.0,0.00,0.0,0.0,,0.0
162,24,5.00,7,17.95,24.32,23.95,0.0,0.00,0.0,0.0,,0.0
162,1,6.00,7,17.89,24.01,23.65,0.0,0.00,0.0,0.0,,0.0
162,2,6.00,7,17.76,23.71,23.36,0.0,0.00,0.0,0.0,,0.0
162,3,6.00,7,17.62,23.42,23.09,0.0,0.00,0.0,0.0,,0.0
162,4,6.00,7,17.53,23.15,22.83,0.0,0.00,0.0,0.0,,0.0
162,5,6.00,7,17.59,22.90,22.60,0.0,0.00,0.0,0.0,,0.0
162,6,6.00,7,17.58,22.67,22.38,0.0,0.00,0.0,0.0,,0.0
162,7,6.00,7,17.50,22.45,22.17,0.0,0.00,0.0,0.0,,0.0
162,8,6.00,7,17.44,23.26,23.01,0.0,0.00,0.0,0.0,,0.0
162,9,6.00,7,17.90,23.62,23.38,0.0,0.00,0.0,0.0,,0.0
162,10,6.00,7,17.90,23.86,23.64,0.0,0.00,0.0,0.0,,0.0
162,11,6.00,7,19.07,24.33,24.12,0.0,0.00,0.0,0.0,,0.0
162,12,6.00,7,19.73,24.88,24.68,0.0,0.00,0.0,0.0,,0.0
162,13,6.00,7,20.13,25.44,25.25,0.0,0.00,0.0,0.0,,0.0
162,14,6.00,7,19.92,25.95,25.77,0.0,0.00,0.0,0.0,,0.0
162,15,6.00,7,19.82,26.43,25.78,-1357.13,0.00,0.0,0.0,,-1357.13
162,16,6.00,7,19.54,26.79,25.78,-2084.65,0.00,0.0,0.0,,-2084.65
162,17,6.00,7,19.25,27.05,25.78,-2508.29,0.00,0.0,0.0,,-2508.29
162,18,6.00,7,18.60,27.08,25.78,-2275.93,0.00,0.0,0.0,,-2275.93
162,19,6.00,7,17.83,26.20,25.56,0.0,0.00,0.0,0.0,,0.0
162,20,6.00,7,17.67,25.65,25.17,0.0,0.00,0.0,0.0,,0.0
162,21,6.00,7,17.70,25.21,24.78,0.0,0.00,0.0,0.0,,0.0
162,22,6.00,7,17.80,24.82,24.41,0.0,0.00,0.0,0.0,,0.0
162,23,6.00,7,17.97,24.47,24.08,0.0,0.00,0.0,0.0,,0.0
162,24,6.00,7,18.07,24.16,23.78,0.0,0.00,0.0,0.0,,0.0
162,1,7.00,7,18.05,23.86,23.50,0.0,0.00,0.0,0.0,,0.0
162,2,7.00,7,18.12,23.59,23.25,0.0,0.00,0.0,0.0,,0.0
162,3,7.00,7,18.19,23.34,23.01,0.0,0.00,0.0,0.0,,0.0
162,4,7.00,7,18.51,23.13,22.81,0.0,0.00,0.0,0.0,,0.0
162,5,7.00,7,18.13,22.89,22.59,0.0,0.00,0.0,0.0,,0.0
162,6,7.00,7,17.57,22.64,22.35,0.0,0.00,0.0,0.0,,0.0
162,7,7.00,7,17.70,22.43,22.15,0.0,0.00,0.0,0.0,,0.0
162,8,7.00,7,17.43,23.24,22.99,0.0,0.00,0.0,0.0,,0.0
162,9,7.00,7,17.67,23.55,23.32,0.0,0.00,0.0,0.0,,0.0
162,10,7.00,7,16.89,23.66,23.44,0.0,0.00,0.0,0.0,,0.0
162,11,7.00,7,17.84,24.04,23.83,0.0,0.00,0.0,0.0,,0.0
162,12,7.00,7,18.38,24.52,24.32,0.0,0.00,0.0,0.0,,0.0
162,13,7.00,7,19.18,25.10,24.90,0.0,0.00,0.0,0.0,,0.0
162,14,7.00,7,19.36,25.64,25.46,0.0,0.00,0.0,0.0,,0.0
162,15,7.00,7,19.37,26.13,25.78,-507.78,0.00,0.0,0.0,,-507.78
162,16,7.00,7,19.24,26.52,25.78,-1522.83,0.00,0.0,0.0,,-1522.83
162,17,7.00,7,19.01,26.80,25.78,-2021.29,0.00,0.0,0.0,,-2021.29
162,18,7.00,7,18.42,26.84,25.78,-1857.19,0.00,0.0,0.0,,-1857.19
162,19,7.00,7,17.62,25.97,25.44,0.0,0.00,0.0,0.0,,0.0
162,20,7.00,7,17.44,25.42,25.02,0.0,0.00,0.0,0.0,,0.0
162,21,7.00,7,17.39,24.97,24.61,0.0,0.00,0.0,0.0,,0.0
162,22,7.00,7,17.38,24.57,24.23,0.0,0.00,0.0,0.0,,0.0
162,23,7.00,7,17.33,24.21,23.88,0.0,0.00,0.0,0.0,,0.0
162,24,7.00,7,17.31,23.87,23.56,0.0,0.00,0.0,0.0,,0.0
162,1,1.00,7,17.31,23.56,23.26,0.0,0.00,0.0,0.0,,0.0
162,2,1.00,7,17.31,23.27,22.98,0.0,0.00,0.0,0.0,,0.0
162,3,1.00,7,17.38,23.00,22.73,0.0,0.00,0.0,0.0,,0.0
162,4,1.00,7,17.45,22.76,22.49,0.0,0.00,0.0,0.0,,0.0
162,5,1.00,7,17.45,22.53,22.27,0.0,0.00,0.0,0.0,,0.0
162,6,1.00,7,17.21,22.29,22.05,0.0,0.00,0.0,0.0,,0.0
162,7,1.00,7,16.99,22.06,21.82,0.0,0.00,0.0,0.0,,0.0
162,8,1.00,7,16.80,22.84,22.63,0.0,0.00,0.0,0.0,,0.0
162,9,1.00,7,17.29,23.19,22.99,0.0,0.00,0.0,0.0,,0.0
162,10,1.00,7,17.53,23.47,23.28,0.0,0.00,0.0,0.0,,0.0
162,11,1.00,7,18.68,23.94,23.76,0.0,0.00,0.0,0.0,,0.0
162,12,1.00,7,18.97,24.44,24.26,0.0,0.00,0.0,0.0,,0.0
162,13,1.00,7,19.32,24.98,24.81,0.0,0.00,0.0,0.0,,0.0
162,14,1.00,7,19.15,25.48,25.32,0.0,0.00,0.0,0.0,,0.0
162,15,1.00,7,19.05,25.94,25.78,-21.9,0.00,0.0,0.0,,-21.9
162,16,1.00,7,18.72,26.29,25.78,-1044.72,0.00,0.0,0.0,,-1044.72
162,17,1.00,7,18.37,26.53,25.78,-1491.71,0.00,0.0,0.0,,-1491.71
162,18,1.00,7,17.65,26.53,25.78,-1264.06,0.00,0.0,0.0,,-1264.06
162,19,1.00,7,16.85,25.68,25.29,0.0,0.00,0.0,0.0,,0.0
162,20,1.00,7,16.64,25.12,24.82,0.0,0.00,0.0,0.0,,0.0
162,21,1.00,7,16.48,24.65,24.37,0.0,0.00,0.0,0.0,,0.0
162,22,1.00,7,16.35,24.22,23.96,0.0,0.00,0.0,0.0,,0.0
162,23,1.00,7,16.14,23.82,23.57,0.0,0.00,0.0,0.0,,0.0
162,24,1.00,7,16.01,23.44,23.21,0.0,0.00,0.0,0.0,,0.0
162,1,2.00,7,15.65,23.08,22.85,0.0,0.00,0.0,0.0,,0.0
162,2,2.00,7,15.48,22.73,22.51,0.0,0.00,0.0,0.0,,0.0
162,3,2.00,7,15.48,22.42,22.20,0.0,0.00,0.0,0.0,,0.0
162,4,2.00,7,15.46,22.12,21.91,0.0,0.00,0.0,0.0,,0.0
162,5,2.00,7,15.67,21.86,21.66,0.0,0.00,0.0,0.0,,0.0
162,6,2.00,7,15.50,21.60,21.40,0.0,0.00,0.0,0.0,,0.0
162,7,2.00,7,15.38,21.35,21.16,0.0,0.00,0.0,0.0,,0.0
162,8,2.00,7,15.30,22.04,21.88,0.0,0.00,0.0,0.0,,0.0
162,9,2.00,7,15.48,22.31,22.15,0.0,0.00,0.0,0.0,,0.0
162,10,2.00,7,16.62,22.68,22.53,0.0,0.00,0.0,0.0,,0.0
162,11,2.00,7,17.81,23.19,23.04,0.0,0.00,0.0,0.0,,0.0
162,12,2.00,7,18.24,23.71,23.57,0.0,0.00,0.0,0.0,,0.0
162,13,2.00,7,18.43,24.25,24.11,0.0,0.00,0.0,0.0,,0.0
162,14,2.00,7,18.67,24.81,24.68,0.0,0.00,0.0,0.0,,0.0
162,15,2.00,7,18.36,25.27,25.14,0.0,0.00,0.0,0.0,,0.0
162,16,2.00,7,18.12,25.64,25.52,0.0,0.00,0.0,0.0,,0.0
162,17,2.00,7,17.69,25.88,25.76,0.0,0.00,0.0,0.0,,0.0
162,18,2.00,7,17.04,25.90,25.78,-13.97,0.00,0.0,0.0,,-13.97
162,19,2.00,7,16.43,25.06,24.94,0.0,0.00,0.0,0.0,,0.0
162,20,2.00,7,16.23,24.52,24.40,0.0,0.00,0.0,0.0,,0.0
162,21,2.00,7,16.26,24.08,23.96,0.0,0.00,0.0,0.0,,0.0
162,22,2.00,7,16.28,23.69,23.57,0.0,0.00,0.0,0.0,,0.0
162,23,2.00,7,16.30,23.33,23.22,0.0,0.00,0.0,0.0,,0.0
162,24,2.00,7,16.38,23.01,22.89,0.0,0.00,0.0,0.0,,0.0
162,1,3.00,7,16.58,22.72,22.61,0.0,0.00,0.0,0.0,,0.0
162,2,3.00,7,16.81,22.46,22.35,0.0,0.00,0.0,0.0,,0.0
162,3,3.00,7,16.80,22.22,22.11,0.0,0.00,0.0,0.0,,0.0
162,4,3.00,7,16.64,21.98,21.87,0.0,0.00,0.0,0.0,,0.0
162,5,3.00,7,16.37,21.73,21.63,0.0,0.00,0.0,0.0,,0.0
162,6,3.00,7,16.23,21.50,21.40,0.0,0.00,0.0,0.0,,0.0
162,7,3.00,7,15.76,21.25,21.15,0.0,0.00,0.0,0.0,,0.0
162,8,3.00,7,15.42,22.72,22.62,0.0,0.00,0.0,0.0,,0.0
162,9,3.00,7,16.06,23.28,23.18,0.0,0.00,0.0,0.0,,0.0
162,10,3.00,7,16.90,23.70,23.61,0.0,0.00,0.0,-0.0,,0.0
162,11,3.00,7,18.28,24.23,24.13,0.0,0.00,0.0,-0.0,,0.0
162,12,3.00,7,19.20,24.87,24.77,0.0,0.00,0.0,-0.0,,0.0
162,13,3.00,7,20.03,25.57,25.48,0.0,0.00,0.0,-0.0,,0.0
162,14,3.00,7,19.81,26.26,26.16,0.0,0.00,0.0,-0.0,,0.0
162,15,3.00,7,19.71,26.90,26.81,0.0,0.00,0.0,0.0,,0.0
162,16,3.00,7,19.37,27.45,27.36,0.0,0.00,0.0,0.0,,0.0
162,17,3.00,7,18.96,27.88,27.79,0.0,0.00,0.0,0.0,,0.0
162,18,3.00,7,18.07,28.07,27.98,0.0,0.00,0.0,0.0,,0.0
162,19,3.00,7,16.98,26.32,26.24,0.0,0.00,0.0,0.0,,0.0
162,20,3.00,7,16.42,25.53,25.45,0.0,0.00,0.0,0.0,,0.0
162,21,3.00,7,16.05,24.97,24.89,0.0,0.00,0.0,0.0,,0.0
162,22,3.00,7,15.78,24.49,24.40,0.0,0.00,0.0,0.0,,0.0
162,23,3.00,7,15.48,24.03,23.95,0.0,0.00,0.0,0.0,,0.0
162,24,3.00,7,15.21,23.61,23.52,0.0,0.00,0.0,0.0,,0.0
162,1,4.00,7,15.04,23.21,23.12,0.0,0.00,0.0,0.0,,0.0
162,2,4.00,7,14.76,22.82,22.74,0.0,0.00,0.0,0.0,,0.0
162,3,4.00,7,14.35,22.44,22.36,0.0,0.00,0.0,0.0,,0.0
162,4,4.00,7,14.01,22.07,21.99,0.0,0.00,0.0,0.0,,0.0
162,5,4.00,7,13.91,21.73,21.65,0.0,0.00,0.0,0.0,,0.0
162,6,4.00,7,13.63,21.39,21.31,0.0,0.00,0.0,0.0,,0.0
162,7,4.00,7,13.57,21.08,21.00,0.0,0.00,0.0,0.0,,0.0
162,8,4.00,7,13.29,22.48,22.40,0.0,0.00,0.0,0.0,,0.0
162,9,4.00,7,14.64,23.02,22.94,0.0,0.00,0.0,0.0,,0.0
162,10,4.00,7,14.78,23.36,23.28,0.0,0.00,0.0,0.0,,0.0
162,11,4.00,7,16.50,23.85,23.77,0.0,0.00,0.0,-0.0,,0.0
162,12,4.00,7,17.38,24.43,24.36,0.0,0.00,0.0,-0.0,,0.0
162,13,4.00,7,18.44,25.11,25.04,0.0,0.00,0.0,-0.0,,0.0
162,14,4.00,7,18.86,25.81,25.74,0.0,0.00,0.0,0.0,,0.0
162,15,4.00,7,19.23,26.49,26.42,0.0,0.00,0.0,0.0,,0.0
162,16,4.00,7,18.76,27.04,26.97,0.0,0.00,0.0,0.0,,0.0
162,17,4.00,7,18.48,27.48,27.41,0.0,0.00,0.0,0.0,,0.0
162,18,4.00,7,17.60,27.68,27.61,0.0,0.00,0.0,0.0,,0.0
162,19,4.00,7,16.55,25.95,25.87,0.0,0.00,0.0,0.0,,0.0
162,20,4.00,7,16.25,25.18,25.11,0.0,0.00,0.0,0.0,,0.0
162,21,4.00,7,16.18,24.66,24.59,0.0,0.00,0.0,0.0,,0.0
162,22,4.00,7,16.21,24.22,24.15,0.0,0.00,0.0,0.0,,0.0
162,23,4.00,7,16.22,23.83,23.76,0.0,0.00,0.0,0.0,,0.0
162,24,4.00,7,16.09,23.46,23.39,0.0,0.00,0.0,0.0,,0.0
162,1,5.00,7,16.08,23.12,23.04,0.0,0.00,0.0,0.0,,0.0
162,2,5.00,7,15.93,22.79,22.72,0.0,0.00,0.0,0.0,,0.0
162,3,5.00,7,15.86,22.48,22.41,0.0,0.00,0.0,0.0,,0.0
162,4,5.00,7,15.85,22.20,22.13,0.0,0.00,0.0,0.0,,0.0
162,5,5.00,7,15.82,21.93,21.86,0.0,0.00,0.0,0.0,,0.0
162,6,5.00,7,15.53,21.65,21.59,0.0,0.00,0.0,0.0,,0.0
162,7,5.00,7,15.41,21.40,21.33,0.0,0.00,0.0,0.0,,0.0
162,8,5.00,7,15.21,22.07,22.01,0.0,0.00,0.0,0.0,,0.0
162,9,5.00,7,16.21,22.45,22.39,0.0,0.00,0.0,0.0,,0.0
162,10,5.00,7,16.30,22.70,22.64,0.0,0.00,0.0,0.0,,0.0
162,11,5.00,7,17.49,23.17,23.11,0.0,0.00,0.0,0.0,,0.0
162,12,5.00,7,18.21,23.72,23.66,0.0,0.00,0.0,0.0,,0.0
162,13,5.00,7,18.92,24.33,24.27,0.0,0.00,0.0,0.0,,0.0
162,14,5.00,7,19.09,24.91,24.86,0.0,0.00,0.0,0.0,,0.0
162,15,5.00,7,19.11,25.43,25.38,0.0,0.00,0.0,0.0,,0.0
162,16,5.00,7,18.84,25.83,25.78,0.0,0.00,0.0,0.0,,0.0
162,17,5.00,7,18.68,26.14,25.78,-884.82,0.00,0.0,0.0,,-884.82
162,18,5.00,7,18.01,26.19,25.78,-808.36,0.00,0.0,0.0,,-808.36
162,19,5.00,7,17.11,25.30,25.12,0.0,0.00,0.0,0.0,,0.0
162,20,5.00,7,16.68,24.74,24.61,0.0,0.00,0.0,0.0,,0.0
162,21,5.00,7,16.59,24.29,24.17,0.0,0.00,0.0,0.0,,0.0
162,22,5.00,7,16.61,23.90,23.78,0.0,0.00,0.0,0.0,,0.0
162,23,5.00,7,16.55,23.53,23.42,0.0,0.00,0.0,0.0,,0.0
162,24,5.00,7,16.52,23.19,23.08,0.0,0.00,0.0,0.0,,0.0
162,1,6.00,7,16.56,22.88,22.78,0.0,0.00,0.0,0.0,,0.0
162,2,6.00,7,16.45,22.59,22.49,0.0,0.00,0.0,0.0,,0.0
162,3,6.00,7,16.39,22.31,22.21,0.0,0.00,0.0,0.0,,0.0
162,4,6.00,7,16.48,22.06,21.96,0.0,0.00,0.0,0.0,,0.0
162,5,6.00,7,16.45,21.82,21.73,0.0,0.00,0.0,0.0,,0.0
162,6,6.00,7,16.19,21.58,21.49,0.0,0.00,0.0,0.0,,0.0
162,7,6.00,7,16.07,21.35,21.26,0.0,0.00,0.0,0.0,,0.0
162,8,6.00,7,15.90,22.11,22.03,0.0,0.00,0.0,0.0,,0.0
162,9,6.00,7,16.86,22.53,22.45,0.0,0.00,0.0,0.0,,0.0
162,10,6.00,7,16.70,22.77,22.69,0.0,0.00,0.0,0.0,,0.0
162,11,6.00,7,18.37,23.32,23.25,0.0,0.00,0.0,0.0,,0.0
162,12,6.00,7,18.71,23.85,23.78,0.0,0.00,0.0,0.0,,0.0
162,13,6.00,7,18.91,24.39,24.32,0.0,0.00,0.0,0.0,,0.0
162,14,6.00,7,19.00,24.94,24.87,0.0,0.00,0.0,0.0,,0.0
162,15,6.00,7,18.71,25.40,25.34,0.0,0.00,0.0,0.0,,0.0
162,16,6.00,7,18.27,25.75,25.68,0.0,0.00,0.0,0.0,,0.0
162,17,6.00,7,17.81,25.98,25.78,-383.27,0.00,0.0,0.0,,-383.27
162,18,6.00,7,16.93,25.95,25.78,-221.12,0.00,0.0,0.0,,-221.12
162,19,6.00,7,15.80,25.08,24.97,0.0,0.00,0.0,0.0,,0.0
162,20,6.00,7,15.22,24.48,24.38,0.0,0.00,0.0,0.0,,0.0
162,21,6.00,7,14.92,23.97,23.88,0.0,0.00,0.0,0.0,,0.0
162,22,6.00,7,14.78,23.51,23.42,0.0,0.00,0.0,0.0,,0.0
162,23,6.00,7,14.50,23.07,22.98,0.0,0.00,0.0,0.0,,0.0
162,24,6.00,7,14.38,22.67,22.58,0.0,0.00,0.0,0.0,,0.0
162,1,7.00,7,16.01,22.41,22.33,0.0,0.00,0.0,0.0,,0.0
162,2,7.00,7,15.73,22.12,22.04,0.0,0.00,0.0,0.0,,0.0
162,3,7.00,7,15.55,21.83,21.75,0.0,0.00,0.0,0.0,,0.0
162,4,7.00,7,15.30,21.55,21.48,0.0,0.00,0.0,0.0,,0.0
162,5,7.00,7,15.18,21.29,21.21,0.0,0.00,0.0,0.0,,0.0
162,6,7.00,7,14.94,21.03,20.95,0.0,0.00,0.0,0.0,,0.0
162,7,7.00,7,14.59,20.76,20.69,0.0,0.00,0.0,0.0,,0.0
162,8,7.00,7,14.21,21.39,21.32,0.0,0.00,0.0,0.0,,0.0
162,9,7.00,7,15.16,21.75,21.68,0.0,0.00,0.0,0.0,,0.0
162,10,7.00,7,16.44,22.17,22.11,0.0,0.00,0.0,0.0,,0.0
162,11,7.00,7,18.29,22.80,22.74,0.0,0.00,0.0,0.0,,0.0
162,12,7.00,7,19.37,23.49,23.43,0.0,0.00,0.0,0.0,,0.0
162,13,7.00,7,19.97,24.17,24.11,0.0,0.00,0.0,0.0,,0.0
162,14,7.00,7,20.62,24.89,24.83,0.0,0.00,0.0,0.0,,0.0
162,15,7.00,7,20.44,25.47,25.41,0.0,0.00,0.0,0.0,,0.0
162,16,7.00,7,20.15,25.92,25.78,-251.88,0.00,0.0,0.0,,-251.88
162,17,7.00,7,19.59,26.23,25.78,-1067.97,0.00,0.0,0.0,,-1067.97
162,18,7.00,7,18.81,26.29,25.78,-1016.07,0.00,0.0,0.0,,-1016.07
162,19,7.00,7,17.98,25.37,25.15,0.0,0.00,0.0,0.0,,0.0
162,20,7.00,7,17.48,24.82,24.66,0.0,0.00,0.0,0.0,,0.0
162,21,7.00,7,17.28,24.38,24.24,0.0,0.00,0.0,0.0,,0.0
162,22,7.00,7,17.14,23.99,23.85,0.0,0.00,0.0,0.0,,0.0
162,23,7.00,7,16.86,23.62,23.49,0.0,0.00,0.0,0.0,,0.0
162,24,7.00,7,16.65,23.27,23.14,0.0,0.00,0.0,0.0,,0.0
162,1,1.00,7,16.51,22.94,22.82,0.0,0.00,0.0,0.0,,0.0
162,2,1.00,7,16.14,22.61,22.49,0.0,0.00,0.0,0.0,,0.0
162,3,1.00,7,15.79,22.29,22.18,0.0,0.00,0.0,0.0,,0.0
162,4,1.00,7,15.62,21.99,21.88,0.0,0.00,0.0,0.0,,0.0
162,5,1.00,7,15.69,21.72,21.62,0.0,0.00,0.0,0.0,,0.0
162,6,1.00,7,15.54,21.46,21.36,0.0,0.00,0.0,0.0,,0.0
162,7,1.00,7,15.26,21.20,21.09,0.0,0.00,0.0,0.0,,0.0
162,8,1.00,7,14.98,21.86,21.77,0.0,0.00,0.0,0.0,,0.0
162,9,1.00,7,16.01,22.24,22.16,0.0,0.00,0.0,0.0,,0.0
162,10,1.00,7,17.00,22.63,22.55,0.0,0.00,0.0,0.0,,0.0
162,11,1.00,7,18.64,23.22,23.14,0.0,0.00,0.0,0.0,,0.0
162,12,1.00,7,19.58,23.87,23.79,0.0,0.00,0.0,0.0,,0.0
162,13,1.00,7,20.13,24.52,24.44,0.0,0.00,0.0,0.0,,0.0
162,14,1.00,7,20.61,25.19,25.12,0.0,0.00,0.0,0.0,,0.0
162,15,1.00,7,20.39,25.74,25.67,0.0,0.00,0.0,0.0,,0.0
162,16,1.00,7,20.01,26.16,25.78,-900.45,0.00,0.0,0.0,,-900.45
162,17,1.00,7,19.55,26.45,25.78,-1517.85,0.00,0.0,0.0,,-1517.85
162,18,1.00,7,18.78,26.50,25.78,-1396.36,0.00,0.0,0.0,,-1396.36
162,19,1.00,7,17.92,25.59,25.26,0.0,0.00,0.0,0.0,,0.0
162,20,1.00,7,17.48,25.03,24.80,0.0,0.00,0.0,0.0,,0.0
162,21,1.00,7,17.30,24.58,24.38,0.0,0.00,0.0,0.0,,0.0
162,22,1.00,7,17.08,24.17,23.98,0.0,0.00,0.0,0.0,,0.0
162,23,1.00,7,16.79,23.79,23.60,0.0,0.00,0.0,0.0,,0.0
162,24,1.00,7,16.50,23.42,23.24,0.0,0.00,0.0,0.0,,0.0
162,1,2.00,7,16.31,23.07,22.90,0.0,0.00,0.0,0.0,,0.0
162,2,2.00,7,16.03,22.74,22.57,0.0,0.00,0.0,0.0,,0.0
162,3,2.00,7,15.90,22.42,22.27,0.0,0.00,0.0,0.0,,0.0
162,4,2.00,7,15.81,22.13,21.98,0.0,0.00,0.0,0.0,,0.0
162,5,2.00,7,15.81,21.85,21.71,0.0,0.00,0.0,0.0,,0.0
162,6,2.00,7,15.48,21.58,21.43,0.0,0.00,0.0,0.0,,0.0
162,7,2.00,7,15.18,21.30,21.16,0.0,0.00,0.0,0.0,,0.0
162,8,2.00,7,14.76,21.92,21.80,0.0,0.00,0.0,0.0,,0.0
162,9,2.00,7,15.38,22.22,22.10,0.0,0.00,0.0,0.0,,0.0
162,10,2.00,7,16.21,22.54,22.43,0.0,0.00,0.0,0.0,,0.0
162,11,2.00,7,17.81,23.08,22.98,0.0,0.00,0.0,0.0,,0.0
162,12,2.00,7,18.80,23.70,23.60,0.0,0.00,0.0,0.0,,0.0
162,13,2.00,7,19.45,24.34,24.24,0.0,0.00,0.0,0.0,,0.0
162,14,2.00,7,19.85,24.98,24.89,0.0,0.00,0.0,0.0,,0.0
162,15,2.00,7,20.19,25.59,25.50,0.0,0.00,0.0,0.0,,0.0
162,16,2.00,7,20.00,26.05,25.78,-525.19,0.00,0.0,0.0,,-525.19
162,17,2.00,7,19.55,26.36,25.78,-1286.26,0.00,0.0,0.0,,-1286.26
162,18,2.00,7,18.80,26.42,25.78,-1214.23,0.00,0.0,0.0,,-1214.23
162,19,2.00,7,18.26,25.52,25.23,0.0,0.00,0.0,0.0,,0.0
162,20,2.00,7,17.81,24.98,24.77,0.0,0.00,0.0,0.0,,0.0
162,21,2.00,7,17.73,24.56,24.37,0.0,0.00,0.0,0.0,,0.0
162,22,2.00,7,17.67,24.18,24.00,0.0,0.00,0.0,0.0,,0.0
162,23,2.00,7,17.50,23.83,23.66,0.0,0.00,0.0,0.0,,0.0
162,24,2.00,7,17.35,23.50,23.33,0.0,0.00,0.0,0.0,,0.0
162,1,3.00,7,17.33,23.19,23.04,0.0,0.00,0.0,0.0,,0.0
162,2,3.00,7,17.23,22.91,22.75,0.0,0.00,0.0,0.0,,0.0
162,3,3.00,7,17.11,22.63,22.49,0.0,0.00,0.0,0.0,,0.0
162,4,3.00,7,16.97,22.37,22.23,0.0,0.00,0.0,0.0,,0.0
162,5,3.00,7,16.94,22.13,21.99,0.0,0.00,0.0,0.0,,0.0
162,6,3.00,7,16.79,21.89,21.76,0.0,0.00,0.0,0.0,,0.0
162,7,3.00,7,16.56,21.66,21.52,0.0,0.00,0.0,0.0,,0.0
162,8,3.00,7,16.19,23.13,23.00,0.0,0.00,0.0,0.0,,0.0
162,9,3.00,7,16.61,23.67,23.55,0.0,0.00,0.0,-0.0,,0.0
162,10,3.00,7,17.18,24.07,23.95,0.0,0.00,0.0,-0.0,,0.0
162,11,3.00,7,18.25,24.55,24.44,0.0,0.00,0.0,-0.0,,0.0
162,12,3.00,7,18.74,25.13,25.02,0.0,0.00,0.0,-0.0,,0.0
162,13,3.00,7,19.39,25.78,25.67,0.0,0.00,0.0,-0.0,,0.0
162,14,3.00,7,19.67,26.45,26.35,0.0,0.00,0.0,0.0,,0.0
162,15,3.00,7,19.91,27.11,27.00,0.0,0.00,0.0,0.0,,0.0
162,16,3.00,7,19.66,27.65,27.55,0.0,0.00,0.0,0.0,,0.0
162,17,3.00,7,19.22,28.07,27.98,0.0,0.00,0.0,0.0,,0.0
162,18,3.00,7,18.39,28.26,28.17,0.0,0.00,0.0,0.0,,0.0
162,19,3.00,7,17.60,26.54,26.45,0.0,0.00,0.0,0.0,,0.0
162,20,3.00,7,17.12,25.77,25.67,0.0,0.00,0.0,0.0,,0.0
162,21,3.00,7,17.01,25.23,25.14,0.0,0.00,0.0,0.0,,0.0
162,22,3.00,7,17.08,24.79,24.71,0.0,0.00,0.0,0.0,,0.0
162,23,3.00,7,16.94,24.39,24.30,0.0,0.00,0.0,0.0,,0.0
162,24,3.00,7,16.75,24.00,23.92,0.0,0.00,0.0,0.0,,0.0
162,1,4.00,7,16.66,23.65,23.56,0.0,0.00,0.0,0.0,,0.0
162,2,4.00,7,16.49,23.30,23.22,0.0,0.00,0.0,0.0,,0.0
162,3,4.00,7,16.31,22.98,22.90,0.0,0.00,0.0,0.0,,0.0
162,4,4.00,7,16.15,22.67,22.59,0.0,0.00,0.0,0.0,,0.0
162,5,4.00,7,16.02,22.37,22.29,0.0,0.00,0.0,0.0,,0.0
162,6,4.00,7,15.76,22.08,22.00,0.0,0.00,0.0,0.0,,0.0
162,7,4.00,7,15.53,21.79,21.72,0.0,0.00,0.0,0.0,,0.0
162,8,4.00,7,15.27,23.23,23.15,0.0,0.00,0.0,0.0,,0.0
162,9,4.00,7,16.04,23.76,23.68,0.0,0.00,0.0,0.0,,0.0
162,10,4.00,7,17.00,24.16,24.09,0.0,0.00,0.0,-0.0,,0.0
162,11,4.00,7,18.46,24.67,24.60,0.0,0.00,0.0,-0.0,,0.0
162,12,4.00,7,19.20,25.27,25.20,0.0,0.00,0.0,-0.0,,0.0
162,13,4.00,7,19.73,25.93,25.86,0.0,0.00,0.0,-0.0,,0.0
162,14,4.00,7,20.33,26.64,26.57,0.0,0.00,0.0,0.0,,0.0
162,15,4.00,7,20.29,27.29,27.23,0.0,0.00,0.0,0.0,,0.0
162,16,4.00,7,20.15,27.85,27.79,0.0,0.00,0.0,0.0,,0.0
162,17,4.00,7,19.67,28.28,28.22,0.0,0.00,0.0,0.0,,0.0
162,18,4.00,7,19.02,28.49,28.43,0.0,0.00,0.0,0.0,,0.0
162,19,4.00,7,18.39,26.80,26.73,0.0,0.00,0.0,0.0,,0.0
162,20,4.00,7,18.03,26.05,25.99,0.0,0.00,0.0,0.0,,0.0
162,21,4.00,7,18.00,25.55,25.49,0.0,0.00,0.0,0.0,,0.0
162,22,4.00,7,17.98,25.13,25.07,0.0,0.00,0.0,0.0,,0.0
162,23,4.00,7,17.83,24.74,24.68,0.0,0.00,0.0,0.0,,0.0
162,24,4.00,7,17.69,24.37,24.31,0.0,0.00,0.0,0.0,,0.0
162,1,5.00,7,17.59,24.03,23.97,0.0,0.00,0.0,0.0,,0.0
162,2,5.00,7,17.38,23.70,23.65,0.0,0.00,0.0,0.0,,0.0
162,3,5.00,7,17.29,23.40,23.34,0.0,0.00,0.0,0.0,,0.0
162,4,5.00,7,17.17,23.10,23.05,0.0,0.00,0.0,0.0,,0.0
162,5,5.00,7,17.01,22.82,22.77,0.0,0.00,0.0,0.0,,0.0
162,6,5.00,7,16.83,22.55,22.49,0.0,0.00,0.0,0.0,,0.0
162,7,5.00,7,16.47,22.27,22.22,0.0,0.00,0.0,0.0,,0.0
162,8,5.00,7,16.17,22.93,22.88,0.0,0.00,0.0,0.0,,0.0
162,9,5.00,7,16.64,23.22,23.17,0.0,0.00,0.0,0.0,,0.0
162,10,5.00,7,17.27,23.51,23.47,0.0,0.00,0.0,0.0,,0.0
162,11,5.00,7,18.54,23.99,23.95,0.0,0.00,0.0,0.0,,0.0
162,12,5.00,7,18.94,24.49,24.45,0.0,0.00,0.0,0.0,,0.0
162,13,5.00,7,19.23,25.02,24.97,0.0,0.00,0.0,0.0,,0.0
162,14,5.00,7,19.34,25.55,25.50,0.0,0.00,0.0,0.0,,0.0
162,15,5.00,7,19.14,26.00,25.78,-519.64,0.00,0.0,0.0,,-519.64
162,16,5.00,7,18.98,26.37,25.78,-1457.96,0.00,0.0,0.0,,-1457.96
162,17,5.00,7,18.48,26.60,25.78,-1800.87,0.00,0.0,0.0,,-1800.87
162,18,5.00,7,17.80,26.60,25.78,-1556.07,0.00,0.0,0.0,,-1556.07
162,19,5.00,7,17.07,25.74,25.38,0.0,0.00,0.0,0.0,,0.0
162,20,5.00,7,16.70,25.17,24.91,0.0,0.00,0.0,0.0,,0.0
162,21,5.00,7,16.60,24.69,24.47,0.0,0.00,0.0,0.0,,0.0
162,22,5.00,7,16.61,24.27,24.06,0.0,0.00,0.0,0.0,,0.0
162,23,5.00,7,16.50,23.88,23.68,0.0,0.00,0.0,0.0,,0.0
162,24,5.00,7,16.35,23.51,23.32,0.0,0.00,0.0,0.0,,0.0
162,1,6.00,7,16.32,23.17,22.99,0.0,0.00,0.0,0.0,,0.0
162,2,6.00,7,16.24,22.85,22.67,0.0,0.00,0.0,0.0,,0.0
162,3,6.00,7,16.07,22.54,22.37,0.0,0.00,0.0,0.0,,0.0
162,4,6.00,7,15.80,22.24,22.07,0.0,0.00,0.0,0.0,,0.0
162,5,6.00,7,15.71,21.95,21.80,0.0,0.00,0.0,0.0,,0.0
162,6,6.00,7,15.56,21.68,21.53,0.0,0.00,0.0,0.0,,0.0
162,7,6.00,7,15.26,21.41,21.26,0.0,0.00,0.0,0.0,,0.0
162,8,6.00,7,15.09,22.06,21.93,0.0,0.00,0.0,0.0,,0.0
162,9,6.00,7,15.92,22.41,22.28,0.0,0.00,0.0,0.0,,0.0
162,10,6.00,7,16.54,22.72,22.60,0.0,0.00,0.0,0.0,,0.0
162,11,6.00,7,18.02,23.25,23.14,0.0,0.00,0.0,0.0,,0.0
162,12,6.00,7,18.74,23.82,23.72,0.0,0.00,0.0,0.0,,0.0
162,13,6.00,7,19.40,24.45,24.35,0.0,0.00,0.0,0.0,,0.0
162,14,6.00,7,19.61,25.05,24.95,0.0,0.00,0.0,0.0,,0.0
162,15,6.00,7,19.81,25.62,25.52,0.0,0.00,0.0,0.0,,0.0
162,16,6.00,7,19.49,26.03,25.78,-466.68,0.00,0.0,0.0,,-466.68
162,17,6.00,7,19.04,26.31,25.78,-1161.52,0.00,0.0,0.0,,-1161.52
162,18,6.00,7,18.10,26.32,25.78,-959.03,0.00,0.0,0.0,,-959.03
162,19,6.00,7,17.16,25.42,25.16,0.0,0.00,0.0,0.0,,0.0
162,20,6.00,7,16.84,24.86,24.66,0.0,0.00,0.0,0.0,,0.0
162,21,6.00,7,16.78,24.40,24.23,0.0,0.00,0.0,0.0,,0.0
162,22,6.00,7,16.77,24.00,23.84,0.0,0.00,0.0,0.0,,0.0
162,23,6.00,7,16.58,23.62,23.46,0.0,0.00,0.0,0.0,,0.0
162,24,6.00,7,16.50,23.27,23.12,0.0,0.00,0.0,0.0,,0.0
162,1,7.00,7,16.56,22.96,22.81,0.0,0.00,0.0,0.0,,0.0
162,2,7.00,7,16.28,22.64,22.50,0.0,0.00,0.0,0.0,,0.0
162,3,7.00,7,15.84,22.32,22.19,0.0,0.00,0.0,0.0,,0.0
162,4,7.00,7,15.60,22.02,21.89,0.0,0.00,0.0,0.0,,0.0
162,5,7.00,7,15.45,21.73,21.60,0.0,0.00,0.0,0.0,,0.0
162,6,7.00,7,15.56,21.48,21.35,0.0,0.00,0.0,0.0,,0.0
162,7,7.00,7,15.41,21.22,21.10,0.0,0.00,0.0,0.0,,0.0
162,8,7.00,7,15.10,21.90,21.79,0.0,0.00,0.0,0.0,,0.0
162,9,7.00,7,15.60,22.20,22.10,0.0,0.00,0.0,0.0,,0.0
162,10,7.00,7,15.66,22.42,22.33,0.0,0.00,0.0,0.0,,0.0
162,11,7.00,7,17.51,22.97,22.88,0.0,0.00,0.0,0.0,,0.0
162,12,7.00,7,18.41,23.57,23.48,0.0,0.00,0.0,0.0,,0.0
162,13,7.00,7,19.23,24.22,24.13,0.0,0.00,0.0,0.0,,0.0
162,14,7.00,7,19.62,24.85,24.77,0.0,0.00,0.0,0.0,,0.0
162,15,7.00,7,19.57,25.40,25.32,0.0,0.00,0.0,0.0,,0.0
162,16,7.00,7,19.26,25.81,25.73,0.0,0.00,0.0,0.0,,0.0
162,17,7.00,7,18.94,26.11,25.78,-748.16,0.00,0.0,0.0,,-748.16
162,18,7.00,7,18.29,26.18,25.78,-745.93,0.00,0.0,0.0,,-745.93
162,19,7.00,7,17.56,25.28,25.09,0.0,0.00,0.0,0.0,,0.0
162,20,7.00,7,17.21,24.74,24.60,0.0,0.00,0.0,0.0,,0.0
162,21,7.00,7,17.24,24.31,24.18,0.0,0.00,0.0,0.0,,0.0
162,22,7.00,7,17.40,23.95,23.83,0.0,0.00,0.0,0.0,,0.0
162,23,7.00,7,17.35,23.61,23.49,0.0,0.00,0.0,0.0,,0.0
162,24,7.00,7,17.17,23.28,23.17,0.0,0.00,0.0,0.0,,0.0
162,1,1.00,7,16.99,22.97,22.86,0.0,0.00,0.0,0.0,,0.0
162,2,1.00,7,16.66,22.67,22.56,0.0,0.00,0.0,0.0,,0.0
162,3,1.00,7,16.39,22.37,22.27,0.0,0.00,0.0,0.0,,0.0
162,4,1.00,7,16.22,22.09,21.99,0.0,0.00,0.0,0.0,,0.0
162,5,1.00,7,16.08,21.82,21.73,0.0,0.00,0.0,0.0,,0.0
162,6,1.00,7,15.95,21.57,21.47,0.0,0.00,0.0,0.0,,0.0
162,7,1.00,7,16.04,21.34,21.25,0.0,0.00,0.0,0.0,,0.0
162,8,1.00,7,15.97,22.11,22.03,0.0,0.00,0.0,0.0,,0.0
162,9,1.00,7,16.58,22.47,22.40,0.0,0.00,0.0,0.0,,0.0
162,10,1.00,7,16.71,22.74,22.66,0.0,0.00,0.0,0.0,,0.0
162,11,1.00,7,18.40,23.29,23.22,0.0,0.00,0.0,0.0,,0.0
162,12,1.00,7,18.69,23.82,23.75,0.0,0.00,0.0,0.0,,0.0
162,13,1.00,7,18.75,24.33,24.27,0.0,0.00,0.0,0.0,,0.0
162,14,1.00,7,18.75,24.86,24.79,0.0,0.00,0.0,0.0,,0.0
162,15,1.00,7,18.78,25.36,25.29,0.0,0.00,0.0,0.0,,0.0
162,16,1.00,7,18.69,25.76,25.70,0.0,0.00,0.0,0.0,,0.0
162,17,1.00,7,18.39,26.04,25.78,-583.26,0.00,0.0,0.0,,-583.26
162,18,1.00,7,17.84,26.10,25.78,-595.31,0.00,0.0,0.0,,-595.31
162,19,1.00,7,17.30,25.23,25.08,0.0,0.00,0.0,0.0,,0.0
162,20,1.00,7,17.06,24.70,24.58,0.0,0.00,0.0,0.0,,0.0
162,21,1.00,7,17.13,24.27,24.17,0.0,0.00,0.0,0.0,,0.0
162,22,1.00,7,17.22,23.90,23.80,0.0,0.00,0.0,0.0,,0.0
162,23,1.00,7,17.11,23.55,23.46,0.0,0.00,0.0,0.0,,0.0
162,24,1.00,7,17.04,23.23,23.13,0.0,0.00,0.0,0.0,,0.0
162,1,2.00,7,16.97,22.92,22.83,0.0,0.00,0.0,0.0,,0.0
162,2,2.00,7,16.79,22.63,22.54,0.0,0.00,0.0,0.0,,0.0
162,3,2.00,7,16.55,22.35,22.26,0.0,0.00,0.0,0.0,,0.0
162,4,2.00,7,16.49,22.08,22.00,0.0,0.00,0.0,0.0,,0.0
162,5,2.00,7,16.21,21.82,21.74,0.0,0.00,0.0,0.0,,0.0
162,6,2.00,7,15.90,21.55,21.47,0.0,0.00,0.0,0.0,,0.0
162,7,2.00,7,15.95,21.32,21.24,0.0,0.00,0.0,0.0,,0.0
162,8,2.00,7,15.92,22.09,22.02,0.0,0.00,0.0,0.0,,0.0
162,9,2.00,7,16.70,22.48,22.41,0.0,0.00,0.0,0.0,,0.0
162,10,2.00,7,17.67,22.88,22.81,0.0,0.00,0.0,0.0,,0.0
162,11,2.00,7,18.91,23.42,23.36,0.0,0.00,0.0,0.0,,0.0
162,12,2.00,7,18.91,23.91,23.85,0.0,0.00,0.0,0.0,,0.0
162,13,2.00,7,19.33,24.48,24.42,0.0,0.00,0.0,0.0,,0.0
162,14,2.00,7,19.48,25.06,25.00,0.0,0.00,0.0,0.0,,0.0
162,15,2.00,7,19.47,25.57,25.52,0.0,0.00,0.0,0.0,,0.0
162,16,2.00,7,19.36,26.00,25.78,-476.14,0.00,0.0,0.0,,-476.14
162,17,2.00,7,18.93,26.27,25.78,-1156.76,0.00,0.0,0.0,,-1156.76
162,18,2.00,7,18.28,26.32,25.78,-1062.48,0.00,0.0,0.0,,-1062.48
162,19,2.00,7,17.56,25.43,25.19,0.0,0.00,0.0,0.0,,0.0
162,20,2.00,7,17.20,24.88,24.71,0.0,0.00,0.0,0.0,,0.0
162,21,2.00,7,17.18,24.44,24.29,0.0,0.00,0.0,0.0,,0.0
162,22,2.00,7,17.17,24.05,23.91,0.0,0.00,0.0,0.0,,0.0
162,23,2.00,7,17.06,23.69,23.55,0.0,0.00,0.0,0.0,,0.0
162,24,2.00,7,16.88,23.34,23.22,0.0,0.00,0.0,0.0,,0.0
162,1,3.00,7,16.70,23.02,22.89,0.0,0.00,0.0,0.0,,0.0
162,2,3.00,7,16.51,22.71,22.59,0.0,0.00,0.0,0.0,,0.0
162,3,3.00,7,16.41,22.41,22.30,0.0,0.00,0.0,0.0,,0.0
162,4,3.00,7,16.37,22.14,22.03,0.0,0.00,0.0,0.0,,0.0
162,5,3.00,7,16.34,21.89,21.78,0.0,0.00,0.0,0.0,,0.0
162,6,3.00,7,16.14,21.63,21.53,0.0,0.00,0.0,0.0,,0.0
162,7,3.00,7,16.20,21.41,21.30,0.0,0.00,0.0,0.0,,0.0
162,8,3.00,7,16.13,22.90,22.80,0.0,0.00,0.0,0.0,,0.0
162,9,3.00,7,16.64,23.46,23.37,0.0,0.00,0.0,-0.0,,0.0
162,10,3.00,7,16.54,23.82,23.73,0.0,0.00,0.0,-0.0,,0.0
162,11,3.00,7,17.68,24.30,24.21,0.0,0.00,0.0,-0.0,,0.0
162,12,3.00,7,18.27,24.87,24.78,0.0,0.00,0.0,-0.0,,0.0
162,13,3.00,7,18.68,25.49,25.41,0.0,0.00,0.0,-0.0,,0.0
162,14,3.00,7,18.70,26.14,26.05,0.0,0.00,0.0,0.0,,0.0
162,15,3.00,7,18.47,26.73,26.65,0.0,0.00,0.0,0.0,,0.0
162,16,3.00,7,18.23,27.23,27.16,0.0,0.00,0.0,0.0,,0.0
162,17,3.00,7,18.08,27.64,27.56,0.0,0.00,0.0,0.0,,0.0
162,18,3.00,7,17.52,27.83,27.75,0.0,0.00,0.0,0.0,,0.0
162,19,3.00,7,17.00,26.11,26.04,0.0,0.00,0.0,0.0,,0.0
162,20,3.00,7,16.69,25.35,25.28,0.0,0.00,0.0,0.0,,0.0
162,21,3.00,7,16.70,24.84,24.77,0.0,0.00,0.0,0.0,,0.0
162,22,3.00,7,16.86,24.41,24.35,0.0,0.00,0.0,0.0,,0.0
162,23,3.00,7,16.99,24.04,23.97,0.0,0.00,0.0,0.0,,0.0
162,24,3.00,7,16.94,23.69,23.62,0.0,0.00,0.0,0.0,,0.0
162,1,4.00,7,17.02,23.37,23.30,0.0,0.00,0.0,0.0,,0.0
162,2,4.00,7,17.02,23.07,23.00,0.0,0.00,0.0,0.0,,0.0
162,3,4.00,7,17.08,22.79,22.73,0.0,0.00,0.0,0.0,,0.0
162,4,4.00,7,16.98,22.53,22.47,0.0,0.00,0.0,0.0,,0.0
162,5,4.00,7,16.92,22.28,22.22,0.0,0.00,0.0,0.0,,0.0
162,6,4.00,7,16.68,22.02,21.97,0.0,0.00,0.0,0.0,,0.0
162,7,4.00,7,16.51,21.78,21.72,0.0,0.00,0.0,0.0,,0.0
162,8,4.00,7,16.15,23.25,23.19,0.0,0.00,0.0,0.0,,0.0
162,9,4.00,7,16.52,23.78,23.72,0.0,0.00,0.0,0.0,,0.0
162,10,4.00,7,17.75,24.21,24.16,0.0,0.00,0.0,-0.0,,0.0
162,11,4.00,7,18.75,24.71,24.66,0.0,0.00,0.0,-0.0,,0.0
162,12,4.00,7,19.44,25.31,25.26,0.0,0.00,0.0,-0.0,,0.0
162,13,4.00,7,20.36,26.00,25.95,0.0,0.00,0.0,-0.0,,0.0
162,14,4.00,7,20.68,26.71,26.66,0.0,0.00,0.0,0.0,,0.0
162,15,4.00,7,20.55,27.36,27.31,0.0,0.00,0.0,0.0,,0.0
162,16,4.00,7,20.27,27.91,27.86,0.0,0.00,0.0,0.0,,0.0
162,17,4.00,7,19.70,28.33,28.28,0.0,0.00,0.0,0.0,,0.0
162,18,4.00,7,18.98,28.53,28.48,0.0,0.00,0.0,0.0,,0.0
162,19,4.00,7,18.28,26.82,26.77,0.0,0.00,0.0,0.0,,0.0
162,20,4.00,7,17.73,26.05,26.00,0.0,0.00,0.0,0.0,,0.0
162,21,4.00,7,17.47,25.52,25.47,0.0,0.00,0.0,0.0,,0.0
162,22,4.00,7,17.44,25.07,25.02,0.0,0.00,0.0,0.0,,0.0
162,23,4.00,7,17.17,24.65,24.60,0.0,0.00,0.0,0.0,,0.0
162,24,4.00,7,16.85,24.25,24.20,0.0,0.00,0.0,0.0,,0.0
162,1,5.00,7,16.64,23.87,23.82,0.0,0.00,0.0,0.0,,0.0
162,2,5.00,7,16.36,23.50,23.45,0.0,0.00,0.0,0.0,,0.0
162,3,5.00,7,16.16,23.15,23.11,0.0,0.00,0.0,0.0,,0.0
162,4,5.00,7,15.91,22.82,22.77,0.0,0.00,0.0,0.0,,0.0
162,5,5.00,7,15.58,22.48,22.44,0.0,0.00,0.0,0.0,,0.0
162,6,5.00,7,15.01,22.14,22.10,0.0,0.00,0.0,0.0,,0.0
162,7,5.00,7,14.84,21.82,21.78,0.0,0.00,0.0,0.0,,0.0
162,8,5.00,7,14.68,22.36,22.32,0.0,0.00,0.0,0.0,,0.0
162,9,5.00,7,15.45,22.65,22.61,0.0,0.00,0.0,0.0,,0.0
162,10,5.00,7,16.63,23.00,22.96,0.0,0.00,0.0,0.0,,0.0
162,11,5.00,7,17.70,23.46,23.42,0.0,0.00,0.0,0.0,,0.0
162,12,5.00,7,18.54,24.02,23.98,0.0,0.00,0.0,0.0,,0.0
162,13,5.00,7,19.16,24.61,24.58,0.0,0.00,0.0,0.0,,0.0
162,14,5.00,7,19.60,25.23,25.19,0.0,0.00,0.0,0.0,,0.0
162,15,5.00,7,19.75,25.78,25.74,0.0,0.00,0.0,0.0,,0.0
162,16,5.00,7,19.66,26.21,25.78,-1157.86,0.00,0.0,0.0,,-1157.86
162,17,5.00,7,19.24,26.50,25.78,-1682.44,0.00,0.0,0.0,,-1682.44
162,18,5.00,7,18.90,26.60,25.78,-1700.42,0.00,0.0,0.0,,-1700.42
162,19,5.00,7,18.34,25.71,25.38,0.0,0.00,0.0,0.0,,0.0
162,20,5.00,7,17.95,25.18,24.95,0.0,0.00,0.0,0.0,,0.0
162,21,5.00,7,17.80,24.74,24.55,0.0,0.00,0.0,0.0,,0.0
162,22,5.00,7,17.81,24.36,24.18,0.0,0.00,0.0,0.0,,0.0
162,23,5.00,7,17.78,24.02,23.85,0.0,0.00,0.0,0.0,,0.0
162,24,5.00,7,17.93,23.71,23.55,0.0,0.00,0.0,0.0,,0.0
162,1,6.00,7,18.10,23.43,23.28,0.0,0.00,0.0,0.0,,0.0
162,2,6.00,7,18.42,23.20,23.05,0.0,0.00,0.0,0.0,,0.0
162,3,6.00,7,18.39,22.96,22.82,0.0,0.00,0.0,0.0,,0.0
162,4,6.00,7,18.31,22.74,22.60,0.0,0.00,0.0,0.0,,0.0
162,5,6.00,7,17.83,22.50,22.37,0.0,0.00,0.0,0.0,,0.0
162,6,6.00,7,17.43,22.25,22.13,0.0,0.00,0.0,0.0,,0.0
162,7,6.00,7,17.43,22.04,21.91,0.0,0.00,0.0,0.0,,0.0
162,8,6.00,7,17.44,22.90,22.79,0.0,0.00,0.0,0.0,,0.0
162,9,6.00,7,18.09,23.30,23.20,0.0,0.00,0.0,0.0,,0.0
162,10,6.00,7,18.70,23.66,23.56,0.0,0.00,0.0,0.0,,0.0
162,11,6.00,7,19.23,24.09,23.99,0.0,0.00,0.0,0.0,,0.0
162,12,6.00,7,19.62,24.60,24.51,0.0,0.00,0.0,0.0,,0.0
162,13,6.00,7,19.91,25.14,25.06,0.0,0.00,0.0,0.0,,0.0
162,14,6.00,7,19.78,25.65,25.57,0.0,0.00,0.0,0.0,,0.0
162,15,6.00,7,19.54,26.11,25.78,-720.88,0.00,0.0,0.0,,-720.88
162,16,6.00,7,19.06,26.43,25.78,-1490.94,0.00,0.0,0.0,,-1490.94
162,17,6.00,7,18.67,26.66,25.78,-1876.47,0.00,0.0,0.0,,-1876.47
162,18,6.00,7,17.90,26.65,25.78,-1592.59,0.00,0.0,0.0,,-1592.59
162,19,6.00,7,17.03,25.77,25.37,0.0,0.00,0.0,0.0,,0.0
162,20,6.00,7,16.47,25.18,24.88,0.0,0.00,0.0,0.0,,0.0
162,21,6.00,7,16.18,24.67,24.41,0.0,0.00,0.0,0.0,,0.0
162,22,6.00,7,16.15,24.23,23.99,0.0,0.00,0.0,0.0,,0.0
162,23,6.00,7,16.07,23.82,23.59,0.0,0.00,0.0,0.0,,0.0
162,24,6.00,7,15.71,23.42,23.20,0.0,0.00,0.0,0.0,,0.0
162,1,7.00,7,15.50,23.04,22.83,0.0,0.00,0.0,0.0,,0.0
162,2,7.00,7,15.04,22.66,22.46,0.0,0.00,0.0,0.0,,0.0
162,3,7.00,7,14.65,22.29,22.10,0.0,0.00,0.0,0.0,,0.0
162,4,7.00,7,14.38,21.94,21.75,0.0,0.00,0.0,0.0,,0.0
162,5,7.00,7,14.13,21.60,21.42,0.0,0.00,0.0,0.0,,0.0
162,6,7.00,7,14.07,21.29,21.11,0.0,0.00,0.0,0.0,,0.0
162,7,7.00,7,13.77,20.97,20.81,0.0,0.00,0.0,0.0,,0.0
162,8,7.00,7,13.35,21.46,21.31,0.0,0.00,0.0,0.0,,0.0
162,9,7.00,7,13.19,21.58,21.45,0.0,0.00,0.0,0.0,,0.0
162,10,7.00,7,14.20,21.85,21.72,0.0,0.00,0.0,0.0,,0.0
162,11,7.00,7,15.98,22.36,22.24,0.0,0.00,0.0,0.0,,0.0
162,12,7.00,7,17.46,23.01,22.89,0.0,0.00,0.0,0.0,,0.0
162,13,7.00,7,18.96,23.77,23.66,0.0,0.00,0.0,0.0,,0.0
162,14,7.00,7,19.70,24.49,24.39,0.0,0.00,0.0,0.0,,0.0
162,15,7.00,7,20.32,25.18,25.08,0.0,0.00,0.0,0.0,,0.0
162,16,7.00,7,20.22,25.70,25.60,0.0,0.00,0.0,0.0,,0.0
162,17,7.00,7,19.84,26.05,25.78,-522.84,0.00,0.0,0.0,,-522.84
162,18,7.00,7,19.07,26.15,25.78,-678.82,0.00,0.0,0.0,,-678.82
162,19,7.00,7,18.41,25.23,25.04,0.0,0.00,0.0,0.0,,0.0
162,20,7.00,7,18.13,24.71,24.57,0.0,0.00,0.0,0.0,,0.0
162,21,7.00,7,18.04,24.31,24.18,0.0,0.00,0.0,0.0,,0.0
162,22,7.00,7,17.99,23.96,23.84,0.0,0.00,0.0,0.0,,0.0
162,23,7.00,7,17.90,23.64,23.52,0.0,0.00,0.0,0.0,,0.0
162,24,7.00,7,17.83,23.34,23.22,0.0,0.00,0.0,0.0,,0.0
162,1,1.00,8,17.93,23.07,22.96,0.0,0.00,0.0,0.0,,0.0
162,2,1.00,8,17.84,22.81,22.70,0.0,0.00,0.0,0.0,,0.0
162,3,1.00,8,17.60,22.56,22.45,0.0,0.00,0.0,0.0,,0.0
162,4,1.00,8,17.37,22.31,22.20,0.0,0.00,0.0,0.0,,0.0
162,5,1.00,8,17.14,22.06,21.97,0.0,0.00,0.0,0.0,,0.0
162,6,1.00,8,17.13,21.84,21.75,0.0,0.00,0.0,0.0,,0.0
162,7,1.00,8,17.12,21.64,21.54,0.0,0.00,0.0,0.0,,0.0
162,8,1.00,8,17.12,22.54,22.46,0.0,0.00,0.0,0.0,,0.0
162,9,1.00,8,17.14,22.89,22.81,0.0,0.00,0.0,0.0,,0.0
162,10,1.00,8,17.08,23.17,23.09,0.0,0.00,0.0,0.0,,0.0
162,11,1.00,8,18.13,23.66,23.59,0.0,0.00,0.0,0.0,,0.0
162,12,1.00,8,18.77,24.21,24.14,0.0,0.00,0.0,0.0,,0.0
162,13,1.00,8,19.72,24.85,24.79,0.0,0.00,0.0,0.0,,0.0
162,14,1.00,8,19.60,25.38,25.32,0.0,0.00,0.0,0.0,,0.0
162,15,1.00,8,19.46,25.85,25.79,0.0,0.00,0.0,0.0,,0.0
162,16,1.00,8,19.31,26.24,26.18,0.0,0.00,0.0,0.0,,0.0
162,17,1.00,8,19.24,26.55,26.23,-745.97,0.00,0.0,0.0,,-745.97
162,18,1.00,8,18.66,26.63,26.23,-789.3,0.00,0.0,0.0,,-789.3
162,19,1.00,8,17.95,25.75,25.57,0.0,0.00,0.0,0.0,,0.0
162,20,1.00,8,17.71,25.21,25.08,0.0,0.00,0.0,0.0,,0.0
162,21,1.00,8,17.57,24.76,24.65,0.0,0.00,0.0,0.0,,0.0
162,22,1.00,8,17.65,24.38,24.27,0.0,0.00,0.0,0.0,,0.0
162,23,1.00,8,17.83,24.04,23.94,0.0,0.00,0.0,0.0,,0.0
162,24,1.00,8,17.92,23.73,23.63,0.0,0.00,0.0,0.0,,0.0
162,1,2.00,8,17.92,23.44,23.34,0.0,0.00,0.0,0.0,,0.0
162,2,2.00,8,17.74,23.16,23.06,0.0,0.00,0.0,0.0,,0.0
162,3,2.00,8,17.79,22.90,22.81,0.0,0.00,0.0,0.0,,0.0
162,4,2.00,8,17.80,22.66,22.57,0.0,0.00,0.0,0.0,,0.0
162,5,2.00,8,17.49,22.41,22.33,0.0,0.00,0.0,0.0,,0.0
162,6,2.00,8,16.93,22.15,22.07,0.0,0.00,0.0,0.0,,0.0
162,7,2.00,8,16.52,21.89,21.81,0.0,0.00,0.0,0.0,,0.0
162,8,2.00,8,16.11,22.61,22.54,0.0,0.00,0.0,0.0,,0.0
162,9,2.00,8,16.42,22.93,22.86,0.0,0.00,0.0,0.0,,0.0
162,10,2.00,8,17.40,23.33,23.27,0.0,0.00,0.0,0.0,,0.0
162,11,2.00,8,18.41,23.85,23.79,0.0,0.00,0.0,0.0,,0.0
162,12,2.00,8,18.88,24.37,24.31,0.0,0.00,0.0,0.0,,0.0
162,13,2.00,8,19.36,24.94,24.88,0.0,0.00,0.0,0.0,,0.0
162,14,2.00,8,19.45,25.47,25.42,0.0,0.00,0.0,0.0,,0.0
162,15,2.00,8,19.30,25.93,25.87,0.0,0.00,0.0,0.0,,0.0
162,16,2.00,8,19.04,26.29,26.23,-23.18,0.00,0.0,0.0,,-23.18
162,17,2.00,8,18.75,26.54,26.23,-745.83,0.00,0.0,0.0,,-745.83
162,18,2.00,8,18.14,26.59,26.23,-694.86,0.00,0.0,0.0,,-694.86
162,19,2.00,8,17.47,25.73,25.57,0.0,0.00,0.0,0.0,,0.0
162,20,2.00,8,17.15,25.18,25.06,0.0,0.00,0.0,0.0,,0.0
162,21,2.00,8,16.95,24.71,24.61,0.0,0.00,0.0,0.0,,0.0
162,22,2.00,8,17.01,24.30,24.20,0.0,0.00,0.0,0.0,,0.0
162,23,2.00,8,17.26,23.95,23.85,0.0,0.00,0.0,0.0,,0.0
162,24,2.00,8,17.43,23.63,23.54,0.0,0.00,0.0,0.0,,0.0
162,1,3.00,8,17.42,23.32,23.23,0.0,0.00,0.0,0.0,,0.0
162,2,3.00,8,17.29,23.03,22.95,0.0,0.00,0.0,0.0,,0.0
162,3,3.00,8,17.04,22.75,22.66,0.0,0.00,0.0,0.0,,0.0
162,4,3.00,8,17.07,22.49,22.40,0.0,0.00,0.0,0.0,,0.0
162,5,3.00,8,16.79,22.22,22.14,0.0,0.00,0.0,0.0,,0.0
162,6,3.00,8,16.46,21.96,21.88,0.0,0.00,0.0,0.0,,0.0
162,7,3.00,8,16.35,21.71,21.64,0.0,0.00,0.0,0.0,,0.0
162,8,3.00,8,16.20,23.22,23.15,0.0,0.00,0.0,0.0,,0.0
162,9,3.00,8,16.77,23.80,23.73,0.0,0.00,0.0,-0.0,,0.0
162,10,3.00,8,17.08,24.25,24.18,0.0,0.00,0.0,-0.0,,0.0
162,11,3.00,8,17.77,24.75,24.69,0.0,0.00,0.0,-0.0,,0.0
162,12,3.00,8,17.88,25.29,25.23,0.0,0.00,0.0,-0.0,,0.0
162,13,3.00,8,18.40,25.90,25.83,0.0,0.00,0.0,0.0,,0.0
162,14,3.00,8,18.55,26.51,26.45,0.0,0.00,0.0,0.0,,0.0
162,15,3.00,8,18.27,27.06,27.00,0.0,0.00,0.0,0.0,,0.0
162,16,3.00,8,18.23,27.55,27.49,0.0,0.00,0.0,0.0,,0.0
162,17,3.00,8,17.89,27.92,27.86,0.0,0.00,0.0,0.0,,0.0
162,18,3.00,8,17.34,28.10,28.05,0.0,0.00,0.0,0.0,,0.0
162,19,3.00,8,16.78,26.38,26.32,0.0,0.00,0.0,0.0,,0.0
162,20,3.00,8,16.54,25.60,25.55,0.0,0.00,0.0,0.0,,0.0
162,21,3.00,8,16.61,25.08,25.02,0.0,0.00,0.0,0.0,,0.0
162,22,3.00,8,16.72,24.64,24.58,0.0,0.00,0.0,0.0,,0.0
162,23,3.00,8,16.77,24.24,24.19,0.0,0.00,0.0,0.0,,0.0
162,24,3.00,8,16.61,23.86,23.81,0.0,0.00,0.0,0.0,,0.0
162,1,4.00,8,16.73,23.52,23.47,0.0,0.00,0.0,0.0,,0.0
162,2,4.00,8,16.79,23.21,23.16,0.0,0.00,0.0,0.0,,0.0
162,3,4.00,8,16.59,22.90,22.85,0.0,0.00,0.0,0.0,,0.0
162,4,4.00,8,16.60,22.62,22.57,0.0,0.00,0.0,0.0,,0.0
162,5,4.00,8,16.29,22.33,22.28,0.0,0.00,0.0,0.0,,0.0
162,6,4.00,8,16.17,22.06,22.01,0.0,0.00,0.0,0.0,,0.0
162,7,4.00,8,16.07,21.80,21.76,0.0,0.00,0.0,0.0,,0.0
162,8,4.00,8,16.17,23.31,23.27,0.0,0.00,0.0,0.0,,0.0
162,9,4.00,8,16.48,23.88,23.83,0.0,0.00,0.0,0.0,,0.0
162,10,4.00,8,16.78,24.31,24.26,0.0,0.00,0.0,-0.0,,0.0
162,11,4.00,8,17.50,24.80,24.76,0.0,0.00,0.0,-0.0,,0.0
162,12,4.00,8,17.92,25.35,25.31,0.0,0.00,0.0,-0.0,,0.0
162,13,4.00,8,18.29,25.95,25.91,0.0,0.00,0.0,0.0,,0.0
162,14,4.00,8,18.28,26.55,26.50,0.0,0.00,0.0,0.0,,0.0
162,15,4.00,8,18.08,27.09,27.05,0.0,0.00,0.0,0.0,,0.0
162,16,4.00,8,18.08,27.58,27.54,0.0,0.00,0.0,0.0,,0.0
162,17,4.00,8,17.64,27.93,27.89,0.0,0.00,0.0,0.0,,0.0
162,18,4.00,8,17.08,28.11,28.07,0.0,0.00,0.0,0.0,,0.0
162,19,4.00,8,16.63,26.38,26.34,0.0,0.00,0.0,0.0,,0.0
162,20,4.00,8,16.48,25.61,25.57,0.0,0.00,0.0,0.0,,0.0
162,21,4.00,8,16.43,25.07,25.04,0.0,0.00,0.0,0.0,,0.0
162,22,4.00,8,16.49,24.62,24.59,0.0,0.00,0.0,0.0,,0.0
162,23,4.00,8,16.78,24.24,24.20,0.0,0.00,0.0,0.0,,0.0
162,24,4.00,8,16.89,23.88,23.84,0.0,0.00,0.0,0.0,,0.0
162,1,5.00,8,16.92,23.55,23.51,0.0,0.00,0.0,0.0,,0.0
162,2,5.00,8,16.96,23.24,23.21,0.0,0.00,0.0,0.0,,0.0
162,3,5.00,8,16.95,22.96,22.92,0.0,0.00,0.0,0.0,,0.0
162,4,5.00,8,17.11,22.70,22.66,0.0,0.00,0.0,0.0,,0.0
162,5,5.00,8,17.31,22.46,22.43,0.0,0.00,0.0,0.0,,0.0
162,6,5.00,8,17.48,22.25,22.22,0.0,0.00,0.0,0.0,,0.0
162,7,5.00,8,17.40,22.04,22.01,0.0,0.00,0.0,0.0,,0.0
162,8,5.00,8,17.08,22.88,22.85,0.0,0.00,0.0,0.0,,0.0
162,9,5.00,8,17.02,23.19,23.16,0.0,0.00,0.0,0.0,,0.0
162,10,5.00,8,16.48,23.37,23.34,0.0,0.00,0.0,0.0,,0.0
162,11,5.00,8,17.10,23.75,23.72,0.0,0.00,0.0,0.0,,0.0
162,12,5.00,8,17.75,24.23,24.20,0.0,0.00,0.0,0.0,,0.0
162,13,5.00,8,17.81,24.69,24.66,0.0,0.00,0.0,0.0,,0.0
162,14,5.00,8,18.45,25.23,25.20,0.0,0.00,0.0,0.0,,0.0
162,15,5.00,8,18.36,25.67,25.64,0.0,0.00,0.0,0.0,,0.0
162,16,5.00,8,18.48,26.07,26.04,0.0,0.00,0.0,0.0,,0.0
162,17,5.00,8,18.01,26.29,26.23,-90.76,0.00,0.0,0.0,,-90.76
162,18,5.00,8,17.73,26.37,26.23,-294.16,0.00,0.0,0.0,,-294.16
162,19,5.00,8,16.94,25.52,25.45,0.0,0.00,0.0,0.0,,0.0
162,20,5.00,8,16.49,24.95,24.91,0.0,0.00,0.0,0.0,,0.0
162,21,5.00,8,16.29,24.48,24.43,0.0,0.00,0.0,0.0,,0.0
162,22,5.00,8,16.10,24.04,24.00,0.0,0.00,0.0,0.0,,0.0
162,23,5.00,8,16.10,23.65,23.61,0.0,0.00,0.0,0.0,,0.0
162,24,5.00,8,16.04,23.28,23.24,0.0,0.00,0.0,0.0,,0.0
162,1,6.00,8,16.26,22.96,22.92,0.0,0.00,0.0,0.0,,0.0
162,2,6.00,8,16.41,22.67,22.63,0.0,0.00,0.0,0.0,,0.0
162,3,6.00,8,16.39,22.39,22.35,0.0,0.00,0.0,0.0,,0.0
162,4,6.00,8,15.93,22.09,22.05,0.0,0.00,0.0,0.0,,0.0
162,5,6.00,8,15.91,21.82,21.79,0.0,0.00,0.0,0.0,,0.0
162,6,6.00,8,16.18,21.59,21.56,0.0,0.00,0.0,0.0,,0.0
162,7,6.00,8,16.20,21.38,21.34,0.0,0.00,0.0,0.0,,0.0
162,8,6.00,8,16.11,22.19,22.16,0.0,0.00,0.0,0.0,,0.0
162,9,6.00,8,16.43,22.55,22.52,0.0,0.00,0.0,0.0,,0.0
162,10,6.00,8,17.71,23.03,23.00,0.0,0.00,0.0,0.0,,0.0
162,11,6.00,8,18.80,23.61,23.58,0.0,0.00,0.0,0.0,,0.0
162,12,6.00,8,19.72,24.24,24.21,0.0,0.00,0.0,0.0,,0.0
162,13,6.00,8,19.22,24.72,24.69,0.0,0.00,0.0,0.0,,0.0
162,14,6.00,8,19.72,25.31,25.28,0.0,0.00,0.0,0.0,,0.0
162,15,6.00,8,19.65,25.81,25.78,0.0,0.00,0.0,0.0,,0.0
162,16,6.00,8,19.73,26.25,26.23,0.0,0.00,0.0,0.0,,0.0
162,17,6.00,8,19.10,26.50,26.23,-700.58,0.00,0.0,0.0,,-700.58
162,18,6.00,8,18.49,26.56,26.23,-703.85,0.00,0.0,0.0,,-703.85
162,19,6.00,8,17.82,25.69,25.55,0.0,0.00,0.0,0.0,,0.0
162,20,6.00,8,17.50,25.15,25.05,0.0,0.00,0.0,0.0,,0.0
162,21,6.00,8,17.31,24.70,24.62,0.0,0.00,0.0,0.0,,0.0
162,22,6.00,8,17.31,24.30,24.22,0.0,0.00,0.0,0.0,,0.0
162,23,6.00,8,17.06,23.92,23.85,0.0,0.00,0.0,0.0,,0.0
162,24,6.00,8,16.76,23.56,23.49,0.0,0.00,0.0,0.0,,0.0
162,1,7.00,8,16.23,23.19,23.12,0.0,0.00,0.0,0.0,,0.0
162,2,7.00,8,15.63,22.82,22.75,0.0,0.00,0.0,0.0,,0.0
162,3,7.00,8,15.15,22.46,22.39,0.0,0.00,0.0,0.0,,0.0
162,4,7.00,8,14.78,22.10,22.04,0.0,0.00,0.0,0.0,,0.0
162,5,7.00,8,14.32,21.75,21.69,0.0,0.00,0.0,0.0,,0.0
162,6,7.00,8,13.99,21.42,21.36,0.0,0.00,0.0,0.0,,0.0
162,7,7.00,8,13.54,21.08,21.02,0.0,0.00,0.0,0.0,,0.0
162,8,7.00,8,13.14,21.55,21.50,0.0,0.00,0.0,0.0,,0.0
162,9,7.00,8,14.03,21.84,21.80,0.0,0.00,0.0,0.0,,0.0
162,10,7.00,8,15.82,22.33,22.29,0.0,0.00,0.0,0.0,,0.0
162,11,7.00,8,17.40,22.94,22.90,0.0,0.00,0.0,0.0,,0.0
162,12,7.00,8,18.16,23.54,23.50,0.0,0.00,0.0,0.0,,0.0
162,13,7.00,8,18.70,24.15,24.11,0.0,0.00,0.0,0.0,,0.0
162,14,7.00,8,19.48,24.81,24.77,0.0,0.00,0.0,0.0,,0.0
162,15,7.00,8,19.56,25.37,25.33,0.0,0.00,0.0,0.0,,0.0
162,16,7.00,8,19.62,25.84,25.80,0.0,0.00,0.0,0.0,,0.0
162,17,7.00,8,19.07,26.13,26.09,0.0,0.00,0.0,0.0,,0.0
162,18,7.00,8,18.47,26.22,26.18,0.0,0.00,0.0,0.0,,0.0
162,19,7.00,8,17.76,25.34,25.30,0.0,0.00,0.0,0.0,,0.0
162,20,7.00,8,17.40,24.80,24.76,0.0,0.00,0.0,0.0,,0.0
162,21,7.00,8,17.35,24.38,24.34,0.0,0.00,0.0,0.0,,0.0
162,22,7.00,8,17.40,24.01,23.97,0.0,0.00,0.0,0.0,,0.0
162,23,7.00,8,17.28,23.66,23.62,0.0,0.00,0.0,0.0,,0.0
162,24,7.00,8,16.91,23.31,23.28,0.0,0.00,0.0,0.0,,0.0
162,1,1.00,8,16.79,22.99,22.96,0.0,0.00,0.0,0.0,,0.0
162,2,1.00,8,16.53,22.68,22.65,0.0,0.00,0.0,0.0,,0.0
162,3,1.00,8,16.17,22.37,22.34,0.0,0.00,0.0,0.0,,0.0
162,4,1.00,8,16.07,22.09,22.05,0.0,0.00,0.0,0.0,,0.0
162,5,1.00,8,15.81,21.81,21.77,0.0,0.00,0.0,0.0,,0.0
162,6,1.00,8,15.87,21.56,21.52,0.0,0.00,0.0,0.0,,0.0
162,7,1.00,8,15.75,21.31,21.28,0.0,0.00,0.0,0.0,,0.0
162,8,1.00,8,15.80,22.10,22.07,0.0,0.00,0.0,0.0,,0.0
162,9,1.00,8,16.47,22.49,22.46,0.0,0.00,0.0,0.0,,0.0
162,10,1.00,8,17.49,22.95,22.92,0.0,0.00,0.0,0.0,,0.0
162,11,1.00,8,18.65,23.52,23.49,0.0,0.00,0.0,0.0,,0.0
162,12,1.00,8,19.09,24.08,24.06,0.0,0.00,0.0,0.0,,0.0
162,13,1.00,8,19.10,24.61,24.58,0.0,0.00,0.0,0.0,,0.0
162,14,1.00,8,19.42,25.18,25.15,0.0,0.00,0.0,0.0,,0.0
162,15,1.00,8,19.27,25.65,25.63,0.0,0.00,0.0,0.0,,0.0
162,16,1.00,8,19.20,26.06,26.04,0.0,0.00,0.0,0.0,,0.0
162,17,1.00,8,18.67,26.30,26.23,-147.21,0.00,0.0,0.0,,-147.21
162,18,1.00,8,18.03,26.36,26.23,-256.81,0.00,0.0,0.0,,-256.81
162,19,1.00,8,17.25,25.49,25.43,0.0,0.00,0.0,0.0,,0.0
162,20,1.00,8,16.78,24.92,24.88,0.0,0.00,0.0,0.0,,0.0
162,21,1.00,8,16.59,24.46,24.41,0.0,0.00,0.0,0.0,,0.0
162,22,1.00,8,16.48,24.04,24.00,0.0,0.00,0.0,0.0,,0.0
162,23,1.00,8,16.20,23.64,23.60,0.0,0.00,0.0,0.0,,0.0
162,24,1.00,8,15.93,23.26,23.22,0.0,0.00,0.0,0.0,,0.0
162,1,2.00,8,15.72,22.89,22.86,0.0,0.00,0.0,0.0,,0.0
162,2,2.00,8,15.33,22.54,22.50,0.0,0.00,0.0,0.0,,0.0
162,3,2.00,8,14.90,22.18,22.15,0.0,0.00,0.0,0.0,,0.0
162,4,2.00,8,14.54,21.84,21.80,0.0,0.00,0.0,0.0,,0.0
162,5,2.00,8,14.10,21.50,21.46,0.0,0.00,0.0,0.0,,0.0
162,6,2.00,8,13.89,21.17,21.14,0.0,0.00,0.0,0.0,,0.0
162,7,2.00,8,13.79,20.87,20.84,0.0,0.00,0.0,0.0,,0.0
162,8,2.00,8,13.60,21.44,21.41,0.0,0.00,0.0,0.0,,0.0
162,9,2.00,8,14.20,21.73,21.70,0.0,0.00,0.0,0.0,,0.0
162,10,2.00,8,15.60,22.17,22.14,0.0,0.00,0.0,0.0,,0.0
162,11,2.00,8,17.60,22.84,22.81,0.0,0.00,0.0,0.0,,0.0
162,12,2.00,8,18.62,23.50,23.47,0.0,0.00,0.0,0.0,,0.0
162,13,2.00,8,18.97,24.11,24.08,0.0,0.00,0.0,0.0,,0.0
162,14,2.00,8,19.35,24.73,24.70,0.0,0.00,0.0,0.0,,0.0
162,15,2.00,8,19.26,25.25,25.22,0.0,0.00,0.0,0.0,,0.0
162,16,2.00,8,19.09,25.67,25.65,0.0,0.00,0.0,0.0,,0.0
162,17,2.00,8,18.52,25.93,25.90,0.0,0.00,0.0,0.0,,0.0
162,18,2.00,8,17.86,25.99,25.97,0.0,0.00,0.0,0.0,,0.0
162,19,2.00,8,16.97,25.12,25.09,0.0,0.00,0.0,0.0,,0.0
162,20,2.00,8,16.38,24.55,24.52,0.0,0.00,0.0,0.0,,0.0
162,21,2.00,8,16.16,24.08,24.06,0.0,0.00,0.0,0.0,,0.0
162,22,2.00,8,15.92,23.66,23.63,0.0,0.00,0.0,0.0,,0.0
162,23,2.00,8,15.51,23.25,23.22,0.0,0.00,0.0,0.0,,0.0
162,24,2.00,8,15.03,22.84,22.82,0.0,0.00,0.0,0.0,,0.0
162,1,3.00,8,14.95,22.48,22.45,0.0,0.00,0.0,0.0,,0.0
162,2,3.00,8,14.84,22.13,22.10,0.0,0.00,0.0,0.0,,0.0
162,3,3.00,8,14.62,21.80,21.77,0.0,0.00,0.0,0.0,,0.0
162,4,3.00,8,14.48,21.48,21.45,0.0,0.00,0.0,0.0,,0.0
162,5,3.00,8,14.13,21.16,21.14,0.0,0.00,0.0,0.0,,0.0
162,6,3.00,8,14.15,20.88,20.85,0.0,0.00,0.0,0.0,,0.0
162,7,3.00,8,14.11,20.61,20.59,0.0,0.00,0.0,0.0,,0.0
162,8,3.00,8,14.17,22.11,22.08,0.0,0.00,0.0,0.0,,0.0
162,9,3.00,8,14.61,22.67,22.64,0.0,0.00,0.0,0.0,,0.0
162,10,3.00,8,15.22,23.11,23.09,0.0,0.00,0.0,-0.0,,0.0
162,11,3.00,8,16.70,23.67,23.64,0.0,0.00,0.0,-0.0,,0.0
162,12,3.00,8,17.27,24.27,24.24,0.0,0.00,0.0,-0.0,,0.0
162,13,3.00,8,17.54,24.90,24.87,0.0,0.00,0.0,-0.0,,0.0
162,14,3.00,8,17.77,25.54,25.51,0.0,0.00,0.0,0.0,,0.0
162,15,3.00,8,17.65,26.13,26.10,0.0,0.00,0.0,0.0,,0.0
162,16,3.00,8,17.70,26.66,26.63,0.0,0.00,0.0,0.0,,0.0
162,17,3.00,8,17.36,27.05,27.03,0.0,0.00,0.0,0.0,,0.0
162,18,3.00,8,17.00,27.28,27.26,0.0,0.00,0.0,0.0,,0.0
162,19,3.00,8,16.38,25.59,25.56,0.0,0.00,0.0,0.0,,0.0
162,20,3.00,8,16.03,24.83,24.81,0.0,0.00,0.0,0.0,,0.0
162,21,3.00,8,15.93,24.32,24.29,0.0,0.00,0.0,0.0,,0.0
162,22,3.00,8,15.85,23.88,23.85,0.0,0.00,0.0,0.0,,0.0
162,23,3.00,8,15.66,23.47,23.45,0.0,0.00,0.0,0.0,,0.0
162,24,3.00,8,15.49,23.09,23.06,0.0,0.00,0.0,0.0,,0.0
162,1,4.00,8,15.52,22.74,22.71,0.0,0.00,0.0,0.0,,0.0
162,2,4.00,8,15.29,22.40,22.37,0.0,0.00,0.0,0.0,,0.0
162,3,4.00,8,15.11,22.07,22.05,0.0,0.00,0.0,0.0,,0.0
162,4,4.00,8,15.02,21.77,21.74,0.0,0.00,0.0,0.0,,0.0
162,5,4.00,8,14.89,21.47,21.45,0.0,0.00,0.0,0.0,,0.0
162,6,4.00,8,14.93,21.21,21.18,0.0,0.00,0.0,0.0,,0.0
162,7,4.00,8,14.95,20.96,20.93,0.0,0.00,0.0,0.0,,0.0
162,8,4.00,8,14.62,22.44,22.42,0.0,0.00,0.0,0.0,,0.0
162,9,4.00,8,15.16,23.01,22.98,0.0,0.00,0.0,0.0,,0.0
162,10,4.00,8,14.87,23.39,23.37,0.0,0.00,0.0,-0.0,,0.0
162,11,4.00,8,16.19,23.90,23.88,0.0,0.00,0.0,-0.0,,0.0
162,12,4.00,8,16.96,24.48,24.45,0.0,0.00,0.0,-0.0,,0.0
162,13,4.00,8,17.12,25.07,25.05,0.0,0.00,0.0,0.0,,0.0
162,14,4.00,8,17.08,25.67,25.65,0.0,0.00,0.0,0.0,,0.0
162,15,4.00,8,17.13,26.23,26.21,0.0,0.00,0.0,0.0,,0.0
162,16,4.00,8,17.08,26.73,26.70,0.0,0.00,0.0,0.0,,0.0
162,17,4.00,8,16.72,27.10,27.07,0.0,0.00,0.0,0.0,,0.0
162,18,4.00,8,16.21,27.28,27.26,0.0,0.00,0.0,0.0,,0.0
162,19,4.00,8,15.72,25.57,25.54,0.0,0.00,0.0,0.0,,0.0
162,20,4.00,8,15.33,24.79,24.77,0.0,0.00,0.0,0.0,,0.0
162,21,4.00,8,15.32,24.25,24.23,0.0,0.00,0.0,0.0,,0.0
162,22,4.00,8,15.43,23.81,23.79,0.0,0.00,0.0,0.0,,0.0
162,23,4.00,8,15.33,23.40,23.38,0.0,0.00,0.0,0.0,,0.0
162,24,4.00,8,15.18,23.01,22.99,0.0,0.00,0.0,0.0,,0.0
162,1,5.00,8,15.03,22.64,22.62,0.0,0.00,0.0,0.0,,0.0
162,2,5.00,8,15.12,22.31,22.29,0.0,0.00,0.0,0.0,,0.0
162,3,5.00,8,15.01,21.99,21.97,0.0,0.00,0.0,0.0,,0.0
162,4,5.00,8,15.03,21.70,21.68,0.0,0.00,0.0,0.0,,0.0
162,5,5.00,8,14.84,21.41,21.39,0.0,0.00,0.0,0.0,,0.0
162,6,5.00,8,15.04,21.16,21.13,0.0,0.00,0.0,0.0,,0.0
162,7,5.00,8,14.71,20.89,20.87,0.0,0.00,0.0,0.0,,0.0
162,8,5.00,8,14.65,21.59,21.57,0.0,0.00,0.0,0.0,,0.0
162,9,5.00,8,15.37,21.96,21.95,0.0,0.00,0.0,0.0,,0.0
162,10,5.00,8,14.88,22.16,22.15,0.0,0.00,0.0,0.0,,0.0
162,11,5.00,8,15.94,22.61,22.60,0.0,0.00,0.0,0.0,,0.0
162,12,5.00,8,17.81,23.31,23.29,0.0,0.00,0.0,0.0,,0.0
162,13,5.00,8,17.63,23.82,23.80,0.0,0.00,0.0,0.0,,0.0
162,14,5.00,8,17.86,24.35,24.33,0.0,0.00,0.0,0.0,,0.0
162,15,5.00,8,17.82,24.82,24.80,0.0,0.00,0.0,0.0,,0.0
162,16,5.00,8,17.91,25.24,25.22,0.0,0.00,0.0,0.0,,0.0
162,17,5.00,8,17.33,25.47,25.45,0.0,0.00,0.0,0.0,,0.0
162,18,5.00,8,16.67,25.50,25.49,0.0,0.00,0.0,0.0,,0.0
162,19,5.00,8,16.05,24.68,24.66,0.0,0.00,0.0,0.0,,0.0
162,20,5.00,8,15.78,24.14,24.12,0.0,0.00,0.0,0.0,,0.0
162,21,5.00,8,15.87,23.70,23.68,0.0,0.00,0.0,0.0,,0.0
162,22,5.00,8,16.03,23.32,23.30,0.0,0.00,0.0,0.0,,0.0
162,23,5.00,8,15.99,22.96,22.94,0.0,0.00,0.0,0.0,,0.0
162,24,5.00,8,15.92,22.63,22.61,0.0,0.00,0.0,0.0,,0.0
162,1,6.00,8,15.88,22.32,22.30,0.0,0.00,0.0,0.0,,0.0
162,2,6.00,8,15.80,22.03,22.01,0.0,0.00,0.0,0.0,,0.0
162,3,6.00,8,15.79,21.75,21.73,0.0,0.00,0.0,0.0,,0.0
162,4,6.00,8,15.96,21.51,21.49,0.0,0.00,0.0,0.0,,0.0
162,5,6.00,8,16.04,21.29,21.27,0.0,0.00,0.0,0.0,,0.0
162,6,6.00,8,15.95,21.07,21.05,0.0,0.00,0.0,0.0,,0.0
162,7,6.00,8,15.95,20.86,20.84,0.0,0.00,0.0,0.0,,0.0
162,8,6.00,8,15.97,21.73,21.72,0.0,0.00,0.0,0.0,,0.0
162,9,6.00,8,16.80,22.20,22.18,0.0,0.00,0.0,0.0,,0.0
162,10,6.00,8,16.60,22.50,22.48,0.0,0.00,0.0,0.0,,0.0
162,11,6.00,8,18.07,23.09,23.07,0.0,0.00,0.0,0.0,,0.0
162,12,6.00,8,18.81,23.69,23.68,0.0,0.00,0.0,0.0,,0.0
162,13,6.00,8,18.85,24.24,24.22,0.0,0.00,0.0,0.0,,0.0
162,14,6.00,8,18.91,24.78,24.76,0.0,0.00,0.0,0.0,,0.0
162,15,6.00,8,18.81,25.26,25.24,0.0,0.00,0.0,0.0,,0.0
162,16,6.00,8,18.70,25.66,25.65,0.0,0.00,0.0,0.0,,0.0
162,17,6.00,8,18.27,25.92,25.90,0.0,0.00,0.0,0.0,,0.0
162,18,6.00,8,17.65,25.98,25.96,0.0,0.00,0.0,0.0,,0.0
162,19,6.00,8,16.94,25.12,25.10,0.0,0.00,0.0,0.0,,0.0
162,20,6.00,8,16.55,24.57,24.55,0.0,0.00,0.0,0.0,,0.0
162,21,6.00,8,16.66,24.13,24.11,0.0,0.00,0.0,0.0,,0.0
162,22,6.00,8,16.75,23.75,23.73,0.0,0.00,0.0,0.0,,0.0
162,23,6.00,8,16.73,23.40,23.38,0.0,0.00,0.0,0.0,,0.0
162,24,6.00,8,16.64,23.06,23.05,0.0,0.00,0.0,0.0,,0.0
162,1,7.00,8,16.66,22.76,22.74,0.0,0.00,0.0,0.0,,0.0
162,2,7.00,8,16.59,22.47,22.45,0.0,0.00,0.0,0.0,,0.0
162,3,7.00,8,16.61,22.21,22.19,0.0,0.00,0.0,0.0,,0.0
162,4,7.00,8,16.57,21.96,21.94,0.0,0.00,0.0,0.0,,0.0
162,5,7.00,8,16.50,21.72,21.70,0.0,0.00,0.0,0.0,,0.0
162,6,7.00,8,16.17,21.47,21.45,0.0,0.00,0.0,0.0,,0.0
162,7,7.00,8,16.07,21.24,21.22,0.0,0.00,0.0,0.0,,0.0
162,8,7.00,8,15.87,22.04,22.02,0.0,0.00,0.0,0.0,,0.0
162,9,7.00,8,16.35,22.41,22.40,0.0,0.00,0.0,0.0,,0.0
162,10,7.00,8,16.29,22.69,22.68,0.0,0.00,0.0,0.0,,0.0
162,11,7.00,8,17.67,23.24,23.22,0.0,0.00,0.0,0.0,,0.0
162,12,7.00,8,18.36,23.80,23.78,0.0,0.00,0.0,0.0,,0.0
162,13,7.00,8,18.48,24.33,24.31,0.0,0.00,0.0,0.0,,0.0
162,14,7.00,8,18.42,24.82,24.81,0.0,0.00,0.0,0.0,,0.0
162,15,7.00,8,18.49,25.30,25.28,0.0,0.00,0.0,0.0,,0.0
162,16,7.00,8,18.42,25.69,25.68,0.0,0.00,0.0,0.0,,0.0
162,17,7.00,8,18.02,25.94,25.93,0.0,0.00,0.0,0.0,,0.0
162,18,7.00,8,17.46,26.00,25.98,0.0,0.00,0.0,0.0,,0.0
162,19,7.00,8,16.73,25.15,25.13,0.0,0.00,0.0,0.0,,0.0
162,20,7.00,8,16.32,24.59,24.57,0.0,0.00,0.0,0.0,,0.0
162,21,7.00,8,16.37,24.14,24.13,0.0,0.00,0.0,0.0,,0.0
162,22,7.00,8,16.46,23.75,23.73,0.0,0.00,0.0,0.0,,0.0
162,23,7.00,8,16.60,23.40,23.38,0.0,0.00,0.0,0.0,,0.0
162,24,7.00,8,16.57,23.06,23.05,0.0,0.00,0.0,0.0,,0.0
162,1,1.00,8,16.68,22.77,22.75,0.0,0.00,0.0,0.0,,0.0
162,2,1.00,8,16.71,22.49,22.47,0.0,0.00,0.0,0.0,,0.0
162,3,1.00,8,16.90,22.24,22.22,0.0,0.00,0.0,0.0,,0.0
162,4,1.00,8,17.12,22.02,22.00,0.0,0.00,0.0,0.0,,0.0
162,5,1.00,8,17.22,21.82,21.80,0.0,0.00,0.0,0.0,,0.0
162,6,1.00,8,17.01,21.60,21.59,0.0,0.00,0.0,0.0,,0.0
162,7,1.00,8,16.85,21.40,21.38,0.0,0.00,0.0,0.0,,0.0
162,8,1.00,8,16.71,22.28,22.27,0.0,0.00,0.0,0.0,,0.0
162,9,1.00,8,17.27,22.71,22.69,0.0,0.00,0.0,0.0,,0.0
162,10,1.00,8,17.74,23.10,23.08,0.0,0.00,0.0,0.0,,0.0
162,11,1.00,8,18.69,23.63,23.62,0.0,0.00,0.0,0.0,,0.0
162,12,1.00,8,19.08,24.17,24.16,0.0,0.00,0.0,0.0,,0.0
162,13,1.00,8,19.08,24.69,24.67,0.0,0.00,0.0,0.0,,0.0
162,14,1.00,8,19.12,25.20,25.19,0.0,0.00,0.0,0.0,,0.0
162,15,1.00,8,19.11,25.68,25.66,0.0,0.00,0.0,0.0,,0.0
162,16,1.00,8,18.94,26.06,26.05,0.0,0.00,0.0,0.0,,0.0
162,17,1.00,8,18.38,26.28,26.23,-108.26,0.00,0.0,0.0,,-108.26
162,18,1.00,8,17.71,26.31,26.23,-170.54,0.00,0.0,0.0,,-170.54
162,19,1.00,8,16.91,25.45,25.41,0.0,0.00,0.0,0.0,,0.0
162,20,1.00,8,16.54,24.89,24.86,0.0,0.00,0.0,0.0,,0.0
162,21,1.00,8,16.48,24.42,24.40,0.0,0.00,0.0,0.0,,0.0
162,22,1.00,8,16.51,24.01,23.99,0.0,0.00,0.0,0.0,,0.0
162,23,1.00,8,16.48,23.63,23.61,0.0,0.00,0.0,0.0,,0.0
162,24,1.00,8,16.41,23.28,23.26,0.0,0.00,0.0,0.0,,0.0
162,1,2.00,8,16.44,22.96,22.93,0.0,0.00,0.0,0.0,,0.0
162,2,2.00,8,16.26,22.64,22.62,0.0,0.00,0.0,0.0,,0.0
162,3,2.00,8,16.08,22.34,22.32,0.0,0.00,0.0,0.0,,0.0
162,4,2.00,8,16.06,22.06,22.04,0.0,0.00,0.0,0.0,,0.0
162,5,2.00,8,15.98,21.80,21.77,0.0,0.00,0.0,0.0,,0.0
162,6,2.00,8,15.94,21.55,21.53,0.0,0.00,0.0,0.0,,0.0
162,7,2.00,8,15.84,21.31,21.29,0.0,0.00,0.0,0.0,,0.0
162,8,2.00,8,15.68,22.08,22.06,0.0,0.00,0.0,0.0,,0.0
162,9,2.00,8,16.41,22.48,22.46,0.0,0.00,0.0,0.0,,0.0
162,10,2.00,8,16.73,22.82,22.80,0.0,0.00,0.0,0.0,,0.0
162,11,2.00,8,18.06,23.38,23.36,0.0,0.00,0.0,0.0,,0.0
162,12,2.00,8,18.36,23.90,23.88,0.0,0.00,0.0,0.0,,0.0
162,13,2.00,8,18.29,24.38,24.37,0.0,0.00,0.0,0.0,,0.0
162,14,2.00,8,18.45,24.90,24.88,0.0,0.00,0.0,0.0,,0.0
162,15,2.00,8,18.35,25.35,25.33,0.0,0.00,0.0,0.0,,0.0
162,16,2.00,8,18.16,25.71,25.69,0.0,0.00,0.0,0.0,,0.0
162,17,2.00,8,17.65,25.92,25.91,0.0,0.00,0.0,0.0,,0.0
162,18,2.00,8,17.05,25.95,25.94,0.0,0.00,0.0,0.0,,0.0
162,19,2.00,8,16.42,25.13,25.11,0.0,0.00,0.0,0.0,,0.0
162,20,2.00,8,16.07,24.57,24.55,0.0,0.00,0.0,0.0,,0.0
162,21,2.00,8,15.98,24.11,24.09,0.0,0.00,0.0,0.0,,0.0
162,22,2.00,8,16.11,23.70,23.69,0.0,0.00,0.0,0.0,,0.0
162,23,2.00,8,16.21,23.34,23.32,0.0,0.00,0.0,0.0,,0.0
162,24,2.00,8,16.04,22.98,22.97,0.0,0.00,0.0,0.0,,0.0
162,1,3.00,8,16.96,22.73,22.71,0.0,0.00,0.0,0.0,,0.0
162,2,3.00,8,16.58,22.44,22.42,0.0,0.00,0.0,0.0,,0.0
162,3,3.00,8,16.24,22.15,22.14,0.0,0.00,0.0,0.0,,0.0
162,4,3.00,8,16.05,21.88,21.86,0.0,0.00,0.0,0.0,,0.0
162,5,3.00,8,15.88,21.62,21.60,0.0,0.00,0.0,0.0,,0.0
162,6,3.00,8,15.80,21.37,21.36,0.0,0.00,0.0,0.0,,0.0
162,7,3.00,8,15.87,21.15,21.13,0.0,0.00,0.0,0.0,,0.0
162,8,3.00,8,15.86,22.68,22.66,0.0,0.00,0.0,0.0,,0.0
162,9,3.00,8,16.29,23.28,23.26,0.0,0.00,0.0,0.0,,0.0
162,10,3.00,8,17.24,23.77,23.76,0.0,0.00,0.0,-0.0,,0.0
162,11,3.00,8,18.58,24.37,24.35,0.0,0.00,0.0,-0.0,,0.0
162,12,3.00,8,19.37,25.02,25.00,0.0,0.00,0.0,-0.0,,0.0
162,13,3.00,8,19.70,25.69,25.67,0.0,0.00,0.0,0.0,,0.0
162,14,3.00,8,20.17,26.39,26.38,0.0,0.00,0.0,-0.0,,0.0
162,15,3.00,8,20.57,27.07,27.05,0.0,0.00,0.0,0.0,,0.0
162,16,3.00,8,20.82,27.68,27.66,0.0,0.00,0.0,0.0,,0.0
162,17,3.00,8,20.65,28.16,28.14,0.0,0.00,0.0,0.0,,0.0
162,18,3.00,8,20.36,28.46,28.44,0.0,0.00,0.0,0.0,,0.0
162,19,3.00,8,19.59,26.82,26.80,0.0,0.00,0.0,0.0,,0.0
162,20,3.00,8,19.50,26.14,26.13,0.0,0.00,0.0,0.0,,0.0
162,21,3.00,8,19.58,25.71,25.69,0.0,0.00,0.0,0.0,,0.0
162,22,3.00,8,19.61,25.34,25.33,0.0,0.00,0.0,0.0,,0.0
162,23,3.00,8,19.72,25.02,25.01,0.0,0.00,0.0,0.0,,0.0
162,24,3.00,8,20.09,24.75,24.74,0.0,0.00,0.0,0.0,,0.0
162,1,4.00,8,19.26,24.43,24.42,0.0,0.00,0.0,0.0,,0.0
162,2,4.00,8,18.51,24.10,24.09,0.0,0.00,0.0,0.0,,0.0
162,3,4.00,8,17.91,23.78,23.76,0.0,0.00,0.0,0.0,,0.0
162,4,4.00,8,17.16,23.43,23.42,0.0,0.00,0.0,0.0,,0.0
162,5,4.00,8,16.74,23.10,23.09,0.0,0.00,0.0,0.0,,0.0
162,6,4.00,8,16.21,22.77,22.75,0.0,0.00,0.0,0.0,,0.0
162,7,4.00,8,15.52,22.42,22.41,0.0,0.00,0.0,0.0,,0.0
162,8,4.00,8,15.49,23.86,23.84,0.0,0.00,0.0,0.0,,0.0
162,9,4.00,8,16.06,24.38,24.36,0.0,0.00,0.0,0.0,,0.0
162,10,4.00,8,16.69,24.78,24.77,0.0,0.00,0.0,0.0,,0.0
162,11,4.00,8,18.19,25.31,25.29,0.0,0.00,0.0,-0.0,,0.0
162,12,4.00,8,18.80,25.88,25.86,0.0,0.00,0.0,-0.0,,0.0
162,13,4.00,8,19.06,26.48,26.46,0.0,0.00,0.0,0.0,,0.0
162,14,4.00,8,19.08,27.08,27.06,0.0,0.00,0.0,0.0,,0.0
162,15,4.00,8,18.85,27.63,27.61,0.0,0.00,0.0,0.0,,0.0
162,16,4.00,8,18.82,28.12,28.10,0.0,0.00,0.0,0.0,,0.0
162,17,4.00,8,18.67,28.49,28.48,0.0,0.00,0.0,0.0,,0.0
162,18,4.00,8,18.27,28.69,28.68,0.0,0.00,0.0,0.0,,0.0
162,19,4.00,8,17.35,26.95,26.94,0.0,0.00,0.0,0.0,,0.0
162,20,4.00,8,17.08,26.17,26.15,0.0,0.00,0.0,0.0,,0.0
162,21,4.00,8,16.99,25.63,25.61,0.0,0.00,0.0,0.0,,0.0
162,22,4.00,8,17.09,25.17,25.16,0.0,0.00,0.0,0.0,,0.0
162,23,4.00,8,17.10,24.76,24.75,0.0,0.00,0.0,0.0,,0.0
162,24,4.00,8,17.22,24.39,24.37,0.0,0.00,0.0,0.0,,0.0
162,1,5.00,8,17.20,24.04,24.03,0.0,0.00,0.0,0.0,,0.0
162,2,5.00,8,17.21,23.72,23.70,0.0,0.00,0.0,0.0,,0.0
162,3,5.00,8,17.35,23.42,23.41,0.0,0.00,0.0,0.0,,0.0
162,4,5.00,8,17.33,23.15,23.13,0.0,0.00,0.0,0.0,,0.0
162,5,5.00,8,17.77,22.92,22.90,0.0,0.00,0.0,0.0,,0.0
162,6,5.00,8,18.07,22.71,22.69,0.0,0.00,0.0,0.0,,0.0
162,7,5.00,8,17.99,22.50,22.49,0.0,0.00,0.0,0.0,,0.0
162,8,5.00,8,18.20,23.43,23.42,0.0,0.00,0.0,0.0,,0.0
162,9,5.00,8,18.10,23.77,23.76,0.0,0.00,0.0,0.0,,0.0
162,10,5.00,8,18.31,24.09,24.08,0.0,0.00,0.0,0.0,,0.0
162,11,5.00,8,19.16,24.57,24.56,0.0,0.00,0.0,0.0,,0.0
162,12,5.00,8,19.38,25.05,25.04,0.0,0.00,0.0,0.0,,0.0
162,13,5.00,8,19.14,25.49,25.47,0.0,0.00,0.0,0.0,,0.0
162,14,5.00,8,18.93,25.92,25.90,0.0,0.00,0.0,0.0,,0.0
162,15,5.00,8,19.05,26.35,26.23,-316.9,0.00,0.0,0.0,,-316.9
162,16,5.00,8,19.00,26.71,26.23,-1277.97,0.00,0.0,0.0,,-1277.97
162,17,5.00,8,18.73,26.94,26.23,-1663.16,0.00,0.0,0.0,,-1663.16
162,18,5.00,8,18.29,27.00,26.23,-1567.5,0.00,0.0,0.0,,-1567.5
162,19,5.00,8,17.39,26.14,25.82,0.0,0.00,0.0,0.0,,0.0
162,20,5.00,8,17.09,25.57,25.36,0.0,0.00,0.0,0.0,,0.0
162,21,5.00,8,16.97,25.09,24.91,0.0,0.00,0.0,0.0,,0.0
162,22,5.00,8,17.29,24.69,24.53,0.0,0.00,0.0,0.0,,0.0
162,23,5.00,8,17.54,24.33,24.18,0.0,0.00,0.0,0.0,,0.0
162,24,5.00,8,17.77,24.01,23.87,0.0,0.00,0.0,0.0,,0.0
162,1,6.00,8,17.99,23.72,23.59,0.0,0.00,0.0,0.0,,0.0
162,2,6.00,8,18.06,23.46,23.32,0.0,0.00,0.0,0.0,,0.0
162,3,6.00,8,18.13,23.21,23.08,0.0,0.00,0.0,0.0,,0.0
162,4,6.00,8,18.18,22.98,22.86,0.0,0.00,0.0,0.0,,0.0
162,5,6.00,8,18.57,22.78,22.67,0.0,0.00,0.0,0.0,,0.0
162,6,6.00,8,18.72,22.61,22.50,0.0,0.00,0.0,0.0,,0.0
162,7,6.00,8,18.53,22.42,22.32,0.0,0.00,0.0,0.0,,0.0
162,8,6.00,8,18.20,23.35,23.26,0.0,0.00,0.0,0.0,,0.0
162,9,6.00,8,18.31,23.72,23.63,0.0,0.00,0.0,0.0,,0.0
162,10,6.00,8,19.22,24.16,24.08,0.0,0.00,0.0,0.0,,0.0
162,11,6.00,8,19.79,24.66,24.58,0.0,0.00,0.0,0.0,,0.0
162,12,6.00,8,20.14,25.18,25.10,0.0,0.00,0.0,0.0,,0.0
162,13,6.00,8,20.14,25.68,25.61,0.0,0.00,0.0,0.0,,0.0
162,14,6.00,8,20.17,26.19,26.12,0.0,0.00,0.0,0.0,,0.0
162,15,6.00,8,20.17,26.66,26.23,-1055.98,0.00,0.0,0.0,,-1055.98
162,16,6.00,8,19.94,27.02,26.23,-1858.36,0.00,0.0,0.0,,-1858.36
162,17,6.00,8,19.66,27.28,26.23,-2267.12,0.00,0.0,0.0,,-2267.12
162,18,6.00,8,19.16,27.35,26.23,-2164.29,0.00,0.0,0.0,,-2164.29
162,19,6.00,8,18.43,26.47,25.98,0.0,0.00,0.0,0.0,,0.0
162,20,6.00,8,18.01,25.91,25.56,0.0,0.00,0.0,0.0,,0.0
162,21,6.00,8,17.86,25.44,25.14,0.0,0.00,0.0,0.0,,0.0
162,22,6.00,8,18.11,25.05,24.77,0.0,0.00,0.0,0.0,,0.0
162,23,6.00,8,18.22,24.69,24.43,0.0,0.00,0.0,0.0,,0.0
162,24,6.00,8,18.20,24.36,24.11,0.0,0.00,0.0,0.0,,0.0
162,1,7.00,8,18.23,24.05,23.82,0.0,0.00,0.0,0.0,,0.0
162,2,7.00,8,18.05,23.75,23.53,0.0,0.00,0.0,0.0,,0.0
162,3,7.00,8,18.16,23.49,23.27,0.0,0.00,0.0,0.0,,0.0
162,4,7.00,8,18.23,23.24,23.04,0.0,0.00,0.0,0.0,,0.0
162,5,7.00,8,18.48,23.03,22.83,0.0,0.00,0.0,0.0,,0.0
162,6,7.00,8,18.60,22.83,22.64,0.0,0.00,0.0,0.0,,0.0
162,7,7.00,8,18.31,22.62,22.44,0.0,0.00,0.0,0.0,,0.0
162,8,7.00,8,18.11,23.51,23.35,0.0,0.00,0.0,0.0,,0.0
162,9,7.00,8,18.18,23.85,23.71,0.0,0.00,0.0,0.0,,0.0
162,10,7.00,8,18.99,24.27,24.13,0.0,0.00,0.0,0.0,,0.0
162,11,7.00,8,20.03,24.81,24.68,0.0,0.00,0.0,0.0,,0.0
162,12,7.00,8,19.99,25.28,25.16,0.0,0.00,0.0,0.0,,0.0
162,13,7.00,8,19.81,25.74,25.63,0.0,0.00,0.0,0.0,,0.0
162,14,7.00,8,19.68,26.20,26.09,0.0,0.00,0.0,0.0,,0.0
162,15,7.00,8,19.78,26.65,26.23,-932.14,0.00,0.0,0.0,,-932.14
162,16,7.00,8,19.81,27.04,26.23,-1835.32,0.00,0.0,0.0,,-1835.32
162,17,7.00,8,19.61,27.31,26.23,-2269.41,0.00,0.0,0.0,,-2269.41
162,18,7.00,8,19.14,27.38,26.23,-2179.66,0.00,0.0,0.0,,-2179.66
162,19,7.00,8,18.57,26.52,26.00,0.0,0.00,0.0,0.0,,0.0
162,20,7.00,8,18.33,25.97,25.60,0.0,0.00,0.0,0.0,,0.0
162,21,7.00,8,18.54,25.55,25.22,0.0,0.00,0.0,0.0,,0.0
162,22,7.00,8,18.79,25.18,24.88,0.0,0.00,0.0,0.0,,0.0
162,23,7.00,8,18.90,24.85,24.56,0.0,0.00,0.0,0.0,,0.0
162,24,7.00,8,18.83,24.53,24.26,0.0,0.00,0.0,0.0,,0.0
162,1,1.00,8,18.88,24.24,23.98,0.0,0.00,0.0,0.0,,0.0
162,2,1.00,8,18.88,23.97,23.73,0.0,0.00,0.0,0.0,,0.0
162,3,1.00,8,18.98,23.73,23.49,0.0,0.00,0.0,0.0,,0.0
162,4,1.00,8,18.97,23.50,23.27,0.0,0.00,0.0,0.0,,0.0
162,5,1.00,8,19.02,23.28,23.07,0.0,0.00,0.0,0.0,,0.0
162,6,1.00,8,19.09,23.09,22.88,0.0,0.00,0.0,0.0,,0.0
162,7,1.00,8,19.04,22.90,22.70,0.0,0.00,0.0,0.0,,0.0
162,8,1.00,8,19.20,23.90,23.73,0.0,0.00,0.0,0.0,,0.0
162,9,1.00,8,18.94,24.24,24.08,0.0,0.00,0.0,0.0,,0.0
162,10,1.00,8,19.44,24.61,24.46,0.0,0.00,0.0,0.0,,0.0
162,11,1.00,8,20.21,25.11,24.97,0.0,0.00,0.0,0.0,,0.0
162,12,1.00,8,20.33,25.59,25.45,0.0,0.00,0.0,0.0,,0.0
162,13,1.00,8,20.43,26.09,25.96,0.0,0.00,0.0,0.0,,0.0
162,14,1.00,8,20.19,26.54,26.23,-561.95,0.00,0.0,0.0,,-561.95
162,15,1.00,8,19.78,26.92,26.23,-1526.02,0.00,0.0,0.0,,-1526.02
162,16,1.00,8,19.81,27.29,26.23,-2278.27,0.00,0.0,0.0,,-2278.27
162,17,1.00,8,19.71,27.55,26.23,-2691.34,0.00,0.0,0.0,,-2691.34
162,18,1.00,8,19.36,27.63,26.23,-2602.21,0.00,0.0,0.0,,-2602.21
162,19,1.00,8,18.77,26.77,26.12,0.0,0.00,0.0,0.0,,0.0
162,20,1.00,8,18.57,26.22,25.75,0.0,0.00,0.0,0.0,,0.0
162,21,1.00,8,18.60,25.78,25.37,0.0,0.00,0.0,0.0,,0.0
162,22,1.00,8,18.79,25.40,25.01,0.0,0.00,0.0,0.0,,0.0
162,23,1.00,8,18.95,25.06,24.69,0.0,0.00,0.0,0.0,,0.0
162,24,1.00,8,19.19,24.75,24.41,0.0,0.00,0.0,0.0,,0.0
162,1,2.00,8,19.32,24.48,24.15,0.0,0.00,0.0,0.0,,0.0
162,2,2.00,8,19.45,24.22,23.91,0.0,0.00,0.0,0.0,,0.0
162,3,2.00,8,19.68,24.00,23.70,0.0,0.00,0.0,0.0,,0.0
162,4,2.00,8,19.91,23.80,23.52,0.0,0.00,0.0,0.0,,0.0
162,5,2.00,8,20.25,23.63,23.36,0.0,0.00,0.0,-0.0,,0.0
162,6,2.00,8,20.26,23.47,23.21,0.0,0.00,0.0,-0.0,,0.0
162,7,2.00,8,20.08,23.29,23.05,0.0,0.00,0.0,-0.0,,0.0
162,8,2.00,8,20.21,24.36,24.15,0.0,0.00,0.0,0.0,,0.0
162,9,2.00,8,19.87,24.72,24.52,0.0,0.00,0.0,0.0,,0.0
162,10,2.00,8,19.56,24.99,24.80,0.0,0.00,0.0,0.0,,0.0
162,11,2.00,8,19.93,25.39,25.21,0.0,0.00,0.0,0.0,,0.0
162,12,2.00,8,20.42,25.88,25.71,0.0,0.00,0.0,0.0,,0.0
162,13,2.00,8,20.53,26.37,26.21,0.0,0.00,0.0,0.0,,0.0
162,14,2.00,8,20.06,26.78,26.23,-1152.55,0.00,0.0,0.0,,-1152.55
162,15,2.00,8,19.48,27.11,26.23,-1819.39,0.00,0.0,0.0,,-1819.39
162,16,2.00,8,19.19,27.39,26.23,-2347.24,0.00,0.0,0.0,,-2347.24
162,17,2.00,8,18.83,27.57,26.23,-2554.84,0.00,0.0,0.0,,-2554.84
162,18,2.00,8,18.35,27.57,26.23,-2321.79,0.00,0.0,0.0,,-2321.79
162,19,2.00,8,17.57,26.73,26.07,0.0,0.00,0.0,0.0,,0.0
162,20,2.00,8,17.18,26.14,25.64,0.0,0.00,0.0,0.0,,0.0
162,21,2.00,8,17.05,25.64,25.19,0.0,0.00,0.0,0.0,,0.0
162,22,2.00,8,16.98,25.19,24.77,0.0,0.00,0.0,0.0,,0.0
162,23,2.00,8,17.03,24.78,24.38,0.0,0.00,0.0,0.0,,0.0
162,24,2.00,8,17.17,24.41,24.03,0.0,0.00,0.0,0.0,,0.0
162,1,3.00,8,17.18,24.06,23.70,0.0,0.00,0.0,0.0,,0.0
162,2,3.00,8,17.48,23.76,23.42,0.0,0.00,0.0,0.0,,0.0
162,3,3.00,8,17.82,23.50,23.17,0.0,0.00,0.0,0.0,,0.0
162,4,3.00,8,17.91,23.24,22.93,0.0,0.00,0.0,0.0,,0.0
162,5,3.00,8,18.64,23.06,22.76,0.0,0.00,0.0,0.0,,0.0
162,6,3.00,8,18.30,22.84,22.56,0.0,0.00,0.0,0.0,,0.0
162,7,3.00,8,18.50,22.66,22.39,0.0,0.00,0.0,0.0,,0.0
162,8,3.00,8,18.93,24.25,23.99,0.0,0.00,0.0,0.0,,0.0
162,9,3.00,8,19.23,24.89,24.64,0.0,0.00,0.0,-0.0,,0.0
162,10,3.00,8,20.01,25.41,25.17,0.0,0.00,0.0,-0.0,,0.0
162,11,3.00,8,20.16,25.94,25.72,0.0,0.00,0.0,-0.0,,0.0
162,12,3.00,8,20.34,26.53,26.31,0.0,0.00,0.0,0.0,,0.0
162,13,3.00,8,19.92,27.10,26.89,0.0,0.00,0.0,-0.0,,0.0
162,14,3.00,8,20.30,27.72,27.53,0.0,0.00,0.0,-0.0,,0.0
162,15,3.00,8,20.33,28.31,28.12,0.0,0.00,0.0,0.0,,0.0
162,16,3.00,8,20.24,28.81,28.63,0.0,0.00,0.0,0.0,,0.0
162,17,3.00,8,19.95,29.20,29.03,0.0,0.00,0.0,0.0,,0.0
162,18,3.00,8,19.58,29.42,29.25,0.0,0.00,0.0,0.0,,0.0
162,19,3.00,8,19.09,27.72,27.56,0.0,0.00,0.0,0.0,,0.0
162,20,3.00,8,19.12,27.00,26.84,0.0,0.00,0.0,0.0,,0.0
162,21,3.00,8,19.60,26.53,26.38,0.0,0.00,0.0,0.0,,0.0
162,22,3.00,8,19.79,26.15,26.00,0.0,0.00,0.0,0.0,,0.0
162,23,3.00,8,19.87,25.80,25.66,0.0,0.00,0.0,0.0,,0.0
162,24,3.00,8,19.75,25.47,25.34,0.0,0.00,0.0,0.0,,0.0
162,1,4.00,8,19.70,25.17,25.04,0.0,0.00,0.0,0.0,,0.0
162,2,4.00,8,19.68,24.88,24.76,0.0,0.00,0.0,0.0,,0.0
162,3,4.00,8,19.97,24.64,24.52,0.0,0.00,0.0,0.0,,0.0
162,4,4.00,8,20.08,24.41,24.29,0.0,0.00,0.0,0.0,,0.0
162,5,4.00,8,20.14,24.19,24.08,0.0,0.00,0.0,0.0,,0.0
162,6,4.00,8,19.87,23.97,23.86,0.0,0.00,0.0,0.0,,0.0
162,7,4.00,8,19.36,23.73,23.63,0.0,0.00,0.0,0.0,,0.0
162,8,4.00,8,19.30,25.26,25.16,0.0,0.00,0.0,0.0,,0.0
162,9,4.00,8,19.34,25.83,25.73,0.0,0.00,0.0,-0.0,,0.0
162,10,4.00,8,19.39,26.25,26.15,0.0,0.00,0.0,-0.0,,0.0
162,11,4.00,8,19.97,26.73,26.64,0.0,0.00,0.0,-0.0,,0.0
162,12,4.00,8,19.97,27.25,27.16,0.0,0.00,0.0,-0.0,,0.0
162,13,4.00,8,19.66,27.78,27.69,0.0,0.00,0.0,0.0,,0.0
162,14,4.00,8,19.40,28.31,28.23,0.0,0.00,0.0,0.0,,0.0
162,15,4.00,8,19.34,28.81,28.73,0.0,0.00,0.0,0.0,,0.0
162,16,4.00,8,19.09,29.24,29.16,0.0,0.00,0.0,0.0,,0.0
162,17,4.00,8,18.85,29.57,29.49,0.0,0.00,0.0,0.0,,0.0
162,18,4.00,8,18.37,29.71,29.64,0.0,0.00,0.0,0.0,,0.0
162,19,4.00,8,17.74,27.94,27.87,0.0,0.00,0.0,0.0,,0.0
162,20,4.00,8,17.43,27.13,27.06,0.0,0.00,0.0,0.0,,0.0
162,21,4.00,8,17.32,26.55,26.48,0.0,0.00,0.0,0.0,,0.0
162,22,4.00,8,17.48,26.07,26.01,0.0,0.00,0.0,0.0,,0.0
162,23,4.00,8,17.71,25.65,25.59,0.0,0.00,0.0,0.0,,0.0
162,24,4.00,8,18.07,25.28,25.22,0.0,0.00,0.0,0.0,,0.0
162,1,5.00,8,18.13,24.94,24.87,0.0,0.00,0.0,0.0,,0.0
162,2,5.00,8,18.28,24.62,24.56,0.0,0.00,0.0,0.0,,0.0
162,3,5.00,8,18.32,24.32,24.26,0.0,0.00,0.0,0.0,,0.0
162,4,5.00,8,18.31,24.04,23.99,0.0,0.00,0.0,0.0,,0.0
162,5,5.00,8,18.65,23.80,23.75,0.0,0.00,0.0,0.0,,0.0
162,6,5.00,8,18.52,23.56,23.51,0.0,0.00,0.0,0.0,,0.0
162,7,5.00,8,17.98,23.30,23.25,0.0,0.00,0.0,0.0,,0.0
162,8,5.00,8,17.69,24.04,24.00,0.0,0.00,0.0,0.0,,0.0
162,9,5.00,8,17.25,24.25,24.20,0.0,0.00,0.0,0.0,,0.0
162,10,5.00,8,18.08,24.59,24.54,0.0,0.00,0.0,0.0,,0.0
162,11,5.00,8,18.64,25.00,24.95,0.0,0.00,0.0,0.0,,0.0
162,12,5.00,8,18.69,25.40,25.36,0.0,0.00,0.0,0.0,,0.0
162,13,5.00,8,18.47,25.78,25.74,0.0,0.00,0.0,0.0,,0.0
162,14,5.00,8,18.03,26.13,26.09,0.0,0.00,0.0,0.0,,0.0
162,15,5.00,8,18.36,26.54,26.23,-786.64,0.00,0.0,0.0,,-786.64
162,16,5.00,8,18.38,26.87,26.23,-1554.84,0.00,0.0,0.0,,-1554.84
162,17,5.00,8,18.40,27.12,26.23,-1973.84,0.00,0.0,0.0,,-1973.84
162,18,5.00,8,17.99,27.16,26.23,-1825.83,0.00,0.0,0.0,,-1825.83
162,19,5.00,8,17.32,26.35,25.94,0.0,0.00,0.0,0.0,,0.0
162,20,5.00,8,17.17,25.79,25.52,0.0,0.00,0.0,0.0,,0.0
162,21,5.00,8,17.23,25.34,25.09,0.0,0.00,0.0,0.0,,0.0
162,22,5.00,8,17.59,24.95,24.72,0.0,0.00,0.0,0.0,,0.0
162,23,5.00,8,17.99,24.61,24.39,0.0,0.00,0.0,0.0,,0.0
162,24,5.00,8,18.29,24.31,24.10,0.0,0.00,0.0,0.0,,0.0
162,1,6.00,8,18.57,24.04,23.84,0.0,0.00,0.0,0.0,,0.0
162,2,6.00,8,18.88,23.80,23.62,0.0,0.00,0.0,0.0,,0.0
162,3,6.00,8,19.11,23.59,23.41,0.0,0.00,0.0,0.0,,0.0
162,4,6.00,8,19.19,23.39,23.22,0.0,0.00,0.0,0.0,,0.0
162,5,6.00,8,19.56,23.22,23.06,0.0,0.00,0.0,0.0,,0.0
162,6,6.00,8,19.90,23.08,22.93,0.0,0.00,0.0,-0.0,,0.0
162,7,6.00,8,19.77,22.93,22.78,0.0,0.00,0.0,-0.0,,0.0
162,8,6.00,8,19.88,24.02,23.89,0.0,0.00,0.0,0.0,,0.0
162,9,6.00,8,19.37,24.36,24.24,0.0,0.00,0.0,0.0,,0.0
162,10,6.00,8,19.80,24.74,24.63,0.0,0.00,0.0,0.0,,0.0
162,11,6.00,8,19.84,25.14,25.03,0.0,0.00,0.0,0.0,,0.0
162,12,6.00,8,19.53,25.52,25.42,0.0,0.00,0.0,0.0,,0.0
162,13,6.00,8,18.87,25.86,25.76,0.0,0.00,0.0,0.0,,0.0
162,14,6.00,8,18.27,26.18,26.08,0.0,0.00,0.0,0.0,,0.0
162,15,6.00,8,18.40,26.56,26.23,-694.03,0.00,0.0,0.0,,-694.03
162,16,6.00,8,18.30,26.87,26.23,-1416.34,0.00,0.0,0.0,,-1416.34
162,17,6.00,8,18.07,27.06,26.23,-1722.11,0.00,0.0,0.0,,-1722.11
162,18,6.00,8,17.59,27.07,26.23,-1526.89,0.00,0.0,0.0,,-1526.89
162,19,6.00,8,17.14,26.28,25.88,0.0,0.00,0.0,0.0,,0.0
162,20,6.00,8,16.95,25.72,25.43,0.0,0.00,0.0,0.0,,0.0
162,21,6.00,8,17.05,25.26,25.00,0.0,0.00,0.0,0.0,,0.0
162,22,6.00,8,17.39,24.86,24.62,0.0,0.00,0.0,0.0,,0.0
162,23,6.00,8,17.70,24.51,24.29,0.0,0.00,0.0,0.0,,0.0
162,24,6.00,8,17.98,24.20,23.99,0.0,0.00,0.0,0.0,,0.0
162,1,7.00,8,18.26,23.93,23.72,0.0,0.00,0.0,0.0,,0.0
162,2,7.00,8,18.35,23.67,23.47,0.0,0.00,0.0,0.0,,0.0
162,3,7.00,8,18.31,23.42,23.23,0.0,0.00,0.0,0.0,,0.0
162,4,7.00,8,18.45,23.20,23.02,0.0,0.00,0.0,0.0,,0.0
162,5,7.00,8,18.69,23.00,22.83,0.0,0.00,0.0,0.0,,0.0
162,6,7.00,8,18.56,22.80,22.64,0.0,0.00,0.0,0.0,,0.0
162,7,7.00,8,18.40,22.61,22.45,0.0,0.00,0.0,0.0,,0.0
162,8,7.00,8,18.53,23.57,23.43,0.0,0.00,0.0,0.0,,0.0
162,9,7.00,8,18.57,23.94,23.81,0.0,0.00,0.0,0.0,,0.0
162,10,7.00,8,18.95,24.31,24.19,0.0,0.00,0.0,0.0,,0.0
162,11,7.00,8,20.07,24.86,24.74,0.0,0.00,0.0,0.0,,0.0
162,12,7.00,8,20.65,25.43,25.32,0.0,0.00,0.0,0.0,,0.0
162,13,7.00,8,20.37,25.91,25.81,0.0,0.00,0.0,0.0,,0.0
162,14,7.00,8,20.42,26.42,26.23,-273.38,0.00,0.0,0.0,,-273.38
162,15,7.00,8,20.53,26.91,26.23,-1627.93,0.00,0.0,0.0,,-1627.93
162,16,7.00,8,20.55,27.33,26.23,-2461.84,0.00,0.0,0.0,,-2461.84
162,17,7.00,8,20.27,27.61,26.23,-2869.36,0.00,0.0,0.0,,-2869.36
162,18,7.00,8,19.78,27.69,26.23,-2771.59,0.00,0.0,0.0,,-2771.59
162,19,7.00,8,19.20,26.82,26.16,0.0,0.00,0.0,0.0,,0.0
162,20,7.00,8,18.95,26.28,25.81,0.0,0.00,0.0,0.0,,0.0
162,21,7.00,8,19.09,25.86,25.45,0.0,0.00,0.0,0.0,,0.0
162,22,7.00,8,19.32,25.50,25.12,0.0,0.00,0.0,0.0,,0.0
162,23,7.00,8,19.41,25.17,24.81,0.0,0.00,0.0,0.0,,0.0
162,24,7.00,8,19.47,24.87,24.53,0.0,0.00,0.0,0.0,,0.0
162,1,1.00,9,19.67,24.61,24.28,0.0,0.00,0.0,0.0,,0.0
162,2,1.00,9,19.81,24.37,24.05,0.0,0.00,0.0,0.0,,0.0
162,3,1.00,9,19.91,24.14,23.84,0.0,0.00,0.0,0.0,,0.0
162,4,1.00,9,20.05,23.94,23.66,0.0,0.00,0.0,0.0,,0.0
162,5,1.00,9,20.16,23.76,23.48,0.0,0.00,0.0,0.0,,0.0
162,6,1.00,9,20.37,23.59,23.33,0.0,0.00,0.0,0.0,,0.0
162,7,1.00,9,20.15,23.42,23.17,0.0,0.00,0.0,-0.0,,0.0
162,8,1.00,9,19.76,24.37,24.15,0.0,0.00,0.0,0.0,,0.0
162,9,1.00,9,19.73,24.70,24.49,0.0,0.00,0.0,0.0,,0.0
162,10,1.00,9,20.34,25.04,24.85,0.0,0.00,0.0,0.0,,0.0
162,11,1.00,9,20.78,25.43,25.25,0.0,0.00,0.0,0.0,,0.0
162,12,1.00,9,20.82,25.84,25.67,0.0,0.00,0.0,0.0,,0.0
162,13,1.00,9,20.38,26.25,25.81,-788.71,0.00,0.0,0.0,,-788.71
162,14,1.00,9,20.27,26.70,25.81,-1914.33,0.00,0.0,0.0,,-1914.33
162,15,1.00,9,20.46,27.17,25.81,-2918.36,0.00,0.0,0.0,,-2918.36
162,16,1.00,9,20.60,27.59,25.81,-3669.73,0.00,0.0,0.0,,-3669.73
162,17,1.00,9,20.24,27.84,25.81,-3929.5,0.00,0.0,0.0,,-3929.5
162,18,1.00,9,19.83,27.94,25.81,-3849.95,0.00,0.0,0.0,,-3849.95
162,19,1.00,9,19.36,27.16,26.15,0.0,0.00,0.0,0.0,,0.0
162,20,1.00,9,19.18,26.67,25.92,0.0,0.00,0.0,0.0,,0.0
162,21,1.00,9,19.29,26.26,25.59,0.0,0.00,0.0,0.0,,0.0
162,22,1.00,9,19.59,25.90,25.28,0.0,0.00,0.0,0.0,,0.0
162,23,1.00,9,19.64,25.56,24.98,0.0,0.00,0.0,0.0,,0.0
162,24,1.00,9,19.65,25.25,24.69,0.0,0.00,0.0,0.0,,0.0
162,1,2.00,9,19.78,24.97,24.44,0.0,0.00,0.0,0.0,,0.0
162,2,2.00,9,19.93,24.72,24.21,0.0,0.00,0.0,0.0,,0.0
162,3,2.00,9,19.80,24.46,23.98,0.0,0.00,0.0,0.0,,0.0
162,4,2.00,9,19.67,24.22,23.76,0.0,0.00,0.0,0.0,,0.0
162,5,2.00,9,19.90,24.02,23.58,0.0,0.00,0.0,0.0,,0.0
162,6,2.00,9,20.34,23.85,23.43,0.0,0.00,0.0,0.0,,0.0
162,7,2.00,9,20.13,23.66,23.26,0.0,0.00,0.0,0.0,,0.0
162,8,2.00,9,19.55,24.55,24.20,0.0,0.00,0.0,0.0,,0.0
162,9,2.00,9,19.59,24.85,24.53,0.0,0.00,0.0,0.0,,0.0
162,10,2.00,9,20.28,25.20,24.89,0.0,0.00,0.0,0.0,,0.0
162,11,2.00,9,20.99,25.62,25.34,0.0,0.00,0.0,0.0,,0.0
162,12,2.00,9,21.01,26.03,25.76,0.0,0.00,0.0,0.0,,0.0
162,13,2.00,9,20.34,26.40,25.81,-968.91,0.00,0.0,0.0,,-968.91
162,14,2.00,9,20.07,26.82,25.81,-1951.64,0.00,0.0,0.0,,-1951.64
162,15,2.00,9,20.14,27.25,25.81,-2872.17,0.00,0.0,0.0,,-2872.17
162,16,2.00,9,20.10,27.61,25.81,-3512.46,0.00,0.0,0.0,,-3512.46
162,17,2.00,9,19.72,27.83,25.81,-3725.12,0.00,0.0,0.0,,-3725.12
162,18,2.00,9,19.15,27.89,25.81,-3542.51,0.00,0.0,0.0,,-3542.51
162,19,2.00,9,18.46,27.11,26.07,0.0,0.00,0.0,0.0,,0.0
162,20,2.00,9,18.18,26.59,25.79,0.0,0.00,0.0,0.0,,0.0
162,21,2.00,9,18.27,26.14,25.43,0.0,0.00,0.0,0.0,,0.0
162,22,2.00,9,18.37,25.74,25.07,0.0,0.00,0.0,0.0,,0.0
162,23,2.00,9,18.43,25.36,24.73,0.0,0.00,0.0,0.0,,0.0
162,24,2.00,9,18.37,25.01,24.41,0.0,0.00,0.0,0.0,,0.0
162,1,3.00,9,18.37,24.68,24.11,0.0,0.00,0.0,0.0,,0.0
162,2,3.00,9,18.36,24.38,23.83,0.0,0.00,0.0,0.0,,0.0
162,3,3.00,9,18.30,24.09,23.57,0.0,0.00,0.0,0.0,,0.0
162,4,3.00,9,18.28,23.82,23.32,0.0,0.00,0.0,0.0,,0.0
162,5,3.00,9,18.38,23.57,23.10,0.0,0.00,0.0,0.0,,0.0
162,6,3.00,9,18.55,23.35,22.90,0.0,0.00,0.0,0.0,,0.0
162,7,3.00,9,18.35,23.12,22.69,0.0,0.00,0.0,0.0,,0.0
162,8,3.00,9,18.09,24.60,24.19,0.0,0.00,0.0,0.0,,0.0
162,9,3.00,9,18.35,25.13,24.73,0.0,0.00,0.0,0.0,,0.0
162,10,3.00,9,18.83,25.51,25.13,0.0,0.00,0.0,-0.0,,0.0
162,11,3.00,9,19.72,25.97,25.60,0.0,0.00,0.0,-0.0,,0.0
162,12,3.00,9,20.02,26.47,26.13,0.0,0.00,0.0,-0.0,,0.0
162,13,3.00,9,19.75,27.03,26.70,0.0,0.00,0.0,0.0,,0.0
162,14,3.00,9,19.63,27.62,27.31,0.0,0.00,0.0,0.0,,0.0
162,15,3.00,9,19.84,28.21,27.90,0.0,0.00,0.0,0.0,,0.0
162,16,3.00,9,19.95,28.72,28.43,0.0,0.00,0.0,0.0,,0.0
162,17,3.00,9,19.67,29.11,28.84,0.0,0.00,0.0,0.0,,0.0
162,18,3.00,9,19.31,29.36,29.09,0.0,0.00,0.0,0.0,,0.0
162,19,3.00,9,18.73,27.74,27.48,0.0,0.00,0.0,0.0,,0.0
162,20,3.00,9,18.51,27.03,26.78,0.0,0.00,0.0,0.0,,0.0
162,21,3.00,9,18.55,26.53,26.29,0.0,0.00,0.0,0.0,,0.0
162,22,3.00,9,18.65,26.11,25.88,0.0,0.00,0.0,0.0,,0.0
162,23,3.00,9,18.77,25.73,25.51,0.0,0.00,0.0,0.0,,0.0
162,24,3.00,9,18.82,25.38,25.17,0.0,0.00,0.0,0.0,,0.0
162,1,4.00,9,18.86,25.06,24.85,0.0,0.00,0.0,0.0,,0.0
162,2,4.00,9,18.98,24.76,24.57,0.0,0.00,0.0,0.0,,0.0
162,3,4.00,9,19.17,24.50,24.31,0.0,0.00,0.0,0.0,,0.0
162,4,4.00,9,19.29,24.25,24.07,0.0,0.00,0.0,0.0,,0.0
162,5,4.00,9,19.23,24.02,23.84,0.0,0.00,0.0,0.0,,0.0
162,6,4.00,9,19.26,23.80,23.63,0.0,0.00,0.0,0.0,,0.0
162,7,4.00,9,19.04,23.57,23.41,0.0,0.00,0.0,0.0,,0.0
162,8,4.00,9,18.57,25.04,24.88,0.0,0.00,0.0,0.0,,0.0
162,9,4.00,9,18.78,25.55,25.40,0.0,0.00,0.0,0.0,,0.0
162,10,4.00,9,19.53,25.95,25.80,0.0,0.00,0.0,-0.0,,0.0
162,11,4.00,9,20.21,26.39,26.25,0.0,0.00,0.0,-0.0,,0.0
162,12,4.00,9,20.37,26.88,26.74,0.0,0.00,0.0,-0.0,,0.0
162,13,4.00,9,20.05,27.43,27.30,0.0,0.00,0.0,0.0,,0.0
162,14,4.00,9,19.98,28.01,27.88,0.0,0.00,0.0,0.0,,0.0
162,15,4.00,9,20.11,28.59,28.46,0.0,0.00,0.0,0.0,,0.0
162,16,4.00,9,20.13,29.09,28.96,0.0,0.00,0.0,0.0,,0.0
162,17,4.00,9,19.81,29.46,29.34,0.0,0.00,0.0,0.0,,0.0
162,18,4.00,9,19.47,29.69,29.58,0.0,0.00,0.0,0.0,,0.0
162,19,4.00,9,18.91,28.06,27.95,0.0,0.00,0.0,0.0,,0.0
162,20,4.00,9,18.70,27.34,27.23,0.0,0.00,0.0,0.0,,0.0
162,21,4.00,9,18.69,26.83,26.73,0.0,0.00,0.0,0.0,,0.0
162,22,4.00,9,18.83,26.40,26.30,0.0,0.00,0.0,0.0,,0.0
162,23,4.00,9,19.02,26.02,25.92,0.0,0.00,0.0,0.0,,0.0
162,24,4.00,9,19.10,25.67,25.57,0.0,0.00,0.0,0.0,,0.0
162,1,5.00,9,19.16,25.35,25.25,0.0,0.00,0.0,0.0,,0.0
162,2,5.00,9,19.27,25.05,24.96,0.0,0.00,0.0,0.0,,0.0
162,3,5.00,9,19.34,24.77,24.68,0.0,0.00,0.0,0.0,,0.0
162,4,5.00,9,19.22,24.50,24.41,0.0,0.00,0.0,0.0,,0.0
162,5,5.00,9,19.02,24.24,24.15,0.0,0.00,0.0,0.0,,0.0
162,6,5.00,9,19.14,24.00,23.92,0.0,0.00,0.0,0.0,,0.0
162,7,5.00,9,19.06,23.77,23.69,0.0,0.00,0.0,0.0,,0.0
162,8,5.00,9,18.53,24.52,24.45,0.0,0.00,0.0,0.0,,0.0
162,9,5.00,9,18.79,24.80,24.73,0.0,0.00,0.0,0.0,,0.0
162,10,5.00,9,19.82,25.16,25.10,0.0,0.00,0.0,0.0,,0.0
162,11,5.00,9,20.49,25.57,25.51,0.0,0.00,0.0,0.0,,0.0
162,12,5.00,9,20.48,25.96,25.81,-252.23,0.00,0.0,0.0,,-252.23
162,13,5.00,9,19.97,26.34,25.81,-1282.12,0.00,0.0,0.0,,-1282.12
162,14,5.00,9,19.89,26.77,25.81,-2248.02,0.00,0.0,0.0,,-2248.02
162,15,5.00,9,19.89,27.20,25.81,-3087.95,0.00,0.0,0.0,,-3087.95
162,16,5.00,9,19.89,27.57,25.81,-3698.59,0.00,0.0,0.0,,-3698.59
162,17,5.00,9,19.51,27.78,25.81,-3870.91,0.00,0.0,0.0,,-3870.91
162,18,5.00,9,18.99,27.84,25.81,-3674.24,0.00,0.0,0.0,,-3674.24
162,19,5.00,9,18.36,27.08,26.13,0.0,0.00,0.0,0.0,,0.0
162,20,5.00,9,18.08,26.56,25.86,0.0,0.00,0.0,0.0,,0.0
162,21,5.00,9,18.08,26.11,25.49,0.0,0.00,0.0,0.0,,0.0
162,22,5.00,9,18.29,25.71,25.13,0.0,0.00,0.0,0.0,,0.0
162,23,5.00,9,18.44,25.35,24.80,0.0,0.00,0.0,0.0,,0.0
162,24,5.00,9,18.26,24.99,24.47,0.0,0.00,0.0,0.0,,0.0
162,1,6.00,9,18.21,24.66,24.16,0.0,0.00,0.0,0.0,,0.0
162,2,6.00,9,18.10,24.34,23.87,0.0,0.00,0.0,0.0,,0.0
162,3,6.00,9,18.05,24.05,23.60,0.0,0.00,0.0,0.0,,0.0
162,4,6.00,9,18.14,23.78,23.35,0.0,0.00,0.0,0.0,,0.0
162,5,6.00,9,18.08,23.52,23.11,0.0,0.00,0.0,0.0,,0.0
162,6,6.00,9,18.40,23.30,22.91,0.0,0.00,0.0,0.0,,0.0
162,7,6.00,9,18.33,23.09,22.71,0.0,0.00,0.0,0.0,,0.0
162,8,6.00,9,18.44,23.94,23.62,0.0,0.00,0.0,0.0,,0.0
162,9,6.00,9,18.81,24.28,23.98,0.0,0.00,0.0,0.0,,0.0
162,10,6.00,9,19.93,24.70,24.41,0.0,0.00,0.0,0.0,,0.0
162,11,6.00,9,20.41,25.12,24.85,0.0,0.00,0.0,0.0,,0.0
162,12,6.00,9,20.51,25.55,25.29,0.0,0.00,0.0,0.0,,0.0
162,13,6.00,9,20.29,26.00,25.76,0.0,0.00,0.0,0.0,,0.0
162,14,6.00,9,20.41,26.51,25.81,-1359.26,0.00,0.0,0.0,,-1359.26
162,15,6.00,9,20.64,27.02,25.81,-2517.66,0.00,0.0,0.0,,-2517.66
162,16,6.00,9,20.73,27.46,25.81,-3341.08,0.00,0.0,0.0,,-3341.08
162,17,6.00,9,20.43,27.74,25.81,-3697.26,0.00,0.0,0.0,,-3697.26
162,18,6.00,9,20.12,27.88,25.81,-3729.67,0.00,0.0,0.0,,-3729.67
162,19,6.00,9,19.65,27.09,26.10,0.0,0.00,0.0,0.0,,0.0
162,20,6.00,9,19.42,26.61,25.87,0.0,0.00,0.0,0.0,,0.0
162,21,6.00,9,19.49,26.21,25.55,0.0,0.00,0.0,0.0,,0.0
162,22,6.00,9,19.66,25.85,25.24,0.0,0.00,0.0,0.0,,0.0
162,23,6.00,9,19.74,25.53,24.94,0.0,0.00,0.0,0.0,,0.0
162,24,6.00,9,19.65,25.22,24.66,0.0,0.00,0.0,0.0,,0.0
162,1,7.00,9,19.81,24.94,24.41,0.0,0.00,0.0,0.0,,0.0
162,2,7.00,9,19.97,24.69,24.19,0.0,0.00,0.0,0.0,,0.0
162,3,7.00,9,19.84,24.45,23.97,0.0,0.00,0.0,0.0,,0.0
162,4,7.00,9,19.69,24.21,23.75,0.0,0.00,0.0,0.0,,0.0
162,5,7.00,9,19.72,23.99,23.55,0.0,0.00,0.0,0.0,,0.0
162,6,7.00,9,20.22,23.82,23.40,0.0,0.00,0.0,0.0,,0.0
162,7,7.00,9,20.12,23.64,23.24,0.0,0.00,0.0,0.0,,0.0
162,8,7.00,9,19.89,24.59,24.24,0.0,0.00,0.0,0.0,,0.0
162,9,7.00,9,20.23,24.96,24.64,0.0,0.00,0.0,0.0,,0.0
162,10,7.00,9,21.36,25.41,25.10,0.0,0.00,0.0,0.0,,0.0
162,11,7.00,9,21.58,25.81,25.52,0.0,0.00,0.0,0.0,,0.0
162,12,7.00,9,21.40,26.20,25.81,-339.15,0.00,0.0,0.0,,-339.15
162,13,7.00,9,20.77,26.59,25.81,-1398.65,0.00,0.0,0.0,,-1398.65
162,14,7.00,9,20.68,27.04,25.81,-2425.2,0.00,0.0,0.0,,-2425.2
162,15,7.00,9,20.79,27.50,25.81,-3371.59,0.00,0.0,0.0,,-3371.59
162,16,7.00,9,20.76,27.89,25.81,-4026.54,0.00,0.0,0.0,,-4026.54
162,17,7.00,9,20.46,28.13,25.81,-4281.13,0.00,0.0,0.0,,-4281.13
162,18,7.00,9,20.08,28.24,25.81,-4190.82,0.00,0.0,0.0,,-4190.82
162,19,7.00,9,19.45,27.45,26.23,0.0,0.00,0.0,0.0,,0.0
162,20,7.00,9,19.15,26.93,26.01,0.0,0.00,0.0,0.0,,0.0
162,21,7.00,9,19.19,26.50,25.68,0.0,0.00,0.0,0.0,,0.0
162,22,7.00,9,19.33,26.12,25.34,0.0,0.00,0.0,0.0,,0.0
162,23,7.00,9,19.40,25.76,25.03,0.0,0.00,0.0,0.0,,0.0
162,24,7.00,9,19.43,25.43,24.74,0.0,0.00,0.0,0.0,,0.0
162,1,1.00,9,19.59,25.14,24.48,0.0,0.00,0.0,0.0,,0.0
162,2,1.00,9,19.80,24.87,24.24,0.0,0.00,0.0,0.0,,0.0
162,3,1.00,9,19.87,24.63,24.02,0.0,0.00,0.0,0.0,,0.0
162,4,1.00,9,19.99,24.40,23.83,0.0,0.00,0.0,0.0,,0.0
162,5,1.00,9,20.12,24.20,23.65,0.0,0.00,0.0,0.0,,0.0
162,6,1.00,9,20.03,23.99,23.47,0.0,0.00,0.0,0.0,,0.0
162,7,1.00,9,19.27,23.75,23.25,0.0,0.00,0.0,0.0,,0.0
162,8,1.00,9,19.18,24.59,24.15,0.0,0.00,0.0,0.0,,0.0
162,9,1.00,9,19.31,24.89,24.48,0.0,0.00,0.0,0.0,,0.0
162,10,1.00,9,20.28,25.26,24.87,0.0,0.00,0.0,0.0,,0.0
162,11,1.00,9,20.69,25.64,25.28,0.0,0.00,0.0,0.0,,0.0
162,12,1.00,9,20.83,26.05,25.71,0.0,0.00,0.0,0.0,,0.0
162,13,1.00,9,20.71,26.50,25.81,-1048.9,0.00,0.0,0.0,,-1048.9
162,14,1.00,9,20.58,26.96,25.81,-2158.96,0.00,0.0,0.0,,-2158.96
162,15,1.00,9,20.81,27.45,25.81,-3187.84,0.00,0.0,0.0,,-3187.84
162,16,1.00,9,20.91,27.86,25.81,-3931.71,0.00,0.0,0.0,,-3931.71
162,17,1.00,9,20.63,28.12,25.81,-4230.69,0.00,0.0,0.0,,-4230.69
162,18,1.00,9,20.22,28.24,25.81,-4158.24,0.00,0.0,0.0,,-4158.24
162,19,1.00,9,19.60,27.44,26.22,0.0,0.00,0.0,0.0,,0.0
162,20,1.00,9,19.31,26.94,26.00,0.0,0.00,0.0,0.0,,0.0
162,21,1.00,9,19.34,26.51,25.67,0.0,0.00,0.0,0.0,,0.0
162,22,1.00,9,19.43,26.13,25.34,0.0,0.00,0.0,0.0,,0.0
162,23,1.00,9,19.53,25.78,25.03,0.0,0.00,0.0,0.0,,0.0
162,24,1.00,9,19.51,25.45,24.74,0.0,0.00,0.0,0.0,,0.0
162,1,2.00,9,19.60,25.15,24.48,0.0,0.00,0.0,0.0,,0.0
162,2,2.00,9,19.71,24.88,24.24,0.0,0.00,0.0,0.0,,0.0
162,3,2.00,9,19.70,24.62,24.01,0.0,0.00,0.0,0.0,,0.0
162,4,2.00,9,19.80,24.39,23.80,0.0,0.00,0.0,0.0,,0.0
162,5,2.00,9,19.81,24.17,23.61,0.0,0.00,0.0,0.0,,0.0
162,6,2.00,9,20.14,23.98,23.44,0.0,0.00,0.0,0.0,,0.0
162,7,2.00,9,20.06,23.79,23.28,0.0,0.00,0.0,0.0,,0.0
162,8,2.00,9,19.51,24.66,24.21,0.0,0.00,0.0,0.0,,0.0
162,9,2.00,9,19.51,24.95,24.54,0.0,0.00,0.0,0.0,,0.0
162,10,2.00,9,20.42,25.32,24.93,0.0,0.00,0.0,0.0,,0.0
162,11,2.00,9,20.68,25.68,25.31,0.0,0.00,0.0,0.0,,0.0
162,12,2.00,9,20.60,26.05,25.70,0.0,0.00,0.0,0.0,,0.0
162,13,2.00,9,19.91,26.40,25.81,-720.57,0.00,0.0,0.0,,-720.57
162,14,2.00,9,19.58,26.78,25.81,-1688.14,0.00,0.0,0.0,,-1688.14
162,15,2.00,9,19.71,27.20,25.81,-2616.69,0.00,0.0,0.0,,-2616.69
162,16,2.00,9,19.85,27.58,25.81,-3327.17,0.00,0.0,0.0,,-3327.17
162,17,2.00,9,19.46,27.79,25.81,-3531.19,0.00,0.0,0.0,,-3531.19
162,18,2.00,9,19.11,27.87,25.81,-3444.42,0.00,0.0,0.0,,-3444.42
162,19,2.00,9,18.43,27.11,26.04,0.0,0.00,0.0,0.0,,0.0
162,20,2.00,9,18.12,26.58,25.76,0.0,0.00,0.0,0.0,,0.0
162,21,2.00,9,18.19,26.14,25.39,0.0,0.00,0.0,0.0,,0.0
162,22,2.00,9,18.38,25.74,25.04,0.0,0.00,0.0,0.0,,0.0
162,23,2.00,9,18.44,25.37,24.70,0.0,0.00,0.0,0.0,,0.0
162,24,2.00,9,18.40,25.02,24.39,0.0,0.00,0.0,0.0,,0.0
162,1,3.00,9,18.47,24.70,24.10,0.0,0.00,0.0,0.0,,0.0
162,2,3.00,9,18.63,24.42,23.84,0.0,0.00,0.0,0.0,,0.0
162,3,3.00,9,18.69,24.15,23.60,0.0,0.00,0.0,0.0,,0.0
162,4,3.00,9,18.75,23.90,23.37,0.0,0.00,0.0,0.0,,0.0
162,5,3.00,9,18.94,23.68,23.17,0.0,0.00,0.0,0.0,,0.0
162,6,3.00,9,19.50,23.50,23.02,0.0,0.00,0.0,0.0,,0.0
162,7,3.00,9,19.25,23.31,22.84,0.0,0.00,0.0,0.0,,0.0
162,8,3.00,9,19.33,24.84,24.40,0.0,0.00,0.0,0.0,,0.0
162,9,3.00,9,19.51,25.40,24.97,0.0,0.00,0.0,-0.0,,0.0
162,10,3.00,9,20.41,25.84,25.44,0.0,0.00,0.0,-0.0,,0.0
162,11,3.00,9,20.56,26.30,25.90,0.0,0.00,0.0,-0.0,,0.0
162,12,3.00,9,20.58,26.79,26.42,0.0,0.00,0.0,-0.0,,0.0
162,13,3.00,9,20.43,27.37,27.01,0.0,0.00,0.0,0.0,,0.0
162,14,3.00,9,20.21,27.96,27.61,0.0,0.00,0.0,0.0,,0.0
162,15,3.00,9,19.80,28.50,28.17,0.0,0.00,0.0,0.0,,0.0
162,16,3.00,9,20.02,29.00,28.68,0.0,0.00,0.0,0.0,,0.0
162,17,3.00,9,19.74,29.38,29.07,0.0,0.00,0.0,0.0,,0.0
162,18,3.00,9,19.43,29.62,29.32,0.0,0.00,0.0,0.0,,0.0
162,19,3.00,9,18.80,27.98,27.69,0.0,0.00,0.0,0.0,,0.0
162,20,3.00,9,18.41,27.25,26.97,0.0,0.00,0.0,0.0,,0.0
162,21,3.00,9,18.44,26.73,26.47,0.0,0.00,0.0,0.0,,0.0
162,22,3.00,9,18.48,26.29,26.04,0.0,0.00,0.0,0.0,,0.0
162,23,3.00,9,18.53,25.89,25.64,0.0,0.00,0.0,0.0,,0.0
162,24,3.00,9,18.60,25.53,25.29,0.0,0.00,0.0,0.0,,0.0
162,1,4.00,9,18.68,25.19,24.96,0.0,0.00,0.0,0.0,,0.0
162,2,4.00,9,18.78,24.88,24.66,0.0,0.00,0.0,0.0,,0.0
162,3,4.00,9,18.86,24.60,24.38,0.0,0.00,0.0,0.0,,0.0
162,4,4.00,9,18.90,24.33,24.12,0.0,0.00,0.0,0.0,,0.0
162,5,4.00,9,19.05,24.09,23.88,0.0,0.00,0.0,0.0,,0.0
162,6,4.00,9,19.32,23.88,23.68,0.0,0.00,0.0,0.0,,0.0
162,7,4.00,9,19.16,23.66,23.47,0.0,0.00,0.0,0.0,,0.0
162,8,4.00,9,18.85,25.14,24.95,0.0,0.00,0.0,0.0,,0.0
162,9,4.00,9,18.80,25.64,25.47,0.0,0.00,0.0,0.0,,0.0
162,10,4.00,9,19.81,26.06,25.88,0.0,0.00,0.0,-0.0,,0.0
162,11,4.00,9,20.47,26.51,26.34,0.0,0.00,0.0,-0.0,,0.0
162,12,4.00,9,20.76,27.01,26.85,0.0,0.00,0.0,-0.0,,0.0
162,13,4.00,9,20.34,27.57,27.41,0.0,0.00,0.0,0.0,,0.0
162,14,4.00,9,20.32,28.16,28.00,0.0,0.00,0.0,0.0,,0.0
162,15,4.00,9,19.85,28.69,28.54,0.0,0.00,0.0,0.0,,0.0
162,16,4.00,9,20.04,29.19,29.04,0.0,0.00,0.0,0.0,,0.0
162,17,4.00,9,19.75,29.56,29.41,0.0,0.00,0.0,0.0,,0.0
162,18,4.00,9,19.40,29.78,29.64,0.0,0.00,0.0,0.0,,0.0
162,19,4.00,9,18.67,28.13,27.99,0.0,0.00,0.0,0.0,,0.0
162,20,4.00,9,18.45,27.40,27.26,0.0,0.00,0.0,0.0,,0.0
162,21,4.00,9,18.43,26.88,26.74,0.0,0.00,0.0,0.0,,0.0
162,22,4.00,9,18.49,26.43,26.30,0.0,0.00,0.0,0.0,,0.0
162,23,4.00,9,18.54,26.02,25.90,0.0,0.00,0.0,0.0,,0.0
162,24,4.00,9,18.61,25.65,25.53,0.0,0.00,0.0,0.0,,0.0
162,1,5.00,9,18.76,25.32,25.20,0.0,0.00,0.0,0.0,,0.0
162,2,5.00,9,18.86,25.01,24.89,0.0,0.00,0.0,0.0,,0.0
162,3,5.00,9,18.93,24.72,24.60,0.0,0.00,0.0,0.0,,0.0
162,4,5.00,9,18.98,24.45,24.34,0.0,0.00,0.0,0.0,,0.0
162,5,5.00,9,19.16,24.21,24.10,0.0,0.00,0.0,0.0,,0.0
162,6,5.00,9,19.45,23.99,23.89,0.0,0.00,0.0,0.0,,0.0
162,7,5.00,9,19.34,23.78,23.67,0.0,0.00,0.0,0.0,,0.0
162,8,5.00,9,18.92,24.58,24.49,0.0,0.00,0.0,0.0,,0.0
162,9,5.00,9,18.91,24.85,24.75,0.0,0.00,0.0,0.0,,0.0
162,10,5.00,9,19.62,25.16,25.07,0.0,0.00,0.0,0.0,,0.0
162,11,5.00,9,20.28,25.55,25.47,0.0,0.00,0.0,0.0,,0.0
162,12,5.00,9,20.45,25.96,25.81,-179.89,0.00,0.0,0.0,,-179.89
162,13,5.00,9,19.94,26.34,25.81,-1238.77,0.00,0.0,0.0,,-1238.77
162,14,5.00,9,19.72,26.75,25.81,-2144.68,0.00,0.0,0.0,,-2144.68
162,15,5.00,9,19.68,27.16,25.81,-2957.41,0.00,0.0,0.0,,-2957.41
162,16,5.00,9,19.59,27.50,25.81,-3519.75,0.00,0.0,0.0,,-3519.75
162,17,5.00,9,19.05,27.68,25.81,-3610.21,0.00,0.0,0.0,,-3610.21
162,18,5.00,9,18.36,27.70,25.81,-3319.06,0.00,0.0,0.0,,-3319.06
162,19,5.00,9,17.45,26.94,26.02,0.0,0.00,0.0,0.0,,0.0
162,20,5.00,9,16.91,26.37,25.69,0.0,0.00,0.0,0.0,,0.0
162,21,5.00,9,16.74,25.87,25.27,0.0,0.00,0.0,0.0,,0.0
162,22,5.00,9,16.70,25.41,24.85,0.0,0.00,0.0,0.0,,0.0
162,23,5.00,9,16.50,24.97,24.44,0.0,0.00,0.0,0.0,,0.0
162,24,5.00,9,16.08,24.54,24.03,0.0,0.00,0.0,0.0,,0.0
162,1,6.00,9,15.70,24.13,23.64,0.0,0.00,0.0,0.0,,0.0
162,2,6.00,9,15.62,23.74,23.27,0.0,0.00,0.0,0.0,,0.0
162,3,6.00,9,15.61,23.38,22.94,0.0,0.00,0.0,0.0,,0.0
162,4,6.00,9,15.45,23.04,22.61,0.0,0.00,0.0,0.0,,0.0
162,5,6.00,9,15.42,22.72,22.31,0.0,0.00,0.0,0.0,,0.0
162,6,6.00,9,15.65,22.43,22.05,0.0,0.00,0.0,0.0,,0.0
162,7,6.00,9,15.24,22.13,21.76,0.0,0.00,0.0,0.0,,0.0
162,8,6.00,9,15.04,22.69,22.36,0.0,0.00,0.0,0.0,,0.0
162,9,6.00,9,15.42,22.91,22.60,0.0,0.00,0.0,0.0,,0.0
162,10,6.00,9,16.52,23.23,22.95,0.0,0.00,0.0,0.0,,0.0
162,11,6.00,9,17.74,23.69,23.42,0.0,0.00,0.0,0.0,,0.0
162,12,6.00,9,18.64,24.22,23.96,0.0,0.00,0.0,0.0,,0.0
162,13,6.00,9,18.65,24.72,24.47,0.0,0.00,0.0,0.0,,0.0
162,14,6.00,9,18.76,25.24,25.01,0.0,0.00,0.0,0.0,,0.0
162,15,6.00,9,19.14,25.78,25.56,0.0,0.00,0.0,0.0,,0.0
162,16,6.00,9,19.48,26.26,25.81,-694.13,0.00,0.0,0.0,,-694.13
162,17,6.00,9,19.28,26.58,25.81,-1463.58,0.00,0.0,0.0,,-1463.58
162,18,6.00,9,18.93,26.74,25.81,-1668.63,0.00,0.0,0.0,,-1668.63
162,19,6.00,9,18.36,25.97,25.50,0.0,0.00,0.0,0.0,,0.0
162,20,6.00,9,18.13,25.50,25.14,0.0,0.00,0.0,0.0,,0.0
162,21,6.00,9,18.17,25.11,24.78,0.0,0.00,0.0,0.0,,0.0
162,22,6.00,9,18.34,24.76,24.45,0.0,0.00,0.0,0.0,,0.0
162,23,6.00,9,18.44,24.45,24.15,0.0,0.00,0.0,0.0,,0.0
162,24,6.00,9,18.59,24.16,23.88,0.0,0.00,0.0,0.0,,0.0
162,1,7.00,9,18.49,23.89,23.61,0.0,0.00,0.0,0.0,,0.0
162,2,7.00,9,18.66,23.65,23.38,0.0,0.00,0.0,0.0,,0.0
162,3,7.00,9,18.81,23.42,23.17,0.0,0.00,0.0,0.0,,0.0
162,4,7.00,9,18.82,23.21,22.97,0.0,0.00,0.0,0.0,,0.0
162,5,7.00,9,19.12,23.04,22.80,0.0,0.00,0.0,0.0,,0.0
162,6,7.00,9,18.82,22.84,22.62,0.0,0.00,0.0,0.0,,0.0
162,7,7.00,9,18.22,22.62,22.40,0.0,0.00,0.0,0.0,,0.0
162,8,7.00,9,18.27,23.51,23.32,0.0,0.00,0.0,0.0,,0.0
162,9,7.00,9,18.36,23.83,23.65,0.0,0.00,0.0,0.0,,0.0
162,10,7.00,9,19.08,24.18,24.01,0.0,0.00,0.0,0.0,,0.0
162,11,7.00,9,19.79,24.61,24.45,0.0,0.00,0.0,0.0,,0.0
162,12,7.00,9,20.17,25.08,24.92,0.0,0.00,0.0,0.0,,0.0
162,13,7.00,9,20.15,25.58,25.43,0.0,0.00,0.0,0.0,,0.0
162,14,7.00,9,19.85,26.05,25.81,-260.06,0.00,0.0,0.0,,-260.06
162,15,7.00,9,19.36,26.44,25.81,-1341.77,0.00,0.0,0.0,,-1341.77
162,16,7.00,9,19.52,26.84,25.81,-2201.55,0.00,0.0,0.0,,-2201.55
162,17,7.00,9,19.37,27.11,25.81,-2633.85,0.00,0.0,0.0,,-2633.85
162,18,7.00,9,18.90,27.22,25.81,-2609.94,0.00,0.0,0.0,,-2609.94
162,19,7.00,9,18.28,26.45,25.79,0.0,0.00,0.0,0.0,,0.0
162,20,7.00,9,18.00,25.94,25.46,0.0,0.00,0.0,0.0,,0.0
162,21,7.00,9,18.12,25.53,25.10,0.0,0.00,0.0,0.0,,0.0
162,22,7.00,9,18.24,25.15,24.75,0.0,0.00,0.0,0.0,,0.0
162,23,7.00,9,18.59,24.82,24.44,0.0,0.00,0.0,0.0,,0.0
162,24,7.00,9,18.71,24.52,24.16,0.0,0.00,0.0,0.0,,0.0
162,1,1.00,9,18.61,24.23,23.88,0.0,0.00,0.0,0.0,,0.0
162,2,1.00,9,18.82,23.97,23.64,0.0,0.00,0.0,0.0,,0.0
162,3,1.00,9,18.91,23.74,23.42,0.0,0.00,0.0,0.0,,0.0
162,4,1.00,9,18.94,23.51,23.21,0.0,0.00,0.0,0.0,,0.0
162,5,1.00,9,19.22,23.32,23.03,0.0,0.00,0.0,0.0,,0.0
162,6,1.00,9,19.18,23.13,22.85,0.0,0.00,0.0,0.0,,0.0
162,7,1.00,9,18.67,22.92,22.65,0.0,0.00,0.0,0.0,,0.0
162,8,1.00,9,18.74,23.82,23.59,0.0,0.00,0.0,0.0,,0.0
162,9,1.00,9,18.71,24.13,23.91,0.0,0.00,0.0,0.0,,0.0
162,10,1.00,9,19.64,24.51,24.30,0.0,0.00,0.0,0.0,,0.0
162,11,1.00,9,20.02,24.90,24.70,0.0,0.00,0.0,0.0,,0.0
162,12,1.00,9,20.17,25.32,25.13,0.0,0.00,0.0,0.0,,0.0
162,13,1.00,9,20.32,25.83,25.64,0.0,0.00,0.0,0.0,,0.0
162,14,1.00,9,20.25,26.32,25.81,-969.87,0.00,0.0,0.0,,-969.87
162,15,1.00,9,19.88,26.74,25.81,-1942.85,0.00,0.0,0.0,,-1942.85
162,16,1.00,9,19.91,27.13,25.81,-2721.44,0.00,0.0,0.0,,-2721.44
162,17,1.00,9,19.52,27.37,25.81,-3017.25,0.00,0.0,0.0,,-3017.25
162,18,1.00,9,18.93,27.44,25.81,-2897.58,0.00,0.0,0.0,,-2897.58
162,19,1.00,9,18.22,26.66,25.87,0.0,0.00,0.0,0.0,,0.0
162,20,1.00,9,17.92,26.14,25.56,0.0,0.00,0.0,0.0,,0.0
162,21,1.00,9,17.88,25.70,25.17,0.0,0.00,0.0,0.0,,0.0
162,22,1.00,9,17.78,25.28,24.79,0.0,0.00,0.0,0.0,,0.0
162,23,1.00,9,17.84,24.91,24.44,0.0,0.00,0.0,0.0,,0.0
162,24,1.00,9,17.77,24.56,24.11,0.0,0.00,0.0,0.0,,0.0
162,1,2.00,9,17.71,24.22,23.80,0.0,0.00,0.0,0.0,,0.0
162,2,2.00,9,17.67,23.91,23.51,0.0,0.00,0.0,0.0,,0.0
162,3,2.00,9,17.68,23.63,23.24,0.0,0.00,0.0,0.0,,0.0
162,4,2.00,9,17.93,23.38,23.00,0.0,0.00,0.0,0.0,,0.0
162,5,2.00,9,17.94,23.13,22.78,0.0,0.00,0.0,0.0,,0.0
162,6,2.00,9,17.97,22.91,22.57,0.0,0.00,0.0,0.0,,0.0
162,7,2.00,9,18.13,22.71,22.38,0.0,0.00,0.0,0.0,,0.0
162,8,2.00,9,18.22,23.58,23.30,0.0,0.00,0.0,0.0,,0.0
162,9,2.00,9,18.37,23.90,23.64,0.0,0.00,0.0,0.0,,0.0
162,10,2.00,9,18.94,24.23,23.98,0.0,0.00,0.0,0.0,,0.0
162,11,2.00,9,19.70,24.66,24.42,0.0,0.00,0.0,0.0,,0.0
162,12,2.00,9,19.84,25.09,24.86,0.0,0.00,0.0,0.0,,0.0
162,13,2.00,9,19.83,25.57,25.35,0.0,0.00,0.0,0.0,,0.0
162,14,2.00,9,20.03,26.09,25.81,-213.41,0.00,0.0,0.0,,-213.41
162,15,2.00,9,20.05,26.58,25.81,-1590.46,0.00,0.0,0.0,,-1590.46
162,16,2.00,9,20.08,27.00,25.81,-2442.23,0.00,0.0,0.0,,-2442.23
162,17,2.00,9,19.65,27.25,25.81,-2783.81,0.00,0.0,0.0,,-2783.81
162,18,2.00,9,19.20,27.36,25.81,-2782.36,0.00,0.0,0.0,,-2782.36
162,19,2.00,9,18.58,26.58,25.83,0.0,0.00,0.0,0.0,,0.0
162,20,2.00,9,18.27,26.07,25.52,0.0,0.00,0.0,0.0,,0.0
162,21,2.00,9,18.29,25.65,25.15,0.0,0.00,0.0,0.0,,0.0
162,22,2.00,9,18.43,25.27,24.81,0.0,0.00,0.0,0.0,,0.0
162,23,2.00,9,18.58,24.93,24.49,0.0,0.00,0.0,0.0,,0.0
162,24,2.00,9,18.67,24.62,24.19,0.0,0.00,0.0,0.0,,0.0
162,1,3.00,9,18.48,24.31,23.91,0.0,0.00,0.0,0.0,,0.0
162,2,3.00,9,18.44,24.03,23.64,0.0,0.00,0.0,0.0,,0.0
162,3,3.00,9,18.29,23.75,23.38,0.0,0.00,0.0,0.0,,0.0
162,4,3.00,9,18.21,23.49,23.13,0.0,0.00,0.0,0.0,,0.0
162,5,3.00,9,17.97,23.23,22.89,0.0,0.00,0.0,0.0,,0.0
162,6,3.00,9,18.08,23.00,22.68,0.0,0.00,0.0,0.0,,0.0
162,7,3.00,9,17.62,22.75,22.44,0.0,0.00,0.0,0.0,,0.0
162,8,3.00,9,18.00,24.27,23.96,0.0,0.00,0.0,0.0,,0.0
162,9,3.00,9,17.94,24.78,24.49,0.0,0.00,0.0,0.0,,0.0
162,10,3.00,9,18.60,25.18,24.90,0.0,0.00,0.0,-0.0,,0.0
162,11,3.00,9,19.37,25.63,25.36,0.0,0.00,0.0,-0.0,,0.0
162,12,3.00,9,19.73,26.14,25.88,0.0,0.00,0.0,-0.0,,0.0
162,13,3.00,9,19.78,26.73,26.48,0.0,0.00,0.0,0.0,,0.0
162,14,3.00,9,20.06,27.37,27.13,0.0,0.00,0.0,0.0,,0.0
162,15,3.00,9,20.25,27.98,27.75,0.0,0.00,0.0,0.0,,0.0
162,16,3.00,9,20.33,28.53,28.30,0.0,0.00,0.0,0.0,,0.0
162,17,3.00,9,20.05,28.94,28.73,0.0,0.00,0.0,0.0,,0.0
162,18,3.00,9,19.75,29.21,29.00,0.0,0.00,0.0,0.0,,0.0
162,19,3.00,9,19.16,27.61,27.41,0.0,0.00,0.0,0.0,,0.0
162,20,3.00,9,18.88,26.92,26.72,0.0,0.00,0.0,0.0,,0.0
162,21,3.00,9,18.72,26.43,26.24,0.0,0.00,0.0,0.0,,0.0
162,22,3.00,9,18.83,26.02,25.83,0.0,0.00,0.0,0.0,,0.0
162,23,3.00,9,18.97,25.65,25.47,0.0,0.00,0.0,0.0,,0.0
162,24,3.00,9,19.18,25.32,25.15,0.0,0.00,0.0,0.0,,0.0
162,1,4.00,9,19.25,25.01,24.85,0.0,0.00,0.0,0.0,,0.0
162,2,4.00,9,19.28,24.73,24.57,0.0,0.00,0.0,0.0,,0.0
162,3,4.00,9,19.28,24.46,24.30,0.0,0.00,0.0,0.0,,0.0
162,4,4.00,9,19.11,24.20,24.04,0.0,0.00,0.0,0.0,,0.0
162,5,4.00,9,19.19,23.96,23.81,0.0,0.00,0.0,0.0,,0.0
162,6,4.00,9,19.54,23.76,23.62,0.0,0.00,0.0,0.0,,0.0
162,7,4.00,9,19.31,23.55,23.41,0.0,0.00,0.0,0.0,,0.0
162,8,4.00,9,18.91,25.03,24.89,0.0,0.00,0.0,0.0,,0.0
162,9,4.00,9,18.66,25.52,25.39,0.0,0.00,0.0,0.0,,0.0
162,10,4.00,9,19.00,25.88,25.75,0.0,0.00,0.0,-0.0,,0.0
162,11,4.00,9,19.86,26.31,26.19,0.0,0.00,0.0,-0.0,,0.0
162,12,4.00,9,20.28,26.81,26.69,0.0,0.00,0.0,-0.0,,0.0
162,13,4.00,9,20.34,27.39,27.27,0.0,0.00,0.0,0.0,,0.0
162,14,4.00,9,20.23,27.98,27.86,0.0,0.00,0.0,0.0,,0.0
162,15,4.00,9,19.82,28.52,28.41,0.0,0.00,0.0,0.0,,0.0
162,16,4.00,9,19.78,29.01,28.89,0.0,0.00,0.0,0.0,,0.0
162,17,4.00,9,19.53,29.37,29.26,0.0,0.00,0.0,0.0,,0.0
162,18,4.00,9,19.07,29.59,29.48,0.0,0.00,0.0,0.0,,0.0
162,19,4.00,9,18.21,27.92,27.81,0.0,0.00,0.0,0.0,,0.0
162,20,4.00,9,17.78,27.16,27.06,0.0,0.00,0.0,0.0,,0.0
162,21,4.00,9,17.42,26.60,26.49,0.0,0.00,0.0,0.0,,0.0
162,22,4.00,9,17.22,26.10,26.00,0.0,0.00,0.0,0.0,,0.0
162,23,4.00,9,17.06,25.64,25.54,0.0,0.00,0.0,0.0,,0.0
162,24,4.00,9,16.94,25.21,25.12,0.0,0.00,0.0,0.0,,0.0
162,1,5.00,9,16.79,24.81,24.71,0.0,0.00,0.0,0.0,,0.0
162,2,5.00,9,16.52,24.42,24.32,0.0,0.00,0.0,0.0,,0.0
162,3,5.00,9,16.37,24.04,23.95,0.0,0.00,0.0,0.0,,0.0
162,4,5.00,9,16.13,23.68,23.59,0.0,0.00,0.0,0.0,,0.0
162,5,5.00,9,16.04,23.35,23.26,0.0,0.00,0.0,0.0,,0.0
162,6,5.00,9,16.26,23.05,22.96,0.0,0.00,0.0,0.0,,0.0
162,7,5.00,9,16.11,22.75,22.67,0.0,0.00,0.0,0.0,,0.0
162,8,5.00,9,16.26,23.38,23.30,0.0,0.00,0.0,0.0,,0.0
162,9,5.00,9,16.64,23.63,23.55,0.0,0.00,0.0,0.0,,0.0
162,10,5.00,9,17.76,23.97,23.90,0.0,0.00,0.0,0.0,,0.0
162,11,5.00,9,18.98,24.45,24.37,0.0,0.00,0.0,0.0,,0.0
162,12,5.00,9,19.62,24.94,24.87,0.0,0.00,0.0,0.0,,0.0
162,13,5.00,9,19.86,25.48,25.41,0.0,0.00,0.0,0.0,,0.0
162,14,5.00,9,20.02,26.02,25.81,-411.09,0.00,0.0,0.0,,-411.09
162,15,5.00,9,19.92,26.50,25.81,-1690.56,0.00,0.0,0.0,,-1690.56
162,16,5.00,9,19.77,26.89,25.81,-2445.34,0.00,0.0,0.0,,-2445.34
162,17,5.00,9,19.30,27.13,25.81,-2746.61,0.00,0.0,0.0,,-2746.61
162,18,5.00,9,18.72,27.21,25.81,-2658.23,0.00,0.0,0.0,,-2658.23
162,19,5.00,9,17.62,26.41,25.78,0.0,0.00,0.0,0.0,,0.0
162,20,5.00,9,17.04,25.86,25.42,0.0,0.00,0.0,0.0,,0.0
162,21,5.00,9,16.73,25.38,24.99,0.0,0.00,0.0,0.0,,0.0
162,22,5.00,9,16.65,24.94,24.57,0.0,0.00,0.0,0.0,,0.0
162,23,5.00,9,16.47,24.52,24.17,0.0,0.00,0.0,0.0,,0.0
162,24,5.00,9,16.51,24.14,23.81,0.0,0.00,0.0,0.0,,0.0
162,1,6.00,9,16.13,23.76,23.44,0.0,0.00,0.0,0.0,,0.0
162,2,6.00,9,15.70,23.38,23.08,0.0,0.00,0.0,0.0,,0.0
162,3,6.00,9,15.27,23.01,22.72,0.0,0.00,0.0,0.0,,0.0
162,4,6.00,9,15.30,22.68,22.40,0.0,0.00,0.0,0.0,,0.0
162,5,6.00,9,14.87,22.34,22.07,0.0,0.00,0.0,0.0,,0.0
162,6,6.00,9,14.81,22.03,21.77,0.0,0.00,0.0,0.0,,0.0
162,7,6.00,9,14.97,21.75,21.50,0.0,0.00,0.0,0.0,,0.0
162,8,6.00,9,14.98,22.35,22.14,0.0,0.00,0.0,0.0,,0.0
162,9,6.00,9,15.24,22.58,22.37,0.0,0.00,0.0,0.0,,0.0
162,10,6.00,9,16.82,22.98,22.79,0.0,0.00,0.0,0.0,,0.0
162,11,6.00,9,18.35,23.53,23.34,0.0,0.00,0.0,0.0,,0.0
162,12,6.00,9,19.25,24.10,23.92,0.0,0.00,0.0,0.0,,0.0
162,13,6.00,9,19.43,24.66,24.50,0.0,0.00,0.0,0.0,,0.0
162,14,6.00,9,19.72,25.26,25.10,0.0,0.00,0.0,0.0,,0.0
162,15,6.00,9,19.63,25.77,25.62,0.0,0.00,0.0,0.0,,0.0
162,16,6.00,9,19.50,26.20,25.81,-706.88,0.00,0.0,0.0,,-706.88
162,17,6.00,9,19.15,26.49,25.81,-1367.24,0.00,0.0,0.0,,-1367.24
162,18,6.00,9,18.66,26.62,25.81,-1497.43,0.00,0.0,0.0,,-1497.43
162,19,6.00,9,17.25,25.78,25.39,0.0,0.00,0.0,0.0,,0.0
162,20,6.00,9,16.43,25.23,24.94,0.0,0.00,0.0,0.0,,0.0
162,21,6.00,9,16.26,24.76,24.50,0.0,0.00,0.0,0.0,,0.0
162,22,6.00,9,15.90,24.31,24.06,0.0,0.00,0.0,0.0,,0.0
162,23,6.00,9,16.01,23.91,23.68,0.0,0.00,0.0,0.0,,0.0
162,24,6.00,9,15.85,23.53,23.31,0.0,0.00,0.0,0.0,,0.0
162,1,7.00,9,15.53,23.16,22.94,0.0,0.00,0.0,0.0,,0.0
162,2,7.00,9,15.44,22.81,22.60,0.0,0.00,0.0,0.0,,0.0
162,3,7.00,9,15.30,22.49,22.28,0.0,0.00,0.0,0.0,,0.0
162,4,7.00,9,15.20,22.18,21.98,0.0,0.00,0.0,0.0,,0.0
162,5,7.00,9,15.24,21.89,21.70,0.0,0.00,0.0,0.0,,0.0
162,6,7.00,9,15.36,21.63,21.45,0.0,0.00,0.0,0.0,,0.0
162,7,7.00,9,15.36,21.38,21.21,0.0,0.00,0.0,0.0,,0.0
162,8,7.00,9,15.46,22.10,21.95,0.0,0.00,0.0,0.0,,0.0
162,9,7.00,9,16.10,22.43,22.29,0.0,0.00,0.0,0.0,,0.0
162,10,7.00,9,17.92,22.94,22.80,0.0,0.00,0.0,0.0,,0.0
162,11,7.00,9,19.50,23.55,23.42,0.0,0.00,0.0,0.0,,0.0
162,12,7.00,9,20.26,24.16,24.03,0.0,0.00,0.0,0.0,,0.0
162,13,7.00,9,20.46,24.77,24.65,0.0,0.00,0.0,0.0,,0.0
162,14,7.00,9,20.68,25.40,25.28,0.0,0.00,0.0,0.0,,0.0
162,15,7.00,9,20.72,25.97,25.81,-125.9,0.00,0.0,0.0,,-125.9
162,16,7.00,9,20.64,26.44,25.81,-1484.25,0.00,0.0,0.0,,-1484.25
162,17,7.00,9,20.27,26.77,25.81,-2064.08,0.00,0.0,0.0,,-2064.08
162,18,7.00,9,19.71,26.92,25.81,-2186.43,0.00,0.0,0.0,,-2186.43
162,19,7.00,9,18.55,26.07,25.57,0.0,0.00,0.0,0.0,,0.0
162,20,7.00,9,17.82,25.54,25.19,0.0,0.00,0.0,0.0,,0.0
162,21,7.00,9,17.61,25.10,24.79,0.0,0.00,0.0,0.0,,0.0
162,22,7.00,9,17.64,24.71,24.42,0.0,0.00,0.0,0.0,,0.0
162,23,7.00,9,17.50,24.34,24.06,0.0,0.00,0.0,0.0,,0.0
162,24,7.00,9,17.35,23.99,23.73,0.0,0.00,0.0,0.0,,0.0
162,1,1.00,9,17.08,23.65,23.40,0.0,0.00,0.0,0.0,,0.0
162,2,1.00,9,17.10,23.34,23.10,0.0,0.00,0.0,0.0,,0.0
162,3,1.00,9,16.89,23.04,22.81,0.0,0.00,0.0,0.0,,0.0
162,4,1.00,9,16.56,22.74,22.52,0.0,0.00,0.0,0.0,,0.0
162,5,1.00,9,16.07,22.44,22.22,0.0,0.00,0.0,0.0,,0.0
162,6,1.00,9,15.96,22.16,21.95,0.0,0.00,0.0,0.0,,0.0
162,7,1.00,9,15.64,21.87,21.68,0.0,0.00,0.0,0.0,,0.0
162,8,1.00,9,15.47,22.51,22.33,0.0,0.00,0.0,0.0,,0.0
162,9,1.00,9,15.47,22.70,22.54,0.0,0.00,0.0,0.0,,0.0
162,10,1.00,9,16.77,23.06,22.90,0.0,0.00,0.0,0.0,,0.0
162,11,1.00,9,17.68,23.49,23.34,0.0,0.00,0.0,0.0,,0.0
162,12,1.00,9,18.23,23.95,23.81,0.0,0.00,0.0,0.0,,0.0
162,13,1.00,9,18.13,24.42,24.28,0.0,0.00,0.0,0.0,,0.0
162,14,1.00,9,18.51,24.96,24.83,0.0,0.00,0.0,0.0,,0.0
162,15,1.00,9,18.20,25.39,25.27,0.0,0.00,0.0,0.0,,0.0
162,16,1.00,9,18.37,25.81,25.69,0.0,0.00,0.0,0.0,,0.0
162,17,1.00,9,18.23,26.10,25.81,-489.24,0.00,0.0,0.0,,-489.24
162,18,1.00,9,17.79,26.21,25.81,-708.42,0.00,0.0,0.0,,-708.42
162,19,1.00,9,16.97,25.45,25.23,0.0,0.00,0.0,0.0,,0.0
162,20,1.00,9,16.23,24.91,24.74,0.0,0.00,0.0,0.0,,0.0
162,21,1.00,9,16.38,24.48,24.32,0.0,0.00,0.0,0.0,,0.0
162,22,1.00,9,16.35,24.08,23.92,0.0,0.00,0.0,0.0,,0.0
162,23,1.00,9,16.25,23.70,23.55,0.0,0.00,0.0,0.0,,0.0
162,24,1.00,9,16.21,23.35,23.20,0.0,0.00,0.0,0.0,,0.0
162,1,2.00,9,16.00,23.00,22.87,0.0,0.00,0.0,0.0,,0.0
162,2,2.00,9,15.99,22.69,22.56,0.0,0.00,0.0,0.0,,0.0
162,3,2.00,9,15.99,22.40,22.27,0.0,0.00,0.0,0.0,,0.0
162,4,2.00,9,16.17,22.14,22.01,0.0,0.00,0.0,0.0,,0.0
162,5,2.00,9,16.31,21.90,21.78,0.0,0.00,0.0,0.0,,0.0
162,6,2.00,9,16.76,21.71,21.59,0.0,0.00,0.0,0.0,,0.0
162,7,2.00,9,16.99,21.53,21.41,0.0,0.00,0.0,0.0,,0.0
162,8,2.00,9,17.10,22.43,22.33,0.0,0.00,0.0,0.0,,0.0
162,9,2.00,9,17.54,22.81,22.71,0.0,0.00,0.0,0.0,,0.0
162,10,2.00,9,18.32,23.20,23.11,0.0,0.00,0.0,0.0,,0.0
162,11,2.00,9,18.87,23.64,23.55,0.0,0.00,0.0,0.0,,0.0
162,12,2.00,9,19.35,24.13,24.05,0.0,0.00,0.0,0.0,,0.0
162,13,2.00,9,19.92,24.74,24.66,0.0,0.00,0.0,0.0,,0.0
162,14,2.00,9,20.30,25.37,25.28,0.0,0.00,0.0,0.0,,0.0
162,15,2.00,9,20.34,25.92,25.81,-77.59,0.00,0.0,0.0,,-77.59
162,16,2.00,9,20.25,26.37,25.81,-1383.31,0.00,0.0,0.0,,-1383.31
162,17,2.00,9,20.35,26.75,25.81,-2132.47,0.00,0.0,0.0,,-2132.47
162,18,2.00,9,19.67,26.90,25.81,-2193.62,0.00,0.0,0.0,,-2193.62
162,19,2.00,9,19.00,26.07,25.61,0.0,0.00,0.0,0.0,,0.0
162,20,2.00,9,18.14,25.55,25.24,0.0,0.00,0.0,0.0,,0.0
162,21,2.00,9,18.07,25.13,24.86,0.0,0.00,0.0,0.0,,0.0
162,22,2.00,9,17.96,24.75,24.49,0.0,0.00,0.0,0.0,,0.0
162,23,2.00,9,17.53,24.37,24.12,0.0,0.00,0.0,0.0,,0.0
162,24,2.00,9,17.37,24.01,23.78,0.0,0.00,0.0,0.0,,0.0
162,1,3.00,9,17.03,23.67,23.44,0.0,0.00,0.0,0.0,,0.0
162,2,3.00,9,17.07,23.36,23.14,0.0,0.00,0.0,0.0,,0.0
162,3,3.00,9,17.27,23.08,22.87,0.0,0.00,0.0,0.0,,0.0
162,4,3.00,9,17.18,22.81,22.61,0.0,0.00,0.0,0.0,,0.0
162,5,3.00,9,17.33,22.57,22.38,0.0,0.00,0.0,0.0,,0.0
162,6,3.00,9,17.21,22.34,22.15,0.0,0.00,0.0,0.0,,0.0
162,7,3.00,9,16.04,22.03,21.85,0.0,0.00,0.0,0.0,,0.0
162,8,3.00,9,15.93,23.48,23.30,0.0,0.00,0.0,0.0,,0.0
162,9,3.00,9,16.27,23.97,23.81,0.0,0.00,0.0,0.0,,0.0
162,10,3.00,9,17.72,24.40,24.24,0.0,0.00,0.0,0.0,,0.0
162,11,3.00,9,18.33,24.85,24.69,0.0,0.00,0.0,0.0,,0.0
162,12,3.00,9,18.80,25.37,25.22,0.0,0.00,0.0,0.0,,0.0
162,13,3.00,9,19.58,26.01,25.87,0.0,0.00,0.0,0.0,,0.0
162,14,3.00,9,20.13,26.70,26.56,0.0,0.00,0.0,0.0,,0.0
162,15,3.00,9,20.40,27.36,27.22,0.0,0.00,0.0,0.0,,0.0
162,16,3.00,9,20.14,27.92,27.79,0.0,0.00,0.0,0.0,,0.0
162,17,3.00,9,19.80,28.35,28.22,0.0,0.00,0.0,0.0,,0.0
162,18,3.00,9,19.25,28.62,28.50,0.0,0.00,0.0,0.0,,0.0
162,19,3.00,9,18.28,27.00,26.88,0.0,0.00,0.0,0.0,,0.0
162,20,3.00,9,17.62,26.27,26.15,0.0,0.00,0.0,0.0,,0.0
162,21,3.00,9,17.37,25.75,25.63,0.0,0.00,0.0,0.0,,0.0
162,22,3.00,9,17.20,25.29,25.18,0.0,0.00,0.0,0.0,,0.0
162,23,3.00,9,17.03,24.87,24.76,0.0,0.00,0.0,0.0,,0.0
162,24,3.00,9,16.68,24.46,24.35,0.0,0.00,0.0,0.0,,0.0
162,1,4.00,9,16.40,24.07,23.96,0.0,0.00,0.0,0.0,,0.0
162,2,4.00,9,15.94,23.68,23.57,0.0,0.00,0.0,0.0,,0.0
162,3,4.00,9,15.55,23.29,23.20,0.0,0.00,0.0,0.0,,0.0
162,4,4.00,9,15.40,22.94,22.84,0.0,0.00,0.0,0.0,,0.0
162,5,4.00,9,15.07,22.59,22.49,0.0,0.00,0.0,0.0,,0.0
162,6,4.00,9,15.22,22.28,22.19,0.0,0.00,0.0,0.0,,0.0
162,7,4.00,9,15.29,21.99,21.90,0.0,0.00,0.0,0.0,,0.0
162,8,4.00,9,15.51,23.44,23.36,0.0,0.00,0.0,0.0,,0.0
162,9,4.00,9,16.02,23.95,23.86,0.0,0.00,0.0,0.0,,0.0
162,10,4.00,9,17.07,24.34,24.26,0.0,0.00,0.0,0.0,,0.0
162,11,4.00,9,17.67,24.77,24.69,0.0,0.00,0.0,0.0,,0.0
162,12,4.00,9,18.31,25.29,25.20,0.0,0.00,0.0,0.0,,0.0
162,13,4.00,9,18.68,25.89,25.81,0.0,0.00,0.0,0.0,,0.0
162,14,4.00,9,18.88,26.53,26.45,0.0,0.00,0.0,0.0,,0.0
162,15,4.00,9,18.71,27.12,27.04,0.0,0.00,0.0,0.0,,0.0
162,16,4.00,9,18.70,27.64,27.56,0.0,0.00,0.0,0.0,,0.0
162,17,4.00,9,18.43,28.04,27.96,0.0,0.00,0.0,0.0,,0.0
162,18,4.00,9,18.07,28.29,28.21,0.0,0.00,0.0,0.0,,0.0
162,19,4.00,9,16.98,26.63,26.56,0.0,0.00,0.0,0.0,,0.0
162,20,4.00,9,16.25,25.87,25.80,0.0,0.00,0.0,0.0,,0.0
162,21,4.00,9,16.02,25.32,25.25,0.0,0.00,0.0,0.0,,0.0
162,22,4.00,9,16.10,24.85,24.78,0.0,0.00,0.0,0.0,,0.0
162,23,4.00,9,16.01,24.42,24.35,0.0,0.00,0.0,0.0,,0.0
162,24,4.00,9,15.85,24.01,23.94,0.0,0.00,0.0,0.0,,0.0
162,1,5.00,9,15.48,23.61,23.54,0.0,0.00,0.0,0.0,,0.0
162,2,5.00,9,15.28,23.23,23.16,0.0,0.00,0.0,0.0,,0.0
162,3,5.00,9,15.08,22.86,22.80,0.0,0.00,0.0,0.0,,0.0
162,4,5.00,9,15.08,22.53,22.47,0.0,0.00,0.0,0.0,,0.0
162,5,5.00,9,14.90,22.20,22.14,0.0,0.00,0.0,0.0,,0.0
162,6,5.00,9,15.50,21.95,21.88,0.0,0.00,0.0,0.0,,0.0
162,7,5.00,9,15.71,21.70,21.64,0.0,0.00,0.0,0.0,,0.0
162,8,5.00,9,15.97,22.44,22.39,0.0,0.00,0.0,0.0,,0.0
162,9,5.00,9,16.39,22.75,22.69,0.0,0.00,0.0,0.0,,0.0
162,10,5.00,9,17.26,23.10,23.05,0.0,0.00,0.0,0.0,,0.0
162,11,5.00,9,17.88,23.50,23.45,0.0,0.00,0.0,0.0,,0.0
162,12,5.00,9,18.60,24.00,23.95,0.0,0.00,0.0,0.0,,0.0
162,13,5.00,9,18.87,24.54,24.49,0.0,0.00,0.0,0.0,,0.0
162,14,5.00,9,19.13,25.10,25.05,0.0,0.00,0.0,0.0,,0.0
162,15,5.00,9,19.13,25.60,25.56,0.0,0.00,0.0,0.0,,0.0
162,16,5.00,9,19.05,26.02,25.81,-469.21,0.00,0.0,0.0,,-469.21
162,17,5.00,9,18.90,26.32,25.81,-1226.19,0.00,0.0,0.0,,-1226.19
162,18,5.00,9,18.56,26.47,25.81,-1404.7,0.00,0.0,0.0,,-1404.7
162,19,5.00,9,17.40,25.66,25.39,0.0,0.00,0.0,0.0,,0.0
162,20,5.00,9,16.59,25.11,24.93,0.0,0.00,0.0,0.0,,0.0
162,21,5.00,9,16.20,24.64,24.48,0.0,0.00,0.0,0.0,,0.0
162,22,5.00,9,16.18,24.21,24.06,0.0,0.00,0.0,0.0,,0.0
162,23,5.00,9,15.99,23.81,23.67,0.0,0.00,0.0,0.0,,0.0
162,24,5.00,9,16.07,23.45,23.31,0.0,0.00,0.0,0.0,,0.0
162,1,6.00,9,15.80,23.09,22.96,0.0,0.00,0.0,0.0,,0.0
162,2,6.00,9,15.42,22.73,22.61,0.0,0.00,0.0,0.0,,0.0
162,3,6.00,9,15.21,22.40,22.27,0.0,0.00,0.0,0.0,,0.0
162,4,6.00,9,15.18,22.09,21.97,0.0,0.00,0.0,0.0,,0.0
162,5,6.00,9,14.91,21.78,21.66,0.0,0.00,0.0,0.0,,0.0
162,6,6.00,9,15.01,21.51,21.39,0.0,0.00,0.0,0.0,,0.0
162,7,6.00,9,14.79,21.23,21.12,0.0,0.00,0.0,0.0,,0.0
162,8,6.00,9,14.98,21.90,21.81,0.0,0.00,0.0,0.0,,0.0
162,9,6.00,9,14.82,22.09,22.00,0.0,0.00,0.0,0.0,,0.0
162,10,6.00,9,15.64,22.38,22.29,0.0,0.00,0.0,0.0,,0.0
162,11,6.00,9,16.85,22.83,22.75,0.0,0.00,0.0,0.0,,0.0
162,12,6.00,9,18.30,23.44,23.36,0.0,0.00,0.0,0.0,,0.0
162,13,6.00,9,18.71,24.04,23.96,0.0,0.00,0.0,0.0,,0.0
162,14,6.00,9,18.99,24.63,24.56,0.0,0.00,0.0,0.0,,0.0
162,15,6.00,9,18.95,25.15,25.08,0.0,0.00,0.0,0.0,,0.0
162,16,6.00,9,18.99,25.61,25.54,0.0,0.00,0.0,0.0,,0.0
162,17,6.00,9,18.74,25.92,25.81,-117.87,0.00,0.0,0.0,,-117.87
162,18,6.00,9,18.52,26.10,25.81,-624.18,0.00,0.0,0.0,,-624.18
162,19,6.00,9,17.20,25.27,25.13,0.0,0.00,0.0,0.0,,0.0
162,20,6.00,9,16.00,24.70,24.60,0.0,0.00,0.0,0.0,,0.0
162,21,6.00,9,15.61,24.22,24.12,0.0,0.00,0.0,0.0,,0.0
162,22,6.00,9,15.75,23.80,23.71,0.0,0.00,0.0,0.0,,0.0
162,23,6.00,9,15.79,23.42,23.33,0.0,0.00,0.0,0.0,,0.0
162,24,6.00,9,15.58,23.05,22.96,0.0,0.00,0.0,0.0,,0.0
162,1,7.00,9,15.51,22.71,22.62,0.0,0.00,0.0,0.0,,0.0
162,2,7.00,9,15.29,22.37,22.29,0.0,0.00,0.0,0.0,,0.0
162,3,7.00,9,15.07,22.05,21.97,0.0,0.00,0.0,0.0,,0.0
162,4,7.00,9,15.01,21.75,21.67,0.0,0.00,0.0,0.0,,0.0
162,5,7.00,9,14.98,21.47,21.39,0.0,0.00,0.0,0.0,,0.0
162,6,7.00,9,15.06,21.21,21.14,0.0,0.00,0.0,0.0,,0.0
162,7,7.00,9,15.10,20.97,20.90,0.0,0.00,0.0,0.0,,0.0
162,8,7.00,9,15.59,21.77,21.70,0.0,0.00,0.0,0.0,,0.0
162,9,7.00,9,16.19,22.13,22.06,0.0,0.00,0.0,0.0,,0.0
162,10,7.00,9,17.12,22.51,22.45,0.0,0.00,0.0,0.0,,0.0
162,11,7.00,9,18.14,23.01,22.95,0.0,0.00,0.0,0.0,,0.0
162,12,7.00,9,18.88,23.56,23.50,0.0,0.00,0.0,0.0,,0.0
162,13,7.00,9,19.16,24.14,24.08,0.0,0.00,0.0,0.0,,0.0
162,14,7.00,9,19.31,24.72,24.67,0.0,0.00,0.0,0.0,,0.0
162,15,7.00,9,19.31,25.25,25.20,0.0,0.00,0.0,0.0,,0.0
162,16,7.00,9,19.16,25.69,25.64,0.0,0.00,0.0,0.0,,0.0
162,17,7.00,9,18.89,26.00,25.81,-383.29,0.00,0.0,0.0,,-383.29
162,18,7.00,9,18.55,26.16,25.81,-758.63,0.00,0.0,0.0,,-758.63
162,19,7.00,9,17.70,25.35,25.20,0.0,0.00,0.0,0.0,,0.0
162,20,7.00,9,17.28,24.86,24.75,0.0,0.00,0.0,0.0,,0.0
162,21,7.00,9,17.11,24.43,24.34,0.0,0.00,0.0,0.0,,0.0
162,22,7.00,9,17.01,24.05,23.96,0.0,0.00,0.0,0.0,,0.0
162,23,7.00,9,16.77,23.68,23.59,0.0,0.00,0.0,0.0,,0.0
162,24,7.00,9,16.65,23.34,23.25,0.0,0.00,0.0,0.0,,0.0
162,1,1.00,10,16.56,23.02,22.93,0.0,0.00,0.0,0.0,,0.0
162,2,1.00,10,16.16,22.69,22.61,0.0,0.00,0.0,0.0,,0.0
162,3,1.00,10,16.10,22.39,22.31,0.0,0.00,0.0,0.0,,0.0
162,4,1.00,10,16.22,22.13,22.05,0.0,0.00,0.0,0.0,,0.0
162,5,1.00,10,16.18,21.87,21.79,0.0,0.00,0.0,0.0,,0.0
162,6,1.00,10,16.21,21.63,21.56,0.0,0.00,0.0,0.0,,0.0
162,7,1.00,10,16.02,21.40,21.32,0.0,0.00,0.0,0.0,,0.0
162,8,1.00,10,16.07,22.18,22.12,0.0,0.00,0.0,0.0,,0.0
162,9,1.00,10,16.49,22.51,22.45,0.0,0.00,0.0,0.0,,0.0
162,10,1.00,10,17.54,22.89,22.83,0.0,0.00,0.0,0.0,,0.0
162,11,1.00,10,18.41,23.34,23.28,0.0,0.00,0.0,0.0,,0.0
162,12,1.00,10,19.20,23.87,23.82,0.0,0.00,0.0,0.0,,0.0
162,13,1.00,10,19.68,24.43,24.37,0.0,0.00,0.0,0.0,,0.0
162,14,1.00,10,19.74,24.94,24.88,0.0,0.00,0.0,0.0,,0.0
162,15,1.00,10,19.65,25.38,25.33,0.0,0.00,0.0,0.0,,0.0
162,16,1.00,10,19.21,25.71,25.66,0.0,0.00,0.0,0.0,,0.0
162,17,1.00,10,18.62,25.89,25.68,-485.09,0.00,0.0,0.0,,-485.09
162,18,1.00,10,18.08,25.95,25.68,-536.38,0.00,0.0,0.0,,-536.38
162,19,1.00,10,16.96,25.11,24.98,0.0,0.00,0.0,0.0,,0.0
162,20,1.00,10,16.29,24.59,24.49,0.0,0.00,0.0,0.0,,0.0
162,21,1.00,10,15.78,24.13,24.04,0.0,0.00,0.0,0.0,,0.0
162,22,1.00,10,15.22,23.68,23.60,0.0,0.00,0.0,0.0,,0.0
162,23,1.00,10,14.94,23.27,23.18,0.0,0.00,0.0,0.0,,0.0
162,24,1.00,10,14.93,22.89,22.81,0.0,0.00,0.0,0.0,,0.0
162,1,2.00,10,14.73,22.52,22.44,0.0,0.00,0.0,0.0,,0.0
162,2,2.00,10,14.70,22.18,22.11,0.0,0.00,0.0,0.0,,0.0
162,3,2.00,10,14.41,21.84,21.77,0.0,0.00,0.0,0.0,,0.0
162,4,2.00,10,14.23,21.52,21.45,0.0,0.00,0.0,0.0,,0.0
162,5,2.00,10,14.40,21.24,21.17,0.0,0.00,0.0,0.0,,0.0
162,6,2.00,10,14.52,20.98,20.91,0.0,0.00,0.0,0.0,,0.0
162,7,2.00,10,14.55,20.73,20.66,0.0,0.00,0.0,0.0,,0.0
162,8,2.00,10,14.86,21.47,21.41,0.0,0.00,0.0,0.0,,0.0
162,9,2.00,10,15.62,21.83,21.77,0.0,0.00,0.0,0.0,,0.0
162,10,2.00,10,16.95,22.27,22.21,0.0,0.00,0.0,0.0,,0.0
162,11,2.00,10,18.39,22.82,22.77,0.0,0.00,0.0,0.0,,0.0
162,12,2.00,10,19.43,23.44,23.39,0.0,0.00,0.0,0.0,,0.0
162,13,2.00,10,19.54,23.99,23.94,0.0,0.00,0.0,0.0,,0.0
162,14,2.00,10,19.49,24.50,24.45,0.0,0.00,0.0,0.0,,0.0
162,15,2.00,10,19.51,24.98,24.93,0.0,0.00,0.0,0.0,,0.0
162,16,2.00,10,19.41,25.37,25.33,0.0,0.00,0.0,0.0,,0.0
162,17,2.00,10,19.02,25.63,25.58,0.0,0.00,0.0,0.0,,0.0
162,18,2.00,10,18.53,25.74,25.68,-56.82,0.00,0.0,0.0,,-56.82
162,19,2.00,10,17.34,24.88,24.82,0.0,0.00,0.0,0.0,,0.0
162,20,2.00,10,16.59,24.36,24.31,0.0,0.00,0.0,0.0,,0.0
162,21,2.00,10,16.50,23.95,23.90,0.0,0.00,0.0,0.0,,0.0
162,22,2.00,10,16.64,23.59,23.54,0.0,0.00,0.0,0.0,,0.0
162,23,2.00,10,16.57,23.26,23.21,0.0,0.00,0.0,0.0,,0.0
162,24,2.00,10,16.46,22.94,22.89,0.0,0.00,0.0,0.0,,0.0
162,1,3.00,10,16.36,22.64,22.59,0.0,0.00,0.0,0.0,,0.0
162,2,3.00,10,16.16,22.34,22.29,0.0,0.00,0.0,0.0,,0.0
162,3,3.00,10,15.85,22.05,22.00,0.0,0.00,0.0,0.0,,0.0
162,4,3.00,10,15.86,21.78,21.74,0.0,0.00,0.0,0.0,,0.0
162,5,3.00,10,15.76,21.53,21.48,0.0,0.00,0.0,0.0,,0.0
162,6,3.00,10,15.99,21.31,21.26,0.0,0.00,0.0,0.0,,0.0
162,7,3.00,10,15.82,21.08,21.04,0.0,0.00,0.0,0.0,,0.0
162,8,3.00,10,16.46,22.63,22.59,0.0,0.00,0.0,0.0,,0.0
162,9,3.00,10,16.73,23.20,23.16,0.0,0.00,0.0,0.0,,0.0
162,10,3.00,10,17.25,23.62,23.57,0.0,0.00,0.0,-0.0,,0.0
162,11,3.00,10,17.80,24.06,24.01,0.0,0.00,0.0,-0.0,,0.0
162,12,3.00,10,18.40,24.59,24.55,0.0,0.00,0.0,-0.0,,0.0
162,13,3.00,10,18.59,25.16,25.12,0.0,0.00,0.0,0.0,,0.0
162,14,3.00,10,18.82,25.75,25.70,0.0,0.00,0.0,0.0,,0.0
162,15,3.00,10,18.83,26.30,26.25,0.0,0.00,0.0,0.0,,0.0
162,16,3.00,10,18.93,26.79,26.75,0.0,0.00,0.0,0.0,,0.0
162,17,3.00,10,18.65,27.17,27.12,0.0,0.00,0.0,0.0,,0.0
162,18,3.00,10,18.00,27.38,27.34,0.0,0.00,0.0,0.0,,0.0
162,19,3.00,10,16.90,25.74,25.69,0.0,0.00,0.0,0.0,,0.0
162,20,3.00,10,16.37,25.03,24.98,0.0,0.00,0.0,0.0,,0.0
162,21,3.00,10,16.14,24.53,24.49,0.0,0.00,0.0,0.0,,0.0
162,22,3.00,10,16.33,24.13,24.09,0.0,0.00,0.0,0.0,,0.0
162,23,3.00,10,16.37,23.76,23.72,0.0,0.00,0.0,0.0,,0.0
162,24,3.00,10,16.25,23.40,23.36,0.0,0.00,0.0,0.0,,0.0
162,1,4.00,10,16.02,23.06,23.02,0.0,0.00,0.0,0.0,,0.0
162,2,4.00,10,16.00,22.74,22.70,0.0,0.00,0.0,0.0,,0.0
162,3,4.00,10,15.61,22.42,22.38,0.0,0.00,0.0,0.0,,0.0
162,4,4.00,10,15.74,22.14,22.10,0.0,0.00,0.0,0.0,,0.0
162,5,4.00,10,15.69,21.86,21.82,0.0,0.00,0.0,0.0,,0.0
162,6,4.00,10,16.15,21.64,21.60,0.0,0.00,0.0,0.0,,0.0
162,7,4.00,10,15.75,21.39,21.35,0.0,0.00,0.0,0.0,,0.0
162,8,4.00,10,16.00,22.89,22.85,0.0,0.00,0.0,0.0,,0.0
162,9,4.00,10,15.86,23.40,23.36,0.0,0.00,0.0,0.0,,0.0
162,10,4.00,10,16.81,23.80,23.76,0.0,0.00,0.0,-0.0,,0.0
162,11,4.00,10,17.65,24.23,24.19,0.0,0.00,0.0,-0.0,,0.0
162,12,4.00,10,18.51,24.77,24.73,0.0,0.00,0.0,-0.0,,0.0
162,13,4.00,10,18.68,25.34,25.30,0.0,0.00,0.0,0.0,,0.0
162,14,4.00,10,18.94,25.92,25.89,0.0,0.00,0.0,0.0,,0.0
162,15,4.00,10,18.85,26.47,26.43,0.0,0.00,0.0,0.0,,0.0
162,16,4.00,10,18.78,26.94,26.90,0.0,0.00,0.0,0.0,,0.0
162,17,4.00,10,18.55,27.30,27.27,0.0,0.00,0.0,0.0,,0.0
162,18,4.00,10,18.05,27.52,27.49,0.0,0.00,0.0,0.0,,0.0
162,19,4.00,10,16.90,25.87,25.83,0.0,0.00,0.0,0.0,,0.0
162,20,4.00,10,16.09,25.13,25.09,0.0,0.00,0.0,0.0,,0.0
162,21,4.00,10,16.05,24.63,24.60,0.0,0.00,0.0,0.0,,0.0
162,22,4.00,10,15.90,24.20,24.16,0.0,0.00,0.0,0.0,,0.0
162,23,4.00,10,15.86,23.80,23.76,0.0,0.00,0.0,0.0,,0.0
162,24,4.00,10,15.73,23.42,23.39,0.0,0.00,0.0,0.0,,0.0
162,1,5.00,10,15.49,23.06,23.02,0.0,0.00,0.0,0.0,,0.0
162,2,5.00,10,15.25,22.70,22.67,0.0,0.00,0.0,0.0,,0.0
162,3,5.00,10,15.06,22.37,22.33,0.0,0.00,0.0,0.0,,0.0
162,4,5.00,10,15.11,22.06,22.02,0.0,0.00,0.0,0.0,,0.0
162,5,5.00,10,15.12,21.77,21.73,0.0,0.00,0.0,0.0,,0.0
162,6,5.00,10,15.27,21.51,21.47,0.0,0.00,0.0,0.0,,0.0
162,7,5.00,10,15.16,21.25,21.21,0.0,0.00,0.0,0.0,,0.0
162,8,5.00,10,15.27,21.96,21.93,0.0,0.00,0.0,0.0,,0.0
162,9,5.00,10,15.75,22.26,22.23,0.0,0.00,0.0,0.0,,0.0
162,10,5.00,10,17.09,22.67,22.64,0.0,0.00,0.0,0.0,,0.0
162,11,5.00,10,18.33,23.17,23.14,0.0,0.00,0.0,0.0,,0.0
162,12,5.00,10,19.32,23.75,23.72,0.0,0.00,0.0,0.0,,0.0
162,13,5.00,10,19.27,24.25,24.22,0.0,0.00,0.0,0.0,,0.0
162,14,5.00,10,19.36,24.74,24.71,0.0,0.00,0.0,0.0,,0.0
162,15,5.00,10,19.25,25.18,25.15,0.0,0.00,0.0,0.0,,0.0
162,16,5.00,10,19.09,25.54,25.51,0.0,0.00,0.0,0.0,,0.0
162,17,5.00,10,18.64,25.76,25.68,-147.52,0.00,0.0,0.0,,-147.52
162,18,5.00,10,18.27,25.86,25.68,-398.25,0.00,0.0,0.0,,-398.25
162,19,5.00,10,16.94,24.99,24.92,0.0,0.00,0.0,0.0,,0.0
162,20,5.00,10,16.06,24.45,24.39,0.0,0.00,0.0,0.0,,0.0
162,21,5.00,10,15.56,23.99,23.93,0.0,0.00,0.0,0.0,,0.0
162,22,5.00,10,15.41,23.57,23.52,0.0,0.00,0.0,0.0,,0.0
162,23,5.00,10,15.36,23.18,23.14,0.0,0.00,0.0,0.0,,0.0
162,24,5.00,10,15.55,22.84,22.79,0.0,0.00,0.0,0.0,,0.0
162,1,6.00,10,15.39,22.50,22.46,0.0,0.00,0.0,0.0,,0.0
162,2,6.00,10,15.17,22.18,22.13,0.0,0.00,0.0,0.0,,0.0
162,3,6.00,10,15.20,21.88,21.84,0.0,0.00,0.0,0.0,,0.0
162,4,6.00,10,15.24,21.60,21.56,0.0,0.00,0.0,0.0,,0.0
162,5,6.00,10,15.15,21.34,21.29,0.0,0.00,0.0,0.0,,0.0
162,6,6.00,10,15.24,21.09,21.05,0.0,0.00,0.0,0.0,,0.0
162,7,6.00,10,15.06,20.85,20.81,0.0,0.00,0.0,0.0,,0.0
162,8,6.00,10,15.15,21.60,21.56,0.0,0.00,0.0,0.0,,0.0
162,9,6.00,10,15.63,21.92,21.88,0.0,0.00,0.0,0.0,,0.0
162,10,6.00,10,16.85,22.32,22.29,0.0,0.00,0.0,0.0,,0.0
162,11,6.00,10,18.00,22.82,22.78,0.0,0.00,0.0,0.0,,0.0
162,12,6.00,10,19.09,23.41,23.38,0.0,0.00,0.0,0.0,,0.0
162,13,6.00,10,19.37,23.97,23.94,0.0,0.00,0.0,0.0,,0.0
162,14,6.00,10,19.52,24.50,24.47,0.0,0.00,0.0,0.0,,0.0
162,15,6.00,10,19.67,25.00,24.97,0.0,0.00,0.0,0.0,,0.0
162,16,6.00,10,19.31,25.37,25.34,0.0,0.00,0.0,0.0,,0.0
162,17,6.00,10,18.71,25.58,25.55,0.0,0.00,0.0,0.0,,0.0
162,18,6.00,10,18.10,25.66,25.62,0.0,0.00,0.0,0.0,,0.0
162,19,6.00,10,16.84,24.79,24.76,0.0,0.00,0.0,0.0,,0.0
162,20,6.00,10,15.96,24.25,24.22,0.0,0.00,0.0,0.0,,0.0
162,21,6.00,10,15.45,23.79,23.76,0.0,0.00,0.0,0.0,,0.0
162,22,6.00,10,15.19,23.37,23.34,0.0,0.00,0.0,0.0,,0.0
162,23,6.00,10,14.85,22.96,22.93,0.0,0.00,0.0,0.0,,0.0
162,24,6.00,10,14.57,22.57,22.54,0.0,0.00,0.0,0.0,,0.0
162,1,7.00,10,14.23,22.19,22.16,0.0,0.00,0.0,0.0,,0.0
162,2,7.00,10,13.84,21.82,21.79,0.0,0.00,0.0,0.0,,0.0
162,3,7.00,10,13.61,21.47,21.44,0.0,0.00,0.0,0.0,,0.0
162,4,7.00,10,13.50,21.14,21.10,0.0,0.00,0.0,0.0,,0.0
162,5,7.00,10,13.28,20.81,20.78,0.0,0.00,0.0,0.0,,0.0
162,6,7.00,10,13.72,20.54,20.51,0.0,0.00,0.0,0.0,,0.0
162,7,7.00,10,13.96,20.30,20.27,0.0,0.00,0.0,0.0,,0.0
162,8,7.00,10,14.19,21.01,20.98,0.0,0.00,0.0,0.0,,0.0
162,9,7.00,10,14.46,21.29,21.26,0.0,0.00,0.0,0.0,,0.0
162,10,7.00,10,15.46,21.64,21.61,0.0,0.00,0.0,0.0,,0.0
162,11,7.00,10,16.87,22.14,22.11,0.0,0.00,0.0,0.0,,0.0
162,12,7.00,10,18.22,22.77,22.74,0.0,0.00,0.0,0.0,,0.0
162,13,7.00,10,19.04,23.41,23.38,0.0,0.00,0.0,0.0,,0.0
162,14,7.00,10,19.43,24.01,23.98,0.0,0.00,0.0,0.0,,0.0
162,15,7.00,10,19.40,24.52,24.49,0.0,0.00,0.0,0.0,,0.0
162,16,7.00,10,19.25,24.93,24.91,0.0,0.00,0.0,0.0,,0.0
162,17,7.00,10,19.12,25.25,25.22,0.0,0.00,0.0,0.0,,0.0
162,18,7.00,10,18.51,25.37,25.35,0.0,0.00,0.0,0.0,,0.0
162,19,7.00,10,17.50,24.51,24.48,0.0,0.00,0.0,0.0,,0.0
162,20,7.00,10,16.83,24.01,23.99,0.0,0.00,0.0,0.0,,0.0
162,21,7.00,10,16.76,23.63,23.60,0.0,0.00,0.0,0.0,,0.0
162,22,7.00,10,16.45,23.27,23.24,0.0,0.00,0.0,0.0,,0.0
162,23,7.00,10,16.16,22.92,22.89,0.0,0.00,0.0,0.0,,0.0
162,24,7.00,10,15.89,22.59,22.56,0.0,0.00,0.0,0.0,,0.0
162,1,1.00,10,15.99,22.29,22.26,0.0,0.00,0.0,0.0,,0.0
162,2,1.00,10,16.11,22.02,21.99,0.0,0.00,0.0,0.0,,0.0
162,3,1.00,10,16.14,21.76,21.73,0.0,0.00,0.0,0.0,,0.0
162,4,1.00,10,16.09,21.52,21.49,0.0,0.00,0.0,0.0,,0.0
162,5,1.00,10,16.04,21.29,21.26,0.0,0.00,0.0,0.0,,0.0
162,6,1.00,10,16.27,21.09,21.06,0.0,0.00,0.0,0.0,,0.0
162,7,1.00,10,16.14,20.88,20.86,0.0,0.00,0.0,0.0,,0.0
162,8,1.00,10,16.26,21.76,21.74,0.0,0.00,0.0,0.0,,0.0
162,9,1.00,10,16.37,22.09,22.06,0.0,0.00,0.0,0.0,,0.0
162,10,1.00,10,17.38,22.47,22.45,0.0,0.00,0.0,0.0,,0.0
162,11,1.00,10,17.99,22.89,22.87,0.0,0.00,0.0,0.0,,0.0
162,12,1.00,10,18.60,23.39,23.37,0.0,0.00,0.0,0.0,,0.0
162,13,1.00,10,19.02,23.93,23.90,0.0,0.00,0.0,0.0,,0.0
162,14,1.00,10,19.51,24.49,24.47,0.0,0.00,0.0,0.0,,0.0
162,15,1.00,10,19.37,24.95,24.93,0.0,0.00,0.0,0.0,,0.0
162,16,1.00,10,19.27,25.34,25.31,0.0,0.00,0.0,0.0,,0.0
162,17,1.00,10,19.14,25.62,25.60,0.0,0.00,0.0,0.0,,0.0
162,18,1.00,10,19.10,25.81,25.68,-311.88,0.00,0.0,0.0,,-311.88
162,19,1.00,10,17.87,24.92,24.86,0.0,0.00,0.0,0.0,,0.0
162,20,1.00,10,17.05,24.41,24.37,0.0,0.00,0.0,0.0,,0.0
162,21,1.00,10,16.81,24.00,23.96,0.0,0.00,0.0,0.0,,0.0
162,22,1.00,10,16.62,23.62,23.58,0.0,0.00,0.0,0.0,,0.0
162,23,1.00,10,16.51,23.27,23.24,0.0,0.00,0.0,0.0,,0.0
162,24,1.00,10,16.76,22.97,22.93,0.0,0.00,0.0,0.0,,0.0
162,1,2.00,10,16.56,22.67,22.63,0.0,0.00,0.0,0.0,,0.0
162,2,2.00,10,16.42,22.38,22.34,0.0,0.00,0.0,0.0,,0.0
162,3,2.00,10,16.70,22.13,22.10,0.0,0.00,0.0,0.0,,0.0
162,4,2.00,10,16.92,21.91,21.87,0.0,0.00,0.0,0.0,,0.0
162,5,2.00,10,17.00,21.70,21.66,0.0,0.00,0.0,0.0,,0.0
162,6,2.00,10,16.95,21.49,21.46,0.0,0.00,0.0,0.0,,0.0
162,7,2.00,10,16.81,21.29,21.26,0.0,0.00,0.0,0.0,,0.0
162,8,2.00,10,17.21,22.24,22.21,0.0,0.00,0.0,0.0,,0.0
162,9,2.00,10,17.78,22.66,22.63,0.0,0.00,0.0,0.0,,0.0
162,10,2.00,10,18.56,23.06,23.03,0.0,0.00,0.0,0.0,,0.0
162,11,2.00,10,19.14,23.49,23.46,0.0,0.00,0.0,0.0,,0.0
162,12,2.00,10,19.66,24.00,23.97,0.0,0.00,0.0,0.0,,0.0
162,13,2.00,10,19.70,24.48,24.46,0.0,0.00,0.0,0.0,,0.0
162,14,2.00,10,19.62,24.95,24.92,0.0,0.00,0.0,0.0,,0.0
162,15,2.00,10,19.63,25.39,25.37,0.0,0.00,0.0,0.0,,0.0
162,16,2.00,10,19.66,25.78,25.68,-227.66,0.00,0.0,0.0,,-227.66
162,17,2.00,10,19.50,26.05,25.68,-956.64,0.00,0.0,0.0,,-956.64
162,18,2.00,10,19.24,26.19,25.68,-1149.38,0.00,0.0,0.0,,-1149.38
162,19,2.00,10,18.01,25.31,25.11,0.0,0.00,0.0,0.0,,0.0
162,20,2.00,10,17.20,24.78,24.65,0.0,0.00,0.0,0.0,,0.0
162,21,2.00,10,16.78,24.34,24.23,0.0,0.00,0.0,0.0,,0.0
162,22,2.00,10,16.81,23.96,23.86,0.0,0.00,0.0,0.0,,0.0
162,23,2.00,10,16.84,23.61,23.51,0.0,0.00,0.0,0.0,,0.0
162,24,2.00,10,16.88,23.29,23.19,0.0,0.00,0.0,0.0,,0.0
162,1,3.00,10,16.63,22.97,22.88,0.0,0.00,0.0,0.0,,0.0
162,2,3.00,10,16.48,22.66,22.58,0.0,0.00,0.0,0.0,,0.0
162,3,3.00,10,16.38,22.38,22.29,0.0,0.00,0.0,0.0,,0.0
162,4,3.00,10,16.28,22.10,22.02,0.0,0.00,0.0,0.0,,0.0
162,5,3.00,10,16.05,21.83,21.75,0.0,0.00,0.0,0.0,,0.0
162,6,3.00,10,16.03,21.58,21.51,0.0,0.00,0.0,0.0,,0.0
162,7,3.00,10,15.81,21.33,21.26,0.0,0.00,0.0,0.0,,0.0
162,8,3.00,10,16.19,22.84,22.77,0.0,0.00,0.0,0.0,,0.0
162,9,3.00,10,16.60,23.40,23.33,0.0,0.00,0.0,0.0,,0.0
162,10,3.00,10,17.90,23.84,23.78,0.0,0.00,0.0,0.0,,0.0
162,11,3.00,10,18.81,24.32,24.26,0.0,0.00,0.0,0.0,,0.0
162,12,3.00,10,19.33,24.88,24.81,0.0,0.00,0.0,-0.0,,0.0
162,13,3.00,10,19.83,25.49,25.43,0.0,0.00,0.0,0.0,,0.0
162,14,3.00,10,19.76,26.08,26.02,0.0,0.00,0.0,0.0,,0.0
162,15,3.00,10,19.79,26.65,26.59,0.0,0.00,0.0,0.0,,0.0
162,16,3.00,10,19.81,27.15,27.10,0.0,0.00,0.0,0.0,,0.0
162,17,3.00,10,19.70,27.55,27.49,0.0,0.00,0.0,0.0,,0.0
162,18,3.00,10,19.27,27.80,27.75,0.0,0.00,0.0,0.0,,0.0
162,19,3.00,10,18.32,26.19,26.13,0.0,0.00,0.0,0.0,,0.0
162,20,3.00,10,17.68,25.50,25.45,0.0,0.00,0.0,0.0,,0.0
162,21,3.00,10,17.32,25.01,24.96,0.0,0.00,0.0,0.0,,0.0
162,22,3.00,10,17.33,24.61,24.56,0.0,0.00,0.0,0.0,,0.0
162,23,3.00,10,17.40,24.25,24.20,0.0,0.00,0.0,0.0,,0.0
162,24,3.00,10,17.69,23.93,23.89,0.0,0.00,0.0,0.0,,0.0
162,1,4.00,10,17.90,23.65,23.60,0.0,0.00,0.0,0.0,,0.0
162,2,4.00,10,17.84,23.37,23.32,0.0,0.00,0.0,0.0,,0.0
162,3,4.00,10,17.50,23.08,23.04,0.0,0.00,0.0,0.0,,0.0
162,4,4.00,10,17.24,22.80,22.76,0.0,0.00,0.0,0.0,,0.0
162,5,4.00,10,15.97,22.46,22.42,0.0,0.00,0.0,0.0,,0.0
162,6,4.00,10,16.58,22.21,22.17,0.0,0.00,0.0,0.0,,0.0
162,7,4.00,10,16.93,21.99,21.95,0.0,0.00,0.0,0.0,,0.0
162,8,4.00,10,17.51,23.53,23.49,0.0,0.00,0.0,0.0,,0.0
162,9,4.00,10,17.75,24.09,24.05,0.0,0.00,0.0,0.0,,0.0
162,10,4.00,10,18.22,24.48,24.44,0.0,0.00,0.0,-0.0,,0.0
162,11,4.00,10,19.08,24.93,24.89,0.0,0.00,0.0,-0.0,,0.0
162,12,4.00,10,19.22,25.43,25.40,0.0,0.00,0.0,-0.0,,0.0
162,13,4.00,10,19.61,26.00,25.96,0.0,0.00,0.0,0.0,,0.0
162,14,4.00,10,19.28,26.54,26.50,0.0,0.00,0.0,0.0,,0.0
162,15,4.00,10,19.15,27.04,27.01,0.0,0.00,0.0,0.0,,0.0
162,16,4.00,10,19.17,27.50,27.46,0.0,0.00,0.0,0.0,,0.0
162,17,4.00,10,19.03,27.85,27.81,0.0,0.00,0.0,0.0,,0.0
162,18,4.00,10,18.20,28.03,27.99,0.0,0.00,0.0,0.0,,0.0
162,19,4.00,10,17.18,26.35,26.32,0.0,0.00,0.0,0.0,,0.0
162,20,4.00,10,16.80,25.63,25.59,0.0,0.00,0.0,0.0,,0.0
162,21,4.00,10,16.32,25.10,25.06,0.0,0.00,0.0,0.0,,0.0
162,22,4.00,10,16.42,24.66,24.63,0.0,0.00,0.0,0.0,,0.0
162,23,4.00,10,16.34,24.25,24.22,0.0,0.00,0.0,0.0,,0.0
162,24,4.00,10,16.00,23.85,23.82,0.0,0.00,0.0,0.0,,0.0
162,1,5.00,10,15.75,23.47,23.43,0.0,0.00,0.0,0.0,,0.0
162,2,5.00,10,15.94,23.13,23.10,0.0,0.00,0.0,0.0,,0.0
162,3,5.00,10,15.69,22.79,22.76,0.0,0.00,0.0,0.0,,0.0
162,4,5.00,10,15.65,22.47,22.44,0.0,0.00,0.0,0.0,,0.0
162,5,5.00,10,15.71,22.18,22.15,0.0,0.00,0.0,0.0,,0.0
162,6,5.00,10,16.11,21.94,21.91,0.0,0.00,0.0,0.0,,0.0
162,7,5.00,10,15.90,21.68,21.65,0.0,0.00,0.0,0.0,,0.0
162,8,5.00,10,16.12,22.44,22.41,0.0,0.00,0.0,0.0,,0.0
162,9,5.00,10,16.43,22.73,22.71,0.0,0.00,0.0,0.0,,0.0
162,10,5.00,10,17.90,23.16,23.13,0.0,0.00,0.0,0.0,,0.0
162,11,5.00,10,19.28,23.69,23.66,0.0,0.00,0.0,0.0,,0.0
162,12,5.00,10,19.99,24.24,24.22,0.0,0.00,0.0,0.0,,0.0
162,13,5.00,10,20.49,24.82,24.79,0.0,0.00,0.0,0.0,,0.0
162,14,5.00,10,21.05,25.42,25.39,0.0,0.00,0.0,0.0,,0.0
162,15,5.00,10,21.65,26.01,25.68,-907.88,0.00,0.0,0.0,,-907.88
162,16,5.00,10,21.81,26.50,25.68,-2091.87,0.00,0.0,0.0,,-2091.87
162,17,5.00,10,21.18,26.78,25.68,-2464.28,0.00,0.0,0.0,,-2464.28
162,18,5.00,10,20.11,26.83,25.68,-2295.1,0.00,0.0,0.0,,-2295.1
162,19,5.00,10,18.72,25.90,25.42,0.0,0.00,0.0,0.0,,0.0
162,20,5.00,10,17.64,25.34,25.01,0.0,0.00,0.0,0.0,,0.0
162,21,5.00,10,16.94,24.86,24.58,0.0,0.00,0.0,0.0,,0.0
162,22,5.00,10,16.63,24.43,24.17,0.0,0.00,0.0,0.0,,0.0
162,23,5.00,10,16.29,24.02,23.77,0.0,0.00,0.0,0.0,,0.0
162,24,5.00,10,15.97,23.62,23.39,0.0,0.00,0.0,0.0,,0.0
162,1,6.00,10,15.63,23.24,23.02,0.0,0.00,0.0,0.0,,0.0
162,2,6.00,10,15.37,22.87,22.66,0.0,0.00,0.0,0.0,,0.0
162,3,6.00,10,15.03,22.51,22.31,0.0,0.00,0.0,0.0,,0.0
162,4,6.00,10,14.89,22.17,21.98,0.0,0.00,0.0,0.0,,0.0
162,5,6.00,10,14.69,21.84,21.66,0.0,0.00,0.0,0.0,,0.0
162,6,6.00,10,14.44,21.53,21.35,0.0,0.00,0.0,0.0,,0.0
162,7,6.00,10,14.18,21.21,21.04,0.0,0.00,0.0,0.0,,0.0
162,8,6.00,10,14.47,21.83,21.68,0.0,0.00,0.0,0.0,,0.0
162,9,6.00,10,14.81,22.06,21.93,0.0,0.00,0.0,0.0,,0.0
162,10,6.00,10,16.04,22.41,22.28,0.0,0.00,0.0,0.0,,0.0
162,11,6.00,10,17.21,22.86,22.73,0.0,0.00,0.0,0.0,,0.0
162,12,6.00,10,18.03,23.37,23.25,0.0,0.00,0.0,0.0,,0.0
162,13,6.00,10,18.28,23.86,23.75,0.0,0.00,0.0,0.0,,0.0
162,14,6.00,10,18.41,24.34,24.24,0.0,0.00,0.0,0.0,,0.0
162,15,6.00,10,18.51,24.79,24.69,0.0,0.00,0.0,0.0,,0.0
162,16,6.00,10,18.61,25.18,25.08,0.0,0.00,0.0,0.0,,0.0
162,17,6.00,10,18.44,25.44,25.35,0.0,0.00,0.0,0.0,,0.0
162,18,6.00,10,18.19,25.58,25.49,0.0,0.00,0.0,0.0,,0.0
162,19,6.00,10,17.33,24.75,24.66,0.0,0.00,0.0,0.0,,0.0
162,20,6.00,10,16.52,24.24,24.15,0.0,0.00,0.0,0.0,,0.0
162,21,6.00,10,16.31,23.82,23.74,0.0,0.00,0.0,0.0,,0.0
162,22,6.00,10,16.22,23.45,23.37,0.0,0.00,0.0,0.0,,0.0
162,23,6.00,10,16.10,23.10,23.02,0.0,0.00,0.0,0.0,,0.0
162,24,6.00,10,16.31,22.79,22.71,0.0,0.00,0.0,0.0,,0.0
162,1,7.00,10,16.08,22.48,22.40,0.0,0.00,0.0,0.0,,0.0
162,2,7.00,10,16.05,22.19,22.12,0.0,0.00,0.0,0.0,,0.0
162,3,7.00,10,16.16,21.93,21.86,0.0,0.00,0.0,0.0,,0.0
162,4,7.00,10,15.98,21.67,21.60,0.0,0.00,0.0,0.0,,0.0
162,5,7.00,10,15.86,21.42,21.35,0.0,0.00,0.0,0.0,,0.0
162,6,7.00,10,15.77,21.18,21.12,0.0,0.00,0.0,0.0,,0.0
162,7,7.00,10,15.46,20.94,20.88,0.0,0.00,0.0,0.0,,0.0
162,8,7.00,10,15.83,21.76,21.71,0.0,0.00,0.0,0.0,,0.0
162,9,7.00,10,15.81,22.04,21.98,0.0,0.00,0.0,0.0,,0.0
162,10,7.00,10,16.98,22.42,22.37,0.0,0.00,0.0,0.0,,0.0
162,11,7.00,10,18.02,22.89,22.84,0.0,0.00,0.0,0.0,,0.0
162,12,7.00,10,18.72,23.42,23.37,0.0,0.00,0.0,0.0,,0.0
162,13,7.00,10,19.13,23.96,23.91,0.0,0.00,0.0,0.0,,0.0
162,14,7.00,10,19.31,24.48,24.44,0.0,0.00,0.0,0.0,,0.0
162,15,7.00,10,19.37,24.96,24.91,0.0,0.00,0.0,0.0,,0.0
162,16,7.00,10,19.14,25.32,25.28,0.0,0.00,0.0,0.0,,0.0
162,17,7.00,10,18.71,25.56,25.52,0.0,0.00,0.0,0.0,,0.0
162,18,7.00,10,17.96,25.61,25.57,0.0,0.00,0.0,0.0,,0.0
162,19,7.00,10,17.20,24.78,24.74,0.0,0.00,0.0,0.0,,0.0
162,20,7.00,10,16.65,24.28,24.24,0.0,0.00,0.0,0.0,,0.0
162,21,7.00,10,16.28,23.86,23.82,0.0,0.00,0.0,0.0,,0.0
162,22,7.00,10,16.10,23.47,23.43,0.0,0.00,0.0,0.0,,0.0
162,23,7.00,10,15.97,23.11,23.07,0.0,0.00,0.0,0.0,,0.0
162,24,7.00,10,15.93,22.77,22.73,0.0,0.00,0.0,0.0,,0.0
162,1,1.00,10,15.52,22.43,22.39,0.0,0.00,0.0,0.0,,0.0
162,2,1.00,10,15.30,22.10,22.07,0.0,0.00,0.0,0.0,,0.0
162,3,1.00,10,15.32,21.81,21.77,0.0,0.00,0.0,0.0,,0.0
162,4,1.00,10,15.34,21.53,21.50,0.0,0.00,0.0,0.0,,0.0
162,5,1.00,10,15.20,21.26,21.23,0.0,0.00,0.0,0.0,,0.0
162,6,1.00,10,15.73,21.05,21.01,0.0,0.00,0.0,0.0,,0.0
162,7,1.00,10,15.75,20.84,20.80,0.0,0.00,0.0,0.0,,0.0
162,8,1.00,10,15.90,21.68,21.65,0.0,0.00,0.0,0.0,,0.0
162,9,1.00,10,16.46,22.06,22.03,0.0,0.00,0.0,0.0,,0.0
162,10,1.00,10,17.38,22.45,22.42,0.0,0.00,0.0,0.0,,0.0
162,11,1.00,10,18.14,22.89,22.86,0.0,0.00,0.0,0.0,,0.0
162,12,1.00,10,18.54,23.37,23.34,0.0,0.00,0.0,0.0,,0.0
162,13,1.00,10,18.91,23.89,23.86,0.0,0.00,0.0,0.0,,0.0
162,14,1.00,10,19.09,24.40,24.38,0.0,0.00,0.0,0.0,,0.0
162,15,1.00,10,19.04,24.85,24.82,0.0,0.00,0.0,0.0,,0.0
162,16,1.00,10,18.96,25.23,25.20,0.0,0.00,0.0,0.0,,0.0
162,17,1.00,10,18.90,25.52,25.49,0.0,0.00,0.0,0.0,,0.0
162,18,1.00,10,18.08,25.58,25.55,0.0,0.00,0.0,0.0,,0.0
162,19,1.00,10,17.45,24.75,24.73,0.0,0.00,0.0,0.0,,0.0
162,20,1.00,10,16.83,24.26,24.23,0.0,0.00,0.0,0.0,,0.0
162,21,1.00,10,16.20,23.82,23.79,0.0,0.00,0.0,0.0,,0.0
162,22,1.00,10,16.17,23.44,23.41,0.0,0.00,0.0,0.0,,0.0
162,23,1.00,10,16.05,23.08,23.05,0.0,0.00,0.0,0.0,,0.0
162,24,1.00,10,16.25,22.77,22.74,0.0,0.00,0.0,0.0,,0.0
162,1,2.00,10,15.96,22.45,22.42,0.0,0.00,0.0,0.0,,0.0
162,2,2.00,10,15.67,22.13,22.11,0.0,0.00,0.0,0.0,,0.0
162,3,2.00,10,15.67,21.85,21.82,0.0,0.00,0.0,0.0,,0.0
162,4,2.00,10,15.75,21.59,21.56,0.0,0.00,0.0,0.0,,0.0
162,5,2.00,10,15.66,21.33,21.31,0.0,0.00,0.0,0.0,,0.0
162,6,2.00,10,15.64,21.10,21.07,0.0,0.00,0.0,0.0,,0.0
162,7,2.00,10,15.57,20.87,20.84,0.0,0.00,0.0,0.0,,0.0
162,8,2.00,10,15.98,21.72,21.69,0.0,0.00,0.0,0.0,,0.0
162,9,2.00,10,16.26,22.05,22.03,0.0,0.00,0.0,0.0,,0.0
162,10,2.00,10,17.15,22.42,22.40,0.0,0.00,0.0,0.0,,0.0
162,11,2.00,10,18.07,22.87,22.85,0.0,0.00,0.0,0.0,,0.0
162,12,2.00,10,18.94,23.43,23.40,0.0,0.00,0.0,0.0,,0.0
162,13,2.00,10,19.33,23.98,23.96,0.0,0.00,0.0,0.0,,0.0
162,14,2.00,10,19.45,24.50,24.48,0.0,0.00,0.0,0.0,,0.0
162,15,2.00,10,19.35,24.95,24.93,0.0,0.00,0.0,0.0,,0.0
162,16,2.00,10,19.22,25.33,25.31,0.0,0.00,0.0,0.0,,0.0
162,17,2.00,10,18.98,25.59,25.57,0.0,0.00,0.0,0.0,,0.0
162,18,2.00,10,18.31,25.67,25.65,0.0,0.00,0.0,0.0,,0.0
162,19,2.00,10,17.52,24.83,24.81,0.0,0.00,0.0,0.0,,0.0
162,20,2.00,10,16.74,24.32,24.29,0.0,0.00,0.0,0.0,,0.0
162,21,2.00,10,16.27,23.88,23.86,0.0,0.00,0.0,0.0,,0.0
162,22,2.00,10,15.94,23.48,23.45,0.0,0.00,0.0,0.0,,0.0
162,23,2.00,10,15.67,23.09,23.07,0.0,0.00,0.0,0.0,,0.0
162,24,2.00,10,15.75,22.75,22.73,0.0,0.00,0.0,0.0,,0.0
162,1,3.00,10,15.16,22.39,22.37,0.0,0.00,0.0,0.0,,0.0
162,2,3.00,10,14.89,22.04,22.02,0.0,0.00,0.0,0.0,,0.0
162,3,3.00,10,14.81,21.72,21.70,0.0,0.00,0.0,0.0,,0.0
162,4,3.00,10,14.86,21.43,21.41,0.0,0.00,0.0,0.0,,0.0
162,5,3.00,10,14.95,21.16,21.14,0.0,0.00,0.0,0.0,,0.0
162,6,3.00,10,14.94,20.91,20.89,0.0,0.00,0.0,0.0,,0.0
162,7,3.00,10,14.56,20.64,20.62,0.0,0.00,0.0,0.0,,0.0
162,8,3.00,10,14.82,22.13,22.11,0.0,0.00,0.0,0.0,,0.0
162,9,3.00,10,15.37,22.67,22.65,0.0,0.00,0.0,0.0,,0.0
162,10,3.00,10,16.74,23.12,23.09,0.0,0.00,0.0,0.0,,0.0
162,11,3.00,10,17.81,23.60,23.58,0.0,0.00,0.0,-0.0,,0.0
162,12,3.00,10,18.79,24.19,24.17,0.0,0.00,0.0,-0.0,,0.0
162,13,3.00,10,19.30,24.82,24.80,0.0,0.00,0.0,-0.0,,0.0
162,14,3.00,10,19.36,25.44,25.42,0.0,0.00,0.0,-0.0,,0.0
162,15,3.00,10,19.36,26.02,26.00,0.0,0.00,0.0,0.0,,0.0
162,16,3.00,10,19.45,26.55,26.53,0.0,0.00,0.0,0.0,,0.0
162,17,3.00,10,19.39,26.97,26.94,0.0,0.00,0.0,0.0,,0.0
162,18,3.00,10,18.99,27.24,27.22,0.0,0.00,0.0,0.0,,0.0
162,19,3.00,10,18.15,25.65,25.63,0.0,0.00,0.0,0.0,,0.0
162,20,3.00,10,17.39,24.97,24.95,0.0,0.00,0.0,0.0,,0.0
162,21,3.00,10,17.45,24.53,24.51,0.0,0.00,0.0,0.0,,0.0
162,22,3.00,10,17.47,24.16,24.14,0.0,0.00,0.0,0.0,,0.0
162,23,3.00,10,17.53,23.83,23.81,0.0,0.00,0.0,0.0,,0.0
162,24,3.00,10,17.30,23.50,23.48,0.0,0.00,0.0,0.0,,0.0
162,1,4.00,10,17.07,23.19,23.16,0.0,0.00,0.0,0.0,,0.0
162,2,4.00,10,16.88,22.88,22.86,0.0,0.00,0.0,0.0,,0.0
162,3,4.00,10,16.80,22.60,22.58,0.0,0.00,0.0,0.0,,0.0
162,4,4.00,10,16.93,22.34,22.32,0.0,0.00,0.0,0.0,,0.0
162,5,4.00,10,16.71,22.08,22.06,0.0,0.00,0.0,0.0,,0.0
162,6,4.00,10,16.71,21.84,21.82,0.0,0.00,0.0,0.0,,0.0
162,7,4.00,10,16.68,21.62,21.60,0.0,0.00,0.0,0.0,,0.0
162,8,4.00,10,16.79,23.13,23.11,0.0,0.00,0.0,0.0,,0.0
162,9,4.00,10,17.06,23.67,23.65,0.0,0.00,0.0,0.0,,0.0
162,10,4.00,10,18.04,24.10,24.08,0.0,0.00,0.0,-0.0,,0.0
162,11,4.00,10,18.85,24.56,24.54,0.0,0.00,0.0,-0.0,,0.0
162,12,4.00,10,19.25,25.09,25.06,0.0,0.00,0.0,-0.0,,0.0
162,13,4.00,10,19.26,25.64,25.62,0.0,0.00,0.0,0.0,,0.0
162,14,4.00,10,19.27,26.20,26.18,0.0,0.00,0.0,0.0,,0.0
162,15,4.00,10,19.21,26.73,26.71,0.0,0.00,0.0,0.0,,0.0
162,16,4.00,10,19.26,27.21,27.19,0.0,0.00,0.0,0.0,,0.0
162,17,4.00,10,19.30,27.58,27.56,0.0,0.00,0.0,0.0,,0.0
162,18,4.00,10,19.09,27.83,27.81,0.0,0.00,0.0,0.0,,0.0
162,19,4.00,10,18.07,26.20,26.18,0.0,0.00,0.0,0.0,,0.0
162,20,4.00,10,17.17,25.48,25.46,0.0,0.00,0.0,0.0,,0.0
162,21,4.00,10,17.31,25.01,24.99,0.0,0.00,0.0,0.0,,0.0
162,22,4.00,10,17.12,24.60,24.58,0.0,0.00,0.0,0.0,,0.0
162,23,4.00,10,17.15,24.22,24.20,0.0,0.00,0.0,0.0,,0.0
162,24,4.00,10,17.10,23.87,23.85,0.0,0.00,0.0,0.0,,0.0
162,1,5.00,10,16.74,23.52,23.50,0.0,0.00,0.0,0.0,,0.0
162,2,5.00,10,16.30,23.17,23.15,0.0,0.00,0.0,0.0,,0.0
162,3,5.00,10,16.06,22.84,22.82,0.0,0.00,0.0,0.0,,0.0
162,4,5.00,10,16.21,22.54,22.52,0.0,0.00,0.0,0.0,,0.0
162,5,5.00,10,15.92,22.24,22.22,0.0,0.00,0.0,0.0,,0.0
162,6,5.00,10,16.17,21.98,21.96,0.0,0.00,0.0,0.0,,0.0
162,7,5.00,10,15.76,21.70,21.68,0.0,0.00,0.0,0.0,,0.0
162,8,5.00,10,15.45,22.35,22.33,0.0,0.00,0.0,0.0,,0.0
162,9,5.00,10,15.54,22.56,22.55,0.0,0.00,0.0,0.0,,0.0
162,10,5.00,10,16.48,22.86,22.84,0.0,0.00,0.0,0.0,,0.0
162,11,5.00,10,17.35,23.24,23.23,0.0,0.00,0.0,0.0,,0.0
162,12,5.00,10,18.56,23.79,23.77,0.0,0.00,0.0,0.0,,0.0
162,13,5.00,10,19.02,24.31,24.30,0.0,0.00,0.0,0.0,,0.0
162,14,5.00,10,19.18,24.81,24.79,0.0,0.00,0.0,0.0,,0.0
162,15,5.00,10,19.11,25.23,25.22,0.0,0.00,0.0,0.0,,0.0
162,16,5.00,10,19.06,25.60,25.58,0.0,0.00,0.0,0.0,,0.0
162,17,5.00,10,18.91,25.85,25.68,-463.87,0.00,0.0,0.0,,-463.87
162,18,5.00,10,18.68,25.98,25.68,-721.83,0.00,0.0,0.0,,-721.83
162,19,5.00,10,18.27,25.18,25.06,0.0,0.00,0.0,0.0,,0.0
162,20,5.00,10,17.49,24.68,24.61,0.0,0.00,0.0,0.0,,0.0
162,21,5.00,10,17.02,24.26,24.20,0.0,0.00,0.0,0.0,,0.0
162,22,5.00,10,16.77,23.87,23.82,0.0,0.00,0.0,0.0,,0.0
162,23,5.00,10,16.88,23.53,23.48,0.0,0.00,0.0,0.0,,0.0
162,24,5.00,10,17.18,23.24,23.18,0.0,0.00,0.0,0.0,,0.0
162,1,6.00,10,16.96,22.93,22.88,0.0,0.00,0.0,0.0,,0.0
162,2,6.00,10,16.73,22.64,22.59,0.0,0.00,0.0,0.0,,0.0
162,3,6.00,10,16.65,22.36,22.32,0.0,0.00,0.0,0.0,,0.0
162,4,6.00,10,16.86,22.12,22.08,0.0,0.00,0.0,0.0,,0.0
162,5,6.00,10,16.79,21.89,21.84,0.0,0.00,0.0,0.0,,0.0
162,6,6.00,10,16.62,21.65,21.61,0.0,0.00,0.0,0.0,,0.0
162,7,6.00,10,16.27,21.41,21.37,0.0,0.00,0.0,0.0,,0.0
162,8,6.00,10,16.82,22.29,22.26,0.0,0.00,0.0,0.0,,0.0
162,9,6.00,10,17.22,22.65,22.62,0.0,0.00,0.0,0.0,,0.0
162,10,6.00,10,18.15,23.04,23.01,0.0,0.00,0.0,0.0,,0.0
162,11,6.00,10,19.12,23.51,23.48,0.0,0.00,0.0,0.0,,0.0
162,12,6.00,10,19.81,24.05,24.02,0.0,0.00,0.0,0.0,,0.0
162,13,6.00,10,20.07,24.58,24.55,0.0,0.00,0.0,0.0,,0.0
162,14,6.00,10,19.78,25.03,25.00,0.0,0.00,0.0,0.0,,0.0
162,15,6.00,10,19.71,25.46,25.43,0.0,0.00,0.0,0.0,,0.0
162,16,6.00,10,19.55,25.82,25.68,-332.66,0.00,0.0,0.0,,-332.66
162,17,6.00,10,19.48,26.09,25.68,-1036.63,0.00,0.0,0.0,,-1036.63
162,18,6.00,10,19.46,26.27,25.68,-1319.56,0.00,0.0,0.0,,-1319.56
162,19,6.00,10,18.59,25.40,25.18,0.0,0.00,0.0,0.0,,0.0
162,20,6.00,10,17.62,24.88,24.74,0.0,0.00,0.0,0.0,,0.0
162,21,6.00,10,17.55,24.48,24.35,0.0,0.00,0.0,0.0,,0.0
162,22,6.00,10,17.37,24.10,23.99,0.0,0.00,0.0,0.0,,0.0
162,23,6.00,10,17.43,23.77,23.66,0.0,0.00,0.0,0.0,,0.0
162,24,6.00,10,17.36,23.45,23.35,0.0,0.00,0.0,0.0,,0.0
162,1,7.00,10,17.28,23.15,23.05,0.0,0.00,0.0,0.0,,0.0
162,2,7.00,10,17.38,22.88,22.78,0.0,0.00,0.0,0.0,,0.0
162,3,7.00,10,17.19,22.61,22.52,0.0,0.00,0.0,0.0,,0.0
162,4,7.00,10,17.25,22.36,22.28,0.0,0.00,0.0,0.0,,0.0
162,5,7.00,10,17.05,22.12,22.03,0.0,0.00,0.0,0.0,,0.0
162,6,7.00,10,16.85,21.88,21.80,0.0,0.00,0.0,0.0,,0.0
162,7,7.00,10,16.79,21.65,21.57,0.0,0.00,0.0,0.0,,0.0
162,8,7.00,10,17.85,22.64,22.58,0.0,0.00,0.0,0.0,,0.0
162,9,7.00,10,18.74,23.12,23.06,0.0,0.00,0.0,0.0,,0.0
162,10,7.00,10,19.43,23.53,23.47,0.0,0.00,0.0,0.0,,0.0
162,11,7.00,10,19.97,23.97,23.91,0.0,0.00,0.0,0.0,,0.0
162,12,7.00,10,20.74,24.52,24.47,0.0,0.00,0.0,0.0,,0.0
162,13,7.00,10,20.93,25.06,25.01,0.0,0.00,0.0,0.0,,0.0
162,14,7.00,10,20.82,25.55,25.50,0.0,0.00,0.0,0.0,,0.0
162,15,7.00,10,20.61,25.98,25.68,-737.18,0.00,0.0,0.0,,-737.18
162,16,7.00,10,20.45,26.34,25.68,-1607.86,0.00,0.0,0.0,,-1607.86
162,17,7.00,10,19.89,26.55,25.68,-1898.61,0.00,0.0,0.0,,-1898.61
162,18,7.00,10,19.24,26.61,25.68,-1821.19,0.00,0.0,0.0,,-1821.19
162,19,7.00,10,18.31,25.74,25.34,0.0,0.00,0.0,0.0,,0.0
162,20,7.00,10,17.29,25.19,24.91,0.0,0.00,0.0,0.0,,0.0
162,21,7.00,10,17.21,24.75,24.51,0.0,0.00,0.0,0.0,,0.0
162,22,7.00,10,17.15,24.36,24.13,0.0,0.00,0.0,0.0,,0.0
162,23,7.00,10,17.06,23.99,23.77,0.0,0.00,0.0,0.0,,0.0
162,24,7.00,10,17.06,23.65,23.44,0.0,0.00,0.0,0.0,,0.0
162,1,1.00,10,15.04,23.19,22.99,0.0,0.00,0.0,0.0,,0.0
162,2,1.00,10,14.70,22.78,22.59,0.0,0.00,0.0,0.0,,0.0
162,3,1.00,10,14.42,22.39,22.22,0.0,0.00,0.0,0.0,,0.0
162,4,1.00,10,14.43,22.04,21.87,0.0,0.00,0.0,0.0,,0.0
162,5,1.00,10,14.21,21.70,21.54,0.0,0.00,0.0,0.0,,0.0
162,6,1.00,10,14.14,21.38,21.22,0.0,0.00,0.0,0.0,,0.0
162,7,1.00,10,14.18,21.08,20.93,0.0,0.00,0.0,0.0,,0.0
162,8,1.00,10,14.94,21.78,21.66,0.0,0.00,0.0,0.0,,0.0
162,9,1.00,10,15.29,22.06,21.94,0.0,0.00,0.0,0.0,,0.0
162,10,1.00,10,16.50,22.43,22.31,0.0,0.00,0.0,0.0,,0.0
162,11,1.00,10,17.73,22.90,22.80,0.0,0.00,0.0,0.0,,0.0
162,12,1.00,10,18.32,23.40,23.30,0.0,0.00,0.0,0.0,,0.0
162,13,1.00,10,18.41,23.88,23.78,0.0,0.00,0.0,0.0,,0.0
162,14,1.00,10,18.45,24.34,24.25,0.0,0.00,0.0,0.0,,0.0
162,15,1.00,10,18.31,24.75,24.66,0.0,0.00,0.0,0.0,,0.0
162,16,1.00,10,18.13,25.08,24.99,0.0,0.00,0.0,0.0,,0.0
162,17,1.00,10,17.76,25.28,25.20,0.0,0.00,0.0,0.0,,0.0
162,18,1.00,10,17.36,25.36,25.29,0.0,0.00,0.0,0.0,,0.0
162,19,1.00,10,16.44,24.55,24.47,0.0,0.00,0.0,0.0,,0.0
162,20,1.00,10,15.97,24.04,23.96,0.0,0.00,0.0,0.0,,0.0
162,21,1.00,10,16.03,23.64,23.56,0.0,0.00,0.0,0.0,,0.0
162,22,1.00,10,15.90,23.26,23.19,0.0,0.00,0.0,0.0,,0.0
162,23,1.00,10,15.62,22.89,22.82,0.0,0.00,0.0,0.0,,0.0
162,24,1.00,10,15.61,22.55,22.49,0.0,0.00,0.0,0.0,,0.0
162,1,2.00,10,15.80,22.25,22.19,0.0,0.00,0.0,0.0,,0.0
162,2,2.00,10,15.59,21.95,21.89,0.0,0.00,0.0,0.0,,0.0
162,3,2.00,10,15.52,21.67,21.61,0.0,0.00,0.0,0.0,,0.0
162,4,2.00,10,15.36,21.40,21.34,0.0,0.00,0.0,0.0,,0.0
162,5,2.00,10,15.13,21.13,21.07,0.0,0.00,0.0,0.0,,0.0
162,6,2.00,10,15.14,20.88,20.83,0.0,0.00,0.0,0.0,,0.0
162,7,2.00,10,14.97,20.64,20.59,0.0,0.00,0.0,0.0,,0.0
162,8,2.00,10,15.19,21.42,21.37,0.0,0.00,0.0,0.0,,0.0
162,9,2.00,10,15.15,21.67,21.63,0.0,0.00,0.0,0.0,,0.0
162,10,2.00,10,16.15,22.02,21.97,0.0,0.00,0.0,0.0,,0.0
162,11,2.00,10,17.31,22.48,22.44,0.0,0.00,0.0,0.0,,0.0
162,12,2.00,10,18.02,23.00,22.96,0.0,0.00,0.0,0.0,,0.0
162,13,2.00,10,18.32,23.52,23.48,0.0,0.00,0.0,0.0,,0.0
162,14,2.00,10,18.23,23.98,23.94,0.0,0.00,0.0,0.0,,0.0
162,15,2.00,10,18.24,24.42,24.38,0.0,0.00,0.0,0.0,,0.0
162,16,2.00,10,17.88,24.74,24.70,0.0,0.00,0.0,0.0,,0.0
162,17,2.00,10,17.74,24.98,24.95,0.0,0.00,0.0,0.0,,0.0
162,18,2.00,10,17.75,25.14,25.11,0.0,0.00,0.0,0.0,,0.0
162,19,2.00,10,16.82,24.31,24.28,0.0,0.00,0.0,0.0,,0.0
162,20,2.00,10,15.86,23.79,23.76,0.0,0.00,0.0,0.0,,0.0
162,21,2.00,10,15.70,23.37,23.34,0.0,0.00,0.0,0.0,,0.0
162,22,2.00,10,15.76,23.00,22.97,0.0,0.00,0.0,0.0,,0.0
162,23,2.00,10,15.80,22.67,22.63,0.0,0.00,0.0,0.0,,0.0
162,24,2.00,10,15.69,22.34,22.31,0.0,0.00,0.0,0.0,,0.0
162,1,3.00,10,15.68,22.04,22.01,0.0,0.00,0.0,0.0,,0.0
162,2,3.00,10,15.24,21.73,21.70,0.0,0.00,0.0,0.0,,0.0
162,3,3.00,10,15.17,21.44,21.41,0.0,0.00,0.0,0.0,,0.0
162,4,3.00,10,15.04,21.16,21.13,0.0,0.00,0.0,0.0,,0.0
162,5,3.00,10,14.47,20.87,20.84,0.0,0.00,0.0,0.0,,0.0
162,6,3.00,10,15.51,20.68,20.65,0.0,0.00,0.0,0.0,,0.0
162,7,3.00,10,15.65,20.49,20.46,0.0,0.00,0.0,0.0,,0.0
162,8,3.00,10,16.10,22.04,22.02,0.0,0.00,0.0,0.0,,0.0
162,9,3.00,10,16.06,22.60,22.58,0.0,0.00,0.0,-0.0,,0.0
162,10,3.00,10,16.70,23.02,22.99,0.0,0.00,0.0,-0.0,,0.0
162,11,3.00,10,17.52,23.48,23.46,0.0,0.00,0.0,-0.0,,0.0
162,12,3.00,10,18.21,24.04,24.01,0.0,0.00,0.0,-0.0,,0.0
162,13,3.00,10,18.21,24.61,24.58,0.0,0.00,0.0,0.0,,0.0
162,14,3.00,10,18.06,25.17,25.15,0.0,0.00,0.0,0.0,,0.0
162,15,3.00,10,17.94,25.71,25.68,0.0,0.00,0.0,0.0,,0.0
162,16,3.00,10,17.93,26.18,26.15,0.0,0.00,0.0,0.0,,0.0
162,17,3.00,10,17.68,26.54,26.51,0.0,0.00,0.0,0.0,,0.0
162,18,3.00,10,17.36,26.77,26.74,0.0,0.00,0.0,0.0,,0.0
162,19,3.00,10,16.39,25.13,25.10,0.0,0.00,0.0,0.0,,0.0
162,20,3.00,10,15.36,24.39,24.36,0.0,0.00,0.0,0.0,,0.0
162,21,3.00,10,14.95,23.86,23.84,0.0,0.00,0.0,0.0,,0.0
162,22,3.00,10,14.76,23.41,23.39,0.0,0.00,0.0,0.0,,0.0
162,23,3.00,10,14.72,23.00,22.98,0.0,0.00,0.0,0.0,,0.0
162,24,3.00,10,14.84,22.63,22.61,0.0,0.00,0.0,0.0,,0.0
162,1,4.00,10,14.42,22.25,22.23,0.0,0.00,0.0,0.0,,0.0
162,2,4.00,10,14.34,21.90,21.88,0.0,0.00,0.0,0.0,,0.0
162,3,4.00,10,14.12,21.56,21.54,0.0,0.00,0.0,0.0,,0.0
162,4,4.00,10,14.16,21.25,21.23,0.0,0.00,0.0,0.0,,0.0
162,5,4.00,10,14.07,20.95,20.93,0.0,0.00,0.0,0.0,,0.0
162,6,4.00,10,14.13,20.68,20.65,0.0,0.00,0.0,0.0,,0.0
162,7,4.00,10,13.91,20.40,20.38,0.0,0.00,0.0,0.0,,0.0
162,8,4.00,10,13.92,21.86,21.84,0.0,0.00,0.0,0.0,,0.0
162,9,4.00,10,14.45,22.38,22.36,0.0,0.00,0.0,0.0,,0.0
162,10,4.00,10,15.40,22.77,22.75,0.0,0.00,0.0,-0.0,,0.0
162,11,4.00,10,16.25,23.21,23.18,0.0,0.00,0.0,-0.0,,0.0
162,12,4.00,10,17.35,23.76,23.74,0.0,0.00,0.0,-0.0,,0.0
162,13,4.00,10,17.76,24.34,24.32,0.0,0.00,0.0,0.0,,0.0
162,14,4.00,10,17.79,24.93,24.91,0.0,0.00,0.0,0.0,,0.0
162,15,4.00,10,17.78,25.47,25.45,0.0,0.00,0.0,0.0,,0.0
162,16,4.00,10,17.72,25.96,25.93,0.0,0.00,0.0,0.0,,0.0
162,17,4.00,10,17.36,26.31,26.29,0.0,0.00,0.0,0.0,,0.0
162,18,4.00,10,17.18,26.55,26.53,0.0,0.00,0.0,0.0,,0.0
162,19,4.00,10,16.04,24.91,24.89,0.0,0.00,0.0,0.0,,0.0
162,20,4.00,10,14.89,24.16,24.14,0.0,0.00,0.0,0.0,,0.0
162,21,4.00,10,14.72,23.65,23.63,0.0,0.00,0.0,0.0,,0.0
162,22,4.00,10,14.60,23.21,23.19,0.0,0.00,0.0,0.0,,0.0
162,23,4.00,10,14.56,22.80,22.78,0.0,0.00,0.0,0.0,,0.0
162,24,4.00,10,14.91,22.45,22.43,0.0,0.00,0.0,0.0,,0.0
162,1,5.00,10,14.62,22.10,22.08,0.0,0.00,0.0,0.0,,0.0
162,2,5.00,10,14.43,21.76,21.74,0.0,0.00,0.0,0.0,,0.0
162,3,5.00,10,14.23,21.43,21.41,0.0,0.00,0.0,0.0,,0.0
162,4,5.00,10,14.45,21.15,21.13,0.0,0.00,0.0,0.0,,0.0
162,5,5.00,10,14.58,20.88,20.86,0.0,0.00,0.0,0.0,,0.0
162,6,5.00,10,14.77,20.64,20.62,0.0,0.00,0.0,0.0,,0.0
162,7,5.00,10,14.37,20.38,20.36,0.0,0.00,0.0,0.0,,0.0
162,8,5.00,10,14.55,21.11,21.10,0.0,0.00,0.0,0.0,,0.0
162,9,5.00,10,15.41,21.49,21.47,0.0,0.00,0.0,0.0,,0.0
162,10,5.00,10,16.37,21.87,21.85,0.0,0.00,0.0,0.0,,0.0
162,11,5.00,10,17.08,22.29,22.27,0.0,0.00,0.0,0.0,,0.0
162,12,5.00,10,17.81,22.80,22.79,0.0,0.00,0.0,0.0,,0.0
162,13,5.00,10,17.99,23.30,23.28,0.0,0.00,0.0,0.0,,0.0
162,14,5.00,10,17.92,23.76,23.74,0.0,0.00,0.0,0.0,,0.0
162,15,5.00,10,17.57,24.14,24.12,0.0,0.00,0.0,0.0,,0.0
162,16,5.00,10,17.58,24.49,24.48,0.0,0.00,0.0,0.0,,0.0
162,17,5.00,10,17.46,24.74,24.73,0.0,0.00,0.0,0.0,,0.0
162,18,5.00,10,17.13,24.85,24.84,0.0,0.00,0.0,0.0,,0.0
162,19,5.00,10,16.01,24.02,24.00,0.0,0.00,0.0,0.0,,0.0
162,20,5.00,10,15.13,23.49,23.47,0.0,0.00,0.0,0.0,,0.0
162,21,5.00,10,15.10,23.07,23.05,0.0,0.00,0.0,0.0,,0.0
162,22,5.00,10,15.04,22.68,22.66,0.0,0.00,0.0,0.0,,0.0
162,23,5.00,10,15.03,22.33,22.31,0.0,0.00,0.0,0.0,,0.0
162,24,5.00,10,14.98,21.99,21.98,0.0,0.00,0.0,0.0,,0.0
162,1,6.00,10,14.89,21.67,21.66,0.0,0.00,0.0,0.0,,0.0
162,2,6.00,10,14.73,21.37,21.35,0.0,0.00,0.0,0.0,,0.0
162,3,6.00,10,14.54,21.07,21.06,0.0,0.00,0.0,0.0,,0.0
162,4,6.00,10,14.64,20.81,20.79,0.0,0.00,0.0,0.0,,0.0
162,5,6.00,10,14.35,20.54,20.52,0.0,0.00,0.0,0.0,,0.0
162,6,6.00,10,14.38,20.29,20.27,0.0,0.00,0.0,0.0,,0.0
162,7,6.00,10,14.19,20.04,20.03,0.0,0.00,0.0,0.0,,0.0
162,8,6.00,10,14.41,20.80,20.79,0.0,0.00,0.0,0.0,,0.0
162,9,6.00,10,15.00,21.15,21.14,0.0,0.00,0.0,0.0,,0.0
162,10,6.00,10,15.84,21.51,21.49,0.0,0.00,0.0,0.0,,0.0
162,11,6.00,10,16.64,21.93,21.91,0.0,0.00,0.0,0.0,,0.0
162,12,6.00,10,17.42,22.45,22.44,0.0,0.00,0.0,0.0,,0.0
162,13,6.00,10,18.10,23.03,23.01,0.0,0.00,0.0,0.0,,0.0
162,14,6.00,10,18.34,23.56,23.55,0.0,0.00,0.0,0.0,,0.0
162,15,6.00,10,18.36,24.04,24.03,0.0,0.00,0.0,0.0,,0.0
162,16,6.00,10,18.22,24.43,24.41,0.0,0.00,0.0,0.0,,0.0
162,17,6.00,10,17.79,24.67,24.65,0.0,0.00,0.0,0.0,,0.0
162,18,6.00,10,17.35,24.77,24.76,0.0,0.00,0.0,0.0,,0.0
162,19,6.00,10,16.19,23.92,23.91,0.0,0.00,0.0,0.0,,0.0
162,20,6.00,10,15.42,23.40,23.38,0.0,0.00,0.0,0.0,,0.0
162,21,6.00,10,15.14,22.97,22.96,0.0,0.00,0.0,0.0,,0.0
162,22,6.00,10,14.86,22.57,22.56,0.0,0.00,0.0,0.0,,0.0
162,23,6.00,10,14.83,22.21,22.20,0.0,0.00,0.0,0.0,,0.0
162,24,6.00,10,14.45,21.85,21.83,0.0,0.00,0.0,0.0,,0.0
162,1,7.00,10,14.29,21.51,21.49,0.0,0.00,0.0,0.0,,0.0
162,2,7.00,10,14.20,21.19,21.17,0.0,0.00,0.0,0.0,,0.0
162,3,7.00,10,14.21,20.89,20.88,0.0,0.00,0.0,0.0,,0.0
162,4,7.00,10,14.56,20.64,20.63,0.0,0.00,0.0,0.0,,0.0
162,5,7.00,10,14.55,20.40,20.38,0.0,0.00,0.0,0.0,,0.0
162,6,7.00,10,14.60,20.17,20.15,0.0,0.00,0.0,0.0,,0.0
162,7,7.00,10,14.12,19.92,19.90,0.0,0.00,0.0,0.0,,0.0
162,8,7.00,10,15.21,20.82,20.80,0.0,0.00,0.0,0.0,,0.0
162,9,7.00,10,16.20,21.28,21.27,0.0,0.00,0.0,0.0,,0.0
162,10,7.00,10,17.02,21.70,21.68,0.0,0.00,0.0,0.0,,0.0
162,11,7.00,10,17.16,22.07,22.06,0.0,0.00,0.0,0.0,,0.0
162,12,7.00,10,17.61,22.54,22.53,0.0,0.00,0.0,0.0,,0.0
162,13,7.00,10,18.09,23.08,23.07,0.0,0.00,0.0,0.0,,0.0
162,14,7.00,10,18.66,23.66,23.65,0.0,0.00,0.0,0.0,,0.0
162,15,7.00,10,18.62,24.14,24.13,0.0,0.00,0.0,0.0,,0.0
162,16,7.00,10,18.56,24.54,24.53,0.0,0.00,0.0,0.0,,0.0
162,17,7.00,10,18.56,24.86,24.84,0.0,0.00,0.0,0.0,,0.0
162,18,7.00,10,18.01,24.98,24.97,0.0,0.00,0.0,0.0,,0.0
162,19,7.00,10,16.82,24.10,24.09,0.0,0.00,0.0,0.0,,0.0
162,20,7.00,10,15.81,23.57,23.56,0.0,0.00,0.0,0.0,,0.0
162,21,7.00,10,15.45,23.14,23.12,0.0,0.00,0.0,0.0,,0.0
162,22,7.00,10,15.27,22.75,22.73,0.0,0.00,0.0,0.0,,0.0
162,23,7.00,10,15.01,22.37,22.36,0.0,0.00,0.0,0.0,,0.0
162,24,7.00,10,15.11,22.04,22.02,0.0,0.00,0.0,0.0,,0.0
162,1,1.00,11,14.80,21.70,21.69,0.0,0.00,0.0,0.0,,0.0
162,2,1.00,11,14.68,21.39,21.38,0.0,0.00,0.0,0.0,,0.0
162,3,1.00,11,14.69,21.10,21.09,0.0,0.00,0.0,0.0,,0.0
162,4,1.00,11,15.13,20.86,20.85,0.0,0.00,0.0,0.0,,0.0
162,5,1.00,11,14.96,20.61,20.60,0.0,0.00,0.0,0.0,,0.0
162,6,1.00,11,14.79,20.37,20.36,0.0,0.00,0.0,0.0,,0.0
162,7,1.00,11,14.68,20.14,20.12,0.0,0.00,0.0,0.0,,0.0
162,8,1.00,11,15.04,20.97,21.20,684.7,0.00,0.0,0.0,,684.7
162,9,1.00,11,15.21,21.29,21.34,0.0,0.00,0.0,0.0,,0.0
162,10,1.00,11,16.19,21.67,21.69,0.0,0.00,0.0,0.0,,0.0
162,11,1.00,11,16.85,22.08,22.09,0.0,0.00,0.0,0.0,,0.0
162,12,1.00,11,17.61,22.56,22.57,0.0,0.00,0.0,0.0,,0.0
162,13,1.00,11,18.55,23.13,23.14,0.0,0.00,0.0,0.0,,0.0
162,14,1.00,11,19.26,23.69,23.70,0.0,0.00,0.0,0.0,,0.0
162,15,1.00,11,19.25,24.14,24.15,0.0,0.00,0.0,0.0,,0.0
162,16,1.00,11,19.45,24.56,24.56,0.0,0.00,0.0,0.0,,0.0
162,17,1.00,11,19.47,24.90,24.90,0.0,0.00,0.0,0.0,,0.0
162,18,1.00,11,19.18,25.11,25.11,0.0,0.00,0.0,0.0,,0.0
162,19,1.00,11,18.16,24.23,24.24,0.0,0.00,0.0,0.0,,0.0
162,20,1.00,11,16.63,23.71,23.71,0.0,0.00,0.0,0.0,,0.0
162,21,1.00,11,16.00,23.29,23.29,0.0,0.00,0.0,0.0,,0.0
162,22,1.00,11,15.55,22.90,22.90,0.0,0.00,0.0,0.0,,0.0
162,23,1.00,11,15.41,22.54,22.54,0.0,0.00,0.0,0.0,,0.0
162,24,1.00,11,15.86,22.24,22.24,0.0,0.00,0.0,0.0,,0.0
162,1,2.00,11,15.39,21.91,21.91,0.0,0.00,0.0,0.0,,0.0
162,2,2.00,11,15.07,21.60,21.60,0.0,0.00,0.0,0.0,,0.0
162,3,2.00,11,15.05,21.31,21.31,0.0,0.00,0.0,0.0,,0.0
162,4,2.00,11,14.99,21.04,21.03,0.0,0.00,0.0,0.0,,0.0
162,5,2.00,11,15.12,20.79,20.79,0.0,0.00,0.0,0.0,,0.0
162,6,2.00,11,15.11,20.56,20.55,0.0,0.00,0.0,0.0,,0.0
162,7,2.00,11,14.81,20.31,20.31,0.0,0.00,0.0,0.0,,0.0
162,8,2.00,11,15.30,21.16,21.20,129.24,0.00,0.0,0.0,,129.24
162,9,2.00,11,16.07,21.57,21.57,0.0,0.00,0.0,0.0,,0.0
162,10,2.00,11,17.33,22.03,22.03,0.0,0.00,0.0,0.0,,0.0
162,11,2.00,11,18.36,22.54,22.54,0.0,0.00,0.0,0.0,,0.0
162,12,2.00,11,19.04,23.07,23.07,0.0,0.00,0.0,0.0,,0.0
162,13,2.00,11,18.96,23.52,23.51,0.0,0.00,0.0,0.0,,0.0
162,14,2.00,11,18.75,23.91,23.91,0.0,0.00,0.0,0.0,,0.0
162,15,2.00,11,18.66,24.29,24.28,0.0,0.00,0.0,0.0,,0.0
162,16,2.00,11,18.50,24.60,24.60,0.0,0.00,0.0,0.0,,0.0
162,17,2.00,11,18.12,24.82,24.81,0.0,0.00,0.0,0.0,,0.0
162,18,2.00,11,18.02,24.98,24.98,0.0,0.00,0.0,0.0,,0.0
162,19,2.00,11,16.95,24.14,24.14,0.0,0.00,0.0,0.0,,0.0
162,20,2.00,11,16.28,23.66,23.65,0.0,0.00,0.0,0.0,,0.0
162,21,2.00,11,16.11,23.27,23.26,0.0,0.00,0.0,0.0,,0.0
162,22,2.00,11,16.02,22.91,22.90,0.0,0.00,0.0,0.0,,0.0
162,23,2.00,11,15.78,22.57,22.56,0.0,0.00,0.0,0.0,,0.0
162,24,2.00,11,15.68,22.24,22.24,0.0,0.00,0.0,0.0,,0.0
162,1,3.00,11,15.34,21.92,21.91,0.0,0.00,0.0,0.0,,0.0
162,2,3.00,11,15.04,21.60,21.60,0.0,0.00,0.0,0.0,,0.0
162,3,3.00,11,15.17,21.33,21.32,0.0,0.00,0.0,0.0,,0.0
162,4,3.00,11,15.13,21.06,21.05,0.0,0.00,0.0,0.0,,0.0
162,5,3.00,11,14.90,20.79,20.78,0.0,0.00,0.0,0.0,,0.0
162,6,3.00,11,14.68,20.53,20.52,0.0,0.00,0.0,0.0,,0.0
162,7,3.00,11,14.47,20.28,20.27,0.0,0.00,0.0,0.0,,0.0
162,8,3.00,11,14.78,21.79,21.78,0.0,0.00,0.0,0.0,,0.0
162,9,3.00,11,15.63,22.37,22.36,0.0,0.00,0.0,0.0,,0.0
162,10,3.00,11,16.77,22.83,22.82,0.0,0.00,0.0,-0.0,,0.0
162,11,3.00,11,17.79,23.32,23.31,0.0,0.00,0.0,-0.0,,0.0
162,12,3.00,11,18.88,23.90,23.89,0.0,0.00,0.0,-0.0,,0.0
162,13,3.00,11,19.44,24.49,24.48,0.0,0.00,0.0,-0.0,,0.0
162,14,3.00,11,19.46,25.05,25.04,0.0,0.00,0.0,-0.0,,0.0
162,15,3.00,11,19.32,25.57,25.56,0.0,0.00,0.0,0.0,,0.0
162,16,3.00,11,19.18,26.03,26.02,0.0,0.00,0.0,0.0,,0.0
162,17,3.00,11,18.78,26.40,26.39,0.0,0.00,0.0,0.0,,0.0
162,18,3.00,11,18.49,26.68,26.67,0.0,0.00,0.0,0.0,,0.0
162,19,3.00,11,17.47,25.10,25.09,0.0,0.00,0.0,0.0,,0.0
162,20,3.00,11,16.30,24.40,24.39,0.0,0.00,0.0,0.0,,0.0
162,21,3.00,11,15.81,23.92,23.91,0.0,0.00,0.0,0.0,,0.0
162,22,3.00,11,15.42,23.48,23.47,0.0,0.00,0.0,0.0,,0.0
162,23,3.00,11,15.27,23.08,23.07,0.0,0.00,0.0,0.0,,0.0
162,24,3.00,11,15.45,22.73,22.72,0.0,0.00,0.0,0.0,,0.0
162,1,4.00,11,14.99,22.36,22.35,0.0,0.00,0.0,0.0,,0.0
162,2,4.00,11,14.83,22.02,22.01,0.0,0.00,0.0,0.0,,0.0
162,3,4.00,11,14.96,21.71,21.70,0.0,0.00,0.0,0.0,,0.0
162,4,4.00,11,15.02,21.43,21.42,0.0,0.00,0.0,0.0,,0.0
162,5,4.00,11,14.90,21.15,21.14,0.0,0.00,0.0,0.0,,0.0
162,6,4.00,11,14.74,20.87,20.86,0.0,0.00,0.0,0.0,,0.0
162,7,4.00,11,14.69,20.62,20.61,0.0,0.00,0.0,0.0,,0.0
162,8,4.00,11,14.97,22.12,22.11,0.0,0.00,0.0,0.0,,0.0
162,9,4.00,11,15.56,22.67,22.66,0.0,0.00,0.0,0.0,,0.0
162,10,4.00,11,16.61,23.11,23.10,0.0,0.00,0.0,0.0,,0.0
162,11,4.00,11,17.25,23.56,23.55,0.0,0.00,0.0,0.0,,0.0
162,12,4.00,11,17.96,24.06,24.05,0.0,0.00,0.0,-0.0,,0.0
162,13,4.00,11,18.26,24.59,24.58,0.0,0.00,0.0,0.0,,0.0
162,14,4.00,11,18.45,25.11,25.10,0.0,0.00,0.0,0.0,,0.0
162,15,4.00,11,18.46,25.60,25.59,0.0,0.00,0.0,0.0,,0.0
162,16,4.00,11,18.53,26.04,26.03,0.0,0.00,0.0,0.0,,0.0
162,17,4.00,11,18.48,26.41,26.40,0.0,0.00,0.0,0.0,,0.0
162,18,4.00,11,17.76,26.65,26.64,0.0,0.00,0.0,0.0,,0.0
162,19,4.00,11,16.53,25.03,25.02,0.0,0.00,0.0,0.0,,0.0
162,20,4.00,11,15.84,24.34,24.33,0.0,0.00,0.0,0.0,,0.0
162,21,4.00,11,15.77,23.87,23.86,0.0,0.00,0.0,0.0,,0.0
162,22,4.00,11,15.53,23.45,23.44,0.0,0.00,0.0,0.0,,0.0
162,23,4.00,11,15.59,23.08,23.07,0.0,0.00,0.0,0.0,,0.0
162,24,4.00,11,15.67,22.74,22.73,0.0,0.00,0.0,0.0,,0.0
162,1,5.00,11,15.69,22.42,22.41,0.0,0.00,0.0,0.0,,0.0
162,2,5.00,11,15.39,22.10,22.09,0.0,0.00,0.0,0.0,,0.0
162,3,5.00,11,15.31,21.80,21.79,0.0,0.00,0.0,0.0,,0.0
162,4,5.00,11,15.42,21.52,21.51,0.0,0.00,0.0,0.0,,0.0
162,5,5.00,11,15.24,21.25,21.24,0.0,0.00,0.0,0.0,,0.0
162,6,5.00,11,15.09,20.99,20.98,0.0,0.00,0.0,0.0,,0.0
162,7,5.00,11,14.97,20.73,20.72,0.0,0.00,0.0,0.0,,0.0
162,8,5.00,11,15.52,21.55,21.54,0.0,0.00,0.0,0.0,,0.0
162,9,5.00,11,16.32,21.95,21.94,0.0,0.00,0.0,0.0,,0.0
162,10,5.00,11,17.28,22.36,22.35,0.0,0.00,0.0,0.0,,0.0
162,11,5.00,11,17.81,22.76,22.75,0.0,0.00,0.0,0.0,,0.0
162,12,5.00,11,17.92,23.15,23.14,0.0,0.00,0.0,0.0,,0.0
162,13,5.00,11,17.99,23.55,23.54,0.0,0.00,0.0,0.0,,0.0
162,14,5.00,11,18.33,23.98,23.97,0.0,0.00,0.0,0.0,,0.0
162,15,5.00,11,18.15,24.33,24.32,0.0,0.00,0.0,0.0,,0.0
162,16,5.00,11,18.26,24.66,24.65,0.0,0.00,0.0,0.0,,0.0
162,17,5.00,11,18.18,24.91,24.90,0.0,0.00,0.0,0.0,,0.0
162,18,5.00,11,17.59,25.01,25.00,0.0,0.00,0.0,0.0,,0.0
162,19,5.00,11,16.65,24.19,24.18,0.0,0.00,0.0,0.0,,0.0
162,20,5.00,11,15.66,23.68,23.67,0.0,0.00,0.0,0.0,,0.0
162,21,5.00,11,15.76,23.28,23.27,0.0,0.00,0.0,0.0,,0.0
162,22,5.00,11,15.69,22.92,22.91,0.0,0.00,0.0,0.0,,0.0
162,23,5.00,11,15.61,22.57,22.57,0.0,0.00,0.0,0.0,,0.0
162,24,5.00,11,15.56,22.25,22.24,0.0,0.00,0.0,0.0,,0.0
162,1,6.00,11,15.38,21.94,21.93,0.0,0.00,0.0,0.0,,0.0
162,2,6.00,11,15.10,21.63,21.62,0.0,0.00,0.0,0.0,,0.0
162,3,6.00,11,15.11,21.35,21.34,0.0,0.00,0.0,0.0,,0.0
162,4,6.00,11,15.23,21.09,21.08,0.0,0.00,0.0,0.0,,0.0
162,5,6.00,11,15.01,20.83,20.82,0.0,0.00,0.0,0.0,,0.0
162,6,6.00,11,15.15,20.60,20.59,0.0,0.00,0.0,0.0,,0.0
162,7,6.00,11,14.98,20.37,20.36,0.0,0.00,0.0,0.0,,0.0
162,8,6.00,11,15.17,21.18,21.20,65.87,0.00,0.0,0.0,,65.87
162,9,6.00,11,16.36,21.65,21.64,0.0,0.00,0.0,0.0,,0.0
162,10,6.00,11,17.84,22.16,22.16,0.0,0.00,0.0,0.0,,0.0
162,11,6.00,11,18.86,22.69,22.69,0.0,0.00,0.0,0.0,,0.0
162,12,6.00,11,19.02,23.16,23.16,0.0,0.00,0.0,0.0,,0.0
162,13,6.00,11,18.71,23.56,23.55,0.0,0.00,0.0,0.0,,0.0
162,14,6.00,11,18.94,24.00,24.00,0.0,0.00,0.0,0.0,,0.0
162,15,6.00,11,18.90,24.40,24.39,0.0,0.00,0.0,0.0,,0.0
162,16,6.00,11,19.00,24.76,24.75,0.0,0.00,0.0,0.0,,0.0
162,17,6.00,11,18.66,25.00,24.99,0.0,0.00,0.0,0.0,,0.0
162,18,6.00,11,18.32,25.15,25.14,0.0,0.00,0.0,0.0,,0.0
162,19,6.00,11,17.65,24.33,24.32,0.0,0.00,0.0,0.0,,0.0
162,20,6.00,11,16.68,23.84,23.83,0.0,0.00,0.0,0.0,,0.0
162,21,6.00,11,16.26,23.44,23.43,0.0,0.00,0.0,0.0,,0.0
162,22,6.00,11,15.91,23.06,23.05,0.0,0.00,0.0,0.0,,0.0
162,23,6.00,11,15.55,22.69,22.68,0.0,0.00,0.0,0.0,,0.0
162,24,6.00,11,15.52,22.35,22.35,0.0,0.00,0.0,0.0,,0.0
162,1,7.00,11,15.40,22.03,22.03,0.0,0.00,0.0,0.0,,0.0
162,2,7.00,11,15.17,21.72,21.71,0.0,0.00,0.0,0.0,,0.0
162,3,7.00,11,15.12,21.43,21.42,0.0,0.00,0.0,0.0,,0.0
162,4,7.00,11,15.17,21.16,21.15,0.0,0.00,0.0,0.0,,0.0
162,5,7.00,11,15.03,20.90,20.89,0.0,0.00,0.0,0.0,,0.0
162,6,7.00,11,15.24,20.67,20.66,0.0,0.00,0.0,0.0,,0.0
162,7,7.00,11,15.28,20.45,20.45,0.0,0.00,0.0,0.0,,0.0
162,8,7.00,11,15.41,21.29,21.28,0.0,0.00,0.0,0.0,,0.0
162,9,7.00,11,15.81,21.64,21.63,0.0,0.00,0.0,0.0,,0.0
162,10,7.00,11,16.89,22.05,22.04,0.0,0.00,0.0,0.0,,0.0
162,11,7.00,11,17.67,22.49,22.48,0.0,0.00,0.0,0.0,,0.0
162,12,7.00,11,18.35,22.98,22.97,0.0,0.00,0.0,0.0,,0.0
162,13,7.00,11,18.44,23.43,23.42,0.0,0.00,0.0,0.0,,0.0
162,14,7.00,11,18.72,23.88,23.87,0.0,0.00,0.0,0.0,,0.0
162,15,7.00,11,19.05,24.33,24.32,0.0,0.00,0.0,0.0,,0.0
162,16,7.00,11,19.11,24.71,24.70,0.0,0.00,0.0,0.0,,0.0
162,17,7.00,11,18.91,24.98,24.98,0.0,0.00,0.0,0.0,,0.0
162,18,7.00,11,18.11,25.08,25.07,0.0,0.00,0.0,0.0,,0.0
162,19,7.00,11,17.35,24.25,24.24,0.0,0.00,0.0,0.0,,0.0
162,20,7.00,11,16.70,23.78,23.77,0.0,0.00,0.0,0.0,,0.0
162,21,7.00,11,16.27,23.38,23.37,0.0,0.00,0.0,0.0,,0.0
162,22,7.00,11,16.08,23.02,23.01,0.0,0.00,0.0,0.0,,0.0
162,23,7.00,11,15.98,22.68,22.67,0.0,0.00,0.0,0.0,,0.0
162,24,7.00,11,15.63,22.34,22.33,0.0,0.00,0.0,0.0,,0.0
162,1,1.00,11,15.53,22.03,22.02,0.0,0.00,0.0,0.0,,0.0
162,2,1.00,11,15.49,21.73,21.72,0.0,0.00,0.0,0.0,,0.0
162,3,1.00,11,15.50,21.46,21.45,0.0,0.00,0.0,0.0,,0.0
162,4,1.00,11,15.23,21.18,21.17,0.0,0.00,0.0,0.0,,0.0
162,5,1.00,11,15.13,20.92,20.91,0.0,0.00,0.0,0.0,,0.0
162,6,1.00,11,15.15,20.68,20.67,0.0,0.00,0.0,0.0,,0.0
162,7,1.00,11,15.17,20.46,20.45,0.0,0.00,0.0,0.0,,0.0
162,8,1.00,11,15.60,21.32,21.31,0.0,0.00,0.0,0.0,,0.0
162,9,1.00,11,16.16,21.70,21.70,0.0,0.00,0.0,0.0,,0.0
162,10,1.00,11,17.35,22.15,22.14,0.0,0.00,0.0,0.0,,0.0
162,11,1.00,11,18.06,22.60,22.59,0.0,0.00,0.0,0.0,,0.0
162,12,1.00,11,18.63,23.09,23.08,0.0,0.00,0.0,0.0,,0.0
162,13,1.00,11,18.89,23.56,23.56,0.0,0.00,0.0,0.0,,0.0
162,14,1.00,11,18.96,24.00,24.00,0.0,0.00,0.0,0.0,,0.0
162,15,1.00,11,19.12,24.43,24.42,0.0,0.00,0.0,0.0,,0.0
162,16,1.00,11,18.89,24.75,24.75,0.0,0.00,0.0,0.0,,0.0
162,17,1.00,11,18.87,25.04,25.03,0.0,0.00,0.0,0.0,,0.0
162,18,1.00,11,17.99,25.12,25.11,0.0,0.00,0.0,0.0,,0.0
162,19,1.00,11,17.14,24.28,24.28,0.0,0.00,0.0,0.0,,0.0
162,20,1.00,11,16.03,23.77,23.76,0.0,0.00,0.0,0.0,,0.0
162,21,1.00,11,15.79,23.35,23.35,0.0,0.00,0.0,0.0,,0.0
162,22,1.00,11,15.48,22.97,22.96,0.0,0.00,0.0,0.0,,0.0
162,23,1.00,11,15.25,22.60,22.59,0.0,0.00,0.0,0.0,,0.0
162,24,1.00,11,15.15,22.25,22.24,0.0,0.00,0.0,0.0,,0.0
162,1,2.00,11,14.76,21.90,21.89,0.0,0.00,0.0,0.0,,0.0
162,2,2.00,11,14.68,21.58,21.57,0.0,0.00,0.0,0.0,,0.0
162,3,2.00,11,14.81,21.29,21.28,0.0,0.00,0.0,0.0,,0.0
162,4,2.00,11,14.70,21.01,21.00,0.0,0.00,0.0,0.0,,0.0
162,5,2.00,11,14.73,20.75,20.74,0.0,0.00,0.0,0.0,,0.0
162,6,2.00,11,14.91,20.52,20.51,0.0,0.00,0.0,0.0,,0.0
162,7,2.00,11,14.77,20.28,20.27,0.0,0.00,0.0,0.0,,0.0
162,8,2.00,11,14.89,21.07,21.20,382.16,0.00,0.0,0.0,,382.16
162,9,2.00,11,15.69,21.47,21.49,0.0,0.00,0.0,0.0,,0.0
162,10,2.00,11,16.86,21.91,21.91,0.0,0.00,0.0,0.0,,0.0
162,11,2.00,11,17.50,22.34,22.34,0.0,0.00,0.0,0.0,,0.0
162,12,2.00,11,17.80,22.77,22.78,0.0,0.00,0.0,0.0,,0.0
162,13,2.00,11,18.27,23.25,23.26,0.0,0.00,0.0,0.0,,0.0
162,14,2.00,11,18.59,23.72,23.72,0.0,0.00,0.0,0.0,,0.0
162,15,2.00,11,18.82,24.16,24.16,0.0,0.00,0.0,0.0,,0.0
162,16,2.00,11,18.51,24.48,24.48,0.0,0.00,0.0,0.0,,0.0
162,17,2.00,11,18.34,24.74,24.74,0.0,0.00,0.0,0.0,,0.0
162,18,2.00,11,17.27,24.78,24.78,0.0,0.00,0.0,0.0,,0.0
162,19,2.00,11,16.58,23.98,23.98,0.0,0.00,0.0,0.0,,0.0
162,20,2.00,11,15.70,23.48,23.48,0.0,0.00,0.0,0.0,,0.0
162,21,2.00,11,15.51,23.07,23.07,0.0,0.00,0.0,0.0,,0.0
162,22,2.00,11,15.56,22.72,22.72,0.0,0.00,0.0,0.0,,0.0
162,23,2.00,11,15.46,22.38,22.38,0.0,0.00,0.0,0.0,,0.0
162,24,2.00,11,15.57,22.07,22.07,0.0,0.00,0.0,0.0,,0.0
162,1,3.00,11,15.59,21.78,21.78,0.0,0.00,0.0,0.0,,0.0
162,2,3.00,11,15.73,21.52,21.52,0.0,0.00,0.0,0.0,,0.0
162,3,3.00,11,15.63,21.26,21.26,0.0,0.00,0.0,0.0,,0.0
162,4,3.00,11,15.29,21.00,21.00,0.0,0.00,0.0,0.0,,0.0
162,5,3.00,11,15.22,20.75,20.75,0.0,0.00,0.0,0.0,,0.0
162,6,3.00,11,15.70,20.56,20.56,0.0,0.00,0.0,0.0,,0.0
162,7,3.00,11,15.90,20.38,20.38,0.0,0.00,0.0,0.0,,0.0
162,8,3.00,11,16.17,21.94,21.94,0.0,0.00,0.0,0.0,,0.0
162,9,3.00,11,16.82,22.56,22.56,0.0,0.00,0.0,-0.0,,0.0
162,10,3.00,11,18.50,23.10,23.10,0.0,0.00,0.0,-0.0,,0.0
162,11,3.00,11,19.11,23.62,23.62,0.0,0.00,0.0,-0.0,,0.0
162,12,3.00,11,19.46,24.18,24.17,0.0,0.00,0.0,-0.0,,0.0
162,13,3.00,11,19.36,24.72,24.72,0.0,0.00,0.0,-0.0,,0.0
162,14,3.00,11,19.32,25.26,25.25,0.0,0.00,0.0,0.0,,0.0
162,15,3.00,11,19.05,25.74,25.74,0.0,0.00,0.0,0.0,,0.0
162,16,3.00,11,19.06,26.19,26.19,0.0,0.00,0.0,0.0,,0.0
162,17,3.00,11,18.65,26.54,26.54,0.0,0.00,0.0,0.0,,0.0
162,18,3.00,11,17.70,26.76,26.76,0.0,0.00,0.0,0.0,,0.0
162,19,3.00,11,17.15,25.18,25.17,0.0,0.00,0.0,0.0,,0.0
162,20,3.00,11,16.70,24.52,24.51,0.0,0.00,0.0,0.0,,0.0
162,21,3.00,11,16.25,24.05,24.04,0.0,0.00,0.0,0.0,,0.0
162,22,3.00,11,15.76,23.62,23.62,0.0,0.00,0.0,0.0,,0.0
162,23,3.00,11,15.60,23.23,23.22,0.0,0.00,0.0,0.0,,0.0
162,24,3.00,11,15.86,22.89,22.88,0.0,0.00,0.0,0.0,,0.0
162,1,4.00,11,15.79,22.56,22.56,0.0,0.00,0.0,0.0,,0.0
162,2,4.00,11,15.86,22.26,22.25,0.0,0.00,0.0,0.0,,0.0
162,3,4.00,11,15.80,21.97,21.97,0.0,0.00,0.0,0.0,,0.0
162,4,4.00,11,15.60,21.69,21.68,0.0,0.00,0.0,0.0,,0.0
162,5,4.00,11,15.51,21.42,21.41,0.0,0.00,0.0,0.0,,0.0
162,6,4.00,11,15.39,21.16,21.15,0.0,0.00,0.0,0.0,,0.0
162,7,4.00,11,15.15,20.90,20.89,0.0,0.00,0.0,0.0,,0.0
162,8,4.00,11,15.18,22.38,22.38,0.0,0.00,0.0,0.0,,0.0
162,9,4.00,11,15.65,22.92,22.92,0.0,0.00,0.0,0.0,,0.0
162,10,4.00,11,16.74,23.35,23.35,0.0,0.00,0.0,-0.0,,0.0
162,11,4.00,11,17.35,23.79,23.78,0.0,0.00,0.0,-0.0,,0.0
162,12,4.00,11,17.87,24.27,24.27,0.0,0.00,0.0,-0.0,,0.0
162,13,4.00,11,18.22,24.79,24.78,0.0,0.00,0.0,0.0,,0.0
162,14,4.00,11,18.52,25.31,25.30,0.0,0.00,0.0,-0.0,,0.0
162,15,4.00,11,18.63,25.79,25.79,0.0,0.00,0.0,0.0,,0.0
162,16,4.00,11,18.42,26.21,26.20,0.0,0.00,0.0,0.0,,0.0
162,17,4.00,11,18.03,26.54,26.54,0.0,0.00,0.0,0.0,,0.0
162,18,4.00,11,17.70,26.79,26.78,0.0,0.00,0.0,0.0,,0.0
162,19,4.00,11,16.73,25.18,25.18,0.0,0.00,0.0,0.0,,0.0
162,20,4.00,11,16.32,24.51,24.51,0.0,0.00,0.0,0.0,,0.0
162,21,4.00,11,16.37,24.07,24.06,0.0,0.00,0.0,0.0,,0.0
162,22,4.00,11,16.42,23.69,23.68,0.0,0.00,0.0,0.0,,0.0
162,23,4.00,11,16.34,23.33,23.33,0.0,0.00,0.0,0.0,,0.0
162,24,4.00,11,15.82,22.97,22.96,0.0,0.00,0.0,0.0,,0.0
162,1,5.00,11,15.86,22.64,22.64,0.0,0.00,0.0,0.0,,0.0
162,2,5.00,11,15.56,22.31,22.31,0.0,0.00,0.0,0.0,,0.0
162,3,5.00,11,15.34,22.00,21.99,0.0,0.00,0.0,0.0,,0.0
162,4,5.00,11,15.34,21.71,21.70,0.0,0.00,0.0,0.0,,0.0
162,5,5.00,11,15.22,21.43,21.42,0.0,0.00,0.0,0.0,,0.0
162,6,5.00,11,15.20,21.16,21.16,0.0,0.00,0.0,0.0,,0.0
162,7,5.00,11,15.03,20.91,20.90,0.0,0.00,0.0,0.0,,0.0
162,8,5.00,11,15.48,21.69,21.69,0.0,0.00,0.0,0.0,,0.0
162,9,5.00,11,15.80,22.01,22.00,0.0,0.00,0.0,0.0,,0.0
162,10,5.00,11,16.75,22.37,22.37,0.0,0.00,0.0,0.0,,0.0
162,11,5.00,11,17.52,22.79,22.78,0.0,0.00,0.0,0.0,,0.0
162,12,5.00,11,18.08,23.24,23.23,0.0,0.00,0.0,0.0,,0.0
162,13,5.00,11,18.55,23.71,23.70,0.0,0.00,0.0,0.0,,0.0
162,14,5.00,11,18.61,24.13,24.12,0.0,0.00,0.0,0.0,,0.0
162,15,5.00,11,18.65,24.51,24.51,0.0,0.00,0.0,0.0,,0.0
162,16,5.00,11,18.57,24.83,24.83,0.0,0.00,0.0,0.0,,0.0
162,17,5.00,11,18.35,25.07,25.06,0.0,0.00,0.0,0.0,,0.0
162,18,5.00,11,18.04,25.21,25.20,0.0,0.00,0.0,0.0,,0.0
162,19,5.00,11,17.24,24.40,24.39,0.0,0.00,0.0,0.0,,0.0
162,20,5.00,11,16.59,23.92,23.91,0.0,0.00,0.0,0.0,,0.0
162,21,5.00,11,16.56,23.54,23.54,0.0,0.00,0.0,0.0,,0.0
162,22,5.00,11,16.68,23.21,23.20,0.0,0.00,0.0,0.0,,0.0
162,23,5.00,11,16.61,22.90,22.89,0.0,0.00,0.0,0.0,,0.0
162,24,5.00,11,16.00,22.56,22.55,0.0,0.00,0.0,0.0,,0.0
162,1,6.00,11,15.97,22.25,22.25,0.0,0.00,0.0,0.0,,0.0
162,2,6.00,11,15.76,21.96,21.95,0.0,0.00,0.0,0.0,,0.0
162,3,6.00,11,15.57,21.67,21.66,0.0,0.00,0.0,0.0,,0.0
162,4,6.00,11,15.42,21.39,21.39,0.0,0.00,0.0,0.0,,0.0
162,5,6.00,11,15.25,21.13,21.12,0.0,0.00,0.0,0.0,,0.0
162,6,6.00,11,15.19,20.88,20.87,0.0,0.00,0.0,0.0,,0.0
162,7,6.00,11,15.11,20.64,20.63,0.0,0.00,0.0,0.0,,0.0
162,8,6.00,11,15.27,21.43,21.42,0.0,0.00,0.0,0.0,,0.0
162,9,6.00,11,15.91,21.79,21.79,0.0,0.00,0.0,0.0,,0.0
162,10,6.00,11,16.98,22.20,22.20,0.0,0.00,0.0,0.0,,0.0
162,11,6.00,11,17.83,22.65,22.65,0.0,0.00,0.0,0.0,,0.0
162,12,6.00,11,18.26,23.11,23.10,0.0,0.00,0.0,0.0,,0.0
162,13,6.00,11,18.52,23.57,23.56,0.0,0.00,0.0,0.0,,0.0
162,14,6.00,11,18.65,24.00,23.99,0.0,0.00,0.0,0.0,,0.0
162,15,6.00,11,18.57,24.37,24.37,0.0,0.00,0.0,0.0,,0.0
162,16,6.00,11,18.48,24.69,24.69,0.0,0.00,0.0,0.0,,0.0
162,17,6.00,11,18.23,24.93,24.92,0.0,0.00,0.0,0.0,,0.0
162,18,6.00,11,17.86,25.06,25.05,0.0,0.00,0.0,0.0,,0.0
162,19,6.00,11,17.04,24.25,24.24,0.0,0.00,0.0,0.0,,0.0
162,20,6.00,11,15.99,23.74,23.73,0.0,0.00,0.0,0.0,,0.0
162,21,6.00,11,15.45,23.31,23.30,0.0,0.00,0.0,0.0,,0.0
162,22,6.00,11,15.64,22.95,22.94,0.0,0.00,0.0,0.0,,0.0
162,23,6.00,11,15.79,22.62,22.61,0.0,0.00,0.0,0.0,,0.0
162,24,6.00,11,16.23,22.34,22.33,0.0,0.00,0.0,0.0,,0.0
162,1,7.00,11,15.45,22.01,22.00,0.0,0.00,0.0,0.0,,0.0
162,2,7.00,11,15.21,21.70,21.69,0.0,0.00,0.0,0.0,,0.0
162,3,7.00,11,15.80,21.46,21.45,0.0,0.00,0.0,0.0,,0.0
162,4,7.00,11,16.67,21.28,21.28,0.0,0.00,0.0,0.0,,0.0
162,5,7.00,11,16.80,21.10,21.10,0.0,0.00,0.0,0.0,,0.0
162,6,7.00,11,16.23,20.89,20.88,0.0,0.00,0.0,0.0,,0.0
162,7,7.00,11,15.77,20.66,20.65,0.0,0.00,0.0,0.0,,0.0
162,8,7.00,11,15.88,21.52,21.51,0.0,0.00,0.0,0.0,,0.0
162,9,7.00,11,16.17,21.86,21.86,0.0,0.00,0.0,0.0,,0.0
162,10,7.00,11,16.91,22.23,22.22,0.0,0.00,0.0,0.0,,0.0
162,11,7.00,11,17.58,22.63,22.63,0.0,0.00,0.0,0.0,,0.0
162,12,7.00,11,18.09,23.08,23.08,0.0,0.00,0.0,0.0,,0.0
162,13,7.00,11,18.34,23.53,23.52,0.0,0.00,0.0,0.0,,0.0
162,14,7.00,11,18.56,23.97,23.96,0.0,0.00,0.0,0.0,,0.0
162,15,7.00,11,18.65,24.37,24.36,0.0,0.00,0.0,0.0,,0.0
162,16,7.00,11,18.66,24.71,24.70,0.0,0.00,0.0,0.0,,0.0
162,17,7.00,11,18.76,25.01,25.00,0.0,0.00,0.0,0.0,,0.0
162,18,7.00,11,18.32,25.16,25.15,0.0,0.00,0.0,0.0,,0.0
162,19,7.00,11,17.40,24.32,24.32,0.0,0.00,0.0,0.0,,0.0
162,20,7.00,11,16.46,23.83,23.82,0.0,0.00,0.0,0.0,,0.0
162,21,7.00,11,15.97,23.41,23.41,0.0,0.00,0.0,0.0,,0.0
162,22,7.00,11,16.01,23.05,23.05,0.0,0.00,0.0,0.0,,0.0
162,23,7.00,11,15.82,22.71,22.70,0.0,0.00,0.0,0.0,,0.0
162,24,7.00,11,15.10,22.34,22.33,0.0,0.00,0.0,0.0,,0.0
162,1,1.00,11,14.55,21.97,21.96,0.0,0.00,0.0,0.0,,0.0
162,2,1.00,11,13.66,21.58,21.57,0.0,0.00,0.0,0.0,,0.0
162,3,1.00,11,12.72,21.17,21.16,0.0,0.00,0.0,0.0,,0.0
162,4,1.00,11,11.89,20.75,20.74,0.0,0.00,0.0,0.0,,0.0
162,5,1.00,11,11.21,20.33,20.33,0.0,0.00,0.0,0.0,,0.0
162,6,1.00,11,11.71,20.00,19.99,0.0,0.00,0.0,0.0,,0.0
162,7,1.00,11,12.11,19.71,19.70,0.0,0.00,0.0,0.0,,0.0
162,8,1.00,11,12.73,20.33,21.20,2533.99,0.00,0.0,0.0,,2533.99
162,9,1.00,11,14.03,20.72,21.20,727.67,0.00,0.0,0.0,,727.67
162,10,1.00,11,15.63,21.20,21.37,0.0,0.00,0.0,0.0,,0.0
162,11,1.00,11,16.89,21.73,21.83,0.0,0.00,0.0,0.0,,0.0
162,12,1.00,11,17.90,22.30,22.39,0.0,0.00,0.0,0.0,,0.0
162,13,1.00,11,18.78,22.90,22.99,0.0,0.00,0.0,0.0,,0.0
162,14,1.00,11,19.39,23.49,23.56,0.0,0.00,0.0,0.0,,0.0
162,15,1.00,11,19.89,24.04,24.11,0.0,0.00,0.0,0.0,,0.0
162,16,1.00,11,20.39,24.56,24.62,0.0,0.00,0.0,0.0,,0.0
162,17,1.00,11,19.99,24.89,24.95,0.0,0.00,0.0,0.0,,0.0
162,18,1.00,11,19.35,25.08,25.13,0.0,0.00,0.0,0.0,,0.0
162,19,1.00,11,18.11,24.17,24.23,0.0,0.00,0.0,0.0,,0.0
162,20,1.00,11,16.71,23.66,23.72,0.0,0.00,0.0,0.0,,0.0
162,21,1.00,11,16.15,23.25,23.30,0.0,0.00,0.0,0.0,,0.0
162,22,1.00,11,15.67,22.87,22.92,0.0,0.00,0.0,0.0,,0.0
162,23,1.00,11,15.40,22.50,22.55,0.0,0.00,0.0,0.0,,0.0
162,24,1.00,11,14.87,22.14,22.18,0.0,0.00,0.0,0.0,,0.0
162,1,2.00,11,14.17,21.76,21.80,0.0,0.00,0.0,0.0,,0.0
162,2,2.00,11,13.46,21.37,21.41,0.0,0.00,0.0,0.0,,0.0
162,3,2.00,11,12.90,20.99,21.03,0.0,0.00,0.0,0.0,,0.0
162,4,2.00,11,12.30,20.61,20.64,0.0,0.00,0.0,0.0,,0.0
162,5,2.00,11,11.66,20.22,20.25,0.0,0.00,0.0,0.0,,0.0
162,6,2.00,11,11.25,19.85,19.88,0.0,0.00,0.0,0.0,,0.0
162,7,2.00,11,11.78,19.54,19.57,0.0,0.00,0.0,0.0,,0.0
162,8,2.00,11,12.48,20.16,21.20,2934.73,0.00,0.0,0.0,,2934.73
162,9,2.00,11,13.48,20.50,21.20,1181.03,0.00,0.0,0.0,,1181.03
162,10,2.00,11,15.15,20.97,21.22,0.0,0.00,0.0,0.0,,0.0
162,11,2.00,11,16.79,21.54,21.71,0.0,0.00,0.0,0.0,,0.0
162,12,2.00,11,18.12,22.18,22.32,0.0,0.00,0.0,0.0,,0.0
162,13,2.00,11,19.04,22.81,22.94,0.0,0.00,0.0,0.0,,0.0
162,14,2.00,11,19.73,23.43,23.55,0.0,0.00,0.0,0.0,,0.0
162,15,2.00,11,19.62,23.91,24.02,0.0,0.00,0.0,0.0,,0.0
162,16,2.00,11,19.72,24.35,24.46,0.0,0.00,0.0,0.0,,0.0
162,17,2.00,11,19.63,24.70,24.80,0.0,0.00,0.0,0.0,,0.0
162,18,2.00,11,19.36,24.94,25.03,0.0,0.00,0.0,0.0,,0.0
162,19,2.00,11,18.28,24.05,24.15,0.0,0.00,0.0,0.0,,0.0
162,20,2.00,11,17.28,23.58,23.67,0.0,0.00,0.0,0.0,,0.0
162,21,2.00,11,16.87,23.21,23.30,0.0,0.00,0.0,0.0,,0.0
162,22,2.00,11,17.19,22.92,23.00,0.0,0.00,0.0,0.0,,0.0
162,23,2.00,11,17.25,22.64,22.72,0.0,0.00,0.0,0.0,,0.0
162,24,2.00,11,16.83,22.35,22.43,0.0,0.00,0.0,0.0,,0.0
162,1,3.00,11,16.54,22.07,22.14,0.0,0.00,0.0,0.0,,0.0
162,2,3.00,11,16.25,21.80,21.86,0.0,0.00,0.0,0.0,,0.0
162,3,3.00,11,15.88,21.52,21.58,0.0,0.00,0.0,0.0,,0.0
162,4,3.00,11,15.48,21.24,21.30,0.0,0.00,0.0,0.0,,0.0
162,5,3.00,11,14.95,20.95,21.01,0.0,0.00,0.0,0.0,,0.0
162,6,3.00,11,14.62,20.67,20.73,0.0,0.00,0.0,0.0,,0.0
162,7,3.00,11,14.14,20.39,20.44,0.0,0.00,0.0,0.0,,0.0
162,8,3.00,11,14.09,21.85,21.90,0.0,0.00,0.0,0.0,,0.0
162,9,3.00,11,15.42,22.43,22.48,0.0,0.00,0.0,-0.0,,0.0
162,10,3.00,11,17.16,22.93,22.97,0.0,0.00,0.0,-0.0,,0.0
162,11,3.00,11,17.94,23.42,23.46,0.0,0.00,0.0,-0.0,,0.0
162,12,3.00,11,18.64,23.96,24.00,0.0,0.00,0.0,-0.0,,0.0
162,13,3.00,11,19.10,24.54,24.57,0.0,0.00,0.0,0.0,,0.0
162,14,3.00,11,19.25,25.09,25.13,0.0,0.00,0.0,0.0,,0.0
162,15,3.00,11,19.08,25.60,25.63,0.0,0.00,0.0,0.0,,0.0
162,16,3.00,11,19.29,26.07,26.11,0.0,0.00,0.0,0.0,,0.0
162,17,3.00,11,19.27,26.48,26.51,0.0,0.00,0.0,0.0,,0.0
162,18,3.00,11,19.31,26.80,26.83,0.0,0.00,0.0,0.0,,0.0
162,19,3.00,11,18.15,25.25,25.28,0.0,0.00,0.0,0.0,,0.0
162,20,3.00,11,16.75,24.56,24.58,0.0,0.00,0.0,0.0,,0.0
162,21,3.00,11,16.21,24.08,24.10,0.0,0.00,0.0,0.0,,0.0
162,22,3.00,11,16.65,23.71,23.73,0.0,0.00,0.0,0.0,,0.0
162,23,3.00,11,17.05,23.40,23.42,0.0,0.00,0.0,0.0,,0.0
162,24,3.00,11,17.04,23.09,23.11,0.0,0.00,0.0,0.0,,0.0
162,1,4.00,11,16.48,22.77,22.79,0.0,0.00,0.0,0.0,,0.0
162,2,4.00,11,16.35,22.46,22.48,0.0,0.00,0.0,0.0,,0.0
162,3,4.00,11,16.45,22.19,22.21,0.0,0.00,0.0,0.0,,0.0
162,4,4.00,11,16.48,21.94,21.96,0.0,0.00,0.0,0.0,,0.0
162,5,4.00,11,16.34,21.69,21.70,0.0,0.00,0.0,0.0,,0.0
162,6,4.00,11,16.52,21.47,21.48,0.0,0.00,0.0,0.0,,0.0
162,7,4.00,11,16.44,21.25,21.27,0.0,0.00,0.0,0.0,,0.0
162,8,4.00,11,16.66,22.78,22.80,0.0,0.00,0.0,0.0,,0.0
162,9,4.00,11,17.65,23.40,23.41,0.0,0.00,0.0,0.0,,0.0
162,10,4.00,11,18.58,23.88,23.89,0.0,0.00,0.0,-0.0,,0.0
162,11,4.00,11,19.24,24.36,24.37,0.0,0.00,0.0,-0.0,,0.0
162,12,4.00,11,19.58,24.88,24.89,0.0,0.00,0.0,-0.0,,0.0
162,13,4.00,11,19.74,25.41,25.42,0.0,0.00,0.0,0.0,,0.0
162,14,4.00,11,20.23,25.97,25.98,0.0,0.00,0.0,0.0,,0.0
162,15,4.00,11,20.18,26.47,26.48,0.0,0.00,0.0,0.0,,0.0
162,16,4.00,11,20.20,26.93,26.94,0.0,0.00,0.0,0.0,,0.0
162,17,4.00,11,19.94,27.30,27.31,0.0,0.00,0.0,0.0,,0.0
162,18,4.00,11,19.53,27.58,27.58,0.0,0.00,0.0,0.0,,0.0
162,19,4.00,11,18.61,26.00,26.01,0.0,0.00,0.0,0.0,,0.0
162,20,4.00,11,17.72,25.33,25.34,0.0,0.00,0.0,0.0,,0.0
162,21,4.00,11,17.39,24.86,24.87,0.0,0.00,0.0,0.0,,0.0
162,22,4.00,11,17.34,24.47,24.48,0.0,0.00,0.0,0.0,,0.0
162,23,4.00,11,17.15,24.10,24.10,0.0,0.00,0.0,0.0,,0.0
162,24,4.00,11,16.81,23.73,23.74,0.0,0.00,0.0,0.0,,0.0
162,1,5.00,11,16.44,23.37,23.38,0.0,0.00,0.0,0.0,,0.0
162,2,5.00,11,16.27,23.03,23.04,0.0,0.00,0.0,0.0,,0.0
162,3,5.00,11,15.79,22.69,22.69,0.0,0.00,0.0,0.0,,0.0
162,4,5.00,11,15.93,22.38,22.39,0.0,0.00,0.0,0.0,,0.0
162,5,5.00,11,15.72,22.08,22.09,0.0,0.00,0.0,0.0,,0.0
162,6,5.00,11,16.03,21.83,21.83,0.0,0.00,0.0,0.0,,0.0
162,7,5.00,11,15.54,21.55,21.55,0.0,0.00,0.0,0.0,,0.0
162,8,5.00,11,15.36,22.21,22.21,0.0,0.00,0.0,0.0,,0.0
162,9,5.00,11,16.60,22.61,22.62,0.0,0.00,0.0,0.0,,0.0
162,10,5.00,11,17.69,23.02,23.02,0.0,0.00,0.0,0.0,,0.0
162,11,5.00,11,18.18,23.40,23.40,0.0,0.00,0.0,0.0,,0.0
162,12,5.00,11,18.72,23.84,23.84,0.0,0.00,0.0,0.0,,0.0
162,13,5.00,11,19.01,24.28,24.28,0.0,0.00,0.0,0.0,,0.0
162,14,5.00,11,19.47,24.75,24.75,0.0,0.00,0.0,0.0,,0.0
162,15,5.00,11,19.39,25.12,25.13,0.0,0.00,0.0,0.0,,0.0
162,16,5.00,11,19.98,25.55,25.55,0.0,0.00,0.0,0.0,,0.0
162,17,5.00,11,20.19,25.89,25.89,0.0,0.00,0.0,0.0,,0.0
162,18,5.00,11,20.42,26.17,26.17,0.0,0.00,0.0,0.0,,0.0
162,19,5.00,11,19.32,25.28,25.28,0.0,0.00,0.0,0.0,,0.0
162,20,5.00,11,18.34,24.80,24.80,0.0,0.00,0.0,0.0,,0.0
162,21,5.00,11,17.80,24.40,24.40,0.0,0.00,0.0,0.0,,0.0
162,22,5.00,11,17.94,24.07,24.07,0.0,0.00,0.0,0.0,,0.0
162,23,5.00,11,18.15,23.77,23.78,0.0,0.00,0.0,0.0,,0.0
162,24,5.00,11,18.31,23.51,23.51,0.0,0.00,0.0,0.0,,0.0
162,1,6.00,11,17.73,23.21,23.21,0.0,0.00,0.0,0.0,,0.0
162,2,6.00,11,17.57,22.93,22.93,0.0,0.00,0.0,0.0,,0.0
162,3,6.00,11,17.48,22.67,22.67,0.0,0.00,0.0,0.0,,0.0
162,4,6.00,11,17.35,22.42,22.42,0.0,0.00,0.0,0.0,,0.0
162,5,6.00,11,16.94,22.16,22.16,0.0,0.00,0.0,0.0,,0.0
162,6,6.00,11,17.33,21.95,21.95,0.0,0.00,0.0,0.0,,0.0
162,7,6.00,11,17.02,21.72,21.72,0.0,0.00,0.0,0.0,,0.0
162,8,6.00,11,17.17,22.60,22.60,0.0,0.00,0.0,0.0,,0.0
162,9,6.00,11,18.20,23.06,23.06,0.0,0.00,0.0,0.0,,0.0
162,10,6.00,11,18.81,23.44,23.44,0.0,0.00,0.0,0.0,,0.0
162,11,6.00,11,19.34,23.85,23.85,0.0,0.00,0.0,0.0,,0.0
162,12,6.00,11,19.53,24.26,24.26,0.0,0.00,0.0,0.0,,0.0
162,13,6.00,11,19.87,24.71,24.71,0.0,0.00,0.0,0.0,,0.0
162,14,6.00,11,20.58,25.23,25.23,0.0,0.00,0.0,0.0,,0.0
162,15,6.00,11,20.40,25.62,25.62,0.0,0.00,0.0,0.0,,0.0
162,16,6.00,11,20.37,25.97,25.96,0.0,0.00,0.0,0.0,,0.0
162,17,6.00,11,20.10,26.21,26.20,-44.78,0.00,0.0,0.0,,-44.78
162,18,6.00,11,20.07,26.41,26.20,-604.41,0.00,0.0,0.0,,-604.41
162,19,6.00,11,18.85,25.52,25.46,0.0,0.00,0.0,0.0,,0.0
162,20,6.00,11,17.63,25.00,24.96,0.0,0.00,0.0,0.0,,0.0
162,21,6.00,11,16.67,24.53,24.50,0.0,0.00,0.0,0.0,,0.0
162,22,6.00,11,16.87,24.14,24.12,0.0,0.00,0.0,0.0,,0.0
162,23,6.00,11,17.00,23.80,23.78,0.0,0.00,0.0,0.0,,0.0
162,24,6.00,11,17.26,23.49,23.47,0.0,0.00,0.0,0.0,,0.0
162,1,7.00,11,16.01,23.10,23.09,0.0,0.00,0.0,0.0,,0.0
162,2,7.00,11,15.70,22.75,22.73,0.0,0.00,0.0,0.0,,0.0
162,3,7.00,11,16.15,22.46,22.45,0.0,0.00,0.0,0.0,,0.0
162,4,7.00,11,16.04,22.18,22.16,0.0,0.00,0.0,0.0,,0.0
162,5,7.00,11,15.67,21.88,21.87,0.0,0.00,0.0,0.0,,0.0
162,6,7.00,11,15.96,21.63,21.62,0.0,0.00,0.0,0.0,,0.0
162,7,7.00,11,15.65,21.37,21.36,0.0,0.00,0.0,0.0,,0.0
162,8,7.00,11,16.02,22.16,22.15,0.0,0.00,0.0,0.0,,0.0
162,9,7.00,11,16.83,22.55,22.54,0.0,0.00,0.0,0.0,,0.0
162,10,7.00,11,17.74,22.94,22.93,0.0,0.00,0.0,0.0,,0.0
162,11,7.00,11,18.41,23.36,23.35,0.0,0.00,0.0,0.0,,0.0
162,12,7.00,11,18.91,23.81,23.80,0.0,0.00,0.0,0.0,,0.0
162,13,7.00,11,19.18,24.26,24.25,0.0,0.00,0.0,0.0,,0.0
162,14,7.00,11,19.74,24.75,24.74,0.0,0.00,0.0,0.0,,0.0
162,15,7.00,11,19.62,25.14,25.13,0.0,0.00,0.0,0.0,,0.0
162,16,7.00,11,19.91,25.53,25.52,0.0,0.00,0.0,0.0,,0.0
162,17,7.00,11,19.90,25.83,25.82,0.0,0.00,0.0,0.0,,0.0
162,18,7.00,11,19.85,26.05,26.04,0.0,0.00,0.0,0.0,,0.0
162,19,7.00,11,18.54,25.16,25.15,0.0,0.00,0.0,0.0,,0.0
162,20,7.00,11,17.44,24.64,24.64,0.0,0.00,0.0,0.0,,0.0
162,21,7.00,11,16.98,24.23,24.22,0.0,0.00,0.0,0.0,,0.0
162,22,7.00,11,16.40,23.82,23.82,0.0,0.00,0.0,0.0,,0.0
162,23,7.00,11,15.98,23.43,23.43,0.0,0.00,0.0,0.0,,0.0
162,24,7.00,11,16.53,23.12,23.11,0.0,0.00,0.0,0.0,,0.0
162,1,1.00,11,16.12,22.79,22.78,0.0,0.00,0.0,0.0,,0.0
162,2,1.00,11,15.78,22.46,22.45,0.0,0.00,0.0,0.0,,0.0
162,3,1.00,11,15.99,22.18,22.17,0.0,0.00,0.0,0.0,,0.0
162,4,1.00,11,16.61,21.95,21.95,0.0,0.00,0.0,0.0,,0.0
162,5,1.00,11,16.82,21.74,21.73,0.0,0.00,0.0,0.0,,0.0
162,6,1.00,11,16.02,21.47,21.47,0.0,0.00,0.0,0.0,,0.0
162,7,1.00,11,15.34,21.19,21.19,0.0,0.00,0.0,0.0,,0.0
162,8,1.00,11,15.78,21.98,21.97,0.0,0.00,0.0,0.0,,0.0
162,9,1.00,11,16.88,22.41,22.41,0.0,0.00,0.0,0.0,,0.0
162,10,1.00,11,18.14,22.87,22.87,0.0,0.00,0.0,0.0,,0.0
162,11,1.00,11,18.84,23.32,23.32,0.0,0.00,0.0,0.0,,0.0
162,12,1.00,11,19.59,23.84,23.83,0.0,0.00,0.0,0.0,,0.0
162,13,1.00,11,19.84,24.32,24.32,0.0,0.00,0.0,0.0,,0.0
162,14,1.00,11,20.50,24.86,24.86,0.0,0.00,0.0,0.0,,0.0
162,15,1.00,11,20.18,25.25,25.25,0.0,0.00,0.0,0.0,,0.0
162,16,1.00,11,19.48,25.50,25.50,0.0,0.00,0.0,0.0,,0.0
162,17,1.00,11,19.27,25.73,25.73,0.0,0.00,0.0,0.0,,0.0
162,18,1.00,11,18.80,25.85,25.85,0.0,0.00,0.0,0.0,,0.0
162,19,1.00,11,18.08,25.03,25.03,0.0,0.00,0.0,0.0,,0.0
162,20,1.00,11,17.40,24.55,24.55,0.0,0.00,0.0,0.0,,0.0
162,21,1.00,11,16.65,24.12,24.12,0.0,0.00,0.0,0.0,,0.0
162,22,1.00,11,16.21,23.72,23.71,0.0,0.00,0.0,0.0,,0.0
162,23,1.00,11,15.50,23.31,23.30,0.0,0.00,0.0,0.0,,0.0
162,24,1.00,11,14.68,22.88,22.88,0.0,0.00,0.0,0.0,,0.0
162,1,2.00,11,13.97,22.46,22.46,0.0,0.00,0.0,0.0,,0.0
162,2,2.00,11,13.29,22.03,22.03,0.0,0.00,0.0,0.0,,0.0
162,3,2.00,11,12.88,21.63,21.62,0.0,0.00,0.0,0.0,,0.0
162,4,2.00,11,12.49,21.23,21.23,0.0,0.00,0.0,0.0,,0.0
162,5,2.00,11,12.86,20.89,20.89,0.0,0.00,0.0,0.0,,0.0
162,6,2.00,11,13.18,20.60,20.59,0.0,0.00,0.0,0.0,,0.0
162,7,2.00,11,13.48,20.33,20.33,0.0,0.00,0.0,0.0,,0.0
162,8,2.00,11,13.83,21.00,21.20,581.41,0.00,0.0,0.0,,581.41
162,9,2.00,11,14.83,21.37,21.42,0.0,0.00,0.0,0.0,,0.0
162,10,2.00,11,16.28,21.82,21.85,0.0,0.00,0.0,0.0,,0.0
162,11,2.00,11,17.00,22.26,22.28,0.0,0.00,0.0,0.0,,0.0
162,12,2.00,11,18.33,22.85,22.86,0.0,0.00,0.0,0.0,,0.0
162,13,2.00,11,19.34,23.46,23.48,0.0,0.00,0.0,0.0,,0.0
162,14,2.00,11,20.21,24.09,24.10,0.0,0.00,0.0,0.0,,0.0
162,15,2.00,11,20.66,24.64,24.65,0.0,0.00,0.0,0.0,,0.0
162,16,2.00,11,20.99,25.14,25.15,0.0,0.00,0.0,0.0,,0.0
162,17,2.00,11,20.96,25.52,25.53,0.0,0.00,0.0,0.0,,0.0
162,18,2.00,11,20.62,25.77,25.78,0.0,0.00,0.0,0.0,,0.0
162,19,2.00,11,19.81,24.88,24.89,0.0,0.00,0.0,0.0,,0.0
162,20,2.00,11,18.94,24.43,24.44,0.0,0.00,0.0,0.0,,0.0
162,21,2.00,11,18.91,24.12,24.12,0.0,0.00,0.0,0.0,,0.0
162,22,2.00,11,18.80,23.83,23.84,0.0,0.00,0.0,0.0,,0.0
162,23,2.00,11,18.46,23.54,23.55,0.0,0.00,0.0,0.0,,0.0
162,24,2.00,11,18.23,23.27,23.27,0.0,0.00,0.0,0.0,,0.0
162,1,3.00,11,17.81,22.99,22.99,0.0,0.00,0.0,0.0,,0.0
162,2,3.00,11,17.94,22.74,22.75,0.0,0.00,0.0,0.0,,0.0
162,3,3.00,11,17.64,22.49,22.50,0.0,0.00,0.0,0.0,,0.0
162,4,3.00,11,17.49,22.26,22.26,0.0,0.00,0.0,0.0,,0.0
162,5,3.00,11,17.81,22.06,22.06,0.0,0.00,0.0,0.0,,0.0
162,6,3.00,11,17.61,21.85,21.86,0.0,0.00,0.0,0.0,,0.0
162,7,3.00,11,17.41,21.65,21.65,0.0,0.00,0.0,0.0,,0.0
162,8,3.00,11,17.38,23.18,23.18,0.0,0.00,0.0,0.0,,0.0
162,9,3.00,11,18.12,23.78,23.79,0.0,0.00,0.0,-0.0,,0.0
162,10,3.00,11,19.26,24.27,24.27,0.0,0.00,0.0,-0.0,,0.0
162,11,3.00,11,20.18,24.78,24.78,0.0,0.00,0.0,-0.0,,0.0
162,12,3.00,11,20.86,25.34,25.34,0.0,0.00,0.0,-0.0,,0.0
162,13,3.00,11,21.39,25.93,25.93,0.0,0.00,0.0,0.0,,0.0
162,14,3.00,11,21.83,26.52,26.52,0.0,0.00,0.0,-0.0,,0.0
162,15,3.00,11,21.89,27.07,27.07,0.0,0.00,0.0,0.0,,0.0
162,16,3.00,11,22.04,27.58,27.58,0.0,0.00,0.0,0.0,,0.0
162,17,3.00,11,21.97,28.01,28.01,0.0,0.00,0.0,0.0,,0.0
162,18,3.00,11,21.76,28.34,28.34,0.0,0.00,0.0,0.0,,0.0
162,19,3.00,11,20.71,26.81,26.81,0.0,0.00,0.0,0.0,,0.0
162,20,3.00,11,19.51,26.15,26.15,0.0,0.00,0.0,0.0,,0.0
162,21,3.00,11,19.14,25.71,25.71,0.0,0.00,0.0,0.0,,0.0
162,22,3.00,11,19.35,25.36,25.36,0.0,0.00,0.0,0.0,,0.0
162,23,3.00,11,19.38,25.03,25.03,0.0,0.00,0.0,0.0,,0.0
162,24,3.00,11,19.32,24.73,24.73,0.0,0.00,0.0,0.0,,0.0
162,1,4.00,11,19.12,24.43,24.43,0.0,0.00,0.0,0.0,,0.0
162,2,4.00,11,19.01,24.15,24.15,0.0,0.00,0.0,0.0,,0.0
162,3,4.00,11,18.26,23.83,23.83,0.0,0.00,0.0,0.0,,0.0
162,4,4.00,11,18.17,23.55,23.55,0.0,0.00,0.0,0.0,,0.0
162,5,4.00,11,18.29,23.30,23.30,0.0,0.00,0.0,0.0,,0.0
162,6,4.00,11,18.12,23.04,23.04,0.0,0.00,0.0,0.0,,0.0
162,7,4.00,11,17.84,22.79,22.79,0.0,0.00,0.0,0.0,,0.0
162,8,4.00,11,18.12,24.30,24.30,0.0,0.00,0.0,0.0,,0.0
162,9,4.00,11,18.94,24.88,24.88,0.0,0.00,0.0,0.0,,0.0
162,10,4.00,11,19.80,25.32,25.32,0.0,0.00,0.0,0.0,,0.0
162,11,4.00,11,20.66,25.79,25.79,0.0,0.00,0.0,-0.0,,0.0
162,12,4.00,11,21.18,26.31,26.31,0.0,0.00,0.0,-0.0,,0.0
162,13,4.00,11,21.33,26.83,26.83,0.0,0.00,0.0,0.0,,0.0
162,14,4.00,11,21.62,27.36,27.36,0.0,0.00,0.0,0.0,,0.0
162,15,4.00,11,21.37,27.84,27.84,0.0,0.00,0.0,0.0,,0.0
162,16,4.00,11,21.36,28.27,28.27,0.0,0.00,0.0,0.0,,0.0
162,17,4.00,11,21.27,28.64,28.63,0.0,0.00,0.0,0.0,,0.0
162,18,4.00,11,21.11,28.91,28.91,0.0,0.00,0.0,0.0,,0.0
162,19,4.00,11,20.10,27.33,27.33,0.0,0.00,0.0,0.0,,0.0
162,20,4.00,11,19.25,26.65,26.65,0.0,0.00,0.0,0.0,,0.0
162,21,4.00,11,19.06,26.19,26.19,0.0,0.00,0.0,0.0,,0.0
162,22,4.00,11,19.08,25.80,25.80,0.0,0.00,0.0,0.0,,0.0
162,23,4.00,11,18.83,25.43,25.43,0.0,0.00,0.0,0.0,,0.0
162,24,4.00,11,18.83,25.09,25.09,0.0,0.00,0.0,0.0,,0.0
162,1,5.00,11,18.15,24.72,24.72,0.0,0.00,0.0,0.0,,0.0
162,2,5.00,11,17.87,24.37,24.37,0.0,0.00,0.0,0.0,,0.0
162,3,5.00,11,17.72,24.05,24.05,0.0,0.00,0.0,0.0,,0.0
162,4,5.00,11,17.87,23.76,23.75,0.0,0.00,0.0,0.0,,0.0
162,5,5.00,11,17.40,23.44,23.44,0.0,0.00,0.0,0.0,,0.0
162,6,5.00,11,17.20,23.15,23.15,0.0,0.00,0.0,0.0,,0.0
162,7,5.00,11,16.98,22.86,22.86,0.0,0.00,0.0,0.0,,0.0
162,8,5.00,11,17.36,23.61,23.61,0.0,0.00,0.0,0.0,,0.0
162,9,5.00,11,18.90,24.09,24.09,0.0,0.00,0.0,0.0,,0.0
162,10,5.00,11,19.91,24.52,24.52,0.0,0.00,0.0,0.0,,0.0
162,11,5.00,11,20.64,24.96,24.96,0.0,0.00,0.0,0.0,,0.0
162,12,5.00,11,20.87,25.39,25.39,0.0,0.00,0.0,0.0,,0.0
162,13,5.00,11,21.11,25.83,25.83,0.0,0.00,0.0,0.0,,0.0
162,14,5.00,11,21.26,26.26,26.20,-180.58,0.00,0.0,0.0,,-180.58
162,15,5.00,11,21.20,26.63,26.20,-1213.4,0.00,0.0,0.0,,-1213.4
162,16,5.00,11,21.07,26.94,26.20,-1824.06,0.00,0.0,0.0,,-1824.06
162,17,5.00,11,20.94,27.19,26.20,-2232.15,0.00,0.0,0.0,,-2232.15
162,18,5.00,11,20.16,27.26,26.20,-2144.15,0.00,0.0,0.0,,-2144.15
162,19,5.00,11,19.54,26.43,25.99,0.0,0.00,0.0,0.0,,0.0
162,20,5.00,11,18.73,25.92,25.63,0.0,0.00,0.0,0.0,,0.0
162,21,5.00,11,18.27,25.50,25.25,0.0,0.00,0.0,0.0,,0.0
162,22,5.00,11,18.15,25.12,24.88,0.0,0.00,0.0,0.0,,0.0
162,23,5.00,11,18.18,24.77,24.55,0.0,0.00,0.0,0.0,,0.0
162,24,5.00,11,18.15,24.44,24.23,0.0,0.00,0.0,0.0,,0.0
162,1,6.00,11,17.87,24.11,23.92,0.0,0.00,0.0,0.0,,0.0
162,2,6.00,11,17.74,23.80,23.62,0.0,0.00,0.0,0.0,,0.0
162,3,6.00,11,17.48,23.50,23.32,0.0,0.00,0.0,0.0,,0.0
162,4,6.00,11,17.13,23.19,23.02,0.0,0.00,0.0,0.0,,0.0
162,5,6.00,11,16.96,22.90,22.74,0.0,0.00,0.0,0.0,,0.0
162,6,6.00,11,17.07,22.64,22.49,0.0,0.00,0.0,0.0,,0.0
162,7,6.00,11,17.05,22.40,22.25,0.0,0.00,0.0,0.0,,0.0
162,8,6.00,11,17.08,23.17,23.05,0.0,0.00,0.0,0.0,,0.0
162,9,6.00,11,18.05,23.58,23.47,0.0,0.00,0.0,0.0,,0.0
162,10,6.00,11,18.73,23.94,23.83,0.0,0.00,0.0,0.0,,0.0
162,11,6.00,11,19.23,24.31,24.21,0.0,0.00,0.0,0.0,,0.0
162,12,6.00,11,19.51,24.71,24.62,0.0,0.00,0.0,0.0,,0.0
162,13,6.00,11,19.80,25.13,25.05,0.0,0.00,0.0,0.0,,0.0
162,14,6.00,11,20.17,25.58,25.49,0.0,0.00,0.0,0.0,,0.0
162,15,6.00,11,20.20,25.96,25.88,0.0,0.00,0.0,0.0,,0.0
162,16,6.00,11,19.95,26.25,26.17,0.0,0.00,0.0,0.0,,0.0
162,17,6.00,11,19.47,26.43,26.20,-457.81,0.00,0.0,0.0,,-457.81
162,18,6.00,11,18.81,26.48,26.20,-515.89,0.00,0.0,0.0,,-515.89
162,19,6.00,11,18.22,25.69,25.54,0.0,0.00,0.0,0.0,,0.0
162,20,6.00,11,17.66,25.20,25.09,0.0,0.00,0.0,0.0,,0.0
162,21,6.00,11,17.63,24.81,24.71,0.0,0.00,0.0,0.0,,0.0
162,22,6.00,11,17.70,24.46,24.37,0.0,0.00,0.0,0.0,,0.0
162,23,6.00,11,17.49,24.12,24.03,0.0,0.00,0.0,0.0,,0.0
162,24,6.00,11,17.09,23.77,23.69,0.0,0.00,0.0,0.0,,0.0
162,1,7.00,11,16.62,23.42,23.34,0.0,0.00,0.0,0.0,,0.0
162,2,7.00,11,16.47,23.10,23.02,0.0,0.00,0.0,0.0,,0.0
162,3,7.00,11,16.08,22.77,22.70,0.0,0.00,0.0,0.0,,0.0
162,4,7.00,11,16.06,22.48,22.41,0.0,0.00,0.0,0.0,,0.0
162,5,7.00,11,16.02,22.20,22.13,0.0,0.00,0.0,0.0,,0.0
162,6,7.00,11,16.00,21.93,21.87,0.0,0.00,0.0,0.0,,0.0
162,7,7.00,11,16.09,21.69,21.63,0.0,0.00,0.0,0.0,,0.0
162,8,7.00,11,16.17,22.46,22.40,0.0,0.00,0.0,0.0,,0.0
162,9,7.00,11,17.35,22.89,22.84,0.0,0.00,0.0,0.0,,0.0
162,10,7.00,11,18.32,23.31,23.26,0.0,0.00,0.0,0.0,,0.0
162,11,7.00,11,19.13,23.76,23.72,0.0,0.00,0.0,0.0,,0.0
162,12,7.00,11,19.68,24.24,24.20,0.0,0.00,0.0,0.0,,0.0
162,13,7.00,11,19.77,24.68,24.64,0.0,0.00,0.0,0.0,,0.0
162,14,7.00,11,19.86,25.11,25.07,0.0,0.00,0.0,0.0,,0.0
162,15,7.00,11,19.72,25.47,25.43,0.0,0.00,0.0,0.0,,0.0
162,16,7.00,11,19.42,25.75,25.72,0.0,0.00,0.0,0.0,,0.0
162,17,7.00,11,18.81,25.91,25.88,0.0,0.00,0.0,0.0,,0.0
162,18,7.00,11,18.14,25.97,25.94,0.0,0.00,0.0,0.0,,0.0
162,19,7.00,11,17.08,25.15,25.12,0.0,0.00,0.0,0.0,,0.0
162,20,7.00,11,15.96,24.61,24.58,0.0,0.00,0.0,0.0,,0.0
162,21,7.00,11,15.62,24.15,24.12,0.0,0.00,0.0,0.0,,0.0
162,22,7.00,11,15.21,23.72,23.69,0.0,0.00,0.0,0.0,,0.0
162,23,7.00,11,14.74,23.29,23.26,0.0,0.00,0.0,0.0,,0.0
162,24,7.00,11,14.09,22.86,22.83,0.0,0.00,0.0,0.0,,0.0
162,1,1.00,12,13.38,22.42,22.40,0.0,0.00,0.0,0.0,,0.0
162,2,1.00,12,12.49,21.97,21.95,0.0,0.00,0.0,0.0,,0.0
162,3,1.00,12,12.12,21.54,21.52,0.0,0.00,0.0,0.0,,0.0
162,4,1.00,12,11.96,21.15,21.12,0.0,0.00,0.0,0.0,,0.0
162,5,1.00,12,11.72,20.76,20.74,0.0,0.00,0.0,0.0,,0.0
162,6,1.00,12,12.33,20.45,20.43,0.0,0.00,0.0,0.0,,0.0
162,7,1.00,12,12.78,20.18,20.16,0.0,0.00,0.0,0.0,,0.0
162,8,1.00,12,13.73,20.89,21.78,2642.17,0.00,0.0,0.0,,2642.17
162,9,1.00,12,15.16,21.36,21.78,586.4,0.00,0.0,0.0,,586.4
162,10,1.00,12,17.02,21.93,22.08,0.0,0.00,0.0,0.0,,0.0
162,11,1.00,12,18.33,22.53,22.62,0.0,0.00,0.0,0.0,,0.0
162,12,1.00,12,18.93,23.08,23.15,0.0,0.00,0.0,0.0,,0.0
162,13,1.00,12,19.14,23.58,23.65,0.0,0.00,0.0,0.0,,0.0
162,14,1.00,12,19.74,24.12,24.19,0.0,0.00,0.0,0.0,,0.0
162,15,1.00,12,19.60,24.55,24.62,0.0,0.00,0.0,0.0,,0.0
162,16,1.00,12,19.58,24.94,25.00,0.0,0.00,0.0,0.0,,0.0
162,17,1.00,12,19.44,25.25,25.31,0.0,0.00,0.0,0.0,,0.0
162,18,1.00,12,18.94,25.43,25.48,0.0,0.00,0.0,0.0,,0.0
162,19,1.00,12,17.81,24.58,24.63,0.0,0.00,0.0,0.0,,0.0
162,20,1.00,12,16.54,24.09,24.13,0.0,0.00,0.0,0.0,,0.0
162,21,1.00,12,16.22,23.68,23.73,0.0,0.00,0.0,0.0,,0.0
162,22,1.00,12,15.56,23.28,23.32,0.0,0.00,0.0,0.0,,0.0
162,23,1.00,12,15.02,22.88,22.92,0.0,0.00,0.0,0.0,,0.0
162,24,1.00,12,15.03,22.53,22.57,0.0,0.00,0.0,0.0,,0.0
162,1,2.00,12,14.19,22.14,22.17,0.0,0.00,0.0,0.0,,0.0
162,2,2.00,12,13.65,21.76,21.79,0.0,0.00,0.0,0.0,,0.0
162,3,2.00,12,13.74,21.42,21.45,0.0,0.00,0.0,0.0,,0.0
162,4,2.00,12,14.00,21.12,21.15,0.0,0.00,0.0,0.0,,0.0
162,5,2.00,12,14.12,20.85,20.87,0.0,0.00,0.0,0.0,,0.0
162,6,2.00,12,14.07,20.58,20.61,0.0,0.00,0.0,0.0,,0.0
162,7,2.00,12,14.13,20.33,20.36,0.0,0.00,0.0,0.0,,0.0
162,8,2.00,12,14.86,21.15,21.78,1764.4,0.00,0.0,0.0,,1764.4
162,9,2.00,12,16.56,21.71,21.89,0.0,0.00,0.0,0.0,,0.0
162,10,2.00,12,18.06,22.28,22.37,0.0,0.00,0.0,0.0,,0.0
162,11,2.00,12,19.45,22.90,22.98,0.0,0.00,0.0,0.0,,0.0
162,12,2.00,12,20.26,23.52,23.58,0.0,0.00,0.0,0.0,,0.0
162,13,2.00,12,20.56,24.07,24.13,0.0,0.00,0.0,0.0,,0.0
162,14,2.00,12,20.75,24.59,24.65,0.0,0.00,0.0,0.0,,0.0
162,15,2.00,12,20.90,25.08,25.13,0.0,0.00,0.0,0.0,,0.0
162,16,2.00,12,20.64,25.46,25.51,0.0,0.00,0.0,0.0,,0.0
162,17,2.00,12,20.10,25.72,25.77,0.0,0.00,0.0,0.0,,0.0
162,18,2.00,12,19.67,25.90,25.94,0.0,0.00,0.0,0.0,,0.0
162,19,2.00,12,18.88,25.05,25.10,0.0,0.00,0.0,0.0,,0.0
162,20,2.00,12,17.51,24.56,24.60,0.0,0.00,0.0,0.0,,0.0
162,21,2.00,12,16.90,24.15,24.19,0.0,0.00,0.0,0.0,,0.0
162,22,2.00,12,16.52,23.76,23.80,0.0,0.00,0.0,0.0,,0.0
162,23,2.00,12,16.52,23.41,23.45,0.0,0.00,0.0,0.0,,0.0
162,24,2.00,12,16.56,23.09,23.12,0.0,0.00,0.0,0.0,,0.0
162,1,3.00,12,15.94,22.74,22.78,0.0,0.00,0.0,0.0,,0.0
162,2,3.00,12,15.56,22.41,22.44,0.0,0.00,0.0,0.0,,0.0
162,3,3.00,12,15.52,22.10,22.13,0.0,0.00,0.0,0.0,,0.0
162,4,3.00,12,15.41,21.81,21.84,0.0,0.00,0.0,0.0,,0.0
162,5,3.00,12,15.41,21.54,21.56,0.0,0.00,0.0,0.0,,0.0
162,6,3.00,12,15.76,21.31,21.33,0.0,0.00,0.0,0.0,,0.0
162,7,3.00,12,15.71,21.08,21.10,0.0,0.00,0.0,0.0,,0.0
162,8,3.00,12,16.53,22.65,22.67,0.0,0.00,0.0,0.0,,0.0
162,9,3.00,12,17.41,23.30,23.32,0.0,0.00,0.0,0.0,,0.0
162,10,3.00,12,18.07,23.78,23.80,0.0,0.00,0.0,-0.0,,0.0
162,11,3.00,12,18.70,24.28,24.30,0.0,0.00,0.0,-0.0,,0.0
162,12,3.00,12,19.30,24.82,24.83,0.0,0.00,0.0,-0.0,,0.0
162,13,3.00,12,19.67,25.36,25.38,0.0,0.00,0.0,0.0,,0.0
162,14,3.00,12,19.88,25.90,25.91,0.0,0.00,0.0,0.0,,0.0
162,15,3.00,12,20.04,26.42,26.43,0.0,0.00,0.0,0.0,,0.0
162,16,3.00,12,19.91,26.87,26.89,0.0,0.00,0.0,0.0,,0.0
162,17,3.00,12,19.53,27.24,27.26,0.0,0.00,0.0,0.0,,0.0
162,18,3.00,12,18.77,27.50,27.51,0.0,0.00,0.0,0.0,,0.0
162,19,3.00,12,18.14,25.94,25.95,0.0,0.00,0.0,0.0,,0.0
162,20,3.00,12,16.88,25.25,25.26,0.0,0.00,0.0,0.0,,0.0
162,21,3.00,12,16.42,24.76,24.77,0.0,0.00,0.0,0.0,,0.0
162,22,3.00,12,16.37,24.34,24.35,0.0,0.00,0.0,0.0,,0.0
162,23,3.00,12,16.31,23.95,23.96,0.0,0.00,0.0,0.0,,0.0
162,24,3.00,12,16.31,23.59,23.60,0.0,0.00,0.0,0.0,,0.0
162,1,4.00,12,15.94,23.23,23.24,0.0,0.00,0.0,0.0,,0.0
162,2,4.00,12,15.45,22.87,22.88,0.0,0.00,0.0,0.0,,0.0
162,3,4.00,12,15.44,22.54,22.55,0.0,0.00,0.0,0.0,,0.0
162,4,4.00,12,15.44,22.23,22.24,0.0,0.00,0.0,0.0,,0.0
162,5,4.00,12,15.52,21.95,21.95,0.0,0.00,0.0,0.0,,0.0
162,6,4.00,12,15.42,21.67,21.68,0.0,0.00,0.0,0.0,,0.0
162,7,4.00,12,15.17,21.40,21.40,0.0,0.00,0.0,0.0,,0.0
162,8,4.00,12,15.43,22.89,22.90,0.0,0.00,0.0,0.0,,0.0
162,9,4.00,12,16.52,23.49,23.50,0.0,0.00,0.0,0.0,,0.0
162,10,4.00,12,17.57,23.96,23.97,0.0,0.00,0.0,0.0,,0.0
162,11,4.00,12,18.33,24.44,24.45,0.0,0.00,0.0,-0.0,,0.0
162,12,4.00,12,19.16,24.98,24.98,0.0,0.00,0.0,-0.0,,0.0
162,13,4.00,12,19.74,25.53,25.53,0.0,0.00,0.0,0.0,,0.0
162,14,4.00,12,20.22,26.09,26.09,0.0,0.00,0.0,0.0,,0.0
162,15,4.00,12,20.34,26.61,26.61,0.0,0.00,0.0,0.0,,0.0
162,16,4.00,12,20.25,27.07,27.08,0.0,0.00,0.0,0.0,,0.0
162,17,4.00,12,20.07,27.47,27.47,0.0,0.00,0.0,0.0,,0.0
162,18,4.00,12,19.56,27.75,27.75,0.0,0.00,0.0,0.0,,0.0
162,19,4.00,12,18.87,26.21,26.21,0.0,0.00,0.0,0.0,,0.0
162,20,4.00,12,18.01,25.57,25.57,0.0,0.00,0.0,0.0,,0.0
162,21,4.00,12,18.12,25.15,25.15,0.0,0.00,0.0,0.0,,0.0
162,22,4.00,12,17.97,24.78,24.78,0.0,0.00,0.0,0.0,,0.0
162,23,4.00,12,17.73,24.42,24.42,0.0,0.00,0.0,0.0,,0.0
162,24,4.00,12,17.45,24.07,24.08,0.0,0.00,0.0,0.0,,0.0
162,1,5.00,12,17.32,23.75,23.75,0.0,0.00,0.0,0.0,,0.0
162,2,5.00,12,17.23,23.44,23.44,0.0,0.00,0.0,0.0,,0.0
162,3,5.00,12,17.30,23.16,23.16,0.0,0.00,0.0,0.0,,0.0
162,4,5.00,12,17.07,22.88,22.88,0.0,0.00,0.0,0.0,,0.0
162,5,5.00,12,16.82,22.60,22.60,0.0,0.00,0.0,0.0,,0.0
162,6,5.00,12,16.93,22.35,22.35,0.0,0.00,0.0,0.0,,0.0
162,7,5.00,12,17.06,22.13,22.13,0.0,0.00,0.0,0.0,,0.0
162,8,5.00,12,17.30,22.98,22.98,0.0,0.00,0.0,0.0,,0.0
162,9,5.00,12,18.27,23.44,23.44,0.0,0.00,0.0,0.0,,0.0
162,10,5.00,12,19.01,23.85,23.85,0.0,0.00,0.0,0.0,,0.0
162,11,5.00,12,19.58,24.28,24.28,0.0,0.00,0.0,0.0,,0.0
162,12,5.00,12,20.17,24.75,24.75,0.0,0.00,0.0,0.0,,0.0
162,13,5.00,12,20.30,25.18,25.18,0.0,0.00,0.0,0.0,,0.0
162,14,5.00,12,20.42,25.60,25.60,0.0,0.00,0.0,0.0,,0.0
162,15,5.00,12,20.44,25.98,25.98,0.0,0.00,0.0,0.0,,0.0
162,16,5.00,12,20.46,26.33,26.33,0.0,0.00,0.0,0.0,,0.0
162,17,5.00,12,20.32,26.59,26.59,0.0,0.00,0.0,0.0,,0.0
162,18,5.00,12,19.65,26.69,26.69,0.0,0.00,0.0,0.0,,0.0
162,19,5.00,12,18.81,25.87,25.87,0.0,0.00,0.0,0.0,,0.0
162,20,5.00,12,18.01,25.39,25.39,0.0,0.00,0.0,0.0,,0.0
162,21,5.00,12,18.16,25.01,25.01,0.0,0.00,0.0,0.0,,0.0
162,22,5.00,12,18.09,24.67,24.66,0.0,0.00,0.0,0.0,,0.0
162,23,5.00,12,18.03,24.34,24.33,0.0,0.00,0.0,0.0,,0.0
162,24,5.00,12,17.42,23.98,23.98,0.0,0.00,0.0,0.0,,0.0
162,1,6.00,12,17.23,23.66,23.66,0.0,0.00,0.0,0.0,,0.0
162,2,6.00,12,16.86,23.33,23.33,0.0,0.00,0.0,0.0,,0.0
162,3,6.00,12,16.71,23.02,23.02,0.0,0.00,0.0,0.0,,0.0
162,4,6.00,12,16.41,22.72,22.72,0.0,0.00,0.0,0.0,,0.0
162,5,6.00,12,16.14,22.42,22.42,0.0,0.00,0.0,0.0,,0.0
162,6,6.00,12,16.23,22.15,22.15,0.0,0.00,0.0,0.0,,0.0
162,7,6.00,12,16.77,21.94,21.94,0.0,0.00,0.0,0.0,,0.0
162,8,6.00,12,17.03,22.79,22.79,0.0,0.00,0.0,0.0,,0.0
162,9,6.00,12,17.38,23.15,23.15,0.0,0.00,0.0,0.0,,0.0
162,10,6.00,12,18.25,23.55,23.55,0.0,0.00,0.0,0.0,,0.0
162,11,6.00,12,18.89,23.97,23.97,0.0,0.00,0.0,0.0,,0.0
162,12,6.00,12,19.21,24.39,24.39,0.0,0.00,0.0,0.0,,0.0
162,13,6.00,12,20.04,24.90,24.90,0.0,0.00,0.0,0.0,,0.0
162,14,6.00,12,20.90,25.45,25.45,0.0,0.00,0.0,0.0,,0.0
162,15,6.00,12,21.14,25.92,25.92,0.0,0.00,0.0,0.0,,0.0
162,16,6.00,12,21.12,26.31,26.31,0.0,0.00,0.0,0.0,,0.0
162,17,6.00,12,20.74,26.57,26.57,0.0,0.00,0.0,0.0,,0.0
162,18,6.00,12,20.10,26.70,26.70,0.0,0.00,0.0,0.0,,0.0
162,19,6.00,12,19.37,25.87,25.87,0.0,0.00,0.0,0.0,,0.0
162,20,6.00,12,18.87,25.43,25.43,0.0,0.00,0.0,0.0,,0.0
162,21,6.00,12,18.72,25.07,25.06,0.0,0.00,0.0,0.0,,0.0
162,22,6.00,12,18.45,24.72,24.72,0.0,0.00,0.0,0.0,,0.0
162,23,6.00,12,18.24,24.39,24.39,0.0,0.00,0.0,0.0,,0.0
162,24,6.00,12,17.71,24.05,24.05,0.0,0.00,0.0,0.0,,0.0
162,1,7.00,12,17.58,23.73,23.73,0.0,0.00,0.0,0.0,,0.0
162,2,7.00,12,17.39,23.43,23.43,0.0,0.00,0.0,0.0,,0.0
162,3,7.00,12,17.28,23.14,23.14,0.0,0.00,0.0,0.0,,0.0
162,4,7.00,12,17.13,22.86,22.86,0.0,0.00,0.0,0.0,,0.0
162,5,7.00,12,17.24,22.62,22.61,0.0,0.00,0.0,0.0,,0.0
162,6,7.00,12,17.74,22.42,22.41,0.0,0.00,0.0,0.0,,0.0
162,7,7.00,12,17.43,22.19,22.19,0.0,0.00,0.0,0.0,,0.0
162,8,7.00,12,17.78,23.10,23.10,0.0,0.00,0.0,0.0,,0.0
162,9,7.00,12,19.10,23.64,23.63,0.0,0.00,0.0,0.0,,0.0
162,10,7.00,12,19.89,24.10,24.09,0.0,0.00,0.0,0.0,,0.0
162,11,7.00,12,20.43,24.55,24.55,0.0,0.00,0.0,0.0,,0.0
162,12,7.00,12,20.97,25.05,25.04,0.0,0.00,0.0,0.0,,0.0
162,13,7.00,12,21.06,25.49,25.49,0.0,0.00,0.0,0.0,,0.0
162,14,7.00,12,21.36,25.96,25.96,0.0,0.00,0.0,0.0,,0.0
162,15,7.00,12,21.38,26.37,26.37,0.0,0.00,0.0,0.0,,0.0
162,16,7.00,12,21.44,26.74,26.74,0.0,0.00,0.0,0.0,,0.0
162,17,7.00,12,20.84,26.96,26.78,-518.73,0.00,0.0,0.0,,-518.73
162,18,7.00,12,20.19,27.06,26.78,-683.46,0.00,0.0,0.0,,-683.46
162,19,7.00,12,19.00,26.20,26.11,0.0,0.00,0.0,0.0,,0.0
162,20,7.00,12,18.25,25.71,25.65,0.0,0.00,0.0,0.0,,0.0
162,21,7.00,12,17.66,25.27,25.23,0.0,0.00,0.0,0.0,,0.0
162,22,7.00,12,17.03,24.84,24.80,0.0,0.00,0.0,0.0,,0.0
162,23,7.00,12,16.40,24.42,24.38,0.0,0.00,0.0,0.0,,0.0
162,24,7.00,12,15.61,23.98,23.94,0.0,0.00,0.0,0.0,,0.0
162,1,1.00,12,15.06,23.55,23.52,0.0,0.00,0.0,0.0,,0.0
162,2,1.00,12,14.30,23.11,23.08,0.0,0.00,0.0,0.0,,0.0
162,3,1.00,12,13.95,22.70,22.67,0.0,0.00,0.0,0.0,,0.0
162,4,1.00,12,13.56,22.29,22.27,0.0,0.00,0.0,0.0,,0.0
162,5,1.00,12,13.24,21.90,21.88,0.0,0.00,0.0,0.0,,0.0
162,6,1.00,12,13.88,21.59,21.57,0.0,0.00,0.0,0.0,,0.0
162,7,1.00,12,14.38,21.32,21.30,0.0,0.00,0.0,0.0,,0.0
162,8,1.00,12,15.09,22.04,22.01,0.0,0.00,0.0,0.0,,0.0
162,9,1.00,12,16.46,22.50,22.48,0.0,0.00,0.0,0.0,,0.0
162,10,1.00,12,17.81,22.99,22.97,0.0,0.00,0.0,0.0,,0.0
162,11,1.00,12,19.19,23.56,23.54,0.0,0.00,0.0,0.0,,0.0
162,12,1.00,12,20.11,24.13,24.12,0.0,0.00,0.0,0.0,,0.0
162,13,1.00,12,20.24,24.62,24.61,0.0,0.00,0.0,0.0,,0.0
162,14,1.00,12,20.90,25.17,25.15,0.0,0.00,0.0,0.0,,0.0
162,15,1.00,12,21.14,25.66,25.64,0.0,0.00,0.0,0.0,,0.0
162,16,1.00,12,21.63,26.14,26.13,0.0,0.00,0.0,0.0,,0.0
162,17,1.00,12,20.85,26.39,26.38,0.0,0.00,0.0,0.0,,0.0
162,18,1.00,12,20.02,26.51,26.50,0.0,0.00,0.0,0.0,,0.0
162,19,1.00,12,18.94,25.65,25.64,0.0,0.00,0.0,0.0,,0.0
162,20,1.00,12,17.88,25.16,25.14,0.0,0.00,0.0,0.0,,0.0
162,21,1.00,12,17.34,24.74,24.73,0.0,0.00,0.0,0.0,,0.0
162,22,1.00,12,16.61,24.32,24.31,0.0,0.00,0.0,0.0,,0.0
162,23,1.00,12,15.92,23.90,23.89,0.0,0.00,0.0,0.0,,0.0
162,24,1.00,12,15.79,23.52,23.51,0.0,0.00,0.0,0.0,,0.0
162,1,2.00,12,14.66,23.09,23.08,0.0,0.00,0.0,0.0,,0.0
162,2,2.00,12,13.70,22.64,22.63,0.0,0.00,0.0,0.0,,0.0
162,3,2.00,12,13.28,22.22,22.21,0.0,0.00,0.0,0.0,,0.0
162,4,2.00,12,13.62,21.87,21.86,0.0,0.00,0.0,0.0,,0.0
162,5,2.00,12,14.02,21.56,21.55,0.0,0.00,0.0,0.0,,0.0
162,6,2.00,12,14.51,21.30,21.29,0.0,0.00,0.0,0.0,,0.0
162,7,2.00,12,14.74,21.05,21.04,0.0,0.00,0.0,0.0,,0.0
162,8,2.00,12,15.34,21.83,21.82,0.0,0.00,0.0,0.0,,0.0
162,9,2.00,12,17.05,22.38,22.37,0.0,0.00,0.0,0.0,,0.0
162,10,2.00,12,18.87,22.98,22.98,0.0,0.00,0.0,0.0,,0.0
162,11,2.00,12,20.23,23.61,23.61,0.0,0.00,0.0,0.0,,0.0
162,12,2.00,12,20.98,24.22,24.21,0.0,0.00,0.0,0.0,,0.0
162,13,2.00,12,21.26,24.77,24.76,0.0,0.00,0.0,0.0,,0.0
162,14,2.00,12,21.85,25.34,25.34,0.0,0.00,0.0,0.0,,0.0
162,15,2.00,12,21.77,25.82,25.81,0.0,0.00,0.0,0.0,,0.0
162,16,2.00,12,21.68,26.23,26.22,0.0,0.00,0.0,0.0,,0.0
162,17,2.00,12,21.17,26.51,26.50,0.0,0.00,0.0,0.0,,0.0
162,18,2.00,12,20.40,26.64,26.64,0.0,0.00,0.0,0.0,,0.0
162,19,2.00,12,19.73,25.80,25.79,0.0,0.00,0.0,0.0,,0.0
162,20,2.00,12,18.84,25.34,25.33,0.0,0.00,0.0,0.0,,0.0
162,21,2.00,12,18.36,24.95,24.95,0.0,0.00,0.0,0.0,,0.0
162,22,2.00,12,18.23,24.60,24.60,0.0,0.00,0.0,0.0,,0.0
162,23,2.00,12,17.67,24.25,24.24,0.0,0.00,0.0,0.0,,0.0
162,24,2.00,12,17.96,23.95,23.94,0.0,0.00,0.0,0.0,,0.0
162,1,3.00,12,17.47,23.63,23.62,0.0,0.00,0.0,0.0,,0.0
162,2,3.00,12,16.82,23.29,23.29,0.0,0.00,0.0,0.0,,0.0
162,3,3.00,12,16.62,22.98,22.98,0.0,0.00,0.0,0.0,,0.0
162,4,3.00,12,16.38,22.68,22.67,0.0,0.00,0.0,0.0,,0.0
162,5,3.00,12,16.45,22.41,22.40,0.0,0.00,0.0,0.0,,0.0
162,6,3.00,12,16.84,22.18,22.18,0.0,0.00,0.0,0.0,,0.0
162,7,3.00,12,16.81,21.95,21.95,0.0,0.00,0.0,0.0,,0.0
162,8,3.00,12,16.76,23.46,23.46,0.0,0.00,0.0,0.0,,0.0
162,9,3.00,12,17.95,24.10,24.09,0.0,0.00,0.0,0.0,,0.0
162,10,3.00,12,18.98,24.59,24.59,0.0,0.00,0.0,-0.0,,0.0
162,11,3.00,12,20.16,25.13,25.13,0.0,0.00,0.0,-0.0,,0.0
162,12,3.00,12,20.63,25.68,25.67,0.0,0.00,0.0,-0.0,,0.0
162,13,3.00,12,20.59,26.21,26.21,0.0,0.00,0.0,0.0,,0.0
162,14,3.00,12,21.01,26.76,26.75,0.0,0.00,0.0,0.0,,0.0
162,15,3.00,12,20.99,27.26,27.26,0.0,0.00,0.0,0.0,,0.0
162,16,3.00,12,20.56,27.70,27.69,0.0,0.00,0.0,0.0,,0.0
162,17,3.00,12,20.02,28.04,28.04,0.0,0.00,0.0,0.0,,0.0
162,18,3.00,12,19.71,28.31,28.30,0.0,0.00,0.0,0.0,,0.0
162,19,3.00,12,19.03,26.75,26.74,0.0,0.00,0.0,0.0,,0.0
162,20,3.00,12,18.52,26.11,26.10,0.0,0.00,0.0,0.0,,0.0
162,21,3.00,12,18.45,25.68,25.67,0.0,0.00,0.0,0.0,,0.0
162,22,3.00,12,17.97,25.27,25.27,0.0,0.00,0.0,0.0,,0.0
162,23,3.00,12,17.80,24.89,24.89,0.0,0.00,0.0,0.0,,0.0
162,24,3.00,12,17.49,24.53,24.52,0.0,0.00,0.0,0.0,,0.0
162,1,4.00,12,17.10,24.16,24.16,0.0,0.00,0.0,0.0,,0.0
162,2,4.00,12,16.51,23.79,23.79,0.0,0.00,0.0,0.0,,0.0
162,3,4.00,12,16.51,23.46,23.46,0.0,0.00,0.0,0.0,,0.0
162,4,4.00,12,16.89,23.18,23.18,0.0,0.00,0.0,0.0,,0.0
162,5,4.00,12,16.95,22.91,22.91,0.0,0.00,0.0,0.0,,0.0
162,6,4.00,12,16.90,22.65,22.65,0.0,0.00,0.0,0.0,,0.0
162,7,4.00,12,17.00,22.41,22.41,0.0,0.00,0.0,0.0,,0.0
162,8,4.00,12,17.55,23.95,23.95,0.0,0.00,0.0,0.0,,0.0
162,9,4.00,12,18.81,24.60,24.60,0.0,0.00,0.0,0.0,,0.0
162,10,4.00,12,19.08,25.06,25.05,0.0,0.00,0.0,0.0,,0.0
162,11,4.00,12,19.46,25.51,25.51,0.0,0.00,0.0,-0.0,,0.0
162,12,4.00,12,19.99,26.01,26.01,0.0,0.00,0.0,0.0,,0.0
162,13,4.00,12,20.52,26.54,26.54,0.0,0.00,0.0,0.0,,0.0
162,14,4.00,12,21.05,27.08,27.08,0.0,0.00,0.0,0.0,,0.0
162,15,4.00,12,21.22,27.59,27.59,0.0,0.00,0.0,0.0,,0.0
162,16,4.00,12,21.36,28.06,28.06,0.0,0.00,0.0,0.0,,0.0
162,17,4.00,12,20.97,28.44,28.43,0.0,0.00,0.0,0.0,,0.0
162,18,4.00,12,20.61,28.72,28.72,0.0,0.00,0.0,0.0,,0.0
162,19,4.00,12,20.12,27.19,27.19,0.0,0.00,0.0,0.0,,0.0
162,20,4.00,12,19.14,26.54,26.54,0.0,0.00,0.0,0.0,,0.0
162,21,4.00,12,18.77,26.09,26.09,0.0,0.00,0.0,0.0,,0.0
162,22,4.00,12,18.68,25.70,25.70,0.0,0.00,0.0,0.0,,0.0
162,23,4.00,12,18.37,25.32,25.32,0.0,0.00,0.0,0.0,,0.0
162,24,4.00,12,18.67,25.00,25.00,0.0,0.00,0.0,0.0,,0.0
162,1,5.00,12,17.75,24.63,24.63,0.0,0.00,0.0,0.0,,0.0
162,2,5.00,12,17.36,24.27,24.27,0.0,0.00,0.0,0.0,,0.0
162,3,5.00,12,17.45,23.96,23.95,0.0,0.00,0.0,0.0,,0.0
162,4,5.00,12,17.64,23.67,23.67,0.0,0.00,0.0,0.0,,0.0
162,5,5.00,12,18.01,23.43,23.43,0.0,0.00,0.0,0.0,,0.0
162,6,5.00,12,17.80,23.17,23.17,0.0,0.00,0.0,0.0,,0.0
162,7,5.00,12,17.73,22.93,22.93,0.0,0.00,0.0,0.0,,0.0
162,8,5.00,12,17.68,23.72,23.72,0.0,0.00,0.0,0.0,,0.0
162,9,5.00,12,18.21,24.08,24.08,0.0,0.00,0.0,0.0,,0.0
162,10,5.00,12,19.26,24.50,24.49,0.0,0.00,0.0,0.0,,0.0
162,11,5.00,12,20.06,24.94,24.94,0.0,0.00,0.0,0.0,,0.0
162,12,5.00,12,20.30,25.36,25.35,0.0,0.00,0.0,0.0,,0.0
162,13,5.00,12,20.52,25.77,25.77,0.0,0.00,0.0,0.0,,0.0
162,14,5.00,12,20.69,26.18,26.18,0.0,0.00,0.0,0.0,,0.0
162,15,5.00,12,20.69,26.54,26.54,0.0,0.00,0.0,0.0,,0.0
162,16,5.00,12,20.32,26.81,26.78,-82.67,0.00,0.0,0.0,,-82.67
162,17,5.00,12,19.67,26.96,26.78,-485.27,0.00,0.0,0.0,,-485.27
162,18,5.00,12,19.46,27.07,26.78,-707.19,0.00,0.0,0.0,,-707.19
162,19,5.00,12,18.71,26.29,26.19,0.0,0.00,0.0,0.0,,0.0
162,20,5.00,12,18.41,25.83,25.78,0.0,0.00,0.0,0.0,,0.0
162,21,5.00,12,18.00,25.43,25.38,0.0,0.00,0.0,0.0,,0.0
162,22,5.00,12,17.63,25.04,24.99,0.0,0.00,0.0,0.0,,0.0
162,23,5.00,12,17.25,24.65,24.61,0.0,0.00,0.0,0.0,,0.0
162,24,5.00,12,17.19,24.30,24.26,0.0,0.00,0.0,0.0,,0.0
162,1,6.00,12,16.46,23.92,23.88,0.0,0.00,0.0,0.0,,0.0
162,2,6.00,12,16.38,23.57,23.54,0.0,0.00,0.0,0.0,,0.0
162,3,6.00,12,16.41,23.26,23.22,0.0,0.00,0.0,0.0,,0.0
162,4,6.00,12,16.34,22.96,22.92,0.0,0.00,0.0,0.0,,0.0
162,5,6.00,12,16.36,22.68,22.65,0.0,0.00,0.0,0.0,,0.0
162,6,6.00,12,16.41,22.42,22.39,0.0,0.00,0.0,0.0,,0.0
162,7,6.00,12,16.67,22.19,22.16,0.0,0.00,0.0,0.0,,0.0
162,8,6.00,12,16.55,22.94,22.92,0.0,0.00,0.0,0.0,,0.0
162,9,6.00,12,17.16,23.30,23.28,0.0,0.00,0.0,0.0,,0.0
162,10,6.00,12,18.41,23.75,23.73,0.0,0.00,0.0,0.0,,0.0
162,11,6.00,12,19.11,24.19,24.17,0.0,0.00,0.0,0.0,,0.0
162,12,6.00,12,19.42,24.62,24.60,0.0,0.00,0.0,0.0,,0.0
162,13,6.00,12,20.07,25.11,25.09,0.0,0.00,0.0,0.0,,0.0
162,14,6.00,12,20.45,25.58,25.56,0.0,0.00,0.0,0.0,,0.0
162,15,6.00,12,20.36,25.96,25.95,0.0,0.00,0.0,0.0,,0.0
162,16,6.00,12,20.04,26.26,26.25,0.0,0.00,0.0,0.0,,0.0
162,17,6.00,12,19.47,26.44,26.43,0.0,0.00,0.0,0.0,,0.0
162,18,6.00,12,18.74,26.51,26.49,0.0,0.00,0.0,0.0,,0.0
162,19,6.00,12,18.39,25.75,25.74,0.0,0.00,0.0,0.0,,0.0
162,20,6.00,12,17.61,25.29,25.27,0.0,0.00,0.0,0.0,,0.0
162,21,6.00,12,16.93,24.86,24.84,0.0,0.00,0.0,0.0,,0.0
162,22,6.00,12,17.71,24.53,24.52,0.0,0.00,0.0,0.0,,0.0
162,23,6.00,12,17.60,24.21,24.20,0.0,0.00,0.0,0.0,,0.0
162,24,6.00,12,17.81,23.92,23.90,0.0,0.00,0.0,0.0,,0.0
162,1,7.00,12,17.28,23.60,23.59,0.0,0.00,0.0,0.0,,0.0
162,2,7.00,12,17.30,23.32,23.31,0.0,0.00,0.0,0.0,,0.0
162,3,7.00,12,17.36,23.06,23.05,0.0,0.00,0.0,0.0,,0.0
162,4,7.00,12,17.36,22.81,22.80,0.0,0.00,0.0,0.0,,0.0
162,5,7.00,12,17.50,22.59,22.58,0.0,0.00,0.0,0.0,,0.0
162,6,7.00,12,17.39,22.37,22.36,0.0,0.00,0.0,0.0,,0.0
162,7,7.00,12,17.01,22.13,22.12,0.0,0.00,0.0,0.0,,0.0
162,8,7.00,12,17.00,22.95,22.94,0.0,0.00,0.0,0.0,,0.0
162,9,7.00,12,18.16,23.42,23.42,0.0,0.00,0.0,0.0,,0.0
162,10,7.00,12,19.02,23.86,23.85,0.0,0.00,0.0,0.0,,0.0
162,11,7.00,12,19.44,24.28,24.27,0.0,0.00,0.0,0.0,,0.0
162,12,7.00,12,19.67,24.69,24.69,0.0,0.00,0.0,0.0,,0.0
162,13,7.00,12,19.96,25.13,25.13,0.0,0.00,0.0,0.0,,0.0
162,14,7.00,12,20.26,25.57,25.57,0.0,0.00,0.0,0.0,,0.0
162,15,7.00,12,20.05,25.92,25.92,0.0,0.00,0.0,0.0,,0.0
162,16,7.00,12,19.83,26.22,26.21,0.0,0.00,0.0,0.0,,0.0
162,17,7.00,12,19.32,26.40,26.40,0.0,0.00,0.0,0.0,,0.0
162,18,7.00,12,18.79,26.49,26.49,0.0,0.00,0.0,0.0,,0.0
162,19,7.00,12,18.20,25.72,25.72,0.0,0.00,0.0,0.0,,0.0
162,20,7.00,12,17.85,25.28,25.27,0.0,0.00,0.0,0.0,,0.0
162,21,7.00,12,17.48,24.88,24.88,0.0,0.00,0.0,0.0,,0.0
162,22,7.00,12,17.72,24.54,24.54,0.0,0.00,0.0,0.0,,0.0
162,23,7.00,12,17.77,24.23,24.22,0.0,0.00,0.0,0.0,,0.0
162,24,7.00,12,17.71,23.92,23.92,0.0,0.00,0.0,0.0,,0.0
162,1,1.00,12,18.02,23.66,23.65,0.0,0.00,0.0,0.0,,0.0
162,2,1.00,12,17.90,23.40,23.39,0.0,0.00,0.0,0.0,,0.0
162,3,1.00,12,17.48,23.12,23.12,0.0,0.00,0.0,0.0,,0.0
162,4,1.00,12,17.19,22.85,22.85,0.0,0.00,0.0,0.0,,0.0
162,5,1.00,12,17.40,22.62,22.62,0.0,0.00,0.0,0.0,,0.0
162,6,1.00,12,17.54,22.41,22.41,0.0,0.00,0.0,0.0,,0.0
162,7,1.00,12,17.68,22.22,22.22,0.0,0.00,0.0,0.0,,0.0
162,8,1.00,12,17.76,23.12,23.12,0.0,0.00,0.0,0.0,,0.0
162,9,1.00,12,18.71,23.61,23.60,0.0,0.00,0.0,0.0,,0.0
162,10,1.00,12,19.76,24.09,24.09,0.0,0.00,0.0,0.0,,0.0
162,11,1.00,12,20.59,24.60,24.59,0.0,0.00,0.0,0.0,,0.0
162,12,1.00,12,20.95,25.08,25.08,0.0,0.00,0.0,0.0,,0.0
162,13,1.00,12,21.07,25.53,25.53,0.0,0.00,0.0,0.0,,0.0
162,14,1.00,12,21.02,25.95,25.95,0.0,0.00,0.0,0.0,,0.0
162,15,1.00,12,20.42,26.25,26.25,0.0,0.00,0.0,0.0,,0.0
162,16,1.00,12,20.34,26.55,26.55,0.0,0.00,0.0,0.0,,0.0
162,17,1.00,12,20.49,26.84,26.78,-176.09,0.00,0.0,0.0,,-176.09
162,18,1.00,12,20.31,27.03,26.78,-665.44,0.00,0.0,0.0,,-665.44
162,19,1.00,12,19.53,26.21,26.13,0.0,0.00,0.0,0.0,,0.0
162,20,1.00,12,18.75,25.74,25.70,0.0,0.00,0.0,0.0,,0.0
162,21,1.00,12,18.33,25.35,25.32,0.0,0.00,0.0,0.0,,0.0
162,22,1.00,12,18.50,25.01,24.98,0.0,0.00,0.0,0.0,,0.0
162,23,1.00,12,18.57,24.70,24.67,0.0,0.00,0.0,0.0,,0.0
162,24,1.00,12,18.91,24.43,24.40,0.0,0.00,0.0,0.0,,0.0
162,1,2.00,12,18.32,24.12,24.09,0.0,0.00,0.0,0.0,,0.0
162,2,2.00,12,18.75,23.88,23.85,0.0,0.00,0.0,0.0,,0.0
162,3,2.00,12,18.54,23.63,23.60,0.0,0.00,0.0,0.0,,0.0
162,4,2.00,12,18.37,23.38,23.36,0.0,0.00,0.0,0.0,,0.0
162,5,2.00,12,18.61,23.17,23.15,0.0,0.00,0.0,0.0,,0.0
162,6,2.00,12,18.80,22.98,22.96,0.0,0.00,0.0,0.0,,0.0
162,7,2.00,12,18.53,22.78,22.76,0.0,0.00,0.0,0.0,,0.0
162,8,2.00,12,18.01,23.62,23.60,0.0,0.00,0.0,0.0,,0.0
162,9,2.00,12,18.43,23.99,23.97,0.0,0.00,0.0,0.0,,0.0
162,10,2.00,12,19.98,24.50,24.48,0.0,0.00,0.0,0.0,,0.0
162,11,2.00,12,21.27,25.06,25.05,0.0,0.00,0.0,0.0,,0.0
162,12,2.00,12,21.69,25.57,25.56,0.0,0.00,0.0,0.0,,0.0
162,13,2.00,12,22.34,26.12,26.10,0.0,0.00,0.0,0.0,,0.0
162,14,2.00,12,22.23,26.56,26.55,0.0,0.00,0.0,0.0,,0.0
162,15,2.00,12,21.74,26.90,26.78,-321.5,0.00,0.0,0.0,,-321.5
162,16,2.00,12,21.21,27.17,26.78,-1000.19,0.00,0.0,0.0,,-1000.19
162,17,2.00,12,21.50,27.48,26.78,-1683.06,0.00,0.0,0.0,,-1683.06
162,18,2.00,12,22.16,27.80,26.78,-2341.38,0.00,0.0,0.0,,-2341.38
162,19,2.00,12,21.09,26.93,26.55,0.0,0.00,0.0,0.0,,0.0
162,20,2.00,12,20.06,26.45,26.22,0.0,0.00,0.0,0.0,,0.0
162,21,2.00,12,19.68,26.07,25.87,0.0,0.00,0.0,0.0,,0.0
162,22,2.00,12,19.96,25.75,25.57,0.0,0.00,0.0,0.0,,0.0
162,23,2.00,12,20.13,25.46,25.29,0.0,0.00,0.0,0.0,,0.0
162,24,2.00,12,20.64,25.22,25.07,0.0,0.00,0.0,0.0,,0.0
162,1,3.00,12,19.59,24.91,24.76,0.0,0.00,0.0,0.0,,0.0
162,2,3.00,12,19.36,24.63,24.48,0.0,0.00,0.0,0.0,,0.0
162,3,3.00,12,18.59,24.31,24.18,0.0,0.00,0.0,0.0,,0.0
162,4,3.00,12,18.40,24.02,23.90,0.0,0.00,0.0,0.0,,0.0
162,5,3.00,12,18.59,23.77,23.65,0.0,0.00,0.0,0.0,,0.0
162,6,3.00,12,18.32,23.52,23.40,0.0,0.00,0.0,0.0,,0.0
162,7,3.00,12,18.01,23.26,23.15,0.0,0.00,0.0,0.0,,0.0
162,8,3.00,12,18.35,24.78,24.67,0.0,0.00,0.0,0.0,,0.0
162,9,3.00,12,19.09,25.37,25.27,0.0,0.00,0.0,0.0,,0.0
162,10,3.00,12,20.12,25.85,25.75,0.0,0.00,0.0,0.0,,0.0
162,11,3.00,12,20.68,26.32,26.23,0.0,0.00,0.0,0.0,,0.0
162,12,3.00,12,21.66,26.86,26.78,0.0,0.00,0.0,-0.0,,0.0
162,13,3.00,12,22.32,27.43,27.35,0.0,0.00,0.0,0.0,,0.0
162,14,3.00,12,22.28,27.96,27.88,0.0,0.00,0.0,0.0,,0.0
162,15,3.00,12,21.60,28.41,28.34,0.0,0.00,0.0,0.0,,0.0
162,16,3.00,12,20.93,28.79,28.72,0.0,0.00,0.0,0.0,,0.0
162,17,3.00,12,20.94,29.13,29.07,0.0,0.00,0.0,0.0,,0.0
162,18,3.00,12,21.47,29.45,29.38,0.0,0.00,0.0,0.0,,0.0
162,19,3.00,12,20.66,27.90,27.84,0.0,0.00,0.0,0.0,,0.0
162,20,3.00,12,19.56,27.23,27.17,0.0,0.00,0.0,0.0,,0.0
162,21,3.00,12,18.70,26.72,26.67,0.0,0.00,0.0,0.0,,0.0
162,22,3.00,12,18.66,26.30,26.25,0.0,0.00,0.0,0.0,,0.0
162,23,3.00,12,18.30,25.90,25.84,0.0,0.00,0.0,0.0,,0.0
162,24,3.00,12,19.12,25.58,25.53,0.0,0.00,0.0,0.0,,0.0
162,1,4.00,12,17.59,25.16,25.11,0.0,0.00,0.0,0.0,,0.0
162,2,4.00,12,17.48,24.79,24.75,0.0,0.00,0.0,0.0,,0.0
162,3,4.00,12,17.26,24.44,24.39,0.0,0.00,0.0,0.0,,0.0
162,4,4.00,12,17.24,24.11,24.07,0.0,0.00,0.0,0.0,,0.0
162,5,4.00,12,17.17,23.80,23.76,0.0,0.00,0.0,0.0,,0.0
162,6,4.00,12,18.53,23.61,23.57,0.0,0.00,0.0,0.0,,0.0
162,7,4.00,12,19.61,23.47,23.43,0.0,0.00,0.0,0.0,,0.0
162,8,4.00,12,20.25,25.08,25.05,0.0,0.00,0.0,0.0,,0.0
162,9,4.00,12,20.26,25.70,25.67,0.0,0.00,0.0,0.0,,0.0
162,10,4.00,12,21.05,26.19,26.16,0.0,0.00,0.0,-0.0,,0.0
162,11,4.00,12,21.73,26.70,26.67,0.0,0.00,0.0,-0.0,,0.0
162,12,4.00,12,22.32,27.24,27.21,0.0,0.00,0.0,0.0,,0.0
162,13,4.00,12,22.47,27.78,27.75,0.0,0.00,0.0,0.0,,0.0
162,14,4.00,12,22.67,28.31,28.28,0.0,0.00,0.0,0.0,,0.0
162,15,4.00,12,22.50,28.79,28.77,0.0,0.00,0.0,0.0,,0.0
162,16,4.00,12,22.60,29.25,29.22,0.0,0.00,0.0,0.0,,0.0
162,17,4.00,12,22.52,29.64,29.61,0.0,0.00,0.0,0.0,,0.0
162,18,4.00,12,23.07,29.99,29.96,0.0,0.00,0.0,0.0,,0.0
162,19,4.00,12,22.17,28.47,28.45,0.0,0.00,0.0,0.0,,0.0
162,20,4.00,12,21.29,27.85,27.83,0.0,0.00,0.0,0.0,,0.0
162,21,4.00,12,20.85,27.41,27.39,0.0,0.00,0.0,0.0,,0.0
162,22,4.00,12,20.95,27.06,27.04,0.0,0.00,0.0,0.0,,0.0
162,23,4.00,12,20.61,26.70,26.68,0.0,0.00,0.0,0.0,,0.0
162,24,4.00,12,20.72,26.39,26.37,0.0,0.00,0.0,0.0,,0.0
162,1,5.00,12,19.50,26.00,25.99,0.0,0.00,0.0,0.0,,0.0
162,2,5.00,12,18.83,25.63,25.61,0.0,0.00,0.0,0.0,,0.0
162,3,5.00,12,19.00,25.30,25.29,0.0,0.00,0.0,0.0,,0.0
162,4,5.00,12,19.14,25.01,24.99,0.0,0.00,0.0,0.0,,0.0
162,5,5.00,12,19.60,24.77,24.75,0.0,0.00,0.0,0.0,,0.0
162,6,5.00,12,19.85,24.54,24.53,0.0,0.00,0.0,0.0,,0.0
162,7,5.00,12,19.31,24.28,24.27,0.0,0.00,0.0,0.0,,0.0
162,8,5.00,12,19.35,25.10,25.09,0.0,0.00,0.0,0.0,,0.0
162,9,5.00,12,20.58,25.58,25.56,0.0,0.00,0.0,0.0,,0.0
162,10,5.00,12,21.75,26.05,26.04,0.0,0.00,0.0,0.0,,0.0
162,11,5.00,12,22.34,26.51,26.49,0.0,0.00,0.0,0.0,,0.0
162,12,5.00,12,23.20,27.04,26.78,-708.65,0.00,0.0,0.0,,-708.65
162,13,5.00,12,23.19,27.48,26.78,-1796.65,0.00,0.0,0.0,,-1796.65
162,14,5.00,12,22.99,27.86,26.78,-2531.14,0.00,0.0,0.0,,-2531.14
162,15,5.00,12,22.68,28.18,26.78,-3086.94,0.00,0.0,0.0,,-3086.94
162,16,5.00,12,22.94,28.54,26.78,-3732.71,0.00,0.0,0.0,,-3732.71
162,17,5.00,12,22.93,28.83,26.78,-4112.33,0.00,0.0,0.0,,-4112.33
162,18,5.00,12,22.97,29.05,26.78,-4332.06,0.00,0.0,0.0,,-4332.06
162,19,5.00,12,21.91,28.17,27.14,0.0,0.00,0.0,0.0,,0.0
162,20,5.00,12,21.26,27.70,26.97,0.0,0.00,0.0,0.0,,0.0
162,21,5.00,12,20.86,27.30,26.66,0.0,0.00,0.0,0.0,,0.0
162,22,5.00,12,20.76,26.94,26.35,0.0,0.00,0.0,0.0,,0.0
162,23,5.00,12,20.75,26.61,26.06,0.0,0.00,0.0,0.0,,0.0
162,24,5.00,12,20.47,26.29,25.76,0.0,0.00,0.0,0.0,,0.0
162,1,6.00,12,20.37,25.98,25.48,0.0,0.00,0.0,0.0,,0.0
162,2,6.00,12,20.32,25.69,25.21,0.0,0.00,0.0,0.0,,0.0
162,3,6.00,12,20.47,25.43,24.98,0.0,0.00,0.0,0.0,,0.0
162,4,6.00,12,20.41,25.18,24.75,0.0,0.00,0.0,0.0,,0.0
162,5,6.00,12,20.87,24.98,24.57,0.0,0.00,0.0,0.0,,0.0
162,6,6.00,12,20.71,24.77,24.38,0.0,0.00,0.0,0.0,,0.0
162,7,6.00,12,20.70,24.57,24.20,0.0,0.00,0.0,0.0,,0.0
162,8,6.00,12,21.05,25.57,25.25,0.0,0.00,0.0,0.0,,0.0
162,9,6.00,12,21.91,26.07,25.77,0.0,0.00,0.0,0.0,,0.0
162,10,6.00,12,22.19,26.44,26.16,0.0,0.00,0.0,0.0,,0.0
162,11,6.00,12,22.62,26.85,26.59,0.0,0.00,0.0,0.0,,0.0
162,12,6.00,12,23.36,27.34,26.78,-927.35,0.00,0.0,0.0,,-927.35
162,13,6.00,12,23.64,27.81,26.78,-2078.56,0.00,0.0,0.0,,-2078.56
162,14,6.00,12,23.98,28.28,26.78,-3063.91,0.00,0.0,0.0,,-3063.91
162,15,6.00,12,24.12,28.71,26.78,-3857.49,0.00,0.0,0.0,,-3857.49
162,16,6.00,12,24.24,29.10,26.78,-4507.25,0.00,0.0,0.0,,-4507.25
162,17,6.00,12,23.70,29.33,26.78,-4694.17,0.00,0.0,0.0,,-4694.17
162,18,6.00,12,23.05,29.45,26.78,-4618.3,0.00,0.0,0.0,,-4618.3
162,19,6.00,12,21.83,28.55,27.22,0.0,0.00,0.0,0.0,,0.0
162,20,6.00,12,20.41,28.00,26.99,0.0,0.00,0.0,0.0,,0.0
162,21,6.00,12,19.75,27.53,26.63,0.0,0.00,0.0,0.0,,0.0
162,22,6.00,12,19.31,27.08,26.25,0.0,0.00,0.0,0.0,,0.0
162,23,6.00,12,18.72,26.64,25.85,0.0,0.00,0.0,0.0,,0.0
162,24,6.00,12,18.18,26.21,25.46,0.0,0.00,0.0,0.0,,0.0
162,1,7.00,12,18.01,25.81,25.10,0.0,0.00,0.0,0.0,,0.0
162,2,7.00,12,17.83,25.43,24.75,0.0,0.00,0.0,0.0,,0.0
162,3,7.00,12,17.77,25.07,24.43,0.0,0.00,0.0,0.0,,0.0
162,4,7.00,12,17.25,24.70,24.09,0.0,0.00,0.0,0.0,,0.0
162,5,7.00,12,17.53,24.39,23.80,0.0,0.00,0.0,0.0,,0.0
162,6,7.00,12,17.06,24.05,23.50,0.0,0.00,0.0,0.0,,0.0
162,7,7.00,12,17.27,23.76,23.24,0.0,0.00,0.0,0.0,,0.0
162,8,7.00,12,17.82,24.48,24.03,0.0,0.00,0.0,0.0,,0.0
162,9,7.00,12,18.72,24.87,24.45,0.0,0.00,0.0,0.0,,0.0
162,10,7.00,12,19.58,25.25,24.85,0.0,0.00,0.0,0.0,,0.0
162,11,7.00,12,20.27,25.66,25.28,0.0,0.00,0.0,0.0,,0.0
162,12,7.00,12,21.20,26.15,25.80,0.0,0.00,0.0,0.0,,0.0
162,13,7.00,12,21.71,26.64,26.30,0.0,0.00,0.0,0.0,,0.0
162,14,7.00,12,22.43,27.16,26.78,-176.87,0.00,0.0,0.0,,-176.87
162,15,7.00,12,22.62,27.60,26.78,-1472.3,0.00,0.0,0.0,,-1472.3
162,16,7.00,12,22.90,28.02,26.78,-2369.13,0.00,0.0,0.0,,-2369.13
162,17,7.00,12,22.68,28.32,26.78,-2862.68,0.00,0.0,0.0,,-2862.68
162,18,7.00,12,22.24,28.49,26.78,-3028.22,0.00,0.0,0.0,,-3028.22
162,19,7.00,12,21.37,27.63,26.78,0.0,0.00,0.0,0.0,,0.0
162,20,7.00,12,20.56,27.16,26.52,0.0,0.00,0.0,0.0,,0.0
162,21,7.00,12,19.91,26.76,26.18,0.0,0.00,0.0,0.0,,0.0
162,22,7.00,12,20.01,26.41,25.87,0.0,0.00,0.0,0.0,,0.0
162,23,7.00,12,19.53,26.05,25.54,0.0,0.00,0.0,0.0,,0.0
162,24,7.00,12,19.45,25.72,25.24,0.0,0.00,0.0,0.0,,0.0
162,1,1.00,12,18.80,25.37,24.91,0.0,0.00,0.0,0.0,,0.0
162,2,1.00,12,18.05,25.00,24.56,0.0,0.00,0.0,0.0,,0.0
162,3,1.00,12,17.96,24.67,24.25,0.0,0.00,0.0,0.0,,0.0
162,4,1.00,12,17.12,24.31,23.91,0.0,0.00,0.0,0.0,,0.0
162,5,1.00,12,17.09,23.98,23.60,0.0,0.00,0.0,0.0,,0.0
162,6,1.00,12,17.05,23.68,23.32,0.0,0.00,0.0,0.0,,0.0
162,7,1.00,12,17.44,23.43,23.08,0.0,0.00,0.0,0.0,,0.0
162,8,1.00,12,17.42,24.13,23.83,0.0,0.00,0.0,0.0,,0.0
162,9,1.00,12,18.32,24.51,24.23,0.0,0.00,0.0,0.0,,0.0
162,10,1.00,12,20.61,25.11,24.85,0.0,0.00,0.0,0.0,,0.0
162,11,1.00,12,22.12,25.74,25.48,0.0,0.00,0.0,0.0,,0.0
162,12,1.00,12,22.87,26.31,26.08,0.0,0.00,0.0,0.0,,0.0
162,13,1.00,12,22.81,26.79,26.56,0.0,0.00,0.0,0.0,,0.0
162,14,1.00,12,22.87,27.24,26.78,-713.11,0.00,0.0,0.0,,-713.11
162,15,1.00,12,22.66,27.63,26.78,-1678.7,0.00,0.0,0.0,,-1678.7
162,16,1.00,12,22.37,27.94,26.78,-2291.49,0.00,0.0,0.0,,-2291.49
162,17,1.00,12,21.88,28.16,26.78,-2601.45,0.00,0.0,0.0,,-2601.45
162,18,1.00,12,21.43,28.29,26.78,-2696.32,0.00,0.0,0.0,,-2696.32
162,19,1.00,12,20.33,27.44,26.70,0.0,0.00,0.0,0.0,,0.0
162,20,1.00,12,18.98,26.91,26.35,0.0,0.00,0.0,0.0,,0.0
162,21,1.00,12,18.35,26.45,25.95,0.0,0.00,0.0,0.0,,0.0
162,22,1.00,12,17.72,26.00,25.54,0.0,0.00,0.0,0.0,,0.0
162,23,1.00,12,16.99,25.55,25.11,0.0,0.00,0.0,0.0,,0.0
162,24,1.00,12,17.24,25.17,24.75,0.0,0.00,0.0,0.0,,0.0
162,1,2.00,12,16.77,24.77,24.37,0.0,0.00,0.0,0.0,,0.0
162,2,2.00,12,16.21,24.37,23.99,0.0,0.00,0.0,0.0,,0.0
162,3,2.00,12,15.79,23.98,23.62,0.0,0.00,0.0,0.0,,0.0
162,4,2.00,12,15.45,23.61,23.26,0.0,0.00,0.0,0.0,,0.0
162,5,2.00,12,15.57,23.27,22.94,0.0,0.00,0.0,0.0,,0.0
162,6,2.00,12,14.70,22.89,22.58,0.0,0.00,0.0,0.0,,0.0
162,7,2.00,12,14.34,22.53,22.23,0.0,0.00,0.0,0.0,,0.0
162,8,2.00,12,15.07,23.08,22.82,0.0,0.00,0.0,0.0,,0.0
162,9,2.00,12,16.81,23.53,23.28,0.0,0.00,0.0,0.0,,0.0
162,10,2.00,12,18.42,24.03,23.80,0.0,0.00,0.0,0.0,,0.0
162,11,2.00,12,20.06,24.62,24.40,0.0,0.00,0.0,0.0,,0.0
162,12,2.00,12,21.03,25.21,25.00,0.0,0.00,0.0,0.0,,0.0
162,13,2.00,12,21.48,25.74,25.55,0.0,0.00,0.0,0.0,,0.0
162,14,2.00,12,22.02,26.29,26.10,0.0,0.00,0.0,0.0,,0.0
162,15,2.00,12,22.40,26.80,26.62,0.0,0.00,0.0,0.0,,0.0
162,16,2.00,12,22.73,27.27,26.78,-921.53,0.00,0.0,0.0,,-921.53
162,17,2.00,12,22.55,27.61,26.78,-1705.68,0.00,0.0,0.0,,-1705.68
162,18,2.00,12,21.95,27.80,26.78,-1956.85,0.00,0.0,0.0,,-1956.85
162,19,2.00,12,21.29,26.95,26.47,0.0,0.00,0.0,0.0,,0.0
162,20,2.00,12,20.23,26.50,26.14,0.0,0.00,0.0,0.0,,0.0
162,21,2.00,12,19.53,26.11,25.79,0.0,0.00,0.0,0.0,,0.0
162,22,2.00,12,19.62,25.78,25.48,0.0,0.00,0.0,0.0,,0.0
162,23,2.00,12,19.37,25.45,25.17,0.0,0.00,0.0,0.0,,0.0
162,24,2.00,12,19.48,25.16,24.90,0.0,0.00,0.0,0.0,,0.0
162,1,3.00,12,19.38,24.88,24.63,0.0,0.00,0.0,0.0,,0.0
162,2,3.00,12,19.26,24.61,24.37,0.0,0.00,0.0,0.0,,0.0
162,3,3.00,12,19.40,24.37,24.14,0.0,0.00,0.0,0.0,,0.0
162,4,3.00,12,19.00,24.12,23.89,0.0,0.00,0.0,0.0,,0.0
162,5,3.00,12,19.40,23.91,23.70,0.0,0.00,0.0,0.0,,0.0
162,6,3.00,12,18.13,23.62,23.42,0.0,0.00,0.0,0.0,,0.0
162,7,3.00,12,17.33,23.32,23.12,0.0,0.00,0.0,0.0,,0.0
162,8,3.00,12,17.35,24.79,24.60,0.0,0.00,0.0,0.0,,0.0
162,9,3.00,12,18.95,25.41,25.23,0.0,0.00,0.0,0.0,,0.0
162,10,3.00,12,20.32,25.92,25.74,0.0,0.00,0.0,-0.0,,0.0
162,11,3.00,12,21.60,26.46,26.29,0.0,0.00,0.0,-0.0,,0.0
162,12,3.00,12,22.09,27.01,26.85,0.0,0.00,0.0,-0.0,,0.0
162,13,3.00,12,22.03,27.55,27.39,0.0,0.00,0.0,0.0,,0.0
162,14,3.00,12,22.16,28.07,27.92,0.0,0.00,0.0,0.0,,0.0
162,15,3.00,12,22.05,28.57,28.42,0.0,0.00,0.0,0.0,,0.0
162,16,3.00,12,21.78,29.00,28.86,0.0,0.00,0.0,0.0,,0.0
162,17,3.00,12,21.21,29.33,29.20,0.0,0.00,0.0,0.0,,0.0
162,18,3.00,12,20.58,29.57,29.44,0.0,0.00,0.0,0.0,,0.0
162,19,3.00,12,19.92,27.99,27.87,0.0,0.00,0.0,0.0,,0.0
162,20,3.00,12,19.31,27.33,27.21,0.0,0.00,0.0,0.0,,0.0
162,21,3.00,12,19.00,26.86,26.74,0.0,0.00,0.0,0.0,,0.0
162,22,3.00,12,19.19,26.47,26.36,0.0,0.00,0.0,0.0,,0.0
162,23,3.00,12,19.37,26.13,26.02,0.0,0.00,0.0,0.0,,0.0
162,24,3.00,12,18.88,25.76,25.66,0.0,0.00,0.0,0.0,,0.0
162,1,4.00,12,19.19,25.46,25.35,0.0,0.00,0.0,0.0,,0.0
162,2,4.00,12,18.79,25.14,25.04,0.0,0.00,0.0,0.0,,0.0
162,3,4.00,12,18.63,24.83,24.73,0.0,0.00,0.0,0.0,,0.0
162,4,4.00,12,18.11,24.51,24.42,0.0,0.00,0.0,0.0,,0.0
162,5,4.00,12,18.51,24.25,24.16,0.0,0.00,0.0,0.0,,0.0
162,6,4.00,12,18.35,23.99,23.90,0.0,0.00,0.0,0.0,,0.0
162,7,4.00,12,18.44,23.75,23.67,0.0,0.00,0.0,0.0,,0.0
162,8,4.00,12,18.89,25.29,25.20,0.0,0.00,0.0,0.0,,0.0
162,9,4.00,12,20.16,25.93,25.85,0.0,0.00,0.0,0.0,,0.0
162,10,4.00,12,20.83,26.41,26.33,0.0,0.00,0.0,0.0,,0.0
162,11,4.00,12,21.55,26.91,26.83,0.0,0.00,0.0,0.0,,0.0
162,12,4.00,12,22.03,27.43,27.35,0.0,0.00,0.0,0.0,,0.0
162,13,4.00,12,22.02,27.94,27.87,0.0,0.00,0.0,0.0,,0.0
162,14,4.00,12,22.34,28.46,28.39,0.0,0.00,0.0,0.0,,0.0
162,15,4.00,12,21.94,28.92,28.85,0.0,0.00,0.0,0.0,,0.0
162,16,4.00,12,21.76,29.33,29.27,0.0,0.00,0.0,0.0,,0.0
162,17,4.00,12,21.12,29.65,29.58,0.0,0.00,0.0,0.0,,0.0
162,18,4.00,12,20.52,29.87,29.80,0.0,0.00,0.0,0.0,,0.0
162,19,4.00,12,19.96,28.28,28.22,0.0,0.00,0.0,0.0,,0.0
162,20,4.00,12,19.64,27.63,27.57,0.0,0.00,0.0,0.0,,0.0
162,21,4.00,12,19.11,27.15,27.08,0.0,0.00,0.0,0.0,,0.0
162,22,4.00,12,19.00,26.73,26.67,0.0,0.00,0.0,0.0,,0.0
162,23,4.00,12,18.68,26.32,26.27,0.0,0.00,0.0,0.0,,0.0
162,24,4.00,12,17.93,25.90,25.85,0.0,0.00,0.0,0.0,,0.0
162,1,5.00,12,18.11,25.54,25.48,0.0,0.00,0.0,0.0,,0.0
162,2,5.00,12,17.39,25.15,25.09,0.0,0.00,0.0,0.0,,0.0
162,3,5.00,12,16.99,24.77,24.71,0.0,0.00,0.0,0.0,,0.0
162,4,5.00,12,16.44,24.38,24.33,0.0,0.00,0.0,0.0,,0.0
162,5,5.00,12,16.22,24.02,23.97,0.0,0.00,0.0,0.0,,0.0
162,6,5.00,12,15.79,23.66,23.61,0.0,0.00,0.0,0.0,,0.0
162,7,5.00,12,15.58,23.32,23.27,0.0,0.00,0.0,0.0,,0.0
162,8,5.00,12,15.46,23.79,23.74,0.0,0.00,0.0,0.0,,0.0
162,9,5.00,12,17.32,24.22,24.17,0.0,0.00,0.0,0.0,,0.0
162,10,5.00,12,18.83,24.68,24.64,0.0,0.00,0.0,0.0,,0.0
162,11,5.00,12,20.18,25.21,25.17,0.0,0.00,0.0,0.0,,0.0
162,12,5.00,12,21.30,25.78,25.74,0.0,0.00,0.0,0.0,,0.0
162,13,5.00,12,21.89,26.32,26.28,0.0,0.00,0.0,0.0,,0.0
162,14,5.00,12,22.78,26.91,26.78,-254.52,0.00,0.0,0.0,,-254.52
162,15,5.00,12,22.21,27.28,26.78,-1270.37,0.00,0.0,0.0,,-1270.37
162,16,5.00,12,21.83,27.59,26.78,-1865.94,0.00,0.0,0.0,,-1865.94
162,17,5.00,12,21.26,27.79,26.78,-2151.97,0.00,0.0,0.0,,-2151.97
162,18,5.00,12,20.45,27.86,26.78,-2094.94,0.00,0.0,0.0,,-2094.94
162,19,5.00,12,19.91,27.07,26.60,0.0,0.00,0.0,0.0,,0.0
162,20,5.00,12,19.50,26.63,26.30,0.0,0.00,0.0,0.0,,0.0
162,21,5.00,12,19.17,26.24,25.95,0.0,0.00,0.0,0.0,,0.0
162,22,5.00,12,18.69,25.86,25.59,0.0,0.00,0.0,0.0,,0.0
162,23,5.00,12,18.16,25.48,25.22,0.0,0.00,0.0,0.0,,0.0
162,24,5.00,12,17.28,25.07,24.83,0.0,0.00,0.0,0.0,,0.0
162,1,6.00,12,17.90,24.76,24.52,0.0,0.00,0.0,0.0,,0.0
162,2,6.00,12,17.60,24.43,24.21,0.0,0.00,0.0,0.0,,0.0
162,3,6.00,12,17.25,24.10,23.89,0.0,0.00,0.0,0.0,,0.0
162,4,6.00,12,16.15,23.73,23.53,0.0,0.00,0.0,0.0,,0.0
162,5,6.00,12,15.60,23.36,23.17,0.0,0.00,0.0,0.0,,0.0
162,6,6.00,12,16.35,23.09,22.91,0.0,0.00,0.0,0.0,,0.0
162,7,6.00,12,16.89,22.86,22.69,0.0,0.00,0.0,0.0,,0.0
162,8,6.00,12,17.72,24.42,24.25,0.0,0.00,0.0,0.0,,0.0
162,9,6.00,12,20.20,25.16,24.99,0.0,0.00,0.0,0.0,,0.0
162,10,6.00,12,21.15,25.71,25.56,0.0,0.00,0.0,0.0,,0.0
162,11,6.00,12,21.93,26.27,26.12,0.0,0.00,0.0,0.0,,0.0
162,12,6.00,12,23.22,26.91,26.77,0.0,0.00,0.0,0.0,,0.0
162,13,6.00,12,23.37,27.52,27.38,0.0,0.00,0.0,0.0,,0.0
162,14,6.00,12,23.79,28.13,28.00,0.0,0.00,0.0,0.0,,0.0
162,15,6.00,12,24.08,28.72,28.59,0.0,0.00,0.0,0.0,,0.0
162,16,6.00,12,24.33,29.27,29.15,0.0,0.00,0.0,0.0,,0.0
162,17,6.00,12,23.46,29.68,29.56,0.0,0.00,0.0,0.0,,0.0
162,18,6.00,12,22.74,29.98,29.87,0.0,0.00,0.0,0.0,,0.0
162,19,6.00,12,21.82,28.45,28.34,0.0,0.00,0.0,0.0,,0.0
162,20,6.00,12,20.59,27.79,27.69,0.0,0.00,0.0,0.0,,0.0
162,21,6.00,12,19.64,27.30,27.20,0.0,0.00,0.0,0.0,,0.0
162,22,6.00,12,19.25,26.87,26.77,0.0,0.00,0.0,0.0,,0.0
162,23,6.00,12,19.04,26.47,26.37,0.0,0.00,0.0,0.0,,0.0
162,24,6.00,12,18.44,26.06,25.96,0.0,0.00,0.0,0.0,,0.0
162,1,7.00,12,18.22,25.67,25.59,0.0,0.00,0.0,0.0,,0.0
162,2,7.00,12,17.62,25.28,25.20,0.0,0.00,0.0,0.0,,0.0
162,3,7.00,12,16.94,24.88,24.80,0.0,0.00,0.0,0.0,,0.0
162,4,7.00,12,16.33,24.48,24.40,0.0,0.00,0.0,0.0,,0.0
162,5,7.00,12,16.02,24.10,24.02,0.0,0.00,0.0,0.0,,0.0
162,6,7.00,12,15.64,23.73,23.65,0.0,0.00,0.0,0.0,,0.0
162,7,7.00,12,15.23,23.36,23.29,0.0,0.00,0.0,0.0,,0.0
162,8,7.00,12,16.42,24.84,24.76,0.0,0.00,0.0,0.0,,0.0
162,9,7.00,12,18.61,25.48,25.41,0.0,0.00,0.0,0.0,,0.0
162,10,7.00,12,20.35,26.01,25.95,0.0,0.00,0.0,0.0,,0.0
162,11,7.00,12,21.91,26.59,26.52,0.0,0.00,0.0,0.0,,0.0
162,12,7.00,12,22.93,27.20,27.13,0.0,0.00,0.0,0.0,,0.0
162,13,7.00,12,23.47,27.81,27.75,0.0,0.00,0.0,0.0,,0.0
162,14,7.00,12,24.52,28.46,28.40,0.0,0.00,0.0,0.0,,0.0
162,15,7.00,12,24.45,29.05,28.99,0.0,0.00,0.0,0.0,,0.0
162,16,7.00,12,24.39,29.57,29.52,0.0,0.00,0.0,0.0,,0.0
162,17,7.00,12,24.13,30.02,29.96,0.0,0.00,0.0,0.0,,0.0
162,18,7.00,12,23.68,30.35,30.30,0.0,0.00,0.0,0.0,,0.0
162,19,7.00,12,23.06,28.87,28.81,0.0,0.00,0.0,0.0,,0.0
162,20,7.00,12,22.22,28.27,28.22,0.0,0.00,0.0,0.0,,0.0
162,21,7.00,12,21.94,27.87,27.82,0.0,0.00,0.0,0.0,,0.0
162,22,7.00,12,21.33,27.49,27.44,0.0,0.00,0.0,0.0,,0.0
162,23,7.00,12,22.18,27.21,27.16,0.0,0.00,0.0,0.0,,0.0
162,24,7.00,12,21.73,26.91,26.86,0.0,0.00,0.0,0.0,,0.0
162,1,1.00,1,21.77,26.64,26.59,0.0,0.00,0.0,0.0,,0.0
162,2,1.00,1,22.13,26.40,26.36,0.0,0.00,0.0,0.0,,0.0
162,3,1.00,1,21.44,26.13,26.08,0.0,0.00,0.0,0.0,,0.0
162,4,1.00,1,20.83,25.84,25.80,0.0,0.00,0.0,0.0,,0.0
162,5,1.00,1,21.15,25.61,25.57,0.0,0.00,0.0,0.0,,0.0
162,6,1.00,1,20.72,25.36,25.32,0.0,0.00,0.0,0.0,,0.0
162,7,1.00,1,20.53,25.12,25.08,0.0,0.00,0.0,0.0,,0.0
162,8,1.00,1,20.78,26.00,25.96,0.0,0.00,0.0,0.0,,0.0
162,9,1.00,1,21.96,26.48,26.44,0.0,0.00,0.0,0.0,,0.0
162,10,1.00,1,22.88,26.92,26.88,0.0,0.00,0.0,0.0,,0.0
162,11,1.00,1,23.84,27.42,27.39,0.0,0.00,0.0,0.0,,0.0
162,12,1.00,1,23.69,27.81,27.41,-1061.11,0.00,0.0,0.0,,-1061.11
162,13,1.00,1,23.55,28.19,27.41,-1878.54,0.00,0.0,0.0,,-1878.54
162,14,1.00,1,23.78,28.61,27.41,-2745.41,0.00,0.0,0.0,,-2745.41
162,15,1.00,1,23.94,29.01,27.41,-3490.54,0.00,0.0,0.0,,-3490.54
162,16,1.00,1,24.05,29.38,27.41,-4096.49,0.00,0.0,0.0,,-4096.49
162,17,1.00,1,22.71,29.47,27.41,-3884.66,0.00,0.0,0.0,,-3884.66
162,18,1.00,1,21.22,29.38,27.41,-3349.24,0.00,0.0,0.0,,-3349.24
162,19,1.00,1,19.30,28.50,27.52,0.0,0.00,0.0,0.0,,0.0
162,20,1.00,1,17.29,27.85,27.12,0.0,0.00,0.0,0.0,,0.0
162,21,1.00,1,15.74,27.21,26.56,0.0,0.00,0.0,0.0,,0.0
162,22,1.00,1,14.48,26.57,25.96,0.0,0.00,0.0,0.0,,0.0
162,23,1.00,1,15.24,26.07,25.49,0.0,0.00,0.0,0.0,,0.0
162,24,1.00,1,15.48,25.60,25.05,0.0,0.00,0.0,0.0,,0.0
162,1,2.00,1,15.80,25.17,24.65,0.0,0.00,0.0,0.0,,0.0
162,2,2.00,1,16.02,24.78,24.29,0.0,0.00,0.0,0.0,,0.0
162,3,2.00,1,16.17,24.42,23.95,0.0,0.00,0.0,0.0,,0.0
162,4,2.00,1,16.90,24.13,23.69,0.0,0.00,0.0,0.0,,0.0
162,5,2.00,1,17.50,23.88,23.46,0.0,0.00,0.0,0.0,,0.0
162,6,2.00,1,17.57,23.64,23.23,0.0,0.00,0.0,0.0,,0.0
162,7,2.00,1,17.95,23.42,23.04,0.0,0.00,0.0,0.0,,0.0
162,8,2.00,1,17.87,24.18,23.85,0.0,0.00,0.0,0.0,,0.0
162,9,2.00,1,19.02,24.63,24.31,0.0,0.00,0.0,0.0,,0.0
162,10,2.00,1,20.71,25.16,24.87,0.0,0.00,0.0,0.0,,0.0
162,11,2.00,1,22.04,25.75,25.47,0.0,0.00,0.0,0.0,,0.0
162,12,2.00,1,23.02,26.35,26.09,0.0,0.00,0.0,0.0,,0.0
162,13,2.00,1,23.24,26.88,26.63,0.0,0.00,0.0,0.0,,0.0
162,14,2.00,1,23.92,27.45,27.22,0.0,0.00,0.0,0.0,,0.0
162,15,2.00,1,23.36,27.84,27.41,-603.73,0.00,0.0,0.0,,-603.73
162,16,2.00,1,22.39,28.09,27.41,-1183.27,0.00,0.0,0.0,,-1183.27
162,17,2.00,1,21.59,28.24,27.41,-1437.75,0.00,0.0,0.0,,-1437.75
162,18,2.00,1,20.66,28.27,27.41,-1367.05,0.00,0.0,0.0,,-1367.05
162,19,2.00,1,19.04,27.42,26.95,0.0,0.00,0.0,0.0,,0.0
162,20,2.00,1,17.49,26.85,26.47,0.0,0.00,0.0,0.0,,0.0
162,21,2.00,1,16.27,26.30,25.96,0.0,0.00,0.0,0.0,,0.0
162,22,2.00,1,15.60,25.78,25.46,0.0,0.00,0.0,0.0,,0.0
162,23,2.00,1,16.15,25.35,25.05,0.0,0.00,0.0,0.0,,0.0
162,24,2.00,1,16.70,24.98,24.69,0.0,0.00,0.0,0.0,,0.0
162,1,3.00,1,17.11,24.65,24.37,0.0,0.00,0.0,0.0,,0.0
162,2,3.00,1,17.30,24.34,24.07,0.0,0.00,0.0,0.0,,0.0
162,3,3.00,1,17.45,24.05,23.80,0.0,0.00,0.0,0.0,,0.0
162,4,3.00,1,17.48,23.78,23.54,0.0,0.00,0.0,0.0,,0.0
162,5,3.00,1,17.65,23.54,23.30,0.0,0.00,0.0,0.0,,0.0
162,6,3.00,1,17.70,23.31,23.08,0.0,0.00,0.0,0.0,,0.0
162,7,3.00,1,17.64,23.08,22.87,0.0,0.00,0.0,0.0,,0.0
162,8,3.00,1,18.05,23.92,23.73,0.0,0.00,0.0,0.0,,0.0
162,9,3.00,1,19.23,24.40,24.22,0.0,0.00,0.0,0.0,,0.0
162,10,3.00,1,20.91,24.96,24.79,0.0,0.00,0.0,0.0,,0.0
162,11,3.00,1,22.67,25.63,25.47,0.0,0.00,0.0,0.0,,0.0
162,12,3.00,1,23.25,26.21,26.06,0.0,0.00,0.0,0.0,,0.0
162,13,3.00,1,23.23,26.72,26.57,0.0,0.00,0.0,0.0,,0.0
162,14,3.00,1,23.60,27.25,27.11,0.0,0.00,0.0,0.0,,0.0
162,15,3.00,1,23.31,27.67,27.41,-364.82,0.00,0.0,0.0,,-364.82
162,16,3.00,1,22.99,28.02,27.41,-1305.01,0.00,0.0,0.0,,-1305.01
162,17,3.00,1,22.67,28.30,27.41,-1829.62,0.00,0.0,0.0,,-1829.62
162,18,3.00,1,21.95,28.42,27.41,-1926.73,0.00,0.0,0.0,,-1926.73
162,19,3.00,1,21.40,27.60,27.14,0.0,0.00,0.0,0.0,,0.0
162,20,3.00,1,20.71,27.16,26.83,0.0,0.00,0.0,0.0,,0.0
162,21,3.00,1,20.27,26.79,26.49,0.0,0.00,0.0,0.0,,0.0
162,22,3.00,1,20.00,26.44,26.16,0.0,0.00,0.0,0.0,,0.0
162,23,3.00,1,20.63,26.16,25.89,0.0,0.00,0.0,0.0,,0.0
162,24,3.00,1,20.66,25.89,25.63,0.0,0.00,0.0,0.0,,0.0
162,1,4.00,1,20.25,25.60,25.36,0.0,0.00,0.0,0.0,,0.0
162,2,4.00,1,19.74,25.30,25.07,0.0,0.00,0.0,0.0,,0.0
162,3,4.00,1,19.35,25.01,24.79,0.0,0.00,0.0,0.0,,0.0
162,4,4.00,1,19.21,24.74,24.52,0.0,0.00,0.0,0.0,,0.0
162,5,4.00,1,18.83,24.46,24.25,0.0,0.00,0.0,0.0,,0.0
162,6,4.00,1,18.50,24.18,23.99,0.0,0.00,0.0,0.0,,0.0
162,7,4.00,1,18.21,23.91,23.72,0.0,0.00,0.0,0.0,,0.0
162,8,4.00,1,18.83,24.73,24.56,0.0,0.00,0.0,0.0,,0.0
162,9,4.00,1,20.45,25.26,25.10,0.0,0.00,0.0,0.0,,0.0
162,10,4.00,1,21.64,25.75,25.60,0.0,0.00,0.0,0.0,,0.0
162,11,4.00,1,22.56,26.27,26.13,0.0,0.00,0.0,0.0,,0.0
162,12,4.00,1,23.04,26.77,26.64,0.0,0.00,0.0,0.0,,0.0
162,13,4.00,1,23.37,27.27,27.15,0.0,0.00,0.0,0.0,,0.0
162,14,4.00,1,23.49,27.74,27.41,-588.9,0.00,0.0,0.0,,-588.9
162,15,4.00,1,23.50,28.16,27.41,-1683.39,0.00,0.0,0.0,,-1683.39
162,16,4.00,1,23.79,28.59,27.41,-2579.24,0.00,0.0,0.0,,-2579.24
162,17,4.00,1,23.14,28.83,27.41,-2867.7,0.00,0.0,0.0,,-2867.7
162,18,4.00,1,22.23,28.91,27.41,-2789.87,0.00,0.0,0.0,,-2789.87
162,19,4.00,1,21.18,28.06,27.36,0.0,0.00,0.0,0.0,,0.0
162,20,4.00,1,20.06,27.55,27.05,0.0,0.00,0.0,0.0,,0.0
162,21,4.00,1,18.91,27.08,26.64,0.0,0.00,0.0,0.0,,0.0
162,22,4.00,1,18.21,26.62,26.21,0.0,0.00,0.0,0.0,,0.0
162,23,4.00,1,18.31,26.22,25.82,0.0,0.00,0.0,0.0,,0.0
162,24,4.00,1,17.68,25.80,25.42,0.0,0.00,0.0,0.0,,0.0
162,1,5.00,1,16.94,25.37,25.01,0.0,0.00,0.0,0.0,,0.0
162,2,5.00,1,16.36,24.94,24.60,0.0,0.00,0.0,0.0,,0.0
162,3,5.00,1,15.94,24.53,24.21,0.0,0.00,0.0,0.0,,0.0
162,4,5.00,1,15.37,24.12,23.81,0.0,0.00,0.0,0.0,,0.0
162,5,5.00,1,16.02,23.80,23.50,0.0,0.00,0.0,0.0,,0.0
162,6,5.00,1,16.80,23.54,23.25,0.0,0.00,0.0,0.0,,0.0
162,7,5.00,1,17.70,23.33,23.06,0.0,0.00,0.0,0.0,,0.0
162,8,5.00,1,18.54,24.22,23.98,0.0,0.00,0.0,0.0,,0.0
162,9,5.00,1,20.04,24.76,24.54,0.0,0.00,0.0,0.0,,0.0
162,10,5.00,1,21.65,25.34,25.13,0.0,0.00,0.0,0.0,,0.0
162,11,5.00,1,23.32,26.02,25.82,0.0,0.00,0.0,0.0,,0.0
162,12,5.00,1,23.17,26.50,26.31,0.0,0.00,0.0,0.0,,0.0
162,13,5.00,1,23.01,26.95,26.77,0.0,0.00,0.0,0.0,,0.0
162,14,5.00,1,22.85,27.37,27.20,0.0,0.00,0.0,0.0,,0.0
162,15,5.00,1,22.55,27.73,27.41,-451.22,0.00,0.0,0.0,,-451.22
162,16,5.00,1,22.52,28.08,27.41,-1376.5,0.00,0.0,0.0,,-1376.5
162,17,5.00,1,22.75,28.42,27.41,-2080.32,0.00,0.0,0.0,,-2080.32
162,18,5.00,1,22.21,28.58,27.41,-2236.82,0.00,0.0,0.0,,-2236.82
162,19,5.00,1,21.19,27.73,27.19,0.0,0.00,0.0,0.0,,0.0
162,20,5.00,1,20.06,27.25,26.86,0.0,0.00,0.0,0.0,,0.0
162,21,5.00,1,19.44,26.83,26.48,0.0,0.00,0.0,0.0,,0.0
162,22,5.00,1,19.47,26.46,26.14,0.0,0.00,0.0,0.0,,0.0
162,23,5.00,1,18.98,26.09,25.78,0.0,0.00,0.0,0.0,,0.0
162,24,5.00,1,19.23,25.76,25.47,0.0,0.00,0.0,0.0,,0.0
162,1,6.00,1,19.27,25.46,25.18,0.0,0.00,0.0,0.0,,0.0
162,2,6.00,1,19.08,25.16,24.89,0.0,0.00,0.0,0.0,,0.0
162,3,6.00,1,18.60,24.85,24.59,0.0,0.00,0.0,0.0,,0.0
162,4,6.00,1,17.80,24.51,24.26,0.0,0.00,0.0,0.0,,0.0
162,5,6.00,1,17.50,24.19,23.96,0.0,0.00,0.0,0.0,,0.0
162,6,6.00,1,17.31,23.89,23.66,0.0,0.00,0.0,0.0,,0.0
162,7,6.00,1,17.74,23.65,23.43,0.0,0.00,0.0,0.0,,0.0
162,8,6.00,1,18.66,25.18,24.97,0.0,0.00,0.0,0.0,,0.0
162,9,6.00,1,20.45,25.85,25.65,0.0,0.00,0.0,0.0,,0.0
162,10,6.00,1,21.89,26.40,26.21,0.0,0.00,0.0,0.0,,0.0
162,11,6.00,1,23.22,26.98,26.79,0.0,0.00,0.0,0.0,,0.0
162,12,6.00,1,23.70,27.57,27.39,0.0,0.00,0.0,0.0,,0.0
162,13,6.00,1,23.71,28.14,27.97,0.0,0.00,0.0,0.0,,0.0
162,14,6.00,1,23.49,28.69,28.52,0.0,0.00,0.0,0.0,,0.0
162,15,6.00,1,23.33,29.20,29.04,0.0,0.00,0.0,0.0,,0.0
162,16,6.00,1,22.94,29.65,29.50,0.0,0.00,0.0,0.0,,0.0
162,17,6.00,1,22.80,30.04,29.89,0.0,0.00,0.0,0.0,,0.0
162,18,6.00,1,22.21,30.31,30.17,0.0,0.00,0.0,0.0,,0.0
162,19,6.00,1,21.66,28.78,28.65,0.0,0.00,0.0,0.0,,0.0
162,20,6.00,1,20.81,28.15,28.02,0.0,0.00,0.0,0.0,,0.0
162,21,6.00,1,20.76,27.73,27.60,0.0,0.00,0.0,0.0,,0.0
162,22,6.00,1,20.92,27.37,27.25,0.0,0.00,0.0,0.0,,0.0
162,23,6.00,1,21.63,27.09,26.97,0.0,0.00,0.0,0.0,,0.0
162,24,6.00,1,21.68,26.82,26.70,0.0,0.00,0.0,0.0,,0.0
162,1,7.00,1,21.98,26.57,26.46,0.0,0.00,0.0,0.0,,0.0
162,2,7.00,1,21.97,26.34,26.23,0.0,0.00,0.0,-0.0,,0.0
162,3,7.00,1,21.91,26.11,26.01,0.0,0.00,0.0,-0.0,,0.0
162,4,7.00,1,21.75,25.89,25.79,0.0,0.00,0.0,-0.0,,0.0
162,5,7.00,1,21.65,25.67,25.57,0.0,0.00,0.0,-0.0,,0.0
162,6,7.00,1,21.64,25.47,25.38,0.0,0.00,0.0,-0.0,,0.0
162,7,7.00,1,21.85,25.30,25.21,0.0,0.00,0.0,-0.0,,0.0
162,8,7.00,1,21.66,26.83,26.74,0.0,0.00,0.0,0.0,,0.0
162,9,7.00,1,22.21,27.43,27.34,0.0,0.00,0.0,0.0,,0.0
162,10,7.00,1,22.89,27.89,27.81,0.0,0.00,0.0,0.0,,0.0
162,11,7.00,1,23.70,28.38,28.30,0.0,0.00,0.0,0.0,,0.0
162,12,7.00,1,23.61,28.86,28.78,0.0,0.00,0.0,0.0,,0.0
162,13,7.00,1,23.83,29.37,29.29,0.0,0.00,0.0,0.0,,0.0
162,14,7.00,1,23.65,29.85,29.77,0.0,0.00,0.0,0.0,,0.0
162,15,7.00,1,23.50,30.30,30.22,0.0,0.00,0.0,0.0,,0.0
162,16,7.00,1,22.96,30.69,30.61,0.0,0.00,0.0,0.0,,0.0
162,17,7.00,1,22.18,30.97,30.90,0.0,0.00,0.0,0.0,,0.0
162,18,7.00,1,21.26,31.14,31.07,0.0,0.00,0.0,0.0,,0.0
162,19,7.00,1,20.52,29.51,29.44,0.0,0.00,0.0,0.0,,0.0
162,20,7.00,1,19.69,28.80,28.73,0.0,0.00,0.0,0.0,,0.0
162,21,7.00,1,19.07,28.26,28.19,0.0,0.00,0.0,0.0,,0.0
162,22,7.00,1,18.93,27.78,27.72,0.0,0.00,0.0,0.0,,0.0
162,23,7.00,1,18.23,27.30,27.24,0.0,0.00,0.0,0.0,,0.0
162,24,7.00,1,17.70,26.83,26.77,0.0,0.00,0.0,0.0,,0.0
162,1,1.00,1,17.43,26.39,26.32,0.0,0.00,0.0,0.0,,0.0
162,2,1.00,1,17.08,25.95,25.89,0.0,0.00,0.0,0.0,,0.0
162,3,1.00,1,17.51,25.59,25.53,0.0,0.00,0.0,0.0,,0.0
162,4,1.00,1,18.22,25.29,25.23,0.0,0.00,0.0,0.0,,0.0
162,5,1.00,1,18.65,25.02,24.96,0.0,0.00,0.0,0.0,,0.0
162,6,1.00,1,18.95,24.77,24.72,0.0,0.00,0.0,0.0,,0.0
162,7,1.00,1,18.86,24.53,24.47,0.0,0.00,0.0,0.0,,0.0
162,8,1.00,1,19.03,25.29,25.23,0.0,0.00,0.0,0.0,,0.0
162,9,1.00,1,19.99,25.69,25.64,0.0,0.00,0.0,0.0,,0.0
162,10,1.00,1,21.35,26.16,26.11,0.0,0.00,0.0,0.0,,0.0
162,11,1.00,1,22.54,26.69,26.64,0.0,0.00,0.0,0.0,,0.0
162,12,1.00,1,22.73,27.13,27.09,0.0,0.00,0.0,0.0,,0.0
162,13,1.00,1,23.22,27.63,27.41,-488.14,0.00,0.0,0.0,,-488.14
162,14,1.00,1,23.76,28.14,27.41,-1843.34,0.00,0.0,0.0,,-1843.34
162,15,1.00,1,23.99,28.60,27.41,-2780.29,0.00,0.0,0.0,,-2780.29
162,16,1.00,1,23.85,28.98,27.41,-3412.43,0.00,0.0,0.0,,-3412.43
162,17,1.00,1,23.53,29.25,27.41,-3758.78,0.00,0.0,0.0,,-3758.78
162,18,1.00,1,22.85,29.37,27.41,-3726.0,0.00,0.0,0.0,,-3726.0
162,19,1.00,1,22.04,28.54,27.65,0.0,0.00,0.0,0.0,,0.0
162,20,1.00,1,21.29,28.08,27.45,0.0,0.00,0.0,0.0,,0.0
162,21,1.00,1,20.87,27.69,27.14,0.0,0.00,0.0,0.0,,0.0
162,22,1.00,1,20.88,27.34,26.82,0.0,0.00,0.0,0.0,,0.0
162,23,1.00,1,20.40,26.98,26.49,0.0,0.00,0.0,0.0,,0.0
162,24,1.00,1,20.95,26.69,26.23,0.0,0.00,0.0,0.0,,0.0
162,1,2.00,1,21.03,26.41,25.98,0.0,0.00,0.0,0.0,,0.0
162,2,2.00,1,21.25,26.17,25.75,0.0,0.00,0.0,0.0,,0.0
162,3,2.00,1,21.55,25.95,25.56,0.0,0.00,0.0,0.0,,0.0
162,4,2.00,1,21.73,25.75,25.38,0.0,0.00,0.0,-0.0,,0.0
162,5,2.00,1,21.42,25.54,25.18,0.0,0.00,0.0,-0.0,,0.0
162,6,2.00,1,21.31,25.34,24.99,0.0,0.00,0.0,-0.0,,0.0
162,7,2.00,1,21.26,25.14,24.81,0.0,0.00,0.0,-0.0,,0.0
162,8,2.00,1,21.12,26.06,25.78,0.0,0.00,0.0,0.0,,0.0
162,9,2.00,1,22.18,26.55,26.29,0.0,0.00,0.0,0.0,,0.0
162,10,2.00,1,22.95,26.99,26.73,0.0,0.00,0.0,0.0,,0.0
162,11,2.00,1,23.35,27.40,27.17,0.0,0.00,0.0,0.0,,0.0
162,12,2.00,1,23.98,27.89,27.41,-730.87,0.00,0.0,0.0,,-730.87
162,13,2.00,1,24.26,28.36,27.41,-1940.28,0.00,0.0,0.0,,-1940.28
162,14,2.00,1,24.53,28.83,27.41,-2920.29,0.00,0.0,0.0,,-2920.29
162,15,2.00,1,24.56,29.25,27.41,-3692.75,0.00,0.0,-600.81,,-4293.5599999999995
162,16,2.00,1,24.76,29.65,27.41,-4401.65,0.00,0.0,0.0,,-4401.65
162,17,2.00,1,23.91,29.85,27.41,-4469.75,0.00,0.0,-372.06,,-4841.81
162,18,2.00,1,23.04,29.92,27.41,-4288.32,0.00,0.0,0.0,,-4288.32
162,19,2.00,1,21.79,29.04,27.79,0.0,0.00,0.0,0.0,,0.0
162,20,2.00,1,20.38,28.50,27.55,0.0,0.00,0.0,0.0,,0.0
162,21,2.00,1,19.13,27.99,27.13,0.0,0.00,0.0,0.0,,0.0
162,22,2.00,1,18.17,27.47,26.68,0.0,0.00,0.0,0.0,,0.0
162,23,2.00,1,17.35,26.96,26.21,0.0,0.00,0.0,0.0,,0.0
162,24,2.00,1,16.63,26.46,25.74,0.0,0.00,0.0,0.0,,0.0
162,1,3.00,1,16.85,26.02,25.34,0.0,0.00,0.0,0.0,,0.0
162,2,3.00,1,16.93,25.62,24.97,0.0,0.00,0.0,0.0,,0.0
162,3,3.00,1,16.85,25.24,24.62,0.0,0.00,0.0,0.0,,0.0
162,4,3.00,1,16.98,24.89,24.30,0.0,0.00,0.0,0.0,,0.0
162,5,3.00,1,16.95,24.55,23.99,0.0,0.00,0.0,0.0,,0.0
162,6,3.00,1,16.82,24.23,23.70,0.0,0.00,0.0,0.0,,0.0
162,7,3.00,1,17.59,23.99,23.48,0.0,0.00,0.0,0.0,,0.0
162,8,3.00,1,18.51,24.79,24.34,0.0,0.00,0.0,0.0,,0.0
162,9,3.00,1,20.62,25.39,24.97,0.0,0.00,0.0,0.0,,0.0
162,10,3.00,1,22.15,25.96,25.57,0.0,0.00,0.0,0.0,,0.0
162,11,3.00,1,23.56,26.59,26.22,0.0,0.00,0.0,0.0,,0.0
162,12,3.00,1,24.72,27.25,26.91,0.0,0.00,0.0,0.0,,0.0
162,13,3.00,1,24.45,27.75,27.41,-14.85,0.00,0.0,0.0,,-14.85
162,14,3.00,1,24.30,28.20,27.41,-1375.66,0.00,0.0,0.0,,-1375.66
162,15,3.00,1,24.17,28.62,27.41,-2285.94,0.00,0.0,-11.11,,-2297.05
162,16,3.00,1,23.68,28.94,27.41,-2848.33,0.00,0.0,0.0,,-2848.33
162,17,3.00,1,22.99,29.14,27.41,-3084.22,0.00,0.0,0.0,,-3084.22
162,18,3.00,1,21.91,29.18,27.41,-2899.61,0.00,0.0,0.0,,-2899.61
162,19,3.00,1,21.09,28.36,27.43,0.0,0.00,0.0,0.0,,0.0
162,20,3.00,1,20.18,27.87,27.15,0.0,0.00,0.0,0.0,,0.0
162,21,3.00,1,19.69,27.44,26.80,0.0,0.00,0.0,0.0,,0.0
162,22,3.00,1,19.71,27.06,26.45,0.0,0.00,0.0,0.0,,0.0
162,23,3.00,1,19.30,26.68,26.10,0.0,0.00,0.0,0.0,,0.0
162,24,3.00,1,18.93,26.30,25.75,0.0,0.00,0.0,0.0,,0.0
162,1,4.00,1,18.94,25.96,25.43,0.0,0.00,0.0,0.0,,0.0
162,2,4.00,1,18.68,25.62,25.12,0.0,0.00,0.0,0.0,,0.0
162,3,4.00,1,18.33,25.28,24.81,0.0,0.00,0.0,0.0,,0.0
162,4,4.00,1,18.11,24.96,24.51,0.0,0.00,0.0,0.0,,0.0
162,5,4.00,1,17.64,24.64,24.20,0.0,0.00,0.0,0.0,,0.0
162,6,4.00,1,17.08,24.30,23.88,0.0,0.00,0.0,0.0,,0.0
162,7,4.00,1,16.91,23.99,23.59,0.0,0.00,0.0,0.0,,0.0
162,8,4.00,1,17.94,24.71,24.36,0.0,0.00,0.0,0.0,,0.0
162,9,4.00,1,20.05,25.27,24.94,0.0,0.00,0.0,0.0,,0.0
162,10,4.00,1,21.55,25.81,25.50,0.0,0.00,0.0,0.0,,0.0
162,11,4.00,1,22.93,26.41,26.12,0.0,0.00,0.0,0.0,,0.0
162,12,4.00,1,24.00,27.04,26.76,0.0,0.00,0.0,0.0,,0.0
162,13,4.00,1,24.53,27.63,27.37,0.0,0.00,0.0,0.0,,0.0
162,14,4.00,1,25.38,28.26,27.41,-1737.61,0.00,0.0,0.0,,-1737.61
162,15,4.00,1,26.06,28.88,27.41,-3116.79,0.00,0.0,-629.56,,-3746.35
162,16,4.00,1,25.69,29.32,27.41,-3848.58,0.00,0.0,-280.47,,-4129.05
162,17,4.00,1,25.04,29.62,27.41,-4209.07,0.00,0.0,0.0,,-4209.07
162,18,4.00,1,24.20,29.77,27.41,-4221.57,0.00,0.0,-812.39,,-5033.96
162,19,4.00,1,23.52,28.89,27.75,0.0,0.00,0.0,0.0,,0.0
162,20,4.00,1,22.60,28.44,27.59,0.0,0.00,0.0,0.0,,0.0
162,21,4.00,1,21.76,28.05,27.30,0.0,0.00,0.0,0.0,,0.0
162,22,4.00,1,21.51,27.69,26.99,0.0,0.00,0.0,0.0,,0.0
162,23,4.00,1,20.67,27.31,26.64,0.0,0.00,0.0,0.0,,0.0
162,24,4.00,1,19.88,26.92,26.28,0.0,0.00,0.0,0.0,,0.0
162,1,5.00,1,19.84,26.57,25.96,0.0,0.00,0.0,0.0,,0.0
162,2,5.00,1,19.49,26.22,25.64,0.0,0.00,0.0,0.0,,0.0
162,3,5.00,1,18.94,25.86,25.31,0.0,0.00,0.0,0.0,,0.0
162,4,5.00,1,18.74,25.53,25.00,0.0,0.00,0.0,0.0,,0.0
162,5,5.00,1,18.71,25.23,24.72,0.0,0.00,0.0,0.0,,0.0
162,6,5.00,1,18.26,24.91,24.43,0.0,0.00,0.0,0.0,,0.0
162,7,5.00,1,17.95,24.60,24.14,0.0,0.00,0.0,0.0,,0.0
162,8,5.00,1,19.17,25.39,24.99,0.0,0.00,0.0,0.0,,0.0
162,9,5.00,1,21.29,25.98,25.61,0.0,0.00,0.0,0.0,,0.0
162,10,5.00,1,22.23,26.46,26.10,0.0,0.00,0.0,0.0,,0.0
162,11,5.00,1,23.15,26.97,26.63,0.0,0.00,0.0,0.0,,0.0
162,12,5.00,1,23.84,27.50,27.19,0.0,0.00,0.0,0.0,,0.0
162,13,5.00,1,24.44,28.05,27.41,-984.05,0.00,0.0,0.0,,-984.05
162,14,5.00,1,25.10,28.63,27.41,-2426.3,0.00,0.0,0.0,,-2426.3
162,15,5.00,1,24.81,29.05,27.41,-3208.96,0.00,0.0,-273.65,,-3482.61
162,16,5.00,1,24.49,29.41,27.41,-3795.63,0.00,0.0,0.0,,-3795.63
162,17,5.00,1,23.96,29.65,27.41,-4069.46,0.00,0.0,0.0,,-4069.46
162,18,5.00,1,23.30,29.77,27.41,-4050.8,0.00,0.0,0.0,,-4050.8
162,19,5.00,1,22.84,28.95,27.76,0.0,0.00,0.0,0.0,,0.0
162,20,5.00,1,22.19,28.51,27.60,0.0,0.00,0.0,0.0,,0.0
162,21,5.00,1,21.64,28.13,27.31,0.0,0.00,0.0,0.0,,0.0
162,22,5.00,1,21.43,27.77,27.01,0.0,0.00,0.0,0.0,,0.0
162,23,5.00,1,20.88,27.40,26.68,0.0,0.00,0.0,0.0,,0.0
162,24,5.00,1,20.62,27.06,26.37,0.0,0.00,0.0,0.0,,0.0
162,1,6.00,1,20.49,26.73,26.07,0.0,0.00,0.0,0.0,,0.0
162,2,6.00,1,20.23,26.41,25.78,0.0,0.00,0.0,0.0,,0.0
162,3,6.00,1,19.77,26.09,25.49,0.0,0.00,0.0,0.0,,0.0
162,4,6.00,1,19.12,25.75,25.18,0.0,0.00,0.0,0.0,,0.0
162,5,6.00,1,18.62,25.41,24.87,0.0,0.00,0.0,0.0,,0.0
162,6,6.00,1,18.35,25.09,24.57,0.0,0.00,0.0,0.0,,0.0
162,7,6.00,1,19.03,24.85,24.35,0.0,0.00,0.0,0.0,,0.0
162,8,6.00,1,19.05,26.32,25.84,0.0,0.00,0.0,0.0,,0.0
162,9,6.00,1,20.95,26.96,26.50,0.0,0.00,0.0,0.0,,0.0
162,10,6.00,1,22.19,27.45,27.02,0.0,0.00,0.0,0.0,,0.0
162,11,6.00,1,22.79,27.95,27.53,0.0,0.00,0.0,0.0,,0.0
162,12,6.00,1,23.50,28.48,28.08,0.0,0.00,0.0,0.0,,0.0
162,13,6.00,1,23.75,29.03,28.64,0.0,0.00,0.0,0.0,,0.0
162,14,6.00,1,24.09,29.58,29.21,0.0,0.00,0.0,0.0,,0.0
162,15,6.00,1,24.34,30.11,29.76,0.0,0.00,0.0,0.0,,0.0
162,16,6.00,1,24.79,30.63,30.29,0.0,0.00,0.0,0.0,,0.0
162,17,6.00,1,24.24,31.03,30.70,0.0,0.00,0.0,0.0,,0.0
162,18,6.00,1,23.90,31.34,31.02,0.0,0.00,0.0,0.0,,0.0
162,19,6.00,1,23.27,29.83,29.52,0.0,0.00,0.0,0.0,,0.0
162,20,6.00,1,22.42,29.22,28.92,0.0,0.00,0.0,0.0,,0.0
162,21,6.00,1,21.72,28.76,28.48,0.0,0.00,0.0,0.0,,0.0
162,22,6.00,1,21.36,28.36,28.09,0.0,0.00,0.0,0.0,,0.0
162,23,6.00,1,20.83,27.96,27.70,0.0,0.00,0.0,0.0,,0.0
162,24,6.00,1,20.24,27.56,27.31,0.0,0.00,0.0,0.0,,0.0
162,1,7.00,1,20.23,27.20,26.96,0.0,0.00,0.0,0.0,,0.0
162,2,7.00,1,20.10,26.86,26.62,0.0,0.00,0.0,0.0,,0.0
162,3,7.00,1,19.54,26.50,26.27,0.0,0.00,0.0,0.0,,0.0
162,4,7.00,1,19.12,26.15,25.93,0.0,0.00,0.0,0.0,,0.0
162,5,7.00,1,18.79,25.81,25.59,0.0,0.00,0.0,0.0,,0.0
162,6,7.00,1,18.61,25.48,25.28,0.0,0.00,0.0,0.0,,0.0
162,7,7.00,1,18.43,25.17,24.97,0.0,0.00,0.0,0.0,,0.0
162,8,7.00,1,19.07,26.64,26.45,0.0,0.00,0.0,0.0,,0.0
162,9,7.00,1,20.82,27.26,27.07,0.0,0.00,0.0,0.0,,0.0
162,10,7.00,1,21.96,27.73,27.55,0.0,0.00,0.0,0.0,,0.0
162,11,7.00,1,23.04,28.24,28.06,0.0,0.00,0.0,0.0,,0.0
162,12,7.00,1,23.78,28.78,28.61,0.0,0.00,0.0,0.0,,0.0
162,13,7.00,1,24.08,29.33,29.16,0.0,0.00,0.0,0.0,,0.0
162,14,7.00,1,24.46,29.88,29.72,0.0,0.00,0.0,0.0,,0.0
162,15,7.00,1,24.70,30.42,30.26,0.0,0.00,0.0,0.0,,0.0
162,16,7.00,1,24.98,30.92,30.77,0.0,0.00,0.0,0.0,,0.0
162,17,7.00,1,24.43,31.31,31.17,0.0,0.00,0.0,0.0,,0.0
162,18,7.00,1,23.92,31.60,31.46,0.0,0.00,0.0,0.0,,0.0
162,19,7.00,1,23.08,30.07,29.93,0.0,0.00,0.0,0.0,,0.0
162,20,7.00,1,21.88,29.41,29.27,0.0,0.00,0.0,0.0,,0.0
162,21,7.00,1,21.01,28.91,28.78,0.0,0.00,0.0,0.0,,0.0
162,22,7.00,1,20.44,28.46,28.33,0.0,0.00,0.0,0.0,,0.0
162,23,7.00,1,20.36,28.05,27.92,0.0,0.00,0.0,0.0,,0.0
162,24,7.00,1,19.62,27.62,27.50,0.0,0.00,0.0,0.0,,0.0
162,1,1.00,1,18.94,27.19,27.07,0.0,0.00,0.0,0.0,,0.0
162,2,1.00,1,18.45,26.77,26.65,0.0,0.00,0.0,0.0,,0.0
162,3,1.00,1,17.93,26.35,26.23,0.0,0.00,0.0,0.0,,0.0
162,4,1.00,1,16.90,25.90,25.79,0.0,0.00,0.0,0.0,,0.0
162,5,1.00,1,16.31,25.46,25.35,0.0,0.00,0.0,0.0,,0.0
162,6,1.00,1,15.44,25.01,24.90,0.0,0.00,0.0,0.0,,0.0
162,7,1.00,1,15.94,24.65,24.54,0.0,0.00,0.0,0.0,,0.0
162,8,1.00,1,16.74,25.13,25.03,0.0,0.00,0.0,0.0,,0.0
162,9,1.00,1,18.93,25.60,25.50,0.0,0.00,0.0,0.0,,0.0
162,10,1.00,1,20.37,26.06,25.97,0.0,0.00,0.0,0.0,,0.0
162,11,1.00,1,21.98,26.62,26.54,0.0,0.00,0.0,0.0,,0.0
162,12,1.00,1,23.02,27.20,27.11,0.0,0.00,0.0,0.0,,0.0
162,13,1.00,1,23.67,27.76,27.41,-755.14,0.00,0.0,0.0,,-755.14
162,14,1.00,1,24.34,28.32,27.41,-2205.61,0.00,0.0,0.0,,-2205.61
162,15,1.00,1,24.87,28.87,27.41,-3326.16,0.00,0.0,0.0,,-3326.16
162,16,1.00,1,24.63,29.28,27.41,-3966.01,0.00,0.0,0.0,,-3966.01
162,17,1.00,1,24.14,29.56,27.41,-4280.89,0.00,0.0,0.0,,-4280.89
162,18,1.00,1,23.77,29.75,27.41,-4408.33,0.00,0.0,-504.73,,-4913.0599999999995
162,19,1.00,1,23.24,28.92,27.85,0.0,0.00,0.0,0.0,,0.0
162,20,1.00,1,22.34,28.48,27.71,0.0,0.00,0.0,0.0,,0.0
162,21,1.00,1,21.77,28.11,27.43,0.0,0.00,0.0,0.0,,0.0
162,22,1.00,1,21.03,27.73,27.10,0.0,0.00,0.0,0.0,,0.0
162,23,1.00,1,21.44,27.42,26.82,0.0,0.00,0.0,0.0,,0.0
162,24,1.00,1,21.08,27.10,26.53,0.0,0.00,0.0,0.0,,0.0
162,1,2.00,1,20.52,26.76,26.22,0.0,0.00,0.0,0.0,,0.0
162,2,2.00,1,19.91,26.42,25.91,0.0,0.00,0.0,0.0,,0.0
162,3,2.00,1,19.07,26.06,25.57,0.0,0.00,0.0,0.0,,0.0
162,4,2.00,1,18.51,25.70,25.23,0.0,0.00,0.0,0.0,,0.0
162,5,2.00,1,18.29,25.37,24.92,0.0,0.00,0.0,0.0,,0.0
162,6,2.00,1,17.96,25.04,24.61,0.0,0.00,0.0,0.0,,0.0
162,7,2.00,1,17.32,24.69,24.28,0.0,0.00,0.0,0.0,,0.0
162,8,2.00,1,17.99,25.31,24.96,0.0,0.00,0.0,0.0,,0.0
162,9,2.00,1,19.81,25.79,25.45,0.0,0.00,0.0,0.0,,0.0
162,10,2.00,1,21.01,26.24,25.92,0.0,0.00,0.0,0.0,,0.0
162,11,2.00,1,22.56,26.80,26.50,0.0,0.00,0.0,0.0,,0.0
162,12,2.00,1,24.07,27.46,27.18,0.0,0.00,0.0,0.0,,0.0
162,13,2.00,1,24.56,28.04,27.41,-1024.13,0.00,0.0,0.0,,-1024.13
162,14,2.00,1,25.17,28.62,27.41,-2474.66,0.00,0.0,0.0,,-2474.66
162,15,2.00,1,25.44,29.14,27.41,-3530.19,0.00,0.0,-1490.18,,-5020.37
162,16,2.00,1,24.44,29.44,27.41,-3864.73,0.00,0.0,0.0,,-3864.73
162,17,2.00,1,23.94,29.67,27.41,-4153.35,0.00,0.0,0.0,,-4153.35
162,18,2.00,1,23.42,29.82,27.41,-4199.29,0.00,0.0,-434.81,,-4634.1
162,19,2.00,1,22.83,29.00,27.79,0.0,0.00,0.0,0.0,,0.0
162,20,2.00,1,22.57,28.59,27.68,0.0,0.00,0.0,0.0,,0.0
162,21,2.00,1,22.44,28.25,27.44,0.0,0.00,0.0,0.0,,0.0
162,22,2.00,1,22.09,27.92,27.16,0.0,0.00,0.0,0.0,,0.0
162,23,2.00,1,22.08,27.62,26.90,0.0,0.00,0.0,0.0,,0.0
162,24,2.00,1,21.93,27.33,26.64,0.0,0.00,0.0,0.0,,0.0
162,1,3.00,1,21.81,27.05,26.39,0.0,0.00,0.0,0.0,,0.0
162,2,3.00,1,21.91,26.80,26.17,0.0,0.00,0.0,0.0,,0.0
162,3,3.00,1,21.92,26.56,25.96,0.0,0.00,0.0,0.0,,0.0
162,4,3.00,1,21.87,26.33,25.76,0.0,0.00,0.0,0.0,,0.0
162,5,3.00,1,21.93,26.12,25.58,0.0,0.00,0.0,-0.0,,0.0
162,6,3.00,1,21.37,25.89,25.37,0.0,0.00,0.0,-0.0,,0.0
162,7,3.00,1,21.45,25.68,25.18,0.0,0.00,0.0,-0.0,,0.0
162,8,3.00,1,21.30,26.56,26.12,0.0,0.00,0.0,0.0,,0.0
162,9,3.00,1,22.53,27.05,26.65,0.0,0.00,0.0,0.0,,0.0
162,10,3.00,1,23.36,27.49,27.11,0.0,0.00,0.0,0.0,,0.0
162,11,3.00,1,24.30,27.99,27.41,-634.36,0.00,0.0,0.0,,-634.36
162,12,3.00,1,24.35,28.42,27.41,-1757.94,0.00,0.0,0.0,,-1757.94
162,13,3.00,1,24.56,28.87,27.41,-2734.31,0.00,0.0,0.0,,-2734.31
162,14,3.00,1,24.67,29.30,27.41,-3579.42,0.00,0.0,0.0,,-3579.42
162,15,3.00,1,24.82,29.72,27.41,-4345.39,0.00,0.0,-850.3,,-5195.6900000000005
162,16,3.00,1,24.22,30.00,27.41,-4649.36,0.00,0.0,0.0,,-4649.36
162,17,3.00,1,23.46,30.15,27.41,-4676.1,0.00,0.0,0.0,,-4676.1
162,18,3.00,1,22.65,30.19,27.41,-4453.08,0.00,0.0,0.0,,-4453.08
162,19,3.00,1,21.51,29.36,27.87,0.0,0.00,0.0,0.0,,0.0
162,20,3.00,1,20.04,28.81,27.64,0.0,0.00,0.0,0.0,,0.0
162,21,3.00,1,18.74,28.27,27.21,0.0,0.00,0.0,0.0,,0.0
162,22,3.00,1,17.86,27.74,26.75,0.0,0.00,0.0,0.0,,0.0
162,23,3.00,1,17.13,27.22,26.28,0.0,0.00,0.0,0.0,,0.0
162,24,3.00,1,17.75,26.80,25.91,0.0,0.00,0.0,0.0,,0.0
162,1,4.00,1,18.07,26.42,25.57,0.0,0.00,0.0,0.0,,0.0
162,2,4.00,1,18.49,26.09,25.27,0.0,0.00,0.0,0.0,,0.0
162,3,4.00,1,18.94,25.79,25.02,0.0,0.00,0.0,0.0,,0.0
162,4,4.00,1,19.26,25.53,24.79,0.0,0.00,0.0,0.0,,0.0
162,5,4.00,1,19.71,25.30,24.59,0.0,0.00,0.0,0.0,,0.0
162,6,4.00,1,19.54,25.06,24.39,0.0,0.00,0.0,0.0,,0.0
162,7,4.00,1,19.77,24.85,24.21,0.0,0.00,0.0,0.0,,0.0
162,8,4.00,1,20.24,25.74,25.18,0.0,0.00,0.0,0.0,,0.0
162,9,4.00,1,21.95,26.32,25.80,0.0,0.00,0.0,0.0,,0.0
162,10,4.00,1,23.45,26.90,26.40,0.0,0.00,0.0,0.0,,0.0
162,11,4.00,1,24.44,27.47,27.00,0.0,0.00,0.0,0.0,,0.0
162,12,4.00,1,25.39,28.09,27.41,-677.87,0.00,0.0,0.0,,-677.87
162,13,4.00,1,24.78,28.51,27.41,-1784.49,0.00,0.0,0.0,,-1784.49
162,14,4.00,1,24.24,28.87,27.41,-2515.73,0.00,0.0,0.0,,-2515.73
162,15,4.00,1,23.62,29.17,27.41,-3043.68,0.00,0.0,0.0,,-3043.68
162,16,4.00,1,23.16,29.42,27.41,-3453.26,0.00,0.0,0.0,,-3453.26
162,17,4.00,1,22.29,29.54,27.41,-3472.63,0.00,0.0,0.0,,-3472.63
162,18,4.00,1,21.33,29.54,27.41,-3213.68,0.00,0.0,0.0,,-3213.68
162,19,4.00,1,20.25,28.74,27.55,0.0,0.00,0.0,0.0,,0.0
162,20,4.00,1,18.94,28.20,27.24,0.0,0.00,0.0,0.0,,0.0
162,21,4.00,1,17.84,27.67,26.79,0.0,0.00,0.0,0.0,,0.0
162,22,4.00,1,17.41,27.18,26.35,0.0,0.00,0.0,0.0,,0.0
162,23,4.00,1,16.95,26.69,25.91,0.0,0.00,0.0,0.0,,0.0
162,24,4.00,1,16.40,26.22,25.47,0.0,0.00,0.0,0.0,,0.0
162,1,5.00,1,16.66,25.81,25.09,0.0,0.00,0.0,0.0,,0.0
162,2,5.00,1,16.43,25.40,24.72,0.0,0.00,0.0,0.0,,0.0
162,3,5.00,1,16.03,25.00,24.35,0.0,0.00,0.0,0.0,,0.0
162,4,5.00,1,15.80,24.62,23.99,0.0,0.00,0.0,0.0,,0.0
162,5,5.00,1,15.95,24.27,23.68,0.0,0.00,0.0,0.0,,0.0
162,6,5.00,1,16.08,23.96,23.39,0.0,0.00,0.0,0.0,,0.0
162,7,5.00,1,16.26,23.67,23.12,0.0,0.00,0.0,0.0,,0.0
162,8,5.00,1,16.95,24.32,23.84,0.0,0.00,0.0,0.0,,0.0
162,9,5.00,1,18.76,24.81,24.37,0.0,0.00,0.0,0.0,,0.0
162,10,5.00,1,20.22,25.32,24.90,0.0,0.00,0.0,0.0,,0.0
162,11,5.00,1,21.70,25.91,25.51,0.0,0.00,0.0,0.0,,0.0
162,12,5.00,1,22.91,26.54,26.16,0.0,0.00,0.0,0.0,,0.0
162,13,5.00,1,23.65,27.16,26.80,0.0,0.00,0.0,0.0,,0.0
162,14,5.00,1,24.56,27.80,27.41,-135.01,0.00,0.0,0.0,,-135.01
162,15,5.00,1,25.22,28.42,27.41,-1934.64,0.00,0.0,0.0,,-1934.64
162,16,5.00,1,24.87,28.86,27.41,-2771.63,0.00,0.0,0.0,,-2771.63
162,17,5.00,1,24.18,29.15,27.41,-3191.7,0.00,0.0,0.0,,-3191.7
162,18,5.00,1,23.11,29.26,27.41,-3167.63,0.00,0.0,0.0,,-3167.63
162,19,5.00,1,22.09,28.40,27.45,0.0,0.00,0.0,0.0,,0.0
162,20,5.00,1,21.28,27.95,27.22,0.0,0.00,0.0,0.0,,0.0
162,21,5.00,1,20.60,27.55,26.90,0.0,0.00,0.0,0.0,,0.0
162,22,5.00,1,20.12,27.17,26.56,0.0,0.00,0.0,0.0,,0.0
162,23,5.00,1,20.17,26.83,26.25,0.0,0.00,0.0,0.0,,0.0
162,24,5.00,1,19.99,26.51,25.95,0.0,0.00,0.0,0.0,,0.0
162,1,6.00,1,19.73,26.19,25.65,0.0,0.00,0.0,0.0,,0.0
162,2,6.00,1,19.25,25.86,25.34,0.0,0.00,0.0,0.0,,0.0
162,3,6.00,1,18.87,25.54,25.04,0.0,0.00,0.0,0.0,,0.0
162,4,6.00,1,18.18,25.20,24.72,0.0,0.00,0.0,0.0,,0.0
162,5,6.00,1,17.38,24.84,24.39,0.0,0.00,0.0,0.0,,0.0
162,6,6.00,1,16.82,24.49,24.05,0.0,0.00,0.0,0.0,,0.0
162,7,6.00,1,16.39,24.14,23.72,0.0,0.00,0.0,0.0,,0.0
162,8,6.00,1,17.32,25.61,25.21,0.0,0.00,0.0,0.0,,0.0
162,9,6.00,1,19.15,26.22,25.84,0.0,0.00,0.0,0.0,,0.0
162,10,6.00,1,20.26,26.69,26.32,0.0,0.00,0.0,0.0,,0.0
162,11,6.00,1,22.44,27.26,26.91,0.0,0.00,0.0,0.0,,0.0
162,12,6.00,1,23.37,27.86,27.52,0.0,0.00,0.0,0.0,,0.0
162,13,6.00,1,24.18,28.49,28.16,0.0,0.00,0.0,0.0,,0.0
162,14,6.00,1,24.81,29.12,28.80,0.0,0.00,0.0,0.0,,0.0
162,15,6.00,1,25.68,29.77,29.46,0.0,0.00,0.0,0.0,,0.0
162,16,6.00,1,25.30,30.31,30.02,0.0,0.00,0.0,0.0,,0.0
162,17,6.00,1,24.74,30.75,30.47,0.0,0.00,0.0,0.0,,0.0
162,18,6.00,1,24.08,31.08,30.80,0.0,0.00,0.0,0.0,,0.0
162,19,6.00,1,23.52,29.60,29.33,0.0,0.00,0.0,0.0,,0.0
162,20,6.00,1,22.57,29.01,28.75,0.0,0.00,0.0,0.0,,0.0
162,21,6.00,1,21.71,28.57,28.32,0.0,0.00,0.0,0.0,,0.0
162,22,6.00,1,21.07,28.16,27.92,0.0,0.00,0.0,0.0,,0.0
162,23,6.00,1,20.63,27.77,27.53,0.0,0.00,0.0,0.0,,0.0
162,24,6.00,1,20.17,27.38,27.15,0.0,0.00,0.0,0.0,,0.0
162,1,7.00,1,19.88,27.02,26.79,0.0,0.00,0.0,0.0,,0.0
162,2,7.00,1,19.27,26.64,26.42,0.0,0.00,0.0,0.0,,0.0
162,3,7.00,1,18.88,26.27,26.06,0.0,0.00,0.0,0.0,,0.0
162,4,7.00,1,18.52,25.92,25.71,0.0,0.00,0.0,0.0,,0.0
162,5,7.00,1,18.22,25.57,25.37,0.0,0.00,0.0,0.0,,0.0
162,6,7.00,1,17.79,25.23,25.03,0.0,0.00,0.0,0.0,,0.0
162,7,7.00,1,17.35,24.88,24.69,0.0,0.00,0.0,0.0,,0.0
162,8,7.00,1,18.50,26.37,26.18,0.0,0.00,0.0,0.0,,0.0
162,9,7.00,1,20.52,27.00,26.82,0.0,0.00,0.0,0.0,,0.0
162,10,7.00,1,21.74,27.49,27.32,0.0,0.00,0.0,0.0,,0.0
162,11,7.00,1,22.90,28.01,27.84,0.0,0.00,0.0,0.0,,0.0
162,12,7.00,1,23.35,28.55,28.38,0.0,0.00,0.0,0.0,,0.0
162,13,7.00,1,24.32,29.15,28.98,0.0,0.00,0.0,0.0,,0.0
162,14,7.00,1,25.05,29.76,29.60,0.0,0.00,0.0,0.0,,0.0
162,15,7.00,1,25.73,30.36,30.21,0.0,0.00,0.0,0.0,,0.0
162,16,7.00,1,25.71,30.90,30.75,0.0,0.00,0.0,0.0,,0.0
162,17,7.00,1,25.59,31.36,31.21,0.0,0.00,0.0,0.0,,0.0
162,18,7.00,1,25.09,31.71,31.56,0.0,0.00,0.0,0.0,,0.0
162,19,7.00,1,24.60,30.24,30.10,0.0,0.00,0.0,0.0,,0.0
162,20,7.00,1,23.71,29.67,29.53,0.0,0.00,0.0,0.0,,0.0
162,21,7.00,1,23.13,29.26,29.12,0.0,0.00,0.0,0.0,,0.0
162,22,7.00,1,22.69,28.89,28.75,0.0,0.00,0.0,0.0,,0.0
162,23,7.00,1,23.39,28.61,28.47,0.0,0.00,0.0,0.0,,0.0
162,24,7.00,1,23.57,28.34,28.21,0.0,0.00,0.0,0.0,,0.0
162,1,1.00,1,23.50,28.08,27.95,0.0,0.00,0.0,0.0,,0.0
162,2,1.00,1,23.26,27.82,27.70,0.0,0.00,0.0,0.0,,0.0
162,3,1.00,1,23.10,27.57,27.45,0.0,0.00,0.0,0.0,,0.0
162,4,1.00,1,22.96,27.33,27.21,0.0,0.00,0.0,0.0,,0.0
162,5,1.00,1,22.85,27.10,26.98,0.0,0.00,0.0,0.0,,0.0
162,6,1.00,1,22.64,26.88,26.76,0.0,0.00,0.0,0.0,,0.0
162,7,1.00,1,22.41,26.65,26.53,0.0,0.00,0.0,-0.0,,0.0
162,8,1.00,1,22.67,27.57,27.41,-169.79,0.00,0.0,0.0,,-169.79
162,9,1.00,1,24.13,28.12,27.41,-1724.2,0.00,0.0,0.0,,-1724.2
162,10,1.00,1,24.48,28.51,27.41,-2422.59,0.00,0.0,-295.9,,-2718.4900000000002
162,11,1.00,1,25.62,29.03,27.41,-3543.14,0.00,0.0,-39.86,,-3583.0
162,12,1.00,1,25.64,29.46,27.41,-4259.1,0.00,0.0,-435.02,,-4694.120000000001
162,13,1.00,1,25.53,29.86,27.41,-4897.07,0.00,0.0,0.0,,-4897.07
162,14,1.00,1,25.60,30.27,27.41,-5544.66,0.00,0.0,0.0,,-5544.66
162,15,1.00,1,25.87,30.69,27.41,-6202.13,0.00,0.0,-2241.4,,-8443.53
162,16,1.00,1,25.16,30.95,27.41,-6329.51,0.00,0.0,-703.53,,-7033.04
162,17,1.00,1,24.30,31.07,27.41,-6189.2,0.00,0.0,-371.33,,-6560.53
162,18,1.00,1,23.21,31.05,27.41,-5734.05,0.00,0.0,-645.79,,-6379.84
162,19,1.00,1,22.17,30.23,28.26,0.0,0.00,0.0,0.0,,0.0
162,20,1.00,1,20.89,29.67,28.13,0.0,0.00,0.0,0.0,,0.0
162,21,1.00,1,19.86,29.15,27.75,0.0,0.00,0.0,0.0,,0.0
162,22,1.00,1,18.94,28.62,27.31,0.0,0.00,0.0,0.0,,0.0
162,23,1.00,1,18.43,28.12,26.88,0.0,0.00,0.0,0.0,,0.0
162,24,1.00,1,17.49,27.60,26.42,0.0,0.00,0.0,0.0,,0.0
162,1,2.00,1,17.30,27.12,26.00,0.0,0.00,0.0,0.0,,0.0
162,2,2.00,1,17.50,26.70,25.63,0.0,0.00,0.0,0.0,,0.0
162,3,2.00,1,17.36,26.29,25.27,0.0,0.00,0.0,0.0,,0.0
162,4,2.00,1,17.74,25.94,24.97,0.0,0.00,0.0,0.0,,0.0
162,5,2.00,1,17.69,25.60,24.67,0.0,0.00,0.0,0.0,,0.0
162,6,2.00,1,17.76,25.28,24.39,0.0,0.00,0.0,0.0,,0.0
162,7,2.00,1,18.08,25.00,24.16,0.0,0.00,0.0,0.0,,0.0
162,8,2.00,1,18.80,25.70,24.97,0.0,0.00,0.0,0.0,,0.0
162,9,2.00,1,20.56,26.20,25.52,0.0,0.00,0.0,0.0,,0.0
162,10,2.00,1,21.65,26.66,26.02,0.0,0.00,0.0,0.0,,0.0
162,11,2.00,1,22.55,27.14,26.54,0.0,0.00,0.0,0.0,,0.0
162,12,2.00,1,23.11,27.63,27.05,0.0,0.00,0.0,0.0,,0.0
162,13,2.00,1,23.75,28.16,27.41,-576.55,0.00,0.0,0.0,,-576.55
162,14,2.00,1,24.05,28.65,27.41,-1925.58,0.00,0.0,0.0,,-1925.58
162,15,2.00,1,24.53,29.15,27.41,-3029.19,0.00,0.0,0.0,,-3029.19
162,16,2.00,1,24.96,29.62,27.41,-3973.12,0.00,0.0,0.0,,-3973.12
162,17,2.00,1,24.65,29.94,27.41,-4409.82,0.00,0.0,0.0,,-4409.82
162,18,2.00,1,24.13,30.13,27.41,-4524.11,0.00,0.0,-415.65,,-4939.759999999999
162,19,2.00,1,23.42,29.28,27.86,0.0,0.00,0.0,0.0,,0.0
162,20,2.00,1,22.45,28.84,27.73,0.0,0.00,0.0,0.0,,0.0
162,21,2.00,1,21.81,28.45,27.45,0.0,0.00,0.0,0.0,,0.0
162,22,2.00,1,21.20,28.07,27.13,0.0,0.00,0.0,0.0,,0.0
162,23,2.00,1,21.03,27.72,26.82,0.0,0.00,0.0,0.0,,0.0
162,24,2.00,1,20.19,27.33,26.48,0.0,0.00,0.0,0.0,,0.0
162,1,3.00,1,19.21,26.92,26.11,0.0,0.00,0.0,0.0,,0.0
162,2,3.00,1,18.55,26.52,25.74,0.0,0.00,0.0,0.0,,0.0
162,3,3.00,1,18.62,26.17,25.42,0.0,0.00,0.0,0.0,,0.0
162,4,3.00,1,18.71,25.85,25.13,0.0,0.00,0.0,0.0,,0.0
162,5,3.00,1,17.95,25.49,24.81,0.0,0.00,0.0,0.0,,0.0
162,6,3.00,1,17.49,25.14,24.49,0.0,0.00,0.0,0.0,,0.0
162,7,3.00,1,17.88,24.85,24.23,0.0,0.00,0.0,0.0,,0.0
162,8,3.00,1,18.48,25.52,24.98,0.0,0.00,0.0,0.0,,0.0
162,9,3.00,1,20.38,26.04,25.53,0.0,0.00,0.0,0.0,,0.0
162,10,3.00,1,21.72,26.53,26.05,0.0,0.00,0.0,0.0,,0.0
162,11,3.00,1,22.69,27.04,26.58,0.0,0.00,0.0,0.0,,0.0
162,12,3.00,1,23.48,27.57,27.14,0.0,0.00,0.0,0.0,,0.0
162,13,3.00,1,24.12,28.13,27.41,-871.12,0.00,0.0,0.0,,-871.12
162,14,3.00,1,24.90,28.71,27.41,-2395.6,0.00,0.0,0.0,,-2395.6
162,15,3.00,1,25.81,29.33,27.41,-3722.53,0.00,0.0,-900.95,,-4623.4800000000005
162,16,3.00,1,25.13,29.70,27.41,-4229.09,0.00,0.0,0.0,,-4229.09
162,17,3.00,1,24.73,29.98,27.41,-4605.3,0.00,0.0,-83.1,,-4688.400000000001
162,18,3.00,1,23.91,30.12,27.41,-4563.24,0.00,0.0,-831.57,,-5394.8099999999995
162,19,3.00,1,22.84,29.25,27.85,0.0,0.00,0.0,0.0,,0.0
162,20,3.00,1,22.38,28.81,27.74,0.0,0.00,0.0,0.0,,0.0
162,21,3.00,1,22.31,28.47,27.50,0.0,0.00,0.0,0.0,,0.0
162,22,3.00,1,21.65,28.10,27.19,0.0,0.00,0.0,0.0,,0.0
162,23,3.00,1,21.96,27.80,26.94,0.0,0.00,0.0,0.0,,0.0
162,24,3.00,1,21.85,27.50,26.68,0.0,0.00,0.0,0.0,,0.0
162,1,4.00,1,21.83,27.23,26.44,0.0,0.00,0.0,0.0,,0.0
162,2,4.00,1,21.66,26.96,26.20,0.0,0.00,0.0,0.0,,0.0
162,3,4.00,1,21.08,26.66,25.94,0.0,0.00,0.0,0.0,,0.0
162,4,4.00,1,20.17,26.34,25.65,0.0,0.00,0.0,0.0,,0.0
162,5,4.00,1,19.28,26.00,25.34,0.0,0.00,0.0,0.0,,0.0
162,6,4.00,1,18.52,25.64,25.01,0.0,0.00,0.0,0.0,,0.0
162,7,4.00,1,18.27,25.32,24.71,0.0,0.00,0.0,0.0,,0.0
162,8,4.00,1,18.91,25.97,25.44,0.0,0.00,0.0,0.0,,0.0
162,9,4.00,1,20.84,26.48,25.98,0.0,0.00,0.0,0.0,,0.0
162,10,4.00,1,22.05,26.94,26.47,0.0,0.00,0.0,0.0,,0.0
162,11,4.00,1,23.22,27.46,27.02,0.0,0.00,0.0,0.0,,0.0
162,12,4.00,1,24.12,28.02,27.41,-530.34,0.00,0.0,0.0,,-530.34
162,13,4.00,1,25.00,28.61,27.41,-2171.93,0.00,0.0,0.0,,-2171.93
162,14,4.00,1,25.76,29.21,27.41,-3467.04,0.00,0.0,0.0,,-3467.04
162,15,4.00,1,26.36,29.79,27.41,-4603.84,0.00,0.0,-1516.82,,-6120.66
162,16,4.00,1,25.88,30.18,27.41,-5134.91,0.00,0.0,-609.18,,-5744.09
162,17,4.00,1,25.52,30.48,27.41,-5491.59,0.00,0.0,-687.3,,-6178.89
162,18,4.00,1,24.93,30.66,27.41,-5517.66,0.00,0.0,-1537.19,,-7054.85
162,19,4.00,1,24.41,29.81,28.14,0.0,0.00,0.0,0.0,,0.0
162,20,4.00,1,23.07,29.34,28.06,0.0,0.00,0.0,0.0,,0.0
162,21,4.00,1,22.27,28.94,27.78,0.0,0.00,0.0,0.0,,0.0
162,22,4.00,1,21.21,28.51,27.43,0.0,0.00,0.0,0.0,,0.0
162,23,4.00,1,20.83,28.11,27.09,0.0,0.00,0.0,0.0,,0.0
162,24,4.00,1,20.35,27.72,26.74,0.0,0.00,0.0,0.0,,0.0
162,1,5.00,1,19.86,27.33,26.40,0.0,0.00,0.0,0.0,,0.0
162,2,5.00,1,19.48,26.95,26.06,0.0,0.00,0.0,0.0,,0.0
162,3,5.00,1,19.11,26.59,25.74,0.0,0.00,0.0,0.0,,0.0
162,4,5.00,1,19.74,26.30,25.48,0.0,0.00,0.0,0.0,,0.0
162,5,5.00,1,19.79,26.02,25.24,0.0,0.00,0.0,0.0,,0.0
162,6,5.00,1,20.24,25.79,25.04,0.0,0.00,0.0,0.0,,0.0
162,7,5.00,1,20.42,25.57,24.85,0.0,0.00,0.0,0.0,,0.0
162,8,5.00,1,20.86,26.43,25.81,0.0,0.00,0.0,0.0,,0.0
162,9,5.00,1,22.60,27.01,26.43,0.0,0.00,0.0,0.0,,0.0
162,10,5.00,1,23.73,27.52,26.97,0.0,0.00,0.0,0.0,,0.0
162,11,5.00,1,24.73,28.07,27.41,-390.56,0.00,0.0,0.0,,-390.56
162,12,5.00,1,25.19,28.59,27.41,-1878.21,0.00,0.0,0.0,,-1878.21
162,13,5.00,1,25.57,29.12,27.41,-3032.81,0.00,0.0,0.0,,-3032.81
162,14,5.00,1,26.00,29.65,27.41,-4122.02,0.00,0.0,-451.03,,-4573.05
162,15,5.00,1,26.33,30.16,27.41,-5068.61,0.00,0.0,-2632.55,,-7701.16
162,16,5.00,1,25.85,30.52,27.41,-5522.52,0.00,0.0,-1145.75,,-6668.27
162,17,5.00,1,25.12,30.74,27.41,-5647.88,0.00,0.0,-675.03,,-6322.91
162,18,5.00,1,24.06,30.80,27.41,-5387.25,0.00,0.0,-894.21,,-6281.46
162,19,5.00,1,23.46,29.96,28.14,0.0,0.00,0.0,0.0,,0.0
162,20,5.00,1,22.30,29.47,28.04,0.0,0.00,0.0,0.0,,0.0
162,21,5.00,1,21.40,29.03,27.72,0.0,0.00,0.0,0.0,,0.0
162,22,5.00,1,20.80,28.60,27.37,0.0,0.00,0.0,0.0,,0.0
162,23,5.00,1,20.59,28.19,27.03,0.0,0.00,0.0,0.0,,0.0
162,24,5.00,1,20.04,27.79,26.68,0.0,0.00,0.0,0.0,,0.0
162,1,6.00,1,19.51,27.38,26.32,0.0,0.00,0.0,0.0,,0.0
162,2,6.00,1,18.66,26.96,25.95,0.0,0.00,0.0,0.0,,0.0
162,3,6.00,1,17.77,26.52,25.55,0.0,0.00,0.0,0.0,,0.0
162,4,6.00,1,17.22,26.09,25.17,0.0,0.00,0.0,0.0,,0.0
162,5,6.00,1,17.69,25.75,24.87,0.0,0.00,0.0,0.0,,0.0
162,6,6.00,1,18.03,25.44,24.59,0.0,0.00,0.0,0.0,,0.0
162,7,6.00,1,18.69,25.19,24.38,0.0,0.00,0.0,0.0,,0.0
162,8,6.00,1,19.43,26.70,25.92,0.0,0.00,0.0,0.0,,0.0
162,9,6.00,1,21.14,27.34,26.60,0.0,0.00,0.0,0.0,,0.0
162,10,6.00,1,22.08,27.82,27.11,0.0,0.00,0.0,0.0,,0.0
162,11,6.00,1,22.67,28.31,27.63,0.0,0.00,0.0,0.0,,0.0
162,12,6.00,1,23.49,28.85,28.19,0.0,0.00,0.0,0.0,,0.0
162,13,6.00,1,24.25,29.43,28.80,0.0,0.00,0.0,0.0,,0.0
162,14,6.00,1,24.90,30.02,29.41,0.0,0.00,0.0,0.0,,0.0
162,15,6.00,1,25.93,30.63,30.06,0.0,0.00,0.0,0.0,,0.0
162,16,6.00,1,24.84,31.10,30.54,0.0,0.00,0.0,0.0,,0.0
162,17,6.00,1,23.64,31.44,30.90,0.0,0.00,0.0,0.0,,0.0
162,18,6.00,1,22.52,31.65,31.14,0.0,0.00,0.0,0.0,,0.0
162,19,6.00,1,21.25,30.03,29.54,0.0,0.00,0.0,0.0,,0.0
162,20,6.00,1,20.19,29.32,28.84,0.0,0.00,0.0,0.0,,0.0
162,21,6.00,1,19.55,28.79,28.33,0.0,0.00,0.0,0.0,,0.0
162,22,6.00,1,19.11,28.31,27.86,0.0,0.00,0.0,0.0,,0.0
162,23,6.00,1,18.44,27.82,27.39,0.0,0.00,0.0,0.0,,0.0
162,24,6.00,1,17.65,27.34,26.92,0.0,0.00,0.0,0.0,,0.0
162,1,7.00,1,16.82,26.84,26.44,0.0,0.00,0.0,0.0,,0.0
162,2,7.00,1,16.42,26.37,25.99,0.0,0.00,0.0,0.0,,0.0
162,3,7.00,1,15.76,25.90,25.53,0.0,0.00,0.0,0.0,,0.0
162,4,7.00,1,16.26,25.51,25.15,0.0,0.00,0.0,0.0,,0.0
162,5,7.00,1,17.07,25.20,24.85,0.0,0.00,0.0,0.0,,0.0
162,6,7.00,1,17.49,24.91,24.57,0.0,0.00,0.0,0.0,,0.0
162,7,7.00,1,18.02,24.67,24.34,0.0,0.00,0.0,0.0,,0.0
162,8,7.00,1,18.42,26.16,25.84,0.0,0.00,0.0,0.0,,0.0
162,9,7.00,1,20.39,26.81,26.50,0.0,0.00,0.0,0.0,,0.0
162,10,7.00,1,21.59,27.32,27.02,0.0,0.00,0.0,0.0,,0.0
162,11,7.00,1,22.62,27.85,27.56,0.0,0.00,0.0,0.0,,0.0
162,12,7.00,1,23.16,28.40,28.12,0.0,0.00,0.0,0.0,,0.0
162,13,7.00,1,23.53,28.97,28.69,0.0,0.00,0.0,0.0,,0.0
162,14,7.00,1,24.02,29.54,29.27,0.0,0.00,0.0,0.0,,0.0
162,15,7.00,1,24.62,30.12,29.86,0.0,0.00,0.0,0.0,,0.0
162,16,7.00,1,25.21,30.68,30.43,0.0,0.00,0.0,0.0,,0.0
162,17,7.00,1,25.78,31.19,30.95,0.0,0.00,0.0,0.0,,0.0
162,18,7.00,1,24.48,31.51,31.27,0.0,0.00,0.0,0.0,,0.0
162,19,7.00,1,23.30,29.99,29.76,0.0,0.00,0.0,0.0,,0.0
162,20,7.00,1,22.11,29.36,29.13,0.0,0.00,0.0,0.0,,0.0
162,21,7.00,1,21.27,28.89,28.67,0.0,0.00,0.0,0.0,,0.0
162,22,7.00,1,20.55,28.45,28.23,0.0,0.00,0.0,0.0,,0.0
162,23,7.00,1,20.21,28.04,27.82,0.0,0.00,0.0,0.0,,0.0
162,24,7.00,1,19.74,27.63,27.42,0.0,0.00,0.0,0.0,,0.0
162,1,1.00,2,19.06,27.21,27.01,0.0,0.00,0.0,0.0,,0.0
162,2,1.00,2,18.60,26.81,26.61,0.0,0.00,0.0,0.0,,0.0
162,3,1.00,2,17.66,26.38,26.18,0.0,0.00,0.0,0.0,,0.0
162,4,1.00,2,16.64,25.93,25.74,0.0,0.00,0.0,0.0,,0.0
162,5,1.00,2,15.66,25.46,25.27,0.0,0.00,0.0,0.0,,0.0
162,6,1.00,2,14.94,25.01,24.82,0.0,0.00,0.0,0.0,,0.0
162,7,1.00,2,15.78,24.66,24.47,0.0,0.00,0.0,0.0,,0.0
162,8,1.00,2,16.85,25.17,25.00,0.0,0.00,0.0,0.0,,0.0
162,9,1.00,2,19.30,25.68,25.53,0.0,0.00,0.0,0.0,,0.0
162,10,1.00,2,20.60,26.14,25.99,0.0,0.00,0.0,0.0,,0.0
162,11,1.00,2,22.05,26.69,26.54,0.0,0.00,0.0,0.0,,0.0
162,12,1.00,2,23.05,27.27,26.98,-438.32,0.00,0.0,0.0,,-438.32
162,13,1.00,2,23.88,27.89,26.98,-2132.7,0.00,0.0,0.0,,-2132.7
162,14,1.00,2,24.66,28.54,26.98,-3520.96,0.00,0.0,0.0,,-3520.96
162,15,1.00,2,25.68,29.23,26.98,-4915.95,0.00,0.0,-1961.23,,-6877.18
162,16,1.00,2,26.51,29.88,26.98,-6085.32,0.00,0.0,-832.96,,-6918.28
162,17,1.00,2,26.08,30.29,26.98,-6488.32,0.00,0.0,-1401.79,,-7890.11
162,18,1.00,2,25.21,30.48,26.98,-6410.22,0.00,0.0,-2063.19,,-8473.41
162,19,1.00,2,24.31,29.58,27.93,0.0,0.00,0.0,0.0,,0.0
162,20,1.00,2,23.14,29.11,27.91,0.0,0.00,0.0,0.0,,0.0
162,21,1.00,2,22.17,28.71,27.64,0.0,0.00,0.0,0.0,,0.0
162,22,1.00,2,21.31,28.30,27.30,0.0,0.00,0.0,0.0,,0.0
162,23,1.00,2,21.10,27.93,26.98,0.0,0.00,0.0,0.0,,0.0
162,24,1.00,2,20.91,27.58,26.68,0.0,0.00,0.0,0.0,,0.0
